CNC(=O)c1cccc2c(Nc3ccc(NS(C)(=O)=O)cc3OC)c3cccc(C)c3nc12,[-0.6004489   0.99400926 -0.8940585  -0.70460784  0.58898216]
CC1CCCCOC1=O,[ 0.72295356 -1.         -0.6206562  -0.5157748  -0.14896348]
N[C@H]1CCN(c2c(Cl)cccc2/C=C2\SC(=O)NC2=O)C1,[-0.01999657  0.70213956 -0.81104743 -0.8871413  -0.1885308 ]
c1ccc2c(c1)CC(N1CCN(c3cccc4c3OCCO4)CC1)C2,[ 0.03627983  0.8642417  -0.74260736 -0.7488481  -0.18978502]
Oc1ccc2[nH]c(C(F)(F)F)nc2c1,[-0.09550496  0.8644499  -0.70232016 -0.62908864 -0.24492021]
CCCN(CCC)c1c([N+](=O)[O-])cc(C)cc1[N+](=O)[O-],[ 0.32935235  0.79339725 -0.46683672 -0.49775377 -0.00820083]
Cc1c(Sc2ccc(Cl)cc2)c2c(-c3cnccn3)cccc2n1CC(=O)O,[-0.4306131   0.6250109  -0.9123724  -0.8599015  -0.02784967]
CCCCCCCCCCCCCCCCCC(=O)Cl,[ 0.6291679   0.86426145 -0.91164255 -0.5654339  -0.01575116]
COc1ccc(N)c([N+](=O)[O-])c1,[ 0.12549159  0.8247759  -0.7168445  -0.8444862  -0.18039253]
CC(=O)N[C@H](C)C(=O)NCCc1ccccc1,[ 0.49652082  0.30793807 -1.         -0.65408236 -0.16437206]
OCCNCCOc1ccc(C(=C(c2ccccc2)C(F)(F)F)c2ccccc2)cc1,[ 0.30601266  0.7611136  -0.9376354  -0.7135138  -0.19306584]
O=c1[nH]c2ccccc2n1CCCN1CCN(C(c2ccccc2)c2ccccc2)CC1,[ 0.29926655  0.71948975  0.39312097 -0.5770979  -0.05617438]
CNCC(O)c1cccc(O)c1,[-0.11829025  0.7004432   0.16006921 -0.75143546 -0.44760022]
CC(=O)Oc1cccc(Oc2ccc(C(F)(F)F)cc2Cl)c1,[ 0.66330963  1.         -0.8065476  -0.6100716  -0.02974495]
CN(C)C(=O)Nc1ccc(Cl)cc1,[ 0.42265457  0.7775251  -0.7350682  -0.81880087  0.05499686]
c1cc(-c2ccc3nc(Nc4ccc(OCCN5CCCC5)cc4)ncc3c2)ccn1,[ 0.0391653   0.5871275  -1.         -0.53418386 -0.22436123]
CC(C)(C)CC(=O)Nc1c(F)cc(C(=O)Nc2nccs2)cc1F,[ 0.2659864   1.          0.58535564 -0.3112002  -0.41059765]
CCC(C)C(CC)C(N)=O,[ 0.06273745  0.87312186  0.727504   -1.          0.5379756 ]
O=C(OCCc1ccccc1)c1ccccc1,[ 0.5226381   0.41668305 -0.77513653  0.23869267  0.06009755]
C[C@@H]1NC(=O)[C@@H](C)N(C)C(=O)[C@H](C)N(C)C(=O)[C@@H](C)N(C)C(=O)[C@@H](C)N(C)C(=O)[C@H](C)NC1=O,[-0.19383061  0.94197255 -0.6410849  -0.8747631  -0.11475224]
CN(C)N=Nc1ccc(I)cc1,[-0.19679949 -0.5109623  -0.70309865 -0.9290851  -0.17884813]
COP(=S)(OC)SCc1nc(N)nc(N)n1,[ 0.06650154  0.6549613  -0.41362152 -0.34409997  0.9600248 ]
CCCCC(CC)(C(=O)OCC)C(=O)OCCN(CC)CC,[ 0.22526395  0.83307046 -0.96868235 -0.9335882   0.25699916]
Nc1ccc(Cl)cc1Cl,[ 0.5462249   0.8447599  -0.8484737  -0.72267747 -0.51992315]
O=P(O)(O)C(O)(Cn1ccnc1)P(=O)(O)O,[-0.46446952  0.6500537  -0.8785147  -0.7959421  -0.05856897]
CC1CCN(C(=O)CC(Cc2cccc(C(=N)N)c2)NS(=O)(=O)c2ccc3ccccc3c2)CC1,[ 0.19165538  0.83869874 -0.94056505 -0.5780555  -0.01207626]
C1=CC2C3C=CC(C3)C2C1,[ 0.20701385  0.6915825  -0.4005228  -0.75772244 -0.4146604 ]
CCN1C(=O)C=CC1=O,[-0.08492414  0.9146221  -0.61188096 -0.82202053 -0.18366307]
C=CC(=O)OCCOC(=O)c1ccc(C(=O)O)cc1C(=O)O,[-0.11877384  0.23721334  0.53367543 -0.5408841   0.20909636]
CCOC(=O)COC(=O)c1cc(Oc2ccc(C(F)(F)F)cc2Cl)ccc1[N+](=O)[O-],[ 0.24048482 -0.61271495 -0.296549   -0.1923302   0.13738145]
CN(C)CCCNCCCN(C)C,[ 0.11767145  0.25904247 -0.8926713   0.5688734   0.07893601]
O=C(Cl)CCl,[ 0.56165653  0.75866944 -0.7458284  -0.7145705   0.92965716]
NC(=S)Cc1cccc2ccccc12,[ 0.143231   -0.38304594 -0.55975056 -0.5715815  -0.37038228]
C[C@@H](O)[C@H]1C(=O)N2C(C(=O)O)=C(SCCNC=N)C[C@H]12,[ 0.31057286 -0.34814537 -0.68947816 -0.5315259  -0.35095173]
C/C([O-])=C(\C#N)C(=O)Nc1ccc(C(F)(F)F)cc1,[ 0.5590216   0.50698096 -0.90512466 -1.         -0.13523644]
Cc1ccc(NC(=O)c2ccc(C#N)cc2)cc1-n1cnc2ccc(N3CCN(C)CC3)cc2c1=O,[ 0.15501419  0.8949022  -0.6228283  -0.7591491  -0.23036607]
CCc1nc2cc(O)ccc2c(Oc2ccc(/C=C/C(=O)O)cc2)c1-c1ccccc1,[-0.15582947  0.8511738  -0.6038294  -0.6704569   0.27574265]
CCCSP(C)(=S)SC(CC(=O)OCC)C(=O)OCC,[-0.16786624  0.9338884  -0.67124856 -0.71255225  0.1135429 ]
CCN1CN(CO)C(=O)N(CO)C1,[ 0.46745086  0.4736646  -0.7896662  -0.7642424  -0.45765135]
COc1ccc(-c2cc(=O)c3ccc(OC)cc3o2)cc1,[ 0.2291761   0.79986435 -0.71239865 -0.8403764   0.30093834]
O=C(COc1ccc(Cc2ccc(Cl)cc2)cc1)OCc1cccnc1,[-0.31449398  0.82508683 -0.7847336  -0.77540237  0.11929303]
CC=CC=CC=O,[ 0.30869672  0.48934978 -0.8056029  -0.20950739 -0.40237567]
C=CCNC(=S)Nc1ccccc1,[-0.05906001 -1.         -0.5953265  -0.35564575  0.34071997]
CCS(=O)CCSP(=O)(OC)OC,[ 0.19704975  0.7277304   0.3277505  -0.7881135  -0.13650358]
[NH3+]C(C(=O)NC1C(=O)N2C(C(=O)[O-])=C(CSc3c[n-]nn3)CSC12)c1ccc(O)cc1,[ 0.13530287  1.         -0.17109561  0.10754873  0.0217214 ]
Cc1ccsc1C(=CCC[NH+]1CCCC(C(=O)[O-])C1)c1sccc1C,[-0.3435553   0.78679824 -0.9450972  -0.8602708   0.46201807]
CCCCOC(=O)C1CC1OCCCC,[ 0.23267984  0.6782381  -0.83892775 -1.          0.26917958]
NC(=O)Nc1cccc2c3c([nH]c12)CCCC3,[ 0.56216115  0.4170686  -0.962995   -0.28898904 -0.0937778 ]
CC(C)Oc1cc(-n2cnc3ccc(N[C@@H](CO)c4ccc(F)cn4)nc32)n[nH]1,[-0.56929433  0.7518182  -0.5240214  -0.6374909  -0.11366048]
COc1ccc(Oc2ccc(NC(=O)N(C)C)cc2)cc1,[ 0.1374588   0.92583686  0.01765806 -0.53773063 -0.3529894 ]
FC1(F)CC(C2CC3(Cl)C(Cl)=C(Cl)C2(Cl)C3(Cl)Cl)C1(F)F,[ 0.54454786  0.82530284 -0.9262025  -0.3842509   0.298785  ]
C=C(Cl)C#N,[ 0.15168832  0.96593714 -1.         -0.22728622 -0.34313974]
CN(C)c1ccc(N=Nc2ccccc2)cc1,[ 0.20068833  0.9128212  -0.94739795 -0.91713333 -0.14940304]
CC(C(O)c1ccc(O)cc1)[NH+]1CCC(O)(c2ccccc2)CC1,[-0.12116797  0.9883676  -0.6619869  -0.673656   -0.07701698]
CN(C)C(=O)C(CCN1CCC(O)(c2ccc(Cl)cc2)CC1)(c1ccccc1)c1ccccc1,[ 0.23699479  0.56593597 -0.85960776 -0.12533863 -0.3504223 ]
CC(C)C(O)(c1ccc(OC(F)(F)F)cc1)c1cncnc1,[-0.40465686  0.91467375 -0.62055373 -0.31283653  0.0059882 ]
C=C(CC(=O)c1ccc(-c2ccccc2Cl)cc1)C(=O)O,[ 0.28810284  0.6413888  -0.9647821  -0.504412    0.46655756]
CCOP(=O)(OCC)Oc1nc(Cl)c(Cl)cc1Cl,[ 0.03486598  0.61697024 -0.7492961  -0.8595699  -0.3370822 ]
CC=CC(C)=O,[ 0.58182085  0.7159257   0.14995764 -0.45578188 -0.6258161 ]
O=C(Nc1ccc(Cl)c(C(=O)Nc2cccnc2)c1)c1cccc(C(F)(F)F)c1,[ 0.37104464  0.8998808  -1.         -0.6896255  -0.51555556]
CC1CCCCC1NC(=O)Nc1ccccc1,[ 0.35280263  0.58289427 -0.65772253 -0.8660051  -0.2747324 ]
CN(C)NC(=O)CCC(=O)O,[-0.04167098  0.26736438 -0.69745755 -0.41833153 -0.09112566]
O=CCc1ccccc1,[ 0.01690712 -0.12922876 -0.8774435   0.432857   -0.21540555]
Cc1ncccc1Oc1ncnc(OC2CCN(C(=O)OC(C)C)CC2)c1C,[ 0.32052073  0.4392635  -0.6053334   0.44229192 -0.06683645]
Cc1nccc(-c2ccc(-c3nc4ccncc4c(O)c3C#N)cc2)c1Cl,[ 0.23524018  0.86093426  0.26684543 -0.68260664 -0.13226534]
CCn1cc(C(=O)O)c(=O)c2cc(F)c(N3CCN(C)CC3)cc21,[ 0.08419254  0.8709875  -1.         -0.61451775  0.53586847]
O=c1[nH]cnc2c1ncn2[C@H]1CC[C@@H](CO)O1,[-0.41635174  0.7576995  -0.7546175  -0.7123799  -0.10097118]
C[NH+]1CCc2cccc3c2C1Cc1ccc(O)c(O)c1-3,[ 0.08316943  0.57898116 -0.38150656 -0.82589793 -0.17693642]
CCC(=O)NCCC1CCc2ccc3c(c21)CCO3,[-0.05170981  0.8497826  -0.8748375  -0.60152626  0.19391799]
O=C(CCCCC(=O)OCC1CC=CCC1)OCC1CC=CCC1,[-0.7081936   0.9533825  -0.8700163  -0.84967995 -0.22557934]
CC1CCC(N)CC1N,[ 0.30271798  0.7874461  -0.63494    -0.00379586  0.08479053]
CCC(=O)O,[-0.4115851   0.8428886  -0.25977013 -0.6962949  -0.11099771]
CC(=O)SCC(=O)Nc1nc2ccccc2s1,[ 0.43685323  0.6470849  -0.3984694  -0.8654845  -0.32950634]
O=c1cc(-c2ccc(O)cc2)oc2cc([O-])c(C3OC(CO)C(O)C(O)C3O)c(O)c12,[ 0.12530576  0.79491895  0.03384275 -0.27604672  0.5912092 ]
C[S+]([O-])Cc1ccc(C(=O)Nc2ccc(OCCOCCO)nc2C(=O)NCC2CCC2)c2ccccc12,[ 0.24535124  0.8448862  -0.9435397  -0.94995135  0.04727702]
CCNc1nc(NCC)nc(OC)n1,[ 0.15627818  0.41450346 -0.6734975  -0.9092823  -0.20672342]
O=C1NC(c2ccc(Br)cc2)Nc2ccccc21,[ 0.27391404  0.8708912  -0.71582407 -0.66949064 -0.41411537]
CCCc1nnc(CSP(=S)(OCC)OCC)o1,[ 0.44470802  0.9318795  -0.9678309  -0.15499009 -0.3243071 ]
ClCc1ccccc1,[ 0.22327855  0.83463854 -0.24184795 -0.8108999  -0.33110693]
C=CCN1CCC23CCCCC2C1Cc1ccc(O)cc13,[ 0.19677728  0.5240479   0.5441603  -0.5000815  -0.29122284]
O=c1c(Cl)c(Cl)cnn1-c1ccccc1,[ 0.33652022  0.93650645 -0.5740465  -0.41242304 -0.28485402]
CN(C)CCC=C1c2ccccc2CCc2ccccc21,[ 0.2247171   0.7564933  -0.08702961 -0.31157717  0.36908075]
CN1CCN(CCC=C2c3ccccc3Sc3ccc(S(=O)(=O)N(C)C)cc32)CC1,[ 0.48334312  0.80092114 -0.52928936 -0.6016558  -0.19947621]
CCC(C)(C)c1ccc(Cl)c(OC(=O)NC)c1,[ 0.28258207  0.7594628  -0.8743934   0.46341458 -0.16162688]
Clc1ccc(Cl)c(Cl)c1,[ 0.07620826  0.3008808  -0.8437405   0.6421729   0.06274112]
CNC(=O)ON=C(C)SC,[-0.5678094   0.8462557  -0.6408058  -0.5270055  -0.04041214]
CCN(CCO)c1cccc(C)c1,[-0.1216308   0.6541598  -0.66251075 -0.3617407  -0.12557474]
CCOP(=O)(Cl)Cl,[ 0.31643388  0.8822749  -0.81087154 -0.5738548   0.15288603]
CC1CC(=O)CC(C)O1,[ 0.02762591 -0.7067538  -0.7379071  -0.8924077  -0.2706469 ]
CCCCCCN,[-0.23859172  1.         -0.60424876 -0.5200272   0.17435178]
O=C(NC[C@@H](O)CN1CCC(Oc2ccc(Cl)c(Cl)c2)CC1)c1c[nH]c(=O)c2cc(F)ccc12,[-0.47572935 -0.5851656  -0.6252192  -0.86405706  0.09836825]
CCC(=O)NC[C@H]1CN(c2ccc(-c3nncs3)c(F)c2)C(=O)O1,[-0.4407066   0.6092466  -0.86052555 -0.09394325  0.21744452]
CCCCCCCC[Si](OCC)(OCC)OCC,[ 0.42971033  0.423943   -0.8691036  -0.5441461   0.10282808]
CCC(C)c1ccc(Oc2ccc(C)cc2CC(=O)O)c(Cl)c1,[ 0.38668814  0.89798295 -0.24231204 -0.50673515 -0.11826202]
CCC(C)N(C)C(=O)c1cc2ccccc2c(-c2ccccc2Cl)n1,[ 0.6165262   1.         -0.74943626 -0.9781351  -0.24187417]
CCN(CC)c1ccc(-c2nc(=O)n(C)nc2-c2ccc(N(CC)CC)cc2)cc1,[-0.10544568 -0.26087952 -0.69375116  0.02639674  0.34462315]
COC(=O)c1cc([N+](=O)[O-])ccc1Cl,[ 0.13404563  0.9922209  -0.91880274 -1.          0.08652828]
Cn1c(=O)sc2cccc(Cl)c21,[ 0.16292153  0.8660635  -0.34102976 -0.85963804 -0.29932526]
C=COC(=O)C=CC,[-0.20578001  0.90840274 -0.30153856 -0.7271714  -0.20950021]
COc1cccc2c1cc([N+](=O)[O-])c1c(C(=O)O)cc3c(c12)OCO3,[-0.07205731  0.14416842 -0.71451867 -0.6084951  -0.05858998]
CNC(=N)c1cccc(CC(CC(=O)N2CCC(C(=O)O)CC2)NS(=O)(=O)c2ccc3ccccc3c2)c1,[-0.26615676  0.36267394 -0.5482277   0.71821785 -0.14393587]
O=C(/C=C/c1ccc(O)c2c1C(C(=O)O)C(c1ccc(O)c(O)c1)O2)OC(Cc1ccc(O)c(O)c1)C(=O)O,[-0.07443817  0.7242178  -0.52298236  0.3698017   0.2933646 ]
CC(CC(=O)OC(C)(C)C)NC(=O)C1=NOC(C(O)(C(F)(F)F)C(F)(F)F)C1,[-0.20593861  0.64087296 -0.44446832 -1.         -0.07779047]
CSCCNc1nc(SCCC(F)(F)F)nc2c1ncn2C1OC(COP(=O)([O-])OP(=O)([O-])C(Cl)(Cl)P(=O)([O-])[O-])C(O)C1O,[-0.17173515  0.35337573 -0.77346295 -0.26221165 -0.5604189 ]
CCCCOCCOC(C)=O,[ 0.36179763  0.8714604  -0.8148229  -0.9328984  -0.44958428]
CC(=O)OC(C(Cl)(Cl)Cl)P(=O)(Oc1ccccc1)Oc1ccccc1,[-0.03397078  0.02104185 -0.11925515 -0.775801   -0.11255753]
CC(C)Nc1nc(Cl)nc(NC(C)C)n1,[ 0.66630924  1.         -0.4935388  -1.         -0.35353673]
CO/N=C(\C(=O)N[C@@H]1C(=O)N2C(C(=O)O)=C(COC(C)=O)CS[C@H]12)c1csc(N)n1,[ 0.17962171  0.97915655 -1.         -0.7829466   0.2363927 ]
CC(C(N)=O)(c1ccccc1)c1ccc(N)cc1,[ 0.651373    0.7049693  -0.56006515 -0.95538276 -0.25022575]
CCOC(C)COC(C)CO,[ 0.06016855  0.7804679  -0.77564925 -0.43129346 -0.2262493 ]
CC(C)=CC1C(C(=O)OC(C#N)c2cccc(Oc3ccccc3)c2)C1(C)C,[-0.12026867  0.5456493  -0.8672591  -0.37228057  0.3458879 ]
Cc1c(Sc2ccc(Cl)cc2)c2c(S(C)(=O)=O)cccc2n1CC(=O)O,[-0.31908312  0.827889   -0.77814937 -0.6428049  -0.21946606]
CC1OC(n2ccc(NC(=O)c3ccc(NC(=O)C(C)(N)CO)cc3)nc2=O)CCC1OC1OC(C)C(N(C)C)C(O)C1O,[ 0.495156    0.93508816 -0.7462348  -0.7494162   0.07000425]
C(=NC1CCCCC1)=NC1CCCCC1,[-0.23507138  0.9610847  -0.5554316  -0.72527456 -0.22240609]
COC(=O)Cc1ccccc1,[ 0.13614468  0.8677112  -0.8658382  -0.3633839  -0.18424687]
CCCNC(=O)[N-]S(=O)(=O)c1ccc(Cl)cc1,[ 0.65853316  0.0046253  -0.9902084  -0.5560279   0.13649295]
CCCCOc1ccccc1NC(C)=O,[-0.19695352 -0.65028465  0.19041808 -0.5232581  -0.2903439 ]
CN(C)C(=O)Cl,[ 0.27930987  0.69223875 -0.621936   -0.35862857  0.50591147]
CSCCC(OC(C)=O)C(=O)O,[ 0.10985015  0.77607924 -0.628144   -0.8950628  -0.61923575]
O=[N+]([O-])c1ccccc1Cl,[-0.00140224  0.92962873 -1.         -0.83071995  0.21953134]
CCC(C)(C)OC(=O)Nc1ccco1,[ 0.51165855  0.48090702 -0.8335625   0.03105792  0.05520254]
CC(C)NCC(O)COc1ccc(COCCOC(C)C)cc1,[-0.40891355  1.         -0.80774    -0.9260569   0.49356854]
NCCNCc1ccccc1O,[-0.47477025  0.84820116 -0.8425861  -0.40502027 -0.16374582]
BrC(Br)Br,[ 0.4915612   0.00752828 -0.5576451   0.7118294   0.59228975]
CN1CCCCC1CCN1c2ccccc2Sc2ccc(S(C)=O)cc21,[ 0.20250873 -0.55385864 -0.34294647 -0.6992173   0.45124096]
CCN(N=O)C(C)OC,[ 0.2203511   0.9936962  -0.8604553  -0.873653   -0.37693128]
COc1ccc(-c2nc3ccc(C4=NNC(=O)CC4C)cc3[nH]2)cc1,[ 0.437835    0.6405559   0.18698297 -0.85425115 -0.30656734]
O=C(Nc1cccc(Cl)c1)OCC#CCCl,[ 0.27048004  0.8153987  -1.         -0.80410993 -0.3726559 ]
CCOC(C)=Cc1oc2ccccc2[n+]1CCCS(=O)(=O)[O-],[ 0.20741664  0.9198642  -0.9111676  -0.6861769   0.2541291 ]
CN(C)C(=O)Nc1cc(C(C)(C)C)on1,[ 0.43214446  0.89772254 -0.81826377 -0.6817052  -0.2292119 ]
CC[C@H]1OC(=O)[C@H](C)[C@@H](O[C@H]2C[C@@](C)(OC)[C@@H](O)[C@H](C)O2)[C@H](C)[C@@H](O[C@@H]2O[C@H](C)C[C@H](N(C)C)[C@H]2O)[C@](C)(O)C[C@@H](C)C(=O)[C@H](C)[C@@H](O)[C@]1(C)O,[-0.00383875 -0.70485395 -0.7286239  -0.619917    0.01586199]
O=C1CC(N2C(=O)c3ccccc3C2=O)C(=O)N1,[ 0.01035425 -0.10501078 -0.37983233 -0.44426748  0.07528137]
CCC(=O)OC1C(C)OC(OC2C(C)OC(OC3C(CC=O)CC(C)C(O)C=CC=CCC(C)OC(=O)CC(OC(C)=O)C3OC)C(O)C2N(C)C)CC1(C)O,[-0.36053488  0.94315875 -0.99530387 -0.84352326 -0.20118974]
COc1cc(OC)c(C(=O)CCCN2CCCC2)c(OC)c1,[ 0.30274403  0.767651   -0.7845571  -0.8031369  -0.2388695 ]
Cc1cc(Nc2nc(N[C@@H](C)c3ccc(F)cc3)ncc2Cl)n[nH]1,[ 0.17876175  0.69864786 -0.67494434 -0.7997782  -0.47118247]
CCC(CC)C(=O)OCCOCCOCCOC(=O)C(CC)CC,[-0.05439819  0.51735806 -0.5119766  -0.0063087   0.07755118]
CC=C(C(=O)NC(N)=O)C(C)C,[ 0.32191792  0.90777534 -0.89274913 -0.8050393   0.13420117]
Cn1c(C2=CCN(CCCN3c4ccccc4Sc4ccc(CC(=O)O)cc43)CC2)cc(=O)n(C)c1=O,[-0.15015507 -0.51467305 -0.61186975 -0.49022186 -0.03691146]
COCCNC(=O)c1ccc(Nc2ncc3cc(-c4ccncc4)ccc3n2)cc1C,[ 0.04191163  0.37661234 -0.9051093   0.14456289  0.33172446]
NC(=S)NNCNNC(N)=S,[ 0.03776821 -0.83305633 -0.94985557 -0.68163997 -0.17596236]
CCOP(=O)(O)O,[-0.25266567 -0.65259314 -0.73613375 -0.51405615 -0.38524526]
C#CC(C)(C)O,[ 0.66723925  0.86227465 -1.         -0.38968816 -0.30359426]
C[NH2+]C(C)C1CCC(N)C(OC2C(N)CC(N)C(OC3OCC(C)(O)C([NH2+]C)C3O)C2O)O1,[-0.08546526  0.9638332  -0.69752306 -1.          0.02868957]
CSc1ccc(C(=O)c2[nH]c(=O)[nH]c2C)cc1,[ 0.23075925  0.9035528  -0.7774119  -0.8873296  -0.1930193 ]
CC(C)=CCl,[-0.52856874  0.5480487  -1.         -0.67194355 -0.11896765]
CC(C)(C)NC(=O)NCCN1CCCC(NC(=O)c2cc(Cl)cc(Cl)c2)C1,[ 0.56377625  0.53675276 -0.22735487 -0.70644474 -0.01824199]
CCCCCCCCCCCC(=O)OCC(O)C1OCC(O)C1O,[-0.16421618  0.6650344  -0.4708131  -0.3713854  -0.0401029 ]
Nc1nc2c(Cc3cccnc3)c[nH]c2c(=O)[nH]1,[ 0.01728783  0.8745835  -0.7828845  -0.28049263  0.09480165]
COc1nc(C)nc(Cl)c1NC1=NCCN1,[ 0.16070727  0.80128384 -0.95471007 -0.46204585 -0.304     ]
Cc1ccc(CO)cc1N(C)c1ccnc(Nc2cc(N3CCCOCC3)cc(N3CCOCC3)c2)n1,[ 0.76713806  0.932718   -0.59326446 -0.7130642  -0.5112691 ]
CCOP(=O)(OCC)OC(=C(Cl)Br)c1ccc(Cl)cc1Cl,[-0.53844845  0.17562078 -0.05024562 -0.6268422   0.37942603]
CCSP(SCC)SCC,[-0.0247192   0.88207626 -0.8060697  -0.5735871  -0.3369808 ]
CN(C)Cc1cc(CN(C)C)c(O)c(CN(C)C)c1,[ 0.22256373  0.7087033  -0.5317883  -0.63541317  0.3235023 ]
O=C1COc2ccc(CNC3CCN(CCN4C(=O)COc5ccc(Cl)cc54)CC3)nc2N1,[-0.20789953  0.7133833  -0.89230675 -0.8228615   0.04815017]
CC(O)C#N,[ 0.00751457 -0.55684257 -0.4805285  -0.7743341   0.15257883]
O=C(Nc1ccc(Br)cc1)c1cc(Br)cc(Br)c1O,[ 0.76048666 -0.6696055  -0.35066488 -0.9910246  -0.31953788]
CC1[NH2+]Cc2cc(-c3ccc4c(=O)c(C(=O)[O-])cn(C5CC5)c4c3OC(F)F)ccc21,[ 0.35489532  0.8135907  -0.6891158  -0.7913693  -0.42069617]
CC(=O)Oc1ccc2c3c1OC1C(OC(C)=O)C=CC4C(C2)[NH+](C)CCC341,[ 0.39656162  0.25480115 -0.23663786 -0.43700126 -0.11008433]
CN(CCCOCCOCCc1ccccc1)CCc1ccc(O)c2nc(O)sc12,[-0.49141788  0.6303573   0.34139866 -0.5406937  -0.40791383]
O=C(O)c1nn(Cc2ccc(Cl)cc2Cl)c2ccccc12,[ 0.6082937   0.9228702  -0.6409838  -0.18441218 -0.3859933 ]
C[C@H](Cn1cnc2c(N)ncnc21)OCP(=O)(O)O,[ 0.5136721  -0.0846956  -0.26759624 -0.54074    -0.27349827]
C=CS(C)(=O)=O,[ 0.1586731   0.8195777  -0.57851005 -0.7530721  -0.25027645]
Cc1ccc(N2CC(COc3ccc(-c4noc(C)n4)cc3)C2)nn1,[-0.01404722  0.6624375  -0.85051346 -0.74057806  0.09276592]
COc1c(OCc2ccc(-c3ccccc3-c3nnn[nH]3)cc2)cc(C)nc1C,[ 0.38732958  0.8963244  -0.8076121  -0.44865373  0.3896842 ]
O=C(/C=C/c1ccccc1)NCCO,[-0.4550557   0.7381925  -0.6170763   0.00623804  0.26588222]
CCNc1nc(NC(C)C(C)C)nc(SC)n1,[ 0.42980394  0.6692945  -0.7770633  -0.83289295  0.31264353]
C[C@@H](N/C(=N\c1ccncc1)NC#N)C(C)(C)C,[-0.17874707  0.8108083  -0.7965029  -0.9008216  -0.3759019 ]
NCCCC[C@H](N[C@@H](CCc1ccccc1)C(=O)O)C(=O)N1CCC[C@@H]1C(=O)O,[-0.44615674  0.17507766 -0.60041565 -0.72675794 -0.22057383]
OC1(c2ccc(Cl)c(C(F)(F)F)c2)CCN(CCCC(c2ccc(F)cc2)c2ccc(F)cc2)CC1,[ 0.00476524  0.7850569  -0.906951   -0.9072073   0.25147927]
OCCOCCN1CCN(C(c2ccccc2)c2ccccc2)CC1,[-0.23113449 -0.05686177 -0.5775947  -0.9155981  -0.02426668]
C=CCn1c(N)cc(=O)n(CC)c1=O,[ 0.4478847   0.84864557 -0.6780421  -0.47040176  0.18585446]
Cc1ccc(NC(=O)c2ccc(Cl)c(C(F)(F)F)c2)cc1C(=O)Nc1cccnc1,[ 0.41208154  0.25057214 -0.6598968  -0.57692456 -0.08813037]
CC(=CC(=O)O)C(=O)O,[ 0.15868828  0.6337955  -0.8434063  -0.84095395 -0.27945983]
CCOP(=S)(OCC)Oc1ccc([N+](=O)[O-])c(C)c1,[-0.14841935  0.98333997 -0.9789799  -0.5691737   0.2995243 ]
Cc1onc2c(=O)[nH]nc(-c3ccccc3)c12,[ 0.08252103  0.8314014  -0.87058365 -0.9970432   0.37891924]
CNC(=O)[C@@H]1Cc2cn(cn2)CC(=O)N2CCC[C@H]2C(=O)N[C@@H](C)C(=O)N1C,[-0.09380236  0.81951976 -0.83471596 -0.78222793 -0.04358738]
C[C@@H]1CC[C@H]2[C@@H](C)[C@@H](OC(=O)CCC(=O)O)O[C@@H]3OC4(C)CC[C@@H]1[C@@]23OO4,[ 0.48686752  0.97138304 -0.7373241  -0.85319364  0.92090994]
CC(=O)OCc1ccc(C(C)C)cc1,[-0.02549443  0.8931633  -0.7721995  -0.8355016  -0.30492347]
CCOc1ccccc1C(=O)NN=C(C)C(=O)O,[-0.3122288   0.86400276 -0.88913774 -1.         -0.0290269 ]
CCCS,[ 0.6048879   1.         -1.         -1.         -0.44493267]
C1COCCOCCNCCOCCOCCN1,[ 0.2177021   0.9299382  -0.54362607 -0.6327273   0.2410174 ]
C=C(OP(=O)(OC)OC)c1ccc(Cl)cc1Cl,[ 0.02647619  0.9138955  -0.73779154 -0.900041    0.42794374]
Cc1ccc(S(=O)(=O)N(C)C(=O)N2CCC(N3CCC(Oc4ccc(Cl)c(Cl)c4)CC3)CC2)cc1,[ 0.05868652 -0.2129093  -0.9795255  -0.82376295  0.01476031]
CC[C@@H]1OC(=O)[C@@H](C)[C@H](O[C@@H]2C[C@](C)(OC)[C@H](O)[C@@H](C)O2)[C@H](C)[C@H](O[C@@H]2O[C@H](C)C[C@H](N(C)C)[C@H]2O)[C@@](C)(O)C[C@@H](C)/C(=N\OCOCCOC)[C@H](C)[C@@H](O)[C@@]1(C)O,[ 0.16056234  0.7723622  -0.35898516  0.38924    -0.442849  ]
O=[N+]([O-])OC1COC2C(O)COC12,[-0.12651834  0.8047387  -0.8890566  -1.         -0.3850999 ]
ClCCCBr,[ 0.31990522  0.7764434   0.25287405 -0.36268237 -0.1845844 ]
CCNC(=O)c1cc2c(-n3ccc(C(F)(F)F)n3)c(-c3cncc(-c4n[nH]c(=O)o4)c3)cnc2[nH]1,[ 0.09467672  0.83028734 -0.60230017 -0.9843433  -0.03106611]
COc1nccnc1NS(=O)(=O)c1ccc(N)cc1,[ 0.5165202   0.8678395  -0.75202644 -1.          0.12014191]
CSC(C)=NOC(=O)N(C)SN(C)C(=O)Oc1ccc(OC(=O)N(C)SN(C)C(=O)ON=C(C)SC)cc1,[ 0.40126017  0.93670326 -0.7470759  -0.74431944 -0.5156829 ]
CNNC,[ 0.40458226  0.739112   -0.972136   -0.89134514 -0.36449283]
CCCCCCCCCCCCCCCN,[-0.23239908  0.8273831  -0.5319417  -0.43628     0.6182961 ]
CC1CCCCN1N=O,[ 0.23033334  0.72792584 -0.62965643 -0.70310223 -0.2647    ]
Nc1nc(O)c(Cl)c(-c2ccccc2)n1,[ 0.21689977  0.27912384 -0.98071027 -1.         -0.08379875]
[O-][n+]1onc2c1c1no[n+]([O-])c1c1no[n+]([O-])c21,[ 0.3206066   0.66644394 -0.70417047 -0.8599509  -0.51099366]
CCCCSN(C)C(=O)Oc1cccc2c1OC(C)(C)C2,[ 0.12440438  0.81783575 -0.5010128  -0.73508805 -0.18341404]
OCC(O)C(O)C(O)CO,[ 0.23011078  0.78466845  0.12676954 -0.2467062   0.2934406 ]
C=CC(=O)Nc1ccc(O)cc1,[ 0.05968982  0.5041112  -0.85708123 -1.         -0.38875845]
CC(=O)N(C)C,[ 0.42320746  0.8390259  -0.9601641  -0.81525874 -0.51474214]
c1cc2c(c(N3CC[NH2+]CC3)c1)OCCO2,[ 0.59666526  0.46371672 -0.26007316 -0.1624955  -0.29691052]
Nc1ccc(F)c(F)c1F,[-0.37777752  0.8894632   0.20375596 -1.          0.7023821 ]
CCOc1cc(OCC)c(C(=O)CCC(=O)O)cc1OCC,[ 0.01941355  1.         -0.8483103  -0.99570155  0.28510454]
O=C1NC(=O)C(c2ccccc2)(c2ccccc2)C(=O)N1,[ 0.489527    0.6332021  -0.7727075  -0.9278732   0.06149063]
Nc1cccc(N)c1,[ 0.22214216  0.8647879   0.13365276 -1.          0.0285846 ]
NC(=O)CF,[-0.6626571   0.78176045 -0.79601073 -0.60007215  0.4996284 ]
Nn1cnc2cc3ccccc3cc2c1=O,[-0.19956367  0.8122271  -0.09590543 -0.5418383  -0.27028868]
CCCCC(CC)COCCC#N,[ 0.29411474  0.69249845 -0.43217173 -0.59897906  0.78966355]
O=C(CCl)OC1=C(OC(=O)CCl)C(=O)OC1=O,[-0.14912356  0.51976365 -1.         -0.9420449  -0.2446804 ]
CCOP(=S)(OCC)Oc1cc(C)n(CC)c(=O)c1,[ 0.01170797  0.8367908  -0.7711405  -0.63933885 -0.47583815]
Cc1cc(-n2cccc2)c(S(C)(=O)=O)cc1C(=O)NC(=N)N,[ 0.38107494  0.7421044  -0.7075923   0.291681   -0.3130682 ]
CC(=O)Nc1ccc(C)c(NS(=O)(=O)C(F)(F)F)c1,[ 0.28100267  0.2758035  -0.6421203  -0.7563461  -0.26322287]
O=[N+]([O-])c1ccc(Cl)c([N+](=O)[O-])c1,[ 0.45414317  0.8671558  -0.65147316  0.7334652   0.04401781]
CCC1(CC)Oc2cccc(OC(=O)N(C)C(C)=O)c2O1,[ 0.32601655  0.83333576 -0.70175016 -0.7444889   0.8641993 ]
CC(C)CCCCCN(CCCCCC(C)C)CCCCCC(C)C,[ 0.37017244  0.7691683   0.3572654  -0.5536739  -0.37744725]
NCC1CCC=CO1,[-0.23705459  0.22021897 -0.7398855  -0.9323635   0.12791482]
O=C(CN1CCOCC1)NN=Cc1ccc([N+](=O)[O-])o1,[ 0.24788868  0.70340526 -0.48479196 -0.6014869  -0.32983905]
C=C(C)C1CC=C(C)C(O)C1,[ 0.04796064  0.66605353 -0.01100435 -0.46715274  0.33337015]
Nc1nc2ccc(OC(F)(F)F)cc2s1,[-0.70753884  0.74979293 -0.05240645 -0.28394437  0.42784235]
CSCC(NC(=O)COc1cccc2cnccc12)C(=O)NC(Cc1ccccc1)C(O)C(=O)N1CSCC1C(=O)NC(C)(C)C,[ 0.31415477  0.4318742   0.45874345 -0.3762539   0.16457677]
Cc1cncc(C)n1,[ 0.5367018   0.74832886 -0.58860373 -0.6932233  -0.69379854]
COc1c(OP(=S)(OCC(C)C)OCC(C)C)cnn(C)c1=O,[ 0.27327383  0.13360535 -1.         -0.7738078   0.28235784]
CC(C)NCC(O)COc1cccc2ccccc12,[ 0.6162224   0.74370646 -0.9327028  -0.78573185 -0.44994363]
OCCOCCN1CCN(C(c2ccccc2)c2ccc(Cl)cc2)CC1,[ 0.470255   -1.         -0.82379603 -0.47441798 -0.17627333]
CCCOP(=O)(OC=C(Cl)Cl)OCCCl,[ 0.29799488 -0.2706398  -0.36709046 -0.30479142 -0.00339784]
O=C(Cc1ccc(OCc2ccccc2)cc1)NO,[-0.06683812  0.9085346  -1.         -0.56269103  0.23015927]
C[C@@H]1O[C@@H](O[C@@H]2[C@@H](O)[C@H](OCCc3ccc(O)c(O)c3)O[C@H](CO[C@@H]3O[C@H](CO)[C@@H](O)[C@H](O)[C@H]3O)[C@H]2OC(=O)/C=C/c2ccc(O)c(O)c2)[C@H](O)[C@H](O)[C@H]1O,[ 0.01038664  1.         -0.84844834 -0.5202769  -0.392163  ]
CC(NNC(=O)c1ccccc1)c1ccccc1,[-0.06261325  0.8012179  -1.         -0.8259575   0.11729564]
C[C@@H](NC(=O)C1CCCCN1C)c1ccc(Nc2ncc3cc(-c4ccncc4)ccc3n2)cc1,[ 0.0664367   0.81640226 -0.78365546 -0.5947228  -0.17510399]
OC[C@@H]1CC[C@H](n2cnc3c(O)ncnc32)O1,[ 0.6483759   0.83061105 -0.8041778   0.012187   -0.04286982]
FC(F)(F)c1nc2c(Br)cc(Br)cc2[nH]1,[ 0.25949895  0.8870744  -0.84941375 -0.67169034 -0.39603576]
O=C(Nc1ccccc1-c1ccccc1)OC1CCN(CCCCCCCCCNC[C@H](O)c2ccc(O)c3[nH]c(=O)ccc23)CC1,[-0.09549521  0.8320085  -0.8421671  -0.7641515  -0.72032315]
CCN(Cc1cc(C(F)(F)F)ccc1-c1cc(CC(=O)O)ccc1OC)C(=O)NCc1ccccc1,[-0.4123106  -0.04311584 -0.65783036 -0.6688173   0.23068592]
CCc1cc2c(s1)-n1c(C)nnc1CN=C2c1ccccc1Cl,[ 0.74925303  0.9395924  -1.         -0.7152709  -0.34009132]
CCCSP(C)(=S)Oc1ccccc1,[ 0.43609923  0.6913352  -0.8394184  -0.72532815  0.8075119 ]
CCC(=O)N(c1ccccc1)C1CC[NH+](CCc2ccccc2)CC1,[-0.0798161  -0.6420046  -0.65959066 -0.33244595 -0.11177708]
O=C(O)COc1ccc(C(=O)CN2CCN(C3CCNCC3)CC2=O)cc1,[ 0.5705529   0.7786284  -0.70068485 -0.7542617   0.08150019]
COC(=O)c1ccccc1,[ 0.38440192  0.6617516  -0.5810734  -0.7488698   0.08911689]
CC(C)(C)NCCO,[ 0.00580497  1.         -0.6269783  -0.70807004  0.40532616]
CC(C)OCCO,[-0.4844984   0.7328314  -0.7815395  -0.578951   -0.16174255]
COc1cc2c(cc1OC)C(Cc1cc(OC)c(OC)c(OC)c1)[N+](C)(CCCOC(=O)CC/C=C\CCC(=O)OCCC[N+]1(C)CCc3cc(OC)c(OC)cc3C1Cc1cc(OC)c(OC)c(OC)c1)CC2,[ 0.11867595  0.8966622  -0.82628554 -0.5616249  -0.22065721]
O=C([O-])c1cc(N=Nc2ccc(S(=O)(=O)Nc3ccccn3)cc2)ccc1O,[ 0.00900635  0.8106113   0.08874705 -0.61132294 -0.2837732 ]
COc1ccc2c3c1OC1C(O)C=CC4C(C2)[N+](C)([O-])CCC341,[ 0.1495101   0.85872793 -0.9026701  -0.8420482   0.30282784]
c1ccc2[nH]c(-c3cscn3)nc2c1,[-0.01451703  0.7240427  -0.6322395  -0.46570453 -0.18247148]
CCCCOP(=O)(OCCCC)Oc1ccccc1,[-0.0182848  -0.04782047 -0.8782078  -0.75528026  0.09636955]
CC(C)CON=O,[ 0.7356983   0.81959176 -0.03093083 -0.6306959  -0.24376372]
Nc1cc[n+]([O-])cc1,[ 0.2839397   0.791088   -0.9237637  -0.83909637 -0.2588619 ]
C=CC(=O)N1CN(C(=O)C=C)CN(C(=O)C=C)C1,[ 0.32931235  0.58827007 -1.         -0.70022863  0.6687376 ]
CC(C)(C)c1cc(CCC(=O)OCCSCCOC(=O)CCc2cc(C(C)(C)C)c(O)c(C(C)(C)C)c2)cc(C(C)(C)C)c1O,[ 0.35572734  0.8408725  -0.85388225 -0.9581479   0.4360081 ]
C=CC[NH+]1CCCC1CNC(=O)c1cc(S(=O)(=O)NC)c(N)cc1OC,[ 0.12030305  0.91732806  0.03654555 -0.32306966 -0.21668732]
c1ccc2sc(SNC3CCCCC3)nc2c1,[ 0.2579448   0.80798954 -0.75726485 -0.7783665  -0.36353704]
Cc1cnc(C(=O)c2ncnc3[nH]ccc23)c(NS(=O)(=O)c2ccc(Cl)c(C(F)(F)F)c2)c1,[-0.43169957  0.36986765 -0.76330185 -0.91821504  0.05107252]
CCCCC(C)(C)CO,[ 0.42367917  0.7649211  -0.82338595 -0.5011387   0.3745241 ]
CCCCN(N=O)C(N)=O,[-0.14752989  0.70848364 -0.61049867 -0.96175575 -0.28351155]
CC(=O)c1ccc2c(c1)N1C(=O)OCC1CC2,[ 0.19134736  1.         -0.91003376 -1.          0.70295775]
CCCOP(=O)(SCCC)SCCC,[-0.15758973  0.7094706  -0.08635379 -1.         -0.28154066]
CCC(=O)Nc1ccc2[nH]c(C(F)(F)F)nc2c1,[-0.05889673  0.10838165 -0.9409842  -0.88403803  0.6016157 ]
COc1cc(OC)c(S(=O)(=O)NCc2ccccc2N2CCCCC2)cc1NC(=O)CCC(=O)O,"[ 6.5951926e-01  7.3942560e-01 -7.6194501e-01 -5.4434073e-01
 -4.9202138e-04]"
CC(=O)N[C@H](Cc1ccc2ccccc2c1)C(=O)N[C@H](Cc1ccc(Cl)cc1)C(=O)N[C@H](Cc1cccnc1)C(=O)N[C@@H](CO)C(=O)N[C@@H](Cc1ccc(O)cc1)C(=O)N[C@H](CCCNC(N)=O)C(=O)N[C@@H](CC(C)C)C(=O)N[C@@H](CCCNC(=N)N)C(=O)N1CCC[C@H]1C(=O)N[C@H](C)C(N)=O,[ 0.10583235  0.81934583 -1.         -0.92510706  0.6034301 ]
COCc1c(C(C)C)nc(C(C)C)c(/C=C/[C@@H](O)C[C@@H](O)CC(=O)O)c1-c1ccc(F)cc1,[ 0.09384661  0.48364526 -0.7203129  -0.8110787  -0.02443751]
Clc1ccc(N2N=NC3C4CC(C5N=NC45)C32)cc1,[ 0.34086075  0.9054945  -0.79938465 -0.84211713 -0.12291978]
COc1ccc(NC(=O)CF)cc1,[ 0.50488305  0.6984023  -0.6903149  -0.67804223 -0.11727858]
O=C(OCC=Cc1ccccc1)c1ccccc1,[-0.19919278  0.62717724 -1.         -0.9977802  -0.1268784 ]
CCCN(CCC)CCCCCCCCNC(=O)Oc1ccc2c(c1)C1(C)CCN(C)C1N2C,[-0.3771729   0.64627576  0.06775099  0.24388006 -0.38064238]
Cc1ccc(C(=O)N(CCCN)[C@@H](c2nc3cc(Cl)ccc3c(=O)n2Cc2ccccc2)C(C)C)cc1,[ 0.39987034  1.          0.5387063  -0.45335767 -0.3286569 ]
CC(=O)OCCOCCOCCOC(C)=O,[ 0.47151285  0.8383669  -0.18419708 -0.54499215  0.09701753]
CC(C)(C#N)C(C)(C)C#N,[ 0.22911623  0.8647582  -1.         -0.8350553  -0.54581153]
O=CC=CC1CO1,[ 0.20939983  0.7957859  -0.80238235 -1.          0.28618473]
Cc1cc(-c2ccc(Cl)c(C(=O)NCC3(O)CCCCCC3)c2)nn1C[C@H](O)CN,[ 0.4571825   0.33559492 -1.         -0.61648136 -0.09553936]
O=C1CCc2cc(C=CCN3CCN(c4ccc(Cl)cc4)CC3)ccc2N1,[ 0.2862177   0.7286338  -0.76794374 -0.21881065 -0.47060332]
C[NH+](C)CCC(c1ccc(Cl)cc1)c1ccccn1,[ 0.46638224  0.8776632  -0.74563867 -0.98379123 -0.04524563]
COc1ccccc1Oc1c([N-]S(=O)(=O)c2ccc(C)cn2)nc(-c2ccncc2)nc1OC,[ 0.23937805  0.65922916 -0.97498685 -1.         -0.13534318]
CCCOC(=O)Cc1ccc(OCC(=O)N(CC)CC)c(OC)c1,[-0.8821658   0.946746   -0.5472392  -0.2884725   0.30802265]
Cc1ccccc1COC1CC2(C(C)C)CCC1(C)O2,[-0.2191311   0.00272992 -0.83567494 -0.5297648  -0.04673291]
Cc1c(OCC(F)(F)F)ccnc1CS(=O)c1nc2ccccc2[nH]1,[ 0.22439036  0.88765454 -0.7143803  -0.8446468  -0.34615797]
CS(=O)(=O)c1nc(-c2ccc(F)cc2)n(-c2ccc(Cl)cc2)n1,[ 0.31246752  0.8220077  -0.79047745 -0.8411532  -0.35323706]
COCOCCO,[ 0.19741711  0.76414627 -0.86537945  0.1490388  -0.00237434]
COP(=O)(OC)SC(CC(=O)OC(C)C)C(=O)OC(C)C,[ 0.08479641  0.8638457  -0.3669647  -0.5745624   0.15153183]
Cc1cc(OC(=O)N(C)C)n(C(C)C)n1,[-0.68450904  0.84574574 -0.54630405  0.21050692  0.14689715]
CC(C)CCI,[ 0.36605576  0.8157318  -0.98378366 -0.58478194 -0.21822535]
CCC(CC)n1nc(C)c(C(=O)N[C@@H](C)C(C)(C)C)c1NS(=O)(=O)c1ccc(C)cc1,[-0.32479557  0.4128757   0.37418073 -0.5611939  -0.34944755]
Oc1cc(Cl)c(Cl)c(Cl)c1Cl,[-0.13578126  0.6529616  -0.8386039  -0.01000103 -0.08151728]
CO[C@@H]1C=CO[C@@]2(C)Oc3c(C)c(O)c4c(c3C2=O)C(=O)/C(=C\NN2CCN(C)CC2)C(=C4O)NC(=O)C(C)=CC=C[C@@H](C)[C@H](O)[C@H](C)[C@H](O)[C@@H](C)[C@@H](OC(C)=O)[C@@H]1C,[ 0.5582397   0.6768672   0.38976315 -0.51887745  0.36817613]
N#Cc1c(-c2ccc(-c3ccncc3Cl)cc2)nc2ccncc2c1O,[ 0.2291584   0.87755716 -0.21647397 -0.7048813   0.04554985]
COc1c(Cl)ccc(Cl)c1C(=O)OCCN(CCOC(=O)c1c(Cl)ccc(Cl)c1OC)c1ccccc1,[ 0.30692968  0.80148965 -0.5193833  -0.93465227  0.25118026]
O=C(O)CCCCCC(=O)O,[ 0.26016194  0.83556056 -0.36866868 -0.16380943 -0.27903515]
CCC(CC)(C(=O)O)c1cccc2ccccc12,[ 0.8127386  -0.24532054 -1.          0.78635544  0.46044552]
ClC(Cl)(Cl)c1cccc(C(Cl)(Cl)Cl)c1,[ 0.19151445  0.8351137  -0.7303632  -0.9218097  -0.25445357]
COc1cc(OC)c(S(=O)(=O)NCc2ccccc2N2CCC(COC(=O)CCC(=O)O)CC2)cc1NC(=O)CCC(=O)O,[ 0.09193181  0.76174855 -0.73460853 -0.66218287 -0.09071165]
O=NN(c1ccccc1)c1ccccc1,[ 0.5535416   0.86332995 -0.7656433  -0.70713     0.5867914 ]
Cc1ccc(C(=O)c2ccc(CC(=O)NCC(=O)Nc3cccc(C)c3C)n2C)cc1,[-0.11174507  0.69023645 -0.53853023 -0.19856627 -0.23814592]
COc1ccc(CC(C)=O)cc1,"[ 5.2153051e-01  3.2349977e-01 -7.0440042e-01 -9.9914306e-01
  5.6066092e-05]"
COC(C)CC(=O)O,[ 0.12533437  0.8064327  -0.8150683  -0.7917494  -0.552961  ]
CCN(CC)c1ccc2c(C)cc(=O)oc2c1,[ 0.6094526   0.15094404 -0.7912028  -0.6305662   0.2553984 ]
Cc1ccc2c(c1)c(-c1ccnc3c(C)cccc13)c(C)n2CC(=O)O,[-0.15993008  0.7715795  -0.55925465 -0.7975158  -0.43048653]
CCCN(CCC)c1c([N+](=O)[O-])cc(C(C)C)cc1[N+](=O)[O-],[-0.09253098  0.82969207 -0.7858376  -1.         -0.20554249]
NC(=O)CCCCC1CCSS1,[ 0.1169802   0.9274536  -0.5276233  -0.21037543 -0.18990943]
O=C(O)CCC(=O)OC1CCCCC1,[-0.0546161   0.7854321  -0.59703726 -0.6601997  -0.24492207]
CC(C)[C@H](C(=O)Nc1nccs1)c1ccc(Cl)cc1,[ 0.37573892  0.69529706 -0.8618351  -0.5540232   0.3164439 ]
CCC(C)OC(CBr)c1ccc(Cl)cc1,[-0.76584023  0.7393591  -0.8017587  -0.80146235 -0.3487675 ]
COC(=O)/C=C/CNC(=O)CN1C(=O)[C@@H](COC(=O)Nc2ccc(Cl)cc2C(F)(F)F)N=C(c2ccccc2)c2ccccc21,[-0.25460652  0.80837864 -0.7835826  -0.7696033   0.1205772 ]
COc1ccc2c(O[C@@H]3C[C@H]4C(=O)N[C@]5(C(=O)NS(=O)(=O)C6CC6)C[C@H]5/C=C\CCCCN(C)C(=O)[C@@H]4C3)nc(-c3ccc(F)cc3)nc2c1C,[ 0.4458462   0.49661908 -0.855756   -0.48344252  0.17251754]
ClC1=C(Cl)C(Cl)(C2(Cl)C(Cl)=C(Cl)C(Cl)=C2Cl)C(Cl)=C1Cl,[-0.00522883  0.69624627 -0.6872132   0.3346165  -0.01573594]
CON(C)C(=O)Nc1ccc(Cl)cc1,[-0.11048329  0.7645825  -0.27314773 -0.8892051  -0.19260551]
N#CC1CC2CC2N1C(=O)C(N)C12CC3CC(CC(O)(C3)C1)C2,[ 0.35110515  0.91368395 -0.52939254 -0.6508016   0.06410675]
CCC[C@H](NC(=O)[C@@H]1[C@H]2CCC[C@H]2CN1C(=O)[C@@H](NC(=O)[C@@H](NC(=O)c1cnccn1)C1CCCCC1)C(C)(C)C)C(=O)C(=O)NC1CC1,[ 0.49872157  0.60282695 -0.8263391  -1.         -0.20468302]
CC[C@@]1(O)C(=O)OCc2c1cc1n(c2=O)Cc2cc3c(CN(C)C)c(O)ccc3nc2-1,[-0.38582116  0.6349108  -0.8509081  -0.76466304 -0.10378516]
C=C[Si](OC)(OC)OC,[ 0.17227876  0.8231329  -0.55128133 -0.91752994  0.06035413]
O=[N+]([O-])C(CO)(CO)CO,[ 0.15206282  0.38853723 -0.8396232  -1.         -0.08343189]
C#CCc1ccc(COC(=O)C2C(C=C(C)C)C2(C)C)o1,[ 0.299804    0.12387086 -0.5989567  -0.68209803  0.1242149 ]
O=[N+]([O-])c1ccc(O)c(CNCCO)c1,[ 0.46269006  0.6177574  -0.9750775  -0.6339738   0.23327956]
CC(=O)C1OC1(C)C,[ 0.53388906  0.69677514 -0.75253403 -0.8387796   0.05126662]
CC(C)(C)c1cc([N+](=O)[O-])cc([N+](=O)[O-])c1O,[ 0.4034152   0.42049003 -0.91601545 -0.67346555 -0.32814232]
C[Si](C)(C)CCCC(=O)O,[ 0.1675254   0.8710233  -0.0916286  -0.39230776 -0.34444633]
NCCNCCNCc1ccccc1O,[ 0.06737598  0.83910316 -0.33486086 -0.74016637  0.30421034]
O=[N+]([O-])c1ccc(C=NNC(=S)N2CCCC2)o1,[-0.01402855  0.9567391  -0.5106972  -0.7057335  -0.6561667 ]
COP(=S)(OC)Oc1cnc2ccccc2n1,[ 0.60929304  0.6862271  -0.8164579  -0.90793824  0.1632046 ]
Cc1cc(=O)cc(-c2ccccc2)o1,[ 0.3239091   0.68001413 -0.6700871  -0.7082306  -0.179655  ]
C[C@@H]1NC(=O)[C@@H](C)NC(=O)[C@H](C)N(C)C(=O)[C@@H](C)N(C)C(=O)[C@@H](C)NC(=O)[C@H](C)N(C)C1=O,[ 0.15076585  0.825432   -0.6312096  -0.76989996  0.05237251]
CC(C)OCCCO,[ 0.5032508   0.8356131  -0.4392501  -0.5410422  -0.05105191]
C=CC(=O)OCC(CC)CCCC,[-0.07133544  0.6072362  -0.853345   -1.          0.52202433]
Cc1cn([C@H]2CCCN(S(=O)(=O)c3ccc(CO)c(Oc4cccc(Cl)c4)c3)C2)c(=O)[nH]c1=O,[-0.04531549 -0.07535311 -0.6501658  -0.5861638  -0.08874877]
O=C(O)C1N=C(c2ccccc2)c2cc(Cl)ccc2NC1=O,[ 0.11616427  0.31979382 -0.5602038  -0.9919912   0.03241665]
FC(F)(F)c1nc2c(Cl)c(Cl)cc(Cl)c2[nH]1,[ 0.32078478  0.15191771 -0.6137218  -0.7080683  -0.25492266]
CN(CCOc1ccc(CC2SC(=O)NC2=O)cc1)c1ccccn1,[ 0.04047436  0.8942479   0.1580824  -0.8251611  -0.21263258]
CC(C(=O)O)c1ccc(C(=O)c2cccs2)cc1,[-0.827549   -0.36886275 -0.65265703  0.06759176 -0.03220944]
Cc1ncc(C[n+]2csc(CCO)c2C)c(N)n1,[ 0.36303118  0.761486   -1.         -0.9719646  -0.2682259 ]
Nc1nc(O)c2ncn(COCCO)c2n1,[ 0.16293709  0.90426797 -0.85344464 -0.89301187 -0.3943304 ]
COc1ccc(C[C@@H]2c3cc(OC)c(OC)cc3CC[N@+]2(C)CCC(=O)OCCCCCOC(=O)CC[N@@+]2(C)CCc3cc(OC)c(OC)cc3[C@H]2Cc2ccc(OC)c(OC)c2)cc1OC,[ 0.2723837   0.46459475 -0.3777299  -0.65238845 -0.07195255]
COc1ccc(CC2c3cc(OC)c(OC)cc3CCN2C)cc1OC,[ 0.3393287   0.89618725 -0.901012   -0.8463852   0.20570081]
CC(=O)CCc1ccc(O)cc1,[ 0.28113502  0.7571186  -0.7531647  -0.8922954   0.27969545]
CC([NH3+])Cc1ccccc1,[-0.00187529  0.55857795 -1.         -0.8686845  -0.18437004]
NC(=[NH2+])NCCCCC1NC(=O)CCSSCC(C(N)=O)NC(=O)C2CCCN2C(=O)C(Cc2c[nH]c3ccccc23)NC(=O)C(CC(=O)[O-])NC(=O)CNC1=O,[ 0.2559786   0.83633065  0.9000172  -0.25214237 -0.32124916]
COC(=O)c1ccccc1N=NN(C)C,[-0.00586166  0.95883596 -0.9570445  -0.636096   -0.32990336]
Clc1ccc(C(OCCN2CCCCC2)c2ccccc2)cc1,[-0.4028881   1.         -0.89367175 -0.7985095  -0.04902156]
Fc1cc2nc(C(F)(F)F)[nH]c2cc1Cl,[ 0.4761724   0.8524616  -0.84122825 -0.6472472  -0.00857622]
OCc1cc(C(O)C[NH2+]CCCCCCOCCOCc2c(Cl)cccc2Cl)ccc1O,[ 0.6255989  0.8323439 -0.8950465 -0.827753  -0.5418628]
CSCC(=O)N(C)C(=O)Oc1ccccc1OC(C)C,[ 0.28373572  0.7923469  -0.7703859  -0.7726466  -0.31006166]
CCCCCC(=O)O,[ 0.14638276  0.7675407  -0.76046306 -0.824521    0.10464329]
COP(=O)(OC)Oc1ccc([N+](=O)[O-])c(Cl)c1,[ 0.39883962  0.70858383 -0.6957603  -0.6864327   0.00136306]
C1=CC2C=CC1C2,[ 0.13823062  0.92908907 -0.8461238  -0.8717537   0.38270462]
CCP(=O)(OC)SC,[-0.12814987  0.7586436  -0.89472616 -1.          0.4536436 ]
O=C(c1csc2c1CCCC2)N1CCCCC1,[-0.124501    0.8378399  -0.77452445 -0.71609557 -0.23069453]
CCON=C(CC)C1=C(O)CC(c2c(C)cc(C)cc2C)CC1=O,[-0.22772348  0.11973111 -0.5946104  -0.33508676  0.03476894]
CN(C1CCCCC1)C1CCCCC1,[ 0.4340027   0.72790515 -0.8456976  -0.46246487  0.09952312]
CC(COc1ccc(Cl)cc1Cl)C(=O)O,[-0.2923041   0.7607808  -0.88148856 -0.7955796   0.6227197 ]
Cc1ccc(S(=O)(=O)Nc2c(C(=O)NC3CCCCC3)c(C)nn2-c2ccccc2)cc1,[-0.25621504  0.7945859  -0.9703558  -0.5053011   0.09882673]
CCCCOC(=O)CC(SC(CC(=O)OCCCC)C(=O)OCCCC)C(=O)OCCCC,[ 0.02716694  0.9075268  -0.27357218 -0.52863395 -0.13693461]
CC(O)C1C(=O)N2C(C(=O)[O-])=C(SC3CCS(=O)C3)SC12,[ 0.16446486  0.19318366 -0.7025303  -0.68808615  0.18563004]
COc1cc(C=CC(N)=O)ccc1O,[ 0.15156606  0.70330787 -1.         -0.68063104 -0.2662143 ]
N#Cc1cc(Br)c(O)c(Br)c1,[ 0.2642414  1.        -0.7718688 -0.7680177  0.6216949]
Fc1cc(-c2cccc3ncc(-c4cnn(C5CCNCC5)c4)nc23)cc(F)c1CN1CCOCC1,[ 0.15816851  0.65126985  0.6660237  -0.06990658 -0.06857332]
O=P([O-])([O-])C(O)(Cn1ccnc1)P(=O)([O-])O,[-0.84953815  0.29935333 -0.70774513 -0.35968426 -0.3235624 ]
CCCOCCN(C(=O)CCl)c1c(CC)cccc1CC,[ 0.46547738  0.8891767  -0.99440277 -0.74705243  0.19353485]
C/C=C/c1cc(OC)c2c(c1)C(C)C(c1cc(OC)c(O)c(OC)c1)O2,[ 0.39841923  0.45402092 -0.23536317 -0.7860358   0.00822123]
CC(N)C(O)c1cccc(O)c1,[ 0.38705504  0.28643402 -0.47843298 -0.14505284  0.69572186]
CCOC(=O)COc1ccc(C(=O)CN2CCN(C3CCN(C(=O)OCOC(=O)C(C)(C)C)CC3)CC2=O)cc1,[-0.08288633  0.8897128  -0.76365876  0.13719316  0.4811975 ]
Cc1ncsc1C(=O)N(Cc1cc(=O)[nH]c2c(F)cccc12)c1cccc(Cl)c1,[ 0.12630026  0.8696376  -0.84546703 -0.7133691  -0.17116262]
[NH3+]CC1CCC(C(=O)[O-])CC1,[ 0.09242595  0.76364267 -0.40990064 -0.5866422  -0.07305792]
CC1(C)C(=O)N(CO)C(=O)N1CO,[ 0.24605684  0.69984305 -0.66963834  0.6477989  -0.29297602]
C=C(C)c1ccc(C(C)(C)N=C=O)cc1,[ 0.05611118  0.73422766 -0.6411668  -0.8522887  -0.5466683 ]
C=CCOc1ccccc1C(N)=O,[ 0.07623269 -0.17243601 -0.74539596 -0.9334838   0.27798334]
C=C(Cl)C(Cl)CCl,[ 0.11729282  0.5902636  -0.25208727  0.16537245  0.02845855]
ClCC1CO1,[ 0.5257126   0.49242753 -0.57414544 -0.76606363 -0.11154886]
Cn1cnc(S(=O)(=O)N(CCN(Cc2cncn2C)c2ccc(C#N)cc2)Cc2ccccc2)c1,[-0.4401581   0.98171365 -0.8648924  -0.80661476 -0.20676686]
CNC(=O)Oc1ccc(Cl)c2c1OC(C)(C)C2,[ 0.14435637 -0.63746417  0.0262684  -0.89687705 -0.38903245]
CCCCC(CC)C(=O)OC1=C(c2c(C)cc(C)cc2C)C(=O)c2ccccc21,[ 0.471456    0.9923569  -0.73512655 -0.69523656 -0.3881078 ]
C[C@]12C[C@H](O)[C@H]3[C@@H](CCC4=CC(=O)CC[C@@]43C)[C@@H]1CC[C@]2(O)C(=O)CO,[ 0.36182722  0.63381684 -0.43807518 -0.71956724 -0.4742549 ]
CC(C)=CCCC(C)=CCCC(=CCCC(C)=CCO)CO,[ 0.21465401  0.0333419  -0.7593519  -0.7060589   0.33445066]
Cc1c(OCC(F)(F)F)ccnc1C[S+]([O-])c1nc2ccccc2[nH]1,[ 0.38906077  0.82030433 -0.6236125  -0.73671526  0.19748716]
O=[N+]([O-])c1cc(Cl)c(N=Nc2ccc(N3CCS(=O)(=O)CC3)cc2)c(Cl)c1,[ 0.05508652  0.6463241  -0.49657726 -0.53856677 -0.27116603]
O=Cc1cccc2ccccc12,[-0.07743935 -0.08504362 -0.9531501  -0.5509842   0.12702547]
N#Cc1ccc(F)c(-c2cc(C(F)(F)F)ccc2OCC(=O)O)c1,[ 0.2716661   0.8132907  -1.         -0.6023553  -0.16063765]
C[C@@](N)(Cc1ccc(O)c(O)c1)C(=O)O,[-0.16048858  0.99794585 -0.6747146  -1.         -0.2188005 ]
CCN(CC)CCO,[ 0.46513867  0.90865237 -0.8114807  -1.         -0.3223716 ]
O=C(OCC(COC(=O)c1ccccc1)(COC(=O)c1ccccc1)COC(=O)c1ccccc1)c1ccccc1,[-0.21831706  0.01868116 -0.7912656  -0.50812864 -0.23491117]
O=[N+]([O-])c1c(Cl)c(Cl)c(Cl)c2nc(C(F)(F)F)[nH]c12,[-0.0815203   0.6313057  -0.40428057 -0.491089    0.72983724]
Cc1ccn(C(=O)NCCCCCCCl)n1,[ 0.2756369  -0.06321498 -0.92456216 -0.21602613  0.88203543]
C=CC1=C(C)/C(=C\c2[nH]c(Cc3[nH]c(/C=C4/NC(=O)C(C)=C4C=C)c(C)c3CCC(=O)O)c(CCC(=O)O)c2C)NC1=O,[-0.11600773  0.7690488  -0.12160232 -0.748779   -0.30284047]
CN(C)CC=C(c1ccc(Br)cc1)c1cccnc1,[ 0.07301698  0.83580136 -0.49967617 -0.83452    -0.08250433]
Cc1ccc(Nc2ccc(Nc3ccc(C)cc3)c3c2C(=O)c2ccccc2C3=O)cc1,[ 0.1447671   0.69199103 -1.         -0.95709294  0.01997795]
Cc1cccc(C)c1NC(=O)C1CCCC[NH+]1C,[ 0.1082818   0.8803021  -0.71348786 -0.6258518  -0.46280757]
COCc1ccc2c(C(C(=O)NS(=O)(=O)c3ccc(C)cc3OC)c3ccc4c(c3)OCO4)cn(C)c2c1,[ 0.05110867  0.8637279  -0.16917066 -0.75345993 -0.27580005]
CC(=O)Oc1cc(C(F)(F)F)ccc1C(=O)O,[-0.26825893  0.86936355 -0.8385915  -0.44906855  0.06944068]
C=COC(=O)CCCCCCC,[-0.60102767  0.62270707 -0.6521208  -0.46050736 -0.19147348]
CCCC(=O)OC1(C(=O)COC(=O)CC)CCC2C3CCC4=CC(=O)CCC4(C)C3C(O)CC21C,[ 0.02182425  0.72109765 -0.82874864 -0.858532    0.37447682]
CCCc1c(OCc2cccn3c(=O)c(CCC(=O)O)cnc23)ccc(C(C)=O)c1O,[ 0.04288131 -0.6352854  -0.16736647 -0.39627993  0.2488782 ]
ClC(=NNc1c(Cl)cc(Cl)cc1Cl)c1ccccc1,[-0.26110294  0.9330589  -0.1620855  -1.          0.45031193]
CCOC(=O)NCCOc1ccc(Oc2ccccc2)cc1,[-0.04835508  0.90094656  0.31871727 -0.18740001 -0.34234434]
CCCCCCCC(=O)N[C@@H](CCN)C(=O)N[C@H](C(=O)N[C@@H](CCN)C(=O)N[C@H]1CCNC(=O)[C@H]([C@@H](C)O)NC(=O)[C@H](C)NC(=O)[C@H](CCN)NC(=O)[C@H](CC(C)C)NC(=O)[C@@H](Cc2ccccc2)NC(=O)[C@H](CCN)NC1=O)[C@@H](C)O,[ 0.47755167  0.14916712 -0.8997877  -0.10042504 -0.02253925]
O=C(O)CCCOc1ccc(Cl)cc1Cl,"[-2.8681415e-01 -1.1790720e-04 -7.0451319e-01 -7.0083606e-01
  2.9687962e-02]"
CON=C(Cc1cccnc1)c1ccc(Cl)cc1Cl,[ 0.55380595  0.9598219  -1.         -0.4435701   0.28508052]
CCCSP(C)(=S)Oc1ccc(Cl)cc1Cl,[ 0.46620503  1.         -0.27177498 -0.60831285 -0.48563722]
COc1cc2nc(N3CCN(C(=O)C4COc5ccccc5O4)CC3)nc(N)c2cc1OC,[-0.01276725  0.9454557  -0.99953216 -0.494658   -0.5684676 ]
Nc1c(CC(=O)[O-])cccc1C(=O)c1ccc(Br)cc1,[ 0.0406249  -0.4920984  -0.7106647  -0.73210835 -0.08602954]
CN(C)c1ccc(C(O)(c2ccc(N(C)C)cc2)c2ccc(N(C)C)cc2)cc1,[-0.24277803  0.29499274 -0.8702244  -0.7998303   0.17000017]
CCNC(=O)C(C)OC(=O)Nc1ccccc1,[ 0.27459475  0.7315311  -1.         -0.7823642   0.15637809]
CCS(=O)(=O)c1ccc(-c2cc(Cl)ccc2OCC(=O)O)cc1,[-0.5740585   0.7246027  -0.5170155  -0.09965752  0.15685365]
COc1cc2c3cc1Oc1cc(ccc1O)CC1c4c(cc(OC)c(O)c4Oc4ccc(cc4)CC3[NH+](C)CC2)CC[N+]1(C)C,[ 0.3238033   0.79442936 -0.8818241  -0.6818619  -0.3193639 ]
CCOP(=O)(OCC)N(C)c1ccccc1,[ 0.32891685  0.9831811  -0.7710579   0.60389376  0.17659634]
CCC(C)C(=O)OC1CCC2(C)C3CC(O)C4C5(O)C(CC42OC13O)C1CN2CC(C)CCC2C(C)(O)C1C(O)C5OC(=O)C(C)(O)CC,[ 0.2609903   1.         -0.72989064 -0.8277855   0.79986936]
CCCOC(=O)c1ccc(C(=O)OCCC)nc1,[ 0.0853967  -0.42685145 -0.5122773  -0.38271642  0.5219258 ]
CCC(C)(CC)c1cc(N)on1,[ 0.15323175  0.5589255  -0.5939487  -1.          0.19083829]
CCCCCNCCCCC,[ 0.39205068  0.71793157  0.1595664  -0.6181585   0.08205716]
CN1C(=O)CC(N2CCN(CCCN3c4ccccc4COc4ccc(CC(=O)O)cc43)CC2)N(C)C1=O,[ 0.06687122  0.85561144 -0.5966674  -0.00684889 -0.22224931]
CCOP(=S)(OCC)Oc1cc(-c2ccccc2)on1,[ 0.4944945   0.655749   -0.74632835 -0.5967342   0.27900052]
NC(=O)[C@H](Cc1ccccc1)NC(=O)OCc1ccccc1,[ 0.24690314  1.         -0.79524004 -0.75959915  0.37404013]
CCCCCCCCCCOC(=O)Cc1ccc(N(CCCl)CCCl)cc1,[ 0.300064   -0.30596688 -0.8567399   0.13261399  0.17819159]
Cc1c(Sc2ccc(Cl)cc2)c2c(-c3ccccc3)cccc2n1CC(=O)O,[ 0.50417614  0.9689454  -0.07018866 -0.7108577   0.4686203 ]
C=CCC1/C=C(\C)CC(C)CC(OC)C2OC(O)(C(=O)C(=O)N3CCCCC3C(=O)OC(/C(C)=C/C3CCC(O)C(OC)C3)C(C)C(O)CC1=O)C(C)CC2OC,[ 0.5825629   0.44414    -0.89168215 -0.7946593  -0.37505686]
CC(C)C1NC(=O)c2ccccc2O1,[ 0.04968943  0.9078294  -0.66339713 -0.86085504 -0.48022655]
CCCN(N=O)C(N)=O,[-0.19570586  0.71253747 -0.3689104  -0.68741316  0.04135994]
C[C@@H]1O[C@@H](O[C@H]2[C@@H](O)C[C@H](O[C@H]3C[C@](O)(C(=O)CO)Cc4c(O)c5c(c(O)c43)C(=O)c3ccccc3C5=O)O[C@H]2C)C[C@H](N)[C@@H]1O,[-0.0384695   0.68642783  0.41471666 -0.43876874 -0.32142502]
O=[N+]([O-])c1cc2[nH]c(C(F)(F)F)nc2cc1Cl,[ 0.61870164  0.61750066 -0.8636689  -0.8355249  -0.4926814 ]
C#CC(C)(O)C(O)c1ccccc1,[ 0.1683985   0.69329154 -0.8076031  -0.2780034   0.06298663]
Fc1ccc(Br)cc1,[-0.412611    0.7643848  -0.9863628  -0.12140618  0.16725226]
N#Cc1cccc(C#N)c1,[ 0.1442407   0.958173   -0.40755233 -0.9765886  -0.03299842]
FC(F)=C(F)CCSc1ncccn1,[-0.14905502  0.7057663  -0.8700475  -0.73450726  0.35468027]
COc1cc([C@@H]2c3cc4c(cc3[C@@H](O[C@@H]3O[C@@H]5CO[C@@H](C)O[C@H]5[C@H](O)[C@H]3O)[C@H]3COC(=O)[C@H]23)OCO4)cc(OC)c1O,[ 0.18541758  0.79064447 -0.908449   -0.79482186  0.47229895]
COc1cc(Nc2nc(N[C@@H](C)c3ncc(F)cn3)ncc2Br)n[nH]1,[ 0.3367431   0.756619   -0.67664343 -0.8632624   0.23403825]
CC(=O)NC(CS)C(=O)[O-],[-0.08934015 -0.3945048  -0.41966993 -0.6542452  -0.03294928]
COC(=O)c1cc(Oc2ccc(Cl)cc2Cl)ccc1[N+](=O)[O-],[-0.08993811  0.17493047 -0.9121467  -0.9493825  -0.15392174]
COP(=S)(OC)SCc1nnc(C(C)C)o1,[-0.5854447   0.830856   -0.8656999  -0.68287826  0.505423  ]
C[NH2+]C(C)Cc1ccccc1,[-0.34142873  0.8632381  -0.8571112  -0.761461    0.19374064]
Cc1cc(C)c(C)cc1C,[ 0.2988697   0.36565125  0.32196587 -0.5332492   0.10658427]
Cc1cnc(C)c(C)n1,[ 0.17541887  0.7940802  -0.69143456 -0.41082126 -0.36248946]
CC(C)[N+](=O)[O-],[ 0.48265195  0.94647557 -0.84558034 -0.6180992  -0.5218054 ]
C[N+](C)(C)[NH2+]CCC(=O)[O-],[ 0.22875421  0.62661076 -0.8188789  -0.8713345   0.03842276]
C[NH+](CCOc1ccc(NS(C)(=O)=O)cc1)CCc1ccc(NS(C)(=O)=O)cc1,[ 0.02298221  0.8477636   0.27461305 -0.56718594 -0.28310576]
CCOC(=O)C(CCc1ccccc1)NC1CCc2ccccc2N(CC(=O)O)C1=O,[ 0.19363569  0.70373404 -0.7288262  -0.65950376 -0.469399  ]
COc1cc2ncnc(Nc3ccc(F)c(Cl)c3)c2cc1NC(=O)/C=C/CN1CCCCC1,[ 0.41510978  0.7800026  -0.6674442  -0.59005696 -0.4784562 ]
CNc1c(Br)cnc2[nH]c(-c3ccc(S(C)(=O)=O)cc3)nc12,[-0.06134632  0.63667005 -0.7842189   0.5280463  -0.25230798]
CC(=S)NC[C@H]1CN(c2ccc(-c3nnc(CNS(C)(=O)=O)s3)c(F)c2)C(=O)O1,[ 0.38366413  0.5637386  -0.72473377 -0.16257726 -0.49499154]
NCCCCN,[ 0.5514508   0.9640674  -0.8366098  -0.7847917   0.25390238]
O=C1OCC2C1C1(Cl)C(Cl)=C(Cl)C2(Cl)C1(Cl)Cl,[ 0.5511686   0.63956493 -1.         -0.5053323  -0.00485264]
COP(=S)(OC)SCC(=O)N1CCOCC1,[ 0.44382507  0.3910698  -0.96286297 -0.20659989  0.16530134]
COc1cc2c3c(c1O)C1(C=CC(=O)C=C1)CC3N(C)CC2,[ 0.32180163 -0.22704099 -1.         -0.31745738 -0.05781068]
CCOC(=O)C1OC1c1ccccc1,[ 0.16611299  0.9176889  -0.8387113  -0.73547655 -0.52028495]
CCOP(=S)(OCC)SCC(=O)N(CCC#N)c1ccccc1,[ 0.2702157   0.97249854 -0.8524887  -0.7737104   0.415471  ]
C=COCCOC,[-0.16801327  0.9135973  -0.85520273 -1.          0.8076614 ]
CC(=O)O[C@H]1C[C@@H]2CC[C@@H]3[C@H](CC[C@@]4(C)[C@H]3C[C@H]([N+]3(C)CCCCC3)[C@@H]4OC(C)=O)[C@@]2(C)C[C@@H]1N1CCCCC1.[Br-],[-0.31581247  0.85233825 -1.         -0.7336536  -0.41762888]
CC(C)(C)c1ccc(C(=O)O)cc1,[ 0.3402814   0.4916648  -0.6400708   0.6381036   0.11806808]
O=C(NCC12CC3CC(CC(C3)C1)C2)c1cc(-n2ncc(=O)[nH]c2=O)ccc1Cl,[ 0.27363256  0.39299798 -0.734432   -0.52682334 -0.5691648 ]
Nc1cc2c(cc1C1CCCCC1)CCC2C(=O)O,[-0.02297785  0.3430734  -0.87656987 -0.47738406 -0.2319564 ]
CNC(=O)Oc1ccc(CCC#N)cc1,[ 0.23079826  0.84072554 -0.38273528 -1.          0.38040197]
c1c[nH]cn1,[ 0.47102854  0.9398749  -1.         -0.3504322  -0.27721018]
CC(CN1CC(=O)NC(=O)C1)N1CC(=O)NC(=O)C1,[-0.31551382  0.7163361  -1.         -0.92268884 -0.14615837]
C=CCOC(=O)CCCCC,[ 0.074531    0.69473124 -0.09493167 -0.8258839   0.5269448 ]
FC(F)(F)c1nc2c(I)cc(I)cc2[nH]1,[-0.17765288  0.90725046 -0.7407958  -0.9115833   0.29744977]
COc1cc2c(c3oc(=O)c4c(c13)CCC4=O)C1C=COC1O2,[-0.00845305  1.         -0.98562187 -1.         -0.51256204]
Nc1nc(Nc2ccc(S(N)(=O)=O)cc2)nn1C(=O)c1c(F)cccc1F,[-0.02174937  0.7112529  -1.         -0.7850599  -0.44526315]
Cc1ncc(CS)c(CO)c1O,[ 0.01815732 -0.20158161 -0.8099059  -0.7902526  -0.08025425]
CCc1c2c(nc3ccc(O)cc13)-c1cc3c(c(=O)n1C2)COC(=O)[C@]3(O)CC,[-0.02890457  0.7861452  -1.         -0.6227577  -0.11957489]
CN(C)S(=O)(=O)N(SC(F)(Cl)Cl)c1ccccc1,[ 0.28399023  0.72562104 -0.7008872  -0.4970724   0.42634127]
O=C(Cc1ccc(Cl)c(C(F)(F)F)c1)Nc1cccc2c(=O)n(CCO)ccc12,[ 0.46192095  0.29866108 -0.6853503  -0.59973323 -0.10170238]
CC(C(=O)O[C@@H]1CC[N+](C)(C)C1)(c1ccccc1)C1CCCC1,[ 0.16812733 -0.89585084 -0.93201095 -0.6241061   0.13786113]
CO[Si](CCCOCC1CO1)(OC)OC,[-0.28241163  0.6943023  -0.6764394  -0.65112036 -0.15392824]
CCOC(=O)c1ccc(C#Cc2ccc3c(c2)C(C)(C)CCS3)nc1,[ 0.37528792 -0.09902745 -0.8737675  -0.345388   -0.4764201 ]
CCN[C@@H]1C[C@H](N)[C@@H](O[C@H]2OC(CN)=CC[C@H]2N)[C@H](O)[C@H]1O[C@H]1OC[C@](C)(O)[C@H](NC)[C@H]1O,[ 0.18340982  0.81688225 -0.8859359  -1.          0.43913576]
CC=Cc1ccc(OCc2ccccc2)c(OC)c1,[ 0.32038644  0.6982976  -0.7740419  -0.50495666 -0.5495517 ]
CNC(=O)OCc1cccc(COC(=O)NC)n1,[ 0.22936827  0.7472761  -0.65059876  0.09016797  0.04960936]
Cc1c(OC2CCN(CC3CCN([C@@](C)(Cc4ccc(F)cc4)C(=O)O)CC3)CC2)ccc(Cl)c1Cl,[ 0.2936967   0.7914541  -0.81551534 -0.684951   -0.3343056 ]
CN=C=S,[ 0.38379908  0.6972399  -0.6807947   0.04175293  0.6084324 ]
N#CCc1ccccc1,[ 0.11503462  0.81706876 -0.43138555 -0.8673981  -0.20109779]
CCNC(=S)NCC,[ 0.2178882   0.29024887 -0.66000104  0.36261415  0.38779303]
O=C(NC(CCc1ccc2c(c1)OCO2)CCc1ccc2c(c1)OCO2)c1ccc(Cl)cc1,[ 0.4600878   0.59134144 -0.74413395  0.02839659  0.04892861]
O=C(Cl)C=CC(=O)Cl,[ 0.56790024  0.8358191  -1.         -0.3830371  -0.2139993 ]
CCOC(=O)c1noc(C)c1C(C)=O,"[ 5.8747041e-01 -4.5247760e-01 -7.2985166e-01 -1.0000000e+00
  5.5284308e-05]"
CC(CN1CCOCC1)C(C(=O)N1CCCC1)(c1ccccc1)c1ccccc1,[ 0.06890719  0.70879513 -0.9455495  -0.7813256   0.1254619 ]
C1CN1P1(N2CC2)=NP(N2CC2)(N2CC2)=NP(N2CC2)(N2CC2)=N1,[-0.00945888  0.9070774  -0.5891282  -0.38993526  0.25225517]
COP(=S)(OC)Oc1ccc(C#N)cc1,[ 0.32032892  0.4839696  -0.5796428  -0.5585717  -0.10741428]
CS(=O)(=O)c1ccc(C(O)C(COC(=O)C[NH3+])NC(=O)C(Cl)Cl)cc1,[ 0.00126303  0.6766024  -0.5507095  -0.8761339   0.06901111]
O=c1oc(-c2ccccc2)nc2ccccc12,[-0.07064948  0.9070026  -0.5929512  -0.8832688   0.4099083 ]
CCCCc1nc(Cl)c(CO)n1Cc1ccc(-c2ccccc2-c2nnn[nH]2)cc1,[ 0.3548034   0.83544886 -0.7814345  -0.20080851 -0.02340873]
CC(C)c1cc(Oc2ccccc2)cc(C(C)C)c1NC(=S)NC(C)(C)C,[ 0.34846509  0.7823236  -0.81084955 -0.46914086  0.11458815]
SCCc1cnccn1,[-0.37251157  0.76086956 -0.7596254  -1.          0.42420816]
C#CC1(O)C=CC2C3CCC4=CC(=O)CCC4C3CCC21CC,[-0.3875976   1.         -0.24785317 -0.85950655  0.11895509]
COCCNCc1ccc(Nc2ncc3cc(-c4ccncc4)ccc3n2)cc1,[ 0.4096665   0.7932119  -0.49282897 -0.6680395  -0.38686672]
NNC(=O)c1ccncc1,[-0.87473786  0.7350368   0.09658974 -0.863647   -0.28059962]
Nc1nc2c(ncn2COCCO)c(=O)[nH]1,[ 0.39871684 -0.14055681 -0.7332461  -0.127331    0.35124347]
C[NH+]1CCOC(c2ccccc2)c2ccccc2C1,[ 0.46167332  0.29226086 -0.7811862   0.3795752  -0.08123045]
Cc1cnc(NC(=O)C2=C(O)c3ccccc3S(=O)(=O)N2C)s1,[ 0.16556035 -0.0610848  -0.8329657  -0.9304783  -0.13083534]
N=C(NN=Cc1ccc(Cl)cc1)NN=Cc1ccc(Cl)cc1,[ 0.29038543  0.5283871  -0.7644827  -0.3870931   0.09517752]
COCCOC(=O)CC#N,[ 0.09697247  0.9782224  -0.8996291  -0.9063789   0.07227296]
N#Cc1ccc2[nH]c(C(F)(F)F)nc2c1,[-0.025366    0.7703862  -0.80935514 -0.7415808  -0.2832485 ]
C[C@@H](NC1=CC(=O)CC1)c1ccc(Nc2ncc3cc(-c4ccncc4)ccc3n2)cc1,[-0.26238883  0.5283594  -0.36585277 -0.37772214 -0.01793298]
COP1(=S)OCc2ccccc2O1,[ 0.34814626  0.77430993 -0.5180773  -0.83561856 -0.4400478 ]
Cc1cc(=O)nc(SCc2ccccc2N(C)C)[nH]1,[ 0.3463537   0.9798418  -0.9531566  -1.         -0.20431615]
CN(C)N=Nc1nc[nH]c1C(N)=O,[ 0.04111693  0.5828527  -0.8613107  -0.24795218 -0.9809356 ]
C=COC(=O)CCCCC(=O)OC,[ 0.01774787 -0.31088945 -1.         -0.36747503  0.5229856 ]
C=CS(=O)(=O)CCCCCC,[ 0.16998121  0.9102916   0.20296626 -0.7568729   0.5242141 ]
O=C(CSc1nc2c(c(=O)n1-c1ccccc1)SCC2)Nc1ncc(-c2ccccc2)s1,[ 0.30810684  0.93661124 -0.8443027  -0.5382885  -0.07270712]
COc1cc(-c2cc(=O)c3c(O)cc(O)cc3o2)cc(O)c1OC,[ 0.06494345 -0.21101199 -0.74145997 -0.87772626 -0.06857546]
COc1cc2c(cc1OC)C1CC(=O)C(CCC#N)CN1CC2,[-0.28082848  1.         -0.7077537  -1.          0.6970753 ]
C=CCSP(=O)(NC(=O)CC)OC,[-0.00800428  0.67583656 -0.6682238  -0.44208187 -0.16904533]
CCC1(CC)C(=O)NCC(C)C1=O,[ 0.1238291  -0.62784195 -0.17031217 -0.4751212   0.17840877]
CCOC(=O)Cl,"[ 7.7197850e-02 -3.6895674e-01 -3.7037796e-01 -6.9095272e-01
 -5.2187179e-04]"
Cc1cc(Cl)ccc1OCC(=O)Nc1ccccc1,[ 0.06905356 -0.6048523  -0.5489586  -1.         -0.13622782]
C=CC(=O)N(C)C,[ 0.5748614   0.63621396 -0.8078505  -0.5419989  -0.16536847]
SCc1ccccc1,[ 0.21353991  0.9770392  -0.64589745 -0.92469484  0.5054529 ]
C#CC1(O)C(CO)OC(n2ccc(N)nc2=O)C1O,[ 0.15028171  0.8178341  -0.6185049  -0.9137919  -0.3363436 ]
Nc1ccc(Cl)cc1,[ 0.36382267  1.         -0.6444535  -0.7083981  -0.16124113]
N#CSCCSC#N,[-0.10012031  0.90479124 -0.88743633 -0.82039535 -0.3607245 ]
O=C(CF)Nc1ccccc1,[-0.2302426   0.91008043 -0.6968572  -0.8109402  -0.48692203]
CCC(C)OC=O,[ 0.14949459 -0.36496848 -1.         -0.7647422   0.64375114]
CCCCC(CC)CNCC(C)(N)CN(C)CC(CC)CCCC,[ 0.15438819  0.10419377 -0.4474485   0.54180735  0.1582617 ]
CCCCCCCCCCCCCCCCCCOP(=O)([O-])OCC[N+]1(C)CCCCC1,[-0.12896067 -0.49515212 -0.48240414 -0.47672132 -0.42027876]
CN[C@@H](C)[C@@H](O)c1ccccc1,[ 0.03109256  0.29529962 -0.825733   -0.86672527  0.6298933 ]
CC[C@H](CO)NC(=O)[C@H]1C=C2c3cccc4[nH]cc(c34)C[C@@H]2N(C)C1,[ 0.21213374  0.7330541  -0.6262732  -1.         -0.22336201]
CCOC(=O)CCC[Si](C)(OCC)OCC,[ 0.44567892  0.99422824 -0.6311135  -0.7999838  -0.19326463]
Nc1nc(-c2ccccn2)nc(N)c1Cc1ccc(Cl)cc1Cl,[ 0.0996093   0.8682438  -0.98005056 -0.20957373 -0.4706236 ]
O=c1cc(Cn2c(C3CCC3)nc3nccnc32)c2ccc(F)c(F)c2[nH]1,[-0.04112599  1.         -0.48014504 -0.51161224 -0.24254295]
S=C1NCCNC(=S)S1,[ 0.10352709  0.35323733 -0.69207114 -0.7709957  -0.21675849]
CCN1CCCC1CNC(=O)c1cc(S(N)(=O)=O)ccc1OC,[-0.0905168   0.00154914 -0.5235919  -0.27821684 -0.42880654]
C/C=C(/C)C(=O)O[C@H](c1cc2ccc(=O)oc2cc1OC)[C@H](O)C(C)(C)O,[ 0.38510108  0.7546115  -0.76135087  0.01508388 -0.12647991]
Oc1nc(-c2ccccc2)nc2ccccc12,[ 0.59085876  0.14631334 -0.853787   -0.6245347   0.3143569 ]
CCCCOP(=O)(O)OCCCC,[ 0.49849603 -0.4765357  -0.5049788  -0.6476212  -0.15845877]
CNC(=O)/C=C(/c1ccc2nc(N)n(S(=O)(=O)C(C)C)c2c1)c1ccccc1-c1cccc2ccccc12,[-0.10375228  0.76405525 -0.7624235  -0.93905306  0.64763814]
CNC(=O)c1c(I)c(NC(C)=O)c(I)c(C(=O)[O-])c1I,[ 0.21780607  0.9151081  -0.6558551  -0.68533593 -0.5460781 ]
NS(=O)(=O)c1cc2c(cc1Cl)NC(C(Cl)Cl)NS2(=O)=O,[ 0.24344712  0.36747885 -0.49243587 -0.5470278  -0.2772589 ]
COCCOP(=O)(OCCOC)OCCOC,[-0.12029812 -0.49223775 -0.58438087 -0.74351114 -0.08531801]
CC[C@H](C)C(=O)O[C@H]1C[C@H](O)C=C2C=C[C@H](C)[C@H](CC[C@@H](O)C[C@@H](O)CC(=O)O)[C@H]21,[-0.30656987  0.67070425 -0.01816955 -0.7540204   0.4264738 ]
CCCSP(C)(=S)OP(C)(=S)SCCC,[-0.10659459  0.8504734  -0.8533113  -0.90679145 -0.09688398]
CC(C)c1cccc(C(C)C)c1O,[ 0.36823332  0.7745255  -0.14327393 -0.8094807  -0.3751747 ]
CCOP(=O)(OCC)Oc1ccc(S(C)(=O)=O)c(C)c1,[-0.32930055  0.8969652  -0.9658039  -0.9929769  -0.14155304]
CC(C)CCCC1CCC(C)(C(=O)NCC(=O)O)CC1,[ 0.7395626  -0.45753908 -0.25148138 -0.6155432  -0.2844048 ]
C=CC(=O)OC1CC2CCC1C2,[-0.37615398 -0.52800506 -1.         -0.68922824  0.29624453]
Cn1c(COP(=O)(NCCBr)NCCBr)cnc1[N+](=O)[O-],[ 0.06606027  0.92897475 -1.          0.22750285  0.0569241 ]
OCC(O)CO,[ 0.31367683  1.         -0.94263446 -0.38600332  0.27719033]
O=C(O)Cc1ccccc1N1CCC(CN2CCC(Oc3ccc(Cl)c(Cl)c3)CC2)CC1,[-0.14614996  0.89675176 -0.92129654 -0.9003687  -0.32852995]
CNC(=O)ON=C1CCCC1(C)C#N,[-0.02121422  0.4806162  -0.82675076 -0.7652048  -0.30959645]
COc1cc(C2c3cc4c(cc3C(OC3OC5COC(C)OC5C(O)C3O)C3COC(=O)C23)OCO4)cc(OC)c1O,[ 0.03887329  0.28519845 -0.61486554  0.29172203  0.00448939]
CN1c2ccccc2C(NCCCCCCC(=O)[O-])c2ccc(Cl)cc2S1(=O)=O,[-0.40345553  0.85069704  0.14965893 -0.6605172  -0.28715384]
CCCCCCCc1ccccc1O,[ 0.46017286  0.60823095 -0.5771635  -1.         -0.43773967]
Cc1c(-c2c(C)c(N)c3c(C(C)C)c(O)c(O)c(C=O)c3c2O)c(O)c2c(C=O)c(O)c(O)c(C(C)C)c2c1N,[-0.3203723  0.7417582 -0.8816874 -0.8819588 -0.2583532]
CCCCC(CC)CNC1CCCCC1,[-0.06320003  0.7560722  -0.8609502  -0.9754164  -0.45659444]
O=Cc1ccc(O)cc1,[ 0.44199026  0.36824676 -0.6194274  -0.70235425 -0.21689866]
CC(C(=O)O)c1ccc(CC2CCCC2=O)cc1,[ 0.48430666  0.66689014 -0.6046664  -0.6581697   0.15633905]
O=C(c1ccc(Cl)cc1)c1ccccc1-c1ncc[nH]1,[ 0.11737837  0.9352012  -1.         -0.8174639   0.36744252]
COc1ccc(C(=O)Nc2ccccc2CCC2CCCCN2C)cc1,[ 0.4999049   1.         -0.6334456  -1.         -0.37363395]
COc1cc(C(=O)NC2CCCNC2)cc(OC)c1OC,[ 0.12180445  0.80565536  0.5153504  -0.4884324  -0.05996304]
C=CC(=O)OCC(=O)OCC,[-1.          0.8557275  -0.34564877 -0.66160446  0.06177723]
Oc1ccc(O)cc1,[-0.10291148  0.8121806  -0.54780626 -0.23569469 -0.02398573]
C=C(C)C(=O)OC=C(C)C,[ 0.33389878 -0.58101237 -0.56985945 -0.66844153 -0.41633376]
C=CC(=O)OCCOCC,[ 0.2885054   0.83992743 -0.24999997  0.4268524   0.21058668]
COc1cc(N)c2c(c1N)C(=O)c1ccccc1C2=O,[-0.35600942  0.5945959  -0.59339654 -0.893939   -0.09327149]
O=C(Cc1cccs1)N[C@@H]1C(=O)N2C(C(=O)[O-])=C(C[n+]3ccccc3)CS[C@H]12,[ 0.5429545   0.7549638  -0.88931495 -0.86263144  0.04588172]
COc1cc(OC)c(S(=O)(=O)N2c3ccccc3CCC2C)cc1NC(=O)CSCC(=O)O,[-0.05799093  0.5889839  -0.51945096 -0.8300151  -0.03482486]
C[C@@H]1NC(=O)[C@H](C)N(C)C(=O)[C@@H](C)N(C)C(=O)[C@H](C)NC(=O)[C@@H](C)NC(=O)[C@@H](C)N(C)C1=O,[ 0.5982871   0.63028246 -0.59450805 -0.5314603  -0.27668348]
COCC(=O)O[C@]1(CCN(C)CCCc2nc3ccccc3[nH]2)CCc2cc(F)ccc2[C@@H]1C(C)C,[-0.00380116  0.7115834  -0.10216263 -0.66146976  0.25698316]
C=CCN1CCCC1CNC(=O)c1cc2nn[nH]c2cc1OC,[ 0.47049946 -0.10239098 -0.7999018  -0.285353    0.5553648 ]
Cc1cc(=O)n(CSP(=S)(OC(C)C)OC(C)C)nc1Cl,[-0.08607093  0.27268127 -0.84907377 -1.          0.11382192]
COc1ccc(CC2NCC(O)C2OC(C)=O)cc1,[ 0.12680876  0.4360383  -0.80781853 -0.9571105   0.02427735]
Cc1cc(-n2c(C)nc3ccccc3c2=O)n(-c2ccccc2)n1,[ 0.4539291   0.67415243 -0.29221052 -0.49598247 -0.25376996]
CCOc1cc2nnc(C(N)=O)c(Nc3ccc(F)cc3F)c2cc1N1CCN(C)CC1,[ 0.19314225  0.48462483 -0.80732656 -0.6023664   0.47048748]
N=C(Nc1c([N+](=O)[O-])cnc2ccccc12)N1CCOCC1,[ 0.00388274  0.8405631  -1.         -0.24834338 -0.08497497]
CO/N=C(/C(=O)NC1C(=O)N2C(C(=O)[O-])=C(C[N+]34CCC(C(N)=O)(CC3)CC4)CSC12)c1nsc(N)n1,[ 0.04921186  0.7462035  -0.7417941  -0.79805213  0.26377124]
COC(C)C=O,[-0.25096846  0.6382246  -0.93776065 -0.734325    0.16386954]
C1C[SiH2]C1,[ 0.3959353   0.5681664  -0.5657197  -1.          0.01053111]
CCCCN1C(=O)c2cccc([N+](=O)[O-])c2C1=O,[ 0.24920875  0.40193832 -0.6728613  -0.7656532   0.4975056 ]
Nc1ncc2cc(-c3c(Br)cccc3Br)c(N)nc2n1,[ 0.33836997  1.         -0.5453225  -0.28123063 -0.20065424]
Nc1cc2c(S(=O)(=O)O)cc(S(=O)(=O)O)cc2cc1S(=O)(=O)O,[ 0.42223927  0.9366248  -0.8269196  -0.3877507   0.0928918 ]
O=C(O)c1ccccc1C(=O)Nc1cccc2ccccc12,[ 0.03464457  0.64187914 -0.55014735 -1.         -0.12693776]
Cc1c(CN2CCOC(c3ccccc3)C2C)c(=O)n(-c2ccccc2)n1C,[ 0.41419098  0.74266964 -0.53648204 -0.599856   -0.44170892]
CN1CCN(C2=c3ccccc3=Nc3ccc(Cl)cc3N2)CC1,[ 0.33076116  0.8867823   0.09141827 -0.16877271 -0.29585263]
O=C(CCC(=O)OC1CCCCC1)OC1CCCCC1,[ 0.63344455  0.69144094 -0.2785428  -0.5847307   0.042432  ]
CC[C@H]1NC(=O)[C@@H](NC(=O)c2ncccc2O)[C@@H](C)OC(=O)[C@H](c2ccccc2)NC(=O)[C@@H]2CC(=O)[C@H](CS[C@@H]3CN4CCC3CC4)CN2C(=O)[C@H](Cc2ccc(N(C)C)cc2)N(C)C(=O)[C@@H]2CCCN2C1=O,[ 0.11078389 -0.98949707 -0.82521933 -0.5652368  -0.11580335]
CC(C)Oc1ccc2c(=O)c(-c3ccccc3)coc2c1,[-0.14155361  0.72942454 -0.4723569  -0.66341305 -0.12013318]
CC(C)NCC(O)c1ccc(O)c(O)c1,[-0.00584164  0.8991368  -0.54783136 -0.41597804 -0.2693673 ]
Cc1cnc(Nc2cc(N3CCOCC3)nc(N[C@@H](C)c3ncc(F)cn3)n2)s1,[ 0.47827488  0.7522935  -0.8506377   0.19295846 -0.05558535]
CC(=Cc1ccccc1)C=C1SC(=S)N(CC(=O)O)C1=O,[ 0.5830717   0.83166337 -0.37430346 -0.6910485  -0.04039413]
COC(=O)C1=C(C)NC(C)=C(C(=O)OCCN(C)Cc2ccccc2)C1c1cccc(N(O)O)c1,[ 0.19564804  1.         -0.00908221 -0.9345719  -0.32950974]
Cc1ccccc1S(=O)(=O)NC(=O)N1CCC(N2CCC(Oc3ccc(Cl)c(Cl)c3)CC2)CC1,[ 0.14476763  0.9881208  -1.         -0.84469914 -0.3971745 ]
COP(=O)(SC(C)C)SC(C)C,[-0.6496077   0.7430844  -0.09787498 -0.0699433  -0.3898687 ]
CCC[C@@H](c1ccc(C(=O)O)c(Oc2cccc(Cl)c2)c1)N1CCC[C@H](n2cc(C)c(=O)[nH]c2=O)C1,[ 0.13679597  0.652409   -0.75139195 -0.1684511  -0.22372375]
CCC(C)CCCCC(=O)NC(CCN)C(=O)NC(C(=O)NC(CCN)C(=O)NC1CCNC(=O)C(C(C)O)NC(=O)C(CCN)NC(=O)C(CCN)NC(=O)C(C(C)O)NC(=O)C(CC(C)C)NC(=O)C(CCN)NC1=O)C(C)O,[-0.12883982  0.87955594 -0.8345749  -0.7710236  -0.09963857]
CCN(CC)CCNC(=O)c1cc(Br)c(N)cc1OC,[ 0.10457703  0.8358894  -0.9813087  -1.          0.02035095]
CC(C)(C)CNC(=S)Nc1cccnc1,[ 0.08768523  0.96879053 -0.45134318 -1.         -0.1759939 ]
CCN(CC)c1ccc2cc(C(=O)NC3(C(=O)N[C@H](Cc4ccccc4)C(=O)NCC4CCN(CC5CCOCC5)CC4)CCCC3)sc2c1,[-0.8530405   0.36256984  0.30641752  0.2697773   0.6152829 ]
O=C1C(Cl)C(CCl)CN1c1cccc(C(F)(F)F)c1,[ 0.25442347  0.9202239  -0.66364557 -0.12184136  0.12986438]
O=[N+]([O-])c1cc(C2CCCCC2)c(O)c([N+](=O)[O-])c1,[ 0.2452515   0.6994664  -0.2731178  -0.8202851   0.11442338]
S=C=NCCN=C=S,[ 0.44750166  0.7352399  -0.45123652 -0.7064252  -0.31778038]
Cc1c(C(C)C)c(=O)n(-c2ccccc2)n1C,[ 0.08011096  0.80888546 -0.7256407  -0.6622904   0.6083542 ]
CCCCn1c(=O)n(CCC)c(=O)c2[nH]c(C)nc21,[ 0.29483116 -0.26181903 -0.75186986 -0.49651164 -0.08876551]
O=C(Oc1ccccc1)n1c(C(F)(F)F)nc2cc(Cl)c(Cl)cc21,[ 0.04786731  0.55382454 -0.62964886 -0.56217253 -0.26158983]
O=NN1CCCCC1,[-0.2562442   0.92581993 -0.83625996 -0.40108305  0.14081042]
COCCOCCOC(C)=O,[ 0.2634282   0.82798654 -0.45016995 -0.39040992  0.36967802]
CC1CC(=O)NN=C1c1ccc([N-]N=C(C#N)C#N)cc1,[ 0.2239897   1.         -0.3072933  -0.86653924  0.11985512]
CN(CC#N)N=O,[-0.07956482  0.84699994 -0.8176939  -0.9154631   0.38984504]
CC(C)OC(=O)C(C(=O)OC(C)C)=C1SCCS1,[ 0.21936068  1.         -1.         -0.04719934 -0.28859577]
c1ccc(COCc2ccccc2)cc1,[ 0.01933681  0.9966245  -0.9531515  -0.29733038 -0.25958538]
OCCOc1cc(Cl)c(Cl)cc1Cl,"[-4.6057582e-01  9.1789496e-01 -8.1321752e-01 -3.4151205e-01
  1.8751656e-04]"
O=C(Oc1ccccc1)c1ccccc1C(=O)Oc1ccccc1,[ 0.239346    0.14659949 -0.77903783 -0.6442071  -0.05483801]
CCc1ccc2[nH]c(C(F)(F)F)nc2c1,[ 0.17867331 -0.15690842 -0.8214331  -0.8699106   0.32857993]
N#CCCCCC#N,[-0.10354019  0.8068862  -1.         -0.7503334  -0.2830225 ]
CC1NC(=S)NC1=O,[ 0.20531577  0.9821394  -0.9797298  -0.9278869   0.5469175 ]
COP(=S)(OC)Oc1ccc(S(N)(=O)=O)cc1,[ 0.3335903   0.21328391 -0.78129137 -0.5575317   0.43688664]
CC1(C)CC(NC2CC(C)(C)NC(C)(C)C2)CC(C)(C)N1,[ 0.54910225  0.8753964  -0.17561811 -0.7545878  -0.3444617 ]
COc1cc(OC)c(S(=O)(=O)N(c2ccccc2)C(C)C)cc1NC(C)=O,[-0.3255001   0.43326    -0.9419092  -0.65474457 -0.21172042]
C=CC(=O)OCCCCCCOC(=O)C=C,[-0.21382704  0.80121523 -0.57359123 -0.28156722  0.01753698]
Cc1ccc2c(c1)c(S(=O)(=O)c1ccc(Cl)cc1)c(C)n2CC(=O)O,[ 0.38917693  0.31544206 -0.8313344  -0.7102581  -0.19309206]
Cc1nc(C(F)(F)F)ccc1C(=O)Nc1ccc(Cl)c(-c2ccccn2)c1,"[ 4.15541173e-04 -5.90678155e-01  1.13972805e-01 -1.00000000e+00
 -5.25852919e-01]"
CC(C)NC(=O)c1cnc(N2CCC(N3C(=O)OCc4ccccc43)CC2)c(Cl)c1,[-0.2957716   0.9260916  -0.4875827  -0.390239   -0.33698592]
O=C(NC1CC1)c1cc(-c2cccs2)on1,[-0.44251433  0.86493534 -0.8706914  -0.63588154  0.00695684]
COC1CCC=CO1,[ 0.00543493  0.7800045  -0.6589717  -0.588767    0.2999508 ]
ClC(Cl)(Cl)c1ccc(C(Cl)(Cl)Cl)cc1,[ 0.2145609   0.8378782  -0.69871503  0.27977815  0.39993292]
COC(=O)C1=C(C)NC(C)=C(C(=O)OCCN(C)Cc2ccccc2)C1c1cccc([N+](=O)[O-])c1,[ 0.08579712  0.79788774 -0.6401037  -0.92008686  0.04445504]
O=C(O)c1ccccc1-c1c2ccc(=O)cc-2oc2cc(O)ccc12,[ 0.05144767  0.81951886 -0.273366   -0.3753076  -0.55984503]
CC1CS1,[ 0.24858144  1.         -0.9617008  -0.9955318   0.05143278]
CCC(=O)OCc1ccc(OC)cc1,[ 0.5344743  -0.1425684  -0.44446468 -0.7439472   0.07002256]
CCC1OC(C)SC1=NOC(=O)NC,[-0.27517074  0.15783083 -0.5518358   0.6530068   0.36132407]
Oc1c(Cl)c(Cl)cc2[nH]c(C(F)(F)F)nc12,[ 0.20474744  0.7177233  -0.85439533 -0.4295442   0.19744214]
C=C(C)C(=O)OCCC[Si](OC)(OC)OC,[ 0.05105338  1.         -1.         -0.76700693 -0.18604064]
CN(C)C(=O)N(C)N=O,[ 0.15450756  0.7678957  -0.70827276 -0.9368663  -0.20655842]
Cc1ccc(-c2ccccc2)cc1,[ 0.01141279  0.59607404 -0.8137672  -0.80248606 -0.06248679]
O=C(NCCNCC(O)COc1ccc(O)cc1)N1CCOCC1,[ 0.02992492  0.32823226 -1.         -0.8492987  -0.26466992]
Cc1nn(C2CCCCC2)c(N)c1-c1ccccc1,[-0.12599683  0.9016669  -0.9593734  -0.76711434 -0.21582267]
ClCC1C(CCl)C2(Cl)C(Cl)=C(Cl)C1(Cl)C2(Cl)Cl,[ 0.4110786   0.77727664 -0.8668101  -0.7482893   0.04139773]
O=C(O)c1cccc(Cl)n1,[ 0.15790142  0.86599994 -0.2254052  -0.4671206  -0.33023492]
OCCCCC(O)CO,[ 0.14025544  1.         -0.7213547  -0.93795115  0.5582635 ]
ClCC(Cl)Cl,[-0.14404579  0.5405313  -0.8094421  -0.69124043  0.06057306]
Brc1ccc2[nH]cc(CC3CCNCC3)c2c1,[ 0.47790867  0.81813556 -0.9047932  -0.66255647  0.16477577]
CC(C)(C)NC[C@H](O)COc1nsnc1N1CCOCC1,[-0.06451218  0.7912472  -0.24728498 -0.5144552  -0.23479334]
Cc1cc(Nc2nc(N[C@@H](C)c3ncc(F)cn3)nc(N3CCOCC3)c2F)n[nH]1,[-0.00382382  0.5359684  -0.532541   -1.         -0.20143446]
CCCCCCC(N)C(=O)N[C@@H](Cc1c(C)cc(O)cc1C)C(=O)N1CCC[C@@H]1C(=O)N[C@@H](Cc1c[nH]c2ccccc12)C(=O)N[C@@H](Cc1ccccc1)C(N)=O,[-0.03544272  0.7814788   0.42672473 -0.38512647 -0.39572975]
CC(C)C(CCC(C)C1CCC2C3C(O)CC4CC(NCCC[NH2+]CCCC[NH3+])CCC4(C)C3CCC12C)OS(=O)(=O)[O-],[ 0.32638642  0.8963565  -0.80812335 -0.85083675  0.6272929 ]
CCCCCCCCc1ccccc1O,[ 0.3670827   0.81417006 -0.99091524 -0.9643483   0.12038451]
C=CCc1ccc(OC(C)=O)c(OC)c1,[ 0.32257795  0.9682536  -0.8554356  -0.7256741  -0.05489287]
C=CC[NH+]1CCCC1CNC(=O)c1cc2n[nH]nc2cc1OC,[ 0.16963014  0.60758173  0.07071788 -0.28979397  0.606931  ]
CNC(=O)Oc1cccc2c1OC(C)(C)O2,[ 0.3993455   0.69290644 -0.8962461  -0.86858207  0.06307787]
CCOc1ccccc1-c1ccc(-c2nc3ccncc3c(O)c2C#N)cc1,[ 0.4956828   0.69401616 -1.         -0.42998558  0.414104  ]
Clc1ccc(OCOc2ccc(Cl)cc2)cc1,[ 0.2836358   0.7883371  -0.6279969  -0.85114807  0.61627513]
CN[C@H](CC(C)C)C(=O)N[C@H]1C(=O)N[C@@H](CC(N)=O)C(=O)N[C@H]2C(=O)N[C@H]3C(=O)N[C@H](C(=O)N[C@H](C(=O)O)c4cc(O)cc(O)c4-c4cc3ccc4O)[C@H](O)c3ccc(c(Cl)c3)Oc3cc2cc(c3O[C@@H]2O[C@H](CO)[C@@H](O)[C@H](O)[C@H]2O[C@H]2C[C@](C)(N)[C@H](O)[C@H](C)O2)Oc2ccc(cc2Cl)[C@H]1O,[ 0.47016498  1.         -0.70708066 -0.5695123  -0.13893424]
C#CCN1C(=O)CN=C(c2ccccc2)c2cc([N+](=O)[O-])ccc21,[ 0.33240914  0.8859422  -0.8209074  -0.3505941  -0.2578553 ]
CC(C)(C)c1nnc(NS(=O)(=O)c2ccccc2)s1,[ 0.23975673  0.8817266  -0.67907816 -0.78410244  0.10619497]
C=C(C)c1cccc(C(C)(C)N=C=O)c1,[ 0.3112515   0.70120376 -0.08527136 -0.65406305 -0.6983726 ]
Cn1cncc1CN(CCN(Cc1ccccc1)S(=O)(=O)c1ccccn1)c1ccc(C#N)cc1,[ 0.3407734   0.37512246 -0.7456976  -0.83608216  0.15163173]
FCOC(C(F)(F)F)C(F)(F)F,[ 0.3044316   0.45623726 -0.77908087  0.37575358  0.35286438]
CCOC(=O)C=Cc1ccc(Cl)cc1,[ 0.20143297  0.8645115  -0.97582716 -0.46983275 -0.33880416]
COc1ccc2c3c1OC1CC(O)C=CC31CC[NH+](C)C2,[-0.6136725  -0.40154067 -0.8069403  -0.5116822  -0.06866062]
CN(C)N(C)N=O,[-0.14959475  0.6416836  -0.83178186 -0.8428497   0.4571677 ]
CC(=O)OO,[ 0.03027888  0.70122427 -0.42020532 -0.6726738  -0.0757455 ]
CC(=Cc1ccccc1)CC(=O)N1CCOCC1,[-0.1487023   0.99807096 -1.         -0.7037922   0.47079659]
CN1[C@@H]2CC[C@@H]1CC(OC(=O)C(CO)c1ccccc1)C2,[-0.25972646 -1.         -0.76710796 -0.23022063  0.10272066]
Cc1onc2c(=O)n(C)nc(-c3ccccc3)c12,[ 0.39785674  0.9111986  -0.8392132  -0.6046767  -0.17089643]
Nc1ccc([N+](=O)[O-])cc1N,[ 0.29234874  0.7127053  -0.70025337 -0.43265605 -0.3588632 ]
CCOP(=O)(CC)SC,[ 0.2481716   0.83318496 -0.66604096 -0.6913572   0.39273867]
COc1cc2ncc(C(N)=O)c(Nc3ccc(F)cc3F)c2cc1NCCN1CCCCC1,[ 0.3875631   0.93191767 -0.7895451  -0.5373929   0.36131215]
Cc1cc(OC(=O)N(C)C)n(-c2ccccc2)n1,[-0.21965086  0.8348045  -0.7033981  -0.8044137  -0.05469137]
CCOc1ccccc1OC(c1ccccc1)C1C[NH2+]CCO1,[ 0.07956965  0.8745736  -0.4438545  -0.9838901  -0.23736998]
COCCN(C(=O)CCl)c1c(C)cccc1C,[-0.207481    0.38489717 -0.60306466 -0.72132134 -0.06314047]
CCc1nn(C2CCCC2)c2c1CCn1c(-c3cccs3)nnc1-2,[ 0.07943826  0.7364932   0.9143224  -0.2713093   0.6145085 ]
CNC(=O)c1[nH]cnc1C(=O)Nc1ccc(Cl)cc1,[ 0.00902229  0.82581025 -0.7488163  -0.6852868  -0.00798158]
CCCCc1c(OC(=O)c2cc(OC)c(OC)c(OC)c2)n(-c2ccccc2)n(-c2ccccc2)c1=O,[-0.09646606  0.9241995  -0.61978954 -0.8311965  -0.14046171]
N#Cc1cccc(Cc2ncccn2)c1,[-0.27244952  0.83902884 -0.6560933  -0.87028104 -0.15919712]
COc1ccc2ncc(=O)n(CCN3CC[C@@H](NCc4ccc5c(n4)NC(=O)CO5)[C@@H](F)C3)c2c1,[ 0.39192802  0.820069   -0.42270026 -0.6869608  -0.54900646]
CC(C)(C)NC(=O)C1CC2CCCCC2CN1CC(O)C(Cc1ccccc1)NC(=O)C(CC(N)=O)NC(=O)c1ccc2ccccc2n1,[ 0.3396995   0.8469082  -0.6309023   0.08610837  0.32033205]
Cc1cccc(C)c1CCNC(N)=O,[-0.25802588  0.8290363  -0.7043914  -0.96958447  0.5232573 ]
O=C1CCc2ccccc2O1,[ 0.129126    0.4715902  -0.17299733 -0.44256195  0.5265461 ]
CC(C)=CCN1CCC2(C)c3cc(O)ccc3CC1C2C,[ 0.34567448  0.9855014  -0.99986243 -0.5615916   0.35457322]
O=C1c2cccc(S(=O)(=O)O)c2C(=O)c2c1cccc2S(=O)(=O)O,[ 0.11671321  0.6532763  -0.6687575  -0.8357179  -0.24980538]
Clc1nc(Cl)nc(Cl)n1,[ 0.03567077 -0.15603955 -0.94323975 -0.69973195  0.58662397]
Cc1cc(C(=O)c2ccccc2)ccc1N,[-0.5964466   0.81284267 -0.15678638 -0.45794094  0.04363328]
Cc1cccc(C)c1O,[ 0.04925277  0.5359689  -0.60836786  0.14585808 -0.17654964]
Nc1ccc(S(=O)(=O)O)c2cccc(O)c12,[-0.51465017  0.8091678  -0.38027114 -0.79140425  0.5043622 ]
c1ccc(OP(Oc2ccccc2)Oc2ccccc2)cc1,[ 0.46286127  0.7136542  -0.7812472  -0.55195266  0.30934602]
CN(CC=CC#CC(C)(C)C)Cc1cccc2ccccc12,[-0.3846871   0.9822453  -0.80784386 -0.7487247  -0.16035001]
CN(SSC(C)(C)C)C(=O)ON=C1SCCS1,[ 0.47790152  0.40675476 -0.6791422   0.39489812  0.01305216]
C#CCN(C)c1ccccc1OC(=O)NC,[ 0.46699002 -0.90015316 -0.6955476  -0.4990323   0.12144478]
O=c1[nH]c2ccccc2n1CCC[NH+]1CCC(n2c(=O)[nH]c3cc(Cl)ccc32)CC1,[ 0.04852274 -0.11728542 -0.0180679  -0.72147655 -0.7091729 ]
Cc1cn([C@H]2CCCN(S(=O)(=O)c3ccc(C(N)=O)c(Oc4cccc(Cl)c4)c3)C2)c(=O)[nH]c1=O,[ 0.0685702   0.8068759  -0.98128974 -0.6657482  -0.18901554]
C=C1CC1CC(N)C(=O)O,"[ 4.4046082e-02  7.6900667e-01 -1.0000000e+00 -5.6485394e-03
 -5.9163664e-04]"
COc1ccc([N+](=O)[O-])cc1N,[ 0.23194696  0.8974133  -0.563366   -0.524016    0.31472307]
CC(C)(O)c1ccccc1,[ 0.29177034  0.6474739  -0.7957743   0.28533608 -0.13921627]
CC1CCC(C(C)C)C(O)C1,[ 0.02748581 -0.4130177  -0.7061243  -1.          0.32631254]
COC(CN1CCN(CCC(O)c2ccccc2)CC1)c1ccccc1,[ 0.02531912  0.6389822  -1.         -0.83114356 -0.4607564 ]
C(Oc1nc(OCC2CO2)nc(OCC2CO2)n1)C1CO1,[ 0.14128259  0.7598693  -0.5732672  -0.6981493  -0.11478835]
C=CCOc1ccccc1OCC(CNC(C)C)OC(=O)C1CC1,[ 0.14625165  0.250159   -0.80614525 -1.         -0.1551108 ]
COP(N)(=O)SC,[-0.14628588  0.71101636 -0.7922243  -0.7347669   0.15485409]
CC(=O)CCC(C)=O,[ 0.08987252  0.8801246  -0.53953916 -0.74975604 -0.50902385]
CCCCC(=O)N(Cc1ccc(-c2ccccc2-c2nnn[n-]2)cc1)C(C(=O)[O-])C(C)C,[-0.16174565 -0.4024639  -0.88086504 -0.8122373   0.08077142]
CCOP(=S)(OCC)OC(=CCl)c1ccc(Cl)cc1Cl,[ 0.5157977  -0.01926042 -0.46138278  0.4243588   0.78311217]
CCC(C)OP(=S)(OC)OC,[ 0.42096567  0.751717   -0.9488837  -0.7468876   0.18525226]
CC(C)=C1CCC(C)CC1=O,[-0.0374181   0.7315853  -0.71899706 -0.32774556 -0.47288752]
Cc1ccc(N=C=O)cc1N=C=O,[-0.18181634  0.51298416 -0.73939466 -0.9951548  -0.19735259]
CCOC(=O)C(C)Oc1ccc(Oc2nc3ccc(Cl)cc3s2)cc1,[ 0.25811815 -0.49137464 -0.6595288  -1.          0.08412749]
Cc1cc(C)c(N)c(C)c1,[ 0.4345348  -0.0883406  -0.6422295  -0.4270382   0.12304689]
C=CCc1ccccc1OCC(O)C[NH2+]C(C)C,[ 0.17960414  0.5988687  -0.6340895  -0.5843852  -0.45875064]
CC(=O)CCCCCCCC(=O)O,[ 0.44378972  0.8224017  -0.7945716  -0.6581316  -0.2361111 ]
ClCC(Cl)=C(Cl)Cl,[ 0.30961394  0.74785936 -0.5465404  -0.8145872  -0.25324342]
CN1CCC(=C2c3ccccc3Sc3ccccc32)CC1,[ 0.29452705  0.7023304  -0.7216904  -0.64717424 -0.0610705 ]
CCCc1nn(C)c2c(=O)[nH]c(-c3cc(S(=O)(=O)N4CCN(C)CC4)ccc3OCC)nc12,[-0.1347981   0.81596565 -0.654886    0.01491216 -0.20068243]
Cc1cn([C@H]2CCCN([C@H](CC(C)C)c3ccc(C(=O)O)c(Oc4cccc(Cl)c4)c3)C2)c(=O)[nH]c1=O,[-0.03145089  0.8325992  -0.939417   -0.9752065  -0.74063617]
C[C@@H]1NC(=O)[C@H](C)N(C)C(=O)[C@@H](C)NC(=O)[C@H](C)N(C)C(=O)[C@@H](C)N(C)C(=O)[C@@H](C)NC1=O,[-0.2011001   0.45274535 -0.89244956 -0.77647287 -0.4789762 ]
Cc1cccc([N+](=O)[O-])c1[N+](=O)[O-],[-0.31304172  0.9155111  -0.4379882  -0.6273645   0.4305605 ]
CCCCSCCCC,[ 0.43907732  0.7226913  -0.6844076  -0.86143327 -0.00529158]
CC(=O)N(C)c1ccc(Nc2ncc3cc(-c4ccncc4)ccc3n2)cc1,[ 0.01713671  0.6579769  -0.6568885   0.8390338  -0.02610468]
CCCCCC(O)C=CC1C(O)CC(O)C1CC=CCCCC(=O)O,[ 0.36685553 -0.17738245 -1.         -0.34923488  0.9138081 ]
CC(CO[N+](=O)[O-])(CO[N+](=O)[O-])CO[N+](=O)[O-],[ 0.21001032  0.9703074  -0.7869494  -0.3019737  -0.2722815 ]
Cn1c(C(=O)NC2(C(=O)N[C@H](Cc3ccccc3)C(=O)NCCCN3CCOCC3)CCCC2)cc2ccccc21,[-0.21214473 -0.5174108  -0.7644438  -0.16346149  0.16977073]
NCC(O)CO,[ 0.4049943   0.8951365  -0.5594805  -0.48654196  0.334127  ]
CC(C)=CCOC(=O)c1ccccc1,[ 0.15255511  0.9771678  -0.6971194  -0.5329049  -0.26564404]
COP(=S)(OC)SC(CBr)N1C(=O)c2ccccc2C1=O,[-0.04714609  0.83093625  0.46283934 -0.8303753   0.27105778]
COc1cccc(OC)c1O,[-0.5554935   0.47707802 -0.768488   -0.6936302  -0.18155408]
CCOP(=S)(OCC)SCSCc1ccccc1,[-0.13184258  0.87574923 -0.76345676 -1.          0.07757425]
CCOC(=O)C(CCc1ccccc1)NC(C)C(=O)N1C(C(=O)[O-])CC2CCCCC21,[ 0.43130893  0.7344591   0.90923953 -0.3682591  -0.4337376 ]
CN,[ 0.6509255   0.8655851  -0.7501145  -0.15121017 -0.18845199]
CN(C)C(Cc1ccccc1)c1ccccc1,[ 0.36809102  0.94891894 -1.         -1.         -0.33158097]
CNC(=O)ON=C(C)SCC(=O)N(C)C,[ 0.2422475  -0.06945538 -0.65993375  0.86200726 -0.0378342 ]
Cc1cccc(Nc2ccncc2S(=O)(=O)[N-]C(=O)NC(C)C)c1,[-0.40272883  0.7427306   0.11557995 -0.5382571  -0.35909775]
COc1cc2ncc(C(N)=O)c(Nc3cccc(Cl)c3Cl)c2cc1N1CCN(C)CC1,[ 0.2262048   0.571976   -0.9450254  -0.9456809  -0.46872282]
OCCNCCc1ccccc1,[-0.02326502  0.65044266 -0.52828324 -0.69866526  0.7483585 ]
CCOc1nc(C(Cl)(Cl)Cl)ns1,[-0.51353383  0.8861492  -0.3660108  -0.42887315  0.27861008]
Nc1ccc(O)c([N+](=O)[O-])c1,[-0.4337717  -0.11775425 -0.84378695 -0.76278305 -0.04564989]
O=C(C(F)(F)Cl)C(F)(F)Cl,[-0.17434174  0.979014   -0.8289886  -0.11041991 -0.08456431]
C[C@H](CSN=O)C(=O)N1CCC[C@@H]1C(=O)O,[-0.06582633  0.7444778  -1.         -0.36466944  0.19983797]
C=C(C)C(=O)OCCCC,[-0.04818812  0.80700016 -0.79697174 -0.80638075 -0.27353284]
Nc1ccc(F)c([N+](=O)[O-])c1,[ 0.15039955  0.5099536  -0.4053008  -0.4503685  -0.05144685]
Cc1cccc(N)c1C,[ 0.11131535  0.83760214 -0.80225754 -0.05888131  0.07493721]
CCCCOC(=O)c1ccc(-n2nc(OCCN3CCCCC3)c3ccccc32)cc1,[ 0.05351813  0.8701721  -0.25556603 -0.9649808  -0.18529928]
CC(=O)Nc1ccc(CNc2[nH]nc3ccnc(Oc4ccccc4)c23)cc1,[ 0.20459838  0.78521097 -0.97354245 -0.83175623 -0.26819333]
FC(F)(F)c1nc2c(Br)c(Br)cc(Br)c2[nH]1,[ 0.14887096  0.27516764 -0.5227001  -0.68654376  0.03750809]
CN(C)CCOCCOCCN(C)C,[-0.10026843 -0.83031714 -0.8874485  -0.9657073  -0.14992914]
CCOC(=O)c1c(C)cc2c(CO)n[nH]c(=O)c2c1C,[ 0.06924894  0.49416274  0.73938787 -0.38431203 -0.4734506 ]
COc1ccc(-c2nc3c(NCCCNC(C)=O)c(Br)cnc3[nH]2)cc1,[-0.38094226  0.8446199  -0.81294036 -0.7959499   0.605167  ]
O=C(O)COc1ccccc1,[ 0.12056249  0.729679   -0.963314   -0.35230154 -0.19666342]
O=c1cc(N2CCOCC2)nc2n(Cc3cccc(Cl)c3Cl)ccn12,[ 0.37592337  0.11518954 -0.24419032 -0.26056933  0.10468365]
CCOP(=S)(Oc1cccc2cccnc12)c1ccccc1,[-0.06687337  0.86350477 -0.8189452  -0.60159445  0.37838864]
C[C@H](Cc1cccc(CC(=O)NC23CC4CC(CC(C4)C2)C3)c1)NC[C@H](O)c1ccc(O)c(CO)c1,[ 0.01668002  0.93332154 -0.6514013  -0.35060394 -0.41928014]
O=[N+]([O-])c1nccs1,[ 0.15270413  0.6747046  -0.8284278  -0.7933334  -0.2669678 ]
CC1=C2C[C@H]3[C@@H](CC=C4C[C@@H](O)CC[C@@]43C)[C@@H]2CC[C@]12O[C@@H]1C[C@H](C)CN[C@H]1[C@H]2C,[-0.08346047  0.6556029   0.2611304  -0.43135932 -0.06276298]
CC(C)(C)OC(=O)N1CCN(c2ncc(OCc3ccncc3)cn2)CC1,[ 0.05406668  0.9007083  -0.47209728 -0.52411366 -0.20329085]
Nc1ccn([C@@H]2O[C@H](CO)[C@@H](O)C2(F)F)c(=O)n1,[-0.12483994  0.75961304  0.17512025 -0.5848389  -0.32751846]
Nc1c(Cl)c(Cl)c2[nH]c(C(F)(F)F)nc2c1Cl,[ 0.34868273  0.4346467  -0.54318553 -0.6733788   0.49176228]
CC1CS(=O)(=O)CCN1N=Cc1ccc([N+](=O)[O-])o1,[ 0.30327293  0.693924    0.6235639  -0.41713867 -0.21053284]
CCCCC(CC)OCCOCCO,[ 0.37441298  0.71704495 -0.7819239  -0.43827963 -0.35258874]
CCN(CC)N=Nc1ccccc1,[ 0.5424329   0.9932604  -0.74324363 -0.95820993 -0.18927385]
C[C@@H]1CN(Cc2ccc(F)cc2)CCN1C(=O)COc1ccc(Cl)cc1NC(N)=O,[ 0.27630273  0.8774872  -0.13919795 -0.45530793 -0.09111171]
Cc1c(F)cc(C(=O)NC2CC2)cc1-c1ccc(C(=O)NCC(C)(C)C)cn1,[ 0.5930093   0.5068731  -0.7708746  -0.37533116  0.6483777 ]
COP(=O)(OC)ON1C(=O)c2cccc3cccc(c23)C1=O,[-0.07532892  0.72504574 -0.9947404  -0.27980918  0.05533114]
CC(C)CNC(=O)NS(=O)(=O)c1ccc(Cl)cc1,[-0.29145238  0.7126561  -0.759395   -0.50242156 -0.465318  ]
CC[C@H]1CN(Cc2cc(Cl)ccc2OCC(=O)O)CCN1S(=O)(=O)c1ccccc1,[-0.14938404  0.73822063 -0.985179   -0.58443993  0.2879477 ]
CC1(C)C2CC=C(CCO)C1C2,[ 0.2728433  0.7205009 -0.7555394 -0.4182314  0.2641133]
CC(Cl)(Cl)[N+](=O)[O-],[-0.31608272  0.8193265  -0.60365856 -0.8693266  -0.45618716]
CCOC(=O)C=Cc1ccc2c(c1)OCO2,[ 0.29108518  0.8251539  -0.8406901  -0.8318736  -0.27195057]
CC(O)C(Cl)(Cl)Cl,"[-3.2431658e-04  1.0000000e+00 -9.4655329e-01 -5.6370610e-01
  4.7030309e-01]"
CCC(=O)CC,[ 0.20211731  0.6444385  -0.88734037 -0.9464509  -0.17874624]
O=C1C2CC3C1C1(Cl)C(Cl)C4(Cl)C2C3C1(Cl)C4(Cl)Cl,[ 0.54452163  0.75926906 -0.58397186 -0.5418734  -0.08499759]
CNC(=O)Oc1cc(C)c(N(C)C)cc1C(C)C,[ 0.33412316  0.7938331  -0.7910706  -0.4209677  -0.5120594 ]
CC(C)(c1ccc(Oc2ccc(N)cc2)cc1)c1ccc(Oc2ccc(N)cc2)cc1,[ 0.50435245 -0.31649986 -0.27086052 -0.71177745  0.2681302 ]
CCOC(=O)CCN(Cc1ccccc1)SN(C)C(=O)ON=C(C)SC,[-0.29376495  0.86504227 -0.75841415 -0.47038922  0.03274556]
C1=CCC(C2OCC3(CC=CCC3)CO2)CC1,[-0.40692994  0.27785757 -0.4943356   0.41005984  0.2844966 ]
CC(=O)NCCCS(=O)(=O)[O-],[ 0.40054065  0.24650617 -0.39158225 -0.49094006 -0.08592895]
CC(C)(C(=O)O)S(C)(=O)=O,[ 0.65726763  0.76009315 -0.6783161   0.15443161 -0.513619  ]
O=S(=O)(O)c1ccc2cc(Nc3cccc4c(O)c(S(=O)(=O)O)ccc34)ccc2c1O,[ 0.30055043 -0.1486342  -0.8660732  -0.61657894 -0.00646545]
CN(C)S(=O)(=O)CCCCCNC(=O)N(CCCl)N=O,[-0.05993404 -0.21132974 -0.6192696  -0.59807074 -0.1508121 ]
CC(=O)c1c(C)c2cnc(Nc3ccc(N4CCNCC4)cn3)nc2n(C2CCCC2)c1=O,[-0.12122884  0.6795312   0.9282873  -0.34534866  0.2630764 ]
O=c1[nH]c(=O)c2ccccc2o1,[ 0.02304371  0.9020136  -0.8873019  -0.6729997  -0.18230245]
CCNC(=O)CSP(=S)(OC)OC,[ 0.2113139   0.8901166  -0.7582859  -0.8139656  -0.45003977]
Cc1ccc(N=C=O)cc1,[ 0.73468775  0.7752721  -0.614018   -0.6964497  -0.08148813]
O=C(CCCN1CCC(O)(c2cccc(C(F)(F)F)c2)CC1)c1ccc(F)cc1,[ 0.09352467  0.8312984  -0.86631155 -0.542525   -0.00183019]
CCC(C)(C)C1CCC(=O)CC1,[ 0.44872206  0.6320009  -0.7788265  -0.5624305  -0.0900299 ]
COc1cc2c(cc1OC)C(CCc1ccc(Cl)cc1)N(C)CC2,[ 0.3902304   0.6273649   0.39783815 -0.21042782 -0.41576532]
CCCCCCCCCCOc1c(OC)cc(C(N)=O)cc1OC,[ 0.16443303  0.44370434 -0.42669904  0.13665228 -0.00535161]
O=CCCCC=O,[ 0.4903529   0.77811164 -0.19689827 -0.8350767  -0.39591348]
CCC(c1ccccc1)c1c(O)c2ccccc2oc1=O,[ 0.32888266  0.7586394  -0.9019791  -0.96449065 -0.273397  ]
NC(=O)c1cnc(N[C@@H]2CCCC[C@@H]2N)nc1Nc1cccc(-n2nccn2)c1,[-0.22424828  0.90063745 -0.9010481  -0.8035842   0.28067586]
Cc1ncsc1C,[-0.10097163  0.81463164 -1.         -0.81569886  0.29262483]
NC(=O)N1C(=O)C(C(=O)c2cccs2)c2cc(Cl)ccc21,[-0.37179825  0.403769   -0.7473363  -0.7196991  -0.37808868]
Cc1ccc(S(=O)(=O)Nc2c(C(=O)N[C@@H](C)C(C)(C)C)c(C)nn2C(C)C)cc1,[-0.32777995  0.8557721  -0.7895631  -0.79313064 -0.5608955 ]
COc1cc2ncc(C(N)=O)c(Nc3ccc(C)cc3F)c2cc1OC,[ 0.2126714   0.8035484  -0.8709003  -0.694614   -0.34733728]
O=C(O)COc1ccc(Cl)cc1CN1CCN(S(=O)(=O)Cc2ccccc2)CC1,[ 0.2000901   0.9479415  -0.859482   -1.         -0.03961981]
CC#CCC(C)C(O)/C=C/C1C(O)CC2C/C(=C/CCCC(=O)[O-])CC21,[-0.14248274  0.83519334 -1.         -0.86881363  0.09650201]
CN(C)CCC(c1ccc(Cl)cc1)c1ccccn1,[ 0.14511323  0.86912656 -0.6513693   0.42045832 -0.15963033]
COc1ccccc1Oc1c([N-]S(=O)(=O)c2ccc(C(C)C)cn2)nc(-c2ccnc(-c3nnn[n-]3)c2)nc1OCCO,[ 0.86079234  0.7952475  -1.         -0.64800316 -0.40632936]
O=C(Cl)c1cccc(C(=O)Cl)c1,[ 0.41512263  0.41297376 -1.         -0.36586577 -0.18583079]
N#CCCOCCC#N,[-0.22220379  0.9231195  -0.8916459  -0.9657646  -0.15456375]
COc1ccc(NC(=O)c2ccnc(N)n2)cc1,[-0.22929676  0.73596513 -0.7753928  -0.39485982  0.09499719]
CCCC(=O)c1ccc(N)cc1,[ 0.42115358  0.6850225  -0.961663   -0.78183746 -0.42726356]
CCC[NH+]1CCCCC1C(=O)Nc1c(C)cccc1C,[ 0.16839261  0.4944175  -0.7712265  -0.7325896   0.0339805 ]
OC(CCN1CCCC1)(c1ccccc1)C1CCCCC1,[ 0.15937257  0.82125276 -0.73364836 -0.5973508  -0.11517569]
C=C(C)C(=O)OCCOC(=O)C(=C)C,[ 0.0133392   0.4207019  -0.78682    -0.47388834  0.67412686]
C=CC(=O)OCCOCCC#N,[-0.10257506  0.8396848  -1.         -0.7091945  -0.06918049]
C[Si](C)(Cl)Cl,[ 0.6373528  0.8388745 -0.7856964 -0.7883669 -0.4324247]
COc1cc(C=CC(=S)N2CCOCC2)cc(OC)c1OC,[-0.65635663 -0.35924527 -0.54616404 -0.38074246 -0.31920588]
CCNC(=O)C=Cc1cccc(Br)c1,[-0.00717619  0.8064655  -0.8806899   0.18377525  0.10103542]
CCCCN(CCCC)CCCC,[-0.05964608  0.8520464  -0.859174   -0.67537975 -0.3788403 ]
C=CCN(C(=O)Cn1nc(C)ccc1=O)C(C)Cc1ccccc1,[ 0.33936086  0.661583   -0.7363368  -0.8505637  -0.34704173]
CC1OC(OC2C(O)CC(OC3C(O)CC(OC4CCC5(C)C(CCC6C5CC(O)C5(C)C(C7=CC(=O)OC7)CCC65O)C4)OC3C)OC2C)CC(O)C1O,[-0.30689114  0.5320241  -0.72892004 -0.7226497   0.1490716 ]
C/C=C/CC(C)C(O)C1C(=O)NC(CC)C(=O)N(C)CC(=O)N(C)C(CC(C)C)C(=O)NC(C(C)C)C(=O)N(C)C(CC(C)C)C(=O)NC(C)C(=O)NC(C)C(=O)N(C)C(CC(C)C)C(=O)N(C)C(CC(C)C)C(=O)N(C)C(C(C)C)C(=O)N1C,[ 0.2555817   0.8364549  -0.77945244 -0.77073306  0.06597833]
C=CN(CC)C(C)=O,[ 0.03564314  0.81059915 -0.5626987  -1.         -0.4902165 ]
CN(C)C(=O)Oc1cccc2sccc12,[-0.01354814  0.5283354  -0.66051203 -0.64347106 -0.53010327]
CCN(CC)CCCCCCCCCCNC(=O)Oc1ccc2c(c1)C1(C)CCN(C)C1N2C,[ 0.08915398  0.7287515  -0.8017375  -0.5482506   0.595305  ]
C=CN(C)N=O,[ 0.32514098  0.08882201 -0.5300176  -0.32785976  0.2019484 ]
O=C(O)CCC(=O)O,[ 0.31438416  0.8831496  -0.9832285  -0.09636518 -0.60160744]
CCOP(=S)(OCC)OC(C)CC,[-0.41102472 -0.31835854  0.2532888  -0.83478564 -0.47307602]
O=C1c2ccccc2N(C(=O)CN2CCOCC2)CN1c1ccccc1,[ 0.36010984  0.6151446  -0.8350277  -0.15458636 -0.09985296]
ClCc1cccc2ccccc12,[ 0.23296031  0.8278534  -0.8170369  -0.5932973   0.15011854]
CCOc1ccc([C@@H](C)Nc2nc(N3CCN(C(C)=O)CC3)nc3c2CN(C(C)C)C3=O)cc1,[ 0.33752966  0.17821084 -0.39829051 -0.7042546  -0.20905015]
Nc1ccc(N)cc1,[ 0.41006535  0.6491116  -0.34365928 -0.9019534   0.07716957]
COP(=O)(OC)OC(=CCl)c1cc(Cl)ccc1Cl,[ 0.16534969  0.8629551  -0.58284634 -0.8195143  -0.298899  ]
N#CC(c1ccccc1)c1ccccc1,[ 0.6766383   0.67475736 -0.5489343  -0.45003664 -0.00117217]
CC(O)C(=O)Nc1c(I)c(C(=O)NC(CO)CO)c(I)c(C(=O)NC(CO)CO)c1I,[ 0.26521617  0.71387136  0.6366351  -0.7571166  -0.213593  ]
O=c1c2nocc2c(-c2ccccc2)nn1-c1ccccc1,[-0.34109163 -0.69546217 -0.7880477  -0.6916268  -0.2065223 ]
Cc1cc(Cl)ccc1OCC(=O)O,[ 0.21524741  0.8953028  -0.86917436 -0.6564951   0.6794933 ]
Cc1nc(N)nc(N)c1-c1ccc(Br)cc1,[ 0.39113185  0.8739458  -0.7903035  -0.86747503 -0.5247105 ]
O=CNC(N1CCN(C(NC=O)C(Cl)(Cl)Cl)CC1)C(Cl)(Cl)Cl,[ 0.3948207   0.83809793 -0.6940805  -0.7528836  -0.13156591]
COP(=S)(OC)SCSCC=C(Cl)Cl,[ 0.33055723  0.06787745 -0.8961263  -0.66244215  0.19912082]
CCCSP(=S)(OC)SCCC,[ 0.5964699   0.90734744 -0.83736646 -0.36303675 -0.04659692]
CC#CCC(C)C(O)C=CC1C(O)CC2Oc3c(CCCC(=O)O)cccc3C21,[ 0.33408818  0.9450243  -0.80324644 -0.69886065 -0.4892396 ]
CC(=O)C1(O)Cc2c(O)c3c(c(O)c2C(OC2CC(N4CC4)C(OS(C)(=O)=O)C(C)O2)C1)C(=O)c1ccccc1C3=O,[ 0.33997935  0.94220173 -0.6063562  -0.29142606 -0.30731604]
COP(=S)(OC)Oc1cc(Cl)c(Cl)cc1Cl,[ 0.38891014 -0.35234857 -0.6616287  -0.7792754  -0.17061532]
CCC(C(=O)O)c1ccc(CC(C)C)cc1,[ 0.30726916  0.699823   -0.21828152 -0.7604787  -0.433712  ]
NS(=O)(=O)c1cc2c(cc1Cl)NCNS2(=O)=O,[ 0.44152328  0.8688602   0.14925018 -0.6925085  -0.33020055]
CCC(=O)N(c1ccccc1)C1CCN(CCc2ccccc2)CC1,[-0.36699742  0.08087803 -0.77174485 -0.5195995  -0.28212485]
S=c1[nH]cnc2nc[nH]c12,[-0.2949145   0.38274044 -0.88817227 -0.9134053  -0.14519547]
CN(CCCl)CCCl,[ 0.24141932  0.7923836  -0.66527385 -0.78932214  0.13830276]
CCC(=O)OC1CCC2C3CCC4=CC(=O)CCC4(C)C3CCC12C,[ 0.28012627 -0.55202925 -1.         -0.6678619   0.8805731 ]
CCC(C)c1ccccc1,[ 0.4435553   0.7235869  -0.8610094  -0.07936785 -0.24927244]
O=C(Nc1cccc(Cl)c1)Nc1nnc(-c2ccncc2)s1,[ 0.22301757  0.80627173 -0.5320102  -1.         -0.2019762 ]
CN1CN(CCO)CSC1=S,[ 0.34972602  0.4471193  -0.99897015 -0.6121559   0.1055995 ]
Cc1ccc([N+](=O)[O-])cc1,[ 0.40960965  0.64265746 -0.79188156 -0.8196603  -0.22144076]
CN1CCN(c2ccc3ncc(C(N)=O)c(Nc4ccc(Cl)c(Cl)c4)c3c2)CC1,[-0.39391562 -0.08975823 -0.20908771 -0.32246318 -0.50367594]
Cc1c(OC2CCN(CC3CCN([C@@H](Cc4ccc(F)cc4)C(=O)O)CC3)CC2)ccc(C#N)c1Cl,[-0.2804619   0.8639816  -0.11218984 -0.27807754  0.8125197 ]
CCOc1ccccc1C(N)=O,[ 0.91068184  0.67784196 -0.48637438 -0.16767198 -0.5695669 ]
COc1ccc(C(Oc2ccccc2)C2=NCCCN2)cc1,[-0.14307252 -0.3996069   0.30541268 -0.864191   -0.12885591]
O=[N+]([O-])OCC(O)CO,[ 0.36874247  0.93730795 -0.22900608 -0.77324754 -0.11326819]
Cc1ccc2c(c1)c(Sc1cccc(Cl)c1)c(C)n2CC(=O)O,[-0.19932264  0.77372444 -0.7529575  -0.77888536  0.01669048]
c1ccc([C@H]([C@@H](c2ccccc2)N2CCCCC2)N2CCCCC2)cc1,[-0.87596506  0.72890496 -0.22303626 -0.49558207 -0.43799278]
CN(c1ccc(F)cc1F)c1c([N+](=O)[O-])cc([N+](=O)[O-])cc1C(F)(F)F,[ 0.14048913  0.3256875   0.03295956 -0.21060888  0.5914017 ]
CCOc1cc2ncc(C(N)=O)c(Nc3ccc(F)cc3F)c2cc1N1CCN(C2CC2)CC1,[-0.08499548  0.08527963 -0.26611215  0.38096362  0.16125181]
CCCC1CC(C(=O)NC(C(C)Cl)C2OC(SC)C(O)C(O)C2O)[NH+](C)C1,[ 0.29144326  0.75798005 -0.4546593  -0.24098217  0.5425019 ]
FC(F)(F)c1nc2cc(Br)c(Cl)cc2[nH]1,[ 0.22901693  0.8292391  -0.738364   -0.22433108  0.17766953]
CC(=O)[C@H]1CC[C@H]2[C@@H]3CC[C@@H]4C[C@H](O)CC[C@]4(C)[C@H]3CC[C@]12C,[-0.25435328  0.9355738  -0.9667429  -0.9617834  -0.21658766]
COCCOCc1ccccc1,[ 0.13712528  0.8715693  -0.83614033 -0.777643   -0.05796959]
C=CC(=O)OCCOC(=O)CC(C)=O,[ 0.31828374  0.7774803  -0.61302173 -0.7471828   0.20264588]
CC(=O)O[C@H]1C[C@]2(O)[C@H]3CC[C@H]4C[C@H](O[C@H]5C[C@@H](O)[C@@H](O[C@H]6C[C@@H](O)[C@@H](O[C@H]7C[C@@H](O)[C@@H](O)[C@H](C)O7)[C@H](C)O6)[C@H](C)O5)CC[C@@]4(C)[C@H]3CC[C@]2(C)[C@H]1C1=CC(=O)OC1,[ 0.24377784  0.6222394  -0.11016948 -0.7049387   0.42180344]
C[C@H](CO)Nc1nc(SCc2cccc(F)c2F)nc2[nH]c(=O)cnc12,[ 0.13917378  0.8550293  -0.7747147  -0.5957785   0.48809156]
CCCCCc1ccccc1O,[ 0.42757377  0.8491042  -0.9994371  -0.9426092  -0.2948786 ]
C[N+](C)(C)CC(O)CC(=O)[O-],[ 0.01800387  0.9749575  -0.5382263  -0.78313994 -0.4101951 ]
C#CC(C)(C)NC(=O)c1cc(Cl)cc(Cl)c1,[-0.11747247  0.9821966  -0.677068   -1.          0.00875522]
O=C(O)CCC(=O)c1ccc(-c2ccccc2)cc1,[-0.28446925  0.6085501  -0.7769104   0.1516269   0.7492593 ]
S=C1NCCC(COc2ccccc2)O1,[-0.15321298  0.6233761  -1.         -1.          0.61306196]
Cc1cc(Nc2nc(N[C@@H](C)c3ccc(F)cn3)c(C#N)cc2Cl)n[nH]1,[ 0.20855953  0.74994886 -0.49780452 -0.25560582 -0.38189676]
CCC(CCCCOC(=O)c1ccccc1)COC(=O)c1ccccc1,[ 0.3084795   0.74828017 -0.8057347  -0.4040472  -0.13662161]
Cc1cc([N-]S(=O)(=O)c2ccc(N)cc2)no1,[-0.43509835 -0.9999951  -1.         -0.45275602  0.32668692]
CCN1C(=O)NC(c2ccccc2)C1=O,[ 0.4403075   0.51810527 -1.         -0.52285874 -0.15150836]
OCc1ccccc1,[ 0.28372502  0.7146583  -0.51429564 -0.46382737 -0.4642105 ]
CCOC(=O)CCC1(CCC(=O)OCC)c2ccccc2-c2ccccc21,[-0.30510172  0.9299368  -0.8272366  -0.6189769  -0.31289878]
C[C@@H]1NC(=O)[C@@H](C)N(C)C(=O)[C@@H](C)N(C)C(=O)[C@H](C)NC(=O)[C@H](C)N(C)C(=O)[C@@H](C)N(C)C1=O,[ 0.07597932  0.1852785  -0.8547861   0.0521877   0.00240537]
Cc1cnc(C)cn1,[-0.01197085  0.9245087  -0.9993804  -0.527653    0.44280306]
C[N+](C)(Cc1ccc(NC(=O)c2ccc(Cl)c(Cl)c2)cc1)C1CCOCC1,[-1.          0.803942   -0.6096525  -0.57222337 -0.4196107 ]
CNc1c(C(N)=O)cnc2[nH]c(-c3ccc(OCCN4CCOCC4)cc3)nc12,[-0.09168648  0.6572412  -0.6871522  -0.79600024  0.3526465 ]
CN(C)C1C(O)=C(C(N)=O)C(=O)C2(O)C(O)=C3C(=O)c4c(O)cccc4C(C)(O)C3C(O)C12,[ 0.09179451  0.7567632  -0.6939866  -0.8234293  -0.58008003]
O=[N+]([O-])c1cccc(O)c1,[-0.15658973  0.64620525 -0.85247135 -0.78311294  0.35389227]
CN1CCN2c3ncccc3Cc3ccccc3C2C1,[ 0.44083142  0.83864427 -0.56844544 -0.6031197  -0.6183572 ]
Cc1cc(Cl)ccc1OCCCC(=O)O,[ 0.24731122  0.8061605  -0.8159916  -0.7362671  -0.28515583]
COc1ccc2ncc(=O)n(CCN3CC[C@@H](NCc4cc5c(cn4)OCCO5)[C@H](O)C3)c2c1,[ 0.34964755  0.32737407 -0.83875084 -0.84753656  0.04705935]
CC(C)CN,[-0.00748189  0.85392326 -0.74292046 -0.7830817  -0.05646219]
CC#CN(CC)CC,[ 0.31028175  0.58310455 -0.8342791  -0.6885673  -0.35577944]
C=CCc1cc(OC)c2c(c1)OCO2,[ 0.37992617  0.91886854 -0.66545683 -0.5555437   0.21411942]
CC(C)CCOC(CO)CC(C)C,[ 0.12659565  0.8413356  -0.53929293 -0.7310418  -0.45932907]
Cc1c(C(=O)NCCO)[n+]([O-])c2ccccc2[n+]1[O-],[ 0.38092136  0.80166316  0.7490541  -0.22198558 -0.19529027]
Cc1cnc(-c2cc(NC(=O)c3ccc(C(F)(F)F)nc3C)ccc2Cl)[nH]1,[ 0.29387158 -0.46644887 -0.7401696  -1.          0.3419994 ]
CN(C)CC/C=C1/c2ccccc2COc2ccc(CC(=O)O)cc21,[-0.00407954  0.67694646  0.02348434  0.32875353 -0.14639032]
COP(=S)(OC)Oc1nc(Cl)c(Cl)cc1Cl,[ 0.50979215  0.54265237 -0.89785445 -0.7491152   0.06766009]
CCCP(=O)(CCC)CCC,[ 0.00674562  0.848659   -0.92116344 -0.73189735  0.12232523]
Cc1cc(Nc2cncc(N[C@@H](C)c3ccc(F)cn3)n2)n[nH]1,[ 0.21583055  0.8253604  -0.6192397  -0.65630984 -0.31309268]
O=[N+]([O-])c1ccc(Nc2ccccc2)c(S(=O)(=O)O)c1,[ 0.02680811 -0.06805517 -0.59412897 -0.66877925 -0.11691488]
COc1cc2nc(N3CCN(C(=O)C(C)OC)CC3)nc(N)c2cc1OC,[ 0.09946518  0.86715627 -0.6071906  -0.7901703  -0.39750156]
CC(C)(C)c1ccc2c(c1)C(C)(C)CC2,[-0.28393656  0.7665239  -0.73862094 -0.16616704  0.2330868 ]
O=c1[nH]c2c(O)ccc([C@@H](O)CNCCSCCCNCCc3cccc(Cl)c3Cl)c2s1,[ 0.32671306  0.4870916  -0.9193491   0.50173676 -0.22503237]
CC(C=O)=Cc1ccco1,[-0.3124435   1.         -0.7754563  -0.6411426   0.39690894]
C=CC(C)CCCC(C)(C)O,[ 0.6003432   0.48172474 -0.9859068  -0.63748616 -0.1044611 ]
CN1C(=O)CN=C(c2ccccc2F)c2cc(Cl)ccc21,[ 0.0111381   0.58106476 -0.7099957   0.6992815   0.42366895]
C=CCNC(=O)C(=O)C(CCC)NC(=O)C1CC2CN1C(=O)C(C1CCCCC1)NC(=O)Cc1cccc(c1)OCCC(C)(C)O2,[ 0.35613304  0.4741374  -0.7468254  -0.4489789  -0.02363283]
N=C(N)Nc1nc(CSCCC(=N)NS(N)(=O)=O)cs1,[ 0.7457301   0.9163211  -0.8976301  -0.56186527 -0.21647905]
CCC(O)CO,[ 0.02596543  0.66890866 -0.8116194  -0.49712557 -0.12344675]
Cc1ccc(OP(=O)(Oc2ccccc2)Oc2ccccc2)cc1,[ 0.12380816  0.7869976  -0.75065273 -0.840019    0.6360981 ]
CC(=O)N1CCN(c2ccc(OC[C@H]3CO[C@](Cn4ccnc4)(c4ccc(Cl)cc4Cl)O3)cc2)CC1,[ 0.35655868  1.         -0.39492106 -0.7806229  -0.32416323]
CC(=O)OC12COC1CC(O)C1(C)C(=O)C(O)C3=C(C)C(OC(=O)C(O)C(NC(=O)OC(C)(C)C)c4ccccc4)CC(O)(C(OC(=O)c4ccccc4)C21)C3(C)C,[-0.10227769  0.5578204  -0.9041014  -0.9350019  -0.37404782]
COC(=O)C(C)N(C(=O)Cc1ccccc1)c1c(C)cccc1C,[ 0.05880458  0.8880887  -0.977853   -0.86168694 -0.27688944]
CC(O)c1cccc(N)c1,[ 0.44586787  0.8807267  -0.6620748  -0.2781152  -0.2855979 ]
CCOP(=O)(NC(C)C)SCC(=O)NCOC,[ 0.2956529   0.23809505 -0.38822696 -0.71762174 -0.04811384]
O=C(c1ccccc1)c1cccc2c1CCC2C(=O)O,[-0.01616603  0.88724273 -0.61978567 -0.6388399  -0.02114112]
CC(CO)Oc1ccccc1,[ 0.58613014  0.9627454  -0.70829517 -0.5519317  -0.40665147]
CO[Si](CCCn1c(=O)n(CCC[Si](OC)(OC)OC)c(=O)n(CCC[Si](OC)(OC)OC)c1=O)(OC)OC,[-0.08264121  0.86318845 -0.762013   -0.3118015   0.09023693]
O=C(NCc1ccc(OC(F)(F)F)cc1)C1c2ccccc2C(=O)N1CCc1ncc(F)cn1,[ 0.11054745  0.630283   -0.62990195 -0.51418096 -0.66129065]
CC1CN(C2CCCCCCCCCCC2)CC(C)O1,[ 0.54070026  0.87137735 -0.8344542  -0.3512999   0.16485067]
CCCCCCOC(=O)C(O)c1ccccc1,[ 0.33558267  0.6072591  -0.7002804  -0.7369076  -0.3811989 ]
CNC(=N)c1cccc(CC(CC(=O)N2CCC(C)CC2)NS(=O)(=O)c2ccc3ccccc3c2)c1,[-0.6553273  -0.13008602 -0.4915257   0.13772927  0.53501016]
COc1ccc2ccc(=O)n(CCN3CCC(NCc4cc5c(cn4)OCCO5)CC3)c2n1,[ 0.16929     0.4513841  -0.81237024 -0.598057   -0.02493142]
CCCCC(CC)COCCO,[-0.26476562  0.6777924  -0.76673204 -0.41872692  0.4120502 ]
CC(C)N(C(=O)SCC(Cl)=C(Cl)Cl)C(C)C,[ 0.09637658 -0.49191815 -0.8574718  -0.46199265  0.76613075]
O=C1CC2(CCCC2)CC(=O)N1CCCCN1CCN(c2ncccn2)CC1,[ 0.18822199  0.7766587  -0.78679055 -0.6018537   0.39650154]
CC(C)(O)c1ccc(Nc2nc3ccc(C#N)cc3[nH]2)cc1,[ 0.18365446 -0.490714   -1.         -0.3100664   0.09292592]
O=CNc1cc([C@@H](O)CNCCc2ccc(NC[C@H](O)c3ccccc3)cc2)ccc1O,[-0.5004258  -0.44784713 -0.67607486 -0.490631    0.06114265]
c1ccc(C2CO2)cc1,[ 0.0516158   0.751338   -0.02589527 -0.87938994 -0.3507896 ]
CC(=O)N(C)c1ccc2ccn(-c3cc(NC4CC4)n4ncc(C#N)c4n3)c2c1,[-0.07527018  0.9014976  -0.7253602  -0.64287066 -0.285316  ]
COP(=S)(OC)SCc1nnc(SC)s1,[ 0.13528654  0.99106973  0.01247061 -0.48128256  0.31645757]
CCCCOCCOCCCC,[ 0.6419991   0.7089064  -0.85422504 -0.57439435  0.15984544]
O=C(CN1CCNCC1)NN=Cc1ccc([N+](=O)[O-])o1,[-0.16077322 -0.29431367 -0.8991738  -1.          0.05490094]
O=[N+]([O-])N1CN([N+](=O)[O-])CN([N+](=O)[O-])C1,[ 0.2534203   0.21545196 -0.26168817 -0.469604   -0.44151035]
CC(C)(C)NCCC(O)c1cc(C(F)(F)F)nc2c(C(F)(F)F)cccc12,[ 0.35714877  0.58823013 -0.53550595 -0.75173247  0.69281775]
CCc1cccc(CC)c1N,[ 0.12402193  0.7028163  -0.66222245 -0.81359065 -0.16236445]
CNC(=O)c1[nH]cnc1C(=O)Nc1ccc(OC)cc1,[-0.3663437  0.8300664 -0.2503437 -0.8550772  0.3852092]
CN(C)c1ccc(O)c2c1CC1CC3C([NH+](C)C)C([O-])=C(C(N)=O)C(=O)C3(O)C(O)=C1C2=O,[ 0.06394394  0.23670568 -0.89839727 -0.77765447 -0.11560078]
CC(C)CCC(C)Nc1ccc(Nc2ccccc2)cc1,[-0.19940762  0.58148223 -0.6448372  -0.916536   -0.21384314]
C1CSCCO1,[ 0.5085351   0.713441   -0.69468874  0.05564431  0.00701119]
COP(=S)(OC)Oc1ccc(C#N)cc1C,[-0.5169829   0.73786014 -0.95751655 -0.82508856 -0.30745864]
CC(C)OP(=S)(OC(C)C)SCn1nc(Cl)ccc1=O,[-0.5712161   0.8748439  -0.35663113  0.32064298 -0.37867612]
Cc1cc(Nc2nc(N[C@@H](C)c3ccc(F)cn3)c(C#N)nc2C)n[nH]1,[ 0.08529025  0.52094716 -0.71086794 -0.5425199   0.74861103]
COC(=O)C(C(C)=O)C(C)=O,[ 0.14950523  0.7895774  -0.8898043  -0.9267978  -0.15714288]
CC(NC(C)c1ccccc1)c1ccccc1,[ 0.39597884  0.78602946 -1.         -0.6087073   0.2931928 ]
C[C@@H]1O[C@@H](O[C@H]2[C@H](Oc3cc(O)c4c(c3)O[C@H](c3ccc(O)cc3)CC4=O)O[C@H](CO)[C@@H](O)[C@@H]2O)[C@H](O)[C@H](O)[C@H]1O,[ 0.46801305  0.1751132  -0.99200904 -0.03760233  0.17758526]
CCC1=C(C)CN(C(=O)NCCc2ccc(S(=O)(=O)[N-]C(=O)NC3CCC(C)CC3)cc2)C1=O,[-0.13336112  0.6968135  -0.43525016 -0.7942283  -0.09174343]
Oc1c(O)c(-c2c(Cl)c(Cl)c(Cl)c(Cl)c2Cl)c(Cl)c(Cl)c1Cl,[ 0.44659957  0.79137987  0.98968524 -0.33625242 -0.32187748]
COc1ccccc1NC(=O)CC(C)=O,[-0.7785097   0.83356357 -0.94447285 -0.7065192   0.03689522]
Cc1nn(C)c(Oc2ccccc2)c1C=NOCc1ccc(C(=O)OC(C)(C)C)cc1,[ 0.17563738  0.08485076 -0.5445325  -0.2444264   0.33628532]
COC(=O)C(C)NP(=O)(OC[C@@H]1C=C[C@H](n2cc(C)c(=O)[nH]c2=O)O1)Oc1ccc(I)cc1,[-0.07564447 -0.130319   -1.         -0.82294405  0.3525574 ]
O=P([O-])([O-])C(Cl)(Cl)P(=O)([O-])O,[ 0.32528856  0.87138385 -0.8615461  -0.6895153  -0.26073414]
Cc1cc(Sc2cc(C)c(O)c(C(C)(C)C)c2)cc(C(C)(C)C)c1O,[ 0.02604216  0.78498274  0.26448774 -0.5892221  -0.29827148]
Cc1cc(Nc2nc(N[C@@H](C)c3ccc(F)cn3)c(C#N)cc2F)n[nH]1,[ 0.20860167  0.6430101  -0.642573   -0.62134385  0.19004318]
CCN(CC)c1c([N+](=O)[O-])cc(C(F)(F)F)c(N)c1[N+](=O)[O-],[ 0.56113976  0.9884233  -0.7547085  -0.6871174  -0.0867867 ]
CC(C)(C)[NH2+]CC(O)c1cc(O)cc(O)c1,[-0.36842313  0.9025859  -0.99638623 -1.         -0.08904342]
C=CCc1cc(OC)c(OC(C)Cc2cc(OC)c(OC)c(OC)c2)c(OC)c1,[-0.29988477  0.7775516  -0.72570354 -0.61941665 -0.14349633]
CCCN(CCC)c1c([N+](=O)[O-])cc(S(N)(=O)=O)cc1[N+](=O)[O-],[ 0.49845168 -0.02506811 -0.56537426 -0.6330273   0.0022391 ]
Clc1ccc(C2(Cn3cncn3)OCCO2)c(Cl)c1,[-0.14413868 -0.03080346 -0.6363201  -0.7613251  -0.23796241]
CC(C)(C)c1ccc(OP2OCC3(CO2)COP(Oc2ccc(C(C)(C)C)cc2C(C)(C)C)OC3)c(C(C)(C)C)c1,[-0.22975284  0.37404487 -0.4324975  -0.08289501  0.01506288]
O=C(CCCCCCC(=O)Nc1ccccc1)NO,[-0.0225972   0.23274334 -0.9151813  -0.91548085 -0.2691627 ]
C=CC(=O)NCNC(=O)C=C,[ 0.6259028   0.70567286 -0.5914088  -0.86452156 -0.10805282]
O=[N+]([O-])c1cc(Cl)ccc1Cl,[ 0.23921777  0.9328893   0.2811191  -0.30193743  0.23912577]
Cc1cn([C@H]2CCCN(S(=O)(=O)c3ccc(C#N)c(Oc4cccc(Cl)c4)c3)C2)c(=O)[nH]c1=O,[ 0.43261442  0.51507676  0.36043906 -0.3248145  -0.40819946]
CN1CCN(CCCN2c3ccccc3Sc3ccc(Cl)cc32)CC1,[-0.19607416  0.45649236 -0.868799   -0.06267434 -0.18879043]
O=C(CO)N1CCC(c2[nH]nc(-c3ccc(Cl)cc3F)c2-c2ccncn2)CC1,[ 0.12922895  0.3390148   0.6119763  -0.08266303  0.7685406 ]
CN(C)CCOc1cc(NS(=O)(=O)c2c(Cl)cc(C(F)(F)F)cc2Cl)ccc1Cl,[ 0.2528026   0.55087876 -0.71716803 -0.43478245 -0.04842869]
N=C(N)N[N+](=O)[O-],[ 0.03148597  1.         -0.8216718  -0.8829763   0.38262963]
CCOC(=O)CCN(SN(C)C(=O)Oc1cccc2c1OC(C)(C)C2)C(C)C,[-0.46853256  0.8343171  -0.7420166  -0.7321415  -0.06379557]
CC1CCC2(O)C3(C)CC4(O)OC2(C1O)C1(O)C3(O)C(OC(=O)c2ccc[nH]2)C(O)(C(C)C)C41C,[ 0.21687046  0.85766345 -0.7224758  -0.8724212   0.08597732]
CCCCOCC1CO1,[-0.26218843  0.8066407  -0.89061874 -1.          0.05985933]
COP(=S)(Cl)OC,[ 0.28895476  1.         -0.77839047 -0.59211653 -0.31153408]
COc1cc(OC)c(S(=O)(=O)N2c3ccccc3CCC2C)cc1NC(=O)COCC(=O)O,[ 0.25780708  0.7659494   0.15983965 -0.53712034 -0.10584451]
Nc1cc(Cl)ccc1O,[ 0.31353784  0.57840735  0.34504366 -0.6811085  -0.0608249 ]
O=C([O-])CCCc1ccc(N(CCCl)CCCl)cc1,[ 0.30905646  0.78580457 -0.8786948  -0.7464679  -0.33719212]
Clc1cc(Cl)cc(Cl)c1,[ 0.662896   -0.46106762 -0.74235106 -0.59587383  0.6819743 ]
CNC(=O)CSP(C)(=S)OC,[ 0.25598222 -0.13359892 -0.13952307 -0.3259899  -0.3156995 ]
Cc1ccc2c(c1)c(-c1ccnc3cc(Cl)ccc13)c(C)n2CC(=O)O,[-0.14238814  0.3382651  -0.29969564 -0.9705658   0.16427602]
OCCOCCCl,[ 0.04831634  0.84929496 -0.90945196 -0.9819814  -0.26653555]
CCOCCCO,[-0.047525    0.16618592 -0.7383548  -0.03809464 -0.08997039]
C=C1CC23CC1(O)CCC2C12C=CC(O)C(C)(C(=O)O1)C2C3C(=O)O,[ 0.2955035  -0.15666893 -1.         -0.72805494  0.3520801 ]
CCc1nc(N)nc(N)c1-c1ccccc1,[ 0.39214587  0.827976   -1.         -0.87769586 -0.39960334]
COCCN(c1cccnc1)P(=O)(c1ccccc1)c1ccccc1,[ 0.08090402  0.10287514 -1.         -0.9361918   0.523446  ]
COc1ccc2ncc(F)c(CCN3CCC(NCc4cc5c(cn4)OCCO5)CC3)c2n1,[ 0.36562982  0.8205841  -0.5879411  -0.9093533  -0.48399395]
C[C@H](CO)Nc1nc(SCc2ccccc2F)nc2[nH]c(=O)sc12,[ 0.08091963  0.9340007  -0.8720005   0.15204535  0.03062039]
O=C(CCl)CCl,[-0.0743883   1.         -0.75296247  0.17206842 -0.3259112 ]
C1CCC2CCCCC2C1,[ 0.3770241   0.740795   -0.7915169  -0.854714    0.15627857]
CC(C)(C)c1cc(O)ccc1O,[-0.16240251  0.69162184 -0.6627818   0.5585412   0.17888467]
Cc1cccc2sc3nncn3c12,[ 0.2944934   0.966881   -0.44021055 -0.03175459 -0.37494338]
CC1(C)CC2(NC(=O)N(CCCN3CCC(O)CC3)C2=O)c2cc(F)ccc2O1,[-0.7956512   0.55224854 -1.         -1.          0.23985139]
Clc1cccc([Si]23OCCN(CCO2)CCO3)c1,[ 0.23036784  0.9963119  -0.8752798  -0.8335022  -0.596392  ]
CC(=O)OC(C(=O)NC(N)=O)c1ccccc1,[ 0.37186593  0.19985622 -0.9708301   0.780905    0.68866104]
CCC(C(=O)N1CCCCC1C(=O)OC(CCc1ccc(OC)c(OC)c1)c1cccc(OCC(=O)NCCNC(=O)COc2cccc(C(CCc3ccc(OC)c(OC)c3)OC(=O)C3CCCCN3C(=O)C(CC)c3cc(OC)c(OC)c(OC)c3)c2)c1)c1cc(OC)c(OC)c(OC)c1,[ 0.16409573 -0.8231698  -0.73986053 -0.11350448 -0.19384424]
CCCCCCOCCOCCO,[ 0.03186023 -0.35004258 -0.36557913 -0.32411557  0.5235517 ]
CNC(=O)Oc1ccccc1C1OCCO1,[ 0.08398933  0.50366855 -0.31170568 -0.5741157  -0.20349284]
CCN(CC)CCOCCO,[ 0.00678467 -0.3572734  -0.80704546 -1.          0.12996598]
O=C1C(Cc2ccccc2)C(=O)N(c2ccccc2)N1c1ccccc1,[ 0.56519705  0.85391444 -0.62885106 -0.7953931  -0.117764  ]
COC(=O)c1c(Cl)cccc1-c1cnc([C@@H](C)NC(=O)C2(NC(=O)C(F)(F)F)CC2)c(F)c1,[ 0.0809271   0.46006826 -0.8535786  -0.764889   -0.33503604]
CN(C)CCCC1c2ccccc2Nc2ccc(Cl)cc21,[ 0.09510197  0.87449294 -0.6792314  -1.         -0.24098566]
COc1c2ccoc2c(OCC2OC2(C)C)c2oc(=O)ccc12,[ 0.46962437  0.8992761  -0.2727707  -0.9513646   0.68499434]
O=[N+]([O-])c1cc(Cl)c2nc(C(F)(F)F)[nH]c2c1,[ 0.06548186  0.55655473 -0.82311577 -0.79816484  0.08397127]
CC[C@H](C)[C@H](NC(=O)[C@H](CCC(=O)[O-])NC(=O)[C@H](CCC(=O)[O-])NC(=O)[C@H](Cc1ccccc1)NC(=O)[C@H](CC(=O)[O-])NC(=O)CNC(=O)[C@H](CC(N)=O)NC(=O)CNC(=O)CNC(=O)CNC(=O)CNC(=O)[C@@H]1CCCN1C(=O)[C@H](CCCNC(N)=[NH2+])NC(=O)[C@@H]1CCCN1C(=O)[C@H]([NH3+])Cc1ccccc1)C(=O)N1CCC[C@H]1C(=O)N[C@@H](CCC(=O)[O-])C(=O)N[C@@H](CCC(=O)[O-])C(=O)N[C@@H](Cc1ccc(O)cc1)C(=O)N[C@@H](CC(C)C)C(=O)[O-],[-0.04516689  0.3072701  -0.4705353  -0.6984887  -0.06130193]
CCOP(=S)(NC(C)C)Oc1ccccc1C(=O)OC(C)C,[-0.33127278  0.8475048  -0.9398904  -0.7442762   0.14884117]
BrC12CC3CC(CC(C3)C1)C2,[-0.2705782   0.76040405 -0.87078136 -0.77720946  0.05831542]
CC(=O)OC(C)(C)C1CC=C(C)CC1,[ 0.17496866  0.74442065 -0.53002673 -0.42586774  0.08936191]
CCOC(=O)Nc1ccc(NCc2ccc(F)cc2)cc1N,[-0.46383774  0.8038254  -0.54876554 -0.7195212  -0.0951281 ]
Oc1ccc2c(c1)CCC2,[ 0.24832346  0.84385    -0.9312779  -0.7839267   0.04492723]
CNC(=O)c1cccc2c(Nc3ccc(NS(C)(=O)=O)cc3OC)c3cccc(C)c3[nH+]c12,[ 0.30961987  0.7230381  -0.68032104  0.19711094 -0.3183496 ]
FC(F)(F)c1nc2c(Br)c(Cl)c(Br)cc2[nH]1,[-0.16882727  0.7562229  -0.7110532  -0.68168455  0.1066394 ]
CCNC(=O)ON=C1SCOC1C,[-0.2515723   0.69407344 -0.16713619 -0.9301175  -0.34814808]
OCCOCCOCCOCCO,[-0.06109124  0.8754026  -0.4686948  -0.916447   -0.10709175]
Cc1c(Cl)c([N+](=O)[O-])c2[nH]c(C(F)(F)F)nc2c1[N+](=O)[O-],[ 0.08293621  0.7032975  -0.74334055 -0.9205099   0.00653722]
OCCN(CCO)CCO,[ 0.5009589   0.899093   -0.9293434  -0.44001362 -0.2160929 ]
CCCCN(CCCC)SN(C)C(=O)ON=CC(C)(C)SC,[ 0.32965443  0.61769956 -0.8087203  -0.73079085 -0.10486578]
O=C(CCl)OCCOCCO,[-0.21933684  0.51573914 -1.         -0.79717314  0.15502818]
CC1(C)SCN(C(=O)C2(Oc3ccc(Cl)cc3)CCCCC2)C1C(=O)O,[-0.01696136  0.4163078  -0.7252364  -0.79262954 -0.51336604]
Cc1ccc(N=CN(C)SN(C)C=Nc2ccc(C)cc2C)c(C)c1,[-0.0945041   0.5404823  -0.55764633 -0.5234639   0.09839868]
O=C(CCc1ccccc1)OC1=C(OC(=O)CCc2ccccc2)C(=O)OC1=O,[-0.25665072  0.8418689  -0.73413473 -0.8772496   0.3965979 ]
O=c1n(CC2CO2)c(=O)n(CC2CO2)n1CC1CO1,[ 0.22572416  0.03115535 -0.9660069  -0.9210914  -0.5153695 ]
CCCCCCCCCCCCNC(N)=S,[ 0.02352926  0.9058274  -0.830256    0.06006948 -0.01534374]
CC1=NN(c2ccccc2)C(=O)C1,[-0.59256357  0.85225886 -0.8531699  -0.65855205 -0.3744406 ]
CCOP(=S)(OCC)Oc1cccc(F)n1,[ 0.3262292   0.85029733 -0.7657248  -0.70205116  0.62367445]
CC=C(CC)C(=O)NC(N)=O,[ 0.04758538  0.78702086 -0.7253844  -0.6730703  -0.27921048]
C=CC(=O)OCCc1ccc(CC)cn1,[ 0.07771246  0.8788816  -0.66555136 -0.6695309   0.03982706]
CN(C)C1CC(c2ccccc2)c2ccccc21,[ 0.37589714  0.57835126 -0.91382706 -0.4371394  -0.11902365]
CCOC(C1=NCCCN1)c1c(Cl)cccc1Cl,[ 0.5819218   0.71178514 -0.6883002  -0.40348303 -0.10222192]
CC1=C(CC(=O)O)c2cc(F)ccc2C1=Cc1ccc(S(C)=O)cc1,[ 0.8641259   0.97189933 -0.7154714  -0.40435922 -0.33109722]
Cc1cnc(NCCCN(C)C)c2c1[nH]c1ccc3cc(O)ccc3c12,[ 0.11692823  0.77629805  0.40043473 -0.90262425  0.20171912]
C#CC1(O)CCC2C3CCC4=CC(=O)CCC4C3C(=C)CC21CC,[ 0.44501418  0.9103361  -0.77811444 -0.4651008  -0.07506695]
CC1(C)C2CCC1(C)C(O)C2,[-0.11011791 -0.94571835 -0.7985964  -0.69832546 -0.10600364]
CON=C(C(=O)NC1C(=O)N2C(C(=O)O)=C(COC(N)=O)CSC12)c1ccco1,[-0.35535246 -0.67219937 -0.7209044  -1.         -0.22960593]
CCCCCCCCC1OC1CCCCCCCC(=O)OCC1(CC)OC1CCC,[ 0.16278702 -0.6636618  -0.5757139  -0.47344345 -0.18001734]
CNC(=O)ON=C(C)SCC(N)=O,[ 0.07508688 -0.19758229  0.35876048 -1.         -0.3527848 ]
CCCCOC(C)OCCCC,[-0.26709768  0.80903167  0.29128033 -0.52786463 -0.19309594]
S=c1[nH]c2cc(Cl)ccc2o1,[ 0.41148043  0.8744068  -0.49757788 -0.69987917  0.2539174 ]
CC(O)CO,[ 0.414641    0.60121715 -0.7236285  -0.7240329  -0.45373327]
Cc1ccc2nc(C[N+]34CCC(CC3)[C@@H](OC(=O)[C@](C)(c3ccccc3)N3CCCCC3)C4)oc2c1,[ 0.5275546   0.858698   -0.7563002  -0.47334325  0.07450905]
CC1(C)SC2C(NC(=O)C(C(=O)[O-])c3ccsc3)C(=O)N2C1C(=O)[O-],[ 0.47779876  0.70457697 -0.82779264 -0.4561492   0.08667098]
CCCNC(=N)C(OCC)c1ccccc1,[ 0.16684242  0.94266725 -0.34335488 -0.08926242 -0.24007553]
C=CCI,[ 0.34055915  0.19344786 -0.63818765  0.25879025  0.16507268]
Nc1nc2[nH]cnc2c(=S)[nH]1,[-0.16741084  0.996228   -1.         -0.40472156 -0.03544908]
CP(=S)(Oc1ccccc1)Oc1ccc(C#N)cc1,[ 0.2820543   0.90925384 -0.51140314  0.40811902  0.3013335 ]
CO/N=C(\C(=O)N[C@@H]1C(=O)N2C(C(=O)O)=CCS[C@H]12)c1csc(N)n1,[ 0.454572    0.4282247  -0.92400426 -0.05809242  0.05616382]
COC(C)COC(C)COC(C)CO,[ 0.50425756  0.35128033 -0.6236783  -0.16635555  0.13015565]
CCCCCCCC=CC=O,[-0.05133348  0.7359727  -0.8549966  -0.85900235 -0.23643064]
CCCCCCCCOC(C)=O,[-0.17930996  0.6114101  -0.8313584  -0.86769795 -0.39008865]
CC(O)COC(C)CP(CC(C)OCC(C)O)CC(C)OCC(C)O,[-0.04767918  0.68919164 -0.97683805 -0.83553857  0.07276635]
CC(c1ccccn1)c1c(CC[NH+](C)[14CH3])sc2ccccc12,[-0.38057232  0.74150115  0.71526015 -0.34078056  0.2323372 ]
CNC(=O)Nc1nnc(C(C)(C)C)s1,[-0.10226967  1.         -0.99318194 -0.21706872 -0.21238512]
CCC1OC(=O)C(C)C(=O)C(C)C(OC2OC(C)CC([NH+](C)C)C2O)C(C)(OC)CC(C)C(=O)C(C)C2N(CCCCn3cnc(-c4cccnc4)c3)C(=O)OC12C,[-0.8890999   0.76009107 -0.86894685 -0.7399203   0.2022098 ]
O=C(O)[C@@H](c1ccccc1)N1CCC(CN2CCC(Oc3ccc(Cl)c(Cl)c3)CC2)CC1,[ 0.8145272   0.92722553 -0.8696657  -0.14798215 -0.47895646]
O=C(O)CC(CC1CCN(C(=O)CCc2ccc3c(n2)NCCC3)CC1)C1CNc2ccccc2C1,[ 0.23134458 -0.5253304  -0.578745   -0.7996752  -0.01646092]
COc1cnc(-c2ccccc2C(F)(F)CNC(=O)c2ccc(COCC(F)(F)F)nc2)cn1,[-0.16560142  0.8941743  -0.70802605 -1.          0.26083758]
CC(=O)OC(C)OC(=O)C(C)c1ccc(-c2ccccc2)c(F)c1,[ 0.43770665 -0.04312818 -0.6548631  -0.6754154  -0.3955962 ]
COc1cc2nc(N3CCN(C(=O)c4ccco4)CC3)nc(N)c2cc1OC,[ 0.52364266  0.37455106 -0.82906735 -0.4696033  -0.30368686]
CC(C)Cn1c(=O)n(C)c(=O)c2c(C(=O)N3CC[C@@H](O)C3)c(Cc3c[nH]c4ccccc34)sc21,[ 0.6313185   0.6394873  -0.6202704  -0.6533737   0.21794349]
CC12CCC3c4ccc(O)cc4CC(CCCCCCCCCS(=O)CCCC(F)(F)C(F)(F)F)C3C1CCC2O,[ 0.3239836   0.2507191  -0.67272323  0.64491224  0.27030906]
Clc1cc(Cl)c2nsnc2c1Cl,[-0.06761731  0.8830021  -0.8830603  -0.80188936 -0.30115536]
C=CC(=O)OCCOCCOC(=O)C=C,[ 0.08536978  0.94397056 -0.986158   -0.65336496 -0.06893724]
CN1C[C@@H]2c3ccccc3Oc3ccc(Cl)cc3[C@H]2C1,[-0.11538155  0.6643745  -0.29208836 -0.5472691  -0.6257233 ]
O=C(OCC1CO1)c1ccccc1C(=O)OCC1CO1,[ 0.52377045  0.16607118 -0.7091659   0.62186944  0.16062547]
CCC(C(=O)O)C1(O)CCCCC1,[-0.24278405  0.23655704 -0.49709    -0.516762   -0.23368119]
NCCCNCCSP(=O)(O)O,[ 0.42709976  0.21017152 -0.87389    -0.75140727 -0.4061811 ]
CC(C)c1cccc(OC(=O)N(C)C)c1,[ 0.00389356  0.17575246 -0.6502977  -0.5204768  -0.12959303]
CC1(C)C(C=C(Cl)Cl)C1C(=O)OCc1c(F)c(F)c(F)c(F)c1F,[ 0.16508263  0.8270303  -0.92549306 -0.71744764 -0.18505639]
COP(=S)(OC)SC1CSC=CO1,[-0.44703937  0.70440614 -1.         -0.86425775  0.08003903]
C=C(C)CN(CC)c1c([N+](=O)[O-])cc(C(F)(F)F)cc1[N+](=O)[O-],[ 0.6211418  -0.05774957 -0.5776417  -0.46115524 -0.01171397]
C[C@H](CO)Nc1nc(SCc2cccc(F)c2F)nc2nc(N)cnc12,[ 0.15325627  0.36089715 -0.792091   -1.         -0.25721395]
C=C(OP(=O)(OC)OC)P(=O)(OC)OC,[-0.15195261  0.8689856  -0.8115533   0.72695464  0.2879879 ]
C=CC[N+]1([C@H]2C[C@H]3[C@@H]4CC[C@H]5C[C@H](O)[C@@H](N6CCOCC6)C[C@]5(C)[C@H]4CC[C@]3(C)[C@H]2OC(C)=O)CCCC1,[-0.06680948  0.7643539   0.9252818  -0.41400823 -0.28206673]
C[C@@H](NC1=CC(=O)CNC1)c1ccc(Nc2ncc3cc(-c4ccncc4)ccc3n2)cc1,[ 0.42429942  0.88097346 -0.7340721  -0.6184814   0.281576  ]
O=c1cc(-c2ccc(O)cc2)oc2cc(O)cc(O)c12,[ 0.1682012   0.8427845  -0.7512375  -0.552668   -0.12805471]
CSCCC([NH3+])C(=O)NC1(C(=O)[O-])CS(=O)(=O)C2C(C(=O)[O-])C21,[-0.6256382   0.6065308  -0.40978837 -0.7631462   0.20115122]
CBr,[-0.49919066  0.77547204 -0.82206297 -0.82033044  0.02111564]
O=S1(=O)CCN(c2ccccc2)CC1,[ 0.22051108  0.6752275  -1.         -0.98085177  0.59243864]
CN(CCO)Cc1cc(C(=O)c2cccs2)cc(C(C)(C)C)c1O,[-0.14693011  0.09865576 -0.95858467 -0.84900767  0.22008957]
C1=CCCC=CCCC=CCC1,[-0.26049256  0.7641299  -0.7128594  -0.9264731  -0.3759966 ]
CCCOCCOC(=O)C1=C(C)NC(C)=C(C(=O)OCCOCCC)C1c1cccc([N+](=O)[O-])c1,[ 0.5939387   1.         -0.86337054 -0.62112665  0.13524869]
O=P(OCCCl)(OCCCl)OC1CC(C(Br)CBr)CCC1Cl,[ 0.31197146  0.75715715 -0.96315503 -0.9251519  -0.23080811]
O=CC1=CCCCC1,[ 0.0474025   0.85150576  0.4850955  -0.3436255  -0.07552473]
CCN(CCO)C(=O)c1oc2cccnc2c1-c1cccc(C(F)(F)F)c1,[ 0.21793316  0.55732065  0.09608614 -0.5810787   0.05434794]
