CCCN(CCC)c1c([N+](=O)[O-])cc(C)cc1[N+](=O)[O-],[ 0.41029721  0.7510219  -0.2859614  -0.38964167 -0.19173339]
Nc1nc(Nc2ccc(S(N)(=O)=O)cc2)nn1C(=O)c1c(F)cccc1F,[ 0.3469036   0.9462151  -1.         -0.5468143  -0.39450407]
CC#CCC(C)C(O)C=CC1C(O)CC2Oc3c(CCCC(=O)O)cccc3C21,[ 0.31870723 -0.02341385 -0.69267625 -0.5206461  -0.25477389]
CN1CCN(CCCN2c3ccccc3Sc3ccc(Cl)cc32)CC1,[-0.37768766  0.48274353 -0.78359175  0.14151886 -0.3456835 ]
CCCC(=O)c1ccc(N)cc1,[ 0.3775828   0.73962    -0.9593523  -0.7457185  -0.31844077]
C=CN(C)N=O,[-0.0037011   0.14975065 -0.7275057  -0.33274832 -0.27643347]
CC(C)C1NC(=O)c2ccccc2O1,[ 0.04017039  0.9970416  -0.85635424 -0.80775625 -0.09246654]
CCCCCCCCCCOC(=O)Cc1ccc(N(CCCl)CCCl)cc1,[ 0.20065147 -0.41197646 -0.7418646  -0.381671    0.36304897]
Clc1cc(Cl)cc(Cl)c1,[ 0.6879588 -0.5706968 -0.7172998 -0.7018769  0.6000518]
CCC(C)(C)C1CCC(=O)CC1,[ 0.41934562  0.6186719  -0.3836919  -0.5789482  -0.20552267]
Cc1cc([N-]S(=O)(=O)c2ccc(N)cc2)no1,[ 0.14172083  0.77049357 -1.         -0.4655251  -0.27050364]
N#CSCCSC#N,[-0.09537489  0.8040292  -0.8292573  -0.7246802  -0.3723899 ]
CN(C)N=Nc1ccc(I)cc1,[-0.03054052 -0.5612582  -0.6735137  -0.76404756 -0.28851983]
COc1cnc(-c2ccccc2C(F)(F)CNC(=O)c2ccc(COCC(F)(F)F)nc2)cn1,[-0.2981672   0.27518755 -0.61133486 -0.8222383   0.15025029]
CCCCc1c(OC(=O)c2cc(OC)c(OC)c(OC)c2)n(-c2ccccc2)n(-c2ccccc2)c1=O,[ 0.04065565  0.8860115  -0.523548   -1.          0.05027059]
NC(=O)N1C(=O)C(C(=O)c2cccs2)c2cc(Cl)ccc21,[-0.57550967  0.01444593 -0.8128176  -0.7971001  -0.15075353]
CCCOP(=O)(SCCC)SCCC,[-0.24904296  0.713072   -0.20794967 -0.84850925 -0.27999607]
CC(C)N(C(=O)SCC(Cl)=C(Cl)Cl)C(C)C,[ 0.4195608   0.831753    0.6045305   0.07489569 -0.23595607]
CC(=O)N(C)c1ccc2ccn(-c3cc(NC4CC4)n4ncc(C#N)c4n3)c2c1,[ 0.08090044 -0.21268675 -0.84540784 -0.4284848  -0.18574306]
CCOC(=O)CCC[Si](C)(OCC)OCC,[ 0.3854795   0.91488403 -0.72742933 -0.81400156 -0.05771162]
C=COC(=O)C=CC,[-0.24147244  0.8356919  -0.45724776 -0.66002333  0.035733  ]
O=C(CSc1nc2c(c(=O)n1-c1ccccc1)SCC2)Nc1ncc(-c2ccccc2)s1,[ 0.396804    0.6627556  -0.81873435 -0.65446216  0.20235598]
O=C1CC2(CCCC2)CC(=O)N1CCCCN1CCN(c2ncccn2)CC1,[-0.27653956  0.72281337 -0.6869803  -0.79095596  0.29926494]
CO[Si](CCCn1c(=O)n(CCC[Si](OC)(OC)OC)c(=O)n(CCC[Si](OC)(OC)OC)c1=O)(OC)OC,[ 0.09053981  0.63572556 -0.76152647  0.07335141 -0.10868923]
COP(=O)(OC)Oc1ccc([N+](=O)[O-])c(Cl)c1,[ 0.360053   -0.02484323 -1.         -0.76212496 -0.20547456]
CN1CN(CCO)CSC1=S,[ 0.17533827  0.6884358  -0.8025196  -0.64924884 -0.19140829]
Fc1ccc(Br)cc1,[-0.3147195   0.7952097  -0.7349155  -0.4117167  -0.07920802]
ClC1=C(Cl)C(Cl)(C2(Cl)C(Cl)=C(Cl)C(Cl)=C2Cl)C(Cl)=C1Cl,[ 0.01574892  1.         -0.84233576 -0.79533666  0.42030346]
CCCCCCN,[-0.13909692  1.         -1.         -0.4460726  -0.24288191]
CC(C)(C)c1cc(O)ccc1O,[ 0.18479525  0.41786534 -0.32560986  0.85843295  0.35655093]
C1=CC2C3C=CC(C3)C2C1,[ 0.12277349  0.7597294  -0.33701846 -0.77963865 -0.2670896 ]
CCC(=O)CC,[-0.2255731   0.73309916 -0.8824892  -0.829503   -0.16575558]
N=C(N)N[N+](=O)[O-],[-0.19502766  0.82105434 -0.6552825  -0.46576178 -0.5260624 ]
CC(C)Cn1c(=O)n(C)c(=O)c2c(C(=O)N3CC[C@@H](O)C3)c(Cc3c[nH]c4ccccc34)sc21,[ 0.66915464  0.61215365 -0.8223235  -0.48038894 -0.38501364]
Cc1cnc(C(=O)c2ncnc3[nH]ccc23)c(NS(=O)(=O)c2ccc(Cl)c(C(F)(F)F)c2)c1,[ 0.600196    0.7055739  -0.75742584 -0.43805897  0.15915087]
COP1(=S)OCc2ccccc2O1,[ 0.20557465  0.7186651  -0.43147948 -0.7899516  -0.4313916 ]
CN(C)C(=O)Oc1cccc2sccc12,[ 0.2978418   0.04474584 -0.57570964 -0.6426936   0.14301927]
CC(O)C#N,[-0.23865145 -0.602063   -0.62119746 -0.6496081  -0.13595614]
CC1(C)C2CCC1(C)C(O)C2,[-0.34989983 -0.8071217  -0.8932153  -0.5749112   0.01779125]
Cc1cn([C@H]2CCCN(S(=O)(=O)c3ccc(C(N)=O)c(Oc4cccc(Cl)c4)c3)C2)c(=O)[nH]c1=O,[ 0.13627772  0.6626744  -0.78220856 -0.79983765 -0.19131996]
[NH3+]C(C(=O)NC1C(=O)N2C(C(=O)[O-])=C(CSc3c[n-]nn3)CSC12)c1ccc(O)cc1,[ 0.06259937  0.8391333  -0.35008907  0.33318216  0.11746979]
CCCCCCCCCCCCCCCN,[ 0.10901089  0.8916112  -0.56331223 -0.8574398   0.3158578 ]
C[NH2+]C(C)Cc1ccccc1,[ 0.00122169 -0.05211589 -0.8635827  -0.5754797   0.10766829]
Cn1c(C(=O)NC2(C(=O)N[C@H](Cc3ccccc3)C(=O)NCCCN3CCOCC3)CCCC2)cc2ccccc21,[ 0.04185843 -0.66592264 -0.7847578  -0.12542936 -0.0478952 ]
BrC(Br)Br,[ 0.4309671  -0.01408103 -0.6096316   0.27020085  0.01899252]
[O-][n+]1onc2c1c1no[n+]([O-])c1c1no[n+]([O-])c21,[ 0.40449318  0.82217485 -0.9779831  -0.93007696 -0.04553124]
CCN(CC)CCNC(=O)c1cc(Br)c(N)cc1OC,[-0.04956134  0.8674778  -0.65294135 -0.9593293  -0.03880841]
Cc1ccc(NC(=O)c2ccc(C#N)cc2)cc1-n1cnc2ccc(N3CCN(C)CC3)cc2c1=O,[ 0.30586874  0.9347415  -0.7731471  -0.78825265 -0.1858824 ]
CCCCN(CCCC)SN(C)C(=O)ON=CC(C)(C)SC,[-0.1383739  -0.01303155 -0.16256951 -0.46115443 -0.3414648 ]
COc1cccc(OC)c1O,[-0.27197024 -0.04436054 -0.7613219  -0.66903776 -0.03688488]
CCC(C)(CC)c1cc(N)on1,[ 0.07011252  0.80082935 -0.5078516  -0.8071964  -0.11787941]
CCOP(=O)(OCC)Oc1ccc(S(C)(=O)=O)c(C)c1,[-0.35930714  0.8832437  -0.9877343  -0.7495993   0.02584974]
CCC1(CC)Oc2cccc(OC(=O)N(C)C(C)=O)c2O1,[ 0.02732566  0.6946264  -0.65503985 -0.6130897   0.73002505]
N#Cc1cc(Br)c(O)c(Br)c1,[-0.00532874  0.88236696 -0.42705366 -0.4480122  -0.34617984]
CCC(C)N(C)C(=O)c1cc2ccccc2c(-c2ccccc2Cl)n1,[ 0.33537894  0.9014041  -0.7868907  -0.68874335 -0.24808724]
CC(C)CCCC1CCC(C)(C(=O)NCC(=O)O)CC1,[ 0.21371068 -0.19010192 -0.23975416 -0.6732349  -0.0800216 ]
Cc1cncc(C)n1,[ 0.91041833  0.7837999  -0.58341336 -0.547227   -0.2558258 ]
CC[C@H]1CN(Cc2cc(Cl)ccc2OCC(=O)O)CCN1S(=O)(=O)c1ccccc1,[ 0.24389687  0.64263546 -1.         -0.99790573  0.21505953]
Cc1onc2c(=O)n(C)nc(-c3ccccc3)c12,[ 0.11812542  0.8577118  -0.73073155 -0.88848025 -0.06982523]
Cn1c(C2=CCN(CCCN3c4ccccc4Sc4ccc(CC(=O)O)cc43)CC2)cc(=O)n(C)c1=O,[-0.14926518 -0.10091768 -0.5865177  -0.5104437  -0.38939425]
CC(C)[C@H](C(=O)Nc1nccs1)c1ccc(Cl)cc1,[ 0.4002326   0.7174706  -0.8053377  -0.47704878  0.3018321 ]
COc1ccc2c3c1OC1CC(O)C=CC31CC[NH+](C)C2,[-0.30126375 -0.65667623 -0.86713177 -0.67822725 -0.11242365]
OCCCCC(O)CO,[ 0.19444814  0.76589805 -0.60829085 -0.5148765   0.6437654 ]
Cc1cc(C(=O)c2ccccc2)ccc1N,[-0.10958343  0.7380638  -0.64319676  0.8035717  -0.17953691]
C[N+](C)(C)CC(O)CC(=O)[O-],[ 0.38072833  0.6274742  -0.93168783 -0.38841435 -0.13168497]
C#CC1(O)C=CC2C3CCC4=CC(=O)CCC4C3CCC21CC,[-0.14579515  0.59397596 -0.8072941  -0.3489394  -0.20117159]
Clc1ccc(Cl)c(Cl)c1,[-0.35593876  0.81409734 -0.81107354 -1.          0.3199676 ]
CCc1nc(N)nc(N)c1-c1ccccc1,[ 0.47720402  0.29701045 -0.6795431  -0.85267735 -0.144468  ]
COc1ccc(C(Oc2ccccc2)C2=NCCCN2)cc1,[-0.1835598   0.8518352  -0.8097276  -0.73631567 -0.07347732]
C[Si](C)(Cl)Cl,[ 0.30023536  0.9056227  -0.71936643 -0.8397696  -0.50740623]
COP(=S)(OC)SCc1nnc(C(C)C)o1,[-0.3515073   0.49886686 -1.         -0.65315217  0.48190057]
O=c1[nH]cnc2c1ncn2[C@H]1CC[C@@H](CO)O1,[-0.38832802  0.8360974  -0.7784167  -0.7680636  -0.26242885]
O=Cc1ccc(O)cc1,[ 0.13513313  0.8281685  -0.95784783 -0.8799613   0.6989701 ]
COCC(=O)O[C@]1(CCN(C)CCCc2nc3ccccc3[nH]2)CCc2cc(F)ccc2[C@@H]1C(C)C,[-0.09650189  0.83636594 -0.16134675  0.49757794  0.41206446]
Fc1cc2nc(C(F)(F)F)[nH]c2cc1Cl,[ 0.42557377  1.         -0.9847541  -1.          0.08935523]
O=C(CCl)CCl,[-0.12181709  0.8812904  -0.72788155 -0.23362333 -0.24248502]
CCCCCCCCc1ccccc1O,[ 0.341497   -0.34635806 -0.71327853 -0.61689883  0.15096562]
COc1cc2ncc(C(N)=O)c(Nc3ccc(F)cc3F)c2cc1NCCN1CCCCC1,[ 0.29774377  0.7515864  -0.42484137 -0.84141046  0.4367866 ]
CCCC1CC(C(=O)NC(C(C)Cl)C2OC(SC)C(O)C(O)C2O)[NH+](C)C1,[ 0.24906898  0.6749571  -1.         -0.47118     0.11505999]
C=CC(C)CCCC(C)(C)O,[-0.21308489  0.37591523 -0.9786483  -0.57627934 -0.20112124]
Cc1cccc(N)c1C,[ 0.25093234  0.86365587 -0.39940324 -0.4029682  -0.1077637 ]
COc1cc(C=CC(N)=O)ccc1O,[ 0.23441046  0.6913216  -1.         -0.63480324 -0.12367088]
CN(C)C(=O)C(CCN1CCC(O)(c2ccc(Cl)cc2)CC1)(c1ccccc1)c1ccccc1,[ 0.3293998   0.8735295  -0.6663899  -0.04802432 -0.2568065 ]
Nc1nc2c(ncn2COCCO)c(=O)[nH]1,[ 0.26380095 -0.06771678 -0.809397   -0.20521927  0.69903225]
CCOc1ccc([C@@H](C)Nc2nc(N3CCN(C(C)=O)CC3)nc3c2CN(C(C)C)C3=O)cc1,[-0.7955721   0.23378943 -1.         -0.13896471 -0.21669394]
COP(=O)(OC)ON1C(=O)c2cccc3cccc(c23)C1=O,[-0.0099571   0.9936013  -0.7844919  -0.11504208  0.23524536]
COCCNCc1ccc(Nc2ncc3cc(-c4ccncc4)ccc3n2)cc1,[ 0.34117913  0.75582165 -0.598827   -0.6010371  -0.47149718]
Cc1cnc(NC(=O)C2=C(O)c3ccccc3S(=O)(=O)N2C)s1,[ 0.10254283 -0.27788514 -0.87676764 -0.7809494   0.05351203]
CNC(=O)c1c(I)c(NC(C)=O)c(I)c(C(=O)[O-])c1I,[ 0.39880607  1.         -0.6540047  -1.         -0.30087572]
NCCCC[C@H](N[C@@H](CCc1ccccc1)C(=O)O)C(=O)N1CCC[C@@H]1C(=O)O,[-0.44173372  0.7623416  -0.7751211  -0.7409012  -0.2827005 ]
COP(N)(=O)SC,[-0.14596093  0.6260775  -0.7327294  -0.8733971   0.10984725]
COc1ccc(CC2NCC(O)C2OC(C)=O)cc1,[-0.25309905  0.66511375 -0.5051002  -0.8317783   0.10544243]
CC1CCN(C(=O)CC(Cc2cccc(C(=N)N)c2)NS(=O)(=O)c2ccc3ccccc3c2)CC1,[ 0.20434898  0.87319505 -0.6492994  -0.79943967  0.17757024]
CC1CCC(C(C)C)C(O)C1,[ 0.25506225  0.814002   -0.8686854  -0.56052047 -0.18568048]
Nn1cnc2cc3ccccc3cc2c1=O,[-0.00983023  0.8446803  -0.02495039 -0.57000715 -0.29219717]
NS(=O)(=O)c1cc2c(cc1Cl)NCNS2(=O)=O,[ 0.4514228   0.69565874 -0.5321151  -0.6473646   0.58122236]
CCCc1nnc(CSP(=S)(OCC)OCC)o1,[ 0.3510976   0.93516815 -0.58692485 -0.36687914 -0.17162344]
CCOP(=S)(OCC)SCSCc1ccccc1,[-0.21025231  0.84093195 -0.76101214 -0.73419195  0.01066348]
COc1ccc(-c2nc3ccc(C4=NNC(=O)CC4C)cc3[nH]2)cc1,[ 0.5624416   0.5776495  -0.42157328 -0.8517206  -0.2483778 ]
O=c1oc(-c2ccccc2)nc2ccccc12,[ 0.1249003   0.89172363 -0.8778194  -0.77810436  0.45843565]
CO[C@@H]1C=CO[C@@]2(C)Oc3c(C)c(O)c4c(c3C2=O)C(=O)/C(=C\NN2CCN(C)CC2)C(=C4O)NC(=O)C(C)=CC=C[C@@H](C)[C@H](O)[C@H](C)[C@H](O)[C@@H](C)[C@@H](OC(C)=O)[C@@H]1C,[ 0.73154664 -0.64360553 -0.49212074 -0.47477388 -0.5162546 ]
CC(C)OCCO,[-0.12939015  0.7053188  -0.5315937  -0.61456007 -0.33653596]
CO[Si](CCCOCC1CO1)(OC)OC,[-0.14040841  0.6505621  -0.54318655 -0.49932545 -0.11926955]
O=C(Oc1ccccc1)c1ccccc1C(=O)Oc1ccccc1,[ 0.4236638   0.20574236 -0.86835605 -0.5902183  -0.06501232]
C[C@@H](NC1=CC(=O)CNC1)c1ccc(Nc2ncc3cc(-c4ccncc4)ccc3n2)cc1,[ 0.15872096  0.8740035  -0.6944943  -0.47786957 -0.50503343]
CC(=O)SCC(=O)Nc1nc2ccccc2s1,[ 0.3409473   1.         -0.92256045 -0.77343667 -0.0677205 ]
CCCCCNCCCCC,[ 0.03726299 -0.40039593  0.09550939 -0.58391166  0.01418568]
Nc1ccc(Cl)cc1Cl,[-0.17596808  0.7786657  -0.8655934  -0.6451098  -0.18114981]
Nc1ccc([N+](=O)[O-])cc1N,[ 0.07151132  0.71809757 -0.7836516  -0.2917277  -0.5499503 ]
CCCCOC(=O)C1CC1OCCCC,[ 0.05214274  0.54822737 -0.5584767  -0.4378091   0.13442217]
C1CN1P1(N2CC2)=NP(N2CC2)(N2CC2)=NP(N2CC2)(N2CC2)=N1,[-0.06396355 -0.759112   -0.6722226  -0.6426231   0.2848944 ]
Cc1cccc(C)c1O,[ 0.12278872  0.26151597 -0.4174624  -0.53399134 -0.01551182]
Cc1ncsc1C,[-0.30392918  0.78429127 -0.9383801  -0.98485935  0.24961063]
COc1cc(-c2cc(=O)c3c(O)cc(O)cc3o2)cc(O)c1OC,[ 0.32294357 -0.00988968 -0.80234796 -0.72224677 -0.25729278]
CC(C)=CCOC(=O)c1ccccc1,[ 0.15806569  0.9387671  -0.6951987  -0.62180156 -0.26204497]
CN(C)C(=O)N(C)N=O,[ 0.42500424  0.7726401  -0.6727138  -0.96162784 -0.18492077]
CC1CC(=O)NN=C1c1ccc([N-]N=C(C#N)C#N)cc1,[ 0.08231664  0.09262955 -1.         -0.9008007   0.13175571]
CCOP(=S)(Oc1cccc2cccnc12)c1ccccc1,[ 0.06999744  0.84229505 -0.82086635 -0.5320066   0.44229016]
O=C(CN1CCNCC1)NN=Cc1ccc([N+](=O)[O-])o1,[-0.05915226  0.85020494 -0.79669636 -0.8403587  -0.25331417]
CCCCOCC1CO1,[-0.18932445  0.24111451 -0.8983415  -0.89213294 -0.2347903 ]
CCCSP(C)(=S)Oc1ccccc1,[ 0.4309871   0.35043916 -1.         -0.34017348 -0.35644075]
O=CNC(N1CCN(C(NC=O)C(Cl)(Cl)Cl)CC1)C(Cl)(Cl)Cl,[ 0.26293197  0.9940462  -0.82003224 -0.69776785  0.83145726]
Nc1c(CC(=O)[O-])cccc1C(=O)c1ccc(Br)cc1,[ 0.0998964   0.65134746 -0.71682316 -0.6275812   0.81899905]
Cc1c(OCC(F)(F)F)ccnc1C[S+]([O-])c1nc2ccccc2[nH]1,[ 0.1268472   0.93038017 -0.67341864 -0.7082654   0.21922329]
CC(C)(c1ccc(Oc2ccc(N)cc2)cc1)c1ccc(Oc2ccc(N)cc2)cc1,[-0.01369411 -0.2078129  -0.424223   -0.65362144  0.31658995]
O=c1c(Cl)c(Cl)cnn1-c1ccccc1,[ 0.25620717  0.90735596 -0.76703846 -0.22065626  0.00661589]
Cc1cc(-n2c(C)nc3ccccc3c2=O)n(-c2ccccc2)n1,[ 0.50097346  0.7175143  -0.38468182 -0.50947016 -0.29666507]
O=C(O)c1cccc(Cl)n1,[ 0.26228553  0.83305025 -0.9652566  -0.48756525 -0.3272088 ]
O=C(OCCc1ccccc1)c1ccccc1,[ 0.5289913   0.42526925 -0.82576895  0.22666246  0.08931848]
ClCC1CO1,[ 0.42107522  0.6099498  -0.72414225 -0.8438618  -0.1365141 ]
CCCCCCCCOC(C)=O,[-0.17417367  0.56013566 -0.83584404 -0.8798718  -0.49670115]
Nc1nc2ccc(OC(F)(F)F)cc2s1,[-0.6171334   0.57480145 -0.57164276 -0.44958362  0.7623352 ]
O=c1c2nocc2c(-c2ccccc2)nn1-c1ccccc1,[-0.4556295   0.8410024  -0.31733465 -0.91809064  0.10638972]
COP(=S)(OC)Oc1ccc(C#N)cc1C,[-0.34782502  0.82170326 -0.8676187  -0.7016896  -0.32311785]
Cc1cc(Nc2nc(N[C@@H](C)c3ccc(F)cn3)c(C#N)nc2C)n[nH]1,[-0.21003686  0.7487015  -0.7567582  -0.6541103  -0.16768923]
CCCc1nn(C)c2c(=O)[nH]c(-c3cc(S(=O)(=O)N4CCN(C)CC4)ccc3OCC)nc12,[-0.38361198  0.46984366 -0.6783819   0.13091677 -0.24801539]
COc1cccc2c1cc([N+](=O)[O-])c1c(C(=O)O)cc3c(c12)OCO3,[-0.10850656  0.5989067  -0.66327846 -0.686453   -0.66685885]
CCC(=O)NCCC1CCc2ccc3c(c21)CCO3,[ 0.28785068  0.44623253 -0.74157274 -0.6023331  -0.19587094]
O=C(CN1CCOCC1)NN=Cc1ccc([N+](=O)[O-])o1,[ 0.13508584  0.76087976 -0.9861274  -1.          0.22734329]
CN(C)C(=O)Nc1cc(C(C)(C)C)on1,[-0.12402767 -1.         -0.8684218  -0.3722619  -0.19972545]
N#Cc1ccc2[nH]c(C(F)(F)F)nc2c1,[ 0.10785651  0.8958624  -0.63791126 -0.77735126 -0.19129094]
C=CCc1ccc(OC(C)=O)c(OC)c1,[ 0.37705263  1.         -0.94544125 -0.6204165   0.2694883 ]
CCCS,[ 0.43030992  0.9684144  -0.95342404 -0.4772021  -0.12166382]
CCCCCCCC[Si](OCC)(OCC)OCC,[ 0.27561644  0.23367922 -0.593502    0.14575554  0.50740993]
Cc1cc(C)c(C)cc1C,[ 0.36184067 -0.3890785   0.08905875 -0.64475125  0.08807588]
CC(C)(C)[NH2+]CC(O)c1cc(O)cc(O)c1,[ 0.01743306 -0.05665773 -0.87758136 -0.8694019  -0.3154335 ]
C=CN(CC)C(C)=O,[-0.35757855  0.8594854  -0.95733994 -0.9058812  -0.2620697 ]
COC(=O)C(C)NP(=O)(OC[C@@H]1C=C[C@H](n2cc(C)c(=O)[nH]c2=O)O1)Oc1ccc(I)cc1,[ 0.58166564  0.8542834  -1.         -0.9342671  -0.29257044]
CSc1ccc(C(=O)c2[nH]c(=O)[nH]c2C)cc1,[-0.09206469 -0.571124   -0.8689379  -0.15833233  0.56044585]
CCCCCCCCC1OC1CCCCCCCC(=O)OCC1(CC)OC1CCC,[ 0.1940062   0.22289777 -0.47106916 -1.         -0.15581365]
Cc1c(C(C)C)c(=O)n(-c2ccccc2)n1C,[ 0.27082166  0.8132242   0.97574943 -0.40123662 -0.5061356 ]
Cc1cc(Sc2cc(C)c(O)c(C(C)(C)C)c2)cc(C(C)(C)C)c1O,[ 0.38152182  0.7273021   0.15192989 -0.61960423 -0.5239317 ]
COc1ccc(-c2cc(=O)c3ccc(OC)cc3o2)cc1,[ 0.13515168  0.79752976 -0.78887945 -0.4273007   0.36945075]
CC(=O)N(C)C,[ 0.4500046   0.7203582  -1.         -0.74536294 -0.55445683]
O=C1c2ccccc2N(C(=O)CN2CCOCC2)CN1c1ccccc1,[ 0.6065635   0.9500411  -0.8635142  -0.6991857   0.00532982]
O=P([O-])([O-])C(Cl)(Cl)P(=O)([O-])O,[ 0.24442485  0.8466759  -0.92223406 -0.6585826  -0.28318706]
CC(=O)OC(C)(C)C1CC=C(C)CC1,[ 0.58238244  0.77135164 -0.7945405  -0.14691141 -0.15252575]
ClCC1C(CCl)C2(Cl)C(Cl)=C(Cl)C1(Cl)C2(Cl)Cl,[ 0.18233006  0.77389884 -0.7869134  -1.          0.16849491]
Cc1c(OC2CCN(CC3CCN([C@@](C)(Cc4ccc(F)cc4)C(=O)O)CC3)CC2)ccc(Cl)c1Cl,[ 0.47765562  0.2858407  -0.83283454 -0.39001188  0.149497  ]
CNC(=O)ON=C(C)SC,[-0.31296188  0.8575146  -0.80537707 -0.9894486   0.07530155]
C[C@@H]1CN(Cc2ccc(F)cc2)CCN1C(=O)COc1ccc(Cl)cc1NC(N)=O,[ 0.1044147   0.72223955 -0.14086619 -0.2169571  -0.05241428]
CCN(CC)c1ccc2cc(C(=O)NC3(C(=O)N[C@H](Cc4ccccc4)C(=O)NCC4CCN(CC5CCOCC5)CC4)CCCC3)sc2c1,[-0.16809614  0.38624868  0.00870335  0.70222455 -0.4022687 ]
Oc1cc(Cl)c(Cl)c(Cl)c1Cl,[-0.25163573  0.32000715 -0.8765469  -0.49629417 -0.1398664 ]
CCOC(C)=Cc1oc2ccccc2[n+]1CCCS(=O)(=O)[O-],[ 0.23396426  0.6650712  -0.8941166  -0.5937809   0.88311064]
c1c[nH]cn1,[ 0.18647975  0.88465405 -0.81313956 -0.03515013 -0.38007057]
CCCCOC(=O)c1ccc(-n2nc(OCCN3CCCCC3)c3ccccc32)cc1,[-0.2702343   0.89505637 -0.2514609  -0.8273599  -0.00965758]
ClCC(Cl)Cl,[ 0.47968227  0.53181267 -0.80844176 -0.63339543 -0.06616077]
O=[N+]([O-])OCC(O)CO,[ 0.23728496  1.         -0.26753142 -0.8450361   0.50160974]
CCCCOc1ccccc1NC(C)=O,[-0.45597413 -0.4785772  -0.90258634 -0.72214025 -0.17222744]
COCCOC(=O)CC#N,[ 0.2024115   0.86155224 -0.7591097  -0.83679587  0.07384077]
CC([NH3+])Cc1ccccc1,[-0.09486647  0.40128714 -0.8533713  -0.81934243 -0.17470424]
N#CC(c1ccccc1)c1ccccc1,[ 0.58470184  0.6410007  -0.8439677  -0.8545751   0.08785396]
CN(C)CCC(c1ccc(Cl)cc1)c1ccccn1,[ 0.5621906   0.9762563  -0.7196167  -0.09656452 -0.1901053 ]
Clc1ccc(C(OCCN2CCCCC2)c2ccccc2)cc1,[-0.46629974  0.94928527 -0.8080356  -0.904684    0.01303956]
NCCCNCCSP(=O)(O)O,[ 0.53122073  0.40710858 -0.9333277  -0.69730866 -0.3666819 ]
Cc1cccc(Nc2ccncc2S(=O)(=O)[N-]C(=O)NC(C)C)c1,[-0.7408051   0.37700567 -0.7344751  -0.8268557   0.7064929 ]
C=CCN(C(=O)Cn1nc(C)ccc1=O)C(C)Cc1ccccc1,[ 0.47691494  0.76747906 -0.7260875  -1.         -0.20362788]
CC(C)(C)CNC(=S)Nc1cccnc1,[-0.15290385  0.9162156  -0.6180058  -0.8024107  -0.05859993]
N=C(Nc1c([N+](=O)[O-])cnc2ccccc12)N1CCOCC1,[-0.03621209  0.7000691  -0.81515396 -0.5365195   0.23861541]
FC(F)(F)c1nc2c(Br)c(Cl)c(Br)cc2[nH]1,[ 0.10809025  0.66040224 -0.8010584  -0.5988097   0.14454737]
CCOP(=S)(OCC)Oc1ccc([N+](=O)[O-])c(C)c1,[ 0.05692492  0.911694   -0.8295671   0.05567552  0.11404572]
CC(C)(C#N)C(C)(C)C#N,[-0.10803663  0.9217019  -0.9104675  -1.         -0.28928402]
CCOC(=O)c1c(C)cc2c(CO)n[nH]c(=O)c2c1C,[ 0.34600607  0.7680967  -1.         -0.26266557  0.37517384]
CCCCC(CC)COCCC#N,[ 0.05530946  0.86522794 -0.6309721  -0.7862855  -0.05448157]
CCC(=O)OC1CCC2C3CCC4=CC(=O)CCC4(C)C3CCC12C,[ 0.36564708 -0.8151519  -0.75502014 -1.         -0.14382851]
O=S(=O)(O)c1ccc2cc(Nc3cccc4c(O)c(S(=O)(=O)O)ccc34)ccc2c1O,[-0.0745178  -0.9147502  -0.7383723  -0.8003173   0.21623296]
CC(=O)[C@H]1CC[C@H]2[C@@H]3CC[C@@H]4C[C@H](O)CC[C@]4(C)[C@H]3CC[C@]12C,[-0.31362328  0.99109614 -0.89317495 -1.         -0.14270361]
COc1ccccc1NC(=O)CC(C)=O,[-0.6657133   0.89466876 -0.94915825 -0.6358243   0.41877908]
N#Cc1cccc(C#N)c1,[ 0.14136551  0.98644525 -0.49698365 -0.851944   -0.2750341 ]
O=C(O)[C@@H](c1ccccc1)N1CCC(CN2CCC(Oc3ccc(Cl)c(Cl)c3)CC2)CC1,[ 0.5773307   0.5966686  -0.81693983  0.28266704 -0.39397842]
CCN(N=O)C(C)OC,[ 0.6643925   0.7929816  -0.7514004  -0.6052691   0.32707694]
CCC(C(=O)O)c1ccc(CC(C)C)cc1,[ 0.40591407  0.734204   -0.9651292  -0.9119159  -0.02947792]
CCCCOC(=O)CC(SC(CC(=O)OCCCC)C(=O)OCCCC)C(=O)OCCCC,[-0.03512499  0.7219635  -0.7611837  -0.7091397   0.19647755]
CC1OC(OC2C(O)CC(OC3C(O)CC(OC4CCC5(C)C(CCC6C5CC(O)C5(C)C(C7=CC(=O)OC7)CCC65O)C4)OC3C)OC2C)CC(O)C1O,[-0.18111518  0.44847098 -0.6651167  -0.47724244 -0.5054586 ]
C=CC(=O)OCCOC(=O)CC(C)=O,[ 0.31018642  0.765824   -0.7397585  -0.73927593  0.4764766 ]
CCOC(=O)C1OC1c1ccccc1,[ 0.4190868   0.8165742  -0.8131358  -0.6654227  -0.07733698]
C=CC[N+]1([C@H]2C[C@H]3[C@@H]4CC[C@H]5C[C@H](O)[C@@H](N6CCOCC6)C[C@]5(C)[C@H]4CC[C@]3(C)[C@H]2OC(C)=O)CCCC1,[ 0.15057114  0.9490693  -0.9193837  -1.          0.60161424]
C[C@@H](NC1=CC(=O)CC1)c1ccc(Nc2ncc3cc(-c4ccncc4)ccc3n2)cc1,[ 0.5507409   0.6013807  -0.56879455 -0.22713447  0.15549164]
C[NH2+]C(C)C1CCC(N)C(OC2C(N)CC(N)C(OC3OCC(C)(O)C([NH2+]C)C3O)C2O)O1,[-0.10500178  0.803121   -0.5786288  -0.42343193 -0.04661047]
COc1ccc(C(=O)Nc2ccccc2CCC2CCCCN2C)cc1,[ 0.4498115   0.86276156 -0.67016757 -0.7870291   0.8921315 ]
O=C1COc2ccc(CNC3CCN(CCN4C(=O)COc5ccc(Cl)cc54)CC3)nc2N1,[ 0.37202933  0.97850806 -1.         -0.44540495 -0.220171  ]
BrC12CC3CC(CC(C3)C1)C2,[-0.01226947  0.59012276 -0.9177711  -0.7609743   0.13758308]
CC(=O)c1c(C)c2cnc(Nc3ccc(N4CCNCC4)cn3)nc2n(C2CCCC2)c1=O,[-0.378476    1.         -0.754547   -0.37463215 -0.02736281]
CN(CC#N)N=O,[ 0.07462185  0.74483687 -0.84553653 -0.9973729   0.69480073]
Cc1c(OCC(F)(F)F)ccnc1CS(=O)c1nc2ccccc2[nH]1,[ 0.04108112  0.90978104 -1.         -0.76221895 -0.33680883]
C1=CCC(C2OCC3(CC=CCC3)CO2)CC1,[-0.21297057  0.5343291  -0.91548866  0.03113198  0.71486145]
C[C@H](CSN=O)C(=O)N1CCC[C@@H]1C(=O)O,[ 0.08901254  0.9327164  -0.9509671  -0.91507775  0.18879664]
Cc1ncsc1C(=O)N(Cc1cc(=O)[nH]c2c(F)cccc12)c1cccc(Cl)c1,[ 0.16511889  0.8781022  -0.84073186 -0.52281123 -0.06094205]
CN(C)c1ccc(N=Nc2ccccc2)cc1,[-0.02922411  0.8610936  -0.81297827 -0.5442862   0.7131495 ]
COP(=S)(OC)Oc1ccc(C#N)cc1,[ 0.36395818 -0.1207877  -1.         -1.         -0.09676535]
CCc1cccc(CC)c1N,[-0.20943409  0.8949392  -0.66759336 -0.917581   -0.3414856 ]
COc1cc(OC)c(S(=O)(=O)N2c3ccccc3CCC2C)cc1NC(=O)COCC(=O)O,[ 0.4013229   0.81949526 -0.2234131  -0.61055905 -0.26973453]
Cc1ccc(C(=O)N(CCCN)[C@@H](c2nc3cc(Cl)ccc3c(=O)n2Cc2ccccc2)C(C)C)cc1,[ 0.24296907  0.74016094  0.60492885 -0.8753631   0.00944123]
O=CCCCC=O,[ 0.00639118  0.81442654 -0.33462724 -0.8108569   0.97742957]
O=C(O)COc1ccc(Cl)cc1CN1CCN(S(=O)(=O)Cc2ccccc2)CC1,[ 0.30525336  1.         -0.6342757  -0.5461041  -0.4698255 ]
CCCCC(CC)C(=O)OC1=C(c2c(C)cc(C)cc2C)C(=O)c2ccccc21,[ 0.22502549  0.9938314  -0.97990215 -0.7091233  -0.13219476]
CN(C)C1C(O)=C(C(N)=O)C(=O)C2(O)C(O)=C3C(=O)c4c(O)cccc4C(C)(O)C3C(O)C12,[ 0.3409448   0.76805335 -0.63990676 -0.83864784  0.56496537]
CON=C(Cc1cccnc1)c1ccc(Cl)cc1Cl,[-0.3445073   0.81812334 -0.8107637  -0.7820861   0.31178886]
CC(=O)N1CCN(c2ccc(OC[C@H]3CO[C@](Cn4ccnc4)(c4ccc(Cl)cc4Cl)O3)cc2)CC1,[ 0.41084462  0.85165685 -1.         -0.29855156 -0.3090829 ]
COc1cc2nc(N3CCN(C(=O)C(C)OC)CC3)nc(N)c2cc1OC,[ 0.4994751   0.75387686 -0.69665277 -0.6299873   0.31178367]
OCc1ccccc1,[ 0.52714634  0.87645036 -1.         -0.5808976   0.09836581]
CCC[NH+]1CCCCC1C(=O)Nc1c(C)cccc1C,[ 0.15410255  0.6174678  -0.8056307  -0.68303984  0.29007474]
NC(=S)Cc1cccc2ccccc12,[ 0.03982595  0.7361163  -0.74232966 -0.73399925 -0.6101611 ]
Fc1cc(-c2cccc3ncc(-c4cnn(C5CCNCC5)c4)nc23)cc(F)c1CN1CCOCC1,[ 0.26723453  0.6848129  -0.4253523  -0.5274532  -0.07117426]
CC#CN(CC)CC,[ 0.4130897  0.5529766 -1.        -0.856894   0.3157812]
Clc1ccc(OCOc2ccc(Cl)cc2)cc1,[ 0.85559887  0.71309596 -0.533317   -0.10337267 -0.31415954]
COP(=S)(OC)SCC(=O)N1CCOCC1,[ 0.36686295  0.5700656  -0.58457637 -0.3852505   0.09085828]
COc1cc(C=CC(=S)N2CCOCC2)cc(OC)c1OC,[-0.48444217 -0.17469703 -0.63478506 -0.63445675  0.00275483]
CC(C)Oc1ccc2c(=O)c(-c3ccccc3)coc2c1,[-0.34824234  0.90163356 -0.81238115 -0.6708906  -0.42509478]
O=CC=CC1CO1,[ 0.28457958  0.8568161  -0.7911131  -0.90158355 -0.04816085]
CC(=O)N[C@H](Cc1ccc2ccccc2c1)C(=O)N[C@H](Cc1ccc(Cl)cc1)C(=O)N[C@H](Cc1cccnc1)C(=O)N[C@@H](CO)C(=O)N[C@@H](Cc1ccc(O)cc1)C(=O)N[C@H](CCCNC(N)=O)C(=O)N[C@@H](CC(C)C)C(=O)N[C@@H](CCCNC(=N)N)C(=O)N1CCC[C@H]1C(=O)N[C@H](C)C(N)=O,[ 0.08080825  0.912211   -0.77029914 -0.98884755 -0.4973084 ]
C=C(C)C(=O)OCCCC,[-0.07763049  0.84033203 -0.7661605  -1.         -0.2537333 ]
CNC(=O)c1cccc2c(Nc3ccc(NS(C)(=O)=O)cc3OC)c3cccc(C)c3nc12,[-0.23624459  0.60520285 -1.         -0.54922825  0.7188473 ]
O=[N+]([O-])N1CN([N+](=O)[O-])CN([N+](=O)[O-])C1,[ 0.55132645 -0.02432776 -0.4932768  -0.57983965 -0.4888643 ]
Nc1ccc(N)cc1,[ 0.3785717   0.77445585 -0.6407428  -0.6823258   0.26536787]
O=C(Oc1ccccc1)n1c(C(F)(F)F)nc2cc(Cl)c(Cl)cc21,[-0.06099017  0.39758143 -0.7099076   0.14024056 -0.32525584]
CS(=O)(=O)c1ccc(C(O)C(COC(=O)C[NH3+])NC(=O)C(Cl)Cl)cc1,[ 0.37827462  0.8031655  -0.9108617  -0.7686529   0.8418439 ]
O=C(CF)Nc1ccccc1,[ 0.25485575  1.         -0.71796566 -0.7893428  -0.43861145]
Cn1c(COP(=O)(NCCBr)NCCBr)cnc1[N+](=O)[O-],[ 0.21141307  0.871796   -0.8791017  -0.8471649   0.15356064]
COc1cc2c(cc1OC)C(CCc1ccc(Cl)cc1)N(C)CC2,[ 0.42301553  0.58547175  0.52917916 -0.01335911 -0.4689297 ]
CCC(C(=O)O)C1(O)CCCCC1,[-0.29806596 -0.09388316 -0.3925437  -0.84177506 -0.16192265]
O=c1n(CC2CO2)c(=O)n(CC2CO2)n1CC1CO1,[ 0.1973531   0.95679843 -1.         -0.86176455  0.71923137]
OCCOc1cc(Cl)c(Cl)cc1Cl,[-0.6359222   0.9368005  -0.72680694 -0.39382243  0.12385392]
SCc1ccccc1,[ 0.19623603  0.5133062  -0.69279224 -0.75327647  0.5804231 ]
CCN1C(=O)NC(c2ccccc2)C1=O,[ 0.21386635  0.3177127  -0.02781342 -0.84100837 -0.08722366]
C=CCOc1ccccc1C(N)=O,[ 0.2464504   0.21912794 -0.72376925 -0.7583593  -0.03883069]
COc1cc2nc(N3CCN(C(=O)c4ccco4)CC3)nc(N)c2cc1OC,[ 0.5033477   0.1067017  -0.80400413 -0.36881793 -0.08579312]
OCC(O)C(O)C(O)CO,[ 0.34884882  0.5270665  -0.10768601 -0.45060968 -0.12817173]
C=CCN1CCCC1CNC(=O)c1cc2nn[nH]c2cc1OC,[ 0.48092175  0.15103173 -1.         -0.57399356  0.5489118 ]
Cc1cc(=O)cc(-c2ccccc2)o1,[ 0.38909334  0.6875673  -0.75869024 -0.8064442   0.08572572]
O=[N+]([O-])c1ccccc1Cl,[ 0.47167835  0.71062344 -0.79770976 -0.6612957  -0.09113945]
COP(=S)(OC)Oc1cc(Cl)c(Cl)cc1Cl,[ 0.31127164 -0.74277407 -0.7374477  -0.68117297  0.07443288]
C[C@@H]1NC(=O)[C@@H](C)NC(=O)[C@H](C)N(C)C(=O)[C@@H](C)N(C)C(=O)[C@@H](C)NC(=O)[C@H](C)N(C)C1=O,[-0.45567685  0.6297012  -0.77169347 -1.          0.4423644 ]
COc1ccc(CC2c3cc(OC)c(OC)cc3CCN2C)cc1OC,[ 0.19648495  0.8010137  -0.6724225  -0.82411826 -0.5114836 ]
CCNC(=O)C=Cc1cccc(Br)c1,[ 0.0123212   0.40659055 -0.81486917 -0.39697194  0.15731657]
CCNC(=O)CSP(=S)(OC)OC,[ 0.33706942  0.8775315  -0.6584954  -0.779176   -0.25306594]
O=C(O)CCC(=O)O,[ 0.00611981  0.7957296   0.7040035  -0.02928206  0.27940065]
COC(=O)/C=C/CNC(=O)CN1C(=O)[C@@H](COC(=O)Nc2ccc(Cl)cc2C(F)(F)F)N=C(c2ccccc2)c2ccccc21,[-0.20438232  0.8540198  -0.82632405 -0.8017757   0.52204704]
CNC(=O)Oc1ccc(CCC#N)cc1,[ 0.35551324  1.         -0.61805123 -0.97529644  0.23949063]
Cc1ccc(S(=O)(=O)N(C)C(=O)N2CCC(N3CCC(Oc4ccc(Cl)c(Cl)c4)CC3)CC2)cc1,[-0.05709627 -0.6881588  -0.6764006  -1.          0.02302416]
CCCCCCCCCCCC(=O)OCC(O)C1OCC(O)C1O,[-0.31689337  0.9150776  -0.6825551  -0.2865572  -0.14082213]
COCCOCCOC(C)=O,[ 0.41735613  0.8700929  -0.5556318  -0.06101341 -0.06001483]
c1ccc([C@H]([C@@H](c2ccccc2)N2CCCCC2)N2CCCCC2)cc1,[-0.79926056  0.65619457 -0.52369237 -0.4396308   0.11923656]
CCC(=O)O,[-0.19695875  0.886215    0.27285782 -0.6527477  -0.03505627]
C=C(C)C(=O)OCCOC(=O)C(=C)C,[-0.07068341  0.26613516 -0.24593613 -0.4772876   0.6145229 ]
COC(C)COC(C)COC(C)CO,[ 0.6338216   0.3005388  -0.904419   -0.4390795  -0.19062561]
COCCN(c1cccnc1)P(=O)(c1ccccc1)c1ccccc1,[ 0.3718139   0.63154995 -0.7984737   0.11875948 -0.53673536]
Cc1cc(Nc2nc(N[C@@H](C)c3ccc(F)cn3)c(C#N)cc2Cl)n[nH]1,[ 0.6677965   0.64111525  0.09143162 -0.3201422  -0.6073639 ]
FC(F)(F)c1nc2c(Br)cc(Br)cc2[nH]1,[ 0.29850215  1.         -0.90766543 -0.6574038  -0.34376565]
C[C@@H]1NC(=O)[C@H](C)N(C)C(=O)[C@@H](C)NC(=O)[C@H](C)N(C)C(=O)[C@@H](C)N(C)C(=O)[C@@H](C)NC1=O,[-0.15056354  0.92639995 -0.8933905  -0.6642192   0.97832865]
COc1c(OCc2ccc(-c3ccccc3-c3nnn[nH]3)cc2)cc(C)nc1C,[ 0.46532324  0.8421257  -0.76276135 -0.41315088 -0.2403675 ]
CC[C@H](CO)NC(=O)[C@H]1C=C2c3cccc4[nH]cc(c34)C[C@@H]2N(C)C1,[ 0.25497618  0.379168   -0.63326037 -0.8212047  -0.24416777]
CC1OC(n2ccc(NC(=O)c3ccc(NC(=O)C(C)(N)CO)cc3)nc2=O)CCC1OC1OC(C)C(N(C)C)C(O)C1O,[ 0.29550153  1.         -0.8137815  -0.81836635  0.14558476]
ClC(Cl)(Cl)c1ccc(C(Cl)(Cl)Cl)cc1,[ 0.33933133  0.02894716 -0.8658142  -0.6593279  -0.5063967 ]
Cc1ccc(N2CC(COc3ccc(-c4noc(C)n4)cc3)C2)nn1,[-0.07566723  0.751444   -0.6283013  -0.7192353   0.06112804]
Cc1cc(-n2cccc2)c(S(C)(=O)=O)cc1C(=O)NC(=N)N,[ 0.37826815  0.7392051  -0.48678225 -0.5998664   0.14944789]
CCN1CCCC1CNC(=O)c1cc(S(N)(=O)=O)ccc1OC,[ 0.02926719  0.69639313 -0.81981105 -0.6625738  -0.23710026]
CC(C)(C)OC(=O)N1CCN(c2ncc(OCc3ccncc3)cn2)CC1,[-0.07348631  0.8773813  -0.44328973 -0.5287299  -0.3471784 ]
CCC(=O)N(c1ccccc1)C1CC[NH+](CCc2ccccc2)CC1,[-0.1658917  -0.6021674  -0.6940855  -0.38959292 -0.1869162 ]
COc1ccc2ccc(=O)n(CCN3CCC(NCc4cc5c(cn4)OCCO5)CC3)c2n1,[ 0.09115943  0.49880922 -0.82725364 -0.7233714   0.02726804]
O=C(Cc1ccc(Cl)c(C(F)(F)F)c1)Nc1cccc2c(=O)n(CCO)ccc12,[ 0.5109153   0.43280002 -0.61760515 -0.45732865 -0.36315563]
CC(C)c1cccc(OC(=O)N(C)C)c1,[-0.18857762  0.23488891 -0.64438623 -0.8114501  -0.04568183]
C[C@@H]1NC(=O)[C@H](C)N(C)C(=O)[C@@H](C)N(C)C(=O)[C@H](C)NC(=O)[C@@H](C)NC(=O)[C@@H](C)N(C)C1=O,[-0.15876217  0.8441919   0.03182312 -0.4599031  -0.5762662 ]
C=CCNC(=O)C(=O)C(CCC)NC(=O)C1CC2CN1C(=O)C(C1CCCCC1)NC(=O)Cc1cccc(c1)OCCC(C)(C)O2,[ 0.34428602  0.840491   -0.9429567  -0.48090312 -0.6010921 ]
COc1cc2c3c(c1O)C1(C=CC(=O)C=C1)CC3N(C)CC2,[ 0.17195617 -0.26664317 -1.         -0.5730231   0.17710677]
CC=Cc1ccc(OCc2ccccc2)c(OC)c1,[ 0.17711371  0.82849586 -0.84927434 -0.56843984  0.00663765]
CNC(=O)Oc1ccc(Cl)c2c1OC(C)(C)C2,[-0.2661243  -0.26649314 -0.06373947 -1.         -0.40813702]
CCNC(=O)ON=C1SCOC1C,[-0.08448521  0.74580115  0.3413583  -0.4255895  -0.5028009 ]
CC(NNC(=O)c1ccccc1)c1ccccc1,[ 0.24936044  0.75986487 -0.9599101  -0.895597   -0.27322814]
CC(C)=CCN1CCC2(C)c3cc(O)ccc3CC1C2C,[ 0.31461817  1.         -0.79581183 -0.6872547  -0.13474502]
CCC(C)OC=O,[ 0.5094602  -0.5507859  -0.21773341 -0.48742974 -0.57809424]
Clc1ccc(N2N=NC3C4CC(C5N=NC45)C32)cc1,[ 0.18687758  0.80906373 -0.8601541  -0.69147646 -0.40969706]
CC1CCCCC1NC(=O)Nc1ccccc1,[ 0.5014939   0.42875543 -0.6462589  -0.6830338  -0.29017287]
CC(=O)Oc1cccc(Oc2ccc(C(F)(F)F)cc2Cl)c1,[ 0.51763594  0.8229927  -0.87830395 -0.69862646 -0.20744829]
CCC(C)C(=O)OC1CCC2(C)C3CC(O)C4C5(O)C(CC42OC13O)C1CN2CC(C)CCC2C(C)(O)C1C(O)C5OC(=O)C(C)(O)CC,[ 0.35968816  1.         -0.47714528 -0.8157447  -0.13523744]
CS(=O)(=O)c1nc(-c2ccc(F)cc2)n(-c2ccc(Cl)cc2)n1,[ 0.02934959  0.8222394  -0.74514806 -1.          0.2531651 ]
CC(=O)CCCCCCCC(=O)O,[ 0.31101722  0.85316306 -0.76540375  0.22608356 -0.2581685 ]
O=c1cc(Cn2c(C3CCC3)nc3nccnc32)c2ccc(F)c(F)c2[nH]1,[-0.18457043  0.82412344 -0.3625152  -0.5162805  -0.34395865]
COC(=O)C(C(C)=O)C(C)=O,[-0.03856989  0.7502616  -1.         -0.835746   -0.13785404]
CCC1(CC)C(=O)NCC(C)C1=O,[ 0.45614344  0.7599728  -0.48516846 -0.8465885  -0.47578707]
CCCCC(CC)OCCOCCO,[ 0.1896592   0.7855264  -0.50502586 -0.5282257  -0.09001464]
O=P(OCCCl)(OCCCl)OC1CC(C(Br)CBr)CCC1Cl,[ 0.28438845  0.6134831  -0.66581166 -0.9687253  -0.00427656]
CCC(CC)C(=O)OCCOCCOCCOC(=O)C(CC)CC,[ 0.38319114  0.5043628  -0.6069316  -0.02351205 -0.5063346 ]
Cc1cc(C)c(N)c(C)c1,[ 0.3705896  -0.63185203 -1.         -0.11646968 -0.21153043]
O=C(CO)N1CCC(c2[nH]nc(-c3ccc(Cl)cc3F)c2-c2ccncn2)CC1,[ 0.21427593  1.         -0.09200291  0.10030136  0.83134586]
O=NN1CCCCC1,[-0.31959897  0.901959   -1.         -0.657723    0.34415376]
CSCCC(OC(C)=O)C(=O)O,[ 0.19801828  0.8611419  -0.804115   -0.76290375  0.48609164]
CCOC(=O)COc1ccc(C(=O)CN2CCN(C3CCN(C(=O)OCOC(=O)C(C)(C)C)CC3)CC2=O)cc1,[ 0.0727855  0.8308206 -0.7775627 -1.         0.9863933]
Cc1cnc(Nc2cc(N3CCOCC3)nc(N[C@@H](C)c3ncc(F)cn3)n2)s1,[ 0.41804805  0.681011   -0.87440944 -0.45264542 -0.03562395]
CCc1nn(C2CCCC2)c2c1CCn1c(-c3cccs3)nnc1-2,[ 0.0199013   1.         -1.         -0.5477466  -0.07089026]
O=CNc1cc([C@@H](O)CNCCc2ccc(NC[C@H](O)c3ccccc3)cc2)ccc1O,[ 0.12244082  1.         -0.48017743  0.3347342  -0.06605382]
O=C(CCC(=O)OC1CCCCC1)OC1CCCCC1,[ 0.0778356   0.29861602 -0.40742803 -0.13902383  0.03633008]
COc1cc(Nc2nc(N[C@@H](C)c3ncc(F)cn3)ncc2Br)n[nH]1,[ 0.6677898   0.6508134  -0.35226506 -0.1550919  -0.5277878 ]
CC(C)OCCCO,[ 0.47940624  0.7910709  -0.8001068  -0.5212064   0.12699424]
CC(CN1CCOCC1)C(C(=O)N1CCCC1)(c1ccccc1)c1ccccc1,[ 0.1630233   0.6034183  -0.8472913  -0.62200814  0.18087651]
Cc1ncc(CS)c(CO)c1O,[-0.18614759  0.624676   -0.97448766 -0.8318767  -0.04723248]
CN(C)Cc1cc(CN(C)C)c(O)c(CN(C)C)c1,[ 0.351827   0.9191949 -0.8203706 -1.        -0.1781957]
C=COC(=O)CCCCC(=O)OC,[ 0.47203484 -0.5343279  -0.7305269  -0.33082616  0.2844123 ]
Nc1cccc(N)c1,[ 0.26264662  0.9028094  -0.14906791 -0.7561458  -0.03981375]
CC(C)CCC(C)Nc1ccc(Nc2ccccc2)cc1,[ 0.16728602  0.16908196 -0.7204609  -1.         -0.09748181]
Oc1nc(-c2ccccc2)nc2ccccc12,[ 0.13156828  0.38733718 -0.98638844 -0.83366066 -0.18690301]
CCCCC(CC)CNC1CCCCC1,[-0.20011893 -0.7632888  -0.8051173  -0.40965647 -0.34875837]
CC(C)=CCCC(C)=CCCC(=CCCC(C)=CCO)CO,[ 0.16048703  0.522564   -0.69154745 -0.7053901  -0.65927804]
CCOc1ccccc1-c1ccc(-c2nc3ccncc3c(O)c2C#N)cc1,[ 0.42545372  0.675728   -0.87230974 -0.40225238  0.3306856 ]
CC(C(O)c1ccc(O)cc1)[NH+]1CCC(O)(c2ccccc2)CC1,[-0.3057212   0.4934613  -0.70433867 -0.9413018   0.08621893]
CN(C)NC(=O)CCC(=O)O,[ 0.3500776   0.2776667  -0.85737246 -0.5539327  -0.16752161]
CCOC(=O)C(CCc1ccccc1)NC1CCc2ccccc2N(CC(=O)O)C1=O,[-0.41052732  0.71669924 -0.73984146 -0.85038537 -0.20207995]
O=C(/C=C/c1ccc(O)c2c1C(C(=O)O)C(c1ccc(O)c(O)c1)O2)OC(Cc1ccc(O)c(O)c1)C(=O)O,[ 0.44399184  0.76552325 -0.7026845  -0.3405172  -0.27693096]
CC(C)NC(=O)c1cnc(N2CCC(N3C(=O)OCc4ccccc43)CC2)c(Cl)c1,[-0.28932714  0.8959585  -0.7955103  -0.49021637  0.09369808]
Cc1cc(Nc2cncc(N[C@@H](C)c3ccc(F)cn3)n2)n[nH]1,[-0.27648628 -0.57174534 -0.68802637 -0.3235415  -0.0123718 ]
C(=NC1CCCCC1)=NC1CCCCC1,[ 0.2227934   0.8470119  -1.         -0.6256684  -0.19333664]
CCNC(=S)NCC,[ 0.7431574   0.7610859  -0.88970554 -0.18690364 -0.45244834]
O=C(O)Cc1ccccc1N1CCC(CN2CCC(Oc3ccc(Cl)c(Cl)c3)CC2)CC1,[-0.2130478   1.         -0.94488883 -1.         -0.41178602]
CN1CCN(CCC=C2c3ccccc3Sc3ccc(S(=O)(=O)N(C)C)cc32)CC1,[-0.38010994  0.8760575  -0.43019804 -0.62080705 -0.31215844]
CC(C)Nc1nc(Cl)nc(NC(C)C)n1,[ 0.44044277  1.         -0.7257254  -1.          0.17626525]
CN(C)c1ccc(C(O)(c2ccc(N(C)C)cc2)c2ccc(N(C)C)cc2)cc1,[ 0.29941654  0.46925068 -0.9052747  -0.43292314  0.02599681]
CC1CCCCN1N=O,[ 0.24564545  0.77736545 -0.6732528  -0.72548443 -0.01142025]
O=C(c1csc2c1CCCC2)N1CCCCC1,[ 0.14381334  1.         -0.2716179  -0.5999655  -0.10917971]
CN(C)CC/C=C1/c2ccccc2COc2ccc(CC(=O)O)cc21,[ 0.16367589  0.8045269  -0.48441294  0.4307214  -0.05714031]
CC(C)CN,[-0.6086994   0.8948562  -1.         -0.7166313  -0.05682725]
CC(COc1ccc(Cl)cc1Cl)C(=O)O,[ 0.22774231  0.9029366  -0.6512384  -0.6752847   0.1275297 ]
CN[C@H](CC(C)C)C(=O)N[C@H]1C(=O)N[C@@H](CC(N)=O)C(=O)N[C@H]2C(=O)N[C@H]3C(=O)N[C@H](C(=O)N[C@H](C(=O)O)c4cc(O)cc(O)c4-c4cc3ccc4O)[C@H](O)c3ccc(c(Cl)c3)Oc3cc2cc(c3O[C@@H]2O[C@H](CO)[C@@H](O)[C@H](O)[C@H]2O[C@H]2C[C@](C)(N)[C@H](O)[C@H](C)O2)Oc2ccc(cc2Cl)[C@H]1O,[ 0.22440644  0.74695665 -0.70482    -0.4775019   0.27369446]
O=C1CC(N2C(=O)c3ccccc3C2=O)C(=O)N1,[ 0.43120947  0.22486356 -0.6499922  -0.4176163   0.03612109]
CC(C)CNC(=O)NS(=O)(=O)c1ccc(Cl)cc1,[-0.07245792  0.88744617 -0.6230555  -0.43169627 -0.10648771]
C=CS(=O)(=O)CCCCCC,[ 0.12013632  0.9057423  -0.29392642 -0.6744119   0.26786923]
Cc1nc(C(F)(F)F)ccc1C(=O)Nc1ccc(Cl)c(-c2ccccn2)c1,[ 0.31463614 -0.73675287  0.1256089  -0.20449531 -0.25642022]
CC(C)(C)c1nnc(NS(=O)(=O)c2ccccc2)s1,[ 0.5291761  -0.05424677 -0.65601075 -0.4340456   0.04005498]
CCNc1nc(NC(C)C(C)C)nc(SC)n1,[ 0.6563305   0.8007084  -1.         -0.9192328   0.15708302]
CCCCCc1ccccc1O,[ 0.4891237   0.8567114  -0.93189245 -0.9531363  -0.36205953]
CCOC(=O)C=Cc1ccc2c(c1)OCO2,[ 0.15081345  0.7838798  -0.8226231  -0.98163676 -0.3630704 ]
FC(F)=C(F)CCSc1ncccn1,[ 0.20405413  0.91575444 -1.         -0.8704196   0.54734623]
C=CC(=O)OCCCCCCOC(=O)C=C,[ 0.07788318  0.9833878  -0.36669368 -0.6379865  -0.01723372]
CCOc1nc(C(Cl)(Cl)Cl)ns1,[-0.22735366  0.7995316  -0.7830683  -0.69178385  0.2689101 ]
CCN(CC)c1c([N+](=O)[O-])cc(C(F)(F)F)c(N)c1[N+](=O)[O-],[ 0.09029902  0.9157236  -0.6444499  -0.60260314 -0.25470096]
COP(=S)(OC)SCc1nnc(SC)s1,[ 0.28333083  0.31365645 -0.4105734  -1.          0.28186524]
CC1(C)CC(NC2CC(C)(C)NC(C)(C)C2)CC(C)(C)N1,[ 0.48428813  0.86141753 -0.15414006 -0.7076859  -0.36346427]
COc1cc(C2c3cc4c(cc3C(OC3OC5COC(C)OC5C(O)C3O)C3COC(=O)C23)OCO4)cc(OC)c1O,[-0.21677159  0.23800503 -0.7202807   0.41643152 -0.14107208]
CSCC(=O)N(C)C(=O)Oc1ccccc1OC(C)C,[ 0.1583802   0.7707753  -0.92639065 -0.7391215  -0.44395033]
CCOP(=O)(O)O,[-0.01196597  0.29376513 -0.5453003  -0.5137705  -0.4727959 ]
C=CC(=O)NCNC(=O)C=C,[ 0.6956717   0.8323923  -0.6828558  -0.89489055 -0.19673532]
COc1nccnc1NS(=O)(=O)c1ccc(N)cc1,[ 0.5018144   0.8887064  -0.80133337 -0.5697705  -0.37000185]
CCN(CC)CCO,[ 0.38284475  1.         -0.9296531  -1.         -0.18107818]
Nc1ccc(S(=O)(=O)O)c2cccc(O)c12,[-0.06592742  0.82274854 -0.6252846  -0.82013994  0.6099201 ]
CC(C)CON=O,[ 0.6857771   0.84304726 -0.93716    -0.6199117  -0.10414585]
Cc1cn([C@H]2CCCN([C@H](CC(C)C)c3ccc(C(=O)O)c(Oc4cccc(Cl)c4)c3)C2)c(=O)[nH]c1=O,[ 0.42698616  0.89943224 -1.         -0.7303768  -0.19903515]
CC#CCC(C)C(O)/C=C/C1C(O)CC2C/C(=C/CCCC(=O)[O-])CC21,[ 0.20428447  0.77480143 -0.97322935 -0.82146955  0.382903  ]
O=[N+]([O-])OC1COC2C(O)COC12,[-0.20228447  0.7696663  -0.7680095  -0.977369   -0.4694231 ]
COCOCCO,[ 0.16795024  0.48640332 -0.8029105   0.35238448 -0.1189629 ]
CCC(c1ccccc1)c1c(O)c2ccccc2oc1=O,[ 0.11507528  0.9240536  -0.91415554 -0.9471846  -0.14735281]
CC(=O)O[C@H]1C[C@]2(O)[C@H]3CC[C@H]4C[C@H](O[C@H]5C[C@@H](O)[C@@H](O[C@H]6C[C@@H](O)[C@@H](O[C@H]7C[C@@H](O)[C@@H](O)[C@H](C)O7)[C@H](C)O6)[C@H](C)O5)CC[C@@]4(C)[C@H]3CC[C@]2(C)[C@H]1C1=CC(=O)OC1,[ 0.21251681  0.6632611  -1.         -0.75903136  0.6451379 ]
CC(C)(C)NC(=O)C1CC2CCCCC2CN1CC(O)C(Cc1ccccc1)NC(=O)C(CC(N)=O)NC(=O)c1ccc2ccccc2n1,[ 0.29843664  0.9545136  -0.6776927  -0.24274822  0.44806716]
CCOC(=O)CCN(Cc1ccccc1)SN(C)C(=O)ON=C(C)SC,[-0.47935674  0.8328815  -0.59156275 -0.4879529   0.05213671]
C[C@H](Cc1cccc(CC(=O)NC23CC4CC(CC(C4)C2)C3)c1)NC[C@H](O)c1ccc(O)c(CO)c1,[ 0.6451349   0.8570324  -0.7331785  -0.29742533 -0.2391684 ]
C=C(C)c1cccc(C(C)(C)N=C=O)c1,[ 0.27357328  1.         -0.14671369 -0.6451952  -0.10911318]
O=C1NC(=O)C(c2ccccc2)(c2ccccc2)C(=O)N1,[ 0.5680441   0.07086141 -0.7998838  -0.74928916 -0.10997836]
ClCc1cccc2ccccc12,[ 0.24829678  0.86176854 -0.7904589  -0.7674713  -0.15290697]
OC[C@@H]1CC[C@H](n2cnc3c(O)ncnc32)O1,[ 0.40087095  0.7719911  -0.0900806  -0.08781666 -0.3771606 ]
O=C1C2CC3C1C1(Cl)C(Cl)C4(Cl)C2C3C1(Cl)C4(Cl)Cl,[ 0.55628824  0.9739216  -0.95384556 -0.5625401   0.08670054]
CC(C)(C)c1cc([N+](=O)[O-])cc([N+](=O)[O-])c1O,[ 0.1048675   0.4904603  -0.8475801  -0.6226156  -0.33375007]
CCS(=O)CCSP(=O)(OC)OC,[ 0.4415259   1.          0.34539983 -0.5184311   0.09912851]
NCCNCCNCc1ccccc1O,[ 0.00525085  0.90886503 -0.8179796  -0.8030425   0.08685145]
C/C=C/CC(C)C(O)C1C(=O)NC(CC)C(=O)N(C)CC(=O)N(C)C(CC(C)C)C(=O)NC(C(C)C)C(=O)N(C)C(CC(C)C)C(=O)NC(C)C(=O)NC(C)C(=O)N(C)C(CC(C)C)C(=O)N(C)C(CC(C)C)C(=O)N(C)C(C(C)C)C(=O)N1C,[ 0.18498388  0.9367191  -0.76404756 -0.8156583  -0.02517835]
CCON=C(CC)C1=C(O)CC(c2c(C)cc(C)cc2C)CC1=O,[-0.05381318  0.33718026 -0.771143   -0.6499005  -0.15909286]
CC(=O)Oc1cc(C(F)(F)F)ccc1C(=O)O,[-0.3349914   0.72222924 -0.7540925  -0.7982424   0.24402843]
C=COCCOC,[ 0.11795983 -0.51782084 -0.80215317 -0.7033963   0.5840669 ]
C1=CCCC=CCCC=CCC1,[-0.2789277   0.8625572  -0.7073174  -0.98958504 -0.41530117]
C=COC(=O)CCCCCCC,[-0.20660745  0.13287838 -0.7287697  -0.90329695 -0.32852167]
O=[N+]([O-])c1ccc(Nc2ccccc2)c(S(=O)(=O)O)c1,[ 0.22775578  0.43600315 -0.311932   -0.9614394   0.25045824]
O=C(O)CCC(=O)OC1CCCCC1,[ 0.3977744   0.7010784  -0.39426517 -0.5311472  -0.36155662]
CCn1cc(C(=O)O)c(=O)c2cc(F)c(N3CCN(C)CC3)cc21,[ 0.14500135  0.80834985 -1.         -0.6335173   0.51416487]
C=C(C)C(=O)OC=C(C)C,[ 0.32579163 -0.8804281  -0.64327854 -0.41407105 -0.4383339 ]
Cc1ccc2c(c1)c(-c1ccnc3cc(Cl)ccc13)c(C)n2CC(=O)O,[ 0.02871165  0.45423955  0.26380616 -0.90697354  0.09179872]
CC(C)(C)c1ccc(OP2OCC3(CO2)COP(Oc2ccc(C(C)(C)C)cc2C(C)(C)C)OC3)c(C(C)(C)C)c1,[-0.11562402  0.66326934 -0.42045054 -0.20118542  0.08910757]
O=C(O)CCC(=O)c1ccc(-c2ccccc2)cc1,[ 0.15983467  0.73968846 -0.8180947   0.06053197  0.7737833 ]
C[NH+]1CCc2cccc3c2C1Cc1ccc(O)c(O)c1-3,[ 0.29528266  0.3226269  -0.4268812  -0.8099045   0.05593977]
CCOP(=S)(OCC)Oc1cc(-c2ccccc2)on1,[ 0.01663038  0.8146472  -0.17911927 -0.75287473  0.17631787]
CCOc1ccccc1C(=O)NN=C(C)C(=O)O,[-0.05998923  0.79750365 -0.88938475 -0.45586675 -0.01334357]
CCCOP(=O)(OC=C(Cl)Cl)OCCCl,[ 0.14219753  0.89248705 -0.70145416 -0.6648102  -0.34741294]
NNC(=O)c1ccncc1,[-0.62364036  0.43832904  0.03728525 -1.         -0.13895948]
C=C1CC1CC(N)C(=O)O,[ 0.21828441  0.7995292  -0.8889763  -0.8227462   0.47582656]
CCCOCCN(C(=O)CCl)c1c(CC)cccc1CC,[ 0.08750741  0.30071867 -0.5684588  -0.58598167 -0.28533688]
COP(=S)(Cl)OC,[ 0.4658266   0.77555275 -0.8666081  -0.5369033  -0.27237234]
CNC(=O)OCc1cccc(COC(=O)NC)n1,[-0.16939598  0.69008696 -0.4563453  -0.32878906 -0.3123924 ]
CC(C)CCOC(CO)CC(C)C,[-0.18530464  0.32756108 -0.8276771  -1.         -0.4712444 ]
COP(=S)(OC)Oc1cnc2ccccc2n1,[ 0.6019797  -0.8587272   0.02562585 -0.5286218  -0.04179246]
CCOP(=O)(OCC)Oc1nc(Cl)c(Cl)cc1Cl,[-0.2311294   0.30972365 -0.561154   -0.39958936 -0.18291089]
CCN(CCO)c1cccc(C)c1,[ 0.12471391  0.6670422  -0.6744133  -0.5786266  -0.0516183 ]
c1ccc(OP(Oc2ccccc2)Oc2ccccc2)cc1,[ 0.49619505  0.7031122  -0.816571   -0.7371712   0.2007747 ]
COc1ccc(NC(=O)c2ccnc(N)n2)cc1,[ 0.18887568  0.5361701  -1.         -0.9313645   0.08066636]
C=CC(=O)N1CN(C(=O)C=C)CN(C(=O)C=C)C1,[ 0.6540258   0.44149485 -0.77310914 -0.80874765 -0.4082422 ]
CN1CCN(c2ccc3ncc(C(N)=O)c(Nc4ccc(Cl)c(Cl)c4)c3c2)CC1,[-0.1764218   0.88600546 -0.70814866 -0.08126235 -0.20651393]
Cc1cccc([N+](=O)[O-])c1[N+](=O)[O-],[ 0.16712382  0.9514984  -1.         -0.01343693  0.30701166]
CNC(=O)ON=C1CCCC1(C)C#N,[ 0.01363226  0.85648775 -1.         -0.6763565  -0.3706462 ]
CCCOCCOC(=O)C1=C(C)NC(C)=C(C(=O)OCCOCCC)C1c1cccc([N+](=O)[O-])c1,[ 0.60961425  1.         -0.8499797  -1.          0.06913084]
O=C(CCCCCCC(=O)Nc1ccccc1)NO,[ 0.25007653  0.07551961 -0.8932078  -0.7456004  -0.28547266]
O=C(Nc1ccccc1-c1ccccc1)OC1CCN(CCCCCCCCCNC[C@H](O)c2ccc(O)c3[nH]c(=O)ccc23)CC1,[-0.40451145  0.82491934 -0.80984414 -0.46103072 -0.1538918 ]
COc1nc(C)nc(Cl)c1NC1=NCCN1,[ 0.08950727  0.8071506  -0.82778436 -0.569888   -0.22535335]
CCCCN(N=O)C(N)=O,[ 0.40175626  0.63768286 -0.63791776 -0.8220237  -0.47378495]
Cc1ccc([N+](=O)[O-])cc1,[ 0.39922607  0.47353673 -0.7539608  -0.8815626  -0.00971039]
CSCCC([NH3+])C(=O)NC1(C(=O)[O-])CS(=O)(=O)C2C(C(=O)[O-])C21,[ 0.19925733  0.5996466  -0.3622161  -0.8833858  -0.4296338 ]
COCc1c(C(C)C)nc(C(C)C)c(/C=C/[C@@H](O)C[C@@H](O)CC(=O)O)c1-c1ccc(F)cc1,[ 0.45382038  0.59996134 -1.         -0.97323114 -0.11327998]
CCC(C)(C)OC(=O)Nc1ccco1,[ 0.63920647  0.93890697 -0.87696016 -0.03663811 -0.02210899]
CC(C)CCI,[ 0.42098987  0.8272088  -0.5983892  -0.43730277 -0.06859465]
CN(CCCOCCOCCc1ccccc1)CCc1ccc(O)c2nc(O)sc12,[-0.57432836  0.8871575   0.17090961 -1.         -0.05820672]
COc1ccc2c(O[C@@H]3C[C@H]4C(=O)N[C@]5(C(=O)NS(=O)(=O)C6CC6)C[C@H]5/C=C\CCCCN(C)C(=O)[C@@H]4C3)nc(-c3ccc(F)cc3)nc2c1C,[ 0.2911097   0.6367511  -0.71527183 -0.7556203   0.1250546 ]
CCN(CC)c1ccc(-c2nc(=O)n(C)nc2-c2ccc(N(CC)CC)cc2)cc1,[ 0.01554266 -0.22286269 -0.39593312 -0.40499747  0.18786854]
CCC(=O)OCc1ccc(OC)cc1,[ 0.6633714   0.33320016 -0.56013083 -0.7982195  -0.10044443]
CCNc1nc(NCC)nc(OC)n1,[ 0.24103719  0.566323   -0.7241018  -0.67757154  0.60249794]
O=C(O)CC(CC1CCN(C(=O)CCc2ccc3c(n2)NCCC3)CC1)C1CNc2ccccc2C1,[ 0.4495207   0.4986442   0.2706651  -0.91248155  0.17999445]
O=C(c1ccccc1)c1cccc2c1CCC2C(=O)O,[-0.14289862  0.7264137  -0.9191867  -0.8356827  -0.2031516 ]
CCCCOCCOC(C)=O,[ 0.287971    0.86258006 -0.83428353 -0.4045269  -0.5581203 ]
Cc1c(Cl)c([N+](=O)[O-])c2[nH]c(C(F)(F)F)nc2c1[N+](=O)[O-],[ 0.02676641  0.80334926 -0.8243324  -1.         -0.47999984]
O=[N+]([O-])c1ccc(Cl)c([N+](=O)[O-])c1,[ 0.33119106  0.09558092 -0.70304424  0.8117712   0.07571577]
O=C1OCC2C1C1(Cl)C(Cl)=C(Cl)C2(Cl)C1(Cl)Cl,[ 0.2307779   0.758934   -1.         -0.72518194 -0.495188  ]
O=C(NC(CCc1ccc2c(c1)OCO2)CCc1ccc2c(c1)OCO2)c1ccc(Cl)cc1,[ 0.44390708  0.54760265 -0.75498706 -0.62699074 -0.00516864]
CCCCCCOCCOCCO,[-0.21401908 -0.3807406  -0.9579875  -0.48807785  0.5157686 ]
CC1(C)SCN(C(=O)C2(Oc3ccc(Cl)cc3)CCCCC2)C1C(=O)O,[-0.06914857  0.5318049  -0.67476064 -1.         -0.12987697]
SCCc1cnccn1,[-0.13642123  0.871164   -0.77525383 -1.          0.46565002]
COc1ccccc1Oc1c([N-]S(=O)(=O)c2ccc(C)cn2)nc(-c2ccncc2)nc1OC,[ 0.08998313  0.4663186  -1.         -0.87542117 -0.16834222]
CCN(CCO)C(=O)c1oc2cccnc2c1-c1cccc(C(F)(F)F)c1,[ 0.46171427  1.          0.22496197 -0.10482037 -0.21519083]
COP(=O)(SC(C)C)SC(C)C,[-0.45297232  0.8309412  -0.40218773 -0.73613036 -0.36261436]
CC[C@@]1(O)C(=O)OCc2c1cc1n(c2=O)Cc2cc3c(CN(C)C)c(O)ccc3nc2-1,[-0.3633747   0.8696944  -0.84763443 -0.6238769  -0.29320127]
O=C(NCc1ccc(OC(F)(F)F)cc1)C1c2ccccc2C(=O)N1CCc1ncc(F)cn1,[ 0.3763323   0.7922557  -0.64936423 -0.5767036  -0.3998637 ]
CCCCCCCc1ccccc1O,[ 0.18463331  0.31301388 -0.6398535  -1.         -0.31233308]
O=C1CCc2ccccc2O1,[ 0.21900323  0.5743032  -0.55806667 -0.56662947  0.5800083 ]
CCCCCCCC=CC=O,[ 0.15082164  0.8232356  -0.7827349  -0.8733704  -0.13500525]
CCC(=O)NC[C@H]1CN(c2ccc(-c3nncs3)c(F)c2)C(=O)O1,[-0.31576008  0.7394851  -0.85487604 -0.34943357  0.26676995]
CCCCC(C)(C)CO,[ 0.38062015  0.7369521  -0.8302605  -0.43756163  0.30667448]
Cc1cc(=O)n(CSP(=S)(OC(C)C)OC(C)C)nc1Cl,[-0.14091337  0.6687356  -1.         -0.7669211   0.12476897]
C=CCN1CCC23CCCCC2C1Cc1ccc(O)cc13,[ 0.4266662   0.6387452  -0.3234872  -0.6894368  -0.38039184]
COC(=O)c1ccccc1,[ 0.3817977   0.7261916  -0.66830844 -0.54687667 -0.11694473]
COP(=S)(OC)Oc1nc(Cl)c(Cl)cc1Cl,[ 0.14169446  0.527882   -0.8421751  -0.69009477 -0.05356955]
C[C@]12C[C@H](O)[C@H]3[C@@H](CCC4=CC(=O)CC[C@@]43C)[C@@H]1CC[C@]2(O)C(=O)CO,[ 0.10858139  0.98723763 -0.82999974 -0.7903569   0.43692207]
O=C1C(Cl)C(CCl)CN1c1cccc(C(F)(F)F)c1,[ 0.10265508  0.7302681  -0.54150486 -0.20913933  0.7875522 ]
O=C(Cc1cccs1)N[C@@H]1C(=O)N2C(C(=O)[O-])=C(C[n+]3ccccc3)CS[C@H]12,[ 0.5776546   0.6570666  -0.887888   -0.37998897  0.05150992]
Cc1c(-c2c(C)c(N)c3c(C(C)C)c(O)c(O)c(C=O)c3c2O)c(O)c2c(C=O)c(O)c(O)c(C(C)C)c2c1N,[-0.08651119 -0.81722134 -0.25885305 -0.64275414  0.04523373]
ClCC(Cl)=C(Cl)Cl,[ 0.45803338  0.74296665 -0.66431135 -1.         -0.20521222]
COc1ccccc1Oc1c([N-]S(=O)(=O)c2ccc(C(C)C)cn2)nc(-c2ccnc(-c3nnn[n-]3)c2)nc1OCCO,[ 0.29960516 -0.02082146 -0.6070305  -1.         -0.32265475]
Nc1ccc(Cl)cc1,[ 0.4440354   0.77892745 -0.46783492 -0.7338658   0.05207501]
Clc1nc(Cl)nc(Cl)n1,[ 0.2773349   0.4215193  -1.         -0.7390471   0.56046873]
COc1cc2c(c3oc(=O)c4c(c13)CCC4=O)C1C=COC1O2,[-0.06606263  0.82433647 -0.6959445  -0.8336804  -0.53344274]
CCCSP(C)(=S)OP(C)(=S)SCCC,[ 0.12884516  0.9937671  -1.         -0.942929   -0.2763645 ]
C1COCCOCCNCCOCCOCCN1,[ 0.7081168   0.79156774 -0.6212606  -0.949805   -0.09661709]
CC(=Cc1ccccc1)C=C1SC(=S)N(CC(=O)O)C1=O,[ 0.37851036  0.9774841  -0.5442514  -0.65715426  0.2515064 ]
CC[C@@H]1OC(=O)[C@@H](C)[C@H](O[C@@H]2C[C@](C)(OC)[C@H](O)[C@@H](C)O2)[C@H](C)[C@H](O[C@@H]2O[C@H](C)C[C@H](N(C)C)[C@H]2O)[C@@](C)(O)C[C@@H](C)/C(=N\OCOCCOC)[C@H](C)[C@@H](O)[C@@]1(C)O,[ 0.56453437  0.7595654  -0.59138024  0.73197323 -0.28826034]
O=C1NC(c2ccc(Br)cc2)Nc2ccccc21,[ 0.2359343   0.90498877 -0.53133744 -0.4456661  -0.458262  ]
O=C(Nc1ccc(Cl)c(C(=O)Nc2cccnc2)c1)c1cccc(C(F)(F)F)c1,[ 0.41930425  0.85509425 -0.1459583  -0.3987749  -0.36134663]
NCCCCN,[ 0.48616043  0.8127348  -0.66437817 -0.6834256   0.281607  ]
C=C(C)C1CC=C(C)C(O)C1,[-0.0026346   0.8332142  -0.00384827 -0.4567352   0.3151343 ]
CC(C)(O)c1ccc(Nc2nc3ccc(C#N)cc3[nH]2)cc1,[ 0.30021963 -0.3352697  -0.5641917  -1.          0.13090883]
CCOC(=O)CCC1(CCC(=O)OCC)c2ccccc2-c2ccccc21,[-0.03320576 -0.38715392 -0.8068753  -0.58646667 -0.16497219]
CCS(=O)(=O)c1ccc(-c2cc(Cl)ccc2OCC(=O)O)cc1,[-0.56632155  0.70079696 -0.322956    0.3480184  -0.1101148 ]
CC(C)(C)NCCC(O)c1cc(C(F)(F)F)nc2c(C(F)(F)F)cccc12,[ 0.3332399   0.22166745 -0.35643134 -0.37149328  0.66508716]
CC1CCC2(O)C3(C)CC4(O)OC2(C1O)C1(O)C3(O)C(OC(=O)c2ccc[nH]2)C(O)(C(C)C)C41C,[ 0.12814224  0.80833644 -1.         -0.81124914  0.22140229]
CCCCOP(=O)(OCCCC)Oc1ccccc1,[ 0.03826737  1.         -0.83546555 -1.         -0.48264092]
Nc1ccc(F)c(F)c1F,[ 0.03855792  0.7083813  -0.38272938 -0.8550849   0.85500807]
OCCN(CCO)CCO,[ 0.14779279  0.84560394 -0.79452795 -0.65538305 -0.02410993]
CCCSP(=S)(OC)SCCC,[ 0.23399043  0.7749443  -0.815625   -0.459986    0.02311461]
CCCCSCCCC,[ 0.2064554   0.99219835 -0.7110188  -0.74297476  0.28445876]
CCN(Cc1cc(C(F)(F)F)ccc1-c1cc(CC(=O)O)ccc1OC)C(=O)NCc1ccccc1,[ 0.31168544  0.896603   -0.8556331  -0.39431787  0.14050063]
CCCCOCCOCCCC,[ 0.52529144  0.49652794 -0.8454351  -0.58516914  0.07621668]
NC(=S)NNCNNC(N)=S,[ 0.29805174 -1.         -0.9845158  -0.4443829  -0.0535825 ]
Cc1ccc(CO)cc1N(C)c1ccnc(Nc2cc(N3CCCOCC3)cc(N3CCOCC3)c2)n1,[ 0.73173726  0.89246637 -1.         -0.7382087  -0.09004226]
Cc1cnc(-c2cc(NC(=O)c3ccc(C(F)(F)F)nc3C)ccc2Cl)[nH]1,[ 0.21599764  0.0250884  -0.48962855 -0.79262793  0.29957414]
NC(=O)CCCCC1CCSS1,[ 0.3038334   0.72762346 -0.10415414 -1.          0.18713312]
CCC(O)CO,[ 0.05190899  0.6751978  -0.99996465 -0.6628883  -0.11649378]
COc1cc([C@@H]2c3cc4c(cc3[C@@H](O[C@@H]3O[C@@H]5CO[C@@H](C)O[C@H]5[C@H](O)[C@H]3O)[C@H]3COC(=O)[C@H]23)OCO4)cc(OC)c1O,[ 0.15898341  0.50019425 -0.95959324 -1.          0.62349975]
O=NN(c1ccccc1)c1ccccc1,[ 0.33747888  0.6669807  -0.74386245 -0.8341104   0.35731483]
COC(=O)c1ccccc1N=NN(C)C,[ 0.13050252  0.8395724  -0.84164095 -0.688471   -0.26911452]
CCC1=C(C)CN(C(=O)NCCc2ccc(S(=O)(=O)[N-]C(=O)NC3CCC(C)CC3)cc2)C1=O,[-0.15131503  0.67343307 -0.513086   -0.9779543  -0.20471068]
CC(C)NCC(O)c1ccc(O)c(O)c1,[-0.07324454  0.88625777 -0.25900635 -0.35410443  0.07857032]
C#CC(C)(O)C(O)c1ccccc1,"[ 2.7181631e-01  6.4055729e-01 -8.9154255e-01 -4.0297320e-01
  4.8556816e-04]"
C=C(CC(=O)c1ccc(-c2ccccc2Cl)cc1)C(=O)O,[ 0.14968057  0.53023964 -0.7592982  -0.5560124   0.49307406]
CSCC(NC(=O)COc1cccc2cnccc12)C(=O)NC(Cc1ccccc1)C(O)C(=O)N1CSCC1C(=O)NC(C)(C)C,[ 0.01081465  0.7702446  -0.23225585 -0.18368006 -0.2680736 ]
O=Cc1cccc2ccccc12,[-0.17255574 -0.34654707 -0.2794558  -0.60891694  0.17958896]
O=c1[nH]c2c(O)ccc([C@@H](O)CNCCSCCCNCCc3cccc(Cl)c3Cl)c2s1,[ 0.3196934  0.5838421 -0.6056243  0.4982155 -0.078182 ]
C#CCN1C(=O)CN=C(c2ccccc2)c2cc([N+](=O)[O-])ccc21,[ 0.24479455  0.90233195 -0.7988668  -0.29136592 -0.30244634]
CC(C)(C)NC[C@H](O)COc1nsnc1N1CCOCC1,[-0.18446971  0.7769857  -0.23982042  0.02914236 -0.09825059]
Nc1ccc(F)c([N+](=O)[O-])c1,[ 0.40581864  0.84502023 -0.97008485 -0.67492425 -0.11625158]
c1ccc2[nH]c(-c3cscn3)nc2c1,[ 0.4769435   0.8104582  -0.60538673 -0.3534092   0.1604394 ]
COP(=S)(OC)SC1CSC=CO1,[-0.4004294   0.74378043 -0.7417123  -0.63502973  0.03125275]
CC1NC(=S)NC1=O,[ 0.19676006  0.8768118  -0.7940982  -1.          0.63781834]
O=P([O-])([O-])C(O)(Cn1ccnc1)P(=O)([O-])O,[-0.13077877  0.67733914 -0.80414087 -0.1353669   0.02784448]
N#CC1CC2CC2N1C(=O)C(N)C12CC3CC(CC(O)(C3)C1)C2,[-0.30943862  0.81865305 -0.91094935 -0.7219674   0.36212775]
OCCNCCc1ccccc1,[ 0.05717238  0.6906159  -0.6758762  -1.          0.76687557]
CCCN(CCC)c1c([N+](=O)[O-])cc(S(N)(=O)=O)cc1[N+](=O)[O-],[ 0.22538032 -0.32143545 -0.7153088  -0.8150337   0.21159098]
CC1CCCCOC1=O,[ 0.24332033  0.6757307  -0.11052637 -0.9759192   0.09107323]
C1=CC2C=CC1C2,[ 0.13895552  1.         -1.         -0.74454546  0.30530047]
C=CCOC(=O)CCCCC,[0.11898825 0.64094645 0.1796441  0.28373033 0.37677255]
O=C(OCC(COC(=O)c1ccccc1)(COC(=O)c1ccccc1)COC(=O)c1ccccc1)c1ccccc1,[-0.00601653 -0.8500621  -0.63900393 -0.4610909  -0.1775683 ]
CCCCOP(=O)(O)OCCCC,[ 0.5068993   0.1636512  -0.688918   -0.9392029  -0.01565797]
Nc1nc(O)c(Cl)c(-c2ccccc2)n1,[ 0.5372855   0.17813365 -0.8542458  -0.8820716  -0.1251303 ]
C=CS(C)(=O)=O,[-0.31450886  0.52612346 -0.86894923 -0.97833496 -0.27381063]
CCCc1c(OCc2cccn3c(=O)c(CCC(=O)O)cnc23)ccc(C(C)=O)c1O,[ 0.20814328 -0.4144782  -0.5581565  -0.9661484  -0.06781961]
O=C(O)CCCCCC(=O)O,[ 0.4814045   1.         -0.633876   -0.62196296 -0.04813773]
OCCNCCOc1ccc(C(=C(c2ccccc2)C(F)(F)F)c2ccccc2)cc1,[-0.06724391  0.8608326  -0.9061953  -0.49050224  0.34044328]
Nc1nc2c(Cc3cccnc3)c[nH]c2c(=O)[nH]1,[-0.06068897  0.9153033  -0.42212504 -0.8496093   0.10325305]
CC1=NN(c2ccccc2)C(=O)C1,[-0.6195021   0.9194512  -0.8508635  -0.7582996  -0.31973958]
COC(=O)Cc1ccccc1,[-0.51322407  0.715604   -0.8797339  -0.76420844 -0.22141722]
Cc1ccc(S(=O)(=O)Nc2c(C(=O)N[C@@H](C)C(C)(C)C)c(C)nn2C(C)C)cc1,[-0.2674746   0.8484098  -0.8067646  -0.71769834 -0.46650967]
CC(=CC(=O)O)C(=O)O,[-0.07582177  0.70161605 -0.84271884 -0.87495154 -0.32463846]
CC(=O)c1ccc2c(c1)N1C(=O)OCC1CC2,[ 0.42993855  0.35559243 -0.8409597  -0.7460928   0.24008296]
C=CC[NH+]1CCCC1CNC(=O)c1cc2n[nH]nc2cc1OC,[ 0.3709852   0.491788    0.12772083 -0.09824335 -0.23349623]
CCC(CC)(C(=O)O)c1cccc2ccccc12,[ 0.0333509   0.80116355 -0.7155311  -1.          0.04462754]
CN(C)CCC=C1c2ccccc2CCc2ccccc21,[ 0.07211827  0.7503512  -0.40403953 -0.41699302  0.35252106]
Cc1nc(N)nc(N)c1-c1ccc(Br)cc1,[-0.20639819  0.81290406 -0.81179637 -0.62763286 -0.19263701]
COC(=O)c1cc([N+](=O)[O-])ccc1Cl,[ 0.10420723  1.         -0.7316373  -0.86282897  0.07255043]
O=C(Cl)CCl,[ 0.25282305  0.89361316 -0.6775585  -0.7205737  -0.14369531]
CBr,[-0.2638816   0.8151554  -1.         -0.71464676 -0.3979119 ]
C=CC(=O)OC1CC2CCC1C2,[-0.4601115  -0.3421464  -0.6967222  -0.72898227  0.12124532]
N[C@H]1CCN(c2c(Cl)cccc2/C=C2\SC(=O)NC2=O)C1,[ 0.26872173  0.5617713  -0.74439126 -1.         -0.21772797]
CCCC(=O)OC1(C(=O)COC(=O)CC)CCC2C3CCC4=CC(=O)CCC4(C)C3C(O)CC21C,[ 0.13649423  0.66652626 -0.851079   -0.83082134  0.26092348]
CN(SSC(C)(C)C)C(=O)ON=C1SCCS1,[ 0.44418597  0.49108008 -0.63983184  0.45064288  0.06231881]
CC(Cl)(Cl)[N+](=O)[O-],[-0.2926956  0.8977908 -0.6630165 -0.662698  -0.4537397]
O=C(CCc1ccccc1)OC1=C(OC(=O)CCc2ccccc2)C(=O)OC1=O,[-0.10889266  0.85701597 -0.77983385 -0.57675713  0.42023367]
CCCCSN(C)C(=O)Oc1cccc2c1OC(C)(C)C2,[ 0.3152844   0.79282075 -0.4356442  -0.70253444 -0.15085092]
Cc1cccc(C)c1CCNC(N)=O,[-0.3092661   1.         -0.76367986 -0.72592777  0.4255088 ]
COc1cc2c(cc1OC)C1CC(=O)C(CCC#N)CN1CC2,[-0.03969496  0.944936   -0.8026771  -1.          0.7520952 ]
CC[C@H]1NC(=O)[C@@H](NC(=O)c2ncccc2O)[C@@H](C)OC(=O)[C@H](c2ccccc2)NC(=O)[C@@H]2CC(=O)[C@H](CS[C@@H]3CN4CCC3CC4)CN2C(=O)[C@H](Cc2ccc(N(C)C)cc2)N(C)C(=O)[C@@H]2CCCN2C1=O,[-0.43092898 -0.8794379  -0.6229461  -0.45413482  0.13134044]
COc1cc(OC)c(C(=O)CCCN2CCCC2)c(OC)c1,[ 0.3566422   0.68474597 -0.88490826 -0.7986662  -0.1652355 ]
COc1c(OP(=S)(OCC(C)C)OCC(C)C)cnn(C)c1=O,[ 0.0228668   0.3212173  -0.85552466 -0.8491205   0.1449868 ]
COc1ccc([N+](=O)[O-])cc1N,[-0.36172232  0.83555233 -0.53527755 -0.3243377  -0.01239389]
COCCNC(=O)c1ccc(Nc2ncc3cc(-c4ccncc4)ccc3n2)cc1C,[ 0.05808946 -0.39603448 -0.8201565  -0.13153528 -0.29294625]
COCCOCc1ccccc1,[ 0.4638264   0.782412   -0.8263718  -0.56934965 -0.13605654]
N#Cc1c(-c2ccc(-c3ccncc3Cl)cc2)nc2ccncc2c1O,[ 0.20920588  1.          0.13401161 -0.65363896  0.13685043]
c1cc(-c2ccc3nc(Nc4ccc(OCCN5CCCC5)cc4)ncc3c2)ccn1,[-0.6111105   0.88831896 -0.3839285  -0.6753093   0.32103336]
CCOc1cc2ncc(C(N)=O)c(Nc3ccc(F)cc3F)c2cc1N1CCN(C2CC2)CC1,[-0.06382608  0.13165879 -0.36496466  0.09555378 -0.2539458 ]
C=C(OP(=O)(OC)OC)c1ccc(Cl)cc1Cl,[ 0.19638288  0.94431347 -0.6103384  -1.          0.8121164 ]
CNNC,[ 0.3852503  -0.20443633 -0.75801504 -0.6042537   0.01249451]
CN(C)N(C)N=O,[-0.20813653  0.9991435  -1.         -0.89380217  0.6931417 ]
O=C(NCCNCC(O)COc1ccc(O)cc1)N1CCOCC1,[ 0.3477107   0.45616302 -0.9748372  -0.83136094 -0.24602322]
C[NH+]1CCOC(c2ccccc2)c2ccccc2C1,[ 0.46368957  0.61656535 -0.7867926   0.0451816  -0.06694122]
CCC(C)CCCCC(=O)NC(CCN)C(=O)NC(C(=O)NC(CCN)C(=O)NC1CCNC(=O)C(C(C)O)NC(=O)C(CCN)NC(=O)C(CCN)NC(=O)C(C(C)O)NC(=O)C(CC(C)C)NC(=O)C(CCN)NC1=O)C(C)O,[-0.01969346 -0.055694   -0.7023935  -0.74283266  0.03794546]
C=CCn1c(N)cc(=O)n(CC)c1=O,[-0.14770901 -0.11816977 -0.49746794 -0.8937868   0.10436318]
CCOC(=O)CCN(SN(C)C(=O)Oc1cccc2c1OC(C)(C)C2)C(C)C,[-0.47891814  1.         -0.8308235  -0.8093366  -0.0903484 ]
FC(F)(F)c1nc2cc(Br)c(Cl)cc2[nH]1,[-0.10237329  0.80207497 -0.7328799  -0.50309724  0.481248  ]
O=C(O)COc1ccccc1,[ 0.1500528   0.9572631  -0.8588991  -0.44588554 -0.25452957]
Nc1ccn([C@@H]2O[C@H](CO)[C@@H](O)C2(F)F)c(=O)n1,[ 0.21925572 -0.3060043  -0.714384   -0.98196363 -0.17294067]
OC(CCN1CCCC1)(c1ccccc1)C1CCCCC1,[-0.17538965  1.         -0.73773503 -0.65036964 -0.16681896]
Cc1ccc(C(=O)c2ccc(CC(=O)NCC(=O)Nc3cccc(C)c3C)n2C)cc1,[ 0.14929026  0.9478297  -0.6741602  -0.07878868 -0.11958515]
C=CCI,[ 0.39282903  0.26833454 -0.85548574  0.25346428  0.2950953 ]
CC(=O)OC(C)OC(=O)C(C)c1ccc(-c2ccccc2)c(F)c1,[-0.00821195  0.8956378  -0.7301132  -0.6988719  -0.27117613]
C=CC(=O)OCCOC(=O)c1ccc(C(=O)O)cc1C(=O)O,[-0.3656657   0.33700404 -0.44607654 -0.7106926  -0.07528292]
CC(C)=CC1C(C(=O)OC(C#N)c2cccc(Oc3ccccc3)c2)C1(C)C,[ 0.16040576  0.64549    -0.86802804 -0.46946925  0.5666062 ]
CCOCCCO,[ 0.2657179   0.02710966 -0.6167072  -0.19661899  0.0788301 ]
CCc1ccc2[nH]c(C(F)(F)F)nc2c1,[ 0.05739072  0.12274741 -0.86334574 -0.5771209   0.4914927 ]
O=C([O-])CCCc1ccc(N(CCCl)CCCl)cc1,[ 0.16905797  1.         -0.8892596  -0.5548391  -0.19402482]
CCC(C)(C)c1ccc(Cl)c(OC(=O)NC)c1,[ 0.6795932   0.5647123  -1.         -0.7577521   0.42767644]
COP(=O)(OC)SC(CC(=O)OC(C)C)C(=O)OC(C)C,[ 0.4105526   0.9287776  -0.9669378  -0.5603015   0.17879507]
CCCCN1C(=O)c2cccc([N+](=O)[O-])c2C1=O,[ 0.47793478  0.48214874 -0.5791366  -0.66439474  0.2755232 ]
O=[N+]([O-])c1cc(Cl)c(N=Nc2ccc(N3CCS(=O)(=O)CC3)cc2)c(Cl)c1,[-0.0297493   0.8517732   0.22141136 -0.56907797 -0.28873798]
CN1C(=O)CN=C(c2ccccc2F)c2cc(Cl)ccc21,[-0.27057463  0.84601706 -0.89281726 -0.41805363 -0.27761588]
COc1c(Cl)ccc(Cl)c1C(=O)OCCN(CCOC(=O)c1c(Cl)ccc(Cl)c1OC)c1ccccc1,[-0.02387539  0.7525629  -0.8044085  -0.8915379   0.33396342]
Cc1nccc(-c2ccc(-c3nc4ccncc4c(O)c3C#N)cc2)c1Cl,[ 0.2797812   1.         -0.58405507 -0.7501395   0.17764302]
COP(=O)(OC)OC(=CCl)c1cc(Cl)ccc1Cl,[-0.3056531   0.78993857 -0.02332818 -0.5351417  -0.35607675]
CCC[C@@H](c1ccc(C(=O)O)c(Oc2cccc(Cl)c2)c1)N1CCC[C@H](n2cc(C)c(=O)[nH]c2=O)C1,[ 0.07041749  0.700913   -0.7686744  -0.08856168 -0.12776388]
CN=C=S,[ 0.4390177   0.6042553  -0.65346646 -0.13624407  0.4636524 ]
CCN1C(=O)C=CC1=O,[ 0.14366293  0.51115674 -0.7627032  -0.63348037  0.23582366]
CC(=O)OO,[-0.20566756  0.725817   -0.36949292 -0.65622973 -0.17358097]
COC(=O)C1=C(C)NC(C)=C(C(=O)OCCN(C)Cc2ccccc2)C1c1cccc(N(O)O)c1,[ 0.04614788  0.8870216  -0.36089662 -0.7982641  -0.18194298]
CNC(=O)Oc1ccccc1C1OCCO1,[-0.31006223  0.66013855 -0.41564935 -0.56027204 -0.29452422]
Cn1cncc1CN(CCN(Cc1ccccc1)S(=O)(=O)c1ccccn1)c1ccc(C#N)cc1,[ 0.1828271   0.02144587 -0.69536746 -0.6137288  -0.18032324]
OCCOCCOCCOCCO,[ 0.03584992  0.93535244 -0.5134911  -1.         -0.25212267]
CC(C(=O)O)c1ccc(C(=O)c2cccs2)cc1,[-0.94636124 -0.29281983 -0.49616763  0.0424612   0.121831  ]
Oc1c(O)c(-c2c(Cl)c(Cl)c(Cl)c(Cl)c2Cl)c(Cl)c(Cl)c1Cl,[ 0.3684032   0.7701056   0.8464646   0.02867839 -0.19553383]
C[C@@H]1O[C@@H](O[C@H]2[C@@H](O)C[C@H](O[C@H]3C[C@](O)(C(=O)CO)Cc4c(O)c5c(c(O)c43)C(=O)c3ccccc3C5=O)O[C@H]2C)C[C@H](N)[C@@H]1O,[-0.09000552  0.5820413   0.2495657  -0.41521338 -0.4367836 ]
CCOC(=O)C=Cc1ccc(Cl)cc1,[ 0.32748652  0.846308   -0.7766405  -0.5168205  -0.22645187]
Cc1cc(Nc2nc(N[C@@H](C)c3ncc(F)cn3)nc(N3CCOCC3)c2F)n[nH]1,[-0.07239642  0.80060554 -0.5556861  -0.9436309  -0.23636423]
COC(C)C=O,[-1.          0.8483999  -0.6396604  -0.8050336   0.34752676]
C=C(Cl)C(Cl)CCl,[ 0.01583303  0.572036   -0.55914885 -0.5566149   0.21034509]
NC(=O)Nc1cccc2c3c([nH]c12)CCCC3,[ 0.44074678  0.38362682 -0.8239111  -0.57719845 -0.06570916]
CC[C@H](C)[C@H](NC(=O)[C@H](CCC(=O)[O-])NC(=O)[C@H](CCC(=O)[O-])NC(=O)[C@H](Cc1ccccc1)NC(=O)[C@H](CC(=O)[O-])NC(=O)CNC(=O)[C@H](CC(N)=O)NC(=O)CNC(=O)CNC(=O)CNC(=O)CNC(=O)[C@@H]1CCCN1C(=O)[C@H](CCCNC(N)=[NH2+])NC(=O)[C@@H]1CCCN1C(=O)[C@H]([NH3+])Cc1ccccc1)C(=O)N1CCC[C@H]1C(=O)N[C@@H](CCC(=O)[O-])C(=O)N[C@@H](CCC(=O)[O-])C(=O)N[C@@H](Cc1ccc(O)cc1)C(=O)N[C@@H](CC(C)C)C(=O)[O-],[ 0.28441355  0.3086345  -0.830408   -0.80484074 -0.2540652 ]
COP(=S)(OC)SCSCC=C(Cl)Cl,[ 0.36245054 -0.07469064  0.34231162 -0.85371804 -0.26562858]
O=c1[nH]c(=O)c2ccccc2o1,[-0.41364685  0.84223557 -0.59861773 -0.63644     0.07824489]
Cc1cccc2sc3nncn3c12,[ 0.32073328  0.7032939  -0.5828221   0.23126988 -0.3216404 ]
O=C(CCl)OCCOCCO,[-0.3675601   0.45405114 -0.9312493  -0.7777711  -0.17383224]
CC1(C)SC2C(NC(=O)C(C(=O)[O-])c3ccsc3)C(=O)N2C1C(=O)[O-],[ 0.51723176  0.6905584  -0.80531096 -0.40572646  0.05081272]
Cc1ccc(N=CN(C)SN(C)C=Nc2ccc(C)cc2C)c(C)c1,[ 0.09902551  0.9547463   0.26167262 -0.27559906 -0.2912625 ]
C(Oc1nc(OCC2CO2)nc(OCC2CO2)n1)C1CO1,[ 0.21857902  0.70541376 -0.21981859 -0.6482441  -0.23595563]
CON(C)C(=O)Nc1ccc(Cl)cc1,[-0.2128256   1.         -0.4980235  -0.7272237  -0.26935196]
CC(C)OP(=S)(OC(C)C)SCn1nc(Cl)ccc1=O,[-0.66015905  0.9815848  -0.33053747  0.15487842 -0.26332006]
S=C1NCCNC(=S)S1,[ 0.08040269  0.37162435 -0.8286664  -0.63011134 -0.24930623]
CN(C)C1CC(c2ccccc2)c2ccccc21,[ 0.47445926  0.70775604 -1.         -0.32626328 -0.1262991 ]
CC(C)(C)c1cc(CCC(=O)OCCSCCOC(=O)CCc2cc(C(C)(C)C)c(O)c(C(C)(C)C)c2)cc(C(C)(C)C)c1O,[ 0.16508272  0.9213688  -0.9456967  -0.7149608   0.1531912 ]
CCCN(N=O)C(N)=O,[-0.43517753  0.82622546 -0.2963581  -0.9316351  -0.00350903]
COC(=O)c1c(Cl)cccc1-c1cnc([C@@H](C)NC(=O)C2(NC(=O)C(F)(F)F)CC2)c(F)c1,[ 0.1148332   0.2550268  -0.7404799  -0.81179005 -0.46141613]
O=C(COc1ccc(Cc2ccc(Cl)cc2)cc1)OCc1cccnc1,[ 0.12673843  0.7736509  -1.         -0.77456856 -0.08619498]
Cc1ccccc1S(=O)(=O)NC(=O)N1CCC(N2CCC(Oc3ccc(Cl)c(Cl)c3)CC2)CC1,[ 0.16840944  0.8681438  -1.         -0.7367699  -0.51385   ]
c1ccc(C2CO2)cc1,[-0.04220647  0.69858855  0.25998613 -0.6259405  -0.5321719 ]
O=c1[nH]c2ccccc2n1CCCN1CCN(C(c2ccccc2)c2ccccc2)CC1,[ 0.29357186  0.6454912   0.3400833  -0.5145856   0.1779447 ]
CCN(CC)CCCCCCCCCCNC(=O)Oc1ccc2c(c1)C1(C)CCN(C)C1N2C,[ 0.17356671  0.42575395 -0.5046869  -0.8117133   0.51611257]
C[S+]([O-])Cc1ccc(C(=O)Nc2ccc(OCCOCCO)nc2C(=O)NCC2CCC2)c2ccccc12,[ 0.7453419   0.8595236  -0.7984755  -0.27545333 -0.34385732]
O=[N+]([O-])c1cccc(O)c1,[-0.21618639  0.3934639  -0.8147874  -0.7564552   0.03512979]
CNC(=O)ON=C(C)SCC(N)=O,[ 0.11725602 -0.20027477  0.21684702 -0.96438974 -0.47475517]
CCOP(=S)(OCC)Oc1cc(C)n(CC)c(=O)c1,[ 0.12542894  0.822564   -0.78418994 -0.72085935 -0.11054609]
CNc1c(C(N)=O)cnc2[nH]c(-c3ccc(OCCN4CCOCC4)cc3)nc12,[ 0.16184287  0.5566124  -0.4913682  -0.6966586   0.30328625]
CC(=Cc1ccccc1)CC(=O)N1CCOCC1,[-0.34655613  0.9025366  -0.764751   -0.5118176   0.14986457]
C[C@@H]1O[C@@H](O[C@@H]2[C@@H](O)[C@H](OCCc3ccc(O)c(O)c3)O[C@H](CO[C@@H]3O[C@H](CO)[C@@H](O)[C@H](O)[C@H]3O)[C@H]2OC(=O)/C=C/c2ccc(O)c(O)c2)[C@H](O)[C@H](O)[C@H]1O,[ 0.59370077  0.79899216 -0.8271444  -0.41986308  0.17185855]
CC=CC=CC=O,[ 0.3397551   0.60059994 -0.43186796 -0.4369222  -0.40498284]
Cc1cc(Nc2nc(N[C@@H](C)c3ccc(F)cn3)c(C#N)cc2F)n[nH]1,[ 0.4113829   0.66777414 -0.89569294 -0.50226027 -0.00269562]
CCC(=O)OC1C(C)OC(OC2C(C)OC(OC3C(CC=O)CC(C)C(O)C=CC=CCC(C)OC(=O)CC(OC(C)=O)C3OC)C(O)C2N(C)C)CC1(C)O,[ 0.07121269  0.926603   -0.98717344 -0.83959204 -0.2869943 ]
CC1CCC(N)CC1N,[ 0.40866792  0.6904159  -0.606385    0.69663155 -0.1916599 ]
Oc1ccc2c(c1)CCC2,[ 0.14739959  0.84841055 -1.         -0.7848601   0.06771335]
Nc1c(Cl)c(Cl)c2[nH]c(C(F)(F)F)nc2c1Cl,[ 0.37146834  0.7961908  -0.79002    -0.77753353  0.05525248]
NC(=[NH2+])NCCCCC1NC(=O)CCSSCC(C(N)=O)NC(=O)C2CCCN2C(=O)C(Cc2c[nH]c3ccccc23)NC(=O)C(CC(=O)[O-])NC(=O)CNC1=O,[ 0.6542628  -0.6116847  -0.2182005  -0.7480944  -0.32292855]
CC12CCC3c4ccc(O)cc4CC(CCCCCCCCCS(=O)CCCC(F)(F)C(F)(F)F)C3C1CCC2O,[ 0.4956347   0.89032096 -0.94844115  0.31194392  0.6141629 ]
O=c1cc(-c2ccc(O)cc2)oc2cc(O)cc(O)c12,[-0.03236007  0.7642077  -0.6716859  -0.72593784 -0.04396982]
CC1(C)C2CC=C(CCO)C1C2,[-0.21396488  0.5143214  -0.54202497 -0.5881029   0.19102593]
O=C1CCc2cc(C=CCN3CCN(c4ccc(Cl)cc4)CC3)ccc2N1,[ 0.42343357  0.78167045 -0.82400584 -0.5551672  -0.5460274 ]
S=c1[nH]cnc2nc[nH]c12,[-0.49608943  0.34751335 -0.88622874 -0.8651846  -0.19449572]
Cc1ccsc1C(=CCC[NH+]1CCCC(C(=O)[O-])C1)c1sccc1C,[-0.23653525  0.6545967  -0.88689655 -1.          0.7671711 ]
OC1(c2ccc(Cl)c(C(F)(F)F)c2)CCN(CCCC(c2ccc(F)cc2)c2ccc(F)cc2)CC1,[-0.24332176  0.17221528 -0.83097386 -1.          0.2730707 ]
Cc1cc(OC(=O)N(C)C)n(-c2ccccc2)n1,[ 0.16862214  0.6919933  -0.40088806 -0.34091693 -0.07734987]
CC1(C)C(C=C(Cl)Cl)C1C(=O)OCc1c(F)c(F)c(F)c(F)c1F,[ 0.28616977  0.7946911  -0.9019283  -1.          0.13320293]
O=[N+]([O-])c1cc(Cl)ccc1Cl,[ 0.26018786  0.79112184  0.32382873 -0.17486021  0.02208209]
OCCOCCCl,[-0.04515205  0.78694165 -0.95069385 -0.9636933  -0.3448917 ]
CCOC(=O)COC(=O)c1cc(Oc2ccc(C(F)(F)F)cc2Cl)ccc1[N+](=O)[O-],[ 0.07095811 -0.39561298 -0.30756336 -0.2549232  -0.07813418]
Cc1ccc2c(c1)c(-c1ccnc3c(C)cccc13)c(C)n2CC(=O)O,[-0.2553837  -0.16339305 -0.984581   -0.9034327  -0.27271125]
CCC(=O)Nc1ccc2[nH]c(C(F)(F)F)nc2c1,[-0.6286157   0.8936437  -0.4911044  -0.79713356  0.60272014]
CCCCn1c(=O)n(CCC)c(=O)c2[nH]c(C)nc21,[ 0.31540772 -0.26814964 -0.75762945 -0.24805428 -0.01755422]
CCCN(CCC)CCCCCCCCNC(=O)Oc1ccc2c(c1)C1(C)CCN(C)C1N2C,[-0.6764127   0.8397807   0.03154113  0.04500197 -0.38386548]
O=C(O)c1ccccc1-c1c2ccc(=O)cc-2oc2cc(O)ccc12,[-0.13144706  0.92070127 -0.7473674  -0.6379954   0.5641292 ]
Cn1cnc(S(=O)(=O)N(CCN(Cc2cncn2C)c2ccc(C#N)cc2)Cc2ccccc2)c1,[-0.22851546  0.9637938  -0.8618889  -0.84866047 -0.19125986]
CC(C)Oc1cc(-n2cnc3ccc(N[C@@H](CO)c4ccc(F)cn4)nc32)n[nH]1,[-0.46787354 -0.03812988 -0.72295135 -0.79841036 -0.42984498]
O=c1cc(N2CCOCC2)nc2n(Cc3cccc(Cl)c3Cl)ccn12,[ 0.45863417  0.29467136 -0.76816297 -0.19232148  0.07919242]
c1cc2c(c(N3CC[NH2+]CC3)c1)OCCO2,[ 0.41753092  0.71886104 -0.99176383 -0.8302082   0.23425367]
NC(=O)CF,[-0.0456458   0.13080086 -0.3616378  -0.5310993  -0.11269149]
CC=C(C(=O)NC(N)=O)C(C)C,[ 0.33167878  0.53883106 -0.58079976  0.7490045   0.08829059]
C/C([O-])=C(\C#N)C(=O)Nc1ccc(C(F)(F)F)cc1,[ 0.3698999   0.4707294  -0.5193387  -0.807211   -0.18329793]
C=CC1=C(C)/C(=C\c2[nH]c(Cc3[nH]c(/C=C4/NC(=O)C(C)=C4C=C)c(C)c3CCC(=O)O)c(CCC(=O)O)c2C)NC1=O,[-0.06054571  0.9493684  -0.7072516  -0.7469541   0.7202416 ]
CC(C)OC(=O)C(C(=O)OC(C)C)=C1SCCS1,[ 0.07982328 -0.21634625 -0.78635776  0.27150062 -0.31541044]
C[N+](C)(C)[NH2+]CCC(=O)[O-],[-0.00572873  0.5542517  -0.9383718  -0.8559692   0.7388259 ]
CC(O)c1cccc(N)c1,[ 0.715048    0.80467665 -1.          0.6125606  -0.2723421 ]
COc1ccc(N)c([N+](=O)[O-])c1,[ 0.11047973  0.90026456 -0.7733988  -1.         -0.10466618]
O=C(O)CCCOc1ccc(Cl)cc1Cl,[-0.16456044 -0.09203028 -0.49771082 -0.6168955  -0.00935082]
C=CC(=O)N(C)C,[ 0.62110865  0.93007386 -0.8682664  -0.6001936  -0.08841509]
COP(=S)(OC)SC(CBr)N1C(=O)c2ccccc2C1=O,[ 0.08767176  0.9772331  -0.08459989 -0.5488612   0.07558032]
CCC(=O)N(c1ccccc1)C1CCN(CCc2ccccc2)CC1,[ 0.0644952   0.72327644 -0.5925623  -0.45847756 -0.10155259]
CC(C)=C1CCC(C)CC1=O,[ 0.20235239  0.7673356  -0.55820113 -0.14139655 -0.61477363]
CC1CN(C2CCCCCCCCCCC2)CC(C)O1,[ 0.70483965  0.85513026 -0.8149599   0.14707237  0.30146518]
CC1=C2C[C@H]3[C@@H](CC=C4C[C@@H](O)CC[C@@]43C)[C@@H]2CC[C@]12O[C@@H]1C[C@H](C)CN[C@H]1[C@H]2C,[-0.23928615  0.8090987  -0.00684984 -0.53726876 -0.16306233]
CN(C)C(Cc1ccccc1)c1ccccc1,[ 0.26743194  0.8572307  -0.7712379  -0.90186334  0.03976163]
O=[N+]([O-])c1cc(C2CCCCC2)c(O)c([N+](=O)[O-])c1,[ 0.3073964   0.6699592  -0.48469648 -0.5569352  -0.3162752 ]
FCOC(C(F)(F)F)C(F)(F)F,[ 0.1447442   0.7247284  -0.86055464 -0.19815591  0.15039463]
CN(C)N=Nc1nc[nH]c1C(N)=O,[ 0.28317305 -0.37812328 -0.54368055 -0.3617471  -0.5124984 ]
CCCCCCCC(=O)N[C@@H](CCN)C(=O)N[C@H](C(=O)N[C@@H](CCN)C(=O)N[C@H]1CCNC(=O)[C@H]([C@@H](C)O)NC(=O)[C@H](C)NC(=O)[C@H](CCN)NC(=O)[C@H](CC(C)C)NC(=O)[C@@H](Cc2ccccc2)NC(=O)[C@H](CCN)NC1=O)[C@@H](C)O,[ 0.23890986  0.54343605 -0.95061463 -0.3763019  -0.15080708]
CN(C)CCOCCOCCN(C)C,[-0.13935171 -0.85658777 -0.81592584 -0.98086554 -0.1558119 ]
Nc1nc2[nH]cnc2c(=S)[nH]1,[-0.05338278  0.45513812 -0.80146116 -0.17375737  0.01607352]
CC1CS1,[ 0.31509057  1.         -0.8465597  -0.9646434  -0.04451321]
CNC(=O)c1[nH]cnc1C(=O)Nc1ccc(Cl)cc1,[ 0.22115433  0.85512316 -0.75018555 -0.6356003   0.01438125]
CCNC(=O)c1cc2c(-n3ccc(C(F)(F)F)n3)c(-c3cncc(-c4n[nH]c(=O)o4)c3)cnc2[nH]1,[ 0.24431898  0.87871    -0.5871294  -0.5767647  -0.36882252]
COc1ccc2ncc(=O)n(CCN3CC[C@@H](NCc4cc5c(cn4)OCCO5)[C@H](O)C3)c2c1,[-0.0085337   0.6671416  -0.7581694  -0.79738426  0.2164861 ]
CCc1cc2c(s1)-n1c(C)nnc1CN=C2c1ccccc1Cl,[ 0.35865736  0.8866308  -0.668194   -0.88195235 -0.16971818]
CCc1c2c(nc3ccc(O)cc13)-c1cc3c(c(=O)n1C2)COC(=O)[C@]3(O)CC,[-0.03781718  0.9325802  -0.83276165 -1.         -0.09150558]
CCC(C)OC(CBr)c1ccc(Cl)cc1,[-0.8617323   0.6729317  -0.8386213  -0.63919145 -0.31659034]
CC(=O)CCc1ccc(O)cc1,[ 0.34555334  0.8227274  -0.8087647  -1.         -0.5531159 ]
O=P(O)(O)C(O)(Cn1ccnc1)P(=O)(O)O,[-0.5858802   0.7432086  -0.8200522  -0.67775416 -0.12278538]
CC(C)(C(=O)O)S(C)(=O)=O,[ 0.08364264  0.92368126 -0.68613344  0.31414744  0.06878322]
CCOP(=S)(OCC)Oc1cccc(F)n1,[ 0.3372428   1.         -0.7571204  -0.99955004  0.6364452 ]
S=C=NCCN=C=S,[-0.53255045  0.299609   -0.74462897 -0.5524384  -0.53059083]
CNC(=O)Oc1cccc2c1OC(C)(C)O2,[ 0.22108476  0.51668835 -0.7789752  -0.97809577  0.3868081 ]
CCN(CC)CCOCCO,[-0.01207902  0.69509524 -0.91622704 -0.79366285  0.2613534 ]
Cc1cc(Cl)ccc1OCC(=O)O,[ 0.08050197  0.76586    -0.70020974 -0.760252    0.05232809]
O=C(Nc1cccc(Cl)c1)Nc1nnc(-c2ccncc2)s1,[ 0.20203     0.9598631  -0.7094505  -0.6424522   0.03391519]
CNC(=O)/C=C(/c1ccc2nc(N)n(S(=O)(=O)C(C)C)c2c1)c1ccccc1-c1cccc2ccccc12,[-0.07040496  0.8155894  -0.81107783 -0.94967383 -0.14541604]
CCCCCCC(N)C(=O)N[C@@H](Cc1c(C)cc(O)cc1C)C(=O)N1CCC[C@@H]1C(=O)N[C@@H](Cc1c[nH]c2ccccc12)C(=O)N[C@@H](Cc1ccccc1)C(N)=O,[ 0.03207692 -0.4024671  -0.9694001  -0.67591    -0.35402322]
COc1cc2c3cc1Oc1cc(ccc1O)CC1c4c(cc(OC)c(O)c4Oc4ccc(cc4)CC3[NH+](C)CC2)CC[N+]1(C)C,[ 0.17798911  0.87334335 -0.8687936  -0.671461   -0.27980143]
CC(=O)OC(C(=O)NC(N)=O)c1ccccc1,[ 0.01578375  0.06950198 -0.70975137 -0.2631254   1.        ]
Cc1cc(-c2ccc(Cl)c(C(=O)NCC3(O)CCCCCC3)c2)nn1C[C@H](O)CN,[ 0.3304691   0.50160587 -0.68273914 -1.         -0.46905553]
CC(=O)N[C@H](C)C(=O)NCCc1ccccc1,[ 0.06745943  0.56412655 -0.45104867 -0.55368555 -0.13200252]
Cc1nn(C)c(Oc2ccccc2)c1C=NOCc1ccc(C(=O)OC(C)(C)C)cc1,[ 0.00269975  0.16044353 -0.54469216 -0.7716566   0.14070109]
Cc1c(C(=O)NCCO)[n+]([O-])c2ccccc2[n+]1[O-],[ 0.13797939  0.7401903   0.8199745  -0.12051395 -0.19142543]
Nc1cc[n+]([O-])cc1,[-0.12931603  0.9034911  -0.8523218  -0.6514563   0.5045388 ]
C[Si](C)(C)CCCC(=O)O,[-0.23412539  0.8995494  -0.53045404 -0.54003537 -0.21434554]
C=CCOc1ccccc1OCC(CNC(C)C)OC(=O)C1CC1,[-0.13225892  0.48064756 -0.9895681  -0.87549895 -0.0849244 ]
CN1C[C@@H]2c3ccccc3Oc3ccc(Cl)cc3[C@H]2C1,[ 0.24451204 -0.1461752  -0.8070621  -0.4645005  -0.22909306]
COP(=S)(OC)Oc1ccc(S(N)(=O)=O)cc1,[-0.01478455  0.19027914 -0.39427674 -0.68443257  0.39715716]
OCC(O)CO,[ 0.43818796  0.46428645 -0.8525267   0.138747   -0.33276436]
Cc1cnc(C)cn1,[ 0.3463173 -0.4316103 -0.9143016 -0.5509751  0.5206398]
CC(C)(C)NC(=O)NCCN1CCCC(NC(=O)c2cc(Cl)cc(Cl)c2)C1,[ 0.20245098  0.6200029  -0.51341623 -0.9480144  -0.16256823]
CC(C)CCCCCN(CCCCCC(C)C)CCCCCC(C)C,[ 0.35415727  0.8468448   0.35372353 -0.7736201   0.12917602]
CC1CS(=O)(=O)CCN1N=Cc1ccc([N+](=O)[O-])o1,[ 0.56676483  0.76363075 -1.         -0.45507875  0.02009572]
CCOc1cc(OCC)c(C(=O)CCC(=O)O)cc1OCC,[ 0.26994476  0.9068488  -0.65383494 -1.         -0.19598827]
CCC(C)c1ccc(Oc2ccc(C)cc2CC(=O)O)c(Cl)c1,[ 0.6366541   0.91945356 -0.632866   -0.6576069  -0.16656314]
CN(CCO)Cc1cc(C(=O)c2cccs2)cc(C(C)(C)C)c1O,[-0.64838     0.78710264 -1.         -0.84250265  0.49045894]
C[C@@H]1NC(=O)[C@@H](C)N(C)C(=O)[C@H](C)N(C)C(=O)[C@@H](C)N(C)C(=O)[C@@H](C)N(C)C(=O)[C@H](C)NC1=O,[-0.26801547  0.4504624  -0.87984    -0.6275904  -0.11069168]
COC1CCC=CO1,[ 0.05381384  0.8509473  -0.5563781  -0.48817113  0.12120754]
O=C(/C=C/c1ccccc1)NCCO,[-0.37494484  0.7108932  -0.6092121   0.12590526  0.32188404]
C#CC1(O)CCC2C3CCC4=CC(=O)CCC4C3C(=C)CC21CC,[-0.19408067  0.88327855 -0.8077356  -0.5055624  -0.1016033 ]
CNC(=O)[C@@H]1Cc2cn(cn2)CC(=O)N2CCC[C@H]2C(=O)N[C@@H](C)C(=O)N1C,[ 0.03627274  0.8551268  -0.7710209  -0.8108319   0.15419486]
Cc1nn(C2CCCCC2)c(N)c1-c1ccccc1,[-0.21746178  1.         -0.942452   -1.         -0.50901747]
O=c1cc(-c2ccc(O)cc2)oc2cc([O-])c(C3OC(CO)C(O)C(O)C3O)c(O)c12,[ 0.09354936  0.68922675 -0.25094697  0.02449466  0.34767857]
CCCSP(C)(=S)Oc1ccc(Cl)cc1Cl,[ 0.5609132   1.         -0.34742585 -0.43986407 -0.3262597 ]
CN(CC=CC#CC(C)(C)C)Cc1cccc2ccccc12,[ 0.17706434  0.9132676  -0.6094664  -0.7326208  -0.4034372 ]
C[C@@H](NC(=O)C1CCCCN1C)c1ccc(Nc2ncc3cc(-c4ccncc4)ccc3n2)cc1,[ 0.03228613  0.9233339  -0.815885   -0.6158159  -0.19269218]
C[C@H](Cn1cnc2c(N)ncnc21)OCP(=O)(O)O,[ 0.5589993   0.3417905  -0.35453993 -0.514403   -0.04448182]
COC(CN1CCN(CCC(O)c2ccccc2)CC1)c1ccccc1,[-0.08794105  0.32871875 -0.8648255  -0.87312496 -0.2974836 ]
CCN(CC)N=Nc1ccccc1,[ 0.46995753  0.20591812 -0.7691101  -0.35908347 -0.17564666]
S=c1[nH]c2cc(Cl)ccc2o1,[ 0.17234553  0.9998456  -0.5732711  -0.6002259  -0.49809083]
CC(CN1CC(=O)NC(=O)C1)N1CC(=O)NC(=O)C1,[-0.43710884  0.7537368  -0.91394013 -0.6812179  -0.07054643]
CCCCC(CC)COCCO,[ 0.13334031  0.6714484  -0.89604634 -0.4939721   0.10358591]
CCN1CN(CO)C(=O)N(CO)C1,[ 0.5812891  0.4010031 -0.688476  -0.7212992 -0.5161746]
CCOC(=O)Nc1ccc(NCc2ccc(F)cc2)cc1N,[-0.38267267  0.77049434 -0.77409923 -0.8227641  -0.33782598]
C=CCc1cc(OC)c(OC(C)Cc2cc(OC)c(OC)c(OC)c2)c(OC)c1,[ 0.34544477  0.746135   -0.7396165   0.33147755 -0.02654012]
CCCCCCOC(=O)C(O)c1ccccc1,[ 0.35896242  0.6215352  -0.6274987  -0.57501966 -0.43510842]
Brc1ccc2[nH]cc(CC3CCNCC3)c2c1,[ 0.04630147  0.85621005 -0.33558688 -0.7805631  -0.02283168]
Cc1cc(Cl)ccc1OCCCC(=O)O,[ 0.275445    0.80926067 -0.8268842  -1.         -0.6142276 ]
CC(CO[N+](=O)[O-])(CO[N+](=O)[O-])CO[N+](=O)[O-],[ 0.26545215  0.5841306  -0.7750297  -0.3589904  -0.24759306]
C1CSCCO1,[ 0.5877565   0.32275975 -0.52641    -1.         -0.12911984]
CCOP(=S)(OCC)OC(C)CC,[-0.3655895  -0.2450655   0.38411316 -0.8897375  -0.21324332]
Cc1cn([C@H]2CCCN(S(=O)(=O)c3ccc(CO)c(Oc4cccc(Cl)c4)c3)C2)c(=O)[nH]c1=O,[ 0.2489227   0.90395486 -0.75492764 -0.44777218  0.5355417 ]
CO/N=C(/C(=O)NC1C(=O)N2C(C(=O)[O-])=C(C[N+]34CCC(C(N)=O)(CC3)CC4)CSC12)c1nsc(N)n1,[-0.03277999  0.75788444 -0.7482208  -1.          0.4160828 ]
CN(c1ccc(F)cc1F)c1c([N+](=O)[O-])cc([N+](=O)[O-])cc1C(F)(F)F,[ 0.24523185  0.42140517 -0.57581097 -0.21089461  0.82176185]
C[C@H](CO)Nc1nc(SCc2cccc(F)c2F)nc2[nH]c(=O)cnc12,[ 0.31002805  0.8269432  -0.60145664 -0.66586316 -0.07627637]
CN(C)CCCNCCCN(C)C,[ 0.14585564  0.33234262 -0.71857536  0.6639417   0.46978128]
COC(C)CC(=O)O,[ 0.30371225  0.7482135  -0.8086056  -0.7685003  -0.50234103]
CC(=O)OC(C(Cl)(Cl)Cl)P(=O)(Oc1ccccc1)Oc1ccccc1,[-0.0218813  -0.27057832 -0.9142364  -0.75661516 -0.07040424]
Nc1cc2c(S(=O)(=O)O)cc(S(=O)(=O)O)cc2cc1S(=O)(=O)O,[ 0.43102217  0.77065384 -0.8051519  -0.5924768  -0.10821922]
CN(C)CC=C(c1ccc(Br)cc1)c1cccnc1,[-0.15928106  0.691924   -0.5890222  -0.8369325  -0.36246562]
C#CC1(O)C(CO)OC(n2ccc(N)nc2=O)C1O,[-0.5965965   0.7426862  -0.8476346  -0.6746751  -0.23738095]
CCOP(=O)(OCC)OC(=C(Cl)Br)c1ccc(Cl)cc1Cl,[-0.30117232  0.30763575  0.44634    -0.51112527  0.5458901 ]
Cn1c(=O)sc2cccc(Cl)c21,[ 0.48271897  0.95993376 -0.50985825 -1.         -0.0941058 ]
CCCCC(CC)CNCC(C)(N)CN(C)CC(CC)CCCC,[ 0.18816309  0.0628669  -0.82362473  0.4283957  -0.03616508]
N#CCc1ccccc1,[ 0.03407152  0.7176823  -0.7468794  -0.94422275 -0.24510069]
CCOP(=S)(NC(C)C)Oc1ccccc1C(=O)OC(C)C,[-0.41262072  0.8278684  -0.95258284 -0.70787185  0.33713835]
CCC1OC(=O)C(C)C(=O)C(C)C(OC2OC(C)CC([NH+](C)C)C2O)C(C)(OC)CC(C)C(=O)C(C)C2N(CCCCn3cnc(-c4cccnc4)c3)C(=O)OC12C,[-0.8736303   0.95248526 -0.64603746 -0.79012096  0.17785834]
C[C@H](CO)Nc1nc(SCc2cccc(F)c2F)nc2nc(N)cnc12,[ 0.35463384  0.29676574 -0.5886834  -0.8231157  -0.12596165]
CC(=O)OCc1ccc(C(C)C)cc1,[-0.21369     0.7151296  -0.72998756 -0.68898743 -0.1115191 ]
COc1ccc2ncc(F)c(CCN3CCC(NCc4cc5c(cn4)OCCO5)CC3)c2n1,[ 0.3590011   0.6172029   0.06003782 -0.6457002  -0.44034114]
CC(=O)Oc1ccc2c3c1OC1C(OC(C)=O)C=CC4C(C2)[NH+](C)CCC341,[ 0.3314749  -0.07538576 -0.8856664  -0.77238905 -0.41257215]
COC(=O)C1=C(C)NC(C)=C(C(=O)OCCN(C)Cc2ccccc2)C1c1cccc([N+](=O)[O-])c1,[ 0.28481668  0.80824864 -0.70196    -0.8174668  -0.18077902]
C[C@@](N)(Cc1ccc(O)c(O)c1)C(=O)O,[ 0.07587291  0.71034896 -0.44311982 -0.78819007 -0.3046824 ]
ClCc1ccccc1,[ 0.5479096   0.9089035  -0.52887636 -0.8421493   0.17306645]
COc1ccc2ncc(=O)n(CCN3CC[C@@H](NCc4ccc5c(n4)NC(=O)CO5)[C@@H](F)C3)c2c1,[ 0.19964872  0.8999827  -0.78762114 -0.63784426 -0.20305327]
COc1ccc(NC(=O)CF)cc1,[ 0.15954779  0.9304583   1.         -1.          0.98398626]
Cc1ncccc1Oc1ncnc(OC2CCN(C(=O)OC(C)C)CC2)c1C,[ 0.6811106   0.6420693  -0.6843913   0.42215157 -0.1898288 ]
COCCN(C(=O)CCl)c1c(C)cccc1C,[-0.49000522  0.619081   -0.6673666  -0.6243958  -0.30587184]
C=CC(=O)OCC(=O)OCC,[-0.70926684  0.7339189  -0.98741186 -1.          0.25014883]
NCCNCc1ccccc1O,[-0.3810575   0.8964269  -0.785374   -0.20420115 -0.13909984]
CC(O)COC(C)CP(CC(C)OCC(C)O)CC(C)OCC(C)O,[ 0.03697987  0.7051638  -0.7159929  -0.7028367  -0.08099823]
CNC(=O)ON=C(C)SCC(=O)N(C)C,[ 0.42816314  0.35136038 -0.63665825  1.          0.41180128]
Cc1ccc(-c2ccccc2)cc1,[ 0.08812314  0.5412812  -0.827104   -0.78530395 -0.05414598]
NCC(O)CO,[ 0.31395763  0.94817775 -0.5220318  -0.62991166  0.02014626]
NCC1CCC=CO1,[-0.61171937  0.6443245  -0.52290684 -0.77232873  0.22538075]
CC1[NH2+]Cc2cc(-c3ccc4c(=O)c(C(=O)[O-])cn(C5CC5)c4c3OC(F)F)ccc21,[-0.23548533  0.825383   -0.753273   -0.9743453  -0.20603354]
C=C1CC23CC1(O)CCC2C12C=CC(O)C(C)(C(=O)O1)C2C3C(=O)O,[ 0.28579482  0.741921   -0.6602118  -0.79273534 -0.5318405 ]
Nc1nc(O)c2ncn(COCCO)c2n1,[ 0.08732799  0.8910726  -0.4996416  -0.88008773 -0.44414356]
C[NH+](CCOc1ccc(NS(C)(=O)=O)cc1)CCc1ccc(NS(C)(=O)=O)cc1,[ 0.59428835  0.86167806 -0.78049433 -0.5860919  -0.08820866]
Cc1ncc(C[n+]2csc(CCO)c2C)c(N)n1,[ 0.16451055 -0.01951541 -0.8151267  -0.5975907   0.49371427]
CN(C)CCCC1c2ccccc2Nc2ccc(Cl)cc21,[ 0.0804017   1.         -0.7725853  -1.         -0.09766262]
CCC[C@H](NC(=O)[C@@H]1[C@H]2CCC[C@H]2CN1C(=O)[C@@H](NC(=O)[C@@H](NC(=O)c1cnccn1)C1CCCCC1)C(C)(C)C)C(=O)C(=O)NC1CC1,[ 0.55113816  0.8213788  -0.77542007 -0.9178176  -0.13026994]
CCNC(=O)C(C)OC(=O)Nc1ccccc1,[ 0.1506558   0.6999227  -0.64146584 -0.69040424 -0.2097053 ]
Cc1cnc(C)c(C)n1,[ 0.02113038  0.60109574 -1.         -0.45172867 -0.1574522 ]
C/C=C/c1cc(OC)c2c(c1)C(C)C(c1cc(OC)c(O)c(OC)c1)O2,[ 0.543505    0.14080012 -0.37626576 -0.6505769   0.7337929 ]
Cc1ccc(OP(=O)(Oc2ccccc2)Oc2ccccc2)cc1,[ 0.33960527  0.5656574  -0.94923913  0.00791171 -0.01110892]
O=[N+]([O-])c1cc(Cl)c2nc(C(F)(F)F)[nH]c2c1,[ 0.03106007  0.64887553 -0.8141477  -0.942656    0.04460589]
C[C@H](CO)Nc1nc(SCc2ccccc2F)nc2[nH]c(=O)sc12,[-0.09599965  0.66799223 -0.46871686  0.13479912 -0.01035294]
C=C(C)C(=O)OCCC[Si](OC)(OC)OC,[-0.20409776  0.93490607 -0.83377916 -1.          0.066135  ]
CCOP(=S)(OCC)SCC(=O)N(CCC#N)c1ccccc1,[ 0.12835443  1.         -1.         -0.6979534  -0.32168895]
C[N+](C)(Cc1ccc(NC(=O)c2ccc(Cl)c(Cl)c2)cc1)C1CCOCC1,[-0.41584852 -0.74370617 -0.6719521  -0.36246973 -0.03011852]
NC(=O)[C@H](Cc1ccccc1)NC(=O)OCc1ccccc1,[ 0.397881    0.8580683  -0.9236175  -0.90011626  0.34299716]
C#CC(C)(C)NC(=O)c1cc(Cl)cc(Cl)c1,[ 0.01322372  0.88108575 -0.7048949  -0.80275786 -0.02402397]
C=CCSP(=O)(NC(=O)CC)OC,[ 0.4156173   0.4805085  -0.91803396 -0.558257   -0.3461938 ]
COc1ccc(-c2nc3c(NCCCNC(C)=O)c(Br)cnc3[nH]2)cc1,[ 0.0779658   1.         -0.56095463 -0.9155087  -0.11166537]
CC(O)C(=O)Nc1c(I)c(C(=O)NC(CO)CO)c(I)c(C(=O)NC(CO)CO)c1I,[ 0.17547506  0.7249402  -0.39521283 -0.29023886 -0.33266708]
CCOc1ccccc1C(N)=O,[ 0.9541157   0.6275272  -0.4503754  -0.46674368 -0.7405412 ]
CN1CCN(C2=c3ccccc3=Nc3ccc(Cl)cc3N2)CC1,[-0.30670536  0.7271763  -0.40687218 -0.17751962 -0.29874942]
O=C(c1ccc(Cl)cc1)c1ccccc1-c1ncc[nH]1,[-0.15487508  0.8902707  -0.7352812  -0.8665563   0.2649626 ]
CC(=O)C1OC1(C)C,[ 0.32374233  0.78430086 -0.7443142  -0.7728677   0.01434646]
COc1ccc(C[C@@H]2c3cc(OC)c(OC)cc3CC[N@+]2(C)CCC(=O)OCCCCCOC(=O)CC[N@@+]2(C)CCc3cc(OC)c(OC)cc3[C@H]2Cc2ccc(OC)c(OC)c2)cc1OC,[-0.2613995   0.37721384 -0.6046739  -0.50203747 -0.07170993]
CCC(CC)n1nc(C)c(C(=O)N[C@@H](C)C(C)(C)C)c1NS(=O)(=O)c1ccc(C)cc1,[ 0.0798697   0.5926408   0.15936336 -0.8697156  -0.4988179 ]
CC(C)(O)c1ccccc1,[ 0.214557    0.9076175  -0.90957314 -0.0133311  -0.24294035]
COc1cc(OC)c(S(=O)(=O)NCc2ccccc2N2CCCCC2)cc1NC(=O)CCC(=O)O,[ 0.5660229   0.95264673 -1.         -0.8891727  -0.1895481 ]
CCCN(CCC)c1c([N+](=O)[O-])cc(C(C)C)cc1[N+](=O)[O-],[-0.24284631  0.8478818  -0.8112388  -0.96130687 -0.43338123]
CC(=O)C1(O)Cc2c(O)c3c(c(O)c2C(OC2CC(N4CC4)C(OS(C)(=O)=O)C(C)O2)C1)C(=O)c1ccccc1C3=O,[ 0.33718687  0.9300234  -0.6556274  -0.4656197  -0.42770836]
Cc1cc(=O)nc(SCc2ccccc2N(C)C)[nH]1,[-0.01951328  0.82024217 -0.77124894 -0.8214416  -0.35388157]
COc1ccc(CC(C)=O)cc1,[ 0.20071678  0.6142756  -0.4059726  -1.          0.11009333]
CC(C)c1cc(Oc2ccccc2)cc(C(C)C)c1NC(=S)NC(C)(C)C,[ 0.38400578  0.7959532  -0.78827447 -0.59044033  0.01637575]
Cc1ccc2nc(C[N+]34CCC(CC3)[C@@H](OC(=O)[C@](C)(c3ccccc3)N3CCCCC3)C4)oc2c1,[ 0.5792001   0.73601687 -0.63786256 -0.35633832 -0.86587   ]
CC(C)=CCl,[-0.10314293  0.70644057 -0.97730714 -0.63043797  0.58150536]
CC(=O)N(C)c1ccc(Nc2ncc3cc(-c4ccncc4)ccc3n2)cc1,[ 0.02136806  0.74311423 -0.9991684   0.7402895  -0.35176063]
CC(CO)Oc1ccccc1,[ 0.03072513  0.95487636 -1.         -0.9941095  -0.3119283 ]
C[C@@H](O)[C@H]1C(=O)N2C(C(=O)O)=C(SCCNC=N)C[C@H]12,[ 0.28853884  0.11215372 -0.77978295 -0.643274   -0.07384662]
Cc1ccc(S(=O)(=O)Nc2c(C(=O)NC3CCCCC3)c(C)nn2-c2ccccc2)cc1,[-0.0366876   0.88712656 -0.8098738  -0.7716812   0.01033637]
CC[C@H](C)C(=O)O[C@H]1C[C@H](O)C=C2C=C[C@H](C)[C@H](CC[C@@H](O)C[C@@H](O)CC(=O)O)[C@H]21,[-0.04644307  0.76894593 -0.8114281  -0.9941035   0.6758977 ]
O=C([O-])c1cc(N=Nc2ccc(S(=O)(=O)Nc3ccccn3)cc2)ccc1O,[-0.47191003  0.79846895 -0.16223907 -0.950661   -0.23464864]
O=[N+]([O-])c1nccs1,[ 0.1420356   0.6369348  -0.83885163 -0.81375176 -0.15739813]
NS(=O)(=O)c1cc2c(cc1Cl)NC(C(Cl)Cl)NS2(=O)=O,[ 0.40258822  0.5423099  -0.78447807 -0.63793766 -0.22991884]
CN1c2ccccc2C(NCCCCCCC(=O)[O-])c2ccc(Cl)cc2S1(=O)=O,[-0.41252252  0.8732297  -0.22378905 -0.75311327 -0.07504978]
[NH3+]CC1CCC(C(=O)[O-])CC1,[ 0.2271924   0.5553712  -0.6426714   0.10253756 -0.08743338]
Cc1ccc2c(c1)c(Sc1cccc(Cl)c1)c(C)n2CC(=O)O,[ 0.17491655  0.7581846  -0.6955874  -0.84298134 -0.34226292]
CC(N)C(O)c1cccc(O)c1,[ 0.2686061   0.5446924  -0.70287186 -0.6684229  -0.45943883]
COc1cc(C(=O)NC2CCCNC2)cc(OC)c1OC,[ 0.22609966  0.9589755   0.46192926 -0.551241   -0.22507317]
Cc1c(OC2CCN(CC3CCN([C@@H](Cc4ccc(F)cc4)C(=O)O)CC3)CC2)ccc(C#N)c1Cl,[-0.2378086   0.8730795  -0.2226874  -0.24784662  0.86345387]
CCC(C)c1ccccc1,[ 0.29948217  0.8329367  -0.86262506 -0.2023129  -0.3649916 ]
ClC(=NNc1c(Cl)cc(Cl)cc1Cl)c1ccccc1,[ 0.3777839   0.997793   -0.90060496 -0.67032325  0.4539246 ]
Cc1cc(Nc2nc(N[C@@H](C)c3ccc(F)cc3)ncc2Cl)n[nH]1,[ 0.8133981   0.6359372  -0.7543657  -0.666253   -0.74966884]
C[C@@H]1CC[C@H]2[C@@H](C)[C@@H](OC(=O)CCC(=O)O)O[C@@H]3OC4(C)CC[C@@H]1[C@@]23OO4,[ 0.36990133  0.97109246 -0.882454   -0.7843103   0.826192  ]
c1ccc2sc(SNC3CCCCC3)nc2c1,[ 0.3360054   0.6633039  -0.79697585 -0.5420786  -0.36497867]
N=C(N)Nc1nc(CSCCC(=N)NS(N)(=O)=O)cs1,[ 0.42102766  0.4936707  -0.6069273  -1.         -0.11591109]
Oc1c(Cl)c(Cl)cc2[nH]c(C(F)(F)F)nc12,[ 0.18040042  0.8742124  -1.         -0.59622526 -0.13995326]
CC(=S)NC[C@H]1CN(c2ccc(-c3nnc(CNS(C)(=O)=O)s3)c(F)c2)C(=O)O1,[ 0.73736507  0.82286847 -0.91195333 -0.21208848 -0.45005304]
NC(=O)c1cnc(N[C@@H]2CCCC[C@@H]2N)nc1Nc1cccc(-n2nccn2)c1,[-0.26258412  0.90665644 -0.7319694  -0.937308    0.23011063]
CC(C(N)=O)(c1ccccc1)c1ccc(N)cc1,[ 0.11655504  0.639995   -1.         -0.8333037  -0.65185815]
C#CC(C)(C)O,[ 0.23475164  0.705091   -0.86725056 -0.34142706 -0.16024801]
CNC(=O)c1[nH]cnc1C(=O)Nc1ccc(OC)cc1,[-0.148027   0.8717483 -0.735134  -0.6683883  0.8008631]
N#CCCCCC#N,[-0.04579712  0.8189854  -1.         -0.79790074 -0.34586662]
Cc1ccc(Nc2ccc(Nc3ccc(C)cc3)c3c2C(=O)c2ccccc2C3=O)cc1,[ 0.34010005  0.15072514 -1.         -0.7825637  -0.1051942 ]
O=C(CCCN1CCC(O)(c2cccc(C(F)(F)F)c2)CC1)c1ccc(F)cc1,[ 0.25618768  0.85899615 -0.9318899  -0.64508873 -0.08521628]
CCCCCCCCCCOc1c(OC)cc(C(N)=O)cc1OC,[ 0.48577803  0.32600108 -0.53181434 -0.29692778 -0.10522807]
CNC(=O)c1cccc2c(Nc3ccc(NS(C)(=O)=O)cc3OC)c3cccc(C)c3[nH+]c12,[ 0.16215125  0.68281573 -0.74235076  0.3544354  -0.27699873]
Clc1cccc([Si]23OCCN(CCO2)CCO3)c1,[ 0.30125237  0.8675017  -0.5323327  -0.6883964  -0.37234133]
N#Cc1ccc(F)c(-c2cc(C(F)(F)F)ccc2OCC(=O)O)c1,[ 0.495329    0.8132905  -0.88387305 -0.13047917  0.05958871]
O=C(O)c1ccccc1C(=O)Nc1cccc2ccccc12,[-0.03320527  0.58615637 -0.6242263  -0.7257962  -0.2917461 ]
CCCOC(=O)Cc1ccc(OCC(=O)N(CC)CC)c(OC)c1,[-0.85813016 -0.20024982 -0.51037794  0.19102655  0.41698554]
COc1cc2ncc(C(N)=O)c(Nc3cccc(Cl)c3Cl)c2cc1N1CCN(C)CC1,[ 0.45235077  0.6311699  -0.7931408  -0.8925437  -0.35058102]
CC(c1ccccn1)c1c(CC[NH+](C)[14CH3])sc2ccccc12,[ 0.36209193  0.676203    0.13568306 -0.19496223 -0.5789167 ]
C=CCNC(=S)Nc1ccccc1,[ 0.22344936 -1.         -0.6708191  -0.6142972  -0.02553992]
CN(C)S(=O)(=O)CCCCCNC(=O)N(CCCl)N=O,[ 0.26473162  0.70401925 -0.4953105  -0.75387037 -0.20038953]
C=CCC1/C=C(\C)CC(C)CC(OC)C2OC(O)(C(=O)C(=O)N3CCCCC3C(=O)OC(/C(C)=C/C3CCC(O)C(OC)C3)C(C)C(O)CC1=O)C(C)CC2OC,[ 0.4995644   0.66788375 -0.6441615  -0.9501696  -0.49033627]
OCCOCCN1CCN(C(c2ccccc2)c2ccccc2)CC1,[-0.20964369 -0.13386326 -0.30158997 -0.52043265  0.02095041]
COc1cc(OC)c(S(=O)(=O)N(c2ccccc2)C(C)C)cc1NC(C)=O,[-0.18609498  0.14312884 -0.5968431  -0.77126795 -0.18602835]
COC(=O)c1cc(Oc2ccc(Cl)cc2Cl)ccc1[N+](=O)[O-],[ 0.08456085  0.39715046 -0.61489314 -0.8906464  -0.220139  ]
C[NH+](C)CCC(c1ccc(Cl)cc1)c1ccccn1,[ 0.3030658   0.597907   -0.56754225 -0.9875787  -0.08310483]
CC(C)(C)NCCO,[-0.08249946  1.         -1.         -0.76080537  0.24599195]
O=[N+]([O-])c1c(Cl)c(Cl)c(Cl)c2nc(C(F)(F)F)[nH]c12,[ 0.21112143  0.6999036  -0.96743107 -0.9889875   0.23967718]
CCOC(C1=NCCCN1)c1c(Cl)cccc1Cl,[ 0.5040771   0.65962106 -0.47385767 -0.4292519  -0.16110872]
C=CC(=O)OCCc1ccc(CC)cn1,[ 0.1386541   0.8055458  -0.67074585 -0.68416375 -0.03677865]
O=CC1=CCCCC1,[ 0.22356088  0.8538791  -0.7412799  -0.33603427 -0.01625919]
CCOC(=O)Cl,[ 0.26650345  0.30896133 -0.6467482  -0.8276177   0.01571023]
CCCCC(CC)(C(=O)OCC)C(=O)OCCN(CC)CC,[ 0.04845875  0.92510486 -0.9722633  -1.          0.14380698]
CCCNC(=N)C(OCC)c1ccccc1,[ 0.47245875  0.7447469  -0.8323796  -0.45200253 -0.2969872 ]
CCc1nc2cc(O)ccc2c(Oc2ccc(/C=C/C(=O)O)cc2)c1-c1ccccc1,[-0.16525896  0.69423574 -0.74317205 -1.          0.4187792 ]
CCOC(=O)C(C)Oc1ccc(Oc2nc3ccc(Cl)cc3s2)cc1,[ 0.0539476  -0.22507879 -0.71941555 -0.8180001  -0.04497895]
O=C(CCCCC(=O)OCC1CC=CCC1)OCC1CC=CCC1,[-0.6191441  -0.749284   -0.82355607 -1.         -0.1345486 ]
CC(O)CO,[ 0.5374748   0.8473642  -0.6756797  -0.89726174  0.5913738 ]
CC(C)NCC(O)COc1ccc(COCCOC(C)C)cc1,[-0.6135891  -0.39443484 -0.5162661  -1.          0.6745387 ]
CNC(=O)Nc1nnc(C(C)(C)C)s1,[ 0.2994479  -0.9738567  -0.57457817 -0.50036454 -0.35380784]
COc1ccc(Oc2ccc(NC(=O)N(C)C)cc2)cc1,[ 0.07081873  0.7497944  -0.01833    -0.46053156 -0.34408164]
CN(C)C(=O)Nc1ccc(Cl)cc1,[ 0.33364326  0.82990617 -0.6373512  -0.9054994   0.0689297 ]
Nc1cc2c(cc1C1CCCCC1)CCC2C(=O)O,[-0.10867461  0.20020108 -0.598974   -0.3031968  -0.07528874]
O=C(Nc1ccc(Br)cc1)c1cc(Br)cc(Br)c1O,[ 0.40127346  0.7566858  -0.95699424 -0.6135575  -0.81242436]
O=C1C(Cc2ccccc2)C(=O)N(c2ccccc2)N1c1ccccc1,[ 0.49481615  0.8185197  -0.9099574  -0.9346393  -0.15046486]
CC(=O)CCC(C)=O,[ 0.12327602  0.8724465  -0.47859454 -0.6964604  -0.42767957]
C=CC(=O)Nc1ccc(O)cc1,[-0.29306278  0.48960176 -0.8527059  -1.         -0.07460477]
CC(=O)Nc1ccc(C)c(NS(=O)(=O)C(F)(F)F)c1,[ 0.40329447  0.7158466  -0.7396436  -0.87452906 -0.3516401 ]
c1ccc2c(c1)CC(N1CCN(c3cccc4c3OCCO4)CC1)C2,[-0.09946835  0.86275744 -0.6991773  -0.76473    -0.14677289]
CCOc1ccccc1OC(c1ccccc1)C1C[NH2+]CCO1,[-0.07581717  0.85963845 -0.5566839  -1.         -0.37086588]
FC(F)(F)c1nc2c(I)cc(I)cc2[nH]1,[ 0.25278115  0.9205526  -0.7100004  -0.99179536  0.4079854 ]
COc1ccc2c3c1OC1C(O)C=CC4C(C2)[N+](C)([O-])CCC341,[-0.24093315  0.834873   -0.6448526  -0.7245018  -0.38624123]
N=C(NN=Cc1ccc(Cl)cc1)NN=Cc1ccc(Cl)cc1,[ 0.14876336 -0.7634344  -0.60367036 -0.57656235 -0.47301978]
Cc1c(Sc2ccc(Cl)cc2)c2c(-c3ccccc3)cccc2n1CC(=O)O,[ 0.3569298   0.82360446 -0.46386155 -0.36917114 -0.43480536]
ClCCCBr,[ 0.2297958   0.15122703 -0.02422469 -0.23107089 -0.30336428]
CC=CC(C)=O,[ 0.40305692  1.         -0.32349986 -0.6840597  -0.07606991]
CC[C@H]1OC(=O)[C@H](C)[C@@H](O[C@H]2C[C@@](C)(OC)[C@@H](O)[C@H](C)O2)[C@H](C)[C@@H](O[C@@H]2O[C@H](C)C[C@H](N(C)C)[C@H]2O)[C@](C)(O)C[C@@H](C)C(=O)[C@H](C)[C@@H](O)[C@]1(C)O,[-0.02388774 -0.65792567 -0.84076214 -1.          0.09973573]
CC(=O)Nc1ccc(CNc2[nH]nc3ccnc(Oc4ccccc4)c23)cc1,[ 0.5130447   0.48975652 -0.6371505  -0.69886464 -0.19994292]
CN,[ 0.7368952   0.808631   -0.6781674  -0.2953671  -0.62242645]
C1CCC2CCCCC2C1,[ 0.27955228  0.82882726 -0.9010609  -0.8485436   0.21794729]
Oc1ccc(O)cc1,[ 0.21782114  0.7516121  -0.55864185 -0.26149642  0.04205976]
CNCC(O)c1cccc(O)c1,[-0.00980718  0.61105376 -0.11822996 -0.8528577  -0.13035819]
CNC(=N)c1cccc(CC(CC(=O)N2CCC(C(=O)O)CC2)NS(=O)(=O)c2ccc3ccccc3c2)c1,[-0.1414996   0.1713027  -0.5637905   0.7399684  -0.05789736]
CC(=O)OC12COC1CC(O)C1(C)C(=O)C(O)C3=C(C)C(OC(=O)C(O)C(NC(=O)OC(C)(C)C)c4ccccc4)CC(O)(C(OC(=O)c4ccccc4)C21)C3(C)C,[-0.13645959  0.2908071  -0.88425654 -0.7291199  -0.24160126]
CN1CCC(=C2c3ccccc3Sc3ccccc32)CC1,[ 0.23639517  0.83175445 -0.9743696  -0.6083431  -0.07193193]
CC(=O)OCCOCCOCCOC(C)=O,[ 0.45071423  0.78327864  0.6660057  -0.4638339  -0.22219221]
CN(C)C(=O)Cl,[ 0.41993046  0.9472987  -0.64890695 -0.28409535  0.07769308]
CON=C(C(=O)NC1C(=O)N2C(C(=O)O)=C(COC(N)=O)CSC12)c1ccco1,[-0.10370248 -0.6561069  -0.9039806  -1.         -0.1519699 ]
CO/N=C(\C(=O)N[C@@H]1C(=O)N2C(C(=O)O)=CCS[C@H]12)c1csc(N)n1,[ 0.22410066  0.7381141  -0.81357396 -0.96020925 -0.15780358]
O=C(O)C1N=C(c2ccccc2)c2cc(Cl)ccc2NC1=O,[-0.4314463   0.6946322  -0.40606365 -0.9634165  -0.07240936]
O=C(Cl)C=CC(=O)Cl,[ 0.46423003  0.7179785  -0.813063   -0.07879998  0.03067431]
CC(C)(C)c1ccc(C(=O)O)cc1,[ 0.4656703   0.51558083 -0.68594354  0.49730772 -0.05571999]
CN1CCN2c3ncccc3Cc3ccccc3C2C1,[ 0.37122175  0.97676015 -0.7152575  -0.9213361  -0.57775694]
CN(C)c1ccc(O)c2c1CC1CC3C([NH+](C)C)C([O-])=C(C(N)=O)C(=O)C3(O)C(O)=C1C2=O,[ 0.03115914  0.6234536  -0.7345008  -0.9193014  -0.23583259]
COc1cc2ncc(C(N)=O)c(Nc3ccc(C)cc3F)c2cc1OC,[ 0.41971102  0.72586846 -0.88502395 -0.4992109  -0.1636552 ]
Cc1c(F)cc(C(=O)NC2CC2)cc1-c1ccc(C(=O)NCC(C)(C)C)cn1,[ 0.22909848  0.94419426 -0.41821972 -0.51280427 -0.15406147]
C1C[SiH2]C1,[ 0.33107126  0.7093965  -0.6516988  -0.9055678  -0.0105449 ]
Cc1c(CN2CCOC(c3ccccc3)C2C)c(=O)n(-c2ccccc2)n1C,[ 0.22684339  0.79717636 -0.669001   -0.7096314  -0.36830378]
COc1cc(N)c2c(c1N)C(=O)c1ccccc1C2=O,[ 0.30386043 -0.12852016 -1.         -0.8335317  -0.16104399]
C=CC(=O)OCCOCCOC(=O)C=C,[ 0.01971806  0.88841933 -0.4791975  -0.75710946 -0.15651783]
Nc1nc(-c2ccccn2)nc(N)c1Cc1ccc(Cl)cc1Cl,[ 0.23996793  0.89888203 -0.97718275 -0.24898566 -0.29480928]
Nc1cc(Cl)ccc1O,[ 0.32534006  0.5297059   0.58528817 -0.31053862 -0.41642854]
COP(=S)(OC)SCc1nc(N)nc(N)n1,[ 0.5725858  1.        -1.        -0.5083967 -0.3641584]
CC1(C)CC2(NC(=O)N(CCCN3CCC(O)CC3)C2=O)c2cc(F)ccc2O1,[-0.70219296  0.21218412 -0.994562   -0.78007764  0.917639  ]
FC(F)(F)c1nc2c(Br)c(Br)cc(Br)c2[nH]1,[ 0.32341075  0.42739365 -0.7638454  -0.7742102  -0.34850797]
CCCP(=O)(CCC)CCC,[ 0.37094846  0.82087827 -0.79318905 -0.7902685  -0.08604346]
CC(=O)NCCCS(=O)(=O)[O-],[ 0.38368618  0.9540451  -0.88956386 -0.55928755 -0.21520475]
CCCCCC(O)C=CC1C(O)CC(O)C1CC=CCCCC(=O)O,[ 0.26574463 -0.43037102 -1.         -0.02230844  0.76900446]
OCCOCCN1CCN(C(c2ccccc2)c2ccc(Cl)cc2)CC1,[ 0.34935683  0.3885233  -0.49434885 -0.7634815  -0.66609234]
CCCSP(C)(=S)SC(CC(=O)OCC)C(=O)OCC,[-0.34136105  0.79538095 -0.69354874 -0.7872224  -0.12124582]
COc1c2ccoc2c(OCC2OC2(C)C)c2oc(=O)ccc12,[ 0.5378801   0.7701404   0.10515732 -0.3881547  -0.16452321]
C[C@@H](N/C(=N\c1ccncc1)NC#N)C(C)(C)C,[-0.14802882  0.69887036 -0.8096682  -0.80845714 -0.5112615 ]
FC1(F)CC(C2CC3(Cl)C(Cl)=C(Cl)C2(Cl)C3(Cl)Cl)C1(F)F,[ 0.5968614   0.80279    -0.9271323  -0.13030584  0.23426595]
O=[N+]([O-])c1ccc(O)c(CNCCO)c1,[ 0.58661336  0.73412687 -0.95871246 -0.88177586  0.19740245]
CN(CCOc1ccc(CC2SC(=O)NC2=O)cc1)c1ccccn1,[ 0.08648845  0.7717844   0.46165177 -0.659042   -0.21344453]
Cc1cc(OC(=O)N(C)C)n(C(C)C)n1,[-0.29621187  0.7759202  -0.4180698   0.51587564  0.3033267 ]
O=C(NCC12CC3CC(CC(C3)C1)C2)c1cc(-n2ncc(=O)[nH]c2=O)ccc1Cl,[ 0.12038305  0.18769954 -0.7593474  -0.58472437 -0.03887683]
Nc1ccc(O)c([N+](=O)[O-])c1,[-0.120136    0.85687006 -0.8513479  -0.8404879  -0.18951032]
O=[N+]([O-])C(CO)(CO)CO,[-0.07426389 -0.05594575 -0.67929125 -0.6788371   0.02800887]
Cc1cccc(C)c1NC(=O)C1CCCC[NH+]1C,[ 0.3672976   0.85535294 -1.         -0.5324753  -0.29943112]
CCOP(=O)(NC(C)C)SCC(=O)NCOC,[ 0.32259125  0.4610832  -0.2991652  -0.82914585 -0.06806106]
O=C(Cc1ccc(OCc2ccccc2)cc1)NO,[-0.0445314   0.7218099  -0.994711   -0.61177635 -0.00893857]
O=C(NC[C@@H](O)CN1CCC(Oc2ccc(Cl)c(Cl)c2)CC1)c1c[nH]c(=O)c2cc(F)ccc12,[-0.41960916 -0.57171404 -0.6211904  -1.          0.3565732 ]
CCCCCC(=O)O,[ 0.40967184  0.66311693 -0.77785796 -0.43499422 -0.01543312]
CC(=O)NC(CS)C(=O)[O-],[ 0.11458379 -0.5088765  -0.49780166 -0.5232513  -0.28286004]
Cc1ccc2c(c1)c(S(=O)(=O)c1ccc(Cl)cc1)c(C)n2CC(=O)O,[ 0.14313316  0.06262265 -0.6974254  -0.6097689   0.02480804]
CCCCOC(C)OCCCC,[-0.39872098  0.7826061   0.04795386 -0.46610597 -0.1896349 ]
CN1CCCCC1CCN1c2ccccc2Sc2ccc(S(C)=O)cc21,[ 0.36711073  0.9618454  -1.         -1.         -0.2116626 ]
CC(C(=O)O)c1ccc(CC2CCCC2=O)cc1,[ 0.5483535   0.9190441  -0.79096854 -0.75843334  0.28304857]
Cc1ccccc1COC1CC2(C(C)C)CCC1(C)O2,[-0.06954609  0.08976482 -0.82460946 -0.6511318  -0.05027533]
Cc1ccc(N=C=O)cc1N=C=O,[ 0.07534654 -0.13947086 -0.6806942  -0.8160349  -0.06197136]
CCOC(=O)c1ccc(C#Cc2ccc3c(c2)C(C)(C)CCS3)nc1,[-0.2961325  -0.47397226 -0.68972373 -0.10966547 -0.18166693]
Cc1c(Sc2ccc(Cl)cc2)c2c(-c3cnccn3)cccc2n1CC(=O)O,[-0.3965518   0.5569882  -0.6290944  -0.6717427  -0.27663398]
CC(C)(C)c1ccc2c(c1)C(C)(C)CC2,[ 0.28649306  0.59436715 -0.5612342  -0.01012786  0.24227376]
CN(CCCl)CCCl,[ 0.34017605  0.43341568 -0.87297356 -0.8431762   0.10436187]
CNc1c(Br)cnc2[nH]c(-c3ccc(S(C)(=O)=O)cc3)nc12,[-0.0341128   0.6826256  -0.61599237  0.5087286  -0.357899  ]
CCCOC(=O)c1ccc(C(=O)OCCC)nc1,[ 0.21828264  0.78581005 -1.         -0.8188063  -0.21936157]
O=[N+]([O-])c1cc2[nH]c(C(F)(F)F)nc2cc1Cl,[ 0.47438207  0.69163334 -0.8194046  -0.41068268  0.71042657]
CCOC(=O)c1noc(C)c1C(C)=O,[ 0.6588401  -0.325557   -0.3379054  -0.71234334 -0.06412483]
O=C1c2cccc(S(=O)(=O)O)c2C(=O)c2c1cccc2S(=O)(=O)O,[ 0.34813333  0.4609384  -0.65439755 -0.8089207  -0.1807588 ]
C#CCc1ccc(COC(=O)C2C(C=C(C)C)C2(C)C)o1,[ 0.3991733  -0.66831136 -1.          0.630545    0.35313052]
C[C@@H]1O[C@@H](O[C@H]2[C@H](Oc3cc(O)c4c(c3)O[C@H](c3ccc(O)cc3)CC4=O)O[C@H](CO)[C@@H](O)[C@@H]2O)[C@H](O)[C@H](O)[C@H]1O,[ 0.6192823   0.89892447 -0.94452727 -0.31852     0.16941991]
CCOP(=O)(Cl)Cl,[ 0.35752174  0.8692978  -0.67307687 -0.44340461 -0.30914384]
CC(O)C1C(=O)N2C(C(=O)[O-])=C(SC3CCS(=O)C3)SC12,[ 0.04850382  0.44711715 -0.77967536 -0.80534077  0.1385074 ]
CCC(CCCCOC(=O)c1ccccc1)COC(=O)c1ccccc1,[ 0.32335708  0.6652682  -0.8536288  -0.68783754  0.05632407]
C=CCc1ccccc1OCC(O)C[NH2+]C(C)C,[ 0.42358944  0.7631415  -0.7567606  -0.62305266 -0.46651867]
O=[N+]([O-])c1ccc(C=NNC(=S)N2CCCC2)o1,[-0.42291072  1.         -0.45322806 -0.741112   -0.10597979]
C=CC(=O)OCCOCC,[0.28770018 0.80548316 0.18991825 0.31989285 0.11046358]
O=c1[nH]c2ccccc2n1CCC[NH+]1CCC(n2c(=O)[nH]c3cc(Cl)ccc32)CC1,[-0.00545999  0.85490006 -0.2182826  -0.98887914 -0.36992964]
CC(C(=O)O[C@@H]1CC[N+](C)(C)C1)(c1ccccc1)C1CCCC1,[ 0.20542033 -0.6863597  -0.8220293  -0.48976794 -0.00268194]
C=C(Cl)C#N,[ 0.01351605  0.8893676  -0.8373689  -0.58870184 -0.18331552]
COCc1ccc2c(C(C(=O)NS(=O)(=O)c3ccc(C)cc3OC)c3ccc4c(c3)OCO4)cn(C)c2c1,[-0.13768344 -0.771723    0.32565108 -1.         -0.2865968 ]
Cc1ccc(NC(=O)c2ccc(Cl)c(C(F)(F)F)c2)cc1C(=O)Nc1cccnc1,[ 0.5567026   0.22288375 -0.861163   -0.69597065  0.38349402]
Cc1ccn(C(=O)NCCCCCCCl)n1,[ 0.0909861  -0.02666657 -0.4915227   0.13654983  0.9462861 ]
CC1CC(=O)CC(C)O1,[ 0.14026473  0.34798953 -0.85300964 -0.8418113   0.08529981]
N#Cc1cccc(Cc2ncccn2)c1,[-0.2522012   0.88969487 -0.586795   -0.8876931  -0.19266468]
CCC1OC(C)SC1=NOC(=O)NC,[-0.02809432  0.8654156  -0.34656385  0.48615786  0.0959885 ]
CC1=C(CC(=O)O)c2cc(F)ccc2C1=Cc1ccc(S(C)=O)cc1,[ 0.41058233  0.86707413 -0.84099    -0.2466526  -0.4162516 ]
CCCCCCCCCCCCCCCCCC(=O)Cl,[ 0.05654313  0.8066387  -0.7390928  -0.88400596 -0.47766134]
O=C(OCC=Cc1ccccc1)c1ccccc1,[-0.32725465  0.6829843  -1.         -0.79687154 -0.21136467]
O=C(Cl)c1cccc(C(=O)Cl)c1,[ 0.40021247  0.8796228  -1.         -0.21414489 -0.30772   ]
Cc1onc2c(=O)[nH]nc(-c3ccccc3)c12,[ 0.20518018  0.84075034 -0.78723556 -0.35241807  0.97302836]
C=CC[NH+]1CCCC1CNC(=O)c1cc(S(=O)(=O)NC)c(N)cc1OC,[-0.37117872  0.492765   -0.5458619  -0.30474702 -0.26116198]
O=C(C(F)(F)Cl)C(F)(F)Cl,[-0.07772736  0.80906904 -0.98397523 -0.79454285  0.7422577 ]
CC(NC(C)c1ccccc1)c1ccccc1,[ 0.32528433  0.8450226  -0.293276   -0.20036054  0.3107665 ]
OCc1cc(C(O)C[NH2+]CCCCCCOCCOCc2c(Cl)cccc2Cl)ccc1O,[ 0.62967515  0.804814   -0.7376168  -0.8201635  -0.54581094]
CNC(=O)CSP(C)(=S)OC,[ 0.24554986  0.1458397  -0.00336402 -0.32512483  0.07443666]
O=C(OCC1CO1)c1ccccc1C(=O)OCC1CO1,[ 0.9369479   0.5908601  -1.         -0.22559586  0.43664017]
C=CC(=O)OCCOCCC#N,[ 0.15903394  1.         -0.84570175 -0.7359399   0.04650373]
CCOC(=O)NCCOc1ccc(Oc2ccccc2)cc1,[-0.2252017   0.83946514 -0.7941303  -0.54671735  0.4810803 ]
CC1(C)C(=O)N(CO)C(=O)N1CO,[ 0.37414333  0.5964818  -0.80682915  0.61410326 -0.1348824 ]
CSC(C)=NOC(=O)N(C)SN(C)C(=O)Oc1ccc(OC(=O)N(C)SN(C)C(=O)ON=C(C)SC)cc1,[ 0.28264424  0.90694296 -0.9202906  -0.7353189  -0.48850182]
CCCCc1nc(Cl)c(CO)n1Cc1ccc(-c2ccccc2-c2nnn[nH]2)cc1,[ 0.2952465   0.33350608 -0.7797402  -0.28317794 -0.01361113]
C#CCN(C)c1ccccc1OC(=O)NC,[ 0.09539973 -0.8658532  -0.8518607  -0.6346737   0.20102468]
CC(CC(=O)OC(C)(C)C)NC(=O)C1=NOC(C(O)(C(F)(F)F)C(F)(F)F)C1,[ 0.32841936  0.60299087 -0.8362664   0.05577032 -0.17892832]
Oc1ccc2[nH]c(C(F)(F)F)nc2c1,[-0.0700307   0.9311362  -0.69452226 -0.68323517 -0.1769996 ]
CP(=S)(Oc1ccccc1)Oc1ccc(C#N)cc1,[ 0.33502328  0.63856214 -0.43070102  0.37369034  0.24291088]
COC(=O)C(C)N(C(=O)Cc1ccccc1)c1c(C)cccc1C,[ 0.02353917  0.04004551 -0.86341757 -0.7463715  -0.1364475 ]
CSCCNc1nc(SCCC(F)(F)F)nc2c1ncn2C1OC(COP(=O)([O-])OP(=O)([O-])C(Cl)(Cl)P(=O)([O-])[O-])C(O)C1O,[-0.47684208  0.26434353 -0.6986784  -0.52679837 -0.6712104 ]
CCOP(=O)(CC)SC,[ 0.21598774  0.8653759  -0.78176177 -0.7346561   0.19522882]
CC(C)C(CCC(C)C1CCC2C3C(O)CC4CC(NCCC[NH2+]CCCC[NH3+])CCC4(C)C3CCC12C)OS(=O)(=O)[O-],[ 0.12269986  1.         -0.91039485 -1.         -0.01433685]
ClC(Cl)(Cl)c1cccc(C(Cl)(Cl)Cl)c1,[-0.15437873  0.818899   -0.88417774 -0.8989796  -0.34543064]
CCCNC(=O)[N-]S(=O)(=O)c1ccc(Cl)cc1,[ 0.35540015 -0.54933065 -0.7078241  -1.         -0.0428758 ]
CCC(C)C(CC)C(N)=O,[-0.163051    0.70171094 -0.3239465  -0.7339485  -0.2811446 ]
O=CCc1ccccc1,[ 0.0807845   0.53393435 -0.86087394  0.39122066 -0.21113056]
CC(C)NCC(O)COc1cccc2ccccc12,[ 0.32885185  0.8186517  -0.98265904 -1.          0.06166394]
CCN(CC)c1ccc2c(C)cc(=O)oc2c1,[ 0.6682893  -0.33253828 -0.2887828  -1.          0.5658447 ]
C=C[Si](OC)(OC)OC,[ 0.4402479   0.77338207 -0.5647933  -0.91528267  0.03436024]
C=CC(=O)OCC(CC)CCCC,[ 0.00901918  0.6505568  -0.72973204 -0.68377703  0.59189683]
N#CCCOCCC#N,[-0.25714472  0.9644517  -0.91397053 -1.         -0.18004753]
CN1C(=O)CC(N2CCN(CCCN3c4ccccc4COc4ccc(CC(=O)O)cc43)CC2)N(C)C1=O,[ 0.10306668  0.711562   -0.5034013   0.31145635 -0.23768985]
CCOC(=O)C(CCc1ccccc1)NC(C)C(=O)N1C(C(=O)[O-])CC2CCCCC21,[ 0.35917246  0.75158983 -0.8311687  -0.19820891 -0.11083507]
CCCCCCCCCCCCCCCCCCOP(=O)([O-])OCC[N+]1(C)CCCCC1,[ 0.20185025 -0.75921404 -0.49795774 -0.38390207 -0.47717357]
COc1cc2ncnc(Nc3ccc(F)c(Cl)c3)c2cc1NC(=O)/C=C/CN1CCCCC1,[ 0.18783526  0.91020995 -0.6314074  -0.7923078  -0.41929048]
CC(C)C(O)(c1ccc(OC(F)(F)F)cc1)c1cncnc1,[-0.43829423  0.6576328  -0.6069691  -0.15411143  0.09677293]
CC(C)(C)CC(=O)Nc1c(F)cc(C(=O)Nc2nccs2)cc1F,[ 0.66725564  0.5581579   0.0836468  -0.18073732 -0.36017206]
CCOC(C)COC(C)CO,[ 0.08227324  0.7597221  -0.6798382  -0.6660931  -0.25053415]
O=C(Nc1cccc(Cl)c1)OCC#CCCl,[ 0.08762076  0.7929935  -0.8983916  -0.77848035 -0.2629133 ]
CCC(C)OP(=S)(OC)OC,[ 0.63877743  0.755674   -0.86297655 -0.5025571  -0.15648207]
CC=C(CC)C(=O)NC(N)=O,[ 0.04637429  0.79858696 -0.74077636 -0.6462612  -0.26843613]
C[C@@H]1NC(=O)[C@@H](C)N(C)C(=O)[C@@H](C)N(C)C(=O)[C@H](C)NC(=O)[C@H](C)N(C)C(=O)[C@@H](C)N(C)C1=O,[ 0.24318394  0.50848377 -0.7515456   0.25664052  0.2075792 ]
CC(O)C(Cl)(Cl)Cl,[-0.41564843  0.6893931  -0.94176894 -0.08716469  0.4698601 ]
CNC(=N)c1cccc(CC(CC(=O)N2CCC(C)CC2)NS(=O)(=O)c2ccc3ccccc3c2)c1,[-0.03413884 -0.27536243 -0.58245605  0.1425069   0.35196865]
CN(C)CCOc1cc(NS(=O)(=O)c2c(Cl)cc(C(F)(F)F)cc2Cl)ccc1Cl,[ 0.19941638  0.74081314 -0.5879831  -0.2916055  -0.02506104]
O=S1(=O)CCN(c2ccccc2)CC1,[ 0.49258968  0.8764861  -0.79458755 -0.62001455 -0.16648945]
Cc1cn([C@H]2CCCN(S(=O)(=O)c3ccc(C#N)c(Oc4cccc(Cl)c4)c3)C2)c(=O)[nH]c1=O,[ 0.56686264  0.543757    0.1847097  -0.33454674 -0.39581144]
CC(C)[N+](=O)[O-],[ 0.5063001   0.88988197 -0.75257325 -0.99985635 -0.6861238 ]
CN1[C@@H]2CC[C@@H]1CC(OC(=O)C(CO)c1ccccc1)C2,[-0.7666093   0.6623193  -1.         -0.50922126  0.525816  ]
CC(C)c1cccc(C(C)C)c1O,[ 0.44258842 -0.9161405  -0.5673923  -0.4628864   0.18237098]
S=C1NCCC(COc2ccccc2)O1,[-0.19544232  0.755707   -0.9995684  -1.          0.6849481 ]
C=C(C)CN(CC)c1c([N+](=O)[O-])cc(C(F)(F)F)cc1[N+](=O)[O-],[ 0.5727137   0.8259354  -0.93501484  0.7345068   0.2562177 ]
CCCCCCCCCCCCNC(N)=S,[-0.08191463  0.9169588  -0.86099905  0.12756939 -0.15684582]
CCN[C@@H]1C[C@H](N)[C@@H](O[C@H]2OC(CN)=CC[C@H]2N)[C@H](O)[C@H]1O[C@H]1OC[C@](C)(O)[C@H](NC)[C@H]1O,[ 0.00894256  1.         -0.68574    -1.          0.19378966]
CCC(C(=O)N1CCCCC1C(=O)OC(CCc1ccc(OC)c(OC)c1)c1cccc(OCC(=O)NCCNC(=O)COc2cccc(C(CCc3ccc(OC)c(OC)c3)OC(=O)C3CCCCN3C(=O)C(CC)c3cc(OC)c(OC)c(OC)c3)c2)c1)c1cc(OC)c(OC)c(OC)c1,[ 0.13176234 -0.63379914 -0.46785802  0.40641686 -0.19373214]
C/C=C(/C)C(=O)O[C@H](c1cc2ccc(=O)oc2cc1OC)[C@H](O)C(C)(C)O,[ 0.31592807  0.73780745 -0.4129101  -0.30641633  0.14552307]
CCCCN(CCCC)CCCC,[-0.1904452   0.8329683  -0.56900114 -0.63802224 -0.46410513]
Cc1ccc(N=C=O)cc1,[ 0.49867025  0.455281   -0.7920164  -0.3376559   0.79842603]
COc1cc2nc(N3CCN(C(=O)C4COc5ccccc5O4)CC3)nc(N)c2cc1OC,[ 0.3009101   0.94272435 -0.6449949  -0.19900195  0.1633304 ]
CCOc1cc2nnc(C(N)=O)c(Nc3ccc(F)cc3F)c2cc1N1CCN(C)CC1,[ 0.14951372  0.5127459  -0.7452462  -0.6214363   0.29443857]
FC(F)(F)c1nc2c(Cl)c(Cl)cc(Cl)c2[nH]1,[ 0.3535013   0.20355777 -0.6254289  -0.75200397 -0.2836599 ]
CN[C@@H](C)[C@@H](O)c1ccccc1,[-0.0709202  -0.40629572 -0.64180213 -1.          0.5146697 ]
CC(=O)O[C@H]1C[C@@H]2CC[C@@H]3[C@H](CC[C@@]4(C)[C@H]3C[C@H]([N+]3(C)CCCCC3)[C@@H]4OC(C)=O)[C@@]2(C)C[C@@H]1N1CCCCC1.[Br-],[-0.3104828   0.8225833  -1.         -0.19153997 -0.47220066]
C=C(OP(=O)(OC)OC)P(=O)(OC)OC,[ 0.12853035  0.83399737 -0.7392903   0.45445162 -0.44915047]
COc1cc2c(cc1OC)C(Cc1cc(OC)c(OC)c(OC)c1)[N+](C)(CCCOC(=O)CC/C=C\CCC(=O)OCCC[N+]1(C)CCc3cc(OC)c(OC)cc3C1Cc1cc(OC)c(OC)c(OC)c1)CC2,[ 0.28100777  1.         -0.88094443 -0.6986842  -0.00379521]
Cc1cc(Cl)ccc1OCC(=O)Nc1ccccc1,[ 0.19146101 -0.5978107  -0.62755936 -0.27898595 -0.20227033]
CNC(=O)Oc1cc(C)c(N(C)C)cc1C(C)C,[ 0.497112    1.         -0.80617195 -0.40938875 -0.45997986]
C=C(C)c1ccc(C(C)(C)N=C=O)cc1,[ 0.02504272  0.77114075 -0.7017146  -0.7345319  -0.46249324]
CO/N=C(\C(=O)N[C@@H]1C(=O)N2C(C(=O)O)=C(COC(C)=O)CS[C@H]12)c1csc(N)n1,[ 0.37200686  0.87837005 -0.41574696 -0.9833631   0.23290783]
CCOP(=S)(OCC)OC(=CCl)c1ccc(Cl)cc1Cl,[-0.0167619  -0.07876075  0.20581865  0.8445969   0.62728435]
CCOP(=O)(OCC)N(C)c1ccccc1,[ 0.33798343  0.7944706  -0.86079216 -0.06108898  0.38314363]
O=C(NC1CC1)c1cc(-c2cccs2)on1,[-0.12867922  0.8161607  -0.8945232  -0.89691174 -0.10680982]
CC(C=O)=Cc1ccco1,[-0.34144682  0.93791634 -0.36200234 -0.7379277   0.7178869 ]
Nc1ncc2cc(-c3c(Br)cccc3Br)c(N)nc2n1,[ 0.43256384  0.72954965 -0.7025438  -0.22549018 -0.07219569]
COc1cc(OC)c(S(=O)(=O)N2c3ccccc3CCC2C)cc1NC(=O)CSCC(=O)O,[-0.04946887  0.7501807  -0.8860225  -0.87796926  0.08820888]
Cc1cnc(NCCCN(C)C)c2c1[nH]c1ccc3cc(O)ccc3c12,[ 0.13554576  0.7705016   0.33014324 -0.74685687  0.184795  ]
CCSP(SCC)SCC,[ 0.4587603  0.9615745 -0.7726173 -0.7573383 -0.5940588]
Clc1cc(Cl)c2nsnc2c1Cl,[-0.8001348   0.9382094  -0.9083735  -0.83338904 -0.33665448]
COCCOP(=O)(OCCOC)OCCOC,[-0.02600725  1.         -0.72049505 -1.          0.40691283]
CCP(=O)(OC)SC,[-0.3487768   0.8172887  -0.8757377  -0.7803908   0.64757824]
CCCCC(=O)N(Cc1ccc(-c2ccccc2-c2nnn[n-]2)cc1)C(C(=O)[O-])C(C)C,[ 0.27989882 -0.01844986 -1.         -0.79554534  0.11228369]
CN(C)S(=O)(=O)N(SC(F)(Cl)Cl)c1ccccc1,[ 0.36448804 -0.08759443 -0.6720995  -0.4125178   0.2457089 ]
CN(C1CCCCC1)C1CCCCC1,[ 0.45072752  0.7776282  -1.         -0.5336068   0.07859428]
Cc1c(Sc2ccc(Cl)cc2)c2c(S(C)(=O)=O)cccc2n1CC(=O)O,[-0.4390398  0.7874498 -0.9439246 -0.6728533 -0.2854913]
O=C(CCl)OC1=C(OC(=O)CCl)C(=O)OC1=O,[ 0.09250268  0.34326836 -0.36424518 -0.8427903  -0.08095704]
O=C(O)c1nn(Cc2ccc(Cl)cc2Cl)c2ccccc12,[ 0.6041608   0.5436221  -0.8273887  -0.71605206 -0.2725071 ]
COc1cc(OC)c(S(=O)(=O)NCc2ccccc2N2CCC(COC(=O)CCC(=O)O)CC2)cc1NC(=O)CCC(=O)O,[ 0.19763137  0.5583677  -0.86579746 -0.9440376  -0.5374977 ]
O=C(O)COc1ccc(C(=O)CN2CCN(C3CCNCC3)CC2=O)cc1,[ 0.52928513  0.80519754 -0.82959783 -0.963365    0.17671448]
C=CCc1cc(OC)c2c(c1)OCO2,[ 0.00340429  0.7731354  -0.39199823 -0.8339725  -0.46748808]
c1ccc(COCc2ccccc2)cc1,[ 0.194853    0.73875564 -0.85228485 -0.3478186  -0.08465363]
Clc1ccc(C2(Cn3cncn3)OCCO2)c(Cl)c1,[-0.23359764 -0.08479832 -0.6406958  -0.5937229  -0.62383664]
