CCN(CC)CCO,[ 0.39192948  0.9024621  -0.8213352  -0.8445526  -0.44377157]
NCCCC[C@H](N[C@@H](CCc1ccccc1)C(=O)O)C(=O)N1CCC[C@@H]1C(=O)O,[-0.17423357  0.6824586  -0.6047026  -0.9261952  -0.21910433]
Cc1cnc(C)cn1,[ 0.5242287  -0.49889243 -0.8408184  -0.3109474   0.10592487]
CC[C@H]1OC(=O)[C@H](C)[C@@H](O[C@H]2C[C@@](C)(OC)[C@@H](O)[C@H](C)O2)[C@H](C)[C@@H](O[C@@H]2O[C@H](C)C[C@H](N(C)C)[C@H]2O)[C@](C)(O)C[C@@H](C)C(=O)[C@H](C)[C@@H](O)[C@]1(C)O,[-0.4250462   0.7496367  -0.8013152  -0.774126   -0.01848907]
CC(C(N)=O)(c1ccccc1)c1ccc(N)cc1,[ 0.39201218  0.44270682 -0.50326127 -1.         -0.481111  ]
C=CC(=O)OCC(=O)OCC,[-0.7695739   1.         -0.8709237  -0.7473733  -0.16900183]
CCCCn1c(=O)n(CCC)c(=O)c2[nH]c(C)nc21,[ 0.15855886 -0.375329   -0.760365   -0.58081794  0.08249141]
CCNC(=O)c1cc2c(-n3ccc(C(F)(F)F)n3)c(-c3cncc(-c4n[nH]c(=O)o4)c3)cnc2[nH]1,[ 0.43247125  1.         -0.8649594  -0.37039948 -0.18352763]
CNC(=O)c1cccc2c(Nc3ccc(NS(C)(=O)=O)cc3OC)c3cccc(C)c3[nH+]c12,[ 0.4988633   0.6859821  -0.6202427   0.06196078 -0.3618536 ]
CCCSP(C)(=S)Oc1ccccc1,[ 0.53631186  0.623478   -0.8019243  -0.44508088  0.19975622]
CCC(C)OP(=S)(OC)OC,[ 0.12494497  0.8431242  -0.7966583  -0.73643893 -0.3608493 ]
C[C@H](CSN=O)C(=O)N1CCC[C@@H]1C(=O)O,[ 0.3942738   0.79023176 -0.8062716  -0.90451866  0.02347583]
O=c1[nH]c2ccccc2n1CCC[NH+]1CCC(n2c(=O)[nH]c3cc(Cl)ccc32)CC1,[-0.12144626  0.5245176   0.06489363 -0.6858082  -0.47342637]
CCCOCCOC(=O)C1=C(C)NC(C)=C(C(=O)OCCOCCC)C1c1cccc([N+](=O)[O-])c1,[ 0.5619149   0.8882445  -0.93270123 -0.23764199 -0.38789847]
O=[N+]([O-])c1nccs1,[-0.1417018   0.8461684  -1.         -0.71027076  0.7381506 ]
C=CCN1CCCC1CNC(=O)c1cc2nn[nH]c2cc1OC,[ 0.4861154  -0.18807486 -0.7256942  -0.31922135  0.3627899 ]
CNC(=O)ON=C(C)SC,[ 0.05115509  0.70685756 -0.570955   -0.6201956  -0.08463622]
Cn1c(=O)sc2cccc(Cl)c21,[ 0.19504766  0.8817918  -0.5071872  -1.         -0.20931281]
O=C1OCC2C1C1(Cl)C(Cl)=C(Cl)C2(Cl)C1(Cl)Cl,[ 0.424681    0.10305571 -0.76982975 -0.5993992  -0.3221713 ]
C=CCOc1ccccc1C(N)=O,[ 0.04919656  0.07276998 -0.6330323  -0.8997775  -0.09088224]
CN1CCN(CCC=C2c3ccccc3Sc3ccc(S(=O)(=O)N(C)C)cc32)CC1,[-0.18729231  0.4741381  -1.         -0.7280059  -0.0361028 ]
CCCCCCC(N)C(=O)N[C@@H](Cc1c(C)cc(O)cc1C)C(=O)N1CCC[C@@H]1C(=O)N[C@@H](Cc1c[nH]c2ccccc12)C(=O)N[C@@H](Cc1ccccc1)C(N)=O,[ 0.31150368 -0.26196617 -1.         -0.7384832  -0.2682418 ]
O=CCc1ccccc1,[ 0.07589579 -0.08788189 -0.7999271  -0.00482498 -0.02390898]
COC(=O)c1ccccc1N=NN(C)C,[-0.06768018  0.89104396 -0.81541497 -0.711581   -0.32379952]
CCCCC(CC)(C(=O)OCC)C(=O)OCCN(CC)CC,[ 0.30000627  0.80966026 -0.8192946  -0.79350585  0.19097067]
O=C1CCc2ccccc2O1,[ 0.45939818 -0.04359492 -1.         -0.97151506  0.41189232]
CC1CN(C2CCCCCCCCCCC2)CC(C)O1,[ 0.55923516  0.68771166 -0.70309037 -0.5004179   0.53488547]
COc1ccc2ncc(=O)n(CCN3CC[C@@H](NCc4ccc5c(n4)NC(=O)CO5)[C@@H](F)C3)c2c1,[ 0.4929452   0.82452804 -0.6862578  -0.665467   -0.61484   ]
CCCNC(=N)C(OCC)c1ccccc1,[ 0.2654018   0.89544654 -0.84681237 -0.01983     0.49006477]
CC(=O)N(C)c1ccc(Nc2ncc3cc(-c4ccncc4)ccc3n2)cc1,[-0.35286877  0.83717453 -0.78078175 -0.88272285 -0.0842134 ]
COc1cc(Nc2nc(N[C@@H](C)c3ncc(F)cn3)ncc2Br)n[nH]1,[ 0.47751588  0.8374263  -0.26826602 -0.46068066 -0.38939288]
CCOc1cc2nnc(C(N)=O)c(Nc3ccc(F)cc3F)c2cc1N1CCN(C)CC1,[ 0.1683672   0.5121003  -0.78094023 -0.59243333  0.81956583]
O=P([O-])([O-])C(O)(Cn1ccnc1)P(=O)([O-])O,[-0.828969    0.37642887 -0.74180335 -0.21911739  0.13506173]
C1CN1P1(N2CC2)=NP(N2CC2)(N2CC2)=NP(N2CC2)(N2CC2)=N1,[ 0.08812653 -0.9475689  -0.49035385 -0.17710751  0.2484517 ]
C=C(C)CN(CC)c1c([N+](=O)[O-])cc(C(F)(F)F)cc1[N+](=O)[O-],[ 0.5526447   0.31175095 -0.17269643 -0.35462558 -0.34767503]
N#Cc1c(-c2ccc(-c3ccncc3Cl)cc2)nc2ccncc2c1O,[ 0.15305425  0.67318654  0.20271909 -0.82064396  0.05828952]
CC[C@H](C)C(=O)O[C@H]1C[C@H](O)C=C2C=C[C@H](C)[C@H](CC[C@@H](O)C[C@@H](O)CC(=O)O)[C@H]21,[ 0.3007023   0.8537581  -0.65830624 -1.         -0.34994617]
O=c1[nH]c2c(O)ccc([C@@H](O)CNCCSCCCNCCc3cccc(Cl)c3Cl)c2s1,[ 0.36126164  0.49186522 -0.5919883   0.507464   -0.04102818]
CNC(=O)c1[nH]cnc1C(=O)Nc1ccc(OC)cc1,[-0.12879595  0.8937702  -0.5478427  -0.73797375  0.4646314 ]
Cc1cc(C)c(C)cc1C,[ 0.30105662  0.68908846 -1.         -0.6525369  -0.29052305]
O=C(NC[C@@H](O)CN1CCC(Oc2ccc(Cl)c(Cl)c2)CC1)c1c[nH]c(=O)c2cc(F)ccc12,[ 0.03757104  0.8725029  -0.82607776 -1.          0.28519732]
ClC(Cl)(Cl)c1cccc(C(Cl)(Cl)Cl)c1,[-0.04667697  0.9166924  -1.         -0.9856576  -0.2556449 ]
CN(C)CCC(c1ccc(Cl)cc1)c1ccccn1,[ 0.35916698  0.96083885 -0.7182842   0.23934746 -0.4693619 ]
CCn1cc(C(=O)O)c(=O)c2cc(F)c(N3CCN(C)CC3)cc21,[-0.10762209  1.         -0.79495484 -0.6116896   0.47343007]
COP(=O)(OC)OC(=CCl)c1cc(Cl)ccc1Cl,[ 0.4276067   0.9213644  -0.722687   -0.74193835 -0.3827684 ]
Nc1cc2c(cc1C1CCCCC1)CCC2C(=O)O,[-0.26347467  0.8569476  -0.472301   -0.4887316  -0.19349384]
O=C(NCc1ccc(OC(F)(F)F)cc1)C1c2ccccc2C(=O)N1CCc1ncc(F)cn1,[ 0.05973132  0.7994528  -0.9532155  -0.6799815  -0.26951665]
C#CCN1C(=O)CN=C(c2ccccc2)c2cc([N+](=O)[O-])ccc21,[ 0.19362561  0.92447656 -1.         -0.5397281  -0.37373382]
Nc1ccn([C@@H]2O[C@H](CO)[C@@H](O)C2(F)F)c(=O)n1,[ 0.01652585  0.8638833  -0.4704963  -0.6409204  -0.295481  ]
CC(C)Cn1c(=O)n(C)c(=O)c2c(C(=O)N3CC[C@@H](O)C3)c(Cc3c[nH]c4ccccc34)sc21,[ 0.42624563  1.         -0.9102233  -0.3557996   0.10508478]
CCON=C(CC)C1=C(O)CC(c2c(C)cc(C)cc2C)CC1=O,[-0.0052714   0.78452593 -0.3545971  -0.7249696   0.81914556]
CC(C)=CCOC(=O)c1ccccc1,[ 0.31454793  0.99489474 -0.6143485  -0.7251647  -0.33032605]
COC(=O)Cc1ccccc1,[-0.5480591  -0.17917724 -0.77218854 -0.9234761   0.05850649]
CC1(C)SCN(C(=O)C2(Oc3ccc(Cl)cc3)CCCCC2)C1C(=O)O,[ 0.05046156  0.46943685 -0.72265404 -0.7618784  -0.51139706]
O=[N+]([O-])c1ccccc1Cl,[-0.06689225  0.8668838  -1.         -0.5789145   0.17244656]
O=C1C(Cc2ccccc2)C(=O)N(c2ccccc2)N1c1ccccc1,[ 0.28849667  0.8236591  -0.8542731  -0.8545966  -0.04382263]
O=C(O)CCC(=O)O,[ 0.30529997  0.686276   -0.79806286 -0.19602561 -0.34918487]
Cc1ncc(CS)c(CO)c1O,[ 0.06677067  0.7873898  -0.86008084 -0.87347925  0.02056177]
COc1cc2c(cc1OC)C(Cc1cc(OC)c(OC)c(OC)c1)[N+](C)(CCCOC(=O)CC/C=C\CCC(=O)OCCC[N+]1(C)CCc3cc(OC)c(OC)cc3C1Cc1cc(OC)c(OC)c(OC)c1)CC2,[ 0.18404092  0.87132907 -0.7581307  -0.6523155  -0.12899804]
COc1ccc(N)c([N+](=O)[O-])c1,[ 0.06943065  0.97071165 -0.78893    -1.         -0.09272599]
CCCCCCCC=CC=O,[ 0.24864615  0.88151145 -0.8907016  -0.9435895  -0.06162268]
CC(C)NCC(O)COc1ccc(COCCOC(C)C)cc1,[-0.4951387   0.88482547 -0.74387866 -0.6591152   0.41374904]
CN(C1CCCCC1)C1CCCCC1,[ 0.20767826  0.672761   -0.8252523  -0.89669025 -0.04131228]
CC(C(=O)O)c1ccc(C(=O)c2cccs2)cc1,[-0.8759555  -0.48732173 -0.4110285   0.10535661  0.19760226]
O=[N+]([O-])c1ccc(Nc2ccccc2)c(S(=O)(=O)O)c1,[ 0.05892358  0.21177122 -0.48166248 -0.7037437   0.3697609 ]
C[NH2+]C(C)Cc1ccccc1,[-0.235089    0.88287663 -0.7117056  -1.         -0.4007547 ]
O=C(O)c1nn(Cc2ccc(Cl)cc2Cl)c2ccccc12,[-0.07604517  0.72299397 -0.7942817  -0.39942795 -0.0807733 ]
FC1(F)CC(C2CC3(Cl)C(Cl)=C(Cl)C2(Cl)C3(Cl)Cl)C1(F)F,[ 0.20754102  0.72943944 -0.8917244  -0.29213035  0.43969962]
CNC(=N)c1cccc(CC(CC(=O)N2CCC(C)CC2)NS(=O)(=O)c2ccc3ccccc3c2)c1,[-0.44329357  0.06832461 -0.5910166   0.3738625   0.35135874]
COC1CCC=CO1,[ 0.30115074  0.85089505 -0.68625575 -0.8615834   0.26084435]
COCCOC(=O)CC#N,[-0.07749542  0.83889943 -0.50233847 -0.93019813  0.02337112]
COc1cc2c3cc1Oc1cc(ccc1O)CC1c4c(cc(OC)c(O)c4Oc4ccc(cc4)CC3[NH+](C)CC2)CC[N+]1(C)C,[ 0.10928498  0.86030185 -0.8469648  -0.7473777   0.23069808]
CCCCOC(=O)CC(SC(CC(=O)OCCCC)C(=O)OCCCC)C(=O)OCCCC,[ 0.03885042  0.47061014 -0.97879547 -0.8628597   0.03406278]
C=CCOc1ccccc1OCC(CNC(C)C)OC(=O)C1CC1,[ 0.03587513  0.73661053 -0.6201971  -0.671863   -0.12261432]
CNC(=O)ON=C1CCCC1(C)C#N,[-0.02532107  0.29995084 -1.         -1.         -0.2918322 ]
CCCCOC(=O)C1CC1OCCCC,[ 0.1765631   0.70327824 -0.6420548  -0.58774483  0.21106997]
CC(C)NCC(O)c1ccc(O)c(O)c1,[-0.0454796   0.8808862  -0.5114332  -0.03455871 -0.15762416]
CCOP(=O)(OCC)Oc1ccc(S(C)(=O)=O)c(C)c1,[-0.06093157  0.8159704  -0.9900316  -0.6266256  -0.01120855]
CCCN(CCC)c1c([N+](=O)[O-])cc(C(C)C)cc1[N+](=O)[O-],[ 0.31887454  0.9024319  -0.7720282  -0.5821738   0.59562504]
C[NH+]1CCc2cccc3c2C1Cc1ccc(O)c(O)c1-3,[ 0.2626808   0.25442785 -0.39055908 -0.56464535  0.04250474]
Cc1ccc(-c2ccccc2)cc1,"[ 8.9508705e-02  9.0292908e-02 -8.4841663e-01 -7.8886062e-01
 -5.2045123e-04]"
COc1cc2nc(N3CCN(C(=O)C(C)OC)CC3)nc(N)c2cc1OC,[ 0.23348351  0.8519634  -0.6851616  -0.7138854   0.24309155]
CCCN(CCC)c1c([N+](=O)[O-])cc(S(N)(=O)=O)cc1[N+](=O)[O-],[-0.10699221 -0.42939168 -0.5702831  -1.          0.00284067]
Cc1ncsc1C,[-0.17823714  0.689139   -0.8940031  -1.          0.35641733]
CNc1c(C(N)=O)cnc2[nH]c(-c3ccc(OCCN4CCOCC4)cc3)nc12,[-0.10702079  0.73182964 -0.6305732  -0.7175034   0.54502785]
OCc1ccccc1,[ 0.5217144   0.89677864 -0.85904956 -0.19895926 -0.0536831 ]
O=[N+]([O-])N1CN([N+](=O)[O-])CN([N+](=O)[O-])C1,[ 0.89226675  0.64137745 -0.7514393  -0.7019037  -0.43372062]
Cc1ccc(N=CN(C)SN(C)C=Nc2ccc(C)cc2C)c(C)c1,[ 0.7384195   0.99955434  0.04815533 -0.5537277  -0.16581184]
OCCOCCN1CCN(C(c2ccccc2)c2ccc(Cl)cc2)CC1,[ 0.5989627  -0.6618899  -0.5468182  -0.424056   -0.43851334]
CCNc1nc(NC(C)C(C)C)nc(SC)n1,[ 0.6187441   0.8239373  -0.7870769  -0.3400147   0.07956399]
Clc1ccc(C2(Cn3cncn3)OCCO2)c(Cl)c1,[-0.14181167 -0.02292551 -0.21656296 -0.94533336 -0.22673747]
CC(=O)N1CCN(c2ccc(OC[C@H]3CO[C@](Cn4ccnc4)(c4ccc(Cl)cc4Cl)O3)cc2)CC1,[ 0.08641993  0.8815807  -0.9367827  -0.6313532  -0.44320685]
CCCc1nnc(CSP(=S)(OCC)OCC)o1,[ 0.22557333  0.89354193 -0.3106859  -0.6948228  -0.00605809]
CCCCOC(=O)c1ccc(-n2nc(OCCN3CCCCC3)c3ccccc32)cc1,[ 0.4074498   0.97116286 -0.93361044 -0.85949785 -0.25278074]
CC(O)C(=O)Nc1c(I)c(C(=O)NC(CO)CO)c(I)c(C(=O)NC(CO)CO)c1I,[ 0.5261507   0.70067745 -0.11209083 -0.3671657  -0.29038188]
CC1CCCCN1N=O,[ 0.12725323 -0.39759508 -0.75334656 -0.7828184  -0.11121652]
c1ccc(OP(Oc2ccccc2)Oc2ccccc2)cc1,[ 0.6524405   0.7179699  -0.9298155  -0.78518516  0.2668872 ]
CCN(CC)CCNC(=O)c1cc(Br)c(N)cc1OC,[ 0.17521541  0.81365466 -1.         -0.539287   -0.37072054]
C[Si](C)(Cl)Cl,[ 0.6333535   0.81417096 -0.6250842  -0.78749675 -0.39937496]
C=CCNC(=S)Nc1ccccc1,[ 0.20541543 -1.         -0.9668001  -0.92153436 -0.03737832]
CCC[NH+]1CCCCC1C(=O)Nc1c(C)cccc1C,[ 0.23304711  0.5725253  -0.7841268  -0.635016   -0.04520134]
FCOC(C(F)(F)F)C(F)(F)F,[ 0.11424802  0.5380604  -0.95857906  0.40482596  0.24117589]
CNc1c(Br)cnc2[nH]c(-c3ccc(S(C)(=O)=O)cc3)nc12,[-0.24355048  0.6189743  -0.553792    0.60950714 -0.13535136]
O=C(O)[C@@H](c1ccccc1)N1CCC(CN2CCC(Oc3ccc(Cl)c(Cl)c3)CC2)CC1,[ 0.59270835  0.81179327 -0.9870348  -0.19966565 -0.34692803]
CC1[NH2+]Cc2cc(-c3ccc4c(=O)c(C(=O)[O-])cn(C5CC5)c4c3OC(F)F)ccc21,[-0.06044234  0.90116763 -0.80435944 -0.98633105 -0.22994222]
O=[N+]([O-])c1ccc(Cl)c([N+](=O)[O-])c1,[ 0.48410884  0.30006137 -0.5926865   0.6413358   0.27839372]
CC1CC(=O)NN=C1c1ccc([N-]N=C(C#N)C#N)cc1,[ 0.5556201   0.37215385 -1.         -0.78037465 -0.07344445]
CCOP(=S)(OCC)SCSCc1ccccc1,[ 0.02180902  0.91103756 -0.9328405  -0.94644105  0.12543312]
Nc1ccc(F)c([N+](=O)[O-])c1,[ 0.35641667  0.85664815 -0.5348457  -1.         -0.15245463]
CCc1ccc2[nH]c(C(F)(F)F)nc2c1,[ 0.06008048 -0.19554302 -1.         -0.5439279   0.53163207]
COCCN(c1cccnc1)P(=O)(c1ccccc1)c1ccccc1,[ 0.53816605  0.94071853 -0.28905717 -0.6537179  -0.20967104]
NC(=O)N1C(=O)C(C(=O)c2cccs2)c2cc(Cl)ccc21,[-0.23869133  0.35163718 -0.98787963  0.42861325 -0.28481346]
CC[C@@]1(O)C(=O)OCc2c1cc1n(c2=O)Cc2cc3c(CN(C)C)c(O)ccc3nc2-1,[-0.19570872  0.91164434 -1.         -0.7312002  -0.43090996]
COc1cc(C2c3cc4c(cc3C(OC3OC5COC(C)OC5C(O)C3O)C3COC(=O)C23)OCO4)cc(OC)c1O,[-0.25973317 -0.19542012 -0.49329075  0.07905214 -0.30653816]
CC(C)(C)c1ccc2c(c1)C(C)(C)CC2,[-0.37712088  0.8223505  -0.8314667  -0.62633353  0.10345329]
N=C(NN=Cc1ccc(Cl)cc1)NN=Cc1ccc(Cl)cc1,[ 0.37762612  0.83551306 -0.4699256  -0.36280394  0.01485464]
CCOc1ccccc1C(N)=O,[ 0.7073504   0.78578216 -0.63474506 -0.6055847  -0.55045474]
C[C@]12C[C@H](O)[C@H]3[C@@H](CCC4=CC(=O)CC[C@@]43C)[C@@H]1CC[C@]2(O)C(=O)CO,[ 0.106277    0.93868726 -0.30156365 -0.7142653   0.2213801 ]
O=C(/C=C/c1ccccc1)NCCO,[-0.6158917   0.7940044  -0.21343262 -0.5858408   0.09410582]
C[C@@H]1CN(Cc2ccc(F)cc2)CCN1C(=O)COc1ccc(Cl)cc1NC(N)=O,[-0.06271493  0.50970066 -0.06901816 -0.62835735  0.7583879 ]
COc1cc(C=CC(N)=O)ccc1O,[-0.00891118  0.71848774 -0.8851523  -0.784553   -0.43513715]
O=[N+]([O-])c1c(Cl)c(Cl)c(Cl)c2nc(C(F)(F)F)[nH]c12,[ 0.11481047  0.54466194 -0.94565064 -1.          0.29564446]
C=C(OP(=O)(OC)OC)P(=O)(OC)OC,[-0.0253903   0.90921575 -0.77971864  0.2681644   0.45437318]
CC1CS1,[ 0.07693066  0.9722211  -0.8273427  -0.89504826 -0.29507256]
CC(C)(C)NC[C@H](O)COc1nsnc1N1CCOCC1,[ 0.13885345  0.822361   -0.4609439   0.31501782 -0.0521679 ]
C[C@@H]1O[C@@H](O[C@H]2[C@@H](O)C[C@H](O[C@H]3C[C@](O)(C(=O)CO)Cc4c(O)c5c(c(O)c43)C(=O)c3ccccc3C5=O)O[C@H]2C)C[C@H](N)[C@@H]1O,[ 0.3093561   0.833667    0.41953298 -0.6902441  -0.32552102]
Cc1cc(Nc2nc(N[C@@H](C)c3ccc(F)cn3)c(C#N)cc2F)n[nH]1,[ 0.3458087   0.4948388  -0.5682274  -0.6532612   0.18719459]
CCOP(=S)(Oc1cccc2cccnc12)c1ccccc1,[ 0.0898394   0.8334517  -0.8977783  -0.50659764  0.4062268 ]
Cc1ccccc1S(=O)(=O)NC(=O)N1CCC(N2CCC(Oc3ccc(Cl)c(Cl)c3)CC2)CC1,[ 0.23597053  0.84916747 -0.88741636 -0.92090166 -0.14370133]
CCC(=O)NCCC1CCc2ccc3c(c21)CCO3,[ 0.13770401 -0.45777065 -0.88429636 -0.6020384  -0.14871755]
Cc1cccc(Nc2ccncc2S(=O)(=O)[N-]C(=O)NC(C)C)c1,[-0.8122618   1.         -0.69019246 -0.81026876  0.6571444 ]
CC(C)N(C(=O)SCC(Cl)=C(Cl)Cl)C(C)C,[ 0.46669373 -0.14729577  0.4472301  -0.976682   -0.27467456]
CCCCC(CC)OCCOCCO,[ 0.31516516  0.9059503  -1.         -0.69801426 -0.07054245]
Cc1cc(Nc2nc(N[C@@H](C)c3ccc(F)cc3)ncc2Cl)n[nH]1,[ 0.19282149  0.73578763 -0.619742   -0.9807637  -0.69864875]
COP(N)(=O)SC,[-0.2396385  0.7956283 -0.8702155 -0.6804266  0.2274454]
CC(O)COC(C)CP(CC(C)OCC(C)O)CC(C)OCC(C)O,[ 0.28311196  0.6183429  -0.7321806  -0.7454949  -0.00436425]
Oc1ccc2[nH]c(C(F)(F)F)nc2c1,[ 0.13639605  0.8825907  -0.6296102  -0.8080095  -0.21066858]
Cc1cc(-n2c(C)nc3ccccc3c2=O)n(-c2ccccc2)n1,[-0.9879767  -0.5512878  -0.53029025  0.55154586 -0.92922896]
COc1c2ccoc2c(OCC2OC2(C)C)c2oc(=O)ccc12,[ 0.5497959   0.5972195  -0.09558691 -0.26997605 -0.07064126]
Cc1cccc(C)c1O,[ 0.05604585  0.31534052 -0.56196463  0.05867447 -0.24128358]
COC(=O)C(C)NP(=O)(OC[C@@H]1C=C[C@H](n2cc(C)c(=O)[nH]c2=O)O1)Oc1ccc(I)cc1,[ 0.11315059 -0.3055754  -0.7748498  -0.70633394  0.23414351]
CS(=O)(=O)c1nc(-c2ccc(F)cc2)n(-c2ccc(Cl)cc2)n1,[-0.0528111  0.7053361 -0.9698113 -0.7383946  0.8793701]
N[C@H]1CCN(c2c(Cl)cccc2/C=C2\SC(=O)NC2=O)C1,[-0.15610892  0.7560066  -1.         -0.88966    -0.21274439]
[NH3+]C(C(=O)NC1C(=O)N2C(C(=O)[O-])=C(CSc3c[n-]nn3)CSC12)c1ccc(O)cc1,[-0.18682608  0.5108437  -0.8031502   0.4682449   0.3404642 ]
O=[N+]([O-])c1cc(C2CCCCC2)c(O)c([N+](=O)[O-])c1,[ 0.36011374  0.65006346 -0.2469382  -0.61128676  0.1420577 ]
O=C(C(F)(F)Cl)C(F)(F)Cl,[-0.23713772  0.9571894  -0.8866651  -0.3254654  -0.15425028]
C=CC(=O)OCCOCCOC(=O)C=C,[ 0.23851219  0.66725075  0.22129259 -0.652276   -0.27663448]
C=C(OP(=O)(OC)OC)c1ccc(Cl)cc1Cl,[ 0.22849269  0.8677623  -1.         -0.79375774  0.87252057]
CC(=O)N[C@H](C)C(=O)NCCc1ccccc1,[ 0.22899128  0.77275044 -0.5983599  -0.646156   -0.2392525 ]
COc1ccc(-c2nc3c(NCCCNC(C)=O)c(Br)cnc3[nH]2)cc1,[-0.22375402  0.8440513  -0.81654423 -0.5744735  -0.06490579]
CN(C)Cc1cc(CN(C)C)c(O)c(CN(C)C)c1,[ 0.41227368  0.6885367  -0.61463755 -0.3224839  -0.06466485]
N#CSCCSC#N,[ 0.00223229  0.91981596 -0.7997515  -0.9401454  -0.3909844 ]
Nc1nc(O)c2ncn(COCCO)c2n1,[ 0.1093137   1.         -0.7874795  -0.6782418  -0.23602828]
C=COCCOC,[ 0.18705787  0.93273216 -0.914886   -0.82933706  0.79622066]
CCC1=C(C)CN(C(=O)NCCc2ccc(S(=O)(=O)[N-]C(=O)NC3CCC(C)CC3)cc2)C1=O,[-0.28757024  0.5883521  -0.4515164  -0.7798322  -0.17695199]
CSc1ccc(C(=O)c2[nH]c(=O)[nH]c2C)cc1,[ 0.2537288   0.6921568  -0.89393383 -0.7492782   0.795319  ]
CN1CCN2c3ncccc3Cc3ccccc3C2C1,[ 0.18934685  0.9873124  -0.8220083  -0.90913606 -0.7002092 ]
N#CCc1ccccc1,[ 0.3280794   0.6848144  -0.8918321  -0.94183385 -0.14016767]
COc1cc2c(cc1OC)C1CC(=O)C(CCC#N)CN1CC2,[-0.02449638  1.         -0.74143016 -0.85919154  0.54031736]
CC(C)(C)c1ccc(C(=O)O)cc1,[ 0.4614024   0.6783909  -0.5966889  -0.0573824  -0.00996739]
C1=CCCC=CCCC=CCC1,[-0.24432091  0.9592302  -0.6573267  -0.73450476 -0.36518547]
CCCCC(CC)C(=O)OC1=C(c2c(C)cc(C)cc2C)C(=O)c2ccccc21,[ 0.10559626  0.9657191  -0.83002615 -0.634021    0.10539531]
C=CCc1cc(OC)c(OC(C)Cc2cc(OC)c(OC)c(OC)c2)c(OC)c1,[ 0.5501919   0.48138624 -0.87479776 -0.00522593 -0.20298216]
CC(=O)Oc1ccc2c3c1OC1C(OC(C)=O)C=CC4C(C2)[NH+](C)CCC341,[ 0.38378906 -0.02770253 -0.7680146  -0.3247691   0.05134144]
CC(=O)NC(CS)C(=O)[O-],[ 0.09174807 -0.46248588 -0.6729313  -0.91422963 -0.22237599]
O=c1[nH]c2ccccc2n1CCCN1CCN(C(c2ccccc2)c2ccccc2)CC1,[ 0.22457924  0.72469735  0.09924705 -0.79847574  0.42041823]
CC(=Cc1ccccc1)CC(=O)N1CCOCC1,[ 0.22996923 -0.48336148 -0.73285216 -0.27197856 -0.1706937 ]
Cc1cc(Nc2nc(N[C@@H](C)c3ncc(F)cn3)nc(N3CCOCC3)c2F)n[nH]1,[-0.2492271   0.82168555 -0.44364467 -0.67995334 -0.18954767]
C[C@@H](NC(=O)C1CCCCN1C)c1ccc(Nc2ncc3cc(-c4ccncc4)ccc3n2)cc1,[-0.08518945  0.81514376 -0.8513407  -0.6151211  -0.08441011]
O=C(CCl)CCl,[ 0.6173894   0.9050267  -0.73997027 -0.59901655 -0.379315  ]
Oc1ccc(O)cc1,[-0.07337487  0.9509854  -0.5153294   0.14675999 -0.22121736]
CN(C)C1CC(c2ccccc2)c2ccccc21,[ 0.4959636   0.5275869  -0.87462074 -0.8556739  -0.20087804]
C[C@@H]1NC(=O)[C@H](C)N(C)C(=O)[C@@H](C)N(C)C(=O)[C@H](C)NC(=O)[C@@H](C)NC(=O)[C@@H](C)N(C)C1=O,[-0.03220234  0.69553983  0.22326349 -0.63571066 -0.68615067]
O=CNC(N1CCN(C(NC=O)C(Cl)(Cl)Cl)CC1)C(Cl)(Cl)Cl,[ 0.19974837  0.9058728  -0.8402988  -0.91011     0.5809403 ]
CBr,[-0.3832851   0.79543805 -0.7561919  -0.6941614  -0.3679506 ]
COP(=S)(OC)SCc1nnc(SC)s1,[ 0.12904528  0.9113636  -0.31739578 -0.577085    0.3121147 ]
Cc1c(OC2CCN(CC3CCN([C@@](C)(Cc4ccc(F)cc4)C(=O)O)CC3)CC2)ccc(Cl)c1Cl,[ 0.4198311  -0.0521681  -1.         -0.41037497 -0.0385179 ]
CC(C)=C1CCC(C)CC1=O,[ 0.93167496  0.79917794 -0.9518167  -0.71578574  0.21125853]
C=CCc1ccccc1OCC(O)C[NH2+]C(C)C,[ 0.38547054  0.7582915  -0.8916181  -0.5792904  -0.43412918]
FC(F)(F)c1nc2c(Cl)c(Cl)cc(Cl)c2[nH]1,[-0.07569306  0.64119667 -0.62393904 -0.90217954 -0.21619487]
CCCc1nn(C)c2c(=O)[nH]c(-c3cc(S(=O)(=O)N4CCN(C)CC4)ccc3OCC)nc12,[-0.1124734   0.5624927  -0.68576586  0.1462549  -0.02274876]
COc1cc2c(c3oc(=O)c4c(c13)CCC4=O)C1C=COC1O2,[ 0.1196024   0.86133534 -0.83202666 -0.8513462  -0.17972904]
CC(C)(C)CNC(=S)Nc1cccnc1,[ 0.20189774  1.         -0.6603736  -0.94745064 -0.29076654]
COc1c(OCc2ccc(-c3ccccc3-c3nnn[nH]3)cc2)cc(C)nc1C,[ 0.35749334  0.83714795 -0.7713702  -0.39744568  0.50415957]
N=C(N)N[N+](=O)[O-],[-0.11893944  0.88335115 -0.7827172  -0.5487842  -0.44396624]
CCCP(=O)(CCC)CCC,[ 0.10055429  0.8536823  -0.93079215 -0.92383724  0.03997988]
CC1(C)CC2(NC(=O)N(CCCN3CCC(O)CC3)C2=O)c2cc(F)ccc2O1,[ 0.07741491  0.5288899  -0.75075144 -0.8339353  -0.3066861 ]
CCOP(=O)(OCC)N(C)c1ccccc1,[ 0.20333767  0.75930876 -1.          0.5817428  -0.06777246]
O=C1NC(=O)C(c2ccccc2)(c2ccccc2)C(=O)N1,[ 0.43257397  0.01650698 -0.6140147  -0.74055964 -0.03925456]
CCCCN(CCCC)CCCC,[ 0.13538942  0.9519522  -1.         -0.63050085 -0.28710705]
C=CC[NH+]1CCCC1CNC(=O)c1cc(S(=O)(=O)NC)c(N)cc1OC,[ 0.406288    0.77686936  0.1280581  -0.24314511 -0.22796187]
CC(O)C#N,[-0.5769943  -0.4557592  -0.7461928  -0.83519465  0.10627818]
CN(C)C(Cc1ccccc1)c1ccccc1,[ 0.29746652  0.9132869  -0.80582464 -0.78696436 -0.21881464]
CCOC(=O)C(C)Oc1ccc(Oc2nc3ccc(Cl)cc3s2)cc1,[ 0.1868335  -0.51645756 -0.724367   -1.          0.01157237]
O=P(O)(O)C(O)(Cn1ccnc1)P(=O)(O)O,[-0.41002667  0.7327574  -0.9986102  -0.84811246  0.03698114]
ClC1=C(Cl)C(Cl)(C2(Cl)C(Cl)=C(Cl)C(Cl)=C2Cl)C(Cl)=C1Cl,[-0.15027373  0.7236134  -0.6079051  -0.90233773  0.02637974]
O=CCCCC=O,[ 0.39569026  0.8378916  -0.37230882 -0.9237125  -0.31391713]
CCOC(=O)C1OC1c1ccccc1,[ 0.28127018  0.91872513 -0.84228003 -0.72519666 -0.4015974 ]
CC(C(=O)O)c1ccc(CC2CCCC2=O)cc1,[ 0.4708112   0.83079714 -0.5676035  -0.9584419   0.1177911 ]
NC(=O)[C@H](Cc1ccccc1)NC(=O)OCc1ccccc1,[ 0.5184859   0.78755563 -0.82191014 -0.9533459   0.17608917]
Nc1nc2c(ncn2COCCO)c(=O)[nH]1,[ 0.38053364 -0.0681568  -0.6714188   0.00131743  0.45130694]
CCCNC(=O)[N-]S(=O)(=O)c1ccc(Cl)cc1,[ 0.41883558  0.9296853  -0.6968033  -0.5274418   0.2925877 ]
CCOC(=O)Cl,[ 0.13937408 -0.16783959 -0.1197927  -0.8768239  -0.017218  ]
COc1ccc2ncc(F)c(CCN3CCC(NCc4cc5c(cn4)OCCO5)CC3)c2n1,[ 0.1532064   0.6698395   0.83008957 -0.41939765 -0.39024037]
C=CCSP(=O)(NC(=O)CC)OC,[ 0.07966678  1.         -1.         -0.17933437  0.04469646]
CCOP(=S)(OCC)Oc1cc(-c2ccccc2)on1,[ 0.02151004  0.75106597  0.718299   -0.26230267  0.14802477]
CC(C)(C)CC(=O)Nc1c(F)cc(C(=O)Nc2nccs2)cc1F,[ 0.11835054  0.7385811   0.66348153 -0.0965451  -0.38177875]
O=C(Cc1ccc(OCc2ccccc2)cc1)NO,[ 0.47263864  0.6396773  -0.79194415 -0.6351562  -0.15177086]
CC(=O)OC(C)(C)C1CC=C(C)CC1,[-0.07847662  1.         -0.8615973  -0.65385747  0.6837935 ]
C=C(CC(=O)c1ccc(-c2ccccc2Cl)cc1)C(=O)O,[ 0.29770613  0.5995241  -0.77245325 -0.49085328  0.1656919 ]
CN(C)NC(=O)CCC(=O)O,[ 0.07185213  0.44026607 -0.8230035  -1.         -0.10204785]
CC(=O)OCCOCCOCCOC(C)=O,[ 0.29683986  0.7183369   0.6819989  -0.53969085  0.06949844]
O=C([O-])c1cc(N=Nc2ccc(S(=O)(=O)Nc3ccccn3)cc2)ccc1O,[-0.50087184  0.8083858   0.03440762 -0.81893796 -0.1426235 ]
O=C(NC1CC1)c1cc(-c2cccs2)on1,[-0.34429064  0.8930141  -1.         -0.69929564 -0.05791818]
COc1ccccc1Oc1c([N-]S(=O)(=O)c2ccc(C)cn2)nc(-c2ccncc2)nc1OC,[ 0.20084058  0.6079921  -0.8894516  -0.89513963 -0.13095112]
CCCCCc1ccccc1O,[ 0.66475105  0.97342366 -0.5294861  -0.8619772  -0.27157867]
C=CC(=O)NCNC(=O)C=C,[ 0.5373957   0.62311167 -0.49113056 -0.8546876   0.02215529]
Oc1c(Cl)c(Cl)cc2[nH]c(C(F)(F)F)nc12,[ 0.37532914  1.         -0.740158   -0.5464343  -0.24289289]
OCCNCCOc1ccc(C(=C(c2ccccc2)C(F)(F)F)c2ccccc2)cc1,[ 0.3267948   0.8174562  -0.95517117 -0.4454054   0.08680373]
O=C(Cl)CCl,[ 0.47205454  0.803158   -0.89440954 -0.6855684  -0.12635638]
CN,[ 0.7201737   0.7750833  -0.77519345  0.00537701 -0.65079015]
CCCSP(C)(=S)Oc1ccc(Cl)cc1Cl,[ 0.44777718  0.7756004  -0.18020499 -0.7097631  -0.5351705 ]
CCCCc1nc(Cl)c(CO)n1Cc1ccc(-c2ccccc2-c2nnn[nH]2)cc1,[ 0.22382307  0.7748962  -0.69436777 -0.11205652 -0.02001454]
COc1cc2nc(N3CCN(C(=O)c4ccco4)CC3)nc(N)c2cc1OC,[ 0.37105852  0.7633056  -0.73361903 -0.48402253 -0.27746603]
CCCCOCCOCCCC,[ 0.5787726   0.5235663  -0.9752027  -0.6454182   0.10501842]
CC(=O)C1(O)Cc2c(O)c3c(c(O)c2C(OC2CC(N4CC4)C(OS(C)(=O)=O)C(C)O2)C1)C(=O)c1ccccc1C3=O,[ 0.12112956  0.2415651  -0.6392245  -0.58657706 -0.03546735]
CC(=O)Nc1ccc(C)c(NS(=O)(=O)C(F)(F)F)c1,[-0.03903043  0.08594229 -0.4666106  -0.28916505 -0.3551187 ]
C[C@H](Cn1cnc2c(N)ncnc21)OCP(=O)(O)O,[ 0.08916894  0.6390498  -0.729536   -1.          0.6288014 ]
CCOC(=O)CCN(SN(C)C(=O)Oc1cccc2c1OC(C)(C)C2)C(C)C,[-0.4528618   0.828294   -0.6655424  -0.7165666  -0.10736641]
Cc1ccc2c(c1)c(Sc1cccc(Cl)c1)c(C)n2CC(=O)O,[-0.0048712   0.7548163  -1.         -0.84389466  0.01419574]
CCNC(=O)CSP(=S)(OC)OC,[-0.00210641  0.9373621  -0.7630199  -0.96276474 -0.29894766]
O=C(Cl)c1cccc(C(=O)Cl)c1,[ 0.18812154  0.33069664 -1.         -0.72935253 -0.10295003]
OCCOCCOCCOCCO,[-0.0158195   0.8414268  -0.60608447 -0.8486871   0.08816191]
Cc1cc(=O)nc(SCc2ccccc2N(C)C)[nH]1,[ 0.17815213  1.         -0.7950265  -0.9042268  -0.2791925 ]
O=[N+]([O-])c1cc(Cl)c2nc(C(F)(F)F)[nH]c2c1,[ 0.5426184   0.6018754  -0.9253587  -1.          0.11306907]
CC(=O)CCCCCCCC(=O)O,[ 0.20565705  0.79323876 -0.79531246 -0.69117564 -0.33038685]
COc1ccc(C(=O)Nc2ccccc2CCC2CCCCN2C)cc1,[ 0.55543876  0.87674135 -0.46173733 -0.80584174 -0.28017524]
S=c1[nH]c2cc(Cl)ccc2o1,[ 0.06055374  0.983046   -0.08345372 -0.65257174 -0.4516887 ]
CC(C)CON=O,[ 0.365831    0.5386899   0.12430275 -0.8927751  -0.18471909]
Cc1ccc2nc(C[N+]34CCC(CC3)[C@@H](OC(=O)[C@](C)(c3ccccc3)N3CCCCC3)C4)oc2c1,[ 0.6523166   0.84630483 -0.73986804 -0.39800018 -0.64999723]
C=CC(=O)OCCOCC,[ 0.56992954  0.7817499  -0.28263617 -0.3273749  -0.51141024]
CC1OC(n2ccc(NC(=O)c3ccc(NC(=O)C(C)(N)CO)cc3)nc2=O)CCC1OC1OC(C)C(N(C)C)C(O)C1O,[ 0.5000612   0.953266   -0.940827   -0.9978217   0.09568185]
Nc1ccc(F)c(F)c1F,[-0.1848563   0.7072317  -0.54426086 -0.8870264   0.8310143 ]
CCOC(=O)C(CCc1ccccc1)NC(C)C(=O)N1C(C(=O)[O-])CC2CCCCC21,[ 0.44984692  0.80052155  0.8490526  -0.2755963  -0.4212095 ]
CN(C)CCOCCOCCN(C)C,[-0.2725686   0.71372086 -0.65594435 -0.85259396 -0.06711728]
C#CC1(O)C=CC2C3CCC4=CC(=O)CCC4C3CCC21CC,[-0.16778427  0.66018456 -0.68460447 -0.57899517  0.08199921]
COc1ccc2c3c1OC1C(O)C=CC4C(C2)[N+](C)([O-])CCC341,[-0.16098599  0.95151347 -0.6241279  -0.8540292  -0.24936719]
O=C(CCCN1CCC(O)(c2cccc(C(F)(F)F)c2)CC1)c1ccc(F)cc1,[ 0.31026965  0.66194224 -0.82805574 -0.58598155 -0.09668737]
CCCCOC(C)OCCCC,[-0.1849131   0.92051685 -0.18359323 -0.84637743 -0.23835067]
COc1cc(-c2cc(=O)c3c(O)cc(O)cc3o2)cc(O)c1OC,[ 0.12601219 -0.21801491 -0.825348   -0.87124515 -0.2013887 ]
CN(CCCOCCOCCc1ccccc1)CCc1ccc(O)c2nc(O)sc12,[-0.33453804 -0.09517889 -0.37255877 -0.6430935   0.14923832]
Cc1c(Sc2ccc(Cl)cc2)c2c(-c3cnccn3)cccc2n1CC(=O)O,[ 0.11688093  0.7403113  -0.7964625  -0.19640362  0.08733059]
CC(=O)C1OC1(C)C,[ 0.40697595  0.7559767  -0.7639164  -0.6020931  -0.40136865]
CCC(=O)OC1CCC2C3CCC4=CC(=O)CCC4(C)C3CCC12C,[ 0.0699125 -0.444008  -1.        -0.8827848  0.9704749]
CCOC(=O)Nc1ccc(NCc2ccc(F)cc2)cc1N,[ 0.6247206   0.79585224 -0.55509067 -0.6080482  -0.15524337]
CSCC(=O)N(C)C(=O)Oc1ccccc1OC(C)C,[ 0.00597555  0.6707002  -0.78632396 -0.8194076  -0.39669612]
N#CC(c1ccccc1)c1ccccc1,"[-2.5625905e-04  8.7835217e-01 -8.3985049e-01 -8.5759532e-01
 -2.2058417e-01]"
C=CCN1CCC23CCCCC2C1Cc1ccc(O)cc13,[ 0.33505192  0.3547106  -0.59842783 -0.65022653 -0.06975985]
CO/N=C(\C(=O)N[C@@H]1C(=O)N2C(C(=O)O)=CCS[C@H]12)c1csc(N)n1,[ 0.13704883  0.40527713 -0.744917    0.196622   -0.3386057 ]
CS(=O)(=O)c1ccc(C(O)C(COC(=O)C[NH3+])NC(=O)C(Cl)Cl)cc1,[ 0.08719946  0.85731864 -0.7542986  -0.7751345   0.16130252]
O=[N+]([O-])C(CO)(CO)CO,[ 0.48523182 -0.05375447 -1.         -0.61385596  0.10118667]
CN(C)C(=O)Nc1ccc(Cl)cc1,[ 0.40450278  0.7003642  -0.62840116 -0.7688916   0.10681973]
COc1ccc(C[C@@H]2c3cc(OC)c(OC)cc3CC[N@+]2(C)CCC(=O)OCCCCCOC(=O)CC[N@@+]2(C)CCc3cc(OC)c(OC)cc3[C@H]2Cc2ccc(OC)c(OC)c2)cc1OC,[-0.00213997  0.38214967 -0.49284643 -0.60494334 -0.14010869]
Cc1cc(OC(=O)N(C)C)n(-c2ccccc2)n1,[ 0.05282902  0.69727904 -0.48295954 -0.3532335  -0.13039795]
CCC1OC(=O)C(C)C(=O)C(C)C(OC2OC(C)CC([NH+](C)C)C2O)C(C)(OC)CC(C)C(=O)C(C)C2N(CCCCn3cnc(-c4cccnc4)c3)C(=O)OC12C,[-1.          0.74943227 -0.8595632  -0.73283213  0.18343066]
c1ccc(C2CO2)cc1,[-0.37399977  0.80627805 -0.52157915 -0.64899236 -0.2504637 ]
CCN1CCCC1CNC(=O)c1cc(S(N)(=O)=O)ccc1OC,[-0.19613531  0.971119   -0.9198977  -0.7411257  -0.21579821]
CC(=O)CCC(C)=O,[ 0.02525685  0.7892701  -0.5392364  -0.76238173 -0.5542584 ]
CCN(CC)CCCCCCCCCCNC(=O)Oc1ccc2c(c1)C1(C)CCN(C)C1N2C,[ 0.23745652  0.8118153  -0.65473425 -0.7153091  -0.33450115]
Cc1ncc(C[n+]2csc(CCO)c2C)c(N)n1,[ 0.16282149 -0.77372795 -0.95582414 -1.         -0.46337682]
C=CC[NH+]1CCCC1CNC(=O)c1cc2n[nH]nc2cc1OC,[0.34468907 0.29948485 1.         0.16827925 0.25276306]
CC#CCC(C)C(O)C=CC1C(O)CC2Oc3c(CCCC(=O)O)cccc3C21,[ 0.4959815   1.         -0.75035834 -0.7786858  -0.36064032]
CCCCCNCCCCC,[ 0.38329834 -0.1842514  -0.15378082 -0.38684544  0.04256794]
CCC(CCCCOC(=O)c1ccccc1)COC(=O)c1ccccc1,[ 0.315602    0.6805108  -0.75198394 -0.69070655  0.07760467]
O=C(c1csc2c1CCCC2)N1CCCCC1,[ 0.02777842  0.86482275 -0.7701363  -0.8891353   0.0186037 ]
CC(C)OP(=S)(OC(C)C)SCn1nc(Cl)ccc1=O,[-0.79740596  0.84821796 -0.3079988   0.19886899 -0.2685896 ]
C[C@@H]1CC[C@H]2[C@@H](C)[C@@H](OC(=O)CCC(=O)O)O[C@@H]3OC4(C)CC[C@@H]1[C@@]23OO4,[ 0.00920299  0.7836947  -0.75408924 -1.          0.3462687 ]
Nc1nc2ccc(OC(F)(F)F)cc2s1,[-0.32396644  0.6992256  -0.9733942  -0.12565397 -0.38050234]
CCC1OC(C)SC1=NOC(=O)NC,[-0.0593427   0.85737884 -0.55744207 -0.05296183  0.07237916]
C=CCc1cc(OC)c2c(c1)OCO2,[ 0.05764732  0.758301   -0.38547492 -0.8810852  -0.42420208]
CCC(C)(C)OC(=O)Nc1ccco1,[ 0.45187888  0.5893493  -0.89269495  0.11533936 -0.08568145]
CCCN(CCC)c1c([N+](=O)[O-])cc(C)cc1[N+](=O)[O-],[ 0.4211882   0.741677   -0.44329792 -0.21438047 -0.143774  ]
CC(C)C1NC(=O)c2ccccc2O1,[-0.09325553  0.889798   -0.52724063 -0.6533549  -0.41777623]
[NH3+]CC1CCC(C(=O)[O-])CC1,[ 0.11299224  0.78400344 -0.01202605  0.3045188  -0.26167583]
CN(c1ccc(F)cc1F)c1c([N+](=O)[O-])cc([N+](=O)[O-])cc1C(F)(F)F,[-0.06031282  0.2760355  -0.45587692 -0.6953756   0.76985353]
COc1ccc2ncc(=O)n(CCN3CC[C@@H](NCc4cc5c(cn4)OCCO5)[C@H](O)C3)c2c1,[ 0.3599657   0.29373884 -0.8218417  -0.7493071   0.02493394]
C[C@@H](NC1=CC(=O)CC1)c1ccc(Nc2ncc3cc(-c4ccncc4)ccc3n2)cc1,[-0.18058237  0.94902325 -0.7880838  -0.3788773  -0.16786303]
CC(C=O)=Cc1ccco1,[ 0.21547574  0.91172945 -0.9219507  -0.9601764   0.53003085]
CCCCOCCOC(C)=O,[ 0.36597505  0.70856255 -0.7263392  -0.20203175 -0.46069402]
COP(=S)(OC)SC1CSC=CO1,[ 0.11204504  0.86289865 -0.8308609  -0.88794935  0.6684744 ]
CCOc1cc2ncc(C(N)=O)c(Nc3ccc(F)cc3F)c2cc1N1CCN(C2CC2)CC1,[-0.37350103  0.6013873  -0.40502173  0.25953135 -0.4984031 ]
CN(CCO)Cc1cc(C(=O)c2cccs2)cc(C(C)(C)C)c1O,[-0.06721187  0.8930594  -0.8308604  -0.7253949  -0.6129159 ]
c1ccc2c(c1)CC(N1CCN(c3cccc4c3OCCO4)CC1)C2,[-0.09620219  0.7863005  -0.73754996 -0.84548986 -0.09801203]
CCOC(=O)c1noc(C)c1C(C)=O,[ 0.574339    0.08036149 -1.         -1.          0.073734  ]
CCCCOc1ccccc1NC(C)=O,[-0.47753206 -0.45056888 -0.86162674 -0.56195825  0.30869758]
COC(=O)/C=C/CNC(=O)CN1C(=O)[C@@H](COC(=O)Nc2ccc(Cl)cc2C(F)(F)F)N=C(c2ccccc2)c2ccccc21,[ 0.10854203  0.87804925 -0.7338574  -0.6907683   0.56707656]
Nc1nc(O)c(Cl)c(-c2ccccc2)n1,[ 0.29080492  0.20553437 -0.82639176 -0.99218094  0.12489037]
CC(O)C1C(=O)N2C(C(=O)[O-])=C(SC3CCS(=O)C3)SC12,[ 0.32069448  0.44513837 -0.8975863  -0.79262936  0.16875096]
CCS(=O)(=O)c1ccc(-c2cc(Cl)ccc2OCC(=O)O)cc1,[-0.8659312   0.69039345 -0.2759535  -0.06990065  0.33428326]
CCC(=O)N(c1ccccc1)C1CCN(CCc2ccccc2)CC1,[-0.04348581  0.0968669  -0.65651906 -0.40012485 -0.3273361 ]
CCN(CC)CCOCCO,[ 0.40353128 -0.42207956 -0.9334769  -0.5586739  -0.40537947]
COc1ccc([N+](=O)[O-])cc1N,[-0.25137123  0.7778459   0.27054328 -0.29821417 -0.27731583]
Cc1cc(Cl)ccc1OCC(=O)O,[ 0.25591126  0.76802385 -1.         -0.89900684 -0.23962666]
CCCCN(N=O)C(N)=O,[ 0.2679158   0.48576334 -0.7246877  -0.84331334  0.18267731]
Cc1cnc(C(=O)c2ncnc3[nH]ccc23)c(NS(=O)(=O)c2ccc(Cl)c(C(F)(F)F)c2)c1,[-0.5591295   0.76357305 -0.6778898  -0.7347012   0.29958922]
C=CCN(C(=O)Cn1nc(C)ccc1=O)C(C)Cc1ccccc1,[ 0.2308731   0.7515109  -0.81012607 -0.8240559  -0.17366081]
C[NH+](CCOc1ccc(NS(C)(=O)=O)cc1)CCc1ccc(NS(C)(=O)=O)cc1,[ 0.2516428   0.7290111  -0.86380535 -0.3199694   0.94838303]
C/C=C/CC(C)C(O)C1C(=O)NC(CC)C(=O)N(C)CC(=O)N(C)C(CC(C)C)C(=O)NC(C(C)C)C(=O)N(C)C(CC(C)C)C(=O)NC(C)C(=O)NC(C)C(=O)N(C)C(CC(C)C)C(=O)N(C)C(CC(C)C)C(=O)N(C)C(C(C)C)C(=O)N1C,[ 0.14845172  0.9047138  -1.         -0.83670473  0.05688182]
CCC(C)(C)C1CCC(=O)CC1,[ 0.4593758   0.57942665 -0.43196535 -0.76206    -0.06415704]
COc1ccc(-c2cc(=O)c3ccc(OC)cc3o2)cc1,[ 0.18649177  0.91962063 -0.92872584 -0.5271111  -0.2013061 ]
CNC(=O)ON=C(C)SCC(N)=O,[-0.25709718 -0.23883778  0.36315402 -0.6900746  -0.22863404]
Cc1ncccc1Oc1ncnc(OC2CCN(C(=O)OC(C)C)CC2)c1C,[ 0.04670929  0.8977477  -0.67478955 -1.         -0.29221952]
CCCCN(CCCC)SN(C)C(=O)ON=CC(C)(C)SC,[ 0.19483246  0.83444333 -0.4971293  -0.72113204 -0.42804053]
C=CCc1ccc(OC(C)=O)c(OC)c1,[ 0.41644862  0.9752445  -0.9131058  -0.90037084 -0.20135671]
CC1(C)C(=O)N(CO)C(=O)N1CO,[ 0.406847    0.5900286  -0.6913193   0.55678195 -0.42633113]
COCCN(C(=O)CCl)c1c(C)cccc1C,[ 0.01606766  0.36801404 -0.311751   -0.49319524  0.70566267]
CC(C)C(CCC(C)C1CCC2C3C(O)CC4CC(NCCC[NH2+]CCCC[NH3+])CCC4(C)C3CCC12C)OS(=O)(=O)[O-],[ 0.22973043  0.8668142  -0.7047641  -0.8815536   0.5044232 ]
O=C1C(Cl)C(CCl)CN1c1cccc(C(F)(F)F)c1,[ 0.29362178  0.97752434 -0.591709   -0.6095065  -0.12782817]
Clc1ccc(N2N=NC3C4CC(C5N=NC45)C32)cc1,[ 0.19447292  0.84543985 -0.9436635  -1.         -0.2704169 ]
COCCOP(=O)(OCCOC)OCCOC,[-0.40839478  0.8512962  -0.74268454 -0.79654676  0.37102067]
O=C(COc1ccc(Cc2ccc(Cl)cc2)cc1)OCc1cccnc1,[-0.24724695  0.77793145 -0.7907378  -0.9993801  -0.07383979]
C=CCC1/C=C(\C)CC(C)CC(OC)C2OC(O)(C(=O)C(=O)N3CCCCC3C(=O)OC(/C(C)=C/C3CCC(O)C(OC)C3)C(C)C(O)CC1=O)C(C)CC2OC,[ 0.5482721   0.4220018  -0.8423913  -0.7767335  -0.31000185]
CCN1CN(CO)C(=O)N(CO)C1,[ 0.52809644  0.4305532  -1.         -0.8286731  -0.20023888]
CCOc1ccccc1-c1ccc(-c2nc3ccncc3c(O)c2C#N)cc1,[ 0.436167    0.711171   -0.99740905 -0.6924692   0.08973035]
CCN1C(=O)C=CC1=O,[-0.04606337  0.83850384 -0.7799186  -0.6974263  -0.46497297]
CCC[C@@H](c1ccc(C(=O)O)c(Oc2cccc(Cl)c2)c1)N1CCC[C@H](n2cc(C)c(=O)[nH]c2=O)C1,[ 0.4074832   0.8084736  -0.80107194 -0.43350193 -0.20659204]
CC(C)c1cccc(OC(=O)N(C)C)c1,[ 0.27426818  0.7395317  -0.5573209  -0.98261786  0.03682663]
CC(C)(C)c1ccc(OP2OCC3(CO2)COP(Oc2ccc(C(C)(C)C)cc2C(C)(C)C)OC3)c(C(C)(C)C)c1,[-0.06157435  0.34998864 -0.4962286  -0.31456593  0.07834868]
C=C(C)C(=O)OC=C(C)C,[ 0.4184014  -0.90611756 -1.         -0.6395311  -0.26634192]
COP(=S)(OC)Oc1ccc(C#N)cc1C,[-0.338464    0.76224774 -0.49902642 -0.63160133  0.08897668]
BrC(Br)Br,[ 0.02776733 -0.08112452 -0.63236433 -0.08203569 -0.22460112]
CCCCCCCc1ccccc1O,[ 0.5360217   0.56310755 -1.         -0.7421816  -0.11549091]
O=C(CCC(=O)OC1CCCCC1)OC1CCCCC1,[-0.08495698  0.77396214 -0.32862458 -0.7256859   0.07003152]
CCC(=O)N(c1ccccc1)C1CC[NH+](CCc2ccccc2)CC1,[ 0.05375913 -0.60592103 -0.59298736 -0.18899009  0.01105093]
O=NN(c1ccccc1)c1ccccc1,[ 0.4759243  0.7816923 -0.6915487 -0.8080175  0.8421982]
CCNC(=O)C(C)OC(=O)Nc1ccccc1,[ 0.3061038   0.77852356 -0.90934914 -0.93502563  0.7287148 ]
Cc1cc(Sc2cc(C)c(O)c(C(C)(C)C)c2)cc(C(C)(C)C)c1O,[ 0.15738656  0.69822246  0.24708068 -0.60808355 -0.40104848]
CC(NNC(=O)c1ccccc1)c1ccccc1,[ 0.46548966  0.7031359  -1.         -0.42197627 -0.04990854]
Fc1cc2nc(C(F)(F)F)[nH]c2cc1Cl,[ 0.10521863  0.8455057  -0.9635839  -0.7398697  -0.35363367]
N#CCCCCC#N,[-0.07197534 -0.682487   -1.          0.07230395 -0.36653525]
BrC12CC3CC(CC(C3)C1)C2,[-0.14213386  0.5685811  -1.         -0.8734222   0.06830633]
CC(=S)NC[C@H]1CN(c2ccc(-c3nnc(CNS(C)(=O)=O)s3)c(F)c2)C(=O)O1,[ 0.35011706 -0.34907973 -0.7786854  -0.07350252 -0.14338449]
Cc1cn([C@H]2CCCN([C@H](CC(C)C)c3ccc(C(=O)O)c(Oc4cccc(Cl)c4)c3)C2)c(=O)[nH]c1=O,[ 0.18189187  0.8317609  -0.8850934  -0.6769588   0.7377456 ]
CN1CCC(=C2c3ccccc3Sc3ccccc32)CC1,[ 0.37584448  0.8092855  -0.81354254 -0.75726104 -0.08849484]
CC1CCCCOC1=O,[ 0.6036121  -1.         -0.5553641  -0.4449313  -0.26371107]
Cc1cc(=O)n(CSP(=S)(OC(C)C)OC(C)C)nc1Cl,[-0.10332152  0.71924967 -0.84706885 -0.76385313  0.05490709]
Cc1ccc(NC(=O)c2ccc(C#N)cc2)cc1-n1cnc2ccc(N3CCN(C)CC3)cc2c1=O,[-0.18720299  0.8919671  -0.5098777  -0.8732653  -0.33989686]
COP(=O)(SC(C)C)SC(C)C,[-0.21704364  0.7144551   0.05980659  0.11117783 -0.41447526]
COC(C)C=O,[-0.40743864  0.5786162  -0.64424163 -0.7192681   0.3933183 ]
CC1CCN(C(=O)CC(Cc2cccc(C(=N)N)c2)NS(=O)(=O)c2ccc3ccccc3c2)CC1,[ 0.29616556  0.51804274 -0.7575204  -0.53746915 -0.06829347]
C#CC1(O)C(CO)OC(n2ccc(N)nc2=O)C1O,[-0.39210898  0.8018301  -0.7222736  -0.7475403  -0.26203462]
COP(=S)(OC)Oc1nc(Cl)c(Cl)cc1Cl,[ 0.35706878  0.62433624 -0.8903657  -0.7038656  -0.25959712]
Nc1nc(Nc2ccc(S(N)(=O)=O)cc2)nn1C(=O)c1c(F)cccc1F,[ 0.26200837  0.88554204 -0.54843295 -0.45163962 -0.22254902]
CC(=O)c1c(C)c2cnc(Nc3ccc(N4CCNCC4)cn3)nc2n(C2CCCC2)c1=O,[-0.30875114  0.98895615 -0.9712537  -0.7357082   0.531051  ]
C=CS(=O)(=O)CCCCCC,[ 0.06540021  0.92572254 -0.73408824 -0.95875627  0.6700257 ]
O=[N+]([O-])OC1COC2C(O)COC12,[-0.16170377  0.8187381  -1.         -0.9367293  -0.3165844 ]
CCC(C)(C)c1ccc(Cl)c(OC(=O)NC)c1,[ 0.5735526   0.76476806 -0.97678196 -0.04262779  0.30068606]
COC(=O)c1c(Cl)cccc1-c1cnc([C@@H](C)NC(=O)C2(NC(=O)C(F)(F)F)CC2)c(F)c1,[-0.11481741  0.35683954 -0.8060092  -0.78963304 -0.2653578 ]
Nc1c(CC(=O)[O-])cccc1C(=O)c1ccc(Br)cc1,[ 0.25869828  0.7472905  -0.8163091  -0.9143078   0.2597609 ]
COc1cc(OC)c(S(=O)(=O)N2c3ccccc3CCC2C)cc1NC(=O)COCC(=O)O,[ 0.38166144  0.84805983 -0.24215306 -0.93413705 -0.16371758]
COc1cc(OC)c(C(=O)CCCN2CCCC2)c(OC)c1,[ 0.42395985  0.6437299  -0.521695   -1.         -0.1866895 ]
Nc1nc(-c2ccccn2)nc(N)c1Cc1ccc(Cl)cc1Cl,[ 0.17758946  0.90296346 -0.7440835  -0.36091715 -0.16335443]
ClCC(Cl)Cl,[ 0.57335854  0.5370432  -0.9142478  -0.6799502  -0.14982814]
CCCCCCCCCCCCCCCCCC(=O)Cl,[ 0.4560016   0.75002605 -0.827558   -0.63263357 -0.22638023]
Cc1ncsc1C(=O)N(Cc1cc(=O)[nH]c2c(F)cccc12)c1cccc(Cl)c1,[ 0.11903494  0.8728304  -1.         -0.7197353  -0.05810628]
Cc1cc(OC(=O)N(C)C)n(C(C)C)n1,[-0.15081607  0.890516   -0.43282253  0.58114314 -0.02146539]
CNC(=O)CSP(C)(=S)OC,[-0.07214125 -0.00997453  0.10087042 -0.33068147  0.14718536]
CCN(CC)N=Nc1ccccc1,[ 0.41166508  0.9732287  -0.9752241  -0.5421995  -0.25380555]
CN(SSC(C)(C)C)C(=O)ON=C1SCCS1,[ 0.40199855  0.6263517  -0.5966298   0.524605    0.22552474]
CC(C)(O)c1ccc(Nc2nc3ccc(C#N)cc3[nH]2)cc1,[ 0.29716617 -0.45144773 -0.84512997 -0.37784928  0.10367834]
C=C(C)C(=O)OCCOC(=O)C(=C)C,[ 0.04351041  0.28065118 -0.2395625  -0.26515737  0.5286749 ]
c1cc2c(c(N3CC[NH2+]CC3)c1)OCCO2,[ 0.48116976  0.66703826  0.1416263  -0.27646628 -0.15624067]
O=c1oc(-c2ccccc2)nc2ccccc12,[ 0.04165324  0.91748965 -0.8196514  -0.85402083  0.41758388]
CC#CCC(C)C(O)/C=C/C1C(O)CC2C/C(=C/CCCC(=O)[O-])CC21,[ 0.14338233  0.67856205 -0.88718116 -0.5592719   0.6610569 ]
CN1CCN(c2ccc3ncc(C(N)=O)c(Nc4ccc(Cl)c(Cl)c4)c3c2)CC1,[-0.23392083  0.834646   -0.5979751  -0.23301399 -0.21431218]
Fc1ccc(Br)cc1,[-0.27969512  0.78629416 -0.80293965  0.354681   -0.02310761]
NCC(O)CO,[ 0.06790392  0.97416234 -0.934365   -0.8115086  -0.02272545]
CC[C@H]1NC(=O)[C@@H](NC(=O)c2ncccc2O)[C@@H](C)OC(=O)[C@H](c2ccccc2)NC(=O)[C@@H]2CC(=O)[C@H](CS[C@@H]3CN4CCC3CC4)CN2C(=O)[C@H](Cc2ccc(N(C)C)cc2)N(C)C(=O)[C@@H]2CCCN2C1=O,[ 0.14141747 -0.8592708  -0.75591266 -0.7176069  -0.02566171]
CCc1nc(N)nc(N)c1-c1ccccc1,[ 0.46825767  0.47791302 -0.8887774  -0.8547785  -0.51751554]
FC(F)(F)c1nc2c(Br)c(Br)cc(Br)c2[nH]1,[ 0.19826283  0.37776268 -0.74263024 -0.7810321  -0.19129959]
Clc1ccc(Cl)c(Cl)c1,[-0.44002402  0.9953729  -1.         -1.          0.32817167]
Cc1cn([C@H]2CCCN(S(=O)(=O)c3ccc(C(N)=O)c(Oc4cccc(Cl)c4)c3)C2)c(=O)[nH]c1=O,[ 0.07864456  0.7874148  -0.9365083  -0.66242707 -0.3944889 ]
COP1(=S)OCc2ccccc2O1,[-0.22246303  1.         -1.         -0.78849334 -0.44540903]
CCCCCCCCCCCCCCCCCCOP(=O)([O-])OCC[N+]1(C)CCCCC1,[-0.19912401 -0.9437393  -0.53271157  0.04531277 -0.09225046]
CC(C)CN,[-0.03739684  0.81144524 -0.93866926 -0.76001954 -0.10884281]
CCCOC(=O)c1ccc(C(=O)OCCC)nc1,[ 0.24882829  0.6820836  -0.1811096  -0.6908269  -0.12402914]
Cn1c(C2=CCN(CCCN3c4ccccc4Sc4ccc(CC(=O)O)cc43)CC2)cc(=O)n(C)c1=O,[ 0.3048548   0.33262303 -0.723641   -0.48623285 -0.15354878]
Cc1cc(C(=O)c2ccccc2)ccc1N,[-0.48280844  0.8944927  -0.7858898  -0.624986    0.12742743]
CCN1C(=O)NC(c2ccccc2)C1=O,[ 0.21978237  0.32016605 -0.07072542 -0.47256032  0.25508386]
CCNC(=O)C=Cc1cccc(Br)c1,[-0.02391341  0.58945113 -0.5952493   0.28081435  0.12430141]
O=C(O)CC(CC1CCN(C(=O)CCc2ccc3c(n2)NCCC3)CC1)C1CNc2ccccc2C1,[ 0.10407559 -0.22723137 -0.08484406 -0.9941105  -0.0368523 ]
CC(=O)Oc1cc(C(F)(F)F)ccc1C(=O)O,[-0.29496562  1.         -0.74001014 -0.27556613 -0.01283174]
CCN(CC)c1ccc2cc(C(=O)NC3(C(=O)N[C@H](Cc4ccccc4)C(=O)NCC4CCN(CC5CCOCC5)CC4)CCCC3)sc2c1,[-0.4393395   0.43281087 -0.42975682  0.8357697  -0.33526096]
C=CC(=O)N(C)C,[ 0.37268975  0.3415775   0.05989077 -0.60646516 -0.23752818]
COP(=S)(OC)SCC(=O)N1CCOCC1,[ 0.47549045  0.5965251  -0.77588564 -0.592442    0.11464038]
O=c1cc(N2CCOCC2)nc2n(Cc3cccc(Cl)c3Cl)ccn12,[ 0.31600076  0.30987048 -0.02913849 -0.16721296 -0.08851667]
CC(=O)NCCCS(=O)(=O)[O-],[-0.05577015  0.7331437  -0.732218   -0.65634483 -0.50963104]
CN(C)C1C(O)=C(C(N)=O)C(=O)C2(O)C(O)=C3C(=O)c4c(O)cccc4C(C)(O)C3C(O)C12,[ 0.09744918  0.6815968  -0.7602601  -0.8914554   0.5208487 ]
C1=CC2C=CC1C2,"[-1.9428783e-04  9.4381613e-01 -7.8847170e-01 -5.0504965e-01
  2.1113092e-01]"
CC(CN1CC(=O)NC(=O)C1)N1CC(=O)NC(=O)C1,[-0.20638283  0.712521   -1.         -1.         -0.2072776 ]
CCC(C)OC(CBr)c1ccc(Cl)cc1,[-0.724046    0.70532554 -0.80997324 -0.60686195 -0.3416829 ]
O=c1cc(-c2ccc(O)cc2)oc2cc(O)cc(O)c12,[ 0.0387579   0.37651762 -0.81156147 -0.6257341   0.39935133]
Oc1nc(-c2ccccc2)nc2ccccc12,[ 0.4660302   0.33201274 -1.         -0.724199    0.09624275]
CC(C)(C)NCCO,[-0.02705949  0.9406344  -0.73170185 -0.953974   -0.07215012]
C[C@H](CO)Nc1nc(SCc2ccccc2F)nc2[nH]c(=O)sc12,[-0.12591524  0.90025437 -0.47652772 -0.42096624  0.35613987]
FC(F)(F)c1nc2c(I)cc(I)cc2[nH]1,[ 0.12675285  0.9001568  -0.5911458  -0.9914599   0.31343585]
Nc1cc2c(S(=O)(=O)O)cc(S(=O)(=O)O)cc2cc1S(=O)(=O)O,[ 0.3774599   0.6984426  -0.7784066  -0.8382707  -0.30832112]
C[NH2+]C(C)C1CCC(N)C(OC2C(N)CC(N)C(OC3OCC(C)(O)C([NH2+]C)C3O)C2O)O1,[ 0.13236399  0.8604873  -0.61859345 -0.53975344 -0.15072623]
CC#CN(CC)CC,[ 0.2018113   0.54616576 -0.8998734  -0.7098764  -0.32302976]
CCC(=O)Nc1ccc2[nH]c(C(F)(F)F)nc2c1,[ 0.09615561  0.47843254 -0.7563721  -1.          0.24718565]
CCCCCCOCCOCCO,[ 0.26960173 -0.522352   -0.5832482  -0.35521522  0.48520195]
N#Cc1cccc(Cc2ncccn2)c1,[ 0.28917566  0.8176358  -0.92401654 -0.82512987 -0.03868283]
CN1CCCCC1CCN1c2ccccc2Sc2ccc(S(C)=O)cc21,[ 0.31286037 -0.49083394 -1.         -1.          0.6034394 ]
CCCCCCCCCCCCCCCN,[-0.13418399  0.8375799  -0.23195769 -1.          0.41446245]
COc1cc2c3c(c1O)C1(C=CC(=O)C=C1)CC3N(C)CC2,[ 0.05082364 -0.34598583 -0.83198494 -0.36277732 -0.01186106]
Nc1ccc(S(=O)(=O)O)c2cccc(O)c12,[-0.25640595  0.7858983  -0.7082919  -0.6924022   0.5152466 ]
CN(C)CC=C(c1ccc(Br)cc1)c1cccnc1,[-0.15167747  0.6403151  -0.6693653  -0.83506644 -0.49804685]
CCCCOP(=O)(O)OCCCC,[ 0.40462574 -0.5297789  -0.5796654  -0.79955477  0.04438951]
OCC(O)CO,[ 0.44716123  0.6629193  -0.78364086 -0.67997575 -0.00560125]
S=C1NCCC(COc2ccccc2)O1,[-0.15080784  0.80594087 -0.7778825  -0.67678875  0.5618973 ]
C=C(C)C(=O)OCCCC,[-0.14886832  0.7908497  -0.8428456  -0.76414967  0.20361882]
O=C(O)c1ccccc1-c1c2ccc(=O)cc-2oc2cc(O)ccc12,[-0.31530902  0.8696567  -0.7688812  -0.4939754   0.38363242]
COc1cc(C=CC(=S)N2CCOCC2)cc(OC)c1OC,[-0.15635453  0.3803357  -0.06711993 -1.         -1.        ]
CC(CC(=O)OC(C)(C)C)NC(=O)C1=NOC(C(O)(C(F)(F)F)C(F)(F)F)C1,[ 0.22871026  0.63603437 -0.5321035  -0.71901226  0.1466762 ]
O=CNc1cc([C@@H](O)CNCCc2ccc(NC[C@H](O)c3ccccc3)cc2)ccc1O,[ 0.08419135  0.14284906 -0.51930946  0.9337732   0.6359834 ]
CC1(C)C(C=C(Cl)Cl)C1C(=O)OCc1c(F)c(F)c(F)c(F)c1F,[ 0.604382    0.71034306 -0.93470955 -0.9724653  -0.09154765]
C[C@@H](N/C(=N\c1ccncc1)NC#N)C(C)(C)C,[-0.06254636  0.8571082  -1.         -0.9032879  -0.36560798]
CCOC(=O)CCC[Si](C)(OCC)OCC,[ 0.30483723  0.7089605  -1.         -0.67896104  0.7857677 ]
CN1C[C@@H]2c3ccccc3Oc3ccc(Cl)cc3[C@H]2C1,[-0.17768632  0.835169   -0.8152437  -0.38241267 -0.41287723]
O=C1NC(c2ccc(Br)cc2)Nc2ccccc21,[ 0.31898326  0.87817645 -0.83136475 -0.47588092 -0.3060644 ]
Cc1cncc(C)n1,[ 0.3465847   0.7978399  -0.67303777 -0.32419252 -0.5705895 ]
CON(C)C(=O)Nc1ccc(Cl)cc1,[-0.07041433  0.9775206  -0.7561699  -0.693978   -0.17045495]
O=C(c1ccc(Cl)cc1)c1ccccc1-c1ncc[nH]1,[-0.15049137  0.90664995 -0.77060735 -0.64055336  0.11300204]
COc1ccc(Oc2ccc(NC(=O)N(C)C)cc2)cc1,[ 0.47889444  1.         -0.26145917 -0.5753364  -0.37178135]
CC(c1ccccn1)c1c(CC[NH+](C)[14CH3])sc2ccccc12,[-0.31208035  0.8075089   0.5903326  -0.9648679   0.2758959 ]
CCC(C)C(CC)C(N)=O,[ 0.32455695  0.7976899  -0.6277096  -0.73060477 -0.29362833]
NS(=O)(=O)c1cc2c(cc1Cl)NC(C(Cl)Cl)NS2(=O)=O,[ 0.39097127  0.41012314 -0.54620975 -1.          0.02755283]
CCC1(CC)C(=O)NCC(C)C1=O,[ 0.11213032 -0.7136277  -0.18214485 -0.37778634  0.24239668]
CCN(Cc1cc(C(F)(F)F)ccc1-c1cc(CC(=O)O)ccc1OC)C(=O)NCc1ccccc1,[-0.05793622  0.8250291  -0.7330349  -0.29969242  0.32153955]
OCCN(CCO)CCO,[-0.6566324   0.73243403 -0.6933758  -0.9722574  -0.22761615]
O=[N+]([O-])c1ccc(C=NNC(=S)N2CCCC2)o1,[ 0.4023195   0.73867536 -0.44891003 -0.6833825   0.24469572]
COP(=S)(OC)Oc1cc(Cl)c(Cl)cc1Cl,[ 0.25862336  0.86705655 -0.63811874 -0.55900264  0.23064835]
CC(C)(C#N)C(C)(C)C#N,[ 0.1551232  0.889207  -1.        -0.8076866 -0.3739756]
CC1CCC2(O)C3(C)CC4(O)OC2(C1O)C1(O)C3(O)C(OC(=O)c2ccc[nH]2)C(O)(C(C)C)C41C,[ 0.1661639   0.86141545 -0.72639936 -0.71316844  0.25186566]
O=[N+]([O-])OCC(O)CO,[ 0.3041224   1.         -0.41537398 -0.8236411   0.19960725]
CCCCC(C)(C)CO,[ 0.1396107   0.7942201  -0.88978595 -0.1498773   0.09757891]
Cc1c(C(C)C)c(=O)n(-c2ccccc2)n1C,[ 0.35567263 -0.00404667 -0.00286121 -0.5771162   0.63847554]
OCCOc1cc(Cl)c(Cl)cc1Cl,[ 0.28737912  0.899473   -0.9050494  -0.48306945 -0.20398574]
CC(C)(C)c1nnc(NS(=O)(=O)c2ccccc2)s1,[ 0.25202385  0.8859165  -0.60906774 -0.36878458 -0.39344966]
O=C(CCl)OCCOCCO,[-0.2794657   0.45282438 -0.9035185  -0.73516864 -0.2827545 ]
CC(C)(C)c1cc([N+](=O)[O-])cc([N+](=O)[O-])c1O,[ 0.1371673   0.4789397  -0.9384667  -0.7698309  -0.38404816]
S=C=NCCN=C=S,[-0.2295476   1.         -0.44514957 -0.94473004 -0.2364651 ]
C[C@H](Cc1cccc(CC(=O)NC23CC4CC(CC(C4)C2)C3)c1)NC[C@H](O)c1ccc(O)c(CO)c1,[ 0.4940284  1.        -0.8864442 -0.6294308 -0.4071154]
CN(C)C(=O)N(C)N=O,[ 0.57084644  0.7190766  -0.6918713  -0.77795273 -0.11119173]
O=c1cc(Cn2c(C3CCC3)nc3nccnc32)c2ccc(F)c(F)c2[nH]1,[-0.29972422  0.93453646 -0.47973877 -0.47744343 -0.21963598]
COc1ccc(NC(=O)CF)cc1,[ 0.6509999   0.7146859  -0.8289802  -0.65232646 -0.01454444]
COC(CN1CCN(CCC(O)c2ccccc2)CC1)c1ccccc1,[-0.1777718   0.4017138  -0.98203975 -0.8470966  -0.10858676]
Cc1ccc(OP(=O)(Oc2ccccc2)Oc2ccccc2)cc1,[-0.46168053  0.67776394 -0.8351685  -0.25035158 -0.1265153 ]
CN=C=S,[ 0.47832537  0.4416278  -0.756541    0.10941807  0.2777874 ]
CN(C)CCC=C1c2ccccc2CCc2ccccc21,[ 0.4271073   0.6137152  -0.13780741 -0.21329322  0.3807229 ]
CC1CS(=O)(=O)CCN1N=Cc1ccc([N+](=O)[O-])o1,[ 0.3416903   0.6787685  -0.06496616 -0.48506847 -0.19320752]
Cc1ccc(S(=O)(=O)Nc2c(C(=O)N[C@@H](C)C(C)(C)C)c(C)nn2C(C)C)cc1,[-0.07118587  0.6100701  -0.8212741  -0.7043746  -0.32545513]
Clc1cccc([Si]23OCCN(CCO2)CCO3)c1,[ 0.2658064   0.8580602  -0.6582917  -0.7362895  -0.38609746]
CCOP(=S)(OCC)Oc1cc(C)n(CC)c(=O)c1,[ 0.30940455  0.7938087  -0.8894391  -0.6931515  -0.11635518]
COC(=O)c1cc([N+](=O)[O-])ccc1Cl,[ 0.5723739   0.893949   -0.6909711  -0.90059894 -0.15471606]
CN1CN(CCO)CSC1=S,[ 0.05716153  0.70700264 -0.7159921  -1.         -0.15068673]
CC=C(C(=O)NC(N)=O)C(C)C,[ 0.2095171   0.76186574 -0.5315696   0.57286733  0.06144993]
Cc1cn([C@H]2CCCN(S(=O)(=O)c3ccc(CO)c(Oc4cccc(Cl)c4)c3)C2)c(=O)[nH]c1=O,[-0.1784758  -0.37374848 -0.07726326 -0.5421399  -0.15486671]
C[C@H](CO)Nc1nc(SCc2cccc(F)c2F)nc2[nH]c(=O)cnc12,[ 0.321333    0.8518574  -0.5802511  -0.68830496 -0.1385646 ]
CCOP(=O)(OCC)Oc1nc(Cl)c(Cl)cc1Cl,[ 0.1663094  -0.2687741  -0.57644695 -0.86135924 -0.31103072]
O=C(O)Cc1ccccc1N1CCC(CN2CCC(Oc3ccc(Cl)c(Cl)c3)CC2)CC1,[-0.47739643  0.95961136 -0.95811677 -0.78675836 -0.33867297]
CN(CCCl)CCCl,[ 0.13751838  0.6939446  -0.7436529  -0.7019798   0.07787006]
O=Cc1ccc(O)cc1,[ 0.46757764  0.34452045 -0.5593589  -0.65855134 -0.28559354]
CNC(=O)c1[nH]cnc1C(=O)Nc1ccc(Cl)cc1,[ 0.16565584  0.8119163  -0.8446476  -0.6344708   0.14758672]
O=c1c(Cl)c(Cl)cnn1-c1ccccc1,[ 0.49629474  1.         -0.7270865  -0.42826524 -0.44238913]
Nc1ccc([N+](=O)[O-])cc1N,[ 0.2525641   0.65980166 -0.6874475  -0.41144362 -0.24192335]
C/C=C/c1cc(OC)c2c(c1)C(C)C(c1cc(OC)c(O)c(OC)c1)O2,[ 0.81198037  0.07543301 -0.41757384 -0.6896847   0.53059953]
Nc1ccc(Cl)cc1,[ 0.4006618   0.71222615 -0.8363338  -0.65980273  0.09916904]
CC(C)OCCO,[-0.02092418  0.87563473 -1.         -0.5581865  -0.1285167 ]
C[N+](C)(Cc1ccc(NC(=O)c2ccc(Cl)c(Cl)c2)cc1)C1CCOCC1,[ 0.0959426   0.87576026 -0.66805255 -0.472905   -0.3277437 ]
COc1ccc(NC(=O)c2ccnc(N)n2)cc1,[-0.20519377  0.8238366  -0.73992157 -0.36891213  0.09385076]
CNC(=N)c1cccc(CC(CC(=O)N2CCC(C(=O)O)CC2)NS(=O)(=O)c2ccc3ccccc3c2)c1,[-0.2525197  -0.10989451 -0.8821794   0.63648206 -0.17188706]
C#CCc1ccc(COC(=O)C2C(C=C(C)C)C2(C)C)o1,[ 0.19328693  0.48578727 -0.6478583  -0.674972    0.21576625]
COc1cc(C(=O)NC2CCCNC2)cc(OC)c1OC,[ 0.38590324  0.5542966  -0.11525287 -0.49303347 -0.1944615 ]
NC(=O)CCCCC1CCSS1,[ 0.28088182  0.7023942  -0.2384677  -0.6975009  -0.03366009]
CCOP(=O)(O)O,[ 0.00533274 -0.590817   -0.7314042  -0.5246787  -0.51274025]
Cc1nc(C(F)(F)F)ccc1C(=O)Nc1ccc(Cl)c(-c2ccccn2)c1,[ 0.29044953  0.2613528  -0.099741   -0.7118674  -0.01900603]
Fc1cc(-c2cccc3ncc(-c4cnn(C5CCNCC5)c4)nc23)cc(F)c1CN1CCOCC1,[ 0.29656002  0.6652099  -0.45913485 -0.11171728 -0.00466371]
C=CS(C)(=O)=O,[-0.16523126  0.6546592  -0.7451515  -0.7887069  -0.35915738]
CC(=O)Oc1cccc(Oc2ccc(C(F)(F)F)cc2Cl)c1,[ 0.6158726   0.74563485 -0.64964473 -0.6749505  -0.18235923]
COc1cc(OC)c(S(=O)(=O)N(c2ccccc2)C(C)C)cc1NC(C)=O,[ 0.23105267  0.4656512   0.02929595 -0.88941747  0.03281002]
OC(CCN1CCCC1)(c1ccccc1)C1CCCCC1,[ 0.28341028  0.8752982  -0.8818036  -0.5844945  -0.1598681 ]
COCOCCO,[ 0.03006217  0.4895747  -0.6722804   0.24833328 -0.014424  ]
COc1ccccc1NC(=O)CC(C)=O,[ 0.3313873   0.45092008 -0.72113806 -0.84992695 -0.04536868]
Nc1nc2[nH]cnc2c(=S)[nH]1,[ 0.05468545  0.72601074 -0.7442027  -0.3840527   0.0322795 ]
CCCN(N=O)C(N)=O,[-0.43274513  0.80937016 -0.25790092 -0.6832826   0.09010788]
CN(C)N=Nc1nc[nH]c1C(N)=O,[ 0.07316663  0.6082745  -0.8428779  -0.11889142  0.06417274]
CC[C@H](CO)NC(=O)[C@H]1C=C2c3cccc4[nH]cc(c34)C[C@@H]2N(C)C1,[ 0.05984799  0.48533618 -0.63714355 -0.7562054  -0.30816647]
CCCOC(=O)Cc1ccc(OCC(=O)N(CC)CC)c(OC)c1,[-1.          0.77449465 -0.4127704   0.10854222  0.25689948]
CC(C)Oc1ccc2c(=O)c(-c3ccccc3)coc2c1,[-0.2528322   0.77332485 -0.97385764 -0.7968207   0.14971206]
CN[C@@H](C)[C@@H](O)c1ccccc1,[ 0.0332301   0.7809793  -0.8690944  -0.9853759   0.48179013]
ClCCCBr,[ 0.2494386   0.42645723  0.04781019 -0.30575845  0.19625953]
Cc1c(Sc2ccc(Cl)cc2)c2c(S(C)(=O)=O)cccc2n1CC(=O)O,[-0.40181297  0.78850955 -0.7968262  -0.6704346  -0.37980103]
CCOC(C)=Cc1oc2ccccc2[n+]1CCCS(=O)(=O)[O-],[ 0.06590983  0.87558025 -0.8299493  -0.6267401  -0.40221295]
CC(C)c1cc(Oc2ccccc2)cc(C(C)C)c1NC(=S)NC(C)(C)C,[ 0.24739249  0.8617691  -0.9095523  -0.5607882  -0.2693404 ]
CNC(=O)Oc1ccc(CCC#N)cc1,[ 0.30444378  0.8107432  -0.00120286 -0.9200256   0.19655557]
CC(C)(C)c1cc(CCC(=O)OCCSCCOC(=O)CCc2cc(C(C)(C)C)c(O)c(C(C)(C)C)c2)cc(C(C)(C)C)c1O,[ 0.17595184  0.89473325 -0.01817854 -0.80430907 -0.24871361]
Nc1ccc(Cl)cc1Cl,[-0.0144397   0.8373705  -0.9134242  -0.86135685 -0.30632555]
CC(C)(C)[NH2+]CC(O)c1cc(O)cc(O)c1,[ 0.8552922  0.0347718 -1.        -0.893606  -0.2766755]
CCC(C)(CC)c1cc(N)on1,[ 0.3584379   0.6493456  -0.7212072  -0.5065511   0.04926633]
CNNC,[ 0.33537427  0.9037939  -0.98333895 -0.5453118  -0.03507228]
ClCC(Cl)=C(Cl)Cl,[ 0.6266909   0.60044485 -0.788091   -0.5410994  -0.12693158]
O=C([O-])CCCc1ccc(N(CCCl)CCCl)cc1,[ 0.17374419  0.9060993  -0.6356555  -0.7227666  -0.30841362]
CC(=O)OC12COC1CC(O)C1(C)C(=O)C(O)C3=C(C)C(OC(=O)C(O)C(NC(=O)OC(C)(C)C)c4ccccc4)CC(O)(C(OC(=O)c4ccccc4)C21)C3(C)C,[-0.25968778  0.55653155 -0.76104534 -0.8605834  -0.2439843 ]
CC=C(CC)C(=O)NC(N)=O,[ 0.1312228   0.67521477 -0.9467463  -0.575934   -0.21199876]
NC(=S)NNCNNC(N)=S,[-0.094311   -0.8821707  -0.9682298  -0.66045344 -0.09336267]
CCC(C)c1ccccc1,[ 0.19133906  0.7535918  -1.         -0.37875313 -0.42502677]
CCCCSN(C)C(=O)Oc1cccc2c1OC(C)(C)C2,[ 0.1807157   0.587547    0.26790756 -1.          0.4510342 ]
CC(C)=CCCC(C)=CCCC(=CCCC(C)=CCO)CO,[ 0.13202651  0.38045073 -0.6741623  -0.5750754  -0.34053755]
Nc1cc(Cl)ccc1O,[ 0.28220442  0.49321955  0.51348615 -0.27355528 -0.41906965]
COc1cc([C@@H]2c3cc4c(cc3[C@@H](O[C@@H]3O[C@@H]5CO[C@@H](C)O[C@H]5[C@H](O)[C@H]3O)[C@H]3COC(=O)[C@H]23)OCO4)cc(OC)c1O,[ 0.10883901  0.61853206 -0.7371571  -0.5849096   0.52815765]
COc1c(OP(=S)(OCC(C)C)OCC(C)C)cnn(C)c1=O,[ 0.3502358   0.14330229 -0.6830943  -1.          0.17325355]
CCOc1ccc([C@@H](C)Nc2nc(N3CCN(C(C)=O)CC3)nc3c2CN(C(C)C)C3=O)cc1,[-0.15255107  0.9842001  -0.34948918 -0.6295441  -0.12998621]
O=C(/C=C/c1ccc(O)c2c1C(C(=O)O)C(c1ccc(O)c(O)c1)O2)OC(Cc1ccc(O)c(O)c1)C(=O)O,[ 0.6002238   0.7601135  -0.63901013  0.4758126  -0.27886522]
CC(NC(C)c1ccccc1)c1ccccc1,[ 0.2669117   0.8554161  -0.27818787 -0.40831256  0.18542716]
O=C(NC(CCc1ccc2c(c1)OCO2)CCc1ccc2c(c1)OCO2)c1ccc(Cl)cc1,[ 0.42308906  0.87219745 -0.81901956 -0.5511543   0.02524134]
ClC(=NNc1c(Cl)cc(Cl)cc1Cl)c1ccccc1,[ 0.3680955   0.9758045  -0.81446177 -0.71289253  0.36426672]
O=c1n(CC2CO2)c(=O)n(CC2CO2)n1CC1CO1,[ 0.35034242  0.75973445 -1.         -0.98067206 -0.14485033]
CCN(CC)c1ccc(-c2nc(=O)n(C)nc2-c2ccc(N(CC)CC)cc2)cc1,[-0.03716454  0.3814359  -0.50020236  0.70935035  0.38076553]
CCN[C@@H]1C[C@H](N)[C@@H](O[C@H]2OC(CN)=CC[C@H]2N)[C@H](O)[C@H]1O[C@H]1OC[C@](C)(O)[C@H](NC)[C@H]1O,[ 0.21520866  0.91994524 -0.69422776 -1.          0.36913842]
Clc1ccc(C(OCCN2CCCCC2)c2ccccc2)cc1,[-0.3155051   0.87650496 -0.9263873  -0.9847061   0.09738655]
O=C(O)CCCOc1ccc(Cl)cc1Cl,[-0.25121522 -0.09039338 -0.67971873 -0.96211684  0.04751145]
CCOC(=O)CCN(Cc1ccccc1)SN(C)C(=O)ON=C(C)SC,[-0.21046306  1.         -0.7841683  -0.8221727  -0.07924024]
C=CC(=O)OCCOC(=O)c1ccc(C(=O)O)cc1C(=O)O,[-0.20978393 -0.0230038   0.48623782 -0.49007744 -0.462043  ]
C[C@@H]1NC(=O)[C@@H](C)NC(=O)[C@H](C)N(C)C(=O)[C@@H](C)N(C)C(=O)[C@@H](C)NC(=O)[C@H](C)N(C)C1=O,[-0.4364657   0.39745516 -0.7095765  -1.          0.59895986]
C=C(C)c1cccc(C(C)(C)N=C=O)c1,[ 0.12229291  0.4159132  -0.5633206  -1.         -0.5311323 ]
COC(C)COC(C)COC(C)CO,[ 0.6485856   0.8804456  -0.48537648 -0.67651993 -0.10345706]
Cc1cc(-n2cccc2)c(S(C)(=O)=O)cc1C(=O)NC(=N)N,[ 0.16529553  0.7615934  -0.69162863  0.4954787  -0.25822955]
C=C(Cl)C#N,[-0.12862095  1.         -0.8605271  -0.29008958 -0.4962725 ]
CCOC(=O)CCC1(CCC(=O)OCC)c2ccccc2-c2ccccc21,[-0.28657785 -0.5160038  -0.7403372  -0.5121429  -0.17675148]
CN(C)C(=O)Cl,[ 0.454787    0.4057071  -0.6743734  -0.37849545 -0.07849827]
CC(C)CCC(C)Nc1ccc(Nc2ccccc2)cc1,[-0.20429666  0.47824702 -0.6638046  -0.91111606 -0.12486749]
O=C1CC(N2C(=O)c3ccccc3C2=O)C(=O)N1,[-0.1452722   0.8110047  -0.63512695 -0.5437325  -0.03326712]
CN(C)c1ccc(C(O)(c2ccc(N(C)C)cc2)c2ccc(N(C)C)cc2)cc1,[ 0.02972738 -0.21982391 -0.19162351 -0.44801968  0.09149758]
COP(=S)(OC)Oc1ccc(C#N)cc1,[ 0.5270334   0.40796506 -0.73853916 -1.          0.49552852]
CCC(C)CCCCC(=O)NC(CCN)C(=O)NC(C(=O)NC(CCN)C(=O)NC1CCNC(=O)C(C(C)O)NC(=O)C(CCN)NC(=O)C(CCN)NC(=O)C(C(C)O)NC(=O)C(CC(C)C)NC(=O)C(CCN)NC1=O)C(C)O,[ 0.04814376  0.28525814 -0.68238986 -0.8206949   0.01552812]
CC(=O)O[C@H]1C[C@]2(O)[C@H]3CC[C@H]4C[C@H](O[C@H]5C[C@@H](O)[C@@H](O[C@H]6C[C@@H](O)[C@@H](O[C@H]7C[C@@H](O)[C@@H](O)[C@H](C)O7)[C@H](C)O6)[C@H](C)O5)CC[C@@]4(C)[C@H]3CC[C@]2(C)[C@H]1C1=CC(=O)OC1,[ 0.00944192  0.86707634 -0.89270794 -0.70997804 -0.34040695]
N#Cc1ccc2[nH]c(C(F)(F)F)nc2c1,[ 0.06784766  1.         -1.         -0.76498175 -0.29825374]
CNC(=O)Oc1cc(C)c(N(C)C)cc1C(C)C,[ 0.5181832   0.82316834 -0.805316   -0.3382214  -0.4983668 ]
OCCCCC(O)CO,[ 0.14353478  0.6712479  -0.7288863  -0.7204111  -0.5116249 ]
CNC(=O)Oc1ccc(Cl)c2c1OC(C)(C)C2,[ 0.23797503 -0.63523835  0.36985138 -0.82891005 -0.1434239 ]
CCCCCCCCCCCC(=O)OCC(O)C1OCC(O)C1O,[-0.49945477  0.9272151  -0.697096   -0.13967533 -0.15807474]
Cc1nn(C2CCCCC2)c(N)c1-c1ccccc1,[ 0.41152582  0.95256615 -0.94312644 -0.6921335  -0.32525292]
CC(C)(O)c1ccccc1,"[ 5.0931793e-01  7.4227583e-01 -8.0197442e-01 -1.1993273e-04
 -1.0280465e-01]"
O=C1CCc2cc(C=CCN3CCN(c4ccc(Cl)cc4)CC3)ccc2N1,[ 0.4147268   0.65031815 -0.28751397 -0.4158019  -0.10172226]
COc1ccc(CC(C)=O)cc1,[ 0.30441344  0.76796055 -0.6677884  -0.71279097  0.4998346 ]
O=CC=CC1CO1,[ 0.38952792  0.81462353 -0.8331069  -0.8698427   0.14144115]
COC(=O)C1=C(C)NC(C)=C(C(=O)OCCN(C)Cc2ccccc2)C1c1cccc([N+](=O)[O-])c1,[ 0.28930688  0.8281314  -0.67120457 -0.8061335  -0.04366791]
CC(C)Nc1nc(Cl)nc(NC(C)C)n1,[ 0.5804882   0.793963   -0.86271214 -0.8164948   0.12969945]
CN(C)N=Nc1ccc(I)cc1,[-0.16147198 -0.38196614 -0.7062151  -0.8675184  -0.34189558]
C#CC(C)(O)C(O)c1ccccc1,[ 0.17792137  0.83204347 -0.8404392  -0.48162445 -0.00103693]
C/C=C(/C)C(=O)O[C@H](c1cc2ccc(=O)oc2cc1OC)[C@H](O)C(C)(C)O,[ 0.459394    0.8253194  -0.9481963   0.1371622  -0.22693019]
CC(=O)c1ccc2c(c1)N1C(=O)OCC1CC2,[ 0.21932785  0.44047016 -0.8615003  -1.          0.15952362]
Oc1ccc2c(c1)CCC2,[ 0.55715835  0.7842307  -0.71600586 -0.97548616 -0.26353592]
C#CC(C)(C)O,[ 0.38232744  0.7840736  -0.89211583 -0.38308775 -0.32483345]
CCC(C(=O)O)C1(O)CCCCC1,[ 0.09345228  0.5728792  -0.72761    -0.49803597 -0.11545257]
C[C@@H]1O[C@@H](O[C@@H]2[C@@H](O)[C@H](OCCc3ccc(O)c(O)c3)O[C@H](CO[C@@H]3O[C@H](CO)[C@@H](O)[C@H](O)[C@H]3O)[C@H]2OC(=O)/C=C/c2ccc(O)c(O)c2)[C@H](O)[C@H](O)[C@H]1O,[-0.4080988   0.87313    -0.7821416  -0.7491991   0.30671582]
O=C(Nc1ccccc1-c1ccccc1)OC1CCN(CCCCCCCCCNC[C@H](O)c2ccc(O)c3[nH]c(=O)ccc23)CC1,[ 0.21581896  0.8471354  -1.         -0.64076453  0.02067691]
CC(CO[N+](=O)[O-])(CO[N+](=O)[O-])CO[N+](=O)[O-],[ 0.10903139  0.42045283 -0.76722115 -0.73174113 -0.36904427]
COC(=O)c1cc(Oc2ccc(Cl)cc2Cl)ccc1[N+](=O)[O-],[-0.29158136  0.442038   -0.18424436 -0.59883934 -0.2295885 ]
C(=NC1CCCCC1)=NC1CCCCC1,[ 0.23406647  0.76928484 -0.34658656 -0.67605186 -0.32681185]
CCOP(=S)(NC(C)C)Oc1ccccc1C(=O)OC(C)C,[ 0.01693898  0.78316724 -0.8017543  -0.79517674 -0.35266522]
Nn1cnc2cc3ccccc3cc2c1=O,[ 0.01195153  0.887738   -0.1282425  -0.5899287  -0.31565842]
C#CC(C)(C)NC(=O)c1cc(Cl)cc(Cl)c1,[ 0.1044118   0.9248694  -0.8977316  -0.7400647   0.03503158]
CC(C)CCCCCN(CCCCCC(C)C)CCCCCC(C)C,[ 0.6479088   0.7836109   0.07218041 -0.5167713  -0.50352   ]
CCc1nc2cc(O)ccc2c(Oc2ccc(/C=C/C(=O)O)cc2)c1-c1ccccc1,[-0.15427527  0.72376585 -1.         -1.          0.47494784]
O=[N+]([O-])c1cc(Cl)ccc1Cl,[ 0.25139874  0.7860308   0.31459373 -0.1793183  -0.14392163]
C=CC(=O)OCCOC(=O)CC(C)=O,[-0.0506429   0.80503863 -0.7226944  -0.80565286  0.53761655]
CC(C)Oc1cc(-n2cnc3ccc(N[C@@H](CO)c4ccc(F)cn4)nc32)n[nH]1,[-0.10333709  0.61557955 -0.65252066 -0.9593087  -0.20963304]
CSCC(NC(=O)COc1cccc2cnccc12)C(=O)NC(Cc1ccccc1)C(O)C(=O)N1CSCC1C(=O)NC(C)(C)C,[ 0.01554874  0.80172694  0.3355261  -0.12689027 -0.36923635]
COCCNCc1ccc(Nc2ncc3cc(-c4ccncc4)ccc3n2)cc1,[ 0.08134906  0.7857932  -0.6875044  -0.6595731  -0.40709487]
CC(C)(C)NCCC(O)c1cc(C(F)(F)F)nc2c(C(F)(F)F)cccc12,[ 0.33350992  0.36743394 -0.36673933 -0.6613733  -0.03672294]
O=S(=O)(O)c1ccc2cc(Nc3cccc4c(O)c(S(=O)(=O)O)ccc34)ccc2c1O,[ 0.16947894 -0.8235844  -0.72979534 -0.752064   -0.12596472]
NC(=S)Cc1cccc2ccccc12,[ 0.16546497  0.7532427  -0.62017095 -0.6683174   0.11295424]
CC1NC(=S)NC1=O,[ 0.14074513  0.7028768  -0.7059142  -1.          0.6796934 ]
Cc1cccc([N+](=O)[O-])c1[N+](=O)[O-],[-0.04893069  0.8616018  -0.7231933  -0.7082168   0.36727193]
COc1cc2ncnc(Nc3ccc(F)c(Cl)c3)c2cc1NC(=O)/C=C/CN1CCCCC1,[ 0.18026154  0.8289848  -0.50664115 -0.78727204 -0.47022069]
CCC(C(=O)O)c1ccc(CC(C)C)cc1,[ 0.21779968  0.75798184 -0.6988733  -0.8880238  -0.05916798]
CN1c2ccccc2C(NCCCCCCC(=O)[O-])c2ccc(Cl)cc2S1(=O)=O,[-0.68489534  0.90269846 -0.2975442  -0.74108404 -0.3108905 ]
CCCCCC(=O)O,[-0.01930536  0.79804504 -0.80009264 -0.8557981   0.0541504 ]
C[Si](C)(C)CCCC(=O)O,[-0.11667082  1.         -0.7942617  -0.61059976 -0.13188098]
ClCc1cccc2ccccc12,[ 0.28506374  0.8141146  -0.8180564  -0.5979524   0.11604767]
CCOC(=O)COc1ccc(C(=O)CN2CCN(C3CCN(C(=O)OCOC(=O)C(C)(C)C)CC3)CC2=O)cc1,[ 0.08779441  0.78972507 -0.7801489   0.65270823  0.5264797 ]
CC(C(=O)O[C@@H]1CC[N+](C)(C)C1)(c1ccccc1)C1CCCC1,[ 0.27342063 -0.95182425 -1.         -0.8970878   0.02637167]
CC(COc1ccc(Cl)cc1Cl)C(=O)O,[ 0.5185081   0.8743495  -1.         -0.748918    0.30024886]
Cc1onc2c(=O)n(C)nc(-c3ccccc3)c12,[ 0.15868111  0.8899245  -1.         -0.59829444 -0.24558154]
Cc1cc(-c2ccc(Cl)c(C(=O)NCC3(O)CCCCCC3)c2)nn1C[C@H](O)CN,[ 0.47534004  0.40028834 -1.         -0.95397854 -0.23498043]
CCSP(SCC)SCC,[ 0.34102178  0.8951855  -0.83606076 -0.6534957  -0.4467203 ]
N#Cc1ccc(F)c(-c2cc(C(F)(F)F)ccc2OCC(=O)O)c1,[ 0.36275056  0.52797085 -0.86127585 -0.10483465  0.08602463]
CCc1cc2c(s1)-n1c(C)nnc1CN=C2c1ccccc1Cl,[ 0.15446274  0.9484291  -0.87445897 -0.73666114 -0.22995842]
CC(C)(C)NC(=O)C1CC2CCCCC2CN1CC(O)C(Cc1ccccc1)NC(=O)C(CC(N)=O)NC(=O)c1ccc2ccccc2n1,[ 0.31708813  0.73545337 -0.79358566 -0.43584943  0.27651197]
Cn1cnc(S(=O)(=O)N(CCN(Cc2cncn2C)c2ccc(C#N)cc2)Cc2ccccc2)c1,"[-2.4126486e-01  7.7067137e-01 -8.5904121e-01 -7.5911343e-01
 -4.6983577e-04]"
CN1[C@@H]2CC[C@@H]1CC(OC(=O)C(CO)c1ccccc1)C2,[ 0.69969064  0.8788051  -0.8223733  -0.28215778  0.13292591]
C1C[SiH2]C1,[ 0.32260218  0.5034669  -0.5202487  -0.8952965  -0.20422448]
CCC(C)OC=O,[ 0.71436405 -0.57384706 -1.         -0.5269254  -0.46221098]
CC(C)CCI,[ 0.49422872  0.8756541  -0.8610041  -0.5811596  -0.1291569 ]
Cc1cnc(C)c(C)n1,[ 0.35758552  0.4878617  -0.6004173  -0.37996653 -0.46030378]
CCOC(=O)C=Cc1ccc(Cl)cc1,[ 0.11825594  0.04030181 -0.5812704  -0.00741647  0.17649654]
CC(O)C(Cl)(Cl)Cl,[-0.2646024   0.93352485 -0.80727106 -0.22993028  0.4472514 ]
COP(=S)(OC)Oc1ccc(S(N)(=O)=O)cc1,[ 0.24819879  0.7968859  -0.7461741  -0.7035831   0.41388977]
CN(C)CCCNCCCN(C)C,[ 0.28683248  0.77739066 -0.7601505   0.82463795  0.40474385]
COP(=O)(OC)Oc1ccc([N+](=O)[O-])c(Cl)c1,[ 0.39037403  0.56761473 -0.52631253 -0.7031317  -0.20017919]
Cc1ccc(S(=O)(=O)Nc2c(C(=O)NC3CCCCC3)c(C)nn2-c2ccccc2)cc1,[ 0.07533953  0.65779483 -0.6163971  -0.6379221  -0.18882315]
C[C@@H](NC1=CC(=O)CNC1)c1ccc(Nc2ncc3cc(-c4ccncc4)ccc3n2)cc1,[ 0.1157888   0.68084407 -0.69639474 -0.6175777   0.41758475]
CCOC(=O)NCCOc1ccc(Oc2ccccc2)cc1,[-0.35480323  0.93787855 -0.83888334 -0.65624374  0.42545488]
CCCc1c(OCc2cccn3c(=O)c(CCC(=O)O)cnc23)ccc(C(C)=O)c1O,[ 0.0290781  -0.7988191  -0.3768533  -0.53621984  0.2062053 ]
CCCSP(C)(=S)OP(C)(=S)SCCC,[-0.20243613  0.82409054 -0.78773856 -1.         -0.14489344]
CNC(=O)ON=C(C)SCC(=O)N(C)C,[ 0.3629643  -0.05751802 -1.         -0.7542161   0.0086228 ]
CCOP(=S)(OCC)Oc1ccc([N+](=O)[O-])c(C)c1,[ 0.06443667  1.         -0.85405356  0.03994001  0.2754102 ]
O=C(CN1CCOCC1)NN=Cc1ccc([N+](=O)[O-])o1,[ 0.13521196  0.7441089  -0.42258993 -0.49842826 -0.06583553]
CCC(=O)O,[-0.25540695  0.85115176 -0.13740988 -0.76212615  0.278734  ]
CNC(=O)c1c(I)c(NC(C)=O)c(I)c(C(=O)[O-])c1I,[ 0.29924107  1.         -0.6774029  -0.70783836 -0.4710882 ]
CC1(C)SC2C(NC(=O)C(C(=O)[O-])c3ccsc3)C(=O)N2C1C(=O)[O-],[-0.05532074  0.85350204 -0.8797765  -0.34788492  0.16200422]
CO[Si](CCCn1c(=O)n(CCC[Si](OC)(OC)OC)c(=O)n(CCC[Si](OC)(OC)OC)c1=O)(OC)OC,[-0.12629281  0.5303097  -0.759362    0.34896716 -0.17397596]
COc1cc(OC)c(S(=O)(=O)N2c3ccccc3CCC2C)cc1NC(=O)CSCC(=O)O,[ 0.01832801  0.8881171  -0.69510776 -0.7961127   0.68956846]
CC(O)c1cccc(N)c1,[ 0.564882    0.94906753 -0.7862561  -0.83246607 -0.24702698]
C=C1CC1CC(N)C(=O)O,[ 0.17464499  0.5009555  -1.         -0.89511734  0.41761777]
CC1CCC(N)CC1N,[-0.02095743  0.8993452  -0.62893254  0.19850323 -0.05692241]
OCCOCCCl,[ 0.3006308   0.8786469  -1.         -0.79494786 -0.04124101]
CN(C)C(=O)C(CCN1CCC(O)(c2ccc(Cl)cc2)CC1)(c1ccccc1)c1ccccc1,[ 0.04519171 -0.25076258 -0.5466139   0.14225091 -0.11364599]
O=C(O)COc1ccc(C(=O)CN2CCN(C3CCNCC3)CC2=O)cc1,[ 0.66185904  0.56871724 -0.9113798  -0.92997307  0.11754202]
CC(=CC(=O)O)C(=O)O,[-0.03475435  0.68229437 -0.927753   -0.8212968  -0.28372237]
CC(CN1CCOCC1)C(C(=O)N1CCCC1)(c1ccccc1)c1ccccc1,[ 0.2874559   0.72076106 -0.71430457 -0.05341395  0.04168561]
C#CCN(C)c1ccccc1OC(=O)NC,[ 0.18249303 -0.73532456 -0.91921043 -0.63284683 -0.1826663 ]
CC([NH3+])Cc1ccccc1,[ 0.11085972  0.6102385  -0.8563918  -0.62361157 -0.4030516 ]
COC(=O)C1=C(C)NC(C)=C(C(=O)OCCN(C)Cc2ccccc2)C1c1cccc(N(O)O)c1,[-0.14798163 -0.14905709  0.1715614  -0.7050462   0.03405096]
Cn1c(COP(=O)(NCCBr)NCCBr)cnc1[N+](=O)[O-],[ 0.06407862  0.8358356  -0.97789776 -0.6125445  -0.07584883]
COCc1ccc2c(C(C(=O)NS(=O)(=O)c3ccc(C)cc3OC)c3ccc4c(c3)OCO4)cn(C)c2c1,[-0.056634   -0.50120884  0.4099816  -0.9887204   0.00768638]
CC(=O)CCc1ccc(O)cc1,[ 0.19662236  1.         -1.         -0.911481   -0.64568055]
Clc1ccc(OCOc2ccc(Cl)cc2)cc1,[ 0.6337873   0.35202962 -0.97762257 -0.1737732  -0.01580374]
CN(C)S(=O)(=O)CCCCCNC(=O)N(CCCl)N=O,[-0.20924309  0.18660326 -0.56773436 -0.7311535  -0.24965912]
CCCS,[ 0.34707433  0.90065664 -0.87287503 -0.32491937  0.05520988]
Cc1c(Sc2ccc(Cl)cc2)c2c(-c3ccccc3)cccc2n1CC(=O)O,[ 0.86642814  0.74547464 -0.62503624 -0.8158288   0.6192842 ]
CC1OC(OC2C(O)CC(OC3C(O)CC(OC4CCC5(C)C(CCC6C5CC(O)C5(C)C(C7=CC(=O)OC7)CCC65O)C4)OC3C)OC2C)CC(O)C1O,[-0.24215095  0.42401958 -0.5742084  -0.44743785 -0.5901486 ]
O=C(CO)N1CCC(c2[nH]nc(-c3ccc(Cl)cc3F)c2-c2ccncn2)CC1,[ 0.19742832  0.6627745  -0.7443309   0.3347269   0.7213616 ]
Cc1cccc2sc3nncn3c12,[ 0.24508633  0.77123463 -0.76510376  0.12935042 -0.3902204 ]
CCCCc1c(OC(=O)c2cc(OC)c(OC)c(OC)c2)n(-c2ccccc2)n(-c2ccccc2)c1=O,[-0.13195826  0.86934924 -0.7584279  -0.7265937  -0.20795795]
COc1cccc2c1cc([N+](=O)[O-])c1c(C(=O)O)cc3c(c12)OCO3,[-0.14301814  0.88838017 -0.69524    -0.6847924  -0.29680485]
Cc1cccc(C)c1NC(=O)C1CCCC[NH+]1C,[ 0.24775895  0.8731899  -1.         -0.5930528  -0.22851233]
Cc1nccc(-c2ccc(-c3nc4ccncc4c(O)c3C#N)cc2)c1Cl,[ 0.36147007  1.          0.5468661  -0.34247723  0.0306744 ]
CC(C)C(O)(c1ccc(OC(F)(F)F)cc1)c1cncnc1,[-0.2233504   0.464465   -1.         -0.34126467  0.11271226]
Cc1ccn(C(=O)NCCCCCCCl)n1,[ 0.53609866  0.0803204  -0.7727594   0.29023582 -0.5830224 ]
CCOP(=O)(Cl)Cl,[ 0.32958376  0.9253636  -0.9251619  -0.6705704  -0.09526417]
COc1ccc(CC2c3cc(OC)c(OC)cc3CCN2C)cc1OC,[-0.04205758  0.932894   -0.7124482  -0.9504452  -0.5375042 ]
CC(C)(C)OC(=O)N1CCN(c2ncc(OCc3ccncc3)cn2)CC1,[-0.08555271  0.9191478  -0.44052628 -0.5343719  -0.27470505]
Cc1cc(Cl)ccc1OCC(=O)Nc1ccccc1,[ 0.04574564 -0.5878631  -0.52866155 -0.47292408 -0.16130425]
c1c[nH]cn1,[ 0.5694108   0.9531307  -0.4798975  -0.13812675 -0.2633905 ]
Cc1nn(C)c(Oc2ccccc2)c1C=NOCc1ccc(C(=O)OC(C)(C)C)cc1,[ 0.19598438  0.29548165 -0.49507397  0.11901045  0.16235515]
Cc1ccc(CO)cc1N(C)c1ccnc(Nc2cc(N3CCCOCC3)cc(N3CCOCC3)c2)n1,[ 0.3761711   0.762276   -0.8120596  -0.6841094   0.04130474]
NC(=O)c1cnc(N[C@@H]2CCCC[C@@H]2N)nc1Nc1cccc(-n2nccn2)c1,[-0.07134445  0.82968736 -0.97082305 -0.8061228   0.33863616]
O=C(Oc1ccccc1)n1c(C(F)(F)F)nc2cc(Cl)c(Cl)cc21,[ 0.08059113  0.44485822 -0.5873313   0.15434812 -0.3598978 ]
O=C(Nc1cccc(Cl)c1)OCC#CCCl,[-0.02354697  0.7836095  -0.8722527  -1.         -0.3181156 ]
C(Oc1nc(OCC2CO2)nc(OCC2CO2)n1)C1CO1,[ 0.05164282  0.76616836 -0.15587732 -0.6150688  -0.3717253 ]
CC(=O)OC(C(Cl)(Cl)Cl)P(=O)(Oc1ccccc1)Oc1ccccc1,[-0.3038005   0.0232031  -0.18733487 -1.         -0.05941195]
Cc1ccc(N2CC(COc3ccc(-c4noc(C)n4)cc3)C2)nn1,[-0.1642579   0.5850395  -0.5465085  -0.96589994  0.03443183]
C=C1CC23CC1(O)CCC2C12C=CC(O)C(C)(C(=O)O1)C2C3C(=O)O,[ 0.19837314  0.8606956  -0.7087296  -0.8045157  -0.12677073]
CN(C)C(=O)Nc1cc(C(C)(C)C)on1,[-0.32304662  0.883217   -1.         -0.68217856 -0.24373882]
CN1C(=O)CC(N2CCN(CCCN3c4ccccc4COc4ccc(CC(=O)O)cc43)CC2)N(C)C1=O,[ 0.18825276  0.8961353  -0.5308194  -0.09804805  0.04656867]
CC(=O)OC(C(=O)NC(N)=O)c1ccccc1,[ 0.3734168   0.14038256 -0.7370795   0.69558793  0.717014  ]
CC(C)(c1ccc(Oc2ccc(N)cc2)cc1)c1ccc(Oc2ccc(N)cc2)cc1,[-0.4925603   0.85968894  0.30479    -0.6981372   0.32875794]
CN[C@H](CC(C)C)C(=O)N[C@H]1C(=O)N[C@@H](CC(N)=O)C(=O)N[C@H]2C(=O)N[C@H]3C(=O)N[C@H](C(=O)N[C@H](C(=O)O)c4cc(O)cc(O)c4-c4cc3ccc4O)[C@H](O)c3ccc(c(Cl)c3)Oc3cc2cc(c3O[C@@H]2O[C@H](CO)[C@@H](O)[C@H](O)[C@H]2O[C@H]2C[C@](C)(N)[C@H](O)[C@H](C)O2)Oc2ccc(cc2Cl)[C@H]1O,[ 0.20675811  0.79840857 -0.47731453 -0.4982183   0.31928676]
C[C@@H]1O[C@@H](O[C@H]2[C@H](Oc3cc(O)c4c(c3)O[C@H](c3ccc(O)cc3)CC4=O)O[C@H](CO)[C@@H](O)[C@@H]2O)[C@H](O)[C@H](O)[C@H]1O,[ 0.71082765  0.8418776  -0.72414285  0.41939977 -0.20798287]
C[NH+]1CCOC(c2ccccc2)c2ccccc2C1,[ 0.6004753   0.8076433  -0.86532646  0.0739589  -0.11699587]
Nc1nc2c(Cc3cccnc3)c[nH]c2c(=O)[nH]1,[ 0.16885903  0.8627442  -0.43223745 -1.         -0.00409961]
O=Cc1cccc2ccccc12,[ 0.3037448   0.04317038 -0.62854695 -0.6636174  -0.09503683]
CCNC(=S)NCC,[ 0.11395188  0.32697386 -0.6753427   0.17907286  0.9077721 ]
C=CC(=O)Nc1ccc(O)cc1,[-0.13494965  0.82922524 -0.88838    -0.7941862  -0.01893921]
FC(F)(F)c1nc2c(Br)c(Cl)c(Br)cc2[nH]1,[-0.28714114  0.69553035 -0.8030615  -0.6602801   0.06063466]
Cc1nc(N)nc(N)c1-c1ccc(Br)cc1,[ 0.23052303  0.88163185 -1.         -0.7571831  -0.5580571 ]
NC(=[NH2+])NCCCCC1NC(=O)CCSSCC(C(N)=O)NC(=O)C2CCCN2C(=O)C(Cc2c[nH]c3ccccc23)NC(=O)C(CC(=O)[O-])NC(=O)CNC1=O,[ 0.01345376  1.         -0.7747272  -0.05100923 -0.16520548]
CCCCCCCC[Si](OCC)(OCC)OCC,[ 0.06085856 -0.00647895 -0.5626718   0.1236623   0.6740712 ]
COc1nccnc1NS(=O)(=O)c1ccc(N)cc1,[ 0.54026353  0.9195059  -0.95332927 -0.8858031  -0.3518276 ]
O=C(CCCCC(=O)OCC1CC=CCC1)OCC1CC=CCC1,[-0.57362425 -0.8372826  -0.88234186 -0.7808073  -0.32684186]
O=C(Nc1ccc(Cl)c(C(=O)Nc2cccnc2)c1)c1cccc(C(F)(F)F)c1,[ 0.44914657  0.94251674 -0.81550205 -0.6995784  -0.3190029 ]
COC(=O)C(C(C)=O)C(C)=O,[-0.07811716  0.5039902  -0.9195771  -0.8641132  -0.05432865]
CSCCC(OC(C)=O)C(=O)O,[ 0.35638392  0.83733827 -0.5504657  -0.95559984  0.68096536]
Cc1c(F)cc(C(=O)NC2CC2)cc1-c1ccc(C(=O)NCC(C)(C)C)cn1,[ 0.2872366   0.8132541  -0.5483782  -0.5221576  -0.29336694]
CC[C@H]1CN(Cc2cc(Cl)ccc2OCC(=O)O)CCN1S(=O)(=O)c1ccccc1,[ 0.08814065  0.72405005 -0.770749   -0.73667294 -0.42331696]
O=C(c1ccccc1)c1cccc2c1CCC2C(=O)O,[-0.18488099  0.8445166  -0.83491635 -0.69968015 -0.13695596]
COCCOCc1ccccc1,[ 0.07401823  0.8724197  -0.8104726  -0.59811145  0.04491737]
Cc1cnc(Nc2cc(N3CCOCC3)nc(N[C@@H](C)c3ncc(F)cn3)n2)s1,[ 0.26648325  0.95118773 -0.82303435 -0.08063007 -0.1683842 ]
CNC(=O)OCc1cccc(COC(=O)NC)n1,[ 0.3669093   0.7338685  -0.8426633   0.06128297  0.00502055]
COc1ccc(CC2NCC(O)C2OC(C)=O)cc1,[ 0.5606458   0.42755172 -0.67474747 -0.87608266  0.03491979]
O=C(O)CCC(=O)c1ccc(-c2ccccc2)cc1,[-0.0344074  0.6522471 -0.6490769  0.6334845  0.6152699]
CCS(=O)CCSP(=O)(OC)OC,[ 0.2363644   0.95736194  0.43051395 -0.8016308   0.05174113]
O=C(OCCc1ccccc1)c1ccccc1,[ 0.5109848   0.39544302 -0.93098825 -0.19182827 -0.06343633]
O=C(CF)Nc1ccccc1,[-0.31507832  0.9015826  -0.7722759  -0.8372615  -0.37326616]
O=C1c2cccc(S(=O)(=O)O)c2C(=O)c2c1cccc2S(=O)(=O)O,[ 0.33249387  0.78545225 -0.71684283 -0.9471358   0.07677029]
Cc1c(OCC(F)(F)F)ccnc1CS(=O)c1nc2ccccc2[nH]1,[ 0.15362526  1.         -0.8013065  -0.7918625   0.04676205]
OC[C@@H]1CC[C@H](n2cnc3c(O)ncnc32)O1,[ 0.5564721   0.8092639  -0.03388565 -0.17018808 -0.7136486 ]
Cc1ccc2c(c1)c(-c1ccnc3c(C)cccc13)c(C)n2CC(=O)O,[ 0.02070725  0.8078063  -0.8516446  -0.71859634 -0.49567723]
CC[C@H](C)[C@H](NC(=O)[C@H](CCC(=O)[O-])NC(=O)[C@H](CCC(=O)[O-])NC(=O)[C@H](Cc1ccccc1)NC(=O)[C@H](CC(=O)[O-])NC(=O)CNC(=O)[C@H](CC(N)=O)NC(=O)CNC(=O)CNC(=O)CNC(=O)CNC(=O)[C@@H]1CCCN1C(=O)[C@H](CCCNC(N)=[NH2+])NC(=O)[C@@H]1CCCN1C(=O)[C@H]([NH3+])Cc1ccccc1)C(=O)N1CCC[C@H]1C(=O)N[C@@H](CCC(=O)[O-])C(=O)N[C@@H](CCC(=O)[O-])C(=O)N[C@@H](Cc1ccc(O)cc1)C(=O)N[C@@H](CC(C)C)C(=O)[O-],[ 0.01047091  0.255189   -0.43519428 -0.59606665 -0.00154358]
CC1CCC(C(C)C)C(O)C1,[-0.12774414  0.8418682  -0.84103054 -0.78120446  0.14215168]
CC1(C)CC(NC2CC(C)(C)NC(C)(C)C2)CC(C)(C)N1,[ 0.49289173  0.92708236 -0.17580205 -0.8395306  -0.2779992 ]
Cc1cc([N-]S(=O)(=O)c2ccc(N)cc2)no1,[ 0.11122978  0.7969085  -1.         -0.4816682   0.21450862]
Cc1cc(Nc2nc(N[C@@H](C)c3ccc(F)cn3)c(C#N)cc2Cl)n[nH]1,[ 0.6325035   0.74451816 -1.         -0.56219    -0.21201879]
CCC(C(=O)N1CCCCC1C(=O)OC(CCc1ccc(OC)c(OC)c1)c1cccc(OCC(=O)NCCNC(=O)COc2cccc(C(CCc3ccc(OC)c(OC)c3)OC(=O)C3CCCCN3C(=O)C(CC)c3cc(OC)c(OC)c(OC)c3)c2)c1)c1cc(OC)c(OC)c(OC)c1,[ 0.36682075  0.8413422  -0.23829733  0.37985015  0.07453527]
CCCCCCCCc1ccccc1O,[ 0.15503177  0.9168663  -0.6756211  -1.          0.19378161]
CC(=O)Nc1ccc(CNc2[nH]nc3ccnc(Oc4ccccc4)c23)cc1,[ 0.2962251   0.71900284 -0.7467369  -0.69300026 -0.23025435]
O=[N+]([O-])c1cc2[nH]c(C(F)(F)F)nc2cc1Cl,[ 0.63210195  0.7757756  -0.97731787 -0.65683144 -0.48622587]
C[NH+](C)CCC(c1ccc(Cl)cc1)c1ccccn1,[ 0.41954836  0.87747985 -1.         -0.7496247  -0.05971629]
CCOC(C1=NCCCN1)c1c(Cl)cccc1Cl,[ 0.5589474   0.7817445  -0.9799203  -0.6555788  -0.05623153]
O=C(CSc1nc2c(c(=O)n1-c1ccccc1)SCC2)Nc1ncc(-c2ccccc2)s1,[ 0.06621142  0.8129025  -0.7455858  -0.5662972  -0.34895864]
COC(=O)c1ccccc1,[ 0.43585634  0.97273487 -0.596726   -0.9998033   0.00963036]
Cc1ccsc1C(=CCC[NH+]1CCCC(C(=O)[O-])C1)c1sccc1C,[ 0.11802563  0.72147125 -0.5231437  -0.78859663 -0.33925214]
OC1(c2ccc(Cl)c(C(F)(F)F)c2)CCN(CCCC(c2ccc(F)cc2)c2ccc(F)cc2)CC1,[-0.28057212 -0.27373582 -0.646686   -0.6218458   0.17255844]
N#Cc1cccc(C#N)c1,[-0.11656737  0.9796552  -0.32758355 -0.7668017  -0.06579537]
CCOP(=S)(OCC)OC(C)CC,[-0.740023    0.18133822 -0.22391443 -0.659189   -0.09197793]
CCNc1nc(NCC)nc(OC)n1,[ 0.2738472   0.6858018  -0.6455197  -0.88874376 -0.17470005]
CCC(CC)n1nc(C)c(C(=O)N[C@@H](C)C(C)(C)C)c1NS(=O)(=O)c1ccc(C)cc1,[ 0.06583411  0.4400482  -0.13914086 -0.9245831  -0.32565272]
CO/N=C(/C(=O)NC1C(=O)N2C(C(=O)[O-])=C(C[N+]34CCC(C(N)=O)(CC3)CC4)CSC12)c1nsc(N)n1,[ 0.05993831  0.8085949  -0.73649156 -0.8696047   0.22945221]
O=[N+]([O-])c1ccc(O)c(CNCCO)c1,[ 0.49489254  0.77391887 -0.916529   -0.4746487   0.23870692]
C[C@@H]1NC(=O)[C@@H](C)N(C)C(=O)[C@H](C)N(C)C(=O)[C@@H](C)N(C)C(=O)[C@@H](C)N(C)C(=O)[C@H](C)NC1=O,[ 0.11354052  1.         -0.6348515  -0.84122264  0.10957473]
Cc1cc(Cl)ccc1OCCCC(=O)O,[ 0.3432166   0.86120236 -0.8450704  -0.78968936 -0.26171336]
C=C(Cl)C(Cl)CCl,[ 0.04824593  0.29662284  0.14105058 -0.37103003 -0.06743227]
FC(F)(F)c1nc2cc(Br)c(Cl)cc2[nH]1,[ 0.0317192   0.9297773  -0.76075035 -0.33431217  0.3215114 ]
S=C1NCCNC(=S)S1,[ 0.04893289  0.34615466 -0.6993182  -0.7632137  -0.29330182]
Cc1ccc(C(=O)c2ccc(CC(=O)NCC(=O)Nc3cccc(C)c3C)n2C)cc1,[ 0.27373883  0.8175475  -0.41118172 -0.05662319  0.06490429]
Cc1ccc2c(c1)c(-c1ccnc3cc(Cl)ccc13)c(C)n2CC(=O)O,[-0.08891191  0.40901762  0.3281334  -0.838528    0.15470238]
CCOc1nc(C(Cl)(Cl)Cl)ns1,[ 0.4734042   0.80216885 -0.749929   -0.08343764  0.02373148]
C=COC(=O)C=CC,[-0.29768527  0.96140766 -0.50218534 -0.96875346 -0.14486992]
COc1ccccc1Oc1c([N-]S(=O)(=O)c2ccc(C(C)C)cn2)nc(-c2ccnc(-c3nnn[n-]3)c2)nc1OCCO,[ 0.22949244 -0.35103747  0.4502894  -0.7600569  -0.34344012]
O=C(CCCCCCC(=O)Nc1ccccc1)NO,[-0.07261619  0.55124956 -0.8796107  -1.         -0.22323442]
CC(C)=CCN1CCC2(C)c3cc(O)ccc3CC1C2C,[ 0.21948591  0.99127805 -0.86961836 -0.8208656   0.16297351]
C1CCC2CCCCC2C1,[ 0.8676548   0.5360357  -0.66752785 -0.8175098  -0.05229872]
Nc1ccc(N)cc1,[ 0.3267689   0.4557323  -0.8224895  -0.7340559  -0.06846259]
CCc1cccc(CC)c1N,[ 0.01904679  0.62528574 -0.9300321  -0.7558831  -0.00202108]
COP(=S)(OC)SC(CBr)N1C(=O)c2ccccc2C1=O,[-0.07524125  0.9421887   0.09647346 -0.7247947   0.08498772]
O=C(O)CCC(=O)OC1CCCCC1,[-0.10253034  0.91030073 -0.59877026 -0.8313945  -0.5448077 ]
CCCCCCCCC1OC1CCCCCCCC(=O)OCC1(CC)OC1CCC,[ 0.00147385 -0.7161612  -0.68397194 -0.40768522 -0.14729157]
Nc1ncc2cc(-c3c(Br)cccc3Br)c(N)nc2n1,[-0.243872    0.91365564 -0.7165865  -0.32981962 -0.3094471 ]
C=COC(=O)CCCCC(=O)OC,[ 0.2201594  -0.1904965  -1.         -0.30694062  1.        ]
COC(C)CC(=O)O,[ 0.04324633  0.8051498  -0.78338486 -0.7210108  -0.43979746]
CCCCC(CC)COCCC#N,[ 0.05441616  0.902254   -0.2407556  -0.65675455 -0.09559702]
Cc1cn([C@H]2CCCN(S(=O)(=O)c3ccc(C#N)c(Oc4cccc(Cl)c4)c3)C2)c(=O)[nH]c1=O,[ 0.3515121   0.577829    0.36680695 -0.52907175 -0.28898874]
C=CN(CC)C(C)=O,[-0.15034258  0.9676503  -0.66294086 -0.64480454 -0.22884832]
C1CSCCO1,[ 0.3186143   0.42479607 -0.7083407  -0.12278844 -0.06411979]
CCOP(=S)(OCC)SCC(=O)N(CCC#N)c1ccccc1,[ 0.3301734   1.         -0.78242004 -0.8929577   0.42254335]
CCOCCCO,[-0.08559562  0.14912453 -0.53115743 -0.7668877  -0.29830134]
N#CCCOCCC#N,[-0.23024064  1.         -0.9934858  -0.96629024 -0.26621136]
O=C(OCC(COC(=O)c1ccccc1)(COC(=O)c1ccccc1)COC(=O)c1ccccc1)c1ccccc1,[ 0.05788704 -0.46642157 -0.6812984  -0.60385656 -0.23226629]
CCOP(=S)(OCC)Oc1cccc(F)n1,[ 0.32742432  0.7660636  -1.         -1.          0.6647089 ]
CCCOCCN(C(=O)CCl)c1c(CC)cccc1CC,[ 0.1859324   0.40816143 -0.7056496  -0.61638564 -0.31148192]
CCCCCCCCCCCCNC(N)=S,[-0.11222276  1.         -0.838761    0.02277708 -0.17671028]
COc1cc2c(cc1OC)C(CCc1ccc(Cl)cc1)N(C)CC2,[ 0.01489135  0.80955625  0.4569681  -0.3886049   0.1984806 ]
C=C[Si](OC)(OC)OC,[ 0.45550102  0.79405844 -0.93354887 -0.8889493   0.1413701 ]
CP(=S)(Oc1ccccc1)Oc1ccc(C#N)cc1,[ 0.48471522  0.65405005 -0.6742147   0.2575274  -0.5422127 ]
CCC(C)N(C)C(=O)c1cc2ccccc2c(-c2ccccc2Cl)n1,[ 0.5682867   0.87096435 -0.8434309  -0.96755344 -0.37755764]
Brc1ccc2[nH]cc(CC3CCNCC3)c2c1,[ 0.06653224  0.8992336  -0.56888336 -0.8892913  -0.00901291]
CCC[C@H](NC(=O)[C@@H]1[C@H]2CCC[C@H]2CN1C(=O)[C@@H](NC(=O)[C@@H](NC(=O)c1cnccn1)C1CCCCC1)C(C)(C)C)C(=O)C(=O)NC1CC1,[ 0.3751359   0.45584315 -0.81107056 -0.95236516 -0.14375974]
Clc1nc(Cl)nc(Cl)n1,[-0.16934595  0.01624434 -1.         -0.6568265   0.46914476]
C=CCNC(=O)C(=O)C(CCC)NC(=O)C1CC2CN1C(=O)C(C1CCCCC1)NC(=O)Cc1cccc(c1)OCCC(C)(C)O2,[ 0.29835168  0.8601014  -0.88451177 -0.54068273 -0.65542185]
O=C(CN1CCNCC1)NN=Cc1ccc([N+](=O)[O-])o1,[-0.34993508  0.5508002  -0.80840755 -0.80189234  0.2739154 ]
Oc1cc(Cl)c(Cl)c(Cl)c1Cl,[-0.11962129  0.30068576 -0.80342865  0.10941573  0.00372973]
C=CC(C)CCCC(C)(C)O,[ 0.23844776  0.62287414 -0.6923088  -0.52782255 -0.2178108 ]
Cc1cnc(NC(=O)C2=C(O)c3ccccc3S(=O)(=O)N2C)s1,[ 0.10855868  0.5648456  -0.8329039  -0.7843947  -0.44785026]
CON=C(Cc1cccnc1)c1ccc(Cl)cc1Cl,[-0.25632176  0.5948546  -0.7762557  -0.620487    0.58580863]
CC(C)c1cccc(C(C)C)c1O,[ 0.53188175 -0.39339542  0.00201629 -0.5021378   0.2144825 ]
CCCCCC(O)C=CC1C(O)CC(O)C1CC=CCCCC(=O)O,[ 0.23467739 -0.47366685 -0.863706   -0.2668234   0.6794058 ]
FC(F)(F)c1nc2c(Br)cc(Br)cc2[nH]1,[ 0.30783775  0.87432593 -0.8045278  -0.62054324 -0.46869275]
FC(F)=C(F)CCSc1ncccn1,[-0.10454918  0.65820336 -0.9303182  -0.7873798  -0.17958662]
COc1cc2ncc(C(N)=O)c(Nc3ccc(C)cc3F)c2cc1OC,[-0.08132609  0.66420794 -0.72245604 -0.6878463   0.02878341]
CCOC(=O)c1ccc(C#Cc2ccc3c(c2)C(C)(C)CCS3)nc1,[-0.1550943  -0.18147577 -0.36395267 -0.21080977 -0.36993513]
SCCc1cnccn1,[ 0.5110304   0.571931   -0.8323369   0.11522643  0.32535163]
CC(C)[C@H](C(=O)Nc1nccs1)c1ccc(Cl)cc1,[ 0.53659886  0.4835254  -0.664039   -0.7657884   0.35047472]
CCOC(=O)C=Cc1ccc2c(c1)OCO2,[ 0.23250814  0.7753503  -0.9613621  -0.8708504  -0.1778567 ]
O=C(Oc1ccccc1)c1ccccc1C(=O)Oc1ccccc1,[ 0.2265213   0.43116263 -0.8990571  -0.6134189  -0.02592354]
C=COC(=O)CCCCCCC,[-0.684479    0.6713826  -0.7265778  -0.51104003 -0.2548385 ]
NC(=O)CF,[ 0.01954957  0.7476815  -1.         -0.6485865   0.60416317]
CC12CCC3c4ccc(O)cc4CC(CCCCCCCCCS(=O)CCCC(F)(F)C(F)(F)F)C3C1CCC2O,[ 0.29367146  0.34449026 -0.635307    0.5352148   0.18968269]
Cc1c(CN2CCOC(c3ccccc3)C2C)c(=O)n(-c2ccccc2)n1C,[ 0.41798434  0.6001812  -0.9861018  -0.7117737  -0.32419103]
CN1C(=O)CN=C(c2ccccc2F)c2cc(Cl)ccc21,[ 0.52616334  0.636352   -0.8911317   0.6309211   0.52056134]
O=C1CC2(CCCC2)CC(=O)N1CCCCN1CCN(c2ncccn2)CC1,[-0.2556898   0.68122965 -0.7694686  -0.70140874  0.36687165]
CCCCSCCCC,[ 0.5723998   0.8494088  -0.7378756  -0.86112756  0.28119957]
Cc1ccc(S(=O)(=O)N(C)C(=O)N2CCC(N3CCC(Oc4ccc(Cl)c(Cl)c4)CC3)CC2)cc1,[-0.11322403 -0.652402   -0.8059742  -0.6018004  -0.03002262]
c1ccc2sc(SNC3CCCCC3)nc2c1,[ 0.36936387  0.76361537 -1.         -0.4092475  -0.28021514]
NNC(=O)c1ccncc1,[-0.5106701   0.76011264 -0.88124967 -0.66784585 -0.28533822]
OCCOCCN1CCN(C(c2ccccc2)c2ccccc2)CC1,[-0.1012363  -0.11985181 -0.37832958 -0.19611861 -0.05372529]
CNC(=O)/C=C(/c1ccc2nc(N)n(S(=O)(=O)C(C)C)c2c1)c1ccccc1-c1cccc2ccccc12,[-0.18704292  0.78920525 -0.7334474  -0.81541353 -0.19209039]
C=CC(=O)OC1CC2CCC1C2,[-0.11502144  0.6778303  -0.7865772  -0.62400883 -0.10398724]
CC(C)(C)NC(=O)NCCN1CCCC(NC(=O)c2cc(Cl)cc(Cl)c2)C1,[ 0.5815961   0.51651233 -0.51597106 -0.7976545   0.45900714]
CNC(=O)c1cccc2c(Nc3ccc(NS(C)(=O)=O)cc3OC)c3cccc(C)c3nc12,[ 0.40588215  0.9669682  -0.8295967  -0.3094204   0.08414806]
CCN(CC)c1ccc2c(C)cc(=O)oc2c1,[ 0.51054853  0.25253767 -0.6682107  -0.7048307   0.64469904]
CNC(=O)Oc1cccc2c1OC(C)(C)O2,[ 0.05725615  0.8020131  -0.9754209  -0.85427755  0.21389039]
CNC(=O)Nc1nnc(C(C)(C)C)s1,[-0.5144003  -0.49003887 -0.63868314 -0.54435354 -0.23483914]
CCC1(CC)Oc2cccc(OC(=O)N(C)C(C)=O)c2O1,[ 0.43131083  0.9341836  -1.         -0.9350338   0.48284233]
COCCNC(=O)c1ccc(Nc2ncc3cc(-c4ccncc4)ccc3n2)cc1C,[ 0.13151164 -0.39222085 -1.         -0.5304719   0.5064645 ]
Cc1ccccc1COC1CC2(C(C)C)CCC1(C)O2,[-0.29247376 -0.1203013  -0.9896174  -0.47713324 -0.09027132]
CC(=O)OCc1ccc(C(C)C)cc1,[-0.02150032  0.97660524 -0.8312093  -1.         -0.08690761]
Cc1ccc([N+](=O)[O-])cc1,[ 0.5496263   0.4649006  -0.84893626 -0.64328605  0.01603688]
Cc1ccc(NC(=O)c2ccc(Cl)c(C(F)(F)F)c2)cc1C(=O)Nc1cccnc1,[ 0.6091198   0.6070534  -0.8922137  -0.7619891   0.25543532]
CCCCN1C(=O)c2cccc([N+](=O)[O-])c2C1=O,[ 0.27346548  0.57249737 -0.5554526  -0.6835131   0.48547888]
CCCCCCCCCCOC(=O)Cc1ccc(N(CCCl)CCCl)cc1,[ 0.20411432 -0.32003045 -0.67416644  0.29118553  0.23406905]
CCCOP(=O)(OC=C(Cl)Cl)OCCCl,[ 0.09263963  0.8273999  -0.97224593 -0.8515416  -0.29165345]
C=C(C)C1CC=C(C)C(O)C1,[-0.07385255  1.         -0.40261424 -1.          0.33238614]
O=S1(=O)CCN(c2ccccc2)CC1,[ 0.30037084  0.9083829  -0.7383343  -0.8969926  -0.50762683]
CC=CC=CC=O,[ 0.3077036  -0.15706652 -0.02615985 -0.33144704 -0.15101103]
NCCCCN,[ 0.20849323  0.81055737  0.23967876 -0.5181853  -0.36015397]
CC(=O)SCC(=O)Nc1nc2ccccc2s1,[ 0.3929741   0.80535823 -0.48114607 -0.95237696 -0.17286605]
O=C(CCc1ccccc1)OC1=C(OC(=O)CCc2ccccc2)C(=O)OC1=O,[ 0.44176444  0.7585792  -0.77767336 -0.38198125  0.6038918 ]
COc1nc(C)nc(Cl)c1NC1=NCCN1,[ 0.10095956  0.8244583  -0.93263113 -0.54870915 -0.304841  ]
COP(=S)(Cl)OC,[ 0.44304493  0.81901604 -0.89351076 -0.42482042 -0.20966129]
Cc1cccc(N)c1C,[ 0.20110331  0.9024719  -0.8491388  -0.12926894 -0.05575915]
CC1=NN(c2ccccc2)C(=O)C1,[-0.6112762   0.9219776  -0.75975794 -1.         -0.32600948]
C[N+](C)(C)[NH2+]CCC(=O)[O-],[ 0.06706655  0.71176106 -1.         -1.          1.        ]
COc1ccc2c(O[C@@H]3C[C@H]4C(=O)N[C@]5(C(=O)NS(=O)(=O)C6CC6)C[C@H]5/C=C\CCCCN(C)C(=O)[C@@H]4C3)nc(-c3ccc(F)cc3)nc2c1C,[ 0.27378047  0.41304138 -0.65235865 -0.76302046  0.00230525]
O=[N+]([O-])c1cc(Cl)c(N=Nc2ccc(N3CCS(=O)(=O)CC3)cc2)c(Cl)c1,[ 0.01961073  0.5513844   0.217809   -0.45267707 -0.2672054 ]
CC(C)OCCCO,[ 0.5332555   0.820961   -0.34194976 -0.39575404 -0.17946468]
CC=Cc1ccc(OCc2ccccc2)c(OC)c1,[ 0.44599575  0.64255553 -0.8557582  -0.41020927 -0.45779902]
Cc1cc(Nc2cncc(N[C@@H](C)c3ccc(F)cn3)n2)n[nH]1,[-0.00778651 -0.47281948 -0.7174856  -0.55120987 -0.09685086]
C=CC(=O)OCCc1ccc(CC)cn1,[ 0.04277227  0.7726939  -0.75459766 -0.25283602  0.9320243 ]
COCC(=O)O[C@]1(CCN(C)CCCc2nc3ccccc3[nH]2)CCc2cc(F)ccc2[C@@H]1C(C)C,[-0.08288382  0.7015345   0.28203446  0.73762256  0.25241244]
C=CC(=O)N1CN(C(=O)C=C)CN(C(=O)C=C)C1,[ 0.2971079   0.9569672  -1.         -0.7125823  -0.61802936]
COC(=O)C(C)N(C(=O)Cc1ccccc1)c1c(C)cccc1C,[-0.08031694  0.21407154 -0.68248063 -0.80232716 -0.11203179]
CO[C@@H]1C=CO[C@@]2(C)Oc3c(C)c(O)c4c(c3C2=O)C(=O)/C(=C\NN2CCN(C)CC2)C(=C4O)NC(=O)C(C)=CC=C[C@@H](C)[C@H](O)[C@H](C)[C@H](O)[C@@H](C)[C@@H](OC(C)=O)[C@@H]1C,[ 0.64435285  0.90648276 -0.6264478  -1.          0.4417976 ]
c1cc(-c2ccc3nc(Nc4ccc(OCCN5CCCC5)cc4)ncc3c2)ccn1,[ 0.18797605  0.8760099   0.08031794 -0.7486387  -0.3950643 ]
C=CCn1c(N)cc(=O)n(CC)c1=O,[ 0.06339783 -0.21188402 -0.3507428  -0.71524477 -0.17760697]
CC1CCCCC1NC(=O)Nc1ccccc1,[ 0.29685804  0.5978433  -0.68402284 -0.9969201  -0.24297807]
S=c1[nH]cnc2nc[nH]c12,[-0.4022985   0.52599716 -0.87147915 -0.8371289  -0.32473993]
OCC(O)C(O)C(O)CO,[ 0.09429546  0.9671409  -0.62359095 -0.00789636  0.26117104]
N#Cc1cc(Br)c(O)c(Br)c1,[ 0.16715766  0.9432397  -0.56371707 -0.5056092   0.06576053]
CCOP(=O)(CC)SC,[ 0.11027512  0.8819041  -0.8190424  -0.9415424  -0.27231202]
CC(CO)Oc1ccccc1,[ 0.14929052  0.8888559  -0.79730743 -0.7573585  -0.43051592]
CC(C)CCOC(CO)CC(C)C,[ 0.17977653  0.3947669  -1.         -0.650997   -0.18380922]
O=c1[nH]cnc2c1ncn2[C@H]1CC[C@@H](CO)O1,[-0.14948995  1.         -0.7200282  -1.         -0.3735344 ]
CCC(=O)CC,[ 0.07853266  0.5552238  -0.852526   -0.6103855  -0.22275528]
Cc1ccc(Nc2ccc(Nc3ccc(C)cc3)c3c2C(=O)c2ccccc2C3=O)cc1,[ 0.46789318  0.3723245  -0.9789579  -0.86050826  0.57994   ]
Nc1ccc(O)c([N+](=O)[O-])c1,[-0.34801593 -0.6894483  -0.9526322  -0.681611   -0.15590367]
CCCCOP(=O)(OCCCC)Oc1ccccc1,[ 0.12212899  0.6669896  -0.77987003 -0.8638066  -0.4837198 ]
O=c1cc(-c2ccc(O)cc2)oc2cc([O-])c(C3OC(CO)C(O)C(O)C3O)c(O)c12,[ 0.15780367  0.79817194 -0.6083508  -0.71738225 -0.01438624]
CC1=C(CC(=O)O)c2cc(F)ccc2C1=Cc1ccc(S(C)=O)cc1,[ 0.49373785  1.         -0.74515736 -0.33975548 -0.34918836]
O=c1[nH]c(=O)c2ccccc2o1,[ 0.4089531   0.90603185 -0.62254673 -0.53984433 -0.14751998]
Cc1c(OC2CCN(CC3CCN([C@@H](Cc4ccc(F)cc4)C(=O)O)CC3)CC2)ccc(C#N)c1Cl,[-0.3323564   0.7392274   0.11835834 -0.37211382  0.651674  ]
C=CC(=O)OCC(CC)CCCC,[ 0.05009331  0.5136835  -0.8054573  -1.          0.49765512]
CC(C)(C)c1cc(O)ccc1O,[ 0.277822    0.6305908  -0.28740814  0.70642155  0.3908431 ]
CC(C)=CCl,[-0.16347887  0.6245     -0.83860433 -0.6324855   0.4365966 ]
CC(Cl)(Cl)[N+](=O)[O-],[-0.3666287   0.8932476  -0.6911975  -0.6241987  -0.40388525]
O=c1c2nocc2c(-c2ccccc2)nn1-c1ccccc1,[-0.48334306  0.7044565  -0.14942984 -0.94738305  0.1180234 ]
O=C(O)COc1ccc(Cl)cc1CN1CCN(S(=O)(=O)Cc2ccccc2)CC1,[ 0.26286927  0.7858783  -0.73839766 -0.37614885 -0.0637278 ]
CCCCC(CC)COCCO,[ 0.02670244  0.69942796 -0.85992783 -0.562134    0.15995534]
C[C@@H]1NC(=O)[C@H](C)N(C)C(=O)[C@@H](C)NC(=O)[C@H](C)N(C)C(=O)[C@@H](C)N(C)C(=O)[C@@H](C)NC1=O,[-0.24567118  0.47776574 -0.8075142  -1.         -0.50333095]
[O-][n+]1onc2c1c1no[n+]([O-])c1c1no[n+]([O-])c21,[ 0.43522236  0.6267292  -0.67348087 -0.74718344 -0.23244675]
O=C(Nc1ccc(Br)cc1)c1cc(Br)cc(Br)c1O,[ 0.69433373 -0.6751536  -0.40417424 -0.7727841  -0.46136463]
O=C1c2ccccc2N(C(=O)CN2CCOCC2)CN1c1ccccc1,[ 0.6568436   0.7506845  -0.9762597  -0.21764073 -0.15565346]
CCCCC(CC)CNCC(C)(N)CN(C)CC(CC)CCCC,[ 0.46831447 -0.04164543 -0.9702306   0.3361203  -0.08750686]
CNCC(O)c1cccc(O)c1,[-0.4570577   0.71395975  0.16950172 -0.78849125 -0.31402257]
CCN(CCO)c1cccc(C)c1,[ 0.13670897  0.9215576  -0.7415773  -0.16330156  0.14796908]
CCOc1ccccc1C(=O)NN=C(C)C(=O)O,[-0.04984702  0.91508824 -0.8945792  -0.6403084  -0.2901142 ]
ClCC1CO1,[ 0.40606886  0.57344645 -0.64386916 -0.8293616  -0.2599638 ]
Cc1c(Cl)c([N+](=O)[O-])c2[nH]c(C(F)(F)F)nc2c1[N+](=O)[O-],[ 0.20183422  0.6270594  -0.35936177 -0.832114    0.00500709]
COc1ccc2ccc(=O)n(CCN3CCC(NCc4cc5c(cn4)OCCO5)CC3)c2n1,[-0.03395667  0.6896641  -0.66406316 -0.75021774  0.06686012]
Clc1cc(Cl)c2nsnc2c1Cl,[-0.69462425  0.907935   -1.         -0.7233831  -0.45993063]
CCN(CCO)C(=O)c1oc2cccnc2c1-c1cccc(C(F)(F)F)c1,[ 0.04189461  0.44586092  0.07484014 -0.45416796  0.04177532]
CN(C)S(=O)(=O)N(SC(F)(Cl)Cl)c1ccccc1,[ 0.36598212 -0.9429643  -0.86994976 -0.22249524  0.18962878]
CON=C(C(=O)NC1C(=O)N2C(C(=O)O)=C(COC(N)=O)CSC12)c1ccco1,[-0.19993469 -0.74873465 -0.80154204 -1.         -0.1563518 ]
Clc1cc(Cl)cc(Cl)c1,[ 0.64690894 -0.37473366 -0.36627764 -0.5936247   0.7088841 ]
CCC(C)c1ccc(Oc2ccc(C)cc2CC(=O)O)c(Cl)c1,[ 0.33012483  0.9720705  -0.86953133 -0.538934   -0.08760721]
CC1CC(=O)CC(C)O1,[ 0.29168323 -0.43433818 -0.8426257  -0.7840475  -0.31630072]
SCc1ccccc1,[ 0.10613421  0.64807206 -1.         -1.          0.5627642 ]
CC=CC(C)=O,[ 0.5161773   0.99736357 -0.64257795 -0.6574299   0.65635896]
CCOP(=S)(OCC)OC(=CCl)c1ccc(Cl)cc1Cl,[-0.05214938 -0.26409537 -0.8412384   0.40958238  0.7866449 ]
COP(=S)(OC)SCc1nnc(C(C)C)o1,[ 0.08356554  0.73890996 -0.69240016 -0.8274244   0.31121686]
CCC(=O)OCc1ccc(OC)cc1,[ 0.37874013  0.4267998  -0.45452625 -0.91680986  0.2108669 ]
CSC(C)=NOC(=O)N(C)SN(C)C(=O)Oc1ccc(OC(=O)N(C)SN(C)C(=O)ON=C(C)SC)cc1,[ 0.17907265  1.         -0.8676082  -1.         -0.37778682]
NC(=O)Nc1cccc2c3c([nH]c12)CCCC3,[ 0.42754248  0.41392943 -0.76955503 -0.07545591  0.08705443]
Cc1ccc(C(=O)N(CCCN)[C@@H](c2nc3cc(Cl)ccc3c(=O)n2Cc2ccccc2)C(C)C)cc1,[ 0.36977392  0.51632947  0.44742766 -0.3699929  -0.3107589 ]
CN(CCOc1ccc(CC2SC(=O)NC2=O)cc1)c1ccccn1,[-0.18648697  0.81235087  0.48954967 -0.6805201  -0.33636764]
O=P(OCCCl)(OCCCl)OC1CC(C(Br)CBr)CCC1Cl,[ 0.2517777   0.6305061  -0.9697807  -0.9648281  -0.04854175]
NCCCNCCSP(=O)(O)O,[ 0.59950024  0.24012043 -1.         -0.6445918  -0.18759516]
C[C@@](N)(Cc1ccc(O)c(O)c1)C(=O)O,[ 0.26717353  0.7126154  -0.44909495 -0.7722488  -0.23680955]
Cc1cccc(C)c1CCNC(N)=O,[-0.1660687   0.79346436 -0.70549625 -0.9337227   0.6053316 ]
CCNC(=O)ON=C1SCOC1C,[ 0.03656222  0.77779675 -0.30127096 -0.8116212  -0.411957  ]
O=C(Nc1cccc(Cl)c1)Nc1nnc(-c2ccncc2)s1,[ 0.26859078  0.8268795  -0.7469635  -0.6510071   0.27553552]
O=P([O-])([O-])C(Cl)(Cl)P(=O)([O-])O,[ 0.56683385  0.8570957  -0.8010633  -0.79063606 -0.18768735]
O=C(Cc1cccs1)N[C@@H]1C(=O)N2C(C(=O)[O-])=C(C[n+]3ccccc3)CS[C@H]12,[ 0.5979932   0.86265546 -0.81759495 -0.5457874   0.07267915]
CSCCC([NH3+])C(=O)NC1(C(=O)[O-])CS(=O)(=O)C2C(C(=O)[O-])C21,[-0.41624436  0.6811938  -0.15727215 -0.8392873  -0.01583594]
CN(C)N(C)N=O,[-0.1360807   1.         -0.90660393 -0.8717422   0.69794214]
Cc1c(OCC(F)(F)F)ccnc1C[S+]([O-])c1nc2ccccc2[nH]1,[ 0.5014023   0.764486   -0.48703033 -0.8776016   0.07706408]
CCC(CC)(C(=O)O)c1cccc2ccccc12,[-0.21914104  0.63075006 -0.6207184  -0.8534424  -0.008289  ]
CN(C)c1ccc(O)c2c1CC1CC3C([NH+](C)C)C([O-])=C(C(N)=O)C(=O)C3(O)C(O)=C1C2=O,[ 0.30505753  0.99679404 -1.         -0.95580876  0.6625157 ]
COc1cc2ncc(C(N)=O)c(Nc3ccc(F)cc3F)c2cc1NCCN1CCCCC1,[-0.11781643  0.865617   -0.7575777  -0.61933297  0.24745771]
CC(C)=CC1C(C(=O)OC(C#N)c2cccc(Oc3ccccc3)c2)C1(C)C,[ 0.67486423  0.5283217  -0.7518077  -0.5273667   0.57134783]
O=C(NCC12CC3CC(CC(C3)C1)C2)c1cc(-n2ncc(=O)[nH]c2=O)ccc1Cl,[ 0.27608326  0.53551877 -0.7549828  -0.49929854 -0.64891964]
COc1c(Cl)ccc(Cl)c1C(=O)OCCN(CCOC(=O)c1c(Cl)ccc(Cl)c1OC)c1ccccc1,[ 0.20850274 -0.5753161  -0.6878046  -0.7030654   0.45405427]
CCC(c1ccccc1)c1c(O)c2ccccc2oc1=O,[ 0.22049007  0.88890636 -0.84303033 -0.8749987  -0.33176747]
CCC(=O)NC[C@H]1CN(c2ccc(-c3nncs3)c(F)c2)C(=O)O1,[-0.311486    0.7881012  -0.9104134  -0.6163745   0.18440525]
Cc1onc2c(=O)[nH]nc(-c3ccccc3)c12,[ 0.30793402  0.5580193  -0.8328705  -0.59187156  0.7136693 ]
CN(CC=CC#CC(C)(C)C)Cc1cccc2ccccc12,[ 0.17494696  0.98432195 -0.90359175 -0.73972946 -0.21332148]
COP(=S)(OC)Oc1cnc2ccccc2n1,[ 0.5892409   0.80060154 -0.7795751  -0.5751434   0.24983525]
NCC1CCC=CO1,[-0.03013389  0.38322878 -0.78086746 -0.75752443  0.2060643 ]
N=C(N)Nc1nc(CSCCC(=N)NS(N)(=O)=O)cs1,[ 0.21787181  0.7499703  -0.73569566 -0.5928105   0.00272951]
CCOc1cc(OCC)c(C(=O)CCC(=O)O)cc1OCC,[ 0.31005424  0.95277905 -0.87267363 -0.8085237  -0.3856756 ]
COP(=S)(OC)SCSCC=C(Cl)Cl,[ 0.16536663  0.7801613  -0.05101423 -0.53933144  0.06949583]
CC(N)C(O)c1cccc(O)c1,[ 0.33047387  0.7964647  -0.7994952  -0.6068118  -0.0120534 ]
CCCC(=O)c1ccc(N)cc1,[ 0.36347347  0.7755709  -1.         -0.7848049  -0.54100937]
CC(=O)OC(C)OC(=O)C(C)c1ccc(-c2ccccc2)c(F)c1,[ 0.34154028  0.8184188  -0.8465343  -0.8440164   0.8070131 ]
CCCSP(C)(=S)SC(CC(=O)OCC)C(=O)OCC,[-0.2772509   0.91499144 -0.5299254  -0.82692105  0.10932399]
CC(=O)OO,[-0.14972639  0.85997295 -0.39097583 -0.870591    0.02548051]
N#CC1CC2CC2N1C(=O)C(N)C12CC3CC(CC(O)(C3)C1)C2,[ 0.4566328   0.92552745 -0.5595475  -0.6530397  -0.08111538]
Nc1c(Cl)c(Cl)c2[nH]c(C(F)(F)F)nc2c1Cl,[-0.57245183  0.9168645  -0.6614551  -1.         -0.6089404 ]
C1=CC2C3C=CC(C3)C2C1,[ 0.18039419  0.8144717  -0.39148143 -0.8630803  -0.50757664]
O=C(O)COc1ccccc1,[ 0.11638846  0.62940234 -1.         -0.3907082  -0.3512951 ]
COc1cnc(-c2ccccc2C(F)(F)CNC(=O)c2ccc(COCC(F)(F)F)nc2)cn1,[-0.2103384   0.49262798 -0.55398124 -0.9888654   0.22853161]
C=C(C)c1ccc(C(C)(C)N=C=O)cc1,[ 0.18808222  0.82509553 -1.         -0.88107246  0.75129265]
C[C@@H](O)[C@H]1C(=O)N2C(C(=O)O)=C(SCCNC=N)C[C@H]12,[ 0.5286804  -0.17490223 -0.4907835  -0.4781416  -0.29368687]
CCOC(=O)C(CCc1ccccc1)NC1CCc2ccccc2N(CC(=O)O)C1=O,[-0.19770053  0.5898851  -0.7113331  -0.74885094 -0.22023919]
Cc1cc(Nc2nc(N[C@@H](C)c3ccc(F)cn3)c(C#N)nc2C)n[nH]1,[ 0.14710817  0.39859483 -1.         -0.38083482  0.3748885 ]
CC(C)(C(=O)O)S(C)(=O)=O,[ 0.41311023  0.8271366  -0.7060625   0.17352495 -0.5247871 ]
Nc1cccc(N)c1,[ 0.07339218  1.         -0.00939894 -0.6762752  -0.03523829]
CCC(C)C(=O)OC1CCC2(C)C3CC(O)C4C5(O)C(CC42OC13O)C1CN2CC(C)CCC2C(C)(O)C1C(O)C5OC(=O)C(C)(O)CC,[-0.03972694  1.         -0.32574868 -1.         -0.306573  ]
CN(CC#N)N=O,[-0.02782452  0.7700617  -0.8559998  -0.8452133   0.646474  ]
CC(=O)N(C)c1ccc2ccn(-c3cc(NC4CC4)n4ncc(C#N)c4n3)c2c1,[-0.02940927  0.43845809 -0.6658343  -0.6885962  -0.14431652]
C[N+](C)(C)CC(O)CC(=O)[O-],[ 0.03954523  0.5977133  -0.6822884  -0.6562447  -0.15838104]
CCC(CC)C(=O)OCCOCCOCCOC(=O)C(CC)CC,[ 0.3209525   0.46037874 -0.48072338 -0.0748377  -0.4949369 ]
Cc1cnc(-c2cc(NC(=O)c3ccc(C(F)(F)F)nc3C)ccc2Cl)[nH]1,[ 0.2333625   0.5147585  -0.88939166 -0.6724249   0.17642412]
C=C(C)C(=O)OCCC[Si](OC)(OC)OC,[ 0.1147308   0.9273761  -0.982282   -0.88362944  0.20113832]
ClCc1ccccc1,[ 0.6008218   0.75146544 -0.388642   -0.78480697 -0.10393691]
COc1cc(OC)c(S(=O)(=O)NCc2ccccc2N2CCC(COC(=O)CCC(=O)O)CC2)cc1NC(=O)CCC(=O)O,[-0.17375542  0.7949544  -0.94550306 -0.87015754 -0.4627    ]
CC(C)OC(=O)C(C(=O)OC(C)C)=C1SCCS1,[ 0.09374004  0.6747173  -0.9007459   0.2144808  -0.3945056 ]
COc1cccc(OC)c1O,[-0.5401162  -0.01284956 -0.7790217  -0.7612456  -0.09226345]
CC(C)CCCC1CCC(C)(C(=O)NCC(=O)O)CC1,[ 0.59224993  0.40331715 -0.40491688 -0.7316171  -0.27735472]
C#CC1(O)CCC2C3CCC4=CC(=O)CCC4C3C(=C)CC21CC,[ 0.21563058  1.         -1.         -0.7602061  -0.04304371]
O=C(Cl)C=CC(=O)Cl,[ 0.325732    0.7262883  -1.         -0.08174612 -0.18961084]
C=CC(=O)OCCCCCCOC(=O)C=C,[ 0.46596703  0.6006999  -0.5117764  -0.8265449  -0.2645466 ]
O=NN1CCCCC1,[-0.39471906  0.92780817 -0.81460863 -0.9166984   0.45168242]
O=C(OCC=Cc1ccccc1)c1ccccc1,[ 0.13421962  0.6669623  -0.9795001  -0.9294688  -0.24505141]
CCOP(=O)(NC(C)C)SCC(=O)NCOC,[ 0.3923671  0.5815793 -0.6895657 -0.709515  -0.1595408]
C1COCCOCCNCCOCCOCCN1,[ 0.41397563  0.5981387  -0.7264566  -0.7852458   0.21431749]
C=CC[N+]1([C@H]2C[C@H]3[C@@H]4CC[C@H]5C[C@H](O)[C@@H](N6CCOCC6)C[C@]5(C)[C@H]4CC[C@]3(C)[C@H]2OC(C)=O)CCCC1,[ 0.14185846  0.84787005  0.859395   -0.55462927 -0.30129957]
CN(C)C(=O)Oc1cccc2sccc12,[ 0.34684506 -0.28956744 -0.54581684 -0.67540777 -0.12044053]
COP(=O)(OC)SC(CC(=O)OC(C)C)C(=O)OC(C)C,[ 0.3295588   0.97714067 -1.         -0.8514252   0.24367918]
O=C(O)CCCCCC(=O)O,[ 0.5972704   0.89161533 -0.391467    0.43584126  0.30300447]
CCCC1CC(C(=O)NC(C(C)Cl)C2OC(SC)C(O)C(O)C2O)[NH+](C)C1,[ 0.2082725   0.9493916  -0.88666785 -0.9788417   0.21320857]
CNC(=O)[C@@H]1Cc2cn(cn2)CC(=O)N2CCC[C@H]2C(=O)N[C@@H](C)C(=O)N1C,[ 0.11708358  0.7599291  -0.8545171  -0.78348863 -0.15462086]
CC(C)[N+](=O)[O-],[ 0.14514273  1.         -1.         -0.89473355 -0.30178234]
COCc1c(C(C)C)nc(C(C)C)c(/C=C/[C@@H](O)C[C@@H](O)CC(=O)O)c1-c1ccc(F)cc1,[ 0.6959693   0.45972005 -1.         -0.4866281   0.12728725]
Oc1c(O)c(-c2c(Cl)c(Cl)c(Cl)c(Cl)c2Cl)c(Cl)c(Cl)c1Cl,[ 0.08459661  0.7304666   1.         -0.22872445 -0.24104981]
CCCCC(=O)N(Cc1ccc(-c2ccccc2-c2nnn[n-]2)cc1)C(C(=O)[O-])C(C)C,[-0.18543065  0.38590413 -0.71349657 -0.7882418   0.03217737]
CCCN(CCC)CCCCCCCCNC(=O)Oc1ccc2c(c1)C1(C)CCN(C)C1N2C,[-0.49064225  0.80667454  0.1364825  -0.06472266 -0.4411779 ]
CC[C@@H]1OC(=O)[C@@H](C)[C@H](O[C@@H]2C[C@](C)(OC)[C@H](O)[C@@H](C)O2)[C@H](C)[C@H](O[C@@H]2O[C@H](C)C[C@H](N(C)C)[C@H]2O)[C@@](C)(O)C[C@@H](C)/C(=N\OCOCCOC)[C@H](C)[C@@H](O)[C@@]1(C)O,[-0.08610728  0.6137805  -0.52355224  0.5204493   0.01017035]
CC(=O)O[C@H]1C[C@@H]2CC[C@@H]3[C@H](CC[C@@]4(C)[C@H]3C[C@H]([N+]3(C)CCCCC3)[C@@H]4OC(C)=O)[C@@]2(C)C[C@@H]1N1CCCCC1.[Br-],[-0.63200116  0.8069806  -0.86554146 -1.          0.32793555]
CO[Si](CCCOCC1CO1)(OC)OC,[-0.3349349   0.8563663  -0.7752963  -0.71747595 -0.24546331]
Cc1ccc(N=C=O)cc1N=C=O,[ 0.06084648  0.5859934  -0.6491528  -0.6982668  -0.35549006]
CN(C)CCCC1c2ccccc2Nc2ccc(Cl)cc21,[ 0.03040996  0.83986574 -0.7191043  -0.8942197  -0.13894373]
CCOC(=O)c1c(C)cc2c(CO)n[nH]c(=O)c2c1C,[ 0.3063882   0.27397364 -0.7120531  -1.          0.04504919]
CCCSP(=S)(OC)SCCC,[ 0.5878825   0.86720234 -1.         -0.40292516  0.11667529]
COc1cc2nc(N3CCN(C(=O)C4COc5ccccc5O4)CC3)nc(N)c2cc1OC,[ 0.09248168  0.77841306 -0.49345914 -0.44610658 -0.6046657 ]
CCCC(=O)OC1(C(=O)COC(=O)CC)CCC2C3CCC4=CC(=O)CCC4(C)C3C(O)CC21C,[-0.06737342  0.70142543 -0.9413197  -0.90284675  0.27787703]
COCCOCCOC(C)=O,[ 0.6245428   0.94321424 -0.31996188 -0.5343558   0.0933005 ]
CN(C)c1ccc(N=Nc2ccccc2)cc1,[ 0.33977312  0.7455759  -0.36741778 -0.49563095  0.33637235]
O=CC1=CCCCC1,[ 0.4234309   0.7575455   0.02472246  0.21218653 -0.13898583]
OCc1cc(C(O)C[NH2+]CCCCCCOCCOCc2c(Cl)cccc2Cl)ccc1O,[ 0.6195924   0.7776614  -0.67664593 -0.70358765 -0.54714406]
CCc1c2c(nc3ccc(O)cc13)-c1cc3c(c(=O)n1C2)COC(=O)[C@]3(O)CC,[-0.09359912  0.9887654  -1.         -0.76043373 -0.11495267]
Cc1ccc2c(c1)c(S(=O)(=O)c1ccc(Cl)cc1)c(C)n2CC(=O)O,[ 0.5104809  -0.0507688  -0.70153904 -0.28275084  0.00395558]
c1ccc([C@H]([C@@H](c2ccccc2)N2CCCCC2)N2CCCCC2)cc1,[-0.77961296  0.68619007 -0.7501462  -1.          0.5014163 ]
CC(C)CNC(=O)NS(=O)(=O)c1ccc(Cl)cc1,[-0.38338727  0.7832798  -0.84099853 -0.42386648 -0.34715584]
CC1(C)C2CCC1(C)C(O)C2,[-0.01722903 -0.88385034 -0.8314778  -0.54052657 -0.14480503]
C=CC(=O)OCCOCCC#N,[-0.13968727  0.85009384 -0.78807205 -1.         -0.07565085]
NS(=O)(=O)c1cc2c(cc1Cl)NCNS2(=O)=O,[-0.02428319  0.09339651 -0.30457824 -0.5532273   0.86434907]
CC1=C2C[C@H]3[C@@H](CC=C4C[C@@H](O)CC[C@@]43C)[C@@H]2CC[C@]12O[C@@H]1C[C@H](C)CN[C@H]1[C@H]2C,[-0.4466438   0.8469473  -0.5334481  -0.6759266  -0.37699744]
O=C(O)C1N=C(c2ccccc2)c2cc(Cl)ccc2NC1=O,[-0.03637775  0.32074976 -0.7519402  -0.5318612   0.28841817]
Nc1cc[n+]([O-])cc1,[ 0.1842715  0.8290806 -0.8707484 -0.91622    0.8658933]
COc1ccc2c3c1OC1CC(O)C=CC31CC[NH+](C)C2,[-0.5723554   0.85600233 -0.8195978  -0.66891754  0.2124171 ]
CCOc1ccccc1OC(c1ccccc1)C1C[NH2+]CCO1,[ 0.3056411   1.         -0.52355736 -0.9861823  -0.22657862]
C=CC1=C(C)/C(=C\c2[nH]c(Cc3[nH]c(/C=C4/NC(=O)C(C)=C4C=C)c(C)c3CCC(=O)O)c(CCC(=O)O)c2C)NC1=O,[-0.4492057   0.98088497 -0.6667258  -0.7809465  -0.36676216]
CC(=O)[C@H]1CC[C@H]2[C@@H]3CC[C@@H]4C[C@H](O)CC[C@]4(C)[C@H]3CC[C@]12C,[-0.07725931  1.         -0.9238452  -0.7171922  -0.15277205]
CCP(=O)(OC)SC,[-0.1000207   0.8108537  -0.74670255 -0.76555604 -0.31926802]
CN(C)CC/C=C1/c2ccccc2COc2ccc(CC(=O)O)cc21,[ 0.0064617   1.          0.11539888 -0.24570669 -0.15555665]
CCCCCCOC(=O)C(O)c1ccccc1,[ 0.32693535 -0.7634753  -0.7875724  -0.75782704 -0.28337404]
CCCCOCC1CO1,[ 0.15372571  0.14477411 -0.92471    -0.85170805 -0.2575874 ]
O=C1COc2ccc(CNC3CCN(CCN4C(=O)COc5ccc(Cl)cc54)CC3)nc2N1,[ 0.38816777  0.6386481  -0.7594327  -0.7361933   0.34320593]
COc1cc2ncc(C(N)=O)c(Nc3cccc(Cl)c3Cl)c2cc1N1CCN(C)CC1,[ 0.03369813  0.8454474  -0.71719223 -0.7856522  -0.23492546]
CO/N=C(\C(=O)N[C@@H]1C(=O)N2C(C(=O)O)=C(COC(C)=O)CS[C@H]12)c1csc(N)n1,"[ 2.0443174e-01  9.1091877e-01 -4.1596708e-01 -6.9682753e-01
  3.9647392e-04]"
O=C(NCCNCC(O)COc1ccc(O)cc1)N1CCOCC1,[ 0.31188598  0.15386832 -0.91347355 -0.75036883 -0.41042   ]
CC(=O)N(C)C,[ 0.48795643  1.         -0.91108525 -0.8103943  -0.42805433]
CC(=Cc1ccccc1)C=C1SC(=S)N(CC(=O)O)C1=O,[ 0.27342337  0.86566925 -0.5835576  -0.7425     -0.27968454]
Cc1c(-c2c(C)c(N)c3c(C(C)C)c(O)c(O)c(C=O)c3c2O)c(O)c2c(C=O)c(O)c(O)c(C(C)C)c2c1N,[-0.06888258 -0.82224977 -0.35976568 -0.6905669   0.0325104 ]
O=C(CCl)OC1=C(OC(=O)CCl)C(=O)OC1=O,[-0.12048019  0.72798073 -0.6765247  -0.90703976 -0.20723897]
O=[N+]([O-])c1cccc(O)c1,[-0.17372535  0.96845686 -0.6517069  -0.8375892  -0.03640572]
CC(C)NC(=O)c1cnc(N2CCC(N3C(=O)OCc4ccccc43)CC2)c(Cl)c1,[-0.17084391  1.         -0.80571616 -0.5695591  -0.13923246]
O=C1C2CC3C1C1(Cl)C(Cl)C4(Cl)C2C3C1(Cl)C4(Cl)Cl,[ 0.48218542  0.85338324 -1.         -0.76261044 -0.34842712]
Cc1cc(=O)cc(-c2ccccc2)o1,[ 0.44448254  0.77220577 -0.9070285  -0.7671627  -0.02753301]
O=C(Cc1ccc(Cl)c(C(F)(F)F)c1)Nc1cccc2c(=O)n(CCO)ccc12,[ 0.41103396  0.5014095  -0.79087305 -1.         -0.521724  ]
CC(C(O)c1ccc(O)cc1)[NH+]1CCC(O)(c2ccccc2)CC1,[-0.14572947 -0.32712215 -0.872129   -1.         -0.11108368]
CCN(CC)c1c([N+](=O)[O-])cc(C(F)(F)F)c(N)c1[N+](=O)[O-],[ 0.4972309   0.965475   -0.73122615 -0.9099344  -0.13420832]
C/C([O-])=C(\C#N)C(=O)Nc1ccc(C(F)(F)F)cc1,[ 0.43071467  0.5034409  -0.7710281  -0.8170465  -0.47066608]
CC1(C)C2CC=C(CCO)C1C2,[-0.27535594  0.5894846  -0.43741387 -0.4570437   0.03651329]
COc1ccc(C(Oc2ccccc2)C2=NCCCN2)cc1,[ 0.13085854 -0.7015662  -0.16540982 -0.79331076 -0.10586541]
O=C(OCC1CO1)c1ccccc1C(=O)OCC1CO1,[ 0.57125676  0.13664727 -0.7613838  -0.17599954 -0.26799795]
NCCNCc1ccccc1O,[-0.36542857  0.8832876  -0.7684687  -0.1863669  -0.10665212]
C=CN(C)N=O,[ 0.42445692  0.06788256 -0.99704534 -0.2959723  -0.31888518]
CN1CCN(CCCN2c3ccccc3Sc3ccc(Cl)cc32)CC1,[ 0.12273205  0.3629336  -0.65533835 -0.27137235 -0.8328894 ]
C[S+]([O-])Cc1ccc(C(=O)Nc2ccc(OCCOCCO)nc2C(=O)NCC2CCC2)c2ccccc12,[ 0.4534204   0.8291938  -1.         -0.81068337 -0.20257443]
CN(C)CCOc1cc(NS(=O)(=O)c2c(Cl)cc(C(F)(F)F)cc2Cl)ccc1Cl,[ 0.21867312  0.74835885 -0.71737355 -0.32034212 -0.05361262]
CCN(N=O)C(C)OC,[ 0.2246415   0.7658714  -0.84757787 -0.7238169  -0.5054452 ]
CNC(=O)Oc1ccccc1C1OCCO1,[ 0.11714313  0.19195193 -0.17751867 -0.4535046  -0.30731693]
CCCCCCCC(=O)N[C@@H](CCN)C(=O)N[C@H](C(=O)N[C@@H](CCN)C(=O)N[C@H]1CCNC(=O)[C@H]([C@@H](C)O)NC(=O)[C@H](C)NC(=O)[C@H](CCN)NC(=O)[C@H](CC(C)C)NC(=O)[C@@H](Cc2ccccc2)NC(=O)[C@H](CCN)NC1=O)[C@@H](C)O,[ 0.522694   -0.72694176 -0.80559725 -0.43800262 -0.5017608 ]
Cc1ccc(N=C=O)cc1,[ 0.59787965  0.3445753  -0.7520895  -0.28414413  0.70878273]
Cn1cncc1CN(CCN(Cc1ccccc1)S(=O)(=O)c1ccccn1)c1ccc(C#N)cc1,[ 0.32963255  0.64501685 -0.939052   -0.49967775  0.10518513]
CCOP(=O)(OCC)OC(=C(Cl)Br)c1ccc(Cl)cc1Cl,[-0.2057594   0.2925971  -0.90480256 -0.6457289  -0.42122427]
OCCNCCc1ccccc1,[ 0.05106193  0.7754827  -0.88140035 -0.9406239   0.7973953 ]
C=CCOC(=O)CCCCC,[ 0.04337009  0.6345691   0.07431905 -0.12249517  0.24415322]
CCOC(=O)COC(=O)c1cc(Oc2ccc(C(F)(F)F)cc2Cl)ccc1[N+](=O)[O-],[ 0.2787912  -0.28558287 -0.35776684 -0.15045603 -0.22046922]
CCCOP(=O)(SCCC)SCCC,[-0.28453767  0.4934248   0.00878898 -1.         -0.23253612]
CCCCCCN,[-0.43016022  0.94541556 -0.37689292 -0.5718754   0.07375138]
CC(C)NCC(O)COc1cccc2ccccc12,[ 0.37838063  0.82037765 -0.8773438  -0.7300363   0.07708395]
N=C(Nc1c([N+](=O)[O-])cnc2ccccc12)N1CCOCC1,[ 0.25172573  0.67579913 -0.88680077 -0.3845815   0.21681236]
CCCCCCCCOC(C)=O,[-0.01847594  0.57714146 -0.90807855 -0.6776328  -0.4049023 ]
C=CCI,[ 0.32578626  0.23560241 -0.36604357  0.33645296  0.25263476]
Cc1cnc(NCCCN(C)C)c2c1[nH]c1ccc3cc(O)ccc3c12,[ 0.08804002  0.8729554   0.46651533 -0.7967119   0.19950293]
COP(=O)(OC)ON1C(=O)c2cccc3cccc(c23)C1=O,[-0.1805078   1.         -0.8052281  -0.33717024  0.42641836]
c1ccc2[nH]c(-c3cscn3)nc2c1,[ 0.46551082  0.7839164  -0.6817149  -0.29846284  0.10334513]
O=C(O)c1cccc(Cl)n1,[ 0.54979986 -0.29562795 -1.         -0.40582588 -0.18397988]
Cc1c(C(=O)NCCO)[n+]([O-])c2ccccc2[n+]1[O-],[ 0.32355967  0.7900592   0.7070492  -0.16358796 -0.19996363]
C[C@@H]1NC(=O)[C@@H](C)N(C)C(=O)[C@@H](C)N(C)C(=O)[C@H](C)NC(=O)[C@H](C)N(C)C(=O)[C@@H](C)N(C)C1=O,[-0.0096593   0.21971329 -0.7444652   0.25610167 -0.00325399]
CCC(O)CO,[ 0.26441783  0.5324272  -0.8146361  -0.53488314 -0.19268431]
C[C@H](CO)Nc1nc(SCc2cccc(F)c2F)nc2nc(N)cnc12,[ 0.22999455  0.33993822 -0.74253047 -0.9598987  -0.12221806]
c1ccc(COCc2ccccc2)cc1,[-0.07039011  0.8280256  -0.8538142  -0.32346514 -0.25165656]
CCC(=O)OC1C(C)OC(OC2C(C)OC(OC3C(CC=O)CC(C)C(O)C=CC=CCC(C)OC(=O)CC(OC(C)=O)C3OC)C(O)C2N(C)C)CC1(C)O,[-0.24261324  0.9276386  -0.9955432  -0.8776345  -0.38941157]
Cc1cc(C)c(N)c(C)c1,[ 0.44645172 -0.50713354 -0.65409654  0.31654543  0.13331884]
COc1cc(OC)c(S(=O)(=O)NCc2ccccc2N2CCCCC2)cc1NC(=O)CCC(=O)O,[ 0.53852826  0.57924    -0.69433224 -0.44887865  0.06278202]
NCCNCCNCc1ccccc1O,[ 0.20108686  0.8859572  -0.58740497 -0.8497839   0.24777527]
CSCCNc1nc(SCCC(F)(F)F)nc2c1ncn2C1OC(COP(=O)([O-])OP(=O)([O-])C(Cl)(Cl)P(=O)([O-])[O-])C(O)C1O,[-0.63098764  0.8516982  -0.67927116 -0.8581186  -0.16012731]
CCCCCCCCCCOc1c(OC)cc(C(N)=O)cc1OC,[-0.02030755  0.41161275 -0.518602   -0.09604567 -0.026154  ]
CC(O)CO,[ 0.32934502  1.         -0.87092614 -0.6356005   0.9535907 ]
CCOC(C)COC(C)CO,[ 0.02595018  0.8158511  -0.6151496  -0.5524475  -0.25400174]
CC(=O)N[C@H](Cc1ccc2ccccc2c1)C(=O)N[C@H](Cc1ccc(Cl)cc1)C(=O)N[C@H](Cc1cccnc1)C(=O)N[C@@H](CO)C(=O)N[C@@H](Cc1ccc(O)cc1)C(=O)N[C@H](CCCNC(N)=O)C(=O)N[C@@H](CC(C)C)C(=O)N[C@@H](CCCNC(=N)N)C(=O)N1CCC[C@H]1C(=O)N[C@H](C)C(N)=O,[ 0.10809595  0.77608186 -0.6752488  -1.          0.69551396]
CCCCC(CC)CNC1CCCCC1,[-0.16110173  0.70487607 -0.8178315  -0.79428035 -0.1773751 ]
ClC(Cl)(Cl)c1ccc(C(Cl)(Cl)Cl)cc1,[ 0.00535689  0.6443869  -0.74518013 -0.41810068 -0.5818125 ]
ClCC1C(CCl)C2(Cl)C(Cl)=C(Cl)C1(Cl)C2(Cl)Cl,[ 0.61500835  0.73431796 -0.74996793 -0.60187584 -0.12181394]
CN1CCN(C2=c3ccccc3=Nc3ccc(Cl)cc3N2)CC1,[ 0.07955154  0.6906464  -0.14745374 -0.08737107 -0.388628  ]
COc1ccc(-c2nc3ccc(C4=NNC(=O)CC4C)cc3[nH]2)cc1,[ 0.47426328  0.5865052  -0.16216928 -1.         -0.32402506]
COP(=S)(OC)SCc1nc(N)nc(N)n1,[ 0.52519494  0.9461768  -0.84718055 -0.48696846 -0.26939917]
CCc1nn(C2CCCC2)c2c1CCn1c(-c3cccs3)nnc1-2,[ 0.5534824   0.96680886 -0.7454903  -0.725027    0.08846497]
O=C(O)c1ccccc1C(=O)Nc1cccc2ccccc12,[-0.3654055   0.6391337  -0.78223073 -1.         -0.03427667]
COc1cc(N)c2c(c1N)C(=O)c1ccccc1C2=O,[ 0.17431843  0.62057084 -0.72146785 -0.73366064 -0.11457783]
C1=CCC(C2OCC3(CC=CCC3)CO2)CC1,[-0.12725498  0.8276522  -0.7266281  -0.6083162  -0.37508306]
Cn1c(C(=O)NC2(C(=O)N[C@H](Cc3ccccc3)C(=O)NCCCN3CCOCC3)CCCC2)cc2ccccc21,[-0.7279642   0.8966479  -0.59417236 -0.39262214 -0.2619563 ]
