Cc1cn([C@H]2CCCN([C@H](CC(C)C)c3ccc(C(=O)O)c(Oc4cccc(Cl)c4)c3)C2)c(=O)[nH]c1=O,[ 0.12146563  0.92917943 -1.         -0.9830408  -0.44850978]
Clc1ccc(OCOc2ccc(Cl)cc2)cc1,[ 0.62923586  0.68836814 -0.44738835 -0.20315267  0.28823265]
CNc1c(C(N)=O)cnc2[nH]c(-c3ccc(OCCN4CCOCC4)cc3)nc12,[ 0.19631949  0.6179067  -0.8157263  -0.72759914 -0.20573263]
C1COCCOCCNCCOCCOCCN1,[ 0.3331599   0.696949   -0.4404521  -0.72135305  0.22543569]
CCOc1ccc([C@@H](C)Nc2nc(N3CCN(C(C)=O)CC3)nc3c2CN(C(C)C)C3=O)cc1,[ 0.14890017  0.6237376  -0.4198498  -0.2969159  -0.09514668]
CCCCCCCC(=O)N[C@@H](CCN)C(=O)N[C@H](C(=O)N[C@@H](CCN)C(=O)N[C@H]1CCNC(=O)[C@H]([C@@H](C)O)NC(=O)[C@H](C)NC(=O)[C@H](CCN)NC(=O)[C@H](CC(C)C)NC(=O)[C@@H](Cc2ccccc2)NC(=O)[C@H](CCN)NC1=O)[C@@H](C)O,[ 0.5497279   0.15266505 -0.93835837 -0.54263604 -0.37812182]
CC(=O)C1OC1(C)C,[ 0.18737662  0.7888921  -0.84665143 -0.67098    -0.46797243]
CC(Cl)(Cl)[N+](=O)[O-],[-0.15414646  0.90529424 -0.80028087 -0.6285525   0.134963  ]
CCCCC(CC)CNC1CCCCC1,[-0.08895064 -0.82017    -0.75453323 -0.53546923 -0.2181153 ]
S=c1[nH]c2cc(Cl)ccc2o1,[-0.06170436  0.8482494   0.6726561  -0.5456134  -0.12952508]
O=C(NC1CC1)c1cc(-c2cccs2)on1,[-0.05053633  0.78136146 -0.9105714  -0.649908    0.01798222]
C1CSCCO1,[ 1.          0.4402668  -1.         -0.23406754  0.07283002]
CN(CCO)Cc1cc(C(=O)c2cccs2)cc(C(C)(C)C)c1O,[-0.7133185   0.99812186 -0.927521   -0.81255263  0.50331634]
CCC[NH+]1CCCCC1C(=O)Nc1c(C)cccc1C,[ 0.21718147  0.66477406 -0.8554719  -0.7729976  -0.1533357 ]
O=C(O)COc1ccc(C(=O)CN2CCN(C3CCNCC3)CC2=O)cc1,[ 0.61925155  0.65998304 -0.8892227  -0.35726792 -0.39016443]
CC1NC(=S)NC1=O,[ 0.09080421  0.9578995  -1.         -0.922072    0.6728778 ]
CC(=O)OO,[-0.37585893  0.777276   -0.46262082 -0.80063033  0.1734394 ]
CCCCOCCOCCCC,[ 0.4007417   0.36976343 -0.8055874  -0.78960353  0.25704512]
CN(C)CCOc1cc(NS(=O)(=O)c2c(Cl)cc(C(F)(F)F)cc2Cl)ccc1Cl,[ 0.18707049  0.72479826 -0.52263343 -0.33245832 -0.14937457]
CCNc1nc(NCC)nc(OC)n1,[ 0.3496481   0.6970812  -0.5884761  -0.87631404 -0.38539532]
C=CN(C)N=O,[ 0.39456537  0.07882269 -0.5685017  -0.12983704  0.20207399]
c1ccc([C@H]([C@@H](c2ccccc2)N2CCCCC2)N2CCCCC2)cc1,[-1.          0.8139391  -0.23992027 -0.51719725  0.15107292]
C#CC1(O)CCC2C3CCC4=CC(=O)CCC4C3C(=C)CC21CC,[-0.31815162  0.8358538  -1.         -0.6119783  -0.10137264]
CN[C@@H](C)[C@@H](O)c1ccccc1,[-0.3520867  0.5583074 -0.991801  -1.         0.6931438]
O=C(Nc1cccc(Cl)c1)OCC#CCCl,[ 0.31162497  0.82045555 -0.81409067 -0.8100111  -0.37218812]
CC(C)NCC(O)COc1cccc2ccccc12,[ 0.2678662   0.71008617 -0.76007134 -0.76785624 -0.55004036]
O=C(c1ccc(Cl)cc1)c1ccccc1-c1ncc[nH]1,[-0.00442219  0.9823899  -0.54977846 -0.52076006  0.03352337]
Clc1cccc([Si]23OCCN(CCO2)CCO3)c1,[ 0.34343597  0.8976514  -0.6617585  -0.8406049  -0.32572448]
Cc1c(Sc2ccc(Cl)cc2)c2c(-c3cnccn3)cccc2n1CC(=O)O,[-0.44472986  0.51207894 -0.5623383  -0.74791974 -0.14106771]
Cc1cc(Nc2nc(N[C@@H](C)c3ncc(F)cn3)nc(N3CCOCC3)c2F)n[nH]1,[-0.3015912   0.85831976 -0.59466815 -0.70447326 -0.15474176]
CN=C=S,[ 0.4638058   0.50891876 -0.9700096  -0.65667486  0.23438406]
Cc1ccc(NC(=O)c2ccc(Cl)c(C(F)(F)F)c2)cc1C(=O)Nc1cccnc1,[ 0.7134799   0.32318997 -0.66640484 -0.62335    -0.02356218]
CN(C)N(C)N=O,[-0.38702074  0.77749926 -0.82005703 -0.8624303   0.52890825]
N=C(NN=Cc1ccc(Cl)cc1)NN=Cc1ccc(Cl)cc1,[ 0.35252672  0.73497427 -0.6412634  -0.50885385  0.32892507]
CON=C(C(=O)NC1C(=O)N2C(C(=O)O)=C(COC(N)=O)CSC12)c1ccco1,[-0.22005922 -0.5733499  -0.70682406 -1.         -0.14961691]
Nc1ccn([C@@H]2O[C@H](CO)[C@@H](O)C2(F)F)c(=O)n1,[-0.04980554 -0.5372123  -0.34816903 -0.9248357  -0.2735195 ]
CC(C)Nc1nc(Cl)nc(NC(C)C)n1,[ 0.36543182  0.8001038  -0.49690098 -0.6238519  -0.12187946]
CCOc1cc2ncc(C(N)=O)c(Nc3ccc(F)cc3F)c2cc1N1CCN(C2CC2)CC1,[ 0.03601469 -0.03534069 -0.8418024   0.5581946  -0.15232909]
COc1cc(OC)c(S(=O)(=O)NCc2ccccc2N2CCC(COC(=O)CCC(=O)O)CC2)cc1NC(=O)CCC(=O)O,[-0.00181209  0.6584899  -1.         -0.9453511  -0.53213453]
N#CSCCSC#N,[-0.03629029  0.7775161  -0.8947883  -0.8908849  -0.4618663 ]
Cc1ccc2c(c1)c(-c1ccnc3cc(Cl)ccc13)c(C)n2CC(=O)O,[ 0.3618319   0.22132428 -0.67764795 -0.68818736 -0.50667965]
Nc1ccc(Cl)cc1,[ 0.48541144  0.7700617  -0.95218474 -0.7349146   0.17680597]
CCC1OC(=O)C(C)C(=O)C(C)C(OC2OC(C)CC([NH+](C)C)C2O)C(C)(OC)CC(C)C(=O)C(C)C2N(CCCCn3cnc(-c4cccnc4)c3)C(=O)OC12C,[-1.          0.97574157 -0.66711307 -1.          0.16923736]
CC(=O)Oc1ccc2c3c1OC1C(OC(C)=O)C=CC4C(C2)[NH+](C)CCC341,[ 0.3432427  -0.21335503 -0.2699288  -0.1515949   0.18256153]
CN(C)c1ccc(O)c2c1CC1CC3C([NH+](C)C)C([O-])=C(C(N)=O)C(=O)C3(O)C(O)=C1C2=O,[-0.00634971  0.3892712  -0.8561636  -1.         -0.2691516 ]
CN(C)C(=O)Cl,[ 0.25692967  0.84559005 -0.5614511  -0.48554608  0.19617367]
c1cc2c(c(N3CC[NH2+]CC3)c1)OCCO2,[ 0.35025403  0.45110506 -0.8353053  -0.13665155 -0.27659354]
CCC(CC)C(=O)OCCOCCOCCOC(=O)C(CC)CC,[ 0.06587822  0.6479137  -0.4413173  -0.0100415  -0.47811317]
OCCOc1cc(Cl)c(Cl)cc1Cl,[-0.36403218  0.86918956 -0.8181097  -0.46336028  0.19681218]
O=C1NC(c2ccc(Br)cc2)Nc2ccccc21,[ 0.29964927  0.89519227 -0.64500093 -0.31565306 -0.32157743]
CC(=O)CCCCCCCC(=O)O,[ 0.3485593   0.9282324  -0.80757505 -0.58521795 -0.25436652]
CN(CC=CC#CC(C)(C)C)Cc1cccc2ccccc12,[ 0.29153657  0.9410667  -1.         -0.72996485 -0.11491561]
CNNC,[ 0.40027916  0.47803146 -0.96087927 -0.5835349  -0.26173627]
CC(C)(O)c1ccccc1,[ 0.4436822   0.8470541  -0.8706381   0.28055158 -0.16144735]
CCn1cc(C(=O)O)c(=O)c2cc(F)c(N3CCN(C)CC3)cc21,[-0.00590928  0.858321   -0.64636415 -0.37986308  0.44281378]
COC(=O)C(C)N(C(=O)Cc1ccccc1)c1c(C)cccc1C,[-0.12559089  0.68484133 -0.7745395  -0.740741    0.02638671]
C1=CC2C=CC1C2,[ 0.31890208  0.87307    -0.83212256 -0.8020381   0.20158185]
NC(=S)Cc1cccc2ccccc12,[-0.06557561  0.727689   -0.6298668  -0.7943246  -0.25714123]
CN(C)C(=O)Nc1cc(C(C)(C)C)on1,[ 0.3961526   1.         -0.67832613 -0.9062972  -0.29534292]
NC(=[NH2+])NCCCCC1NC(=O)CCSSCC(C(N)=O)NC(=O)C2CCCN2C(=O)C(Cc2c[nH]c3ccccc23)NC(=O)C(CC(=O)[O-])NC(=O)CNC1=O,[ 0.0306663   0.9325245  -0.07525203 -0.13899714  0.03458926]
BrC(Br)Br,[ 0.23937385 -0.20631893 -0.49506322 -0.61391854  0.77980787]
COc1cc(C2c3cc4c(cc3C(OC3OC5COC(C)OC5C(O)C3O)C3COC(=O)C23)OCO4)cc(OC)c1O,[-0.08490603 -0.01553151 -0.31487122 -0.63302284 -0.01209572]
CCOP(=O)(CC)SC,[ 0.32724655 -0.7532625  -0.48149902 -0.8204099   0.1871786 ]
CCC(CCCCOC(=O)c1ccccc1)COC(=O)c1ccccc1,[ 0.29910922  0.72950685 -0.80550057 -0.58956873  0.01823742]
C=C(C)c1ccc(C(C)(C)N=C=O)cc1,[ 0.3347151   0.96507055 -0.6376148  -0.7387166  -0.5606505 ]
Oc1ccc2c(c1)CCC2,[ 0.1463814   0.775472   -0.5999338  -0.72842216 -0.539703  ]
CN(CCOc1ccc(CC2SC(=O)NC2=O)cc1)c1ccccn1,[-0.44599152  0.9218704   0.21491724 -0.93565774  0.03048272]
CC1CS(=O)(=O)CCN1N=Cc1ccc([N+](=O)[O-])o1,[ 0.23622432  0.75289637 -0.48207748 -0.5831886  -0.17748548]
CC(C)(C)NCCC(O)c1cc(C(F)(F)F)nc2c(C(F)(F)F)cccc12,[ 0.20028958  0.7683653  -0.84835666 -0.720753   -0.67810994]
COc1ccc(NC(=O)CF)cc1,[ 0.8972413   0.69878465 -1.         -0.24881898 -0.08251722]
CCNC(=O)C=Cc1cccc(Br)c1,[ 0.20061897  0.29776478 -0.4973921  -0.48972598  0.07434976]
COP(=S)(OC)SCc1nc(N)nc(N)n1,[ 0.549827    0.8221743  -0.86861604 -0.4244412  -0.34295842]
COc1cc2ncnc(Nc3ccc(F)c(Cl)c3)c2cc1NC(=O)/C=C/CN1CCCCC1,[ 0.32376665  0.8396748  -0.62397105 -0.6642566  -0.4410927 ]
CCCCOP(=O)(OCCCC)Oc1ccccc1,[ 0.6043178   0.81288576 -0.8843676  -0.9498956  -0.49840236]
S=C=NCCN=C=S,[-0.22565626  0.50032794 -0.82615745 -0.63974565 -0.16284513]
CCN(CC)CCNC(=O)c1cc(Br)c(N)cc1OC,[ 0.06390665  0.8622878  -0.6250419  -0.59949285  0.27572238]
CCCS,[ 0.32434505  0.9304938  -0.9265564  -0.4253828   0.00483662]
CCCCCCOC(=O)C(O)c1ccccc1,[ 0.5339152   0.8406752  -0.7561893  -0.59655166 -0.3861678 ]
NCCCC[C@H](N[C@@H](CCc1ccccc1)C(=O)O)C(=O)N1CCC[C@@H]1C(=O)O,[-0.33297056  0.734615   -0.8059227  -0.7498885  -0.29738775]
C#CC(C)(C)O,[ 0.36790672  0.71837205 -0.8673988  -0.3860016  -0.29714495]
CCCOP(=O)(SCCC)SCCC,[-0.07499724  0.7189198   0.13687597 -0.81752145 -0.3860162 ]
O=[N+]([O-])C(CO)(CO)CO,[ 0.32767764 -0.2474352  -0.9271744  -0.6760888  -0.11834534]
CC(=O)N(C)c1ccc(Nc2ncc3cc(-c4ccncc4)ccc3n2)cc1,[-0.12783258  0.802314   -1.         -0.7255661  -0.41241318]
OCCOCCOCCOCCO,[ 0.40353173  0.93130547 -0.7216046  -0.8541785   0.2931367 ]
COCCNC(=O)c1ccc(Nc2ncc3cc(-c4ccncc4)ccc3n2)cc1C,[ 0.07625005 -0.49800754 -0.930939   -0.12210188  0.61643904]
COP(=S)(OC)Oc1ccc(S(N)(=O)=O)cc1,[ 0.39025635  0.47675702 -1.         -0.73366123  0.19437675]
CC(C)(C#N)C(C)(C)C#N,[ 0.44466358  0.8815966  -1.         -0.75065625 -0.28070477]
CC[C@H](CO)NC(=O)[C@H]1C=C2c3cccc4[nH]cc(c34)C[C@@H]2N(C)C1,[ 0.18447535  0.8275779  -0.73202664 -0.9577409  -0.31534484]
CC(C)(C)[NH2+]CC(O)c1cc(O)cc(O)c1,[ 0.16528639 -0.15554315 -0.8843545  -0.8770413  -0.42256212]
C#CCN(C)c1ccccc1OC(=O)NC,[ 0.23276949 -0.753442   -1.         -0.9306667   0.00863479]
COC(=O)C1=C(C)NC(C)=C(C(=O)OCCN(C)Cc2ccccc2)C1c1cccc(N(O)O)c1,[ 0.3852705  -0.29831177 -0.52976865 -0.77178454 -0.07903884]
C=C(C)C(=O)OCCOC(=O)C(=C)C,[ 0.05411221  0.5008345  -0.21906184 -0.47579056  0.0740046 ]
Nc1nc(-c2ccccn2)nc(N)c1Cc1ccc(Cl)cc1Cl,[ 0.24843112  0.84524935 -0.70290345 -0.5541343  -0.27963102]
C=CS(C)(=O)=O,[-0.2225389   0.4895451  -0.8052096  -0.7587092  -0.09611892]
CCN[C@@H]1C[C@H](N)[C@@H](O[C@H]2OC(CN)=CC[C@H]2N)[C@H](O)[C@H]1O[C@H]1OC[C@](C)(O)[C@H](NC)[C@H]1O,[-0.03929921  0.6930086  -0.8735148  -0.8537408   0.3177714 ]
COP(=S)(OC)SCc1nnc(C(C)C)o1,[-0.23819661  0.6656444  -0.9265621  -1.          0.21126448]
Nc1ccc(F)c([N+](=O)[O-])c1,[ 0.2806111   0.8356849  -0.7534373  -0.6463504  -0.14963843]
C1=CC2C3C=CC(C3)C2C1,[ 0.5068418   0.98873824 -0.47877142 -0.7873564  -0.16388568]
COP(=S)(OC)Oc1ccc(C#N)cc1,[ 0.48095948  1.         -0.9425722  -0.86717564  0.46758562]
CCN(CC)CCOCCO,[ 0.21684018 -0.4962322  -0.8950884  -0.67975444 -0.26117575]
ClC(=NNc1c(Cl)cc(Cl)cc1Cl)c1ccccc1,[ 0.27684486  1.         -0.73424757 -0.83562195 -0.14695033]
C=CC(=O)N1CN(C(=O)C=C)CN(C(=O)C=C)C1,[ 0.4434493   0.6288087  -0.94142175 -0.7608685  -0.4861437 ]
CC(C)CCCC1CCC(C)(C(=O)NCC(=O)O)CC1,[ 0.40579876 -0.28285542 -0.67367923 -0.62912023 -0.28523204]
CCCc1c(OCc2cccn3c(=O)c(CCC(=O)O)cnc23)ccc(C(C)=O)c1O,[ 0.15476657 -0.492169   -0.3342602  -0.7150759  -0.19732347]
CC(C)N(C(=O)SCC(Cl)=C(Cl)Cl)C(C)C,[ 0.5516251   0.8804324   0.15561119 -0.14733282 -0.17361385]
CC(C)c1cccc(OC(=O)N(C)C)c1,[ 0.13265245  0.35572746 -0.31939512 -0.03382086  0.10136846]
CCC(C(=O)O)C1(O)CCCCC1,[ 0.05798294  0.3941696  -0.5527152  -0.7382179  -0.08400502]
CC(=O)N(C)c1ccc2ccn(-c3cc(NC4CC4)n4ncc(C#N)c4n3)c2c1,[ 0.08882145 -0.34932116 -0.54679066 -0.4212149  -0.23912051]
CCCCOCC1CO1,[ 0.04705923  0.18693161 -0.9213364  -1.         -0.13321304]
C=CCOc1ccccc1OCC(CNC(C)C)OC(=O)C1CC1,[ 0.00212609  0.98094416 -0.9157509  -0.998474   -0.05322747]
O=c1[nH]c(=O)c2ccccc2o1,[-0.49513972  0.9223875  -0.8989227  -0.6911801  -0.18376593]
CCC(C)(CC)c1cc(N)on1,[-0.10813033  0.32724893 -0.49309272 -1.          0.3701224 ]
COP(=O)(OC)ON1C(=O)c2cccc3cccc(c23)C1=O,[-0.19408648  0.91263777 -0.9334726  -0.37010768  0.43179044]
C[NH+](CCOc1ccc(NS(C)(=O)=O)cc1)CCc1ccc(NS(C)(=O)=O)cc1,[ 0.53769493  0.87183523 -0.78108245 -0.5304913  -0.07514778]
Cc1nccc(-c2ccc(-c3nc4ccncc4c(O)c3C#N)cc2)c1Cl,[ 0.44504794  0.9190765  -0.16824244  0.01592298 -0.15317115]
Oc1cc(Cl)c(Cl)c(Cl)c1Cl,[ 0.00811249  0.488794   -0.86883    -0.73238873 -0.10856654]
CCC(C)CCCCC(=O)NC(CCN)C(=O)NC(C(=O)NC(CCN)C(=O)NC1CCNC(=O)C(C(C)O)NC(=O)C(CCN)NC(=O)C(CCN)NC(=O)C(C(C)O)NC(=O)C(CC(C)C)NC(=O)C(CCN)NC1=O)C(C)O,[ 0.18986598  0.12577614 -0.6024757  -1.          0.06206904]
CC1=C(CC(=O)O)c2cc(F)ccc2C1=Cc1ccc(S(C)=O)cc1,[ 0.67597604  0.9527945  -0.72379345 -0.3684481  -0.19781922]
Cc1ccc(S(=O)(=O)Nc2c(C(=O)NC3CCCCC3)c(C)nn2-c2ccccc2)cc1,[-0.08463343  0.93124205 -0.71495867 -0.71316165 -0.04190999]
CCC(O)CO,[-0.20219082  0.8504735  -1.         -0.7722256  -0.24848053]
CCCC(=O)c1ccc(N)cc1,[ 0.48150665  0.65693873 -0.912584   -0.85482806 -0.50924087]
C/C=C/c1cc(OC)c2c(c1)C(C)C(c1cc(OC)c(O)c(OC)c1)O2,[ 0.6456814   0.6464436  -0.6754267  -0.89253235 -0.30053303]
CCCCOP(=O)(O)OCCCC,[ 0.36301017 -0.5673991  -0.45666832 -0.61396396 -0.07376877]
CNC(=O)Oc1ccccc1C1OCCO1,[ 0.20736577  0.17896143 -0.21871132 -0.5307367  -0.17451876]
NC(=O)c1cnc(N[C@@H]2CCCC[C@@H]2N)nc1Nc1cccc(-n2nccn2)c1,[-0.17608614  0.8961606  -0.8481445  -0.99869186  0.2936033 ]
O=C(NC[C@@H](O)CN1CCC(Oc2ccc(Cl)c(Cl)c2)CC1)c1c[nH]c(=O)c2cc(F)ccc12,[-0.34886768 -0.71136314 -0.6030209  -0.92129976 -0.37411523]
Cc1ncsc1C,[-0.09132526  0.56592673 -0.85738915 -0.9141835   0.36811602]
CCC(c1ccccc1)c1c(O)c2ccccc2oc1=O,[-0.02311877  0.9890076  -1.         -0.892949   -0.40149608]
C=CCN1CCC23CCCCC2C1Cc1ccc(O)cc13,[-0.14132333  0.43268365 -0.01291008 -0.603323   -0.17346658]
CC(CO[N+](=O)[O-])(CO[N+](=O)[O-])CO[N+](=O)[O-],[ 0.22212896  0.63437873 -1.         -0.784653   -0.16413271]
Cc1cccc2sc3nncn3c12,[ 0.3774995   0.85237724 -0.50596637 -0.6723778  -0.23592965]
Cc1cccc(C)c1NC(=O)C1CCCC[NH+]1C,[ 0.35445672  0.92305845 -0.91778463 -0.71342605  0.6710766 ]
NC(=O)Nc1cccc2c3c([nH]c12)CCCC3,[ 0.4113582   0.6067497  -0.8417078  -0.55981565 -0.5267188 ]
CNC(=O)ON=C1CCCC1(C)C#N,[-0.04569184  0.37037298 -0.84499764 -0.74466    -0.24368097]
COc1cc2ncc(C(N)=O)c(Nc3cccc(Cl)c3Cl)c2cc1N1CCN(C)CC1,[-0.1709418   0.69374865 -0.8948837  -0.73308086 -0.1543322 ]
CN1CN(CCO)CSC1=S,[ 0.3020027   0.66427165 -0.9738879  -0.6606965   0.1190047 ]
CCOP(=S)(OCC)SCSCc1ccccc1,[-0.20307013  0.9673523  -0.8668408  -0.7174912   0.00605486]
COc1cc2c(cc1OC)C(CCc1ccc(Cl)cc1)N(C)CC2,[ 0.3521892   0.70796156  0.59819305 -0.6538291  -0.3968552 ]
CCC[C@@H](c1ccc(C(=O)O)c(Oc2cccc(Cl)c2)c1)N1CCC[C@H](n2cc(C)c(=O)[nH]c2=O)C1,[ 0.10319874  0.69964767 -0.78641254 -0.28948262 -0.25508758]
CO[Si](CCCn1c(=O)n(CCC[Si](OC)(OC)OC)c(=O)n(CCC[Si](OC)(OC)OC)c1=O)(OC)OC,[ 0.13787952  0.46485537 -0.7569592   0.45968717  0.01508717]
CN1C(=O)CN=C(c2ccccc2F)c2cc(Cl)ccc21,[ 0.38107     0.6656322  -0.8763665   0.73016137  0.79476154]
CCCCC(CC)C(=O)OC1=C(c2c(C)cc(C)cc2C)C(=O)c2ccccc21,[ 0.5567564   0.9873781  -0.8516472  -0.64987874 -0.33873814]
CCOc1cc2nnc(C(N)=O)c(Nc3ccc(F)cc3F)c2cc1N1CCN(C)CC1,[ 0.4016138   0.9398295  -0.66543734 -0.57641494 -0.14129199]
CC(=O)N[C@H](C)C(=O)NCCc1ccccc1,[ 0.35320494  0.7620738  -0.6731233  -0.26714242  0.0527997 ]
O=C(O)C1N=C(c2ccccc2)c2cc(Cl)ccc2NC1=O,[-0.12759542  0.43602583 -0.69251525 -0.53564703  0.04853168]
CNc1c(Br)cnc2[nH]c(-c3ccc(S(C)(=O)=O)cc3)nc12,[ 0.07352266  0.60796994 -0.51442236  0.52196985 -0.42056122]
CCCCCc1ccccc1O,[ 0.4345945   0.78454477 -0.92526126 -0.7390584  -0.45142668]
COc1c(OCc2ccc(-c3ccccc3-c3nnn[nH]3)cc2)cc(C)nc1C,[ 0.3364624   0.80278736 -0.68625516 -0.48054385 -0.339512  ]
COc1ccc(NC(=O)c2ccnc(N)n2)cc1,[-0.12474397  0.7467693  -0.7694401  -0.4621949   0.04037511]
O=C(Cc1ccc(Cl)c(C(F)(F)F)c1)Nc1cccc2c(=O)n(CCO)ccc12,[ 0.4262073   0.5531817  -0.5601481  -0.80225265 -0.39111182]
CCc1nn(C2CCCC2)c2c1CCn1c(-c3cccs3)nnc1-2,[ 0.08393392  0.86093414 -0.49775302 -0.43281958 -0.24093191]
CCON=C(CC)C1=C(O)CC(c2c(C)cc(C)cc2C)CC1=O,[-0.11502356  0.2381293  -0.49342534 -0.6678199  -0.12294051]
C=CC(=O)N(C)C,[ 0.23122439  0.192199    0.10816639 -0.62681305 -0.23609325]
CCOP(=S)(OCC)OC(C)CC,[-0.00193902 -0.37857634  0.45338523 -0.8290275   0.02887264]
CC(C)CON=O,[ 0.5868651   0.7027379   0.16642597 -0.50863206 -0.32687166]
CC(C)=CCCC(C)=CCCC(=CCCC(C)=CCO)CO,[ 0.13891803  0.7708927  -0.77419347 -0.7598335  -0.4740251 ]
C#CC(C)(C)NC(=O)c1cc(Cl)cc(Cl)c1,[ 0.00950703  0.9328464  -0.77243906 -0.74347466  0.00247204]
CCCNC(=O)[N-]S(=O)(=O)c1ccc(Cl)cc1,[ 0.05287348 -0.26132765  0.06752246 -0.4068956   0.1423783 ]
CN(CCCOCCOCCc1ccccc1)CCc1ccc(O)c2nc(O)sc12,[-0.45392472  0.5098153  -0.1280454  -0.7245564   0.11838453]
Clc1cc(Cl)c2nsnc2c1Cl,[-0.61463386  0.9099639  -0.8736259  -0.85632056 -0.24301054]
CC(=O)C1(O)Cc2c(O)c3c(c(O)c2C(OC2CC(N4CC4)C(OS(C)(=O)=O)C(C)O2)C1)C(=O)c1ccccc1C3=O,[ 0.05344592  0.95449126 -0.73694867 -0.18227136 -0.3349595 ]
CCCCOC(=O)C1CC1OCCCC,[ 0.07102107  0.5326229  -0.5433711  -0.43866372  0.06801167]
C[C@@H]1NC(=O)[C@@H](C)N(C)C(=O)[C@@H](C)N(C)C(=O)[C@H](C)NC(=O)[C@H](C)N(C)C(=O)[C@@H](C)N(C)C1=O,[-0.04584205  0.59687126 -0.8444969  -0.82675546 -0.20378365]
CCCCCNCCCCC,[ 0.1281718  -0.03216671  0.17743276 -0.40293738  0.22059423]
CC(C)Oc1cc(-n2cnc3ccc(N[C@@H](CO)c4ccc(F)cn4)nc32)n[nH]1,[-0.5979388   0.7989098  -0.49740285 -0.6433118  -0.02769101]
COc1ccc2c(O[C@@H]3C[C@H]4C(=O)N[C@]5(C(=O)NS(=O)(=O)C6CC6)C[C@H]5/C=C\CCCCN(C)C(=O)[C@@H]4C3)nc(-c3ccc(F)cc3)nc2c1C,[ 0.28137052  0.87558657 -0.7947143  -0.8171463   0.11809368]
O=C(/C=C/c1ccc(O)c2c1C(C(=O)O)C(c1ccc(O)c(O)c1)O2)OC(Cc1ccc(O)c(O)c1)C(=O)O,[ 0.05429811  0.80499965 -0.6035738   0.04543526  0.2754585 ]
C1=CCC(C2OCC3(CC=CCC3)CO2)CC1,[ 0.37218323  1.         -0.77160853 -0.54992074 -0.32060316]
C1CN1P1(N2CC2)=NP(N2CC2)(N2CC2)=NP(N2CC2)(N2CC2)=N1,[ 0.05911944 -0.8807307  -0.6916728  -0.2419628   0.3210636 ]
O=[N+]([O-])N1CN([N+](=O)[O-])CN([N+](=O)[O-])C1,[ 0.2661106  1.        -0.2665515 -0.5913048 -0.5198886]
Oc1c(Cl)c(Cl)cc2[nH]c(C(F)(F)F)nc12,[ 0.22795185  1.         -0.8148932  -0.9794237   0.23537776]
CCOP(=O)(OCC)Oc1ccc(S(C)(=O)=O)c(C)c1,[-0.26048812  0.8260165  -0.8853601  -0.79426736 -0.21840471]
CNC(=O)c1c(I)c(NC(C)=O)c(I)c(C(=O)[O-])c1I,[ 0.43981186  0.83878493 -0.7160325  -0.673392   -0.5035091 ]
Cc1ccc(S(=O)(=O)N(C)C(=O)N2CCC(N3CCC(Oc4ccc(Cl)c(Cl)c4)CC3)CC2)cc1,[ 0.05326135 -0.5864871  -1.         -0.79349357 -0.06117295]
CC(=O)Oc1cccc(Oc2ccc(C(F)(F)F)cc2Cl)c1,[ 0.40076867  0.86140054 -0.79393446 -0.87256145 -0.30179894]
CC(C)(C)CC(=O)Nc1c(F)cc(C(=O)Nc2nccs2)cc1F,[ 0.39660928  0.6698116   0.56143314 -0.05654592 -0.44721258]
BrC12CC3CC(CC(C3)C1)C2,[-0.23734114  0.67918444 -0.8770994  -0.6208235   0.07646713]
CC(C)CN,[-0.5962767   0.8516471  -1.         -0.6878689  -0.03018431]
c1c[nH]cn1,[ 0.32418936  0.86953056 -1.         -0.4542711  -0.5944612 ]
Nc1nc(Nc2ccc(S(N)(=O)=O)cc2)nn1C(=O)c1c(F)cccc1F,[-0.04071768  0.69078285 -0.8066298  -0.67481697 -0.42707396]
CC(=O)NCCCS(=O)(=O)[O-],[ 0.44886172  0.93870807 -0.7648277  -0.73902035 -0.26913628]
O=C(CCc1ccccc1)OC1=C(OC(=O)CCc2ccccc2)C(=O)OC1=O,[-0.17833996  0.8941843  -0.8395766  -0.6621102   0.27770844]
C=CC(=O)OCCOC(=O)c1ccc(C(=O)O)cc1C(=O)O,[-0.2906569  -0.07605977 -0.19809885 -0.723129   -0.25516096]
COP(N)(=O)SC,[-0.26086465  1.         -1.         -0.97916085  0.5960623 ]
CBr,[-0.50470406  0.76585287 -0.88204855 -0.9843908   0.28926852]
CN(C)CCC(c1ccc(Cl)cc1)c1ccccn1,[-0.13194275  0.90014213 -0.7500957   0.2142039  -0.5095064 ]
[NH3+]C(C(=O)NC1C(=O)N2C(C(=O)[O-])=C(CSc3c[n-]nn3)CSC12)c1ccc(O)cc1,[ 0.06848465  0.6016659  -0.9377598   0.21314213  0.14164104]
Cc1c(OCC(F)(F)F)ccnc1C[S+]([O-])c1nc2ccccc2[nH]1,[ 0.85770226  0.7227376  -0.582018   -0.51320326  0.08753492]
Nc1cc(Cl)ccc1O,[ 0.25078577  0.59270495  0.5700139  -0.39986396 -0.11816467]
c1ccc2c(c1)CC(N1CCN(c3cccc4c3OCCO4)CC1)C2,[-0.10776641  0.8340873  -0.7159885  -0.7523929  -0.10616301]
COCCNCc1ccc(Nc2ncc3cc(-c4ccncc4)ccc3n2)cc1,[ 0.0204021   0.7865894  -1.         -0.5813698  -0.57165194]
Cc1cc(Nc2nc(N[C@@H](C)c3ccc(F)cn3)c(C#N)cc2F)n[nH]1,[ 0.30672845  0.6652166  -0.6636556  -0.5108694   0.20012565]
C[C@@H](NC1=CC(=O)CNC1)c1ccc(Nc2ncc3cc(-c4ccncc4)ccc3n2)cc1,[ 0.08734541  0.74999374 -0.68987423 -0.6496379   0.46265924]
COc1cc(N)c2c(c1N)C(=O)c1ccccc1C2=O,[ 0.1757073  -0.03993793 -0.66876656 -0.8464396  -0.05600057]
C=CC[NH+]1CCCC1CNC(=O)c1cc2n[nH]nc2cc1OC,[ 0.41390133  0.7854784   0.23864064  0.08267948 -0.32088652]
O=[N+]([O-])OCC(O)CO,[ 0.31715304  1.         -0.6382563  -0.79934186 -0.06135595]
Nc1ccc(N)cc1,[ 0.34329364  0.7511746  -0.3425165  -1.          0.04359287]
CCCCCCCCCCCC(=O)OCC(O)C1OCC(O)C1O,[ 0.29600132  0.622574   -0.9036596  -0.06523088  0.0652352 ]
CCCCC(CC)(C(=O)OCC)C(=O)OCCN(CC)CC,[ 0.20462939  0.9444509  -0.9035477  -0.7095096   0.05803195]
O=[N+]([O-])c1cc(Cl)ccc1Cl,[ 0.19725043  0.77860254  0.3005233  -0.24155925  0.02187547]
CCOC(=O)c1c(C)cc2c(CO)n[nH]c(=O)c2c1C,[-0.00403465  0.40205902  0.6700733  -0.43517852 -0.3886911 ]
CCC(CC)n1nc(C)c(C(=O)N[C@@H](C)C(C)(C)C)c1NS(=O)(=O)c1ccc(C)cc1,[ 0.1573935   0.57238877  0.5649587  -0.3377727  -0.4965555 ]
CN(C)CCOCCOCCN(C)C,[-0.13424116  0.9225374  -0.72382283 -0.8486837  -0.2377453 ]
C[C@@](N)(Cc1ccc(O)c(O)c1)C(=O)O,[ 0.20965195  0.53174925 -0.5962373  -0.6515741  -0.13746765]
CC1[NH2+]Cc2cc(-c3ccc4c(=O)c(C(=O)[O-])cn(C5CC5)c4c3OC(F)F)ccc21,[ 0.20063232  0.86156565 -0.7034364  -0.753759   -0.19535437]
CNC(=O)[C@@H]1Cc2cn(cn2)CC(=O)N2CCC[C@H]2C(=O)N[C@@H](C)C(=O)N1C,[ 0.33106053  0.6825334  -0.80401486 -0.7725319   0.1258411 ]
CCOc1cc(OCC)c(C(=O)CCC(=O)O)cc1OCC,[-0.23276114  0.9268613  -0.7907227  -0.9500676  -0.36053306]
CCCCCCN,[-0.47104964  0.9890292  -0.16014248 -0.7075909   0.13887866]
O=[N+]([O-])c1ccc(Nc2ccccc2)c(S(=O)(=O)O)c1,[ 0.22262618 -0.02573865 -0.5939265  -0.7181873   0.2722146 ]
COCCOP(=O)(OCCOC)OCCOC,[ 0.0769327   0.97669804 -0.8269975  -0.75335157  0.5071591 ]
CCCOC(=O)c1ccc(C(=O)OCCC)nc1,[ 0.19962443  0.7020452  -0.25528637 -0.7977582  -0.23060252]
CC(O)C#N,[-0.00125925  0.9066777  -1.         -0.76731795 -0.06094644]
CNC(=O)CSP(C)(=S)OC,[ 0.3695882   0.19442701 -0.4154949  -0.1348673  -0.29067335]
c1ccc2[nH]c(-c3cscn3)nc2c1,[ 0.39633393  0.9768169  -0.4085747  -0.7016016  -0.07433473]
CCNC(=O)CSP(=S)(OC)OC,[ 0.3188378   0.8860494  -1.         -0.80290055 -0.21089247]
Fc1ccc(Br)cc1,[-0.48047006  0.604105   -0.76696867 -0.5191902   0.0515809 ]
ClCCCBr,[ 0.26884434  0.20538948 -0.06749427 -0.22979411 -0.04721379]
c1ccc2sc(SNC3CCCCC3)nc2c1,[ 0.46444732  0.7871539  -0.76919466 -0.7006754  -0.37814653]
CC1CCN(C(=O)CC(Cc2cccc(C(=N)N)c2)NS(=O)(=O)c2ccc3ccccc3c2)CC1,[ 0.20167248  0.858395   -0.8686076  -0.60157627 -0.06007712]
CC(O)C(Cl)(Cl)Cl,[ 0.25886968  1.         -0.50325173 -0.13525562 -0.27838722]
COc1ccc(-c2nc3c(NCCCNC(C)=O)c(Br)cnc3[nH]2)cc1,[-0.04700159  0.847817   -0.8414553  -0.4292136  -0.24624503]
CCCCCCCCCCOc1c(OC)cc(C(N)=O)cc1OC,[ 0.09026567  0.5192028  -0.3687845  -0.62195903 -0.04684643]
CC1CN(C2CCCCCCCCCCC2)CC(C)O1,[ 0.6514628   0.75719315 -1.         -0.1457717   0.4713523 ]
CNC(=O)Oc1ccc(CCC#N)cc1,[ 0.30659217  0.88906646 -0.5194319  -0.5826573   0.03053152]
CC1(C)SCN(C(=O)C2(Oc3ccc(Cl)cc3)CCCCC2)C1C(=O)O,[-0.12580605  0.5199957  -0.72147405 -0.8215766  -0.5821121 ]
CCC(=O)O,[ 0.11241779  0.78542274  0.81985056 -0.3607546  -0.40953246]
Cc1ncc(C[n+]2csc(CCO)c2C)c(N)n1,[-0.00218116 -0.12604061 -0.5594218  -0.5945829   0.48710218]
CNC(=O)ON=C(C)SC,[-0.36413363  0.8736922  -0.6930375  -0.7138496   0.05050085]
O=C1c2cccc(S(=O)(=O)O)c2C(=O)c2c1cccc2S(=O)(=O)O,[ 0.2703787   0.59272045 -0.6169314  -0.77457356 -0.01333706]
C[N+](C)(C)CC(O)CC(=O)[O-],[ 0.1334837   0.7199591  -0.5996818  -0.6397261  -0.21149492]
Nc1nc(O)c2ncn(COCCO)c2n1,[ 0.3101088   1.         -0.46499473 -0.937496   -0.4499839 ]
CCOC(=O)CCC[Si](C)(OCC)OCC,[ 0.4738191   0.80201364 -0.8701508  -0.6836488   0.52445185]
CC(C)OC(=O)C(C(=O)OC(C)C)=C1SCCS1,[ 0.0490003   1.         -0.9316534  -0.00249256  0.23039731]
Nc1ccc([N+](=O)[O-])cc1N,[ 0.4666319   0.5037707  -0.93961906 -0.32186761 -0.01249654]
COCC(=O)O[C@]1(CCN(C)CCCc2nc3ccccc3[nH]2)CCc2cc(F)ccc2[C@@H]1C(C)C,[-0.16277699  0.79823935 -0.48370644  0.6697754  -0.34549612]
CCCCC(CC)COCCO,[-0.20773299  0.6147885  -0.9222892  -0.45289004  0.29402265]
Cc1ncccc1Oc1ncnc(OC2CCN(C(=O)OC(C)C)CC2)c1C,[ 0.43921426  0.7767296  -0.7376404  -0.6582031  -0.57706994]
CC(C)(C)c1ccc(OP2OCC3(CO2)COP(Oc2ccc(C(C)(C)C)cc2C(C)(C)C)OC3)c(C(C)(C)C)c1,[ 0.1082034   0.35297891 -1.         -0.6869871   0.09586714]
CC1(C)SC2C(NC(=O)C(C(=O)[O-])c3ccsc3)C(=O)N2C1C(=O)[O-],[ 0.46795344  0.39325792 -0.88369954 -0.76452357 -0.2576439 ]
O=C(O)Cc1ccccc1N1CCC(CN2CCC(Oc3ccc(Cl)c(Cl)c3)CC2)CC1,[-0.3039946  0.9167796 -0.7496212 -1.        -0.2506273]
O=P(OCCCl)(OCCCl)OC1CC(C(Br)CBr)CCC1Cl,[ 0.4525606   0.78720707 -0.936336   -0.93326926 -0.18406197]
CC(C)(C)c1cc(CCC(=O)OCCSCCOC(=O)CCc2cc(C(C)(C)C)c(O)c(C(C)(C)C)c2)cc(C(C)(C)C)c1O,[ 0.1989644   0.8895503  -0.7379458  -0.86323607 -0.40428197]
[NH3+]CC1CCC(C(=O)[O-])CC1,[ 0.28074694  0.82329184 -0.38698637 -0.23234035 -0.10380127]
Cc1cc(C(=O)c2ccccc2)ccc1N,[-0.997045    0.8186655  -0.51327974 -0.6049371   0.21575771]
CN1CCC(=C2c3ccccc3Sc3ccccc32)CC1,[ 0.20464791  0.8144446  -0.8330138  -0.6450558  -0.02298342]
COc1ccc(C[C@@H]2c3cc(OC)c(OC)cc3CC[N@+]2(C)CCC(=O)OCCCCCOC(=O)CC[N@@+]2(C)CCc3cc(OC)c(OC)cc3[C@H]2Cc2ccc(OC)c(OC)c2)cc1OC,[ 0.02010713  0.3676755  -0.14110112 -0.58307284 -0.15536682]
COc1cc2ncc(C(N)=O)c(Nc3ccc(C)cc3F)c2cc1OC,[ 0.495743    0.83283544 -0.6485734  -0.632392   -0.24568132]
C=CC(=O)OCC(CC)CCCC,[ 0.2572584  1.        -0.965904  -0.9245059  0.6129357]
NNC(=O)c1ccncc1,[-0.7568257   0.75315994 -0.35159624 -0.7418962  -0.24341106]
C[C@H](Cc1cccc(CC(=O)NC23CC4CC(CC(C4)C2)C3)c1)NC[C@H](O)c1ccc(O)c(CO)c1,[-0.49458954  0.8033912  -0.7133452  -0.8130715  -0.4000594 ]
CN(C)C1C(O)=C(C(N)=O)C(=O)C2(O)C(O)=C3C(=O)c4c(O)cccc4C(C)(O)C3C(O)C12,[ 0.21071196  0.7622954  -0.7546754  -0.7189722   0.5442078 ]
CC(NNC(=O)c1ccccc1)c1ccccc1,[ 0.1269157   0.8122708  -0.85317135 -0.7502055   0.00088432]
Cc1cccc(N)c1C,[ 0.36700547  0.8833773  -0.3790263  -0.27964416 -0.11649656]
CN(C)CC/C=C1/c2ccccc2COc2ccc(CC(=O)O)cc21,[0.06605677 0.42575017 0.0811169  0.32199806 0.02467195]
COc1cc2c3c(c1O)C1(C=CC(=O)C=C1)CC3N(C)CC2,[ 0.05016775  0.41861397 -0.8155801  -0.21358201  0.06421214]
O=C([O-])c1cc(N=Nc2ccc(S(=O)(=O)Nc3ccccn3)cc2)ccc1O,[-0.56160843  0.7789537  -0.21264192 -0.7434502  -0.20936728]
CC(CN1CCOCC1)C(C(=O)N1CCCC1)(c1ccccc1)c1ccccc1,[-0.46499848  0.83452106 -0.7707113  -0.98509836  0.00569158]
O=C(OCC1CO1)c1ccccc1C(=O)OCC1CO1,[ 0.24935332  0.38742557 -0.76999557  0.6322546  -0.24035878]
CC(c1ccccn1)c1c(CC[NH+](C)[14CH3])sc2ccccc12,[-0.34330973  0.843688    0.78375095 -0.2543164   0.19048382]
CN(CC#N)N=O,[-0.12385435  1.         -0.8548881  -0.97393644  0.43658906]
Nc1ncc2cc(-c3c(Br)cccc3Br)c(N)nc2n1,[ 0.68032765  0.7654547  -0.49642333 -0.6176406  -0.11385559]
CC#CN(CC)CC,[ 0.4785021   0.5832559  -0.97336364 -0.6461948   0.19928575]
CCN(CC)c1ccc2c(C)cc(=O)oc2c1,[ 0.82744735 -0.04825757 -0.5436103  -0.86787426  0.22432812]
CC(C)CCCCCN(CCCCCC(C)C)CCCCCC(C)C,[ 0.57857335  0.82282925  0.17586847 -0.9881902   0.15492871]
CCC(=O)OC1C(C)OC(OC2C(C)OC(OC3C(CC=O)CC(C)C(O)C=CC=CCC(C)OC(=O)CC(OC(C)=O)C3OC)C(O)C2N(C)C)CC1(C)O,[ 0.12856814  0.98705083 -0.8890878  -0.8658435  -0.1918244 ]
CO/N=C(/C(=O)NC1C(=O)N2C(C(=O)[O-])=C(C[N+]34CCC(C(N)=O)(CC3)CC4)CSC12)c1nsc(N)n1,[-0.19153282  0.78096104 -0.80155724 -0.82832575  0.23651019]
O=C(O)CCC(=O)c1ccc(-c2ccccc2)cc1,[ 0.02047136  0.6187361  -0.3736109   0.54700786 -0.3471033 ]
O=C(Nc1cccc(Cl)c1)Nc1nnc(-c2ccncc2)s1,[ 0.36898398  0.7609455  -0.68570966 -0.6872048   0.10253739]
O=c1cc(N2CCOCC2)nc2n(Cc3cccc(Cl)c3Cl)ccn12,[ 0.37726283  0.5003249  -0.5376138  -0.28704742 -0.43572462]
O=[N+]([O-])c1nccs1,[ 0.19808865  0.60128516 -0.9016488  -0.81414396 -0.14266458]
FC(F)(F)c1nc2c(Br)cc(Br)cc2[nH]1,[ 0.28069153  0.7564507  -0.7348348  -0.6307337  -0.34939578]
CCCCCCOCCOCCO,[ 0.09450728 -0.6003955  -0.40810293 -0.24966581 -0.43727702]
Cc1onc2c(=O)[nH]nc(-c3ccccc3)c12,[ 0.1177747  0.5103146 -0.9104809 -0.5104359 -0.4380983]
O=C(CN1CCNCC1)NN=Cc1ccc([N+](=O)[O-])o1,[-0.24524297 -0.6942979  -0.6292864  -0.92174935 -0.00331723]
CCCCOC(C)OCCCC,[-0.18873262  0.8187529  -0.24743013 -0.74326104 -0.24229307]
CCP(=O)(OC)SC,[-0.3520894   0.814752   -0.78663397 -0.7709208  -0.29978773]
O=C(CCCN1CCC(O)(c2cccc(C(F)(F)F)c2)CC1)c1ccc(F)cc1,[ 0.09565131  0.9335627  -0.85275185 -0.6274559  -0.26946038]
Cc1cccc(Nc2ccncc2S(=O)(=O)[N-]C(=O)NC(C)C)c1,[ 0.19584052  0.7267305   0.05767829 -0.69742805 -0.41917807]
COc1cc(OC)c(S(=O)(=O)N(c2ccccc2)C(C)C)cc1NC(C)=O,[-0.38736364  0.10311861 -0.7162486  -0.7299919  -0.23522311]
ClCC1C(CCl)C2(Cl)C(Cl)=C(Cl)C1(Cl)C2(Cl)Cl,[ 0.62715334  0.6829575  -0.71900475 -0.9009623   0.08469072]
C[C@@H](N/C(=N\c1ccncc1)NC#N)C(C)(C)C,[-0.00316222  0.88449264 -0.84368056 -1.         -0.26891586]
CCCP(=O)(CCC)CCC,[ 0.5406075   0.8628592  -0.94875455 -0.8096755   0.09141731]
CCOP(=S)(OCC)Oc1cc(C)n(CC)c(=O)c1,[ 0.30762795  0.7949899  -0.7476205  -0.5692659  -0.47718102]
CC(O)c1cccc(N)c1,[ 0.2576962   0.87349176 -0.7970811   0.11512438 -0.41898194]
OCCN(CCO)CCO,[-0.5078832   0.6800406  -0.6868468  -0.6532143  -0.20669435]
CC(C)C(O)(c1ccc(OC(F)(F)F)cc1)c1cncnc1,[-0.20735675  0.6433954  -0.7656276  -0.7881683   0.10286782]
COC(=O)c1cc(Oc2ccc(Cl)cc2Cl)ccc1[N+](=O)[O-],[-0.01557631  0.648128   -0.7047412  -0.83328444 -0.26140594]
C[C@@H](NC(=O)C1CCCCN1C)c1ccc(Nc2ncc3cc(-c4ccncc4)ccc3n2)cc1,[ 0.07556583  0.8103111  -0.8534853  -0.5058674  -0.19848022]
C=CC(=O)NCNC(=O)C=C,[ 0.6039895   0.888651   -0.66985744 -0.62453085 -0.0966936 ]
CC(C)(C)c1nnc(NS(=O)(=O)c2ccccc2)s1,[ 0.97968644  0.23620713  0.9612417  -1.          1.        ]
CC(=S)NC[C@H]1CN(c2ccc(-c3nnc(CNS(C)(=O)=O)s3)c(F)c2)C(=O)O1,[ 0.5662315   0.9715173  -0.80229884  0.19840692  0.01181009]
CCC(C)N(C)C(=O)c1cc2ccccc2c(-c2ccccc2Cl)n1,[ 0.5618773   1.         -0.7705285  -0.9992815  -0.39522222]
CC(C)c1cccc(C(C)C)c1O,[ 0.2667632  -0.5089985   0.17293254 -0.54981565 -0.18245581]
CC(C)OP(=S)(OC(C)C)SCn1nc(Cl)ccc1=O,[-0.35290444  0.85053074 -0.15948172  0.36659455 -0.17196172]
C[C@@H]1NC(=O)[C@@H](C)N(C)C(=O)[C@H](C)N(C)C(=O)[C@@H](C)N(C)C(=O)[C@@H](C)N(C)C(=O)[C@H](C)NC1=O,[-0.00585661  0.50393337 -0.6634375  -0.56705004  0.00630002]
C[N+](C)(Cc1ccc(NC(=O)c2ccc(Cl)c(Cl)c2)cc1)C1CCOCC1,[-0.9905143   0.7957406  -0.35117853 -0.6674741  -0.46357456]
CCC1(CC)Oc2cccc(OC(=O)N(C)C(C)=O)c2O1,[ 0.3181833   0.9047268  -0.8596884  -0.95481086  0.6846516 ]
OC(CCN1CCCC1)(c1ccccc1)C1CCCCC1,[-0.39324883  0.8639149  -0.8163999  -0.6224214  -0.12428644]
Cc1ccc(N=C=O)cc1,[ 0.3111578   0.8197562  -0.7257305  -0.40571102  0.48295686]
CNC(=N)c1cccc(CC(CC(=O)N2CCC(C)CC2)NS(=O)(=O)c2ccc3ccccc3c2)c1,[-0.26100934  0.048263   -0.76779616 -0.04310781 -0.8283036 ]
CC(C(=O)O)c1ccc(CC2CCCC2=O)cc1,[ 0.3731845   0.76070464 -0.59092736 -0.61287934 -0.04818728]
CC(=O)NC(CS)C(=O)[O-],[ 0.05112468 -0.5555355  -0.692501   -0.69299567 -0.31962305]
COc1cc(OC)c(S(=O)(=O)NCc2ccccc2N2CCCCC2)cc1NC(=O)CCC(=O)O,[ 0.6271693   0.9583436  -0.9116462  -0.8282475  -0.19477107]
CCCCCCCCCCCCNC(N)=S,[-0.28625923  0.6207946  -0.8598076  -0.15092547  0.32934487]
Cc1ccc(NC(=O)c2ccc(C#N)cc2)cc1-n1cnc2ccc(N3CCN(C)CC3)cc2c1=O,[ 0.12244552  1.         -0.71710694 -0.908811   -0.21840096]
CNC(=O)Nc1nnc(C(C)(C)C)s1,[ 0.33798227  0.919659   -0.7928858  -0.5703122  -0.04728743]
CC(C)OCCO,[-0.50996196  0.5946646  -0.53023237 -0.5996166  -0.13967471]
Cc1cc(C)c(N)c(C)c1,[ 0.36971688  0.10428698 -0.9336509  -0.6347614   0.62496334]
C[C@@H]1O[C@@H](O[C@H]2[C@H](Oc3cc(O)c4c(c3)O[C@H](c3ccc(O)cc3)CC4=O)O[C@H](CO)[C@@H](O)[C@@H]2O)[C@H](O)[C@H](O)[C@H]1O,[ 0.6133411   0.40539524 -0.91967726  0.43916082  0.2516069 ]
COc1cc2c(c3oc(=O)c4c(c13)CCC4=O)C1C=COC1O2,[ 0.01978056  0.7722957  -0.70027125 -0.89059705 -0.73821896]
COC(=O)Cc1ccccc1,[-0.39167005 -0.00952876 -0.9722546  -0.69486153 -0.10447374]
CO/N=C(\C(=O)N[C@@H]1C(=O)N2C(C(=O)O)=CCS[C@H]12)c1csc(N)n1,[ 0.22085121  1.         -0.6176875   0.41584373  0.0911364 ]
CC(NC(C)c1ccccc1)c1ccccc1,[ 0.14208676  1.         -0.86905456 -0.9661501   0.22283053]
CC(C)[C@H](C(=O)Nc1nccs1)c1ccc(Cl)cc1,[ 0.3259563   0.9302302  -0.6285398  -0.6705367   0.35703582]
CC1CCCCC1NC(=O)Nc1ccccc1,[ 0.06629314  0.53147805 -0.7199447  -0.7424532  -0.18440256]
COC(C)CC(=O)O,[-0.06414145  0.8131467  -0.9892024  -0.6840211  -0.21480703]
NC(=O)[C@H](Cc1ccccc1)NC(=O)OCc1ccccc1,[ 0.43240124  0.8651264  -0.8199351  -0.7127579   0.3281129 ]
N#Cc1cccc(C#N)c1,[-0.02973403  0.9967673  -0.33166733 -1.         -0.13609466]
COP(=S)(OC)Oc1cc(Cl)c(Cl)cc1Cl,[ 0.30119476  0.89133537 -0.6836241  -0.51402086 -0.35396972]
Oc1c(O)c(-c2c(Cl)c(Cl)c(Cl)c(Cl)c2Cl)c(Cl)c(Cl)c1Cl,[ 0.3516878   0.7526602   0.9410929  -0.02644269 -0.23679538]
O=C1CC2(CCCC2)CC(=O)N1CCCCN1CCN(c2ncccn2)CC1,[ 0.0397137   0.67640275 -0.8029092  -0.78919536  0.3224872 ]
CC(C)(C)NC[C@H](O)COc1nsnc1N1CCOCC1,[ 0.6108261   0.75198424 -0.68610513  0.3232592  -0.1192118 ]
C=C(C)C1CC=C(C)C(O)C1,[ 0.50431997  0.9351416   0.09351117 -0.6381538  -0.01894118]
CCCCCCCCC1OC1CCCCCCCC(=O)OCC1(CC)OC1CCC,[ 0.34255466 -0.2153443  -0.6639351  -1.          0.05909603]
O=CNC(N1CCN(C(NC=O)C(Cl)(Cl)Cl)CC1)C(Cl)(Cl)Cl,[ 0.21946378  0.98175734 -0.74574554 -0.9444901  -0.09588127]
O=C(c1ccccc1)c1cccc2c1CCC2C(=O)O,[-0.08214088  0.8390173  -1.         -0.73159623  0.04247523]
O=NN(c1ccccc1)c1ccccc1,[ 0.3835057   0.8670687  -0.70350605 -0.7929969   0.8357152 ]
CC(=O)SCC(=O)Nc1nc2ccccc2s1,[ 0.3656445   0.90988547 -0.48860934 -0.85357755 -0.17423782]
Nc1nc2ccc(OC(F)(F)F)cc2s1,[-0.6278164  -0.73090684 -0.65105784 -0.19678651  0.47455415]
C/C=C/CC(C)C(O)C1C(=O)NC(CC)C(=O)N(C)CC(=O)N(C)C(CC(C)C)C(=O)NC(C(C)C)C(=O)N(C)C(CC(C)C)C(=O)NC(C)C(=O)NC(C)C(=O)N(C)C(CC(C)C)C(=O)N(C)C(CC(C)C)C(=O)N(C)C(C(C)C)C(=O)N1C,[ 0.19067253  0.9144859  -0.9033253  -0.8747242   0.0094829 ]
COC(=O)C1=C(C)NC(C)=C(C(=O)OCCN(C)Cc2ccccc2)C1c1cccc([N+](=O)[O-])c1,[ 0.43577915  1.         -0.6947254  -0.73139894 -0.22212425]
CN(C)C(=O)Nc1ccc(Cl)cc1,[ 0.6594789   1.         -0.64998806 -0.55900633 -0.0620565 ]
COc1cc(C=CC(=S)N2CCOCC2)cc(OC)c1OC,[-0.30325097 -0.48325938 -0.45111993 -0.5058037  -0.24719886]
O=C(Cc1ccc(OCc2ccccc2)cc1)NO,[ 0.52717495  0.6700038  -1.         -0.5556296  -0.20110339]
C=CC[N+]1([C@H]2C[C@H]3[C@@H]4CC[C@H]5C[C@H](O)[C@@H](N6CCOCC6)C[C@]5(C)[C@H]4CC[C@]3(C)[C@H]2OC(C)=O)CCCC1,[ 0.5587166   0.8484818  -0.9097841  -0.51825243 -0.32715416]
CC(C)CCOC(CO)CC(C)C,[-0.15613145  0.3316751  -1.         -0.7811593  -0.32697126]
Cn1cnc(S(=O)(=O)N(CCN(Cc2cncn2C)c2ccc(C#N)cc2)Cc2ccccc2)c1,[-0.24383809  0.92384076 -0.8742476  -0.7989481  -0.03025545]
CC(=CC(=O)O)C(=O)O,[ 0.0849977   0.65149295 -1.         -0.88878757 -0.26097643]
O=[N+]([O-])c1cc2[nH]c(C(F)(F)F)nc2cc1Cl,[ 0.44059637  0.735958   -0.8420225  -0.7205875  -0.63694876]
Cc1cc(=O)n(CSP(=S)(OC(C)C)OC(C)C)nc1Cl,[-0.07405865  0.86699635 -0.8402863  -0.67390424 -0.11925139]
CC(=O)Oc1cc(C(F)(F)F)ccc1C(=O)O,[-0.3498947   0.79418725 -0.83551836 -0.49647418  0.10617483]
CC(C)OCCCO,[ 0.26245996  1.         -1.         -0.89120173  0.31675175]
C=CCSP(=O)(NC(=O)CC)OC,[ 0.2552866   0.9642532  -0.5124633  -0.34642932  0.3764084 ]
Cc1ccc(C(=O)N(CCCN)[C@@H](c2nc3cc(Cl)ccc3c(=O)n2Cc2ccccc2)C(C)C)cc1,[ 0.3519122   0.71725637  0.47066104 -0.36936703 -0.21826209]
O=CC=CC1CO1,[ 0.30449963  0.7851972  -0.4796196  -0.7499602  -0.1834344 ]
CCOC(C1=NCCCN1)c1c(Cl)cccc1Cl,[ 0.4349139   0.6356369  -0.34113184 -0.6253318  -0.22889473]
C=COC(=O)CCCCCCC,[-0.5016793   0.5248037  -0.6993968  -0.87987953  0.07510117]
CN(C)C1CC(c2ccccc2)c2ccccc21,[ 0.3299447   1.         -1.         -0.72865194 -0.14257653]
CN1CCN(C2=c3ccccc3=Nc3ccc(Cl)cc3N2)CC1,[ 0.30239776  0.80466336  0.09426271 -0.13555509 -0.3289187 ]
COCCOC(=O)CC#N,[ 0.01071458  0.9399832  -0.7113305  -0.9868658   0.11161923]
CCOC(=O)C=Cc1ccc2c(c1)OCO2,[ 0.41817573  0.79798514 -0.9112017  -0.8749343  -0.37252462]
O=c1[nH]cnc2c1ncn2[C@H]1CC[C@@H](CO)O1,[-0.47898322  0.97385705 -0.72678095 -0.7039915   0.07449564]
N#Cc1cc(Br)c(O)c(Br)c1,[ 0.15878028  0.7969994  -0.16082233 -0.3251753   0.05762989]
Cc1c(CN2CCOC(c3ccccc3)C2C)c(=O)n(-c2ccccc2)n1C,[ 0.26325873  0.7199388  -0.9537928  -0.73513013 -0.34676936]
CC[C@@H]1OC(=O)[C@@H](C)[C@H](O[C@@H]2C[C@](C)(OC)[C@H](O)[C@@H](C)O2)[C@H](C)[C@H](O[C@@H]2O[C@H](C)C[C@H](N(C)C)[C@H]2O)[C@@](C)(O)C[C@@H](C)/C(=N\OCOCCOC)[C@H](C)[C@@H](O)[C@@]1(C)O,[ 0.05234922  0.7237412  -0.4917226   0.7472119  -0.16168685]
CC(COc1ccc(Cl)cc1Cl)C(=O)O,[ 0.22386019  0.8496523  -1.         -0.73375267  0.53139615]
CCCCn1c(=O)n(CCC)c(=O)c2[nH]c(C)nc21,[ 0.00714076 -0.18741037 -0.78750175 -0.37778324  0.1170582 ]
CN(C)N=Nc1nc[nH]c1C(N)=O,[ 0.1273731   0.5205893  -1.         -0.18433245  0.03025897]
CCOC(C)COC(C)CO,[ 0.0012098   0.8237715  -0.7251748  -0.3880593  -0.19110878]
Cc1cnc(NC(=O)C2=C(O)c3ccccc3S(=O)(=O)N2C)s1,[-0.10631312  0.65807253 -0.7663394  -0.7902271  -0.37540296]
CCC(C(=O)O)c1ccc(CC(C)C)cc1,[ 0.3939611   0.7078764  -0.986403   -0.83145106 -0.03652814]
CCCc1nn(C)c2c(=O)[nH]c(-c3cc(S(=O)(=O)N4CCN(C)CC4)ccc3OCC)nc12,[ 0.12603274  0.5957969  -0.82753974  0.31457287 -0.07650439]
Cc1cc(-n2c(C)nc3ccccc3c2=O)n(-c2ccccc2)n1,[ 0.36177894  0.7658335  -0.7290149  -0.5754149  -0.1497752 ]
C[Si](C)(C)CCCC(=O)O,[-0.21961823  0.8593217  -0.57950926 -0.5680693  -0.20961569]
C=COC(=O)C=CC,[ 0.05271717  0.85577226  0.5232029  -0.32939938  0.28849745]
C=CCC1/C=C(\C)CC(C)CC(OC)C2OC(O)(C(=O)C(=O)N3CCCCC3C(=O)OC(/C(C)=C/C3CCC(O)C(OC)C3)C(C)C(O)CC1=O)C(C)CC2OC,[ 0.54328215  0.3498698  -0.46225548 -0.6898342  -0.43472266]
CC1CC(=O)NN=C1c1ccc([N-]N=C(C#N)C#N)cc1,[ 0.10503661  0.19395965 -0.57496285 -0.6918309   0.22525144]
CC(C)(C)NC(=O)NCCN1CCCC(NC(=O)c2cc(Cl)cc(Cl)c2)C1,[ 0.46852863  0.6418987  -0.24093932 -0.43299448 -0.16200899]
CCN(CC)CCO,[ 0.32206082  0.9164881  -0.89118737 -0.83983976 -0.3302445 ]
CC(=O)OC(C(=O)NC(N)=O)c1ccccc1,[-0.04266009 -0.12056679 -0.7551889   0.09579499  0.64307123]
CSCCC([NH3+])C(=O)NC1(C(=O)[O-])CS(=O)(=O)C2C(C(=O)[O-])C21,[ 0.2905433   0.6283397  -0.61627007 -1.         -0.70467854]
Oc1ccc(O)cc1,[-0.04289501  0.80327666 -0.45718992  0.02350513 -0.15778719]
CO/N=C(\C(=O)N[C@@H]1C(=O)N2C(C(=O)O)=C(COC(C)=O)CS[C@H]12)c1csc(N)n1,[-0.02379548  0.9200258  -0.5120473  -0.8583806  -0.201031  ]
Cc1c(OC2CCN(CC3CCN([C@@H](Cc4ccc(F)cc4)C(=O)O)CC3)CC2)ccc(C#N)c1Cl,[ 0.1468951   0.9076144  -0.33596984 -0.29664597 -0.318634  ]
CCOP(=O)(OCC)OC(=C(Cl)Br)c1ccc(Cl)cc1Cl,[-0.28242847  0.16949779 -0.88681054 -0.63132006 -0.37890512]
CN(C)CC=C(c1ccc(Br)cc1)c1cccnc1,[ 0.36068374  0.72228724 -0.4544899  -0.74822164  0.01522148]
O=[N+]([O-])c1ccc(Cl)c([N+](=O)[O-])c1,[ 0.19519582  0.05187809 -0.64642614  0.8793008   0.2666582 ]
O=c1n(CC2CO2)c(=O)n(CC2CO2)n1CC1CO1,[ 0.27197284  0.8988263  -0.9847081  -0.8136865   0.6939932 ]
CC(CN1CC(=O)NC(=O)C1)N1CC(=O)NC(=O)C1,[-0.48344576  0.70106494 -0.8267565  -0.8407035  -0.19172698]
Cc1cc(Nc2nc(N[C@@H](C)c3ccc(F)cn3)c(C#N)nc2C)n[nH]1,[-0.08410977  0.08614824 -1.         -0.17707662 -0.0409001 ]
NC(=O)N1C(=O)C(C(=O)c2cccs2)c2cc(Cl)ccc21,[-0.6372865  -0.01547167 -0.7382262  -0.8109135  -0.15452795]
O=C(OCC=Cc1ccccc1)c1ccccc1,[-0.2377246   0.7308109  -0.88262546 -0.8558309  -0.21174034]
O=S1(=O)CCN(c2ccccc2)CC1,[ 0.06944744  0.79128224 -1.         -0.6277485   0.5539795 ]
CN(C)C(=O)N(C)N=O,[ 0.18095692  0.8147742  -0.86747575 -0.97264904 -0.261179  ]
COc1cc2c(cc1OC)C(Cc1cc(OC)c(OC)c(OC)c1)[N+](C)(CCCOC(=O)CC/C=C\CCC(=O)OCCC[N+]1(C)CCc3cc(OC)c(OC)cc3C1Cc1cc(OC)c(OC)c(OC)c1)CC2,[ 0.15579453  0.8962411  -0.7363556  -0.71487254 -0.25538576]
O=C(Nc1ccccc1-c1ccccc1)OC1CCN(CCCCCCCCCNC[C@H](O)c2ccc(O)c3[nH]c(=O)ccc23)CC1,[ 0.28175095  0.8999435  -1.         -0.93864596 -0.1930298 ]
CCOc1ccccc1C(=O)NN=C(C)C(=O)O,[ 0.05004154  1.         -0.95087355 -0.6195046  -0.1381163 ]
C=CN(CC)C(C)=O,[-0.3885382   0.86779344 -0.7187351  -0.79460084 -0.09175745]
COC(=O)c1cc([N+](=O)[O-])ccc1Cl,[ 0.11263616  0.8408101  -0.7438182  -0.8859515  -0.2560228 ]
C=CC(=O)OCCOCC,[ 0.4288626   0.6615738  -0.82037205 -0.57559997 -0.4073016 ]
CCCSP(C)(=S)Oc1ccccc1,[ 0.5194035   0.6644655  -0.50632745 -0.50826496 -0.26530367]
O=C1NC(=O)C(c2ccccc2)(c2ccccc2)C(=O)N1,[ 0.5393997  -0.05975732 -0.49332595 -1.          0.06071588]
CCCCOCCOC(C)=O,[ 0.22930849  0.85587627 -0.7688455  -0.28378123 -0.529802  ]
CN(C)S(=O)(=O)CCCCCNC(=O)N(CCCl)N=O,[ 0.36878356  0.3816075  -0.46318552 -0.70017517 -0.17276216]
O=C(O)CCC(=O)OC1CCCCC1,[ 0.29654065  0.75599986 -0.60544753 -0.6200229  -0.45485744]
CN1CCN(CCCN2c3ccccc3Sc3ccc(Cl)cc32)CC1,[-0.0219095   0.49535522 -0.74695957 -0.210017   -0.45937186]
CC1(C)CC(NC2CC(C)(C)NC(C)(C)C2)CC(C)(C)N1,[ 0.5556686   0.9272258  -0.15744086 -0.79225063 -0.24684356]
C=CCc1ccccc1OCC(O)C[NH2+]C(C)C,[ 0.3379877   1.         -0.91039926 -0.69651014 -0.44239125]
CO[Si](CCCOCC1CO1)(OC)OC,[-0.00704343  0.6914544  -0.35475004 -0.7443008  -0.09183553]
CCCC1CC(C(=O)NC(C(C)Cl)C2OC(SC)C(O)C(O)C2O)[NH+](C)C1,[ 0.2943918   0.7959774  -0.6570149   0.19609366 -0.33218846]
COC1CCC=CO1,[-0.1001552   0.85798126 -0.8826186  -0.38900274  0.1552731 ]
CCN1CCCC1CNC(=O)c1cc(S(N)(=O)=O)ccc1OC,[-0.16803756 -0.36544603  0.302838   -0.36424157 -0.19068532]
COCCN(C(=O)CCl)c1c(C)cccc1C,[-0.14385816  0.7330656  -0.88543236 -0.7163841   0.51482713]
CCN(CCO)c1cccc(C)c1,[-0.23797534  0.7065924  -0.8450367  -0.7160266  -0.11044919]
Cc1ccc2c(c1)c(-c1ccnc3c(C)cccc13)c(C)n2CC(=O)O,[-0.10930289 -0.24051197 -0.22687645 -0.579786   -0.17371725]
O=[N+]([O-])c1cc(C2CCCCC2)c(O)c([N+](=O)[O-])c1,[ 0.28507885  0.824749   -0.38368192 -0.3940267   0.22496188]
O=C(CSc1nc2c(c(=O)n1-c1ccccc1)SCC2)Nc1ncc(-c2ccccc2)s1,[ 0.2594967   0.8757104  -1.         -0.58172154 -0.30370554]
Nc1ccc(F)c(F)c1F,[ 0.09542122  0.8003117  -0.31849766 -0.92011094  0.72419196]
Cc1cnc(NCCCN(C)C)c2c1[nH]c1ccc3cc(O)ccc3c12,[ 0.2636315   0.76137763  0.3460076  -0.9672492   0.10795126]
C#CC1(O)C=CC2C3CCC4=CC(=O)CCC4C3CCC21CC,[-0.09817746  0.7029755  -0.7504566  -0.5123911  -0.1516704 ]
N#CC(c1ccccc1)c1ccccc1,[ 0.5321488   0.5881881  -0.25720686 -0.5269724  -0.10573565]
Cc1c(C(C)C)c(=O)n(-c2ccccc2)n1C,[ 0.40394646  0.0071324   0.0515351  -0.24723975  0.7819224 ]
CCN(Cc1cc(C(F)(F)F)ccc1-c1cc(CC(=O)O)ccc1OC)C(=O)NCc1ccccc1,[ 0.11971381  0.2882524  -0.7581105  -0.4046623   0.3366794 ]
C=CCc1cc(OC)c2c(c1)OCO2,[ 0.18348807  0.84301126 -0.56018454 -0.80266905 -0.19145904]
CCN(CC)c1c([N+](=O)[O-])cc(C(F)(F)F)c(N)c1[N+](=O)[O-],[ 0.27326027  0.8027544  -1.         -0.7487642  -0.15850314]
CC(=O)CCC(C)=O,[-0.04985321  0.8331535  -0.9646131  -0.8433912  -0.6174405 ]
Nc1c(Cl)c(Cl)c2[nH]c(C(F)(F)F)nc2c1Cl,[ 0.35599896  0.8699946  -0.48678994 -0.791467    0.21307568]
CC(=O)OCCOCCOCCOC(C)=O,[ 0.7317118   0.8920767  -0.9039652  -0.1956166  -0.12259784]
CCCCC(=O)N(Cc1ccc(-c2ccccc2-c2nnn[n-]2)cc1)C(C(=O)[O-])C(C)C,[ 0.4848041   0.45439103 -0.7951499  -0.81378895  0.10360017]
C[C@H](Cn1cnc2c(N)ncnc21)OCP(=O)(O)O,[ 0.7103795  -0.95816225 -0.999943   -0.4573782  -1.        ]
O=c1c(Cl)c(Cl)cnn1-c1ccccc1,[ 0.0988116   0.91619706 -0.35129666 -0.32022208 -0.07986879]
Nn1cnc2cc3ccccc3cc2c1=O,[ 0.12117333  0.9119295  -0.7116917  -0.34939718 -0.18090534]
COc1ccc2c3c1OC1C(O)C=CC4C(C2)[N+](C)([O-])CCC341,[ 0.26352593  0.85907745 -1.         -0.75778055  0.07298084]
CC(C)(C(=O)O)S(C)(=O)=O,[ 0.26214397  0.90999836 -0.7975276   0.26228848 -0.41076803]
N[C@H]1CCN(c2c(Cl)cccc2/C=C2\SC(=O)NC2=O)C1,[-0.00254024  0.73444676 -0.776945   -0.9020151  -0.34326807]
COc1ccc(CC2NCC(O)C2OC(C)=O)cc1,[ 0.19151895  0.35481316 -0.66867495  0.49403018  0.10705657]
CCNC(=S)NCC,[ 0.7203575   0.877341   -0.69209963 -0.11874188 -0.6956596 ]
CCOCCCO,[ 0.1225738   0.41700745 -0.6406235  -0.67054826  0.12828186]
COc1cc([C@@H]2c3cc4c(cc3[C@@H](O[C@@H]3O[C@@H]5CO[C@@H](C)O[C@H]5[C@H](O)[C@H]3O)[C@H]3COC(=O)[C@H]23)OCO4)cc(OC)c1O,[ 0.11971507  0.85362494 -0.9203145  -0.88307524  0.6029186 ]
NCC1CCC=CO1,[-0.24656513  0.76577276 -0.61022896 -0.5581254   0.31063163]
CN(C)N=Nc1ccc(I)cc1,[-0.6183198   0.91157705 -0.6735885  -0.6995036   0.59309286]
CC(C)C1NC(=O)c2ccccc2O1,[ 0.15590411  0.8185913  -0.62104475 -0.87523615 -0.41214633]
Cc1cc(C)c(C)cc1C,[ 0.86813563  0.89489025 -0.37716457 -0.65438247 -0.3239899 ]
Oc1ccc2[nH]c(C(F)(F)F)nc2c1,[ 0.15241177  0.5673782   0.01899319 -0.89459825 -0.4210444 ]
O=[N+]([O-])c1cc(Cl)c(N=Nc2ccc(N3CCS(=O)(=O)CC3)cc2)c(Cl)c1,[-0.14856908  0.61047137 -0.3925892  -0.66907734 -0.22841534]
CNCC(O)c1cccc(O)c1,[-0.41781327  0.72107184  0.1089333  -0.78777325  0.0532095 ]
CN(C1CCCCC1)C1CCCCC1,[ 0.32770652  0.7020361  -0.878793   -0.81029826  0.02173724]
Cc1ccc2c(c1)c(Sc1cccc(Cl)c1)c(C)n2CC(=O)O,[ 0.3420386   0.87299114 -0.8302335  -0.97510123 -0.04853188]
OCC(O)C(O)C(O)CO,[ 0.3106055   0.37948748 -0.5235629  -0.850574   -0.64332175]
N#CCCOCCC#N,[-0.2286694   0.8663485  -0.85708004 -1.          0.27555913]
COc1nccnc1NS(=O)(=O)c1ccc(N)cc1,[ 0.5006855   0.9270571  -0.6876925  -0.96788204 -0.31778908]
CCCOCCOC(=O)C1=C(C)NC(C)=C(C(=O)OCCOCCC)C1c1cccc([N+](=O)[O-])c1,[ 0.5194346   0.84821117 -0.6878265  -0.30031365  0.07215818]
CCCN(CCC)c1c([N+](=O)[O-])cc(C(C)C)cc1[N+](=O)[O-],[ 0.06602633  0.9664865  -0.86477417 -0.8068722   0.48579675]
CN(C)S(=O)(=O)N(SC(F)(Cl)Cl)c1ccccc1,[ 0.40232423 -0.9360897  -0.68105114 -0.17127872  0.2107054 ]
Cc1c(OC2CCN(CC3CCN([C@@](C)(Cc4ccc(F)cc4)C(=O)O)CC3)CC2)ccc(Cl)c1Cl,[ 0.29861805  0.29850358 -0.82382977  0.08029503  0.13616678]
O=C(NCC12CC3CC(CC(C3)C1)C2)c1cc(-n2ncc(=O)[nH]c2=O)ccc1Cl,[ 0.21058615  0.9928374  -0.60542375 -0.55257165 -0.25820854]
NCCNCc1ccccc1O,[-0.19364086  0.8961703  -0.7717135  -0.27508005 -0.25989854]
CCOC(=O)COc1ccc(C(=O)CN2CCN(C3CCN(C(=O)OCOC(=O)C(C)(C)C)CC3)CC2=O)cc1,[-0.02623988  0.78925914 -0.87182707  0.34808064  0.55989337]
CN(C)C(Cc1ccccc1)c1ccccc1,[ 0.24661435  0.8948322  -0.7261112  -0.84582955 -0.11652303]
c1cc(-c2ccc3nc(Nc4ccc(OCCN5CCCC5)cc4)ncc3c2)ccn1,[ 0.24016233  0.90459114 -0.79176325 -0.54250675  0.36220515]
CCC(C)OP(=S)(OC)OC,[-0.19695072  0.87795204 -0.75999385 -0.69679654 -0.3817171 ]
CCOP(=O)(OCC)N(C)c1ccccc1,[ 0.3168869   0.7664337  -0.94175476 -1.         -0.01479971]
O=CCc1ccccc1,[ 0.25685495  0.11229315 -0.7776704   0.38905925  0.05643117]
C[C@H](CO)Nc1nc(SCc2cccc(F)c2F)nc2[nH]c(=O)cnc12,[ 0.21714957  0.8618301  -0.62584555 -0.6506112  -0.0014279 ]
COC(=O)/C=C/CNC(=O)CN1C(=O)[C@@H](COC(=O)Nc2ccc(Cl)cc2C(F)(F)F)N=C(c2ccccc2)c2ccccc21,[-0.27163607  1.         -0.7044856  -0.52627456 -0.28839612]
CCCSP(C)(=S)Oc1ccc(Cl)cc1Cl,[ 0.45828095  0.710775   -0.09832485 -0.4800166  -0.5248041 ]
CC(C)NC(=O)c1cnc(N2CCC(N3C(=O)OCc4ccccc43)CC2)c(Cl)c1,[-0.1491309   0.41710028 -0.5267656  -0.3395003   0.6648735 ]
CCCCCC(=O)O,[ 0.0518862   0.78822494 -0.83685166 -0.76175094  0.10343705]
Cc1ccc(C(=O)c2ccc(CC(=O)NCC(=O)Nc3cccc(C)c3C)n2C)cc1,[ 0.14496091  0.7668742  -0.37052628 -0.01001708 -0.08323616]
CC[C@H](C)C(=O)O[C@H]1C[C@H](O)C=C2C=C[C@H](C)[C@H](CC[C@@H](O)C[C@@H](O)CC(=O)O)[C@H]21,[-0.19431938  0.8487337  -0.62634385 -0.63809824  0.16065148]
COc1ccc(N)c([N+](=O)[O-])c1,[ 0.20066404  0.87347    -0.80356854 -0.849653   -0.05862991]
O=[N+]([O-])c1ccc(C=NNC(=S)N2CCCC2)o1,[ 0.5295296   0.53722256 -0.46174186 -0.6650654   0.04207271]
C=C(C)C(=O)OCCCC,[-0.09223014  0.7703785  -0.7222356  -0.98681    -0.34740222]
CS(=O)(=O)c1ccc(C(O)C(COC(=O)C[NH3+])NC(=O)C(Cl)Cl)cc1,[-0.02907786  0.6987523  -0.5511125  -0.59974873 -0.4776666 ]
Nc1ccc(S(=O)(=O)O)c2cccc(O)c12,[-0.4130658   0.7616663  -0.4632692  -0.7745572   0.43624794]
N#CC1CC2CC2N1C(=O)C(N)C12CC3CC(CC(O)(C3)C1)C2,[ 0.2381659   1.         -0.82451636 -0.7714096   0.5800663 ]
Cn1c(COP(=O)(NCCBr)NCCBr)cnc1[N+](=O)[O-],[ 0.17939639  0.92812455 -0.9571553  -0.31080297  0.09406737]
C=CC(=O)Nc1ccc(O)cc1,[-0.18702905  0.6871328  -0.9188139  -0.88120127 -0.13749059]
COc1ccc(C(Oc2ccccc2)C2=NCCCN2)cc1,[ 0.13485412 -0.7454149  -0.17139709 -0.5429565  -0.01620955]
COc1ccc2c3c1OC1CC(O)C=CC31CC[NH+](C)C2,[-0.0137175   0.86838967 -0.6819886  -0.70759237 -0.3805618 ]
O=CC1=CCCCC1,[-0.0617517   0.78656     0.50533825 -0.25339508  0.2418007 ]
Cc1ncc(CS)c(CO)c1O,[ 0.1017666  -0.33028477 -0.8822712  -1.         -0.04029216]
COCOCCO,[ 0.1588372   0.42906702 -0.78217673  0.07127884 -0.00748514]
CC1CC(=O)CC(C)O1,[ 0.25300902  0.10054704 -0.8131028  -0.9876427   0.17724445]
CN(C)c1ccc(N=Nc2ccccc2)cc1,[ 0.30696288  0.7668856  -1.         -0.6613292   0.54924846]
CCCC(=O)OC1(C(=O)COC(=O)CC)CCC2C3CCC4=CC(=O)CCC4(C)C3C(O)CC21C,[-0.13309473  0.59631824 -0.7653383  -0.69939345  0.28188223]
N#Cc1ccc(F)c(-c2cc(C(F)(F)F)ccc2OCC(=O)O)c1,[ 0.56147313  0.4974449  -0.92051864 -0.14619242  0.0856582 ]
C=CCOc1ccccc1C(N)=O,[ 0.32790834  0.45192453 -0.7411255  -0.76319444 -0.20370618]
CCNC(=O)C(C)OC(=O)Nc1ccccc1,[ 0.3453759   0.7575214  -0.8045912  -0.8690244   0.12459059]
CCCCc1c(OC(=O)c2cc(OC)c(OC)c(OC)c2)n(-c2ccccc2)n(-c2ccccc2)c1=O,[-0.10251399  0.7329321  -0.6491983  -0.79850245 -0.39636302]
CCCCCCCC=CC=O,[ 0.1935844   0.9152268  -0.8447214  -1.          0.14298311]
Nc1cc[n+]([O-])cc1,[ 0.27566466  0.92242014 -0.6992539  -0.79928684  0.6583476 ]
CCC(=O)NCCC1CCc2ccc3c(c21)CCO3,[ 0.1209319   1.         -0.7816638  -0.65643007  0.41819525]
CCc1c2c(nc3ccc(O)cc13)-c1cc3c(c(=O)n1C2)COC(=O)[C@]3(O)CC,[-0.15652752  0.82929873 -0.86359227 -0.4211631  -0.18429369]
Cc1cn([C@H]2CCCN(S(=O)(=O)c3ccc(CO)c(Oc4cccc(Cl)c4)c3)C2)c(=O)[nH]c1=O,[-0.22688012  0.16445154 -0.25732216 -0.6540072   0.12959903]
Cc1cc(-c2ccc(Cl)c(C(=O)NCC3(O)CCCCCC3)c2)nn1C[C@H](O)CN,[ 0.48558584  0.3868814  -1.         -1.         -0.1518005 ]
CCN1C(=O)NC(c2ccccc2)C1=O,[ 0.1423032   0.73409635 -0.6269812  -0.9571583  -0.23557426]
Cc1cc(OC(=O)N(C)C)n(-c2ccccc2)n1,[-0.08527681  0.7149442  -0.9112016  -0.5411662   0.02770223]
Cc1nn(C2CCCCC2)c(N)c1-c1ccccc1,[-0.11605165  0.9173725  -0.8749345  -0.76974195 -0.49252158]
CC(C)(C)c1cc(O)ccc1O,[ 0.10638529  0.8013547  -0.35893175  0.676102    0.29358533]
O=[N+]([O-])c1cc(Cl)c2nc(C(F)(F)F)[nH]c2c1,[-0.10730433  0.56173015 -0.9924308  -0.8300691   0.04814689]
OCCCCC(O)CO,[ 0.20701265  0.66548675 -0.7771943  -0.72414297 -0.47527918]
CCOP(=S)(NC(C)C)Oc1ccccc1C(=O)OC(C)C,[-0.3368611   0.82443786 -0.8578292  -0.9923632   0.3808984 ]
CCc1nc2cc(O)ccc2c(Oc2ccc(/C=C/C(=O)O)cc2)c1-c1ccccc1,[-0.42991447  0.9988887  -0.8738023  -0.81651336  0.39387518]
CC(O)COC(C)CP(CC(C)OCC(C)O)CC(C)OCC(C)O,[ 0.06143315  0.70554745 -0.7687005  -0.80380183  0.09299072]
C[NH+]1CCc2cccc3c2C1Cc1ccc(O)c(O)c1-3,[ 0.25435966  0.51556385 -0.33417416 -0.8016903   0.03475549]
COc1ccc(C(=O)Nc2ccccc2CCC2CCCCN2C)cc1,[ 0.47217903  0.6712931  -0.5941817  -1.          0.18257922]
CC(=O)Nc1ccc(C)c(NS(=O)(=O)C(F)(F)F)c1,[ 0.7282323   0.4216568  -0.560323   -0.57091796 -0.2993533 ]
C[C@@H]1NC(=O)[C@@H](C)NC(=O)[C@H](C)N(C)C(=O)[C@@H](C)N(C)C(=O)[C@@H](C)NC(=O)[C@H](C)N(C)C1=O,[ 0.23720947  0.76342636 -0.6613506  -0.7669125   0.10535447]
CCC(C(=O)N1CCCCC1C(=O)OC(CCc1ccc(OC)c(OC)c1)c1cccc(OCC(=O)NCCNC(=O)COc2cccc(C(CCc3ccc(OC)c(OC)c3)OC(=O)C3CCCCN3C(=O)C(CC)c3cc(OC)c(OC)c(OC)c3)c2)c1)c1cc(OC)c(OC)c(OC)c1,[ 0.11182961 -0.5718315  -0.43488577  0.6734436  -0.05901746]
CCCCC(CC)CNCC(C)(N)CN(C)CC(CC)CCCC,[ 0.23723318  0.20087072 -0.9365797   0.6115597   0.16781937]
CCCCN(CCCC)CCCC,[ 0.12691143  0.83703774 -0.9311404  -0.6174598  -0.3096453 ]
CCCOP(=O)(OC=C(Cl)Cl)OCCCl,[ 0.09360836  0.78393584 -0.6318203  -0.9811524  -0.32774884]
Cc1ccc(N=C=O)cc1N=C=O,[ 0.05369329  0.18376642 -0.48964304 -0.6518848  -0.33152333]
CC(O)C1C(=O)N2C(C(=O)[O-])=C(SC3CCS(=O)C3)SC12,[-0.10972391  0.6189687  -0.5114169  -0.7295127  -0.36387262]
C[C@@H](NC1=CC(=O)CC1)c1ccc(Nc2ncc3cc(-c4ccncc4)ccc3n2)cc1,[-0.16381797  0.74785054 -0.47136635 -0.5193932  -0.34494737]
CNC(=O)c1[nH]cnc1C(=O)Nc1ccc(Cl)cc1,[ 0.32527524  0.8822979  -0.6605078  -0.7362122   0.02594418]
C[Si](C)(Cl)Cl,[ 0.48872694  0.77700233 -0.774322   -0.84607995 -0.18483266]
Cc1ccc([N+](=O)[O-])cc1,[ 0.3821338  0.694368  -0.9496744 -1.        -0.3106737]
CN(C)NC(=O)CCC(=O)O,[ 0.1402654   0.45168108 -0.95526373 -0.67500603 -0.18978237]
CC(C)NCC(O)COc1ccc(COCCOC(C)C)cc1,[-0.43635753  0.8319736  -0.5207946  -0.6878401  -0.20629546]
CC(=O)OC(C)OC(=O)C(C)c1ccc(-c2ccccc2)c(F)c1,[ 0.4716909  -0.23133771 -0.7208528  -0.5766498   0.7019518 ]
CCOC(=O)COC(=O)c1cc(Oc2ccc(C(F)(F)F)cc2Cl)ccc1[N+](=O)[O-],[ 0.02001361 -0.40732718 -0.1917764  -0.04414609 -0.05464382]
CO[C@@H]1C=CO[C@@]2(C)Oc3c(C)c(O)c4c(c3C2=O)C(=O)/C(=C\NN2CCN(C)CC2)C(=C4O)NC(=O)C(C)=CC=C[C@@H](C)[C@H](O)[C@H](C)[C@H](O)[C@@H](C)[C@@H](OC(C)=O)[C@@H]1C,[ 0.61353016  0.852367    0.13044098 -0.569209    0.39079276]
N=C(N)Nc1nc(CSCCC(=N)NS(N)(=O)=O)cs1,[ 0.8259455   0.6504682  -0.95202166 -0.23668143 -0.27473825]
O=C1CC(N2C(=O)c3ccccc3C2=O)C(=O)N1,[ 0.07422105 -0.257768   -0.24864778 -0.56174254 -0.0009447 ]
COc1ccc2ccc(=O)n(CCN3CCC(NCc4cc5c(cn4)OCCO5)CC3)c2n1,[-0.28711832  0.72134936 -0.7736696  -0.70733124  0.01731544]
Nc1ccc(Cl)cc1Cl,[-0.04881565  0.615375   -0.87517285 -0.720174   -0.0378376 ]
O=C(Cl)c1cccc(C(=O)Cl)c1,[ 0.3289901   0.19081736 -1.         -0.19459578 -0.1251848 ]
CCc1cccc(CC)c1N,[ 0.2576145   0.8377026  -0.8704119  -0.85512936 -0.07227853]
CCOP(=S)(OCC)OC(=CCl)c1ccc(Cl)cc1Cl,[ 0.26893422 -0.03617274 -0.21758877  0.8931983   0.65628195]
ClCC1CO1,[ 0.41681877  0.6142848  -0.62419695 -0.90810007 -0.1535116 ]
O=P([O-])([O-])C(O)(Cn1ccnc1)P(=O)([O-])O,[-0.5680897   0.6236766  -1.         -0.36017463 -0.22090317]
ClCC(Cl)=C(Cl)Cl,[ 0.56089014  0.6822978  -0.60908026 -0.9318802  -0.207256  ]
C[C@H](CO)Nc1nc(SCc2ccccc2F)nc2[nH]c(=O)sc12,[-0.06018702  0.8629952  -0.7503248  -0.46122196  0.08844182]
Cc1ccc(OP(=O)(Oc2ccccc2)Oc2ccccc2)cc1,[-0.07585831  0.5457686  -0.9926795   0.18401568  0.03521562]
Cc1nc(N)nc(N)c1-c1ccc(Br)cc1,[ 0.18617709  0.8534542  -1.         -0.98334676 -0.18818441]
CCC(=O)OC1CCC2C3CCC4=CC(=O)CCC4(C)C3CCC12C,[ 0.23335212 -0.9235051  -0.71279836 -0.60974216  0.6913403 ]
Cc1c(Sc2ccc(Cl)cc2)c2c(S(C)(=O)=O)cccc2n1CC(=O)O,[-0.39908516  0.7855349  -0.7977713  -0.9238876  -0.3314165 ]
CCOP(=O)(O)O,[-0.08569527 -0.55503607 -0.8181929  -0.70569414 -0.11663068]
C1CCC2CCCCC2C1,[ 0.3572778   0.5491829  -0.72950727 -0.8172906   0.03430603]
O=C1COc2ccc(CNC3CCN(CCN4C(=O)COc5ccc(Cl)cc54)CC3)nc2N1,[ 0.3818117   0.49090448 -0.9029225  -0.7275967   0.05395342]
CNC(=O)Oc1cc(C)c(N(C)C)cc1C(C)C,[ 0.02205642  0.7041381   0.05523056 -0.30961823 -0.23093021]
CCC(C)(C)c1ccc(Cl)c(OC(=O)NC)c1,[ 0.29956967  0.72086215 -0.7733826   0.75196403  0.24848703]
CSCCNc1nc(SCCC(F)(F)F)nc2c1ncn2C1OC(COP(=O)([O-])OP(=O)([O-])C(Cl)(Cl)P(=O)([O-])[O-])C(O)C1O,[-0.5525558   0.88066065 -0.7288979  -0.3084987   0.01578396]
CCCSP(C)(=S)OP(C)(=S)SCCC,[-0.11001842  0.9069285  -1.         -1.         -0.45947552]
Cc1cc(Cl)ccc1OCCCC(=O)O,[ 0.30613384  0.8616364  -0.8586184  -0.75966525  0.02738405]
COc1ccc2ncc(F)c(CCN3CCC(NCc4cc5c(cn4)OCCO5)CC3)c2n1,[ 0.14575233  0.7589411   0.72171164 -0.6191761  -0.32677698]
c1ccc(OP(Oc2ccccc2)Oc2ccccc2)cc1,[ 0.7261658   0.7977048  -0.79431325 -0.30699232  0.3175824 ]
SCc1ccccc1,[ 0.17091002  0.45345184 -0.49756265 -0.7949637   0.42681548]
C=CCc1cc(OC)c(OC(C)Cc2cc(OC)c(OC)c(OC)c2)c(OC)c1,[ 0.4645203   0.31672746 -0.79943705 -0.16698813 -0.22252184]
CCOP(=S)(OCC)SCC(=O)N(CCC#N)c1ccccc1,[ 0.3474919   1.         -0.9718637  -0.94081753  0.05447504]
COc1ccccc1Oc1c([N-]S(=O)(=O)c2ccc(C(C)C)cn2)nc(-c2ccnc(-c3nnn[n-]3)c2)nc1OCCO,[ 0.4710017   0.1808215   0.00644384 -0.6156556  -0.5354734 ]
COP(=S)(OC)Oc1cnc2ccccc2n1,[ 0.8324396   0.7671167  -1.         -0.60500824  0.29169017]
CCCCN(N=O)C(N)=O,[ 0.32028008  0.856013   -0.7450026  -0.7806547   0.12917686]
Cc1cc(Nc2nc(N[C@@H](C)c3ccc(F)cn3)c(C#N)cc2Cl)n[nH]1,[ 0.4510956   0.72737014 -0.1857368  -0.73943305 -0.45574194]
CC1CCC(C(C)C)C(O)C1,[-0.15401447 -0.35412487 -0.781991   -1.          0.3509389 ]
CCC(=O)Nc1ccc2[nH]c(C(F)(F)F)nc2c1,[ 0.1043692  0.6978435 -0.907355  -1.        -0.6700543]
C[C@@H]1NC(=O)[C@H](C)N(C)C(=O)[C@@H](C)NC(=O)[C@H](C)N(C)C(=O)[C@@H](C)N(C)C(=O)[C@@H](C)NC1=O,[-0.11852204  0.37603933 -1.         -0.7604926  -0.43600798]
C#CCN1C(=O)CN=C(c2ccccc2)c2cc([N+](=O)[O-])ccc21,[ 0.2319265   0.91167396 -0.71843284 -0.5572617  -0.33148327]
Nc1nc2[nH]cnc2c(=S)[nH]1,[-0.10091785  0.799169   -0.57255214 -0.24930403  0.07679252]
O=C(C(F)(F)Cl)C(F)(F)Cl,[-0.19063273  0.9346621  -0.90887827 -0.48280406  0.27077386]
CC[C@H](C)[C@H](NC(=O)[C@H](CCC(=O)[O-])NC(=O)[C@H](CCC(=O)[O-])NC(=O)[C@H](Cc1ccccc1)NC(=O)[C@H](CC(=O)[O-])NC(=O)CNC(=O)[C@H](CC(N)=O)NC(=O)CNC(=O)CNC(=O)CNC(=O)CNC(=O)[C@@H]1CCCN1C(=O)[C@H](CCCNC(N)=[NH2+])NC(=O)[C@@H]1CCCN1C(=O)[C@H]([NH3+])Cc1ccccc1)C(=O)N1CCC[C@H]1C(=O)N[C@@H](CCC(=O)[O-])C(=O)N[C@@H](CCC(=O)[O-])C(=O)N[C@@H](Cc1ccc(O)cc1)C(=O)N[C@@H](CC(C)C)C(=O)[O-],[ 0.17428257  0.27715847 -0.82729304 -0.80192345 -0.22419906]
Cc1c(C(=O)NCCO)[n+]([O-])c2ccccc2[n+]1[O-],[ 0.34486854  0.7458409   0.72261065 -0.5276102  -0.17758708]
ClCc1cccc2ccccc12,[ 0.21606804  0.8585247  -0.785224   -0.9092207  -0.08312398]
COCc1c(C(C)C)nc(C(C)C)c(/C=C/[C@@H](O)C[C@@H](O)CC(=O)O)c1-c1ccc(F)cc1,[ 0.5645095   0.6241638  -0.83848983 -0.34024718 -0.14733547]
C=CS(=O)(=O)CCCCCC,[ 0.3307135   0.9332178   0.37614477 -0.68125004  0.19735157]
CC(=O)OCc1ccc(C(C)C)cc1,[-0.3782652   0.9851778  -0.8098761  -0.8930977  -0.14198367]
CC(O)CO,[ 0.2506106   0.52657485 -0.64216083 -0.74660605 -0.4860478 ]
COc1ccc([N+](=O)[O-])cc1N,[-0.23184156  0.91173995 -0.7074279  -0.5982478  -0.39884627]
COP(=S)(OC)SCSCC=C(Cl)Cl,[ 0.05079949  0.7844505  -0.76145846 -0.7862915  -0.04311026]
CP(=S)(Oc1ccccc1)Oc1ccc(C#N)cc1,[ 0.15736459  0.5970296  -0.63368803  0.59972614 -0.5318312 ]
CCC1OC(C)SC1=NOC(=O)NC,[-0.3026143   0.7830506  -0.43423948  0.45752934  0.33592445]
O=C(O)COc1ccc(Cl)cc1CN1CCN(S(=O)(=O)Cc2ccccc2)CC1,[ 0.2846619   0.76764643 -0.635362   -0.5467208  -0.42276472]
O=C([O-])CCCc1ccc(N(CCCl)CCCl)cc1,[ 0.0765137   0.8431398  -0.5239175  -0.5301992  -0.38159782]
O=C(CCl)CCl,[ 0.07635769  0.84843004 -0.7476222   0.14078134 -0.29998648]
COc1cc(Nc2nc(N[C@@H](C)c3ncc(F)cn3)ncc2Br)n[nH]1,[ 0.5840554   0.84435576  0.45389828 -0.23311456 -0.52215004]
COc1cc(C=CC(N)=O)ccc1O,[ 0.3765244   0.60736823 -1.         -0.9261632   0.04694377]
C(=NC1CCCCC1)=NC1CCCCC1,[ 0.01033008  0.9317077  -0.76002914 -0.7701744  -0.20271091]
CCC1(CC)C(=O)NCC(C)C1=O,[ 0.1974307   0.7897233  -0.4605151  -0.79160935 -0.2785007 ]
O=C(OCCc1ccccc1)c1ccccc1,[ 0.33238944  0.44632807 -0.89820015  0.3300482  -0.00385185]
Clc1ccc(C2(Cn3cncn3)OCCO2)c(Cl)c1,[ 0.36547595  1.         -1.         -0.35833973 -0.37492806]
CCC(C)OC(CBr)c1ccc(Cl)cc1,[-0.5756322   0.57515526 -0.8204802  -0.6562098  -0.25278392]
NCCCNCCSP(=O)(O)O,[ 0.30806243  0.42859793 -0.9819415  -0.6068796  -0.325796  ]
O=C(OCC(COC(=O)c1ccccc1)(COC(=O)c1ccccc1)COC(=O)c1ccccc1)c1ccccc1,[-0.26258257  0.6759636  -0.79037166 -0.52775306  0.21428621]
NCCNCCNCc1ccccc1O,[ 0.08759014  0.9024432  -0.6338252  -0.8385108   0.31824356]
CC1=C2C[C@H]3[C@@H](CC=C4C[C@@H](O)CC[C@@]43C)[C@@H]2CC[C@]12O[C@@H]1C[C@H](C)CN[C@H]1[C@H]2C,[-0.13644643 -0.3569559  -0.6605861  -0.66881114 -0.14796977]
CN(C)Cc1cc(CN(C)C)c(O)c(CN(C)C)c1,[ 0.3600759   0.63293713 -0.98774993 -0.09496678  0.50944906]
C=COCCOC,[ 0.3099031   0.9081276  -0.97543836 -0.8761916  -0.3505194 ]
CCCCSN(C)C(=O)Oc1cccc2c1OC(C)(C)C2,[ 0.05539646  0.80981827 -0.82112527 -1.          0.705236  ]
CCC(C)c1ccc(Oc2ccc(C)cc2CC(=O)O)c(Cl)c1,[ 0.5950893  1.        -0.702613  -0.7814746 -0.3055175]
Cc1cnc(C)c(C)n1,[ 0.04330412  0.8134305  -0.98947644 -0.40849495 -0.48033378]
CCOC(=O)C(CCc1ccccc1)NC(C)C(=O)N1C(C(=O)[O-])CC2CCCCC21,[ 0.0868888   0.8563719   0.88369495 -0.12277882 -0.09962793]
CCCCCCCCCCCCCCCCCCOP(=O)([O-])OCC[N+]1(C)CCCCC1,[ 0.20964688  0.73696715 -0.10690918 -0.5503897  -0.40102112]
CCC(C)C(CC)C(N)=O,[-0.12099924  1.         -0.5879424  -0.9913548   0.44974595]
COCCOCc1ccccc1,[ 0.31590188  1.         -0.8390594  -0.5633066   0.07103331]
CC([NH3+])Cc1ccccc1,[ 0.03124972  0.7875682  -0.83341384 -0.8784115  -0.24769798]
Cc1cnc(-c2cc(NC(=O)c3ccc(C(F)(F)F)nc3C)ccc2Cl)[nH]1,[ 0.08914324  0.3768259  -0.42259243 -0.5028665   0.43160048]
O=C(CCl)OCCOCCO,[-0.22210583  0.6822635  -0.9811713  -0.9308451  -0.11669502]
CON(C)C(=O)Nc1ccc(Cl)cc1,[-0.27334395  0.7561644  -0.27451384 -0.88039935 -0.31291917]
CC(C)(C)c1cc([N+](=O)[O-])cc([N+](=O)[O-])c1O,[ 0.1956815   0.41024137 -0.9222348  -0.7103579  -0.3213045 ]
CC(C)C(CCC(C)C1CCC2C3C(O)CC4CC(NCCC[NH2+]CCCC[NH3+])CCC4(C)C3CCC12C)OS(=O)(=O)[O-],[ 0.20657754  1.         -0.8507436  -0.9350031   0.12257192]
C=CCc1ccc(OC(C)=O)c(OC)c1,[ 0.746014    0.8858617  -0.9435641  -0.30101925  0.00757383]
C=C(Cl)C(Cl)CCl,[ 0.18436266  0.18789966  0.24296965 -0.97335744 -0.08915453]
c1ccc(C2CO2)cc1,[-0.6195249   0.724672   -0.29608905 -0.7642965   0.06342899]
CCc1cc2c(s1)-n1c(C)nnc1CN=C2c1ccccc1Cl,[-0.11289933  0.92362636 -0.9264106  -0.90598845 -0.6806948 ]
NC(=S)NNCNNC(N)=S,[ 0.09976923 -0.6863432  -1.         -0.49660826 -0.04792316]
CC(C)(O)c1ccc(Nc2nc3ccc(C#N)cc3[nH]2)cc1,[ 0.37756926 -0.6438594  -1.         -0.24882267  0.22977722]
CSc1ccc(C(=O)c2[nH]c(=O)[nH]c2C)cc1,[ 0.22785431  0.7812184  -1.         -0.9476823   0.72543126]
CN1CCN2c3ncccc3Cc3ccccc3C2C1,[ 0.16190091  0.8589845  -0.3766328  -0.5706544  -0.59623504]
CCCCN(CCCC)SN(C)C(=O)ON=CC(C)(C)SC,[ 0.16712314  0.6771994  -0.7529204  -0.7471416  -0.33680496]
COCCN(c1cccnc1)P(=O)(c1ccccc1)c1ccccc1,[ 0.5083323   0.88292164 -0.76488245  0.24704404 -0.15362167]
CCC(=O)N(c1ccccc1)C1CC[NH+](CCc2ccccc2)CC1,[ 0.21364467  0.90478003 -0.8059839  -0.7188548   0.7087222 ]
CN(C)CCCC1c2ccccc2Nc2ccc(Cl)cc21,[ 0.13319115  0.9823428  -0.84965754 -0.8096083  -0.11671076]
COP(=S)(OC)SCc1nnc(SC)s1,[ 0.14629997  0.70828956 -0.31036875 -0.43927732  0.401901  ]
CC(C)[N+](=O)[O-],[ 0.5747623  0.9072115 -0.8047573 -1.        -0.472104 ]
CCOC(=O)C(C)Oc1ccc(Oc2nc3ccc(Cl)cc3s2)cc1,[ 0.8133457  -0.21156348 -0.63657427 -0.60100543  0.05411713]
CC(C)CNC(=O)NS(=O)(=O)c1ccc(Cl)cc1,[-0.357787    0.7576185  -0.7765727  -0.4293983  -0.30235386]
FC1(F)CC(C2CC3(Cl)C(Cl)=C(Cl)C2(Cl)C3(Cl)Cl)C1(F)F,[ 0.4744605   0.7481599  -0.77166146 -0.7390879   0.5153119 ]
C[NH+]1CCOC(c2ccccc2)c2ccccc2C1,[ 0.44835928  0.33685058 -0.71282095  0.08263937  0.30602446]
CN1CCN(CCC=C2c3ccccc3Sc3ccc(S(=O)(=O)N(C)C)cc32)CC1,[-0.49787652  0.8072851  -0.6468242  -0.7167794  -0.1264949 ]
CC(C)=CC1C(C(=O)OC(C#N)c2cccc(Oc3ccccc3)c2)C1(C)C,[ 0.01480822  0.54383564 -0.8142654  -0.3168405   0.56971806]
Nc1nc(O)c(Cl)c(-c2ccccc2)n1,[ 0.2904944   0.15208484 -0.7676076  -0.86032224 -0.39970547]
C[C@@H]1NC(=O)[C@H](C)N(C)C(=O)[C@@H](C)N(C)C(=O)[C@H](C)NC(=O)[C@@H](C)NC(=O)[C@@H](C)N(C)C1=O,[ 0.20028682  0.787339   -0.17948388 -0.43380523 -0.28479105]
CC1(C)CC2(NC(=O)N(CCCN3CCC(O)CC3)C2=O)c2cc(F)ccc2O1,[-0.36255437  1.         -0.9327496  -0.6981117   0.7573032 ]
COc1cc(OC)c(S(=O)(=O)N2c3ccccc3CCC2C)cc1NC(=O)CSCC(=O)O,[-0.0634821   0.8472479  -0.33029413 -0.81953293  0.15864298]
C[N+](C)(C)[NH2+]CCC(=O)[O-],[ 0.33443326  0.7572892  -0.7656378  -0.617095    0.36452258]
CCC(=O)NC[C@H]1CN(c2ccc(-c3nncs3)c(F)c2)C(=O)O1,[-0.48222277  0.8527585  -0.82692105 -0.7523099   0.15452275]
O=c1[nH]c2ccccc2n1CCC[NH+]1CCC(n2c(=O)[nH]c3cc(Cl)ccc32)CC1,[ 0.38844684  0.18099527 -0.10498044 -0.6838394   0.1754647 ]
CON=C(Cc1cccnc1)c1ccc(Cl)cc1Cl,[-0.06588417  0.8927638   0.5355677  -0.21548977  0.1808934 ]
CCCCCCCCCCCCCCCCCC(=O)Cl,[ 0.5515706   0.79120475 -0.7944603  -0.6644805   0.17598937]
Nc1cc2c(cc1C1CCCCC1)CCC2C(=O)O,[-0.1930342   0.51872635 -0.40801066 -0.3738832  -0.17876339]
CC(C)c1cc(Oc2ccccc2)cc(C(C)C)c1NC(=S)NC(C)(C)C,[ 0.16367438  0.92000663 -0.93860686 -0.5486339  -0.23997645]
CC(C)=CCN1CCC2(C)c3cc(O)ccc3CC1C2C,[ 0.4687375   1.         -1.         -1.          0.03352752]
CC1(C)C2CCC1(C)C(O)C2,[-0.08900575  0.5207652  -0.8317638  -0.8578294  -0.41594222]
C=C(OP(=O)(OC)OC)c1ccc(Cl)cc1Cl,[ 0.34174052  0.85218674 -0.76665163 -0.71193314 -0.20180486]
CCC1=C(C)CN(C(=O)NCCc2ccc(S(=O)(=O)[N-]C(=O)NC3CCC(C)CC3)cc2)C1=O,[-0.23019068  0.7539984  -0.4955273  -0.7495175  -0.02352331]
CCOC(=O)CCN(SN(C)C(=O)Oc1cccc2c1OC(C)(C)C2)C(C)C,[-0.65711063  0.90884614 -0.9328471  -0.7848939  -0.10991618]
CC1CCC2(O)C3(C)CC4(O)OC2(C1O)C1(O)C3(O)C(OC(=O)c2ccc[nH]2)C(O)(C(C)C)C41C,[-0.17307402  0.9593916  -0.800493   -0.7725041   0.25851157]
CN(C)c1ccc(C(O)(c2ccc(N(C)C)cc2)c2ccc(N(C)C)cc2)cc1,[ 0.15359958  0.11788196 -1.         -0.5223479   0.11737531]
Nc1nc2c(ncn2COCCO)c(=O)[nH]1,[ 0.23986861 -0.07491872 -0.73233324 -0.09212314  0.53193784]
O=C(CCCCCCC(=O)Nc1ccccc1)NO,[-0.29167652  0.5933911  -0.9014038  -1.         -0.12650415]
Cc1nn(C)c(Oc2ccccc2)c1C=NOCc1ccc(C(=O)OC(C)(C)C)cc1,[-0.01294211 -0.79999405 -0.5098063  -0.39675668  0.33965322]
CC(=Cc1ccccc1)C=C1SC(=S)N(CC(=O)O)C1=O,[ 0.7690705   0.9427691  -0.4547102  -0.5524644   0.24631469]
NS(=O)(=O)c1cc2c(cc1Cl)NCNS2(=O)=O,[ 0.1792415   0.3477288  -0.733708   -0.9178389   0.24405766]
C[NH2+]C(C)Cc1ccccc1,[ 0.00962841 -0.22713682 -0.82454574 -0.5398652   0.20387676]
CC(C(N)=O)(c1ccccc1)c1ccc(N)cc1,[ 0.21546298  0.5872318  -0.83636487 -0.6792048  -0.66861665]
C[C@H](CSN=O)C(=O)N1CCC[C@@H]1C(=O)O,[-0.2268519   0.8465688  -0.8458224  -0.95004165  0.07626706]
O=Cc1ccc(O)cc1,[ 0.39726818  0.595101   -0.82710606 -0.7997254  -0.08390772]
NCCCCN,[ 0.7013154   0.7027957  -0.6555047  -0.38684624 -0.44739586]
O=C(O)c1ccccc1C(=O)Nc1cccc2ccccc12,[ 0.2523902   0.6640221  -0.6835822  -0.89487284 -0.11155491]
C=COC(=O)CCCCC(=O)OC,[ 0.22359492 -0.0083827  -0.8218153  -0.5675724  -0.15684368]
CCNC(=O)c1cc2c(-n3ccc(C(F)(F)F)n3)c(-c3cncc(-c4n[nH]c(=O)o4)c3)cnc2[nH]1,[ 0.23079649  0.99693483 -0.486437   -0.93258137 -0.14417623]
CCOP(=S)(OCC)Oc1ccc([N+](=O)[O-])c(C)c1,[ 0.11871725  0.9093008  -0.8404298   0.05573765  0.2818334 ]
CCC(C)(C)OC(=O)Nc1ccco1,[ 0.7606002   0.43960437 -0.9437797  -0.79062235 -0.05259295]
N#Cc1c(-c2ccc(-c3ccncc3Cl)cc2)nc2ccncc2c1O,[ 0.31534052  0.7908148  -0.01679096 -0.712464    0.0829686 ]
O=C1C(Cc2ccccc2)C(=O)N(c2ccccc2)N1c1ccccc1,[ 0.20803444  0.94300497 -0.76250297 -0.97721964 -0.23088655]
CCCN(CCC)c1c([N+](=O)[O-])cc(C)cc1[N+](=O)[O-],[ 0.37033668  0.83792067 -0.34777263 -0.5002234  -0.07185336]
CC(C)NCC(O)c1ccc(O)c(O)c1,[-0.19111812  0.85415184 -0.17128266 -0.20088536  0.19116606]
CCOC(=O)Nc1ccc(NCc2ccc(F)cc2)cc1N,[-0.1492821   0.8129468  -1.         -0.77826995 -0.15925539]
CCOC(C)=Cc1oc2ccccc2[n+]1CCCS(=O)(=O)[O-],[ 0.13439076  0.89716876 -0.9141288  -0.60821456 -0.4349449 ]
C=CC(=O)OCCc1ccc(CC)cn1,[ 0.10457643  0.84894264 -0.7488198  -0.59184074  0.02828971]
CC(=O)O[C@H]1C[C@@H]2CC[C@@H]3[C@H](CC[C@@]4(C)[C@H]3C[C@H]([N+]3(C)CCCCC3)[C@@H]4OC(C)=O)[C@@]2(C)C[C@@H]1N1CCCCC1.[Br-],[-0.21196063  0.99302113 -0.91040915 -0.95864654 -0.22374722]
Cc1c(F)cc(C(=O)NC2CC2)cc1-c1ccc(C(=O)NCC(C)(C)C)cn1,[ 0.29209146  0.7742014  -0.6274552  -0.5058513  -0.20704597]
CC(C)(c1ccc(Oc2ccc(N)cc2)cc1)c1ccc(Oc2ccc(N)cc2)cc1,[-0.33940676  0.8953146   0.1425815  -0.697234    0.2678872 ]
CCOC(=O)C=Cc1ccc(Cl)cc1,[ 0.04070186  0.16311103 -0.8535712  -0.8673646   0.15835665]
CCN(CC)CCCCCCCCCCNC(=O)Oc1ccc2c(c1)C1(C)CCN(C)C1N2C,[ 0.68312097  0.66724646 -0.16703475 -0.3019101   0.00069722]
ClC(Cl)(Cl)c1cccc(C(Cl)(Cl)Cl)c1,[ 0.08082131  0.92369276 -0.8083896  -1.         -0.29933968]
Cc1ccc(Nc2ccc(Nc3ccc(C)cc3)c3c2C(=O)c2ccccc2C3=O)cc1,[ 0.25646237 -0.46112543 -0.5680029  -0.6485253   0.02706368]
C=CC(=O)OCCCCCCOC(=O)C=C,[-0.5046724   0.7336878  -0.33226976 -0.6762904  -0.2791    ]
CCCCCC(O)C=CC1C(O)CC(O)C1CC=CCCCC(=O)O,[ 0.39842814 -0.15946403 -1.         -0.47888628  0.7304342 ]
COc1cc(OC)c(S(=O)(=O)N2c3ccccc3CCC2C)cc1NC(=O)COCC(=O)O,[ 0.45104384  0.8275185  -0.35275215 -0.6196166  -0.21370552]
COP(=S)(OC)SCC(=O)N1CCOCC1,[ 0.4606975   0.32538143 -0.69995105 -0.42387185  0.05339837]
Cc1c(-c2c(C)c(N)c3c(C(C)C)c(O)c(O)c(C=O)c3c2O)c(O)c2c(C=O)c(O)c(O)c(C(C)C)c2c1N,[-0.00313341 -0.8512898  -0.3436379  -0.4272954  -0.06907437]
CC[C@@]1(O)C(=O)OCc2c1cc1n(c2=O)Cc2cc3c(CN(C)C)c(O)ccc3nc2-1,[-0.33750746  0.96591663 -0.85083807 -0.55203503 -0.14304098]
O=CCCCC=O,[ 0.5196154   0.9294121  -0.5132802  -0.7979736  -0.30439717]
C#CC(C)(O)C(O)c1ccccc1,[ 0.12745705  0.9651707  -0.79580677 -0.21815993  0.05002424]
Cc1cc(Cl)ccc1OCC(=O)Nc1ccccc1,[-0.5159978   0.87532616 -0.6171248  -0.50624603 -0.2830656 ]
Oc1nc(-c2ccccc2)nc2ccccc12,[ 0.32876843  0.08538289 -0.57239914 -0.6943062   0.22830008]
FC(F)(F)c1nc2c(Cl)c(Cl)cc(Cl)c2[nH]1,[ 0.06495868  0.7542725  -0.6439892  -0.74387753 -0.3501309 ]
OCCOCCN1CCN(C(c2ccccc2)c2ccc(Cl)cc2)CC1,[ 0.383544    0.7139902  -0.33736247 -0.65584767 -0.08498375]
CC(=O)c1ccc2c(c1)N1C(=O)OCC1CC2,[ 0.3418299   0.783158   -0.9034704  -0.79061425  0.6952813 ]
NS(=O)(=O)c1cc2c(cc1Cl)NC(C(Cl)Cl)NS2(=O)=O,[ 0.04268276  0.65509725 -0.5310116  -0.54681087 -0.0214901 ]
COc1cc2c(cc1OC)C1CC(=O)C(CCC#N)CN1CC2,[-0.30003184  0.97301286 -0.6715915  -0.7894097   0.59508884]
CCOC(=O)C(CCc1ccccc1)NC1CCc2ccccc2N(CC(=O)O)C1=O,[ 0.18270184  0.76947236 -0.8452371  -0.74177325 -0.50583625]
FC(F)(F)c1nc2cc(Br)c(Cl)cc2[nH]1,[-0.01415143  1.         -0.81532943 -0.5613975   0.32049954]
CC(C)(C)OC(=O)N1CCN(c2ncc(OCc3ccncc3)cn2)CC1,[ 0.0283018   0.9385105  -0.86205655 -0.54419035  0.02908862]
O=C(NC(CCc1ccc2c(c1)OCO2)CCc1ccc2c(c1)OCO2)c1ccc(Cl)cc1,[ 0.42156422  0.66777796 -0.9971511  -0.39755252 -0.00403013]
Cc1cc(Cl)ccc1OCC(=O)O,[ 0.17961234  0.7675367  -0.9867972  -0.9216661  -0.46303755]
CC1CCCCN1N=O,[ 0.23358594  0.771214   -0.6917313  -0.841553   -0.145483  ]
C[C@H](CO)Nc1nc(SCc2cccc(F)c2F)nc2nc(N)cnc12,[ 0.309228    0.26025963 -0.64786476 -0.9146526  -0.18616174]
CN1CCN(c2ccc3ncc(C(N)=O)c(Nc4ccc(Cl)c(Cl)c4)c3c2)CC1,[-0.13512525  0.97898436 -0.6816929  -0.34031558  0.12860943]
COP(=S)(OC)Oc1nc(Cl)c(Cl)cc1Cl,[ 0.58978945  0.5111808  -0.8270435  -0.6823537  -0.0430468 ]
O=C1c2ccccc2N(C(=O)CN2CCOCC2)CN1c1ccccc1,[ 0.4155915   0.72569644 -0.9016335  -0.69724596 -0.3265948 ]
COc1cc2nc(N3CCN(C(=O)C(C)OC)CC3)nc(N)c2cc1OC,[ 0.4830029   0.7350578  -0.63920635 -0.6601282   0.11152942]
O=C1CCc2cc(C=CCN3CCN(c4ccc(Cl)cc4)CC3)ccc2N1,[ 0.40413502  0.8018464  -0.9050353  -0.33140612 -0.40289596]
C=C(C)C(=O)OC=C(C)C,[ 0.4313812  -0.22019768 -0.5825559  -0.60922897 -0.5299959 ]
C=CCOC(=O)CCCCC,[0.142359   0.9849663  0.38995335 0.30379197 0.38961798]
CCc1ccc2[nH]c(C(F)(F)F)nc2c1,[ 0.03618057 -0.30438185 -0.8568997  -0.58798885  0.29325113]
CC(C)(C)c1ccc(C(=O)O)cc1,[ 0.32968062  0.5623769  -0.5420534   0.5884095   0.1621946 ]
CC(C)CCC(C)Nc1ccc(Nc2ccccc2)cc1,[-0.0699706   0.5486656  -0.5573092  -0.8825212  -0.15538093]
O=C(Oc1ccccc1)n1c(C(F)(F)F)nc2cc(Cl)c(Cl)cc21,[ 0.02944655  0.40848425 -0.6656145   0.15398811 -0.4027428 ]
CC1CCC(N)CC1N,[-0.02068114  0.7909726  -0.59369195  0.00102667  0.04895982]
CN(C)C(=O)C(CCN1CCC(O)(c2ccc(Cl)cc2)CC1)(c1ccccc1)c1ccccc1,[ 0.16181916  0.26296705 -0.7408143   0.24697977  0.10467584]
CCCCCCCCOC(C)=O,[-0.11184145  0.51876265 -0.8734306  -0.8873907  -0.5027545 ]
Cc1cc([N-]S(=O)(=O)c2ccc(N)cc2)no1,[-0.03141787  0.8825168  -0.85175824 -0.6824005   0.47231773]
O=C1CCc2ccccc2O1,[ 0.11718503  0.38584656  0.14769928 -0.14734739  0.66811454]
CNC(=N)c1cccc(CC(CC(=O)N2CCC(C(=O)O)CC2)NS(=O)(=O)c2ccc3ccccc3c2)c1,[-0.16197988  0.24032831 -0.3556937   0.4213376  -0.04522626]
Clc1ccc(Cl)c(Cl)c1,[ 0.05681564  0.7744895  -0.7388109  -0.7535538  -0.08930822]
CCOC(=O)Cl,[ 0.2512292  -0.1145989  -0.6630136  -0.67348695  0.0163741 ]
OCCOCCN1CCN(C(c2ccccc2)c2ccccc2)CC1,[-0.16081245  0.8969594  -1.         -1.         -0.00352205]
Cn1c(C2=CCN(CCCN3c4ccccc4Sc4ccc(CC(=O)O)cc43)CC2)cc(=O)n(C)c1=O,[ 0.37502116  1.         -0.44671902 -0.600119   -0.08620036]
Nc1c(CC(=O)[O-])cccc1C(=O)c1ccc(Br)cc1,[ 0.23123755  0.95425934 -0.74701256 -0.52148527  0.0074316 ]
COC(=O)C(C(C)=O)C(C)=O,[ 0.09702577  0.27193078 -0.4880095  -0.80297136 -0.16057546]
COc1cccc(OC)c1O,[-0.531278    0.5043735  -0.8074853  -0.7313743  -0.04611462]
COc1cnc(-c2ccccc2C(F)(F)CNC(=O)c2ccc(COCC(F)(F)F)nc2)cn1,[-0.24544415  0.5182019  -0.51499224 -0.8355516   0.05016708]
Cc1cc(OC(=O)N(C)C)n(C(C)C)n1,[-0.22307076  0.834145   -0.3004508   0.56836265  0.36027116]
C#CC1(O)C(CO)OC(n2ccc(N)nc2=O)C1O,[-0.18503813  0.8475366  -0.6817493  -0.92752117 -0.30268505]
CC(=Cc1ccccc1)CC(=O)N1CCOCC1,[-0.02503723  0.9873146  -0.85790586 -0.43488225  0.24559042]
Cc1ccc(CO)cc1N(C)c1ccnc(Nc2cc(N3CCCOCC3)cc(N3CCOCC3)c2)n1,[ 0.7598661   0.6948674  -0.6965099  -0.7918664  -0.35818842]
C=C[Si](OC)(OC)OC,[ 0.43337104  0.7534343  -0.8064077  -0.70381916  0.07974804]
Cc1cnc(C(=O)c2ncnc3[nH]ccc23)c(NS(=O)(=O)c2ccc(Cl)c(C(F)(F)F)c2)c1,[ 0.0808768   0.82725304 -0.62664235 -0.5125605   0.17026705]
COP(=S)(OC)SC1CSC=CO1,[-0.5076373   0.8323773  -1.         -0.9539833  -0.15921323]
c1ccc(COCc2ccccc2)cc1,[ 0.20856947  1.         -0.898105   -0.34910503 -0.24640052]
O=[N+]([O-])c1c(Cl)c(Cl)c(Cl)c2nc(C(F)(F)F)[nH]c12,[ 0.17799017  0.55424714 -0.93185467 -1.          0.0936655 ]
CCOc1nc(C(Cl)(Cl)Cl)ns1,[ 0.41404903  0.8423532  -0.71386695 -0.2808206  -0.08382547]
CCOP(=S)(OCC)Oc1cccc(F)n1,[ 0.30996257  0.80635923 -0.7513936  -0.9135031   0.55266684]
Cc1ccccc1COC1CC2(C(C)C)CCC1(C)O2,[-0.07374451 -0.01435163 -0.8272518  -0.5642956  -0.01073603]
C=C(CC(=O)c1ccc(-c2ccccc2Cl)cc1)C(=O)O,[-0.00507699  0.7810079  -0.82397616 -0.6167274   0.48482653]
CC1CCCCOC1=O,[ 0.7303836  -0.91895545 -0.5096414  -1.         -0.23788585]
C[NH+](C)CCC(c1ccc(Cl)cc1)c1ccccn1,[ 0.41918865  0.8816368  -0.5751278  -0.9837313  -0.34892362]
CN(C)CCC=C1c2ccccc2CCc2ccccc21,[-0.24780685  0.4594977  -0.48929122 -0.50755346  0.51793396]
O=C(CCCCC(=O)OCC1CC=CCC1)OCC1CC=CCC1,[ 0.15236923  0.8357981  -0.84759307 -1.         -0.41226545]
COc1nc(C)nc(Cl)c1NC1=NCCN1,[ 0.11149742  1.         -0.77364194 -0.5917518  -0.32001844]
O=C(c1csc2c1CCCC2)N1CCCCC1,[ 0.5478791   0.850883   -0.9254152  -0.686817   -0.06364724]
CC1OC(OC2C(O)CC(OC3C(O)CC(OC4CCC5(C)C(CCC6C5CC(O)C5(C)C(C7=CC(=O)OC7)CCC65O)C4)OC3C)OC2C)CC(O)C1O,[-0.27028173  0.31223956 -0.7116317  -0.65252465 -0.00783142]
CN1[C@@H]2CC[C@@H]1CC(OC(=O)C(CO)c1ccccc1)C2,[ 0.4626149  -0.8998981  -1.         -0.4401748   0.09510922]
CCOC(=O)c1ccc(C#Cc2ccc3c(c2)C(C)(C)CCS3)nc1,[ 0.04219104 -0.46994424 -0.9095914  -0.34265202 -0.3337899 ]
CC[C@H]1NC(=O)[C@@H](NC(=O)c2ncccc2O)[C@@H](C)OC(=O)[C@H](c2ccccc2)NC(=O)[C@@H]2CC(=O)[C@H](CS[C@@H]3CN4CCC3CC4)CN2C(=O)[C@H](Cc2ccc(N(C)C)cc2)N(C)C(=O)[C@@H]2CCCN2C1=O,[-0.21910627 -0.88227206 -0.75752515 -0.26873615 -0.01577879]
COc1ccc(-c2nc3ccc(C4=NNC(=O)CC4C)cc3[nH]2)cc1,[ 0.23236325  0.60672677 -0.99442565 -0.874678   -0.3870597 ]
CCCOCCN(C(=O)CCl)c1c(CC)cccc1CC,[ 0.21274658  0.7121275  -0.5076527   0.16489011  0.1782802 ]
COP(=O)(OC)SC(CC(=O)OC(C)C)C(=O)OC(C)C,[ 0.23133694  1.         -0.60055625 -0.37959886  0.19733822]
O=c1cc(-c2ccc(O)cc2)oc2cc([O-])c(C3OC(CO)C(O)C(O)C3O)c(O)c12,[ 0.19650021  0.75022614 -0.5194507  -0.21523605  0.22094935]
CN(SSC(C)(C)C)C(=O)ON=C1SCCS1,[ 0.36822596  0.5283814  -0.58727616  0.46363515  0.36916444]
Cc1cc(-n2cccc2)c(S(C)(=O)=O)cc1C(=O)NC(=N)N,[ 0.4483815   0.7594163  -0.7718895   0.38721502 -0.26443478]
Cc1ccc(N2CC(COc3ccc(-c4noc(C)n4)cc3)C2)nn1,[-0.08542702  0.46575072 -0.5906586  -0.7580004   0.00262056]
O=C(CF)Nc1ccccc1,[-0.32251155  0.8471844  -0.775206   -0.88265747  0.61437535]
CN[C@H](CC(C)C)C(=O)N[C@H]1C(=O)N[C@@H](CC(N)=O)C(=O)N[C@H]2C(=O)N[C@H]3C(=O)N[C@H](C(=O)N[C@H](C(=O)O)c4cc(O)cc(O)c4-c4cc3ccc4O)[C@H](O)c3ccc(c(Cl)c3)Oc3cc2cc(c3O[C@@H]2O[C@H](CO)[C@@H](O)[C@H](O)[C@H]2O[C@H]2C[C@](C)(N)[C@H](O)[C@H](C)O2)Oc2ccc(cc2Cl)[C@H]1O,[ 0.40450326  0.714911   -0.6448389  -0.5747553   0.20786242]
CC1OC(n2ccc(NC(=O)c3ccc(NC(=O)C(C)(N)CO)cc3)nc2=O)CCC1OC1OC(C)C(N(C)C)C(O)C1O,[ 0.47282884  0.91092235 -0.5579768  -0.7728004  -0.24761036]
COP1(=S)OCc2ccccc2O1,[ 0.14505799  0.6671059  -0.57120085 -0.9458125  -0.35487774]
S=C1NCCNC(=S)S1,[ 0.12572564  0.36077574 -0.889956   -0.7259984  -0.35197058]
COc1ccc(-c2cc(=O)c3ccc(OC)cc3o2)cc1,[ 0.34624535  0.7256607  -0.7898088  -0.54821503  0.23407185]
CCC(C)(C)C1CCC(=O)CC1,[ 0.56109315  0.8601923  -0.38791376 -0.6306634  -0.05347331]
C1=CCCC=CCCC=CCC1,[-0.27750763  0.70873773 -0.77869844 -1.         -0.5017233 ]
CC1(C)C2CC=C(CCO)C1C2,[ 0.34896812  0.6223479  -1.         -0.618704    0.23993099]
CC12CCC3c4ccc(O)cc4CC(CCCCCCCCCS(=O)CCCC(F)(F)C(F)(F)F)C3C1CCC2O,[ 0.4518275  -0.13661696 -0.43457353  0.6194127  -0.10838254]
CN1C[C@@H]2c3ccccc3Oc3ccc(Cl)cc3[C@H]2C1,[-0.22104491  0.63389456 -0.1106723  -0.28477898 -0.46889403]
C=CCN1CCCC1CNC(=O)c1cc2nn[nH]c2cc1OC,[ 0.4263326   0.08239928 -1.         -0.6115514   0.5664512 ]
N#CCc1ccccc1,[ 0.08890691  0.83066857 -1.         -0.9593176  -0.1696499 ]
Clc1ccc(N2N=NC3C4CC(C5N=NC45)C32)cc1,[ 0.22269335  0.825607   -0.67650336 -0.6785307  -0.3551812 ]
O=C(Nc1ccc(Cl)c(C(=O)Nc2cccnc2)c1)c1cccc(C(F)(F)F)c1,[ 0.43223962  0.84075993 -0.55228555 -0.23465724 -0.16952327]
CCCCC(C)(C)CO,[ 0.3959361   0.7262827  -0.8031676  -0.5789187   0.39878067]
COP(=S)(OC)SC(CBr)N1C(=O)c2ccccc2C1=O,[ 0.01196668  0.93535     0.06274825 -0.5710105   0.03929592]
CC(=O)OC(C)(C)C1CC=C(C)CC1,[ 0.17088094  0.8136657  -0.8097059  -0.6233207   0.3331822 ]
CC(CO)Oc1ccccc1,[-0.32346046  0.6152216  -0.7359678  -1.         -0.11933694]
CC(C)=CCl,[-0.19669236 -0.03143492 -0.75658387 -0.66796356 -0.23569493]
C=CC(C)CCCC(C)(C)O,[ 0.1456438   0.55753404 -0.45259354 -0.827581   -0.15484756]
Cn1cncc1CN(CCN(Cc1ccccc1)S(=O)(=O)c1ccccn1)c1ccc(C#N)cc1,[ 0.312435    0.28288278 -0.65377176 -0.29612124  0.2951024 ]
COc1cccc2c1cc([N+](=O)[O-])c1c(C(=O)O)cc3c(c12)OCO3,[-0.11170266  0.8314058  -0.7937084  -0.5893172  -0.42804655]
COP(=O)(OC)Oc1ccc([N+](=O)[O-])c(Cl)c1,[ 0.4919805   0.853911   -0.79327023 -0.6731671  -0.04328557]
CCC(=O)CC,[ 0.13875043  0.7388285  -0.89196134 -0.74288625 -0.30219766]
[O-][n+]1onc2c1c1no[n+]([O-])c1c1no[n+]([O-])c21,[ 0.44266346  0.69887775 -0.6579749  -0.8140637  -0.27387565]
CCCN(CCC)c1c([N+](=O)[O-])cc(S(N)(=O)=O)cc1[N+](=O)[O-],[ 0.28384992 -0.52147573 -0.5986875  -0.6518395  -0.15443134]
COP(=O)(SC(C)C)SC(C)C,[-0.5779859   0.8465844   0.00576075  0.18828434 -0.29989246]
C[C@@H]1O[C@@H](O[C@@H]2[C@@H](O)[C@H](OCCc3ccc(O)c(O)c3)O[C@H](CO[C@@H]3O[C@H](CO)[C@@H](O)[C@H](O)[C@H]3O)[C@H]2OC(=O)/C=C/c2ccc(O)c(O)c2)[C@H](O)[C@H](O)[C@H]1O,[ 0.5420594   0.9223718  -0.8424536  -0.3222887  -0.55464244]
CS(=O)(=O)c1nc(-c2ccc(F)cc2)n(-c2ccc(Cl)cc2)n1,[-0.27361146  0.8712376  -0.7279288  -0.6957956  -0.11103135]
CCOP(=O)(OCC)Oc1nc(Cl)c(Cl)cc1Cl,[ 0.02416486 -0.18708451 -0.54851145 -0.3746957  -0.6224209 ]
C=CC1=C(C)/C(=C\c2[nH]c(Cc3[nH]c(/C=C4/NC(=O)C(C)=C4C=C)c(C)c3CCC(=O)O)c(CCC(=O)O)c2C)NC1=O,[-0.02874159  0.9660845  -0.6225241  -0.7058595   0.8657202 ]
C=CC(=O)OCCOCCOC(=O)C=C,[ 0.24588156  1.         -0.67826587 -0.91318655  0.127094  ]
COC(=O)C(C)NP(=O)(OC[C@@H]1C=C[C@H](n2cc(C)c(=O)[nH]c2=O)O1)Oc1ccc(I)cc1,[ 0.00101155 -0.08709981 -0.77004176 -0.9460589   0.1150169 ]
OC[C@@H]1CC[C@H](n2cnc3c(O)ncnc32)O1,[ 0.19053291  0.9388468  -0.27185813 -0.24196282 -0.31150302]
Cn1c(C(=O)NC2(C(=O)N[C@H](Cc3ccccc3)C(=O)NCCCN3CCOCC3)CCCC2)cc2ccccc21,[-0.50805277  0.9894903  -0.57750976 -0.58868474 -0.4417645 ]
CN1CCCCC1CCN1c2ccccc2Sc2ccc(S(C)=O)cc21,[ 0.2869259   0.79523075 -0.93721515 -0.97482425 -0.38871598]
CCCNC(=N)C(OCC)c1ccccc1,[ 0.47972193  0.842256   -0.7016488  -0.35989293 -0.01235556]
Cc1cc(Nc2nc(N[C@@H](C)c3ccc(F)cc3)ncc2Cl)n[nH]1,[ 0.00238014  0.8479139  -0.5547189  -0.8844005  -0.58283395]
CNC(=O)Oc1ccc(Cl)c2c1OC(C)(C)C2,[-0.40440717 -0.02163734  0.33399457 -0.6132754  -0.31738275]
CSCCC(OC(C)=O)C(=O)O,[ 0.08959206  0.7566728  -0.62128824 -0.7877447   0.2317388 ]
CCCSP(C)(=S)SC(CC(=O)OCC)C(=O)OCC,[-0.2633142   0.9582418  -0.6736311  -0.80596334  0.059917  ]
CC(=O)c1c(C)c2cnc(Nc3ccc(N4CCNCC4)cn3)nc2n(C2CCCC2)c1=O,[-0.31493327  0.8753598  -0.88527906 -0.36926615  0.23312865]
CCCCOC(=O)c1ccc(-n2nc(OCCN3CCCCC3)c3ccccc32)cc1,[-0.4717461   0.95396715  0.10505136 -0.8084459   0.3011327 ]
OCCNCCOc1ccc(C(=C(c2ccccc2)C(F)(F)F)c2ccccc2)cc1,[ 0.07868702  0.8379668  -0.75161666 -0.2836449   0.02786848]
Cc1cnc(Nc2cc(N3CCOCC3)nc(N[C@@H](C)c3ncc(F)cn3)n2)s1,[ 0.28675     1.         -0.8247888  -0.25329745 -0.28110453]
CCC(=O)N(c1ccccc1)C1CCN(CCc2ccccc2)CC1,[-0.12472276  0.42654917 -0.50801796 -0.29994673 -0.06801949]
C=CC(=O)OCCOCCC#N,[ 0.00154457  0.8860283  -0.9240672  -0.9681097  -0.0454393 ]
C=CCN(C(=O)Cn1nc(C)ccc1=O)C(C)Cc1ccccc1,[ 0.18428256  0.753632   -0.9326631  -0.8611059   0.0553892 ]
CCCCCCCCCCCCCCCN,[-0.17343462  0.9052974  -0.6718712   0.42484924  0.40613398]
O=c1cc(Cn2c(C3CCC3)nc3nccnc32)c2ccc(F)c(F)c2[nH]1,[-0.24110545  0.86312103 -0.40363237 -0.52718157 -0.25150317]
Cc1cccc(C)c1O,[ 0.21797986  0.21502636 -0.6903941  -0.31695613 -0.57405394]
Nc1cc2c(S(=O)(=O)O)cc(S(=O)(=O)O)cc2cc1S(=O)(=O)O,[ 0.46306562  0.76998824 -0.7466864  -1.         -0.34641552]
CN(C)C(=O)Oc1cccc2sccc12,[ 0.22248358  0.2289432  -0.56297326 -0.6857416   0.08692109]
COP(=S)(OC)Oc1ccc(C#N)cc1C,[-0.2797441   0.97473735 -0.51970965 -0.85772485 -0.3826755 ]
CCSP(SCC)SCC,[ 0.49445093  1.         -0.43010193 -0.7219424  -0.47367564]
C=C(Cl)C#N,[-0.18123877  0.8577073  -0.84714335 -0.50573033 -0.42297778]
O=C(Cl)CCl,[ 0.3957163   0.86117536 -0.11090818 -0.71460885 -0.23118992]
CCC(C)c1ccccc1,[ 0.1880428   0.806182   -0.8338366  -0.3482987  -0.45522276]
CNC(=O)ON=C(C)SCC(=O)N(C)C,[ 0.59462583 -0.3726714  -0.9783047  -0.0559301   0.26783714]
CCCCCCC(N)C(=O)N[C@@H](Cc1c(C)cc(O)cc1C)C(=O)N1CCC[C@@H]1C(=O)N[C@@H](Cc1c[nH]c2ccccc12)C(=O)N[C@@H](Cc1ccccc1)C(N)=O,[-0.1384775   0.62114036  0.25262862 -0.71703863 -0.33498216]
CC#CCC(C)C(O)C=CC1C(O)CC2Oc3c(CCCC(=O)O)cccc3C21,[ 0.47439978  0.8631084  -0.7850545  -0.46878815 -0.15045768]
CC(=O)N1CCN(c2ccc(OC[C@H]3CO[C@](Cn4ccnc4)(c4ccc(Cl)cc4Cl)O3)cc2)CC1,[ 0.28483015  0.87274086 -0.25198644 -0.7626401  -0.45260432]
Cc1nc(C(F)(F)F)ccc1C(=O)Nc1ccc(Cl)c(-c2ccccn2)c1,[ 0.21669982 -0.20609826  0.61415154 -0.40956277 -0.42951894]
CCCCCCCCCCOC(=O)Cc1ccc(N(CCCl)CCCl)cc1,[ 0.04374624 -0.6209832  -0.73268235  0.26707786 -0.10742374]
CC(N)C(O)c1cccc(O)c1,[ 0.3186576   0.43993896  0.6138779  -0.58076245  0.7532024 ]
C=C1CC1CC(N)C(=O)O,[ 0.18932426  0.71106726 -0.7284524  -0.50782716  0.40177056]
CNC(=O)ON=C(C)SCC(N)=O,[-0.200997   -0.07180358 -0.75912344 -0.9213444  -0.54079986]
CCOP(=S)(Oc1cccc2cccnc12)c1ccccc1,[ 0.0037533  0.6143191 -1.        -0.4343997  0.2199442]
Cc1cn([C@H]2CCCN(S(=O)(=O)c3ccc(C(N)=O)c(Oc4cccc(Cl)c4)c3)C2)c(=O)[nH]c1=O,[ 0.01147802  0.7497225  -0.7893571  -0.679715   -0.1780784 ]
COc1cc(OC)c(C(=O)CCCN2CCCC2)c(OC)c1,[ 0.10385871  0.01329849 -0.3090089  -0.7607088  -0.02158693]
FC(F)(F)c1nc2c(Br)c(Cl)c(Br)cc2[nH]1,[-0.28066164  0.6602385  -0.6625164  -0.6376663   0.02757791]
CC(=O)Nc1ccc(CNc2[nH]nc3ccnc(Oc4ccccc4)c23)cc1,[ 0.28310075  0.68105024 -0.7557387  -0.75956607 -0.2933688 ]
Clc1cc(Cl)cc(Cl)c1,[ 0.6123158  -0.23666386 -0.6843283  -0.75089854 -0.3129122 ]
CC(C(=O)O)c1ccc(C(=O)c2cccs2)cc1,[-0.00922676 -1.         -0.885976   -0.03749967  0.12398938]
CC(=O)CCc1ccc(O)cc1,[ 0.07682529  0.75210166 -0.85044736 -0.6572131  -0.70735735]
Fc1cc2nc(C(F)(F)F)[nH]c2cc1Cl,[ 0.2580002   0.8341491  -0.82321703 -0.48318487 -0.15155318]
C[C@@H]1O[C@@H](O[C@H]2[C@@H](O)C[C@H](O[C@H]3C[C@](O)(C(=O)CO)Cc4c(O)c5c(c(O)c43)C(=O)c3ccccc3C5=O)O[C@H]2C)C[C@H](N)[C@@H]1O,[-0.65044063  0.5446551   0.44401547 -0.6438849  -0.4149931 ]
Cc1cnc(C)cn1,[ 0.2310645 -0.443946  -1.        -0.624932   0.2880458]
OCC(O)CO,[ 0.15961961  0.8455487  -0.82520795 -0.05289433  0.13577795]
COC(CN1CCN(CCC(O)c2ccccc2)CC1)c1ccccc1,[-0.21682794  0.4335196  -0.9021416  -0.86480826 -0.04361292]
O=C(O)c1nn(Cc2ccc(Cl)cc2Cl)c2ccccc12,[ 0.40041807  1.         -0.6638502   0.19412044  0.18995005]
S=C1NCCC(COc2ccccc2)O1,[-0.06899444  0.64130753 -0.8715077  -0.61512035  0.51717365]
CCCN(N=O)C(N)=O,[-0.3285591   0.748364   -0.61911696 -0.7085803   0.08921117]
COc1ccc(CC(C)=O)cc1,[ 0.28137285  0.37684083 -0.42629108 -0.6948949   0.17841312]
N#Cc1cccc(Cc2ncccn2)c1,[-0.22193623  0.85329473 -0.6115554  -0.79591197 -0.270072  ]
C=C(OP(=O)(OC)OC)P(=O)(OC)OC,[ 0.17569317  0.99237996 -0.86982656  0.48989978 -0.28448084]
CC(C(O)c1ccc(O)cc1)[NH+]1CCC(O)(c2ccccc2)CC1,[ 0.09707776  0.44400403 -1.         -0.52574027 -0.2501871 ]
CNC(=O)OCc1cccc(COC(=O)NC)n1,[ 0.13227794  0.90425336 -0.5822702  -0.08966877  0.02835692]
CCN(CC)c1ccc(-c2nc(=O)n(C)nc2-c2ccc(N(CC)CC)cc2)cc1,[-0.14489593 -0.23415759 -0.45675397 -0.14701776  0.44712362]
CCOP(=O)(Cl)Cl,[ 0.46210033  0.8265748  -0.7849587  -0.5072124  -0.01935228]
COC(C)C=O,[-0.69983906  0.93159896 -0.55536205 -0.7782253   0.53112453]
CC(C)Oc1ccc2c(=O)c(-c3ccccc3)coc2c1,[-0.3308283   0.9018194  -0.7803242  -0.68517125 -0.5702766 ]
CC1(C)C(C=C(Cl)Cl)C1C(=O)OCc1c(F)c(F)c(F)c(F)c1F,[ 0.23304857 -0.2575188  -0.98545545 -0.9616936  -0.16156688]
CNC(=O)c1cccc2c(Nc3ccc(NS(C)(=O)=O)cc3OC)c3cccc(C)c3[nH+]c12,[ 0.34562817  0.6255668  -0.78799146  0.2669948  -0.4448143 ]
CC(=O)O[C@H]1C[C@]2(O)[C@H]3CC[C@H]4C[C@H](O[C@H]5C[C@@H](O)[C@@H](O[C@H]6C[C@@H](O)[C@@H](O[C@H]7C[C@@H](O)[C@@H](O)[C@H](C)O7)[C@H](C)O6)[C@H](C)O5)CC[C@@]4(C)[C@H]3CC[C@]2(C)[C@H]1C1=CC(=O)OC1,[ 0.12865743  0.6706402  -0.24027064 -0.704334   -0.400632  ]
C/C([O-])=C(\C#N)C(=O)Nc1ccc(C(F)(F)F)cc1,[ 0.40253094  0.5933135  -0.5659992  -0.95826507 -0.0695141 ]
CCS(=O)(=O)c1ccc(-c2cc(Cl)ccc2OCC(=O)O)cc1,[ 0.12113251  1.         -0.22244085  0.03274636  0.25014004]
CCCCC(CC)OCCOCCO,[ 0.4187705   0.5692924  -1.         -0.45847774 -0.30551448]
OCCNCCc1ccccc1,[ 0.05233168  0.57037497 -1.         -1.          0.7048048 ]
FC(F)(F)c1nc2c(I)cc(I)cc2[nH]1,[ 0.10539731  0.8874621  -0.6218956  -0.54551643  0.5213237 ]
Cc1cc(=O)nc(SCc2ccccc2N(C)C)[nH]1,[-0.1719292   0.55335116 -0.998998   -0.78157246 -0.17817746]
C(Oc1nc(OCC2CO2)nc(OCC2CO2)n1)C1CO1,[ 0.40930578  0.73180366 -0.31773636 -0.68539494 -0.14691211]
Cc1ccccc1S(=O)(=O)NC(=O)N1CCC(N2CCC(Oc3ccc(Cl)c(Cl)c3)CC2)CC1,[ 0.40680742  0.8036051  -0.9481063  -0.6606692  -0.5264058 ]
ClCc1ccccc1,[ 0.32740277  0.99689126 -0.59650093 -0.8378518   0.49767894]
OC1(c2ccc(Cl)c(C(F)(F)F)c2)CCN(CCCC(c2ccc(F)cc2)c2ccc(F)cc2)CC1,[-0.23316163 -0.20669222 -1.         -0.819838    0.29813498]
O=C(O)CCCOc1ccc(Cl)cc1Cl,[-0.36906263  0.03618617 -0.6926305  -0.691068    0.0075197 ]
O=[N+]([O-])c1ccc(O)c(CNCCO)c1,[ 0.2696211   0.7112604  -0.90717876 -0.4171461  -0.37170246]
COCc1ccc2c(C(C(=O)NS(=O)(=O)c3ccc(C)cc3OC)c3ccc4c(c3)OCO4)cn(C)c2c1,[ 0.1748179   0.93710816  0.09022472 -0.9374248  -0.14466864]
CNC(=O)c1cccc2c(Nc3ccc(NS(C)(=O)=O)cc3OC)c3cccc(C)c3nc12,[ 0.24636042  0.6824591  -0.83313906 -0.4799475   0.76562285]
CCN1CN(CO)C(=O)N(CO)C1,[ 0.6520803   0.34792626 -0.9640616  -1.         -0.12616037]
C=CCNC(=O)C(=O)C(CCC)NC(=O)C1CC2CN1C(=O)C(C1CCCCC1)NC(=O)Cc1cccc(c1)OCCC(C)(C)O2,[ 0.18853422  0.44557065 -0.82980764 -0.4936613   0.13297053]
O=C(O)c1ccccc1-c1c2ccc(=O)cc-2oc2cc(O)ccc12,[-0.4922823   0.9304297  -0.9816919  -0.76195204  0.11205306]
O=[N+]([O-])c1ccccc1Cl,[-0.0410381   0.79101527 -0.8801785  -0.68673086  0.05873609]
N=C(Nc1c([N+](=O)[O-])cnc2ccccc12)N1CCOCC1,[-0.2374541   0.83563507 -0.93752956 -0.48313832  0.218884  ]
N=C(N)N[N+](=O)[O-],[-0.18078978  0.8061487  -0.67686516 -0.40139076 -0.61114615]
CC(C)=CCOC(=O)c1ccccc1,[ 0.04059559  0.9161367  -0.7566805  -0.66298574 -0.18275854]
C=CC(=O)OCC(=O)OCC,[-0.31751513  0.6508192  -0.7247473  -0.65010446  0.12394363]
O=P([O-])([O-])C(Cl)(Cl)P(=O)([O-])O,[ 0.4268156  0.8625503 -0.9328703 -0.7713856 -0.2792116]
O=C(/C=C/c1ccccc1)NCCO,[-0.40492412  0.73549557 -0.9512143  -0.89312196 -0.27724695]
Cc1ccc2nc(C[N+]34CCC(CC3)[C@@H](OC(=O)[C@](C)(c3ccccc3)N3CCCCC3)C4)oc2c1,[ 0.43714058  0.84865606 -0.7611547  -0.62423444  0.01707799]
Cc1ccc2c(c1)c(S(=O)(=O)c1ccc(Cl)cc1)c(C)n2CC(=O)O,[ 0.40686512  0.05842768 -0.66251624 -0.26177844 -0.2747349 ]
CC[C@H]1CN(Cc2cc(Cl)ccc2OCC(=O)O)CCN1S(=O)(=O)c1ccccc1,[-0.00954446  0.68673825 -0.79170406 -0.8154295   0.36467847]
S=c1[nH]cnc2nc[nH]c12,[-0.2595365   0.31015408 -0.9939245  -0.88400537 -0.28117296]
CC(=O)[C@H]1CC[C@H]2[C@@H]3CC[C@@H]4C[C@H](O)CC[C@]4(C)[C@H]3CC[C@]12C,[-0.15901689  1.         -0.98391783 -0.9137729  -0.07734983]
CCCc1nnc(CSP(=S)(OCC)OCC)o1,[ 0.3961248   0.92434704 -0.49938264 -0.3775141  -0.04712712]
Nc1nc2c(Cc3cccnc3)c[nH]c2c(=O)[nH]1,[ 0.359439    0.91508424 -0.8547619  -0.93794084  0.00670554]
O=C(CCC(=O)OC1CCCCC1)OC1CCCCC1,[ 0.196981    0.55386823 -0.33887526  0.02257886  0.00856004]
COc1cc(C(=O)NC2CCCNC2)cc(OC)c1OC,[ 0.16768186  1.          0.16070487 -0.7340206   0.4512197 ]
Cc1ccsc1C(=CCC[NH+]1CCCC(C(=O)[O-])C1)c1sccc1C,[ 0.06361549  0.862949   -0.57119644 -0.8257375  -0.23210433]
CC[C@H]1OC(=O)[C@H](C)[C@@H](O[C@H]2C[C@@](C)(OC)[C@@H](O)[C@H](C)O2)[C@H](C)[C@@H](O[C@@H]2O[C@H](C)C[C@H](N(C)C)[C@H]2O)[C@](C)(O)C[C@@H](C)C(=O)[C@H](C)[C@@H](O)[C@]1(C)O,[ 0.06896373 -0.6981291  -0.8627582  -0.7075538   0.08096626]
CC(C)(C)c1ccc2c(c1)C(C)(C)CC2,[-0.16365457  0.5010517  -0.6016191   0.6397812   0.04895404]
COC(C)COC(C)COC(C)CO,[ 0.57102305  0.40784258 -0.64781237 -0.31639197 -0.0616243 ]
O=C(O)CCCCCC(=O)O,[ 0.53181225  0.8949832  -0.9496905  -0.01125239  0.46235877]
O=P(O)(O)C(O)(Cn1ccnc1)P(=O)(O)O,[-0.5201159   0.7674952  -0.8986883  -0.75386196 -0.09620894]
CC#CCC(C)C(O)/C=C/C1C(O)CC2C/C(=C/CCCC(=O)[O-])CC21,[ 0.05478911  0.7122542  -0.8675449  -0.5617087   0.60158235]
CCNc1nc(NC(C)C(C)C)nc(SC)n1,[ 0.21251845  0.6386431  -0.714356   -0.77444595  0.06249372]
O=C(COc1ccc(Cc2ccc(Cl)cc2)cc1)OCc1cccnc1,[ 0.06876247  0.85930973 -0.65175474 -0.9689912   0.05912588]
CCS(=O)CCSP(=O)(OC)OC,[ 0.05967705  0.8769213   0.717095   -0.865169    0.1696301 ]
SCCc1cnccn1,[-0.29741094  0.7518796  -0.7458728  -0.6461556   0.5876678 ]
CC=Cc1ccc(OCc2ccccc2)c(OC)c1,[ 0.4785858   0.85446787 -0.812589   -0.5552574  -0.42783418]
Cc1ccc(-c2ccccc2)cc1,[ 0.00537059  0.735861   -0.86105186 -0.7752832  -0.01008684]
FC(F)=C(F)CCSc1ncccn1,[-0.20815974  0.7138288  -0.6873888  -0.6147275  -0.16679844]
CCOC(=O)c1noc(C)c1C(C)=O,[ 0.2766897  -0.32284495 -0.82079846 -1.          0.07942158]
ClC1=C(Cl)C(Cl)(C2(Cl)C(Cl)=C(Cl)C(Cl)=C2Cl)C(Cl)=C1Cl,[-0.13978997  0.7045256  -0.69922537 -0.513948    0.01989288]
CC(=O)OC(C(Cl)(Cl)Cl)P(=O)(Oc1ccccc1)Oc1ccccc1,[ 0.10025824 -0.36011165 -0.545599   -0.90869653 -0.0841509 ]
CN1C(=O)CC(N2CCN(CCCN3c4ccccc4COc4ccc(CC(=O)O)cc43)CC2)N(C)C1=O,[-0.27572665  0.8007677  -0.94705415 -0.14569958 -0.03871579]
O=C(Cl)C=CC(=O)Cl,[ 0.49691623  0.6035699  -0.8656457   0.0235148  -0.06605677]
CNC(=O)c1[nH]cnc1C(=O)Nc1ccc(OC)cc1,[-0.29764503  0.77571595 -0.76575845 -1.          0.5838477 ]
O=c1cc(-c2ccc(O)cc2)oc2cc(O)cc(O)c12,[-0.1685949   0.70045906 -0.8152173  -1.          0.58094156]
CNC(=O)Oc1cccc2c1OC(C)(C)O2,[ 0.26694727  0.3918859  -0.80918115 -0.95181733  0.28578407]
C=CCI,[ 0.32723367  0.11478277 -0.49465415  0.3837993   0.2285689 ]
Fc1cc(-c2cccc3ncc(-c4cnn(C5CCNCC5)c4)nc23)cc(F)c1CN1CCOCC1,[ 0.53217494 -0.06174822 -0.71428835 -0.0661199   0.12663193]
CCOC(=O)C1OC1c1ccccc1,[ 0.5935552   0.949222   -0.9708784  -0.7788238  -0.36714563]
CC(C)Cn1c(=O)n(C)c(=O)c2c(C(=O)N3CC[C@@H](O)C3)c(Cc3c[nH]c4ccccc34)sc21,[ 0.5312365   0.631615   -0.7325204  -0.644534   -0.13568138]
CN(CCCl)CCCl,[ 0.28846228  0.8463016  -1.         -0.8454097   0.21280506]
OCCOCCCl,[ 0.21334922  0.7741703  -0.8130347  -0.82229    -0.31965443]
CCOc1ccccc1-c1ccc(-c2nc3ccncc3c(O)c2C#N)cc1,[ 0.5261543   0.4266424  -0.8227632  -0.42963934  0.27874035]
O=c1[nH]c2ccccc2n1CCCN1CCN(C(c2ccccc2)c2ccccc2)CC1,[ 0.28961936  0.72415257  0.20053144 -0.8911633   0.34452426]
Cc1ccn(C(=O)NCCCCCCCl)n1,[ 0.37738067  0.80180436 -0.7850669   0.29922193 -0.17655863]
CCCCOC(=O)CC(SC(CC(=O)OCCCC)C(=O)OCCCC)C(=O)OCCCC,[-0.24875905  0.34129253 -0.3326829  -0.78835106  0.3717761 ]
COc1cc2nc(N3CCN(C(=O)C4COc5ccccc5O4)CC3)nc(N)c2cc1OC,[-0.07914998  0.9986405  -0.7266313  -0.36043385  0.3704576 ]
COc1ccc2ncc(=O)n(CCN3CC[C@@H](NCc4cc5c(cn4)OCCO5)[C@H](O)C3)c2c1,[ 0.3219856   0.39277634 -0.7240383  -0.89860636 -0.08345497]
COc1cc2c3cc1Oc1cc(ccc1O)CC1c4c(cc(OC)c(O)c4Oc4ccc(cc4)CC3[NH+](C)CC2)CC[N+]1(C)C,[ 0.23463129  0.7783135  -0.6907943  -0.58935326 -0.24769807]
CCC(C)C(=O)OC1CCC2(C)C3CC(O)C4C5(O)C(CC42OC13O)C1CN2CC(C)CCC2C(C)(O)C1C(O)C5OC(=O)C(C)(O)CC,[ 0.0967392   0.9813509  -0.57869333 -0.8224935   0.49662945]
COc1ccc(Oc2ccc(NC(=O)N(C)C)cc2)cc1,[ 0.33860856  0.69747436 -0.1456322  -0.50505555 -0.43105713]
Cc1c(Cl)c([N+](=O)[O-])c2[nH]c(C(F)(F)F)nc2c1[N+](=O)[O-],[ 0.26073903  0.5969674  -0.3806013  -0.6493189  -0.00370687]
O=c1c2nocc2c(-c2ccccc2)nn1-c1ccccc1,[-0.31596485  0.7822142  -0.88888067 -0.9352054   0.08930871]
COP(=O)(OC)OC(=CCl)c1cc(Cl)ccc1Cl,[ 0.22110191  0.8582928  -0.5359163  -0.7364338  -0.06820662]
CCOC(=O)NCCOc1ccc(Oc2ccccc2)cc1,[-0.44968855  0.8870601  -0.78439224 -0.41714948  0.2619779 ]
CCCCc1nc(Cl)c(CO)n1Cc1ccc(-c2ccccc2-c2nnn[nH]2)cc1,[ 0.3678531   0.54631895 -0.78290963 -0.08238211 -0.11172132]
CC1=NN(c2ccccc2)C(=O)C1,[-0.57083464  0.90686303 -0.7968128  -0.8212999  -0.51097417]
COC(=O)c1ccccc1N=NN(C)C,[-0.14496878  0.8773908  -0.93858546 -0.67113924 -0.35310677]
CC=C(C(=O)NC(N)=O)C(C)C,[ 0.43862653  0.8101649  -0.49971098 -0.3409158   0.026511  ]
CCc1nc(N)nc(N)c1-c1ccccc1,[ 0.30874673  0.31443414 -0.6214026  -0.89805835 -0.02385772]
CCCCOc1ccccc1NC(C)=O,[-0.37355426 -0.42122322 -1.         -0.9589937   0.44995666]
CCOc1ccccc1OC(c1ccccc1)C1C[NH2+]CCO1,[ 0.00525227  0.9097157  -0.34236285 -0.7582026  -0.27189675]
CCCCCCCc1ccccc1O,[ 0.06834159  0.14494623 -1.         -0.67413783 -0.32386583]
O=C(Oc1ccccc1)c1ccccc1C(=O)Oc1ccccc1,[ 0.10160585  0.22623947 -0.50796276 -0.78854644 -0.08517833]
FC(F)(F)c1nc2c(Br)c(Br)cc(Br)c2[nH]1,[ 0.26675677  0.45415667 -0.8006572  -0.5595104  -0.4313161 ]
CC(C)=C1CCC(C)CC1=O,[ 0.47096944  1.         -0.87114644 -0.14895035  0.0910291 ]
O=[N+]([O-])OC1COC2C(O)COC12,[-0.06967728  0.80438787 -0.8654197  -1.         -0.3856851 ]
CCNC(=O)ON=C1SCOC1C,[-0.11693715  0.7915501  -0.14077723 -0.70315814 -0.45491824]
C=CCNC(=S)Nc1ccccc1,[ 0.0896823  -0.94403636 -0.56567734 -0.49893025  0.11030687]
ClC(Cl)(Cl)c1ccc(C(Cl)(Cl)Cl)cc1,[-0.12484182  0.8152991  -0.66475254  0.2270598   0.37752444]
C=CC[NH+]1CCCC1CNC(=O)c1cc(S(=O)(=O)NC)c(N)cc1OC,[ 0.17333904  0.8494387   0.10357584 -0.2733168  -0.27273545]
C/C=C(/C)C(=O)O[C@H](c1cc2ccc(=O)oc2cc1OC)[C@H](O)C(C)(C)O,[ 0.47797352  0.9552644  -0.85665464 -0.5724152   0.567325  ]
O=CNc1cc([C@@H](O)CNCCc2ccc(NC[C@H](O)c3ccccc3)cc2)ccc1O,[ 0.20946129  0.15974784 -0.479738    0.81837916  0.8912981 ]
Cc1cc(Sc2cc(C)c(O)c(C(C)(C)C)c2)cc(C(C)(C)C)c1O,[ 0.34746808  0.7704372  -0.22959948 -0.6545088  -0.1415375 ]
CN,[ 0.785902    0.8188336  -0.87380147 -0.26340717 -0.61622465]
C[S+]([O-])Cc1ccc(C(=O)Nc2ccc(OCCOCCO)nc2C(=O)NCC2CCC2)c2ccccc12,[-0.2921886   0.8214676  -0.898749   -0.46806973 -0.24040525]
Cc1ncsc1C(=O)N(Cc1cc(=O)[nH]c2c(F)cccc12)c1cccc(Cl)c1,[ 0.12998211  0.86935043 -0.9742305  -0.69142    -0.10672417]
Clc1ccc(C(OCCN2CCCCC2)c2ccccc2)cc1,[-0.26822907  0.9580694  -0.83794653 -0.9859449  -0.2978576 ]
CC(O)C(=O)Nc1c(I)c(C(=O)NC(CO)CO)c(I)c(C(=O)NC(CO)CO)c1I,[ 0.06000211  0.6114195   0.47970754 -0.32091752 -0.4505717 ]
CC(=O)N[C@H](Cc1ccc2ccccc2c1)C(=O)N[C@H](Cc1ccc(Cl)cc1)C(=O)N[C@H](Cc1cccnc1)C(=O)N[C@@H](CO)C(=O)N[C@@H](Cc1ccc(O)cc1)C(=O)N[C@H](CCCNC(N)=O)C(=O)N[C@@H](CC(C)C)C(=O)N[C@@H](CCCNC(=N)N)C(=O)N1CCC[C@H]1C(=O)N[C@H](C)C(N)=O,[ 0.32594112  1.         -0.7542973  -0.9906468   0.7476264 ]
Cc1cccc(C)c1CCNC(N)=O,[-0.22400534  0.6083095  -0.7586426  -1.          0.6254493 ]
Cc1ccc(N=CN(C)SN(C)C=Nc2ccc(C)cc2C)c(C)c1,[-0.21709138  0.5286613  -0.35051683 -0.44705617  0.06596787]
C=CCn1c(N)cc(=O)n(CC)c1=O,[ 0.12956552  0.70033216 -0.75027996 -0.95541114  0.28273538]
Cc1onc2c(=O)n(C)nc(-c3ccccc3)c12,[ 0.30591595  0.88067275 -0.94954085 -0.6081398  -0.1264383 ]
CN(c1ccc(F)cc1F)c1c([N+](=O)[O-])cc([N+](=O)[O-])cc1C(F)(F)F,[ 0.04308347  0.8145779  -0.41601616 -0.69630265  0.40203437]
CCCN(CCC)CCCCCCCCNC(=O)Oc1ccc2c(c1)C1(C)CCN(C)C1N2C,[-0.7084196   0.7452572  -0.2527715  -0.13092194 -0.21731317]
Brc1ccc2[nH]cc(CC3CCNCC3)c2c1,[-0.02557554  0.82920074 -0.786761   -0.79632384 -0.39877865]
OCc1ccccc1,[ 0.50362235  0.5980572  -0.806635   -0.72793037  0.257838  ]
CC(=O)N(C)C,[ 0.36854544  0.6396137  -0.77510357 -0.64163584  0.6233061 ]
C=C1CC23CC1(O)CCC2C12C=CC(O)C(C)(C(=O)O1)C2C3C(=O)O,[ 0.3877201  -0.24130905 -0.86767435 -0.7909281  -0.05077767]
Cc1cc(Nc2cncc(N[C@@H](C)c3ccc(F)cn3)n2)n[nH]1,[ 0.22606725 -0.5122748  -0.9192258  -0.67609274 -0.21322198]
O=C(NCc1ccc(OC(F)(F)F)cc1)C1c2ccccc2C(=O)N1CCc1ncc(F)cn1,[ 0.16646224  0.7957233  -0.78418344 -0.6628455  -0.08337076]
Cc1cc(=O)cc(-c2ccccc2)o1,[ 0.21460068  0.68792164 -0.43844187 -0.64251924 -0.40049595]
ClCC(Cl)Cl,[ 0.40619376  0.60196847 -0.7841505  -0.7254474  -0.22439696]
C[C@@H]1CN(Cc2ccc(F)cc2)CCN1C(=O)COc1ccc(Cl)cc1NC(N)=O,[ 0.07638392  0.65909046 -0.7338718  -1.          0.7227399 ]
O=[N+]([O-])c1cccc(O)c1,[-0.21881184  0.9542719  -0.8360359  -0.99603057 -0.04617532]
CC=CC(C)=O,[ 0.57126504 -0.40706363  0.39145148 -0.6689794  -0.41935936]
Nc1ccc(O)c([N+](=O)[O-])c1,[-0.63283664  0.83481824 -0.9420471  -0.8941648   0.07029043]
COc1c(Cl)ccc(Cl)c1C(=O)OCCN(CCOC(=O)c1c(Cl)ccc(Cl)c1OC)c1ccccc1,[ 0.05828798  0.79608446 -0.9370794  -0.948159    0.34695312]
COc1cc(-c2cc(=O)c3c(O)cc(O)cc3o2)cc(O)c1OC,[ 0.14630902 -0.33572066 -0.8584026  -0.8125163  -0.25989887]
COc1ccccc1NC(=O)CC(C)=O,[ 0.0558955   0.51265424 -0.7235028  -0.8918502  -0.06798014]
C=C(C)CN(CC)c1c([N+](=O)[O-])cc(C(F)(F)F)cc1[N+](=O)[O-],[ 0.52523696  0.48005286 -0.67730683  0.48969647 -0.22968522]
O=NN1CCCCC1,[-0.4245316   1.         -0.88970107 -0.8375893   0.35324067]
CC(C)(C)CNC(=S)Nc1cccnc1,[ 0.15456848  0.9553532  -0.79459345 -0.7687877  -0.07010568]
CCCCSCCCC,[ 0.32818505  0.78379995 -0.9804154  -0.81686145  0.24770503]
COc1c2ccoc2c(OCC2OC2(C)C)c2oc(=O)ccc12,[ 0.4487986   0.67527145  0.02942555 -0.7908914   0.69488025]
NC(=O)CF,[-0.4262739   0.8253727  -0.50046754 -0.46843567 -0.34734675]
CCCCCCCCc1ccccc1O,[ 0.19453244 -0.19722445 -0.73260474 -0.28169253  0.02415121]
O=C1C(Cl)C(CCl)CN1c1cccc(C(F)(F)F)c1,[ 0.24762     0.7777685  -0.6183692   0.11375684 -0.24407634]
C=C(C)C(=O)OCCC[Si](OC)(OC)OC,[-0.0459394   0.95284295 -0.8657531  -0.88320655 -0.03831873]
CC=CC=CC=O,[ 0.34269086  0.5491039  -0.9357029  -0.4524579  -0.40246055]
COC(=O)c1ccccc1,[ 0.5370078   0.7034281  -0.6059291  -0.62284    -0.07048035]
C=CC(=O)OC1CC2CCC1C2,[-0.55980176 -0.45335346 -0.66508543 -0.89391613  0.4659876 ]
CCN(CC)N=Nc1ccccc1,[ 0.37381285  0.30089298 -0.70216316 -0.3565604   0.01223159]
O=C(NCCNCC(O)COc1ccc(O)cc1)N1CCOCC1,[-0.06283888  0.58948696 -1.         -1.         -0.39404163]
CCCCC(CC)COCCC#N,[ 0.40988693  0.6290105   0.27390033 -0.57648295 -0.13809118]
NC(=O)CCCCC1CCSS1,[ 0.36774725  0.7799283  -0.64240605 -0.14287451 -0.26482236]
CCC(CC)(C(=O)O)c1cccc2ccccc12,[-0.18359888  0.88492167 -1.         -0.8776897   0.13930115]
CCC(C)OC=O,[ 0.11379422  0.9292569  -0.7013995  -0.50512207 -0.6335601 ]
O=c1[nH]c2c(O)ccc([C@@H](O)CNCCSCCCNCCc3cccc(Cl)c3Cl)c2s1,[ 0.31328318  0.7087188  -0.63382876  0.34712973 -0.17893727]
CCOP(=S)(OCC)Oc1cc(-c2ccccc2)on1,[ 0.4879559   0.8161625  -0.68286335 -0.18063958  0.25223437]
Cc1c(OCC(F)(F)F)ccnc1CS(=O)c1nc2ccccc2[nH]1,[ 0.04516597  0.92725605 -0.7326458  -0.82192075 -0.36595213]
CC(C(=O)O[C@@H]1CC[N+](C)(C)C1)(c1ccccc1)C1CCCC1,[-0.09875642  0.8266733  -0.16403954 -0.7495413  -0.19286154]
CNC(=O)/C=C(/c1ccc2nc(N)n(S(=O)(=O)C(C)C)c2c1)c1ccccc1-c1cccc2ccccc12,[ 0.03241174  0.92101115 -0.7226382  -0.69701684 -0.22755262]
COc1cc2nc(N3CCN(C(=O)c4ccco4)CC3)nc(N)c2cc1OC,[ 0.49610204  0.6421603  -0.8054123  -0.5130946  -0.08754678]
N#CCCCCC#N,[-0.0586969   0.79614174 -0.8067328  -0.8870739  -0.31454587]
CCOC(=O)CCC1(CCC(=O)OCC)c2ccccc2-c2ccccc21,[-0.206395   -0.39861345 -0.83681893 -0.5412394  -0.07409531]
COCCOCCOC(C)=O,[ 0.3094847   1.         -0.3880034  -0.5659732   0.21046335]
C=CC(=O)OCCOC(=O)CC(C)=O,[ 0.66740316  0.75464356 -0.7211959  -0.53922266 -0.01589751]
O=C(Nc1ccc(Br)cc1)c1cc(Br)cc(Br)c1O,[ 0.5677563 -0.7393162 -0.7243112 -0.3585471 -0.4589268]
CC(C=O)=Cc1ccco1,[ 0.11839287  0.9580163  -1.         -0.99613136  0.7213373 ]
CSC(C)=NOC(=O)N(C)SN(C)C(=O)Oc1ccc(OC(=O)N(C)SN(C)C(=O)ON=C(C)SC)cc1,[ 0.41817963  0.90315956 -0.8417951  -0.6077322  -0.28940573]
CC1(C)C(=O)N(CO)C(=O)N1CO,[ 0.31689164  0.7769021  -0.63539183  0.18258315 -0.16989747]
CC(C)(C)NC(=O)C1CC2CCCCC2CN1CC(O)C(Cc1ccccc1)NC(=O)C(CC(N)=O)NC(=O)c1ccc2ccccc2n1,[ 0.22945501  0.2955748   0.36768633 -0.47607425  0.02045231]
CCCCN1C(=O)c2cccc([N+](=O)[O-])c2C1=O,[ 0.05716995  0.2441162  -0.6411756  -0.59586954  0.41515517]
CCN(CC)c1ccc2cc(C(=O)NC3(C(=O)N[C@H](Cc4ccccc4)C(=O)NCC4CCN(CC5CCOCC5)CC4)CCCC3)sc2c1,[-0.877963    0.460898    0.4741282  -0.22369047  0.73859745]
CCOC(=O)CCN(Cc1ccccc1)SN(C)C(=O)ON=C(C)SC,[ 0.00455313  0.84729135 -0.74099267 -0.26161566 -0.17410481]
NCC(O)CO,[ 0.0318828   1.         -0.7857439  -0.80083203  0.24389695]
CN1c2ccccc2C(NCCCCCCC(=O)[O-])c2ccc(Cl)cc2S1(=O)=O,[-0.5331204   0.85053056 -0.2191107  -0.8616161  -0.08850694]
Cc1cncc(C)n1,[ 0.6130733   1.         -0.6559401  -0.35168558 -0.4250227 ]
CCN1C(=O)C=CC1=O,[ 0.02729141  0.48496124 -0.62148345 -0.6286146   0.14127032]
CSCC(NC(=O)COc1cccc2cnccc12)C(=O)NC(Cc1ccccc1)C(O)C(=O)N1CSCC1C(=O)NC(C)(C)C,[ 0.78101045  0.4933403  -0.21099779 -0.36032635 -0.24704657]
CC(=O)OC12COC1CC(O)C1(C)C(=O)C(O)C3=C(C)C(OC(=O)C(O)C(NC(=O)OC(C)(C)C)c4ccccc4)CC(O)(C(OC(=O)c4ccccc4)C21)C3(C)C,[-0.26377055  0.48999265 -0.809098   -0.8121812  -0.27137318]
O=C(O)COc1ccccc1,[ 0.2815017   1.         -0.88786185 -0.7536792  -0.4285025 ]
N#Cc1ccc2[nH]c(C(F)(F)F)nc2c1,[ 0.18644965  0.8380244  -0.68222535 -0.6779562  -0.2391056 ]
O=C(O)c1cccc(Cl)n1,[-0.11379626  0.9617585  -0.7048209  -0.5727673   0.23147753]
CC(C)CCI,[ 0.39395714  0.85542727 -0.95107406 -0.45053142 -0.0620061 ]
COP(=S)(Cl)OC,[ 0.4448733   0.7409281  -0.94841963 -0.5358163  -0.2939904 ]
O=C(CCl)OC1=C(OC(=O)CCl)C(=O)OC1=O,[-0.07288084  0.46674442 -0.45976672 -1.         -0.22812381]
O=C(CN1CCOCC1)NN=Cc1ccc([N+](=O)[O-])o1,[ 0.16222714  0.6605279  -0.9756191  -0.9310403   0.13398243]
CC(C)(C)NCCO,[ 0.20863754  0.9358349  -0.7770081  -0.7479561  -0.5665838 ]
CCOP(=O)(NC(C)C)SCC(=O)NCOC,[ 0.28897464  0.4349125  -0.51940006 -0.7217673  -0.1529919 ]
COc1cc2ncc(C(N)=O)c(Nc3ccc(F)cc3F)c2cc1NCCN1CCCCC1,[ 0.4815722   0.9065457  -0.99382293 -0.9668      0.51138103]
Nc1cccc(N)c1,[ 0.2787654   0.8997548   0.13775644 -0.7872992  -0.33533338]
C[NH2+]C(C)C1CCC(N)C(OC2C(N)CC(N)C(OC3OCC(C)(O)C([NH2+]C)C3O)C2O)O1,[-0.06125687  0.7996592  -0.5008164  -0.44570786 -0.2830326 ]
FCOC(C(F)(F)F)C(F)(F)F,[ 0.01586416  0.5702058  -0.90059483  0.6060312   0.30028126]
Cc1c(Sc2ccc(Cl)cc2)c2c(-c3ccccc3)cccc2n1CC(=O)O,[ 0.19772068  0.9629091  -0.69002736 -1.          0.3793464 ]
COc1ccc2ncc(=O)n(CCN3CC[C@@H](NCc4ccc5c(n4)NC(=O)CO5)[C@@H](F)C3)c2c1,[ 0.42244878  0.9076556  -0.38445422 -0.72130316 -0.48011076]
CC1CS1,[ 0.10552932  0.9796226  -1.         -1.         -0.01224295]
C1C[SiH2]C1,[ 0.04752784  0.5674161  -0.6231513  -0.91916317 -0.10283522]
O=C1OCC2C1C1(Cl)C(Cl)=C(Cl)C2(Cl)C1(Cl)Cl,[ 0.48267698  0.30593604 -0.8079581  -0.6720761  -0.59316313]
CCC(=O)OCc1ccc(OC)cc1,[ 0.3175691  -0.16408034 -0.4110588  -0.7035031   0.20015788]
CN(C)CCCNCCCN(C)C,[ 0.14640023  0.3536677  -0.8179551   0.56757504  0.1033239 ]
CCN(N=O)C(C)OC,[ 0.45693865  0.7472143  -0.6510703  -0.7763221  -0.02559885]
COc1c(OP(=S)(OCC(C)C)OCC(C)C)cnn(C)c1=O,[ 0.31600672  0.15791707 -0.8714288  -0.7261252   0.25608143]
Cc1cccc([N+](=O)[O-])c1[N+](=O)[O-],[-0.0705485  0.8948605 -0.718312  -0.7032627  0.2826738]
CCCOC(=O)Cc1ccc(OCC(=O)N(CC)CC)c(OC)c1,[-0.17251356 -0.3604374  -0.81171346 -0.25724155  0.12293648]
Cc1ccc(S(=O)(=O)Nc2c(C(=O)N[C@@H](C)C(C)(C)C)c(C)nn2C(C)C)cc1,[-0.34875354  0.8141365  -0.7868741  -0.7378073  -0.4422544 ]
O=C(CO)N1CCC(c2[nH]nc(-c3ccc(Cl)cc3F)c2-c2ccncn2)CC1,[0.2565467  0.5796788  0.5166559  0.08857561 0.5507667 ]
COc1ccccc1Oc1c([N-]S(=O)(=O)c2ccc(C)cn2)nc(-c2ccncc2)nc1OC,[ 0.37102678  0.8122498  -0.68197596 -0.837092   -0.06630959]
Clc1nc(Cl)nc(Cl)n1,[ 0.15990923 -0.13513492 -0.7952633  -0.0220358   0.7078556 ]
C[C@@H]1CC[C@H]2[C@@H](C)[C@@H](OC(=O)CCC(=O)O)O[C@@H]3OC4(C)CC[C@@H]1[C@@]23OO4,[ 0.44140553  0.65981674 -0.05598555 -0.92571527  0.54567903]
O=Cc1cccc2ccccc12,[-0.24868743 -0.4158898  -0.41614908 -0.8971418   0.10689618]
Cn1c(=O)sc2cccc(Cl)c21,[ 0.48597443  0.86957055 -0.57821107 -1.         -0.11965228]
CSCC(=O)N(C)C(=O)Oc1ccccc1OC(C)C,[ 0.11710224  0.6111904  -0.83406734 -0.8240714  -0.38284174]
CCCCCCCC[Si](OCC)(OCC)OCC,[ 0.4085831   0.22952662 -0.52800363 -0.35101786  0.10204551]
COC(=O)c1c(Cl)cccc1-c1cnc([C@@H](C)NC(=O)C2(NC(=O)C(F)(F)F)CC2)c(F)c1,[-0.31405243  0.6092755  -0.9070784  -0.84050524 -0.13591048]
CC(CC(=O)OC(C)(C)C)NC(=O)C1=NOC(C(O)(C(F)(F)F)C(F)(F)F)C1,[ 0.49063033  0.57777023 -0.6524681  -0.34144527 -0.08896364]
CCOc1ccccc1C(N)=O,[ 0.63080513  0.6711896  -0.2752653  -0.48143458 -0.74076676]
CC=C(CC)C(=O)NC(N)=O,[ 0.04620514  0.87567025 -0.77189064 -0.6900163  -0.2293461 ]
C[C@@H](O)[C@H]1C(=O)N2C(C(=O)O)=C(SCCNC=N)C[C@H]12,[ 0.29218218 -0.07988101 -0.91001886 -0.73494804 -0.3714082 ]
CCN(CCO)C(=O)c1oc2cccnc2c1-c1cccc(C(F)(F)F)c1,[ 0.01460721  1.         -0.71289915 -0.2001216  -0.03384668]
C=C(C)c1cccc(C(C)(C)N=C=O)c1,[ 0.0096764   0.9678582  -0.73495567 -1.         -0.17164707]
OCc1cc(C(O)C[NH2+]CCCCCCOCCOCc2c(Cl)cccc2Cl)ccc1O,[ 0.31272432 -0.40506503 -0.9613755  -1.          0.526593  ]
Cc1cn([C@H]2CCCN(S(=O)(=O)c3ccc(C#N)c(Oc4cccc(Cl)c4)c3)C2)c(=O)[nH]c1=O,[ 0.1747576   0.4721644   0.41930512 -0.38566163 -0.39243034]
O=C(Cc1cccs1)N[C@@H]1C(=O)N2C(C(=O)[O-])=C(C[n+]3ccccc3)CS[C@H]12,[ 0.57407266  0.70576626 -0.8622029  -0.67213076  0.7407139 ]
O=S(=O)(O)c1ccc2cc(Nc3cccc4c(O)c(S(=O)(=O)O)ccc34)ccc2c1O,[ 0.02446931 -0.7686496  -0.5944627  -0.21209869  0.39787647]
CCCSP(=S)(OC)SCCC,[ 0.36940753  0.84665793 -0.80294025 -0.6610504   0.10441067]
O=C(O)CCC(=O)O,[ 0.47102535  0.710149   -0.97700703 -0.2798917  -0.09268644]
O=C(O)CC(CC1CCN(C(=O)CCc2ccc3c(n2)NCCC3)CC1)C1CNc2ccccc2C1,[ 0.39415997  0.41843644  0.45680133 -1.          0.37743455]
O=C(O)[C@@H](c1ccccc1)N1CCC(CN2CCC(Oc3ccc(Cl)c(Cl)c3)CC2)CC1,[ 0.71860945  0.78316677 -0.81905025 -0.07116283 -0.43929693]
CCC[C@H](NC(=O)[C@@H]1[C@H]2CCC[C@H]2CN1C(=O)[C@@H](NC(=O)[C@@H](NC(=O)c1cnccn1)C1CCCCC1)C(C)(C)C)C(=O)C(=O)NC1CC1,[ 0.44321513  0.56935585 -0.78486013 -0.7884318  -0.12454155]
C[C@]12C[C@H](O)[C@H]3[C@@H](CCC4=CC(=O)CC[C@@]43C)[C@@H]1CC[C@]2(O)C(=O)CO,[ 0.80100447  0.7750907  -0.89435524  0.006532   -0.9537985 ]
C#CCc1ccc(COC(=O)C2C(C=C(C)C)C2(C)C)o1,[ 0.2389341   0.00420289 -0.5244611  -0.6803415   0.18046542]
O=c1oc(-c2ccccc2)nc2ccccc12,[-0.00164487  0.9216199   0.29361305 -0.82135385  0.31903458]
COc1ccc(CC2c3cc(OC)c(OC)cc3CCN2C)cc1OC,[ 0.18544164  1.         -1.         -0.900874   -0.17336166]
O=C1C2CC3C1C1(Cl)C(Cl)C4(Cl)C2C3C1(Cl)C4(Cl)Cl,[ 0.5365617   0.80093277 -0.6459789  -0.50211245 -0.10747811]
