CC(C)OCCO,[-0.3346724   0.7503285  -0.5520712  -0.5856457  -0.17268424]
O=C1c2ccccc2N(C(=O)CN2CCOCC2)CN1c1ccccc1,[ 0.57006854  0.76580673 -0.9075997  -0.47848013 -0.4655171 ]
CCOc1nc(C(Cl)(Cl)Cl)ns1,[-0.55872446  1.         -0.13194048 -0.40424642 -0.12347946]
CNC(=O)ON=C(C)SCC(=O)N(C)C,[ 0.9765061   0.14111102 -0.8292353   1.          0.2169243 ]
Nc1nc(O)c2ncn(COCCO)c2n1,[ 0.38755962  0.86907476 -0.6620106  -1.         -0.24771476]
COP(=S)(OC)SCc1nc(N)nc(N)n1,[ 0.39008445  0.79650694 -0.83925045 -0.5050812  -0.246102  ]
O=[N+]([O-])c1cccc(O)c1,[-0.24388279  0.58216476 -0.78231657 -0.88952035 -0.186877  ]
NCCNCc1ccccc1O,[-0.29106972  0.96323687 -0.77117795 -0.04066257 -0.11979893]
CC1(C)C(C=C(Cl)Cl)C1C(=O)OCc1c(F)c(F)c(F)c(F)c1F,[ 0.27244186  0.9647481  -0.9717207  -0.9764677   0.05749027]
CC(CN1CC(=O)NC(=O)C1)N1CC(=O)NC(=O)C1,[-0.33114773  0.8295494  -1.         -1.         -0.1952624 ]
CCCSP(C)(=S)SC(CC(=O)OCC)C(=O)OCC,[-0.48230812  0.91642535 -0.4485527  -0.96000874  0.06377403]
CCN1CCCC1CNC(=O)c1cc(S(N)(=O)=O)ccc1OC,[-0.24798681  0.65838    -0.8165473  -0.7150268  -0.15494935]
CC1(C)SCN(C(=O)C2(Oc3ccc(Cl)cc3)CCCCC2)C1C(=O)O,[ 0.01021327  0.5970165  -0.8138319  -0.8242765  -0.50613683]
O=C1OCC2C1C1(Cl)C(Cl)=C(Cl)C2(Cl)C1(Cl)Cl,[ 0.22258958  0.44206655 -0.8123369  -0.6728228  -0.241988  ]
CCNC(=O)C(C)OC(=O)Nc1ccccc1,[ 0.15364328  0.74733263 -0.92128396 -0.7793456   0.04766324]
O=C(OCC=Cc1ccccc1)c1ccccc1,[-0.05204222  0.88534445 -0.86154485 -1.         -0.3124708 ]
CO/N=C(/C(=O)NC1C(=O)N2C(C(=O)[O-])=C(C[N+]34CCC(C(N)=O)(CC3)CC4)CSC12)c1nsc(N)n1,[ 0.35421222  0.7792854  -0.7186739  -0.8411931   0.2062737 ]
CN1C[C@@H]2c3ccccc3Oc3ccc(Cl)cc3[C@H]2C1,[ 0.02429803 -0.20907088 -0.65296465 -0.5052641  -0.31472853]
COP(=S)(OC)Oc1ccc(S(N)(=O)=O)cc1,[ 0.06357868  0.22787336 -0.93991745 -1.          0.39606357]
Nc1cc[n+]([O-])cc1,[ 0.2352582   0.9531315  -0.65432954 -0.9418327   0.7751838 ]
C[C@H](Cc1cccc(CC(=O)NC23CC4CC(CC(C4)C2)C3)c1)NC[C@H](O)c1ccc(O)c(CO)c1,[ 0.20948356  0.78607595 -0.7697934  -0.19943488 -0.22398244]
C1CSCCO1,[ 0.6083273   0.3986737  -0.94798076 -0.13941818  0.12767366]
O=C(c1ccc(Cl)cc1)c1ccccc1-c1ncc[nH]1,[-0.06958284  0.83312356 -0.46271694 -0.8579758   0.07300924]
COc1ccc2ccc(=O)n(CCN3CCC(NCc4cc5c(cn4)OCCO5)CC3)c2n1,[ 0.26994544  0.24778022 -0.63081115 -0.7258896  -0.00884499]
C=CCN1CCCC1CNC(=O)c1cc2nn[nH]c2cc1OC,[ 0.38392588 -0.13127801 -0.66354275 -0.42535666  0.6028469 ]
CC(C)CNC(=O)NS(=O)(=O)c1ccc(Cl)cc1,[-0.28203002  0.8882352  -0.7756559  -0.46317747 -0.35024676]
COc1ccc(-c2cc(=O)c3ccc(OC)cc3o2)cc1,[ 0.15587568  1.         -0.8414851  -0.36561424  0.226193  ]
Cc1cc(=O)n(CSP(=S)(OC(C)C)OC(C)C)nc1Cl,[-0.02965365  0.65371937 -0.8762023  -0.7597369  -0.0113466 ]
CNC(=O)ON=C1CCCC1(C)C#N,[-0.2533379   0.8423781  -0.8125908  -0.93472785  0.33386368]
CSC(C)=NOC(=O)N(C)SN(C)C(=O)Oc1ccc(OC(=O)N(C)SN(C)C(=O)ON=C(C)SC)cc1,[ 0.480111    0.8786078  -0.62963694 -0.68863165 -0.47103775]
Cc1cc(C)c(C)cc1C,[ 0.46627113  0.8430481   0.01595768 -0.65776706 -0.10331365]
CC(CC(=O)OC(C)(C)C)NC(=O)C1=NOC(C(O)(C(F)(F)F)C(F)(F)F)C1,[ 0.5098645   0.4833686  -0.9960874  -0.84803635 -0.09127873]
CCN1C(=O)C=CC1=O,[ 0.29555488  0.43865108 -0.7439789  -0.5472719  -0.01728097]
C[NH+]1CCc2cccc3c2C1Cc1ccc(O)c(O)c1-3,[ 0.26596054  0.34587866 -0.30697578 -0.73357993  0.04462853]
O=C(O)CCC(=O)OC1CCCCC1,[-0.09824343  0.7208129  -1.         -0.7377086   0.5771836 ]
CC(C)[C@H](C(=O)Nc1nccs1)c1ccc(Cl)cc1,[ 0.2917643   0.9724525  -0.93145466 -0.25090963  0.25586832]
C=CC(=O)Nc1ccc(O)cc1,[-0.06478523  0.72423995 -0.85751283 -0.8839832  -0.07188028]
CCN(CC)c1c([N+](=O)[O-])cc(C(F)(F)F)c(N)c1[N+](=O)[O-],[ 0.3188344   0.7104552  -0.6462564  -0.61080277 -0.31175473]
CCCN(CCC)c1c([N+](=O)[O-])cc(C)cc1[N+](=O)[O-],[ 0.2868325   0.7292682  -0.35448092 -0.50403446 -0.30319905]
COc1cc(OC)c(S(=O)(=O)NCc2ccccc2N2CCC(COC(=O)CCC(=O)O)CC2)cc1NC(=O)CCC(=O)O,[ 0.06678046  0.6764174  -0.9131747  -1.         -0.4577208 ]
Cc1cc([N-]S(=O)(=O)c2ccc(N)cc2)no1,[-0.5248204  -1.         -0.9933477  -0.28020972 -0.01539661]
CCC(C)C(=O)OC1CCC2(C)C3CC(O)C4C5(O)C(CC42OC13O)C1CN2CC(C)CCC2C(C)(O)C1C(O)C5OC(=O)C(C)(O)CC,[ 0.08455935  1.         -0.6934902  -0.91813815 -0.0373729 ]
O=C1NC(c2ccc(Br)cc2)Nc2ccccc21,[ 0.2585382   0.99578255 -0.63854426 -0.90013295 -0.23134172]
CCCNC(=O)[N-]S(=O)(=O)c1ccc(Cl)cc1,[ 0.17200479  0.8902682  -0.75121415 -0.44753388 -0.2946307 ]
CSCCNc1nc(SCCC(F)(F)F)nc2c1ncn2C1OC(COP(=O)([O-])OP(=O)([O-])C(Cl)(Cl)P(=O)([O-])[O-])C(O)C1O,[-0.46589464  1.         -0.6135002  -0.37124342 -0.03956071]
CC(=O)[C@H]1CC[C@H]2[C@@H]3CC[C@@H]4C[C@H](O)CC[C@]4(C)[C@H]3CC[C@]12C,[-0.05329683  1.         -0.930786   -0.9760545  -0.01280573]
NS(=O)(=O)c1cc2c(cc1Cl)NCNS2(=O)=O,[ 0.04491624  0.26101837 -0.2645763  -0.6967318   0.768858  ]
NCCCNCCSP(=O)(O)O,[ 0.42045653  0.6709045  -0.96691287 -0.62184393 -0.19954596]
Nc1nc(Nc2ccc(S(N)(=O)=O)cc2)nn1C(=O)c1c(F)cccc1F,[ 0.38076115  0.8281644  -0.983055   -0.5020566  -0.02187585]
CC(C)(C)c1cc(O)ccc1O,[ 0.1804869   1.         -0.29478377  0.46176088  0.32719427]
CC(=O)OO,[ 0.082403    0.9782166  -0.38950315 -0.6391235  -0.00702661]
CCCNC(=N)C(OCC)c1ccccc1,[ 0.4663936   0.7780208  -0.8158193  -0.5209278  -0.52045095]
O=C(Cc1ccc(OCc2ccccc2)cc1)NO,[ 0.4663902   0.6929172  -1.         -0.60029435 -0.0497329 ]
OCCOCCN1CCN(C(c2ccccc2)c2ccccc2)CC1,[-0.29951876  0.82781655 -0.5547976  -0.7948241   0.07705943]
CC(C)(C(=O)O)S(C)(=O)=O,[ 0.56741726  0.7071606  -0.66527313  0.2627914  -0.4005992 ]
COc1ccc(NC(=O)CF)cc1,[ 0.60138613  0.7651467  -0.64108247 -0.30905545 -0.2442204 ]
CNC(=O)Oc1cc(C)c(N(C)C)cc1C(C)C,[ 0.5861964   0.9052857  -0.8098516  -0.38440523 -0.40252638]
FC(F)(F)c1nc2c(I)cc(I)cc2[nH]1,[-0.13117786  0.9029095  -0.6266449  -0.6920091   0.30517817]
Cc1cccc(C)c1NC(=O)C1CCCC[NH+]1C,[ 0.28867176  1.         -1.         -0.86865294  0.04618423]
OCCOCCCl,[ 0.33015302  0.8708685  -1.         -0.9249007  -0.18440437]
C=CC(=O)OCC(CC)CCCC,[ 0.07167089  0.85152483 -0.76741207 -0.9387336   0.5073113 ]
N#Cc1ccc(F)c(-c2cc(C(F)(F)F)ccc2OCC(=O)O)c1,[ 0.5261333   0.53133696 -0.8166888  -0.33741954  0.15420356]
C[N+](C)(C)CC(O)CC(=O)[O-],[ 0.5765029   0.66885835 -0.62312585 -0.89608437  0.58619756]
Cc1cc(Nc2nc(N[C@@H](C)c3ccc(F)cc3)ncc2Cl)n[nH]1,[ 0.23934168  0.5371401  -0.56055987 -0.81133604 -0.4364608 ]
CCOc1ccc([C@@H](C)Nc2nc(N3CCN(C(C)=O)CC3)nc3c2CN(C(C)C)C3=O)cc1,[-0.71974444  0.2397849  -0.5121795  -0.07705817 -0.20905846]
COc1cc2c3c(c1O)C1(C=CC(=O)C=C1)CC3N(C)CC2,[ 0.5516117   0.39732075 -0.9638832  -0.06383801  0.06185118]
CCCCOCCOCCCC,[ 0.4367968   0.7136378  -1.         -0.71945876 -0.02994334]
CCC(C(=O)N1CCCCC1C(=O)OC(CCc1ccc(OC)c(OC)c1)c1cccc(OCC(=O)NCCNC(=O)COc2cccc(C(CCc3ccc(OC)c(OC)c3)OC(=O)C3CCCCN3C(=O)C(CC)c3cc(OC)c(OC)c(OC)c3)c2)c1)c1cc(OC)c(OC)c(OC)c1,[ 0.25475973  0.16641985 -0.13782541 -0.06745873 -0.29870528]
CNc1c(C(N)=O)cnc2[nH]c(-c3ccc(OCCN4CCOCC4)cc3)nc12,[ 0.25051636  0.5100373  -0.79181874 -0.8575243  -0.52684283]
CN(C)C(=O)C(CCN1CCC(O)(c2ccc(Cl)cc2)CC1)(c1ccccc1)c1ccccc1,[ 0.34557885  0.26036248 -0.29004458  0.00299648 -0.07234111]
COP(=S)(OC)Oc1nc(Cl)c(Cl)cc1Cl,[ 0.08151857 -0.22282968 -0.80952597 -0.89466584 -0.05001077]
CC(=O)Oc1cccc(Oc2ccc(C(F)(F)F)cc2Cl)c1,[ 0.22665009  1.         -1.         -0.63091    -0.22969441]
CC(C)(O)c1ccccc1,[ 0.48162076  0.8656293  -0.8200497  -0.11110795 -0.3281559 ]
C[NH2+]C(C)Cc1ccccc1,[-0.02024281 -0.0499843  -0.82443506 -1.          0.35848194]
CO[Si](CCCn1c(=O)n(CCC[Si](OC)(OC)OC)c(=O)n(CCC[Si](OC)(OC)OC)c1=O)(OC)OC,[-0.23331866  0.8115162  -0.75820327 -0.4764367  -0.02030649]
CCOP(=S)(OCC)Oc1ccc([N+](=O)[O-])c(C)c1,[-0.01841209  0.9424755  -0.8056274  -0.16591166 -0.04875761]
O=C(CCCCC(=O)OCC1CC=CCC1)OCC1CC=CCC1,[-0.15718979 -0.9242902  -1.         -1.         -0.07785089]
Fc1cc(-c2cccc3ncc(-c4cnn(C5CCNCC5)c4)nc23)cc(F)c1CN1CCOCC1,[ 0.58062035  0.35763088 -0.71506184 -0.28470463  0.08397192]
C[S+]([O-])Cc1ccc(C(=O)Nc2ccc(OCCOCCO)nc2C(=O)NCC2CCC2)c2ccccc12,[-0.00946634  0.8246856  -0.9786024  -0.47056305 -0.30891058]
CCC1OC(C)SC1=NOC(=O)NC,[-0.07913517  0.83657205 -0.36597368  0.3549748  -0.15072912]
O=S(=O)(O)c1ccc2cc(Nc3cccc4c(O)c(S(=O)(=O)O)ccc34)ccc2c1O,[-0.09254305 -0.98156846 -0.6619672  -0.42800894  0.05441742]
CNC(=O)c1cccc2c(Nc3ccc(NS(C)(=O)=O)cc3OC)c3cccc(C)c3[nH+]c12,[ 0.4087379   0.8067734  -0.7786184  -0.34924832 -0.38121653]
CN(C)C(=O)Nc1cc(C(C)(C)C)on1,[-0.3795156   0.9292078  -0.7977605  -0.7251568  -0.22213663]
CNC(=N)c1cccc(CC(CC(=O)N2CCC(C(=O)O)CC2)NS(=O)(=O)c2ccc3ccccc3c2)c1,[ 0.21993533  0.13119632 -0.5841922   1.          0.02189623]
CC1CS1,[ 0.4023834   0.94822127 -1.         -0.8939991   0.20995349]
Nc1nc2c(Cc3cccnc3)c[nH]c2c(=O)[nH]1,[ 0.07332139  0.8584255  -0.505788   -0.6706572   0.10630671]
CC(C)NC(=O)c1cnc(N2CCC(N3C(=O)OCc4ccccc43)CC2)c(Cl)c1,[-0.26239035  1.         -1.         -0.60162085 -0.39778662]
CC(=O)C1OC1(C)C,[ 0.2803899  0.9220433 -1.        -0.6249179 -0.0803035]
Cc1ccc2c(c1)c(Sc1cccc(Cl)c1)c(C)n2CC(=O)O,[-0.4260023   0.81888914 -0.8264496  -0.86196446  0.02790842]
COc1ccc(C(=O)Nc2ccccc2CCC2CCCCN2C)cc1,[ 0.4979973   0.54734457 -0.24757239 -0.90923536 -0.3244089 ]
Clc1ccc(Cl)c(Cl)c1,[-0.2650521   0.79107106 -0.7450149  -0.8452838   0.02193582]
O=C(c1ccccc1)c1cccc2c1CCC2C(=O)O,[-0.29164225  0.81860507 -0.9067389  -0.6866747  -0.07163162]
Cc1cnc(Nc2cc(N3CCOCC3)nc(N[C@@H](C)c3ncc(F)cn3)n2)s1,[ 0.28068691  1.         -1.         -0.08235725 -0.16927867]
Cc1ccc(CO)cc1N(C)c1ccnc(Nc2cc(N3CCCOCC3)cc(N3CCOCC3)c2)n1,[ 0.73397124  0.7581177  -0.7749305  -0.62510765  0.04558181]
ClCC1C(CCl)C2(Cl)C(Cl)=C(Cl)C1(Cl)C2(Cl)Cl,[ 0.6559494   0.6509275  -0.73301834 -0.5600878   0.09174748]
[O-][n+]1onc2c1c1no[n+]([O-])c1c1no[n+]([O-])c21,[ 0.3482362   0.8424523  -0.9225617  -0.94381326 -0.2198195 ]
NC(=O)c1cnc(N[C@@H]2CCCC[C@@H]2N)nc1Nc1cccc(-n2nccn2)c1,[-0.14044514  0.85134625 -0.63222533 -1.          0.30080423]
CCCCCCCCCCCC(=O)OCC(O)C1OCC(O)C1O,[ 0.32913327  0.6047582  -0.7841793   0.00660689  0.16731067]
CC(C)CCI,[ 0.41431263  0.83340764 -0.68508583 -0.513654   -0.12259901]
Cc1cnc(NCCCN(C)C)c2c1[nH]c1ccc3cc(O)ccc3c12,[ 0.21686222  0.8171395   0.420976   -0.5223808   0.09895545]
CCCCC(CC)CNCC(C)(N)CN(C)CC(CC)CCCC,[ 0.10414626  0.1257843  -0.41967407  0.4874119   0.49055824]
N#CC(c1ccccc1)c1ccccc1,[ 0.56621146  0.6309562  -0.10998304 -0.69908494 -0.08863041]
CCCCCCCCc1ccccc1O,[ 0.18543607  1.         -0.9607566  -0.7652428   0.13764429]
CN,[ 0.2955971   0.367649   -0.7822435   0.5036867   0.14841622]
C[C@@](N)(Cc1ccc(O)c(O)c1)C(=O)O,[ 0.13206868  0.6049966  -0.55870825 -0.7482236  -0.11141303]
CCN(N=O)C(C)OC,[ 0.14359902  0.8048797  -0.8579742  -0.9578734  -0.4857705 ]
CCC1=C(C)CN(C(=O)NCCc2ccc(S(=O)(=O)[N-]C(=O)NC3CCC(C)CC3)cc2)C1=O,[-0.18535651  0.6594549  -0.44647577 -0.7769062  -0.13949122]
Clc1cc(Cl)cc(Cl)c1,[ 0.7274079  -0.32711625 -0.69380134 -0.8154567   0.31811106]
CC(=O)c1c(C)c2cnc(Nc3ccc(N4CCNCC4)cn3)nc2n(C2CCCC2)c1=O,[-0.17573212  1.         -0.8347445  -0.33724537 -0.6225475 ]
CCCCOC(=O)C1CC1OCCCC,[ 0.02550736  0.6796801  -0.600853   -0.7751124   0.08642574]
CN1CCN(CCC=C2c3ccccc3Sc3ccc(S(=O)(=O)N(C)C)cc32)CC1,[-0.22195153  1.         -0.54505634 -0.6316022   0.27584186]
C=C(C)c1ccc(C(C)(C)N=C=O)cc1,[-0.05167185  0.7508278  -0.7225177  -0.69230086 -0.32694837]
Cc1cccc2sc3nncn3c12,[ 0.24284296  0.9669666  -0.66714674  0.04456202 -0.38097045]
N#Cc1c(-c2ccc(-c3ccncc3Cl)cc2)nc2ccncc2c1O,[ 0.11236503  0.93511313 -0.47570464 -0.8490874   0.20299381]
COP(=S)(OC)Oc1ccc(C#N)cc1C,[-0.00570567  0.9320099  -1.         -0.8499478  -0.27522668]
O=Cc1ccc(O)cc1,[ 0.46858555  0.29013175 -0.57514584 -0.6193197  -0.33463505]
O=c1oc(-c2ccccc2)nc2ccccc12,[ 0.2225337   0.83386695 -0.40627977 -0.7895723   0.40719226]
COC(=O)C1=C(C)NC(C)=C(C(=O)OCCN(C)Cc2ccccc2)C1c1cccc([N+](=O)[O-])c1,[ 0.02192173  0.66083694 -0.66155785 -0.7659586  -0.3151109 ]
CCC(C)(C)C1CCC(=O)CC1,[ 0.532507    0.7405128  -0.4052901  -0.69580287 -0.17064574]
Cc1c(C(=O)NCCO)[n+]([O-])c2ccccc2[n+]1[O-],[ 0.2599765   0.80134493  0.7729207  -0.11369222 -0.13200912]
COc1ccc2ncc(F)c(CCN3CCC(NCc4cc5c(cn4)OCCO5)CC3)c2n1,[ 0.10058335  0.8766893   0.6772811  -0.47505262 -0.25172284]
CC(=O)CCCCCCCC(=O)O,[ 0.3589992   0.7587643  -0.7822142  -0.50498736 -0.27450764]
CCC(=O)NCCC1CCc2ccc3c(c21)CCO3,[-0.14190245  0.5164636  -0.7857758  -0.5808795  -0.20662619]
CCOC(=O)COc1ccc(C(=O)CN2CCN(C3CCN(C(=O)OCOC(=O)C(C)(C)C)CC3)CC2=O)cc1,[-0.08152761  0.768419   -0.9203732   0.5567638   0.0688738 ]
Cc1cn([C@H]2CCCN(S(=O)(=O)c3ccc(CO)c(Oc4cccc(Cl)c4)c3)C2)c(=O)[nH]c1=O,[-0.00710624 -0.11832739  0.24426833 -0.5568336   0.02908672]
Cc1ccccc1COC1CC2(C(C)C)CCC1(C)O2,[-0.17651139  0.02207915 -0.6795565  -0.30446434 -0.12051513]
C#CCc1ccc(COC(=O)C2C(C=C(C)C)C2(C)C)o1,[ 0.21854427 -0.03906149 -0.6486539  -1.          0.25433075]
C#CC1(O)C=CC2C3CCC4=CC(=O)CCC4C3CCC21CC,[-0.07448763  0.50205123 -0.7775588  -0.23679115 -0.06169051]
CC(C)NCC(O)c1ccc(O)c(O)c1,[-0.27848393  0.8622062  -0.33604708 -0.79953295  0.09962405]
Cc1nn(C2CCCCC2)c(N)c1-c1ccccc1,[ 0.16019252  0.7542813  -0.92409354 -0.7732078  -0.10063998]
CCC(=O)CC,[ 0.01537564  0.9411029  -0.9347453  -0.8254187  -0.45883018]
Oc1ccc2c(c1)CCC2,[ 0.39671668  0.8460043  -0.7831818  -0.7998359   0.01147662]
C1=CC2C=CC1C2,[ 0.1560679   0.9532159  -0.88272357 -0.6156209   0.19876443]
Nc1nc(O)c(Cl)c(-c2ccccc2)n1,[-0.45659405  0.8907246  -0.873113   -0.7224886  -0.48525885]
Cc1cc(-n2cccc2)c(S(C)(=O)=O)cc1C(=O)NC(=N)N,[ 0.34346327  0.85348254 -0.73059225 -0.5466892  -0.42948264]
C1=CCCC=CCCC=CCC1,[-0.11937282  0.6276282  -0.734937   -0.82690406 -0.38935933]
O=C([O-])c1cc(N=Nc2ccc(S(=O)(=O)Nc3ccccn3)cc2)ccc1O,[-0.55660737  0.84435105 -0.71770316 -0.92719364 -0.18052837]
CC(C)Nc1nc(Cl)nc(NC(C)C)n1,[ 0.6033011   0.6314948  -0.5453233  -0.68308294  0.10868902]
CCC(C(=O)O)c1ccc(CC(C)C)cc1,[ 0.16383065  0.742806   -0.538177   -0.7919732  -0.19694525]
S=C1NCCNC(=S)S1,[ 0.2258717   0.46209818 -0.78307855 -0.6412969  -0.47654602]
Cc1ccc2c(c1)c(-c1ccnc3cc(Cl)ccc13)c(C)n2CC(=O)O,[-0.10645412  0.40928477  0.13589127 -1.          0.21038726]
O=c1cc(Cn2c(C3CCC3)nc3nccnc32)c2ccc(F)c(F)c2[nH]1,[ 0.25453705  0.54513067 -0.8650423  -0.52929944  0.6726541 ]
CCc1cccc(CC)c1N,[-0.03066228  0.70045614 -0.6742425  -1.         -0.140193  ]
Clc1ccc(C2(Cn3cncn3)OCCO2)c(Cl)c1,[ 0.07901324  0.9719562  -0.9996659  -0.39958265  0.11934571]
CCCCCCCC(=O)N[C@@H](CCN)C(=O)N[C@H](C(=O)N[C@@H](CCN)C(=O)N[C@H]1CCNC(=O)[C@H]([C@@H](C)O)NC(=O)[C@H](C)NC(=O)[C@H](CCN)NC(=O)[C@H](CC(C)C)NC(=O)[C@@H](Cc2ccccc2)NC(=O)[C@H](CCN)NC1=O)[C@@H](C)O,[ 0.37481347  0.8638355  -0.86587125 -0.54616004 -0.22040877]
N#Cc1cccc(C#N)c1,[-0.21023133  0.998924   -0.73878485 -0.9438303   0.46146148]
O=NN(c1ccccc1)c1ccccc1,[ 0.44543245  0.64478093 -0.51109254 -0.46506765  0.83114845]
C=C(C)C(=O)OCCOC(=O)C(=C)C,[ 0.14110039 -0.32468    -1.         -1.         -0.05119556]
CCCCOc1ccccc1NC(C)=O,[-0.12884448 -0.20235592 -0.10694166 -0.4878251   0.19778724]
NC(=O)N1C(=O)C(C(=O)c2cccs2)c2cc(Cl)ccc21,[-0.5528261  -0.00119166 -0.78654873 -0.9284072  -0.30792168]
Cc1cc(OC(=O)N(C)C)n(C(C)C)n1,[-0.2622334   0.8551096  -0.57198817  0.6151868   0.01735477]
CC(C)=CC1C(C(=O)OC(C#N)c2cccc(Oc3ccccc3)c2)C1(C)C,[ 0.12343586  0.50787544 -0.79496807 -0.36312306  0.59547704]
COc1cc(N)c2c(c1N)C(=O)c1ccccc1C2=O,[ 0.27727345  0.5505311  -1.         -0.7233457  -0.07438117]
O=C(Nc1ccc(Cl)c(C(=O)Nc2cccnc2)c1)c1cccc(C(F)(F)F)c1,[ 0.39499673  0.91174746 -0.9717896  -0.5029725  -0.4987361 ]
C=CC[N+]1([C@H]2C[C@H]3[C@@H]4CC[C@H]5C[C@H](O)[C@@H](N6CCOCC6)C[C@]5(C)[C@H]4CC[C@]3(C)[C@H]2OC(C)=O)CCCC1,[-0.2986309   0.9124927  -0.8921632  -1.          0.70273316]
C[C@H](Cn1cnc2c(N)ncnc21)OCP(=O)(O)O,[ 0.4714137  -0.1109521  -0.53676873 -0.6361406   0.3233478 ]
CC1CCN(C(=O)CC(Cc2cccc(C(=N)N)c2)NS(=O)(=O)c2ccc3ccccc3c2)CC1,[ 0.70810187  0.13217176 -0.6400599  -0.14174584 -0.14186674]
C=CC(C)CCCC(C)(C)O,[ 0.05220665  0.5624607  -0.49476612 -0.5782996  -0.08214248]
C[C@@H]1NC(=O)[C@@H](C)NC(=O)[C@H](C)N(C)C(=O)[C@@H](C)N(C)C(=O)[C@@H](C)NC(=O)[C@H](C)N(C)C1=O,[-0.5175777   1.         -0.64856833 -0.8951253   0.36221638]
CCS(=O)CCSP(=O)(OC)OC,[ 0.14314994  0.9059386   0.4750802  -0.68437624  0.14240865]
CC#CCC(C)C(O)C=CC1C(O)CC2Oc3c(CCCC(=O)O)cccc3C21,[ 0.15327351  0.85057634 -0.57720155 -0.571973   -0.38975006]
Nc1cccc(N)c1,[ 0.2989587   0.9423194  -0.02190187 -0.5673406  -0.4789319 ]
O=C(/C=C/c1ccccc1)NCCO,[-0.69172263  0.7550941  -0.863949   -0.7631643  -0.21130121]
FC1(F)CC(C2CC3(Cl)C(Cl)=C(Cl)C2(Cl)C3(Cl)Cl)C1(F)F,[ 0.52653694  0.48976293 -0.7611101   0.03102815 -0.1083498 ]
CCOP(=O)(OCC)N(C)c1ccccc1,[ 0.3785237   0.75830066 -0.4711916   0.5460644   0.164305  ]
ClCc1ccccc1,[ 0.2308014   0.9331197  -0.26411325 -0.72406113  0.26965293]
CCCCC(CC)CNC1CCCCC1,[ 0.01924599 -0.77482986 -0.87619543  0.02781588 -0.20669763]
C/C([O-])=C(\C#N)C(=O)Nc1ccc(C(F)(F)F)cc1,[ 0.63576126  0.47356737 -0.9683687  -0.7806662  -0.00985855]
Cc1nc(C(F)(F)F)ccc1C(=O)Nc1ccc(Cl)c(-c2ccccn2)c1,[-0.07636727  0.3146357  -0.5643081  -0.9610158  -0.01216312]
CCCOC(=O)c1ccc(C(=O)OCCC)nc1,[ 0.09102229 -0.09181801 -0.1537535  -0.6895608  -0.17604546]
C=C(C)C1CC=C(C)C(O)C1,[ 0.10218257  0.7044943  -0.36104217 -0.7454971   0.36137828]
CCCSP(C)(=S)Oc1ccc(Cl)cc1Cl,[ 0.88736165  0.95577294 -0.32340255 -0.49104577 -0.40388575]
CN1C(=O)CN=C(c2ccccc2F)c2cc(Cl)ccc21,[-0.23473762  0.78392625 -1.         -0.16037092 -0.39732784]
CC[C@H]1CN(Cc2cc(Cl)ccc2OCC(=O)O)CCN1S(=O)(=O)c1ccccc1,[ 0.32054862  0.68490547 -1.         -0.56385285 -0.15333273]
COc1cc2c(c3oc(=O)c4c(c13)CCC4=O)C1C=COC1O2,[-0.06534886  0.8781851  -1.         -0.87728125 -0.38863605]
CNC(=N)c1cccc(CC(CC(=O)N2CCC(C)CC2)NS(=O)(=O)c2ccc3ccccc3c2)c1,[-0.51238817 -0.2849738  -0.59868443 -0.19026783  0.43980506]
Cc1ccc(N2CC(COc3ccc(-c4noc(C)n4)cc3)C2)nn1,[-0.17488673  0.5826959  -0.5563959  -0.78288037 -0.04076707]
CNC(=O)Oc1ccccc1C1OCCO1,[ 0.00883466  0.2631085  -0.35628465 -0.5501398  -0.12320422]
CCCC(=O)c1ccc(N)cc1,[ 0.55686414  0.5663887  -0.94195753 -0.78615767 -0.5594119 ]
CC[C@H](C)[C@H](NC(=O)[C@H](CCC(=O)[O-])NC(=O)[C@H](CCC(=O)[O-])NC(=O)[C@H](Cc1ccccc1)NC(=O)[C@H](CC(=O)[O-])NC(=O)CNC(=O)[C@H](CC(N)=O)NC(=O)CNC(=O)CNC(=O)CNC(=O)CNC(=O)[C@@H]1CCCN1C(=O)[C@H](CCCNC(N)=[NH2+])NC(=O)[C@@H]1CCCN1C(=O)[C@H]([NH3+])Cc1ccccc1)C(=O)N1CCC[C@H]1C(=O)N[C@@H](CCC(=O)[O-])C(=O)N[C@@H](CCC(=O)[O-])C(=O)N[C@@H](Cc1ccc(O)cc1)C(=O)N[C@@H](CC(C)C)C(=O)[O-],[-0.09946177  0.28593105 -0.4713323  -1.         -0.22862858]
CC(C)=CCl,[ 0.36858967  0.8186223  -0.7646479  -0.3455463   0.2880619 ]
Cc1cc(C(=O)c2ccccc2)ccc1N,[ 0.10775108  1.         -0.6195171  -0.5131451  -0.07583392]
Cc1ccc(S(=O)(=O)N(C)C(=O)N2CCC(N3CCC(Oc4ccc(Cl)c(Cl)c4)CC3)CC2)cc1,[-0.35545883 -0.3068715  -0.7498912  -0.7737372  -0.16764894]
O=C(CSc1nc2c(c(=O)n1-c1ccccc1)SCC2)Nc1ncc(-c2ccccc2)s1,[ 0.33437374  0.7934164  -1.         -0.41341648 -0.01453973]
O=C(OCCc1ccccc1)c1ccccc1,[ 0.5932325   0.38473693 -0.97990316  0.19892722 -0.00424738]
Cc1ccc(N=C=O)cc1,[ 0.40770587  0.7770508  -0.869124   -0.3621772  -0.12631749]
CCOP(=S)(NC(C)C)Oc1ccccc1C(=O)OC(C)C,[-0.55198705  0.92934227 -0.7378981  -0.7164165   0.25543058]
COP(=S)(Cl)OC,[ 0.4624451   0.87623304 -0.7272619  -0.5035133   0.214395  ]
Nc1nc(-c2ccccn2)nc(N)c1Cc1ccc(Cl)cc1Cl,[ 0.06257321  0.9384165  -0.98160267 -0.5366519   0.47011504]
CC(=Cc1ccccc1)CC(=O)N1CCOCC1,[-0.37654766  0.90196925 -0.78686684 -0.79530877  0.23530686]
COP(=S)(OC)SCC(=O)N1CCOCC1,[ 0.5087897   0.4179359  -0.8752142  -0.55391854 -0.22353193]
CNC(=O)/C=C(/c1ccc2nc(N)n(S(=O)(=O)C(C)C)c2c1)c1ccccc1-c1cccc2ccccc12,[-0.01568252  0.7204936  -0.6937567  -1.         -0.3104143 ]
COC(=O)c1ccccc1N=NN(C)C,[-0.21277244  0.8436912  -0.8809235  -0.51456714  0.7587644 ]
C[C@@H]1O[C@@H](O[C@H]2[C@@H](O)C[C@H](O[C@H]3C[C@](O)(C(=O)CO)Cc4c(O)c5c(c(O)c43)C(=O)c3ccccc3C5=O)O[C@H]2C)C[C@H](N)[C@@H]1O,[-0.13715492  0.6671795   0.5476846  -0.6262906  -0.3719597 ]
Cc1cc(C)c(N)c(C)c1,[ 0.5146183  -0.07505812 -0.73791206  0.7377592   0.06420203]
CS(=O)(=O)c1ccc(C(O)C(COC(=O)C[NH3+])NC(=O)C(Cl)Cl)cc1,[ 0.10124121  0.7005153  -0.580144   -0.6251345  -0.41806066]
N#Cc1ccc2[nH]c(C(F)(F)F)nc2c1,[ 0.02569112  0.96425945 -0.9367441  -0.5273403  -0.27274048]
CCCCCCCC=CC=O,[ 0.29204336  0.9988758  -0.81361145 -0.9033159   0.57651436]
CC(=O)c1ccc2c(c1)N1C(=O)OCC1CC2,[ 0.28022206  0.8507491  -0.7805912  -0.93755025 -0.31725073]
COc1cc2c3cc1Oc1cc(ccc1O)CC1c4c(cc(OC)c(O)c4Oc4ccc(cc4)CC3[NH+](C)CC2)CC[N+]1(C)C,[ 0.18134429  0.8420275  -0.74769896 -0.65066594  0.02084181]
Cc1ncccc1Oc1ncnc(OC2CCN(C(=O)OC(C)C)CC2)c1C,[-0.01667122  0.9296286  -0.7361841  -0.7412906  -0.22123301]
C[C@@H](NC(=O)C1CCCCN1C)c1ccc(Nc2ncc3cc(-c4ccncc4)ccc3n2)cc1,[-0.0240736   0.84653753 -0.7558007  -0.6326734   0.0499727 ]
Cc1ccc2c(c1)c(-c1ccnc3c(C)cccc13)c(C)n2CC(=O)O,[ 0.00167287  0.8168671  -0.57017213 -0.8056199  -0.46729097]
O=c1cc(-c2ccc(O)cc2)oc2cc([O-])c(C3OC(CO)C(O)C(O)C3O)c(O)c12,[ 0.30191222  0.7601881  -0.5035882   0.07103367  0.44205782]
CCOP(=S)(OCC)SCSCc1ccccc1,[ 0.45154798  0.84831387 -0.7095452  -0.33314252  0.0540328 ]
N#CCc1ccccc1,[ 0.3314811   0.98896384 -0.278559   -0.7448926  -0.20761076]
C#CC1(O)C(CO)OC(n2ccc(N)nc2=O)C1O,[-0.17770597  1.         -0.9952269  -0.637812   -0.22024499]
CN(C)CC=C(c1ccc(Br)cc1)c1cccnc1,[-0.02918718  0.8005585  -0.6276948  -0.86036825 -0.19498043]
CCc1ccc2[nH]c(C(F)(F)F)nc2c1,[ 0.24241686  0.01783578 -0.99708605 -1.          0.5398285 ]
COCc1ccc2c(C(C(=O)NS(=O)(=O)c3ccc(C)cc3OC)c3ccc4c(c3)OCO4)cn(C)c2c1,[-0.04805451 -0.64665127 -0.6354452  -1.         -0.12353513]
C/C=C/CC(C)C(O)C1C(=O)NC(CC)C(=O)N(C)CC(=O)N(C)C(CC(C)C)C(=O)NC(C(C)C)C(=O)N(C)C(CC(C)C)C(=O)NC(C)C(=O)NC(C)C(=O)N(C)C(CC(C)C)C(=O)N(C)C(CC(C)C)C(=O)N(C)C(C(C)C)C(=O)N1C,[ 0.06598562  0.8633981  -0.78196836 -1.          0.11779704]
CCOC(=O)c1noc(C)c1C(C)=O,[ 0.56096447 -0.46814486 -0.6130742  -0.7030949   0.08155863]
C=CCOC(=O)CCCCC,[ 0.10496681  0.7647267  -0.03438201  0.8729782  -0.25537232]
O=c1cc(-c2ccc(O)cc2)oc2cc(O)cc(O)c12,[-0.13252541  0.55415404 -0.75626206 -0.54878926  0.11377164]
CC[C@@]1(O)C(=O)OCc2c1cc1n(c2=O)Cc2cc3c(CN(C)C)c(O)ccc3nc2-1,[-0.36802083  0.9150798  -0.83518356 -0.5801147  -0.0091974 ]
CCC(C(=O)O)C1(O)CCCCC1,[-0.1027639   0.11695765 -0.65611047 -0.49397844 -0.18886308]
Cn1c(C(=O)NC2(C(=O)N[C@H](Cc3ccccc3)C(=O)NCCCN3CCOCC3)CCCC2)cc2ccccc21,[-0.80118877  0.9384075  -0.6208425  -0.2657079  -0.5123477 ]
COP(=O)(OC)OC(=CCl)c1cc(Cl)ccc1Cl,[ 0.61784357  0.89979196 -0.76229644 -0.67949855 -0.29615062]
CCNC(=O)ON=C1SCOC1C,[-0.48319244  0.60736513 -0.05693411 -0.7930547  -0.34165472]
O=[N+]([O-])c1cc2[nH]c(C(F)(F)F)nc2cc1Cl,[ 0.66835594  0.6874311  -0.76112884 -0.24220757  0.8032087 ]
CCCS,[ 0.39269048  0.9454256  -0.8759863  -0.77271897 -0.07825464]
CC(C)(C)c1ccc(OP2OCC3(CO2)COP(Oc2ccc(C(C)(C)C)cc2C(C)(C)C)OC3)c(C(C)(C)C)c1,"[-1.4855268e-05  7.9290199e-01 -2.0741409e-01  4.5895766e-02
 -3.3569884e-01]"
CN(C)c1ccc(N=Nc2ccccc2)cc1,[ 0.09740634  0.78768253 -0.91582245 -0.716269   -0.3257464 ]
S=c1[nH]c2cc(Cl)ccc2o1,[-0.08679122  0.8239744  -0.5956068  -0.68240345 -0.56120646]
CC(O)CO,[-0.03137054  0.95712596 -1.         -1.          0.93828493]
Nn1cnc2cc3ccccc3cc2c1=O,[-0.07822803  0.89259714 -0.9323488  -0.47917458 -0.15748668]
O=C(Nc1cccc(Cl)c1)OCC#CCCl,[ 0.03929635  0.84479016 -0.8000786  -0.7754976  -0.33144638]
O=S1(=O)CCN(c2ccccc2)CC1,[ 0.15444976  0.7850223  -0.8134225  -0.71690017  0.59698343]
C=CCc1ccc(OC(C)=O)c(OC)c1,[ 0.5111587   0.93292946 -1.         -0.6787712   0.0684279 ]
O=c1[nH]cnc2c1ncn2[C@H]1CC[C@@H](CO)O1,[-0.1447528   0.9958111  -0.9799923  -0.7784507  -0.15584095]
COc1cc2c(cc1OC)C(Cc1cc(OC)c(OC)c(OC)c1)[N+](C)(CCCOC(=O)CC/C=C\CCC(=O)OCCC[N+]1(C)CCc3cc(OC)c(OC)cc3C1Cc1cc(OC)c(OC)c(OC)c1)CC2,[ 0.06857111  0.932358   -0.7464619  -0.8903824  -0.16603746]
CCCCCc1ccccc1O,[ 0.30884227 -0.23883483 -0.8981931  -0.68132347 -0.37091565]
CCC(C)c1ccc(Oc2ccc(C)cc2CC(=O)O)c(Cl)c1,[ 0.52361125  0.80503476 -0.01473595 -0.6513727  -0.41870397]
CC(C)c1cccc(C(C)C)c1O,[ 0.6728293  -0.32356676 -0.15760146 -0.5157049  -0.46414185]
c1ccc(OP(Oc2ccccc2)Oc2ccccc2)cc1,[ 0.58112156  0.7061889  -0.72819436 -0.52511525  0.3054464 ]
COCCOC(=O)CC#N,[ 0.00803449  0.8476329  -0.66084814 -1.          0.10915881]
COc1cc2c(cc1OC)C1CC(=O)C(CCC#N)CN1CC2,[-0.00133633  0.93138874 -0.6007574  -0.7586066   0.6014058 ]
CSCCC(OC(C)=O)C(=O)O,[ 0.02159869  0.82573575 -0.5729799  -0.7971629  -0.04216571]
NCC1CCC=CO1,[-0.4781486   0.7214579  -0.76177543 -0.79238874  0.18384324]
C#CC(C)(C)NC(=O)c1cc(Cl)cc(Cl)c1,[-0.1178804   0.92729896 -0.9167522  -0.78217083 -0.13045359]
O=C1COc2ccc(CNC3CCN(CCN4C(=O)COc5ccc(Cl)cc54)CC3)nc2N1,[ 0.21216115  0.5756366  -0.771455   -0.6158676   0.208411  ]
CCCCCCCCCCCCCCCCCCOP(=O)([O-])OCC[N+]1(C)CCCCC1,"[-4.7599681e-04 -3.5323855e-02 -7.6689267e-01 -4.5212132e-01
 -3.2110199e-01]"
O=C(O)c1ccccc1C(=O)Nc1cccc2ccccc12,[ 0.34746075  0.6699829  -0.76083726 -0.7963801   0.00704467]
CC(C)OC(=O)C(C(=O)OC(C)C)=C1SCCS1,[-0.11103944  0.29985204 -0.6398886   0.21638778 -0.05276506]
COCCN(c1cccnc1)P(=O)(c1ccccc1)c1ccccc1,[ 0.51647866  0.23156694 -0.3037479  -0.6038613  -0.26782903]
CCC(c1ccccc1)c1c(O)c2ccccc2oc1=O,[ 0.16901916  0.9612065  -0.91175693 -0.8119922  -0.22900951]
Cc1cccc([N+](=O)[O-])c1[N+](=O)[O-],[ 0.33605516  0.85701525 -0.89962906  0.84523517 -0.46605524]
C=CC(=O)N1CN(C(=O)C=C)CN(C(=O)C=C)C1,[ 0.32970208  0.69583684 -0.94763917 -0.8640941  -0.46999362]
O=C(CF)Nc1ccccc1,[ 0.51175594  1.         -1.         -0.8419701  -0.49205685]
C=CC(=O)OCCOC(=O)CC(C)=O,[ 0.60482675  0.7349714  -1.          0.07367214  0.6722717 ]
OCCN(CCO)CCO,[-0.43829298  0.6712332  -0.5260962  -1.         -0.16444169]
S=c1[nH]cnc2nc[nH]c12,[-0.2372925   0.26294866 -0.9217426  -0.84780204 -0.13399324]
CCN1C(=O)NC(c2ccccc2)C1=O,[ 0.41420656  0.3676966  -0.01504128 -0.5720968  -0.11481617]
CCc1nc(N)nc(N)c1-c1ccccc1,[ 0.37890586  0.31407416 -0.74666625 -1.         -0.26125404]
CC1[NH2+]Cc2cc(-c3ccc4c(=O)c(C(=O)[O-])cn(C5CC5)c4c3OC(F)F)ccc21,[-0.2304649   0.8917428  -0.71996707 -0.7884579  -0.1323162 ]
[NH3+]C(C(=O)NC1C(=O)N2C(C(=O)[O-])=C(CSc3c[n-]nn3)CSC12)c1ccc(O)cc1,[-0.05063304  0.9290592  -0.5072743  -0.22217366  0.6326196 ]
FC(F)(F)c1nc2cc(Br)c(Cl)cc2[nH]1,[ 0.31962284  0.94074875 -0.7520771  -0.6572459   0.24842298]
O=c1c2nocc2c(-c2ccccc2)nn1-c1ccccc1,[-0.5014199   0.6892513   0.13800138 -0.8926958   0.11236269]
CC(C)C(CCC(C)C1CCC2C3C(O)CC4CC(NCCC[NH2+]CCCC[NH3+])CCC4(C)C3CCC12C)OS(=O)(=O)[O-],[-0.008728    0.9926503  -0.78687376 -1.         -0.13433729]
CN(C)N=Nc1nc[nH]c1C(N)=O,[ 0.04916546 -0.11448615 -0.47162578 -0.14483324  0.54668   ]
O=C(O)CCC(=O)O,[ 0.4070459   0.8389108  -0.7853116  -0.15002798 -0.49591494]
CCOP(=S)(OCC)OC(C)CC,[-0.6671408   0.6528899  -0.7334397  -0.83191293 -0.06953237]
CCCCCCCc1ccccc1O,[ 0.34719813  0.55032545 -0.6078659  -0.77677053 -0.7126621 ]
C=CC(=O)NCNC(=O)C=C,[ 0.6872616   0.73200893 -0.31764823 -0.60642326 -0.11124577]
C[C@H](CSN=O)C(=O)N1CCC[C@@H]1C(=O)O,[ 0.1661392   0.74079365 -0.824222    0.3134862   0.02615836]
O=C(Cl)C=CC(=O)Cl,[ 0.414545    0.68892556 -0.8390173   0.06552906  0.02678163]
CBr,[-0.5143588   0.7440716  -0.5872224  -0.7871099   0.13722435]
CCNc1nc(NC(C)C(C)C)nc(SC)n1,[ 0.6475217   0.79256755 -0.8312417  -0.41545388 -0.04361334]
C(Oc1nc(OCC2CO2)nc(OCC2CO2)n1)C1CO1,[ 0.01015404  0.7365982  -0.42092    -0.81561834 -0.4978557 ]
NC(=[NH2+])NCCCCC1NC(=O)CCSSCC(C(N)=O)NC(=O)C2CCCN2C(=O)C(Cc2c[nH]c3ccccc23)NC(=O)C(CC(=O)[O-])NC(=O)CNC1=O,[ 0.2907432   0.96515256 -1.         -0.17830494  0.03399176]
C=C(CC(=O)c1ccc(-c2ccccc2Cl)cc1)C(=O)O,[ 0.11265682  0.664516   -0.8611528  -0.6278144   0.48450503]
CN(C1CCCCC1)C1CCCCC1,[ 0.24806395  0.7040116  -0.8767624  -0.68264264 -0.06507082]
CC[C@H]1OC(=O)[C@H](C)[C@@H](O[C@H]2C[C@@](C)(OC)[C@@H](O)[C@H](C)O2)[C@H](C)[C@@H](O[C@@H]2O[C@H](C)C[C@H](N(C)C)[C@H]2O)[C@](C)(O)C[C@@H](C)C(=O)[C@H](C)[C@@H](O)[C@]1(C)O,[-0.05778253  0.74748087 -1.         -1.          0.11067221]
OCCNCCc1ccccc1,[ 0.16331862  0.7199817  -0.68502295 -1.          0.6636651 ]
C[C@H](CO)Nc1nc(SCc2ccccc2F)nc2[nH]c(=O)sc12,[-0.03104557  0.8507491  -0.5992729   0.24874488  0.01375927]
CC1=NN(c2ccccc2)C(=O)C1,[-0.45816365  0.912594   -0.8030555  -0.72316575 -0.39648902]
Cc1c(Sc2ccc(Cl)cc2)c2c(S(C)(=O)=O)cccc2n1CC(=O)O,[-0.34547764  0.7892448  -0.79662436 -0.6152356  -0.40607098]
CCCCSCCCC,[ 0.34119213  0.807894   -0.7295833  -0.73720306  0.26941758]
Cc1c(-c2c(C)c(N)c3c(C(C)C)c(O)c(O)c(C=O)c3c2O)c(O)c2c(C=O)c(O)c(O)c(C(C)C)c2c1N,[ 0.0321501  -0.8758187  -0.29579124 -0.3320495   0.03227736]
CC(C)OCCCO,[ 0.513254    0.8441228  -0.74311393 -0.14148878 -0.4195555 ]
Cc1cc(Nc2nc(N[C@@H](C)c3ccc(F)cn3)c(C#N)cc2F)n[nH]1,[ 0.43950778  0.29198903 -0.8298994  -0.73451895 -0.5918987 ]
CC(C)CCOC(CO)CC(C)C,[-0.21627142  0.33770677 -0.8382629  -0.7925444  -0.41913798]
C=CCOc1ccccc1C(N)=O,[ 0.21526508 -0.04915776 -0.6999237  -0.7287064  -0.06216744]
COc1ccc(C(Oc2ccccc2)C2=NCCCN2)cc1,[ 0.47874123 -0.2922822  -0.6732657  -0.6125058  -0.21878688]
C=C(C)C(=O)OCCCC,[-0.02577814  0.7704628  -1.         -0.8017739  -0.08005583]
COc1cccc(OC)c1O,[-0.21734953  0.6298714  -0.8220437  -0.74702936  0.4735146 ]
COC(=O)C(C(C)=O)C(C)=O,[ 0.01761702  0.21206516 -0.81155753 -0.85751045 -0.07083152]
Cc1cccc(C)c1O,[ 0.36858258 -0.04389123 -0.53761315 -0.31234848 -0.15726936]
OCCOc1cc(Cl)c(Cl)cc1Cl,[-0.48986673  0.8761598  -0.71392757 -0.38671035  0.14364803]
O=C1CCc2cc(C=CCN3CCN(c4ccc(Cl)cc4)CC3)ccc2N1,[ 0.4274513   1.         -0.14722943 -0.49361297 -0.33470398]
CN1CCC(=C2c3ccccc3Sc3ccccc32)CC1,[ 0.38750592  0.8517476  -0.7508124  -0.6348565  -0.45443663]
C=CCc1ccccc1OCC(O)C[NH2+]C(C)C,[ 0.47478998  0.72249514 -0.7889932  -0.5700587  -0.41201177]
CC1OC(OC2C(O)CC(OC3C(O)CC(OC4CCC5(C)C(CCC6C5CC(O)C5(C)C(C7=CC(=O)OC7)CCC65O)C4)OC3C)OC2C)CC(O)C1O,[-0.05126572  0.9420227  -0.6555845  -0.22902262 -0.36350012]
CC(=O)OC(C(Cl)(Cl)Cl)P(=O)(Oc1ccccc1)Oc1ccccc1,[-0.07043509  0.7792698  -0.38487774 -1.         -0.44230166]
COP(=S)(OC)SCc1nnc(C(C)C)o1,[ 0.16575128  0.7717518  -0.8431184  -0.6847483   0.5800078 ]
COc1ccc(Oc2ccc(NC(=O)N(C)C)cc2)cc1,[ 0.3248006   0.65719295 -0.3950898  -0.523207   -0.42360136]
O=C1CCc2ccccc2O1,[ 0.4192179  -0.49615976 -0.38540292 -0.5090709   0.41221142]
CC1CCC(C(C)C)C(O)C1,[-0.10182921 -0.38090676 -0.65854895 -0.6863373   0.25945044]
CC(Cl)(Cl)[N+](=O)[O-],[-0.2525782   0.8871345  -0.62598073 -0.7496031  -0.39821833]
CC(=O)N(C)c1ccc2ccn(-c3cc(NC4CC4)n4ncc(C#N)c4n3)c2c1,[ 0.14453171 -0.15932271 -0.65525746 -1.         -0.1507746 ]
CCNc1nc(NCC)nc(OC)n1,[ 0.30714396  0.5612298  -0.5782431  -0.8555862  -0.22594108]
CCCOC(=O)Cc1ccc(OCC(=O)N(CC)CC)c(OC)c1,[-0.7573148   0.8760909  -0.5811437   0.3950184   0.06661498]
CCC(C)(C)c1ccc(Cl)c(OC(=O)NC)c1,[ 0.6624213   0.7582963  -1.         -0.4953181   0.45247704]
c1c[nH]cn1,[ 0.42392367  0.8545001  -0.7575039  -0.32479674 -0.5601063 ]
COc1c(OCc2ccc(-c3ccccc3-c3nnn[nH]3)cc2)cc(C)nc1C,[ 0.4174971   0.7746977  -0.8201957  -0.44470394 -0.3447453 ]
COCOCCO,[ 0.15108527  0.55736303 -0.9293957   0.26882544 -0.03694642]
CC(C)NCC(O)COc1ccc(COCCOC(C)C)cc1,[-0.60797375  1.         -0.7541857  -0.4666179   0.15924798]
CCCc1c(OCc2cccn3c(=O)c(CCC(=O)O)cnc23)ccc(C(C)=O)c1O,[-0.01087984  0.80247045 -0.5513541  -0.79574543 -0.23639338]
COc1nccnc1NS(=O)(=O)c1ccc(N)cc1,[ 0.5572344   0.87036014 -0.91591614 -0.8844264   0.11443917]
Nc1nc2[nH]cnc2c(=S)[nH]1,[-0.4585043   0.58308446 -1.         -0.6233788   0.10887028]
N#CC1CC2CC2N1C(=O)C(N)C12CC3CC(CC(O)(C3)C1)C2,[ 0.13410294  1.         -0.8814728  -0.5734373  -0.48166865]
CN(CC#N)N=O,[ 0.16908301  0.97269726 -1.         -0.9718506   0.66288733]
CC(C(=O)O[C@@H]1CC[N+](C)(C)C1)(c1ccccc1)C1CCCC1,[-0.18921147 -0.824327   -0.6813869  -0.9695445  -0.16534124]
CCN(CC)CCCCCCCCCCNC(=O)Oc1ccc2c(c1)C1(C)CCN(C)C1N2C,[-0.07480253  0.85244554 -0.75099254 -0.7882686  -0.40767974]
O=C(CN1CCNCC1)NN=Cc1ccc([N+](=O)[O-])o1,[-0.10125939  0.36393946 -0.86778224 -0.9108926   0.24202992]
FC(F)(F)c1nc2c(Cl)c(Cl)cc(Cl)c2[nH]1,[ 0.19087952  0.4191648  -0.62877595 -0.75600964 -0.38206568]
C=CCN1CCC23CCCCC2C1Cc1ccc(O)cc13,[ 0.20234478  0.63687235 -0.76456106 -1.         -0.51566964]
CCCCc1nc(Cl)c(CO)n1Cc1ccc(-c2ccccc2-c2nnn[nH]2)cc1,[ 0.18185888  0.7300048  -0.7423176  -0.1287382  -0.02961422]
Clc1cccc([Si]23OCCN(CCO2)CCO3)c1,[ 0.2937665   0.40672514  0.7639936  -0.47526893  0.7388497 ]
CC(C)C(O)(c1ccc(OC(F)(F)F)cc1)c1cncnc1,[-0.3118064   0.74518156 -0.7061834  -0.16074614  0.08058476]
CC(N)C(O)c1cccc(O)c1,[ 0.17315781  0.7312057  -0.8043994   0.14077438  0.4989928 ]
COC(C)CC(=O)O,[ 0.06620588  0.77784044 -0.7152478  -0.6533537  -0.5610002 ]
COC(=O)C(C)N(C(=O)Cc1ccccc1)c1c(C)cccc1C,[ 0.04493563  0.83737797 -0.80264926 -0.7001823   0.23002857]
COc1cc2nc(N3CCN(C(=O)c4ccco4)CC3)nc(N)c2cc1OC,[ 0.3018695  -0.05328713 -0.766291   -0.5754337   0.5717204 ]
C[NH2+]C(C)C1CCC(N)C(OC2C(N)CC(N)C(OC3OCC(C)(O)C([NH2+]C)C3O)C2O)O1,[ 0.06102667  0.8204023  -0.58974797 -0.433927   -0.21058874]
CO[C@@H]1C=CO[C@@]2(C)Oc3c(C)c(O)c4c(c3C2=O)C(=O)/C(=C\NN2CCN(C)CC2)C(=C4O)NC(=O)C(C)=CC=C[C@@H](C)[C@H](O)[C@H](C)[C@H](O)[C@@H](C)[C@@H](OC(C)=O)[C@@H]1C,[ 0.26856792  0.88693887 -0.8999922  -0.7079288  -0.6104262 ]
Oc1ccc(O)cc1,[-0.01225482  0.84415025 -0.8604     -0.835156    0.05888961]
C=CC1=C(C)/C(=C\c2[nH]c(Cc3[nH]c(/C=C4/NC(=O)C(C)=C4C=C)c(C)c3CCC(=O)O)c(CCC(=O)O)c2C)NC1=O,[-0.45374456  0.911536   -0.6324962  -0.9493628   0.1431825 ]
ClCc1cccc2ccccc12,[ 0.24590111  0.85311824 -0.8283768  -0.63989025  0.05679104]
CCC1(CC)C(=O)NCC(C)C1=O,[ 0.07354835 -0.7292834  -0.19626023 -0.48008445  0.27123326]
O=CCCCC=O,[ 0.6367388   1.         -0.3733084  -1.         -0.40258506]
CCC(C)CCCCC(=O)NC(CCN)C(=O)NC(C(=O)NC(CCN)C(=O)NC1CCNC(=O)C(C(C)O)NC(=O)C(CCN)NC(=O)C(CCN)NC(=O)C(C(C)O)NC(=O)C(CC(C)C)NC(=O)C(CCN)NC1=O)C(C)O,[ 0.19144729  0.02357957 -0.7061909  -0.77733815 -0.08023271]
COc1cc([C@@H]2c3cc4c(cc3[C@@H](O[C@@H]3O[C@@H]5CO[C@@H](C)O[C@H]5[C@H](O)[C@H]3O)[C@H]3COC(=O)[C@H]23)OCO4)cc(OC)c1O,[ 0.10101873  0.7574758  -0.7625067  -0.7766431   0.5740711 ]
CC(=O)Nc1ccc(C)c(NS(=O)(=O)C(F)(F)F)c1,[ 0.48862153  0.813523   -1.         -0.9025108  -0.43213668]
COc1ccc(C[C@@H]2c3cc(OC)c(OC)cc3CC[N@+]2(C)CCC(=O)OCCCCCOC(=O)CC[N@@+]2(C)CCc3cc(OC)c(OC)cc3[C@H]2Cc2ccc(OC)c(OC)c2)cc1OC,[-0.11316413  0.7100069  -0.08046876 -0.45377752 -0.3955174 ]
Cc1ccc2c(c1)c(S(=O)(=O)c1ccc(Cl)cc1)c(C)n2CC(=O)O,[ 0.5142449   0.6616407  -1.         -0.21605262 -0.25502583]
CC(=O)OC(C)(C)C1CC=C(C)CC1,[ 0.28200313  0.7170896  -0.6324701  -0.17602383 -0.00231565]
CCCCCCCCCCCCCCCN,[ 0.29006362  0.6942793  -0.37685367 -0.12471997  0.54482347]
CC(NC(C)c1ccccc1)c1ccccc1,[ 0.14920376  0.8378026  -0.4022654  -0.68779564 -0.30662182]
CC1(C)CC(NC2CC(C)(C)NC(C)(C)C2)CC(C)(C)N1,[ 0.5582821   0.87937367 -0.36527184 -0.6743785  -0.27828297]
O=NN1CCCCC1,[-0.17807987  0.9912712  -1.         -0.32828903 -0.23535001]
O=[N+]([O-])c1c(Cl)c(Cl)c(Cl)c2nc(C(F)(F)F)[nH]c12,[ 0.03876904  0.6387495  -0.84118086 -0.8730408   0.3762165 ]
CCC(=O)N(c1ccccc1)C1CCN(CCc2ccccc2)CC1,[-0.20132978  0.49396425 -0.5147829   0.06096172 -0.09599964]
C[C@H](CO)Nc1nc(SCc2cccc(F)c2F)nc2nc(N)cnc12,[ 0.4374227   0.24765456 -0.7366611  -0.81741333 -0.16460179]
OCCCCC(O)CO,[ 0.24783711  0.6960622  -0.801125   -0.7409901   0.19696045]
C[C@]12C[C@H](O)[C@H]3[C@@H](CCC4=CC(=O)CC[C@@]43C)[C@@H]1CC[C@]2(O)C(=O)CO,[ 0.40839204  0.7799881  -0.8698188  -0.46870872 -0.03290401]
C[N+](C)(C)[NH2+]CCC(=O)[O-],[-0.07623808  0.75291175 -0.17647023 -0.7061786   0.84282404]
O=[N+]([O-])OCC(O)CO,[ 0.11328181  0.95438796 -0.5997716  -1.          0.40183213]
CC(C)(C#N)C(C)(C)C#N,[ 0.32312736  0.90348303 -0.9009993  -1.         -0.3325684 ]
CCC(=O)N(c1ccccc1)C1CC[NH+](CCc2ccccc2)CC1,"[ 4.3524813e-04 -4.7650155e-01 -7.7631092e-01 -2.6814264e-01
 -1.9655915e-01]"
O=C(c1csc2c1CCCC2)N1CCCCC1,[ 0.3364916   0.8433056  -0.33364296 -0.5689282  -0.09524661]
C[C@@H]1O[C@@H](O[C@@H]2[C@@H](O)[C@H](OCCc3ccc(O)c(O)c3)O[C@H](CO[C@@H]3O[C@H](CO)[C@@H](O)[C@H](O)[C@H]3O)[C@H]2OC(=O)/C=C/c2ccc(O)c(O)c2)[C@H](O)[C@H](O)[C@H]1O,[-0.5671581   0.88526636 -0.81583345 -0.44842556 -0.17505126]
O=C(O)CCCOc1ccc(Cl)cc1Cl,[-0.28818858 -0.05137253 -0.7780795  -0.7074901  -0.21988922]
CC(C)(O)c1ccc(Nc2nc3ccc(C#N)cc3[nH]2)cc1,[ 0.2686596  -0.43774125 -0.9908721  -0.2207881   0.16891558]
CC(=O)N(C)C,[ 0.21241744  0.83288956 -1.         -0.68932813 -0.4845951 ]
CN(C)C(=O)N(C)N=O,[ 0.47665122  0.8221192  -0.9076124  -0.6891758  -0.29514155]
Cc1c(Sc2ccc(Cl)cc2)c2c(-c3ccccc3)cccc2n1CC(=O)O,[ 0.3192697   0.97653186 -0.35433745 -0.7049847  -0.23886994]
CCOP(=O)(OCC)Oc1ccc(S(C)(=O)=O)c(C)c1,[-0.2876738   0.8281993  -0.83420694 -0.63863224 -0.184073  ]
O=C(O)COc1ccccc1,[ 0.34155303  1.         -0.88893205 -0.6605358  -0.26060873]
Cc1cc(Sc2cc(C)c(O)c(C(C)(C)C)c2)cc(C(C)(C)C)c1O,[ 0.48347583  0.43950975 -0.02582102 -0.41096076 -0.6434493 ]
N=C(Nc1c([N+](=O)[O-])cnc2ccccc12)N1CCOCC1,[-0.02837148  0.735187   -0.77828145 -0.41720083  0.33217564]
CCOc1ccccc1-c1ccc(-c2nc3ccncc3c(O)c2C#N)cc1,[ 0.33904144  0.7344276  -0.8855321  -0.5783502   0.32107928]
OCc1ccccc1,[ 0.61644226  1.         -0.77028716 -0.48878706  0.22200626]
C#CCN(C)c1ccccc1OC(=O)NC,[ 0.13658172 -0.76587605 -0.70949686 -0.5559957  -0.23428993]
CC(C)(C)CNC(=S)Nc1cccnc1,[ 0.07834871  0.9022531  -0.9393415  -0.9076594   0.10309637]
C=CCN(C(=O)Cn1nc(C)ccc1=O)C(C)Cc1ccccc1,"[ 2.3089047e-01  8.1769311e-01 -7.9604614e-01 -8.1701791e-01
 -4.5787316e-04]"
Cc1c(C(C)C)c(=O)n(-c2ccccc2)n1C,[ 0.37296638  0.76009905  0.5827444  -0.49084464 -0.5152018 ]
CSCC(=O)N(C)C(=O)Oc1ccccc1OC(C)C,[-0.01966174  0.6357929  -0.93974555 -0.82669556 -0.33380303]
Nc1ccc(Cl)cc1Cl,[-0.20468433  1.         -0.8826677  -0.86338425 -0.18951313]
Nc1cc2c(cc1C1CCCCC1)CCC2C(=O)O,[ 0.25461438  0.15021496 -0.81306523  0.5463808  -0.1919505 ]
CN(C)CCCNCCCN(C)C,[ 0.07286599  0.15950966 -0.9356638   0.83991784  0.5068774 ]
CN(C)NC(=O)CCC(=O)O,[ 0.37062222  0.25413027 -0.8723138  -0.69692445 -0.11640247]
CN(C)C1CC(c2ccccc2)c2ccccc21,[ 0.4773298   0.53150487 -0.81810915 -0.9689234  -0.07927329]
CCC1OC(=O)C(C)C(=O)C(C)C(OC2OC(C)CC([NH+](C)C)C2O)C(C)(OC)CC(C)C(=O)C(C)C2N(CCCCn3cnc(-c4cccnc4)c3)C(=O)OC12C,[-0.7726416   0.69894505 -1.         -0.7446619   0.06440024]
CCC(C)(C)OC(=O)Nc1ccco1,"[ 7.9397309e-01  7.2015333e-01 -1.0000000e+00 -1.5974857e-04
 -6.7589380e-02]"
NCCCCN,[ 0.27046824  0.8390131  -0.8379381  -0.7607289   0.33117783]
CN[C@H](CC(C)C)C(=O)N[C@H]1C(=O)N[C@@H](CC(N)=O)C(=O)N[C@H]2C(=O)N[C@H]3C(=O)N[C@H](C(=O)N[C@H](C(=O)O)c4cc(O)cc(O)c4-c4cc3ccc4O)[C@H](O)c3ccc(c(Cl)c3)Oc3cc2cc(c3O[C@@H]2O[C@H](CO)[C@@H](O)[C@H](O)[C@H]2O[C@H]2C[C@](C)(N)[C@H](O)[C@H](C)O2)Oc2ccc(cc2Cl)[C@H]1O,[ 0.26515648  0.7832093  -0.6115953  -0.46501845  0.06673191]
CC(C)N(C(=O)SCC(Cl)=C(Cl)Cl)C(C)C,[ 0.6290526   0.8759066  -0.9405474   0.14493656 -0.41370595]
O=C(Oc1ccccc1)n1c(C(F)(F)F)nc2cc(Cl)c(Cl)cc21,[ 0.21023469  0.85873556 -0.61977357 -0.13501897 -0.49778637]
CCCOP(=O)(OC=C(Cl)Cl)OCCCl,[ 0.10480601  0.8044212  -0.63780075 -0.8896885  -0.37219587]
Cc1ncsc1C(=O)N(Cc1cc(=O)[nH]c2c(F)cccc12)c1cccc(Cl)c1,[-0.03489228  0.8443316  -0.7262409  -0.6671375  -0.15639344]
CCN[C@@H]1C[C@H](N)[C@@H](O[C@H]2OC(CN)=CC[C@H]2N)[C@H](O)[C@H]1O[C@H]1OC[C@](C)(O)[C@H](NC)[C@H]1O,[ 0.08682726  0.83885074 -0.79330003 -0.9881628   0.4713339 ]
C[C@@H]1CN(Cc2ccc(F)cc2)CCN1C(=O)COc1ccc(Cl)cc1NC(N)=O,[-0.12548585  0.365992    0.20571274 -0.8682651   0.5474308 ]
COc1ccc2c3c1OC1CC(O)C=CC31CC[NH+](C)C2,[-0.47852725  0.87450504 -0.76004004 -0.80906063  0.3266829 ]
COP(=S)(OC)SCc1nnc(SC)s1,[ 0.15086685  0.778867   -0.5332677  -0.70943797  0.49852055]
CON=C(C(=O)NC1C(=O)N2C(C(=O)O)=C(COC(N)=O)CSC12)c1ccco1,[-0.03954204 -0.65570456 -0.88944787 -0.7835303   0.07276129]
O=CCc1ccccc1,[ 0.24941655  0.13009278 -0.88947356  0.15900616 -0.32836303]
CCOP(=S)(Oc1cccc2cccnc12)c1ccccc1,[ 0.1433314   0.67755604 -0.39339706 -0.374999    0.04746005]
Nc1nc2c(ncn2COCCO)c(=O)[nH]1,[ 0.47247848  0.612921   -0.78044176 -0.30014133  0.5708547 ]
COP(=S)(OC)SC1CSC=CO1,[-0.6523724   0.89105153 -0.8281313  -0.7416311   0.01187071]
C[C@@H](N/C(=N\c1ccncc1)NC#N)C(C)(C)C,[ 0.19821882  0.54479635 -0.82444364 -1.         -0.32091036]
CC1(C)SC2C(NC(=O)C(C(=O)[O-])c3ccsc3)C(=O)N2C1C(=O)[O-],[ 0.33993676 -0.75289613 -0.8826354  -0.33896738 -0.25637153]
Cc1ccc(OP(=O)(Oc2ccccc2)Oc2ccccc2)cc1,[ 0.00893982  0.63697004 -0.84131664 -0.62294304  0.4113044 ]
C=CS(C)(=O)=O,[ 0.30081955  0.45254105 -0.500008   -0.6887441  -0.4223704 ]
OCCOCCN1CCN(C(c2ccccc2)c2ccc(Cl)cc2)CC1,[ 0.37288228  0.24728952 -0.37282997 -0.6411252  -0.4030543 ]
CC=CC(C)=O,[ 0.5037279   0.9615424  -0.29109856 -0.62385935  0.53356546]
CC(O)C(=O)Nc1c(I)c(C(=O)NC(CO)CO)c(I)c(C(=O)NC(CO)CO)c1I,[ 0.28353906  0.66181535  0.16292736 -0.44221228 -0.31865478]
Cc1cncc(C)n1,[ 0.20330748  0.82279354 -0.6105628  -1.         -0.6179869 ]
O=[N+]([O-])c1cc(Cl)c(N=Nc2ccc(N3CCS(=O)(=O)CC3)cc2)c(Cl)c1,[ 0.11057855  0.77266055 -0.0321497  -0.44225898 -0.25305933]
COP(=S)(OC)SC(CBr)N1C(=O)c2ccccc2C1=O,[ 0.30091634  0.81650525 -0.44948852 -0.60980034  0.13867249]
C=COC(=O)C=CC,[-0.15010798  1.         -0.54015356 -0.61657387  0.0772713 ]
CC(=O)Nc1ccc(CNc2[nH]nc3ccnc(Oc4ccccc4)c23)cc1,[ 0.40087584  0.63596016 -0.592157   -0.65117794 -0.25226122]
CCOC(=O)CCC[Si](C)(OCC)OCC,[ 0.5346899   0.90260226 -0.63903266 -0.70084673 -0.14370094]
C[C@H](CO)Nc1nc(SCc2cccc(F)c2F)nc2[nH]c(=O)cnc12,[ 0.5617189   0.69049394 -0.62351036 -0.5874047  -0.11748991]
O=C(CCC(=O)OC1CCCCC1)OC1CCCCC1,[ 0.5218501   0.92489403 -0.7508204   0.13435024  0.30157083]
CC(C)=CCN1CCC2(C)c3cc(O)ccc3CC1C2C,[ 0.1476249   1.         -0.9664116  -0.2772153  -0.04459225]
CO/N=C(\C(=O)N[C@@H]1C(=O)N2C(C(=O)O)=CCS[C@H]12)c1csc(N)n1,[ 0.05892329  0.01792777 -0.19791068  0.31525314 -0.27387607]
CN(C)S(=O)(=O)N(SC(F)(Cl)Cl)c1ccccc1,[ 0.3980156  -0.9200166  -0.75405157 -0.23520496  0.20680672]
O=[N+]([O-])c1ccc(Nc2ccccc2)c(S(=O)(=O)O)c1,[ 0.19222374  0.15758593 -0.74403125 -0.74485016  0.27794018]
COCc1c(C(C)C)nc(C(C)C)c(/C=C/[C@@H](O)C[C@@H](O)CC(=O)O)c1-c1ccc(F)cc1,[ 0.3868737   0.7908476  -0.85675603 -0.8406731  -0.16069122]
O=C(CO)N1CCC(c2[nH]nc(-c3ccc(Cl)cc3F)c2-c2ccncn2)CC1,[ 0.17580937  0.5709203   0.3933231  -0.783597    0.29091403]
Cc1ncsc1C,[-0.20938267  0.6001988  -0.9247265  -0.8745248   0.14290594]
CC(C)CCCCCN(CCCCCC(C)C)CCCCCC(C)C,[ 0.32156768  0.8168519  -0.7843252  -0.94160485  0.22618435]
CCCCC(=O)N(Cc1ccc(-c2ccccc2-c2nnn[n-]2)cc1)C(C(=O)[O-])C(C)C,[ 0.00437711 -0.37668878 -0.8380091  -0.7754532  -0.05785858]
CC1CCC(N)CC1N,[ 0.02005394  0.7373008  -0.6081181   0.6602965  -0.05142753]
Cc1cn([C@H]2CCCN(S(=O)(=O)c3ccc(C(N)=O)c(Oc4cccc(Cl)c4)c3)C2)c(=O)[nH]c1=O,[ 0.07632119  0.6672569  -0.7740222  -0.9463204  -0.47460026]
CCCCC(CC)COCCO,[-0.20632415  0.78038186 -0.77709275 -0.5029041   0.23232311]
CC1NC(=S)NC1=O,[ 0.07151292  1.         -0.9833352  -0.85622555  0.6226288 ]
COP(=O)(SC(C)C)SC(C)C,[-0.48155788  0.7245634  -0.13615847  0.04788315 -0.23188378]
CCCCOCC1CO1,[-0.02478239  0.2285925  -1.         -0.9013255  -0.2290298 ]
O=C(O)[C@@H](c1ccccc1)N1CCC(CN2CCC(Oc3ccc(Cl)c(Cl)c3)CC2)CC1,[ 0.71446276  0.77745605 -0.73306125 -0.51818126 -0.496362  ]
CCN(CC)c1ccc2c(C)cc(=O)oc2c1,[ 0.5777307   0.07321781 -0.58785003 -0.9161178   0.33506122]
CCCCCNCCCCC,[ 0.11472529  0.16000365  0.25102592 -0.5258      0.03571157]
c1ccc2c(c1)CC(N1CCN(c3cccc4c3OCCO4)CC1)C2,[-0.08126827  0.6951909  -0.74901295 -0.7652615   0.00291301]
CCCCCCCCCCOc1c(OC)cc(C(N)=O)cc1OC,[ 0.17325132  0.30173993 -0.54462254 -0.4230149  -0.05478942]
C=COCCOC,[ 0.5359985  0.8882834 -1.        -1.         1.       ]
O=C(CCl)OC1=C(OC(=O)CCl)C(=O)OC1=O,[-0.0678642   0.77319175 -0.5118041  -0.97658056 -0.15008602]
CCCC(=O)OC1(C(=O)COC(=O)CC)CCC2C3CCC4=CC(=O)CCC4(C)C3C(O)CC21C,[-0.21300204  0.7498669  -0.762488   -0.65705013  0.63100845]
CCCN(CCC)c1c([N+](=O)[O-])cc(C(C)C)cc1[N+](=O)[O-],[-0.06721152  0.86406803 -0.7754497  -0.6268751  -0.34035102]
Cc1cnc(C)cn1,[ 0.03730247  0.7545854  -0.923238   -0.5421607   0.6554057 ]
Cc1cnc(NC(=O)C2=C(O)c3ccccc3S(=O)(=O)N2C)s1,[-0.27022514  0.47947195 -0.6842559  -0.74077713 -0.25864798]
O=P([O-])([O-])C(O)(Cn1ccnc1)P(=O)([O-])O,[-0.94334453  0.5074407  -0.6147788  -0.10869427  0.03277125]
COc1ccc(-c2nc3ccc(C4=NNC(=O)CC4C)cc3[nH]2)cc1,[ 0.450368    0.58485544 -0.2261159  -0.9069681  -0.3317955 ]
CC(=O)O[C@H]1C[C@]2(O)[C@H]3CC[C@H]4C[C@H](O[C@H]5C[C@@H](O)[C@@H](O[C@H]6C[C@@H](O)[C@@H](O[C@H]7C[C@@H](O)[C@@H](O)[C@H](C)O7)[C@H](C)O6)[C@H](C)O5)CC[C@@]4(C)[C@H]3CC[C@]2(C)[C@H]1C1=CC(=O)OC1,[ 0.18586937  0.71118236 -0.46131948 -0.84549916 -0.15265141]
O=C1CC(N2C(=O)c3ccccc3C2=O)C(=O)N1,[-0.18490878  0.6982848  -0.5146893  -0.9479036  -0.09348238]
C#CC1(O)CCC2C3CCC4=CC(=O)CCC4C3C(=C)CC21CC,[-0.23326439  0.9272628  -0.6534644  -0.2520895  -0.18571238]
CC(C)C1NC(=O)c2ccccc2O1,[ 0.3016393   0.92611086 -0.847215   -0.7263096  -0.02765081]
C[Si](C)(C)CCCC(=O)O,[-0.10492199  0.7648378  -1.         -0.56822723  0.56560814]
Cc1cc(OC(=O)N(C)C)n(-c2ccccc2)n1,[ 0.04494335  0.8483984  -0.6668043  -0.81464875  0.03194929]
Cn1c(=O)sc2cccc(Cl)c21,[ 0.39982817  0.9391481  -0.45948702 -1.         -0.25368538]
CN(CCCl)CCCl,[ 0.1865734   0.8109903  -0.81201404 -0.90407634 -0.00875192]
C=CC[NH+]1CCCC1CNC(=O)c1cc(S(=O)(=O)NC)c(N)cc1OC,[ 0.08924647  0.75692624  0.10776369 -0.35643286 -0.09419981]
Nc1cc(Cl)ccc1O,[ 0.2446262   0.6838768   0.5701234  -0.587424   -0.45360968]
CC(C)NCC(O)COc1cccc2ccccc12,[ 0.21525155  0.8359356  -0.8411533  -0.9425038   0.13386269]
Cc1nn(C)c(Oc2ccccc2)c1C=NOCc1ccc(C(=O)OC(C)(C)C)cc1,[ 0.338557    0.11634161 -0.04834479 -0.7750443   0.11654428]
CC(c1ccccn1)c1c(CC[NH+](C)[14CH3])sc2ccccc12,[-0.4018729   0.73758864  0.8255299  -0.07956635  0.27866757]
O=C1C2CC3C1C1(Cl)C(Cl)C4(Cl)C2C3C1(Cl)C4(Cl)Cl,[ 0.6488055   0.7511655  -0.6035129  -0.62102336 -0.2334282 ]
CCC(=O)O,[-0.14770766  0.80546725  0.43665984 -0.23881495  0.31528398]
O=C(OCC(COC(=O)c1ccccc1)(COC(=O)c1ccccc1)COC(=O)c1ccccc1)c1ccccc1,[ 0.5746676   0.6103886  -0.8625233  -1.         -0.09243718]
N=C(N)N[N+](=O)[O-],[-0.07537661  0.7208511  -0.55633533 -0.16092457  0.33547127]
CN(C)c1ccc(C(O)(c2ccc(N(C)C)cc2)c2ccc(N(C)C)cc2)cc1,[ 0.06907478 -0.36660078 -0.90881693 -0.33825347 -0.00762028]
OCC(O)CO,[ 0.48792234  1.         -0.74618715 -0.12622516  0.39270023]
COc1cc(C2c3cc4c(cc3C(OC3OC5COC(C)OC5C(O)C3O)C3COC(=O)C23)OCO4)cc(OC)c1O,[-0.356883   -0.00775959 -0.53371686  0.08607044 -0.1670148 ]
C[C@@H]1NC(=O)[C@@H](C)N(C)C(=O)[C@@H](C)N(C)C(=O)[C@H](C)NC(=O)[C@H](C)N(C)C(=O)[C@@H](C)N(C)C1=O,[ 0.1655554   0.5451892  -0.9115393  -0.8880017  -0.16175605]
Clc1cc(Cl)c2nsnc2c1Cl,[-0.34250236  0.82214814 -0.6969171  -0.75925237 -0.2919194 ]
OC[C@@H]1CC[C@H](n2cnc3c(O)ncnc32)O1,[ 0.41278064  0.9657402  -0.86060345  0.05647606 -0.20767388]
Cc1cc(Nc2nc(N[C@@H](C)c3ccc(F)cn3)c(C#N)cc2Cl)n[nH]1,[-0.26528278  0.5295188  -0.0650598  -0.3093236  -0.32922277]
CCCCCC(O)C=CC1C(O)CC(O)C1CC=CCCCC(=O)O,[ 0.3740641  -0.2898544  -1.         -0.36146477  0.7710608 ]
O=C(COc1ccc(Cc2ccc(Cl)cc2)cc1)OCc1cccnc1,[-0.4040466   0.8242541  -0.8007363  -0.79609334 -0.41972908]
CCNC(=O)c1cc2c(-n3ccc(C(F)(F)F)n3)c(-c3cncc(-c4n[nH]c(=O)o4)c3)cnc2[nH]1,[ 0.42402723  0.9836996  -0.95687735 -0.9016108  -0.55630016]
CCC(CC)(C(=O)O)c1cccc2ccccc12,[ 0.01171002  0.8587721  -0.8081636  -0.82642007  0.0223242 ]
COc1ccccc1Oc1c([N-]S(=O)(=O)c2ccc(C(C)C)cn2)nc(-c2ccnc(-c3nnn[n-]3)c2)nc1OCCO,[ 0.64077026  0.6544624  -0.79160726 -0.6235236  -0.532049  ]
C=CCc1cc(OC)c2c(c1)OCO2,[ 0.10044365  0.8016957  -0.64386564 -0.84527105 -0.0132214 ]
CCN(CC)CCO,[ 0.3066556   0.90202147 -1.         -0.7873123  -0.42430183]
CCC[NH+]1CCCCC1C(=O)Nc1c(C)cccc1C,[ 0.0365058   0.47111535 -0.8113734  -0.8799246   0.32670578]
CC(=O)OC(C)OC(=O)C(C)c1ccc(-c2ccccc2)c(F)c1,[ 0.13299882  0.8597023  -0.62681335 -0.7277069  -0.6727049 ]
CCCCCCCCCCCCCCCCCC(=O)Cl,[ 0.49582845  0.9392722  -0.8070739  -1.         -0.37928823]
ClC(Cl)(Cl)c1ccc(C(Cl)(Cl)Cl)cc1,[-0.07697336  0.83672535 -0.73627645 -0.03257943  0.43502945]
Cc1ccc(C(=O)N(CCCN)[C@@H](c2nc3cc(Cl)ccc3c(=O)n2Cc2ccccc2)C(C)C)cc1,[ 0.51152545  0.93241     0.43146154 -0.7431047  -0.0644172 ]
CCOP(=S)(OCC)Oc1cc(C)n(CC)c(=O)c1,[ 0.07827382  0.8078179  -0.78442067 -0.6804849  -0.1355683 ]
CCCCCCCCOC(C)=O,[-0.10091275  0.53825295 -0.8600351  -0.9506282  -0.40686297]
Cc1ccn(C(=O)NCCCCCCCl)n1,[ 0.47745356 -0.02567222 -0.39549133  0.48496836  0.2993618 ]
C=CC(=O)OC1CC2CCC1C2,[-0.30985084 -0.6526048  -0.7209804  -0.6374709   0.08313561]
O=c1[nH]c2ccccc2n1CCCN1CCN(C(c2ccccc2)c2ccccc2)CC1,[ 0.26727036  0.69180685  0.33544108 -0.6313952  -0.3660478 ]
C[C@@H]1NC(=O)[C@@H](C)N(C)C(=O)[C@H](C)N(C)C(=O)[C@@H](C)N(C)C(=O)[C@@H](C)N(C)C(=O)[C@H](C)NC1=O,[ 0.15999483  0.5681505  -0.72960806 -0.609949    0.03102883]
C=CC(=O)OCCOCCC#N,[ 0.2314586   0.889723   -0.81104517 -0.6845116   0.02715942]
CN1CCN(C2=c3ccccc3=Nc3ccc(Cl)cc3N2)CC1,[-0.17402723  0.8901223  -0.5942044  -0.67431456 -0.25994357]
CC(=O)C1(O)Cc2c(O)c3c(c(O)c2C(OC2CC(N4CC4)C(OS(C)(=O)=O)C(C)O2)C1)C(=O)c1ccccc1C3=O,[ 0.23702376  0.5770448  -0.49327368 -0.00303239 -0.3004931 ]
CC(=O)N[C@H](C)C(=O)NCCc1ccccc1,[ 0.14660382  0.8904106  -0.68285906 -0.6525747  -0.2367144 ]
COC1CCC=CO1,[ 0.00342721  0.82317615 -0.4210967  -0.52950203  0.03321852]
CC12CCC3c4ccc(O)cc4CC(CCCCCCCCCS(=O)CCCC(F)(F)C(F)(F)F)C3C1CCC2O,[ 0.1792874  -0.00250344 -0.68116885  0.66935015 -0.46877354]
CC(C)(C)c1nnc(NS(=O)(=O)c2ccccc2)s1,[ 0.314638    0.86710465 -0.9079465  -0.913057    0.2526317 ]
CCCN(CCC)CCCCCCCCNC(=O)Oc1ccc2c(c1)C1(C)CCN(C)C1N2C,[-0.5548081   0.748597   -0.03494558 -0.00601507 -0.39423224]
NC(=O)CCCCC1CCSS1,[ 0.10282148 -0.33300784 -0.74521184 -0.77736604 -0.1065189 ]
COP(=O)(OC)ON1C(=O)c2cccc3cccc(c23)C1=O,[-0.09552812  0.8084566  -0.74971104 -0.0986485   0.19654934]
FCOC(C(F)(F)F)C(F)(F)F,[ 0.09110037  0.6152127  -1.         -0.12874597  0.24289812]
CN(c1ccc(F)cc1F)c1c([N+](=O)[O-])cc([N+](=O)[O-])cc1C(F)(F)F,[ 0.21884808  0.2625487  -0.5257933  -0.35990846  0.7990767 ]
C(=NC1CCCCC1)=NC1CCCCC1,[ 0.0735129  -0.77230304 -0.8013463  -0.80596006 -0.1970667 ]
C=CC(=O)OCCOCC,[ 0.5401275   0.6450072  -0.795932   -0.6711646  -0.19725363]
CCNC(=O)C=Cc1cccc(Br)c1,[ 0.13030225  0.405152   -0.682177    0.13032861  0.24269082]
Cc1ccc(N=CN(C)SN(C)C=Nc2ccc(C)cc2C)c(C)c1,[ 0.09710196  0.93656224 -0.38703838 -0.69314307  0.13407882]
CC(=O)NC(CS)C(=O)[O-],[ 0.3563077   0.5414786  -0.63429165 -0.6569046   0.179926  ]
COc1ccc(N)c([N+](=O)[O-])c1,[ 0.07606847  0.9518924  -0.80429095 -0.92937756  0.16560538]
C=CCNC(=O)C(=O)C(CCC)NC(=O)C1CC2CN1C(=O)C(C1CCCCC1)NC(=O)Cc1cccc(c1)OCCC(C)(C)O2,[ 0.38265505  0.82988995 -0.88895243 -0.50783986 -0.65044767]
O=c1cc(N2CCOCC2)nc2n(Cc3cccc(Cl)c3Cl)ccn12,[ 0.428421    0.573219   -0.6807566  -0.5415824   0.08714829]
CNC(=O)c1c(I)c(NC(C)=O)c(I)c(C(=O)[O-])c1I,[ 0.16770022  0.95028424 -0.4995269  -0.94837695 -0.61514765]
CSc1ccc(C(=O)c2[nH]c(=O)[nH]c2C)cc1,[ 0.70912176  0.8951569  -0.86053026 -0.7912309  -0.03345156]
Cc1cc(Cl)ccc1OCC(=O)O,[ 0.13965733  0.73312235 -0.9343073  -0.8567343  -0.2642442 ]
C=C(C)C(=O)OC=C(C)C,[ 0.7228471  -0.32364315 -0.45421034 -0.81297314 -0.39951324]
O=[N+]([O-])c1cc(Cl)c2nc(C(F)(F)F)[nH]c2c1,[ 0.50905246  0.49945718 -0.75178444 -0.80116385  0.10333313]
O=C(O)c1ccccc1-c1c2ccc(=O)cc-2oc2cc(O)ccc12,[-0.21385647  1.         -0.76082796 -0.66187936  0.52196664]
NNC(=O)c1ccncc1,[-0.7627039   0.7418854  -0.6303994  -0.8535295  -0.30892673]
Cc1ccccc1S(=O)(=O)NC(=O)N1CCC(N2CCC(Oc3ccc(Cl)c(Cl)c3)CC2)CC1,[ 0.43527865  0.3803698  -0.9810616  -0.15805423 -0.54319495]
CCOC(=O)Nc1ccc(NCc2ccc(F)cc2)cc1N,[-0.5200528  0.8940871 -0.8172115 -1.        -0.0722056]
Cc1cc(-n2c(C)nc3ccccc3c2=O)n(-c2ccccc2)n1,[ 0.69458336  0.7834413   0.01360478 -0.5142476  -0.38637877]
Cc1cc(=O)cc(-c2ccccc2)o1,[ 0.25208154  0.7823033  -0.71016526 -0.78008693 -0.05652375]
Nc1ccc(O)c([N+](=O)[O-])c1,[-0.23691009 -0.56701636 -0.9143918  -0.9772442  -0.27745578]
Cc1ncc(CS)c(CO)c1O,[ 0.001422   -0.1274355  -0.8656871  -1.         -0.06064481]
CCC(C)(CC)c1cc(N)on1,[ 0.3581463   0.64641446 -0.34681824 -0.5724635   0.07136383]
Nc1c(CC(=O)[O-])cccc1C(=O)c1ccc(Br)cc1,[ 0.34918088 -0.74231744 -0.707522   -0.75354135 -0.18560982]
Cc1ccc(N=C=O)cc1N=C=O,[-0.22322659  0.51301205 -0.78043115 -0.8830215  -0.1419408 ]
CC(C)(C)OC(=O)N1CCN(c2ncc(OCc3ccncc3)cn2)CC1,[ 0.03168729  0.8667909  -0.46410617 -0.5786554  -0.21953048]
Cc1ccc(Nc2ccc(Nc3ccc(C)cc3)c3c2C(=O)c2ccccc2C3=O)cc1,[ 0.3943221  -0.28321192 -0.9113649  -0.6479109   0.19725136]
O=C(CCCCCCC(=O)Nc1ccccc1)NO,[-0.15903954  0.58754724 -1.         -0.9600702  -0.34988853]
CCCCCCCCCCCCNC(N)=S,[-0.04781796  0.77490157 -0.8351466   0.0316418   0.7465813 ]
CNC(=O)OCc1cccc(COC(=O)NC)n1,[ 0.08323353  0.78542227 -0.4332504  -0.00956855 -0.04533135]
Cc1onc2c(=O)[nH]nc(-c3ccccc3)c12,[ 0.22121243  0.7589906  -1.         -0.21943103  0.17238265]
O=[N+]([O-])c1ccc(C=NNC(=S)N2CCCC2)o1,[ 0.3264641   0.8114212  -0.61789536 -0.8792117  -0.15627514]
C1C[SiH2]C1,[ 0.45199236  0.48153096 -0.52176166 -0.967807   -0.00897157]
COP(=S)(OC)Oc1cnc2ccccc2n1,[ 0.14969246  0.19543898 -0.781322   -0.64432776  0.32928848]
OC(CCN1CCCC1)(c1ccccc1)C1CCCCC1,[ 0.41974273  0.6477505  -0.9480364  -0.56591034  0.75202286]
CC(=O)N(C)c1ccc(Nc2ncc3cc(-c4ccncc4)ccc3n2)cc1,[-0.20788437  0.7319597  -0.56111515  0.71107316  0.23696771]
O=[N+]([O-])c1ccc(Cl)c([N+](=O)[O-])c1,[ 0.7294776   0.7003949  -0.85123694 -0.50823545  0.34688535]
O=C(O)COc1ccc(C(=O)CN2CCN(C3CCNCC3)CC2=O)cc1,[ 0.46890655  1.         -0.73239076 -1.          0.27814722]
CCC(=O)OCc1ccc(OC)cc1,[ 0.4335698   0.8784215  -0.97277904 -0.8937508  -0.08862645]
CN(C)CCOc1cc(NS(=O)(=O)c2c(Cl)cc(C(F)(F)F)cc2Cl)ccc1Cl,[-0.01836618  0.7452163  -1.         -0.39389372 -0.31664652]
CP(=S)(Oc1ccccc1)Oc1ccc(C#N)cc1,[ 0.3731816   0.5776803  -0.49376455  0.45328522  0.1589761 ]
NS(=O)(=O)c1cc2c(cc1Cl)NC(C(Cl)Cl)NS2(=O)=O,[ 0.36782897  0.4314974  -0.5573327  -0.5660333  -0.2718035 ]
COc1ccc(CC2NCC(O)C2OC(C)=O)cc1,[-0.05589118  0.5701964  -0.9016596  -0.65172064  0.08503629]
COP(N)(=O)SC,[-0.37469342  0.88653743 -0.76362467 -0.67138237 -0.20410545]
CCOc1cc2nnc(C(N)=O)c(Nc3ccc(F)cc3F)c2cc1N1CCN(C)CC1,[ 0.09735875  0.56899196 -0.76443994 -0.9723707   0.8127603 ]
CC(C)(C)c1cc([N+](=O)[O-])cc([N+](=O)[O-])c1O,[ 0.54227996  0.33728278 -0.9630314  -0.6460847  -0.28162947]
Nc1ccc(F)c([N+](=O)[O-])c1,[ 0.44188544  0.8523151  -1.         -0.40801385 -0.28287143]
Nc1ccc(N)cc1,[ 0.43215087  0.7567064  -0.26618463 -0.93779695  0.15470389]
O=C(Oc1ccccc1)c1ccccc1C(=O)Oc1ccccc1,[ 0.32560188  0.19088277 -0.8688313  -0.6393193  -0.04979341]
CCOC(C)=Cc1oc2ccccc2[n+]1CCCS(=O)(=O)[O-],[ 0.2797785   0.5541889  -0.86257935 -0.6233456   0.8270865 ]
C=C(C)CN(CC)c1c([N+](=O)[O-])cc(C(F)(F)F)cc1[N+](=O)[O-],[ 0.37154108 -0.22902516 -0.5232608  -1.          0.04031448]
O=C1CC2(CCCC2)CC(=O)N1CCCCN1CCN(c2ncccn2)CC1,[-0.02400833  0.41906506 -0.7451958  -0.88353914  0.2298977 ]
CNc1c(Br)cnc2[nH]c(-c3ccc(S(C)(=O)=O)cc3)nc12,[ 0.00286182  0.8101143  -0.5668322   0.4703108   0.23135823]
C=COC(=O)CCCCCCC,[-0.5890744   0.71526784 -0.6908223  -0.4736355  -0.04698004]
Nc1c(Cl)c(Cl)c2[nH]c(C(F)(F)F)nc2c1Cl,[-0.18625088  0.46652177 -0.4522988  -0.9141393  -0.14406541]
CCS(=O)(=O)c1ccc(-c2cc(Cl)ccc2OCC(=O)O)cc1,[-0.29257604  0.6804836  -0.66045266  0.53268087  0.06392694]
CC(=S)NC[C@H]1CN(c2ccc(-c3nnc(CNS(C)(=O)=O)s3)c(F)c2)C(=O)O1,[ 0.4361408   0.8049131  -0.63815594  0.3262112  -0.18012896]
CC1(C)C2CC=C(CCO)C1C2,[ 0.38158634  0.43329033 -0.6891131  -0.3865959   0.2598978 ]
COc1cnc(-c2ccccc2C(F)(F)CNC(=O)c2ccc(COCC(F)(F)F)nc2)cn1,[-0.33379793  0.62947017 -0.617116   -0.9864854  -0.41090763]
CO/N=C(\C(=O)N[C@@H]1C(=O)N2C(C(=O)O)=C(COC(C)=O)CS[C@H]12)c1csc(N)n1,[ 0.4562313   0.78539866 -0.05247352 -0.593718   -0.1719261 ]
CC(C)=C1CCC(C)CC1=O,[ 0.16946815  0.7907835  -0.6634992  -0.14837259 -0.23971374]
CC(C)(C)NCCO,[ 0.12832168  0.9293698  -0.7734064  -0.8709435  -0.70727277]
C=CCI,[ 0.37406513  0.7795457  -0.7049679   0.18979855  0.21200955]
CN(C)C1C(O)=C(C(N)=O)C(=O)C2(O)C(O)=C3C(=O)c4c(O)cccc4C(C)(O)C3C(O)C12,[ 0.31385514  0.81433195 -0.7299677  -0.7198443   0.41196144]
O=[N+]([O-])c1nccs1,[ 0.0484216   1.         -0.89931154 -1.         -0.46407285]
Cn1cncc1CN(CCN(Cc1ccccc1)S(=O)(=O)c1ccccn1)c1ccc(C#N)cc1,[ 0.39256755  0.64242554 -1.         -1.         -0.32756662]
CNC(=O)c1[nH]cnc1C(=O)Nc1ccc(OC)cc1,[ 0.5524718   0.9230851  -0.4992227  -0.6512104   0.21314156]
Cc1cc(=O)nc(SCc2ccccc2N(C)C)[nH]1,[-0.31326884  0.63256747 -0.81627655 -0.88459206 -0.19040601]
CN(CCOc1ccc(CC2SC(=O)NC2=O)cc1)c1ccccn1,[-0.34388173  0.7191293   0.4803856  -0.5993401  -0.06470814]
Cc1cc(Cl)ccc1OCCCC(=O)O,[ 0.42087752  0.84569365 -0.7454163  -0.9030748  -0.06397168]
CC(C=O)=Cc1ccco1,[-0.10170345  0.9376763  -0.7711378  -1.          0.51841223]
COCCOCc1ccccc1,[ 0.52115387  0.7842268  -0.88006866 -0.48707837  0.14291814]
CN(C)C(=O)Oc1cccc2sccc12,[ 0.29067838 -0.20301552 -0.54378265 -0.82549673 -0.02809506]
O=C1NC(=O)C(c2ccccc2)(c2ccccc2)C(=O)N1,[ 0.47184762  0.09623181 -0.85809815 -0.74177295 -0.12885502]
CCCCCCCC[Si](OCC)(OCC)OCC,[ 0.3764795   0.02490741 -0.5807967  -0.14611882  0.51916814]
O=C([O-])CCCc1ccc(N(CCCl)CCCl)cc1,[-0.05144708  0.8293819  -0.55449015 -0.551042   -0.3788572 ]
Clc1ccc(OCOc2ccc(Cl)cc2)cc1,[ 0.56367385  0.783821   -0.66796374 -0.43072882  0.36501166]
COc1cc(C=CC(N)=O)ccc1O,[-0.11297949  0.6755001  -0.88960767 -0.7058851  -0.52845126]
C1CN1P1(N2CC2)=NP(N2CC2)(N2CC2)=NP(N2CC2)(N2CC2)=N1,[-0.25628462 -0.78782624 -0.48927408 -0.21662387  0.43943915]
CCCc1nn(C)c2c(=O)[nH]c(-c3cc(S(=O)(=O)N4CCN(C)CC4)ccc3OCC)nc12,[-0.28831902  0.61366767 -0.687084    0.2672165  -0.28319365]
CC(=O)OC(C(=O)NC(N)=O)c1ccccc1,[-0.07800775 -0.13538893 -0.46559715 -0.10090335  0.8575164 ]
CNC(=O)ON=C(C)SCC(N)=O,[-0.04918312 -0.18048087  0.3609623  -0.9462239  -0.2208827 ]
C/C=C(/C)C(=O)O[C@H](c1cc2ccc(=O)oc2cc1OC)[C@H](O)C(C)(C)O,[ 0.54381406  0.96524054 -0.8639949  -0.3027394   0.22272335]
COc1cc(OC)c(S(=O)(=O)NCc2ccccc2N2CCCCC2)cc1NC(=O)CCC(=O)O,[ 0.57471263  0.63611823 -0.63853806 -0.6611274  -0.0583259 ]
CN=C=S,[ 0.35157722  0.6622117  -0.7988858  -0.43031254  0.08404402]
C=CC(=O)OCCOCCOC(=O)C=C,[ 0.3412989   0.9686254  -0.7168901  -0.8860376  -0.05974232]
Cc1onc2c(=O)n(C)nc(-c3ccccc3)c12,[ 0.382957    0.8896306  -0.85545605 -0.5384778  -0.11670158]
CCCCOP(=O)(OCCCC)Oc1ccccc1,[ 0.1628034  0.9420729 -1.        -1.        -0.253089 ]
CC(C)(C)[NH2+]CC(O)c1cc(O)cc(O)c1,[ 0.17756873  0.0300644  -0.98737586 -0.7737007  -0.11631949]
O=C(Cl)c1cccc(C(=O)Cl)c1,[ 0.45627984  0.19303238 -0.8421858  -0.22484696 -0.18436396]
Cc1ccsc1C(=CCC[NH+]1CCCC(C(=O)[O-])C1)c1sccc1C,[ 0.0536634   0.69899315 -0.39550206 -0.72631425 -0.17438382]
FC(F)(F)c1nc2c(Br)c(Br)cc(Br)c2[nH]1,[ 0.2117464   0.26929    -0.7685147  -0.57911485 -0.07648564]
CC(C)=CCCC(C)=CCCC(=CCCC(C)=CCO)CO,[-0.22145833  0.5270229  -0.6568196  -0.636431   -0.3582157 ]
c1ccc2sc(SNC3CCCCC3)nc2c1,[ 0.17675245  0.7903982  -0.73720527 -0.9154243  -0.42698473]
Nc1ccn([C@@H]2O[C@H](CO)[C@@H](O)C2(F)F)c(=O)n1,[ 0.20890255  0.96741265 -0.74113774 -0.52327967 -0.3787776 ]
CC(C)c1cc(Oc2ccccc2)cc(C(C)C)c1NC(=S)NC(C)(C)C,[ 0.35816583  0.8159279  -1.         -0.39656436 -0.342485  ]
CNC(=O)c1cccc2c(Nc3ccc(NS(C)(=O)=O)cc3OC)c3cccc(C)c3nc12,[-0.29771632  0.9806057  -0.97743326 -0.67170274  0.6457484 ]
CCOC(=O)C(C)Oc1ccc(Oc2nc3ccc(Cl)cc3s2)cc1,[ 0.20309468 -0.50071806 -0.6097411  -1.          0.21960896]
C=CC(=O)N(C)C,[ 0.513868    0.26958606  0.03596091 -0.6241632   0.16973768]
CN(CCO)Cc1cc(C(=O)c2cccs2)cc(C(C)(C)C)c1O,[-0.8293451   0.972798   -0.78177005 -0.96094674 -0.1243456 ]
Oc1c(O)c(-c2c(Cl)c(Cl)c(Cl)c(Cl)c2Cl)c(Cl)c(Cl)c1Cl,[ 0.11014879  0.9159939   1.         -0.2835701  -0.16619371]
S=C=NCCN=C=S,[-0.4384236   0.4000944  -0.5507344  -0.915881   -0.20899439]
CCOC(=O)NCCOc1ccc(Oc2ccccc2)cc1,[-0.28514203  0.8741097  -0.82978916 -0.47048584  0.318644  ]
Cc1cc(Nc2cncc(N[C@@H](C)c3ccc(F)cn3)n2)n[nH]1,[ 0.28374532 -0.5080767  -0.7116851  -0.4570811   0.19181205]
CCN(Cc1cc(C(F)(F)F)ccc1-c1cc(CC(=O)O)ccc1OC)C(=O)NCc1ccccc1,[-0.29002002  0.67231756 -0.9267585   0.09670494 -0.2661229 ]
C[N+](C)(Cc1ccc(NC(=O)c2ccc(Cl)c(Cl)c2)cc1)C1CCOCC1,[ 0.59231967 -0.3962472  -0.48581302 -0.26313573 -0.22788082]
CC1CCCCC1NC(=O)Nc1ccccc1,[ 0.24903992 -0.32915324 -0.8880096  -0.93483     0.86043054]
c1ccc([C@H]([C@@H](c2ccccc2)N2CCCCC2)N2CCCCC2)cc1,[-0.9153046   0.83871907 -0.31948408 -0.8913695   0.15498222]
Cc1ccc(S(=O)(=O)Nc2c(C(=O)NC3CCCCC3)c(C)nn2-c2ccccc2)cc1,[-0.27626914  0.72315705 -0.6873115  -0.73100775 -0.02263062]
CCOP(=O)(O)O,[-0.08444807 -0.5244705  -0.7546604  -0.6378611  -0.266068  ]
C=CC(=O)OCCOC(=O)c1ccc(C(=O)O)cc1C(=O)O,[ 0.30727813  0.00705275 -0.9692909  -0.00717907  0.20255873]
Cc1cnc(C(=O)c2ncnc3[nH]ccc23)c(NS(=O)(=O)c2ccc(Cl)c(C(F)(F)F)c2)c1,[-0.2539686   0.9119805  -0.71774375 -0.4286493  -0.55034524]
CCP(=O)(OC)SC,[-0.28566158  0.80174124 -0.84010834 -0.8645763   0.605005  ]
O=CNc1cc([C@@H](O)CNCCc2ccc(NC[C@H](O)c3ccccc3)cc2)ccc1O,[-0.52481145 -0.13635746 -0.10825967 -0.09965037 -0.1816148 ]
CCn1cc(C(=O)O)c(=O)c2cc(F)c(N3CCN(C)CC3)cc21,[ 0.17856756  0.70673186 -0.95570654 -0.4972656   0.53002846]
CCCCOC(=O)c1ccc(-n2nc(OCCN3CCCCC3)c3ccccc32)cc1,[-0.53181064  0.90109944  0.25001884 -0.7677284  -0.04674131]
C[C@@H](NC1=CC(=O)CNC1)c1ccc(Nc2ncc3cc(-c4ccncc4)ccc3n2)cc1,[ 0.21599321  0.7172605  -0.6704002  -0.55634844  0.5171944 ]
O=C(NCc1ccc(OC(F)(F)F)cc1)C1c2ccccc2C(=O)N1CCc1ncc(F)cn1,[ 0.3329425   0.7273266  -1.         -0.611398   -0.48923352]
CC(C)Oc1ccc2c(=O)c(-c3ccccc3)coc2c1,[-0.41763383  0.90147513 -0.8860347  -0.75080764 -0.35664198]
COc1ccc(CC(C)=O)cc1,[ 0.2063579   0.40552676 -0.4348652  -0.78846693  0.14325136]
Cc1cnc(C)c(C)n1,[ 0.24965514 -0.07792643 -0.7146907  -0.10479776  0.16545929]
COc1c(OP(=S)(OCC(C)C)OCC(C)C)cnn(C)c1=O,[ 0.186974    0.0872662  -0.8703941  -0.7001968   0.18650278]
CCC(C)OC(CBr)c1ccc(Cl)cc1,[-0.7251767   0.6483267  -0.83846885 -0.86259854 -0.34363687]
Cc1c(CN2CCOC(c3ccccc3)C2C)c(=O)n(-c2ccccc2)n1C,[-0.24953574  0.750032   -0.2781227  -0.5174253  -0.30533272]
CN1CCN(CCCN2c3ccccc3Sc3ccc(Cl)cc32)CC1,[-0.14277518  0.3848006  -0.40978804 -0.8894965  -0.26044244]
O=C(Cl)CCl,[ 0.27452078  0.7029492  -0.96480745 -0.6390954  -0.25811115]
CCCCCCC(N)C(=O)N[C@@H](Cc1c(C)cc(O)cc1C)C(=O)N1CCC[C@@H]1C(=O)N[C@@H](Cc1c[nH]c2ccccc12)C(=O)N[C@@H](Cc1ccccc1)C(N)=O,[-0.06170032  0.20049895 -0.29727685 -0.98530626 -0.3333891 ]
O=C(NC1CC1)c1cc(-c2cccs2)on1,[-0.37792438  0.852015   -1.         -0.71015555 -0.11411905]
CC(CN1CCOCC1)C(C(=O)N1CCCC1)(c1ccccc1)c1ccccc1,[ 0.3740214   0.7926259  -0.39575437 -0.3021783   0.07376657]
CC1(C)CC2(NC(=O)N(CCCN3CCC(O)CC3)C2=O)c2cc(F)ccc2O1,[-0.2757162   0.6259754  -0.8648809  -0.9716401  -0.30332556]
CCC(O)CO,[ 0.42868337  0.7135308  -1.         -0.5075751  -0.12204107]
C=C(Cl)C(Cl)CCl,[ 0.06728142  0.7473439   0.00253066  0.02237977 -0.04046634]
CN(C)CC/C=C1/c2ccccc2COc2ccc(CC(=O)O)cc21,[ 0.20899196  0.59309447  0.16849282  0.22382466 -0.10983118]
CC(C)OP(=S)(OC(C)C)SCn1nc(Cl)ccc1=O,[-0.5300138   0.93454933 -0.36708835  0.4172872  -0.17367516]
N=C(N)Nc1nc(CSCCC(=N)NS(N)(=O)=O)cs1,[ 0.64474374  0.60084546 -0.9847168  -0.48728812 -0.13078204]
Oc1c(Cl)c(Cl)cc2[nH]c(C(F)(F)F)nc12,[ 0.27054724  0.83927596 -0.8205235  -0.65065217  0.20376955]
CN(C)C(=O)Cl,[ 0.39204368  0.9468254  -0.59399027 -0.4474176   0.07175307]
CCSP(SCC)SCC,[ 0.09885894  0.7942818  -0.9456338  -0.5808293  -0.43984216]
COc1cc2ncc(C(N)=O)c(Nc3ccc(C)cc3F)c2cc1OC,[ 0.3829794   0.6597876  -0.90408134 -0.8006693  -0.08928055]
Nc1cc2c(S(=O)(=O)O)cc(S(=O)(=O)O)cc2cc1S(=O)(=O)O,[ 0.4719772   0.8744597  -1.         -1.         -0.24297184]
COc1cc(OC)c(S(=O)(=O)N2c3ccccc3CCC2C)cc1NC(=O)COCC(=O)O,[ 0.24972928  0.8072901  -0.08956003 -0.5785947  -0.27610958]
CN1CCCCC1CCN1c2ccccc2Sc2ccc(S(C)=O)cc21,[ 0.2737241   0.5919753  -0.77116966 -0.7976557  -0.29954666]
CC=C(C(=O)NC(N)=O)C(C)C,[ 0.41340563  0.99544847 -0.53697366 -0.2825984  -0.07255071]
NC(=O)CF,[-0.31137756  0.82915694 -0.66553026 -0.91844636 -0.05033743]
CCC(=O)OC1C(C)OC(OC2C(C)OC(OC3C(CC=O)CC(C)C(O)C=CC=CCC(C)OC(=O)CC(OC(C)=O)C3OC)C(O)C2N(C)C)CC1(C)O,[-0.22207366  0.98321795 -0.9031471  -0.7439094  -0.17758113]
CNC(=O)c1[nH]cnc1C(=O)Nc1ccc(Cl)cc1,[ 0.15867822  0.8881052  -0.6494643  -0.89458025  0.02003429]
N#CCCCCC#N,[-0.1213824   0.78279275 -1.         -0.7349946  -0.21831737]
CC(O)c1cccc(N)c1,[ 0.45906806  0.8698661  -0.788358    0.20385848 -0.21156435]
COCCOP(=O)(OCCOC)OCCOC,[-0.2381677   0.892878   -0.47467545 -0.79677904 -0.3705605 ]
CC(=O)O[C@H]1C[C@@H]2CC[C@@H]3[C@H](CC[C@@]4(C)[C@H]3C[C@H]([N+]3(C)CCCCC3)[C@@H]4OC(C)=O)[C@@]2(C)C[C@@H]1N1CCCCC1.[Br-],[-0.15870135  1.         -1.         -0.7401893  -0.3869706 ]
C[C@@H]1NC(=O)[C@H](C)N(C)C(=O)[C@@H](C)NC(=O)[C@H](C)N(C)C(=O)[C@@H](C)N(C)C(=O)[C@@H](C)NC1=O,[-0.06387873  0.4154966  -0.76109266 -0.7571219  -0.34058306]
CCC(C)C(CC)C(N)=O,[-0.09504487  0.83917886  0.70123166 -0.577613    0.5948298 ]
Nc1ccc([N+](=O)[O-])cc1N,[ 0.35493833  0.8034158  -0.9044169  -0.5032001  -0.07525072]
COc1ccc(NC(=O)c2ccnc(N)n2)cc1,[-0.0057392   0.883353   -0.3052925  -0.37522906 -0.07717858]
O=C(NCCNCC(O)COc1ccc(O)cc1)N1CCOCC1,[ 0.02801135  0.28003114 -0.9094473  -0.8440453  -0.21458244]
O=[N+]([O-])c1ccc(O)c(CNCCO)c1,[ 0.41582978  0.6725015  -0.91883147 -0.62542266  0.43263522]
CCOP(=O)(OCC)OC(=C(Cl)Br)c1ccc(Cl)cc1Cl,[-0.44083688 -0.22345807 -1.         -0.87825245 -0.19748013]
Nc1ccc(Cl)cc1,[ 0.28457844  0.61002487  0.15826762 -0.82775474 -0.419116  ]
Cc1cccc(C)c1CCNC(N)=O,[-0.13361445  1.         -0.83693457 -0.83362615  0.40317592]
CCOc1cc2ncc(C(N)=O)c(Nc3ccc(F)cc3F)c2cc1N1CCN(C2CC2)CC1,[-0.27670345  0.30926916 -0.40116733  0.401721   -0.11428035]
CC1CN(C2CCCCCCCCCCC2)CC(C)O1,[ 0.43268308  0.7672721  -0.74392086 -0.14716288  0.47452423]
O=CNC(N1CCN(C(NC=O)C(Cl)(Cl)Cl)CC1)C(Cl)(Cl)Cl,[ 0.4651192   0.81321174 -0.95340335 -0.89599     0.5829596 ]
CCN(CC)N=Nc1ccccc1,[ 0.5492983   0.4832692  -0.7905539  -0.3435309  -0.27194324]
CCOC(=O)COC(=O)c1cc(Oc2ccc(C(F)(F)F)cc2Cl)ccc1[N+](=O)[O-],[-0.14783162 -0.6664661  -0.7921613  -0.783044   -0.0827479 ]
CC(O)COC(C)CP(CC(C)OCC(C)O)CC(C)OCC(C)O,[-0.23287717  0.69215107 -0.534989   -0.7700489   0.07601476]
OCCOCCOCCOCCO,[ 0.11033296  0.9643231  -0.4328805  -0.9806166  -0.6180614 ]
CN1C(=O)CC(N2CCN(CCCN3c4ccccc4COc4ccc(CC(=O)O)cc43)CC2)N(C)C1=O,[ 0.09586625  0.8659074  -0.7770402  -0.43308574 -0.27240217]
C#CC(C)(O)C(O)c1ccccc1,[-0.2535444   0.790632   -0.5904827  -0.781769   -0.05673428]
OCCNCCOc1ccc(C(=C(c2ccccc2)C(F)(F)F)c2ccccc2)cc1,[-0.3343869   0.8373422  -0.7974571  -0.3496145   0.15380129]
COc1cc(Nc2nc(N[C@@H](C)c3ncc(F)cn3)ncc2Br)n[nH]1,[ 0.37371778  0.8616779   0.5249158  -0.33143467 -0.2279081 ]
CCC(C)c1ccccc1,[ 0.13095918  0.5865294  -1.         -0.13331226 -0.18600813]
O=c1[nH]c2c(O)ccc([C@@H](O)CNCCSCCCNCCc3cccc(Cl)c3Cl)c2s1,[ 0.1583734   0.5850447  -0.49417973  0.4909922   0.23966952]
O=c1c(Cl)c(Cl)cnn1-c1ccccc1,[ 0.5093317   1.         -0.6753396  -0.37942824 -0.8287065 ]
CC(=CC(=O)O)C(=O)O,[ 0.0415482  0.5208281 -0.7839823 -0.7178684  0.770136 ]
O=C1C(Cl)C(CCl)CN1c1cccc(C(F)(F)F)c1,[ 0.32587898  0.89470446 -0.78567547  0.00871661  0.5114593 ]
CCCOCCOC(=O)C1=C(C)NC(C)=C(C(=O)OCCOCCC)C1c1cccc([N+](=O)[O-])c1,[ 0.58707154  1.         -0.7026566  -0.96387005  0.17082624]
CCCSP(=S)(OC)SCCC,[ 0.41369745  0.8101747  -0.7559224  -0.2360351   0.12970507]
C=C(C)C(=O)OCCC[Si](OC)(OC)OC,[-0.10754539  0.92976826 -0.85612214 -0.9461437   0.21374093]
Cc1c(OC2CCN(CC3CCN([C@@H](Cc4ccc(F)cc4)C(=O)O)CC3)CC2)ccc(C#N)c1Cl,[ 0.03959328  0.5883789  -0.14807682 -0.3832157   0.5306619 ]
O=C(O)CCCCCC(=O)O,[ 0.48650503  0.88489676 -0.67733735 -0.68989015  0.11911035]
CN1CCN(c2ccc3ncc(C(N)=O)c(Nc4ccc(Cl)c(Cl)c4)c3c2)CC1,[-0.27953824  0.08092036 -0.8929126   0.0830291  -0.419789  ]
Cc1c(OCC(F)(F)F)ccnc1CS(=O)c1nc2ccccc2[nH]1,[ 0.24479951  0.839839   -0.7068252  -0.8105741  -0.45638144]
O=C(O)C1N=C(c2ccccc2)c2cc(Cl)ccc2NC1=O,[ 0.2952522   0.3960418  -0.8997367  -0.7522493   0.10732963]
CCC[C@@H](c1ccc(C(=O)O)c(Oc2cccc(Cl)c2)c1)N1CCC[C@H](n2cc(C)c(=O)[nH]c2=O)C1,[ 0.3103077   0.7364158  -0.7981242  -0.6217255  -0.05585169]
S=C1NCCC(COc2ccccc2)O1,[-0.11201362  0.5449933  -0.79111814 -0.9806263   0.44124383]
Cc1cc(Cl)ccc1OCC(=O)Nc1ccccc1,[-0.10980822  1.         -0.5561811  -0.9021675  -0.4103773 ]
CC(CO[N+](=O)[O-])(CO[N+](=O)[O-])CO[N+](=O)[O-],[ 0.38970256  1.         -0.9170855  -0.84001726 -0.24662429]
c1ccc2[nH]c(-c3cscn3)nc2c1,[ 0.4588289   0.9505287  -0.670804   -0.37680057  0.20292138]
O=C(CCl)OCCOCCO,[-0.3629807   0.4852903  -0.9226311  -0.8271069  -0.13874601]
CCOC(C1=NCCCN1)c1c(Cl)cccc1Cl,[ 0.576854    0.67193747 -0.78041893 -0.53260446 -0.06812915]
CC[C@H]1NC(=O)[C@@H](NC(=O)c2ncccc2O)[C@@H](C)OC(=O)[C@H](c2ccccc2)NC(=O)[C@@H]2CC(=O)[C@H](CS[C@@H]3CN4CCC3CC4)CN2C(=O)[C@H](Cc2ccc(N(C)C)cc2)N(C)C(=O)[C@@H]2CCCN2C1=O,[ 0.09118889 -0.9377947  -0.8783317  -1.          0.03498598]
NC(=O)Nc1cccc2c3c([nH]c12)CCCC3,[ 0.16262147  0.7396909  -0.8724801  -0.6867801  -0.4353095 ]
O=CC=CC1CO1,[ 0.36032134  0.8300808  -0.54742956 -0.96740544 -0.06981659]
Oc1nc(-c2ccccc2)nc2ccccc12,[ 0.43347535  0.21648112 -0.6481512  -0.93970597  0.32510343]
COC(CN1CCN(CCC(O)c2ccccc2)CC1)c1ccccc1,[-0.08902505  0.79626226 -0.93037045 -0.951396   -0.31083772]
COc1cc2ncc(C(N)=O)c(Nc3cccc(Cl)c3Cl)c2cc1N1CCN(C)CC1,[ 0.13686606  0.6435119  -0.7671051  -0.8965553  -0.48281023]
CCC(C)OC=O,[ 0.72964305 -0.53194535 -0.37254387 -0.43886632 -0.4862175 ]
C=COC(=O)CCCCC(=O)OC,[ 0.00976554 -0.24346627 -0.965467   -0.48051384  0.937978  ]
CCCCCCCCC1OC1CCCCCCCC(=O)OCC1(CC)OC1CCC,[-0.06057107 -0.6309925  -0.654878   -0.5537119  -0.13416031]
CCOC(=O)C(CCc1ccccc1)NC1CCc2ccccc2N(CC(=O)O)C1=O,[-0.48626548  0.6827998  -0.8080958  -0.79325604 -0.09606344]
CN(C)C(=O)Nc1ccc(Cl)cc1,[ 0.6419873   0.8230634  -0.623738   -0.790927   -0.44828495]
C=C1CC23CC1(O)CCC2C12C=CC(O)C(C)(C(=O)O1)C2C3C(=O)O,[ 0.29029813  0.7279638  -0.9918402  -0.8583011  -0.2821794 ]
CC#CCC(C)C(O)/C=C/C1C(O)CC2C/C(=C/CCCC(=O)[O-])CC21,[ 0.05015184  0.82390004 -0.42513633 -0.5125091  -0.11888533]
CCCCN(CCCC)SN(C)C(=O)ON=CC(C)(C)SC,[ 0.37045413  0.7470557  -1.         -0.7490139  -0.28513786]
Clc1nc(Cl)nc(Cl)n1,[-0.10097422 -0.02887209 -0.81086916 -0.5579504   0.17400964]
N#Cc1cc(Br)c(O)c(Br)c1,[ 0.59946954  0.8047682  -0.899059   -0.62696826  0.06672072]
CC(C)Oc1cc(-n2cnc3ccc(N[C@@H](CO)c4ccc(F)cn4)nc32)n[nH]1,[-0.32763076 -0.50372064 -0.7354876  -0.92965615 -0.19703382]
CC=C(CC)C(=O)NC(N)=O,[ 0.0655956   0.89445096 -0.863134   -0.6107575  -0.1240247 ]
C=CCc1cc(OC)c(OC(C)Cc2cc(OC)c(OC)c(OC)c2)c(OC)c1,[-0.12578452  0.9401821  -0.75144744 -0.10717287 -0.17259161]
OC1(c2ccc(Cl)c(C(F)(F)F)c2)CCN(CCCC(c2ccc(F)cc2)c2ccc(F)cc2)CC1,"[ 4.7212833e-04  8.2637686e-01 -9.2285419e-01 -8.2176518e-01
  1.7436866e-01]"
CC(C(N)=O)(c1ccccc1)c1ccc(N)cc1,[ 0.3279661   0.7286512  -0.7824505  -0.92631686 -0.18526156]
COC(=O)c1ccccc1,[ 0.39806962  0.5544801  -0.6442895  -0.00417344 -0.02255713]
CN1CCN2c3ncccc3Cc3ccccc3C2C1,[ 0.09936006  0.7935132  -0.37135357 -1.         -0.4936864 ]
CN(C)CCC(c1ccc(Cl)cc1)c1ccccn1,[ 0.57323533  0.7212988  -0.535378   -0.01586016  0.19566958]
Cc1c(Sc2ccc(Cl)cc2)c2c(-c3cnccn3)cccc2n1CC(=O)O,[-0.14367896  0.6239924  -0.543432   -0.96832746  0.02032131]
COc1nc(C)nc(Cl)c1NC1=NCCN1,[ 0.0775516   0.68981457 -0.42478287 -0.5314112  -0.370465  ]
CC1CCCCOC1=O,[ 0.44078827  0.868389   -0.651532   -1.          0.4845185 ]
N#CCCOCCC#N,[-0.23718521  0.973067   -0.8631835  -0.91544974 -0.03811795]
COP(=O)(OC)Oc1ccc([N+](=O)[O-])c(Cl)c1,[ 0.4304209   0.7488325  -0.72796243 -0.64551556 -0.17313907]
Fc1cc2nc(C(F)(F)F)[nH]c2cc1Cl,[ 0.4148622   0.7692544  -0.6623673  -0.8795949  -0.07807435]
Nc1ccc(F)c(F)c1F,[-0.23156917  0.7192865  -0.40791243 -0.93616587  0.73278904]
Cn1cnc(S(=O)(=O)N(CCN(Cc2cncn2C)c2ccc(C#N)cc2)Cc2ccccc2)c1,[-0.328469    0.73807716 -1.         -0.9216108  -0.12514043]
CCC(CCCCOC(=O)c1ccccc1)COC(=O)c1ccccc1,[ 0.3252778   0.79449993 -1.         -0.73282754 -0.03556032]
CSCC(NC(=O)COc1cccc2cnccc12)C(=O)NC(Cc1ccccc1)C(O)C(=O)N1CSCC1C(=O)NC(C)(C)C,[ 0.16598243  0.46080515  0.80524176 -0.04510202  0.2751156 ]
O=C(O)CCC(=O)c1ccc(-c2ccccc2)cc1,[ 0.4772658   0.758235   -0.7555383  -0.53467864  0.89096177]
Cc1c(F)cc(C(=O)NC2CC2)cc1-c1ccc(C(=O)NCC(C)(C)C)cn1,[ 0.24940458  0.76759905 -0.7163384  -0.5357024  -0.19027366]
COc1cc2ncc(C(N)=O)c(Nc3ccc(F)cc3F)c2cc1NCCN1CCCCC1,[ 0.22634943  0.94118863 -0.8293688  -0.7262418   0.29968092]
C1CCC2CCCCC2C1,[ 0.23569527  0.48471254 -0.6757542  -0.7786236  -0.08010322]
Cc1cn([C@H]2CCCN([C@H](CC(C)C)c3ccc(C(=O)O)c(Oc4cccc(Cl)c4)c3)C2)c(=O)[nH]c1=O,[ 0.02443905  0.8845541  -0.93732333 -0.84862375 -0.56931365]
CCC[C@H](NC(=O)[C@@H]1[C@H]2CCC[C@H]2CN1C(=O)[C@@H](NC(=O)[C@@H](NC(=O)c1cnccn1)C1CCCCC1)C(C)(C)C)C(=O)C(=O)NC1CC1,[ 0.43497443  0.30506784 -0.8951672  -0.9211863  -0.09589504]
O=C1C(Cc2ccccc2)C(=O)N(c2ccccc2)N1c1ccccc1,[ 0.45779106  0.82686317 -0.7046737  -0.83465827 -0.12535705]
CCCCC(CC)C(=O)OC1=C(c2c(C)cc(C)cc2C)C(=O)c2ccccc21,[ 0.2708091   0.9961098  -0.7680553  -0.72489554 -0.35494536]
CC1CC(=O)CC(C)O1,[ 0.20360923 -0.1731764  -0.8965554  -0.6203367  -0.28991002]
CC(O)C1C(=O)N2C(C(=O)[O-])=C(SC3CCS(=O)C3)SC12,[-0.21439447  0.65206695 -0.6889791  -0.75450027 -0.47061545]
O=[N+]([O-])OC1COC2C(O)COC12,[ 0.1283385  0.7827694 -1.        -1.        -0.2863957]
CN(C)c1ccc(O)c2c1CC1CC3C([NH+](C)C)C([O-])=C(C(N)=O)C(=O)C3(O)C(O)=C1C2=O,[ 0.148355    0.86945903 -0.48057964 -0.7748891  -0.20436537]
O=C(CCCN1CCC(O)(c2cccc(C(F)(F)F)c2)CC1)c1ccc(F)cc1,[ 0.36901474  0.8464134  -0.8371017  -0.62050086 -0.09397987]
CC(C)CCC(C)Nc1ccc(Nc2ccccc2)cc1,[-0.02633491  1.         -0.7542827  -0.7295754  -0.31667706]
Cc1ccc([N+](=O)[O-])cc1,[ 0.511177    1.         -0.9398138  -0.84172976 -0.22860512]
CNC(=O)ON=C(C)SC,[-0.2874314   0.8464088  -0.47084734 -0.53544974 -0.01344207]
Cc1c(OC2CCN(CC3CCN([C@@](C)(Cc4ccc(F)cc4)C(=O)O)CC3)CC2)ccc(Cl)c1Cl,[ 0.50774866  0.74524426 -1.         -0.59278065 -0.25290623]
CC=Cc1ccc(OCc2ccccc2)c(OC)c1,[ 0.4639596   0.7969417  -1.         -0.4545603  -0.37275156]
C=CC(=O)OCCc1ccc(CC)cn1,[-0.08665396  0.8449562  -0.6698261  -0.707515   -0.27148136]
COP1(=S)OCc2ccccc2O1,[-0.05062548  0.7968344  -0.5129038  -0.84408003 -0.44926482]
Cn1c(COP(=O)(NCCBr)NCCBr)cnc1[N+](=O)[O-],[ 0.2570378   0.8587778  -0.86563706 -0.8108601   0.06657244]
CC1=C(CC(=O)O)c2cc(F)ccc2C1=Cc1ccc(S(C)=O)cc1,[ 0.5089653   0.87070227 -0.801809   -0.51965153 -0.18731329]
Nc1ccc(S(=O)(=O)O)c2cccc(O)c12,[-0.23330303  0.90503544 -0.6016218  -0.9150482   0.5212969 ]
CC(COc1ccc(Cl)cc1Cl)C(=O)O,[-0.02307101  0.84419274 -0.8527526  -0.80773026  0.8456677 ]
CCC(=O)OC1CCC2C3CCC4=CC(=O)CCC4(C)C3CCC12C,[ 0.48127592 -0.7691089  -1.         -0.59296775  0.66441244]
NCCNCCNCc1ccccc1O,[-0.07002138  1.         -0.77410907 -0.92010516  0.3806815 ]
CC1(C)C(=O)N(CO)C(=O)N1CO,[ 0.20030935  0.5842716  -0.75565237  0.34033945 -0.23419915]
O=[N+]([O-])C(CO)(CO)CO,[ 0.06894745  0.31741023 -1.         -1.          0.1892672 ]
CC(=O)Oc1cc(C(F)(F)F)ccc1C(=O)O,[ 0.24082816  0.7128441  -0.772594   -0.3855235   0.07020207]
CC1=C2C[C@H]3[C@@H](CC=C4C[C@@H](O)CC[C@@]43C)[C@@H]2CC[C@]12O[C@@H]1C[C@H](C)CN[C@H]1[C@H]2C,[-0.45439646  0.8575788  -0.09399973 -0.56394315 -0.20937404]
C[NH+]1CCOC(c2ccccc2)c2ccccc2C1,[ 0.5288928   0.28893316 -0.83170617 -0.05380104 -0.3254479 ]
COc1cc2c(cc1OC)C(CCc1ccc(Cl)cc1)N(C)CC2,[ 0.3972264   0.6590317   0.34607527 -0.38712502 -0.5037444 ]
Clc1ccc(C(OCCN2CCCCC2)c2ccccc2)cc1,[-0.47198328  0.93617994 -0.7250787  -1.         -0.09211828]
C[C@@H]1NC(=O)[C@H](C)N(C)C(=O)[C@@H](C)N(C)C(=O)[C@H](C)NC(=O)[C@@H](C)NC(=O)[C@@H](C)N(C)C1=O,[ 0.17475513  0.7820874  -0.11718974 -0.66943896 -0.3777301 ]
Cc1cccc(Nc2ccncc2S(=O)(=O)[N-]C(=O)NC(C)C)c1,[-0.0376615   0.677105    0.02223227 -0.6146485  -0.40966177]
Cn1c(C2=CCN(CCCN3c4ccccc4Sc4ccc(CC(=O)O)cc43)CC2)cc(=O)n(C)c1=O,[ 0.38035664 -0.5055113  -0.18206824 -0.40986797 -0.23050214]
CN(C)N=Nc1ccc(I)cc1,"[-1.5756358e-01  2.6351665e-04 -1.0000000e+00 -8.2038277e-01
 -3.6558136e-01]"
CCCC1CC(C(=O)NC(C(C)Cl)C2OC(SC)C(O)C(O)C2O)[NH+](C)C1,[ 0.5505448   0.6630121  -0.93637526 -0.34452102 -0.00599978]
CCCCN(N=O)C(N)=O,[ 0.39908153  0.7767183  -0.5943924  -0.98058563 -0.08304555]
Cc1ccc(NC(=O)c2ccc(C#N)cc2)cc1-n1cnc2ccc(N3CCN(C)CC3)cc2c1=O,[-0.34874585  0.9412023  -0.70551777 -0.91984934 -0.14061362]
COC(C)C=O,[-0.2765461   0.6644761  -0.64961135 -0.8260326   0.5648132 ]
CCCCOC(C)OCCCC,[-0.34113127  0.8138466   0.06183706 -0.83405995 -0.07028353]
OCc1cc(C(O)C[NH2+]CCCCCCOCCOCc2c(Cl)cccc2Cl)ccc1O,[ 0.62043816  0.8784014  -0.81925976 -0.84542066  0.41141066]
N=C(NN=Cc1ccc(Cl)cc1)NN=Cc1ccc(Cl)cc1,[ 0.02230789 -0.4506764  -0.5510873  -0.23694244 -0.06612039]
COc1cccc2c1cc([N+](=O)[O-])c1c(C(=O)O)cc3c(c12)OCO3,[-0.23501615  0.7597463  -0.8524833  -0.7185979  -0.3376264 ]
CCCCOC(=O)CC(SC(CC(=O)OCCCC)C(=O)OCCCC)C(=O)OCCCC,[-0.20032714  0.5748184  -0.56277305 -0.35429022  0.30235547]
FC(F)(F)c1nc2c(Br)cc(Br)cc2[nH]1,[ 0.25044107  0.8639134  -1.         -0.72026944 -0.5186068 ]
CCCOP(=O)(SCCC)SCCC,[-0.64931697  0.6380412   0.06867386 -0.9999285  -0.09423615]
CCCCC(CC)OCCOCCO,[ 0.37986347  0.8232602  -1.         -0.57083166 -0.24386308]
COc1cc(C=CC(=S)N2CCOCC2)cc(OC)c1OC,[ 0.27004325 -0.32312173 -0.2722377  -0.6604382  -0.32964987]
Cc1ccc(-c2ccccc2)cc1,[ 0.07765692  0.68166894 -0.9196189  -0.77128375 -0.02606348]
C=CCNC(=S)Nc1ccccc1,[ 0.2337352  -0.9773815  -0.67335904 -0.16992082  0.16371755]
C=CCOc1ccccc1OCC(CNC(C)C)OC(=O)C1CC1,[-0.16660213  0.80946904 -0.86081666 -0.9867344  -0.13194032]
Cc1cn([C@H]2CCCN(S(=O)(=O)c3ccc(C#N)c(Oc4cccc(Cl)c4)c3)C2)c(=O)[nH]c1=O,[ 0.43481535  0.6181892   0.11973786 -0.62600374 -0.09549116]
NC(=S)NNCNNC(N)=S,[-0.39029762  0.890778   -0.8381264  -0.5742028  -0.17835645]
CC(C)CCCC1CCC(C)(C(=O)NCC(=O)O)CC1,[ 0.27444768 -0.1929752  -0.8045412  -0.4781411   0.06521607]
ClC1=C(Cl)C(Cl)(C2(Cl)C(Cl)=C(Cl)C(Cl)=C2Cl)C(Cl)=C1Cl,[ 0.45493487  0.6140406  -1.         -0.24630427  0.61862046]
O=C(CCl)CCl,[-0.4043088   0.8548594  -0.57962835 -0.448569    0.6138656 ]
ClCC(Cl)=C(Cl)Cl,[ 0.46324888  0.67052907 -0.7142583  -0.83112514 -0.16889188]
CCOP(=O)(OCC)Oc1nc(Cl)c(Cl)cc1Cl,[ 0.13956623  0.08119907 -0.7300274  -0.8530485  -0.39325514]
ClCCCBr,[ 0.24083821  0.2871155   0.24488622 -0.4081106  -0.14898944]
C[C@@H](O)[C@H]1C(=O)N2C(C(=O)O)=C(SCCNC=N)C[C@H]12,[ 0.39355803 -0.19694246 -0.91911876 -0.96550554 -0.35996604]
CCOP(=S)(OCC)Oc1cccc(F)n1,[ 0.3261206   0.86146957 -0.8168993  -0.6673065   0.5747381 ]
O=C(Cc1cccs1)N[C@@H]1C(=O)N2C(C(=O)[O-])=C(C[n+]3ccccc3)CS[C@H]12,[ 0.6021669   0.68062466 -0.931427   -0.3610374   0.2894037 ]
CCC(CC)n1nc(C)c(C(=O)N[C@@H](C)C(C)(C)C)c1NS(=O)(=O)c1ccc(C)cc1,[-0.041136    0.61339617  0.50021076 -0.8820859  -0.49243256]
CC=CC=CC=O,[ 0.33574083  0.50914514 -0.92120236 -0.18026271 -0.46761754]
O=C(OCC1CO1)c1ccccc1C(=O)OCC1CO1,[ 0.3833368  -0.02107575 -0.56850606  0.74413526  0.19626127]
COC(=O)c1cc(Oc2ccc(Cl)cc2Cl)ccc1[N+](=O)[O-],[ 0.35239452  0.68018943 -0.9788738  -0.662876   -0.3478827 ]
COc1ccc2ncc(=O)n(CCN3CC[C@@H](NCc4ccc5c(n4)NC(=O)CO5)[C@@H](F)C3)c2c1,[ 0.13033225  0.8177373  -0.84923375 -0.70746267 -0.4598879 ]
C=C(C)c1cccc(C(C)(C)N=C=O)c1,[-0.02221151  0.05444516 -0.8363423  -1.         -0.6974519 ]
N#Cc1cccc(Cc2ncccn2)c1,[ 0.17005447  0.90353066 -0.76570773 -0.66838324  0.01580848]
COC(=O)C1=C(C)NC(C)=C(C(=O)OCCN(C)Cc2ccccc2)C1c1cccc(N(O)O)c1,[ 0.03929923  0.8712444  -0.5886535  -0.97241396 -0.47257587]
COC(=O)Cc1ccccc1,[-0.32520178  0.01198077 -0.7592423  -0.6391806   0.0505959 ]
CCCCn1c(=O)n(CCC)c(=O)c2[nH]c(C)nc21,[ 0.22966178  0.7401943  -0.8697869  -0.7059732  -0.04312195]
C=CCC1/C=C(\C)CC(C)CC(OC)C2OC(O)(C(=O)C(=O)N3CCCCC3C(=O)OC(/C(C)=C/C3CCC(O)C(OC)C3)C(C)C(O)CC1=O)C(C)CC2OC,[ 0.40326622  0.5268987  -0.6986845  -0.79368895 -0.27427477]
CCOC(=O)c1c(C)cc2c(CO)n[nH]c(=O)c2c1C,[ 0.03840922  0.748771   -0.0329477  -0.6960221  -0.38243264]
CN(C)C(Cc1ccccc1)c1ccccc1,[ 0.34552434  0.7814038  -0.8594835  -0.8982876  -0.17744914]
COP(=S)(OC)Oc1cc(Cl)c(Cl)cc1Cl,[ 0.13621694  0.76808125 -0.82321316 -0.72473264 -0.36809257]
CCCP(=O)(CCC)CCC,[-0.3642312   0.8397431  -0.74570394 -0.74591106  0.39850453]
CN1c2ccccc2C(NCCCCCCC(=O)[O-])c2ccc(Cl)cc2S1(=O)=O,[-0.60391456  0.92443126 -0.31395778 -0.9802744  -0.21693996]
C=C[Si](OC)(OC)OC,[ 0.3147597   0.7751759  -0.636701   -0.8259089   0.10583738]
O=C(NCC12CC3CC(CC(C3)C1)C2)c1cc(-n2ncc(=O)[nH]c2=O)ccc1Cl,[ 0.27641252  0.08458148 -0.741887   -0.501693   -0.279282  ]
Clc1ccc(N2N=NC3C4CC(C5N=NC45)C32)cc1,[ 0.14970572  0.82996    -0.8466507  -0.74654466 -0.32526436]
COc1c2ccoc2c(OCC2OC2(C)C)c2oc(=O)ccc12,[ 0.42522427  0.8446013  -0.5977103  -0.728908    0.35074186]
CC(C)(C)c1cc(CCC(=O)OCCSCCOC(=O)CCc2cc(C(C)(C)C)c(O)c(C(C)(C)C)c2)cc(C(C)(C)C)c1O,[ 0.347271    0.85712236 -0.8419818  -0.8579103  -0.60557693]
CCOC(=O)C=Cc1ccc2c(c1)OCO2,[ 0.24933988  0.7674752  -0.84559673 -0.88448775 -0.27380058]
CC1OC(n2ccc(NC(=O)c3ccc(NC(=O)C(C)(N)CO)cc3)nc2=O)CCC1OC1OC(C)C(N(C)C)C(O)C1O,[ 0.50200355  0.9886139  -1.         -0.83762956  0.3947663 ]
CC(C)(C)c1ccc(C(=O)O)cc1,[ 0.4115563   0.3004909  -0.72996783 -0.7500121   0.42993557]
BrC(Br)Br,[-0.01008018 -0.21273488 -0.19760843 -0.23879752  0.8867321 ]
CNC(=O)CSP(C)(=S)OC,[ 0.3023294  -0.31134188 -0.02209409 -0.1424975  -0.13600393]
CCOP(=S)(OCC)Oc1cc(-c2ccccc2)on1,[ 0.3258847   0.84254235 -1.         -0.7941988   0.11461516]
COc1ccccc1Oc1c([N-]S(=O)(=O)c2ccc(C)cn2)nc(-c2ccncc2)nc1OC,[ 0.32995817  0.6273503  -1.         -0.7211481  -0.04254435]
Cc1ccc(C(=O)c2ccc(CC(=O)NCC(=O)Nc3cccc(C)c3C)n2C)cc1,[ 0.21080616  0.7117214  -0.2618681  -0.2084986  -0.02514897]
O=C(O)Cc1ccccc1N1CCC(CN2CCC(Oc3ccc(Cl)c(Cl)c3)CC2)CC1,[-0.19247036  0.9538874  -0.8107012  -0.8010042  -0.2815502 ]
CO[Si](CCCOCC1CO1)(OC)OC,[-0.35173392  0.84109885 -0.9259239  -0.73455834 -0.37509346]
CCON=C(CC)C1=C(O)CC(c2c(C)cc(C)cc2C)CC1=O,[ 0.11965632 -0.06805997 -0.61054677 -1.         -0.06792331]
CC(=O)OCc1ccc(C(C)C)cc1,[ 0.3231156   0.86287427 -0.7782376  -0.90348333 -0.09693474]
CNC(=O)Oc1cccc2c1OC(C)(C)O2,[ 0.57103974  0.8629852  -1.         -0.9678523   0.11714996]
COc1cc(-c2cc(=O)c3c(O)cc(O)cc3o2)cc(O)c1OC,[-0.31189877  0.9826317  -0.79663754 -0.81904936 -0.32122368]
CN(C)S(=O)(=O)CCCCCNC(=O)N(CCCl)N=O,[-0.37603265  0.6749683  -0.74590385 -0.81243205 -0.25138593]
C[C@@H](NC1=CC(=O)CC1)c1ccc(Nc2ncc3cc(-c4ccncc4)ccc3n2)cc1,[ 0.60615456  0.30361563 -0.45922038 -0.7677575  -0.1493164 ]
CCOC(=O)C=Cc1ccc(Cl)cc1,[-0.00785889  0.6330079  -0.6917351  -0.32542     0.4477945 ]
O=C(Cc1ccc(Cl)c(C(F)(F)F)c1)Nc1cccc2c(=O)n(CCO)ccc12,[ 0.59732217  0.48535642 -0.5870557  -0.74659306 -0.57054657]
CCOP(=O)(CC)SC,[ 0.65625054 -0.6248472  -0.4808756  -0.6331419  -0.01502392]
CCC1(CC)Oc2cccc(OC(=O)N(C)C(C)=O)c2O1,[ 0.4801109   0.8840659  -0.7566814  -0.8414123   0.18526676]
O=CC1=CCCCC1,[ 0.28284284  0.9803078  -0.97400415  0.0695466  -0.3374852 ]
CC(C)(C)NC(=O)C1CC2CCCCC2CN1CC(O)C(Cc1ccccc1)NC(=O)C(CC(N)=O)NC(=O)c1ccc2ccccc2n1,[ 0.2901912   0.6376972  -0.80129343 -0.70799416  0.34345204]
C=CS(=O)(=O)CCCCCC,[ 0.10523883  0.8956914  -0.0496231  -0.9185295   0.5465476 ]
CCOC(C)COC(C)CO,[ 0.40974635  0.7550347  -0.6304588  -0.33229697 -0.0685697 ]
C=C1CC1CC(N)C(=O)O,[ 0.09154619  0.8399417  -0.8373028  -0.03647255  0.3103575 ]
CC(C)=CCOC(=O)c1ccccc1,[ 0.05466143  0.9344981  -0.7862976  -0.44157845 -0.10527691]
CCCCSN(C)C(=O)Oc1cccc2c1OC(C)(C)C2,[ 0.22455882  0.77114433  0.565197   -0.5945897  -0.32769546]
c1ccc(COCc2ccccc2)cc1,[ 0.16226016  0.8419514  -0.8428576  -0.30803102 -0.39694127]
CCCCC(CC)COCCC#N,[ 0.39559296  0.78675723 -0.3556177  -0.70453316 -0.16533242]
CC(=O)Oc1ccc2c3c1OC1C(OC(C)=O)C=CC4C(C2)[NH+](C)CCC341,[ 0.35373357 -0.06609142 -0.33355075 -0.16237639  0.17643227]
CCCCC(C)(C)CO,[ 0.48855338  0.755062   -0.8547305  -0.49059883  0.42414048]
CNC(=O)Oc1ccc(CCC#N)cc1,[ 0.10766731  0.60500795 -0.9887267  -0.80016816  0.31681934]
C1=CC2C3C=CC(C3)C2C1,[ 0.3427077   0.77060753 -0.6676859  -0.9812759  -0.30705118]
CC(=O)OC12COC1CC(O)C1(C)C(=O)C(O)C3=C(C)C(OC(=O)C(O)C(NC(=O)OC(C)(C)C)c4ccccc4)CC(O)(C(OC(=O)c4ccccc4)C21)C3(C)C,[-0.09388884  0.42948544 -0.77140254 -1.         -0.35098886]
Cc1ncc(C[n+]2csc(CCO)c2C)c(N)n1,[ 0.21057267  0.01736199 -1.         -0.32497296  0.6389533 ]
CCN(CC)CCNC(=O)c1cc(Br)c(N)cc1OC,[ 0.09309693  0.86139274  0.2682167  -0.36877108 -0.15027104]
[NH3+]CC1CCC(C(=O)[O-])CC1,[-0.06608949  0.83066934 -0.5854601   0.03427346 -0.1243844 ]
COC(C)COC(C)COC(C)CO,[ 0.564948    0.28600645 -0.6205137  -0.36477616 -0.14484888]
O=C(O)c1nn(Cc2ccc(Cl)cc2Cl)c2ccccc12,[-0.03757587  0.5514065  -0.8283298  -0.95940596 -0.0470855 ]
CC(C)(c1ccc(Oc2ccc(N)cc2)cc1)c1ccc(Oc2ccc(N)cc2)cc1,[ 0.17015357 -0.7445848   0.19096905 -0.5272158  -0.12247131]
CCNC(=S)NCC,[ 0.59317803  0.46501717 -0.7529642   0.06223698  0.5943242 ]
CCN(CCO)c1cccc(C)c1,[ 0.11959158  0.82998264 -0.9143161  -0.35268995 -0.00259012]
Cc1cc(Nc2nc(N[C@@H](C)c3ncc(F)cn3)nc(N3CCOCC3)c2F)n[nH]1,[ 0.0725383   0.8183139  -0.6009129  -0.952877   -0.08290118]
CSCCC([NH3+])C(=O)NC1(C(=O)[O-])CS(=O)(=O)C2C(C(=O)[O-])C21,[-0.5425998   0.57090414 -0.15767083 -0.7878256   0.2312636 ]
O=[N+]([O-])c1cc(Cl)ccc1Cl,[ 0.3221086   0.7441403   0.11708558 -0.32064518  0.47340417]
CC[C@H](C)C(=O)O[C@H]1C[C@H](O)C=C2C=C[C@H](C)[C@H](CC[C@@H](O)C[C@@H](O)CC(=O)O)[C@H]21,[-0.15772858  0.6699648  -0.06202143 -0.5875729   0.5501308 ]
CCCCCCCCCCOC(=O)Cc1ccc(N(CCCl)CCCl)cc1,[ 0.14355625 -0.42754906 -0.8089607  -0.3628436   0.44496185]
CNNC,[ 0.47980285  0.10981759 -0.8437994  -0.8280592  -0.27040556]
CN(C)CCC=C1c2ccccc2CCc2ccccc21,[ 0.24593648  0.52594626 -0.20772362 -0.28548378  0.3467381 ]
CCCCOP(=O)(O)OCCCC,[ 0.3979754  -0.590092   -1.         -1.         -0.07679721]
CN(C)CCCC1c2ccccc2Nc2ccc(Cl)cc21,[ 0.91074026  0.89651567 -0.72910017 -0.69248414 -0.26839224]
CCc1cc2c(s1)-n1c(C)nnc1CN=C2c1ccccc1Cl,[-0.32625413  1.         -0.93099946 -0.762585   -0.41217756]
O=P([O-])([O-])C(Cl)(Cl)P(=O)([O-])O,[ 0.4583514   0.8060027  -0.7599463  -0.58311856 -0.3703365 ]
C=CC[NH+]1CCCC1CNC(=O)c1cc2n[nH]nc2cc1OC,[ 0.22586797  0.48886347 -0.5354593  -0.17622724  0.5004996 ]
Oc1cc(Cl)c(Cl)c(Cl)c1Cl,[-0.1770081   0.17269687 -0.8255562  -0.13346188  0.00992149]
Cc1nccc(-c2ccc(-c3nc4ccncc4c(O)c3C#N)cc2)c1Cl,[ 0.4503454   0.9506087   0.3812346  -0.2593094   0.04246365]
COC(=O)C(C)NP(=O)(OC[C@@H]1C=C[C@H](n2cc(C)c(=O)[nH]c2=O)O1)Oc1ccc(I)cc1,[-0.26623908 -0.09583268 -0.5791468  -0.9020351   0.29087847]
C=CCSP(=O)(NC(=O)CC)OC,[-0.0504781   0.5853599  -1.         -0.53819644 -0.6630351 ]
COP(=O)(OC)SC(CC(=O)OC(C)C)C(=O)OC(C)C,[ 0.37897134  0.92846864 -0.9358738  -0.5856624   0.12786913]
CC(=O)CCC(C)=O,[-0.08567963  0.74020606 -0.65548897 -0.71804583 -0.63562465]
NC(=O)[C@H](Cc1ccccc1)NC(=O)OCc1ccccc1,[ 0.47897512  0.9209896  -0.9212685  -0.78117865  0.37894925]
CCC(C)OP(=S)(OC)OC,[-0.16068707  0.9409786  -0.8403826  -0.7000819  -0.23232083]
CC(C)CON=O,[ 0.17436834  0.6323689  -0.30958453 -0.92028725 -0.28183886]
CCOP(=S)(OCC)SCC(=O)N(CCC#N)c1ccccc1,[ 0.1895073   1.         -0.96461254 -0.8052153  -0.11330791]
CS(=O)(=O)c1nc(-c2ccc(F)cc2)n(-c2ccc(Cl)cc2)n1,[ 0.15002206  0.8103374  -0.6064564  -0.80522376 -0.2605901 ]
CC(=O)CCc1ccc(O)cc1,[ 0.14346671  0.790594   -1.         -0.7508641  -0.5338722 ]
CCCc1nnc(CSP(=S)(OCC)OCC)o1,[ 0.52090234  1.         -0.88576734 -0.30766174 -0.21229458]
CNC(=O)Oc1ccc(Cl)c2c1OC(C)(C)C2,[-0.3091105  -0.3526608   0.2202922  -1.         -0.22179832]
CNC(=O)[C@@H]1Cc2cn(cn2)CC(=O)N2CCC[C@H]2C(=O)N[C@@H](C)C(=O)N1C,[-0.05930568  0.8573498  -0.7967027  -0.79087156 -0.0027467 ]
C=CC(=O)OCC(=O)OCC,[-0.9129792   0.84583575 -0.07723366 -0.7488701  -0.12793793]
O=[N+]([O-])c1cc(C2CCCCC2)c(O)c([N+](=O)[O-])c1,[ 0.41318023  1.         -0.16405545 -0.87244356 -0.50052905]
CC(C)(C)NC[C@H](O)COc1nsnc1N1CCOCC1,[-0.2576354   0.75411594 -0.84046495 -0.2954632  -0.1883825 ]
CCOP(=O)(Cl)Cl,[ 0.28684413  1.         -0.77182424 -0.61343294  0.04129911]
Nc1ncc2cc(-c3c(Br)cccc3Br)c(N)nc2n1,[ 0.48347074  0.92971563 -0.9259455  -0.20377132 -0.19010472]
COC(=O)c1cc([N+](=O)[O-])ccc1Cl,[ 0.32437733  0.94040084 -0.82074994 -0.9147376  -0.1228864 ]
O=P(OCCCl)(OCCCl)OC1CC(C(Br)CBr)CCC1Cl,[ 0.12699367  0.7395766  -0.8833527  -0.8321578  -0.05934205]
COc1c(Cl)ccc(Cl)c1C(=O)OCCN(CCOC(=O)c1c(Cl)ccc(Cl)c1OC)c1ccccc1,[ 0.21026029  0.8026016  -0.44260663 -0.762083   -0.2475539 ]
CON(C)C(=O)Nc1ccc(Cl)cc1,[-0.19599567  0.85109276 -0.45264968 -0.87617683 -0.19123618]
C[NH+](C)CCC(c1ccc(Cl)cc1)c1ccccn1,[ 0.5323134   0.93183976 -0.6584062  -0.5200033   0.03865527]
O=c1[nH]c(=O)c2ccccc2o1,[ 0.14011486  0.89876693 -0.6569698  -0.6344099  -0.14653182]
OCC(O)C(O)C(O)CO,[ 0.3271207   0.91741544 -0.6886834   0.17092888  0.11619114]
CCOC(=O)CCC1(CCC(=O)OCC)c2ccccc2-c2ccccc21,[ 0.2152151   0.8556701  -0.91048604 -0.5993421  -0.37084687]
NC(=S)Cc1cccc2ccccc12,[ 0.04742485  0.06511294 -0.93786496 -0.78835434 -0.5336069 ]
CC(C(=O)O)c1ccc(C(=O)c2cccs2)cc1,[-0.4788323  -0.9299774  -0.5418391   0.0617013   0.03453688]
CCCCCCN,[-0.46238977  0.9124598  -0.4642851  -0.6733669  -0.3479935 ]
CN(C)N(C)N=O,[-0.13328522  0.79076374 -0.83318555 -0.91146785  0.24141261]
CC(CO)Oc1ccccc1,[ 0.60491276  0.9368356  -0.8738609  -0.72270906 -0.35991707]
CN(C)Cc1cc(CN(C)C)c(O)c(CN(C)C)c1,[ 0.32253718  0.85317045 -0.7772014  -0.16166405  0.6563797 ]
COc1cc(OC)c(S(=O)(=O)N2c3ccccc3CCC2C)cc1NC(=O)CSCC(=O)O,[-0.11751387  0.71647036 -0.49236166 -0.8431714   0.01788815]
C[C@@H]1O[C@@H](O[C@H]2[C@H](Oc3cc(O)c4c(c3)O[C@H](c3ccc(O)cc3)CC4=O)O[C@H](CO)[C@@H](O)[C@@H]2O)[C@H](O)[C@H](O)[C@H]1O,[ 0.5133474   0.16140127 -0.65206236  0.77052325  0.19858569]
NCCCC[C@H](N[C@@H](CCc1ccccc1)C(=O)O)C(=O)N1CCC[C@@H]1C(=O)O,[-0.06369558  0.83879143 -0.86308753 -0.90873706 -0.24432793]
COc1ccc(CC2c3cc(OC)c(OC)cc3CCN2C)cc1OC,[ 0.22204043  1.         -0.7198745  -0.9676184   0.02066898]
CN(CCCOCCOCCc1ccccc1)CCc1ccc(O)c2nc(O)sc12,[-0.6912034   0.60486776 -0.36084104 -0.7735163  -0.36722553]
Cc1cnc(-c2cc(NC(=O)c3ccc(C(F)(F)F)nc3C)ccc2Cl)[nH]1,[ 0.5596459  -0.36582404 -0.8849003  -0.5745732   0.14848055]
COCCNC(=O)c1ccc(Nc2ncc3cc(-c4ccncc4)ccc3n2)cc1C,[ 0.18072183 -0.36563617 -0.76805365 -0.07198519  0.5599922 ]
CCC(CC)C(=O)OCCOCCOCCOC(=O)C(CC)CC,[ 0.20449437  0.4503334  -0.47523767  0.41340426  0.273033  ]
FC(F)(F)c1nc2c(Br)c(Cl)c(Br)cc2[nH]1,[ 0.03912145  1.         -0.69412315 -0.53196734  0.13296382]
CC(=O)OCCOCCOCCOC(C)=O,[ 0.47452906  0.66129243  0.69231874 -0.4128849   0.01046902]
COc1ccc([N+](=O)[O-])cc1N,[ 0.05344505  0.7759464  -0.2634675  -0.45015967  0.2572387 ]
CCCCC(CC)(C(=O)OCC)C(=O)OCCN(CC)CC,[ 0.25608048  0.8030961  -0.7964146  -1.          0.33694452]
CNCC(O)c1cccc(O)c1,[-0.6539015   0.7704518  -0.4656809  -0.9494329  -0.04215153]
O=Cc1cccc2ccccc12,[ 0.00147827 -0.5340227  -0.35184836 -1.          0.0561425 ]
Cc1ccc2nc(C[N+]34CCC(CC3)[C@@H](OC(=O)[C@](C)(c3ccccc3)N3CCCCC3)C4)oc2c1,[ 0.6016529   0.7498822  -0.72632784 -0.3675935  -0.7181618 ]
NCC(O)CO,[ 0.24443388  0.99508476 -0.55445504 -0.54454577 -0.41457027]
CCc1nn(C2CCCC2)c2c1CCn1c(-c3cccs3)nnc1-2,[-0.06031684  0.7485637   0.6968587  -0.02790787 -0.37018582]
COCC(=O)O[C@]1(CCN(C)CCCc2nc3ccccc3[nH]2)CCc2cc(F)ccc2[C@@H]1C(C)C,[-0.30162787  0.87651414 -0.45280427 -0.9389435   0.22641923]
CC(C)c1cccc(OC(=O)N(C)C)c1,[ 0.2535153   0.42627662 -0.3919642  -0.70248896 -0.08118755]
CCOCCCO,[ 0.12934555  0.24374712 -0.80894256 -0.37551627  0.22189361]
CCOc1ccccc1C(=O)NN=C(C)C(=O)O,[-0.09240957  0.9090181  -0.88439155 -0.6508585  -0.16599381]
ClC(=NNc1c(Cl)cc(Cl)cc1Cl)c1ccccc1,[ 0.16569586  0.9516183  -0.7173976  -0.7727075   0.46388054]
COc1ccc2c3c1OC1C(O)C=CC4C(C2)[N+](C)([O-])CCC341,[-0.03810756  0.89152265 -0.71437407 -0.7285413  -0.2771209 ]
CCOc1ccccc1OC(c1ccccc1)C1C[NH2+]CCO1,[ 0.31319973  0.7542736  -0.95650095 -0.92975855 -0.41755018]
CNC(=O)Nc1nnc(C(C)(C)C)s1,[-0.4111869  -0.35674053 -0.8127857  -0.540476   -0.10363331]
CC(C)(C)NCCC(O)c1cc(C(F)(F)F)nc2c(C(F)(F)F)cccc12,[ 0.34918967  0.55802375 -0.77190655 -0.49995297  0.74480385]
CC(C)(C)NC(=O)NCCN1CCCC(NC(=O)c2cc(Cl)cc(Cl)c2)C1,[ 0.46142262  0.904751   -0.38872752 -0.60806197 -0.23038961]
Cc1ccc(S(=O)(=O)Nc2c(C(=O)N[C@@H](C)C(C)(C)C)c(C)nn2C(C)C)cc1,[-0.23148273  1.         -0.88684964 -0.73178613 -0.35321584]
O=C(NC(CCc1ccc2c(c1)OCO2)CCc1ccc2c(c1)OCO2)c1ccc(Cl)cc1,[ 0.5786516   0.6974634  -0.79364204 -0.09683784  0.01268998]
COc1cc(OC)c(C(=O)CCCN2CCCC2)c(OC)c1,[ 0.39805576  0.76100755 -0.65864956 -0.7763269  -0.30025056]
CCN(CC)c1ccc(-c2nc(=O)n(C)nc2-c2ccc(N(CC)CC)cc2)cc1,[-0.02128207  0.12886657 -0.46412507  0.86417973  0.51346934]
CC1CC(=O)NN=C1c1ccc([N-]N=C(C#N)C#N)cc1,[ 0.08845311  0.15288126 -0.79734397 -0.69244623  0.13011467]
CC#CN(CC)CC,[ 0.12049406  0.5141133  -0.914247   -0.68946064 -0.32289466]
Cc1c(Cl)c([N+](=O)[O-])c2[nH]c(C(F)(F)F)nc2c1[N+](=O)[O-],[ 0.139484   0.4762078 -1.        -0.54333    0.0132435]
CC[C@H](CO)NC(=O)[C@H]1C=C2c3cccc4[nH]cc(c34)C[C@@H]2N(C)C1,[ 0.2058705   0.17499305 -0.62152714 -0.78877354 -0.09543745]
CCOC(=O)C(CCc1ccccc1)NC(C)C(=O)N1C(C(=O)[O-])CC2CCCCC21,[ 0.34383783  0.823471   -0.09751955 -0.05304985 -0.20108949]
CCNC(=O)CSP(=S)(OC)OC,[ 0.42861253  1.         -0.7099178  -0.88917243 -0.04009409]
CCC(C)N(C)C(=O)c1cc2ccccc2c(-c2ccccc2Cl)n1,[ 0.60967815  1.         -0.74935925 -0.93145865 -0.27966148]
CCCN(N=O)C(N)=O,[ 0.19201812  0.6917992  -0.9582627  -0.78599954  0.1968727 ]
CCC(=O)NC[C@H]1CN(c2ccc(-c3nncs3)c(F)c2)C(=O)O1,[-0.4615319   0.86850685 -0.8635459  -0.6708901   0.20918426]
N#CSCCSC#N,[-0.1536339   0.7025333  -0.9938527  -0.8770055  -0.42514542]
COC(=O)/C=C/CNC(=O)CN1C(=O)[C@@H](COC(=O)Nc2ccc(Cl)cc2C(F)(F)F)N=C(c2ccccc2)c2ccccc21,[-0.11886609  1.         -0.8420593  -0.85668725  0.7132596 ]
C#CCN1C(=O)CN=C(c2ccccc2)c2cc([N+](=O)[O-])ccc21,[ 0.1730899   0.8999387  -0.94798917 -0.86834    -0.4162664 ]
COc1ccccc1NC(=O)CC(C)=O,[-0.6082746   0.7648981  -1.         -0.6213419   0.34780046]
CCN(CC)c1ccc2cc(C(=O)NC3(C(=O)N[C@H](Cc4ccccc4)C(=O)NCC4CCN(CC5CCOCC5)CC4)CCCC3)sc2c1,[-0.6988212   0.3114254   0.83567286 -0.12127778  0.8283149 ]
CCOc1cc(OCC)c(C(=O)CCC(=O)O)cc1OCC,[-0.20268846  0.9323024  -0.67336607 -1.          0.23706937]
FC(F)=C(F)CCSc1ncccn1,[-0.04652195  0.5725007  -0.8168936  -0.7819621   0.15350886]
CCCCOCCOC(C)=O,[ 0.00465982  0.8539694  -0.7891874  -0.35242167 -0.2386532 ]
CCN(CCO)C(=O)c1oc2cccnc2c1-c1cccc(C(F)(F)F)c1,[ 0.20624033  0.7406046   0.25229022 -0.48323932 -0.23584959]
O=C(CN1CCOCC1)NN=Cc1ccc([N+](=O)[O-])o1,[ 0.0860033   0.69626623 -0.47711608 -0.6043506   0.10911308]
COc1cc2nc(N3CCN(C(=O)C4COc5ccccc5O4)CC3)nc(N)c2cc1OC,[ 0.09988305  0.83218354 -0.5418781  -0.36741787 -0.52278525]
ClCC1CO1,[ 0.46884182  0.6957034  -0.6407917  -0.92272174 -0.16044493]
Nc1nc2ccc(OC(F)(F)F)cc2s1,[-0.93538153  0.5192803  -0.5656349  -0.21992733  0.4965217 ]
C[Si](C)(Cl)Cl,[ 0.50464386  0.67588234 -0.42267087 -0.81955534 -0.17831193]
COCCN(C(=O)CCl)c1c(C)cccc1C,[-0.495978    0.66034514 -0.86617213 -0.5110082   0.05807759]
Cc1ccc(NC(=O)c2ccc(Cl)c(C(F)(F)F)c2)cc1C(=O)Nc1cccnc1,[ 0.295915    0.5786696  -0.79193777 -0.9368976  -0.48487055]
CCOC(=O)C1OC1c1ccccc1,[ 0.37154105  0.9851223  -1.         -0.74525493 -0.3144439 ]
C[C@@H]1CC[C@H]2[C@@H](C)[C@@H](OC(=O)CCC(=O)O)O[C@@H]3OC4(C)CC[C@@H]1[C@@]23OO4,[ 0.03312007  0.6316478  -0.9721309  -0.88323915 -0.01331067]
CC(C(=O)O)c1ccc(CC2CCCC2=O)cc1,[ 0.3296688   0.8002316  -0.7053933  -0.6887882   0.00946288]
ClC(Cl)(Cl)c1cccc(C(Cl)(Cl)Cl)c1,[ 0.02727909  0.8767553  -0.7496499  -0.891892   -0.3629305 ]
CC(NNC(=O)c1ccccc1)c1ccccc1,[ 0.19371998  0.76157016 -0.8610919  -0.7851281  -0.6834482 ]
C=CN(CC)C(C)=O,[-0.09336731  0.9233298  -0.87015456 -1.         -0.5395127 ]
O=c1[nH]c2ccccc2n1CCC[NH+]1CCC(n2c(=O)[nH]c3cc(Cl)ccc32)CC1,[ 0.0329055   0.38569245 -0.26126045 -0.65384364 -0.5113897 ]
CCCOCCN(C(=O)CCl)c1c(CC)cccc1CC,[ 0.1881469   0.94338834 -0.4715979   0.06951176 -0.0642665 ]
C[NH+](CCOc1ccc(NS(C)(=O)=O)cc1)CCc1ccc(NS(C)(=O)=O)cc1,[ 0.55488056  0.83249474 -0.88862324 -0.8082605   0.3055553 ]
SCc1ccccc1,[ 0.32960296  0.4665837  -1.         -0.97815806  0.51688445]
CCc1nc2cc(O)ccc2c(Oc2ccc(/C=C/C(=O)O)cc2)c1-c1ccccc1,[ 0.00094206  0.8556315  -0.6287056  -0.65481526  0.2703405 ]
CCC(=O)Nc1ccc2[nH]c(C(F)(F)F)nc2c1,[-0.7052243   0.6659572  -0.7764768  -0.9598108   0.44780865]
CCCCN(CCCC)CCCC,[ 0.10140279  0.631      -0.7420745  -0.16526659  0.50711113]
CCCCCCOC(=O)C(O)c1ccccc1,[ 0.36492854  0.5986762  -0.5716847  -0.6841686  -0.40885568]
C=C(OP(=O)(OC)OC)c1ccc(Cl)cc1Cl,[ 0.37341145  0.82675123 -0.75484544 -1.          0.5277758 ]
C=CC(=O)OCCCCCCOC(=O)C=C,[ 0.32942727  0.6998679  -0.419323   -0.71711445 -0.27928242]
Oc1ccc2[nH]c(C(F)(F)F)nc2c1,[ 0.1303113   1.         -0.7053906  -0.69594246 -0.12120236]
C=C(OP(=O)(OC)OC)P(=O)(OC)OC,[ 0.00207471  0.78879744 -0.70489377  0.6018655  -0.48336154]
COc1cc(C(=O)NC2CCCNC2)cc(OC)c1OC,[ 0.33982265  0.6731917  -0.29295787 -0.5574786  -0.43876573]
COc1cc(OC)c(S(=O)(=O)N(c2ccccc2)C(C)C)cc1NC(C)=O,[-0.24894375  0.00601064 -0.6562994  -1.         -0.1476938 ]
CC1(C)C2CCC1(C)C(O)C2,[-0.2717189  -0.8733385  -0.9077505  -0.5091877  -0.08131247]
N[C@H]1CCN(c2c(Cl)cccc2/C=C2\SC(=O)NC2=O)C1,[ 0.08550647  0.7401469  -0.8991994  -1.         -0.17192945]
CN1[C@@H]2CC[C@@H]1CC(OC(=O)C(CO)c1ccccc1)C2,[-0.71330583 -0.9277528  -0.76172197 -0.628122   -0.06471661]
CC(=O)N1CCN(c2ccc(OC[C@H]3CO[C@](Cn4ccnc4)(c4ccc(Cl)cc4Cl)O3)cc2)CC1,[ 0.49778205  0.93662685 -0.6434271  -0.5447243  -0.21548358]
CC(C)(C)CC(=O)Nc1c(F)cc(C(=O)Nc2nccs2)cc1F,[ 0.40198377  0.75459146  0.620427   -0.1897657  -0.43736562]
CC(O)C#N,[-0.5075369   0.9831841  -0.4868123  -1.         -0.05282516]
Cc1c(OCC(F)(F)F)ccnc1C[S+]([O-])c1nc2ccccc2[nH]1,[ 0.31452844  0.6734376  -0.2167895  -0.5806791   0.10604101]
O=C(O)c1cccc(Cl)n1,[-0.09176571  0.8820847  -0.7559279  -0.58005226 -0.35199693]
Cc1cc(-c2ccc(Cl)c(C(=O)NCC3(O)CCCCCC3)c2)nn1C[C@H](O)CN,[ 0.48038092  0.3658316  -0.73572665 -0.7079407  -0.13554634]
COCCNCc1ccc(Nc2ncc3cc(-c4ccncc4)ccc3n2)cc1,[ 0.53158766  0.7024447  -0.872233   -0.6177178  -0.0825089 ]
c1cc(-c2ccc3nc(Nc4ccc(OCCN5CCCC5)cc4)ncc3c2)ccn1,[-0.30643064  0.79486865  0.01662507 -0.64606106 -0.61759335]
CC(C)CN,[-0.5021772   0.98680985 -0.7775588  -0.69640636 -0.09148278]
O=C(NC[C@@H](O)CN1CCC(Oc2ccc(Cl)c(Cl)c2)CC1)c1c[nH]c(=O)c2cc(F)ccc12,[-0.4214224   0.7762041  -0.54156035 -1.          0.4151976 ]
C1COCCOCCNCCOCCOCCN1,[ 0.08099736  0.53111786 -0.3890725  -0.82545096  0.1135855 ]
Cc1nc(N)nc(N)c1-c1ccc(Br)cc1,[ 0.506689    0.79314786 -0.77043504 -0.7467149  -0.2572576 ]
COC(=O)c1c(Cl)cccc1-c1cnc([C@@H](C)NC(=O)C2(NC(=O)C(F)(F)F)CC2)c(F)c1,[-0.07493787  0.45033118 -0.8401027  -0.80881226 -0.3969652 ]
c1cc2c(c(N3CC[NH2+]CC3)c1)OCCO2,[ 0.3817116   0.6967375  -0.7255206  -0.4310025   0.17268462]
COc1ccc2ncc(=O)n(CCN3CC[C@@H](NCc4cc5c(cn4)OCCO5)[C@H](O)C3)c2c1,[ 0.04695901  0.5781266  -0.7873773  -0.8472715   0.12322051]
CCN1CN(CO)C(=O)N(CO)C1,[ 0.59835976  0.42715254 -1.         -0.9598022  -0.3990693 ]
CCCCc1c(OC(=O)c2cc(OC)c(OC)c(OC)c2)n(-c2ccccc2)n(-c2ccccc2)c1=O,[-0.1836488  0.8249384 -0.5936574 -0.7486315 -0.1252506]
C=C(Cl)C#N,[ 0.12241612  0.822718   -0.7958168  -0.95518535 -0.43424815]
CC(C(O)c1ccc(O)cc1)[NH+]1CCC(O)(c2ccccc2)CC1,[-0.03655893  1.         -0.5461225  -0.75392145 -0.0351699 ]
COP(=S)(OC)Oc1ccc(C#N)cc1,[ 0.5462538  -0.38755202 -0.7448341  -0.5897678   0.30888614]
COc1ccc2c(O[C@@H]3C[C@H]4C(=O)N[C@]5(C(=O)NS(=O)(=O)C6CC6)C[C@H]5/C=C\CCCCN(C)C(=O)[C@@H]4C3)nc(-c3ccc(F)cc3)nc2c1C,[ 0.43535435  0.5139641  -1.         -0.5213433   0.15735811]
CC1CCC2(O)C3(C)CC4(O)OC2(C1O)C1(O)C3(O)C(OC(=O)c2ccc[nH]2)C(O)(C(C)C)C41C,[-0.13419051  0.86832786 -0.92812544 -0.6651927   0.21800937]
COc1cc2ncnc(Nc3ccc(F)c(Cl)c3)c2cc1NC(=O)/C=C/CN1CCCCC1,[ 0.4613992   0.894147   -0.6773194  -0.6939245  -0.45908973]
CN[C@@H](C)[C@@H](O)c1ccccc1,[-0.26753524 -0.39434898 -0.5242712  -0.5389894   0.6897486 ]
CCCCCC(=O)O,[ 0.41918498  0.65446025 -0.79438215 -0.70338213  0.00235345]
COc1ccc(-c2nc3c(NCCCNC(C)=O)c(Br)cnc3[nH]2)cc1,[-0.04364693  0.8152663  -0.7581382  -0.18725173  0.7185449 ]
CC(=Cc1ccccc1)C=C1SC(=S)N(CC(=O)O)C1=O,[ 0.45927572  0.92537147 -0.51411855 -0.64819473  0.19814703]
CCCSP(C)(=S)Oc1ccccc1,[ 0.48508576  0.6648165  -0.21453407 -0.5732858  -0.5104818 ]
O=C(O)CC(CC1CCN(C(=O)CCc2ccc3c(n2)NCCC3)CC1)C1CNc2ccccc2C1,[ 0.27183652  0.40651208 -1.         -0.22546388  0.43754306]
CCCCN1C(=O)c2cccc([N+](=O)[O-])c2C1=O,[ 0.12085015  0.88262254 -0.70356685 -0.5778795   0.5245773 ]
CCCCCCOCCOCCO,[ 0.5335939  -0.767846   -0.4476351  -0.61359555  0.25660643]
CC[C@@H]1OC(=O)[C@@H](C)[C@H](O[C@@H]2C[C@](C)(OC)[C@H](O)[C@@H](C)O2)[C@H](C)[C@H](O[C@@H]2O[C@H](C)C[C@H](N(C)C)[C@H]2O)[C@@](C)(O)C[C@@H](C)/C(=N\OCOCCOC)[C@H](C)[C@@H](O)[C@@]1(C)O,[ 0.06180197  0.7311139  -0.539194    0.7584268  -0.23977748]
CCCSP(C)(=S)OP(C)(=S)SCCC,[ 0.1788546   0.6012304  -0.79544675 -0.7573919   0.77422976]
Cc1cccc(N)c1C,[-0.08800624  0.8190113  -0.18791173 -0.4670134  -0.12138571]
CC(=O)SCC(=O)Nc1nc2ccccc2s1,[ 0.3359472   0.95593506 -0.58380586 -0.8189535  -0.2559458 ]
C#CC(C)(C)O,[ 0.42309502  0.7128445  -0.9565788  -0.38244784 -0.264647  ]
c1ccc(C2CO2)cc1,[-0.16969033  0.94205856 -0.12930612  0.24575937  0.2297995 ]
O=C1c2cccc(S(=O)(=O)O)c2C(=O)c2c1cccc2S(=O)(=O)O,[ 0.19746952  0.12199202 -0.88942647 -0.73563004  0.31647766]
CCOC(=O)c1ccc(C#Cc2ccc3c(c2)C(C)(C)CCS3)nc1,[-0.09421038 -0.13555983 -0.3714073  -0.24612217 -0.4883126 ]
O=[N+]([O-])N1CN([N+](=O)[O-])CN([N+](=O)[O-])C1,[ 0.3500573  -0.7157598  -0.47011656 -0.5392039  -0.23997773]
Brc1ccc2[nH]cc(CC3CCNCC3)c2c1,[ 0.11708982  0.8734043  -1.         -0.9594226  -0.09758876]
CCOc1ccccc1C(N)=O,[ 0.7854151   0.88500875 -0.62153316 -0.42894107 -0.49438304]
O=C(Nc1ccccc1-c1ccccc1)OC1CCN(CCCCCCCCCNC[C@H](O)c2ccc(O)c3[nH]c(=O)ccc23)CC1,[-0.3702428   0.96247107 -0.81581193 -0.8841641  -0.4439244 ]
CCN(CC)CCOCCO,[-0.02540202 -0.5093035  -0.85330635 -0.5221423  -0.05711606]
CC(=O)N[C@H](Cc1ccc2ccccc2c1)C(=O)N[C@H](Cc1ccc(Cl)cc1)C(=O)N[C@H](Cc1cccnc1)C(=O)N[C@@H](CO)C(=O)N[C@@H](Cc1ccc(O)cc1)C(=O)N[C@H](CCCNC(N)=O)C(=O)N[C@@H](CC(C)C)C(=O)N[C@@H](CCCNC(=N)N)C(=O)N1CCC[C@H]1C(=O)N[C@H](C)C(N)=O,[ 0.18350069  0.8002488  -0.72333425 -0.7852932   0.726748  ]
CCOP(=O)(NC(C)C)SCC(=O)NCOC,[ 0.22494514  0.52832615 -0.48147735 -1.          0.05283779]
ClCC(Cl)Cl,[ 0.1612897   0.4797085  -0.7804085  -0.7003517   0.07476518]
O=C(/C=C/c1ccc(O)c2c1C(C(=O)O)C(c1ccc(O)c(O)c1)O2)OC(Cc1ccc(O)c(O)c1)C(=O)O,[ 0.42399368  0.9041941  -0.9151608  -0.31258085 -0.27240255]
CCOC(=O)CCN(SN(C)C(=O)Oc1cccc2c1OC(C)(C)C2)C(C)C,[-0.474487    0.84246546 -0.8692683  -0.7679967  -0.15606476]
BrC12CC3CC(CC(C3)C1)C2,[-0.28964233  0.5664803  -0.9853933  -0.938681   -0.0549147 ]
C1=CCC(C2OCC3(CC=CCC3)CO2)CC1,[-0.4926098   0.24755184 -0.5735781   0.17525661  0.05449413]
CC(C)[N+](=O)[O-],[ 0.40430108  1.         -1.         -0.5777002  -0.68375033]
CCOP(=S)(OCC)OC(=CCl)c1ccc(Cl)cc1Cl,[-0.4118936   0.11178315 -1.         -0.5669422  -0.3007475 ]
O=C(C(F)(F)Cl)C(F)(F)Cl,[-0.0363056   0.87442213 -1.         -0.6986571   0.7252848 ]
CC(C)(C)c1ccc2c(c1)C(C)(C)CC2,[-0.27078864  0.7545881  -0.7777144   0.00570543 -0.00789704]
CC(O)C(Cl)(Cl)Cl,[ 0.04990202  0.98381215 -1.         -0.95559734  0.74583423]
O=c1n(CC2CO2)c(=O)n(CC2CO2)n1CC1CO1,[ 0.52185977  0.15156929 -0.9220152  -0.86733156 -0.13473435]
CN1CN(CCO)CSC1=S,[ 0.26821455  0.72193456 -0.7893019  -0.6487111   0.03039236]
CCOC(=O)Cl,[-0.16460302  0.06232058 -1.         -0.12091568 -0.10169726]
O=[N+]([O-])c1ccccc1Cl,[ 0.02618051  0.9118212  -1.         -0.6486661   0.05592109]
Fc1ccc(Br)cc1,[-0.05949541  0.8014915  -0.8320802   0.27458143 -0.15878272]
O=C(Nc1cccc(Cl)c1)Nc1nnc(-c2ccncc2)s1,[ 0.2929038   0.8789117  -0.59579283 -0.9940696  -0.16156347]
COCCOCCOC(C)=O,[-0.1439771   0.86826825 -0.09472158 -0.587094    0.51578003]
CCc1c2c(nc3ccc(O)cc13)-c1cc3c(c(=O)n1C2)COC(=O)[C@]3(O)CC,[-0.06473789  0.87084776 -0.8012972  -0.8322206  -0.09110361]
CON=C(Cc1cccnc1)c1ccc(Cl)cc1Cl,[ 0.17554373  0.7377847  -0.9742905  -0.5175383   0.27047414]
CC1CS(=O)(=O)CCN1N=Cc1ccc([N+](=O)[O-])o1,[ 0.43779352  0.70469767 -0.61234677 -0.31006062  0.04766672]
CN(CC=CC#CC(C)(C)C)Cc1cccc2ccccc12,[-0.32004115  0.9642409  -0.853132   -0.72988003 -0.15931545]
O=C(CCc1ccccc1)OC1=C(OC(=O)CCc2ccccc2)C(=O)OC1=O,[-0.23470008  0.9009254  -0.75379497 -0.7228255   0.3782952 ]
CCOC(=O)CCN(Cc1ccccc1)SN(C)C(=O)ON=C(C)SC,[-0.3445003   0.85346377 -0.6734702  -0.45376608 -0.29390222]
CN(C)CCOCCOCCN(C)C,[-0.3355042   0.8305023  -0.6192555  -0.87248987 -0.1916056 ]
COP(=S)(OC)SCSCC=C(Cl)Cl,[ 0.05167445  0.78744125 -0.9619966  -0.7564307  -0.02206364]
O=C(Nc1ccc(Br)cc1)c1cc(Br)cc(Br)c1O,[ 0.44019514  0.01815377 -0.6841641  -0.5545233  -0.61803246]
C/C=C/c1cc(OC)c2c(c1)C(C)C(c1cc(OC)c(O)c(OC)c1)O2,[ 0.60965663  0.19505745 -0.3597632  -0.73875564 -0.03700452]
CC([NH3+])Cc1ccccc1,[-0.00346709  0.3568617  -0.93624645 -0.75890136 -0.09766989]
CN(SSC(C)(C)C)C(=O)ON=C1SCCS1,[ 0.3171756   0.89843905 -0.7264945  -0.23153342  0.49128678]
C=CN(C)N=O,[ 0.3481987   0.06840301 -0.608162   -0.17157824  0.02435902]
COc1cc2nc(N3CCN(C(=O)C(C)OC)CC3)nc(N)c2cc1OC,[ 0.22479014  0.8797245  -0.97054553 -0.84255606  0.35851207]
O=P(O)(O)C(O)(Cn1ccnc1)P(=O)(O)O,[-0.41813132  0.7324426  -0.9294009  -0.94346255 -0.07273316]
CC(=O)NCCCS(=O)(=O)[O-],[ 0.43454835  0.8679815  -0.43095556 -0.657797   -0.15021534]
O=C(O)COc1ccc(Cl)cc1CN1CCN(S(=O)(=O)Cc2ccccc2)CC1,[ 0.44637278  0.6331378  -0.67737854 -0.42378086  0.00806496]
SCCc1cnccn1,[-0.4706471   0.9027086  -0.7351343  -0.807036    0.50726604]
CCCN(CCC)c1c([N+](=O)[O-])cc(S(N)(=O)=O)cc1[N+](=O)[O-],"[ 4.9524817e-01 -5.3839850e-01 -5.4489899e-01 -6.3398075e-01
 -4.5548284e-05]"
CC(C)Cn1c(=O)n(C)c(=O)c2c(C(=O)N3CC[C@@H](O)C3)c(Cc3c[nH]c4ccccc34)sc21,[ 0.6510706  0.7080437 -0.9180635 -0.5369607 -0.529772 ]
Cc1cc(Nc2nc(N[C@@H](C)c3ccc(F)cn3)c(C#N)nc2C)n[nH]1,[ 0.02072122 -0.16385157 -0.736128   -0.1704099   0.0168877 ]
CC1CCCCN1N=O,[ 0.20064957  0.77444476 -0.72897995 -0.71426773 -0.14257108]
C=CCn1c(N)cc(=O)n(CC)c1=O,[ 0.1481341   0.16768262 -0.3239886  -0.93066716  0.07553965]
