C=CN(CC)C(C)=O,[-0.26507482  0.8992017  -0.82238    -0.6922161  -0.27007163]
O=[N+]([O-])c1ccc(Nc2ccccc2)c(S(=O)(=O)O)c1,[-0.0290648   0.10551136 -0.60372585 -0.64407474 -0.21252234]
C=CCc1ccccc1OCC(O)C[NH2+]C(C)C,[ 0.4302924   0.3204751  -0.8891994  -0.7251561  -0.41296342]
O=C(c1ccc(Cl)cc1)c1ccccc1-c1ncc[nH]1,[ 0.0183438   0.90640414 -0.9816381  -0.72105354  0.348097  ]
CS(=O)(=O)c1ccc(C(O)C(COC(=O)C[NH3+])NC(=O)C(Cl)Cl)cc1,[ 0.25684768  0.86630875 -0.8961344  -0.60466343  0.1396818 ]
Oc1cc(Cl)c(Cl)c(Cl)c1Cl,[-0.10807566  0.5207268  -1.          0.39259776 -0.3733465 ]
Cc1cc(=O)nc(SCc2ccccc2N(C)C)[nH]1,[ 0.13428594  0.6838743  -1.         -0.95888793 -0.22880772]
CC(C(=O)O)c1ccc(C(=O)c2cccs2)cc1,[-0.30850407 -0.8659955  -0.55114007 -0.06129466 -0.20554012]
CN1CCC(=C2c3ccccc3Sc3ccccc32)CC1,[ 0.21940452  0.85340613 -0.8492347  -0.7178442  -0.1255164 ]
CC(=O)O[C@H]1C[C@]2(O)[C@H]3CC[C@H]4C[C@H](O[C@H]5C[C@@H](O)[C@@H](O[C@H]6C[C@@H](O)[C@@H](O[C@H]7C[C@@H](O)[C@@H](O)[C@H](C)O7)[C@H](C)O6)[C@H](C)O5)CC[C@@]4(C)[C@H]3CC[C@]2(C)[C@H]1C1=CC(=O)OC1,[ 0.34588805  0.6774779  -0.48478404 -0.58153653 -0.30788207]
C=CC[N+]1([C@H]2C[C@H]3[C@@H]4CC[C@H]5C[C@H](O)[C@@H](N6CCOCC6)C[C@]5(C)[C@H]4CC[C@]3(C)[C@H]2OC(C)=O)CCCC1,[-0.16019988  0.83413863 -0.8372341  -0.6179086   0.7018445 ]
C[C@@H](N/C(=N\c1ccncc1)NC#N)C(C)(C)C,[ 0.00609998  0.76587695 -0.7793987  -0.96306473 -0.23571116]
COCCN(c1cccnc1)P(=O)(c1ccccc1)c1ccccc1,[ 0.29499787  0.862425   -0.74890107  0.6830466  -0.08590037]
CCN(CC)CCNC(=O)c1cc(Br)c(N)cc1OC,[-0.00678923  0.8329277  -0.13397132 -0.5036638  -0.5271123 ]
CCN[C@@H]1C[C@H](N)[C@@H](O[C@H]2OC(CN)=CC[C@H]2N)[C@H](O)[C@H]1O[C@H]1OC[C@](C)(O)[C@H](NC)[C@H]1O,[ 0.14086959  0.80088997 -0.25278592 -0.9854667  -0.07562183]
CCCCOC(=O)c1ccc(-n2nc(OCCN3CCCCC3)c3ccccc32)cc1,[-0.38205826  0.9657864  -0.5270742  -0.83338076  0.6617291 ]
CCN(CCO)C(=O)c1oc2cccnc2c1-c1cccc(C(F)(F)F)c1,[ 0.27442488  0.72714853  0.0490924  -0.69391227  0.11097838]
CC=C(CC)C(=O)NC(N)=O,"[ 2.6109026e-04  8.1620491e-01 -7.8770274e-01 -7.0117861e-01
 -1.7169771e-01]"
CCOC(C)COC(C)CO,[ 0.17884834  0.8036998  -0.6965851  -0.4411803  -0.18444833]
CC(C)C(O)(c1ccc(OC(F)(F)F)cc1)c1cncnc1,[-0.23346016  0.5557359  -0.8161122  -0.22438064  0.12257509]
O=C1c2cccc(S(=O)(=O)O)c2C(=O)c2c1cccc2S(=O)(=O)O,[ 0.40602246  0.5394283  -0.6826815  -0.8326695  -0.03951368]
CC(C)Nc1nc(Cl)nc(NC(C)C)n1,[ 0.50273985  0.70013654 -0.73360074 -0.90080476  0.4730132 ]
CCCCCNCCCCC,[ 0.57536817  0.9611196  -1.         -0.53016156 -0.05618879]
CCCOCCOC(=O)C1=C(C)NC(C)=C(C(=O)OCCOCCC)C1c1cccc([N+](=O)[O-])c1,[ 0.5692413   0.86158764 -0.8648207  -0.7234756  -0.5660367 ]
COc1ccccc1Oc1c([N-]S(=O)(=O)c2ccc(C)cn2)nc(-c2ccncc2)nc1OC,[ 0.1520746  -0.32764426 -0.33528188 -0.84940416 -0.269349  ]
Cc1cccc(N)c1C,[ 0.46763524  0.8683839  -0.86469895 -0.15274863 -0.02142878]
COc1ccc(C(Oc2ccccc2)C2=NCCCN2)cc1,[ 0.11248514 -0.08141752 -0.8923655  -0.74317807 -0.2169687 ]
CO[C@@H]1C=CO[C@@]2(C)Oc3c(C)c(O)c4c(c3C2=O)C(=O)/C(=C\NN2CCN(C)CC2)C(=C4O)NC(=O)C(C)=CC=C[C@@H](C)[C@H](O)[C@H](C)[C@H](O)[C@@H](C)[C@@H](OC(C)=O)[C@@H]1C,[ 0.4631618   0.97416896 -0.89221436 -0.87025154  0.6629609 ]
Cn1cncc1CN(CCN(Cc1ccccc1)S(=O)(=O)c1ccccn1)c1ccc(C#N)cc1,[ 0.21081121  0.68358094 -0.87056077 -0.7509025  -0.39046443]
Fc1cc(-c2cccc3ncc(-c4cnn(C5CCNCC5)c4)nc23)cc(F)c1CN1CCOCC1,[ 0.51279664  0.7566562  -0.3817168  -0.30942512 -0.25523534]
Oc1nc(-c2ccccc2)nc2ccccc12,[ 0.36710978  0.0130215  -0.4983454  -0.14499876  0.30272374]
COc1ccc(Oc2ccc(NC(=O)N(C)C)cc2)cc1,[ 0.2843244   0.8037085   0.00332112 -0.56215775 -0.2627029 ]
CNc1c(Br)cnc2[nH]c(-c3ccc(S(C)(=O)=O)cc3)nc12,[-0.1010275   0.5527125  -0.31435394  0.60405415 -0.33544412]
OCCOCCN1CCN(C(c2ccccc2)c2ccccc2)CC1,[-0.00286138  1.         -0.80362624 -0.8321819  -0.02450055]
C#CC1(O)CCC2C3CCC4=CC(=O)CCC4C3C(=C)CC21CC,[-0.50189954  0.726799   -0.58086556 -0.26923913 -0.22959074]
CCOP(=S)(OCC)OC(C)CC,[-0.21957299 -0.2926955   0.60930085 -0.6861925  -0.3635289 ]
COC(C)CC(=O)O,[-0.05484884  0.75449336 -0.80339694 -0.6520335  -0.29707018]
CN1CCN(c2ccc3ncc(C(N)=O)c(Nc4ccc(Cl)c(Cl)c4)c3c2)CC1,[-0.13720115  0.9830595  -0.7672491  -0.12339506 -0.06672314]
O=C1CCc2cc(C=CCN3CCN(c4ccc(Cl)cc4)CC3)ccc2N1,[ 0.42447093  0.7278739  -0.76672083 -0.2117644  -0.4434439 ]
CC(=O)C1OC1(C)C,[ 0.50169265  1.         -0.7278205  -0.67197126 -0.52182245]
ClC1=C(Cl)C(Cl)(C2(Cl)C(Cl)=C(Cl)C(Cl)=C2Cl)C(Cl)=C1Cl,[ 0.07405967  1.         -0.8895258  -0.70310813  0.55487686]
COc1cc(C=CC(=S)N2CCOCC2)cc(OC)c1OC,[-0.23071294 -0.40483388 -0.48879793 -0.78357065 -0.36073902]
CNc1c(C(N)=O)cnc2[nH]c(-c3ccc(OCCN4CCOCC4)cc3)nc12,[ 0.19255868  0.7857386  -0.79626477 -0.62480277  0.48841146]
CCC(C(=O)O)C1(O)CCCCC1,[-0.39703757 -0.06555115 -0.6110342  -0.5075663  -0.1056614 ]
O=C(CCC(=O)OC1CCCCC1)OC1CCCCC1,[ 0.32481766  0.56978005 -0.33675167  0.16465501 -0.01304096]
Cc1ccc(NC(=O)c2ccc(C#N)cc2)cc1-n1cnc2ccc(N3CCN(C)CC3)cc2c1=O,[-0.74384725  0.9097408  -0.55228525 -0.9291881  -0.11954752]
CNC(=O)[C@@H]1Cc2cn(cn2)CC(=O)N2CCC[C@H]2C(=O)N[C@@H](C)C(=O)N1C,[ 0.08636722  0.7896871  -0.753854   -0.8057981  -0.45202345]
CBr,[-0.3340806   0.78978086 -0.89397424 -0.8094684   0.1159724 ]
Clc1cc(Cl)c2nsnc2c1Cl,[ 0.22401002  0.93920434 -1.         -0.8139806  -0.26525825]
CN(C)C1CC(c2ccccc2)c2ccccc21,[ 0.33925965  0.49290958 -0.8627613  -0.43025526 -0.13358192]
O=[N+]([O-])c1ccc(Cl)c([N+](=O)[O-])c1,[ 0.6578135   0.86633617 -0.7023302   0.5524081  -0.0333345 ]
COc1ccc2c3c1OC1C(O)C=CC4C(C2)[N+](C)([O-])CCC341,[-0.02103101  0.8648387  -0.75506353 -0.6683411  -0.34459856]
CCOP(=S)(OCC)Oc1cc(-c2ccccc2)on1,[ 0.50624764  0.6624638  -0.8295833  -0.18705577  0.13898212]
CNC(=O)c1[nH]cnc1C(=O)Nc1ccc(Cl)cc1,[-0.05314391  1.         -0.81384003 -0.7159297   0.05992095]
Cc1ccsc1C(=CCC[NH+]1CCCC(C(=O)[O-])C1)c1sccc1C,[-0.09433986  0.73822635 -0.34765908 -0.9789322  -0.26003495]
COc1cc2ncc(C(N)=O)c(Nc3cccc(Cl)c3Cl)c2cc1N1CCN(C)CC1,[-0.09055794  0.7173887  -0.9432696  -0.7749156  -0.10320894]
O=C(Nc1cccc(Cl)c1)OCC#CCCl,[-0.04264182  0.98398674 -1.         -0.8594605  -0.39969552]
Cc1cccc([N+](=O)[O-])c1[N+](=O)[O-],[-0.30320057  0.9137121  -0.814157    0.16579694  0.3044292 ]
C=C1CC1CC(N)C(=O)O,[ 0.26188245  0.5030325  -0.9354581  -0.7506644   0.7129383 ]
CCOP(=O)(CC)SC,[ 0.25379443  0.9834928  -0.8635141  -0.76113856  0.04090998]
Oc1ccc2[nH]c(C(F)(F)F)nc2c1,[ 0.08797229  1.          0.05430068 -0.6788829  -0.3667031 ]
CCCCCCCCCCOC(=O)Cc1ccc(N(CCCl)CCCl)cc1,[-0.1430374  -0.5391055  -0.646778   -0.03146683  0.25686368]
ClCC1CO1,[ 0.46838963  0.67084974 -0.5989878  -0.86189246 -0.3119517 ]
Cc1ccc(C(=O)N(CCCN)[C@@H](c2nc3cc(Cl)ccc3c(=O)n2Cc2ccccc2)C(C)C)cc1,[ 0.3948202   0.8122845   0.5706088  -0.38786227 -0.33439687]
C[C@H](CO)Nc1nc(SCc2ccccc2F)nc2[nH]c(=O)sc12,[ 0.02315132  0.8889742   0.21946795 -0.8670108   0.5595688 ]
Nc1cc[n+]([O-])cc1,[ 0.0841951   0.9081178  -0.9499285  -0.78853726 -0.1447994 ]
CN(C)C(=O)C(CCN1CCC(O)(c2ccc(Cl)cc2)CC1)(c1ccccc1)c1ccccc1,[ 0.32507473  0.9034576  -0.02135109  0.03407729 -0.27707   ]
C[C@@H](NC(=O)C1CCCCN1C)c1ccc(Nc2ncc3cc(-c4ccncc4)ccc3n2)cc1,[ 0.1352159   0.8447752  -0.9885684  -0.54276896 -0.21744171]
CN(c1ccc(F)cc1F)c1c([N+](=O)[O-])cc([N+](=O)[O-])cc1C(F)(F)F,[-0.00780668  0.6272261  -0.6517713  -0.8036002   0.8486446 ]
CC(NNC(=O)c1ccccc1)c1ccccc1,[ 0.22991188  0.774174   -1.         -0.8567976   0.11939954]
O=C(O)c1cccc(Cl)n1,[-0.3329077   0.9229763  -0.74709105 -0.500165    0.15626048]
CN1C(=O)CN=C(c2ccccc2F)c2cc(Cl)ccc21,[-0.2538016   0.7245626  -0.83193004 -0.40891927 -0.5106533 ]
COc1cc2nc(N3CCN(C(=O)C(C)OC)CC3)nc(N)c2cc1OC,[ 0.39851823  0.93153447 -0.91850805 -0.7097002  -0.10715475]
COc1ccc(N)c([N+](=O)[O-])c1,[-0.02647224  0.9574395  -0.79308575 -1.          0.11103153]
CC(=O)Oc1cc(C(F)(F)F)ccc1C(=O)O,[ 0.61961234  0.7841106  -0.9818361  -0.6526692   0.13237706]
C=COCCOC,[ 0.00338306  1.         -0.8155798   0.08693437 -0.16402419]
C[C@@H]1O[C@@H](O[C@H]2[C@@H](O)C[C@H](O[C@H]3C[C@](O)(C(=O)CO)Cc4c(O)c5c(c(O)c43)C(=O)c3ccccc3C5=O)O[C@H]2C)C[C@H](N)[C@@H]1O,[ 0.16163991  0.62739366  0.31788337 -0.45446813 -0.5195984 ]
O=C(CCCCC(=O)OCC1CC=CCC1)OCC1CC=CCC1,[-0.02259783 -0.9109379  -1.         -0.75186163 -0.4122261 ]
C1=CCCC=CCCC=CCC1,"[-1.0249725e-01  7.3236883e-01 -8.3116740e-01 -1.0000000e+00
  5.8368535e-04]"
Cc1cc(C(=O)c2ccccc2)ccc1N,[-0.03952334  0.92486393 -0.49671182 -0.3563113  -0.0680784 ]
SCc1ccccc1,[ 0.29629466  0.57567835 -0.78022    -0.85779923  0.7262175 ]
COc1ccccc1NC(=O)CC(C)=O,[-0.2732524   0.42236593 -0.8568964  -0.7048826   0.158596  ]
CC=Cc1ccc(OCc2ccccc2)c(OC)c1,[ 0.47931683  0.76417446 -0.8095882  -0.61995995 -0.43274724]
COP(=S)(OC)Oc1cc(Cl)c(Cl)cc1Cl,[ 0.10728297  0.87498075 -0.67435265 -0.685398    0.17423443]
CCOP(=S)(NC(C)C)Oc1ccccc1C(=O)OC(C)C,[-0.13545136  0.86388737 -0.61223924 -1.          0.69035417]
CC(C)[C@H](C(=O)Nc1nccs1)c1ccc(Cl)cc1,[ 0.33149585  0.50934863 -0.73595047  0.39583862  0.29445916]
O=c1[nH]c2ccccc2n1CCCN1CCN(C(c2ccccc2)c2ccccc2)CC1,[ 0.28209332  1.          0.29321027 -0.828198    0.06495304]
Cc1ccccc1S(=O)(=O)NC(=O)N1CCC(N2CCC(Oc3ccc(Cl)c(Cl)c3)CC2)CC1,[ 0.28913105  0.8084429  -0.96444    -0.745818   -0.6965948 ]
CO/N=C(/C(=O)NC1C(=O)N2C(C(=O)[O-])=C(C[N+]34CCC(C(N)=O)(CC3)CC4)CSC12)c1nsc(N)n1,[ 0.33430037  0.7144725  -0.70866007 -0.84442675  0.1768497 ]
CC(COc1ccc(Cl)cc1Cl)C(=O)O,[-0.40596735  1.         -1.         -1.          0.16548768]
CNC(=N)c1cccc(CC(CC(=O)N2CCC(C)CC2)NS(=O)(=O)c2ccc3ccccc3c2)c1,[-0.4310253   0.11900389 -0.5159237   0.7306168   0.05218479]
COCCNCc1ccc(Nc2ncc3cc(-c4ccncc4)ccc3n2)cc1,[ 0.02639438  0.75438666 -0.6255979  -0.64752865 -0.32326064]
CC(C)NCC(O)c1ccc(O)c(O)c1,[ 0.29408556  0.96397555 -0.58366287  0.27358848 -0.14477447]
CC=C(C(=O)NC(N)=O)C(C)C,[ 0.31023914  0.74934006 -0.4742308  -0.17044754 -0.17533861]
O=[N+]([O-])c1ccc(C=NNC(=S)N2CCCC2)o1,[-0.13694927  0.74186176 -1.         -0.20351727 -0.06373733]
C=CC(=O)OCCOCCC#N,[ 0.09077809  0.89933205 -0.8114621  -0.7758995   0.12417594]
O=[N+]([O-])c1nccs1,[ 0.16174015  0.8270875  -0.955584   -0.8937139  -0.28379908]
CCCCCCN,[ 0.23426938  1.         -0.51287836 -0.43535808  0.04774417]
CCCN(CCC)CCCCCCCCNC(=O)Oc1ccc2c(c1)C1(C)CCN(C)C1N2C,[-0.09854701  0.7746584   0.1399251   0.04592685 -0.3382466 ]
C=CC[NH+]1CCCC1CNC(=O)c1cc2n[nH]nc2cc1OC,[0.07090682 0.4993896  0.24172588 0.00251288 0.70686996]
Cc1ncccc1Oc1ncnc(OC2CCN(C(=O)OC(C)C)CC2)c1C,[ 0.64850765  0.8165597  -0.75542676 -0.6940909  -0.19444749]
CC(C)c1cccc(OC(=O)N(C)C)c1,[-0.03366297  0.35871822 -0.54489714 -0.7168796  -0.03745958]
Cc1cc([N-]S(=O)(=O)c2ccc(N)cc2)no1,[-0.95457613  0.5201238  -0.98995805 -0.60292363  0.54915404]
CN(C)C1C(O)=C(C(N)=O)C(=O)C2(O)C(O)=C3C(=O)c4c(O)cccc4C(C)(O)C3C(O)C12,[ 0.2561848   0.79867715 -0.7602298  -0.89601237  0.5032303 ]
CC(C)(C(=O)O)S(C)(=O)=O,[ 0.31478578  0.82232887 -0.67455626  0.27702248 -0.47559255]
C=C(Cl)C(Cl)CCl,[ 0.3242498   0.732904   -0.31144357  0.399873    0.02926978]
O=C(O)CCC(=O)O,[ 0.710914    0.49364462 -1.         -0.5364383   0.26156506]
CCN1CN(CO)C(=O)N(CO)C1,[ 0.4399874   0.34273487 -0.6974761  -0.92899394 -0.25811544]
Nc1nc2c(ncn2COCCO)c(=O)[nH]1,[ 0.34273186 -0.1996709  -0.965715   -0.02796895  0.49943185]
CCC(C)(CC)c1cc(N)on1,[ 0.20947261  0.7349357  -0.5483206  -0.6226411   0.05953129]
C=CCSP(=O)(NC(=O)CC)OC,[ 0.37575254  0.33877224 -0.52289516 -0.5117893  -0.11960427]
O=C1NC(c2ccc(Br)cc2)Nc2ccccc21,[ 0.3963523   0.89758456 -0.7795067  -0.48100674 -0.30683106]
O=C(c1ccccc1)c1cccc2c1CCC2C(=O)O,[ 0.42114598  0.9240415  -0.68263483 -0.6051804  -0.15314637]
C[C@H](CO)Nc1nc(SCc2cccc(F)c2F)nc2nc(N)cnc12,[ 0.6377078   0.28947604 -0.7202479  -0.9768955  -0.21340683]
CC1(C)CC(NC2CC(C)(C)NC(C)(C)C2)CC(C)(C)N1,[ 0.5428144   0.88992184 -0.7588563  -0.64917713 -0.37427622]
CN(C1CCCCC1)C1CCCCC1,[ 0.44298556  0.7501592  -0.90835017 -0.63859403  0.04220225]
CCCCC(CC)OCCOCCO,[ 0.28489804  0.8593457  -1.         -0.66845226 -0.02940499]
C=CCOc1ccccc1C(N)=O,[-0.10071935  0.59684974 -0.760068   -0.83759254 -0.04508494]
C=CCc1cc(OC)c2c(c1)OCO2,[ 0.21120739  0.78329134 -0.6795396  -0.96332574  0.25453803]
C[C@H](Cc1cccc(CC(=O)NC23CC4CC(CC(C4)C2)C3)c1)NC[C@H](O)c1ccc(O)c(CO)c1,[-0.01467113  0.82497483 -0.76208186 -0.14007908 -0.50985134]
Cc1c(-c2c(C)c(N)c3c(C(C)C)c(O)c(O)c(C=O)c3c2O)c(O)c2c(C=O)c(O)c(O)c(C(C)C)c2c1N,[ 0.03807992 -0.8593517  -0.30419874 -0.35250604 -0.05658093]
Clc1cc(Cl)cc(Cl)c1,[ 0.5900872  -0.61887836 -0.5451112  -0.77815735  0.54198384]
C=CCc1ccc(OC(C)=O)c(OC)c1,[ 0.4327675   1.         -0.83580184 -1.          0.18089084]
CC(=O)Oc1ccc2c3c1OC1C(OC(C)=O)C=CC4C(C2)[NH+](C)CCC341,[ 0.3670507  -0.4341841  -0.54987156 -0.4586484  -0.1334809 ]
O=C(Nc1cccc(Cl)c1)Nc1nnc(-c2ccncc2)s1,[ 0.3003826   0.9056664  -0.98996884 -0.9261441  -0.23533507]
CCOC(=O)c1ccc(C#Cc2ccc3c(c2)C(C)(C)CCS3)nc1,[-0.30057472 -0.5172541  -0.5985759   0.19681676 -0.22344455]
CC(O)C(Cl)(Cl)Cl,[ 0.03998135  0.88416505 -0.5255262   0.2824428   0.3373672 ]
CCNc1nc(NCC)nc(OC)n1,[ 0.35090095  0.5957403  -0.9381461  -0.98347646  0.01918401]
Cn1c(=O)sc2cccc(Cl)c21,[-0.18995541  0.87988305 -0.44956246 -0.8162445  -0.3147304 ]
C[C@@](N)(Cc1ccc(O)c(O)c1)C(=O)O,[ 0.14643352  0.63395315 -0.386381   -0.8001736  -0.16835319]
CCCCCCC(N)C(=O)N[C@@H](Cc1c(C)cc(O)cc1C)C(=O)N1CCC[C@@H]1C(=O)N[C@@H](Cc1c[nH]c2ccccc12)C(=O)N[C@@H](Cc1ccccc1)C(N)=O,[-0.13566232  0.63358814  0.47913    -0.35755935 -0.40123734]
COCc1c(C(C)C)nc(C(C)C)c(/C=C/[C@@H](O)C[C@@H](O)CC(=O)O)c1-c1ccc(F)cc1,[ 0.35630843  0.5782184  -0.758337   -0.5623855  -0.43881106]
O=Cc1ccc(O)cc1,[ 0.55938184  0.5716065  -0.9322748  -1.         -0.36245346]
CCOP(=O)(NC(C)C)SCC(=O)NCOC,[ 0.29159987  0.7249024  -0.6969019  -0.76565456  0.06110081]
OCC(O)CO,[ 0.38240066  0.96332985 -0.7292153  -0.05817374  0.5595719 ]
O=C1COc2ccc(CNC3CCN(CCN4C(=O)COc5ccc(Cl)cc54)CC3)nc2N1,[ 0.6526815   0.5624613  -0.9137635  -0.6175813   0.16844246]
Nc1ncc2cc(-c3c(Br)cccc3Br)c(N)nc2n1,[ 0.4027535   0.69633335 -0.64882964 -0.46522087 -0.08395319]
O=C(O)CCC(=O)OC1CCCCC1,[ 0.15332611  0.7620748  -0.99344546 -0.7956797   0.74088806]
CCOc1cc2ncc(C(N)=O)c(Nc3ccc(F)cc3F)c2cc1N1CCN(C2CC2)CC1,[-0.20337348  0.2176885  -0.35308868  0.653034   -0.06510854]
CCOP(=O)(OCC)Oc1nc(Cl)c(Cl)cc1Cl,[ 0.09742301  0.7867351  -0.7513295  -0.7458047  -0.2738871 ]
CCOP(=S)(OCC)SCSCc1ccccc1,[-0.33312657  0.8612211  -0.74342173 -0.9859097   0.05910233]
COC(=O)c1c(Cl)cccc1-c1cnc([C@@H](C)NC(=O)C2(NC(=O)C(F)(F)F)CC2)c(F)c1,[-0.01278209  0.8435026  -0.8755876  -0.8927764  -0.3943835 ]
CCCCOC(=O)CC(SC(CC(=O)OCCCC)C(=O)OCCCC)C(=O)OCCCC,[-0.14163157  0.7280265   0.1190522  -0.44417617  0.30931017]
CCP(=O)(OC)SC,[-0.3521705  0.8069086 -0.8008494 -1.         0.5968831]
CCN(Cc1cc(C(F)(F)F)ccc1-c1cc(CC(=O)O)ccc1OC)C(=O)NCc1ccccc1,[-0.36010048 -0.17214327 -0.60634905 -0.4930339   0.28253874]
CCCCOP(=O)(O)OCCCC,[ 0.39884502 -0.64349306 -0.74590015 -0.97053814 -0.12237579]
Cc1cnc(C)c(C)n1,[ 0.08868244  0.5547269  -0.70198685 -0.42231926 -0.679526  ]
CCOP(=S)(OCC)OC(=CCl)c1ccc(Cl)cc1Cl,[ 0.14904267 -0.22557859 -1.         -0.23161094 -0.29307038]
Cc1nc(C(F)(F)F)ccc1C(=O)Nc1ccc(Cl)c(-c2ccccn2)c1,[ 0.08246539  0.29731798 -0.9756615  -0.35567054  0.09330758]
N#Cc1cccc(C#N)c1,[ 0.0395123   0.9300187  -0.7014875  -1.         -0.00860103]
CCOC(=O)CCC[Si](C)(OCC)OCC,[ 0.44197512  0.90687853 -1.         -1.          0.0202967 ]
CC(=Cc1ccccc1)C=C1SC(=S)N(CC(=O)O)C1=O,[ 0.39370972  0.83333474 -0.5013075  -0.72501564 -0.37731633]
C[N+](C)(Cc1ccc(NC(=O)c2ccc(Cl)c(Cl)c2)cc1)C1CCOCC1,[-0.8449432   0.84750426 -0.18001203 -0.45428705 -0.52751034]
CC1(C)C(=O)N(CO)C(=O)N1CO,[ 0.28567058  0.71582466 -0.5803966  -0.5535699  -0.4866695 ]
CN(C)Cc1cc(CN(C)C)c(O)c(CN(C)C)c1,[ 0.2940429   0.85079646 -1.         -0.28176534 -0.12607104]
CC1CCCCOC1=O,[ 0.7050095  -0.2347118  -0.24926518 -0.76825243 -0.17747958]
CC(C)(C)CC(=O)Nc1c(F)cc(C(=O)Nc2nccs2)cc1F,[ 0.28011605  0.9279367   0.5395073  -0.54408103  0.30595225]
C#CC(C)(O)C(O)c1ccccc1,[ 0.12407143  0.8042521  -0.7733517  -0.31180376  0.10207471]
C=CCOC(=O)CCCCC,[ 0.12270388  0.72467506  0.08038904  0.75960773 -0.19069129]
CC[C@@]1(O)C(=O)OCc2c1cc1n(c2=O)Cc2cc3c(CN(C)C)c(O)ccc3nc2-1,[-0.42071322  0.6554527  -0.8379362  -0.36748016 -0.30850798]
O=C(NCc1ccc(OC(F)(F)F)cc1)C1c2ccccc2C(=O)N1CCc1ncc(F)cn1,[ 0.21941471  0.67764133 -0.6585324  -0.44435626 -0.626633  ]
CCC(C)OP(=S)(OC)OC,[ 0.11860213  0.8307889  -0.8991317  -0.78740096 -0.5221812 ]
CCNC(=S)NCC,[ 0.5399522   0.88601846 -0.8036801   0.3451041   0.15775454]
C=C(OP(=O)(OC)OC)c1ccc(Cl)cc1Cl,[ 0.0981341   0.88371927 -0.71354115 -0.68917954  0.36167577]
C[S+]([O-])Cc1ccc(C(=O)Nc2ccc(OCCOCCO)nc2C(=O)NCC2CCC2)c2ccccc12,[-0.39604342  0.548227   -1.         -0.52157843 -0.09978911]
OCCNCCOc1ccc(C(=C(c2ccccc2)C(F)(F)F)c2ccccc2)cc1,[ 0.0080467   0.85505235 -0.8928686  -0.38061187  0.26651996]
CN(C)N=Nc1ccc(I)cc1,[-0.27651393 -0.2282417  -0.7019304  -0.9072442  -0.22829245]
CCC(C)C(=O)OC1CCC2(C)C3CC(O)C4C5(O)C(CC42OC13O)C1CN2CC(C)CCC2C(C)(O)C1C(O)C5OC(=O)C(C)(O)CC,[ 0.11758271  0.97367597 -0.3008336  -0.85576266 -0.24190521]
O=C(CSc1nc2c(c(=O)n1-c1ccccc1)SCC2)Nc1ncc(-c2ccccc2)s1,[ 0.5733255   0.70619124 -0.826248   -0.44624507  0.28175312]
CCOc1ccccc1-c1ccc(-c2nc3ccncc3c(O)c2C#N)cc1,[ 0.34292293  0.76424706 -0.960001   -0.509847    0.06351425]
CC#CCC(C)C(O)/C=C/C1C(O)CC2C/C(=C/CCCC(=O)[O-])CC21,[-0.30252722  0.7701174  -0.41384864 -0.36481386  0.02393018]
ClCC(Cl)Cl,[ 0.20775756  0.51869977 -0.79550445 -0.7124396   0.09034248]
O=CNC(N1CCN(C(NC=O)C(Cl)(Cl)Cl)CC1)C(Cl)(Cl)Cl,[ 0.4343392   0.86274606 -0.72114986 -0.71263164 -0.1094628 ]
COc1ccc2c(O[C@@H]3C[C@H]4C(=O)N[C@]5(C(=O)NS(=O)(=O)C6CC6)C[C@H]5/C=C\CCCCN(C)C(=O)[C@@H]4C3)nc(-c3ccc(F)cc3)nc2c1C,[ 0.3358343   0.5952047  -0.7671232  -0.84681165  0.07593939]
CC1CC(=O)NN=C1c1ccc([N-]N=C(C#N)C#N)cc1,[ 0.48576877 -0.09405715 -0.79108363 -0.7051656   0.00179464]
CCOC(=O)c1c(C)cc2c(CO)n[nH]c(=O)c2c1C,[ 0.24649525  0.6504706  -0.49879196 -0.18487328  0.270819  ]
CC1(C)SCN(C(=O)C2(Oc3ccc(Cl)cc3)CCCCC2)C1C(=O)O,[-0.26906243  0.31932354 -0.65918887 -0.7226238  -0.5449812 ]
N#Cc1cc(Br)c(O)c(Br)c1,[ 0.527143    0.801944   -0.6067316  -0.51759917  0.03726359]
CCN(CCO)c1cccc(C)c1,[ 0.15032876  0.64718807 -0.7453623  -0.51702935 -0.14574158]
COP(=S)(OC)Oc1cnc2ccccc2n1,[ 0.5594677   0.8407597  -0.8000194  -0.91683865  0.23826773]
Cc1nccc(-c2ccc(-c3nc4ccncc4c(O)c3C#N)cc2)c1Cl,[ 0.40437186  0.7879144  -0.52640283 -0.6202387   0.01999816]
COc1cc2c3cc1Oc1cc(ccc1O)CC1c4c(cc(OC)c(O)c4Oc4ccc(cc4)CC3[NH+](C)CC2)CC[N+]1(C)C,[ 0.13424064  0.8724209  -0.8022077  -0.60719764  0.11523528]
CC(C(=O)O[C@@H]1CC[N+](C)(C)C1)(c1ccccc1)C1CCCC1,[ 0.10398425 -1.         -0.7516817  -0.5138066   0.01720941]
C=CC(=O)OCC(CC)CCCC,[-0.04319511  0.5776003  -0.75312656 -0.9078535   0.43150958]
Cc1cc(C)c(C)cc1C,[ 0.3294287   0.8744779  -0.92645    -0.69237816 -0.06097452]
Nc1nc2ccc(OC(F)(F)F)cc2s1,[-0.7166462   0.62587655 -0.43695813 -0.55394745  0.6913325 ]
O=C1CC(N2C(=O)c3ccccc3C2=O)C(=O)N1,[-0.09778866  0.1216922  -0.6762697  -0.70771533 -0.71375686]
Cc1cn([C@H]2CCCN(S(=O)(=O)c3ccc(C#N)c(Oc4cccc(Cl)c4)c3)C2)c(=O)[nH]c1=O,[ 0.5160159   0.71242094 -0.05218788 -0.35682267 -0.27719083]
O=[N+]([O-])C(CO)(CO)CO,[ 0.17906894 -0.35896733 -1.         -0.7390194  -0.2915027 ]
CN1c2ccccc2C(NCCCCCCC(=O)[O-])c2ccc(Cl)cc2S1(=O)=O,[-0.6705734   0.86072034 -0.45166385 -0.8630892  -0.15999408]
CCCCOP(=O)(OCCCC)Oc1ccccc1,[ 0.05782465  0.9625392  -0.8080328  -0.9407501  -0.39808118]
CC(O)C1C(=O)N2C(C(=O)[O-])=C(SC3CCS(=O)C3)SC12,[ 0.05190901  0.34746146 -0.75915307 -0.8185905   0.11402308]
O=c1cc(N2CCOCC2)nc2n(Cc3cccc(Cl)c3Cl)ccn12,[ 0.3457262   0.11333111 -0.5687455  -0.17410521  0.35359257]
CC(C)OP(=S)(OC(C)C)SCn1nc(Cl)ccc1=O,[-0.4785385   0.9352441  -0.05846808  0.17545804 -0.1607202 ]
CON=C(Cc1cccnc1)c1ccc(Cl)cc1Cl,[ 0.7951827   0.36800933 -0.69331664 -0.61601835  0.06571012]
CCCCCCCCOC(C)=O,[ 0.25493     0.46163407 -0.8977543  -0.8804114  -0.3088954 ]
CCOC(C)=Cc1oc2ccccc2[n+]1CCCS(=O)(=O)[O-],[ 0.08630866  0.61985666 -0.80829763 -0.6076715   0.907879  ]
N#CSCCSC#N,[-0.0941258   0.7942989  -0.9164963  -1.         -0.50798327]
Cc1onc2c(=O)n(C)nc(-c3ccccc3)c12,[ 0.17136273  0.9224129  -0.90762085 -0.35140914 -0.07059474]
Brc1ccc2[nH]cc(CC3CCNCC3)c2c1,[ 0.01022825  0.8999539  -0.6989992  -0.73676467 -0.36664438]
Nc1nc2[nH]cnc2c(=S)[nH]1,[-0.43559882  0.94153756 -0.8955413  -0.28778818 -0.15515809]
O=[N+]([O-])c1ccc(O)c(CNCCO)c1,[ 0.25093508  0.8072805  -1.         -0.35317764  0.29946008]
CCC(C)(C)C1CCC(=O)CC1,[ 0.5268321   0.6660871  -0.45456806 -0.49860805  0.00919846]
CCOC(=O)c1noc(C)c1C(C)=O,[ 0.56175804 -0.3946067  -0.8519545  -1.         -0.00524424]
Nc1nc(Nc2ccc(S(N)(=O)=O)cc2)nn1C(=O)c1c(F)cccc1F,[ 0.17948808  0.650337   -0.6683229  -0.8745019  -0.26573613]
CCSP(SCC)SCC,[ 0.6225547   0.9401816  -0.17766543 -0.9404911  -0.43720236]
O=[N+]([O-])OCC(O)CO,[ 0.15652296  1.         -0.6335369  -0.5581799  -0.0339457 ]
Cc1ccc2c(c1)c(-c1ccnc3c(C)cccc13)c(C)n2CC(=O)O,[-0.00490929  0.9471296  -0.8203748  -0.7481444  -0.38874704]
COCCN(C(=O)CCl)c1c(C)cccc1C,[-0.02846374  0.24511082 -0.7534853  -0.99217486  0.43021786]
COc1cc2nc(N3CCN(C(=O)c4ccco4)CC3)nc(N)c2cc1OC,[ 0.5300532   0.2921502  -0.82167155 -0.40572363 -0.40423912]
CC(C)(C#N)C(C)(C)C#N,[ 0.1078211   0.88080686 -0.8420172  -0.7997181  -0.26946056]
CCS(=O)CCSP(=O)(OC)OC,[ 0.21369609  0.95507014  0.35696277 -0.3712455   0.49426588]
OCCNCCc1ccccc1,[ 0.12856421  0.85884356 -0.5742761  -0.83397865 -0.45576707]
N#Cc1c(-c2ccc(-c3ccncc3Cl)cc2)nc2ccncc2c1O,[ 0.31892702  0.91970646  0.55060136 -0.27514237 -0.09261731]
O=C(O)COc1ccc(C(=O)CN2CCN(C3CCNCC3)CC2=O)cc1,[ 0.68006176  0.70066315 -0.791651   -0.5934453  -0.1685237 ]
CCCSP(C)(=S)OP(C)(=S)SCCC,[-0.0358772   0.9169538  -0.8530558  -0.9824623  -0.07383049]
C/C=C/c1cc(OC)c2c(c1)C(C)C(c1cc(OC)c(O)c(OC)c1)O2,[ 0.7278401   0.39321595 -0.33472657 -0.8192314   0.10608323]
CCC(CC)n1nc(C)c(C(=O)N[C@@H](C)C(C)(C)C)c1NS(=O)(=O)c1ccc(C)cc1,[ 0.22362536  0.39272025 -0.05504181 -0.46063054 -0.39316136]
N=C(N)N[N+](=O)[O-],[-0.05315906  0.89847213 -0.6208582  -0.55458885 -0.46623278]
Nc1nc(O)c2ncn(COCCO)c2n1,[ 0.711778    0.93325186 -0.5680998  -0.92081946 -0.5130993 ]
Cc1cc(-n2c(C)nc3ccccc3c2=O)n(-c2ccccc2)n1,[ 0.47350836  0.5780697  -1.         -0.57510215 -0.22561325]
CC(CN1CCOCC1)C(C(=O)N1CCCC1)(c1ccccc1)c1ccccc1,[ 0.11117116  0.70899665 -0.9085138  -0.67500865  0.16279167]
C=C(C)c1cccc(C(C)(C)N=C=O)c1,[ 0.2218429   0.8733485  -0.48271817 -0.61910146  0.04051046]
CN1CCN(CCCN2c3ccccc3Sc3ccc(Cl)cc32)CC1,[-0.03860766  0.35671118 -0.55385065 -0.6019226  -0.4747859 ]
Cc1ccc([N+](=O)[O-])cc1,[ 0.33628064  0.49939853 -0.92471355 -0.8803896  -0.00192243]
CC12CCC3c4ccc(O)cc4CC(CCCCCCCCCS(=O)CCCC(F)(F)C(F)(F)F)C3C1CCC2O,[ 0.2611403  -0.10580911 -0.6151847   0.5246409  -0.02346025]
ClC(Cl)(Cl)c1cccc(C(Cl)(Cl)Cl)c1,[ 0.11824143  1.         -0.9389588  -0.97662395 -0.5217726 ]
FCOC(C(F)(F)F)C(F)(F)F,[ 0.04410221  0.5330225  -0.9567336  -0.8394496   0.68741864]
CC(C)N(C(=O)SCC(Cl)=C(Cl)Cl)C(C)C,[ 0.4105559  -0.10728183 -0.63689667 -0.36314267 -0.40728888]
CC1NC(=S)NC1=O,[ 0.08440602  0.8232355  -0.67331225 -1.          0.6118414 ]
CCOP(=S)(Oc1cccc2cccnc12)c1ccccc1,[-0.00617778  1.         -0.7288474  -0.58488655  0.29908198]
CCC1(CC)Oc2cccc(OC(=O)N(C)C(C)=O)c2O1,[ 0.3288717   0.9365226  -0.7819288  -0.8778078   0.55291945]
C=CC(=O)OC1CC2CCC1C2,[-0.10236698  0.7708182  -0.55476147 -0.3041869  -0.11240608]
COC(=O)C1=C(C)NC(C)=C(C(=O)OCCN(C)Cc2ccccc2)C1c1cccc([N+](=O)[O-])c1,[ 0.18525738  0.7829272  -0.7172903  -0.8034567  -0.33851635]
CCCP(=O)(CCC)CCC,[ 0.24498834  0.8390083  -0.7988801  -0.8046212   0.00585426]
C=COC(=O)CCCCCCC,[-0.33573186  0.94279826 -0.75551504 -0.43629858 -0.2189234 ]
CC(C)c1cc(Oc2ccccc2)cc(C(C)C)c1NC(=S)NC(C)(C)C,[ 0.21591787  0.8742413  -0.8333701  -0.5846384  -0.5375625 ]
O=CCCCC=O,[ 0.41442096  0.82352686 -0.31698602 -1.         -0.3406857 ]
N#Cc1ccc(F)c(-c2cc(C(F)(F)F)ccc2OCC(=O)O)c1,[ 0.3560002   0.61774653 -0.8911451  -0.20596506  0.05531099]
CSCCC(OC(C)=O)C(=O)O,[ 0.31389835  0.82449824 -0.78200155 -0.81605434  0.45256484]
CC(=O)OCCOCCOCCOC(C)=O,[ 0.5796039   0.8720239  -0.70945156 -0.9024644   0.00911428]
COc1ccc(NC(=O)CF)cc1,[ 0.5670916   0.8371334  -0.8269611  -0.56481856 -0.04597915]
CCCCC(C)(C)CO,[ 0.3062505   0.9541914  -0.62564814 -0.61210966  0.42874196]
O=C(Nc1ccc(Cl)c(C(=O)Nc2cccnc2)c1)c1cccc(C(F)(F)F)c1,[ 0.17479971  0.94542396 -0.03281977 -0.39515933 -0.5008373 ]
CCCCC(CC)(C(=O)OCC)C(=O)OCCN(CC)CC,[ 0.29484293  0.8280982  -0.97911024 -0.7906526  -0.03489515]
C[Si](C)(Cl)Cl,[ 0.31127948  0.8622574  -0.72382873 -0.92500687 -0.4094307 ]
C#CC1(O)C=CC2C3CCC4=CC(=O)CCC4C3CCC21CC,[-0.18990237  0.51086205 -0.8511042  -0.24147978 -0.12920049]
CCOP(=O)(OCC)N(C)c1ccccc1,[ 0.41637078  0.7945681  -0.8091413   0.35523096 -0.0120904 ]
CNC(=O)/C=C(/c1ccc2nc(N)n(S(=O)(=O)C(C)C)c2c1)c1ccccc1-c1cccc2ccccc12,[-0.14236893  0.85954505 -0.76656944 -0.9430903  -0.18665025]
C[C@@H](O)[C@H]1C(=O)N2C(C(=O)O)=C(SCCNC=N)C[C@H]12,[ 0.37478647  0.5283683  -0.59584725 -0.6747172  -0.23136206]
CCC(C)CCCCC(=O)NC(CCN)C(=O)NC(C(=O)NC(CCN)C(=O)NC1CCNC(=O)C(C(C)O)NC(=O)C(CCN)NC(=O)C(CCN)NC(=O)C(C(C)O)NC(=O)C(CC(C)C)NC(=O)C(CCN)NC1=O)C(C)O,[-0.24395402  0.03561511 -0.8787761  -0.85365593 -0.02685349]
COc1cc(C=CC(N)=O)ccc1O,[ 0.53359133 -0.6465961  -0.76364446 -0.02940152 -0.4931432 ]
C=CCN1CCCC1CNC(=O)c1cc2nn[nH]c2cc1OC,[ 0.550329    0.077303   -0.7647969  -0.64870054  0.353907  ]
FC1(F)CC(C2CC3(Cl)C(Cl)=C(Cl)C2(Cl)C3(Cl)Cl)C1(F)F,[ 0.4507968   0.7878847  -0.81330633 -0.4341487   0.4397768 ]
CNC(=O)Oc1cccc2c1OC(C)(C)O2,[ 0.329695    0.49584267 -0.75283027 -0.7847243   0.2531001 ]
CCCOC(=O)Cc1ccc(OCC(=O)N(CC)CC)c(OC)c1,[-0.7740052   0.8437629  -0.4951015   0.45181793  0.06987666]
CCC(C)N(C)C(=O)c1cc2ccccc2c(-c2ccccc2Cl)n1,[ 0.45871532  1.         -0.73366714 -0.9716722  -0.22823064]
C=C(C)C(=O)OCCOC(=O)C(=C)C,[-0.11676084  0.12221722 -0.47383028 -0.94206357  0.3441973 ]
CCCCOCCOCCCC,[ 0.4525232   0.65883285 -0.89162356 -0.8884239   0.08220066]
O=C(CCCN1CCC(O)(c2cccc(C(F)(F)F)c2)CC1)c1ccc(F)cc1,[-0.08765858  0.80034864 -0.83971244 -0.5577339  -0.06982453]
Cc1cc(-n2cccc2)c(S(C)(=O)=O)cc1C(=O)NC(=N)N,[ 0.43124974  0.72478706 -0.91566294  0.5520668   0.09577071]
CO/N=C(\C(=O)N[C@@H]1C(=O)N2C(C(=O)O)=C(COC(C)=O)CS[C@H]12)c1csc(N)n1,[ 0.39534393  1.         -0.41484755 -0.7462867   0.26836792]
O=C(CN1CCOCC1)NN=Cc1ccc([N+](=O)[O-])o1,[ 0.20851071  0.7724717  -1.         -0.9735443   0.26336142]
CC(=O)OC(C)OC(=O)C(C)c1ccc(-c2ccccc2)c(F)c1,[ 0.2717841   0.8821654  -0.7410173  -0.96986663 -0.41926435]
CN(C)CC/C=C1/c2ccccc2COc2ccc(CC(=O)O)cc21,"[-6.2493840e-04  1.0000000e+00 -4.2795783e-01  2.4690787e-01
 -2.6464966e-01]"
CN,[ 0.38335383  0.32292187 -0.81215596  0.54760355 -0.06664871]
CC(=O)Nc1ccc(C)c(NS(=O)(=O)C(F)(F)F)c1,[-0.04922574 -0.08567549 -0.39552283 -0.57389945 -0.33003527]
CC1CCN(C(=O)CC(Cc2cccc(C(=N)N)c2)NS(=O)(=O)c2ccc3ccccc3c2)CC1,[ 0.2696321   0.80324244 -0.6799442  -0.5027722   0.02052726]
O=C(O)CCCCCC(=O)O,[ 0.33323228  0.6749181  -0.9590159  -0.9533846  -0.550127  ]
C=CC(=O)N(C)C,[ 0.27656984  0.63800275 -0.27384558 -0.5627257  -0.32541564]
CCCc1c(OCc2cccn3c(=O)c(CCC(=O)O)cnc23)ccc(C(C)=O)c1O,[ 0.41315958  0.7630189  -0.3208282  -0.8438045  -0.53667736]
O=NN1CCCCC1,[-0.46882614  1.         -0.9476487  -0.78043723 -0.26737326]
CSCC(NC(=O)COc1cccc2cnccc12)C(=O)NC(Cc1ccccc1)C(O)C(=O)N1CSCC1C(=O)NC(C)(C)C,[ 0.26217014  0.3092705   0.61768234 -0.32150462  0.40049633]
C=C(OP(=O)(OC)OC)P(=O)(OC)OC,[ 0.00690292  0.90232724 -0.7077368   0.2750249   0.4675458 ]
Oc1ccc2c(c1)CCC2,[ 0.215146    0.82360595 -0.6737211  -0.7850343  -0.0828651 ]
O=[N+]([O-])N1CN([N+](=O)[O-])CN([N+](=O)[O-])C1,[ 0.65008134  0.7482637  -0.07520551 -0.5627016  -0.39757857]
NS(=O)(=O)c1cc2c(cc1Cl)NC(C(Cl)Cl)NS2(=O)=O,[ 0.45649385  0.5277872  -0.6267844  -0.5933951  -0.15805843]
C=C(C)CN(CC)c1c([N+](=O)[O-])cc(C(F)(F)F)cc1[N+](=O)[O-],[ 0.26616514  0.847386    0.22048932 -0.08587608 -0.5670061 ]
O=C([O-])CCCc1ccc(N(CCCl)CCCl)cc1,[ 0.07246998  0.9351083  -0.39393303 -0.7681424  -0.4032871 ]
C=C1CC23CC1(O)CCC2C12C=CC(O)C(C)(C(=O)O1)C2C3C(=O)O,[ 0.0951074   0.7336381  -0.7988083  -0.8213885  -0.02068738]
FC(F)(F)c1nc2c(Br)cc(Br)cc2[nH]1,[ 0.13075554  0.8798206  -0.87345254 -0.7052951  -0.41569087]
OCC(O)C(O)C(O)CO,[ 0.57217366  0.89415133 -0.82633185  0.16389063 -0.05568689]
CC1=NN(c2ccccc2)C(=O)C1,[-0.56304204  0.89640963 -0.75339174 -0.7350497  -0.35141295]
COP(=S)(OC)Oc1ccc(C#N)cc1,[ 0.09856904  0.01718686 -0.71638757 -0.613368   -0.09293642]
O=C(Cc1ccc(OCc2ccccc2)cc1)NO,[-0.05920493  0.9127689  -0.9862417  -0.49952146  0.1768272 ]
O=c1c(Cl)c(Cl)cnn1-c1ccccc1,[ 0.18404683  0.96472406 -0.91940325 -0.3114932  -0.22172111]
Cc1cc(Nc2nc(N[C@@H](C)c3ccc(F)cn3)c(C#N)nc2C)n[nH]1,[ 0.03791847  0.49938628 -0.762179   -0.5298369   0.66801345]
CC[C@H](C)[C@H](NC(=O)[C@H](CCC(=O)[O-])NC(=O)[C@H](CCC(=O)[O-])NC(=O)[C@H](Cc1ccccc1)NC(=O)[C@H](CC(=O)[O-])NC(=O)CNC(=O)[C@H](CC(N)=O)NC(=O)CNC(=O)CNC(=O)CNC(=O)CNC(=O)[C@@H]1CCCN1C(=O)[C@H](CCCNC(N)=[NH2+])NC(=O)[C@@H]1CCCN1C(=O)[C@H]([NH3+])Cc1ccccc1)C(=O)N1CCC[C@H]1C(=O)N[C@@H](CCC(=O)[O-])C(=O)N[C@@H](CCC(=O)[O-])C(=O)N[C@@H](Cc1ccc(O)cc1)C(=O)N[C@@H](CC(C)C)C(=O)[O-],[-0.20416002  0.30324435 -0.35536265 -0.6387946  -0.09277045]
CC(=O)CCC(C)=O,[ 0.12262516  0.76031065 -0.6115638  -0.7680578  -0.47555056]
C[C@H](CSN=O)C(=O)N1CCC[C@@H]1C(=O)O,[-0.02758019  0.8286908  -0.9131368  -0.8654212   0.46755606]
COc1ccc(CC2c3cc(OC)c(OC)cc3CCN2C)cc1OC,[ 0.2616141   0.89355826 -0.8256209  -1.          0.03937237]
Cc1cn([C@H]2CCCN([C@H](CC(C)C)c3ccc(C(=O)O)c(Oc4cccc(Cl)c4)c3)C2)c(=O)[nH]c1=O,[ 0.11852276  0.8620173  -0.8061205  -0.81709296 -0.52211595]
COCCOP(=O)(OCCOC)OCCOC,[-0.2505171   0.83116513 -0.50235766 -0.65613437 -0.18388276]
C=C(C)C1CC=C(C)C(O)C1,[ 0.16119258  0.48768228 -0.11906557 -0.90788364  0.28441992]
COC(=O)c1ccccc1N=NN(C)C,[-0.09889927  0.9029505  -0.81103206 -0.6754384  -0.24851903]
O=[N+]([O-])OC1COC2C(O)COC12,[-0.22909816  0.8311781  -1.         -0.9806709  -0.28150013]
COc1cc2nc(N3CCN(C(=O)C4COc5ccccc5O4)CC3)nc(N)c2cc1OC,[-0.13352174  0.8409348  -0.97539973 -0.38412857 -0.5130082 ]
CC(C)(c1ccc(Oc2ccc(N)cc2)cc1)c1ccc(Oc2ccc(N)cc2)cc1,[-0.33110887  0.93409055 -0.08562541 -1.          0.43725583]
Cc1cn([C@H]2CCCN(S(=O)(=O)c3ccc(C(N)=O)c(Oc4cccc(Cl)c4)c3)C2)c(=O)[nH]c1=O,[ 0.10911152  0.66590077 -0.69052756 -0.75591457 -0.25016686]
Cc1ccc(Nc2ccc(Nc3ccc(C)cc3)c3c2C(=O)c2ccccc2C3=O)cc1,[ 0.15591036  0.07486278 -1.         -0.9102237   0.06415612]
Nc1c(CC(=O)[O-])cccc1C(=O)c1ccc(Br)cc1,[ 0.55125886  0.9786451  -0.8320098  -0.89767796 -0.35989833]
CN(C)CC=C(c1ccc(Br)cc1)c1cccnc1,[ 0.09785829  0.8162823  -1.         -0.92849314  0.06512915]
O=C(O)CCCOc1ccc(Cl)cc1Cl,[-0.42277652  0.06712455 -0.98012346 -0.70530427 -0.05795851]
Nc1nc(-c2ccccn2)nc(N)c1Cc1ccc(Cl)cc1Cl,[ 0.02121369  0.923715   -0.85628664 -0.45477062  0.24560502]
CNC(=O)ON=C(C)SCC(=O)N(C)C,[ 0.6020485  -0.06163892 -0.7073037  -0.5956883   0.11352346]
Fc1cc2nc(C(F)(F)F)[nH]c2cc1Cl,[ 0.09501774  0.97404873 -1.         -0.9515188   0.05378136]
CCc1c2c(nc3ccc(O)cc13)-c1cc3c(c(=O)n1C2)COC(=O)[C@]3(O)CC,[-0.09796139  0.8573125  -0.8520456  -0.66414607 -0.13665654]
O=c1cc(-c2ccc(O)cc2)oc2cc(O)cc(O)c12,[-0.25009048  0.78468806 -0.59336764 -1.          0.5857716 ]
Cc1ccc(N=CN(C)SN(C)C=Nc2ccc(C)cc2C)c(C)c1,[ 0.08311403  1.          0.20018515 -0.40646157  0.16623582]
O=c1cc(-c2ccc(O)cc2)oc2cc([O-])c(C3OC(CO)C(O)C(O)C3O)c(O)c12,[ 0.3478607   0.803998   -0.9829465   0.08604163  0.69157314]
CC(C)CCCC1CCC(C)(C(=O)NCC(=O)O)CC1,[ 0.44770965 -0.39571792  0.18772928 -0.7491396  -0.19410639]
COc1cc2c(c3oc(=O)c4c(c13)CCC4=O)C1C=COC1O2,[ 0.24602124  0.829106   -0.6814858  -0.76639867 -0.2984945 ]
CN(C)S(=O)(=O)CCCCCNC(=O)N(CCCl)N=O,[ 0.04286332  0.8178159  -0.4821728  -0.7008145  -0.26376566]
CCC1(CC)C(=O)NCC(C)C1=O,[ 0.02843243 -0.6736453  -0.4183278  -0.50443035  0.46781427]
Cc1cnc(-c2cc(NC(=O)c3ccc(C(F)(F)F)nc3C)ccc2Cl)[nH]1,[ 0.17835404  0.25557703 -0.823581   -0.49183372  0.13608386]
CCCc1nn(C)c2c(=O)[nH]c(-c3cc(S(=O)(=O)N4CCN(C)CC4)ccc3OCC)nc12,[-0.06926687  1.         -0.8408384   0.12817916 -0.17318454]
O=CNc1cc([C@@H](O)CNCCc2ccc(NC[C@H](O)c3ccccc3)cc2)ccc1O,[-0.5158885  -0.3389183  -0.78284067 -0.5937494  -0.3210225 ]
Cc1c(OCC(F)(F)F)ccnc1CS(=O)c1nc2ccccc2[nH]1,[ 0.06723912  1.         -0.98923653 -0.73210615 -0.23387854]
OCCOCCN1CCN(C(c2ccccc2)c2ccc(Cl)cc2)CC1,[ 0.5941668  -0.6315511  -0.4833798  -0.6376627  -0.17294669]
C=C(CC(=O)c1ccc(-c2ccccc2Cl)cc1)C(=O)O,[ 0.6586717   0.71704656 -0.7952913  -0.6200913   0.35186324]
CCC(C)OC(CBr)c1ccc(Cl)cc1,[-0.67051184  0.56408393 -0.8930412  -0.4737444  -0.28104112]
C[N+](C)(C)CC(O)CC(=O)[O-],[ 0.40065867  0.91821486 -0.6404735  -0.8259696  -0.01453437]
CCCCCCOCCOCCO,[-0.05670586 -0.33332628 -0.6442306  -1.          0.2756238 ]
Nc1cccc(N)c1,[ 0.13926147  0.92723167 -0.05070027 -0.5619155   0.06454556]
OC1(c2ccc(Cl)c(C(F)(F)F)c2)CCN(CCCC(c2ccc(F)cc2)c2ccc(F)cc2)CC1,[ 0.08311551  0.8636975  -0.955411   -1.          0.23239072]
O=S(=O)(O)c1ccc2cc(Nc3cccc4c(O)c(S(=O)(=O)O)ccc34)ccc2c1O,[ 0.7890233  -0.74808383 -0.68847215 -0.1537323   0.02845314]
CC(C)c1cccc(C(C)C)c1O,[ 0.28461727 -0.94849247 -0.33211187 -1.          0.05750341]
CC(C)(O)c1ccccc1,[ 0.2753145   0.8491671  -0.78181183  0.317969   -0.19665055]
CC(=O)CCCCCCCC(=O)O,[ 0.31868586  0.7480817  -0.9865699  -0.5545996  -0.1849523 ]
O=NN(c1ccccc1)c1ccccc1,[-0.4885963   0.95286536 -0.4775614  -0.76026964  0.6039821 ]
CN[C@H](CC(C)C)C(=O)N[C@H]1C(=O)N[C@@H](CC(N)=O)C(=O)N[C@H]2C(=O)N[C@H]3C(=O)N[C@H](C(=O)N[C@H](C(=O)O)c4cc(O)cc(O)c4-c4cc3ccc4O)[C@H](O)c3ccc(c(Cl)c3)Oc3cc2cc(c3O[C@@H]2O[C@H](CO)[C@@H](O)[C@H](O)[C@H]2O[C@H]2C[C@](C)(N)[C@H](O)[C@H](C)O2)Oc2ccc(cc2Cl)[C@H]1O,[ 0.13814615  0.7912451  -0.6736606  -0.4655727   0.24402402]
CC(C(=O)O)c1ccc(CC2CCCC2=O)cc1,[ 0.28170905  0.60637945 -0.90584934 -0.5841131  -0.55479145]
O=C(Cc1cccs1)N[C@@H]1C(=O)N2C(C(=O)[O-])=C(C[n+]3ccccc3)CS[C@H]12,[ 0.5621666   0.70881176 -0.9186017  -0.5033135   0.43292594]
CCC(=O)NCCC1CCc2ccc3c(c21)CCO3,[ 0.09701853  0.43674085 -0.835257   -0.5113976   0.487705  ]
COP(=S)(OC)SCc1nnc(SC)s1,[ 0.09575804  0.8509879  -0.14291781 -0.6198338   0.3313107 ]
CN(C)c1ccc(C(O)(c2ccc(N(C)C)cc2)c2ccc(N(C)C)cc2)cc1,[-0.04362124 -0.16047317 -0.6379723  -0.06727285 -0.07670626]
Cc1cccc2sc3nncn3c12,[ 0.4088112   0.79860324 -0.7604414  -0.15138677 -0.34702158]
COC(=O)C(C)NP(=O)(OC[C@@H]1C=C[C@H](n2cc(C)c(=O)[nH]c2=O)O1)Oc1ccc(I)cc1,[ 0.20157802 -0.02075977 -1.         -1.          0.2650328 ]
CC(CC(=O)OC(C)(C)C)NC(=O)C1=NOC(C(O)(C(F)(F)F)C(F)(F)F)C1,[ 0.38866985  0.66528994 -0.81456375 -0.3831811   0.23235457]
CC1=C(CC(=O)O)c2cc(F)ccc2C1=Cc1ccc(S(C)=O)cc1,[ 0.01315909 -0.24759342 -0.8475323   0.40842596 -0.15133329]
Nc1cc(Cl)ccc1O,[ 0.35330763  0.8724187   0.5022331  -0.86886704 -0.02785388]
Cc1c(Sc2ccc(Cl)cc2)c2c(S(C)(=O)=O)cccc2n1CC(=O)O,[-0.397938    0.7907721  -0.91442037 -0.7054175  -0.31954908]
S=C=NCCN=C=S,[ 0.09381755  0.8326992  -0.32688013 -0.65515625 -0.40109205]
CCC(C)c1ccccc1,[ 0.03892555  0.7341693  -0.90559584  0.15759318 -0.37443155]
C=CC1=C(C)/C(=C\c2[nH]c(Cc3[nH]c(/C=C4/NC(=O)C(C)=C4C=C)c(C)c3CCC(=O)O)c(CCC(=O)O)c2C)NC1=O,[-0.36383733  0.84514046  0.06602524 -0.5684934  -0.2052513 ]
COC(=O)C1=C(C)NC(C)=C(C(=O)OCCN(C)Cc2ccccc2)C1c1cccc(N(O)O)c1,[ 0.01401455  0.8577649  -0.02299292 -0.988022   -0.2963002 ]
COc1cc2ncnc(Nc3ccc(F)c(Cl)c3)c2cc1NC(=O)/C=C/CN1CCCCC1,[ 0.20014408  0.94819444 -0.77726287 -0.9474184  -0.5428726 ]
CCN1C(=O)C=CC1=O,[ 0.04251717  0.5063255  -0.89756185 -0.6343328   0.03470943]
CC(O)COC(C)CP(CC(C)OCC(C)O)CC(C)OCC(C)O,[-0.0777223   0.73948073 -0.75604916 -0.776676    0.1403021 ]
COc1c(Cl)ccc(Cl)c1C(=O)OCCN(CCOC(=O)c1c(Cl)ccc(Cl)c1OC)c1ccccc1,[ 0.06507072  0.8561358  -0.84943604 -1.          0.16584373]
Clc1ccc(Cl)c(Cl)c1,[-0.43917692  0.91445994 -1.         -1.          0.2186208 ]
CCNC(=O)CSP(=S)(OC)OC,[ 0.4104132   0.86833215 -0.6978039  -0.8012525  -0.16506568]
CNC(=O)ON=C1CCCC1(C)C#N,[ 0.21124446  0.86104876 -1.         -0.75085145 -0.3326217 ]
O=c1[nH]c(=O)c2ccccc2o1,[ 0.32956856  0.8435757  -0.48343775 -0.5972329  -0.13211828]
CCN(CC)c1ccc(-c2nc(=O)n(C)nc2-c2ccc(N(CC)CC)cc2)cc1,[-0.04387752 -0.14789309 -1.         -0.28603053 -0.0584028 ]
CCCCCCCCCCCC(=O)OCC(O)C1OCC(O)C1O,[ 0.33914953  0.6492893  -0.73261446 -0.80197036 -0.07211973]
CCOP(=S)(OCC)SCC(=O)N(CCC#N)c1ccccc1,[ 0.29849043  1.         -0.8517064  -0.76586086  0.27767935]
O=C1C2CC3C1C1(Cl)C(Cl)C4(Cl)C2C3C1(Cl)C4(Cl)Cl,[ 0.5050777   0.8393747  -0.8278335  -0.505694    0.06314836]
C#CC(C)(C)NC(=O)c1cc(Cl)cc(Cl)c1,[-0.08779301  0.84847146 -0.47429863 -0.731829   -0.5194262 ]
CCCCCCCCC1OC1CCCCCCCC(=O)OCC1(CC)OC1CCC,[ 0.18022503 -0.5823061  -0.7081712  -0.5243126  -0.07645777]
Cc1cc(OC(=O)N(C)C)n(C(C)C)n1,[-0.40170094  0.8095969  -0.4692935   0.28252408  0.00458206]
COc1ccc(-c2cc(=O)c3ccc(OC)cc3o2)cc1,[ 0.29101348  0.7106356  -0.81274134 -0.26205277  0.3458787 ]
COc1cc2c(cc1OC)C1CC(=O)C(CCC#N)CN1CC2,[-0.09192336  1.         -0.6216813  -1.          0.6497626 ]
CCC(=O)Nc1ccc2[nH]c(C(F)(F)F)nc2c1,[ 0.340722    0.662537   -1.         -0.598906   -0.20508906]
O=C(NCC12CC3CC(CC(C3)C1)C2)c1cc(-n2ncc(=O)[nH]c2=O)ccc1Cl,[ 0.2736394  -0.04514296 -0.5586725  -0.56980455  0.01571093]
OCCOc1cc(Cl)c(Cl)cc1Cl,[-0.38968438  0.8527655  -0.64946616 -0.38042957 -0.03437764]
CCCN(CCC)c1c([N+](=O)[O-])cc(C(C)C)cc1[N+](=O)[O-],[-0.12019696  0.90952396 -0.7792195  -0.85166025 -0.4023931 ]
CC1CN(C2CCCCCCCCCCC2)CC(C)O1,[ 0.5635722   0.7585054  -0.7989348  -0.08903979 -0.30630997]
Clc1nc(Cl)nc(Cl)n1,[-0.20673028 -0.06676748 -0.8023866  -0.7324791   0.11213838]
Cc1cccc(C)c1CCNC(N)=O,[ 0.02693588  1.         -0.8093581  -0.63926107 -0.44804072]
COC(=O)C(C)N(C(=O)Cc1ccccc1)c1c(C)cccc1C,[-0.02813224  0.07071016 -0.7720825  -0.85116875  0.26757762]
O=CCc1ccccc1,[ 0.0549341  -0.05757488 -0.8172129   0.48586783 -0.08340084]
CCCCCc1ccccc1O,[ 0.33466586  0.2535383  -0.8985638  -0.6253968  -0.5174136 ]
Clc1cccc([Si]23OCCN(CCO2)CCO3)c1,[ 0.45312887  0.9094742  -0.71857905 -0.786331   -0.26740447]
Nc1c(Cl)c(Cl)c2[nH]c(C(F)(F)F)nc2c1Cl,[ 0.25176555  0.5945016  -0.47809517 -0.9071404   0.20996855]
CN(C)C(=O)N(C)N=O,[ 0.27905902  0.6514465  -0.6597165  -1.         -0.08239653]
CC(C)CN,[-0.4209313   1.         -0.840754   -0.7814096   0.06850676]
O=C1C(Cc2ccccc2)C(=O)N(c2ccccc2)N1c1ccccc1,[ 0.7067227   0.93368804 -1.         -0.86508155 -0.18125471]
Clc1ccc(C2(Cn3cncn3)OCCO2)c(Cl)c1,[-0.17215066  0.7006381  -0.35675797 -0.3837565   0.17508195]
CCOc1ccccc1C(=O)NN=C(C)C(=O)O,[-0.03740003  0.94207925 -1.         -0.7203599  -0.15908532]
CC(=O)OCc1ccc(C(C)C)cc1,[-0.11437285  1.         -0.7975969  -1.         -0.3647607 ]
CN1CCN2c3ncccc3Cc3ccccc3C2C1,[ 0.20299666  0.9880198  -0.47710606 -0.8257686  -0.59874165]
CCCCN(N=O)C(N)=O,[ 0.48245224  0.58053124 -0.6492721  -0.8685964  -0.51410156]
CC(=S)NC[C@H]1CN(c2ccc(-c3nnc(CNS(C)(=O)=O)s3)c(F)c2)C(=O)O1,[ 0.6518888   0.9456656  -0.9417109  -0.44510823 -0.43122244]
COc1cc(C2c3cc4c(cc3C(OC3OC5COC(C)OC5C(O)C3O)C3COC(=O)C23)OCO4)cc(OC)c1O,[-0.2960062   0.96821207 -0.48614022  0.22665901  0.15933624]
CC(O)C#N,[-0.5601381  -0.37499493 -0.3829325  -0.67256933  0.15305704]
CNC(=O)c1c(I)c(NC(C)=O)c(I)c(C(=O)[O-])c1I,[ 0.09947404  0.9403727  -0.55827504 -0.68935376 -0.47223127]
O=C1NC(=O)C(c2ccccc2)(c2ccccc2)C(=O)N1,[ 0.5952457   0.25016245 -0.8277072  -0.71847105 -0.04355836]
CCCCSCCCC,[ 0.30254838  0.83104765 -0.8106606  -0.9963539   0.2643267 ]
CN=C=S,[ 0.32809615  0.46172    -0.8148907  -0.17315957  0.4551997 ]
O=C(Cl)c1cccc(C(=O)Cl)c1,[ 0.37669516  0.7942076  -0.22746015 -0.3027651  -0.07027315]
CC[C@H](C)C(=O)O[C@H]1C[C@H](O)C=C2C=C[C@H](C)[C@H](CC[C@@H](O)C[C@@H](O)CC(=O)O)[C@H]21,[-0.15146376  0.77234834 -0.662399   -0.7850885   0.6659213 ]
CCOC(=O)C(C)Oc1ccc(Oc2nc3ccc(Cl)cc3s2)cc1,[-0.07467632  0.4436579  -0.5340821  -1.         -0.1375605 ]
O=C(Oc1ccccc1)n1c(C(F)(F)F)nc2cc(Cl)c(Cl)cc21,[ 0.51508564  0.47382066 -0.7106672   0.29278842 -0.30785826]
C=CCI,[ 0.26209727  0.07467141 -0.5121387   0.2939398   0.24220541]
CC(=O)OO,[-0.22575049  0.58699316 -0.4622466  -0.72034055 -0.08464959]
c1ccc(C2CO2)cc1,[-0.6362943   0.7299602  -0.34010264 -0.18563527  0.31521723]
CCOP(=S)(OCC)Oc1ccc([N+](=O)[O-])c(C)c1,[ 0.6011989   0.8278533  -0.83473045  0.03405293  0.31794217]
Nc1ccc(O)c([N+](=O)[O-])c1,[-0.72206175  0.7732156  -0.8363566  -0.69953865  0.11546433]
CN(C)C(=O)Oc1cccc2sccc12,[ 0.08712741  0.25157502 -0.5600556  -0.47628343  0.1223578 ]
Clc1ccc(N2N=NC3C4CC(C5N=NC45)C32)cc1,[ 0.30677155  0.8431216  -1.         -0.7247985  -0.36509648]
CC1[NH2+]Cc2cc(-c3ccc4c(=O)c(C(=O)[O-])cn(C5CC5)c4c3OC(F)F)ccc21,[-0.06189176  0.81678957 -0.67117685 -0.8363887  -0.2926236 ]
[NH3+]CC1CCC(C(=O)[O-])CC1,[-0.02239827  0.70635825 -0.40721697 -0.30403247 -0.02211393]
COCc1ccc2c(C(C(=O)NS(=O)(=O)c3ccc(C)cc3OC)c3ccc4c(c3)OCO4)cn(C)c2c1,[ 0.0338368   0.9035413   0.69707984 -0.7426797  -0.11996603]
c1cc(-c2ccc3nc(Nc4ccc(OCCN5CCCC5)cc4)ncc3c2)ccn1,[-0.47181663  0.11797582 -0.7340354  -0.70122045 -0.31643456]
COP1(=S)OCc2ccccc2O1,[-0.03654648  0.39309946 -0.5444521  -0.753416   -0.16371728]
CCCc1nnc(CSP(=S)(OCC)OCC)o1,[ 0.5287207   0.9094576  -0.3221558  -0.40865225 -0.1629066 ]
C[NH2+]C(C)C1CCC(N)C(OC2C(N)CC(N)C(OC3OCC(C)(O)C([NH2+]C)C3O)C2O)O1,[-0.02411345  0.7794235  -0.68883336 -0.4752854  -0.26318136]
Cn1c(COP(=O)(NCCBr)NCCBr)cnc1[N+](=O)[O-],[ 0.2008586   0.9430368  -1.         -0.58655906  0.11251642]
CN(CCO)Cc1cc(C(=O)c2cccs2)cc(C(C)(C)C)c1O,[-1.          1.         -0.92648166 -0.7662207   0.09465259]
CC(C)C(CCC(C)C1CCC2C3C(O)CC4CC(NCCC[NH2+]CCCC[NH3+])CCC4(C)C3CCC12C)OS(=O)(=O)[O-],[ 0.11973352  0.9975706  -0.8669276  -1.         -0.13500255]
CC(C)Oc1ccc2c(=O)c(-c3ccccc3)coc2c1,[ 0.02894889  0.96303326 -0.6880064  -0.75488615  0.05235243]
Cc1ccc(N=C=O)cc1N=C=O,[-0.02003765  0.12377799 -0.5932671  -1.         -0.13735783]
C=CC(=O)OCCOC(=O)c1ccc(C(=O)O)cc1C(=O)O,[ 0.5634693   0.19360244  0.3893613  -0.22849628 -0.20930152]
OC(CCN1CCCC1)(c1ccccc1)C1CCCCC1,[ 0.13720451  0.94705015 -0.5404922  -0.5733919  -0.11787956]
c1ccc2sc(SNC3CCCCC3)nc2c1,[ 0.14870162  0.7925886  -0.8190994  -0.6079106  -0.51114875]
CNC(=O)ON=C(C)SCC(N)=O,[-0.18554169 -0.1997322  -0.06014911 -0.9773318  -0.41031507]
Cc1cc(Nc2nc(N[C@@H](C)c3ccc(F)cn3)c(C#N)cc2Cl)n[nH]1,[ 0.3103817   0.6929234  -0.8417216  -0.03484487 -0.32123202]
CN1[C@@H]2CC[C@@H]1CC(OC(=O)C(CO)c1ccccc1)C2,[ 0.51448727  0.88052213 -1.         -0.32984555 -0.33741736]
CCCCCCCC(=O)N[C@@H](CCN)C(=O)N[C@H](C(=O)N[C@@H](CCN)C(=O)N[C@H]1CCNC(=O)[C@H]([C@@H](C)O)NC(=O)[C@H](C)NC(=O)[C@H](CCN)NC(=O)[C@H](CC(C)C)NC(=O)[C@@H](Cc2ccccc2)NC(=O)[C@H](CCN)NC1=O)[C@@H](C)O,[ 0.3648264   0.6379474  -0.91765976 -0.88362944 -0.26292005]
C[C@@H](NC1=CC(=O)CC1)c1ccc(Nc2ncc3cc(-c4ccncc4)ccc3n2)cc1,[ 0.23147018  0.32774308 -0.7100375  -0.7319301  -0.40525714]
C[Si](C)(C)CCCC(=O)O,[-0.24529931  0.800007   -1.         -0.6507446   0.1607326 ]
COc1cc2ncc(C(N)=O)c(Nc3ccc(C)cc3F)c2cc1OC,[ 0.43378618  0.745527   -0.68551046 -0.543241   -0.14870185]
O=[N+]([O-])c1ccccc1Cl,[ 0.35358137  0.7492635  -0.8350195  -0.6269368   0.21521921]
CCC(CC)(C(=O)O)c1cccc2ccccc12,[-0.05463214  0.8633183  -0.8762546  -0.9279078  -0.22931771]
C1C[SiH2]C1,[ 0.26005942  0.47830477 -0.59864324 -1.         -0.10175472]
CCCOP(=O)(OC=C(Cl)Cl)OCCCl,[ 0.21283694  0.08536106 -0.6542591  -0.59536666  0.1861162 ]
O=C1OCC2C1C1(Cl)C(Cl)=C(Cl)C2(Cl)C1(Cl)Cl,[ 0.5545029   0.8298081  -0.9952244  -0.66131574 -0.7093609 ]
C[C@H](Cn1cnc2c(N)ncnc21)OCP(=O)(O)O,[ 0.4123196 -0.269877  -0.571747  -0.5799461  0.1408834]
COc1ccc(CC2NCC(O)C2OC(C)=O)cc1,[ 0.07209443  0.37738708 -0.6751389  -0.34247324  0.22374086]
O=CC=CC1CO1,[ 0.3919592   0.79235846 -0.87824357 -0.8945267   0.07726618]
C=C(C)C(=O)OCCCC,[-0.02976788  0.93040854 -0.83284503 -0.97970927  0.72162557]
O=C(C(F)(F)Cl)C(F)(F)Cl,[ 0.02528927  0.90391713 -0.92706794 -0.613772    0.6869476 ]
CC(=O)N[C@H](Cc1ccc2ccccc2c1)C(=O)N[C@H](Cc1ccc(Cl)cc1)C(=O)N[C@H](Cc1cccnc1)C(=O)N[C@@H](CO)C(=O)N[C@@H](Cc1ccc(O)cc1)C(=O)N[C@H](CCCNC(N)=O)C(=O)N[C@@H](CC(C)C)C(=O)N[C@@H](CCCNC(=N)N)C(=O)N1CCC[C@H]1C(=O)N[C@H](C)C(N)=O,[-0.03410283  0.8896958  -0.6863558  -0.8835242  -0.17594297]
CCN1CCCC1CNC(=O)c1cc(S(N)(=O)=O)ccc1OC,[-0.7771674   0.65135735 -0.51592493 -0.7019178   0.6942967 ]
Nc1ccn([C@@H]2O[C@H](CO)[C@@H](O)C2(F)F)c(=O)n1,[-0.3453957   0.8972052  -0.4539301  -0.59393275  0.09011241]
Cn1cnc(S(=O)(=O)N(CCN(Cc2cncn2C)c2ccc(C#N)cc2)Cc2ccccc2)c1,[ 0.12285828  0.7264943  -1.         -0.67761403 -0.30471852]
C=CCNC(=S)Nc1ccccc1,[-0.01057527 -1.         -0.72244686 -0.3116153   0.03315949]
N#CCCCCC#N,[-0.2533624   0.7812342  -0.7696622  -0.6545915  -0.46361795]
CC(O)C(=O)Nc1c(I)c(C(=O)NC(CO)CO)c(I)c(C(=O)NC(CO)CO)c1I,[ 0.2539088   0.52797675  0.61645097 -0.36573488 -0.385799  ]
CC(=O)NC(CS)C(=O)[O-],[ 0.47275996 -0.423297   -0.58097816 -0.5224301   0.01020159]
COCCOCc1ccccc1,[ 0.36716443  0.8076834  -0.91040087 -0.5320898   0.01293814]
Cc1cncc(C)n1,[ 0.5553033  0.7502706 -0.7935611 -1.        -0.6629348]
Cc1cc(=O)cc(-c2ccccc2)o1,[ 0.19035903  0.6893599  -0.67268234 -0.7024245  -0.04437057]
S=C1NCCC(COc2ccccc2)O1,[-0.14077668  0.4921244  -1.         -1.          0.4440904 ]
OCCN(CCO)CCO,[-0.44191846  0.7237931  -0.49434638 -0.553863   -0.28500825]
O=C(CF)Nc1ccccc1,[-0.732531   0.9826422 -0.8474982 -0.9355472  0.1918415]
Cc1cccc(C)c1O,[ 0.13515097  0.24782299 -1.          0.2090448  -0.14202763]
Cc1nc(N)nc(N)c1-c1ccc(Br)cc1,[-0.17793235  0.94332886 -0.8595415  -0.806491   -0.1495373 ]
O=[N+]([O-])c1cc(Cl)c2nc(C(F)(F)F)[nH]c2c1,[ 0.28407595  0.8423741  -0.8022105  -0.98177904 -0.22292395]
CS(=O)(=O)c1nc(-c2ccc(F)cc2)n(-c2ccc(Cl)cc2)n1,[ 0.05049688  0.8295762  -0.95777947 -0.94169533 -0.23205005]
C1=CCC(C2OCC3(CC=CCC3)CO2)CC1,[-0.5757697   0.45065632 -0.6791711  -0.05311655  0.03842888]
CC(=O)OC12COC1CC(O)C1(C)C(=O)C(O)C3=C(C)C(OC(=O)C(O)C(NC(=O)OC(C)(C)C)c4ccccc4)CC(O)(C(OC(=O)c4ccccc4)C21)C3(C)C,[-0.07722004  0.544375   -0.6664103  -0.79489785 -0.11187882]
C[C@H](CO)Nc1nc(SCc2cccc(F)c2F)nc2[nH]c(=O)cnc12,[ 0.3067275   0.8250721  -0.6869402  -0.54678565  0.13745196]
CC(=O)OC(C)(C)C1CC=C(C)CC1,[ 0.3398909   0.8163312  -0.56240684 -0.35639578 -0.04932941]
CN1CCCCC1CCN1c2ccccc2Sc2ccc(S(C)=O)cc21,[ 0.27205822  0.7287548  -0.79054683 -0.8497252  -0.23617058]
O=C(CO)N1CCC(c2[nH]nc(-c3ccc(Cl)cc3F)c2-c2ccncn2)CC1,[ 0.17809035  0.48318234  0.56214637 -0.6641501   0.27637714]
CCC(C(=O)O)c1ccc(CC(C)C)cc1,[ 0.4100798   0.7153849  -0.8869973  -0.74536836 -0.04110558]
Cc1ccc(N2CC(COc3ccc(-c4noc(C)n4)cc3)C2)nn1,[-0.09464341  0.5746575  -0.52412236 -0.90459156 -0.01814594]
CCOc1cc(OCC)c(C(=O)CCC(=O)O)cc1OCC,[ 0.06241818  0.8909849  -0.74019927 -0.8290101  -0.49056092]
CC(C)(C)c1cc(CCC(=O)OCCSCCOC(=O)CCc2cc(C(C)(C)C)c(O)c(C(C)(C)C)c2)cc(C(C)(C)C)c1O,[ 0.4708904   0.81807333 -1.         -0.98032176  0.1317494 ]
CCOC(=O)COC(=O)c1cc(Oc2ccc(C(F)(F)F)cc2Cl)ccc1[N+](=O)[O-],[ 0.09435544 -0.5818809  -0.47501257 -0.83513695 -0.1543936 ]
CC(C)(C)NC(=O)NCCN1CCCC(NC(=O)c2cc(Cl)cc(Cl)c2)C1,[ 0.4310894   0.47071746 -0.11028315 -0.2639479   0.00426675]
Cc1cnc(NC(=O)C2=C(O)c3ccccc3S(=O)(=O)N2C)s1,[ 0.1665463  -0.13786599 -1.         -0.8606307  -0.35127392]
CC(C)=C1CCC(C)CC1=O,[ 0.33951908  0.85962147 -0.97387064 -0.37182087  0.18019989]
CN(C)S(=O)(=O)N(SC(F)(Cl)Cl)c1ccccc1,[ 0.32679772 -0.9169625  -0.6387691  -0.19216166  0.2694753 ]
CC(C)=CCN1CCC2(C)c3cc(O)ccc3CC1C2C,[ 0.27344495  0.91448873 -0.69863296 -1.          0.18341866]
Nc1ccc([N+](=O)[O-])cc1N,[ 0.2854666   0.4921364  -0.76525897 -0.44364092 -0.04380898]
CC(=O)C1(O)Cc2c(O)c3c(c(O)c2C(OC2CC(N4CC4)C(OS(C)(=O)=O)C(C)O2)C1)C(=O)c1ccccc1C3=O,[ 0.14712194  0.9940021  -0.7653933  -0.37833622 -0.33843353]
CC(=O)N(C)c1ccc2ccn(-c3cc(NC4CC4)n4ncc(C#N)c4n3)c2c1,[ 0.07993367 -0.24339117 -0.9184716  -0.48775855 -0.04469744]
CCc1nc2cc(O)ccc2c(Oc2ccc(/C=C/C(=O)O)cc2)c1-c1ccccc1,[ 0.00615863  0.8326505  -1.         -0.65654397  0.12462651]
COc1cc(OC)c(S(=O)(=O)N2c3ccccc3CCC2C)cc1NC(=O)CSCC(=O)O,[-0.05551909  0.83252054 -0.5654987  -0.87406224  0.11518159]
CN(C)NC(=O)CCC(=O)O,[-0.06972203  0.30956283 -0.7358664  -0.40914768 -0.10292571]
CC(C)=CCCC(C)=CCCC(=CCCC(C)=CCO)CO,[ 0.23296668  0.23169234 -0.48486555 -0.6634868  -0.05817938]
CN(C)N=Nc1nc[nH]c1C(N)=O,[-0.09921274 -0.15169093 -0.48410046 -0.4316322   0.49163988]
CC(C)C1NC(=O)c2ccccc2O1,[ 0.1732602   0.83315027 -0.8987604  -0.6604584  -0.291167  ]
CCCCCCCCCCCCCCCCCC(=O)Cl,[ 0.5148292   0.79834086 -0.69691396 -0.8152031  -0.29724467]
C=CC(=O)OCCCCCCOC(=O)C=C,[-0.41621238  0.7142648  -0.3029711  -0.9809736   0.01188682]
C=CCN(C(=O)Cn1nc(C)ccc1=O)C(C)Cc1ccccc1,[ 0.2356077   0.7338193  -0.75839347 -0.9632441  -0.21188807]
COC1CCC=CO1,[-0.3263109   0.88565886 -0.26140258 -0.41124994  0.08211534]
C=CCC1/C=C(\C)CC(C)CC(OC)C2OC(O)(C(=O)C(=O)N3CCCCC3C(=O)OC(/C(C)=C/C3CCC(O)C(OC)C3)C(C)C(O)CC1=O)C(C)CC2OC,[ 0.45843577  0.41285825 -0.64615107 -0.76044124 -0.34056202]
COCCNC(=O)c1ccc(Nc2ncc3cc(-c4ccncc4)ccc3n2)cc1C,[ 0.1664064  -0.45668572 -0.3644716  -0.67870545  0.43423244]
O=P(OCCCl)(OCCCl)OC1CC(C(Br)CBr)CCC1Cl,[ 0.32904702  0.6668852  -0.85641074 -0.9295922  -0.03137155]
COP(=S)(OC)SCc1nnc(C(C)C)o1,[ 0.08475254  0.8472773  -1.         -0.67393404 -0.11207005]
CNC(=O)ON=C(C)SC,[-0.331937    0.8526447  -0.9932264  -1.          0.14083512]
FC(F)(F)c1nc2c(Cl)c(Cl)cc(Cl)c2[nH]1,[ 0.09650578  0.6077182  -0.6339126  -0.70084983 -0.48973888]
CCCCC(CC)C(=O)OC1=C(c2c(C)cc(C)cc2C)C(=O)c2ccccc21,[ 0.35410976  0.95266116 -0.76998216 -0.7015774  -0.34952462]
O=[N+]([O-])c1cc(C2CCCCC2)c(O)c([N+](=O)[O-])c1,[ 0.38667735  0.5852039  -0.2898326  -0.83478725 -0.06330819]
Nc1nc(O)c(Cl)c(-c2ccccc2)n1,[-0.7158557   0.8021393  -1.         -0.69388515  0.04334351]
CN(SSC(C)(C)C)C(=O)ON=C1SCCS1,[ 0.3368145   0.70719254 -0.73959285  0.36931714 -0.48142493]
Nn1cnc2cc3ccccc3cc2c1=O,[-0.02283921  0.6754804   0.47140095 -0.4375316  -0.1597202 ]
O=C(Cl)C=CC(=O)Cl,[ 0.34935975  0.8418304  -0.85543525 -0.20871283 -0.06951153]
Nc1nc2c(Cc3cccnc3)c[nH]c2c(=O)[nH]1,[ 0.15786907  1.         -0.80301464 -0.6360373  -0.25179958]
Cc1ccccc1COC1CC2(C(C)C)CCC1(C)O2,[-0.11357854  0.09398962 -0.9134133  -0.86480725  0.04517729]
CCN(CC)c1ccc2c(C)cc(=O)oc2c1,[ 0.67516583 -0.23570047 -0.29694614 -0.7238726   0.32307893]
CC(=O)N(C)C,[ 0.4684467   0.8892709  -1.         -0.72758615  0.5674028 ]
O=C(CCl)OC1=C(OC(=O)CCl)C(=O)OC1=O,[-0.01481084  0.6705152  -0.3161819  -1.         -0.14396775]
COc1c(OP(=S)(OCC(C)C)OCC(C)C)cnn(C)c1=O,[ 0.23015128  0.33468744 -0.820054   -0.5318908   0.27441597]
CCC(=O)N(c1ccccc1)C1CC[NH+](CCc2ccccc2)CC1,[-0.1403787  -0.42936796 -0.7749833  -0.52249587 -0.08126507]
CO[Si](CCCOCC1CO1)(OC)OC,[-0.30576518  0.8469719  -0.56019783 -0.6263512  -0.19579653]
CCCSP(C)(=S)SC(CC(=O)OCC)C(=O)OCC,[-0.3275043   0.99730253 -0.6743299  -0.75231695 -0.0880581 ]
O=c1[nH]c2c(O)ccc([C@@H](O)CNCCSCCCNCCc3cccc(Cl)c3Cl)c2s1,[ 0.40685144  0.66182315 -0.7545063   0.42749962 -0.2592448 ]
O=C(O)c1ccccc1C(=O)Nc1cccc2ccccc12,[-0.24090774  0.40645537 -0.86836946 -0.67546797 -0.08170669]
COc1nccnc1NS(=O)(=O)c1ccc(N)cc1,[ 0.5252147   0.84892344 -1.         -0.44853064 -0.14443886]
OCCOCCCl,[-0.0074091  -0.24101093 -0.79684675 -0.8221279  -0.10635868]
CN(C)CCCNCCCN(C)C,[ 0.54449284 -0.23006672 -0.91816413  0.3094482   0.46831888]
Cc1onc2c(=O)[nH]nc(-c3ccccc3)c12,[ 0.11504441  0.58026814 -0.75644886 -1.          0.387935  ]
CCC(C)C(CC)C(N)=O,[-0.18421099  1.          0.43388695 -0.77269     0.56883585]
COc1ccc(-c2nc3c(NCCCNC(C)=O)c(Br)cnc3[nH]2)cc1,[-0.06422     0.89281356 -0.8003848  -0.48327616 -0.18624341]
CCOC(=O)CCN(SN(C)C(=O)Oc1cccc2c1OC(C)(C)C2)C(C)C,[-0.48071107  0.84926206 -0.6969586  -0.75294787 -0.11682576]
CSc1ccc(C(=O)c2[nH]c(=O)[nH]c2C)cc1,[ 0.39393848  0.8796485  -0.76703787 -0.8766233  -0.09562501]
Cc1c(CN2CCOC(c3ccccc3)C2C)c(=O)n(-c2ccccc2)n1C,[ 0.24203996  0.70086324 -0.85644203 -0.7651966  -0.05835434]
COc1ccc(C(=O)Nc2ccccc2CCC2CCCCN2C)cc1,[ 0.542284   0.8841279 -0.6896035 -0.9778718  0.9374099]
COc1ccccc1Oc1c([N-]S(=O)(=O)c2ccc(C(C)C)cn2)nc(-c2ccnc(-c3nnn[n-]3)c2)nc1OCCO,[ 0.18933561  0.13609141 -0.40251464 -0.26137128 -0.46141613]
O=C1CCc2ccccc2O1,[ 0.18466984 -0.18909343 -0.58784825 -0.4281753   0.6813201 ]
CCCCCCCCCCOc1c(OC)cc(C(N)=O)cc1OC,[ 0.14552855  1.         -0.22929753 -0.26703033 -0.21513233]
CCOP(=O)(OCC)OC(=C(Cl)Br)c1ccc(Cl)cc1Cl,[-0.08345494  0.71744555 -0.7694382  -0.84250176 -0.31551304]
CON=C(C(=O)NC1C(=O)N2C(C(=O)O)=C(COC(N)=O)CSC12)c1ccco1,[-0.22390373  0.5185402  -0.9723217  -0.9910495  -0.1643368 ]
COP(=S)(OC)SCC(=O)N1CCOCC1,[ 0.41418293  0.43773398 -0.6796967  -0.14587532  0.10107718]
CC1CC(=O)CC(C)O1,[ 0.25204313 -0.7348425  -0.7078547  -0.5203126  -0.29024082]
CCOc1ccc([C@@H](C)Nc2nc(N3CCN(C(C)=O)CC3)nc3c2CN(C(C)C)C3=O)cc1,"[ 7.7207887e-01  7.9089010e-01 -7.0230949e-01 -1.5275057e-01
 -3.5945646e-04]"
Cn1c(C(=O)NC2(C(=O)N[C@H](Cc3ccccc3)C(=O)NCCCN3CCOCC3)CCCC2)cc2ccccc21,[ 0.2513744  -0.6368843  -0.9264817  -0.6059328   0.21364519]
CCOC(=O)Nc1ccc(NCc2ccc(F)cc2)cc1N,[-0.20634471 -0.67622185 -0.78507996 -0.6134618  -0.32135466]
O=[N+]([O-])c1cc(Cl)c(N=Nc2ccc(N3CCS(=O)(=O)CC3)cc2)c(Cl)c1,[ 0.13440755  0.6156603  -1.         -0.29691756 -0.46562073]
Cc1cc(Sc2cc(C)c(O)c(C(C)(C)C)c2)cc(C(C)(C)C)c1O,[ 0.39992768  0.7011919  -0.49494863 -0.5807475  -0.40164274]
CC(C)(C)c1nnc(NS(=O)(=O)c2ccccc2)s1,[ 0.24139337  0.87534463 -0.79822946 -1.          0.32696646]
O=C(Cl)CCl,[ 0.40582588  0.6570664  -0.24779421 -0.6206513  -0.15033174]
COP(=S)(OC)Oc1ccc(S(N)(=O)=O)cc1,[ 0.311977    0.28422907 -0.7757607  -0.92853916  0.42778197]
NCCNCc1ccccc1O,[ 0.03279055  0.2421713  -0.69629115 -0.10403017 -0.10977927]
COC(CN1CCN(CCC(O)c2ccccc2)CC1)c1ccccc1,[ 0.2602817   0.93188584 -0.9155403  -0.8857322  -0.09659686]
N#CCc1ccccc1,[ 0.05004603  0.888233   -1.         -0.6550126   0.08670886]
c1ccc([C@H]([C@@H](c2ccccc2)N2CCCCC2)N2CCCCC2)cc1,[-0.9591191   0.82297367 -0.68213665 -0.51543117  0.42341468]
COc1cc(OC)c(C(=O)CCCN2CCCC2)c(OC)c1,[ 0.33045897  0.78116643 -0.67097837 -0.8630862  -0.27717647]
COc1cc(OC)c(S(=O)(=O)NCc2ccccc2N2CCCCC2)cc1NC(=O)CCC(=O)O,[ 0.2232184   0.6109722  -0.44607675 -0.52920365 -0.29686448]
CCCC(=O)OC1(C(=O)COC(=O)CC)CCC2C3CCC4=CC(=O)CCC4(C)C3C(O)CC21C,[ 0.40410942  0.7263553  -0.85658085 -0.3423677  -0.5717314 ]
CC(NC(C)c1ccccc1)c1ccccc1,[ 0.22023995  0.2295979  -0.5288097  -0.19347347  0.2824246 ]
CCOC(C1=NCCCN1)c1c(Cl)cccc1Cl,[ 0.3444805   0.58752126 -0.35084677 -0.9450035  -0.12317763]
CCc1nn(C2CCCC2)c2c1CCn1c(-c3cccs3)nnc1-2,[-0.19208312  0.9987905  -1.         -0.8272873   0.904881  ]
COC(=O)c1ccccc1,[ 0.36321142  0.48130846 -0.66813684 -0.08524074 -0.02033444]
O=c1c2nocc2c(-c2ccccc2)nn1-c1ccccc1,[-0.43120328  0.783217   -0.7218645  -0.886982    0.08756737]
O=C(O)CC(CC1CCN(C(=O)CCc2ccc3c(n2)NCCC3)CC1)C1CNc2ccccc2C1,[ 0.6517297   0.489142    0.03044282 -0.70658314 -0.11407759]
C[NH+](C)CCC(c1ccc(Cl)cc1)c1ccccn1,[ 0.31116343  0.8651708  -0.76585495 -1.         -0.4423588 ]
CNC(=O)c1[nH]cnc1C(=O)Nc1ccc(OC)cc1,[-0.34047267  0.89196426 -0.04457214 -0.5668311   0.4434871 ]
C[C@@H](NC1=CC(=O)CNC1)c1ccc(Nc2ncc3cc(-c4ccncc4)ccc3n2)cc1,[ 0.19126654  0.9487488  -0.6884829  -0.9512565   0.38409257]
CC1CCC2(O)C3(C)CC4(O)OC2(C1O)C1(O)C3(O)C(OC(=O)c2ccc[nH]2)C(O)(C(C)C)C41C,[-0.1856956   0.9197516  -0.83088166 -0.59646744  0.06844678]
COCOCCO,[ 0.26121762  0.31167698 -0.35544422 -0.90864575 -0.2601831 ]
C[C@@H]1NC(=O)[C@@H](C)NC(=O)[C@H](C)N(C)C(=O)[C@@H](C)N(C)C(=O)[C@@H](C)NC(=O)[C@H](C)N(C)C1=O,[-0.33016047  0.7114545  -0.74324024 -0.8851371   0.43303505]
CCCCC(=O)N(Cc1ccc(-c2ccccc2-c2nnn[n-]2)cc1)C(C(=O)[O-])C(C)C,[ 0.10295931  0.55460316 -0.774843   -0.69414115 -0.2980039 ]
CCOc1ccccc1OC(c1ccccc1)C1C[NH2+]CCO1,[-0.07923913  1.         -0.5656989  -0.96375537 -0.33839738]
Cc1cccc(Nc2ccncc2S(=O)(=O)[N-]C(=O)NC(C)C)c1,[-1.          0.18152189 -0.9982536  -1.          0.7869648 ]
CC[C@@H]1OC(=O)[C@@H](C)[C@H](O[C@@H]2C[C@](C)(OC)[C@H](O)[C@@H](C)O2)[C@H](C)[C@H](O[C@@H]2O[C@H](C)C[C@H](N(C)C)[C@H]2O)[C@@](C)(O)C[C@@H](C)/C(=N\OCOCCOC)[C@H](C)[C@@H](O)[C@@]1(C)O,[ 0.11541     1.         -0.51616853  0.39867395 -0.29008865]
CCCCCCCCCCCCCCCN,[ 0.12361285  0.9090471  -0.88234776  0.00772133  0.08384798]
CCCCC(CC)CNC1CCCCC1,[-0.09986922  0.8149852  -0.8187854  -0.83154297 -0.26179084]
CCn1cc(C(=O)O)c(=O)c2cc(F)c(N3CCN(C)CC3)cc21,[-0.10794526  1.         -0.6801596  -0.5642672   0.476743  ]
CNCC(O)c1cccc(O)c1,[-0.16927913  0.69930667  0.10601433 -0.75774825 -0.371046  ]
CCCS,[ 0.3035666   0.8557134  -0.90398526 -0.62556404 -0.54047966]
Cc1cc(Cl)ccc1OCC(=O)Nc1ccccc1,[ 0.28275    0.9720682 -0.6667692 -0.6754342 -0.1827517]
CN(C)c1ccc(O)c2c1CC1CC3C([NH+](C)C)C([O-])=C(C(N)=O)C(=O)C3(O)C(O)=C1C2=O,[ 0.03380136  0.8313546  -0.8978324  -0.73694134 -0.15946032]
Cc1cnc(C(=O)c2ncnc3[nH]ccc23)c(NS(=O)(=O)c2ccc(Cl)c(C(F)(F)F)c2)c1,[ 0.37737644  0.87874675 -0.7558242  -0.32259583  0.0838757 ]
Cc1cc(Cl)ccc1OCCCC(=O)O,[ 0.4308413   1.         -1.         -0.67043465 -0.03644576]
C=CC[NH+]1CCCC1CNC(=O)c1cc(S(=O)(=O)NC)c(N)cc1OC,[ 0.04550349  0.5281934   0.12579732  0.04610848 -0.25456074]
COC(C)COC(C)COC(C)CO,[ 0.6035967   0.49028474 -1.         -0.67674893  0.25300127]
CCc1nc(N)nc(N)c1-c1ccccc1,[ 0.41561884  0.6400857  -0.7808105  -0.7938959  -0.04814379]
CCOc1ccccc1C(N)=O,[ 1.          0.6275208  -0.5020388  -0.01007333 -0.59480023]
C(Oc1nc(OCC2CO2)nc(OCC2CO2)n1)C1CO1,[-0.00822248  0.8650503  -0.58862597 -0.84999174  0.6276597 ]
CCCCCCCCCCCCCCCCCCOP(=O)([O-])OCC[N+]1(C)CCCCC1,[-0.18413895 -0.71265346 -0.6085647  -0.2696457  -0.45615837]
CN(C)N(C)N=O,[-0.24077114  1.         -0.8310437  -1.          0.5585225 ]
Cc1cccc(C)c1NC(=O)C1CCCC[NH+]1C,[ 0.18322502  0.88312465 -0.96044517 -0.5951384  -0.15345135]
Cc1ncsc1C(=O)N(Cc1cc(=O)[nH]c2c(F)cccc12)c1cccc(Cl)c1,[ 0.19910595  0.8318741  -1.         -0.67386234 -0.10760917]
CCC(=O)OC1C(C)OC(OC2C(C)OC(OC3C(CC=O)CC(C)C(O)C=CC=CCC(C)OC(=O)CC(OC(C)=O)C3OC)C(O)C2N(C)C)CC1(C)O,[-0.07560209  1.         -0.5846732  -1.         -0.33166245]
CN(CCCOCCOCCc1ccccc1)CCc1ccc(O)c2nc(O)sc12,[-0.65629154  0.76354575 -0.17267014 -0.7693275  -0.12283663]
OCc1cc(C(O)C[NH2+]CCCCCCOCCOCc2c(Cl)cccc2Cl)ccc1O,[ 0.6612699   0.7844271  -0.8995431  -0.7529525  -0.48741814]
CCNC(=O)c1cc2c(-n3ccc(C(F)(F)F)n3)c(-c3cncc(-c4n[nH]c(=O)o4)c3)cnc2[nH]1,[ 0.08837716  0.7869016  -0.7063449  -0.7595012  -0.96511716]
Cc1c(OCC(F)(F)F)ccnc1C[S+]([O-])c1nc2ccccc2[nH]1,[ 0.02000564  0.68665177 -0.43111417 -0.6242887   0.01990052]
c1ccc(COCc2ccccc2)cc1,[-0.19224003  0.85979337 -0.87372184 -0.38836372 -0.1850506 ]
NC(=S)Cc1cccc2ccccc12,[ 0.28478923  0.76990193 -0.5656077  -0.7187806  -0.09780988]
CC(CN1CC(=O)NC(=O)C1)N1CC(=O)NC(=O)C1,[-0.13526589  0.983648   -0.826619   -0.1758373  -0.12387686]
FC(F)(F)c1nc2cc(Br)c(Cl)cc2[nH]1,[-0.06353658  0.91968554 -0.723937   -0.828783    0.22606646]
O=C(NCCNCC(O)COc1ccc(O)cc1)N1CCOCC1,[ 0.2930072  0.3966032 -1.        -0.7868893 -0.4804123]
CCCNC(=N)C(OCC)c1ccccc1,[ 0.35779893  0.7703361  -0.50674033 -0.16992202  0.31098405]
NC(=O)CF,[-0.400115    1.         -0.8389736  -0.68844867  0.44019473]
CC1(C)CC2(NC(=O)N(CCCN3CCC(O)CC3)C2=O)c2cc(F)ccc2O1,[-0.7261392   0.569156   -1.         -0.54323864  0.49521932]
CCON=C(CC)C1=C(O)CC(c2c(C)cc(C)cc2C)CC1=O,[-0.13633148  0.09264485 -0.6672431  -1.         -0.18152392]
CN1C(=O)CC(N2CCN(CCCN3c4ccccc4COc4ccc(CC(=O)O)cc43)CC2)N(C)C1=O,[ 0.44899178  0.80280995 -0.67218316 -0.2011936  -0.33048272]
O=C1c2ccccc2N(C(=O)CN2CCOCC2)CN1c1ccccc1,[ 0.5478876   0.72768295 -0.9399607   0.24642883 -0.00499237]
S=c1[nH]cnc2nc[nH]c12,[-0.24593964  0.20523666 -0.9185662  -0.90253615 -0.43875897]
O=C([O-])c1cc(N=Nc2ccc(S(=O)(=O)Nc3ccccn3)cc2)ccc1O,[-0.53953624  0.81000584 -0.04866157 -0.88828623 -0.02613856]
CC1(C)C2CC=C(CCO)C1C2,[ 0.0448382   0.5332675  -0.514281   -0.47448573  0.2229732 ]
CCCCC(CC)CNCC(C)(N)CN(C)CC(CC)CCCC,[ 0.4523783   0.06875997 -0.70857286  0.60238767 -0.04857011]
CCC(C(=O)N1CCCCC1C(=O)OC(CCc1ccc(OC)c(OC)c1)c1cccc(OCC(=O)NCCNC(=O)COc2cccc(C(CCc3ccc(OC)c(OC)c3)OC(=O)C3CCCCN3C(=O)C(CC)c3cc(OC)c(OC)c(OC)c3)c2)c1)c1cc(OC)c(OC)c(OC)c1,[ 0.37970757 -0.01477052 -0.18162127  0.27095807 -0.37569964]
O=C(O)CCC(=O)c1ccc(-c2ccccc2)cc1,[ 0.03164638  0.56420135 -0.4365779   0.254527    0.7975155 ]
CN1CCN(CCC=C2c3ccccc3Sc3ccc(S(=O)(=O)N(C)C)cc32)CC1,[ 0.07461685  0.9028955  -0.28456852 -0.9117567   0.15811944]
NC(=S)NNCNNC(N)=S,[ 0.1559148  -0.9625112  -0.91801745 -0.7664041  -0.07102062]
CCCSP(C)(=S)Oc1ccc(Cl)cc1Cl,[ 0.6958908   0.57112896 -0.17745587 -0.25703752 -0.36224186]
CC(CO[N+](=O)[O-])(CO[N+](=O)[O-])CO[N+](=O)[O-],[ 0.01674975  0.5644593  -0.8100646  -0.00620343 -0.19504602]
CCN(CC)CCO,[ 0.37136337  0.9716413  -0.83888733 -0.8643934  -0.3579584 ]
Nc1cc2c(S(=O)(=O)O)cc(S(=O)(=O)O)cc2cc1S(=O)(=O)O,[ 0.5552429   0.858371   -0.8214861  -0.6170953   0.02552115]
CC(=O)SCC(=O)Nc1nc2ccccc2s1,[ 0.12829663  0.8477396  -0.8593724  -0.9228015  -0.27263844]
C=C(Cl)C#N,[-0.18849939  0.8706508  -0.7525232  -0.8526608  -0.47075474]
CN(C)C(=O)Cl,[ 0.38006172  0.19814073 -0.45415577 -0.9049327  -0.3626144 ]
C=CC(=O)N1CN(C(=O)C=C)CN(C(=O)C=C)C1,[ 0.38632593  0.6077581  -0.85903907 -0.8003127  -0.46972767]
CC[C@H](CO)NC(=O)[C@H]1C=C2c3cccc4[nH]cc(c34)C[C@@H]2N(C)C1,[ 0.14465587  0.10616723 -0.5347699  -0.7228801  -0.12401286]
COc1cccc(OC)c1O,[-0.0526544   0.30031887 -0.6664739  -0.36635274 -0.09296586]
CC(C)(C)NC[C@H](O)COc1nsnc1N1CCOCC1,[-0.22019327  0.74004066 -0.18309905 -0.06241912 -0.09766553]
CCOC(=O)NCCOc1ccc(Oc2ccccc2)cc1,[-0.45954278  0.9515319  -0.6285765  -0.12087913 -0.12442279]
CCOC(=O)CCN(Cc1ccccc1)SN(C)C(=O)ON=C(C)SC,[-0.3914164   0.92290676 -0.9795224  -0.78763855 -0.07123299]
CCCCOC(C)OCCCC,[-0.29311332  0.8023593  -0.21862668 -0.686834   -0.1590602 ]
C1COCCOCCNCCOCCOCCN1,[ 0.31318083  0.83362883 -0.6831209  -0.7132989   0.20309463]
CCCCC(CC)COCCC#N,[-0.08643407  0.8100478  -0.17496933 -0.5857518   0.26872686]
CC(C)OCCO,[-0.10575854  0.43237326 -0.5792679  -0.6478639   0.06143034]
CCC[NH+]1CCCCC1C(=O)Nc1c(C)cccc1C,[ 0.13665144  0.7593336  -0.7794573  -0.688969    0.16533203]
CCC(=O)CC,[-0.10784396  0.7472245  -0.9462873  -0.82097167 -0.22964713]
CC=CC=CC=O,[ 0.20039755  0.5791937  -0.5962612  -0.4076905  -0.4148087 ]
CCc1ccc2[nH]c(C(F)(F)F)nc2c1,[ 0.19658807  0.22123626 -0.81332797 -0.59718096  0.81736445]
N#CC1CC2CC2N1C(=O)C(N)C12CC3CC(CC(O)(C3)C1)C2,[ 0.11430292  0.7104809  -0.28376216  0.33190593  0.760443  ]
C=CS(=O)(=O)CCCCCC,[ 0.41787943  0.94592243  0.56868124 -0.6162545  -0.28535077]
Cc1c(OC2CCN(CC3CCN([C@@H](Cc4ccc(F)cc4)C(=O)O)CC3)CC2)ccc(C#N)c1Cl,[ 0.3228465   0.87665766 -0.45219952 -0.08652481  0.510551  ]
CNC(=N)c1cccc(CC(CC(=O)N2CCC(C(=O)O)CC2)NS(=O)(=O)c2ccc3ccccc3c2)c1,[-0.24598764  0.19713163 -0.506063    0.71542364 -0.04526445]
CCCCc1nc(Cl)c(CO)n1Cc1ccc(-c2ccccc2-c2nnn[nH]2)cc1,[ 0.08784332  0.8324235  -0.67703426 -0.23266315  0.0679619 ]
COC(C)C=O,[ 0.16007483  0.5122212  -0.84625906 -0.71367764  0.3735608 ]
CCOc1cc2nnc(C(N)=O)c(Nc3ccc(F)cc3F)c2cc1N1CCN(C)CC1,[ 0.1755654   0.7084028  -0.7365719  -0.5046913   0.01140668]
CSCCC([NH3+])C(=O)NC1(C(=O)[O-])CS(=O)(=O)C2C(C(=O)[O-])C21,[ 0.00116959  0.7015532  -0.4267157  -1.         -0.40311584]
C=CC(=O)OCCOC(=O)CC(C)=O,[ 0.61209804  0.7710136  -0.942167   -0.623747    0.23285367]
O=C(NC(CCc1ccc2c(c1)OCO2)CCc1ccc2c(c1)OCO2)c1ccc(Cl)cc1,[ 0.16359814  0.6098747  -0.7511828  -0.68270266 -0.41518143]
O=P([O-])([O-])C(O)(Cn1ccnc1)P(=O)([O-])O,[-0.59019965  0.08458634 -0.6521423  -0.31604686  0.12242017]
CC(C(O)c1ccc(O)cc1)[NH+]1CCC(O)(c2ccccc2)CC1,[-0.22432546  0.71147144 -0.5755111  -0.7358424   0.09632668]
COP(=S)(OC)SC(CBr)N1C(=O)c2ccccc2C1=O,[-0.1378668   0.8577998   0.44328496 -0.43266508  0.118637  ]
CC(C)(C)[NH2+]CC(O)c1cc(O)cc(O)c1,[ 0.05917273 -0.01740094 -0.890695   -0.8659354  -0.46437347]
CN1C[C@@H]2c3ccccc3Oc3ccc(Cl)cc3[C@H]2C1,[-0.07078429 -0.0493791  -0.8355791  -0.4812737  -0.34588096]
COc1cc(OC)c(S(=O)(=O)N2c3ccccc3CCC2C)cc1NC(=O)COCC(=O)O,[ 0.354637    0.79323155 -1.         -0.5761929  -0.16433558]
CCCCCCOC(=O)C(O)c1ccccc1,[ 0.47035587  0.74458575 -0.6510189  -0.7469598  -0.4785993 ]
COC(=O)C(C(C)=O)C(C)=O,[ 0.12756427 -0.05746542 -0.54967445 -0.76570207 -0.02942646]
ClC(Cl)(Cl)c1ccc(C(Cl)(Cl)Cl)cc1,[ 0.01319947  0.4487134  -0.70632434  0.28082976  0.27738455]
COP(=S)(Cl)OC,[ 0.45517376  0.8291087  -0.86464083 -0.42524624 -0.23210716]
Cn1c(C2=CCN(CCCN3c4ccccc4Sc4ccc(CC(=O)O)cc43)CC2)cc(=O)n(C)c1=O,[ 0.3041037   0.7592393  -0.5708688  -0.4732099  -0.24310823]
CCCN(CCC)c1c([N+](=O)[O-])cc(S(N)(=O)=O)cc1[N+](=O)[O-],[ 0.50615466 -0.26712903 -0.6735363  -0.7041511  -0.17259492]
CNC(=O)Oc1ccccc1C1OCCO1,[-0.24868941  0.37287718 -0.4597321  -0.52007353 -0.31428802]
CCOC(=O)COc1ccc(C(=O)CN2CCN(C3CCN(C(=O)OCOC(=O)C(C)(C)C)CC3)CC2=O)cc1,[ 0.01233984  0.8517852  -1.          0.05443706  0.6106989 ]
CN(C)CCCC1c2ccccc2Nc2ccc(Cl)cc21,[ 0.27517867  0.9665123  -0.68498677 -0.7232598  -0.15650743]
O=c1cc(Cn2c(C3CCC3)nc3nccnc32)c2ccc(F)c(F)c2[nH]1,[ 0.1028616   0.62641597 -0.8437327  -0.5128029   0.6145696 ]
CC1CCCCC1NC(=O)Nc1ccccc1,[ 0.22159748  0.60718256 -0.5900898  -0.61609477 -0.34068227]
Nc1ccc(N)cc1,[ 0.41662017  0.478394   -0.83297044 -0.24174857 -0.07763881]
CCC(O)CO,[ 0.00516938  0.7013116  -0.84713596 -0.48286873 -0.11304014]
CC(C)(C)c1ccc(OP2OCC3(CO2)COP(Oc2ccc(C(C)(C)C)cc2C(C)(C)C)OC3)c(C(C)(C)C)c1,[-0.05670828  0.27787    -0.620602   -0.21164045 -0.17618166]
CCOP(=O)(OCC)Oc1ccc(S(C)(=O)=O)c(C)c1,[-0.37310794  0.87904996 -1.         -0.7362355  -0.1914723 ]
COCC(=O)O[C@]1(CCN(C)CCCc2nc3ccccc3[nH]2)CCc2cc(F)ccc2[C@@H]1C(C)C,[0.2695242  0.6842571  0.32900622 0.13801005 0.46061048]
C1=CC2C3C=CC(C3)C2C1,[ 0.3287236   0.856708   -0.6896643  -0.6896739   0.05449477]
CCN(N=O)C(C)OC,[ 0.22458395  0.88766533 -0.09714048 -1.          0.70365316]
CCC(=O)N(c1ccccc1)C1CCN(CCc2ccccc2)CC1,[-0.08300196  0.20534717 -0.684306   -0.54746103 -0.19255544]
[NH3+]C(C(=O)NC1C(=O)N2C(C(=O)[O-])=C(CSc3c[n-]nn3)CSC12)c1ccc(O)cc1,[-0.12978436  0.7900271  -0.24284208 -0.15788877  0.6593637 ]
COc1ccc(NC(=O)c2ccnc(N)n2)cc1,[-0.08905117  0.8639887  -0.6824226  -0.49285194 -0.48260257]
COP(=O)(OC)Oc1ccc([N+](=O)[O-])c(Cl)c1,[ 0.43187073  0.85982794 -0.7350425  -0.66569775 -0.12303794]
CC1(C)SC2C(NC(=O)C(C(=O)[O-])c3ccsc3)C(=O)N2C1C(=O)[O-],[ 0.59130645  0.5960392  -0.7590214  -0.4048359   0.02001325]
C=CC(=O)OCCOCCOC(=O)C=C,[ 0.3057572   0.86588216 -0.24784401 -0.8567724   0.10520713]
C#CC1(O)C(CO)OC(n2ccc(N)nc2=O)C1O,[-0.5065482   0.7048582  -0.7563065  -0.8923843  -0.22977404]
COc1cc2ncc(C(N)=O)c(Nc3ccc(F)cc3F)c2cc1NCCN1CCCCC1,[ 0.2998804   0.9446098  -0.8011416  -0.41998282  0.4771874 ]
c1ccc2c(c1)CC(N1CCN(c3cccc4c3OCCO4)CC1)C2,[-0.07698016  0.82039446 -0.6897909  -0.7716183  -0.13134335]
CC(C)(C)c1ccc(C(=O)O)cc1,[ 0.3895286   0.54250956 -0.6321489   0.5161938  -0.10660249]
CCNc1nc(NC(C)C(C)C)nc(SC)n1,[ 0.6090866   0.8731033  -0.7982061  -0.57929754  0.25714335]
COc1ccc2ncc(=O)n(CCN3CC[C@@H](NCc4cc5c(cn4)OCCO5)[C@H](O)C3)c2c1,[ 0.41412005  0.32875264 -0.7395354  -1.          0.00323528]
OCc1ccccc1,[ 0.25143066  0.6180026  -0.5242805  -0.39478457  0.10054339]
CCOC(=O)C(CCc1ccccc1)NC1CCc2ccccc2N(CC(=O)O)C1=O,[ 0.40944296  0.79891866 -0.71925694 -1.         -0.19467244]
COc1c(OCc2ccc(-c3ccccc3-c3nnn[nH]3)cc2)cc(C)nc1C,[ 0.29580817  0.79392475 -0.67542815 -0.5051421  -0.35395208]
Cc1c(C(=O)NCCO)[n+]([O-])c2ccccc2[n+]1[O-],[ 0.220453    0.8085243   0.7168487  -0.5691905  -0.04859248]
CN(C)C(Cc1ccccc1)c1ccccc1,[ 0.28503028  0.74996734 -0.92221594 -0.77833074 -0.12697928]
N#CC(c1ccccc1)c1ccccc1,[ 0.01564042  0.67997134 -0.42531788 -0.95960534 -0.04010623]
NCCCNCCSP(=O)(O)O,[ 0.5588961   0.5457253  -0.80331296 -0.6305265  -0.26966113]
CCOC(=O)C1OC1c1ccccc1,[ 0.3003523   0.83771735 -0.8597251  -0.6279196  -0.49284106]
OCCOCCOCCOCCO,"[-6.0614117e-04  8.6142325e-01 -4.2988893e-01 -9.4019705e-01
 -4.5253035e-01]"
CCCCSN(C)C(=O)Oc1cccc2c1OC(C)(C)C2,[ 0.41002128  0.93446785 -0.3777478  -1.          0.4363757 ]
O=[N+]([O-])c1cc(Cl)ccc1Cl,[ 0.14606948  0.83982146  0.17802732 -0.16581076 -0.26805133]
CC(C)Cn1c(=O)n(C)c(=O)c2c(C(=O)N3CC[C@@H](O)C3)c(Cc3c[nH]c4ccccc34)sc21,[ 0.28456774  0.72202265 -0.72925526 -0.5360244   0.15392607]
CNC(=O)CSP(C)(=S)OC,[ 0.02945098  0.34859344  0.4884142  -0.2144293   0.09956744]
C[C@@H]1O[C@@H](O[C@H]2[C@H](Oc3cc(O)c4c(c3)O[C@H](c3ccc(O)cc3)CC4=O)O[C@H](CO)[C@@H](O)[C@@H]2O)[C@H](O)[C@H](O)[C@H]1O,[ 0.60290366 -0.10583709 -0.585632    0.43709427  0.05703761]
O=C(OCC=Cc1ccccc1)c1ccccc1,[-0.31732982  0.64723355 -0.96073824 -0.92443305 -0.19796084]
CCCCCC(O)C=CC1C(O)CC(O)C1CC=CCCCC(=O)O,[ 0.15277036  0.24181147 -1.          0.5570916   0.44587815]
CCOP(=O)(O)O,[-0.28064007 -0.648045   -0.8005677  -0.60718083 -0.13013048]
COC(=O)c1cc([N+](=O)[O-])ccc1Cl,[ 0.32729846  1.         -0.80239075 -0.8782202   0.07734044]
CCC[C@H](NC(=O)[C@@H]1[C@H]2CCC[C@H]2CN1C(=O)[C@@H](NC(=O)[C@@H](NC(=O)c1cnccn1)C1CCCCC1)C(C)(C)C)C(=O)C(=O)NC1CC1,[ 0.6036652   0.40710256 -0.71265763 -0.7669964  -0.28347397]
COc1cc2c(cc1OC)C(Cc1cc(OC)c(OC)c(OC)c1)[N+](C)(CCCOC(=O)CC/C=C\CCC(=O)OCCC[N+]1(C)CCc3cc(OC)c(OC)cc3C1Cc1cc(OC)c(OC)c(OC)c1)CC2,[ 0.18198535  1.         -0.7918293  -0.7086668  -0.10037444]
CC(C)=CC1C(C(=O)OC(C#N)c2cccc(Oc3ccccc3)c2)C1(C)C,[ 0.24213709  0.5657373  -0.7798624  -0.38017696  0.6454672 ]
CCN(CC)N=Nc1ccccc1,[ 0.49542576  0.6924633  -0.82536626 -0.53260154 -0.19479513]
NC(=O)N1C(=O)C(C(=O)c2cccs2)c2cc(Cl)ccc21,[-0.42774776  0.19402213 -0.8575259  -0.60361046 -0.4918981 ]
CCC(C)(C)c1ccc(Cl)c(OC(=O)NC)c1,[ 0.43973142  0.71728784 -0.7042003  -0.37255216 -0.20129812]
C=CCOc1ccccc1OCC(CNC(C)C)OC(=O)C1CC1,[-0.23002407  0.8164868  -0.8232628  -0.6876847  -0.11990853]
CC(C)(C)NCCO,[ 0.17464891  0.9316276  -0.67846936 -0.6359778  -0.6794224 ]
CC(C)OC(=O)C(C(=O)OC(C)C)=C1SCCS1,[-0.35738534  0.25098854 -0.7066074  -0.32448626 -0.82780105]
O=[N+]([O-])c1cc2[nH]c(C(F)(F)F)nc2cc1Cl,[ 0.41520154  0.73557544 -0.77561444 -0.69330066 -0.462377  ]
O=C(O)C1N=C(c2ccccc2)c2cc(Cl)ccc2NC1=O,[-0.2970625   0.8650954  -0.84615207 -0.60647565 -0.05778524]
CC#CCC(C)C(O)C=CC1C(O)CC2Oc3c(CCCC(=O)O)cccc3C21,[ 0.40951547  0.83138776 -0.61704403 -0.46263883 -0.15772063]
O=c1[nH]c2ccccc2n1CCC[NH+]1CCC(n2c(=O)[nH]c3cc(Cl)ccc32)CC1,[-0.24140953  0.731118    0.47958127 -0.9993688  -0.28617463]
ClC(=NNc1c(Cl)cc(Cl)cc1Cl)c1ccccc1,[-0.09446671  0.9443259  -0.7029884  -0.66908604  0.31672934]
CN[C@@H](C)[C@@H](O)c1ccccc1,[-0.11966404 -0.28424692 -0.77145165 -1.          0.72524154]
CC(C)CNC(=O)NS(=O)(=O)c1ccc(Cl)cc1,[ 0.24744566  0.8065414  -0.61918116 -0.4953028  -0.20176002]
C#CCN(C)c1ccccc1OC(=O)NC,[ 0.23703252 -0.74601257 -0.18233785 -0.59981555 -0.19674352]
Nc1ccc(S(=O)(=O)O)c2cccc(O)c12,[ 0.25258073  0.6086569  -0.6886282  -0.75177246  0.5596906 ]
O=C1CC2(CCCC2)CC(=O)N1CCCCN1CCN(c2ncccn2)CC1,[-0.3363327   0.72223616 -0.68004763 -0.94717145  0.37423235]
CCCCOc1ccccc1NC(C)=O,[-0.15027605 -0.43301558 -0.60736185 -0.60644495  0.6135781 ]
CCC(=O)OCc1ccc(OC)cc1,[ 0.46901882  0.10379829 -0.5490067  -0.8292324   0.04888715]
C=CS(C)(=O)=O,[-0.2783154  0.470783  -0.8237356 -0.8071771 -0.3226436]
NC(=[NH2+])NCCCCC1NC(=O)CCSSCC(C(N)=O)NC(=O)C2CCCN2C(=O)C(Cc2c[nH]c3ccccc23)NC(=O)C(CC(=O)[O-])NC(=O)CNC1=O,[ 0.15301615  0.9414934  -0.9542713  -0.2880992  -0.22313845]
NNC(=O)c1ccncc1,[-0.56215024  0.65171266  0.26973078 -0.7744496  -0.2941555 ]
CCC[C@@H](c1ccc(C(=O)O)c(Oc2cccc(Cl)c2)c1)N1CCC[C@H](n2cc(C)c(=O)[nH]c2=O)C1,[ 0.23533358  0.8182644  -0.79183847 -0.63930726 -0.0167157 ]
Oc1c(Cl)c(Cl)cc2[nH]c(C(F)(F)F)nc12,[ 0.17363437  0.86246014 -0.81699806 -0.9018888   0.21080883]
N#Cc1cccc(Cc2ncccn2)c1,[-0.15892957  0.8970302  -0.61194474 -0.8038902  -0.35708147]
COc1cc(OC)c(S(=O)(=O)N(c2ccccc2)C(C)C)cc1NC(C)=O,[ 0.42383555  1.         -0.6017176  -0.6147736  -0.13921158]
CN1CCN(C2=c3ccccc3=Nc3ccc(Cl)cc3N2)CC1,[-0.20276822  0.86533165  0.18068801 -0.3483796  -0.38800943]
CN(C)C(=O)Nc1cc(C(C)(C)C)on1,[-0.15734461 -0.95409244 -0.9514037  -0.9013186   0.09293749]
CCOC(=O)C(CCc1ccccc1)NC(C)C(=O)N1C(C(=O)[O-])CC2CCCCC21,[ 0.49004057  0.81428075  0.10690866 -0.07871893 -0.31617877]
NCCCCN,[-0.06283468  0.7163691  -0.91092974 -0.61097515 -0.4615092 ]
CCC1=C(C)CN(C(=O)NCCc2ccc(S(=O)(=O)[N-]C(=O)NC3CCC(C)CC3)cc2)C1=O,[-0.2328883   0.6529548  -0.5269405  -0.7610493  -0.02919865]
CSC(C)=NOC(=O)N(C)SN(C)C(=O)Oc1ccc(OC(=O)N(C)SN(C)C(=O)ON=C(C)SC)cc1,[ 0.85676247  0.8540025  -0.84526014 -0.7408456   0.29945055]
CCCOCCN(C(=O)CCl)c1c(CC)cccc1CC,[ 0.05990158  0.7074971  -0.588658   -0.07033757 -0.30056128]
Cc1cc(Cl)ccc1OCC(=O)O,[ 0.2887608   0.8964621  -1.         -0.8818142   0.11339291]
COc1cc(N)c2c(c1N)C(=O)c1ccccc1C2=O,[ 0.3421042   0.592124   -0.6795966  -0.7981266  -0.03569029]
C=CC(=O)Nc1ccc(O)cc1,[-0.14211124  0.72577095 -0.9372317  -0.9471919  -0.16989134]
CC1(C)C(C=C(Cl)Cl)C1C(=O)OCc1c(F)c(F)c(F)c(F)c1F,[ 0.29065353  0.8040665  -1.         -1.          0.06726556]
CCCCCCCCCCCCNC(N)=S,[ 0.02166374  0.7126371  -0.7403564   0.11258377  0.8370948 ]
Cc1cc(C)c(N)c(C)c1,[ 0.22199324  0.07629028 -0.6477693   0.7773638   0.16747752]
Cc1ccc2nc(C[N+]34CCC(CC3)[C@@H](OC(=O)[C@](C)(c3ccccc3)N3CCCCC3)C4)oc2c1,[ 0.43193135  0.84108245 -0.5940132  -0.7338663  -0.61831784]
CC(C)(C)CNC(=S)Nc1cccnc1,[-0.09756672  0.89296097 -0.8518348  -0.7625513  -0.10645633]
CNC(=O)Nc1nnc(C(C)(C)C)s1,[-0.08238648 -0.9005345  -1.         -0.50183135 -0.13949867]
CCOP(=O)(Cl)Cl,[ 0.0739194   0.8588164  -0.49261597 -0.455568   -0.19570298]
O=C(O)c1nn(Cc2ccc(Cl)cc2Cl)c2ccccc12,[ 0.18034859  0.78724223 -0.6971367  -0.1402109  -0.5449712 ]
CNC(=O)c1cccc2c(Nc3ccc(NS(C)(=O)=O)cc3OC)c3cccc(C)c3[nH+]c12,[ 0.5608      0.7863919  -0.64507663 -0.33491448 -0.41897774]
CC(=O)c1ccc2c(c1)N1C(=O)OCC1CC2,[ 0.3201179   0.7619389  -0.9925731  -0.7954467  -0.04066116]
CC(C(N)=O)(c1ccccc1)c1ccc(N)cc1,[ 0.38160232  0.66539896 -0.65796316 -0.8466049  -0.13519545]
O=C(OCCc1ccccc1)c1ccccc1,[ 0.53249466  0.433607   -0.83556575  0.13535048  0.00906686]
FC(F)(F)c1nc2c(Br)c(Cl)c(Br)cc2[nH]1,[-0.05114476  0.66764563 -0.70091736 -0.58779323  0.11406799]
CON(C)C(=O)Nc1ccc(Cl)cc1,[-0.14418438  0.82440007 -0.30214703 -0.8430054  -0.1617524 ]
CC[C@H]1CN(Cc2cc(Cl)ccc2OCC(=O)O)CCN1S(=O)(=O)c1ccccc1,[ 0.11560915  0.570738   -0.6018396  -1.          0.05113368]
CC(N)C(O)c1cccc(O)c1,[ 0.20194896  0.8832191  -0.77795416  0.15912811  0.56955826]
CC(C)(O)c1ccc(Nc2nc3ccc(C#N)cc3[nH]2)cc1,[ 0.31212148 -0.2566845  -0.7046626  -0.37060198  0.21852988]
CC(=O)Oc1cccc(Oc2ccc(C(F)(F)F)cc2Cl)c1,[ 0.4665766   0.81701684 -0.7514386  -0.6184618  -0.44608676]
CCCCc1c(OC(=O)c2cc(OC)c(OC)c(OC)c2)n(-c2ccccc2)n(-c2ccccc2)c1=O,[ 0.00822938  0.7018698  -0.5538127  -0.7973858  -0.05257061]
COc1ccc2c3c1OC1CC(O)C=CC31CC[NH+](C)C2,[ 0.5758157   0.82354766 -0.7566566  -0.7719162  -0.34566692]
COP(=O)(OC)ON1C(=O)c2cccc3cccc(c23)C1=O,[-0.07121382  0.5494027  -1.         -0.42812824  0.5915238 ]
CCCOP(=O)(SCCC)SCCC,[ 0.28712606  0.7860065  -0.9907318  -0.9222084  -0.16377246]
COc1cc([C@@H]2c3cc4c(cc3[C@@H](O[C@@H]3O[C@@H]5CO[C@@H](C)O[C@H]5[C@H](O)[C@H]3O)[C@H]3COC(=O)[C@H]23)OCO4)cc(OC)c1O,[ 0.14643037  0.81283367 -0.7818046  -0.66306245  0.63812244]
CCN(CC)CCCCCCCCCCNC(=O)Oc1ccc2c(c1)C1(C)CCN(C)C1N2C,[ 0.39092863  0.5573423  -0.09194809 -0.10438097  0.27654296]
COc1ccc2ncc(F)c(CCN3CCC(NCc4cc5c(cn4)OCCO5)CC3)c2n1,[ 0.20029972  0.7662185   0.6658113  -0.37198362 -0.3489679 ]
CCCCCC(=O)O,[ 0.2912524   0.6683391  -0.77894294 -0.7836476  -0.3173898 ]
Cc1cc(Nc2nc(N[C@@H](C)c3ccc(F)cn3)c(C#N)cc2F)n[nH]1,[ 0.41830596  0.5923691  -0.5598054  -1.          0.3919778 ]
C=CCn1c(N)cc(=O)n(CC)c1=O,[-0.11937255  0.10279306 -0.17048542 -0.9248867   0.01651904]
CC1CCC(C(C)C)C(O)C1,[-0.06336294 -0.44230968 -0.81396    -0.62759554 -0.21904741]
CP(=S)(Oc1ccccc1)Oc1ccc(C#N)cc1,[ 0.33805948  0.93805236 -0.7056975   0.10057309 -0.48923296]
O=C(CCl)CCl,[-0.28882033  0.8602652  -0.67353636 -0.16769356 -0.25971827]
NC(=O)CCCCC1CCSS1,[ 0.26503727  0.9072004  -0.9345002  -0.40183133 -0.46178827]
C[C@]12C[C@H](O)[C@H]3[C@@H](CCC4=CC(=O)CC[C@@]43C)[C@@H]1CC[C@]2(O)C(=O)CO,[ 0.33359596  1.         -0.5133454  -0.7954391   0.40202728]
O=C(COc1ccc(Cc2ccc(Cl)cc2)cc1)OCc1cccnc1,[-0.12342861  0.6563392  -0.7997656  -0.9587449  -0.24601623]
O=C(Nc1ccccc1-c1ccccc1)OC1CCN(CCCCCCCCCNC[C@H](O)c2ccc(O)c3[nH]c(=O)ccc23)CC1,[-0.12384896  0.7983518  -0.8034682  -0.42299134 -0.745097  ]
CC(C)OCCCO,[ 0.41134876  0.9601563  -0.77662474 -0.22615404  0.09057958]
C1CCC2CCCCC2C1,[ 0.35375175  0.73275065 -0.978525   -0.94360584  0.32421687]
COc1c2ccoc2c(OCC2OC2(C)C)c2oc(=O)ccc12,[ 0.4274744   0.79512715  0.11359978 -0.8297178   0.6730751 ]
ClCC(Cl)=C(Cl)Cl,[ 0.34275824  0.50028    -0.77079445 -0.52505875 -0.17354208]
O=C(c1csc2c1CCCC2)N1CCCCC1,[ 0.48317716  0.8138569  -0.54274505 -0.5997755  -0.0960657 ]
CNNC,[ 0.2994958   0.20693275 -0.7314397  -0.9728846   0.06484978]
CCOC(=O)C=Cc1ccc(Cl)cc1,[ 0.25433403  0.46060473 -0.782758   -0.4385771   0.15342705]
CC(=O)[C@H]1CC[C@H]2[C@@H]3CC[C@@H]4C[C@H](O)CC[C@]4(C)[C@H]3CC[C@]12C,[-0.19772778  1.         -1.         -0.8919541  -0.2607491 ]
O=c1oc(-c2ccccc2)nc2ccccc12,[ 0.11813704  0.7414486  -0.97965324 -0.93143296  0.45701602]
CCc1cccc(CC)c1N,[-0.08730165  0.7187868  -0.7254409  -0.8073128  -0.12495469]
CC1CCC(N)CC1N,[ 0.20507103  0.7780025  -0.67127323  0.36767778  0.07217029]
C=CC(=O)NCNC(=O)C=C,[ 0.5128523   0.53923833 -0.29676735 -0.8386642   0.05371323]
Fc1ccc(Br)cc1,[-0.19702859  0.7909754  -0.79092205  0.07517998  0.10059594]
CCC(C)OC=O,[ 0.20725106 -0.38230294 -0.27173424 -0.49878734 -0.5667575 ]
Cc1c(OC2CCN(CC3CCN([C@@](C)(Cc4ccc(F)cc4)C(=O)O)CC3)CC2)ccc(Cl)c1Cl,[ 0.3303568   0.76881766 -1.         -0.45052418 -0.0861029 ]
Cc1ccc(OP(=O)(Oc2ccccc2)Oc2ccccc2)cc1,[ 0.14230856  0.74566525 -1.         -0.09520719 -0.17486644]
CCCN(CCC)c1c([N+](=O)[O-])cc(C)cc1[N+](=O)[O-],[ 0.3480328   0.70292664 -0.23059984 -0.3614268  -0.19115865]
C[C@@H]1NC(=O)[C@H](C)N(C)C(=O)[C@@H](C)NC(=O)[C@H](C)N(C)C(=O)[C@@H](C)N(C)C(=O)[C@@H](C)NC1=O,[-0.08057125  0.33405963 -1.         -0.7266164  -0.1871941 ]
CC(CO)Oc1ccccc1,[ 0.26250857  0.96009004 -0.9672357  -0.58376366 -0.3442586 ]
ClCC1C(CCl)C2(Cl)C(Cl)=C(Cl)C1(Cl)C2(Cl)Cl,[ 0.7027572   0.71520615 -0.82727164 -0.6571368   0.09092686]
Cc1cc(Nc2cncc(N[C@@H](C)c3ccc(F)cn3)n2)n[nH]1,"[-3.9603803e-04 -6.6692996e-01 -6.0888916e-01 -3.5158023e-01
  8.4591739e-02]"
CC(O)c1cccc(N)c1,[ 0.39911827  0.8713313  -1.         -0.11215165 -0.39315927]
COc1ccc2ccc(=O)n(CCN3CCC(NCc4cc5c(cn4)OCCO5)CC3)c2n1,[-0.08669688  0.70733964 -1.         -0.7099773  -0.02792159]
Oc1ccc(O)cc1,[-0.0543387   0.79069936 -0.4627802  -0.79956996 -0.10129508]
CNC(=O)Oc1ccc(CCC#N)cc1,[ 0.35261902  0.8191709  -0.47070426 -0.6872186   0.34689862]
CC(C)NC(=O)c1cnc(N2CCC(N3C(=O)OCc4ccccc43)CC2)c(Cl)c1,[-0.15711553  0.8668032  -0.6406328  -0.56373596 -0.05292786]
CC(C)(C)OC(=O)N1CCN(c2ncc(OCc3ccncc3)cn2)CC1,[ 0.18353437  0.9384178  -0.5465258  -0.48458612 -0.05863937]
CC(C)CCCCCN(CCCCCC(C)C)CCCCCC(C)C,[ 0.52361435  0.7988443   0.6513828  -0.63428265 -0.05051684]
c1ccc(OP(Oc2ccccc2)Oc2ccccc2)cc1,[ 0.54286456  0.69475675 -0.93014985 -0.71438366  0.2639502 ]
CC1(C)C2CCC1(C)C(O)C2,[ 0.08832318 -0.9189819  -0.85359275 -0.61535704 -0.24951956]
CCC(=O)OC1CCC2C3CCC4=CC(=O)CCC4(C)C3CCC12C,[-0.03510915  0.01106362 -0.66268    -0.9406274   0.15173887]
Cc1ccc(NC(=O)c2ccc(Cl)c(C(F)(F)F)c2)cc1C(=O)Nc1cccnc1,[ 0.3853579   0.7459032  -1.         -0.8421872   0.66883147]
Cc1ccc(-c2ccccc2)cc1,[ 0.2180193   0.7815058  -0.7724326  -0.7736953   0.03509861]
CCCCCCCCc1ccccc1O,[-0.03562708  0.86852634 -0.7476618  -0.6601413   0.05261944]
CC[C@H]1NC(=O)[C@@H](NC(=O)c2ncccc2O)[C@@H](C)OC(=O)[C@H](c2ccccc2)NC(=O)[C@@H]2CC(=O)[C@H](CS[C@@H]3CN4CCC3CC4)CN2C(=O)[C@H](Cc2ccc(N(C)C)cc2)N(C)C(=O)[C@@H]2CCCN2C1=O,[ 0.2183454  -0.98337007 -0.7549536  -0.42337805 -0.08374256]
CC(=O)OC(C(=O)NC(N)=O)c1ccccc1,[ 0.2950895   0.06100253 -0.6853961   0.33773223  0.9723426 ]
COc1cc(-c2cc(=O)c3c(O)cc(O)cc3o2)cc(O)c1OC,[ 0.07779429  0.9118793  -0.85741717 -0.8023782  -0.3156416 ]
C=C(C)C(=O)OCCC[Si](OC)(OC)OC,[ 0.2998923   0.8095013  -0.8649148  -0.842948    0.09535652]
CC(=O)N1CCN(c2ccc(OC[C@H]3CO[C@](Cn4ccnc4)(c4ccc(Cl)cc4Cl)O3)cc2)CC1,[ 0.22002307  0.78552175 -0.69134873 -0.31826434 -0.27809468]
C[NH2+]C(C)Cc1ccccc1,[ 0.05131007  0.84689045 -1.         -0.7430766   0.6803903 ]
COc1cc(OC)c(S(=O)(=O)NCc2ccccc2N2CCC(COC(=O)CCC(=O)O)CC2)cc1NC(=O)CCC(=O)O,[-0.1535597   0.85419524 -0.9330969  -1.         -0.45992962]
CCOCCCO,[ 0.10904263  0.16794744 -0.98680586 -0.37940097  0.2221885 ]
OCCCCC(O)CO,[ 0.16198584  0.79712516 -0.9992062  -0.42116168  0.6458986 ]
CCNC(=O)C=Cc1cccc(Br)c1,[ 0.19223729  0.13737448 -0.84308773  0.07912356  0.60439396]
C#CC(C)(C)O,[ 0.40088233  0.566901   -0.88349193 -0.01413286 -0.09057282]
C=CC(=O)OCCc1ccc(CC)cn1,[-0.0650249   0.85450804 -0.58144474 -0.56862706 -0.04353027]
CCCCCCCc1ccccc1O,[ 0.15751688  0.44156435 -0.6119699  -0.77358073 -0.66411364]
Cc1ccc2c(c1)c(-c1ccnc3cc(Cl)ccc13)c(C)n2CC(=O)O,[-0.09850109  0.31164724  0.29278976 -0.8845053   0.07632054]
O=C(NC1CC1)c1cc(-c2cccs2)on1,"[-3.4748703e-01  8.5144496e-01 -8.9933753e-01 -7.4567109e-01
  3.7721283e-04]"
CO/N=C(\C(=O)N[C@@H]1C(=O)N2C(C(=O)O)=CCS[C@H]12)c1csc(N)n1,[ 0.39106712 -0.19928506 -0.6715343   0.07973901 -0.03191648]
N=C(NN=Cc1ccc(Cl)cc1)NN=Cc1ccc(Cl)cc1,[ 0.12746885  0.55002755 -0.9794303  -0.8163242   0.10953118]
Cc1nn(C2CCCCC2)c(N)c1-c1ccccc1,[ 0.08205031  0.87408954 -1.         -1.         -0.08517507]
CCNC(=O)ON=C1SCOC1C,[-0.20092177  0.831526   -0.25100833 -0.7223308  -0.37774456]
COc1ccc(C[C@@H]2c3cc(OC)c(OC)cc3CC[N@+]2(C)CCC(=O)OCCCCCOC(=O)CC[N@@+]2(C)CCc3cc(OC)c(OC)cc3[C@H]2Cc2ccc(OC)c(OC)c2)cc1OC,[ 0.16375326  0.5104372  -0.28499025 -0.8569867   0.00939554]
O=[N+]([O-])c1c(Cl)c(Cl)c(Cl)c2nc(C(F)(F)F)[nH]c12,[ 0.14783122  0.5082698  -0.9132078  -1.         -0.0021875 ]
COc1cc(C(=O)NC2CCCNC2)cc(OC)c1OC,[-0.05443807  0.7070201   0.14264926 -0.5018749   0.05599913]
CC#CN(CC)CC,[ 0.35481176  0.85213774 -1.         -0.6792501   0.09097629]
COP(=S)(OC)Oc1ccc(C#N)cc1C,[-0.02054538  0.8840664  -0.67839557 -1.          0.434553  ]
CCOc1nc(C(Cl)(Cl)Cl)ns1,[-0.42011112  0.6067608  -0.8726995  -0.4541373   0.66017705]
Nc1ccc(F)c([N+](=O)[O-])c1,[ 0.4148598   0.8100652  -0.7842212  -0.5222585  -0.19535756]
COc1ccc([N+](=O)[O-])cc1N,[-0.5724377   0.7557117  -0.34042794 -0.19857465 -0.43336403]
Cc1ccc(CO)cc1N(C)c1ccnc(Nc2cc(N3CCCOCC3)cc(N3CCOCC3)c2)n1,[ 0.7306304   0.7124357  -0.73710334 -0.73983663 -0.09012365]
C1CSCCO1,[ 0.00540311  0.99925417 -0.02540212 -0.84133285  0.15799595]
S=c1[nH]c2cc(Cl)ccc2o1,[ 0.570733    0.98777455 -0.54257065 -0.5844192  -0.38575265]
NC(=O)Nc1cccc2c3c([nH]c12)CCCC3,[ 0.4432264   0.49864468 -0.7881418  -0.6242235   0.02564135]
COP(=O)(OC)SC(CC(=O)OC(C)C)C(=O)OC(C)C,[ 0.30547655  0.9544103  -0.5515361  -0.49146608  0.15752524]
Nc1ccc(Cl)cc1,[ 0.45339262  0.64164084 -0.44736153 -1.          0.1306959 ]
CCCC1CC(C(=O)NC(C(C)Cl)C2OC(SC)C(O)C(O)C2O)[NH+](C)C1,[ 0.44706583  0.5869745  -0.9314531  -0.41884643 -0.40438065]
CCC(CC)C(=O)OCCOCCOCCOC(=O)C(CC)CC,[ 0.31783104  0.46269888 -0.43997255 -0.19984885  0.35030478]
Cc1c(Sc2ccc(Cl)cc2)c2c(-c3ccccc3)cccc2n1CC(=O)O,[ 0.20338033  1.         -0.63816774 -0.6853245  -0.23836507]
CNC(=O)OCc1cccc(COC(=O)NC)n1,[ 0.43623924  0.89464605 -0.47353694 -0.11127208  0.08972201]
CSCC(=O)N(C)C(=O)Oc1ccccc1OC(C)C,[ 0.29181758  0.63819706 -1.         -0.7657076  -0.26925895]
CC1CS(=O)(=O)CCN1N=Cc1ccc([N+](=O)[O-])o1,[ 0.26604584  0.59685695  0.15450826 -1.         -0.09420403]
COP(N)(=O)SC,[-0.5295787   0.5590609  -0.73287773 -0.70852375  0.30265942]
CCC(C)c1ccc(Oc2ccc(C)cc2CC(=O)O)c(Cl)c1,[ 0.4179409   0.938046   -0.29262736 -0.6860197  -0.21677762]
CCS(=O)(=O)c1ccc(-c2cc(Cl)ccc2OCC(=O)O)cc1,[-0.4764471   0.82449657 -0.6934022  -0.37520003  0.11677461]
O=C(O)COc1ccccc1,[ 0.05423938  0.8532305  -0.90999955 -0.63804054 -0.2974641 ]
CN(C)CCOc1cc(NS(=O)(=O)c2c(Cl)cc(C(F)(F)F)cc2Cl)ccc1Cl,[ 0.1528086   0.89865506 -0.5083538  -0.27840862 -0.0839716 ]
CCC(CCCCOC(=O)c1ccccc1)COC(=O)c1ccccc1,[ 0.3543426   0.9423192  -0.83878833 -0.6591078   0.05816163]
CC(C)=CCOC(=O)c1ccccc1,[ 0.12882736  0.96097815 -0.55015415 -0.7859408  -0.608633  ]
NC(=O)[C@H](Cc1ccccc1)NC(=O)OCc1ccccc1,[ 0.18946491  0.7487712  -0.6729634  -0.7292661   0.20208015]
N#CCCOCCC#N,[-0.14217684  0.926059   -0.8659354  -1.         -0.09135193]
CCN(CC)c1ccc2cc(C(=O)NC3(C(=O)N[C@H](Cc4ccccc4)C(=O)NCC4CCN(CC5CCOCC5)CC4)CCCC3)sc2c1,[-0.42147028  0.38266304 -0.5933039   0.7919933  -0.3641813 ]
CCc1cc2c(s1)-n1c(C)nnc1CN=C2c1ccccc1Cl,[ 0.15858307  0.9129641  -0.9137449  -0.7423448  -0.5102402 ]
COc1ccc2ncc(=O)n(CCN3CC[C@@H](NCc4ccc5c(n4)NC(=O)CO5)[C@@H](F)C3)c2c1,[ 0.46924177  0.83892155 -0.7280132  -0.623696   -0.40153718]
CC1CS1,[ 0.44317594  0.9851285  -0.8706857  -0.81599975  0.02766771]
C/C=C/CC(C)C(O)C1C(=O)NC(CC)C(=O)N(C)CC(=O)N(C)C(CC(C)C)C(=O)NC(C(C)C)C(=O)N(C)C(CC(C)C)C(=O)NC(C)C(=O)NC(C)C(=O)N(C)C(CC(C)C)C(=O)N(C)C(CC(C)C)C(=O)N(C)C(C(C)C)C(=O)N1C,[-0.04707514  0.82106906 -0.68315554 -1.         -0.06541828]
CCCCOCCOC(C)=O,[ 0.20001075  0.8634572  -0.6945572  -0.74765134 -0.48994362]
CC(=CC(=O)O)C(=O)O,[ 0.12396347  0.7019094  -0.81244594 -0.84932524 -0.45758346]
C=C(C)C(=O)OC=C(C)C,[ 0.48016176 -0.55400586 -0.7855795  -0.5481743  -0.43454233]
COc1nc(C)nc(Cl)c1NC1=NCCN1,[ 0.14507417  0.8674778  -0.84733367 -0.56335235 -0.22440518]
Cc1cc(Nc2nc(N[C@@H](C)c3ccc(F)cc3)ncc2Cl)n[nH]1,[ 0.35364532  0.3930716  -0.76304215 -0.90271765 -0.6401167 ]
COC(=O)/C=C/CNC(=O)CN1C(=O)[C@@H](COC(=O)Nc2ccc(Cl)cc2C(F)(F)F)N=C(c2ccccc2)c2ccccc21,[-0.20787288  0.80523515 -0.66657233 -0.62479997 -0.49609604]
C=CC(C)CCCC(C)(C)O,[ 0.31038174  0.5177688  -0.41149458 -0.6152945  -0.1067464 ]
O=C(/C=C/c1ccccc1)NCCO,[-0.58551615  0.69361126 -1.         -0.36027622 -0.08881193]
Cc1ccc(S(=O)(=O)N(C)C(=O)N2CCC(N3CCC(Oc4ccc(Cl)c(Cl)c4)CC3)CC2)cc1,[-0.20302953 -0.11759688 -0.91551924 -0.8590927   0.15105072]
CCNC(=O)C(C)OC(=O)Nc1ccccc1,[ 0.38984025  0.7132209  -0.78158927 -0.8407597  -0.14814374]
Cc1c(Cl)c([N+](=O)[O-])c2[nH]c(C(F)(F)F)nc2c1[N+](=O)[O-],[ 0.15001659  0.3777263  -0.29287097 -0.87524265 -0.06635926]
CCCCOC(=O)C1CC1OCCCC,[-0.00294344  0.890802   -0.510741   -0.28319657  0.17233688]
CC(O)CO,[ 0.41581666  0.8653855  -1.         -0.7566298   0.897976  ]
C=CN(C)N=O,[ 0.4389775   0.7286541  -0.67000675 -0.17937188 -0.37388012]
O=C(CCCCCCC(=O)Nc1ccccc1)NO,[ 0.3770549  -0.05587175 -0.897608   -0.9980346  -0.21593617]
Nc1ccc(Cl)cc1Cl,[ 0.31072825  0.8398335  -1.         -0.70243835 -0.24281012]
CC(C)CCOC(CO)CC(C)C,[-0.07272819  0.4004811  -0.98634654 -0.9857859  -0.32407278]
CCOP(=S)(OCC)Oc1cccc(F)n1,[ 0.21391448  0.89031273 -0.8636728  -0.5560874   0.7101529 ]
N#Cc1ccc2[nH]c(C(F)(F)F)nc2c1,[ 0.364537    0.82563317 -0.76483977 -0.5635097  -0.18044779]
CC(C)CCC(C)Nc1ccc(Nc2ccccc2)cc1,[-0.04759485  0.50325346 -0.9431092  -0.9875467  -0.19193153]
CCN(CC)CCOCCO,[ 0.08488604 -0.4668653  -1.         -0.662997   -0.03849328]
Oc1c(O)c(-c2c(Cl)c(Cl)c(Cl)c(Cl)c2Cl)c(Cl)c(Cl)c1Cl,[ 0.39347044  0.8206038   0.8381725  -0.23777246 -0.20090799]
C1=CC2C=CC1C2,[-0.02285385  1.         -0.98006827 -0.5463459  -0.01687582]
FC(F)=C(F)CCSc1ncccn1,[-0.0688749   0.52726275 -0.679476   -0.9498603   0.01238212]
Cc1ccc2c(c1)c(Sc1cccc(Cl)c1)c(C)n2CC(=O)O,[-0.01569125  0.9231271  -0.889381   -0.87652886 -0.05848762]
C[N+](C)(C)[NH2+]CCC(=O)[O-],[ 0.45207253  0.745674   -0.83136106 -0.76654595  0.10098151]
c1ccc2[nH]c(-c3cscn3)nc2c1,[ 0.48511794  0.78301245 -0.48670444 -0.6420158   0.11578771]
O=C(CCc1ccccc1)OC1=C(OC(=O)CCc2ccccc2)C(=O)OC1=O,[-0.12699999  0.79870063 -0.46907577 -0.46762416  0.05394454]
CC(=O)c1c(C)c2cnc(Nc3ccc(N4CCNCC4)cn3)nc2n(C2CCCC2)c1=O,[-0.5678513   0.87089926 -0.9355115  -0.72094387  0.35288355]
COP(=S)(OC)SC1CSC=CO1,[-0.4147546   0.74510777 -0.8799258  -0.7367324  -0.08589771]
COP(=O)(SC(C)C)SC(C)C,[-0.46754566  0.78538096  0.07942114  0.01946599 -0.4371617 ]
NCCCC[C@H](N[C@@H](CCc1ccccc1)C(=O)O)C(=O)N1CCC[C@@H]1C(=O)O,[-0.21406128 -0.04548392 -0.5329261  -0.93520176 -0.1873336 ]
CN(C)c1ccc(N=Nc2ccccc2)cc1,[ 0.02620914  0.82640713 -0.75483173 -0.63923013 -0.0232892 ]
COP(=S)(OC)SCc1nc(N)nc(N)n1,[ 0.63323444  0.83892584 -0.7984036  -0.5357297  -0.54662806]
CCOC(=O)Cl,[ 0.38974026  0.8824256  -0.4863958  -0.88239443 -0.04636525]
O=C(O)COc1ccc(Cl)cc1CN1CCN(S(=O)(=O)Cc2ccccc2)CC1,[ 0.05203499  0.88891745 -0.543855   -0.53514344 -0.43339726]
CC=CC(C)=O,[ 0.648045   0.3872969 -1.        -0.7043918 -0.5392123]
COc1cccc2c1cc([N+](=O)[O-])c1c(C(=O)O)cc3c(c12)OCO3,[-0.26029035  0.9122986  -0.7310032  -0.7717249  -0.39956576]
C=C(C)c1ccc(C(C)(C)N=C=O)cc1,[ 0.10854164  0.6272667  -0.55765927 -0.73051035 -0.5216008 ]
N=C(Nc1c([N+](=O)[O-])cnc2ccccc12)N1CCOCC1,[-0.18747413  0.79935294 -0.81197083 -0.31354457  0.04219081]
COP(=S)(OC)Oc1nc(Cl)c(Cl)cc1Cl,[ 0.18954197 -0.24323605 -0.95529574 -0.97959334  0.02188215]
C[C@@H]1NC(=O)[C@@H](C)N(C)C(=O)[C@H](C)N(C)C(=O)[C@@H](C)N(C)C(=O)[C@@H](C)N(C)C(=O)[C@H](C)NC1=O,[-0.36389124  0.48784173 -0.58063215 -0.62668175  0.01085839]
C=C[Si](OC)(OC)OC,[ 0.24143916  0.79054123 -0.95063365 -1.          0.09328189]
O=C(OCC(COC(=O)c1ccccc1)(COC(=O)c1ccccc1)COC(=O)c1ccccc1)c1ccccc1,[ 0.34005246 -0.21352567 -1.         -0.6026516  -0.46671304]
Cc1cc(=O)n(CSP(=S)(OC(C)C)OC(C)C)nc1Cl,[-0.13963518  0.701952   -0.8223386  -0.75913644 -0.0688088 ]
CC(C)NCC(O)COc1cccc2ccccc12,[ 0.425606    0.94282246 -0.8688813  -0.91568816  0.04793083]
COP(=S)(OC)SCSCC=C(Cl)Cl,[ 0.14087129  0.8103236  -0.8660754  -0.8035769   0.09321369]
CC(C)=CCl,[ 0.5757064   0.8839683  -0.7548571   0.08019623  0.47942927]
BrC(Br)Br,[ 0.26336828  0.08728429 -0.76416373  0.8551804   0.57752347]
COc1ccc(CC(C)=O)cc1,[ 0.19534911  0.8999361  -0.83553296 -0.73834467  0.696616  ]
CCOP(=S)(OCC)Oc1cc(C)n(CC)c(=O)c1,[ 0.1026875   0.82798374 -0.92110324 -1.         -0.30673572]
FC(F)(F)c1nc2c(I)cc(I)cc2[nH]1,[ 0.25024867  0.92562526 -0.7292136  -0.4970714   0.21433552]
CCCN(N=O)C(N)=O,[ 0.20174307  0.8193293  -0.826693   -0.750228    0.13345896]
CO[Si](CCCn1c(=O)n(CCC[Si](OC)(OC)OC)c(=O)n(CCC[Si](OC)(OC)OC)c1=O)(OC)OC,[ 0.2681814   0.68518555 -0.5792862  -0.54976445 -0.0574379 ]
O=C(OCC1CO1)c1ccccc1C(=O)OCC1CO1,[ 0.7542317  -0.0936131  -0.75468856 -0.3880872   0.10101333]
CC(C)NCC(O)COc1ccc(COCCOC(C)C)cc1,[ 0.13921382  0.8145219  -0.6120141  -0.66052175 -0.32824647]
BrC12CC3CC(CC(C3)C1)C2,[-0.371911    0.79077345 -0.90890384 -0.7783723   0.05239692]
CC(=O)O[C@H]1C[C@@H]2CC[C@@H]3[C@H](CC[C@@]4(C)[C@H]3C[C@H]([N+]3(C)CCCCC3)[C@@H]4OC(C)=O)[C@@]2(C)C[C@@H]1N1CCCCC1.[Br-],[-0.25280562  0.82032293 -0.90622437 -0.9344466  -0.2985666 ]
CCC(c1ccccc1)c1c(O)c2ccccc2oc1=O,[ 0.11774864  0.87531394 -0.84081995 -0.9117483  -0.27426147]
Cc1cc(OC(=O)N(C)C)n(-c2ccccc2)n1,[-0.44302803  0.7512745  -0.7482989  -0.6253373  -0.12210394]
CNC(=O)Oc1ccc(Cl)c2c1OC(C)(C)C2,[-0.13576412 -0.26809037  0.38232407 -0.6373201  -0.40245402]
CNC(=O)Oc1cc(C)c(N(C)C)cc1C(C)C,[ 0.48269442  0.85557145 -0.65795135 -0.05087961  0.09272026]
CC(=Cc1ccccc1)CC(=O)N1CCOCC1,[-0.28742707  0.8871267  -0.7701153  -0.47128072 -0.2715063 ]
CN(C)C(=O)Nc1ccc(Cl)cc1,[ 0.51596636  0.6681979  -0.7611786  -0.554218    0.1097172 ]
COc1cc2c(cc1OC)C(CCc1ccc(Cl)cc1)N(C)CC2,[ 0.32305765  0.7960395   0.55764043 -0.3135496   0.21909046]
CCCSP(=S)(OC)SCCC,[ 0.5521735   0.78297776 -0.79755    -0.388204    0.09705919]
C=CCNC(=O)C(=O)C(CCC)NC(=O)C1CC2CN1C(=O)C(C1CCCCC1)NC(=O)Cc1cccc(c1)OCCC(C)(C)O2,[ 0.25841713  0.59716666 -0.93147    -0.5231133   0.03837654]
Cc1cnc(C)cn1,[ 0.4551371  -0.25419912 -0.83893895 -0.3915018   0.2994661 ]
COc1cc(Nc2nc(N[C@@H](C)c3ncc(F)cn3)ncc2Br)n[nH]1,[ 0.3062142   0.8613472  -0.14724407 -0.7491569  -0.39276212]
O=c1[nH]cnc2c1ncn2[C@H]1CC[C@@H](CO)O1,[-0.19551769  0.62870693 -0.69077677 -0.64376646  0.06607719]
SCCc1cnccn1,[-0.35575533  0.64264524 -0.70650166  0.07181183  0.1483137 ]
Cc1cn([C@H]2CCCN(S(=O)(=O)c3ccc(CO)c(Oc4cccc(Cl)c4)c3)C2)c(=O)[nH]c1=O,[ 0.16194086 -0.43851858 -0.269176   -0.5761135  -0.42696008]
CCCCn1c(=O)n(CCC)c(=O)c2[nH]c(C)nc21,[ 0.18979433  0.9659833  -0.8616586  -0.8748006   0.1430424 ]
FC(F)(F)c1nc2c(Br)c(Br)cc(Br)c2[nH]1,[-0.02255013  0.7066828  -0.9133     -0.85736156 -0.03581536]
O=C(O)c1ccccc1-c1c2ccc(=O)cc-2oc2cc(O)ccc12,[-0.03700389  0.8839405  -0.6125761  -0.41829416 -0.34855857]
C/C=C(/C)C(=O)O[C@H](c1cc2ccc(=O)oc2cc1OC)[C@H](O)C(C)(C)O,[ 0.5281491   0.8952678  -0.8512864  -0.33980426  0.46382463]
O=C(Nc1ccc(Br)cc1)c1cc(Br)cc(Br)c1O,[ 0.19391671  1.         -0.78333104 -0.58093244 -0.54894674]
C(=NC1CCCCC1)=NC1CCCCC1,[-0.16851665  0.9197433  -0.67037576 -0.9811142  -0.22811921]
CCC1OC(C)SC1=NOC(=O)NC,[-0.24786288  0.8773788  -0.7309063   0.07803582 -0.0145488 ]
CCCCCCCC[Si](OCC)(OCC)OCC,[ 0.27135277  0.22180912 -0.73866767 -0.53309906  0.56282043]
C[NH+](CCOc1ccc(NS(C)(=O)=O)cc1)CCc1ccc(NS(C)(=O)=O)cc1,[ 0.22665018  0.8346139  -0.83019483 -0.70456016 -0.53312707]
CNC(=O)c1cccc2c(Nc3ccc(NS(C)(=O)=O)cc3OC)c3cccc(C)c3nc12,[ 0.3538722   0.55914545 -0.81407225 -0.41104078  0.6196614 ]
CN(CC=CC#CC(C)(C)C)Cc1cccc2ccccc12,[-0.3031578   0.9334561  -0.7645016  -0.7579607  -0.17203805]
CCOC(=O)C=Cc1ccc2c(c1)OCO2,[ 0.2081594   0.7693719  -0.87173724 -0.83961916 -0.31433538]
CCC(=O)NC[C@H]1CN(c2ccc(-c3nncs3)c(F)c2)C(=O)O1,[-0.40878406  0.7394573  -0.8316804  -0.20280899 -0.39650694]
Cc1ncsc1C,[-0.14602256  0.8181223  -0.9190597  -1.          0.13526084]
C=CCN1CCC23CCCCC2C1Cc1ccc(O)cc13,[-0.05184187  0.5963499   0.37597394 -0.46445122 -0.30087274]
ClCCCBr,[ 0.17444511  0.14738218 -0.01454371 -0.28253818 -0.20100364]
CC(C)CCI,[ 0.49396095  0.8316624  -0.54113775 -0.547803   -0.13573125]
CC(C=O)=Cc1ccco1,[ 0.17337817  0.9040082  -0.8630985  -0.8081394   0.67077404]
CN(CC#N)N=O,[ 0.12773941  0.88247013 -1.         -0.8452171  -0.20339696]
C[C@@H]1CN(Cc2ccc(F)cc2)CCN1C(=O)COc1ccc(Cl)cc1NC(N)=O,[ 0.45075366  0.8124804  -0.9548258  -0.67165184 -0.49573645]
CC(=O)CCc1ccc(O)cc1,[ 0.27685517  0.7817142  -0.838556   -0.95420337  0.24196419]
CN(C)CCOCCOCCN(C)C,[ 0.1224677  -0.5675255  -0.7445534  -0.7280051  -0.18191926]
CN(C)CCC(c1ccc(Cl)cc1)c1ccccn1,[ 0.31631836  0.93114    -0.7504343   0.22484937 -0.47468534]
O=C1C(Cl)C(CCl)CN1c1cccc(C(F)(F)F)c1,[ 0.24950063  0.7721188  -0.7603811   0.05404451  0.5386881 ]
N[C@H]1CCN(c2c(Cl)cccc2/C=C2\SC(=O)NC2=O)C1,[ 0.27511743  0.68678176 -0.9793852  -0.96365875 -0.2127588 ]
Cc1ccn(C(=O)NCCCCCCCl)n1,[ 0.73967594 -0.15765722 -0.46742362  0.45593944  0.18962263]
O=C(CCl)OCCOCCO,[-0.2558811   0.52847284 -0.9546912  -0.8304487  -0.08039095]
Cc1cc(-c2ccc(Cl)c(C(=O)NCC3(O)CCCCCC3)c2)nn1C[C@H](O)CN,[ 0.44859526  0.6911659  -1.         -0.7769219  -0.09720073]
Cc1cnc(NCCCN(C)C)c2c1[nH]c1ccc3cc(O)ccc3c12,[ 0.45582205  0.80535686  0.30615535 -0.6996308   0.04678698]
COCCOCCOC(C)=O,[ 0.49588612  0.85724497 -0.49955514 -0.3779409   0.05223855]
O=C(Oc1ccccc1)c1ccccc1C(=O)Oc1ccccc1,[ 0.17172097  0.31209952 -0.870009   -0.5484125  -0.19664408]
CCCCN(CCCC)SN(C)C(=O)ON=CC(C)(C)SC,[ 0.23057483  0.84724814 -0.5503933  -0.79607177 -0.411111  ]
CC(=O)N[C@H](C)C(=O)NCCc1ccccc1,[ 0.23160629  0.3622772  -0.81827235 -0.6513678  -0.14090064]
CCN(CC)c1c([N+](=O)[O-])cc(C(F)(F)F)c(N)c1[N+](=O)[O-],[ 0.38439593  0.7800083  -0.7378319  -0.57153696 -0.13991722]
O=[N+]([O-])c1cccc(O)c1,[-0.13852899  1.         -0.63091344 -0.8145166   0.08656012]
Cc1ccc(S(=O)(=O)Nc2c(C(=O)N[C@@H](C)C(C)(C)C)c(C)nn2C(C)C)cc1,[-0.38120204  0.8245521  -1.         -0.7721662  -0.42632946]
CC1OC(n2ccc(NC(=O)c3ccc(NC(=O)C(C)(N)CO)cc3)nc2=O)CCC1OC1OC(C)C(N(C)C)C(O)C1O,[ 0.3927348   0.97424924 -0.57608616 -0.8125696  -0.06435029]
CCC(C)(C)OC(=O)Nc1ccco1,[ 0.5203174   0.60764384 -0.7523665  -0.04490925  0.02932694]
CCCCN1C(=O)c2cccc([N+](=O)[O-])c2C1=O,[ 0.44492418  0.33377323 -0.42127886 -0.27653623  0.5056328 ]
CC(=O)OC(C(Cl)(Cl)Cl)P(=O)(Oc1ccccc1)Oc1ccccc1,[-0.00400679 -0.37166777 -0.3378827  -0.730869   -0.04512056]
Clc1ccc(C(OCCN2CCCCC2)c2ccccc2)cc1,[-0.4489155   0.9694799  -0.76290023 -0.77518296 -0.11422049]
O=CC1=CCCCC1,[ 0.09364236  0.89834934 -0.9232172  -0.40000182  0.0422111 ]
Cc1c(Sc2ccc(Cl)cc2)c2c(-c3cnccn3)cccc2n1CC(=O)O,[-0.24957968 -0.33326563 -0.72800773 -1.         -0.08346882]
COc1cc2c3c(c1O)C1(C=CC(=O)C=C1)CC3N(C)CC2,[ 0.2384436  -0.5142028  -0.8944246  -0.5705759  -0.08499978]
N=C(N)Nc1nc(CSCCC(=N)NS(N)(=O)=O)cs1,[ 0.66019756  0.6794542  -0.912106   -0.599412   -0.26757354]
C=CC(=O)OCCOCC,[ 0.37380916  0.8428568  -0.70498776  0.13987856 -0.17074965]
COP(=O)(OC)OC(=CCl)c1cc(Cl)ccc1Cl,[ 0.3365632   0.8649577  -0.98902225 -0.66417617 -0.42786708]
C[C@@H]1O[C@@H](O[C@@H]2[C@@H](O)[C@H](OCCc3ccc(O)c(O)c3)O[C@H](CO[C@@H]3O[C@H](CO)[C@@H](O)[C@H](O)[C@H]3O)[C@H]2OC(=O)/C=C/c2ccc(O)c(O)c2)[C@H](O)[C@H](O)[C@H]1O,[ 0.32127348  0.9959181  -1.         -0.47561023 -0.47351238]
C=COC(=O)CCCCC(=O)OC,[ 0.12601104  0.05849759 -0.8451329  -0.56259316  1.        ]
COc1cnc(-c2ccccc2C(F)(F)CNC(=O)c2ccc(COCC(F)(F)F)nc2)cn1,[-0.1215652   0.01651972 -0.5282358  -0.7642331   0.15949708]
CCCCCCCC=CC=O,[ 0.10858292  0.7498668  -0.8930062  -0.8659558   0.3684549 ]
CN(CCOc1ccc(CC2SC(=O)NC2=O)cc1)c1ccccn1,[ 0.05455836  0.9007416  -0.21391363 -0.79725033 -0.07782561]
CC(Cl)(Cl)[N+](=O)[O-],[ 0.38450968  0.77829075 -0.74833506 -0.609318   -0.01690166]
Cc1ccc(C(=O)c2ccc(CC(=O)NCC(=O)Nc3cccc(C)c3C)n2C)cc1,[ 0.13285978  0.7095681  -0.45281672 -0.14033563 -0.06626047]
Cc1c(F)cc(C(=O)NC2CC2)cc1-c1ccc(C(=O)NCC(C)(C)C)cn1,[ 0.19210094  0.72636616 -0.6276765  -0.69026923  0.84852076]
CC(=O)Nc1ccc(CNc2[nH]nc3ccnc(Oc4ccccc4)c23)cc1,[ 0.5703503   0.8203653  -0.64026827 -0.87207645 -0.3031543 ]
O=C(CN1CCNCC1)NN=Cc1ccc([N+](=O)[O-])o1,[ 0.16794829  0.7151522  -0.80147964 -0.86639833 -0.26675302]
O=C(Cc1ccc(Cl)c(C(F)(F)F)c1)Nc1cccc2c(=O)n(CCO)ccc12,[ 0.5206094   0.36813906 -0.6034172  -0.72729    -0.40630177]
CC(C)(C)c1cc([N+](=O)[O-])cc([N+](=O)[O-])c1O,[ 0.09447714  0.46288314 -0.85187036 -0.8010118  -0.3983769 ]
Cc1c(C(C)C)c(=O)n(-c2ccccc2)n1C,[ 0.16606352  0.4916273  -0.08108205 -0.44538337  0.83736414]
NCCNCCNCc1ccccc1O,[ 0.07873247  0.8642628  -0.5803098  -0.81641245  0.18743782]
COc1ccc(-c2nc3ccc(C4=NNC(=O)CC4C)cc3[nH]2)cc1,[ 0.27915463  0.51035386 -0.33757988 -0.89671594 -0.4784483 ]
C1CN1P1(N2CC2)=NP(N2CC2)(N2CC2)=NP(N2CC2)(N2CC2)=N1,[-0.6260845   0.80949473 -0.8969977   0.96954113  0.452243  ]
O=Cc1cccc2ccccc12,[-0.00921114  0.82607406 -0.9237894  -0.9815823   0.5571315 ]
CCCSP(C)(=S)Oc1ccccc1,[ 0.44563338  0.55229557 -0.84895843 -0.44230887  0.5216235 ]
CCCNC(=O)[N-]S(=O)(=O)c1ccc(Cl)cc1,[-0.17313956  0.8921691  -0.7691293  -0.7368087  -0.2279253 ]
OC[C@@H]1CC[C@H](n2cnc3c(O)ncnc32)O1,[ 0.4278384   0.62332994 -0.9825819  -0.07040193  0.0903531 ]
CC(C)(C)NC(=O)C1CC2CCCCC2CN1CC(O)C(Cc1ccccc1)NC(=O)C(CC(N)=O)NC(=O)c1ccc2ccccc2n1,[ 0.57612103  0.5849985  -0.6440633  -0.7453287   0.48108038]
c1cc2c(c(N3CC[NH2+]CC3)c1)OCCO2,[ 0.53217524  0.7222345   0.20643319 -0.52835214  0.14905956]
CCCCN(CCCC)CCCC,[-0.09172367  0.9183336  -0.6546487  -0.8756649  -0.5253924 ]
NCC1CCC=CO1,[-0.35078543  0.7596833  -0.66409916 -0.8871703   0.18042459]
O=S1(=O)CCN(c2ccccc2)CC1,[ 0.31123096  0.9038917  -0.6539005  -0.88032407 -0.5866381 ]
CCCCC(CC)COCCO,[-0.11265814  0.6311114  -0.93705237 -0.4632804   0.15887359]
CC(c1ccccn1)c1c(CC[NH+](C)[14CH3])sc2ccccc12,[-0.3639588   0.7457367   0.80248696 -0.1379984   0.28683892]
CC(C)[N+](=O)[O-],[ 0.4989426   1.         -0.8180319  -0.66403544 -0.46657282]
Cc1ccc(N=C=O)cc1,[ 0.64598906  0.48272365 -0.7776623  -0.6188825   0.6212717 ]
C#CCN1C(=O)CN=C(c2ccccc2)c2cc([N+](=O)[O-])ccc21,[ 0.18089001  0.9550294  -0.8154839  -0.55358064 -0.31640908]
Cc1cnc(Nc2cc(N3CCOCC3)nc(N[C@@H](C)c3ncc(F)cn3)n2)s1,[ 0.38882694  0.59308004 -0.80604726  0.03159592 -0.09832158]
CCCC(=O)c1ccc(N)cc1,[ 0.5326644   0.7786636  -1.         -0.9812284  -0.32368886]
Nc1cc2c(cc1C1CCCCC1)CCC2C(=O)O,[ 0.32105657  0.23720603 -0.8998672   0.27090636 -0.19273213]
COCCOC(=O)CC#N,[-0.16256803  0.9254031  -0.8516672  -1.          0.01277115]
O=C(O)Cc1ccccc1N1CCC(CN2CCC(Oc3ccc(Cl)c(Cl)c3)CC2)CC1,[ 0.15848376  0.98673403 -0.86098015 -0.8740217  -0.34747773]
CC(C)(C)c1ccc2c(c1)C(C)(C)CC2,[ 0.00870027  0.5938903  -0.7211769   0.33723685  0.29974246]
NC(=O)c1cnc(N[C@@H]2CCCC[C@@H]2N)nc1Nc1cccc(-n2nccn2)c1,[-0.48036706  0.856582   -0.6215338  -0.81879544  0.24714114]
Cc1ccc(S(=O)(=O)Nc2c(C(=O)NC3CCCCC3)c(C)nn2-c2ccccc2)cc1,[-0.10734329  0.78092563 -0.9249409  -0.5183186  -0.26991743]
CN(CCCl)CCCl,[ 0.5762884   0.6053501  -0.8329672  -0.9302128   0.05710165]
Clc1ccc(OCOc2ccc(Cl)cc2)cc1,[ 0.5678602   0.7324112  -0.52161306 -0.26808277  0.3092175 ]
Cc1nn(C)c(Oc2ccccc2)c1C=NOCc1ccc(C(=O)OC(C)(C)C)cc1,[-0.27747837 -0.8073969  -0.04791189 -0.6187543  -0.16823035]
ClCc1cccc2ccccc12,[ 0.2886011   0.8412899  -0.7988033  -0.83820546 -0.0510255 ]
CC([NH3+])Cc1ccccc1,[ 0.09490692  0.5997692  -0.7897167  -0.8109112  -0.18871763]
O=P([O-])([O-])C(Cl)(Cl)P(=O)([O-])O,[ 0.38806435  0.88065654 -0.781075   -0.7039691  -0.30347592]
C=CC(=O)OCC(=O)OCC,[-0.80547726  0.96346426 -0.560076   -0.6397551  -0.19317587]
CC(C)(C)NCCC(O)c1cc(C(F)(F)F)nc2c(C(F)(F)F)cccc12,[ 0.24117811  0.6056255  -0.82019156 -0.5785692  -0.07073926]
Cc1cc(Nc2nc(N[C@@H](C)c3ncc(F)cn3)nc(N3CCOCC3)c2F)n[nH]1,[-0.17355573  0.75578344 -0.5059927  -1.         -0.11963084]
CC(C)CON=O,[ 0.5735546   0.505406   -0.05244239 -0.977118   -0.31079277]
C[C@@H]1CC[C@H]2[C@@H](C)[C@@H](OC(=O)CCC(=O)O)O[C@@H]3OC4(C)CC[C@@H]1[C@@]23OO4,[ 0.5934651   0.8552105  -0.66478777 -0.8649167   0.16543853]
CCCOC(=O)c1ccc(C(=O)OCCC)nc1,[-0.05584515 -0.27083027 -0.83883774 -0.55230176 -0.06616526]
CC1=C2C[C@H]3[C@@H](CC=C4C[C@@H](O)CC[C@@]43C)[C@@H]2CC[C@]12O[C@@H]1C[C@H](C)CN[C@H]1[C@H]2C,[-0.37860736  0.79208744 -0.19994818 -0.58171785 -0.15249312]
CC(C)Oc1cc(-n2cnc3ccc(N[C@@H](CO)c4ccc(F)cn4)nc32)n[nH]1,[-0.65627813  0.7714545  -0.6286656  -0.82736206 -0.13624537]
CC(C)(C)c1cc(O)ccc1O,[ 0.03356977  0.8987405  -0.4962688   0.73667085  0.2292137 ]
C[C@@H]1NC(=O)[C@H](C)N(C)C(=O)[C@@H](C)N(C)C(=O)[C@H](C)NC(=O)[C@@H](C)NC(=O)[C@@H](C)N(C)C1=O,[ 0.11342767  0.8031448  -0.9370272  -0.8511108   0.03300365]
O=C(/C=C/c1ccc(O)c2c1C(C(=O)O)C(c1ccc(O)c(O)c1)O2)OC(Cc1ccc(O)c(O)c1)C(=O)O,[ 0.337       0.7614091  -0.841369    0.42286956 -0.27625194]
S=C1NCCNC(=S)S1,[ 0.26070032  0.3417376  -0.53283167 -0.68524086 -0.25781083]
O=C(O)[C@@H](c1ccccc1)N1CCC(CN2CCC(Oc3ccc(Cl)c(Cl)c3)CC2)CC1,[ 0.70446384  0.74210894 -0.7569687  -0.14024624 -0.36129653]
CSCCNc1nc(SCCC(F)(F)F)nc2c1ncn2C1OC(COP(=O)([O-])OP(=O)([O-])C(Cl)(Cl)P(=O)([O-])[O-])C(O)C1O,[-0.60574347  1.         -0.96615493 -0.37289086 -0.14553227]
CCC(=O)O,[-0.36682436  0.79447436 -0.8340982  -0.8677966   0.3932223 ]
CCC1OC(=O)C(C)C(=O)C(C)C(OC2OC(C)CC([NH+](C)C)C2O)C(C)(OC)CC(C)C(=O)C(C)C2N(CCCCn3cnc(-c4cccnc4)c3)C(=O)OC12C,[-0.59170836  0.9583181  -0.30654344 -0.75721914  0.17619766]
C=CCc1cc(OC)c(OC(C)Cc2cc(OC)c(OC)c(OC)c2)c(OC)c1,[ 0.13365893  0.6039842  -0.7592591  -0.12570438 -0.17779839]
C/C([O-])=C(\C#N)C(=O)Nc1ccc(C(F)(F)F)cc1,[ 0.31298307  0.44926497 -0.6286129  -1.         -0.22202426]
[O-][n+]1onc2c1c1no[n+]([O-])c1c1no[n+]([O-])c21,[ 0.42819518  0.59499794 -0.69796306 -0.8015954  -0.14318727]
CCCCOCC1CO1,[-0.22779684  0.45005298 -0.9879455  -1.         -0.06518107]
NS(=O)(=O)c1cc2c(cc1Cl)NCNS2(=O)=O,[ 0.44229367  0.53850114 -0.84881335 -0.85647696  0.08841433]
Cc1ccc2c(c1)c(S(=O)(=O)c1ccc(Cl)cc1)c(C)n2CC(=O)O,[ 0.5367452   0.1279969  -0.8840922  -0.3771292   0.37999168]
C[NH+]1CCc2cccc3c2C1Cc1ccc(O)c(O)c1-3,[ 0.25214955  0.81007737 -0.26002017 -1.          0.10171963]
O=c1n(CC2CO2)c(=O)n(CC2CO2)n1CC1CO1,[-0.03694022  0.27123976 -0.9654429  -0.8995216  -0.21888606]
CC[C@H]1OC(=O)[C@H](C)[C@@H](O[C@H]2C[C@@](C)(OC)[C@@H](O)[C@H](C)O2)[C@H](C)[C@@H](O[C@@H]2O[C@H](C)C[C@H](N(C)C)[C@H]2O)[C@](C)(O)C[C@@H](C)C(=O)[C@H](C)[C@@H](O)[C@]1(C)O,[ 0.08973806  0.7714205  -0.9427438  -0.838738    0.01305107]
CN(C)CCC=C1c2ccccc2CCc2ccccc21,[ 0.02787227  0.54705054 -0.6040245  -0.52873313  0.41136283]
O=C(NC[C@@H](O)CN1CCC(Oc2ccc(Cl)c(Cl)c2)CC1)c1c[nH]c(=O)c2cc(F)ccc12,[-0.43217334  0.8381715  -0.55197865 -0.9844301   0.22580934]
C#CCc1ccc(COC(=O)C2C(C=C(C)C)C2(C)C)o1,[ 0.24542542  0.12907246 -0.57073057 -0.6931305   0.18122356]
Cc1ncc(CS)c(CO)c1O,[-0.20273869  0.67273206 -0.90944064 -0.8180417  -0.1762573 ]
NCC(O)CO,[ 0.26967916  0.9654994  -0.55744034 -0.07965906  0.5943625 ]
O=P(O)(O)C(O)(Cn1ccnc1)P(=O)(O)O,[-0.23181185  0.7409771  -0.7242229  -0.94887435  0.03532163]
CCOC(=O)CCC1(CCC(=O)OCC)c2ccccc2-c2ccccc21,[-0.2572885   0.01511376 -0.8508723  -0.6605914  -0.05039523]
CN1CN(CCO)CSC1=S,[ 0.40748063  0.9119854  -0.7447141  -0.612432    0.1464129 ]
C=COC(=O)C=CC,[ 0.13492177  1.          0.56805396 -0.26355687  0.3002723 ]
Nc1ccc(F)c(F)c1F,[-0.33734995  0.6813827  -0.28730068 -0.8546647   0.7349327 ]
ClCc1ccccc1,[ 0.43671286  0.85643464 -0.32850823 -0.62516165  0.08523824]
CC1CCCCN1N=O,[ 0.2067531   0.76260287 -0.70051295 -0.7466459  -0.06623393]
COC(=O)Cc1ccccc1,[-0.2716718   0.9053956  -0.8757429  -0.65599984 -0.26046637]
CCN1C(=O)NC(c2ccccc2)C1=O,[ 0.15498051  0.4298461  -0.07515172 -0.6186628   0.49545535]
CC(=O)N(C)c1ccc(Nc2ncc3cc(-c4ccncc4)ccc3n2)cc1,[-0.3777103   0.83480084 -0.72151333 -0.0883447   0.3919696 ]
C[NH+]1CCOC(c2ccccc2)c2ccccc2C1,[ 0.477495    0.36073884 -0.7286106  -0.72099733  0.09732357]
CC(=O)NCCCS(=O)(=O)[O-],[ 0.45344877  1.         -0.30973035 -0.8154942   0.01407276]
C[C@@H]1NC(=O)[C@@H](C)N(C)C(=O)[C@@H](C)N(C)C(=O)[C@H](C)NC(=O)[C@H](C)N(C)C(=O)[C@@H](C)N(C)C1=O,[ 0.16225092  0.18627366 -0.91110235  0.43682444  0.14254381]
c1c[nH]cn1,[ 0.40405792  0.84813607 -0.88565326  0.17733182 -0.2970424 ]
COC(=O)c1cc(Oc2ccc(Cl)cc2Cl)ccc1[N+](=O)[O-],[-0.38864678  0.46705225 -0.77235335 -0.6707133  -0.2044827 ]
Cc1ncc(C[n+]2csc(CCO)c2C)c(N)n1,[-0.03455517 -0.37613404 -0.92497957 -0.0302594   0.7109989 ]
CC1OC(OC2C(O)CC(OC3C(O)CC(OC4CCC5(C)C(CCC6C5CC(O)C5(C)C(C7=CC(=O)OC7)CCC65O)C4)OC3C)OC2C)CC(O)C1O,[-0.2733358   0.3085175  -0.70573926 -0.6491132   0.01195423]
