COCCN(c1cccnc1)P(=O)(c1ccccc1)c1ccccc1,[ 0.51293236  0.5766095  -0.7808778   0.08822087 -0.25844702]
CCC(CC)n1nc(C)c(C(=O)N[C@@H](C)C(C)(C)C)c1NS(=O)(=O)c1ccc(C)cc1,[-0.12159495  0.33476192  0.52091396 -0.48824084 -0.3082298 ]
O=C(OCC=Cc1ccccc1)c1ccccc1,[ 0.02630173  0.80857885 -0.8228748  -0.9732984  -0.3437698 ]
C=CCN(C(=O)Cn1nc(C)ccc1=O)C(C)Cc1ccccc1,[ 0.23411931  0.7508585  -0.75160325 -0.66206664  0.51561415]
O=[N+]([O-])c1cc2[nH]c(C(F)(F)F)nc2cc1Cl,[ 0.59341085  0.43165678 -1.         -0.5810951  -0.33895665]
C/C=C/c1cc(OC)c2c(c1)C(C)C(c1cc(OC)c(O)c(OC)c1)O2,[ 0.47339848  0.25688308 -0.5931492  -0.6518952   0.8154449 ]
CN(C1CCCCC1)C1CCCCC1,[ 0.25265402  0.72683185 -0.8661933  -0.63274413 -0.00665555]
CC(C)OCCCO,[ 0.66711104  0.83729    -0.8534909  -0.6548732   0.08397859]
OCC(O)CO,[ 0.2985877   0.83289534 -0.6986811  -0.8892356   0.6054284 ]
CON=C(Cc1cccnc1)c1ccc(Cl)cc1Cl,[ 0.36041373  0.35295838 -0.89915216 -0.8559562  -0.06998413]
COP(=O)(OC)Oc1ccc([N+](=O)[O-])c(Cl)c1,[ 0.01675144 -0.40196407 -1.         -1.          0.0192879 ]
CCC(C)C(=O)OC1CCC2(C)C3CC(O)C4C5(O)C(CC42OC13O)C1CN2CC(C)CCC2C(C)(O)C1C(O)C5OC(=O)C(C)(O)CC,[ 0.3212563   0.8462693  -0.41804475 -0.8500661  -0.2431824 ]
NCCCCN,[ 0.33638608  0.81943613 -0.80829704 -0.7048422   0.3400618 ]
O=CC=CC1CO1,[ 0.4470485   1.          0.1662284  -0.67587477 -0.25270078]
CCC(=O)OC1C(C)OC(OC2C(C)OC(OC3C(CC=O)CC(C)C(O)C=CC=CCC(C)OC(=O)CC(OC(C)=O)C3OC)C(O)C2N(C)C)CC1(C)O,[-0.29098496  0.91879016 -0.7535029  -0.86599785 -0.30257064]
CBr,[-0.44654503  0.75766677 -0.7386228  -0.8029672   0.19203189]
COC(CN1CCN(CCC(O)c2ccccc2)CC1)c1ccccc1,[-0.12027062  0.8768363  -0.95112616 -0.9669996  -0.20825055]
CC[C@H](C)[C@H](NC(=O)[C@H](CCC(=O)[O-])NC(=O)[C@H](CCC(=O)[O-])NC(=O)[C@H](Cc1ccccc1)NC(=O)[C@H](CC(=O)[O-])NC(=O)CNC(=O)[C@H](CC(N)=O)NC(=O)CNC(=O)CNC(=O)CNC(=O)CNC(=O)[C@@H]1CCCN1C(=O)[C@H](CCCNC(N)=[NH2+])NC(=O)[C@@H]1CCCN1C(=O)[C@H]([NH3+])Cc1ccccc1)C(=O)N1CCC[C@H]1C(=O)N[C@@H](CCC(=O)[O-])C(=O)N[C@@H](CCC(=O)[O-])C(=O)N[C@@H](Cc1ccc(O)cc1)C(=O)N[C@@H](CC(C)C)C(=O)[O-],[ 0.08178023  0.44388145 -0.8586922  -0.9814873  -0.30625957]
COC(=O)c1ccccc1N=NN(C)C,[-0.13549301  0.787455   -0.98994213 -0.49910277 -0.20137896]
CC(C)CN,[-0.6113588   0.90263337 -0.9430951  -0.796706    0.0869054 ]
FC1(F)CC(C2CC3(Cl)C(Cl)=C(Cl)C2(Cl)C3(Cl)Cl)C1(F)F,[ 0.5680458   0.28489804 -0.7775548  -0.4136844   0.05337916]
CC(C)CCCCCN(CCCCCC(C)C)CCCCCC(C)C,[ 0.07363462  0.8999885  -0.74904007 -0.61053383  0.10631442]
Cc1ccn(C(=O)NCCCCCCCl)n1,[ 0.2593714  -0.0112868  -0.591139    0.44922274  0.5654819 ]
O=P(OCCCl)(OCCCl)OC1CC(C(Br)CBr)CCC1Cl,[ 0.38017035  0.7606337  -0.5309882  -1.         -0.08078888]
CC(C)(C)c1cc(CCC(=O)OCCSCCOC(=O)CCc2cc(C(C)(C)C)c(O)c(C(C)(C)C)c2)cc(C(C)(C)C)c1O,[ 0.3301806   0.90915215 -0.8007542  -0.74827284  0.17169976]
C#CC(C)(C)O,[ 0.43880978  0.61697227 -0.8676676  -0.09817914 -0.10092415]
CC(=O)OO,[-0.10450679  0.6358077  -0.4313166  -0.70922863 -0.04329015]
NC(=O)CF,[-0.5036747   0.8216689  -0.9446739  -0.5202093   0.02793771]
CC1OC(OC2C(O)CC(OC3C(O)CC(OC4CCC5(C)C(CCC6C5CC(O)C5(C)C(C7=CC(=O)OC7)CCC65O)C4)OC3C)OC2C)CC(O)C1O,[-0.23163551  0.26157627 -0.50943524 -0.57755095  0.09603568]
O=[N+]([O-])c1ccc(Cl)c([N+](=O)[O-])c1,[ 0.31721616  0.7411274  -0.76256293  0.6887835  -0.1631879 ]
CC(C)(C)[NH2+]CC(O)c1cc(O)cc(O)c1,[ 0.3103974 -0.0899209 -0.9153303 -0.8735425 -0.4628314]
O=C(Oc1ccccc1)n1c(C(F)(F)F)nc2cc(Cl)c(Cl)cc21,[ 0.01027766  0.71313834 -0.7384562   0.01500302 -0.38386   ]
COc1cc2c(cc1OC)C1CC(=O)C(CCC#N)CN1CC2,[-0.34645823  1.         -0.61392385 -0.7259586   0.6006928 ]
CCCCCCCCCCOc1c(OC)cc(C(N)=O)cc1OC,[ 0.13499323  1.         -0.3827484   0.07995166 -0.09130487]
COc1ccccc1Oc1c([N-]S(=O)(=O)c2ccc(C(C)C)cn2)nc(-c2ccnc(-c3nnn[n-]3)c2)nc1OCCO,[ 0.5873155   0.47432595 -0.20579734 -0.57925224 -0.54946506]
CC(C)[N+](=O)[O-],[ 0.31798995  1.         -1.         -0.6208693  -0.7088883 ]
CSc1ccc(C(=O)c2[nH]c(=O)[nH]c2C)cc1,[ 0.22223908 -0.58526534 -0.7272555  -0.7702016   0.2304222 ]
CCCCSN(C)C(=O)Oc1cccc2c1OC(C)(C)C2,[-0.2994438   0.7905492  -0.79837614 -0.8101398  -0.26448062]
CC(=O)SCC(=O)Nc1nc2ccccc2s1,[-0.40789372  1.         -0.9100633  -0.8440615   0.12833038]
C[C@@H](NC1=CC(=O)CNC1)c1ccc(Nc2ncc3cc(-c4ccncc4)ccc3n2)cc1,[ 0.26690617  0.7494607  -0.7128958  -0.5994507   0.41878542]
CCCCOC(=O)CC(SC(CC(=O)OCCCC)C(=O)OCCCC)C(=O)OCCCC,[ 0.02846763  1.         -0.40252095 -0.25498393  0.07184795]
CCOP(=O)(O)O,[-0.09964183  0.02501813 -0.73375535 -0.5913853  -0.40836415]
COCCOP(=O)(OCCOC)OCCOC,[ 0.03432485 -0.51570755 -0.674447   -0.8145924   0.16121668]
O=C(Nc1ccc(Cl)c(C(=O)Nc2cccnc2)c1)c1cccc(C(F)(F)F)c1,[ 0.3105063   0.8872535  -0.15166707 -0.46681574 -0.33323213]
Cc1ccc(N2CC(COc3ccc(-c4noc(C)n4)cc3)C2)nn1,[-0.2757865   0.55525964 -0.5476548  -0.9676695  -0.0823162 ]
CC(NC(C)c1ccccc1)c1ccccc1,[ 0.16557288  0.9890197  -0.47582597 -0.58787566  0.03204471]
Cc1ccc2c(c1)c(-c1ccnc3cc(Cl)ccc13)c(C)n2CC(=O)O,[ 0.00134123  0.3768411   0.3427805  -0.69693387  0.35556415]
Brc1ccc2[nH]cc(CC3CCNCC3)c2c1,[ 0.16813663  0.936324   -0.7588955  -0.84255296  0.07174598]
O=S(=O)(O)c1ccc2cc(Nc3cccc4c(O)c(S(=O)(=O)O)ccc34)ccc2c1O,[ 0.01742071  0.08836849 -0.64399606 -0.45767456  0.5719137 ]
O=[N+]([O-])OCC(O)CO,[ 0.10589408  0.87823987 -0.39082658 -0.74986213 -0.22683214]
CCCOC(=O)c1ccc(C(=O)OCCC)nc1,[ 0.16518264 -0.3362705  -0.656371   -0.5412683   0.02151751]
CC(C)(C)c1ccc(C(=O)O)cc1,[ 0.37161016  1.         -0.7659114  -0.44910622  0.48294866]
N#Cc1ccc(F)c(-c2cc(C(F)(F)F)ccc2OCC(=O)O)c1,[ 0.52404     0.6150978  -0.8793347  -0.06092217  0.0456213 ]
CCCCN(CCCC)CCCC,[ 0.04457652  0.7486693  -0.9317331  -0.6464778  -0.42887133]
CCC1(CC)Oc2cccc(OC(=O)N(C)C(C)=O)c2O1,[ 0.6261      0.947111   -1.         -0.893186    0.54817694]
CCc1cccc(CC)c1N,[-0.1718384   0.74972045 -0.73201966 -0.92924446 -0.17340894]
COc1cc2c(cc1OC)C(Cc1cc(OC)c(OC)c(OC)c1)[N+](C)(CCCOC(=O)CC/C=C\CCC(=O)OCCC[N+]1(C)CCc3cc(OC)c(OC)cc3C1Cc1cc(OC)c(OC)c(OC)c1)CC2,[ 0.07030428  0.9040578  -0.70073545 -0.68819207 -0.22549082]
CCOP(=O)(OCC)OC(=C(Cl)Br)c1ccc(Cl)cc1Cl,[-0.25792205  0.92289263 -0.80194664 -0.7835687  -0.07204711]
CCCCOCC1CO1,[-0.26308396  0.35066256 -0.90832657 -0.8589731  -0.22684954]
Cc1cccc(N)c1C,[ 0.04633433  0.7548319  -0.38058248 -0.7129741  -0.06850176]
COc1c(Cl)ccc(Cl)c1C(=O)OCCN(CCOC(=O)c1c(Cl)ccc(Cl)c1OC)c1ccccc1,[ 0.17079814  0.7369215  -0.61977315 -1.          0.22074078]
COP(=O)(OC)SC(CC(=O)OC(C)C)C(=O)OC(C)C,[ 0.178696    0.9638008  -0.5038765  -0.57287043 -0.01010962]
Cc1ccc(C(=O)c2ccc(CC(=O)NCC(=O)Nc3cccc(C)c3C)n2C)cc1,[ 0.1815446   0.84201586 -0.7120026  -0.28698292  0.10715092]
CCC(C(=O)O)C1(O)CCCCC1,[-0.26278335 -0.18091197 -0.5315443  -0.7484865  -0.35204503]
CP(=S)(Oc1ccccc1)Oc1ccc(C#N)cc1,[ 0.33831993  0.41455346 -0.6248202   0.04761497 -0.11044633]
COP(=O)(OC)ON1C(=O)c2cccc3cccc(c23)C1=O,[ 0.05926568  0.50545    -0.78705096 -0.045564    0.28683308]
CS(=O)(=O)c1nc(-c2ccc(F)cc2)n(-c2ccc(Cl)cc2)n1,[ 0.0287827   0.8465362  -0.7605124  -0.77748036 -0.00613248]
CCC(C(=O)N1CCCCC1C(=O)OC(CCc1ccc(OC)c(OC)c1)c1cccc(OCC(=O)NCCNC(=O)COc2cccc(C(CCc3ccc(OC)c(OC)c3)OC(=O)C3CCCCN3C(=O)C(CC)c3cc(OC)c(OC)c(OC)c3)c2)c1)c1cc(OC)c(OC)c(OC)c1,[ 0.14674354 -0.54374564 -0.35112897  0.29630077 -0.15497078]
COP(=S)(OC)Oc1ccc(C#N)cc1,[ 0.4528472  -0.12878993 -0.65050626 -0.6298883   0.08805539]
COc1cc(OC)c(S(=O)(=O)N2c3ccccc3CCC2C)cc1NC(=O)CSCC(=O)O,[-0.05160133  0.55729014 -0.9925847  -0.8394898   0.01060802]
Cc1cnc(-c2cc(NC(=O)c3ccc(C(F)(F)F)nc3C)ccc2Cl)[nH]1,[ 0.26921433 -0.4308881  -0.5475922  -0.6277828   0.13350148]
COP(=S)(OC)SCC(=O)N1CCOCC1,[ 0.2979552   0.45155996 -0.5795727  -0.01266961  0.09866165]
CC(C)NCC(O)c1ccc(O)c(O)c1,[ 0.05012543  0.8150624  -0.9554335   0.16464783 -0.15300511]
CC#CN(CC)CC,[ 0.10627142  0.5222781  -0.95640385 -0.7803908  -0.3614904 ]
CN(CCCl)CCCl,[ 0.09321008  0.96669924 -0.75870615 -0.86788595  0.17876446]
Nc1ccc(O)c([N+](=O)[O-])c1,[-0.43342304 -0.7657683  -0.80218244 -0.598763   -0.25821355]
CCCN(N=O)C(N)=O,[-0.09316369  0.7077529  -0.47679943 -0.6760825  -0.00374664]
CCN1CCCC1CNC(=O)c1cc(S(N)(=O)=O)ccc1OC,[-0.25096187  0.67541873 -0.81801176 -0.8256281  -0.3108283 ]
CCCCCC(O)C=CC1C(O)CC(O)C1CC=CCCCC(=O)O,[ 0.21438035 -0.6013002  -1.         -0.5124436   0.8701272 ]
Cc1c(F)cc(C(=O)NC2CC2)cc1-c1ccc(C(=O)NCC(C)(C)C)cn1,[ 0.2194681   0.7363183  -0.7588048  -0.7609148   0.65980333]
COc1ccc(C(Oc2ccccc2)C2=NCCCN2)cc1,[ 0.23102088 -0.29046488 -0.80104625 -0.6888688  -0.07736591]
OCc1cc(C(O)C[NH2+]CCCCCCOCCOCc2c(Cl)cccc2Cl)ccc1O,[ 0.47955495  0.784243   -1.         -0.5690462  -0.48639506]
CC([NH3+])Cc1ccccc1,[ 0.15450278  0.6924745  -0.95438504 -0.84798837 -0.15719417]
OC[C@@H]1CC[C@H](n2cnc3c(O)ncnc32)O1,[ 0.4523462   0.84373355 -0.49043012  0.00437781 -0.05915611]
OCCCCC(O)CO,[ 0.16925603  0.7831349  -0.9395277  -0.68423253  0.45004866]
CCCc1c(OCc2cccn3c(=O)c(CCC(=O)O)cnc23)ccc(C(C)=O)c1O,[-0.10112631  0.8508132  -0.8892294  -0.9078375  -0.34845287]
O=C1CCc2cc(C=CCN3CCN(c4ccc(Cl)cc4)CC3)ccc2N1,[ 0.3338721   0.88142145 -0.70584184  0.07406004 -0.19259517]
CCOP(=S)(OCC)Oc1cccc(F)n1,[-0.03577192  0.70486706 -1.         -0.8389955   0.6013584 ]
C=CC(=O)N(C)C,[ 0.56117374  0.5936824  -0.74805254 -0.5556365  -0.16871047]
CCOC(=O)C=Cc1ccc(Cl)cc1,[ 0.2856026   0.87423253 -0.74844843 -0.5617425   0.0366172 ]
COc1nccnc1NS(=O)(=O)c1ccc(N)cc1,[ 0.7016377   0.781474   -0.6299413  -0.88865536 -0.05380312]
CC(C)c1cccc(C(C)C)c1O,[ 0.55161464 -0.7378009  -0.14937508 -0.7636134  -0.2608906 ]
COC(C)CC(=O)O,[ 0.16179942  0.99408156 -0.80807614 -0.96594405 -0.2923111 ]
COc1cc2ncc(C(N)=O)c(Nc3ccc(F)cc3F)c2cc1NCCN1CCCCC1,[ 0.3358798  1.        -0.8014216 -1.         0.665557 ]
CCN[C@@H]1C[C@H](N)[C@@H](O[C@H]2OC(CN)=CC[C@H]2N)[C@H](O)[C@H]1O[C@H]1OC[C@](C)(O)[C@H](NC)[C@H]1O,[ 0.12260628  0.77263415 -0.32210547 -0.9497446   0.20387918]
CC(O)C(Cl)(Cl)Cl,[-0.14387931  0.89576167 -0.6448943   0.18122497  0.5513166 ]
CCN(CC)c1ccc(-c2nc(=O)n(C)nc2-c2ccc(N(CC)CC)cc2)cc1,"[-1.3464502e-04  3.8916844e-01 -3.2273841e-01  3.6422262e-01
  2.2282463e-01]"
CCN(CCO)c1cccc(C)c1,[ 0.23378308  0.7202996  -0.62214905 -0.49831942  0.15406573]
COc1ccc2ncc(F)c(CCN3CCC(NCc4cc5c(cn4)OCCO5)CC3)c2n1,[ 0.07913481  0.95670843  0.5305743  -0.71593285 -0.30462417]
COc1cccc(OC)c1O,[-0.09175266  0.1983621  -0.7407068  -0.83876324  0.48465985]
Cc1c(OCC(F)(F)F)ccnc1CS(=O)c1nc2ccccc2[nH]1,[-0.07129285  0.9167855  -0.7541042  -0.78964615 -0.2907474 ]
CCCN(CCC)c1c([N+](=O)[O-])cc(S(N)(=O)=O)cc1[N+](=O)[O-],[ 0.41874617 -0.18548608 -0.5817093  -0.7875905  -0.00336654]
Cc1c(OC2CCN(CC3CCN([C@@H](Cc4ccc(F)cc4)C(=O)O)CC3)CC2)ccc(C#N)c1Cl,[-0.10487606  0.91708976 -0.11561922 -0.5161915   0.49837443]
O=CCc1ccccc1,[ 0.06791137 -0.23324788 -0.96741927  0.38047594 -0.30922702]
CC(=O)OCc1ccc(C(C)C)cc1,[-0.08467498  0.8283605  -0.7924424  -0.7829148  -0.15524131]
CC(=O)N(C)C,[ 0.46722442  0.51271206 -0.9147758  -0.79760474 -0.39890206]
CCC(=O)OCc1ccc(OC)cc1,[ 0.28334028  0.00937106 -0.46276948 -1.          0.18711306]
CC(C)Cn1c(=O)n(C)c(=O)c2c(C(=O)N3CC[C@@H](O)C3)c(Cc3c[nH]c4ccccc34)sc21,[ 0.6610593   0.6956181  -0.6340637  -0.50788194  0.14584655]
CCOP(=S)(OCC)SCC(=O)N(CCC#N)c1ccccc1,[ 0.29761586  1.         -1.         -0.90631574  0.31395218]
O=C(O)CCCCCC(=O)O,[ 0.56611973  0.8391054  -1.         -0.23978342 -0.29068205]
CCCc1nnc(CSP(=S)(OCC)OCC)o1,[ 0.23824385  0.88732    -0.69153553  0.25265083 -0.3072467 ]
[NH3+]C(C(=O)NC1C(=O)N2C(C(=O)[O-])=C(CSc3c[n-]nn3)CSC12)c1ccc(O)cc1,[ 0.15542254  1.          0.13842085 -0.03402545 -0.11342791]
CC(=O)N[C@H](Cc1ccc2ccccc2c1)C(=O)N[C@H](Cc1ccc(Cl)cc1)C(=O)N[C@H](Cc1cccnc1)C(=O)N[C@@H](CO)C(=O)N[C@@H](Cc1ccc(O)cc1)C(=O)N[C@H](CCCNC(N)=O)C(=O)N[C@@H](CC(C)C)C(=O)N[C@@H](CCCNC(=N)N)C(=O)N1CCC[C@H]1C(=O)N[C@H](C)C(N)=O,[ 0.24792911  0.5619181  -0.68691885 -1.          0.66911435]
COc1cc(N)c2c(c1N)C(=O)c1ccccc1C2=O,[-0.02327319  0.6225207  -0.6070499  -0.78402334 -0.06993715]
CCOC(=O)COC(=O)c1cc(Oc2ccc(C(F)(F)F)cc2Cl)ccc1[N+](=O)[O-],[ 0.36619312 -0.5786534  -0.7993958  -0.09981366  0.2299226 ]
CN[C@@H](C)[C@@H](O)c1ccccc1,[-0.29968512  1.         -0.88063127 -0.89029145  0.35853788]
COCCOCCOC(C)=O,[ 0.6176315   0.8479606  -0.64357513 -0.6339023   0.14428644]
CCCCCCCCC1OC1CCCCCCCC(=O)OCC1(CC)OC1CCC,[ 0.3123508   0.15650631 -0.7252655  -0.8152998  -0.09939098]
CC(C)Oc1cc(-n2cnc3ccc(N[C@@H](CO)c4ccc(F)cn4)nc32)n[nH]1,[-0.44130066 -0.18630746 -0.84547096 -1.         -0.14319992]
c1ccc(C2CO2)cc1,[-0.418088    0.8035213  -0.72629255 -0.06447863  0.23596783]
O=[N+]([O-])c1ccccc1Cl,[-0.02408051  0.8286857  -0.8204747  -0.6510726  -0.08745298]
CC(C)C1NC(=O)c2ccccc2O1,[ 0.32059714  0.8501035  -1.         -0.74746984  0.19935013]
CC(COc1ccc(Cl)cc1Cl)C(=O)O,[ 0.14555462  0.77173084 -1.         -0.9424874   0.4494089 ]
CN1CCCCC1CCN1c2ccccc2Sc2ccc(S(C)=O)cc21,[ 0.24589218 -0.4822111  -1.         -0.36271355  0.7534096 ]
CCCOP(=O)(SCCC)SCCC,[ 0.0974047   0.7317794  -0.17071576 -0.7673199  -0.3598187 ]
O=C(Cc1ccc(Cl)c(C(F)(F)F)c1)Nc1cccc2c(=O)n(CCO)ccc12,[ 0.4174239   0.40455326 -0.5302272  -0.88364667 -0.4068066 ]
CC(C)(C)OC(=O)N1CCN(c2ncc(OCc3ccncc3)cn2)CC1,[ 0.16536006  0.9120086  -0.5467289  -0.4298321  -0.19166952]
C[NH+](CCOc1ccc(NS(C)(=O)=O)cc1)CCc1ccc(NS(C)(=O)=O)cc1,[ 0.49663574  0.8751833  -0.77054137 -0.5805673  -0.2436576 ]
CC(C)CCI,[ 0.54254967  0.9344465  -0.5474801  -0.65243703 -0.07846087]
CCOc1cc2nnc(C(N)=O)c(Nc3ccc(F)cc3F)c2cc1N1CCN(C)CC1,[ 0.24830244  0.55897033 -0.76707834 -0.6134051   0.52468514]
CCC(C(=O)O)c1ccc(CC(C)C)cc1,[ 0.26196393  0.68196464  0.01448352 -0.6320836  -0.45625752]
C=CS(=O)(=O)CCCCCC,[ 0.33749098  0.86624336  0.35352516 -0.8308282   0.19877242]
CCCCCCCCCCCC(=O)OCC(O)C1OCC(O)C1O,[-0.25664243  0.7559528  -0.72614324 -0.4550367  -0.08733483]
Nc1cc(Cl)ccc1O,[-0.00723951  0.4202507   0.27923116 -0.26117212 -0.44920912]
C[C@@H]1NC(=O)[C@H](C)N(C)C(=O)[C@@H](C)NC(=O)[C@H](C)N(C)C(=O)[C@@H](C)N(C)C(=O)[C@@H](C)NC1=O,[-0.15828124  0.35629272 -0.9632335  -0.7832166  -0.47417375]
CCN(CCO)C(=O)c1oc2cccnc2c1-c1cccc(C(F)(F)F)c1,[-0.03285259  0.44383252  0.1856691  -0.39677355 -0.19166385]
CC(C)CNC(=O)NS(=O)(=O)c1ccc(Cl)cc1,[ 0.1320161   0.7655777  -0.7531036  -0.51640207  0.7838717 ]
Cc1nn(C)c(Oc2ccccc2)c1C=NOCc1ccc(C(=O)OC(C)(C)C)cc1,[ 0.19959667 -0.46056002 -0.9671992  -0.5636227   0.16464013]
O=C(CCC(=O)OC1CCCCC1)OC1CCCCC1,[-0.32901794  0.39818165 -0.3665806  -0.08938395  0.3803529 ]
S=C=NCCN=C=S,[-0.29722708  0.793446   -0.4245898  -0.87283397 -0.5664812 ]
CC(=O)O[C@H]1C[C@]2(O)[C@H]3CC[C@H]4C[C@H](O[C@H]5C[C@@H](O)[C@@H](O[C@H]6C[C@@H](O)[C@@H](O[C@H]7C[C@@H](O)[C@@H](O)[C@H](C)O7)[C@H](C)O6)[C@H](C)O5)CC[C@@]4(C)[C@H]3CC[C@]2(C)[C@H]1C1=CC(=O)OC1,[ 0.20272993  0.7166048  -0.35668182 -0.6380294  -0.5348089 ]
CN(C)C(=O)C(CCN1CCC(O)(c2ccc(Cl)cc2)CC1)(c1ccccc1)c1ccccc1,[-0.14506312  0.34376535 -0.75134975  0.06110535 -0.17209646]
CC(=CC(=O)O)C(=O)O,[ 0.0231012  0.5706614 -0.9904787 -0.6785421  0.3735021]
O=C(C(F)(F)Cl)C(F)(F)Cl,[-0.19288917  0.9271978  -0.85506225 -0.2069916  -0.04545194]
CCc1nc2cc(O)ccc2c(Oc2ccc(/C=C/C(=O)O)cc2)c1-c1ccccc1,[ 0.03323109  0.943582   -0.62174934 -0.8845308   0.3739801 ]
COCOCCO,[ 0.33621326  0.583044   -0.72727895 -0.08634806 -0.07935679]
O=CNc1cc([C@@H](O)CNCCc2ccc(NC[C@H](O)c3ccccc3)cc2)ccc1O,[ 0.05374876 -0.02044424 -1.         -0.29187328  0.35169625]
COc1cc(OC)c(S(=O)(=O)NCc2ccccc2N2CCCCC2)cc1NC(=O)CCC(=O)O,[ 0.5562316   0.5839841  -0.81902605 -0.51799935  0.11613039]
O=C(O)CCC(=O)OC1CCCCC1,[-0.14740677  0.7812914  -0.9346775  -0.6838903   0.18752794]
Cc1ccc(Nc2ccc(Nc3ccc(C)cc3)c3c2C(=O)c2ccccc2C3=O)cc1,[ 0.5778205  -0.2098154  -0.75793576 -0.5625599  -0.1700514 ]
CCCCOP(=O)(O)OCCCC,[ 0.48982668 -0.70834947 -0.68078536 -0.6322108  -0.11766614]
C=C(OP(=O)(OC)OC)P(=O)(OC)OC,[ 0.13936248  0.8811673  -0.44489303  0.48692733  0.3762676 ]
CC=CC(C)=O,[ 0.56669205  0.32623574  0.24641904 -0.75213623 -0.5904355 ]
NC(=S)NNCNNC(N)=S,[-0.42433146  0.95810294 -0.85725874 -0.58156174 -0.13222006]
Nc1cccc(N)c1,[ 0.22444582  0.9426381  -0.03009859 -0.5534982  -0.19360885]
CC(=O)N(C)c1ccc2ccn(-c3cc(NC4CC4)n4ncc(C#N)c4n3)c2c1,[-0.00659741  0.73962176 -0.07359645 -0.88495624 -0.2800102 ]
CC(C)OP(=S)(OC(C)C)SCn1nc(Cl)ccc1=O,[-0.598581    0.8978876  -0.25489944  0.14793062 -0.26162857]
O=c1oc(-c2ccccc2)nc2ccccc12,[ 0.08935003  1.         -0.6373483  -0.6674147   0.34197947]
O=C(/C=C/c1ccccc1)NCCO,[-0.26763007  0.73628104  0.22124472 -0.55480343 -0.11035153]
C[Si](C)(C)CCCC(=O)O,[-0.03978847  0.78904635  0.08947095 -0.43581474 -0.3742044 ]
CC(C)=CCN1CCC2(C)c3cc(O)ccc3CC1C2C,[ 0.29983932  0.97848797 -1.         -0.5944959   0.20525613]
O=NN1CCCCC1,[ 0.00382097  0.9044647   0.91961473 -0.44486782 -0.01305401]
COCCNCc1ccc(Nc2ncc3cc(-c4ccncc4)ccc3n2)cc1,[ 0.35980773  0.79888177 -0.9905637  -0.6539673  -0.44058177]
CCC(C)N(C)C(=O)c1cc2ccccc2c(-c2ccccc2Cl)n1,[ 0.58712196  0.93985605 -0.65177184 -1.         -0.33222827]
CN(C)N(C)N=O,[-0.0246599  0.6346513 -0.9197274 -0.8894819  0.4283058]
Cc1ccc(N=C=O)cc1N=C=O,[ 0.15906467  0.3775563  -0.6798281  -0.72429585 -0.24264425]
CC(N)C(O)c1cccc(O)c1,[ 0.16115913  0.8354308  -0.62636644 -0.7339635  -0.5042329 ]
CNC(=O)ON=C1CCCC1(C)C#N,[-0.43098295  0.28229615 -0.8527262  -0.7491717  -0.09672478]
OCCNCCc1ccccc1,[ 0.02819423  0.75279444 -0.69936347 -1.          0.75431144]
c1ccc2[nH]c(-c3cscn3)nc2c1,[ 0.44432437  0.71216935 -0.27897212 -0.8853977  -0.16038425]
COc1cc([C@@H]2c3cc4c(cc3[C@@H](O[C@@H]3O[C@@H]5CO[C@@H](C)O[C@H]5[C@H](O)[C@H]3O)[C@H]3COC(=O)[C@H]23)OCO4)cc(OC)c1O,[ 0.12276433  0.71054775 -0.7262021  -0.71578443  0.56564206]
C=CCN1CCCC1CNC(=O)c1cc2nn[nH]c2cc1OC,[ 0.5602717   0.10819466 -0.6854962  -0.51673347  0.5326575 ]
FC(F)(F)c1nc2c(Br)cc(Br)cc2[nH]1,[ 0.4188992   0.8271914  -0.8287322  -0.6273174  -0.37342966]
O=C(Cl)CCl,[ 0.36143464  0.68734866 -0.12325598 -0.6454655  -0.1317694 ]
COP(=O)(OC)OC(=CCl)c1cc(Cl)ccc1Cl,[ 0.5688485  0.8580384 -0.7366544 -0.5435659 -0.2990096]
ClC(Cl)(Cl)c1ccc(C(Cl)(Cl)Cl)cc1,[ 0.01321534  0.34773397 -0.9102373  -0.27034232  0.06259587]
COc1ccc(Oc2ccc(NC(=O)N(C)C)cc2)cc1,[ 0.4119188   0.7985497   0.16545953 -0.5356183  -0.27577797]
Cc1onc2c(=O)[nH]nc(-c3ccccc3)c12,[ 0.1392441   1.         -1.         -0.825058    0.33948955]
C[C@@H](NC1=CC(=O)CC1)c1ccc(Nc2ncc3cc(-c4ccncc4)ccc3n2)cc1,[ 0.12851694  0.89216    -0.43670017 -0.4408194   0.17679466]
C=CC(=O)OCCc1ccc(CC)cn1,[-0.12473222  0.85795563 -0.9615547  -0.86170655 -0.02992742]
O=Cc1ccc(O)cc1,[ 0.44982046  0.6394101  -0.6503565  -0.694243   -0.15785843]
CCOc1ccccc1-c1ccc(-c2nc3ccncc3c(O)c2C#N)cc1,[ 0.4922101   0.6558775  -0.825186   -0.34385267  0.35002586]
C=CCC1/C=C(\C)CC(C)CC(OC)C2OC(O)(C(=O)C(=O)N3CCCCC3C(=O)OC(/C(C)=C/C3CCC(O)C(OC)C3)C(C)C(O)CC1=O)C(C)CC2OC,[ 0.40243086  0.61273956 -0.51294446 -0.87619513 -0.49691135]
CCC(O)CO,[-0.02087162  0.67998326 -0.9152068  -0.5925369  -0.14020708]
Nc1ccc(N)cc1,[ 0.21204706  0.6732628  -0.49831426 -0.7936244  -0.08462913]
CCON=C(CC)C1=C(O)CC(c2c(C)cc(C)cc2C)CC1=O,[-0.28080297  0.10980949 -0.4629552  -0.68225116 -0.20145592]
C#CC(C)(O)C(O)c1ccccc1,[-0.2426208   0.8008841  -0.67108333 -0.67512274 -0.00862809]
CC(=Cc1ccccc1)C=C1SC(=S)N(CC(=O)O)C1=O,[ 0.49770787  0.92701834 -0.45494467 -0.88471425  0.17496973]
C[C@@](N)(Cc1ccc(O)c(O)c1)C(=O)O,[ 0.14574252  0.7994502  -0.77414566 -1.         -0.0577782 ]
Cc1cccc(C)c1CCNC(N)=O,[ 0.08843     0.86836636  0.7420863  -0.7373845   0.05925407]
CCCCCCCCCCCCCCCCCCOP(=O)([O-])OCC[N+]1(C)CCCCC1,[-0.0898731  -0.9431634  -0.5462027  -0.26851338 -0.26799765]
Oc1nc(-c2ccccc2)nc2ccccc12,[ 0.20732416  0.10928254 -0.71233875 -0.86787146  0.13454014]
S=c1[nH]c2cc(Cl)ccc2o1,[ 0.6340741  0.908125  -0.8479221 -0.607123  -0.5244536]
Cc1cc(Cl)ccc1OCC(=O)Nc1ccccc1,[-0.15655401  1.         -0.7868245  -0.80420446 -0.2822815 ]
CCS(=O)CCSP(=O)(OC)OC,[ 0.14137214  0.95498663  0.7143972  -0.30996656  0.2722221 ]
CC(NNC(=O)c1ccccc1)c1ccccc1,[ 0.1465551   0.8879303  -0.8380208  -0.78378546 -0.11972111]
C(=NC1CCCCC1)=NC1CCCCC1,[ 0.37623337 -0.7910499  -0.73133874 -0.94506603 -0.08422001]
CN(C)CCOCCOCCN(C)C,[-0.22864036  0.77435297 -0.81534654 -1.         -0.21297729]
CNC(=O)ON=C(C)SCC(N)=O,[-0.19085589 -0.13064438  0.38717797 -1.         -0.44563523]
CC(C)(C)NCCO,[ 0.05024822  0.94130677 -0.83143914 -0.71025944 -0.06167934]
CCOc1ccccc1C(=O)NN=C(C)C(=O)O,[ 0.01273955  0.7118472  -1.         -0.6391113  -0.1330117 ]
CCCc1nn(C)c2c(=O)[nH]c(-c3cc(S(=O)(=O)N4CCN(C)CC4)ccc3OCC)nc12,[ 0.00702665  0.44237417 -0.6440384   0.2604664  -0.28826216]
CC(O)C(=O)Nc1c(I)c(C(=O)NC(CO)CO)c(I)c(C(=O)NC(CO)CO)c1I,[ 0.30868584  0.7105336   0.42919853 -0.4265303  -0.26045665]
NC(=O)Nc1cccc2c3c([nH]c12)CCCC3,[ 0.04980636  0.8880562  -0.9642253  -0.7414589  -0.10098033]
C1C[SiH2]C1,[ 0.27371174  0.49949476 -0.5562266  -1.         -0.03227821]
CCCCn1c(=O)n(CCC)c(=O)c2[nH]c(C)nc21,[ 0.28150782 -0.13892485 -0.74415636 -0.21268757 -0.08088645]
N#Cc1c(-c2ccc(-c3ccncc3Cl)cc2)nc2ccncc2c1O,[ 0.2644216   1.          0.41750422 -0.45503795  0.1622976 ]
COP1(=S)OCc2ccccc2O1,[-0.32131323  0.6873885  -0.5414939  -0.98419243 -0.14504787]
CCCCc1nc(Cl)c(CO)n1Cc1ccc(-c2ccccc2-c2nnn[nH]2)cc1,[ 0.08114453  0.8246381  -0.5161833  -0.08334035 -0.01942258]
Cc1cnc(C(=O)c2ncnc3[nH]ccc23)c(NS(=O)(=O)c2ccc(Cl)c(C(F)(F)F)c2)c1,[-0.4255241   0.77312297 -0.7647506  -0.38278192  0.01544617]
CCC1=C(C)CN(C(=O)NCCc2ccc(S(=O)(=O)[N-]C(=O)NC3CCC(C)CC3)cc2)C1=O,[-0.20724046  0.7089     -0.44734997 -0.95097667 -0.15808505]
CNC(=O)ON=C(C)SC,[-0.41864318  0.87349784 -0.7180788  -0.80691254  0.01574196]
C=CCI,[ 0.3183227   0.7795579  -0.69206387  0.25351477  0.20797253]
c1ccc([C@H]([C@@H](c2ccccc2)N2CCCCC2)N2CCCCC2)cc1,[-0.9833063   0.7428488  -0.60026485 -0.6555239   0.40520498]
CCCCN(CCCC)SN(C)C(=O)ON=CC(C)(C)SC,[ 0.18797706  0.6653549   0.07391372 -0.7026063  -0.41005993]
C=CC(=O)OC1CC2CCC1C2,[-0.03537408 -0.5518355  -0.7635007  -0.967562    0.06318254]
CC(=O)OC(C(Cl)(Cl)Cl)P(=O)(Oc1ccccc1)Oc1ccccc1,[ 0.24747097 -0.00904442 -1.         -0.8126195  -0.24758872]
O=C(O)COc1ccccc1,[ 0.21604696  0.8358484  -1.         -0.548888   -0.311556  ]
CCOC(C)COC(C)CO,[ 0.05902857  0.7844016  -0.7197656  -0.36942402 -0.24086756]
CC1CCC2(O)C3(C)CC4(O)OC2(C1O)C1(O)C3(O)C(OC(=O)c2ccc[nH]2)C(O)(C(C)C)C41C,[ 0.29293445  0.67008233 -1.         -0.89708513  0.13167976]
Cc1ccc(S(=O)(=O)Nc2c(C(=O)NC3CCCCC3)c(C)nn2-c2ccccc2)cc1,[-0.07503986  0.68481416 -0.6774389  -0.692395    0.0087108 ]
C[C@@H](NC(=O)C1CCCCN1C)c1ccc(Nc2ncc3cc(-c4ccncc4)ccc3n2)cc1,[ 0.14034288  0.84442794 -0.95066714 -0.58009773 -0.12072653]
CCCCOCCOC(C)=O,[ 0.19860557  0.8482639  -0.84496564 -0.5933517  -0.43673947]
CCOC(=O)C1OC1c1ccccc1,[ 0.26258817  1.         -0.91165733 -0.7930892  -0.57128423]
O=C(c1ccccc1)c1cccc2c1CCC2C(=O)O,[ 0.38409925  0.87794787 -1.         -0.6468421  -0.02142591]
CCNc1nc(NCC)nc(OC)n1,[ 0.20793833  0.4100234  -0.5042116  -0.8777421  -0.02275284]
NC(=O)c1cnc(N[C@@H]2CCCC[C@@H]2N)nc1Nc1cccc(-n2nccn2)c1,[-0.13766459  0.90979725 -0.92661196 -0.8886468   0.17341594]
CC(C(N)=O)(c1ccccc1)c1ccc(N)cc1,[ 0.2988113   0.5308913  -0.7791841  -1.         -0.67238885]
CCCCOc1ccccc1NC(C)=O,[-0.2234621  0.9183332 -0.8358393 -1.         0.566496 ]
CNC(=N)c1cccc(CC(CC(=O)N2CCC(C(=O)O)CC2)NS(=O)(=O)c2ccc3ccccc3c2)c1,[-0.32546163  0.29425725 -0.47277915  0.8475237  -0.0317215 ]
CC(C=O)=Cc1ccco1,[-0.22297955  1.         -0.9764589  -0.97454786  0.34983665]
CC(C)=CC1C(C(=O)OC(C#N)c2cccc(Oc3ccccc3)c2)C1(C)C,[ 0.11587905  0.3544436  -0.8219963  -0.49918512  0.5758598 ]
CCC(=O)OC1CCC2C3CCC4=CC(=O)CCC4(C)C3CCC12C,[ 0.4019713  -0.35567117 -0.6835213  -0.70261294  0.24712731]
C#CCN1C(=O)CN=C(c2ccccc2)c2cc([N+](=O)[O-])ccc21,[ 0.2528217   0.8802012  -0.69233626 -0.75283676 -0.41976652]
C#CC1(O)C(CO)OC(n2ccc(N)nc2=O)C1O,[ 0.6962025   0.58482397 -0.48890686 -0.22018297 -0.80821264]
N#Cc1cccc(C#N)c1,[-0.04583776  0.96841645 -0.631396   -0.81499416 -0.16256273]
Nn1cnc2cc3ccccc3cc2c1=O,[ 0.09028836  0.91092145 -0.35994142 -0.39196515 -0.2285651 ]
C=C(C)C(=O)OCCC[Si](OC)(OC)OC,[-0.14168568  0.7840549  -0.81278425 -1.          0.19604525]
CC[C@H]1NC(=O)[C@@H](NC(=O)c2ncccc2O)[C@@H](C)OC(=O)[C@H](c2ccccc2)NC(=O)[C@@H]2CC(=O)[C@H](CS[C@@H]3CN4CCC3CC4)CN2C(=O)[C@H](Cc2ccc(N(C)C)cc2)N(C)C(=O)[C@@H]2CCCN2C1=O,[-0.14317273 -0.888066   -0.7689818  -0.58424735  0.01026846]
C[C@@H]1CC[C@H]2[C@@H](C)[C@@H](OC(=O)CCC(=O)O)O[C@@H]3OC4(C)CC[C@@H]1[C@@]23OO4,[ 0.5122488   0.9555184  -0.80136704 -0.71030205  0.7254889 ]
C1CCC2CCCCC2C1,[ 0.16414927  0.54226506 -0.9204135  -0.78663766 -0.19231312]
Cc1ccc(NC(=O)c2ccc(C#N)cc2)cc1-n1cnc2ccc(N3CCN(C)CC3)cc2c1=O,[ 0.44482908  0.92145854 -0.46746126 -1.         -0.29615882]
C[C@H](CO)Nc1nc(SCc2cccc(F)c2F)nc2nc(N)cnc12,[ 0.28152007  0.2989592  -0.48199382 -0.7792971  -0.11380697]
COC(C)COC(C)COC(C)CO,[ 0.6352974   0.30011615 -0.6585899  -0.43372008  0.21007961]
CC(C)=CCOC(=O)c1ccccc1,[ 0.08913352  0.9667575  -0.6468218  -0.8745663  -0.37441793]
OCCNCCOc1ccc(C(=C(c2ccccc2)C(F)(F)F)c2ccccc2)cc1,[-0.16666782  0.8560999  -0.8583844  -0.4828618   0.26298076]
CCC(=O)N(c1ccccc1)C1CCN(CCc2ccccc2)CC1,[-0.28867817  0.7520331  -0.56485033 -0.44708124 -0.01520738]
NC(=[NH2+])NCCCCC1NC(=O)CCSSCC(C(N)=O)NC(=O)C2CCCN2C(=O)C(Cc2c[nH]c3ccccc23)NC(=O)C(CC(=O)[O-])NC(=O)CNC1=O,[ 0.24424508  0.8622645   0.21730809 -0.14653164 -0.15435047]
C/C=C(/C)C(=O)O[C@H](c1cc2ccc(=O)oc2cc1OC)[C@H](O)C(C)(C)O,[ 0.09182042  0.8698312  -0.6341647  -0.669854    0.33418092]
CNC(=O)Oc1cc(C)c(N(C)C)cc1C(C)C,[ 0.38499078  0.90406984 -0.83802867 -0.411654   -0.37759343]
CCCC1CC(C(=O)NC(C(C)Cl)C2OC(SC)C(O)C(O)C2O)[NH+](C)C1,[ 0.7073047   0.6162116  -1.         -0.30064073 -0.5902187 ]
CCC[NH+]1CCCCC1C(=O)Nc1c(C)cccc1C,[ 0.15995893  0.5461694  -0.7568852  -0.6586493  -0.19871897]
C[C@@H]1NC(=O)[C@@H](C)N(C)C(=O)[C@H](C)N(C)C(=O)[C@@H](C)N(C)C(=O)[C@@H](C)N(C)C(=O)[C@H](C)NC1=O,[-0.23304686  0.3905927  -0.5503848  -0.7655823  -0.05282605]
O=[N+]([O-])c1cc(Cl)c(N=Nc2ccc(N3CCS(=O)(=O)CC3)cc2)c(Cl)c1,[-0.1954902   0.7390276  -0.18835458 -0.5653253  -0.33554634]
Oc1ccc2c(c1)CCC2,[ 0.19272134  0.7905564  -0.30433485 -0.6838355  -0.07373569]
CCN(CC)c1ccc2cc(C(=O)NC3(C(=O)N[C@H](Cc4ccccc4)C(=O)NCC4CCN(CC5CCOCC5)CC4)CCCC3)sc2c1,[-0.34449974  0.53051615  0.08032364  0.6535957  -0.39891586]
C=CCOC(=O)CCCCC,[ 0.3754822   0.872439    0.03391416  0.69054234 -0.22529331]
COc1cc2c(cc1OC)C(CCc1ccc(Cl)cc1)N(C)CC2,[ 0.35245186  0.72673696  0.49871174 -0.24630456 -0.40955997]
CC1CS1,[ 0.24901986  1.         -0.89090335 -0.8717152   0.01054215]
CO[Si](CCCn1c(=O)n(CCC[Si](OC)(OC)OC)c(=O)n(CCC[Si](OC)(OC)OC)c1=O)(OC)OC,[-0.15958461  0.8488977  -0.7795488  -0.18339203  0.01110005]
CN1CCN(C2=c3ccccc3=Nc3ccc(Cl)cc3N2)CC1,[-0.13174886  0.8283682  -0.12366135 -0.3746209  -0.52670705]
CCOc1ccccc1C(N)=O,[ 0.7403097   0.6583069  -0.355059   -0.47690886 -0.7969461 ]
O=C(NC[C@@H](O)CN1CCC(Oc2ccc(Cl)c(Cl)c2)CC1)c1c[nH]c(=O)c2cc(F)ccc12,[-0.3473919   0.89001614 -0.6208605  -1.          0.34230503]
SCCc1cnccn1,[-0.36163226  0.7774117  -0.5019181  -0.61620075  0.60625887]
ClCc1ccccc1,[ 0.2929491   0.96793413 -0.6034556  -1.          0.5003392 ]
O=C1OCC2C1C1(Cl)C(Cl)=C(Cl)C2(Cl)C1(Cl)Cl,[ 0.30268294  0.21142569 -0.83851004 -0.6371931  -0.17343827]
CCC(C)(C)c1ccc(Cl)c(OC(=O)NC)c1,[ 0.5369491   0.45706955 -0.88484025 -0.9339061  -0.05375858]
CCC(C)OP(=S)(OC)OC,[-0.10874773  0.8790047  -0.78732336 -0.750377   -0.20542675]
CC1NC(=S)NC1=O,[ 0.05666773  1.         -0.8624302  -0.90425694 -0.08302154]
c1cc(-c2ccc3nc(Nc4ccc(OCCN5CCCC5)cc4)ncc3c2)ccn1,[-0.5755666   0.82122636 -0.21972126 -0.84528077  0.15028228]
CC(C)(O)c1ccc(Nc2nc3ccc(C#N)cc3[nH]2)cc1,[ 0.3146587  -0.5793261  -0.82768834 -0.5470553   0.29719523]
CCC1OC(=O)C(C)C(=O)C(C)C(OC2OC(C)CC([NH+](C)C)C2O)C(C)(OC)CC(C)C(=O)C(C)C2N(CCCCn3cnc(-c4cccnc4)c3)C(=O)OC12C,[-0.99007124  0.9274006  -0.3569452  -0.9770848   0.15864429]
C=CC1=C(C)/C(=C\c2[nH]c(Cc3[nH]c(/C=C4/NC(=O)C(C)=C4C=C)c(C)c3CCC(=O)O)c(CCC(=O)O)c2C)NC1=O,[ 0.1418322   0.8991085  -0.29621232 -0.7037541  -0.13959928]
COc1ccc(-c2nc3ccc(C4=NNC(=O)CC4C)cc3[nH]2)cc1,[ 0.55857223  0.49734783 -0.25475416 -1.         -0.2924206 ]
Cc1cccc(C)c1O,[-0.0232302   0.3569116  -1.         -0.26671952  0.21582784]
CSCCC(OC(C)=O)C(=O)O,[ 0.37932315  0.7889683  -0.5162332  -0.91270185 -0.25225943]
CCCCC(CC)CNCC(C)(N)CN(C)CC(CC)CCCC,[ 0.25962254  0.03437553 -0.7343325   0.46954462 -0.02744364]
CCCCc1c(OC(=O)c2cc(OC)c(OC)c(OC)c2)n(-c2ccccc2)n(-c2ccccc2)c1=O,[-0.0232293   0.7518578  -0.66638166 -0.68529004 -0.5131269 ]
COc1ccc(N)c([N+](=O)[O-])c1,[ 0.19874075  0.88310033 -0.78489554 -0.84503627 -0.04565302]
Clc1ccc(N2N=NC3C4CC(C5N=NC45)C32)cc1,[ 0.08254793  0.799782   -0.78646624 -0.6964835  -0.3060083 ]
Nc1nc2ccc(OC(F)(F)F)cc2s1,[-0.67135787 -0.7955271  -0.6556545  -0.1251403   0.14214382]
CC(C(=O)O)c1ccc(C(=O)c2cccs2)cc1,[-0.8394185  -0.39973632 -0.46722242  0.2387658   0.17504849]
CC(C)(C)CC(=O)Nc1c(F)cc(C(=O)Nc2nccs2)cc1F,[ 0.38485837  0.7400072   0.6677912  -0.13754135 -0.37268603]
Cc1ccsc1C(=CCC[NH+]1CCCC(C(=O)[O-])C1)c1sccc1C,[-0.22361757  0.867838   -0.67753845 -0.8566157   0.0646577 ]
OCC(O)C(O)C(O)CO,[ 0.53943986  0.8259464   0.2521779  -0.10958949  0.06721029]
FC(F)(F)c1nc2cc(Br)c(Cl)cc2[nH]1,[ 0.36634275  0.9035982  -0.7569562  -0.64649564  0.23260936]
N#Cc1cc(Br)c(O)c(Br)c1,[ 0.42794818  0.68687207 -0.7695506  -0.6999848   0.5585843 ]
CCNC(=O)c1cc2c(-n3ccc(C(F)(F)F)n3)c(-c3cncc(-c4n[nH]c(=O)o4)c3)cnc2[nH]1,[ 0.41767094  0.9214118  -0.94065905 -0.8070742  -0.4348753 ]
COc1cc(OC)c(S(=O)(=O)N(c2ccccc2)C(C)C)cc1NC(C)=O,[ 0.09849906  0.5378512  -0.6684387  -0.6740076  -0.1554263 ]
CCOP(=O)(NC(C)C)SCC(=O)NCOC,[ 0.55187565  0.76180696 -0.96675044 -0.9566384   0.0062972 ]
N#CCCCCC#N,[ 0.03917754  0.81495124 -0.8408393  -0.5616134  -0.36129352]
Oc1ccc(O)cc1,[-0.14056778  0.8063395  -0.6438739  -0.16670305 -0.01448879]
COC1CCC=CO1,[-0.50677335  0.9294948   0.13155669 -0.24243827  0.13805489]
CCCCOC(C)OCCCC,[-0.1723613   0.8326669   0.1056033  -0.9333536  -0.14136182]
O=C(CCc1ccccc1)OC1=C(OC(=O)CCc2ccccc2)C(=O)OC1=O,[ 0.11079083  0.7870054  -0.7313312  -0.6765202  -0.3006654 ]
CC(=O)CCC(C)=O,[-0.0824208   0.847828   -0.62094545 -0.7396826  -0.57007545]
COC(=O)c1cc(Oc2ccc(Cl)cc2Cl)ccc1[N+](=O)[O-],[-0.227396   -0.08951721 -0.8770139  -0.6064823  -0.35213622]
C[C@H](Cn1cnc2c(N)ncnc21)OCP(=O)(O)O,[ 0.5372027  -0.09697175 -0.2530166  -0.49114978 -0.46960878]
COC(C)C=O,[ 0.2125963   0.48051357 -0.8616184  -0.6774946   0.22086313]
Cc1c(C(=O)NCCO)[n+]([O-])c2ccccc2[n+]1[O-],[ 0.17259383  0.6683135   0.38935283 -0.03225318 -0.21568209]
CNC(=O)Nc1nnc(C(C)(C)C)s1,[ 0.04831281 -0.9347967  -0.4536085  -0.37385428 -0.05434318]
O=c1cc(-c2ccc(O)cc2)oc2cc(O)cc(O)c12,[-0.23200448  0.17697206 -0.47240978 -0.502043    0.40145674]
O=Cc1cccc2ccccc12,[ 0.09253105 -0.3636963  -0.46617833 -0.7327335   0.08922607]
C=C(C)C(=O)OC=C(C)C,[ 0.20635736 -0.85957074 -0.64906216 -0.5525332  -0.317415  ]
C=C[Si](OC)(OC)OC,[ 0.2219099   0.7869099  -0.6880526  -0.80696785  0.09634726]
CSCC(=O)N(C)C(=O)Oc1ccccc1OC(C)C,[ 0.41853663  0.5856502  -0.7056097  -0.7826149  -0.3048442 ]
Cc1cncc(C)n1,[ 0.2252548   0.8214972  -0.8103195  -0.92707855 -0.3324253 ]
C=C1CC23CC1(O)CCC2C12C=CC(O)C(C)(C(=O)O1)C2C3C(=O)O,[ 0.49983573  0.90528584 -1.         -0.72610325 -0.04064061]
CC[C@H]1CN(Cc2cc(Cl)ccc2OCC(=O)O)CCN1S(=O)(=O)c1ccccc1,[ 0.03775525  0.6091572  -0.6318761  -0.90136236  0.08051294]
N#CC1CC2CC2N1C(=O)C(N)C12CC3CC(CC(O)(C3)C1)C2,[ 0.39528203  0.836623   -0.26824465 -0.54954976 -0.44921452]
COc1cc2ncc(C(N)=O)c(Nc3cccc(Cl)c3Cl)c2cc1N1CCN(C)CC1,[-0.08888979  0.59006906 -0.9350374  -0.9967878  -0.4575117 ]
CC(=O)Oc1cccc(Oc2ccc(C(F)(F)F)cc2Cl)c1,[ 0.51110643  1.         -0.769452   -0.5881691  -0.4186657 ]
CC1(C)C(C=C(Cl)Cl)C1C(=O)OCc1c(F)c(F)c(F)c(F)c1F,[ 0.3998491  1.        -1.        -1.         0.0140028]
COc1ccc2c3c1OC1C(O)C=CC4C(C2)[N+](C)([O-])CCC341,[ 0.17650858  0.8572693  -0.73264784 -0.7216136  -0.34100097]
CCCP(=O)(CCC)CCC,[ 0.2388498   0.8996442  -0.89126515 -0.8611915  -0.00255556]
C[C@@H](O)[C@H]1C(=O)N2C(C(=O)O)=C(SCCNC=N)C[C@H]12,[ 0.5353452   0.00779237 -0.7874712  -0.6825095  -0.2892881 ]
Cc1cc(Nc2nc(N[C@@H](C)c3ccc(F)cc3)ncc2Cl)n[nH]1,[ 0.39468798  0.8084511  -0.9012096  -0.8142605  -0.44856125]
C[N+](C)(Cc1ccc(NC(=O)c2ccc(Cl)c(Cl)c2)cc1)C1CCOCC1,[-0.48380828  0.8540716  -0.95325345 -0.6481988  -0.28051597]
Cn1c(C2=CCN(CCCN3c4ccccc4Sc4ccc(CC(=O)O)cc43)CC2)cc(=O)n(C)c1=O,[ 0.14441572  0.1503341  -0.60070693 -0.40952998 -0.25491422]
CNC(=O)c1c(I)c(NC(C)=O)c(I)c(C(=O)[O-])c1I,[ 0.5144674   1.         -0.5760914  -0.77824605 -0.33100587]
CN(CCCOCCOCCc1ccccc1)CCc1ccc(O)c2nc(O)sc12,[-0.60634685  0.64771557  0.01885841 -0.7593657  -0.19217701]
CCc1c2c(nc3ccc(O)cc13)-c1cc3c(c(=O)n1C2)COC(=O)[C@]3(O)CC,[-0.0274416   1.         -0.8367674  -0.68013614 -0.18990266]
CCCOCCN(C(=O)CCl)c1c(CC)cccc1CC,[ 0.48151544  0.70722    -0.7393417  -0.63773555  0.41170406]
Cc1ccc(N=C=O)cc1,[ 0.3723169   0.97946376 -0.547627   -0.58642596 -0.3494077 ]
CSCCC([NH3+])C(=O)NC1(C(=O)[O-])CS(=O)(=O)C2C(C(=O)[O-])C21,[ 0.40038124  0.76319677 -0.78129905 -0.77367127 -0.5265795 ]
CC1=C2C[C@H]3[C@@H](CC=C4C[C@@H](O)CC[C@@]43C)[C@@H]2CC[C@]12O[C@@H]1C[C@H](C)CN[C@H]1[C@H]2C,[-0.2886626   0.8187505  -0.55964607 -0.7352159  -0.13530333]
C[N+](C)(C)CC(O)CC(=O)[O-],[ 0.04814432  0.7403367  -0.585143   -0.7016038  -0.51618415]
CN(CCOc1ccc(CC2SC(=O)NC2=O)cc1)c1ccccn1,[-0.40560144  0.86652106  0.25876626 -0.6899006  -0.19072562]
OCCOCCCl,[ 0.25037357  0.8738078  -1.         -0.98466915 -0.06006712]
Cc1cc(-n2c(C)nc3ccccc3c2=O)n(-c2ccccc2)n1,[ 0.5549145   0.6049745  -0.54671955 -0.6480713  -0.3674867 ]
CC(C)(C)CNC(=S)Nc1cccnc1,[ 0.33696654  0.9591183  -0.5332358  -0.9958322  -0.04194718]
C[C@H](CO)Nc1nc(SCc2ccccc2F)nc2[nH]c(=O)sc12,[ 0.09864596  0.81133085 -0.36118233 -0.20002946  0.41514656]
c1ccc2c(c1)CC(N1CCN(c3cccc4c3OCCO4)CC1)C2,"[ 4.4759113e-04  8.1067592e-01 -1.0000000e+00 -7.8509748e-01
 -1.9217660e-01]"
CC(=O)Oc1cc(C(F)(F)F)ccc1C(=O)O,[-0.4290467   0.92463744 -0.766593   -0.44836095 -0.7329516 ]
CCOC(=O)c1c(C)cc2c(CO)n[nH]c(=O)c2c1C,[-0.06108339  0.29269576  0.61947644 -0.6366717  -0.3642259 ]
Cc1cn([C@H]2CCCN(S(=O)(=O)c3ccc(C#N)c(Oc4cccc(Cl)c4)c3)C2)c(=O)[nH]c1=O,[ 0.4635179   0.54248905  0.20169875 -0.35342848 -0.25935653]
O=C(COc1ccc(Cc2ccc(Cl)cc2)cc1)OCc1cccnc1,[-0.2554068   0.81873775 -1.         -0.8239312  -0.26954007]
C[NH+]1CCOC(c2ccccc2)c2ccccc2C1,[ 0.6521783   0.2977864  -0.7619476   0.37872466 -0.07325475]
Nc1nc(O)c(Cl)c(-c2ccccc2)n1,[ 0.15226988  0.31332207 -1.         -0.9956396  -0.52785766]
CC#CCC(C)C(O)C=CC1C(O)CC2Oc3c(CCCC(=O)O)cccc3C21,[ 0.39228907  0.9013916  -0.7158298  -0.49879918 -0.22934166]
NCC(O)CO,[ 0.13679907  0.85854065  0.6098342  -0.15433323 -0.35355198]
CNC(=O)[C@@H]1Cc2cn(cn2)CC(=O)N2CCC[C@H]2C(=O)N[C@@H](C)C(=O)N1C,[ 0.08384602  0.70259297 -0.70589226 -1.          0.14892082]
CN(C)c1ccc(O)c2c1CC1CC3C([NH+](C)C)C([O-])=C(C(N)=O)C(=O)C3(O)C(O)=C1C2=O,[ 0.46296975  0.30052084 -0.89127475 -0.9785235   0.15661351]
Cn1cnc(S(=O)(=O)N(CCN(Cc2cncn2C)c2ccc(C#N)cc2)Cc2ccccc2)c1,[-0.16167808  0.8134612  -0.8688351  -0.8337674  -0.13297479]
C=CCNC(=O)C(=O)C(CCC)NC(=O)C1CC2CN1C(=O)C(C1CCCCC1)NC(=O)Cc1cccc(c1)OCCC(C)(C)O2,[ 0.4658596   0.6990775  -0.8643165  -0.49220893 -0.3035079 ]
[O-][n+]1onc2c1c1no[n+]([O-])c1c1no[n+]([O-])c21,[ 0.55019146  0.63148993 -0.7299287  -0.8691047  -0.06996528]
CN(C)C(=O)Nc1cc(C(C)(C)C)on1,[-0.7283968   0.72312456 -0.77266216 -0.6764082   0.02628587]
CC(CO[N+](=O)[O-])(CO[N+](=O)[O-])CO[N+](=O)[O-],[-0.04524174  0.5297331  -0.7922656  -0.10704167 -0.23370424]
CCOc1nc(C(Cl)(Cl)Cl)ns1,[ 0.32140478  0.81478083 -0.5867665  -0.12636605  0.09736058]
C#CC1(O)CCC2C3CCC4=CC(=O)CCC4C3C(=C)CC21CC,[ 0.48451576  1.         -0.7996969  -0.87442344 -0.21444055]
CC(=O)Nc1ccc(C)c(NS(=O)(=O)C(F)(F)F)c1,[ 0.25777033  0.23210233 -1.         -0.7246262  -0.3408751 ]
CC(=O)OC(C(=O)NC(N)=O)c1ccccc1,[-0.03778458  0.03408695 -0.5917639   0.34407616  0.9061673 ]
Cc1c(CN2CCOC(c3ccccc3)C2C)c(=O)n(-c2ccccc2)n1C,[-0.16032766  0.5890078  -0.7608132  -0.5608296  -0.3634503 ]
N#CC(c1ccccc1)c1ccccc1,[ 0.55576605  0.60973763 -0.59807557 -0.51619947 -0.04462674]
CCCCCCN,[-0.13026647  1.         -0.3043247  -0.8414785   0.16422647]
O=C(Cl)C=CC(=O)Cl,[ 0.45515907  0.73315746 -0.9861732   0.09167928 -0.13264234]
Nc1cc[n+]([O-])cc1,[-0.08085077  0.8774187  -0.72298354 -0.65114117  0.8844795 ]
C=CC(=O)OCC(CC)CCCC,[-0.21090753  0.6459289  -1.         -0.95599085  0.44611743]
C1=CC2C=CC1C2,[-0.05420068  0.9131905  -0.9854331  -0.6027301   0.24579361]
CCCNC(=O)[N-]S(=O)(=O)c1ccc(Cl)cc1,[ 0.1607824   0.8705189  -0.76922137 -0.5207299  -0.25146344]
O=C(CSc1nc2c(c(=O)n1-c1ccccc1)SCC2)Nc1ncc(-c2ccccc2)s1,[ 0.43347588  0.80893904 -0.8918403  -0.8228932   0.31909487]
O=[N+]([O-])c1ccc(C=NNC(=S)N2CCCC2)o1,[ 0.37421483  0.69440514 -0.34524503 -0.8014766   0.09700355]
CC(=O)Oc1ccc2c3c1OC1C(OC(C)=O)C=CC4C(C2)[NH+](C)CCC341,[ 0.41491362 -0.5653045  -0.8706195  -0.42371008 -0.13958125]
CCCCCCOC(=O)C(O)c1ccccc1,[ 0.37513644  0.3131369  -0.63229644 -1.         -0.4010259 ]
COc1cc(C=CC(=S)N2CCOCC2)cc(OC)c1OC,[ 0.6750157  -0.5533764  -0.60124356 -0.36265627 -0.24958004]
NNC(=O)c1ccncc1,[-0.61845124  0.7361873  -0.41791737 -0.914248   -0.35352546]
Nc1ccc(S(=O)(=O)O)c2cccc(O)c12,[ 0.23828855  0.8768088  -0.948258   -0.8603491   0.55274314]
CN(C)N=Nc1ccc(I)cc1,[ 0.18089579 -0.5314231  -0.69084793 -0.77825713 -0.33693838]
COC(=O)C1=C(C)NC(C)=C(C(=O)OCCN(C)Cc2ccccc2)C1c1cccc(N(O)O)c1,[ 0.01025804  0.8812931  -0.44559228 -0.90876406 -0.26495838]
CC=CC=CC=O,[ 0.29968092  0.46841934 -0.23065366 -0.3457549  -0.38343984]
Cc1cc(Sc2cc(C)c(O)c(C(C)(C)C)c2)cc(C(C)(C)C)c1O,[ 0.07470949  0.81773734  0.14498186 -0.8054183  -0.19369526]
CCC(=O)NC[C@H]1CN(c2ccc(-c3nncs3)c(F)c2)C(=O)O1,[-0.56751347  0.82772714 -1.         -0.63691884  0.18853317]
Cc1cc(OC(=O)N(C)C)n(C(C)C)n1,[-0.41099635  0.7844136  -0.510141    0.24153043 -0.21118166]
Cc1cn([C@H]2CCCN([C@H](CC(C)C)c3ccc(C(=O)O)c(Oc4cccc(Cl)c4)c3)C2)c(=O)[nH]c1=O,[-0.01975636  1.         -0.967425   -0.81107837 -0.37942374]
CNC(=N)c1cccc(CC(CC(=O)N2CCC(C)CC2)NS(=O)(=O)c2ccc3ccccc3c2)c1,[-0.5947097  -0.21183972 -0.48601913 -0.03688428  0.48765945]
Cc1ccc(OP(=O)(Oc2ccccc2)Oc2ccccc2)cc1,[ 0.15112127  0.878002   -0.93915784 -0.01501054 -0.05081468]
CC#CCC(C)C(O)/C=C/C1C(O)CC2C/C(=C/CCCC(=O)[O-])CC21,[ 0.36843494  0.8137462  -0.9246083  -0.66532487  0.46847552]
CCNC(=O)ON=C1SCOC1C,[-0.08492664  0.7356917  -0.09366868 -0.73667365 -0.49680325]
CC(C)C(CCC(C)C1CCC2C3C(O)CC4CC(NCCC[NH2+]CCCC[NH3+])CCC4(C)C3CCC12C)OS(=O)(=O)[O-],[ 0.27504754  0.8031225  -0.86535704 -0.7931638   0.73328465]
CCP(=O)(OC)SC,[-0.39994907  0.8562939  -0.74678206 -0.70394886  0.70548415]
O=[N+]([O-])OC1COC2C(O)COC12,[-0.0947488   0.6475801  -0.84412414 -1.         -0.33593792]
c1c[nH]cn1,[ 0.38055915  0.81808615 -0.7215189  -0.04561784 -0.42510295]
CN(C)CC=C(c1ccc(Br)cc1)c1cccnc1,[-0.01256619  0.60436165  0.08069523 -0.66156614 -0.35790715]
ClC(=NNc1c(Cl)cc(Cl)cc1Cl)c1ccccc1,[ 0.34954324  1.         -0.83760667 -1.          0.39466977]
OCc1ccccc1,[ 0.65262026  0.6410923  -0.7195182  -0.25349966  0.13126913]
NS(=O)(=O)c1cc2c(cc1Cl)NCNS2(=O)=O,[ 0.15320326  0.2420259  -0.15289988 -0.848693    0.56613153]
O=[N+]([O-])c1ccc(O)c(CNCCO)c1,[ 0.32710823  0.76354676 -0.9412545  -0.39186934 -0.36842567]
CN(c1ccc(F)cc1F)c1c([N+](=O)[O-])cc([N+](=O)[O-])cc1C(F)(F)F,[ 0.19608214  0.7315675  -0.38165632 -0.41591954  0.5154216 ]
CN1CCC(=C2c3ccccc3Sc3ccccc32)CC1,[ 0.36585054  0.8693905  -0.7739397  -0.66740704 -0.20889701]
COc1ccc(C[C@@H]2c3cc(OC)c(OC)cc3CC[N@+]2(C)CCC(=O)OCCCCCOC(=O)CC[N@@+]2(C)CCc3cc(OC)c(OC)cc3[C@H]2Cc2ccc(OC)c(OC)c2)cc1OC,[-0.39653546  0.5573333  -0.23859465 -0.28200144  0.1729038 ]
C=C(Cl)C#N,[-0.0651481   0.98637813 -1.         -0.00652929 -0.23526195]
Cc1cc(=O)cc(-c2ccccc2)o1,[ 0.36369792  0.6751607  -0.54756176 -0.6028436  -0.55926484]
CCCCN(N=O)C(N)=O,[ 0.2602534   0.48160973 -0.49049258 -0.77867544  0.01532695]
C=CN(CC)C(C)=O,[-0.09418973  0.93301153 -0.7461721  -1.         -0.35419255]
CC(C)CCCC1CCC(C)(C(=O)NCC(=O)O)CC1,[ 0.7013705   0.13364646 -0.98140293 -1.         -0.05558958]
CC(C)=CCCC(C)=CCCC(=CCCC(C)=CCO)CO,[ 0.27657428  0.6139921  -0.6659543  -0.65295    -0.5033944 ]
N[C@H]1CCN(c2c(Cl)cccc2/C=C2\SC(=O)NC2=O)C1,[ 0.05133785  0.8314222  -0.95411944 -1.         -0.26563188]
CCCN(CCC)c1c([N+](=O)[O-])cc(C)cc1[N+](=O)[O-],[ 0.37632936  0.7112224  -0.30808783 -0.2475295  -0.19415729]
CCN(CC)CCCCCCCCCCNC(=O)Oc1ccc2c(c1)C1(C)CCN(C)C1N2C,[ 0.1116726   0.7503248  -0.90278673 -0.6841429   0.5393219 ]
ClC1=C(Cl)C(Cl)(C2(Cl)C(Cl)=C(Cl)C(Cl)=C2Cl)C(Cl)=C1Cl,[-0.33592573  0.57164675 -1.         -0.53337425  0.2556881 ]
CO/N=C(/C(=O)NC1C(=O)N2C(C(=O)[O-])=C(C[N+]34CCC(C(N)=O)(CC3)CC4)CSC12)c1nsc(N)n1,[-0.07206715  0.7688328  -0.8457952  -0.70108414  0.42497686]
CN(C)c1ccc(C(O)(c2ccc(N(C)C)cc2)c2ccc(N(C)C)cc2)cc1,[-0.13217546  0.3227205  -0.7028894  -0.43178123 -0.20303962]
CCOP(=S)(OCC)Oc1cc(-c2ccccc2)on1,[ 0.1543068   0.92776746 -0.18432525 -0.11985018  0.34087276]
Nc1ccc([N+](=O)[O-])cc1N,[ 0.42633367  0.6259448  -0.6833366  -0.36794445 -0.23673256]
Oc1c(O)c(-c2c(Cl)c(Cl)c(Cl)c(Cl)c2Cl)c(Cl)c(Cl)c1Cl,[-0.12080226  0.75658375  0.9554123  -0.24965803 -0.21677093]
COc1cc2ncc(C(N)=O)c(Nc3ccc(C)cc3F)c2cc1OC,[ 0.35908136  0.713935   -0.7662636  -0.15211338 -0.25908598]
Cc1cnc(C)cn1,[ 0.04371019  0.6286078  -0.7414534  -0.33227175 -0.4264784 ]
CCOC(=O)CCC[Si](C)(OCC)OCC,[ 0.3166428   0.6876234  -0.64746845 -1.          0.31957662]
NS(=O)(=O)c1cc2c(cc1Cl)NC(C(Cl)Cl)NS2(=O)=O,[ 0.5128068   1.         -0.38881058 -0.6312334   0.16703704]
Fc1cc2nc(C(F)(F)F)[nH]c2cc1Cl,[ 0.2804282   0.7959947  -0.75948507 -0.7298378  -0.348273  ]
Nc1ccc(F)c([N+](=O)[O-])c1,[ 0.43285415  0.84522605 -0.62201136 -0.65837204 -0.17992848]
CC(C)(C)NC(=O)NCCN1CCCC(NC(=O)c2cc(Cl)cc(Cl)c2)C1,[ 0.36329675  0.69689846 -0.40238988 -0.7191612  -0.20526002]
CC[C@H]1OC(=O)[C@H](C)[C@@H](O[C@H]2C[C@@](C)(OC)[C@@H](O)[C@H](C)O2)[C@H](C)[C@@H](O[C@@H]2O[C@H](C)C[C@H](N(C)C)[C@H]2O)[C@](C)(O)C[C@@H](C)C(=O)[C@H](C)[C@@H](O)[C@]1(C)O,[-0.26081112  0.87131995 -0.9056557  -0.67543125 -0.09442723]
CO/N=C(\C(=O)N[C@@H]1C(=O)N2C(C(=O)O)=CCS[C@H]12)c1csc(N)n1,[ 0.3504836   0.77068704 -0.915823   -0.4171978   0.01046148]
COC(=O)C(C)N(C(=O)Cc1ccccc1)c1c(C)cccc1C,[ 0.14438145 -0.04687321 -0.6938495  -0.74999875 -0.22466701]
COP(=S)(OC)SCc1nnc(SC)s1,[ 0.13211964  0.7283936  -0.53011864 -0.74616313  0.3914973 ]
CON(C)C(=O)Nc1ccc(Cl)cc1,[-0.14531521  0.79792684 -0.38534382 -1.         -0.23908637]
O=c1c2nocc2c(-c2ccccc2)nn1-c1ccccc1,[-0.35319898  0.713739   -0.8257953  -0.85808444  0.27042013]
O=S1(=O)CCN(c2ccccc2)CC1,[-0.06359067  0.7556562  -0.7773242  -0.7033469   0.4950196 ]
CCN(CC)CCO,[ 0.34663075  0.86959887 -0.77296984 -0.83954227  0.1736521 ]
CCOP(=S)(OCC)OC(=CCl)c1ccc(Cl)cc1Cl,[-0.02988159 -0.14929713 -0.6318616   0.64224553  0.8160551 ]
O=C(Nc1ccc(Br)cc1)c1cc(Br)cc(Br)c1O,[ 0.4694122  -0.80642986 -0.6066907  -0.50221765  0.25337607]
Cc1ccc2c(c1)c(-c1ccnc3c(C)cccc13)c(C)n2CC(=O)O,[-0.13856722 -0.11005453 -0.4555892  -0.8554689  -0.46438035]
CCCNC(=N)C(OCC)c1ccccc1,[ 0.43779165  0.8250867  -0.7737753  -0.38602456 -0.24043758]
CC(C)NCC(O)COc1cccc2ccccc12,[ 0.27116823  0.63951653 -0.6701742  -0.8275964  -0.5423986 ]
Cc1cc(-c2ccc(Cl)c(C(=O)NCC3(O)CCCCCC3)c2)nn1C[C@H](O)CN,[ 0.40388092  0.75613314 -0.91035175 -1.         -0.37460673]
CN(C)C(=O)Oc1cccc2sccc12,[ 0.21096931 -0.3116642  -0.6379758  -0.55791754 -0.17405662]
CC1CCC(C(C)C)C(O)C1,[ 0.31932306  0.88417697 -0.9937396  -0.6887442  -0.13410622]
Cc1cc(=O)nc(SCc2ccccc2N(C)C)[nH]1,[-0.30086157  0.6358451  -0.8439422  -0.8568577  -0.19513401]
C[C@@H]1O[C@@H](O[C@H]2[C@H](Oc3cc(O)c4c(c3)O[C@H](c3ccc(O)cc3)CC4=O)O[C@H](CO)[C@@H](O)[C@@H]2O)[C@H](O)[C@H](O)[C@H]1O,[ 0.48521587 -0.1923186  -0.7533881   0.38934112  0.00837427]
N=C(NN=Cc1ccc(Cl)cc1)NN=Cc1ccc(Cl)cc1,[ 0.12765396  0.34796476 -0.81885105 -0.65173376  0.09317362]
CNC(=O)c1[nH]cnc1C(=O)Nc1ccc(Cl)cc1,[-0.00644022  1.         -0.75148153 -0.6650556  -0.20484924]
N#CCCOCCC#N,[-0.16074     0.9208617  -0.8820172  -0.8804019  -0.15532263]
O=C1C2CC3C1C1(Cl)C(Cl)C4(Cl)C2C3C1(Cl)C4(Cl)Cl,[ 0.53447026  0.8176968  -0.77537054 -0.62728375 -0.05150611]
O=C(Nc1ccccc1-c1ccccc1)OC1CCN(CCCCCCCCCNC[C@H](O)c2ccc(O)c3[nH]c(=O)ccc23)CC1,[-0.33578357  0.8796947  -0.791465   -0.8742075  -0.38166505]
CCN(CC)CCNC(=O)c1cc(Br)c(N)cc1OC,[ 0.1337068   0.8339046  -0.65474695 -0.67729664  0.24113606]
c1cc2c(c(N3CC[NH2+]CC3)c1)OCCO2,[ 0.48785558  0.7375242  -0.43681777 -0.57005066 -0.38315344]
Cc1cnc(NC(=O)C2=C(O)c3ccccc3S(=O)(=O)N2C)s1,[ 0.18180391  0.11269419 -0.65874577 -0.86341983 -0.16050851]
CCCCN1C(=O)c2cccc([N+](=O)[O-])c2C1=O,[ 0.5924143   0.21620852 -0.5610502  -0.27785733  0.30834737]
Cc1c(C(C)C)c(=O)n(-c2ccccc2)n1C,[-0.0381795   0.01045633 -0.28703287 -0.04536264  0.90198624]
CCC(=O)Nc1ccc2[nH]c(C(F)(F)F)nc2c1,[-0.62883866  0.6196792  -0.545848   -0.7078889   0.02712837]
COc1ccccc1Oc1c([N-]S(=O)(=O)c2ccc(C)cn2)nc(-c2ccncc2)nc1OC,[ 0.3186388   0.6645347  -1.         -0.93946016 -0.07488551]
C[C@H](CSN=O)C(=O)N1CCC[C@@H]1C(=O)O,[-0.06256934  0.78241885 -1.         -0.19819747  0.07846805]
O=C(NCc1ccc(OC(F)(F)F)cc1)C1c2ccccc2C(=O)N1CCc1ncc(F)cn1,[ 0.42443603  0.8264625  -0.9924853  -0.62761074  0.14062093]
N=C(N)N[N+](=O)[O-],[-0.25992942  0.9002973  -0.7518608  -0.73898923 -0.4060667 ]
CN[C@H](CC(C)C)C(=O)N[C@H]1C(=O)N[C@@H](CC(N)=O)C(=O)N[C@H]2C(=O)N[C@H]3C(=O)N[C@H](C(=O)N[C@H](C(=O)O)c4cc(O)cc(O)c4-c4cc3ccc4O)[C@H](O)c3ccc(c(Cl)c3)Oc3cc2cc(c3O[C@@H]2O[C@H](CO)[C@@H](O)[C@H](O)[C@H]2O[C@H]2C[C@](C)(N)[C@H](O)[C@H](C)O2)Oc2ccc(cc2Cl)[C@H]1O,[ 0.04181081  0.98674005 -0.63717085 -0.5313074  -0.11612719]
COC(=O)c1c(Cl)cccc1-c1cnc([C@@H](C)NC(=O)C2(NC(=O)C(F)(F)F)CC2)c(F)c1,[ 0.3170077   0.6130306  -0.81925017 -0.91635436  0.00409558]
Clc1ccc(C2(Cn3cncn3)OCCO2)c(Cl)c1,[ 0.09855779 -0.44592556 -0.4108594  -1.          0.1584176 ]
CCNC(=O)CSP(=S)(OC)OC,[ 0.357022    0.82181495 -0.6492125  -0.7054027  -0.11658992]
COc1ccc([N+](=O)[O-])cc1N,[ 0.35307252  0.87419033 -0.60575193 -0.9958257   0.48365533]
COc1cc(-c2cc(=O)c3c(O)cc(O)cc3o2)cc(O)c1OC,[ 0.07424405  0.8419403  -0.94336265 -0.8006765  -0.39712504]
C1=CCC(C2OCC3(CC=CCC3)CO2)CC1,[ 0.24835569  1.         -0.6446312  -0.9388652  -0.17120034]
FC(F)(F)c1nc2c(Br)c(Cl)c(Br)cc2[nH]1,[ 0.17357618  0.5709107  -0.79127425 -0.5202631   0.17092028]
CCCCCCCCCCCCCCCN,[-0.01926886  0.9208071  -0.96124935 -0.09345978  0.12495067]
COP(=S)(Cl)OC,[ 0.47880256  0.7081046  -0.8231136  -0.313964    0.03708418]
Nc1ccc(Cl)cc1,[ 0.53509605  0.6247451  -0.48509926 -0.82105774  0.16727945]
N#Cc1ccc2[nH]c(C(F)(F)F)nc2c1,[ 0.04115448  0.6946693  -0.9642097  -0.9645119  -0.2957686 ]
CSCCNc1nc(SCCC(F)(F)F)nc2c1ncn2C1OC(COP(=O)([O-])OP(=O)([O-])C(Cl)(Cl)P(=O)([O-])[O-])C(O)C1O,[-0.11565894  0.10731941 -0.87411726 -0.33258015 -0.6838313 ]
CC1(C)C2CCC1(C)C(O)C2,[-0.04732755 -0.9146141  -0.7176539  -0.6144243  -0.38053715]
CCCC(=O)c1ccc(N)cc1,[-0.1026749   0.8438161   0.6663043  -0.98747545  1.        ]
CC(C)(C(=O)O)S(C)(=O)=O,[ 0.31989104  0.6039456  -0.44393796  0.41043258  0.25707683]
CCCCCCCCCCCCNC(N)=S,[-0.10831802  0.9164755  -0.8294395  -0.09647091 -0.39986727]
C=COC(=O)CCCCC(=O)OC,[ 0.1814698  -0.5910845  -1.         -0.87069577  0.72293794]
O=C(O)CCC(=O)c1ccc(-c2ccccc2)cc1,[-0.11778651  0.6458031  -0.47502574  0.39236122  0.6676358 ]
CCn1cc(C(=O)O)c(=O)c2cc(F)c(N3CCN(C)CC3)cc21,[ 0.1459652   0.8249914  -0.6344518  -0.6101495   0.30974343]
O=C(Cl)c1cccc(C(=O)Cl)c1,[ 0.2547027   0.23736179 -0.75898194 -0.83303624 -0.17054977]
CO[C@@H]1C=CO[C@@]2(C)Oc3c(C)c(O)c4c(c3C2=O)C(=O)/C(=C\NN2CCN(C)CC2)C(=C4O)NC(=O)C(C)=CC=C[C@@H](C)[C@H](O)[C@H](C)[C@H](O)[C@@H](C)[C@@H](OC(C)=O)[C@@H]1C,[ 0.6309598   0.14006574 -0.887263   -0.61539537 -0.65152764]
C[S+]([O-])Cc1ccc(C(=O)Nc2ccc(OCCOCCO)nc2C(=O)NCC2CCC2)c2ccccc12,[ 0.8377664   1.         -0.91359466 -0.42754844 -0.34746444]
CNc1c(Br)cnc2[nH]c(-c3ccc(S(C)(=O)=O)cc3)nc12,[ 0.04142478  0.958695   -0.34198955  0.23089072 -0.3534356 ]
ClCC(Cl)=C(Cl)Cl,[ 0.39169198  0.6575311  -1.         -0.7713639  -0.12045134]
CCC(C)OC(CBr)c1ccc(Cl)cc1,[-0.6900123   0.60210717 -0.8231867  -0.690848   -0.32743883]
CC(C(=O)O[C@@H]1CC[N+](C)(C)C1)(c1ccccc1)C1CCCC1,[-0.33343127  0.747613   -0.2445514  -0.7351044  -0.2044834 ]
CNNC,[ 0.58077955 -0.12046303 -0.7339174  -0.59560543 -0.2076034 ]
C=C(OP(=O)(OC)OC)c1ccc(Cl)cc1Cl,[ 0.13026522  0.92366254 -0.85642225 -0.84370625  0.7357963 ]
CCCCCCCCCCCCCCCCCC(=O)Cl,[ 0.45303714  0.8190487  -0.7604262  -1.         -0.34437087]
CCC(C)c1ccc(Oc2ccc(C)cc2CC(=O)O)c(Cl)c1,[ 0.05047964  0.86900985 -0.39336714 -0.9751806  -0.37416843]
CNC(=O)c1cccc2c(Nc3ccc(NS(C)(=O)=O)cc3OC)c3cccc(C)c3[nH+]c12,[ 0.4997318   0.6217697  -0.64981896  0.2781564  -0.27805674]
Nc1c(Cl)c(Cl)c2[nH]c(C(F)(F)F)nc2c1Cl,[ 0.0848631   0.5059216  -0.53602266 -0.85884434 -0.33404407]
CCCCCCC(N)C(=O)N[C@@H](Cc1c(C)cc(O)cc1C)C(=O)N1CCC[C@@H]1C(=O)N[C@@H](Cc1c[nH]c2ccccc12)C(=O)N[C@@H](Cc1ccccc1)C(N)=O,[-0.10654981  0.39583445 -0.68992543 -0.68396163 -0.32160622]
O=C(/C=C/c1ccc(O)c2c1C(C(=O)O)C(c1ccc(O)c(O)c1)O2)OC(Cc1ccc(O)c(O)c1)C(=O)O,[ 0.1958129   0.6783837  -0.64657164  0.8432738  -0.10084105]
Cc1cc(Nc2nc(N[C@@H](C)c3ccc(F)cn3)c(C#N)nc2C)n[nH]1,[-0.16421583 -0.03857867 -0.71642905 -0.2574747   0.03433573]
CCCSP(C)(=S)OP(C)(=S)SCCC,[ 0.16070768  0.7111405  -0.83745056 -0.8171301  -0.16709502]
CN1CCN2c3ncccc3Cc3ccccc3C2C1,[ 0.38906294  0.75962436 -1.         -0.51316065 -0.6682143 ]
CCCSP(C)(=S)SC(CC(=O)OCC)C(=O)OCC,[-0.3814523   1.         -0.595068   -0.95849586 -0.00588342]
CCCCCCCC[Si](OCC)(OCC)OCC,[ 0.27274656  0.323399   -0.64044505 -0.479925   -0.20107095]
CC12CCC3c4ccc(O)cc4CC(CCCCCCCCCS(=O)CCCC(F)(F)C(F)(F)F)C3C1CCC2O,[ 0.06731609  0.58097893 -0.78222543  0.6534263   0.04817181]
CCCOC(=O)Cc1ccc(OCC(=O)N(CC)CC)c(OC)c1,[-0.12386058 -0.7417359  -0.48501042 -0.4304016   0.32973194]
C=CCSP(=O)(NC(=O)CC)OC,[-0.13903205  0.45805812 -0.47341406 -0.68753743 -0.05131863]
CCN(CC)c1ccc2c(C)cc(=O)oc2c1,[ 0.3080762   0.7081285  -0.63845193  0.13744529  0.3541673 ]
CCCCC(CC)COCCC#N,[ 0.21196838  0.65383404  0.2519209  -0.5251957   0.41817784]
C=CCc1ccc(OC(C)=O)c(OC)c1,[ 0.8440536   1.         -1.         -0.82593846  0.20618875]
O=C1c2ccccc2N(C(=O)CN2CCOCC2)CN1c1ccccc1,[ 0.01109144  0.7364773  -0.84310627  0.16129568 -0.07286042]
CN1CCN(CCC=C2c3ccccc3Sc3ccc(S(=O)(=O)N(C)C)cc32)CC1,[-0.6123717  -0.2531796  -0.6913289  -0.6721252  -0.32223684]
CC=C(CC)C(=O)NC(N)=O,[ 0.28298843  0.81154394 -0.87848073 -0.32088134 -0.22223076]
CCCCOCCOCCCC,[ 0.1272646   0.41099212 -0.87287766 -0.781889   -0.04791557]
COc1cnc(-c2ccccc2C(F)(F)CNC(=O)c2ccc(COCC(F)(F)F)nc2)cn1,[-0.15823345 -0.18007153 -0.6437652  -0.8128667   0.02554371]
CN,[ 0.7490034   0.7708169  -1.         -0.09240524 -0.504981  ]
CCNC(=O)C(C)OC(=O)Nc1ccccc1,[ 0.2497686   0.71292776 -0.8954507  -0.96518415 -0.10267249]
CCN(CC)c1c([N+](=O)[O-])cc(C(F)(F)F)c(N)c1[N+](=O)[O-],[ 0.39245185  0.69760025 -0.73135483 -0.59724295 -0.20095271]
Cc1cc(-n2cccc2)c(S(C)(=O)=O)cc1C(=O)NC(=N)N,[ 0.29980963  0.9064192  -0.6906523   0.1447799  -0.08183847]
CC1CCC(N)CC1N,[ 0.21954124  0.8200084  -0.66563225  0.27331373 -0.08596519]
C=CN(C)N=O,[ 0.27442536  0.08519745 -0.9277344  -0.2839199  -0.24644971]
CCOC(=O)C(CCc1ccccc1)NC1CCc2ccccc2N(CC(=O)O)C1=O,[-0.4725524   0.67162997 -0.75155133 -1.         -0.3315971 ]
COc1c(OCc2ccc(-c3ccccc3-c3nnn[nH]3)cc2)cc(C)nc1C,[ 0.35900798  0.84357154 -0.88110733 -0.50213027 -0.09462895]
CC(C)Oc1ccc2c(=O)c(-c3ccccc3)coc2c1,[-0.07417475  0.8267838  -1.         -0.70909816 -0.40267348]
C=CC(=O)OCCOCCC#N,[ 0.20111221  1.         -1.         -0.6166982   0.0141492 ]
CC1CN(C2CCCCCCCCCCC2)CC(C)O1,[ 0.5942714   0.85350156 -0.71433455  0.3083549   0.27932835]
Cc1cc(OC(=O)N(C)C)n(-c2ccccc2)n1,[-0.3876365   0.72790027 -0.66749173 -0.52145654 -0.17433931]
CC1CC(=O)CC(C)O1,[ 0.07504735 -0.46366373 -0.58059186 -0.28885913 -0.29449317]
CCN(N=O)C(C)OC,[-0.50974274  1.         -0.91303813 -1.          0.69827783]
Cc1cc(Nc2nc(N[C@@H](C)c3ccc(F)cn3)c(C#N)cc2F)n[nH]1,[ 0.3504321   0.48082778 -0.75299746 -0.7098833  -0.02037853]
CC1OC(n2ccc(NC(=O)c3ccc(NC(=O)C(C)(N)CO)cc3)nc2=O)CCC1OC1OC(C)C(N(C)C)C(O)C1O,[ 0.11589219  0.88032067 -0.9997037  -0.8769099   0.34410807]
CCC(=O)N(c1ccccc1)C1CC[NH+](CCc2ccccc2)CC1,[-0.27195963  0.70987976 -0.86149985 -0.43017456 -0.43470657]
CCOC(=O)NCCOc1ccc(Oc2ccccc2)cc1,[-0.1145031   0.87466323 -0.7469096  -0.5694372   0.20901398]
C=CCc1cc(OC)c(OC(C)Cc2cc(OC)c(OC)c(OC)c2)c(OC)c1,[-0.09087405  0.72880435 -0.5790401  -1.         -0.13987343]
C[NH+](C)CCC(c1ccc(Cl)cc1)c1ccccn1,[ 0.43263832  0.8218221  -0.6356468  -0.9289001  -0.05044137]
CNC(=O)/C=C(/c1ccc2nc(N)n(S(=O)(=O)C(C)C)c2c1)c1ccccc1-c1cccc2ccccc12,[ 0.05177496  0.8257477  -0.8467409  -0.8794575   0.6123107 ]
COc1ccc2ncc(=O)n(CCN3CC[C@@H](NCc4cc5c(cn4)OCCO5)[C@H](O)C3)c2c1,[ 0.27921006  0.32751894 -0.7451604  -0.85629046  0.02397845]
C=C(CC(=O)c1ccc(-c2ccccc2Cl)cc1)C(=O)O,[ 0.10519382  0.6949077  -0.96994895 -0.7723739   0.59379137]
CC1CCCCN1N=O,[ 0.22040273  0.76094544 -1.         -0.7925092  -0.24174312]
CC(=O)Nc1ccc(CNc2[nH]nc3ccnc(Oc4ccccc4)c23)cc1,[ 0.29404417  0.7272937  -0.49180365 -0.6351978  -0.35842487]
C=CCNC(=S)Nc1ccccc1,[-0.29398695 -0.91243434 -0.7595958  -0.74241537  0.09948349]
CCc1nc(N)nc(N)c1-c1ccccc1,[ 0.34121743  0.23980728 -0.70015895 -1.         -0.3920426 ]
Cc1cn([C@H]2CCCN(S(=O)(=O)c3ccc(CO)c(Oc4cccc(Cl)c4)c3)C2)c(=O)[nH]c1=O,[ 0.2313847  -0.40628177 -0.5781041  -0.30766827  0.23620743]
FCOC(C(F)(F)F)C(F)(F)F,[ 0.13819578  0.5109533  -0.8597985   0.5321113   0.2393408 ]
COc1ccc(CC2c3cc(OC)c(OC)cc3CCN2C)cc1OC,[-0.01018914  0.96362793 -0.7529207  -0.8969202  -0.30177087]
CC(C(=O)O)c1ccc(CC2CCCC2=O)cc1,[ 0.40548432  0.85012466 -0.53571486 -0.7204284   0.297882  ]
COc1cc(C=CC(N)=O)ccc1O,[ 0.14784521  0.51055694 -0.82886255 -0.76972705 -0.0729253 ]
CC(CO)Oc1ccccc1,[ 0.25188228  0.865439   -0.7056673  -0.6926866  -0.33945173]
CN(C)C1CC(c2ccccc2)c2ccccc21,[ 0.45166388  0.48301268 -0.9169042  -0.35406473 -0.25766814]
CNC(=O)Oc1ccc(Cl)c2c1OC(C)(C)C2,[-0.2323481  -0.32738432  0.17987397 -1.         -0.32885504]
Cc1cc(Nc2cncc(N[C@@H](C)c3ccc(F)cn3)n2)n[nH]1,[ 0.49365813  0.9401443  -0.8539939  -0.6369682  -0.32670897]
SCc1ccccc1,[ 0.33679324  0.5850726  -1.         -0.79271996  0.34610826]
CC1CCCCC1NC(=O)Nc1ccccc1,[ 0.42081395  0.14832534 -0.5896921  -0.6617452  -0.2672542 ]
Clc1cc(Cl)c2nsnc2c1Cl,[-0.39350614  0.7884124  -0.73828685 -0.7543489  -0.13083565]
COCCOC(=O)CC#N,[ 0.19144128  0.84767306 -0.6675062  -0.8442638   0.02837061]
Cc1cccc2sc3nncn3c12,[ 0.37021285  0.7510204  -0.4929221  -0.39189774 -0.37861523]
CN=C=S,[ 0.42808583  0.40794316 -0.6323768   0.11673881  0.1945438 ]
CCc1nn(C2CCCC2)c2c1CCn1c(-c3cccs3)nnc1-2,[ 0.37862206  0.86289716 -0.84914166 -0.8336916   0.97974205]
C[C@H](Cc1cccc(CC(=O)NC23CC4CC(CC(C4)C2)C3)c1)NC[C@H](O)c1ccc(O)c(CO)c1,[-0.55839235  0.80343544 -0.5197585  -0.368648   -0.6502574 ]
COc1ccc(-c2cc(=O)c3ccc(OC)cc3o2)cc1,[-0.24058297  0.81266916 -0.73283565 -0.2833581  -0.2838361 ]
CCCS,[ 0.37079594  0.86361754 -1.         -0.54083174 -0.16833748]
CC(C)NC(=O)c1cnc(N2CCC(N3C(=O)OCc4ccccc43)CC2)c(Cl)c1,[-0.11204608  0.94865954 -0.7865447  -0.5467248  -0.0830514 ]
CCC(CCCCOC(=O)c1ccccc1)COC(=O)c1ccccc1,[ 0.34239838  0.7536754  -0.7556185  -0.6668049  -0.05817064]
CC(C)(C)NC(=O)C1CC2CCCCC2CN1CC(O)C(Cc1ccccc1)NC(=O)C(CC(N)=O)NC(=O)c1ccc2ccccc2n1,[ 0.18362126  1.         -0.99107987  0.21659163 -0.75065404]
CCN(CC)N=Nc1ccccc1,[ 0.60869825  0.08116822 -0.78695077 -0.2929526  -0.18806402]
c1ccc(COCc2ccccc2)cc1,[ 0.19643016  0.70957184 -0.85391384 -0.26893914 -0.0899277 ]
Cc1ccc(C(=O)N(CCCN)[C@@H](c2nc3cc(Cl)ccc3c(=O)n2Cc2ccccc2)C(C)C)cc1,[ 0.20511991  0.7734335   0.5096445  -0.36289153 -0.2561668 ]
CCOCCCO,[ 0.2811326   0.08160777 -0.82522917 -0.30497095  0.28292736]
COCc1c(C(C)C)nc(C(C)C)c(/C=C/[C@@H](O)C[C@@H](O)CC(=O)O)c1-c1ccc(F)cc1,[ 0.56210274  0.5933592  -0.86557776 -0.82499516 -0.2894832 ]
CC(C)(C)NC[C@H](O)COc1nsnc1N1CCOCC1,[ 0.39999363  0.73400563 -0.68627393 -0.14701666  0.64648485]
COC(=O)C(C)NP(=O)(OC[C@@H]1C=C[C@H](n2cc(C)c(=O)[nH]c2=O)O1)Oc1ccc(I)cc1,[ 0.15917388 -0.34626323 -0.77986944 -0.5951055   0.5536759 ]
CCCCOC(=O)C1CC1OCCCC,[ 0.26743558  0.9292378  -0.8256114  -0.60973257 -0.38673025]
CN1C[C@@H]2c3ccccc3Oc3ccc(Cl)cc3[C@H]2C1,[ 0.3296712  -0.19272149 -0.79487795 -0.5024708  -0.29459447]
C#CC1(O)C=CC2C3CCC4=CC(=O)CCC4C3CCC21CC,[-0.01644686  0.6156173  -1.         -0.5255894  -0.03009764]
CCC(C)OC=O,[ 0.35208344 -0.2853353  -0.84531754 -0.5396021  -0.3908435 ]
O=C(NC1CC1)c1cc(-c2cccs2)on1,[-0.53103834  0.90169185 -0.82131267 -0.5977818  -0.02353508]
O=C(NCC12CC3CC(CC(C3)C1)C2)c1cc(-n2ncc(=O)[nH]c2=O)ccc1Cl,[ 0.35676607  0.3489552  -0.8743242  -0.5447503  -0.1569232 ]
O=c1[nH]c2ccccc2n1CCC[NH+]1CCC(n2c(=O)[nH]c3cc(Cl)ccc32)CC1,[ 0.23883423 -0.07822137  0.17278332 -0.75365627 -0.60220677]
CCOP(=S)(Oc1cccc2cccnc12)c1ccccc1,[ 0.04205436  0.8342681  -0.6535767  -0.37370145  0.21793404]
CCNC(=O)C=Cc1cccc(Br)c1,[ 0.0095466   0.33524767 -0.5253294   0.21177387  0.20054759]
COc1cc2c3cc1Oc1cc(ccc1O)CC1c4c(cc(OC)c(O)c4Oc4ccc(cc4)CC3[NH+](C)CC2)CC[N+]1(C)C,[ 0.19461703  0.81090534 -0.74345624 -0.8067294  -0.4102161 ]
CC1CCCCOC1=O,[ 0.30737078 -0.6866048  -0.58294046 -0.6598417   0.883766  ]
c1ccc2sc(SNC3CCCCC3)nc2c1,[ 0.24630664  0.8082742  -0.738963   -0.7609584  -0.39382863]
COP(=S)(OC)SCSCC=C(Cl)Cl,[ 0.15437435  0.7869058  -0.4302111  -0.71925354 -0.35522494]
CN1[C@@H]2CC[C@@H]1CC(OC(=O)C(CO)c1ccccc1)C2,[-0.2194479  0.8298547 -0.8627047  0.2561008  0.5627876]
Cc1ccccc1S(=O)(=O)NC(=O)N1CCC(N2CCC(Oc3ccc(Cl)c(Cl)c3)CC2)CC1,[ 0.5022428   0.9651449  -0.92622215 -0.6853474  -0.36356747]
CON=C(C(=O)NC1C(=O)N2C(C(=O)O)=C(COC(N)=O)CSC12)c1ccco1,[-0.13888185  0.07742089 -0.8811278  -1.         -0.1426144 ]
COc1ccc2c(O[C@@H]3C[C@H]4C(=O)N[C@]5(C(=O)NS(=O)(=O)C6CC6)C[C@H]5/C=C\CCCCN(C)C(=O)[C@@H]4C3)nc(-c3ccc(F)cc3)nc2c1C,[ 0.38347393  0.6358485  -0.96695435 -1.          0.09033686]
O=C(O)c1cccc(Cl)n1,[ 0.269404   -0.24194852 -0.70964754 -0.28443083  0.29843068]
O=C(Oc1ccccc1)c1ccccc1C(=O)Oc1ccccc1,"[ 4.1001126e-01 -3.4973607e-04 -9.6223378e-01 -5.5963367e-01
 -4.1368368e-01]"
CCOC(=O)CCC1(CCC(=O)OCC)c2ccccc2-c2ccccc21,[-0.5539571  -0.16205615 -0.78135467 -0.69665897 -0.13258503]
O=P([O-])([O-])C(O)(Cn1ccnc1)P(=O)([O-])O,[-0.80113745  0.8624027  -0.6209764  -0.3568259   0.15275994]
C=CC[NH+]1CCCC1CNC(=O)c1cc(S(=O)(=O)NC)c(N)cc1OC,[-0.09781229  0.5137683   0.15080632 -0.16424775 -0.09151173]
CN(C)CCOc1cc(NS(=O)(=O)c2c(Cl)cc(C(F)(F)F)cc2Cl)ccc1Cl,[ 0.06733548  0.69302136 -0.7125093  -0.41955286 -0.08161499]
CSCC(NC(=O)COc1cccc2cnccc12)C(=O)NC(Cc1ccccc1)C(O)C(=O)N1CSCC1C(=O)NC(C)(C)C,[ 0.2114176   0.6588086  -0.01096599 -0.16855933 -0.38458058]
ClC(Cl)(Cl)c1cccc(C(Cl)(Cl)Cl)c1,[ 0.37756714  0.95928544 -0.7352863  -0.9653787   0.4752126 ]
CC(C)=CCl,[ 0.5507864   0.8802549  -0.77478313 -0.2678212   0.47609687]
Cc1ccc2nc(C[N+]34CCC(CC3)[C@@H](OC(=O)[C@](C)(c3ccccc3)N3CCCCC3)C4)oc2c1,[ 0.51231706  0.8250377  -0.8191033  -0.20341706 -0.19912311]
CC=C(C(=O)NC(N)=O)C(C)C,[ 0.4568517   0.8494176  -0.58367676  0.12780912 -0.02197611]
CC1[NH2+]Cc2cc(-c3ccc4c(=O)c(C(=O)[O-])cn(C5CC5)c4c3OC(F)F)ccc21,[ 0.1309847   1.         -0.7499881  -0.79916424 -0.09542949]
C=CCOc1ccccc1C(N)=O,[ 0.10802732 -0.30444074 -0.7947679  -0.71405715  0.08233682]
O=C(O)c1ccccc1C(=O)Nc1cccc2ccccc12,[-0.34227234  0.7251458  -0.6618894  -1.         -0.1105581 ]
CCOc1cc2ncc(C(N)=O)c(Nc3ccc(F)cc3F)c2cc1N1CCN(C2CC2)CC1,[-0.04042744 -0.03558427 -0.43850666  0.37786588 -0.09070262]
COc1ccccc1NC(=O)CC(C)=O,[-0.632818    0.6130746  -0.92720443 -0.6365438   0.13323253]
CCCCOP(=O)(OCCCC)Oc1ccccc1,[ 0.11637927  0.85029143 -0.79899126 -0.90486634 -0.6558312 ]
Cc1cc(Nc2nc(N[C@@H](C)c3ccc(F)cn3)c(C#N)cc2Cl)n[nH]1,[ 0.2880332   0.6849632  -0.35661104 -0.6501713  -0.52141184]
O=C(O)CCCOc1ccc(Cl)cc1Cl,[-0.16064075 -0.10193566 -0.653899   -0.6502019  -0.05872665]
CCCCCCOCCOCCO,[-0.10891656 -0.47044736 -0.62028396 -0.6749109   0.30802536]
Cc1c(Sc2ccc(Cl)cc2)c2c(S(C)(=O)=O)cccc2n1CC(=O)O,[-0.48340663  0.7790804  -0.79977894 -0.678933   -0.17507893]
CN(C)Cc1cc(CN(C)C)c(O)c(CN(C)C)c1,[ 0.2365785   0.8258006  -1.         -0.5314755   0.55661994]
COc1ccc(-c2nc3c(NCCCNC(C)=O)c(Br)cnc3[nH]2)cc1,[-0.31091687  0.8452449  -0.8338952  -0.7056063  -0.17572151]
COc1cc2nc(N3CCN(C(=O)c4ccco4)CC3)nc(N)c2cc1OC,[ 0.50835747  0.13140664 -0.91688454 -0.42074046 -0.01669466]
CC(=O)N1CCN(c2ccc(OC[C@H]3CO[C@](Cn4ccnc4)(c4ccc(Cl)cc4Cl)O3)cc2)CC1,[ 0.51173246  0.8723033  -0.5384578  -0.66134685 -0.24794157]
CNC(=O)CSP(C)(=S)OC,[ 0.44051668 -0.35157937 -0.28707337 -0.17762206 -0.23401682]
CCC(C)C(CC)C(N)=O,[-0.211127    1.         -0.79762846 -0.6866153   0.695916  ]
Nc1ccc(Cl)cc1Cl,[-0.1756898   0.74599373 -0.8285124  -0.5294736  -0.04997765]
C[N+](C)(C)[NH2+]CCC(=O)[O-],[ 0.0113682   0.6639922  -1.         -1.          0.71403843]
COc1ccc(NC(=O)CF)cc1,[ 0.09434428  0.83060086 -0.45273313 -0.6198982  -0.27866003]
O=C(CCl)OCCOCCO,[-0.2205045   0.37812954 -0.83696145 -0.83602667 -0.00731368]
OCCOCCN1CCN(C(c2ccccc2)c2ccccc2)CC1,[-0.0153456  -0.20283401 -0.43180755 -0.5952462  -0.14574492]
COc1ccc(CC(C)=O)cc1,[ 0.20135699  0.8939784  -0.5493547  -0.75749236  0.3255418 ]
CO/N=C(\C(=O)N[C@@H]1C(=O)N2C(C(=O)O)=C(COC(C)=O)CS[C@H]12)c1csc(N)n1,[ 0.41820183  1.         -0.42713225 -0.4435416   0.20298313]
Cn1c(C(=O)NC2(C(=O)N[C@H](Cc3ccccc3)C(=O)NCCCN3CCOCC3)CCCC2)cc2ccccc21,[-0.7416712   0.89160126 -0.6023651  -0.36157715 -0.4155731 ]
C1=CC2C3C=CC(C3)C2C1,[ 0.38051578  0.9304482  -1.         -0.70548546  0.04510503]
CCN(CC)CCOCCO,[ 0.4220292  -0.4599868  -0.8837194  -0.58312285 -0.20344058]
COc1nc(C)nc(Cl)c1NC1=NCCN1,[ 0.16637127  0.7225243  -0.7976173  -0.6080276  -0.21723066]
C#CC(C)(C)NC(=O)c1cc(Cl)cc(Cl)c1,[ 0.1245603   0.8879283  -0.9123449  -0.71149915  0.7545945 ]
Oc1ccc2[nH]c(C(F)(F)F)nc2c1,[ 0.05993907  0.76011425 -0.22564724 -0.6303984  -0.38064617]
CN(CCO)Cc1cc(C(=O)c2cccs2)cc(C(C)(C)C)c1O,[-1.          0.9769059  -0.8908597  -0.75322264  0.2325882 ]
Cc1onc2c(=O)n(C)nc(-c3ccccc3)c12,[ 0.0773062   0.8882466  -0.83272976 -0.4212394  -0.13325353]
O=C(Cc1ccc(OCc2ccccc2)cc1)NO,[ 0.36654252  0.6667723  -0.8713844  -0.85400164 -0.00840629]
CC(C)C(O)(c1ccc(OC(F)(F)F)cc1)c1cncnc1,[-0.22911042  0.58903444 -1.         -0.08503318  0.00421078]
CCOC(=O)CCN(SN(C)C(=O)Oc1cccc2c1OC(C)(C)C2)C(C)C,[-0.44436744  0.9580591  -0.9612833  -0.6816076  -0.10152537]
CCC[C@@H](c1ccc(C(=O)O)c(Oc2cccc(Cl)c2)c1)N1CCC[C@H](n2cc(C)c(=O)[nH]c2=O)C1,[ 0.12848932  0.81875396 -0.7413459  -0.6241699  -0.04279024]
COCCN(C(=O)CCl)c1c(C)cccc1C,[ 0.07562912  0.5341345  -0.49984705 -0.83472586  0.17819211]
Cc1ncsc1C,[-0.10934043  0.5236458  -1.         -0.76128966  0.14156358]
CCOP(=O)(OCC)Oc1nc(Cl)c(Cl)cc1Cl,[ 0.06685798 -0.00102431 -0.58938754 -0.26095292 -0.32603818]
COc1ccc2c3c1OC1CC(O)C=CC31CC[NH+](C)C2,[-0.62746394  0.8689115  -0.8398004  -0.7181748   0.27198064]
C=CC(=O)Nc1ccc(O)cc1,[-0.31486592  0.8657883  -0.8437118  -0.8721824   0.4226742 ]
CCCCCCCc1ccccc1O,[ 0.2231763   0.40754625 -0.85714567 -0.7829434  -0.60555035]
CC(C)Nc1nc(Cl)nc(NC(C)C)n1,[ 0.36251438  1.         -0.46510386 -0.48737687 -0.4035591 ]
CCOP(=S)(OCC)Oc1ccc([N+](=O)[O-])c(C)c1,[ 0.05204396  0.8953756  -0.8100298   0.06768709  0.22593254]
Clc1nc(Cl)nc(Cl)n1,[ 0.22243153  0.8636217  -0.8167795   0.14278236  0.6386113 ]
CC(C(O)c1ccc(O)cc1)[NH+]1CCC(O)(c2ccccc2)CC1,[ 0.11756289  0.73142177 -0.822242   -0.66440964  0.04559033]
C=COCCOC,[ 0.4068363   0.8615825  -0.88212305 -1.          0.8235493 ]
CN(C)C(=O)Cl,[ 0.2147402   0.5742447  -0.45300803 -0.64122975 -0.20078775]
CC(=O)N(C)c1ccc(Nc2ncc3cc(-c4ccncc4)ccc3n2)cc1,[-0.47857228  0.8182942  -0.72691697 -0.6967786   0.3991917 ]
Cc1cnc(C)c(C)n1,[ 0.05626161  0.88262993 -0.86959505 -0.4813495  -0.30882412]
COC(=O)c1cc([N+](=O)[O-])ccc1Cl,[ 0.29742798  1.         -0.70205474 -0.9117513  -0.22348055]
CCS(=O)(=O)c1ccc(-c2cc(Cl)ccc2OCC(=O)O)cc1,[-0.7432525   0.66762435  0.12978795 -0.6624116   0.34472826]
O=C(CO)N1CCC(c2[nH]nc(-c3ccc(Cl)cc3F)c2-c2ccncn2)CC1,[ 0.13032806  0.81327283 -0.65081406  0.32364058  0.75615567]
CC=Cc1ccc(OCc2ccccc2)c(OC)c1,[ 0.30743936  0.86316466 -0.8286632  -0.49747166 -0.45087573]
C#CCc1ccc(COC(=O)C2C(C=C(C)C)C2(C)C)o1,[ 0.25860956  0.00596415 -0.6543403  -0.9618289   0.20039697]
CCOC(=O)C(CCc1ccccc1)NC(C)C(=O)N1C(C(=O)[O-])CC2CCCCC21,[-0.09354935  0.71224314  0.6769447  -0.16227983 -0.33799878]
CC(=O)C1OC1(C)C,[ 0.46180812  0.8234862  -0.79725885 -0.66009617 -0.41326556]
CCOP(=S)(OCC)OC(C)CC,[-0.03222806  0.13827662  0.4198074  -0.67873555 -0.65427893]
Cc1ccc(NC(=O)c2ccc(Cl)c(C(F)(F)F)c2)cc1C(=O)Nc1cccnc1,[ 0.12569025  0.40364248 -0.76900536 -0.6038913  -0.2809576 ]
FC(F)(F)c1nc2c(Br)c(Br)cc(Br)c2[nH]1,[ 0.00848206  0.35319507 -0.7041604  -0.7662727   0.01668315]
CC1(C)C2CC=C(CCO)C1C2,[ 0.33137518  0.660411   -0.6243706  -0.43337658  0.19702268]
S=C1NCCC(COc2ccccc2)O1,[-0.03253829  1.         -0.8322817  -1.          0.6270986 ]
CCOP(=O)(Cl)Cl,[ 0.26839706  0.94405377 -0.9546488  -0.47645813 -0.12965721]
CCCCC(CC)(C(=O)OCC)C(=O)OCCN(CC)CC,[ 0.14765847  0.8342653  -0.80767226 -0.89951503  0.32406506]
CCC(=O)CC,[ 0.2216698  0.7205349 -0.9384434 -0.788406  -0.3217185]
C=CC(=O)OCCOCCOC(=O)C=C,[ 0.41737273  0.88901925 -0.8789527  -0.7578291  -0.20098059]
CCC(C)c1ccccc1,[ 0.3821375   0.82314706 -0.97474504 -0.13126625 -0.30920255]
C=CCc1ccccc1OCC(O)C[NH2+]C(C)C,[ 0.17631271  0.11799438  0.47974163 -0.36123455 -0.28382215]
O=C1CC(N2C(=O)c3ccccc3C2=O)C(=O)N1,[ 0.0688858   0.20731    -0.66914463 -0.34662336  0.11508669]
CC1=C(CC(=O)O)c2cc(F)ccc2C1=Cc1ccc(S(C)=O)cc1,[ 0.37317088  0.84110427 -0.74251735 -0.4582019  -0.27073836]
CCOc1ccc([C@@H](C)Nc2nc(N3CCN(C(C)=O)CC3)nc3c2CN(C(C)C)C3=O)cc1,[-0.5748763   0.4616952  -0.24779114 -0.6398038   0.20330878]
C[C@@H]1NC(=O)[C@@H](C)NC(=O)[C@H](C)N(C)C(=O)[C@@H](C)N(C)C(=O)[C@@H](C)NC(=O)[C@H](C)N(C)C1=O,[ 0.01941456  0.72702587 -0.66211796 -0.8189245   0.25113666]
CCCN(CCC)CCCCCCCCNC(=O)Oc1ccc2c(c1)C1(C)CCN(C)C1N2C,[-0.58095235  0.76453567  0.1727244   0.10520031 -0.33694074]
COc1cc(Nc2nc(N[C@@H](C)c3ncc(F)cn3)ncc2Br)n[nH]1,[ 0.3742894   1.         -0.49651858 -0.8674935   0.21233405]
COc1cc(OC)c(S(=O)(=O)N2c3ccccc3CCC2C)cc1NC(=O)COCC(=O)O,[ 0.40341547  0.8094511  -0.00148025 -0.61430746 -0.15967607]
OCCOCCOCCOCCO,[ 0.6277508   0.8652135  -0.72484833 -0.807196   -0.2713177 ]
CCCOCCOC(=O)C1=C(C)NC(C)=C(C(=O)OCCOCCC)C1c1cccc([N+](=O)[O-])c1,[ 0.5637733   0.9306665  -0.5129015  -1.          0.32163474]
C=C(C)C(=O)OCCCC,[-0.0116106   0.6878691  -0.92118615 -0.8038406   0.74478567]
O=C1CCc2ccccc2O1,[ 0.4557899  -0.34527475 -0.45218098 -1.          0.23603438]
CC(=Cc1ccccc1)CC(=O)N1CCOCC1,[-0.14777866  1.         -0.91455066 -0.4923579   0.3154439 ]
CCCSP(C)(=S)Oc1ccc(Cl)cc1Cl,[ 0.9764623   0.98503935 -0.6368238  -0.35964185 -0.4505203 ]
C[C@]12C[C@H](O)[C@H]3[C@@H](CCC4=CC(=O)CC[C@@]43C)[C@@H]1CC[C@]2(O)C(=O)CO,[ 0.04247317  0.10738757 -0.7271441  -0.36838207 -0.9325855 ]
[NH3+]CC1CCC(C(=O)[O-])CC1,[ 0.13702823  0.7829875  -0.32459348  0.24866979 -0.10248414]
O=C(NCCNCC(O)COc1ccc(O)cc1)N1CCOCC1,[ 0.41656926  0.3756731  -1.         -0.8149262  -0.33588055]
Nc1nc(Nc2ccc(S(N)(=O)=O)cc2)nn1C(=O)c1c(F)cccc1F,[ 0.33784232  0.8101711  -0.66512096 -0.47649506  0.02970781]
Nc1ccc(F)c(F)c1F,[-0.2597764   0.64947027 -0.20634    -0.8111833   0.7864632 ]
Cc1nccc(-c2ccc(-c3nc4ccncc4c(O)c3C#N)cc2)c1Cl,[ 0.40795726  0.87850744 -0.20505586 -0.22566704 -0.43416163]
BrC12CC3CC(CC(C3)C1)C2,[-0.16815922  0.7925275  -0.8329911  -0.940794   -0.06366412]
O=C(CF)Nc1ccccc1,[-0.09638275  0.87073004 -0.79247    -0.98162293 -0.45231918]
COc1cc2nc(N3CCN(C(=O)C4COc5ccccc5O4)CC3)nc(N)c2cc1OC,[ 0.29465553  0.7753258  -0.65241414 -0.4667542  -0.58876026]
CC(C)(C)c1cc(O)ccc1O,[ 0.14376329  0.8451948  -0.33325925  0.6390431   0.33496803]
Cc1cccc(C)c1NC(=O)C1CCCC[NH+]1C,[ 0.39677724  0.8457894  -0.95180464 -0.61633736  0.5609256 ]
Clc1ccc(Cl)c(Cl)c1,[-0.31499302  0.6101824  -0.69028986 -0.77301717  0.137474  ]
Cc1c(-c2c(C)c(N)c3c(C(C)C)c(O)c(O)c(C=O)c3c2O)c(O)c2c(C=O)c(O)c(O)c(C(C)C)c2c1N,[-0.02318333 -0.510817   -0.35798743 -0.5792498   0.07264578]
C[C@@H]1O[C@@H](O[C@H]2[C@@H](O)C[C@H](O[C@H]3C[C@](O)(C(=O)CO)Cc4c(O)c5c(c(O)c43)C(=O)c3ccccc3C5=O)O[C@H]2C)C[C@H](N)[C@@H]1O,[-0.00197876  0.8214792   0.32491067 -0.8853286  -0.31648478]
CCCSP(=S)(OC)SCCC,[ 0.3104815   0.81462747 -0.7696846  -0.59897    -0.01942827]
CCCCC(CC)CNC1CCCCC1,[-0.16922681 -0.75444776 -0.807028   -0.03894947 -0.20709565]
C=CCn1c(N)cc(=O)n(CC)c1=O,[-0.15050925 -0.10014776 -0.5742328  -1.          0.12191417]
C=C(C)c1ccc(C(C)(C)N=C=O)cc1,[-0.03603707  0.6230716  -0.70397973 -0.7052981  -0.30577096]
CN(C)S(=O)(=O)N(SC(F)(Cl)Cl)c1ccccc1,[ 0.23303154 -0.55142134 -0.98713684 -0.32704565  0.07533379]
O=P([O-])([O-])C(Cl)(Cl)P(=O)([O-])O,[ 0.34560102  0.81757385 -0.76981026 -0.63946265 -0.2663902 ]
COP(=S)(OC)Oc1ccc(C#N)cc1C,[-0.3335716   0.77209693 -1.         -0.76386786 -0.6920597 ]
Oc1c(Cl)c(Cl)cc2[nH]c(C(F)(F)F)nc12,[ 0.29623857  0.86898977 -0.9494989  -0.6777762   0.01898126]
COc1cc2c(c3oc(=O)c4c(c13)CCC4=O)C1C=COC1O2,[ 0.04725185  0.9389886  -0.54158807 -0.9156459  -0.08849365]
Cc1cc(C)c(N)c(C)c1,[-0.09422271 -0.4633112  -0.94467515  0.40306318 -0.04887225]
CC(=O)C1(O)Cc2c(O)c3c(c(O)c2C(OC2CC(N4CC4)C(OS(C)(=O)=O)C(C)O2)C1)C(=O)c1ccccc1C3=O,[ 0.26845893  0.88473034 -0.8061319  -0.19020784 -0.25352556]
O=C1C(Cc2ccccc2)C(=O)N(c2ccccc2)N1c1ccccc1,[ 0.3685298   0.88658303 -1.         -0.94190764  0.610021  ]
C[C@@H]1O[C@@H](O[C@@H]2[C@@H](O)[C@H](OCCc3ccc(O)c(O)c3)O[C@H](CO[C@@H]3O[C@H](CO)[C@@H](O)[C@H](O)[C@H]3O)[C@H]2OC(=O)/C=C/c2ccc(O)c(O)c2)[C@H](O)[C@H](O)[C@H]1O,[-0.35175517  0.9170374  -0.84215057 -0.5138851  -0.2705556 ]
COc1cc2c3c(c1O)C1(C=CC(=O)C=C1)CC3N(C)CC2,[ 0.24725592 -0.5004153  -0.81777304 -0.38408262 -0.02179938]
O=C(Nc1cccc(Cl)c1)Nc1nnc(-c2ccncc2)s1,[ 0.15096577  1.         -0.8547277  -1.         -0.14030676]
CSC(C)=NOC(=O)N(C)SN(C)C(=O)Oc1ccc(OC(=O)N(C)SN(C)C(=O)ON=C(C)SC)cc1,[ 0.27964458  1.         -1.         -1.          0.56330496]
C=COC(=O)C=CC,[ 0.16656956  0.93401426 -0.54962265 -0.5505793  -0.05976199]
Oc1cc(Cl)c(Cl)c(Cl)c1Cl,[ 0.0308943   0.7875522  -0.8071545  -0.6432391  -0.36683488]
Cc1cnc(Nc2cc(N3CCOCC3)nc(N[C@@H](C)c3ncc(F)cn3)n2)s1,[ 0.41396168  1.         -0.9594219  -0.9640735  -0.10470213]
CC(=O)O[C@H]1C[C@@H]2CC[C@@H]3[C@H](CC[C@@]4(C)[C@H]3C[C@H]([N+]3(C)CCCCC3)[C@@H]4OC(C)=O)[C@@]2(C)C[C@@H]1N1CCCCC1.[Br-],[-0.3189665   0.8829246  -0.8488749  -0.92141515 -0.23302218]
CC(=O)NC(CS)C(=O)[O-],[ 0.0909295   0.60682863 -0.65848565 -0.82212985  0.01392272]
BrC(Br)Br,[ 0.10818388 -0.24469861 -0.87150127 -0.42637607 -0.03379429]
CC1(C)CC(NC2CC(C)(C)NC(C)(C)C2)CC(C)(C)N1,[ 0.4513523   0.91077834 -0.9886416  -0.5010526  -0.22785711]
O=C(OCC1CO1)c1ccccc1C(=O)OCC1CO1,[ 0.42975542  0.662106   -0.72015566  0.00785028  0.2858589 ]
Cc1cn([C@H]2CCCN(S(=O)(=O)c3ccc(C(N)=O)c(Oc4cccc(Cl)c4)c3)C2)c(=O)[nH]c1=O,[ 0.02634712  0.65901834 -0.8387204  -0.9797805  -0.43636775]
O=C1COc2ccc(CNC3CCN(CCN4C(=O)COc5ccc(Cl)cc54)CC3)nc2N1,[ 0.24518783  0.6871202  -0.8010597  -0.54387355  0.0692931 ]
CC(=O)OC12COC1CC(O)C1(C)C(=O)C(O)C3=C(C)C(OC(=O)C(O)C(NC(=O)OC(C)(C)C)c4ccccc4)CC(O)(C(OC(=O)c4ccccc4)C21)C3(C)C,[-0.29598558  0.35822415 -0.84369206 -0.6507647  -0.2070908 ]
O=C(CCCCCCC(=O)Nc1ccccc1)NO,[ 0.4018585  -0.2960342  -1.         -1.         -0.04596002]
CCN1CN(CO)C(=O)N(CO)C1,[ 0.55549616  0.3256018  -0.7432003  -0.9274178  -0.42909354]
OCCOCCN1CCN(C(c2ccccc2)c2ccc(Cl)cc2)CC1,[ 0.45422733 -0.94332635 -0.65432996 -0.5106328  -0.20875224]
CC(C)(C)c1nnc(NS(=O)(=O)c2ccccc2)s1,[ 0.0829184  -0.06497518 -0.809707   -0.4586447  -0.37951604]
CC(O)C#N,[-0.28919774 -0.26023456 -0.5172702  -0.69140106  0.26150408]
O=C(CN1CCOCC1)NN=Cc1ccc([N+](=O)[O-])o1,[ 0.28644565  0.7841646  -0.634153   -0.6609634   0.08111329]
CC1(C)C(=O)N(CO)C(=O)N1CO,[ 0.00718202  0.61411154 -0.8781459   0.65513027 -0.10409795]
CC(CN1CCOCC1)C(C(=O)N1CCCC1)(c1ccccc1)c1ccccc1,[ 0.07673144  0.91942567 -0.8349726  -0.65239376  0.02365967]
CN(C)CC/C=C1/c2ccccc2COc2ccc(CC(=O)O)cc21,[ 0.17094281  0.6508141   0.04651294  0.332018   -0.0175256 ]
C1COCCOCCNCCOCCOCCN1,[-0.06441392  0.64642763 -0.20855163 -0.72908235  0.23265752]
O=C(Nc1cccc(Cl)c1)OCC#CCCl,[-0.05708807  1.         -0.8712346  -0.8173262  -0.22723722]
CC(O)CO,[ 0.36494192  0.6993383  -0.36425433 -0.7457568  -0.5089656 ]
O=[N+]([O-])N1CN([N+](=O)[O-])CN([N+](=O)[O-])C1,[ 0.06102936  0.779331   -0.13179179 -0.5144519  -0.4549012 ]
NCCNCc1ccccc1O,[-0.59087175  0.3506277  -1.         -0.4579923   0.5376171 ]
COc1cc2nc(N3CCN(C(=O)C(C)OC)CC3)nc(N)c2cc1OC,[ 0.5072529   0.84762144 -0.5453708  -0.7597718  -0.6804719 ]
O=C(O)c1nn(Cc2ccc(Cl)cc2Cl)c2ccccc12,[ 0.7439435   1.         -0.6351412  -0.5148973  -0.34369123]
Cc1c(Sc2ccc(Cl)cc2)c2c(-c3cnccn3)cccc2n1CC(=O)O,[-0.34706488 -0.4799273  -0.61023885 -1.         -0.65017486]
CCOC(=O)Cl,[ 0.3248358  -0.35427317 -0.29034823 -0.85472864  0.05815499]
ClCC(Cl)Cl,[ 0.49850276  0.59875077 -1.         -0.7393193  -0.22787374]
Cc1nn(C2CCCCC2)c(N)c1-c1ccccc1,[ 0.25837153  0.8675243  -1.         -0.8751372  -0.31719503]
Cc1ncsc1C(=O)N(Cc1cc(=O)[nH]c2c(F)cccc12)c1cccc(Cl)c1,[ 0.18962727  0.8643457  -0.9585924  -0.46249148 -0.03043175]
O=C([O-])c1cc(N=Nc2ccc(S(=O)(=O)Nc3ccccn3)cc2)ccc1O,[-0.5181082   1.         -0.12881672 -0.79325163 -0.19293745]
CCCCCC(=O)O,[ 0.05660356  0.7753772  -0.7465051  -0.99517035 -0.21403103]
CCCCCNCCCCC,[ 0.49554798 -0.24619427 -0.16402468 -0.6275254   0.00184571]
N#Cc1cccc(Cc2ncccn2)c1,[ 0.09527849  0.59353864 -0.9598932  -0.74514896 -0.21254686]
CCc1ccc2[nH]c(C(F)(F)F)nc2c1,[ 0.20503554  0.08205623 -0.88109255 -0.97046393  0.34812763]
Nc1cc2c(S(=O)(=O)O)cc(S(=O)(=O)O)cc2cc1S(=O)(=O)O,[ 0.33359063  0.78778917 -0.9288166  -0.4383262  -0.26161104]
CCCCCCCC(=O)N[C@@H](CCN)C(=O)N[C@H](C(=O)N[C@@H](CCN)C(=O)N[C@H]1CCNC(=O)[C@H]([C@@H](C)O)NC(=O)[C@H](C)NC(=O)[C@H](CCN)NC(=O)[C@H](CC(C)C)NC(=O)[C@@H](Cc2ccccc2)NC(=O)[C@H](CCN)NC1=O)[C@@H](C)O,[-0.14495996  0.9517788  -0.9087676  -0.67607045 -0.10798604]
ClCCCBr,[ 0.300982    0.32520503  0.08817038 -0.3806928  -0.04967303]
CC(C)(C)c1ccc(OP2OCC3(CO2)COP(Oc2ccc(C(C)(C)C)cc2C(C)(C)C)OC3)c(C(C)(C)C)c1,[-0.17633675  0.34235525 -0.38900533 -0.05976847  0.06872763]
COc1cc(C2c3cc4c(cc3C(OC3OC5COC(C)OC5C(O)C3O)C3COC(=O)C23)OCO4)cc(OC)c1O,[-0.2185902   0.16983438 -0.7455384   0.5075192  -0.32335818]
C=CC(=O)OCCOCC,[ 0.6653711   0.94214505 -0.7246883  -0.696536    0.13890074]
CCOC(=O)C(C)Oc1ccc(Oc2nc3ccc(Cl)cc3s2)cc1,[-0.2745786  -0.5970424  -0.47613016 -0.5929224   0.1300745 ]
COP(=S)(OC)SCc1nc(N)nc(N)n1,[ 0.4343582   0.82992065 -0.83724964 -0.53547835 -0.35077497]
CC(C)(C#N)C(C)(C)C#N,[ 0.20714001  0.9888842  -1.         -1.         -0.5571818 ]
CCOC(C1=NCCCN1)c1c(Cl)cccc1Cl,[ 0.32904148  0.6679604  -0.19329989 -0.39931354 -0.4058415 ]
CS(=O)(=O)c1ccc(C(O)C(COC(=O)C[NH3+])NC(=O)C(Cl)Cl)cc1,[ 0.14748533  0.8973876  -0.8976283  -0.56347543  0.12574914]
COP(=S)(OC)Oc1ccc(S(N)(=O)=O)cc1,[ 0.30914205  0.13113931 -0.9214042  -0.6335015   0.28760195]
COC(=O)/C=C/CNC(=O)CN1C(=O)[C@@H](COC(=O)Nc2ccc(Cl)cc2C(F)(F)F)N=C(c2ccccc2)c2ccccc21,[-0.12777133  0.8419556  -0.91247106 -0.8357652   0.6684651 ]
CCCSP(C)(=S)Oc1ccccc1,[ 0.48453623  0.59240496 -1.         -0.36462748  0.5815757 ]
Clc1cccc([Si]23OCCN(CCO2)CCO3)c1,[ 0.18862285  1.         -0.62509507 -0.85131085 -0.40331128]
CCOC(=O)Nc1ccc(NCc2ccc(F)cc2)cc1N,[-0.0812804  -0.60446155 -0.94789726 -0.72067475 -0.07423072]
CC(C)c1cccc(OC(=O)N(C)C)c1,[ 0.16889855  0.8203684  -0.66073644 -1.          0.06299575]
COCC(=O)O[C@]1(CCN(C)CCCc2nc3ccccc3[nH]2)CCc2cc(F)ccc2[C@@H]1C(C)C,[ 0.09241489  0.8947432  -0.24648978 -0.35560408 -0.25108996]
Cc1cccc([N+](=O)[O-])c1[N+](=O)[O-],[-0.33181494  0.90576565 -0.6075236  -0.36489224  0.51823467]
CC(C)=C1CCC(C)CC1=O,[ 0.2528031   0.8226107  -0.9437952  -0.5664726  -0.23099414]
C=CCN1CCC23CCCCC2C1Cc1ccc(O)cc13,[ 0.1145633   0.64657176 -0.23361921 -0.5385489  -0.4142466 ]
Cc1c(OCC(F)(F)F)ccnc1C[S+]([O-])c1nc2ccccc2[nH]1,[ 0.35045782  0.6745068  -0.52331173 -0.7020889   0.14418615]
N=C(N)Nc1nc(CSCCC(=N)NS(N)(=O)=O)cs1,[ 0.26359746  0.6937891  -0.9783618  -0.64037335 -0.3677551 ]
CNC(=O)Oc1cccc2c1OC(C)(C)O2,[ 0.2278751  0.5287347 -0.793612  -0.777171   0.244743 ]
COc1ccc(NC(=O)c2ccnc(N)n2)cc1,[-0.10448093  0.885409   -0.8267847  -0.3810143   0.11846346]
C=CC(=O)OCCOC(=O)CC(C)=O,[-0.03686328  0.84870774 -0.8546808  -1.          0.6157093 ]
CC(C)(c1ccc(Oc2ccc(N)cc2)cc1)c1ccc(Oc2ccc(N)cc2)cc1,[-0.343025   -0.15230213  0.06323731 -0.46589872  0.34882239]
C[C@H](CO)Nc1nc(SCc2cccc(F)c2F)nc2[nH]c(=O)cnc12,[ 0.37045497  0.8142186  -0.5459318  -0.7121762  -0.20706983]
NCCCNCCSP(=O)(O)O,[ 0.44297186 -0.128461   -0.8180268  -0.62204814 -0.10726085]
CC1CCN(C(=O)CC(Cc2cccc(C(=N)N)c2)NS(=O)(=O)c2ccc3ccccc3c2)CC1,[ 0.32189947  0.583444   -0.78334117 -0.63487345  0.12959854]
C/C([O-])=C(\C#N)C(=O)Nc1ccc(C(F)(F)F)cc1,[ 0.5335597   0.4412191  -0.6557385  -0.75888246 -0.06925886]
COP(=S)(OC)Oc1nc(Cl)c(Cl)cc1Cl,[ 0.1288982   0.5130833  -0.82452554 -0.7231457  -0.20099656]
Clc1ccc(C(OCCN2CCCCC2)c2ccccc2)cc1,[-0.31329516  0.9900314  -0.80607396 -0.96072     0.00951818]
C=CC[N+]1([C@H]2C[C@H]3[C@@H]4CC[C@H]5C[C@H](O)[C@@H](N6CCOCC6)C[C@]5(C)[C@H]4CC[C@]3(C)[C@H]2OC(C)=O)CCCC1,[-0.11099645  0.7889827   0.9269891  -0.36838046  0.40658256]
Cc1nc(C(F)(F)F)ccc1C(=O)Nc1ccc(Cl)c(-c2ccccn2)c1,[-0.08564244  0.11933096 -0.04805797 -0.68513155 -0.2510058 ]
NC(=O)N1C(=O)C(C(=O)c2cccs2)c2cc(Cl)ccc21,[ 0.00681488  0.33058947 -0.6920582   0.76995885 -0.18552439]
O=[N+]([O-])c1cccc(O)c1,[-0.13414708  0.7453255  -0.68072075 -1.         -0.15129595]
CN(C)NC(=O)CCC(=O)O,[ 0.20853017  0.31422973 -0.85878164 -0.47618967 -0.3138793 ]
NC(=S)Cc1cccc2ccccc12,[-0.05215034  0.04677835 -0.7159074  -0.8900481  -0.38431212]
O=CC1=CCCCC1,[ 0.02334317 -0.31334266 -0.37946162 -0.8404792   0.9594493 ]
C(Oc1nc(OCC2CO2)nc(OCC2CO2)n1)C1CO1,[ 0.21555905  0.86204267 -0.08533332 -0.71174604 -0.4841536 ]
CC(C)(C)NCCC(O)c1cc(C(F)(F)F)nc2c(C(F)(F)F)cccc12,[ 0.18736023  0.5505559  -0.6369065  -0.69661105 -0.14292277]
CC(O)C1C(=O)N2C(C(=O)[O-])=C(SC3CCS(=O)C3)SC12,[-0.02164656  0.6009197  -1.         -0.81255853  0.202913  ]
O=c1[nH]cnc2c1ncn2[C@H]1CC[C@@H](CO)O1,[-0.48335794  0.85116726 -0.6835731  -0.7826353   0.01198439]
FC(F)(F)c1nc2c(Cl)c(Cl)cc(Cl)c2[nH]1,[ 0.36169183  0.112611   -0.65727115 -0.90094393  0.02323058]
Cc1cc(=O)n(CSP(=S)(OC(C)C)OC(C)C)nc1Cl,[-0.08713554  0.41570282 -0.7847987  -0.9630935   0.03127067]
CNC(=O)OCc1cccc(COC(=O)NC)n1,[ 0.2512186   0.88400656 -0.5010198  -0.07187619  0.10831527]
COc1cc(OC)c(S(=O)(=O)NCc2ccccc2N2CCC(COC(=O)CCC(=O)O)CC2)cc1NC(=O)CCC(=O)O,[-0.09461625  0.7976368  -0.8136253  -0.88756734 -0.5184246 ]
C[NH2+]C(C)C1CCC(N)C(OC2C(N)CC(N)C(OC3OCC(C)(O)C([NH2+]C)C3O)C2O)O1,[ 0.55044943  0.76596344 -0.95627695 -0.7686569   0.2644222 ]
NCCCC[C@H](N[C@@H](CCc1ccccc1)C(=O)O)C(=O)N1CCC[C@@H]1C(=O)O,[-0.13635023 -0.1521566  -0.69705784 -0.7875198  -0.28791136]
Cn1cncc1CN(CCN(Cc1ccccc1)S(=O)(=O)c1ccccn1)c1ccc(C#N)cc1,[ 0.50721705  0.7328431  -1.         -0.80442125 -0.05711147]
CN(C)c1ccc(N=Nc2ccccc2)cc1,[ 0.12144111  0.9355586  -0.72771275 -0.62121344  0.10576229]
O=CCCCC=O,[ 0.37480363  0.74116015 -0.3137509  -0.9634928  -0.5896072 ]
CC(=O)c1c(C)c2cnc(Nc3ccc(N4CCNCC4)cn3)nc2n(C2CCCC2)c1=O,[-0.35632882  0.87026906 -0.8260937  -0.54410666  0.3144619 ]
C1=CCCC=CCCC=CCC1,[-0.2227863   0.85361433 -0.7388191  -0.8674568  -0.15294613]
CNC(=O)Oc1ccc(CCC#N)cc1,[ 0.29087195  0.88935477 -0.6807174  -0.6146364   0.30051115]
CN(C)CCCNCCCN(C)C,[ 0.2502754   0.19867684 -0.8388285   0.7219429   0.36306107]
CCOP(=S)(OCC)Oc1cc(C)n(CC)c(=O)c1,[ 0.24622266  0.97702515 -0.76935345 -0.58121693 -0.40076238]
Cc1c(Cl)c([N+](=O)[O-])c2[nH]c(C(F)(F)F)nc2c1[N+](=O)[O-],[ 0.14829153  0.42748144 -0.64832276 -0.7348974  -0.04496336]
O=[N+]([O-])C(CO)(CO)CO,[ 0.15509082 -0.22697416 -0.78348637 -0.7780652  -0.07949351]
CC1CS(=O)(=O)CCN1N=Cc1ccc([N+](=O)[O-])o1,[ 0.3386204   0.7676087   0.09494533 -0.502308   -0.23959506]
CN(C)N=Nc1nc[nH]c1C(N)=O,[ 0.13707547 -0.41702485 -0.29153153 -0.29619282  0.6012259 ]
Cc1ncc(CS)c(CO)c1O,[ 0.03533057  0.58412224 -1.         -0.93468785 -0.01804827]
C=CC(=O)N1CN(C(=O)C=C)CN(C(=O)C=C)C1,[ 0.04412626  0.52609545 -0.8611795  -0.5549038   0.10310945]
CC(=O)CCc1ccc(O)cc1,[ 0.35283753  0.80033857 -0.83713716 -0.8126141  -0.798576  ]
CCC(C)(C)OC(=O)Nc1ccco1,[ 0.4168728   0.54927737 -0.82708055 -0.10418285 -0.766854  ]
CN(SSC(C)(C)C)C(=O)ON=C1SCCS1,[ 0.41697007  0.82847    -0.6680413   0.2539029  -0.00575457]
Cc1ccccc1COC1CC2(C(C)C)CCC1(C)O2,[ 0.23887134  0.4428849  -0.662455   -0.923732   -0.04972654]
O=C(OCC(COC(=O)c1ccccc1)(COC(=O)c1ccccc1)COC(=O)c1ccccc1)c1ccccc1,[ 0.25281614 -0.6632872  -0.44540128 -1.         -0.1971544 ]
O=C(CCl)OC1=C(OC(=O)CCl)C(=O)OC1=O,[ 0.04489083  0.14419952 -0.3557102  -1.         -0.16038291]
C=C(C)C1CC=C(C)C(O)C1,[ 0.18792765  0.7387598  -0.24509914 -0.96606255 -0.63244134]
CC(C)CON=O,[ 0.6327252   0.6004065   0.13016939 -0.9673041  -0.33383572]
C=COC(=O)CCCCCCC,[-0.03406465  0.7688177  -0.830433   -0.40317652 -0.30101568]
COc1cc(OC)c(C(=O)CCCN2CCCC2)c(OC)c1,[ 0.24990903  0.7676082  -0.6449934  -0.8145474  -0.35747385]
Cc1ccc2c(c1)c(S(=O)(=O)c1ccc(Cl)cc1)c(C)n2CC(=O)O,[ 0.2602106   0.0355183  -0.70591027 -0.666956   -0.08895766]
CCC[C@H](NC(=O)[C@@H]1[C@H]2CCC[C@H]2CN1C(=O)[C@@H](NC(=O)[C@@H](NC(=O)c1cnccn1)C1CCCCC1)C(C)(C)C)C(=O)C(=O)NC1CC1,[ 0.49882513  0.32044744 -0.7728535  -0.745471   -0.14603323]
C=CC(=O)OCCCCCCOC(=O)C=C,[-0.22643371  0.8597818  -0.12928209 -0.7234293   0.25504607]
COCc1ccc2c(C(C(=O)NS(=O)(=O)c3ccc(C)cc3OC)c3ccc4c(c3)OCO4)cn(C)c2c1,[-0.2205809  0.5793924  1.        -0.4974576 -0.6480197]
CCC(=O)O,[-0.15498082  0.95250314  0.662461   -0.17740916  0.07796662]
CCCCCc1ccccc1O,[ 0.01392918  0.29719675 -0.8382033  -0.8226959  -0.25567457]
Cc1ccc([N+](=O)[O-])cc1,[ 0.3067276   0.40037113 -0.8041565  -0.6142712   0.0324812 ]
CCNc1nc(NC(C)C(C)C)nc(SC)n1,[ 0.51422864  0.70597947 -0.8091759  -0.48745337  0.12694305]
C[NH2+]C(C)Cc1ccccc1,[-0.16223899  0.3125148  -0.83580744  0.07411875  0.03434581]
ClCC1C(CCl)C2(Cl)C(Cl)=C(Cl)C1(Cl)C2(Cl)Cl,[ 0.39453053  0.74950844 -0.7803662  -0.5524879  -0.03831053]
C=CC(=O)OCCOC(=O)c1ccc(C(=O)O)cc1C(=O)O,[-0.24746138 -0.13574368  0.45537096 -0.71970004 -0.2946599 ]
Fc1ccc(Br)cc1,[-0.27730915  0.58706796 -0.7629365   0.25039944  0.08342767]
CC(C)NCC(O)COc1ccc(COCCOC(C)C)cc1,[ 0.14675568  0.95333177 -0.6607513  -0.57242125 -0.3645672 ]
CN(C)CCCC1c2ccccc2Nc2ccc(Cl)cc21,[ 0.16879943  0.84891194 -0.71172243 -0.78309196 -0.14211538]
Cc1cc([N-]S(=O)(=O)c2ccc(N)cc2)no1,[-0.07770387  0.7630766  -0.8683501  -0.4604496  -0.5352632 ]
C[C@@H]1NC(=O)[C@@H](C)N(C)C(=O)[C@@H](C)N(C)C(=O)[C@H](C)NC(=O)[C@H](C)N(C)C(=O)[C@@H](C)N(C)C1=O,[ 0.15629938  0.25165865 -0.54131275 -0.28406838 -0.10499252]
CC(C)(C)c1ccc2c(c1)C(C)(C)CC2,[ 0.02475573  0.34523734 -0.6832315   0.3602626   0.11812257]
CNC(=O)ON=C(C)SCC(=O)N(C)C,[ 0.6634595   0.24234249 -1.          1.          0.23181692]
CCC(C)CCCCC(=O)NC(CCN)C(=O)NC(C(=O)NC(CCN)C(=O)NC1CCNC(=O)C(C(C)O)NC(=O)C(CCN)NC(=O)C(CCN)NC(=O)C(C(C)O)NC(=O)C(CC(C)C)NC(=O)C(CCN)NC1=O)C(C)O,[-0.13436364  0.33676508 -0.6740675  -0.76194435 -0.17917241]
COc1ccc(C(=O)Nc2ccccc2CCC2CCCCN2C)cc1,[ 0.6084146   0.6816821  -0.3677274  -0.95029736 -0.36982584]
O=C(O)Cc1ccccc1N1CCC(CN2CCC(Oc3ccc(Cl)c(Cl)c3)CC2)CC1,[-0.25913975  0.9097697  -0.8215133  -0.8812301  -0.24327534]
CC(=O)NCCCS(=O)(=O)[O-],[ 0.30235702  0.81372094  0.13148351 -0.3643438   0.22393757]
O=C(Cc1cccs1)N[C@@H]1C(=O)N2C(C(=O)[O-])=C(C[n+]3ccccc3)CS[C@H]12,[ 0.38465306  0.66160035 -0.9923927  -0.4943852  -0.04950062]
CCNC(=S)NCC,[ 0.7266462   0.67727256 -0.7889297   0.12501073 -0.5468293 ]
O=C(c1csc2c1CCCC2)N1CCCCC1,[ 0.06414024  0.96951324 -0.6835084  -0.9563295   0.03823798]
C1CSCCO1,[ 0.5433003   0.24550733 -0.768658   -0.22237322 -0.12634039]
COP(=S)(OC)Oc1cc(Cl)c(Cl)cc1Cl,[ 0.3135073  -0.43237638 -0.6624153  -0.76063144 -0.00335284]
CN(C)C(=O)N(C)N=O,[ 0.12576613  0.8026583  -0.92814094 -0.8540035  -0.15117283]
COCCOCc1ccccc1,[ 0.39278284  1.         -0.9437676  -0.5615148   0.04421676]
CCCN(CCC)c1c([N+](=O)[O-])cc(C(C)C)cc1[N+](=O)[O-],[ 0.15364233  0.94711286 -0.89210206 -0.8696426   0.3115714 ]
CC(CC(=O)OC(C)(C)C)NC(=O)C1=NOC(C(O)(C(F)(F)F)C(F)(F)F)C1,[ 0.22442967  0.8581522  -0.92849374 -0.20108034  0.14422582]
Cc1ccc(CO)cc1N(C)c1ccnc(Nc2cc(N3CCCOCC3)cc(N3CCOCC3)c2)n1,[ 0.6572311   0.76803845 -0.7626672  -0.49180934  0.13167384]
CCCOP(=O)(OC=C(Cl)Cl)OCCCl,[ 0.25025955  0.8977838  -0.6479714  -0.89939195 -0.30788252]
O=C1CC2(CCCC2)CC(=O)N1CCCCN1CCN(c2ncccn2)CC1,[ 0.12745163  0.27739528 -0.8189744  -0.7688525   0.27682397]
CC(C)CCC(C)Nc1ccc(Nc2ccccc2)cc1,[ 0.11539744  0.7229978  -0.6965043  -0.8517755  -0.30377984]
CN1CCN(CCCN2c3ccccc3Sc3ccc(Cl)cc32)CC1,[-0.13502483  0.4639061  -0.6990878  -0.02881126 -0.06907675]
CCC(=O)NCCC1CCc2ccc3c(c21)CCO3,[ 0.08755203  0.13401364 -0.9481654  -0.5295833   0.21805473]
C=C(Cl)C(Cl)CCl,[ 0.02011557  0.89037436 -0.0428804  -0.41808856 -0.27206257]
CC(C)c1cc(Oc2ccccc2)cc(C(C)C)c1NC(=S)NC(C)(C)C,[ 0.32367417  0.9580437  -0.83675444 -0.9307118  -0.11393572]
CCOP(=O)(OCC)N(C)c1ccccc1,[ 0.31030753  0.79862577 -0.7347873   0.5221392   0.12108454]
Cc1ccc(S(=O)(=O)Nc2c(C(=O)N[C@@H](C)C(C)(C)C)c(C)nn2C(C)C)cc1,[-0.09636258  0.6380492  -0.8663605  -0.7166192  -0.2232367 ]
CCCCOC(=O)c1ccc(-n2nc(OCCN3CCCCC3)c3ccccc32)cc1,[-0.3940018   0.88971883 -0.14721352 -0.8098987  -0.14285658]
CCOP(=S)(OCC)SCSCc1ccccc1,[-0.28114793  0.9137556  -0.87182313 -0.77015245  0.07260933]
CC(=O)c1ccc2c(c1)N1C(=O)OCC1CC2,[-0.03240016 -0.4934717   1.          0.8675667   0.9671267 ]
COC(=O)C1=C(C)NC(C)=C(C(=O)OCCN(C)Cc2ccccc2)C1c1cccc([N+](=O)[O-])c1,[ 0.14736705  0.7723109  -0.8011443  -0.8690206   0.6174026 ]
O=c1cc(-c2ccc(O)cc2)oc2cc([O-])c(C3OC(CO)C(O)C(O)C3O)c(O)c12,[ 0.3136375   0.6987124  -0.44655678 -0.04537445  0.04390534]
C=C(C)C(=O)OCCOC(=O)C(=C)C,[ 0.02450719  0.27685696 -0.02239337 -0.54554385  0.00479079]
O=P(O)(O)C(O)(Cn1ccnc1)P(=O)(O)O,[ 0.14272766  0.9113642  -1.         -0.7825262   0.6412606 ]
Nc1ncc2cc(-c3c(Br)cccc3Br)c(N)nc2n1,[-0.42223933  0.89741886 -0.62139326 -0.34411117 -0.12685034]
COc1ccc(CC2NCC(O)C2OC(C)=O)cc1,[ 0.12710783  0.50775117 -0.6231292  -0.75305414  0.15464015]
CC(c1ccccn1)c1c(CC[NH+](C)[14CH3])sc2ccccc12,[-0.11512183  0.7965605   0.88081604 -0.12650216 -0.09425788]
Cc1cnc(NCCCN(C)C)c2c1[nH]c1ccc3cc(O)ccc3c12,[ 0.24495293  0.7974278   0.40412086 -0.3143976   0.04169945]
Clc1cc(Cl)cc(Cl)c1,[ 0.8911477  -0.51876795 -0.519605   -0.3151874   0.4878528 ]
Cc1cccc(Nc2ccncc2S(=O)(=O)[N-]C(=O)NC(C)C)c1,[-0.46905792  0.3648244  -1.         -0.9624973   1.        ]
CCc1cc2c(s1)-n1c(C)nnc1CN=C2c1ccccc1Cl,[-0.03296419  0.93132335 -0.6874773  -0.8187045  -0.4247437 ]
O=NN(c1ccccc1)c1ccccc1,[ 0.2988998  0.7874436 -0.7541901 -0.7462062  0.1319416]
CNC(=O)Oc1ccccc1C1OCCO1,[-0.05142454  0.24202569 -0.4939083  -0.49519894 -0.38028532]
O=c1cc(Cn2c(C3CCC3)nc3nccnc32)c2ccc(F)c(F)c2[nH]1,[-0.26227948  0.79935265 -0.9128327  -0.5648592  -0.236048  ]
CCOP(=O)(CC)SC,[ 0.37341434 -0.6398893  -0.48806575 -0.5451395  -0.307043  ]
CC(=O)CCCCCCCC(=O)O,[ 0.36557037  0.77574486 -0.79175836 -0.6631341  -0.3051791 ]
CC(C)[C@H](C(=O)Nc1nccs1)c1ccc(Cl)cc1,[ 0.26159626  0.8681673  -0.9234507  -0.6537853  -0.29347706]
C[C@@H](N/C(=N\c1ccncc1)NC#N)C(C)(C)C,[ 0.41431075  0.77212757 -0.8758686  -0.9195382  -0.42928496]
O=C1C(Cl)C(CCl)CN1c1cccc(C(F)(F)F)c1,[ 0.20011722  0.82793844 -0.70785683  0.18248223  0.21423833]
O=C(O)C1N=C(c2ccccc2)c2cc(Cl)ccc2NC1=O,[-0.46062398  0.7472639  -0.7616759  -0.66558844 -0.02656518]
OC1(c2ccc(Cl)c(C(F)(F)F)c2)CCN(CCCC(c2ccc(F)cc2)c2ccc(F)cc2)CC1,[-0.03379957  0.49875882 -1.         -0.85763806  0.22971167]
c1ccc(OP(Oc2ccccc2)Oc2ccccc2)cc1,[ 0.45780233  0.7366231  -0.80641973 -0.51717556  0.25492653]
CC1(C)CC2(NC(=O)N(CCCN3CCC(O)CC3)C2=O)c2cc(F)ccc2O1,[-0.07272129  0.7962513  -0.7486858  -0.43939307 -0.46469644]
CN(CC#N)N=O,[-0.04355539  0.9668412  -0.9140413  -0.9038919   0.55502135]
CCOC(C)=Cc1oc2ccccc2[n+]1CCCS(=O)(=O)[O-],[ 0.41988397  0.5175347  -0.82866114 -0.68031365  0.952668  ]
ClCC1CO1,[ 0.41552803  0.5626304  -0.58221096 -0.87732303 -0.14208768]
C#CCN(C)c1ccccc1OC(=O)NC,[ 0.29842594 -0.47645387 -0.9181192  -0.6006643  -0.20104109]
O=C(CCCN1CCC(O)(c2cccc(C(F)(F)F)c2)CC1)c1ccc(F)cc1,[ 0.1974031   0.57597846 -0.7803737  -0.5706393  -0.00573898]
CC(C)(C)c1cc([N+](=O)[O-])cc([N+](=O)[O-])c1O,[ 0.35819197  0.4064702  -0.70118016 -0.5544176  -0.48324236]
O=[N+]([O-])c1cc(Cl)ccc1Cl,[ 0.22988205  0.6847949   0.26905304 -0.177217   -0.48248827]
CCOC(=O)COc1ccc(C(=O)CN2CCN(C3CCN(C(=O)OCOC(=O)C(C)(C)C)CC3)CC2=O)cc1,[-0.05336281  0.634835   -0.63032407  0.42026114  0.6884697 ]
FC(F)=C(F)CCSc1ncccn1,[ 0.3895566  0.6430418 -0.8519944 -0.9190454  0.5264312]
CCC(c1ccccc1)c1c(O)c2ccccc2oc1=O,[ 0.06563407  0.8828792  -1.         -0.8845622  -0.3294171 ]
COc1ccc2ncc(=O)n(CCN3CC[C@@H](NCc4ccc5c(n4)NC(=O)CO5)[C@@H](F)C3)c2c1,[ 0.30047715  0.93212456 -0.6935766  -0.7161863  -0.35947827]
N#CSCCSC#N,[-0.16981767  0.8248573  -0.8969876  -1.         -0.41841477]
C=C(C)CN(CC)c1c([N+](=O)[O-])cc(C(F)(F)F)cc1[N+](=O)[O-],[ 0.35290578  0.7259428  -0.4123588  -0.21052292  0.01563395]
CN1c2ccccc2C(NCCCCCCC(=O)[O-])c2ccc(Cl)cc2S1(=O)=O,[-0.53492683  0.88476056 -0.42423806 -0.7488376  -0.00830726]
CC(C)OC(=O)C(C(=O)OC(C)C)=C1SCCS1,[ 0.15436612  0.83225113 -1.          0.04691641 -0.01534078]
CCCCC(CC)OCCOCCO,[ 0.23482956  0.49456185 -0.60429245 -0.4873942  -0.10674141]
CCCC(=O)OC1(C(=O)COC(=O)CC)CCC2C3CCC4=CC(=O)CCC4(C)C3C(O)CC21C,[-0.47801942  0.5938215  -0.7245392  -0.86933696  0.36626843]
Cn1c(COP(=O)(NCCBr)NCCBr)cnc1[N+](=O)[O-],[-0.04044595  0.7026154  -0.90845585 -0.11152717 -0.20370348]
CC(=S)NC[C@H]1CN(c2ccc(-c3nnc(CNS(C)(=O)=O)s3)c(F)c2)C(=O)O1,[ 0.61833024  0.8464437  -0.97953314 -0.51545876 -0.4794682 ]
CC[C@H](C)C(=O)O[C@H]1C[C@H](O)C=C2C=C[C@H](C)[C@H](CC[C@@H](O)C[C@@H](O)CC(=O)O)[C@H]21,[ 0.06820166  0.83958197 -0.506725   -0.7020087  -0.09714277]
CC(Cl)(Cl)[N+](=O)[O-],[-0.02124376 -0.55717933 -0.81623393 -0.6290014  -0.04499793]
CC(C)CCOC(CO)CC(C)C,[ 0.1149964   0.41689762 -0.6237723  -0.809138   -0.41441238]
O=C([O-])CCCc1ccc(N(CCCl)CCCl)cc1,[ 0.24628766  0.8836374  -1.         -0.6942969  -0.25515756]
C[C@@H]1CN(Cc2ccc(F)cc2)CCN1C(=O)COc1ccc(Cl)cc1NC(N)=O,[ 0.13306989  0.6027181  -0.42246267 -1.          0.6167858 ]
COC(=O)C(C(C)=O)C(C)=O,[-0.10734793  0.16253369 -0.5574928  -0.99880993 -0.03769013]
CCSP(SCC)SCC,[ 0.4676611   0.9191075  -0.572003   -0.6052967  -0.49744892]
Cc1ccc2c(c1)c(Sc1cccc(Cl)c1)c(C)n2CC(=O)O,[-0.04422377  0.6988268  -0.76516575 -1.         -0.05051868]
CC[C@H](CO)NC(=O)[C@H]1C=C2c3cccc4[nH]cc(c34)C[C@@H]2N(C)C1,[ 0.11341424  0.7948241  -0.64216924 -0.8925675  -0.35022125]
CN(C)CCC(c1ccc(Cl)cc1)c1ccccn1,[ 0.61392516  0.77432156 -0.46679786 -0.11151147  0.17912833]
Nc1nc2c(Cc3cccnc3)c[nH]c2c(=O)[nH]1,[ 0.1252907   0.93443805 -0.8916485  -0.6156347  -0.41952866]
C=CC(C)CCCC(C)(C)O,[ 0.26859698  0.54137224 -0.6835513  -0.6755838  -0.09148967]
CC1CC(=O)NN=C1c1ccc([N-]N=C(C#N)C#N)cc1,[ 0.28242204  0.667601   -0.18099152 -0.70090264  0.14962567]
S=c1[nH]cnc2nc[nH]c12,[-0.19736227  0.33257678 -0.9201894  -0.9493144  -0.13957685]
Cc1cc(C)c(C)cc1C,[ 0.22998257  0.8714797   0.04809174 -0.54292595 -0.16860156]
O=C(CCl)CCl,[ 0.1179147   0.8411791  -0.8115099  -0.6208519  -0.26827487]
Cc1cc(Cl)ccc1OCCCC(=O)O,[ 0.28997615  0.8287018  -0.8352297  -0.89882624 -0.19440651]
Nc1nc2c(ncn2COCCO)c(=O)[nH]1,[ 0.3737566  -0.06426235 -0.9339743  -0.1054478   0.4186654 ]
C[C@@H]1NC(=O)[C@H](C)N(C)C(=O)[C@@H](C)N(C)C(=O)[C@H](C)NC(=O)[C@@H](C)NC(=O)[C@@H](C)N(C)C1=O,[ 0.21617962  0.7979271  -0.0811362  -0.41095835 -0.28512016]
Clc1ccc(OCOc2ccc(Cl)cc2)cc1,[ 0.4170495   0.83231384 -0.81087476 -0.76319957  0.46621522]
O=C(NC(CCc1ccc2c(c1)OCO2)CCc1ccc2c(c1)OCO2)c1ccc(Cl)cc1,[-0.10160402  0.8265054  -0.78923565 -0.07595731 -0.36609817]
CCOP(=S)(NC(C)C)Oc1ccccc1C(=O)OC(C)C,[-0.36935547  0.87937427 -0.7391971  -0.6255741   0.39507848]
C=CC(=O)NCNC(=O)C=C,[ 0.5108891   0.7672079  -0.8662524  -0.7934432  -0.09235979]
OCCOc1cc(Cl)c(Cl)cc1Cl,[-0.40210795  0.8573585  -0.7153087  -0.42003772  0.18874656]
CCCCCCCCc1ccccc1O,[ 0.16210563  0.24315731 -0.81841683 -0.4092342  -0.04772262]
O=c1[nH]c(=O)c2ccccc2o1,[-0.4127615   0.8382007  -0.75917405 -0.6841252   0.37493104]
CCCCCCCCOC(C)=O,[-0.17755054  0.57249457 -0.86599165 -0.8661612  -0.4229284 ]
N=C(Nc1c([N+](=O)[O-])cnc2ccccc12)N1CCOCC1,[ 0.36806238  0.9096605  -1.         -0.5120257   0.19221345]
CC(=O)OC(C)OC(=O)C(C)c1ccc(-c2ccccc2)c(F)c1,[ 0.30849558  0.7821494  -0.82286    -0.77962863  0.7528983 ]
O=C(O)CCC(=O)O,[ 0.32097906  0.5244981  -0.9555675  -0.76900053  0.838168  ]
O=[N+]([O-])c1nccs1,[ 0.0425367   0.68605244 -0.8943695  -0.8147722  -0.16569965]
Cn1c(=O)sc2cccc(Cl)c21,[ 0.08017411  0.8976799  -0.45661342 -1.         -0.17430352]
CCOc1ccccc1OC(c1ccccc1)C1C[NH2+]CCO1,[ 0.1742119   0.88253415 -0.4011269  -0.99472165 -0.35889128]
CCC(C)(C)C1CCC(=O)CC1,[ 0.45480388  0.5578011  -0.830687   -0.70695555 -0.05020588]
CC(C)OCCO,[ 0.15451789  0.81408054 -0.26395962 -0.6478816   0.16194324]
COP(=S)(OC)Oc1cnc2ccccc2n1,[ 0.25629845  0.75026643 -0.69156724 -0.5295604   0.08374448]
CCCCCCCCCCOC(=O)Cc1ccc(N(CCCl)CCCl)cc1,[ 0.03147509 -0.7287993  -0.61092097  0.09760489  0.33084458]
CN1CN(CCO)CSC1=S,[ 0.22995661  0.9233704  -0.8451913  -0.64778596 -0.03894129]
O=c1cc(N2CCOCC2)nc2n(Cc3cccc(Cl)c3Cl)ccn12,[ 0.50518537  0.6082805  -0.1949458  -0.52924687 -0.01170331]
CCCCC(C)(C)CO,[ 0.28249496  0.99352443 -0.88466185 -0.8026139   0.4346309 ]
O=C(O)CC(CC1CCN(C(=O)CCc2ccc3c(n2)NCCC3)CC1)C1CNc2ccccc2C1,[ 0.6389921   0.4262913   0.47257513 -0.6317385   0.30793473]
NC(=O)[C@H](Cc1ccccc1)NC(=O)OCc1ccccc1,[ 0.37261993  0.9158688  -0.82008886 -0.95962495  0.33308986]
CNCC(O)c1cccc(O)c1,[-0.00919183  0.8157515  -0.92092454 -0.69826835 -0.31223258]
O=C(CN1CCNCC1)NN=Cc1ccc([N+](=O)[O-])o1,[-0.2969533   0.72114825 -0.85392916 -0.82578826  0.11169663]
CC(=O)N[C@H](C)C(=O)NCCc1ccccc1,[ 0.14052066  0.48305276 -0.49942052 -0.6558106  -0.18798786]
CN(C)C1C(O)=C(C(N)=O)C(=O)C2(O)C(O)=C3C(=O)c4c(O)cccc4C(C)(O)C3C(O)C12,[-0.09162856  0.75476056 -0.99630004 -0.71779     0.53476393]
COc1ccc2ccc(=O)n(CCN3CCC(NCc4cc5c(cn4)OCCO5)CC3)c2n1,[ 0.07893574  0.23001555 -0.78536177 -0.6734615  -0.00374366]
O=c1[nH]c2ccccc2n1CCCN1CCN(C(c2ccccc2)c2ccccc2)CC1,[ 0.28097495  0.77939624 -0.8692649  -0.27044573  0.09243335]
Cc1cc(Nc2nc(N[C@@H](C)c3ncc(F)cn3)nc(N3CCOCC3)c2F)n[nH]1,[-0.31970417  0.74243724 -0.440268   -0.69911504 -0.24041574]
C=CC[NH+]1CCCC1CNC(=O)c1cc2n[nH]nc2cc1OC,[ 0.18951555  0.55698454  0.13694836 -0.21342748  0.7183555 ]
CCOC(=O)c1noc(C)c1C(C)=O,[ 0.30651677  0.04039632 -0.91972613 -0.83074635  0.16027883]
CC[C@@H]1OC(=O)[C@@H](C)[C@H](O[C@@H]2C[C@](C)(OC)[C@H](O)[C@@H](C)O2)[C@H](C)[C@H](O[C@@H]2O[C@H](C)C[C@H](N(C)C)[C@H]2O)[C@@](C)(O)C[C@@H](C)/C(=N\OCOCCOC)[C@H](C)[C@@H](O)[C@@]1(C)O,[ 0.13641249  0.8737611  -0.7048608   0.48111603 -0.07685085]
CCCCSCCCC,[ 0.34588572  0.7486203  -0.87253326 -0.6021592  -0.17044438]
CNc1c(C(N)=O)cnc2[nH]c(-c3ccc(OCCN4CCOCC4)cc3)nc12,[ 0.01717609  0.834855   -0.9184496  -0.81223166  0.00528818]
CCOC(=O)CCN(Cc1ccccc1)SN(C)C(=O)ON=C(C)SC,[ 0.05455219  0.8542514  -0.8153606  -0.6728217  -0.14956288]
CCN1C(=O)NC(c2ccccc2)C1=O,[ 0.42021888  0.31757307 -0.19484805 -0.20942834  0.21270883]
C[NH+]1CCc2cccc3c2C1Cc1ccc(O)c(O)c1-3,[ 0.22467068  0.2919997  -0.24550356 -0.4686357   0.01952199]
C=C(C)c1cccc(C(C)(C)N=C=O)c1,[ 0.00937348  0.82489973 -0.09955363 -1.         -0.35375708]
FC(F)(F)c1nc2c(I)cc(I)cc2[nH]1,[ 0.4454582   0.8640594  -0.7281781  -0.41794205  0.23403259]
CN(C)S(=O)(=O)CCCCCNC(=O)N(CCCl)N=O,[-0.27532893  0.46614924 -0.5392269  -0.7246125  -0.2492004 ]
CC(O)c1cccc(N)c1,[ 0.09210294  0.8472918  -0.78122795 -0.3415852  -0.38009772]
CC1(C)SC2C(NC(=O)C(C(=O)[O-])c3ccsc3)C(=O)N2C1C(=O)[O-],[ 0.7283192   0.70379204 -0.74619246 -0.31691498  0.14201644]
CC(CN1CC(=O)NC(=O)C1)N1CC(=O)NC(=O)C1,[-0.40793943  0.6990902  -0.9394267  -1.         -0.16165887]
O=C(O)c1ccccc1-c1c2ccc(=O)cc-2oc2cc(O)ccc12,[ 0.29328188  0.8064605  -0.72771233 -0.58793235  0.49466443]
COCCNC(=O)c1ccc(Nc2ncc3cc(-c4ccncc4)ccc3n2)cc1C,[ 0.45298445 -0.3638622  -1.         -0.41756773  0.49114892]
OC(CCN1CCCC1)(c1ccccc1)C1CCCCC1,[ 0.51855534  0.84763426 -0.82619447 -0.60614026  0.01535863]
C/C=C/CC(C)C(O)C1C(=O)NC(CC)C(=O)N(C)CC(=O)N(C)C(CC(C)C)C(=O)NC(C(C)C)C(=O)N(C)C(CC(C)C)C(=O)NC(C)C(=O)NC(C)C(=O)N(C)C(CC(C)C)C(=O)N(C)C(CC(C)C)C(=O)N(C)C(C(C)C)C(=O)N1C,[ 0.26308867  0.86130255 -0.73056656 -0.8119593  -0.02390953]
O=C(O)[C@@H](c1ccccc1)N1CCC(CN2CCC(Oc3ccc(Cl)c(Cl)c3)CC2)CC1,[ 0.6930262   0.90125585 -0.8961968   0.07788939 -0.36999226]
Nc1nc(-c2ccccn2)nc(N)c1Cc1ccc(Cl)cc1Cl,[-0.33125484  1.          1.         -1.          1.        ]
CN1C(=O)CN=C(c2ccccc2F)c2cc(Cl)ccc21,[-0.04371834  0.8581697  -0.6111028   0.55815643  0.48497623]
Cc1cc(C(=O)c2ccccc2)ccc1N,[-0.60926175  0.8461305  -0.13273256 -0.49216583 -0.00122075]
CCC(CC)(C(=O)O)c1cccc2ccccc12,[-0.30391186  0.82202786 -0.64149827 -0.8062368  -0.05057545]
COc1c(OP(=S)(OCC(C)C)OCC(C)C)cnn(C)c1=O,[ 0.31555107  0.09535723 -0.92277604 -0.6857986   0.25538298]
O=C(CCCCC(=O)OCC1CC=CCC1)OCC1CC=CCC1,[-0.2253077  -0.84721106 -1.         -1.         -0.1951691 ]
Cc1ncccc1Oc1ncnc(OC2CCN(C(=O)OC(C)C)CC2)c1C,[-0.06647537  0.7364718  -0.7858905  -0.47432998 -0.30019793]
CNC(=O)c1[nH]cnc1C(=O)Nc1ccc(OC)cc1,[ 0.10999743  0.9148982  -0.49149686 -0.8433589   0.26215783]
NC(=O)CCCCC1CCSS1,[ 0.03119496  0.16984229 -0.6088941  -0.34361866 -0.21360612]
CCCCC(=O)N(Cc1ccc(-c2ccccc2-c2nnn[n-]2)cc1)C(C(=O)[O-])C(C)C,[-0.13487694 -0.26716784 -0.8057806  -0.7559817  -0.00354174]
COC(=O)Cc1ccccc1,[-0.45595673  0.9120672  -0.85394853 -0.925861   -0.2368993 ]
Nc1nc2[nH]cnc2c(=S)[nH]1,[-0.2633223   0.9426864  -0.94637454 -0.47924602 -0.16290693]
C=CC(=O)OCC(=O)OCC,[-0.53577447  0.8472827  -0.6710021  -0.91830504  0.1055642 ]
O=C1c2cccc(S(=O)(=O)O)c2C(=O)c2c1cccc2S(=O)(=O)O,[ 0.1518249   0.502406   -0.7201707  -0.79703665 -0.17313738]
C1CN1P1(N2CC2)=NP(N2CC2)(N2CC2)=NP(N2CC2)(N2CC2)=N1,[ 0.14065465 -0.9699005  -0.6942308  -0.3811383  -0.09906372]
O=C1NC(c2ccc(Br)cc2)Nc2ccccc21,[ 0.4523848   1.         -0.5518544  -0.20828073 -0.33308068]
O=C(O)COc1ccc(Cl)cc1CN1CCN(S(=O)(=O)Cc2ccccc2)CC1,[ 0.38583022  0.836469   -0.67099416 -0.8518424  -0.20705743]
CN(C)CCC=C1c2ccccc2CCc2ccccc21,[ 0.1556093   0.6727509  -0.18875271 -0.26080656  0.33768526]
ClCc1cccc2ccccc12,[ 0.34209996  0.83702856 -0.94670457 -0.56384563 -0.07497939]
O=C(O)COc1ccc(C(=O)CN2CCN(C3CCNCC3)CC2=O)cc1,[ 0.5796495   0.69853014 -0.7573641  -0.583602   -0.27620482]
C=CCc1cc(OC)c2c(c1)OCO2,[ 0.11709963  0.8310531  -0.58442867 -0.82584906 -0.20885368]
CC[C@@]1(O)C(=O)OCc2c1cc1n(c2=O)Cc2cc3c(CN(C)C)c(O)ccc3nc2-1,[-0.45069066  0.9487984  -0.7758138  -0.70648354  0.02958588]
C=C1CC1CC(N)C(=O)O,[ 0.00420368  0.7701817  -1.         -0.77310914  0.5791987 ]
CCOP(=O)(OCC)Oc1ccc(S(C)(=O)=O)c(C)c1,[-0.31613365  0.8590514  -1.         -0.9082606  -0.04132235]
COP(=O)(SC(C)C)SC(C)C,[-0.5363606   0.6802525  -0.14410755 -0.08842133 -0.39649847]
COc1cc(C(=O)NC2CCCNC2)cc(OC)c1OC,[-0.04341965  0.60345775  0.64398515 -0.63389856 -0.14458053]
O=C(c1ccc(Cl)cc1)c1ccccc1-c1ncc[nH]1,[-0.18575338  0.87118465 -0.6291887  -0.90122586  0.3314084 ]
CCC(CC)C(=O)OCCOCCOCCOC(=O)C(CC)CC,[ 0.33738118  0.69508845 -0.5724393   0.29841745 -0.19609319]
COP(=S)(OC)SCc1nnc(C(C)C)o1,[ 0.24525034  0.6492633  -0.74227107 -0.63999623  0.5302645 ]
Cc1ncc(C[n+]2csc(CCO)c2C)c(N)n1,[ 0.29797822 -0.28945076 -0.84558123 -0.29887846  0.5782549 ]
CN1C(=O)CC(N2CCN(CCCN3c4ccccc4COc4ccc(CC(=O)O)cc43)CC2)N(C)C1=O,[-0.10031816  0.87640834 -0.5484686  -0.09464468 -0.1613575 ]
CC1(C)SCN(C(=O)C2(Oc3ccc(Cl)cc3)CCCCC2)C1C(=O)O,[ 0.20063356  0.719248   -0.9402817  -0.88361514 -0.03307648]
Cc1cc(Cl)ccc1OCC(=O)O,[-0.00698777  0.76369166 -0.8064121  -0.7974476   0.02280093]
CNC(=O)c1cccc2c(Nc3ccc(NS(C)(=O)=O)cc3OC)c3cccc(C)c3nc12,[ 0.3155549   0.91824466 -0.90254235 -0.41713038  0.67597944]
CC1=NN(c2ccccc2)C(=O)C1,[-0.565752    0.9867311  -0.86703056 -0.6565534  -0.29406303]
CCOC(=O)c1ccc(C#Cc2ccc3c(c2)C(C)(C)CCS3)nc1,[ 0.07291834 -0.43007052 -0.8562125   0.05359844 -0.4862283 ]
CCCCC(CC)COCCO,[-0.39846686  0.73528004 -0.8430921  -0.6487653   0.1940536 ]
Cc1nc(N)nc(N)c1-c1ccc(Br)cc1,[ 0.41993847  0.7941171  -0.7459112  -0.3902697  -0.05815683]
CC(=O)OCCOCCOCCOC(C)=O,[ 0.47120667  0.7960928  -0.5657258  -0.9859538   0.12209014]
O=CNC(N1CCN(C(NC=O)C(Cl)(Cl)Cl)CC1)C(Cl)(Cl)Cl,[ 0.12067676  0.9921629  -0.7637502  -0.8525445  -0.28223237]
CCOc1cc(OCC)c(C(=O)CCC(=O)O)cc1OCC,[ 0.18817487  0.9969751  -0.5731452  -0.87094957 -0.42904407]
Nc1nc(O)c2ncn(COCCO)c2n1,[ 0.23913501  0.82766646 -0.43641663 -1.         -0.24496758]
CO[Si](CCCOCC1CO1)(OC)OC,[-0.3022844   0.85771215 -0.92199457 -0.65547305 -0.33424854]
CC(C)(O)c1ccccc1,[ 0.37299684  0.7604231  -0.72183627  0.06979222 -0.00417539]
CC(O)COC(C)CP(CC(C)OCC(C)O)CC(C)OCC(C)O,[-0.15946956  0.7099435  -0.84390056 -0.7808599   0.05074582]
Cc1ccc(N=CN(C)SN(C)C=Nc2ccc(C)cc2C)c(C)c1,[ 0.17239994  0.58478963  0.0577318  -0.2941152   0.08453138]
COP(N)(=O)SC,[-0.48618278  0.9962807  -0.5043988  -0.6680366  -0.07613587]
O=c1n(CC2CO2)c(=O)n(CC2CO2)n1CC1CO1,[ 0.27814433  0.1188619  -0.9859491  -0.87732714 -0.08478748]
CCCCCCCC=CC=O,[ 0.29721636  0.9187165  -0.9665024  -1.         -0.10001697]
S=C1NCCNC(=S)S1,[ 0.12372644  0.2776757  -0.68836594 -0.51274925 -0.3458485 ]
O=c1[nH]c2c(O)ccc([C@@H](O)CNCCSCCCNCCc3cccc(Cl)c3Cl)c2s1,[ 0.1401357   0.49397263 -0.5422585   0.65182745  0.03326651]
COc1c2ccoc2c(OCC2OC2(C)C)c2oc(=O)ccc12,[ 0.52281904  0.798093   -0.8120604  -0.65285796 -0.25966254]
Fc1cc(-c2cccc3ncc(-c4cnn(C5CCNCC5)c4)nc23)cc(F)c1CN1CCOCC1,[ 0.1361362   0.6341357  -0.8145839  -0.6425336   0.09134459]
NCC1CCC=CO1,[-0.5572356   0.6160205  -0.6169435  -0.7548035   0.13235067]
Cc1c(OC2CCN(CC3CCN([C@@](C)(Cc4ccc(F)cc4)C(=O)O)CC3)CC2)ccc(Cl)c1Cl,[ 0.2868043   0.49679086 -1.          0.20457378  0.01863011]
O=C(OCCc1ccccc1)c1ccccc1,[ 0.4312083   0.54112005 -0.7320086   0.10217047  0.08360928]
CCN(Cc1cc(C(F)(F)F)ccc1-c1cc(CC(=O)O)ccc1OC)C(=O)NCc1ccccc1,[-0.24552192  0.17601928 -0.7164679  -0.59919965  0.363388  ]
O=[N+]([O-])c1ccc(Nc2ccccc2)c(S(=O)(=O)O)c1,[ 0.34092063  0.12157398 -0.9914059  -0.8094691   0.27896798]
CN(C)C(Cc1ccccc1)c1ccccc1,[ 0.530031   0.7933604 -0.8479781 -1.        -0.5190565]
CC(=O)OC(C)(C)C1CC=C(C)CC1,[ 0.2619709   0.70593274 -0.41102102 -0.37722337  0.02888391]
Nc1c(CC(=O)[O-])cccc1C(=O)c1ccc(Br)cc1,[ 0.304523    0.7406512  -0.7294008  -0.2888144  -0.23361675]
CCC(C)(CC)c1cc(N)on1,[ 0.04592971  0.31360328 -0.6718522  -0.851912    0.3494156 ]
OCCN(CCO)CCO,[-0.54928476  0.9135641  -0.9435655  -0.7234613  -0.15758935]
O=C1NC(=O)C(c2ccccc2)(c2ccccc2)C(=O)N1,[ 0.5808232   0.36829117 -0.84189576 -0.7094706  -0.10165437]
O=[N+]([O-])c1c(Cl)c(Cl)c(Cl)c2nc(C(F)(F)F)[nH]c12,[ 0.12603283  0.62248486 -0.6818504  -0.8308757   0.16926649]
O=c1c(Cl)c(Cl)cnn1-c1ccccc1,[ 0.28707686  0.9117716  -0.7202446  -0.36065516 -0.6044041 ]
CN(C)C(=O)Nc1ccc(Cl)cc1,[ 0.6253841   0.8347728  -0.71808946 -0.620604   -0.3447229 ]
Cc1c(Sc2ccc(Cl)cc2)c2c(-c3ccccc3)cccc2n1CC(=O)O,[ 0.34211475  0.98636925 -0.15417543 -0.54463214  0.55411685]
NCCNCCNCc1ccccc1O,[ 0.14774328  0.88655305 -0.5893222  -0.8335975   0.26666537]
COC(=O)c1ccccc1,[ 0.49692935  0.67021424 -0.53359383 -0.6342068  -0.13523285]
CCC1OC(C)SC1=NOC(=O)NC,[-0.23955743  0.8465441  -0.36378077  0.3844494   0.19634657]
CN1CCN(c2ccc3ncc(C(N)=O)c(Nc4ccc(Cl)c(Cl)c4)c3c2)CC1,[-0.05399724  0.889129   -0.62024885 -0.36095408  0.07240294]
CCC1(CC)C(=O)NCC(C)C1=O,[ 0.41470024 -0.8089546  -0.01623465 -0.49292508 -0.28619054]
C[Si](C)(Cl)Cl,[ 0.4331428   0.8089439  -0.7598421  -1.         -0.53166664]
O=[N+]([O-])c1cc(Cl)c2nc(C(F)(F)F)[nH]c2c1,[ 0.20949699  0.8066355  -0.80091107 -1.         -0.21719082]
O=[N+]([O-])c1cc(C2CCCCC2)c(O)c([N+](=O)[O-])c1,[ 0.21952164  0.6779177  -0.39626414 -0.57774013  0.12643887]
CC(=O)[C@H]1CC[C@H]2[C@@H]3CC[C@@H]4C[C@H](O)CC[C@]4(C)[C@H]3CC[C@]12C,[-0.3100361   0.9263011  -0.81896186 -0.8691938  -0.44009733]
CCOC(=O)C=Cc1ccc2c(c1)OCO2,[ 0.33090085  0.15868641 -0.86814606 -0.6569933  -0.14456715]
COc1cccc2c1cc([N+](=O)[O-])c1c(C(=O)O)cc3c(c12)OCO3,[ 0.14966029  0.98543453 -0.75437564 -0.5806677  -0.5596377 ]
C=CS(C)(=O)=O,[ 0.12081063  0.8911043  -0.89208084 -0.65760255  0.74899817]
Nc1ccn([C@@H]2O[C@H](CO)[C@@H](O)C2(F)F)c(=O)n1,[ 0.4307557  -0.27176085 -0.70953447 -0.5869553  -0.1689169 ]
CCN1C(=O)C=CC1=O,[ 0.09426983  0.54055876 -0.9222913  -0.59662426 -0.00540201]
CCCCC(CC)C(=O)OC1=C(c2c(C)cc(C)cc2C)C(=O)c2ccccc21,[ 0.12500934  0.9962332  -1.         -0.66695946 -0.11510476]
COc1cc2ncnc(Nc3ccc(F)c(Cl)c3)c2cc1NC(=O)/C=C/CN1CCCCC1,[ 0.08633561  0.8370398  -0.47385877 -0.9141535  -0.4291719 ]
C=CCOc1ccccc1OCC(CNC(C)C)OC(=O)C1CC1,[-0.19838749  0.6282724  -0.84462583 -1.         -0.16193259]
COP(=S)(OC)SC1CSC=CO1,[-0.45915395  0.7014349  -0.9776061  -0.9089918   0.05934433]
CN(CC=CC#CC(C)(C)C)Cc1cccc2ccccc12,[-0.12137968  1.         -0.76332146 -0.954612   -0.14315009]
COP(=S)(OC)SC(CBr)N1C(=O)c2ccccc2C1=O,[ 0.18367696  0.73464566 -0.52872616 -0.5424316  -0.11395045]
CC(C)N(C(=O)SCC(Cl)=C(Cl)Cl)C(C)C,[ 0.47267398  0.78030187  0.43887207 -0.1060747  -0.6451258 ]
N#CCc1ccccc1,[ 0.32381716  0.6755402  -0.50009924 -0.7013826  -0.32971147]
Nc1cc2c(cc1C1CCCCC1)CCC2C(=O)O,[ 0.24071117  0.27604404 -1.         -0.6890257  -0.18468831]
Cc1ccc(-c2ccccc2)cc1,[-0.07656336  0.548406   -0.9609061  -0.9180042  -0.11993416]
Cc1ccc(S(=O)(=O)N(C)C(=O)N2CCC(N3CCC(Oc4ccc(Cl)c(Cl)c4)CC3)CC2)cc1,[-0.31293625  0.18161222 -1.         -0.97129786 -0.20847125]
