COc1cc(OC)c(S(=O)(=O)N(c2ccccc2)C(C)C)cc1NC(C)=O,[-0.30326945 -0.02436365 -0.5508172  -0.9285147  -0.10953423]
CC(=O)OC(C)(C)C1CC=C(C)CC1,[ 0.33855042  0.6796683  -0.75533575 -0.26660454  0.02248725]
C=CCC1/C=C(\C)CC(C)CC(OC)C2OC(O)(C(=O)C(=O)N3CCCCC3C(=O)OC(/C(C)=C/C3CCC(O)C(OC)C3)C(C)C(O)CC1=O)C(C)CC2OC,[ 0.41624162  0.46723112 -0.7437007  -1.         -0.36181122]
COc1ccc(-c2nc3c(NCCCNC(C)=O)c(Br)cnc3[nH]2)cc1,[ 0.14816627  0.970032   -0.82396483 -0.5560893  -0.23503608]
NCCNCc1ccccc1O,[-0.47345206  0.08553729 -0.98575234 -0.7333539  -0.18156001]
CCN(CC)CCCCCCCCCCNC(=O)Oc1ccc2c(c1)C1(C)CCN(C)C1N2C,[ 0.2362937   0.26241052  0.01124317 -0.6690277   0.45683646]
C=C(CC(=O)c1ccc(-c2ccccc2Cl)cc1)C(=O)O,[-0.02995824  0.7408914  -0.7454505  -0.38783872 -0.10940959]
ClCC(Cl)=C(Cl)Cl,[ 0.30174625  0.75026494 -0.71322316 -0.9220516  -0.06875589]
Oc1cc(Cl)c(Cl)c(Cl)c1Cl,[-0.2792397   0.77023214 -0.8133125  -0.6762681  -0.38442838]
C=CCNC(=O)C(=O)C(CCC)NC(=O)C1CC2CN1C(=O)C(C1CCCCC1)NC(=O)Cc1cccc(c1)OCCC(C)(C)O2,[ 0.38911706  0.84228516 -0.8660297  -0.52129686 -0.73919404]
Cc1onc2c(=O)n(C)nc(-c3ccccc3)c12,[ 0.5101488   0.83746856 -0.8459206  -0.6322526  -0.06181475]
CC(C)(C)[NH2+]CC(O)c1cc(O)cc(O)c1,[ 0.33013847 -0.11661561 -0.9045239  -0.86532336 -0.43526986]
O=C(Nc1cccc(Cl)c1)Nc1nnc(-c2ccncc2)s1,[ 0.2203104   0.8560227  -0.449108   -0.799141   -0.13882883]
Cc1nn(C2CCCCC2)c(N)c1-c1ccccc1,[ 0.1522618   0.9001042  -0.93140435 -0.7642581  -0.29777047]
CCNC(=O)CSP(=S)(OC)OC,[ 0.34917772  0.84069395 -0.600361   -0.69378716 -0.05310965]
COc1cc2nc(N3CCN(C(=O)C4COc5ccccc5O4)CC3)nc(N)c2cc1OC,[ 0.41517228  0.9367032  -0.9374651  -0.4673799   0.1076519 ]
COC(CN1CCN(CCC(O)c2ccccc2)CC1)c1ccccc1,[-0.17642072  0.65685487 -1.         -0.9346299  -0.31341496]
CCCCN(CCCC)CCCC,[ 0.10395517  0.80314034 -0.63613707 -0.7177803  -0.48905793]
Cc1cnc(NC(=O)C2=C(O)c3ccccc3S(=O)(=O)N2C)s1,[ 0.08467212  0.09086529 -0.96657515 -0.94033736 -0.19401875]
COc1ccc(C(Oc2ccccc2)C2=NCCCN2)cc1,[ 0.10438465 -0.69353163 -0.4382699  -0.56216556 -0.29814723]
CC=CC(C)=O,[ 0.44376105  0.77367634 -0.93085223 -0.6878919   0.8917379 ]
FC(F)(F)c1nc2c(I)cc(I)cc2[nH]1,[ 0.01922023  1.         -0.8678324  -0.9953568   0.6897539 ]
CC1NC(=S)NC1=O,[ 0.04028054  0.97842765 -0.93047345 -1.          0.17570245]
COc1cc2nc(N3CCN(C(=O)C(C)OC)CC3)nc(N)c2cc1OC,[ 0.28688106  0.9153737  -1.         -0.7562993  -0.0085676 ]
O=CNc1cc([C@@H](O)CNCCc2ccc(NC[C@H](O)c3ccccc3)cc2)ccc1O,[-0.0537762   0.18633068 -0.39916715  0.38811752  0.12533227]
O=c1[nH]c2c(O)ccc([C@@H](O)CNCCSCCCNCCc3cccc(Cl)c3Cl)c2s1,[ 0.25776666  0.4905944  -0.6728816  -0.15816328 -0.16026297]
Cc1cccc(C)c1O,[ 0.10520485  0.24978392 -0.45445475  0.04522047 -0.14490841]
CN(C1CCCCC1)C1CCCCC1,[ 0.2508059   0.6857309  -0.8892127  -0.73696434 -0.16258235]
O=C(NC[C@@H](O)CN1CCC(Oc2ccc(Cl)c(Cl)c2)CC1)c1c[nH]c(=O)c2cc(F)ccc12,[-0.18751755 -0.7851112  -0.78330255 -0.9020606  -0.0167526 ]
Cc1cnc(Nc2cc(N3CCOCC3)nc(N[C@@H](C)c3ncc(F)cn3)n2)s1,[ 0.41935384  0.6465872  -0.7702429  -0.2901233   0.02044286]
Cc1ccc(NC(=O)c2ccc(C#N)cc2)cc1-n1cnc2ccc(N3CCN(C)CC3)cc2c1=O,[-0.3807158  0.9531043 -0.9618836 -1.         0.3177503]
COc1cc(OC)c(S(=O)(=O)N2c3ccccc3CCC2C)cc1NC(=O)COCC(=O)O,[ 0.43793124  0.8343018  -0.314142   -0.72330964 -0.13328344]
CCC(=O)NC[C@H]1CN(c2ccc(-c3nncs3)c(F)c2)C(=O)O1,[-0.45333567  0.7319735  -0.9104574  -0.5644137   0.21185164]
CC=Cc1ccc(OCc2ccccc2)c(OC)c1,[ 0.35664183  0.64452666 -0.81340146 -0.4629478  -0.4730931 ]
CC(C)c1cccc(C(C)C)c1O,[ 0.15231465  0.21177472 -0.7024694  -0.9139309   0.298815  ]
CC(O)C#N,[-0.02624705 -0.07934891 -0.27785036 -0.7715895  -0.1900546 ]
CC(C)Oc1cc(-n2cnc3ccc(N[C@@H](CO)c4ccc(F)cn4)nc32)n[nH]1,[-0.16903938 -0.26618725 -0.8102162  -0.74547946 -0.02692002]
NNC(=O)c1ccncc1,[-0.82970494  0.6719975   0.08858213 -0.75910515  0.01339189]
O=C(CCCCCCC(=O)Nc1ccccc1)NO,[ 0.2375798   0.02679921 -0.94019836 -0.7522322  -0.31315142]
S=c1[nH]cnc2nc[nH]c12,[-0.10761437  0.2227135  -0.75660914 -0.69906086 -0.29510674]
Cc1ccc2c(c1)c(-c1ccnc3c(C)cccc13)c(C)n2CC(=O)O,[-0.06228866  0.7763055  -0.48861265 -0.74734825 -0.40210447]
OCCCCC(O)CO,[ 0.17448254  0.79656917 -0.8741222  -0.74514276  0.39494944]
CC1CS1,[ 0.19037926  1.         -0.8555823  -0.9640775  -0.40587592]
O=c1n(CC2CO2)c(=O)n(CC2CO2)n1CC1CO1,[ 0.11307273  0.87716717 -0.93887216 -0.89784265  0.6756037 ]
COP(=S)(OC)Oc1ccc(C#N)cc1C,[-0.19819704  0.78539383 -0.82656884 -0.46180066  0.07956681]
FC(F)(F)c1nc2c(Br)c(Br)cc(Br)c2[nH]1,[ 0.09406897  0.4570623  -0.72506684 -0.8374144   0.06328617]
[O-][n+]1onc2c1c1no[n+]([O-])c1c1no[n+]([O-])c21,[ 0.4870059  0.6197641 -0.7463968 -0.7960029  0.0575612]
C#CC1(O)C(CO)OC(n2ccc(N)nc2=O)C1O,[-0.4682783   0.87298846 -0.7100595  -0.85097057 -0.32688046]
c1ccc2c(c1)CC(N1CCN(c3cccc4c3OCCO4)CC1)C2,[-0.19933328  0.86776996 -0.69115543 -0.7345906  -0.19192965]
CN(C)CC/C=C1/c2ccccc2COc2ccc(CC(=O)O)cc21,[ 0.32448322  0.8260587  -0.42089683  0.24850865 -0.01073514]
NCCCNCCSP(=O)(O)O,[ 0.2994904   0.40793502 -0.863488   -0.6128566  -0.19203179]
CC[C@@]1(O)C(=O)OCc2c1cc1n(c2=O)Cc2cc3c(CN(C)C)c(O)ccc3nc2-1,[-0.38449183  0.33745667 -0.8472455  -0.5754897   0.16656843]
CSCCC([NH3+])C(=O)NC1(C(=O)[O-])CS(=O)(=O)C2C(C(=O)[O-])C21,[-0.11668523  0.62290937 -0.37713575 -0.9903034  -0.36044303]
N#CCCOCCC#N,[-0.1968011   0.92946166 -0.4026746  -0.32698584 -0.07124895]
CC(=O)Oc1cc(C(F)(F)F)ccc1C(=O)O,[ 0.24423091  0.61686367 -0.7900616  -0.46589196  0.02231295]
COc1cc(N)c2c(c1N)C(=O)c1ccccc1C2=O,[ 0.5327898   0.5549401  -0.7113175  -0.60968685 -0.22290221]
CCC1OC(C)SC1=NOC(=O)NC,[-0.08966939  0.8007794  -0.5779821   0.5387375   0.17527476]
Cc1c(-c2c(C)c(N)c3c(C(C)C)c(O)c(O)c(C=O)c3c2O)c(O)c2c(C=O)c(O)c(O)c(C(C)C)c2c1N,[-0.20793937 -0.214893   -0.21981676 -0.7131565  -0.05761142]
Nc1cc2c(cc1C1CCCCC1)CCC2C(=O)O,[-0.17006527  1.         -0.2961758  -1.         -0.1273828 ]
CCCCn1c(=O)n(CCC)c(=O)c2[nH]c(C)nc21,[ 0.23645465  0.04556856 -0.79265785 -0.24265186 -0.38675138]
O=C(O)c1nn(Cc2ccc(Cl)cc2Cl)c2ccccc12,[ 0.10396669  0.60805273 -0.85535055 -0.46994668  0.64800054]
Nc1ccc(Cl)cc1Cl,[ 0.48473322  0.7921654  -0.8472137  -0.65536445 -0.27077502]
Cc1ccc(N2CC(COc3ccc(-c4noc(C)n4)cc3)C2)nn1,[-0.11076026  0.74617165 -0.7923281  -0.6515917   0.0770143 ]
CNC(=O)c1[nH]cnc1C(=O)Nc1ccc(Cl)cc1,[ 0.16411218  0.8189824  -0.82662255 -0.6274212   0.05796285]
CC1CCC(C(C)C)C(O)C1,[ 0.08643536  0.952405   -0.8552698  -0.7063004  -0.22085193]
CN1CCN(CCC=C2c3ccccc3Sc3ccc(S(=O)(=O)N(C)C)cc32)CC1,[-0.21040113  0.03457782 -0.7097876  -0.8801006  -0.07997823]
O=C(O)CCC(=O)O,[ 0.40256524  0.81472945 -0.6083715  -0.22259209  0.11222161]
OC1(c2ccc(Cl)c(C(F)(F)F)c2)CCN(CCCC(c2ccc(F)cc2)c2ccc(F)cc2)CC1,[-0.23499045 -0.18765016 -0.7491584  -0.80508995  0.29266983]
O=C(O)COc1ccccc1,[ 0.16457003  0.7965506  -1.         -0.47092068 -0.32090014]
Cc1cnc(C)c(C)n1,[ 0.37066603 -0.02358408 -0.86680055 -0.2681829  -0.0707228 ]
O=C(CN1CCNCC1)NN=Cc1ccc([N+](=O)[O-])o1,[-0.12863262 -0.04303388 -0.8445769  -0.62022644  0.09725245]
COP(=S)(OC)SCSCC=C(Cl)Cl,[ 0.30708855  1.         -0.16392712 -0.60796994 -0.00160163]
CO/N=C(\C(=O)N[C@@H]1C(=O)N2C(C(=O)O)=CCS[C@H]12)c1csc(N)n1,[ 0.34504217 -0.22616553 -0.38149428  0.21258426 -0.14189185]
N#CCCCCC#N,[-0.14599262 -0.505617   -1.          0.4972659  -0.18833901]
CN(C)C(=O)Oc1cccc2sccc12,[ 0.0252298   0.10438493 -0.8040046  -0.66813326  0.42330328]
CP(=S)(Oc1ccccc1)Oc1ccc(C#N)cc1,[ 0.42373532  0.5054465  -0.50729823  0.35182288  0.3030408 ]
CNC(=O)OCc1cccc(COC(=O)NC)n1,[ 0.37678307  0.8209211  -0.97805154 -0.11334134  0.09953603]
O=[N+]([O-])c1ccc(C=NNC(=S)N2CCCC2)o1,[ 0.28118575  0.9599152  -0.65506953 -0.65821487  0.30443197]
COC(=O)c1ccccc1N=NN(C)C,[ 0.00080113  0.79953575 -0.7770694  -0.72208536 -0.32606924]
CCCOP(=O)(SCCC)SCCC,[-0.24239576 -0.38872924 -0.05031193 -0.9662906  -0.00515102]
O=C(NC(CCc1ccc2c(c1)OCO2)CCc1ccc2c(c1)OCO2)c1ccc(Cl)cc1,[ 0.4591177   0.5630581  -0.8243894  -1.         -0.03016455]
CC(=Cc1ccccc1)CC(=O)N1CCOCC1,[-0.28379458  0.8868267  -1.         -0.6151555   0.4532948 ]
O=c1cc(Cn2c(C3CCC3)nc3nccnc32)c2ccc(F)c(F)c2[nH]1,[ 0.24877515  0.83115804 -0.5177774  -0.5546746  -0.17652325]
CCNC(=O)ON=C1SCOC1C,[-0.07785028  0.71897614 -0.08381438 -0.83470756 -0.44354415]
Cc1c(C(C)C)c(=O)n(-c2ccccc2)n1C,[ 0.38217267  1.          0.4975408  -0.5655647  -0.17344542]
Cc1c(Sc2ccc(Cl)cc2)c2c(S(C)(=O)=O)cccc2n1CC(=O)O,[-0.36641553  1.         -0.8115788  -0.81706804 -0.2309002 ]
CCN(CC)c1ccc2cc(C(=O)NC3(C(=O)N[C@H](Cc4ccccc4)C(=O)NCC4CCN(CC5CCOCC5)CC4)CCCC3)sc2c1,[-0.58091843  0.61862093  0.6643199   0.19574386  0.7287513 ]
CC(C)(C)NC(=O)C1CC2CCCCC2CN1CC(O)C(Cc1ccccc1)NC(=O)C(CC(N)=O)NC(=O)c1ccc2ccccc2n1,[ 0.37718385  0.79680145 -0.9401009  -0.61533654  0.32159203]
CC1CC(=O)NN=C1c1ccc([N-]N=C(C#N)C#N)cc1,[-0.03216962  0.41374826 -0.9317625  -0.30467054  0.10155952]
CN(C)C(=O)Cl,[ 0.4065864   0.48867762 -0.5409964  -0.56733495  0.07071851]
CCOP(=O)(CC)SC,[ 0.32867572 -0.45989183 -0.57331914 -0.67436546  0.30678374]
COP(=S)(OC)SCC(=O)N1CCOCC1,[ 0.28228116  0.5161047  -1.         -0.4755588  -0.6754937 ]
C=COCCOC,[ 0.07167853  0.8442034  -1.         -0.8896084   0.795487  ]
C=CCc1cc(OC)c(OC(C)Cc2cc(OC)c(OC)c(OC)c2)c(OC)c1,[-0.4745083   0.6530623  -0.70113826 -0.40946922 -0.2098927 ]
CN(C)N=Nc1ccc(I)cc1,[-0.01255677 -0.51783687 -0.7318574  -0.9793851  -0.21070307]
COP(=S)(OC)SC(CBr)N1C(=O)c2ccccc2C1=O,[-0.21312389  0.84775597  0.26952156 -0.81239694  0.16128035]
CCC(C)c1ccccc1,[ 0.08120701  0.83785784 -0.8724662  -0.33841005 -0.43324673]
CCCS,[ 0.4317561  0.8865987 -0.874357  -0.3841969 -0.1405783]
NC(=O)N1C(=O)C(C(=O)c2cccs2)c2cc(Cl)ccc21,[-0.09707052  0.7497857  -0.67266876 -1.          0.7433944 ]
CCOP(=S)(OCC)OC(C)CC,[ 0.3788167  -0.11006593 -0.5005562  -0.75160044  0.4986403 ]
Fc1cc2nc(C(F)(F)F)[nH]c2cc1Cl,[ 0.12974216  0.7777534  -0.728541   -0.7002938  -0.01937564]
CCC(C)C(=O)OC1CCC2(C)C3CC(O)C4C5(O)C(CC42OC13O)C1CN2CC(C)CCC2C(C)(O)C1C(O)C5OC(=O)C(C)(O)CC,[ 0.1473301   0.79120326 -0.303459   -0.92794645 -0.34745708]
CCCCCCCCCCCCCCCN,[-0.03632968  0.82458895 -0.6901742   0.4929315   0.49807584]
COP(=S)(OC)Oc1ccc(C#N)cc1,[ 0.16046615 -0.16967957 -0.66269356 -0.6221298  -0.11893242]
C=C(C)C(=O)OCCCC,[-0.06672705  0.90831757 -0.77224904 -0.89053905 -0.35876575]
CCNc1nc(NCC)nc(OC)n1,[ 0.24585031  0.56629634 -0.87022245 -0.85733783 -0.18389067]
CCCCOCCOCCCC,[ 0.4957858   0.9377313  -0.85022926 -0.57517356  0.24915075]
O=C(CCl)CCl,[-0.62869114  0.88671994 -0.77808183 -0.4029397   0.2740407 ]
ClCC1CO1,[ 0.5285314   0.67378914 -0.69929725 -0.87807    -0.30527088]
C=C(C)CN(CC)c1c([N+](=O)[O-])cc(C(F)(F)F)cc1[N+](=O)[O-],[ 0.67501634  0.11464525 -0.9935846  -0.1897053  -0.26105803]
C=C[Si](OC)(OC)OC,[ 0.27661318  0.7469503  -0.80664474 -0.7362377   0.1273923 ]
COCCNC(=O)c1ccc(Nc2ncc3cc(-c4ccncc4)ccc3n2)cc1C,[-0.04374214 -0.32348365 -0.87990624 -0.875236    0.41043687]
CC(C)OCCO,[ 0.4355786   0.5311332  -0.17921154 -0.5743864  -0.04355491]
C[N+](C)(C)CC(O)CC(=O)[O-],[ 0.10244779  0.9683951  -0.30232736 -0.938014    0.63302416]
CC(=O)N[C@H](C)C(=O)NCCc1ccccc1,[-0.09711367  0.31166062 -0.53708667 -0.6339483  -0.1135285 ]
CC(=O)N(C)c1ccc2ccn(-c3cc(NC4CC4)n4ncc(C#N)c4n3)c2c1,[ 0.02199992 -0.00531081 -0.83039874 -0.45156604 -0.29719174]
CC(C)CCC(C)Nc1ccc(Nc2ccccc2)cc1,[-0.04614168  0.75556207 -0.9267971  -0.9269958  -0.36346638]
CCOC(=O)C(CCc1ccccc1)NC1CCc2ccccc2N(CC(=O)O)C1=O,[-0.13431913  0.72044593 -0.74214387 -0.6394416  -0.69013625]
Cc1cccc2sc3nncn3c12,[ 0.35312518  0.4080288   0.02789562 -0.45354986 -0.37208682]
O=[N+]([O-])c1cc(C2CCCCC2)c(O)c([N+](=O)[O-])c1,[ 0.27792948  0.53695494 -0.17966919 -0.39528725 -0.03382511]
O=C(O)Cc1ccccc1N1CCC(CN2CCC(Oc3ccc(Cl)c(Cl)c3)CC2)CC1,[-0.36723867  0.848928   -0.8563422  -0.8714113  -0.5396998 ]
CCCCCCCCCCCCCCCCCC(=O)Cl,[ 0.5012647   0.7931231  -0.66378886 -0.76808625 -0.36631718]
C#CCN1C(=O)CN=C(c2ccccc2)c2cc([N+](=O)[O-])ccc21,[ 0.29079837  0.9651106  -0.78487575 -0.48147961 -0.33747908]
C[NH2+]C(C)C1CCC(N)C(OC2C(N)CC(N)C(OC3OCC(C)(O)C([NH2+]C)C3O)C2O)O1,[ 0.07147344  0.8370202  -0.1859049  -0.39528427 -0.14217965]
C(Oc1nc(OCC2CO2)nc(OCC2CO2)n1)C1CO1,[-0.1430182   0.8062308  -0.45790866 -0.7252481   0.0088071 ]
CN[C@@H](C)[C@@H](O)c1ccccc1,[ 0.00305149 -0.9250223  -1.         -0.59910035  0.21037896]
CNC(=O)CSP(C)(=S)OC,[ 0.2377501  -0.09714481 -0.32822493 -0.295742    0.05183526]
CCCCC(CC)OCCOCCO,[ 0.5959218   0.96249217 -1.         -0.9422383  -0.3033673 ]
CN1CCN(c2ccc3ncc(C(N)=O)c(Nc4ccc(Cl)c(Cl)c4)c3c2)CC1,[-0.14477001  0.13943689 -0.66633624  0.03363087 -0.40902144]
N#Cc1ccc2[nH]c(C(F)(F)F)nc2c1,[-0.12311503  0.8372247  -0.9485045  -0.9168121  -0.31912845]
CC[C@H]1OC(=O)[C@H](C)[C@@H](O[C@H]2C[C@@](C)(OC)[C@@H](O)[C@H](C)O2)[C@H](C)[C@@H](O[C@@H]2O[C@H](C)C[C@H](N(C)C)[C@H]2O)[C@](C)(O)C[C@@H](C)C(=O)[C@H](C)[C@@H](O)[C@]1(C)O,[ 0.07276779 -0.69855785 -0.85865146 -0.81968826  0.14691353]
O=C1C2CC3C1C1(Cl)C(Cl)C4(Cl)C2C3C1(Cl)C4(Cl)Cl,[ 0.7138233   0.96750414 -0.88204795 -0.86395496 -0.29587832]
CCC(CC)(C(=O)O)c1cccc2ccccc12,[-0.31717882  0.77211887 -0.6333683  -0.87613845 -0.07229228]
O=C(CCl)OCCOCCO,[-0.40064034  0.4390603  -0.8766191  -1.         -0.06999777]
Cc1ccc(S(=O)(=O)Nc2c(C(=O)N[C@@H](C)C(C)(C)C)c(C)nn2C(C)C)cc1,[ 0.47281897  0.878302   -1.         -0.6466426  -0.29998094]
COc1cc2c(c3oc(=O)c4c(c13)CCC4=O)C1C=COC1O2,[-0.0178747   1.         -0.6173752  -0.816613   -0.39906508]
Cc1cc(OC(=O)N(C)C)n(-c2ccccc2)n1,[-0.02199326  0.91770494 -0.5967029  -0.5466734  -0.1091013 ]
Cc1cc(Cl)ccc1OCCCC(=O)O,[ 0.26786163  0.8197228  -0.86685437 -0.96364444 -0.16555122]
CNC(=O)c1cccc2c(Nc3ccc(NS(C)(=O)=O)cc3OC)c3cccc(C)c3nc12,[-0.05021949  0.7532329  -0.8067621  -0.6328074   0.850993  ]
O=C(O)CCC(=O)OC1CCCCC1,[-0.00657915  0.6488965  -0.69694155 -0.41535044 -0.28781557]
CC(C)(C)CC(=O)Nc1c(F)cc(C(=O)Nc2nccs2)cc1F,[ 0.33388233  0.90099555  0.6122722  -0.31722665 -0.26445928]
COCc1ccc2c(C(C(=O)NS(=O)(=O)c3ccc(C)cc3OC)c3ccc4c(c3)OCO4)cn(C)c2c1,[ 0.18407664  0.91526836 -0.07097099 -0.60704565 -0.21459597]
CCN1CN(CO)C(=O)N(CO)C1,[ 0.4757134   0.4550259  -0.98246765 -0.76778936 -0.4415589 ]
CO[Si](CCCOCC1CO1)(OC)OC,[-0.31830323  0.8435288  -0.7786737  -0.7230164  -0.4096243 ]
C=CC(=O)OCCOC(=O)CC(C)=O,[ 0.5669047   0.75306916 -0.77422947 -0.6137987   0.1489819 ]
Cc1c(C(=O)NCCO)[n+]([O-])c2ccccc2[n+]1[O-],[ 0.30881715  0.7624084   0.25267512  0.0191667  -0.3368554 ]
CCCCCC(O)C=CC1C(O)CC(O)C1CC=CCCCC(=O)O,[ 0.16441335 -0.383055   -1.         -0.44252196  0.92856836]
OCCOc1cc(Cl)c(Cl)cc1Cl,[-0.37434924  1.         -0.71276414 -0.24032892 -0.06697866]
CSc1ccc(C(=O)c2[nH]c(=O)[nH]c2C)cc1,[ 0.19373755 -0.3403208  -0.8385488  -0.81413156  0.5111951 ]
Cc1ccc2c(c1)c(-c1ccnc3cc(Cl)ccc13)c(C)n2CC(=O)O,[-0.06440759  0.63759637  0.41462192 -0.8889711   0.2895921 ]
CNC(=O)[C@@H]1Cc2cn(cn2)CC(=O)N2CCC[C@H]2C(=O)N[C@@H](C)C(=O)N1C,[ 0.04008049  0.86264145 -0.9988603  -0.81621915  0.00446277]
CC(C)=CC1C(C(=O)OC(C#N)c2cccc(Oc3ccccc3)c2)C1(C)C,[ 0.08109138  0.7357249  -0.49978906 -0.20106965  0.56917566]
CCOP(=S)(OCC)SCSCc1ccccc1,[-0.22381644  0.86407274 -0.8369074  -0.7812359   0.04339345]
CC(C)CN,[ 0.17935601  0.5015161  -0.72916275 -0.895448   -0.08775329]
COc1cc(OC)c(S(=O)(=O)NCc2ccccc2N2CCCCC2)cc1NC(=O)CCC(=O)O,[ 0.5006524   0.9501885  -0.8516318  -0.8415718  -0.26166746]
CC(C)=C1CCC(C)CC1=O,[ 0.23498812  0.9121514  -0.89198816 -0.46310347  0.15157153]
COc1cc(C=CC(=S)N2CCOCC2)cc(OC)c1OC,[ 0.1448846  -0.57693076 -0.6092487  -0.34095645 -0.20257197]
CNC(=O)ON=C(C)SC,[-0.20062254  0.83022404 -0.54596484 -0.0541463  -0.11093494]
CCOc1ccc([C@@H](C)Nc2nc(N3CCN(C(C)=O)CC3)nc3c2CN(C(C)C)C3=O)cc1,[ 0.25373086  0.7221675  -0.5531904  -0.5490649   0.00397163]
C[C@H](CSN=O)C(=O)N1CCC[C@@H]1C(=O)O,[ 0.31164205  0.8363598  -0.7891526  -0.8802294  -0.04028372]
O=c1[nH]c2ccccc2n1CCCN1CCN(C(c2ccccc2)c2ccccc2)CC1,[ 0.39269337  0.5924527   0.25939626 -0.71436125  0.10155146]
Nc1ccc([N+](=O)[O-])cc1N,[ 0.39230016  0.51166    -0.7807661  -0.3456876  -0.02992465]
C=CC(=O)N(C)C,[ 0.46272114  0.4481659  -0.51611143 -0.6821604  -0.2689044 ]
CCCCCCCCc1ccccc1O,[ 0.31088647 -0.50263    -0.7285934  -0.7979405   0.20723347]
S=C1NCCC(COc2ccccc2)O1,[-0.16277374  0.6335524  -0.89571977 -0.49381357  0.5719436 ]
CC(C)(C)c1ccc(C(=O)O)cc1,[ 0.45350435  0.4996087  -0.65529335  0.44671822  0.04276478]
CC(O)COC(C)CP(CC(C)OCC(C)O)CC(C)OCC(C)O,[ 0.17694467  0.8550577  -0.8578947  -0.8202066   0.08192784]
CN1C(=O)CC(N2CCN(CCCN3c4ccccc4COc4ccc(CC(=O)O)cc43)CC2)N(C)C1=O,[ 0.41721034  0.84840626 -0.5861756  -0.47584847 -0.37022802]
Cc1c(OCC(F)(F)F)ccnc1CS(=O)c1nc2ccccc2[nH]1,[ 0.38815925  0.93146145 -0.8607521  -0.8291312  -0.05874588]
C=C(OP(=O)(OC)OC)c1ccc(Cl)cc1Cl,[ 0.14065005  1.         -1.         -0.8340112   0.5527347 ]
Cc1nc(N)nc(N)c1-c1ccc(Br)cc1,[ 0.5311334   0.87048095 -1.         -0.96245885  0.89136934]
CCC(C)OC=O,[ 0.3544253  -0.59995776 -0.5163452  -0.94493985 -0.23923358]
Cc1cccc(C)c1CCNC(N)=O,[-0.3834329   0.8703909  -0.788511   -0.8646726   0.39876068]
CCCCc1c(OC(=O)c2cc(OC)c(OC)c(OC)c2)n(-c2ccccc2)n(-c2ccccc2)c1=O,[-0.14853618  0.82150006 -0.64389485 -0.75306016 -0.29302558]
CC(C(O)c1ccc(O)cc1)[NH+]1CCC(O)(c2ccccc2)CC1,[-0.31230953  0.7269234  -0.61157846 -0.82860047  0.04850197]
O=C1CC(N2C(=O)c3ccccc3C2=O)C(=O)N1,[-0.38930306  0.0401682  -0.26553518 -0.63870907 -0.06707345]
O=C(Nc1ccc(Cl)c(C(=O)Nc2cccnc2)c1)c1cccc(C(F)(F)F)c1,[ 0.4197543   0.9038773  -0.68755066 -0.38063666 -0.31082726]
CNC(=O)ON=C1CCCC1(C)C#N,[-0.12535338  0.6105582  -1.         -0.7109119  -0.26359406]
CC1CS(=O)(=O)CCN1N=Cc1ccc([N+](=O)[O-])o1,[ 0.3578433   0.94225216 -0.9991474  -0.7071484  -0.27786165]
c1cc(-c2ccc3nc(Nc4ccc(OCCN5CCCC5)cc4)ncc3c2)ccn1,[-0.70039606 -0.16410138 -0.5732537  -0.53154576 -0.16761917]
CN(CC=CC#CC(C)(C)C)Cc1cccc2ccccc12,[-0.5434549   0.9735747  -0.758536   -0.7183116  -0.17701055]
Cc1ccc(N=C=O)cc1N=C=O,[-0.01512062 -0.03556887 -0.6316418  -0.7362131  -0.19436437]
CCNC(=O)C(C)OC(=O)Nc1ccccc1,[ 0.1999704   0.73258066 -0.685733   -0.87370104 -0.14688328]
CC(NC(C)c1ccccc1)c1ccccc1,[-0.0508026   0.769057   -0.16210806 -0.64358056 -0.32136625]
CC[C@H](C)[C@H](NC(=O)[C@H](CCC(=O)[O-])NC(=O)[C@H](CCC(=O)[O-])NC(=O)[C@H](Cc1ccccc1)NC(=O)[C@H](CC(=O)[O-])NC(=O)CNC(=O)[C@H](CC(N)=O)NC(=O)CNC(=O)CNC(=O)CNC(=O)CNC(=O)[C@@H]1CCCN1C(=O)[C@H](CCCNC(N)=[NH2+])NC(=O)[C@@H]1CCCN1C(=O)[C@H]([NH3+])Cc1ccccc1)C(=O)N1CCC[C@H]1C(=O)N[C@@H](CCC(=O)[O-])C(=O)N[C@@H](CCC(=O)[O-])C(=O)N[C@@H](Cc1ccc(O)cc1)C(=O)N[C@@H](CC(C)C)C(=O)[O-],"[-3.6794573e-01  2.2661005e-01 -4.0378675e-01 -5.0699908e-01
  1.0013004e-04]"
Cc1ccc(C(=O)c2ccc(CC(=O)NCC(=O)Nc3cccc(C)c3C)n2C)cc1,[ 0.1352172   0.79593724 -0.5631448  -0.002375    0.03915334]
COC(=O)C1=C(C)NC(C)=C(C(=O)OCCN(C)Cc2ccccc2)C1c1cccc([N+](=O)[O-])c1,[ 0.21234293  0.72837794 -0.6814533  -0.7621364  -0.35043412]
CCCCN(CCCC)SN(C)C(=O)ON=CC(C)(C)SC,[ 0.24308334  0.790469   -0.9580201  -0.6974676  -0.5004903 ]
CCCCCCCCCCOc1c(OC)cc(C(N)=O)cc1OC,[ 0.4794334   0.35849538 -0.5842034  -0.5755208  -0.04963043]
C[C@@H]1NC(=O)[C@@H](C)N(C)C(=O)[C@H](C)N(C)C(=O)[C@@H](C)N(C)C(=O)[C@@H](C)N(C)C(=O)[C@H](C)NC1=O,[-0.24037318  0.7044554  -0.66837925 -0.74006087 -0.0258999 ]
CSCC(=O)N(C)C(=O)Oc1ccccc1OC(C)C,[ 0.21765602  0.53744584 -0.9944633  -0.82540786 -0.28434622]
COc1ccc(CC2NCC(O)C2OC(C)=O)cc1,[ 0.2826937   0.54456335 -0.7478502  -0.9802555   0.15438992]
CCC(C)OP(=S)(OC)OC,[ 0.33180973  1.         -0.78276086 -0.4078653   0.06542408]
CC(=O)N(C)c1ccc(Nc2ncc3cc(-c4ccncc4)ccc3n2)cc1,[-0.05056053  0.7749099  -1.          0.49381843  0.47717774]
CC(CC(=O)OC(C)(C)C)NC(=O)C1=NOC(C(O)(C(F)(F)F)C(F)(F)F)C1,[ 0.34175485  0.7011077  -0.51056135 -0.731842    0.27819544]
ClC(Cl)(Cl)c1ccc(C(Cl)(Cl)Cl)cc1,[-0.20245515  0.470886   -0.81449187  0.40110892 -0.00723752]
O=C(CCCCC(=O)OCC1CC=CCC1)OCC1CC=CCC1,[-0.17671348 -0.9818734  -0.9807138  -0.66772175 -0.34892222]
Cc1cc(Nc2nc(N[C@@H](C)c3ccc(F)cn3)c(C#N)cc2F)n[nH]1,[ 0.30249038  0.64333856 -0.57980895 -0.7841297   0.2630897 ]
CC1(C)C(=O)N(CO)C(=O)N1CO,[-0.14602937  0.7208909  -0.714023    0.5260745  -0.40684873]
CCOC(=O)CCN(SN(C)C(=O)Oc1cccc2c1OC(C)(C)C2)C(C)C,[-0.52394885  0.89787346 -0.82598424 -0.7819055  -0.10951012]
FC(F)=C(F)CCSc1ncccn1,[-0.0570492   0.96999115 -0.7670103  -0.8220483   0.5199365 ]
N#Cc1cc(Br)c(O)c(Br)c1,[ 0.58845675  0.6977215  -0.7903911  -0.67223746  0.45899016]
NC(=O)[C@H](Cc1ccccc1)NC(=O)OCc1ccccc1,[ 0.5742122   0.7874455  -0.7206981  -0.6930191   0.29274157]
C[C@H](CO)Nc1nc(SCc2cccc(F)c2F)nc2[nH]c(=O)cnc12,[ 0.30147836  0.85082597 -0.5854723  -0.62789    -0.10054297]
CSC(C)=NOC(=O)N(C)SN(C)C(=O)Oc1ccc(OC(=O)N(C)SN(C)C(=O)ON=C(C)SC)cc1,[ 0.37884435  0.8874461  -0.69203407 -0.7263151  -0.32076514]
CN(c1ccc(F)cc1F)c1c([N+](=O)[O-])cc([N+](=O)[O-])cc1C(F)(F)F,[ 0.2107877   0.5219112  -0.9216007  -0.95607334  0.04255072]
O=[N+]([O-])c1ccc(O)c(CNCCO)c1,[ 0.34581342  0.79431075 -0.84947175 -0.09851     0.3465158 ]
SCc1ccccc1,[ 0.09700941  0.808185   -0.59855884 -0.80545694  0.6486618 ]
CC(=O)N(C)C,[ 0.39098924  0.6005085  -0.9755502  -0.94768274  0.31945416]
COc1cc2ncc(C(N)=O)c(Nc3ccc(F)cc3F)c2cc1NCCN1CCCCC1,[-0.16269596  0.8938737  -1.         -1.          0.69817996]
CCCCCc1ccccc1O,[ 0.52184206  1.         -1.         -0.7841337  -0.3068993 ]
O=C(CCl)OC1=C(OC(=O)CCl)C(=O)OC1=O,[-0.05150331  0.7402006  -0.4152415  -1.         -0.09725429]
CCC(C(=O)O)c1ccc(CC(C)C)cc1,[ 0.3596068   0.6960965  -0.76922    -0.679824    0.00992579]
CC(C)(C)NCCC(O)c1cc(C(F)(F)F)nc2c(C(F)(F)F)cccc12,[ 0.20463274 -0.25355068 -0.53927803 -0.9849798  -0.40077934]
CC(CN1CC(=O)NC(=O)C1)N1CC(=O)NC(=O)C1,[-0.3145632   0.71540445 -0.9517716  -1.         -0.3012909 ]
O=[N+]([O-])c1cc2[nH]c(C(F)(F)F)nc2cc1Cl,[ 0.2515742   0.6625408  -0.7775352  -0.44267064  0.8909518 ]
CCOP(=S)(OCC)OC(=CCl)c1ccc(Cl)cc1Cl,[-0.56970674  0.13505967 -0.5134433   0.45022354 -0.30163202]
FC(F)(F)c1nc2cc(Br)c(Cl)cc2[nH]1,[ 0.0951795   0.8016581  -0.8618908  -0.4897439   0.33407426]
CN1[C@@H]2CC[C@@H]1CC(OC(=O)C(CO)c1ccccc1)C2,[ 0.21325934 -0.9998723  -1.         -0.32347962  0.04476721]
CC(=O)OCc1ccc(C(C)C)cc1,[ 0.03243282  0.91423994 -0.7840368  -1.         -0.4660878 ]
N#Cc1c(-c2ccc(-c3ccncc3Cl)cc2)nc2ccncc2c1O,[ 0.20125452  0.93592924  0.26645938 -0.6846389   0.1381313 ]
CCCCC(C)(C)CO,[ 0.35255128  0.7434358  -0.78594416 -0.77279514  0.39467177]
CCOC(=O)CCC1(CCC(=O)OCC)c2ccccc2-c2ccccc21,[-0.3514487  0.7233669 -1.        -0.933102  -0.0646648]
FCOC(C(F)(F)F)C(F)(F)F,[ 0.18838061  0.4747575  -1.         -0.26616612  0.4852441 ]
CO/N=C(\C(=O)N[C@@H]1C(=O)N2C(C(=O)O)=C(COC(C)=O)CS[C@H]12)c1csc(N)n1,[ 0.35384735  0.97251105 -0.720666   -0.47714823  0.17977789]
Cc1ccc2c(c1)c(Sc1cccc(Cl)c1)c(C)n2CC(=O)O,[-0.23178898  0.693176   -0.9578472  -1.         -0.02048203]
Clc1cc(Cl)c2nsnc2c1Cl,[-0.54513574  0.90322846 -0.9710605  -0.91878146 -0.27659905]
Cn1cnc(S(=O)(=O)N(CCN(Cc2cncn2C)c2ccc(C#N)cc2)Cc2ccccc2)c1,[ 0.00791531  0.6897255  -0.8468022  -0.76513255 -0.07120335]
CC(=O)NCCCS(=O)(=O)[O-],[ 0.4502066   0.23592561 -0.36026448 -0.49695352 -0.20152295]
CC1(C)SC2C(NC(=O)C(C(=O)[O-])c3ccsc3)C(=O)N2C1C(=O)[O-],[ 0.37830856  0.94218844 -1.         -1.          0.327638  ]
CCOC(=O)c1noc(C)c1C(C)=O,[ 0.39148796 -0.3792722  -0.5771191  -0.77930003  0.04970834]
COP(=S)(OC)Oc1nc(Cl)c(Cl)cc1Cl,[ 0.2754882   0.6617734  -0.86830086 -0.69421524 -0.08947501]
ClC1=C(Cl)C(Cl)(C2(Cl)C(Cl)=C(Cl)C(Cl)=C2Cl)C(Cl)=C1Cl,[ 0.05058504  0.76741725 -0.71848     0.15109022  0.18663494]
CC(C)NCC(O)COc1cccc2ccccc12,[ 0.21915835  0.9726545  -0.84886795 -1.         -0.11834625]
CC(C)(C)NC(=O)NCCN1CCCC(NC(=O)c2cc(Cl)cc(Cl)c2)C1,[ 0.59480995  0.22711901 -0.89999413  0.06244486  0.71323675]
O=c1[nH]cnc2c1ncn2[C@H]1CC[C@@H](CO)O1,[-0.5012685   0.72019446 -0.7574451  -0.6849797   0.01012772]
COc1ccc2c3c1OC1CC(O)C=CC31CC[NH+](C)C2,[-0.71364975  0.8369002  -0.7603505  -0.702707   -0.2802785 ]
NS(=O)(=O)c1cc2c(cc1Cl)NC(C(Cl)Cl)NS2(=O)=O,[ 0.2460218   0.72288513 -0.46854302 -0.5798342  -0.2828055 ]
OCCNCCc1ccccc1,[ 0.05245193  0.87216383 -0.59965956 -1.          0.1381888 ]
CCCCOC(=O)c1ccc(-n2nc(OCCN3CCCCC3)c3ccccc32)cc1,[-0.05607726  0.86502093 -0.8866625  -0.76090497 -0.38566068]
C[C@@](N)(Cc1ccc(O)c(O)c1)C(=O)O,[-0.01103908  0.8074551  -0.5855313  -0.8102692  -0.1551873 ]
C=C1CC1CC(N)C(=O)O,[ 0.20933953  0.99001664 -0.9019604  -0.72057587  0.6719403 ]
C=COC(=O)CCCCCCC,[-0.4604869   0.7147621  -0.774303   -0.37790674 -0.13548379]
CCOC(=O)C(CCc1ccccc1)NC(C)C(=O)N1C(C(=O)[O-])CC2CCCCC21,[ 0.6594021   0.8196222  -0.62068987  0.18089439  0.03075426]
C=CN(CC)C(C)=O,[-0.1033247   0.8515395  -0.6602891  -0.7768632  -0.41052356]
C[C@@H]1O[C@@H](O[C@H]2[C@@H](O)C[C@H](O[C@H]3C[C@](O)(C(=O)CO)Cc4c(O)c5c(c(O)c43)C(=O)c3ccccc3C5=O)O[C@H]2C)C[C@H](N)[C@@H]1O,[-0.2883273   0.6796253   0.37091768 -0.5322542  -0.40695655]
CCC(=O)CC,[ 0.11703723  0.6957104  -1.         -0.6064446  -0.28168955]
CCOCCCO,[ 0.43104556  0.13513121 -0.7612767  -0.2393736   0.38756052]
C=CN(C)N=O,[ 0.6064607   0.13280466 -0.6191102  -0.1600641  -0.45985577]
Cc1ccc(-c2ccccc2)cc1,[ 0.14327958  0.5105009  -0.7885227  -0.78412676  0.03415873]
CC1=C2C[C@H]3[C@@H](CC=C4C[C@@H](O)CC[C@@]43C)[C@@H]2CC[C@]12O[C@@H]1C[C@H](C)CN[C@H]1[C@H]2C,[-0.3597298   0.71261764  0.2958238  -0.390004   -0.11008512]
CC1CC(=O)CC(C)O1,[ 0.15355664 -0.41484913 -0.86311257 -1.         -0.12578593]
C1=CCCC=CCCC=CCC1,[ 0.11259617  0.74033624 -1.         -0.8983155  -0.30620953]
Cc1ccc(S(=O)(=O)Nc2c(C(=O)NC3CCCCC3)c(C)nn2-c2ccccc2)cc1,[ 0.39396924  0.7703298  -0.78014225 -0.6850832   0.0078358 ]
CC(c1ccccn1)c1c(CC[NH+](C)[14CH3])sc2ccccc12,[ 0.01254671  0.72063684  0.50328827 -0.2050048  -0.40808812]
Cc1ccc(N=C=O)cc1,[ 0.17650636  0.83160734 -0.5501795  -0.5458309  -0.31535468]
COc1cc(Nc2nc(N[C@@H](C)c3ncc(F)cn3)ncc2Br)n[nH]1,[ 0.5220142   0.9237999   0.54928434 -0.08669814 -0.3014012 ]
O=C1NC(=O)C(c2ccccc2)(c2ccccc2)C(=O)N1,[ 0.5864035   0.18617259 -0.78313595 -0.71007144 -0.10722687]
C#CC1(O)CCC2C3CCC4=CC(=O)CCC4C3C(=C)CC21CC,[ 0.1834413   0.95143896 -0.61923754 -0.5882084  -0.21496204]
COP(=S)(OC)SCc1nc(N)nc(N)n1,[ 0.39573923  0.8372009  -0.8763551  -0.28166604 -0.26291755]
O=[N+]([O-])c1nccs1,[ 0.14876355  0.80628973 -0.64666706 -0.7855206   0.9714419 ]
C=CC[NH+]1CCCC1CNC(=O)c1cc2n[nH]nc2cc1OC,[ 0.13722782  0.49993318  0.19154921 -0.29412434  0.4823527 ]
CCOC(=O)CCN(Cc1ccccc1)SN(C)C(=O)ON=C(C)SC,[-0.23372056  0.86049896 -0.7491536  -0.43736407 -0.1644364 ]
CCOC(=O)NCCOc1ccc(Oc2ccccc2)cc1,[-0.33514446  0.9249927  -0.85029685 -0.5813153   0.24453594]
CCC[C@@H](c1ccc(C(=O)O)c(Oc2cccc(Cl)c2)c1)N1CCC[C@H](n2cc(C)c(=O)[nH]c2=O)C1,[ 0.29035947  0.7908524  -0.7882868  -0.44469222 -0.1856884 ]
Nc1nc2c(Cc3cccnc3)c[nH]c2c(=O)[nH]1,[ 0.10141277  0.8894937  -0.41512874 -0.6646513  -0.13422087]
O=C(c1csc2c1CCCC2)N1CCCCC1,[-0.01469705  0.8885857  -0.72039783 -0.7864436  -0.05210461]
CC(=O)c1c(C)c2cnc(Nc3ccc(N4CCNCC4)cn3)nc2n(C2CCCC2)c1=O,[-0.33413413  0.95764345 -0.9391705  -0.26588532 -0.02927449]
Cc1ccc(NC(=O)c2ccc(Cl)c(C(F)(F)F)c2)cc1C(=O)Nc1cccnc1,[ 0.34320053  0.5401152  -0.8510377  -0.8010227   0.7473405 ]
Cc1cc(Cl)ccc1OCC(=O)Nc1ccccc1,[-0.1256544   0.94328785 -0.78998995 -0.61601675  0.37804794]
CN(C)CCCNCCCN(C)C,[ 0.09369526  0.420711   -0.7713273   0.7233285   0.32084313]
CCCP(=O)(CCC)CCC,[ 0.03119489  0.88139164 -0.63895154 -0.82368475  0.01721577]
C=C(Cl)C(Cl)CCl,[ 0.10462322  0.5271313   0.09426928 -0.08627973  0.00162283]
CC1=C(CC(=O)O)c2cc(F)ccc2C1=Cc1ccc(S(C)=O)cc1,[ 0.45928     0.781515   -0.61214894 -0.8252959  -0.27125216]
ClCC1C(CCl)C2(Cl)C(Cl)=C(Cl)C1(Cl)C2(Cl)Cl,[ 0.17169915  0.75817037 -0.7563507  -0.5514158  -0.44839445]
CCOC(=O)C(C)Oc1ccc(Oc2nc3ccc(Cl)cc3s2)cc1,[ 0.02570062 -0.57528055 -0.45773345 -0.7137937  -0.1337149 ]
CN(C)C1C(O)=C(C(N)=O)C(=O)C2(O)C(O)=C3C(=O)c4c(O)cccc4C(C)(O)C3C(O)C12,[ 0.07070087  0.77017015 -0.70542634 -1.         -0.43726727]
CCc1cccc(CC)c1N,[ 0.5234869   0.75234836 -0.6037387  -0.8774567  -0.15608734]
CC[C@H](C)C(=O)O[C@H]1C[C@H](O)C=C2C=C[C@H](C)[C@H](CC[C@@H](O)C[C@@H](O)CC(=O)O)[C@H]21,[-0.08195928  0.90926534 -0.92278993 -0.7183731   0.16825101]
CO/N=C(/C(=O)NC1C(=O)N2C(C(=O)[O-])=C(C[N+]34CCC(C(N)=O)(CC3)CC4)CSC12)c1nsc(N)n1,[ 0.3037196   0.73557085 -0.7382191  -0.878442    0.15922749]
Cc1ccc(S(=O)(=O)N(C)C(=O)N2CCC(N3CCC(Oc4ccc(Cl)c(Cl)c4)CC3)CC2)cc1,[-0.39043048  0.7112461  -1.         -0.8724279  -0.1726088 ]
CC(=O)[C@H]1CC[C@H]2[C@@H]3CC[C@@H]4C[C@H](O)CC[C@]4(C)[C@H]3CC[C@]12C,[-0.13696723  0.9132909  -0.91991764 -0.8469899  -0.08603159]
CN(C)Cc1cc(CN(C)C)c(O)c(CN(C)C)c1,[ 0.2768675   0.8272525  -0.65052396 -0.8658033   0.0319393 ]
C[Si](C)(C)CCCC(=O)O,[-0.16745473  0.8063802  -0.43590203 -0.6271236  -0.26506394]
COc1cc(OC)c(C(=O)CCCN2CCCC2)c(OC)c1,[ 0.2651867  0.7349672 -0.6618676 -0.7914865 -0.4382969]
COC(=O)C1=C(C)NC(C)=C(C(=O)OCCN(C)Cc2ccccc2)C1c1cccc(N(O)O)c1,[ 0.2741321   0.87601143  0.6315395  -0.6952554  -0.24377686]
O=c1cc(N2CCOCC2)nc2n(Cc3cccc(Cl)c3Cl)ccn12,[ 0.52402216  0.44317552 -0.49969828 -0.17130612  0.02326545]
Clc1ccc(N2N=NC3C4CC(C5N=NC45)C32)cc1,[ 0.34171158  0.8206573  -0.88008165 -0.675779   -0.2818789 ]
CC(O)C(Cl)(Cl)Cl,[ 0.19206965  0.9009735  -0.47931558  0.14950787  0.1289566 ]
COCCOP(=O)(OCCOC)OCCOC,[ 0.00920418  0.84467906 -0.44934046 -0.6826075  -0.56250983]
CC(C)(O)c1ccccc1,[-0.07949065  0.94802576 -1.         -0.8230776   0.77380306]
CCCCCCCCC1OC1CCCCCCCC(=O)OCC1(CC)OC1CCC,[-0.02397951 -0.45049554 -0.73213893 -0.7188791  -0.06925452]
NCC1CCC=CO1,[-0.7542123   0.7135727  -0.6237737  -0.7652005   0.12126414]
O=[N+]([O-])c1ccccc1Cl,[ 0.2737701   0.77783185 -0.7842441  -0.7089787  -0.05576989]
COc1ccc(CC(C)=O)cc1,[-0.13137771  0.87357986 -0.8458523  -0.7742083   0.7121413 ]
C[C@@H](O)[C@H]1C(=O)N2C(C(=O)O)=C(SCCNC=N)C[C@H]12,[ 0.36919168  0.3043329  -0.9603745  -0.6936215  -0.08236305]
CCC(C)c1ccc(Oc2ccc(C)cc2CC(=O)O)c(Cl)c1,[ 0.49211675  0.87807405 -0.46360964 -0.72931314 -0.27713144]
O=CC1=CCCCC1,[ 0.24012925  0.80514836 -0.11099567  0.11174114 -0.01073505]
Cc1ncsc1C,[-0.13538596  0.19576459 -1.         -0.8016119   0.2900727 ]
O=C(Oc1ccccc1)n1c(C(F)(F)F)nc2cc(Cl)c(Cl)cc21,[ 0.2873399   0.6101369  -0.6939497   0.14442301 -0.29990304]
CNC(=O)Oc1ccc(Cl)c2c1OC(C)(C)C2,[-0.36681175  0.02156358  0.2856467  -0.8580732  -0.14871751]
C[C@]12C[C@H](O)[C@H]3[C@@H](CCC4=CC(=O)CC[C@@]43C)[C@@H]1CC[C@]2(O)C(=O)CO,[ 0.3081537  0.980816  -0.9415015 -0.6973957  0.2905877]
Nc1ccc(N)cc1,[ 0.36880293  0.516353   -0.36153832 -0.2423223  -0.034276  ]
CCCCCCCCCCOC(=O)Cc1ccc(N(CCCl)CCCl)cc1,[ 0.24368727 -0.50784224 -0.82051736 -0.18517232  0.24688683]
CCCCOCCOC(C)=O,[ 0.3337967   1.         -0.60287833 -0.64056796 -0.44182324]
C=C1CC23CC1(O)CCC2C12C=CC(O)C(C)(C(=O)O1)C2C3C(=O)O,[ 0.05231278  0.82397985 -0.7396269  -0.81245327 -0.35864487]
Nc1ccc(F)c(F)c1F,[ 0.27731317  0.7769822  -0.35689673 -1.          0.6792497 ]
CC(N)C(O)c1cccc(O)c1,[ 0.22710653  1.         -0.8561343  -0.196707    0.5557788 ]
C[C@@H](NC1=CC(=O)CNC1)c1ccc(Nc2ncc3cc(-c4ccncc4)ccc3n2)cc1,[ 0.14039408  0.8466479  -0.61529773 -0.5920679   0.40681392]
Cc1ccc([N+](=O)[O-])cc1,[-0.01118347  0.4862042  -0.75903356 -0.649672   -0.02259711]
COc1ccc(-c2cc(=O)c3ccc(OC)cc3o2)cc1,[ 0.11663822  0.8473741  -0.9914226  -0.29028392  0.27560848]
COP(=S)(OC)Oc1ccc(S(N)(=O)=O)cc1,[ 0.1344533   0.17928351 -0.79133624 -0.93792504  0.09505299]
CC(COc1ccc(Cl)cc1Cl)C(=O)O,[-0.5326517   0.7953487  -0.83516914 -0.5509234   0.15789813]
CCC(=O)OCc1ccc(OC)cc1,[ 0.5687357   0.19444503 -0.51258534 -0.89358187  0.04147786]
N#Cc1cccc(C#N)c1,[ 0.13314079  0.9511357  -0.659938   -0.79138654  0.2595857 ]
C=CC(=O)OCCOCC,[ 0.5422379   0.75837284 -1.         -0.70272875  0.28776672]
C=CC(=O)OCCc1ccc(CC)cn1,[-0.03982664  0.77666605 -0.65823305 -0.02137883 -0.04737768]
CCCOCCN(C(=O)CCl)c1c(CC)cccc1CC,[ 0.31788325  0.81335044 -1.          0.18787792 -0.0848677 ]
Cc1ccc2nc(C[N+]34CCC(CC3)[C@@H](OC(=O)[C@](C)(c3ccccc3)N3CCCCC3)C4)oc2c1,[ 0.38322997  0.8932696  -0.6516018  -0.443138   -0.8628775 ]
CN(C)CCOCCOCCN(C)C,[ 0.04651918 -0.7052505  -0.97367877 -0.76980835 -0.15402801]
O=[N+]([O-])OC1COC2C(O)COC12,[ 0.04068719  0.58110255 -0.82244503 -0.92818433 -0.38428435]
CON=C(C(=O)NC1C(=O)N2C(C(=O)O)=C(COC(N)=O)CSC12)c1ccco1,[-0.025487   -0.67616016 -0.8081323  -0.87976646 -0.17273936]
C=CC(=O)OCC(CC)CCCC,[ 0.05353656  0.71288145 -0.6012305  -1.          0.5855068 ]
O=C1CCc2cc(C=CCN3CCN(c4ccc(Cl)cc4)CC3)ccc2N1,[ 0.34108332  0.7436935  -0.76591325 -0.0710303  -0.38112012]
Cc1cccc(C)c1NC(=O)C1CCCC[NH+]1C,[ 0.10873538  0.86665595 -0.81384945 -0.7565616   0.43869805]
CCCN(N=O)C(N)=O,[-0.31002825  0.739716   -0.7807735  -0.7257254   0.02172792]
CC(C)(C(=O)O)S(C)(=O)=O,[ 0.40959963  0.49801925 -0.46349725  0.40462783  0.2200414 ]
CCCCCCOCCOCCO,[-0.13223636 -0.4039977  -0.538486   -0.42060974  0.6551632 ]
O=S(=O)(O)c1ccc2cc(Nc3cccc4c(O)c(S(=O)(=O)O)ccc34)ccc2c1O,[ 0.14475362 -0.90514654 -0.7883106  -0.34160542  0.15697028]
CNC(=O)Nc1nnc(C(C)(C)C)s1,[ 0.11630271  0.9119026  -0.7035642  -0.79276377  0.01138945]
CCC(=O)NCCC1CCc2ccc3c(c21)CCO3,[-0.09207188 -0.3009556  -0.955613   -0.71803695  0.02136469]
Cc1cc(-n2cccc2)c(S(C)(=O)=O)cc1C(=O)NC(=N)N,[ 0.29150948  0.76288116 -0.7243836   0.27554366 -0.16173637]
Cn1c(=O)sc2cccc(Cl)c21,[ 0.5229375   0.8815373  -0.78996134 -0.99213123 -0.02151242]
O=C(NC1CC1)c1cc(-c2cccs2)on1,[-0.3569295   0.89309114 -0.80181074 -1.          0.10760591]
OCCOCCN1CCN(C(c2ccccc2)c2ccccc2)CC1,[ 0.00229481  0.7286704  -0.70444524 -0.81482375 -0.5145691 ]
Cc1cn([C@H]2CCCN(S(=O)(=O)c3ccc(C(N)=O)c(Oc4cccc(Cl)c4)c3)C2)c(=O)[nH]c1=O,[ 0.10531598  0.82123256 -1.         -0.70019794 -0.17476949]
Cc1cnc(C(=O)c2ncnc3[nH]ccc23)c(NS(=O)(=O)c2ccc(Cl)c(C(F)(F)F)c2)c1,[-0.25443262  0.95482963 -0.84156924 -0.25977746 -0.19204874]
CC(CO[N+](=O)[O-])(CO[N+](=O)[O-])CO[N+](=O)[O-],[ 0.4764144   0.787257   -0.91119516  0.25950053 -0.24340264]
COC(=O)C(C)N(C(=O)Cc1ccccc1)c1c(C)cccc1C,[-0.13864426  0.08184254 -0.7847815  -0.80948776 -0.02405757]
COC(=O)c1ccccc1,[ 0.4105039   0.7717461  -0.6034764  -0.94294083 -0.01479978]
CCOP(=O)(Cl)Cl,[ 0.2040553  1.        -0.7827122 -0.6935035 -0.4018599]
CCOC(=O)Nc1ccc(NCc2ccc(F)cc2)cc1N,[ 0.02229007 -0.78464407 -0.83103734 -0.5893126  -0.21244195]
O=C(C(F)(F)Cl)C(F)(F)Cl,[ 0.02017741  0.8270789  -0.8632248  -0.50388175  0.689988  ]
C[NH+](C)CCC(c1ccc(Cl)cc1)c1ccccn1,[ 0.32544595  0.5415584  -1.         -0.82099867  0.16772266]
CN1CCCCC1CCN1c2ccccc2Sc2ccc(S(C)=O)cc21,[ 0.3470024   0.56587905 -0.804132   -0.8279998  -0.24381205]
COCCOCCOC(C)=O,[ 0.4348801   0.85522634 -0.4438994  -0.48062772 -0.00315519]
O=C(Cl)c1cccc(C(=O)Cl)c1,[ 0.32497624  0.96675164 -0.77135533 -0.66488886 -0.47598937]
C=CCOc1ccccc1OCC(CNC(C)C)OC(=O)C1CC1,[-0.25224975  0.6229881  -0.845403   -0.95136654 -0.21020974]
CN(C)CCC=C1c2ccccc2CCc2ccccc21,[-0.2840507   0.46001694 -0.8762781  -0.976251    0.54670435]
CCCNC(=O)[N-]S(=O)(=O)c1ccc(Cl)cc1,[ 0.5369537   0.96401834 -0.7556973  -0.44462863 -0.1867874 ]
CCCCOc1ccccc1NC(C)=O,[-0.45321557 -0.57462    -0.35416788 -0.5497653  -0.18680747]
CC1(C)CC(NC2CC(C)(C)NC(C)(C)C2)CC(C)(C)N1,[ 0.29042274  0.8576305  -0.14643624 -0.7005429  -0.33814245]
O=C(Nc1ccccc1-c1ccccc1)OC1CCN(CCCCCCCCCNC[C@H](O)c2ccc(O)c3[nH]c(=O)ccc23)CC1,[ 0.1402518   0.8001855  -1.         -0.7259649  -0.13157374]
Cc1nc(C(F)(F)F)ccc1C(=O)Nc1ccc(Cl)c(-c2ccccn2)c1,[-0.13911147 -0.53023887 -0.7410952  -1.         -0.22449057]
CC1(C)C2CCC1(C)C(O)C2,[-0.03292682 -0.94596493 -0.4231308  -0.6007525  -0.096999  ]
COC(=O)C(C(C)=O)C(C)=O,[ 0.0943135   0.8852888  -0.6646375  -0.6835592  -0.23566757]
CC(=O)SCC(=O)Nc1nc2ccccc2s1,[ 0.29636165  1.         -0.546835   -0.80463165 -0.09304584]
CCOc1cc2nnc(C(N)=O)c(Nc3ccc(F)cc3F)c2cc1N1CCN(C)CC1,[ 0.1322756   0.80958456 -0.8129936  -0.6896782  -0.01426623]
Cc1onc2c(=O)[nH]nc(-c3ccccc3)c12,[ 0.21372853  0.7818532  -0.74499094 -0.72638124 -0.08456901]
COc1cc(OC)c(S(=O)(=O)N2c3ccccc3CCC2C)cc1NC(=O)CSCC(=O)O,[-0.04068407  0.8828136  -0.5685152  -0.8622758   0.18797731]
COc1ccc2c3c1OC1C(O)C=CC4C(C2)[N+](C)([O-])CCC341,[ 0.08482847  0.9535306  -1.         -0.8289116   0.04999585]
CC(C)(C)OC(=O)N1CCN(c2ncc(OCc3ccncc3)cn2)CC1,[-0.0447626   0.9447183  -0.4294368  -0.4902203  -0.30898014]
COC(=O)/C=C/CNC(=O)CN1C(=O)[C@@H](COC(=O)Nc2ccc(Cl)cc2C(F)(F)F)N=C(c2ccccc2)c2ccccc21,[ 0.17246896  1.         -0.8662254  -0.82595015  0.66720706]
CC(O)c1cccc(N)c1,[ 0.45819536  0.88989955 -0.6363184  -0.67606604 -0.2767865 ]
CC(C)CNC(=O)NS(=O)(=O)c1ccc(Cl)cc1,[-0.5176069   0.8164538  -1.         -0.42990628 -0.31484926]
COc1cc2c(cc1OC)C1CC(=O)C(CCC#N)CN1CC2,[-0.5464399   0.94397664 -0.77749854 -0.9896015   0.67858297]
COc1cc2c3cc1Oc1cc(ccc1O)CC1c4c(cc(OC)c(O)c4Oc4ccc(cc4)CC3[NH+](C)CC2)CC[N+]1(C)C,[ 0.22094509  0.9927143  -0.6752961  -0.58185685 -0.21689215]
CC[C@H](CO)NC(=O)[C@H]1C=C2c3cccc4[nH]cc(c34)C[C@@H]2N(C)C1,[ 0.46493903  0.9845257  -0.70137846 -0.8910226  -0.1781624 ]
CC(C)C(CCC(C)C1CCC2C3C(O)CC4CC(NCCC[NH2+]CCCC[NH3+])CCC4(C)C3CCC12C)OS(=O)(=O)[O-],[-0.09441685  0.81768304 -0.99229205 -0.7949165   0.57477427]
Cc1cc(-c2ccc(Cl)c(C(=O)NCC3(O)CCCCCC3)c2)nn1C[C@H](O)CN,[ 0.57533777  0.27599952 -0.80076    -1.         -0.16363753]
COc1ccccc1NC(=O)CC(C)=O,[-0.34553933  0.44520047 -0.88474125 -0.6108459   0.30703154]
CCOP(=S)(OCC)SCC(=O)N(CCC#N)c1ccccc1,[ 0.2776495   1.         -0.980314   -0.96512705  0.38075334]
CCCc1nn(C)c2c(=O)[nH]c(-c3cc(S(=O)(=O)N4CCN(C)CC4)ccc3OCC)nc12,[-0.23946409  1.         -0.8462498  -0.00451002 -0.10866223]
O=[N+]([O-])c1ccc(Cl)c([N+](=O)[O-])c1,[ 0.5038319   0.4030803  -0.8498738  -0.5456262   0.00328428]
FC(F)(F)c1nc2c(Cl)c(Cl)cc(Cl)c2[nH]1,[ 0.27706945  0.71715134 -0.7825124  -0.74100995  0.49002582]
CCOP(=S)(Oc1cccc2cccnc12)c1ccccc1,[-0.04019804  0.8961541  -0.7176114  -0.57405275  0.4416199 ]
CCCSP(C)(=S)Oc1ccccc1,[ 0.4168508   0.61124355 -0.33513397 -0.42514977 -0.45490384]
Nn1cnc2cc3ccccc3cc2c1=O,[ 0.06232727  0.48241013  0.5674452  -0.5179533  -0.27251276]
COc1ccccc1Oc1c([N-]S(=O)(=O)c2ccc(C)cn2)nc(-c2ccncc2)nc1OC,[ 0.24663737  1.         -0.8768789  -1.         -0.1970983 ]
COc1cc(OC)c(S(=O)(=O)NCc2ccccc2N2CCC(COC(=O)CCC(=O)O)CC2)cc1NC(=O)CCC(=O)O,[-0.11333261  0.84635854 -0.76712    -1.         -0.40478104]
C=C(C)c1cccc(C(C)(C)N=C=O)c1,[-0.02444962  0.89037967 -1.         -0.7884294   0.01123601]
C[C@H](CO)Nc1nc(SCc2ccccc2F)nc2[nH]c(=O)sc12,[-0.02950989  0.80219895 -0.50568193 -0.16938366 -0.18777443]
C[C@H](CO)Nc1nc(SCc2cccc(F)c2F)nc2nc(N)cnc12,[ 0.10431124  0.4906354  -0.94334257 -0.8113771  -0.24916221]
CCC(C)CCCCC(=O)NC(CCN)C(=O)NC(C(=O)NC(CCN)C(=O)NC1CCNC(=O)C(C(C)O)NC(=O)C(CCN)NC(=O)C(CCN)NC(=O)C(C(C)O)NC(=O)C(CC(C)C)NC(=O)C(CCN)NC1=O)C(C)O,[-0.00325173  0.7560923  -0.80933696 -0.83678406 -0.10017098]
CNCC(O)c1cccc(O)c1,[-0.25190517  0.76830304 -0.7187458  -0.82789934  0.02871568]
Cc1cc(Cl)ccc1OCC(=O)O,[ 0.21984972  0.7649739  -1.         -0.8455609  -0.09067396]
ClCCCBr,[ 0.32743505  0.4381098   0.07427583 -0.37149307  0.12594274]
O=C1CCc2ccccc2O1,[ 0.29481834 -0.2702234  -0.25025943 -0.47837898  0.5695902 ]
O=C(O)c1ccccc1C(=O)Nc1cccc2ccccc12,[ 0.17718437  0.72923934 -0.69094217 -0.9093812  -0.12484922]
CC1(C)SCN(C(=O)C2(Oc3ccc(Cl)cc3)CCCCC2)C1C(=O)O,[-0.03425974  0.48146808 -0.6623106  -0.83123904 -0.3294817 ]
CCN(CCO)c1cccc(C)c1,[ 0.10371006  0.64871836 -0.68482196 -0.537227   -0.03277488]
CC(=O)CCc1ccc(O)cc1,[ 0.5125222   0.9407825  -0.84962106 -0.8046258  -0.6890627 ]
O=[N+]([O-])c1c(Cl)c(Cl)c(Cl)c2nc(C(F)(F)F)[nH]c12,[ 0.18366297  0.64154106  0.03593919 -1.          0.3015084 ]
CCOc1cc2ncc(C(N)=O)c(Nc3ccc(F)cc3F)c2cc1N1CCN(C2CC2)CC1,[ 0.1158255  -0.16866203 -0.2986585   0.4828977  -0.06812949]
CCCCCCCCCCCCCCCCCCOP(=O)([O-])OCC[N+]1(C)CCCCC1,[-0.14593516  0.3042387  -1.         -0.13054149 -0.59590906]
CN(C)C(=O)C(CCN1CCC(O)(c2ccc(Cl)cc2)CC1)(c1ccccc1)c1ccccc1,[ 0.16355476  0.90776855 -0.39202842 -0.21703288 -0.15385294]
NC(=S)NNCNNC(N)=S,[ 0.00853917  0.71959627 -0.97742283 -0.6037797  -0.33844772]
NS(=O)(=O)c1cc2c(cc1Cl)NCNS2(=O)=O,[ 0.4262007   0.79694396 -0.5105807  -0.93045413 -0.45088285]
C=CCI,[ 0.36217788  0.10752541 -0.62625563  0.32969773  0.21042931]
Cc1cc(=O)nc(SCc2ccccc2N(C)C)[nH]1,[-0.22184972  0.7263473  -0.90927804 -0.89004004 -0.22680883]
CC#CCC(C)C(O)C=CC1C(O)CC2Oc3c(CCCC(=O)O)cccc3C21,[ 0.34166744  0.9439441  -0.7029462  -0.6926523  -0.33092615]
CN,[ 0.98538625  0.9299142  -0.75243354 -0.17491959 -0.8456359 ]
O=C(CO)N1CCC(c2[nH]nc(-c3ccc(Cl)cc3F)c2-c2ccncn2)CC1,[ 0.5375266   0.8479822  -0.16732612 -0.07686298 -0.20664883]
CCCSP(C)(=S)OP(C)(=S)SCCC,[-0.24251609  0.7995265  -0.83383584 -0.8758474  -0.07886706]
CC(=O)CCC(C)=O,[-0.01360218  0.79852664 -0.5290854  -0.7714647  -0.41865596]
O=C(O)COc1ccc(C(=O)CN2CCN(C3CCNCC3)CC2=O)cc1,[ 0.63714844  0.8253178  -1.         -0.50517696 -0.41650108]
ClC(Cl)(Cl)c1cccc(C(Cl)(Cl)Cl)c1,[ 0.37978104  0.90387315 -0.7461576  -1.          0.35796008]
OCCOCCCl,[ 0.23315434  0.8027297  -0.866113   -0.823484   -0.40372157]
Nc1cc2c(S(=O)(=O)O)cc(S(=O)(=O)O)cc2cc1S(=O)(=O)O,[ 0.6867558   0.80338246 -0.79845417 -0.8946781  -0.12595664]
NCCNCCNCc1ccccc1O,[ 0.08977686  0.84761256 -0.46718523 -0.95086277  0.07951198]
Cc1ccc(C(=O)N(CCCN)[C@@H](c2nc3cc(Cl)ccc3c(=O)n2Cc2ccccc2)C(C)C)cc1,[ 0.23368506  0.8996306   0.62200904 -0.38887694 -0.4191414 ]
[NH3+]C(C(=O)NC1C(=O)N2C(C(=O)[O-])=C(CSc3c[n-]nn3)CSC12)c1ccc(O)cc1,[-0.08774381  0.53309625 -0.06271303  0.44852892  0.27767807]
CN(CCCOCCOCCc1ccccc1)CCc1ccc(O)c2nc(O)sc12,[-0.8085757   0.6132145   0.09270009 -0.64655465 -0.32086465]
CC(=O)Oc1cccc(Oc2ccc(C(F)(F)F)cc2Cl)c1,[ 0.31043118  0.9677482  -0.9499073  -0.635778   -0.18262476]
CN(C)CCC(c1ccc(Cl)cc1)c1ccccn1,[ 0.62390035  0.89777964 -0.68132776  0.08884452 -0.3286725 ]
CC(C)c1cc(Oc2ccccc2)cc(C(C)C)c1NC(=S)NC(C)(C)C,[ 0.28363347  0.78507125 -0.8129706  -0.5147641   0.23370734]
O=C1NC(c2ccc(Br)cc2)Nc2ccccc21,[ 0.517052    0.89523494 -0.8735667  -0.5087068  -0.41209757]
CCCCC(CC)(C(=O)OCC)C(=O)OCCN(CC)CC,[ 0.18130961  0.8490496  -0.8240326  -1.          0.25366014]
CC1(C)CC2(NC(=O)N(CCCN3CCC(O)CC3)C2=O)c2cc(F)ccc2O1,[-0.60541224  0.730439   -0.81721604 -0.20228133 -0.20934732]
CCN1C(=O)NC(c2ccccc2)C1=O,[ 0.30998197  0.37578368 -0.08124118 -0.38740528 -0.06697992]
CCNC(=O)c1cc2c(-n3ccc(C(F)(F)F)n3)c(-c3cncc(-c4n[nH]c(=O)o4)c3)cnc2[nH]1,[ 0.5343506   0.91814005 -1.         -0.3757496  -0.23583561]
CCCCOC(=O)CC(SC(CC(=O)OCCCC)C(=O)OCCCC)C(=O)OCCCC,[-0.10422817  0.7777719  -0.4187653  -0.6358005   0.11424797]
CCCCC(CC)CNC1CCCCC1,[ 0.08361726 -0.10793874 -0.95673174 -1.          0.14972013]
O=c1c2nocc2c(-c2ccccc2)nn1-c1ccccc1,[-0.3760228   0.7263152  -0.95827067 -1.          0.02931964]
Cc1cc(=O)cc(-c2ccccc2)o1,[ 0.43080348  0.70204496 -0.80142576 -1.          0.20567223]
C=CCSP(=O)(NC(=O)CC)OC,[ 0.52145135  0.5610033  -1.         -0.8252861  -0.7872463 ]
N=C(N)N[N+](=O)[O-],[-0.03717501  0.8236767  -0.5924185  -0.5093016   0.195003  ]
CC(C)CCOC(CO)CC(C)C,[-0.12273401  0.56067723 -0.93151426 -1.         -0.47127065]
O=C(CCc1ccccc1)OC1=C(OC(=O)CCc2ccccc2)C(=O)OC1=O,[-0.13006341  0.8359115  -0.99162614 -0.7559745   0.41024038]
C/C=C/CC(C)C(O)C1C(=O)NC(CC)C(=O)N(C)CC(=O)N(C)C(CC(C)C)C(=O)NC(C(C)C)C(=O)N(C)C(CC(C)C)C(=O)NC(C)C(=O)NC(C)C(=O)N(C)C(CC(C)C)C(=O)N(C)C(CC(C)C)C(=O)N(C)C(C(C)C)C(=O)N1C,[-0.08834383  0.84911174 -0.75630635 -0.9415745  -0.30866697]
CN1CCN2c3ncccc3Cc3ccccc3C2C1,[ 0.2573696   0.82817626 -0.5683107  -0.7613796  -0.7472128 ]
CC(C)(C)NC[C@H](O)COc1nsnc1N1CCOCC1,[-0.2637278   0.81833136 -0.69373745 -0.33141777 -0.12480656]
Cc1cccc(Nc2ccncc2S(=O)(=O)[N-]C(=O)NC(C)C)c1,[-0.16600436  0.7019999   0.4539473  -0.514604   -0.37941098]
CCc1c2c(nc3ccc(O)cc13)-c1cc3c(c(=O)n1C2)COC(=O)[C@]3(O)CC,[ 0.03125851  0.77852595 -0.77381825 -0.8761259  -0.09838779]
C[C@@H]1NC(=O)[C@H](C)N(C)C(=O)[C@@H](C)NC(=O)[C@H](C)N(C)C(=O)[C@@H](C)N(C)C(=O)[C@@H](C)NC1=O,[ 0.25657326  0.8809841  -0.69453233 -0.5818526   0.9954731 ]
CCOc1ccccc1OC(c1ccccc1)C1C[NH2+]CCO1,[ 0.30803424  0.84976083 -0.6009463  -0.8313368  -0.1428012 ]
CN(C)S(=O)(=O)CCCCCNC(=O)N(CCCl)N=O,[-0.12510867  0.6510715  -0.8604581  -0.73556584 -0.24356954]
C1CCC2CCCCC2C1,[ 0.17771748  0.6928711  -0.6699139  -0.9402932   0.16845028]
C=COC(=O)CCCCC(=O)OC,[-0.16629598  0.00448923 -0.9046453   0.01457026 -0.13740826]
COCC(=O)O[C@]1(CCN(C)CCCc2nc3ccccc3[nH]2)CCc2cc(F)ccc2[C@@H]1C(C)C,[-0.12764442  0.6638301   0.03055121  0.9679901  -0.15707298]
CC(=O)OC(C)OC(=O)C(C)c1ccc(-c2ccccc2)c(F)c1,[ 0.15661685 -0.6645618  -0.29508558 -0.47404563 -0.09554639]
Oc1c(Cl)c(Cl)cc2[nH]c(C(F)(F)F)nc12,[ 0.14910354  0.7777976  -0.78045297 -0.5511141   0.16539551]
O=C(/C=C/c1ccccc1)NCCO,[-0.7708739   0.77130353 -0.47388843 -0.45385185  0.00898721]
O=[N+]([O-])c1cccc(O)c1,[-0.26906034  0.52712107 -1.         -0.79312927  0.23849677]
COP(=S)(OC)Oc1cnc2ccccc2n1,[ 0.66980743  0.7764315  -0.71507215 -0.56102914  0.11102654]
COP(=S)(Cl)OC,[ 0.54737246  0.98661596 -0.92012477 -0.4154058  -0.22864382]
Oc1ccc2c(c1)CCC2,[ 0.35902983  0.82013506 -1.         -0.9128786   0.03650071]
CCOP(=O)(OCC)Oc1nc(Cl)c(Cl)cc1Cl,[ 0.19818565 -0.08237948 -0.58069175 -0.4243469  -0.32601023]
COc1ccc(NC(=O)c2ccnc(N)n2)cc1,[-0.1998622   0.80078906 -0.7347682  -0.46105024  0.07252953]
CCC(C(=O)N1CCCCC1C(=O)OC(CCc1ccc(OC)c(OC)c1)c1cccc(OCC(=O)NCCNC(=O)COc2cccc(C(CCc3ccc(OC)c(OC)c3)OC(=O)C3CCCCN3C(=O)C(CC)c3cc(OC)c(OC)c(OC)c3)c2)c1)c1cc(OC)c(OC)c(OC)c1,[ 0.28594327  0.87996966 -0.18171775 -0.31969142  0.16176008]
C=CC(=O)OCCCCCCOC(=O)C=C,[ 0.35533988  0.43363073 -0.34951168 -0.88057995 -0.12831448]
C=CS(C)(=O)=O,[ 0.05833352  0.8451222  -0.6622588  -0.7488907  -0.19982308]
Cc1ccccc1S(=O)(=O)NC(=O)N1CCC(N2CCC(Oc3ccc(Cl)c(Cl)c3)CC2)CC1,[ 0.3411195   0.83883125 -0.8793854  -0.8367396   0.0211505 ]
CNC(=O)Oc1ccccc1C1OCCO1,[ 0.08042146  0.17298451 -0.17203185 -0.57736325 -0.1097502 ]
CCCC(=O)c1ccc(N)cc1,[ 0.24957958  1.         -0.36922595 -0.95653486 -0.36041534]
O=C(O)c1cccc(Cl)n1,[-0.264194    0.9283429  -0.6972452  -0.57525885  0.29319835]
O=P([O-])([O-])C(O)(Cn1ccnc1)P(=O)([O-])O,[-0.7136055   0.13127156 -0.5812219  -0.32159075 -0.12245991]
CN(C)C(=O)Nc1ccc(Cl)cc1,[ 0.30966622  0.672275   -0.8006757  -0.7961861   0.26034483]
Cc1c(Cl)c([N+](=O)[O-])c2[nH]c(C(F)(F)F)nc2c1[N+](=O)[O-],[ 0.23921472  0.83075434 -0.44982377 -0.722444   -0.01680654]
CO[C@@H]1C=CO[C@@]2(C)Oc3c(C)c(O)c4c(c3C2=O)C(=O)/C(=C\NN2CCN(C)CC2)C(=C4O)NC(=O)C(C)=CC=C[C@@H](C)[C@H](O)[C@H](C)[C@H](O)[C@@H](C)[C@@H](OC(C)=O)[C@@H]1C,[ 0.715961   -0.8633944  -0.03053788 -0.45988157  0.30955917]
O=[N+]([O-])c1cc(Cl)c(N=Nc2ccc(N3CCS(=O)(=O)CC3)cc2)c(Cl)c1,[-0.11511122  0.70162225  0.19493146 -0.82969934 -0.14460945]
Cc1cn([C@H]2CCCN(S(=O)(=O)c3ccc(C#N)c(Oc4cccc(Cl)c4)c3)C2)c(=O)[nH]c1=O,[ 0.3381381   0.5181919   0.56509906 -0.38070303 -0.28084257]
C[N+](C)(Cc1ccc(NC(=O)c2ccc(Cl)c(Cl)c2)cc1)C1CCOCC1,[-0.77416444  0.7637006  -0.99939275 -0.73908234 -0.27549577]
O=C(CSc1nc2c(c(=O)n1-c1ccccc1)SCC2)Nc1ncc(-c2ccccc2)s1,[ 0.32733738  0.88583916 -0.9117066  -0.55421    -0.2489706 ]
c1c[nH]cn1,[ 0.53264713  0.8334841  -0.5183185  -0.08209487 -0.43466428]
CC(=O)Nc1ccc(C)c(NS(=O)(=O)C(F)(F)F)c1,[-0.11721284  0.11483994 -0.6718783  -0.65231663 -0.25244313]
Nc1ccc(F)c([N+](=O)[O-])c1,[ 0.28131315  0.8012181  -0.78892505 -0.5844394  -0.40635002]
Cc1c(Sc2ccc(Cl)cc2)c2c(-c3cnccn3)cccc2n1CC(=O)O,[-0.41696852  0.5123815  -0.56288195 -0.72132206 -0.0974104 ]
OC(CCN1CCCC1)(c1ccccc1)C1CCCCC1,[-0.22790138  0.96348387 -0.6466975  -0.60825634 -0.07901674]
Cc1c(F)cc(C(=O)NC2CC2)cc1-c1ccc(C(=O)NCC(C)(C)C)cn1,[ 0.37493676  0.75644666 -0.7120845  -0.46323112 -0.0673913 ]
C=CC(=O)OCCOCCOC(=O)C=C,[ 0.37148046  1.         -0.5310335  -0.792952    0.10188749]
CN(C)NC(=O)CCC(=O)O,[ 0.29469857  0.20773667 -0.7451902  -0.4723822  -0.13368174]
Cc1cccc(N)c1C,[ 0.23035441  0.82535607 -0.6040219  -0.90470666 -0.18693912]
C[C@@H](NC(=O)C1CCCCN1C)c1ccc(Nc2ncc3cc(-c4ccncc4)ccc3n2)cc1,[ 0.04007933  0.8416086  -0.9008992  -0.62833256  0.11653063]
ClC(=NNc1c(Cl)cc(Cl)cc1Cl)c1ccccc1,[ 0.31578076  0.9028026  -0.767932   -0.6553998   0.37301123]
COc1ccc2ncc(=O)n(CCN3CC[C@@H](NCc4cc5c(cn4)OCCO5)[C@H](O)C3)c2c1,[ 0.58659077  0.19815679 -0.81940013 -0.8082323   0.06799299]
CCNC(=O)C=Cc1cccc(Br)c1,[ 0.07997072  0.24579494 -0.5945513   0.33292487  0.27269515]
NC(=S)Cc1cccc2ccccc12,[ 0.27662453  0.8898602  -0.8986727  -0.62478083 -0.22030354]
CC(C)=CCN1CCC2(C)c3cc(O)ccc3CC1C2C,[ 0.37846145  0.9195413  -0.85848546 -0.59719163  0.32439166]
CCOC(C1=NCCCN1)c1c(Cl)cccc1Cl,[ 0.55116045  0.6749007  -0.7330026  -0.537955   -0.08291437]
CSCCNc1nc(SCCC(F)(F)F)nc2c1ncn2C1OC(COP(=O)([O-])OP(=O)([O-])C(Cl)(Cl)P(=O)([O-])[O-])C(O)C1O,[-0.14473255  0.8492463  -0.5261508  -0.5826786   0.39488384]
CC(=O)CCCCCCCC(=O)O,[ 0.36666     0.8200472  -0.7956525  -0.32742774 -0.26578265]
CON(C)C(=O)Nc1ccc(Cl)cc1,[-0.1088929   0.8031084  -0.26688287 -0.87492657 -0.21192455]
CCNc1nc(NC(C)C(C)C)nc(SC)n1,[ 0.55694205  0.9314675  -0.7421865  -0.60594416  0.08205155]
O=CC=CC1CO1,[ 0.31206936  0.8191969  -0.75223094 -0.7466153  -0.09281471]
CN(C)CCOc1cc(NS(=O)(=O)c2c(Cl)cc(C(F)(F)F)cc2Cl)ccc1Cl,[-0.20784774  0.69287205 -0.3552608  -0.49957526 -0.34650975]
CCC(=O)N(c1ccccc1)C1CCN(CCc2ccccc2)CC1,[ 0.05874857  0.81677455 -0.5579068  -0.6850077  -0.0748886 ]
COc1ccccc1Oc1c([N-]S(=O)(=O)c2ccc(C(C)C)cn2)nc(-c2ccnc(-c3nnn[n-]3)c2)nc1OCCO,[ 0.32666245  0.76909804 -0.29579198 -0.53182304 -0.33054754]
CCOc1ccccc1C(N)=O,[ 0.58322793  0.7121466  -0.67187774 -0.62233686 -0.61417526]
CC(C)Nc1nc(Cl)nc(NC(C)C)n1,[ 0.51634157  0.78815776 -0.5952314  -0.73198646  0.08298915]
CC(C)N(C(=O)SCC(Cl)=C(Cl)Cl)C(C)C,[ 0.32616526  0.84710485  0.7423404   0.5068747  -0.10526685]
O=[N+]([O-])c1ccc(Nc2ccccc2)c(S(=O)(=O)O)c1,[ 0.43686718  0.04119478 -0.8279478  -0.6986214  -0.18604629]
CCC(C)(CC)c1cc(N)on1,[ 0.12554343  0.7004194  -0.7748802  -0.5896867  -0.14335668]
CCS(=O)(=O)c1ccc(-c2cc(Cl)ccc2OCC(=O)O)cc1,[-0.45440653  0.85985523 -0.21390106 -0.90457654  0.03376512]
COC(C)C=O,[-0.2630543   0.55857575 -0.80558664 -0.76053244 -0.08407086]
O=C(NCC12CC3CC(CC(C3)C1)C2)c1cc(-n2ncc(=O)[nH]c2=O)ccc1Cl,[ 0.32302517  0.7503781  -0.743517   -0.5122085  -0.49530202]
CCN1CCCC1CNC(=O)c1cc(S(N)(=O)=O)ccc1OC,[-0.17403024  0.6894596  -0.8181799  -0.5621117  -0.2801888 ]
CCCSP(C)(=S)Oc1ccc(Cl)cc1Cl,[ 0.66549534  1.         -0.32478896 -0.5854648  -0.38521975]
NCC(O)CO,[ 0.26964477  1.         -0.32888687 -0.46991655 -0.42648357]
CC(C)(C)CNC(=S)Nc1cccnc1,[-0.10068577  0.9038256  -0.10409351 -0.935094   -0.13417695]
C=CCc1ccccc1OCC(O)C[NH2+]C(C)C,[ 0.19800633  0.52305955  0.40404496 -0.10156608 -0.08796866]
CCCCOCC1CO1,[-0.18498613  0.38352546 -1.         -0.8614649  -0.07555611]
O=S1(=O)CCN(c2ccccc2)CC1,[-0.0643527   0.6970257  -0.71441233 -0.6517373   0.40283433]
ClCC(Cl)Cl,[ 0.5811746   0.54433584 -0.80401546 -0.6814898  -0.11908533]
CC(C)(O)c1ccc(Nc2nc3ccc(C#N)cc3[nH]2)cc1,[ 0.31990477 -0.48302117 -0.8921701  -0.5744434   0.10485173]
O=C(OCC(COC(=O)c1ccccc1)(COC(=O)c1ccccc1)COC(=O)c1ccccc1)c1ccccc1,[ 0.33218175 -0.6139443  -1.         -0.6303939   0.06660428]
C1CN1P1(N2CC2)=NP(N2CC2)(N2CC2)=NP(N2CC2)(N2CC2)=N1,[ 0.24900295 -1.         -0.6755207  -0.22871707 -0.02627307]
COCCN(C(=O)CCl)c1c(C)cccc1C,[-0.26383477  0.527497   -0.89375407 -0.80460787  0.69133574]
C1C[SiH2]C1,[ 0.37430674  0.555979   -0.57740307 -0.99008816  0.04420493]
CC(=O)N1CCN(c2ccc(OC[C@H]3CO[C@](Cn4ccnc4)(c4ccc(Cl)cc4Cl)O3)cc2)CC1,[ 0.52745277  1.         -0.51026887 -0.7421808  -0.25784558]
CCOP(=S)(OCC)Oc1cc(C)n(CC)c(=O)c1,[ 0.1210585   0.8141359  -1.         -0.80837953 -0.47507164]
Cn1c(COP(=O)(NCCBr)NCCBr)cnc1[N+](=O)[O-],[ 0.14921398  0.88375336 -0.91355604 -0.26559645  0.12040363]
C[Si](C)(Cl)Cl,[ 0.67804617  0.6746432  -0.6139975  -0.8203316  -0.16779625]
CNC(=O)c1[nH]cnc1C(=O)Nc1ccc(OC)cc1,[-0.20715159  0.82005775 -0.12745199 -0.62684906  0.4614293 ]
O=C(Cc1cccs1)N[C@@H]1C(=O)N2C(C(=O)[O-])=C(C[n+]3ccccc3)CS[C@H]12,[ 0.562892    0.8650136  -0.815522   -0.577566    0.04307457]
CC(=O)OC(C(=O)NC(N)=O)c1ccccc1,[ 0.22504373  0.27339017 -0.6708032   0.8865977   0.6718253 ]
C[C@@H]1O[C@@H](O[C@H]2[C@H](Oc3cc(O)c4c(c3)O[C@H](c3ccc(O)cc3)CC4=O)O[C@H](CO)[C@@H](O)[C@@H]2O)[C@H](O)[C@H](O)[C@H]1O,[ 0.56630653  0.8484814  -0.60599023  0.10590778  0.01710505]
CN(C)c1ccc(N=Nc2ccccc2)cc1,[-0.03855894  0.75634384 -0.8649206  -0.46800944 -0.1928826 ]
CCC(C)N(C)C(=O)c1cc2ccccc2c(-c2ccccc2Cl)n1,[ 0.5411772   0.99713415 -0.8541107  -0.88058364 -0.30803174]
CCN(N=O)C(C)OC,[ 0.34541607  0.9249067  -0.7907958  -0.7273964   0.41082862]
CN(C)CCCC1c2ccccc2Nc2ccc(Cl)cc21,[ 0.22770536  0.81405544 -0.57236826 -0.965852   -0.14544138]
CCOC(=O)C=Cc1ccc2c(c1)OCO2,[ 0.18823855  0.7544066  -0.8139528  -0.86743945 -0.40399915]
CC1OC(OC2C(O)CC(OC3C(O)CC(OC4CCC5(C)C(CCC6C5CC(O)C5(C)C(C7=CC(=O)OC7)CCC65O)C4)OC3C)OC2C)CC(O)C1O,[-0.39292437  0.4085736  -0.7139215  -0.5982338  -0.26750684]
Nc1cc(Cl)ccc1O,[ 0.26067436  0.56959295  0.3522108  -0.63633645 -0.27686372]
COP(=O)(SC(C)C)SC(C)C,[ 0.10597414  0.4432966  -0.752361    0.19830875 -0.44911477]
C1=CC2C3C=CC(C3)C2C1,[ 0.42924163  0.905199   -1.         -0.65251416 -0.03651021]
O=C([O-])CCCc1ccc(N(CCCl)CCCl)cc1,[ 0.15659684  0.8779012  -0.5702734  -0.73102105 -0.13548146]
CCCCOC(C)OCCCC,[-0.10443898  1.         -0.98354614 -0.92305434 -0.33383885]
CCc1nn(C2CCCC2)c2c1CCn1c(-c3cccs3)nnc1-2,[ 0.18355468  1.          0.27465558 -0.39138252  0.14556913]
CCOC(=O)CCC[Si](C)(OCC)OCC,[ 0.39260262  0.88143075 -0.74494725 -0.5048023   0.6713543 ]
CSCC(NC(=O)COc1cccc2cnccc12)C(=O)NC(Cc1ccccc1)C(O)C(=O)N1CSCC1C(=O)NC(C)(C)C,[ 0.5024251   0.40920687 -0.6811505  -0.3475336  -0.6105184 ]
O=C(Cc1ccc(Cl)c(C(F)(F)F)c1)Nc1cccc2c(=O)n(CCO)ccc12,[ 0.5082898   0.36663198 -0.6795309  -0.7027124  -0.3907825 ]
CCC1(CC)C(=O)NCC(C)C1=O,[ 0.3745435  -0.86966145 -0.26647067 -0.39713413  0.14465994]
CCC(C)(C)OC(=O)Nc1ccco1,[ 0.54724896  0.54422486 -0.794586   -0.5285995   0.12192873]
C[C@H](Cc1cccc(CC(=O)NC23CC4CC(CC(C4)C2)C3)c1)NC[C@H](O)c1ccc(O)c(CO)c1,[-0.43985757  0.8379266  -0.5581385  -0.53223103 -0.43708253]
CC(C)NCC(O)COc1ccc(COCCOC(C)C)cc1,[-0.21362713  0.96312886 -0.7223608  -0.9950118   0.57607985]
C=CCN1CCCC1CNC(=O)c1cc2nn[nH]c2cc1OC,[ 0.15438434 -0.417185   -0.8999619  -0.07615957  0.41061974]
COCCOC(=O)CC#N,[ 0.06735981  0.8631458  -0.65466136 -1.          0.0222375 ]
CNC(=O)c1c(I)c(NC(C)=O)c(I)c(C(=O)[O-])c1I,[ 0.2227287   0.90407956 -0.6603559  -0.64639586 -0.42342043]
NC(=O)CF,[-0.51666874  0.98379654 -0.7877142  -0.7039003   0.09662386]
CN(CC#N)N=O,[ 0.15446869  0.86047614 -0.7929366  -1.          0.77287227]
CCC1OC(=O)C(C)C(=O)C(C)C(OC2OC(C)CC([NH+](C)C)C2O)C(C)(OC)CC(C)C(=O)C(C)C2N(CCCCn3cnc(-c4cccnc4)c3)C(=O)OC12C,[-1.          0.88632935 -0.30291513 -0.8512784   0.3358031 ]
CCOP(=O)(OCC)N(C)c1ccccc1,[ 0.19145502  0.83587766 -0.7887492   0.63191324 -0.06572574]
O=C(O)[C@@H](c1ccccc1)N1CCC(CN2CCC(Oc3ccc(Cl)c(Cl)c3)CC2)CC1,[ 0.6372081   0.83954597 -0.9005815  -0.06385211 -0.5316836 ]
O=NN1CCCCC1,[-0.3562789   0.9046602  -0.89598626 -0.8458611   0.38482502]
N#CSCCSC#N,[-0.11177084  1.         -0.905117   -0.8762132  -0.31500104]
COc1cnc(-c2ccccc2C(F)(F)CNC(=O)c2ccc(COCC(F)(F)F)nc2)cn1,[-0.18796504 -0.11009003 -0.65656054 -0.8479232  -0.10544213]
CCCOP(=O)(OC=C(Cl)Cl)OCCCl,[ 0.12361157 -0.23503026 -0.86829257 -0.42842987  0.49699906]
CCC(CC)n1nc(C)c(C(=O)N[C@@H](C)C(C)(C)C)c1NS(=O)(=O)c1ccc(C)cc1,[ 0.06515894  0.8007922   0.6203593  -0.585938   -0.53555286]
O=C1OCC2C1C1(Cl)C(Cl)=C(Cl)C2(Cl)C1(Cl)Cl,[ 0.77178204  0.46495304 -0.61409837 -0.77985835 -0.61259156]
C#CC(C)(C)O,[ 0.5946378   0.653718   -0.88591236 -0.12535462 -0.22553834]
CCC(=O)Nc1ccc2[nH]c(C(F)(F)F)nc2c1,[ 0.01901477  0.47543526 -0.56332195 -0.42831233  0.21022172]
FC(F)(F)c1nc2c(Br)c(Cl)c(Br)cc2[nH]1,[ 0.18706325  0.66565746 -0.78315705 -0.51440454  0.20324431]
CCCCCCCC=CC=O,[ 0.20618555  0.7883201  -0.71595067 -0.9015077   0.64423937]
C[C@@H]1O[C@@H](O[C@@H]2[C@@H](O)[C@H](OCCc3ccc(O)c(O)c3)O[C@H](CO[C@@H]3O[C@H](CO)[C@@H](O)[C@H](O)[C@H]3O)[C@H]2OC(=O)/C=C/c2ccc(O)c(O)c2)[C@H](O)[C@H](O)[C@H]1O,[-0.53962433  1.         -0.83492446 -0.5539191  -0.36690813]
C=C(C)C1CC=C(C)C(O)C1,[ 0.12438215  0.4786971  -0.09776433 -0.5166432   0.30021548]
O=[N+]([O-])c1cc(Cl)ccc1Cl,[ 0.24204089  0.7690458   0.28872085 -0.15312436 -0.39335072]
NCCCCN,[ 0.62093836  0.6973787  -0.726516   -0.4913814  -0.12046227]
CC(C)(C)c1ccc(OP2OCC3(CO2)COP(Oc2ccc(C(C)(C)C)cc2C(C)(C)C)OC3)c(C(C)(C)C)c1,[ 0.00188441  0.3171748  -0.2595677  -0.47424155  0.24492046]
O=c1c(Cl)c(Cl)cnn1-c1ccccc1,[ 0.22040892  0.9418754  -0.95952916 -0.50041807 -0.44530016]
CC(=O)C1OC1(C)C,[ 0.7082865   1.         -0.79927707 -0.5324937  -0.27107415]
COc1cc2c(cc1OC)C(Cc1cc(OC)c(OC)c(OC)c1)[N+](C)(CCCOC(=O)CC/C=C\CCC(=O)OCCC[N+]1(C)CCc3cc(OC)c(OC)cc3C1Cc1cc(OC)c(OC)c(OC)c1)CC2,[ 0.282267   0.7608979 -0.5381901 -0.6299464 -0.3410713]
COCOCCO,[ 0.08044777  0.53058344 -0.8567841   0.37915012 -0.18420021]
C[NH+](CCOc1ccc(NS(C)(=O)=O)cc1)CCc1ccc(NS(C)(=O)=O)cc1,[ 0.3073634   0.84212124 -0.9300328  -0.8468022  -0.51723033]
Nc1nc(O)c(Cl)c(-c2ccccc2)n1,[ 0.01896675  0.25131902 -0.775681   -0.8055465  -0.6002866 ]
OCc1ccccc1,[ 0.39537248  0.72244906 -0.9196127  -0.5478473  -0.525536  ]
Cc1c(OCC(F)(F)F)ccnc1C[S+]([O-])c1nc2ccccc2[nH]1,[ 0.33027092  1.         -0.43406072 -0.77378684  0.13835323]
COc1cccc(OC)c1O,[-0.5662068   0.32902133 -0.7089382  -0.62693506 -0.10558429]
CCCN(CCC)c1c([N+](=O)[O-])cc(C(C)C)cc1[N+](=O)[O-],[-0.03355543  1.         -0.8261355  -0.69314015 -0.19694656]
Cc1ccc(Nc2ccc(Nc3ccc(C)cc3)c3c2C(=O)c2ccccc2C3=O)cc1,[ 0.19665322 -0.2760422  -0.75257504 -0.6477794   0.04836594]
CCC(C)OC(CBr)c1ccc(Cl)cc1,[-0.5078649   0.75445205 -0.7893259  -0.79167897 -0.2588229 ]
Cc1cc(Nc2nc(N[C@@H](C)c3ccc(F)cn3)c(C#N)nc2C)n[nH]1,[-0.09548596 -0.10328494 -0.6587828  -0.3476933   0.17880923]
N#CC1CC2CC2N1C(=O)C(N)C12CC3CC(CC(O)(C3)C1)C2,[ 0.00951247  0.87410253 -1.         -0.77268064 -0.2974792 ]
CCCOC(=O)c1ccc(C(=O)OCCC)nc1,[ 0.01475015 -0.4333001  -0.54703295 -0.45239398  0.12946641]
CCC[NH+]1CCCCC1C(=O)Nc1c(C)cccc1C,[ 0.10790444  0.520764   -0.67772114 -0.66738206  0.22620118]
Nc1nc(-c2ccccn2)nc(N)c1Cc1ccc(Cl)cc1Cl,[-0.10874855  0.8448017  -0.7091739  -0.24040833 -0.48963994]
CC(C)Oc1ccc2c(=O)c(-c3ccccc3)coc2c1,[-0.24778436  0.96559435 -1.         -0.6580434   0.06337114]
CCOP(=S)(NC(C)C)Oc1ccccc1C(=O)OC(C)C,[-0.4407691   0.9082688  -0.63342005 -0.8314056   0.36359072]
O=P(O)(O)C(O)(Cn1ccnc1)P(=O)(O)O,[-0.36630118  0.7244745  -1.         -0.78011173  0.03319892]
C=CC(=O)NCNC(=O)C=C,[ 0.6835888   0.7204311  -0.4979295  -0.48217052 -0.28613546]
O=NN(c1ccccc1)c1ccccc1,[ 0.40728047  0.6761432  -0.71956193 -0.5958658   0.02921243]
CCN(CCO)C(=O)c1oc2cccnc2c1-c1cccc(C(F)(F)F)c1,[ 0.08714613  0.5898578   0.04094341 -0.43664742 -0.1508745 ]
O=Cc1cccc2ccccc12,[ 0.02771654 -0.02890713 -0.6038784  -0.8405013  -0.00429704]
CC(O)C1C(=O)N2C(C(=O)[O-])=C(SC3CCS(=O)C3)SC12,[ 0.11089454  0.5789271  -0.91790056 -0.7946534   0.12845494]
CC=C(CC)C(=O)NC(N)=O,[-0.04936203  0.8264318  -0.758352   -0.8338441  -0.19588886]
Cc1cccc([N+](=O)[O-])c1[N+](=O)[O-],[-0.17421107  0.8742215  -0.7473116  -0.9266085   0.40809605]
CCCCc1nc(Cl)c(CO)n1Cc1ccc(-c2ccccc2-c2nnn[nH]2)cc1,[-0.00636776  0.8982062  -0.8059088  -0.7143587   0.44906166]
COc1ccc(Oc2ccc(NC(=O)N(C)C)cc2)cc1,[ 0.26662824  0.80852246  0.12964162 -0.551092   -0.2573941 ]
CCCCCCOC(=O)C(O)c1ccccc1,[ 0.324391   -0.30553326 -0.89267755 -1.          0.9601166 ]
O=C(O)C1N=C(c2ccccc2)c2cc(Cl)ccc2NC1=O,[-0.5280765   1.         -0.4462362  -0.5014518  -0.15230872]
CNC(=O)ON=C(C)SCC(=O)N(C)C,[ 0.37241393  0.20493813 -0.52750003  1.          0.20279646]
COc1ccc2c(O[C@@H]3C[C@H]4C(=O)N[C@]5(C(=O)NS(=O)(=O)C6CC6)C[C@H]5/C=C\CCCCN(C)C(=O)[C@@H]4C3)nc(-c3ccc(F)cc3)nc2c1C,[ 0.32008323  0.63767326 -0.76711607 -1.          0.15724841]
CC(C(=O)O)c1ccc(CC2CCCC2=O)cc1,[ 0.47115588  0.8643783  -0.6533118  -0.9914916   0.2510472 ]
CC(=O)NC(CS)C(=O)[O-],[ 0.07799011  0.5786728  -0.6528533  -1.          0.31790358]
C=CC(=O)N1CN(C(=O)C=C)CN(C(=O)C=C)C1,[ 0.54774284  0.68160594 -1.         -1.         -0.50640166]
CC(C)NC(=O)c1cnc(N2CCC(N3C(=O)OCc4ccccc43)CC2)c(Cl)c1,[-0.08266618  0.93716973 -0.72730577 -0.7613583  -0.10486133]
CCP(=O)(OC)SC,[-0.28603077  0.81047916 -0.85000247 -0.9714619   0.7270917 ]
CS(=O)(=O)c1ccc(C(O)C(COC(=O)C[NH3+])NC(=O)C(Cl)Cl)cc1,[ 0.11978578  0.7935674  -0.8590811  -0.8013801   0.15850334]
BrC(Br)Br,[ 0.5486676   0.32119948 -0.54424655  0.7749038   0.74577004]
O=C(c1ccc(Cl)cc1)c1ccccc1-c1ncc[nH]1,[ 0.2272447   0.9716676  -0.668016   -0.68562156  0.15407161]
O=C(CCC(=O)OC1CCCCC1)OC1CCCCC1,[ 0.32602403  0.6462983  -0.09829506 -0.91378784  0.15496646]
COc1ccc2ncc(=O)n(CCN3CC[C@@H](NCc4ccc5c(n4)NC(=O)CO5)[C@@H](F)C3)c2c1,[ 0.218738    1.         -0.5473225  -0.90213364 -0.5023641 ]
CCC(CCCCOC(=O)c1ccccc1)COC(=O)c1ccccc1,[ 0.2398972   0.7147456  -0.67672527 -0.9798132   0.03418805]
COCCN(c1cccnc1)P(=O)(c1ccccc1)c1ccccc1,[ 0.13852571  0.70298976  0.45374462  0.5139643  -0.03893892]
CC1CCC(N)CC1N,[-0.04595471  0.83153546 -0.46876815 -0.03968348 -0.08691135]
CN1C[C@@H]2c3ccccc3Oc3ccc(Cl)cc3[C@H]2C1,[-0.14400713  0.58815664 -0.48260778 -0.5208302  -0.61025393]
CC(C)[C@H](C(=O)Nc1nccs1)c1ccc(Cl)cc1,[ 0.42659268  0.6563441  -0.76882833 -0.37595478  0.2409342 ]
C=CC[N+]1([C@H]2C[C@H]3[C@@H]4CC[C@H]5C[C@H](O)[C@@H](N6CCOCC6)C[C@]5(C)[C@H]4CC[C@]3(C)[C@H]2OC(C)=O)CCCC1,[ 0.08565275  0.7219769   0.9859222  -0.83580774  0.49310318]
CC12CCC3c4ccc(O)cc4CC(CCCCCCCCCS(=O)CCCC(F)(F)C(F)(F)F)C3C1CCC2O,[ 0.5348524   0.05118404 -0.7017971   0.57960206 -0.04128233]
COC(=O)C(C)NP(=O)(OC[C@@H]1C=C[C@H](n2cc(C)c(=O)[nH]c2=O)O1)Oc1ccc(I)cc1,[ 0.09371039 -0.03264341 -0.7706195  -1.          0.13331752]
CC=C(C(=O)NC(N)=O)C(C)C,[ 0.41706738 -0.1386681  -0.60540515  0.660031   -0.01797829]
CN1CCN(C2=c3ccccc3=Nc3ccc(Cl)cc3N2)CC1,[ 0.18559507  0.7025187  -0.7050602  -0.22483732 -0.28201908]
CCOP(=O)(OCC)Oc1ccc(S(C)(=O)=O)c(C)c1,[-0.3897246   0.89638156 -1.         -0.8845676  -0.01263695]
C/C=C/c1cc(OC)c2c(c1)C(C)C(c1cc(OC)c(O)c(OC)c1)O2,[ 0.61123836  0.52254885 -0.5312904  -0.93793863 -0.09387732]
Cc1nccc(-c2ccc(-c3nc4ccncc4c(O)c3C#N)cc2)c1Cl,[ 0.5583212   0.9682333   0.30594918 -0.09554984 -0.37732223]
Cc1ncc(CS)c(CO)c1O,[-0.18122491  0.83664834 -0.8533226  -0.86671543 -0.03163597]
O=C(CF)Nc1ccccc1,[-0.335291    0.9151241  -0.7567459  -0.8544138  -0.40637162]
O=c1cc(-c2ccc(O)cc2)oc2cc([O-])c(C3OC(CO)C(O)C(O)C3O)c(O)c12,[ 0.22981593  0.7346053  -0.6008212  -0.51254344  0.14444861]
Cc1cc([N-]S(=O)(=O)c2ccc(N)cc2)no1,[-0.18978016  0.7182958  -1.         -0.6722021   0.49635902]
OCCOCCN1CCN(C(c2ccccc2)c2ccc(Cl)cc2)CC1,[ 0.4374308  -0.73472285 -0.68200344 -0.9124192  -0.30040485]
CC(C)CCI,[ 0.30992052  0.8113384  -1.         -0.5197412  -0.11598786]
CN1C(=O)CN=C(c2ccccc2F)c2cc(Cl)ccc21,[-0.48969346  0.755382   -0.8458945  -0.79216707 -0.05125647]
CC1[NH2+]Cc2cc(-c3ccc4c(=O)c(C(=O)[O-])cn(C5CC5)c4c3OC(F)F)ccc21,[ 0.24219523  0.8302321  -0.7145712  -0.74561703 -0.20955688]
C[N+](C)(C)[NH2+]CCC(=O)[O-],[-0.06258012  0.37526366 -0.7152325  -1.          0.3475228 ]
CC(C)(C)c1ccc2c(c1)C(C)(C)CC2,[-0.2230765   0.8925205  -0.63415474 -0.22979106  0.07429537]
Nc1c(CC(=O)[O-])cccc1C(=O)c1ccc(Br)cc1,[ 0.3645633   0.69422585 -0.8504026  -0.2813163  -0.43640432]
C=CC(=O)OCCOC(=O)c1ccc(C(=O)O)cc1C(=O)O,[ 0.46599436 -0.07073624 -0.7475903  -0.5833707  -0.3164765 ]
COc1ccc2ncc(F)c(CCN3CCC(NCc4cc5c(cn4)OCCO5)CC3)c2n1,[ 0.09360401  1.          0.7044394  -0.7327301  -0.29513097]
O=C(O)CCCOc1ccc(Cl)cc1Cl,[-0.32928145  0.00516404 -0.6907204  -0.6862468   0.03219303]
BrC12CC3CC(CC(C3)C1)C2,[-0.18558781  0.5497198  -0.8917721  -0.94399476 -0.0623311 ]
Cn1cncc1CN(CCN(Cc1ccccc1)S(=O)(=O)c1ccccn1)c1ccc(C#N)cc1,[ 0.35354254  0.54539764 -0.8741173  -0.7604615  -0.13830003]
CNC(=O)Oc1cccc2c1OC(C)(C)O2,[ 0.24746329  0.7221823  -0.80749863 -0.9454924  -0.2560845 ]
NC(=O)Nc1cccc2c3c([nH]c12)CCCC3,[ 0.48178387  0.3280719  -0.7650223  -0.04818313  0.0187667 ]
CC(C)CCCC1CCC(C)(C(=O)NCC(=O)O)CC1,[ 0.46960473 -0.30275822 -0.8321478  -0.81856745  0.01587962]
C#CC(C)(O)C(O)c1ccccc1,[-0.08069536  0.8291083  -0.6954324  -0.33123705 -0.38798684]
CN1CN(CCO)CSC1=S,[ 0.33497176  0.56433153 -1.         -0.6066551  -0.10194338]
CC(NNC(=O)c1ccccc1)c1ccccc1,[ 0.32292143  0.66386884 -0.79605424 -0.6473061   0.22608526]
CCCCSN(C)C(=O)Oc1cccc2c1OC(C)(C)C2,[ 0.49590322  0.66862476 -0.24630171 -0.61998403  0.38005188]
C=CS(=O)(=O)CCCCCC,[ 0.3465567   0.9982784   0.5301618  -0.7223087   0.05178008]
OCC(O)C(O)C(O)CO,[ 0.4029668   1.         -0.5180089  -0.33606738 -0.54457515]
CC1CCCCN1N=O,[ 0.1296245   0.75569683 -0.77057165 -0.35222295 -0.15256034]
CCCOCCOC(=O)C1=C(C)NC(C)=C(C(=O)OCCOCCC)C1c1cccc([N+](=O)[O-])c1,[ 0.73143995  0.7590204  -0.8912513  -0.31365958 -0.5686412 ]
CC(=S)NC[C@H]1CN(c2ccc(-c3nnc(CNS(C)(=O)=O)s3)c(F)c2)C(=O)O1,[ 0.6299775   0.76236296 -0.76613015  0.0164554  -0.39361414]
CCOC(=O)c1ccc(C#Cc2ccc3c(c2)C(C)(C)CCS3)nc1,[ 0.17175348 -0.2856525  -1.         -0.27753583 -0.5208251 ]
CC(C)Cn1c(=O)n(C)c(=O)c2c(C(=O)N3CC[C@@H](O)C3)c(Cc3c[nH]c4ccccc34)sc21,[ 0.43072045  0.9924816  -0.7871239  -0.5671881   0.29897216]
CC(C)CON=O,[ 0.5559466   0.71272314  0.21738873 -0.5878263  -0.2594685 ]
CN(CCOc1ccc(CC2SC(=O)NC2=O)cc1)c1ccccn1,[ 0.2842993   0.78113955  0.00156099 -0.8760058   0.01540894]
C[C@H](Cn1cnc2c(N)ncnc21)OCP(=O)(O)O,[ 0.08119333 -0.32279015 -0.5847603  -0.6387321  -0.03806593]
COC(=O)Cc1ccccc1,[ 0.14598662  0.99714047 -0.97667044 -0.7155627  -0.46089977]
CC(CO)Oc1ccccc1,[ 0.20318791  0.8152496  -0.6623876  -0.7196145  -0.4093293 ]
Cc1ccn(C(=O)NCCCCCCCl)n1,[ 0.15973026  0.08891326 -0.6003961   0.54471886  0.41928658]
CCCCCCCc1ccccc1O,[ 0.2833574   0.33823517 -0.9265755  -0.948973   -0.28534615]
CC(C)NCC(O)c1ccc(O)c(O)c1,[-0.06514369  0.8355578  -0.45588428  0.28305888  0.1945323 ]
CCOP(=O)(O)O,[ 0.31109574 -0.24325517 -0.68939275 -0.7816332   0.56766486]
O=C(O)CC(CC1CCN(C(=O)CCc2ccc3c(n2)NCCC3)CC1)C1CNc2ccccc2C1,[ 0.4217859   0.4145522   0.27256066 -0.96791804  0.34756637]
CC([NH3+])Cc1ccccc1,[-0.12106907  0.19420397 -0.7657132  -0.7216844  -0.30769596]
NC(=O)CCCCC1CCSS1,[ 0.34046814  0.75608546 -0.5532725  -0.15308255  0.00872582]
C1=CC2C=CC1C2,[ 0.15860875  0.89021903 -0.9101628  -0.83637524  0.07908681]
OCCNCCOc1ccc(C(=C(c2ccccc2)C(F)(F)F)c2ccccc2)cc1,[ 0.04420602  0.8308866  -0.8123959  -0.33142802  0.11503831]
N[C@H]1CCN(c2c(Cl)cccc2/C=C2\SC(=O)NC2=O)C1,[ 0.48495728  0.5881961  -0.7994109  -0.944382   -0.17506558]
C#CC(C)(C)NC(=O)c1cc(Cl)cc(Cl)c1,[ 0.4514573   0.86702013 -0.8608784  -0.68387884  0.11121489]
COc1c(OP(=S)(OCC(C)C)OCC(C)C)cnn(C)c1=O,[ 0.16400065  0.2124165  -0.85063773 -0.5780952   0.17045927]
CCCCN(N=O)C(N)=O,[ 0.19089653  0.80960524 -0.6417149  -0.7320278  -0.51363605]
C/C=C(/C)C(=O)O[C@H](c1cc2ccc(=O)oc2cc1OC)[C@H](O)C(C)(C)O,[-0.22413202  0.82511824 -0.61410445 -0.21623716  0.03298526]
CCCCOP(=O)(O)OCCCC,[ 0.36916003 -0.39059976 -0.7651793  -0.81171733 -0.25812522]
CNc1c(Br)cnc2[nH]c(-c3ccc(S(C)(=O)=O)cc3)nc12,[-0.06108982  0.6037804  -0.49346483  0.6864604  -0.17532136]
c1ccc(COCc2ccccc2)cc1,[ 0.09520879  0.8751041  -0.8680101  -0.64904326 -0.2183054 ]
CC[C@H]1CN(Cc2cc(Cl)ccc2OCC(=O)O)CCN1S(=O)(=O)c1ccccc1,[ 0.30572066  0.49925134 -1.         -0.5417415   0.33026075]
Cc1cc(Nc2nc(N[C@@H](C)c3ccc(F)cc3)ncc2Cl)n[nH]1,[ 0.51268125  0.7200124  -0.773434   -0.7994816  -0.65371203]
O=C(NCCNCC(O)COc1ccc(O)cc1)N1CCOCC1,[ 0.08997022  0.3081435  -1.         -0.7972594  -0.31683856]
CC(C)[N+](=O)[O-],[ 0.5419123   0.871206   -0.77997494 -0.59469736 -0.6595353 ]
C=CC1=C(C)/C(=C\c2[nH]c(Cc3[nH]c(/C=C4/NC(=O)C(C)=C4C=C)c(C)c3CCC(=O)O)c(CCC(=O)O)c2C)NC1=O,[-0.4077296   0.7621351  -0.18608586 -0.6645083  -0.4450413 ]
c1ccc2[nH]c(-c3cscn3)nc2c1,[ 0.03405553  0.6981822  -0.55456257 -0.79483396 -0.18316643]
Cc1cnc(NCCCN(C)C)c2c1[nH]c1ccc3cc(O)ccc3c12,[ 0.07826462  0.8735998   0.46987063 -0.39374888  0.2653064 ]
CCOC(=O)COc1ccc(C(=O)CN2CCN(C3CCN(C(=O)OCOC(=O)C(C)(C)C)CC3)CC2=O)cc1,[ 0.067041    0.82016504 -0.7807785   0.03998969  0.7467503 ]
Cc1ncsc1C(=O)N(Cc1cc(=O)[nH]c2c(F)cccc12)c1cccc(Cl)c1,[ 0.09461427  0.87281764 -0.9385916  -0.66211677 -0.19852003]
CCN(CC)c1c([N+](=O)[O-])cc(C(F)(F)F)c(N)c1[N+](=O)[O-],[ 0.25410226  0.72371095 -0.66642416 -0.47636482 -0.42990482]
CC(=O)O[C@H]1C[C@]2(O)[C@H]3CC[C@H]4C[C@H](O[C@H]5C[C@@H](O)[C@@H](O[C@H]6C[C@@H](O)[C@@H](O[C@H]7C[C@@H](O)[C@@H](O)[C@H](C)O7)[C@H](C)O6)[C@H](C)O5)CC[C@@]4(C)[C@H]3CC[C@]2(C)[C@H]1C1=CC(=O)OC1,[ 0.4653055   0.56564087 -0.33123496 -0.59163356 -0.31353807]
CCN1C(=O)C=CC1=O,[ 0.1334001   0.4965548  -0.6821139  -0.5702359   0.04676266]
Clc1ccc(Cl)c(Cl)c1,[-0.37179717  0.86390686 -0.78787446 -1.          0.29405627]
OCCOCCOCCOCCO,[-0.23894748  0.9721076  -1.         -0.94424427 -0.13848072]
C=C(OP(=O)(OC)OC)P(=O)(OC)OC,[-0.08219473  0.9656523  -1.         -0.04070948  0.4940098 ]
CCN(CC)c1ccc(-c2nc(=O)n(C)nc2-c2ccc(N(CC)CC)cc2)cc1,[ 0.00485177 -0.17834443 -0.52142364 -0.05004915  0.4134204 ]
Clc1cc(Cl)cc(Cl)c1,[ 0.74975204 -0.3013321  -0.92868894 -0.39974928  0.68491983]
Cc1cn([C@H]2CCCN([C@H](CC(C)C)c3ccc(C(=O)O)c(Oc4cccc(Cl)c4)c3)C2)c(=O)[nH]c1=O,[ 0.20835996  0.9276673  -1.         -0.76936847 -0.25809434]
CCCNC(=N)C(OCC)c1ccccc1,[ 0.12515368  1.         -0.87164587 -0.901097   -0.02939682]
O=C1C(Cl)C(CCl)CN1c1cccc(C(F)(F)F)c1,[ 0.15969394  0.82400733 -1.         -0.52138704  0.8902923 ]
Nc1nc(Nc2ccc(S(N)(=O)=O)cc2)nn1C(=O)c1c(F)cccc1F,[ 0.37872508  0.9019102  -0.58660626 -0.45303938 -0.10877196]
C=CC(=O)OCCOCCC#N,[-0.11322701  0.8256494  -0.99815124 -0.78153664 -0.03807015]
Cc1ccsc1C(=CCC[NH+]1CCCC(C(=O)[O-])C1)c1sccc1C,[-0.2501035   0.45324785 -0.7410153  -0.98050684  0.5901584 ]
C[C@@H](NC1=CC(=O)CC1)c1ccc(Nc2ncc3cc(-c4ccncc4)ccc3n2)cc1,[ 0.22743243  0.80752313 -0.58962286 -0.4156099   0.26733097]
CN(C)S(=O)(=O)N(SC(F)(Cl)Cl)c1ccccc1,[ 0.22475708 -0.6050037  -0.47409382 -0.38088214  0.3191109 ]
COCc1c(C(C)C)nc(C(C)C)c(/C=C/[C@@H](O)C[C@@H](O)CC(=O)O)c1-c1ccc(F)cc1,[ 0.28525695  0.6870615  -0.8493956  -0.82246244 -0.08638849]
CC(C)(C)c1cc(O)ccc1O,[-0.03134968  0.7848438  -0.36524314  0.66366917  0.28383702]
CC(C)=CCCC(C)=CCCC(=CCCC(C)=CCO)CO,[ 0.4953994   0.532504   -0.4280592  -0.57092214  0.4107255 ]
COc1cc2c3c(c1O)C1(C=CC(=O)C=C1)CC3N(C)CC2,[ 0.01911574 -0.02036947 -0.8302014  -0.23638315 -0.00592187]
COc1ccc2ccc(=O)n(CCN3CCC(NCc4cc5c(cn4)OCCO5)CC3)c2n1,[ 0.01706528  0.21921338 -1.         -0.71721685  0.09660397]
CC(C)=CCl,[ 0.4041127   1.         -0.8996185  -0.39872983  0.640098  ]
Cc1cc(C)c(N)c(C)c1,"[ 6.5085727e-01  4.8306767e-02 -7.4302518e-01  3.6805132e-01
  2.9091231e-04]"
C=C(Cl)C#N,[ 0.14210308  0.8363309  -0.8179898  -0.8202288  -0.17515421]
Cc1c(OC2CCN(CC3CCN([C@@H](Cc4ccc(F)cc4)C(=O)O)CC3)CC2)ccc(C#N)c1Cl,[-0.18771075  0.8461469  -0.14480175 -1.          0.53793955]
C=C(C)C(=O)OCCOC(=O)C(=C)C,[-0.16889605  0.35722706 -0.14030105 -0.620666   -0.10448773]
CN1CCC(=C2c3ccccc3Sc3ccccc32)CC1,[ 0.17715594  0.9431308  -0.9539067  -0.7181289  -0.2454432 ]
CCCC(=O)OC1(C(=O)COC(=O)CC)CCC2C3CCC4=CC(=O)CCC4(C)C3C(O)CC21C,[ 0.15855895  0.69529057 -0.9112869  -0.69823825 -0.01523601]
CCCc1c(OCc2cccn3c(=O)c(CCC(=O)O)cnc23)ccc(C(C)=O)c1O,[ 0.41725954  0.30355868 -0.8412418  -0.7869501   0.00973751]
O=[N+]([O-])N1CN([N+](=O)[O-])CN([N+](=O)[O-])C1,[ 0.39262038  0.93351793 -0.34801883 -0.5653349  -0.55998087]
Cc1cc(=O)n(CSP(=S)(OC(C)C)OC(C)C)nc1Cl,[-0.01079523  0.6642985  -0.7648187  -0.7716731  -0.01742563]
CNC(=O)/C=C(/c1ccc2nc(N)n(S(=O)(=O)C(C)C)c2c1)c1ccccc1-c1cccc2ccccc12,[ 0.04882267  0.8030924  -0.73668325 -0.80832726 -0.29060593]
Brc1ccc2[nH]cc(CC3CCNCC3)c2c1,[ 0.18590735  0.8939829  -0.78849244 -0.7795931  -0.06669839]
CC(C)(C)c1nnc(NS(=O)(=O)c2ccccc2)s1,[ 0.13418688 -0.05264205 -0.59103966 -0.88527966  0.12823306]
C[NH+]1CCOC(c2ccccc2)c2ccccc2C1,[ 0.56269324  0.39829093 -0.8563854   0.28398696 -0.19704649]
CCCN(CCC)c1c([N+](=O)[O-])cc(C)cc1[N+](=O)[O-],[ 0.35180253  0.7541219  -0.32601133 -0.31201726 -0.22469999]
Clc1ccc(C(OCCN2CCCCC2)c2ccccc2)cc1,[-0.17828096  0.9416596  -0.83116776 -0.81935066 -0.00563952]
O=[N+]([O-])c1cc(Cl)c2nc(C(F)(F)F)[nH]c2c1,[ 0.10648701  0.6222536  -0.783648   -0.8873341  -0.05268781]
CCCCC(=O)N(Cc1ccc(-c2ccccc2-c2nnn[n-]2)cc1)C(C(=O)[O-])C(C)C,[ 0.11298051 -0.3674837  -1.         -1.          0.02710452]
COC(C)COC(C)COC(C)CO,[ 0.53059     0.50435525 -0.64279383 -0.5116414   0.35503414]
COc1cc2ncnc(Nc3ccc(F)c(Cl)c3)c2cc1NC(=O)/C=C/CN1CCCCC1,[ 0.27373058  0.85640347 -0.501525   -0.7355714  -0.50140953]
CCOP(=S)(OCC)Oc1cc(-c2ccccc2)on1,[ 0.19921622  0.776224    0.06986311 -0.12688665  0.3640388 ]
O=C(OCC=Cc1ccccc1)c1ccccc1,[ 0.04129444  0.8579469  -0.8268619  -0.9562851  -0.3289902 ]
CC1CCN(C(=O)CC(Cc2cccc(C(=N)N)c2)NS(=O)(=O)c2ccc3ccccc3c2)CC1,[ 0.17162606  0.05368999 -0.588921   -0.29349384  0.03991743]
C1=CCC(C2OCC3(CC=CCC3)CO2)CC1,[-0.10385309  0.4114153  -0.5864646   0.37529063  0.4114246 ]
COc1cc([C@@H]2c3cc4c(cc3[C@@H](O[C@@H]3O[C@@H]5CO[C@@H](C)O[C@H]5[C@H](O)[C@H]3O)[C@H]3COC(=O)[C@H]23)OCO4)cc(OC)c1O,[ 0.09803413  0.6406175  -0.71497375 -0.76658916  0.4973909 ]
S=c1[nH]c2cc(Cl)ccc2o1,[ 0.02049436  0.88486844 -0.18564442 -0.5635673  -0.33923683]
Nc1cc[n+]([O-])cc1,[ 0.10381947  0.8814777  -0.82909983 -0.88685274  0.76291645]
CCOc1ccccc1C(=O)NN=C(C)C(=O)O,[ 0.388312    0.8569181  -0.93306357 -0.5909585  -0.20758538]
CCC(CC)C(=O)OCCOCCOCCOC(=O)C(CC)CC,[ 0.31083363  0.67500514 -0.49517113  0.31899548  0.11175405]
CCOP(=O)(NC(C)C)SCC(=O)NCOC,[ 0.28126854  0.20936988 -0.85812163 -1.         -0.02985442]
ClCc1ccccc1,[ 0.30575597  0.9535578  -0.6489306  -0.805654    0.57991505]
CC(C)(c1ccc(Oc2ccc(N)cc2)cc1)c1ccc(Oc2ccc(N)cc2)cc1,[-0.57490826 -0.26164642  0.1559604  -1.          0.29881003]
CCOP(=S)(OCC)Oc1ccc([N+](=O)[O-])c(C)c1,[-0.251753    0.90027076 -0.7846674  -0.5009617   0.36318836]
OCC(O)CO,[ 0.31624743  0.37997243 -0.8603174   0.3058763  -0.30533466]
O=C1c2cccc(S(=O)(=O)O)c2C(=O)c2c1cccc2S(=O)(=O)O,[ 0.3226122   0.06340563 -0.8129882  -0.8590668   0.19678134]
CCn1cc(C(=O)O)c(=O)c2cc(F)c(N3CCN(C)CC3)cc21,[ 0.21588582  0.840526   -0.6647689  -0.26311696  0.39975807]
CCc1nc(N)nc(N)c1-c1ccccc1,[ 0.3637197   0.41667926 -0.7732536  -0.9710797  -0.26165095]
C[C@@H]1NC(=O)[C@@H](C)NC(=O)[C@H](C)N(C)C(=O)[C@@H](C)N(C)C(=O)[C@@H](C)NC(=O)[C@H](C)N(C)C1=O,[-0.3018171   0.5995785  -0.86083364 -0.90773714  0.49145472]
OCc1cc(C(O)C[NH2+]CCCCCCOCCOCc2c(Cl)cccc2Cl)ccc1O,[ 0.22007252  1.         -0.736204   -1.         -0.18989107]
CCOC(=O)C=Cc1ccc(Cl)cc1,[ 0.03368963 -0.03743665 -0.55670136 -0.29037246  0.26619175]
CN(C)C1CC(c2ccccc2)c2ccccc21,[ 0.5313402   0.9123038  -0.9659123  -0.33704433 -0.23414135]
CN(C)C(=O)N(C)N=O,[ 0.03930945  0.7004621  -0.7449613  -1.         -0.1539761 ]
CCOP(=S)(OCC)Oc1cccc(F)n1,[ 0.22122538  1.         -0.78255904 -0.68402314  0.6486764 ]
CC(C)OCCCO,[ 0.604725    0.730667   -0.59359026 -0.30483824 -0.9311709 ]
CCCCC(CC)CNCC(C)(N)CN(C)CC(CC)CCCC,[ 0.13345559 -0.3564996  -0.82018185 -0.9354867  -0.02017725]
CCOC(C)=Cc1oc2ccccc2[n+]1CCCS(=O)(=O)[O-],[ 0.19120678  0.6309648  -0.80218595 -0.6781709   0.8769303 ]
COc1cc2nc(N3CCN(C(=O)c4ccco4)CC3)nc(N)c2cc1OC,[ 0.4994091   0.2532826  -0.98972446 -0.3788606  -0.24987334]
C[C@@H]1NC(=O)[C@H](C)N(C)C(=O)[C@@H](C)N(C)C(=O)[C@H](C)NC(=O)[C@@H](C)NC(=O)[C@@H](C)N(C)C1=O,[ 0.32697305  0.77738357  0.0376712  -0.49646643 -0.18475232]
O=C(O)CCC(=O)c1ccc(-c2ccccc2)cc1,[ 0.24671318  0.57872164 -0.41789377  0.05685272 -0.2818556 ]
O=C(Cl)CCl,[ 0.43550318  0.71403795 -0.2773585  -0.6424767  -0.10818637]
C[C@@H]1CC[C@H]2[C@@H](C)[C@@H](OC(=O)CCC(=O)O)O[C@@H]3OC4(C)CC[C@@H]1[C@@]23OO4,[ 0.4196993   0.96328485 -0.8899737  -0.9525017   0.7834108 ]
CCC(O)CO,[ 0.1839361   0.2868228  -0.8257147  -0.7118171  -0.16701832]
CC1CN(C2CCCCCCCCCCC2)CC(C)O1,[ 0.19370346  0.8014352  -0.8125414  -0.771039   -0.3934131 ]
O=c1[nH]c2ccccc2n1CCC[NH+]1CCC(n2c(=O)[nH]c3cc(Cl)ccc32)CC1,[-0.21984468  0.45932457  0.639374   -0.5196374  -0.3986874 ]
CCN(CC)CCO,[ 0.3125317   0.93646884 -0.87650555 -0.9070332  -0.17188194]
O=C(OCCc1ccccc1)c1ccccc1,[ 0.46367633  0.512105   -0.819521    0.37280327 -0.02167462]
CCCCC(CC)COCCO,[-0.3498739   0.8756229  -0.82761866 -1.         -0.09058344]
C=COC(=O)C=CC,[-0.32026067  0.8670182  -0.5108683  -0.8552957  -0.2520792 ]
O=C1COc2ccc(CNC3CCN(CCN4C(=O)COc5ccc(Cl)cc54)CC3)nc2N1,[ 0.52768195  0.6515097  -1.         -0.7551777   0.14494593]
S=C=NCCN=C=S,[-0.5112234   0.757103   -0.74481255 -0.8956065  -0.47940958]
Cc1ccc(OP(=O)(Oc2ccccc2)Oc2ccccc2)cc1,[ 0.01211375  0.5312351  -1.          0.16216528 -0.24765922]
CN1c2ccccc2C(NCCCCCCC(=O)[O-])c2ccc(Cl)cc2S1(=O)=O,[-0.7028905   1.         -0.27394524 -0.82332087 -0.46107382]
CCC[C@H](NC(=O)[C@@H]1[C@H]2CCC[C@H]2CN1C(=O)[C@@H](NC(=O)[C@@H](NC(=O)c1cnccn1)C1CCCCC1)C(C)(C)C)C(=O)C(=O)NC1CC1,[ 0.5048709   0.60826564 -0.96905327 -0.85497916 -0.3709529 ]
C=CC(C)CCCC(C)(C)O,[ 0.11833315  0.5545061  -0.33951455 -0.5085425  -0.16424964]
C(=NC1CCCCC1)=NC1CCCCC1,[ 0.2877037   0.91921663 -0.3479997  -0.6848363  -0.23554109]
Oc1ccc2[nH]c(C(F)(F)F)nc2c1,[ 0.06719197  0.90918577 -0.6461307  -0.7092228  -0.19790496]
CC#CN(CC)CC,[ 0.42705896  0.8944862  -0.86156154 -0.7026277   0.09944196]
CO[Si](CCCn1c(=O)n(CCC[Si](OC)(OC)OC)c(=O)n(CCC[Si](OC)(OC)OC)c1=O)(OC)OC,[ 0.25624698  0.7400292  -0.9949531   0.3389765   0.11096309]
CN(C)N=Nc1nc[nH]c1C(N)=O,[ 0.42546     0.26216227 -0.7779454  -0.6708402   0.29279268]
Cc1ncccc1Oc1ncnc(OC2CCN(C(=O)OC(C)C)CC2)c1C,[ 0.05233692  0.9113154  -0.56692415 -0.8289725  -0.14392118]
C=CCOc1ccccc1C(N)=O,[ 0.07823569  0.09927365 -0.6978979  -0.77192783  0.02061798]
CCCC1CC(C(=O)NC(C(C)Cl)C2OC(SC)C(O)C(O)C2O)[NH+](C)C1,[ 0.6219521   0.655819   -1.         -0.38382834 -0.02562954]
CC(C(=O)O)c1ccc(C(=O)c2cccs2)cc1,[-0.70585024 -0.872594   -0.521626   -0.1344538   0.12135298]
COc1c2ccoc2c(OCC2OC2(C)C)c2oc(=O)ccc12,[ 0.38063186  0.82070386 -0.17975731 -0.32283977 -0.09334378]
CC[C@H]1NC(=O)[C@@H](NC(=O)c2ncccc2O)[C@@H](C)OC(=O)[C@H](c2ccccc2)NC(=O)[C@@H]2CC(=O)[C@H](CS[C@@H]3CN4CCC3CC4)CN2C(=O)[C@H](Cc2ccc(N(C)C)cc2)N(C)C(=O)[C@@H]2CCCN2C1=O,[-0.07198995  0.85272866 -0.89169526 -0.65558773 -0.24599954]
[NH3+]CC1CCC(C(=O)[O-])CC1,[ 0.2146293   0.7478176  -0.50184906 -0.35737032 -0.0539655 ]
CC(=CC(=O)O)C(=O)O,[ 0.2675185   0.5536432  -1.         -0.6958462   0.23850265]
C=C(C)c1ccc(C(C)(C)N=C=O)cc1,[-0.12648459  0.72062135 -0.8932005  -0.76672536  0.91372436]
N=C(N)Nc1nc(CSCCC(=N)NS(N)(=O)=O)cs1,[ 0.63949144  0.6109444  -0.84282595 -0.5224037  -0.17788905]
Cc1cc(-n2c(C)nc3ccccc3c2=O)n(-c2ccccc2)n1,[ 0.5699805   0.77569854 -0.4496754  -0.54568696 -0.16710033]
Cc1cncc(C)n1,[ 0.02458855  0.83708555 -0.72253746 -0.70480615 -0.47007716]
O=[N+]([O-])OCC(O)CO,[ 0.17264491  1.         -0.3520364  -0.6166654   0.4886922 ]
C=CC(=O)Nc1ccc(O)cc1,[-0.39129275  0.3727167  -0.84786874 -0.8529921   0.2708755 ]
CC(=Cc1ccccc1)C=C1SC(=S)N(CC(=O)O)C1=O,[ 0.26473898  0.9058127  -0.5296925  -1.          0.23991475]
Nc1ncc2cc(-c3c(Br)cccc3Br)c(N)nc2n1,[ 0.4915968   0.75376916 -0.7519085  -0.69614327 -0.10644215]
C#CC1(O)C=CC2C3CCC4=CC(=O)CCC4C3CCC21CC,[-0.2696095   0.63339794 -0.7965645  -0.37809798 -0.2560989 ]
Cc1ccccc1COC1CC2(C(C)C)CCC1(C)O2,[-0.19181378  0.35664368 -0.6830775  -0.5500577   0.02044802]
C#CCN(C)c1ccccc1OC(=O)NC,[ 0.0802751  -0.7796056  -0.74001914 -0.6189758  -0.10151988]
CCCCCCCCCCCC(=O)OCC(O)C1OCC(O)C1O,[ 0.1656876   0.7955917  -0.7480053  -0.48822606  0.02672356]
Cc1ccc2c(c1)c(S(=O)(=O)c1ccc(Cl)cc1)c(C)n2CC(=O)O,[ 0.23085146  0.03622964 -0.6493379  -0.5103429  -0.19745609]
CCOC(=O)c1c(C)cc2c(CO)n[nH]c(=O)c2c1C,[ 0.14968981 -0.04721138 -1.         -1.          0.07317729]
CCCOC(=O)Cc1ccc(OCC(=O)N(CC)CC)c(OC)c1,[-0.77832097  0.8926395  -0.49945468 -0.33354282  0.35057047]
CC1(C)C2CC=C(CCO)C1C2,[ 0.35829553  0.6164263  -0.7176274  -0.49093455  0.2590226 ]
C[NH2+]C(C)Cc1ccccc1,[ 0.00347445  0.44702178 -1.         -0.744769    0.7996417 ]
Nc1ccc(Cl)cc1,[ 0.2323818   0.7767841  -0.7522062  -1.          0.08344432]
COc1nccnc1NS(=O)(=O)c1ccc(N)cc1,[ 0.37164214  0.9152476  -0.59922445 -0.9730805   0.03644458]
CC(=O)Oc1ccc2c3c1OC1C(OC(C)=O)C=CC4C(C2)[NH+](C)CCC341,[ 0.4003643   0.8652245  -0.92954123 -0.793853   -0.5985485 ]
CC(CN1CCOCC1)C(C(=O)N1CCCC1)(c1ccccc1)c1ccccc1,[-0.01810122  0.733646   -0.9624965  -0.72481453  0.0036833 ]
CC(C)(C)NCCO,[-0.14091545  0.85843045 -0.71051985 -0.9714288   0.09099977]
CCc1nc2cc(O)ccc2c(Oc2ccc(/C=C/C(=O)O)cc2)c1-c1ccccc1,[-0.07868337  0.7981901  -0.59940445 -0.7407577   0.08251354]
CN[C@H](CC(C)C)C(=O)N[C@H]1C(=O)N[C@@H](CC(N)=O)C(=O)N[C@H]2C(=O)N[C@H]3C(=O)N[C@H](C(=O)N[C@H](C(=O)O)c4cc(O)cc(O)c4-c4cc3ccc4O)[C@H](O)c3ccc(c(Cl)c3)Oc3cc2cc(c3O[C@@H]2O[C@H](CO)[C@@H](O)[C@H](O)[C@H]2O[C@H]2C[C@](C)(N)[C@H](O)[C@H](C)O2)Oc2ccc(cc2Cl)[C@H]1O,[ 0.04822342  0.7756087  -0.733215   -0.48773444  0.393082  ]
CCC(=O)O,[-0.23488645  0.79783314  0.7571141  -0.52800184  0.0152731 ]
CC(O)C(=O)Nc1c(I)c(C(=O)NC(CO)CO)c(I)c(C(=O)NC(CO)CO)c1I,[ 0.34189442  0.55885565  0.5326011  -0.25620273 -0.46341643]
Cc1cn([C@H]2CCCN(S(=O)(=O)c3ccc(CO)c(Oc4cccc(Cl)c4)c3)C2)c(=O)[nH]c1=O,[-0.08608057 -0.20205578 -0.6173143  -0.36057737  0.3696632 ]
COc1ccc(N)c([N+](=O)[O-])c1,[ 0.0145757   0.8870721  -0.78714246 -0.8724777  -0.19183856]
C=CCn1c(N)cc(=O)n(CC)c1=O,[ 0.17407916  0.6903938  -0.34338546 -0.6829024   0.2450108 ]
O=c1cc(-c2ccc(O)cc2)oc2cc(O)cc(O)c12,[ 0.30286905  0.8628454  -0.8409412  -0.32060766 -0.3094852 ]
CCCSP(C)(=S)SC(CC(=O)OCC)C(=O)OCC,[-0.22318271  0.9470016   0.2642858  -0.45489448  0.22562367]
CCCCCCCC[Si](OCC)(OCC)OCC,[ 0.03212266  0.12609357 -0.78421986 -0.5600375   0.27038565]
Clc1cccc([Si]23OCCN(CCO2)CCO3)c1,[ 0.33131978  0.8430093  -0.49234703 -0.81499934 -0.45443547]
CN(C)C(Cc1ccccc1)c1ccccc1,[ 0.3636612   0.821258   -1.         -0.75679135 -0.3435355 ]
Nc1ccn([C@@H]2O[C@H](CO)[C@@H](O)C2(F)F)c(=O)n1,[ 0.0402625   0.8193699  -0.41305995 -0.6505729  -0.41113624]
CCNC(=S)NCC,[ 0.41585797  0.71564186 -0.75654626 -0.32453683 -0.20602074]
CC(C)CCCCCN(CCCCCC(C)C)CCCCCC(C)C,[ 0.264948    0.8632673  -0.2427491  -0.75828123 -0.06952022]
C=CCc1ccc(OC(C)=O)c(OC)c1,[ 0.4488868   0.9365063  -0.87108624 -0.5953685   0.2848334 ]
O=C(Nc1ccc(Br)cc1)c1cc(Br)cc(Br)c1O,[ 0.5041624  -0.8923461  -0.5412165  -0.2835957   0.65356857]
COC1CCC=CO1,[ 0.01550669  0.87861615 -0.932743   -0.46831322  0.24766731]
CCC(=O)OC1C(C)OC(OC2C(C)OC(OC3C(CC=O)CC(C)C(O)C=CC=CCC(C)OC(=O)CC(OC(C)=O)C3OC)C(O)C2N(C)C)CC1(C)O,[-0.27520403  1.         -0.7127003  -0.94808334 -0.2736578 ]
N#Cc1cccc(Cc2ncccn2)c1,[-0.17001566  0.8637845  -0.6485908  -0.7897785  -0.23190427]
CC(C(N)=O)(c1ccccc1)c1ccc(N)cc1,[ 0.41398445  0.6780665  -1.         -0.57299125 -0.54522043]
COc1ccc(-c2nc3ccc(C4=NNC(=O)CC4C)cc3[nH]2)cc1,[ 0.30592665  0.6549651  -0.37886345 -0.8762397  -0.3732799 ]
Clc1ccc(C2(Cn3cncn3)OCCO2)c(Cl)c1,[-0.0257838   0.03605748 -0.6663799  -0.97625595  0.02244357]
c1ccc(OP(Oc2ccccc2)Oc2ccccc2)cc1,[ 0.69138706  0.6740407  -0.92798984 -0.62543225  0.07820107]
O=C1c2ccccc2N(C(=O)CN2CCOCC2)CN1c1ccccc1,[ 0.5493809   0.66345614 -0.84667444  0.11908188 -0.08802183]
Cn1c(C(=O)NC2(C(=O)N[C@H](Cc3ccccc3)C(=O)NCCCN3CCOCC3)CCCC2)cc2ccccc21,[ 0.521312    0.14507052 -0.5533459  -0.09046292 -0.15651871]
CNC(=O)Oc1cc(C)c(N(C)C)cc1C(C)C,[ 0.525405    1.         -0.8785963  -0.2411615  -0.43134892]
CNc1c(C(N)=O)cnc2[nH]c(-c3ccc(OCCN4CCOCC4)cc3)nc12,[ 0.2464703  0.6180882 -0.7390336 -1.        -0.0411741]
Nc1nc2c(ncn2COCCO)c(=O)[nH]1,[ 0.41680768 -0.14801401 -0.6637951   0.00231096  0.3356409 ]
CC(=O)OC12COC1CC(O)C1(C)C(=O)C(O)C3=C(C)C(OC(=O)C(O)C(NC(=O)OC(C)(C)C)c4ccccc4)CC(O)(C(OC(=O)c4ccccc4)C21)C3(C)C,[-0.07078421  0.3602831  -0.95238405 -0.85545003 -0.26743338]
O=C(COc1ccc(Cc2ccc(Cl)cc2)cc1)OCc1cccnc1,[-0.24954331  0.9090077  -0.792966   -0.85619116 -0.05673461]
CCCCSCCCC,[ 0.43726897  0.78318965 -0.97528684 -0.7797184   0.11701658]
CC(C)c1cccc(OC(=O)N(C)C)c1,[ 0.16305676  0.4838993  -0.568321   -0.7425518  -0.01052714]
FC(F)(F)c1nc2c(Br)cc(Br)cc2[nH]1,[ 0.36075872  0.7395959  -1.         -0.6478454  -0.22724192]
CCC(=O)OC1CCC2C3CCC4=CC(=O)CCC4(C)C3CCC12C,[ 0.21123499 -0.49091965 -0.7010467  -0.6640412   0.88359386]
COC(=O)c1cc(Oc2ccc(Cl)cc2Cl)ccc1[N+](=O)[O-],[-0.08923765 -0.08911269 -0.5844742  -0.48746356 -0.13660794]
O=C(OCC1CO1)c1ccccc1C(=O)OCC1CO1,[ 0.37160957  0.7461361   0.06417718  0.55729806 -0.09685648]
CCSP(SCC)SCC,[ 0.22082658  0.9627068  -0.7937686  -0.6739954  -0.48471144]
CCCCCCC(N)C(=O)N[C@@H](Cc1c(C)cc(O)cc1C)C(=O)N1CCC[C@@H]1C(=O)N[C@@H](Cc1c[nH]c2ccccc12)C(=O)N[C@@H](Cc1ccccc1)C(N)=O,[-0.38877243  0.25663507  0.31542435 -0.25907    -0.38081425]
CN(C)CC=C(c1ccc(Br)cc1)c1cccnc1,[-0.26142776  0.60753095 -0.5070263  -0.81861126 -0.49956197]
COP1(=S)OCc2ccccc2O1,[ 0.25096345  0.36156774 -0.5078569  -0.77019525 -0.19645943]
CN(CCO)Cc1cc(C(=O)c2cccs2)cc(C(C)(C)C)c1O,[-0.29637298  0.9448078  -1.          0.34055477  0.68223244]
CCN(CC)CCNC(=O)c1cc(Br)c(N)cc1OC,[ 0.00648409  0.8029002  -1.         -1.         -0.31170794]
Oc1c(O)c(-c2c(Cl)c(Cl)c(Cl)c(Cl)c2Cl)c(Cl)c(Cl)c1Cl,[ 0.17447014  0.7577366  -0.5015994  -0.5028454  -0.17439167]
FC1(F)CC(C2CC3(Cl)C(Cl)=C(Cl)C2(Cl)C3(Cl)Cl)C1(F)F,[ 0.49907145  0.726094   -0.800232   -0.73621726  0.53708774]
CCCN(CCC)CCCCCCCCNC(=O)Oc1ccc2c(c1)C1(C)CCN(C)C1N2C,[-0.5237721   0.92944455  0.09772328 -0.12450245 -0.3304717 ]
ClCc1cccc2ccccc12,[ 0.2718259   0.855286   -0.80140984 -0.7559021  -0.05667425]
COc1c(OCc2ccc(-c3ccccc3-c3nnn[nH]3)cc2)cc(C)nc1C,[ 0.41592458  0.70546234 -0.7148439  -0.30650136 -0.4887589 ]
C=CC[NH+]1CCCC1CNC(=O)c1cc(S(=O)(=O)NC)c(N)cc1OC,[ 0.02623757  0.6505668   0.06681454 -0.258095   -0.11087681]
Cc1cc(Nc2nc(N[C@@H](C)c3ncc(F)cn3)nc(N3CCOCC3)c2F)n[nH]1,[-0.14118092  0.8671024  -0.6406384  -0.794395   -0.20814522]
CN(C)c1ccc(C(O)(c2ccc(N(C)C)cc2)c2ccc(N(C)C)cc2)cc1,[ 0.18365647  0.6610645  -0.66989917 -0.39242598 -0.07448026]
O=c1oc(-c2ccccc2)nc2ccccc12,[-0.21732177  0.90324104 -1.         -1.          0.11404729]
CNC(=N)c1cccc(CC(CC(=O)N2CCC(C)CC2)NS(=O)(=O)c2ccc3ccccc3c2)c1,[-0.5496982   0.03171138 -0.518661    0.36262542  0.4160551 ]
O=C(Cc1ccc(OCc2ccccc2)cc1)NO,[ 0.2805263   0.67690927 -0.82432073 -0.6422197  -0.1943319 ]
O=[N+]([O-])C(CO)(CO)CO,[ 0.01490647 -0.26800546 -0.99855584 -0.9665507  -0.13576667]
CC(C)OC(=O)C(C(=O)OC(C)C)=C1SCCS1,[ 0.01886204  0.8352912  -0.99397236 -0.05427722  0.01728944]
CC#CCC(C)C(O)/C=C/C1C(O)CC2C/C(=C/CCCC(=O)[O-])CC21,[-0.538853    0.75921214 -0.5193242  -0.4879227   0.01211622]
Clc1ccc(OCOc2ccc(Cl)cc2)cc1,[ 0.6126423   1.         -0.5365697  -0.21413647  0.13276193]
Cc1cc(C)c(C)cc1C,[ 0.41716433  0.83479106  0.03953923 -0.6908282   0.08277319]
COP(=O)(OC)OC(=CCl)c1cc(Cl)ccc1Cl,[ 0.49149168  0.77040833 -0.9872854  -0.9973019   0.5841597 ]
COc1ccc(CC2c3cc(OC)c(OC)cc3CCN2C)cc1OC,[ 0.3058586   0.85576504 -0.82524836 -0.8588718   0.517447  ]
Cc1cc(Sc2cc(C)c(O)c(C(C)(C)C)c2)cc(C(C)(C)C)c1O,[ 0.21706223  0.7570725   0.21039513 -0.6201687  -0.34407246]
CCc1cc2c(s1)-n1c(C)nnc1CN=C2c1ccccc1Cl,[-0.0575167   1.         -1.         -0.832052   -0.51332194]
CC(C)=CCOC(=O)c1ccccc1,[ 0.20844391  1.         -0.6604966  -0.6780583  -0.32393375]
CNC(=N)c1cccc(CC(CC(=O)N2CCC(C(=O)O)CC2)NS(=O)(=O)c2ccc3ccccc3c2)c1,[-0.06831816  0.12067427 -0.6109154   0.76228696 -0.13588627]
O=CCc1ccccc1,[ 0.2714943   0.7526993  -0.91593325  0.03875506 -0.29282662]
COc1ccc(C(=O)Nc2ccccc2CCC2CCCCN2C)cc1,[ 0.48867854  0.7421954  -0.62903136 -1.          0.5174099 ]
COC(=O)c1cc([N+](=O)[O-])ccc1Cl,[ 0.05731238  1.         -0.64869887 -0.99492586 -0.01211091]
CCCCCCN,[-0.27707696  1.         -0.7570697  -0.7106997   0.01074526]
c1ccc([C@H]([C@@H](c2ccccc2)N2CCCCC2)N2CCCCC2)cc1,[-0.9998261   0.840159   -0.5371241  -0.52000654  0.227675  ]
CC(=O)OO,[-0.03448486  0.967233   -0.6959835  -0.7233379   0.18550333]
O=CCCCC=O,[ 0.38603896  0.7896     -0.23779166 -0.8205609  -0.4209754 ]
COC(C)CC(=O)O,[ 0.15926933  0.9492174  -0.71259487 -0.7594877  -1.        ]
CBr,[-0.2841272   0.7922913  -0.5166678  -0.7162542  -0.09373332]
S=C1NCCNC(=S)S1,[ 0.1623243   0.70835227 -0.6693193  -1.         -0.7355233 ]
O=Cc1ccc(O)cc1,[ 0.46215042  0.50241905 -0.67552096 -0.7433375  -0.3590224 ]
CCOP(=O)(OCC)OC(=C(Cl)Br)c1ccc(Cl)cc1Cl,[ 0.25965202  0.21702507 -0.68716717 -0.59576833 -0.36943638]
C=CC(=O)OC1CC2CCC1C2,[-0.2700903  -0.20333505 -0.82993007 -1.          0.30171585]
C[S+]([O-])Cc1ccc(C(=O)Nc2ccc(OCCOCCO)nc2C(=O)NCC2CCC2)c2ccccc12,[ 0.57895017  0.8472593  -0.97415346 -0.53534484 -0.35369888]
C[C@@H]1NC(=O)[C@@H](C)N(C)C(=O)[C@@H](C)N(C)C(=O)[C@H](C)NC(=O)[C@H](C)N(C)C(=O)[C@@H](C)N(C)C1=O,[-0.1277322  0.6399706 -0.8091399 -0.7831225 -0.265581 ]
NCCCC[C@H](N[C@@H](CCc1ccccc1)C(=O)O)C(=O)N1CCC[C@@H]1C(=O)O,[-0.33478895  0.58499527 -0.7460996  -0.7837355  -0.40483776]
CC1CCCCOC1=O,[ 0.7306596 -0.944466  -0.9582038 -1.        -0.2241089]
CCS(=O)CCSP(=O)(OC)OC,[ 0.45129246  1.          0.16583128 -1.         -0.11558053]
O=P(OCCCl)(OCCCl)OC1CC(C(Br)CBr)CCC1Cl,[ 0.06366882  1.         -0.63345414 -0.8191969  -0.08694523]
O=CNC(N1CCN(C(NC=O)C(Cl)(Cl)Cl)CC1)C(Cl)(Cl)Cl,[ 0.22696726  1.         -0.71070313 -0.9531297  -0.20206653]
COc1nc(C)nc(Cl)c1NC1=NCCN1,[ 0.12642501  0.7664006  -0.7570659  -0.43114924 -0.2678341 ]
CCN(CC)c1ccc2c(C)cc(=O)oc2c1,[ 0.43965793  0.45571682 -0.6965848  -0.7046896   0.49106884]
CCN[C@@H]1C[C@H](N)[C@@H](O[C@H]2OC(CN)=CC[C@H]2N)[C@H](O)[C@H]1O[C@H]1OC[C@](C)(O)[C@H](NC)[C@H]1O,[-0.05637636  0.7485441  -0.26610148 -0.79906154  0.38034835]
C[NH+]1CCc2cccc3c2C1Cc1ccc(O)c(O)c1-3,[ 0.591865    0.35592058 -0.87577915 -0.72264427  0.03345611]
CCCSP(=S)(OC)SCCC,[ 0.43335533  0.8316977  -0.76713365 -0.7568894  -0.08006901]
OCCN(CCO)CCO,[-0.34531102  0.6398348  -0.9790191  -0.7284714  -0.1898793 ]
Cc1c(Sc2ccc(Cl)cc2)c2c(-c3ccccc3)cccc2n1CC(=O)O,[ 0.103024    0.96744955 -0.812622   -0.5526596   0.12504089]
CCC1(CC)Oc2cccc(OC(=O)N(C)C(C)=O)c2O1,[ 0.17643371  0.7273409  -0.772582   -1.         -0.50272566]
CCCCCNCCCCC,[ 0.4280061  -0.44015875 -0.7914254  -0.35110748 -0.2445569 ]
CC1CCC2(O)C3(C)CC4(O)OC2(C1O)C1(O)C3(O)C(OC(=O)c2ccc[nH]2)C(O)(C(C)C)C41C,[-0.56841063  0.85082185 -0.8140963  -0.70596164 -0.14760889]
N#Cc1ccc(F)c(-c2cc(C(F)(F)F)ccc2OCC(=O)O)c1,[ 0.2889979   0.73242664 -1.          0.14379784 -0.2669492 ]
CC(C)(C#N)C(C)(C)C#N,[ 0.24254687  0.88827187 -0.89435416 -0.82752824 -0.39208448]
CCN(Cc1cc(C(F)(F)F)ccc1-c1cc(CC(=O)O)ccc1OC)C(=O)NCc1ccccc1,[-0.1651343  -0.37717757 -0.60265774 -0.04943417  0.07686088]
CCC(C)(C)C1CCC(=O)CC1,[ 0.42204607  0.6166909  -0.38921386 -0.57885617 -0.14995535]
O=C1C(Cc2ccccc2)C(=O)N(c2ccccc2)N1c1ccccc1,[ 0.32743776  1.         -0.6324748  -1.         -0.32354492]
C=C(C)C(=O)OCCC[Si](OC)(OC)OC,[-0.16409896  0.74783    -0.7701344  -0.9884103   0.0204293 ]
COC(=O)c1c(Cl)cccc1-c1cnc([C@@H](C)NC(=O)C2(NC(=O)C(F)(F)F)CC2)c(F)c1,[ 0.095895    0.4896171  -0.85572404 -0.7767513  -0.34865162]
Cc1cc(C(=O)c2ccccc2)ccc1N,[-0.7048835   0.85889274 -0.20068146 -0.6002052   0.04825259]
CN1CCN(CCCN2c3ccccc3Sc3ccc(Cl)cc32)CC1,[ 0.09819411  0.46231642 -0.8659353  -0.23847987 -0.64617187]
C[C@@H](N/C(=N\c1ccncc1)NC#N)C(C)(C)C,[-0.23601481  0.80465204 -0.8020164  -0.82554066 -0.42406327]
CC(=O)C1(O)Cc2c(O)c3c(c(O)c2C(OC2CC(N4CC4)C(OS(C)(=O)=O)C(C)O2)C1)C(=O)c1ccccc1C3=O,[ 0.3135134   0.14728898 -0.5868735   0.06287575 -0.15432803]
Nc1c(Cl)c(Cl)c2[nH]c(C(F)(F)F)nc2c1Cl,[ 0.2827791   0.47446942 -0.44580978 -0.8102057   0.2200258 ]
O=C(Nc1cccc(Cl)c1)OCC#CCCl,[-0.07184198  0.82701    -0.9718032  -0.7575975  -0.22647657]
O=C1CC2(CCCC2)CC(=O)N1CCCCN1CCN(c2ncccn2)CC1,[-0.3341132   0.67297715 -0.59165454 -0.7201413   0.27953535]
Nc1nc(O)c2ncn(COCCO)c2n1,[ 0.2131957   0.9001623  -0.53265303 -0.85846734 -0.41581506]
CCOC(=O)COC(=O)c1cc(Oc2ccc(C(F)(F)F)cc2Cl)ccc1[N+](=O)[O-],[ 0.2621749  -0.285876   -0.43288147  0.07689016 -0.12043051]
CON=C(Cc1cccnc1)c1ccc(Cl)cc1Cl,[-0.14119022  0.63912517 -0.76333845 -0.6727477  -0.06936665]
CC(=O)OCCOCCOCCOC(C)=O,[ 0.09796607 -0.90677387 -0.18415877 -0.24328442 -0.06617317]
COc1cccc2c1cc([N+](=O)[O-])c1c(C(=O)O)cc3c(c12)OCO3,[-0.19385278  0.6717232  -0.9295966  -0.8187942  -0.1060081 ]
C=CCN1CCC23CCCCC2C1Cc1ccc(O)cc13,[ 0.05720625  0.79788315 -0.78044033 -0.76284236  0.77809924]
CC1OC(n2ccc(NC(=O)c3ccc(NC(=O)C(C)(N)CO)cc3)nc2=O)CCC1OC1OC(C)C(N(C)C)C(O)C1O,[ 0.07450659  1.         -0.71054965 -0.8070418   0.3620307 ]
CNC(=O)c1cccc2c(Nc3ccc(NS(C)(=O)=O)cc3OC)c3cccc(C)c3[nH+]c12,[ 0.38569447  0.6779171  -0.92883325  0.08204375 -0.5073353 ]
O=C(Cl)C=CC(=O)Cl,[ 0.58604777  0.76501083 -0.84080434 -0.39746383 -0.07550481]
Nc1nc2ccc(OC(F)(F)F)cc2s1,[-0.23747602 -1.         -1.         -0.18379885 -0.14100774]
COP(N)(=O)SC,[-0.6045274   0.83059466 -0.72684586 -0.7181158   0.41480204]
N=C(NN=Cc1ccc(Cl)cc1)NN=Cc1ccc(Cl)cc1,[ 0.16314277  0.5566984  -0.5136436  -0.92949295 -0.07492072]
O=C(O)COc1ccc(Cl)cc1CN1CCN(S(=O)(=O)Cc2ccccc2)CC1,[ 0.23104632  1.         -0.6108029  -0.42814478 -0.08838021]
CCOC(=O)Cl,[ 0.08375721 -0.36697316 -0.44143826 -0.46943104  0.06864708]
CCC(C)C(CC)C(N)=O,[ 0.04770861  0.56759644  0.40573448 -0.59053797  0.09120867]
CC(=O)N[C@H](Cc1ccc2ccccc2c1)C(=O)N[C@H](Cc1ccc(Cl)cc1)C(=O)N[C@H](Cc1cccnc1)C(=O)N[C@@H](CO)C(=O)N[C@@H](Cc1ccc(O)cc1)C(=O)N[C@H](CCCNC(N)=O)C(=O)N[C@@H](CC(C)C)C(=O)N[C@@H](CCCNC(=N)N)C(=O)N1CCC[C@H]1C(=O)N[C@H](C)C(N)=O,[-0.05437229  0.7599415  -0.7633108  -0.83520705 -0.21030194]
Oc1nc(-c2ccccc2)nc2ccccc12,[ 0.7455076   0.5204831  -0.7637774  -0.5757172   0.30732843]
NC(=[NH2+])NCCCCC1NC(=O)CCSSCC(C(N)=O)NC(=O)C2CCCN2C(=O)C(Cc2c[nH]c3ccccc23)NC(=O)C(CC(=O)[O-])NC(=O)CNC1=O,[ 0.76311284  0.86697567 -0.7557169  -0.40091962 -0.50244135]
CC[C@@H]1OC(=O)[C@@H](C)[C@H](O[C@@H]2C[C@](C)(OC)[C@H](O)[C@@H](C)O2)[C@H](C)[C@H](O[C@@H]2O[C@H](C)C[C@H](N(C)C)[C@H]2O)[C@@](C)(O)C[C@@H](C)/C(=N\OCOCCOC)[C@H](C)[C@@H](O)[C@@]1(C)O,[-0.06476668  0.6579336  -0.565214    0.70423114 -0.05556292]
COc1ccc(C[C@@H]2c3cc(OC)c(OC)cc3CC[N@+]2(C)CCC(=O)OCCCCCOC(=O)CC[N@@+]2(C)CCc3cc(OC)c(OC)cc3[C@H]2Cc2ccc(OC)c(OC)c2)cc1OC,[-0.4647787   0.68494844 -0.5858868  -0.03661336  0.1782677 ]
CCOc1ccccc1-c1ccc(-c2nc3ccncc3c(O)c2C#N)cc1,[ 0.11233236  0.8488692  -0.9424029  -0.6359911  -0.39818844]
O=C(/C=C/c1ccc(O)c2c1C(C(=O)O)C(c1ccc(O)c(O)c1)O2)OC(Cc1ccc(O)c(O)c1)C(=O)O,[ 0.02509522  0.92329276 -1.         -0.50796753  0.16110727]
C=CCNC(=S)Nc1ccccc1,[ 0.2665324  -1.         -0.72604966 -0.23874559 -0.00431628]
C1COCCOCCNCCOCCOCCN1,[ 0.3247116   0.949827   -0.5331559  -0.82464063  0.09711678]
O=C(O)CCCCCC(=O)O,[ 0.2762712  0.6949965 -0.6712485 -0.3488502 -0.5320493]
COP(=S)(OC)SC1CSC=CO1,[-0.56901205  0.8111407  -0.79702264 -0.61969435 -0.2658838 ]
OC[C@@H]1CC[C@H](n2cnc3c(O)ncnc32)O1,[ 0.4021196   0.8648605  -0.65673405  0.02619004 -0.01737228]
CCOc1nc(C(Cl)(Cl)Cl)ns1,[-0.29693556  0.9118801  -0.6107867  -0.5689831  -0.22043179]
CC(C)C1NC(=O)c2ccccc2O1,[ 0.27461457  0.87999547 -0.8213491  -0.9772691  -0.01078119]
Cn1c(C2=CCN(CCCN3c4ccccc4Sc4ccc(CC(=O)O)cc43)CC2)cc(=O)n(C)c1=O,[ 0.2112021   1.         -0.53562397 -0.55414015 -0.1302971 ]
CCCCCCCCCCCCNC(N)=S,[-0.34610468  0.9615814  -0.91461015 -0.1508808  -0.15909572]
O=C(c1ccccc1)c1cccc2c1CCC2C(=O)O,[-0.14957668  0.71031374 -0.4238933  -0.58765835 -0.09878377]
CCC1=C(C)CN(C(=O)NCCc2ccc(S(=O)(=O)[N-]C(=O)NC3CCC(C)CC3)cc2)C1=O,[-0.22613728  0.7178453  -0.40168846 -0.8167116  -0.21526566]
O=C([O-])c1cc(N=Nc2ccc(S(=O)(=O)Nc3ccccn3)cc2)ccc1O,[-0.1566784   0.7728686  -0.00798042 -0.7315404  -0.42217675]
CCCCC(CC)C(=O)OC1=C(c2c(C)cc(C)cc2C)C(=O)c2ccccc21,[ 0.38456485  0.87297726 -0.8488335  -0.73526037  0.03939021]
O=P([O-])([O-])C(Cl)(Cl)P(=O)([O-])O,[ 0.12509376  0.5870876  -0.6890535  -0.70394343  0.530932  ]
O=C(O)c1ccccc1-c1c2ccc(=O)cc-2oc2cc(O)ccc12,[ 0.05231025  0.8694176  -0.80683607 -0.6543921   0.61703837]
COP(=S)(OC)SCc1nnc(C(C)C)o1,[-0.4096845   0.70733035 -0.86000973 -0.6664947   0.8192051 ]
COc1cc(-c2cc(=O)c3c(O)cc(O)cc3o2)cc(O)c1OC,[-0.08038864  0.8972051  -0.8495183  -0.7871022  -0.31550223]
O=C(CN1CCOCC1)NN=Cc1ccc([N+](=O)[O-])o1,[ 0.2692858   0.7310818  -0.9436706  -0.9026758   0.23634486]
CSCCC(OC(C)=O)C(=O)O,[ 0.31666586  0.8198624  -0.7962791  -0.6581128   0.6259772 ]
CC=CC=CC=O,[ 0.32184738  0.6135278  -0.47899294 -0.27674362 -0.30184484]
Cc1c(CN2CCOC(c3ccccc3)C2C)c(=O)n(-c2ccccc2)n1C,[ 0.23125626  0.6669162  -0.8508906  -0.7286809  -0.29214883]
c1cc2c(c(N3CC[NH2+]CC3)c1)OCCO2,[ 0.48632595  0.6615153   0.5994762  -0.22488286 -0.20450523]
COP(=S)(OC)Oc1cc(Cl)c(Cl)cc1Cl,[ 0.1208753   0.8526368  -0.7313648  -0.597297    0.23834966]
O=C(Oc1ccccc1)c1ccccc1C(=O)Oc1ccccc1,[ 0.51978076  0.70002574 -1.         -0.5104178  -0.01538406]
N#CC(c1ccccc1)c1ccccc1,[ 0.58022505  0.5892688  -0.54147416 -0.3822486   0.04392788]
CCCCCC(=O)O,[ 0.16281702  0.78511083 -0.76111716 -1.         -0.096797  ]
C=CC(=O)OCC(=O)OCC,[-0.78766775  0.9089191  -0.663515   -0.74988014  0.02228757]
CNC(=O)ON=C(C)SCC(N)=O,[-0.07428941 -0.29291308  0.15178944 -0.75242275 -0.38983127]
COCCOCc1ccccc1,[-0.05680995  0.8497494  -0.89118797 -0.58243185 -0.09747835]
CC(C)(C)c1cc(CCC(=O)OCCSCCOC(=O)CCc2cc(C(C)(C)C)c(O)c(C(C)(C)C)c2)cc(C(C)(C)C)c1O,[ 0.258291    0.813529   -0.74302393 -0.9388581  -0.01644162]
Cc1cc(Nc2cncc(N[C@@H](C)c3ccc(F)cn3)n2)n[nH]1,[ 0.00748073 -0.53610307 -0.7051076  -0.46700656  0.09274545]
COc1ccc(NC(=O)CF)cc1,[ 0.63616246  0.92535794 -0.7206553  -0.5809142  -0.06514448]
CCCc1nnc(CSP(=S)(OCC)OCC)o1,[ 0.514243    0.8814899  -0.31651187 -0.36286244 -0.21760939]
COCCNCc1ccc(Nc2ncc3cc(-c4ccncc4)ccc3n2)cc1,[ 0.2910428   0.772856   -0.8417581  -0.8179148  -0.33531553]
CC(=O)O[C@H]1C[C@@H]2CC[C@@H]3[C@H](CC[C@@]4(C)[C@H]3C[C@H]([N+]3(C)CCCCC3)[C@@H]4OC(C)=O)[C@@]2(C)C[C@@H]1N1CCCCC1.[Br-],[-0.3271326   1.         -1.         -0.89832604 -0.18678664]
Cc1ncc(C[n+]2csc(CCO)c2C)c(N)n1,[-0.21702763  0.9478315  -1.         -0.5924952   0.25866035]
CCOC(C)COC(C)CO,[-0.5283775   0.85482407 -0.84055686 -0.32418892 -0.27555817]
CN(SSC(C)(C)C)C(=O)ON=C1SCCS1,[ 0.34474003  1.         -0.716014    0.13757488 -0.14825167]
O=C(NCc1ccc(OC(F)(F)F)cc1)C1c2ccccc2C(=O)N1CCc1ncc(F)cn1,[ 0.3940276   0.7774323  -0.79042983 -0.7022018   0.07261583]
COc1cc2ncc(C(N)=O)c(Nc3ccc(C)cc3F)c2cc1OC,[ 0.4347394   0.75690824 -0.6484268  -0.812796   -0.10974377]
Nc1cccc(N)c1,[-0.12071683  0.90199757 -0.6805476  -0.9307319   0.18737294]
CCOc1cc(OCC)c(C(=O)CCC(=O)O)cc1OCC,[ 0.2945986   0.94430083 -0.78552085 -0.78198403 -0.24884187]
C=CCN(C(=O)Cn1nc(C)ccc1=O)C(C)Cc1ccccc1,[ 0.49149486  0.6854098  -0.8292665  -0.84890753  0.29017103]
CCCCOP(=O)(OCCCC)Oc1ccccc1,[-0.10863333  0.9530946  -0.78524244 -0.926767   -0.45637923]
COP(=S)(OC)SCc1nnc(SC)s1,[ 0.07024704  0.7910991  -0.23805317 -0.7350637  -0.2441549 ]
COc1cc(C(=O)NC2CCCNC2)cc(OC)c1OC,[ 0.5555194   0.9587552  -0.74364215 -0.4877937  -0.3541711 ]
CNNC,[ 0.33013254  0.58746153 -0.88001263 -0.5764739  -0.53328234]
COP(=O)(OC)SC(CC(=O)OC(C)C)C(=O)OC(C)C,[ 0.44454128  0.89265996 -0.610602   -0.55834645  0.15474646]
CC(=O)OC(C(Cl)(Cl)Cl)P(=O)(Oc1ccccc1)Oc1ccccc1,[-0.13375513  0.64908344 -0.14983734 -0.7453623  -0.02144989]
CC(O)CO,[ 0.4518083   0.5403379  -0.3135925  -0.8661074  -0.33418515]
CC(C)(C)c1cc([N+](=O)[O-])cc([N+](=O)[O-])c1O,[ 0.08798678  0.5514549  -0.7758591  -0.70436376 -0.3829395 ]
NC(=O)c1cnc(N[C@@H]2CCCC[C@@H]2N)nc1Nc1cccc(-n2nccn2)c1,[ 0.0784575   0.9023433  -0.5625964  -0.96749014  0.09517437]
CS(=O)(=O)c1nc(-c2ccc(F)cc2)n(-c2ccc(Cl)cc2)n1,[ 0.10028661  0.81291157 -0.87129056 -0.8003989  -0.22120742]
CC(Cl)(Cl)[N+](=O)[O-],[-0.12716204 -0.39707544 -0.7789642  -0.69744456 -0.4257001 ]
Fc1ccc(Br)cc1,[ 0.03755587  0.7234702  -0.51569664 -0.160917    0.13703367]
N#CCc1ccccc1,[ 0.15657397  0.7197696  -0.6388976  -0.6667143  -0.3259121 ]
CC1=NN(c2ccccc2)C(=O)C1,[-0.49025047  0.91335684 -0.88396215 -0.8939134  -0.32427526]
CCCCC(CC)COCCC#N,[-0.02174236  0.7661407   0.02647793 -0.5251216  -0.05908147]
O=c1[nH]c(=O)c2ccccc2o1,[ 0.06212967  0.88737714 -0.8775651  -0.6824501  -0.15778832]
CCN(CC)N=Nc1ccccc1,[ 0.4207337   0.06117648 -0.7135822  -0.26101595 -0.18100953]
CCCCOC(=O)C1CC1OCCCC,[ 0.21940319  0.6618053  -0.62853575 -0.48770744  0.09273377]
CN=C=S,[ 0.40739414  1.         -0.71862435 -0.35777023  0.47067034]
Nc1ccc(S(=O)(=O)O)c2cccc(O)c12,[-0.3259779   0.80339617 -0.4085273  -0.9385373   0.5358963 ]
CC1CCCCC1NC(=O)Nc1ccccc1,[ 0.3211705  -0.19730058 -0.69858927 -0.7747284   0.03052304]
COP(=O)(OC)ON1C(=O)c2cccc3cccc(c23)C1=O,"[-3.8941810e-01  8.5350060e-01 -9.8787397e-01 -3.5259855e-01
  9.8482845e-04]"
CN(C)c1ccc(O)c2c1CC1CC3C([NH+](C)C)C([O-])=C(C(N)=O)C(=O)C3(O)C(O)=C1C2=O,[ 0.1096549   0.4464957  -0.98448014 -1.         -0.14917213]
CN(C)N(C)N=O,[-0.3010616   0.78796595 -0.48315358 -0.7793206  -0.39570948]
CNC(=O)Oc1ccc(CCC#N)cc1,[ 0.3380568   0.8486096  -0.5841613  -1.          0.09616216]
CC(C=O)=Cc1ccco1,[-0.04555852  1.         -0.99548995 -1.          0.8498651 ]
Clc1nc(Cl)nc(Cl)n1,[-0.25300276  0.06499001 -1.         -0.85417503  0.03911969]
CCC(=O)N(c1ccccc1)C1CC[NH+](CCc2ccccc2)CC1,[-0.16935833  0.67699647  0.4759905  -0.42792895 -0.44920745]
Nc1nc2[nH]cnc2c(=S)[nH]1,[-0.08929621  0.93608516 -0.98471    -0.788389    0.0071737 ]
CCOC(=O)C1OC1c1ccccc1,[ 0.43261686  1.         -0.88829714 -0.992567   -0.49781716]
CCC(C)(C)c1ccc(Cl)c(OC(=O)NC)c1,[ 0.47917575  0.7592179  -0.84737074  0.20866846 -0.16897346]
COc1cc(C2c3cc4c(cc3C(OC3OC5COC(C)OC5C(O)C3O)C3COC(=O)C23)OCO4)cc(OC)c1O,[-0.19787839 -0.2421966  -0.53490794 -0.37929875 -0.11553707]
CCN(CC)CCOCCO,[-0.10429645 -0.3963108  -0.76020193 -0.634426    0.35050514]
SCCc1cnccn1,[ 0.48161003  0.64787334 -0.92319465 -0.29815182  0.51785016]
Cc1ccc(CO)cc1N(C)c1ccnc(Nc2cc(N3CCCOCC3)cc(N3CCOCC3)c2)n1,[ 0.7115094   0.7620516  -0.8164154  -0.6296607   0.07938652]
Cc1cnc(-c2cc(NC(=O)c3ccc(C(F)(F)F)nc3C)ccc2Cl)[nH]1,[ 0.24628192 -0.28989518 -0.6679065  -0.90218455  0.27414027]
COP(=O)(OC)Oc1ccc([N+](=O)[O-])c(Cl)c1,[ 0.29845127  0.7054479  -0.89882094 -0.5496714  -0.5358411 ]
CCCCCCCCOC(C)=O,[-0.23485585  0.9503886  -0.77225465 -0.86680853 -0.37169957]
Nc1ccc(O)c([N+](=O)[O-])c1,[-0.2802069 -0.7149923 -0.8243423 -0.6004591 -0.3630729]
C=C(C)C(=O)OC=C(C)C,[ 0.3981174  -0.6086768  -0.77967745 -0.4926033  -0.376399  ]
CCON=C(CC)C1=C(O)CC(c2c(C)cc(C)cc2C)CC1=O,[ 0.09304552  0.88968843 -0.44573513 -0.5495373   0.699583  ]
CC(C)OP(=S)(OC(C)C)SCn1nc(Cl)ccc1=O,[-0.47163287  0.9249067  -0.37752032  0.3109937  -0.335576  ]
Cc1nn(C)c(Oc2ccccc2)c1C=NOCc1ccc(C(=O)OC(C)(C)C)cc1,[ 0.10232411  0.50655925 -0.42892325 -0.33131683  0.09088586]
O=C(CCCN1CCC(O)(c2cccc(C(F)(F)F)c2)CC1)c1ccc(F)cc1,[ 0.69898313  1.         -0.8243393  -0.44857952 -0.08047115]
c1ccc(C2CO2)cc1,[-0.2545752   0.8271305  -0.44218308  0.53393495  0.03457007]
Cc1cnc(C)cn1,[ 0.5203358  -0.37807545 -0.76506263 -0.27366164  0.04300243]
Oc1ccc(O)cc1,[ 0.05730566  0.81226736 -0.71599823 -0.1396811  -0.2067368 ]
CC(=O)c1ccc2c(c1)N1C(=O)OCC1CC2,[ 0.16697578  0.5844283  -0.88023865 -0.72658706  0.67285633]
CN(CCCl)CCCl,[ 0.38470605  0.66239095 -0.7483718  -0.82667446  0.09136575]
COc1cc(C=CC(N)=O)ccc1O,[ 0.28425017  0.7720989  -0.92983294 -1.         -0.19683674]
COc1c(Cl)ccc(Cl)c1C(=O)OCCN(CCOC(=O)c1c(Cl)ccc(Cl)c1OC)c1ccccc1,[ 0.291778    0.83762974 -0.3502603  -0.81197596  0.03220972]
C1CSCCO1,[ 0.36839598  0.3981651  -0.45326388 -0.3192557  -0.11436703]
Cc1cc(OC(=O)N(C)C)n(C(C)C)n1,[ 0.08681496  0.83028567 -0.3217173   0.3535989   0.31234258]
Cc1cc(Nc2nc(N[C@@H](C)c3ccc(F)cn3)c(C#N)cc2Cl)n[nH]1,[ 0.47546428  0.7037211  -0.55309474 -0.30884928 -0.3471932 ]
CCC(C(=O)O)C1(O)CCCCC1,[-0.36101127 -0.05254026 -0.56504124 -0.535534   -0.2118725 ]
N=C(Nc1c([N+](=O)[O-])cnc2ccccc12)N1CCOCC1,[-0.06934282  0.7536111  -0.916213   -0.51309127  0.25097448]
C=CCOC(=O)CCCCC,[-0.01040878  0.6141739   0.24450979  0.8334195   0.17740777]
COc1cc2c(cc1OC)C(CCc1ccc(Cl)cc1)N(C)CC2,[ 0.2911734   0.77124834 -0.02049143 -0.44753098  0.5447415 ]
CC1(C)C(C=C(Cl)Cl)C1C(=O)OCc1c(F)c(F)c(F)c(F)c1F,[ 0.30352098  0.7601472  -0.89202935 -1.         -0.30793053]
CC(C)C(O)(c1ccc(OC(F)(F)F)cc1)c1cncnc1,[ 0.17899983  0.4522501  -0.92473084 -0.46278536  0.03373883]
Cc1ccc(N=CN(C)SN(C)C=Nc2ccc(C)cc2C)c(C)c1,[ 0.09399184  0.6659312  -0.81380403 -0.3418747   0.3444054 ]
CC(C(=O)O[C@@H]1CC[N+](C)(C)C1)(c1ccccc1)C1CCCC1,[ 0.16689579  1.         -0.87693304 -0.7781797  -0.29368964]
CCc1ccc2[nH]c(C(F)(F)F)nc2c1,[ 0.06262343  0.43616313 -1.         -0.6781678   0.55576247]
CN(C)C(=O)Nc1cc(C(C)(C)C)on1,[-0.08597364  0.90804785 -1.         -0.7700175  -0.37212634]
COc1ccc([N+](=O)[O-])cc1N,[-0.22142671  0.7660062  -0.3200852  -0.27931017 -0.50177306]
c1ccc2sc(SNC3CCCCC3)nc2c1,[ 0.26430845  0.7986103  -0.7062834  -0.8184912  -0.29105693]
Fc1cc(-c2cccc3ncc(-c4cnn(C5CCNCC5)c4)nc23)cc(F)c1CN1CCOCC1,[ 0.4796166   0.45898953 -1.         -0.41870072  0.14418197]
CC(=O)Nc1ccc(CNc2[nH]nc3ccnc(Oc4ccccc4)c23)cc1,[ 0.4637369   0.29279247 -0.6721016  -1.         -0.10469496]
C=CCc1cc(OC)c2c(c1)OCO2,[ 0.08456708  0.98856074 -0.7415008  -0.9101186  -0.1115263 ]
C#CCc1ccc(COC(=O)C2C(C=C(C)C)C2(C)C)o1,[ 0.22168376  0.13563898 -0.61757654 -0.6555298   0.33592206]
CCCN(CCC)c1c([N+](=O)[O-])cc(S(N)(=O)=O)cc1[N+](=O)[O-],[ 0.4672351  -0.18933271 -0.7793563  -0.7925146   0.02094928]
Cc1c(OC2CCN(CC3CCN([C@@](C)(Cc4ccc(F)cc4)C(=O)O)CC3)CC2)ccc(Cl)c1Cl,[ 0.30412048  0.8257503  -1.         -0.2155146  -0.21515542]
C[C@@H]1CN(Cc2ccc(F)cc2)CCN1C(=O)COc1ccc(Cl)cc1NC(N)=O,[-0.04037345  0.6228669  -0.62694466 -1.          0.58884585]
C/C([O-])=C(\C#N)C(=O)Nc1ccc(C(F)(F)F)cc1,[ 0.59417874  0.44624746 -0.54880065 -0.77730095 -0.06694695]
CCC(c1ccccc1)c1c(O)c2ccccc2oc1=O,[ 0.09709355  0.8991586  -0.9675995  -0.8990772  -0.34397948]
COc1cc2ncc(C(N)=O)c(Nc3cccc(Cl)c3Cl)c2cc1N1CCN(C)CC1,[-0.11881414  0.5188387  -0.8073218  -0.921363   -0.41657826]
CCCCCCCC(=O)N[C@@H](CCN)C(=O)N[C@H](C(=O)N[C@@H](CCN)C(=O)N[C@H]1CCNC(=O)[C@H]([C@@H](C)O)NC(=O)[C@H](C)NC(=O)[C@H](CCN)NC(=O)[C@H](CC(C)C)NC(=O)[C@@H](Cc2ccccc2)NC(=O)[C@H](CCN)NC1=O)[C@@H](C)O,[ 0.65125567 -0.43697652 -0.9295659  -0.9111044  -0.24261808]
CCCCN1C(=O)c2cccc([N+](=O)[O-])c2C1=O,[ 0.2603643   0.5867647  -0.81946486 -0.7848223   0.5879222 ]
