CCOC(=O)C=Cc1ccc2c(c1)OCO2,[ 0.28561404  0.7872592  -0.81935513 -0.8384615  -0.32042125]
CCC(=O)N(c1ccccc1)C1CC[NH+](CCc2ccccc2)CC1,[-0.13044888  0.71334594  0.41655034 -0.4522958  -0.48856482]
NCCNCc1ccccc1O,[-0.38850623  0.8561734  -0.76765895 -0.25646117 -0.16485836]
COc1c(Cl)ccc(Cl)c1C(=O)OCCN(CCOC(=O)c1c(Cl)ccc(Cl)c1OC)c1ccccc1,[ 0.27717173  0.762816   -0.39790908 -0.8543344  -0.33923244]
C=CC(=O)OC1CC2CCC1C2,[-0.29679227 -0.46540135 -0.63989896 -0.5729498   0.23419777]
COP(=S)(OC)Oc1ccc(C#N)cc1C,[-0.2858271   0.9243991  -0.425902   -0.70683664 -0.18535794]
O=C(Cc1ccc(Cl)c(C(F)(F)F)c1)Nc1cccc2c(=O)n(CCO)ccc12,[ 0.50126505  0.40983027 -0.67220366 -0.76314044 -0.34907213]
CCOC(C)=Cc1oc2ccccc2[n+]1CCCS(=O)(=O)[O-],[ 0.18693964  0.95583194 -0.93373865 -0.5878897   0.85367113]
Clc1ccc(Cl)c(Cl)c1,[-0.42481688  0.94344753 -0.7577122  -0.9712185   0.17885652]
C[C@H](CO)Nc1nc(SCc2cccc(F)c2F)nc2[nH]c(=O)cnc12,[ 0.15434071  0.9193292  -0.6268546  -0.7928635  -0.13711303]
CNC(=O)c1cccc2c(Nc3ccc(NS(C)(=O)=O)cc3OC)c3cccc(C)c3nc12,[ 0.19887733  0.57195926 -0.3887889  -0.36378312  0.97914225]
C[C@@H](N/C(=N\c1ccncc1)NC#N)C(C)(C)C,"[-7.1403396e-04  8.4319550e-01 -8.6684734e-01 -1.0000000e+00
 -3.6416212e-01]"
OCCNCCOc1ccc(C(=C(c2ccccc2)C(F)(F)F)c2ccccc2)cc1,[ 0.07460035  0.7924615  -0.65220666 -0.5697005  -0.3732255 ]
C/C([O-])=C(\C#N)C(=O)Nc1ccc(C(F)(F)F)cc1,[ 0.4589975   0.45884326 -0.5196846  -0.87552536 -0.08292149]
CO[Si](CCCn1c(=O)n(CCC[Si](OC)(OC)OC)c(=O)n(CCC[Si](OC)(OC)OC)c1=O)(OC)OC,[-0.04761839  0.8063853  -0.92804813  0.09564592 -0.06829773]
CON=C(Cc1cccnc1)c1ccc(Cl)cc1Cl,[ 0.56400025  0.56591773 -0.97276354 -0.284058   -0.19210503]
CCCCCCCC[Si](OCC)(OCC)OCC,[ 0.1526122   0.0955321  -0.9614826  -0.53425     0.17888644]
CC#CCC(C)C(O)C=CC1C(O)CC2Oc3c(CCCC(=O)O)cccc3C21,[ 0.23617351  0.8517023  -1.         -0.39078584 -0.08969903]
Cc1nc(C(F)(F)F)ccc1C(=O)Nc1ccc(Cl)c(-c2ccccn2)c1,[ 0.2220363  -0.25651363 -0.73387676  0.04317762 -0.3391027 ]
O=C(O)COc1ccc(C(=O)CN2CCN(C3CCNCC3)CC2=O)cc1,[ 0.56980705  0.560687   -0.71609235 -0.36343265 -0.29139963]
O=[N+]([O-])c1cc(Cl)c2nc(C(F)(F)F)[nH]c2c1,[ 0.04161662  0.6672131  -0.752734   -0.8170739   0.0622248 ]
C[C@@H]1NC(=O)[C@H](C)N(C)C(=O)[C@@H](C)NC(=O)[C@H](C)N(C)C(=O)[C@@H](C)N(C)C(=O)[C@@H](C)NC1=O,[ 0.06918856  0.23499164 -0.8963478  -0.93759465 -0.41279733]
CN1c2ccccc2C(NCCCCCCC(=O)[O-])c2ccc(Cl)cc2S1(=O)=O,[-0.5165203   0.85500103 -0.10287651 -0.69600934 -0.16315551]
Nc1c(Cl)c(Cl)c2[nH]c(C(F)(F)F)nc2c1Cl,[-0.09266805  0.5221538  -0.34091723 -1.          0.02243468]
C1=CCC(C2OCC3(CC=CCC3)CO2)CC1,[-0.21276751  0.76498914 -0.7269985   0.2557369   0.244199  ]
N#Cc1cccc(C#N)c1,[-0.05145308  0.93320465  0.23417139 -0.7912562  -0.08788037]
C#CCN(C)c1ccccc1OC(=O)NC,[ 0.15010151  0.80360985 -0.98438156 -0.82189953 -0.30796587]
CCOC(C1=NCCCN1)c1c(Cl)cccc1Cl,[ 0.29290134  0.6312916  -0.16323511 -0.32899514 -0.37335557]
Cc1cnc(C(=O)c2ncnc3[nH]ccc23)c(NS(=O)(=O)c2ccc(Cl)c(C(F)(F)F)c2)c1,[-0.49659836  0.93697727 -0.8418863  -0.7941909  -0.21794127]
CCCCCC(O)C=CC1C(O)CC(O)C1CC=CCCCC(=O)O,[ 0.2418433  -0.52429366 -0.7300509  -0.8202152   0.84074557]
CCOc1cc2nnc(C(N)=O)c(Nc3ccc(F)cc3F)c2cc1N1CCN(C)CC1,[ 0.29740727  0.44445425 -0.9534147  -0.445656   -0.10387336]
O=C(NC(CCc1ccc2c(c1)OCO2)CCc1ccc2c(c1)OCO2)c1ccc(Cl)cc1,[ 0.58181524  0.7496641  -0.82575876  0.00204161  0.06739253]
CCCCOCCOC(C)=O,[ 0.32567286  0.896259   -0.7091434  -0.9019293  -0.25833896]
CCCN(CCC)c1c([N+](=O)[O-])cc(C(C)C)cc1[N+](=O)[O-],[-0.12477759  0.9125863  -0.9562696  -0.7917728  -0.17637686]
O=C(O)[C@@H](c1ccccc1)N1CCC(CN2CCC(Oc3ccc(Cl)c(Cl)c3)CC2)CC1,[ 0.8711356   0.9035913  -0.82884234 -0.49334756 -0.41083896]
CC=CC=CC=O,[ 0.37915516  0.4386821  -0.57218105 -0.32898456 -0.49219543]
O=c1c2nocc2c(-c2ccccc2)nn1-c1ccccc1,[-0.47583497  0.9675338  -0.71552086 -1.          0.17905815]
O=C(Oc1ccccc1)c1ccccc1C(=O)Oc1ccccc1,[ 0.68843     0.13781853 -0.84301627 -0.40778425 -0.07790849]
CCOC(=O)C(CCc1ccccc1)NC1CCc2ccccc2N(CC(=O)O)C1=O,[-0.2558011   0.6697268  -1.         -0.6768834  -0.53817177]
C=CCN(C(=O)Cn1nc(C)ccc1=O)C(C)Cc1ccccc1,[ 0.17164005  0.8820264  -0.836328   -0.7817464   0.2360857 ]
CC(=O)OCc1ccc(C(C)C)cc1,[-0.20543404  0.9347159  -0.7788596  -1.         -0.33720076]
CNC(=O)[C@@H]1Cc2cn(cn2)CC(=O)N2CCC[C@H]2C(=O)N[C@@H](C)C(=O)N1C,[ 0.25081322  0.49885488 -0.75638425 -0.7976381   0.18600674]
Cc1cc(Cl)ccc1OCC(=O)O,[ 0.14220712  0.8290636  -0.8164054  -0.78965354  0.05003428]
COc1cc2ncc(C(N)=O)c(Nc3ccc(F)cc3F)c2cc1NCCN1CCCCC1,[ 0.17364804  1.         -0.72961247 -0.64578295  0.42109305]
CCOP(=O)(OCC)OC(=C(Cl)Br)c1ccc(Cl)cc1Cl,[-0.29049134  0.41311973 -0.73160315 -0.52645165 -0.2526174 ]
Cc1cc(-n2c(C)nc3ccccc3c2=O)n(-c2ccccc2)n1,[ 0.713026    0.8891285  -0.15257205 -0.7737045  -0.28233147]
Cc1ccc(OP(=O)(Oc2ccccc2)Oc2ccccc2)cc1,[ 0.08022974  0.6357734  -0.8708315   0.16728425  0.04635913]
COc1cc(OC)c(S(=O)(=O)N2c3ccccc3CCC2C)cc1NC(=O)COCC(=O)O,[ 0.3162891   0.79613745 -0.6117835  -0.5323436  -0.12663716]
CC(=Cc1ccccc1)CC(=O)N1CCOCC1,[-0.27912182 -0.44394356 -0.69512904 -0.32480994 -0.06189835]
CC(=O)N(C)c1ccc(Nc2ncc3cc(-c4ccncc4)ccc3n2)cc1,[-0.19793451  0.8376378  -0.8766541  -0.65275353 -0.38572332]
CC(C)CON=O,[ 0.59571606  0.71768945 -0.5824489  -0.81955284 -0.10406864]
CCCCOc1ccccc1NC(C)=O,[-0.4810363  -0.35044622 -0.03881053 -0.61959314  0.22986175]
Oc1cc(Cl)c(Cl)c(Cl)c1Cl,[-0.14079218  0.4004475  -0.8126949  -0.32449213 -0.08805011]
CSCCNc1nc(SCCC(F)(F)F)nc2c1ncn2C1OC(COP(=O)([O-])OP(=O)([O-])C(Cl)(Cl)P(=O)([O-])[O-])C(O)C1O,[-0.6828126   0.45284906  0.19342814 -0.68185085 -0.43236274]
Cc1ccc(N=CN(C)SN(C)C=Nc2ccc(C)cc2C)c(C)c1,[ 0.04720131  0.8179308   0.04246958 -0.52900887  0.06979703]
O=C(O)c1cccc(Cl)n1,[ 0.07612129  0.9013725  -0.50468427 -0.4141603   0.26069728]
O=C(CCl)OC1=C(OC(=O)CCl)C(=O)OC1=O,[-0.01837176  0.7483826  -0.4651137  -0.9550543  -0.09689058]
CCCCn1c(=O)n(CCC)c(=O)c2[nH]c(C)nc21,[ 0.21443377 -0.0258857  -0.8870152  -0.252084   -0.02978508]
CC(C)(C)c1ccc(C(=O)O)cc1,[ 0.53996116  0.57320553 -0.8256867   0.33189327 -0.19987406]
O=C(Oc1ccccc1)n1c(C(F)(F)F)nc2cc(Cl)c(Cl)cc21,[ 0.3132925   0.36760318 -0.67677367 -0.5758944  -0.32803687]
COCCOC(=O)CC#N,[ 0.2289623   1.         -0.9123204  -0.7794248  -0.04805424]
N=C(N)N[N+](=O)[O-],[-0.0054225   0.9463962  -0.61448056 -0.47235218 -0.5376841 ]
Cc1ccc2nc(C[N+]34CCC(CC3)[C@@H](OC(=O)[C@](C)(c3ccccc3)N3CCCCC3)C4)oc2c1,[ 0.55171824  0.86651146 -0.8500265  -0.39925304 -0.6831438 ]
CCNC(=S)NCC,[ 0.6398258   0.9813772  -0.74714166 -0.07067636 -0.62276626]
C=CC[N+]1([C@H]2C[C@H]3[C@@H]4CC[C@H]5C[C@H](O)[C@@H](N6CCOCC6)C[C@]5(C)[C@H]4CC[C@]3(C)[C@H]2OC(C)=O)CCCC1,[-0.24563944  0.8013028  -0.6759881  -0.9796921   0.7835048 ]
C=CCN1CCC23CCCCC2C1Cc1ccc(O)cc13,[-0.08887661  0.63876927 -0.09833966 -0.58837646 -0.25149775]
O=C(C(F)(F)Cl)C(F)(F)Cl,[-0.21765035  0.9509922  -0.9690694  -0.27417892 -0.18147296]
COP(N)(=O)SC,[-0.33407676  0.42611215 -0.52780384 -0.6871639   0.14276166]
COCc1c(C(C)C)nc(C(C)C)c(/C=C/[C@@H](O)C[C@@H](O)CC(=O)O)c1-c1ccc(F)cc1,[ 0.3596469   0.89226377 -1.         -0.7414998   0.04874576]
CS(=O)(=O)c1nc(-c2ccc(F)cc2)n(-c2ccc(Cl)cc2)n1,[ 0.14451997  0.85078424 -0.77035815 -0.905341   -0.23217557]
ClC(Cl)(Cl)c1ccc(C(Cl)(Cl)Cl)cc1,[ 0.04465078  0.82738364 -0.9330645  -0.4522534   0.3465835 ]
O=C1c2ccccc2N(C(=O)CN2CCOCC2)CN1c1ccccc1,[ 0.38362834  0.87490743 -0.96213484 -0.3898967  -0.23455626]
c1ccc(COCc2ccccc2)cc1,[ 0.11507729  0.86417377 -0.95594496 -0.34519726 -0.26106885]
Nc1ccc(F)c(F)c1F,[ 0.32988125  0.6712948  -0.14772432 -0.7396153   0.8260163 ]
CC(C)NCC(O)COc1ccc(COCCOC(C)C)cc1,[-0.2477427   0.79922825 -0.60629797 -0.51179975 -0.34440598]
CC(=O)OC(C(=O)NC(N)=O)c1ccccc1,[ 0.2613326   0.934074   -0.38624105 -0.31749192  0.0691487 ]
O=C(CN1CCNCC1)NN=Cc1ccc([N+](=O)[O-])o1,[-0.14771861  0.6542344  -1.         -0.8884798   0.15243366]
C=CCc1ccc(OC(C)=O)c(OC)c1,[ 0.4240313   0.9101138  -0.8618602  -1.          0.17726336]
COP(=S)(OC)Oc1cc(Cl)c(Cl)cc1Cl,[ 0.2675336   0.9323794  -0.63226235 -0.6488215   0.04495871]
OC1(c2ccc(Cl)c(C(F)(F)F)c2)CCN(CCCC(c2ccc(F)cc2)c2ccc(F)cc2)CC1,[-0.11343366  0.7572149  -0.87175506 -0.8284262   0.07931134]
CCCCOC(=O)C1CC1OCCCC,[ 0.3404767   0.5257673  -0.7774382  -0.63136375  0.15364482]
C[C@@H](NC1=CC(=O)CC1)c1ccc(Nc2ncc3cc(-c4ccncc4)ccc3n2)cc1,[ 0.12675521  0.8992514  -0.5793463  -0.48169217  0.01113259]
COc1ccc(C[C@@H]2c3cc(OC)c(OC)cc3CC[N@+]2(C)CCC(=O)OCCCCCOC(=O)CC[N@@+]2(C)CCc3cc(OC)c(OC)cc3[C@H]2Cc2ccc(OC)c(OC)c2)cc1OC,[-0.05303404  0.5288451  -0.6258467  -0.6384151   0.00294957]
CCS(=O)(=O)c1ccc(-c2cc(Cl)ccc2OCC(=O)O)cc1,[-0.6431382   0.68552816 -0.0395788  -0.64948356 -0.38877285]
SCc1ccccc1,[ 0.30319726  0.58092946 -0.9188032  -1.          0.3422538 ]
COc1cc2c3cc1Oc1cc(ccc1O)CC1c4c(cc(OC)c(O)c4Oc4ccc(cc4)CC3[NH+](C)CC2)CC[N+]1(C)C,[ 0.23265103  0.8424808  -0.7119263  -0.51831084 -0.15210554]
CN(C)CCOc1cc(NS(=O)(=O)c2c(Cl)cc(C(F)(F)F)cc2Cl)ccc1Cl,[-0.32681522  0.7884417  -0.43844074 -0.56432694 -0.26019436]
O=C(c1csc2c1CCCC2)N1CCCCC1,[ 0.46052906  1.         -0.28321156 -0.6296716  -0.09680603]
CC1(C)C(C=C(Cl)Cl)C1C(=O)OCc1c(F)c(F)c(F)c(F)c1F,[ 0.39117864  0.8239134  -0.9965303  -0.98793834  0.04985521]
COc1cc(C(=O)NC2CCCNC2)cc(OC)c1OC,[ 0.12621489  0.9100334  -0.3502691  -0.538801    0.56779724]
CC(C)[C@H](C(=O)Nc1nccs1)c1ccc(Cl)cc1,[ 0.47673407  0.33847883 -0.7344464   0.18798155  0.22457069]
CCC(C)OC(CBr)c1ccc(Cl)cc1,[-0.73865706  0.72050756 -0.8545483  -0.66500443 -0.25442025]
O=c1[nH]c2ccccc2n1CCC[NH+]1CCC(n2c(=O)[nH]c3cc(Cl)ccc32)CC1,[-0.05490627  0.07373053  0.21951638 -0.80974287 -0.15894619]
O=c1cc(-c2ccc(O)cc2)oc2cc(O)cc(O)c12,[-0.2761294  -0.29098845 -0.4762353  -0.31223655  0.7842236 ]
Cc1cc(Nc2nc(N[C@@H](C)c3ccc(F)cn3)c(C#N)nc2C)n[nH]1,"[-5.4600311e-04  3.2555953e-01 -6.8428665e-01 -3.7545064e-01
  1.8965013e-02]"
CCCCSN(C)C(=O)Oc1cccc2c1OC(C)(C)C2,[ 0.15018463  0.7566871  -0.34650612 -0.77663815 -0.26100862]
Cc1cc(OC(=O)N(C)C)n(-c2ccccc2)n1,[-0.44161397  0.78029966 -0.77506405 -0.60312575 -0.27898178]
CC1(C)C2CC=C(CCO)C1C2,[ 0.71265996  0.5243499  -0.855546   -0.48583803  0.2887118 ]
CC(CN1CCOCC1)C(C(=O)N1CCCC1)(c1ccccc1)c1ccccc1,[ 0.16706724  0.6391773  -0.9809234  -0.70880514  0.20137477]
CC(C)OP(=S)(OC(C)C)SCn1nc(Cl)ccc1=O,[-0.5762747   0.91917145 -0.24704555  0.34008995 -0.15733114]
N#CCCCCC#N,[-0.1248489   0.7834133  -0.7402496  -0.8401351  -0.27118793]
SCCc1cnccn1,[-0.32475498  0.94860214 -0.91331226 -0.59501153  0.6107831 ]
FC1(F)CC(C2CC3(Cl)C(Cl)=C(Cl)C2(Cl)C3(Cl)Cl)C1(F)F,[ 0.44022936  0.6908337  -0.7535191  -0.9310692   0.55269223]
COP(=S)(OC)Oc1cnc2ccccc2n1,[ 0.63396484  0.75563204 -0.8145859  -0.9599485   0.28926858]
O=C(CSc1nc2c(c(=O)n1-c1ccccc1)SCC2)Nc1ncc(-c2ccccc2)s1,[ 0.2672631   0.8778342  -0.8387451  -0.5633832  -0.20534036]
CCN1CN(CO)C(=O)N(CO)C1,[ 0.5988604   0.36200318 -0.7037215  -0.8786821  -0.44891167]
O=C(Cl)C=CC(=O)Cl,[ 0.52820194  0.66774446 -0.8922106  -0.08195845 -0.05798726]
C=CCN1CCCC1CNC(=O)c1cc2nn[nH]c2cc1OC,[ 0.3231384  -0.16568784 -0.68684024 -0.37558022  0.6415157 ]
CCCN(CCC)c1c([N+](=O)[O-])cc(S(N)(=O)=O)cc1[N+](=O)[O-],[ 0.4874898  -0.05718349 -0.60315835 -0.597762   -0.42433482]
Clc1ccc(OCOc2ccc(Cl)cc2)cc1,[ 0.6480805   0.98115975 -0.6355627  -0.3559789   0.26711974]
C(Oc1nc(OCC2CO2)nc(OCC2CO2)n1)C1CO1,[ 0.44744155  1.         -0.39068857 -0.5243349  -1.        ]
COc1ccc2c(O[C@@H]3C[C@H]4C(=O)N[C@]5(C(=O)NS(=O)(=O)C6CC6)C[C@H]5/C=C\CCCCN(C)C(=O)[C@@H]4C3)nc(-c3ccc(F)cc3)nc2c1C,[ 0.31875277  0.66004664 -0.8425578  -0.87607294  0.14024813]
C=CCC1/C=C(\C)CC(C)CC(OC)C2OC(O)(C(=O)C(=O)N3CCCCC3C(=O)OC(/C(C)=C/C3CCC(O)C(OC)C3)C(C)C(O)CC1=O)C(C)CC2OC,[ 0.50038725  0.4825256  -0.54869026 -0.9360073  -0.5431598 ]
COc1cc(OC)c(S(=O)(=O)N(c2ccccc2)C(C)C)cc1NC(C)=O,[ 0.02449675  0.20327488  0.5825694  -0.28868073  0.40138692]
O=C(CCC(=O)OC1CCCCC1)OC1CCCCC1,[ 0.3045057   1.         -0.5042216  -0.08280383  0.03934873]
CC(C)(C)c1cc(CCC(=O)OCCSCCOC(=O)CCc2cc(C(C)(C)C)c(O)c(C(C)(C)C)c2)cc(C(C)(C)C)c1O,[ 0.43619347  0.8239154  -0.8414155  -0.8392201   0.13999447]
C[C@@H]1O[C@@H](O[C@H]2[C@@H](O)C[C@H](O[C@H]3C[C@](O)(C(=O)CO)Cc4c(O)c5c(c(O)c43)C(=O)c3ccccc3C5=O)O[C@H]2C)C[C@H](N)[C@@H]1O,[-0.10257471  0.70608044  0.21572448 -0.15501176 -0.11787943]
O=C(OCC1CO1)c1ccccc1C(=O)OCC1CO1,[ 0.43293226 -0.21244462 -0.74691546 -0.39167202  0.060414  ]
CCCCC(CC)CNCC(C)(N)CN(C)CC(CC)CCCC,[ 0.08220639  0.03705439 -0.5951006   0.68866783 -0.07741357]
C=CCSP(=O)(NC(=O)CC)OC,[-0.23481566  0.42751813 -0.45165387 -0.54833096 -0.28296825]
Nc1ccc(F)c([N+](=O)[O-])c1,[ 0.3231596   0.7887649  -0.8030119  -0.38995025 -0.29005674]
COc1cc2c(c3oc(=O)c4c(c13)CCC4=O)C1C=COC1O2,[ 0.14767216  0.8542125  -0.68679595 -0.9346412  -0.1523071 ]
CCC[C@H](NC(=O)[C@@H]1[C@H]2CCC[C@H]2CN1C(=O)[C@@H](NC(=O)[C@@H](NC(=O)c1cnccn1)C1CCCCC1)C(C)(C)C)C(=O)C(=O)NC1CC1,[ 0.635348    0.5301989  -0.75993216 -0.79574966 -0.33216232]
CCOc1ccccc1OC(c1ccccc1)C1C[NH2+]CCO1,[ 0.1639699   0.89622766 -0.70394266 -0.90572464 -0.47759214]
C1CSCCO1,[ 0.04911458  0.415653   -0.30047715 -0.683778    0.05960457]
CCN(CC)CCO,[ 0.3251171   0.8646968  -0.8001894  -0.7858213   0.13117622]
CCCCCCCCCCOC(=O)Cc1ccc(N(CCCl)CCCl)cc1,[ 0.07952765 -0.574577   -0.6683094  -0.05050441  0.37570694]
c1cc(-c2ccc3nc(Nc4ccc(OCCN5CCCC5)cc4)ncc3c2)ccn1,[-0.4839873  -0.11683057 -0.58016896 -0.6158148  -0.15710643]
Oc1c(O)c(-c2c(Cl)c(Cl)c(Cl)c(Cl)c2Cl)c(Cl)c(Cl)c1Cl,[ 0.48788342  0.8485674   0.9469588  -0.21127772 -0.29192334]
COC(=O)C(C(C)=O)C(C)=O,[ 0.02776887  0.6267736  -0.9458371  -0.9557985  -0.08710874]
Clc1ccc(C(OCCN2CCCCC2)c2ccccc2)cc1,[-0.52863324  1.         -0.82974064 -0.77520233  0.11208361]
C1=CC2C=CC1C2,[ 0.1241954   0.8910068  -1.         -0.67221993  0.11438736]
C=CCc1cc(OC)c(OC(C)Cc2cc(OC)c(OC)c(OC)c2)c(OC)c1,[-0.55906445  0.7672659  -0.57465    -0.46732196 -0.07594675]
CN(C)C(=O)Cl,[ 0.35666096  0.30559614 -0.61402136 -0.51696974 -0.25692254]
CNC(=O)c1[nH]cnc1C(=O)Nc1ccc(Cl)cc1,[ 0.08766252  0.7799988  -0.6318852  -0.67374307 -0.4567104 ]
O=Cc1ccc(O)cc1,[ 0.15617877  0.7670677  -0.56453454 -1.          0.7286606 ]
c1ccc([C@H]([C@@H](c2ccccc2)N2CCCCC2)N2CCCCC2)cc1,[-0.9598778   0.7249144  -0.36867455 -0.5204354   0.27489161]
CCN1C(=O)C=CC1=O,[-0.10119413  0.63127404 -0.74309665 -0.7605251   0.09764708]
O=C(O)c1ccccc1C(=O)Nc1cccc2ccccc12,[-0.32086846  0.6585719  -0.6970979  -0.8828508  -0.19183706]
Cc1cccc([N+](=O)[O-])c1[N+](=O)[O-],[-0.18854775  0.8394226  -0.75878984 -0.38039118  0.28926632]
CNc1c(Br)cnc2[nH]c(-c3ccc(S(C)(=O)=O)cc3)nc12,[ 0.11110476  0.63492376 -0.5382093   0.48447338 -0.25275928]
CC(=O)OCCOCCOCCOC(C)=O,[ 0.54538584  0.76585704 -0.04691934 -0.6806234  -0.21011794]
NC(=O)CF,[-0.6380003   0.83907044 -0.43447965 -0.38755715 -0.1988058 ]
COc1ccc2c3c1OC1C(O)C=CC4C(C2)[N+](C)([O-])CCC341,[ 0.24152467  1.         -0.98841393 -0.64816624 -0.23556618]
O=C(CCCN1CCC(O)(c2cccc(C(F)(F)F)c2)CC1)c1ccc(F)cc1,[ 0.2172351   0.5933187  -0.80520934 -0.57129276 -0.11253008]
Cn1cncc1CN(CCN(Cc1ccccc1)S(=O)(=O)c1ccccn1)c1ccc(C#N)cc1,[ 0.4280037   0.44368243 -0.78459734 -0.55821836  0.165409  ]
NCCCCN,[-0.041513    0.71939105 -0.26937813 -0.5751367  -0.6285814 ]
Cc1nc(N)nc(N)c1-c1ccc(Br)cc1,[ 0.41693088  0.49803895 -0.8885967  -0.2472704  -0.3116106 ]
C1COCCOCCNCCOCCOCCN1,[ 0.24448098  0.47084293 -1.         -0.8601811   0.00546662]
CCOC(=O)Nc1ccc(NCc2ccc(F)cc2)cc1N,[-0.43872172  0.77592313 -0.8428969  -0.75296116 -0.0095223 ]
CC[C@H]1NC(=O)[C@@H](NC(=O)c2ncccc2O)[C@@H](C)OC(=O)[C@H](c2ccccc2)NC(=O)[C@@H]2CC(=O)[C@H](CS[C@@H]3CN4CCC3CC4)CN2C(=O)[C@H](Cc2ccc(N(C)C)cc2)N(C)C(=O)[C@@H]2CCCN2C1=O,[-0.16832383 -0.85845166 -0.7523133  -0.3864541   0.02016298]
Cc1onc2c(=O)n(C)nc(-c3ccccc3)c12,[ 0.4736358   0.8739659  -0.81793904 -0.6792288  -0.29959738]
O=C(NCC12CC3CC(CC(C3)C1)C2)c1cc(-n2ncc(=O)[nH]c2=O)ccc1Cl,[ 0.33131823  0.7504319  -0.5439846  -0.6310287  -0.13921887]
O=[N+]([O-])c1c(Cl)c(Cl)c(Cl)c2nc(C(F)(F)F)[nH]c12,[-0.2971178   0.14902037 -0.34196687 -0.44561943  0.7299917 ]
COP(=S)(OC)SC1CSC=CO1,[-0.5977915   0.91840076 -0.85931396 -1.          0.03156938]
CCNc1nc(NC(C)C(C)C)nc(SC)n1,[ 0.46096724  0.8678517  -0.8085024  -0.55498683 -0.53621167]
CNC(=O)ON=C(C)SCC(=O)N(C)C,[ 0.16025893  0.2934122  -0.6786418   0.8653366   0.27265057]
S=C=NCCN=C=S,[-0.5076447   0.66078556 -0.8577268  -0.70120835 -0.08224543]
S=c1[nH]cnc2nc[nH]c12,[-0.34156272  0.850552   -0.90091264 -1.         -0.04989687]
CN1CN(CCO)CSC1=S,[ 0.3077337   1.         -0.87984204 -0.8022889   0.22868608]
O=C(/C=C/c1ccc(O)c2c1C(C(=O)O)C(c1ccc(O)c(O)c1)O2)OC(Cc1ccc(O)c(O)c1)C(=O)O,[-0.33802095  0.61755663 -0.5307828  -0.351908    0.34911856]
CCCCOC(=O)c1ccc(-n2nc(OCCN3CCCCC3)c3ccccc32)cc1,[-0.2565223   0.89419216 -0.94011915 -0.77326035  0.40108857]
Cc1c(OCC(F)(F)F)ccnc1C[S+]([O-])c1nc2ccccc2[nH]1,[-0.02032232  0.8057248  -0.9264008  -0.55132586  0.08167911]
CCOP(=S)(OCC)SCC(=O)N(CCC#N)c1ccccc1,[ 0.33673415  0.94377935 -0.79167783 -0.7470681   0.3759194 ]
O=C1C(Cl)C(CCl)CN1c1cccc(C(F)(F)F)c1,[ 0.07942634  0.9613434  -0.6476664   0.10658734 -0.36746028]
C=CC(=O)OCC(CC)CCCC,[-0.13106026  0.8605379  -0.7270514  -0.8090388   0.41167337]
FC(F)(F)c1nc2cc(Br)c(Cl)cc2[nH]1,[ 0.28850433  0.96115595 -0.8498273  -0.9558439   0.2944883 ]
CCn1cc(C(=O)O)c(=O)c2cc(F)c(N3CCN(C)CC3)cc21,[-0.03392309  0.88775945 -0.6098434  -0.41408688  0.14825217]
CN[C@@H](C)[C@@H](O)c1ccccc1,[-0.17408252  0.13683209 -1.         -1.          0.7960164 ]
CC(C)(C#N)C(C)(C)C#N,[ 0.28738305  0.88734025 -0.8908221  -0.751536   -0.37717783]
CC(C)(O)c1ccccc1,[ 0.37979066  1.         -0.80505836 -0.08128574 -0.26176262]
CCCC1CC(C(=O)NC(C(C)Cl)C2OC(SC)C(O)C(O)C2O)[NH+](C)C1,[ 0.6972726   0.6245033  -0.8594072  -0.6177755   0.01671113]
CSC(C)=NOC(=O)N(C)SN(C)C(=O)Oc1ccc(OC(=O)N(C)SN(C)C(=O)ON=C(C)SC)cc1,[ 0.23182276  0.99308485 -1.         -0.9307862  -0.39439404]
Cc1ccccc1COC1CC2(C(C)C)CCC1(C)O2,[ 0.03509848  0.32194838 -1.         -0.7360023  -0.03743405]
C=CCOc1ccccc1OCC(CNC(C)C)OC(=O)C1CC1,[-0.02035484  0.34491724 -0.84096026 -0.8076322  -0.06146794]
CN(CCCOCCOCCc1ccccc1)CCc1ccc(O)c2nc(O)sc12,[-0.7540875   0.59402215 -0.07859653 -0.81002337  0.03994395]
C=C(C)C(=O)OCCOC(=O)C(=C)C,[ 0.08582453  0.22214185  0.02954069 -0.28600422  0.3355313 ]
CN(C)C1CC(c2ccccc2)c2ccccc21,[ 0.30595496  0.7201809  -1.         -0.28088048 -0.20237349]
CO/N=C(\C(=O)N[C@@H]1C(=O)N2C(C(=O)O)=CCS[C@H]12)c1csc(N)n1,[ 0.2665676  -0.11082889 -0.51243794 -0.9684794  -0.0669197 ]
C=CC(=O)N1CN(C(=O)C=C)CN(C(=O)C=C)C1,[ 0.50457346  0.6578328  -0.8693572  -0.6960584  -0.51847935]
CC(C)(O)c1ccc(Nc2nc3ccc(C#N)cc3[nH]2)cc1,[ 0.32868266 -0.7254153  -0.83056706 -0.26639923  0.26092634]
CCC1OC(=O)C(C)C(=O)C(C)C(OC2OC(C)CC([NH+](C)C)C2O)C(C)(OC)CC(C)C(=O)C(C)C2N(CCCCn3cnc(-c4cccnc4)c3)C(=O)OC12C,[-0.8165775   0.99203783 -0.23327075 -0.9422728   0.21474588]
CCN[C@@H]1C[C@H](N)[C@@H](O[C@H]2OC(CN)=CC[C@H]2N)[C@H](O)[C@H]1O[C@H]1OC[C@](C)(O)[C@H](NC)[C@H]1O,[ 0.31748903  0.6133013  -0.5848721  -1.          0.04850893]
CC(C)CCOC(CO)CC(C)C,[ 0.39219594  0.9564787  -0.79669833 -0.74096197 -0.18805772]
CC(C)Oc1ccc2c(=O)c(-c3ccccc3)coc2c1,[-0.36553657  0.8858659  -0.93570215 -0.75672084 -0.29172337]
Nc1nc(O)c(Cl)c(-c2ccccc2)n1,[-0.64971435  0.6810268  -0.943291   -1.          0.29358602]
CC1=C2C[C@H]3[C@@H](CC=C4C[C@@H](O)CC[C@@]43C)[C@@H]2CC[C@]12O[C@@H]1C[C@H](C)CN[C@H]1[C@H]2C,[-0.54493266  0.77525413 -0.20650691 -0.6740969  -0.15978263]
CNC(=O)Oc1cccc2c1OC(C)(C)O2,[ 0.11954335  0.71894723 -0.7685999  -0.7906127  -0.5566288 ]
C(=NC1CCCCC1)=NC1CCCCC1,[ 0.39289042  0.9253862  -1.         -0.7487107  -0.12854452]
O=C(O)C1N=C(c2ccccc2)c2cc(Cl)ccc2NC1=O,[-0.10792705  0.61298704 -1.         -0.6260321   0.31018692]
COP(=S)(OC)SCc1nc(N)nc(N)n1,[ 0.19231154  0.9228482  -1.         -0.5786263  -0.43107727]
O=C1OCC2C1C1(Cl)C(Cl)=C(Cl)C2(Cl)C1(Cl)Cl,[ 0.18502603  0.3220197  -0.8100849  -0.5983045   0.31338817]
S=C1NCCC(COc2ccccc2)O1,[-0.08270513  0.72783273 -0.8550107  -0.69703674  0.56777436]
O=S(=O)(O)c1ccc2cc(Nc3cccc4c(O)c(S(=O)(=O)O)ccc34)ccc2c1O,[ 0.25581834 -0.8622635  -0.66236657 -0.36029235 -0.089351  ]
O=C(NCCNCC(O)COc1ccc(O)cc1)N1CCOCC1,[ 0.46053168  0.25176793 -0.92348486 -0.76202846 -0.4059099 ]
CN=C=S,[ 0.6017125   0.4527807  -0.6891304  -0.35128838  0.01023063]
O=C(Nc1ccc(Cl)c(C(=O)Nc2cccnc2)c1)c1cccc(C(F)(F)F)c1,[ 0.74282557  0.8675378  -0.8337102  -0.33444613 -0.47306916]
CCCOP(=O)(OC=C(Cl)Cl)OCCCl,[ 0.05391008  0.86515975 -0.8626092  -0.7699725  -0.48890504]
Nc1c(CC(=O)[O-])cccc1C(=O)c1ccc(Br)cc1,[ 0.19502047  0.7270164  -0.7821857  -0.62183094 -0.6155144 ]
CNC(=O)Oc1cc(C)c(N(C)C)cc1C(C)C,[ 0.5725761   0.8984307  -1.         -0.39356038 -0.40851498]
COC1CCC=CO1,[-0.17986095  1.         -0.72994673 -0.4690298   0.15318358]
Cc1c(OCC(F)(F)F)ccnc1CS(=O)c1nc2ccccc2[nH]1,[ 0.10482519  0.99736744 -0.71119434 -0.81222904 -0.31450427]
CCON=C(CC)C1=C(O)CC(c2c(C)cc(C)cc2C)CC1=O,[-0.10744946  0.33001885 -0.66815275 -0.72088516 -0.06963969]
Cc1ccc(-c2ccccc2)cc1,[ 0.04785307  0.5464859  -0.82461756 -0.8216096  -0.08640242]
CCNC(=O)ON=C1SCOC1C,[ 0.26009658  0.7847293  -0.1618134  -0.59675306 -0.42836106]
CC(C)NCC(O)COc1cccc2ccccc12,[ 0.26208475  0.74431866 -0.79494566 -0.90195364 -0.6318834 ]
CCC(=O)OC1CCC2C3CCC4=CC(=O)CCC4(C)C3CCC12C,[ 0.11446948  0.47109014 -1.         -0.7811225   0.9689534 ]
C=C(OP(=O)(OC)OC)c1ccc(Cl)cc1Cl,[ 0.13341612  0.7524212  -1.         -0.73911893  0.468334  ]
C[Si](C)(C)CCCC(=O)O,[-0.30228266  1.         -0.5265775  -0.59112483 -0.20857903]
COC(=O)c1c(Cl)cccc1-c1cnc([C@@H](C)NC(=O)C2(NC(=O)C(F)(F)F)CC2)c(F)c1,[ 0.3301992   0.52434754 -0.9319397  -0.76637584  0.0835074 ]
CC=C(C(=O)NC(N)=O)C(C)C,[ 0.4533976   0.7934577  -0.7178298  -0.7063561   0.05848387]
COc1cc2c(cc1OC)C(CCc1ccc(Cl)cc1)N(C)CC2,[ 0.23603089  0.7041161   0.569777   -0.40732923  0.32283738]
Nc1nc(O)c2ncn(COCCO)c2n1,[ 0.3610505   0.8073607  -0.4603857  -0.8431726  -0.22251837]
C[C@H](CO)Nc1nc(SCc2ccccc2F)nc2[nH]c(=O)sc12,[-0.27152818  0.8738873  -0.41761124 -0.85089356  0.2388991 ]
Nc1nc2c(Cc3cccnc3)c[nH]c2c(=O)[nH]1,[-0.07364525  0.83308864 -0.29849854 -0.87240386  0.13160223]
C1=CC2C3C=CC(C3)C2C1,[ 0.13679668  0.9186974  -1.         -0.8327028  -0.36988312]
O=C(O)Cc1ccccc1N1CCC(CN2CCC(Oc3ccc(Cl)c(Cl)c3)CC2)CC1,[-0.09123516  0.94990826 -0.8637847  -0.90041536 -0.28898433]
COc1cc(Nc2nc(N[C@@H](C)c3ncc(F)cn3)ncc2Br)n[nH]1,[ 0.66066456  0.75947154  0.21264584  0.00931934 -0.51807046]
CCCCc1c(OC(=O)c2cc(OC)c(OC)c(OC)c2)n(-c2ccccc2)n(-c2ccccc2)c1=O,[-0.0867502   0.83470565 -0.6089552  -0.78744817 -0.25871536]
O=C1CCc2ccccc2O1,[ 0.39665428  0.7116046  -0.7024987  -0.8022286   0.5892238 ]
CN,[ 0.3084821   0.577769   -0.72856385  0.48378494  0.19793592]
C=C(OP(=O)(OC)OC)P(=O)(OC)OC,[ 0.01992012  0.88317746 -0.66061187  0.656335    0.21314728]
CCc1c2c(nc3ccc(O)cc13)-c1cc3c(c(=O)n1C2)COC(=O)[C@]3(O)CC,[-0.02778576  0.8857285  -1.         -0.7506415  -0.14632381]
c1c[nH]cn1,[ 0.49510857  0.8591768  -0.93818355 -0.09527511 -0.36600816]
Cc1c(C(=O)NCCO)[n+]([O-])c2ccccc2[n+]1[O-],[ 0.4980238   0.9000066  -0.5156024  -0.30701306 -0.09810436]
CSCC(=O)N(C)C(=O)Oc1ccccc1OC(C)C,[-0.9565734   0.7555549  -1.         -1.          0.82888407]
CC(=S)NC[C@H]1CN(c2ccc(-c3nnc(CNS(C)(=O)=O)s3)c(F)c2)C(=O)O1,[ 0.6581261   0.7601232  -0.7586509  -0.00420737 -0.18719435]
O=C(O)c1nn(Cc2ccc(Cl)cc2Cl)c2ccccc12,[ 0.4105638   0.8730143  -0.8189906  -0.8313868   0.17708752]
CCCCC(C)(C)CO,[ 0.2778357  0.9466315 -0.7877272 -0.6010984  0.4259197]
C=C(C)C(=O)OCCCC,[-0.12268723  0.73481953 -0.88552785 -0.7746691   0.37782264]
CC(=O)N[C@H](Cc1ccc2ccccc2c1)C(=O)N[C@H](Cc1ccc(Cl)cc1)C(=O)N[C@H](Cc1cccnc1)C(=O)N[C@@H](CO)C(=O)N[C@@H](Cc1ccc(O)cc1)C(=O)N[C@H](CCCNC(N)=O)C(=O)N[C@@H](CC(C)C)C(=O)N[C@@H](CCCNC(=N)N)C(=O)N1CCC[C@H]1C(=O)N[C@H](C)C(N)=O,[-0.05134631  0.47893944 -0.7502786  -0.54395074  0.7584393 ]
OCC(O)CO,[ 0.45887917  0.5096346  -0.821985   -0.21463819  0.2611886 ]
C=CCNC(=O)C(=O)C(CCC)NC(=O)C1CC2CN1C(=O)C(C1CCCCC1)NC(=O)Cc1cccc(c1)OCCC(C)(C)O2,[ 0.28984436  0.4708286  -0.8133894  -0.4783688   0.05692765]
CN(c1ccc(F)cc1F)c1c([N+](=O)[O-])cc([N+](=O)[O-])cc1C(F)(F)F,[ 0.28300065  0.2418365  -0.4095687  -0.66659236  0.6809629 ]
CCC(C)OC=O,[ 0.44559523 -0.4788876  -0.54626906 -0.6518558  -0.3379785 ]
CCOC(=O)CCN(Cc1ccccc1)SN(C)C(=O)ON=C(C)SC,[ 0.00170494  0.9647421  -0.73843515 -0.7253468  -0.09370779]
CCCCCCCc1ccccc1O,[ 0.1507199   0.7773591  -0.5727941  -0.73933655 -0.6240752 ]
Cc1ccc([N+](=O)[O-])cc1,[ 0.36207092  0.5173539  -1.         -0.6709007   0.01011395]
CCOP(=O)(NC(C)C)SCC(=O)NCOC,[ 0.2132883   0.40114224 -0.26134026 -0.6310673  -0.0415373 ]
COc1ccc(NC(=O)c2ccnc(N)n2)cc1,[ 0.17802556  0.7647491  -0.6918521  -0.28011566  0.08097885]
COCOCCO,[ 0.16880785  0.6278419  -0.4628212  -0.9698782   0.0200012 ]
COCC(=O)O[C@]1(CCN(C)CCCc2nc3ccccc3[nH]2)CCc2cc(F)ccc2[C@@H]1C(C)C,[-0.07877356  0.7950582  -0.481445   -0.52820367  0.1926974 ]
CC(C(O)c1ccc(O)cc1)[NH+]1CCC(O)(c2ccccc2)CC1,[-0.12418928  0.44017458 -0.7987905  -0.6420525  -0.40443814]
N#Cc1ccc(F)c(-c2cc(C(F)(F)F)ccc2OCC(=O)O)c1,[ 0.36849174  0.48114026 -0.8182986  -0.05907356  0.14550348]
C1C[SiH2]C1,[ 0.3553096   0.5915085  -0.6267794  -0.9216122  -0.03916746]
COc1c2ccoc2c(OCC2OC2(C)C)c2oc(=O)ccc12,[ 0.37484142  0.7581282  -0.04524307 -0.22150998 -0.15124616]
O=CC1=CCCCC1,[ 0.36181015  0.9084697  -0.2649491   0.31296    -0.07612151]
CCOc1ccccc1-c1ccc(-c2nc3ccncc3c(O)c2C#N)cc1,[ 0.5601204   0.36161655 -0.9750792  -0.5392774   0.23090595]
O=[N+]([O-])OC1COC2C(O)COC12,[-0.22593729  0.65379566 -1.         -0.9149021  -0.29521433]
O=C1CC2(CCCC2)CC(=O)N1CCCCN1CCN(c2ncccn2)CC1,[-0.08970294  1.         -0.7077209  -0.88717735  0.37287906]
CCOC(=O)CCC[Si](C)(OCC)OCC,[ 0.48014116  0.9626098  -0.66426486 -0.852813   -0.07578238]
C=C(C)C1CC=C(C)C(O)C1,[ 0.03764714  0.5561617  -0.05217092 -0.4265635   0.42544398]
CC(C)C(CCC(C)C1CCC2C3C(O)CC4CC(NCCC[NH2+]CCCC[NH3+])CCC4(C)C3CCC12C)OS(=O)(=O)[O-],[ 0.4568544   0.70232505 -0.75613815 -0.76697856  0.7433209 ]
CCNC(=O)C=Cc1cccc(Br)c1,[ 0.3510951   0.10584491 -0.5167427  -0.04066308  0.20717008]
CC(=O)OC(C(Cl)(Cl)Cl)P(=O)(Oc1ccccc1)Oc1ccccc1,[-0.24946937  0.06781466 -1.         -0.896399   -0.05825912]
Cc1ccsc1C(=CCC[NH+]1CCCC(C(=O)[O-])C1)c1sccc1C,[-0.28462517  0.77613753 -0.5224761  -0.7766849  -0.3769421 ]
CC(=O)NCCCS(=O)(=O)[O-],[ 0.31718838  1.         -0.56113136 -0.86527216 -0.10511447]
O=C(CO)N1CCC(c2[nH]nc(-c3ccc(Cl)cc3F)c2-c2ccncn2)CC1,[ 0.230677    0.64174485 -0.986024    0.3106609   0.7709231 ]
CCC(C(=O)O)c1ccc(CC(C)C)cc1,[ 0.04622696  0.68797237 -0.8790231  -0.725504   -0.3214692 ]
CN(CCOc1ccc(CC2SC(=O)NC2=O)cc1)c1ccccn1,[ 0.08046554  0.6955351   0.5366387  -0.59393495 -0.20790608]
NC(=O)CCCCC1CCSS1,[ 0.11170105  0.7581777  -0.3095823  -0.41095653 -0.18517418]
CCC(=O)Nc1ccc2[nH]c(C(F)(F)F)nc2c1,[ 0.20461443  0.49271962 -0.6286392  -0.64931685 -0.08727527]
CCOP(=O)(Cl)Cl,[ 0.40018207  1.         -0.9993987  -0.49634987  0.15088587]
CCC1(CC)C(=O)NCC(C)C1=O,[ 0.789474    0.7838344  -0.6130243  -0.83192307 -0.2785474 ]
CC1CCN(C(=O)CC(Cc2cccc(C(=N)N)c2)NS(=O)(=O)c2ccc3ccccc3c2)CC1,[ 0.40659305  0.16204911 -0.6224345  -0.47206953  0.04272271]
CCCCC(CC)COCCC#N,[-0.11205293  0.85430354 -0.13808101 -0.5733794  -0.08000494]
C=CC(=O)NCNC(=O)C=C,[ 0.6321737   0.53223383 -0.546837   -0.9600828  -0.1177704 ]
C/C=C/c1cc(OC)c2c(c1)C(C)C(c1cc(OC)c(O)c(OC)c1)O2,[ 0.67055696  0.18299375 -0.6029184  -0.6564376   0.75594014]
CCCCCCCCCCCC(=O)OCC(O)C1OCC(O)C1O,[-0.38822505  0.51930636 -0.7290632  -0.59931755  0.08374495]
CC(C)(C)c1cc(O)ccc1O,[ 0.19787471  0.8169095  -0.27462262  0.75906765  0.41531873]
O=[N+]([O-])C(CO)(CO)CO,"[ 6.49433553e-01  1.21174671e-01 -7.93307185e-01 -4.94091779e-01
  1.04338105e-04]"
CC1NC(=S)NC1=O,[-0.09663646  0.98310333 -0.7883069  -0.943902    0.6038502 ]
CC(C)OCCCO,[ 0.58342075  0.7846288  -0.7319564  -0.2625737   0.02246589]
O=[N+]([O-])c1nccs1,[ 0.06146337  0.6787482  -0.8129195  -0.98103535 -0.3240989 ]
CC(C)(C)NCCC(O)c1cc(C(F)(F)F)nc2c(C(F)(F)F)cccc12,[ 0.25402707  0.47807527 -0.11521118 -0.24181372 -0.20251162]
CCOc1nc(C(Cl)(Cl)Cl)ns1,[ 0.46968853  0.7806263  -0.8136792  -0.40312746  0.03302832]
CCCCN(CCCC)CCCC,[-0.02776358  0.81216115 -0.5747326  -1.         -0.5314392 ]
OCCCCC(O)CO,[ 0.19993259  0.8160056  -0.8336847  -0.77597916  0.51721656]
CN(C)N(C)N=O,[-0.25920364  0.775144   -0.76850474 -0.7450754  -0.4000096 ]
O=C(O)CCCOc1ccc(Cl)cc1Cl,[-0.24659261  0.11093603 -0.9068446  -0.7441429   0.0961016 ]
CCOP(=S)(OCC)Oc1cc(-c2ccccc2)on1,[ 0.48219246  0.63474834 -0.7927576  -0.83864504  0.3119166 ]
C=CCOc1ccccc1C(N)=O,[ 0.14404528 -0.3684354  -0.92977256 -0.70388836 -0.1841465 ]
COc1ccc2ncc(F)c(CCN3CCC(NCc4cc5c(cn4)OCCO5)CC3)c2n1,[ 0.24376598  0.7253047   0.04898897 -0.7834973  -0.4753516 ]
S=C1NCCNC(=S)S1,[ 0.21828003  0.22247805 -0.65211266 -0.6825389  -0.3571181 ]
CC(=O)[C@H]1CC[C@H]2[C@@H]3CC[C@@H]4C[C@H](O)CC[C@]4(C)[C@H]3CC[C@]12C,[-0.18617164  1.         -0.89256454 -1.         -0.19631462]
CCOc1ccccc1C(=O)NN=C(C)C(=O)O,[-0.07644156  0.8782453  -0.92305917 -0.6821308  -0.14860515]
FC(F)=C(F)CCSc1ncccn1,[-0.0723011   0.7716059  -0.75112045 -0.7328832   0.5902366 ]
Cc1ccccc1S(=O)(=O)NC(=O)N1CCC(N2CCC(Oc3ccc(Cl)c(Cl)c3)CC2)CC1,[ 0.27481028  0.8262031  -0.879585   -0.6811808   0.0277235 ]
C=C(C)c1ccc(C(C)(C)N=C=O)cc1,[ 0.11719816  0.79333407 -0.8949269  -0.7362115   0.59357864]
CCCP(=O)(CCC)CCC,[-0.02911387  0.9757722  -0.8278243  -0.9827732  -0.07217247]
Cc1nccc(-c2ccc(-c3nc4ccncc4c(O)c3C#N)cc2)c1Cl,[ 0.40468746  0.89344144  0.06933345 -0.32365978 -0.02219937]
CC(=O)Oc1ccc2c3c1OC1C(OC(C)=O)C=CC4C(C2)[NH+](C)CCC341,[ 0.3962003  -0.35291037 -0.4258393  -0.26117957  0.02785718]
c1ccc2c(c1)CC(N1CCN(c3cccc4c3OCCO4)CC1)C2,[-0.01656203  0.88335794 -0.6558789  -0.69707334 -0.24897282]
CC1(C)C2CCC1(C)C(O)C2,[-0.12383626  0.8301594  -0.99447286 -0.6868129  -0.31300148]
CC(=O)SCC(=O)Nc1nc2ccccc2s1,[ 0.45200822  0.79576665 -0.80873024 -0.866155   -0.11905488]
COCCOP(=O)(OCCOC)OCCOC,[-0.40585467  0.93137854 -0.6977235  -0.7488753   0.4649057 ]
CCC1OC(C)SC1=NOC(=O)NC,[-0.14160322  0.7893214  -0.24575672  0.45758742  0.28522572]
CCN(CC)c1c([N+](=O)[O-])cc(C(F)(F)F)c(N)c1[N+](=O)[O-],[-0.01363645  0.7273815  -0.68253773 -0.5464744  -0.38269043]
Cc1cc(C)c(C)cc1C,[ 0.27065077  0.43618998  0.26902223 -0.9617718  -0.23859711]
Cc1cc(Nc2nc(N[C@@H](C)c3ccc(F)cc3)ncc2Cl)n[nH]1,[ 0.17564705  0.6536605  -0.5561588  -0.7461347  -0.597929  ]
CCCCN(N=O)C(N)=O,[ 0.4478237   0.47283068 -0.6332537  -0.8882543  -0.28216842]
O=[N+]([O-])c1cc2[nH]c(C(F)(F)F)nc2cc1Cl,[ 0.43722853  0.608409   -0.7954462  -0.5650623   0.73767984]
O=[N+]([O-])c1ccc(O)c(CNCCO)c1,[ 0.41776377  0.7386997  -1.         -0.6374691   0.26190743]
COc1ccccc1Oc1c([N-]S(=O)(=O)c2ccc(C(C)C)cn2)nc(-c2ccnc(-c3nnn[n-]3)c2)nc1OCCO,[ 0.47280934  0.9827599  -0.9694355  -0.8505768  -0.3629613 ]
CN1CCN(CCCN2c3ccccc3Sc3ccc(Cl)cc32)CC1,[-0.17919451  0.95253503 -0.80421984 -0.14350061 -0.19114034]
CCCN(N=O)C(N)=O,[-0.08975668  0.7604341  -0.96436393 -0.97835934  0.02173631]
Cc1cc(Nc2nc(N[C@@H](C)c3ccc(F)cn3)c(C#N)cc2Cl)n[nH]1,[ 0.56140953  0.6892848  -0.43238366 -0.55149806 -0.4870548 ]
CC(C)OCCO,[-0.47439194  0.6759486  -0.6719501  -0.57843983 -0.148118  ]
COc1ccccc1Oc1c([N-]S(=O)(=O)c2ccc(C)cn2)nc(-c2ccncc2)nc1OC,[ 0.18837811  0.49832684 -0.6611847  -0.9352709  -0.22445145]
C=CC1=C(C)/C(=C\c2[nH]c(Cc3[nH]c(/C=C4/NC(=O)C(C)=C4C=C)c(C)c3CCC(=O)O)c(CCC(=O)O)c2C)NC1=O,[ 0.0378488   0.8547208  -1.         -0.6931834  -0.30787918]
CNC(=O)Oc1ccccc1C1OCCO1,[ 0.09302249  0.22820468 -0.3252548  -0.7720385  -0.01875293]
CC(=O)CCCCCCCC(=O)O,[ 0.30067855  0.84622943 -0.8406128  -0.22262172 -0.19359878]
Nc1cccc(N)c1,[-0.10407963  0.98153853 -0.87830234 -0.69837666  0.12288909]
NCCNCCNCc1ccccc1O,[ 0.15837613  0.82825565 -0.6543268  -0.7929932  -0.27715746]
CCCCCCCCc1ccccc1O,[ 0.12592353 -0.32805666 -0.7185186  -0.31979704  0.03001621]
COP(=S)(OC)Oc1ccc(C#N)cc1,[ 0.47128338 -0.09168362 -0.5771833  -0.7184165   0.21878009]
CC=Cc1ccc(OCc2ccccc2)c(OC)c1,[ 0.3945449   0.75872076 -0.94188225 -0.529274   -0.44979158]
Clc1cc(Cl)c2nsnc2c1Cl,[ 0.35878175  0.9706209  -0.880225   -0.99619293 -0.2509573 ]
CCOC(=O)c1ccc(C#Cc2ccc3c(c2)C(C)(C)CCS3)nc1,[-0.35213548 -0.49376512 -0.6162451   0.25926945 -0.32537806]
C=C(C)C(=O)OCCC[Si](OC)(OC)OC,[-0.15214533  0.8901181  -0.85560894 -0.8082705  -0.32366982]
CCC1=C(C)CN(C(=O)NCCc2ccc(S(=O)(=O)[N-]C(=O)NC3CCC(C)CC3)cc2)C1=O,[-0.19618167  0.7017423  -0.4428692  -1.         -0.1820584 ]
CC(C)CCCCCN(CCCCCC(C)C)CCCCCC(C)C,[ 0.40644765  1.         -0.7988184  -0.6385166   0.18435562]
CN1CCCCC1CCN1c2ccccc2Sc2ccc(S(C)=O)cc21,[ 0.2514879  0.4948428 -0.8597055 -1.        -0.2340702]
C[C@H](Cc1cccc(CC(=O)NC23CC4CC(CC(C4)C2)C3)c1)NC[C@H](O)c1ccc(O)c(CO)c1,[ 0.02250041  0.81844896 -0.7548047  -0.22559157 -0.35488248]
ClCC1CO1,[ 0.37330443  0.5871094  -0.7006714  -0.8267402  -0.11533324]
CCOC(=O)CCN(SN(C)C(=O)Oc1cccc2c1OC(C)(C)C2)C(C)C,[-0.43459553  0.84530103 -1.         -0.76363987 -0.1311881 ]
CCCCCCCCCCOc1c(OC)cc(C(N)=O)cc1OC,[ 0.02207928  0.3133118  -0.78467053 -0.27244693 -0.08407441]
COP1(=S)OCc2ccccc2O1,[ 0.2714821   0.79857177 -0.6016243  -1.         -0.58833104]
CON(C)C(=O)Nc1ccc(Cl)cc1,[-0.21616888  0.8271363  -0.29723328 -0.84642184 -0.12480712]
Cc1cnc(C)cn1,[ 0.00479571 -0.19912446 -0.86913514 -0.6885019   0.7764768 ]
COCc1ccc2c(C(C(=O)NS(=O)(=O)c3ccc(C)cc3OC)c3ccc4c(c3)OCO4)cn(C)c2c1,[ 0.08360595  0.7728082   0.84129995 -0.95289236 -0.49787927]
O=C(O)COc1ccccc1,[ 0.11755451  0.75412    -0.8532879  -0.48050877 -0.4198114 ]
O=C(Nc1ccc(Br)cc1)c1cc(Br)cc(Br)c1O,[ 0.42493734 -0.42999607 -0.7202781  -0.742011   -0.06053132]
O=C(O)CCC(=O)O,[ 0.41266942  0.93157566 -0.4758218  -0.2973763   0.09625969]
Cc1cc(Nc2nc(N[C@@H](C)c3ccc(F)cn3)c(C#N)cc2F)n[nH]1,[ 0.41312933  0.5858246  -0.61024654 -0.41618463  0.63135964]
CN(C)CCC=C1c2ccccc2CCc2ccccc21,[ 0.15990011  0.7031151  -0.22816545 -0.38243678  0.3698939 ]
COc1ccc(-c2nc3c(NCCCNC(C)=O)c(Br)cnc3[nH]2)cc1,[ 0.17824511  0.57571423 -0.9469296   0.4756495   0.30705705]
COc1ccc(CC(C)=O)cc1,[ 0.27096877  0.22550087 -0.3118713  -0.829265   -0.16648428]
CC=CC(C)=O,[ 0.4856592   0.91662395 -0.7335179  -0.84007436  0.6046088 ]
NC(=[NH2+])NCCCCC1NC(=O)CCSSCC(C(N)=O)NC(=O)C2CCCN2C(=O)C(Cc2c[nH]c3ccccc23)NC(=O)C(CC(=O)[O-])NC(=O)CNC1=O,[ 0.33866224  1.         -0.64388555 -0.64290476 -0.5782441 ]
Cc1nn(C)c(Oc2ccccc2)c1C=NOCc1ccc(C(=O)OC(C)(C)C)cc1,[ 0.30481824 -0.6823156  -0.8605176  -0.23469824  0.35384682]
Cc1cc(=O)cc(-c2ccccc2)o1,[ 0.4463726   0.66966593 -0.74581915 -0.6998632   0.00592629]
CNC(=O)Oc1ccc(Cl)c2c1OC(C)(C)C2,[ 0.03015707  0.05606972  0.68102235 -0.49649876 -0.42803735]
Nc1ccc(Cl)cc1Cl,[ 0.91070473  0.82646674 -0.9565177  -0.8477496  -0.38033122]
Clc1ccc(C2(Cn3cncn3)OCCO2)c(Cl)c1,[-0.16908158 -0.33311644 -0.43837416 -0.43249014  0.29331267]
CC(CO)Oc1ccccc1,[ 0.6986801   0.8416544  -0.59646577 -0.24242693 -0.4179916 ]
ClCC(Cl)Cl,[ 0.31201044  0.58854014 -1.         -0.69323313 -0.27734733]
O=C(Nc1cccc(Cl)c1)OCC#CCCl,[-0.09934268  0.83428687 -0.8370661  -0.7928392  -0.35134506]
CCC(C)OP(=S)(OC)OC,[ 0.17086959  0.57616603 -1.         -0.9161346  -0.08023619]
Cc1cc(-n2cccc2)c(S(C)(=O)=O)cc1C(=O)NC(=N)N,[ 0.11817544  0.91462004 -0.8025362   0.14811322 -0.14662649]
CN(C)NC(=O)CCC(=O)O,[ 0.40249166  0.14135809 -0.8146343  -0.49780336 -0.02435285]
CCOC(=O)COC(=O)c1cc(Oc2ccc(C(F)(F)F)cc2Cl)ccc1[N+](=O)[O-],[ 0.61436355 -0.62052643 -0.80915636  0.03108102  0.16826509]
CCCCOP(=O)(OCCCC)Oc1ccccc1,[-0.10000177  0.9826465  -0.87784284 -0.9111589  -0.381675  ]
Fc1cc2nc(C(F)(F)F)[nH]c2cc1Cl,[ 0.12894444  0.83523864 -0.7518232  -0.78408635 -0.4827277 ]
COc1ccc2ncc(=O)n(CCN3CC[C@@H](NCc4ccc5c(n4)NC(=O)CO5)[C@@H](F)C3)c2c1,[ 0.41591167  0.889529   -0.46986222 -0.72015035 -0.45654634]
CC(=O)C1(O)Cc2c(O)c3c(c(O)c2C(OC2CC(N4CC4)C(OS(C)(=O)=O)C(C)O2)C1)C(=O)c1ccccc1C3=O,[-0.00999854  0.9682507  -0.705454   -0.24599782 -0.37010247]
COc1cc(C=CC(=S)N2CCOCC2)cc(OC)c1OC,[ 0.13394901 -0.43382493 -0.5318771  -1.         -0.11781549]
O=C(OCC=Cc1ccccc1)c1ccccc1,[ 0.24984567  0.6240786  -0.90125585 -0.9622449  -0.21884185]
CCNC(=O)c1cc2c(-n3ccc(C(F)(F)F)n3)c(-c3cncc(-c4n[nH]c(=O)o4)c3)cnc2[nH]1,[ 0.16889535  0.8258592  -0.4571861  -0.6287988  -0.28649434]
CN(CCCl)CCCl,[ 0.13536587  0.79128504 -0.68324834 -0.90283436  0.05252232]
Cn1c(C2=CCN(CCCN3c4ccccc4Sc4ccc(CC(=O)O)cc43)CC2)cc(=O)n(C)c1=O,[ 0.11546616 -0.10574201 -0.5879121  -0.471301   -0.29041776]
CC(O)C1C(=O)N2C(C(=O)[O-])=C(SC3CCS(=O)C3)SC12,[ 0.06023588  0.66327643 -0.8569072  -0.81299514  0.24330983]
CC(=Cc1ccccc1)C=C1SC(=S)N(CC(=O)O)C1=O,[ 0.60887617  0.76940966 -0.45149505 -0.67281216  0.00540118]
Nc1ccc(S(=O)(=O)O)c2cccc(O)c12,[-0.05539441  0.839074   -0.90250844 -0.83183026  0.6547886 ]
CCN(CC)c1ccc2c(C)cc(=O)oc2c1,[ 0.6264492   0.23282222 -0.50893533 -1.          0.41048312]
CC(C)(C)c1ccc(OP2OCC3(CO2)COP(Oc2ccc(C(C)(C)C)cc2C(C)(C)C)OC3)c(C(C)(C)C)c1,[-0.01342184  0.31250614 -0.22327358 -0.2911235   0.24920149]
[NH3+]C(C(=O)NC1C(=O)N2C(C(=O)[O-])=C(CSc3c[n-]nn3)CSC12)c1ccc(O)cc1,[ 0.42687947  0.9823079  -0.31081948 -0.04700283 -0.01264205]
CC(=O)N(C)c1ccc2ccn(-c3cc(NC4CC4)n4ncc(C#N)c4n3)c2c1,[-0.30579248 -0.32854393 -0.53707117 -0.48779672 -0.13267365]
CC(C)(C)c1nnc(NS(=O)(=O)c2ccccc2)s1,[-0.0631074   0.87214094 -0.8019537  -0.64344585  0.46735144]
CNC(=O)Oc1ccc(CCC#N)cc1,[ 0.10703339  0.6181564  -0.9673363  -0.91773456  0.39133844]
O=c1[nH]c2c(O)ccc([C@@H](O)CNCCSCCCNCCc3cccc(Cl)c3Cl)c2s1,[ 0.3944674   0.5363437  -0.66163653  0.19121763 -0.2855666 ]
CCC(=O)CC,[ 0.14949998  0.72229093 -0.8753654  -0.75074846 -0.26881704]
CCCNC(=O)[N-]S(=O)(=O)c1ccc(Cl)cc1,[ 0.28839964  0.99321383 -0.83663607 -0.53164434 -0.5616599 ]
CC1CCC(C(C)C)C(O)C1,"[ 9.1202164e-05  8.7223077e-01 -8.1794703e-01 -6.9534361e-01
 -2.3016602e-01]"
COP(=S)(OC)SCc1nnc(SC)s1,[ 0.10415614  0.7935145  -0.64384055 -0.6866746   0.5817053 ]
CNC(=O)c1c(I)c(NC(C)=O)c(I)c(C(=O)[O-])c1I,[ 0.47989053  0.93063635 -0.4052053  -0.64603114 -0.24583308]
CC(=O)c1ccc2c(c1)N1C(=O)OCC1CC2,[ 0.24340743  0.7081561  -0.9223118  -0.83729935  0.69315714]
COc1ccc2c3c1OC1CC(O)C=CC31CC[NH+](C)C2,[ 0.42105708  0.8525581  -0.69857156 -0.80053747 -0.36898035]
CC(C)(C)c1ccc2c(c1)C(C)(C)CC2,[-0.12942217  0.51069075 -0.57672435  0.6416744   0.03739541]
Cc1cc(Nc2nc(N[C@@H](C)c3ncc(F)cn3)nc(N3CCOCC3)c2F)n[nH]1,[-0.11741486  0.8547383  -0.74347305 -0.8031481  -0.09713488]
COc1c(OP(=S)(OCC(C)C)OCC(C)C)cnn(C)c1=O,[ 0.12853627  0.18652777 -0.8598044  -0.6963609   0.20795535]
Nc1ccc(N)cc1,[ 0.2953941   0.62449455 -0.18074842 -0.5595022   0.04580528]
COc1cc(OC)c(S(=O)(=O)NCc2ccccc2N2CCC(COC(=O)CCC(=O)O)CC2)cc1NC(=O)CCC(=O)O,[ 0.05796188  0.70126206 -0.6152798  -0.8515412  -0.46574476]
Nc1ccn([C@@H]2O[C@H](CO)[C@@H](O)C2(F)F)c(=O)n1,[-0.19097637  0.8298936  -0.32678118 -0.6857381  -0.30845678]
COP(=O)(OC)Oc1ccc([N+](=O)[O-])c(Cl)c1,[ 0.292417    0.66881114 -0.71568626 -0.51917565 -0.31524563]
O=C(NC1CC1)c1cc(-c2cccs2)on1,[-0.32972887  0.8607097  -0.7634573  -0.6284587  -0.2307194 ]
CN(C)c1ccc(C(O)(c2ccc(N(C)C)cc2)c2ccc(N(C)C)cc2)cc1,[ 0.268528    0.5616477  -1.         -0.542038   -0.02796661]
CN(C)N=Nc1ccc(I)cc1,[-0.04019563 -0.5336406  -0.7361006  -0.8176781  -0.28575602]
CNC(=O)c1cccc2c(Nc3ccc(NS(C)(=O)=O)cc3OC)c3cccc(C)c3[nH+]c12,[-0.00369979  0.772492   -0.6418509  -0.40799198  0.38015696]
OCc1ccccc1,[-0.1297988   0.610085   -0.35669932 -0.59299356 -1.        ]
CN(C)C(=O)Nc1cc(C(C)(C)C)on1,[-0.2803233   0.91822743 -0.7253612  -0.68201715 -0.26014623]
CCN(CC)CCOCCO,[-0.02566553  0.92600465 -1.         -0.6602338  -0.16309544]
N#CC1CC2CC2N1C(=O)C(N)C12CC3CC(CC(O)(C3)C1)C2,[ 0.33789915  0.9455702  -0.38126293 -0.6077245  -0.15441044]
O=C(CCl)OCCOCCO,[-0.39813465  0.49634334 -0.91200966 -0.98035127 -0.15146399]
COc1nccnc1NS(=O)(=O)c1ccc(N)cc1,[ 0.5697916   0.9355207  -0.8918355  -0.6662012  -0.32222733]
COC(=O)C1=C(C)NC(C)=C(C(=O)OCCN(C)Cc2ccccc2)C1c1cccc([N+](=O)[O-])c1,[ 0.08199557  0.8269399  -0.71640635 -0.83660996 -0.28357652]
C[C@@H](O)[C@H]1C(=O)N2C(C(=O)O)=C(SCCNC=N)C[C@H]12,[ 0.21348895  0.32935467 -0.81642395 -0.7173979  -0.1156672 ]
COC(=O)c1cc([N+](=O)[O-])ccc1Cl,[ 0.527218    1.         -1.         -0.9296557  -0.08537575]
CCOC(=O)CCC1(CCC(=O)OCC)c2ccccc2-c2ccccc21,[-0.24383065 -0.08673833 -0.7525291  -0.4948439  -0.06048524]
[NH3+]CC1CCC(C(=O)[O-])CC1,[-0.07667542  0.63881    -0.4153203  -0.2975927  -0.0056959 ]
O=C(/C=C/c1ccccc1)NCCO,[-0.55889606  0.72667724 -0.53223383 -0.12684166 -0.06311775]
COc1ccc(C(Oc2ccccc2)C2=NCCCN2)cc1,[ 0.12619944 -0.64993143  0.00997709 -0.90272963 -0.08948635]
CP(=S)(Oc1ccccc1)Oc1ccc(C#N)cc1,[ 0.47399905  0.5518873  -0.52879834  0.10827976  0.02980413]
CN(C)C(=O)Nc1ccc(Cl)cc1,[ 0.46964276  0.792668   -0.6527575  -1.         -0.03519658]
NC(=O)[C@H](Cc1ccccc1)NC(=O)OCc1ccccc1,[ 0.35596824  0.86005753 -0.8298734  -0.5789145   0.2724114 ]
CC[C@H](CO)NC(=O)[C@H]1C=C2c3cccc4[nH]cc(c34)C[C@@H]2N(C)C1,[ 0.17943059  0.34559408 -0.77773106 -0.78355384 -0.13790785]
O=C(NCc1ccc(OC(F)(F)F)cc1)C1c2ccccc2C(=O)N1CCc1ncc(F)cn1,[-0.1744646   0.70575196 -0.67038    -0.5966556  -0.5378013 ]
CCC(=O)O,[-0.19382423  0.92431325 -0.6061508  -0.64413524  0.01357361]
CCCc1c(OCc2cccn3c(=O)c(CCC(=O)O)cnc23)ccc(C(C)=O)c1O,[ 0.08166528 -0.58325225 -0.3879666  -0.40966895  0.41232225]
Cc1c(OC2CCN(CC3CCN([C@@H](Cc4ccc(F)cc4)C(=O)O)CC3)CC2)ccc(C#N)c1Cl,[ 0.2020245   0.8126284  -0.3074714  -0.16334982  0.35817868]
O=[N+]([O-])c1cc(C2CCCCC2)c(O)c([N+](=O)[O-])c1,[ 0.3554885   0.6139875  -0.2611461  -0.47682688 -0.23700629]
CC1CC(=O)NN=C1c1ccc([N-]N=C(C#N)C#N)cc1,[ 0.2450357  0.1776891 -0.3192538 -0.5265481  0.1493522]
CCC(=O)OC1C(C)OC(OC2C(C)OC(OC3C(CC=O)CC(C)C(O)C=CC=CCC(C)OC(=O)CC(OC(C)=O)C3OC)C(O)C2N(C)C)CC1(C)O,[-0.38015115  0.9579125  -0.79085886 -1.         -0.23033643]
O=C1NC(c2ccc(Br)cc2)Nc2ccccc21,[ 0.25390708  0.9084126  -0.7015527  -0.696164   -0.35235405]
Nc1nc2[nH]cnc2c(=S)[nH]1,[ 0.02013453  0.9430952  -1.         -0.38492456  0.08653536]
COC(=O)Cc1ccccc1,[-0.29817784  0.7068066  -0.8782619  -0.7125254  -0.2587764 ]
CC(C)(C)OC(=O)N1CCN(c2ncc(OCc3ccncc3)cn2)CC1,[ 0.2200106   0.9272099  -0.63075733 -0.45906264 -0.18036139]
CC(=O)N(C)C,[ 0.31623763  0.51087195 -0.8919492  -0.65797794  0.47536105]
C=CC(C)CCCC(C)(C)O,[ 0.00698102  0.56779957 -0.52991366 -0.7206131  -0.27258447]
C[NH+](CCOc1ccc(NS(C)(=O)=O)cc1)CCc1ccc(NS(C)(=O)=O)cc1,[ 0.39244673  0.7505982  -0.89460325 -0.46359745  0.8468127 ]
CNC(=O)/C=C(/c1ccc2nc(N)n(S(=O)(=O)C(C)C)c2c1)c1ccccc1-c1cccc2ccccc12,[ 0.02156432  0.8515002  -0.7605982  -0.9605406  -0.39567122]
O=[N+]([O-])OCC(O)CO,[ 0.26461482  1.          0.03244209 -0.87270826 -0.12690732]
FC(F)(F)c1nc2c(Br)c(Cl)c(Br)cc2[nH]1,[ 0.22365364  0.8728316  -0.7456157  -0.401159    0.06716414]
Oc1c(Cl)c(Cl)cc2[nH]c(C(F)(F)F)nc12,[ 0.15767138  0.81609    -0.7806954  -0.8097788   0.34430733]
CC(C)=CCl,[ 0.2825361   0.66700184 -0.7886929  -0.70048463  0.45549005]
CC(CC(=O)OC(C)(C)C)NC(=O)C1=NOC(C(O)(C(F)(F)F)C(F)(F)F)C1,[-0.02079887  0.727225   -0.45625672 -0.5521306   0.24284665]
COc1cc2c(cc1OC)C1CC(=O)C(CCC#N)CN1CC2,[-0.48798543  0.8935863  -0.7360585  -0.83542156  0.510786  ]
COc1ccc(CC2c3cc(OC)c(OC)cc3CCN2C)cc1OC,[ 0.23809783  0.9203072  -1.         -0.8534476   0.64807653]
FCOC(C(F)(F)F)C(F)(F)F,[ 0.01647293  0.5577875  -0.8122075   0.54593354  0.05824719]
CC(=O)NC(CS)C(=O)[O-],[ 0.36695606  0.45928845 -0.6356917  -0.63631153  0.27886632]
O=c1[nH]cnc2c1ncn2[C@H]1CC[C@@H](CO)O1,[-0.45340177  0.7697753  -0.70971715 -0.70784885  0.1578518 ]
CCOP(=O)(OCC)N(C)c1ccccc1,[ 0.24651124  0.9140434  -0.92611724  0.34592107 -0.05531584]
Cc1cccc(N)c1C,[ 0.00427566  0.9106754  -0.727427   -0.41531858 -0.11941616]
O=c1cc(N2CCOCC2)nc2n(Cc3cccc(Cl)c3Cl)ccn12,[ 0.38213673  0.40683287 -0.84179825 -0.440216    0.08683477]
N[C@H]1CCN(c2c(Cl)cccc2/C=C2\SC(=O)NC2=O)C1,[ 0.22425343  0.6284661  -0.94324857 -1.         -0.148486  ]
CC(C)NCC(O)c1ccc(O)c(O)c1,[ 0.01553443  0.8962071  -0.41756475 -0.0653329  -0.02632135]
C[NH+]1CCc2cccc3c2C1Cc1ccc(O)c(O)c1-3,[ 0.3200561   0.8768945  -0.73108315 -0.9381286  -0.30941275]
CC(=O)O[C@H]1C[C@]2(O)[C@H]3CC[C@H]4C[C@H](O[C@H]5C[C@@H](O)[C@@H](O[C@H]6C[C@@H](O)[C@@H](O[C@H]7C[C@@H](O)[C@@H](O)[C@H](C)O7)[C@H](C)O6)[C@H](C)O5)CC[C@@]4(C)[C@H]3CC[C@]2(C)[C@H]1C1=CC(=O)OC1,[ 0.33025578  0.63853896 -0.33481133 -0.6130749  -0.3611487 ]
CC(C)Cn1c(=O)n(C)c(=O)c2c(C(=O)N3CC[C@@H](O)C3)c(Cc3c[nH]c4ccccc34)sc21,[ 0.41279617  0.89164704 -0.7949143  -0.5578859   0.20114169]
COC(CN1CCN(CCC(O)c2ccccc2)CC1)c1ccccc1,[-0.21299656  0.43105116 -0.9146305  -0.837259   -0.18451394]
NC(=S)Cc1cccc2ccccc12,[ 0.15134642  0.7331532  -0.56327695 -1.          0.20727487]
O=[N+]([O-])c1ccccc1Cl,[-0.04018783  1.         -0.93582076 -0.77031446  0.23316494]
CC(=O)Nc1ccc(C)c(NS(=O)(=O)C(F)(F)F)c1,[ 0.6276182   0.6602197  -0.8584023  -0.87775385 -0.21588823]
COCCOCCOC(C)=O,[ 0.3792927   0.8259579  -0.51535195 -0.23309512  0.02272464]
O=c1cc(-c2ccc(O)cc2)oc2cc([O-])c(C3OC(CO)C(O)C(O)C3O)c(O)c12,[-0.0204112   0.50280976 -0.38896346  0.10494179  0.6906766 ]
C=CC[NH+]1CCCC1CNC(=O)c1cc(S(=O)(=O)NC)c(N)cc1OC,[ 0.16189316  0.9870244  -0.51809186 -0.3421457  -0.22170772]
CCc1nc2cc(O)ccc2c(Oc2ccc(/C=C/C(=O)O)cc2)c1-c1ccccc1,[-0.21166627  0.7949344  -0.9025743  -0.771361    0.40363455]
Cc1c(C(C)C)c(=O)n(-c2ccccc2)n1C,[ 0.22998129  0.8262315   0.88527083 -0.18224111 -0.46863693]
C=C(Cl)C#N,[ 0.05039398  0.8736416  -0.8959377  -0.22484715 -0.17322132]
CC(C)(C)CC(=O)Nc1c(F)cc(C(=O)Nc2nccs2)cc1F,[ 0.24998036  0.7087509   0.37379482 -0.14834741  0.33578852]
CN(C)S(=O)(=O)N(SC(F)(Cl)Cl)c1ccccc1,[ 0.41563317  0.8385774  -0.7221128  -0.18502595  0.13093148]
CCCCCNCCCCC,[-0.48295796 -0.19216706  0.00190952 -0.31487182 -0.08744723]
CN(C)S(=O)(=O)CCCCCNC(=O)N(CCCl)N=O,[ 0.1756018  -0.04182912 -0.15020709 -0.5733925  -0.22713672]
O=CNc1cc([C@@H](O)CNCCc2ccc(NC[C@H](O)c3ccccc3)cc2)ccc1O,[-0.03252993  0.620696   -0.78593946 -0.27295417  0.48166952]
Cc1cc(C(=O)c2ccccc2)ccc1N,[-0.5206217   0.88364506 -0.7279469  -0.5301166  -0.18654262]
CBr,[-0.2627314   0.8022911  -0.771526   -0.76160634 -0.03088123]
C=CC(=O)OCCOCC,[ 0.50355583  0.83970934 -0.69557834 -0.10601591  0.03415025]
Cc1ccc(Nc2ccc(Nc3ccc(C)cc3)c3c2C(=O)c2ccccc2C3=O)cc1,[ 0.2805637   0.7822659  -1.         -0.975609    0.34524322]
ClCCCBr,[ 0.34329638  0.12253962 -0.24088936 -0.06446268 -0.21683745]
O=c1c(Cl)c(Cl)cnn1-c1ccccc1,[ 0.41614905  0.91312605 -0.7423498  -0.23529188 -0.23137401]
CN1CCN(c2ccc3ncc(C(N)=O)c(Nc4ccc(Cl)c(Cl)c4)c3c2)CC1,[-0.34342298  0.72720927 -0.31882736 -0.356886   -0.1862659 ]
N=C(Nc1c([N+](=O)[O-])cnc2ccccc12)N1CCOCC1,[-0.35866836  0.8224081  -1.         -0.31317917 -0.3605975 ]
CC(C)=CC1C(C(=O)OC(C#N)c2cccc(Oc3ccccc3)c2)C1(C)C,[ 0.3008418  0.5715352 -0.8076247 -0.3481932  0.6123141]
C[NH2+]C(C)C1CCC(N)C(OC2C(N)CC(N)C(OC3OCC(C)(O)C([NH2+]C)C3O)C2O)O1,[-0.04948324  0.79876184 -0.5824466  -0.4671112  -0.3468639 ]
CCC(C(=O)N1CCCCC1C(=O)OC(CCc1ccc(OC)c(OC)c1)c1cccc(OCC(=O)NCCNC(=O)COc2cccc(C(CCc3ccc(OC)c(OC)c3)OC(=O)C3CCCCN3C(=O)C(CC)c3cc(OC)c(OC)c(OC)c3)c2)c1)c1cc(OC)c(OC)c(OC)c1,[ 0.3355505   0.9099048  -0.17980309  0.37435052  0.04719488]
CSCC(NC(=O)COc1cccc2cnccc12)C(=O)NC(Cc1ccccc1)C(O)C(=O)N1CSCC1C(=O)NC(C)(C)C,[ 0.26219893  0.6269217  -1.         -0.862217    0.52167374]
C=CN(CC)C(C)=O,[-0.05688317  0.8923939  -0.66720325 -0.8242436  -0.19260757]
CCOP(=S)(OCC)Oc1ccc([N+](=O)[O-])c(C)c1,[ 0.05080519  0.9871495  -0.9541325  -0.9539791   0.28388405]
CCN(Cc1cc(C(F)(F)F)ccc1-c1cc(CC(=O)O)ccc1OC)C(=O)NCc1ccccc1,[ 0.11235391  0.7576569  -0.8509133  -0.7043601   0.29063508]
Cc1ccc(N2CC(COc3ccc(-c4noc(C)n4)cc3)C2)nn1,[-0.18508953  0.43752933 -0.5721545  -1.          0.02097882]
O=C(O)CCC(=O)c1ccc(-c2ccccc2)cc1,[ 0.16303705  0.79893166 -0.5998867   0.26098907 -0.30559564]
CCCCCc1ccccc1O,[ 0.35927415 -0.11317372 -1.         -0.779981   -0.6858264 ]
CCC(C)CCCCC(=O)NC(CCN)C(=O)NC(C(=O)NC(CCN)C(=O)NC1CCNC(=O)C(C(C)O)NC(=O)C(CCN)NC(=O)C(CCN)NC(=O)C(C(C)O)NC(=O)C(CC(C)C)NC(=O)C(CCN)NC1=O)C(C)O,[-0.16524115  0.27247962 -0.83826804 -0.9519938  -0.15664166]
CSc1ccc(C(=O)c2[nH]c(=O)[nH]c2C)cc1,[-0.27134869 -0.38787472 -0.5898705   0.1647265   0.38695812]
CCC(C)c1ccc(Oc2ccc(C)cc2CC(=O)O)c(Cl)c1,[ 0.6257479   0.9536614  -0.9693392  -0.51960874 -0.27132568]
c1ccc2[nH]c(-c3cscn3)nc2c1,[ 0.26395243  0.6917457  -0.80961066 -0.8619332  -0.05170127]
c1ccc(C2CO2)cc1,[-0.33734554  0.5789368  -0.30172068 -0.686894   -0.27522674]
CC(=O)OC(C)(C)C1CC=C(C)CC1,[ 0.37810466  0.76903445 -0.5567722  -0.20879914 -0.14623229]
CCP(=O)(OC)SC,[-0.32640016  0.8517979  -0.7922931  -0.72488964  0.63198954]
CN1CCC(=C2c3ccccc3Sc3ccccc32)CC1,[ 0.27749255  0.8698722  -1.         -0.6466276  -0.13270928]
CCCCC(CC)OCCOCCO,[ 0.2816365   0.92599636 -0.72050875 -0.9386112   0.11612008]
NC(=O)Nc1cccc2c3c([nH]c12)CCCC3,[ 0.49114266  0.40301862 -0.77052397 -0.16909161  0.15817401]
O=C(c1ccccc1)c1cccc2c1CCC2C(=O)O,[ 0.42607084  0.8792047  -0.856335   -0.5985649  -0.21865804]
COC(=O)C1=C(C)NC(C)=C(C(=O)OCCN(C)Cc2ccccc2)C1c1cccc(N(O)O)c1,[ 0.08107448  0.8751342   0.01978887 -0.9613899  -0.21233508]
CCC[C@@H](c1ccc(C(=O)O)c(Oc2cccc(Cl)c2)c1)N1CCC[C@H](n2cc(C)c(=O)[nH]c2=O)C1,[-0.0080926  0.8211631 -0.7279466 -0.6630367 -0.0037854]
COP(=S)(OC)Oc1nc(Cl)c(Cl)cc1Cl,[ 0.42100167  0.5498885  -1.         -0.63677436  0.00170358]
ClC(=NNc1c(Cl)cc(Cl)cc1Cl)c1ccccc1,[ 0.16577546  1.         -0.79349643 -0.8787451   0.21278349]
CCC(C)(C)C1CCC(=O)CC1,[ 0.4353372   0.48404014 -0.9646601  -0.713961   -0.0753312 ]
CC(O)C(Cl)(Cl)Cl,[ 0.500325    0.83486474 -0.33697656 -0.06604045 -0.3797835 ]
CCC(C)(C)c1ccc(Cl)c(OC(=O)NC)c1,[ 0.19183843  0.66230154 -0.9625729  -0.9491954  -0.2664423 ]
Cc1cnc(-c2cc(NC(=O)c3ccc(C(F)(F)F)nc3C)ccc2Cl)[nH]1,[ 0.0432055   0.24770233 -0.47278404 -0.52034926  0.37203485]
CCOP(=S)(OCC)SCSCc1ccccc1,[ 0.14487286  0.83553106 -0.7763278  -0.9105638   0.02546772]
CCCCSCCCC,[ 0.09303572  0.68001497 -0.8539517  -0.6717268  -0.47754017]
O=C(Cc1cccs1)N[C@@H]1C(=O)N2C(C(=O)[O-])=C(C[n+]3ccccc3)CS[C@H]12,[ 0.67197424  0.68653405 -0.8634439  -0.40370953  0.04911255]
CCC(C)C(CC)C(N)=O,[-0.2252281   0.85916007 -0.62148505 -0.72156656 -0.12399093]
CCOC(=O)COc1ccc(C(=O)CN2CCN(C3CCN(C(=O)OCOC(=O)C(C)(C)C)CC3)CC2=O)cc1,[ 0.13957676  0.7853404  -0.609723    0.41013187  0.5539319 ]
CCCN(CCC)CCCCCCCCNC(=O)Oc1ccc2c(c1)C1(C)CCN(C)C1N2C,[-0.45075253  0.7281022   0.14662059  0.00756949 -0.4789313 ]
CSCCC(OC(C)=O)C(=O)O,[ 0.05484449  1.         -0.97226155 -0.9885204   0.9109592 ]
CC=C(CC)C(=O)NC(N)=O,[ 0.25974     0.8470459  -0.7891797  -0.77964914 -0.0315543 ]
COCCNCc1ccc(Nc2ncc3cc(-c4ccncc4)ccc3n2)cc1,[ 0.11110166  0.75160027 -0.5759124  -0.60660475 -0.40276837]
O=C1C(Cc2ccccc2)C(=O)N(c2ccccc2)N1c1ccccc1,[ 0.5535449   0.8952221  -1.         -0.92662793  0.08863606]
CC(=O)CCC(C)=O,[ 0.17230399  0.9022631  -0.99996847 -0.64043134 -0.6420795 ]
CSCCC([NH3+])C(=O)NC1(C(=O)[O-])CS(=O)(=O)C2C(C(=O)[O-])C21,[ 0.29570106  0.74245757 -0.3333277  -0.8799972  -0.24297628]
N#Cc1c(-c2ccc(-c3ccncc3Cl)cc2)nc2ccncc2c1O,[ 0.12627706  0.88558227 -0.01034827 -0.847818    0.12208235]
CCSP(SCC)SCC,[ 0.43407226  0.88919455 -0.6096864  -0.6586423  -0.38720548]
O=C(OCC(COC(=O)c1ccccc1)(COC(=O)c1ccccc1)COC(=O)c1ccccc1)c1ccccc1,[-0.13375534 -0.8165678  -0.7131071  -0.52565855 -0.05617885]
COCCOCc1ccccc1,[ 0.5449001   0.8302081  -0.9117986  -0.34501767  0.12079649]
Cc1cn([C@H]2CCCN(S(=O)(=O)c3ccc(CO)c(Oc4cccc(Cl)c4)c3)C2)c(=O)[nH]c1=O,[ 0.0472764  -0.27015546 -0.82569784 -0.37854815  0.18218423]
Cc1ncsc1C,[-0.00139059  0.6884738  -0.9987947  -0.7757478   0.04343229]
CN(C)CCCC1c2ccccc2Nc2ccc(Cl)cc21,[ 0.18569562  0.83135575 -0.7068363  -0.75978243 -0.19193155]
COCCN(c1cccnc1)P(=O)(c1ccccc1)c1ccccc1,[ 0.523576    0.00080496 -0.6564107  -0.19270284 -0.06067113]
CN1C(=O)CC(N2CCN(CCCN3c4ccccc4COc4ccc(CC(=O)O)cc43)CC2)N(C)C1=O,[ 0.41658294  0.6824757  -0.63181484  0.22373384 -0.28665662]
N#Cc1ccc2[nH]c(C(F)(F)F)nc2c1,[ 0.01112691  0.8774813  -0.7501703  -0.7426904  -0.28076977]
CN(C)N=Nc1nc[nH]c1C(N)=O,[ 0.09098908 -0.18331403 -0.71200216 -0.9937124   0.12122969]
Cn1c(=O)sc2cccc(Cl)c21,[-0.14322124  0.94338775 -0.40731612 -0.8219792  -0.32582444]
CC1=NN(c2ccccc2)C(=O)C1,[-0.6326312   0.8266106  -0.79636335 -0.63452685 -0.36774606]
C=CC(=O)OCCc1ccc(CC)cn1,[ 0.07646004  0.8227501  -0.60030204 -0.6338658  -0.06237138]
C=CC(=O)OCCCCCCOC(=O)C=C,[ 0.34084353  0.3912905  -0.06163714 -0.76984316 -0.09630904]
CC(O)C#N,[-0.5150558  -0.37706095 -0.35974023 -0.7097252  -0.16770987]
N=C(NN=Cc1ccc(Cl)cc1)NN=Cc1ccc(Cl)cc1,[ 0.47664848  0.73973006 -0.4738792  -0.9757082  -0.31415248]
COc1cccc(OC)c1O,[-0.06217221  0.550989   -0.8026128  -1.          0.39612553]
COC(C)C=O,[-0.7619469   0.73915035 -1.         -1.          0.6091197 ]
OCCOCCOCCOCCO,[ 0.06143964  0.8635029  -0.58380926 -0.93540967 -0.28905937]
Cc1cncc(C)n1,[ 0.69313467  0.8171232  -0.82016486 -0.43022192 -0.29560888]
C=CC[NH+]1CCCC1CNC(=O)c1cc2n[nH]nc2cc1OC,[ 0.24844973  0.53725135  0.36589018 -0.08880743  0.55902326]
COC(C)CC(=O)O,[ 0.26088062  0.8834253  -0.9802426  -0.7195048  -0.18887366]
C=CCc1ccccc1OCC(O)C[NH2+]C(C)C,[ 0.37157565  0.7039969  -0.7807133  -0.76357365 -0.51989377]
Oc1ccc(O)cc1,[ 0.33280116  0.786303   -0.526319   -0.6090771  -0.20165774]
CNCC(O)c1cccc(O)c1,[-0.13681865  0.68501025  0.26732534 -0.7445619  -0.05556249]
OCC(O)C(O)C(O)CO,[ 0.3887042   0.82693756 -0.5503235  -0.85554385 -0.34900346]
CC[C@@H]1OC(=O)[C@@H](C)[C@H](O[C@@H]2C[C@](C)(OC)[C@H](O)[C@@H](C)O2)[C@H](C)[C@H](O[C@@H]2O[C@H](C)C[C@H](N(C)C)[C@H]2O)[C@@](C)(O)C[C@@H](C)/C(=N\OCOCCOC)[C@H](C)[C@@H](O)[C@@]1(C)O,[ 0.2852183   0.8335961  -0.66529     0.08334327  0.20364492]
CCC(C)c1ccccc1,[ 0.45847747  0.76629144 -0.941301   -0.10170343 -0.23635249]
CCC(C)N(C)C(=O)c1cc2ccccc2c(-c2ccccc2Cl)n1,[ 0.61341274  0.8490568  -0.8761645  -0.9866782  -0.56795585]
O=S1(=O)CCN(c2ccccc2)CC1,[ 0.2494863  0.7249226 -0.9226285 -0.5485012  0.5499648]
C[C@@H]1O[C@@H](O[C@H]2[C@H](Oc3cc(O)c4c(c3)O[C@H](c3ccc(O)cc3)CC4=O)O[C@H](CO)[C@@H](O)[C@@H]2O)[C@H](O)[C@H](O)[C@H]1O,[ 0.61187583 -0.03734145 -0.7574499  -0.9092965   0.39757487]
CCC(C)(CC)c1cc(N)on1,[ 0.48394266  0.7936038  -0.52298945 -0.71455     0.03488908]
CCOc1ccc([C@@H](C)Nc2nc(N3CCN(C(C)=O)CC3)nc3c2CN(C(C)C)C3=O)cc1,[ 0.5028909   0.7684715  -0.7913108  -0.12477256  0.19838724]
C=CS(=O)(=O)CCCCCC,[ 0.33956707  0.8494402   0.47671896 -0.63359934 -0.3424039 ]
COP(=O)(SC(C)C)SC(C)C,[-0.74131644  0.91531533 -0.08322563 -0.21506602 -0.31041783]
O=C1c2cccc(S(=O)(=O)O)c2C(=O)c2c1cccc2S(=O)(=O)O,[ 0.34260178  0.19220868 -0.72841394 -0.6330211   0.16563094]
CCCCC(CC)COCCO,[-0.15667109  0.63477707 -1.         -0.47202998  0.21137391]
CC(O)CO,[ 0.48389366  0.99038386 -0.8516756  -0.85326415  0.78566295]
CC(=O)N1CCN(c2ccc(OC[C@H]3CO[C@](Cn4ccnc4)(c4ccc(Cl)cc4Cl)O3)cc2)CC1,[ 0.6071651   0.7576044  -0.78835976 -0.2862786  -0.20285873]
CC(=O)Oc1cc(C(F)(F)F)ccc1C(=O)O,[-0.17982444  1.         -0.97057575 -0.95935047 -0.15857051]
CC(O)C(=O)Nc1c(I)c(C(=O)NC(CO)CO)c(I)c(C(=O)NC(CO)CO)c1I,[ 0.25336996  0.77267724  0.4345625  -0.28683418 -0.15162726]
C=CC(=O)OCCOC(=O)CC(C)=O,[ 0.41494045  0.76338804 -0.7571066  -0.74508387  0.21258964]
CCCCN1C(=O)c2cccc([N+](=O)[O-])c2C1=O,[ 0.32033688  0.40846223 -0.71448135 -0.75968844  0.56687164]
CCOP(=S)(OCC)OC(C)CC,[-0.12230585  0.7913556  -0.6402863  -0.8125142   0.8063729 ]
CC1CN(C2CCCCCCCCCCC2)CC(C)O1,[ 0.66968256  0.7860445  -0.8251776   0.0076882  -0.38385507]
O=C1NC(=O)C(c2ccccc2)(c2ccccc2)C(=O)N1,[ 0.5751477   0.71416664 -0.9748513  -0.7728827   0.00446114]
C[C@@H]1NC(=O)[C@@H](C)NC(=O)[C@H](C)N(C)C(=O)[C@@H](C)N(C)C(=O)[C@@H](C)NC(=O)[C@H](C)N(C)C1=O,[ 0.00665573  0.81780946 -0.63484025 -0.7889211  -0.00713036]
O=P([O-])([O-])C(Cl)(Cl)P(=O)([O-])O,[ 0.38740638  0.83350813 -0.68503547 -0.81429213 -0.09218924]
CCOC(=O)NCCOc1ccc(Oc2ccccc2)cc1,[-0.44226953  0.8320074  -0.9653359  -0.68724     0.5204896 ]
Clc1ccc(N2N=NC3C4CC(C5N=NC45)C32)cc1,[ 0.2570226  0.7743652 -0.83318   -0.7039673 -0.320768 ]
O=C1CCc2cc(C=CCN3CCN(c4ccc(Cl)cc4)CC3)ccc2N1,[ 0.24261372  1.         -0.9163914  -0.222709   -0.29782495]
CCC(=O)N(c1ccccc1)C1CCN(CCc2ccccc2)CC1,[-0.08635379  0.12935197 -0.7166892  -0.5521185  -0.27870122]
CN1CCN(C2=c3ccccc3=Nc3ccc(Cl)cc3N2)CC1,[-0.57622725  0.7223959  -0.88523036 -0.36823162 -0.2902836 ]
CC1OC(OC2C(O)CC(OC3C(O)CC(OC4CCC5(C)C(CCC6C5CC(O)C5(C)C(C7=CC(=O)OC7)CCC65O)C4)OC3C)OC2C)CC(O)C1O,[-0.03268176  0.49027866 -0.7415038  -0.50279063 -0.40893152]
CC[C@H](C)[C@H](NC(=O)[C@H](CCC(=O)[O-])NC(=O)[C@H](CCC(=O)[O-])NC(=O)[C@H](Cc1ccccc1)NC(=O)[C@H](CC(=O)[O-])NC(=O)CNC(=O)[C@H](CC(N)=O)NC(=O)CNC(=O)CNC(=O)CNC(=O)CNC(=O)[C@@H]1CCCN1C(=O)[C@H](CCCNC(N)=[NH2+])NC(=O)[C@@H]1CCCN1C(=O)[C@H]([NH3+])Cc1ccccc1)C(=O)N1CCC[C@H]1C(=O)N[C@@H](CCC(=O)[O-])C(=O)N[C@@H](CCC(=O)[O-])C(=O)N[C@@H](Cc1ccc(O)cc1)C(=O)N[C@@H](CC(C)C)C(=O)[O-],[-0.1016193   0.19391562 -0.12800518 -0.6238669   0.6682208 ]
O=CNC(N1CCN(C(NC=O)C(Cl)(Cl)Cl)CC1)C(Cl)(Cl)Cl,[ 0.43205583  0.7918317  -0.8274287  -0.9639221  -0.27717483]
Cc1c(-c2c(C)c(N)c3c(C(C)C)c(O)c(O)c(C=O)c3c2O)c(O)c2c(C=O)c(O)c(O)c(C(C)C)c2c1N,[-0.01011016 -0.9213748  -0.75963175 -0.49921262  0.29845217]
CCCCOC(=O)CC(SC(CC(=O)OCCCC)C(=O)OCCCC)C(=O)OCCCC,[-0.04712946  0.58648    -0.53374213 -0.31796154  0.0402465 ]
CC(C)(C)NC(=O)C1CC2CCCCC2CN1CC(O)C(Cc1ccccc1)NC(=O)C(CC(N)=O)NC(=O)c1ccc2ccccc2n1,[ 0.22652842  0.69147736 -0.96972746 -0.24814717 -0.2677222 ]
S=c1[nH]c2cc(Cl)ccc2o1,[-0.03160139  0.75189483  0.4626763  -0.574415   -0.29150283]
C1=CCCC=CCCC=CCC1,[-0.26359564  0.8584523  -0.7994824  -0.8863333  -0.2357388 ]
C=CCNC(=S)Nc1ccccc1,[-0.4861718  -0.89678365 -0.62736195 -0.29911998 -0.30699155]
OCCOCCCl,[ 0.06060336  0.7881229  -0.85798687 -0.8295917  -0.30760345]
CCCCOCC1CO1,[-0.2790083   0.36524412 -0.8691478  -0.84089303 -0.11750318]
CCCc1nnc(CSP(=S)(OCC)OCC)o1,[ 0.25765193  0.94338286 -0.6056415  -0.5128815  -0.11596724]
C=CCI,[ 0.38744926  0.45012274 -0.66746306  0.26068044 -0.01159022]
CC(C)NC(=O)c1cnc(N2CCC(N3C(=O)OCc4ccccc43)CC2)c(Cl)c1,[ 0.19347373  0.96858793 -0.79835993 -0.60770583 -0.07941052]
COP(=S)(OC)SCC(=O)N1CCOCC1,[ 0.408157    0.8970652  -0.65024674 -0.3357326   0.09634092]
CCOC(=O)c1noc(C)c1C(C)=O,[ 0.5332809  -0.4223285  -0.809254   -0.8190732  -0.03144399]
CN1C(=O)CN=C(c2ccccc2F)c2cc(Cl)ccc21,[ 0.0582029   0.8145229  -0.80831623 -0.37160754 -0.40427774]
CCCCN(CCCC)SN(C)C(=O)ON=CC(C)(C)SC,[ 0.13299423  0.70231545 -0.24885763 -0.5841028  -0.38047573]
Nc1cc[n+]([O-])cc1,[ 0.03123047  1.         -0.7199656  -0.6668675   0.88309836]
CC(C)(C)NC[C@H](O)COc1nsnc1N1CCOCC1,[-0.16018361  0.7821885  -0.30190247  0.07754228 -0.10721194]
OCCOc1cc(Cl)c(Cl)cc1Cl,[-0.11446998  0.74900204 -0.71864927 -0.46148768  0.12268991]
CC(CN1CC(=O)NC(=O)C1)N1CC(=O)NC(=O)C1,[-0.70585304  0.7395368  -1.         -1.         -0.1372152 ]
CCCOC(=O)c1ccc(C(=O)OCCC)nc1,[ 0.04801389 -0.09031434 -0.56301457 -0.54758114 -0.05246753]
Clc1cc(Cl)cc(Cl)c1,[ 0.720012   -0.62961745 -0.79379046 -0.7336828   0.58402133]
CC(C)(C(=O)O)S(C)(=O)=O,[ 0.3701086   0.7583603  -0.5627884   0.33365932  0.22712603]
O=C(Cl)c1cccc(C(=O)Cl)c1,[ 0.28321546  0.30624053 -1.         -0.61709005 -0.11630546]
ClCc1ccccc1,[ 0.77361435  1.         -0.34101057 -0.7432068   0.17588717]
COc1ccc(-c2cc(=O)c3ccc(OC)cc3o2)cc1,[ 0.3760184   0.7542322  -0.7218288  -0.74933887  0.12009227]
CC1(C)C(=O)N(CO)C(=O)N1CO,[ 0.39731807  0.4859264  -0.69329834  0.52535677 -0.11818658]
NNC(=O)c1ccncc1,[-0.7099643   0.7476884   0.08454616 -0.93395    -0.38979024]
C=C(C)C(=O)OC=C(C)C,[ 0.20457697 -0.5979843  -0.7480014  -0.8067461  -0.4555144 ]
COC(C)COC(C)COC(C)CO,[ 0.47864914  0.41722423 -0.644351   -0.2810824   0.02138942]
CN[C@H](CC(C)C)C(=O)N[C@H]1C(=O)N[C@@H](CC(N)=O)C(=O)N[C@H]2C(=O)N[C@H]3C(=O)N[C@H](C(=O)N[C@H](C(=O)O)c4cc(O)cc(O)c4-c4cc3ccc4O)[C@H](O)c3ccc(c(Cl)c3)Oc3cc2cc(c3O[C@@H]2O[C@H](CO)[C@@H](O)[C@H](O)[C@H]2O[C@H]2C[C@](C)(N)[C@H](O)[C@H](C)O2)Oc2ccc(cc2Cl)[C@H]1O,[ 0.23761877  0.7356904  -0.67489314 -0.5207596   0.41520992]
CN(CCO)Cc1cc(C(=O)c2cccs2)cc(C(C)(C)C)c1O,[-0.5809212   0.9004665  -0.8981268  -0.83292484  0.43491   ]
O=C(COc1ccc(Cc2ccc(Cl)cc2)cc1)OCc1cccnc1,[-0.29761475  0.79196775 -0.9358182  -0.78209066  0.00630791]
CCCOCCOC(=O)C1=C(C)NC(C)=C(C(=O)OCCOCCC)C1c1cccc([N+](=O)[O-])c1,[ 0.5068616   1.         -0.82529366 -1.         -0.5917272 ]
CCNC(=O)CSP(=S)(OC)OC,[ 0.19850345  0.8762146  -0.6509078  -0.6760722  -0.31125394]
COc1cc(OC)c(S(=O)(=O)NCc2ccccc2N2CCCCC2)cc1NC(=O)CCC(=O)O,[ 0.55406415  0.7477745  -0.6968332  -0.5767209  -0.06734645]
O=c1[nH]c(=O)c2ccccc2o1,[-0.44422957  0.8060087  -0.70403785 -0.67494804 -0.12354314]
CCOP(=O)(OCC)Oc1ccc(S(C)(=O)=O)c(C)c1,[-0.5001451   0.83271    -0.8540013  -0.70889044 -0.24238482]
CN(C)C(Cc1ccccc1)c1ccccc1,[ 0.2688037   0.9709044  -0.84311813 -0.76480764  0.07163253]
CCCCCC(=O)O,[ 0.5579885  0.6479751 -0.7592764 -0.7382432 -0.1766265]
Brc1ccc2[nH]cc(CC3CCNCC3)c2c1,[ 0.29531148  0.94727093 -0.8014971  -0.7805274   0.0669002 ]
CCC(c1ccccc1)c1c(O)c2ccccc2oc1=O,[ 0.23193106  0.91274756 -0.9137655  -0.90246654 -0.21577217]
O=P([O-])([O-])C(O)(Cn1ccnc1)P(=O)([O-])O,[-0.68157214  0.2790095  -0.6758081  -0.252244    0.20563681]
O=[N+]([O-])N1CN([N+](=O)[O-])CN([N+](=O)[O-])C1,[ 0.2190817  -0.712437   -0.3256316  -0.8739532  -0.36223066]
COc1ccc(C(=O)Nc2ccccc2CCC2CCCCN2C)cc1,[ 0.28428483  0.86364204 -0.6750387  -0.9951049   0.69141245]
C=C1CC1CC(N)C(=O)O,[ 0.10797038  0.5560061  -1.         -0.943393    0.62147176]
Cn1c(COP(=O)(NCCBr)NCCBr)cnc1[N+](=O)[O-],[-0.03128636  0.86915696 -1.         -0.01860386  0.07274012]
CCCCCCCCOC(C)=O,[-0.13715036  0.48318842 -0.8693543  -0.89176136 -0.4637148 ]
COc1cc2nc(N3CCN(C(=O)C(C)OC)CC3)nc(N)c2cc1OC,[ 0.29569453  0.7549911  -0.5752857  -0.70961654 -0.6090301 ]
COP(=O)(OC)SC(CC(=O)OC(C)C)C(=O)OC(C)C,[ 0.35919762  0.95427936 -0.6926674  -0.5989864   0.18887635]
CCC(=O)NCCC1CCc2ccc3c(c21)CCO3,[-0.02448307  0.46691912 -1.         -0.7522717   0.2097155 ]
O=C(CCl)CCl,[ 0.22047345  0.85372096 -0.9395801  -0.2980451  -0.28811938]
Cc1cnc(C)c(C)n1,[ 0.13139907  0.07504117 -0.62906146 -0.5567198  -0.04365034]
CC1CCC2(O)C3(C)CC4(O)OC2(C1O)C1(O)C3(O)C(OC(=O)c2ccc[nH]2)C(O)(C(C)C)C41C,[ 0.01036675  0.9257024  -0.8254078  -0.48436344  0.19857809]
OCCOCCN1CCN(C(c2ccccc2)c2ccccc2)CC1,[-0.0503071  -0.05462891 -0.397432   -0.5634562  -0.16461276]
C=COC(=O)CCCCCCC,[-0.20125155  0.7415473  -0.77738523 -0.434834   -0.29547775]
CCc1ccc2[nH]c(C(F)(F)F)nc2c1,[ 0.2173873  -0.25093672 -0.90492666 -1.          0.352607  ]
O=C(CCCCCCC(=O)Nc1ccccc1)NO,[ 0.23953949  0.18840964 -0.90614295 -0.9183172  -0.2098222 ]
c1cc2c(c(N3CC[NH2+]CC3)c1)OCCO2,[ 0.39779562  0.50373745  0.19061399 -0.13826916 -0.35939696]
Nc1cc(Cl)ccc1O,[-0.03429845  0.36663538  0.41073754 -0.11913853 -0.48817617]
CC(C(N)=O)(c1ccccc1)c1ccc(N)cc1,[ 0.67514294  0.76614976 -1.         -0.5288916  -0.85645187]
CCCCCCN,[-0.5291329   0.9242557  -0.39452907 -0.5220369   0.07770586]
CCCSP(C)(=S)Oc1ccc(Cl)cc1Cl,[ 0.52711856  0.92013794 -0.6889391  -0.83684593 -0.27312464]
COc1cc2c3c(c1O)C1(C=CC(=O)C=C1)CC3N(C)CC2,[ 0.00286457  0.68601394 -0.7755355  -0.01167518  0.09040851]
CCS(=O)CCSP(=O)(OC)OC,[ 0.21647732  1.          0.57780206 -0.53474337 -0.01803591]
C#CC1(O)C=CC2C3CCC4=CC(=O)CCC4C3CCC21CC,[-0.10883356  0.7894602  -1.         -0.9487562  -0.32637072]
COC(=O)c1ccccc1N=NN(C)C,[-0.08955861  0.8939967   0.0351127  -0.67358565  0.13446839]
FC(F)(F)c1nc2c(I)cc(I)cc2[nH]1,[ 0.32339782  0.9791181  -0.77754253 -0.7040743   0.26699224]
OCCOCCN1CCN(C(c2ccccc2)c2ccc(Cl)cc2)CC1,[ 0.40651587 -0.47431907 -0.56890583 -0.6263744  -0.29976332]
COc1cc2ncc(C(N)=O)c(Nc3ccc(C)cc3F)c2cc1OC,[ 0.1478683   0.7293977  -0.5859419  -0.78804874 -0.08704063]
COc1ccc2ccc(=O)n(CCN3CCC(NCc4cc5c(cn4)OCCO5)CC3)c2n1,[ 0.03929606  0.37983963 -0.9188254  -0.687074   -0.06375139]
C#CC(C)(C)O,[ 0.35178512  0.5159052  -0.8277682   0.36420715 -0.16804178]
NS(=O)(=O)c1cc2c(cc1Cl)NCNS2(=O)=O,[ 0.22416487  0.3730923  -0.27067426 -0.76248723  0.5439182 ]
Cc1cc(-c2ccc(Cl)c(C(=O)NCC3(O)CCCCCC3)c2)nn1C[C@H](O)CN,[ 0.51359975  0.45816156 -1.         -1.         -0.47733176]
Nc1nc(-c2ccccn2)nc(N)c1Cc1ccc(Cl)cc1Cl,[ 0.20362319  0.84393734 -0.7191705  -0.29136747 -0.39575556]
Cc1cccc(C)c1NC(=O)C1CCCC[NH+]1C,[ 0.24293809  0.8491448  -1.         -0.6071995  -0.33593312]
Cc1c(Sc2ccc(Cl)cc2)c2c(-c3ccccc3)cccc2n1CC(=O)O,[ 0.35580084  1.         -0.93363804 -0.59349024 -0.34903684]
CC(=O)OC(C)OC(=O)C(C)c1ccc(-c2ccccc2)c(F)c1,[ 0.39936858  0.80575    -0.8107887  -0.67901736  0.7924875 ]
CC(C)=CCN1CCC2(C)c3cc(O)ccc3CC1C2C,[ 0.13939482  0.9762225  -0.88463664 -0.39386153  0.2873134 ]
CN(C)CCOCCOCCN(C)C,[-0.21847753 -0.3008833  -0.82101214 -0.841862   -0.2250753 ]
C#CCN1C(=O)CN=C(c2ccccc2)c2cc([N+](=O)[O-])ccc21,[ 0.31001332  0.96117747 -0.7031388  -0.2773451  -0.1334461 ]
CC(NC(C)c1ccccc1)c1ccccc1,[ 0.29499492 -0.11154425 -0.20456327 -0.5864887   0.04847617]
CC(=O)c1c(C)c2cnc(Nc3ccc(N4CCNCC4)cn3)nc2n(C2CCCC2)c1=O,[-0.3956044   0.95118535 -0.9782505  -0.4043975  -0.09629485]
CCCCCCCC=CC=O,[ 0.33894157  0.8432655  -0.8406715  -1.         -0.02142866]
Cc1ccc2c(c1)c(-c1ccnc3cc(Cl)ccc13)c(C)n2CC(=O)O,[-0.11160911  0.16239505  0.19733587 -0.76061225 -0.21034728]
CCCOCCN(C(=O)CCl)c1c(CC)cccc1CC,[ 0.29710177  0.70928246 -0.5437243   0.02666947  0.20695734]
CCOC(=O)C=Cc1ccc(Cl)cc1,[ 0.17643756  0.82586575 -0.693755   -0.46870103  0.26146197]
CC(=O)C1OC1(C)C,[ 0.32365426  0.80983216 -0.7859329  -0.66042495 -0.42173487]
C=CCOC(=O)CCCCC,[ 0.09194063  0.68523866 -0.25242943  0.6876892  -0.39759836]
CC[C@H](C)C(=O)O[C@H]1C[C@H](O)C=C2C=C[C@H](C)[C@H](CC[C@@H](O)C[C@@H](O)CC(=O)O)[C@H]21,[ 0.00721444  0.99839896 -0.7556967  -0.7640212  -0.04014608]
CN1C[C@@H]2c3ccccc3Oc3ccc(Cl)cc3[C@H]2C1,[ 0.12109798 -0.19350012 -0.75536335 -0.49534905 -0.23815209]
FC(F)(F)c1nc2c(Cl)c(Cl)cc(Cl)c2[nH]1,[ 0.38801512  0.64549893 -1.         -0.7642676   0.647075  ]
ClCC1C(CCl)C2(Cl)C(Cl)=C(Cl)C1(Cl)C2(Cl)Cl,[ 0.66192585  0.7079696  -0.8223576  -0.6242222   0.06250992]
Cc1ccc(C(=O)c2ccc(CC(=O)NCC(=O)Nc3cccc(C)c3C)n2C)cc1,[ 0.2150522   0.8056844  -0.55210996  0.05962399  0.008971  ]
O=C(CF)Nc1ccccc1,[-0.8680273   0.9370793  -0.88992304 -0.8111279   0.28051302]
CCCOP(=O)(SCCC)SCCC,[-0.31494153  0.61222047  0.07684115 -1.         -0.24071611]
ClCC(Cl)=C(Cl)Cl,[ 0.28537282  0.74119383 -0.8285525  -1.         -0.20941322]
COC(=O)c1cc(Oc2ccc(Cl)cc2Cl)ccc1[N+](=O)[O-],[-0.16036037  0.10557576 -0.21485144 -0.62782675 -0.21996891]
CC(O)c1cccc(N)c1,[ 0.5004956   0.81285465 -0.7699154   0.37319306 -0.67369866]
CC(C)(C)NCCO,[-0.01580688  0.90605843 -0.62234885 -0.9329546   0.52875376]
O=C(Nc1ccccc1-c1ccccc1)OC1CCN(CCCCCCCCCNC[C@H](O)c2ccc(O)c3[nH]c(=O)ccc23)CC1,[ 0.21341781  0.95898753 -0.84755665 -0.5977658   0.1053544 ]
O=[N+]([O-])c1cc(Cl)ccc1Cl,[ 0.2013318   0.7635058   0.2510379  -0.22990099  0.13556303]
CON=C(C(=O)NC1C(=O)N2C(C(=O)O)=C(COC(N)=O)CSC12)c1ccco1,[-0.21514879  0.19207731 -0.88517535 -0.9191704  -0.07713154]
Cc1ncccc1Oc1ncnc(OC2CCN(C(=O)OC(C)C)CC2)c1C,[-0.25539944  0.8987092  -1.         -0.98284143 -0.03857435]
COc1ccc(NC(=O)CF)cc1,[ 0.41479748  0.73598874 -0.54430115 -0.6804526  -0.20898819]
COC(=O)C(C)N(C(=O)Cc1ccccc1)c1c(C)cccc1C,[-0.22137076  0.5454492  -0.7934662  -0.91403794  0.51521486]
COC(=O)c1ccccc1,[ 0.36284262  0.710651   -0.64392185 -0.53144103  0.04710164]
C=COC(=O)C=CC,[-0.31931227  0.8604083  -0.58139175 -0.92509484 -0.05280824]
C[N+](C)(C)[NH2+]CCC(=O)[O-],[-0.01424511  0.9903444  -0.8496301  -1.          0.46989492]
COc1cc([C@@H]2c3cc4c(cc3[C@@H](O[C@@H]3O[C@@H]5CO[C@@H](C)O[C@H]5[C@H](O)[C@H]3O)[C@H]3COC(=O)[C@H]23)OCO4)cc(OC)c1O,[ 0.17172626  0.73209965 -0.9571767  -0.63924503  0.6591139 ]
Fc1ccc(Br)cc1,[-0.2995697   0.7899082  -0.8333033  -0.64821655  0.00501631]
CCN(CC)c1ccc(-c2nc(=O)n(C)nc2-c2ccc(N(CC)CC)cc2)cc1,[-0.0570062   0.0669596  -0.8833424   0.7473162   0.41144243]
CCOP(=S)(NC(C)C)Oc1ccccc1C(=O)OC(C)C,[-0.42194444  0.773215   -0.9113262  -0.73966056  0.37638855]
COCCNC(=O)c1ccc(Nc2ncc3cc(-c4ccncc4)ccc3n2)cc1C,[-0.14519407 -0.5068871  -0.99985534 -0.6119266   0.42788333]
O=C(O)CCCCCC(=O)O,[ 0.64836067  0.9030965  -1.         -0.47901747  0.29563722]
CC1CS1,[ 0.33694342  0.9390279  -0.8690303  -0.8774258  -0.04098512]
Cc1ccc2c(c1)c(Sc1cccc(Cl)c1)c(C)n2CC(=O)O,[-0.14166018  0.80298513 -0.8383173  -0.73558015 -0.02125031]
O=C(NC[C@@H](O)CN1CCC(Oc2ccc(Cl)c(Cl)c2)CC1)c1c[nH]c(=O)c2cc(F)ccc12,[-0.70460355  0.8122683  -0.543155   -0.9024689   0.30015326]
CCOC(=O)c1c(C)cc2c(CO)n[nH]c(=O)c2c1C,[-0.00148996  0.57892597  0.6625778  -0.400899   -0.39285862]
CN1CCN(CCC=C2c3ccccc3Sc3ccc(S(=O)(=O)N(C)C)cc32)CC1,[-0.15846886  0.9480872  -0.44731143 -0.7739791  -0.0462545 ]
O=CCc1ccccc1,[ 0.17821804 -0.19504867 -0.88877374  0.15507132 -0.10264563]
C[C@@H]1NC(=O)[C@H](C)N(C)C(=O)[C@@H](C)N(C)C(=O)[C@H](C)NC(=O)[C@@H](C)NC(=O)[C@@H](C)N(C)C1=O,[-0.11514007  1.         -0.3491317  -0.65855473 -0.41430083]
C=COC(=O)CCCCC(=O)OC,[ 0.10876812 -0.1065299  -0.8160857  -0.45102862  0.7385585 ]
CC(C)CN,[-0.5258283   0.87706983 -0.8064684  -0.839207   -0.03444991]
CCC(O)CO,[-0.0279144   0.994002   -0.85857606 -0.30108252 -0.12811196]
Cc1ccn(C(=O)NCCCCCCCl)n1,[ 0.43801355  1.         -0.8112881  -0.07276984 -0.37451062]
O=C(CN1CCOCC1)NN=Cc1ccc([N+](=O)[O-])o1,[ 0.23078851  0.7831247  -0.91311014 -0.5179586   0.15003116]
COc1cc2nc(N3CCN(C(=O)C4COc5ccccc5O4)CC3)nc(N)c2cc1OC,[ 0.32678667  0.8895599  -0.728307   -0.14233764 -0.38466796]
CC12CCC3c4ccc(O)cc4CC(CCCCCCCCCS(=O)CCCC(F)(F)C(F)(F)F)C3C1CCC2O,[ 0.35301253 -0.24154794 -0.6144474  -1.         -0.06900848]
Oc1ccc2[nH]c(C(F)(F)F)nc2c1,[-0.036397    1.         -0.74089813 -0.6741002  -0.22345892]
CCOC(=O)C(C)Oc1ccc(Oc2nc3ccc(Cl)cc3s2)cc1,[-0.08364207 -0.46766886 -0.49964163 -0.8773094  -0.17800157]
CC(C=O)=Cc1ccco1,[ 0.01754     0.82317847 -0.7425733  -0.8524561  -0.33560827]
COP(=S)(OC)SCSCC=C(Cl)Cl,[ 0.04959056  0.61251867 -0.28223795 -0.6368267  -0.05477602]
CCOP(=S)(OCC)Oc1cc(C)n(CC)c(=O)c1,[ 0.23864728  0.840933   -0.76016426 -0.6186955  -0.20520535]
CC(C)c1cc(Oc2ccccc2)cc(C(C)C)c1NC(=S)NC(C)(C)C,[ 0.08340937  0.8488059  -0.9438046  -0.50352204 -0.22370486]
Cc1cc(Cl)ccc1OCCCC(=O)O,[ 0.28497434  0.8469581  -0.8480612  -0.61810076 -0.2193341 ]
Nc1cc2c(S(=O)(=O)O)cc(S(=O)(=O)O)cc2cc1S(=O)(=O)O,[ 0.28252494  0.8841513  -0.86135095 -0.36547086  0.1755713 ]
Cc1cccc(Nc2ccncc2S(=O)(=O)[N-]C(=O)NC(C)C)c1,[-0.40225586  0.65086854  0.4058685  -0.51250535 -0.28754497]
Nc1ccc([N+](=O)[O-])cc1N,[ 0.7073753   0.77763116 -0.671242   -0.21080445 -0.0111201 ]
C=C(Cl)C(Cl)CCl,[-0.06391038  0.5307859  -0.17990372  0.52431333  0.14148222]
N#CC(c1ccccc1)c1ccccc1,[ 0.6487228   0.68519974 -0.827269   -0.7631954   0.00330646]
CCOc1cc(OCC)c(C(=O)CCC(=O)O)cc1OCC,[ 0.2995416   0.8684084  -0.9335186  -0.7771876   0.23346166]
CCCCOCCOCCCC,[ 0.50639266  0.6873559  -0.9630207  -0.617484    0.13127741]
Cc1c(Sc2ccc(Cl)cc2)c2c(S(C)(=O)=O)cccc2n1CC(=O)O,[-0.43500888  0.82929677 -0.79357654 -0.7418405  -0.31719312]
CCC(CCCCOC(=O)c1ccccc1)COC(=O)c1ccccc1,[ 0.41238713  0.6977325  -0.8087556  -0.5152362   0.03202239]
CCOCCCO,"[ 3.9974082e-01  9.5900643e-05 -6.9765699e-01 -2.8862095e-01
 -2.4747413e-02]"
CCOC(C)COC(C)CO,[ 0.3068955   0.7541623  -0.91017973 -0.557957    0.03676907]
CCC(C)C(=O)OC1CCC2(C)C3CC(O)C4C5(O)C(CC42OC13O)C1CN2CC(C)CCC2C(C)(O)C1C(O)C5OC(=O)C(C)(O)CC,[ 0.13213432  1.         -0.33864933 -1.         -0.27954054]
CCCNC(=N)C(OCC)c1ccccc1,[ 0.6355793   0.93432456 -0.99575245 -0.72071844  0.01930439]
CC(NNC(=O)c1ccccc1)c1ccccc1,[ 0.18203525  0.82443815 -0.90668154 -1.          0.14612526]
O=C1CC(N2C(=O)c3ccccc3C2=O)C(=O)N1,[-0.31079662  0.04742802 -0.22670855 -0.5265485  -0.04024172]
CC(C)Oc1cc(-n2cnc3ccc(N[C@@H](CO)c4ccc(F)cn4)nc32)n[nH]1,[-0.42517817  0.62467396 -0.562218   -0.733051   -0.2138318 ]
Cc1c(Sc2ccc(Cl)cc2)c2c(-c3cnccn3)cccc2n1CC(=O)O,[-0.2618134  -0.4147484  -0.30769032 -0.9987086  -0.12669566]
CN(C)c1ccc(O)c2c1CC1CC3C([NH+](C)C)C([O-])=C(C(N)=O)C(=O)C3(O)C(O)=C1C2=O,[-0.03095737  0.8044536  -0.7042893  -0.7716944  -0.2728951 ]
CCOC(=O)C1OC1c1ccccc1,[ 0.41397035  0.8900082  -1.         -0.73216987 -0.41900846]
CCN(CC)CCCCCCCCCCNC(=O)Oc1ccc2c(c1)C1(C)CCN(C)C1N2C,[ 0.1980894   0.7289339  -0.77859193 -0.55252516  0.4703176 ]
CCCCCCCCCCCCNC(N)=S,[ 0.00874885  0.8950549  -0.8021012   0.22207311 -0.0913845 ]
Cc1ccc(N=C=O)cc1N=C=O,[-0.0756951   0.39389116 -0.61884445 -1.         -0.09448764]
Cc1c(Cl)c([N+](=O)[O-])c2[nH]c(C(F)(F)F)nc2c1[N+](=O)[O-],[ 0.0188624  -0.41093144 -0.35733467 -0.7603989  -0.39004302]
COc1cc2ncc(C(N)=O)c(Nc3cccc(Cl)c3Cl)c2cc1N1CCN(C)CC1,[ 0.1515926   0.5929585  -0.8024423  -0.931775   -0.49529955]
CCCCCCCCCCCCCCCCCCOP(=O)([O-])OCC[N+]1(C)CCCCC1,[-0.51271135  0.7723522  -0.44277844 -0.79147243 -0.41191986]
COc1ccccc1NC(=O)CC(C)=O,[-0.6661586   0.6908918  -0.83084565 -0.6472646  -0.31193757]
Cc1cc(Nc2cncc(N[C@@H](C)c3ccc(F)cn3)n2)n[nH]1,[ 0.28012404 -0.67361844 -0.5639191  -0.5140857  -0.06743186]
CNC(=N)c1cccc(CC(CC(=O)N2CCC(C(=O)O)CC2)NS(=O)(=O)c2ccc3ccccc3c2)c1,[-0.28163528  0.25419578 -0.5464578   0.6750608  -0.1313499 ]
CC(C)(c1ccc(Oc2ccc(N)cc2)cc1)c1ccc(Oc2ccc(N)cc2)cc1,[-0.5825572  -0.3600493   0.0818838  -0.8931034   0.26655227]
CCN(CC)CCNC(=O)c1cc(Br)c(N)cc1OC,[ 0.14077795  0.8822788  -0.92112994 -0.8657109   0.10423359]
Cc1cc(Cl)ccc1OCC(=O)Nc1ccccc1,[-0.403687    0.9249804  -0.790244   -0.58084196 -0.20605856]
CCc1cc2c(s1)-n1c(C)nnc1CN=C2c1ccccc1Cl,[-0.37172395  0.9104447  -0.54945034 -0.6865757  -0.2424502 ]
Nc1ccc(O)c([N+](=O)[O-])c1,[-0.15788281 -0.8756669  -0.6820079  -0.50283986  0.21869658]
CC(C)C1NC(=O)c2ccccc2O1,[-0.04201935  0.83830065 -1.         -0.7765807  -0.29377836]
O=C(Cl)CCl,[ 0.49251163  0.6295846  -0.23676853 -0.60565215 -0.15184012]
C[C@@H]1NC(=O)[C@@H](C)N(C)C(=O)[C@@H](C)N(C)C(=O)[C@H](C)NC(=O)[C@H](C)N(C)C(=O)[C@@H](C)N(C)C1=O,[ 0.22695301  0.66721654 -0.9245579   0.22141671  0.23097216]
COP(=O)(OC)ON1C(=O)c2cccc3cccc(c23)C1=O,[ 0.13584174  0.72037834 -0.74204     0.00474204  0.3989038 ]
CC(=O)Oc1cccc(Oc2ccc(C(F)(F)F)cc2Cl)c1,[ 0.44146743  0.79092485 -0.7017434  -0.69517946  0.0371002 ]
C=CC(=O)Nc1ccc(O)cc1,"[ 7.4089546e-04  5.6264651e-01 -8.4971106e-01 -1.0000000e+00
 -4.3089673e-01]"
CCC1(CC)Oc2cccc(OC(=O)N(C)C(C)=O)c2O1,[ 0.29990274  0.8048754  -0.68668896 -0.7444989   0.69161814]
Cc1c(CN2CCOC(c3ccccc3)C2C)c(=O)n(-c2ccccc2)n1C,[-0.09343286  0.7035403  -0.7132626  -0.95946866 -0.2777833 ]
CCc1nn(C2CCCC2)c2c1CCn1c(-c3cccs3)nnc1-2,[ 0.16967927  0.9564528   0.54234135 -0.27075163 -0.10098959]
Cc1cccc2sc3nncn3c12,[ 0.31692144  0.7463043  -0.5639384   0.15572754 -0.3371264 ]
Nc1cc2c(cc1C1CCCCC1)CCC2C(=O)O,[ 0.634693   -0.05090862 -0.7888316  -0.533453   -0.2696756 ]
COC(=O)/C=C/CNC(=O)CN1C(=O)[C@@H](COC(=O)Nc2ccc(Cl)cc2C(F)(F)F)N=C(c2ccccc2)c2ccccc21,[ 0.14314283  0.832535   -0.8138366  -0.8154331   0.65214545]
C#CC1(O)C(CO)OC(n2ccc(N)nc2=O)C1O,[-0.6490069   0.75988156 -0.7631698  -0.69423765 -0.24883167]
COc1cc(OC)c(C(=O)CCCN2CCCC2)c(OC)c1,[ 0.35527116  0.87915945 -0.70050526 -0.7861191  -0.2988851 ]
Clc1cccc([Si]23OCCN(CCO2)CCO3)c1,[ 0.3677605   0.75085723 -0.35150042 -0.7920046  -0.45723313]
CC(C)c1cccc(C(C)C)c1O,[ 0.38196087 -0.99978274 -0.812377   -0.41209865 -0.01846134]
CCCSP(C)(=S)OP(C)(=S)SCCC,[ 0.13504887  0.8324559  -0.8246726  -0.8648254  -0.56496036]
CCOP(=S)(Oc1cccc2cccnc12)c1ccccc1,[ 0.26237926  0.84294814 -0.65288806 -0.2993481   0.19178547]
C#CC(C)(O)C(O)c1ccccc1,[ 0.20181474  0.7739646  -0.8129134  -0.3161902   0.07542616]
C#CC(C)(C)NC(=O)c1cc(Cl)cc(Cl)c1,[ 0.02566317  1.         -0.79475504 -0.7653684   0.8273043 ]
OC[C@@H]1CC[C@H](n2cnc3c(O)ncnc32)O1,[ 0.17911635  0.7063429   0.25887495 -0.10862977 -0.5489402 ]
CCOP(=O)(CC)SC,[ 0.0777007  -0.709799   -0.44719893 -0.6754432  -0.05799094]
Cc1cnc(NCCCN(C)C)c2c1[nH]c1ccc3cc(O)ccc3c12,[-0.08558752  0.7439778  -0.2515031  -0.85278434  0.26717475]
COC(=O)C(C)NP(=O)(OC[C@@H]1C=C[C@H](n2cc(C)c(=O)[nH]c2=O)O1)Oc1ccc(I)cc1,[ 0.22375622 -0.08046533 -0.79892784 -0.8984084   0.19790699]
O=NN1CCCCC1,[-0.39340243  0.94132495 -0.8841276  -0.7986611   0.21447936]
O=C1COc2ccc(CNC3CCN(CCN4C(=O)COc5ccc(Cl)cc54)CC3)nc2N1,[-0.25919703  0.76348877 -0.798548   -0.55352384  0.10756076]
CC(COc1ccc(Cl)cc1Cl)C(=O)O,[ 0.16353102  0.929557   -0.839341   -0.7327787   0.16206302]
CN(C)C1C(O)=C(C(N)=O)C(=O)C2(O)C(O)=C3C(=O)c4c(O)cccc4C(C)(O)C3C(O)C12,[ 0.3464917   0.8611903  -0.8885654  -0.90797096  0.4759374 ]
CC#CCC(C)C(O)/C=C/C1C(O)CC2C/C(=C/CCCC(=O)[O-])CC21,[-0.49507096  0.86329895 -0.66889244 -0.44278738  0.2857414 ]
C=C[Si](OC)(OC)OC,[ 0.34557092  0.7934176  -0.6095925  -1.          0.02745016]
CCN(CC)c1ccc2cc(C(=O)NC3(C(=O)N[C@H](Cc4ccccc4)C(=O)NCC4CCN(CC5CCOCC5)CC4)CCCC3)sc2c1,[-0.28853217  0.18485221 -0.30138507  0.5808999  -0.38998106]
O=CC=CC1CO1,[ 0.2692633   0.80842954 -0.9275582  -0.8412384   0.0873958 ]
CC1OC(n2ccc(NC(=O)c3ccc(NC(=O)C(C)(N)CO)cc3)nc2=O)CCC1OC1OC(C)C(N(C)C)C(O)C1O,[ 0.5874543   0.9502081  -0.9086312  -1.          0.29294893]
CCC[NH+]1CCCCC1C(=O)Nc1c(C)cccc1C,[ 0.2034732   0.6013397  -0.7503836  -0.6636455  -0.20364045]
CCNc1nc(NCC)nc(OC)n1,[-0.12428384  0.74012643 -0.60335034 -1.          0.14263977]
C[C@H](Cn1cnc2c(N)ncnc21)OCP(=O)(O)O,[ 0.27915993 -0.10504751 -0.65593636 -0.59333265 -0.00258105]
COP(=S)(Cl)OC,[ 0.42077103  0.8470009  -0.8807832  -0.5097636  -0.24943116]
CCC(C)(C)OC(=O)Nc1ccco1,[ 0.429166    0.5950313  -0.798572    0.05875007 -0.07254849]
C=CC(=O)OCCOCCOC(=O)C=C,[ 0.6435298   0.9101809  -0.810328   -0.86609817  0.36465004]
CNC(=O)ON=C1CCCC1(C)C#N,[-0.07127179  0.5003529  -0.88315094 -0.70816255 -0.30208606]
O=c1n(CC2CO2)c(=O)n(CC2CO2)n1CC1CO1,[ 0.2241103   0.30744076 -0.92271835 -0.90746623 -0.42033252]
CC(C)(C)c1cc([N+](=O)[O-])cc([N+](=O)[O-])c1O,[-0.25328553  0.5424416  -0.819251   -0.7820873  -0.26632813]
CCCOC(=O)Cc1ccc(OCC(=O)N(CC)CC)c(OC)c1,[-0.70795757  0.84203255 -0.48046598 -0.08430464  0.37365505]
Cc1ccc(N=C=O)cc1,[ 0.49370193  0.42030907 -0.60179865 -0.06526794  0.38932607]
Nc1nc2ccc(OC(F)(F)F)cc2s1,[-0.49402672  0.5453929  -0.7470765  -0.65675354  0.909405  ]
CNC(=O)CSP(C)(=S)OC,[ 0.28459272 -0.3627962  -0.19269755 -0.3696946  -0.19394661]
CCC(CC)n1nc(C)c(C(=O)N[C@@H](C)C(C)(C)C)c1NS(=O)(=O)c1ccc(C)cc1,[ 0.1906852   0.47419724 -0.21414296 -0.54450864 -0.35919452]
C[C@@H]1CC[C@H]2[C@@H](C)[C@@H](OC(=O)CCC(=O)O)O[C@@H]3OC4(C)CC[C@@H]1[C@@]23OO4,[ 0.08266544  0.65941167 -0.5998172  -0.8853328   0.04374444]
Oc1nc(-c2ccccc2)nc2ccccc12,[ 0.697051    0.25831413 -0.72776645 -0.5429963  -0.05717133]
COc1ccc2ncc(=O)n(CCN3CC[C@@H](NCc4cc5c(cn4)OCCO5)[C@H](O)C3)c2c1,[ 0.1272186   0.35423842 -0.8487679  -0.8969597   0.11504616]
CC(C)(C)CNC(=S)Nc1cccnc1,[-0.05934798  0.9083952  -0.40731573 -0.9480115  -0.09191425]
NCCCNCCSP(=O)(O)O,[ 0.49375635  0.17239507 -0.8431799  -0.5802866  -0.4735466 ]
CNC(=O)Nc1nnc(C(C)(C)C)s1,[ 0.33458558  0.8918908  -0.8131277  -1.         -0.08344541]
CC1CC(=O)CC(C)O1,[ 0.441041    0.34130058 -0.7820571  -0.7353872  -0.10748693]
CCCSP(C)(=S)SC(CC(=O)OCC)C(=O)OCC,[-0.31349698  0.92884135 -0.96862113 -1.          0.00729069]
Cc1onc2c(=O)[nH]nc(-c3ccccc3)c12,[ 0.27562985  0.36302087 -0.84256196 -0.49298647 -0.09043699]
CC(C)=CCCC(C)=CCCC(=CCCC(C)=CCO)CO,[ 0.07255121  0.5581036  -0.51640594 -0.56373507  0.29143238]
CN(C1CCCCC1)C1CCCCC1,[ 0.35775608  0.6757305  -0.878403   -0.66323066 -0.02541414]
C[C@@H]1O[C@@H](O[C@@H]2[C@@H](O)[C@H](OCCc3ccc(O)c(O)c3)O[C@H](CO[C@@H]3O[C@H](CO)[C@@H](O)[C@H](O)[C@H]3O)[C@H]2OC(=O)/C=C/c2ccc(O)c(O)c2)[C@H](O)[C@H](O)[C@H]1O,[-0.22068736  0.9341169  -0.8811317  -0.5161326  -0.28195626]
NCCCC[C@H](N[C@@H](CCc1ccccc1)C(=O)O)C(=O)N1CCC[C@@H]1C(=O)O,[-0.12745614 -0.1986402  -0.6806482  -1.         -0.3390201 ]
C[C@H](CO)Nc1nc(SCc2cccc(F)c2F)nc2nc(N)cnc12,[ 0.04961809  0.793734   -0.57687396 -1.         -0.2832561 ]
CC1(C)CC2(NC(=O)N(CCCN3CCC(O)CC3)C2=O)c2cc(F)ccc2O1,[-0.10937249  0.83241564 -0.6829661  -0.54536825 -0.16163345]
CC(C)N(C(=O)SCC(Cl)=C(Cl)Cl)C(C)C,[ 0.05475561 -0.42162004 -0.6721677  -0.37887388 -0.23410948]
CNC(=O)c1[nH]cnc1C(=O)Nc1ccc(OC)cc1,[-0.19990967  0.8870304  -0.22915135 -0.6841265   0.3337477 ]
COc1ccc(N)c([N+](=O)[O-])c1,[ 0.19516224  0.8301395  -0.7832618  -0.8393867  -0.13682638]
N=C(N)Nc1nc(CSCCC(=N)NS(N)(=O)=O)cs1,[ 0.5188056   0.81163216 -0.81609815 -0.78249127 -0.2700884 ]
Cc1ccc(C(=O)N(CCCN)[C@@H](c2nc3cc(Cl)ccc3c(=O)n2Cc2ccccc2)C(C)C)cc1,[ 0.19205144  0.63825566  0.2759055  -0.49800023  0.06400346]
CCCCC(CC)(C(=O)OCC)C(=O)OCCN(CC)CC,[ 0.09202922  0.8654821  -0.88852185 -0.94703627  0.24218008]
C[C@H](CSN=O)C(=O)N1CCC[C@@H]1C(=O)O,[-0.16089001  0.8511632  -0.7631482  -0.94285417  0.10633735]
C=CC(=O)OCC(=O)OCC,[-0.09109033  0.85345685 -0.8721314  -0.7066471  -0.16332775]
COc1ccc([N+](=O)[O-])cc1N,[-0.32330608  0.76616293 -0.4225701  -0.73999137 -0.42577502]
COc1ccc(CC2NCC(O)C2OC(C)=O)cc1,[ 0.00139298  0.51005805 -0.6720941  -0.41296086  0.05211459]
CCOc1ccccc1C(N)=O,[ 0.65724635  0.22910619 -0.62323946 -0.41880152  0.66110885]
C=C(CC(=O)c1ccc(-c2ccccc2Cl)cc1)C(=O)O,[ 0.0480994   0.8634191  -0.88520586 -0.65560037  0.5186906 ]
O=C(CCCCC(=O)OCC1CC=CCC1)OCC1CC=CCC1,[-0.19234017 -0.94475454 -0.8313254  -0.8053727  -0.35025305]
O=C(Cc1ccc(OCc2ccccc2)cc1)NO,[ 0.468572    0.7668842  -0.86681175 -0.6389929  -0.14374298]
C[N+](C)(C)CC(O)CC(=O)[O-],[ 0.36891663  0.7989213  -0.94538397 -0.45967543  0.38828254]
CC1=C(CC(=O)O)c2cc(F)ccc2C1=Cc1ccc(S(C)=O)cc1,[ 0.48144776  0.8750474  -0.61814296 -0.39295503 -0.30148065]
Cc1cc(=O)nc(SCc2ccccc2N(C)C)[nH]1,[-0.22534122  0.6491341  -0.71865606 -0.75954336 -0.20907007]
CC(C)[N+](=O)[O-],[ 0.37091774  0.92285866 -0.7883991  -0.6009483  -0.6769885 ]
Cc1cn([C@H]2CCCN([C@H](CC(C)C)c3ccc(C(=O)O)c(Oc4cccc(Cl)c4)c3)C2)c(=O)[nH]c1=O,[ 0.25483674  0.912606   -1.         -0.7810432  -0.08475771]
C[C@]12C[C@H](O)[C@H]3[C@@H](CCC4=CC(=O)CC[C@@]43C)[C@@H]1CC[C@]2(O)C(=O)CO,[ 0.23115666  0.8936764  -0.3112876  -0.7422546   0.4020236 ]
CNC(=O)ON=C(C)SCC(N)=O,[ 0.10314307  0.26670253  0.56522584 -0.4043447  -0.5167997 ]
COc1cc(C=CC(N)=O)ccc1O,[ 0.16371919  0.70228505 -0.91680396 -0.78368247 -0.24779281]
COc1cc2c(cc1OC)C(Cc1cc(OC)c(OC)c(OC)c1)[N+](C)(CCCOC(=O)CC/C=C\CCC(=O)OCCC[N+]1(C)CCc3cc(OC)c(OC)cc3C1Cc1cc(OC)c(OC)c(OC)c1)CC2,[-0.12181217  1.         -0.8118745  -0.7539273   0.24372984]
Cc1c(OC2CCN(CC3CCN([C@@](C)(Cc4ccc(F)cc4)C(=O)O)CC3)CC2)ccc(Cl)c1Cl,[ 0.23944615  0.87657523 -0.757132    0.44984934  0.08526441]
CN1CCN2c3ncccc3Cc3ccccc3C2C1,[ 0.29099622  0.09957907 -0.3905419  -0.51519084 -0.5198613 ]
Nc1ccc(Cl)cc1,[ 0.28677887  0.54360163 -0.11761781 -1.         -0.40241048]
BrC(Br)Br,[ 0.31513414  0.98495567 -1.         -0.07801149  0.07660609]
Cc1ccc2c(c1)c(S(=O)(=O)c1ccc(Cl)cc1)c(C)n2CC(=O)O,[ 0.33252496  0.05340036 -1.         -0.41804054  0.3017852 ]
CC(CO[N+](=O)[O-])(CO[N+](=O)[O-])CO[N+](=O)[O-],[ 0.29899377  0.9677626  -0.99133307 -0.24941069 -0.3316941 ]
Cc1cccc(C)c1CCNC(N)=O,[-0.3501097   0.89383984 -0.7456309  -0.8365055   0.4191168 ]
CN(CC=CC#CC(C)(C)C)Cc1cccc2ccccc12,[-0.27218294  1.         -0.9762973  -0.7602935  -0.12197001]
CCCCCCOCCOCCO,[-0.15164635 -0.35361055 -0.6090609  -0.56499976  0.26189506]
Cc1cnc(Nc2cc(N3CCOCC3)nc(N[C@@H](C)c3ncc(F)cn3)n2)s1,[ 0.36871547  0.6710988  -0.8242616   0.12978989 -0.0411994 ]
CCCN(CCC)c1c([N+](=O)[O-])cc(C)cc1[N+](=O)[O-],[ 0.36313802  0.7436715  -0.28559908 -0.69059455 -0.16458891]
CCCSP(C)(=S)Oc1ccccc1,[ 0.46022144  0.71380174 -0.8614731  -0.41262776  0.57810843]
CCOP(=O)(OCC)Oc1nc(Cl)c(Cl)cc1Cl,[-0.19700393  0.529204   -0.36292806 -0.9868535  -0.13783397]
C=CCn1c(N)cc(=O)n(CC)c1=O,[ 0.2149439  -0.20293665 -0.6198161  -0.7147824   0.08961373]
Cn1cnc(S(=O)(=O)N(CCN(Cc2cncn2C)c2ccc(C#N)cc2)Cc2ccccc2)c1,[-0.3600453   0.7920463  -0.8674317  -0.81772226 -0.21265629]
CN(CC#N)N=O,[ 0.03904885  0.85417044 -0.79242635 -0.87737703 -0.04394549]
C=CC(=O)OCCOC(=O)c1ccc(C(=O)O)cc1C(=O)O,[ 0.35106796 -0.01239865  0.5533787  -0.15459588 -0.46043244]
Cc1cc(Sc2cc(C)c(O)c(C(C)(C)C)c2)cc(C(C)(C)C)c1O,[ 0.47022453  0.68193257 -0.7643133  -0.46164256 -0.13155359]
C=C(C)c1cccc(C(C)(C)N=C=O)c1,[ 0.03058803  0.81765753 -0.09823663 -0.5776428  -0.3099793 ]
CC(C)=C1CCC(C)CC1=O,[ 0.34555298  0.74443406 -0.8010732  -0.30642617  0.10043038]
COP(=S)(OC)SCc1nnc(C(C)C)o1,[ 0.00843073  0.88267994 -0.7262758  -0.72928303  0.19435288]
CC1(C)CC(NC2CC(C)(C)NC(C)(C)C2)CC(C)(C)N1,[ 0.55998874  1.         -0.5402754  -0.6583315  -0.30055004]
CCC(C(=O)O)C1(O)CCCCC1,[-0.26177806 -0.06157413 -0.49085942 -0.5331451  -0.1968011 ]
C=C(C)CN(CC)c1c([N+](=O)[O-])cc(C(F)(F)F)cc1[N+](=O)[O-],[ 0.29064903  0.00793676  0.12654378 -0.8757935  -0.44888273]
O=c1[nH]c2ccccc2n1CCCN1CCN(C(c2ccccc2)c2ccccc2)CC1,[ 0.2791631   0.75764316  0.45224127 -0.48809984  0.05221157]
CC(C(=O)O)c1ccc(CC2CCCC2=O)cc1,[ 0.3575204   0.84282726 -0.53784376 -0.69347966 -0.19068797]
Cc1ccc(S(=O)(=O)Nc2c(C(=O)NC3CCCCC3)c(C)nn2-c2ccccc2)cc1,[ 0.18714306  0.6631458  -0.7380581  -0.74352205 -0.11263929]
CC(=O)O[C@H]1C[C@@H]2CC[C@@H]3[C@H](CC[C@@]4(C)[C@H]3C[C@H]([N+]3(C)CCCCC3)[C@@H]4OC(C)=O)[C@@]2(C)C[C@@H]1N1CCCCC1.[Br-],[-0.75924665  0.801511   -0.8658937  -0.86940503  0.78343415]
CC(C)c1cccc(OC(=O)N(C)C)c1,[ 0.18329899  0.44000316 -0.48059776  0.6930651   0.52576387]
C[NH+](C)CCC(c1ccc(Cl)cc1)c1ccccn1,[ 0.5083312   0.73225856 -0.8791419  -0.8257788   0.00094299]
CN1[C@@H]2CC[C@@H]1CC(OC(=O)C(CO)c1ccccc1)C2,[-0.10797753  0.9196885  -0.22692092  0.09820335  0.06679829]
CC#CN(CC)CC,[ 0.20701008  0.6778886  -0.87555385 -0.6980435  -0.448207  ]
CC(C)CCI,[ 0.3559597   0.91913515 -0.7642048  -0.58127    -0.2790196 ]
CCc1nc(N)nc(N)c1-c1ccccc1,[ 0.34399223  0.4880465  -0.6493361  -1.         -0.0929976 ]
O=c1oc(-c2ccccc2)nc2ccccc12,[ 0.05445736  1.         -0.49868697 -0.87915665  0.46461684]
CNC(=O)OCc1cccc(COC(=O)NC)n1,[ 0.13845743  0.75698924 -1.         -0.32757953 -0.09943675]
COc1cccc2c1cc([N+](=O)[O-])c1c(C(=O)O)cc3c(c12)OCO3,[-0.16458987  0.38162747 -0.820218   -0.61315805 -0.45217603]
C[NH2+]C(C)Cc1ccccc1,[-0.14177082 -0.12240681 -0.960697   -0.66472286  0.5642848 ]
CC(=O)N[C@H](C)C(=O)NCCc1ccccc1,[ 0.23321031  0.40039068 -0.4681605  -0.5315243  -0.0675663 ]
C[C@@H](NC1=CC(=O)CNC1)c1ccc(Nc2ncc3cc(-c4ccncc4)ccc3n2)cc1,[ 0.20449089  0.84062225 -0.7067377  -0.66773236  0.3656065 ]
Nc1ncc2cc(-c3c(Br)cccc3Br)c(N)nc2n1,[ 0.1808002   0.8515116  -0.6824076  -0.183196   -0.13664432]
O=C([O-])c1cc(N=Nc2ccc(S(=O)(=O)Nc3ccccn3)cc2)ccc1O,[-0.48404545  0.7002419   0.05933715 -0.7298652  -0.3807747 ]
CC(C)Nc1nc(Cl)nc(NC(C)C)n1,[ 0.26061428  0.8355029  -1.         -0.5453725  -0.5505471 ]
ClCc1cccc2ccccc12,[ 0.17397234  0.97391975 -1.         -0.7271289  -0.26318538]
C=CC(=O)N(C)C,[ 0.629907    0.74612343  0.03485593 -0.6362521  -0.16381496]
CCCCCCCC(=O)N[C@@H](CCN)C(=O)N[C@H](C(=O)N[C@@H](CCN)C(=O)N[C@H]1CCNC(=O)[C@H]([C@@H](C)O)NC(=O)[C@H](C)NC(=O)[C@H](CCN)NC(=O)[C@H](CC(C)C)NC(=O)[C@@H](Cc2ccccc2)NC(=O)[C@H](CCN)NC1=O)[C@@H](C)O,[ 0.01865673  0.7948665  -1.         -0.30746195 -0.30220026]
CC1CS(=O)(=O)CCN1N=Cc1ccc([N+](=O)[O-])o1,[ 0.44640157  0.6879229  -0.19524711 -0.29217756 -0.02604727]
CCCC(=O)c1ccc(N)cc1,[ 0.41982484  0.9280008  -0.912886   -0.6589405  -0.44492146]
CCOC(=O)Cl,[ 0.34105307  0.22953807 -0.5806665  -0.634805   -0.04046121]
CC1CCC(N)CC1N,[ 0.16598684  0.7787757  -0.6346823   0.48776907 -0.11125943]
CCNC(=O)C(C)OC(=O)Nc1ccccc1,[ 0.25621685  0.77061754 -0.7939067  -0.97680247  0.2011449 ]
CCOP(=O)(O)O,[-0.08844911 -0.5787238  -0.6209551  -0.87212706 -0.18077369]
CCN1CCCC1CNC(=O)c1cc(S(N)(=O)=O)ccc1OC,[ 0.02332349  0.7748549  -0.81288517 -0.6393488  -0.36914793]
CCCCC(=O)N(Cc1ccc(-c2ccccc2-c2nnn[n-]2)cc1)C(C(=O)[O-])C(C)C,[ 0.01700281  0.7194731  -0.52355075 -0.7534778   0.07681996]
O=C([O-])CCCc1ccc(N(CCCl)CCCl)cc1,[ 0.25780538  0.9011603  -0.5580295  -0.8599625  -0.26533085]
NCC(O)CO,[ 0.00129135  0.96877044 -0.99005204 -0.767098    0.20360051]
COc1cc(-c2cc(=O)c3c(O)cc(O)cc3o2)cc(O)c1OC,[ 0.27038458 -0.2535596  -1.         -0.73718    -0.14647329]
CN(C)CCCNCCCN(C)C,[ 0.04162214 -0.7823917  -0.7088054  -0.24775286  0.6516009 ]
CN(C)C(=O)Oc1cccc2sccc12,"[ 2.9868208e-02  1.5837462e-04 -5.6692952e-01 -7.8982657e-01
  8.6883962e-02]"
CC(C)(C)[NH2+]CC(O)c1cc(O)cc(O)c1,[ 0.1706336  -0.20317303 -0.8512075  -0.8269605   0.22820003]
FC(F)(F)c1nc2c(Br)cc(Br)cc2[nH]1,[ 0.12615372  0.7824641  -0.7290872  -0.6868669  -0.42005175]
N#CCCOCCC#N,[-0.33690664  0.94715655 -0.8991382  -0.9951728  -0.19904643]
CC(=O)Nc1ccc(CNc2[nH]nc3ccnc(Oc4ccccc4)c23)cc1,[ 0.2823174   0.6877837  -0.65115374 -0.6994876  -0.35181868]
O=C(O)CCC(=O)OC1CCCCC1,[ 0.3479212   0.7055596  -0.5907506  -0.63017344 -0.38717496]
NS(=O)(=O)c1cc2c(cc1Cl)NC(C(Cl)Cl)NS2(=O)=O,[ 0.33882698  0.68356025 -0.5516676  -0.6161465  -0.21770753]
CCCc1nn(C)c2c(=O)[nH]c(-c3cc(S(=O)(=O)N4CCN(C)CC4)ccc3OCC)nc12,[-0.32356006  0.4894884  -0.69079447  0.124541   -0.2107407 ]
Cc1c(F)cc(C(=O)NC2CC2)cc1-c1ccc(C(=O)NCC(C)(C)C)cn1,[ 0.36714804  0.8219556  -0.57172364 -0.5970038  -0.27456164]
O=c1cc(Cn2c(C3CCC3)nc3nccnc32)c2ccc(F)c(F)c2[nH]1,[ 0.3049633   1.         -0.6488642  -0.59949356 -0.19716203]
C=CS(C)(=O)=O,[-0.3189546   0.71939677 -0.7743523  -0.7282109  -0.2326805 ]
CC(N)C(O)c1cccc(O)c1,[ 0.2429319   0.9837292  -0.81954575 -0.59555125  0.6626608 ]
C/C=C(/C)C(=O)O[C@H](c1cc2ccc(=O)oc2cc1OC)[C@H](O)C(C)(C)O,[ 0.26198363  0.8803382  -0.7468129  -0.3811032   0.17000586]
CC(C)C(O)(c1ccc(OC(F)(F)F)cc1)c1cncnc1,[-0.38792053  0.7862628  -0.74736756 -0.457348    0.07474262]
Clc1nc(Cl)nc(Cl)n1,"[-4.4710879e-04 -1.9891171e-01 -7.7437645e-01 -5.9152085e-01
  5.1038373e-01]"
CC(Cl)(Cl)[N+](=O)[O-],[-0.33370903  0.9056987  -0.6121603  -0.6732915  -0.33390665]
Nc1nc2c(ncn2COCCO)c(=O)[nH]1,[ 0.32299143 -0.17278819 -0.6965646  -0.07759675 -0.03966554]
CC([NH3+])Cc1ccccc1,[-0.06802926  0.41283703 -0.81405675 -0.81701654 -0.28360763]
O=Cc1cccc2ccccc12,[-0.12953247 -0.3253205  -0.6259317  -0.7399145   0.13949499]
O=C(O)CC(CC1CCN(C(=O)CCc2ccc3c(n2)NCCC3)CC1)C1CNc2ccccc2C1,[ 0.42262933  0.5366883   0.48287952 -0.8640333   0.28806296]
N#Cc1cccc(Cc2ncccn2)c1,[-0.03809621  0.82506484 -0.66430056 -0.93248105 -0.30135494]
Cc1cc([N-]S(=O)(=O)c2ccc(N)cc2)no1,[-0.2911115  -1.         -0.9835291  -0.6332013   0.22868007]
C[C@@H](NC(=O)C1CCCCN1C)c1ccc(Nc2ncc3cc(-c4ccncc4)ccc3n2)cc1,[ 0.02861797  0.87928367 -0.89360005 -0.6358877   0.01947406]
CNC(=O)ON=C(C)SC,[-0.44667953  0.8519273  -0.65032184 -0.51233524 -0.02105125]
CN(C)CCC(c1ccc(Cl)cc1)c1ccccn1,[ 0.07636546  0.9952577  -0.7436522   0.2507559  -0.40418744]
C1CN1P1(N2CC2)=NP(N2CC2)(N2CC2)=NP(N2CC2)(N2CC2)=N1,[ 0.21895158  0.9011711  -0.49968946 -0.03308319  0.25199413]
OCCN(CCO)CCO,[-0.46398547  0.73594105 -0.65079564 -0.6530034  -0.34265572]
NC(=O)N1C(=O)C(C(=O)c2cccs2)c2cc(Cl)ccc21,[-0.2574333   0.70131236 -1.         -1.          0.80867153]
CCC(=O)NC[C@H]1CN(c2ccc(-c3nncs3)c(F)c2)C(=O)O1,[-0.29897878  0.8173664  -0.8524018  -0.49299034  0.19492705]
Cc1ccc(CO)cc1N(C)c1ccnc(Nc2cc(N3CCCOCC3)cc(N3CCOCC3)c2)n1,[ 0.57140434  0.8297292  -0.93777525 -0.5629249   0.13817681]
OCc1cc(C(O)C[NH2+]CCCCCCOCCOCc2c(Cl)cccc2Cl)ccc1O,[ 0.44229177  0.7983043  -0.9773212  -0.87772816 -0.5271793 ]
NC(=O)c1cnc(N[C@@H]2CCCC[C@@H]2N)nc1Nc1cccc(-n2nccn2)c1,[-0.56226176  0.8368222  -0.71517533 -0.7989293   0.2118436 ]
CC(C)CCC(C)Nc1ccc(Nc2ccccc2)cc1,[-0.05464167  0.6589807  -0.6045774  -0.91242635 -0.12292751]
C1CCC2CCCCC2C1,[ 0.09259497  0.68510336 -0.73339266 -0.9160415   0.19392753]
CN(C)C(=O)N(C)N=O,[-0.01446707  0.88031566 -0.8614216  -1.         -0.23971736]
CC(C)OC(=O)C(C(=O)OC(C)C)=C1SCCS1,[ 0.13285567  0.9485249  -0.8361784  -0.10386002 -0.2040717 ]
C[C@@](N)(Cc1ccc(O)c(O)c1)C(=O)O,[ 0.2666701   0.5405829  -0.3886618  -0.92115325 -0.3087112 ]
CC[C@H]1OC(=O)[C@H](C)[C@@H](O[C@H]2C[C@@](C)(OC)[C@@H](O)[C@H](C)O2)[C@H](C)[C@@H](O[C@@H]2O[C@H](C)C[C@H](N(C)C)[C@H]2O)[C@](C)(O)C[C@@H](C)C(=O)[C@H](C)[C@@H](O)[C@]1(C)O,[-0.2996918  -0.49061513 -0.8063948  -0.63648     0.13643405]
CNNC,[ 0.30456442  0.5283494  -0.9654366  -0.5854562  -0.49115846]
C=CCc1cc(OC)c2c(c1)OCO2,[ 0.18146566  0.80601215 -0.58573264 -0.7743624   0.37386614]
O=C(O)c1ccccc1-c1c2ccc(=O)cc-2oc2cc(O)ccc12,[-0.2266656   0.8895427  -0.7367283  -0.58952856  0.42849365]
COc1c(OCc2ccc(-c3ccccc3-c3nnn[nH]3)cc2)cc(C)nc1C,[ 0.4127634   0.7588376  -0.7034489  -0.40773463 -0.48622182]
CC(C(=O)O)c1ccc(C(=O)c2cccs2)cc1,[-0.5560852   0.9328632  -0.34606674 -0.50683737 -0.11414219]
CCCCOC(C)OCCCC,[-0.34304526  0.81916386  0.31363463 -0.5512127  -0.10945106]
C#CCc1ccc(COC(=O)C2C(C=C(C)C)C2(C)C)o1,[ 0.24567288 -0.39745712 -0.5628317  -0.61609626  0.2516882 ]
C=COCCOC,[ 0.2637023  1.        -1.        -1.         0.6658944]
CCCSP(=S)(OC)SCCC,[ 0.4498201   0.8687153  -0.6470053  -0.21072164 -0.24723685]
COCCN(C(=O)CCl)c1c(C)cccc1C,[-0.38268027  0.47624528 -1.         -0.85124403  0.59369755]
O=C(c1ccc(Cl)cc1)c1ccccc1-c1ncc[nH]1,[-0.2298964   1.         -1.         -0.8289383  -0.16817924]
COc1nc(C)nc(Cl)c1NC1=NCCN1,[-0.06884376  0.9433755  -0.79879844 -0.7614174  -0.29400048]
CC1(C)SCN(C(=O)C2(Oc3ccc(Cl)cc3)CCCCC2)C1C(=O)O,[ 0.3223293   0.49568453 -1.         -0.70653033 -0.19189773]
COP(=O)(OC)OC(=CCl)c1cc(Cl)ccc1Cl,[-0.36661     0.683363   -0.6000152  -0.62082136 -0.00701599]
CCCCC(CC)C(=O)OC1=C(c2c(C)cc(C)cc2C)C(=O)c2ccccc21,[ 0.04937947  1.         -0.6880995  -0.84645176 -0.11997325]
Cc1ncc(C[n+]2csc(CCO)c2C)c(N)n1,[ 0.13810167  0.5202019  -0.89019525 -0.53520584  0.35560155]
O=CCCCC=O,[ 0.4138493   0.8390315  -0.49003908 -1.         -0.38550833]
COc1cc2ncnc(Nc3ccc(F)c(Cl)c3)c2cc1NC(=O)/C=C/CN1CCCCC1,[ 0.5948904   0.940261   -0.63044256 -0.72123027 -0.46054804]
O=C(CCc1ccccc1)OC1=C(OC(=O)CCc2ccccc2)C(=O)OC1=O,[-0.13399918  0.796344   -0.9784465  -0.55159277  0.3772225 ]
Cc1cc(C)c(N)c(C)c1,[ 0.4290942  -0.29759502 -1.         -0.5475152   0.20763482]
NCC1CCC=CO1,[-0.65703976  0.7151233  -0.60160726 -0.7249169   0.1792801 ]
COc1cnc(-c2ccccc2C(F)(F)CNC(=O)c2ccc(COCC(F)(F)F)nc2)cn1,[-0.13517337 -0.1558123  -0.4834046  -0.9212374  -0.12576146]
CCC(=O)OCc1ccc(OC)cc1,[ 0.48927724  0.17994744 -0.3917063  -0.75834966  0.11571157]
CO[C@@H]1C=CO[C@@]2(C)Oc3c(C)c(O)c4c(c3C2=O)C(=O)/C(=C\NN2CCN(C)CC2)C(=C4O)NC(=O)C(C)=CC=C[C@@H](C)[C@H](O)[C@H](C)[C@H](O)[C@@H](C)[C@@H](OC(C)=O)[C@@H]1C,[ 0.41384727  0.64352    -0.8933706  -0.70428246  1.        ]
CN(C)CC=C(c1ccc(Br)cc1)c1cccnc1,[-0.06277724  0.84203786 -0.72756416 -0.87287873 -0.29145643]
CCCCCCCCCCCCCCCN,[-0.09222053  0.8886052  -0.57739174 -0.48046806  0.22748256]
CC[C@@]1(O)C(=O)OCc2c1cc1n(c2=O)Cc2cc3c(CN(C)C)c(O)ccc3nc2-1,[-0.6482159   0.70379585 -0.8607585  -0.8291738   0.17348266]
C[Si](C)(Cl)Cl,[ 0.387518    0.89923006 -0.74510616 -0.952933   -0.73853284]
CC(C)CNC(=O)NS(=O)(=O)c1ccc(Cl)cc1,[-0.43246046  0.7524869  -1.         -0.63293886  0.26429918]
CCN(N=O)C(C)OC,[-0.04411282  0.8648419  -0.6187     -0.70495063  0.24689852]
Cc1cccc(C)c1O,[ 0.09915282  0.6573651  -0.8344788   0.10224595 -0.29055458]
CN(C)Cc1cc(CN(C)C)c(O)c(CN(C)C)c1,[ 0.5182094   0.89788073 -1.          0.18657286 -0.49569425]
CCN(CCO)c1cccc(C)c1,[ 0.32902637  0.74628943 -0.77963424 -0.54689157 -0.05594736]
NC(=S)NNCNNC(N)=S,[ 0.27158275 -0.87966657 -1.         -0.7138209  -0.24413024]
CCCCCCC(N)C(=O)N[C@@H](Cc1c(C)cc(O)cc1C)C(=O)N1CCC[C@@H]1C(=O)N[C@@H](Cc1c[nH]c2ccccc12)C(=O)N[C@@H](Cc1ccccc1)C(N)=O,[ 0.23105441  0.8211432  -0.9597537  -0.7940008  -0.36200172]
[O-][n+]1onc2c1c1no[n+]([O-])c1c1no[n+]([O-])c21,[ 0.31244138  0.66253406 -1.         -0.8377011  -0.16271006]
CCCCCCCCC1OC1CCCCCCCC(=O)OCC1(CC)OC1CCC,[ 0.343401   -0.61488974 -0.64788985 -0.9785731   0.00312151]
CC[C@H]1CN(Cc2cc(Cl)ccc2OCC(=O)O)CCN1S(=O)(=O)c1ccccc1,[ 0.3678162   0.53320473 -1.         -0.55723137  0.02993178]
COc1ccc(Oc2ccc(NC(=O)N(C)C)cc2)cc1,[ 0.38542163  0.8508335  -0.8508014  -0.9347238  -0.45545095]
COc1cc2nc(N3CCN(C(=O)c4ccco4)CC3)nc(N)c2cc1OC,[ 0.1377986   0.08089682 -0.7156122  -0.46862864  0.8024453 ]
COc1cc(OC)c(S(=O)(=O)N2c3ccccc3CCC2C)cc1NC(=O)CSCC(=O)O,[-0.05322733  0.69430166 -0.74342966 -0.89771026 -0.20801911]
CC1CCCCN1N=O,[ 0.20781258  0.7578982  -0.69501096 -0.7410587  -0.15167344]
O=NN(c1ccccc1)c1ccccc1,[-0.02556911  0.94275886 -0.76866865 -0.738049    0.6469686 ]
CCCCC(CC)CNC1CCCCC1,[-0.13662809 -0.5851637  -0.9031018  -0.2930624  -0.3593221 ]
CCCCCCCCCCCCCCCCCC(=O)Cl,[ 0.46509963  0.7712552  -0.9795327  -0.86889726 -0.12214034]
CC1(C)SC2C(NC(=O)C(C(=O)[O-])c3ccsc3)C(=O)N2C1C(=O)[O-],[ 0.65738297  0.6016472  -0.86790365 -0.53335565  0.19093147]
CC1CCCCC1NC(=O)Nc1ccccc1,[ 0.16469815  0.6898105  -0.66425866 -0.86336845 -0.3565779 ]
CCC(CC)(C(=O)O)c1cccc2ccccc12,[ 0.00120227  1.         -0.83530635 -1.          0.17110729]
Cc1ccc(S(=O)(=O)N(C)C(=O)N2CCC(N3CCC(Oc4ccc(Cl)c(Cl)c4)CC3)CC2)cc1,[ 0.05490944 -0.66674477 -0.9076808  -0.92197156  0.02337236]
C[N+](C)(Cc1ccc(NC(=O)c2ccc(Cl)c(Cl)c2)cc1)C1CCOCC1,[-0.3955873   0.5753489  -0.6586547  -0.4923266  -0.28608987]
CN(C)CC/C=C1/c2ccccc2COc2ccc(CC(=O)O)cc21,[-0.05355024  0.28317362 -0.29688025 -0.5805845  -0.13321242]
COc1cc(C2c3cc4c(cc3C(OC3OC5COC(C)OC5C(O)C3O)C3COC(=O)C23)OCO4)cc(OC)c1O,[-0.39572316  0.01774183 -0.42579445 -0.17035088 -0.1645218 ]
CC1[NH2+]Cc2cc(-c3ccc4c(=O)c(C(=O)[O-])cn(C5CC5)c4c3OC(F)F)ccc21,[ 0.4010745   0.76991546 -0.6634394  -0.7030439  -0.30319104]
C/C=C/CC(C)C(O)C1C(=O)NC(CC)C(=O)N(C)CC(=O)N(C)C(CC(C)C)C(=O)NC(C(C)C)C(=O)N(C)C(CC(C)C)C(=O)NC(C)C(=O)NC(C)C(=O)N(C)C(CC(C)C)C(=O)N(C)C(CC(C)C)C(=O)N(C)C(C(C)C)C(=O)N1C,[-0.14042832  0.85282433 -0.90169454 -1.         -0.26361045]
CO[Si](CCCOCC1CO1)(OC)OC,[-0.4033332   0.843353   -0.67558926 -0.8214947  -0.39578614]
CC1CCCCOC1=O,[ 0.13407964  0.77737546 -0.71924037 -0.88506895  0.9296812 ]
Cc1cn([C@H]2CCCN(S(=O)(=O)c3ccc(C(N)=O)c(Oc4cccc(Cl)c4)c3)C2)c(=O)[nH]c1=O,[-0.09773225  0.67790747 -1.         -0.69744456 -0.15937641]
CCCCc1nc(Cl)c(CO)n1Cc1ccc(-c2ccccc2-c2nnn[nH]2)cc1,[ 0.0333892   0.88407665 -0.5212524  -0.6932452   0.40266028]
O=[N+]([O-])c1ccc(Nc2ccccc2)c(S(=O)(=O)O)c1,[ 0.31311586 -0.00424387 -0.534529   -0.6806433   0.12243435]
COP(=S)(OC)SC(CBr)N1C(=O)c2ccccc2C1=O,[ 0.02577885  0.7630746   0.43718466 -0.5517611   0.3139755 ]
CCOP(=S)(OCC)OC(=CCl)c1ccc(Cl)cc1Cl,[ 0.09667345 -0.29804605 -0.523555   -0.13049097  0.9226513 ]
CCN1C(=O)NC(c2ccccc2)C1=O,[ 0.31653064  0.5382325  -0.25762847 -0.5269713  -0.34382203]
OCCNCCc1ccccc1,[ 0.02044542  0.47401097 -0.7321571  -0.83846027  0.17830357]
Cc1nn(C2CCCCC2)c(N)c1-c1ccccc1,[ 0.11768251  0.8456306  -0.9956741  -0.82576716 -0.68563616]
O=[N+]([O-])c1ccc(Cl)c([N+](=O)[O-])c1,[ 0.4490541   0.78150463 -0.6560191   0.8581774   0.20872533]
O=P(OCCCl)(OCCCl)OC1CC(C(Br)CBr)CCC1Cl,[ 0.21579011  1.         -0.94826347 -0.81501853 -0.2134346 ]
COP(=S)(OC)Oc1ccc(S(N)(=O)=O)cc1,[ 0.4554987   1.         -1.         -0.59870565  0.05771206]
Cc1ccc2c(c1)c(-c1ccnc3c(C)cccc13)c(C)n2CC(=O)O,[-0.11143985  0.7647822  -0.5107907  -0.8862279  -0.4237778 ]
OC(CCN1CCCC1)(c1ccccc1)C1CCCCC1,[-0.25933078  0.82822955 -0.8635675  -0.6607377   0.01341427]
CC(=CC(=O)O)C(=O)O,[-0.00703076  0.5154207  -0.8526704  -0.7706435   0.5590875 ]
N#Cc1cc(Br)c(O)c(Br)c1,[ 0.21150526  0.90905166 -0.770506   -0.735194    0.5971283 ]
CO/N=C(/C(=O)NC1C(=O)N2C(C(=O)[O-])=C(C[N+]34CCC(C(N)=O)(CC3)CC4)CSC12)c1nsc(N)n1,[-0.04318711  0.7719715  -0.8171478  -0.63125896  0.4948051 ]
CS(=O)(=O)c1ccc(C(O)C(COC(=O)C[NH3+])NC(=O)C(Cl)Cl)cc1,[-0.11286981  0.74222195 -0.59155536 -0.6081212  -0.23510197]
CC(=O)OO,[-0.14846453  0.81440866 -0.4722152  -0.7818052  -0.01165689]
O=[N+]([O-])c1cccc(O)c1,[ 0.6468075   0.77531683 -0.8886855  -0.7125895  -0.34146166]
C=CN(C)N=O,[ 0.32585847  0.13797627 -0.80396086 -0.24333131 -0.2062828 ]
CC(=O)CCc1ccc(O)cc1,[ 0.22150418  0.8632447  -0.52464217 -0.9251427  -0.1771089 ]
ClC(Cl)(Cl)c1cccc(C(Cl)(Cl)Cl)c1,[ 0.30171886  0.887175   -0.7153487  -0.7968428   0.4904126 ]
O=C1C2CC3C1C1(Cl)C(Cl)C4(Cl)C2C3C1(Cl)C4(Cl)Cl,[ 0.48519427  0.7898049  -0.811986   -0.8167426  -0.11961113]
CC(C(=O)O[C@@H]1CC[N+](C)(C)C1)(c1ccccc1)C1CCCC1,[ 0.5218722  0.8747849 -1.        -0.812732  -0.0806868]
CN(C)C(=O)C(CCN1CCC(O)(c2ccc(Cl)cc2)CC1)(c1ccccc1)c1ccccc1,[ 0.6491288   0.6908284  -0.51311076  0.26782978 -0.27910635]
C[C@@H]1NC(=O)[C@@H](C)N(C)C(=O)[C@H](C)N(C)C(=O)[C@@H](C)N(C)C(=O)[C@@H](C)N(C)C(=O)[C@H](C)NC1=O,[ 0.24021794  0.34865952 -0.7737777   0.3744281  -0.08127824]
CC(C)CCCC1CCC(C)(C(=O)NCC(=O)O)CC1,[ 0.5433329  -0.14227796 -0.37076515 -0.6933998  -0.3489093 ]
CCN(CCO)C(=O)c1oc2cccnc2c1-c1cccc(C(F)(F)F)c1,[ 0.03197851  0.42061254  0.20339224 -0.48456767 -0.21692742]
CC(O)COC(C)CP(CC(C)OCC(C)O)CC(C)OCC(C)O,[-0.0273043   0.7064474  -0.72726053 -0.74114954  0.06859746]
CC(c1ccccn1)c1c(CC[NH+](C)[14CH3])sc2ccccc12,[-0.4300943   0.668708    0.7248012  -0.14284228  0.45496517]
c1ccc(OP(Oc2ccccc2)Oc2ccccc2)cc1,[ 0.65627944  0.78709847 -0.84062535 -0.5520717  -0.34347025]
Nn1cnc2cc3ccccc3cc2c1=O,[ 0.00957572  0.91553426 -0.5936267  -0.38851973 -0.14961311]
CCC(CC)C(=O)OCCOCCOCCOC(=O)C(CC)CC,[ 0.0125505   0.41942626 -0.49763176  0.05650741  0.1464302 ]
CCCCCCOC(=O)C(O)c1ccccc1,[ 0.3213936   0.74592054 -0.810232   -0.87260574 -0.32096696]
O=P(O)(O)C(O)(Cn1ccnc1)P(=O)(O)O,[-0.50389963  0.78192693 -0.86107594 -0.8624954  -0.07321074]
CCOC(=O)C(CCc1ccccc1)NC(C)C(=O)N1C(C(=O)[O-])CC2CCCCC21,[ 0.3385262   0.8200463   0.7082175  -0.20720156 -0.33745044]
Cc1cc(OC(=O)N(C)C)n(C(C)C)n1,[-0.43531814  0.96001595 -0.54174215  0.45426688  0.242522  ]
Cc1cc(=O)n(CSP(=S)(OC(C)C)OC(C)C)nc1Cl,[-0.15439886  0.28345284 -0.9401084  -0.92375773  0.08597591]
CCc1cccc(CC)c1N,[-0.06634739  0.85263866 -0.7096656  -0.8920084  -0.16274977]
C#CC1(O)CCC2C3CCC4=CC(=O)CCC4C3C(=C)CC21CC,[ 0.35037452  0.91397405 -0.7616906  -0.8207083  -0.11579102]
CC(C)=CCOC(=O)c1ccccc1,[ 0.06423681  0.05391436 -0.65599746 -0.28114548 -0.13546182]
CNC(=N)c1cccc(CC(CC(=O)N2CCC(C)CC2)NS(=O)(=O)c2ccc3ccccc3c2)c1,[-0.5519974   0.09890749 -0.43553957  0.0803167   0.19088016]
C[S+]([O-])Cc1ccc(C(=O)Nc2ccc(OCCOCCO)nc2C(=O)NCC2CCC2)c2ccccc12,[ 0.7279056   0.8347639  -0.64145523 -0.5658804  -0.40229326]
CCCC(=O)OC1(C(=O)COC(=O)CC)CCC2C3CCC4=CC(=O)CCC4(C)C3C(O)CC21C,[ 0.35999563  0.72262084 -0.83671963 -0.7013517  -0.2027363 ]
Cn1c(C(=O)NC2(C(=O)N[C@H](Cc3ccccc3)C(=O)NCCCN3CCOCC3)CCCC2)cc2ccccc21,[-0.17152798  1.         -0.61863375 -0.36050987 -0.37977323]
O=[N+]([O-])c1ccc(C=NNC(=S)N2CCCC2)o1,[ 0.1753877   0.81504196 -0.7603849  -0.90782577 -0.61198086]
CCOc1cc2ncc(C(N)=O)c(Nc3ccc(F)cc3F)c2cc1N1CCN(C2CC2)CC1,[ 0.07799266 -0.2515888  -0.3446008   0.08505339  0.00459942]
FC(F)(F)c1nc2c(Br)c(Br)cc(Br)c2[nH]1,[ 0.33872852  0.8106513  -0.69127655 -0.88709044  0.00268779]
C[C@@H]1CN(Cc2ccc(F)cc2)CCN1C(=O)COc1ccc(Cl)cc1NC(N)=O,[ 0.4859632   0.65904456 -0.7381503  -0.7336852   0.6745197 ]
c1ccc2sc(SNC3CCCCC3)nc2c1,[ 0.2564092   0.79273903 -0.8139125  -0.9694118  -0.28075892]
C=C1CC23CC1(O)CCC2C12C=CC(O)C(C)(C(=O)O1)C2C3C(=O)O,[ 0.41366404  0.8962569  -0.58417153 -0.8524203  -0.17426969]
Nc1nc(Nc2ccc(S(N)(=O)=O)cc2)nn1C(=O)c1c(F)cccc1F,[ 0.38059735  1.         -0.44684705 -0.7801036  -0.0098497 ]
CC(=O)OC12COC1CC(O)C1(C)C(=O)C(O)C3=C(C)C(OC(=O)C(O)C(NC(=O)OC(C)(C)C)c4ccccc4)CC(O)(C(OC(=O)c4ccccc4)C21)C3(C)C,[-0.10602883  0.32297045 -0.8348915  -0.64979374 -0.02266715]
N#CSCCSC#N,[-0.23576292  0.88686424 -0.99869686 -1.         -0.329406  ]
BrC12CC3CC(CC(C3)C1)C2,[-0.37373084  0.61966544 -0.8748     -0.9230094  -0.10560954]
O=[N+]([O-])c1cc(Cl)c(N=Nc2ccc(N3CCS(=O)(=O)CC3)cc2)c(Cl)c1,[ 0.16468312  0.64466393  0.1776418  -0.37275535 -0.26620308]
O=C(O)COc1ccc(Cl)cc1CN1CCN(S(=O)(=O)Cc2ccccc2)CC1,[ 0.17374568  0.8127488  -0.7594395  -0.26816612 -0.19992492]
Cc1ccc(NC(=O)c2ccc(Cl)c(C(F)(F)F)c2)cc1C(=O)Nc1cccnc1,[ 0.45743567  0.3979692  -1.         -0.8190155   0.4807524 ]
Cc1ccc(NC(=O)c2ccc(C#N)cc2)cc1-n1cnc2ccc(N3CCN(C)CC3)cc2c1=O,[-0.4845147   0.92283976 -0.7738744  -0.8654208   0.39375097]
N#CCc1ccccc1,[ 0.20024475  0.81249833 -0.6245011  -0.7196713  -0.49811825]
CO/N=C(\C(=O)N[C@@H]1C(=O)N2C(C(=O)O)=C(COC(C)=O)CS[C@H]12)c1csc(N)n1,[ 0.4846558   0.8917941  -0.33529386 -0.90465456  0.21306342]
O=C(Nc1cccc(Cl)c1)Nc1nnc(-c2ccncc2)s1,[ 0.12442302  0.9733408  -0.78771394 -0.88085514  0.15177374]
COc1cc(N)c2c(c1N)C(=O)c1ccccc1C2=O,[ 0.28940004  0.52985775 -0.79141325 -0.6090845  -0.14792906]
Cc1ccc(S(=O)(=O)Nc2c(C(=O)N[C@@H](C)C(C)(C)C)c(C)nn2C(C)C)cc1,[-0.427093    1.         -1.         -0.8194329  -0.39453062]
C[NH+]1CCOC(c2ccccc2)c2ccccc2C1,[ 0.48086357  0.24936774 -0.7948591   0.37307534 -0.09680549]
CNc1c(C(N)=O)cnc2[nH]c(-c3ccc(OCCN4CCOCC4)cc3)nc12,[ 0.34527585  0.9585395  -1.         -0.7245597  -0.10302812]
Fc1cc(-c2cccc3ncc(-c4cnn(C5CCNCC5)c4)nc23)cc(F)c1CN1CCOCC1,[ 0.27273384  0.6366389  -0.2526797  -0.253358   -0.08122338]
CCCCOP(=O)(O)OCCCC,[ 0.5080818  -0.53169745 -1.         -0.7817637  -0.04159006]
COc1ccc(-c2nc3ccc(C4=NNC(=O)CC4C)cc3[nH]2)cc1,[ 0.49052793  0.5104626  -0.51326203 -0.9219948  -0.30029997]
CN(C)c1ccc(N=Nc2ccccc2)cc1,[-0.06981476  0.8316532  -0.7233241  -0.67097384  0.53143954]
Cc1ncsc1C(=O)N(Cc1cc(=O)[nH]c2c(F)cccc12)c1cccc(Cl)c1,[ 0.19528581  0.87557644 -0.92197996 -0.7113526  -0.04865116]
Cc1cnc(NC(=O)C2=C(O)c3ccccc3S(=O)(=O)N2C)s1,[ 0.36742306 -0.36679655 -0.88265514 -0.81118655 -0.03610906]
C=CC(=O)OCCOCCC#N,[ 0.1338471   1.         -0.8436669  -0.8125716   0.09729785]
Cc1cn([C@H]2CCCN(S(=O)(=O)c3ccc(C#N)c(Oc4cccc(Cl)c4)c3)C2)c(=O)[nH]c1=O,[ 0.3677826   0.55627394  0.243389   -0.84961903 -0.06516837]
CN(SSC(C)(C)C)C(=O)ON=C1SCCS1,[ 0.32381964  0.9170779  -0.9126947   0.26685575  0.3895378 ]
Oc1ccc2c(c1)CCC2,[ 0.2859395   0.86126477 -0.6309561  -1.         -0.04516474]
CCN(CC)N=Nc1ccccc1,[ 0.8888532   0.7473689  -0.7564847  -0.44657695 -0.17224778]
CCOP(=S)(OCC)Oc1cccc(F)n1,[ 0.4038705   0.8241966  -0.71710706 -0.9011698   0.5835491 ]
CCCS,[ 0.5246229   0.8357839  -0.5994146  -0.77538437 -0.50444406]
CC(C)(C)NC(=O)NCCN1CCCC(NC(=O)c2cc(Cl)cc(Cl)c2)C1,[ 0.65839577  0.55974406 -0.3346494  -0.22825678 -0.17310643]
ClC1=C(Cl)C(Cl)(C2(Cl)C(Cl)=C(Cl)C(Cl)=C2Cl)C(Cl)=C1Cl,[-0.1278574   0.63085467 -0.85230774 -0.9052346   0.5634565 ]
Cc1ncc(CS)c(CO)c1O,[-0.09664134  0.660149   -0.9520413  -0.82452816 -0.09031489]
O=C(OCCc1ccccc1)c1ccccc1,[ 0.61733824  0.4858125  -0.9441766   0.08868736 -0.01158916]
