Nc1nc(O)c(Cl)c(-c2ccccc2)n1,[-0.18324901  0.38019076 -1.         -0.8323384   0.10710067]
CC(=O)SCC(=O)Nc1nc2ccccc2s1,[ 0.44584632  0.7177434  -0.60078126 -0.8251538  -0.26024273]
CN1CCN(C2=c3ccccc3=Nc3ccc(Cl)cc3N2)CC1,[-0.0566241   0.68451875 -0.9735221  -0.08278486 -0.21975775]
Cc1ccc(N2CC(COc3ccc(-c4noc(C)n4)cc3)C2)nn1,[-0.18872644  0.5977472  -0.48712283 -0.7832341   0.00844295]
CC1=C2C[C@H]3[C@@H](CC=C4C[C@@H](O)CC[C@@]43C)[C@@H]2CC[C@]12O[C@@H]1C[C@H](C)CN[C@H]1[C@H]2C,[-0.35116655  0.62073004 -0.80118823 -0.7560847  -0.04262353]
C=C(CC(=O)c1ccc(-c2ccccc2Cl)cc1)C(=O)O,[-0.06886904  0.69422466 -0.84390754 -0.55755574  0.39255157]
COc1cc2c(cc1OC)C(CCc1ccc(Cl)cc1)N(C)CC2,[ 0.26498562  0.7240545   0.33140266 -0.37337637  0.47899932]
CNC(=O)c1cccc2c(Nc3ccc(NS(C)(=O)=O)cc3OC)c3cccc(C)c3[nH+]c12,[ 0.39692375  0.8141136  -0.6240943  -0.51076066 -0.20033227]
CN1CCN(CCC=C2c3ccccc3Sc3ccc(S(=O)(=O)N(C)C)cc32)CC1,[-0.5975371  -0.18369429 -0.71901894 -0.766689   -0.18681198]
CC(=O)OCCOCCOCCOC(C)=O,[ 0.48648733  0.7869482   0.3811128  -0.8559653  -0.12710294]
CCC(=O)Nc1ccc2[nH]c(C(F)(F)F)nc2c1,[ 0.57652444  0.6526354  -0.9061221  -0.49968046 -0.20214927]
CCCCOCCOC(C)=O,[ 0.39586183  0.9723285  -0.91895187 -0.44737422 -0.5851448 ]
C=CCI,[ 0.31999886  0.200126   -0.53329986  0.3247147   0.23587006]
Cc1nn(C)c(Oc2ccccc2)c1C=NOCc1ccc(C(=O)OC(C)(C)C)cc1,[ 0.19637221  0.08619041 -0.37160617 -0.5557125   0.1175977 ]
Cc1c(F)cc(C(=O)NC2CC2)cc1-c1ccc(C(=O)NCC(C)(C)C)cn1,[ 0.34356844  0.85990775 -0.64769465 -0.4089531  -0.19714457]
Nc1cc(Cl)ccc1O,[ 0.6470703   0.6129749   0.12311536 -0.26859024 -0.16124766]
O=c1cc(-c2ccc(O)cc2)oc2cc(O)cc(O)c12,[-0.08871567  0.8479996  -0.8470298  -0.97193444 -0.14246015]
Clc1cc(Cl)c2nsnc2c1Cl,[-0.43709144  0.9144092  -0.8976621  -0.9557756  -0.3869872 ]
COc1c(OCc2ccc(-c3ccccc3-c3nnn[nH]3)cc2)cc(C)nc1C,[ 0.5274489   0.7095919  -1.         -0.06878038 -0.534278  ]
CS(=O)(=O)c1ccc(C(O)C(COC(=O)C[NH3+])NC(=O)C(Cl)Cl)cc1,[ 0.15659602  0.6621395  -0.24452281 -0.4940142   0.68754375]
CN1C(=O)CN=C(c2ccccc2F)c2cc(Cl)ccc21,[-0.24314134  0.64416367 -0.7617325   0.39368355 -0.5264373 ]
CC(=O)N(C)c1ccc2ccn(-c3cc(NC4CC4)n4ncc(C#N)c4n3)c2c1,[ 0.25447544  0.6734457  -0.7246923  -0.5288991  -0.27348095]
O=C(OCC=Cc1ccccc1)c1ccccc1,[ 0.00238733  0.6689469  -0.8657445  -1.         -0.25022846]
Nc1ccc(F)c(F)c1F,[ 0.21171819  0.6774547  -0.20722012 -0.94697213  0.7092913 ]
CN(C)c1ccc(C(O)(c2ccc(N(C)C)cc2)c2ccc(N(C)C)cc2)cc1,[ 0.42150483  0.3153417  -0.7488399  -0.3913322  -0.03636296]
CC(C)(C)OC(=O)N1CCN(c2ncc(OCc3ccncc3)cn2)CC1,[-0.03935836  0.9765128  -0.41272858 -0.5379682  -0.19277509]
CC(=O)Oc1ccc2c3c1OC1C(OC(C)=O)C=CC4C(C2)[NH+](C)CCC341,[ 0.3816832   0.2628336  -0.593432   -0.8457536  -0.05706917]
CCOP(=S)(NC(C)C)Oc1ccccc1C(=O)OC(C)C,[-0.55724263  1.         -0.91548914 -0.7075774   0.36832803]
CCNC(=O)C(C)OC(=O)Nc1ccccc1,[ 0.37790048  0.7191439  -0.7512066  -0.7873836  -0.06897546]
CN(C)S(=O)(=O)CCCCCNC(=O)N(CCCl)N=O,[ 0.13359682  0.7284514  -0.1544392  -0.6005733  -0.1497932 ]
COc1ccc(Oc2ccc(NC(=O)N(C)C)cc2)cc1,[ 0.40589604  0.67813605 -0.16974628 -0.4747976  -0.31483993]
Cc1cnc(NCCCN(C)C)c2c1[nH]c1ccc3cc(O)ccc3c12,[ 0.03367466  0.7500789   0.48507762 -0.74927646  0.18665445]
O=C(c1ccccc1)c1cccc2c1CCC2C(=O)O,[ 0.2981979   0.8013518  -0.570532   -0.5893119  -0.10741735]
CCCP(=O)(CCC)CCC,[ 0.24369007  0.78426814 -0.7756545  -0.36769816  0.06543446]
CCCCCCCCCCCCNC(N)=S,[ 0.03839317  0.9363711  -0.81156623  0.11848507 -0.21758088]
CC(CN1CCOCC1)C(C(=O)N1CCCC1)(c1ccccc1)c1ccccc1,[-0.18955433  0.7200039  -0.82800347 -0.65140355  0.02730428]
C#CC(C)(C)O,[ 0.39131296  0.75393856 -0.9953638  -0.3438534  -0.4642527 ]
COc1ccccc1Oc1c([N-]S(=O)(=O)c2ccc(C)cn2)nc(-c2ccncc2)nc1OC,[ 0.01468852 -0.23781347 -0.35375196 -0.7401323  -0.66725826]
CCCCCNCCCCC,[-0.0360329  -0.46335003  0.10324878 -0.81880045  0.03725705]
Cc1ccc2c(c1)c(-c1ccnc3cc(Cl)ccc13)c(C)n2CC(=O)O,[-0.07871225  0.6237766   0.32873967 -0.98903316  0.2585822 ]
CCN(CC)CCOCCO,[-0.08295714  0.92303985 -1.         -0.6669154  -0.03325968]
O=C(O)c1ccccc1C(=O)Nc1cccc2ccccc12,[ 0.67189145  0.57418996 -0.7079061  -0.71907914 -0.12188268]
C[C@@H]1O[C@@H](O[C@H]2[C@@H](O)C[C@H](O[C@H]3C[C@](O)(C(=O)CO)Cc4c(O)c5c(c(O)c43)C(=O)c3ccccc3C5=O)O[C@H]2C)C[C@H](N)[C@@H]1O,[-0.09804186  0.5913994   0.5374441  -0.7366092  -0.44032478]
CC(C)Nc1nc(Cl)nc(NC(C)C)n1,[ 0.51564354  0.8271929  -0.6715229  -0.5263123   0.0939451 ]
CC[C@@H]1OC(=O)[C@@H](C)[C@H](O[C@@H]2C[C@](C)(OC)[C@H](O)[C@@H](C)O2)[C@H](C)[C@H](O[C@@H]2O[C@H](C)C[C@H](N(C)C)[C@H]2O)[C@@](C)(O)C[C@@H](C)/C(=N\OCOCCOC)[C@H](C)[C@@H](O)[C@@]1(C)O,[ 0.31758958  0.759505   -0.5724964   0.72636324 -0.23963256]
Cc1ccc2c(c1)c(-c1ccnc3c(C)cccc13)c(C)n2CC(=O)O,[-0.18877563  0.7937422  -0.86945945 -0.84790224 -0.35698944]
CCCCN1C(=O)c2cccc([N+](=O)[O-])c2C1=O,[ 0.37125468 -0.02240322 -0.72610635 -0.5749482  -0.26445284]
O=c1cc(N2CCOCC2)nc2n(Cc3cccc(Cl)c3Cl)ccn12,[ 0.32392058  0.3048365  -0.18519118 -0.03519064  0.10209329]
Cc1cc(OC(=O)N(C)C)n(C(C)C)n1,[-0.3620685   0.8327273  -0.49562985  0.62670445 -0.03606594]
CC1CN(C2CCCCCCCCCCC2)CC(C)O1,[ 0.7619944   0.9176429  -1.          0.17905617  0.40240103]
C#CC1(O)C(CO)OC(n2ccc(N)nc2=O)C1O,[-0.58801395  0.7755515  -0.5932668  -0.8286509  -0.2116161 ]
CC(C)=CCCC(C)=CCCC(=CCCC(C)=CCO)CO,[ 0.5538964   0.82008356 -0.704123   -0.5086956  -0.35775658]
Nc1ccc(O)c([N+](=O)[O-])c1,[ 0.10222451 -0.77188796 -0.7503365  -0.48432449  0.04895265]
SCc1ccccc1,[ 0.0935365   0.66443896 -0.8060173  -0.8656702   0.65394557]
CCCCOCC1CO1,[-0.22355257  0.20741591 -0.8680075  -0.7718066  -0.40167257]
CC(C(=O)O[C@@H]1CC[N+](C)(C)C1)(c1ccccc1)C1CCCC1,[-0.1230455  -0.7028607  -1.         -0.5572191  -0.07500611]
CC(C)(C)NC(=O)NCCN1CCCC(NC(=O)c2cc(Cl)cc(Cl)c2)C1,[ 0.60037935  0.7613606  -0.32494375 -0.6631187  -0.19816697]
OCc1cc(C(O)C[NH2+]CCCCCCOCCOCc2c(Cl)cccc2Cl)ccc1O,[ 0.49862495  0.81790394 -1.         -0.7285386  -0.47252634]
OCCOc1cc(Cl)c(Cl)cc1Cl,[-0.54168344  0.9434008  -0.75136054 -0.35238063 -0.02824754]
C=CC[NH+]1CCCC1CNC(=O)c1cc(S(=O)(=O)NC)c(N)cc1OC,[-0.18041712  0.7201773  -0.49933544 -0.602886   -0.25258788]
C1CSCCO1,[ 0.349092    0.3626818  -0.7340627   0.3547035  -0.14467551]
NCCNCc1ccccc1O,[-0.2422482   1.         -0.24753845 -0.21506566 -0.27413103]
CCOC(=O)c1ccc(C#Cc2ccc3c(c2)C(C)(C)CCS3)nc1,[-0.11545407  0.11188991 -0.81361794 -0.28913015 -0.5138463 ]
O=C(O)COc1ccc(C(=O)CN2CCN(C3CCNCC3)CC2=O)cc1,[ 0.42549375  1.         -0.75896996 -0.8627631   0.27255738]
CC(NC(C)c1ccccc1)c1ccccc1,[ 0.66962796  1.         -0.6148485  -0.5461532  -0.04164943]
CCOP(=S)(OCC)Oc1cc(-c2ccccc2)on1,[ 0.88153714  0.8660401  -1.          0.8652681  -0.540221  ]
COP(=S)(OC)Oc1ccc(S(N)(=O)=O)cc1,[ 0.13045673  0.01332327 -0.45959404 -0.64142936  0.10493802]
COc1ccc(CC2NCC(O)C2OC(C)=O)cc1,[-0.09369211  0.43145162 -0.77319604 -0.28090563 -0.01460848]
CC(C)=CC1C(C(=O)OC(C#N)c2cccc(Oc3ccccc3)c2)C1(C)C,[-0.01704748  0.5159304  -0.881742   -0.43588045  0.47525167]
CN(CCCOCCOCCc1ccccc1)CCc1ccc(O)c2nc(O)sc12,[-0.49197352 -0.28798836 -0.7229735  -0.5347574  -0.26255327]
COCc1ccc2c(C(C(=O)NS(=O)(=O)c3ccc(C)cc3OC)c3ccc4c(c3)OCO4)cn(C)c2c1,[-0.03554307  0.88573295  0.85751283 -0.53404844 -0.36612934]
Cn1c(C(=O)NC2(C(=O)N[C@H](Cc3ccccc3)C(=O)NCCCN3CCOCC3)CCCC2)cc2ccccc21,[-0.4335799   0.9635481  -0.39905936  0.02878978 -0.3731811 ]
CN[C@@H](C)[C@@H](O)c1ccccc1,[-0.2798709   0.65141886 -0.956358   -0.93068933  0.72649324]
NCCCCN,[ 0.12149388  0.885077    0.02287541 -0.5116478  -0.65785253]
COc1ccc2c(O[C@@H]3C[C@H]4C(=O)N[C@]5(C(=O)NS(=O)(=O)C6CC6)C[C@H]5/C=C\CCCCN(C)C(=O)[C@@H]4C3)nc(-c3ccc(F)cc3)nc2c1C,[ 0.62560993  0.6368075  -0.70223475 -0.75463796  0.12321747]
C=C(C)CN(CC)c1c([N+](=O)[O-])cc(C(F)(F)F)cc1[N+](=O)[O-],[ 0.43185776  0.7092983   0.12015475 -0.35888845 -0.52398103]
Cc1ccc(S(=O)(=O)Nc2c(C(=O)N[C@@H](C)C(C)(C)C)c(C)nn2C(C)C)cc1,[-0.33216447  0.7746649  -0.84744954 -0.818251   -0.29245427]
CC(=O)CCc1ccc(O)cc1,[-0.05164984 -0.03331186 -0.6981241  -0.6561791  -0.13953248]
Cc1cccc2sc3nncn3c12,[ 0.20402868  0.79556686 -1.          0.24324779 -0.38079646]
CC(=CC(=O)O)C(=O)O,[ 0.19920535  0.5781833  -0.92719406 -0.79101425 -0.15260701]
Cc1cccc([N+](=O)[O-])c1[N+](=O)[O-],[-0.0405541   0.8788501  -0.97090983  0.06712918  0.37232235]
N#CCCCCC#N,[-0.10276854  0.8177836  -0.99360687 -0.720206   -0.40349746]
Cc1nc(N)nc(N)c1-c1ccc(Br)cc1,[-0.11858889  0.9335237  -0.8830872  -0.72149277 -0.3236416 ]
CN(C)C(=O)C(CCN1CCC(O)(c2ccc(Cl)cc2)CC1)(c1ccccc1)c1ccccc1,[ 0.38770217  0.68467927  0.01605866  0.40829498 -0.16615309]
Nc1cc[n+]([O-])cc1,[ 0.04734253  0.96698284 -0.618461   -0.95952666  0.90294003]
O=C(NCCNCC(O)COc1ccc(O)cc1)N1CCOCC1,[-0.04273811  0.34923032 -0.92033875 -0.8602787  -0.43705922]
CN(C)CCCNCCCN(C)C,[ 0.28784683  0.39357898 -0.8000285   0.25925758  0.18414253]
Cc1cnc(NC(=O)C2=C(O)c3ccccc3S(=O)(=O)N2C)s1,[ 0.24189264 -0.26379907 -1.         -0.87675184 -0.27421507]
CCOC(C1=NCCCN1)c1c(Cl)cccc1Cl,[ 0.2699748   0.60466886 -0.4756659  -0.48294187 -0.4412191 ]
CCN(CC)CCO,[ 0.59595245  1.         -0.9611371  -0.90541834 -0.37691343]
CCOC(=O)CCC[Si](C)(OCC)OCC,[ 0.5057512   0.91237694 -0.6887191  -0.68698084 -0.3469855 ]
CCCOC(=O)c1ccc(C(=O)OCCC)nc1,[ 0.06671921 -0.2671294  -0.2167419  -0.8249605  -0.17931508]
CC(C)OC(=O)C(C(=O)OC(C)C)=C1SCCS1,[ 0.00771777  0.43169203 -0.9386678   0.25893202 -0.26856124]
Nc1cc2c(cc1C1CCCCC1)CCC2C(=O)O,[ 0.31686977  0.33227316 -0.8912299  -1.         -0.0778622 ]
Cc1ncccc1Oc1ncnc(OC2CCN(C(=O)OC(C)C)CC2)c1C,[ 0.11609015  1.         -0.65671647 -0.9731211  -0.08667422]
C=C(C)C1CC=C(C)C(O)C1,[-0.00799535  0.8664872  -0.14869462 -0.75994796 -0.24060301]
FC(F)(F)c1nc2c(Br)c(Cl)c(Br)cc2[nH]1,[-0.44792634  0.6945527  -0.60327446 -0.5901443  -0.08032569]
CNNC,[ 0.44014966  0.3175297  -0.92206395 -0.798814   -0.37814635]
CCCC(=O)OC1(C(=O)COC(=O)CC)CCC2C3CCC4=CC(=O)CCC4(C)C3C(O)CC21C,[ 0.4672939   0.7037116  -0.8391341  -0.68440646  0.05510736]
C[Si](C)(Cl)Cl,[ 0.20751594  0.85200363 -0.7429556  -1.         -0.60951936]
C=CC[NH+]1CCCC1CNC(=O)c1cc2n[nH]nc2cc1OC,[0.1755321  0.49776286 0.35524157 0.0311915  0.40522924]
COc1cc2c(c3oc(=O)c4c(c13)CCC4=O)C1C=COC1O2,[ 0.14441195  0.77172595 -0.76948684 -0.63815016  0.07927786]
CC[C@H](CO)NC(=O)[C@H]1C=C2c3cccc4[nH]cc(c34)C[C@@H]2N(C)C1,[ 0.1862081   0.02747384 -0.5272584  -0.74163735 -0.24718064]
Clc1nc(Cl)nc(Cl)n1,[-0.27357268  0.63113207 -0.8709554  -0.8937693  -0.32476002]
CN(C)N(C)N=O,[-0.10090225  0.6817389  -0.9362022  -1.          0.48865485]
Cc1cc(C)c(C)cc1C,[ 0.35634497  1.         -0.1172578  -0.7025274  -0.1950165 ]
C=CCOc1ccccc1C(N)=O,[ 0.13038844  0.31641224 -0.7071379  -0.8070607  -0.16967195]
CC(C)(C)c1ccc(C(=O)O)cc1,[ 0.44910118  0.5989847  -0.684612    0.4863691  -0.01702816]
O=S(=O)(O)c1ccc2cc(Nc3cccc4c(O)c(S(=O)(=O)O)ccc34)ccc2c1O,[ 0.05779021 -0.8894629  -0.712808   -0.98772526  0.30513763]
NC(=O)N1C(=O)C(C(=O)c2cccs2)c2cc(Cl)ccc21,[-0.46695256  0.03317617 -0.8415543  -0.62569386 -0.39512601]
O=Cc1ccc(O)cc1,[ 0.61745006  0.31029573 -0.5512494  -0.65223366 -0.35962903]
CCOP(=S)(OCC)OC(=CCl)c1ccc(Cl)cc1Cl,[-0.15530428 -0.467766   -0.95778173 -0.17235872  0.28706902]
CCC[NH+]1CCCCC1C(=O)Nc1c(C)cccc1C,[ 0.1528693   0.61974686 -0.7808091  -0.6980958  -0.11679412]
O=C(Oc1ccccc1)n1c(C(F)(F)F)nc2cc(Cl)c(Cl)cc21,[ 0.05530406  0.44081968 -0.5135981   0.05737128 -0.31900924]
N#CCc1ccccc1,[ 0.2549322   0.8578495  -0.35396573 -0.5737572  -0.37035954]
CC(=O)c1ccc2c(c1)N1C(=O)OCC1CC2,[ 0.39886993  0.74011385 -0.9925062  -0.7347208   0.51498646]
NCC1CCC=CO1,[-0.1875507   0.5570527  -0.8303158  -0.7761794   0.22644234]
C=CC(=O)OCCOCCC#N,[ 0.05758294  0.8994753  -0.82856333 -1.         -0.2167042 ]
C=C(OP(=O)(OC)OC)c1ccc(Cl)cc1Cl,[ 0.11850141  0.9052901  -0.8161132  -0.6431914   0.5011313 ]
O=C1C2CC3C1C1(Cl)C(Cl)C4(Cl)C2C3C1(Cl)C4(Cl)Cl,[ 0.5967024   0.8449628  -1.         -0.9511204  -0.24717031]
Cc1cc(C)c(N)c(C)c1,[ 0.14704819 -0.44162863 -0.9495447   0.39014602 -0.02656796]
CNC(=O)Oc1ccc(CCC#N)cc1,[ 0.2290892   0.68096274 -0.50157523 -0.5803161   0.2172264 ]
CCc1nc2cc(O)ccc2c(Oc2ccc(/C=C/C(=O)O)cc2)c1-c1ccccc1,[-0.15337008  0.9959076  -0.60893863 -0.9866047   0.24844836]
CN(C)CCC=C1c2ccccc2CCc2ccccc21,[ 0.0566606   0.46994516 -0.45967907 -0.525639    0.45801648]
[NH3+]CC1CCC(C(=O)[O-])CC1,[ 0.22584987  0.92591363 -0.3922849   0.14404023 -0.192827  ]
CC1CCC2(O)C3(C)CC4(O)OC2(C1O)C1(O)C3(O)C(OC(=O)c2ccc[nH]2)C(O)(C(C)C)C41C,[ 0.27924296  0.98907185 -1.         -0.82597077  0.17352395]
COP(=S)(Cl)OC,[ 0.5454588   0.82180405 -0.9938028  -0.36932352 -0.16382545]
CCCOC(=O)Cc1ccc(OCC(=O)N(CC)CC)c(OC)c1,[-0.45795974 -0.07833288  0.0523865   0.3881071   0.17484404]
COC(C)C=O,[-0.80710965  0.7307592  -0.7829938  -1.          0.38436794]
CCP(=O)(OC)SC,[-0.4672928   0.9228634  -0.7901105  -0.7593694   0.63032514]
CC(C)CCCC1CCC(C)(C(=O)NCC(=O)O)CC1,[ 0.40556413  0.03205229 -0.2612956  -0.6814228  -0.00271242]
CCCN(CCC)c1c([N+](=O)[O-])cc(S(N)(=O)=O)cc1[N+](=O)[O-],[ 0.4306631  -0.4780716  -0.64192396 -0.9671365   0.09831988]
NC(=O)Nc1cccc2c3c([nH]c12)CCCC3,[ 0.06879041  0.7628289  -0.82426876 -0.691712   -0.08213811]
CCCNC(=O)[N-]S(=O)(=O)c1ccc(Cl)cc1,[ 0.08941738  0.8655077  -0.7851631  -0.43602446 -0.3510594 ]
CSCCNc1nc(SCCC(F)(F)F)nc2c1ncn2C1OC(COP(=O)([O-])OP(=O)([O-])C(Cl)(Cl)P(=O)([O-])[O-])C(O)C1O,[-0.7799925  0.8940845 -0.6113071 -0.3238055 -0.0624997]
O=c1c2nocc2c(-c2ccccc2)nn1-c1ccccc1,[-0.63537925  0.47618067 -1.         -0.95809084  0.04983241]
Cc1onc2c(=O)n(C)nc(-c3ccccc3)c12,[ 0.3491095   0.9148651  -0.8884827  -0.6540289  -0.25492117]
O=Cc1cccc2ccccc12,[ 0.34969854 -0.6572545  -0.35874572 -0.41512862  0.29666615]
C[C@@H]1NC(=O)[C@@H](C)N(C)C(=O)[C@@H](C)N(C)C(=O)[C@H](C)NC(=O)[C@H](C)N(C)C(=O)[C@@H](C)N(C)C1=O,[ 0.29757914  0.51926136 -0.725983    0.4047881   0.31881765]
CCCCCC(O)C=CC1C(O)CC(O)C1CC=CCCCC(=O)O,[ 0.4039737  -0.33187184 -0.9007074  -0.184126    0.3252419 ]
Cc1nc(C(F)(F)F)ccc1C(=O)Nc1ccc(Cl)c(-c2ccccn2)c1,[-0.11945914 -0.5467311   0.28667483 -0.5187542  -0.7038112 ]
O=C(O)COc1ccc(Cl)cc1CN1CCN(S(=O)(=O)Cc2ccccc2)CC1,[ 0.21920758  0.83765304 -0.41977903 -0.8011033  -0.5200947 ]
C=CC(C)CCCC(C)(C)O,[ 0.20193958  0.5661643  -0.49410293 -0.82476336 -0.08010606]
CC(C(=O)O)c1ccc(CC2CCCC2=O)cc1,[ 0.47333926  0.8285227  -0.65207106 -0.9350393  -0.05234528]
CCSP(SCC)SCC,[ 0.5153546   0.9928438  -0.4315949  -0.6344109  -0.51547456]
CCC[C@@H](c1ccc(C(=O)O)c(Oc2cccc(Cl)c2)c1)N1CCC[C@H](n2cc(C)c(=O)[nH]c2=O)C1,[-0.05714801  0.88368595 -0.95333135 -0.68352354  0.75363123]
FC(F)(F)c1nc2cc(Br)c(Cl)cc2[nH]1,[-0.01042623  0.8230019  -0.68217534 -0.54505336  0.34544402]
C=CCSP(=O)(NC(=O)CC)OC,[-0.04468378  0.35925576 -0.94790316 -0.6745675  -0.20589796]
Cc1c(Sc2ccc(Cl)cc2)c2c(-c3cnccn3)cccc2n1CC(=O)O,[-0.23649532  0.72307724 -0.9966672  -1.          0.19950303]
O=C(NCC12CC3CC(CC(C3)C1)C2)c1cc(-n2ncc(=O)[nH]c2=O)ccc1Cl,[ 0.34010318  0.19109431 -0.56478643 -0.9984544   0.03098663]
O=c1oc(-c2ccccc2)nc2ccccc12,[ 0.09712591  0.9384287  -0.09532351 -0.6849993   0.32857844]
CCOC(=O)Cl,[ 0.19181533  0.06263302 -0.6466358  -0.57250965 -0.02759445]
C(Oc1nc(OCC2CO2)nc(OCC2CO2)n1)C1CO1,[ 0.30568218  0.7786267  -0.39093918 -0.6877988  -0.31159735]
C(=NC1CCCCC1)=NC1CCCCC1,[ 0.19797073  0.90244234 -1.         -0.7310128  -0.14730285]
COP(=S)(OC)SC(CBr)N1C(=O)c2ccccc2C1=O,[ 0.14864573  0.7918944  -0.1613239  -0.39472827  0.08397806]
S=C=NCCN=C=S,[-0.6271153   0.38812578 -0.60614455 -0.5642913  -0.38321063]
CCCCOP(=O)(OCCCC)Oc1ccccc1,[-0.00106142  0.8233041  -0.8009364  -0.88619894 -0.68520266]
N#CC1CC2CC2N1C(=O)C(N)C12CC3CC(CC(O)(C3)C1)C2,[ 0.36636063  0.9441226  -0.73338455 -0.7158721   0.20014301]
CCN1C(=O)NC(c2ccccc2)C1=O,[-0.18461336  0.5812155   0.12881039 -0.3507604   0.72695184]
N#Cc1ccc(F)c(-c2cc(C(F)(F)F)ccc2OCC(=O)O)c1,[ 0.1524749  0.6530771 -0.8404883 -0.0995181  0.0973267]
Cc1c(OCC(F)(F)F)ccnc1CS(=O)c1nc2ccccc2[nH]1,[-0.13964576  0.91484284 -0.6287749  -0.7490004  -0.52337974]
S=c1[nH]cnc2nc[nH]c12,[-0.48215488  0.42865387 -0.8747669  -0.92435116 -0.2083217 ]
CCC(C)c1ccccc1,[ 0.05657489  0.95045257 -1.         -0.22402208 -0.6026292 ]
CC(C)(C)c1cc(O)ccc1O,[ 0.08159944  0.9765837  -0.34852365  0.74485934  0.40022048]
CCC(C)N(C)C(=O)c1cc2ccccc2c(-c2ccccc2Cl)n1,[ 0.641501    0.94521105 -0.7018453  -0.9612339  -0.3595817 ]
CCOC(=O)C(CCc1ccccc1)NC(C)C(=O)N1C(C(=O)[O-])CC2CCCCC21,[ 0.5393087   0.9443143  -0.57984763 -0.3777458  -0.18542218]
CC1(C)CC2(NC(=O)N(CCCN3CCC(O)CC3)C2=O)c2cc(F)ccc2O1,[-0.00493639  0.79678744 -0.7326759  -0.50907284 -0.3494541 ]
CCCCN(CCCC)SN(C)C(=O)ON=CC(C)(C)SC,[ 0.10792583  0.71097386 -0.6406054  -0.6516457  -0.3719583 ]
Oc1ccc2[nH]c(C(F)(F)F)nc2c1,[ 0.14392996  0.9349534  -0.9038856  -0.7915893  -0.12864034]
CCCSP(=S)(OC)SCCC,[ 0.41735694  0.98642534 -0.95516104 -0.6466994   0.21311437]
CCOP(=S)(OCC)SCC(=O)N(CCC#N)c1ccccc1,[ 0.29197207  1.         -0.81420225 -0.71062243  0.48171237]
COC(=O)c1cc(Oc2ccc(Cl)cc2Cl)ccc1[N+](=O)[O-],[ 0.12100843 -0.39609587 -0.675846   -0.51684743 -0.04074688]
CCN(CC)CCNC(=O)c1cc(Br)c(N)cc1OC,[ 0.14636056  0.7278609  -0.8424543  -0.6921067   0.5654244 ]
CN(CC#N)N=O,[ 0.0935627   0.96261376 -0.7687021  -0.85830855 -0.49781638]
COc1cc(C2c3cc4c(cc3C(OC3OC5COC(C)OC5C(O)C3O)C3COC(=O)C23)OCO4)cc(OC)c1O,[-0.0881148   0.75908995 -0.63775283  0.4266005  -0.24211587]
CN(C1CCCCC1)C1CCCCC1,[ 0.27166703  0.6545675  -0.8593304  -0.7033327  -0.09620181]
O=C(OCCc1ccccc1)c1ccccc1,[ 0.5417836   0.4762852  -0.9416149   0.22042944 -0.05883192]
Nc1ccc(N)cc1,[ 0.3442272   0.4224365  -0.47642216  0.04568118 -0.12276243]
Clc1ccc(N2N=NC3C4CC(C5N=NC45)C32)cc1,[ 0.20297347  0.9772404  -0.7207213  -0.89217234 -0.35005504]
N#CSCCSC#N,[-0.2587892   0.8299948  -0.756248   -0.8249404  -0.28333434]
CC(CC(=O)OC(C)(C)C)NC(=O)C1=NOC(C(O)(C(F)(F)F)C(F)(F)F)C1,[ 0.17711814  0.71190226 -0.5705862  -0.70467985  0.13640335]
CCCc1nnc(CSP(=S)(OCC)OCC)o1,[ 0.20948735  0.8808454  -0.52063197 -0.54739934  0.08765628]
FC(F)(F)c1nc2c(I)cc(I)cc2[nH]1,[-0.24619922  0.9151179  -0.7415317  -0.9324463   0.24298164]
Cn1c(C2=CCN(CCCN3c4ccccc4Sc4ccc(CC(=O)O)cc43)CC2)cc(=O)n(C)c1=O,[ 0.28366914  0.80448705 -0.4571277  -0.89748925 -0.24644104]
CC(C)(C)c1cc(CCC(=O)OCCSCCOC(=O)CCc2cc(C(C)(C)C)c(O)c(C(C)(C)C)c2)cc(C(C)(C)C)c1O,[ 0.18193643  0.8950003  -0.75711983 -0.8872147  -0.32337654]
CCOP(=S)(OCC)Oc1cc(C)n(CC)c(=O)c1,[ 0.00228015  0.6764752  -0.65550995 -0.636628   -0.3666377 ]
CC(C)NCC(O)COc1cccc2ccccc12,[ 0.2338407   0.76193887 -0.7825668  -1.         -0.5191229 ]
CN(C)C(=O)Cl,[ 0.46070522  0.6067836  -0.79578626 -0.9248388   0.41233936]
CC(=O)C1OC1(C)C,[ 0.34889364  0.8522479  -0.73485357 -0.54750305 -0.35514885]
COP(N)(=O)SC,[-0.15644059  0.7614784  -0.7131846  -0.64013743 -0.33133164]
CN1C[C@@H]2c3ccccc3Oc3ccc(Cl)cc3[C@H]2C1,[ 0.50891703  0.75908744 -0.12975085  0.14007968 -0.7504385 ]
C=CCC1/C=C(\C)CC(C)CC(OC)C2OC(O)(C(=O)C(=O)N3CCCCC3C(=O)OC(/C(C)=C/C3CCC(O)C(OC)C3)C(C)C(O)CC1=O)C(C)CC2OC,[ 0.4862478   0.5074964  -0.6418291  -0.8768061  -0.45081723]
CC1CC(=O)NN=C1c1ccc([N-]N=C(C#N)C#N)cc1,[ 0.30306     0.32817036 -1.         -1.          0.08334699]
Nc1cc2c(S(=O)(=O)O)cc(S(=O)(=O)O)cc2cc1S(=O)(=O)O,[ 0.523062    0.8593611  -1.         -0.65147924 -0.03290121]
c1ccc2sc(SNC3CCCCC3)nc2c1,[ 0.54870266  0.7677499  -0.7764167  -0.7207101  -0.30509803]
CCOC(=O)C(CCc1ccccc1)NC1CCc2ccccc2N(CC(=O)O)C1=O,[ 0.38075143  0.7768278  -0.79040515 -0.6389477  -0.12114495]
Cc1ccc([N+](=O)[O-])cc1,[ 0.28250962  0.6862724  -0.7036504  -0.7633183  -0.01911625]
CN(C)C(Cc1ccccc1)c1ccccc1,[ 0.12079684  0.6035546  -0.7202901  -0.7519053  -0.13652407]
c1ccc2[nH]c(-c3cscn3)nc2c1,[ 0.5121456   0.74120194 -0.6182988  -0.56359416 -0.00482974]
C[C@@H](N/C(=N\c1ccncc1)NC#N)C(C)(C)C,[-0.13371634  0.84869087 -0.73325694 -0.88054603 -0.49536383]
FC(F)(F)c1nc2c(Br)cc(Br)cc2[nH]1,[ 0.32867128  1.         -0.80191725 -0.99799174 -0.30197942]
Cc1ccn(C(=O)NCCCCCCCl)n1,[-0.03142936  0.11790919 -0.2995619   0.40499046  0.9609588 ]
Nc1nc2[nH]cnc2c(=S)[nH]1,[-0.16483286  0.943097   -0.9756489  -0.6004893  -0.12356508]
CCC1(CC)Oc2cccc(OC(=O)N(C)C(C)=O)c2O1,[ 0.4885131   0.86404765 -0.79779834 -0.80898094  0.5609791 ]
COCCNC(=O)c1ccc(Nc2ncc3cc(-c4ccncc4)ccc3n2)cc1C,[-0.08821826  0.5296462  -1.         -0.6208706   0.36844662]
COc1ccc2ncc(=O)n(CCN3CC[C@@H](NCc4cc5c(cn4)OCCO5)[C@H](O)C3)c2c1,[ 0.1171533   0.44309455 -0.943388   -0.88314235  0.13826685]
C/C([O-])=C(\C#N)C(=O)Nc1ccc(C(F)(F)F)cc1,[ 0.41926482  0.50236106 -0.69355226 -1.         -0.3076616 ]
C1COCCOCCNCCOCCOCCN1,[ 0.09944826  0.5801342  -0.64227074 -0.55721027  0.1708173 ]
CCC(=O)N(c1ccccc1)C1CC[NH+](CCc2ccccc2)CC1,[-0.08469566 -0.5250746  -0.4434853  -0.22101167  0.00642159]
N#Cc1c(-c2ccc(-c3ccncc3Cl)cc2)nc2ccncc2c1O,[ 0.21216354  0.8129488   0.19246228 -0.7111368   0.04121294]
C=CCc1cc(OC)c(OC(C)Cc2cc(OC)c(OC)c(OC)c2)c(OC)c1,[-0.2572081   0.6486223  -0.7243292  -0.4780479  -0.16401471]
CC=C(CC)C(=O)NC(N)=O,[-0.18611112  0.807589   -0.7677249  -0.7744505  -0.31758603]
CCOC(C)COC(C)CO,[-0.15831652  0.8137343  -0.7691775  -0.4587874  -0.2835967 ]
O=C(/C=C/c1ccccc1)NCCO,[ 0.22440617  0.69830185 -0.5493826   0.12134009  0.18378168]
C=CCc1ccc(OC(C)=O)c(OC)c1,[ 0.5756492   1.         -0.9445567  -0.63095975  0.39124006]
CC(=O)O[C@H]1C[C@@H]2CC[C@@H]3[C@H](CC[C@@]4(C)[C@H]3C[C@H]([N+]3(C)CCCCC3)[C@@H]4OC(C)=O)[C@@]2(C)C[C@@H]1N1CCCCC1.[Br-],[ 0.02190599  1.         -0.9163052  -0.5943906  -0.50887257]
Cc1ccc(N=C=O)cc1N=C=O,[-0.0281524   0.52582914 -0.7314383  -0.7801945  -0.1905218 ]
Fc1cc(-c2cccc3ncc(-c4cnn(C5CCNCC5)c4)nc23)cc(F)c1CN1CCOCC1,[ 0.41010404  0.5549406  -0.943621   -0.5251649   0.1271585 ]
CCNC(=O)ON=C1SCOC1C,[ 0.01818684  0.8568087  -0.829964   -1.          0.08535687]
Cc1c(OC2CCN(CC3CCN([C@@](C)(Cc4ccc(F)cc4)C(=O)O)CC3)CC2)ccc(Cl)c1Cl,[ 0.12519692  0.8914518  -0.80730397 -0.7283582  -0.45364526]
CCCc1c(OCc2cccn3c(=O)c(CCC(=O)O)cnc23)ccc(C(C)=O)c1O,[ 0.07299818 -0.757224   -0.32167396 -0.38947704  0.2652803 ]
Cc1cc(Nc2nc(N[C@@H](C)c3ccc(F)cc3)ncc2Cl)n[nH]1,[ 0.35849297  0.7432994  -0.7144832  -0.79481035 -0.5385424 ]
C1=CCC(C2OCC3(CC=CCC3)CO2)CC1,[-0.26600218  0.69281024 -0.68878496  0.1561851   0.23428454]
CC(C)(C)c1ccc(OP2OCC3(CO2)COP(Oc2ccc(C(C)(C)C)cc2C(C)(C)C)OC3)c(C(C)(C)C)c1,[-0.15102567  0.4432452  -0.50704056 -0.11535899  0.08206117]
C[Si](C)(C)CCCC(=O)O,[ 0.12400266  0.9853503  -0.5593956  -0.52897614 -0.11440655]
CCOP(=S)(OCC)OC(C)CC,[-0.14353155  0.40341374  0.46177888 -0.59618497  0.4840451 ]
Cc1c(C(C)C)c(=O)n(-c2ccccc2)n1C,[ 0.2781547   0.7844649   0.9516954  -0.31369844 -0.47254696]
CN(C)CCCC1c2ccccc2Nc2ccc(Cl)cc21,[ 0.10848444  0.8611508  -0.6786013  -1.         -0.15819244]
COC(=O)C(C(C)=O)C(C)=O,[-0.17741305  0.12448131 -0.7240491  -0.8705886  -0.028125  ]
CCCCOc1ccccc1NC(C)=O,[-0.59989953 -0.49901745 -0.19007081 -0.44169304  0.40976828]
C[C@@H]1O[C@@H](O[C@@H]2[C@@H](O)[C@H](OCCc3ccc(O)c(O)c3)O[C@H](CO[C@@H]3O[C@H](CO)[C@@H](O)[C@H](O)[C@H]3O)[C@H]2OC(=O)/C=C/c2ccc(O)c(O)c2)[C@H](O)[C@H](O)[C@H]1O,[-0.15238972  0.9969818  -0.82980704 -0.60491854  0.22607544]
CCOc1cc2ncc(C(N)=O)c(Nc3ccc(F)cc3F)c2cc1N1CCN(C2CC2)CC1,[-0.08836865 -0.10015029 -0.23639588  0.28972188  0.24114846]
CC(=O)OC12COC1CC(O)C1(C)C(=O)C(O)C3=C(C)C(OC(=O)C(O)C(NC(=O)OC(C)(C)C)c4ccccc4)CC(O)(C(OC(=O)c4ccccc4)C21)C3(C)C,[-0.14377756  0.32724205 -0.974914   -0.7135412  -0.21925044]
C[NH2+]C(C)C1CCC(N)C(OC2C(N)CC(N)C(OC3OCC(C)(O)C([NH2+]C)C3O)C2O)O1,[-0.07577364  0.7892621  -0.5782677  -0.42722335 -0.3059007 ]
O=C(Nc1ccc(Br)cc1)c1cc(Br)cc(Br)c1O,[ 0.37876788 -0.40216833 -1.         -0.54800206 -0.54995024]
CNC(=O)Oc1cccc2c1OC(C)(C)O2,[ 0.22747993  0.33140424 -0.78526115 -0.9525448   0.29664427]
CNC(=O)ON=C(C)SC,[-0.47678053  0.8639547  -1.         -0.46365064  0.29151726]
CN(C)S(=O)(=O)N(SC(F)(Cl)Cl)c1ccccc1,[ 0.47051468 -0.67899305 -0.8115051  -0.28290477  0.14470464]
NCC(O)CO,[ 0.24901561  0.9203287  -0.78226197 -0.5046455  -0.37950286]
CCCCC(CC)COCCO,[-0.14266115  0.66342336 -0.85872024 -0.38359383  0.23933607]
O=C(CCCCCCC(=O)Nc1ccccc1)NO,[ 0.4095119  -0.07474184 -0.8791843  -0.9502959  -0.11784507]
CC(O)COC(C)CP(CC(C)OCC(C)O)CC(C)OCC(C)O,[-0.2000765   0.69187224 -0.70502937 -0.9119994  -0.3256208 ]
CCC(C)OC(CBr)c1ccc(Cl)cc1,[-0.67244124  0.69126904 -0.8280707  -0.68564147 -0.40482047]
CN1CCN(CCCN2c3ccccc3Sc3ccc(Cl)cc32)CC1,[-0.14214788  0.4378944  -0.85480595  0.08971275 -0.31019136]
CNC(=O)c1c(I)c(NC(C)=O)c(I)c(C(=O)[O-])c1I,[ 0.32362863  0.90795344 -0.50632375 -0.6478624  -0.3773325 ]
Cc1cccc(C)c1CCNC(N)=O,[-0.32734546  0.90106636 -0.5863173  -0.7757273   0.3670909 ]
O=C(CN1CCNCC1)NN=Cc1ccc([N+](=O)[O-])o1,[-0.00118748 -0.38079822 -0.88550675 -0.87391585 -0.07268623]
C[C@@H](NC1=CC(=O)CNC1)c1ccc(Nc2ncc3cc(-c4ccncc4)ccc3n2)cc1,[ 0.23015587  0.63304806 -0.7722068  -0.6193603   0.3391553 ]
COc1cc2ncc(C(N)=O)c(Nc3ccc(C)cc3F)c2cc1OC,[ 0.38045508  0.8531411  -0.89574164 -0.5289246  -0.22814651]
CCCCC(C)(C)CO,[ 0.36094052  0.7293186  -0.89937246 -0.8044382   0.36886358]
CC(C=O)=Cc1ccco1,[-0.14714886  0.8978792  -0.78272015 -0.65982944  0.80598426]
C=C1CC1CC(N)C(=O)O,[ 0.1921838   0.77444243 -0.5668741  -0.72729    -0.4025789 ]
O=c1cc(-c2ccc(O)cc2)oc2cc([O-])c(C3OC(CO)C(O)C(O)C3O)c(O)c12,[ 0.23274356  0.8033549  -0.77933097 -0.21225165  0.21724099]
CC(C)NC(=O)c1cnc(N2CCC(N3C(=O)OCc4ccccc43)CC2)c(Cl)c1,[-0.17780346  0.94505394 -0.8205555  -0.56988436  0.20317498]
C[C@@H]1O[C@@H](O[C@H]2[C@H](Oc3cc(O)c4c(c3)O[C@H](c3ccc(O)cc3)CC4=O)O[C@H](CO)[C@@H](O)[C@@H]2O)[C@H](O)[C@H](O)[C@H]1O,[ 0.6284991   0.08228803 -0.73164654 -0.4349615   0.23262292]
C#CC(C)(O)C(O)c1ccccc1,[ 0.26583803  0.8183805  -0.83702236 -0.42329314  0.06393193]
Cc1cc(Nc2cncc(N[C@@H](C)c3ccc(F)cn3)n2)n[nH]1,[-0.28377807 -0.17910558 -0.7153781  -0.32372224 -0.40861875]
COc1cccc(OC)c1O,[-0.5601654   0.33103773 -0.8246003  -1.          0.03216366]
C=CC[N+]1([C@H]2C[C@H]3[C@@H]4CC[C@H]5C[C@H](O)[C@@H](N6CCOCC6)C[C@]5(C)[C@H]4CC[C@]3(C)[C@H]2OC(C)=O)CCCC1,[ 0.16376755  0.63091666  0.7001983  -0.6553758  -0.29567826]
C=C(C)c1ccc(C(C)(C)N=C=O)cc1,[-0.03274123  0.6954201  -0.60649896 -0.7002378  -0.50205916]
O=C(O)[C@@H](c1ccccc1)N1CCC(CN2CCC(Oc3ccc(Cl)c(Cl)c3)CC2)CC1,[ 0.56944835  0.99839604 -0.8165471   0.23078139  0.05698293]
CC(=Cc1ccccc1)C=C1SC(=S)N(CC(=O)O)C1=O,[ 0.18779752  0.8147302  -0.96120584 -0.7912291   0.2858818 ]
CN(C)C(=O)Nc1cc(C(C)(C)C)on1,[-0.4563252  -0.90970063 -0.8229095  -0.69422466  0.07373749]
Cc1c(CN2CCOC(c3ccccc3)C2C)c(=O)n(-c2ccccc2)n1C,[-0.06819272  0.72017294 -0.66882014 -0.62919265 -0.3713911 ]
C[C@@H]1NC(=O)[C@@H](C)N(C)C(=O)[C@H](C)N(C)C(=O)[C@@H](C)N(C)C(=O)[C@@H](C)N(C)C(=O)[C@H](C)NC1=O,[ 0.5413951   0.7433023  -0.7745708  -0.12791534 -0.07246041]
CN(CCCl)CCCl,[ 0.15487838  0.7529786  -0.74212873 -0.83649224 -0.1937142 ]
NC(=O)CCCCC1CCSS1,[ 0.2073686   0.8240838  -0.7789545  -0.5242692  -0.06157071]
CC(=O)OCc1ccc(C(C)C)cc1,[-0.40838316  0.84123975 -0.7900688  -0.8223329  -0.02916736]
O=C(COc1ccc(Cc2ccc(Cl)cc2)cc1)OCc1cccnc1,[-0.09241504  0.67689735 -1.         -1.         -0.1516379 ]
C=CC(=O)OCC(CC)CCCC,[ 0.2317063   0.51597166 -0.8207673  -1.          0.616859  ]
Cc1onc2c(=O)[nH]nc(-c3ccccc3)c12,[ 0.5105056   0.36167675 -0.7582444  -0.23128626  0.29472452]
Nc1nc(-c2ccccn2)nc(N)c1Cc1ccc(Cl)cc1Cl,[ 0.4832507   0.7534428  -0.32570225 -0.23262677  1.        ]
Cc1cc(Cl)ccc1OCC(=O)Nc1ccccc1,[-0.20732453  0.94547397 -0.701423   -0.6225363  -0.20111056]
COc1ccc(C[C@@H]2c3cc(OC)c(OC)cc3CC[N@+]2(C)CCC(=O)OCCCCCOC(=O)CC[N@@+]2(C)CCc3cc(OC)c(OC)cc3[C@H]2Cc2ccc(OC)c(OC)c2)cc1OC,[-0.07656539  0.0109422  -0.09366042 -0.44010964 -0.40960371]
CC(=O)CCCCCCCC(=O)O,[ 0.4456274  0.8343534 -0.8586581 -0.2715025 -0.2581808]
COCOCCO,[ 0.20562896  0.6650133  -1.         -0.5255283  -0.0249414 ]
CO[C@@H]1C=CO[C@@]2(C)Oc3c(C)c(O)c4c(c3C2=O)C(=O)/C(=C\NN2CCN(C)CC2)C(=C4O)NC(=O)C(C)=CC=C[C@@H](C)[C@H](O)[C@H](C)[C@H](O)[C@@H](C)[C@@H](OC(C)=O)[C@@H]1C,[ 0.73363703 -0.26137123  0.0022843  -0.54901403 -0.6577478 ]
CNC(=O)ON=C(C)SCC(=O)N(C)C,[ 0.79862577  0.18795738 -0.92988086  0.26930782 -0.37985262]
C[C@@](N)(Cc1ccc(O)c(O)c1)C(=O)O,[ 0.10848278  0.93461555 -0.44459307 -0.970244   -0.18123832]
CC(CO)Oc1ccccc1,[ 0.2827313   0.93286794 -0.8268407  -0.31759515 -0.33360216]
CC(CN1CC(=O)NC(=O)C1)N1CC(=O)NC(=O)C1,[-0.08935342  0.7729789  -0.9533959  -0.8708392  -0.15458035]
CC1=C(CC(=O)O)c2cc(F)ccc2C1=Cc1ccc(S(C)=O)cc1,[ 0.17199431  0.84082603 -0.6770708  -0.0747964  -0.35507253]
CC(=O)OC(C(=O)NC(N)=O)c1ccccc1,[ 0.33683762  0.5877575   0.07271591 -0.12314664 -0.00702079]
CCOC(=O)CCN(SN(C)C(=O)Oc1cccc2c1OC(C)(C)C2)C(C)C,[-0.14191271  0.8983219  -0.7114523  -0.7323586  -0.04551219]
CO[Si](CCCOCC1CO1)(OC)OC,[ 0.12789977  0.7214735  -1.         -0.6378755  -0.06803229]
CCC(=O)CC,[-0.25627458  0.74855965 -0.9869378  -0.74145603 -0.02717932]
COP(=S)(OC)SCc1nnc(SC)s1,[ 0.2734077   0.75234747 -0.18312754 -0.9301126   0.30823797]
CCC(CC)C(=O)OCCOCCOCCOC(=O)C(CC)CC,[ 0.23251648  0.40130568 -0.4095495   0.25057048  0.4085554 ]
CCOc1ccc([C@@H](C)Nc2nc(N3CCN(C(C)=O)CC3)nc3c2CN(C(C)C)C3=O)cc1,[ 0.22392361  0.7686382  -0.6242349  -0.3981239  -0.08142289]
CN(C)C(=O)Nc1ccc(Cl)cc1,[ 0.6401232   0.8743538  -0.5300868  -0.9531349  -0.46957266]
OCC(O)CO,[ 0.43333262  0.44162944 -0.7820291   0.03854924 -0.4820475 ]
COc1ccc2c3c1OC1C(O)C=CC4C(C2)[N+](C)([O-])CCC341,[ 0.17226076  0.9674306  -0.7558001  -0.7906953  -0.12338998]
CC1=NN(c2ccccc2)C(=O)C1,[-0.6313627   0.85917455 -0.7947162  -0.74450624 -0.23191917]
COc1ccc(-c2cc(=O)c3ccc(OC)cc3o2)cc1,[-0.0228782   0.9266386  -0.8544544  -0.15468623  0.27935615]
N#Cc1cccc(C#N)c1,[ 0.21474281  0.9803403  -0.31404847 -0.9140255  -0.24434006]
COc1cc(OC)c(S(=O)(=O)NCc2ccccc2N2CCCCC2)cc1NC(=O)CCC(=O)O,[-0.23341163  0.67919713  0.58142626 -0.47198856 -0.19541594]
Nn1cnc2cc3ccccc3cc2c1=O,[-0.00753211  0.6015195   0.48026899 -0.43197167  0.00382456]
OCCN(CCO)CCO,[ 0.28592628  0.7252092  -0.615021   -0.0066171  -0.23880982]
FC(F)(F)c1nc2c(Br)c(Br)cc(Br)c2[nH]1,[ 0.19797562  0.24641557 -0.7620539  -0.73596585 -0.4187871 ]
COC(CN1CCN(CCC(O)c2ccccc2)CC1)c1ccccc1,[ 0.32892174  0.4072883  -0.78938866 -1.         -0.39627445]
c1c[nH]cn1,[ 0.5104516   0.8772711  -1.         -0.20903704 -0.4476466 ]
OCCNCCOc1ccc(C(=C(c2ccccc2)C(F)(F)F)c2ccccc2)cc1,[-0.00605488  0.8649229  -0.8503831  -0.28076687  0.28605893]
CCC(C)(C)c1ccc(Cl)c(OC(=O)NC)c1,[ 0.28303528  0.73720056 -0.7994256   0.40477955 -0.08063331]
COc1cc2c(cc1OC)C1CC(=O)C(CCC#N)CN1CC2,[-0.2283745   1.         -0.78801256 -0.9045846   0.6417242 ]
CC(C)=CCOC(=O)c1ccccc1,[ 0.2886054   0.64803845 -0.6256495  -0.87253165  0.06363238]
CC(C)(C#N)C(C)(C)C#N,[ 0.20832491  0.4356519  -0.7926335  -0.94593555 -0.52522135]
CCNC(=S)NCC,[ 0.23457423  0.25521135 -0.14662647  0.23377305  1.        ]
Cc1cc(Nc2nc(N[C@@H](C)c3ncc(F)cn3)nc(N3CCOCC3)c2F)n[nH]1,[-0.2359223   0.76673794 -0.5567108  -0.7620606  -0.19304976]
C[C@@H]1NC(=O)[C@@H](C)NC(=O)[C@H](C)N(C)C(=O)[C@@H](C)N(C)C(=O)[C@@H](C)NC(=O)[C@H](C)N(C)C1=O,[ 0.0465317   0.14702882 -0.6905235  -0.78963816  0.57854986]
CCC(C)(C)C1CCC(=O)CC1,[ 0.5196213   0.9650104  -0.41851068 -0.6705161  -0.00373489]
Cc1ccc2nc(C[N+]34CCC(CC3)[C@@H](OC(=O)[C@](C)(c3ccccc3)N3CCCCC3)C4)oc2c1,[ 0.56042135  0.7439321  -0.62686545 -1.         -0.5746063 ]
O=P(OCCCl)(OCCCl)OC1CC(C(Br)CBr)CCC1Cl,[-0.25909272  0.719339   -0.75869703 -0.9388745  -0.05367197]
Cc1c(Sc2ccc(Cl)cc2)c2c(S(C)(=O)=O)cccc2n1CC(=O)O,[-0.37657553  0.7942298  -0.80918264 -0.66591865 -0.35687685]
CC(C)(C)CNC(=S)Nc1cccnc1,[ 0.2925884   1.         -0.6589837  -0.99528646 -0.18221383]
C#CC1(O)C=CC2C3CCC4=CC(=O)CCC4C3CCC21CC,[ 0.18353131  0.601558   -1.          0.21480152  0.15772438]
FC(F)=C(F)CCSc1ncccn1,[ 0.29828528  0.8679173  -0.8141396  -0.73819715  0.28088692]
Nc1nc2ccc(OC(F)(F)F)cc2s1,[-0.861472    0.5195514  -0.5229058  -0.15360847  0.35613978]
O=C([O-])c1cc(N=Nc2ccc(S(=O)(=O)Nc3ccccn3)cc2)ccc1O,[-0.01852524  0.81276387 -0.10292841 -0.7655293  -0.23370978]
CCCCc1c(OC(=O)c2cc(OC)c(OC)c(OC)c2)n(-c2ccccc2)n(-c2ccccc2)c1=O,[-0.11211511  0.8710537  -0.63796777 -0.7186864  -0.03437978]
COc1cc2c(cc1OC)C(Cc1cc(OC)c(OC)c(OC)c1)[N+](C)(CCCOC(=O)CC/C=C\CCC(=O)OCCC[N+]1(C)CCc3cc(OC)c(OC)cc3C1Cc1cc(OC)c(OC)c(OC)c1)CC2,[ 0.46783006  0.7847285  -1.         -0.60183585 -0.3598792 ]
CC(=O)N[C@H](Cc1ccc2ccccc2c1)C(=O)N[C@H](Cc1ccc(Cl)cc1)C(=O)N[C@H](Cc1cccnc1)C(=O)N[C@@H](CO)C(=O)N[C@@H](Cc1ccc(O)cc1)C(=O)N[C@H](CCCNC(N)=O)C(=O)N[C@@H](CC(C)C)C(=O)N[C@@H](CCCNC(=N)N)C(=O)N1CCC[C@H]1C(=O)N[C@H](C)C(N)=O,[-0.0154835   0.75103956 -0.9215962  -0.83724517 -0.04205764]
CN(C)CCOc1cc(NS(=O)(=O)c2c(Cl)cc(C(F)(F)F)cc2Cl)ccc1Cl,[ 0.01129127  0.8445894  -0.73529834 -0.39110562 -0.0911324 ]
CNc1c(Br)cnc2[nH]c(-c3ccc(S(C)(=O)=O)cc3)nc12,[ 0.00246479  0.7044875  -0.57200336  0.49060038 -0.34317088]
C[NH+]1CCc2cccc3c2C1Cc1ccc(O)c(O)c1-3,[ 0.31384584  0.4969562  -0.29735172 -0.74431276  0.08151259]
CCC[C@H](NC(=O)[C@@H]1[C@H]2CCC[C@H]2CN1C(=O)[C@@H](NC(=O)[C@@H](NC(=O)c1cnccn1)C1CCCCC1)C(C)(C)C)C(=O)C(=O)NC1CC1,[ 0.35520568  0.6932404  -0.8483119  -0.9442163  -0.29640186]
CC1(C)C(=O)N(CO)C(=O)N1CO,[ 0.56211495  0.725263   -0.6256936  -0.2745768  -0.3471685 ]
CC(C)(C)CC(=O)Nc1c(F)cc(C(=O)Nc2nccs2)cc1F,[ 0.410637    0.73966664  0.66602474 -0.12555268 -0.02772598]
OC1(c2ccc(Cl)c(C(F)(F)F)c2)CCN(CCCC(c2ccc(F)cc2)c2ccc(F)cc2)CC1,[ 0.13083912  1.         -1.         -0.8678628   0.08869506]
CCN(CC)N=Nc1ccccc1,[ 0.57634765  0.3807745  -0.90146625 -0.33407804 -0.33348608]
CNC(=O)OCc1cccc(COC(=O)NC)n1,[ 0.24040899  0.7623726  -0.69737947  0.01200857 -0.04259442]
COC1CCC=CO1,[-0.25287396  0.9350776  -0.74575126 -0.41759077  0.2040795 ]
Nc1ccc(Cl)cc1,[ 0.4008699   0.6867006  -0.39481983 -0.74102837 -0.0571651 ]
O=[N+]([O-])OCC(O)CO,[ 0.06687268  0.9323061  -0.8221246  -0.80597734 -0.03408899]
CN(C)N=Nc1nc[nH]c1C(N)=O,[ 0.18752284  0.42096296 -0.3066423  -0.4126127  -0.22332762]
CCc1cc2c(s1)-n1c(C)nnc1CN=C2c1ccccc1Cl,[-0.24479043  0.9616057  -0.69048125 -0.7357817  -0.30172768]
CCCCN(N=O)C(N)=O,[ 0.5452561   0.3361336  -0.5873933  -0.88837206 -0.3091329 ]
CCOC(=O)C=Cc1ccc2c(c1)OCO2,[ 0.08538334  0.77427846 -0.8058687  -0.8661599  -0.42602187]
COc1cc(C=CC(N)=O)ccc1O,[-0.1690375   0.71581507 -1.         -0.67378324 -0.53831595]
O=[N+]([O-])c1cc2[nH]c(C(F)(F)F)nc2cc1Cl,[ 0.5954068   0.811453   -0.91602945 -0.7307605  -0.51184505]
Cc1cc(=O)cc(-c2ccccc2)o1,[ 0.3176099   0.6615336  -0.6828709  -0.6618306  -0.19342652]
N=C(N)Nc1nc(CSCCC(=N)NS(N)(=O)=O)cs1,[ 0.5569688  0.561209  -0.9015852 -0.4033159 -0.2716143]
C=CCNC(=O)C(=O)C(CCC)NC(=O)C1CC2CN1C(=O)C(C1CCCCC1)NC(=O)Cc1cccc(c1)OCCC(C)(C)O2,[ 0.40231752  0.8406526  -0.9006581  -0.5360864  -0.5503711 ]
CC(N)C(O)c1cccc(O)c1,[ 0.29645234  0.4714442   0.77765536 -0.5809482   0.7135852 ]
Cc1ccccc1COC1CC2(C(C)C)CCC1(C)O2,[ 0.01318369  0.6160277  -0.6228409  -0.771204   -0.0384125 ]
c1ccc(OP(Oc2ccccc2)Oc2ccccc2)cc1,[ 0.5594091   0.67886585 -0.8049558  -0.62452394  0.19283749]
Oc1cc(Cl)c(Cl)c(Cl)c1Cl,[-0.04301555  1.         -0.8236234  -0.69916433 -0.40172634]
Cc1cn([C@H]2CCCN([C@H](CC(C)C)c3ccc(C(=O)O)c(Oc4cccc(Cl)c4)c3)C2)c(=O)[nH]c1=O,[ 0.26526704  0.99886614 -0.85605556 -1.         -0.17975189]
CC(C)CN,[-0.13235517  0.94533986 -0.78882444 -0.599126   -0.1498666 ]
COP(=O)(OC)Oc1ccc([N+](=O)[O-])c(Cl)c1,[ 0.33601215  0.82828057 -0.96298146 -0.76877695 -0.08524776]
O=C(CF)Nc1ccccc1,[-0.06308153 -0.93400484 -0.9380044  -0.8385397   0.9651172 ]
O=C(NCc1ccc(OC(F)(F)F)cc1)C1c2ccccc2C(=O)N1CCc1ncc(F)cn1,[ 0.71202403  0.71979475 -0.98371506 -0.771331    0.20846885]
NCCCNCCSP(=O)(O)O,[ 0.6405728  -0.11238641 -1.         -0.8407384  -0.09440809]
CP(=S)(Oc1ccccc1)Oc1ccc(C#N)cc1,[ 0.2991105   0.9268405  -0.6071202   0.2481551   0.28540757]
S=C1NCCC(COc2ccccc2)O1,[-0.09253919  0.7645351  -0.79225993 -0.9234976   0.4310185 ]
CC(=O)Oc1cccc(Oc2ccc(C(F)(F)F)cc2Cl)c1,[ 0.52432096  0.89932203 -0.91090465 -0.90127635 -0.09088133]
CCc1nc(N)nc(N)c1-c1ccccc1,[ 0.2849407   0.30943987 -0.5839208  -0.7077517   0.04467591]
CSCC(=O)N(C)C(=O)Oc1ccccc1OC(C)C,[ 0.08888798  0.6559895  -0.8649513  -0.8060021  -0.26453182]
Fc1cc2nc(C(F)(F)F)[nH]c2cc1Cl,[ 0.04821086  0.85179675 -0.7224707  -0.79314774 -0.46322694]
CCOP(=O)(NC(C)C)SCC(=O)NCOC,[ 0.37955374  0.6066409  -0.72892624 -0.7664921  -0.07963313]
CC(C)c1cccc(OC(=O)N(C)C)c1,[ 0.3238547   0.31286147 -0.46032444 -0.7568553  -0.05839744]
CC(C)OCCO,[-0.27561924  0.90444547 -0.513805   -0.63766694 -0.07422757]
C[C@@H]1CC[C@H]2[C@@H](C)[C@@H](OC(=O)CCC(=O)O)O[C@@H]3OC4(C)CC[C@@H]1[C@@]23OO4,[ 0.16773233  0.8372683  -0.7165147  -1.          0.38788024]
COc1ccccc1Oc1c([N-]S(=O)(=O)c2ccc(C(C)C)cn2)nc(-c2ccnc(-c3nnn[n-]3)c2)nc1OCCO,[ 0.7540159   1.         -0.27489072 -0.9675062  -0.55147165]
O=C(/C=C/c1ccc(O)c2c1C(C(=O)O)C(c1ccc(O)c(O)c1)O2)OC(Cc1ccc(O)c(O)c1)C(=O)O,[-0.01368033  0.73302925 -0.6412723  -0.7307885  -0.3585675 ]
COc1cc2nc(N3CCN(C(=O)c4ccco4)CC3)nc(N)c2cc1OC,[ 0.325007    0.57829434 -0.84330094 -0.6023825   0.04251512]
Cc1ccc(C(=O)c2ccc(CC(=O)NCC(=O)Nc3cccc(C)c3C)n2C)cc1,[ 0.20448221  0.7246583  -0.5768329   0.02239858 -0.0886113 ]
CCCCCCCCC1OC1CCCCCCCC(=O)OCC1(CC)OC1CCC,[ 0.29545352 -0.4068499  -0.6472291  -0.5675252   0.03699526]
CC(C)(C)c1cc([N+](=O)[O-])cc([N+](=O)[O-])c1O,[ 0.36404833  0.4977064  -0.9031522  -0.5510822  -0.48509333]
CCC(C)(C)OC(=O)Nc1ccco1,[ 0.52709454  0.56417847 -0.8034504   0.08162519  0.01352183]
Cc1ncsc1C,[-0.1096112   0.5828097  -1.         -1.          0.24746162]
COc1nc(C)nc(Cl)c1NC1=NCCN1,[-0.05018582  0.89515585 -0.72781277 -0.7798659  -0.27295217]
Nc1nc(O)c2ncn(COCCO)c2n1,[ 0.40664515  0.7979417  -0.4505766  -0.8056053  -0.46742266]
Cc1cc(Nc2nc(N[C@@H](C)c3ccc(F)cn3)c(C#N)cc2Cl)n[nH]1,[-0.12960081  0.72779346  0.0177553  -0.52703977 -0.31437838]
NCCNCCNCc1ccccc1O,[ 0.3278367   0.8345896  -0.6257529  -0.8504743   0.25980243]
Nc1c(CC(=O)[O-])cccc1C(=O)c1ccc(Br)cc1,[ 0.3641638  0.8491334 -1.        -0.6608208 -0.4810608]
C[N+](C)(Cc1ccc(NC(=O)c2ccc(Cl)c(Cl)c2)cc1)C1CCOCC1,[-0.8640387   0.79298013 -0.4307186  -0.45960572 -0.5857674 ]
CC1CS(=O)(=O)CCN1N=Cc1ccc([N+](=O)[O-])o1,[ 0.7024123   0.72962976 -0.5112698  -0.4204595   0.08914869]
CCCOP(=O)(SCCC)SCCC,[-0.3726033   0.7742247  -0.72926736 -1.         -0.17146115]
CSC(C)=NOC(=O)N(C)SN(C)C(=O)Oc1ccc(OC(=O)N(C)SN(C)C(=O)ON=C(C)SC)cc1,[ 0.06987885  0.9729176  -0.85211056 -0.8287126   0.42567787]
SCCc1cnccn1,[-0.2720797   0.6598119  -0.7461942  -0.9711065   0.49131212]
O=C(Cl)C=CC(=O)Cl,[ 0.40265843  0.60269994 -0.82699406  0.28197134  0.00550577]
Cc1cccc(N)c1C,[ 0.6750651   0.9347156  -0.9521811  -0.30356652 -0.03759627]
CCC(=O)NC[C@H]1CN(c2ccc(-c3nncs3)c(F)c2)C(=O)O1,[-0.4097598   0.7648508  -0.93850225 -0.55910426  0.06094495]
COc1cc(OC)c(S(=O)(=O)N2c3ccccc3CCC2C)cc1NC(=O)COCC(=O)O,[ 0.2443165   0.73839796 -0.43409106 -0.46556753 -0.15506566]
CNC(=O)c1[nH]cnc1C(=O)Nc1ccc(OC)cc1,[ 0.04273399  0.8678149  -0.37411934 -0.76416624  0.24260753]
COc1cc2ncnc(Nc3ccc(F)c(Cl)c3)c2cc1NC(=O)/C=C/CN1CCCCC1,[ 0.40155613  0.784879   -0.64476424 -0.5853544  -0.38952923]
CCCOCCN(C(=O)CCl)c1c(CC)cccc1CC,[ 0.2248786   0.2171651  -0.5591697  -0.58813083 -0.11584038]
N=C(Nc1c([N+](=O)[O-])cnc2ccccc12)N1CCOCC1,[-0.18775713  0.9050881  -0.77238256 -0.5781177   0.01145458]
COCc1c(C(C)C)nc(C(C)C)c(/C=C/[C@@H](O)C[C@@H](O)CC(=O)O)c1-c1ccc(F)cc1,[ 0.25991422  0.56139386 -0.7973035  -0.20809506 -0.03239516]
C[C@H](CO)Nc1nc(SCc2cccc(F)c2F)nc2[nH]c(=O)cnc12,[ 0.24672635  0.88931996 -0.555283   -0.7514301  -0.25430065]
CN1CCN(c2ccc3ncc(C(N)=O)c(Nc4ccc(Cl)c(Cl)c4)c3c2)CC1,[ 0.00357339 -0.14950664 -0.30114022 -0.7920539  -0.6664702 ]
O=CCCCC=O,[ 0.43791282  0.5658037  -0.22703157 -0.8126025  -0.36292914]
Cc1cccc(C)c1O,[ 0.14607498  0.09843516 -0.8006448  -0.2589337  -0.13647534]
N=C(N)N[N+](=O)[O-],[ 0.10910278  0.84793884 -0.7893548  -0.69091386  0.5760986 ]
NC(=O)CF,[ 0.15327643  0.7111836  -0.626968   -0.7646325  -0.27591196]
COc1cccc2c1cc([N+](=O)[O-])c1c(C(=O)O)cc3c(c12)OCO3,[-0.17213844  0.3716335  -0.710894   -0.66491234  0.18275733]
CCNc1nc(NCC)nc(OC)n1,[ 0.17363374  0.90277153 -1.         -0.9716419   0.05466061]
NC(=S)NNCNNC(N)=S,[ 0.21566273 -0.94746643 -1.         -0.28314596 -0.02375545]
CCCCn1c(=O)n(CCC)c(=O)c2[nH]c(C)nc21,[ 0.4654431   0.37188154 -0.8962065  -0.13444544 -0.23103745]
ClC(Cl)(Cl)c1cccc(C(Cl)(Cl)Cl)c1,[ 0.35100704  0.90161806 -0.7087857  -0.9141159   0.5196945 ]
CCCCCCCC(=O)N[C@@H](CCN)C(=O)N[C@H](C(=O)N[C@@H](CCN)C(=O)N[C@H]1CCNC(=O)[C@H]([C@@H](C)O)NC(=O)[C@H](C)NC(=O)[C@H](CCN)NC(=O)[C@H](CC(C)C)NC(=O)[C@@H](Cc2ccccc2)NC(=O)[C@H](CCN)NC1=O)[C@@H](C)O,[ 0.65749294  0.18300307 -0.939417   -0.5611463  -0.11869061]
COC(=O)C1=C(C)NC(C)=C(C(=O)OCCN(C)Cc2ccccc2)C1c1cccc([N+](=O)[O-])c1,[ 0.2282609   0.8913326  -0.68693364 -0.8328241  -0.09618483]
Nc1ccn([C@@H]2O[C@H](CO)[C@@H](O)C2(F)F)c(=O)n1,[ 0.30742043  1.         -0.7319686  -0.64738154 -0.37259245]
CC(=O)Oc1cc(C(F)(F)F)ccc1C(=O)O,[-0.52457947  0.81317604 -0.81272274 -0.45836362  0.09036171]
CCC(C(=O)O)c1ccc(CC(C)C)cc1,[ 0.15049517  0.6768779  -0.7813621  -0.7741122   0.14327212]
Cc1ccc(NC(=O)c2ccc(C#N)cc2)cc1-n1cnc2ccc(N3CCN(C)CC3)cc2c1=O,[ 0.00588822  0.89113235 -0.6548056  -0.7805362  -0.29951227]
O=C(O)c1ccccc1-c1c2ccc(=O)cc-2oc2cc(O)ccc12,[ 0.26961192  0.8279935  -0.97467786 -0.68280894  0.62759924]
CN(SSC(C)(C)C)C(=O)ON=C1SCCS1,[ 0.54192317  1.         -0.8858642  -0.25832272  0.0457462 ]
C=CC(=O)OCCCCCCOC(=O)C=C,[-0.51371133  0.6747078  -0.20643574 -0.6209294   0.00813039]
CCN(Cc1cc(C(F)(F)F)ccc1-c1cc(CC(=O)O)ccc1OC)C(=O)NCc1ccccc1,[ 0.05807454  0.9967185  -0.6800533  -0.10833164  0.19929424]
CCCN(CCC)c1c([N+](=O)[O-])cc(C(C)C)cc1[N+](=O)[O-],[ 0.2109097   1.         -0.92996675 -0.6009161   0.51886576]
O=c1n(CC2CO2)c(=O)n(CC2CO2)n1CC1CO1,[ 0.09059861  0.62462276 -0.98300344 -0.85221684  0.49050066]
CN(C)Cc1cc(CN(C)C)c(O)c(CN(C)C)c1,[ 0.52926105  0.8166532  -0.4436831  -0.57800347 -0.6544786 ]
CC1[NH2+]Cc2cc(-c3ccc4c(=O)c(C(=O)[O-])cn(C5CC5)c4c3OC(F)F)ccc21,[ 0.38565615  0.7279711  -0.723768   -0.7384505  -0.20731251]
Nc1ccc([N+](=O)[O-])cc1N,[ 0.35469773  0.6675963  -0.6648405  -0.3800346  -0.3021944 ]
CC1CS1,[ 0.13490508  1.         -0.8264831  -1.          0.02152951]
ClCc1cccc2ccccc12,[ 0.04269624  1.         -0.83041996 -0.7220331   0.11933112]
C#CC1(O)CCC2C3CCC4=CC(=O)CCC4C3C(=C)CC21CC,[-0.00666784  0.93102145 -0.8517065  -0.77731794 -0.07005825]
CCC(CC)(C(=O)O)c1cccc2ccccc12,"[-2.3888305e-04  9.3859994e-01 -9.5420891e-01 -8.9834899e-01
  1.8981194e-01]"
CCN(CC)c1ccc2c(C)cc(=O)oc2c1,[ 0.64028305 -0.07605058 -0.40245628 -0.6704053   0.4385499 ]
COP(=S)(OC)Oc1ccc(C#N)cc1C,[-0.42741135  0.8962394  -0.54582506 -0.5949912  -0.3112581 ]
COc1c2ccoc2c(OCC2OC2(C)C)c2oc(=O)ccc12,[ 0.35602662  0.8489374  -1.         -0.26267853 -0.06489056]
CN1CN(CCO)CSC1=S,[ 0.25795814  0.5238006  -0.965187   -0.6540975   0.03266972]
COc1ccc(C(Oc2ccccc2)C2=NCCCN2)cc1,[ 0.4361217   1.         -0.50540537 -0.61877084 -0.13087077]
C=COCCOC,[ 0.3124098   0.86378807 -0.9729198  -1.          0.7750296 ]
CCCCC(CC)(C(=O)OCC)C(=O)OCCN(CC)CC,[ 0.22819753  0.8605133  -0.82176375 -0.767853    0.1959182 ]
O=c1cc(Cn2c(C3CCC3)nc3nccnc32)c2ccc(F)c(F)c2[nH]1,[-0.17590584  0.8132865  -0.26422364 -0.44705695 -0.3710481 ]
CCOC(=O)C=Cc1ccc(Cl)cc1,[ 0.2735965   0.6094081  -1.         -0.5012457   0.33812153]
CCCCCC(=O)O,[ 0.5322886   0.68921685 -0.7693368  -0.8128301  -0.11327512]
COc1cc([C@@H]2c3cc4c(cc3[C@@H](O[C@@H]3O[C@@H]5CO[C@@H](C)O[C@H]5[C@H](O)[C@H]3O)[C@H]3COC(=O)[C@H]23)OCO4)cc(OC)c1O,[ 0.14614743  0.8970335  -0.8655084  -0.73493844  0.5638909 ]
CO/N=C(/C(=O)NC1C(=O)N2C(C(=O)[O-])=C(C[N+]34CCC(C(N)=O)(CC3)CC4)CSC12)c1nsc(N)n1,[-0.14879496  0.72885627 -0.8328611  -0.8211737   0.19306734]
CC[C@H](C)C(=O)O[C@H]1C[C@H](O)C=C2C=C[C@H](C)[C@H](CC[C@@H](O)C[C@@H](O)CC(=O)O)[C@H]21,[-0.25145796  0.7798982  -0.6267932  -0.6270603   0.45737895]
O=C(O)CCC(=O)c1ccc(-c2ccccc2)cc1,[ 0.2625429   0.6504749  -0.5032614   0.27922657 -0.38122728]
O=P([O-])([O-])C(O)(Cn1ccnc1)P(=O)([O-])O,[-0.9614432   0.47215456 -0.5792871  -0.27003223  0.06768479]
CON=C(C(=O)NC1C(=O)N2C(C(=O)O)=C(COC(N)=O)CSC12)c1ccco1,[-0.32655263 -0.05624628 -0.9334919  -0.8451985  -0.15829241]
COc1c(Cl)ccc(Cl)c1C(=O)OCCN(CCOC(=O)c1c(Cl)ccc(Cl)c1OC)c1ccccc1,[-0.05720438  0.9035675  -0.6995567  -0.78775775 -0.3054803 ]
C=CN(CC)C(C)=O,[-0.03610602  1.         -0.97297716 -1.         -0.651871  ]
CC=CC(C)=O,[ 0.21428134  1.         -1.         -0.8011035  -0.38742393]
CCOc1ccccc1C(N)=O,[ 0.82701033  1.         -0.5411788  -0.6679057  -0.5932306 ]
N#CC(c1ccccc1)c1ccccc1,[ 0.38533372  0.9740825   0.41454023 -0.40565455 -0.05091573]
Oc1ccc(O)cc1,[ 0.37280953  0.82483524 -0.6215959  -0.07485999 -0.18865892]
CC[C@H]1NC(=O)[C@@H](NC(=O)c2ncccc2O)[C@@H](C)OC(=O)[C@H](c2ccccc2)NC(=O)[C@@H]2CC(=O)[C@H](CS[C@@H]3CN4CCC3CC4)CN2C(=O)[C@H](Cc2ccc(N(C)C)cc2)N(C)C(=O)[C@@H]2CCCN2C1=O,[ 0.02974166 -0.5886332  -0.96215254 -0.6353735   0.03065547]
Cc1ccc2c(c1)c(Sc1cccc(Cl)c1)c(C)n2CC(=O)O,[-0.00226594  0.78412503 -0.77976435 -0.9411343  -0.00374485]
CC(=O)N(C)C,[ 0.30717033  0.19464585 -0.7585759  -0.5749037   0.40171704]
C[N+](C)(C)CC(O)CC(=O)[O-],[ 0.53163177  0.8580837  -1.         -0.56157756  0.6837507 ]
CC(O)CO,[ 0.42962986  0.559775   -0.8230362  -0.9026694  -0.5289774 ]
N#Cc1cc(Br)c(O)c(Br)c1,[ 1.          0.5438522  -0.80653435 -0.64133126  0.32163468]
O=C(CCl)OC1=C(OC(=O)CCl)C(=O)OC1=O,[-0.13621587  0.58555055 -0.5387336  -1.         -0.4091434 ]
CCCCOP(=O)(O)OCCCC,[ 0.49314952 -0.6088041  -1.         -0.86501086 -0.1050996 ]
C1C[SiH2]C1,[ 0.37555483  0.5417235  -0.66614753 -0.8844906  -0.03878547]
CCN1CCCC1CNC(=O)c1cc(S(N)(=O)=O)ccc1OC,[ 0.21534911  0.7489565  -0.78897464 -0.61294705 -0.42521277]
O=C(O)CC(CC1CCN(C(=O)CCc2ccc3c(n2)NCCC3)CC1)C1CNc2ccccc2C1,[ 0.22925083  0.7006222   0.4247983  -0.91913503  0.11522865]
C=CC(=O)OCCOCCOC(=O)C=C,[ 0.14903001  0.9449359  -0.06810724 -0.6852088  -0.23577671]
C[NH2+]C(C)Cc1ccccc1,[ 0.01417497  0.73486024 -0.86896586 -0.06808539  0.7643394 ]
Cc1cnc(C)c(C)n1,[ 0.25075376  0.2805401  -0.88515097 -0.47594237  0.29425833]
C#CC(C)(C)NC(=O)c1cc(Cl)cc(Cl)c1,[-0.10141589  0.89912146 -0.7478991  -0.7081227  -0.03976983]
CCCc1nn(C)c2c(=O)[nH]c(-c3cc(S(=O)(=O)N4CCN(C)CC4)ccc3OCC)nc12,[-0.00240892  0.6271138  -0.80850095  0.23980895 -0.31320113]
O=C(CCC(=O)OC1CCCCC1)OC1CCCCC1,[-0.10293362  0.237636   -0.40791357 -0.08510329 -0.0151027 ]
c1ccc([C@H]([C@@H](c2ccccc2)N2CCCCC2)N2CCCCC2)cc1,[-1.          0.8106294  -0.35607386 -0.7115308   0.2102421 ]
Nc1nc(Nc2ccc(S(N)(=O)=O)cc2)nn1C(=O)c1c(F)cccc1F,[ 0.2289135   0.9271405  -0.6166243  -0.98527646 -0.16273475]
CCCCOC(=O)c1ccc(-n2nc(OCCN3CCCCC3)c3ccccc32)cc1,[-0.33257744  1.         -0.44628778 -1.          0.5951673 ]
Cc1cncc(C)n1,[ 0.5932972   0.98012346 -0.82002467 -1.         -0.5278879 ]
CC(=O)OC(C)(C)C1CC=C(C)CC1,[ 0.6439161   0.59520906 -0.8175359  -0.99277514 -0.29246536]
CN1C(=O)CC(N2CCN(CCCN3c4ccccc4COc4ccc(CC(=O)O)cc43)CC2)N(C)C1=O,[ 0.14713891  0.7192651  -0.34035516  0.20623557 -0.16048494]
CCCN(CCC)CCCCCCCCNC(=O)Oc1ccc2c(c1)C1(C)CCN(C)C1N2C,[-0.3581386   0.7179872   0.13528168  0.05108842 -0.38713393]
CCC(C)C(CC)C(N)=O,[ 0.15137753  0.8419133   0.91351795 -0.5577133   0.28339037]
OC(CCN1CCCC1)(c1ccccc1)C1CCCCC1,[-0.12028617  0.9844558  -0.72158897 -0.75535864 -0.07365799]
CC1CCN(C(=O)CC(Cc2cccc(C(=N)N)c2)NS(=O)(=O)c2ccc3ccccc3c2)CC1,[ 0.12539881  0.3236144  -0.69516116 -0.62610096  0.12661502]
CC(=O)O[C@H]1C[C@]2(O)[C@H]3CC[C@H]4C[C@H](O[C@H]5C[C@@H](O)[C@@H](O[C@H]6C[C@@H](O)[C@@H](O[C@H]7C[C@@H](O)[C@@H](O)[C@H](C)O7)[C@H](C)O6)[C@H](C)O5)CC[C@@]4(C)[C@H]3CC[C@]2(C)[C@H]1C1=CC(=O)OC1,[ 0.27931988  0.7702883  -0.42249656 -0.5517868   0.44139847]
CCCCCCCCc1ccccc1O,[ 0.05783407  0.8152913  -0.75214183 -0.6169563   0.06123145]
O=C(c1ccc(Cl)cc1)c1ccccc1-c1ncc[nH]1,[ 0.0054832   0.81739897 -0.5005313  -0.9225248   0.08213833]
CCn1cc(C(=O)O)c(=O)c2cc(F)c(N3CCN(C)CC3)cc21,[ 0.15997393  1.         -0.46943948 -0.69288784  0.37763444]
Cc1ncsc1C(=O)N(Cc1cc(=O)[nH]c2c(F)cccc12)c1cccc(Cl)c1,[-0.43560553  1.         -0.88757783 -1.          0.44536385]
CC(C)(C)c1nnc(NS(=O)(=O)c2ccccc2)s1,[ 0.4238287   0.93204063 -0.7063767  -1.          0.1554011 ]
CCCCCCN,[-0.49355972  0.9398459  -0.31821525 -0.53019327  0.13540986]
CC1NC(=S)NC1=O,[ 0.1126858   0.96811414 -0.74097025 -0.8255119   0.649742  ]
O=C(CCc1ccccc1)OC1=C(OC(=O)CCc2ccccc2)C(=O)OC1=O,[-0.26819238  0.8746879  -0.7942101  -0.67908955 -0.01969362]
CN(c1ccc(F)cc1F)c1c([N+](=O)[O-])cc([N+](=O)[O-])cc1C(F)(F)F,[ 0.14677063  0.46805504 -0.519316   -1.          0.84240127]
O=[N+]([O-])c1c(Cl)c(Cl)c(Cl)c2nc(C(F)(F)F)[nH]c12,[ 0.27114782  0.66762656 -0.8456445  -1.         -0.01909542]
NS(=O)(=O)c1cc2c(cc1Cl)NCNS2(=O)=O,[ 0.29094315  0.723625   -0.43731812 -0.6612852   0.8310633 ]
CC1(C)C2CC=C(CCO)C1C2,[ 0.13387607  0.5309332  -0.79145813 -0.5413678   0.30821186]
CN(CCO)Cc1cc(C(=O)c2cccs2)cc(C(C)(C)C)c1O,[-0.9135013   1.         -0.9395051  -0.92590576  0.21141982]
CCOc1nc(C(Cl)(Cl)Cl)ns1,[-0.6045474   0.8609315  -0.3878528  -0.46792722  0.13160852]
ClC(=NNc1c(Cl)cc(Cl)cc1Cl)c1ccccc1,[ 0.18071808  0.9805769  -0.697046   -0.6415472   0.42260018]
CCCCCCCc1ccccc1O,[ 0.01482324  0.20192106 -0.82674    -0.7000832  -0.27174237]
CCOP(=O)(OCC)Oc1nc(Cl)c(Cl)cc1Cl,[ 0.05056057  0.46942842 -0.7237597  -0.5236101  -0.2902541 ]
C1=CC2C=CC1C2,[ 0.12121378  0.95734245 -0.89345354 -0.68777287  0.282978  ]
CNC(=O)CSP(C)(=S)OC,[ 0.25725356  0.01735915 -0.38533527 -0.28315035  0.03239615]
CCCCCCOC(=O)C(O)c1ccccc1,[ 0.30552712  0.82469004 -0.82676923 -0.85103977 -0.61335045]
ClCC1C(CCl)C2(Cl)C(Cl)=C(Cl)C1(Cl)C2(Cl)Cl,[ 0.33142823  0.6458727  -0.6574663  -0.60442233  0.20547295]
O=C(Cc1cccs1)N[C@@H]1C(=O)N2C(C(=O)[O-])=C(C[n+]3ccccc3)CS[C@H]12,[ 0.25964358  0.7060674  -0.9181311  -0.7369998  -0.25220007]
Cc1cc(Cl)ccc1OCC(=O)O,[ 0.54137784  0.78538334 -0.89707345 -0.7796413   0.06095172]
CC1(C)SC2C(NC(=O)C(C(=O)[O-])c3ccsc3)C(=O)N2C1C(=O)[O-],[ 0.75196356  0.6019725  -0.9530757  -0.4709641   0.18630716]
CC(=O)OC(C(Cl)(Cl)Cl)P(=O)(Oc1ccccc1)Oc1ccccc1,[-0.16530247 -0.05440063 -0.8751309  -1.         -0.14637838]
COc1c(OP(=S)(OCC(C)C)OCC(C)C)cnn(C)c1=O,[ 0.22201517  0.13292286 -0.84684163 -0.47711262  0.06395625]
Cc1cc(C(=O)c2ccccc2)ccc1N,[ 0.24636288  0.9226803  -0.4485079  -0.14192621  0.09954734]
Oc1ccc2c(c1)CCC2,[ 0.13929857  0.8539767  -0.9402065  -0.73812896 -0.1402353 ]
CC(=O)Nc1ccc(CNc2[nH]nc3ccnc(Oc4ccccc4)c23)cc1,[ 0.22307159  0.7256788  -0.50152284 -0.8363507  -0.4495716 ]
CN1CCN2c3ncccc3Cc3ccccc3C2C1,[ 0.36202362  0.7725556  -0.5327429  -0.59740764 -0.6604098 ]
CCC(C)C(=O)OC1CCC2(C)C3CC(O)C4C5(O)C(CC42OC13O)C1CN2CC(C)CCC2C(C)(O)C1C(O)C5OC(=O)C(C)(O)CC,[ 0.07709594  1.         -0.8075254  -0.9910699   0.6083987 ]
CC(C)NCC(O)c1ccc(O)c(O)c1,[ 0.13578406  0.95809126 -0.74857134  0.09103634  0.00793745]
COP(=O)(OC)SC(CC(=O)OC(C)C)C(=O)OC(C)C,[ 0.23246105  0.92171603 -0.6757114  -0.7499147   0.21324019]
O=C1C(Cc2ccccc2)C(=O)N(c2ccccc2)N1c1ccccc1,[ 0.39931643  0.7818175  -0.99146146 -0.80128664 -0.14007492]
O=C(O)CCCOc1ccc(Cl)cc1Cl,[-0.31632382 -0.06057374 -0.9215551  -0.7803142  -0.14931297]
C[C@H](CSN=O)C(=O)N1CCC[C@@H]1C(=O)O,[ 0.08190918  0.7628592  -0.7721666  -0.24786234 -0.15154324]
Cc1ccccc1S(=O)(=O)NC(=O)N1CCC(N2CCC(Oc3ccc(Cl)c(Cl)c3)CC2)CC1,[ 0.28340793  0.80499    -1.         -0.5444535   0.05292848]
O=C(Nc1cccc(Cl)c1)Nc1nnc(-c2ccncc2)s1,[ 0.33398652  0.8528443  -0.82000506 -0.74286157  0.19921207]
Cc1cn([C@H]2CCCN(S(=O)(=O)c3ccc(CO)c(Oc4cccc(Cl)c4)c3)C2)c(=O)[nH]c1=O,[ 0.6682744   0.9086693  -0.88481975 -0.48261386  0.59533453]
O=C1NC(c2ccc(Br)cc2)Nc2ccccc21,[ 0.271497    0.9961384  -0.5747783  -0.29757136 -0.36569378]
Cc1nccc(-c2ccc(-c3nc4ccncc4c(O)c3C#N)cc2)c1Cl,[ 0.4887538   1.          0.47010097 -0.2997378  -0.47087952]
CO/N=C(\C(=O)N[C@@H]1C(=O)N2C(C(=O)O)=C(COC(C)=O)CS[C@H]12)c1csc(N)n1,[ 0.42743513  0.84068775 -0.05841432 -0.40499923  0.03153847]
Clc1ccc(Cl)c(Cl)c1,[-0.32902795  0.7988448  -1.         -0.974046    0.69277906]
CNC(=N)c1cccc(CC(CC(=O)N2CCC(C)CC2)NS(=O)(=O)c2ccc3ccccc3c2)c1,[-0.82306     0.01990383 -0.58933073  0.00627475  0.44443592]
Nc1c(Cl)c(Cl)c2[nH]c(C(F)(F)F)nc2c1Cl,[ 0.486707   0.7562761 -0.5654031 -0.6835471  0.3953389]
COc1cc2c3c(c1O)C1(C=CC(=O)C=C1)CC3N(C)CC2,[-0.08073041  0.7743105  -0.82865113 -0.4023311   0.2543662 ]
CC(=O)N1CCN(c2ccc(OC[C@H]3CO[C@](Cn4ccnc4)(c4ccc(Cl)cc4Cl)O3)cc2)CC1,[ 0.20757835  0.90824246 -0.13424297 -0.9491974  -0.15848641]
CC(C)(O)c1ccccc1,[-0.00392401  0.8047079  -0.95022404  0.26171657 -0.09585602]
CC1OC(OC2C(O)CC(OC3C(O)CC(OC4CCC5(C)C(CCC6C5CC(O)C5(C)C(C7=CC(=O)OC7)CCC65O)C4)OC3C)OC2C)CC(O)C1O,[-0.3680077   0.2684713  -0.6127001  -0.932293   -0.02808159]
CCCCCCC(N)C(=O)N[C@@H](Cc1c(C)cc(O)cc1C)C(=O)N1CCC[C@@H]1C(=O)N[C@@H](Cc1c[nH]c2ccccc12)C(=O)N[C@@H](Cc1ccccc1)C(N)=O,[ 0.23734346  0.70736414 -0.83899343 -0.6947028  -0.34440824]
Cc1ccc(OP(=O)(Oc2ccccc2)Oc2ccccc2)cc1,[-0.22737761  1.         -1.         -0.05093451  0.06994425]
CCCCCCCCCCOc1c(OC)cc(C(N)=O)cc1OC,[ 0.11091878  0.5148467  -0.22042951 -0.09611227 -0.32719734]
O=C1C(Cl)C(CCl)CN1c1cccc(C(F)(F)F)c1,[ 0.08878928  0.8185638  -0.7715664  -0.32497567  0.8346766 ]
Nc1ccc(Cl)cc1Cl,[ 0.03244647  0.79663897 -0.8818556  -0.7160788  -0.09748223]
CCOC(=O)c1c(C)cc2c(CO)n[nH]c(=O)c2c1C,[ 0.364529    0.6836892  -0.8852266  -0.72784907  0.11777991]
C=C(C)C(=O)OC=C(C)C,[ 0.31228274 -0.6740716  -0.69319886 -0.9034045  -0.45825464]
CCC(=O)OC1CCC2C3CCC4=CC(=O)CCC4(C)C3CCC12C,[ 0.45060477  0.84094286 -0.9113057  -0.7651189   0.6569974 ]
CCOP(=O)(OCC)Oc1ccc(S(C)(=O)=O)c(C)c1,[-0.44688466  0.9348271  -1.         -1.         -0.18451622]
CCN(CCO)c1cccc(C)c1,[ 0.35755402  0.60757536 -0.73602164 -0.61866766 -0.0747347 ]
CCCCCCCC=CC=O,[ 0.09003158  0.79822683 -0.83204436 -0.7963927   0.11032698]
CCC(C)OP(=S)(OC)OC,[ 0.10069448  0.10865596 -0.75002456 -0.60042995 -0.18910018]
CCNC(=O)c1cc2c(-n3ccc(C(F)(F)F)n3)c(-c3cncc(-c4n[nH]c(=O)o4)c3)cnc2[nH]1,[ 0.36069104  0.87531114 -0.7767039  -0.81310993  0.1210229 ]
CCCCCCCCCCOC(=O)Cc1ccc(N(CCCl)CCCl)cc1,[ 0.14071898 -0.4431257  -0.76780665  0.30345353  0.0529231 ]
O=C(O)CCC(=O)OC1CCCCC1,[-0.2528238   0.7516436  -0.6632301  -1.          0.51161796]
COCCOC(=O)CC#N,[-0.06122846  0.8637481  -0.22991386 -0.8869092  -0.08959108]
CCCS,[ 0.417231    0.8977693  -0.8891387  -0.67814046 -0.02316663]
S=c1[nH]c2cc(Cl)ccc2o1,[-0.34006312  0.93503624 -0.3568716  -0.53128725 -0.32563427]
O=C1CC2(CCCC2)CC(=O)N1CCCCN1CCN(c2ncccn2)CC1,[-0.10376468  0.59782887 -0.76509553 -0.70486814  0.37161258]
COC(=O)C(C)NP(=O)(OC[C@@H]1C=C[C@H](n2cc(C)c(=O)[nH]c2=O)O1)Oc1ccc(I)cc1,[ 0.11195292 -0.15259497 -0.9691127  -1.          0.29507533]
CN1c2ccccc2C(NCCCCCCC(=O)[O-])c2ccc(Cl)cc2S1(=O)=O,[-0.63972294  0.9924188  -0.7341655  -0.77080446 -0.21326149]
CC(O)C(=O)Nc1c(I)c(C(=O)NC(CO)CO)c(I)c(C(=O)NC(CO)CO)c1I,[ 0.044654    0.53520274  0.5684272  -0.38871035 -0.28401926]
CCS(=O)CCSP(=O)(OC)OC,[ 0.2520148   1.          0.53046066 -0.87197554  0.01864949]
COc1ccc(-c2nc3c(NCCCNC(C)=O)c(Br)cnc3[nH]2)cc1,[-0.04528688  0.79926246 -0.7957191  -0.2588966   0.7643909 ]
CC(C)c1cccc(C(C)C)c1O,[ 0.09148578 -0.32790628 -0.7484523  -0.37616402 -0.08378308]
Cc1ccc(Nc2ccc(Nc3ccc(C)cc3)c3c2C(=O)c2ccccc2C3=O)cc1,[ 0.2741897   0.7520296  -0.975798   -0.82284576 -0.12156698]
O=C([O-])CCCc1ccc(N(CCCl)CCCl)cc1,[ 0.5381194   1.         -0.56341016 -0.7643069  -0.28011885]
CN1[C@@H]2CC[C@@H]1CC(OC(=O)C(CO)c1ccccc1)C2,[-0.3312594  -1.         -0.48815855 -0.35673347 -0.29947847]
O=C(Oc1ccccc1)c1ccccc1C(=O)Oc1ccccc1,[ 0.180599    0.4159487  -0.98980016 -0.6351262  -0.02999187]
C[C@H](CO)Nc1nc(SCc2ccccc2F)nc2[nH]c(=O)sc12,[ 0.05413426  0.8612228  -0.5175508  -0.05911865  0.07225665]
CC(C)=CCl,[ 0.3695704   0.7649267  -1.         -0.6421939   0.33148715]
CC#CCC(C)C(O)/C=C/C1C(O)CC2C/C(=C/CCCC(=O)[O-])CC21,[-0.18942793  1.         -0.6063447  -0.48351008 -0.03918863]
COP(=S)(OC)SC1CSC=CO1,[-0.5567932   0.7225624  -0.82888013 -0.7037186   0.02923428]
O=C(CN1CCOCC1)NN=Cc1ccc([N+](=O)[O-])o1,[ 0.36243415  0.7506923  -0.5233852  -0.6319139   0.02102038]
CC(C)N(C(=O)SCC(Cl)=C(Cl)Cl)C(C)C,[ 0.6116621  -0.17449401 -0.71763587 -0.48826528 -0.18064442]
O=C(OCC1CO1)c1ccccc1C(=O)OCC1CO1,[ 0.32213217 -0.04268086 -0.49152026  0.6464463   0.02292041]
C=CN(C)N=O,[ 0.24235635  0.13288224 -0.66292375 -0.17881237 -0.4296042 ]
COC(C)COC(C)COC(C)CO,[ 0.49285394  0.7691639  -0.8850875  -0.22386588  0.27397922]
CNC(=O)ON=C(C)SCC(N)=O,[-0.41758588  0.13199453  0.63321954 -0.5076434   0.6369177 ]
C=CC(=O)N(C)C,[ 0.39579487 -0.10763049  0.09786963 -0.6643634  -0.16386965]
O=C(c1csc2c1CCCC2)N1CCCCC1,[ 0.21212316  0.85490614 -0.55270886 -0.98728424  0.04104484]
C/C=C(/C)C(=O)O[C@H](c1cc2ccc(=O)oc2cc1OC)[C@H](O)C(C)(C)O,[ 0.35595483  0.9053842  -0.8088888  -0.68765485  0.6211301 ]
C=COC(=O)CCCCCCC,[-0.15300089  0.7568079  -0.7141715  -0.46062958 -0.6048685 ]
C=CC(=O)OC1CC2CCC1C2,[-0.01451488 -0.40960965 -0.07884583 -0.15695675  0.04986656]
O=[N+]([O-])OC1COC2C(O)COC12,[-0.13948317  0.81040746 -0.97876376 -0.93165547 -0.29830992]
COC(=O)Cc1ccccc1,[-0.04668804  0.48598048 -0.81699675 -0.5010415  -0.12834552]
C[N+](C)(C)[NH2+]CCC(=O)[O-],[ 0.22650954  0.8614798  -0.8744101  -0.54347885  0.06593136]
C#CCc1ccc(COC(=O)C2C(C=C(C)C)C2(C)C)o1,[ 0.290346    0.04739354 -0.6015281  -0.756943    0.2137753 ]
COc1cc2ncc(C(N)=O)c(Nc3ccc(F)cc3F)c2cc1NCCN1CCCCC1,[ 0.49295017  0.8526588  -0.83360666 -0.56041706  0.4063642 ]
COc1cc(OC)c(C(=O)CCCN2CCCC2)c(OC)c1,[ 0.26937765  0.83172816 -0.93066496 -0.69517034 -0.41228443]
CC(=S)NC[C@H]1CN(c2ccc(-c3nnc(CNS(C)(=O)=O)s3)c(F)c2)C(=O)O1,[ 0.73133814  0.79076415 -0.9790086  -0.35351098 -0.6113488 ]
CC1(C)C(C=C(Cl)Cl)C1C(=O)OCc1c(F)c(F)c(F)c(F)c1F,[ 0.35811073  0.820546   -0.94948834 -0.7064024  -0.02931133]
CN(C)CCOCCOCCN(C)C,"[ 1.3323617e-02 -9.3195587e-01 -8.6432689e-01 -9.3354952e-01
  2.3551421e-04]"
CC(C)OP(=S)(OC(C)C)SCn1nc(Cl)ccc1=O,[-0.52391094  0.9280448  -0.39194137  0.42906576 -0.1305058 ]
CC=CC=CC=O,[ 0.3044692   0.7430102  -0.8156553  -0.09385269 -0.32441694]
O=[N+]([O-])c1ccc(Nc2ccccc2)c(S(=O)(=O)O)c1,[ 0.47248086  0.3352924  -1.         -0.8387827   0.17990856]
O=S1(=O)CCN(c2ccccc2)CC1,[ 0.36882922  0.8548475  -0.9293017  -0.8806735  -0.5571648 ]
COc1ccc(NC(=O)c2ccnc(N)n2)cc1,[-0.08231985  0.7684869  -0.72179097 -0.40591285  0.22405635]
COP(=S)(OC)SCSCC=C(Cl)Cl,[ 0.3689832   0.9706074   0.01058928 -0.876635   -0.00868122]
COc1cc2ncc(C(N)=O)c(Nc3cccc(Cl)c3Cl)c2cc1N1CCN(C)CC1,[ 0.03326187  0.8527601  -0.7728529  -0.8778313  -0.5125665 ]
CC(O)C1C(=O)N2C(C(=O)[O-])=C(SC3CCS(=O)C3)SC12,[ 0.10484743  0.42747822 -0.9171129  -0.9800019   0.06450717]
CN(C)CC/C=C1/c2ccccc2COc2ccc(CC(=O)O)cc21,[0.16676272 0.31248844 0.10836047 0.3176633  0.03191821]
[O-][n+]1onc2c1c1no[n+]([O-])c1c1no[n+]([O-])c21,[ 0.33144802  0.6372819  -0.7388167  -0.7867604  -0.2764763 ]
Cc1nn(C2CCCCC2)c(N)c1-c1ccccc1,[-0.04554772  0.863704   -0.94110394 -0.9156078  -0.00494938]
ClCCCBr,[ 0.31625587  0.1847379  -0.12259332 -0.2272088  -0.08192518]
COCCOP(=O)(OCCOC)OCCOC,[-0.45850465  0.88747424 -0.65110725 -0.65446985 -0.13379622]
Cc1cc(-n2cccc2)c(S(C)(=O)=O)cc1C(=O)NC(=N)N,[ 0.20045732  0.7955459  -0.8463253   0.36056134 -0.33093292]
CC([NH3+])Cc1ccccc1,[-0.08858574  0.3471139  -0.8033133  -0.8011924  -0.18231638]
C=CCN1CCC23CCCCC2C1Cc1ccc(O)cc13,[-0.13394773  0.60807425  0.03694621 -0.6291147  -0.36648458]
CC(=O)[C@H]1CC[C@H]2[C@@H]3CC[C@@H]4C[C@H](O)CC[C@]4(C)[C@H]3CC[C@]12C,[-0.24699533  0.91396946 -0.88273054 -1.         -0.18529488]
CBr,[-0.37211934  0.8372976  -0.78622025 -0.7971078   0.01077235]
S=C1NCCNC(=S)S1,[ 0.16282809  0.29961994 -0.89373666 -0.7096871  -0.39590195]
CCc1c2c(nc3ccc(O)cc13)-c1cc3c(c(=O)n1C2)COC(=O)[C@]3(O)CC,"[ 1.20033255e-04  8.82975817e-01 -1.00000000e+00 -7.49469459e-01
 -2.00239643e-01]"
COP1(=S)OCc2ccccc2O1,[ 0.9356727   0.5935255  -0.4050981  -0.83475024 -0.40757087]
CCC(C)CCCCC(=O)NC(CCN)C(=O)NC(C(=O)NC(CCN)C(=O)NC1CCNC(=O)C(C(C)O)NC(=O)C(CCN)NC(=O)C(CCN)NC(=O)C(C(C)O)NC(=O)C(CC(C)C)NC(=O)C(CCN)NC1=O)C(C)O,[ 0.0684201   0.06263128 -0.65997213 -0.7281458  -0.10257521]
Cc1c(C(=O)NCCO)[n+]([O-])c2ccccc2[n+]1[O-],[ 0.5190706   0.6996965   0.6112032  -0.7843078  -0.13971624]
CN=C=S,[ 0.4609185   0.5420513  -0.7040885   0.38146615  0.31906426]
c1ccc(COCc2ccccc2)cc1,[-0.14854275  0.8564181  -0.97611624 -0.52266365 -0.27371946]
COc1cc2c3cc1Oc1cc(ccc1O)CC1c4c(cc(OC)c(O)c4Oc4ccc(cc4)CC3[NH+](C)CC2)CC[N+]1(C)C,[ 0.20511878  0.8507408  -0.9686034  -0.87664557 -0.09757517]
CON(C)C(=O)Nc1ccc(Cl)cc1,[ 0.05722276  0.79606116 -0.4354043  -0.87979954 -0.20525594]
Cc1ccc(N=CN(C)SN(C)C=Nc2ccc(C)cc2C)c(C)c1,[ 0.11712313  0.633765   -0.41214666 -0.5026619   0.34909236]
COc1cc(OC)c(S(=O)(=O)NCc2ccccc2N2CCC(COC(=O)CCC(=O)O)CC2)cc1NC(=O)CCC(=O)O,[ 0.22634733  0.93974525 -0.8414179  -0.7128316  -0.02819108]
Clc1cccc([Si]23OCCN(CCO2)CCO3)c1,[ 0.32262138  0.79406846 -0.7306918  -0.44885448 -0.29148084]
Cc1cnc(Nc2cc(N3CCOCC3)nc(N[C@@H](C)c3ncc(F)cn3)n2)s1,[ 0.29587415  0.5173308  -0.815044    0.16343586 -0.0680899 ]
CCC1OC(C)SC1=NOC(=O)NC,[ 0.0301158   0.90059817 -0.7297698   0.47515506  0.26284605]
CCOC(=O)C(C)Oc1ccc(Oc2nc3ccc(Cl)cc3s2)cc1,[ 0.17289771 -0.64509857 -0.8586045  -0.84969425  0.05344752]
CCOC(C)=Cc1oc2ccccc2[n+]1CCCS(=O)(=O)[O-],[ 0.12896566  0.32311863 -0.7827828  -0.48369834  0.6834836 ]
CC1OC(n2ccc(NC(=O)c3ccc(NC(=O)C(C)(N)CO)cc3)nc2=O)CCC1OC1OC(C)C(N(C)C)C(O)C1O,[ 0.50626415  0.9445058  -1.         -0.9006072   0.5033716 ]
CCN(CCO)C(=O)c1oc2cccnc2c1-c1cccc(C(F)(F)F)c1,[ 0.37465876  0.6083506   0.1047108  -0.34509116 -0.09531188]
CCCCC(CC)CNCC(C)(N)CN(C)CC(CC)CCCC,[ 0.20210995 -0.2483798  -0.875294   -0.880385   -0.45435488]
CC(C)(O)c1ccc(Nc2nc3ccc(C#N)cc3[nH]2)cc1,[ 0.2187103  -0.02505731 -0.7543487  -0.73880404  0.01572822]
C=C(Cl)C(Cl)CCl,[0.3009201  0.69202095 0.1335175  0.61785734 0.16883285]
CC(=O)OO,[-0.1727092   0.6168469  -0.43631992 -0.66991097 -0.40300375]
O=C(Cc1ccc(Cl)c(C(F)(F)F)c1)Nc1cccc2c(=O)n(CCO)ccc12,[ 0.5036252   0.45384988 -0.56799495 -0.7455702  -0.52520895]
CCOC(=O)C1OC1c1ccccc1,[ 0.20317408  0.92694426 -0.845658   -0.9749291  -0.5727883 ]
O=C(O)CCC(=O)O,[ 0.34647587  0.7380804  -0.54690593 -0.14151023 -0.51236403]
CO[Si](CCCn1c(=O)n(CCC[Si](OC)(OC)OC)c(=O)n(CCC[Si](OC)(OC)OC)c1=O)(OC)OC,[ 0.06047272  0.72677606 -0.9836017  -0.01092004 -0.08767293]
COP(=S)(OC)Oc1ccc(C#N)cc1,[ 0.48561427 -0.01974826 -0.64342386 -0.5488258   0.10215322]
CCC(=O)NCCC1CCc2ccc3c(c21)CCO3,[-0.00629242  0.2540015  -0.8529419  -0.44649786  0.5442475 ]
COc1ccc(-c2nc3ccc(C4=NNC(=O)CC4C)cc3[nH]2)cc1,[ 0.38873133  0.53643966 -0.64305544 -0.893636   -0.41436046]
Cc1cc(-n2c(C)nc3ccccc3c2=O)n(-c2ccccc2)n1,[ 0.46294138  0.6736044  -0.35705796 -0.48569557 -0.45185205]
CN(CC=CC#CC(C)(C)C)Cc1cccc2ccccc12,[ 0.15557574  0.875882   -0.7548337  -0.9071627  -0.18364303]
ClCC1CO1,[ 0.11424401  0.57116073 -0.7041112  -0.84220386 -0.11079646]
CSCC(NC(=O)COc1cccc2cnccc12)C(=O)NC(Cc1ccccc1)C(O)C(=O)N1CSCC1C(=O)NC(C)(C)C,[ 0.2841692   0.7245111  -0.96903396 -0.02294098 -0.61271274]
C=CC(=O)OCC(=O)OCC,[ 0.09360895  0.5027501  -0.7950694  -0.71607834  0.03320635]
Cc1ccc2c(c1)c(S(=O)(=O)c1ccc(Cl)cc1)c(C)n2CC(=O)O,[ 0.38186508  0.29195184 -0.79805815 -0.36955535  0.15244673]
CCCOP(=O)(OC=C(Cl)Cl)OCCCl,[ 0.19697143  0.7437768  -0.62260026 -0.7860539  -0.28393587]
CC(C)Oc1ccc2c(=O)c(-c3ccccc3)coc2c1,[-0.4665868   0.91163635 -0.8893816  -0.67306983 -0.35917944]
CC(C)[C@H](C(=O)Nc1nccs1)c1ccc(Cl)cc1,[-0.01067854  0.43781066 -0.74649614 -1.          0.18262348]
C[C@H](Cc1cccc(CC(=O)NC23CC4CC(CC(C4)C2)C3)c1)NC[C@H](O)c1ccc(O)c(CO)c1,[-0.49822855  1.         -0.46488032 -0.17597793 -0.64763695]
CC(c1ccccn1)c1c(CC[NH+](C)[14CH3])sc2ccccc12,[ 0.04560295  0.82399607  0.8420866  -0.27424663  0.02612956]
CC(C)Cn1c(=O)n(C)c(=O)c2c(C(=O)N3CC[C@@H](O)C3)c(Cc3c[nH]c4ccccc34)sc21,[ 0.43337882  0.6860404  -0.8560158  -0.49945265  0.17258206]
CC(=O)NC(CS)C(=O)[O-],[ 0.09469011  0.49652407 -0.75249845 -0.75573593  0.20497082]
O=C1CC(N2C(=O)c3ccccc3C2=O)C(=O)N1,[-0.2166682   0.18935962 -0.55306983 -0.35980302 -0.01383214]
CC(Cl)(Cl)[N+](=O)[O-],[-0.27874184  0.8946076  -0.64054185 -0.6653962  -0.41241604]
CON=C(Cc1cccnc1)c1ccc(Cl)cc1Cl,[ 0.41902348  0.41190222 -1.         -0.9199014   0.05614177]
C=CCOc1ccccc1OCC(CNC(C)C)OC(=O)C1CC1,[ 0.03056019  0.5289592  -0.7005065  -0.8331069   0.06139338]
C#CCN1C(=O)CN=C(c2ccccc2)c2cc([N+](=O)[O-])ccc21,[ 0.05804478  0.9207994  -1.         -0.51110953 -0.25353134]
Nc1ccc(S(=O)(=O)O)c2cccc(O)c12,[ 0.26613072  0.7592108  -0.77308553 -0.6398061   0.4557425 ]
CC(C)CCOC(CO)CC(C)C,[ 0.23519465  0.49370936 -0.6837452  -0.9759399  -0.41699442]
Oc1c(O)c(-c2c(Cl)c(Cl)c(Cl)c(Cl)c2Cl)c(Cl)c(Cl)c1Cl,[ 0.3289216   0.9977752   0.9298998  -0.37229753 -0.31052622]
C1CCC2CCCCC2C1,[ 0.25780985  0.7676271  -0.6896379  -0.89332277  0.5310704 ]
CN1CCC(=C2c3ccccc3Sc3ccccc32)CC1,[ 0.3342142   0.87027365 -0.97355497 -0.77535784 -0.1602477 ]
C=C(OP(=O)(OC)OC)P(=O)(OC)OC,[-0.1772273   0.87117136 -0.7882937   0.73038477  0.30144778]
CC1CCCCN1N=O,[ 0.07244713  0.8179249  -0.8684745  -0.79243916  0.15365598]
O=[N+]([O-])C(CO)(CO)CO,[-0.23004487 -0.25764185 -0.78406703 -0.7150851  -0.26016787]
CCOC(=O)COC(=O)c1cc(Oc2ccc(C(F)(F)F)cc2Cl)ccc1[N+](=O)[O-],[ 0.07824209  0.5103129  -0.3446672  -0.26683262  0.01434187]
CC=Cc1ccc(OCc2ccccc2)c(OC)c1,[ 0.2734553   0.8250785  -0.83386356 -0.9322394  -0.20247383]
COP(=S)(OC)Oc1cc(Cl)c(Cl)cc1Cl,[ 0.12627491  0.790163   -0.657708   -0.91447663 -0.40745765]
CC=C(C(=O)NC(N)=O)C(C)C,[ 0.3659192   0.92402387 -0.66842854 -0.1119916   0.22483373]
CCCCOC(C)OCCCC,[-0.10304646 -0.02625485 -0.71867007  0.25495622 -0.10080103]
COc1cc(C=CC(=S)N2CCOCC2)cc(OC)c1OC,[ 0.23125906 -0.3973775  -0.40552056 -0.7849138  -0.20444946]
O=C(CCCN1CCC(O)(c2cccc(C(F)(F)F)c2)CC1)c1ccc(F)cc1,[ 0.24442999  0.77206504 -0.7866391  -0.5779626  -0.13762403]
C=C[Si](OC)(OC)OC,[ 0.15604983  0.78516126 -0.5447814  -1.         -0.4770299 ]
COP(=O)(OC)ON1C(=O)c2cccc3cccc(c23)C1=O,[ 0.17714548  0.45915484 -0.5042538   0.06642339  0.28662008]
c1ccc2c(c1)CC(N1CCN(c3cccc4c3OCCO4)CC1)C2,[-0.10047864  0.86696994 -0.482449   -0.59688365 -0.05774199]
O=C(O)CCCCCC(=O)O,[ 0.3488737   0.74926275 -0.6454163  -0.33814564 -0.60209906]
C[NH+]1CCOC(c2ccccc2)c2ccccc2C1,[ 0.39613128  0.25003964 -0.7357269   0.0861195   0.19343355]
CCOc1ccccc1C(=O)NN=C(C)C(=O)O,[ 0.09640634  0.9490541  -1.         -0.63021076 -0.17346878]
COc1ccccc1NC(=O)CC(C)=O,[-0.6607663   0.6371219  -0.84941536 -0.63257664  0.13049603]
O=C(Nc1ccccc1-c1ccccc1)OC1CCN(CCCCCCCCCNC[C@H](O)c2ccc(O)c3[nH]c(=O)ccc23)CC1,[-0.3539288   0.9064083  -0.85686857 -0.613158   -0.2852906 ]
Cn1c(COP(=O)(NCCBr)NCCBr)cnc1[N+](=O)[O-],[-0.06111928  0.847101   -0.93145865  0.26464137 -0.01701022]
ClCc1ccccc1,[ 0.36624742  0.6969609  -0.24824134 -0.98195624 -0.17394902]
OC[C@@H]1CC[C@H](n2cnc3c(O)ncnc32)O1,[ 0.43763497  0.8069313   0.47883072 -0.01394339 -0.48275977]
CCOC(=O)NCCOc1ccc(Oc2ccccc2)cc1,[ 0.00246892  0.914272   -0.78265494 -0.87217903  0.31013423]
CC1(C)CC(NC2CC(C)(C)NC(C)(C)C2)CC(C)(C)N1,[ 0.58482724 -0.64121467 -0.68735594 -0.3729913   0.09229467]
CN(C)c1ccc(O)c2c1CC1CC3C([NH+](C)C)C([O-])=C(C(N)=O)C(=O)C3(O)C(O)=C1C2=O,[ 0.3150846   0.90746427 -1.         -0.6132102   0.7929728 ]
CCCCCCCCCCCCCCCN,[-0.20392466  1.         -0.6242593  -0.7071957   0.47428626]
COP(=S)(OC)Oc1nc(Cl)c(Cl)cc1Cl,[ 0.4056906   0.5950717  -0.8670231  -0.6995659  -0.04395071]
Oc1c(Cl)c(Cl)cc2[nH]c(C(F)(F)F)nc12,[ 0.32360977  0.8821243  -0.8135071  -0.81197065  0.16839574]
COC(=O)C1=C(C)NC(C)=C(C(=O)OCCN(C)Cc2ccccc2)C1c1cccc(N(O)O)c1,[ 0.07208492  0.92724293 -0.2882887  -0.8606545  -0.16389722]
C=C(C)C(=O)OCCCC,[ 0.04010125  0.76247555 -0.76127946 -0.82431877 -0.39622688]
Cc1cn([C@H]2CCCN(S(=O)(=O)c3ccc(C(N)=O)c(Oc4cccc(Cl)c4)c3)C2)c(=O)[nH]c1=O,[ 0.00972743  0.7039044  -1.         -0.7255676  -0.48837212]
CC(C)C1NC(=O)c2ccccc2O1,[ 0.30843636  0.95705163 -0.75712276 -0.70804083 -0.26407158]
ClCC(Cl)Cl,[ 0.7363922   0.6536534  -1.         -0.667302   -0.42620853]
Cc1cc(Nc2nc(N[C@@H](C)c3ccc(F)cn3)c(C#N)cc2F)n[nH]1,[ 0.59918326  0.21800026 -0.8344583  -0.4705278  -0.40289646]
C[C@@H]1NC(=O)[C@H](C)N(C)C(=O)[C@@H](C)NC(=O)[C@H](C)N(C)C(=O)[C@@H](C)N(C)C(=O)[C@@H](C)NC1=O,[-0.09036356  0.4219305  -0.7583141  -0.74946386 -0.3629586 ]
C=CC(=O)N1CN(C(=O)C=C)CN(C(=O)C=C)C1,[ 0.17812303  0.637414   -0.8605729  -0.8739604   0.03488445]
CC(C)OCCCO,[ 0.6135865   0.8696606  -0.9455467  -0.65316147  0.16768444]
CCCCN(CCCC)CCCC,[-0.05665217  1.         -0.7708356  -0.65700126 -0.3518435 ]
CCOP(=O)(OCC)OC(=C(Cl)Br)c1ccc(Cl)cc1Cl,[-0.2858397   0.78369576 -0.7938226  -0.6615964  -0.3950111 ]
COc1ccc2c3c1OC1CC(O)C=CC31CC[NH+](C)C2,[-0.5377425   0.88943195 -0.6826998  -0.90591323  0.45073956]
Cc1c(OCC(F)(F)F)ccnc1C[S+]([O-])c1nc2ccccc2[nH]1,[ 0.22110486  0.78350854 -0.823751   -0.6846145   0.229173  ]
Nc1nc2c(ncn2COCCO)c(=O)[nH]1,[ 0.44401437  0.07318908 -0.6808728  -0.13518104  0.53968203]
CCC(=O)N(c1ccccc1)C1CCN(CCc2ccccc2)CC1,[-0.05016897  0.5734953  -0.6498238  -0.9244285  -0.11193693]
CCOC(=O)CCC1(CCC(=O)OCC)c2ccccc2-c2ccccc21,[-0.5924468  -0.3777476  -0.7877933  -0.51004285  0.34418923]
CN(C)CC=C(c1ccc(Br)cc1)c1cccnc1,[-0.06431467  0.87331957 -0.6303147  -1.         -0.38340667]
CN(C)C1CC(c2ccccc2)c2ccccc21,[ 0.53636783  0.60581    -0.9343103  -0.6508367  -0.16159672]
CC(C)(C)c1ccc2c(c1)C(C)(C)CC2,[-0.29318053  0.965514   -0.6788256  -0.44336712  0.09003998]
CCCC1CC(C(=O)NC(C(C)Cl)C2OC(SC)C(O)C(O)C2O)[NH+](C)C1,[0.20282821 1.         0.35594672 0.12977783 0.25322998]
CC(C)C(CCC(C)C1CCC2C3C(O)CC4CC(NCCC[NH2+]CCCC[NH3+])CCC4(C)C3CCC12C)OS(=O)(=O)[O-],[ 0.01716744  1.         -1.         -0.98146474 -0.1565332 ]
CCCCC(CC)C(=O)OC1=C(c2c(C)cc(C)cc2C)C(=O)c2ccccc21,[ 0.20584004  0.9320559  -1.         -0.77879107 -0.026668  ]
OCC(O)C(O)C(O)CO,[ 0.17357816  0.9203351  -0.68511546  0.02035202 -0.01768889]
CCN(CC)c1ccc2cc(C(=O)NC3(C(=O)N[C@H](Cc4ccccc4)C(=O)NCC4CCN(CC5CCOCC5)CC4)CCCC3)sc2c1,[ 0.30581206  0.5393723  -0.6594514   0.8123613  -0.4280909 ]
O=[N+]([O-])c1ccccc1Cl,[ 0.23775883  0.7967742  -0.80842566 -0.77531433  0.23288862]
O=CCc1ccccc1,[ 0.29266655  0.7976947  -0.9498804   0.25025314 -0.1656746 ]
O=C(Cl)CCl,[ 0.3111039   0.7173441  -0.0055762  -0.6607577  -0.31981337]
O=C(CCl)OCCOCCO,[-0.38060728  0.46447366 -0.85987717 -1.          0.08511938]
CC(=Cc1ccccc1)CC(=O)N1CCOCC1,[-0.2890081  -0.4878217  -0.5932159  -0.35071057 -0.09997381]
CCCCCCCC[Si](OCC)(OCC)OCC,[ 0.15990199  0.35235998 -0.5949067  -0.9624385   0.34321538]
CC(C)=C1CCC(C)CC1=O,[ 0.39135706  0.7398713  -0.86397904 -0.49068317  0.03340765]
C=C(Cl)C#N,[-0.06161345  0.83976376 -0.61938435 -1.         -0.29121414]
CC#CCC(C)C(O)C=CC1C(O)CC2Oc3c(CCCC(=O)O)cccc3C21,[ 0.33294213  0.8908864  -0.7692161  -0.7616507  -0.36366972]
Cc1ncc(C[n+]2csc(CCO)c2C)c(N)n1,[-0.07794356  0.9483073  -0.9700872  -0.5563671   0.5281241 ]
COP(=O)(OC)OC(=CCl)c1cc(Cl)ccc1Cl,[ 0.6014053   1.         -0.78596383 -0.70485324 -0.2027801 ]
CC(C)(C(=O)O)S(C)(=O)=O,[ 0.22269495  0.980885   -0.545041    0.30929598  0.29660967]
CN(C)N=Nc1ccc(I)cc1,[-0.04899717 -0.3321074  -0.79323274 -0.76719326 -0.06832337]
COc1cc2nc(N3CCN(C(=O)C(C)OC)CC3)nc(N)c2cc1OC,[ 0.25026998  0.8474968  -0.5227689  -0.83188903  0.16883247]
CCOC(=O)c1noc(C)c1C(C)=O,[ 0.4541869  -0.45774785 -0.8558909  -0.89060295 -0.2547325 ]
CC1CCC(C(C)C)C(O)C1,[ 0.09211144  0.90444183 -0.9649149  -0.7852331  -0.0306922 ]
CC(C)C(O)(c1ccc(OC(F)(F)F)cc1)c1cncnc1,[-0.17694338  0.63265413 -1.         -0.44155127  0.05853235]
CCNC(=O)CSP(=S)(OC)OC,[ 0.1828979   0.892458   -0.7816593  -0.82339066 -0.60697216]
COc1nccnc1NS(=O)(=O)c1ccc(N)cc1,[ 0.5184711  0.8933938 -0.8939856 -0.6740863 -0.6088449]
COP(=O)(SC(C)C)SC(C)C,[-0.56040865  0.7266463   0.06171081  0.06593076 -0.3132716 ]
CC[C@H]1CN(Cc2cc(Cl)ccc2OCC(=O)O)CCN1S(=O)(=O)c1ccccc1,[ 0.48997524  0.46483216 -0.7926861  -0.46414775 -0.03547697]
CCN(CC)c1c([N+](=O)[O-])cc(C(F)(F)F)c(N)c1[N+](=O)[O-],[-0.39189902  0.87704486  0.12765469 -0.4126977  -0.1580534 ]
Cc1cc(=O)n(CSP(=S)(OC(C)C)OC(C)C)nc1Cl,[-0.3100451   0.48994836 -0.7450678  -0.75179374 -0.0843155 ]
O=C(NC1CC1)c1cc(-c2cccs2)on1,[-0.4879083   0.8362206  -0.8200181  -0.52040887 -0.02886435]
O=C1CCc2ccccc2O1,[ 0.19385223 -0.32508978 -0.34628716 -0.78653044  0.45267236]
CC(C)NCC(O)COc1ccc(COCCOC(C)C)cc1,[-0.31988737  0.92174894 -0.8974901  -0.9104847  -0.01049144]
CCc1cccc(CC)c1N,[-0.20767596  0.7860335  -0.69206125 -0.9438693  -0.163093  ]
CCCSP(C)(=S)SC(CC(=O)OCC)C(=O)OCC,[-0.37890795  0.8843382  -0.6327306  -0.7719982  -0.10722954]
OCc1ccccc1,[ 0.25824857  0.69687915 -0.5460817  -0.38500336  0.03120303]
CCOP(=S)(OCC)Oc1ccc([N+](=O)[O-])c(C)c1,[-0.02382054  1.         -0.80676055 -0.19500063  0.30351508]
COC(=O)C(C)N(C(=O)Cc1ccccc1)c1c(C)cccc1C,[-0.12129475  0.03867323 -0.7003418  -0.7322986  -0.04000523]
FC(F)(F)c1nc2c(Cl)c(Cl)cc(Cl)c2[nH]1,[ 0.24602549  0.2754178  -0.6112121  -0.72598845 -0.3197547 ]
COCCOCCOC(C)=O,[ 0.59415776  0.80859154 -0.39007348 -0.38611987 -0.10427933]
CC(C(N)=O)(c1ccccc1)c1ccc(N)cc1,[ 0.40539563  0.69906795 -0.81508106 -1.         -0.5115717 ]
CCOP(=S)(OCC)Oc1cccc(F)n1,[ 0.17526686  1.         -0.91693556 -0.61776227  0.57384115]
C[C@]12C[C@H](O)[C@H]3[C@@H](CCC4=CC(=O)CC[C@@]43C)[C@@H]1CC[C@]2(O)C(=O)CO,[ 0.2117743  -0.18878187 -0.9794266  -0.30042085 -0.6310683 ]
COP(=S)(OC)SCC(=O)N1CCOCC1,[ 0.47746217  0.33291107 -0.6826397  -0.51210445  0.03059225]
CCCCOC(=O)C1CC1OCCCC,[ 0.4187113   0.60268736 -0.696306   -0.56390744  0.0751089 ]
Cc1ccc(NC(=O)c2ccc(Cl)c(C(F)(F)F)c2)cc1C(=O)Nc1cccnc1,[ 0.20599566  0.3420659  -0.7552613  -0.684799    0.10584912]
Cn1c(=O)sc2cccc(Cl)c21,[ 0.07397056  0.9173732  -1.         -1.         -0.08290838]
Cc1cccc(C)c1NC(=O)C1CCCC[NH+]1C,[ 0.36716533  0.8515023  -0.7476764  -0.53401715  0.15309493]
CC(C)CCCCCN(CCCCCC(C)C)CCCCCC(C)C,[ 0.47700882  0.9993423  -0.03219701 -0.8402454  -0.3557171 ]
C=COC(=O)C=CC,[-0.25119448  0.9585356  -0.23831505 -0.7411117  -0.07562765]
CO/N=C(\C(=O)N[C@@H]1C(=O)N2C(C(=O)O)=CCS[C@H]12)c1csc(N)n1,[ 0.14445914  0.44285825 -0.24565715 -0.03790328 -0.22338033]
Nc1ncc2cc(-c3c(Br)cccc3Br)c(N)nc2n1,[-0.2114518   0.9111483  -0.6301159  -0.8669291  -0.27154207]
OCCCCC(O)CO,[ 0.23286198  0.98113257 -0.77414805 -0.70689136  0.46569058]
Cc1ccc(CO)cc1N(C)c1ccnc(Nc2cc(N3CCCOCC3)cc(N3CCOCC3)c2)n1,[ 0.72328174  0.7414387  -0.7453288  -0.75176513 -0.11587589]
C=C(C)C(=O)OCCC[Si](OC)(OC)OC,[ 0.11753359  0.8436338  -0.82878184 -0.95053905  0.0855818 ]
CSCCC([NH3+])C(=O)NC1(C(=O)[O-])CS(=O)(=O)C2C(C(=O)[O-])C21,[-0.48282275  0.6746597  -0.41746086 -0.8077606  -0.08244721]
COCCNCc1ccc(Nc2ncc3cc(-c4ccncc4)ccc3n2)cc1,[ 0.42365244  0.8410579  -0.8698516  -0.42261362 -0.2898527 ]
CC(C)(C)NCCO,[ 0.1677269   0.8607823  -0.7595859  -0.6062968  -0.68080515]
CCS(=O)(=O)c1ccc(-c2cc(Cl)ccc2OCC(=O)O)cc1,[-0.7765715   0.72405446 -0.2674591  -0.4955988   0.0849885 ]
C=CCN(C(=O)Cn1nc(C)ccc1=O)C(C)Cc1ccccc1,[ 0.37628365  0.7278608  -0.84177816 -0.80121195  0.59944165]
CNC(=O)Oc1cc(C)c(N(C)C)cc1C(C)C,[ 0.451786    1.         -0.83193505 -0.21236995 -0.14808199]
C=COC(=O)CCCCC(=O)OC,[ 0.345648    0.08502491 -0.86558443 -0.30683604 -0.03180029]
COCCOCc1ccccc1,[ 0.25360605  0.85596    -0.65784085 -0.5731914   0.11208111]
Nc1ccc(F)c([N+](=O)[O-])c1,[-0.01228877  0.86043155 -0.79396844 -0.90245247 -0.32466495]
N#CCCOCCC#N,[-0.03218205  0.8880718  -0.8875887  -0.8962449   0.24785599]
Cc1cnc(-c2cc(NC(=O)c3ccc(C(F)(F)F)nc3C)ccc2Cl)[nH]1,[ 0.16872634 -0.47787574 -0.7175586  -0.6299081   0.25770763]
Cc1cc(Cl)ccc1OCCCC(=O)O,[ 0.361307    0.9664582  -0.87707394 -0.8017293  -0.10184686]
CC1CCCCC1NC(=O)Nc1ccccc1,[ 0.3905688   0.12042758 -0.6960581  -1.         -0.23237841]
Cc1ccc(C(=O)N(CCCN)[C@@H](c2nc3cc(Cl)ccc3c(=O)n2Cc2ccccc2)C(C)C)cc1,[ 0.0959309   0.51865155  0.38550892 -0.1761725  -0.3606798 ]
Cc1cc(OC(=O)N(C)C)n(-c2ccccc2)n1,[-0.41431797  0.68961155 -0.5896776  -0.5383221  -0.21176904]
O=C(O)Cc1ccccc1N1CCC(CN2CCC(Oc3ccc(Cl)c(Cl)c3)CC2)CC1,[-0.60719556  0.8833273  -0.9231983  -0.8564339  -0.48306936]
O=C(NC[C@@H](O)CN1CCC(Oc2ccc(Cl)c(Cl)c2)CC1)c1c[nH]c(=O)c2cc(F)ccc12,[-0.55694276  0.86983484 -0.5670732  -0.95360273  0.12036733]
Cc1cccc(Nc2ccncc2S(=O)(=O)[N-]C(=O)NC(C)C)c1,[-0.33748904  0.7601667   0.10938878 -0.6241086  -0.40950292]
CC(C)CNC(=O)NS(=O)(=O)c1ccc(Cl)cc1,[-0.0426583   0.47512227 -0.7415201  -0.44331864 -0.13772328]
CNC(=O)c1[nH]cnc1C(=O)Nc1ccc(Cl)cc1,[ 0.02731599  0.8370046  -0.75534767 -0.6489936  -0.26547748]
CCCN(CCC)c1c([N+](=O)[O-])cc(C)cc1[N+](=O)[O-],[ 0.52190447  0.7750959  -0.45734224 -0.50828093 -0.07194215]
CCNc1nc(NC(C)C(C)C)nc(SC)n1,[ 0.2854166   0.65276444 -0.6794752  -0.6352747   0.20302932]
O=C1c2cccc(S(=O)(=O)O)c2C(=O)c2c1cccc2S(=O)(=O)O,[-0.02127635  0.8072715  -0.9858557  -0.91719335 -0.4810164 ]
CC(C)(C)NCCC(O)c1cc(C(F)(F)F)nc2c(C(F)(F)F)cccc12,[ 0.4027158   0.5290231  -0.6129609  -0.5612295   0.25299588]
O=C1c2ccccc2N(C(=O)CN2CCOCC2)CN1c1ccccc1,[ 0.41189292  0.6653231  -0.89191437 -0.09391863 -0.45978054]
CCC(=O)O,[-0.27076796  0.75264657  0.64298177 -0.31968588 -0.30426008]
O=P(O)(O)C(O)(Cn1ccnc1)P(=O)(O)O,[ 0.5290586   0.80450386 -0.88194203 -0.8954911   0.72976744]
O=c1[nH]c2c(O)ccc([C@@H](O)CNCCSCCCNCCc3cccc(Cl)c3Cl)c2s1,[ 0.38163307  1.         -0.58247375  0.18759277 -0.27841425]
CCNC(=O)C=Cc1cccc(Br)c1,[ 0.02358023  0.26127255 -0.7198053   0.25361493  0.20354472]
CCCCSN(C)C(=O)Oc1cccc2c1OC(C)(C)C2,[ 0.1551326   0.69422513 -0.44439486 -0.76285255 -0.24176812]
CN,[ 0.38067946  0.6925076  -0.65994495 -0.14060691  0.14055242]
Cc1ccc(-c2ccccc2)cc1,[ 0.11152447  0.5644283  -0.8028458  -0.9517021  -0.06077772]
C[NH+](C)CCC(c1ccc(Cl)cc1)c1ccccn1,[ 0.26583102  0.5954375  -0.82704467 -0.97633857 -0.1768573 ]
CCN(CC)c1ccc(-c2nc(=O)n(C)nc2-c2ccc(N(CC)CC)cc2)cc1,[-0.05320769  0.19720437 -0.47430885  0.81693375  0.45127487]
COc1cc2nc(N3CCN(C(=O)C4COc5ccccc5O4)CC3)nc(N)c2cc1OC,[ 0.23101708  0.7562455  -0.5943308  -0.40343907 -0.58540326]
CC(CO[N+](=O)[O-])(CO[N+](=O)[O-])CO[N+](=O)[O-],[ 0.21303868  0.46508932 -0.74697393 -0.91658854 -0.5851399 ]
C=CCc1cc(OC)c2c(c1)OCO2,[ 0.2079991   0.54237765 -0.2768097  -0.82428217 -0.5346198 ]
O=[N+]([O-])c1cccc(O)c1,[-0.2603209   0.66572034 -0.7282103  -0.7781649   0.15666746]
C=C(C)C(=O)OCCOC(=O)C(=C)C,[ 0.10197563  0.3122035  -0.15594111 -0.15045977  0.48783034]
CN(C)NC(=O)CCC(=O)O,[ 0.22247927  0.30633178 -0.9223784  -0.47641245 -0.17690596]
CCCCSCCCC,[ 0.17487575  0.7217332  -0.80831903 -0.97971475  0.19178373]
BrC(Br)Br,[ 0.45810786  0.23230906 -0.810054    0.8314065   0.5763101 ]
[NH3+]C(C(=O)NC1C(=O)N2C(C(=O)[O-])=C(CSc3c[n-]nn3)CSC12)c1ccc(O)cc1,[ 0.33016172  0.91045755 -0.17160462 -0.10141108 -0.31777957]
C[S+]([O-])Cc1ccc(C(=O)Nc2ccc(OCCOCCO)nc2C(=O)NCC2CCC2)c2ccccc12,[-0.06536169  0.9013241  -0.79544604 -0.67108834 -0.20203988]
Clc1cc(Cl)cc(Cl)c1,[ 0.7261091  -0.4715462  -0.6984961  -0.64716995 -0.2954655 ]
O=CC=CC1CO1,[ 0.27182826  0.809373   -0.9177642  -0.9508361   0.05993713]
COc1cc(Nc2nc(N[C@@H](C)c3ncc(F)cn3)ncc2Br)n[nH]1,[ 0.33354515  0.70904046  0.5971454  -0.87145656 -0.5357995 ]
O=C1OCC2C1C1(Cl)C(Cl)=C(Cl)C2(Cl)C1(Cl)Cl,[ 0.16495055  0.7348409  -0.8684877  -0.7074556   0.37356165]
CCOP(=O)(CC)SC,[ 0.14187641  0.87514913 -0.77561605 -0.81736517 -0.24737032]
CC1CC(=O)CC(C)O1,[ 0.10139972 -0.40032604 -0.6642126  -0.3736758  -0.09043023]
O=C1COc2ccc(CNC3CCN(CCN4C(=O)COc5ccc(Cl)cc54)CC3)nc2N1,[ 0.4371305   0.48361114 -0.83333254 -0.69072753  0.14097494]
CC(=O)CCC(C)=O,[ 0.08392853  0.79246604 -0.4811128  -0.7498203  -0.5311873 ]
CCCOCCOC(=O)C1=C(C)NC(C)=C(C(=O)OCCOCCC)C1c1cccc([N+](=O)[O-])c1,[ 0.59258366  0.869742   -0.82363087 -0.5701402  -0.09869974]
O=[N+]([O-])c1ccc(Cl)c([N+](=O)[O-])c1,[ 0.34189492  0.91247964 -0.8641808   0.66283435 -0.17031881]
CC(C)=CCN1CCC2(C)c3cc(O)ccc3CC1C2C,[ 0.10141727  0.91848344 -0.6834024  -0.4549871   0.25392497]
CCC(CC)n1nc(C)c(C(=O)N[C@@H](C)C(C)(C)C)c1NS(=O)(=O)c1ccc(C)cc1,[ 0.16829152  0.5321653   0.42202723 -0.679642   -0.4478448 ]
COc1ccc2ncc(=O)n(CCN3CC[C@@H](NCc4ccc5c(n4)NC(=O)CO5)[C@@H](F)C3)c2c1,[ 0.6024265   0.8965565  -0.70138925 -0.65160626 -0.5606856 ]
OCCOCCOCCOCCO,[ 0.24675635  0.8633478  -0.45704287 -0.96578956 -0.41246417]
Nc1nc2c(Cc3cccnc3)c[nH]c2c(=O)[nH]1,[ 0.02432053  0.84675324 -0.28842497 -0.6822638   0.11617098]
Clc1ccc(C2(Cn3cncn3)OCCO2)c(Cl)c1,[ 0.11736564 -0.43088922 -0.54290104 -0.13452266  0.13681337]
Cc1cc([N-]S(=O)(=O)c2ccc(N)cc2)no1,[-0.60468924 -1.         -0.6977609  -0.32809633 -0.19702601]
COc1ccc([N+](=O)[O-])cc1N,[-0.39031485  0.78041136 -0.43283492 -0.34120786 -0.49528274]
CC(=O)Nc1ccc(C)c(NS(=O)(=O)C(F)(F)F)c1,[ 0.12589087  0.7386365  -0.74432445 -0.86201906 -0.42149115]
NCCCC[C@H](N[C@@H](CCc1ccccc1)C(=O)O)C(=O)N1CCC[C@@H]1C(=O)O,[-0.18805136 -0.19054382 -0.6508493  -1.         -0.36015972]
CC[C@H]1OC(=O)[C@H](C)[C@@H](O[C@H]2C[C@@](C)(OC)[C@@H](O)[C@H](C)O2)[C@H](C)[C@@H](O[C@@H]2O[C@H](C)C[C@H](N(C)C)[C@H]2O)[C@](C)(O)C[C@@H](C)C(=O)[C@H](C)[C@@H](O)[C@]1(C)O,[-0.46479908  0.49070668 -0.83454776 -0.8073624  -0.03692161]
CC[C@@]1(O)C(=O)OCc2c1cc1n(c2=O)Cc2cc3c(CN(C)C)c(O)ccc3nc2-1,[-0.38747066  1.         -0.8740513  -0.67749304  0.00191051]
C1CN1P1(N2CC2)=NP(N2CC2)(N2CC2)=NP(N2CC2)(N2CC2)=N1,[ 0.07018497 -0.36877498 -0.6428517  -0.05345445  0.36684844]
CC(=O)N(C)c1ccc(Nc2ncc3cc(-c4ccncc4)ccc3n2)cc1,[-0.2860932   0.88381994 -0.92642367 -0.19767383  0.37413242]
C[C@@H]1CN(Cc2ccc(F)cc2)CCN1C(=O)COc1ccc(Cl)cc1NC(N)=O,[ 0.47676468 -0.03627184  0.04285073 -0.625903   -0.27099824]
O=C(CSc1nc2c(c(=O)n1-c1ccccc1)SCC2)Nc1ncc(-c2ccccc2)s1,[ 0.08391877  0.71825737 -0.76934266 -0.49998933  0.20534909]
CCCC(=O)c1ccc(N)cc1,[-0.05739864  1.         -0.8798854  -0.7494201  -0.2555325 ]
O=CNc1cc([C@@H](O)CNCCc2ccc(NC[C@H](O)c3ccccc3)cc2)ccc1O,[-0.4141676  -0.2322348  -0.98315805 -0.6294836   0.21330762]
COc1cc(OC)c(S(=O)(=O)N(c2ccccc2)C(C)C)cc1NC(C)=O,[-0.37079558  0.15955427 -0.8417087  -0.58678424  0.6802171 ]
CNC(=O)Nc1nnc(C(C)(C)C)s1,[ 0.11623575  0.9175465  -0.72729605 -0.64124036 -0.00998099]
C[C@@H](O)[C@H]1C(=O)N2C(C(=O)O)=C(SCCNC=N)C[C@H]12,[ 0.5131633  -0.04559831 -0.6048763  -0.58613306 -0.1826082 ]
O=C(OCC(COC(=O)c1ccccc1)(COC(=O)c1ccccc1)COC(=O)c1ccccc1)c1ccccc1,[ 0.5406836 -0.6915464 -1.        -0.9756214 -0.0790216]
CNC(=O)Oc1ccc(Cl)c2c1OC(C)(C)C2,[-0.19669321  0.00459535  0.28990245 -1.         -0.23244238]
CCCCC(CC)COCCC#N,[ 0.20954227  0.75342345 -0.33367953 -0.684161    0.68107116]
Cc1cn([C@H]2CCCN(S(=O)(=O)c3ccc(C#N)c(Oc4cccc(Cl)c4)c3)C2)c(=O)[nH]c1=O,[ 0.28230262  0.4292506   0.05570946 -0.54566073 -0.1314064 ]
O=c1[nH]c2ccccc2n1CCCN1CCN(C(c2ccccc2)c2ccccc2)CC1,[ 0.38951638  0.7065005   0.36980647 -0.42721418  0.276936  ]
Clc1ccc(C(OCCN2CCCCC2)c2ccccc2)cc1,[-0.4923092   0.9006298  -0.8846244  -0.771019   -0.01482308]
CC12CCC3c4ccc(O)cc4CC(CCCCCCCCCS(=O)CCCC(F)(F)C(F)(F)F)C3C1CCC2O,[ 0.09034288 -0.09943488 -0.5315852  -0.05472519  0.16086082]
C1=CCCC=CCCC=CCC1,[ 0.75205064  0.49180233 -0.791282   -0.79662824 -0.23905337]
CC1CCC(N)CC1N,[ 0.13450055  0.7659744  -0.6101426   0.60990566 -0.07638656]
Clc1ccc(OCOc2ccc(Cl)cc2)cc1,[ 0.35635626  0.72883224 -0.689801   -0.9152797   0.656154  ]
O=c1[nH]c(=O)c2ccccc2o1,[-0.20169125  0.92480177 -0.533672   -0.6460028  -0.21495819]
COP(=S)(OC)Oc1cnc2ccccc2n1,[ 0.42874202  0.6930619  -0.7278909  -0.8288588   0.33613682]
NS(=O)(=O)c1cc2c(cc1Cl)NC(C(Cl)Cl)NS2(=O)=O,[ 0.1868505   0.74569154 -0.46298364 -0.6875354   0.1568256 ]
CCOP(=S)(Oc1cccc2cccnc12)c1ccccc1,[ 0.21881087  0.7014621  -0.7598248  -0.32419834  0.3390233 ]
CCN[C@@H]1C[C@H](N)[C@@H](O[C@H]2OC(CN)=CC[C@H]2N)[C@H](O)[C@H]1O[C@H]1OC[C@](C)(O)[C@H](NC)[C@H]1O,[ 0.19099158  0.8001987  -0.57098824 -1.          0.20327103]
COC(=O)c1ccccc1,[ 0.5413302  0.7260665 -0.5774205 -0.8007058 -0.0653296]
O=[N+]([O-])c1cc(Cl)ccc1Cl,[ 0.35700926  0.7851981   0.28312126 -0.2396673  -0.40226173]
NNC(=O)c1ccncc1,[-0.46563795  0.7166345   0.10919484 -0.9095372  -0.552662  ]
C=CC(=O)OCCOC(=O)CC(C)=O,[ 1.          0.7477883  -0.79042643 -0.2766435   0.05199688]
ClC(Cl)(Cl)c1ccc(C(Cl)(Cl)Cl)cc1,[ 0.04934265  0.87839264 -0.9356467  -0.5574612   0.61072904]
CCOc1ccccc1-c1ccc(-c2nc3ccncc3c(O)c2C#N)cc1,[ 0.42775112  0.82261974 -1.         -0.42547214  0.40086916]
CCN1C(=O)C=CC1=O,[-0.16407542  0.87003917 -0.6932941  -0.8934235  -0.36044517]
CC(C)(C)NC(=O)C1CC2CCCCC2CN1CC(O)C(Cc1ccccc1)NC(=O)C(CC(N)=O)NC(=O)c1ccc2ccccc2n1,[ 0.58473444  0.6883371  -0.5224552  -0.7145152   0.40387672]
NC(=[NH2+])NCCCCC1NC(=O)CCSSCC(C(N)=O)NC(=O)C2CCCN2C(=O)C(Cc2c[nH]c3ccccc23)NC(=O)C(CC(=O)[O-])NC(=O)CNC1=O,[ 0.12208304  1.         -0.5847255  -0.2269617  -0.28200218]
C=CCn1c(N)cc(=O)n(CC)c1=O,[ 0.0674795   0.2832282  -0.8838412  -0.7816698   0.22476323]
COCCN(c1cccnc1)P(=O)(c1ccccc1)c1ccccc1,[ 0.47180185  0.97912496 -0.6828182   0.6026459   0.10875257]
COC(=O)/C=C/CNC(=O)CN1C(=O)[C@@H](COC(=O)Nc2ccc(Cl)cc2C(F)(F)F)N=C(c2ccccc2)c2ccccc21,[-0.29321915  0.796663   -0.6648767  -0.7736555  -0.39410156]
CS(=O)(=O)c1nc(-c2ccc(F)cc2)n(-c2ccc(Cl)cc2)n1,[-0.11120493  0.8555896  -0.6878012  -0.8132166  -0.2747986 ]
Cc1cc(-c2ccc(Cl)c(C(=O)NCC3(O)CCCCCC3)c2)nn1C[C@H](O)CN,[ 0.501647    0.3557937  -0.9699609  -0.79247344 -0.11836077]
Cc1c(-c2c(C)c(N)c3c(C(C)C)c(O)c(O)c(C=O)c3c2O)c(O)c2c(C=O)c(O)c(O)c(C(C)C)c2c1N,[-0.07510948 -0.6850293  -0.50609916 -0.86114556  0.04313888]
COc1ccc(C(=O)Nc2ccccc2CCC2CCCCN2C)cc1,[ 0.5441972  0.7827987 -0.6518061 -1.         0.216662 ]
CC(C(=O)O)c1ccc(C(=O)c2cccs2)cc1,[-0.97890794 -0.22574596 -0.32978913  0.2977961   0.2992399 ]
O=C(CCCCC(=O)OCC1CC=CCC1)OCC1CC=CCC1,[-0.2437474   0.8473328  -0.93487865 -0.893737   -0.27859467]
CCCN(N=O)C(N)=O,[-0.45871413  0.7953015  -0.15149127 -0.6533929   0.14082737]
CC(C)Oc1cc(-n2cnc3ccc(N[C@@H](CO)c4ccc(F)cn4)nc32)n[nH]1,[-0.45084754  0.7825351  -0.58173007 -0.8896229  -0.00471456]
CC(C)(C)NC[C@H](O)COc1nsnc1N1CCOCC1,[ 0.19680268  0.6840982  -0.45603454  0.12684204 -0.12841694]
CC(NNC(=O)c1ccccc1)c1ccccc1,[ 0.4303138   0.6743009  -0.9648397  -0.98746955  0.17211682]
O=[N+]([O-])c1ccc(O)c(CNCCO)c1,[ 0.41315794  0.7258791  -0.9239257  -0.43010917 -0.25743252]
Cc1ccc(N=C=O)cc1,[ 0.4969211   0.58518475 -0.59074736 -0.5500365   0.18383183]
CC(C)c1cc(Oc2ccccc2)cc(C(C)C)c1NC(=S)NC(C)(C)C,[ 0.28081605  0.85231656 -0.84689415 -0.4795973  -0.29163876]
C=CCOC(=O)CCCCC,[0.36602706 1.         0.06596426 0.7960051  0.16266239]
CCOP(=O)(O)O,[-0.35417515  0.6497556  -0.6075155  -0.5387251  -0.36523092]
COC(=O)c1c(Cl)cccc1-c1cnc([C@@H](C)NC(=O)C2(NC(=O)C(F)(F)F)CC2)c(F)c1,[ 0.0997515   0.41874298 -0.8406362  -0.7667476  -0.35643712]
C1=CC2C3C=CC(C3)C2C1,[ 0.6012439   0.5336926  -1.         -0.26155066 -0.14965622]
C=CCN1CCCC1CNC(=O)c1cc2nn[nH]c2cc1OC,[ 0.51217127 -0.05061872 -0.675697   -0.36733946  0.5079289 ]
ClCC(Cl)=C(Cl)Cl,[ 0.20793979  0.72030556 -0.54396856 -0.91507024 -0.00762384]
C=CS(C)(=O)=O,[-0.28728226  0.4535239  -0.98367894 -0.7839422  -0.18024059]
O=P([O-])([O-])C(Cl)(Cl)P(=O)([O-])O,[ 0.722557    0.7829372  -0.83048886 -0.5158965  -0.3203951 ]
COc1cc(-c2cc(=O)c3c(O)cc(O)cc3o2)cc(O)c1OC,[ 0.1811873   0.9568432  -0.96027356 -0.834097   -0.3322651 ]
CCCCCCCCOC(C)=O,[-0.09805794  0.5267658  -0.8001406  -1.         -0.5626108 ]
O=C(O)c1cccc(Cl)n1,[-0.00615024  0.81887156 -0.81834865 -0.5735756  -0.4749568 ]
CCCCC(CC)OCCOCCO,[ 0.3529303   0.69838977 -1.         -0.53492206 -0.3050841 ]
O=CC1=CCCCC1,[-0.48867428  0.69472307  0.26703987 -0.28826794  0.15538754]
O=NN1CCCCC1,[-0.08799049  0.8805876   0.90495133 -0.06797938 -0.11174679]
OCCOCCCl,[ 0.3398434   0.855191   -0.90295124 -0.83965087 -0.27579525]
O=C(Nc1ccc(Cl)c(C(=O)Nc2cccnc2)c1)c1cccc(C(F)(F)F)c1,[ 0.37056023  0.50273323 -0.27531204 -0.49396315 -0.38848165]
CN(C)CCC(c1ccc(Cl)cc1)c1ccccn1,[ 0.678974    0.28527495 -0.68280125 -0.44320408 -0.12857263]
CCOc1ccccc1OC(c1ccccc1)C1C[NH2+]CCO1,[ 0.74625427  0.29661918 -0.83685637 -0.78866273 -0.53083044]
O=C(Cl)c1cccc(C(=O)Cl)c1,[ 0.43605316  0.6816523  -1.         -0.41244826 -0.34215197]
CCCSP(C)(=S)Oc1ccc(Cl)cc1Cl,[ 0.5465208   0.6758311  -0.02233571 -0.52126735 -0.5380332 ]
O=C(O)c1nn(Cc2ccc(Cl)cc2Cl)c2ccccc12,[ 0.33434057  0.8637305  -0.948602    0.03011935  0.20050669]
CCN1CN(CO)C(=O)N(CO)C1,[ 0.38958892  0.59070545 -0.89362305 -0.9438815  -0.5401434 ]
CCOc1cc2nnc(C(N)=O)c(Nc3ccc(F)cc3F)c2cc1N1CCN(C)CC1,[ 0.16502148  0.5768563  -0.75305235 -0.62006956  0.8428188 ]
FC1(F)CC(C2CC3(Cl)C(Cl)=C(Cl)C2(Cl)C3(Cl)Cl)C1(F)F,[ 0.59805095  0.8150888  -0.70302093 -0.4819987   0.7236055 ]
COc1ccc(N)c([N+](=O)[O-])c1,[ 0.29432076  0.8198357  -0.7468291  -0.9836213  -0.1537732 ]
Cc1cc(=O)nc(SCc2ccccc2N(C)C)[nH]1,[-0.00486251  0.90187424 -0.78601974 -0.94760287 -0.26384288]
CCC(=O)OC1C(C)OC(OC2C(C)OC(OC3C(CC=O)CC(C)C(O)C=CC=CCC(C)OC(=O)CC(OC(C)=O)C3OC)C(O)C2N(C)C)CC1(C)O,[ 0.01829903  0.92859846 -1.         -1.          0.6039231 ]
BrC12CC3CC(CC(C3)C1)C2,[-0.2738182   0.5681163  -0.9613577  -0.795662   -0.03131777]
N#Cc1cccc(Cc2ncccn2)c1,[-0.0134017   0.81855273 -0.51548356 -0.84301895 -0.5074996 ]
O=C1CCc2cc(C=CCN3CCN(c4ccc(Cl)cc4)CC3)ccc2N1,[ 0.40698856  0.662325   -0.8688814  -0.7250056  -0.51803386]
OCCNCCc1ccccc1,[ 0.2814802   0.8966675  -0.6986752  -0.93455297  0.50455326]
CCCCCCOCCOCCO,[ 0.07286507 -0.18006726 -0.40746444 -0.6863707  -0.42644367]
CNC(=O)[C@@H]1Cc2cn(cn2)CC(=O)N2CCC[C@H]2C(=O)N[C@@H](C)C(=O)N1C,[-0.11608515  0.8542262  -0.8056909  -0.80126184 -0.47638878]
C/C=C/c1cc(OC)c2c(c1)C(C)C(c1cc(OC)c(O)c(OC)c1)O2,[ 0.3730712   0.3410517  -0.26445022 -0.81203085 -0.00324941]
CCOC(=O)CCN(Cc1ccccc1)SN(C)C(=O)ON=C(C)SC,[-0.03064384  0.8238501  -0.5698343  -0.9933042  -0.11785306]
CCCCCCCCCCCCCCCCCCOP(=O)([O-])OCC[N+]1(C)CCCCC1,[-0.04654344 -0.42311558 -1.         -0.2620403  -0.360888  ]
CCCCCc1ccccc1O,[ 0.5010262   0.9999962  -0.8332166  -1.         -0.20744407]
CCC(C(=O)O)C1(O)CCCCC1,[-0.2571884  -0.02427566 -0.6580445  -0.51255    -0.10551491]
O=[N+]([O-])c1cc(Cl)c(N=Nc2ccc(N3CCS(=O)(=O)CC3)cc2)c(Cl)c1,[-0.06267048  0.6349541   0.22832681 -0.7184888  -0.1609731 ]
O=[N+]([O-])N1CN([N+](=O)[O-])CN([N+](=O)[O-])C1,[-0.08415592 -0.26515198 -0.06450284 -0.50152177 -0.311154  ]
CNCC(O)c1cccc(O)c1,[-0.61580455  0.7580893  -0.49817765 -0.9500214   0.10394457]
O=[N+]([O-])c1ccc(C=NNC(=S)N2CCCC2)o1,[ 0.2645243   0.9901453  -0.3560984  -1.         -0.11528581]
COC(C)CC(=O)O,[ 0.37353468  0.80640423 -1.         -0.9931808  -0.10631803]
NC(=O)[C@H](Cc1ccccc1)NC(=O)OCc1ccccc1,[ 0.12705858  0.932907   -0.9147877  -0.76767766 -0.6183832 ]
C=CC1=C(C)/C(=C\c2[nH]c(Cc3[nH]c(/C=C4/NC(=O)C(C)=C4C=C)c(C)c3CCC(=O)O)c(CCC(=O)O)c2C)NC1=O,[-0.5267891   0.823103   -0.5155571  -0.85244834 -0.24307911]
CNC(=O)Oc1ccccc1C1OCCO1,[ 0.10336902  0.2537097  -0.28435552 -0.6092193  -0.05068479]
Cc1c(OC2CCN(CC3CCN([C@@H](Cc4ccc(F)cc4)C(=O)O)CC3)CC2)ccc(C#N)c1Cl,[-0.30498776  1.         -0.02191026 -0.45759344  0.7170999 ]
Brc1ccc2[nH]cc(CC3CCNCC3)c2c1,[ 0.06149524  0.8947433  -0.6821135  -0.808929    0.0304723 ]
O=c1[nH]cnc2c1ncn2[C@H]1CC[C@@H](CO)O1,[-0.2913448   0.90126795 -1.         -0.8727946  -0.12982172]
COc1cc(C(=O)NC2CCCNC2)cc(OC)c1OC,[ 0.22677045  0.72360224  0.46915728 -0.51038337 -0.21819416]
Cn1cnc(S(=O)(=O)N(CCN(Cc2cncn2C)c2ccc(C#N)cc2)Cc2ccccc2)c1,[-0.29433763  0.91441464 -0.8887531  -0.9117976  -0.14838384]
OCCOCCN1CCN(C(c2ccccc2)c2ccccc2)CC1,[-0.06230945  0.04643762 -0.75047934 -0.6135149   0.29781944]
NC(=S)Cc1cccc2ccccc12,[-0.00752129 -0.11866155 -0.5590861  -0.9398581  -0.22168003]
CCCCOC(=O)CC(SC(CC(=O)OCCCC)C(=O)OCCCC)C(=O)OCCCC,[-0.10327557  0.49567467 -0.6017842  -0.0272627   0.2285318 ]
CCC(C)c1ccc(Oc2ccc(C)cc2CC(=O)O)c(Cl)c1,[ 0.49862623  0.8940081  -0.15371473 -0.70273453 -0.3573874 ]
Cc1cnc(C)cn1,[ 0.34798133 -0.70593107 -1.         -1.          0.14956371]
CC#CN(CC)CC,[ 0.162675    0.5042595  -0.7976689  -0.70909923 -0.2462244 ]
CCC(C(=O)N1CCCCC1C(=O)OC(CCc1ccc(OC)c(OC)c1)c1cccc(OCC(=O)NCCNC(=O)COc2cccc(C(CCc3ccc(OC)c(OC)c3)OC(=O)C3CCCCN3C(=O)C(CC)c3cc(OC)c(OC)c(OC)c3)c2)c1)c1cc(OC)c(OC)c(OC)c1,[ 0.2739547  -0.82742584 -0.73135996 -0.0046596  -0.28136733]
CCCCC(CC)CNC1CCCCC1,[-0.32796752 -0.73387533 -0.857743   -0.11341732 -0.31689525]
Nc1cccc(N)c1,[ 0.26532418  0.9588484   0.19135973 -0.6030117  -0.21158952]
c1cc(-c2ccc3nc(Nc4ccc(OCCN5CCCC5)cc4)ncc3c2)ccn1,[ 0.22503406  0.8996114  -0.76411736 -0.6258399   0.33607388]
ClC1=C(Cl)C(Cl)(C2(Cl)C(Cl)=C(Cl)C(Cl)=C2Cl)C(Cl)=C1Cl,[-0.10155441  0.7720917  -0.8438777  -0.68577206  0.21169046]
Oc1nc(-c2ccccc2)nc2ccccc12,[ 0.26394022  0.62560576 -0.999975   -0.6954115  -0.582008  ]
CCN(CC)CCCCCCCCCCNC(=O)Oc1ccc2c(c1)C1(C)CCN(C)C1N2C,[ 0.383341    0.62157506  0.18101445 -0.17577718  0.13738808]
CC(O)C(Cl)(Cl)Cl,[-0.19739614  1.         -0.5286287   0.07906526  0.43219966]
CCCCCCCCCCCC(=O)OCC(O)C1OCC(O)C1O,[ 0.12621026  0.5159404  -0.7950085  -0.27071437 -0.10188535]
C[NH+](CCOc1ccc(NS(C)(=O)=O)cc1)CCc1ccc(NS(C)(=O)=O)cc1,[ 0.56052315  0.8626663  -0.8665936  -0.6423976  -0.11068746]
CC(C)[N+](=O)[O-],[ 0.5234567   0.8243795  -0.74687934 -0.5692072  -0.7781593 ]
CC(=O)OC(C)OC(=O)C(C)c1ccc(-c2ccccc2)c(F)c1,[ 0.21850893  0.5027074  -0.75502485 -0.6125378   0.8837498 ]
N[C@H]1CCN(c2c(Cl)cccc2/C=C2\SC(=O)NC2=O)C1,[-0.03537327  0.78377795 -0.7114545  -0.88734716 -0.18101107]
O=c1c(Cl)c(Cl)cnn1-c1ccccc1,[ 0.3406513   0.9422142  -0.73111826 -0.21228667 -0.04260885]
CC(=O)N[C@H](C)C(=O)NCCc1ccccc1,[-0.01611105  0.25700903 -0.56791675 -1.         -0.14561981]
COc1ccc2ncc(F)c(CCN3CCC(NCc4cc5c(cn4)OCCO5)CC3)c2n1,[ 0.07239086  0.83398366  0.7423508  -0.90402144 -0.21409766]
O=C(Cc1ccc(OCc2ccccc2)cc1)NO,[ 0.4912863   0.762484   -0.923229   -0.6175407  -0.09694503]
CCOP(=O)(Cl)Cl,[ 0.41045204  0.88988376 -0.83027273 -0.2955243   0.1374943 ]
C=CC(=O)OCCOC(=O)c1ccc(C(=O)O)cc1C(=O)O,[-0.02615836  0.18118548  0.4923167  -0.30998746 -0.32995656]
CCC1(CC)C(=O)NCC(C)C1=O,[ 0.22858506 -0.7028146  -0.34952748 -0.7665044   0.11332881]
CC1(C)SCN(C(=O)C2(Oc3ccc(Cl)cc3)CCCCC2)C1C(=O)O,[ 0.15161668  0.5586558  -0.876754   -0.6111846  -0.41386235]
Cc1cc(Nc2nc(N[C@@H](C)c3ccc(F)cn3)c(C#N)nc2C)n[nH]1,[-0.1583806  -0.26483116 -0.67123693 -0.3501574   0.13160974]
C=CCc1ccccc1OCC(O)C[NH2+]C(C)C,[ 0.49151748  0.7893081  -0.2564834  -0.73635304 -0.4714675 ]
COP(=S)(OC)SCc1nnc(C(C)C)o1,[-0.17533068  0.9968273  -0.6559494  -0.855082   -0.268778  ]
CC(C)CCI,[ 0.44343153  0.8546572  -0.68122375 -0.60367805 -0.17860019]
CCC(=O)OCc1ccc(OC)cc1,[ 0.26055676  0.20134862 -0.5926276  -0.9495857   0.20993678]
Cc1ncc(CS)c(CO)c1O,[-0.05073742  0.5460644  -0.8279614  -0.90820605 -0.05813794]
COc1cc(N)c2c(c1N)C(=O)c1ccccc1C2=O,[ 0.26138037  0.5756994  -1.         -0.68212175 -0.21473849]
OCCOCCN1CCN(C(c2ccccc2)c2ccc(Cl)cc2)CC1,[ 0.56059647 -0.38328522 -0.61955297 -1.         -0.07828029]
CCOP(=O)(OCC)N(C)c1ccccc1,[ 0.41938493  0.8413107  -0.7497464  -0.17064638 -0.13878949]
CCCCc1nc(Cl)c(CO)n1Cc1ccc(-c2ccccc2-c2nnn[nH]2)cc1,[ 0.10248195  0.87736225 -0.65116256 -0.24087149  0.20638078]
CN(C)c1ccc(N=Nc2ccccc2)cc1,[ 0.02939417  0.7655036  -0.62617236 -0.67645544  0.6067672 ]
CCC1=C(C)CN(C(=O)NCCc2ccc(S(=O)(=O)[N-]C(=O)NC3CCC(C)CC3)cc2)C1=O,[-0.16353817  0.9623937  -0.6469632  -0.91574347 -0.20256816]
CCC(O)CO,[ 0.11437976  0.1014381  -0.6944973  -0.9863459   0.04616285]
CCCCOCCOCCCC,[ 0.4519179   0.63195515 -0.8458379  -0.98592895 -0.00879254]
O=C(Nc1cccc(Cl)c1)OCC#CCCl,[ 0.02127578  0.73604035 -0.89968365 -1.         -0.33144692]
CCOCCCO,[ 0.10569642 -0.10131576 -0.74192244 -0.1056789  -0.40438446]
CNC(=O)/C=C(/c1ccc2nc(N)n(S(=O)(=O)C(C)C)c2c1)c1ccccc1-c1cccc2ccccc12,[ 0.09279105  0.72137225 -0.78018063 -0.7238478  -0.1769817 ]
O=[N+]([O-])c1cc(C2CCCCC2)c(O)c([N+](=O)[O-])c1,[ 0.34155288  0.51612324 -0.46637237 -0.6057427   0.02268883]
CC(=O)C1(O)Cc2c(O)c3c(c(O)c2C(OC2CC(N4CC4)C(OS(C)(=O)=O)C(C)O2)C1)C(=O)c1ccccc1C3=O,[-0.07141725  0.96420985 -0.81162584 -0.5500108  -0.31841883]
C=CS(=O)(=O)CCCCCC,[ 0.31961763  1.          0.5775938  -0.8028963   0.04687103]
COc1cnc(-c2ccccc2C(F)(F)CNC(=O)c2ccc(COCC(F)(F)F)nc2)cn1,[-0.3062611  0.6677896 -0.2539504 -0.8976041 -0.1963678]
c1cc2c(c(N3CC[NH2+]CC3)c1)OCCO2,[ 0.6523242   0.5148514   0.42310464 -0.10876917 -0.17057635]
COc1cc(OC)c(S(=O)(=O)N2c3ccccc3CCC2C)cc1NC(=O)CSCC(=O)O,[-0.05297165  0.7192991  -0.63015115 -0.94341    -0.15436386]
CCON=C(CC)C1=C(O)CC(c2c(C)cc(C)cc2C)CC1=O,[-0.00653437  0.09139358 -0.44967473 -0.8660689  -0.09802476]
CCCSP(C)(=S)OP(C)(=S)SCCC,[-0.21620747  0.93058676 -0.8509782  -0.8662444  -0.18924433]
N=C(NN=Cc1ccc(Cl)cc1)NN=Cc1ccc(Cl)cc1,[ 0.4648433   0.7280469  -0.4873573  -0.6402428  -0.10385398]
CC(O)C#N,[-0.7758824   0.7610204  -0.13730022 -0.8799652  -0.31119034]
COP(=S)(OC)SCc1nc(N)nc(N)n1,[ 0.38520065  0.6920239  -0.8602208  -0.45135376  0.77788746]
O=C(O)C1N=C(c2ccccc2)c2cc(Cl)ccc2NC1=O,[-0.27098837  0.55440354 -0.7537875  -0.7917082   0.10674147]
C=CC(=O)OCCc1ccc(CC)cn1,[ 0.11972684  1.         -0.91640425 -0.9134653  -0.15414053]
CCN(N=O)C(C)OC,[ 0.75721234  0.8697918  -0.9745402  -1.          0.36256203]
O=[N+]([O-])c1cc(Cl)c2nc(C(F)(F)F)[nH]c2c1,[ 0.48696312  0.8200913  -1.         -0.9464479  -0.07364826]
CSCCC(OC(C)=O)C(=O)O,[ 0.25985232  0.7171985  -0.82253504 -0.7577053   0.31641275]
CC(COc1ccc(Cl)cc1Cl)C(=O)O,[-0.341618    0.81207424 -0.8287185  -0.72250235 -0.16917124]
CCC(C)(CC)c1cc(N)on1,[ 0.21377435  0.72161996 -0.6201403  -0.5266691   0.05727   ]
CCC1OC(=O)C(C)C(=O)C(C)C(OC2OC(C)CC([NH+](C)C)C2O)C(C)(OC)CC(C)C(=O)C(C)C2N(CCCCn3cnc(-c4cccnc4)c3)C(=O)OC12C,[-0.5731057   0.7468808  -0.67812264 -0.7212943  -0.02628362]
Cn1cncc1CN(CCN(Cc1ccccc1)S(=O)(=O)c1ccccn1)c1ccc(C#N)cc1,[-0.47594184 -1.         -0.52886975 -0.4721817   0.44161776]
CN(C)C(=O)N(C)N=O,[ 0.0985669   0.84808165 -0.7902634  -1.         -0.3470366 ]
CCc1nn(C2CCCC2)c2c1CCn1c(-c3cccs3)nnc1-2,[-0.0662246   1.         -0.9342903  -0.8997599   0.94660634]
Cc1c(Sc2ccc(Cl)cc2)c2c(-c3ccccc3)cccc2n1CC(=O)O,[ 0.3062148   1.         -1.         -0.8706549   0.30787426]
CCC(c1ccccc1)c1c(O)c2ccccc2oc1=O,[ 0.12371381  0.9122672  -0.9412721  -1.         -0.28409475]
O=C(C(F)(F)Cl)C(F)(F)Cl,[-0.09685565  0.9159497  -0.9937947  -0.5520342   0.4586013 ]
Fc1ccc(Br)cc1,[-0.3968088   0.7794586  -0.7847234   0.2823552   0.09063705]
CC(O)c1cccc(N)c1,[ 0.09843609  0.77654976 -0.8212937   0.40759283 -0.15356502]
COC(=O)c1cc([N+](=O)[O-])ccc1Cl,[ 0.19744377  0.8570019  -0.67698956 -0.82497936  0.06730845]
O=C(CO)N1CCC(c2[nH]nc(-c3ccc(Cl)cc3F)c2-c2ccncn2)CC1,[ 0.10738821  0.8288844  -1.          0.34855005  0.769032  ]
CCOC(=O)Nc1ccc(NCc2ccc(F)cc2)cc1N,[-0.4037449  -0.49787238 -0.90470105 -0.7065588  -0.06877716]
O=C1NC(=O)C(c2ccccc2)(c2ccccc2)C(=O)N1,[ 0.5777692   0.05858003 -0.7421587  -0.73106986 -0.13891093]
O=C(CCl)CCl,[ 0.06194538  0.8478985  -0.66744137 -0.9764759  -0.20852415]
CC(=O)c1c(C)c2cnc(Nc3ccc(N4CCNCC4)cn3)nc2n(C2CCCC2)c1=O,[-0.33808774  0.9647596  -0.8338497  -0.32575786 -0.16550626]
O=NN(c1ccccc1)c1ccccc1,[ 0.38804692  0.83701557 -0.7680342  -0.5864321  -0.16386876]
COC(=O)c1ccccc1N=NN(C)C,"[-7.7827781e-04  9.6208227e-01 -9.8564696e-01 -7.7699149e-01
 -2.5064486e-01]"
NC(=O)c1cnc(N[C@@H]2CCCC[C@@H]2N)nc1Nc1cccc(-n2nccn2)c1,[-0.5359427   0.8101927  -0.99566424 -0.7571876  -0.3155463 ]
O=C(O)COc1ccccc1,[-0.04521703  0.7901672  -0.90499026 -0.33565333 -0.25679266]
CNC(=N)c1cccc(CC(CC(=O)N2CCC(C(=O)O)CC2)NS(=O)(=O)c2ccc3ccccc3c2)c1,[ 0.24121009  0.05646812 -0.8198711   0.16246766 -0.21868491]
Cc1ccc(S(=O)(=O)N(C)C(=O)N2CCC(N3CCC(Oc4ccc(Cl)c(Cl)c4)CC3)CC2)cc1,[ 0.09212296 -0.79244614 -0.57254654 -0.61621994  0.04189219]
CC(C)(c1ccc(Oc2ccc(N)cc2)cc1)c1ccc(Oc2ccc(N)cc2)cc1,[-0.47210982  0.42348197 -0.9265778  -0.51058644 -0.01527781]
O=c1[nH]c2ccccc2n1CCC[NH+]1CCC(n2c(=O)[nH]c3cc(Cl)ccc32)CC1,[-0.17906262  0.6633451  -0.01451205 -1.         -0.3422124 ]
CN1CCCCC1CCN1c2ccccc2Sc2ccc(S(C)=O)cc21,[ 0.2884583  -0.7025416  -0.7720018  -0.50047666  0.65631187]
CN(C)C(=O)Oc1cccc2sccc12,[ 0.14728872 -0.1723663  -0.70261747 -0.73241913 -0.0604143 ]
CCCCCCCCCCCCCCCCCC(=O)Cl,[ 0.4522828   0.73123795 -0.7540538  -0.76285726 -0.53698987]
CC1(C)C2CCC1(C)C(O)C2,[ 0.02546949 -0.23154087 -1.         -0.57149893 -0.06965863]
c1ccc(C2CO2)cc1,[-0.50164545  0.81090355  0.3081991  -0.62444115  0.06164128]
C[C@@H](NC1=CC(=O)CC1)c1ccc(Nc2ncc3cc(-c4ccncc4)ccc3n2)cc1,[ 0.60217124 -0.04886215 -0.94663846 -0.3306963   0.16887812]
CCOP(=S)(OCC)SCSCc1ccccc1,[-0.1793664   0.88792354 -0.7614549  -0.7324081   0.02315469]
C#CCN(C)c1ccccc1OC(=O)NC,[ 0.32609424 -0.6955412  -0.7059495  -0.53591347 -0.2786844 ]
O=[N+]([O-])c1nccs1,[ 0.10327698  0.72659975 -0.94661987 -0.85289186 -0.13637818]
FCOC(C(F)(F)F)C(F)(F)F,[ 0.35286358  0.90560335 -0.8532562  -0.9302796   0.03466723]
COc1ccc(NC(=O)CF)cc1,[ 0.29499942  0.92687476 -0.5965942  -0.7158211  -0.09207822]
CCC(CCCCOC(=O)c1ccccc1)COC(=O)c1ccccc1,[ 0.42579368  0.78279674 -1.         -0.6676051  -0.0033355 ]
CNC(=O)c1cccc2c(Nc3ccc(NS(C)(=O)=O)cc3OC)c3cccc(C)c3nc12,[-0.4004201   0.8171844  -0.85449725 -0.72059214  0.482725  ]
CNC(=O)ON=C1CCCC1(C)C#N,[ 0.426562    0.8964592  -1.          0.09188192 -0.47761127]
C=CC(=O)OCCOCC,[ 0.31196806  0.43275142 -0.34356657  0.06459743  0.03027211]
CC(C)CON=O,[ 0.4236761   0.67556936 -0.37623808 -0.4671083  -0.25712156]
CCCSP(C)(=S)Oc1ccccc1,[ 0.08333348 -0.2471423  -0.64378273 -0.38101047  0.3495274 ]
Cc1cc(Sc2cc(C)c(O)c(C(C)(C)C)c2)cc(C(C)(C)C)c1O,[ 0.73385656  0.6164905   0.03758126 -0.4379788  -0.539973  ]
CCOC(=O)COc1ccc(C(=O)CN2CCN(C3CCN(C(=O)OCOC(=O)C(C)(C)C)CC3)CC2=O)cc1,[ 0.14851196  0.852057   -0.7628132   0.51457536 -0.143785  ]
COc1ccc(CC2c3cc(OC)c(OC)cc3CCN2C)cc1OC,[ 0.35358238  0.9296566  -0.7012144  -1.          0.02121373]
CCc1ccc2[nH]c(C(F)(F)F)nc2c1,[-0.14711042  0.03070723 -0.865975   -0.316825    0.5317858 ]
CCCCC(=O)N(Cc1ccc(-c2ccccc2-c2nnn[n-]2)cc1)C(C(=O)[O-])C(C)C,[-0.14231315 -0.40519986 -1.         -0.84047616  0.1305485 ]
CN[C@H](CC(C)C)C(=O)N[C@H]1C(=O)N[C@@H](CC(N)=O)C(=O)N[C@H]2C(=O)N[C@H]3C(=O)N[C@H](C(=O)N[C@H](C(=O)O)c4cc(O)cc(O)c4-c4cc3ccc4O)[C@H](O)c3ccc(c(Cl)c3)Oc3cc2cc(c3O[C@@H]2O[C@H](CO)[C@@H](O)[C@H](O)[C@H]2O[C@H]2C[C@](C)(N)[C@H](O)[C@H](C)O2)Oc2ccc(cc2Cl)[C@H]1O,[ 0.18220553  0.7126932  -0.9886895  -0.47900254  0.36117306]
C[C@@H](NC(=O)C1CCCCN1C)c1ccc(Nc2ncc3cc(-c4ccncc4)ccc3n2)cc1,[ 0.04580823  0.98737544 -0.7966071  -0.66735244  0.13272949]
Cc1c(Cl)c([N+](=O)[O-])c2[nH]c(C(F)(F)F)nc2c1[N+](=O)[O-],[ 0.07615     0.5013395  -0.3699896  -0.67010146 -0.03197566]
CC1CCCCOC1=O,[ 0.6295813   0.1115668  -0.31550997 -0.85718715 -0.317366  ]
C=CC(=O)NCNC(=O)C=C,[ 0.5726504   0.8648344  -0.47585115 -1.         -0.00774404]
CNc1c(C(N)=O)cnc2[nH]c(-c3ccc(OCCN4CCOCC4)cc3)nc12,[-0.09447009  0.7822267  -0.7465672  -0.48745915  0.7737272 ]
CC(C)(C)[NH2+]CC(O)c1cc(O)cc(O)c1,[-0.01965864  0.20491777 -0.8023459  -0.89494103  0.10573716]
CC(C)CCC(C)Nc1ccc(Nc2ccccc2)cc1,[-0.18862855  0.7190527  -0.5502378  -0.8743513  -0.2795435 ]
COCC(=O)O[C@]1(CCN(C)CCCc2nc3ccccc3[nH]2)CCc2cc(F)ccc2[C@@H]1C(C)C,[-0.18266152  0.7891969  -0.54309934  0.08813119  0.50690347]
C[C@H](CO)Nc1nc(SCc2cccc(F)c2F)nc2nc(N)cnc12,[ 0.4953899   0.211872   -0.6699373  -0.79156756 -0.2520525 ]
CCC(C)OC=O,[ 0.47183052  0.7249448  -1.         -0.5133665  -0.7773414 ]
CCOc1cc(OCC)c(C(=O)CCC(=O)O)cc1OCC,[-0.03040257  0.89860064 -1.         -0.74144244 -0.41634023]
C=C(C)c1cccc(C(C)(C)N=C=O)c1,[ 0.10102724  0.8500739  -0.179207   -0.63979375 -0.08466603]
C[C@H](Cn1cnc2c(N)ncnc21)OCP(=O)(O)O,[-0.08458756 -0.03907516 -0.74590164 -0.7750943   0.48266825]
N#Cc1ccc2[nH]c(C(F)(F)F)nc2c1,[ 0.02252521  0.784065   -0.916752   -0.77330005 -0.31781188]
C=C1CC23CC1(O)CCC2C12C=CC(O)C(C)(C(=O)O1)C2C3C(=O)O,[ 0.3154596   0.0422895  -0.40827096 -0.599326   -0.09858048]
CN(C)C1C(O)=C(C(N)=O)C(=O)C2(O)C(O)=C3C(=O)c4c(O)cccc4C(C)(O)C3C(O)C12,[ 0.04552453  0.9945219  -0.7205624  -0.74619836  0.69992805]
Cc1ccc(S(=O)(=O)Nc2c(C(=O)NC3CCCCC3)c(C)nn2-c2ccccc2)cc1,[ 0.59259105  0.95739955 -1.         -0.7177116   0.01856141]
CC(C(O)c1ccc(O)cc1)[NH+]1CCC(O)(c2ccccc2)CC1,[ 0.00846583  0.8223904  -0.5332991  -0.7718957   0.07064183]
C/C=C/CC(C)C(O)C1C(=O)NC(CC)C(=O)N(C)CC(=O)N(C)C(CC(C)C)C(=O)NC(C(C)C)C(=O)N(C)C(CC(C)C)C(=O)NC(C)C(=O)NC(C)C(=O)N(C)C(CC(C)C)C(=O)N(C)C(CC(C)C)C(=O)N(C)C(C(C)C)C(=O)N1C,[-0.11542034  0.83437145 -0.65864056 -1.         -0.17751719]
C[C@@H]1NC(=O)[C@H](C)N(C)C(=O)[C@@H](C)N(C)C(=O)[C@H](C)NC(=O)[C@@H](C)NC(=O)[C@@H](C)N(C)C1=O,[ 0.1483427   0.80525964 -0.7518267  -0.70744914 -0.15240398]
Cc1cnc(C(=O)c2ncnc3[nH]ccc23)c(NS(=O)(=O)c2ccc(Cl)c(C(F)(F)F)c2)c1,[-0.02455246  0.6976116  -0.7751967  -0.8175616  -0.00244266]
COCCN(C(=O)CCl)c1c(C)cccc1C,[-0.35307914  0.5441658  -0.8267758  -0.6701627   0.16667002]
CCCNC(=N)C(OCC)c1ccccc1,[ 0.4905796   0.7685856  -0.8047402  -0.78742814 -0.32441974]
C=CC(=O)Nc1ccc(O)cc1,[-0.21355703  0.8759316  -0.86677057 -1.         -0.21953706]
O=CNC(N1CCN(C(NC=O)C(Cl)(Cl)Cl)CC1)C(Cl)(Cl)Cl,[ 0.34975624  0.9492035  -0.723295   -0.90622157 -0.10763716]
CC[C@H](C)[C@H](NC(=O)[C@H](CCC(=O)[O-])NC(=O)[C@H](CCC(=O)[O-])NC(=O)[C@H](Cc1ccccc1)NC(=O)[C@H](CC(=O)[O-])NC(=O)CNC(=O)[C@H](CC(N)=O)NC(=O)CNC(=O)CNC(=O)CNC(=O)CNC(=O)[C@@H]1CCCN1C(=O)[C@H](CCCNC(N)=[NH2+])NC(=O)[C@@H]1CCCN1C(=O)[C@H]([NH3+])Cc1ccccc1)C(=O)N1CCC[C@H]1C(=O)N[C@@H](CCC(=O)[O-])C(=O)N[C@@H](CCC(=O)[O-])C(=O)N[C@@H](Cc1ccc(O)cc1)C(=O)N[C@@H](CC(C)C)C(=O)[O-],[-0.11399617  0.247268   -0.41866732 -0.6508196  -0.06367203]
C=CCNC(=S)Nc1ccccc1,[-0.08032212 -0.69296324 -0.6825362  -0.7547327   0.03059851]
CSc1ccc(C(=O)c2[nH]c(=O)[nH]c2C)cc1,[ 0.22178827  0.8071528  -0.93712187 -1.          0.8228085 ]
O=C(NC(CCc1ccc2c(c1)OCO2)CCc1ccc2c(c1)OCO2)c1ccc(Cl)cc1,[ 0.48166415  0.55978686 -0.76483107 -0.5830297   0.01482723]
CN(CCOc1ccc(CC2SC(=O)NC2=O)cc1)c1ccccn1,[-0.59128517  0.8033461   0.576574   -0.59843856  0.13628116]
COc1ccc2ccc(=O)n(CCN3CCC(NCc4cc5c(cn4)OCCO5)CC3)c2n1,[ 0.02580027  0.70165366 -0.7816572  -0.6034297   0.0453165 ]
Cc1ccsc1C(=CCC[NH+]1CCCC(C(=O)[O-])C1)c1sccc1C,[-0.08969025  0.5632321  -0.7265916  -1.          0.58888364]
COc1ccc(CC(C)=O)cc1,[ 0.19554257  0.3149995  -0.47492427 -0.5604303   0.26834527]
CC(=O)NCCCS(=O)(=O)[O-],[ 0.22362763  0.11190429 -0.36393118 -0.76375985  0.5557685 ]
