NC(=O)N1C(=O)C(C(=O)c2cccs2)c2cc(Cl)ccc21,[-0.07937518  0.7614309  -0.90931416 -0.4739835  -0.293979  ]
Cc1cc(Nc2nc(N[C@@H](C)c3ncc(F)cn3)nc(N3CCOCC3)c2F)n[nH]1,[ 0.12190401  0.76404256 -0.53509504 -0.9688223  -0.15538236]
Oc1c(Cl)c(Cl)cc2[nH]c(C(F)(F)F)nc12,[ 0.3572789  0.8452631 -0.780128  -0.5761802  0.178063 ]
CC(CC(=O)OC(C)(C)C)NC(=O)C1=NOC(C(O)(C(F)(F)F)C(F)(F)F)C1,[ 0.05917867  0.719789   -0.8928259  -0.3986973   0.1381152 ]
Nc1ncc2cc(-c3c(Br)cccc3Br)c(N)nc2n1,[ 0.41896856  0.88917404 -0.68542355 -0.06776772 -0.16748355]
Cc1ncccc1Oc1ncnc(OC2CCN(C(=O)OC(C)C)CC2)c1C,[ 0.22361936  0.723816   -0.70640135 -0.9943002  -0.3799432 ]
CON=C(Cc1cccnc1)c1ccc(Cl)cc1Cl,[ 0.5153212   0.63598293 -0.6345164  -0.35167763  0.22860307]
O=C(COc1ccc(Cc2ccc(Cl)cc2)cc1)OCc1cccnc1,[-0.31836185  0.83004093 -0.85649866 -0.67283237 -0.05231471]
Oc1c(O)c(-c2c(Cl)c(Cl)c(Cl)c(Cl)c2Cl)c(Cl)c(Cl)c1Cl,[ 0.9305928   0.6684861   0.93075985  0.40539175 -0.20797683]
C=CCN(C(=O)Cn1nc(C)ccc1=O)C(C)Cc1ccccc1,[ 0.33540368  0.6395991  -0.7550349  -0.8568131  -0.2851189 ]
CCc1ccc2[nH]c(C(F)(F)F)nc2c1,[ 0.43538266 -0.39317337 -1.         -0.86951053  0.05396316]
CCCc1c(OCc2cccn3c(=O)c(CCC(=O)O)cnc23)ccc(C(C)=O)c1O,[-0.0237475   0.7980548  -0.45753303 -0.85998535 -0.35880637]
CCC(C)c1ccc(Oc2ccc(C)cc2CC(=O)O)c(Cl)c1,[ 0.42403358  0.92738783 -0.5598217  -0.5714054  -0.35109064]
CNC(=O)ON=C1CCCC1(C)C#N,[ 0.02696998  0.71145296 -0.83872813 -0.47647804 -0.37761068]
COC(CN1CCN(CCC(O)c2ccccc2)CC1)c1ccccc1,[ 0.04152589  0.9069471  -0.88643324 -0.92540914 -0.39435393]
C=CC(=O)OCCOCCC#N,[ 0.16218074  0.8079696  -0.8037295  -0.91130763 -0.05891471]
C[N+](C)(C)[NH2+]CCC(=O)[O-],[ 0.11885118  0.7013264  -1.         -0.91505694  0.13107005]
S=c1[nH]cnc2nc[nH]c12,[-0.25623262  0.29706764 -1.         -0.9132927  -0.16234298]
Cc1cc(-n2c(C)nc3ccccc3c2=O)n(-c2ccccc2)n1,[ 0.41550818  0.55790585 -0.5961091  -0.98942643 -0.342504  ]
CCS(=O)CCSP(=O)(OC)OC,[ 0.15463269  0.88377404  0.6260614  -0.8040106   0.28479826]
CC(C)=CC1C(C(=O)OC(C#N)c2cccc(Oc3ccccc3)c2)C1(C)C,[-0.08048332  0.21574193 -0.7789396  -0.8274698   0.08689795]
CCOC(=O)CCC1(CCC(=O)OCC)c2ccccc2-c2ccccc21,[-0.16869317  0.790214   -1.         -0.7523741  -0.25774047]
COc1cc(C2c3cc4c(cc3C(OC3OC5COC(C)OC5C(O)C3O)C3COC(=O)C23)OCO4)cc(OC)c1O,[-0.2388567   0.08149819 -0.89593637  0.16589527 -0.44045877]
NCC(O)CO,[ 0.08582144  0.90522397 -0.90021425 -0.65031    -0.42159748]
C[N+](C)(C)CC(O)CC(=O)[O-],"[-3.8990568e-04  9.3605590e-01 -8.2437313e-01 -5.2131629e-01
 -1.3606015e-01]"
CCOC(=O)C1OC1c1ccccc1,[ 0.3196166   1.         -0.92236716 -0.8200895  -0.07356824]
CCC(=O)N(c1ccccc1)C1CCN(CCc2ccccc2)CC1,[-0.17673771  0.37510318 -0.649524   -0.68095565 -0.0702433 ]
CCOC(=O)C(CCc1ccccc1)NC(C)C(=O)N1C(C(=O)[O-])CC2CCCCC21,[ 0.35610405  0.84332174 -0.21445554  0.0356241  -0.14995696]
O=C(OCC1CO1)c1ccccc1C(=O)OCC1CO1,[ 0.25085098  0.2965421  -0.6170666   0.8287549   0.1797735 ]
C=CCNC(=S)Nc1ccccc1,[-0.23249026 -1.         -0.77990127 -0.22374186 -0.08022231]
COc1ccc2c(O[C@@H]3C[C@H]4C(=O)N[C@]5(C(=O)NS(=O)(=O)C6CC6)C[C@H]5/C=C\CCCCN(C)C(=O)[C@@H]4C3)nc(-c3ccc(F)cc3)nc2c1C,[ 0.4551226   0.636283   -1.         -0.8241905   0.08108892]
[NH3+]CC1CCC(C(=O)[O-])CC1,[ 0.5628592   0.86340564 -0.20705435 -0.542816   -0.19142766]
CCNC(=O)CSP(=S)(OC)OC,[ 0.41234848  0.93132263 -0.7456457  -0.90758    -0.18007684]
CC(C)OP(=S)(OC(C)C)SCn1nc(Cl)ccc1=O,[-0.38862872  0.9093151  -0.2702138   0.36667332 -0.13667008]
CCc1nc(N)nc(N)c1-c1ccccc1,[ 0.4757157   0.4537384  -0.8264538  -0.8531283  -0.09791978]
CS(=O)(=O)c1ccc(C(O)C(COC(=O)C[NH3+])NC(=O)C(Cl)Cl)cc1,[ 0.13872318  0.82748127 -0.64485043 -0.48787206  0.19397967]
COCCOC(=O)CC#N,[ 0.17295203  0.8959947  -0.64112127 -0.60264754 -0.13540041]
CC(CN1CC(=O)NC(=O)C1)N1CC(=O)NC(=O)C1,[-0.26846516  0.7152866  -0.9854872  -0.9185752  -0.10928208]
COP(=S)(Cl)OC,[ 0.33020872  0.7625205  -0.8269006  -0.5283564  -0.47603416]
Fc1cc2nc(C(F)(F)F)[nH]c2cc1Cl,[ 0.36340052  0.9000682  -0.7486522  -0.7712864  -0.25931418]
Cc1ncsc1C,[-0.2833485   0.67575204 -0.79169244 -0.8450933   0.36755842]
C#CCN(C)c1ccccc1OC(=O)NC,[ 0.24831377 -0.72346586 -0.8373954  -0.58252966 -0.13138239]
C=CC(=O)OC1CC2CCC1C2,[ 0.05589171 -0.3900421   0.06450063 -0.11699016 -0.4049672 ]
Cc1ccn(C(=O)NCCCCCCCl)n1,[ 0.10625149 -0.04599774 -0.5459833   0.04163353  0.9208522 ]
Cc1cn([C@H]2CCCN([C@H](CC(C)C)c3ccc(C(=O)O)c(Oc4cccc(Cl)c4)c3)C2)c(=O)[nH]c1=O,[-0.12660533  0.8378667  -0.8322552  -1.         -0.5660045 ]
O=C1NC(c2ccc(Br)cc2)Nc2ccccc21,[ 0.44241047  0.88813126 -0.7684637  -0.47730353 -0.30000502]
CC(C(=O)O)c1ccc(C(=O)c2cccs2)cc1,[-0.68980587 -0.5441889  -0.4409219   0.14910546 -0.14848225]
CCOC(=O)COc1ccc(C(=O)CN2CCN(C3CCN(C(=O)OCOC(=O)C(C)(C)C)CC3)CC2=O)cc1,[-0.04221911  0.8702066  -0.95607656  0.413415    0.44295758]
Cc1ccc(S(=O)(=O)Nc2c(C(=O)N[C@@H](C)C(C)(C)C)c(C)nn2C(C)C)cc1,[-0.38519698  1.         -0.8505508  -0.95505196 -0.39532882]
C1=CC2C3C=CC(C3)C2C1,[ 0.22790687  1.         -0.65969926 -0.5529808  -0.12691739]
CC(=O)c1ccc2c(c1)N1C(=O)OCC1CC2,[ 0.3019662   0.6563162  -0.97521555 -0.8765904   0.6702433 ]
CC(C)Cn1c(=O)n(C)c(=O)c2c(C(=O)N3CC[C@@H](O)C3)c(Cc3c[nH]c4ccccc34)sc21,[ 0.32050014  0.91924906 -0.7471829  -0.45972154  0.30119324]
CNC(=N)c1cccc(CC(CC(=O)N2CCC(C(=O)O)CC2)NS(=O)(=O)c2ccc3ccccc3c2)c1,[-0.25714988  0.637733   -0.44895622 -0.08042043 -0.02279232]
CCOP(=S)(OCC)OC(C)CC,[-0.14936115  0.25952893  0.522571   -0.56697804 -0.37680843]
O=CC1=CCCCC1,[ 0.3447061   1.         -0.36165643  0.28735244 -0.07950836]
CN=C=S,[ 0.41353154  0.32885006 -0.77233803 -0.04812239  0.07631285]
C=CN(CC)C(C)=O,[-0.03448907  0.82343864 -0.6553004  -0.7939752  -0.57421464]
COc1cc(OC)c(S(=O)(=O)NCc2ccccc2N2CCCCC2)cc1NC(=O)CCC(=O)O,[ 0.6047509   0.8219039  -0.9055901  -0.9636028  -0.07337649]
C1=CCCC=CCCC=CCC1,[-0.22377485  0.7947015  -0.768914   -0.87762034 -0.25434062]
Cc1cnc(NC(=O)C2=C(O)c3ccccc3S(=O)(=O)N2C)s1,[ 0.27667788 -0.42149314 -0.8713388  -0.96926546 -0.13933337]
OC[C@@H]1CC[C@H](n2cnc3c(O)ncnc32)O1,[ 0.4143116   0.5822571  -0.9184928  -0.01159221  0.05622272]
CCN(CC)N=Nc1ccccc1,[ 0.42897156  0.9340532  -0.7758388  -0.6005024  -0.30440995]
CNNC,[ 0.36235523  0.8247611  -0.7544852  -0.6023692   0.00761634]
Cc1c(Sc2ccc(Cl)cc2)c2c(-c3cnccn3)cccc2n1CC(=O)O,[-0.13194896  0.51452327 -0.5387831  -1.          0.14350915]
ClCC(Cl)=C(Cl)Cl,[ 0.5183138  0.6206118 -0.6449593 -0.7103346 -0.1943363]
CCCOP(=O)(SCCC)SCCC,[-0.5143182  -0.3349419   0.06328899 -0.95305866 -0.05963426]
OCCOCCCl,[ 0.07861855  0.8524513  -0.87858546 -1.         -0.31469086]
C=CC(=O)OCCCCCCOC(=O)C=C,[ 0.46531418  0.676222   -0.51041913 -0.7646131  -0.26860374]
CC(C)(C)CC(=O)Nc1c(F)cc(C(=O)Nc2nccs2)cc1F,[ 0.4215853   0.81366473  0.3353386  -0.33276972  0.20468368]
NC(=O)c1cnc(N[C@@H]2CCCC[C@@H]2N)nc1Nc1cccc(-n2nccn2)c1,[-0.16845602  0.8717513  -0.87556964 -0.81655276  0.24492541]
C#CC(C)(C)NC(=O)c1cc(Cl)cc(Cl)c1,[ 0.16823243  0.77172893 -0.7779642  -0.9965191  -0.26441708]
C/C=C(/C)C(=O)O[C@H](c1cc2ccc(=O)oc2cc1OC)[C@H](O)C(C)(C)O,[ 0.3213831  1.        -0.9164909  0.554794  -0.6196516]
Oc1ccc2[nH]c(C(F)(F)F)nc2c1,[ 0.07785884  0.82200336 -1.         -0.68405366 -0.22711168]
C=CN(C)N=O,[ 0.3745382   0.4528588  -0.6429664  -0.26120272 -0.37446323]
CC(COc1ccc(Cl)cc1Cl)C(=O)O,[-0.09249604  0.88921666 -0.98884606 -0.95907164  0.5050356 ]
CCC(C)c1ccccc1,[ 0.35048836  0.91938335 -1.         -0.33607322 -0.3525298 ]
CCOP(=S)(OCC)Oc1cccc(F)n1,[ 0.57202643  0.78178805 -0.27315557 -0.44339898  0.6555753 ]
NCCCNCCSP(=O)(O)O,[ 0.28359374  0.87345433 -1.         -0.784604   -0.27199507]
CN(C)CC/C=C1/c2ccccc2COc2ccc(CC(=O)O)cc21,[ 0.3231726   0.12863584  0.4982014  -0.828763   -0.17175514]
[NH3+]C(C(=O)NC1C(=O)N2C(C(=O)[O-])=C(CSc3c[n-]nn3)CSC12)c1ccc(O)cc1,[ 0.02955633  0.95884186 -0.32588536 -0.89135593  0.1918735 ]
CN1CCC(=C2c3ccccc3Sc3ccccc32)CC1,[ 0.09576209  0.8471183  -0.8382212  -0.644459   -0.11452623]
CCn1cc(C(=O)O)c(=O)c2cc(F)c(N3CCN(C)CC3)cc21,"[-2.3791759e-04  8.9305764e-01 -8.3961171e-01 -5.5563343e-01
  5.5220062e-01]"
Cc1cc(-c2ccc(Cl)c(C(=O)NCC3(O)CCCCCC3)c2)nn1C[C@H](O)CN,[ 0.21918833  0.41389623 -0.8392312  -0.74576354  0.03552109]
CC(C)(C#N)C(C)(C)C#N,[ 0.16550355  0.98113203 -0.94652534 -0.80251586 -0.37420288]
FC1(F)CC(C2CC3(Cl)C(Cl)=C(Cl)C2(Cl)C3(Cl)Cl)C1(F)F,[ 0.53712595  0.3437699  -0.85644144 -0.23467061 -0.3594287 ]
O=C1c2ccccc2N(C(=O)CN2CCOCC2)CN1c1ccccc1,[ 0.37659353  0.44290432 -0.82336867  0.14358173 -0.01173216]
CC1CCC(C(C)C)C(O)C1,[ 0.07737925  0.907282   -1.         -0.86881775 -0.05234579]
CC1CCC(N)CC1N,[-0.04497306  0.9271547  -0.59441304  0.37346113 -0.13853772]
N#Cc1cc(Br)c(O)c(Br)c1,[ 0.51240134  0.44387963 -0.43944    -0.68227726  0.66488665]
CCCCCCOCCOCCO,[ 0.39318576 -0.2515558  -1.          0.21781603  0.34680572]
CC(C)(C)OC(=O)N1CCN(c2ncc(OCc3ccncc3)cn2)CC1,[ 0.10603423  0.9890222  -0.4119489  -0.47243455 -0.26471284]
CCC(=O)CC,[-0.07909526  0.7344636  -0.9535841  -0.7769033  -0.15776269]
CC(=O)N1CCN(c2ccc(OC[C@H]3CO[C@](Cn4ccnc4)(c4ccc(Cl)cc4Cl)O3)cc2)CC1,[ 0.31864327  0.9121479  -0.2592029  -0.83853567 -0.07392455]
C[C@@](N)(Cc1ccc(O)c(O)c1)C(=O)O,[ 0.22849682  0.79617906 -0.6552686  -0.7508263  -0.08898699]
CCC(C)C(CC)C(N)=O,[ 0.28605723  0.8337759   0.736386   -0.48793653 -0.4290269 ]
CN(c1ccc(F)cc1F)c1c([N+](=O)[O-])cc([N+](=O)[O-])cc1C(F)(F)F,[-0.19212021  0.4262751   0.10690244 -0.41571194  0.4836272 ]
O=[N+]([O-])c1ccc(O)c(CNCCO)c1,[ 0.5143086   0.79821134 -1.         -0.5051672   0.19863918]
COP(=S)(OC)SCc1nnc(SC)s1,[ 0.22399788  0.38957152 -0.32463375 -0.7910938   0.06041567]
Cc1c(-c2c(C)c(N)c3c(C(C)C)c(O)c(O)c(C=O)c3c2O)c(O)c2c(C=O)c(O)c(O)c(C(C)C)c2c1N,[-0.11602827 -0.7936767  -0.29012626 -0.3744033   0.07860151]
Cc1cnc(-c2cc(NC(=O)c3ccc(C(F)(F)F)nc3C)ccc2Cl)[nH]1,[ 0.3193313 -0.5444671 -0.988076  -0.6187764 -0.0418961]
CON(C)C(=O)Nc1ccc(Cl)cc1,[ 0.10085416  0.80050933 -0.36142257 -0.87151533 -0.12349829]
Cc1cccc(N)c1C,[-0.06643431  0.8844447   0.35311732 -0.3494965  -0.20931175]
C1CSCCO1,[ 0.31224248  0.41986224 -0.70922405  0.12310945 -0.07426069]
CNC(=O)Nc1nnc(C(C)(C)C)s1,[-0.52153206  0.17535165 -0.7704302  -0.57884246 -0.08262756]
CCOC(=O)CCN(SN(C)C(=O)Oc1cccc2c1OC(C)(C)C2)C(C)C,[-0.5189105   0.8628032  -0.7231747  -0.7638611  -0.10731316]
CCC(O)CO,[ 0.06003874  0.7418334  -0.95526206 -0.35714787 -0.19283418]
CC1CC(=O)CC(C)O1,[ 0.10652216 -0.30311528 -0.65451956 -0.72477394 -0.26450974]
OCc1ccccc1,[ 0.5154203   1.         -0.6319834  -0.2413944   0.14077066]
O=C(O)c1cccc(Cl)n1,[ 0.15913647 -0.09439841 -0.59537977 -0.7932859   0.27926105]
COC(C)C=O,[-0.32086465  0.73538524 -0.86566675 -0.8842711   0.44493994]
CCC(C(=O)N1CCCCC1C(=O)OC(CCc1ccc(OC)c(OC)c1)c1cccc(OCC(=O)NCCNC(=O)COc2cccc(C(CCc3ccc(OC)c(OC)c3)OC(=O)C3CCCCN3C(=O)C(CC)c3cc(OC)c(OC)c(OC)c3)c2)c1)c1cc(OC)c(OC)c(OC)c1,[ 0.23218025 -0.78971577 -0.6142758   0.10652521 -0.04097874]
O=C(CCl)OCCOCCO,[ 0.08522466  0.4097486  -0.84364104 -0.76534766 -0.06861271]
CC(C)=CCl,[-0.3411552   0.3639565  -0.7748684  -0.64255005  0.26596463]
COc1ccc2ncc(F)c(CCN3CCC(NCc4cc5c(cn4)OCCO5)CC3)c2n1,[-0.20047534  0.8616702   0.2676037  -0.74263394  0.73846555]
CC(C)(C)NC(=O)NCCN1CCCC(NC(=O)c2cc(Cl)cc(Cl)c2)C1,[ 0.37560582  0.62887704 -0.5414411  -0.4826879  -0.27760994]
CCOC(=O)C=Cc1ccc(Cl)cc1,[ 0.15178157 -0.02795006 -0.75751394 -0.1310575   0.2024646 ]
Nc1cc2c(cc1C1CCCCC1)CCC2C(=O)O,[-0.12941933  1.         -0.9891012  -0.07692828 -0.15995564]
Cc1ccc(N=C=O)cc1N=C=O,[ 0.19920304  0.35987583 -0.7840395  -0.9236974   0.07831952]
OCCN(CCO)CCO,[-0.29334813  0.5666291  -0.64126575 -0.81597656 -0.1992825 ]
O=[N+]([O-])N1CN([N+](=O)[O-])CN([N+](=O)[O-])C1,[ 0.16693497  0.9694142  -1.         -0.71963996 -0.44905913]
N=C(N)Nc1nc(CSCCC(=N)NS(N)(=O)=O)cs1,[ 0.41633835  0.517828   -0.70388633 -0.7407199  -0.11567955]
O=[N+]([O-])c1ccc(Nc2ccccc2)c(S(=O)(=O)O)c1,[ 0.15432876  0.58584577 -0.98831415 -0.7943192  -0.03024407]
CCC(C(=O)O)c1ccc(CC(C)C)cc1,[-0.1063841   0.7421811  -0.6376304  -0.73965013 -0.06200365]
O=C(CSc1nc2c(c(=O)n1-c1ccccc1)SCC2)Nc1ncc(-c2ccccc2)s1,[ 0.29821387  0.863803   -0.8443229  -0.5403775  -0.07963108]
CNC(=O)c1cccc2c(Nc3ccc(NS(C)(=O)=O)cc3OC)c3cccc(C)c3[nH+]c12,[ 0.32058722  0.69856554 -0.6790728   0.16581339 -0.23076326]
COC(=O)C1=C(C)NC(C)=C(C(=O)OCCN(C)Cc2ccccc2)C1c1cccc([N+](=O)[O-])c1,[ 0.15024951  0.81922394 -0.8218283  -0.9026417   0.39282045]
O=c1n(CC2CO2)c(=O)n(CC2CO2)n1CC1CO1,[ 0.20995273  0.02403369 -1.         -1.         -0.42679882]
C=CC(=O)N(C)C,[ 0.6580431   0.78164357 -0.20073617 -0.5954027  -0.17752877]
Cc1ccc([N+](=O)[O-])cc1,[ 0.42465147  0.46758372 -0.83798385 -0.5397676  -0.08870461]
CCCCCCCc1ccccc1O,[-0.08179504  0.24969468 -0.6392318  -0.80244267 -0.23001203]
OCC(O)C(O)C(O)CO,[ 0.21589385  0.88043666 -0.31901422  0.14749058  0.17284095]
CC(=Cc1ccccc1)CC(=O)N1CCOCC1,[ 0.27856195  1.         -1.         -0.5471434  -0.03369709]
C=CC(=O)OCCOC(=O)c1ccc(C(=O)O)cc1C(=O)O,[-0.09522826 -0.19842525 -0.48896194 -0.581476   -0.13678548]
COCc1ccc2c(C(C(=O)NS(=O)(=O)c3ccc(C)cc3OC)c3ccc4c(c3)OCO4)cn(C)c2c1,"[ 4.1901979e-01 -2.2840239e-04  9.5585680e-01 -2.9213995e-01
 -4.4087455e-01]"
NC(=O)[C@H](Cc1ccccc1)NC(=O)OCc1ccccc1,[ 0.19126754  1.         -0.9468954  -0.9097191   0.02703709]
Cc1cc(Nc2nc(N[C@@H](C)c3ccc(F)cc3)ncc2Cl)n[nH]1,[ 0.14494993  0.6631786  -0.54565537 -0.7955511  -0.25771612]
O=NN(c1ccccc1)c1ccccc1,[ 0.13583043  0.9990947  -0.65276986 -0.64081246  0.40619302]
C=CC(=O)OCC(CC)CCCC,[ 0.13109899  0.8887526  -0.8400006  -0.834851    0.5230908 ]
CON=C(C(=O)NC1C(=O)N2C(C(=O)O)=C(COC(N)=O)CSC12)c1ccco1,[-0.03982445 -0.66540843 -0.8056955  -0.8737707  -0.00359989]
CCOc1cc2nnc(C(N)=O)c(Nc3ccc(F)cc3F)c2cc1N1CCN(C)CC1,[ 0.22338527  0.40077254 -0.9589341  -0.7289048   0.19460411]
CCOP(=O)(OCC)N(C)c1ccccc1,[ 0.33756542  0.82272553 -0.99977994  0.22911914 -0.09389468]
O=C(O)COc1ccccc1,[ 0.15139449 -0.1619321  -0.6397119  -0.9556028  -0.11412766]
Clc1ccc(C2(Cn3cncn3)OCCO2)c(Cl)c1,[-0.6647084  -0.23439701 -0.4206302  -0.38219786  0.19976686]
CN,[ 0.08970255  0.5936819  -0.78762585 -0.37341914  0.8483074 ]
CC(C)C(O)(c1ccc(OC(F)(F)F)cc1)c1cncnc1,[-0.06332125  0.41504106 -0.81752074 -0.09290855  0.17675687]
N#Cc1cccc(Cc2ncccn2)c1,[-0.24270009  0.8316606  -0.5894098  -0.9240314  -0.25107393]
CCCCOC(C)OCCCC,[-0.15911709  0.67496043 -0.42308024  0.26634815 -0.20770973]
CC(C)c1cccc(OC(=O)N(C)C)c1,[ 0.31261513  0.19658762 -0.7227427  -0.47092202  0.0037489 ]
C[Si](C)(C)CCCC(=O)O,[-0.00186374  0.7874971  -0.85263646 -0.61196494 -0.53670114]
O=C(CCl)CCl,[ 0.04950417  0.80856115 -0.59819335 -0.4344559  -0.35144368]
CCCCCCCC(=O)N[C@@H](CCN)C(=O)N[C@H](C(=O)N[C@@H](CCN)C(=O)N[C@H]1CCNC(=O)[C@H]([C@@H](C)O)NC(=O)[C@H](C)NC(=O)[C@H](CCN)NC(=O)[C@H](CC(C)C)NC(=O)[C@@H](Cc2ccccc2)NC(=O)[C@H](CCN)NC1=O)[C@@H](C)O,[ 0.37146953  0.43086722 -1.         -0.6769318  -0.3894231 ]
CC(=O)[C@H]1CC[C@H]2[C@@H]3CC[C@@H]4C[C@H](O)CC[C@]4(C)[C@H]3CC[C@]12C,[-0.18312126  0.98466164 -1.         -0.893604   -0.15013473]
O=P(O)(O)C(O)(Cn1ccnc1)P(=O)(O)O,[-0.06053888  0.8452798  -1.         -0.97909206  0.11050027]
COc1ccc(CC2NCC(O)C2OC(C)=O)cc1,[ 0.08839048 -0.05694202 -0.6854158   0.5266499   0.01009474]
CN(C)S(=O)(=O)N(SC(F)(Cl)Cl)c1ccccc1,[ 0.41517064 -0.9056078  -0.73248136 -0.20710249 -0.17334796]
C=CC(=O)OCCc1ccc(CC)cn1,[-0.10957696  0.90220404 -0.6796382  -0.13328801  0.32624045]
Cc1cccc(C)c1O,[ 0.18241276  0.23870894 -0.47704336 -0.8208866  -0.23579618]
CN(C)CCCNCCCN(C)C,[ 0.17438625  0.33048093 -0.77974325  0.53957933  0.41367927]
COc1ccc2ccc(=O)n(CCN3CCC(NCc4cc5c(cn4)OCCO5)CC3)c2n1,[-0.02166383  0.22648992 -0.7364593  -0.74530315 -0.06449356]
Clc1ccc(Cl)c(Cl)c1,[-0.28521895  0.8263504  -0.93740165 -1.          0.90811455]
Cc1nccc(-c2ccc(-c3nc4ccncc4c(O)c3C#N)cc2)c1Cl,[ 0.35590792  0.6567872  -0.49794263 -0.82614326  0.05962281]
O=P(OCCCl)(OCCCl)OC1CC(C(Br)CBr)CCC1Cl,[ 0.6783294   0.9390459  -0.8148045  -0.8725911  -0.06356759]
CCC(=O)NCCC1CCc2ccc3c(c21)CCO3,[ 0.22128926 -0.28880498 -0.801595   -0.47377178 -0.18744145]
CC1[NH2+]Cc2cc(-c3ccc4c(=O)c(C(=O)[O-])cn(C5CC5)c4c3OC(F)F)ccc21,[-0.3163982   0.5523491  -0.6791427  -0.8215084  -0.00243389]
C=CC(=O)OCCOCCOC(=O)C=C,[ 0.48654756  0.72055954 -0.6720864  -0.7620151  -0.3363972 ]
CC1(C)SCN(C(=O)C2(Oc3ccc(Cl)cc3)CCCCC2)C1C(=O)O,[-0.08258206  0.46531773 -0.623366   -0.72314036 -0.4314485 ]
CC[C@H]1OC(=O)[C@H](C)[C@@H](O[C@H]2C[C@@](C)(OC)[C@@H](O)[C@H](C)O2)[C@H](C)[C@@H](O[C@@H]2O[C@H](C)C[C@H](N(C)C)[C@H]2O)[C@](C)(O)C[C@@H](C)C(=O)[C@H](C)[C@@H](O)[C@]1(C)O,[ 0.15379076 -0.07471324 -0.83290124 -0.84238625  0.0313621 ]
CCN1C(=O)NC(c2ccccc2)C1=O,[-0.09236728  0.48309392  0.00144987 -0.82861114  0.7012179 ]
FC(F)(F)c1nc2c(Cl)c(Cl)cc(Cl)c2[nH]1,[ 0.37273395  0.24367577 -0.7841596  -0.7490604  -0.35835052]
CCCCC(CC)C(=O)OC1=C(c2c(C)cc(C)cc2C)C(=O)c2ccccc21,[ 0.31286043  0.93289274 -1.         -0.6736603  -0.21833742]
O=C(O)CCC(=O)c1ccc(-c2ccccc2)cc1,[ 0.128461    0.7079715  -0.9563339   0.4855606  -0.16995275]
COC(=O)c1cc([N+](=O)[O-])ccc1Cl,[ 0.32351354  0.9129507  -0.5524404  -0.8291238  -0.32368392]
CCCCC(CC)CNC1CCCCC1,[-0.1675479   0.6810685  -0.76993823 -0.6341369  -0.42155597]
CC(C)OCCCO,[ 0.41108352  0.74435663 -0.40512702 -0.2922444   0.04110324]
CCOP(=S)(OCC)Oc1ccc([N+](=O)[O-])c(C)c1,[ 0.3448008   0.9168111  -1.         -0.12466504  0.17205803]
CC(C)Oc1cc(-n2cnc3ccc(N[C@@H](CO)c4ccc(F)cn4)nc32)n[nH]1,[-0.06294647  0.776258   -1.         -0.7781836  -0.11353804]
CCN(CC)c1ccc(-c2nc(=O)n(C)nc2-c2ccc(N(CC)CC)cc2)cc1,[-0.41772425  0.02318329 -0.5524094   0.04965812  0.59527284]
CC(C)=CCOC(=O)c1ccccc1,[-0.10447043  0.91481346 -0.7715684  -0.6188217  -0.2586427 ]
O=C(CN1CCNCC1)NN=Cc1ccc([N+](=O)[O-])o1,[-0.07213621  0.7624359  -0.8427197  -0.83869135  0.06840146]
CCN(CC)CCOCCO,[ 0.13773648 -0.48280898 -0.8483472  -0.5358528  -0.28367925]
c1cc2c(c(N3CC[NH2+]CC3)c1)OCCO2,[ 0.3353319   0.76145047  0.7282099  -0.1875933   0.06773776]
COP(=O)(OC)OC(=CCl)c1cc(Cl)ccc1Cl,[ 0.32278898  0.80821604  0.42745948 -0.5035681  -0.21619777]
Cc1ccccc1COC1CC2(C(C)C)CCC1(C)O2,[-0.3000563  -0.04489062 -0.9075114  -0.40186515  0.11070093]
CC(O)C(=O)Nc1c(I)c(C(=O)NC(CO)CO)c(I)c(C(=O)NC(CO)CO)c1I,[ 0.38011062  0.6558962   0.6179597  -0.33694506 -0.4293643 ]
CC(=O)NC(CS)C(=O)[O-],[ 0.17663886  0.45237172 -0.7040142  -0.6567123   0.43987358]
C#CC(C)(O)C(O)c1ccccc1,[ 0.30551645  0.715791   -1.         -0.7624813   0.09661868]
CCC(C)OP(=S)(OC)OC,[ 0.430073    0.80736536 -1.         -0.64317125  0.01153582]
CC1CCCCN1N=O,[ 0.1826021   0.7711397  -0.7794298  -0.7328321  -0.11794687]
COCCN(C(=O)CCl)c1c(C)cccc1C,[ 0.20854005  0.1493155   0.04219971 -0.8693963   0.20396803]
CNC(=O)Oc1ccc(CCC#N)cc1,[ 0.1749568   0.9119146   0.20738591 -0.4811125   0.17236073]
Cc1c(OCC(F)(F)F)ccnc1C[S+]([O-])c1nc2ccccc2[nH]1,[ 0.39730027  0.7250983  -0.6803995  -1.          0.08496279]
OCCOc1cc(Cl)c(Cl)cc1Cl,[ 0.04015344  0.7632185  -0.775508   -0.41485932 -0.04785253]
N#Cc1cccc(C#N)c1,[ 0.0475871   0.90529287 -0.02644266 -0.8200262  -0.2788578 ]
C=CC(C)CCCC(C)(C)O,[ 0.3123288   0.6091768  -0.978413   -0.7927516   0.05467586]
CCCCCCCCCCCCCCCN,[-0.32262513  0.9505572  -0.595476    0.2831006   0.30760038]
CC(C)(O)c1ccc(Nc2nc3ccc(C#N)cc3[nH]2)cc1,[ 0.30554622 -0.5938691  -0.8276325  -0.5529812   0.10454621]
CN1[C@@H]2CC[C@@H]1CC(OC(=O)C(CO)c1ccccc1)C2,[-0.16769204 -0.9765481  -1.         -0.45126504 -0.2533082 ]
O=C([O-])CCCc1ccc(N(CCCl)CCCl)cc1,[ 0.14504483  0.8841656  -0.91455054 -0.64028525 -0.29256526]
CC(C)(C(=O)O)S(C)(=O)=O,[ 0.68886393  0.74880916 -0.6646735   0.14837626 -0.47253212]
CC(=O)Oc1cccc(Oc2ccc(C(F)(F)F)cc2Cl)c1,[ 0.58743376  0.8878527  -0.71496063 -0.68101025 -0.06359298]
C1=CC2C=CC1C2,[-0.11156384  1.         -0.8536405  -0.25906065  0.26571527]
O=C(OCC=Cc1ccccc1)c1ccccc1,[-0.04157771  0.83729845 -0.84723604 -0.84971046 -0.37440294]
O=C(O)C1N=C(c2ccccc2)c2cc(Cl)ccc2NC1=O,[-0.260161    0.8564903  -0.872636   -0.61718607 -0.25922433]
CCCc1nn(C)c2c(=O)[nH]c(-c3cc(S(=O)(=O)N4CCN(C)CC4)ccc3OCC)nc12,[-0.2817254   0.34246945 -0.68303174  0.1838681  -0.26692694]
CCOC(=O)CCN(Cc1ccccc1)SN(C)C(=O)ON=C(C)SC,[-0.37049296  0.94630057 -0.75831354 -0.558092   -0.18456243]
Cc1ccc(OP(=O)(Oc2ccccc2)Oc2ccccc2)cc1,[ 0.1199296   0.65117985 -0.94429064  0.14087452 -0.19855319]
ClC(Cl)(Cl)c1ccc(C(Cl)(Cl)Cl)cc1,[ 0.1459508   0.80628747 -0.99142337 -1.          0.58127195]
Cc1c(OC2CCN(CC3CCN([C@@H](Cc4ccc(F)cc4)C(=O)O)CC3)CC2)ccc(C#N)c1Cl,[ 0.13132335  0.7562032  -0.3998192   0.04557446  0.24011049]
Clc1cc(Cl)cc(Cl)c1,[ 0.8739452   0.0141172  -0.71788555 -0.9764521   0.7737895 ]
C1=CCC(C2OCC3(CC=CCC3)CO2)CC1,[-0.11846714  0.16578071 -0.7612406  -0.60009176 -0.52302563]
CN(C)C1C(O)=C(C(N)=O)C(=O)C2(O)C(O)=C3C(=O)c4c(O)cccc4C(C)(O)C3C(O)C12,[ 0.12848616  0.9224221  -1.         -1.          0.5416881 ]
Cc1nc(C(F)(F)F)ccc1C(=O)Nc1ccc(Cl)c(-c2ccccn2)c1,[-0.3079865   0.06716222 -0.11117052 -0.13592699 -0.10894378]
COc1ccccc1NC(=O)CC(C)=O,[-0.61217153  0.6434599  -0.8465804  -0.59919685  0.363295  ]
ClC(=NNc1c(Cl)cc(Cl)cc1Cl)c1ccccc1,[ 0.55092824  0.878653   -0.72429985 -0.63369906  0.23791036]
C=CCc1cc(OC)c(OC(C)Cc2cc(OC)c(OC)c(OC)c2)c(OC)c1,[ 0.28298715  0.5009993  -0.79050285 -0.39644226 -0.37080023]
CC(=O)N[C@H](Cc1ccc2ccccc2c1)C(=O)N[C@H](Cc1ccc(Cl)cc1)C(=O)N[C@H](Cc1cccnc1)C(=O)N[C@@H](CO)C(=O)N[C@@H](Cc1ccc(O)cc1)C(=O)N[C@H](CCCNC(N)=O)C(=O)N[C@@H](CC(C)C)C(=O)N[C@@H](CCCNC(=N)N)C(=O)N1CCC[C@H]1C(=O)N[C@H](C)C(N)=O,[ 0.22025485  0.52400595 -0.8335128  -0.7191413   0.60470384]
O=c1cc(-c2ccc(O)cc2)oc2cc(O)cc(O)c12,[ 0.39368594  1.         -0.8176598  -0.7428818  -0.22864145]
CNC(=O)Oc1ccccc1C1OCCO1,[ 0.1705649   0.554404   -0.31450105 -0.7921723  -0.06986994]
CN1c2ccccc2C(NCCCCCCC(=O)[O-])c2ccc(Cl)cc2S1(=O)=O,[-0.14004743  0.87102973 -0.26057914 -0.6754005  -0.2729634 ]
CCCOCCOC(=O)C1=C(C)NC(C)=C(C(=O)OCCOCCC)C1c1cccc([N+](=O)[O-])c1,[ 0.88807577  1.         -1.         -1.         -0.29657093]
C(Oc1nc(OCC2CO2)nc(OCC2CO2)n1)C1CO1,[ 0.23003355  0.8689148  -0.06654929 -1.         -0.2171133 ]
CCC1OC(C)SC1=NOC(=O)NC,[-0.10392081  0.8362773  -0.37538692  0.5226035   0.00309519]
NS(=O)(=O)c1cc2c(cc1Cl)NCNS2(=O)=O,[ 0.46060923  0.35921022 -0.47762904 -0.76984185  0.3264083 ]
COCC(=O)O[C@]1(CCN(C)CCCc2nc3ccccc3[nH]2)CCc2cc(F)ccc2[C@@H]1C(C)C,[-0.0835493   0.6548639   0.30335373  0.56045574  0.42783114]
C=CC1=C(C)/C(=C\c2[nH]c(Cc3[nH]c(/C=C4/NC(=O)C(C)=C4C=C)c(C)c3CCC(=O)O)c(CCC(=O)O)c2C)NC1=O,[-0.40180734  0.87053907 -0.2159501  -0.71401733 -0.24937102]
CC(=CC(=O)O)C(=O)O,[ 0.1336313   0.64817023 -0.8126013  -0.87003565 -0.16887224]
CN(C)N(C)N=O,[-0.06082596  0.9296275  -0.9166578  -0.9732872   0.5968791 ]
C=C1CC1CC(N)C(=O)O,[ 0.10449418  0.7367414  -0.979202   -1.          0.6233412 ]
COCCOCCOC(C)=O,[ 0.6310243   0.8232428  -0.6078842  -0.26949227  0.02478377]
CCCNC(=N)C(OCC)c1ccccc1,[ 0.42717493  0.8038284  -0.5911433  -0.31101125  0.02729408]
C=CCN1CCCC1CNC(=O)c1cc2nn[nH]c2cc1OC,[ 0.3688051  -0.12243094 -0.68299323 -0.48224887  0.62023395]
OC1(c2ccc(Cl)c(C(F)(F)F)c2)CCN(CCCC(c2ccc(F)cc2)c2ccc(F)cc2)CC1,[-0.09025488  0.71940285 -0.8383126  -0.68868166 -0.24832262]
CC(C)CCI,[ 0.5414992   0.78553754 -0.6250372  -0.50203234 -0.10916773]
C=C(C)C(=O)OCCCC,[ 0.04887589  0.8044806  -0.7426155  -1.         -0.4988907 ]
CCSP(SCC)SCC,[ 0.25935864  1.         -0.6766975  -0.66009825 -0.45295477]
CCCCCCCCCCOC(=O)Cc1ccc(N(CCCl)CCCl)cc1,[ 0.10982128 -0.5522211  -0.83903813 -0.14669809  0.33925012]
C1CCC2CCCCC2C1,[ 0.31819803  0.67195076 -0.8362903  -0.8418629   0.19584197]
N#CCCOCCC#N,[-0.10272151  1.         -1.         -1.         -0.04038536]
CCCCCCCC=CC=O,[ 0.2754863   0.8513203  -0.86926    -0.88087434 -0.1182237 ]
COC(=O)C(C)N(C(=O)Cc1ccccc1)c1c(C)cccc1C,[-0.22457303  0.7373847  -0.7471703  -0.7702722  -0.1329956 ]
CCN(CCO)c1cccc(C)c1,[-0.22236589  0.6687438  -0.7370302  -0.8411494  -0.15779142]
CNC(=O)c1[nH]cnc1C(=O)Nc1ccc(OC)cc1,[ 0.22551264  0.86118174 -0.48940414 -0.6580131   0.10818371]
COc1ccc(C(Oc2ccccc2)C2=NCCCN2)cc1,[ 0.05498784 -0.4468188  -0.38193017 -0.8915735  -0.16407472]
c1c[nH]cn1,[ 0.49343732  0.85004854 -0.7575812   0.06704306 -0.44012555]
CC1OC(OC2C(O)CC(OC3C(O)CC(OC4CCC5(C)C(CCC6C5CC(O)C5(C)C(C7=CC(=O)OC7)CCC65O)C4)OC3C)OC2C)CC(O)C1O,[-0.13898523  0.44501016 -0.69980663 -0.5616753  -0.23210338]
CC12CCC3c4ccc(O)cc4CC(CCCCCCCCCS(=O)CCCC(F)(F)C(F)(F)F)C3C1CCC2O,[ 0.4406415   0.49319667 -0.9071025   0.49986613 -0.20290181]
CCOc1cc2ncc(C(N)=O)c(Nc3ccc(F)cc3F)c2cc1N1CCN(C2CC2)CC1,[-0.1655292   0.11910722 -0.26957512  0.20323032 -0.2242336 ]
NC(=[NH2+])NCCCCC1NC(=O)CCSSCC(C(N)=O)NC(=O)C2CCCN2C(=O)C(Cc2c[nH]c3ccccc23)NC(=O)C(CC(=O)[O-])NC(=O)CNC1=O,[ 0.21708086  0.8662678  -0.87265533 -0.38771734  0.04477363]
CCCOC(=O)c1ccc(C(=O)OCCC)nc1,[ 0.19518605  0.86884403 -0.96804976 -0.8123462  -0.26925486]
NNC(=O)c1ccncc1,[-0.7901108   0.8243293  -0.06813652 -0.6461294   0.34960684]
CCC(C)OC(CBr)c1ccc(Cl)cc1,[-0.5728158   0.6478979  -0.8035285  -0.56494325 -0.31898177]
COP(=S)(OC)SCc1nc(N)nc(N)n1,[ 0.02000822  0.8842363  -0.8475212  -0.6541401  -0.544633  ]
N=C(N)N[N+](=O)[O-],[-0.19733699  0.9365771  -1.         -0.86891145 -0.16710648]
O=C(CCCN1CCC(O)(c2cccc(C(F)(F)F)c2)CC1)c1ccc(F)cc1,[ 0.04899848  0.7397406  -0.8163348  -0.84826994  0.05261979]
CC1CCN(C(=O)CC(Cc2cccc(C(=N)N)c2)NS(=O)(=O)c2ccc3ccccc3c2)CC1,[ 0.18815109  0.8705484  -0.74747735 -0.612489    0.0087837 ]
Cc1onc2c(=O)n(C)nc(-c3ccccc3)c12,[ 0.14620157  0.87721884 -0.60925806 -0.580442   -0.11643271]
Clc1nc(Cl)nc(Cl)n1,[-0.10898359  0.04649638 -0.77394885 -0.73590106  0.38561478]
COC(=O)c1cc(Oc2ccc(Cl)cc2Cl)ccc1[N+](=O)[O-],[-0.11883662  0.36797786 -0.67355233 -1.         -0.34357756]
C=CC[NH+]1CCCC1CNC(=O)c1cc2n[nH]nc2cc1OC,[-0.24886379 -0.27654564 -0.6955024  -0.5174817   1.        ]
CCCCc1nc(Cl)c(CO)n1Cc1ccc(-c2ccccc2-c2nnn[nH]2)cc1,[ 0.13618188  0.82194525 -0.5813434  -0.17073902  0.2554071 ]
CC(=O)Nc1ccc(C)c(NS(=O)(=O)C(F)(F)F)c1,[-0.09120978  0.0679067  -0.5510847  -0.59139645 -0.40316695]
O=c1cc(Cn2c(C3CCC3)nc3nccnc32)c2ccc(F)c(F)c2[nH]1,[ 0.1757054   1.         -0.46779686 -0.5652978  -0.36051923]
CN(C)NC(=O)CCC(=O)O,[ 0.07481059  0.22634721 -0.7023557  -0.6355292  -0.07880876]
COC(=O)/C=C/CNC(=O)CN1C(=O)[C@@H](COC(=O)Nc2ccc(Cl)cc2C(F)(F)F)N=C(c2ccccc2)c2ccccc21,[-0.02084697  0.7355329  -1.         -1.          0.7521249 ]
CN(C)CCC(c1ccc(Cl)cc1)c1ccccn1,[ 0.42027098  1.         -0.7195674   0.24900088 -0.44066104]
CCOC(=O)c1c(C)cc2c(CO)n[nH]c(=O)c2c1C,[-0.10093808  0.44220752  0.7039648  -0.26075822 -0.39611745]
CCOC(=O)C=Cc1ccc2c(c1)OCO2,[ 0.29357803  0.7241039  -0.8094669  -0.8207019  -0.3574138 ]
C=COC(=O)CCCCC(=O)OC,[ 0.3128681   0.16752608 -1.         -0.39173245  0.8275814 ]
COc1cc([C@@H]2c3cc4c(cc3[C@@H](O[C@@H]3O[C@@H]5CO[C@@H](C)O[C@H]5[C@H](O)[C@H]3O)[C@H]3COC(=O)[C@H]23)OCO4)cc(OC)c1O,[ 0.2309902   0.41687304 -0.8202397  -0.7639486   0.6462216 ]
CN(C)S(=O)(=O)CCCCCNC(=O)N(CCCl)N=O,[ 0.24796887  0.7429392  -0.48425165 -0.6944083  -0.18535228]
CC(=O)CCc1ccc(O)cc1,[ 0.28734487  0.74791193 -1.         -0.7598277  -0.5706956 ]
CC[C@H](C)C(=O)O[C@H]1C[C@H](O)C=C2C=C[C@H](C)[C@H](CC[C@@H](O)C[C@@H](O)CC(=O)O)[C@H]21,[ 0.0757627   0.95897216 -0.76277655 -0.74465954 -0.00459474]
COc1nc(C)nc(Cl)c1NC1=NCCN1,[-0.03904855  0.6876128  -0.7795789  -0.44958287 -0.37986594]
N#CCCCCC#N,[-0.2490859   0.7585155  -0.772194   -0.25033155 -0.6024022 ]
CC(C)C1NC(=O)c2ccccc2O1,[-0.03746741  0.8389735  -0.7666748  -0.75647277 -0.2269712 ]
COc1cc(N)c2c(c1N)C(=O)c1ccccc1C2=O,[ 0.25163952  0.48876533 -0.8940581  -0.7936139  -0.07172001]
O=S1(=O)CCN(c2ccccc2)CC1,[ 0.5415037   0.81975394 -0.70839113 -0.89988303 -0.55102766]
C=CC(=O)N1CN(C(=O)C=C)CN(C(=O)C=C)C1,[ 0.3446211   0.5621027  -0.975961   -0.8333558   0.51043177]
C[C@@H]1NC(=O)[C@@H](C)N(C)C(=O)[C@@H](C)N(C)C(=O)[C@H](C)NC(=O)[C@H](C)N(C)C(=O)[C@@H](C)N(C)C1=O,[ 0.33503634  0.18858612 -0.90456504 -0.00422811  0.02589571]
C=C1CC23CC1(O)CCC2C12C=CC(O)C(C)(C(=O)O1)C2C3C(=O)O,[ 0.27634135 -0.18600592 -0.54511124 -0.7204098  -0.12746406]
COP(=S)(OC)Oc1ccc(C#N)cc1,[ 0.2755534  -0.42796645 -0.9769479  -0.6383019  -0.21514562]
ClCC(Cl)Cl,[ 0.11955238  0.5284961  -0.8097962  -0.6755881  -0.01602837]
COC(=O)c1ccccc1N=NN(C)C,[-0.01882015  0.8006008  -1.         -0.43561727  0.6989595 ]
C=C(CC(=O)c1ccc(-c2ccccc2Cl)cc1)C(=O)O,[ 0.0363166   0.7438772  -0.9174907  -0.5808611   0.45632282]
Nc1nc(-c2ccccn2)nc(N)c1Cc1ccc(Cl)cc1Cl,[ 0.04708172  0.89719766 -1.         -0.6473359   0.6869056 ]
CN(C)CCOc1cc(NS(=O)(=O)c2c(Cl)cc(C(F)(F)F)cc2Cl)ccc1Cl,"[-2.1043235e-02  7.3359686e-01 -3.9158386e-01 -1.0000000e+00
 -5.1259423e-05]"
CNC(=O)Oc1ccc(Cl)c2c1OC(C)(C)C2,[ 0.16366947 -0.3598859   0.15537031 -0.7544962   0.3428791 ]
CC(C(N)=O)(c1ccccc1)c1ccc(N)cc1,[ 0.42047316  0.84137106 -0.73591787 -0.599042   -0.6205055 ]
C[C@@H]1NC(=O)[C@@H](C)NC(=O)[C@H](C)N(C)C(=O)[C@@H](C)N(C)C(=O)[C@@H](C)NC(=O)[C@H](C)N(C)C1=O,[-0.46268624  0.10274682 -0.7631072  -0.9131566   0.56151265]
CCCCCCCCCCOc1c(OC)cc(C(N)=O)cc1OC,[ 0.15208125  0.5061509  -0.26374045 -0.13369167 -0.28331688]
Cc1cc(Cl)ccc1OCCCC(=O)O,[ 0.31569543  0.86661047 -0.91820943 -0.69852847 -0.08572823]
CCCCCCCC[Si](OCC)(OCC)OCC,[ 0.46703315  0.73706514 -0.82361215 -0.4238554   0.3966374 ]
CC(=O)N(C)C,[ 0.37812543  0.18463482 -0.78280133 -0.55609745 -0.4544383 ]
Cc1c(OCC(F)(F)F)ccnc1CS(=O)c1nc2ccccc2[nH]1,[ 0.1647493   1.         -0.81476825 -0.9107325  -0.04473608]
CC1CC(=O)NN=C1c1ccc([N-]N=C(C#N)C#N)cc1,[ 0.44215924  0.36432624 -0.78196716 -0.81168836 -0.11639715]
CCC1OC(=O)C(C)C(=O)C(C)C(OC2OC(C)CC([NH+](C)C)C2O)C(C)(OC)CC(C)C(=O)C(C)C2N(CCCCn3cnc(-c4cccnc4)c3)C(=O)OC12C,[-0.80790484  1.         -0.3815235  -0.8732793  -0.10046876]
C=CS(=O)(=O)CCCCCC,[ 0.29676294  0.93168724  0.64906985 -0.7707194   0.14064614]
CCCCCCCCCCCCNC(N)=S,[-0.22892447  0.9452746  -0.82263434  0.10480225 -0.32148793]
CN1CCN2c3ncccc3Cc3ccccc3C2C1,[ 0.7242315   0.77836376 -0.79781276 -0.54789126 -0.4919735 ]
C=C(C)C1CC=C(C)C(O)C1,[-0.02291896  0.7703615   0.01268248 -0.48041874  0.2761205 ]
CC(=O)OCCOCCOCCOC(C)=O,[ 0.29325587  0.9160285   0.24453959 -0.48500258  0.1359135 ]
C/C([O-])=C(\C#N)C(=O)Nc1ccc(C(F)(F)F)cc1,[ 0.24903281  0.5145029  -0.70250815 -1.         -0.2763225 ]
CCCCC(CC)(C(=O)OCC)C(=O)OCCN(CC)CC,[ 0.26937822  0.8034746  -0.84999955 -0.7727914   0.3797011 ]
Oc1cc(Cl)c(Cl)c(Cl)c1Cl,[ 0.0590131   0.42755884 -1.         -0.57156044 -0.22401345]
CN(C)N=Nc1ccc(I)cc1,[-0.37508476 -0.04041403 -0.78868425 -0.7288992  -0.30503222]
COc1cccc(OC)c1O,[-0.6126085   0.44986278 -0.88875186 -0.7203484   0.01083336]
CC(=O)OC(C)(C)C1CC=C(C)CC1,[ 0.26912445  0.7274132  -0.42943168 -0.3563234  -0.00268483]
CNC(=O)Oc1cccc2c1OC(C)(C)O2,[-0.11625569  0.7166935  -0.7994877  -1.          0.18991843]
CC(C)(C)c1ccc(OP2OCC3(CO2)COP(Oc2ccc(C(C)(C)C)cc2C(C)(C)C)OC3)c(C(C)(C)C)c1,[-0.17618492  0.28348717 -0.18476205 -0.28634432  0.78450924]
Cc1ccc2c(c1)c(-c1ccnc3c(C)cccc13)c(C)n2CC(=O)O,[ 0.04582867  0.95052314 -0.6738471  -1.         -0.42642432]
Cc1cc(C)c(N)c(C)c1,[ 0.33810294  0.8142148  -0.75429446 -0.83749217  0.53363216]
O=c1c2nocc2c(-c2ccccc2)nn1-c1ccccc1,[-0.48823285  0.7154245  -0.32742324 -1.          0.01594448]
CN(C)CCCC1c2ccccc2Nc2ccc(Cl)cc21,[ 0.2880903   0.8418     -0.92561543 -0.7068575  -0.17914529]
OCCCCC(O)CO,[ 0.14021005  0.68879867 -0.89129937 -0.91253734  0.34179488]
C[C@@H](NC(=O)C1CCCCN1C)c1ccc(Nc2ncc3cc(-c4ccncc4)ccc3n2)cc1,[ 0.02518184  0.86296344 -0.83357966 -0.6422341  -0.05877992]
O=NN1CCCCC1,[-0.26437107  0.910717   -0.91714364 -0.546345   -0.12119195]
ClCC1CO1,[ 0.45359117  0.4974228  -0.668706   -0.81539226 -0.20890504]
Cc1cncc(C)n1,[-0.44104153  0.32985657 -0.6754767  -0.38939342 -0.15084921]
Cc1cccc(C)c1NC(=O)C1CCCC[NH+]1C,[ 0.14998746  0.889868   -0.7775406  -0.63612485 -0.48472804]
CCOP(=O)(OCC)Oc1nc(Cl)c(Cl)cc1Cl,[ 0.47559366 -0.45103338 -0.4016002  -0.37153795 -0.23974201]
CCS(=O)(=O)c1ccc(-c2cc(Cl)ccc2OCC(=O)O)cc1,[-0.7698816   0.89301443 -0.08543827 -0.6244173   0.25418487]
Cc1cc(OC(=O)N(C)C)n(-c2ccccc2)n1,[-0.3995928   0.72969544 -0.69172275 -0.6167489  -0.16802828]
C=CCSP(=O)(NC(=O)CC)OC,[-0.37854132  0.4474622  -0.5695751  -0.39932206 -0.1429941 ]
CC(=O)Oc1cc(C(F)(F)F)ccc1C(=O)O,[-0.25912383  1.         -0.958522   -0.30095434 -0.14220864]
COc1cc2ncc(C(N)=O)c(Nc3ccc(F)cc3F)c2cc1NCCN1CCCCC1,[ 0.26808715  0.89095736 -0.7753324  -1.          0.7166441 ]
CC1CCCCOC1=O,[ 0.6939126  -0.8499927  -0.6181171  -1.         -0.24819288]
CCC(=O)OC1CCC2C3CCC4=CC(=O)CCC4(C)C3CCC12C,[ 0.34375212 -0.13450211 -0.8796527  -0.6153826   1.        ]
CC[C@H]1CN(Cc2cc(Cl)ccc2OCC(=O)O)CCN1S(=O)(=O)c1ccccc1,[-0.42099276  0.80195796 -0.72132826 -0.6778556   0.18889704]
CN(C)C1CC(c2ccccc2)c2ccccc21,[ 0.55543417  0.702755   -1.         -0.6548209  -0.23392682]
O=C(c1csc2c1CCCC2)N1CCCCC1,[ 0.1938659   0.8575048  -0.5886995  -0.8819557   0.02491243]
COc1ccc(NC(=O)c2ccnc(N)n2)cc1,[-0.22967432  0.842036   -0.7539822  -0.44688648 -0.01234155]
CC(C)(C)CNC(=S)Nc1cccnc1,[ 0.11858797  0.9514519  -0.58116525 -0.82740307 -0.23771371]
O=C(O)c1ccccc1C(=O)Nc1cccc2ccccc12,[-0.21810499  0.56914943 -0.7330977  -0.8046212  -0.08171955]
Cc1cc(OC(=O)N(C)C)n(C(C)C)n1,[ 0.4022392   0.8556465  -0.26510012  0.47515467  0.12609762]
OCCNCCOc1ccc(C(=C(c2ccccc2)C(F)(F)F)c2ccccc2)cc1,[-0.08176707  0.8146861  -0.75509924 -0.37675092 -0.01868853]
CN(C)C(=O)Oc1cccc2sccc12,[-0.11965176  0.31553933 -0.56763166 -0.5717901  -0.44294974]
CNC(=O)ON=C(C)SCC(=O)N(C)C,[ 0.25651926  0.476008   -0.56234306  0.8996258   0.27060482]
Cc1ccc(N2CC(COc3ccc(-c4noc(C)n4)cc3)C2)nn1,[-0.1442185   0.41833562 -0.73695916 -1.          0.06792556]
CC(C)[C@H](C(=O)Nc1nccs1)c1ccc(Cl)cc1,[ 0.23120038  0.77463406 -0.78697497 -0.23129289  0.32794005]
C=CC(=O)OCCOCC,[ 0.47340533  0.75824493 -0.8805962  -0.7124238  -0.09242287]
Nc1cc(Cl)ccc1O,[ 0.4232915   0.59710515  0.49777985 -0.39076164 -0.3965408 ]
Cc1cccc(Nc2ccncc2S(=O)(=O)[N-]C(=O)NC(C)C)c1,[-0.97765243  0.45165303 -0.7470433  -0.82486844  0.5787653 ]
O=C(NC(CCc1ccc2c(c1)OCO2)CCc1ccc2c(c1)OCO2)c1ccc(Cl)cc1,[ 0.5369537   0.6606278  -0.8048625  -0.15641426  0.04378188]
CCNC(=S)NCC,[ 0.4370717   0.07234061 -0.69324225  0.23679586 -0.03776753]
CC=Cc1ccc(OCc2ccccc2)c(OC)c1,[ 0.44308355  0.73399365 -0.8114167  -0.49038613 -0.508807  ]
CN(CCCl)CCCl,[ 0.04597726  0.81323224 -0.71974903 -0.8514442  -0.4776312 ]
CC1(C)C(=O)N(CO)C(=O)N1CO,[ 0.35082367  0.94158614 -0.75791126 -0.28141382 -0.15068997]
CCCCCNCCCCC,[ 0.2815361   0.32372227 -0.04230439 -0.448464    0.02102999]
COP(=O)(SC(C)C)SC(C)C,[-0.68223226  0.6967178  -0.1560626   0.1120474  -0.4588434 ]
CC1CCC2(O)C3(C)CC4(O)OC2(C1O)C1(O)C3(O)C(OC(=O)c2ccc[nH]2)C(O)(C(C)C)C41C,[ 0.15848     0.84172547 -0.76568204 -0.7698713   0.13492145]
O=C(/C=C/c1ccccc1)NCCO,[-0.5802903   0.72243935 -0.6235731  -0.07206606  0.14782888]
Cc1ccc(NC(=O)c2ccc(Cl)c(C(F)(F)F)c2)cc1C(=O)Nc1cccnc1,[ 0.5388834   0.29573366 -0.7452393  -0.5247794  -0.17850804]
O=C1CCc2ccccc2O1,[ 0.3837201  -0.5131804  -0.29878554 -0.2652047   0.568196  ]
CSCCC(OC(C)=O)C(=O)O,[ 0.26716885  0.95369166 -0.9232419  -0.8893857   0.56492716]
CC(C)c1cc(Oc2ccccc2)cc(C(C)C)c1NC(=S)NC(C)(C)C,[ 0.80323184  0.68612206 -0.7954015  -0.3516267  -0.02475381]
CC(C)[N+](=O)[O-],[ 0.13824481  0.94608665 -0.8558181  -0.8872874   0.05631439]
O=C(O)CCCOc1ccc(Cl)cc1Cl,[-0.3512992   0.4077243  -0.71750844 -0.5620664  -0.17256123]
CC(C)(C)c1ccc2c(c1)C(C)(C)CC2,[ 0.4185133   0.6066204  -0.5358897   0.02628547  0.1633873 ]
CC(C)N(C(=O)SCC(Cl)=C(Cl)Cl)C(C)C,[-0.1161887   0.71981305  0.765024   -0.08596296 -0.45409685]
O=c1[nH]c2ccccc2n1CCCN1CCN(C(c2ccccc2)c2ccccc2)CC1,[ 0.6290663   0.7312612  -1.         -0.42984396  0.16860436]
CCNC(=O)C=Cc1cccc(Br)c1,[ 0.08941935  0.22390257 -0.7168018   0.2920586   0.20796944]
SCc1ccccc1,[ 0.39521706  0.3711457  -0.7563016  -0.8030358   0.14121076]
Cc1onc2c(=O)[nH]nc(-c3ccccc3)c12,[ 0.28109115  0.40257147 -0.8910274  -0.80413425  0.03406821]
CC(C(=O)O)c1ccc(CC2CCCC2=O)cc1,[ 0.5086716   0.9142007  -0.4913123  -0.72256696  0.01845177]
O=C1c2cccc(S(=O)(=O)O)c2C(=O)c2c1cccc2S(=O)(=O)O,[ 0.6370378   0.3364074  -0.68838274 -0.7844924  -0.06363726]
O=C(CCCCC(=O)OCC1CC=CCC1)OCC1CC=CCC1,[-0.56868917 -0.22994435 -0.8836677  -1.         -0.4199355 ]
CCCCCC(O)C=CC1C(O)CC(O)C1CC=CCCCC(=O)O,[-0.22155875 -0.0976745  -0.9965688   0.12004533  0.9603201 ]
CCC(=O)N(c1ccccc1)C1CC[NH+](CCc2ccccc2)CC1,[-0.06347773 -0.71182346 -0.94305146 -0.47840828 -0.0471889 ]
CCOP(=S)(OCC)Oc1cc(C)n(CC)c(=O)c1,[ 0.14689158  0.82320046 -0.94024485 -0.7142948  -0.3316357 ]
COc1ccc(-c2cc(=O)c3ccc(OC)cc3o2)cc1,[ 0.07767295  0.672665   -0.8382645  -0.07548719  0.3779161 ]
CCCCC(C)(C)CO,[ 0.19645932  0.81883156 -0.76050156 -0.46287483  0.41742676]
CCOCCCO,[ 0.16077383  0.03340005 -0.5900039  -0.24838875  0.35044685]
C=CCOc1ccccc1OCC(CNC(C)C)OC(=O)C1CC1,[-0.06021937  0.5660712  -0.92754674 -0.89392763  0.05673579]
CO/N=C(\C(=O)N[C@@H]1C(=O)N2C(C(=O)O)=CCS[C@H]12)c1csc(N)n1,[-0.01651367  0.8947927  -0.97199476 -0.63860095 -0.25093272]
COc1cc2ncc(C(N)=O)c(Nc3ccc(C)cc3F)c2cc1OC,[ 0.06376521  0.735646   -0.6285532  -0.98939586  0.03799108]
Cc1ccccc1S(=O)(=O)NC(=O)N1CCC(N2CCC(Oc3ccc(Cl)c(Cl)c3)CC2)CC1,[ 0.34364265  0.9758053  -0.90939754 -0.6111584  -0.25116506]
Nc1cc[n+]([O-])cc1,[-0.01775081  1.         -0.7545301  -0.99740386  0.8786267 ]
CC(=O)OO,[-0.30134487  0.7137672  -0.46303308 -0.7060113   0.14898416]
CC1(C)CC(NC2CC(C)(C)NC(C)(C)C2)CC(C)(C)N1,[ 0.4780801   0.95240057 -0.12955232 -0.6618488  -0.23280181]
CCCCOP(=O)(OCCCC)Oc1ccccc1,[ 0.24811877  0.8858093  -0.786691   -0.83534443 -0.51595944]
CN1CN(CCO)CSC1=S,[ 0.20099145  0.8208755  -0.75699097 -0.7059802   0.33425358]
CCC(CC)(C(=O)O)c1cccc2ccccc12,[-0.17707096  0.85633624 -0.91872543 -0.8979023   0.14878711]
c1ccc([C@H]([C@@H](c2ccccc2)N2CCCCC2)N2CCCCC2)cc1,[-1.          0.3411961  -0.24643715 -0.5338367   0.36673406]
Cc1c(OC2CCN(CC3CCN([C@@](C)(Cc4ccc(F)cc4)C(=O)O)CC3)CC2)ccc(Cl)c1Cl,[ 0.31601825 -0.43904346 -0.85577047 -0.5903321  -0.28754872]
CCc1cc2c(s1)-n1c(C)nnc1CN=C2c1ccccc1Cl,[ 0.44823077  1.         -0.74987894 -0.8592682  -0.30791268]
CCC1(CC)Oc2cccc(OC(=O)N(C)C(C)=O)c2O1,[ 0.3215947   0.90974396 -0.8649138  -1.          0.5267742 ]
CCCCn1c(=O)n(CCC)c(=O)c2[nH]c(C)nc21,[ 0.04191343 -0.17044184 -0.76264143 -0.5160747  -0.04148885]
CCN(N=O)C(C)OC,[ 0.05493018  0.84762037 -0.76123077 -1.         -0.2135843 ]
CCCS,[ 0.22813155  0.8671131  -0.8200856  -0.92140007 -0.41898015]
C=CC(=O)Nc1ccc(O)cc1,[-0.04623445  0.6687691  -0.9166993  -0.9709779  -0.30363292]
CC(C)(C)NC(=O)C1CC2CCCCC2CN1CC(O)C(Cc1ccccc1)NC(=O)C(CC(N)=O)NC(=O)c1ccc2ccccc2n1,[ 0.24796599  0.8362784  -1.          0.02651437  0.07726755]
COc1cc2c(cc1OC)C1CC(=O)C(CCC#N)CN1CC2,[-0.33614025  1.         -0.83049816 -0.9035081   0.625018  ]
CC(C)CN,[-0.01728438  0.84176475 -0.9120456  -0.7651283  -0.17651634]
O=C([O-])c1cc(N=Nc2ccc(S(=O)(=O)Nc3ccccn3)cc2)ccc1O,[-0.19098802  0.82944083 -0.5945962  -0.80801654 -0.25982973]
CCOP(=O)(OCC)Oc1ccc(S(C)(=O)=O)c(C)c1,[-0.25760502  0.9056471  -0.82563967 -0.8171332  -0.44069216]
BrC(Br)Br,[ 0.37240487  0.45822567 -0.38841212  0.6823176   0.7386422 ]
O=C(CO)N1CCC(c2[nH]nc(-c3ccc(Cl)cc3F)c2-c2ccncn2)CC1,[0.35479727 0.4863278  0.37075952 0.2555934  0.71786344]
CNC(=O)c1[nH]cnc1C(=O)Nc1ccc(Cl)cc1,[ 0.24139982  0.7430755  -0.7021321  -0.6172106  -0.27923676]
CCOC(=O)NCCOc1ccc(Oc2ccccc2)cc1,[-0.19391891  0.880104   -0.7958072  -0.5565816   0.33383697]
CCC(C(=O)O)C1(O)CCCCC1,[-0.28194687  0.05591953 -0.5399319  -0.454939   -0.20933892]
FCOC(C(F)(F)F)C(F)(F)F,[ 0.08157951  0.59652776 -1.         -0.07132684  0.23593776]
Nc1cc2c(S(=O)(=O)O)cc(S(=O)(=O)O)cc2cc1S(=O)(=O)O,[ 0.31361482  0.878834   -0.990649   -0.6685156  -0.22785632]
CC[C@H](CO)NC(=O)[C@H]1C=C2c3cccc4[nH]cc(c34)C[C@@H]2N(C)C1,[ 0.25818655 -0.01451494 -0.6306263  -0.80047315 -0.06642349]
O=C(Cc1cccs1)N[C@@H]1C(=O)N2C(C(=O)[O-])=C(C[n+]3ccccc3)CS[C@H]12,[ 0.5027177   0.69571364 -0.9575875  -0.5642582  -0.03005728]
Cn1cnc(S(=O)(=O)N(CCN(Cc2cncn2C)c2ccc(C#N)cc2)Cc2ccccc2)c1,[-0.4648505   0.7746318  -0.8547505  -0.8432277  -0.03053932]
Cc1cn([C@H]2CCCN(S(=O)(=O)c3ccc(C#N)c(Oc4cccc(Cl)c4)c3)C2)c(=O)[nH]c1=O,[ 0.25718427  0.2631599  -0.09884036 -0.9066721   0.11338242]
CN(SSC(C)(C)C)C(=O)ON=C1SCCS1,[ 0.43598187  0.59611815 -0.61098015  0.35906783  0.2745769 ]
CCOC(=O)COC(=O)c1cc(Oc2ccc(C(F)(F)F)cc2Cl)ccc1[N+](=O)[O-],[ 0.6799411  -0.00740333 -0.35699788  0.3150085  -0.0635685 ]
C=C(C)C(=O)OCCC[Si](OC)(OC)OC,[-0.07497543  0.76992565 -0.8826481  -0.79572237  0.08474024]
CP(=S)(Oc1ccccc1)Oc1ccc(C#N)cc1,[ 0.40079576  0.9189362  -0.44023243  0.31977537  0.27126074]
COc1ccc(C[C@@H]2c3cc(OC)c(OC)cc3CC[N@+]2(C)CCC(=O)OCCCCCOC(=O)CC[N@@+]2(C)CCc3cc(OC)c(OC)cc3[C@H]2Cc2ccc(OC)c(OC)c2)cc1OC,[ 0.11628725  0.5606269  -0.8408075  -0.8499848   0.01308409]
COc1cc2c(c3oc(=O)c4c(c13)CCC4=O)C1C=COC1O2,[ 0.07114285  0.85059637 -0.7550748  -0.58413637 -0.25226712]
Cc1cc(Nc2nc(N[C@@H](C)c3ccc(F)cn3)c(C#N)cc2F)n[nH]1,[ 0.456643    0.8701972  -0.64342946 -0.56769407  0.44030213]
Cc1cnc(Nc2cc(N3CCOCC3)nc(N[C@@H](C)c3ncc(F)cn3)n2)s1,[ 0.3058149   0.54149735 -0.7747172  -0.04296231 -0.06699857]
COc1cc2ncc(C(N)=O)c(Nc3cccc(Cl)c3Cl)c2cc1N1CCN(C)CC1,[-0.07341651  0.64671946 -0.77667665 -0.9111585  -0.4763835 ]
Cn1c(=O)sc2cccc(Cl)c21,[ 0.5239876   1.         -0.68486786 -1.         -0.1283667 ]
Cc1cn([C@H]2CCCN(S(=O)(=O)c3ccc(CO)c(Oc4cccc(Cl)c4)c3)C2)c(=O)[nH]c1=O,[ 0.15923408 -0.49602044 -0.824792   -0.7305478  -0.6512521 ]
Nc1ccc(S(=O)(=O)O)c2cccc(O)c12,[-0.65633374  0.84742266 -0.40268576 -0.8595647   0.43404037]
c1ccc(OP(Oc2ccccc2)Oc2ccccc2)cc1,[ 0.6705257   0.656525   -0.9558134  -0.7362455   0.31886402]
C[C@@H]1NC(=O)[C@@H](C)N(C)C(=O)[C@H](C)N(C)C(=O)[C@@H](C)N(C)C(=O)[C@@H](C)N(C)C(=O)[C@H](C)NC1=O,[-0.24336034  0.55551183 -0.8513474  -0.62499803 -0.1575758 ]
Cc1nc(N)nc(N)c1-c1ccc(Br)cc1,[-0.20362017  0.98019135 -0.95639217 -0.67780435 -0.38098472]
COc1ccccc1Oc1c([N-]S(=O)(=O)c2ccc(C)cn2)nc(-c2ccncc2)nc1OC,[ 0.13975836 -0.2672461  -0.28450868 -0.76254326 -0.23780659]
CN(C)CC=C(c1ccc(Br)cc1)c1cccnc1,[-0.12511076  0.57922775 -0.6409915  -0.99842656 -0.54485923]
Nc1nc(O)c(Cl)c(-c2ccccc2)n1,[ 0.18750839  0.2766826  -0.76412624 -0.7303409  -0.5611709 ]
CC(=O)CCC(C)=O,[ 0.03998489  1.         -0.376149   -0.5113288  -0.04439682]
Nc1ccc(O)c([N+](=O)[O-])c1,[-0.6568694   0.94761443 -0.7741103  -0.77554667 -0.52942955]
SCCc1cnccn1,[ 0.17843698  0.9477994  -1.         -0.60230243  0.3623363 ]
O=C(O)c1ccccc1-c1c2ccc(=O)cc-2oc2cc(O)ccc12,[-0.46800914  0.9756142  -0.7214611  -0.47392005 -0.32245606]
C#CC1(O)C(CO)OC(n2ccc(N)nc2=O)C1O,[-0.40640658  0.8275732  -1.         -0.6598617  -0.15604715]
C[C@@H](O)[C@H]1C(=O)N2C(C(=O)O)=C(SCCNC=N)C[C@H]12,[-0.08817021  0.39493272 -0.3686234  -0.74911743 -0.17365842]
Cc1cc(=O)cc(-c2ccccc2)o1,[ 0.4742881   0.6924096  -0.73368865 -0.6083562  -0.13078552]
C=CC(=O)OCCOC(=O)CC(C)=O,[ 0.37142938  0.77038825 -1.         -0.5886002   0.5483104 ]
CNC(=O)c1c(I)c(NC(C)=O)c(I)c(C(=O)[O-])c1I,[ 0.5045774   1.         -0.5108586  -0.7553348  -0.32162902]
COc1cc(OC)c(S(=O)(=O)N(c2ccccc2)C(C)C)cc1NC(C)=O,[-0.02409722  0.31409204 -0.69816554 -0.99839205 -0.1789641 ]
CCOc1nc(C(Cl)(Cl)Cl)ns1,[ 0.5978115   0.73688376 -0.7919498  -0.29366133  0.0881586 ]
CC(C)C(CCC(C)C1CCC2C3C(O)CC4CC(NCCC[NH2+]CCCC[NH3+])CCC4(C)C3CCC12C)OS(=O)(=O)[O-],[ 0.38554436  0.9935705  -0.85753465 -0.9286668  -0.0521453 ]
ClCCCBr,[ 0.10338945 -0.44268405 -0.6257746  -0.698785    0.1028289 ]
CCCCN(CCCC)CCCC,[ 0.07409253  0.93030995 -0.66410506 -0.88989013 -0.41389877]
CC(=O)SCC(=O)Nc1nc2ccccc2s1,[ 0.1642183   0.91529596 -0.5545839  -0.8135396   0.0861802 ]
Cn1c(C2=CCN(CCCN3c4ccccc4Sc4ccc(CC(=O)O)cc43)CC2)cc(=O)n(C)c1=O,[ 0.34651032  0.776359   -0.28961182 -0.54084086 -0.18946369]
O=C(Oc1ccccc1)n1c(C(F)(F)F)nc2cc(Cl)c(Cl)cc21,[-0.13278829  0.33720475 -0.84342575  0.26901743 -0.25983423]
COc1ccc(Oc2ccc(NC(=O)N(C)C)cc2)cc1,[ 0.50492895  0.8951793  -0.14738703 -0.4253862  -0.38499415]
O=[N+]([O-])c1cc(Cl)c2nc(C(F)(F)F)[nH]c2c1,[ 0.09003111  0.5428216  -0.9142408  -0.8661078  -0.02328156]
CN(C)CCC=C1c2ccccc2CCc2ccccc21,[ 0.20925649  0.828457   -0.20337926 -0.38278374  0.38330927]
CN1CCN(c2ccc3ncc(C(N)=O)c(Nc4ccc(Cl)c(Cl)c4)c3c2)CC1,[-0.19167659  0.5411192  -0.63516426 -0.26779073  0.02711682]
COC(C)CC(=O)O,[ 0.33236772  0.6126815  -0.9180792  -0.8727576  -0.5376151 ]
COc1cc2c(cc1OC)C(Cc1cc(OC)c(OC)c(OC)c1)[N+](C)(CCCOC(=O)CC/C=C\CCC(=O)OCCC[N+]1(C)CCc3cc(OC)c(OC)cc3C1Cc1cc(OC)c(OC)c(OC)c1)CC2,[-0.00531682  0.9037566  -0.72242117 -0.71332204 -0.19636543]
CCC(CCCCOC(=O)c1ccccc1)COC(=O)c1ccccc1,[ 0.36107197  0.93955874 -1.         -0.7611053  -0.18371014]
Nc1nc2c(Cc3cccnc3)c[nH]c2c(=O)[nH]1,[ 0.2669943   0.88160956 -0.41140553 -0.9503301   0.0332396 ]
COc1cc(OC)c(S(=O)(=O)NCc2ccccc2N2CCC(COC(=O)CCC(=O)O)CC2)cc1NC(=O)CCC(=O)O,[-0.00914698  0.79400134 -0.9044543  -0.9650122  -0.48753065]
COc1cc2c3cc1Oc1cc(ccc1O)CC1c4c(cc(OC)c(O)c4Oc4ccc(cc4)CC3[NH+](C)CC2)CC[N+]1(C)C,[-0.10239182  0.9463106  -0.95459616 -0.958356   -0.27706265]
Clc1cccc([Si]23OCCN(CCO2)CCO3)c1,[ 0.1241743   0.93493783 -0.72770673 -0.8182729  -0.4138593 ]
CC=C(C(=O)NC(N)=O)C(C)C,[ 0.1855812  -0.61369866 -0.55439335 -0.6005997  -0.23367916]
CO/N=C(/C(=O)NC1C(=O)N2C(C(=O)[O-])=C(C[N+]34CCC(C(N)=O)(CC3)CC4)CSC12)c1nsc(N)n1,[-0.26730895  0.9136665  -0.8966585  -0.8448009   0.1986676 ]
COC(=O)C1=C(C)NC(C)=C(C(=O)OCCN(C)Cc2ccccc2)C1c1cccc(N(O)O)c1,[-0.11830749  0.89557123 -0.17804725 -0.7077593  -0.2001744 ]
O=CCc1ccccc1,[ 0.19312865  0.75981295 -0.86241156  0.29712728 -0.06675283]
C=CCc1cc(OC)c2c(c1)OCO2,[ 0.19337848  0.84602654 -0.68352526 -0.8232626  -0.15736312]
CCOP(=S)(OCC)Oc1cc(-c2ccccc2)on1,[ 0.4923762   0.9371602  -0.6882072  -0.06293225  0.25121197]
CC(C)NCC(O)COc1cccc2ccccc12,[ 0.25993675  0.7097797  -0.72767925 -0.9195913  -0.45383716]
CCCCCCCCCCCCCCCCCCOP(=O)([O-])OCC[N+]1(C)CCCCC1,[ 0.23029037 -0.79126835 -0.4958626  -0.32114428 -0.44744995]
Cc1ccc(N=CN(C)SN(C)C=Nc2ccc(C)cc2C)c(C)c1,[ 0.29009894  0.8018916  -0.07148001 -0.2823259   0.14192642]
COP(=O)(OC)ON1C(=O)c2cccc3cccc(c23)C1=O,[-0.00263703  0.62447053 -1.         -0.3066961   0.4526015 ]
COc1cc2nc(N3CCN(C(=O)c4ccco4)CC3)nc(N)c2cc1OC,[ 0.45096883  0.28500375 -0.786159   -0.4421975  -0.20565554]
C=COC(=O)C=CC,[ 0.06546315  0.8456696   0.46963954 -0.24096404  0.31896746]
CSCC(=O)N(C)C(=O)Oc1ccccc1OC(C)C,[ 0.23256378  0.6271057  -0.72374845 -0.78691506 -0.31984085]
CCOc1cc(OCC)c(C(=O)CCC(=O)O)cc1OCC,[-0.00098562  0.95477283 -0.8291829  -0.8016323  -0.04437523]
O=[N+]([O-])OCC(O)CO,[ 0.13424678  1.         -1.         -0.9835963  -0.05072995]
S=c1[nH]c2cc(Cl)ccc2o1,[-0.02423503  0.9832482  -0.61309075 -0.74501055 -0.42589784]
COc1ccc2c3c1OC1CC(O)C=CC31CC[NH+](C)C2,[-0.40831798  0.85561466 -0.8161304  -0.6454801  -0.39811698]
O=[N+]([O-])c1nccs1,[ 0.12501146  0.62336385 -0.9318169  -0.8414191  -0.2344629 ]
FC(F)(F)c1nc2c(Br)c(Cl)c(Br)cc2[nH]1,[ 0.17377396  0.6078526  -0.39660338 -0.45611188  0.13039263]
CCCN(CCC)c1c([N+](=O)[O-])cc(C)cc1[N+](=O)[O-],[ 0.33627835  0.77714276 -0.28137428 -0.4580759  -0.14153384]
CCN(Cc1cc(C(F)(F)F)ccc1-c1cc(CC(=O)O)ccc1OC)C(=O)NCc1ccccc1,[-0.13857068  0.6923186  -0.7901274  -0.04643489  0.2182569 ]
C=C(C)CN(CC)c1c([N+](=O)[O-])cc(C(F)(F)F)cc1[N+](=O)[O-],[ 0.3088307   0.971211   -0.98671585 -0.67455053  0.05196666]
CNC(=O)OCc1cccc(COC(=O)NC)n1,[ 0.20220518  0.79480696 -0.50134534 -0.09986418  0.09692419]
O=[N+]([O-])c1ccccc1Cl,[ 0.10464847  0.79515475 -0.86919755 -0.63858986  0.11442997]
CCCCOCC1CO1,[-0.33228528  0.4447583  -1.         -0.8667589  -0.09489154]
O=S(=O)(O)c1ccc2cc(Nc3cccc4c(O)c(S(=O)(=O)O)ccc34)ccc2c1O,[ 0.06598897 -0.987548   -0.5018536  -0.26825753  0.03055548]
CC(C)NC(=O)c1cnc(N2CCC(N3C(=O)OCc4ccccc43)CC2)c(Cl)c1,[ 0.16836305  0.911814   -0.6230412  -0.6156144  -0.09616629]
O=C(Cc1ccc(OCc2ccccc2)cc1)NO,[ 0.47785556  0.69998115 -0.84172493 -0.7274287  -0.0741674 ]
C=CCNC(=O)C(=O)C(CCC)NC(=O)C1CC2CN1C(=O)C(C1CCCCC1)NC(=O)Cc1cccc(c1)OCCC(C)(C)O2,[ 0.2712483   0.65538037 -0.8421946  -0.78859395 -0.04909713]
Cc1ncc(CS)c(CO)c1O,[-0.08542409  0.7576226  -0.9546493  -0.8916543  -0.13186975]
C1C[SiH2]C1,[ 0.35732448  0.42684823 -0.6068578  -0.8265248  -0.08415775]
CCC1(CC)C(=O)NCC(C)C1=O,[ 0.35343856 -0.8175448   0.03530269 -0.4953638  -0.13266872]
c1ccc(COCc2ccccc2)cc1,[ 0.12073801  0.7647736  -0.8712818  -0.35821745 -0.16424261]
CCC(=O)OCc1ccc(OC)cc1,[ 0.20137551  0.0304935  -0.42594066 -1.          0.18039232]
COP(=S)(OC)Oc1nc(Cl)c(Cl)cc1Cl,[ 0.253599    0.8774172  -0.9495303  -0.6410205  -0.02271648]
CCCCOc1ccccc1NC(C)=O,[-0.4256781  -0.4064655  -0.81475556 -0.72835135  0.638637  ]
O=CC=CC1CO1,[ 0.2008861   1.         -0.74044216 -0.8285252   0.01918023]
CN(C)N=Nc1nc[nH]c1C(N)=O,[ 0.22494876 -0.18136479 -1.         -0.8208227   0.20282277]
C=CCC1/C=C(\C)CC(C)CC(OC)C2OC(O)(C(=O)C(=O)N3CCCCC3C(=O)OC(/C(C)=C/C3CCC(O)C(OC)C3)C(C)C(O)CC1=O)C(C)CC2OC,[ 0.46128416  0.4237661  -0.5653201  -0.82635754 -0.489208  ]
c1ccc(C2CO2)cc1,[-0.6417884   0.8811131  -0.4861282  -0.52594995  0.23033337]
OCC(O)CO,[ 0.33820263  1.         -0.90021974 -0.43984586  0.19028729]
CN(C)CCOCCOCCN(C)C,[ 0.00769745 -0.6147056  -0.8914365  -0.90630376 -0.07522853]
CC1(C)CC2(NC(=O)N(CCCN3CCC(O)CC3)C2=O)c2cc(F)ccc2O1,[-0.86116874  0.6065944  -0.86919844 -0.51263833  0.11067133]
O=C(OCCc1ccccc1)c1ccccc1,[ 0.48388308  0.43544528 -0.836565    0.00499049 -0.2110078 ]
CCCCCCCCOC(C)=O,[-0.19304773  0.6707567  -0.82396686 -0.9297016  -0.40074086]
CCCSP(=S)(OC)SCCC,[ 0.49703726  0.88552153 -0.8659754  -0.5584966  -0.15510534]
Cc1c(F)cc(C(=O)NC2CC2)cc1-c1ccc(C(=O)NCC(C)(C)C)cn1,[ 0.23731804  0.8708029  -0.66972196 -0.6014063  -0.14765179]
Nc1c(CC(=O)[O-])cccc1C(=O)c1ccc(Br)cc1,[ 0.14706953 -0.4851583  -1.         -0.7380331   0.7922024 ]
CCOC(C)=Cc1oc2ccccc2[n+]1CCCS(=O)(=O)[O-],[ 0.2154618   0.7701586  -0.97870743 -0.67172694  0.89743716]
CC(N)C(O)c1cccc(O)c1,[ 0.13770002  0.7464416  -0.81822765 -0.4994183   0.57699907]
Cc1ccc(N=C=O)cc1,[ 0.44433135  0.4160878  -0.6956074  -0.4904121   0.41768852]
CC[C@@H]1OC(=O)[C@@H](C)[C@H](O[C@@H]2C[C@](C)(OC)[C@H](O)[C@@H](C)O2)[C@H](C)[C@H](O[C@@H]2O[C@H](C)C[C@H](N(C)C)[C@H]2O)[C@@](C)(O)C[C@@H](C)/C(=N\OCOCCOC)[C@H](C)[C@@H](O)[C@@]1(C)O,[ 0.34712753  0.7779806  -0.46601814  0.6820891  -0.34294817]
FC(F)(F)c1nc2c(I)cc(I)cc2[nH]1,[ 0.44104946  0.94802004 -0.7451723  -0.62988925  0.3023331 ]
CCC[NH+]1CCCCC1C(=O)Nc1c(C)cccc1C,[ 0.17450057  0.77100694 -0.7632192  -0.68252337 -0.22993807]
C/C=C/CC(C)C(O)C1C(=O)NC(CC)C(=O)N(C)CC(=O)N(C)C(CC(C)C)C(=O)NC(C(C)C)C(=O)N(C)C(CC(C)C)C(=O)NC(C)C(=O)NC(C)C(=O)N(C)C(CC(C)C)C(=O)N(C)C(CC(C)C)C(=O)N(C)C(C(C)C)C(=O)N1C,[-0.02562587  0.86837244 -0.74750334 -0.9888316  -0.1850653 ]
CCCC1CC(C(=O)NC(C(C)Cl)C2OC(SC)C(O)C(O)C2O)[NH+](C)C1,[ 0.48661426  0.67703533 -0.68877876 -0.0440206  -0.36830646]
O=C(O)Cc1ccccc1N1CCC(CN2CCC(Oc3ccc(Cl)c(Cl)c3)CC2)CC1,[-0.36710972  0.9546654  -0.7868277  -0.770044   -0.26527146]
CCOP(=O)(NC(C)C)SCC(=O)NCOC,[ 0.4103034   0.71336573 -0.82373524 -0.84222    -0.04104815]
Cc1ncsc1C(=O)N(Cc1cc(=O)[nH]c2c(F)cccc12)c1cccc(Cl)c1,[ 0.08373901  0.8929848  -0.7997074  -0.5832001  -0.14590526]
Cc1ccc(C(=O)N(CCCN)[C@@H](c2nc3cc(Cl)ccc3c(=O)n2Cc2ccccc2)C(C)C)cc1,[ 0.48798162  0.8830088   0.5171508  -0.38063508 -0.17667006]
O=C1CCc2cc(C=CCN3CCN(c4ccc(Cl)cc4)CC3)ccc2N1,[ 0.4449145   0.8290435  -1.         -0.265715   -0.37675783]
Cc1ccc2c(c1)c(-c1ccnc3cc(Cl)ccc13)c(C)n2CC(=O)O,[ 0.23237754  0.3748237  -0.24814372 -0.7348194   0.227181  ]
CCCCN1C(=O)c2cccc([N+](=O)[O-])c2C1=O,[ 0.3838465   0.30850685 -0.7408586  -0.63727176  0.31928173]
CC(CO)Oc1ccccc1,[-0.12146442  0.6229876  -0.7715601  -0.7679072  -0.45590428]
CC(C(=O)O[C@@H]1CC[N+](C)(C)C1)(c1ccccc1)C1CCCC1,[-0.07900031  0.83641946 -0.8641817  -0.71480227 -0.3024348 ]
COc1ccc2c3c1OC1C(O)C=CC4C(C2)[N+](C)([O-])CCC341,[-0.11949701  0.8214658  -0.78865093 -0.7555459  -0.4047919 ]
O=C(Cl)C=CC(=O)Cl,[ 0.44593477  0.71016186 -0.82932955 -0.06107175 -0.01209783]
CCOc1ccccc1C(=O)NN=C(C)C(=O)O,[ 0.29739526  0.9640453  -0.9992163  -0.6226984  -0.13589332]
COP(=O)(OC)Oc1ccc([N+](=O)[O-])c(Cl)c1,[ 0.075028   -0.53548926 -0.6132472  -0.543177   -0.20935611]
CCCCSN(C)C(=O)Oc1cccc2c1OC(C)(C)C2,[-0.0810167   0.74760914 -0.552649   -0.7779931  -0.45523265]
CC(C)(C)[NH2+]CC(O)c1cc(O)cc(O)c1,[-0.08379027  0.20318408 -0.9701073  -0.92708355 -0.39263344]
Clc1ccc(N2N=NC3C4CC(C5N=NC45)C32)cc1,[ 0.12719601  0.77667165 -0.74164563 -0.6747213  -0.35297382]
O=C(NC1CC1)c1cc(-c2cccs2)on1,[-0.53508455  0.9430526  -1.         -1.          0.11432508]
COP(=S)(OC)SCSCC=C(Cl)Cl,[ 0.49459785 -0.60930735 -0.6585176  -0.48012954  0.20771566]
NS(=O)(=O)c1cc2c(cc1Cl)NC(C(Cl)Cl)NS2(=O)=O,[ 0.54095703  0.85299534 -0.44431266 -0.93233675 -0.0901228 ]
CNc1c(Br)cnc2[nH]c(-c3ccc(S(C)(=O)=O)cc3)nc12,[-0.09839354  0.6292345  -0.80352205  0.52493083 -0.17360668]
CCN(CC)c1c([N+](=O)[O-])cc(C(F)(F)F)c(N)c1[N+](=O)[O-],[ 0.3867947   0.7169297  -0.8036039  -0.6351489  -0.01784586]
CC[C@H]1NC(=O)[C@@H](NC(=O)c2ncccc2O)[C@@H](C)OC(=O)[C@H](c2ccccc2)NC(=O)[C@@H]2CC(=O)[C@H](CS[C@@H]3CN4CCC3CC4)CN2C(=O)[C@H](Cc2ccc(N(C)C)cc2)N(C)C(=O)[C@@H]2CCCN2C1=O,[ 0.39327627 -1.         -0.75528306 -0.34653455  0.13504519]
COCCNCc1ccc(Nc2ncc3cc(-c4ccncc4)ccc3n2)cc1,[ 0.16155039  0.819506   -0.89571923 -0.6343374  -0.3854236 ]
CC=CC=CC=O,[ 0.2501146   0.10444129 -0.32980087 -0.10805745 -0.3683228 ]
COC(=O)c1ccccc1,[ 0.51016086  0.8376017  -0.60383147 -0.870739   -0.19061561]
Oc1ccc(O)cc1,[-0.00294081  0.803703   -0.56027615  0.10887985 -0.17121358]
CC(Cl)(Cl)[N+](=O)[O-],[-0.33153746  0.8766563  -0.7006292  -0.9361222  -0.26715565]
CCOC(C1=NCCCN1)c1c(Cl)cccc1Cl,[ 0.5439047   1.         -0.98329854 -0.8052964  -0.03585593]
CCCCC(=O)N(Cc1ccc(-c2ccccc2-c2nnn[n-]2)cc1)C(C(=O)[O-])C(C)C,[ 0.4006489   0.92463624 -0.8237237  -0.7303212  -0.05986196]
CN(C)C(Cc1ccccc1)c1ccccc1,[ 0.519379    0.8038967  -0.90856856 -0.99532676 -0.3136012 ]
CC(=O)Nc1ccc(CNc2[nH]nc3ccnc(Oc4ccccc4)c23)cc1,[ 0.30839804  0.7110358  -0.67557317 -0.6503365  -0.44591042]
CCCP(=O)(CCC)CCC,[-0.252166    0.8784404  -0.22656919 -0.53199315 -0.03201237]
CCC1=C(C)CN(C(=O)NCCc2ccc(S(=O)(=O)[N-]C(=O)NC3CCC(C)CC3)cc2)C1=O,[-0.10896128  0.99407387 -0.56152016 -0.8842579   0.00352166]
O=C(Nc1ccccc1-c1ccccc1)OC1CCN(CCCCCCCCCNC[C@H](O)c2ccc(O)c3[nH]c(=O)ccc23)CC1,[ 0.12406061  0.815983   -0.8877602  -0.5002752  -0.5071849 ]
O=C(O)COc1ccc(Cl)cc1CN1CCN(S(=O)(=O)Cc2ccccc2)CC1,[ 0.42298195  0.72532105 -0.56119096 -0.86405784  0.01080308]
COc1c(Cl)ccc(Cl)c1C(=O)OCCN(CCOC(=O)c1c(Cl)ccc(Cl)c1OC)c1ccccc1,[ 0.22730738  0.7538373  -0.5880854  -0.8716379   0.4674725 ]
C=CCn1c(N)cc(=O)n(CC)c1=O,[ 0.0459397  -0.10444465 -0.3364093  -1.          0.35918966]
CCC(C)N(C)C(=O)c1cc2ccccc2c(-c2ccccc2Cl)n1,[ 0.5581499   0.9195388  -0.6910953  -0.9042879  -0.48541585]
COP(=S)(OC)Oc1cnc2ccccc2n1,[ 0.4898119   0.5221455  -0.80301523 -1.          0.32731864]
Cc1ccsc1C(=CCC[NH+]1CCCC(C(=O)[O-])C1)c1sccc1C,[-0.27743527  0.61796767 -0.58812696 -1.          0.6081723 ]
CC(O)C1C(=O)N2C(C(=O)[O-])=C(SC3CCS(=O)C3)SC12,[-0.1271873   1.         -0.76425266 -0.845485    0.20373288]
COc1cc(OC)c(S(=O)(=O)N2c3ccccc3CCC2C)cc1NC(=O)COCC(=O)O,[ 0.15354897  0.84997755 -0.26607051 -0.61303896 -0.13172147]
CC1CS1,[ 0.23426233  0.9192542  -0.8388613  -0.9443701  -0.04991022]
CCCN(N=O)C(N)=O,[ 0.30881104  0.66304827 -0.8302202  -0.85955197  0.05369252]
CCC(c1ccccc1)c1c(O)c2ccccc2oc1=O,[ 0.31983772  0.89889234 -1.         -0.90054107 -0.17371905]
COCCNC(=O)c1ccc(Nc2ncc3cc(-c4ccncc4)ccc3n2)cc1C,[ 0.07104068 -0.40186033 -0.86699355 -1.          0.6314514 ]
Cc1ccc(Nc2ccc(Nc3ccc(C)cc3)c3c2C(=O)c2ccccc2C3=O)cc1,[ 0.31092775  0.6055066  -1.         -0.8692486   0.26077297]
O=C(O)CCC(=O)O,[ 0.17199138  0.9681727  -0.7870038  -0.12372759 -0.14357138]
C[C@@H](NC1=CC(=O)CC1)c1ccc(Nc2ncc3cc(-c4ccncc4)ccc3n2)cc1,[ 0.2714587   0.8118568  -0.7765403  -0.42416275 -0.16506392]
Cc1ccc(C(=O)c2ccc(CC(=O)NCC(=O)Nc3cccc(C)c3C)n2C)cc1,[ 0.18928589  0.72353494 -0.40702462 -0.4260789   0.17809059]
ClC(Cl)(Cl)c1cccc(C(Cl)(Cl)Cl)c1,[ 0.2922564   0.83366007 -0.8319976  -0.9148728   0.5905405 ]
C[C@H](CSN=O)C(=O)N1CCC[C@@H]1C(=O)O,[ 0.12986101  0.80271417 -0.82626456 -0.533008   -0.05786717]
CC(O)COC(C)CP(CC(C)OCC(C)O)CC(C)OCC(C)O,[-0.16101806  0.78446436 -0.7940256  -0.92538023  0.02514635]
O=C(Nc1cccc(Cl)c1)OCC#CCCl,[ 0.19350807  0.8505665  -0.8836093  -0.7859111  -0.3698539 ]
COC1CCC=CO1,[ 0.23228803  0.87696993 -0.84043366 -0.4848473   0.20212059]
C#CC(C)(C)O,[ 0.5994824   0.7949199  -0.98179024 -0.29260314 -0.00299322]
CCCCCCCCCCCC(=O)OCC(O)C1OCC(O)C1O,[ 0.6829966   0.6621083  -0.762027   -0.07385284 -0.01089358]
CCCC(=O)OC1(C(=O)COC(=O)CC)CCC2C3CCC4=CC(=O)CCC4(C)C3C(O)CC21C,[ 0.04520261  0.70576537 -0.9925377  -0.6823973   0.13734362]
S=C1NCCNC(=S)S1,[ 0.08996617  0.6648972  -0.70007    -0.7472211  -0.49555972]
CSCCC([NH3+])C(=O)NC1(C(=O)[O-])CS(=O)(=O)C2C(C(=O)[O-])C21,[ 0.6978887   0.28214663 -0.36843956 -0.78749204 -0.44919112]
COc1cc(OC)c(S(=O)(=O)N2c3ccccc3CCC2C)cc1NC(=O)CSCC(=O)O,[-0.11806227  0.86399615 -0.7058435  -0.86980283  0.73907536]
CCOC(=O)CCC[Si](C)(OCC)OCC,[ 0.3224632   1.         -0.77098334 -0.8099846   0.11669774]
CCCCOC(=O)C1CC1OCCCC,[ 0.21598858  0.8164025  -0.6083428  -0.5317099  -0.02818104]
CCOC(=O)Nc1ccc(NCc2ccc(F)cc2)cc1N,[ 0.25426534 -0.61266714 -1.         -0.7202987   0.08336572]
CNC(=O)ON=C(C)SCC(N)=O,[-0.23332934 -0.20611209  0.32758588 -0.93008864 -0.4976385 ]
CNCC(O)c1cccc(O)c1,[ 0.10886718  0.7504181  -0.41129315 -0.75268626 -0.07116105]
CCOc1ccccc1OC(c1ccccc1)C1C[NH2+]CCO1,[-0.04057172  1.         -0.5292048  -0.8798408  -0.30732328]
CCCCN(CCCC)SN(C)C(=O)ON=CC(C)(C)SC,[-0.13861758  0.37190142 -0.09970245 -0.41621462 -0.39108044]
O=c1[nH]c2c(O)ccc([C@@H](O)CNCCSCCCNCCc3cccc(Cl)c3Cl)c2s1,[ 0.34591344  0.44815922 -0.63627535  0.5384834  -0.14676914]
O=C1C2CC3C1C1(Cl)C(Cl)C4(Cl)C2C3C1(Cl)C4(Cl)Cl,[ 0.55694526  0.8297099  -0.80762434 -0.6439978   0.13854778]
CCOC(=O)c1ccc(C#Cc2ccc3c(c2)C(C)(C)CCS3)nc1,"[ 5.5531133e-04  4.7782177e-01 -6.5736693e-01 -5.8307338e-01
 -5.6738782e-01]"
C[C@]12C[C@H](O)[C@H]3[C@@H](CCC4=CC(=O)CC[C@@]43C)[C@@H]1CC[C@]2(O)C(=O)CO,[ 0.1853479   0.9772411  -0.85557896 -0.7716101   0.23128031]
CC(C)=CCN1CCC2(C)c3cc(O)ccc3CC1C2C,[ 0.18906066  0.99946    -0.8167789  -0.87675345 -0.03528465]
N#Cc1ccc2[nH]c(C(F)(F)F)nc2c1,[ 0.10286408  0.8990746  -0.63788855 -0.83203757 -0.20180307]
O=C(CCC(=O)OC1CCCCC1)OC1CCCCC1,[-0.17592046  0.5551665  -0.9526347  -0.8464217   0.12979445]
C=CCOC(=O)CCCCC,[0.14771137 0.71710545 0.24454655 0.6851933  0.27296087]
COc1cc(C=CC(N)=O)ccc1O,[ 0.3093033   0.67938846 -0.9400139  -0.70704645 -0.03534285]
CC(O)C(Cl)(Cl)Cl,[ 0.27985838  0.80432093 -0.37544996  0.1282042  -0.41463134]
CN(C1CCCCC1)C1CCCCC1,[ 0.40475568  0.74189264 -0.8701035  -0.6955408   0.00379618]
COc1cc2nc(N3CCN(C(=O)C4COc5ccccc5O4)CC3)nc(N)c2cc1OC,[ 0.2137716   0.9882506  -0.74454236 -0.32834908  0.51320255]
CC1(C)C(C=C(Cl)Cl)C1C(=O)OCc1c(F)c(F)c(F)c(F)c1F,[ 0.35429382  0.8783283  -0.86142033 -0.53947854 -0.29658124]
ClCc1cccc2ccccc12,[ 0.39790738  0.905127   -0.9862359  -0.67733395 -0.27008045]
COc1c2ccoc2c(OCC2OC2(C)C)c2oc(=O)ccc12,[ 0.45655963  0.7194402  -0.8252283  -0.45010537  0.49689063]
C=C[Si](OC)(OC)OC,[ 0.13212262  0.7622855  -0.51320183 -0.77820516  0.15468016]
CCC(CC)C(=O)OCCOCCOCCOC(=O)C(CC)CC,[ 0.5212753   0.87598306 -0.63179404  0.32128018 -0.40801087]
CC([NH3+])Cc1ccccc1,[ 0.05104317  0.47448608 -0.7591702  -0.73667693 -0.23355693]
O=C(O)CC(CC1CCN(C(=O)CCc2ccc3c(n2)NCCC3)CC1)C1CNc2ccccc2C1,[ 0.40007967  0.5577233   0.42953968 -0.4437943   0.2999185 ]
CC(C)NCC(O)c1ccc(O)c(O)c1,[-0.08619237  0.9737327  -0.45974585 -0.16599795 -0.16150315]
COc1cc(C(=O)NC2CCCNC2)cc(OC)c1OC,[ 0.06339878  0.78297555 -0.48413366 -0.58773583  0.02097182]
Cc1cc(=O)nc(SCc2ccccc2N(C)C)[nH]1,[-0.0391187   0.6766382  -0.8053922  -0.77876264 -0.18082158]
COc1c(OP(=S)(OCC(C)C)OCC(C)C)cnn(C)c1=O,[ 0.2702951   0.34911287 -0.97285336 -0.985612    0.21487008]
COc1ccc(-c2nc3c(NCCCNC(C)=O)c(Br)cnc3[nH]2)cc1,[ 0.18763839  1.         -0.77226686 -0.4466746  -0.2677565 ]
CC(C)CNC(=O)NS(=O)(=O)c1ccc(Cl)cc1,[-0.40254095  0.72336924 -0.7742234  -0.4406473   0.09965087]
CCN(CC)CCNC(=O)c1cc(Br)c(N)cc1OC,[-0.04997088  0.8722128  -0.4389545  -0.7299843  -0.23195532]
CC(c1ccccn1)c1c(CC[NH+](C)[14CH3])sc2ccccc12,[-0.289169    0.68192905  0.4098694  -0.4682245  -0.11921242]
Oc1ccc2c(c1)CCC2,[ 0.41982126  0.79141843 -0.8845665  -0.95726323  0.03302583]
Cc1ccc2nc(C[N+]34CCC(CC3)[C@@H](OC(=O)[C@](C)(c3ccccc3)N3CCCCC3)C4)oc2c1,[ 0.5649598   0.79619414 -0.9035405  -0.20113692 -0.62403405]
CCP(=O)(OC)SC,[-0.26599514  0.8341136  -0.7972553  -1.         -0.34767765]
CN[C@@H](C)[C@@H](O)c1ccccc1,[-0.09405058 -0.8303893  -1.         -1.          0.34560657]
CCCOP(=O)(OC=C(Cl)Cl)OCCCl,[ 0.18656786  0.7940836  -0.98207676 -0.7560242  -0.29328004]
CCCCC(CC)COCCC#N,[ 0.17217016  0.7881536  -0.04524824 -0.92220134 -0.06772254]
CN1CCN(CCC=C2c3ccccc3Sc3ccc(S(=O)(=O)N(C)C)cc32)CC1,[-0.42590487  0.8136698  -0.5046586  -0.7182309  -0.17682616]
CCCOC(=O)Cc1ccc(OCC(=O)N(CC)CC)c(OC)c1,[-0.7941728   0.66714054 -0.6658246   0.01711456  0.32645154]
CCc1nc2cc(O)ccc2c(Oc2ccc(/C=C/C(=O)O)cc2)c1-c1ccccc1,[-0.10346086  0.9232677  -0.5866344  -0.8211282   0.07209072]
CN1C(=O)CC(N2CCN(CCCN3c4ccccc4COc4ccc(CC(=O)O)cc43)CC2)N(C)C1=O,[ 0.11220498  0.87754047 -0.49655384 -0.17982809 -0.23486994]
O=[N+]([O-])c1cc2[nH]c(C(F)(F)F)nc2cc1Cl,[ 0.85630345  0.6551752  -0.79432154 -0.54148924 -0.37633154]
CBr,[-0.5094942  0.8261368 -0.9201188 -1.         0.2851456]
C=CCc1ccc(OC(C)=O)c(OC)c1,[ 0.3709903   1.         -1.         -0.9994608   0.23785244]
Nn1cnc2cc3ccccc3cc2c1=O,[-0.03729577  0.6966515   0.3864399  -0.44863957 -0.19415079]
CCCCCCCCC1OC1CCCCCCCC(=O)OCC1(CC)OC1CCC,[ 0.05318132 -0.73079    -0.7232479  -0.41378847 -0.3445773 ]
O=C(c1ccccc1)c1cccc2c1CCC2C(=O)O,[ 0.1320717   0.82050925 -0.4954254  -0.5698384  -0.17948301]
CCCCCCC(N)C(=O)N[C@@H](Cc1c(C)cc(O)cc1C)C(=O)N1CCC[C@@H]1C(=O)N[C@@H](Cc1c[nH]c2ccccc12)C(=O)N[C@@H](Cc1ccccc1)C(N)=O,[ 0.20488784  0.7172096  -0.9419133  -0.7329902  -0.38496804]
Nc1nc2ccc(OC(F)(F)F)cc2s1,[-0.522061    0.75637203  0.25452152 -0.4954565   0.6309553 ]
CCCCSCCCC,[ 0.36630347  0.8798658  -0.7582392  -0.68952006  0.423822  ]
C=CC[N+]1([C@H]2C[C@H]3[C@@H]4CC[C@H]5C[C@H](O)[C@@H](N6CCOCC6)C[C@]5(C)[C@H]4CC[C@]3(C)[C@H]2OC(C)=O)CCCC1,[ 0.08254827  0.75829256  0.9270607  -0.78936124  0.5013095 ]
CCOc1ccc([C@@H](C)Nc2nc(N3CCN(C(C)=O)CC3)nc3c2CN(C(C)C)C3=O)cc1,[-0.75026727  0.184605   -0.6675783  -0.46646178 -0.3656383 ]
C[C@@H]1O[C@@H](O[C@H]2[C@@H](O)C[C@H](O[C@H]3C[C@](O)(C(=O)CO)Cc4c(O)c5c(c(O)c43)C(=O)c3ccccc3C5=O)O[C@H]2C)C[C@H](N)[C@@H]1O,[ 0.07003876  0.6574767   0.2414968  -0.46805692 -0.3904392 ]
Nc1ccn([C@@H]2O[C@H](CO)[C@@H](O)C2(F)F)c(=O)n1,[ 0.11283296  0.8483031  -0.94162256 -0.65771943 -0.27958867]
Cc1cnc(C)cn1,[ 0.14036968 -0.30229637 -0.7920008  -0.28499448  0.5350936 ]
CCCN(CCC)c1c([N+](=O)[O-])cc(S(N)(=O)=O)cc1[N+](=O)[O-],[ 0.05094485 -0.32258373 -0.82089525 -1.          0.25925294]
CSc1ccc(C(=O)c2[nH]c(=O)[nH]c2C)cc1,[ 0.3079146  1.        -1.        -0.8631861  0.7765595]
CCNC(=O)C(C)OC(=O)Nc1ccccc1,[ 0.36208725  0.7588414  -0.87324965 -0.8608525   0.59071606]
C=C(Cl)C#N,[ 0.05943212  1.         -1.         -0.49014932 -0.33573207]
OC(CCN1CCCC1)(c1ccccc1)C1CCCCC1,[-0.2077775   0.9222844  -0.82477444 -0.81217325 -0.09450026]
NC(=S)NNCNNC(N)=S,[ 0.22532125 -0.9327545  -0.7778807  -0.29099458 -0.28088224]
COP(=S)(OC)Oc1ccc(S(N)(=O)=O)cc1,[ 0.23325409  0.10700281 -0.7893391  -0.6084453   0.3135653 ]
CCCCC(CC)COCCO,[-0.41179323  0.67464775 -0.85415536 -0.7400367   0.19345878]
CCOC(C)COC(C)CO,[ 0.3681849   0.7183034  -0.6977627  -0.31958356 -0.05436552]
Cc1c(C(=O)NCCO)[n+]([O-])c2ccccc2[n+]1[O-],[ 0.3430483   0.7114528  -0.10015423 -0.04659128 -0.3165799 ]
COc1cnc(-c2ccccc2C(F)(F)CNC(=O)c2ccc(COCC(F)(F)F)nc2)cn1,[-0.21703914 -0.04863838 -0.43400452 -0.8873457  -0.04145139]
Cc1ccc(-c2ccccc2)cc1,[ 0.16149363  0.54091173 -0.95141935 -0.83997035 -0.13417158]
O=C(O)CCC(=O)OC1CCCCC1,[-0.12979475  0.74068177 -0.6737074  -1.         -0.05630464]
COc1ccc2ncc(=O)n(CCN3CC[C@@H](NCc4cc5c(cn4)OCCO5)[C@H](O)C3)c2c1,[ 0.28100106  0.38194868 -0.85787183 -0.8380589   0.1531631 ]
COCc1c(C(C)C)nc(C(C)C)c(/C=C/[C@@H](O)C[C@@H](O)CC(=O)O)c1-c1ccc(F)cc1,[ 0.33236265  0.46849242 -0.8330954  -0.5309446  -0.04363488]
O=c1[nH]c2ccccc2n1CCC[NH+]1CCC(n2c(=O)[nH]c3cc(Cl)ccc32)CC1,[-0.02825157 -0.17550348  0.5349925  -0.76961875 -0.51324743]
CN1CCCCC1CCN1c2ccccc2Sc2ccc(S(C)=O)cc21,[ 0.2585256  -0.6009934  -0.5737137  -0.6063509   0.77851117]
O=C(NCC12CC3CC(CC(C3)C1)C2)c1cc(-n2ncc(=O)[nH]c2=O)ccc1Cl,[ 0.31141546  0.3766241  -0.8295425  -0.5242753  -0.17759283]
CCOP(=S)(NC(C)C)Oc1ccccc1C(=O)OC(C)C,[-0.39150327  0.8363839  -0.9193273  -0.7026547   0.39111608]
C=CCN1CCC23CCCCC2C1Cc1ccc(O)cc13,[-0.5255327   0.59862316 -0.7304827  -0.8252671  -0.196603  ]
COc1cc2c3c(c1O)C1(C=CC(=O)C=C1)CC3N(C)CC2,[ 0.36245605 -0.2149257  -1.         -0.44789633 -0.03931012]
C[C@H](Cn1cnc2c(N)ncnc21)OCP(=O)(O)O,[ 0.23132907  0.12883432 -0.6972792  -0.64591914  0.59976965]
CC1(C)C2CCC1(C)C(O)C2,[ 0.03033246 -0.40785667 -0.9670105  -0.46954548 -0.1733282 ]
CCOP(=S)(OCC)OC(=CCl)c1ccc(Cl)cc1Cl,[-0.05707721 -0.31338474 -0.6742044  -1.          0.59191453]
Clc1ccc(C(OCCN2CCCCC2)c2ccccc2)cc1,[-0.32627404  0.87869954 -0.9124198  -0.80860955  0.15318967]
Nc1ccc(N)cc1,[ 0.30607453  0.7132261  -0.20912664 -0.9304621  -0.00876938]
NC(=O)CF,[-0.27733088  0.85343087 -0.8567886  -0.5644048   0.5452057 ]
O=P([O-])([O-])C(Cl)(Cl)P(=O)([O-])O,[ 0.24352306  0.81601244 -0.6615948  -0.6310237  -0.10344638]
CCOP(=O)(O)O,[-0.09934258 -0.5381029  -0.65216357 -0.6160333  -0.0195438 ]
Cc1nn(C)c(Oc2ccccc2)c1C=NOCc1ccc(C(=O)OC(C)(C)C)cc1,[-0.00218983 -0.7249496  -0.46885094 -0.55478555  0.40964863]
CCCCOP(=O)(O)OCCCC,[ 0.2754843  -0.71431553 -0.70386523 -0.6217425   0.02437238]
N#Cc1c(-c2ccc(-c3ccncc3Cl)cc2)nc2ccncc2c1O,[ 0.21388169  0.8296697   0.13615488 -1.          0.05659945]
ClCC1C(CCl)C2(Cl)C(Cl)=C(Cl)C1(Cl)C2(Cl)Cl,[ 0.51962835  0.7383483  -0.75287586 -0.5722457  -0.03402638]
C(=NC1CCCCC1)=NC1CCCCC1,[ 0.47404996  0.82563204 -0.7224546  -0.6860389  -0.14906792]
CCC[C@H](NC(=O)[C@@H]1[C@H]2CCC[C@H]2CN1C(=O)[C@@H](NC(=O)[C@@H](NC(=O)c1cnccn1)C1CCCCC1)C(C)(C)C)C(=O)C(=O)NC1CC1,[ 0.4882703   0.5605195  -0.8018936  -0.81720835 -0.25065047]
CN(CC=CC#CC(C)(C)C)Cc1cccc2ccccc12,[-0.24986407  1.         -0.85372263 -0.6720521  -0.22834125]
Cc1ccc(CO)cc1N(C)c1ccnc(Nc2cc(N3CCCOCC3)cc(N3CCOCC3)c2)n1,[ 0.7105481   0.6509528   0.17653923 -0.7680603  -0.4345966 ]
O=C(O)COc1ccc(C(=O)CN2CCN(C3CCNCC3)CC2=O)cc1,[ 0.6735318   0.54739386 -0.79776776 -0.50372905 -0.3177697 ]
C=CC[NH+]1CCCC1CNC(=O)c1cc(S(=O)(=O)NC)c(N)cc1OC,[ 0.20172581  0.99967164  0.22658944 -0.17501372 -0.1940255 ]
N#CC(c1ccccc1)c1ccccc1,[ 0.50086063  0.6427824  -0.6673629  -0.98200876 -0.09192141]
CCCCCCOC(=O)C(O)c1ccccc1,[ 0.2297752   0.12566358 -0.9026116  -0.795223    0.9708166 ]
CCC(C)CCCCC(=O)NC(CCN)C(=O)NC(C(=O)NC(CCN)C(=O)NC1CCNC(=O)C(C(C)O)NC(=O)C(CCN)NC(=O)C(CCN)NC(=O)C(C(C)O)NC(=O)C(CC(C)C)NC(=O)C(CCN)NC1=O)C(C)O,[ 0.27259025  0.83598316 -0.7421344  -0.95667213 -0.01927708]
CC(C)OCCO,[-0.25562212  0.8429978  -0.4677821  -0.6589285  -0.02058803]
NCCNCCNCc1ccccc1O,[ 0.10749003  0.9193714  -0.64921725 -1.          0.4942546 ]
Cn1cncc1CN(CCN(Cc1ccccc1)S(=O)(=O)c1ccccn1)c1ccc(C#N)cc1,[ 0.33677334  0.4331814  -0.7292436  -0.51347625  0.06925807]
CC#CCC(C)C(O)C=CC1C(O)CC2Oc3c(CCCC(=O)O)cccc3C21,[ 0.2422949   0.9397055  -0.7754322  -0.550807   -0.35414964]
Cc1cc(Nc2cncc(N[C@@H](C)c3ccc(F)cn3)n2)n[nH]1,[-0.08670416 -0.35393718 -0.46306136 -0.35289454  0.32701162]
CC(C)(C)c1nnc(NS(=O)(=O)c2ccccc2)s1,[ 0.4063315   0.8624366  -0.16075583 -0.39988154 -0.10271613]
CC(C)CCCC1CCC(C)(C(=O)NCC(=O)O)CC1,[ 0.20278299 -0.22152805 -0.13388431 -0.93671656 -0.10712751]
CC(=S)NC[C@H]1CN(c2ccc(-c3nnc(CNS(C)(=O)=O)s3)c(F)c2)C(=O)O1,[ 0.5098279   0.76565087 -0.8412699  -0.6966157  -0.36267906]
O=[N+]([O-])c1c(Cl)c(Cl)c(Cl)c2nc(C(F)(F)F)[nH]c12,[ 0.3438292   0.5420918  -1.         -0.97883093  0.05991972]
CC(C)CCC(C)Nc1ccc(Nc2ccccc2)cc1,[-0.10733013  0.72303486 -1.         -0.9802485  -0.42083523]
OCCNCCc1ccccc1,[ 0.6912229   0.7436936  -0.6240089  -0.79780006 -0.1692234 ]
COC(=O)C(C)NP(=O)(OC[C@@H]1C=C[C@H](n2cc(C)c(=O)[nH]c2=O)O1)Oc1ccc(I)cc1,[ 0.09332686 -0.30091557 -0.72533226 -0.79269844 -0.15632686]
COP(=S)(OC)Oc1cc(Cl)c(Cl)cc1Cl,[ 0.21757798  0.6214231  -0.6627166  -0.70267403 -0.41529518]
C=C(C)c1ccc(C(C)(C)N=C=O)cc1,[ 0.02444778  0.9564462  -0.71622646 -0.72188073 -0.5284398 ]
COP(=S)(OC)SCc1nnc(C(C)C)o1,[-0.46353003  0.55576557 -0.94883835 -0.7183929  -0.39578387]
CC(C)(C)c1cc(CCC(=O)OCCSCCOC(=O)CCc2cc(C(C)(C)C)c(O)c(C(C)(C)C)c2)cc(C(C)(C)C)c1O,[ 0.19432016  1.         -0.4278553  -0.8385768  -0.01078879]
C=CC(=O)OCC(=O)OCC,[ 0.45668572  0.51243603 -0.66597414 -0.7641931   0.01734676]
Cc1cc(Nc2nc(N[C@@H](C)c3ccc(F)cn3)c(C#N)nc2C)n[nH]1,[-0.0853797  -0.17829165 -0.8025636  -0.50193393  0.16747117]
O=C(NCc1ccc(OC(F)(F)F)cc1)C1c2ccccc2C(=O)N1CCc1ncc(F)cn1,[ 0.504453    0.7448406  -0.85624933 -0.47508952 -0.3926265 ]
CCNc1nc(NC(C)C(C)C)nc(SC)n1,[ 0.35907152  0.8772388  -0.5462176  -0.5096194  -0.16939886]
CCN(CC)CCCCCCCCCCNC(=O)Oc1ccc2c(c1)C1(C)CCN(C)C1N2C,[ 0.63521284  0.6509541  -0.16448164 -0.619453   -0.01629929]
O=C(CF)Nc1ccccc1,[-0.46703845  0.9996028  -1.         -0.74338686  0.8288525 ]
CCCSP(C)(=S)Oc1ccc(Cl)cc1Cl,[ 0.46821326  0.78954685  0.05996624 -0.44489413 -0.34344256]
C#CC1(O)CCC2C3CCC4=CC(=O)CCC4C3C(=C)CC21CC,[ 0.04008697  1.         -0.67739767 -0.20834531 -0.04436391]
CCCOCCN(C(=O)CCl)c1c(CC)cccc1CC,[ 0.18896614  0.8442552   0.1335178  -0.15816256 -0.05675994]
CC=CC(C)=O,[ 0.5676707   0.8132053  -0.40178937 -0.9082192   0.5814882 ]
Cc1cc(C)c(C)cc1C,[ 0.36683723  0.9443882  -0.7447857  -0.72164106  0.4940731 ]
CCCN(CCC)c1c([N+](=O)[O-])cc(C(C)C)cc1[N+](=O)[O-],[-0.11318193  0.8060092  -0.77589107 -0.81687075 -0.34990418]
O=C(CCl)OC1=C(OC(=O)CCl)C(=O)OC1=O,[-0.11783431  0.74666965 -0.52810496 -1.         -0.19014822]
CN(C)c1ccc(O)c2c1CC1CC3C([NH+](C)C)C([O-])=C(C(N)=O)C(=O)C3(O)C(O)=C1C2=O,[-0.08420529  0.7973817  -1.         -1.         -0.23682883]
C1COCCOCCNCCOCCOCCN1,[ 0.08889735  0.7868389  -0.77579546 -0.7147243   0.11138506]
COCCOCc1ccccc1,[ 0.5049087   0.9475595  -0.88273317 -0.5765755   0.10488308]
C=CCI,[ 0.31062675  0.37864107 -0.74815094  0.2504941   0.16156402]
ClCc1ccccc1,[ 0.49233732  0.8500399  -0.2764052  -0.72225153  0.01775358]
COC(=O)c1c(Cl)cccc1-c1cnc([C@@H](C)NC(=O)C2(NC(=O)C(F)(F)F)CC2)c(F)c1,[-0.20570356  0.51252425 -0.98289436 -0.8561842  -0.31989533]
CCC(C)OC=O,[ 0.45815852 -0.42662472 -0.5826837  -0.8010831  -0.5321477 ]
CC(C)Nc1nc(Cl)nc(NC(C)C)n1,[ 0.5391948   0.71046007 -0.73080355 -1.          0.2056076 ]
CNC(=O)Oc1cc(C)c(N(C)C)cc1C(C)C,[ 0.49450147  0.89604    -0.7864294  -0.09261429 -0.08904672]
COP(=O)(OC)SC(CC(=O)OC(C)C)C(=O)OC(C)C,[ 0.3270224   0.91086006 -0.50798845 -0.6249402   0.1316116 ]
CC1(C)C2CC=C(CCO)C1C2,[ 0.17221265  0.77194804 -0.745732   -0.5943834   0.25141793]
CCCCCCCCCCCCCCCCCC(=O)Cl,[ 0.48241234  0.84677947 -0.8096609  -0.55775887  0.41338605]
C[NH+](CCOc1ccc(NS(C)(=O)=O)cc1)CCc1ccc(NS(C)(=O)=O)cc1,[-0.3738194  -0.54612833 -0.46431136 -0.7519021  -0.3667352 ]
CCOC(=O)Cl,[ 0.03708052  0.12794158 -0.7379564  -0.19858408 -0.09039819]
O=C(NCCNCC(O)COc1ccc(O)cc1)N1CCOCC1,[-0.04440146  0.2870418  -0.9394715  -1.         -0.23364562]
C[C@H](CO)Nc1nc(SCc2ccccc2F)nc2[nH]c(=O)sc12,[-0.04795453  0.9131     -0.8953391  -0.6148006   0.2559976 ]
O=[N+]([O-])c1ccc(C=NNC(=S)N2CCCC2)o1,[ 0.33919534  0.8165168  -0.44558707 -0.80001956 -0.4684327 ]
N=C(Nc1c([N+](=O)[O-])cnc2ccccc12)N1CCOCC1,[-0.3573336   0.8534752  -0.81315845 -0.8334202  -0.05750759]
C[C@@H]1O[C@@H](O[C@@H]2[C@@H](O)[C@H](OCCc3ccc(O)c(O)c3)O[C@H](CO[C@@H]3O[C@H](CO)[C@@H](O)[C@H](O)[C@H]3O)[C@H]2OC(=O)/C=C/c2ccc(O)c(O)c2)[C@H](O)[C@H](O)[C@H]1O,[-0.45232224  0.8547321  -0.82033557 -0.47649914  0.04983033]
C[NH2+]C(C)C1CCC(N)C(OC2C(N)CC(N)C(OC3OCC(C)(O)C([NH2+]C)C3O)C2O)O1,[ 0.20077337  0.79673994 -0.51922715 -0.4420244  -0.07805722]
NCCCCN,[ 0.18815832  0.7088804  -0.4969224  -0.5053737   0.01679695]
c1cc(-c2ccc3nc(Nc4ccc(OCCN5CCCC5)cc4)ncc3c2)ccn1,[-0.4011839   0.92124695 -0.27370918 -0.688393    0.33624375]
CN(CCCOCCOCCc1ccccc1)CCc1ccc(O)c2nc(O)sc12,[-0.8482177   0.57330036 -0.0921435  -0.67168444 -0.2983852 ]
CCc1nn(C2CCCC2)c2c1CCn1c(-c3cccs3)nnc1-2,[-0.06881951  1.         -0.98934674 -0.8851226   0.94340235]
O=C(O)CCCCCC(=O)O,[ 0.28322604  0.8268234  -0.58850324 -0.27893442 -0.3960081 ]
CCc1c2c(nc3ccc(O)cc13)-c1cc3c(c(=O)n1C2)COC(=O)[C@]3(O)CC,[ 0.1880326   1.         -1.         -0.78034705 -0.13358761]
COC(C)COC(C)COC(C)CO,[ 0.58482563  0.24311867 -0.75364697 -0.36637837 -0.17016748]
CCC(C)(C)OC(=O)Nc1ccco1,[ 0.56759846  0.536524   -0.8219715   0.05138807 -0.0516667 ]
CCCCOC(=O)c1ccc(-n2nc(OCCN3CCCCC3)c3ccccc32)cc1,[ 0.4396891   1.         -0.898928   -0.99084705  0.39705366]
CC(C)(C)c1ccc(C(=O)O)cc1,[ 0.45814684  0.5086961  -0.6232104   0.55015016  0.37466964]
CSCCNc1nc(SCCC(F)(F)F)nc2c1ncn2C1OC(COP(=O)([O-])OP(=O)([O-])C(Cl)(Cl)P(=O)([O-])[O-])C(O)C1O,[ 0.20001653  0.71124077 -0.6488024  -0.1732119   0.01620889]
C[C@@H]1NC(=O)[C@H](C)N(C)C(=O)[C@@H](C)N(C)C(=O)[C@H](C)NC(=O)[C@@H](C)NC(=O)[C@@H](C)N(C)C1=O,[-0.00396628  0.79431117 -0.9844947  -0.8324654   0.03051033]
O=[N+]([O-])c1cc(Cl)c(N=Nc2ccc(N3CCS(=O)(=O)CC3)cc2)c(Cl)c1,[-0.29013532  0.5758295  -0.7232927  -0.7616321  -0.09588675]
Nc1ccc(Cl)cc1,[ 0.43862355  0.8008173  -0.02821193 -0.7126255  -0.07739154]
CCC(C)(C)c1ccc(Cl)c(OC(=O)NC)c1,[ 0.4928509   0.6664672  -0.7666139  -0.35258776  0.42045838]
O=P([O-])([O-])C(O)(Cn1ccnc1)P(=O)([O-])O,[-0.8097137   0.7605269  -0.63140815 -0.37442738 -0.1279265 ]
CC(C)(C)c1cc(O)ccc1O,[ 0.32422325  0.84216785 -0.4811369   0.51354694  0.41275704]
O=[N+]([O-])OC1COC2C(O)COC12,[-0.16598283  0.8875963  -1.         -0.9137231  -0.19005276]
Cc1cc(Cl)ccc1OCC(=O)O,[ 0.3505633   0.8353648  -1.         -0.82957774  0.13461067]
CCC(=O)O,[-0.1375987   0.80983675  0.29084992 -0.44017905  0.10269138]
CCOP(=O)(CC)SC,[ 0.2768134   0.96143264 -0.794714   -0.8562946   0.2762663 ]
CO/N=C(\C(=O)N[C@@H]1C(=O)N2C(C(=O)O)=C(COC(C)=O)CS[C@H]12)c1csc(N)n1,[ 0.3822188   0.8689383  -0.47395465 -0.21842472  0.18384068]
CC(O)c1cccc(N)c1,[ 0.926964    0.89243793 -1.         -0.15504311 -0.19604182]
CC(C)CON=O,[ 0.40056935  0.5829761  -0.08266836 -0.4664314  -0.14014114]
CC(=O)O[C@H]1C[C@@H]2CC[C@@H]3[C@H](CC[C@@]4(C)[C@H]3C[C@H]([N+]3(C)CCCCC3)[C@@H]4OC(C)=O)[C@@]2(C)C[C@@H]1N1CCCCC1.[Br-],[ 0.09616811  0.8392841  -1.         -1.         -0.47847587]
Cc1cccc2sc3nncn3c12,[-0.39649412  0.72124785 -0.7822275  -0.4081466  -0.32373136]
C=C(C)C(=O)OCCOC(=O)C(=C)C,[ 0.07330522  0.34840384  0.05346011 -0.3975836   0.09609564]
COP1(=S)OCc2ccccc2O1,[ 0.45745763  1.         -0.406557   -0.75648665 -0.17170766]
CC(C)CCOC(CO)CC(C)C,[ 0.1873404   0.6788264  -1.         -0.7428478  -0.10522915]
CC(NC(C)c1ccccc1)c1ccccc1,[-0.05343776  0.6633709  -0.22079137 -0.6625715  -0.47820213]
Cc1cccc([N+](=O)[O-])c1[N+](=O)[O-],[ 0.02904197  0.83294994 -0.9779886  -0.9984328   0.43164667]
O=C(Nc1ccc(Cl)c(C(=O)Nc2cccnc2)c1)c1cccc(C(F)(F)F)c1,[ 0.39905065  0.88912725 -0.7737678  -0.6962452  -0.6610559 ]
BrC12CC3CC(CC(C3)C1)C2,[-0.15803656  0.5270026  -0.83286226 -0.8453422  -0.20640142]
O=C1COc2ccc(CNC3CCN(CCN4C(=O)COc5ccc(Cl)cc54)CC3)nc2N1,[-0.25686496  0.78038526 -0.849201   -0.6377471  -0.14127867]
O=c1c(Cl)c(Cl)cnn1-c1ccccc1,[ 0.40007684  0.9115842  -0.759615   -0.3475375  -0.43177655]
O=C(c1ccc(Cl)cc1)c1ccccc1-c1ncc[nH]1,[-0.171983    0.8707168  -0.5971024  -0.8685976   0.28592205]
CC(=O)OCc1ccc(C(C)C)cc1,[-0.13025546  0.83414036 -0.73377633 -0.8376038  -0.3512793 ]
CCC(C)(C)C1CCC(=O)CC1,[ 0.2994578  0.6378475 -0.5151556 -0.7065643 -0.2926932]
CC(C)OC(=O)C(C(=O)OC(C)C)=C1SCCS1,[ 0.00155665 -0.32899305 -0.95133114  0.00682089 -0.53421724]
C#CCN1C(=O)CN=C(c2ccccc2)c2cc([N+](=O)[O-])ccc21,[ 0.25351658  1.         -0.7753795  -0.86163974 -0.411478  ]
COc1cc(Nc2nc(N[C@@H](C)c3ncc(F)cn3)ncc2Br)n[nH]1,[ 0.27874747  0.714213    0.6944482  -0.26161283 -0.55799097]
CC[C@@]1(O)C(=O)OCc2c1cc1n(c2=O)Cc2cc3c(CN(C)C)c(O)ccc3nc2-1,[-0.5454126  0.7972883 -0.8534811 -0.6619593  0.2607326]
CCC(C)C(=O)OC1CCC2(C)C3CC(O)C4C5(O)C(CC42OC13O)C1CN2CC(C)CCC2C(C)(O)C1C(O)C5OC(=O)C(C)(O)CC,[-0.27241156  0.8424014  -0.85501426 -0.9455726  -0.34003124]
Cc1cc(Nc2nc(N[C@@H](C)c3ccc(F)cn3)c(C#N)cc2Cl)n[nH]1,[-0.3656114   0.7113436  -0.6950251  -0.5492592   0.55836195]
Cc1ccc(NC(=O)c2ccc(C#N)cc2)cc1-n1cnc2ccc(N3CCN(C)CC3)cc2c1=O,[ 0.272652    0.94810545 -1.         -0.94099736  0.04259726]
Nc1ccc(Cl)cc1Cl,[-0.21006565  0.39322641 -0.9275411  -0.9749891   0.03416689]
Cc1ccc2c(c1)c(S(=O)(=O)c1ccc(Cl)cc1)c(C)n2CC(=O)O,[ 0.16882691 -0.00720232 -0.6471421  -0.7838105   0.00278587]
CCCCC(CC)CNCC(C)(N)CN(C)CC(CC)CCCC,[ 0.06400371  0.07490326 -0.69308174  0.6874672  -0.06572102]
CNC(=O)[C@@H]1Cc2cn(cn2)CC(=O)N2CCC[C@H]2C(=O)N[C@@H](C)C(=O)N1C,[-0.09443307  0.8309787  -0.8353903  -0.8892092  -0.08596078]
Cc1ccc(S(=O)(=O)Nc2c(C(=O)NC3CCCCC3)c(C)nn2-c2ccccc2)cc1,[-0.60146904  0.81506187 -0.8180118  -0.74127203 -0.05236813]
O=c1[nH]cnc2c1ncn2[C@H]1CC[C@@H](CO)O1,[-0.44119337  0.7801381  -0.6791991  -0.7548116  -0.23788877]
N#CCc1ccccc1,[ 0.07271875  0.8114756  -0.52696645 -0.70116925 -0.128531  ]
NCCNCc1ccccc1O,[-0.3825218   1.         -0.81869876 -0.06861474  0.10281858]
O=C(CCc1ccccc1)OC1=C(OC(=O)CCc2ccccc2)C(=O)OC1=O,[-0.33575037  0.8219025  -0.8102398  -0.6804562   0.37382203]
C=C(C)C(=O)OC=C(C)C,[ 0.4159554  -0.40763265 -0.8400825  -1.         -0.46611452]
CC(C)CCCCCN(CCCCCC(C)C)CCCCCC(C)C,[ 0.33296013  0.83716094 -0.52300686 -0.74942696  0.19455063]
CC1CS(=O)(=O)CCN1N=Cc1ccc([N+](=O)[O-])o1,[ 0.5873518   0.6078193  -0.01126984 -0.6654253  -0.11929769]
O=C(Nc1cccc(Cl)c1)Nc1nnc(-c2ccncc2)s1,[ 0.37221178  0.8806816  -0.6896481  -0.73654765 -0.0529606 ]
ClC1=C(Cl)C(Cl)(C2(Cl)C(Cl)=C(Cl)C(Cl)=C2Cl)C(Cl)=C1Cl,[-0.04253203  0.8855887  -0.5903589  -1.         -0.16952439]
CCOC(=O)C(C)Oc1ccc(Oc2nc3ccc(Cl)cc3s2)cc1,[-0.14237356  0.16518036 -0.61494756 -0.77448463  0.6263934 ]
CCC(CC)n1nc(C)c(C(=O)N[C@@H](C)C(C)(C)C)c1NS(=O)(=O)c1ccc(C)cc1,[ 0.02337891  0.53573704 -0.48657027 -0.8384884  -0.35301274]
CCN(CC)CCO,[ 0.34547487  0.92248285 -0.91345394 -0.8705536  -0.39872056]
CCCSP(C)(=S)OP(C)(=S)SCCC,[ 0.05439223  0.8118207  -0.848857   -0.9407497  -0.3107831 ]
CCCCCCCCc1ccccc1O,[ 0.03052737  0.7602856  -0.82400805 -0.63380283  0.02457446]
CC(C)(c1ccc(Oc2ccc(N)cc2)cc1)c1ccc(Oc2ccc(N)cc2)cc1,[-0.3629753  -0.19254017  0.29104432 -0.89769953  0.28776008]
O=[N+]([O-])c1cccc(O)c1,[-0.22431998  0.40660694 -0.7544445  -0.8659842   0.48868445]
CCC(=O)OC1C(C)OC(OC2C(C)OC(OC3C(CC=O)CC(C)C(O)C=CC=CCC(C)OC(=O)CC(OC(C)=O)C3OC)C(O)C2N(C)C)CC1(C)O,[-0.37525147  0.95018053 -1.         -0.9628876  -0.20206454]
CC(C)(C)c1cc([N+](=O)[O-])cc([N+](=O)[O-])c1O,[ 0.6016276   0.45718622 -0.6092707  -0.9096083  -0.3564397 ]
c1ccc2c(c1)CC(N1CCN(c3cccc4c3OCCO4)CC1)C2,[-0.00253844  0.7939005  -0.88325477 -0.82729137 -0.03411683]
CCC(C)(CC)c1cc(N)on1,[ 0.01623235  0.58360124 -1.         -1.          0.06613243]
C=CS(C)(=O)=O,[ 0.31635273  0.41642818 -0.9788964  -0.7870893  -0.23706792]
CC(C)(C)NC[C@H](O)COc1nsnc1N1CCOCC1,[-0.01589125  0.60671604 -0.33385977  0.19916596 -0.13588351]
CSCC(NC(=O)COc1cccc2cnccc12)C(=O)NC(Cc1ccccc1)C(O)C(=O)N1CSCC1C(=O)NC(C)(C)C,[ 0.09472863  0.4127758  -0.5347806  -0.61362934  0.6847591 ]
CC(=O)C1OC1(C)C,[ 0.28329575  0.8444391  -0.9573679  -0.6173926  -0.14831038]
COCCOP(=O)(OCCOC)OCCOC,[-0.23797768  0.87083954 -0.56975794 -0.926923   -0.19722672]
COCOCCO,[-0.00711968  0.4770308  -0.7904794   0.39547467  0.06893904]
Cc1ncc(C[n+]2csc(CCO)c2C)c(N)n1,[ 0.11097107 -0.21763693 -1.         -0.560257    0.66252595]
CC1=C(CC(=O)O)c2cc(F)ccc2C1=Cc1ccc(S(C)=O)cc1,[ 0.37786674  0.8106126  -0.73915106 -0.6288349  -0.20293096]
O=C1C(Cc2ccccc2)C(=O)N(c2ccccc2)N1c1ccccc1,[ 0.36348116  0.83627015 -0.7482728  -0.9351943   0.0486465 ]
CCCNC(=O)[N-]S(=O)(=O)c1ccc(Cl)cc1,[ 0.2270522   0.8509334  -0.79696447 -0.3916626  -0.485343  ]
N=C(NN=Cc1ccc(Cl)cc1)NN=Cc1ccc(Cl)cc1,[ 0.3107028   0.74882543 -0.72405094 -1.          0.3757002 ]
COc1cc(-c2cc(=O)c3c(O)cc(O)cc3o2)cc(O)c1OC,[-0.23248367  0.95537275 -1.         -0.74024034 -0.30826905]
CN(C)C(=O)Nc1ccc(Cl)cc1,[ 0.463946    0.71050626 -0.6920767  -0.7058908   0.12172171]
CC(=O)O[C@H]1C[C@]2(O)[C@H]3CC[C@H]4C[C@H](O[C@H]5C[C@@H](O)[C@@H](O[C@H]6C[C@@H](O)[C@@H](O[C@H]7C[C@@H](O)[C@@H](O)[C@H](C)O7)[C@H](C)O6)[C@H](C)O5)CC[C@@]4(C)[C@H]3CC[C@]2(C)[C@H]1C1=CC(=O)OC1,[ 0.0964926   0.7775678  -0.73534    -0.78689015  0.66858995]
CC(C)=C1CCC(C)CC1=O,[ 0.3518578   0.8107041  -0.89712876 -0.47074223 -0.8496731 ]
O=C(O)c1nn(Cc2ccc(Cl)cc2Cl)c2ccccc12,[ 0.3237234   0.76605994 -1.         -0.42476523 -0.19312559]
CCC[C@@H](c1ccc(C(=O)O)c(Oc2cccc(Cl)c2)c1)N1CCC[C@H](n2cc(C)c(=O)[nH]c2=O)C1,[-0.20878866  0.9877878  -0.74983996 -0.782816    0.16886757]
C[Si](C)(Cl)Cl,[ 0.5611835   0.8003365  -0.8052175  -0.84597665 -0.2143677 ]
CCOP(=O)(OCC)OC(=C(Cl)Br)c1ccc(Cl)cc1Cl,[ 0.18071626  0.894688   -0.8148937  -0.9396893  -0.44070977]
CC(=Cc1ccccc1)C=C1SC(=S)N(CC(=O)O)C1=O,[ 0.36884037  1.         -0.58754736 -1.          0.27920792]
CCCCOCCOC(C)=O,[ 0.23225845  0.8917057  -0.75070125 -0.70091563 -0.3027386 ]
Cc1c(CN2CCOC(c3ccccc3)C2C)c(=O)n(-c2ccccc2)n1C,[ 0.63719445  0.67799854 -1.         -0.79159105 -0.18160215]
CCN1CCCC1CNC(=O)c1cc(S(N)(=O)=O)ccc1OC,[-0.1303059   0.34867638 -0.76145434 -0.42625564 -0.46168002]
Cc1c(Sc2ccc(Cl)cc2)c2c(-c3ccccc3)cccc2n1CC(=O)O,[ 0.29733512  0.8847571  -0.26115158 -0.598977   -0.27429974]
C=C(OP(=O)(OC)OC)P(=O)(OC)OC,[ 0.18716362  0.9697662  -1.          0.31042615  0.30036053]
Cc1cnc(NCCCN(C)C)c2c1[nH]c1ccc3cc(O)ccc3c12,[ 0.40790346  0.824749    0.29521486 -0.59306455  0.04989003]
CC(C)c1cccc(C(C)C)c1O,[ 0.49939615  0.6882302  -0.08035928 -1.         -0.44932577]
C[NH+]1CCOC(c2ccccc2)c2ccccc2C1,[ 0.32007962  0.27829024 -0.72784644  0.43758345  0.23045571]
CC1NC(=S)NC1=O,[ 0.09541578  0.9611858  -0.98096436 -0.8731432   0.27505478]
Cc1cc(=O)n(CSP(=S)(OC(C)C)OC(C)C)nc1Cl,[-0.2844583  -0.10633294 -0.822714   -0.7991061  -0.00879909]
O=C1CC(N2C(=O)c3ccccc3C2=O)C(=O)N1,[-0.2449091  -0.27419594 -0.81126523 -0.6977475  -0.5103649 ]
O=C(Oc1ccccc1)c1ccccc1C(=O)Oc1ccccc1,[ 0.1825621   0.38563392 -0.6964634  -0.5750709  -0.03042039]
CCCCOCCOCCCC,[ 0.13767672  0.418384   -0.8786965  -0.79359514 -0.0242322 ]
CC(C)(C)NCCO,[-0.03912846  1.         -0.7683976  -1.          0.358858  ]
CCCc1nnc(CSP(=S)(OCC)OCC)o1,[ 0.31522626  0.97600275 -0.6459426  -0.4327499   0.00262488]
C1CN1P1(N2CC2)=NP(N2CC2)(N2CC2)=NP(N2CC2)(N2CC2)=N1,[ 0.21726246 -1.         -0.7002609  -0.2817991   0.18260989]
CCOC(=O)c1noc(C)c1C(C)=O,[ 0.28950047 -0.33460918 -1.         -1.          0.00727269]
CCOc1ccccc1-c1ccc(-c2nc3ccncc3c(O)c2C#N)cc1,[ 0.31249467  0.83569187 -0.9130617  -0.5666004  -0.07038489]
CC(CO[N+](=O)[O-])(CO[N+](=O)[O-])CO[N+](=O)[O-],[ 0.05606424  0.44638988 -0.77069604 -0.6162685  -0.3647968 ]
CNC(=O)c1cccc2c(Nc3ccc(NS(C)(=O)=O)cc3OC)c3cccc(C)c3nc12,[ 0.39901012  0.72329193 -0.89189464 -0.44636026  0.5254597 ]
O=C(/C=C/c1ccc(O)c2c1C(C(=O)O)C(c1ccc(O)c(O)c1)O2)OC(Cc1ccc(O)c(O)c1)C(=O)O,[ 0.17014983  0.735919   -0.8032324   0.7008653   0.13311902]
CN(C)C(=O)C(CCN1CCC(O)(c2ccc(Cl)cc2)CC1)(c1ccccc1)c1ccccc1,[ 0.40559623  0.42903075 -0.5775376  -0.05984083 -0.23299517]
CC(O)CO,[ 0.49151897  0.6410626  -0.06951499 -0.5778223  -0.41151285]
CC(=O)c1c(C)c2cnc(Nc3ccc(N4CCNCC4)cn3)nc2n(C2CCCC2)c1=O,[-0.37453032  0.887802   -0.9385998  -0.6526388   0.30811083]
CC(=O)Oc1ccc2c3c1OC1C(OC(C)=O)C=CC4C(C2)[NH+](C)CCC341,[ 0.28220725 -0.5679401  -0.7830223  -0.8654986  -0.24127497]
CC(O)C#N,[-0.1651342   0.87550944 -0.8847281  -0.6895321  -0.23365878]
CCCSP(C)(=S)SC(CC(=O)OCC)C(=O)OCC,[-0.39937088  0.8119022  -0.93396723 -0.7730046  -0.08369427]
O=C1OCC2C1C1(Cl)C(Cl)=C(Cl)C2(Cl)C1(Cl)Cl,[ 0.49778244  0.40333518 -0.9101845  -0.8115079  -0.41543177]
C[NH2+]C(C)Cc1ccccc1,[ 0.00234611  0.6082487  -1.         -0.80386895  0.70223206]
O=C1CC2(CCCC2)CC(=O)N1CCCCN1CCN(c2ncccn2)CC1,[-0.14848979  0.60785025 -0.544658   -0.7713241   0.10390277]
Cc1cc([N-]S(=O)(=O)c2ccc(N)cc2)no1,[-0.09374671  0.7418645  -0.85572386 -0.4071608  -0.45258582]
CC(=O)N(C)c1ccc(Nc2ncc3cc(-c4ccncc4)ccc3n2)cc1,[-0.38502085  0.8402612  -0.7273962  -0.7813319  -0.30522925]
CN1C[C@@H]2c3ccccc3Oc3ccc(Cl)cc3[C@H]2C1,[ 0.05819141  0.6411325  -0.06748499 -0.5093578  -0.69138974]
Nc1ccc(F)c([N+](=O)[O-])c1,[ 0.3184772   0.7858918  -0.45751634 -0.60810465 -0.04600355]
C=COC(=O)CCCCCCC,[ 0.1769192   1.         -0.9173768  -0.45609796 -0.16046764]
COc1ccccc1Oc1c([N-]S(=O)(=O)c2ccc(C(C)C)cn2)nc(-c2ccnc(-c3nnn[n-]3)c2)nc1OCCO,[ 0.5552745  -0.17389955  0.00788554 -0.57022345 -0.39388177]
CC=C(CC)C(=O)NC(N)=O,[ 0.5968789   0.8134353  -0.7744368  -0.48804796  0.01465102]
C=CC(=O)NCNC(=O)C=C,[ 0.50907916  0.88522243 -0.8251851  -1.          0.04960085]
CN(C)C(=O)Cl,[ 0.4272139   0.37538162 -0.6014357  -0.74571234  0.28870827]
O=[N+]([O-])c1cc(C2CCCCC2)c(O)c([N+](=O)[O-])c1,[ 0.33463666  0.58167344 -0.3711169  -0.52794945 -0.46483538]
Cc1cc(Sc2cc(C)c(O)c(C(C)(C)C)c2)cc(C(C)(C)C)c1O,[ 0.29603246 -0.06204338 -0.29672807 -0.32542452 -0.44172406]
COc1nccnc1NS(=O)(=O)c1ccc(N)cc1,[ 0.4635898   0.8844723  -0.7109361  -0.75717086  0.01282851]
C=CCc1ccccc1OCC(O)C[NH2+]C(C)C,[ 0.36121345  0.8116218  -0.7740604  -0.8239332   0.42216146]
O=Cc1ccc(O)cc1,[ 0.4217198   0.6171497  -0.6567403  -0.72505623 -0.16688772]
C[C@H](CO)Nc1nc(SCc2cccc(F)c2F)nc2[nH]c(=O)cnc12,[ 0.27089468  0.9069226  -0.7284864  -0.8325623  -0.0394493 ]
CC(=O)N(C)c1ccc2ccn(-c3cc(NC4CC4)n4ncc(C#N)c4n3)c2c1,[ 0.28504652  0.70305693 -0.12781592 -0.73782235 -0.44776544]
CCCCCCN,[-0.15041906  1.         -0.82419395 -0.4898664   0.09355974]
C=COCCOC,[ 0.44382     1.         -0.9798533  -1.          0.61409396]
CC(=O)OC(C)OC(=O)C(C)c1ccc(-c2ccccc2)c(F)c1,[ 0.11480074 -0.15052971 -0.71088433 -0.670041    0.88933456]
COc1c(OCc2ccc(-c3ccccc3-c3nnn[nH]3)cc2)cc(C)nc1C,[ 0.45887956  0.8597725  -0.7478339  -0.44026744 -0.03114073]
O=C1NC(=O)C(c2ccccc2)(c2ccccc2)C(=O)N1,[ 0.80630594  0.43861952 -0.8857587  -0.7497195  -0.35870367]
CCCCN(N=O)C(N)=O,[ 0.18690614  0.6792812  -0.6673112  -0.8266079  -0.15444946]
C[C@@H](N/C(=N\c1ccncc1)NC#N)C(C)(C)C,[-0.09093287  0.82822484 -0.8489609  -1.         -0.3982125 ]
CC(=O)C1(O)Cc2c(O)c3c(c(O)c2C(OC2CC(N4CC4)C(OS(C)(=O)=O)C(C)O2)C1)C(=O)c1ccccc1C3=O,[-0.0881451   0.99508184 -0.7200223  -0.42224464 -0.37550184]
CC(C)=CCCC(C)=CCCC(=CCCC(C)=CCO)CO,[ 0.40965194  0.682026   -0.66321737 -1.         -0.47869417]
CC(=O)OC12COC1CC(O)C1(C)C(=O)C(O)C3=C(C)C(OC(=O)C(O)C(NC(=O)OC(C)(C)C)c4ccccc4)CC(O)(C(OC(=O)c4ccccc4)C21)C3(C)C,[-0.16281801  0.2955064  -0.8351275  -0.67904705 -0.19988227]
CCCCC(CC)OCCOCCO,[ 0.23779495  0.83995456 -0.80333793 -0.60248244 -0.02241013]
COC(=O)Cc1ccccc1,[-0.15818276  0.88722444 -0.8858901  -0.57007325 -0.21629375]
CC(NNC(=O)c1ccccc1)c1ccccc1,[ 0.38820577  0.7037569  -1.         -0.6730006  -0.1984749 ]
C=C(Cl)C(Cl)CCl,[-0.10226453  0.06908585 -0.2327716  -0.7874691  -0.17343433]
NC(=S)Cc1cccc2ccccc12,[ 0.03985384  0.23530477 -0.76549494 -0.7176396  -0.5608623 ]
O=c1cc(-c2ccc(O)cc2)oc2cc([O-])c(C3OC(CO)C(O)C(O)C3O)c(O)c12,[-0.16226673  0.7251259  -0.73383963 -0.49484003  0.50378853]
O=C(Nc1ccc(Br)cc1)c1cc(Br)cc(Br)c1O,[ 0.7608366  -0.85393876 -0.21890767 -0.6997082  -0.07910303]
COc1cc(C=CC(=S)N2CCOCC2)cc(OC)c1OC,[ 0.3259822  -0.46882004 -0.5511791  -0.33798912 -0.21750556]
CN(C)C(=O)N(C)N=O,[ 0.11666098  0.76293844 -0.7382033  -0.8818241  -0.17649952]
FC(F)(F)c1nc2c(Br)cc(Br)cc2[nH]1,[ 0.25356466  0.8779104  -0.8230532  -0.6639025  -0.37804753]
N#CSCCSC#N,[-0.10939018  0.90823704 -0.9524648  -0.9895093  -0.38153496]
OCc1cc(C(O)C[NH2+]CCCCCCOCCOCc2c(Cl)cccc2Cl)ccc1O,[ 0.6028104   0.87872595 -0.94135463 -1.          0.44795686]
O=c1cc(N2CCOCC2)nc2n(Cc3cccc(Cl)c3Cl)ccn12,[ 0.43301195  0.6541036  -0.5012071  -0.40027893 -0.56562364]
CCCCCC(=O)O,[ 0.394565    0.593579   -0.79584235 -0.70149654 -0.10819098]
CCOP(=S)(OCC)SCSCc1ccccc1,"[-3.9283725e-05  1.0000000e+00 -7.6302296e-01 -8.7179118e-01
  1.2360021e-01]"
Cc1cc(-n2cccc2)c(S(C)(=O)=O)cc1C(=O)NC(=N)N,[ 0.27734515  0.84765345 -0.70820063  0.33958283 -0.2595084 ]
COc1cc2nc(N3CCN(C(=O)C(C)OC)CC3)nc(N)c2cc1OC,[ 0.27198917  0.8441126  -0.6924484  -0.5775042  -0.20540582]
Clc1cc(Cl)c2nsnc2c1Cl,[-0.6559499   0.88907474 -0.87285846 -0.8443096  -0.3256049 ]
COc1ccc(N)c([N+](=O)[O-])c1,[ 0.08923965  0.93680555 -0.9020672  -1.          0.35254487]
S=C=NCCN=C=S,[-0.5607685   0.5856098  -0.21802534 -0.5503187  -0.19411132]
C[S+]([O-])Cc1ccc(C(=O)Nc2ccc(OCCOCCO)nc2C(=O)NCC2CCC2)c2ccccc12,[-0.49284527  0.7204977  -0.82289284 -0.79989666  0.01283151]
CCCCCc1ccccc1O,[ 0.41362604  0.8079481  -0.44613138 -0.7020638  -0.3005638 ]
OCCOCCN1CCN(C(c2ccccc2)c2ccccc2)CC1,[ 0.36650476  0.8444502  -0.77392083 -1.         -0.4932198 ]
CC1CN(C2CCCCCCCCCCC2)CC(C)O1,[ 0.43517053  0.93309724 -0.7801935   0.46332443  0.28491658]
C=C(C)c1cccc(C(C)(C)N=C=O)c1,[ 0.44015786  0.8589802  -0.98947555 -0.31290472 -0.10927541]
Cc1cn([C@H]2CCCN(S(=O)(=O)c3ccc(C(N)=O)c(Oc4cccc(Cl)c4)c3)C2)c(=O)[nH]c1=O,[ 0.09486787  0.6366252  -0.6867133  -0.7107951  -0.15085623]
Nc1nc2[nH]cnc2c(=S)[nH]1,[ 0.07115668  1.         -0.9476456  -0.48091364 -0.04840993]
C=C(OP(=O)(OC)OC)c1ccc(Cl)cc1Cl,[ 0.18037075  0.9213105  -0.85032505 -0.6514132   0.35556528]
CC1(C)SC2C(NC(=O)C(C(=O)[O-])c3ccsc3)C(=O)N2C1C(=O)[O-],[-0.11858091  0.71544874 -1.         -0.3919769  -0.08401565]
CCCN(CCC)CCCCCCCCNC(=O)Oc1ccc2c(c1)C1(C)CCN(C)C1N2C,[-0.5093243   0.9351023  -0.02671203 -0.19986844 -0.26304266]
CCOC(=O)C(CCc1ccccc1)NC1CCc2ccccc2N(CC(=O)O)C1=O,[ 0.20080495  0.7546123  -0.5898559  -1.         -0.5603277 ]
CNC(=O)ON=C(C)SC,[-0.3742605   0.8633668  -0.64107347 -0.5692332   0.01660846]
O=CNC(N1CCN(C(NC=O)C(Cl)(Cl)Cl)CC1)C(Cl)(Cl)Cl,[ 0.9498484   1.         -1.         -0.8484438  -0.28465676]
CN(C)C(=O)Nc1cc(C(C)(C)C)on1,[-0.3780617   0.75213176 -0.7872445  -0.70828843  0.25115347]
C=CCOc1ccccc1C(N)=O,[ 0.28435397  0.0665595  -0.75861627 -0.73781645 -0.06640238]
CNC(=O)/C=C(/c1ccc2nc(N)n(S(=O)(=O)C(C)C)c2c1)c1ccccc1-c1cccc2ccccc12,[ 0.19175704  1.         -0.9906209  -0.76088053 -0.61019784]
CN(CCOc1ccc(CC2SC(=O)NC2=O)cc1)c1ccccn1,[ 0.55257666  0.77522737  0.19516304 -1.         -0.03984164]
CN(C)Cc1cc(CN(C)C)c(O)c(CN(C)C)c1,[ 0.24502741  0.77317077 -0.9883207  -0.34040287  0.7600451 ]
C[NH+]1CCc2cccc3c2C1Cc1ccc(O)c(O)c1-3,[ 0.28698373  0.32503545 -0.3724638  -0.8806629  -0.01398561]
CCN(CC)c1ccc2c(C)cc(=O)oc2c1,[ 0.740959   -0.23951852  0.01296751 -0.6232126   0.49211562]
CC(=O)CCCCCCCC(=O)O,[ 0.5963997   0.7428792  -0.9592541  -0.49723387 -0.12811859]
FC(F)(F)c1nc2c(Br)c(Br)cc(Br)c2[nH]1,[-0.00230152  0.8479516  -0.564327   -0.9282066   0.01394222]
CCOP(=O)(Cl)Cl,[ 0.17577341  0.85671216 -0.76330554 -0.4402313   0.17893761]
O=C(CCCCCCC(=O)Nc1ccccc1)NO,[ 0.21071446  0.14726539 -0.9395817  -1.         -0.31822056]
CNC(=N)c1cccc(CC(CC(=O)N2CCC(C)CC2)NS(=O)(=O)c2ccc3ccccc3c2)c1,[-0.68369824  0.053695   -0.59724134 -0.02956     0.34376633]
CCCSP(C)(=S)Oc1ccccc1,[ 0.34669983  0.77156013 -0.9308995  -0.38608408  0.7374375 ]
Clc1ccc(OCOc2ccc(Cl)cc2)cc1,[ 0.5223472   0.75083774 -0.9372485  -0.7893711   0.36437684]
Nc1cccc(N)c1,[ 0.11133013  0.90043575 -0.9666585  -0.66017014  0.26717088]
c1ccc2sc(SNC3CCCCC3)nc2c1,[ 0.24066326  0.79921573 -0.8751403  -0.6156009  -0.33063668]
N#Cc1ccc(F)c(-c2cc(C(F)(F)F)ccc2OCC(=O)O)c1,[ 0.56475985  0.59053665 -0.88296694 -0.5933771   0.07403968]
S=C1NCCC(COc2ccccc2)O1,[-0.04091768  0.6634999  -0.9604836  -0.86620194  0.53695244]
CCNc1nc(NCC)nc(OC)n1,[ 0.1228475   0.5821899  -0.6467779  -0.887839   -0.06134026]
CC1=NN(c2ccccc2)C(=O)C1,[-0.7129596   0.9098573  -0.980452   -0.75690645 -0.46002325]
CC(=O)NCCCS(=O)(=O)[O-],[ 0.15024805  0.55315    -0.6470612  -0.9941128  -0.14199027]
COc1ccc2ncc(=O)n(CCN3CC[C@@H](NCc4ccc5c(n4)NC(=O)CO5)[C@@H](F)C3)c2c1,[ 0.34196478  0.6855786  -0.60103905 -1.         -0.5595358 ]
Oc1nc(-c2ccccc2)nc2ccccc12,[ 0.42269003  0.08009326 -0.68552774 -0.6046482   0.24416769]
COc1ccc(C(=O)Nc2ccccc2CCC2CCCCN2C)cc1,[ 0.5168771  1.        -0.5267129 -0.6240685  0.6697322]
CC(C)(O)c1ccccc1,[ 0.47653967  0.8183796  -0.8443939   0.15606813 -0.2280151 ]
CCN1C(=O)C=CC1=O,[-0.01706905  0.599338   -0.9257965  -0.6589287   0.03285771]
O=[N+]([O-])c1cc(Cl)ccc1Cl,[ 0.27746964  0.72477335  0.18144988 -0.24314475 -0.4876251 ]
O=C(Cl)CCl,[ 0.49434024  0.84342986 -0.701642   -0.73976815  0.86316556]
N[C@H]1CCN(c2c(Cl)cccc2/C=C2\SC(=O)NC2=O)C1,[ 0.34873128  0.5290063  -0.81235266 -0.8836241  -0.2617261 ]
CC1OC(n2ccc(NC(=O)c3ccc(NC(=O)C(C)(N)CO)cc3)nc2=O)CCC1OC1OC(C)C(N(C)C)C(O)C1O,[ 0.20092511  1.         -0.9010384  -0.9387761  -0.04287291]
Nc1nc(O)c2ncn(COCCO)c2n1,[ 0.4681742   0.881053   -0.58148843 -0.88473356 -0.5214076 ]
O=C1C(Cl)C(CCl)CN1c1cccc(C(F)(F)F)c1,[ 0.35203558  0.92918235 -1.         -0.5685581   0.85017604]
CSC(C)=NOC(=O)N(C)SN(C)C(=O)Oc1ccc(OC(=O)N(C)SN(C)C(=O)ON=C(C)SC)cc1,[ 0.4195327   0.86711156 -0.68966216 -0.6594865  -0.5521908 ]
CC(C(O)c1ccc(O)cc1)[NH+]1CCC(O)(c2ccccc2)CC1,[-0.24073392 -0.317332   -0.96431994 -0.9025812  -0.00708419]
CN(CCO)Cc1cc(C(=O)c2cccs2)cc(C(C)(C)C)c1O,[-0.9652928   0.99814683 -0.8568327  -0.8228319  -0.2926275 ]
Nc1c(Cl)c(Cl)c2[nH]c(C(F)(F)F)nc2c1Cl,[-0.46480083  0.34722057 -0.5896646  -0.8349186   0.3317834 ]
CCOc1ccccc1C(N)=O,[ 0.5608834   0.33008394 -0.61959726 -0.3529089   0.6408936 ]
C[C@@H](NC1=CC(=O)CNC1)c1ccc(Nc2ncc3cc(-c4ccncc4)ccc3n2)cc1,[ 0.06818182  0.7530007  -0.28454077 -0.44092312  0.52765834]
NCCCC[C@H](N[C@@H](CCc1ccccc1)C(=O)O)C(=O)N1CCC[C@@H]1C(=O)O,[-0.19879514  0.74899906 -0.94791526 -0.81141895 -0.24358413]
NC(=O)CCCCC1CCSS1,[ 0.0744663  -0.07690671 -0.8493456  -0.31063527 -0.23017114]
Cc1ccc2c(c1)c(Sc1cccc(Cl)c1)c(C)n2CC(=O)O,[ 0.30005977  0.79999083 -1.         -1.          0.1496385 ]
CC(=O)OC(C(=O)NC(N)=O)c1ccccc1,[ 0.42607573  0.4511305  -0.7066046   0.86060053  0.6732531 ]
O=C(OCC(COC(=O)c1ccccc1)(COC(=O)c1ccccc1)COC(=O)c1ccccc1)c1ccccc1,[ 0.25937814 -0.8310652  -0.75390625 -0.84617805 -0.04537567]
OCCOCCOCCOCCO,[ 0.45116737  0.8732292  -0.8013288  -0.8631981  -0.18754472]
CO[C@@H]1C=CO[C@@]2(C)Oc3c(C)c(O)c4c(c3C2=O)C(=O)/C(=C\NN2CCN(C)CC2)C(=C4O)NC(=O)C(C)=CC=C[C@@H](C)[C@H](O)[C@H](C)[C@H](O)[C@@H](C)[C@@H](OC(C)=O)[C@@H]1C,[ 0.6118547  -0.714607    0.35579896 -0.46053678 -0.0556758 ]
FC(F)=C(F)CCSc1ncccn1,[-0.06807248  0.53281707 -0.81657714 -0.77570975  0.1055133 ]
COc1cc2c(cc1OC)C(CCc1ccc(Cl)cc1)N(C)CC2,[ 0.23590927  0.8438765   0.58746123 -0.1177646  -0.4263457 ]
Nc1nc(Nc2ccc(S(N)(=O)=O)cc2)nn1C(=O)c1c(F)cccc1F,[-0.016333   0.3509283 -0.9650214 -0.7772842 -0.7172821]
CC1=C2C[C@H]3[C@@H](CC=C4C[C@@H](O)CC[C@@]43C)[C@@H]2CC[C@]12O[C@@H]1C[C@H](C)CN[C@H]1[C@H]2C,[-0.49303454  0.7328295   0.0425144  -0.48345542 -0.12973659]
CC(=O)OC(C(Cl)(Cl)Cl)P(=O)(Oc1ccccc1)Oc1ccccc1,[-0.03256535 -0.21849284 -0.80132633 -0.998993   -0.23117134]
C[C@@H]1CN(Cc2ccc(F)cc2)CCN1C(=O)COc1ccc(Cl)cc1NC(N)=O,[ 0.21120748  0.82061416 -0.73444015 -0.6951283  -0.20892397]
CC(CN1CCOCC1)C(C(=O)N1CCCC1)(c1ccccc1)c1ccccc1,[ 0.08835119  1.         -0.79739124 -0.61405706 -0.0723203 ]
COc1ccc(NC(=O)CF)cc1,[ 0.16820699  0.99029016 -1.         -0.8164222   0.04391558]
O=CNc1cc([C@@H](O)CNCCc2ccc(NC[C@H](O)c3ccccc3)cc2)ccc1O,[ 0.2037535  -0.11921103 -0.34811002  0.7181171   0.87408257]
CC1CCCCC1NC(=O)Nc1ccccc1,[ 0.33148172  0.7249002  -0.6376163  -0.7002925  -0.4230764 ]
CN1CCN(CCCN2c3ccccc3Sc3ccc(Cl)cc32)CC1,[ 0.6348149   0.48924387 -0.81635934 -0.2778222   0.01383758]
C[C@H](CO)Nc1nc(SCc2cccc(F)c2F)nc2nc(N)cnc12,[ 0.00613039  0.39662424 -0.6355988  -0.8285431  -0.14636806]
Brc1ccc2[nH]cc(CC3CCNCC3)c2c1,[ 0.05726049  0.7826569  -0.78705454 -0.7988518  -0.01987972]
O=CCCCC=O,[ 0.49256998  0.7718523  -0.4422807  -0.87708867 -0.2538981 ]
CN(C)c1ccc(C(O)(c2ccc(N(C)C)cc2)c2ccc(N(C)C)cc2)cc1,[-0.14152811  0.8957622  -0.5789492  -1.         -0.06130986]
O=C(Cl)c1cccc(C(=O)Cl)c1,[ 0.23127091  0.12577622 -0.542599   -0.2530678  -0.18937632]
O=C(Cc1ccc(Cl)c(C(F)(F)F)c1)Nc1cccc2c(=O)n(CCO)ccc12,[ 0.44523636  0.28505003 -0.7699673  -0.4293146  -0.46612978]
CCON=C(CC)C1=C(O)CC(c2c(C)cc(C)cc2C)CC1=O,[-0.07997236  0.62259465 -0.3600648  -0.13963859  0.5615941 ]
CC(C)(C)NCCC(O)c1cc(C(F)(F)F)nc2c(C(F)(F)F)cccc12,[ 0.4374663   0.62344897 -0.5107714  -0.7677418   0.7575078 ]
Fc1cc(-c2cccc3ncc(-c4cnn(C5CCNCC5)c4)nc23)cc(F)c1CN1CCOCC1,[ 0.31557935  0.7189258  -0.60724205 -0.3062554   0.0267469 ]
CNc1c(C(N)=O)cnc2[nH]c(-c3ccc(OCCN4CCOCC4)cc3)nc12,[ 0.23078507  0.8487718  -0.9312791  -0.6691594  -0.02729127]
FC(F)(F)c1nc2cc(Br)c(Cl)cc2[nH]1,[ 0.18460746  0.9058015  -0.758551   -0.34860376  0.19853327]
CCN(CCO)C(=O)c1oc2cccnc2c1-c1cccc(C(F)(F)F)c1,[ 0.21033576  0.55749214  0.1522603  -1.          0.04091738]
C[C@@H]1CC[C@H]2[C@@H](C)[C@@H](OC(=O)CCC(=O)O)O[C@@H]3OC4(C)CC[C@@H]1[C@@]23OO4,[ 0.46198052  1.         -0.31673142 -0.6776297   0.56966877]
O=c1oc(-c2ccccc2)nc2ccccc12,[-0.01695854  0.9257929  -0.59644026 -0.7659282   0.43206427]
NC(=O)Nc1cccc2c3c([nH]c12)CCCC3,[-0.09166638  0.8677552  -0.8854771  -1.          0.25507924]
Cc1cnc(C(=O)c2ncnc3[nH]ccc23)c(NS(=O)(=O)c2ccc(Cl)c(C(F)(F)F)c2)c1,[ 0.0044558   0.6619074  -0.74489427 -0.43887663  0.15161487]
Cc1ccc(S(=O)(=O)N(C)C(=O)N2CCC(N3CCC(Oc4ccc(Cl)c(Cl)c4)CC3)CC2)cc1,[-0.23526296 -0.51531404 -0.69064504 -0.8412187  -0.09255409]
COc1ccc(CC(C)=O)cc1,[ 0.08266278  0.7247619  -0.6220356  -0.7845034   0.43656698]
CCOP(=S)(Oc1cccc2cccnc12)c1ccccc1,[-0.11035036  0.87312675 -0.67439747 -0.60264534  0.38834658]
CCNC(=O)ON=C1SCOC1C,[-0.05699008  0.74206036 -0.6553681  -0.8740329  -0.4094356 ]
Cc1cc(C(=O)c2ccccc2)ccc1N,[-0.5676562   0.9371263  -0.28785065 -0.690682    0.01811347]
COc1ccc([N+](=O)[O-])cc1N,[ 0.09289078  0.83668625 -0.7853751  -0.3150446  -0.12610286]
COc1cc2ncnc(Nc3ccc(F)c(Cl)c3)c2cc1NC(=O)/C=C/CN1CCCCC1,[ 0.3894318   0.85006905 -0.7705501  -0.6194681  -0.34383595]
CC(C=O)=Cc1ccco1,[ 0.2716021   0.95859116 -1.         -1.          0.8572282 ]
C[C@@H]1O[C@@H](O[C@H]2[C@H](Oc3cc(O)c4c(c3)O[C@H](c3ccc(O)cc3)CC4=O)O[C@H](CO)[C@@H](O)[C@@H]2O)[C@H](O)[C@H](O)[C@H]1O,[ 0.7171142  0.8625633 -1.         0.6446657 -0.1132648]
CN(CC#N)N=O,[ 0.2961628   0.7887708  -0.76065624 -0.84201723 -0.39712217]
CNC(=O)CSP(C)(=S)OC,[-0.11707775 -0.08247511 -0.34087566 -0.71472543  0.02697911]
CC#CN(CC)CC,[-0.0019877   0.3777484  -0.8410542  -0.697131   -0.32694468]
COc1ccc(-c2nc3ccc(C4=NNC(=O)CC4C)cc3[nH]2)cc1,[ 0.35836038  0.6714923  -0.27762914 -0.8643424  -0.26913163]
COc1cccc2c1cc([N+](=O)[O-])c1c(C(=O)O)cc3c(c12)OCO3,[ 0.0978772   0.96489537 -1.         -0.73741394 -0.29204914]
C[N+](C)(Cc1ccc(NC(=O)c2ccc(Cl)c(Cl)c2)cc1)C1CCOCC1,[ 0.62755823 -0.34535182 -1.         -0.13834956 -0.23952723]
O=C(CN1CCOCC1)NN=Cc1ccc([N+](=O)[O-])o1,[-0.09659026  0.7438135  -0.6067258  -0.63378435  0.1087155 ]
CCN1CN(CO)C(=O)N(CO)C1,[ 0.34699827  0.61335605 -1.         -0.9098771  -0.37414643]
CCN(CC)c1ccc2cc(C(=O)NC3(C(=O)N[C@H](Cc4ccccc4)C(=O)NCC4CCN(CC5CCOCC5)CC4)CCCC3)sc2c1,[-0.76617885  0.5621894   0.49389872  0.25508216  0.71063536]
C[C@@H]1NC(=O)[C@H](C)N(C)C(=O)[C@@H](C)NC(=O)[C@H](C)N(C)C(=O)[C@@H](C)N(C)C(=O)[C@@H](C)NC1=O,[ 0.08062089  0.6873944  -0.79516447 -0.60281104 -0.49518937]
NCC1CCC=CO1,[-0.03295715  0.2835754  -0.9679271  -0.809716    0.15290146]
C#CCc1ccc(COC(=O)C2C(C=C(C)C)C2(C)C)o1,[ 0.2568807   0.17787734 -0.57408816 -0.6827659  -0.01499822]
Cn1c(C(=O)NC2(C(=O)N[C@H](Cc3ccccc3)C(=O)NCCCN3CCOCC3)CCCC2)cc2ccccc21,[ 0.18959045 -0.5612439  -0.9974888  -0.20921053 -0.06017737]
CC(=O)N[C@H](C)C(=O)NCCc1ccccc1,[ 0.33632144  0.32772222 -0.9575479  -0.6058087  -0.0646039 ]
Cc1c(C(C)C)c(=O)n(-c2ccccc2)n1C,[ 0.229085    0.17892656  0.1975496  -0.31107056  0.72530764]
O=Cc1cccc2ccccc12,[ 0.04935424 -0.27805427 -0.2881923  -0.8979739   0.16217932]
N#CC1CC2CC2N1C(=O)C(N)C12CC3CC(CC(O)(C3)C1)C2,[ 0.08196353  0.6344669  -0.7662702  -0.70673966  0.7071713 ]
CC(C)Oc1ccc2c(=O)c(-c3ccccc3)coc2c1,[-0.09074746  0.9419087  -0.7845535  -0.6393622  -0.34052312]
CCNC(=O)c1cc2c(-n3ccc(C(F)(F)F)n3)c(-c3cncc(-c4n[nH]c(=O)o4)c3)cnc2[nH]1,[ 0.3446389   0.8142765  -0.96573806 -0.6468138  -0.8043454 ]
CO[Si](CCCn1c(=O)n(CCC[Si](OC)(OC)OC)c(=O)n(CCC[Si](OC)(OC)OC)c1=O)(OC)OC,[-0.14866565  0.8730285  -0.7439314  -0.3977646   0.05577192]
[O-][n+]1onc2c1c1no[n+]([O-])c1c1no[n+]([O-])c21,[ 0.3917907   0.65529567 -0.7872332  -0.79198277  0.03306327]
Nc1ccc([N+](=O)[O-])cc1N,[ 0.46326393  0.8468434  -0.6886429  -0.578251   -0.18422256]
Cc1nn(C2CCCCC2)c(N)c1-c1ccccc1,[ 0.26866466  0.8145079  -0.9425131  -0.93745637 -0.5371327 ]
Cc1cnc(C)c(C)n1,[ 0.35945472  0.00343936 -0.97356117 -0.3439338  -0.08939153]
CCCC(=O)c1ccc(N)cc1,[ 0.48933673  0.67052585 -1.         -0.63085234 -0.16265143]
O=C(O)[C@@H](c1ccccc1)N1CCC(CN2CCC(Oc3ccc(Cl)c(Cl)c3)CC2)CC1,[ 0.5340318   0.75096154 -0.77175283  0.3337941   0.00630551]
O=C(NC[C@@H](O)CN1CCC(Oc2ccc(Cl)c(Cl)c2)CC1)c1c[nH]c(=O)c2cc(F)ccc12,[-0.4850232  -0.32285222 -0.50284284 -0.85146374  0.17739132]
CCc1cccc(CC)c1N,[-0.10217922  0.78774273 -0.88956493 -0.92204547 -0.03190907]
COP(=S)(OC)SC1CSC=CO1,[-0.47937933  0.7586787  -0.98309875 -0.7224607  -0.01893608]
C/C=C/c1cc(OC)c2c(c1)C(C)C(c1cc(OC)c(O)c(OC)c1)O2,[ 0.50542414  0.28850994 -0.25696614 -0.8334509   0.17448801]
Cc1c(Sc2ccc(Cl)cc2)c2c(S(C)(=O)=O)cccc2n1CC(=O)O,[-0.39587268  0.7909571  -0.84610784 -0.785503   -0.25084153]
CC(C)NCC(O)COc1ccc(COCCOC(C)C)cc1,[-0.54253465  1.         -0.9103709  -0.6996394   0.15202215]
CCCCc1c(OC(=O)c2cc(OC)c(OC)c(OC)c2)n(-c2ccccc2)n(-c2ccccc2)c1=O,[-0.23152606  0.8558294  -0.6388115  -0.8482027  -0.26590562]
O=[N+]([O-])c1ccc(Cl)c([N+](=O)[O-])c1,[ 0.48191392  0.77747744 -0.8150421   0.7538241   0.04721482]
Cc1cccc(C)c1CCNC(N)=O,[ 0.0646126   0.8953088  -0.61698276 -0.70142144  0.31189466]
O=c1[nH]c(=O)c2ccccc2o1,[-0.50084096  0.9055286  -0.8778942  -0.6841405  -0.16581605]
COP(=S)(OC)Oc1ccc(C#N)cc1C,[ 0.03595528  0.6790516  -0.62582976 -0.8320783   0.13938636]
CN(C)c1ccc(N=Nc2ccccc2)cc1,[ 0.00103586  0.78801614 -0.94244903 -0.73450047 -0.16445327]
CCOP(=S)(OCC)SCC(=O)N(CCC#N)c1ccccc1,[ 0.2886404   0.98310196 -0.94084036 -0.77198344  0.2926249 ]
Cc1c(Cl)c([N+](=O)[O-])c2[nH]c(C(F)(F)F)nc2c1[N+](=O)[O-],[ 0.1377913   0.8334167  -0.44638947 -0.80719054  0.01345925]
CN1CCN(C2=c3ccccc3=Nc3ccc(Cl)cc3N2)CC1,[-0.21828668  0.76564664 -0.7047037  -0.3420055  -0.32713732]
CCC(=O)NC[C@H]1CN(c2ccc(-c3nncs3)c(F)c2)C(=O)O1,[-0.35531896  0.69610554 -0.8246408  -0.09442195  0.32278755]
C[NH+](C)CCC(c1ccc(Cl)cc1)c1ccccn1,[ 0.39253798  0.8811046  -0.81633747 -0.88256943 -0.60341394]
COc1ccc(CC2c3cc(OC)c(OC)cc3CCN2C)cc1OC,[ 0.15783484  1.         -0.6347237  -0.912615   -0.6644354 ]
CN[C@H](CC(C)C)C(=O)N[C@H]1C(=O)N[C@@H](CC(N)=O)C(=O)N[C@H]2C(=O)N[C@H]3C(=O)N[C@H](C(=O)N[C@H](C(=O)O)c4cc(O)cc(O)c4-c4cc3ccc4O)[C@H](O)c3ccc(c(Cl)c3)Oc3cc2cc(c3O[C@@H]2O[C@H](CO)[C@@H](O)[C@H](O)[C@H]2O[C@H]2C[C@](C)(N)[C@H](O)[C@H](C)O2)Oc2ccc(cc2Cl)[C@H]1O,[-0.00431064  0.77504796 -0.7531031  -0.56282204  0.30578524]
COCCN(c1cccnc1)P(=O)(c1ccccc1)c1ccccc1,[ 0.53484505 -0.06088337 -0.63249284 -0.8431357   0.23766205]
Nc1ccc(F)c(F)c1F,[-0.11332008 -0.04626147 -0.23142362 -1.          0.18907858]
C[C@H](Cc1cccc(CC(=O)NC23CC4CC(CC(C4)C2)C3)c1)NC[C@H](O)c1ccc(O)c(CO)c1,"[-2.9005954e-01  7.5547469e-01 -8.0389327e-01  6.4929144e-04
 -3.9279091e-01]"
CO[Si](CCCOCC1CO1)(OC)OC,[-0.15422255  0.8594526  -0.96865314 -0.9187956  -0.46462214]
CCN[C@@H]1C[C@H](N)[C@@H](O[C@H]2OC(CN)=CC[C@H]2N)[C@H](O)[C@H]1O[C@H]1OC[C@](C)(O)[C@H](NC)[C@H]1O,[ 0.307223    0.56235045 -1.         -1.         -0.03151948]
Fc1ccc(Br)cc1,[-0.40884325  0.7683602  -0.77487177  0.08960354  0.12545319]
OCCOCCN1CCN(C(c2ccccc2)c2ccc(Cl)cc2)CC1,[ 0.5018568   0.38421267 -0.28992337 -0.79365516 -0.30708665]
COP(=S)(OC)SC(CBr)N1C(=O)c2ccccc2C1=O,[-0.00748215  0.9051481  -0.08655101 -0.50913626  0.03522838]
CCC(=O)Nc1ccc2[nH]c(C(F)(F)F)nc2c1,[-0.02030702 -0.46834838 -1.         -0.96687037  0.8266795 ]
COP(N)(=O)SC,[-0.17434885  0.841746   -1.         -0.73320234  0.495169  ]
COP(=S)(OC)SCC(=O)N1CCOCC1,[ 0.34436548  0.46548927 -0.6688701  -0.46185493  0.09765852]
CN1C(=O)CN=C(c2ccccc2F)c2cc(Cl)ccc21,[-0.22096966  0.81273204 -1.         -0.5638385  -0.5058433 ]
O=C(C(F)(F)Cl)C(F)(F)Cl,[ 0.05671596  1.         -0.90973496 -0.6649695   0.53029424]
CS(=O)(=O)c1nc(-c2ccc(F)cc2)n(-c2ccc(Cl)cc2)n1,[-0.11091553  0.8550108  -0.7062071  -0.8638499   0.0516238 ]
C#CC1(O)C=CC2C3CCC4=CC(=O)CCC4C3CCC21CC,[ 0.11322279  0.56062156 -0.7764843  -0.33040157 -0.19697659]
c1ccc2[nH]c(-c3cscn3)nc2c1,[ 0.5025968   0.5629081  -0.4493548  -0.79500765 -0.18067856]
O=[N+]([O-])C(CO)(CO)CO,[-0.07614461  0.6465405  -0.6266851  -0.6238807   0.05834132]
Cn1c(COP(=O)(NCCBr)NCCBr)cnc1[N+](=O)[O-],[ 0.08677492  1.         -0.8749727   0.06463072 -0.09739295]
COc1cc(OC)c(C(=O)CCCN2CCCC2)c(OC)c1,[ 0.15835406  0.76542795 -0.8057399  -0.7987053  -0.2890156 ]
CCCCOC(=O)CC(SC(CC(=O)OCCCC)C(=O)OCCCC)C(=O)OCCCC,[-0.17197789  0.6238238   0.15008621 -0.4265281   0.41269937]
Cc1cc(Cl)ccc1OCC(=O)Nc1ccccc1,[-0.29096517  0.92144114 -0.70788497 -0.51197547 -0.08191431]
Nc1nc2c(ncn2COCCO)c(=O)[nH]1,[ 0.37680167  0.07252006 -0.87091845 -0.12088609  0.522979  ]
CC[C@H](C)[C@H](NC(=O)[C@H](CCC(=O)[O-])NC(=O)[C@H](CCC(=O)[O-])NC(=O)[C@H](Cc1ccccc1)NC(=O)[C@H](CC(=O)[O-])NC(=O)CNC(=O)[C@H](CC(N)=O)NC(=O)CNC(=O)CNC(=O)CNC(=O)CNC(=O)[C@@H]1CCCN1C(=O)[C@H](CCCNC(N)=[NH2+])NC(=O)[C@@H]1CCCN1C(=O)[C@H]([NH3+])Cc1ccccc1)C(=O)N1CCC[C@H]1C(=O)N[C@@H](CCC(=O)[O-])C(=O)N[C@@H](CCC(=O)[O-])C(=O)N[C@@H](Cc1ccc(O)cc1)C(=O)N[C@@H](CC(C)C)C(=O)[O-],[-0.03794426  0.31358558 -0.00626526 -0.6723321   0.7002835 ]
CC#CCC(C)C(O)/C=C/C1C(O)CC2C/C(=C/CCCC(=O)[O-])CC21,[-0.53683096  0.7874512  -0.4826483  -0.40981674  0.05962399]
COC(=O)C(C(C)=O)C(C)=O,[-0.0387599   0.30036202 -0.77351755 -0.8431394  -0.04546443]
