O=C(Cc1ccc(Cl)c(C(F)(F)F)c1)Nc1cccc2c(=O)n(CCO)ccc12,[ 0.41892952  0.38686892 -0.7129957  -0.92710835 -0.39622998]
CC(C)(C)NC(=O)C1CC2CCCCC2CN1CC(O)C(Cc1ccccc1)NC(=O)C(CC(N)=O)NC(=O)c1ccc2ccccc2n1,[ 0.33676642  0.73160976 -0.45030648 -0.20689721  0.22096075]
CN(CC=CC#CC(C)(C)C)Cc1cccc2ccccc12,[ 0.43426514  0.91853124 -1.         -0.72373545 -0.1667035 ]
CC(C)(C#N)C(C)(C)C#N,[ 0.18382405  0.88812923 -0.83582795 -0.85953474 -0.31411147]
N=C(NN=Cc1ccc(Cl)cc1)NN=Cc1ccc(Cl)cc1,[-0.07039727  0.371233   -0.91355187 -0.6645864   0.24053985]
S=C=NCCN=C=S,[ 0.12348803  0.496532   -0.58859277 -0.7897629  -0.23243316]
C[C@@H]1CN(Cc2ccc(F)cc2)CCN1C(=O)COc1ccc(Cl)cc1NC(N)=O,[-0.2557239   0.46999967  0.1006231  -0.6352131   0.72952986]
COc1cc(OC)c(S(=O)(=O)NCc2ccccc2N2CCC(COC(=O)CCC(=O)O)CC2)cc1NC(=O)CCC(=O)O,[-0.05197555  0.8344653  -0.9388054  -0.9553464  -0.3740891 ]
Cc1ccc(NC(=O)c2ccc(Cl)c(C(F)(F)F)c2)cc1C(=O)Nc1cccnc1,[ 0.50707334  0.7834315  -0.75228304 -0.6987128   0.6648421 ]
CON=C(C(=O)NC1C(=O)N2C(C(=O)O)=C(COC(N)=O)CSC12)c1ccco1,[-0.02341163 -0.7616256  -1.         -1.         -0.15368928]
Cc1ccc(S(=O)(=O)Nc2c(C(=O)NC3CCCCC3)c(C)nn2-c2ccccc2)cc1,[-0.5030076   0.80787367 -0.9999224  -0.71775997 -0.11328412]
SCCc1cnccn1,[ 0.09527755  0.6815731  -0.850677   -0.43792617  0.43156412]
FC(F)(F)c1nc2cc(Br)c(Cl)cc2[nH]1,[-0.109152    0.8422645  -0.69398767 -0.9368782   0.3625785 ]
Nc1cccc(N)c1,[ 0.4447644   0.93388355  0.20547703 -0.69529045 -0.10197432]
O=c1c2nocc2c(-c2ccccc2)nn1-c1ccccc1,[-0.4634636   0.82297856 -0.49615112 -0.8578078  -0.03825442]
CCS(=O)(=O)c1ccc(-c2cc(Cl)ccc2OCC(=O)O)cc1,[-0.76644766  0.69754976 -0.04280102 -0.7164524  -0.1397747 ]
CC(C)CCCC1CCC(C)(C(=O)NCC(=O)O)CC1,[ 0.88303894 -0.10920515 -0.6053714  -0.62899405 -0.25110754]
CC(O)CO,[ 0.658977    0.53355646 -0.65072536 -0.73298496 -0.31849805]
CC(C)=CCOC(=O)c1ccccc1,[ 0.10142421  0.88868093 -0.7804806  -0.4932095  -0.16139445]
Oc1nc(-c2ccccc2)nc2ccccc12,[ 0.5794782   0.44239816 -1.         -0.77899486  0.36208138]
CNC(=O)Nc1nnc(C(C)(C)C)s1,[ 0.3954186  -0.44463122 -0.21219935 -0.2756259  -0.54528177]
NC(=O)N1C(=O)C(C(=O)c2cccs2)c2cc(Cl)ccc21,[-0.5422464   0.01753885 -0.8199088  -0.9377516  -0.25759998]
C=C(Cl)C#N,[ 0.16360937  0.8021456  -0.9666725  -0.6461799  -0.5636551 ]
CCOP(=O)(OCC)Oc1nc(Cl)c(Cl)cc1Cl,[ 0.18444496 -0.13860177 -0.65918523 -0.9257181  -0.27132544]
Nc1cc2c(S(=O)(=O)O)cc(S(=O)(=O)O)cc2cc1S(=O)(=O)O,[ 0.32506517  0.81218714 -1.         -0.4109902  -0.04685584]
CC[C@H](C)C(=O)O[C@H]1C[C@H](O)C=C2C=C[C@H](C)[C@H](CC[C@@H](O)C[C@@H](O)CC(=O)O)[C@H]21,[ 0.03261929  0.7000433  -1.         -0.805212    0.60531294]
CCCCC(CC)CNCC(C)(N)CN(C)CC(CC)CCCC,[ 0.22168443  0.06649701 -0.8570984   0.4863623   0.48500982]
COc1cc(OC)c(S(=O)(=O)NCc2ccccc2N2CCCCC2)cc1NC(=O)CCC(=O)O,[ 0.7011117   0.78294384 -0.42073354 -0.39192915 -0.03402148]
O=C(CCC(=O)OC1CCCCC1)OC1CCCCC1,[ 0.22983307  0.27011067 -0.29043508 -0.39520812  0.03439173]
CCN(CC)CCO,[ 0.44517842  0.7382757  -0.7580659  -0.81400967 -0.06869888]
CNC(=O)Oc1cccc2c1OC(C)(C)O2,[ 0.14031175  0.69211966 -0.80455977 -1.          0.17456126]
CON(C)C(=O)Nc1ccc(Cl)cc1,[-0.37803978  0.9998379  -0.45538017 -0.6622713  -0.17212605]
NC(=[NH2+])NCCCCC1NC(=O)CCSSCC(C(N)=O)NC(=O)C2CCCN2C(=O)C(Cc2c[nH]c3ccccc23)NC(=O)C(CC(=O)[O-])NC(=O)CNC1=O,[ 0.40184844  0.84747434 -0.62277555 -0.47263488 -0.16021885]
O=c1c(Cl)c(Cl)cnn1-c1ccccc1,[ 0.23741458  1.         -0.89367497 -0.4475434  -0.28794858]
COP(=S)(OC)Oc1ccc(C#N)cc1C,[-0.52356     0.8884893  -0.42073888 -0.63027453 -0.05757761]
COC(C)COC(C)COC(C)CO,[ 0.6385718   0.31745777 -1.         -0.52818733 -0.00737825]
C=CC(=O)OCCCCCCOC(=O)C=C,[ 0.42998004  0.19038919 -0.9945547  -0.9565462  -0.40869457]
CCCCOC(C)OCCCC,[-0.33365405  0.8144279   0.3311978  -0.653329   -0.05822791]
O=C(Nc1ccc(Br)cc1)c1cc(Br)cc(Br)c1O,[ 0.09508231  0.64213574 -0.8018357  -0.5956226  -0.67026764]
CCCCC(CC)COCCO,[-0.34432948  0.73086995 -1.         -0.699188    0.21278748]
C1=CCC(C2OCC3(CC=CCC3)CO2)CC1,[-0.17482978  0.7691027  -0.78789705 -0.39202037 -0.5291737 ]
CCN(CCO)C(=O)c1oc2cccnc2c1-c1cccc(C(F)(F)F)c1,[ 0.00920464  0.4429959   0.17658858 -0.3228402   0.18978973]
CC(=O)C1(O)Cc2c(O)c3c(c(O)c2C(OC2CC(N4CC4)C(OS(C)(=O)=O)C(C)O2)C1)C(=O)c1ccccc1C3=O,[ 0.04920842  0.9536616  -0.8072842  -0.47845888 -0.4137158 ]
C[C@@H]1O[C@@H](O[C@@H]2[C@@H](O)[C@H](OCCc3ccc(O)c(O)c3)O[C@H](CO[C@@H]3O[C@H](CO)[C@@H](O)[C@H](O)[C@H]3O)[C@H]2OC(=O)/C=C/c2ccc(O)c(O)c2)[C@H](O)[C@H](O)[C@H]1O,[ 0.50784713  0.99930406 -0.85582024 -0.46410197  0.03954386]
CC(=O)Nc1ccc(CNc2[nH]nc3ccnc(Oc4ccccc4)c23)cc1,[ 0.10465769  0.754166   -0.69591576 -0.94383293 -0.29160383]
OCCOCCN1CCN(C(c2ccccc2)c2ccccc2)CC1,[-0.2547759   0.00320236 -0.4305963  -0.57145905  0.03213518]
COC(=O)c1ccccc1N=NN(C)C,[ 0.13253216  0.85360354 -0.7216333  -0.6857585  -0.3186465 ]
CC(=O)NC(CS)C(=O)[O-],[ 0.05898938 -0.32368374 -0.6805268  -1.          0.02676455]
O=c1cc(N2CCOCC2)nc2n(Cc3cccc(Cl)c3Cl)ccn12,[ 0.33591503  0.11273382 -0.2949243   0.02989043  0.27153376]
CN(CCOc1ccc(CC2SC(=O)NC2=O)cc1)c1ccccn1,[-0.55457467  0.87699217 -0.00425439 -0.7602693   0.06252083]
CC(C(O)c1ccc(O)cc1)[NH+]1CCC(O)(c2ccccc2)CC1,[-0.33638406  0.59715486 -0.69224167 -0.8165575   0.02683699]
Cc1ccc2c(c1)c(-c1ccnc3c(C)cccc13)c(C)n2CC(=O)O,[-0.2062472  1.        -0.9268891 -0.6576721 -0.3849491]
COc1cc(C=CC(=S)N2CCOCC2)cc(OC)c1OC,[ 0.13917637 -0.43286481 -0.42599687 -0.4803672  -0.38366464]
NS(=O)(=O)c1cc2c(cc1Cl)NC(C(Cl)Cl)NS2(=O)=O,[ 0.40719804  0.5902264  -0.70642877 -0.63025016  0.05778553]
CC([NH3+])Cc1ccccc1,[-0.13816725  0.6093147  -0.9769823  -0.8134809  -0.31831148]
C[C@@H]1NC(=O)[C@H](C)N(C)C(=O)[C@@H](C)NC(=O)[C@H](C)N(C)C(=O)[C@@H](C)N(C)C(=O)[C@@H](C)NC1=O,[-0.14382298  0.42332193 -1.         -0.7554853  -0.31135702]
O=C([O-])CCCc1ccc(N(CCCl)CCCl)cc1,[ 0.12404758  0.88340575 -0.43586043 -0.6506934  -0.05873579]
CCCCC(C)(C)CO,[ 0.41749173  0.7173381  -0.7814731  -0.38129112  0.18321463]
O=C(NCc1ccc(OC(F)(F)F)cc1)C1c2ccccc2C(=O)N1CCc1ncc(F)cn1,[ 0.47944728  0.80118024 -0.8259923  -0.42265975  0.09635151]
CCCCCCC(N)C(=O)N[C@@H](Cc1c(C)cc(O)cc1C)C(=O)N1CCC[C@@H]1C(=O)N[C@@H](Cc1c[nH]c2ccccc12)C(=O)N[C@@H](Cc1ccccc1)C(N)=O,[-0.18646066 -0.3310423   0.06038434 -0.3764753  -0.3567277 ]
Cc1ccc(N=CN(C)SN(C)C=Nc2ccc(C)cc2C)c(C)c1,[ 0.242677    0.8126198  -0.40205115 -0.6290366  -0.6356971 ]
Oc1ccc2c(c1)CCC2,[ 0.27424824  0.7928169  -0.7352552  -1.          0.01133595]
CN(C)CC=C(c1ccc(Br)cc1)c1cccnc1,[ 0.0679066   0.8103837  -0.5333632  -0.937318    0.20645255]
CCOC(=O)CCN(Cc1ccccc1)SN(C)C(=O)ON=C(C)SC,[-0.24434361  0.8562104  -1.         -0.63110095 -0.09012456]
CCN(CC)c1c([N+](=O)[O-])cc(C(F)(F)F)c(N)c1[N+](=O)[O-],[ 0.16716573  0.7263176  -0.7056028  -0.5988331  -0.29272622]
COc1ccc([N+](=O)[O-])cc1N,[-0.19663368  0.8237192  -0.63984674 -0.06996209 -0.42158604]
Nc1ccc(Cl)cc1,[ 0.5286873   0.5942525  -0.53474265 -0.7793348  -0.23605525]
COc1cc2nc(N3CCN(C(=O)c4ccco4)CC3)nc(N)c2cc1OC,[ 0.4445803   0.24829727 -0.7324908  -0.7664862  -0.17410323]
C=C(OP(=O)(OC)OC)c1ccc(Cl)cc1Cl,[ 0.3199357   0.84555185 -0.5308466  -0.51323676  0.5362782 ]
CN=C=S,[ 0.36029595  0.9619719  -0.9725831  -0.03137492 -0.3032302 ]
CC#CCC(C)C(O)/C=C/C1C(O)CC2C/C(=C/CCCC(=O)[O-])CC21,[-0.50480837  0.8095056  -0.51779366 -0.4990752  -0.22482294]
OCC(O)CO,[ 0.43694115  0.5546413  -0.8241304   0.1532918   0.3220584 ]
CCN(CC)CCOCCO,[ 0.3812043  -0.5092196  -0.82186896 -0.5822234  -0.3438415 ]
C=CC(=O)N(C)C,[ 0.3539073   0.06366371  0.18658185 -0.8335684  -0.14605607]
C[C@H](CO)Nc1nc(SCc2cccc(F)c2F)nc2nc(N)cnc12,[ 0.33868825  0.33690515 -0.6966314  -0.97415245 -0.30768293]
O=[N+]([O-])c1ccc(Nc2ccccc2)c(S(=O)(=O)O)c1,[ 0.44875243  0.05739501 -0.67049015 -0.8631823   0.21495967]
C=C(C)c1cccc(C(C)(C)N=C=O)c1,[-0.00519325  0.9838908  -0.5628983  -0.577072   -0.22838129]
CCC(CC)n1nc(C)c(C(=O)N[C@@H](C)C(C)(C)C)c1NS(=O)(=O)c1ccc(C)cc1,[-0.07272036  0.38960856  0.47926608 -0.40613866 -0.43688172]
CCCCCCCC(=O)N[C@@H](CCN)C(=O)N[C@H](C(=O)N[C@@H](CCN)C(=O)N[C@H]1CCNC(=O)[C@H]([C@@H](C)O)NC(=O)[C@H](C)NC(=O)[C@H](CCN)NC(=O)[C@H](CC(C)C)NC(=O)[C@@H](Cc2ccccc2)NC(=O)[C@H](CCN)NC1=O)[C@@H](C)O,[ 0.350536    0.14877646 -0.917152   -0.51080877 -0.43683994]
C1=CC2C3C=CC(C3)C2C1,[ 0.11723445  0.9488362  -0.66018414 -0.7363772  -0.30168235]
COc1ccc(CC2c3cc(OC)c(OC)cc3CCN2C)cc1OC,[ 0.2534361   1.         -0.75037706 -0.80944884  0.18830095]
CC(=Cc1ccccc1)C=C1SC(=S)N(CC(=O)O)C1=O,[ 0.3585054   0.9066198  -0.6522198  -0.6654765   0.42243513]
CC(=O)[C@H]1CC[C@H]2[C@@H]3CC[C@@H]4C[C@H](O)CC[C@]4(C)[C@H]3CC[C@]12C,[-0.18404737  0.94324154 -0.8927855  -0.91116214 -0.25817987]
CCCCc1c(OC(=O)c2cc(OC)c(OC)c(OC)c2)n(-c2ccccc2)n(-c2ccccc2)c1=O,[ 0.00751173  0.8698241  -0.8518607  -0.62303525 -0.19124587]
Cc1c(OC2CCN(CC3CCN([C@@](C)(Cc4ccc(F)cc4)C(=O)O)CC3)CC2)ccc(Cl)c1Cl,[ 0.04973844  0.60003126 -0.7297331  -0.6603233   0.5156365 ]
O=C1CCc2cc(C=CCN3CCN(c4ccc(Cl)cc4)CC3)ccc2N1,[ 0.45792308  0.84071624 -0.73953336 -0.6027072  -0.6013413 ]
CCC(C(=O)O)C1(O)CCCCC1,[-0.17076315  0.6653864  -0.52525973 -0.631521   -0.1935334 ]
CNC(=O)Oc1cc(C)c(N(C)C)cc1C(C)C,[ 0.47332907  0.8691814  -0.7755224  -0.44190764 -0.41621295]
O=C(CCc1ccccc1)OC1=C(OC(=O)CCc2ccccc2)C(=O)OC1=O,[-0.26105428  1.         -0.94352734 -0.6879785   0.33761916]
COC(=O)/C=C/CNC(=O)CN1C(=O)[C@@H](COC(=O)Nc2ccc(Cl)cc2C(F)(F)F)N=C(c2ccccc2)c2ccccc21,[-0.2128742   0.84829086 -0.83906925 -0.80134714  0.61765337]
O=[N+]([O-])c1c(Cl)c(Cl)c(Cl)c2nc(C(F)(F)F)[nH]c12,[ 0.31704178  0.5931453  -0.7259185  -0.7225833   0.6347276 ]
Cc1nn(C)c(Oc2ccccc2)c1C=NOCc1ccc(C(=O)OC(C)(C)C)cc1,[-0.03197622 -0.7598099  -0.3609151  -0.32957527  0.4380856 ]
CC1(C)C(=O)N(CO)C(=O)N1CO,[ 0.1945267   0.53824794 -0.7457761   0.2739874  -0.58324325]
Oc1c(O)c(-c2c(Cl)c(Cl)c(Cl)c(Cl)c2Cl)c(Cl)c(Cl)c1Cl,[ 0.27048478  0.8558041   0.9922084  -0.32061267 -0.2718328 ]
C=CC[NH+]1CCCC1CNC(=O)c1cc(S(=O)(=O)NC)c(N)cc1OC,[-0.3290251   0.5632558  -0.3470969  -0.17314857 -0.42296454]
CN1CCCCC1CCN1c2ccccc2Sc2ccc(S(C)=O)cc21,[ 0.37230274 -0.5318763  -0.6858174  -1.          0.36530662]
COC(=O)C1=C(C)NC(C)=C(C(=O)OCCN(C)Cc2ccccc2)C1c1cccc([N+](=O)[O-])c1,[ 0.35039717  0.9304686  -0.690707   -0.8688315  -0.31180534]
CCN1C(=O)C=CC1=O,[-0.15829608  0.7533517  -0.6260605  -0.71701145  0.04908101]
NC(=S)Cc1cccc2ccccc12,[-0.07406145  0.7199964  -0.6918896  -0.74259907 -0.4554631 ]
O=C(OCCc1ccccc1)c1ccccc1,[ 0.68656653  0.4312456  -0.84312457  0.12695092 -0.05537587]
O=C(C(F)(F)Cl)C(F)(F)Cl,[ 0.02397352  0.9998437  -0.9235202  -0.568025    0.70308757]
CC1CCC(N)CC1N,[ 0.15663764  0.7410472  -0.61905646  0.5910757  -0.0261094 ]
COP(=S)(Cl)OC,[ 0.5215638   0.8452409  -1.         -0.43549684 -0.26939914]
C=CCc1cc(OC)c2c(c1)OCO2,[ 0.28489694  0.9737077  -0.6695075  -0.91953796  0.09235477]
Cc1cc(-n2cccc2)c(S(C)(=O)=O)cc1C(=O)NC(=N)N,[ 0.5428814   0.82316417 -0.7217136   0.35832608 -0.08534715]
COP(=S)(OC)Oc1cc(Cl)c(Cl)cc1Cl,[ 0.25209838  0.85569865 -0.6704482  -0.66387945  0.01097314]
Cc1cccc(C)c1NC(=O)C1CCCC[NH+]1C,[ 0.01420714  0.8750028  -0.81934345 -0.6553993  -0.3554811 ]
Cn1cnc(S(=O)(=O)N(CCN(Cc2cncn2C)c2ccc(C#N)cc2)Cc2ccccc2)c1,[-0.09815863  0.52048224 -0.82047087 -0.9042545  -0.05261271]
Cc1cc(=O)cc(-c2ccccc2)o1,[ 0.41657716  0.66115224 -0.7818607  -0.6831411   0.12586282]
CC(O)C(Cl)(Cl)Cl,[-0.19984378  0.8817404  -1.          0.14451073  0.44005263]
O=[N+]([O-])c1cc(C2CCCCC2)c(O)c([N+](=O)[O-])c1,[ 0.22048643  1.         -0.2851914  -1.          0.21297531]
COc1cc(N)c2c(c1N)C(=O)c1ccccc1C2=O,[ 0.25668108  0.45509642 -0.76890254 -0.86127055 -0.08819764]
CCc1nn(C2CCCC2)c2c1CCn1c(-c3cccs3)nnc1-2,[ 0.0097098  0.9966399 -1.        -0.8445657  0.8032487]
CC(C)C1NC(=O)c2ccccc2O1,[ 0.24077167  0.9676376  -0.9715295  -0.8078525   0.08606397]
CC1CN(C2CCCCCCCCCCC2)CC(C)O1,[ 0.54868436  0.89492875 -1.         -0.01003613  0.44335845]
C#CC1(O)C=CC2C3CCC4=CC(=O)CCC4C3CCC21CC,[-0.1290889   0.7388453  -1.         -0.7484915  -0.13148093]
COP(=S)(OC)SCc1nnc(C(C)C)o1,[ 0.06037379  0.922573   -0.7742821  -0.8365724   0.17385186]
CCc1ccc2[nH]c(C(F)(F)F)nc2c1,[ 0.31020325 -0.46494463 -0.84877026 -0.5661893  -0.26402572]
CCOC(=O)CCC[Si](C)(OCC)OCC,[ 0.2999803   0.89578974 -0.6875203  -0.8931381  -0.20790145]
C=CC(=O)OCC(=O)OCC,[-0.8863267   0.7993406  -0.4426585  -0.55667615  0.13987224]
Cc1cc(=O)nc(SCc2ccccc2N(C)C)[nH]1,[ 0.22496851  1.         -0.8002407  -0.9412884  -0.24654952]
COc1ccc(-c2nc3c(NCCCNC(C)=O)c(Br)cnc3[nH]2)cc1,[ 0.06944447  0.76999474 -0.5000999  -0.39293483 -0.24926832]
c1ccc(COCc2ccccc2)cc1,[-0.15661314  0.6957979  -0.88272023 -0.42796284 -0.0118748 ]
CCCCSCCCC,[ 0.59197736  0.7986901  -0.99994856 -0.66449183  0.1597333 ]
CC(C)(C)NCCC(O)c1cc(C(F)(F)F)nc2c(C(F)(F)F)cccc12,[ 0.42666247  0.7471551  -0.80644673 -0.9010202   0.44217217]
Nc1nc(Nc2ccc(S(N)(=O)=O)cc2)nn1C(=O)c1c(F)cccc1F,[ 0.3126177   0.64735365 -0.9122511  -0.46720967 -0.11485464]
CC1NC(=S)NC1=O,[ 0.12144349  0.89310616 -0.7657146  -1.          0.68603355]
CC1CCCCC1NC(=O)Nc1ccccc1,[ 0.1001979   0.73941755 -0.6770987  -0.8950803  -0.3783087 ]
Cc1ccc(N2CC(COc3ccc(-c4noc(C)n4)cc3)C2)nn1,[-0.04184194  0.70759714 -0.56106716 -0.7203042   0.06388924]
O=C(O)CC(CC1CCN(C(=O)CCc2ccc3c(n2)NCCC3)CC1)C1CNc2ccccc2C1,[ 0.6639321   0.5510888   0.22385502 -0.53126067  0.3238158 ]
CSCCC([NH3+])C(=O)NC1(C(=O)[O-])CS(=O)(=O)C2C(C(=O)[O-])C21,[ 0.4159977   0.5917327  -0.4322173  -0.79762965 -0.37516832]
CC(C)(c1ccc(Oc2ccc(N)cc2)cc1)c1ccc(Oc2ccc(N)cc2)cc1,[ 0.18325211  0.44408122 -0.10355383 -1.          0.3134101 ]
CC(C)(O)c1ccc(Nc2nc3ccc(C#N)cc3[nH]2)cc1,[ 0.27079907 -0.6796891  -1.         -0.29136536  0.19696684]
Cc1ccn(C(=O)NCCCCCCCl)n1,[ 0.32685176 -0.10416991 -0.6246919  -0.38736403  0.8067627 ]
CC(C)(C)OC(=O)N1CCN(c2ncc(OCc3ccncc3)cn2)CC1,[-0.06910186  0.9022635  -0.68530333 -0.5610791  -0.20337936]
CC(=Cc1ccccc1)CC(=O)N1CCOCC1,[-0.37115386  0.85276777 -0.8537095  -0.5257588   0.47570547]
CCCCCCCCC1OC1CCCCCCCC(=O)OCC1(CC)OC1CCC,[ 0.34244823 -0.5269054  -0.6140255  -0.94192547  0.01655556]
OCCOCCN1CCN(C(c2ccccc2)c2ccc(Cl)cc2)CC1,[ 0.56621844  0.83177924 -0.65173656 -1.          0.08364994]
Cc1cn([C@H]2CCCN(S(=O)(=O)c3ccc(C#N)c(Oc4cccc(Cl)c4)c3)C2)c(=O)[nH]c1=O,[ 0.36789227  0.48766774  0.2801232  -0.4380018  -0.2659127 ]
CCCCCC(O)C=CC1C(O)CC(O)C1CC=CCCCC(=O)O,[ 0.37292248  0.3490923  -1.         -0.58237076  0.95466775]
Fc1cc2nc(C(F)(F)F)[nH]c2cc1Cl,[ 0.24691583  0.873868   -0.92425215 -0.73797977 -0.31594753]
C[C@]12C[C@H](O)[C@H]3[C@@H](CCC4=CC(=O)CC[C@@]43C)[C@@H]1CC[C@]2(O)C(=O)CO,[ 0.3218967   0.91798586 -0.8902522  -0.8316609  -0.011666  ]
CC(C)OCCO,[ 0.19555666  0.715627   -0.48784703 -0.4820277  -0.27377322]
C[N+](C)(C)[NH2+]CCC(=O)[O-],[-0.3066146   0.7224734  -0.81204164 -0.776596   -0.4633705 ]
CCCCC(CC)CNC1CCCCC1,[-0.2113003  0.6735892 -1.        -0.7707102 -0.3428801]
CCOC(=O)CCC1(CCC(=O)OCC)c2ccccc2-c2ccccc21,[-0.32343516 -0.5048582  -1.         -0.45311934 -0.23523211]
CCOc1ccccc1OC(c1ccccc1)C1C[NH2+]CCO1,[ 0.27974543  0.79853916 -0.7043297  -1.         -0.49138486]
COc1ccc(C[C@@H]2c3cc(OC)c(OC)cc3CC[N@+]2(C)CCC(=O)OCCCCCOC(=O)CC[N@@+]2(C)CCc3cc(OC)c(OC)cc3[C@H]2Cc2ccc(OC)c(OC)c2)cc1OC,[-0.25506905  0.79859555 -0.6159329  -0.60234076  0.10670082]
Nc1cc2c(cc1C1CCCCC1)CCC2C(=O)O,[ 0.10532502  0.1857574  -0.7393103   0.10644711 -0.12793577]
Cc1ccc(Nc2ccc(Nc3ccc(C)cc3)c3c2C(=O)c2ccccc2C3=O)cc1,[ 0.33397782 -0.3547571  -1.         -0.5547242  -0.04288546]
CN1C[C@@H]2c3ccccc3Oc3ccc(Cl)cc3[C@H]2C1,[ 0.06118732 -0.36611763 -0.8895484  -0.50493234 -0.22273837]
CNC(=O)[C@@H]1Cc2cn(cn2)CC(=O)N2CCC[C@H]2C(=O)N[C@@H](C)C(=O)N1C,[ 0.18138765  0.6160151  -0.67544246 -0.86934525  0.2016999 ]
CCC(CCCCOC(=O)c1ccccc1)COC(=O)c1ccccc1,[ 0.23253351  0.75340873 -0.9400403  -0.7324363  -0.10579012]
CCCCCCCCOC(C)=O,[ 0.10957662  0.5036123  -0.8720216  -0.92610925 -0.58028036]
BrC12CC3CC(CC(C3)C1)C2,[-0.38814315  0.7097592  -0.8436831  -0.9834492  -0.08827291]
CCCCOP(=O)(O)OCCCC,[ 0.37363243 -0.6930135  -0.69414276 -0.7510257  -0.06314491]
CO[C@@H]1C=CO[C@@]2(C)Oc3c(C)c(O)c4c(c3C2=O)C(=O)/C(=C\NN2CCN(C)CC2)C(=C4O)NC(=O)C(C)=CC=C[C@@H](C)[C@H](O)[C@H](C)[C@H](O)[C@@H](C)[C@@H](OC(C)=O)[C@@H]1C,[ 0.64800596 -0.56765234 -0.4411024  -0.91183865  0.7999546 ]
CCN(CC)c1ccc2cc(C(=O)NC3(C(=O)N[C@H](Cc4ccccc4)C(=O)NCC4CCN(CC5CCOCC5)CC4)CCCC3)sc2c1,[-0.70219445  0.71817917  0.61394775 -0.07485134  0.7775074 ]
CCC[NH+]1CCCCC1C(=O)Nc1c(C)cccc1C,[ 0.17826858  0.51541525 -0.7545799  -0.6897274   0.16203086]
O=NN1CCCCC1,[-0.27815542  0.8862386  -0.91735893 -0.59505224 -0.08276919]
CC[C@H](CO)NC(=O)[C@H]1C=C2c3cccc4[nH]cc(c34)C[C@@H]2N(C)C1,[ 0.27396402  0.28421888 -0.551944   -0.81500137 -0.2639343 ]
O=C(Oc1ccccc1)n1c(C(F)(F)F)nc2cc(Cl)c(Cl)cc21,[ 0.34398556  0.2890816  -0.5550496   0.05963121 -0.24548596]
O=C(O)CCC(=O)O,[ 0.6847006   0.6843572  -0.758272   -0.19521675 -0.3354208 ]
O=C(O)CCC(=O)OC1CCCCC1,[-0.04947707  0.6321959   0.07293745 -0.43445858 -0.44037962]
CC(=O)OC(C(Cl)(Cl)Cl)P(=O)(Oc1ccccc1)Oc1ccccc1,[-0.23234715 -0.11211967 -0.39514908 -1.         -0.32173955]
CCN(N=O)C(C)OC,[ 0.5073195   0.73886985 -0.7001506  -0.71065646  0.12559883]
C[C@@H]1O[C@@H](O[C@H]2[C@@H](O)C[C@H](O[C@H]3C[C@](O)(C(=O)CO)Cc4c(O)c5c(c(O)c43)C(=O)c3ccccc3C5=O)O[C@H]2C)C[C@H](N)[C@@H]1O,[ 0.23850323  0.37835047 -0.7898968  -0.01083602 -0.99402505]
CCC(C)OP(=S)(OC)OC,[ 0.17348428  0.76979285 -0.8506177  -0.6827276  -0.06649644]
COc1c2ccoc2c(OCC2OC2(C)C)c2oc(=O)ccc12,[ 0.36854717  0.99415225 -0.314941   -0.97228825  0.77748764]
CC1CS(=O)(=O)CCN1N=Cc1ccc([N+](=O)[O-])o1,[ 0.32804388  0.6748241   0.30272132 -0.91163886 -0.0514249 ]
C#CC(C)(O)C(O)c1ccccc1,[ 0.08648878  0.7657009  -0.7789578  -0.23167834  0.12082738]
CC1CC(=O)NN=C1c1ccc([N-]N=C(C#N)C#N)cc1,[ 0.21155396  0.38129666 -0.70235425 -0.8288861   0.07337525]
C[C@@H]1NC(=O)[C@@H](C)NC(=O)[C@H](C)N(C)C(=O)[C@@H](C)N(C)C(=O)[C@@H](C)NC(=O)[C@H](C)N(C)C1=O,[ 0.08507593  0.77101356 -0.6974264  -0.7887142   0.10903204]
S=c1[nH]c2cc(Cl)ccc2o1,[ 0.31687626  0.8568153  -0.63618344 -0.54858196 -0.45637238]
C=C(OP(=O)(OC)OC)P(=O)(OC)OC,[-0.05508032  0.8854306  -0.59393716  0.36559996 -0.07951564]
Brc1ccc2[nH]cc(CC3CCNCC3)c2c1,[ 0.21875544  0.86229706 -0.7924685  -0.90695035  0.01291991]
CC1=NN(c2ccccc2)C(=O)C1,[-0.6681407   1.         -0.8164941  -0.7403444  -0.40171325]
C#CCN(C)c1ccccc1OC(=O)NC,[ 0.00351451 -0.710287   -0.40917706 -0.47009337 -0.22942095]
CCOC(=O)C1OC1c1ccccc1,[ 0.27990577  0.9409303  -0.8933598  -0.77133167 -0.4658778 ]
O=C(O)c1ccccc1C(=O)Nc1cccc2ccccc12,[-0.206959    0.75172806 -0.67785734 -1.         -0.18356319]
CN(CCCOCCOCCc1ccccc1)CCc1ccc(O)c2nc(O)sc12,[-0.6013743   0.8280252  -0.00127943 -0.78845745 -0.10790657]
CC1OC(OC2C(O)CC(OC3C(O)CC(OC4CCC5(C)C(CCC6C5CC(O)C5(C)C(C7=CC(=O)OC7)CCC65O)C4)OC3C)OC2C)CC(O)C1O,[-0.2646975   0.36134353 -0.39589894 -0.5189608  -0.16003881]
CC(C)(C)NC[C@H](O)COc1nsnc1N1CCOCC1,[ 0.22901222  0.85690475 -0.84263515  0.26781997 -0.05760701]
CCN(CC)c1ccc2c(C)cc(=O)oc2c1,[ 0.4658847   0.4141699  -0.87053275 -0.7923757   0.36023998]
CC(C)(C)c1ccc(OP2OCC3(CO2)COP(Oc2ccc(C(C)(C)C)cc2C(C)(C)C)OC3)c(C(C)(C)C)c1,[-0.21092334  0.3533431  -0.454894   -0.10327429 -0.09319801]
COc1ccc2c(O[C@@H]3C[C@H]4C(=O)N[C@]5(C(=O)NS(=O)(=O)C6CC6)C[C@H]5/C=C\CCCCN(C)C(=O)[C@@H]4C3)nc(-c3ccc(F)cc3)nc2c1C,[ 0.46748683  0.8030852  -0.58809376 -0.80119574  0.06282882]
Cc1cncc(C)n1,[ 0.55651003  0.75240093 -0.63306403 -0.78106105 -0.62174505]
Oc1c(Cl)c(Cl)cc2[nH]c(C(F)(F)F)nc12,[ 0.27367547  0.877206   -1.         -0.7421732   0.05621646]
CCCC(=O)c1ccc(N)cc1,[ 0.25574854  0.8739644  -0.94033074 -0.7463789  -0.28940344]
Cc1ccc(N=C=O)cc1N=C=O,[ 0.09500074  0.35474896 -0.6815966  -1.         -0.07559248]
COc1ccc(-c2nc3ccc(C4=NNC(=O)CC4C)cc3[nH]2)cc1,[ 0.5175383   0.60639983 -0.55128986 -0.8461951  -0.27160406]
Cc1ccc([N+](=O)[O-])cc1,[ 0.26820245  0.36560112 -0.81135124 -0.6158752   0.05370896]
O=[N+]([O-])c1ccccc1Cl,[-0.05957583  0.79002845 -0.81909245 -0.61660147 -0.00780647]
CC(CN1CCOCC1)C(C(=O)N1CCCC1)(c1ccccc1)c1ccccc1,[-0.1742383   0.9059506  -0.8455298  -0.86897546 -0.09976055]
O=C(CCCN1CCC(O)(c2cccc(C(F)(F)F)c2)CC1)c1ccc(F)cc1,[ 0.1144834   0.6816407  -0.7751929  -0.98944324 -0.09795015]
O=C(Nc1cccc(Cl)c1)Nc1nnc(-c2ccncc2)s1,[ 0.23158002  0.9569299  -0.64632314 -0.721806   -0.00678482]
CC1CCCCOC1=O,[ 0.5350453  -0.9068324  -0.3659493  -0.5562209  -0.39629763]
CN(CCO)Cc1cc(C(=O)c2cccs2)cc(C(C)(C)C)c1O,[-0.98096824  0.9658532  -1.         -0.8332143   0.19739291]
Cc1cccc(Nc2ccncc2S(=O)(=O)[N-]C(=O)NC(C)C)c1,[-0.81358147  0.39599037 -0.769717   -0.8542004  -0.22780149]
COc1cc(C2c3cc4c(cc3C(OC3OC5COC(C)OC5C(O)C3O)C3COC(=O)C23)OCO4)cc(OC)c1O,[-0.1472461   0.10385253 -0.50913566 -0.01979207 -0.01283403]
O=Cc1cccc2ccccc12,[-0.19688566 -0.45975512 -0.29038614 -0.72358507  0.25652468]
C[C@@H]1O[C@@H](O[C@H]2[C@H](Oc3cc(O)c4c(c3)O[C@H](c3ccc(O)cc3)CC4=O)O[C@H](CO)[C@@H](O)[C@@H]2O)[C@H](O)[C@H](O)[C@H]1O,[ 0.5655297   0.95307523 -0.64124334  0.52213234  0.13341147]
O=C(CSc1nc2c(c(=O)n1-c1ccccc1)SCC2)Nc1ncc(-c2ccccc2)s1,[ 0.2591694   0.86774063 -0.83555096 -0.5381745  -0.1073507 ]
OC[C@@H]1CC[C@H](n2cnc3c(O)ncnc32)O1,"[ 4.3528455e-01  9.4747406e-01 -7.7938271e-01 -6.9778323e-01
 -5.1563134e-04]"
N#Cc1cccc(Cc2ncccn2)c1,[-0.21024197  0.81066763 -0.5962625  -0.78640485 -0.22673132]
NCCNCc1ccccc1O,[-0.35768175  0.6945157  -0.99929655 -0.15471055 -0.20219952]
COP(=O)(OC)ON1C(=O)c2cccc3cccc(c23)C1=O,[-0.2222824   0.86298823 -0.7987927  -0.24400796  0.31663898]
C=CC[N+]1([C@H]2C[C@H]3[C@@H]4CC[C@H]5C[C@H](O)[C@@H](N6CCOCC6)C[C@]5(C)[C@H]4CC[C@]3(C)[C@H]2OC(C)=O)CCCC1,[-0.2719047   0.77153367 -0.9845641  -0.71972877  0.64676416]
CCC(=O)O,[ 0.10089808  0.8003826   0.7902101  -0.3020308  -0.23207934]
COC(CN1CCN(CCC(O)c2ccccc2)CC1)c1ccccc1,[ 0.05474902  0.66492766 -1.         -1.         -0.32387996]
CSc1ccc(C(=O)c2[nH]c(=O)[nH]c2C)cc1,[ 0.44887617  0.9569014  -1.         -1.          0.6638812 ]
N#CC1CC2CC2N1C(=O)C(N)C12CC3CC(CC(O)(C3)C1)C2,[ 0.27819228 -0.25806677 -0.12507217 -0.8826708  -0.06087715]
FC(F)(F)c1nc2c(Br)c(Cl)c(Br)cc2[nH]1,[ 0.06960431  0.64519733 -0.74770534 -0.5441485   0.10073558]
CCOc1cc2ncc(C(N)=O)c(Nc3ccc(F)cc3F)c2cc1N1CCN(C2CC2)CC1,[ 0.31157336 -0.07040142 -0.70809627  0.26739925  0.13166481]
COc1cc2ncc(C(N)=O)c(Nc3ccc(F)cc3F)c2cc1NCCN1CCCCC1,[ 0.3234347   0.91981834 -0.9385066  -0.9614959   0.6343003 ]
CC1OC(n2ccc(NC(=O)c3ccc(NC(=O)C(C)(N)CO)cc3)nc2=O)CCC1OC1OC(C)C(N(C)C)C(O)C1O,[ 0.3498898   0.8979385  -0.6859494  -0.8239282  -0.47282094]
COC(=O)Cc1ccccc1,[-0.1192866  1.        -0.8487392 -1.        -0.5319016]
C=CCNC(=O)C(=O)C(CCC)NC(=O)C1CC2CN1C(=O)C(C1CCCCC1)NC(=O)Cc1cccc(c1)OCCC(C)(C)O2,[ 0.3410023   0.8672099  -1.         -0.5687981  -0.51104456]
NCCCC[C@H](N[C@@H](CCc1ccccc1)C(=O)O)C(=O)N1CCC[C@@H]1C(=O)O,[-0.24346294 -0.26215336 -0.7199235  -0.7571174  -0.31834427]
C1C[SiH2]C1,[ 0.4373965   0.5782931  -0.5187225  -0.9479258   0.01714442]
CC(=O)O[C@H]1C[C@]2(O)[C@H]3CC[C@H]4C[C@H](O[C@H]5C[C@@H](O)[C@@H](O[C@H]6C[C@@H](O)[C@@H](O[C@H]7C[C@@H](O)[C@@H](O)[C@H](C)O7)[C@H](C)O6)[C@H](C)O5)CC[C@@]4(C)[C@H]3CC[C@]2(C)[C@H]1C1=CC(=O)OC1,[ 0.2513395   0.6338075   0.25558576 -0.6987513  -0.15002407]
CCOC(=O)Cl,[-0.049546   -0.18205772 -0.63728875 -0.36801714 -0.06216746]
C=CC(=O)N1CN(C(=O)C=C)CN(C(=O)C=C)C1,[ 0.10197391  0.64724165 -0.9414483  -0.6215743   0.5870929 ]
CCCSP(C)(=S)Oc1ccc(Cl)cc1Cl,[ 0.5833153   0.75892866 -0.19607821 -0.4322622  -0.3603754 ]
Oc1cc(Cl)c(Cl)c(Cl)c1Cl,[-0.27366674  0.41707096 -0.8759547  -0.5101076  -0.33575347]
C[N+](C)(Cc1ccc(NC(=O)c2ccc(Cl)c(Cl)c2)cc1)C1CCOCC1,[-0.9342212   0.7843253  -0.23429745 -0.4077369  -0.4838403 ]
CCOP(=O)(OCC)N(C)c1ccccc1,[ 0.48068348  0.7959843  -1.          0.01322934  0.63652986]
O=C(CCl)OCCOCCO,[-0.01331311  0.4548088  -0.8210647  -0.99056304  0.6942247 ]
Cc1onc2c(=O)[nH]nc(-c3ccccc3)c12,[ 0.19358058  0.06402679  0.2349651  -1.          0.13733998]
O=[N+]([O-])c1cccc(O)c1,[-0.17899828  0.6088533  -0.74866    -0.8026843  -0.1167601 ]
C=CC[NH+]1CCCC1CNC(=O)c1cc2n[nH]nc2cc1OC,[ 0.11107291  0.534393    0.3264206  -0.20980507  0.48486215]
CCOC(=O)c1noc(C)c1C(C)=O,[ 0.42969915 -0.41526842 -0.5638386  -0.7730284   0.02741427]
Nc1nc2[nH]cnc2c(=S)[nH]1,[-0.26973423  0.87433    -0.83468765 -0.18412066 -0.02212665]
CC(C)(C)NCCO,[-0.07760836  0.7328958  -0.7248786  -0.8106747   0.4487679 ]
O=C(O)c1cccc(Cl)n1,[-0.2028125   1.         -1.         -0.6256385   0.23088169]
O=C(Nc1ccc(Cl)c(C(=O)Nc2cccnc2)c1)c1cccc(C(F)(F)F)c1,[ 0.33846846  0.4027462  -0.7850268  -0.0795876  -0.11837762]
Fc1ccc(Br)cc1,[-0.46572578  0.785269   -0.74275815 -0.6182491  -0.02747115]
CC(C)OC(=O)C(C(=O)OC(C)C)=C1SCCS1,[ 0.16758162  0.67953676 -0.83787847 -0.1089221  -0.21352704]
CCC(C)C(CC)C(N)=O,[ 0.25382084  0.8149264  -0.02057179 -0.6781585  -0.19400232]
CC#CCC(C)C(O)C=CC1C(O)CC2Oc3c(CCCC(=O)O)cccc3C21,[ 0.34630945  0.87941676 -0.7369627  -0.5058419  -0.23071484]
O=C1NC(c2ccc(Br)cc2)Nc2ccccc21,[ 0.37412584  0.88423365 -0.7639493  -0.7052584  -0.2997114 ]
COc1cc(C(=O)NC2CCCNC2)cc(OC)c1OC,[ 0.54433376  0.8634036  -0.07791571 -0.5341179  -0.15181574]
CN[C@@H](C)[C@@H](O)c1ccccc1,[-0.60844743 -0.07835717 -0.99709475 -0.6907944   0.7395088 ]
Cc1cccc(C)c1O,[ 0.11050756  0.3716338  -1.          0.38944262 -0.320267  ]
CCOc1cc(OCC)c(C(=O)CCC(=O)O)cc1OCC,[ 0.17751278  0.87172264 -0.7170029  -0.7606044  -0.50124466]
C[C@H](CSN=O)C(=O)N1CCC[C@@H]1C(=O)O,[ 0.33462712  0.7972557  -0.8433394  -0.73417443  0.04572732]
COc1ccc(Oc2ccc(NC(=O)N(C)C)cc2)cc1,[ 0.2971967  1.         0.143994  -0.5263357 -0.2686655]
CC(C)Nc1nc(Cl)nc(NC(C)C)n1,[ 0.46412593  0.90072775 -0.82415736 -0.29180968  0.17505597]
COCc1c(C(C)C)nc(C(C)C)c(/C=C/[C@@H](O)C[C@@H](O)CC(=O)O)c1-c1ccc(F)cc1,[ 0.15863524  0.80102664 -0.72786117 -0.8189656   0.00344314]
Cc1cnc(Nc2cc(N3CCOCC3)nc(N[C@@H](C)c3ncc(F)cn3)n2)s1,[ 0.5372132   0.6054001  -0.729171   -1.         -0.15841632]
O=[N+]([O-])c1nccs1,[ 0.0177433   0.64902014 -0.8869808  -0.827649   -0.15090007]
CCC(=O)CC,[-0.19515286  0.79399943 -0.8675601  -0.6655937  -0.24469477]
O=C(O)c1ccccc1-c1c2ccc(=O)cc-2oc2cc(O)ccc12,[-0.32767448  0.9239921  -0.7894123  -0.49316967  0.3045508 ]
CCNC(=O)CSP(=S)(OC)OC,[ 0.41620946  0.8602916  -0.64263725 -0.6743891  -0.07335044]
CC(C)=CC1C(C(=O)OC(C#N)c2cccc(Oc3ccccc3)c2)C1(C)C,[-0.25645724  0.80954707 -0.83490443 -0.4354722   0.23609412]
O=C1CC(N2C(=O)c3ccccc3C2=O)C(=O)N1,[ 0.09576714  0.2487511  -0.93894744 -0.47168115  0.06738863]
COc1cc2nc(N3CCN(C(=O)C(C)OC)CC3)nc(N)c2cc1OC,[ 0.61941963  0.9449328  -0.56624806 -1.          0.32263133]
Nc1nc(O)c2ncn(COCCO)c2n1,[ 0.41501173  0.8825328  -0.604198   -0.86784005 -0.6371772 ]
N#CCc1ccccc1,[ 0.31092277  0.7539586  -0.7159026  -0.6768677  -0.24246243]
C=C(CC(=O)c1ccc(-c2ccccc2Cl)cc1)C(=O)O,[ 0.27698404  0.68034744 -0.830328   -0.35194573 -0.4680072 ]
CN(SSC(C)(C)C)C(=O)ON=C1SCCS1,[ 0.34533966  0.9853078  -0.77640885 -0.25021133  0.42319518]
O=CNC(N1CCN(C(NC=O)C(Cl)(Cl)Cl)CC1)C(Cl)(Cl)Cl,[ 0.44514874  0.87471515 -0.6995837   0.01269928 -0.18560573]
C#CCN1C(=O)CN=C(c2ccccc2)c2cc([N+](=O)[O-])ccc21,[ 0.220826    0.8822268  -0.65083396 -0.892368   -0.17857298]
Cc1ccc(-c2ccccc2)cc1,[ 0.14274094  0.4794297  -0.80904114 -0.80681944 -0.21888974]
FC(F)(F)c1nc2c(I)cc(I)cc2[nH]1,[ 0.14735234  0.87973887 -0.6573164  -0.6513667   0.2644255 ]
Cc1cc(Cl)ccc1OCC(=O)Nc1ccccc1,[-0.2729159   0.9128882  -0.78382933 -0.6061703   0.2755452 ]
C=CCc1cc(OC)c(OC(C)Cc2cc(OC)c(OC)c(OC)c2)c(OC)c1,[-0.31983832  0.7105942  -0.98479235 -0.14533259 -0.25903428]
C=CC(=O)OCCc1ccc(CC)cn1,[-0.24008824  0.93104756 -0.7829211  -0.655645   -0.25052038]
COP(=S)(OC)SC1CSC=CO1,[-0.20799167  1.         -0.87223655 -0.680616    0.05629079]
CCOP(=O)(OCC)Oc1ccc(S(C)(=O)=O)c(C)c1,[-0.23916148  0.9919676  -0.8544367  -0.7426599  -0.07381072]
O=c1[nH]c2c(O)ccc([C@@H](O)CNCCSCCCNCCc3cccc(Cl)c3Cl)c2s1,[ 0.3121344   0.49218377 -0.6670473   0.49184448 -0.1462059 ]
Nc1ccc(Cl)cc1Cl,[ 0.5900672   0.92078835 -0.7156885  -0.6601715  -0.2940227 ]
CC(C)Oc1cc(-n2cnc3ccc(N[C@@H](CO)c4ccc(F)cn4)nc32)n[nH]1,[-0.10892148  0.6169768  -0.592487   -0.8979079  -0.25673404]
NS(=O)(=O)c1cc2c(cc1Cl)NCNS2(=O)=O,[ 0.28884706  0.6460881  -0.7695089  -0.8896056   0.6858385 ]
O=C(c1ccccc1)c1cccc2c1CCC2C(=O)O,[ 0.03367085  0.8496081  -0.47379154 -0.58517826 -0.14716622]
C=C(Cl)C(Cl)CCl,[ 0.1415305   0.75871485 -0.05423195 -0.16850616 -0.07900288]
CCN(CC)CCCCCCCCCCNC(=O)Oc1ccc2c(c1)C1(C)CCN(C)C1N2C,[ 0.21287598  0.4893964  -0.5240897  -0.54236037  0.4759462 ]
N#Cc1ccc(F)c(-c2cc(C(F)(F)F)ccc2OCC(=O)O)c1,[ 0.5289008   0.580687   -0.8380237  -0.02184967  0.04266387]
BrC(Br)Br,[-0.34411275  0.23161332 -0.33461398  0.49967608  0.07013389]
CC1CCC2(O)C3(C)CC4(O)OC2(C1O)C1(O)C3(O)C(OC(=O)c2ccc[nH]2)C(O)(C(C)C)C41C,[-0.20007086  0.8098508  -0.57100964 -0.8802691  -0.22523434]
CNC(=O)CSP(C)(=S)OC,[-0.19179624  0.33784932 -0.5585417   0.12424952  0.19195916]
CC(C)(C)c1cc([N+](=O)[O-])cc([N+](=O)[O-])c1O,[ 0.6055442   0.48503032 -0.7573798  -0.86401707 -0.45359737]
CC(C)Cn1c(=O)n(C)c(=O)c2c(C(=O)N3CC[C@@H](O)C3)c(Cc3c[nH]c4ccccc34)sc21,[ 0.7093765   0.70898306 -0.75111336 -0.45880002 -0.44506153]
Cc1nccc(-c2ccc(-c3nc4ccncc4c(O)c3C#N)cc2)c1Cl,[ 0.1525486   0.81488025 -0.34774205 -0.25334302  0.0665834 ]
COP(=S)(OC)SCSCC=C(Cl)Cl,[ 0.3705801   0.7434133   0.32221988 -0.27287433  0.12990601]
CNC(=O)c1[nH]cnc1C(=O)Nc1ccc(Cl)cc1,[-0.2129809   0.84274787 -0.8345242  -0.6822464   0.14157473]
Cc1cnc(NCCCN(C)C)c2c1[nH]c1ccc3cc(O)ccc3c12,[ 0.17982645  0.83935356  0.38893297 -0.42805657  0.18115254]
[O-][n+]1onc2c1c1no[n+]([O-])c1c1no[n+]([O-])c21,[ 0.54486936  0.9222573  -0.45539993 -0.8102944  -0.09674302]
CC(C)(C)CNC(=S)Nc1cccnc1,[ 0.13509509  0.924971   -0.81264925 -1.         -0.30237538]
O=CC1=CCCCC1,[ 0.3451853   0.7964711  -0.6460753  -0.21341415  0.27655318]
C[S+]([O-])Cc1ccc(C(=O)Nc2ccc(OCCOCCO)nc2C(=O)NCC2CCC2)c2ccccc12,[ 0.7057652   0.8547226  -0.95824504 -0.52299124 -0.25782743]
CCSP(SCC)SCC,[ 0.28396934  0.8864956  -0.6746575  -0.47902924 -0.321214  ]
COc1cc2c3c(c1O)C1(C=CC(=O)C=C1)CC3N(C)CC2,[ 0.29447034 -0.34419456 -1.         -0.4452972   0.09717005]
Nc1nc(-c2ccccn2)nc(N)c1Cc1ccc(Cl)cc1Cl,[ 0.2905483   0.9201494  -0.8816787  -0.444273   -0.15342547]
CCC(C)OC(CBr)c1ccc(Cl)cc1,[-0.89364314  0.9198214  -0.84846574 -0.67121077 -0.26022512]
O=C1c2cccc(S(=O)(=O)O)c2C(=O)c2c1cccc2S(=O)(=O)O,[ 0.37521693  0.73357123 -0.6300646  -0.72963697  0.03202038]
N=C(N)N[N+](=O)[O-],[-0.18699256  0.839874   -0.41673604 -0.44864643 -0.3710184 ]
COc1ccc(CC(C)=O)cc1,[ 0.1402593   1.         -0.6810165  -0.88808954  0.46105054]
CCOC(=O)Nc1ccc(NCc2ccc(F)cc2)cc1N,[-0.39838773  0.7640832  -0.7230612  -0.6990111  -0.32306042]
OCCOCCCl,[ 0.04054385  0.7664266  -0.7001704  -0.8146433  -0.44620785]
CN(C)CCC=C1c2ccccc2CCc2ccccc21,[ 0.26456705  0.3011827  -0.42827097 -0.44768566  0.4838504 ]
CCOc1ccccc1-c1ccc(-c2nc3ccncc3c(O)c2C#N)cc1,[ 0.31864354  0.7533826  -0.9437672  -0.49818432  0.08126124]
C=CCN1CCC23CCCCC2C1Cc1ccc(O)cc13,[ 0.13560577  0.5284136  -0.06131339 -0.5659537  -0.18028964]
CS(=O)(=O)c1ccc(C(O)C(COC(=O)C[NH3+])NC(=O)C(Cl)Cl)cc1,[-0.03385565  0.7567376  -0.5904142  -0.57462746 -0.28495345]
Cc1cccc2sc3nncn3c12,[ 0.3601498   0.71658796 -0.62080574 -0.05397722 -0.5289025 ]
ClC1=C(Cl)C(Cl)(C2(Cl)C(Cl)=C(Cl)C(Cl)=C2Cl)C(Cl)=C1Cl,[ 0.01928023  0.91285187 -0.85788363 -0.927232    0.5343027 ]
O=C1C(Cl)C(CCl)CN1c1cccc(C(F)(F)F)c1,[-0.03978905  0.27860326 -0.6460071  -0.731165    0.86232466]
CCCCCCCC[Si](OCC)(OCC)OCC,[ 0.27326918  0.00827011 -0.73179173 -0.5151887  -0.33473292]
CCOP(=S)(NC(C)C)Oc1ccccc1C(=O)OC(C)C,[-0.37520242  0.8303305  -0.6855805  -0.51458013  0.655974  ]
CCOP(=S)(OCC)OC(=CCl)c1ccc(Cl)cc1Cl,[-0.4035197  -0.44294637 -0.7120757  -0.5677845  -0.11202374]
CC(C)OP(=S)(OC(C)C)SCn1nc(Cl)ccc1=O,[-0.48383528  0.91476035 -0.19527026  0.24030623 -0.17414282]
C=CS(=O)(=O)CCCCCC,[ 0.42127278  0.9967745   0.7258184  -1.         -0.0388926 ]
O=c1n(CC2CO2)c(=O)n(CC2CO2)n1CC1CO1,[ 0.11889095  0.47586527 -1.         -1.         -0.08591786]
COc1ccc(NC(=O)c2ccnc(N)n2)cc1,[-0.09555863  0.7993846  -0.69685787 -0.33941823 -0.11799008]
CC=CC=CC=O,[ 0.37076783  0.32098606 -0.88132507 -0.28820884 -0.42933497]
C=CC(=O)OCCOCCC#N,[ 0.05028093  0.9208889  -1.         -0.7847936  -0.23026487]
CCCCN(CCCC)CCCC,[-0.04510345  0.8590901  -0.6712615  -0.6902049  -0.42913702]
OCc1cc(C(O)C[NH2+]CCCCCCOCCOCc2c(Cl)cccc2Cl)ccc1O,[ 0.16666065  0.98743737 -0.8037628  -1.          0.60605836]
CC[C@H]1CN(Cc2cc(Cl)ccc2OCC(=O)O)CCN1S(=O)(=O)c1ccccc1,[-0.00733216  0.5639548  -0.8686145  -0.53405726  0.24600519]
COc1cc2c(cc1OC)C(Cc1cc(OC)c(OC)c(OC)c1)[N+](C)(CCCOC(=O)CC/C=C\CCC(=O)OCCC[N+]1(C)CCc3cc(OC)c(OC)cc3C1Cc1cc(OC)c(OC)c(OC)c1)CC2,[ 0.28964487  0.9634806  -1.         -0.85557586  0.29182905]
CCOC(=O)C=Cc1ccc(Cl)cc1,[-0.07539789  0.08976351 -0.5966038  -0.08282734  0.18223071]
O=C(O)c1nn(Cc2ccc(Cl)cc2Cl)c2ccccc12,[ 0.10182935  0.67683315 -0.8629099  -0.8822544  -0.0423349 ]
Clc1cc(Cl)c2nsnc2c1Cl,[-0.7531581   0.8798354  -0.88510084 -0.8049806  -0.45655772]
Cc1cc(Sc2cc(C)c(O)c(C(C)(C)C)c2)cc(C(C)(C)C)c1O,[ 0.4333274   0.85138726  0.2107639  -0.61876625 -0.33614036]
COc1cc(OC)c(S(=O)(=O)N2c3ccccc3CCC2C)cc1NC(=O)CSCC(=O)O,[-0.00588724  0.65095556 -0.7847084  -1.         -0.2740088 ]
O=C(Cc1ccc(OCc2ccccc2)cc1)NO,[ 0.47021607  0.97298867 -0.82246524 -0.7088894  -0.04973469]
CCCCC(CC)(C(=O)OCC)C(=O)OCCN(CC)CC,[ 0.8054053   0.78312045 -0.7434224  -0.5289582   0.18996818]
COc1cc2ncc(C(N)=O)c(Nc3cccc(Cl)c3Cl)c2cc1N1CCN(C)CC1,[-0.07964072  0.4841807  -0.74465984 -0.8174506  -0.5035693 ]
CC(CO[N+](=O)[O-])(CO[N+](=O)[O-])CO[N+](=O)[O-],[ 0.34976634  0.9088753  -0.81162924  0.1546807  -0.18447454]
CC(=O)c1c(C)c2cnc(Nc3ccc(N4CCNCC4)cn3)nc2n(C2CCCC2)c1=O,[-0.28442279  0.92856455 -0.9548103  -0.3469429  -0.14446089]
CC(=O)OC12COC1CC(O)C1(C)C(=O)C(O)C3=C(C)C(OC(=O)C(O)C(NC(=O)OC(C)(C)C)c4ccccc4)CC(O)(C(OC(=O)c4ccccc4)C21)C3(C)C,[-0.02662457  0.29764482 -1.         -0.77791864 -0.32933915]
CC(C)N(C(=O)SCC(Cl)=C(Cl)Cl)C(C)C,[ 0.29557276 -0.2964576  -0.10762604 -0.6013416  -0.3866603 ]
Cc1ccc2c(c1)c(-c1ccnc3cc(Cl)ccc13)c(C)n2CC(=O)O,[-0.04675034  0.4572448   0.25405067 -0.94559515  0.1457229 ]
CC(=CC(=O)O)C(=O)O,[-0.0172497  0.8536829 -0.8677928 -0.9764511  0.3230615]
CCCOP(=O)(SCCC)SCCC,[-0.0773787   0.7643074   0.08525167 -0.88199675 -0.22653744]
CCC[C@@H](c1ccc(C(=O)O)c(Oc2cccc(Cl)c2)c1)N1CCC[C@H](n2cc(C)c(=O)[nH]c2=O)C1,[ 0.21601276  0.74033123 -0.9124169  -0.453529   -0.09505029]
SCc1ccccc1,[ 0.15152988  0.60201395 -0.797466   -1.          0.5805151 ]
O=C(O)COc1ccc(C(=O)CN2CCN(C3CCNCC3)CC2=O)cc1,[ 0.4914802   0.8948061  -0.7240238  -0.8868528   0.19403134]
O=C1CC2(CCCC2)CC(=O)N1CCCCN1CCN(c2ncccn2)CC1,[-0.03399275  0.7457335  -0.8922342  -0.59694153  0.35107687]
COc1cc2ncnc(Nc3ccc(F)c(Cl)c3)c2cc1NC(=O)/C=C/CN1CCCCC1,[ 0.53420854  0.91031134 -0.9680651  -0.61273795 -0.30049455]
CN(C)c1ccc(O)c2c1CC1CC3C([NH+](C)C)C([O-])=C(C(N)=O)C(=O)C3(O)C(O)=C1C2=O,[ 0.22404554  0.60312426 -0.79334277 -0.4365935   0.78981924]
CC(C)NCC(O)COc1cccc2ccccc12,[ 0.2552812   0.768647   -0.7576039  -0.88388187 -0.5768271 ]
COP(N)(=O)SC,[ 0.2722004   0.7199651  -0.67739886 -0.6790543   0.1309228 ]
O=C1OCC2C1C1(Cl)C(Cl)=C(Cl)C2(Cl)C1(Cl)Cl,[ 0.48991114  0.37703025 -0.91297346 -0.7576861  -0.4673136 ]
C=CCI,[ 0.34289888  0.11118499 -0.5636411   0.34224874  0.20673314]
CC(C)=CCN1CCC2(C)c3cc(O)ccc3CC1C2C,[ 0.39454323  0.9007072  -0.89513147 -0.9568743   0.17385651]
Cc1ncc(C[n+]2csc(CCO)c2C)c(N)n1,[-0.14838822  0.04142962 -0.7912161  -0.36054787  0.7266465 ]
Clc1ccc(Cl)c(Cl)c1,[-0.14782573  0.76935416 -0.75148046 -0.86307496 -0.0696535 ]
C=CC(=O)OCCOC(=O)CC(C)=O,[ 0.32697737  0.76203465 -0.748239   -0.5469813   0.5535268 ]
CN(C)CCOc1cc(NS(=O)(=O)c2c(Cl)cc(C(F)(F)F)cc2Cl)ccc1Cl,[ 0.0087228   0.73389333 -0.52626395 -0.45520905 -0.14734824]
OCCCCC(O)CO,[ 0.24358952  0.6926123  -0.7905843  -0.61281383  0.3610438 ]
CN(C)NC(=O)CCC(=O)O,[ 0.24265958  0.31087434 -1.         -0.51929957 -0.16428587]
CNC(=O)ON=C(C)SCC(N)=O,[-0.24234995 -0.05657139  0.31989068 -0.7967764  -0.3623977 ]
CC(C)(C)CC(=O)Nc1c(F)cc(C(=O)Nc2nccs2)cc1F,[ 0.46650195  0.3854345   0.55180275 -0.01194021 -0.45100254]
COc1cc(Nc2nc(N[C@@H](C)c3ncc(F)cn3)ncc2Br)n[nH]1,[ 0.5069322   0.90847653 -0.72923565 -0.42551067  0.17784421]
Cc1ccccc1S(=O)(=O)NC(=O)N1CCC(N2CCC(Oc3ccc(Cl)c(Cl)c3)CC2)CC1,[ 0.23234703  0.79556525 -1.         -0.5477965   0.21340829]
CC=CC(C)=O,[ 0.5389866   0.51314986 -0.8205189  -0.81507975 -0.7780663 ]
Cc1ccc2c(c1)c(S(=O)(=O)c1ccc(Cl)cc1)c(C)n2CC(=O)O,[ 0.41969436  0.06189231 -0.8023434  -0.3607385   0.17124636]
O=C(c1csc2c1CCCC2)N1CCCCC1,[ 0.05982339  0.87013304 -0.8255547  -0.801942   -0.08588184]
CCN[C@@H]1C[C@H](N)[C@@H](O[C@H]2OC(CN)=CC[C@H]2N)[C@H](O)[C@H]1O[C@H]1OC[C@](C)(O)[C@H](NC)[C@H]1O,[ 0.17987673  0.82516676 -1.         -1.          0.34148386]
CCN1CCCC1CNC(=O)c1cc(S(N)(=O)=O)ccc1OC,[-0.33301407  0.9074583  -0.85771567 -0.5551575  -0.11699535]
COCCNCc1ccc(Nc2ncc3cc(-c4ccncc4)ccc3n2)cc1,[ 0.16400708  0.83749366 -0.7022894  -0.5646715  -0.34235883]
CC(O)C#N,[-0.6919924   0.41423517  0.06495593 -0.6119931  -0.2716399 ]
CC(O)C1C(=O)N2C(C(=O)[O-])=C(SC3CCS(=O)C3)SC12,[-0.04973547  0.56154263 -0.7036782  -0.72796655 -0.23270261]
COc1cc([C@@H]2c3cc4c(cc3[C@@H](O[C@@H]3O[C@@H]5CO[C@@H](C)O[C@H]5[C@H](O)[C@H]3O)[C@H]3COC(=O)[C@H]23)OCO4)cc(OC)c1O,[ 0.17137338  0.67982024 -0.7608804  -0.6719041   0.5925933 ]
CC(C)NCC(O)COc1ccc(COCCOC(C)C)cc1,[-0.6398411   0.88696975 -0.8657432  -0.5294839   0.24597324]
CCCCCCN,[-0.46547878  0.9582617  -0.65817624 -0.48627666 -0.01709516]
CN(CC#N)N=O,[ 0.47379416  0.72082883 -0.81486833 -1.          0.7865736 ]
O=C(CF)Nc1ccccc1,[ 0.6099538   0.78021634 -0.93405175 -0.85970956 -0.58712435]
Cc1ccc(C(=O)N(CCCN)[C@@H](c2nc3cc(Cl)ccc3c(=O)n2Cc2ccccc2)C(C)C)cc1,[ 0.24749024  0.56953734  0.48317602 -0.04074087 -0.34013546]
C/C=C/CC(C)C(O)C1C(=O)NC(CC)C(=O)N(C)CC(=O)N(C)C(CC(C)C)C(=O)NC(C(C)C)C(=O)N(C)C(CC(C)C)C(=O)NC(C)C(=O)NC(C)C(=O)N(C)C(CC(C)C)C(=O)N(C)C(CC(C)C)C(=O)N(C)C(C(C)C)C(=O)N1C,[ 0.02275541  0.85171056 -0.8691629  -1.         -0.04422234]
CCOC(=O)NCCOc1ccc(Oc2ccccc2)cc1,[-0.33814284  0.92633665 -0.97198135 -0.72080857  0.3687614 ]
CO[Si](CCCOCC1CO1)(OC)OC,[ 0.29467508  0.79492    -0.42339388 -0.387364   -0.11504726]
CC(C)NC(=O)c1cnc(N2CCC(N3C(=O)OCc4ccccc43)CC2)c(Cl)c1,[-0.22032073  0.9676152  -0.81944555 -0.5659605  -0.00778163]
CC(C)(C)c1cc(CCC(=O)OCCSCCOC(=O)CCc2cc(C(C)(C)C)c(O)c(C(C)(C)C)c2)cc(C(C)(C)C)c1O,[ 0.32458368  0.8383144  -0.78833824 -0.96847016  0.0997174 ]
COP(=O)(OC)OC(=CCl)c1cc(Cl)ccc1Cl,[ 0.18197894  0.829085   -0.80648494 -0.84788215 -0.501467  ]
CCC(C(=O)O)c1ccc(CC(C)C)cc1,[ 0.4869089   0.73281026 -0.7039671  -0.87003475 -0.04747634]
CCC1=C(C)CN(C(=O)NCCc2ccc(S(=O)(=O)[N-]C(=O)NC3CCC(C)CC3)cc2)C1=O,[-0.22279535  0.669487   -0.6786434  -0.8898211  -0.13179745]
CC(CO)Oc1ccccc1,[-0.22240432  1.         -0.70082045 -1.         -0.02906143]
C=CCC1/C=C(\C)CC(C)CC(OC)C2OC(O)(C(=O)C(=O)N3CCCCC3C(=O)OC(/C(C)=C/C3CCC(O)C(OC)C3)C(C)C(O)CC1=O)C(C)CC2OC,[ 0.37116694  0.8972732  -0.6824481  -1.         -0.3992021 ]
C1=CCCC=CCCC=CCC1,[-0.22251011  0.86148304 -0.79641175 -0.9124401  -0.05481009]
NNC(=O)c1ccncc1,[-0.5148259   0.9276509   0.07711389 -0.8174321  -0.4002474 ]
NCC(O)CO,[ 0.22624184  1.         -0.74372464 -0.805974    0.10745126]
CCc1nc(N)nc(N)c1-c1ccccc1,[ 0.42884582  0.5162173  -0.95634985 -0.87254405 -0.28819036]
O=[N+]([O-])C(CO)(CO)CO,[ 0.02307433 -0.3489513  -0.56798095 -1.         -0.2237158 ]
CCCCC(CC)COCCC#N,[ 0.15341647  0.7982583  -0.03963697 -0.66352475 -0.13463208]
CCN(Cc1cc(C(F)(F)F)ccc1-c1cc(CC(=O)O)ccc1OC)C(=O)NCc1ccccc1,[ 0.026524    0.8034117  -0.8397384  -0.28014296  0.12258828]
CCC(C)CCCCC(=O)NC(CCN)C(=O)NC(C(=O)NC(CCN)C(=O)NC1CCNC(=O)C(C(C)O)NC(=O)C(CCN)NC(=O)C(CCN)NC(=O)C(C(C)O)NC(=O)C(CC(C)C)NC(=O)C(CCN)NC1=O)C(C)O,[-0.12195921  0.33094996 -1.         -0.9170532  -0.04336357]
S=C1NCCC(COc2ccccc2)O1,[-0.22079177 -0.0302106  -0.7757344  -0.6130009   0.6678695 ]
Cc1c(CN2CCOC(c3ccccc3)C2C)c(=O)n(-c2ccccc2)n1C,[ 0.20995338  0.7657167  -0.6881519  -0.7157644  -0.2830703 ]
O=P([O-])([O-])C(Cl)(Cl)P(=O)([O-])O,[ 0.41233766  0.8668992  -0.9670689  -0.67816186 -0.19588374]
CCc1cc2c(s1)-n1c(C)nnc1CN=C2c1ccccc1Cl,[-0.42154273  0.8629118  -0.773699   -0.84464175 -0.5085706 ]
CCCCN(CCCC)SN(C)C(=O)ON=CC(C)(C)SC,[-0.20773326  0.4904755   0.43192244 -0.15325895 -0.4558811 ]
Clc1nc(Cl)nc(Cl)n1,[-0.10886425  0.92427415 -0.991003   -1.          0.25852507]
[NH3+]C(C(=O)NC1C(=O)N2C(C(=O)[O-])=C(CSc3c[n-]nn3)CSC12)c1ccc(O)cc1,[ 0.14497244  0.9321919  -0.11521466  0.10078382 -0.06915398]
CC(C)CCCCCN(CCCCCC(C)C)CCCCCC(C)C,[ 0.322455    1.          0.17783844 -0.9589303  -0.24590714]
O=C(CCCCCCC(=O)Nc1ccccc1)NO,[-0.25620157  0.45214966 -0.9031977  -0.87442577 -0.03343582]
C[Si](C)(C)CCCC(=O)O,[-0.22268996  0.7888611  -0.85633    -0.8924272  -0.10907178]
CC(=O)OC(C)(C)C1CC=C(C)CC1,[ 0.45674002  0.8714532  -0.7409069  -0.40921324 -0.2544305 ]
CN(C)CCCC1c2ccccc2Nc2ccc(Cl)cc21,[ 0.07099824  0.8355949  -1.         -0.80157936 -0.16737647]
Clc1ccc(OCOc2ccc(Cl)cc2)cc1,[ 0.72762686  0.8062868  -0.9390134  -0.34048975  0.03728405]
COC(C)C=O,[ 0.53102076  0.6364993  -0.8841665  -0.92714137  0.36516213]
Nc1ccc(F)c([N+](=O)[O-])c1,[ 0.20992012  0.3628234  -0.5532234  -0.5896525  -0.09666834]
Cc1c(C(=O)NCCO)[n+]([O-])c2ccccc2[n+]1[O-],[ 0.14973609  0.5759651   0.89983976 -0.43886063 -0.226815  ]
Cc1ccc(CO)cc1N(C)c1ccnc(Nc2cc(N3CCCOCC3)cc(N3CCOCC3)c2)n1,[ 0.69959515  0.7278257  -0.72571325 -0.7332121  -0.1733057 ]
CC(C(=O)O)c1ccc(C(=O)c2cccs2)cc1,[-0.7473413   0.7848278  -0.1376725  -0.1328262  -0.19105285]
Nc1ccc(O)c([N+](=O)[O-])c1,[-0.19520503 -0.90390486 -0.8147239  -0.53866136 -0.16176838]
CO/N=C(/C(=O)NC1C(=O)N2C(C(=O)[O-])=C(C[N+]34CCC(C(N)=O)(CC3)CC4)CSC12)c1nsc(N)n1,[ 0.39889306  1.         -0.7455151  -0.8859057   0.16595222]
O=C(Cl)c1cccc(C(=O)Cl)c1,[ 0.32725367  0.26654473 -0.6286815  -0.7339893  -0.02504963]
Clc1cc(Cl)cc(Cl)c1,[ 0.80292    -0.29667312 -0.6727991  -0.68429935  0.5837693 ]
CNC(=O)c1cccc2c(Nc3ccc(NS(C)(=O)=O)cc3OC)c3cccc(C)c3nc12,[ 0.36618838  0.83214337 -0.8654998  -0.39143556  0.3829574 ]
ClC(=NNc1c(Cl)cc(Cl)cc1Cl)c1ccccc1,[ 0.38844338  0.8439773  -0.70008135 -0.647484   -0.05662761]
COCCOCCOC(C)=O,[ 0.51417035  0.8837717  -0.47053045 -0.4661164  -0.27622068]
CNCC(O)c1cccc(O)c1,[ 0.07837686  0.7003226  -0.74569964 -0.78439647 -0.497386  ]
C[C@H](Cn1cnc2c(N)ncnc21)OCP(=O)(O)O,[ 0.46484154 -0.11711038 -0.07566492 -0.5809536  -0.41168106]
O=CNc1cc([C@@H](O)CNCCc2ccc(NC[C@H](O)c3ccccc3)cc2)ccc1O,[-0.38434988  0.06323308 -0.67391926 -0.05206956 -0.19322333]
CC(O)COC(C)CP(CC(C)OCC(C)O)CC(C)OCC(C)O,[-0.21638778  0.78895754 -1.         -0.743544    0.06767002]
CCNC(=O)C=Cc1cccc(Br)c1,[ 0.303989    0.17545788 -0.36058474  0.23447236  0.47534195]
Nc1nc2c(Cc3cccnc3)c[nH]c2c(=O)[nH]1,[ 0.22033979  0.9074423  -0.68852097 -0.68941486 -0.174284  ]
CCP(=O)(OC)SC,[-0.18840747  0.841986   -0.9132472  -0.78648347 -0.30614546]
Cc1c(C(C)C)c(=O)n(-c2ccccc2)n1C,[ 0.27899083  0.8677921   0.91333944 -0.40519905 -0.49680254]
CSCCNc1nc(SCCC(F)(F)F)nc2c1ncn2C1OC(COP(=O)([O-])OP(=O)([O-])C(Cl)(Cl)P(=O)([O-])[O-])C(O)C1O,[-0.6728051   1.         -0.23941049 -0.54548883 -0.07102247]
CO/N=C(\C(=O)N[C@@H]1C(=O)N2C(C(=O)O)=C(COC(C)=O)CS[C@H]12)c1csc(N)n1,[ 0.43171057  1.         -0.33333656 -0.43110925  0.17402829]
CC=Cc1ccc(OCc2ccccc2)c(OC)c1,[ 0.42393377  0.6324628  -0.79898554 -0.48066014 -0.49687174]
O=c1oc(-c2ccccc2)nc2ccccc12,[ 0.04016509  0.9261325  -0.3193987  -0.8132427   0.32448405]
CCC(=O)N(c1ccccc1)C1CCN(CCc2ccccc2)CC1,[-0.22614187  0.44117203 -0.40993878 -0.05316296 -0.03606537]
CC(C)c1cccc(C(C)C)c1O,[ 0.09389912  0.54117405 -0.1601589  -0.70357555 -0.29139307]
CC(=O)CCCCCCCC(=O)O,[ 0.29105031  0.7398936  -0.84222835 -0.6965288  -0.2309506 ]
C/C([O-])=C(\C#N)C(=O)Nc1ccc(C(F)(F)F)cc1,[ 0.47081357  0.4952002  -0.6142198  -1.         -0.15205106]
O=C(Oc1ccccc1)c1ccccc1C(=O)Oc1ccccc1,[ 0.4940099  0.2067046 -0.8855636 -0.558906  -0.0425396]
Nc1ccc([N+](=O)[O-])cc1N,[ 0.11838993  0.79696965 -0.4133599  -0.7455905  -0.10717714]
Nc1ccc(S(=O)(=O)O)c2cccc(O)c12,[ 0.19460523  0.79740876 -0.6988341  -0.7404776   0.5329638 ]
CCOC(=O)COc1ccc(C(=O)CN2CCN(C3CCN(C(=O)OCOC(=O)C(C)(C)C)CC3)CC2=O)cc1,[ 0.2337344   0.92181265 -0.8985095   0.68965167  0.41404277]
Cc1cc(Nc2nc(N[C@@H](C)c3ccc(F)cc3)ncc2Cl)n[nH]1,[ 0.1803338   0.67442137 -0.46175206 -0.866635   -0.71351284]
CC1(C)C2CC=C(CCO)C1C2,[-0.05940441  0.48311982 -0.5482815  -0.44060424  0.23584737]
CN[C@H](CC(C)C)C(=O)N[C@H]1C(=O)N[C@@H](CC(N)=O)C(=O)N[C@H]2C(=O)N[C@H]3C(=O)N[C@H](C(=O)N[C@H](C(=O)O)c4cc(O)cc(O)c4-c4cc3ccc4O)[C@H](O)c3ccc(c(Cl)c3)Oc3cc2cc(c3O[C@@H]2O[C@H](CO)[C@@H](O)[C@H](O)[C@H]2O[C@H]2C[C@](C)(N)[C@H](O)[C@H](C)O2)Oc2ccc(cc2Cl)[C@H]1O,[ 0.23883589  0.6779241  -0.65996754 -0.43813097  0.08214476]
O=[N+]([O-])N1CN([N+](=O)[O-])CN([N+](=O)[O-])C1,[ 0.18772638 -0.78799003 -0.3697765  -1.         -0.27973208]
Cc1cc(=O)n(CSP(=S)(OC(C)C)OC(C)C)nc1Cl,[-0.2603578   0.38821596 -0.8068241  -0.9793372  -0.00663215]
C=CCn1c(N)cc(=O)n(CC)c1=O,[ 0.03859365  0.78064615 -0.1704898  -0.582928    0.10240591]
CCOP(=O)(CC)SC,[ 0.1283955   0.9439331  -0.74443835 -0.9077699  -0.16061641]
CCC(CC)C(=O)OCCOCCOCCOC(=O)C(CC)CC,[ 0.2529857   0.5146394  -0.47812605  0.32044524  0.3855156 ]
Cc1c(OCC(F)(F)F)ccnc1C[S+]([O-])c1nc2ccccc2[nH]1,[ 0.29527274  0.8458988  -0.656475   -1.         -0.00865411]
CC(=O)N1CCN(c2ccc(OC[C@H]3CO[C@](Cn4ccnc4)(c4ccc(Cl)cc4Cl)O3)cc2)CC1,[ 0.4796131   0.9113119  -0.71160066 -1.         -0.48994347]
C1=CC2C=CC1C2,[ 0.05195207  0.9855427  -0.9594912  -0.5687318   0.14821982]
CO[Si](CCCn1c(=O)n(CCC[Si](OC)(OC)OC)c(=O)n(CCC[Si](OC)(OC)OC)c1=O)(OC)OC,[-0.12285864  0.4651353  -0.91802686  0.4448911   0.08670159]
CN(c1ccc(F)cc1F)c1c([N+](=O)[O-])cc([N+](=O)[O-])cc1C(F)(F)F,[ 0.01124146  0.24909362 -0.32770914 -0.5252253   0.8143019 ]
Oc1ccc2[nH]c(C(F)(F)F)nc2c1,[ 0.04077325  0.75413907 -0.24858388 -0.702832   -0.31479073]
CC(C)OCCCO,[ 0.523491    0.78581405 -1.         -0.75406986  0.19615792]
CC(=O)OC(C(=O)NC(N)=O)c1ccccc1,[ 0.322417    0.18363796 -0.7417299   0.69200784  0.5469422 ]
O=C(OCC1CO1)c1ccccc1C(=O)OCC1CO1,[ 0.21021758 -0.08645597 -0.15277477  0.6315812   0.05597294]
Cc1cnc(C)c(C)n1,[ 0.2651503   0.39266452 -0.7058032  -0.43374842 -0.5120829 ]
Cc1cccc(C)c1CCNC(N)=O,[ 0.06858399  0.94781625 -0.86066234 -0.68158287 -0.03957165]
O=P([O-])([O-])C(O)(Cn1ccnc1)P(=O)([O-])O,[-0.78953934  0.3865822  -0.63724476 -0.08730878 -0.17646661]
S=c1[nH]cnc2nc[nH]c12,[-0.11425355  0.18883972 -0.98261064 -1.         -0.27229035]
CCC(=O)OCc1ccc(OC)cc1,[ 0.49252284  0.2777111  -0.40481603 -0.77218866  0.1080334 ]
O=C(/C=C/c1ccccc1)NCCO,[ 0.34823632  0.735762   -0.5696709   0.08299644  0.3851029 ]
CC(=O)C1OC1(C)C,[ 0.3255952   0.84336144 -0.8412856  -0.6106892  -0.35316008]
COc1ccc2ncc(=O)n(CCN3CC[C@@H](NCc4ccc5c(n4)NC(=O)CO5)[C@@H](F)C3)c2c1,[ 0.4013923   0.8304254  -0.5600409  -0.6940876  -0.47110516]
CCCCOC(=O)CC(SC(CC(=O)OCCCC)C(=O)OCCCC)C(=O)OCCCC,[ 0.13390246  0.5667796  -0.8655236  -0.4836235  -0.02560984]
COP(=O)(SC(C)C)SC(C)C,[-0.5407295   0.7729433   0.01256559  0.09166313 -0.24383536]
O=C(NC[C@@H](O)CN1CCC(Oc2ccc(Cl)c(Cl)c2)CC1)c1c[nH]c(=O)c2cc(F)ccc12,[-0.4674544  -0.5359874  -0.621056   -0.87098277 -0.07308231]
CNNC,[ 0.5246174   0.55202687 -1.         -0.7726108  -0.33246717]
O=[N+]([O-])c1cc2[nH]c(C(F)(F)F)nc2cc1Cl,[ 0.20349233  0.6605278  -0.9108432  -0.40476146  0.8281005 ]
c1cc(-c2ccc3nc(Nc4ccc(OCCN5CCCC5)cc4)ncc3c2)ccn1,[ 0.03408034  0.9103186  -0.5521572  -0.69772613 -0.20579226]
CC=C(CC)C(=O)NC(N)=O,[-0.03203582  0.92320967 -0.8174047  -0.6419482  -0.22367615]
CC(=O)N[C@H](C)C(=O)NCCc1ccccc1,[-0.01746909  0.44861874 -0.5942111  -0.68912935 -0.15596531]
C=C(C)C(=O)OCCC[Si](OC)(OC)OC,[ 0.12124906  0.85858756 -0.8388348  -0.8121933  -0.0484295 ]
CCCCc1nc(Cl)c(CO)n1Cc1ccc(-c2ccccc2-c2nnn[nH]2)cc1,[ 0.10141837  0.91899246 -0.40480432 -0.33235627  0.08199757]
CN1CN(CCO)CSC1=S,[ 0.21951956  0.5960488  -0.74011254 -1.         -0.08027229]
C#CC(C)(C)NC(=O)c1cc(Cl)cc(Cl)c1,[-0.09876523  1.         -0.6494429  -0.99834937 -0.27476472]
C=C[Si](OC)(OC)OC,[ 0.10026573  0.79979885 -0.7489394  -0.85366166  0.00749172]
c1cc2c(c(N3CC[NH2+]CC3)c1)OCCO2,[ 0.4156432   0.78444475 -0.70415336 -0.4245621  -0.03985015]
CC(N)C(O)c1cccc(O)c1,[-0.08693849  1.         -0.6078241  -0.8834742  -1.        ]
CC(=O)N(C)c1ccc(Nc2ncc3cc(-c4ccncc4)ccc3n2)cc1,[ 0.15603212  0.5142859  -0.6360252   0.8697512  -0.11568955]
O=C1C(Cc2ccccc2)C(=O)N(c2ccccc2)N1c1ccccc1,[ 0.5513643   0.8250431  -0.5865923  -0.8517692  -0.29601273]
CCCCCC(=O)O,[ 0.20329204  0.7514434  -0.7834269  -0.80672455 -0.0160312 ]
CC(=O)CCC(C)=O,[-0.08063373  0.8351841  -0.9789321  -0.8039297  -0.51771426]
CC(C)(C)NC(=O)NCCN1CCCC(NC(=O)c2cc(Cl)cc(Cl)c2)C1,[ 0.46906334  0.656853   -0.21041948 -0.7572886   0.01197753]
COc1ccccc1NC(=O)CC(C)=O,[-0.6315445   0.7206776  -1.         -0.6532078   0.17611988]
Cc1cc(OC(=O)N(C)C)n(C(C)C)n1,[-0.3408305   0.8091741  -0.4125535   0.28842887  0.36545223]
OCCOCCOCCOCCO,[-0.11665629  0.96400124 -0.7789983  -0.9510998  -0.32289207]
CCCP(=O)(CCC)CCC,[ 0.39610025  0.7898573  -0.8341487  -0.87418133  0.11475435]
C=CC(=O)OCCOC(=O)c1ccc(C(=O)O)cc1C(=O)O,[ 0.36409956 -0.2611211   0.2793227  -0.996825    0.09068666]
CCOP(=O)(NC(C)C)SCC(=O)NCOC,[ 0.19788219  0.6980707  -0.81892174 -0.91292447 -0.03483222]
O=C(COc1ccc(Cc2ccc(Cl)cc2)cc1)OCc1cccnc1,[-0.19007449  0.77152133 -0.99857396 -0.64266133 -0.01427931]
FCOC(C(F)(F)F)C(F)(F)F,[ 0.49606726  0.4838438  -0.8260971  -0.20231616  0.57550013]
CCNC(=O)c1cc2c(-n3ccc(C(F)(F)F)n3)c(-c3cncc(-c4n[nH]c(=O)o4)c3)cnc2[nH]1,[ 0.21507259  1.         -1.         -0.22591397 -0.5561049 ]
CN(CCCl)CCCl,[ 0.41532058  0.7298352  -0.704132   -1.          0.06174132]
O=C(NC(CCc1ccc2c(c1)OCO2)CCc1ccc2c(c1)OCO2)c1ccc(Cl)cc1,[ 0.35936916  0.7994581  -0.6731704  -0.9836384  -0.3977687 ]
C[NH+]1CCc2cccc3c2C1Cc1ccc(O)c(O)c1-3,[ 0.2446119   0.35619783 -0.13016008 -0.56027675 -0.05988361]
CC(C)(C(=O)O)S(C)(=O)=O,[ 0.17399512  0.8610291  -0.6801573   0.27944607 -0.50310147]
CC(CN1CC(=O)NC(=O)C1)N1CC(=O)NC(=O)C1,[-0.5117478   0.6745371  -0.8959038  -0.8269748  -0.12990366]
CCCCCCOCCOCCO,[-0.17481196 -0.43587968 -0.5874311  -0.33760178  0.19354585]
COc1ccc(C(Oc2ccccc2)C2=NCCCN2)cc1,[-0.2624711  -0.684809   -0.60420054 -0.66264945  0.02694991]
CC(CC(=O)OC(C)(C)C)NC(=O)C1=NOC(C(O)(C(F)(F)F)C(F)(F)F)C1,[ 0.24659154  0.6241344  -0.51350135 -0.4480935  -0.004986  ]
CN(C)C(=O)Nc1ccc(Cl)cc1,[ 0.6425747   0.87356436 -0.58739316 -0.83210695 -0.26998633]
O=C1COc2ccc(CNC3CCN(CCN4C(=O)COc5ccc(Cl)cc54)CC3)nc2N1,[-0.03906673  0.68110144 -0.6728489  -0.49202582  0.09380393]
N#Cc1cccc(C#N)c1,[ 0.55257064  0.9869159  -0.9691241  -0.7617987  -0.2921679 ]
CC(=O)N(C)C,[ 0.57137764  0.65884167 -0.8469412  -0.8204703  -0.49834874]
Cn1cncc1CN(CCN(Cc1ccccc1)S(=O)(=O)c1ccccn1)c1ccc(C#N)cc1,[ 0.16370814  0.6401043  -0.8754504  -0.7624433  -0.19062035]
Clc1ccc(C(OCCN2CCCCC2)c2ccccc2)cc1,[-0.30850482  0.9860164  -0.7059404  -0.7518928   0.02335915]
C(Oc1nc(OCC2CO2)nc(OCC2CO2)n1)C1CO1,[ 0.2037247   0.7290263  -0.4146006  -0.62070054 -0.03435257]
CCN1CN(CO)C(=O)N(CO)C1,[ 0.18047832  0.5865648  -0.9490389  -0.815464   -0.5930934 ]
C=CC(=O)OCCOCCOC(=O)C=C,[ 0.23727693  0.8053229  -0.58649695 -1.          0.12946185]
COC(=O)C(C(C)=O)C(C)=O,[-0.03268055  0.0770288  -0.6095346  -0.77045953 -0.08216943]
CCCN(CCC)CCCCCCCCNC(=O)Oc1ccc2c(c1)C1(C)CCN(C)C1N2C,[-0.46683422  0.7566862  -0.09960058 -0.5709221  -0.29832962]
CC(C)NCC(O)c1ccc(O)c(O)c1,[-0.27858645  0.7181539  -0.8889459  -0.2869929   0.4778634 ]
C=C(C)C(=O)OCCCC,[ 0.2818635   0.5055038  -0.83048135 -0.7133674   0.9068875 ]
CN,[ 0.49225453  0.31177998 -0.83017105  0.43409505 -0.39028886]
CC[C@H]1OC(=O)[C@H](C)[C@@H](O[C@H]2C[C@@](C)(OC)[C@@H](O)[C@H](C)O2)[C@H](C)[C@@H](O[C@@H]2O[C@H](C)C[C@H](N(C)C)[C@H]2O)[C@](C)(O)C[C@@H](C)C(=O)[C@H](C)[C@@H](O)[C@]1(C)O,[ 0.44850183 -0.57667327 -1.         -0.6742381  -0.25101227]
C=COC(=O)CCCCCCC,[ 0.22196063  0.9108962  -0.82695925 -0.6668831   0.16254579]
Oc1ccc(O)cc1,[ 0.08628786  0.77818537 -0.38989598 -0.89168394 -0.02378041]
NC(=O)[C@H](Cc1ccccc1)NC(=O)OCc1ccccc1,[ 0.316223    0.9117795  -0.7988895  -0.963983    0.34349808]
CN(C)N=Nc1nc[nH]c1C(N)=O,[ 0.04887956  0.12664731 -0.7834418  -0.952644    0.6794687 ]
O=P(O)(O)C(O)(Cn1ccnc1)P(=O)(O)O,[ 0.19846793  0.8923013  -0.93393064 -0.7498608   0.6738762 ]
CC1CCCCN1N=O,[ 0.1114381  -0.29960468 -0.80232257 -0.70117134  0.3517885 ]
CCC(=O)N(c1ccccc1)C1CC[NH+](CCc2ccccc2)CC1,[ 0.1814059  -0.07264945 -0.7418344  -0.38064528 -0.40209982]
CSCCC(OC(C)=O)C(=O)O,[ 0.19322738  0.7677981  -0.7970875  -0.78198683  0.39042443]
CCN(CC)c1ccc(-c2nc(=O)n(C)nc2-c2ccc(N(CC)CC)cc2)cc1,[-0.24279262 -0.42087245 -0.9539536  -0.16542971  0.62150735]
CCCNC(=N)C(OCC)c1ccccc1,[ 0.5825463   0.98276424 -0.76636505 -0.26103935  0.04277267]
O=[N+]([O-])c1ccc(C=NNC(=S)N2CCCC2)o1,[ 0.27524725  0.8521713  -0.23930192 -0.79640734  0.12890704]
C[NH+](CCOc1ccc(NS(C)(=O)=O)cc1)CCc1ccc(NS(C)(=O)=O)cc1,[ 0.24028896  0.8535637  -0.76950485 -0.85619116 -0.42378893]
CN1C(=O)CC(N2CCN(CCCN3c4ccccc4COc4ccc(CC(=O)O)cc43)CC2)N(C)C1=O,[-0.36018002  0.81646717 -0.40745422  0.05918156 -0.05623318]
CC[C@@H]1OC(=O)[C@@H](C)[C@H](O[C@@H]2C[C@](C)(OC)[C@H](O)[C@@H](C)O2)[C@H](C)[C@H](O[C@@H]2O[C@H](C)C[C@H](N(C)C)[C@H]2O)[C@@](C)(O)C[C@@H](C)/C(=N\OCOCCOC)[C@H](C)[C@@H](O)[C@@]1(C)O,[ 0.27735537  0.97915304 -0.54236776  0.5298138  -0.32157427]
Cc1c(Sc2ccc(Cl)cc2)c2c(-c3ccccc3)cccc2n1CC(=O)O,[ 0.24417281  1.          0.07168327 -0.59787863  0.58233094]
CC(C)CCOC(CO)CC(C)C,[ 0.32591045  0.7456432  -0.6300301  -1.         -0.34215087]
CCC(C)c1ccccc1,[ 0.07161965  0.8060191  -0.9164376  -0.20672055 -0.35504043]
CCc1cccc(CC)c1N,[-0.09597322  0.6437272  -0.90411204 -0.78269535 -0.03038002]
CC(Cl)(Cl)[N+](=O)[O-],[ 0.09564759 -0.5541367  -0.78564423 -0.77466357 -0.14732964]
CCCOC(=O)Cc1ccc(OCC(=O)N(CC)CC)c(OC)c1,[-0.8493594   0.24313821 -0.20491436  0.21001306  0.46386567]
Cn1c(COP(=O)(NCCBr)NCCBr)cnc1[N+](=O)[O-],[ 0.08701494  0.8635528  -0.9153746  -0.2084964  -0.060185  ]
CN(C)C(=O)C(CCN1CCC(O)(c2ccc(Cl)cc2)CC1)(c1ccccc1)c1ccccc1,[ 0.55590594  0.46464664 -0.6625106  -0.1763316  -0.34872988]
C=CC(=O)OC1CC2CCC1C2,[-0.22481568 -0.5705142  -1.         -0.87316567 -0.07032402]
Nc1cc[n+]([O-])cc1,[ 0.20839836  0.8400467  -0.7547593  -0.93147844  0.88240296]
CCOP(=S)(OCC)Oc1cccc(F)n1,[ 0.3101773   0.8399533  -0.7315731  -0.90140104  0.51819134]
C=CCc1ccccc1OCC(O)C[NH2+]C(C)C,[ 0.47493526  0.7232174  -0.96748817 -0.51916105 -0.32114694]
CC1(C)C(C=C(Cl)Cl)C1C(=O)OCc1c(F)c(F)c(F)c(F)c1F,[ 0.3647948   0.8863289  -1.         -0.7930455  -0.12488892]
CCCN(CCC)c1c([N+](=O)[O-])cc(S(N)(=O)=O)cc1[N+](=O)[O-],[ 0.14979243 -0.4595533  -0.84424126 -0.75167984  0.0686167 ]
NC(=O)c1cnc(N[C@@H]2CCCC[C@@H]2N)nc1Nc1cccc(-n2nccn2)c1,[-0.38704297  0.8414207  -0.9950772  -0.8692071   0.21008864]
COP(=S)(OC)SCC(=O)N1CCOCC1,[ 0.33934462  0.29291722 -1.         -0.1506287   0.0517261 ]
CN(C1CCCCC1)C1CCCCC1,[ 0.04436858  0.60591066 -0.85278773 -0.7605202  -0.28206015]
CC(COc1ccc(Cl)cc1Cl)C(=O)O,[-0.2457586   0.97602737 -1.         -0.75351626  0.31038642]
C=C(C)c1ccc(C(C)(C)N=C=O)cc1,[ 0.10797396  0.93337315 -0.9271858  -0.78023815  0.6409203 ]
CCCOC(=O)c1ccc(C(=O)OCCC)nc1,[ 0.46747693 -0.35345528 -0.62127656 -0.5477625  -0.16403705]
FC(F)=C(F)CCSc1ncccn1,[ 0.00497402  0.67794216 -0.84048325 -0.75392705  0.30369842]
CCCSP(=S)(OC)SCCC,[ 0.34663805  0.862997   -0.73188496 -0.20934473  0.13588957]
COc1nc(C)nc(Cl)c1NC1=NCCN1,[ 0.06071191  0.77134615 -0.81592566 -0.5829288  -0.2831563 ]
CCCS,[ 0.25715435  0.95591784 -1.         -0.63914466 -0.05224187]
CN(C)C(Cc1ccccc1)c1ccccc1,[ 0.78352726  1.         -0.3846686  -0.6918656  -0.2118301 ]
C[C@@H]1NC(=O)[C@@H](C)N(C)C(=O)[C@@H](C)N(C)C(=O)[C@H](C)NC(=O)[C@H](C)N(C)C(=O)[C@@H](C)N(C)C1=O,[ 0.2844795   0.16939414 -0.83715963 -0.3428711  -0.11935709]
CCCCOCCOC(C)=O,[ 0.25986016  0.8361271  -0.74986213 -0.3889675  -0.39682007]
COc1ccc2ncc(F)c(CCN3CCC(NCc4cc5c(cn4)OCCO5)CC3)c2n1,[ 0.21337765  0.74350023  0.6960774  -0.62339115 -0.39872292]
CCCCCCCCCCCCCCCCCC(=O)Cl,[ 0.44054016  0.80196714 -0.6753757  -0.939425   -0.13181655]
C=CN(C)N=O,[ 0.37287503  0.06621671 -0.5842978  -0.36029142  0.07775576]
Cc1c(-c2c(C)c(N)c3c(C(C)C)c(O)c(O)c(C=O)c3c2O)c(O)c2c(C=O)c(O)c(O)c(C(C)C)c2c1N,[-0.1664411  -0.8862958  -0.46827015 -0.3719383   0.03599764]
CCC(C)C(=O)OC1CCC2(C)C3CC(O)C4C5(O)C(CC42OC13O)C1CN2CC(C)CCC2C(C)(O)C1C(O)C5OC(=O)C(C)(O)CC,[-0.16177952  1.         -1.         -0.9237886   0.6040427 ]
Nc1ccc(N)cc1,[ 0.21957424  0.72430336 -0.22665937 -0.7500099  -0.00110212]
O=C(O)Cc1ccccc1N1CCC(CN2CCC(Oc3ccc(Cl)c(Cl)c3)CC2)CC1,[-0.04990532  0.8697558  -0.83985806 -0.93136865 -0.38042417]
CCC(C(=O)N1CCCCC1C(=O)OC(CCc1ccc(OC)c(OC)c1)c1cccc(OCC(=O)NCCNC(=O)COc2cccc(C(CCc3ccc(OC)c(OC)c3)OC(=O)C3CCCCN3C(=O)C(CC)c3cc(OC)c(OC)c(OC)c3)c2)c1)c1cc(OC)c(OC)c(OC)c1,[ 0.19349052  0.83778423  0.01870199 -0.3574926  -0.07983391]
CC(=S)NC[C@H]1CN(c2ccc(-c3nnc(CNS(C)(=O)=O)s3)c(F)c2)C(=O)O1,[ 0.5621372   0.77692413 -0.7150729   0.04804121 -0.47379068]
CN(C)C1C(O)=C(C(N)=O)C(=O)C2(O)C(O)=C3C(=O)c4c(O)cccc4C(C)(O)C3C(O)C12,[ 0.22265466  0.82233644 -0.7633678  -0.73467135  0.54377884]
C=C(C)C1CC=C(C)C(O)C1,[ 0.00362206  0.52053833 -0.7540449  -0.9404776   0.20645253]
CCCCC(=O)N(Cc1ccc(-c2ccccc2-c2nnn[n-]2)cc1)C(C(=O)[O-])C(C)C,[ 0.18589516  0.66533417 -0.8168748  -0.70217186 -0.389343  ]
COc1ccc(C(=O)Nc2ccccc2CCC2CCCCN2C)cc1,[ 0.48435137  0.6331267  -0.3139196  -1.         -0.26508382]
COc1cc2c(cc1OC)C1CC(=O)C(CCC#N)CN1CC2,[-0.13433544  0.8777067  -0.554347   -0.77903956  0.7047159 ]
CNC(=O)c1cccc2c(Nc3ccc(NS(C)(=O)=O)cc3OC)c3cccc(C)c3[nH+]c12,[ 0.37730488  0.8099231  -0.6694093  -0.30766562 -0.22688878]
c1c[nH]cn1,[ 0.89072     0.8254879  -0.63440174 -0.5308471   0.42470765]
CON=C(Cc1cccnc1)c1ccc(Cl)cc1Cl,[ 0.14618479  0.7697842  -0.58020794 -0.44129306  0.0908442 ]
COP1(=S)OCc2ccccc2O1,[ 0.82400924  0.77078754 -0.5086238  -1.         -0.5276643 ]
CC(C)Oc1ccc2c(=O)c(-c3ccccc3)coc2c1,[-0.3472475   0.85762686 -0.8369536  -0.6779329  -0.5248918 ]
O=C(Cl)CCl,[ 0.35637078  0.8085901  -0.37636948 -0.70141625 -0.22072758]
OCCN(CCO)CCO,[-0.23662922  0.55002475 -0.68078464 -0.8004683  -0.18325031]
CCOc1nc(C(Cl)(Cl)Cl)ns1,[-0.33524612  0.793278   -0.7590703  -0.5107736   0.33993316]
CCOP(=S)(OCC)Oc1cc(-c2ccccc2)on1,[ 0.37216875  0.6663378  -0.3804276  -0.9337526   0.37300858]
O=[N+]([O-])c1ccc(O)c(CNCCO)c1,[ 0.3713274   0.69104344 -1.         -0.81316966  0.2269144 ]
CC1=C(CC(=O)O)c2cc(F)ccc2C1=Cc1ccc(S(C)=O)cc1,[ 0.6943651   0.8911369  -0.70225686 -0.4935576  -0.24684004]
CCNc1nc(NC(C)C(C)C)nc(SC)n1,[ 0.64715356  0.73696655 -0.93904704 -0.6074132   0.1629207 ]
COP(=S)(OC)SC(CBr)N1C(=O)c2ccccc2C1=O,[-0.02162382  0.9299308   0.03227168 -0.63392925 -0.26433814]
CC(O)c1cccc(N)c1,[ 0.49926844  0.8149308  -0.67761654 -0.45452023 -0.37654614]
CCCc1nn(C)c2c(=O)[nH]c(-c3cc(S(=O)(=O)N4CCN(C)CC4)ccc3OCC)nc12,[ 0.18542379  0.8132931  -0.73103434 -0.3551354  -0.13593408]
CC(NNC(=O)c1ccccc1)c1ccccc1,[ 0.19421066  0.7885749  -1.         -0.9017441   0.11184932]
OCCNCCOc1ccc(C(=C(c2ccccc2)C(F)(F)F)c2ccccc2)cc1,[ 0.24842876  0.8400408  -0.9733555  -0.36331138  0.23395343]
c1ccc2sc(SNC3CCCCC3)nc2c1,[ 0.2934114   0.75394464 -0.85083157 -0.8029536  -0.23837423]
O=C(OCC=Cc1ccccc1)c1ccccc1,[-0.24543822  0.8000867  -0.87830836 -0.83402264 -0.33541474]
O=C(O)CCCCCC(=O)O,[ 0.17973883  0.8069429  -0.76670265 -0.8294915  -0.42694783]
CCC1(CC)C(=O)NCC(C)C1=O,[ 0.24168015 -0.71982545 -0.24177995 -0.6491715   0.27745497]
Nc1c(Cl)c(Cl)c2[nH]c(C(F)(F)F)nc2c1Cl,[ 0.4215771   0.6596455  -0.5027352  -0.4918581   0.63471705]
COc1ccc2c3c1OC1C(O)C=CC4C(C2)[N+](C)([O-])CCC341,[-0.03438773  0.78022087 -0.9477338  -1.          0.00509322]
C=CC(=O)Nc1ccc(O)cc1,[-0.35981357  0.47010848 -0.8880177  -0.94037867  0.05016785]
N=C(Nc1c([N+](=O)[O-])cnc2ccccc12)N1CCOCC1,[ 0.02271352  0.8746226  -0.6977285  -0.8713043   0.28642887]
CCOc1cc2nnc(C(N)=O)c(Nc3ccc(F)cc3F)c2cc1N1CCN(C)CC1,[ 0.10829898  0.4121059  -0.7458367  -0.8385837   0.60561985]
CNc1c(Br)cnc2[nH]c(-c3ccc(S(C)(=O)=O)cc3)nc12,[-0.08128116  0.6543851  -0.6755171   0.5530723  -0.31942803]
Cc1ccc2c(c1)c(Sc1cccc(Cl)c1)c(C)n2CC(=O)O,[-0.18550898  0.60945165 -0.7691307  -1.          0.06733682]
Cc1c(Sc2ccc(Cl)cc2)c2c(S(C)(=O)=O)cccc2n1CC(=O)O,[-0.19332564  0.7783447  -0.75413156 -0.7272703  -0.42992336]
Cc1ccc(S(=O)(=O)N(C)C(=O)N2CCC(N3CCC(Oc4ccc(Cl)c(Cl)c4)CC3)CC2)cc1,[-0.09130116 -0.3920146  -1.         -1.          0.06106615]
CCCCC(CC)C(=O)OC1=C(c2c(C)cc(C)cc2C)C(=O)c2ccccc21,[ 0.4400167   0.993072   -1.         -0.7003558  -0.39945525]
O=CC=CC1CO1,[ 0.25934604  0.6036696  -0.513533   -0.28447965  0.2553715 ]
C[NH2+]C(C)Cc1ccccc1,[-0.20840071 -0.03896482 -0.8270013  -0.68528384  0.34928063]
COP(=S)(OC)SCc1nnc(SC)s1,[ 0.08507952  0.77417904 -0.98858535 -0.8171696   0.31876323]
CN1CCN(CCCN2c3ccccc3Sc3ccc(Cl)cc32)CC1,[-0.1410684   0.44164398 -0.5968309  -0.42310825 -0.49233982]
CC(NC(C)c1ccccc1)c1ccccc1,[ 0.21675462  0.88675594 -0.9664247  -0.7232296   0.08090204]
CC(=O)N(C)c1ccc2ccn(-c3cc(NC4CC4)n4ncc(C#N)c4n3)c2c1,[ 0.3396785   0.02048253 -0.474514   -0.49293804 -0.15113916]
C#CC(C)(C)O,[ 0.4013723   1.         -0.9554606  -0.49280655 -0.7536591 ]
CCCNC(=O)[N-]S(=O)(=O)c1ccc(Cl)cc1,[ 0.23088811  0.9110408  -0.8125876  -0.30353534 -0.4494466 ]
COC1CCC=CO1,[-0.21864319  0.9103161  -0.7521523  -0.4251088   0.18568148]
CCOCCCO,[ 0.11330312  0.1493367  -0.6935236  -0.29572004  0.29504886]
S=C1NCCNC(=S)S1,[-0.05711569  1.         -0.65532815 -0.97771424 -0.39554352]
CCN(CCO)c1cccc(C)c1,[ 0.13184276  0.9484292  -0.63604915 -0.407236   -0.11305591]
CC1(C)CC2(NC(=O)N(CCCN3CCC(O)CC3)C2=O)c2cc(F)ccc2O1,[-0.6084638   0.6711722  -1.         -0.590197   -0.20101166]
COc1ccc(-c2cc(=O)c3ccc(OC)cc3o2)cc1,[ 0.01912648  0.86235726 -0.83227134 -0.3654391   0.298765  ]
CCC(C)(C)C1CCC(=O)CC1,[ 0.6635927   0.6350863  -0.9003374  -0.73655534  0.01439597]
O=[N+]([O-])OCC(O)CO,[ 0.12676582  1.         -0.5029083  -0.82489836  0.09577323]
O=C(Nc1ccccc1-c1ccccc1)OC1CCN(CCCCCCCCCNC[C@H](O)c2ccc(O)c3[nH]c(=O)ccc23)CC1,[ 0.10855087  0.8461865  -0.90614015 -0.759497   -0.51725   ]
CCCCCCCCCCCCNC(N)=S,[-0.09176046  0.73247737 -0.5754431   0.10272735  0.250824  ]
CCOP(=S)(OCC)Oc1ccc([N+](=O)[O-])c(C)c1,[-0.02199694  0.93495613 -0.8408691  -0.4776008  -0.11603921]
CCOc1ccccc1C(N)=O,[ 0.6142968   0.6430482  -0.31871715 -0.6090425  -0.8183255 ]
CCOC(=O)c1ccc(C#Cc2ccc3c(c2)C(C)(C)CCS3)nc1,[ 0.10730606 -0.23827268 -0.7025182  -0.5592041  -0.5483731 ]
Cc1cc(Nc2nc(N[C@@H](C)c3ccc(F)cn3)c(C#N)nc2C)n[nH]1,[ 0.10089117  0.41139272 -0.699345   -0.46072719  0.06074085]
CC1[NH2+]Cc2cc(-c3ccc4c(=O)c(C(=O)[O-])cn(C5CC5)c4c3OC(F)F)ccc21,[ 0.06767491  0.8081028  -0.89438736 -0.9509783  -0.20061174]
O=C(O)CCCOc1ccc(Cl)cc1Cl,[-0.32460356 -0.09122518 -0.63061374 -0.8708317  -0.067565  ]
COC(=O)C(C)N(C(=O)Cc1ccccc1)c1c(C)cccc1C,[-0.10223354  0.11444858 -0.9561466  -0.83229816 -0.03931233]
COc1ccccc1Oc1c([N-]S(=O)(=O)c2ccc(C(C)C)cn2)nc(-c2ccnc(-c3nnn[n-]3)c2)nc1OCCO,[ 0.7683054   0.00943136  0.477488   -0.34641728 -0.3954709 ]
CSCC(NC(=O)COc1cccc2cnccc12)C(=O)NC(Cc1ccccc1)C(O)C(=O)N1CSCC1C(=O)NC(C)(C)C,[-0.08148569  0.7170308  -0.9531519  -0.58609927 -0.1963092 ]
O=[N+]([O-])c1cc(Cl)c(N=Nc2ccc(N3CCS(=O)(=O)CC3)cc2)c(Cl)c1,[-0.05183651  0.75986254 -0.09720103 -0.50554657 -0.29315603]
O=[N+]([O-])c1cc(Cl)ccc1Cl,[ 0.14567295  0.7563949   0.2713034  -0.14837664 -0.23713093]
CCCCCNCCCCC,[ 0.34911403  0.6809307  -0.38155943 -0.33043116 -0.01172066]
N#CCCOCCC#N,[-0.10534004  1.         -0.8952423  -0.9920602  -0.15645364]
COc1c(Cl)ccc(Cl)c1C(=O)OCCN(CCOC(=O)c1c(Cl)ccc(Cl)c1OC)c1ccccc1,[ 0.19521213  0.8406848  -0.68186146 -0.8338092   0.2603131 ]
N#CCCCCC#N,[-0.06911986 -0.6756889  -0.9279902   0.3947805  -0.10271046]
Cn1c(=O)sc2cccc(Cl)c21,[ 0.3451072   0.8343715  -0.06418723 -0.97032756 -0.21282327]
CC1(C)CC(NC2CC(C)(C)NC(C)(C)C2)CC(C)(C)N1,[ 0.5165588   0.9140106  -0.43451557 -0.6598756  -0.35338905]
CC(C(N)=O)(c1ccccc1)c1ccc(N)cc1,[ 0.3839873   0.69632256 -0.7792343  -0.77301604 -0.35665432]
C#CCc1ccc(COC(=O)C2C(C=C(C)C)C2(C)C)o1,[ 0.178569    0.58218026 -0.53589237 -0.75329155  0.18100068]
CCN(CC)CCNC(=O)c1cc(Br)c(N)cc1OC,[ 0.02295498  0.85707235 -0.52796155 -0.8505047  -0.28468892]
c1ccc(OP(Oc2ccccc2)Oc2ccccc2)cc1,[ 0.70000935  0.753916   -0.8107959  -0.52112514  0.25710705]
Clc1ccc(C2(Cn3cncn3)OCCO2)c(Cl)c1,[ 0.26776057  0.8283646  -1.         -0.9465495  -0.15699685]
C=CCc1ccc(OC(C)=O)c(OC)c1,[ 0.15773709  1.         -0.8639001  -0.79539835 -0.08999407]
C=C(C)C(=O)OC=C(C)C,[-0.15941615 -1.         -0.81346613 -0.5236125  -0.12110592]
O=C(NC1CC1)c1cc(-c2cccs2)on1,[-0.38958693  0.9287977  -0.81846756 -0.63601834  0.12938626]
CC1(C)C2CCC1(C)C(O)C2,[-0.10769625 -0.89475757 -1.         -0.46975982 -0.04242111]
O=C1CCc2ccccc2O1,[ 0.18769264 -0.39955327 -0.32193303 -0.5174277   0.55696607]
O=C1NC(=O)C(c2ccccc2)(c2ccccc2)C(=O)N1,[ 0.36128274  0.3587156  -0.4983085  -0.77603626 -0.0990679 ]
CN(C)Cc1cc(CN(C)C)c(O)c(CN(C)C)c1,[ 0.5797932   0.68579245 -0.6118098   0.02440258  0.1880676 ]
c1ccc([C@H]([C@@H](c2ccccc2)N2CCCCC2)N2CCCCC2)cc1,[-1.         0.759475  -0.5620305 -0.5655532  0.2528813]
ClCC1CO1,[ 0.28850332  0.75513357 -0.5741601  -0.7222632  -0.15850078]
O=C([O-])c1cc(N=Nc2ccc(S(=O)(=O)Nc3ccccn3)cc2)ccc1O,[-0.6657546   0.8036552  -0.06721047 -0.682575   -0.19561191]
CCCCN(N=O)C(N)=O,[ 0.42875767  0.24111481 -0.56765795 -0.8635509   0.04563468]
Cn1c(C2=CCN(CCCN3c4ccccc4Sc4ccc(CC(=O)O)cc43)CC2)cc(=O)n(C)c1=O,[ 0.32700452  0.89778054 -0.4610074  -0.58835644 -0.05635631]
CNC(=O)ON=C(C)SCC(=O)N(C)C,[ 0.42704675 -0.54977137 -0.9112226  -0.26152217  0.09128033]
COc1cc(OC)c(C(=O)CCCN2CCCC2)c(OC)c1,[ 0.23223116  0.6459339  -0.6335011  -0.909826   -0.2312951 ]
CN1CCN(c2ccc3ncc(C(N)=O)c(Nc4ccc(Cl)c(Cl)c4)c3c2)CC1,[-0.16517156  0.7706372  -0.69143593 -0.28937617  0.01551065]
CCOP(=S)(Oc1cccc2cccnc12)c1ccccc1,[-0.07085553  0.84536797 -0.89390033 -0.5549577   0.45198923]
CN(C)C(=O)N(C)N=O,[ 0.49332792  0.73367983 -0.737563   -0.84752053 -0.15726317]
FC1(F)CC(C2CC3(Cl)C(Cl)=C(Cl)C2(Cl)C3(Cl)Cl)C1(F)F,[ 0.3945493   0.9191888  -0.86792046 -0.53479147  0.3997735 ]
Cc1ccccc1COC1CC2(C(C)C)CCC1(C)O2,[-0.4421859   0.4410983  -0.96778536 -0.13508448 -0.04261221]
CN1c2ccccc2C(NCCCCCCC(=O)[O-])c2ccc(Cl)cc2S1(=O)=O,[-0.4512766   0.796402    0.13858773 -0.6305747  -0.34195787]
COC(=O)C(C)NP(=O)(OC[C@@H]1C=C[C@H](n2cc(C)c(=O)[nH]c2=O)O1)Oc1ccc(I)cc1,[ 0.5940785  -0.04920407 -0.99899054 -0.99717003  0.04965075]
CCc1c2c(nc3ccc(O)cc13)-c1cc3c(c(=O)n1C2)COC(=O)[C@]3(O)CC,[ 0.12781663  0.61251795 -1.         -0.8006145  -0.20370594]
C=CC(=O)NCNC(=O)C=C,[ 0.4344003   0.68024653 -0.33445492 -0.85435444  0.15464562]
Cc1nn(C2CCCCC2)c(N)c1-c1ccccc1,[-0.15294689  0.87012583 -0.9005386  -0.9859692  -0.12964335]
COc1cc(OC)c(S(=O)(=O)N2c3ccccc3CCC2C)cc1NC(=O)COCC(=O)O,[ 0.3342235   0.7572411   0.07598513 -0.50627464 -0.08337557]
N[C@H]1CCN(c2c(Cl)cccc2/C=C2\SC(=O)NC2=O)C1,[ 0.33403453  0.6376034  -0.7684521  -0.9159034  -0.26108965]
CCOC(C)=Cc1oc2ccccc2[n+]1CCCS(=O)(=O)[O-],[ 0.2397035   0.8753485  -0.82095677 -0.5874728  -0.6344054 ]
Cc1ncsc1C(=O)N(Cc1cc(=O)[nH]c2c(F)cccc12)c1cccc(Cl)c1,[ 0.2681541   0.8794608  -0.9256368  -0.8061313   0.04479378]
CCCSP(C)(=S)Oc1ccccc1,[ 0.36105013 -0.14834991 -0.9188861  -0.43286103 -0.40476757]
COC(=O)c1c(Cl)cccc1-c1cnc([C@@H](C)NC(=O)C2(NC(=O)C(F)(F)F)CC2)c(F)c1,[ 0.2711314   0.88219285 -0.8445483  -0.73485553 -0.03101138]
COCOCCO,[ 0.60985076  0.98364335 -0.5854049  -0.825338   -0.07321031]
CCCC(=O)OC1(C(=O)COC(=O)CC)CCC2C3CCC4=CC(=O)CCC4(C)C3C(O)CC21C,[-0.23605147  0.5908353  -0.78140664 -0.68882114  0.38925803]
CCCOCCN(C(=O)CCl)c1c(CC)cccc1CC,[ 0.32476693  0.51704973 -0.7526603  -0.65324473  0.26257467]
CC(C=O)=Cc1ccco1,[-0.365088    1.         -0.79707104 -0.7795087   0.66125584]
NCCCCN,[ 0.20714049  0.81054723 -0.66834986 -0.6686634   0.3821518 ]
CCCOCCOC(=O)C1=C(C)NC(C)=C(C(=O)OCCOCCC)C1c1cccc([N+](=O)[O-])c1,[ 0.56937116  0.92680174 -0.9284694  -0.23122211 -0.31078818]
NC(=S)NNCNNC(N)=S,[-0.28925884  0.9531479  -0.1197625  -1.          0.33560306]
CSC(C)=NOC(=O)N(C)SN(C)C(=O)Oc1ccc(OC(=O)N(C)SN(C)C(=O)ON=C(C)SC)cc1,[ 0.22759478  1.         -0.6565912  -0.8418545  -0.3865312 ]
CCC[C@H](NC(=O)[C@@H]1[C@H]2CCC[C@H]2CN1C(=O)[C@@H](NC(=O)[C@@H](NC(=O)c1cnccn1)C1CCCCC1)C(C)(C)C)C(=O)C(=O)NC1CC1,[ 0.47022742  0.6433998  -0.809611   -0.7845866  -0.12461464]
C[NH+](C)CCC(c1ccc(Cl)cc1)c1ccccn1,[ 0.41730142  0.85685176 -0.8780599  -1.         -0.11087155]
CCC(C)N(C)C(=O)c1cc2ccccc2c(-c2ccccc2Cl)n1,[ 0.57986444  0.9111543  -0.79634666 -0.7708347  -0.3678401 ]
Cc1cc(Nc2nc(N[C@@H](C)c3ccc(F)cn3)c(C#N)cc2F)n[nH]1,[-0.10616736  0.69720405 -0.50163627 -0.62763053  0.22633015]
C[C@H](Cc1cccc(CC(=O)NC23CC4CC(CC(C4)C2)C3)c1)NC[C@H](O)c1ccc(O)c(CO)c1,[-0.09243467  0.8468087  -0.63556504 -0.28131202 -0.40883818]
C=CCN(C(=O)Cn1nc(C)ccc1=O)C(C)Cc1ccccc1,[ 0.5232837   0.64379084 -0.75244147 -1.          0.08660433]
COP(=O)(OC)SC(CC(=O)OC(C)C)C(=O)OC(C)C,[-0.09582889  0.91244674 -0.22049612 -0.7101281   0.16110528]
C=COC(=O)CCCCC(=O)OC,[ 0.33232486 -0.3286466  -0.5940826  -0.38982493 -0.07543357]
Cc1nc(C(F)(F)F)ccc1C(=O)Nc1ccc(Cl)c(-c2ccccn2)c1,[-0.22950158 -0.3821917  -0.30084643 -0.7099224  -0.26284805]
C=CC(C)CCCC(C)(C)O,[ 0.11842351  0.55170333 -0.5065638  -0.5370496  -0.16974013]
O=C(NCCNCC(O)COc1ccc(O)cc1)N1CCOCC1,[ 0.11819991  0.15191494 -0.8733217  -0.94556224 -0.23453088]
CC(C)CNC(=O)NS(=O)(=O)c1ccc(Cl)cc1,[ 0.23170722  0.7750878  -0.702195   -0.8944867   0.88965297]
Cc1cnc(NC(=O)C2=C(O)c3ccccc3S(=O)(=O)N2C)s1,[-0.05585217  0.47230047 -0.9027438  -0.809305   -0.4882142 ]
CCOC(=O)CCN(SN(C)C(=O)Oc1cccc2c1OC(C)(C)C2)C(C)C,[-0.43831676  0.85768026 -0.6879277  -0.75266856 -0.15358892]
COc1cnc(-c2ccccc2C(F)(F)CNC(=O)c2ccc(COCC(F)(F)F)nc2)cn1,[-0.16310558 -0.02178016 -0.2979146  -0.8857911  -0.38311458]
c1ccc(C2CO2)cc1,[-0.5038463   0.7117134   0.11016893 -0.21298668  0.22246361]
COc1cccc2c1cc([N+](=O)[O-])c1c(C(=O)O)cc3c(c12)OCO3,[-0.18536091  0.79940975 -0.9818796  -0.6559196  -0.44577196]
CCCCCCCCCCCC(=O)OCC(O)C1OCC(O)C1O,[-0.35686648  0.43345183 -0.7834462  -0.32220873 -0.260048  ]
Cc1cccc(N)c1C,[ 0.25326514  0.85172665 -0.839999   -0.21061566 -0.00844951]
CCC(c1ccccc1)c1c(O)c2ccccc2oc1=O,[ 0.10253235  0.93784547 -1.         -0.87276477 -0.2449159 ]
CN1C(=O)CN=C(c2ccccc2F)c2cc(Cl)ccc21,[ 0.16023909  0.5273088  -0.6328122   0.90514445  0.2996996 ]
Cc1cc(-n2c(C)nc3ccccc3c2=O)n(-c2ccccc2)n1,[ 0.43910512  0.86240524 -0.30560613 -0.47930798 -0.2994092 ]
CCOC(=O)C(C)Oc1ccc(Oc2nc3ccc(Cl)cc3s2)cc1,[ 0.00493547 -0.3175244  -0.40923035 -0.8005614  -0.33458737]
COc1cc2c(c3oc(=O)c4c(c13)CCC4=O)C1C=COC1O2,[ 0.17150559  0.9226035  -0.85317004 -1.         -0.26929098]
CCCN(N=O)C(N)=O,[-0.38292998  0.8457474  -0.86977077 -0.79902    -0.06099722]
C=CCOc1ccccc1C(N)=O,[ 0.13892391  0.37133333 -0.7422863  -1.         -0.04729659]
CNC(=N)c1cccc(CC(CC(=O)N2CCC(C)CC2)NS(=O)(=O)c2ccc3ccccc3c2)c1,[-0.7363464  -0.17066406 -0.5747281  -0.06986586  0.5336595 ]
CCOP(=S)(OCC)OC(C)CC,[-0.60647666 -0.17906208  0.41741958 -0.6595386  -0.2239008 ]
COCc1ccc2c(C(C(=O)NS(=O)(=O)c3ccc(C)cc3OC)c3ccc4c(c3)OCO4)cn(C)c2c1,[-0.12672363 -0.15463799  0.8840538  -0.3510254   0.15793793]
CC(C)CCC(C)Nc1ccc(Nc2ccccc2)cc1,[-0.10390168  0.71525764 -0.638456   -0.9366293  -0.21590887]
C[C@H](CO)Nc1nc(SCc2cccc(F)c2F)nc2[nH]c(=O)cnc12,[ 0.3321392   1.         -0.56044525 -0.76981944 -0.30652767]
N#CC(c1ccccc1)c1ccccc1,[ 0.61056334  0.72933656 -0.7917689  -0.8677238  -0.04550566]
O=C(NCC12CC3CC(CC(C3)C1)C2)c1cc(-n2ncc(=O)[nH]c2=O)ccc1Cl,[ 0.30699238  0.37823272 -0.7404635  -0.4775958  -0.31842545]
CC(C)CN,[-0.5611883   0.8941196  -0.8402502  -0.71715814  0.07412839]
O=C1C2CC3C1C1(Cl)C(Cl)C4(Cl)C2C3C1(Cl)C4(Cl)Cl,[ 0.650706    0.7454481  -0.6300016  -0.629985   -0.28985414]
CCC(=O)NC[C@H]1CN(c2ccc(-c3nncs3)c(F)c2)C(=O)O1,[-0.49816132  0.82310194 -0.75936186 -1.          0.317404  ]
O=C(O)[C@@H](c1ccccc1)N1CCC(CN2CCC(Oc3ccc(Cl)c(Cl)c3)CC2)CC1,[ 0.39023498 -0.08912684 -0.8381549   0.05597012 -0.1670138 ]
CCC(=O)NCCC1CCc2ccc3c(c21)CCO3,[-0.13854083  0.25818095 -0.8941369  -0.84891737 -0.13189013]
COCCOC(=O)CC#N,[ 0.04346405  0.918297   -0.794629   -1.         -0.1954446 ]
CC(C)[C@H](C(=O)Nc1nccs1)c1ccc(Cl)cc1,[ 0.66571003  0.44617623 -0.73211825  0.23912103  0.21585688]
Nc1ncc2cc(-c3c(Br)cccc3Br)c(N)nc2n1,[ 0.6951982   0.7970139  -0.6719735  -0.06464275 -0.05346519]
C=CS(C)(=O)=O,[-0.12751731  0.38487574 -1.         -0.78624874 -0.22209264]
CN(C)N=Nc1ccc(I)cc1,[ 0.02029138 -0.38952896 -0.6940135  -0.75584644 -0.29333532]
Cc1cc([N-]S(=O)(=O)c2ccc(N)cc2)no1,[-0.10449611  0.01599059 -1.         -0.67961025  0.557665  ]
CCOC(=O)C(CCc1ccccc1)NC1CCc2ccccc2N(CC(=O)O)C1=O,[-0.07686477  0.7550196  -0.77876633 -1.         -0.24203163]
NCCCNCCSP(=O)(O)O,[ 0.3839472   0.85803884 -0.9844061  -0.7758124  -0.29318833]
Cc1cnc(C(=O)c2ncnc3[nH]ccc23)c(NS(=O)(=O)c2ccc(Cl)c(C(F)(F)F)c2)c1,[-0.20905231  0.9128275  -0.9156707  -0.48672256 -0.44296595]
NC(=O)CF,[ 0.06689344  0.7510987  -0.9152027  -0.6213473   0.4975111 ]
CN(C)S(=O)(=O)N(SC(F)(Cl)Cl)c1ccccc1,[ 0.24916798 -0.9274771  -0.8287464  -0.35005286  0.11969296]
Cc1cc(Cl)ccc1OCC(=O)O,[ 0.11244924  0.9005346  -0.85055447 -0.8434304   0.11052687]
CC(=O)OC(C)OC(=O)C(C)c1ccc(-c2ccccc2)c(F)c1,[ 0.21074177  0.7777557  -0.77864426 -0.6718742   0.7591581 ]
CCCCn1c(=O)n(CCC)c(=O)c2[nH]c(C)nc21,[ 0.32236832  0.6760832  -0.90583146 -0.5837497  -0.03538318]
CCOC(=O)C=Cc1ccc2c(c1)OCO2,[ 0.26330417  0.78492075 -0.8307086  -0.81163764 -0.18199502]
CCCCCCCCCCCCCCCN,[ 0.20887835  0.89353997 -0.42320523 -1.          0.42874503]
Cc1cc(Nc2nc(N[C@@H](C)c3ncc(F)cn3)nc(N3CCOCC3)c2F)n[nH]1,[-0.10533211  0.80373144 -0.46384865 -0.6806159  -0.338177  ]
C#CC1(O)CCC2C3CCC4=CC(=O)CCC4C3C(=C)CC21CC,[ 0.6253548   1.         -0.78213406 -0.7864454  -0.40200195]
O=C(c1ccc(Cl)cc1)c1ccccc1-c1ncc[nH]1,[ 0.03384726  0.83674794 -0.69990903 -0.99761045  0.3467392 ]
CCS(=O)CCSP(=O)(OC)OC,[ 0.20421247  0.97507805  0.55974346 -0.6272481   0.50894374]
CCON=C(CC)C1=C(O)CC(c2c(C)cc(C)cc2C)CC1=O,[ 0.05411059 -0.01297455 -0.5353485  -1.         -0.0498797 ]
CN1CCN(CCC=C2c3ccccc3Sc3ccc(S(=O)(=O)N(C)C)cc32)CC1,[-0.01715175  0.8179396  -0.6022611  -0.62745637  0.37897736]
CCCCCCCCCCCCCCCCCCOP(=O)([O-])OCC[N+]1(C)CCCCC1,[-0.32740757 -0.920924   -0.75654614 -0.27752417 -0.2058609 ]
ClCC1C(CCl)C2(Cl)C(Cl)=C(Cl)C1(Cl)C2(Cl)Cl,[ 0.6059611   0.6545859  -0.71398145 -0.65338194  0.04439725]
C=CCSP(=O)(NC(=O)CC)OC,[-0.06431312  0.6319476  -0.8831421  -0.5932328  -0.21158092]
O=C(O)COc1ccccc1,[ 0.40502146 -0.63069427 -0.5517565  -0.7195986  -0.16961662]
CCCCCCCCCCOc1c(OC)cc(C(N)=O)cc1OC,[ 0.0060211   0.3523093  -0.7631974  -0.27871466 -0.1122557 ]
CN(C)S(=O)(=O)CCCCCNC(=O)N(CCCl)N=O,[ 0.11353243  0.6598656  -0.30867404 -0.6606753  -0.25601372]
ClCCCBr,[ 0.30776784  0.674972    0.25821713 -0.31991175  0.08576208]
CC(C)CCI,[ 0.5257803   0.780403   -0.9251074  -0.56837535 -0.10894366]
Nn1cnc2cc3ccccc3cc2c1=O,[ 0.0698048   0.80529976  0.06666684 -0.24190171 -0.26895407]
C/C=C/c1cc(OC)c2c(c1)C(C)C(c1cc(OC)c(O)c(OC)c1)O2,[ 0.4208883   0.5941795  -0.6004376  -0.87591404 -0.45275986]
CCCCCCCC=CC=O,[ 0.17105854  0.8275314  -0.8369333  -0.8618404  -0.01804417]
CCOC(C)COC(C)CO,[-0.4698723   1.         -0.72568434 -0.15011433 -0.32445848]
CC(=O)OCCOCCOCCOC(C)=O,[ 0.17179698  0.629952    0.72598743 -0.33573943 -0.01342493]
Cc1c(OCC(F)(F)F)ccnc1CS(=O)c1nc2ccccc2[nH]1,[ 0.46693033  0.9654088  -0.9535414  -0.8299975  -0.3324832 ]
COc1ccccc1Oc1c([N-]S(=O)(=O)c2ccc(C)cn2)nc(-c2ccncc2)nc1OC,[ 0.13650769  0.6575713  -0.7821585  -0.7777565  -0.17508546]
O=[N+]([O-])OC1COC2C(O)COC12,[ 0.0756548   0.7030305  -0.870407   -1.         -0.42141974]
C[C@@H]1CC[C@H]2[C@@H](C)[C@@H](OC(=O)CCC(=O)O)O[C@@H]3OC4(C)CC[C@@H]1[C@@]23OO4,[ 0.43135983  0.95116204 -0.8926541  -1.          0.87110585]
Cc1cn([C@H]2CCCN([C@H](CC(C)C)c3ccc(C(=O)O)c(Oc4cccc(Cl)c4)c3)C2)c(=O)[nH]c1=O,[-0.00560944  0.90496397 -0.7995232  -0.78827316 -0.44095176]
CCC(C)(C)OC(=O)Nc1ccco1,[ 0.46085668  0.75879604 -0.78612417 -0.04841756  0.01679809]
CC(C)=CCCC(C)=CCCC(=CCCC(C)=CCO)CO,[-0.00098167  0.50268424 -0.6707609  -0.6701324  -0.41676426]
CNC(=O)c1c(I)c(NC(C)=O)c(I)c(C(=O)[O-])c1I,[ 0.49934852  0.92615193 -0.39819205 -0.6707647  -0.1658152 ]
CC=C(C(=O)NC(N)=O)C(C)C,[ 0.592146    0.8702174  -1.         -0.79158926  0.35427067]
COP(=O)(OC)Oc1ccc([N+](=O)[O-])c(Cl)c1,[ 0.32797778 -0.483234   -0.5365459  -0.5505978  -0.25749153]
Cc1ccc2nc(C[N+]34CCC(CC3)[C@@H](OC(=O)[C@](C)(c3ccccc3)N3CCCCC3)C4)oc2c1,[ 0.38803267  0.7239771  -0.52429587 -0.31134793 -0.6476502 ]
CC1CCC(C(C)C)C(O)C1,[-0.02259024  0.9010428  -0.9805167  -0.7607731   0.02042712]
COC(C)CC(=O)O,[ 0.09785569  0.8187891  -0.7750809  -0.94095176 -0.30121717]
O=C(O)COc1ccc(Cl)cc1CN1CCN(S(=O)(=O)Cc2ccccc2)CC1,[ 0.26575956  0.8315216  -0.7809346  -0.6511388  -0.23669876]
CCCC1CC(C(=O)NC(C(C)Cl)C2OC(SC)C(O)C(O)C2O)[NH+](C)C1,[ 0.80960345  0.5960633  -0.87315494 -0.26058763 -0.36631566]
Cc1cc(OC(=O)N(C)C)n(-c2ccccc2)n1,[ 0.11639265  0.6446562  -0.47002158 -0.18301933 -0.05488567]
CC(C)(O)c1ccccc1,[ 0.5041664   0.79101616 -0.80866796  0.15169983 -0.2325511 ]
O=c1cc(-c2ccc(O)cc2)oc2cc(O)cc(O)c12,[-0.15741877 -0.09611846  0.05713531 -0.32984638  0.5781454 ]
CC(O)C(=O)Nc1c(I)c(C(=O)NC(CO)CO)c(I)c(C(=O)NC(CO)CO)c1I,[ 0.21775834  0.55010146  0.52752835 -0.4854215  -0.36262736]
CN(C)C(=O)Oc1cccc2sccc12,[ 0.28092548  0.22599575 -0.6331021  -0.6159832  -0.4293905 ]
CCCCOP(=O)(OCCCC)Oc1ccccc1,[ 0.20438759  0.879056   -1.         -0.91167057 -0.41259417]
CC(c1ccccn1)c1c(CC[NH+](C)[14CH3])sc2ccccc12,[-0.28568348  0.8250213   0.39371216 -0.48329026  0.25538412]
CN1[C@@H]2CC[C@@H]1CC(OC(=O)C(CO)c1ccccc1)C2,[-0.14065985  0.9656835  -0.59945804 -0.2310766  -0.20225376]
O=C(Cc1cccs1)N[C@@H]1C(=O)N2C(C(=O)[O-])=C(C[n+]3ccccc3)CS[C@H]12,[ 0.45053416  0.6869962  -1.         -0.5327139  -0.03999085]
CSCC(=O)N(C)C(=O)Oc1ccccc1OC(C)C,[ 0.10471156  0.57940376 -0.7947707  -0.8138571  -0.36125627]
CN(C)C(=O)Cl,[ 0.5365717   1.         -0.6655393  -0.43220708  0.16135438]
O=C(CCl)OC1=C(OC(=O)CCl)C(=O)OC1=O,[-0.09801349  0.6259535  -0.49795812 -0.98459893 -0.16685562]
C[C@@H]1NC(=O)[C@@H](C)N(C)C(=O)[C@H](C)N(C)C(=O)[C@@H](C)N(C)C(=O)[C@@H](C)N(C)C(=O)[C@H](C)NC1=O,[ 0.08837254  0.6888192  -0.7831196  -0.63527554 -0.09268429]
Cc1nc(N)nc(N)c1-c1ccc(Br)cc1,[-0.14669585  0.85782766 -0.8702799  -0.6673132  -0.13222946]
CCCCCCCCc1ccccc1O,[ 0.22589841  0.43904245 -0.7710707  -0.5550139   0.08547842]
ClCC(Cl)Cl,[ 0.63708186  0.5950072  -0.9718164  -0.72266394 -0.21964638]
Cc1ccc(OP(=O)(Oc2ccccc2)Oc2ccccc2)cc1,[ 0.15498894  0.4895287  -0.84633243 -0.6822404   0.01380244]
COC(=O)c1ccccc1,[ 0.420875    0.95871913 -0.5683203  -0.7718591   0.08211862]
COc1cc2ncc(C(N)=O)c(Nc3ccc(C)cc3F)c2cc1OC,[-0.0526001   0.68346286 -0.93894905 -0.8633626  -0.03676079]
CCCCC(CC)OCCOCCO,[ 0.32919842  0.93214965 -0.7815974  -0.7281538   0.03257491]
Cc1cn([C@H]2CCCN(S(=O)(=O)c3ccc(CO)c(Oc4cccc(Cl)c4)c3)C2)c(=O)[nH]c1=O,[-0.09709842 -0.40765035 -0.77236104 -0.6476295  -0.5140444 ]
COc1c(OP(=S)(OCC(C)C)OCC(C)C)cnn(C)c1=O,[ 0.16006668  0.19456661 -0.7433097  -0.39117858  0.23026282]
CS(=O)(=O)c1nc(-c2ccc(F)cc2)n(-c2ccc(Cl)cc2)n1,[-0.09478284  0.8284159  -0.5759956  -0.85929424 -0.3943199 ]
COc1cc(OC)c(S(=O)(=O)N(c2ccccc2)C(C)C)cc1NC(C)=O,[-0.30022237  0.30473143 -0.47777542 -0.57683825 -0.10194013]
C[Si](C)(Cl)Cl,[ 0.23429877  0.7924964  -0.68938166 -0.7724847  -0.22764283]
ClC(Cl)(Cl)c1ccc(C(Cl)(Cl)Cl)cc1,"[ 5.5954506e-04  6.2379533e-01 -6.5562832e-01 -1.7045423e-01
  1.7141029e-01]"
CC(C)c1cc(Oc2ccccc2)cc(C(C)C)c1NC(=S)NC(C)(C)C,[ 0.25698924  0.85690194 -0.8698226  -0.49201053 -0.24273126]
C=C1CC1CC(N)C(=O)O,[ 0.03751613  0.624912   -0.83469284 -0.8031848   0.31304786]
CCOC(=O)c1c(C)cc2c(CO)n[nH]c(=O)c2c1C,[ 0.1689322   0.20389102 -0.57966197 -0.94726896 -0.4328375 ]
COC(=O)c1cc([N+](=O)[O-])ccc1Cl,[ 0.528303    0.8418397  -0.7571574  -0.85698676 -0.19359834]
CC(=O)CCc1ccc(O)cc1,[ 0.10515951  0.79089373 -0.7471975  -0.909159   -0.5487999 ]
COC(=O)c1cc(Oc2ccc(Cl)cc2Cl)ccc1[N+](=O)[O-],[-0.14741212  0.51617944 -1.         -0.83575    -0.16748247]
CN(C)CC/C=C1/c2ccccc2COc2ccc(CC(=O)O)cc21,[ 0.06822643  0.72424203  0.0613805  -0.4410835  -0.31417546]
COc1cc2c(cc1OC)C(CCc1ccc(Cl)cc1)N(C)CC2,[ 0.23251668  0.65749305  0.5888153  -0.19567712 -0.06451683]
C=COC(=O)C=CC,[-0.24279451  0.8742245   0.21222879 -0.7494929   0.27754197]
O=c1[nH]c2ccccc2n1CCC[NH+]1CCC(n2c(=O)[nH]c3cc(Cl)ccc32)CC1,[ 0.12646137  0.67614084  0.36274654 -0.69083095 -0.5560401 ]
CC(C)c1cccc(OC(=O)N(C)C)c1,[ 0.14551619  0.20773047 -0.6887965  -0.10572611 -0.30357915]
CCOP(=S)(OCC)SCSCc1ccccc1,[-0.24011996  0.8623524  -0.6747844  -0.6246519   0.01128349]
CCC1OC(=O)C(C)C(=O)C(C)C(OC2OC(C)CC([NH+](C)C)C2O)C(C)(OC)CC(C)C(=O)C(C)C2N(CCCCn3cnc(-c4cccnc4)c3)C(=O)OC12C,[-0.9631728   0.82338697 -0.8422174  -0.703373   -0.40255523]
COCCN(c1cccnc1)P(=O)(c1ccccc1)c1ccccc1,[ 0.5815252   0.7904175  -0.7616889  -0.17895657  0.19286634]
CCNc1nc(NCC)nc(OC)n1,[ 0.1595231   0.5846502  -0.582958   -0.89053595 -0.08820333]
CCCCSN(C)C(=O)Oc1cccc2c1OC(C)(C)C2,[ 0.20681235  0.78176475 -0.6200752  -0.73534465 -0.2110933 ]
CCC(=O)OC1C(C)OC(OC2C(C)OC(OC3C(CC=O)CC(C)C(O)C=CC=CCC(C)OC(=O)CC(OC(C)=O)C3OC)C(O)C2N(C)C)CC1(C)O,[-0.5179185   0.94721293 -0.85955006 -1.          0.11447548]
Cc1cc(Nc2nc(N[C@@H](C)c3ccc(F)cn3)c(C#N)cc2Cl)n[nH]1,[-0.23786925  0.47093278 -0.01716261 -0.33147174 -0.3980418 ]
CP(=S)(Oc1ccccc1)Oc1ccc(C#N)cc1,[ 0.47221637  0.8531772  -0.4735021   0.2953543   0.12326939]
C#CC1(O)C(CO)OC(n2ccc(N)nc2=O)C1O,[-0.23730291  0.96906835 -0.68878686 -1.         -0.19898753]
COP(=S)(OC)Oc1ccc(S(N)(=O)=O)cc1,[ 0.36093765  0.29435003 -0.7604312  -0.7795166   0.07932337]
O=c1[nH]c(=O)c2ccccc2o1,[-0.32209614  0.97949594 -0.6120858  -0.665694   -0.10355179]
Cc1cc(Nc2cncc(N[C@@H](C)c3ccc(F)cn3)n2)n[nH]1,[ 0.35982692 -0.59803945  0.48380715 -1.         -0.77420247]
FC(F)(F)c1nc2c(Br)cc(Br)cc2[nH]1,[ 0.6000163   0.8338845  -0.81391585 -0.5132448  -0.259931  ]
O=P(OCCCl)(OCCCl)OC1CC(C(Br)CBr)CCC1Cl,[ 0.12380717  0.6894799  -0.83610773 -0.7881866  -0.20285232]
N#Cc1cc(Br)c(O)c(Br)c1,[ 0.25185335  0.79365915 -0.8028947  -1.          0.70132685]
C=CC(=O)OCC(CC)CCCC,[-0.30402672  0.61278814 -0.8087934  -0.8906677  -0.00867499]
OCc1ccccc1,[ 0.11230531  0.80813634 -0.8904789  -0.7336526   0.19228779]
CNc1c(C(N)=O)cnc2[nH]c(-c3ccc(OCCN4CCOCC4)cc3)nc12,[-0.17267796  0.44751775 -0.68555367 -0.6895849  -0.42916983]
NC(=O)CCCCC1CCSS1,[ 0.17033984  0.20912185 -0.3741275  -0.94314396  0.16381478]
CC(C)(C)c1ccc(C(=O)O)cc1,[ 0.47022256  0.4912141  -0.6953398  -0.15593898  0.08457668]
COP(=S)(OC)Oc1cnc2ccccc2n1,[ 0.68628675  0.75196767 -0.80924743 -0.50930554  0.31537244]
CCCCOC(=O)c1ccc(-n2nc(OCCN3CCCCC3)c3ccccc32)cc1,[-0.25992367  0.87044716 -0.02805993 -0.81760156 -0.19786488]
CC(=O)SCC(=O)Nc1nc2ccccc2s1,[ 0.25261077  1.         -0.5620404  -0.8911757  -0.10176241]
CC(C)(C)c1nnc(NS(=O)(=O)c2ccccc2)s1,[ 0.13919774  0.86425394 -0.777024   -0.37788078  0.4052305 ]
COc1ccc2ccc(=O)n(CCN3CCC(NCc4cc5c(cn4)OCCO5)CC3)c2n1,[ 0.08228434  0.7081296  -0.5863106  -0.6326883  -0.10799999]
Nc1nc2c(ncn2COCCO)c(=O)[nH]1,[ 0.20767887 -0.12042321 -0.66120905  0.05700924  0.39428934]
O=S1(=O)CCN(c2ccccc2)CC1,[ 0.2633042   0.79152673 -0.8016999  -0.6473856   0.66346914]
C[C@@H](N/C(=N\c1ccncc1)NC#N)C(C)(C)C,[-0.13489793  0.77669734 -0.9009655  -0.911104   -0.37296999]
CCNC(=S)NCC,[ 0.5769148   0.6417866  -0.8601343   0.0150622  -0.38801956]
CCN1C(=O)NC(c2ccccc2)C1=O,[ 0.2653549   0.35186645  0.03162517 -0.649494    0.04499329]
C=CCOC(=O)CCCCC,[ 0.34041908  0.70675254  0.02764797  0.6164215  -0.26473266]
CCOC(C1=NCCCN1)c1c(Cl)cccc1Cl,[ 0.40257335  0.647512   -0.32262233 -0.3746261  -0.3016096 ]
CCCCOC(=O)C1CC1OCCCC,[ 0.12943146  0.46466872 -0.6842343  -0.53241074  0.1327437 ]
Clc1cccc([Si]23OCCN(CCO2)CCO3)c1,[ 0.33847862  1.         -0.53240955 -1.         -0.567794  ]
CCC(=O)OC1CCC2C3CCC4=CC(=O)CCC4(C)C3CCC12C,[ 0.25440687  0.8502413  -0.89426374 -0.799315    0.01708738]
C[C@@H](NC1=CC(=O)CNC1)c1ccc(Nc2ncc3cc(-c4ccncc4)ccc3n2)cc1,[-0.06953137  0.8832209  -1.         -0.5590131   0.00388817]
NCCNCCNCc1ccccc1O,[ 0.06078605  0.8289798   0.38077405 -0.58723944  0.06858589]
CC[C@@]1(O)C(=O)OCc2c1cc1n(c2=O)Cc2cc3c(CN(C)C)c(O)ccc3nc2-1,[-0.508035    0.9854681  -0.89470965 -0.72376394  0.22355896]
CN(C)C(=O)Nc1cc(C(C)(C)C)on1,[-0.1551887   0.8340748  -0.6160139  -0.6058155   0.12372462]
COCC(=O)O[C@]1(CCN(C)CCCc2nc3ccccc3[nH]2)CCc2cc(F)ccc2[C@@H]1C(C)C,[ 0.3254475   0.75486827  0.06923249  0.2803891  -0.4716893 ]
O=C(CCCCC(=O)OCC1CC=CCC1)OCC1CC=CCC1,[ 0.18322517 -0.79476243 -0.59786856 -0.5875674  -0.7493544 ]
O=C(CN1CCOCC1)NN=Cc1ccc([N+](=O)[O-])o1,[ 0.07016365  0.76434493 -0.39718977 -0.71270365 -0.02704056]
c1ccc2[nH]c(-c3cscn3)nc2c1,[ 0.527987    0.9004828  -0.50679016 -0.53555423  0.07667903]
CN(C)C1CC(c2ccccc2)c2ccccc21,[ 0.5813625   0.8120641  -1.         -0.33501837 -0.16882521]
CC1CCN(C(=O)CC(Cc2cccc(C(=N)N)c2)NS(=O)(=O)c2ccc3ccccc3c2)CC1,[ 0.33263335  0.885742   -0.8723315  -0.8204507   0.11007164]
CC(=O)Nc1ccc(C)c(NS(=O)(=O)C(F)(F)F)c1,[-0.198602    0.18243924 -0.8513377  -0.40112415 -0.24375859]
CC(=O)Oc1ccc2c3c1OC1C(OC(C)=O)C=CC4C(C2)[NH+](C)CCC341,[ 0.44326445 -0.10237776 -0.53144443 -0.47540483  0.04068016]
ClCC(Cl)=C(Cl)Cl,[ 0.5364604   0.54704237 -0.8427062  -0.71476495 -0.07584681]
OCCOc1cc(Cl)c(Cl)cc1Cl,[-0.22746101  0.8811955  -0.7353607  -0.66842914  0.16528472]
OCCNCCc1ccccc1,[-0.04265439  0.8731763  -0.63497037 -0.8371487  -0.3845073 ]
C1CSCCO1,[ 0.49788505  0.34349933 -0.7402269   0.3072153  -0.0795261 ]
C1COCCOCCNCCOCCOCCN1,[ 0.31154996  0.3905281  -0.5710212  -0.707176    0.11046914]
CC(C)=CCl,[ 0.11736749  0.93205273 -0.98852605 -0.53531307  0.555138  ]
CO/N=C(\C(=O)N[C@@H]1C(=O)N2C(C(=O)O)=CCS[C@H]12)c1csc(N)n1,[ 0.2630604   0.18180509 -0.52899307  0.7301283   0.05583982]
Nc1ccn([C@@H]2O[C@H](CO)[C@@H](O)C2(F)F)c(=O)n1,[ 0.01805226  0.86878467 -0.9142428  -0.67846084 -0.29607594]
CC[C@H](C)[C@H](NC(=O)[C@H](CCC(=O)[O-])NC(=O)[C@H](CCC(=O)[O-])NC(=O)[C@H](Cc1ccccc1)NC(=O)[C@H](CC(=O)[O-])NC(=O)CNC(=O)[C@H](CC(N)=O)NC(=O)CNC(=O)CNC(=O)CNC(=O)CNC(=O)[C@@H]1CCCN1C(=O)[C@H](CCCNC(N)=[NH2+])NC(=O)[C@@H]1CCCN1C(=O)[C@H]([NH3+])Cc1ccccc1)C(=O)N1CCC[C@H]1C(=O)N[C@@H](CCC(=O)[O-])C(=O)N[C@@H](CCC(=O)[O-])C(=O)N[C@@H](Cc1ccc(O)cc1)C(=O)N[C@@H](CC(C)C)C(=O)[O-],[ 0.2930769   0.32133278 -0.74233514 -0.7818486  -0.12271003]
CCOc1ccccc1C(=O)NN=C(C)C(=O)O,[-0.08205293  0.92342055 -0.97914654 -0.7426205  -0.16098621]
CCCN(CCC)c1c([N+](=O)[O-])cc(C(C)C)cc1[N+](=O)[O-],[ 0.00975171  0.9046993  -0.88723004 -0.8736842   0.31491113]
COc1nccnc1NS(=O)(=O)c1ccc(N)cc1,[ 0.69950855  0.67905486 -0.8247737  -0.92905366 -0.9734473 ]
CCC(O)CO,[-0.05969975  0.7425943  -0.8090873  -0.50393355 -0.09163204]
O=C(Nc1cccc(Cl)c1)OCC#CCCl,[-0.19307028  0.8163205  -0.92764276 -0.7878311  -0.14778775]
Cn1c(C(=O)NC2(C(=O)N[C@H](Cc3ccccc3)C(=O)NCCCN3CCOCC3)CCCC2)cc2ccccc21,[ 0.2763366  -0.6702653  -1.         -0.2956732   0.07653689]
Cc1ncc(CS)c(CO)c1O,[-0.25577936  0.62908584 -0.95355606 -0.80280036 -0.06310905]
C[C@H](CO)Nc1nc(SCc2ccccc2F)nc2[nH]c(=O)sc12,[-0.00132711  0.8667787  -0.46196392 -0.06603076 -0.03556549]
CCOP(=S)(OCC)Oc1cc(C)n(CC)c(=O)c1,[ 0.40232176  0.98390883 -0.68722785 -0.51525426  0.01861164]
C[C@@](N)(Cc1ccc(O)c(O)c1)C(=O)O,[ 0.28633788  0.72982824 -0.47367698 -1.         -0.19550383]
CCCCCCCc1ccccc1O,[ 0.95855016  0.25535128 -0.22570093 -0.6011142  -0.513149  ]
CC#CN(CC)CC,[ 0.13514857  0.50477916 -0.9695132  -0.7118153  -0.17947127]
C=CC(=O)OCCOCC,[ 0.3059235   0.8010181  -0.5446478   0.34282506 -0.01220064]
CC[C@H]1NC(=O)[C@@H](NC(=O)c2ncccc2O)[C@@H](C)OC(=O)[C@H](c2ccccc2)NC(=O)[C@@H]2CC(=O)[C@H](CS[C@@H]3CN4CCC3CC4)CN2C(=O)[C@H](Cc2ccc(N(C)C)cc2)N(C)C(=O)[C@@H]2CCCN2C1=O,[ 0.39627236 -0.6807006  -0.77649057 -0.98252416 -0.02624027]
O=CCc1ccccc1,[ 0.12991004  0.05224577 -0.82411873  0.17973794  0.12813044]
CNC(=N)c1cccc(CC(CC(=O)N2CCC(C(=O)O)CC2)NS(=O)(=O)c2ccc3ccccc3c2)c1,[-0.23138529  0.21663584 -0.5942163   0.53479064 -0.11673296]
COc1ccc(CC2NCC(O)C2OC(C)=O)cc1,[-0.23534364  0.40180904 -0.65371424 -0.8009928   0.14700232]
O=C(Cl)C=CC(=O)Cl,[ 0.5358631   0.7489412  -0.8829854  -0.1713653  -0.05875874]
CN(C)CCCNCCCN(C)C,[ 0.28478178  0.23283523 -0.74977297  0.7236627   0.48095256]
Nc1nc(O)c(Cl)c(-c2ccccc2)n1,[ 0.56344604  0.19557084 -1.         -1.         -0.20900263]
Cc1onc2c(=O)n(C)nc(-c3ccccc3)c12,[ 0.40943995  0.9209373  -1.         -0.59460855 -0.13520437]
Fc1cc(-c2cccc3ncc(-c4cnn(C5CCNCC5)c4)nc23)cc(F)c1CN1CCOCC1,[ 0.2501842   0.9264627  -0.35368404 -0.43892565  0.04107471]
CC(C)(C)c1cc(O)ccc1O,[ 0.22101925  0.84710354 -0.35052693  0.7001719  -0.06007268]
Cc1ccc(NC(=O)c2ccc(C#N)cc2)cc1-n1cnc2ccc(N3CCN(C)CC3)cc2c1=O,[-0.05251181  0.9118997  -0.5946743  -1.         -0.14912418]
COCCOCc1ccccc1,[ 0.462249    0.83026576 -0.9078462  -0.5472069   0.09925482]
COc1ccc(N)c([N+](=O)[O-])c1,[ 0.14454216  0.89704454 -0.9824037  -0.90707463 -0.04709633]
CC(C(=O)O[C@@H]1CC[N+](C)(C)C1)(c1ccccc1)C1CCCC1,[ 0.27815038  0.885722   -0.8435771  -1.         -0.04073654]
CCC(C)c1ccc(Oc2ccc(C)cc2CC(=O)O)c(Cl)c1,[ 0.26354858  0.9484     -0.68784493 -0.66388047 -0.14232695]
[NH3+]CC1CCC(C(=O)[O-])CC1,[ 0.1419735   0.6317467  -0.5392119   0.25354508 -0.15704443]
CCCc1c(OCc2cccn3c(=O)c(CCC(=O)O)cnc23)ccc(C(C)=O)c1O,[ 0.29397932 -0.8370183  -0.8659719  -0.27686098  0.22205234]
C=CCN1CCCC1CNC(=O)c1cc2nn[nH]c2cc1OC,[ 0.30883184 -0.30612358 -0.7183869  -0.33736637  0.52388364]
CBr,[-0.35089216  0.8846005  -0.973968   -0.9782428   0.02374047]
CNC(=O)Oc1ccccc1C1OCCO1,[ 0.19411908  0.15771097 -0.6256179  -0.52395695 -0.30350697]
C/C=C(/C)C(=O)O[C@H](c1cc2ccc(=O)oc2cc1OC)[C@H](O)C(C)(C)O,[ 0.34807238  0.9400333  -1.         -0.2942028   0.58959407]
CCNC(=O)ON=C1SCOC1C,[-0.00833855  0.8411261   0.17547455 -0.63246906 -0.45216388]
CCC1(CC)Oc2cccc(OC(=O)N(C)C(C)=O)c2O1,[ 0.2105236   0.83408153 -0.75401205 -0.9657855   0.47581008]
C[C@@H](O)[C@H]1C(=O)N2C(C(=O)O)=C(SCCNC=N)C[C@H]12,[ 0.23569165 -0.03440204 -0.6344595  -0.46558577 -0.40649575]
CC(C)C(O)(c1ccc(OC(F)(F)F)cc1)c1cncnc1,[-0.37081042  0.68848515 -0.7779282  -0.49795783  0.03254975]
COc1ccc2ncc(=O)n(CCN3CC[C@@H](NCc4cc5c(cn4)OCCO5)[C@H](O)C3)c2c1,[ 0.24120988 -0.04206375 -0.7949735  -0.46098706  0.22578137]
COc1ccc2c3c1OC1CC(O)C=CC31CC[NH+](C)C2,[-0.6690963   0.81862336 -0.8628686  -0.6477748  -0.0848938 ]
COP(=S)(OC)Oc1ccc(C#N)cc1,[ 0.45000634 -0.49169716 -0.7124005  -0.6664207   0.28098354]
NC(=O)Nc1cccc2c3c([nH]c12)CCCC3,[ 0.54568344  0.33985776 -0.7776566  -0.08459645 -0.02868734]
CC(C)(C)c1ccc2c(c1)C(C)(C)CC2,[-0.22882432  0.6842251  -0.7806698  -0.27960113  0.1528376 ]
COP(=S)(OC)SCc1nc(N)nc(N)n1,[ 0.2766096   0.7668093  -0.98002476 -0.54201025  0.60885173]
CCOP(=O)(Cl)Cl,[ 0.36106795  0.9093726  -0.9857494  -0.8418502   0.14758396]
COc1cc2nc(N3CCN(C(=O)C4COc5ccccc5O4)CC3)nc(N)c2cc1OC,[-0.03065465  0.80998677 -0.55535346 -0.45385966 -0.57347107]
CCOc1ccc([C@@H](C)Nc2nc(N3CCN(C(C)=O)CC3)nc3c2CN(C(C)C)C3=O)cc1,[-0.97578925  0.2860455  -0.52159446 -0.58006436 -0.2929484 ]
COc1cc(C=CC(N)=O)ccc1O,[ 0.06640219  0.7308391  -0.939013   -0.7741856  -0.42329538]
N#Cc1ccc2[nH]c(C(F)(F)F)nc2c1,[ 0.09976522  0.72694975 -0.7686804  -0.6832633  -0.24428119]
C[NH+]1CCOC(c2ccccc2)c2ccccc2C1,[ 0.490982    0.2718525  -0.8626206   0.33230805 -0.08975675]
CC1CC(=O)CC(C)O1,[ 0.16564935 -0.00449126 -0.82257676 -0.6735518   0.07322168]
COCCN(C(=O)CCl)c1c(C)cccc1C,[ 0.06761611  0.49874225 -0.7377225  -0.91416025  0.2409322 ]
CN(C)CCOCCOCCN(C)C,[-0.19195876 -0.85988194 -1.         -0.9698658  -0.1044279 ]
C=C(C)CN(CC)c1c([N+](=O)[O-])cc(C(F)(F)F)cc1[N+](=O)[O-],[ 0.38398087  0.44800574 -1.         -0.17752586 -0.5806715 ]
CCOC(=O)COC(=O)c1cc(Oc2ccc(C(F)(F)F)cc2Cl)ccc1[N+](=O)[O-],[ 0.13934866  0.5390739  -0.19145279  0.19141768 -0.05866303]
C=CCNC(=S)Nc1ccccc1,[ 0.33572948 -0.43705267 -0.78720737 -0.60940105 -0.51666397]
COc1ccc(NC(=O)CF)cc1,[ 0.536467    0.82446265 -0.67001635 -0.6145157  -0.0573918 ]
CCCCCCCCCCOC(=O)Cc1ccc(N(CCCl)CCCl)cc1,[ 0.15951747 -0.30300775 -0.6415957   0.7326842  -0.1672771 ]
COCCOP(=O)(OCCOC)OCCOC,[-0.22690444  0.871396   -0.46187773 -0.73118806 -0.35938883]
CCCc1nnc(CSP(=S)(OCC)OCC)o1,[ 0.66859424  0.87359554 -0.18915913 -0.3756532  -0.26101345]
CCC(C)OC=O,[ 0.5805642  -0.6574539  -0.22752309 -0.6780984  -0.33871087]
Cc1cccc([N+](=O)[O-])c1[N+](=O)[O-],[ 0.15348475  0.5274151  -1.         -0.40513122 -0.5807892 ]
O=[N+]([O-])c1cc(Cl)c2nc(C(F)(F)F)[nH]c2c1,[ 0.18107443  0.69845754 -0.78268415 -0.8244852   0.12156663]
CN(C)CCC(c1ccc(Cl)cc1)c1ccccn1,[ 0.50748307  0.89157194 -0.8554506   0.1763993  -0.5285436 ]
COP(=S)(OC)Oc1nc(Cl)c(Cl)cc1Cl,[ 0.18263856  0.81749505 -0.77460676 -0.7437231  -0.41746068]
CC(=O)OO,[ 0.15712625  0.5125826  -0.52382964 -0.63784146 -0.43243727]
ClCc1cccc2ccccc12,[ 0.30522022  0.895613   -0.9645947  -1.         -0.14835514]
C1CCC2CCCCC2C1,[-0.06134053 -0.01050748 -0.6783422  -0.77388525 -0.02262755]
CN1CCN2c3ncccc3Cc3ccccc3C2C1,[ 0.4927145   1.         -0.8016518  -0.7263844  -0.52974576]
C[C@@H](NC1=CC(=O)CC1)c1ccc(Nc2ncc3cc(-c4ccncc4)ccc3n2)cc1,[ 0.15729463  0.8782293  -0.5805366  -0.6661856   0.6061888 ]
O=c1[nH]c2ccccc2n1CCCN1CCN(C(c2ccccc2)c2ccccc2)CC1,[ 0.675794    0.5818428   0.02542293 -0.33675584 -0.0178526 ]
Cc1ccsc1C(=CCC[NH+]1CCCC(C(=O)[O-])C1)c1sccc1C,[-0.2281244   0.75204754 -1.         -0.86082584  0.16528478]
CCn1cc(C(=O)O)c(=O)c2cc(F)c(N3CCN(C)CC3)cc21,[ 0.01011686  1.         -0.57860965 -0.47572365  0.4173196 ]
CCNC(=O)C(C)OC(=O)Nc1ccccc1,[ 0.18839328  0.7824663  -0.8445778  -0.815772    0.20067349]
NCC1CCC=CO1,[-0.6252671  0.8041322 -0.6131592 -0.7774988  0.2079338]
O=c1[nH]cnc2c1ncn2[C@H]1CC[C@@H](CO)O1,[-0.45541546  0.7822234  -0.5864295  -0.81968355  0.09456995]
CC(=O)Oc1cc(C(F)(F)F)ccc1C(=O)O,[ 0.551163    0.73976135 -0.81399184 -0.36917794  0.04905086]
CNC(=O)OCc1cccc(COC(=O)NC)n1,[ 0.08341195  0.6497653  -0.59459525 -0.5792833   0.04900851]
CC1(C)SCN(C(=O)C2(Oc3ccc(Cl)cc3)CCCCC2)C1C(=O)O,[-0.11046799  0.23098366 -0.6924398  -0.68587536 -0.44421244]
Cc1cn([C@H]2CCCN(S(=O)(=O)c3ccc(C(N)=O)c(Oc4cccc(Cl)c4)c3)C2)c(=O)[nH]c1=O,[-0.05661492  0.6845265  -1.         -0.8128305  -0.10213377]
N=C(N)Nc1nc(CSCCC(=N)NS(N)(=O)=O)cs1,[ 0.53753906  0.62503844 -0.91733444 -0.58250034 -0.379289  ]
O=[N+]([O-])c1ccc(Cl)c([N+](=O)[O-])c1,[ 0.23060292  0.81798905 -0.77539     0.12224274 -0.2821524 ]
CCN(CC)N=Nc1ccccc1,[ 0.43741894  0.5947006  -0.77648664 -0.43581906 -0.06879528]
CN1CCC(=C2c3ccccc3Sc3ccccc32)CC1,[ 0.29871494  0.89124095 -0.9720829  -0.6759259  -0.35068485]
Nc1c(CC(=O)[O-])cccc1C(=O)c1ccc(Br)cc1,[ 0.6052723   0.3299562  -0.83707595 -0.4808874  -0.32646284]
OC1(c2ccc(Cl)c(C(F)(F)F)c2)CCN(CCCC(c2ccc(F)cc2)c2ccc(F)cc2)CC1,[-0.22550902 -0.24306506 -0.67335    -0.54787713  0.04759324]
CC(=O)OCc1ccc(C(C)C)cc1,[-0.3341218   0.8402784  -0.85633534 -0.77341205  0.03684198]
Cc1cnc(C)cn1,[ 0.32084844 -0.6208216  -1.         -0.43065643  0.1265466 ]
Cc1ccc(N=C=O)cc1,[ 0.5873361   0.85380304 -0.9502871  -0.49092323 -0.4528583 ]
Cc1ccc(S(=O)(=O)Nc2c(C(=O)N[C@@H](C)C(C)(C)C)c(C)nn2C(C)C)cc1,[-0.3502245   0.7561777  -0.82390434 -0.7310375  -0.38831678]
O=C(O)CCC(=O)c1ccc(-c2ccccc2)cc1,[ 0.17558248  0.6993055  -0.4406229   0.34484208 -0.34525958]
CC1(C)SC2C(NC(=O)C(C(=O)[O-])c3ccsc3)C(=O)N2C1C(=O)[O-],[ 0.82669026  1.         -0.6657447  -0.31299382 -0.05800461]
CCC(=O)Nc1ccc2[nH]c(C(F)(F)F)nc2c1,[ 0.07807799  0.5446472  -0.7891537  -0.82503855  0.6416574 ]
CCCOP(=O)(OC=C(Cl)Cl)OCCCl,[ 0.23499425  0.02498655 -0.85643774 -0.67217904 -0.00122882]
CC(C)CON=O,[ 0.63759565  0.7637272  -0.25360847 -0.49974358 -0.16714051]
CNC(=O)c1[nH]cnc1C(=O)Nc1ccc(OC)cc1,[-0.31571254  0.8834105  -0.25594458 -0.69048995  0.3372994 ]
Nc1cc(Cl)ccc1O,[ 0.54318607  0.5732875  -0.18354255 -0.21192847 -0.29230985]
C=C1CC23CC1(O)CCC2C12C=CC(O)C(C)(C(=O)O1)C2C3C(=O)O,[ 0.19177173 -0.16961157 -0.44279754 -1.         -0.21407565]
C1CN1P1(N2CC2)=NP(N2CC2)(N2CC2)=NP(N2CC2)(N2CC2)=N1,[-0.15358242 -0.17914918 -0.41807008 -0.06885629  0.3463558 ]
CCCCOc1ccccc1NC(C)=O,[-0.13554746  0.8427835  -0.95656484 -1.         -0.15476505]
CC(=O)O[C@H]1C[C@@H]2CC[C@@H]3[C@H](CC[C@@]4(C)[C@H]3C[C@H]([N+]3(C)CCCCC3)[C@@H]4OC(C)=O)[C@@]2(C)C[C@@H]1N1CCCCC1.[Br-],[-0.5692657   0.8248653  -0.9227966  -0.7978473  -0.19739811]
CCCCCc1ccccc1O,[ 0.63969505  1.         -1.         -0.970935   -0.42508063]
CCC(C)(C)c1ccc(Cl)c(OC(=O)NC)c1,[ 0.30156782  0.72596693 -0.7587733   0.48566824  0.1325063 ]
CC1CS1,[ 0.3887455   0.9781042  -0.8347208  -0.90663093 -0.00976007]
C[NH2+]C(C)C1CCC(N)C(OC2C(N)CC(N)C(OC3OCC(C)(O)C([NH2+]C)C3O)C2O)O1,[ 0.06453134  0.7822055  -0.5042657  -0.24775834 -0.2972294 ]
CNC(=O)Oc1ccc(CCC#N)cc1,[ 0.12621091  0.5546635  -0.6500992  -0.9964072   0.24912004]
Cc1cc(C)c(C)cc1C,[ 0.13106604  0.9201316  -0.5796433  -0.68231213  0.47383222]
C[N+](C)(C)CC(O)CC(=O)[O-],[-0.02710533  0.7523362  -0.77453125 -0.54088664  0.14909942]
N#Cc1c(-c2ccc(-c3ccncc3Cl)cc2)nc2ccncc2c1O,[ 0.16039331  0.90013796  0.26961112 -0.5507608   0.1454435 ]
CCOC(=O)C(CCc1ccccc1)NC(C)C(=O)N1C(C(=O)[O-])CC2CCCCC21,[ 0.5036263   0.82613635 -0.99887645 -0.26850033 -0.17955133]
Cc1cc(Cl)ccc1OCCCC(=O)O,[ 0.32476607  0.8559913  -0.8615551  -0.81809026  0.00219571]
CCC(C)(CC)c1cc(N)on1,[ 0.27724063  0.6226069  -0.4707357  -0.7008679  -0.03369255]
CC(C)[N+](=O)[O-],[ 0.06813551  0.90359515 -1.         -0.67352813 -0.02227792]
Cc1cc(C(=O)c2ccccc2)ccc1N,[ 0.2083919   1.         -1.          0.13827667  0.18895613]
OCC(O)C(O)C(O)CO,[ 0.38877228  0.8431668  -0.9597348  -0.9566932  -0.30882207]
CCCSP(C)(=S)SC(CC(=O)OCC)C(=O)OCC,[-0.32599232  0.7420816  -0.8752738  -0.5806297   0.08096518]
CN(C)c1ccc(C(O)(c2ccc(N(C)C)cc2)c2ccc(N(C)C)cc2)cc1,[ 0.03149606 -0.01637634 -0.67947507 -0.53312635  0.62556535]
COC(=O)C1=C(C)NC(C)=C(C(=O)OCCN(C)Cc2ccccc2)C1c1cccc(N(O)O)c1,[ 0.2163433   0.87954605 -0.70612323 -0.8300949  -0.23894328]
N#CSCCSC#N,[-0.11969596  0.81390566 -1.         -1.         -0.44706   ]
O=C(/C=C/c1ccc(O)c2c1C(C(=O)O)C(c1ccc(O)c(O)c1)O2)OC(Cc1ccc(O)c(O)c1)C(=O)O,[ 0.3274321   0.7157421  -0.6835974   0.7988461  -0.13820744]
Cc1c(Cl)c([N+](=O)[O-])c2[nH]c(C(F)(F)F)nc2c1[N+](=O)[O-],[ 0.21865256  0.5654941  -0.3508654  -0.7433192  -0.05371735]
CCCN(CCC)c1c([N+](=O)[O-])cc(C)cc1[N+](=O)[O-],[ 0.3441309   1.         -0.35197845 -0.77370054 -0.21764123]
C=CN(CC)C(C)=O,[-0.37783715  0.30451143 -1.         -0.8290442   0.45355168]
CC(=O)N[C@H](Cc1ccc2ccccc2c1)C(=O)N[C@H](Cc1ccc(Cl)cc1)C(=O)N[C@H](Cc1cccnc1)C(=O)N[C@@H](CO)C(=O)N[C@@H](Cc1ccc(O)cc1)C(=O)N[C@H](CCCNC(N)=O)C(=O)N[C@@H](CC(C)C)C(=O)N[C@@H](CCCNC(=N)N)C(=O)N1CCC[C@H]1C(=O)N[C@H](C)C(N)=O,[ 0.04478659  0.6094154  -0.7751008  -0.81709146  0.6548524 ]
C[C@@H](NC(=O)C1CCCCN1C)c1ccc(Nc2ncc3cc(-c4ccncc4)ccc3n2)cc1,[ 0.00294613  0.87445104 -0.78885704 -0.63422924 -0.06303057]
O=S(=O)(O)c1ccc2cc(Nc3cccc4c(O)c(S(=O)(=O)O)ccc34)ccc2c1O,[ 0.19642282 -0.38864556 -0.57239455 -0.15563339  0.3329536 ]
Cc1c(Sc2ccc(Cl)cc2)c2c(-c3cnccn3)cccc2n1CC(=O)O,[-0.24691832  0.4464343  -0.3804528  -0.7452142   0.14851147]
CCCCCCOC(=O)C(O)c1ccccc1,[ 0.32958257  0.61649215 -0.5255514  -0.68870026 -0.41420704]
C=COCCOC,[ 0.34179688  0.92102116 -0.9558735  -0.6923295  -0.3510179 ]
Clc1ccc(N2N=NC3C4CC(C5N=NC45)C32)cc1,[-0.02334527  0.5580256   0.48708367 -0.34418216 -0.39232   ]
CNC(=O)ON=C1CCCC1(C)C#N,[-0.1904511  0.617526  -0.8579531 -0.6417585 -0.3190646]
COc1cc(-c2cc(=O)c3c(O)cc(O)cc3o2)cc(O)c1OC,[-0.06206492  0.9721277  -1.         -0.84268963 -0.6372942 ]
FC(F)(F)c1nc2c(Br)c(Br)cc(Br)c2[nH]1,[ 0.2521993   0.8670605  -0.68733525 -0.80076474 -0.24589011]
C(=NC1CCCCC1)=NC1CCCCC1,[ 0.383788    0.9108231  -0.9583257  -0.70626056 -0.13496755]
CNC(=O)ON=C(C)SC,[-0.31494066  0.87225354 -0.61517596 -0.6898997  -0.02750878]
CC(=O)c1ccc2c(c1)N1C(=O)OCC1CC2,[ 0.07064823  1.         -0.8874072  -0.8464274   0.67220896]
O=C(CN1CCNCC1)NN=Cc1ccc([N+](=O)[O-])o1,[-0.14734146 -0.5655245  -0.5897675  -0.94611436 -0.30294344]
Cc1ncccc1Oc1ncnc(OC2CCN(C(=O)OC(C)C)CC2)c1C,[ 0.38753065  0.51575094 -0.6991412   0.1408812  -0.40919387]
CC(=O)NCCCS(=O)(=O)[O-],[ 0.0944487   0.7919988  -0.7452721  -0.9160357   0.02343958]
CCCCOCC1CO1,[-0.4459237   1.         -0.9803787  -0.9251329  -0.14262065]
C=CC1=C(C)/C(=C\c2[nH]c(Cc3[nH]c(/C=C4/NC(=O)C(C)=C4C=C)c(C)c3CCC(=O)O)c(CCC(=O)O)c2C)NC1=O,[-0.32410568  1.         -0.7478312  -0.8224047   0.60151094]
ClC(Cl)(Cl)c1cccc(C(Cl)(Cl)Cl)c1,[ 0.21671128  0.93691033 -0.79818887 -0.97042495  0.3016095 ]
O=c1cc(-c2ccc(O)cc2)oc2cc([O-])c(C3OC(CO)C(O)C(O)C3O)c(O)c12,[ 0.18600887  0.8459319  -0.57784915 -0.75378084  0.04337284]
CCOP(=O)(OCC)OC(=C(Cl)Br)c1ccc(Cl)cc1Cl,[ 0.05532631  0.16177838 -0.79210275 -0.6835688  -0.48085806]
CC(C(=O)O)c1ccc(CC2CCCC2=O)cc1,[ 0.30366877  0.7814274  -0.5209068  -0.66895175  0.01600919]
ClCc1ccccc1,[ 0.3294578   1.         -0.4418522  -1.          0.32515365]
O=NN(c1ccccc1)c1ccccc1,[ 0.2210016   1.         -0.8211436  -0.8854062   0.52307624]
c1ccc2c(c1)CC(N1CCN(c3cccc4c3OCCO4)CC1)C2,[-0.08195919  0.7451758  -0.7077995  -0.7194617  -0.08581311]
CCc1nc2cc(O)ccc2c(Oc2ccc(/C=C/C(=O)O)cc2)c1-c1ccccc1,[-0.07348944  0.8881424  -0.6283688  -0.9096458   0.14523675]
CC12CCC3c4ccc(O)cc4CC(CCCCCCCCCS(=O)CCCC(F)(F)C(F)(F)F)C3C1CCC2O,[ 0.03264401 -0.06275379 -0.6010382  -0.29401883  0.8678353 ]
C=CCOc1ccccc1OCC(CNC(C)C)OC(=O)C1CC1,[-0.07958365  0.4894534  -0.8667489  -0.9936159  -0.266953  ]
CCCCOCCOCCCC,[ 0.25474897  0.33404124 -0.9793529  -1.          0.04249233]
O=C1c2ccccc2N(C(=O)CN2CCOCC2)CN1c1ccccc1,[ 0.58094376  0.6869682  -0.8776996  -0.21442989 -0.17470671]
O=c1cc(Cn2c(C3CCC3)nc3nccnc32)c2ccc(F)c(F)c2[nH]1,[-0.19894888  0.77941334 -0.36199382 -0.55588514 -0.33097237]
CN1CCN(C2=c3ccccc3=Nc3ccc(Cl)cc3N2)CC1,[ 0.6136757   0.74581724 -0.30910197 -0.10317155 -0.28085765]
Nc1ccc(F)c(F)c1F,[-0.42570674  0.6821473  -0.5245071  -0.9098795   0.79941106]
O=C(O)C1N=C(c2ccccc2)c2cc(Cl)ccc2NC1=O,[ 0.12885326  0.43977115 -0.9729572  -0.6830714   0.34977657]
CC(C)C(CCC(C)C1CCC2C3C(O)CC4CC(NCCC[NH2+]CCCC[NH3+])CCC4(C)C3CCC12C)OS(=O)(=O)[O-],[ 0.13552001  1.         -0.8277913  -1.          0.2845638 ]
CC(C)(C)[NH2+]CC(O)c1cc(O)cc(O)c1,[ 0.3387422  -0.0518358  -1.         -0.9739458  -0.32497072]
CCOP(=O)(O)O,[ 0.1964577  -0.38553232 -0.64197725 -0.61841404 -0.39015785]
CCOP(=S)(OCC)SCC(=O)N(CCC#N)c1ccccc1,[ 0.3440002   0.9849816  -0.80842507 -0.7358923   0.37158495]
C[C@@H]1NC(=O)[C@H](C)N(C)C(=O)[C@@H](C)N(C)C(=O)[C@H](C)NC(=O)[C@@H](C)NC(=O)[C@@H](C)N(C)C1=O,[ 0.25752762  0.81419796  0.01513151 -0.8480344   0.1642869 ]
OC(CCN1CCCC1)(c1ccccc1)C1CCCCC1,[-0.27266514  0.76809615 -0.4111811  -0.5124952  -0.14102948]
Nc1nc2ccc(OC(F)(F)F)cc2s1,[-0.60649705  0.57774305 -0.52538425 -0.50000745  0.7109633 ]
Cc1cc(-c2ccc(Cl)c(C(=O)NCC3(O)CCCCCC3)c2)nn1C[C@H](O)CN,[ 0.4418318   0.46457207 -0.86389136 -1.         -0.39141276]
CCC1OC(C)SC1=NOC(=O)NC,[-0.20204082  0.84258854 -0.49149555  0.30047232  0.07243116]
COc1cccc(OC)c1O,[-0.5252399   0.6388479  -0.7706527  -0.8937106   0.01789322]
CC1=C2C[C@H]3[C@@H](CC=C4C[C@@H](O)CC[C@@]43C)[C@@H]2CC[C@]12O[C@@H]1C[C@H](C)CN[C@H]1[C@H]2C,[-0.25734317  0.6863142   0.4715854  -0.2190441  -0.23736045]
CN(C)N(C)N=O,[-0.27407372  0.7120475  -1.         -1.          0.72087526]
O=C(OCC(COC(=O)c1ccccc1)(COC(=O)c1ccccc1)COC(=O)c1ccccc1)c1ccccc1,[ 0.15130351  0.7146847  -0.49605545 -0.71018654 -0.24830343]
CN(C)c1ccc(N=Nc2ccccc2)cc1,[-0.14044212  0.75240237 -0.6850932  -0.84952414 -0.21045938]
C=C(C)C(=O)OCCOC(=O)C(=C)C,[-0.0009246   0.85943705 -0.5795187  -0.51235974  0.11043162]
COc1c(OCc2ccc(-c3ccccc3-c3nnn[nH]3)cc2)cc(C)nc1C,[ 0.4309709   0.7357198  -0.70544684 -0.34905648 -0.38872632]
COc1cc2c3cc1Oc1cc(ccc1O)CC1c4c(cc(OC)c(O)c4Oc4ccc(cc4)CC3[NH+](C)CC2)CC[N+]1(C)C,[ 0.0395087   0.74617743 -0.9280344  -0.7370465  -0.15922593]
Cc1cnc(-c2cc(NC(=O)c3ccc(C(F)(F)F)nc3C)ccc2Cl)[nH]1,[ 0.22813839 -0.44428015 -0.79251903 -0.8154071   0.20670995]
COCCNC(=O)c1ccc(Nc2ncc3cc(-c4ccncc4)ccc3n2)cc1C,[ 0.1530728  -0.30529422 -0.88561755 -0.08305203  0.60677516]
Cc1c(OC2CCN(CC3CCN([C@@H](Cc4ccc(F)cc4)C(=O)O)CC3)CC2)ccc(C#N)c1Cl,[-0.15686826  0.7886898  -0.16230693 -0.29621142  0.49003175]
Cc1cc(C)c(N)c(C)c1,[ 0.43973634  0.79051256 -0.5648213  -0.8781162  -0.21738227]
O=Cc1ccc(O)cc1,[ 0.16142905  0.8356599  -1.         -0.89080274  0.723434  ]
CCCCN1C(=O)c2cccc([N+](=O)[O-])c2C1=O,[ 0.3559653   0.75887716 -0.44776934 -0.63307494  0.63626766]
Cc1c(F)cc(C(=O)NC2CC2)cc1-c1ccc(C(=O)NCC(C)(C)C)cn1,[ 0.37004533  0.72741234 -0.79393595 -0.5078448  -0.01630389]
CC(=O)Oc1cccc(Oc2ccc(C(F)(F)F)cc2Cl)c1,[ 0.5625891   0.78143895 -0.91681856 -0.5870992  -0.28581744]
O=C(CCl)CCl,[-0.27217653  0.8607612  -0.77690417  0.20877346 -0.27240753]
O=CCCCC=O,[ 0.27704856  0.6896696  -0.22309643 -0.9427122  -0.42030558]
CCC(CC)(C(=O)O)c1cccc2ccccc12,[-0.0222872   0.84525377 -0.80861276 -0.78110135  0.09596081]
CCCSP(C)(=S)OP(C)(=S)SCCC,[-0.0852888   0.75987303 -0.9250396  -0.83685434 -0.03999818]
CC(C)=C1CCC(C)CC1=O,[-0.08741794  0.86495286 -0.8533522  -0.55362093  0.13094725]
CNC(=O)/C=C(/c1ccc2nc(N)n(S(=O)(=O)C(C)C)c2c1)c1ccccc1-c1cccc2ccccc12,[-0.15363686  0.8979856  -0.7323479  -0.8147513   0.656874  ]
Cc1ccc(C(=O)c2ccc(CC(=O)NCC(=O)Nc3cccc(C)c3C)n2C)cc1,[ 0.28152916  0.678677   -0.69246733  0.06274834 -0.10958345]
CNC(=O)Oc1ccc(Cl)c2c1OC(C)(C)C2,[-0.65187925 -0.43811443 -0.21729428 -0.73203254 -0.35523507]
O=C(CO)N1CCC(c2[nH]nc(-c3ccc(Cl)cc3F)c2-c2ccncn2)CC1,[ 0.07171534  1.         -0.69136995 -0.43903813  0.8473685 ]
Cc1ncsc1C,[-0.06960344  0.6692509  -0.93608284 -0.9178778  -0.0580352 ]
FC(F)(F)c1nc2c(Cl)c(Cl)cc(Cl)c2[nH]1,[ 0.2609924   0.22264643 -0.5834052  -0.65574825  0.38421178]
