CC(=O)N1CCN(c2ccc(OC[C@H]3CO[C@](Cn4ccnc4)(c4ccc(Cl)cc4Cl)O3)cc2)CC1,[ 0.50019825  0.85984004 -0.8881647  -0.5146319  -0.30722305]
C=CC[NH+]1CCCC1CNC(=O)c1cc2n[nH]nc2cc1OC,[ 0.48394737  0.78985673 -0.02851527 -0.12227871 -0.38499105]
CC1[NH2+]Cc2cc(-c3ccc4c(=O)c(C(=O)[O-])cn(C5CC5)c4c3OC(F)F)ccc21,[ 0.5385253   0.8234956  -0.79982424 -0.7360898  -0.32068047]
CC(C)(C)CNC(=S)Nc1cccnc1,[-0.05146958  0.9001139  -0.68976086 -0.9405278  -0.21504554]
CN1C[C@@H]2c3ccccc3Oc3ccc(Cl)cc3[C@H]2C1,[-0.15913406  0.76946187 -0.4045751  -0.7014812  -0.60961443]
C[N+](C)(C)CC(O)CC(=O)[O-],[ 0.10892156  1.         -0.8142147  -0.89778346  0.74835753]
Cc1onc2c(=O)n(C)nc(-c3ccccc3)c12,[ 0.30726507  0.9545123  -0.86135787 -0.9426734  -0.30700526]
COP(=S)(OC)SC1CSC=CO1,[-0.35375854  0.64408714 -0.8699521  -0.70383406  0.06179538]
CCCN(CCC)c1c([N+](=O)[O-])cc(S(N)(=O)=O)cc1[N+](=O)[O-],[-0.06559283 -0.3050134  -0.7458975  -1.          0.24665922]
S=C=NCCN=C=S,[-0.12891047  0.77856046 -0.43989325 -0.50885934 -0.43672362]
CC(C)CCCC1CCC(C)(C(=O)NCC(=O)O)CC1,[ 0.38908607 -0.288563   -0.6005729  -0.80882204  0.10465796]
CC(=O)N(C)c1ccc(Nc2ncc3cc(-c4ccncc4)ccc3n2)cc1,[-0.00507186  0.7358856  -0.75908417 -0.98574585 -0.6223108 ]
O=C(Nc1cccc(Cl)c1)Nc1nnc(-c2ccncc2)s1,[ 0.10005268  1.         -0.70823914 -0.6980817  -0.19774367]
N=C(Nc1c([N+](=O)[O-])cnc2ccccc12)N1CCOCC1,[-0.21276598  0.7214373  -0.7229635  -0.98856467  0.2852499 ]
CN1CCN(C2=c3ccccc3=Nc3ccc(Cl)cc3N2)CC1,[-0.11753632  0.6109471  -0.24334049  0.26668587 -0.279823  ]
CCOc1ccccc1-c1ccc(-c2nc3ccncc3c(O)c2C#N)cc1,[ 0.6281624   0.7299768  -1.         -0.6157421   0.16887866]
CNC(=O)c1c(I)c(NC(C)=O)c(I)c(C(=O)[O-])c1I,[ 0.44771758  1.         -0.398995   -0.7577804  -0.40044805]
N#Cc1cccc(C#N)c1,[ 0.35665     0.89643615 -0.28617674 -0.7860682  -0.27662453]
CCCCN(CCCC)CCCC,[-0.215637    0.81350505 -0.81591445 -0.6487575  -0.43528202]
CC(=O)[C@H]1CC[C@H]2[C@@H]3CC[C@@H]4C[C@H](O)CC[C@]4(C)[C@H]3CC[C@]12C,[-0.2773775   0.92917603 -0.8770344  -0.97407377 -0.18619707]
C#CCN1C(=O)CN=C(c2ccccc2)c2cc([N+](=O)[O-])ccc21,[ 0.1529504   0.94179326 -0.97060376 -0.7442412  -0.26922676]
CCc1cc2c(s1)-n1c(C)nnc1CN=C2c1ccccc1Cl,[-0.02317071  1.         -1.         -0.97018343 -0.5534825 ]
CNC(=O)Nc1nnc(C(C)(C)C)s1,[-0.20225693 -0.948486   -0.5264113  -0.3581092  -0.17520545]
COc1ccc([N+](=O)[O-])cc1N,[-0.3526902   0.65087324 -1.          0.11585213 -0.5220618 ]
C=CCN1CCC23CCCCC2C1Cc1ccc(O)cc13,[ 0.59151226  0.40953115 -0.17359246 -0.9073243  -0.50749815]
C#CC(C)(O)C(O)c1ccccc1,[ 0.15267487  0.90331686 -0.88003886 -0.35147953 -0.01042539]
CNC(=O)/C=C(/c1ccc2nc(N)n(S(=O)(=O)C(C)C)c2c1)c1ccccc1-c1cccc2ccccc12,[-0.18380699  0.9814544  -0.81763244 -1.          0.6704532 ]
C[C@@](N)(Cc1ccc(O)c(O)c1)C(=O)O,[ 0.03302349  0.76492584 -0.4575985  -0.8845453  -0.2199417 ]
COP(=S)(OC)SCC(=O)N1CCOCC1,[ 0.42751446  0.48030338 -0.6967525  -0.0118842   0.05525006]
CN(C)C1C(O)=C(C(N)=O)C(=O)C2(O)C(O)=C3C(=O)c4c(O)cccc4C(C)(O)C3C(O)C12,[ 0.05684719  0.887117   -0.88114226 -0.8910623   0.5967102 ]
CC[C@@H]1OC(=O)[C@@H](C)[C@H](O[C@@H]2C[C@](C)(OC)[C@H](O)[C@@H](C)O2)[C@H](C)[C@H](O[C@@H]2O[C@H](C)C[C@H](N(C)C)[C@H]2O)[C@@](C)(O)C[C@@H](C)/C(=N\OCOCCOC)[C@H](C)[C@@H](O)[C@@]1(C)O,[ 0.24649842  0.7710177  -0.6609959   0.7264588  -0.06544327]
CCCCOP(=O)(OCCCC)Oc1ccccc1,[ 0.46316478  0.8597783  -1.         -0.89957225 -0.5003842 ]
CC(N)C(O)c1cccc(O)c1,[ 0.10011465  0.85044026 -0.8793552  -0.7076689   0.360062  ]
Cc1cccc(N)c1C,[-0.04177706  0.8567787   0.17734332 -0.44097865 -0.06694099]
NC(=O)[C@H](Cc1ccccc1)NC(=O)OCc1ccccc1,[ 0.33812436  0.9832605  -0.8523184  -0.79083043  0.40350196]
CCOc1cc(OCC)c(C(=O)CCC(=O)O)cc1OCC,[ 0.05884679  1.         -0.84420574 -0.8417326   0.41557887]
CC(C)CCI,[ 0.4961366   0.7558552  -0.54117364 -0.5787901  -0.06882023]
C[C@@H]1CC[C@H]2[C@@H](C)[C@@H](OC(=O)CCC(=O)O)O[C@@H]3OC4(C)CC[C@@H]1[C@@]23OO4,[-0.25350943  0.157854   -1.         -0.5962845   0.07122036]
FCOC(C(F)(F)F)C(F)(F)F,[ 0.05975221  0.5706163  -0.80645126  0.34095752  0.07227427]
O=C1c2cccc(S(=O)(=O)O)c2C(=O)c2c1cccc2S(=O)(=O)O,[ 0.36090973  0.39766726 -0.8640502  -0.84546983  0.04710437]
CCCCCC(O)C=CC1C(O)CC(O)C1CC=CCCCC(=O)O,[ 0.24430688 -0.3973659  -0.82510287 -0.439421    0.944584  ]
NC(=O)c1cnc(N[C@@H]2CCCC[C@@H]2N)nc1Nc1cccc(-n2nccn2)c1,[-0.5507442   0.89874387 -0.6367159  -0.80883884  0.14510332]
Cc1ccc(C(=O)c2ccc(CC(=O)NCC(=O)Nc3cccc(C)c3C)n2C)cc1,[ 0.30862904  1.         -0.53284544 -0.27588296 -0.2578171 ]
N#Cc1ccc2[nH]c(C(F)(F)F)nc2c1,[ 0.10153776  0.80291426 -0.5688678  -0.67745924 -0.17185509]
CC(C)(C)c1cc(CCC(=O)OCCSCCOC(=O)CCc2cc(C(C)(C)C)c(O)c(C(C)(C)C)c2)cc(C(C)(C)C)c1O,[ 0.19292405  0.97540444 -0.7994859  -0.83429694  0.08177727]
CC[C@H]1CN(Cc2cc(Cl)ccc2OCC(=O)O)CCN1S(=O)(=O)c1ccccc1,[ 0.13582626  0.4640825  -0.59507954 -1.         -0.06961353]
Cc1cc(=O)cc(-c2ccccc2)o1,"[ 1.4964046e-01  7.3629987e-01 -7.0636654e-01 -8.8601905e-01
 -7.6221075e-04]"
O=C1NC(c2ccc(Br)cc2)Nc2ccccc21,[ 0.45533276  0.7691056  -0.7495197  -0.7766419  -0.22973032]
N[C@H]1CCN(c2c(Cl)cccc2/C=C2\SC(=O)NC2=O)C1,[ 0.12230818  0.717107   -0.8060457  -0.89662987 -0.16165097]
COc1cc2nc(N3CCN(C(=O)C4COc5ccccc5O4)CC3)nc(N)c2cc1OC,[ 0.70802265  0.58618    -1.         -0.78530985 -0.8461083 ]
CC(Cl)(Cl)[N+](=O)[O-],[ 0.1343612   0.8624996  -0.7001431  -0.6822625   0.06232315]
CCCCCc1ccccc1O,[ 0.5240552   0.9365317  -0.63503176 -0.6651723  -0.17143604]
CN(C1CCCCC1)C1CCCCC1,"[-4.3801623e-04  6.3072896e-01 -8.2980895e-01 -9.6208811e-01
 -1.4911649e-01]"
O=C1CC2(CCCC2)CC(=O)N1CCCCN1CCN(c2ncccn2)CC1,[-0.03116466  0.72061753 -1.         -0.8608663   0.47139698]
CCOP(=S)(OCC)Oc1cccc(F)n1,[ 0.2744333   0.84537005 -0.8317801  -0.9041367   0.59539396]
CCn1cc(C(=O)O)c(=O)c2cc(F)c(N3CCN(C)CC3)cc21,[-0.07578497  0.8935341  -0.7623212  -0.40717846  0.20341988]
CCCCCCOC(=O)C(O)c1ccccc1,[ 0.4294725   0.60677695 -0.7967303  -0.5837742  -0.44914955]
CSCCC(OC(C)=O)C(=O)O,[ 0.49644858  0.79873216 -0.8086847  -0.93595827  0.5863365 ]
O=P([O-])([O-])C(Cl)(Cl)P(=O)([O-])O,[ 0.48815376  0.86262864 -0.77547514 -0.66595685 -0.18831612]
C=CCn1c(N)cc(=O)n(CC)c1=O,[ 0.0050233   0.73160625 -0.6539494  -0.5260176  -0.24927472]
C=CC1=C(C)/C(=C\c2[nH]c(Cc3[nH]c(/C=C4/NC(=O)C(C)=C4C=C)c(C)c3CCC(=O)O)c(CCC(=O)O)c2C)NC1=O,[-0.4284271   0.72713643 -0.49661276 -0.78731024 -0.4650676 ]
CCCN(CCC)c1c([N+](=O)[O-])cc(C(C)C)cc1[N+](=O)[O-],[-0.0015459  0.873843  -1.        -0.9380637  0.1923668]
C#CC(C)(C)NC(=O)c1cc(Cl)cc(Cl)c1,[ 0.03667609  0.7701399  -0.16440938 -0.44802448  1.        ]
O=C(OCC1CO1)c1ccccc1C(=O)OCC1CO1,[ 0.4706363   0.4390842  -0.71274066  0.5580413   0.36403635]
CC(C(O)c1ccc(O)cc1)[NH+]1CCC(O)(c2ccccc2)CC1,[-0.08045499  0.433284   -1.         -0.72950846 -0.01260582]
Cc1ccsc1C(=CCC[NH+]1CCCC(C(=O)[O-])C1)c1sccc1C,[ 0.07534502  0.6826542  -1.         -1.          0.04465447]
CC(=O)OO,[-0.21449593  0.8354222  -0.3374807  -0.7531306  -0.08259862]
CCCCCCCCCCCC(=O)OCC(O)C1OCC(O)C1O,[ 0.30276522  0.7749308  -0.69978696 -0.11420408  0.04286809]
C=C1CC1CC(N)C(=O)O,[-0.09784462  0.7003677  -0.7414749  -0.79928166  0.31295153]
CCCc1c(OCc2cccn3c(=O)c(CCC(=O)O)cnc23)ccc(C(C)=O)c1O,[ 0.08165621 -0.8365838  -0.20973103 -0.47414663  0.0503608 ]
CCC(CCCCOC(=O)c1ccccc1)COC(=O)c1ccccc1,[ 0.37574288  0.82900316 -0.71952    -0.8997478  -0.34337386]
CCOC(=O)COc1ccc(C(=O)CN2CCN(C3CCN(C(=O)OCOC(=O)C(C)(C)C)CC3)CC2=O)cc1,[ 0.22792782  1.         -0.71714336 -0.04209527  0.21374516]
CCc1nc2cc(O)ccc2c(Oc2ccc(/C=C/C(=O)O)cc2)c1-c1ccccc1,[ 0.12386104  0.7993634  -0.9806802  -0.5850502   0.17717993]
CC(C)c1cccc(C(C)C)c1O,[ 0.64579326  0.7173738   0.06314036 -0.7642494  -0.46721998]
CNC(=O)c1[nH]cnc1C(=O)Nc1ccc(Cl)cc1,[ 0.0595189   0.8416882  -0.78173614 -0.750222    0.06375629]
CC(=O)OC(C)OC(=O)C(C)c1ccc(-c2ccccc2)c(F)c1,[ 0.25793153  0.43777192 -0.7478539  -0.56672984  0.8644428 ]
Cc1ccc2c(c1)c(-c1ccnc3c(C)cccc13)c(C)n2CC(=O)O,[ 0.49000534  0.89886105 -0.37577432 -0.43850976 -0.39247856]
CCC(C)C(CC)C(N)=O,[ 0.27612528  0.87892807  0.71406585 -0.8168936  -0.0424498 ]
O=[N+]([O-])c1cc(Cl)c(N=Nc2ccc(N3CCS(=O)(=O)CC3)cc2)c(Cl)c1,[ 0.01230385  0.7871866  -1.         -0.56033564 -0.1109033 ]
CC(=O)Nc1ccc(CNc2[nH]nc3ccnc(Oc4ccccc4)c23)cc1,[ 0.29919738  0.70558774 -0.61013824 -0.6092954  -0.30618882]
O=C(O)c1ccccc1-c1c2ccc(=O)cc-2oc2cc(O)ccc12,[-0.14890553  0.91226685 -0.66693324 -0.7871522   0.6250404 ]
CC1(C)SCN(C(=O)C2(Oc3ccc(Cl)cc3)CCCCC2)C1C(=O)O,[ 0.03577926  0.6904105  -0.35094264 -0.506376   -0.39374512]
CC(=O)OCc1ccc(C(C)C)cc1,[-0.11117236  1.         -0.91979903 -0.91579366 -0.6127624 ]
CC(=O)NC(CS)C(=O)[O-],[ 0.25954384  0.6324131  -0.4756492  -0.8566848  -0.15045987]
CC=C(C(=O)NC(N)=O)C(C)C,[ 0.02095809  0.07693072 -0.5805348   0.80023026  0.23199402]
CCCOP(=O)(SCCC)SCCC,[-0.5327608   0.6088956   0.04629416 -0.78974295 -0.28767714]
O=C(CCCCCCC(=O)Nc1ccccc1)NO,[ 0.3395594  -0.1968631  -0.9836983  -0.96214926 -0.12002649]
CC(C)[C@H](C(=O)Nc1nccs1)c1ccc(Cl)cc1,[ 0.03791301  0.7965186  -0.94023204 -0.78739107  0.21169783]
Cc1cncc(C)n1,[-0.2553892  -0.1880856  -0.63220596 -0.83609676 -0.56697863]
C[C@@H]1NC(=O)[C@H](C)N(C)C(=O)[C@@H](C)N(C)C(=O)[C@H](C)NC(=O)[C@@H](C)NC(=O)[C@@H](C)N(C)C1=O,[ 0.03382165  0.9313651  -0.2464871  -0.4594137  -0.2576012 ]
CCOC(C)=Cc1oc2ccccc2[n+]1CCCS(=O)(=O)[O-],[ 0.23220381  0.6556639  -0.8794882  -0.6446475   0.2908452 ]
CC(=O)OC(C(=O)NC(N)=O)c1ccccc1,[ 0.24791068 -0.15105297 -0.7733404   0.25561514 -0.10276648]
Cc1cnc(NC(=O)C2=C(O)c3ccccc3S(=O)(=O)N2C)s1,[-0.01610692  0.57062376 -1.         -0.8998437  -0.29354012]
CCC(C(=O)N1CCCCC1C(=O)OC(CCc1ccc(OC)c(OC)c1)c1cccc(OCC(=O)NCCNC(=O)COc2cccc(C(CCc3ccc(OC)c(OC)c3)OC(=O)C3CCCCN3C(=O)C(CC)c3cc(OC)c(OC)c(OC)c3)c2)c1)c1cc(OC)c(OC)c(OC)c1,[ 0.05607222 -0.7628809  -0.55312186 -0.73294973 -0.14820018]
OC1(c2ccc(Cl)c(C(F)(F)F)c2)CCN(CCCC(c2ccc(F)cc2)c2ccc(F)cc2)CC1,[ 0.21467827  1.         -0.94716173 -0.85426795  0.25101995]
O=c1[nH]c2ccccc2n1CCCN1CCN(C(c2ccccc2)c2ccccc2)CC1,[ 0.34827513  0.7511832   0.34079027 -0.94359314  0.216596  ]
CN(C)CCCNCCCN(C)C,[ 0.11054162  0.02151578 -0.7200073   0.02572127  0.495908  ]
Cc1cnc(NCCCN(C)C)c2c1[nH]c1ccc3cc(O)ccc3c12,[ 0.08871099  0.9630346   0.3624163  -0.90046006  0.20729059]
CN(CC#N)N=O,[-0.08648054  0.8514117  -0.81080014 -0.84299684 -0.01587487]
CC(O)C#N,[-0.505248    0.7960918  -0.8000015  -0.95172966  0.34972125]
COP(=S)(OC)Oc1cc(Cl)c(Cl)cc1Cl,[ 0.39031306 -0.62427795 -0.71477854 -0.9261212  -0.41671196]
CCCCN1C(=O)c2cccc([N+](=O)[O-])c2C1=O,[ 0.30486682  0.5057658  -0.6008211  -0.65085477  0.53590924]
CCCCCCCCOC(C)=O,[-0.06093205  0.52419066 -0.7806166  -1.         -0.5315292 ]
CCS(=O)(=O)c1ccc(-c2cc(Cl)ccc2OCC(=O)O)cc1,[-0.79919267  0.70827043 -0.20958853  0.07678029  0.22274266]
COc1cc(C=CC(=S)N2CCOCC2)cc(OC)c1OC,[ 0.16276489 -0.33386368 -0.2961894  -0.7063621  -0.05005917]
O=C(CF)Nc1ccccc1,[-0.0072638   0.91147953 -0.7865183  -0.903181   -0.3664879 ]
CC(=O)CCCCCCCC(=O)O,[ 0.13575329  0.9761134  -0.8025307  -0.69166017 -0.47037178]
CC(C(=O)O)c1ccc(CC2CCCC2=O)cc1,[ 0.38676578  0.8324118  -0.61728984 -0.69863576  0.09143423]
O=c1c2nocc2c(-c2ccccc2)nn1-c1ccccc1,[-0.4598176   0.70650977 -1.         -0.9031111   0.01038779]
CCCCc1nc(Cl)c(CO)n1Cc1ccc(-c2ccccc2-c2nnn[nH]2)cc1,[ 0.28578869  0.77716273 -0.8433527  -0.14576836 -0.01886017]
Clc1ccc(C(OCCN2CCCCC2)c2ccccc2)cc1,[-0.17021012  0.8139032  -0.73607576 -0.8033367  -0.01655339]
CCCCC(CC)COCCO,[-0.25324407  0.76303786 -0.8466855  -0.5724725   0.18491282]
CC(COc1ccc(Cl)cc1Cl)C(=O)O,[-0.26348323  0.39626217 -0.97085845 -0.70877326  0.01360565]
O=C(O)COc1ccc(C(=O)CN2CCN(C3CCNCC3)CC2=O)cc1,[ 0.48813564  0.88767976 -0.8736775  -0.41781294 -0.44818124]
CN(C)CCC=C1c2ccccc2CCc2ccccc21,[-0.03296882  0.37352023 -0.35178846 -0.28706926  0.3460417 ]
C=C(Cl)C#N,[-0.24324818  1.         -0.8383138  -0.41936198 -0.6616393 ]
Nc1cc[n+]([O-])cc1,[ 0.13614808  0.92010087 -0.7711586  -0.7006031   0.80314565]
COc1ccc(N)c([N+](=O)[O-])c1,[ 0.09776945  0.945848   -0.75257355 -0.99421686 -0.02775636]
C=CC(=O)OCCOCCC#N,[ 0.27415556  1.         -1.         -1.          0.1020118 ]
N=C(NN=Cc1ccc(Cl)cc1)NN=Cc1ccc(Cl)cc1,[ 0.2997694   0.6348266  -0.36675277 -0.61350405 -0.09724119]
O=C1CC(N2C(=O)c3ccccc3C2=O)C(=O)N1,[ 0.32994857 -0.2560294  -0.5588271  -1.         -0.08410999]
CCCP(=O)(CCC)CCC,[-0.22755328  0.92297626 -0.63312864 -0.76554585 -0.0804192 ]
CN(CC=CC#CC(C)(C)C)Cc1cccc2ccccc12,[ 0.3159717   0.93109965 -0.59294605 -0.7668618  -0.27925664]
COc1cc(-c2cc(=O)c3c(O)cc(O)cc3o2)cc(O)c1OC,[ 0.28635082 -0.18008225 -1.         -0.7171463   0.04186028]
COc1ccc(C(=O)Nc2ccccc2CCC2CCCCN2C)cc1,[ 0.5102905   0.521836   -0.23838466 -0.8113687  -0.31141463]
COC(=O)c1cc([N+](=O)[O-])ccc1Cl,[ 0.27763793  0.91602576 -0.73133945 -0.85737056 -0.00926836]
CCOP(=O)(OCC)N(C)c1ccccc1,[ 0.4130364   1.         -0.90171355  0.32486525 -0.12655337]
CN[C@H](CC(C)C)C(=O)N[C@H]1C(=O)N[C@@H](CC(N)=O)C(=O)N[C@H]2C(=O)N[C@H]3C(=O)N[C@H](C(=O)N[C@H](C(=O)O)c4cc(O)cc(O)c4-c4cc3ccc4O)[C@H](O)c3ccc(c(Cl)c3)Oc3cc2cc(c3O[C@@H]2O[C@H](CO)[C@@H](O)[C@H](O)[C@H]2O[C@H]2C[C@](C)(N)[C@H](O)[C@H](C)O2)Oc2ccc(cc2Cl)[C@H]1O,[ 0.30958775  0.77749753 -0.6781137  -0.4608094   0.35024548]
CN(C)c1ccc(N=Nc2ccccc2)cc1,[-0.22524117  0.65106434 -0.36795416 -0.9092569  -0.35718006]
C1CN1P1(N2CC2)=NP(N2CC2)(N2CC2)=NP(N2CC2)(N2CC2)=N1,[-0.0611235   0.03615691 -0.57649726 -0.4803428   0.18296722]
CC(NC(C)c1ccccc1)c1ccccc1,[ 0.08353755  0.882865   -0.5117571  -0.69296134 -0.17344643]
CCC[C@@H](c1ccc(C(=O)O)c(Oc2cccc(Cl)c2)c1)N1CCC[C@H](n2cc(C)c(=O)[nH]c2=O)C1,[ 0.22066654  0.67547554 -0.753494   -0.42019403 -0.32130083]
CC[C@H](C)C(=O)O[C@H]1C[C@H](O)C=C2C=C[C@H](C)[C@H](CC[C@@H](O)C[C@@H](O)CC(=O)O)[C@H]21,[ 0.23762803  0.91691804 -0.5842603  -0.6097993  -0.44967848]
C[C@@H](NC(=O)C1CCCCN1C)c1ccc(Nc2ncc3cc(-c4ccncc4)ccc3n2)cc1,[-0.01081592  1.         -0.9755996  -0.6529972  -0.03547202]
CC1OC(n2ccc(NC(=O)c3ccc(NC(=O)C(C)(N)CO)cc3)nc2=O)CCC1OC1OC(C)C(N(C)C)C(O)C1O,[ 0.0936363   0.98084766 -0.8484736  -0.78079116  0.30583227]
CNC(=O)Oc1cc(C)c(N(C)C)cc1C(C)C,[ 0.53451353  0.8940829  -0.7897962  -0.12206487 -0.02089234]
O=C(O)C1N=C(c2ccccc2)c2cc(Cl)ccc2NC1=O,[ 0.24015674  0.30438858 -0.6848661  -0.7794643   0.06589559]
COc1cc(OC)c(S(=O)(=O)N2c3ccccc3CCC2C)cc1NC(=O)CSCC(=O)O,[-0.32259694  0.821275   -0.7710755  -0.65616953  0.78872275]
CCCCOC(=O)C1CC1OCCCC,[ 0.07849254  0.75151676 -0.6353779  -0.7034773   0.09469745]
CP(=S)(Oc1ccccc1)Oc1ccc(C#N)cc1,[ 0.47069412  0.5536156  -0.53880185  0.15407546  0.10029028]
CNC(=O)Oc1ccccc1C1OCCO1,[ 0.14690715  0.24243216 -0.33094183 -1.         -0.06503603]
C#CCN(C)c1ccccc1OC(=O)NC,[ 0.1636182  -0.18950808 -0.6795532  -0.94522446 -0.21190722]
Cc1ncc(C[n+]2csc(CCO)c2C)c(N)n1,[-0.10862509 -0.18054675 -0.7437243  -0.3059602   0.6617598 ]
CC(CC(=O)OC(C)(C)C)NC(=O)C1=NOC(C(O)(C(F)(F)F)C(F)(F)F)C1,[ 0.32433805  0.6209555  -0.7892175  -0.909864    0.26936302]
CC(=O)CCc1ccc(O)cc1,[ 0.42202172  0.86865515 -1.         -1.         -0.72620195]
ClCc1ccccc1,[ 0.33842894  0.6693483  -0.38978624 -0.82651794 -0.18380137]
O=NN(c1ccccc1)c1ccccc1,[ 0.3989247   0.85889554 -0.9768578  -0.6704903  -0.0248143 ]
CCOC(=O)C(CCc1ccccc1)NC(C)C(=O)N1C(C(=O)[O-])CC2CCCCC21,[ 0.12233415  0.75074536  0.7751437  -0.16352558 -0.4014664 ]
C=COC(=O)CCCCC(=O)OC,[ 0.26418614 -0.45539945 -0.5133676  -0.41857395  0.5842166 ]
[NH3+]CC1CCC(C(=O)[O-])CC1,[ 0.18121141  0.6672699  -0.76453686 -0.1198469  -0.15959737]
COc1ccc(Oc2ccc(NC(=O)N(C)C)cc2)cc1,[ 0.05384901  0.5811387  -0.47267738 -0.5649147  -0.31452385]
CCOP(=O)(Cl)Cl,[ 0.21755262  0.87908274 -0.815392   -0.5523158  -0.08550072]
CN(C)C(=O)Nc1ccc(Cl)cc1,[ 0.28117576  0.7231404  -0.7747068  -0.6551658   0.7233854 ]
Oc1nc(-c2ccccc2)nc2ccccc12,[ 0.4071178   0.16824692 -0.54234385 -0.40613353  0.28565094]
CCC(C(=O)O)c1ccc(CC(C)C)cc1,[-0.15509193  0.6709676  -0.8197717  -0.6403162   0.02620827]
Cc1cc(Cl)ccc1OCCCC(=O)O,[ 0.3287578   0.8867436  -0.9140945  -0.711359   -0.23012654]
CCCCCCCCCCCCNC(N)=S,[-0.17973953  0.957535   -0.8638003  -0.0759831  -0.24776536]
Cc1cccc([N+](=O)[O-])c1[N+](=O)[O-],[-0.24189855  0.9317044  -0.64944077 -0.48845682  0.54250896]
c1ccc([C@H]([C@@H](c2ccccc2)N2CCCCC2)N2CCCCC2)cc1,[-0.9718892   0.7087493   0.05530886 -0.4460063  -0.2901332 ]
COC(=O)C(C)NP(=O)(OC[C@@H]1C=C[C@H](n2cc(C)c(=O)[nH]c2=O)O1)Oc1ccc(I)cc1,[ 0.41438705 -0.16785464 -0.85710996 -0.85169715  0.12509638]
COCCOC(=O)CC#N,[ 0.29861358  0.9520403  -0.8637864  -0.9834371   0.03548353]
CCC1OC(=O)C(C)C(=O)C(C)C(OC2OC(C)CC([NH+](C)C)C2O)C(C)(OC)CC(C)C(=O)C(C)C2N(CCCCn3cnc(-c4cccnc4)c3)C(=O)OC12C,[-0.9509429   0.907309   -0.3688207  -0.8239338   0.30547705]
O=c1n(CC2CO2)c(=O)n(CC2CO2)n1CC1CO1,[-0.12967297  0.4849357  -0.97899306 -0.99103624 -0.12953478]
CC1(C)C(C=C(Cl)Cl)C1C(=O)OCc1c(F)c(F)c(F)c(F)c1F,[ 0.06055643  0.49937436 -0.21930659 -0.46750927 -0.08528318]
Brc1ccc2[nH]cc(CC3CCNCC3)c2c1,[ 0.20848466  0.8173993  -0.8895662  -0.80197644  0.10724676]
CON=C(Cc1cccnc1)c1ccc(Cl)cc1Cl,[-0.25901207  0.7036911  -0.8847913  -0.6558978   0.29804936]
CCOC(=O)CCC1(CCC(=O)OCC)c2ccccc2-c2ccccc21,[-0.29206666 -0.50320256 -0.9611382  -0.9075314  -0.09709933]
CNc1c(C(N)=O)cnc2[nH]c(-c3ccc(OCCN4CCOCC4)cc3)nc12,[ 0.05332857  0.7258279  -0.7355973  -0.7876197   0.24639502]
CC(C=O)=Cc1ccco1,[-0.11988743  0.9730906  -0.81052756 -0.82199824  0.71676224]
CCCCN(CCCC)SN(C)C(=O)ON=CC(C)(C)SC,[ 0.11779533 -0.17517321 -0.45532128 -0.59240717 -0.31662497]
Cc1ccc(C(=O)N(CCCN)[C@@H](c2nc3cc(Cl)ccc3c(=O)n2Cc2ccccc2)C(C)C)cc1,[ 0.10614927  0.6167481   0.36932784 -0.3976117  -0.24361145]
C[C@@H](NC1=CC(=O)CC1)c1ccc(Nc2ncc3cc(-c4ccncc4)ccc3n2)cc1,[ 0.0500038   1.         -0.464437   -0.3918441  -0.03939008]
NCCCCN,[ 0.504215    0.8046268  -0.6269198  -0.64494056  0.27402133]
Oc1ccc2[nH]c(C(F)(F)F)nc2c1,[-0.09937833  0.8710992  -0.42258543 -0.55549264 -0.2787731 ]
Cc1ccc2c(c1)c(-c1ccnc3cc(Cl)ccc13)c(C)n2CC(=O)O,[-0.00401826  0.30369747  0.2246171  -0.75638586  0.10970256]
CC(=O)O[C@H]1C[C@]2(O)[C@H]3CC[C@H]4C[C@H](O[C@H]5C[C@@H](O)[C@@H](O[C@H]6C[C@@H](O)[C@@H](O[C@H]7C[C@@H](O)[C@@H](O)[C@H](C)O7)[C@H](C)O6)[C@H](C)O5)CC[C@@]4(C)[C@H]3CC[C@]2(C)[C@H]1C1=CC(=O)OC1,[ 0.35429853  0.8435238  -0.2782313  -0.9716719  -0.3808929 ]
ClCc1cccc2ccccc12,[ 0.16753297  1.         -0.96909857 -0.9303467  -0.08148812]
C=C(OP(=O)(OC)OC)c1ccc(Cl)cc1Cl,[ 0.13031638  0.9624012  -0.7549357  -1.          0.50955534]
COC(=O)c1c(Cl)cccc1-c1cnc([C@@H](C)NC(=O)C2(NC(=O)C(F)(F)F)CC2)c(F)c1,[ 0.2940972   0.84847176 -0.83269423 -0.7000465   0.40379062]
CC(C)C(O)(c1ccc(OC(F)(F)F)cc1)c1cncnc1,[-0.28542662  0.6778918  -0.77380425 -0.34655988  0.10350755]
COc1ccc(-c2nc3ccc(C4=NNC(=O)CC4C)cc3[nH]2)cc1,[ 0.31210607  0.54920834 -0.51672906 -0.86039066 -0.39790434]
O=[N+]([O-])c1cc(Cl)ccc1Cl,[ 0.20673363  0.7216505   0.26800644 -0.13625802 -0.06601045]
O=c1cc(N2CCOCC2)nc2n(Cc3cccc(Cl)c3Cl)ccn12,[ 0.37908223  0.35890833 -0.13793305 -0.37951258  0.2625806 ]
C#CC1(O)C(CO)OC(n2ccc(N)nc2=O)C1O,[-0.6333675   0.7382296  -0.79986924 -0.63166755 -0.30774802]
CCC(C)(C)c1ccc(Cl)c(OC(=O)NC)c1,[ 0.3766644   0.8192405  -0.7791653   0.19392723  0.38348806]
C=CCC1/C=C(\C)CC(C)CC(OC)C2OC(O)(C(=O)C(=O)N3CCCCC3C(=O)OC(/C(C)=C/C3CCC(O)C(OC)C3)C(C)C(O)CC1=O)C(C)CC2OC,[ 0.3867667   0.44373822 -0.7902826  -0.878737   -0.31120563]
CCOC(=O)C(C)Oc1ccc(Oc2nc3ccc(Cl)cc3s2)cc1,[ 0.16954651 -0.519285   -0.44984707 -0.73361766 -0.16856088]
CC(C)Oc1ccc2c(=O)c(-c3ccccc3)coc2c1,[-0.22306073  0.821487   -0.93632114 -0.7515605  -0.34522113]
CCN(Cc1cc(C(F)(F)F)ccc1-c1cc(CC(=O)O)ccc1OC)C(=O)NCc1ccccc1,[-0.4328981   0.00594616 -0.65063363 -1.          0.30442718]
CCN(CC)c1ccc2cc(C(=O)NC3(C(=O)N[C@H](Cc4ccccc4)C(=O)NCC4CCN(CC5CCOCC5)CC4)CCCC3)sc2c1,[-0.29971406  0.19545025  0.40539488  0.57648504  0.64644736]
COc1cc(OC)c(S(=O)(=O)N2c3ccccc3CCC2C)cc1NC(=O)COCC(=O)O,[ 0.33557382  0.7582936  -0.9356832  -0.36592838 -0.08990255]
CN(C)C(=O)Nc1cc(C(C)(C)C)on1,[-0.41447097 -0.8693983  -0.8203024  -0.4029395  -0.19108318]
FC(F)(F)c1nc2c(I)cc(I)cc2[nH]1,[ 0.3092113   0.98326254 -0.74688095 -0.58680934  0.11500896]
CCOc1ccc([C@@H](C)Nc2nc(N3CCN(C(C)=O)CC3)nc3c2CN(C(C)C)C3=O)cc1,[-0.4411468   0.3965218  -0.3410711  -0.49770895 -0.17217392]
CCN(CCO)C(=O)c1oc2cccnc2c1-c1cccc(C(F)(F)F)c1,[ 0.26606318  0.8324437  -0.19257574 -0.29271466 -0.07960387]
Clc1ccc(Cl)c(Cl)c1,[-0.35314503  0.63857853 -0.8846739  -0.8161801   0.08259541]
CC(=O)OC(C(Cl)(Cl)Cl)P(=O)(Oc1ccccc1)Oc1ccccc1,[-0.09597754 -0.06204849 -0.08677511 -0.74705666 -0.06591019]
CN(CCCOCCOCCc1ccccc1)CCc1ccc(O)c2nc(O)sc12,[-0.4305239   0.7751408  -0.11407629 -0.77637845 -0.05446981]
CNC(=O)Oc1ccc(Cl)c2c1OC(C)(C)C2,[-0.20264906  0.28088713 -0.713366   -0.70719707 -0.36851868]
CC=CC(C)=O,[ 0.57045585  0.40787384 -0.13909674 -0.52248883 -0.6602681 ]
COCc1ccc2c(C(C(=O)NS(=O)(=O)c3ccc(C)cc3OC)c3ccc4c(c3)OCO4)cn(C)c2c1,[-0.16631216  0.6853446   0.98335284 -0.7568811  -0.35644612]
COc1cc2c3c(c1O)C1(C=CC(=O)C=C1)CC3N(C)CC2,[ 0.1751483  -0.12759942 -0.71133626 -0.1593382   0.16913307]
CCN(CC)c1ccc2c(C)cc(=O)oc2c1,[ 0.6656665  -0.07257028 -0.24253616 -0.7268836   0.5914557 ]
COc1ccccc1Oc1c([N-]S(=O)(=O)c2ccc(C)cn2)nc(-c2ccncc2)nc1OC,[ 0.23411623  0.71080047 -0.6817047  -0.7223278   0.02972405]
C=CCNC(=S)Nc1ccccc1,[-0.12055939 -0.5004705  -0.59516174 -0.7270619  -0.0435867 ]
C[C@@H]1NC(=O)[C@@H](C)N(C)C(=O)[C@@H](C)N(C)C(=O)[C@H](C)NC(=O)[C@H](C)N(C)C(=O)[C@@H](C)N(C)C1=O,[ 0.32233778  0.15722115 -0.67448884 -0.45575985  0.02475138]
Cc1c(Cl)c([N+](=O)[O-])c2[nH]c(C(F)(F)F)nc2c1[N+](=O)[O-],[ 0.03788661  0.38016877 -0.8939093  -0.7108279  -0.02720353]
NCCCNCCSP(=O)(O)O,[ 0.49853256 -0.3329285  -0.7397181  -0.61840653 -0.00390309]
CCCCOP(=O)(O)OCCCC,[ 0.59067875 -0.17816626 -0.9270918  -0.75135     0.00427196]
CS(=O)(=O)c1nc(-c2ccc(F)cc2)n(-c2ccc(Cl)cc2)n1,[-0.1799381   0.8899009  -0.6802786  -0.6998295   0.04783565]
CC(C)(O)c1ccc(Nc2nc3ccc(C#N)cc3[nH]2)cc1,[ 0.2789021  -0.19181766 -0.9245515  -0.47501433  0.13676956]
CN1CCC(=C2c3ccccc3Sc3ccccc32)CC1,[ 0.2604642   0.85701406 -0.82454556 -0.60578203 -0.12005872]
Fc1ccc(Br)cc1,[-0.21203662  0.7789373  -0.77524513  0.6017219  -0.04575098]
C[C@@H]1CN(Cc2ccc(F)cc2)CCN1C(=O)COc1ccc(Cl)cc1NC(N)=O,[-0.08318475  0.6959467  -1.         -0.9504055   0.7059947 ]
Cc1ccc(OP(=O)(Oc2ccccc2)Oc2ccccc2)cc1,[-0.16458203  0.67555475 -0.8433161   0.127924   -0.07616036]
ClCCCBr,[ 0.12274264  0.33513266  0.3155792  -0.9709742  -0.00951438]
CCc1ccc2[nH]c(C(F)(F)F)nc2c1,[ 0.2250212  -0.23535833 -0.8779504  -0.70984     0.1536699 ]
CCCCOC(=O)c1ccc(-n2nc(OCCN3CCCCC3)c3ccccc32)cc1,[-0.17103732  0.95345676 -0.41496572 -1.         -0.1740334 ]
NC(=O)CF,[-0.15699281  0.75977874 -0.8963122  -0.7736887   0.61114615]
O=[N+]([O-])OCC(O)CO,[ 0.20375445  0.8642812  -0.47884527 -1.         -0.24904823]
O=C(O)CCC(=O)c1ccc(-c2ccccc2)cc1,[-0.06587987  0.56932694 -0.69591063  0.5541162  -0.2362659 ]
C#CC(C)(C)O,[ 0.33020803  0.7291225  -0.8324358  -0.09227521 -0.15386125]
NC(=S)NNCNNC(N)=S,[-0.45794368  0.90317404 -0.87982655 -0.60852987 -0.22098224]
CSC(C)=NOC(=O)N(C)SN(C)C(=O)Oc1ccc(OC(=O)N(C)SN(C)C(=O)ON=C(C)SC)cc1,[ 0.26103836  0.92071986 -0.69924617 -0.863956   -0.2747283 ]
COc1cc2nc(N3CCN(C(=O)c4ccco4)CC3)nc(N)c2cc1OC,[ 0.2742293   0.01243219 -0.76592433 -0.45040447  0.10288307]
C=CC(=O)OCCOCCOC(=O)C=C,[ 0.3510255   0.66535807  0.16764896 -0.69157547 -0.25895447]
O=C(O)c1cccc(Cl)n1,[-0.41596282  0.9053064  -0.66871434 -0.5564482  -0.17003936]
COc1ccc(CC(C)=O)cc1,[ 0.28550586  0.5030834  -0.4609075  -0.685764    0.5451244 ]
CO/N=C(/C(=O)NC1C(=O)N2C(C(=O)[O-])=C(C[N+]34CCC(C(N)=O)(CC3)CC4)CSC12)c1nsc(N)n1,[ 0.2669534   0.7620222  -0.7622228  -0.87612045  0.16669217]
COc1ccc2ncc(=O)n(CCN3CC[C@@H](NCc4ccc5c(n4)NC(=O)CO5)[C@@H](F)C3)c2c1,[ 0.3049483   0.93229157 -0.2499862  -0.6593777  -0.2941099 ]
C=C(C)CN(CC)c1c([N+](=O)[O-])cc(C(F)(F)F)cc1[N+](=O)[O-],[ 0.02879434  0.85748404 -0.90267    -0.06272068 -0.20160377]
Cc1cc(C)c(C)cc1C,[ 0.42714077  0.9314281  -0.38672572 -0.89446086  0.05857899]
O=[N+]([O-])c1ccccc1Cl,[-0.03538333  0.82276165 -0.814601   -0.56613     0.21603444]
CN(C)C(=O)C(CCN1CCC(O)(c2ccc(Cl)cc2)CC1)(c1ccccc1)c1ccccc1,[ 0.28323773  0.81969506 -0.527414   -0.17524709 -0.22938137]
CCC(C)(C)C1CCC(=O)CC1,[ 0.24990283  0.64875144 -0.33778578 -0.28997797 -0.0707659 ]
Cc1cc(Sc2cc(C)c(O)c(C(C)(C)C)c2)cc(C(C)(C)C)c1O,[ 0.31877124  0.8540969  -0.18012853 -0.71983826 -0.21328737]
Nc1nc(O)c(Cl)c(-c2ccccc2)n1,[-0.01081414  0.32006112 -0.9678989  -0.8138585  -0.5308883 ]
CN1CN(CCO)CSC1=S,[ 0.18643823  0.8540609  -0.54921    -0.6530327  -0.06267811]
CC(C)CCC(C)Nc1ccc(Nc2ccccc2)cc1,[-0.06965128  0.41658697 -0.6087888  -1.         -0.08040705]
CN(C)NC(=O)CCC(=O)O,[ 0.10430028  0.32601115 -1.         -0.33361635 -0.3471802 ]
Nc1cc2c(S(=O)(=O)O)cc(S(=O)(=O)O)cc2cc1S(=O)(=O)O,[ 0.26776665  0.9601459  -1.         -0.80487937 -0.39027315]
Cc1c(F)cc(C(=O)NC2CC2)cc1-c1ccc(C(=O)NCC(C)(C)C)cn1,[-0.02088476  0.39447236 -1.         -0.82679284  0.8242371 ]
O=C(c1csc2c1CCCC2)N1CCCCC1,[ 0.01518353  0.8523956  -0.7519635  -0.76747495 -0.03202475]
CN=C=S,[ 0.3299849   0.4671571  -0.7631      0.3328985  -0.46730694]
COP(=S)(OC)Oc1ccc(S(N)(=O)=O)cc1,[ 0.2361423   0.3371058  -0.96798074 -0.97867876  0.5105214 ]
CSCCNc1nc(SCCC(F)(F)F)nc2c1ncn2C1OC(COP(=O)([O-])OP(=O)([O-])C(Cl)(Cl)P(=O)([O-])[O-])C(O)C1O,[-0.6034379   0.7204226  -0.77073747 -0.4181224  -0.1365427 ]
c1ccc2[nH]c(-c3cscn3)nc2c1,[ 0.47378787  0.758808   -0.6384861  -0.27734184 -0.03856778]
NS(=O)(=O)c1cc2c(cc1Cl)NCNS2(=O)=O,[ 0.19439788  0.25116464 -0.1409477  -0.756869    0.5992582 ]
Cc1c(-c2c(C)c(N)c3c(C(C)C)c(O)c(O)c(C=O)c3c2O)c(O)c2c(C=O)c(O)c(O)c(C(C)C)c2c1N,[-0.35432395 -0.38854298 -0.7769846  -0.9008369  -0.2007497 ]
O=[N+]([O-])c1ccc(O)c(CNCCO)c1,[ 0.47705293  0.70125633 -0.8924522  -0.5408764   0.33206105]
CCC(C(=O)O)C1(O)CCCCC1,[-0.32206118 -0.06076379 -0.5976133  -0.52736884 -0.18772459]
O=C(O)[C@@H](c1ccccc1)N1CCC(CN2CCC(Oc3ccc(Cl)c(Cl)c3)CC2)CC1,[ 0.7404088  0.9317248 -0.8394845 -0.1587547 -0.5742584]
Nc1nc2c(Cc3cccnc3)c[nH]c2c(=O)[nH]1,[ 0.08486626  1.         -0.31100705 -1.          0.00209787]
ClCC(Cl)=C(Cl)Cl,[ 0.4046204   0.7243361  -0.6991496  -0.88728625 -0.13881445]
CC(=O)N(C)C,[ 0.6138301   0.46702743 -0.7304018  -0.7074765  -0.6445833 ]
O=C(/C=C/c1ccc(O)c2c1C(C(=O)O)C(c1ccc(O)c(O)c1)O2)OC(Cc1ccc(O)c(O)c1)C(=O)O,[ 0.34671018  0.77881956 -0.6568678   0.7142928  -0.20534085]
Cc1ccc(S(=O)(=O)Nc2c(C(=O)NC3CCCCC3)c(C)nn2-c2ccccc2)cc1,[-0.29879963  0.7178266  -0.92646277 -0.6839325  -0.08469926]
Nc1ncc2cc(-c3c(Br)cccc3Br)c(N)nc2n1,[-0.35013983  0.8681899  -0.8066784  -0.7448671  -0.16744263]
CCOC(=O)NCCOc1ccc(Oc2ccccc2)cc1,[-0.25477695  0.9553742  -0.8696116  -0.20895393 -0.18331236]
Cn1c(=O)sc2cccc(Cl)c21,[-0.16373833  0.8624663  -0.32919663 -0.81240726 -0.36182916]
Fc1cc(-c2cccc3ncc(-c4cnn(C5CCNCC5)c4)nc23)cc(F)c1CN1CCOCC1,[ 0.22825572  0.8198607   0.35711926 -0.14302279 -0.16456476]
CCCSP(=S)(OC)SCCC,[ 0.41431025  0.85180736 -0.16897935 -0.35740086 -0.13244453]
CC(C)(C)NC[C@H](O)COc1nsnc1N1CCOCC1,[-0.23509514  0.7877132  -0.62214434 -0.20674953 -0.1723473 ]
CCC(CC)C(=O)OCCOCCOCCOC(=O)C(CC)CC,[ 0.19934987  0.48897564 -0.37268904 -0.19342342  0.12075172]
COc1ccc(CC2c3cc(OC)c(OC)cc3CCN2C)cc1OC,[ 0.23493071  0.8902145  -0.8629349  -0.7677114   0.6736162 ]
Oc1ccc(O)cc1,[-0.13893093  0.81291485 -0.58240646 -0.24578443 -0.27007046]
CC(=O)Oc1cccc(Oc2ccc(C(F)(F)F)cc2Cl)c1,[ 0.39387527  0.23976241 -0.6567958  -0.7667545  -0.17257753]
CC[C@@]1(O)C(=O)OCc2c1cc1n(c2=O)Cc2cc3c(CN(C)C)c(O)ccc3nc2-1,[-0.4438412   0.8091846  -0.8558088  -0.6696717   0.19921842]
CC([NH3+])Cc1ccccc1,[-0.01396648  0.8839742  -0.79627645 -0.967072   -0.28638145]
CN(C)C(=O)N(C)N=O,[ 0.18506043  0.6779944  -0.67615575 -1.         -0.1637144 ]
C=C(CC(=O)c1ccc(-c2ccccc2Cl)cc1)C(=O)O,[ 0.16311204  0.8535461  -0.8818287  -0.46729863  0.3832001 ]
CC(C)=CCOC(=O)c1ccccc1,[ 0.25944838  0.62147206 -0.6318583  -0.40601158  0.17052005]
CC(C)CN,[-0.64011616  1.         -1.         -0.7845298   0.11869674]
c1ccc(C2CO2)cc1,[ 0.03961706  0.6858802  -0.3930448  -0.81349814 -0.48447073]
C1CCC2CCCCC2C1,[ 0.2932664   0.21406692 -0.7175939  -0.88593036  0.17751302]
COP(=S)(OC)SCc1nc(N)nc(N)n1,[ 0.4756259   0.8206311  -0.8278166  -0.12174496 -0.16574639]
COC(=O)c1cc(Oc2ccc(Cl)cc2Cl)ccc1[N+](=O)[O-],[ 0.04243318 -0.45520645 -1.         -0.9987567  -0.31375706]
c1c[nH]cn1,[ 0.5119539   0.8653921  -0.42401624  0.08373377 -0.3174611 ]
ClCC1C(CCl)C2(Cl)C(Cl)=C(Cl)C1(Cl)C2(Cl)Cl,[ 0.701958    0.6968457  -0.736328   -0.5998854  -0.03699033]
NCCCC[C@H](N[C@@H](CCc1ccccc1)C(=O)O)C(=O)N1CCC[C@@H]1C(=O)O,[-0.2670246   0.6622187  -0.81251276 -1.         -0.27809438]
C[NH+]1CCOC(c2ccccc2)c2ccccc2C1,[ 0.27306995  0.3719103  -0.7046414   0.3509775   0.22991066]
Cc1ccc2c(c1)c(S(=O)(=O)c1ccc(Cl)cc1)c(C)n2CC(=O)O,[ 0.5101881   0.10887863 -0.9435317  -0.16016765 -0.22831781]
CO/N=C(\C(=O)N[C@@H]1C(=O)N2C(C(=O)O)=CCS[C@H]12)c1csc(N)n1,[ 0.01596931 -0.03611247 -0.3942614  -0.18274416 -0.20468958]
O=C(c1ccc(Cl)cc1)c1ccccc1-c1ncc[nH]1,[ 0.04869917  1.         -1.         -0.699598    0.32487202]
C[C@H](CSN=O)C(=O)N1CCC[C@@H]1C(=O)O,[ 0.10072462  0.77366763 -0.82154965 -0.16004215  0.04005497]
CC(=O)OC(C)(C)C1CC=C(C)CC1,[ 0.32582793  0.8695611  -0.3667941  -0.9294107  -0.33963957]
O=C(O)CC(CC1CCN(C(=O)CCc2ccc3c(n2)NCCC3)CC1)C1CNc2ccccc2C1,[ 0.35038403  0.5623819   0.51391244 -0.9320923   0.37959382]
NC(=O)N1C(=O)C(C(=O)c2cccs2)c2cc(Cl)ccc21,[-0.48879606  0.03740855 -0.78153896 -0.48860276 -0.39965457]
O=C(CN1CCNCC1)NN=Cc1ccc([N+](=O)[O-])o1,[-0.05374159 -0.45250204 -0.8421869  -0.8111039   0.011793  ]
CCC(C)c1ccccc1,[ 0.20252214  0.77351743 -0.8784858  -0.10303437 -0.54262775]
COCCOCCOC(C)=O,[ 0.4009843   0.7973788  -0.34885705 -0.46567008  0.17579722]
C=CCN(C(=O)Cn1nc(C)ccc1=O)C(C)Cc1ccccc1,[ 0.5503033   0.6608871  -0.77449584 -0.81667745  0.07191892]
CCOP(=S)(OCC)Oc1cc(C)n(CC)c(=O)c1,[ 0.23879662  0.829855   -0.7645012  -0.6466331  -0.35473678]
CC1CCCCC1NC(=O)Nc1ccccc1,[ 0.4099987   0.61651695 -0.61068714 -0.667563   -0.48027343]
CCCCCCCCCCOc1c(OC)cc(C(N)=O)cc1OC,[ 0.2925342   0.40366295 -0.5204008  -0.7183172   0.04103595]
O=C(Nc1ccc(Cl)c(C(=O)Nc2cccnc2)c1)c1cccc(C(F)(F)F)c1,[ 0.5402888   0.82985646 -0.44802895 -0.25853345 -0.37542003]
CN(C)CCOCCOCCN(C)C,[-0.02155937 -0.90744865 -0.91217655 -0.7743118  -0.09123363]
CC(C)C(CCC(C)C1CCC2C3C(O)CC4CC(NCCC[NH2+]CCCC[NH3+])CCC4(C)C3CCC12C)OS(=O)(=O)[O-],[-0.09186674  0.9803074  -0.87569124 -0.91303736 -0.2126659 ]
C=CC(=O)OCCOC(=O)c1ccc(C(=O)O)cc1C(=O)O,[-0.26104683 -0.05346145  0.368475   -1.         -0.3013662 ]
CCc1c2c(nc3ccc(O)cc13)-c1cc3c(c(=O)n1C2)COC(=O)[C@]3(O)CC,[-0.09338719  0.968358   -1.         -0.7119895  -0.13603064]
COc1cc(OC)c(S(=O)(=O)N(c2ccccc2)C(C)C)cc1NC(C)=O,[-0.41053542  0.29986545 -0.75618273 -0.476092   -0.14763236]
CC(CO)Oc1ccccc1,[ 0.08164482  0.8406206  -0.89078665 -0.80214584 -0.5521688 ]
COCc1c(C(C)C)nc(C(C)C)c(/C=C/[C@@H](O)C[C@@H](O)CC(=O)O)c1-c1ccc(F)cc1,[ 0.30467615  0.7653256  -0.95006996 -0.7367803  -0.23895594]
CN(C)c1ccc(C(O)(c2ccc(N(C)C)cc2)c2ccc(N(C)C)cc2)cc1,[-0.11090922  0.65083    -0.63765854 -0.496991    0.04012716]
O=C(CSc1nc2c(c(=O)n1-c1ccccc1)SCC2)Nc1ncc(-c2ccccc2)s1,[ 0.42332768  1.         -0.8318984  -0.6386121  -0.3287972 ]
CCC[NH+]1CCCCC1C(=O)Nc1c(C)cccc1C,[ 0.20746186  0.5951772  -0.7271866  -0.6495398  -0.14784788]
CC1(C)C(=O)N(CO)C(=O)N1CO,[-0.0745898   0.61107993  0.5087354  -0.24114406 -0.21529074]
CC1CCC(C(C)C)C(O)C1,[ 0.3150667   0.8413496  -0.89754176 -0.62072283 -0.40880704]
CCC(C)N(C)C(=O)c1cc2ccccc2c(-c2ccccc2Cl)n1,[ 0.57343775  0.96599853 -1.         -0.77886593 -0.39718986]
CN(C)CCOc1cc(NS(=O)(=O)c2c(Cl)cc(C(F)(F)F)cc2Cl)ccc1Cl,[ 0.02781544  0.70122784 -0.44738317 -0.670316   -0.21779987]
COP(=S)(OC)Oc1nc(Cl)c(Cl)cc1Cl,[ 0.05300939  0.6043482  -0.8492171  -0.7241348  -0.22325669]
Cc1ccc(Nc2ccc(Nc3ccc(C)cc3)c3c2C(=O)c2ccccc2C3=O)cc1,[ 0.4066887  -0.214926   -0.78020364 -0.45458817 -0.05551668]
O=CC1=CCCCC1,[ 0.00986138  0.7118286  -0.15091258 -0.18027902  0.07675367]
COc1ccc2ccc(=O)n(CCN3CCC(NCc4cc5c(cn4)OCCO5)CC3)c2n1,[ 0.07867431  0.11087384 -1.         -0.6700921   0.10544984]
CCOC(=O)Cl,[-0.21790756 -0.05703767 -0.70934385 -0.17967471 -0.14591703]
S=c1[nH]cnc2nc[nH]c12,[-0.11044242  0.48139942 -1.         -0.98616934 -0.05870935]
CC(CN1CC(=O)NC(=O)C1)N1CC(=O)NC(=O)C1,[-0.41079938  0.9193369  -0.98117024 -0.9570159  -0.10486017]
CCOC(=O)CCC[Si](C)(OCC)OCC,[ 0.52611554  0.96602356 -0.63857293 -0.68247867 -0.34670714]
N#CCCCCC#N,[ 0.03368872  0.8185239  -0.8232583  -0.73828554 -0.30333614]
CCCCSN(C)C(=O)Oc1cccc2c1OC(C)(C)C2,[ 0.40110835  0.75201124 -0.26444098 -1.          0.57383996]
COc1cc2ncnc(Nc3ccc(F)c(Cl)c3)c2cc1NC(=O)/C=C/CN1CCCCC1,[ 0.18875405  0.8221563  -0.69413507 -0.7219368  -0.5596927 ]
CC(C)OCCO,[-0.32442623  0.43484    -0.56129396 -0.89473426  0.00548033]
CC(C)(C)c1nnc(NS(=O)(=O)c2ccccc2)s1,[ 0.6129669   0.8277581  -0.79065496 -0.41396934  0.14105569]
CCCCCCCc1ccccc1O,[ 0.37972084  0.765683   -0.49746794 -0.89857626 -0.39255366]
Nc1cc(Cl)ccc1O,[ 0.32902497  0.46646464  0.46469983 -0.65866077 -0.22570057]
CN(C)C1CC(c2ccccc2)c2ccccc21,[ 0.18120562  0.83993155 -1.         -0.54231197 -0.23035714]
CN(C)CCC(c1ccc(Cl)cc1)c1ccccn1,[ 0.5978744   0.8901968  -0.7472421   0.18897192 -0.46488917]
CC1CCN(C(=O)CC(Cc2cccc(C(=N)N)c2)NS(=O)(=O)c2ccc3ccccc3c2)CC1,[ 0.4289714  -0.07948134 -0.727762   -0.5319311   0.10206378]
CC(C)(O)c1ccccc1,[ 0.3716971   0.8374303  -0.96090573  0.42519522 -0.17245227]
Cc1ccc(S(=O)(=O)Nc2c(C(=O)N[C@@H](C)C(C)(C)C)c(C)nn2C(C)C)cc1,[-0.2672638   0.73116046 -0.79906553 -0.7305709  -0.46380678]
NC(=O)CCCCC1CCSS1,[ 0.21198227  0.52729565 -0.26808804 -0.8430238   0.0382097 ]
O=C(CCC(=O)OC1CCCCC1)OC1CCCCC1,[ 0.23973833  0.76229674 -0.27930805 -0.1891552   0.04926875]
CCCCOCC1CO1,[-0.06217957  0.31160364 -0.9028418  -0.8086269  -0.26160315]
CNCC(O)c1cccc(O)c1,[ 0.05314816  0.6558705   0.09042448 -0.75645715 -0.32450786]
CC(O)COC(C)CP(CC(C)OCC(C)O)CC(C)OCC(C)O,[-0.06690235  0.69508696 -1.         -1.          0.06442449]
CN1c2ccccc2C(NCCCCCCC(=O)[O-])c2ccc(Cl)cc2S1(=O)=O,[-0.7278332   0.82786    -0.382565   -0.71395487 -0.21158777]
CCOc1cc2ncc(C(N)=O)c(Nc3ccc(F)cc3F)c2cc1N1CCN(C2CC2)CC1,[-0.15037858  0.07783719 -0.28354263  0.25873092 -0.02322143]
C=C(C)C(=O)OCCC[Si](OC)(OC)OC,[-0.34828806  0.8689977  -0.8285817  -0.82046837 -0.16897334]
Cc1cc(Cl)ccc1OCC(=O)Nc1ccccc1,[ 0.17909192  0.90312505 -0.76833034 -0.70536065 -0.4617139 ]
CC(CN1CCOCC1)C(C(=O)N1CCCC1)(c1ccccc1)c1ccccc1,[-0.47625297  0.93582904 -0.98775387 -0.8574487  -0.02103236]
OC[C@@H]1CC[C@H](n2cnc3c(O)ncnc32)O1,[ 0.4205354   0.7688159  -0.81457615 -0.52361023 -0.0071767 ]
OCCOCCOCCOCCO,[ 0.21961501  0.8711802  -0.5316779  -1.         -0.2004385 ]
ClC(Cl)(Cl)c1cccc(C(Cl)(Cl)Cl)c1,[-0.09511435  0.8855243  -0.7715409  -0.9186787  -0.5483076 ]
O=C(OCC=Cc1ccccc1)c1ccccc1,[-0.29289514  0.7848787  -0.87420577 -0.81528157 -0.3297154 ]
COC(=O)c1ccccc1N=NN(C)C,[ 0.03818417  0.96819866 -0.8907031  -0.6395073  -0.320263  ]
O=C(CCl)CCl,[-0.07157288  0.963534   -0.6034458  -0.4854854  -0.40306652]
CC(O)C1C(=O)N2C(C(=O)[O-])=C(SC3CCS(=O)C3)SC12,[-0.18669899  0.36204392 -0.7069804  -0.6468463   0.17837918]
O=CC=CC1CO1,[ 0.3283038   0.74949384 -0.7487483  -0.8095942   0.25007027]
C=C(C)c1ccc(C(C)(C)N=C=O)cc1,[ 0.05229576  0.8255441  -0.5576557  -0.7112728  -0.39365983]
Nc1cccc(N)c1,[ 0.1802636   0.9946561   0.24174054 -0.657251   -0.15882917]
CC=Cc1ccc(OCc2ccccc2)c(OC)c1,[ 0.31732067  0.9250778  -1.         -0.595377   -0.30326766]
CN1CCN(c2ccc3ncc(C(N)=O)c(Nc4ccc(Cl)c(Cl)c4)c3c2)CC1,[-0.10226971  0.808762   -0.7536533  -0.19818516 -0.02115083]
Oc1c(Cl)c(Cl)cc2[nH]c(C(F)(F)F)nc12,[ 0.23836248  0.83006537 -0.7714889  -0.65621996  0.31470734]
CN(C)S(=O)(=O)CCCCCNC(=O)N(CCCl)N=O,[-0.36482394  0.70343566 -0.5041319  -0.7270025  -0.20405796]
CN(C)N=Nc1ccc(I)cc1,[ 0.17208853 -0.4769759  -0.7480008  -0.75583196 -0.17776726]
CC1(C)C2CCC1(C)C(O)C2,[-0.12065768 -0.90448374 -0.7625045  -0.867793   -0.05512151]
CC(C)CCOC(CO)CC(C)C,[ 0.17945784  0.60019374 -0.70917386 -0.7613732  -0.47506863]
S=C1NCCNC(=S)S1,[-0.00365104  0.8598553  -0.68282497 -0.79221964 -0.52224284]
C=CC(=O)OCCOCC,[ 0.5004514   0.6203888  -0.7028997  -0.5641339   0.06301653]
C1C[SiH2]C1,[ 0.34434798  0.57340765 -0.6445098  -0.9489453  -0.01567472]
CC(C)CNC(=O)NS(=O)(=O)c1ccc(Cl)cc1,[-0.31740317  0.7042151  -0.7638892  -0.3818704  -0.29629102]
CC1(C)CC(NC2CC(C)(C)NC(C)(C)C2)CC(C)(C)N1,[ 0.5583432  -0.85645425 -0.75597906 -0.38274446 -0.03550554]
O=[N+]([O-])c1cc(Cl)c2nc(C(F)(F)F)[nH]c2c1,[ 0.3182108   0.62890106 -0.76303536 -0.915167    0.06184859]
CCCOC(=O)c1ccc(C(=O)OCCC)nc1,[ 0.07686898  0.05315268 -0.07176481 -0.75215995 -0.04526013]
COCCOCc1ccccc1,[ 0.45594296  0.8839068  -0.85803086 -0.5664227  -0.0015397 ]
[O-][n+]1onc2c1c1no[n+]([O-])c1c1no[n+]([O-])c21,[ 0.32099938  0.62328696 -1.         -0.80935645 -0.13947316]
NCC1CCC=CO1,[-0.17938875  0.02967624 -0.4653383  -0.96315694  0.06659989]
CCC(CC)(C(=O)O)c1cccc2ccccc12,[-0.26948938  0.7753657  -0.74239534 -0.977062    0.11732767]
COC1CCC=CO1,[-0.23282778  0.8952272  -0.8976117  -0.45442528  0.2954347 ]
O=P(O)(O)C(O)(Cn1ccnc1)P(=O)(O)O,[-0.1506528   0.66377825 -1.         -0.79578584  0.00206047]
CNNC,[ 0.41955337  0.31541958 -0.7152951  -0.639047    0.1556474 ]
O=C(O)CCC(=O)OC1CCCCC1,[ 0.31120214  0.8674071  -0.8007751  -0.37395626 -0.3851763 ]
Nc1nc2c(ncn2COCCO)c(=O)[nH]1,[ 0.34927997 -0.08152695 -0.76247066 -0.12879442  0.4557791 ]
C[NH+]1CCc2cccc3c2C1Cc1ccc(O)c(O)c1-3,[ 0.28744814  0.49524534 -0.7047364  -1.          0.16111927]
Nc1ccc(O)c([N+](=O)[O-])c1,[-0.2361826  0.7002874 -0.8607352 -0.7201854 -0.5660049]
CC1CS(=O)(=O)CCN1N=Cc1ccc([N+](=O)[O-])o1,[ 0.28569582  0.64482355 -0.52633816 -0.61136025 -0.06448551]
C=CN(CC)C(C)=O,[-0.0396254   0.8730033  -0.6468232  -0.5899297  -0.19585611]
CCN(CC)CCCCCCCCCCNC(=O)Oc1ccc2c(c1)C1(C)CCN(C)C1N2C,[ 0.1164651   0.62347853 -0.8057474  -0.55045855  0.55485183]
Clc1cc(Cl)cc(Cl)c1,[ 0.7620603   0.05914696 -0.6269342  -0.7091772   0.5904484 ]
CCOc1ccccc1OC(c1ccccc1)C1C[NH2+]CCO1,[-0.00734134  0.91781914 -0.5776088  -0.91675234 -0.04179184]
NC(=[NH2+])NCCCCC1NC(=O)CCSSCC(C(N)=O)NC(=O)C2CCCN2C(=O)C(Cc2c[nH]c3ccccc23)NC(=O)C(CC(=O)[O-])NC(=O)CNC1=O,[ 0.36484677  0.83472604 -0.09762937 -0.5083232  -0.37564582]
COc1cc2c(c3oc(=O)c4c(c13)CCC4=O)C1C=COC1O2,[ 0.04018619  0.84484005 -0.64697284 -0.71274835 -0.21626537]
CC1=NN(c2ccccc2)C(=O)C1,[-0.5098055   0.90563726 -0.7892208  -0.64036083 -0.39391103]
Oc1ccc2c(c1)CCC2,[ 0.15748213  0.8173899  -0.7265864  -0.6930592  -0.0705571 ]
CC(O)C(Cl)(Cl)Cl,[-0.02920958  0.92355305 -0.57999206 -0.05050239  0.50777245]
CCNC(=O)c1cc2c(-n3ccc(C(F)(F)F)n3)c(-c3cncc(-c4n[nH]c(=O)o4)c3)cnc2[nH]1,[ 0.33120653  0.89907914 -0.68452805 -0.8022805  -0.47050944]
CCCCOCCOC(C)=O,[ 0.23013526  0.9261641  -0.9025552  -0.2942773  -0.45591807]
O=[N+]([O-])C(CO)(CO)CO,[ 0.28866118 -0.3091694  -0.8197422  -1.         -0.15315725]
C(Oc1nc(OCC2CO2)nc(OCC2CO2)n1)C1CO1,[ 0.87687093  0.7290778  -0.96749574 -0.4650673   0.35384598]
CN(C)CCCC1c2ccccc2Nc2ccc(Cl)cc21,[ 0.1693326   0.7988873  -1.         -0.85442054 -0.0365933 ]
Cc1ccc(CO)cc1N(C)c1ccnc(Nc2cc(N3CCCOCC3)cc(N3CCOCC3)c2)n1,[ 0.5763066   0.7211611  -0.7986551  -0.6984753  -0.09308466]
Clc1cc(Cl)c2nsnc2c1Cl,[-0.47712907  0.880564   -0.8466655  -0.99954504 -0.24461229]
CCS(=O)CCSP(=O)(OC)OC,[ 0.17305791  0.9531024   0.60315233 -0.5342416   0.10955095]
CCCCc1c(OC(=O)c2cc(OC)c(OC)c(OC)c2)n(-c2ccccc2)n(-c2ccccc2)c1=O,[-0.13004126  0.8379753  -0.6458229  -0.7601431  -0.24643998]
COCCNC(=O)c1ccc(Nc2ncc3cc(-c4ccncc4)ccc3n2)cc1C,[-0.22953221 -0.44693214 -0.827143   -0.7267541   0.3361284 ]
COc1cc2ncc(C(N)=O)c(Nc3ccc(F)cc3F)c2cc1NCCN1CCCCC1,[ 0.12175772  1.         -0.7044478  -0.6240896   0.33424234]
Oc1cc(Cl)c(Cl)c(Cl)c1Cl,[ 0.35740405  0.10862191 -1.          0.63456815 -0.300186  ]
N#CCCOCCC#N,[-0.19322868  0.86245126 -0.88813496 -0.800418    0.03014875]
C=CC(=O)OCC(CC)CCCC,[-0.03389158  0.66974354 -0.6096913  -1.          0.59119236]
CC(=O)N[C@H](Cc1ccc2ccccc2c1)C(=O)N[C@H](Cc1ccc(Cl)cc1)C(=O)N[C@H](Cc1cccnc1)C(=O)N[C@@H](CO)C(=O)N[C@@H](Cc1ccc(O)cc1)C(=O)N[C@H](CCCNC(N)=O)C(=O)N[C@@H](CC(C)C)C(=O)N[C@@H](CCCNC(=N)N)C(=O)N1CCC[C@H]1C(=O)N[C@H](C)C(N)=O,[-0.05737808  0.81101465 -0.8239847  -0.84560454 -0.27956608]
COc1nccnc1NS(=O)(=O)c1ccc(N)cc1,[ 0.5909482   0.938582   -0.94605213 -1.          0.08082014]
COc1c2ccoc2c(OCC2OC2(C)C)c2oc(=O)ccc12,[ 0.4046114   0.46910274  0.15282482 -0.37168074 -0.03306787]
Cc1ccc(-c2ccccc2)cc1,[ 0.04771346  0.5287786  -0.8037574  -0.79336065 -0.00251728]
Cc1cc(=O)nc(SCc2ccccc2N(C)C)[nH]1,[-0.29121155  0.64427847 -0.793851   -0.8017698  -0.19025375]
C=CC(=O)OCCCCCCOC(=O)C=C,[ 0.41698596  0.40411204 -0.5106996  -0.6599543  -0.19418819]
Cc1ccc2c(c1)c(Sc1cccc(Cl)c1)c(C)n2CC(=O)O,[ 0.1371491   0.54923034 -0.69632334  0.5242681  -0.16601425]
CCOC(=O)c1ccc(C#Cc2ccc3c(c2)C(C)(C)CCS3)nc1,[ 0.02747066  0.05942894 -0.52258414 -0.41338843 -0.59067345]
CC(=O)N[C@H](C)C(=O)NCCc1ccccc1,[ 0.10942823  0.29439607 -0.50373715 -0.6220553  -0.16756019]
COC(=O)C(C(C)=O)C(C)=O,[-0.13927226  0.160072   -1.         -0.9087336   0.0357543 ]
Nc1ccc(N)cc1,[ 0.33238265  0.50665224 -0.4394119  -0.0051398  -0.09855211]
C=C1CC23CC1(O)CCC2C12C=CC(O)C(C)(C(=O)O1)C2C3C(=O)O,[ 0.41182458 -0.28921247 -0.68999016 -0.7069634  -0.07345209]
CCN(N=O)C(C)OC,[ 0.38703695  0.7543776  -0.9042697  -0.5779569  -0.3648134 ]
CCC[C@H](NC(=O)[C@@H]1[C@H]2CCC[C@H]2CN1C(=O)[C@@H](NC(=O)[C@@H](NC(=O)c1cnccn1)C1CCCCC1)C(C)(C)C)C(=O)C(=O)NC1CC1,[ 0.56931     0.50509596 -0.7355797  -0.6857028  -0.26433617]
O=[N+]([O-])c1cc(C2CCCCC2)c(O)c([N+](=O)[O-])c1,[ 0.14028525  0.7474205  -0.3009825  -0.53094524 -0.33958697]
O=C(Cc1ccc(OCc2ccccc2)cc1)NO,[ 0.3056139   0.6744274  -1.         -0.90239334  0.05708366]
C=CCc1ccc(OC(C)=O)c(OC)c1,[ 0.42048225  1.         -1.         -0.9405913   0.31727618]
C#CC1(O)C=CC2C3CCC4=CC(=O)CCC4C3CCC21CC,[ 0.03337224  0.6627862  -0.79312664 -0.574527   -0.48058534]
COC(=O)c1ccccc1,[ 0.6334939   0.7039881  -0.6695395  -0.66372293 -0.43187746]
N#Cc1cccc(Cc2ncccn2)c1,[ 0.03865276  0.83308303 -0.62051797 -0.8054236  -0.32111475]
OCc1cc(C(O)C[NH2+]CCCCCCOCCOCc2c(Cl)cccc2Cl)ccc1O,[ 0.32179576  0.86259276 -0.84693897 -1.          0.726394  ]
FC(F)(F)c1nc2c(Br)c(Br)cc(Br)c2[nH]1,[ 0.22909075  0.7138355  -0.8557097  -0.85407305  0.05839745]
CCON=C(CC)C1=C(O)CC(c2c(C)cc(C)cc2C)CC1=O,[ 0.02657685  0.30774248 -0.757105   -0.7882243  -0.04096247]
CCCN(CCC)c1c([N+](=O)[O-])cc(C)cc1[N+](=O)[O-],[ 0.37734532  0.84220356 -0.5054945  -0.89563936  0.03388416]
O=C1C(Cc2ccccc2)C(=O)N(c2ccccc2)N1c1ccccc1,[ 0.17865632  0.7833198  -0.6140065  -1.         -0.27889806]
C1=CCC(C2OCC3(CC=CCC3)CO2)CC1,[ 0.14972974  0.9356511  -0.7932605   0.23038691  0.3606582 ]
CCC(=O)N(c1ccccc1)C1CCN(CCc2ccccc2)CC1,[-0.19799545  0.27466375 -0.65378827 -0.6187974  -0.12208046]
COP(=S)(OC)SCSCC=C(Cl)Cl,[ 0.17533243  0.75927037 -0.2145193  -0.9702648   0.07299364]
Cc1ccc(N=C=O)cc1,[ 0.5024986   0.36240125 -0.75638294 -0.45620087  0.63028055]
CCN1C(=O)NC(c2ccccc2)C1=O,[ 0.3765676   0.39075664 -0.525987    0.0486261  -0.23098458]
CCC(C)OP(=S)(OC)OC,[ 0.28625548  0.79754937 -0.9191761  -0.76655626 -0.52292264]
O=C1OCC2C1C1(Cl)C(Cl)=C(Cl)C2(Cl)C1(Cl)Cl,[ 0.5667434   0.54691374 -1.         -0.85560524 -0.5809761 ]
Cc1cccc(Nc2ccncc2S(=O)(=O)[N-]C(=O)NC(C)C)c1,[-0.77786905  0.30775994 -0.86240935 -0.88201815  0.731697  ]
CN1C(=O)CN=C(c2ccccc2F)c2cc(Cl)ccc21,[-0.2859236   0.8044116  -0.9142339  -0.582084   -0.42075196]
C[NH2+]C(C)C1CCC(N)C(OC2C(N)CC(N)C(OC3OCC(C)(O)C([NH2+]C)C3O)C2O)O1,[ 0.08003671  0.818849   -0.61699724 -0.5296651  -0.15371129]
CC1(C)SC2C(NC(=O)C(C(=O)[O-])c3ccsc3)C(=O)N2C1C(=O)[O-],[ 0.05545035  0.7104934  -1.         -0.62487805 -0.0436544 ]
O=c1[nH]cnc2c1ncn2[C@H]1CC[C@@H](CO)O1,[-0.48709902  0.8358333  -0.8185307  -0.7476616  -0.10121161]
CCN1C(=O)C=CC1=O,[ 0.30205327  0.53742456 -0.8033451  -0.5484238  -0.11484542]
CC(C)(C)NCCO,[ 0.5664944   1.         -1.         -0.8079476  -0.44763908]
CCNc1nc(NC(C)C(C)C)nc(SC)n1,[ 0.4509712   0.7727141  -0.8475635  -0.70086324  0.29823294]
Cc1ccc(NC(=O)c2ccc(Cl)c(C(F)(F)F)c2)cc1C(=O)Nc1cccnc1,[ 0.36423165  0.5839111  -0.931695   -0.7837449   0.781068  ]
OCCNCCOc1ccc(C(=C(c2ccccc2)C(F)(F)F)c2ccccc2)cc1,[-0.00391027  0.9438609  -0.8437489  -0.41978508  0.18388484]
CCOP(=O)(OCC)OC(=C(Cl)Br)c1ccc(Cl)cc1Cl,[-0.43934157  0.37213236 -0.65589863 -0.89202785 -0.13002689]
CN(CCOc1ccc(CC2SC(=O)NC2=O)cc1)c1ccccn1,[-1.          0.49341205  0.17800856 -0.93753237  0.23513478]
OCC(O)C(O)C(O)CO,[ 0.33727023  0.8922065  -0.7104865  -0.1109326   0.12917452]
C[C@H](Cn1cnc2c(N)ncnc21)OCP(=O)(O)O,[ 0.1730093  -0.12972336 -0.6501426  -0.6197089   0.50455976]
O=C(CCl)OCCOCCO,[-0.417053    0.51345885 -0.9222163  -0.8700753  -0.20467699]
CC(O)c1cccc(N)c1,[ 0.21491596  0.85650444 -0.90624523  0.05957615 -0.3503882 ]
COc1cc2c(cc1OC)C(Cc1cc(OC)c(OC)c(OC)c1)[N+](C)(CCCOC(=O)CC/C=C\CCC(=O)OCCC[N+]1(C)CCc3cc(OC)c(OC)cc3C1Cc1cc(OC)c(OC)c(OC)c1)CC2,[-0.16331203  0.9542683  -0.770878   -0.68946886  0.43945202]
CCCCC(CC)CNCC(C)(N)CN(C)CC(CC)CCCC,[ 0.40834594 -0.08055138 -0.6956483   0.38104132  0.21754748]
CCN(CC)N=Nc1ccccc1,[ 0.32612613  0.24452619 -0.7887202  -0.8314915   0.94015545]
COc1ccc(CC2NCC(O)C2OC(C)=O)cc1,[ 0.08832777  0.4675968  -0.7859803  -0.5160072   0.03406487]
CN(C)CC/C=C1/c2ccccc2COc2ccc(CC(=O)O)cc21,[ 0.27473012  0.10412193  0.45906022 -0.676713   -0.24390383]
CC(C)(C(=O)O)S(C)(=O)=O,[ 0.39277506  0.60014284 -0.4336193   0.44841278  0.26390472]
O=C([O-])c1cc(N=Nc2ccc(S(=O)(=O)Nc3ccccn3)cc2)ccc1O,[-0.65322393  0.74885    -0.40110585 -0.8293431  -0.14826654]
CCCCC(CC)(C(=O)OCC)C(=O)OCCN(CC)CC,[ 0.33926633  1.         -1.         -0.8822898  -0.03057544]
O=C(O)c1nn(Cc2ccc(Cl)cc2Cl)c2ccccc12,[ 0.5463081   0.81464976 -0.6808891  -0.21717124 -0.0298956 ]
Cn1c(C(=O)NC2(C(=O)N[C@H](Cc3ccccc3)C(=O)NCCCN3CCOCC3)CCCC2)cc2ccccc21,[-0.83333224  1.         -0.9413344   0.14315458 -0.3447505 ]
CO[Si](CCCn1c(=O)n(CCC[Si](OC)(OC)OC)c(=O)n(CCC[Si](OC)(OC)OC)c1=O)(OC)OC,[ 0.14770983  0.8536662  -0.7140115  -0.41307795 -0.05058437]
CCC(=O)O,[-0.12708305  0.10595254  0.7460717  -0.486574   -0.06326839]
O=C1C2CC3C1C1(Cl)C(Cl)C4(Cl)C2C3C1(Cl)C4(Cl)Cl,[ 0.5208548   0.88341635 -0.80247974 -0.44103712 -0.08533362]
CCC(C)(C)OC(=O)Nc1ccco1,[ 0.48254314  0.61745447 -0.9266568  -0.1002465   0.00554903]
Cc1cc(-n2c(C)nc3ccccc3c2=O)n(-c2ccccc2)n1,[ 0.17166674  0.75070274 -0.6395954  -0.59808767 -0.32445297]
CC(C)(C)NCCC(O)c1cc(C(F)(F)F)nc2c(C(F)(F)F)cccc12,[ 0.41481382 -0.20941964 -0.3166613  -0.59851795 -0.65766037]
O=C(Nc1ccccc1-c1ccccc1)OC1CCN(CCCCCCCCCNC[C@H](O)c2ccc(O)c3[nH]c(=O)ccc23)CC1,[ 0.02263648  0.68905634 -0.77553976 -1.          0.05834188]
COC(C)C=O,[-0.2948855   0.90454745 -0.93627936 -0.8729406   0.9218212 ]
CC1(C)C2CC=C(CCO)C1C2,[-0.04804334  0.5437465  -0.5683437  -0.586475    0.18464999]
CCC(=O)Nc1ccc2[nH]c(C(F)(F)F)nc2c1,[ 0.40135354  0.72608304 -0.71998686 -0.68291384 -0.4582055 ]
O=C(c1ccccc1)c1cccc2c1CCC2C(=O)O,[ 0.18972187  0.774046   -0.60676825 -0.598931   -0.06121345]
CCOC(=O)C=Cc1ccc(Cl)cc1,[-0.27356514  0.1689483  -0.648023   -0.2887864   0.21747375]
CCc1nn(C2CCCC2)c2c1CCn1c(-c3cccs3)nnc1-2,[ 0.01493974  1.         -0.706317   -0.7338907  -0.08027738]
COP(N)(=O)SC,[-0.23420824  0.7534573  -0.85924697 -0.6918724   0.6911944 ]
CO[C@@H]1C=CO[C@@]2(C)Oc3c(C)c(O)c4c(c3C2=O)C(=O)/C(=C\NN2CCN(C)CC2)C(=C4O)NC(=O)C(C)=CC=C[C@@H](C)[C@H](O)[C@H](C)[C@H](O)[C@@H](C)[C@@H](OC(C)=O)[C@@H]1C,[ 0.8792113   0.1590907   0.19602288 -0.7916284   0.23375325]
Cc1ccccc1COC1CC2(C(C)C)CCC1(C)O2,[-0.12632628 -0.10518214 -0.8785206  -0.3791325   0.07224044]
ClCC1CO1,[ 0.62346226  0.6932727  -0.47060552 -0.85652626 -0.1707071 ]
Cc1nccc(-c2ccc(-c3nc4ccncc4c(O)c3C#N)cc2)c1Cl,[ 0.24543759  0.8837803  -0.13607268 -0.6195552   0.0058955 ]
CCCC1CC(C(=O)NC(C(C)Cl)C2OC(SC)C(O)C(O)C2O)[NH+](C)C1,[ 0.30425307  0.70316964 -0.990138   -0.49612033 -0.50342035]
O=[N+]([O-])N1CN([N+](=O)[O-])CN([N+](=O)[O-])C1,[ 0.21818376  0.7641763  -0.6561861  -0.6261697  -0.5916364 ]
CC(C)=C1CCC(C)CC1=O,[-0.15388739 -0.28397828 -0.51846087 -0.20835394  0.14177889]
C=CS(=O)(=O)CCCCCC,[ 0.27372527  0.8785161   0.6712376  -0.6764709  -0.14798121]
CC(=O)OC12COC1CC(O)C1(C)C(=O)C(O)C3=C(C)C(OC(=O)C(O)C(NC(=O)OC(C)(C)C)c4ccccc4)CC(O)(C(OC(=O)c4ccccc4)C21)C3(C)C,[-0.18875179  0.6561662  -1.         -0.7323311  -0.35939452]
C=CC(=O)OCCc1ccc(CC)cn1,[ 0.10664822  0.9554275  -0.6542356  -0.07675926 -0.09961086]
COc1cc2c3cc1Oc1cc(ccc1O)CC1c4c(cc(OC)c(O)c4Oc4ccc(cc4)CC3[NH+](C)CC2)CC[N+]1(C)C,[ 0.06248076  0.97729653 -0.9033311  -0.9007117   0.00525139]
N#Cc1c(-c2ccc(-c3ccncc3Cl)cc2)nc2ccncc2c1O,[ 0.3344834   0.8356638   0.29450136 -0.55363554 -0.3947958 ]
Nc1ccc(F)c(F)c1F,[-0.33742458  0.67150664 -0.5380217  -0.9434444   0.7268703 ]
C1=CC2C3C=CC(C3)C2C1,[-0.02283832  0.7106037  -0.8517827  -0.77016836 -0.49872005]
CC(C(=O)O)c1ccc(C(=O)c2cccs2)cc1,[-0.5158234  -0.95171624 -0.6662806  -0.13436164  0.11047966]
CCOC(C)COC(C)CO,[-0.20293443  0.7591908  -0.6767338  -0.66801316 -0.08734523]
CC(C)(C)c1cc([N+](=O)[O-])cc([N+](=O)[O-])c1O,[ 0.19510297  0.42918673 -0.7788625  -0.71047413 -0.46823502]
COC(CN1CCN(CCC(O)c2ccccc2)CC1)c1ccccc1,[ 0.08393969  0.5831839  -0.9238119  -0.99273866 -0.08109426]
O=[N+]([O-])c1c(Cl)c(Cl)c(Cl)c2nc(C(F)(F)F)[nH]c12,[ 0.07088854  0.6542223  -0.20957826 -0.6507256   0.6516462 ]
O=P([O-])([O-])C(O)(Cn1ccnc1)P(=O)([O-])O,[-0.87474203  0.5617079  -0.5983073  -0.3050606   0.19489558]
OCCNCCc1ccccc1,[ 0.09425656  0.85946673 -0.6434153  -1.         -0.4246188 ]
CO/N=C(\C(=O)N[C@@H]1C(=O)N2C(C(=O)O)=C(COC(C)=O)CS[C@H]12)c1csc(N)n1,[ 0.3641361   0.853557   -0.36019957 -0.306152    0.12896337]
CCC(C)C(=O)OC1CCC2(C)C3CC(O)C4C5(O)C(CC42OC13O)C1CN2CC(C)CCC2C(C)(O)C1C(O)C5OC(=O)C(C)(O)CC,[ 0.1481385   1.         -0.6775708  -0.8965292   0.78761375]
Cc1cccc(C)c1O,[ 0.15598229 -0.14699917 -0.3164931  -0.46357122 -0.26691246]
Nc1nc(-c2ccccn2)nc(N)c1Cc1ccc(Cl)cc1Cl,[ 0.13599795  0.8728742  -1.         -0.42607814 -0.4182999 ]
Cc1ccc(N=CN(C)SN(C)C=Nc2ccc(C)cc2C)c(C)c1,[ 0.21409576  0.87158173  0.00955044 -0.7454339   0.24426317]
CS(=O)(=O)c1ccc(C(O)C(COC(=O)C[NH3+])NC(=O)C(Cl)Cl)cc1,[ 0.36118898  0.7616182  -1.         -0.7780775  -0.08310384]
COc1cc(OC)c(S(=O)(=O)NCc2ccccc2N2CCC(COC(=O)CCC(=O)O)CC2)cc1NC(=O)CCC(=O)O,[-0.1126371   1.         -1.         -1.         -0.42486084]
CCOP(=O)(OCC)Oc1nc(Cl)c(Cl)cc1Cl,[ 0.1920185   0.00762473 -0.6913612  -0.2679046  -0.39409274]
CCOC(=O)c1noc(C)c1C(C)=O,[ 0.7025145  -0.49174675 -0.50089437 -0.71976894 -0.01078362]
Cc1ccc(S(=O)(=O)N(C)C(=O)N2CCC(N3CCC(Oc4ccc(Cl)c(Cl)c4)CC3)CC2)cc1,[-0.03656799 -0.58769315 -1.         -1.          0.08844298]
CCOP(=O)(O)O,[ 0.18324646 -0.48720142 -0.7160824  -0.61709905 -0.27852568]
COC(=O)/C=C/CNC(=O)CN1C(=O)[C@@H](COC(=O)Nc2ccc(Cl)cc2C(F)(F)F)N=C(c2ccccc2)c2ccccc21,[-0.03080549  0.85535973 -0.8114608  -0.98496735  0.73719   ]
c1ccc(COCc2ccccc2)cc1,[ 0.5848007   0.83140826 -0.97220695 -0.26819643  0.0575019 ]
COCCOP(=O)(OCCOC)OCCOC,[-0.5011356   0.9032724  -0.7467252  -0.84182394  0.4733386 ]
SCCc1cnccn1,[-0.1417071  0.7553364 -0.7334325 -0.7050848  0.6807168]
O=NN1CCCCC1,[-0.23822777  0.90877473 -1.         -0.76159257  0.37145472]
Cc1c(C(=O)NCCO)[n+]([O-])c2ccccc2[n+]1[O-],[ 0.70664185  0.7112136   0.32169884 -0.44156146 -0.13243522]
C#CCc1ccc(COC(=O)C2C(C=C(C)C)C2(C)C)o1,[ 0.27106726  0.08617132 -0.5759586  -0.9052825   0.22655475]
C=C[Si](OC)(OC)OC,[ 0.20937347  0.7207474  -0.68014723 -0.73367304  0.18710904]
CSCC(=O)N(C)C(=O)Oc1ccccc1OC(C)C,[ 0.27647528  0.64840865 -0.76247895 -0.8030051  -0.3157311 ]
CC(CO[N+](=O)[O-])(CO[N+](=O)[O-])CO[N+](=O)[O-],[ 0.20875637  0.7828613  -1.          0.12504625 -0.38945884]
Cc1cn([C@H]2CCCN([C@H](CC(C)C)c3ccc(C(=O)O)c(Oc4cccc(Cl)c4)c3)C2)c(=O)[nH]c1=O,[ 0.10154267  0.9620504  -0.83900297 -1.         -0.23578273]
Cc1cc(Nc2nc(N[C@@H](C)c3ccc(F)cn3)c(C#N)nc2C)n[nH]1,[-0.0604224  -0.10678434 -0.7420178  -0.24438198 -0.01006526]
Cc1onc2c(=O)[nH]nc(-c3ccccc3)c12,[ 0.25263816  0.7785767  -1.          0.12601879  0.07663856]
CCOC(=O)CCN(Cc1ccccc1)SN(C)C(=O)ON=C(C)SC,[-0.27239886  0.8968206  -0.8010323  -1.          0.03105002]
CCC(=O)CC,[ 0.15220477  0.6678511  -0.94721514 -0.5943007  -0.30429915]
O=C(Cl)C=CC(=O)Cl,[ 0.3240243   0.66188085 -0.8398169   0.21442585 -0.07634105]
CC(C)(C)[NH2+]CC(O)c1cc(O)cc(O)c1,[ 0.15756911 -0.11836379 -0.82918805 -0.8524901  -0.34993532]
OCCN(CCO)CCO,[-0.36072955  0.61077785 -0.5853086  -0.5113915  -0.31553957]
CNC(=O)c1[nH]cnc1C(=O)Nc1ccc(OC)cc1,[-0.39539406  0.8831765  -0.63733083 -0.76144946  0.50926954]
O=C(Cc1cccs1)N[C@@H]1C(=O)N2C(C(=O)[O-])=C(C[n+]3ccccc3)CS[C@H]12,[ 0.57464534  0.6846945  -0.88056594 -0.411168    0.0799569 ]
C[NH+](CCOc1ccc(NS(C)(=O)=O)cc1)CCc1ccc(NS(C)(=O)=O)cc1,[ 0.5597949   0.84978104 -0.8907619  -0.52146417  0.1214338 ]
CCC(C)OC(CBr)c1ccc(Cl)cc1,[-0.5981077   0.67886686 -0.9371405  -0.6555056   0.20639761]
S=c1[nH]c2cc(Cl)ccc2o1,[ 0.28150365  0.99111426 -0.42233875 -0.5750787  -0.28270972]
CCN[C@@H]1C[C@H](N)[C@@H](O[C@H]2OC(CN)=CC[C@H]2N)[C@H](O)[C@H]1O[C@H]1OC[C@](C)(O)[C@H](NC)[C@H]1O,[ 0.22971004  0.77057433 -0.7757201  -0.90843076  0.31188127]
C=COCCOC,[ 0.39123783  0.96405536 -0.9294921  -1.          0.8109178 ]
NS(=O)(=O)c1cc2c(cc1Cl)NC(C(Cl)Cl)NS2(=O)=O,[ 0.22496116  0.5451631  -0.04163289 -0.49781826 -0.2949831 ]
C=CCSP(=O)(NC(=O)CC)OC,[ 0.19452631  0.2015819  -0.7695289  -0.7628591  -0.44187197]
C=CC(=O)N1CN(C(=O)C=C)CN(C(=O)C=C)C1,[ 0.5639847   0.27218613 -0.855054   -0.64732546 -0.48315522]
CCOP(=S)(OCC)SCC(=O)N(CCC#N)c1ccccc1,[ 0.28633332  0.9997245  -0.9960972  -0.87627864 -0.12284466]
O=[N+]([O-])c1ccc(C=NNC(=S)N2CCCC2)o1,[ 0.27692178  0.7527479  -0.70584744 -0.5058907  -0.38627756]
CCCOC(=O)Cc1ccc(OCC(=O)N(CC)CC)c(OC)c1,[-0.91569424  0.7836079  -0.4815661   0.25083676  0.24588859]
CCOP(=S)(OCC)Oc1ccc([N+](=O)[O-])c(C)c1,[-0.15211919  0.92139536 -1.         -0.6775916   0.32128772]
CCCSP(C)(=S)Oc1ccccc1,[ 0.5854243   0.78568226 -0.82368666 -0.8528624   0.44665775]
COc1ccc2c3c1OC1CC(O)C=CC31CC[NH+](C)C2,[ 0.02180633  0.77657753 -0.85293704 -0.5078654  -0.58670086]
Cc1cc(C)c(N)c(C)c1,[ 0.5108687  -0.24542028 -0.7467286   0.55681115 -0.1093424 ]
CCOC(=O)C=Cc1ccc2c(c1)OCO2,[ 0.30691165  0.7705432  -1.         -0.9992033  -0.06834106]
COCCN(c1cccnc1)P(=O)(c1ccccc1)c1ccccc1,[ 0.557224    0.73987496 -0.71581364  0.6343617  -0.06125513]
c1cc2c(c(N3CC[NH2+]CC3)c1)OCCO2,[ 0.3948798   0.76741385 -0.8337191  -0.19549918 -0.14278391]
CC(=Cc1ccccc1)C=C1SC(=S)N(CC(=O)O)C1=O,[ 0.75230885  0.86203706 -0.45900014 -0.6738636   0.20733616]
CCCCOC(=O)CC(SC(CC(=O)OCCCC)C(=O)OCCCC)C(=O)OCCCC,"[ 2.8252724e-04  9.6489668e-01 -8.3746076e-01 -9.2645162e-01
 -1.4001037e-01]"
CC(=O)c1c(C)c2cnc(Nc3ccc(N4CCNCC4)cn3)nc2n(C2CCCC2)c1=O,[-0.35875577  0.99580634 -0.54265356 -0.24227652 -0.12844661]
O=P(OCCCl)(OCCCl)OC1CC(C(Br)CBr)CCC1Cl,[ 0.4519391   0.88706523 -0.6722102  -0.7943169  -0.01720917]
CC1CCCCOC1=O,[ 0.3138357   0.64813715  0.01574283 -0.7373464  -0.18638904]
CC(C)(C)c1ccc(C(=O)O)cc1,[ 0.43507943  0.35652578 -0.7006547   0.10741714  0.27708685]
CCC(C)CCCCC(=O)NC(CCN)C(=O)NC(C(=O)NC(CCN)C(=O)NC1CCNC(=O)C(C(C)O)NC(=O)C(CCN)NC(=O)C(CCN)NC(=O)C(C(C)O)NC(=O)C(CC(C)C)NC(=O)C(CCN)NC1=O)C(C)O,[-0.07121403 -0.08856475 -0.7365346  -0.8819619  -0.13260564]
C[C@@H]1NC(=O)[C@@H](C)N(C)C(=O)[C@H](C)N(C)C(=O)[C@@H](C)N(C)C(=O)[C@@H](C)N(C)C(=O)[C@H](C)NC1=O,[-0.18855141  0.84449214 -0.6081569  -0.65611863 -0.08120342]
CC(=O)c1ccc2c(c1)N1C(=O)OCC1CC2,[ 0.12498958  0.5034434  -0.852142   -0.7511418   0.49766114]
Cc1ccc(N2CC(COc3ccc(-c4noc(C)n4)cc3)C2)nn1,[-0.1628526   0.62227136 -0.5587645  -0.9025927   0.00370035]
CCOP(=S)(Oc1cccc2cccnc12)c1ccccc1,[ 0.010778    0.6500235  -1.         -0.56721336  0.5357064 ]
CCC(=O)NCCC1CCc2ccc3c(c21)CCO3,[ 0.08631118  0.33856145 -0.7360239  -1.         -0.14543295]
COP(=O)(OC)ON1C(=O)c2cccc3cccc(c23)C1=O,[-0.12480935  0.8262374  -0.8158028  -0.22695094  0.22769904]
COc1c(OCc2ccc(-c3ccccc3-c3nnn[nH]3)cc2)cc(C)nc1C,[ 0.36352456  0.9973965  -0.8416884  -0.4261674   0.2883224 ]
N#Cc1ccc(F)c(-c2cc(C(F)(F)F)ccc2OCC(=O)O)c1,[ 0.5668964   0.67161477 -0.97659594 -0.04430142  0.06652591]
C[Si](C)(C)CCCC(=O)O,[-0.11451545  0.63320076 -0.96756166 -0.56743157 -0.3953579 ]
COCC(=O)O[C@]1(CCN(C)CCCc2nc3ccccc3[nH]2)CCc2cc(F)ccc2[C@@H]1C(C)C,[-0.11113656  0.9185299  -0.47456533 -0.725778    0.17362696]
O=C(Cl)c1cccc(C(=O)Cl)c1,[ 0.33575365  0.4705411  -0.85012645 -0.80287766 -0.16890973]
C=CC(=O)N(C)C,[ 0.5889297   0.5178034  -0.0645515  -0.64427775 -0.16996443]
C/C=C(/C)C(=O)O[C@H](c1cc2ccc(=O)oc2cc1OC)[C@H](O)C(C)(C)O,[ 0.38699606  0.9352269  -0.7558209  -0.6068137   0.46245283]
C=CN(C)N=O,[ 0.48412895  0.10730856 -0.587679   -0.26620066 -0.40191692]
NC(=S)Cc1cccc2ccccc12,[ 0.09502342  0.5591391  -0.78362024 -0.7102365  -0.57905126]
COCOCCO,[ 0.16321743  0.33089685 -0.40461197 -0.86639875  0.02893356]
O=C(O)CCC(=O)O,[-0.1265371   0.71598405 -0.88980085 -0.56281435  0.7213287 ]
Cc1cn([C@H]2CCCN(S(=O)(=O)c3ccc(CO)c(Oc4cccc(Cl)c4)c3)C2)c(=O)[nH]c1=O,[ 0.33886868  1.         -0.82172537 -0.48163414  0.5933617 ]
Cc1cc([N-]S(=O)(=O)c2ccc(N)cc2)no1,[-0.6550012  -0.97391784 -0.9848258  -0.989674    0.10800716]
C=C(C)c1cccc(C(C)(C)N=C=O)c1,[ 0.2539648   0.878111   -0.8623853  -0.66672206  0.07040338]
O=C(NC[C@@H](O)CN1CCC(Oc2ccc(Cl)c(Cl)c2)CC1)c1c[nH]c(=O)c2cc(F)ccc12,[-0.299132   0.5765731 -0.6416624 -0.8671141  0.3680553]
C[N+](C)(C)[NH2+]CCC(=O)[O-],[ 0.01312977  0.8099471  -1.         -1.          0.65950596]
Cc1ccc(N=C=O)cc1N=C=O,[-0.05422879  1.         -1.         -0.5117625  -0.37680745]
Cn1c(C2=CCN(CCCN3c4ccccc4Sc4ccc(CC(=O)O)cc43)CC2)cc(=O)n(C)c1=O,[ 0.43715337  0.97643965 -0.38755482 -0.599875   -0.16932264]
CCN(CC)c1c([N+](=O)[O-])cc(C(F)(F)F)c(N)c1[N+](=O)[O-],[ 0.41595298  0.8761399  -0.76309973 -0.5919111  -0.05660925]
Cn1cncc1CN(CCN(Cc1ccccc1)S(=O)(=O)c1ccccn1)c1ccc(C#N)cc1,[ 0.4874357  -0.04909269 -0.7174721  -0.5711175   0.11784064]
CC1CC(=O)CC(C)O1,[-0.00861386 -0.30232486 -1.         -0.9999988  -0.07172996]
CCOP(=O)(CC)SC,[ 0.398784    0.7873961  -0.7485229  -0.3342374  -0.36715543]
CCOc1cc2nnc(C(N)=O)c(Nc3ccc(F)cc3F)c2cc1N1CCN(C)CC1,[ 0.17296058  0.47222775 -0.9085115  -0.6808034   0.8816259 ]
Nc1nc(O)c2ncn(COCCO)c2n1,[ 0.37522262  0.8393698  -0.5408425  -0.9865625  -0.22577836]
C[C@H](CO)Nc1nc(SCc2cccc(F)c2F)nc2nc(N)cnc12,[ 0.6527388   0.23924299 -0.90722656 -0.930531   -0.06736435]
CCCNC(=N)C(OCC)c1ccccc1,[ 0.59883976  0.7972819  -0.8940176   0.06138635  0.79845774]
C=CC[NH+]1CCCC1CNC(=O)c1cc(S(=O)(=O)NC)c(N)cc1OC,[-0.23282233  0.76825845 -0.80271995 -0.48493403 -0.38940638]
O=c1cc(-c2ccc(O)cc2)oc2cc([O-])c(C3OC(CO)C(O)C(O)C3O)c(O)c12,[ 0.18623035  0.9451139  -0.5741301  -0.30412206  0.2852642 ]
CC(C)OP(=S)(OC(C)C)SCn1nc(Cl)ccc1=O,[-0.48454788  0.9133318  -0.18078087  0.06308601 -0.30940077]
O=C(OCC(COC(=O)c1ccccc1)(COC(=O)c1ccccc1)COC(=O)c1ccccc1)c1ccccc1,[-0.16227221 -0.73437107 -0.8022349  -0.86529666 -0.14510565]
Cc1cn([C@H]2CCCN(S(=O)(=O)c3ccc(C(N)=O)c(Oc4cccc(Cl)c4)c3)C2)c(=O)[nH]c1=O,[ 0.03532571  1.         -0.97348434 -0.75746346 -0.0616598 ]
CCCCOC(C)OCCCC,[-0.35614967  0.7958579   0.27908838 -0.5259126  -0.23115604]
COP(=S)(OC)SC(CBr)N1C(=O)c2ccccc2C1=O,[ 0.16560927  0.9042286   0.37033466 -0.57198286  0.11948219]
CCN(CC)c1ccc(-c2nc(=O)n(C)nc2-c2ccc(N(CC)CC)cc2)cc1,[-0.26536724 -0.21185115 -0.63673776  0.3954457   0.7776933 ]
CN(CCCl)CCCl,[ 0.30057606  0.73323596 -0.7285382  -0.839872    0.06133801]
CCOc1nc(C(Cl)(Cl)Cl)ns1,[ 0.11514103  0.87438357 -0.78022826 -0.5039577   0.26298213]
COc1c(Cl)ccc(Cl)c1C(=O)OCCN(CCOC(=O)c1c(Cl)ccc(Cl)c1OC)c1ccccc1,[ 0.33130687  0.87911236 -0.38711    -0.8881271   0.12521288]
CCC(c1ccccc1)c1c(O)c2ccccc2oc1=O,[ 0.10714565  0.9513312  -0.84082407 -1.         -0.2037347 ]
O=C(NCCNCC(O)COc1ccc(O)cc1)N1CCOCC1,[ 0.17160115  0.32034156 -1.         -0.85748917 -0.17482238]
c1ccc2c(c1)CC(N1CCN(c3cccc4c3OCCO4)CC1)C2,[-0.08637525  0.6431636  -0.84758246 -1.         -0.02760424]
CCCN(N=O)C(N)=O,[ 0.10338303  0.6397971  -0.6942806  -0.6642758   0.00283511]
CCOC(C1=NCCCN1)c1c(Cl)cccc1Cl,[ 0.48896554  0.64984715 -0.4941538  -0.8634065  -0.07078087]
COc1c(OP(=S)(OCC(C)C)OCC(C)C)cnn(C)c1=O,[ 0.38835678  0.10133997 -0.99739385 -0.67757475  0.27473688]
CCCOP(=O)(OC=C(Cl)Cl)OCCCl,[ 0.18104969  0.7644917  -0.5052509  -0.7640193  -0.37607217]
CCCCCC(=O)O,[ 0.03617809  0.75983524 -0.77265155 -0.91488665  0.12114148]
CC1=C(CC(=O)O)c2cc(F)ccc2C1=Cc1ccc(S(C)=O)cc1,[ 0.47311696  1.         -0.87208    -0.1949818  -0.3774622 ]
N=C(N)Nc1nc(CSCCC(=N)NS(N)(=O)=O)cs1,[ 0.32530838  0.3468809  -0.6421018  -0.76226777 -0.13901992]
CCCc1nnc(CSP(=S)(OCC)OCC)o1,[ 0.2896103   1.         -0.8767976  -0.6606282  -0.15231214]
C=C(Cl)C(Cl)CCl,[ 0.17763801  0.45458287  0.08323707 -0.02137727 -0.0322648 ]
Cc1nn(C)c(Oc2ccccc2)c1C=NOCc1ccc(C(=O)OC(C)(C)C)cc1,[-0.10482202 -0.86078924 -0.8178416  -0.5963537   0.2768675 ]
CC(C)N(C(=O)SCC(Cl)=C(Cl)Cl)C(C)C,[ 0.6506765  -0.14622533 -0.78940403 -0.4878456  -0.17440516]
CC(C)CCCCCN(CCCCCC(C)C)CCCCCC(C)C,[ 0.3523775  0.8104345 -0.0806707  0.0410275 -0.2380931]
O=[N+]([O-])c1cc2[nH]c(C(F)(F)F)nc2cc1Cl,[ 0.10315409  0.8023505  -1.         -0.689749   -0.54842144]
OCc1ccccc1,[ 0.25763497  0.5953784  -0.4374801  -0.48463044  0.15592797]
ClC1=C(Cl)C(Cl)(C2(Cl)C(Cl)=C(Cl)C(Cl)=C2Cl)C(Cl)=C1Cl,[-0.1355295   0.7079213  -0.6688184  -0.29494068  0.17454547]
Cc1ncc(CS)c(CO)c1O,[ 0.02891136  0.59206533 -0.9696229  -0.8372185  -0.00468994]
O=Cc1cccc2ccccc12,[-0.1894623  -0.32291496 -0.17523316 -0.6594941   0.08907554]
CCc1cccc(CC)c1N,[ 0.06000399  0.68520683 -0.74734384 -0.78238475  0.00447156]
OCCCCC(O)CO,[ 0.23827319  0.79005384 -0.8472769  -0.7121704   0.27975678]
CC(C)Nc1nc(Cl)nc(NC(C)C)n1,[ 0.32984617  0.8551334  -1.         -0.5429816  -0.42936587]
C[NH+](C)CCC(c1ccc(Cl)cc1)c1ccccn1,[ 0.39238393  0.75412256 -0.71488595 -1.          0.01216402]
COc1cc2ncc(C(N)=O)c(Nc3ccc(C)cc3F)c2cc1OC,[ 0.1929166   0.7427827  -0.6901202  -0.85129404 -0.06906543]
CCC(=O)OC1CCC2C3CCC4=CC(=O)CCC4(C)C3CCC12C,[ 0.30764234 -0.08658201 -0.7274966  -0.8439146   0.684022  ]
CC(C)(C)c1ccc2c(c1)C(C)(C)CC2,[-0.15465285  0.9003008  -0.5278492  -0.1190797   0.01648696]
C/C([O-])=C(\C#N)C(=O)Nc1ccc(C(F)(F)F)cc1,[ 0.48831216  0.37174708 -0.68115383 -0.72517276 -0.35968474]
C=CC(C)CCCC(C)(C)O,[ 0.09539337  0.5582779  -0.50453997 -0.6354222  -0.17642194]
O=C(Nc1cccc(Cl)c1)OCC#CCCl,[ 0.26574236  0.7830556  -0.8482917  -0.6999652  -0.41153136]
C=CCc1cc(OC)c(OC(C)Cc2cc(OC)c(OC)c(OC)c2)c(OC)c1,[ 0.2147445   0.6701041  -0.9939429  -0.05013033 -0.15550977]
Cc1cccc2sc3nncn3c12,[ 0.19429155  0.80402297 -0.5611289  -0.8469734  -0.2817894 ]
CC1CS1,[ 0.20348613  1.         -0.8535036  -0.94394153 -0.09397035]
C[S+]([O-])Cc1ccc(C(=O)Nc2ccc(OCCOCCO)nc2C(=O)NCC2CCC2)c2ccccc12,[-0.5220164   0.697847   -0.96004564 -0.47627288 -0.23518927]
CC(=CC(=O)O)C(=O)O,[ 0.20944168  0.4224763  -0.90283084 -0.63683957  0.5461837 ]
Cc1c(Sc2ccc(Cl)cc2)c2c(-c3cnccn3)cccc2n1CC(=O)O,[-0.24772562  0.62676954 -0.9040914  -0.71974295 -0.12205805]
CCCC(=O)c1ccc(N)cc1,[ 0.34119552  1.         -1.         -0.9067239  -0.2356195 ]
CCOc1ccccc1C(N)=O,[ 0.58940274  0.49352458 -0.25988972 -0.55665475 -0.54495364]
CCCSP(C)(=S)Oc1ccc(Cl)cc1Cl,[ 0.57817686  0.8894323  -0.09577765 -0.49996185 -0.45370597]
O=C(NCC12CC3CC(CC(C3)C1)C2)c1cc(-n2ncc(=O)[nH]c2=O)ccc1Cl,[ 0.2646429   0.6674584  -0.8833094  -0.5757102  -0.16005407]
Clc1ccc(C2(Cn3cncn3)OCCO2)c(Cl)c1,[-0.39707047  0.79863954 -0.24499328 -0.4315547   0.07113995]
Cc1c(OCC(F)(F)F)ccnc1C[S+]([O-])c1nc2ccccc2[nH]1,[ 0.4379682   0.69007367 -0.4488938  -0.6569105   0.20245491]
FC(F)=C(F)CCSc1ncccn1,[-0.20999795  0.57395923 -0.67886156 -0.9174878   0.01723382]
CC(C)CON=O,[ 0.60063654  0.7517018  -0.39672732 -0.49034607 -0.20802581]
COC(=O)Cc1ccccc1,[ 0.04194842  0.9305164  -1.         -0.45349827 -0.3282978 ]
COC(C)COC(C)COC(C)CO,[ 0.41027257  0.68510693 -0.9636718  -0.6360701   0.14342053]
O=C(C(F)(F)Cl)C(F)(F)Cl,[-0.2891963   1.         -1.         -0.53620446 -0.13590981]
COP(=S)(OC)Oc1cnc2ccccc2n1,[ 0.66577303  0.7980077  -0.78282744 -0.9026897   0.3657869 ]
Cc1cnc(C)cn1,[ 0.33659     0.620734   -0.7481637  -0.37423652 -0.8966166 ]
Fc1cc2nc(C(F)(F)F)[nH]c2cc1Cl,[ 0.01788893  0.768805   -0.6998926  -0.78267777 -0.41028336]
O=C1C(Cl)C(CCl)CN1c1cccc(C(F)(F)F)c1,[-0.03401163  0.670924   -0.68421376  0.13215126  0.6601437 ]
CN(C)CC=C(c1ccc(Br)cc1)c1cccnc1,[ 0.32475322  0.9811208  -0.9500588  -0.8552708   0.0422812 ]
CC(C(N)=O)(c1ccccc1)c1ccc(N)cc1,[ 0.46565297  0.6595052  -0.5190761  -0.73859847 -0.10804791]
Cc1ncccc1Oc1ncnc(OC2CCN(C(=O)OC(C)C)CC2)c1C,[ 0.501934    0.8101436  -0.69790864 -0.79002047 -0.24344602]
CCNC(=O)ON=C1SCOC1C,[-0.06676345  0.6712299  -0.84720486 -1.         -0.27263987]
C=CC(=O)OCCOC(=O)CC(C)=O,[ 0.11088751  0.76390094 -0.6806409  -0.52066725  0.76930636]
C[C@@H]1O[C@@H](O[C@H]2[C@@H](O)C[C@H](O[C@H]3C[C@](O)(C(=O)CO)Cc4c(O)c5c(c(O)c43)C(=O)c3ccccc3C5=O)O[C@H]2C)C[C@H](N)[C@@H]1O,[-0.04527565  0.73900783  0.37339982 -0.53606445 -0.37142488]
CC(C)(C#N)C(C)(C)C#N,[ 0.10673583  0.8908857  -0.86556304 -1.         -0.42141074]
O=[N+]([O-])OC1COC2C(O)COC12,[-0.2728564   0.7226529  -0.81076473 -0.9649245  -0.539683  ]
O=S(=O)(O)c1ccc2cc(Nc3cccc4c(O)c(S(=O)(=O)O)ccc34)ccc2c1O,[ 0.03699597 -0.8812849  -0.5163624  -0.00888145  0.4931058 ]
CC(C)=CCN1CCC2(C)c3cc(O)ccc3CC1C2C,[ 0.2901315   1.         -0.9698264  -0.6663781   0.23513566]
O=c1oc(-c2ccccc2)nc2ccccc12,[ 0.21506637  0.9460508  -0.47630826 -0.8099872   0.37846214]
CC(=O)Oc1cc(C(F)(F)F)ccc1C(=O)O,[-0.27344295  0.8764972  -0.8423652  -0.6521091  -0.47226173]
CN(c1ccc(F)cc1F)c1c([N+](=O)[O-])cc([N+](=O)[O-])cc1C(F)(F)F,[ 0.20661248  0.15268394 -0.5383778  -0.6336208   0.6404169 ]
COCCNCc1ccc(Nc2ncc3cc(-c4ccncc4)ccc3n2)cc1,[ 0.15422446  0.7517051  -0.59054345 -0.65868324 -0.39054587]
CN(CCO)Cc1cc(C(=O)c2cccs2)cc(C(C)(C)C)c1O,[-0.62289506  0.51056963 -0.97499764 -1.          0.38034222]
CCCc1nn(C)c2c(=O)[nH]c(-c3cc(S(=O)(=O)N4CCN(C)CC4)ccc3OCC)nc12,[-0.3771016   0.47754592 -0.69808567 -0.03716679 -0.36225918]
N#CCc1ccccc1,[ 0.30163023  0.7345608  -0.73886216 -0.6635881  -0.43883485]
COP(=O)(SC(C)C)SC(C)C,[-0.3657725   0.7388567   0.13278796  0.08190032 -0.43427867]
O=C(CCCN1CCC(O)(c2cccc(C(F)(F)F)c2)CC1)c1ccc(F)cc1,[ 0.09704738  0.8587671  -0.8669065  -0.54869837 -0.04507452]
COc1cc(Nc2nc(N[C@@H](C)c3ncc(F)cn3)ncc2Br)n[nH]1,[ 0.2137057   1.         -0.8478852  -0.7947473  -0.28663513]
CN(C)S(=O)(=O)N(SC(F)(Cl)Cl)c1ccccc1,[ 0.16332234 -0.8786774  -0.680689   -0.15513358  0.26142448]
CC(=O)Oc1ccc2c3c1OC1C(OC(C)=O)C=CC4C(C2)[NH+](C)CCC341,[ 0.46803948 -0.30521023 -0.40662888 -0.32712072  0.01881327]
SCc1ccccc1,[ 0.21764718  0.6040496  -0.77041245 -0.8698169   0.42522964]
CN,[ 0.36962295  0.3620215  -0.7668024   0.42565578  0.11084431]
CC1OC(OC2C(O)CC(OC3C(O)CC(OC4CCC5(C)C(CCC6C5CC(O)C5(C)C(C7=CC(=O)OC7)CCC65O)C4)OC3C)OC2C)CC(O)C1O,[-0.17605564  0.6495344  -0.749472   -0.59918225  0.10886808]
C=CC(=O)Nc1ccc(O)cc1,[-0.03983863  0.78784496 -0.8918159  -0.9285547  -0.18963243]
CCC1=C(C)CN(C(=O)NCCc2ccc(S(=O)(=O)[N-]C(=O)NC3CCC(C)CC3)cc2)C1=O,[-0.03926349  0.4694051  -1.         -0.73135835  0.05766184]
CCOC(=O)C1OC1c1ccccc1,[ 0.32939318  1.         -1.         -1.         -0.41083896]
CCOP(=S)(NC(C)C)Oc1ccccc1C(=O)OC(C)C,[-0.4697774   0.9096727  -1.         -0.98900235  0.5493634 ]
CC(C)c1cccc(OC(=O)N(C)C)c1,[-0.22535047  0.45394406 -0.60151273  0.7194847  -0.12676744]
Cc1cnc(Nc2cc(N3CCOCC3)nc(N[C@@H](C)c3ncc(F)cn3)n2)s1,[ 0.10523617  1.         -0.60697067 -0.41499263 -0.28486022]
CNC(=N)c1cccc(CC(CC(=O)N2CCC(C)CC2)NS(=O)(=O)c2ccc3ccccc3c2)c1,[-0.2225239  -0.27815136 -0.4271788   0.23178372 -0.6189409 ]
CC12CCC3c4ccc(O)cc4CC(CCCCCCCCCS(=O)CCCC(F)(F)C(F)(F)F)C3C1CCC2O,[ 0.1586072   0.02804255 -0.78556406  0.2707869   0.23172064]
CC(O)C(=O)Nc1c(I)c(C(=O)NC(CO)CO)c(I)c(C(=O)NC(CO)CO)c1I,[ 0.20091468  0.5990362   0.5869323  -0.42855328 -0.21929784]
COc1cc([C@@H]2c3cc4c(cc3[C@@H](O[C@@H]3O[C@@H]5CO[C@@H](C)O[C@H]5[C@H](O)[C@H]3O)[C@H]3COC(=O)[C@H]23)OCO4)cc(OC)c1O,[ 1.  1. -1. -1.  1.]
OCCOCCN1CCN(C(c2ccccc2)c2ccccc2)CC1,[-0.18839112  0.79977864 -0.72904676 -0.8196738  -0.09320461]
CC[C@H](C)[C@H](NC(=O)[C@H](CCC(=O)[O-])NC(=O)[C@H](CCC(=O)[O-])NC(=O)[C@H](Cc1ccccc1)NC(=O)[C@H](CC(=O)[O-])NC(=O)CNC(=O)[C@H](CC(N)=O)NC(=O)CNC(=O)CNC(=O)CNC(=O)CNC(=O)[C@@H]1CCCN1C(=O)[C@H](CCCNC(N)=[NH2+])NC(=O)[C@@H]1CCCN1C(=O)[C@H]([NH3+])Cc1ccccc1)C(=O)N1CCC[C@H]1C(=O)N[C@@H](CCC(=O)[O-])C(=O)N[C@@H](CCC(=O)[O-])C(=O)N[C@@H](Cc1ccc(O)cc1)C(=O)N[C@@H](CC(C)C)C(=O)[O-],[-0.11501614  0.32029727 -0.27488062 -0.6979186  -0.02868667]
CC(C)NC(=O)c1cnc(N2CCC(N3C(=O)OCc4ccccc43)CC2)c(Cl)c1,[-0.41658363  0.956446   -0.7934361  -0.6339485  -0.43751276]
CCC1(CC)Oc2cccc(OC(=O)N(C)C(C)=O)c2O1,[ 0.495982    0.872199   -0.73052293 -1.          0.32102937]
CC(C)(C)c1ccc(OP2OCC3(CO2)COP(Oc2ccc(C(C)(C)C)cc2C(C)(C)C)OC3)c(C(C)(C)C)c1,[-0.19884628  0.32371077 -0.4968581  -0.03190552  0.0156241 ]
O=C(O)COc1ccc(Cl)cc1CN1CCN(S(=O)(=O)Cc2ccccc2)CC1,[ 0.35847932  0.8364835  -0.9841901  -0.58297235  0.03344047]
c1ccc2sc(SNC3CCCCC3)nc2c1,[ 0.21793139  0.9014246  -0.8407519  -0.822748   -0.45163527]
OCCOCCN1CCN(C(c2ccccc2)c2ccc(Cl)cc2)CC1,[ 0.5219321   0.5172872  -0.5533101  -1.         -0.07680783]
C=CC[N+]1([C@H]2C[C@H]3[C@@H]4CC[C@H]5C[C@H](O)[C@@H](N6CCOCC6)C[C@]5(C)[C@H]4CC[C@]3(C)[C@H]2OC(C)=O)CCCC1,[-0.2713147   0.61738145 -0.76152384 -0.732243   -0.26266396]
COC(=O)C(C)N(C(=O)Cc1ccccc1)c1c(C)cccc1C,[ 0.06935681  0.01537433 -0.758303   -0.74961597 -0.16982883]
COc1ccc(NC(=O)c2ccnc(N)n2)cc1,[-0.18751699  0.85390127 -0.74462885 -0.4471305   0.04455319]
BrC12CC3CC(CC(C3)C1)C2,[-0.3563046   0.6003834  -0.9704884  -0.879841    0.02978992]
CCC1(CC)C(=O)NCC(C)C1=O,[ 0.68211097 -0.93406427 -0.8590435  -0.19577487  0.1923651 ]
O=C(/C=C/c1ccccc1)NCCO,[-0.7118218   0.75462496 -0.6779067  -0.35303658 -0.06036913]
CC(C)=CCCC(C)=CCCC(=CCCC(C)=CCO)CO,[ 0.3342423   0.51873654 -0.5409527  -0.71071845 -0.36615393]
CC(=O)C1OC1(C)C,[ 0.53841263  0.75874794 -0.97419554 -0.5958761  -0.31363788]
C=CCc1ccccc1OCC(O)C[NH2+]C(C)C,[ 0.30609825 -0.3422428  -0.06093175 -0.9699994  -0.5347082 ]
CN(C)N=Nc1nc[nH]c1C(N)=O,[ 0.10284729  0.04838087 -0.6224976  -0.9924135   0.5676403 ]
CSCC(NC(=O)COc1cccc2cnccc12)C(=O)NC(Cc1ccccc1)C(O)C(=O)N1CSCC1C(=O)NC(C)(C)C,[ 0.52442145  0.5709173  -0.17220171 -0.47773382 -0.04696988]
CC#CCC(C)C(O)C=CC1C(O)CC2Oc3c(CCCC(=O)O)cccc3C21,[ 0.48536006  0.9309936  -0.8152468  -0.49475247 -0.16648321]
CCOC(=O)CCN(SN(C)C(=O)Oc1cccc2c1OC(C)(C)C2)C(C)C,[-0.46488044  0.8516124  -0.7078162  -0.8539246  -0.10551398]
Cc1ncsc1C(=O)N(Cc1cc(=O)[nH]c2c(F)cccc12)c1cccc(Cl)c1,[ 0.01794437  0.82281643 -0.8719027  -0.63651943 -0.21652173]
CC1(C)CC2(NC(=O)N(CCCN3CCC(O)CC3)C2=O)c2cc(F)ccc2O1,[-0.2898705  0.883312  -0.7624669 -0.4320748 -0.2663493]
COc1ccc(C(Oc2ccccc2)C2=NCCCN2)cc1,[ 0.07716734 -0.57592756 -0.5216783  -0.6418505   0.08249686]
CCCCn1c(=O)n(CCC)c(=O)c2[nH]c(C)nc21,[ 0.2108545  -0.30286396 -0.6594353  -0.12275171 -0.00564358]
CC1CCCCN1N=O,[ 0.25557896  0.74518067 -0.7589453  -0.6905415  -0.4268511 ]
OCCOCCCl,[ 0.19839789  0.8481311  -0.9473897  -0.9635588  -0.3914865 ]
O=CNC(N1CCN(C(NC=O)C(Cl)(Cl)Cl)CC1)C(Cl)(Cl)Cl,[ 0.38148242  0.8525037  -0.82582897 -0.90911955 -0.14737609]
COc1ccc2c(O[C@@H]3C[C@H]4C(=O)N[C@]5(C(=O)NS(=O)(=O)C6CC6)C[C@H]5/C=C\CCCCN(C)C(=O)[C@@H]4C3)nc(-c3ccc(F)cc3)nc2c1C,[ 0.44489127  0.5907791  -0.673784   -0.9275391   0.00490204]
COC(C)CC(=O)O,[ 0.31145778  0.72484255 -0.7955107  -0.68196535 -0.5991606 ]
COP(=O)(OC)OC(=CCl)c1cc(Cl)ccc1Cl,[ 0.44220144  0.82016987 -0.88538    -0.4874219   0.35539147]
CN(C)C(=O)Cl,[ 0.44495982  0.4714955  -0.60022604 -0.4767475   0.10777479]
CCNC(=S)NCC,[ 0.67506737  0.7984625  -0.87443924 -0.33188194 -0.42308527]
CN(C)c1ccc(O)c2c1CC1CC3C([NH+](C)C)C([O-])=C(C(N)=O)C(=O)C3(O)C(O)=C1C2=O,[ 0.00928094  0.77324253 -0.69662184 -0.7187499  -0.5750186 ]
CCOP(=S)(OCC)OC(=CCl)c1ccc(Cl)cc1Cl,[-0.50711954 -0.15121974 -0.24492264  0.15573947 -0.20061749]
CC=CC=CC=O,[ 0.38260385  0.6142934   0.19133127 -0.15143324 -0.30330902]
CBr,[-0.42341948  0.74871093 -0.8084939  -0.8223205   0.26152405]
CCN1CN(CO)C(=O)N(CO)C1,[ 0.5499607   0.2954327  -0.5199511  -0.7145009  -0.33620766]
Cc1cc(Cl)ccc1OCC(=O)O,[ 0.2907647   0.81615967 -0.84642106 -0.7711209   0.38289934]
COP(=O)(OC)Oc1ccc([N+](=O)[O-])c(Cl)c1,[ 0.39826018  0.92202514 -0.77805    -0.68245244 -0.2007347 ]
O=C(Nc1ccc(Br)cc1)c1cc(Br)cc(Br)c1O,[ 0.1523021   0.52797425 -0.96248883 -0.60626537 -0.76977825]
CNC(=O)Oc1cccc2c1OC(C)(C)O2,[ 0.3243864   0.76277244 -1.         -0.84304124 -0.5108115 ]
Cc1cccc(C)c1NC(=O)C1CCCC[NH+]1C,[ 0.27267224  0.89124066 -0.761506   -0.61926657 -0.58457536]
CC(C)(C)NC(=O)C1CC2CCCCC2CN1CC(O)C(Cc1ccccc1)NC(=O)C(CC(N)=O)NC(=O)c1ccc2ccccc2n1,[ 0.1053229   0.5640688  -0.5789947  -0.50583816 -0.5195771 ]
CN1CCN2c3ncccc3Cc3ccccc3C2C1,[ 0.51198053  0.765366   -0.6173481  -0.63370454 -0.67678374]
Cc1ccc(NC(=O)c2ccc(C#N)cc2)cc1-n1cnc2ccc(N3CCN(C)CC3)cc2c1=O,[-0.11522238  1.         -0.77106124 -0.96979505  0.18848144]
Cc1cccc(C)c1CCNC(N)=O,[-0.2357497   0.7672062  -0.12515816 -0.7881161   0.3707522 ]
C=CCI,[ 0.4839496   0.6526085  -0.6728345  -0.2763881   0.34733254]
Cc1cnc(C)c(C)n1,[ 0.2106862   0.6922751  -0.6756713  -0.43892115  0.14245014]
Cc1nn(C2CCCCC2)c(N)c1-c1ccccc1,[-0.09043301  0.870706   -0.8702605  -1.         -0.17273834]
Nc1ccc(Cl)cc1Cl,[-0.04313179  0.7964275  -0.84162533 -0.6523956  -0.44693473]
CCCCSCCCC,[ 0.4033787   0.90766376 -1.         -0.80435693  0.518058  ]
COc1cc(OC)c(S(=O)(=O)NCc2ccccc2N2CCCCC2)cc1NC(=O)CCC(=O)O,[ 0.24835092  0.6560251   0.6648568  -0.79194295 -0.24842979]
COP(=O)(OC)SC(CC(=O)OC(C)C)C(=O)OC(C)C,[ 0.1266447   0.90543586 -0.54980034 -0.49141216  0.22521   ]
CC1CN(C2CCCCCCCCCCC2)CC(C)O1,[ 0.45987937  0.790593   -0.73172575 -0.23305807 -0.3178636 ]
S=C1NCCC(COc2ccccc2)O1,[-0.03679114  0.50067997 -0.96486306 -0.5996606   0.5417726 ]
COc1cc(C2c3cc4c(cc3C(OC3OC5COC(C)OC5C(O)C3O)C3COC(=O)C23)OCO4)cc(OC)c1O,[-0.15556122 -0.15233076 -0.705299   -0.6479779  -0.24535866]
COc1ccccc1Oc1c([N-]S(=O)(=O)c2ccc(C(C)C)cn2)nc(-c2ccnc(-c3nnn[n-]3)c2)nc1OCCO,[ 0.5566655   0.07343601  0.192046   -0.59256345 -0.45011482]
CC(C)(C)CC(=O)Nc1c(F)cc(C(=O)Nc2nccs2)cc1F,[ 0.2931968   0.77228874  0.4463333  -0.24519476  0.05726868]
FC(F)(F)c1nc2c(Cl)c(Cl)cc(Cl)c2[nH]1,[ 0.3524967   0.19617288 -0.62066215 -0.9206     -0.36715093]
CCC(C)OC=O,[ 0.40953022 -0.32398203 -0.5848633  -0.35430676 -0.631949  ]
Cc1c(OC2CCN(CC3CCN([C@@](C)(Cc4ccc(F)cc4)C(=O)O)CC3)CC2)ccc(Cl)c1Cl,[ 0.3973458   0.22808667 -0.9934215  -0.61370516 -0.26957598]
C[C@@H](O)[C@H]1C(=O)N2C(C(=O)O)=C(SCCNC=N)C[C@H]12,[ 0.2550116  -0.26921993 -0.6328458  -0.7071234  -0.48185807]
CC(C)C1NC(=O)c2ccccc2O1,[ 0.11987382  0.82425743 -0.65034026 -0.7046689  -0.13617373]
CNC(=O)c1cccc2c(Nc3ccc(NS(C)(=O)=O)cc3OC)c3cccc(C)c3nc12,"[-3.0678074e-04  6.1805129e-01 -9.7814614e-01 -4.4787291e-01
  8.2646412e-01]"
CCN(CC)CCO,[ 0.37574738  0.94388646 -1.         -0.9502966  -0.48172066]
Clc1ccc(N2N=NC3C4CC(C5N=NC45)C32)cc1,[ 0.02806845  0.6427423   0.27603382 -0.51887786 -0.40182582]
CN(C)N(C)N=O,[ 0.21625113  0.78696793 -0.81109506 -1.          0.4699094 ]
Cc1ccc2nc(C[N+]34CCC(CC3)[C@@H](OC(=O)[C@](C)(c3ccccc3)N3CCCCC3)C4)oc2c1,[ 0.510777    0.86341465 -0.8064508  -0.47907764 -0.40434232]
CNC(=O)Oc1ccc(CCC#N)cc1,[ 0.18638994  0.44552454 -0.7498779  -0.53635633  0.25748542]
CC(=O)OCCOCCOCCOC(C)=O,[ 0.5803434   0.8286221   0.1066381  -0.4267759  -0.30640104]
C=C(OP(=O)(OC)OC)P(=O)(OC)OC,[-0.07081559  0.874159   -0.58529687  0.66615945 -0.21965528]
CC(=O)C1(O)Cc2c(O)c3c(c(O)c2C(OC2CC(N4CC4)C(OS(C)(=O)=O)C(C)O2)C1)C(=O)c1ccccc1C3=O,[ 0.02327794  0.95594484 -0.7123649  -0.12559481 -0.3638473 ]
O=CCCCC=O,[ 0.4105672   0.7791943  -0.7767535  -1.         -0.35819876]
C=C(C)C(=O)OCCCC,[-0.08641687  0.77312964 -0.6682762  -0.8055933  -0.49067044]
Cc1cc(-c2ccc(Cl)c(C(=O)NCC3(O)CCCCCC3)c2)nn1C[C@H](O)CN,[ 0.5894916  0.3632681 -1.        -1.        -0.276344 ]
O=Cc1ccc(O)cc1,[ 0.40703946  0.43296677 -0.5444781  -0.6746733  -0.24890888]
O=S1(=O)CCN(c2ccccc2)CC1,[ 0.13137922 -0.39450997 -0.5998475  -0.5808795   0.68982774]
COc1cc2ncc(C(N)=O)c(Nc3cccc(Cl)c3Cl)c2cc1N1CCN(C)CC1,[-0.13350174  0.9411451  -0.8540051  -0.7916922  -0.3496054 ]
C[C@]12C[C@H](O)[C@H]3[C@@H](CCC4=CC(=O)CC[C@@]43C)[C@@H]1CC[C@]2(O)C(=O)CO,[ 0.12856828  0.99494505 -0.5155339  -0.5049781   0.06704707]
O=C(CO)N1CCC(c2[nH]nc(-c3ccc(Cl)cc3F)c2-c2ccncn2)CC1,[ 0.13818417  0.95852184 -0.72543037 -0.04194784  0.7771262 ]
Cc1ccccc1S(=O)(=O)NC(=O)N1CCC(N2CCC(Oc3ccc(Cl)c(Cl)c3)CC2)CC1,[ 0.04433558  0.916225   -0.9886015  -0.7370833  -0.43920168]
CCCCCCCCC1OC1CCCCCCCC(=O)OCC1(CC)OC1CCC,[ 0.6202768   0.4788527  -0.71284354 -0.501796   -0.04518234]
CN(C)C(=O)Oc1cccc2sccc12,[-0.01226603  0.8626521  -0.67990714 -0.5580854  -0.03324659]
Cc1c(CN2CCOC(c3ccccc3)C2C)c(=O)n(-c2ccccc2)n1C,[-0.09240309  0.6776446  -0.5990462  -0.61239845 -0.3256639 ]
COc1cc2c(cc1OC)C1CC(=O)C(CCC#N)CN1CC2,[ 0.09018493  0.8857428  -0.8127685  -0.81235725  0.47513455]
C[C@@H]1O[C@@H](O[C@H]2[C@H](Oc3cc(O)c4c(c3)O[C@H](c3ccc(O)cc3)CC4=O)O[C@H](CO)[C@@H](O)[C@@H]2O)[C@H](O)[C@H](O)[C@H]1O,[ 0.38411656  0.01317888 -0.7312711   0.7111786   0.02892466]
OC(CCN1CCCC1)(c1ccccc1)C1CCCCC1,[ 0.17416614  1.         -0.68300563 -0.59660244 -0.09264567]
C[C@@H](NC1=CC(=O)CNC1)c1ccc(Nc2ncc3cc(-c4ccncc4)ccc3n2)cc1,[-0.002245    0.8593329  -0.72732854 -0.77280194  0.304417  ]
COc1cc(N)c2c(c1N)C(=O)c1ccccc1C2=O,[ 0.25869995  0.33381155 -0.7723998  -0.9707072  -0.27126315]
C1=CCCC=CCCC=CCC1,[-0.03837759  0.85726196 -1.         -1.         -0.16835207]
Cc1cc(-n2cccc2)c(S(C)(=O)=O)cc1C(=O)NC(=N)N,[ 0.03476507  0.8823083  -0.73499733  0.2560517  -0.05905735]
N#Cc1cc(Br)c(O)c(Br)c1,[ 0.25178722  0.9926511  -0.67572546 -0.60321844  0.19215447]
CCN(CC)CCNC(=O)c1cc(Br)c(N)cc1OC,[ 0.13313842  0.889475   -0.59505963 -0.6649171   0.18497168]
FC(F)(F)c1nc2c(Br)cc(Br)cc2[nH]1,[ 0.23590623  0.9062724  -0.78501683 -0.6815734  -0.35027957]
CNC(=O)OCc1cccc(COC(=O)NC)n1,[ 0.13473794  0.6566967  -0.5939647  -0.11017798 -0.00082328]
O=C([O-])CCCc1ccc(N(CCCl)CCCl)cc1,[ 0.16705172  0.9329746  -0.6197437  -0.72023296 -0.20077081]
CN1CCN(CCCN2c3ccccc3Sc3ccc(Cl)cc32)CC1,[-0.1043059   0.66863215 -0.76957804 -0.18504727 -0.63105893]
CC[C@H]1NC(=O)[C@@H](NC(=O)c2ncccc2O)[C@@H](C)OC(=O)[C@H](c2ccccc2)NC(=O)[C@@H]2CC(=O)[C@H](CS[C@@H]3CN4CCC3CC4)CN2C(=O)[C@H](Cc2ccc(N(C)C)cc2)N(C)C(=O)[C@@H]2CCCN2C1=O,[-0.15795834 -0.9029063  -0.77037984 -0.35236385 -0.12777978]
CC(C)=CC1C(C(=O)OC(C#N)c2cccc(Oc3ccccc3)c2)C1(C)C,[-0.08241107  0.40357694 -0.83346945 -0.49912468  0.3218504 ]
CC(C)OCCCO,[ 0.565777    0.9671329  -0.7731919  -0.00151065  0.08417566]
CC(=S)NC[C@H]1CN(c2ccc(-c3nnc(CNS(C)(=O)=O)s3)c(F)c2)C(=O)O1,[ 0.8138331   0.826121   -1.         -0.11615004 -0.42551824]
CC=C(CC)C(=O)NC(N)=O,[ 0.1929335   0.8535239  -0.77930814 -0.61258096 -0.13902599]
CCOP(=S)(OCC)OC(C)CC,[-0.11043755 -0.3591155  -0.04071763 -0.880144    0.05575792]
CC(=O)SCC(=O)Nc1nc2ccccc2s1,[ 0.23313718  0.7632913  -0.5489798  -0.9161976  -0.35707808]
Cc1cc(Nc2cncc(N[C@@H](C)c3ccc(F)cn3)n2)n[nH]1,[ 0.07878035 -0.707285   -0.48196772 -0.3400203  -0.0274861 ]
O=C(COc1ccc(Cc2ccc(Cl)cc2)cc1)OCc1cccnc1,[-0.05758609  0.8015553  -0.8059539  -0.7796492  -0.30308184]
CCCOCCOC(=O)C1=C(C)NC(C)=C(C(=O)OCCOCCC)C1c1cccc([N+](=O)[O-])c1,[ 0.44025773  1.         -0.77105415 -0.9686715  -0.2085714 ]
O=CNc1cc([C@@H](O)CNCCc2ccc(NC[C@H](O)c3ccccc3)cc2)ccc1O,[-0.20183818 -0.24872649 -0.4020806   0.4482386   0.23127644]
NCCNCc1ccccc1O,[-0.32916462  0.9909364  -0.7669965  -0.03235882 -0.09582321]
COP(=S)(OC)Oc1ccc(C#N)cc1,[ 0.2918241   0.4243715  -0.72650653 -0.7715242   0.23289838]
CCNc1nc(NCC)nc(OC)n1,[ 0.23413868  0.49348903 -0.5934802  -0.87114197 -0.03256987]
CC(C)(C)c1cc(O)ccc1O,[ 0.3202276   0.8743765  -0.27607068  0.361019    0.01168589]
Cc1cc(Nc2nc(N[C@@H](C)c3ccc(F)cn3)c(C#N)cc2Cl)n[nH]1,[ 0.22023228  0.65996605  0.25566813 -0.35670328 -0.5056273 ]
COc1cc(C(=O)NC2CCCNC2)cc(OC)c1OC,[ 0.06316483  0.9857952   0.46444508 -0.50999707  0.11378966]
CCc1nc(N)nc(N)c1-c1ccccc1,[ 0.42601672  0.6141404  -0.7655389  -0.8808367  -0.04030221]
CCNC(=O)C=Cc1cccc(Br)c1,[ 0.333561    0.1159445  -0.07238369  0.42030132  0.39575303]
O=C1COc2ccc(CNC3CCN(CCN4C(=O)COc5ccc(Cl)cc54)CC3)nc2N1,[ 0.54970837  0.6193483  -1.         -1.         -0.01475359]
Cc1c(OCC(F)(F)F)ccnc1CS(=O)c1nc2ccccc2[nH]1,[ 0.44550925  0.8365658  -0.7545499  -0.7860183  -0.36636245]
CC[C@H]1OC(=O)[C@H](C)[C@@H](O[C@H]2C[C@@](C)(OC)[C@@H](O)[C@H](C)O2)[C@H](C)[C@@H](O[C@@H]2O[C@H](C)C[C@H](N(C)C)[C@H]2O)[C@](C)(O)C[C@@H](C)C(=O)[C@H](C)[C@@H](O)[C@]1(C)O,[-0.01047561 -0.75360656 -1.         -0.66104054  0.00534365]
CC(C)[N+](=O)[O-],[ 0.40628275  0.9191393  -0.8271773  -0.6782418  -0.5043109 ]
CC1CCC(N)CC1N,[ 0.6977854   0.748008   -0.3863396  -0.01436285 -0.1118061 ]
O=C1NC(=O)C(c2ccccc2)(c2ccccc2)C(=O)N1,[ 0.60098785  0.26196665 -0.8085333  -1.         -0.23182547]
CSc1ccc(C(=O)c2[nH]c(=O)[nH]c2C)cc1,[ 0.3170739   0.5695234  -0.9723332  -0.76353574  0.7364766 ]
O=c1cc(-c2ccc(O)cc2)oc2cc(O)cc(O)c12,[ 0.05774954  0.78142613 -0.59438837 -0.30352947 -0.22572105]
C#CC1(O)CCC2C3CCC4=CC(=O)CCC4C3C(=C)CC21CC,[ 0.34957305  1.         -1.         -0.62627965 -0.10715513]
FC1(F)CC(C2CC3(Cl)C(Cl)=C(Cl)C2(Cl)C3(Cl)Cl)C1(F)F,[ 0.591344    0.25599667 -0.92610586  0.35493112 -0.05457652]
Nc1c(Cl)c(Cl)c2[nH]c(C(F)(F)F)nc2c1Cl,[ 0.43726966  0.67200536 -0.5149505  -0.74090546  0.26781353]
Clc1cccc([Si]23OCCN(CCO2)CCO3)c1,[ 0.37178296  0.6554012   1.         -0.7505007   0.764063  ]
CN1CCCCC1CCN1c2ccccc2Sc2ccc(S(C)=O)cc21,[ 0.40702432  0.8046723  -1.         -0.9042661  -0.36342874]
O=[N+]([O-])c1cccc(O)c1,[-0.36942908  0.281129   -0.72894716 -0.7068045   0.28714484]
N#CSCCSC#N,[-0.13441806  1.         -1.         -0.9393816  -0.41880456]
C=CCOC(=O)CCCCC,[ 0.16746914  0.7187276   0.24441713  0.49183568 -0.13359213]
Nc1nc2ccc(OC(F)(F)F)cc2s1,[-0.80392504  0.7630679  -0.7578919  -0.11149985  0.04892512]
CCCOCCN(C(=O)CCl)c1c(CC)cccc1CC,[ 0.43499544  0.8261945  -0.8022357  -0.02527538  0.21801196]
CCC(C)(CC)c1cc(N)on1,[-0.09655843  0.68215585 -0.5869909  -0.6443829  -0.12932836]
CCCCC(CC)CNC1CCCCC1,[-0.18185185 -0.18066522 -0.7700553  -0.38782677 -0.6642405 ]
N#CC(c1ccccc1)c1ccccc1,[ 0.19621225  0.6503107  -0.7809564  -0.5555179  -0.03837119]
CN(C)Cc1cc(CN(C)C)c(O)c(CN(C)C)c1,[ 0.50723803  0.7862059  -0.57412523 -0.17731887 -0.07637195]
O=[N+]([O-])c1ccc(Nc2ccccc2)c(S(=O)(=O)O)c1,[ 0.07731646  0.42175245 -0.40429446 -1.          0.3752756 ]
CCCCCCN,[-0.37671897  0.99535197 -0.47583556 -0.56140095  0.08502712]
O=C(CCc1ccccc1)OC1=C(OC(=O)CCc2ccccc2)C(=O)OC1=O,[-0.36206284  0.82904476 -0.85502255 -0.63052917  0.15423146]
CCOC(=O)c1c(C)cc2c(CO)n[nH]c(=O)c2c1C,[ 0.16386698  0.5685943  -0.6204445  -0.5594469  -0.10166756]
C/C=C/c1cc(OC)c2c(c1)C(C)C(c1cc(OC)c(O)c(OC)c1)O2,[ 0.5041412   0.39556482 -0.33396974 -0.84245664  0.67086005]
COc1ccccc1NC(=O)CC(C)=O,[-0.63499844  0.6724704  -0.8035557  -0.6752253  -0.388617  ]
O=c1[nH]c2c(O)ccc([C@@H](O)CNCCSCCCNCCc3cccc(Cl)c3Cl)c2s1,[ 0.39460304  0.48993275 -0.6002822   0.3975788  -0.20596689]
CC(NNC(=O)c1ccccc1)c1ccccc1,[ 0.1755903   0.7399116  -0.6471267  -0.7518502   0.12434029]
COc1ccc2ncc(=O)n(CCN3CC[C@@H](NCc4cc5c(cn4)OCCO5)[C@H](O)C3)c2c1,[ 0.0196963   0.45428267 -0.7786501  -0.81167465  0.11260328]
CCOCCCO,[ 0.16734898  0.10230405 -0.75097317 -0.2567623   0.15635522]
CCP(=O)(OC)SC,[-0.09882098  0.84116644 -0.9224121  -1.          0.7325087 ]
COc1nc(C)nc(Cl)c1NC1=NCCN1,[ 0.4294492   0.79341304 -0.84296197 -0.5142871  -0.14285919]
C=CS(C)(=O)=O,[ 0.14214091  0.4110491  -0.8192391  -0.7878727  -0.3036986 ]
CN(SSC(C)(C)C)C(=O)ON=C1SCCS1,[ 0.5505464   0.52575994 -0.7874893   0.29850933  0.3059581 ]
C/C=C/CC(C)C(O)C1C(=O)NC(CC)C(=O)N(C)CC(=O)N(C)C(CC(C)C)C(=O)NC(C(C)C)C(=O)N(C)C(CC(C)C)C(=O)NC(C)C(=O)NC(C)C(=O)N(C)C(CC(C)C)C(=O)N(C)C(CC(C)C)C(=O)N(C)C(C(C)C)C(=O)N1C,[ 0.12756664  0.8256415  -0.78250456 -0.8176333   0.04258138]
O=c1cc(Cn2c(C3CCC3)nc3nccnc32)c2ccc(F)c(F)c2[nH]1,[ 0.04183273  1.         -1.         -0.5895582  -0.30513328]
CCN(CC)CCOCCO,[ 0.19486007 -0.4432584  -0.84995556 -0.7855354  -0.01328828]
O=C(O)COc1ccccc1,[ 0.19155997 -0.26243243 -0.51362854 -0.25938457 -0.2973161 ]
CC(C(=O)O[C@@H]1CC[N+](C)(C)C1)(c1ccccc1)C1CCCC1,[-0.11402962  1.         -0.58712953 -0.67184913  0.04197993]
Cc1cc(=O)n(CSP(=S)(OC(C)C)OC(C)C)nc1Cl,[-0.20408039  0.19108471 -0.83680177 -0.74797606  0.06419579]
O=C1CCc2ccccc2O1,[ 0.1204213  -0.1415857  -0.4451447  -0.80982476  0.57231265]
Cc1cc(Nc2nc(N[C@@H](C)c3ccc(F)cn3)c(C#N)cc2F)n[nH]1,[ 0.21353358  0.9011067  -0.62289107 -0.7315755   0.14140734]
OCC(O)CO,[ 0.38869128  0.57387686 -1.          0.38752785 -0.25984728]
Cn1c(COP(=O)(NCCBr)NCCBr)cnc1[N+](=O)[O-],[ 0.09616617  0.89094645 -0.9603745  -0.20337684 -0.02345378]
ClC(=NNc1c(Cl)cc(Cl)cc1Cl)c1ccccc1,[ 0.30577257  1.         -0.80230033 -0.6477546   0.30240542]
COP(=S)(OC)Oc1ccc(C#N)cc1C,[-0.5487126  -0.00611568 -0.929541    1.          1.        ]
COCCN(C(=O)CCl)c1c(C)cccc1C,[-0.39859584  0.380067   -0.5425889  -1.          0.36215425]
CCC(=O)OC1C(C)OC(OC2C(C)OC(OC3C(CC=O)CC(C)C(O)C=CC=CCC(C)OC(=O)CC(OC(C)=O)C3OC)C(O)C2N(C)C)CC1(C)O,[-0.2197465   0.8966025  -0.91907716 -0.9270384  -0.33689442]
CCN(CCO)c1cccc(C)c1,[-0.1889274   0.6516833  -0.62028474 -0.5727464  -0.11036441]
COc1ccc(-c2cc(=O)c3ccc(OC)cc3o2)cc1,[-0.17453347  0.9729008  -1.         -0.5192528   0.2843956 ]
CNC(=O)ON=C(C)SCC(=O)N(C)C,[ 0.36426285  0.8808267  -0.4152162   0.9204299   0.02943639]
CC(C)Oc1cc(-n2cnc3ccc(N[C@@H](CO)c4ccc(F)cn4)nc32)n[nH]1,[-0.6529936   0.73807824 -0.48247337 -0.57003623  0.06218756]
O=C(Oc1ccccc1)c1ccccc1C(=O)Oc1ccccc1,[ 0.01275738  0.57332945 -0.6338969  -0.5759343  -0.05866993]
CCCNC(=O)[N-]S(=O)(=O)c1ccc(Cl)cc1,[-0.01367578  0.859889   -0.77971596 -0.37417573 -0.4561931 ]
Nc1ccc(Cl)cc1,[ 0.47049198  0.5607265  -0.1436967  -0.78079593 -0.24531993]
CCC(C)c1ccc(Oc2ccc(C)cc2CC(=O)O)c(Cl)c1,[ 0.626953    0.9392717  -0.97857875 -0.4328878  -0.12391063]
Nc1ccc([N+](=O)[O-])cc1N,[ 0.2258212   0.62878615 -0.8424179  -0.43424723 -0.24138285]
CCOC(=O)Nc1ccc(NCc2ccc(F)cc2)cc1N,[-0.74268574  0.8219667  -0.6424862  -0.72450054 -0.06383472]
COC(=O)C1=C(C)NC(C)=C(C(=O)OCCN(C)Cc2ccccc2)C1c1cccc(N(O)O)c1,[ 0.20135613  0.6927152  -0.63259906 -0.9825439  -0.20217882]
C[C@H](Cc1cccc(CC(=O)NC23CC4CC(CC(C4)C2)C3)c1)NC[C@H](O)c1ccc(O)c(CO)c1,[ 0.49787897  0.7403851  -0.9389679   0.01011246 -0.4595029 ]
Nn1cnc2cc3ccccc3cc2c1=O,[ 0.05784914  1.         -0.36803913 -0.56620723 -0.28580976]
CCCCCCCC=CC=O,[ 0.277975    0.8382045  -0.85909104 -0.9469662   0.03703549]
C=CC(=O)NCNC(=O)C=C,[ 0.5228293   0.76999825 -0.7601933  -0.8109213   0.03969102]
NC(=O)Nc1cccc2c3c([nH]c12)CCCC3,[ 0.51206905  0.35798827 -0.8020697  -0.27115846 -0.02068915]
CNC(=O)CSP(C)(=S)OC,[ 0.38289252 -0.30745572 -0.18289839 -0.08488379 -0.12151318]
CC#CN(CC)CC,[ 0.32423002  0.62619656 -0.9420708  -0.70099056 -0.22085688]
COc1cc2nc(N3CCN(C(=O)C(C)OC)CC3)nc(N)c2cc1OC,[ 0.31039172  0.8454696  -0.6297614  -0.8782846   0.25203642]
CCCCCCCC(=O)N[C@@H](CCN)C(=O)N[C@H](C(=O)N[C@@H](CCN)C(=O)N[C@H]1CCNC(=O)[C@H]([C@@H](C)O)NC(=O)[C@H](C)NC(=O)[C@H](CCN)NC(=O)[C@H](CC(C)C)NC(=O)[C@@H](Cc2ccccc2)NC(=O)[C@H](CCN)NC1=O)[C@@H](C)O,[ 0.47991994  0.28901285 -0.91876745 -0.5807642  -0.45050538]
COP(=S)(OC)SCc1nnc(SC)s1,[ 0.21958353  1.         -0.84738094 -0.8307511   0.54652315]
C=CCOc1ccccc1OCC(CNC(C)C)OC(=O)C1CC1,[ 0.08349274  0.6343909  -0.67327476 -0.78026336  0.38246486]
CNC(=O)ON=C(C)SC,[-0.43885958  0.8631653  -0.7841374  -0.6983131   0.6342562 ]
C1COCCOCCNCCOCCOCCN1,[-0.16412587  1.         -0.3920281  -0.8818757   0.35876897]
O=CCc1ccccc1,[ 0.17787953  0.07892103 -0.8468481   0.37663043 -0.12756659]
COP1(=S)OCc2ccccc2O1,[ 0.39189667  0.6939287  -0.503357   -1.         -0.29641587]
O=C1c2ccccc2N(C(=O)CN2CCOCC2)CN1c1ccccc1,[ 0.32312456  0.58480144 -0.8399118   0.1907044  -0.12266336]
COc1cc(C=CC(N)=O)ccc1O,[ 0.57558036  0.7057355  -1.         -0.3788786   0.01476352]
CCCCC(CC)C(=O)OC1=C(c2c(C)cc(C)cc2C)C(=O)c2ccccc21,[ 0.6273605   0.8517566  -0.8145528  -0.52531624 -0.58524823]
CC(=O)NCCCS(=O)(=O)[O-],[ 0.4283148   0.28774306 -0.50253636 -0.41927758 -0.16818167]
Oc1c(O)c(-c2c(Cl)c(Cl)c(Cl)c(Cl)c2Cl)c(Cl)c(Cl)c1Cl,[ 0.02991672  0.74851936 -0.19306865 -0.47163728 -0.21968956]
Nc1cc2c(cc1C1CCCCC1)CCC2C(=O)O,[ 0.07641926 -1.         -1.         -1.         -1.        ]
O=[N+]([O-])c1nccs1,[ 0.6800376   0.52929854 -0.7475008  -0.7913192  -0.180482  ]
CCCCOc1ccccc1NC(C)=O,[-0.17604409 -0.52774936 -0.7105487  -0.49707156  0.7046354 ]
CCCCCCC(N)C(=O)N[C@@H](Cc1c(C)cc(O)cc1C)C(=O)N1CCC[C@@H]1C(=O)N[C@@H](Cc1c[nH]c2ccccc12)C(=O)N[C@@H](Cc1ccccc1)C(N)=O,[-0.2653093   0.6214886   0.4976239  -0.15785633 -0.36703208]
Cc1ncsc1C,[-0.21152201  0.8976812  -0.9078252  -0.7974483   0.23433506]
Cc1cc(OC(=O)N(C)C)n(C(C)C)n1,[-0.34520227  0.8072115  -0.43629223  0.28046185  0.11608247]
COc1ccc2ncc(F)c(CCN3CCC(NCc4cc5c(cn4)OCCO5)CC3)c2n1,[ 0.18224882  0.7075888   0.35187918 -0.6130994  -0.28287977]
CCCCC(C)(C)CO,[ 0.26543072 -0.20130678 -0.72046936 -0.50751066  0.23657443]
CC(C)c1cc(Oc2ccccc2)cc(C(C)C)c1NC(=S)NC(C)(C)C,[ 0.22201182  0.7722021  -0.81168616 -0.5287776   0.28800952]
CCCCCCCCCCCCCCCN,[-0.2593614   1.         -0.73837155 -0.8370979   0.37058476]
CC(O)CO,[ 0.17129357  1.         -0.82814693 -1.          0.95859766]
CON=C(C(=O)NC1C(=O)N2C(C(=O)O)=C(COC(N)=O)CSC12)c1ccco1,[-0.12134003 -0.13054346 -1.         -0.86805403 -0.06406327]
COc1ccc2c3c1OC1C(O)C=CC4C(C2)[N+](C)([O-])CCC341,[ 0.33892778  0.9044464  -0.7707012  -0.5891037  -0.45512697]
CCOP(=S)(OCC)Oc1cc(-c2ccccc2)on1,[-0.16886276  0.7847735  -0.61631763 -0.6785979  -0.30884928]
CCCSP(C)(=S)OP(C)(=S)SCCC,[ 0.02536598  0.8441496  -1.         -0.8320004  -0.09172537]
CC(C)=CCl,[-0.27732563  0.5558632  -1.         -0.7277018   0.41588816]
O=C(Oc1ccccc1)n1c(C(F)(F)F)nc2cc(Cl)c(Cl)cc21,[ 0.16259795  0.5285323  -0.30069494 -0.22676572 -0.03410306]
O=[N+]([O-])c1ccc(Cl)c([N+](=O)[O-])c1,[ 0.515892    0.14131004 -0.6296508   0.45182228  0.18621433]
Cc1cc(OC(=O)N(C)C)n(-c2ccccc2)n1,[-0.33333468  0.68041146 -0.60702324 -0.45045677 -0.15279403]
CC1=C2C[C@H]3[C@@H](CC=C4C[C@@H](O)CC[C@@]43C)[C@@H]2CC[C@]12O[C@@H]1C[C@H](C)CN[C@H]1[C@H]2C,[-0.2215417   0.6566061  -0.01865056 -0.55279    -0.10050495]
CC1CC(=O)NN=C1c1ccc([N-]N=C(C#N)C#N)cc1,[ 0.20635636  0.22242488 -0.61437577 -0.6424744   0.17502907]
O=C(O)CCCOc1ccc(Cl)cc1Cl,[-0.24983378  0.23801404 -0.71214586 -0.7424687   0.02644144]
CNC(=O)c1cccc2c(Nc3ccc(NS(C)(=O)=O)cc3OC)c3cccc(C)c3[nH+]c12,[ 0.38722852  0.8157946  -0.7006109  -0.38310805 -0.43576303]
COc1ccc(NC(=O)CF)cc1,[ 0.12478042  0.78446037 -0.5766475  -0.804048   -0.2743469 ]
CCC(=O)N(c1ccccc1)C1CC[NH+](CCc2ccccc2)CC1,[-0.01368614 -0.6553611  -1.         -0.48465636 -0.18049513]
CCC1OC(C)SC1=NOC(=O)NC,[-0.14207897  0.83507    -0.3863696   0.49511033  0.32166174]
Cc1ccn(C(=O)NCCCCCCCl)n1,[ 0.43427867 -0.03448079 -0.5895338   0.08934794  0.06374691]
C[C@H](CO)Nc1nc(SCc2ccccc2F)nc2[nH]c(=O)sc12,[-0.05719329  0.9013428  -0.25779393 -0.51469904  0.22467159]
CCN1CCCC1CNC(=O)c1cc(S(N)(=O)=O)ccc1OC,[ 0.07323699  1.         -0.8019884  -0.44045308 -0.12656097]
CCCCCCCCc1ccccc1O,[ 0.20885947 -0.15496582 -0.7153117  -0.42740285  0.09436993]
O=C(O)c1ccccc1C(=O)Nc1cccc2ccccc12,[ 0.04555367  0.7232628  -0.6008987  -0.88603646 -0.13568282]
CCCCN(N=O)C(N)=O,[ 0.14843023  0.6882289  -0.71691525 -0.8104875  -0.06226523]
CC(C)OC(=O)C(C(=O)OC(C)C)=C1SCCS1,[ 0.06014363  0.94159883 -0.97558206  0.23731439 -0.23573253]
CCOC(=O)COC(=O)c1cc(Oc2ccc(C(F)(F)F)cc2Cl)ccc1[N+](=O)[O-],[ 0.2690798   0.35867634 -0.41897365 -0.831525   -0.30051488]
C(=NC1CCCCC1)=NC1CCCCC1,[ 0.2063747   0.94609076 -0.6257589  -0.5855469  -0.26136962]
Cc1c(C(C)C)c(=O)n(-c2ccccc2)n1C,[ 0.1674232   0.5524231   0.9318131  -0.56211805 -0.15393265]
CON(C)C(=O)Nc1ccc(Cl)cc1,[-0.30207163  0.7269089  -0.25092798 -0.9621231  -0.17022504]
Cc1cc(Nc2nc(N[C@@H](C)c3ncc(F)cn3)nc(N3CCOCC3)c2F)n[nH]1,[ 0.08705752  0.41623083 -0.958618   -0.85242593 -0.11390021]
CCNC(=O)C(C)OC(=O)Nc1ccccc1,[ 0.19958314  0.80564904 -0.6655994  -0.79723966 -0.25554714]
CC(C)NCC(O)c1ccc(O)c(O)c1,[-0.07585353  0.86916715 -0.8265792  -0.3015099  -0.35998383]
COP(=S)(OC)SCc1nnc(C(C)C)o1,[-0.44042042  0.82434106 -0.8880077  -0.86822903  0.6196727 ]
Cn1cnc(S(=O)(=O)N(CCN(Cc2cncn2C)c2ccc(C#N)cc2)Cc2ccccc2)c1,[-0.22708583  0.7365389  -0.86165    -0.8183322  -0.01680533]
Nc1nc(Nc2ccc(S(N)(=O)=O)cc2)nn1C(=O)c1c(F)cccc1F,[ 0.546383    1.         -0.5729286  -0.463855   -0.14772125]
CC(C)NCC(O)COc1cccc2ccccc12,[ 0.40733385  0.68292296 -0.7716552  -0.76006967 -0.4444811 ]
Nc1c(CC(=O)[O-])cccc1C(=O)c1ccc(Br)cc1,[ 0.09636702  0.7045779  -0.7578181  -0.9244327   1.        ]
Cc1cnc(-c2cc(NC(=O)c3ccc(C(F)(F)F)nc3C)ccc2Cl)[nH]1,[ 0.19128606 -0.1552407  -0.30400568 -0.8065474   0.2652286 ]
O=c1[nH]c2ccccc2n1CCC[NH+]1CCC(n2c(=O)[nH]c3cc(Cl)ccc32)CC1,[ 0.12119279  0.2729099   0.31688422 -0.69466853 -0.5575156 ]
CN(C)C(Cc1ccccc1)c1ccccc1,[ 0.30330798  1.         -0.887641   -0.95032144 -0.08305821]
ClCC(Cl)Cl,[ 0.35790414  0.6168699  -0.71937966 -0.7726255  -0.21378762]
C[C@@H](N/C(=N\c1ccncc1)NC#N)C(C)(C)C,[ 0.08147073  0.7556403  -0.91092247 -0.8148604  -0.8677046 ]
CC(=O)O[C@H]1C[C@@H]2CC[C@@H]3[C@H](CC[C@@]4(C)[C@H]3C[C@H]([N+]3(C)CCCCC3)[C@@H]4OC(C)=O)[C@@]2(C)C[C@@H]1N1CCCCC1.[Br-],[ 0.04151317  0.9873305  -0.9140097  -0.686552   -0.4086433 ]
CC(=Cc1ccccc1)CC(=O)N1CCOCC1,[-0.03428965  0.9256198  -1.         -0.4483286   0.23923245]
[NH3+]C(C(=O)NC1C(=O)N2C(C(=O)[O-])=C(CSc3c[n-]nn3)CSC12)c1ccc(O)cc1,[-0.10731975  0.85946286 -0.6003862   0.34541526  0.09921017]
Cc1c(Sc2ccc(Cl)cc2)c2c(-c3ccccc3)cccc2n1CC(=O)O,[ 0.33762637  0.87751395 -0.46454903 -0.8141012  -0.15649942]
O=c1c(Cl)c(Cl)cnn1-c1ccccc1,[ 0.23609307  0.9121951  -0.79827964 -0.54222023 -0.32923743]
C1CSCCO1,[ 0.4225497   0.34245983 -0.6749437   0.04987829  0.09989434]
C=CCc1cc(OC)c2c(c1)OCO2,[ 0.32461432  0.9307472  -0.7056746  -0.6939927   0.18158497]
COC(=O)C1=C(C)NC(C)=C(C(=O)OCCN(C)Cc2ccccc2)C1c1cccc([N+](=O)[O-])c1,[ 0.31826013  0.7814176  -0.9105131  -0.89980984  0.18365952]
COc1cccc2c1cc([N+](=O)[O-])c1c(C(=O)O)cc3c(c12)OCO3,[-0.16242379  0.5774072  -0.7270042  -0.56823903 -0.5381979 ]
CCCCCCCCCCCCCCCCCCOP(=O)([O-])OCC[N+]1(C)CCCCC1,[-0.04025346 -0.6632674  -0.5096791  -0.52641    -0.33559006]
Cc1cn([C@H]2CCCN(S(=O)(=O)c3ccc(C#N)c(Oc4cccc(Cl)c4)c3)C2)c(=O)[nH]c1=O,[ 0.3754768   0.6460872   0.28312996 -0.48843935 -0.27720815]
COc1ccc(-c2nc3c(NCCCNC(C)=O)c(Br)cnc3[nH]2)cc1,[ 0.6246024   0.4919488  -0.5177245   0.27093083 -0.06987874]
CN1[C@@H]2CC[C@@H]1CC(OC(=O)C(CO)c1ccccc1)C2,[ 0.32540774  0.61638874 -1.         -0.421842    0.2288171 ]
CCCCC(=O)N(Cc1ccc(-c2ccccc2-c2nnn[n-]2)cc1)C(C(=O)[O-])C(C)C,[ 0.32601032 -0.5132717  -0.75360006 -0.81059486 -0.02588817]
C[N+](C)(Cc1ccc(NC(=O)c2ccc(Cl)c(Cl)c2)cc1)C1CCOCC1,[-0.76775014  0.84460473 -0.24985854 -0.90589243 -0.50087035]
CCNC(=O)CSP(=S)(OC)OC,[ 0.17706427  0.88031685 -0.7799876  -0.8334318  -0.479938  ]
CC1CCC2(O)C3(C)CC4(O)OC2(C1O)C1(O)C3(O)C(OC(=O)c2ccc[nH]2)C(O)(C(C)C)C41C,[ 0.21249837  0.8117284  -0.8137182  -1.          0.17456554]
O=C(O)Cc1ccccc1N1CCC(CN2CCC(Oc3ccc(Cl)c(Cl)c3)CC2)CC1,[ 0.09405579  0.96323884 -1.         -0.9792701  -0.29073024]
CC(C)(C)OC(=O)N1CCN(c2ncc(OCc3ccncc3)cn2)CC1,[-0.1219158   0.9475232  -0.39020923 -0.5752083  -0.12499328]
CO[Si](CCCOCC1CO1)(OC)OC,[-0.38140786  0.8352403  -0.7385527  -0.73578316 -0.0915162 ]
O=C(O)CCCCCC(=O)O,[ 0.30585325  0.8783335  -0.49119884 -0.24081494  0.01133941]
Clc1ccc(OCOc2ccc(Cl)cc2)cc1,[ 0.62311643  0.6751211  -0.6772088  -0.33297852  0.01902772]
CCCSP(C)(=S)SC(CC(=O)OCC)C(=O)OCC,[-0.24555303  0.8489818   0.34889606 -0.43666434  0.1912654 ]
OCCOc1cc(Cl)c(Cl)cc1Cl,[-0.49593708  0.8660459  -0.7139138  -0.23714998  0.07001365]
C=CCN1CCCC1CNC(=O)c1cc2nn[nH]c2cc1OC,[ 0.3277273  -0.07644799 -0.7813352  -0.4295786   0.77766895]
CNC(=N)c1cccc(CC(CC(=O)N2CCC(C(=O)O)CC2)NS(=O)(=O)c2ccc3ccccc3c2)c1,[-0.08394895  0.38948828  0.15131436  0.82345235  0.03239588]
C=C(C)C(=O)OC=C(C)C,[ 0.36867064 -0.86658627 -0.7836062  -0.8039207  -0.35841224]
O=C1CCc2cc(C=CCN3CCN(c4ccc(Cl)cc4)CC3)ccc2N1,[ 0.40074858  0.7905031  -0.8453826  -0.25108758 -0.4099748 ]
c1ccc(OP(Oc2ccccc2)Oc2ccccc2)cc1,[ 0.64424616  0.6764906  -0.79719216 -0.46080843  0.2212952 ]
COc1cccc(OC)c1O,[-0.621066    0.03987725 -0.81936806 -0.7909424  -0.15190771]
CNc1c(Br)cnc2[nH]c(-c3ccc(S(C)(=O)=O)cc3)nc12,[-0.01425402  0.6917888  -0.6021781   0.49222448 -0.29719034]
Cc1cc(C(=O)c2ccccc2)ccc1N,[-0.5936906   0.87395626 -0.15362677 -0.60739386  0.11851151]
CN1CCN(CCC=C2c3ccccc3Sc3ccc(S(=O)(=O)N(C)C)cc32)CC1,[-0.2506971   0.95224106 -0.56587404 -0.5368872   0.09191725]
CCCN(CCC)CCCCCCCCNC(=O)Oc1ccc2c(c1)C1(C)CCN(C)C1N2C,[-0.46611407  0.75502306  0.04480778  0.10488927 -0.4499486 ]
CCCS,[ 0.28099784  0.8828465  -0.86622334 -0.7530081  -0.30715898]
Nc1ccn([C@@H]2O[C@H](CO)[C@@H](O)C2(F)F)c(=O)n1,[ 0.23835704  0.829383   -0.9536381  -0.61946404 -0.45096773]
CC1NC(=S)NC1=O,[ 0.03152717  0.974097   -0.7570513  -1.          0.5932235 ]
CC(C)(c1ccc(Oc2ccc(N)cc2)cc1)c1ccc(Oc2ccc(N)cc2)cc1,[-0.0487329   0.01683568 -0.751267   -0.7285214   0.2587516 ]
FC(F)(F)c1nc2cc(Br)c(Cl)cc2[nH]1,[ 0.31246537  0.8208054  -0.70184946 -0.52462494  0.28863293]
C=C(C)C(=O)OCCOC(=O)C(=C)C,[-0.04749084  0.21433789 -0.20466898 -0.48569152  0.23673576]
CC[C@H](CO)NC(=O)[C@H]1C=C2c3cccc4[nH]cc(c34)C[C@@H]2N(C)C1,[ 0.16578765  1.         -0.90776396 -0.879379   -0.24620262]
C=CC(=O)OC1CC2CCC1C2,[-0.13180247  0.73778486 -0.7596597  -0.64188015 -0.07004844]
CSCCC([NH3+])C(=O)NC1(C(=O)[O-])CS(=O)(=O)C2C(C(=O)[O-])C21,[ 0.5546954   0.63146234 -0.340684   -0.85144955 -0.20669335]
Nc1ccc(S(=O)(=O)O)c2cccc(O)c12,[-0.03302243  0.8390141  -0.8350791  -0.80310225  0.43778095]
C[NH2+]C(C)Cc1ccccc1,[-0.23172686  0.18542293 -0.9998758  -0.85269886  0.19425869]
O=C(CCCCC(=O)OCC1CC=CCC1)OCC1CC=CCC1,[-0.2863392  -0.5556379  -0.8042659  -0.96429735 -0.55560637]
C=COC(=O)C=CC,[-0.2771623   0.9875252  -0.97376454 -0.98213816 -0.14969331]
CC(=O)N(C)c1ccc2ccn(-c3cc(NC4CC4)n4ncc(C#N)c4n3)c2c1,[ 0.43149656  0.39074576 -0.7179276  -0.4057303  -0.19714555]
C[C@@H]1O[C@@H](O[C@@H]2[C@@H](O)[C@H](OCCc3ccc(O)c(O)c3)O[C@H](CO[C@@H]3O[C@H](CO)[C@@H](O)[C@H](O)[C@H]3O)[C@H]2OC(=O)/C=C/c2ccc(O)c(O)c2)[C@H](O)[C@H](O)[C@H]1O,[ 0.11998311  0.93169075 -0.8917072  -0.42967376 -0.43707848]
O=C(NC1CC1)c1cc(-c2cccs2)on1,[-0.3760999   0.9171034  -0.88528603 -0.60852045 -0.00745071]
COP(=S)(Cl)OC,[ 0.39016286  0.719396   -0.8282302  -0.582118   -0.3334931 ]
CCOP(=O)(NC(C)C)SCC(=O)NCOC,[ 0.37846208  0.32514745 -0.7759365  -0.7391765  -0.1058123 ]
C=C(C)C1CC=C(C)C(O)C1,[ 0.16713387  0.5260789  -0.857897   -0.8142163   0.28639868]
Cc1cc(Nc2nc(N[C@@H](C)c3ccc(F)cc3)ncc2Cl)n[nH]1,[ 0.7485468  0.748011  -0.6558714 -0.8409292 -0.6495288]
CCC(CC)n1nc(C)c(C(=O)N[C@@H](C)C(C)(C)C)c1NS(=O)(=O)c1ccc(C)cc1,[ 0.06525381  0.5865363   0.60350615 -0.41737282 -0.5253525 ]
CCOC(=O)C(CCc1ccccc1)NC1CCc2ccccc2N(CC(=O)O)C1=O,[-0.29449385  0.576329   -0.90384376 -0.67942405 -0.3239433 ]
NCCNCCNCc1ccccc1O,[ 0.03542398  0.9185293  -0.844945   -0.8364026   0.45614672]
O=C(NCc1ccc(OC(F)(F)F)cc1)C1c2ccccc2C(=O)N1CCc1ncc(F)cn1,[ 0.30352876  0.68183184 -0.6629155  -0.5100569  -0.60547245]
COc1cc2c(cc1OC)C(CCc1ccc(Cl)cc1)N(C)CC2,[ 0.3427279   0.86042047  0.46185157 -0.47699818  0.22521134]
CC(c1ccccn1)c1c(CC[NH+](C)[14CH3])sc2ccccc12,[-0.79094124 -1.         -0.4258092  -0.3266384   1.        ]
CCCCC(CC)COCCC#N,[ 0.5600136   0.6911703  -0.09010636 -0.8386812  -0.32683113]
CCOP(=O)(OCC)Oc1ccc(S(C)(=O)=O)c(C)c1,[-0.24911103  0.85270894 -0.8762604  -0.6788035  -0.16744813]
CCC(=O)OCc1ccc(OC)cc1,[ 0.20646477  0.3518112  -1.         -1.          0.20164858]
CC(=O)CCC(C)=O,[-0.05178823  0.7866716  -0.6524245  -0.7552251  -0.5457694 ]
CCCCCNCCCCC,[ 0.7795306  -0.13576433 -0.86374843 -0.14295109 -0.05492271]
CCCC(=O)OC1(C(=O)COC(=O)CC)CCC2C3CCC4=CC(=O)CCC4(C)C3C(O)CC21C,[-0.07802171  0.6698671  -0.8632938  -0.67555887  0.04099048]
CCCCCCCC[Si](OCC)(OCC)OCC,[ 0.43708178 -0.19910052 -0.5571194  -0.49739972  0.1880738 ]
C[C@@H]1NC(=O)[C@@H](C)NC(=O)[C@H](C)N(C)C(=O)[C@@H](C)N(C)C(=O)[C@@H](C)NC(=O)[C@H](C)N(C)C1=O,[-0.6438648   0.84915495 -0.6634577  -0.721767    0.44573843]
O=C(CN1CCOCC1)NN=Cc1ccc([N+](=O)[O-])o1,[ 0.19827272  0.6863033  -0.41606784 -0.49935898 -0.07901413]
CCC(O)CO,[ 0.02998175  0.6883776  -0.8001898  -0.37884048 -0.20448801]
CC(C)Cn1c(=O)n(C)c(=O)c2c(C(=O)N3CC[C@@H](O)C3)c(Cc3c[nH]c4ccccc34)sc21,[ 0.2984677   0.9643693  -0.97254586 -0.5001141   0.19870496]
CCOc1ccccc1C(=O)NN=C(C)C(=O)O,[ 0.2383533   0.84302217 -0.91276217 -0.6456366  -0.1176003 ]
O=C(OCCc1ccccc1)c1ccccc1,[ 0.5235044   0.3979967  -0.8042469   0.25685632 -0.06260718]
CCC(=O)NC[C@H]1CN(c2ccc(-c3nncs3)c(F)c2)C(=O)O1,[-0.12671696  0.889141   -0.80519044 -0.48515067  0.13072498]
Nc1ccc(F)c([N+](=O)[O-])c1,[-0.13661507  0.7215954  -0.6854366  -0.5694809  -0.45431644]
Cc1nc(N)nc(N)c1-c1ccc(Br)cc1,[-0.11695134  0.87046325 -0.8024321  -0.56788546 -0.1369545 ]
CNC(=O)ON=C(C)SCC(N)=O,[-0.5676838   0.07623447  0.4506734  -0.51043534  0.37513945]
Cc1nc(C(F)(F)F)ccc1C(=O)Nc1ccc(Cl)c(-c2ccccn2)c1,[-0.01447195  0.03647251 -0.00996075 -1.         -0.33073783]
C[C@@H]1NC(=O)[C@H](C)N(C)C(=O)[C@@H](C)NC(=O)[C@H](C)N(C)C(=O)[C@@H](C)N(C)C(=O)[C@@H](C)NC1=O,[-0.24899966  0.35682896 -0.9682796  -0.7753299  -0.48261473]
O=c1[nH]c(=O)c2ccccc2o1,[-0.4637666   1.         -0.84744024 -0.6806025  -0.16710424]
CC(C)(C)NC(=O)NCCN1CCCC(NC(=O)c2cc(Cl)cc(Cl)c2)C1,[ 0.5553568   0.929456   -0.34405786 -0.5217796  -0.22207709]
Cc1ccc([N+](=O)[O-])cc1,[ 0.33295614  0.5215785  -0.847078   -0.6457937  -0.09811629]
CNC(=O)[C@@H]1Cc2cn(cn2)CC(=O)N2CCC[C@H]2C(=O)N[C@@H](C)C(=O)N1C,[ 0.02781765  0.71264267 -0.79889417 -1.         -0.11270766]
COc1cc(OC)c(C(=O)CCCN2CCCC2)c(OC)c1,[ 0.26264256  0.6811627  -0.6159511  -0.9044206  -0.23002288]
O=C(CCl)OC1=C(OC(=O)CCl)C(=O)OC1=O,[ 0.05024609  0.8453872  -0.39992672 -1.         -0.00296682]
CCCCOCCOCCCC,[ 0.6541849   0.71120685 -0.81482285 -0.4328052   0.18476772]
CN1C(=O)CC(N2CCN(CCCN3c4ccccc4COc4ccc(CC(=O)O)cc43)CC2)N(C)C1=O,[ 0.27532536  0.6969521  -0.65849113  0.24986932 -0.2924598 ]
NNC(=O)c1ccncc1,[-0.70082116  0.7628962  -0.46820134 -0.89749247 -0.3608473 ]
CCSP(SCC)SCC,[ 0.48534533  0.88650686 -0.7858916  -0.6699569  -0.53314334]
CCOP(=S)(OCC)SCSCc1ccccc1,[ 0.20153439  0.914056   -0.87152684 -0.65804666  0.10766169]
C[Si](C)(Cl)Cl,[ 0.49795467  0.8065614  -0.68553627 -0.86992705 -0.56751627]
CNC(=O)ON=C1CCCC1(C)C#N,[-0.1268748   0.7006139  -0.8367365  -0.86144644 -0.31920886]
BrC(Br)Br,[ 0.29388022  0.2974158  -0.5996964   0.74058145  0.38937974]
CC#CCC(C)C(O)/C=C/C1C(O)CC2C/C(=C/CCCC(=O)[O-])CC21,[-0.3728785   0.79233944 -0.8538286  -0.7526822  -0.07362575]
Cc1cnc(C(=O)c2ncnc3[nH]ccc23)c(NS(=O)(=O)c2ccc(Cl)c(C(F)(F)F)c2)c1,[ 0.33814198  0.8161069  -0.8936372  -0.42880085  0.05088639]
C1=CC2C=CC1C2,[ 0.20240603  0.9280494  -0.95837075 -0.5579668  -0.04313148]
CN[C@@H](C)[C@@H](O)c1ccccc1,[-0.24486941 -0.57794964 -1.         -0.5800747   0.7366553 ]
O=C(NC(CCc1ccc2c(c1)OCO2)CCc1ccc2c(c1)OCO2)c1ccc(Cl)cc1,[ 0.4697662   0.76088035 -0.63729185 -1.         -0.1585283 ]
CC(=O)Nc1ccc(C)c(NS(=O)(=O)C(F)(F)F)c1,[-0.17611177  0.0317016  -0.41134727 -0.6199792  -0.32149708]
CCCCC(CC)OCCOCCO,[ 0.38769758  0.22696407 -0.8653438  -0.3615423  -0.19080113]
Clc1nc(Cl)nc(Cl)n1,[-0.05153391  0.95471925 -0.8968181  -0.6970497   0.5217464 ]
COc1cnc(-c2ccccc2C(F)(F)CNC(=O)c2ccc(COCC(F)(F)F)nc2)cn1,[-0.18897213  0.54581887 -0.7023213  -0.9544544   0.13610572]
CCCCCCOCCOCCO,[ 0.01801382 -0.29823261 -0.5183471  -0.646534    0.38276264]
C=CC(=O)OCC(=O)OCC,[-0.6591887   0.8291159  -0.79304177 -0.91332465 -0.04116537]
N=C(N)N[N+](=O)[O-],[-0.10830863  0.88139635 -0.5969181  -0.7794124  -0.326697  ]
FC(F)(F)c1nc2c(Br)c(Cl)c(Br)cc2[nH]1,[-0.12143836  1.         -0.71034515 -0.6069214   0.11499778]
NCC(O)CO,[ 0.10569725  0.6026757  -1.         -1.          0.62424445]
Nc1nc2[nH]cnc2c(=S)[nH]1,[-0.29089826  0.9012913  -0.88311154 -0.32344157 -0.08460076]
COc1ccc(C[C@@H]2c3cc(OC)c(OC)cc3CC[N@+]2(C)CCC(=O)OCCCCCOC(=O)CC[N@@+]2(C)CCc3cc(OC)c(OC)cc3[C@H]2Cc2ccc(OC)c(OC)c2)cc1OC,[-0.23949976  0.5285891  -0.31062013 -0.7881824   0.07770424]
ClC(Cl)(Cl)c1ccc(C(Cl)(Cl)Cl)cc1,[ 0.00355747 -0.30244648 -1.         -0.482715    0.50827616]
C=CCNC(=O)C(=O)C(CCC)NC(=O)C1CC2CN1C(=O)C(C1CCCCC1)NC(=O)Cc1cccc(c1)OCCC(C)(C)O2,[ 0.2794539   0.7245775  -0.87406003 -0.54101264 -0.12983452]
C=COC(=O)CCCCCCC,[-0.49327046  0.7502252  -0.60284466 -1.          0.21420182]
C=CCOc1ccccc1C(N)=O,[ 0.01858523  0.00550109 -0.7012699  -0.81746453  0.04209181]
O=C(Cc1ccc(Cl)c(C(F)(F)F)c1)Nc1cccc2c(=O)n(CCO)ccc12,[ 0.5746708   0.40930778 -0.5790593  -0.744064   -0.45397654]
O=C(Cl)CCl,[-0.09125325  0.7319986  -0.51899004 -0.7705268  -0.2932999 ]
Cc1c(Sc2ccc(Cl)cc2)c2c(S(C)(=O)=O)cccc2n1CC(=O)O,[-0.36867732  0.79903734 -0.80287445 -0.67983043 -0.41882157]
Cc1c(OC2CCN(CC3CCN([C@@H](Cc4ccc(F)cc4)C(=O)O)CC3)CC2)ccc(C#N)c1Cl,[-0.28206044  0.94094104  0.00982383 -0.31778714  0.6707512 ]
N#CC1CC2CC2N1C(=O)C(N)C12CC3CC(CC(O)(C3)C1)C2,[-0.02311856  0.906655   -0.9701843  -0.57393074 -0.31013125]
C[C@H](CO)Nc1nc(SCc2cccc(F)c2F)nc2[nH]c(=O)cnc12,"[ 3.2897019e-01  2.7237388e-01 -7.0027125e-01 -6.7532611e-01
 -1.0743203e-04]"
CC(C)NCC(O)COc1ccc(COCCOC(C)C)cc1,[-0.12249025  0.76501244 -0.648132   -0.75645036 -0.4802566 ]
c1cc(-c2ccc3nc(Nc4ccc(OCCN5CCCC5)cc4)ncc3c2)ccn1,[ 0.81733614  0.86112654 -0.79733783 -0.18646352  0.54682803]
CCCCCCCCCCOC(=O)Cc1ccc(N(CCCl)CCCl)cc1,[ 0.12372036 -0.5526354  -0.6586263   0.2382381   0.27106333]
CCCCCCCCCCCCCCCCCC(=O)Cl,[ 0.47769627  0.77645725 -0.8580555  -0.87332135 -0.1836235 ]
