CNC(=O)Oc1cccc2c1OC(C)(C)O2,[ 0.068683    0.6263432  -0.734768   -0.90321535  0.17103057]
CNC(=O)c1c(I)c(NC(C)=O)c(I)c(C(=O)[O-])c1I,[ 0.45846495  0.9541226  -0.8745623  -0.6848715  -0.23118924]
CCCOP(=O)(OC=C(Cl)Cl)OCCCl,[ 0.2645104   0.73049724 -0.63517845 -0.74793434 -0.29631287]
O=C(NCC12CC3CC(CC(C3)C1)C2)c1cc(-n2ncc(=O)[nH]c2=O)ccc1Cl,[ 0.48919716  0.7597666  -1.         -0.6297414  -0.1189728 ]
CC(C)(O)c1ccccc1,[ 0.32854852  0.785898   -0.77172834  0.25576052  0.08120058]
CC(=O)OC12COC1CC(O)C1(C)C(=O)C(O)C3=C(C)C(OC(=O)C(O)C(NC(=O)OC(C)(C)C)c4ccccc4)CC(O)(C(OC(=O)c4ccccc4)C21)C3(C)C,[-0.08194187  0.73756284 -0.7573109  -0.7091948  -0.08569525]
Cc1cc(Sc2cc(C)c(O)c(C(C)(C)C)c2)cc(C(C)(C)C)c1O,[ 0.21194819  0.7647246   0.04466251 -0.54478484 -0.16219823]
C/C=C(/C)C(=O)O[C@H](c1cc2ccc(=O)oc2cc1OC)[C@H](O)C(C)(C)O,[ 0.29415768  0.8836241  -0.75098425 -0.5307749   0.716625  ]
CCC1(CC)Oc2cccc(OC(=O)N(C)C(C)=O)c2O1,[ 0.36908653  0.8719339  -0.7686037  -0.80105644  0.6142078 ]
C=CCN1CCC23CCCCC2C1Cc1ccc(O)cc13,[-0.31051764  0.33168158 -0.02094258 -0.6650623  -0.18914029]
Cc1cn([C@H]2CCCN(S(=O)(=O)c3ccc(C(N)=O)c(Oc4cccc(Cl)c4)c3)C2)c(=O)[nH]c1=O,[ 0.19148472  0.7352786  -0.9317354  -0.89208394 -0.12002825]
Cc1ccc(S(=O)(=O)N(C)C(=O)N2CCC(N3CCC(Oc4ccc(Cl)c(Cl)c4)CC3)CC2)cc1,[ 0.31083557 -0.13027088 -0.8345511  -0.79894364  0.01424551]
CCCCCCCCCCOc1c(OC)cc(C(N)=O)cc1OC,[ 0.33151528  0.4127114  -0.44831783 -0.26727337 -0.36598033]
COc1cc(C=CC(=S)N2CCOCC2)cc(OC)c1OC,[ 0.03957596 -0.30071408 -0.3693462  -0.3514906  -0.27132112]
C#CCc1ccc(COC(=O)C2C(C=C(C)C)C2(C)C)o1,[ 0.17987844 -0.00406211 -0.58658403 -0.6849319   0.21634978]
CCC(=O)OCc1ccc(OC)cc1,[ 0.38493034 -0.00421521 -0.47966167 -0.96941644  0.11514623]
O=C(O)CCCCCC(=O)O,[ 0.32177317  0.6647972  -0.5355921  -0.40148595 -0.43913653]
Cc1ccc(C(=O)N(CCCN)[C@@H](c2nc3cc(Cl)ccc3c(=O)n2Cc2ccccc2)C(C)C)cc1,[ 0.35273752  0.7155948   0.46145147 -0.6982307  -0.19391356]
COc1cc(C2c3cc4c(cc3C(OC3OC5COC(C)OC5C(O)C3O)C3COC(=O)C23)OCO4)cc(OC)c1O,[ 0.10744725  0.3011002  -0.8171764   0.31704643  0.4390433 ]
Cc1ccc(CO)cc1N(C)c1ccnc(Nc2cc(N3CCCOCC3)cc(N3CCOCC3)c2)n1,[ 0.5519708   0.78033197 -0.9982544  -0.65388304  0.11844093]
O=C(O)Cc1ccccc1N1CCC(CN2CCC(Oc3ccc(Cl)c(Cl)c3)CC2)CC1,[-0.42898604  0.87672657 -0.8733506  -0.77743804 -0.3190804 ]
CN(C)CC/C=C1/c2ccccc2COc2ccc(CC(=O)O)cc21,[ 0.30506253  0.14420007  0.32503602 -0.8431023  -0.18636936]
CSCCNc1nc(SCCC(F)(F)F)nc2c1ncn2C1OC(COP(=O)([O-])OP(=O)([O-])C(Cl)(Cl)P(=O)([O-])[O-])C(O)C1O,[-0.40570173  0.6968769  -0.9418245  -0.8398438  -0.21502829]
CC(C)(C)c1ccc2c(c1)C(C)(C)CC2,[-0.24821815  0.72222626 -0.6012482   0.03895151 -0.04279995]
Clc1ccc(Cl)c(Cl)c1,[-0.17351288  0.7868498  -0.84005296 -0.8667481   0.11988477]
CCCN(CCC)CCCCCCCCNC(=O)Oc1ccc2c(c1)C1(C)CCN(C)C1N2C,[-0.595775    0.7319988   0.03731477  0.08200339 -0.3233799 ]
CC(=O)c1ccc2c(c1)N1C(=O)OCC1CC2,[ 0.3227418   0.22020209 -0.8204202  -0.91126233  0.2398454 ]
COc1cc2nc(N3CCN(C(=O)C4COc5ccccc5O4)CC3)nc(N)c2cc1OC,[ 0.51579237  0.77758515 -0.4788494  -0.5518729  -0.5602488 ]
N#CCCCCC#N,[-0.11716555 -0.7000918  -1.         -0.20708764 -0.17931984]
Oc1cc(Cl)c(Cl)c(Cl)c1Cl,[-0.15968363  0.27482164 -0.83138305  0.11165302 -0.19594046]
CCNC(=O)ON=C1SCOC1C,[ 0.07400297  0.9111462  -0.71620786 -0.7653456  -0.38958833]
CC1CC(=O)CC(C)O1,[ 0.2974796   0.22078568 -1.         -0.96450466  0.26064363]
CCC1(CC)C(=O)NCC(C)C1=O,[ 0.5930063  -0.2875693  -1.         -0.6547527  -0.07345085]
CCCCSN(C)C(=O)Oc1cccc2c1OC(C)(C)C2,[ 0.09477317  0.70158464 -0.7710898  -0.7430296   0.533586  ]
CCCCCCN,[-0.26073143  0.98945373 -0.324783   -0.61157274 -0.03017122]
CCC(C)(C)OC(=O)Nc1ccco1,[ 0.22387363  0.5465382  -0.80939186  0.5845801  -0.27886334]
CC(C)(C(=O)O)S(C)(=O)=O,[ 0.28927234  0.9238596  -0.70050997  0.35194787  0.25324848]
C1CSCCO1,[ 0.10977904  0.4928506  -0.6653434  -0.77358466  0.11118564]
O=C1CCc2cc(C=CCN3CCN(c4ccc(Cl)cc4)CC3)ccc2N1,[-0.17431353 -0.62001526 -0.7650538  -0.72800195  0.00164459]
C=CCc1ccccc1OCC(O)C[NH2+]C(C)C,[ 0.27633765  0.73783404 -0.778665   -0.77537096 -0.4741015 ]
CN(C)C(=O)C(CCN1CCC(O)(c2ccc(Cl)cc2)CC1)(c1ccccc1)c1ccccc1,[ 0.38390875  0.64056593 -0.4270265   0.21859263 -0.30203053]
CCOC(=O)Nc1ccc(NCc2ccc(F)cc2)cc1N,[-0.42094338  0.84934324 -0.61933225 -0.7772257  -0.20758575]
CN1c2ccccc2C(NCCCCCCC(=O)[O-])c2ccc(Cl)cc2S1(=O)=O,[-1.          0.80125207 -0.51268405 -0.69811624 -0.46497095]
C[C@H](Cn1cnc2c(N)ncnc21)OCP(=O)(O)O,[ 0.4055537  -0.14113924 -0.47118375 -0.6208554   0.19674249]
CCOC(=O)Cl,[ 0.09385359  0.21879137 -0.6053845  -0.5621038  -0.04653843]
CC(CN1CC(=O)NC(=O)C1)N1CC(=O)NC(=O)C1,[-0.6080304   0.6943018  -0.96218884 -0.9851651  -0.09143903]
CC(C)Oc1cc(-n2cnc3ccc(N[C@@H](CO)c4ccc(F)cn4)nc32)n[nH]1,[ 0.07303315 -0.52880317 -0.7864719  -0.9548081   0.09509598]
O=C(/C=C/c1ccccc1)NCCO,[-0.68761295  0.7836771  -0.44602776 -0.24117492  0.11295842]
CC(=O)OC(C(Cl)(Cl)Cl)P(=O)(Oc1ccccc1)Oc1ccccc1,[-0.01582518 -0.06818797 -0.47596452 -0.9175566  -0.10894952]
Cc1cc(-n2c(C)nc3ccccc3c2=O)n(-c2ccccc2)n1,[ 0.57584083  1.         -0.30761778 -0.5395646  -0.22778235]
O=C(NC(CCc1ccc2c(c1)OCO2)CCc1ccc2c(c1)OCO2)c1ccc(Cl)cc1,[ 0.5425821   0.7081916  -1.         -0.04372862  0.0800676 ]
CC(Cl)(Cl)[N+](=O)[O-],[-0.00940293  0.89805394 -0.7610611  -0.63680476 -0.04978746]
Nc1nc2ccc(OC(F)(F)F)cc2s1,[-0.5997233   0.5362301  -0.7802425  -0.55103976  0.79132277]
CC(C)CCCC1CCC(C)(C(=O)NCC(=O)O)CC1,[ 0.27411234 -0.07846843 -0.78795356 -1.         -0.12473421]
C=CC(=O)OCCc1ccc(CC)cn1,[-0.10690966  0.7818542  -0.62566555 -0.5122411   0.06438398]
FCOC(C(F)(F)F)C(F)(F)F,[ 0.41009584  0.46571755 -0.91989905 -0.40603825  0.6469379 ]
CN(CC=CC#CC(C)(C)C)Cc1cccc2ccccc12,[-0.25185013  0.93410987 -0.7672995  -0.7398855  -0.23591605]
Cc1cc(Nc2nc(N[C@@H](C)c3ncc(F)cn3)nc(N3CCOCC3)c2F)n[nH]1,[-0.00307677  0.53789294 -0.5257345  -1.         -0.16882594]
NCCCNCCSP(=O)(O)O,[ 0.38418594  0.42638066 -1.         -0.6326797  -0.35761538]
COC(=O)/C=C/CNC(=O)CN1C(=O)[C@@H](COC(=O)Nc2ccc(Cl)cc2C(F)(F)F)N=C(c2ccccc2)c2ccccc21,[-0.09098681  0.75840026 -0.8565495  -0.8443415   0.589939  ]
CC1=C(CC(=O)O)c2cc(F)ccc2C1=Cc1ccc(S(C)=O)cc1,[ 0.43022797  0.779816   -0.4492132  -0.5880085  -0.2398483 ]
Cn1c(C(=O)NC2(C(=O)N[C@H](Cc3ccccc3)C(=O)NCCCN3CCOCC3)CCCC2)cc2ccccc21,[-0.79589486  1.         -0.3950624  -0.2403571  -0.42792115]
CN(C)CCOc1cc(NS(=O)(=O)c2c(Cl)cc(C(F)(F)F)cc2Cl)ccc1Cl,[ 0.09684551  0.8220216  -0.45876926 -0.3723428  -0.08233248]
C=CCOC(=O)CCCCC,[ 0.9563824   0.7042699  -0.02298421  1.         -0.2970907 ]
C1CCC2CCCCC2C1,[ 0.14809719  0.03461731 -0.68645334 -0.9025597   0.01058186]
O=S1(=O)CCN(c2ccccc2)CC1,[ 0.2756834   0.7090222  -0.78443474 -0.6780382   0.52618015]
O=P([O-])([O-])C(Cl)(Cl)P(=O)([O-])O,[ 0.5143646   0.8271799  -0.80997777 -0.5505214  -0.36517704]
COc1ccc([N+](=O)[O-])cc1N,[-0.45329192  0.7680882  -0.3162957  -0.37514627 -0.5219127 ]
COc1ccccc1Oc1c([N-]S(=O)(=O)c2ccc(C(C)C)cn2)nc(-c2ccnc(-c3nnn[n-]3)c2)nc1OCCO,[ 0.6776968   0.7838269  -1.         -0.50933963 -0.5000943 ]
CCCCN1C(=O)c2cccc([N+](=O)[O-])c2C1=O,[ 0.20762886  0.2035784  -0.8981863  -0.6157731   0.14985669]
C[C@H](Cc1cccc(CC(=O)NC23CC4CC(CC(C4)C2)C3)c1)NC[C@H](O)c1ccc(O)c(CO)c1,[ 0.2724472   0.7661364  -0.90523666 -0.08143484 -0.38841087]
c1ccc(OP(Oc2ccccc2)Oc2ccccc2)cc1,[ 0.5153496   0.6005969  -0.77618396 -1.          0.20195997]
N#CCCOCCC#N,[-0.20988362  0.9734198  -0.96215683 -1.         -0.200247  ]
C[C@@H]1NC(=O)[C@H](C)N(C)C(=O)[C@@H](C)N(C)C(=O)[C@H](C)NC(=O)[C@@H](C)NC(=O)[C@@H](C)N(C)C1=O,[-0.02205374  0.89434487 -0.45153308 -0.6212648  -0.4064925 ]
COCCOCCOC(C)=O,[ 0.32161158  0.8928802  -0.96987176 -0.4747529   0.64927024]
COc1ccc2c3c1OC1C(O)C=CC4C(C2)[N+](C)([O-])CCC341,[-0.1596435   0.80299443 -1.         -0.8228258  -0.14406702]
CN1[C@@H]2CC[C@@H]1CC(OC(=O)C(CO)c1ccccc1)C2,[-0.04019515 -0.48039022 -1.         -0.68212533  0.35686222]
OCCCCC(O)CO,[ 0.3342027  1.        -1.        -0.9159853  0.6632457]
C1COCCOCCNCCOCCOCCN1,[ 0.30694798  0.5471729  -0.675209   -0.6273733   0.26776335]
OCCNCCc1ccccc1,[-0.01209652  0.5749908  -0.6324238  -1.          0.6397157 ]
CN(C1CCCCC1)C1CCCCC1,[ 0.45000193  0.6929818  -0.86579525 -0.6812705  -0.04498485]
CCOC(=O)C1OC1c1ccccc1,[ 0.25696015  0.83501184 -0.818463   -0.61538637  0.07222304]
C[C@H](CSN=O)C(=O)N1CCC[C@@H]1C(=O)O,[ 0.22582866  0.9106994  -0.9969928  -0.865961   -0.19076732]
CC(=O)Nc1ccc(C)c(NS(=O)(=O)C(F)(F)F)c1,[ 0.13242733  0.39503124 -0.70123446 -0.8704641  -0.41211918]
NC(=[NH2+])NCCCCC1NC(=O)CCSSCC(C(N)=O)NC(=O)C2CCCN2C(=O)C(Cc2c[nH]c3ccccc23)NC(=O)C(CC(=O)[O-])NC(=O)CNC1=O,[ 0.19048038  0.8174424   0.46043545 -0.13215391 -0.39072454]
Clc1ccc(C2(Cn3cncn3)OCCO2)c(Cl)c1,[ 0.1553771  -0.0403267  -0.96165496  0.00645681 -0.14299472]
CCCCCCCC[Si](OCC)(OCC)OCC,[-0.00944026 -0.23895304 -0.3403016   0.23714066  0.7744976 ]
C[C@@H](N/C(=N\c1ccncc1)NC#N)C(C)(C)C,[-0.01335607  0.7133859  -0.83251923 -0.8483632  -0.36423755]
CCNC(=O)C(C)OC(=O)Nc1ccccc1,[ 0.17611243  0.7804361  -1.         -0.82989275  0.15297541]
CC(C)Cn1c(=O)n(C)c(=O)c2c(C(=O)N3CC[C@@H](O)C3)c(Cc3c[nH]c4ccccc34)sc21,[ 0.23902814  0.81819373 -0.7961119  -0.72965693  0.11526321]
Cc1ccccc1S(=O)(=O)NC(=O)N1CCC(N2CCC(Oc3ccc(Cl)c(Cl)c3)CC2)CC1,[ 0.13455208  0.8966619  -1.         -0.7021974  -0.1260187 ]
COP(=S)(OC)SC1CSC=CO1,[-0.4225476   0.8737336  -1.         -0.93289304  0.08126269]
COCC(=O)O[C@]1(CCN(C)CCCc2nc3ccccc3[nH]2)CCc2cc(F)ccc2[C@@H]1C(C)C,[ 0.32277143  0.8268384  -0.6089624  -0.62754667  0.32313135]
c1cc2c(c(N3CC[NH2+]CC3)c1)OCCO2,[ 0.45353743  0.77856153  0.52471507 -0.4219656  -0.02538659]
NC(=O)Nc1cccc2c3c([nH]c12)CCCC3,[ 0.45889872  0.5055384  -0.8169957  -0.6719347  -0.165188  ]
CCOP(=O)(CC)SC,[ 0.43123585  0.8296569  -0.6793539  -0.80195725 -0.19230872]
O=C(Cl)C=CC(=O)Cl,[ 0.44277114  0.7182958  -0.78339493 -0.296266   -0.05252142]
CN1CCN(C2=c3ccccc3=Nc3ccc(Cl)cc3N2)CC1,[ 0.16459382  1.          0.20796326 -0.30264086 -0.24255909]
C[C@@H]1O[C@@H](O[C@H]2[C@H](Oc3cc(O)c4c(c3)O[C@H](c3ccc(O)cc3)CC4=O)O[C@H](CO)[C@@H](O)[C@@H]2O)[C@H](O)[C@H](O)[C@H]1O,[0.3765255  0.13692178 0.10304014 0.2635728  0.38313833]
O=C1C(Cl)C(CCl)CN1c1cccc(C(F)(F)F)c1,[ 0.20213184  0.79109997 -0.55655813 -0.01625989  0.8623662 ]
Cc1ccc([N+](=O)[O-])cc1,[ 0.34266344  0.79042226 -0.9809476  -0.62909496  0.02522015]
O=C(O)CC(CC1CCN(C(=O)CCc2ccc3c(n2)NCCC3)CC1)C1CNc2ccccc2C1,[ 0.4179602   0.5432571   0.48862255 -0.47364315  0.27064347]
C=CCC1/C=C(\C)CC(C)CC(OC)C2OC(O)(C(=O)C(=O)N3CCCCC3C(=O)OC(/C(C)=C/C3CCC(O)C(OC)C3)C(C)C(O)CC1=O)C(C)CC2OC,[ 0.23498018  1.         -0.6263862  -1.         -0.48547053]
C#CC(C)(O)C(O)c1ccccc1,[-0.49349746  0.9560777  -0.48302472 -0.26328954  0.0242562 ]
CCOP(=S)(NC(C)C)Oc1ccccc1C(=O)OC(C)C,[-0.25364462  0.89545304 -0.8725179  -0.81299514  0.56123656]
CCC(CC)(C(=O)O)c1cccc2ccccc12,[-0.15570104  0.8381982  -0.8102686  -0.9213052   0.12736288]
COCCNC(=O)c1ccc(Nc2ncc3cc(-c4ccncc4)ccc3n2)cc1C,[ 0.09892268 -0.42653108 -1.         -0.24701265  0.5313624 ]
Clc1ccc(C(OCCN2CCCCC2)c2ccccc2)cc1,[-0.44490117  0.9913486  -0.9235228  -1.         -0.00273537]
O=c1cc(N2CCOCC2)nc2n(Cc3cccc(Cl)c3Cl)ccn12,[ 0.42256     0.5666573  -1.         -0.3424059   0.26019925]
O=CNc1cc([C@@H](O)CNCCc2ccc(NC[C@H](O)c3ccccc3)cc2)ccc1O,[-0.2028042  -0.24062316 -0.58277696 -0.37234083  0.7569608 ]
O=C1COc2ccc(CNC3CCN(CCN4C(=O)COc5ccc(Cl)cc54)CC3)nc2N1,[ 0.31683683  0.5287257  -0.7680128  -0.6050924   0.22036661]
C[C@@H](NC(=O)C1CCCCN1C)c1ccc(Nc2ncc3cc(-c4ccncc4)ccc3n2)cc1,[-0.06289009  0.815788   -0.88690376 -0.61474943 -0.04307149]
Nc1nc2c(Cc3cccnc3)c[nH]c2c(=O)[nH]1,[-0.17764738  0.74496776 -0.66017807 -0.53891665  0.218441  ]
O=c1c2nocc2c(-c2ccccc2)nn1-c1ccccc1,[-0.52082837  0.5261363  -0.82248235 -1.         -0.20465104]
NC(=O)CCCCC1CCSS1,[ 0.47972274  0.34723133 -0.284871   -0.15612422  0.04534198]
Cc1nccc(-c2ccc(-c3nc4ccncc4c(O)c3C#N)cc2)c1Cl,[ 0.27008018  0.85273343  0.06230184 -0.8643855  -0.1608859 ]
O=C(CF)Nc1ccccc1,[ 0.19328634  1.         -0.93089163 -0.88082224  0.61207753]
C=COC(=O)CCCCCCC,[-0.7221509   0.6998341  -0.5774037  -0.76733625  0.01006497]
CCC(C)N(C)C(=O)c1cc2ccccc2c(-c2ccccc2Cl)n1,[ 0.51553273  0.9611051  -1.         -0.7839103  -0.51566637]
CCCCOc1ccccc1NC(C)=O,[-0.20906778 -0.4501242  -1.         -0.7404414   0.6718648 ]
CCCCCc1ccccc1O,[-0.09870904  0.21101464 -0.76369935 -1.         -0.13940819]
CC1(C)C2CC=C(CCO)C1C2,[ 0.4167235   0.6183331  -0.79988736 -0.5781994   0.2644903 ]
CC(=O)CCC(C)=O,[-0.0301182   0.8344515  -0.59772116 -0.7514951  -0.6514949 ]
CCN1CCCC1CNC(=O)c1cc(S(N)(=O)=O)ccc1OC,[ 0.31003115  0.7991264  -0.81545454 -0.63889706 -0.20631258]
CCCCC(=O)N(Cc1ccc(-c2ccccc2-c2nnn[n-]2)cc1)C(C(=O)[O-])C(C)C,[ 0.22780187  0.40341258 -1.         -0.80337644  0.05490638]
O=C(O)CCC(=O)OC1CCCCC1,[ 0.19179687  0.9681983  -0.5996066  -0.7553005  -0.389984  ]
CCOCCCO,[ 0.26327872  0.49780008 -0.66902727 -0.29656148  0.4199203 ]
NNC(=O)c1ccncc1,[-0.755248    0.69010854 -0.06293937 -0.794379   -0.42036402]
CCC(C)c1ccccc1,[ 0.1311227   0.62808233 -0.87211865 -0.09437068 -0.40146047]
N#CC1CC2CC2N1C(=O)C(N)C12CC3CC(CC(O)(C3)C1)C2,[ 0.35051078  0.90183824 -0.5013089  -0.54735214 -0.47084233]
C/C=C/CC(C)C(O)C1C(=O)NC(CC)C(=O)N(C)CC(=O)N(C)C(CC(C)C)C(=O)NC(C(C)C)C(=O)N(C)C(CC(C)C)C(=O)NC(C)C(=O)NC(C)C(=O)N(C)C(CC(C)C)C(=O)N(C)C(CC(C)C)C(=O)N(C)C(C(C)C)C(=O)N1C,[ 0.12471509  0.97102594 -0.76260996 -0.8700782  -0.00971661]
C=COC(=O)CCCCC(=O)OC,[-0.03464017 -0.09495016 -0.8386532   0.02908588  0.9260089 ]
CCCOCCOC(=O)C1=C(C)NC(C)=C(C(=O)OCCOCCC)C1c1cccc([N+](=O)[O-])c1,[ 0.8033616   0.80704087 -0.93919253 -0.42406738 -0.55787694]
CSCCC(OC(C)=O)C(=O)O,[ 0.8421144   0.7618819  -0.82132643 -0.6617654   0.37356773]
CCOC(=O)C(CCc1ccccc1)NC1CCc2ccccc2N(CC(=O)O)C1=O,[-0.13776402  0.754929   -0.8243261  -0.7708219  -0.05672542]
COc1ccccc1Oc1c([N-]S(=O)(=O)c2ccc(C)cn2)nc(-c2ccncc2)nc1OC,[ 0.16738988 -0.13709383 -0.85552037 -0.76158434 -0.35395336]
C=CCc1cc(OC)c2c(c1)OCO2,[ 0.1484721   0.78864825 -0.5173375  -0.90687436 -0.55889946]
COc1cc2nc(N3CCN(C(=O)C(C)OC)CC3)nc(N)c2cc1OC,[ 0.17842557  0.8782764  -0.65816385 -0.8893778   0.2410679 ]
CCOc1ccc([C@@H](C)Nc2nc(N3CCN(C(C)=O)CC3)nc3c2CN(C(C)C)C3=O)cc1,[ 0.25045207  0.6689423  -0.6467142  -0.11287947 -0.0577006 ]
Cc1ccc(S(=O)(=O)Nc2c(C(=O)NC3CCCCC3)c(C)nn2-c2ccccc2)cc1,[-0.4587664   0.77001685 -0.7490997  -0.6304078  -0.07466143]
COc1cc2c3cc1Oc1cc(ccc1O)CC1c4c(cc(OC)c(O)c4Oc4ccc(cc4)CC3[NH+](C)CC2)CC[N+]1(C)C,[ 0.23788244  0.8628612  -0.6842246  -0.6830156  -0.23278928]
N=C(N)Nc1nc(CSCCC(=N)NS(N)(=O)=O)cs1,[ 0.6153651   0.7400704  -1.         -0.84455305 -0.2283992 ]
COc1ccc(CC(C)=O)cc1,[ 0.21556745  1.         -0.8769619  -0.9022015   0.6952997 ]
CCc1cccc(CC)c1N,[ 0.1640274   0.5968225  -0.7113678  -0.758859   -0.06984211]
S=c1[nH]c2cc(Cl)ccc2o1,[-0.07065202  1.         -0.5881346  -0.6731326  -0.4096094 ]
O=C1CCc2ccccc2O1,[ 0.42191604 -0.5596504  -0.50300276 -0.4090148   0.5777774 ]
CC=Cc1ccc(OCc2ccccc2)c(OC)c1,[ 0.54756725  0.69158447 -0.8617485  -0.8176182  -0.4904423 ]
CBr,[-0.06746754  0.7842569  -1.         -0.7883915   0.01077319]
CCCCCCCc1ccccc1O,[ 0.4604881   0.34238312 -0.82305413 -0.8874648  -0.40178746]
CCCCCCCCCCCC(=O)OCC(O)C1OCC(O)C1O,[-0.24940547  0.5452272  -0.82902235 -0.3201586  -0.1492924 ]
Clc1ccc(OCOc2ccc(Cl)cc2)cc1,[ 0.27684274  0.90401757 -0.51848525 -0.8854782   0.55599695]
Cc1cncc(C)n1,[ 0.54199016  0.9300676  -0.8490832  -0.6520162  -0.4427344 ]
CC(CO[N+](=O)[O-])(CO[N+](=O)[O-])CO[N+](=O)[O-],[ 0.4489656   0.74384904 -0.9159312   0.10425183 -0.23035891]
CCC(CCCCOC(=O)c1ccccc1)COC(=O)c1ccccc1,[ 0.3725587   0.71240497 -0.8072953  -0.60214263  0.07735713]
Cc1c(Cl)c([N+](=O)[O-])c2[nH]c(C(F)(F)F)nc2c1[N+](=O)[O-],[ 0.20936808  0.45978317 -0.23923674 -0.6600849  -0.12835693]
N#Cc1ccc(F)c(-c2cc(C(F)(F)F)ccc2OCC(=O)O)c1,[ 0.36159852  0.6291771  -0.81941444  0.03578747  0.14922108]
CC(C)(C)c1ccc(OP2OCC3(CO2)COP(Oc2ccc(C(C)(C)C)cc2C(C)(C)C)OC3)c(C(C)(C)C)c1,[-0.07540122  0.34766018 -0.31627694 -0.16809872  0.04863274]
COc1cc2c(c3oc(=O)c4c(c13)CCC4=O)C1C=COC1O2,[ 0.00929893  0.8175135  -0.5540287  -1.         -0.51313573]
CCCCC(CC)OCCOCCO,[ 0.5118924   0.26704514 -0.76325953 -0.203894   -0.3519577 ]
O=C(O)c1ccccc1C(=O)Nc1cccc2ccccc12,[ 0.36552078  0.6420144  -0.6136771  -0.83940494 -0.19852233]
CN(C)C(Cc1ccccc1)c1ccccc1,[ 0.19655803  0.8758033  -0.78557515 -0.8563184   0.02082191]
C=CCN1CCCC1CNC(=O)c1cc2nn[nH]c2cc1OC,[ 0.25360754 -0.11892268 -0.68579346 -0.5109537   0.6904249 ]
C=CC(=O)OCCOC(=O)c1ccc(C(=O)O)cc1C(=O)O,[ 0.31084165  0.19767645  0.56841767 -0.39783418 -0.1194564 ]
CC(=O)Oc1ccc2c3c1OC1C(OC(C)=O)C=CC4C(C2)[NH+](C)CCC341,[ 0.37864012 -0.00272297 -0.31153086 -0.17271632  0.12079139]
CCOP(=S)(OCC)SCC(=O)N(CCC#N)c1ccccc1,[ 0.2536691   1.         -1.         -0.83373964 -0.22409871]
CN1CCN(CCC=C2c3ccccc3Sc3ccc(S(=O)(=O)N(C)C)cc32)CC1,[-0.2966284   0.8861764  -0.49503306 -0.61434305  0.09809864]
COP(=S)(OC)SCc1nc(N)nc(N)n1,[ 0.26866618  0.8428919  -0.8624376  -0.6092934  -0.5850942 ]
O=NN1CCCCC1,[-0.17596433  0.96943754 -0.9983521  -0.53838104 -0.06026623]
CCC[C@H](NC(=O)[C@@H]1[C@H]2CCC[C@H]2CN1C(=O)[C@@H](NC(=O)[C@@H](NC(=O)c1cnccn1)C1CCCCC1)C(C)(C)C)C(=O)C(=O)NC1CC1,[ 0.6265691   0.50059444 -0.7564072  -0.7976416  -0.35733292]
COP(=S)(OC)Oc1ccc(S(N)(=O)=O)cc1,[ 0.3757279   0.35669234 -0.93309003 -0.59508306  0.184578  ]
CCCSP(C)(=S)Oc1ccccc1,[ 0.58339345  0.6556693  -0.54452777 -0.5351775  -0.22674142]
CCOC(C)COC(C)CO,[-0.04847654  0.8496592  -0.63253284 -0.87310874 -0.29445076]
O=C(O)c1ccccc1-c1c2ccc(=O)cc-2oc2cc(O)ccc12,[-0.20538445  0.97169954 -0.8414836  -0.7727864   0.599018  ]
Cc1ccc(N=C=O)cc1,[ 0.4005028   0.7153664  -0.762565   -0.28002864  0.61056834]
CCC(C)C(CC)C(N)=O,[ 0.5121215   0.7376572  -0.5615202  -0.63959163 -0.32749623]
COP(=S)(Cl)OC,[ 0.493631    0.7510034  -0.94449216 -0.25824586 -0.09188528]
CNC(=N)c1cccc(CC(CC(=O)N2CCC(C)CC2)NS(=O)(=O)c2ccc3ccccc3c2)c1,[-0.56588155  0.07212262 -0.5468914   0.411807    0.12721057]
CCCOC(=O)c1ccc(C(=O)OCCC)nc1,[ 0.17787166 -0.35419056 -0.58946407 -1.         -0.2545278 ]
COc1cc2c3c(c1O)C1(C=CC(=O)C=C1)CC3N(C)CC2,[ 0.27714482 -0.4249319  -1.         -0.59890765  0.04117628]
C[C@@H]1O[C@@H](O[C@@H]2[C@@H](O)[C@H](OCCc3ccc(O)c(O)c3)O[C@H](CO[C@@H]3O[C@H](CO)[C@@H](O)[C@H](O)[C@H]3O)[C@H]2OC(=O)/C=C/c2ccc(O)c(O)c2)[C@H](O)[C@H](O)[C@H]1O,[-0.2879643   0.92025113 -0.8864163  -0.58971375 -0.02516554]
C[NH2+]C(C)Cc1ccccc1,[-0.08398395 -0.14075266 -0.83044845 -0.8671208   0.49979857]
ClCC(Cl)=C(Cl)Cl,[ 0.30761015  0.64941496 -0.52665555 -0.74985033 -0.00151424]
O=C(CCc1ccccc1)OC1=C(OC(=O)CCc2ccccc2)C(=O)OC1=O,[-0.22150403  0.83702296 -0.8820193  -0.991336    0.31533873]
CCN(Cc1cc(C(F)(F)F)ccc1-c1cc(CC(=O)O)ccc1OC)C(=O)NCc1ccccc1,[ 0.11746725  0.93690675 -0.841878   -0.51669335  0.19760047]
Nc1cc[n+]([O-])cc1,[ 0.10267898  0.8076557  -0.20016332 -0.80240035 -0.10613497]
O=C(O)COc1ccc(Cl)cc1CN1CCN(S(=O)(=O)Cc2ccccc2)CC1,[ 0.34840843  0.75731856 -0.8221968  -0.6221207  -0.45859793]
COP(=S)(OC)SCC(=O)N1CCOCC1,[ 0.38822812  0.3054832  -0.6084349  -0.5325787  -0.01126473]
CC(c1ccccn1)c1c(CC[NH+](C)[14CH3])sc2ccccc12,[ 0.1282746   0.7927888   0.33692402 -0.1463467  -0.27541164]
Cc1nn(C2CCCCC2)c(N)c1-c1ccccc1,[ 0.24227439  0.8792475  -0.9646315  -0.9556054  -0.19678259]
CC(C)=CCCC(C)=CCCC(=CCCC(C)=CCO)CO,[ 0.19545968  0.5532002  -0.59483504 -0.5840289   0.4142078 ]
COc1cc(OC)c(S(=O)(=O)N2c3ccccc3CCC2C)cc1NC(=O)CSCC(=O)O,[ 0.03641307  0.95292693 -0.7046374  -1.         -0.11967089]
C=COC(=O)C=CC,[ 0.14312454  0.98830223 -1.         -0.9980632   0.08329939]
CC(C)(C)CNC(=S)Nc1cccnc1,[ 0.0796985   0.8942288  -0.4490915  -1.         -0.27448353]
CCCCCCCCC1OC1CCCCCCCC(=O)OCC1(CC)OC1CCC,[ 0.2462004  -0.4902331  -0.9487821  -0.87599605 -0.2851054 ]
CSC(C)=NOC(=O)N(C)SN(C)C(=O)Oc1ccc(OC(=O)N(C)SN(C)C(=O)ON=C(C)SC)cc1,[ 0.44258878  0.9102773  -1.         -0.6754183  -0.19642027]
COc1ccc(Oc2ccc(NC(=O)N(C)C)cc2)cc1,[ 0.20896766  0.94923353 -0.13204768 -0.47637278 -0.32515976]
CCC(C)(CC)c1cc(N)on1,[ 0.44644555  0.79961973 -0.3953667  -0.85465926  0.31948978]
CN1CCCCC1CCN1c2ccccc2Sc2ccc(S(C)=O)cc21,[ 0.21962374  0.7945295  -0.9681284  -1.         -0.24811852]
CN1CCN(c2ccc3ncc(C(N)=O)c(Nc4ccc(Cl)c(Cl)c4)c3c2)CC1,[-0.24170882  0.0767363  -0.375107   -0.5039625  -0.53527004]
CCCCCCCCCCCCCCCN,[-0.13836692  0.9506383  -0.6345424  -0.8646685   0.41118935]
CCOC(=O)NCCOc1ccc(Oc2ccccc2)cc1,[-0.19752432  0.8618355  -0.6392381  -0.33948904  0.17858471]
CN1CCC(=C2c3ccccc3Sc3ccccc32)CC1,[ 0.15989913  0.7553665  -0.84726197 -0.58013517  0.10190043]
CCCCCC(O)C=CC1C(O)CC(O)C1CC=CCCCC(=O)O,[ 0.17455103  0.5648256  -0.80670947  0.4737995   0.74088836]
C=CC(=O)OCCOCCC#N,[ 0.43303984  0.9113164  -0.8022812  -0.8013301  -0.11501057]
CCN(CC)CCOCCO,[ 0.3606936  -0.4942018  -0.93218297 -0.6126066  -0.377073  ]
C=CS(=O)(=O)CCCCCC,[ 0.26440287  1.          0.321639   -0.8542105   0.46806747]
C=CC(=O)OCCCCCCOC(=O)C=C,[ 0.37232634  0.39729178 -0.4838734  -0.66735023 -0.30218312]
Cc1cc(Nc2cncc(N[C@@H](C)c3ccc(F)cn3)n2)n[nH]1,[ 0.13574485 -0.55752397 -0.49754724 -0.3345631   0.08683595]
CNC(=O)Oc1ccccc1C1OCCO1,[-0.09287671  0.24992555 -0.38948873 -0.48412988 -0.33005056]
CN,[ 0.4214244   0.34305045 -0.77200264  0.3960601   0.02188589]
CC1(C)C(=O)N(CO)C(=O)N1CO,[ 0.31788632  0.5162816   0.49860218 -0.64349073 -0.14051186]
CC(=O)OC(C(=O)NC(N)=O)c1ccccc1,[ 0.07706915  1.         -0.76561785  0.35895422 -0.19455661]
ClCC1C(CCl)C2(Cl)C(Cl)=C(Cl)C1(Cl)C2(Cl)Cl,[ 0.46521387  0.7349142  -0.6668751  -0.75422394 -0.27358046]
COc1ccc2c3c1OC1CC(O)C=CC31CC[NH+](C)C2,[-0.22550079  0.8861384  -0.6012244  -0.8522065   0.65610856]
CC1(C)C2CCC1(C)C(O)C2,[ 0.07991424 -0.24587955 -0.84253186 -0.87772745 -0.22606133]
CC(C(=O)O[C@@H]1CC[N+](C)(C)C1)(c1ccccc1)C1CCCC1,[ 0.11135475  0.9781552  -0.6203383  -0.8121885  -0.1015184 ]
COCCOP(=O)(OCCOC)OCCOC,[-0.49824035  0.8795963  -0.69864947 -0.76124126  0.43849048]
CC(C)[C@H](C(=O)Nc1nccs1)c1ccc(Cl)cc1,[ 0.23725401  0.7852168  -0.8941362   0.1196807  -0.03888996]
CCCCN(CCCC)SN(C)C(=O)ON=CC(C)(C)SC,[ 0.09219387  0.7215088  -0.32953998 -0.74876904 -0.3957208 ]
CN(CCCOCCOCCc1ccccc1)CCc1ccc(O)c2nc(O)sc12,[-0.7579476   0.40755475 -0.28658307 -0.6717218  -0.23220363]
OCc1cc(C(O)C[NH2+]CCCCCCOCCOCc2c(Cl)cccc2Cl)ccc1O,[ 0.22644597 -0.43502325 -0.8501237  -0.85449684 -0.3058131 ]
O=c1cc(Cn2c(C3CCC3)nc3nccnc32)c2ccc(F)c(F)c2[nH]1,[-0.30116564  0.86485904 -0.15066205 -0.2880065  -0.25123987]
O=C(Oc1ccccc1)c1ccccc1C(=O)Oc1ccccc1,[ 0.16675673  0.423173   -1.         -0.7241517  -0.31004593]
CCOP(=O)(OCC)OC(=C(Cl)Br)c1ccc(Cl)cc1Cl,[ 0.18072803  0.9812484  -0.75605655 -0.7532083  -0.4353749 ]
CC=CC=CC=O,[ 0.32417873  0.3474856  -0.12423974 -0.37823957 -0.3708276 ]
NC(=S)NNCNNC(N)=S,[-0.33417693  0.88603336 -0.8160561   0.03353785 -0.13015895]
CC=CC(C)=O,[ 0.36956155  0.99019635 -0.979085   -0.81489027  0.1495457 ]
CN(C)c1ccc(O)c2c1CC1CC3C([NH+](C)C)C([O-])=C(C(N)=O)C(=O)C3(O)C(O)=C1C2=O,[ 0.33699813  0.55035824 -1.         -0.9867536   0.22752628]
CC(=O)N(C)c1ccc2ccn(-c3cc(NC4CC4)n4ncc(C#N)c4n3)c2c1,[ 0.44389832 -0.24855489 -0.59003633 -0.6511602   0.07241236]
CC(C)C(O)(c1ccc(OC(F)(F)F)cc1)c1cncnc1,[-0.42485124  0.72021616 -0.6209853  -0.7189519   0.08723809]
Cc1ccc2c(c1)c(S(=O)(=O)c1ccc(Cl)cc1)c(C)n2CC(=O)O,[ 0.27466324  0.04981187 -0.743879   -0.22032975 -0.09414726]
Cc1ccc(-c2ccccc2)cc1,[ 0.07656712  0.60731727 -0.91414267 -0.853358   -0.21236597]
CCc1nn(C2CCCC2)c2c1CCn1c(-c3cccs3)nnc1-2,[ 0.12343656  0.89511126 -0.35373896 -0.34065557 -0.5521917 ]
CCOc1ccccc1-c1ccc(-c2nc3ccncc3c(O)c2C#N)cc1,[ 0.33983564  0.80696297 -1.         -0.5149398   0.20772019]
CCC(CC)C(=O)OCCOCCOCCOC(=O)C(CC)CC,[ 0.09900723  0.5020778  -0.5915096   0.01710466  0.11000057]
OCCOCCN1CCN(C(c2ccccc2)c2ccc(Cl)cc2)CC1,[ 0.41105697 -0.6207161  -0.5337162  -0.55823743 -0.4382664 ]
CCOC(=O)C=Cc1ccc2c(c1)OCO2,[ 0.23023531  0.7221741  -0.95646405 -0.9213301  -0.45132253]
CC(=O)OC(C)(C)C1CC=C(C)CC1,[ 0.12989017  0.687273   -0.556871   -0.35108912  1.        ]
CC(=O)[C@H]1CC[C@H]2[C@@H]3CC[C@@H]4C[C@H](O)CC[C@]4(C)[C@H]3CC[C@]12C,[-0.30396992  0.94758534 -0.8807886  -0.89058083 -0.40885442]
CCCCCCC(N)C(=O)N[C@@H](Cc1c(C)cc(O)cc1C)C(=O)N1CCC[C@@H]1C(=O)N[C@@H](Cc1c[nH]c2ccccc12)C(=O)N[C@@H](Cc1ccccc1)C(N)=O,[-0.10063424  0.6250442   0.42789704 -0.41580504 -0.45556533]
CCOP(=S)(OCC)SCSCc1ccccc1,[ 0.0778683   0.9085818  -0.7413931  -0.69902855  0.07550082]
CN(CCCl)CCCl,[ 0.22834317  0.85188925 -0.8257402  -0.94233376  0.13035402]
Cc1c(-c2c(C)c(N)c3c(C(C)C)c(O)c(O)c(C=O)c3c2O)c(O)c2c(C=O)c(O)c(O)c(C(C)C)c2c1N,"[-3.0249963e-02 -8.6628652e-01 -4.1521972e-01 -6.9853097e-01
 -3.1089495e-04]"
Cc1ccc(Nc2ccc(Nc3ccc(C)cc3)c3c2C(=O)c2ccccc2C3=O)cc1,[ 0.3016337   0.35339105 -1.         -0.9613578   0.56744546]
CC(=O)Oc1cc(C(F)(F)F)ccc1C(=O)O,[-0.31533346  0.78254676 -0.82093126 -0.46645755  0.11828018]
COc1ccc2ncc(=O)n(CCN3CC[C@@H](NCc4cc5c(cn4)OCCO5)[C@H](O)C3)c2c1,[ 0.295685    0.5681376  -0.746806   -0.875798   -0.00889093]
Cc1cccc([N+](=O)[O-])c1[N+](=O)[O-],[-0.54467285  0.8590768  -0.47106463 -1.          0.4406697 ]
CN(C)N=Nc1ccc(I)cc1,[-0.04546641 -0.48891577 -1.         -0.8656089  -0.2521075 ]
CC(=O)N1CCN(c2ccc(OC[C@H]3CO[C@](Cn4ccnc4)(c4ccc(Cl)cc4Cl)O3)cc2)CC1,[ 0.57445186  1.         -0.62090445 -0.7031774  -0.32234722]
CNC(=O)c1cccc2c(Nc3ccc(NS(C)(=O)=O)cc3OC)c3cccc(C)c3nc12,[ 0.17685173  0.6951094  -0.8712713  -0.47614673  0.556201  ]
Nc1ccn([C@@H]2O[C@H](CO)[C@@H](O)C2(F)F)c(=O)n1,[ 0.197908   -0.51002455 -0.37930593 -0.6370092  -0.1997743 ]
CC1CS1,[ 0.30232593  0.9654157  -0.7471415  -0.8261877  -0.03023399]
Nc1cc2c(S(=O)(=O)O)cc(S(=O)(=O)O)cc2cc1S(=O)(=O)O,[ 0.5058766   0.9138474  -0.9591045  -0.6469817   0.47054172]
CNC(=O)ON=C(C)SCC(N)=O,[ 0.02218033 -0.2825826   0.1513702  -0.93419135 -0.44206396]
Nc1cccc(N)c1,[-0.00569182  0.8354235  -0.66232306 -0.58942896 -0.38412786]
CN(C)C(=O)Nc1ccc(Cl)cc1,[ 0.32390118  1.         -0.95199394 -1.          0.19237556]
COP(=S)(OC)Oc1cc(Cl)c(Cl)cc1Cl,[ 0.17359488  1.         -0.63576984 -1.          0.13602838]
O=C(O)c1nn(Cc2ccc(Cl)cc2Cl)c2ccccc12,[ 0.34441137  0.49368522 -0.7783224  -0.844695   -0.15227336]
O=[N+]([O-])N1CN([N+](=O)[O-])CN([N+](=O)[O-])C1,[-0.05782231  1.         -0.12590663 -0.6063198  -0.34022734]
CC(C)C1NC(=O)c2ccccc2O1,[ 0.07333522  0.8852661  -0.6629883  -0.7666924  -0.19329152]
O=C(OCC=Cc1ccccc1)c1ccccc1,[-0.04455861  0.8679108  -0.98690414 -0.8449669  -0.4294892 ]
ClCCCBr,[ 0.2423518   0.2089723  -0.01884862 -0.23367912 -0.06289677]
Cc1c(Sc2ccc(Cl)cc2)c2c(S(C)(=O)=O)cccc2n1CC(=O)O,[-0.27264223  0.82666093 -0.82444715 -0.8323151  -0.145247  ]
C=CC(=O)Nc1ccc(O)cc1,[-0.20971312  0.8700959  -0.9818807  -1.         -0.11125402]
CN(SSC(C)(C)C)C(=O)ON=C1SCCS1,[ 0.47806603  0.37721616 -0.76070035 -0.6147347  -0.344236  ]
COc1cc2c(cc1OC)C(Cc1cc(OC)c(OC)c(OC)c1)[N+](C)(CCCOC(=O)CC/C=C\CCC(=O)OCCC[N+]1(C)CCc3cc(OC)c(OC)cc3C1Cc1cc(OC)c(OC)c(OC)c1)CC2,[ 0.26651254  0.8442162  -0.7982475  -0.60623115 -0.34798694]
O=NN(c1ccccc1)c1ccccc1,[ 0.3725985   0.891471   -0.7190341  -0.41904852  0.25842416]
CN(c1ccc(F)cc1F)c1c([N+](=O)[O-])cc([N+](=O)[O-])cc1C(F)(F)F,[-0.09843462  0.06558842 -0.55312735 -0.7859253   0.73812145]
CCCCCCOC(=O)C(O)c1ccccc1,[ 0.4021501   0.580753   -0.7738368  -0.7653859  -0.30307803]
CC(C)=CCl,[ 0.04173955  0.20200978 -0.6480338  -0.49836403 -0.0877625 ]
Cc1cccc(C)c1NC(=O)C1CCCC[NH+]1C,[ 0.3593795   1.         -0.81354886 -0.9241687   0.72452325]
O=C(CN1CCOCC1)NN=Cc1ccc([N+](=O)[O-])o1,[ 0.21601078  0.86787146 -0.5321791  -0.6419359  -0.09940518]
CCCN(CCC)c1c([N+](=O)[O-])cc(C)cc1[N+](=O)[O-],[ 0.40514717  0.77044225 -0.34498423 -0.31836754 -0.3085408 ]
CC(C=O)=Cc1ccco1,[ 0.25431776  0.8084205  -0.8794508  -1.          0.7974513 ]
c1ccc2sc(SNC3CCCCC3)nc2c1,[ 0.26267698  0.88418    -0.9983995  -0.7359014  -0.3311699 ]
C=C[Si](OC)(OC)OC,[ 0.17222042  0.80657107 -0.5648548  -1.          0.1127371 ]
C1CN1P1(N2CC2)=NP(N2CC2)(N2CC2)=NP(N2CC2)(N2CC2)=N1,[-0.10203969 -0.88615936 -1.         -0.46523258  0.5772388 ]
COc1cc(-c2cc(=O)c3c(O)cc(O)cc3o2)cc(O)c1OC,[-0.23931597  0.82601327 -0.87442327 -0.85294497 -0.37451473]
CC1(C)CC2(NC(=O)N(CCCN3CCC(O)CC3)C2=O)c2cc(F)ccc2O1,[-0.47461995  0.62565553 -1.         -0.9565317  -0.2814343 ]
CCC(C)c1ccc(Oc2ccc(C)cc2CC(=O)O)c(Cl)c1,[ 0.1949763   0.91954273 -0.8883362  -0.75462234 -0.31405088]
O=C(c1ccccc1)c1cccc2c1CCC2C(=O)O,[ 0.29422945  0.8964034  -0.5769637  -0.60717183 -0.10062005]
Cc1ncsc1C,[ 0.1437231   0.6483519  -1.         -0.7654471   0.26150325]
C=COCCOC,[ 0.4499604   0.9371346  -0.921192   -0.8913827   0.60140306]
Cc1ncccc1Oc1ncnc(OC2CCN(C(=O)OC(C)C)CC2)c1C,[ 0.03432089  0.8212297  -0.64700013 -0.9892894  -0.30338326]
O=Cc1ccc(O)cc1,[ 0.10150645  0.6160781  -0.39480904 -0.96005183 -0.04455665]
CN(C)CC=C(c1ccc(Br)cc1)c1cccnc1,[-0.09938379  0.69011587 -0.4413715  -0.7630355  -0.35446486]
Nc1c(CC(=O)[O-])cccc1C(=O)c1ccc(Br)cc1,[-0.01471597  1.          0.53830767  0.8820788   1.        ]
COc1cc2ncc(C(N)=O)c(Nc3cccc(Cl)c3Cl)c2cc1N1CCN(C)CC1,[-0.08417141  0.5770587  -1.         -1.         -0.41592225]
CC[C@H](CO)NC(=O)[C@H]1C=C2c3cccc4[nH]cc(c34)C[C@@H]2N(C)C1,[ 0.26062706  1.         -0.65040225 -0.85967237 -0.16682713]
Cc1ccc(N=C=O)cc1N=C=O,[-0.14269306  0.70521885 -0.7685145  -0.7886542  -0.26758713]
COC(=O)C(C)N(C(=O)Cc1ccccc1)c1c(C)cccc1C,[-0.24967462  0.61819535 -0.83741605 -1.          0.1384099 ]
Cn1cnc(S(=O)(=O)N(CCN(Cc2cncn2C)c2ccc(C#N)cc2)Cc2ccccc2)c1,[-0.26503763  0.802844   -0.8370709  -0.9641978  -0.35417765]
Oc1c(Cl)c(Cl)cc2[nH]c(C(F)(F)F)nc12,[ 0.32946992  0.889736   -0.9058747  -0.86956227  0.12949443]
O=[N+]([O-])c1ccccc1Cl,[-0.06966545  0.8176519  -0.8210464  -0.5819903   0.10372118]
Cc1cnc(Nc2cc(N3CCOCC3)nc(N[C@@H](C)c3ncc(F)cn3)n2)s1,[ 0.32045376  0.66145015 -0.97589666 -0.12174775 -0.14721155]
CCC(=O)O,[-0.15578458  0.8322861   0.11382286 -1.          0.21396124]
C=C(C)C(=O)OC=C(C)C,[ 0.4441272   0.7377351  -0.50843126 -0.85075366 -0.12430028]
CCN1C(=O)NC(c2ccccc2)C1=O,[ 0.1850019   0.48223087 -0.2388645  -0.73815376 -0.03017837]
O=C(O)COc1ccccc1,[ 0.3441744  -0.4757545  -0.42202693 -0.346097   -0.2822203 ]
C/C([O-])=C(\C#N)C(=O)Nc1ccc(C(F)(F)F)cc1,[ 0.33523315  0.7307612  -0.984753   -0.823251   -0.7744372 ]
NS(=O)(=O)c1cc2c(cc1Cl)NCNS2(=O)=O,[ 0.155234    0.24552557  0.10596072 -0.69872075  0.5033254 ]
CS(=O)(=O)c1ccc(C(O)C(COC(=O)C[NH3+])NC(=O)C(Cl)Cl)cc1,[ 0.1486819   0.8654186  -1.         -0.5834766   0.06928976]
CCCOC(=O)Cc1ccc(OCC(=O)N(CC)CC)c(OC)c1,[-0.6187627   0.5275734  -0.9847773   0.32224205  0.27233878]
C=C(Cl)C#N,[ 0.12902597  0.80115885 -0.9652069   0.23494348 -0.19656467]
S=C=NCCN=C=S,[-0.5177398   0.33104846 -0.6502618  -0.8371673  -0.4334861 ]
COCc1c(C(C)C)nc(C(C)C)c(/C=C/[C@@H](O)C[C@@H](O)CC(=O)O)c1-c1ccc(F)cc1,[ 0.404827    0.76376075 -0.9413435  -0.7819102  -0.6648846 ]
Cn1c(C2=CCN(CCCN3c4ccccc4Sc4ccc(CC(=O)O)cc43)CC2)cc(=O)n(C)c1=O,[ 0.43017578  0.9187051  -0.6805464  -0.4562414  -0.18504263]
CC(C)Nc1nc(Cl)nc(NC(C)C)n1,[ 0.5558934   0.7048032  -0.84996086 -0.5580096   0.57877827]
O=CC1=CCCCC1,[ 0.3314465   0.89719087 -0.97068566  0.1479029  -0.07019749]
CCCCCNCCCCC,[ 0.3431668   0.77829516 -0.3449057  -0.39815482 -0.03188507]
Cc1c(OC2CCN(CC3CCN([C@@H](Cc4ccc(F)cc4)C(=O)O)CC3)CC2)ccc(C#N)c1Cl,[-0.21579468  0.92811066 -0.14614128 -0.4357316   0.72928816]
COc1ccc(-c2cc(=O)c3ccc(OC)cc3o2)cc1,[ 0.36689848  0.81346506 -0.78150225 -0.3107121   0.17985083]
CC(C)(C)c1cc(O)ccc1O,[-0.30702898  0.64673036 -0.61616254  0.40703547  0.2783055 ]
CCn1cc(C(=O)O)c(=O)c2cc(F)c(N3CCN(C)CC3)cc21,[ 0.17938028  0.69180685 -0.9092464  -0.33512974  0.13206276]
O=C(/C=C/c1ccc(O)c2c1C(C(=O)O)C(c1ccc(O)c(O)c1)O2)OC(Cc1ccc(O)c(O)c1)C(=O)O,[ 0.17500766  0.8254171  -0.7049064  -0.26061544 -0.37639278]
CNC(=O)CSP(C)(=S)OC,[ 0.48778734  0.49021155 -0.30147457 -0.05730134 -0.02654913]
CNC(=N)c1cccc(CC(CC(=O)N2CCC(C(=O)O)CC2)NS(=O)(=O)c2ccc3ccccc3c2)c1,[ 0.01549186  0.04292475 -0.7024075  -0.66810983 -0.14082812]
CCCCOCCOC(C)=O,[-0.04312098  0.87337524 -0.4988491  -0.90653336  0.10567144]
CN1CCN(CCCN2c3ccccc3Sc3ccc(Cl)cc32)CC1,[ 0.02573609  0.51898223 -0.904159   -0.1032498  -0.4540386 ]
CC1=C2C[C@H]3[C@@H](CC=C4C[C@@H](O)CC[C@@]43C)[C@@H]2CC[C@]12O[C@@H]1C[C@H](C)CN[C@H]1[C@H]2C,[-0.5025088   0.8531941  -0.5222363  -0.736428   -0.22215353]
CCC(=O)NCCC1CCc2ccc3c(c21)CCO3,[-0.2127844   0.17195448 -0.69248456 -0.76478803  0.23359342]
CCc1cc2c(s1)-n1c(C)nnc1CN=C2c1ccccc1Cl,[ 0.12887861  1.         -0.6533235  -0.92855394 -0.27764544]
Cc1cc(Cl)ccc1OCC(=O)Nc1ccccc1,[-0.3658522   0.9277986  -0.6971644  -0.87012047 -0.29047284]
CCCN(CCC)c1c([N+](=O)[O-])cc(C(C)C)cc1[N+](=O)[O-],[ 0.15108298  0.9836993  -0.88173497 -0.7846284   0.31565022]
COc1ccc(-c2nc3c(NCCCNC(C)=O)c(Br)cnc3[nH]2)cc1,[ 0.00271941  1.         -0.64013565 -0.4548987  -0.05287202]
CCOC(C)=Cc1oc2ccccc2[n+]1CCCS(=O)(=O)[O-],[ 0.19891913  0.85514903 -0.8726357  -0.5452522   0.61803305]
COc1cccc2c1cc([N+](=O)[O-])c1c(C(=O)O)cc3c(c12)OCO3,[-0.05554563  0.7494392  -0.764334   -0.81826323 -0.45523623]
O=[N+]([O-])c1cc(Cl)ccc1Cl,[ 0.21370427  0.77454555  0.28997436 -0.16830656  0.041176  ]
CC1(C)SCN(C(=O)C2(Oc3ccc(Cl)cc3)CCCCC2)C1C(=O)O,[ 0.01497478  0.66199243 -0.6729611  -1.         -0.22206682]
CNC(=O)c1[nH]cnc1C(=O)Nc1ccc(Cl)cc1,[ 0.12180252  0.81011605 -0.7060844  -0.64634997 -0.285993  ]
O=C(Nc1ccc(Cl)c(C(=O)Nc2cccnc2)c1)c1cccc(C(F)(F)F)c1,[ 0.3352038   0.910764   -0.3478541  -0.52469844 -0.42355788]
CCC(=O)N(c1ccccc1)C1CC[NH+](CCc2ccccc2)CC1,[-0.09056189 -0.19150074 -0.7924909  -0.41753843 -0.0271988 ]
Cc1nn(C)c(Oc2ccccc2)c1C=NOCc1ccc(C(=O)OC(C)(C)C)cc1,[-0.01626194 -0.64798284 -0.55444735 -0.49916083  0.54590756]
CC(NNC(=O)c1ccccc1)c1ccccc1,[ 0.20060852  0.77667314 -0.9278024  -0.7436681  -0.04462678]
FC(F)(F)c1nc2c(Br)c(Cl)c(Br)cc2[nH]1,[ 0.05952224  1.         -0.730437   -0.34921968  0.05836466]
CNC(=O)Nc1nnc(C(C)(C)C)s1,[ 0.0856716   1.         -0.9025122  -0.5521879  -0.14903322]
CCCSP(C)(=S)SC(CC(=O)OCC)C(=O)OCC,[-0.45529124  0.8359497  -0.7041485  -0.9827166   0.01760329]
SCCc1cnccn1,[-0.12298889  0.7300886  -0.7991932   0.1519389   0.02923335]
COc1ccc(N)c([N+](=O)[O-])c1,[ 0.237853    0.86017215 -0.74886    -0.93720055 -0.25153103]
C[C@@H](NC1=CC(=O)CNC1)c1ccc(Nc2ncc3cc(-c4ccncc4)ccc3n2)cc1,[ 0.19182692  0.75646394 -0.63235986 -0.65351343  0.40848178]
O=C(CN1CCNCC1)NN=Cc1ccc([N+](=O)[O-])o1,[-0.33633682 -0.40506485 -0.7911952  -0.7866962   0.1407254 ]
C=CCn1c(N)cc(=O)n(CC)c1=O,[ 0.27970394  0.8910094  -0.77316254 -0.36141863  0.14468564]
Oc1c(O)c(-c2c(Cl)c(Cl)c(Cl)c(Cl)c2Cl)c(Cl)c(Cl)c1Cl,[ 0.19523466  0.72340965  0.96912986 -0.565043   -0.2931796 ]
CCCCN(N=O)C(N)=O,[ 0.32690388  0.548225   -0.5894204  -0.9248496  -0.0907051 ]
Cc1cn([C@H]2CCCN(S(=O)(=O)c3ccc(C#N)c(Oc4cccc(Cl)c4)c3)C2)c(=O)[nH]c1=O,[ 0.2948227   0.4546026   0.14193441 -0.37741965 -0.40844876]
Cc1ccc(N=CN(C)SN(C)C=Nc2ccc(C)cc2C)c(C)c1,[ 0.0168184   0.6877426   0.20621705 -0.3091406   0.23757707]
C=CCN(C(=O)Cn1nc(C)ccc1=O)C(C)Cc1ccccc1,[ 0.6223632   0.6200161  -0.7787607  -0.9510871   0.05094424]
C1=CCCC=CCCC=CCC1,[ 0.27821508  0.7603393  -0.9032735  -1.         -0.12588984]
CC(O)C#N,[ 0.08909936  0.76126766 -0.40691403 -1.         -0.17071995]
Cc1cc(Nc2nc(N[C@@H](C)c3ccc(F)cn3)c(C#N)nc2C)n[nH]1,[ 0.00241756  0.8306391  -0.6348785  -0.4405838  -0.03741622]
Cc1ccc(C(=O)c2ccc(CC(=O)NCC(=O)Nc3cccc(C)c3C)n2C)cc1,[ 0.10564844  0.45381644 -0.8841874  -0.4305409  -0.32718697]
O=P(O)(O)C(O)(Cn1ccnc1)P(=O)(O)O,[-0.5592453   0.8335547  -0.81789184 -1.         -0.10079826]
CCCOCCN(C(=O)CCl)c1c(CC)cccc1CC,[ 0.4587837   0.98250335 -0.8506817  -1.          0.46913224]
CC(=O)OO,[-0.29755625  0.716714   -0.3398255  -0.69151336  0.21954001]
COc1cc(Nc2nc(N[C@@H](C)c3ncc(F)cn3)ncc2Br)n[nH]1,[ 0.40442827  0.9220828  -0.35516882 -0.42949253  0.19440563]
CC1(C)SC2C(NC(=O)C(C(=O)[O-])c3ccsc3)C(=O)N2C1C(=O)[O-],[ 0.6519563   0.6106915  -0.92803395 -0.38916713  0.13588113]
Cc1cn([C@H]2CCCN([C@H](CC(C)C)c3ccc(C(=O)O)c(Oc4cccc(Cl)c4)c3)C2)c(=O)[nH]c1=O,[ 0.19383852  1.         -0.8531999  -0.84188735 -0.42865935]
CCC[NH+]1CCCCC1C(=O)Nc1c(C)cccc1C,[ 0.13288234  0.6078962  -0.76500636 -0.57749844 -0.11101151]
CCOc1ccccc1C(=O)NN=C(C)C(=O)O,[-0.12237002  0.9053672  -0.91141135 -0.6695919  -0.10096213]
COc1ccc(C[C@@H]2c3cc(OC)c(OC)cc3CC[N@+]2(C)CCC(=O)OCCCCCOC(=O)CC[N@@+]2(C)CCc3cc(OC)c(OC)cc3[C@H]2Cc2ccc(OC)c(OC)c2)cc1OC,[ 0.21904688  0.599183   -0.24058664 -0.6202904  -0.03617947]
O=[N+]([O-])C(CO)(CO)CO,[ 0.02122331  0.40051356 -0.39005384 -0.5212519  -0.08785289]
CN1C[C@@H]2c3ccccc3Oc3ccc(Cl)cc3[C@H]2C1,[-0.06208136  0.69207364 -0.49105215 -0.58887607 -0.6992154 ]
CCOP(=O)(OCC)Oc1nc(Cl)c(Cl)cc1Cl,[-0.10933535 -0.14551832 -0.3282056  -0.28897086 -0.26184684]
O=c1[nH]cnc2c1ncn2[C@H]1CC[C@@H](CO)O1,[-0.32075676  0.8074601  -0.7485841  -0.9911099  -0.22605947]
COCCNCc1ccc(Nc2ncc3cc(-c4ccncc4)ccc3n2)cc1,[ 0.21386962  0.7768522  -1.         -0.62987316 -0.30459526]
CCC1OC(C)SC1=NOC(=O)NC,[-0.09845323  0.8744706  -0.55432475  0.22038397  0.32590228]
CC1NC(=S)NC1=O,[-0.00953241  0.99742514 -0.7238551  -0.8831323   0.4413069 ]
Cc1c(C(=O)NCCO)[n+]([O-])c2ccccc2[n+]1[O-],[ 0.2788986   0.7993246   0.5095261  -0.0248896  -0.24560748]
CC(C)=CCN1CCC2(C)c3cc(O)ccc3CC1C2C,[ 0.13054158  0.97822696 -0.80423135 -0.6194566  -0.07250174]
CC(C)(C)c1ccc(C(=O)O)cc1,[ 0.51666534  0.49548316 -0.77800584  0.25238577  0.14259972]
Clc1nc(Cl)nc(Cl)n1,[ 0.04633645 -0.16539069 -1.         -0.59291434  0.53462225]
CN(C)CCCC1c2ccccc2Nc2ccc(Cl)cc21,[ 0.26177514  0.9005245  -0.89641905 -0.79550767 -0.1480564 ]
O=C(Cc1cccs1)N[C@@H]1C(=O)N2C(C(=O)[O-])=C(C[n+]3ccccc3)CS[C@H]12,[ 0.60357755  0.7096474  -0.9761405  -0.6030943   0.00852143]
CN=C=S,[ 0.4814986   0.7505591  -0.7896336  -0.28529578  0.02243562]
COP(=S)(OC)SCc1nnc(C(C)C)o1,[-0.17788683  1.         -0.8486305  -0.71096     0.29391405]
Cc1ccc2nc(C[N+]34CCC(CC3)[C@@H](OC(=O)[C@](C)(c3ccccc3)N3CCCCC3)C4)oc2c1,[ 0.55194795  0.79890645 -0.5369425  -0.7377032  -0.6117078 ]
COC(=O)C(C(C)=O)C(C)=O,[ 0.01381175  0.61560035 -0.9710611  -0.9952526  -0.13843149]
C1=CC2C3C=CC(C3)C2C1,[ 0.19460255  0.88415074 -0.60519564 -0.7689078  -0.26794878]
O=C(Cc1ccc(Cl)c(C(F)(F)F)c1)Nc1cccc2c(=O)n(CCO)ccc12,[ 0.55152017  0.44180775 -0.8199714  -0.73361    -0.452897  ]
CC(=O)N(C)c1ccc(Nc2ncc3cc(-c4ccncc4)ccc3n2)cc1,[-0.09922563  0.6288231  -0.5428581   0.7926762   0.27710387]
CC(=O)N[C@H](C)C(=O)NCCc1ccccc1,[ 0.23516148  0.34750372 -0.50200087 -0.6721354  -0.21095161]
CCCCCC(=O)O,[ 0.13875246  0.8402462  -0.9711645  -0.84238523  0.1727859 ]
CCN(CC)CCCCCCCCCCNC(=O)Oc1ccc2c(c1)C1(C)CCN(C)C1N2C,[ 0.3420952   0.80276555  0.26280963 -0.3332266   0.15724903]
ClCC(Cl)Cl,[-0.00179204  0.46659032 -0.69524795 -0.66287357  0.4241364 ]
CC(C)CCOC(CO)CC(C)C,[-0.09059811  0.36395204 -0.82234    -0.79626185 -0.39016524]
CC(=O)OCc1ccc(C(C)C)cc1,[-0.33168486  0.8373572  -0.86416256 -0.8109447  -0.18927518]
O=[N+]([O-])c1c(Cl)c(Cl)c(Cl)c2nc(C(F)(F)F)[nH]c12,[ 0.18106943  0.5047574  -0.6876868  -0.7444475   0.53346467]
ClC(Cl)(Cl)c1cccc(C(Cl)(Cl)Cl)c1,[ 0.40619212  0.6652977  -0.75547063 -0.88784087 -0.00161753]
CCOP(=S)(OCC)Oc1ccc([N+](=O)[O-])c(C)c1,[ 0.02640763  1.         -0.82374316 -0.03999985 -0.10524844]
CCc1ccc2[nH]c(C(F)(F)F)nc2c1,[ 0.07035057  0.36399153 -0.90939444 -0.6549461   0.53094196]
CC[C@H](C)C(=O)O[C@H]1C[C@H](O)C=C2C=C[C@H](C)[C@H](CC[C@@H](O)C[C@@H](O)CC(=O)O)[C@H]21,[-0.09286893  0.753386   -0.64741486 -0.84553784  0.49342835]
CC=C(C(=O)NC(N)=O)C(C)C,[ 0.48169932  0.65158457 -0.9169834   0.796074    0.10735813]
O=c1cc(-c2ccc(O)cc2)oc2cc(O)cc(O)c12,[-0.11800296  0.9440107  -0.8928109  -1.          0.7212988 ]
CC(C)N(C(=O)SCC(Cl)=C(Cl)Cl)C(C)C,[ 0.5461925   0.96453273 -0.8155832  -0.1754689  -0.09008779]
CCCCOC(=O)CC(SC(CC(=O)OCCCC)C(=O)OCCCC)C(=O)OCCCC,[-0.12432881  0.7645238  -0.41966748 -0.26766703  0.17032236]
CCCCc1nc(Cl)c(CO)n1Cc1ccc(-c2ccccc2-c2nnn[nH]2)cc1,[ 0.1342251   0.8718303  -0.74341446 -0.16616116  0.17625059]
CCC1=C(C)CN(C(=O)NCCc2ccc(S(=O)(=O)[N-]C(=O)NC3CCC(C)CC3)cc2)C1=O,[ 0.02404585  0.7124021  -0.47726193 -0.8622925  -0.31179354]
CN[C@@H](C)[C@@H](O)c1ccccc1,"[ 1.7355891e-01 -8.6237586e-01 -9.1283846e-01 -1.0000000e+00
  4.4789587e-04]"
Cc1ccc2c(c1)c(Sc1cccc(Cl)c1)c(C)n2CC(=O)O,[ 0.02671554  0.7895687  -0.7630378  -0.6471772  -0.18785432]
COP1(=S)OCc2ccccc2O1,[ 0.04078148  0.9534116  -0.6749021  -0.6486394  -0.28011793]
COc1c(Cl)ccc(Cl)c1C(=O)OCCN(CCOC(=O)c1c(Cl)ccc(Cl)c1OC)c1ccccc1,[ 0.2525986   0.8412828  -0.36523488 -0.8292575   0.21308622]
CCOP(=O)(NC(C)C)SCC(=O)NCOC,[ 0.3291183   0.6001662  -0.28156313 -0.41338745 -0.15533724]
CC(C)OP(=S)(OC(C)C)SCn1nc(Cl)ccc1=O,[-0.6681148   0.8740164  -0.35536683  0.36590153 -0.21933973]
Nc1ccc(Cl)cc1,[ 0.4214412   0.73352426 -0.44665074 -0.7171538   0.00511145]
O=c1[nH]c(=O)c2ccccc2o1,[ 0.24164975  0.797005   -0.5357379  -0.58460385 -0.1704236 ]
CCC(=O)Nc1ccc2[nH]c(C(F)(F)F)nc2c1,[-0.7331758   0.6194211  -0.6735181  -0.82404345  0.5625277 ]
CCOP(=S)(Oc1cccc2cccnc12)c1ccccc1,[-0.03459615  0.95200235 -0.58613294 -0.62718624  0.3603094 ]
O=S(=O)(O)c1ccc2cc(Nc3cccc4c(O)c(S(=O)(=O)O)ccc34)ccc2c1O,[-0.02133794 -0.9961695  -0.6552868  -0.37757227  0.09918419]
N#Cc1cccc(C#N)c1,[ 0.05950072  1.         -0.665816   -0.81388354 -0.12040138]
C=C1CC1CC(N)C(=O)O,[ 0.6204611  0.5665982 -0.9934745 -0.7583051  0.7608139]
CCCCOCC1CO1,[ 0.03306113  0.12290148 -0.8665247  -0.85838735 -0.26547718]
CC(CN1CCOCC1)C(C(=O)N1CCCC1)(c1ccccc1)c1ccccc1,[ 0.20564096  0.66193974 -0.8661286  -0.6252303   0.0725502 ]
CN(C)CCC(c1ccc(Cl)cc1)c1ccccn1,[-0.02554433  0.45242858 -0.39908773  0.5199042   0.1769579 ]
OC(CCN1CCCC1)(c1ccccc1)C1CCCCC1,[ 0.14344408  0.7815233  -0.6062088  -0.58238447 -0.02754968]
CC1CCC(N)CC1N,[-0.01004677  0.839221   -0.6379042   0.46762764 -0.19960256]
N#CC(c1ccccc1)c1ccccc1,[ 0.6048836   0.59424603 -0.5524256  -0.431154    0.02442109]
CCN(CC)c1ccc2c(C)cc(=O)oc2c1,[ 0.67396146  0.20008153 -0.588283   -0.8119595   0.19729371]
COc1ccc(CC2c3cc(OC)c(OC)cc3CCN2C)cc1OC,[ 0.24816744  0.86621904 -0.7827844  -1.         -0.13637519]
O=C(NC1CC1)c1cc(-c2cccs2)on1,[-0.37169352  0.82505846 -0.90461814 -0.43398246  0.07515109]
C=CC[NH+]1CCCC1CNC(=O)c1cc(S(=O)(=O)NC)c(N)cc1OC,[-0.36655504  0.44448742  0.00514678 -0.19509621 -0.11909446]
CC[C@@]1(O)C(=O)OCc2c1cc1n(c2=O)Cc2cc3c(CN(C)C)c(O)ccc3nc2-1,[-0.46141258  0.5609082  -0.9899559  -0.6246184   0.06709837]
O=C(CCl)OC1=C(OC(=O)CCl)C(=O)OC1=O,[ 0.06761137  0.6082362  -0.6162054  -0.8535077  -0.07545844]
CC(C)NCC(O)COc1cccc2ccccc12,[ 0.3070395   0.70683247 -0.76700205 -0.7682801  -0.57969314]
CN(C)N=Nc1nc[nH]c1C(N)=O,[ 0.22960171 -0.22287534 -1.         -0.4325168   0.28280264]
Cc1c(OCC(F)(F)F)ccnc1C[S+]([O-])c1nc2ccccc2[nH]1,[ 0.11468519  0.7681662  -0.57083726 -0.8638888   0.20326598]
COc1cc(OC)c(S(=O)(=O)NCc2ccccc2N2CCC(COC(=O)CCC(=O)O)CC2)cc1NC(=O)CCC(=O)O,[ 0.3024353   0.72431856 -0.83286846 -0.99381423 -0.54957116]
CCOP(=S)(OCC)OC(C)CC,[-0.27354324  0.27738065  0.3055547  -0.69124985 -0.09872429]
CCOC(=O)CCN(SN(C)C(=O)Oc1cccc2c1OC(C)(C)C2)C(C)C,[-0.43263042  0.85107714 -0.6501964  -0.7473612  -0.09230141]
Nc1nc2[nH]cnc2c(=S)[nH]1,[-0.30052274  0.48541185 -0.98779076 -0.40840206  0.11834633]
CCOc1cc2ncc(C(N)=O)c(Nc3ccc(F)cc3F)c2cc1N1CCN(C2CC2)CC1,[-0.16629988  0.10485217 -0.3134901   0.5637752   0.11657845]
OCCNCCOc1ccc(C(=C(c2ccccc2)C(F)(F)F)c2ccccc2)cc1,[ 0.2984049   0.7902082  -0.75699323 -0.39998227  0.03755866]
CC1CCC(C(C)C)C(O)C1,[ 0.10440508  0.88820493 -0.84960127 -0.7055797  -0.09299673]
CSCCC([NH3+])C(=O)NC1(C(=O)[O-])CS(=O)(=O)C2C(C(=O)[O-])C21,[ 0.8016005   0.6295452  -0.24235106 -0.7273416  -0.2729562 ]
CC(C)NC(=O)c1cnc(N2CCC(N3C(=O)OCc4ccccc43)CC2)c(Cl)c1,[ 0.0473541   0.92853105 -0.12465937 -0.12982394 -0.42433783]
CC(N)C(O)c1cccc(O)c1,[ 0.14461626  0.91260433 -0.8609362  -0.23654902  0.6250454 ]
CC(O)C1C(=O)N2C(C(=O)[O-])=C(SC3CCS(=O)C3)SC12,[ 0.07184014  0.43022713 -1.         -0.5444138   0.23241991]
CCOc1cc(OCC)c(C(=O)CCC(=O)O)cc1OCC,[-0.0260162   0.8747487  -0.77248937 -0.80666715 -0.5486898 ]
CNNC,[ 0.45147207  0.2656854  -1.         -0.9908401  -0.3251148 ]
CCOP(=S)(OCC)Oc1cc(-c2ccccc2)on1,[ 0.23304284  0.7966902  -1.         -0.61789995  0.2039489 ]
O=[N+]([O-])c1cc(Cl)c(N=Nc2ccc(N3CCS(=O)(=O)CC3)cc2)c(Cl)c1,[-0.01375189  0.5251047   0.12561664 -0.6282782  -0.27648428]
S=C1NCCC(COc2ccccc2)O1,[-0.05669593  0.57910347 -1.         -1.          0.5223079 ]
CCC(C)OC(CBr)c1ccc(Cl)cc1,[-0.7791626   0.73741966 -0.8223769  -0.7478986  -0.3592753 ]
CCOC(=O)COc1ccc(C(=O)CN2CCN(C3CCN(C(=O)OCOC(=O)C(C)(C)C)CC3)CC2=O)cc1,[-0.20631555  0.84519243 -0.87901086  0.20011489  0.5639634 ]
COC(C)COC(C)COC(C)CO,[ 0.5347391   0.63825876 -0.87686914 -0.69671     0.34101677]
C=CC(=O)OCCOC(=O)CC(C)=O,[ 0.02577774  0.77227014 -0.7256217  -0.66534156  0.6975305 ]
COP(=S)(OC)Oc1ccc(C#N)cc1,[ 0.42818356  0.02305626 -0.6815191  -0.7611104   0.04034712]
C1C[SiH2]C1,[ 0.30080158  0.7132472  -0.6708438  -0.8439909   0.01425836]
O=[N+]([O-])c1cc2[nH]c(C(F)(F)F)nc2cc1Cl,[ 0.08786415  0.8658392  -0.7897027  -0.50498945  0.63176656]
c1cc(-c2ccc3nc(Nc4ccc(OCCN5CCCC5)cc4)ncc3c2)ccn1,[ 0.44662046  0.8115414  -0.57638866 -0.50545096 -0.35070714]
Cc1ccc(NC(=O)c2ccc(C#N)cc2)cc1-n1cnc2ccc(N3CCN(C)CC3)cc2c1=O,[ 0.39732656 -0.6907369  -0.73056054 -0.75139904 -0.07473259]
CN(C)CCCNCCCN(C)C,[ 0.34406582  0.1587975  -0.953283    0.54996717  0.18026152]
CCNC(=O)C=Cc1cccc(Br)c1,[-0.08999001  0.39173895 -0.77399284 -0.2526389   0.2320027 ]
CS(=O)(=O)c1nc(-c2ccc(F)cc2)n(-c2ccc(Cl)cc2)n1,[ 0.27065432  0.8290884  -0.99244845 -0.77612484 -0.38219443]
Cc1c(CN2CCOC(c3ccccc3)C2C)c(=O)n(-c2ccccc2)n1C,[-0.00382403  0.53361934 -0.72633886 -0.84499675  0.4213584 ]
C[C@@H]1NC(=O)[C@@H](C)N(C)C(=O)[C@@H](C)N(C)C(=O)[C@H](C)NC(=O)[C@H](C)N(C)C(=O)[C@@H](C)N(C)C1=O,[ 0.0678732   0.6940018  -0.8295718  -0.18287413  0.13715579]
C[C@@](N)(Cc1ccc(O)c(O)c1)C(=O)O,[-0.10164122  0.69496036 -0.6976577  -0.5951202  -0.0975441 ]
O=C(COc1ccc(Cc2ccc(Cl)cc2)cc1)OCc1cccnc1,[-0.15879634  0.8356802  -0.98599297 -0.7665749  -0.04230935]
CC(C)CCCCCN(CCCCCC(C)C)CCCCCC(C)C,[ 0.3302988   0.893806    0.2750218  -0.98495996  0.23797017]
O=C1NC(=O)C(c2ccccc2)(c2ccccc2)C(=O)N1,[ 0.5265258   0.13375476 -0.8804783  -0.75934815 -0.20098534]
CCN(CC)CCNC(=O)c1cc(Br)c(N)cc1OC,[ 0.14125022  1.         -0.32128477 -0.63522875  0.05826729]
C=CC(=O)NCNC(=O)C=C,[ 0.46085533  0.59861225 -0.5287498  -0.9590677   0.1289884 ]
Cc1cc(Cl)ccc1OCCCC(=O)O,[ 0.33605635  1.         -0.9939908  -0.56876844  0.09366716]
C=CC(=O)OCCOCC,[ 0.46070212  0.73792464 -0.67812693 -0.28333855  0.3561167 ]
CNC(=O)Oc1ccc(Cl)c2c1OC(C)(C)C2,[-0.3282125   0.69862735  0.2975169  -0.60396516 -0.33588248]
Cc1cc(OC(=O)N(C)C)n(C(C)C)n1,[ 0.5526237   0.9939192  -0.37974247  0.15503441 -0.10804538]
OCc1ccccc1,[ 0.1311357   0.5435853  -0.33511433 -0.32608724 -0.6505042 ]
CN(C)C(=O)Nc1cc(C(C)(C)C)on1,[-0.5666276   0.90267885 -0.79961663 -0.7290745  -0.04991823]
C[N+](C)(Cc1ccc(NC(=O)c2ccc(Cl)c(Cl)c2)cc1)C1CCOCC1,[-0.8259959   0.90757644 -0.63446337 -0.5621406  -0.44472492]
CCC(CC)n1nc(C)c(C(=O)N[C@@H](C)C(C)(C)C)c1NS(=O)(=O)c1ccc(C)cc1,[ 0.20756136  0.6763575   0.20666344 -0.36760458 -0.4158031 ]
CN(CC#N)N=O,[-0.08123463  0.7609756  -0.72497874 -0.8503461  -0.4958943 ]
CCC(C)C(=O)OC1CCC2(C)C3CC(O)C4C5(O)C(CC42OC13O)C1CN2CC(C)CCC2C(C)(O)C1C(O)C5OC(=O)C(C)(O)CC,[-0.10409681  0.874359   -0.31812522 -0.8355085  -0.408398  ]
C[NH+]1CCOC(c2ccccc2)c2ccccc2C1,[ 0.39492473  0.30100757 -0.76194215  0.438798   -0.06066756]
O=C1NC(c2ccc(Br)cc2)Nc2ccccc21,[ 0.36490366  1.         -0.7192305  -0.6415258  -0.3397496 ]
O=C(O)C1N=C(c2ccccc2)c2cc(Cl)ccc2NC1=O,[-0.297153   0.6536864 -0.835387  -0.6356448  0.0681699]
ClCc1cccc2ccccc12,[-0.109024    0.91199756 -0.8000503  -0.6219676  -0.25346002]
ClC(=NNc1c(Cl)cc(Cl)cc1Cl)c1ccccc1,[ 0.517394    0.8260643  -0.74248266 -0.57827365 -0.05797555]
CCCc1c(OCc2cccn3c(=O)c(CCC(=O)O)cnc23)ccc(C(C)=O)c1O,[ 0.17570059  0.79937637 -0.4259084  -0.8471266  -0.3562749 ]
CCC(C(=O)N1CCCCC1C(=O)OC(CCc1ccc(OC)c(OC)c1)c1cccc(OCC(=O)NCCNC(=O)COc2cccc(C(CCc3ccc(OC)c(OC)c3)OC(=O)C3CCCCN3C(=O)C(CC)c3cc(OC)c(OC)c(OC)c3)c2)c1)c1cc(OC)c(OC)c(OC)c1,[ 0.1145128  -0.26139545 -0.05129082 -0.18690288 -0.5203864 ]
CC(C)OCCO,[-0.24319634  0.8732819  -0.45633623 -0.6537354   0.11756887]
COc1cc(OC)c(S(=O)(=O)NCc2ccccc2N2CCCCC2)cc1NC(=O)CCC(=O)O,[ 0.6295853   0.70376474 -0.76582813 -0.5477973  -0.04152137]
C1=CCC(C2OCC3(CC=CCC3)CO2)CC1,[-0.5266442  0.6272394 -0.8812481 -0.4090723 -0.3103068]
C=C(C)C1CC=C(C)C(O)C1,[ 0.17185542  0.58050436 -0.48788857 -0.8399464   0.27457425]
O=[N+]([O-])c1ccc(O)c(CNCCO)c1,[ 0.46149433  0.73844194 -0.8977283  -0.575064    0.38262597]
CP(=S)(Oc1ccccc1)Oc1ccc(C#N)cc1,[ 0.4488227   0.77666855 -0.46840307  0.4010422   0.20169236]
CN(C)c1ccc(C(O)(c2ccc(N(C)C)cc2)c2ccc(N(C)C)cc2)cc1,[ 0.24234952  0.9925586  -0.7753484  -0.55132943  0.04405307]
CCOC(C1=NCCCN1)c1c(Cl)cccc1Cl,[ 0.34947217  0.58528423 -0.33839503 -0.3638277  -0.32565007]
CCCCSCCCC,[ 0.3745094   0.6101099  -0.8360627  -0.8515904  -0.01792477]
CCN(CC)N=Nc1ccccc1,[ 0.31086057  0.0475885  -0.85652256 -0.5520463   0.879194  ]
CCOc1nc(C(Cl)(Cl)Cl)ns1,[ 0.45936048  0.8193354  -0.8268262  -0.26869503  0.02969184]
C=CCOc1ccccc1OCC(CNC(C)C)OC(=O)C1CC1,[-0.06299964  0.42181015 -0.9278059  -0.83041525 -0.03947353]
CCN(CCO)c1cccc(C)c1,[ 0.23825684  0.7076685  -0.72975695 -0.5807065  -0.06738969]
COc1nccnc1NS(=O)(=O)c1ccc(N)cc1,[ 0.5775354   0.9361044  -0.7567176  -0.7881347  -0.19496188]
Nc1nc(O)c(Cl)c(-c2ccccc2)n1,[ 0.12923357  0.16036355 -0.67247564 -0.9989595   0.16625795]
COc1cc2ncc(C(N)=O)c(Nc3ccc(F)cc3F)c2cc1NCCN1CCCCC1,[ 0.14757732  1.         -0.85646355 -0.88935804  0.6628908 ]
C=CC1=C(C)/C(=C\c2[nH]c(Cc3[nH]c(/C=C4/NC(=O)C(C)=C4C=C)c(C)c3CCC(=O)O)c(CCC(=O)O)c2C)NC1=O,[-0.45703268  0.7727963  -0.5704512  -0.79908985 -0.34539655]
Cc1ccccc1COC1CC2(C(C)C)CCC1(C)O2,[-0.07727815  0.19981319 -0.7747626  -0.70372707 -0.19072765]
C=CC(=O)OCCOCCOC(=O)C=C,[-0.06412505  0.89929485 -0.7490074  -1.          0.2102768 ]
CC(C)(C)c1cc(CCC(=O)OCCSCCOC(=O)CCc2cc(C(C)(C)C)c(O)c(C(C)(C)C)c2)cc(C(C)(C)C)c1O,[ 0.23757628  0.85419905 -0.61969155 -0.8889618   0.20310374]
CCCCCCCCCCCCCCCCCCOP(=O)([O-])OCC[N+]1(C)CCCCC1,[-0.10664814  0.6496147  -0.20871553 -0.5063105  -0.35588315]
NCC(O)CO,[ 0.10598534  0.8472401  -0.9587654  -0.45139322  0.6617651 ]
CC(NC(C)c1ccccc1)c1ccccc1,[ 0.79515254  0.90912926 -0.9966181  -0.3785172   0.2158201 ]
C[NH+](CCOc1ccc(NS(C)(=O)=O)cc1)CCc1ccc(NS(C)(=O)=O)cc1,[ 0.5094539   0.7172657  -0.9073668  -0.96243954  0.27098545]
CCNc1nc(NCC)nc(OC)n1,[ 0.00191724  0.84803534 -0.57608324 -1.          0.02235315]
ClCc1ccccc1,[ 0.37077665  0.802195   -0.5091555  -0.26831025  0.4101319 ]
Cc1ccc(N2CC(COc3ccc(-c4noc(C)n4)cc3)C2)nn1,[-0.15945227  0.6462153  -0.56664497 -0.82477    -0.00519118]
Fc1cc2nc(C(F)(F)F)[nH]c2cc1Cl,[ 0.11935721  0.9021494  -0.9317444  -0.64131707  0.0968352 ]
CC(C)C(CCC(C)C1CCC2C3C(O)CC4CC(NCCC[NH2+]CCCC[NH3+])CCC4(C)C3CCC12C)OS(=O)(=O)[O-],[-0.11556928  0.9387438  -0.8973818  -0.9008367  -0.22773562]
O=[N+]([O-])c1ccc(Nc2ccccc2)c(S(=O)(=O)O)c1,[ 0.14605227  0.19052924 -0.4866946  -0.46476248 -0.4347875 ]
CCCCCCCC(=O)N[C@@H](CCN)C(=O)N[C@H](C(=O)N[C@@H](CCN)C(=O)N[C@H]1CCNC(=O)[C@H]([C@@H](C)O)NC(=O)[C@H](C)NC(=O)[C@H](CCN)NC(=O)[C@H](CC(C)C)NC(=O)[C@@H](Cc2ccccc2)NC(=O)[C@H](CCN)NC1=O)[C@@H](C)O,[ 0.5580343   0.29107833 -0.99757874 -0.7332723  -0.2753227 ]
COC(=O)c1ccccc1N=NN(C)C,[ 0.08324241  0.84688264 -0.9783938  -0.58060014 -0.23102953]
Nc1ccc([N+](=O)[O-])cc1N,"[ 4.6680567e-01  5.0461262e-01 -5.5918735e-01 -8.5529786e-01
 -6.3591299e-04]"
O=C([O-])c1cc(N=Nc2ccc(S(=O)(=O)Nc3ccccn3)cc2)ccc1O,[ 0.3105964   0.7793147  -0.8027124  -0.5778107  -0.17887886]
CCCCCCOCCOCCO,[-0.07380715 -0.37629974 -0.5737779  -0.5169882   0.321697  ]
CC(=Cc1ccccc1)C=C1SC(=S)N(CC(=O)O)C1=O,[ 0.35556775  1.         -0.58214146 -0.90370244  0.24833557]
O=[N+]([O-])c1ccc(Cl)c([N+](=O)[O-])c1,[ 0.31931263  0.21734159 -0.24845935  0.77629405  0.3839357 ]
CCCP(=O)(CCC)CCC,[ 0.42043036  0.777685   -0.91553503 -0.8168903  -0.00512551]
CCC(O)CO,[ 0.11653588  0.46833196 -0.76471364 -0.7107893  -0.19078356]
C=CC(=O)OCC(CC)CCCC,[ 0.10372431  0.7296354  -0.79144907 -0.52155775  0.44003722]
CCOP(=O)(Cl)Cl,[ 0.41550037  0.89402395 -0.9788474  -0.47007722  0.18556117]
C(=NC1CCCCC1)=NC1CCCCC1,[ 0.11985405  0.93205583 -0.6093844  -0.7229895  -0.2822938 ]
COc1c(OCc2ccc(-c3ccccc3-c3nnn[nH]3)cc2)cc(C)nc1C,[ 0.3036322   0.67095566 -0.85291845 -0.2557593  -0.39228356]
Nc1nc(-c2ccccn2)nc(N)c1Cc1ccc(Cl)cc1Cl,[ 0.09763301  0.8426215  -0.7597217  -0.28283292 -0.06219188]
O=C(O)[C@@H](c1ccccc1)N1CCC(CN2CCC(Oc3ccc(Cl)c(Cl)c3)CC2)CC1,[ 0.6092754   0.77302384 -0.91200864  0.00204438 -0.45248932]
CC(C(O)c1ccc(O)cc1)[NH+]1CCC(O)(c2ccccc2)CC1,[-0.17550062  0.6467989  -0.6850988  -1.          0.08463089]
Nc1ccc(Cl)cc1Cl,[ 0.27989     0.95885414 -0.9305143  -0.9736922  -0.583365  ]
CCOP(=S)(OCC)Oc1cc(C)n(CC)c(=O)c1,[ 0.02126079  0.91076684 -0.77722484 -0.73210704 -0.50642306]
COP(=S)(OC)Oc1cnc2ccccc2n1,[ 0.6408037   0.7556611  -0.7999892  -0.6243721   0.24873082]
O=[N+]([O-])c1ccc(C=NNC(=S)N2CCCC2)o1,[-0.20546164  0.8598643  -0.4183947  -0.78962654 -0.09103677]
O=C(Cl)c1cccc(C(=O)Cl)c1,[ 0.35147503  0.8908644  -0.27930328 -0.41627842 -0.10054756]
O=C(Nc1ccc(Br)cc1)c1cc(Br)cc(Br)c1O,[ 0.07507862  0.921502   -1.         -0.6679783  -0.24974546]
O=c1[nH]c2c(O)ccc([C@@H](O)CNCCSCCCNCCc3cccc(Cl)c3Cl)c2s1,[ 0.33605585  0.51524013 -0.65385646  0.46321246 -0.18035309]
CN(CCO)Cc1cc(C(=O)c2cccs2)cc(C(C)(C)C)c1O,[-0.8658443   0.95170116 -0.94205487 -1.          0.02487851]
C=CS(C)(=O)=O,[ 0.9143601   0.7608934  -0.47360635 -0.68938726 -0.18507837]
COCCN(C(=O)CCl)c1c(C)cccc1C,[-0.2593449   0.35967857 -0.40458158 -0.66594595  0.45871216]
COCOCCO,[ 0.32771206  1.         -0.40376693 -1.         -0.23475029]
Cc1c(OC2CCN(CC3CCN([C@@](C)(Cc4ccc(F)cc4)C(=O)O)CC3)CC2)ccc(Cl)c1Cl,[ 0.23573898  1.         -0.76073027 -0.69764954 -0.51776326]
c1ccc(C2CO2)cc1,[-0.32684815  0.7780006   0.01340599 -0.5066868   0.10532095]
O=C1CC(N2C(=O)c3ccccc3C2=O)C(=O)N1,[-0.23788868  0.8313588  -0.29697984 -0.651338   -0.16180436]
CC(C)CCC(C)Nc1ccc(Nc2ccccc2)cc1,[-0.26905462  0.59449947 -0.8572832  -1.         -0.02740554]
CCN(CC)CCO,[ 0.2875489   0.90584326 -0.78512275 -0.83430415 -0.37900946]
CCNC(=S)NCC,[ 0.42060956  0.52975667 -0.71302664  0.16354921  0.08993271]
c1ccc(COCc2ccccc2)cc1,[-0.08890288  0.8170363  -0.8814263  -0.42137107 -0.17081326]
CNC(=O)ON=C1CCCC1(C)C#N,[-0.09810012  0.25582302 -0.88819414 -0.7823101  -0.07179434]
OCC(O)CO,[ 0.45364836  0.6440211  -0.69204026  0.15708736  0.4767185 ]
C#CC1(O)CCC2C3CCC4=CC(=O)CCC4C3C(=C)CC21CC,[ 0.5904193   0.8868093  -0.81741416 -0.64298564 -0.23107421]
CC(=O)C1OC1(C)C,[ 0.38859236  0.77857053 -0.99970907 -0.637678   -0.4070063 ]
C=C(C)c1ccc(C(C)(C)N=C=O)cc1,[-0.03456677  0.7616524  -0.6133532  -0.63499546 -0.32164833]
Cc1ccc2c(c1)c(-c1ccnc3c(C)cccc13)c(C)n2CC(=O)O,[-0.06562161  0.93235606 -0.6976196  -0.83799523 -0.4170032 ]
c1ccc([C@H]([C@@H](c2ccccc2)N2CCCCC2)N2CCCCC2)cc1,[-0.9629638   0.70653456 -0.5606111  -0.19836858 -0.22823198]
Cc1cnc(C)c(C)n1,[ 0.23379673  0.19322    -0.63643366 -0.48323315 -0.3693122 ]
CCOC(=O)CCN(Cc1ccccc1)SN(C)C(=O)ON=C(C)SC,[-0.39932486  0.8549283  -0.87404007 -0.66358584 -0.19082867]
CCCSP(=S)(OC)SCCC,[ 0.5980909   0.9407809  -0.8295895  -0.31409207 -0.12407269]
CC(=O)O[C@H]1C[C@]2(O)[C@H]3CC[C@H]4C[C@H](O[C@H]5C[C@@H](O)[C@@H](O[C@H]6C[C@@H](O)[C@@H](O[C@H]7C[C@@H](O)[C@@H](O)[C@H](C)O7)[C@H](C)O6)[C@H](C)O5)CC[C@@]4(C)[C@H]3CC[C@]2(C)[C@H]1C1=CC(=O)OC1,[ 0.16362599  0.72074956 -0.6679585  -0.7653932   0.5920395 ]
CCN1C(=O)C=CC1=O,[ 0.23812847  0.47244033 -0.6055048  -0.43546835 -0.00571317]
CC(C)(C)NC(=O)C1CC2CCCCC2CN1CC(O)C(Cc1ccccc1)NC(=O)C(CC(N)=O)NC(=O)c1ccc2ccccc2n1,[ 0.58267075  0.7893892  -0.88520336 -0.30706814  0.55405277]
CC[C@H]1OC(=O)[C@H](C)[C@@H](O[C@H]2C[C@@](C)(OC)[C@@H](O)[C@H](C)O2)[C@H](C)[C@@H](O[C@@H]2O[C@H](C)C[C@H](N(C)C)[C@H]2O)[C@](C)(O)C[C@@H](C)C(=O)[C@H](C)[C@@H](O)[C@]1(C)O,[-0.5669377   0.88316256 -0.8351127  -0.920812    0.06168728]
CNC(=O)c1[nH]cnc1C(=O)Nc1ccc(OC)cc1,[-0.17700778  0.8819759  -0.34960455 -0.7684022   0.02890109]
COP(=S)(OC)SCc1nnc(SC)s1,[ 0.04218698  1.          0.01064314 -0.76371014  0.17697275]
CC(C(=O)O)c1ccc(C(=O)c2cccs2)cc1,[-0.18306534  0.77298355 -0.54620236  0.4862967  -0.59000534]
O=C(CCC(=O)OC1CCCCC1)OC1CCCCC1,[ 0.31839415  0.7365941  -0.21107899  0.39719486 -0.12277249]
CCC(=O)NC[C@H]1CN(c2ccc(-c3nncs3)c(F)c2)C(=O)O1,[-0.2710991  0.9202662 -0.6670103 -0.5410002 -0.3768437]
C=CC(C)CCCC(C)(C)O,[ 0.26977625  0.5060897  -0.5756768  -0.8131014  -0.21564418]
C[C@@H]1NC(=O)[C@@H](C)NC(=O)[C@H](C)N(C)C(=O)[C@@H](C)N(C)C(=O)[C@@H](C)NC(=O)[C@H](C)N(C)C1=O,[-0.35787612  0.75941825 -0.73622465 -0.72621375  0.44475633]
CNCC(O)c1cccc(O)c1,[-0.46338266  0.8116251  -0.11072652 -1.         -0.04601429]
CC(O)C(=O)Nc1c(I)c(C(=O)NC(CO)CO)c(I)c(C(=O)NC(CO)CO)c1I,[ 0.30856624  0.75154185  0.32789552 -0.37353304 -0.31599924]
Cc1cn([C@H]2CCCN(S(=O)(=O)c3ccc(CO)c(Oc4cccc(Cl)c4)c3)C2)c(=O)[nH]c1=O,[ 0.73304504  0.859451   -0.34961796 -0.6605282  -0.42215356]
Cc1ccc(NC(=O)c2ccc(Cl)c(C(F)(F)F)c2)cc1C(=O)Nc1cccnc1,[ 0.4303278   0.49903595 -0.78684616 -0.82905006 -0.49085093]
COC(=O)c1cc(Oc2ccc(Cl)cc2Cl)ccc1[N+](=O)[O-],[ 0.02283623 -0.06747304 -0.852117   -0.5708673  -0.3562927 ]
O=C([O-])CCCc1ccc(N(CCCl)CCCl)cc1,[ 0.03974429  0.9452574  -0.9149507  -0.74028015 -0.42911658]
OCCOCCCl,"[ 8.6685497e-04  7.8307658e-01 -8.2321608e-01 -9.9149609e-01
 -4.4561398e-01]"
Oc1ccc2[nH]c(C(F)(F)F)nc2c1,[ 0.2045825  0.8506197 -0.0182422 -0.6297927 -0.3039688]
O=C(OCCc1ccccc1)c1ccccc1,[ 0.4944484   0.43451524 -0.8449439   0.22415753  0.03735707]
COc1ccc(-c2nc3ccc(C4=NNC(=O)CC4C)cc3[nH]2)cc1,[ 0.6286758   0.74545467 -0.29254138 -1.         -0.22562914]
CCCCC(CC)C(=O)OC1=C(c2c(C)cc(C)cc2C)C(=O)c2ccccc21,[ 0.19003603  0.9963563  -0.75177824 -0.7849648  -0.16756311]
O=C(OCC1CO1)c1ccccc1C(=O)OCC1CO1,[ 0.5361656   0.0682134  -0.2777005   0.4213272   0.54355264]
COP(=S)(OC)Oc1ccc(C#N)cc1C,[-0.47856572  0.7885979  -0.51643765 -0.62453073  0.10545751]
COC(=O)C1=C(C)NC(C)=C(C(=O)OCCN(C)Cc2ccccc2)C1c1cccc([N+](=O)[O-])c1,[ 0.16728345  0.70622224 -0.7630458  -1.         -0.15371065]
CCP(=O)(OC)SC,[-0.11612908  0.9683929  -0.783113   -0.7929413  -0.23015094]
CNC(=O)Oc1ccc(CCC#N)cc1,[ 0.17963587  0.59442765 -0.5866263  -0.93572325  0.32290813]
C[C@@H]1NC(=O)[C@H](C)N(C)C(=O)[C@@H](C)NC(=O)[C@H](C)N(C)C(=O)[C@@H](C)N(C)C(=O)[C@@H](C)NC1=O,[-0.32334653  0.53270763 -1.         -0.6863081  -0.21458702]
Cc1cnc(C(=O)c2ncnc3[nH]ccc23)c(NS(=O)(=O)c2ccc(Cl)c(C(F)(F)F)c2)c1,[-0.33293417  0.688702   -0.952578   -0.514834    0.13830602]
O=C1CC2(CCCC2)CC(=O)N1CCCCN1CCN(c2ncccn2)CC1,[-0.10043736  0.69369024 -0.94838214 -1.          0.45108992]
O=C(Nc1ccccc1-c1ccccc1)OC1CCN(CCCCCCCCCNC[C@H](O)c2ccc(O)c3[nH]c(=O)ccc23)CC1,[ 0.6305596   0.93023515 -0.8700587  -0.7079366   0.32477242]
CCOc1ccccc1C(N)=O,[ 0.73495686  0.6646749  -0.39037862 -0.4425649  -0.720292  ]
COc1ccc2ncc(=O)n(CCN3CC[C@@H](NCc4ccc5c(n4)NC(=O)CO5)[C@@H](F)C3)c2c1,[ 0.26378068  0.7486849  -1.         -0.7443377  -0.62158024]
O=P(OCCCl)(OCCCl)OC1CC(C(Br)CBr)CCC1Cl,[ 0.19114664  0.73108023 -0.6794324  -0.73932844 -0.12686701]
CON(C)C(=O)Nc1ccc(Cl)cc1,[-0.17508803  0.8426636  -0.33389404 -0.9677653  -0.23262829]
NCCCCN,[ 0.25892502  0.7135152  -0.837631   -0.6899648   0.21776688]
CSCC(NC(=O)COc1cccc2cnccc12)C(=O)NC(Cc1ccccc1)C(O)C(=O)N1CSCC1C(=O)NC(C)(C)C,[ 0.16352633  0.9022724   0.5813235  -0.01998581 -0.22715685]
Cc1cc(Nc2nc(N[C@@H](C)c3ccc(F)cn3)c(C#N)cc2Cl)n[nH]1,[ 0.04826507  0.6831634   0.24872397 -0.4054893  -0.48694924]
Cn1c(COP(=O)(NCCBr)NCCBr)cnc1[N+](=O)[O-],[ 0.09851761  0.86118406 -0.9055892  -0.32113302  0.01928079]
CC(C)=C1CCC(C)CC1=O,[-0.29074076  0.8294591  -0.709722   -0.56738037  0.14296485]
N#Cc1cc(Br)c(O)c(Br)c1,[ 0.05317267  0.86721766 -1.         -0.78747296  0.37230426]
COc1c(OP(=S)(OCC(C)C)OCC(C)C)cnn(C)c1=O,[ 0.3656552   0.07007177 -0.82232445 -0.54766816  0.25422376]
CCC(C)(C)C1CCC(=O)CC1,[ 0.48502535  0.64206886 -0.3775712  -0.9216796  -0.08635081]
CNC(=O)c1cccc2c(Nc3ccc(NS(C)(=O)=O)cc3OC)c3cccc(C)c3[nH+]c12,[ 0.44899443  0.78910005 -0.70417637  0.13164727 -0.36603585]
CN(C)C1CC(c2ccccc2)c2ccccc21,[ 0.42045334  0.6136025  -0.9650034  -0.3434213  -0.09679225]
CC(=O)OCCOCCOCCOC(C)=O,[ 0.41193256  0.7026809   0.16795228 -0.9795131  -0.07303638]
Cc1cccc2sc3nncn3c12,[ 0.08667103  0.81081915 -0.51164263 -0.00696615 -0.44029084]
Cc1onc2c(=O)n(C)nc(-c3ccccc3)c12,[ 0.2748407   0.8277894  -0.7006279  -0.84437686 -0.15221597]
CC=C(CC)C(=O)NC(N)=O,[-0.00527942  0.7934233  -0.77546215 -0.8456389  -0.17692234]
C=C(CC(=O)c1ccc(-c2ccccc2Cl)cc1)C(=O)O,[ 0.00811963  0.7559642  -0.83735126 -0.4178999  -0.32534942]
O=C(Cl)CCl,[ 0.49398628  0.6918917  -0.3187803  -0.7309006  -0.23603709]
CCCCC(CC)CNC1CCCCC1,[ 0.03194073 -0.39163265 -0.9050844  -0.15822841 -0.18003538]
Nc1nc(Nc2ccc(S(N)(=O)=O)cc2)nn1C(=O)c1c(F)cccc1F,[ 0.09698842  0.78866947 -0.97094405 -1.         -0.44336435]
Clc1cccc([Si]23OCCN(CCO2)CCO3)c1,[ 0.4085154   0.83266246  0.27275082 -0.8648726  -0.79226583]
CCCCOC(=O)c1ccc(-n2nc(OCCN3CCCCC3)c3ccccc32)cc1,[-0.29733503  0.9946526  -0.60516906 -0.8125527   0.6927541 ]
CC1OC(n2ccc(NC(=O)c3ccc(NC(=O)C(C)(N)CO)cc3)nc2=O)CCC1OC1OC(C)C(N(C)C)C(O)C1O,[ 0.5032464   0.984956   -0.6933432  -0.77773905 -0.02418534]
CCCCCCCCCCCCNC(N)=S,[-0.06954723  1.         -0.8199928   0.1440681  -0.2684898 ]
C[S+]([O-])Cc1ccc(C(=O)Nc2ccc(OCCOCCO)nc2C(=O)NCC2CCC2)c2ccccc12,[ 0.03487417  1.         -0.80408025 -0.9600918   0.04014084]
CCCCc1c(OC(=O)c2cc(OC)c(OC)c(OC)c2)n(-c2ccccc2)n(-c2ccccc2)c1=O,[-0.05027869  0.83576655 -0.6205575  -0.7660795  -0.21305256]
Cc1cc(Nc2nc(N[C@@H](C)c3ccc(F)cc3)ncc2Cl)n[nH]1,[ 0.61329913  0.772346   -0.8149755  -0.7836379  -0.56663543]
COc1cc2nc(N3CCN(C(=O)c4ccco4)CC3)nc(N)c2cc1OC,[ 0.49199784  0.26682222 -0.8050251  -0.51768726 -0.1898896 ]
O=[N+]([O-])c1cc(C2CCCCC2)c(O)c([N+](=O)[O-])c1,[ 0.23615015  0.5996478  -0.07699963 -0.45730975 -0.2053462 ]
Cc1cc(-n2cccc2)c(S(C)(=O)=O)cc1C(=O)NC(=N)N,[ 0.40814063  0.72158664 -0.71478367  0.37552935 -0.32922065]
CON=C(C(=O)NC1C(=O)N2C(C(=O)O)=C(COC(N)=O)CSC12)c1ccco1,[ 0.03149392 -0.06561138 -0.78754276 -0.80009747 -0.09664396]
CCSP(SCC)SCC,[ 0.18922666  1.         -0.67527765 -0.6181651  -0.39024636]
CC(=O)OC(C)OC(=O)C(C)c1ccc(-c2ccccc2)c(F)c1,[ 0.20225199 -0.35819855 -0.65091217 -0.50156194  0.55754733]
C[C@H](CO)Nc1nc(SCc2cccc(F)c2F)nc2nc(N)cnc12,[ 0.24554871  0.32788053 -0.926243   -0.9434162  -0.19209343]
CC1CCCCC1NC(=O)Nc1ccccc1,[ 0.34278533  0.08032773 -0.76166326 -0.99118537 -0.02448604]
CC(=S)NC[C@H]1CN(c2ccc(-c3nnc(CNS(C)(=O)=O)s3)c(F)c2)C(=O)O1,[ 0.61185783  0.65036017 -0.82004595 -0.2420172  -0.357175  ]
COP(N)(=O)SC,[-0.72464305  0.927665   -0.74046385 -0.73113006  0.23307563]
CCC(=O)OC1C(C)OC(OC2C(C)OC(OC3C(CC=O)CC(C)C(O)C=CC=CCC(C)OC(=O)CC(OC(C)=O)C3OC)C(O)C2N(C)C)CC1(C)O,[-0.32126677  1.         -1.         -0.96990377 -0.1454482 ]
C[C@@H]1O[C@@H](O[C@H]2[C@@H](O)C[C@H](O[C@H]3C[C@](O)(C(=O)CO)Cc4c(O)c5c(c(O)c43)C(=O)c3ccccc3C5=O)O[C@H]2C)C[C@H](N)[C@@H]1O,[-0.10991053  0.5553562   0.40613022 -0.88944554 -0.36919007]
CCC1OC(=O)C(C)C(=O)C(C)C(OC2OC(C)CC([NH+](C)C)C2O)C(C)(OC)CC(C)C(=O)C(C)C2N(CCCCn3cnc(-c4cccnc4)c3)C(=O)OC12C,[-0.89966094  1.         -0.6172765  -1.          0.06857792]
CCCc1nn(C)c2c(=O)[nH]c(-c3cc(S(=O)(=O)N4CCN(C)CC4)ccc3OCC)nc12,[-0.16042972  0.62221473 -0.79060626  0.20873699 -0.30303484]
CCOC(=O)COC(=O)c1cc(Oc2ccc(C(F)(F)F)cc2Cl)ccc1[N+](=O)[O-],[ 0.16047166 -0.03530129 -0.42152244  0.27088532  0.03077656]
CC(C)=CC1C(C(=O)OC(C#N)c2cccc(Oc3ccccc3)c2)C1(C)C,[ 0.10773606  0.49193192 -0.8104376  -0.25934932  0.59200794]
CN(C)C(=O)N(C)N=O,[ 0.38227206  0.72075236 -0.64347374 -1.         -0.194015  ]
CCCN(N=O)C(N)=O,[-0.26806065  0.78572565 -0.82351685 -0.7497749  -0.00128221]
COC(C)C=O,[-1.          0.7598321  -0.6877389  -0.8215691   0.37465516]
O=C(CCCCCCC(=O)Nc1ccccc1)NO,[ 0.06257863  0.23016483 -0.88984996 -1.         -0.11100364]
CC(C)CNC(=O)NS(=O)(=O)c1ccc(Cl)cc1,[-0.3505474   0.76425016 -0.71217805 -0.45330328 -0.48084635]
CC(=CC(=O)O)C(=O)O,[-0.04328975  0.97793996 -0.688102   -0.7805231   0.7032018 ]
COC(=O)c1cc([N+](=O)[O-])ccc1Cl,[ 0.30810595  0.86093265 -0.6795535  -0.93147993 -0.1929656 ]
COc1nc(C)nc(Cl)c1NC1=NCCN1,[-0.01366948  0.7571824  -0.7666257  -0.6380992  -0.34945822]
CO/N=C(\C(=O)N[C@@H]1C(=O)N2C(C(=O)O)=C(COC(C)=O)CS[C@H]12)c1csc(N)n1,[ 0.53708875  0.9944602  -0.49523708 -0.3483278   0.21952549]
NCC1CCC=CO1,[-0.3107088  -0.1918421  -0.85769194 -0.8011783  -0.00505069]
CC(CC(=O)OC(C)(C)C)NC(=O)C1=NOC(C(O)(C(F)(F)F)C(F)(F)F)C1,[-0.3093437   0.77642286 -0.47331175 -0.66251713  0.5884784 ]
c1ccc2c(c1)CC(N1CCN(c3cccc4c3OCCO4)CC1)C2,[ 0.029533    1.         -0.67812943 -0.96154016 -0.17404   ]
ClCC1CO1,[ 0.13312532  0.58738095 -0.8500464  -0.8588126  -0.17424093]
CC(CO)Oc1ccccc1,[ 0.13293073  0.919794   -0.9896464  -0.7350751  -0.3322412 ]
COCCN(c1cccnc1)P(=O)(c1ccccc1)c1ccccc1,[ 0.09796782  0.52868336 -0.76421356  0.4865858  -0.39651963]
COc1cccc(OC)c1O,[-0.37734357  0.24323992 -0.85584354 -0.66195124  0.24460252]
BrC(Br)Br,[ 0.34095323  0.20621166 -0.8573443   0.866832    0.6098112 ]
C[NH+]1CCc2cccc3c2C1Cc1ccc(O)c(O)c1-3,[ 0.22783841  0.5039252  -0.32056436 -0.6600778   0.01199308]
CNc1c(Br)cnc2[nH]c(-c3ccc(S(C)(=O)=O)cc3)nc12,[-0.07323205  0.81451994 -0.54246503  0.32370973 -0.09169124]
CC(C)(c1ccc(Oc2ccc(N)cc2)cc1)c1ccc(Oc2ccc(N)cc2)cc1,[-0.31867558 -0.3737386   0.36991274 -0.7526671   0.22854754]
COc1cc2ncc(C(N)=O)c(Nc3ccc(C)cc3F)c2cc1OC,[ 0.2594609   0.7889883  -0.8123228  -0.6234993  -0.28429037]
CC(=O)N(C)C,[ 0.72922546  0.64338744 -0.8549268  -0.6154763  -0.63843006]
CC1OC(OC2C(O)CC(OC3C(O)CC(OC4CCC5(C)C(CCC6C5CC(O)C5(C)C(C7=CC(=O)OC7)CCC65O)C4)OC3C)OC2C)CC(O)C1O,[-0.23649971  0.5045858  -0.70742595 -0.6273074   0.09917942]
CCOP(=O)(O)O,[ 0.45205724 -0.36631972 -0.62178993 -0.70913917  0.6811508 ]
N#CCc1ccccc1,[ 0.28972846  0.74916583 -0.50503284 -0.69530857 -0.45806876]
CC(C)c1cccc(C(C)C)c1O,[ 0.29168373 -0.9144557   0.00936368 -0.47285455 -0.07087594]
CC1CCC2(O)C3(C)CC4(O)OC2(C1O)C1(O)C3(O)C(OC(=O)c2ccc[nH]2)C(O)(C(C)C)C41C,[-0.05403174  0.8852942  -0.9200922  -0.72758716  0.10528632]
O=CCc1ccccc1,[ 0.21385686 -0.13492437 -0.863656    0.33314764 -0.1264018 ]
CCN(CC)c1ccc2cc(C(=O)NC3(C(=O)N[C@H](Cc4ccccc4)C(=O)NCC4CCN(CC5CCOCC5)CC4)CCCC3)sc2c1,[-0.7694078   0.357066   -0.43745264  0.27816063  0.9289036 ]
Cc1ccsc1C(=CCC[NH+]1CCCC(C(=O)[O-])C1)c1sccc1C,[-0.33658597  0.8239377  -0.4563615  -0.8975125   0.5074158 ]
C[C@@H]1CC[C@H]2[C@@H](C)[C@@H](OC(=O)CCC(=O)O)O[C@@H]3OC4(C)CC[C@@H]1[C@@]23OO4,[ 0.02695668  0.6406746  -0.897617   -0.6991739   0.08272514]
C=CC(=O)N(C)C,[ 0.6142458   0.6630921   0.0149249  -0.9360864  -0.21904653]
Fc1ccc(Br)cc1,[-0.48042965  0.77975416 -0.7636852   0.06747723  0.17238489]
CC(C)(C)c1nnc(NS(=O)(=O)c2ccccc2)s1,[ 0.28366455  0.7644392  -0.7844438  -0.5760788   0.3276005 ]
CCC(=O)N(c1ccccc1)C1CCN(CCc2ccccc2)CC1,[-0.2520881   0.25105497 -0.61240077 -0.30621135 -0.02399538]
CO/N=C(/C(=O)NC1C(=O)N2C(C(=O)[O-])=C(C[N+]34CCC(C(N)=O)(CC3)CC4)CSC12)c1nsc(N)n1,[-0.03141994  1.         -0.8840123  -0.7179552   0.25880793]
CCCNC(=O)[N-]S(=O)(=O)c1ccc(Cl)cc1,[ 0.55483484 -0.31397885 -0.994608   -0.9993295   0.8805695 ]
CCN[C@@H]1C[C@H](N)[C@@H](O[C@H]2OC(CN)=CC[C@H]2N)[C@H](O)[C@H]1O[C@H]1OC[C@](C)(O)[C@H](NC)[C@H]1O,[ 0.24555194  0.7878405  -0.6470518  -0.884932    0.5101026 ]
CCNC(=O)CSP(=S)(OC)OC,[ 0.54507935  0.86645824 -0.61333865 -0.69411296 -0.16887799]
O=C(NCCNCC(O)COc1ccc(O)cc1)N1CCOCC1,[-0.137438    0.70929104 -0.871291   -0.87745535 -0.1713451 ]
Nc1ccc(F)c(F)c1F,[-0.32295847  0.703509   -0.16920108 -0.8627558   0.71729356]
O=c1[nH]c2ccccc2n1CCC[NH+]1CCC(n2c(=O)[nH]c3cc(Cl)ccc32)CC1,[ 0.16530858 -0.44296718 -0.22954887 -1.          0.05363287]
CC(C)(O)c1ccc(Nc2nc3ccc(C#N)cc3[nH]2)cc1,[ 0.20124826 -0.20605242 -1.         -0.41251537  0.03263065]
Nc1cc2c(cc1C1CCCCC1)CCC2C(=O)O,[ 0.4873045   0.15175599 -1.         -0.9524204  -0.19784157]
C=C(C)C(=O)OCCCC,[-0.10407361  0.9149613  -0.89665914 -0.8673281  -0.2138762 ]
CN1CN(CCO)CSC1=S,[ 0.41666153  0.72504914 -1.         -0.59261423  0.15804055]
CCCN(CCC)c1c([N+](=O)[O-])cc(S(N)(=O)=O)cc1[N+](=O)[O-],[ 0.724378  -0.253368  -0.5763778 -0.4455507 -0.2951351]
C[Si](C)(C)CCCC(=O)O,[-0.1466435   0.7818247  -0.17768915 -0.49371237 -0.38274723]
Cc1cnc(C)cn1,[ 0.3565338  -0.47307247 -0.9208565  -0.4024753   0.01562197]
CNC(=O)Oc1cc(C)c(N(C)C)cc1C(C)C,[ 0.61467767  0.9429866  -0.81338865 -0.38470885 -0.5046824 ]
Cc1ncsc1C(=O)N(Cc1cc(=O)[nH]c2c(F)cccc12)c1cccc(Cl)c1,[ 0.33534735  0.89594185 -1.         -0.46874768  0.11000436]
CC[C@H]1NC(=O)[C@@H](NC(=O)c2ncccc2O)[C@@H](C)OC(=O)[C@H](c2ccccc2)NC(=O)[C@@H]2CC(=O)[C@H](CS[C@@H]3CN4CCC3CC4)CN2C(=O)[C@H](Cc2ccc(N(C)C)cc2)N(C)C(=O)[C@@H]2CCCN2C1=O,[-0.02115932 -0.95649356 -0.7872271  -0.42819223 -0.06775106]
CC[C@H](C)[C@H](NC(=O)[C@H](CCC(=O)[O-])NC(=O)[C@H](CCC(=O)[O-])NC(=O)[C@H](Cc1ccccc1)NC(=O)[C@H](CC(=O)[O-])NC(=O)CNC(=O)[C@H](CC(N)=O)NC(=O)CNC(=O)CNC(=O)CNC(=O)CNC(=O)[C@@H]1CCCN1C(=O)[C@H](CCCNC(N)=[NH2+])NC(=O)[C@@H]1CCCN1C(=O)[C@H]([NH3+])Cc1ccccc1)C(=O)N1CCC[C@H]1C(=O)N[C@@H](CCC(=O)[O-])C(=O)N[C@@H](CCC(=O)[O-])C(=O)N[C@@H](Cc1ccc(O)cc1)C(=O)N[C@@H](CC(C)C)C(=O)[O-],[-0.05930073  0.30312192 -0.42254752 -0.6994369   0.02550727]
Cc1cc(=O)n(CSP(=S)(OC(C)C)OC(C)C)nc1Cl,[ 0.24774453  0.4650667  -0.8239859  -0.6993756   0.04654547]
C#CC(C)(C)NC(=O)c1cc(Cl)cc(Cl)c1,[-0.16612372  0.84126055 -0.7024247  -0.93524903 -0.21204881]
CON=C(Cc1cccnc1)c1ccc(Cl)cc1Cl,[ 0.1503676   0.8451201  -0.71629727 -1.          0.20466398]
CCC(C)OC=O,[ 0.730678   -0.7344509   0.05371842 -0.6414252  -0.09448338]
O=C(Nc1cccc(Cl)c1)Nc1nnc(-c2ccncc2)s1,[ 0.08212676  0.83800817 -0.72796786 -0.7184729   0.33668914]
N#CSCCSC#N,[-0.11683066  0.7829021  -1.         -0.9538863  -0.47659144]
Oc1ccc(O)cc1,[-0.0347353   0.7960479  -0.51390475 -0.03168628 -0.08902976]
FC(F)(F)c1nc2c(Br)cc(Br)cc2[nH]1,[ 0.2841035   0.8685436  -0.8152995  -0.6204408  -0.39586028]
CC(C)NCC(O)c1ccc(O)c(O)c1,[ 0.25009736  0.9849692  -0.5775665   0.10589893 -0.13998029]
CCOC(=O)C(C)Oc1ccc(Oc2nc3ccc(Cl)cc3s2)cc1,[-0.02416425 -0.6081245  -0.99903077 -0.59966654 -0.2894153 ]
O=C(OCC(COC(=O)c1ccccc1)(COC(=O)c1ccccc1)COC(=O)c1ccccc1)c1ccccc1,[-0.12351891 -0.34641814 -0.6871922  -0.76301813 -0.118226  ]
COP(=S)(OC)SC(CBr)N1C(=O)c2ccccc2C1=O,[ 0.19919796  0.9576225   0.13904136 -0.58654714  0.06172307]
O=C(O)CCC(=O)O,[ 0.29983085  0.47252482 -0.7457575  -0.5048989  -0.0660459 ]
O=C1C(Cc2ccccc2)C(=O)N(c2ccccc2)N1c1ccccc1,[ 0.43946198  0.8962204  -1.         -1.          0.5777858 ]
COP(=S)(OC)Oc1nc(Cl)c(Cl)cc1Cl,[-0.01047949  0.78365844 -0.82935876 -0.75111175 -0.17992878]
O=C(C(F)(F)Cl)C(F)(F)Cl,[-0.2037522   0.9763422  -0.8649271  -0.27515343  0.06856615]
NCCNCCNCc1ccccc1O,[ 0.0570022   0.8708693  -0.16480093 -0.7429079   0.44990632]
COc1cc2c(cc1OC)C1CC(=O)C(CCC#N)CN1CC2,[-0.16805476  1.         -0.58923084 -0.6934387   0.590692  ]
CCCCCCCCOC(C)=O,[-0.1907887  0.5249344 -0.8497694 -1.        -0.5696108]
C[C@@H](O)[C@H]1C(=O)N2C(C(=O)O)=C(SCCNC=N)C[C@H]12,[ 0.21319827  0.09115982 -0.58582973 -1.         -0.089327  ]
[O-][n+]1onc2c1c1no[n+]([O-])c1c1no[n+]([O-])c21,[ 0.5464072   0.6348035  -1.         -0.60118663 -0.07023369]
CCOP(=O)(OCC)N(C)c1ccccc1,[ 0.36484954  0.71609735 -1.         -0.13000609 -0.00772972]
C#CC1(O)C=CC2C3CCC4=CC(=O)CCC4C3CCC21CC,[-0.45064273  0.7864238  -0.7088137  -0.41434705  0.08319797]
CNC(=O)/C=C(/c1ccc2nc(N)n(S(=O)(=O)C(C)C)c2c1)c1ccccc1-c1cccc2ccccc12,[-0.05976418  0.8778398  -0.8544906  -1.          0.5680288 ]
NS(=O)(=O)c1cc2c(cc1Cl)NC(C(Cl)Cl)NS2(=O)=O,[ 0.45607063  0.468099   -0.3788553  -0.59963053 -0.31713   ]
C=C(C)c1cccc(C(C)(C)N=C=O)c1,[ 0.01365517  0.84440756 -0.49207243 -0.9258023  -0.2865449 ]
CCCCOC(=O)C1CC1OCCCC,[ 0.29314965  0.41645488 -1.         -0.69286704  0.12461547]
COc1ccc2c(O[C@@H]3C[C@H]4C(=O)N[C@]5(C(=O)NS(=O)(=O)C6CC6)C[C@H]5/C=C\CCCCN(C)C(=O)[C@@H]4C3)nc(-c3ccc(F)cc3)nc2c1C,[ 0.3540325   0.6213106  -0.65719837 -0.756953    0.01685191]
Nc1nc(O)c2ncn(COCCO)c2n1,[ 0.47190848  0.8455843  -0.55571413 -0.9737883  -0.5421829 ]
CN(C)CCOCCOCCN(C)C,[ 0.05265131 -0.8549969  -0.9788973  -0.76119626 -0.15417878]
C=CCSP(=O)(NC(=O)CC)OC,[ 0.00193213  0.34974366 -0.5466638  -0.55369294 -0.00205213]
CCCCC(CC)COCCO,[-0.47254422  0.59917647 -1.         -0.09158803  0.04894316]
Nn1cnc2cc3ccccc3cc2c1=O,[ 0.05299636  0.79242224  0.39877304 -0.48891008 -0.10904229]
OC[C@@H]1CC[C@H](n2cnc3c(O)ncnc32)O1,[ 0.5359974   0.742877   -0.92744285  0.10788773 -0.12923355]
N#Cc1ccc2[nH]c(C(F)(F)F)nc2c1,[-0.14899787  0.68947214 -0.8400653  -0.8541313  -0.23476075]
CC1CCCCOC1=O,[ 0.16018534  0.79931086 -0.5685019  -0.86686677  0.5773958 ]
CCCNC(=N)C(OCC)c1ccccc1,[ 0.30997887  0.9247159  -0.35705465 -0.25273484 -0.02978027]
C=CC(=O)N1CN(C(=O)C=C)CN(C(=O)C=C)C1,[ 0.52237403  0.64762324 -0.959753   -0.7537419  -0.60303265]
COc1ccc(NC(=O)CF)cc1,[ 0.5504216   0.78322005 -0.81257755 -0.6131435  -0.13696833]
COc1cc(N)c2c(c1N)C(=O)c1ccccc1C2=O,[-0.24694277  0.69634026 -0.67371994 -0.48964232 -0.06101165]
C=CC(=O)OC1CC2CCC1C2,[ 0.03902217 -0.50552815 -0.8210088  -0.55673444 -0.46048415]
Cc1ccc2c(c1)c(-c1ccnc3cc(Cl)ccc13)c(C)n2CC(=O)O,[-0.30445683  0.7887429  -0.32050583 -0.8764124  -0.06611893]
O=CNC(N1CCN(C(NC=O)C(Cl)(Cl)Cl)CC1)C(Cl)(Cl)Cl,[ 0.43396354  0.7487498  -0.75930333 -0.4735989  -0.6517291 ]
OCCOc1cc(Cl)c(Cl)cc1Cl,[ 0.45684606  0.8520611  -0.65481997 -0.5115784  -0.19099359]
COC1CCC=CO1,[ 0.37098283  0.8349043  -0.757893   -0.5708999   0.23526934]
S=c1[nH]cnc2nc[nH]c12,[-0.42420086  0.42170614 -0.8726399  -0.86945605 -0.2186701 ]
Cn1cncc1CN(CCN(Cc1ccccc1)S(=O)(=O)c1ccccn1)c1ccc(C#N)cc1,[ 0.18296252  0.21592093 -0.82447    -0.9811634  -0.48277426]
Cc1cc(C(=O)c2ccccc2)ccc1N,"[ 3.3501205e-01  1.0000000e+00 -5.5153257e-01 -6.1867869e-01
  9.8419818e-04]"
O=C(CCl)CCl,[ 0.05132278  1.         -0.79024696 -0.3363882   0.8197178 ]
CCCCCCCC=CC=O,[ 0.13105059  0.8941279  -1.         -0.9725188   0.01424522]
OC1(c2ccc(Cl)c(C(F)(F)F)c2)CCN(CCCC(c2ccc(F)cc2)c2ccc(F)cc2)CC1,[-0.27463382 -0.02070386 -0.7304068  -0.7429734   0.0624371 ]
CCS(=O)(=O)c1ccc(-c2cc(Cl)ccc2OCC(=O)O)cc1,[-0.7826154   0.7681331   0.07950301 -0.9628845   0.16350394]
Cc1c(F)cc(C(=O)NC2CC2)cc1-c1ccc(C(=O)NCC(C)(C)C)cn1,[ 0.16274337  0.73882556 -0.83700514 -0.8892331  -0.1281473 ]
CCNC(=O)c1cc2c(-n3ccc(C(F)(F)F)n3)c(-c3cncc(-c4n[nH]c(=O)o4)c3)cnc2[nH]1,[ 0.37419304  1.         -0.6685734  -0.7672703  -0.4038853 ]
CCN(CC)c1c([N+](=O)[O-])cc(C(F)(F)F)c(N)c1[N+](=O)[O-],[ 0.2988636   0.7407575  -0.83047223 -0.7174455  -0.03741547]
COc1ccccc1NC(=O)CC(C)=O,[-0.5344088   0.6360818  -0.8363838  -0.5582803   0.43781763]
O=C(O)COc1ccc(C(=O)CN2CCN(C3CCNCC3)CC2=O)cc1,[ 0.8309714   0.6229489  -1.         -0.36947367 -0.25567463]
Cc1c(C(C)C)c(=O)n(-c2ccccc2)n1C,[ 0.2440999   0.77132833  0.8260168  -0.4104932  -0.25085115]
CC(=O)C1(O)Cc2c(O)c3c(c(O)c2C(OC2CC(N4CC4)C(OS(C)(=O)=O)C(C)O2)C1)C(=O)c1ccccc1C3=O,[-0.0789551   0.99512833 -0.9037834  -0.21804176 -0.26040578]
COC(=O)C(C)NP(=O)(OC[C@@H]1C=C[C@H](n2cc(C)c(=O)[nH]c2=O)O1)Oc1ccc(I)cc1,[ 0.40333992  0.87152576 -0.8814049  -0.84210044 -0.06537415]
Cn1c(=O)sc2cccc(Cl)c21,[ 0.41441312  0.98632544 -0.4141952  -1.         -0.23731866]
CCCCCCCCCCOC(=O)Cc1ccc(N(CCCl)CCCl)cc1,[ 0.39971334 -0.3360158  -0.7974866   0.2644259   0.09486387]
FC(F)(F)c1nc2c(I)cc(I)cc2[nH]1,[ 0.13564359  1.         -0.8208785  -0.6246032   0.3296089 ]
CCOC(=O)C(CCc1ccccc1)NC(C)C(=O)N1C(C(=O)[O-])CC2CCCCC21,[ 0.05098011  0.77573276  0.5973515  -0.17056964 -0.23055993]
O=C(O)CCCOc1ccc(Cl)cc1Cl,[-0.14551261 -0.25623828 -0.65465283 -0.7698288   0.10366882]
Nc1cc(Cl)ccc1O,[ 0.16698852  0.5593745   0.4644507  -0.2286696  -0.43263474]
N=C(N)N[N+](=O)[O-],[-0.16298795  0.8698226  -0.74695295 -0.49886388 -0.4570746 ]
Cc1cc(-c2ccc(Cl)c(C(=O)NCC3(O)CCCCCC3)c2)nn1C[C@H](O)CN,[ 0.37299246  0.40920272 -0.8388338  -0.9517      0.09141631]
CN(C)Cc1cc(CN(C)C)c(O)c(CN(C)C)c1,[ 0.19275333  0.83887696 -0.66289747 -0.46080968 -0.51779085]
C=CCI,[ 0.32955688  0.48740202 -0.76246494  0.1670895   0.16279702]
N#Cc1cccc(Cc2ncccn2)c1,[ 0.10288823  0.7801871  -0.5054959  -0.88585407 -0.7115839 ]
CCOC(=O)c1noc(C)c1C(C)=O,[ 0.79513013 -0.45448896 -0.4868868  -0.7143637   0.01480397]
Cc1cccc(C)c1O,[ 0.2963398  -0.11345757 -0.46439955 -0.5134463  -0.5516505 ]
CN1C(=O)CN=C(c2ccccc2F)c2cc(Cl)ccc21,[ 0.03552407  0.7924149  -0.9072426  -0.08387712 -0.3122793 ]
OCC(O)C(O)C(O)CO,[ 0.2737817   1.         -0.6450286   0.29425105  0.14492324]
CC1(C)C(C=C(Cl)Cl)C1C(=O)OCc1c(F)c(F)c(F)c(F)c1F,[ 0.07957017 -0.2605126  -1.         -0.7257451   0.00560219]
O=C(CSc1nc2c(c(=O)n1-c1ccccc1)SCC2)Nc1ncc(-c2ccccc2)s1,[-0.03205983  0.81294096 -0.7920477  -0.5392329  -0.29069704]
CC(=O)NC(CS)C(=O)[O-],[ 0.35440823  0.41912988 -0.57985693 -0.5734279   0.22362125]
O=[N+]([O-])c1cc(Cl)c2nc(C(F)(F)F)[nH]c2c1,[ 0.19144651  0.72256917 -0.7812952  -1.          0.14026923]
C=CCc1cc(OC)c(OC(C)Cc2cc(OC)c(OC)c(OC)c2)c(OC)c1,[ 0.10875055  0.5127056  -0.8551009  -0.03524847 -0.23390798]
CCN(CC)c1ccc(-c2nc(=O)n(C)nc2-c2ccc(N(CC)CC)cc2)cc1,[-0.24375118 -0.05270185 -0.53096485 -0.00337335  0.44861385]
CC(C(=O)O)c1ccc(CC2CCCC2=O)cc1,[ 0.36990473  0.75793576 -0.32005605 -0.7077801   0.19147366]
CCC(C(=O)O)c1ccc(CC(C)C)cc1,[ 0.61056215  0.68169636 -0.84885204 -0.7137727   0.02374837]
Nc1c(Cl)c(Cl)c2[nH]c(C(F)(F)F)nc2c1Cl,[ 0.23572037  0.51822376 -0.53655833 -0.8938128  -0.26779625]
C[C@@H](NC1=CC(=O)CC1)c1ccc(Nc2ncc3cc(-c4ccncc4)ccc3n2)cc1,[ 0.4812202   0.17278296 -0.39902076 -0.6797522  -0.03693547]
C[N+](C)(C)CC(O)CC(=O)[O-],[ 0.0113235   0.7717334  -0.80229115 -0.528651   -0.03081368]
CC1CCCCN1N=O,[ 0.20521668  0.76913285 -0.68341345 -0.71517396 -0.05125004]
Nc1ccc(N)cc1,[ 0.38948914  0.7026411  -0.32104585 -1.         -0.00223939]
COc1cc([C@@H]2c3cc4c(cc3[C@@H](O[C@@H]3O[C@@H]5CO[C@@H](C)O[C@H]5[C@H](O)[C@H]3O)[C@H]3COC(=O)[C@H]23)OCO4)cc(OC)c1O,[ 0.18338704  0.67724687 -0.7351318  -0.74559474  0.57250416]
CC1=NN(c2ccccc2)C(=O)C1,[-0.5576386   0.89993846 -0.73450524 -0.71402043 -0.4289338 ]
COc1cnc(-c2ccccc2C(F)(F)CNC(=O)c2ccc(COCC(F)(F)F)nc2)cn1,[-0.07965516  0.8262853  -0.42821398 -0.78345686  0.25533658]
C[C@]12C[C@H](O)[C@H]3[C@@H](CCC4=CC(=O)CC[C@@]43C)[C@@H]1CC[C@]2(O)C(=O)CO,[ 0.03149439  0.9892962  -0.77726483  0.1097195  -0.39615688]
CCN(CCO)C(=O)c1oc2cccnc2c1-c1cccc(C(F)(F)F)c1,[ 0.14399138  1.         -0.07669824 -0.8001059   0.03906318]
C=CN(C)N=O,[ 0.20519124  0.2258523  -0.64271015 -0.32329938 -0.29837647]
Cc1cccc(C)c1CCNC(N)=O,[-0.21243407  0.8459548  -0.77849853 -0.84677446  0.5978002 ]
Oc1ccc2c(c1)CCC2,[ 0.23769592  0.76072955 -0.7653616  -1.         -0.25652045]
O=C(Nc1cccc(Cl)c1)OCC#CCCl,[-0.1572181   1.         -1.         -1.         -0.23737106]
COc1cc2ncnc(Nc3ccc(F)c(Cl)c3)c2cc1NC(=O)/C=C/CN1CCCCC1,[ 0.50225914  0.85344267 -1.         -0.60453844 -0.47959056]
Brc1ccc2[nH]cc(CC3CCNCC3)c2c1,[ 0.14344564  0.8651728  -0.8579349  -0.78486955  0.05142432]
Cc1ccn(C(=O)NCCCCCCCl)n1,[ 0.22607894  0.78294104 -0.9351073  -0.5032993  -0.37094456]
COc1cc(C=CC(N)=O)ccc1O,[ 0.1168329   0.7217448  -1.         -0.85690343 -0.50116926]
N[C@H]1CCN(c2c(Cl)cccc2/C=C2\SC(=O)NC2=O)C1,[ 0.07569538  0.70045406 -0.80867535 -0.9007633  -0.25089523]
O=C(NCc1ccc(OC(F)(F)F)cc1)C1c2ccccc2C(=O)N1CCc1ncc(F)cn1,[ 0.70600784  1.         -0.9477853  -0.55925876 -0.1986667 ]
CCN(N=O)C(C)OC,[ 0.4987368   0.8043309  -0.75095254 -0.6461339   0.27449152]
CCC(=O)CC,[ 0.12117436  0.691663   -0.8858683  -0.79672736 -0.29964754]
Cc1onc2c(=O)[nH]nc(-c3ccccc3)c12,[ 0.16579287  0.58071905 -0.85633004 -0.3223465  -0.04758073]
COc1ccc(NC(=O)c2ccnc(N)n2)cc1,[-0.00877905  0.86514145 -0.7747049  -0.6129633  -0.38679194]
CC(C)OCCCO,[-0.7896766   0.77981627 -1.         -0.5902194   1.        ]
CCOC(=O)CCC1(CCC(=O)OCC)c2ccccc2-c2ccccc21,[-0.23760308 -0.47488225 -0.7436412  -0.33037704 -0.05671213]
COP(=O)(OC)OC(=CCl)c1cc(Cl)ccc1Cl,[-0.3913956  -0.43720773 -0.7279477  -0.8536225  -0.01262488]
CC(C)(C)OC(=O)N1CCN(c2ncc(OCc3ccncc3)cn2)CC1,[ 0.09733403  0.92881185 -0.58225644 -0.51521045 -0.1395876 ]
CC(C)(C)NC[C@H](O)COc1nsnc1N1CCOCC1,[-0.00506057  0.8154779  -0.2696554  -0.1338433  -0.10608176]
CC#CCC(C)C(O)/C=C/C1C(O)CC2C/C(=C/CCCC(=O)[O-])CC21,[-0.43606928  0.77381885 -0.53920037 -0.8292752  -0.18751696]
CCC(C(=O)O)C1(O)CCCCC1,[-0.29879606 -0.01313383 -0.5608191  -0.5420157  -0.18515864]
CCCC1CC(C(=O)NC(C(C)Cl)C2OC(SC)C(O)C(O)C2O)[NH+](C)C1,[ 0.869199    0.4707543  -0.76845115 -0.28159717 -0.36257356]
CO[C@@H]1C=CO[C@@]2(C)Oc3c(C)c(O)c4c(c3C2=O)C(=O)/C(=C\NN2CCN(C)CC2)C(=C4O)NC(=O)C(C)=CC=C[C@@H](C)[C@H](O)[C@H](C)[C@H](O)[C@@H](C)[C@@H](OC(C)=O)[C@@H]1C,[ 0.5000871  -0.36643022 -0.47549066 -1.          0.9441151 ]
O=C(Cc1ccc(OCc2ccccc2)cc1)NO,[ 0.36116898  0.612658   -0.8135951  -0.5569301  -0.23561731]
Cc1cc(=O)cc(-c2ccccc2)o1,[ 0.44016165  0.68372774 -0.6455941  -0.6523951  -0.24535283]
C=C(C)CN(CC)c1c([N+](=O)[O-])cc(C(F)(F)F)cc1[N+](=O)[O-],[ 0.534607    0.9645288  -0.50632006  0.0258878  -0.22824886]
FC1(F)CC(C2CC3(Cl)C(Cl)=C(Cl)C2(Cl)C3(Cl)Cl)C1(F)F,[ 0.25293735  0.80685997 -0.79002935 -0.74517876  0.31158108]
C=CCNC(=O)C(=O)C(CCC)NC(=O)C1CC2CN1C(=O)C(C1CCCCC1)NC(=O)Cc1cccc(c1)OCCC(C)(C)O2,[ 0.28098777  0.61883956 -0.8474884  -0.5378106  -0.01620053]
COc1cc(OC)c(S(=O)(=O)N2c3ccccc3CCC2C)cc1NC(=O)COCC(=O)O,[ 0.39591336  0.83254594 -0.77819943 -0.5701267  -0.17337242]
O=C1c2ccccc2N(C(=O)CN2CCOCC2)CN1c1ccccc1,[ 0.36945847  0.47244155 -0.8349127   0.09254218 -0.08044899]
CCOc1cc2nnc(C(N)=O)c(Nc3ccc(F)cc3F)c2cc1N1CCN(C)CC1,[ 0.20088331  0.38827404 -1.         -0.6013822   0.7112457 ]
SCc1ccccc1,[ 0.21909873  0.8844057  -0.8488156  -0.9212614   0.51210093]
CN(C)N(C)N=O,[-0.35473666  0.8549146  -1.         -1.          0.6763626 ]
Cc1ccc(S(=O)(=O)Nc2c(C(=O)N[C@@H](C)C(C)(C)C)c(C)nn2C(C)C)cc1,[-0.2765657   0.8047079  -0.81894666 -0.7288515  -0.4231958 ]
Cc1cnc(NCCCN(C)C)c2c1[nH]c1ccc3cc(O)ccc3c12,[-0.28332874  0.6502618   0.26786268 -1.          0.27586997]
CCCC(=O)OC1(C(=O)COC(=O)CC)CCC2C3CCC4=CC(=O)CCC4(C)C3C(O)CC21C,[-0.05345609  0.69082236 -0.9387542  -0.65064156  0.4561322 ]
CO[Si](CCCOCC1CO1)(OC)OC,[-0.30541408  0.83149785 -0.7317566  -0.71297014 -0.53847957]
COCCOC(=O)CC#N,[ 0.10161952  0.8324348  -0.55419344 -0.9137321   0.03902053]
O=[N+]([O-])OC1COC2C(O)COC12,[-0.2637505   0.7586112  -0.8349992  -0.8059283  -0.19241826]
Cc1cc(=O)nc(SCc2ccccc2N(C)C)[nH]1,[ 0.27535635  0.9070098  -0.74610263 -0.8376561  -0.35261908]
CSCC(=O)N(C)C(=O)Oc1ccccc1OC(C)C,[ 0.3511289   0.58262616 -0.9630254  -0.7674235  -0.28913456]
O=C1c2cccc(S(=O)(=O)O)c2C(=O)c2c1cccc2S(=O)(=O)O,[ 0.41959396  0.48628712 -0.5369534  -0.7061566  -0.3923387 ]
C=CCNC(=S)Nc1ccccc1,[-0.20579568 -0.70428425 -0.7200775  -0.2854902   0.37896237]
Cc1c(OCC(F)(F)F)ccnc1CS(=O)c1nc2ccccc2[nH]1,[ 0.20400506  0.88792104 -0.74744153 -1.         -0.5407349 ]
CC(=O)N[C@H](Cc1ccc2ccccc2c1)C(=O)N[C@H](Cc1ccc(Cl)cc1)C(=O)N[C@H](Cc1cccnc1)C(=O)N[C@@H](CO)C(=O)N[C@@H](Cc1ccc(O)cc1)C(=O)N[C@H](CCCNC(N)=O)C(=O)N[C@@H](CC(C)C)C(=O)N[C@@H](CCCNC(=N)N)C(=O)N1CCC[C@H]1C(=O)N[C@H](C)C(N)=O,[ 0.06532512  0.69937456 -0.7556214  -0.77033615  0.74682397]
OCCOCCN1CCN(C(c2ccccc2)c2ccccc2)CC1,[-0.3093488   0.85936993 -0.7943343  -0.69910467  0.34201536]
CC(C)(C)[NH2+]CC(O)c1cc(O)cc(O)c1,[-0.01917763  0.13927683 -1.         -0.88561755 -0.28126743]
CCc1c2c(nc3ccc(O)cc13)-c1cc3c(c(=O)n1C2)COC(=O)[C@]3(O)CC,[-0.11560299  0.80003446 -0.9898549  -0.3968836  -0.19987214]
CC(C)=CCOC(=O)c1ccccc1,[ 0.20374936  0.9853235  -0.67868507 -0.5852993  -0.09407579]
COP(=O)(OC)Oc1ccc([N+](=O)[O-])c(Cl)c1,[ 0.26296312  0.76094276 -0.9545864  -0.7808695   0.06757007]
COCCOCc1ccccc1,[ 0.5491054   0.8758095  -0.8388655  -0.42458034  0.13818891]
CCCCOC(C)OCCCC,[-0.43967432  0.78302026 -0.87242436 -0.87063384 -0.13804115]
CCC(C)OP(=S)(OC)OC,[ 0.30950847  0.79351544 -0.82120484 -0.6715928   0.07533982]
CCCCN(CCCC)CCCC,"[ 5.3628098e-04  8.6675316e-01 -9.8651421e-01 -6.2473571e-01
 -2.9569629e-01]"
CC(C)OC(=O)C(C(=O)OC(C)C)=C1SCCS1,[ 0.27858794  0.9152177  -1.          0.04777767 -0.48416185]
Cc1cc(C)c(N)c(C)c1,[ 0.4200535   0.05221528 -0.6869972   0.14140846  0.07438625]
CCC(C)(C)c1ccc(Cl)c(OC(=O)NC)c1,[ 0.43334332  0.71976304 -0.9586427  -0.4484312  -0.5592897 ]
Clc1cc(Cl)c2nsnc2c1Cl,[-0.33247656  1.         -0.8651364  -0.9211053  -0.1785364 ]
Fc1cc(-c2cccc3ncc(-c4cnn(C5CCNCC5)c4)nc23)cc(F)c1CN1CCOCC1,[ 0.24083915  0.6916259  -0.15732603 -0.3208686  -0.10299426]
CC(C)(C#N)C(C)(C)C#N,[ 0.03799735  0.8971622  -0.91990364 -0.89697266 -0.4925353 ]
Nc1ccc(F)c([N+](=O)[O-])c1,[ 0.00109699  0.70139813 -0.7372838  -0.57534075 -0.54280895]
CCN1CN(CO)C(=O)N(CO)C1,[ 0.5327151   0.28268287 -0.65276814 -0.78661263 -0.07740676]
CCCCC(CC)CNCC(C)(N)CN(C)CC(CC)CCCC,[ 0.12029073  0.27167076 -0.6593938   0.61036295  0.18476337]
CN1C(=O)CC(N2CCN(CCCN3c4ccccc4COc4ccc(CC(=O)O)cc43)CC2)N(C)C1=O,[-0.31983918  0.94259185 -0.29453248 -0.27796617 -0.35425273]
C[N+](C)(C)[NH2+]CCC(=O)[O-],[ 0.35429862  0.7892964  -0.98430264 -1.         -0.16428053]
CC(=O)CCCCCCCC(=O)O,[ 0.3695481   0.73952603 -0.7534492  -0.57677394 -0.33742112]
COC(CN1CCN(CCC(O)c2ccccc2)CC1)c1ccccc1,"[-4.6629971e-04  4.8212367e-01 -1.0000000e+00 -8.9446980e-01
 -1.5872736e-02]"
COCc1ccc2c(C(C(=O)NS(=O)(=O)c3ccc(C)cc3OC)c3ccc4c(c3)OCO4)cn(C)c2c1,[-0.10045935  0.6787137   1.         -0.658352   -0.54586804]
CCCOP(=O)(SCCC)SCCC,[ 0.32545948  0.68694633  0.04756306 -0.9693769  -0.04447433]
FC(F)(F)c1nc2c(Br)c(Br)cc(Br)c2[nH]1,[ 0.20132144  0.30937105 -0.70521384 -0.7733448  -0.05222121]
CNC(=O)ON=C(C)SC,[-0.48143393  0.8392047  -0.7082767  -0.39477512 -0.04274002]
O=C(Oc1ccccc1)n1c(C(F)(F)F)nc2cc(Cl)c(Cl)cc21,[ 0.26416603  0.5096235  -0.6999182   0.14378652 -0.30002493]
CC(O)CO,[ 0.5734111   0.8669785  -0.14803398 -0.64729017 -0.20324469]
COc1ccc(C(=O)Nc2ccccc2CCC2CCCCN2C)cc1,[ 0.69962925  0.44773012 -0.8369372  -0.7145667  -0.5081744 ]
O=[N+]([O-])c1cccc(O)c1,[-0.18969461  0.64385164 -0.7523218  -0.75765496  0.2461808 ]
COc1c2ccoc2c(OCC2OC2(C)C)c2oc(=O)ccc12,[ 0.42380148  0.8594092  -0.6978757  -0.39014786  0.091712  ]
CCCCn1c(=O)n(CCC)c(=O)c2[nH]c(C)nc21,[ 0.3352086   0.14973752 -0.8801725  -0.43515044  0.02751714]
C1=CC2C=CC1C2,[ 0.3208479   0.8311682  -0.95520496 -0.8300201   0.29952952]
COc1ccc(CC2NCC(O)C2OC(C)=O)cc1,[ 0.01845699  0.50450623 -0.6703102  -0.93924904  0.34097868]
O=c1c(Cl)c(Cl)cnn1-c1ccccc1,[-0.03324253  0.9109527  -0.4532252  -0.42125297 -0.2950746 ]
CC1CCN(C(=O)CC(Cc2cccc(C(=N)N)c2)NS(=O)(=O)c2ccc3ccccc3c2)CC1,[ 0.1549602  -0.12748626 -0.61278737 -0.37602717  0.09883962]
Cc1cccc(Nc2ccncc2S(=O)(=O)[N-]C(=O)NC(C)C)c1,[-0.5334589   0.571191   -0.27586848 -0.5924057  -0.33453736]
COC(=O)Cc1ccccc1,[-0.25704864  0.33657146 -0.86567247 -0.67125094 -0.10092275]
CC(=O)SCC(=O)Nc1nc2ccccc2s1,[ 0.49477202  0.6230876  -0.58702946 -0.814221   -0.29500178]
OCCOCCOCCOCCO,[ 0.48509318  0.88964224 -0.9955281  -0.9336187  -0.18787932]
CN(C)C1C(O)=C(C(N)=O)C(=O)C2(O)C(O)=C3C(=O)c4c(O)cccc4C(C)(O)C3C(O)C12,[ 0.64477944  0.8385067  -0.80683935 -0.99528784  0.5565695 ]
NCCCC[C@H](N[C@@H](CCc1ccccc1)C(=O)O)C(=O)N1CCC[C@@H]1C(=O)O,[-0.5078709  -0.30802962 -0.7149131  -0.749921   -0.31488046]
C=CC[N+]1([C@H]2C[C@H]3[C@@H]4CC[C@H]5C[C@H](O)[C@@H](N6CCOCC6)C[C@]5(C)[C@H]4CC[C@]3(C)[C@H]2OC(C)=O)CCCC1,[-0.0809628   0.78178793 -0.60354537 -0.62928504 -0.25072354]
Clc1ccc(N2N=NC3C4CC(C5N=NC45)C32)cc1,[ 0.1233239  0.8449215 -0.9732863 -0.7189514 -0.3997908]
CC1CN(C2CCCCCCCCCCC2)CC(C)O1,[ 0.47561786  0.88717455 -0.86627656 -0.11818656  0.25532034]
Cc1c(Sc2ccc(Cl)cc2)c2c(-c3ccccc3)cccc2n1CC(=O)O,[ 0.32170925  0.97196466 -0.21407627 -0.51081544  0.41906056]
CCOP(=S)(OCC)OC(=CCl)c1ccc(Cl)cc1Cl,[-0.44769642 -0.25670555 -0.6612077   0.18605329 -0.3486639 ]
COc1cc2c(cc1OC)C(CCc1ccc(Cl)cc1)N(C)CC2,[ 0.35856926  0.6477954   0.48794383 -0.14810301 -0.46147743]
O=C(CCCN1CCC(O)(c2cccc(C(F)(F)F)c2)CC1)c1ccc(F)cc1,[ 0.15134913  0.8074356  -0.9448835  -0.6506545  -0.10912367]
CSc1ccc(C(=O)c2[nH]c(=O)[nH]c2C)cc1,[ 0.19830135 -0.3788241  -0.83907664 -1.          0.47069317]
CNC(=O)ON=C(C)SCC(=O)N(C)C,[ 0.22187275 -0.09009823 -0.66681063  0.8497803  -0.1076909 ]
CC12CCC3c4ccc(O)cc4CC(CCCCCCCCCS(=O)CCCC(F)(F)C(F)(F)F)C3C1CCC2O,[ 0.35194132  0.04170817 -0.5833855   0.68394357  0.0880658 ]
COP(=O)(OC)SC(CC(=O)OC(C)C)C(=O)OC(C)C,[ 0.08151155  0.9695072  -0.46430355 -0.53806937 -0.08618939]
CN1CCN2c3ncccc3Cc3ccccc3C2C1,[-0.10272095  0.92347956 -0.6886494  -0.6015087  -0.6794055 ]
CN(C)C(=O)Cl,[ 0.43638572  0.9232574  -0.65155977 -0.41921973  0.32979777]
CC(O)c1cccc(N)c1,[ 0.3177042   0.81773496 -0.5151041  -0.53673387 -0.47682318]
NC(=O)CF,[-0.0666556   0.5473911  -1.         -0.74044895  0.6917533 ]
[NH3+]C(C(=O)NC1C(=O)N2C(C(=O)[O-])=C(CSc3c[n-]nn3)CSC12)c1ccc(O)cc1,[ 0.10648458  0.91266197 -0.07866983 -0.3454005   0.28313628]
Cc1cc(OC(=O)N(C)C)n(-c2ccccc2)n1,[-0.09583243  0.80470294 -0.617456   -0.58149743 -0.11234715]
CCCCOCCOCCCC,[ 0.61584544  0.95269036 -1.         -0.66024953  0.04900983]
CC(=O)Oc1cccc(Oc2ccc(C(F)(F)F)cc2Cl)c1,[ 0.32577676  0.24328123 -0.66028273 -0.69409907  0.07146113]
C#CC1(O)C(CO)OC(n2ccc(N)nc2=O)C1O,[-0.54465675  0.60174096 -1.         -0.570193   -0.4413509 ]
C=C(OP(=O)(OC)OC)P(=O)(OC)OC,[ 0.7697951 -1.        -1.        -0.7585892  0.5095175]
O=C1OCC2C1C1(Cl)C(Cl)=C(Cl)C2(Cl)C1(Cl)Cl,[ 0.41045395  0.12196973 -0.8032669  -0.61880827 -0.15258044]
C=CCOc1ccccc1C(N)=O,[ 0.19422726  0.09680881 -0.74073815 -0.992712   -0.02044569]
CN(CCOc1ccc(CC2SC(=O)NC2=O)cc1)c1ccccn1,[-0.13960324  0.6702479   0.5006506  -0.6745304  -0.07094142]
CC(=Cc1ccccc1)CC(=O)N1CCOCC1,[-0.40012592  0.8548892  -0.74939626 -0.49476746  0.3674752 ]
CC1[NH2+]Cc2cc(-c3ccc4c(=O)c(C(=O)[O-])cn(C5CC5)c4c3OC(F)F)ccc21,[-0.20185691  0.83340466 -0.80910236 -0.83718634 -0.20058954]
O=Cc1cccc2ccccc12,[ 0.01251368 -0.57524896 -0.4168265  -0.6618453  -0.37755322]
BrC12CC3CC(CC(C3)C1)C2,[-0.29480767  0.6267991  -0.9454724  -0.79477894  0.03921412]
O=CC=CC1CO1,[ 0.5022359   0.8479892  -0.94122094 -0.8283965  -0.14898685]
CC(COc1ccc(Cl)cc1Cl)C(=O)O,[-0.04913032  0.9023401  -0.91162515 -0.7283005   0.13752429]
CCC(=O)OC1CCC2C3CCC4=CC(=O)CCC4(C)C3CCC12C,[ 0.40109512  0.7076939  -0.7470578  -0.806019    0.00190531]
C=C(C)C(=O)OCCOC(=O)C(=C)C,[-0.09726325  0.16667807 -0.21601592 -0.5192489   0.4383509 ]
CC(O)C(Cl)(Cl)Cl,[ 0.18445951  0.95427686 -0.6208794  -0.2721088   0.4360337 ]
O=c1n(CC2CO2)c(=O)n(CC2CO2)n1CC1CO1,[ 0.27804622  0.08646534 -1.         -0.8774573  -0.35141578]
NC(=O)N1C(=O)C(C(=O)c2cccs2)c2cc(Cl)ccc21,[-0.47400817  0.56825274 -0.9981016  -0.67020315 -0.04650277]
c1c[nH]cn1,[ 0.41952264  1.         -0.709734   -0.26643476 -0.44582897]
CCCCCCCCCCCCCCCCCC(=O)Cl,[ 0.50215685  0.9573968  -0.5381463  -0.74661654 -0.34105483]
O=CCCCC=O,[ 0.27754197  0.66399133 -0.24052249 -0.8758741  -0.5354082 ]
COc1ccc2ccc(=O)n(CCN3CCC(NCc4cc5c(cn4)OCCO5)CC3)c2n1,"[ 8.3315067e-02  1.0250096e-01 -7.3945814e-01 -7.9953200e-01
  5.9968111e-04]"
CC(=O)NCCCS(=O)(=O)[O-],[ 0.03729638  0.14856769 -0.11061486 -0.453028    0.6415742 ]
CC(C)(C)NC(=O)NCCN1CCCC(NC(=O)c2cc(Cl)cc(Cl)c2)C1,[ 0.48398277  0.63524914 -0.3688605  -0.6937631  -0.16080204]
NCCNCc1ccccc1O,[-0.48945728  0.18756515 -0.8533772  -0.42625087  0.07350894]
CCOP(=O)(OCC)Oc1ccc(S(C)(=O)=O)c(C)c1,[ 0.12506713  0.8044808  -1.         -0.67970455  0.11847205]
O=c1[nH]c2ccccc2n1CCCN1CCN(C(c2ccccc2)c2ccccc2)CC1,[ 0.36096856  0.9103322   0.37013078 -0.5095512   0.21409547]
CC(C)c1cccc(OC(=O)N(C)C)c1,[-0.06748037  0.13968755 -0.64167815 -0.5386969  -0.16656889]
Cc1cc([N-]S(=O)(=O)c2ccc(N)cc2)no1,[-0.61048126  0.7360142  -0.8839317  -0.502722   -0.05482246]
CC(C)(C)CC(=O)Nc1c(F)cc(C(=O)Nc2nccs2)cc1F,[ 0.24547102  0.9338303   0.6112606  -0.39213347  0.2157069 ]
CC(C)CCI,[ 0.33287066  0.84922624 -0.7901776  -0.97652334 -0.3428363 ]
Nc1ccc(S(=O)(=O)O)c2cccc(O)c12,[-0.02479041  0.79173833 -0.8717715  -0.81807965  0.6534295 ]
Cc1cccc(N)c1C,[ 0.10773092  0.83259374 -0.4775703  -0.5170372  -0.10201715]
C[Si](C)(Cl)Cl,[ 0.47541794  0.80987877 -0.59918535 -1.         -0.36447763]
Cc1cc(Nc2nc(N[C@@H](C)c3ccc(F)cn3)c(C#N)cc2F)n[nH]1,[ 0.0177968   0.73029965 -0.7584128  -0.73064107 -0.31398946]
CC(=O)Nc1ccc(CNc2[nH]nc3ccnc(Oc4ccccc4)c23)cc1,[ 0.38374346  0.61363083 -0.65198284 -0.7375434  -0.14213164]
Cc1ncc(CS)c(CO)c1O,[-0.1569123   0.55043674 -0.85661477 -0.79408115 -0.18358873]
COc1cc(OC)c(S(=O)(=O)N(c2ccccc2)C(C)C)cc1NC(C)=O,[-0.3052366   0.9239074  -0.32700905 -0.34410152 -0.16427948]
Cc1cc(C)c(C)cc1C,[ 0.4038957  -0.6248531  -0.31789306 -1.          0.3105176 ]
C=CCc1ccc(OC(C)=O)c(OC)c1,[ 0.3726749   0.9298868  -0.8925834  -0.6225002  -0.57318735]
COP(=O)(SC(C)C)SC(C)C,[-0.2081443   0.7528739  -0.11323453 -0.08469088 -0.40223694]
Nc1nc2c(ncn2COCCO)c(=O)[nH]1,[ 0.31135625 -0.16593166 -0.77172273 -0.24211551  0.4614627 ]
C[NH2+]C(C)C1CCC(N)C(OC2C(N)CC(N)C(OC3OCC(C)(O)C([NH2+]C)C3O)C2O)O1,[ 0.05268541  0.7980103  -0.6108018  -0.48711273 -0.2674292 ]
Nc1ncc2cc(-c3c(Br)cccc3Br)c(N)nc2n1,[ 0.41653192  1.         -0.61064166 -0.18862593 -0.20178623]
COP(=O)(OC)ON1C(=O)c2cccc3cccc(c23)C1=O,[ 0.01617523  0.58570874 -0.9947807  -0.36180505  0.40744787]
CN(C)S(=O)(=O)CCCCCNC(=O)N(CCCl)N=O,[ 0.15984799 -0.1526586  -0.2335345  -0.5459904  -0.20659788]
CN[C@H](CC(C)C)C(=O)N[C@H]1C(=O)N[C@@H](CC(N)=O)C(=O)N[C@H]2C(=O)N[C@H]3C(=O)N[C@H](C(=O)N[C@H](C(=O)O)c4cc(O)cc(O)c4-c4cc3ccc4O)[C@H](O)c3ccc(c(Cl)c3)Oc3cc2cc(c3O[C@@H]2O[C@H](CO)[C@@H](O)[C@H](O)[C@H]2O[C@H]2C[C@](C)(N)[C@H](O)[C@H](C)O2)Oc2ccc(cc2Cl)[C@H]1O,[-0.06496885  0.92374474 -0.6705494  -0.9321301  -0.16630429]
CCCCOP(=O)(O)OCCCC,[ 0.57353395 -0.41972795 -0.609989   -0.5420565  -0.05052206]
O=C(CO)N1CCC(c2[nH]nc(-c3ccc(Cl)cc3F)c2-c2ccncn2)CC1,[ 0.12414695  0.38884088 -0.4166409   0.14830843  0.7234396 ]
CCOC(=O)c1ccc(C#Cc2ccc3c(c2)C(C)(C)CCS3)nc1,[ 0.01476938 -0.5523977  -0.63908    -0.07495397 -0.3006548 ]
C=CC[NH+]1CCCC1CNC(=O)c1cc2n[nH]nc2cc1OC,[ 0.32493958  0.80235064  0.05801415 -0.30350187  0.3947797 ]
CC(C)(C)NCCO,[-0.02027472  0.88127345 -0.46838656 -1.          0.41520438]
C=C(C)C(=O)OCCC[Si](OC)(OC)OC,[-0.2160011   0.8846271  -0.9105438  -0.821042   -0.35527027]
ClC1=C(Cl)C(Cl)(C2(Cl)C(Cl)=C(Cl)C(Cl)=C2Cl)C(Cl)=C1Cl,[ 0.09918639  0.6892041  -0.6518295   0.12640566  0.11372339]
Cc1cnc(NC(=O)C2=C(O)c3ccccc3S(=O)(=O)N2C)s1,[-0.2723559   0.60148937 -0.8364619  -0.8017387   0.64414996]
CCCCC(CC)COCCC#N,[ 0.23300819  0.9115801  -0.3487298  -0.7647603  -0.07281998]
O=C(O)c1cccc(Cl)n1,[-0.08425257  0.8987907  -0.6132351  -0.5030846   0.34812704]
CCOC(=O)c1c(C)cc2c(CO)n[nH]c(=O)c2c1C,[ 0.5173381   0.5509281  -0.62484276 -0.3616779   0.04319607]
COC(=O)c1ccccc1,[ 0.4424299   0.77546173 -0.620887   -0.9285328   0.03626323]
Clc1cc(Cl)cc(Cl)c1,[ 0.36173522  0.8668825  -0.92319775 -1.         -0.4809036 ]
NC(=S)Cc1cccc2ccccc12,[ 0.21565633  0.8614989  -0.65566945 -0.74015534 -0.5637835 ]
CC(C)(C)c1cc([N+](=O)[O-])cc([N+](=O)[O-])c1O,[-0.2450177   0.45454976 -0.90585345 -0.6513402  -0.26846546]
CC(C)Oc1ccc2c(=O)c(-c3ccccc3)coc2c1,[-0.07966193  0.5401685  -0.72921216 -0.76351243  0.47617656]
COc1cc(OC)c(C(=O)CCCN2CCCC2)c(OC)c1,[ 0.5255      0.7374069  -0.57035136 -0.79612637 -0.30966192]
CN(C)C(=O)Oc1cccc2sccc12,[ 0.19376668  0.26576948 -0.6759349  -0.64291203 -0.44894668]
CCCCC(CC)(C(=O)OCC)C(=O)OCCN(CC)CC,[ 0.18403646  0.89332926 -0.9114731  -0.8182066   0.1656594 ]
CCNc1nc(NC(C)C(C)C)nc(SC)n1,[ 0.44555295  0.7339252  -0.97592026 -0.83114064  0.2765789 ]
N=C(NN=Cc1ccc(Cl)cc1)NN=Cc1ccc(Cl)cc1,[ 0.19897231  0.7619777  -0.68906575  0.2190674  -0.43161058]
C/C=C/c1cc(OC)c2c(c1)C(C)C(c1cc(OC)c(O)c(OC)c1)O2,[ 0.6367884   0.25943086 -0.4614103  -0.7471376   0.05310528]
FC(F)=C(F)CCSc1ncccn1,[-0.19634588  0.5671475  -0.8754858  -0.7877862  -0.01204759]
S=C1NCCNC(=S)S1,[-0.00321013  0.62634826 -0.9561924  -0.89152026 -0.4570691 ]
CC(C)CN,[-0.5240606   0.8829079  -0.8123282  -0.86429626  0.00633758]
O=c1cc(-c2ccc(O)cc2)oc2cc([O-])c(C3OC(CO)C(O)C(O)C3O)c(O)c12,[ 0.23975329  0.8001709  -0.42064637 -0.61057734  0.30467567]
CC(C)(C)NCCC(O)c1cc(C(F)(F)F)nc2c(C(F)(F)F)cccc12,[ 0.09134816  0.72946066 -0.7324195  -0.77589536 -0.45492923]
Cc1nc(C(F)(F)F)ccc1C(=O)Nc1ccc(Cl)c(-c2ccccn2)c1,[-0.07776801 -0.15854235 -0.68592554 -0.03908698 -0.20229018]
O=[N+]([O-])c1nccs1,[ 0.14813259  0.6897312  -0.8848594  -1.         -0.53817064]
Cc1cnc(-c2cc(NC(=O)c3ccc(C(F)(F)F)nc3C)ccc2Cl)[nH]1,[ 0.16106868 -0.29194558 -0.74170405 -0.632793    0.32873368]
COc1cc(C(=O)NC2CCCNC2)cc(OC)c1OC,[ 0.24398492  0.77856135  0.41060692 -0.5049831  -0.23654963]
CC(C)[N+](=O)[O-],[ 0.1753802   0.9800645  -0.80179083 -0.7349452   0.0990906 ]
Cc1c(Sc2ccc(Cl)cc2)c2c(-c3cnccn3)cccc2n1CC(=O)O,[ 0.11284637  0.58360845 -1.         -1.          0.06798808]
CC(O)COC(C)CP(CC(C)OCC(C)O)CC(C)OCC(C)O,[-0.20794877  0.78649014 -0.4216875  -0.77323323  0.09625532]
CCOC(=O)C=Cc1ccc(Cl)cc1,[-0.12145815  0.25457588 -0.6260185  -0.30169278  0.20508887]
[NH3+]CC1CCC(C(=O)[O-])CC1,[ 0.15308361  0.7024965  -0.36957544 -0.7150947   0.03978686]
CC[C@H]1CN(Cc2cc(Cl)ccc2OCC(=O)O)CCN1S(=O)(=O)c1ccccc1,[ 0.18643272  0.46300784 -0.85121673 -0.5849098   0.20980832]
CC1(C)CC(NC2CC(C)(C)NC(C)(C)C2)CC(C)(C)N1,[ 0.41476974  0.9411686  -0.08740304 -0.6300148  -0.21257648]
CCOc1ccccc1OC(c1ccccc1)C1C[NH2+]CCO1,[-0.12993231  1.         -0.4456795  -0.9377403   0.39009568]
CC#CCC(C)C(O)C=CC1C(O)CC2Oc3c(CCCC(=O)O)cccc3C21,[-0.04412554  1.         -0.656879   -0.5816457  -0.3673625 ]
CNC(=O)[C@@H]1Cc2cn(cn2)CC(=O)N2CCC[C@H]2C(=O)N[C@@H](C)C(=O)N1C,[-0.13015506  0.8291154  -0.8520666  -0.936312   -0.44831002]
C[NH+](C)CCC(c1ccc(Cl)cc1)c1ccccn1,[ 0.5084873   0.8317785  -0.91293883 -0.82256234  0.15065913]
COC(=O)C1=C(C)NC(C)=C(C(=O)OCCN(C)Cc2ccccc2)C1c1cccc(N(O)O)c1,[-0.10540956  1.         -0.2850008  -0.7481058  -0.27550694]
CCS(=O)CCSP(=O)(OC)OC,[ 0.25693685  0.87929374  0.54996055 -0.9626804  -0.170607  ]
FC(F)(F)c1nc2c(Cl)c(Cl)cc(Cl)c2[nH]1,[ 0.29555267  0.3256663  -0.66031396 -0.7300225  -0.46610168]
COC(=O)c1c(Cl)cccc1-c1cnc([C@@H](C)NC(=O)C2(NC(=O)C(F)(F)F)CC2)c(F)c1,[ 0.34994313  0.7624693  -0.8628388  -0.8013431  -0.06533342]
CC([NH3+])Cc1ccccc1,[ 0.14747266  0.7792065  -0.77088284 -0.8841102  -0.3072034 ]
Cc1cc(Cl)ccc1OCC(=O)O,[ 0.17646056  0.8520873  -0.8546794  -0.77236164  0.2408251 ]
CCC[C@@H](c1ccc(C(=O)O)c(Oc2cccc(Cl)c2)c1)N1CCC[C@H](n2cc(C)c(=O)[nH]c2=O)C1,[ 0.16378288  0.73269284 -0.7075523  -0.50930184 -0.1651455 ]
CC(=O)O[C@H]1C[C@@H]2CC[C@@H]3[C@H](CC[C@@]4(C)[C@H]3C[C@H]([N+]3(C)CCCCC3)[C@@H]4OC(C)=O)[C@@]2(C)C[C@@H]1N1CCCCC1.[Br-],[-0.48901325  0.7620395  -0.93152994 -0.9104207   0.94670475]
COc1ccc(C(Oc2ccccc2)C2=NCCCN2)cc1,[-0.14033587 -0.5096066  -0.6715733  -0.6634698   0.01941552]
CC[C@@H]1OC(=O)[C@@H](C)[C@H](O[C@@H]2C[C@](C)(OC)[C@H](O)[C@@H](C)O2)[C@H](C)[C@H](O[C@@H]2O[C@H](C)C[C@H](N(C)C)[C@H]2O)[C@@](C)(O)C[C@@H](C)/C(=N\OCOCCOC)[C@H](C)[C@@H](O)[C@@]1(C)O,[ 0.22135754  0.76077074 -0.56763417  0.8416418  -0.17363721]
CCCCOP(=O)(OCCCC)Oc1ccccc1,[ 0.06921048  0.88954973 -0.8301655  -1.         -0.62416714]
CCCSP(C)(=S)Oc1ccc(Cl)cc1Cl,[ 0.7155523   0.9785495  -0.25193325 -0.5082488  -0.407927  ]
CCCS,[ 0.493588    0.8830617  -0.9047883  -0.3995114  -0.12260897]
CCCc1nnc(CSP(=S)(OCC)OCC)o1,[ 0.38732776  0.91697025 -0.5947002  -0.445926   -0.18264548]
CN(C)NC(=O)CCC(=O)O,[-0.04768651  0.4825445  -0.72796917 -0.5757465  -0.06393182]
O=c1oc(-c2ccccc2)nc2ccccc12,[-0.08873107  0.93260074 -0.8331489  -1.          0.44491965]
C=CC(=O)OCC(=O)OCC,"[-2.2858400e-04  6.4062804e-01 -8.0726796e-01 -6.9828999e-01
 -3.4766048e-02]"
CN(C)CCC=C1c2ccccc2CCc2ccccc21,[ 0.24383596  0.8149314  -0.05291765 -0.28285298  0.33110443]
CN(C)S(=O)(=O)N(SC(F)(Cl)Cl)c1ccccc1,[ 0.1510148  -0.9287395  -0.66551226 -0.48955297  0.3212704 ]
FC(F)(F)c1nc2cc(Br)c(Cl)cc2[nH]1,[ 0.32114476  0.8923995  -0.90881056 -0.6029189   0.20537506]
CCOP(=S)(OCC)Oc1cccc(F)n1,[ 0.2781174   0.85610354 -0.8555672  -0.76060563  0.6420233 ]
c1ccc2[nH]c(-c3cscn3)nc2c1,[ 0.5714149   0.7259692  -0.4698578  -0.4183097  -0.12105107]
C#CC(C)(C)O,[ 0.6075584   0.5816321  -0.87044656 -0.11070713 -0.20133236]
C(Oc1nc(OCC2CO2)nc(OCC2CO2)n1)C1CO1,[ 0.07653774  0.82864916 -0.3077671  -0.7175639  -0.17174925]
CCCCCCCCc1ccccc1O,[ 0.33990306 -0.27875018 -0.6361052  -0.30464408  0.0698688 ]
Cc1ncc(C[n+]2csc(CCO)c2C)c(N)n1,[ 0.03265293  0.4759824  -1.         -0.58059883  0.6481633 ]
O=C(O)CCC(=O)c1ccc(-c2ccccc2)cc1,[ 0.17824844  0.7371149  -0.56132203 -0.13014017  0.84056056]
CC#CN(CC)CC,[ 0.42992857  0.7359851  -0.85650736 -0.71989506  0.01456553]
O=C(c1csc2c1CCCC2)N1CCCCC1,[ 0.02889629  0.8253557  -0.84207773 -0.8774204   0.01716628]
C=CN(CC)C(C)=O,[ 0.08479628  0.8971753  -0.6167119  -0.7545933  -0.54802555]
CCC(c1ccccc1)c1c(O)c2ccccc2oc1=O,[ 0.1297992   0.92864436 -0.9698613  -0.8881046  -0.32312858]
CO[Si](CCCn1c(=O)n(CCC[Si](OC)(OC)OC)c(=O)n(CCC[Si](OC)(OC)OC)c1=O)(OC)OC,[-0.04619728  0.7529023  -0.9387356   0.16658893 -0.04342466]
CCC(C)CCCCC(=O)NC(CCN)C(=O)NC(C(=O)NC(CCN)C(=O)NC1CCNC(=O)C(C(C)O)NC(=O)C(CCN)NC(=O)C(CCN)NC(=O)C(C(C)O)NC(=O)C(CC(C)C)NC(=O)C(CCN)NC1=O)C(C)O,[-0.12470849  0.87789774 -0.8473737  -0.86824244 -0.15335283]
O=C(NC[C@@H](O)CN1CCC(Oc2ccc(Cl)c(Cl)c2)CC1)c1c[nH]c(=O)c2cc(F)ccc12,[-0.24746183 -0.54968435 -0.5694136  -1.          0.515154  ]
CO/N=C(\C(=O)N[C@@H]1C(=O)N2C(C(=O)O)=CCS[C@H]12)c1csc(N)n1,[ 0.5284272   0.2855478  -0.92395335  0.18355888  0.01170519]
COP(=S)(OC)SCSCC=C(Cl)Cl,[ 0.25992638  0.89835435 -0.06628886 -0.62434626  0.01013857]
CCCSP(C)(=S)OP(C)(=S)SCCC,[ 0.03999341 -0.09560361 -0.36897618 -0.6230604   0.5873031 ]
CNc1c(C(N)=O)cnc2[nH]c(-c3ccc(OCCN4CCOCC4)cc3)nc12,[ 0.17604393  0.5492718  -0.4532526  -0.65732354  0.34539378]
C[C@H](CO)Nc1nc(SCc2cccc(F)c2F)nc2[nH]c(=O)cnc12,[ 0.29174054  1.         -0.85622156 -0.71983147 -0.06383241]
ClC(Cl)(Cl)c1ccc(C(Cl)(Cl)Cl)cc1,[-0.11231369  0.4687588  -0.74465865  0.14037298  0.25265178]
CC1CC(=O)NN=C1c1ccc([N-]N=C(C#N)C#N)cc1,[ 0.23555773 -0.1231225  -0.5454546  -0.8620775   0.11906151]
O=P([O-])([O-])C(O)(Cn1ccnc1)P(=O)([O-])O,[-0.7949964   1.         -0.5559814  -0.44627947  0.09352913]
O=C(CCCCC(=O)OCC1CC=CCC1)OCC1CC=CCC1,[-0.42726457 -0.89447284 -1.         -0.9821081  -0.04791553]
CCCCC(C)(C)CO,[ 0.20289989  0.84018946 -0.74936724 -0.95169425  0.3501115 ]
CC(C)NCC(O)COc1ccc(COCCOC(C)C)cc1,[-0.39283106  0.81909436 -0.5217462  -0.5475726  -0.28139877]
Nc1ccc(O)c([N+](=O)[O-])c1,[-0.54175377 -0.44895706 -0.88334703 -0.6515187   0.00771113]
C[C@H](CO)Nc1nc(SCc2ccccc2F)nc2[nH]c(=O)sc12,[-0.06771138  0.63075036 -0.6207832   0.5234118  -0.08662762]
C[C@@H]1CN(Cc2ccc(F)cc2)CCN1C(=O)COc1ccc(Cl)cc1NC(N)=O,[ 0.14281137  0.3633851   0.1156019  -1.          0.42285427]
C=C1CC23CC1(O)CCC2C12C=CC(O)C(C)(C(=O)O1)C2C3C(=O)O,[ 0.37501958  0.94540894 -1.         -1.         -0.0472119 ]
O=C1C2CC3C1C1(Cl)C(Cl)C4(Cl)C2C3C1(Cl)C4(Cl)Cl,[ 0.7151219   0.78667045 -0.6814553  -0.7190372  -0.52105033]
N#Cc1c(-c2ccc(-c3ccncc3Cl)cc2)nc2ccncc2c1O,[ 0.07970278  0.8563318   0.3528721  -0.41507834 -0.19224942]
Cc1ccc(OP(=O)(Oc2ccccc2)Oc2ccccc2)cc1,[ 0.14786051  0.62875366 -1.         -0.00744804 -0.08979074]
C=C(OP(=O)(OC)OC)c1ccc(Cl)cc1Cl,[ 0.20555003  1.         -0.87389934 -0.7135644   0.29258716]
CCc1nc2cc(O)ccc2c(Oc2ccc(/C=C/C(=O)O)cc2)c1-c1ccccc1,[-0.07080666  0.82318085 -0.6865772  -1.          0.38496026]
CC(=O)c1c(C)c2cnc(Nc3ccc(N4CCNCC4)cn3)nc2n(C2CCCC2)c1=O,[-0.44513714  0.91392064 -0.82385224 -0.76355857  0.043958  ]
CCOC(=O)CCC[Si](C)(OCC)OCC,[ 0.60092     0.8463807  -0.6838841  -0.6225486  -0.37104285]
C[C@@H]1NC(=O)[C@@H](C)N(C)C(=O)[C@H](C)N(C)C(=O)[C@@H](C)N(C)C(=O)[C@@H](C)N(C)C(=O)[C@H](C)NC1=O,[-0.2771925   0.66299087 -0.49734488 -1.          0.05727164]
CC(C(N)=O)(c1ccccc1)c1ccc(N)cc1,[ 0.09204267  0.5615466  -0.6831807  -0.84161806 -0.6194169 ]
CC(=O)CCc1ccc(O)cc1,[ 0.24496657  0.79073995 -0.84014064 -0.72651833 -0.6930243 ]
CCON=C(CC)C1=C(O)CC(c2c(C)cc(C)cc2C)CC1=O,[-0.20220384  0.20946722 -0.5465264  -0.5394823   0.41293824]
NC(=O)[C@H](Cc1ccccc1)NC(=O)OCc1ccccc1,[ 0.4001322   0.85258985 -0.79024    -0.80175775  0.3255372 ]
C=C(Cl)C(Cl)CCl,[ 0.11790089  1.         -0.92982256  0.53617126  0.01916831]
COc1ccc2ncc(F)c(CCN3CCC(NCc4cc5c(cn4)OCCO5)CC3)c2n1,[ 0.28728294  0.7256789  -1.         -0.6106807  -0.10434835]
Cc1nc(N)nc(N)c1-c1ccc(Br)cc1,[ 0.32433912  0.9769473  -0.8483433  -0.5751167  -0.1506999 ]
NC(=O)c1cnc(N[C@@H]2CCCC[C@@H]2N)nc1Nc1cccc(-n2nccn2)c1,[-0.2455723   0.8577918  -0.93719137 -0.81007415  0.27330676]
N=C(Nc1c([N+](=O)[O-])cnc2ccccc12)N1CCOCC1,[-0.04512313  0.9968194  -0.85328233 -0.6477504   0.17554086]
CC(C)CON=O,[ 0.4557812   0.6010725  -0.23280792 -0.49948552 -0.44632676]
CC1CS(=O)(=O)CCN1N=Cc1ccc([N+](=O)[O-])o1,[ 0.45585608  0.6767914  -0.03087541 -0.26812127 -0.09464072]
CN(C)c1ccc(N=Nc2ccccc2)cc1,[ 0.25625032  0.74832433 -0.4025553  -0.66098773  0.31190792]
O=C(CCl)OCCOCCO,[-0.18370657  0.4223882  -0.9174649  -1.          0.21895362]
CNC(=O)OCc1cccc(COC(=O)NC)n1,[ 0.36400574  0.72162616 -0.7863114  -0.06487114 -0.01014045]
CCCC(=O)c1ccc(N)cc1,[ 0.4589168   1.         -0.8572394  -0.61722696 -0.08462074]
C#CCN(C)c1ccccc1OC(=O)NC,[ 0.36814687 -0.719101   -0.5449729  -0.5641223  -0.00876565]
O=C(c1ccc(Cl)cc1)c1ccccc1-c1ncc[nH]1,[-0.1658928   0.8261362  -0.64743656 -1.          0.09770069]
CC(C)c1cc(Oc2ccccc2)cc(C(C)C)c1NC(=S)NC(C)(C)C,[ 0.25048786  0.8514265  -0.9013513  -0.5435906   0.02451426]
OCCN(CCO)CCO,[-0.40342888  0.6479701  -0.67507434 -0.66181654 -0.39377525]
Oc1nc(-c2ccccc2)nc2ccccc12,[ 0.24525674  0.0324988  -0.64335436 -0.3943088  -0.21376346]
C#CCN1C(=O)CN=C(c2ccccc2)c2cc([N+](=O)[O-])ccc21,[ 0.4368694   0.874991   -0.7521637  -0.5171491  -0.27131483]
O=[N+]([O-])OCC(O)CO,[ 0.06073172  0.9845296  -0.724743   -0.9331252   0.66704   ]
CCc1nc(N)nc(N)c1-c1ccccc1,[ 0.38202402  0.42709556 -0.73720497 -1.          0.02117494]
COC(C)CC(=O)O,[ 0.1871648   0.784587   -0.90110785 -0.66096777 -0.70098823]
