CCCCC(CC)OCCOCCO,[ 0.46963617  0.8080516  -0.7608633  -0.51700073  0.00590068]
CCCCC(C)(C)CO,[ 0.32254064  0.73761314 -0.7833764  -0.75623685  0.3695116 ]
O=C(O)CCCCCC(=O)O,[ 0.28043938  0.7104107  -0.17156523  0.739255    0.5392498 ]
FCOC(C(F)(F)F)C(F)(F)F,[-0.0429691  -0.5263159  -1.         -0.50834656  0.5042134 ]
CCC1OC(=O)C(C)C(=O)C(C)C(OC2OC(C)CC([NH+](C)C)C2O)C(C)(OC)CC(C)C(=O)C(C)C2N(CCCCn3cnc(-c4cccnc4)c3)C(=O)OC12C,[-0.9298943   0.8878904  -0.4400375  -0.7375154   0.16950245]
Cc1c(OC2CCN(CC3CCN([C@@](C)(Cc4ccc(F)cc4)C(=O)O)CC3)CC2)ccc(Cl)c1Cl,[ 0.07521743 -0.15603186 -0.79773414 -0.00340969  0.10352586]
CCCCCCOCCOCCO,[-0.03851326 -0.33890396 -0.4626067  -0.48687556  0.22845496]
O=c1cc(N2CCOCC2)nc2n(Cc3cccc(Cl)c3Cl)ccn12,[ 0.3368638   0.7037489  -0.41341907 -0.19004694  0.16007648]
BrC(Br)Br,[ 0.30634853  0.27345115 -0.55163455  0.98069245  0.5996603 ]
CCC(C)OC(CBr)c1ccc(Cl)cc1,[-0.7987412   0.7294268  -0.83856213 -0.6876036  -0.2385108 ]
CC(=O)[C@H]1CC[C@H]2[C@@H]3CC[C@@H]4C[C@H](O)CC[C@]4(C)[C@H]3CC[C@]12C,[-0.19755125  0.88746697 -0.8693406  -0.82546806 -0.33971268]
CN(C)CCCNCCCN(C)C,[ 0.4018942  -0.07077838 -1.          0.1044011   0.08855908]
N#Cc1c(-c2ccc(-c3ccncc3Cl)cc2)nc2ccncc2c1O,[ 0.91529     0.7331573   0.1840679  -0.13300289 -0.5574771 ]
COP1(=S)OCc2ccccc2O1,[-0.03905409  0.74301106 -0.56778264 -0.9119285  -0.20805813]
COP(=O)(OC)SC(CC(=O)OC(C)C)C(=O)OC(C)C,"[ 6.6624457e-01  1.0000000e+00 -1.0000000e+00 -2.6485220e-01
  5.2396639e-04]"
CCSP(SCC)SCC,[ 0.4093002   0.97013086 -0.23030095 -0.64778715 -0.40267128]
CCOc1ccc([C@@H](C)Nc2nc(N3CCN(C(C)=O)CC3)nc3c2CN(C(C)C)C3=O)cc1,[-0.78894454  0.31556463 -0.45452672 -0.52020526 -0.22300874]
Cc1nn(C2CCCCC2)c(N)c1-c1ccccc1,[ 0.35474488  0.84984076 -1.         -0.80727607 -0.17789508]
Cc1cnc(C(=O)c2ncnc3[nH]ccc23)c(NS(=O)(=O)c2ccc(Cl)c(C(F)(F)F)c2)c1,[-0.48239598  0.87651294 -0.902147   -0.5811779   0.18585709]
CC#CCC(C)C(O)/C=C/C1C(O)CC2C/C(=C/CCCC(=O)[O-])CC21,[-0.46656036  0.81110394 -0.4639596  -0.5281419  -0.40132523]
CNC(=O)Oc1ccccc1C1OCCO1,[-0.02601278  0.23975761 -0.52608424 -0.9322853  -0.16857104]
O=C(NCCNCC(O)COc1ccc(O)cc1)N1CCOCC1,[ 0.0930611   0.25862306 -0.9372485  -0.82503814 -0.25843647]
Cc1cnc(NCCCN(C)C)c2c1[nH]c1ccc3cc(O)ccc3c12,[-0.1792049   0.7227238   0.4926002  -0.45567626  0.26035994]
NNC(=O)c1ccncc1,[-0.21725316  0.8459203  -0.5154323  -0.8059007  -0.17570782]
Cc1cn([C@H]2CCCN(S(=O)(=O)c3ccc(C#N)c(Oc4cccc(Cl)c4)c3)C2)c(=O)[nH]c1=O,[ 0.41798443  0.65053624  0.406591   -0.35653022 -0.3334235 ]
COC(=O)c1ccccc1,[ 0.25250697  0.7980632  -0.7903354  -0.65356076  0.07648318]
CN(CC#N)N=O,[ 0.14068718  0.8168191  -0.77642286 -0.83266157 -0.31725594]
CO/N=C(\C(=O)N[C@@H]1C(=O)N2C(C(=O)O)=CCS[C@H]12)c1csc(N)n1,[-0.02346796  0.43270624 -0.8511711   0.23131476 -0.4962218 ]
CC=Cc1ccc(OCc2ccccc2)c(OC)c1,[ 0.5222423  0.8069595 -1.        -0.8450687 -0.5644743]
CCC1OC(C)SC1=NOC(=O)NC,[ 0.05647558  0.09963188 -0.41531846  0.71116763  0.14006713]
COC(=O)C1=C(C)NC(C)=C(C(=O)OCCN(C)Cc2ccccc2)C1c1cccc([N+](=O)[O-])c1,[ 0.10166876  0.92474985 -0.8410623  -0.85399735  0.28747168]
C=CCN(C(=O)Cn1nc(C)ccc1=O)C(C)Cc1ccccc1,[ 0.63890404  0.68586093 -0.97536916 -0.6195765  -0.3022505 ]
C=CC(=O)OCCOCCOC(=O)C=C,[ 0.10248893  0.9263659  -0.9357742  -0.95114416  0.2754345 ]
N=C(N)Nc1nc(CSCCC(=N)NS(N)(=O)=O)cs1,[ 0.1220976   0.43828675 -0.68314904 -0.74906087 -0.12075347]
C[C@@H]1O[C@@H](O[C@H]2[C@H](Oc3cc(O)c4c(c3)O[C@H](c3ccc(O)cc3)CC4=O)O[C@H](CO)[C@@H](O)[C@@H]2O)[C@H](O)[C@H](O)[C@H]1O,[ 0.4312165  -0.13400996 -0.692827   -0.6904566  -0.08357655]
C[C@H](CO)Nc1nc(SCc2cccc(F)c2F)nc2nc(N)cnc12,[ 0.37154445  0.7258739  -0.559652   -0.99875283 -0.18028346]
C=CN(CC)C(C)=O,[-0.1720375   0.886487   -0.79218805 -0.83896667 -0.46347183]
CN(CCO)Cc1cc(C(=O)c2cccs2)cc(C(C)(C)C)c1O,[ 0.555748    0.20296109 -0.8973857  -0.7482905  -0.4167891 ]
CCCCSCCCC,[ 0.3708819   0.901435   -1.         -0.76721877  0.46329093]
CCN(CC)c1ccc(-c2nc(=O)n(C)nc2-c2ccc(N(CC)CC)cc2)cc1,[-0.0638767   0.18995704 -0.59623826  0.68980646  0.06204797]
CC(NC(C)c1ccccc1)c1ccccc1,[ 0.68789357  0.95795834 -0.7941247  -0.29067814  0.34386954]
NCCNCCNCc1ccccc1O,[-0.00788174  0.8788925  -0.48230958 -0.7928978   0.22172509]
CCCSP(C)(=S)SC(CC(=O)OCC)C(=O)OCC,[-0.23782837  0.6807925  -0.91738224 -0.6861556   0.09625173]
FC(F)(F)c1nc2c(Br)c(Cl)c(Br)cc2[nH]1,[ 0.26497597  0.7396269  -0.7760982  -0.36052433  0.19065563]
C(=NC1CCCCC1)=NC1CCCCC1,[-0.21937276  0.8730067  -0.5235398  -0.69389665 -0.20803446]
C=C(C)C(=O)OCCC[Si](OC)(OC)OC,[-0.12806515  0.8799877  -0.9578809  -0.82137877 -0.27068856]
O=C(O)c1ccccc1C(=O)Nc1cccc2ccccc12,[-0.28371173  0.54268557 -0.9523147  -1.         -0.04018146]
O=[N+]([O-])c1ccccc1Cl,[-0.13409518  0.97202754 -0.85226446 -0.61540586  0.28072283]
CCON=C(CC)C1=C(O)CC(c2c(C)cc(C)cc2C)CC1=O,[-0.03799657  0.2527582  -0.21757858 -0.70460856  0.05659325]
N#CCCOCCC#N,[-0.24034066  0.75904536 -0.6877726  -0.87264705 -0.24416304]
OC[C@@H]1CC[C@H](n2cnc3c(O)ncnc32)O1,[ 0.3026344   0.7435666  -0.0640541  -0.0729018  -0.10236311]
CCC(C)OP(=S)(OC)OC,[ 0.21350119  0.80766696 -0.76090467 -1.         -0.09599555]
CC[C@H](CO)NC(=O)[C@H]1C=C2c3cccc4[nH]cc(c34)C[C@@H]2N(C)C1,[ 0.11082035  0.73825413 -0.61730486 -0.92341906 -0.32454887]
CC(C)(C(=O)O)S(C)(=O)=O,[ 0.37956056  0.48600918 -0.5428786   0.14885876  0.07881287]
O=C(Cl)c1cccc(C(=O)Cl)c1,[ 0.22764589  0.24131225 -0.73382473 -0.89084363 -0.1220243 ]
COc1ccc2c(O[C@@H]3C[C@H]4C(=O)N[C@]5(C(=O)NS(=O)(=O)C6CC6)C[C@H]5/C=C\CCCCN(C)C(=O)[C@@H]4C3)nc(-c3ccc(F)cc3)nc2c1C,[ 0.55015886  0.64338696 -0.9075672  -0.7666501   0.06012147]
COC(=O)C(C)NP(=O)(OC[C@@H]1C=C[C@H](n2cc(C)c(=O)[nH]c2=O)O1)Oc1ccc(I)cc1,[ 0.33727708  0.9508083  -0.7528089  -0.7919342  -0.10578882]
FC(F)(F)c1nc2cc(Br)c(Cl)cc2[nH]1,[ 0.35309517  0.72514844 -0.67726874 -0.34821537  0.2391391 ]
C[C@@H]1NC(=O)[C@@H](C)NC(=O)[C@H](C)N(C)C(=O)[C@@H](C)N(C)C(=O)[C@@H](C)NC(=O)[C@H](C)N(C)C1=O,[-0.38545302  0.7504317  -1.         -0.8283687   0.33932298]
Fc1cc(-c2cccc3ncc(-c4cnn(C5CCNCC5)c4)nc23)cc(F)c1CN1CCOCC1,[ 0.34411007 -0.07436263 -0.81215173 -0.16154148  0.10696477]
C[C@H](Cc1cccc(CC(=O)NC23CC4CC(CC(C4)C2)C3)c1)NC[C@H](O)c1ccc(O)c(CO)c1,[ 0.15220757  1.         -0.7680863   0.05617099 -0.5150345 ]
CC(C)OC(=O)C(C(=O)OC(C)C)=C1SCCS1,[ 0.42161074  0.63210374 -1.          0.12760969 -0.11873376]
C=COC(=O)CCCCCCC,[-0.2950525   0.97957504 -0.96089065 -0.37654155 -0.25088832]
C/C([O-])=C(\C#N)C(=O)Nc1ccc(C(F)(F)F)cc1,[ 0.3771779  0.4733707 -0.6642924 -0.8353715 -0.1348642]
CC(C)(C)c1nnc(NS(=O)(=O)c2ccccc2)s1,[ 0.3311478   0.99719906 -0.9168669  -0.37205043  0.30060825]
C=CCn1c(N)cc(=O)n(CC)c1=O,"[-8.7269515e-02 -3.8282983e-02 -2.9459220e-01 -8.5959035e-01
  5.6906301e-04]"
C=CCNC(=O)C(=O)C(CCC)NC(=O)C1CC2CN1C(=O)C(C1CCCCC1)NC(=O)Cc1cccc(c1)OCCC(C)(C)O2,[ 0.47281733  0.73649544 -0.8451845  -0.767575   -0.3302985 ]
N#CSCCSC#N,[-0.27163476  1.         -1.         -0.8745405  -0.28539744]
O=[N+]([O-])c1ccc(Nc2ccccc2)c(S(=O)(=O)O)c1,[ 0.2310824   0.10185625 -0.49877504 -0.5897602   0.269113  ]
CCNc1nc(NCC)nc(OC)n1,[ 0.29844543  0.64184487 -0.4828192  -1.         -0.32411125]
Cc1cnc(C)c(C)n1,[ 0.00692405  0.78548944 -1.         -0.33458602  0.03298083]
Cc1ccc2c(c1)c(S(=O)(=O)c1ccc(Cl)cc1)c(C)n2CC(=O)O,[ 0.21887948  0.0199495  -0.65797675 -0.37612462 -0.13498703]
NCCNCc1ccccc1O,[-0.56063247  0.59152126 -0.8284557  -0.29866946  0.07918824]
CC(C)(C#N)C(C)(C)C#N,[ 0.0743289   0.9202525  -1.         -0.91201866 -0.4195764 ]
C=CC(=O)Nc1ccc(O)cc1,[-0.03340482  0.4984153  -0.7998319  -0.930763   -0.39465126]
C1COCCOCCNCCOCCOCCN1,[ 0.56148416  0.40685326 -0.8147142  -0.60758746  0.20755793]
CCCCC(CC)CNCC(C)(N)CN(C)CC(CC)CCCC,[ 0.14927533  0.30323738 -0.6980531   0.60717946  0.0904211 ]
C1=CCCC=CCCC=CCC1,[-0.00335479  0.6975109  -0.8244604  -0.88177276 -0.39088112]
CCC(=O)OCc1ccc(OC)cc1,[ 0.39611003  0.10600918 -0.3469919  -0.8178805   0.1437142 ]
Cc1c(Sc2ccc(Cl)cc2)c2c(-c3cnccn3)cccc2n1CC(=O)O,[-0.47182682  0.5211024  -0.7113725  -0.6179602  -0.2116989 ]
CN1C[C@@H]2c3ccccc3Oc3ccc(Cl)cc3[C@H]2C1,[ 0.12741545 -0.04324434 -0.7042063  -0.5485687  -0.41070047]
C=CCc1cc(OC)c(OC(C)Cc2cc(OC)c(OC)c(OC)c2)c(OC)c1,[-0.26322305  0.9087295  -0.8135325  -0.638429   -0.25584567]
C=C[Si](OC)(OC)OC,[ 0.19335093  0.7848094  -0.53446    -1.         -0.4932812 ]
Cc1cc(Nc2nc(N[C@@H](C)c3ccc(F)cc3)ncc2Cl)n[nH]1,[ 0.21215588  0.6662986  -0.6770216  -0.84960115 -0.40774494]
CN(c1ccc(F)cc1F)c1c([N+](=O)[O-])cc([N+](=O)[O-])cc1C(F)(F)F,[-0.05314829  0.11328232 -0.7650173  -0.9309731   0.7451297 ]
O=NN1CCCCC1,[ 0.04618862  0.8630318   0.71896136  0.03040348 -0.24541488]
CC[C@H](C)[C@H](NC(=O)[C@H](CCC(=O)[O-])NC(=O)[C@H](CCC(=O)[O-])NC(=O)[C@H](Cc1ccccc1)NC(=O)[C@H](CC(=O)[O-])NC(=O)CNC(=O)[C@H](CC(N)=O)NC(=O)CNC(=O)CNC(=O)CNC(=O)CNC(=O)[C@@H]1CCCN1C(=O)[C@H](CCCNC(N)=[NH2+])NC(=O)[C@@H]1CCCN1C(=O)[C@H]([NH3+])Cc1ccccc1)C(=O)N1CCC[C@H]1C(=O)N[C@@H](CCC(=O)[O-])C(=O)N[C@@H](CCC(=O)[O-])C(=O)N[C@@H](Cc1ccc(O)cc1)C(=O)N[C@@H](CC(C)C)C(=O)[O-],[ 0.0735888   0.38308993 -0.40593603 -0.8308575  -0.03557371]
CC(=O)N(C)C,[ 0.37548578  0.68107307 -0.8424281  -0.61912787  0.49628592]
CCN1C(=O)NC(c2ccccc2)C1=O,[ 0.25743645  0.6358959  -0.20600502 -0.4801064  -0.22342077]
CCCP(=O)(CCC)CCC,[-0.08124477  0.73736835 -0.8462421  -0.63414663  0.6206554 ]
CC(O)C(Cl)(Cl)Cl,[-0.11037657  0.83024764 -0.39009273  0.443861    0.37793   ]
O=C(O)CCC(=O)c1ccc(-c2ccccc2)cc1,[ 0.1377149   0.9128192  -1.         -0.8546105   0.85278267]
ClC1=C(Cl)C(Cl)(C2(Cl)C(Cl)=C(Cl)C(Cl)=C2Cl)C(Cl)=C1Cl,[ 0.01301291  0.7654956  -0.85616505 -0.7882469   0.7743637 ]
C1CCC2CCCCC2C1,[ 0.21918613  0.93034804 -0.80391234 -1.          0.31255892]
CCN[C@@H]1C[C@H](N)[C@@H](O[C@H]2OC(CN)=CC[C@H]2N)[C@H](O)[C@H]1O[C@H]1OC[C@](C)(O)[C@H](NC)[C@H]1O,[ 0.00275619  0.66947347 -0.5512094  -0.84455276  0.32251504]
CSCCNc1nc(SCCC(F)(F)F)nc2c1ncn2C1OC(COP(=O)([O-])OP(=O)([O-])C(Cl)(Cl)P(=O)([O-])[O-])C(O)C1O,[-0.5519714   0.7749165  -0.79821575 -0.22610064 -0.22065042]
COP(N)(=O)SC,[-0.11707089  0.82102036 -0.88789743 -0.73414695  0.40487483]
Cc1cccc(C)c1CCNC(N)=O,[-0.19887137  0.9229708  -0.7241686  -0.6526713   0.4485658 ]
CCCSP(C)(=S)Oc1ccc(Cl)cc1Cl,[ 0.59287435  0.790991   -0.69315535 -0.4351861  -0.3615305 ]
Cc1ccc(N=C=O)cc1,[ 0.382228    0.2916295  -0.7593088  -0.33853352  0.7035145 ]
CCCCCCCC[Si](OCC)(OCC)OCC,[ 0.20487036 -0.03321269 -0.5832636  -0.3786624   0.62119776]
CCCOC(=O)c1ccc(C(=O)OCCC)nc1,[ 0.19183698  0.07120394 -0.38378352 -0.95250124 -0.13806596]
NC(=O)Nc1cccc2c3c([nH]c12)CCCC3,[ 0.5101401   0.37498397 -0.88049    -0.24110089  0.02461736]
Clc1ccc(C2(Cn3cncn3)OCCO2)c(Cl)c1,[-0.2965179  -0.38240543 -0.36833587 -0.5583741   0.12095593]
CCOP(=O)(Cl)Cl,[ 0.35501382  0.87346745 -0.77896965 -0.40514633 -0.04929001]
Cc1cc(Cl)ccc1OCC(=O)O,[ 0.31796494  1.         -1.         -0.75664514  0.25448227]
CC1CCC2(O)C3(C)CC4(O)OC2(C1O)C1(O)C3(O)C(OC(=O)c2ccc[nH]2)C(O)(C(C)C)C41C,[ 0.1346225   0.7790822  -0.8593659  -0.97604036  0.12627365]
O=C(O)COc1ccc(Cl)cc1CN1CCN(S(=O)(=O)Cc2ccccc2)CC1,[ 0.38382733  0.73066354 -0.6915327  -0.5363025   0.00886102]
NS(=O)(=O)c1cc2c(cc1Cl)NC(C(Cl)Cl)NS2(=O)=O,[ 0.19960696  0.6207253  -0.94390804 -0.6159943   0.10587911]
COc1cc2ncc(C(N)=O)c(Nc3ccc(C)cc3F)c2cc1OC,"[ 1.8720344e-01  6.9559163e-01 -6.2192708e-01 -9.7199118e-01
  9.8169490e-05]"
Cc1ncc(C[n+]2csc(CCO)c2C)c(N)n1,[ 0.19079378  0.4968854  -1.         -0.83076507  0.3196269 ]
N#Cc1cc(Br)c(O)c(Br)c1,[ 0.292412    0.95126593 -0.84243035 -0.3161916   0.04325442]
N#CC(c1ccccc1)c1ccccc1,[ 0.4269713   0.571655   -0.767702   -0.509156    0.00161573]
CNc1c(C(N)=O)cnc2[nH]c(-c3ccc(OCCN4CCOCC4)cc3)nc12,[ 0.22032878  0.63719237 -0.7488864  -1.          0.0060388 ]
O=CCc1ccccc1,[ 0.10396696  0.5500685  -0.8548693   0.14749674 -0.0682199 ]
CNC(=O)Oc1cccc2c1OC(C)(C)O2,[ 0.0726635  0.5659552 -0.7876619 -1.         0.295612 ]
CCOC(=O)C1OC1c1ccccc1,[ 0.25679952  0.8044368  -0.6413227  -0.60516596  0.05296936]
CCOP(=O)(OCC)N(C)c1ccccc1,[ 0.4407231   0.7894445  -0.7419595   0.33608177  0.27081951]
FC1(F)CC(C2CC3(Cl)C(Cl)=C(Cl)C2(Cl)C3(Cl)Cl)C1(F)F,[ 0.75171995  0.37756982 -0.8495452   0.16816013 -0.19870543]
CCOC(=O)C(CCc1ccccc1)NC1CCc2ccccc2N(CC(=O)O)C1=O,[ 0.18214238  0.7378744  -0.81744516 -0.5252565  -0.5369365 ]
CCOC(C)=Cc1oc2ccccc2[n+]1CCCS(=O)(=O)[O-],[ 0.1873855  0.628703  -0.7517783 -0.5146105  0.8835362]
Oc1c(Cl)c(Cl)cc2[nH]c(C(F)(F)F)nc12,[ 0.33466247  0.863435   -1.         -0.48113897 -0.1492876 ]
CC(C)(C)c1cc(O)ccc1O,[ 0.33641693  0.879195   -0.6760372   0.6691247   0.10028724]
CCCCOCCOCCCC,[ 0.70432377  0.95672137 -1.         -1.          0.00604169]
CC#CN(CC)CC,[ 0.31335673  0.70288783 -0.90809935 -0.6758225  -0.09589176]
COCCN(c1cccnc1)P(=O)(c1ccccc1)c1ccccc1,[ 0.6843593   0.9593768  -0.61488867 -0.46195325 -0.19655316]
Nc1cc2c(cc1C1CCCCC1)CCC2C(=O)O,[ 0.35982874  0.17221437 -0.9996763  -0.19355552 -0.25288725]
CC(=O)NCCCS(=O)(=O)[O-],[ 0.10794397  0.6766534  -0.5378207  -0.9425194  -0.08380958]
NC(=O)[C@H](Cc1ccccc1)NC(=O)OCc1ccccc1,[ 0.424383    0.93417495 -0.83901924 -0.7698494   0.3488363 ]
c1ccc2[nH]c(-c3cscn3)nc2c1,[ 0.51270634  0.7067576  -0.4315174  -0.5256696  -0.0420867 ]
C=CCOc1ccccc1OCC(CNC(C)C)OC(=O)C1CC1,[-0.10192718  0.23859967 -0.8599719  -0.81225914 -0.1501713 ]
CC(=O)N(C)c1ccc(Nc2ncc3cc(-c4ccncc4)ccc3n2)cc1,[ 0.04241626  0.82796043 -0.3357661  -0.73795617 -0.00165388]
C=C(C)C(=O)OC=C(C)C,[ 0.40925682  0.39737257 -0.21082404 -0.738141   -0.5581851 ]
CCCC1CC(C(=O)NC(C(C)Cl)C2OC(SC)C(O)C(O)C2O)[NH+](C)C1,[ 0.4203802   0.79602695 -0.10043646  0.07220007  0.1819517 ]
CNC(=O)c1[nH]cnc1C(=O)Nc1ccc(OC)cc1,[-0.01180478  0.87418675 -0.3389125  -0.6161665   0.09696554]
ClCC1CO1,[ 0.35266438  0.598274   -0.70802003 -0.8711835  -0.2102401 ]
CCCCN(CCCC)CCCC,[-0.01443601  0.8372785  -0.72265047 -0.7051994  -0.50342417]
CCOC(=O)c1noc(C)c1C(C)=O,[ 0.49199167 -0.40332326 -0.8710255  -0.893241   -0.01459254]
CC1CCC(C(C)C)C(O)C1,[-0.03418861  0.86734855 -0.83992016 -0.7092297  -0.20770149]
C=CC(=O)OC1CC2CCC1C2,[ 0.42601725 -0.67440265 -0.6697182  -0.43847695 -0.04526899]
CCN(CC)CCNC(=O)c1cc(Br)c(N)cc1OC,[ 0.01999363  0.79086155 -0.8417101  -0.69481355 -0.38968956]
CC(C)(C)CNC(=S)Nc1cccnc1,[-0.20249249  0.8658284  -0.20510519 -0.79589486 -0.23028824]
COc1cc(OC)c(S(=O)(=O)NCc2ccccc2N2CCCCC2)cc1NC(=O)CCC(=O)O,[ 0.6371812   0.6810037  -0.64766455 -0.57954305 -0.0589407 ]
c1cc2c(c(N3CC[NH2+]CC3)c1)OCCO2,[ 0.29152516  0.8385006  -0.3411287  -0.8183829   0.33771873]
c1ccc(COCc2ccccc2)cc1,[-0.17785649  0.89524174 -0.908376   -0.63264555 -0.06301937]
CC[C@H]1OC(=O)[C@H](C)[C@@H](O[C@H]2C[C@@](C)(OC)[C@@H](O)[C@H](C)O2)[C@H](C)[C@@H](O[C@@H]2O[C@H](C)C[C@H](N(C)C)[C@H]2O)[C@](C)(O)C[C@@H](C)C(=O)[C@H](C)[C@@H](O)[C@]1(C)O,[-0.2518164   0.65819216 -1.         -1.          0.12328301]
COC(CN1CCN(CCC(O)c2ccccc2)CC1)c1ccccc1,[-0.11670531  0.67747134 -0.88011914 -1.         -0.16726229]
O=C(OCC1CO1)c1ccccc1C(=O)OCC1CO1,[ 0.67061174  0.23280534 -1.         -0.6660634   0.30959797]
Clc1ccc(N2N=NC3C4CC(C5N=NC45)C32)cc1,[ 0.23729824  0.6854298  -1.         -0.72532296 -0.22568463]
CCCCCCCCC1OC1CCCCCCCC(=O)OCC1(CC)OC1CCC,[-0.41860864  0.53093606 -0.8822823  -0.5327051  -0.39904174]
CCOC(=O)CCC1(CCC(=O)OCC)c2ccccc2-c2ccccc21,[ 0.1137719   0.8059604  -0.77826816 -0.6717501  -0.52873963]
Cc1cc(C)c(C)cc1C,[ 0.5419686   0.9348457  -0.13375515 -0.938018   -0.0686807 ]
O=C(C(F)(F)Cl)C(F)(F)Cl,[-0.11955056  0.94351584 -1.         -0.55789864  0.68040353]
C=CC[N+]1([C@H]2C[C@H]3[C@@H]4CC[C@H]5C[C@H](O)[C@@H](N6CCOCC6)C[C@]5(C)[C@H]4CC[C@]3(C)[C@H]2OC(C)=O)CCCC1,[ 0.150332    0.8881778  -0.76198894 -0.7365686  -0.2584192 ]
C[NH2+]C(C)C1CCC(N)C(OC2C(N)CC(N)C(OC3OCC(C)(O)C([NH2+]C)C3O)C2O)O1,[-0.01952343  0.918061   -0.58251476 -0.499061   -0.39006278]
O=C(Nc1ccc(Cl)c(C(=O)Nc2cccnc2)c1)c1cccc(C(F)(F)F)c1,[ 1.          0.7510245  -0.6849915  -0.32332176 -0.5003228 ]
COc1cc2nc(N3CCN(C(=O)C4COc5ccccc5O4)CC3)nc(N)c2cc1OC,[-0.00921576  1.         -0.5174498  -0.42955554 -0.28443688]
c1ccc2sc(SNC3CCCCC3)nc2c1,[ 0.10208876  0.83942753 -0.7461179  -0.40357152 -0.386917  ]
Fc1cc2nc(C(F)(F)F)[nH]c2cc1Cl,[ 0.09628036  0.7439399  -0.77554137 -0.72933704 -0.48168314]
C[C@@](N)(Cc1ccc(O)c(O)c1)C(=O)O,[ 0.16164188  0.9687834  -0.44971213 -0.8375915  -0.26079163]
O=CC1=CCCCC1,[ 0.15602732  0.8788821   0.49885252 -0.4381995   0.11026424]
CCP(=O)(OC)SC,[-0.05131295  0.8626351  -1.         -0.9453408  -0.4346165 ]
CC[C@@H]1OC(=O)[C@@H](C)[C@H](O[C@@H]2C[C@](C)(OC)[C@H](O)[C@@H](C)O2)[C@H](C)[C@H](O[C@@H]2O[C@H](C)C[C@H](N(C)C)[C@H]2O)[C@@](C)(O)C[C@@H](C)/C(=N\OCOCCOC)[C@H](C)[C@@H](O)[C@@]1(C)O,[ 0.6599625   0.80484086 -0.6297603   0.6350532  -0.02825672]
CCOC(=O)c1c(C)cc2c(CO)n[nH]c(=O)c2c1C,[ 0.5207469   0.722582   -0.7282384  -0.50962114  0.10184917]
CC(=O)c1ccc2c(c1)N1C(=O)OCC1CC2,[ 0.31069943  0.88136905 -0.7072502  -1.         -0.70785904]
CCC(=O)N(c1ccccc1)C1CC[NH+](CCc2ccccc2)CC1,[-0.31189582  0.8704263  -0.46927932 -0.38174227 -0.3586191 ]
NC(=[NH2+])NCCCCC1NC(=O)CCSSCC(C(N)=O)NC(=O)C2CCCN2C(=O)C(Cc2c[nH]c3ccccc23)NC(=O)C(CC(=O)[O-])NC(=O)CNC1=O,[ 0.5892469   1.         -1.         -0.39849398 -0.17590377]
C[C@H](CO)Nc1nc(SCc2cccc(F)c2F)nc2[nH]c(=O)cnc12,[ 0.40389612  0.69723344 -0.78839946 -0.69890636 -0.16524553]
O=C(CCC(=O)OC1CCCCC1)OC1CCCCC1,[ 0.06658397  0.6121887  -0.42205748 -0.12817122  0.08888448]
CC(C(N)=O)(c1ccccc1)c1ccc(N)cc1,[ 0.02948511  0.9693505  -0.8452874  -1.         -0.28437874]
CC1(C)C(=O)N(CO)C(=O)N1CO,[ 0.25879315  0.6867552   0.13520274 -0.156893   -0.37614304]
O=C(COc1ccc(Cc2ccc(Cl)cc2)cc1)OCc1cccnc1,[-0.12435805  0.8025859  -0.78266    -0.8010507  -0.5360281 ]
NCC1CCC=CO1,[-0.41088888  0.58498776 -0.7130101  -0.9918418   0.24311982]
CC(C)Nc1nc(Cl)nc(NC(C)C)n1,[ 0.44537377  0.8685428  -0.88103306 -0.74127513  0.04644646]
C=CC(=O)OCCOC(=O)CC(C)=O,[ 0.10585581  0.63706344 -0.5861666   0.0895203   0.93975824]
CCCC(=O)OC1(C(=O)COC(=O)CC)CCC2C3CCC4=CC(=O)CCC4(C)C3C(O)CC21C,[-0.35044888  0.51169264 -0.77625984 -0.7141793   0.3266109 ]
CCCc1nnc(CSP(=S)(OCC)OCC)o1,[ 0.6296985   0.9147619  -0.94693404  0.05770215 -0.33047628]
O=S(=O)(O)c1ccc2cc(Nc3cccc4c(O)c(S(=O)(=O)O)ccc34)ccc2c1O,[ 0.16132963  0.5688897  -0.5239571  -0.7400638  -0.48199034]
CC=C(C(=O)NC(N)=O)C(C)C,[ 0.4341927   1.         -0.5895752  -0.02900415 -0.03498252]
CCOC(=O)Nc1ccc(NCc2ccc(F)cc2)cc1N,[-0.7032466   0.8092246  -0.7589683  -0.7410477   0.00259966]
CNC(=O)Oc1ccc(CCC#N)cc1,[ 0.31730446  0.88840884 -0.6840151  -0.5590117   0.2808311 ]
CC(C)(C)NCCC(O)c1cc(C(F)(F)F)nc2c(C(F)(F)F)cccc12,[ 0.3456445   0.3079072  -0.42513674 -0.54841673 -0.03088699]
CC1CCCCC1NC(=O)Nc1ccccc1,[ 0.26865965  0.8289391  -0.60798764 -0.7567137  -0.6317269 ]
Cc1cc(Nc2nc(N[C@@H](C)c3ccc(F)cn3)c(C#N)cc2F)n[nH]1,[ 0.34800372  0.3119461  -0.90139407 -0.78241956 -0.21627498]
CC(=O)OC12COC1CC(O)C1(C)C(=O)C(O)C3=C(C)C(OC(=O)C(O)C(NC(=O)OC(C)(C)C)c4ccccc4)CC(O)(C(OC(=O)c4ccccc4)C21)C3(C)C,[-0.14574336  0.36392784 -0.84001696 -0.8802866  -0.21644501]
CCCCOP(=O)(O)OCCCC,[ 0.47639623  0.21029069 -0.6414529  -0.89444375 -0.1218535 ]
CCCCOCC1CO1,[-0.18937087  0.39900193 -0.943765   -0.9206781  -0.07163627]
CSc1ccc(C(=O)c2[nH]c(=O)[nH]c2C)cc1,[ 0.49810573 -0.579066   -0.7831497  -0.79711574 -0.01679444]
C[C@]12C[C@H](O)[C@H]3[C@@H](CCC4=CC(=O)CC[C@@]43C)[C@@H]1CC[C@]2(O)C(=O)CO,[ 0.13899289  0.188941   -0.31732935 -0.37554803 -0.9778538 ]
COCc1ccc2c(C(C(=O)NS(=O)(=O)c3ccc(C)cc3OC)c3ccc4c(c3)OCO4)cn(C)c2c1,[ 0.18357219  1.         -0.8197787  -0.92855555 -0.01788892]
O=C1c2cccc(S(=O)(=O)O)c2C(=O)c2c1cccc2S(=O)(=O)O,[ 0.531776    0.6418505  -0.62436104 -0.79346067 -0.07745287]
CC1CCCCOC1=O,[ 0.65221566 -0.9362047  -0.4729577  -1.         -0.3069671 ]
COc1ccc2ncc(F)c(CCN3CCC(NCc4cc5c(cn4)OCCO5)CC3)c2n1,[ 0.08241127  0.88349396  0.56671005 -0.6754259   0.4330048 ]
C/C=C/CC(C)C(O)C1C(=O)NC(CC)C(=O)N(C)CC(=O)N(C)C(CC(C)C)C(=O)NC(C(C)C)C(=O)N(C)C(CC(C)C)C(=O)NC(C)C(=O)NC(C)C(=O)N(C)C(CC(C)C)C(=O)N(C)C(CC(C)C)C(=O)N(C)C(C(C)C)C(=O)N1C,[ 0.03831281  0.86965895 -0.83088374 -0.9917375  -0.11601489]
C=C(OP(=O)(OC)OC)c1ccc(Cl)cc1Cl,[ 0.05158744  0.85773665 -0.77111006 -0.47530943  0.3791172 ]
Nc1nc(-c2ccccn2)nc(N)c1Cc1ccc(Cl)cc1Cl,[ 0.02088589  0.8860084  -0.6257422  -0.46166927 -0.12932594]
CC(C)Cn1c(=O)n(C)c(=O)c2c(C(=O)N3CC[C@@H](O)C3)c(Cc3c[nH]c4ccccc34)sc21,[ 0.45064312  0.9161167  -1.         -0.2974645  -0.02160851]
COc1ccc(C(=O)Nc2ccccc2CCC2CCCCN2C)cc1,[ 0.3565782   0.76365584 -0.56175023 -1.          0.81307966]
CCCN(N=O)C(N)=O,[ 0.08101414  0.8374243  -0.43458295 -1.          0.10639596]
O=C([O-])c1cc(N=Nc2ccc(S(=O)(=O)Nc3ccccn3)cc2)ccc1O,[-0.14554745  0.8318361   0.15982799 -0.8522469  -0.22332653]
CC(C)=CCOC(=O)c1ccccc1,[ 0.36424005  1.         -0.6991357  -0.5299934  -0.02439665]
O=C1CC(N2C(=O)c3ccccc3C2=O)C(=O)N1,[-0.08427723  0.14870164 -0.64975023 -0.5641746   0.01382568]
CC1CCCCN1N=O,[ 0.10071351 -0.36966732 -0.798565   -0.8013      0.26851138]
c1ccc([C@H]([C@@H](c2ccccc2)N2CCCCC2)N2CCCCC2)cc1,[-1.          0.7090402  -0.59181947 -0.5754462   0.35015023]
CN(CCCl)CCCl,[ 0.14742056  0.84084636 -0.6139994  -1.          0.1376524 ]
CC(C)c1cccc(C(C)C)c1O,[ 0.1303958   0.34075308 -0.22421281 -0.511637    0.03807471]
S=c1[nH]cnc2nc[nH]c12,[-0.41976583  0.86189586 -0.99729055 -1.         -0.07096671]
Cc1nccc(-c2ccc(-c3nc4ccncc4c(O)c3C#N)cc2)c1Cl,[ 0.42034736  1.         -0.35300565 -0.48440278  0.11883136]
Cc1cc(OC(=O)N(C)C)n(-c2ccccc2)n1,[-0.17882332  0.833715   -0.63476783 -0.79757243 -0.13120838]
C=CC[NH+]1CCCC1CNC(=O)c1cc(S(=O)(=O)NC)c(N)cc1OC,[-0.08497905  0.64696234 -0.17247705 -0.6580958  -0.19593504]
O=C(Nc1ccccc1-c1ccccc1)OC1CCN(CCCCCCCCCNC[C@H](O)c2ccc(O)c3[nH]c(=O)ccc23)CC1,[ 0.81538665  0.8033461  -0.8482806  -0.71917284 -0.3963069 ]
O=c1c2nocc2c(-c2ccccc2)nn1-c1ccccc1,[-0.49814147 -0.2178681  -0.29406327 -0.76939934  0.01212874]
CN(C)c1ccc(O)c2c1CC1CC3C([NH+](C)C)C([O-])=C(C(N)=O)C(=O)C3(O)C(O)=C1C2=O,[ 0.02700091  0.7454619  -0.81741464 -0.7099137  -0.42156363]
CCCCn1c(=O)n(CCC)c(=O)c2[nH]c(C)nc21,[ 0.3224426  -0.12222209 -0.6074244  -0.30622402  0.03381341]
Cc1ccc(NC(=O)c2ccc(Cl)c(C(F)(F)F)c2)cc1C(=O)Nc1cccnc1,[ 0.56605005  0.19468907 -0.66550034 -0.6306664   0.03407468]
Nc1ccc([N+](=O)[O-])cc1N,[ 0.2904149   0.9295448  -0.84814626 -0.5522408  -0.22308938]
COC(=O)c1cc(Oc2ccc(Cl)cc2Cl)ccc1[N+](=O)[O-],[-0.2691812   0.6350065  -0.94833    -0.8367459  -0.15895674]
CC(C)CCI,[ 0.2768933   0.82909614 -0.7952487  -0.6605038  -0.48291403]
Cn1cnc(S(=O)(=O)N(CCN(Cc2cncn2C)c2ccc(C#N)cc2)Cc2ccccc2)c1,[-0.2372658   0.8288611  -0.8449836  -0.76375526  0.00919831]
O=C(Oc1ccccc1)c1ccccc1C(=O)Oc1ccccc1,[ 0.3403152   0.2774841  -0.7833702  -0.5723452   0.02811442]
C#CC(C)(C)O,[ 0.58714795  0.6740614  -1.         -0.2383155  -0.35425785]
Nc1cccc(N)c1,[-0.08864678  0.7904156  -1.         -0.84102315 -0.10687509]
O=C1C(Cl)C(CCl)CN1c1cccc(C(F)(F)F)c1,[ 0.10776712  0.7841755  -1.          0.37419617  0.59995073]
CCCC(=O)c1ccc(N)cc1,[ 0.48879483  0.60593885 -0.9152379  -0.7836715  -0.40227655]
CC(=O)C1(O)Cc2c(O)c3c(c(O)c2C(OC2CC(N4CC4)C(OS(C)(=O)=O)C(C)O2)C1)C(=O)c1ccccc1C3=O,[-0.0850918   1.         -0.6887163  -0.5611852  -0.30609232]
O=C(OCC(COC(=O)c1ccccc1)(COC(=O)c1ccccc1)COC(=O)c1ccccc1)c1ccccc1,[ 0.1717463  -0.82517904 -0.82756066 -0.51931214 -0.21924841]
Cc1c(-c2c(C)c(N)c3c(C(C)C)c(O)c(O)c(C=O)c3c2O)c(O)c2c(C=O)c(O)c(O)c(C(C)C)c2c1N,[-0.24726449  0.03592081 -0.29927167 -0.67023057 -0.35417977]
CC(C)NCC(O)COc1cccc2ccccc12,[ 0.2730319   0.9953514  -0.8260361  -0.76424676 -0.48115864]
O=C1C(Cc2ccccc2)C(=O)N(c2ccccc2)N1c1ccccc1,[ 0.4641661   0.89718086 -1.         -0.90057683  0.2839129 ]
O=C(NCC12CC3CC(CC(C3)C1)C2)c1cc(-n2ncc(=O)[nH]c2=O)ccc1Cl,[ 0.25315753  0.5509751  -0.63601446 -0.5752458  -0.03639482]
CCC(=O)OC1CCC2C3CCC4=CC(=O)CCC4(C)C3CCC12C,[ 0.20801057  0.5719937  -0.7066142  -0.60811263  0.80338407]
COC(C)CC(=O)O,[ 0.23861335  0.76235807 -0.72329265 -0.72588813 -0.08109803]
ClCCCBr,[ 0.03060553  0.8209552   0.40885055 -0.7769593  -0.16503249]
C[C@@H](NC(=O)C1CCCCN1C)c1ccc(Nc2ncc3cc(-c4ccncc4)ccc3n2)cc1,[ 0.13202663  0.8271098  -0.8135995  -0.60116035 -0.14847054]
CC1CS(=O)(=O)CCN1N=Cc1ccc([N+](=O)[O-])o1,[ 0.72641283  0.5606731  -0.47430226 -0.42390302  0.08620089]
COc1cc(OC)c(S(=O)(=O)N(c2ccccc2)C(C)C)cc1NC(C)=O,[-0.26584825  0.32912472 -0.6429843  -1.         -0.2039203 ]
COc1cc2ncnc(Nc3ccc(F)c(Cl)c3)c2cc1NC(=O)/C=C/CN1CCCCC1,[ 0.333069    0.7806108  -0.61795694 -0.60766953 -0.39230186]
CC(C)(C)c1ccc(OP2OCC3(CO2)COP(Oc2ccc(C(C)(C)C)cc2C(C)(C)C)OC3)c(C(C)(C)C)c1,[-0.04331397  0.26006526 -0.2735176  -0.43450108  0.24349724]
C1=CC2C3C=CC(C3)C2C1,[-0.02256326  1.         -0.9486757  -1.         -0.4685854 ]
CNC(=O)Nc1nnc(C(C)(C)C)s1,[-0.2886933   0.82698965 -0.88042015 -0.83066416 -0.05979403]
CCOC(=O)CCC[Si](C)(OCC)OCC,[ 0.5070217   0.8949712  -0.59586984 -0.41296765 -0.0870504 ]
OCCOCCCl,[-0.02695537  0.8195018  -0.8905638  -0.9715867  -0.19859311]
c1ccc2c(c1)CC(N1CCN(c3cccc4c3OCCO4)CC1)C2,[ 0.05434604  0.8817848  -0.73410535 -0.66358113 -0.12031303]
C=CCNC(=S)Nc1ccccc1,[-0.40221986 -0.857745   -0.69199824 -0.25557202  0.01346327]
CCOC(=O)C=Cc1ccc(Cl)cc1,[-0.13652787  0.17642999 -0.6954385  -0.04823035 -0.00133629]
Cc1nc(C(F)(F)F)ccc1C(=O)Nc1ccc(Cl)c(-c2ccccn2)c1,[-0.11905441 -0.53138465 -0.966076   -0.24720885 -0.03263471]
CC(=O)OO,[-0.1881196   0.6599323  -0.08228295 -0.49626595  0.02632136]
O=C1CC2(CCCC2)CC(=O)N1CCCCN1CCN(c2ncccn2)CC1,[-0.23969503  0.89935017 -0.75295997 -0.76732904  0.34056202]
Cc1nn(C)c(Oc2ccccc2)c1C=NOCc1ccc(C(=O)OC(C)(C)C)cc1,[ 0.10267794 -0.78054905 -0.5880472  -0.5040909   0.4095677 ]
CN[C@@H](C)[C@@H](O)c1ccccc1,[ 0.15683408 -1.          0.34024778 -0.5581226   0.41291073]
CCCCOP(=O)(OCCCC)Oc1ccccc1,[-0.0626055   0.09155739 -0.87136936 -0.82503587  0.16306423]
CC(C)CCOC(CO)CC(C)C,[ 0.1551697   0.502289   -0.57071334 -0.72395855 -0.021576  ]
C=C(Cl)C#N,[-0.20740639  0.91997397 -0.8088064  -0.27807713 -0.37678674]
CCOC(=O)CCN(SN(C)C(=O)Oc1cccc2c1OC(C)(C)C2)C(C)C,[-0.63082165  0.8977039  -0.8011093  -0.7719442  -0.12103982]
CCCCC(CC)COCCC#N,[ 0.19106424  0.79946816 -0.41161346 -0.7694418   0.58981955]
CN1CCCCC1CCN1c2ccccc2Sc2ccc(S(C)=O)cc21,[ 0.3168017  -0.34167737 -0.8142433  -0.9301979  -0.01318072]
COc1cc(C2c3cc4c(cc3C(OC3OC5COC(C)OC5C(O)C3O)C3COC(=O)C23)OCO4)cc(OC)c1O,[-0.11643445 -0.3335523  -0.29688984 -1.         -0.11913122]
CCN(CC)c1ccc2c(C)cc(=O)oc2c1,[ 0.2336283   0.42034873 -0.76740515 -0.6385389   0.7682646 ]
COc1ccc(N)c([N+](=O)[O-])c1,[ 0.16832648  0.8951296  -0.7761686  -0.9940079  -0.02718435]
O=[N+]([O-])c1cc(Cl)c2nc(C(F)(F)F)[nH]c2c1,[ 0.21907663  0.60969174 -0.92680204 -0.929781    0.09864044]
CN(C)CCC=C1c2ccccc2CCc2ccccc21,[ 0.31206506  0.31595162 -0.4375704  -0.44781783  0.41636792]
C1=CC2C=CC1C2,[-0.02877583  1.         -0.8805524  -0.5274919   0.25196072]
CC(=O)OCc1ccc(C(C)C)cc1,[-0.1977375   0.8814419  -0.86325264 -0.921433   -0.26599497]
C=CCOc1ccccc1C(N)=O,[ 0.25496456  0.6576121  -0.74685663 -0.8927314  -0.31811932]
CC(C)c1cc(Oc2ccccc2)cc(C(C)C)c1NC(=S)NC(C)(C)C,[ 0.14958987  0.89490885 -0.8430709  -0.5880586  -0.36379167]
O=c1[nH]cnc2c1ncn2[C@H]1CC[C@@H](CO)O1,[-0.45741212  0.9613932  -0.68458927 -0.90910304 -0.05477221]
CCC1=C(C)CN(C(=O)NCCc2ccc(S(=O)(=O)[N-]C(=O)NC3CCC(C)CC3)cc2)C1=O,[-0.12906274  0.57158893 -1.         -1.          0.24237241]
Cc1ccc(S(=O)(=O)Nc2c(C(=O)N[C@@H](C)C(C)(C)C)c(C)nn2C(C)C)cc1,[-0.36606383  0.80590487 -0.7483385  -0.94223106 -0.5349971 ]
S=c1[nH]c2cc(Cl)ccc2o1,[-0.04723399  0.97477394  0.47349533 -0.5439106  -0.24224599]
C=C(C)c1ccc(C(C)(C)N=C=O)cc1,[ 0.14933068  0.7251889  -0.56004477 -0.6687938  -0.4796919 ]
O=C(Cc1cccs1)N[C@@H]1C(=O)N2C(C(=O)[O-])=C(C[n+]3ccccc3)CS[C@H]12,[ 0.62122464  0.688095   -0.9274151  -0.40816686  0.07642089]
CNNC,[ 0.5132739   0.7636254  -1.         -0.603035   -0.37420988]
OCC(O)C(O)C(O)CO,[ 0.31316546  0.87424046 -0.22548915  0.08203573  0.24955884]
O=C(Nc1cccc(Cl)c1)Nc1nnc(-c2ccncc2)s1,[ 0.29441273  0.99061674 -0.7207464  -0.6371087   0.06287649]
OCCN(CCO)CCO,[-0.30909997  0.62359405 -0.61930615 -0.6240297  -0.316781  ]
O=C1c2ccccc2N(C(=O)CN2CCOCC2)CN1c1ccccc1,[ 0.6744818   0.87670076 -0.95922744 -0.06211925 -0.16940278]
Nc1cc[n+]([O-])cc1,[-0.07665157  0.97862923 -0.71288794 -0.9236985   0.908063  ]
Cc1cnc(C)cn1,[ 0.5333762  -0.18519577 -0.849107   -0.34653926  0.21678047]
CN(C)S(=O)(=O)CCCCCNC(=O)N(CCCl)N=O,[ 0.440601    0.5744383  -0.29970026 -0.8489559  -0.08092796]
C#CCc1ccc(COC(=O)C2C(C=C(C)C)C2(C)C)o1,[ 0.33392397  0.1819458  -0.57348907 -1.          0.17942768]
CC(C)C(O)(c1ccc(OC(F)(F)F)cc1)c1cncnc1,[ 0.01687878  0.75389254 -0.8451999  -0.322936    0.05561602]
N=C(Nc1c([N+](=O)[O-])cnc2ccccc12)N1CCOCC1,[ 0.02024354  0.6752402  -0.92968625 -0.59715366  0.25317457]
COP(=O)(OC)Oc1ccc([N+](=O)[O-])c(Cl)c1,[ 0.18545885  0.77425426 -0.7717494  -0.7166112  -0.18378696]
c1c[nH]cn1,[ 0.48212227  0.8372859  -0.33096382 -0.43641385 -0.51306576]
CN(C)C(=O)Nc1cc(C(C)(C)C)on1,[-0.55853957  0.88019675 -0.75105625 -0.7225836   0.04470269]
FC(F)(F)c1nc2c(Cl)c(Cl)cc(Cl)c2[nH]1,[-0.0303088   0.46744558 -0.6306069  -0.9885974   0.10894611]
CN(C)C(=O)Cl,[ 0.3274028   1.         -0.6962148  -0.30163866  0.4105316 ]
O=C(OCCc1ccccc1)c1ccccc1,[ 0.11622434  0.51220727 -0.8032884   0.50559616 -0.13112009]
C[N+](C)(C)CC(O)CC(=O)[O-],[ 0.33898064  0.65872717 -0.8174557  -0.4523282   0.21175799]
COc1c(OCc2ccc(-c3ccccc3-c3nnn[nH]3)cc2)cc(C)nc1C,[ 0.4027444   0.90571374 -0.7432705  -0.79645824  0.25575307]
CCC(C)(CC)c1cc(N)on1,[ 0.18536669  0.91961306 -0.7405948  -0.58377033  0.05488008]
COc1ccc2ncc(=O)n(CCN3CC[C@@H](NCc4cc5c(cn4)OCCO5)[C@H](O)C3)c2c1,[ 0.3443919   0.6269248  -0.7351926  -0.8263958   0.05939479]
CCCCC(CC)COCCO,[-0.32623726  0.7535714  -0.8652194  -0.54205114  0.19478366]
CCN(CC)CCCCCCCCCCNC(=O)Oc1ccc2c(c1)C1(C)CCN(C)C1N2C,[ 0.17037879  0.5588995  -0.7853925  -0.5178815   0.5331301 ]
N=C(N)N[N+](=O)[O-],[-0.05027153  1.         -0.83113855 -0.8442597   0.37581223]
CCCCC(CC)CNC1CCCCC1,[ 0.00744328 -0.74344665 -1.         -0.44970128 -0.00977722]
CCCCOC(=O)C1CC1OCCCC,[ 0.5435823   0.62377816 -0.6742009  -0.1087538   0.14175837]
CN1CCN(C2=c3ccccc3=Nc3ccc(Cl)cc3N2)CC1,[ 0.43926227  0.8654057   0.00482077 -0.59112173 -0.33693197]
COP(=S)(OC)SCc1nc(N)nc(N)n1,[ 0.13512444  0.7864239  -0.9821945  -0.59607184  0.7722866 ]
Nc1ccc(F)c([N+](=O)[O-])c1,[ 0.18057087  0.7579117  -0.4780002  -0.5622601  -0.47699988]
CN(C)N=Nc1ccc(I)cc1,[-0.08598332 -0.25494456 -0.5614523  -0.60290265 -0.35948992]
CCNC(=O)ON=C1SCOC1C,[-0.07918056  0.74343884 -0.12163484 -0.7303204  -0.48871943]
CCC(=O)O,[-0.11317561  0.9390604   0.636871   -0.3685338   0.0589501 ]
NCCCCN,[ 0.31323296  0.7346709  -0.74379367 -0.83118355 -0.578574  ]
Cc1ccc(N=C=O)cc1N=C=O,[ 0.17131545  0.548669   -0.6515723  -0.7013953  -0.30956727]
Oc1ccc(O)cc1,[ 0.06183864  0.79712397 -0.33005843  0.07527535 -0.22704117]
CC(C)=CC1C(C(=O)OC(C#N)c2cccc(Oc3ccccc3)c2)C1(C)C,[ 0.01845681  0.5825807  -0.9412637  -0.43919525  0.48681003]
COC(=O)C(C(C)=O)C(C)=O,[-0.06978377  0.24142627 -0.77919483 -1.         -0.03101126]
OCc1ccccc1,[ 0.33522785  0.8304507  -0.6287089  -0.28691632  0.1240624 ]
COc1ccc2ncc(=O)n(CCN3CC[C@@H](NCc4ccc5c(n4)NC(=O)CO5)[C@@H](F)C3)c2c1,[ 0.24647778  0.89125407 -0.64249444 -0.7686679  -0.31448808]
CN(C)N(C)N=O,[-0.035116    1.         -0.80116487 -1.         -0.3089539 ]
CC(C)OCCO,[-0.28706834  0.9086044  -0.40841666 -0.7113215   0.02230341]
COc1cc(OC)c(C(=O)CCCN2CCCC2)c(OC)c1,[ 0.3770018   0.7290373  -0.7524211  -0.942644   -0.15221433]
BrC12CC3CC(CC(C3)C1)C2,[-0.09887022  0.8037165  -0.9520601  -0.8638588  -0.03533853]
O=C1CCc2cc(C=CCN3CCN(c4ccc(Cl)cc4)CC3)ccc2N1,[ 0.45001245  0.89559054 -0.97863865 -0.68222445 -0.24042547]
O=P([O-])([O-])C(O)(Cn1ccnc1)P(=O)([O-])O,[-0.6487849   0.63036674 -0.82841665 -0.1474296   0.08984951]
CO/N=C(\C(=O)N[C@@H]1C(=O)N2C(C(=O)O)=C(COC(C)=O)CS[C@H]12)c1csc(N)n1,[ 0.10038298  0.952413   -0.45935076 -0.5475128  -0.12261181]
CCC(C)CCCCC(=O)NC(CCN)C(=O)NC(C(=O)NC(CCN)C(=O)NC1CCNC(=O)C(C(C)O)NC(=O)C(CCN)NC(=O)C(CCN)NC(=O)C(C(C)O)NC(=O)C(CC(C)C)NC(=O)C(CCN)NC1=O)C(C)O,[-0.11350295  0.5136097  -0.92459506 -0.8263684  -0.11777639]
CCCCOc1ccccc1NC(C)=O,[ 0.18031177 -0.04802419 -0.04050609 -0.64035004  0.47887102]
Fc1ccc(Br)cc1,[-0.45812568  0.81484014 -0.91559297 -0.31393284  0.09659896]
C=CCOC(=O)CCCCC,[ 0.28380057  0.7019286  -0.00120454  0.8507172  -0.34701478]
O=C(Cc1ccc(OCc2ccccc2)cc1)NO,[ 0.3926101   0.6551307  -0.8408142  -0.62121576 -0.00586937]
CCN(Cc1cc(C(F)(F)F)ccc1-c1cc(CC(=O)O)ccc1OC)C(=O)NCc1ccccc1,[-0.41575512  0.2243397  -0.68357885 -0.6998299   0.16996205]
O=C(OCC=Cc1ccccc1)c1ccccc1,[-0.18047181  0.61442965 -1.         -0.8180141  -0.02740158]
Nc1c(CC(=O)[O-])cccc1C(=O)c1ccc(Br)cc1,[ 0.3664369   0.9910866  -1.         -0.6845812   0.37820685]
CC(C)(C)c1ccc(C(=O)O)cc1,[ 0.44847327  0.92060363 -0.62328917  0.45324254  0.21615219]
CC(C)(O)c1ccccc1,[ 0.41267282  0.8604635  -0.7741898   0.20411031 -0.19450265]
N#Cc1ccc(F)c(-c2cc(C(F)(F)F)ccc2OCC(=O)O)c1,[ 0.45836276  0.60616165 -0.85327345  0.00698694  0.06891099]
CCCCc1c(OC(=O)c2cc(OC)c(OC)c(OC)c2)n(-c2ccccc2)n(-c2ccccc2)c1=O,[-0.12456503  0.8485666  -0.6344031  -0.8001126  -0.25980636]
CCc1cc2c(s1)-n1c(C)nnc1CN=C2c1ccccc1Cl,[-0.26627642  0.989189   -0.66773224 -0.7273982  -0.29823387]
CC(CO[N+](=O)[O-])(CO[N+](=O)[O-])CO[N+](=O)[O-],[ 0.3683407   0.7967061  -0.7865597  -0.2873369  -0.24343394]
O=c1[nH]c2ccccc2n1CCCN1CCN(C(c2ccccc2)c2ccccc2)CC1,[ 0.27711463  0.6798882  -0.6594252  -0.45369303  0.132693  ]
CN(C)CCC(c1ccc(Cl)cc1)c1ccccn1,[ 0.05208942  0.92568743 -0.73122054  0.39254996 -0.4520606 ]
CCCCC(CC)(C(=O)OCC)C(=O)OCCN(CC)CC,[ 0.1410069   0.8658584  -0.81870055 -0.7422509   0.2203495 ]
CC(C(O)c1ccc(O)cc1)[NH+]1CCC(O)(c2ccccc2)CC1,[-0.15618123  1.         -0.46893537 -0.75430614  0.06819319]
C#CC(C)(O)C(O)c1ccccc1,[ 0.26259303  0.804453   -1.         -0.10786769  0.02948823]
COC(=O)c1c(Cl)cccc1-c1cnc([C@@H](C)NC(=O)C2(NC(=O)C(F)(F)F)CC2)c(F)c1,[-0.03787887  0.49638504 -0.947924   -0.83728087 -0.16673395]
CC(C)[N+](=O)[O-],[ 0.22708103  0.9041885  -0.9438901  -0.9372607   0.07827584]
CC(C)NCC(O)c1ccc(O)c(O)c1,[-0.13850105  1.         -0.37408397 -0.1884912   0.12385585]
O=C1C2CC3C1C1(Cl)C(Cl)C4(Cl)C2C3C1(Cl)C4(Cl)Cl,[ 0.56918484  0.7805384  -0.789573   -0.5319716  -0.03816979]
COc1cccc(OC)c1O,[-0.32591522  0.69772625 -0.6009555  -0.612197   -0.11081197]
NS(=O)(=O)c1cc2c(cc1Cl)NCNS2(=O)=O,[ 0.49727234  0.80190367 -0.6293661  -0.86399853 -0.18216935]
COP(=S)(OC)SCc1nnc(SC)s1,[ 0.09208788  0.7418739  -0.3284286  -0.5033156   0.47567835]
N#CCc1ccccc1,[ 0.02120162  0.8128063  -0.55981004 -0.73842275 -0.19852293]
COC(=O)Cc1ccccc1,[-0.24739072  0.7724863  -0.8991319  -0.67553    -0.27040792]
CNC(=O)ON=C(C)SC,[-0.3941194   0.85236055 -0.7247591  -0.48219836 -0.04942406]
C[C@@H]1CN(Cc2ccc(F)cc2)CCN1C(=O)COc1ccc(Cl)cc1NC(N)=O,[-0.04063617  0.87936765 -0.04570327 -0.4499377   0.22646177]
C[C@H](CO)Nc1nc(SCc2ccccc2F)nc2[nH]c(=O)sc12,[-0.10187414  0.5582702  -0.64052033  0.6256645  -0.0070577 ]
CC(C(=O)O)c1ccc(CC2CCCC2=O)cc1,[ 0.16093674  0.75124586 -0.33265358 -0.73286235  0.13044858]
CCCCCCOC(=O)C(O)c1ccccc1,[ 0.42965943  0.5269814  -0.8172784  -0.70740885 -0.43802235]
O=C(O)c1ccccc1-c1c2ccc(=O)cc-2oc2cc(O)ccc12,[-0.12181813  0.8738183  -0.75973743 -0.6490783   0.5320844 ]
COc1cc(OC)c(S(=O)(=O)NCc2ccccc2N2CCC(COC(=O)CCC(=O)O)CC2)cc1NC(=O)CCC(=O)O,[-0.06569369  0.9040245  -0.90595    -0.9179146  -0.51034486]
CC(C)CCCCCN(CCCCCC(C)C)CCCCCC(C)C,[ 0.43930584  0.8196422   0.4210989  -0.6004804  -0.39721674]
Cc1cc(Nc2nc(N[C@@H](C)c3ncc(F)cn3)nc(N3CCOCC3)c2F)n[nH]1,[-0.31751895  0.6535108  -0.57948136 -0.7734039  -0.18056746]
COCCOCc1ccccc1,[ 0.60351366  0.8207382  -1.         -0.6831762   0.21598864]
COc1cc(C=CC(=S)N2CCOCC2)cc(OC)c1OC,[ 0.00252348 -0.31086966 -0.45117646 -0.6236904  -0.21330957]
CCCSP(C)(=S)OP(C)(=S)SCCC,[ 0.03766468  0.85646355 -0.86346084 -0.9048574  -0.27645376]
CCOC(=O)C(C)Oc1ccc(Oc2nc3ccc(Cl)cc3s2)cc1,[-0.23918141 -0.58244824 -0.64409494 -0.60853505 -0.01118561]
S=C1NCCC(COc2ccccc2)O1,[-0.19563733  0.6620131  -0.725579   -0.6247145   0.53833854]
CC(=O)N(C)c1ccc2ccn(-c3cc(NC4CC4)n4ncc(C#N)c4n3)c2c1,[ 0.20135984 -0.11678502 -0.5860439  -0.34130195 -0.40986097]
O=C(O)c1cccc(Cl)n1,[-0.04554628 -0.7303436  -0.64921093 -0.1766411   0.2613587 ]
CC(C)(c1ccc(Oc2ccc(N)cc2)cc1)c1ccc(Oc2ccc(N)cc2)cc1,[-0.4889322   1.          0.12706874 -0.64905196  0.47831726]
CC(C)CN,[-0.15168123  0.8684765  -0.8201038  -0.8411457  -0.01529596]
C=CCc1ccccc1OCC(O)C[NH2+]C(C)C,[ 0.5135089   0.7566584  -0.96416146 -0.50370103 -0.27212936]
OC(CCN1CCCC1)(c1ccccc1)C1CCCCC1,[-0.36279258  0.81251824 -0.8547583  -0.66864955 -0.00404148]
CO[Si](CCCOCC1CO1)(OC)OC,[-0.15757535  0.8040638  -0.61717635 -0.5852207  -0.472077  ]
O=c1n(CC2CO2)c(=O)n(CC2CO2)n1CC1CO1,[ 0.25236318  0.87812346 -0.9112067  -1.         -0.4305194 ]
CN(C)C(=O)N(C)N=O,[-0.0985569   0.85460204 -0.948768   -1.         -0.28257784]
O=[N+]([O-])c1cc(Cl)c(N=Nc2ccc(N3CCS(=O)(=O)CC3)cc2)c(Cl)c1,[-0.09645627  0.6352705   0.31359994 -0.5902518  -0.17870711]
CC(=O)CCc1ccc(O)cc1,[ 0.00826997  0.74421597 -0.828416   -0.7933142   0.28631917]
ClCC(Cl)=C(Cl)Cl,[ 0.47405148  0.62990373 -0.83907163 -0.7163233  -0.15593761]
C=CC(=O)NCNC(=O)C=C,[ 0.6376674   0.7296388  -0.3447255  -0.60514444 -0.08103465]
O=C(NCc1ccc(OC(F)(F)F)cc1)C1c2ccccc2C(=O)N1CCc1ncc(F)cn1,[-0.07290469  0.71142024 -0.6649362  -0.5837377  -0.65693545]
CC(C)NC(=O)c1cnc(N2CCC(N3C(=O)OCc4ccccc43)CC2)c(Cl)c1,[-0.29062855  0.9571139  -0.79697615 -0.5382919  -0.07803994]
CCS(=O)(=O)c1ccc(-c2cc(Cl)ccc2OCC(=O)O)cc1,[-0.83741736  0.8354614  -0.04481164 -0.1027706   0.19163756]
O=C(O)CCCOc1ccc(Cl)cc1Cl,[-0.0732589   0.5321431  -0.5743841  -0.9249517  -0.06483551]
CCC(C(=O)O)C1(O)CCCCC1,[-0.4570936   0.00847229 -0.5309125  -0.3714127  -0.21124275]
C=CCC1/C=C(\C)CC(C)CC(OC)C2OC(O)(C(=O)C(=O)N3CCCCC3C(=O)OC(/C(C)=C/C3CCC(O)C(OC)C3)C(C)C(O)CC1=O)C(C)CC2OC,[ 0.58338755  0.7548706  -0.7172435  -1.         -0.7039232 ]
CC(=O)OC(C(=O)NC(N)=O)c1ccccc1,[ 0.41587365  0.2627053  -0.72740257  0.71226335  0.4491526 ]
CCN(N=O)C(C)OC,[ 0.6251716   0.8352755  -0.7524712  -0.3926432   0.32570612]
N=C(NN=Cc1ccc(Cl)cc1)NN=Cc1ccc(Cl)cc1,[ 0.41467008  0.85971385 -0.66735923  0.23363382 -0.01058356]
CCCN(CCC)c1c([N+](=O)[O-])cc(C)cc1[N+](=O)[O-],[ 0.44048157  0.74616706 -0.38036215 -0.183188   -0.33805308]
O=[N+]([O-])c1cccc(O)c1,[-0.1307986   0.7017969  -0.99681914 -1.         -0.04824083]
Cc1ccc(Nc2ccc(Nc3ccc(C)cc3)c3c2C(=O)c2ccccc2C3=O)cc1,[ 0.34010363  0.38343084 -0.84708667 -1.          0.41013232]
CC[C@H]1NC(=O)[C@@H](NC(=O)c2ncccc2O)[C@@H](C)OC(=O)[C@H](c2ccccc2)NC(=O)[C@@H]2CC(=O)[C@H](CS[C@@H]3CN4CCC3CC4)CN2C(=O)[C@H](Cc2ccc(N(C)C)cc2)N(C)C(=O)[C@@H]2CCCN2C1=O,[ 0.04536793 -1.         -0.68627506 -0.17736411  0.06803907]
CC(CN1CCOCC1)C(C(=O)N1CCCC1)(c1ccccc1)c1ccccc1,[-0.354849    0.8417717  -0.8891294  -0.78119093 -0.00551284]
Cc1cnc(NC(=O)C2=C(O)c3ccccc3S(=O)(=O)N2C)s1,[ 0.44608763  0.8013004  -0.5482077  -0.6046737  -0.38676882]
SCCc1cnccn1,[-0.384215    0.8808322  -0.8385629  -1.          0.06885403]
COc1cc(C=CC(N)=O)ccc1O,[ 0.39762563 -0.7031683  -0.8123434  -0.58017784 -0.2151931 ]
CSCC(NC(=O)COc1cccc2cnccc12)C(=O)NC(Cc1ccccc1)C(O)C(=O)N1CSCC1C(=O)NC(C)(C)C,[ 0.62763584  0.46703878 -1.         -0.53539     0.3292021 ]
C[NH+]1CCc2cccc3c2C1Cc1ccc(O)c(O)c1-3,[ 0.29483026  0.33994517 -0.39588806 -0.976977    0.09054078]
ClCC(Cl)Cl,[ 0.36955103  0.7045429  -0.7897344  -0.7283947  -0.4584045 ]
CCN(CCO)C(=O)c1oc2cccnc2c1-c1cccc(C(F)(F)F)c1,[ 0.06415173  0.46778294  0.1887291  -0.25782531  0.2502607 ]
CC1OC(n2ccc(NC(=O)c3ccc(NC(=O)C(C)(N)CO)cc3)nc2=O)CCC1OC1OC(C)C(N(C)C)C(O)C1O,[ 0.5079639   0.99144363 -0.69217354 -1.          0.14181936]
CN(C)NC(=O)CCC(=O)O,[-0.16043934  0.40571782 -0.92004824 -0.39424038 -0.13124166]
CCCCCCC(N)C(=O)N[C@@H](Cc1c(C)cc(O)cc1C)C(=O)N1CCC[C@@H]1C(=O)N[C@@H](Cc1c[nH]c2ccccc12)C(=O)N[C@@H](Cc1ccccc1)C(N)=O,[ 0.0797715   0.7843484  -0.33404335 -0.63160956 -0.39962074]
Nc1ccn([C@@H]2O[C@H](CO)[C@@H](O)C2(F)F)c(=O)n1,[-0.05920543  0.93199503 -0.573402   -0.571184   -0.36200187]
CSCC(=O)N(C)C(=O)Oc1ccccc1OC(C)C,[ 0.0239511  0.7003774 -0.7596543 -1.        -0.3078835]
O=C(Cc1ccc(Cl)c(C(F)(F)F)c1)Nc1cccc2c(=O)n(CCO)ccc12,[ 0.5619497   0.6289517  -0.49304214 -0.6587368  -0.6236467 ]
CCCCOCCOC(C)=O,[ 0.12742653  1.         -0.80487365 -0.6568348  -0.53008777]
FC(F)(F)c1nc2c(I)cc(I)cc2[nH]1,[ 0.1252552   1.         -0.8837454  -0.826175    0.38014498]
CC(C)=CCCC(C)=CCCC(=CCCC(C)=CCO)CO,[-0.11393282  0.56842804 -0.6662688  -0.8325126  -0.41143253]
CCc1ccc2[nH]c(C(F)(F)F)nc2c1,[-0.06576148  1.         -1.         -0.830115    0.51225764]
CCOP(=S)(OCC)SCSCc1ccccc1,[-0.25761375  0.8779813  -0.78803796 -0.9051699   0.01924358]
CCC(C)(C)c1ccc(Cl)c(OC(=O)NC)c1,[ 0.21842028  0.67834455 -0.8799849   0.40743333 -0.27090502]
Cc1ccc(S(=O)(=O)Nc2c(C(=O)NC3CCCCC3)c(C)nn2-c2ccccc2)cc1,[ 0.4076916   0.8896352  -1.         -0.6652369  -0.00163763]
CS(=O)(=O)c1ccc(C(O)C(COC(=O)C[NH3+])NC(=O)C(Cl)Cl)cc1,[ 0.2308039   0.82067364 -0.61888415 -0.40287805  0.5949085 ]
O=C(NC[C@@H](O)CN1CCC(Oc2ccc(Cl)c(Cl)c2)CC1)c1c[nH]c(=O)c2cc(F)ccc12,[-0.55963314 -0.5054845  -0.60197186 -0.95314056  0.22755979]
CC(=Cc1ccccc1)C=C1SC(=S)N(CC(=O)O)C1=O,[ 0.6403007   0.8157216  -0.44880846 -0.6452747   0.15231107]
ClC(=NNc1c(Cl)cc(Cl)cc1Cl)c1ccccc1,[ 0.4149588   0.9360116  -0.74375075 -0.5251309   0.41125685]
CCC(=O)Nc1ccc2[nH]c(C(F)(F)F)nc2c1,[ 0.3150534   0.6679508  -0.9482022  -0.69430375  0.6548249 ]
C1C[SiH2]C1,[ 0.09677067  0.71112317 -1.         -0.9366425  -0.06381201]
CC(=O)Oc1cccc(Oc2ccc(C(F)(F)F)cc2Cl)c1,[ 0.48253325  0.8435679  -0.7837335  -0.9876004  -0.22159441]
COc1ccc2c3c1OC1CC(O)C=CC31CC[NH+](C)C2,[-0.18044734 -0.5829577  -1.         -0.52261674 -0.38221207]
CCC(C(=O)N1CCCCC1C(=O)OC(CCc1ccc(OC)c(OC)c1)c1cccc(OCC(=O)NCCNC(=O)COc2cccc(C(CCc3ccc(OC)c(OC)c3)OC(=O)C3CCCCN3C(=O)C(CC)c3cc(OC)c(OC)c(OC)c3)c2)c1)c1cc(OC)c(OC)c(OC)c1,[ 0.0126573  -0.722038   -0.5753484  -0.56836045 -0.1138712 ]
CC(C)(O)c1ccc(Nc2nc3ccc(C#N)cc3[nH]2)cc1,[ 0.36795595 -0.4743228  -0.8065482  -0.3980057   0.19659904]
CNCC(O)c1cccc(O)c1,[-0.27292088  0.76170576 -0.5402811  -0.84730905  0.00649756]
CCOP(=S)(OCC)Oc1cc(-c2ccccc2)on1,[ 0.30571738  0.65739524 -0.9422706  -0.6336157   0.24621367]
Cc1cccc(C)c1O,[ 0.19786592  0.9402141  -0.75195396 -0.878477   -0.26138696]
Cc1c(C(C)C)c(=O)n(-c2ccccc2)n1C,[ 0.2806302   0.84919506 -0.38431075 -0.72099924 -0.05296772]
COc1c(OP(=S)(OCC(C)C)OCC(C)C)cnn(C)c1=O,[ 0.23328757  0.12392388 -0.9237895  -0.59483725  0.29147565]
C=CN(C)N=O,[ 0.18940882  0.10096191 -0.70107865 -0.19849174 -0.11656323]
CN[C@H](CC(C)C)C(=O)N[C@H]1C(=O)N[C@@H](CC(N)=O)C(=O)N[C@H]2C(=O)N[C@H]3C(=O)N[C@H](C(=O)N[C@H](C(=O)O)c4cc(O)cc(O)c4-c4cc3ccc4O)[C@H](O)c3ccc(c(Cl)c3)Oc3cc2cc(c3O[C@@H]2O[C@H](CO)[C@@H](O)[C@H](O)[C@H]2O[C@H]2C[C@](C)(N)[C@H](O)[C@H](C)O2)Oc2ccc(cc2Cl)[C@H]1O,[ 0.43679228  0.78771824 -0.6661073  -0.35013863  0.08448778]
NC(=O)CF,[-0.48945764  0.6681923  -0.9080421  -0.5849212   0.40375102]
CCN1CCCC1CNC(=O)c1cc(S(N)(=O)=O)ccc1OC,[-0.12307503  0.2412951  -0.7935464  -0.95926875 -0.26027963]
CC(c1ccccn1)c1c(CC[NH+](C)[14CH3])sc2ccccc12,[ 0.06099586  0.7892636  -0.02610075 -0.2791411  -0.25917798]
CC(C)=CCl,[ 0.2464084   0.09082787 -0.7213722  -0.5697202   0.06314491]
N#Cc1cccc(C#N)c1,[-0.31682172  0.9143234   0.3024768  -0.8600221  -0.1420952 ]
O=c1[nH]c2ccccc2n1CCC[NH+]1CCC(n2c(=O)[nH]c3cc(Cl)ccc32)CC1,[-0.21607296 -0.03663092  0.12104286 -0.64346874 -0.42701772]
COc1cc(-c2cc(=O)c3c(O)cc(O)cc3o2)cc(O)c1OC,[ 0.18677184  0.1470537  -0.93918365 -1.         -0.29529527]
C(Oc1nc(OCC2CO2)nc(OCC2CO2)n1)C1CO1,[ 0.40318593  0.72556233 -0.56014436 -0.60655445  0.0336186 ]
CSC(C)=NOC(=O)N(C)SN(C)C(=O)Oc1ccc(OC(=O)N(C)SN(C)C(=O)ON=C(C)SC)cc1,[ 0.29583284  0.88403976 -0.69031334 -0.7198089  -0.6209065 ]
O=C(CSc1nc2c(c(=O)n1-c1ccccc1)SCC2)Nc1ncc(-c2ccccc2)s1,[ 0.09221656  0.8641563  -0.80752575 -0.68543106 -0.34413502]
Cc1cccc([N+](=O)[O-])c1[N+](=O)[O-],[-0.17025465  0.85572916 -0.6765487  -0.88711554  0.3792892 ]
CNC(=O)c1cccc2c(Nc3ccc(NS(C)(=O)=O)cc3OC)c3cccc(C)c3[nH+]c12,[ 0.26053604  0.8439679  -0.8676176   0.31593323 -0.25813544]
C=C(C)CN(CC)c1c([N+](=O)[O-])cc(C(F)(F)F)cc1[N+](=O)[O-],[ 0.4233992   0.30532315 -0.66910964  0.7149287   0.08308586]
CC1=C(CC(=O)O)c2cc(F)ccc2C1=Cc1ccc(S(C)=O)cc1,[ 0.25808242  0.84194446 -0.75269276 -0.18307796 -0.31041157]
CCN(CC)N=Nc1ccccc1,[ 0.5218998   0.60729104 -0.81164783 -0.388022   -0.5601314 ]
NCC(O)CO,[ 0.18506671  0.87358433  0.00141036 -0.37967184 -0.38727203]
Clc1cc(Cl)c2nsnc2c1Cl,[-0.5983935   0.92641646 -0.8696305  -0.8872433  -0.25809115]
O=C(/C=C/c1ccccc1)NCCO,[-0.41339386  0.6696662  -0.52452755 -0.3002881   0.05730762]
ClCc1ccccc1,[ 0.38512582  0.9013459  -0.74132216 -0.822336    0.7103737 ]
C=CC(=O)N(C)C,[ 0.6255032  -0.08021721 -0.1717534  -0.57193226 -0.15208563]
COP(=S)(OC)SCSCC=C(Cl)Cl,[ 0.0876084  -0.49701858  0.15882318 -0.265312    0.143627  ]
C#CC1(O)C(CO)OC(n2ccc(N)nc2=O)C1O,[-0.4105176   0.657693   -0.77785563 -0.71676844 -0.28818896]
CC(C)C1NC(=O)c2ccccc2O1,[ 0.16704178  0.88455963 -0.6735931  -0.7419378  -0.2682724 ]
CCOP(=O)(OCC)Oc1ccc(S(C)(=O)=O)c(C)c1,[ 0.16949965  0.84626925 -0.9916565  -0.61931705  0.14623728]
Cc1cccc(Nc2ccncc2S(=O)(=O)[N-]C(=O)NC(C)C)c1,[-0.58645415  0.38929397 -0.0118798  -0.6364209   0.86735606]
COc1ccc(C[C@@H]2c3cc(OC)c(OC)cc3CC[N@+]2(C)CCC(=O)OCCCCCOC(=O)CC[N@@+]2(C)CCc3cc(OC)c(OC)cc3[C@H]2Cc2ccc(OC)c(OC)c2)cc1OC,[ 0.23056076  0.6553284  -0.53339237 -0.6736635   0.00623972]
CNC(=N)c1cccc(CC(CC(=O)N2CCC(C(=O)O)CC2)NS(=O)(=O)c2ccc3ccccc3c2)c1,[ 0.357432    0.17613843 -0.5659972   0.40236607 -0.02930813]
Cc1ccsc1C(=CCC[NH+]1CCCC(C(=O)[O-])C1)c1sccc1C,[-0.21764635  0.82468677 -0.9276514  -0.9754095   0.00129188]
N#CC1CC2CC2N1C(=O)C(N)C12CC3CC(CC(O)(C3)C1)C2,[ 0.31795967  0.8003572   0.37773323 -0.3225015   0.37550482]
CSCCC(OC(C)=O)C(=O)O,[ 1.          0.8041803  -0.75606894 -0.9126767   0.7107506 ]
CCCCN(N=O)C(N)=O,[ 0.25771496  0.7624602  -0.71773636 -0.81832796  0.12471673]
O=C(O)COc1ccccc1,[ 0.19676714  0.2927076  -1.         -0.29868737 -0.3048785 ]
O=C1COc2ccc(CNC3CCN(CCN4C(=O)COc5ccc(Cl)cc54)CC3)nc2N1,[ 0.1238527   0.550257   -0.8562031  -0.7273325  -0.03227706]
Nc1nc2c(Cc3cccnc3)c[nH]c2c(=O)[nH]1,[ 0.18356694  0.895773   -0.61340034 -0.63152826 -0.05112606]
N[C@H]1CCN(c2c(Cl)cccc2/C=C2\SC(=O)NC2=O)C1,[ 0.17679718  0.64000124 -0.9436857  -0.9118875  -0.17513072]
Nc1cc(Cl)ccc1O,[ 0.40428165  0.74732256  0.2381822  -0.64341575 -0.31461123]
CBr,[-0.21022142  0.7421336  -0.9276809  -0.79292274  0.28628084]
C[C@H](Cn1cnc2c(N)ncnc21)OCP(=O)(O)O,[ 0.39641833  0.44148186 -0.26579607 -0.637941    0.30992886]
CCOP(=O)(NC(C)C)SCC(=O)NCOC,[ 0.18411055  0.12083019 -0.5679238  -1.         -0.08456897]
COc1ccccc1NC(=O)CC(C)=O,[-0.13979481  0.57462835 -0.98002565 -0.9184924   0.15056032]
CCC(=O)OC1C(C)OC(OC2C(C)OC(OC3C(CC=O)CC(C)C(O)C=CC=CCC(C)OC(=O)CC(OC(C)=O)C3OC)C(O)C2N(C)C)CC1(C)O,[-0.05444057  0.8924874  -0.8599045  -0.94315594  0.75541276]
CO[C@@H]1C=CO[C@@]2(C)Oc3c(C)c(O)c4c(c3C2=O)C(=O)/C(=C\NN2CCN(C)CC2)C(=C4O)NC(=O)C(C)=CC=C[C@@H](C)[C@H](O)[C@H](C)[C@H](O)[C@@H](C)[C@@H](OC(C)=O)[C@@H]1C,[ 0.6298915  -0.6536508   0.40780407 -0.5318964   0.3335612 ]
COc1ccc2ccc(=O)n(CCN3CCC(NCc4cc5c(cn4)OCCO5)CC3)c2n1,[ 0.1096086   0.46188155 -0.8199122  -0.76323944  0.03128885]
O=NN(c1ccccc1)c1ccccc1,[ 0.11960237  0.8921856  -0.6267965  -0.49204767  0.02973466]
Cc1c(Sc2ccc(Cl)cc2)c2c(S(C)(=O)=O)cccc2n1CC(=O)O,[-0.38246426  0.8187314  -1.         -0.74687165 -0.28499106]
CCC(CC)n1nc(C)c(C(=O)N[C@@H](C)C(C)(C)C)c1NS(=O)(=O)c1ccc(C)cc1,[ 0.0592698   0.5429572   0.4448007  -0.74997526 -0.48239744]
C[N+](C)(C)[NH2+]CCC(=O)[O-],[ 0.5059785   0.86246693 -0.9579384  -1.          0.6397955 ]
CN(C)CCCC1c2ccccc2Nc2ccc(Cl)cc21,[-0.28711772  0.7037563  -0.7969412  -0.76555616 -0.0463585 ]
CC(C)(C)NCCO,[ 0.45106763  0.9522723  -0.5920833  -0.4300131  -0.34141695]
CC(C)(C)NC[C@H](O)COc1nsnc1N1CCOCC1,[-0.25156337  0.8221629  -0.4252802  -0.54459393 -0.12139606]
COC1CCC=CO1,[-0.27348495  0.8345009  -0.27198303 -0.3753      0.1710107 ]
Cc1ncsc1C(=O)N(Cc1cc(=O)[nH]c2c(F)cccc12)c1cccc(Cl)c1,[ 0.09105631  0.8615632  -0.7791933  -0.6226968  -0.145928  ]
CNC(=O)c1c(I)c(NC(C)=O)c(I)c(C(=O)[O-])c1I,[-0.21539007  0.90390396 -0.74027556 -0.62888557 -0.41681814]
CC[C@H](C)C(=O)O[C@H]1C[C@H](O)C=C2C=C[C@H](C)[C@H](CC[C@@H](O)C[C@@H](O)CC(=O)O)[C@H]21,[-0.08701602  0.9613946  -0.6619444  -0.89359623  0.06219339]
C=CC(C)CCCC(C)(C)O,[-0.10456146  0.58095837 -0.34490374 -0.5967853  -0.08753829]
CCCNC(=N)C(OCC)c1ccccc1,[ 0.5413137   0.85727185 -1.         -0.48098248 -0.1294884 ]
Nc1ccc(Cl)cc1Cl,[ 0.25381956  0.6727426  -0.8619802  -0.5443527  -0.07831576]
CCCCCCCCOC(C)=O,[-0.30240425  0.67351866 -0.8072748  -0.9099869  -0.5411329 ]
CC(C)C(CCC(C)C1CCC2C3C(O)CC4CC(NCCC[NH2+]CCCC[NH3+])CCC4(C)C3CCC12C)OS(=O)(=O)[O-],[ 0.3097493   0.77761716 -0.733633   -0.63049567  0.79343873]
COc1cc2c(cc1OC)C(CCc1ccc(Cl)cc1)N(C)CC2,[ 0.12410198  0.3516996   0.42514625  0.26262632 -0.212673  ]
C=CS(=O)(=O)CCCCCC,[ 0.37187722  0.88043374  0.14844748 -0.7727788  -0.2960841 ]
O=S1(=O)CCN(c2ccccc2)CC1,[ 0.16917576  0.9118267  -0.81243235 -0.7146454  -0.06182287]
C=CC[NH+]1CCCC1CNC(=O)c1cc2n[nH]nc2cc1OC,[ 0.21734019  0.6300981  -0.13599412 -0.37064904  0.7366204 ]
O=C(c1csc2c1CCCC2)N1CCCCC1,[ 0.20900436  0.8478388  -0.5080219  -0.8032328   0.01174847]
CCCCC(CC)C(=O)OC1=C(c2c(C)cc(C)cc2C)C(=O)c2ccccc21,[ 0.26317197  0.94609505 -0.8204752  -0.69889337 -0.31349465]
CCCNC(=O)[N-]S(=O)(=O)c1ccc(Cl)cc1,[ 0.18907098  0.86245763 -0.65469366  0.12012467  0.708918  ]
COCC(=O)O[C@]1(CCN(C)CCCc2nc3ccccc3[nH]2)CCc2cc(F)ccc2[C@@H]1C(C)C,[-0.05834996  0.8645327  -0.6148663  -0.63803786  0.2342932 ]
C=CS(C)(=O)=O,[-0.25532714  0.8547981  -0.9871982  -0.8956605  -0.55161375]
C=CC(=O)OCCOCC,[ 0.6878562   0.78898907 -0.7079542  -0.26401785  0.1428227 ]
CC(NNC(=O)c1ccccc1)c1ccccc1,[ 0.40139252  0.69969124 -1.         -0.6297464   0.02505279]
CC(N)C(O)c1cccc(O)c1,[ 0.2980278   0.5723589  -0.726272   -0.63947433 -0.3716217 ]
Cc1cn([C@H]2CCCN(S(=O)(=O)c3ccc(CO)c(Oc4cccc(Cl)c4)c3)C2)c(=O)[nH]c1=O,[-0.05057982 -0.39933318 -1.         -0.53487605 -0.01954642]
CN(C)CC=C(c1ccc(Br)cc1)c1cccnc1,[-0.0498414   0.70072335 -0.43051156 -0.729595   -0.14604998]
CC(=O)NC(CS)C(=O)[O-],[ 0.19795804  0.45436117 -0.71559703 -0.69965994  0.31919417]
CC(C)OCCCO,[ 0.15888534  0.86967105 -1.         -0.47767866  0.2312303 ]
COP(=S)(OC)SC1CSC=CO1,[-0.53712267  0.6453743  -0.85821444 -0.93216133  0.04689384]
CC(=O)OCCOCCOCCOC(C)=O,[ 0.24128945  0.6593965   0.3353416  -0.34461766  0.4630669 ]
Cc1c(C(=O)NCCO)[n+]([O-])c2ccccc2[n+]1[O-],[ 0.30462867  0.76418126  0.63086987 -0.04942196 -0.29040912]
C[C@@H](O)[C@H]1C(=O)N2C(C(=O)O)=C(SCCNC=N)C[C@H]12,[ 0.2890118 -0.3171786 -0.7824432 -0.7695419 -0.4553716]
Cc1cc(-n2c(C)nc3ccccc3c2=O)n(-c2ccccc2)n1,[ 0.5778102   0.76728004 -0.1942993  -0.47417542 -0.27282754]
CO/N=C(/C(=O)NC1C(=O)N2C(C(=O)[O-])=C(C[N+]34CCC(C(N)=O)(CC3)CC4)CSC12)c1nsc(N)n1,[-0.09807838  0.7917488  -0.81399626 -0.8247457   0.20486961]
C=C(CC(=O)c1ccc(-c2ccccc2Cl)cc1)C(=O)O,[ 0.21001308  0.45608434 -0.71367145 -0.5763349   0.55363667]
CCc1nn(C2CCCC2)c2c1CCn1c(-c3cccs3)nnc1-2,[ 0.02435354  0.760583   -0.92556655 -0.705173    0.95576644]
Cn1cncc1CN(CCN(Cc1ccccc1)S(=O)(=O)c1ccccn1)c1ccc(C#N)cc1,[ 0.18519065 -0.03647532 -0.6689957  -0.6501915   0.01396443]
CCNC(=S)NCC,[ 0.24657159  0.2566539  -0.7447991   0.09601288  0.3139693 ]
Cc1ccc(S(=O)(=O)N(C)C(=O)N2CCC(N3CCC(Oc4ccc(Cl)c(Cl)c4)CC3)CC2)cc1,[-0.19304034 -0.5420986  -0.7877849  -0.7996513  -0.21779399]
C[C@@H](NC1=CC(=O)CC1)c1ccc(Nc2ncc3cc(-c4ccncc4)ccc3n2)cc1,[-0.20669289  0.6456529  -0.3587076  -0.42517975  0.0870503 ]
CCCN(CCC)c1c([N+](=O)[O-])cc(S(N)(=O)=O)cc1[N+](=O)[O-],[ 0.05439542  1.         -0.03225339 -0.93252844 -0.00294931]
Cc1ncc(CS)c(CO)c1O,[ 0.06570322  0.5109645  -0.8634692  -0.84281355 -0.09137991]
C#CCN(C)c1ccccc1OC(=O)NC,[ 0.07954209 -0.7892594  -0.7164448  -0.4277997  -0.21714085]
COc1ccc(CC(C)=O)cc1,[ 0.17916165  0.04405636 -0.23245102 -0.7889487  -0.23209424]
CC(C)CNC(=O)NS(=O)(=O)c1ccc(Cl)cc1,[-0.15879798  0.74987197 -0.872146   -0.4041769   0.01779046]
[NH3+]C(C(=O)NC1C(=O)N2C(C(=O)[O-])=C(CSc3c[n-]nn3)CSC12)c1ccc(O)cc1,[-0.10630451  0.8448609  -0.22735582  0.11648387 -0.37911794]
COP(=S)(OC)SCC(=O)N1CCOCC1,[ 0.39318663  0.49014392 -0.91637254 -0.08613276  0.13961756]
CC([NH3+])Cc1ccccc1,[-0.03277173  0.7152664  -0.8808229  -0.80996567 -0.18414469]
COP(=O)(SC(C)C)SC(C)C,[-0.57228374  0.7140011  -0.11405878  0.12353019 -0.4561984 ]
CC(C)(C)CC(=O)Nc1c(F)cc(C(=O)Nc2nccs2)cc1F,[ 0.36331844  1.          0.6253355  -0.31421632 -0.13077563]
O=C(CF)Nc1ccccc1,[ 0.30678728  0.843448   -0.76162624 -1.         -0.11859095]
C[C@@H]1O[C@@H](O[C@H]2[C@@H](O)C[C@H](O[C@H]3C[C@](O)(C(=O)CO)Cc4c(O)c5c(c(O)c43)C(=O)c3ccccc3C5=O)O[C@H]2C)C[C@H](N)[C@@H]1O,[-0.35162923  0.80151975  0.84551275 -0.61470485 -0.30353382]
CC(COc1ccc(Cl)cc1Cl)C(=O)O,[ 0.21812028  0.9193855  -0.90750414 -0.7245412   0.30256397]
Nc1ncc2cc(-c3c(Br)cccc3Br)c(N)nc2n1,[ 0.4135396   0.83553076 -0.52698654 -0.5969669  -0.14608997]
NC(=S)NNCNNC(N)=S,[-0.10851599 -0.9025129  -0.9050358  -0.40120813 -0.08197182]
O=C(NC1CC1)c1cc(-c2cccs2)on1,[-0.5688962   0.85408944 -0.83201164 -0.6312454  -0.04920856]
CC1(C)CC(NC2CC(C)(C)NC(C)(C)C2)CC(C)(C)N1,[ 0.5652655   0.9164988  -0.13258392 -0.938997   -0.2378173 ]
Cc1ccc2c(c1)c(-c1ccnc3c(C)cccc13)c(C)n2CC(=O)O,[ 0.10930035  0.91537166 -0.77884066 -0.53970814 -0.3261589 ]
CN(CC=CC#CC(C)(C)C)Cc1cccc2ccccc12,[ 0.23684545  0.911328   -0.7046409  -0.5549536  -0.1752289 ]
CC1(C)C2CCC1(C)C(O)C2,[-0.12416148 -0.87391865 -1.         -0.5619907  -0.10298249]
CCN(CC)c1ccc2cc(C(=O)NC3(C(=O)N[C@H](Cc4ccccc4)C(=O)NCC4CCN(CC5CCOCC5)CC4)CCCC3)sc2c1,[-0.3687949   0.7465618  -0.5626595   0.663439   -0.42797294]
C=CC(=O)N1CN(C(=O)C=C)CN(C(=O)C=C)C1,[ 0.6009175   0.24072628 -0.7462649  -0.71581686 -0.39380804]
CCCOC(=O)Cc1ccc(OCC(=O)N(CC)CC)c(OC)c1,[ 0.09223866 -0.2436061  -0.63997173  0.7016645  -0.24479432]
CP(=S)(Oc1ccccc1)Oc1ccc(C#N)cc1,[ 0.4310734   0.8121596  -0.697749    0.22472094 -0.4425371 ]
Cc1ccc(-c2ccccc2)cc1,[-0.01478572  0.6547646  -0.9439237  -0.83470774 -0.03559852]
C=CC1=C(C)/C(=C\c2[nH]c(Cc3[nH]c(/C=C4/NC(=O)C(C)=C4C=C)c(C)c3CCC(=O)O)c(CCC(=O)O)c2C)NC1=O,[-0.15101318  0.79159486 -0.00391828 -0.6387794  -0.33358285]
CCCCCCCCCCCCCCCN,[-0.6220695   0.9231301  -0.49162555 -0.13812363  0.3915572 ]
CON=C(C(=O)NC1C(=O)N2C(C(=O)O)=C(COC(N)=O)CSC12)c1ccco1,[-0.31066447  0.8216834  -0.7378689  -0.8836625  -0.04996939]
Cc1ccc(N2CC(COc3ccc(-c4noc(C)n4)cc3)C2)nn1,[-0.28257832  0.89498115 -0.66539663 -0.73510903 -0.02406041]
CCOc1cc2ncc(C(N)=O)c(Nc3ccc(F)cc3F)c2cc1N1CCN(C2CC2)CC1,[-0.00142901 -0.03955827 -0.25620207  0.20375937  0.02290373]
CC(C)c1cccc(OC(=O)N(C)C)c1,[ 0.24869657  0.44484127 -0.5780288  -0.7260977   0.04170942]
CCCCCCN,[-0.28747323  1.         -0.25526673 -0.6139734   0.06813011]
Cc1cc(=O)cc(-c2ccccc2)o1,[ 0.28402075  0.95527244 -0.5805948  -0.6723773  -0.4754548 ]
C=CCc1cc(OC)c2c(c1)OCO2,[ 0.06734955  0.84878546 -0.5546167  -0.84045446 -0.22625495]
N#CCCCCC#N,[ 0.00464182 -0.5716367  -0.9745495   0.7519344  -0.16479936]
CC(C)(C)NC(=O)NCCN1CCCC(NC(=O)c2cc(Cl)cc(Cl)c2)C1,[ 0.517658    0.4824185  -0.26621723 -0.68737835 -0.04472252]
Nc1ccc(S(=O)(=O)O)c2cccc(O)c12,[ 0.06605325  0.83283883 -0.655499   -0.9820787   0.57050884]
CCC(CC)(C(=O)O)c1cccc2ccccc12,[-0.2712125   0.83471495 -0.90444    -0.87741226  0.17865744]
CCOP(=S)(OCC)OC(=CCl)c1ccc(Cl)cc1Cl,[ 0.14648072 -0.01875126 -0.40976092  0.9970387   0.5128532 ]
Nc1nc2[nH]cnc2c(=S)[nH]1,[-0.00780723  0.9145431  -1.         -0.5621952   0.03549966]
CC(C)Oc1ccc2c(=O)c(-c3ccccc3)coc2c1,[-0.332458    0.85148275 -1.         -0.7441364  -0.17427582]
CC(=O)Nc1ccc(CNc2[nH]nc3ccnc(Oc4ccccc4)c23)cc1,[ 0.5618389  -0.52777976 -0.7932251  -0.6874274  -0.26815838]
CC(CO)Oc1ccccc1,[-0.11129596  0.8165939  -0.78267694 -0.68236935 -0.5693229 ]
CC1CC(=O)CC(C)O1,[ 0.34475794  0.33716384 -0.75039077 -0.78102523  0.08125016]
O=C(c1ccccc1)c1cccc2c1CCC2C(=O)O,[-0.4249107   0.73304135 -1.         -0.72005403  0.04344546]
Cc1ccccc1COC1CC2(C(C)C)CCC1(C)O2,[-0.00227625  0.23850921 -0.771838   -0.5864822  -0.01393832]
COC(=O)/C=C/CNC(=O)CN1C(=O)[C@@H](COC(=O)Nc2ccc(Cl)cc2C(F)(F)F)N=C(c2ccccc2)c2ccccc21,[ 0.05026828  0.81820655 -0.8158381  -0.7199859   0.6951961 ]
Cc1cc(Cl)ccc1OCCCC(=O)O,[ 0.2823202   0.89741206 -1.         -0.80793595  0.21308273]
c1cc(-c2ccc3nc(Nc4ccc(OCCN5CCCC5)cc4)ncc3c2)ccn1,[ 0.19849613  0.9215444  -0.7035826  -0.11932714  0.50706494]
CCNC(=O)CSP(=S)(OC)OC,[ 0.34214592  0.8857115  -0.7553224  -0.8217129  -0.3368401 ]
CCCCOC(=O)CC(SC(CC(=O)OCCCC)C(=O)OCCCC)C(=O)OCCCC,[-0.22603583  0.16271523 -0.9824066  -0.6223092   0.2878485 ]
CC(=O)O[C@H]1C[C@]2(O)[C@H]3CC[C@H]4C[C@H](O[C@H]5C[C@@H](O)[C@@H](O[C@H]6C[C@@H](O)[C@@H](O[C@H]7C[C@@H](O)[C@@H](O)[C@H](C)O7)[C@H](C)O6)[C@H](C)O5)CC[C@@]4(C)[C@H]3CC[C@]2(C)[C@H]1C1=CC(=O)OC1,[ 0.39644173  1.         -0.4973988  -0.6393128  -0.39042863]
CC=CC=CC=O,[ 0.2961875  -0.2572264  -0.3338551  -0.20837124 -0.37050354]
CCOP(=S)(NC(C)C)Oc1ccccc1C(=O)OC(C)C,[-0.08799687  0.792544   -0.6023671  -0.5463886   0.6430697 ]
CCOC(=O)c1ccc(C#Cc2ccc3c(c2)C(C)(C)CCS3)nc1,[-0.1107169  -0.61762553 -0.6088892  -0.19519925 -0.23016106]
CCOc1ccccc1C(N)=O,[ 0.75246763  0.5633368  -0.3815027  -0.5468196  -0.68627083]
Cc1cn([C@H]2CCCN(S(=O)(=O)c3ccc(C(N)=O)c(Oc4cccc(Cl)c4)c3)C2)c(=O)[nH]c1=O,[ 0.07752546  0.7093333  -0.9627471  -0.68033034 -0.17509224]
Nc1nc(O)c(Cl)c(-c2ccccc2)n1,[ 0.0571906   0.28109798 -1.         -0.88744366  0.04399341]
COCCOP(=O)(OCCOC)OCCOC,[-0.2137743   0.9168161  -0.5712255  -0.71004874 -0.2502452 ]
O=C(O)C1N=C(c2ccccc2)c2cc(Cl)ccc2NC1=O,[ 0.00653357  0.3664754  -0.89658105 -0.56522894  0.20131667]
COc1ccc(NC(=O)c2ccnc(N)n2)cc1,[-0.05845378  0.8654459  -0.70511836 -0.617102    0.24444206]
O=[N+]([O-])N1CN([N+](=O)[O-])CN([N+](=O)[O-])C1,[-0.03823247  0.22433029 -0.34404683 -0.49562848 -0.33248487]
O=c1cc(Cn2c(C3CCC3)nc3nccnc32)c2ccc(F)c(F)c2[nH]1,[-0.34080473  0.7692388  -1.         -0.59324074 -0.18698482]
O=P(O)(O)C(O)(Cn1ccnc1)P(=O)(O)O,[-0.32553336  0.6504002  -0.85089713 -0.9445341  -0.01652349]
CCOC(=O)COc1ccc(C(=O)CN2CCN(C3CCN(C(=O)OCOC(=O)C(C)(C)C)CC3)CC2=O)cc1,[ 0.15611601  0.8747313  -0.8877895   0.3926653   0.4564308 ]
CC(=O)N1CCN(c2ccc(OC[C@H]3CO[C@](Cn4ccnc4)(c4ccc(Cl)cc4Cl)O3)cc2)CC1,[ 0.39551494  0.8849762  -0.4228851  -0.7106641  -0.33286518]
CCCCCc1ccccc1O,[ 0.14475265 -0.16975886 -0.50477105 -0.5995296  -0.42622155]
CC(C)CON=O,[ 0.7654296   0.7981542  -0.41818032 -0.5073962  -0.2290591 ]
CCCCN1C(=O)c2cccc([N+](=O)[O-])c2C1=O,[ 0.1286274   0.39771888 -0.5996815  -0.9489386   0.27414033]
OCCOCCN1CCN(C(c2ccccc2)c2ccccc2)CC1,[-0.06685505 -0.10552587 -0.4424157  -0.70526755 -0.16754863]
COP(=S)(Cl)OC,[ 0.5479908   1.         -0.84414524 -0.32950518 -0.14066806]
CCC1(CC)C(=O)NCC(C)C1=O,[ 0.64707327  0.7618121  -0.44851    -0.9529149  -0.3209149 ]
COc1cc2nc(N3CCN(C(=O)C(C)OC)CC3)nc(N)c2cc1OC,[ 0.19172272  0.87871796 -0.5578936  -0.9708157   0.22728175]
Cc1cc(Nc2nc(N[C@@H](C)c3ccc(F)cn3)c(C#N)cc2Cl)n[nH]1,[ 0.16265033  0.82461286 -0.81676036 -0.5456757   0.57922333]
Cc1ccc2nc(C[N+]34CCC(CC3)[C@@H](OC(=O)[C@](C)(c3ccccc3)N3CCCCC3)C4)oc2c1,[ 0.52059025  0.85138315 -0.7828007  -0.4275655   0.01017623]
CCN1CN(CO)C(=O)N(CO)C1,[ 0.5612597   0.4198653  -0.7297492  -0.768848   -0.50995433]
CCC(C)C(=O)OC1CCC2(C)C3CC(O)C4C5(O)C(CC42OC13O)C1CN2CC(C)CCC2C(C)(O)C1C(O)C5OC(=O)C(C)(O)CC,[-0.14083055  1.         -0.43996665 -0.9242017  -0.29002488]
CCCCCCCCCCOC(=O)Cc1ccc(N(CCCl)CCCl)cc1,[ 0.18521391 -0.45898083 -0.83218616 -0.22218502  0.43811336]
CC(=O)OC(C)OC(=O)C(C)c1ccc(-c2ccccc2)c(F)c1,[ 0.5319415  0.7741125 -0.7995056 -0.6844285  0.7665787]
O=P([O-])([O-])C(Cl)(Cl)P(=O)([O-])O,[ 0.28171661  0.8245721  -1.         -0.8648244   0.03916468]
CC1CC(=O)NN=C1c1ccc([N-]N=C(C#N)C#N)cc1,[ 0.05650104  0.00603286 -0.6464028  -0.8066487   0.34821022]
CN(C1CCCCC1)C1CCCCC1,[ 0.11622154  0.5488587  -0.85734403 -0.83854824 -0.11158537]
N#Cc1cccc(Cc2ncccn2)c1,[-0.16235177  0.87530077 -0.6196933  -0.81696916 -0.3197042 ]
O=C1NC(c2ccc(Br)cc2)Nc2ccccc21,[ 0.44859162  0.8681893  -0.70676005 -0.4462546  -0.27514294]
COc1ccc2c3c1OC1C(O)C=CC4C(C2)[N+](C)([O-])CCC341,[ 0.04997418  0.8755042  -0.97039914 -0.7385673  -0.17121361]
CCCCCCCC=CC=O,[ 0.06685835  0.76979184 -0.71490675 -0.8036118   0.5547036 ]
CNC(=O)/C=C(/c1ccc2nc(N)n(S(=O)(=O)C(C)C)c2c1)c1ccccc1-c1cccc2ccccc12,[-0.02640861  0.7720156  -1.         -0.9712146   0.71331966]
COc1cc(OC)c(S(=O)(=O)N2c3ccccc3CCC2C)cc1NC(=O)COCC(=O)O,[ 0.25906497  0.79300654  0.13647605 -0.49435583 -0.033963  ]
COc1ccc(-c2cc(=O)c3ccc(OC)cc3o2)cc1,[ 0.08831686  0.87980527 -0.77476823 -0.9115912   0.24735743]
CCCc1nn(C)c2c(=O)[nH]c(-c3cc(S(=O)(=O)N4CCN(C)CC4)ccc3OCC)nc12,[ 0.54076207  0.85797465 -0.87885034 -0.4541547   0.74270207]
CNC(=O)Oc1ccc(Cl)c2c1OC(C)(C)C2,[-0.0685269  -0.4628129   0.17017876 -0.90740395 -0.22321923]
FC(F)=C(F)CCSc1ncccn1,[ 0.48064056  0.8856964  -1.         -0.82535446  0.7395417 ]
CC(=CC(=O)O)C(=O)O,[ 0.13991864  0.6854184  -0.9720787  -0.83002114 -0.25650978]
COc1cc2ncc(C(N)=O)c(Nc3cccc(Cl)c3Cl)c2cc1N1CCN(C)CC1,[-0.01018859  0.6222178  -0.8401301  -0.90655446 -0.25261983]
CCCSP(=S)(OC)SCCC,[ 0.78879195  0.7074998  -0.776112    0.0113507   0.40577486]
C=COC(=O)CCCCC(=O)OC,[ 0.591307    0.7275049  -0.8603216  -0.45859817  0.35035607]
CN(C)C(=O)Nc1ccc(Cl)cc1,[ 0.24549782  1.         -0.80466634 -0.85885197  0.13673064]
COC(=O)c1ccccc1N=NN(C)C,[-0.11250746  0.8789878  -0.8559557  -0.712407   -0.24192697]
CCCCCCCC(=O)N[C@@H](CCN)C(=O)N[C@H](C(=O)N[C@@H](CCN)C(=O)N[C@H]1CCNC(=O)[C@H]([C@@H](C)O)NC(=O)[C@H](C)NC(=O)[C@H](CCN)NC(=O)[C@H](CC(C)C)NC(=O)[C@@H](Cc2ccccc2)NC(=O)[C@H](CCN)NC1=O)[C@@H](C)O,[ 0.04256831  0.41736567 -1.         -0.40823913  0.01791234]
COc1cc(OC)c(S(=O)(=O)N2c3ccccc3CCC2C)cc1NC(=O)CSCC(=O)O,[-0.22143205  0.75118256 -0.36502117 -0.76424575  0.31994608]
CN1CCN(c2ccc3ncc(C(N)=O)c(Nc4ccc(Cl)c(Cl)c4)c3c2)CC1,[ 0.0565839   0.91528255 -0.80118906  0.04160202 -0.10739226]
CCCc1c(OCc2cccn3c(=O)c(CCC(=O)O)cnc23)ccc(C(C)=O)c1O,[ 0.1316536   0.76727456 -0.769541   -0.71386963 -0.06841429]
CN1[C@@H]2CC[C@@H]1CC(OC(=O)C(CO)c1ccccc1)C2,[ 0.01039362 -0.9760697  -1.         -0.6101645  -0.20378251]
Brc1ccc2[nH]cc(CC3CCNCC3)c2c1,[ 0.428586    0.8651829  -1.         -0.7079101  -0.11419218]
Cc1cccc(C)c1NC(=O)C1CCCC[NH+]1C,[ 0.29619122  0.7794739  -0.83491236 -0.6167652  -0.46167672]
CCC(C)c1ccccc1,[ 0.154973   0.6323878 -0.8686112  0.441431  -0.2826632]
CC(=O)O[C@H]1C[C@@H]2CC[C@@H]3[C@H](CC[C@@]4(C)[C@H]3C[C@H]([N+]3(C)CCCCC3)[C@@H]4OC(C)=O)[C@@]2(C)C[C@@H]1N1CCCCC1.[Br-],[ 0.3816166   0.7761952  -0.7629973  -0.15030253 -0.48668933]
COP(=S)(OC)Oc1ccc(C#N)cc1,[ 0.3854322  -0.10579236 -1.         -1.          0.3953947 ]
C[C@@H]1NC(=O)[C@@H](C)N(C)C(=O)[C@H](C)N(C)C(=O)[C@@H](C)N(C)C(=O)[C@@H](C)N(C)C(=O)[C@H](C)NC1=O,[-0.00868094  0.5544021  -0.679738   -0.65868163 -0.10460588]
COc1ccc(-c2nc3c(NCCCNC(C)=O)c(Br)cnc3[nH]2)cc1,[-0.12239955  0.8248794  -0.69647676 -0.2739314   0.82697004]
CCOc1cc(OCC)c(C(=O)CCC(=O)O)cc1OCC,[ 0.27969056  0.8537147  -0.68442607 -0.79297876 -0.774385  ]
Cc1cnc(-c2cc(NC(=O)c3ccc(C(F)(F)F)nc3C)ccc2Cl)[nH]1,[ 0.19437392 -0.141563   -0.5347623  -0.41880742  0.49960893]
CCS(=O)CCSP(=O)(OC)OC,[ 0.3506522   0.90842354  0.4634911  -0.73295105  0.30843425]
Oc1nc(-c2ccccc2)nc2ccccc12,[ 0.25853476  0.09223603 -0.61520046 -0.91135794  0.15861084]
CNC(=O)c1cccc2c(Nc3ccc(NS(C)(=O)=O)cc3OC)c3cccc(C)c3nc12,[-0.1595207   1.         -0.79573756 -0.45748153 -0.36129823]
Cn1c(C2=CCN(CCCN3c4ccccc4Sc4ccc(CC(=O)O)cc43)CC2)cc(=O)n(C)c1=O,[ 0.05714143 -0.4682712  -0.6227494  -0.43047172 -0.17562197]
Cc1ccn(C(=O)NCCCCCCCl)n1,[-0.08066247  0.59366286 -0.7788501  -0.63840723  0.8146187 ]
CCC(C)C(CC)C(N)=O,[ 0.3074834   1.         -0.6449829  -0.701466   -0.44256625]
O=C1CCc2ccccc2O1,[ 0.3608243   0.85197085 -0.561371   -0.41916004  0.5446459 ]
CCNc1nc(NC(C)C(C)C)nc(SC)n1,[ 0.3501535   0.5273887  -1.         -0.7279911   0.47423184]
c1ccc(OP(Oc2ccccc2)Oc2ccccc2)cc1,[ 0.47392496  0.7509985  -0.7797065  -0.59901077  0.22556648]
ClCc1cccc2ccccc12,[ 0.2878051   0.83950907 -0.8145132  -0.90729886  0.06219145]
NCCCC[C@H](N[C@@H](CCc1ccccc1)C(=O)O)C(=O)N1CCC[C@@H]1C(=O)O,[ 0.02403167  0.8381229  -0.7204668  -0.7985726  -0.1811931 ]
COc1cc([C@@H]2c3cc4c(cc3[C@@H](O[C@@H]3O[C@@H]5CO[C@@H](C)O[C@H]5[C@H](O)[C@H]3O)[C@H]3COC(=O)[C@H]23)OCO4)cc(OC)c1O,[ 0.13013585  0.92929566 -0.8987529  -0.6407597   0.6198908 ]
O=Cc1ccc(O)cc1,[ 0.2823881   0.48256215 -0.5530036  -0.6569544  -0.22138342]
C#CCN1C(=O)CN=C(c2ccccc2)c2cc([N+](=O)[O-])ccc21,[ 0.23184843  0.9046055  -0.9259742  -0.5117437  -0.33585048]
CCOP(=S)(OCC)OC(C)CC,[-0.32287595  0.05261241  0.4341815  -0.8140538  -0.24357188]
O=C([O-])CCCc1ccc(N(CCCl)CCCl)cc1,[ 0.30124998  0.74527246 -0.8091544  -0.50336343  0.04417713]
CON(C)C(=O)Nc1ccc(Cl)cc1,[-0.04173289  0.8305547  -0.3947364  -1.         -0.19898692]
Cc1cc(Nc2cncc(N[C@@H](C)c3ccc(F)cn3)n2)n[nH]1,[ 0.6875677  -0.71033365 -0.7919771  -0.33588222 -0.01510242]
Nc1nc(Nc2ccc(S(N)(=O)=O)cc2)nn1C(=O)c1c(F)cccc1F,[ 0.3508681   0.83113635 -0.39713874 -0.8296912  -0.13945451]
CNC(=O)ON=C(C)SCC(=O)N(C)C,[ 0.9572046   0.09299058 -0.8286098   0.8327787   0.2997523 ]
O=C(CO)N1CCC(c2[nH]nc(-c3ccc(Cl)cc3F)c2-c2ccncn2)CC1,[ 0.17261523  0.64223295  0.01520472 -0.10568555  0.6712472 ]
Cc1cn([C@H]2CCCN([C@H](CC(C)C)c3ccc(C(=O)O)c(Oc4cccc(Cl)c4)c3)C2)c(=O)[nH]c1=O,[ 0.05884032  0.9134111  -0.904571   -0.79132354 -0.4702689 ]
COC(=O)C(C)N(C(=O)Cc1ccccc1)c1c(C)cccc1C,[ 0.06219062 -0.00336211 -0.5637094  -1.         -0.19129801]
CCC(=O)NCCC1CCc2ccc3c(c21)CCO3,[ 0.16861148  0.8357858  -0.82567674 -0.45429707  0.34452912]
CC(C)=CCN1CCC2(C)c3cc(O)ccc3CC1C2C,[ 0.36804396  0.89104384 -0.8829511  -0.512251   -0.32795528]
C[NH+](C)CCC(c1ccc(Cl)cc1)c1ccccn1,[ 0.24321015  0.6841212  -0.58937126 -0.49710357  0.16763361]
CC1CN(C2CCCCCCCCCCC2)CC(C)O1,[ 0.49699274  0.79065746 -0.8410428   0.01288084 -0.5036387 ]
Cn1c(COP(=O)(NCCBr)NCCBr)cnc1[N+](=O)[O-],[-0.20234744  0.8519535  -1.         -0.05206878 -0.27785376]
CCc1c2c(nc3ccc(O)cc13)-c1cc3c(c(=O)n1C2)COC(=O)[C@]3(O)CC,[-0.06762403  0.8739446  -0.8140816  -0.92028636 -0.18534197]
Cc1ccc(N=CN(C)SN(C)C=Nc2ccc(C)cc2C)c(C)c1,[ 0.32395127  0.7458751  -0.14239235 -0.46046758  0.24867852]
CCOc1ccccc1C(=O)NN=C(C)C(=O)O,[-0.13400315  0.869854   -0.91070586 -0.70805657 -0.07972565]
CN(C)S(=O)(=O)N(SC(F)(Cl)Cl)c1ccccc1,[ 0.5181606  -0.4748484  -0.7326063  -0.23372962  0.28811708]
CCC(C)(C)OC(=O)Nc1ccco1,[ 0.59407103  0.6007886  -0.79292643 -0.95008594  0.13225827]
COc1c(Cl)ccc(Cl)c1C(=O)OCCN(CCOC(=O)c1c(Cl)ccc(Cl)c1OC)c1ccccc1,[ 0.18624441  0.8477935  -0.5999254  -0.96716505  0.08401481]
C[S+]([O-])Cc1ccc(C(=O)Nc2ccc(OCCOCCO)nc2C(=O)NCC2CCC2)c2ccccc12,[-0.0505185   0.7251602  -0.83017784 -0.43403307 -0.2946033 ]
C/C=C/c1cc(OC)c2c(c1)C(C)C(c1cc(OC)c(O)c(OC)c1)O2,[ 0.54651326  0.2765019  -0.28546733 -1.          0.29117563]
CN(CCOc1ccc(CC2SC(=O)NC2=O)cc1)c1ccccn1,[-0.9041555   0.7018117   0.40834808 -0.86469775 -0.02905171]
CCCCN(CCCC)SN(C)C(=O)ON=CC(C)(C)SC,[-0.05640961  0.6388428  -0.92666936 -0.83634114 -0.34882846]
S=C=NCCN=C=S,[-0.49761382  0.2853108  -0.4904011  -0.5265893  -0.47486785]
CC1=C2C[C@H]3[C@@H](CC=C4C[C@@H](O)CC[C@@]43C)[C@@H]2CC[C@]12O[C@@H]1C[C@H](C)CN[C@H]1[C@H]2C,[-0.16877805  0.9164848  -0.4565903  -0.7031262  -0.20879015]
CC(O)c1cccc(N)c1,[ 0.47242674  0.8109503  -0.557867   -0.46538362 -0.51422775]
CC(=Cc1ccccc1)CC(=O)N1CCOCC1,[-0.18496169  0.9889268  -0.75223976 -0.5523086   0.0805406 ]
CCCCCCCCCCCCNC(N)=S,[-0.19109362  0.81514084 -0.9524532  -0.03791817  0.17100257]
CCOP(=O)(O)O,[-0.25968316 -0.6424467  -0.7627745  -0.5231372  -0.38324034]
Nn1cnc2cc3ccccc3cc2c1=O,[ 0.02277249  1.          0.19248581 -0.4932265  -0.23660927]
CCCCCCCCCCOc1c(OC)cc(C(N)=O)cc1OC,[ 0.15600546  0.40787598 -0.22797251 -0.78518826 -0.09894438]
C=CC(=O)OCC(CC)CCCC,[-0.21005164  0.6425689  -0.7831837  -0.91062105  0.49777514]
COc1c2ccoc2c(OCC2OC2(C)C)c2oc(=O)ccc12,[ 0.37941775  0.80575216 -0.9966793  -0.9490959   0.5132992 ]
C=CCN1CCC23CCCCC2C1Cc1ccc(O)cc13,[-0.04258947  0.55207473  0.05329756 -0.55858964 -0.19684128]
O=C(O)CCC(=O)O,[ 0.44019327  0.7969885  -0.79179543 -0.45529255 -0.49624127]
CC(C(=O)O[C@@H]1CC[N+](C)(C)C1)(c1ccccc1)C1CCCC1,[ 0.17626658  0.8964656  -0.7544885  -0.7730083  -0.28862992]
NCCCNCCSP(=O)(O)O,[ 0.42010486  0.5075569  -1.         -0.8849238  -0.01750461]
O=CC=CC1CO1,[ 0.13117455  0.8382399  -0.8305591  -0.8456457  -0.10993466]
O=C(Nc1ccc(Br)cc1)c1cc(Br)cc(Br)c1O,[ 0.33554396  0.05785821 -0.66874707 -0.53205013 -0.7485746 ]
O=[N+]([O-])OCC(O)CO,[ 0.26401743  0.89263344 -0.4440013  -0.9359069   0.19178633]
COCCOCCOC(C)=O,[ 0.44992808  0.88590187 -0.49447933 -0.4694408  -0.32250977]
CC(C)(C)c1ccc2c(c1)C(C)(C)CC2,[-0.3242479   0.72726685 -0.7880654   0.00161247 -0.02673251]
O=[N+]([O-])c1cc(Cl)ccc1Cl,[ 0.20664002  0.93090266  0.25082317 -0.19586709 -0.03195212]
CCn1cc(C(=O)O)c(=O)c2cc(F)c(N3CCN(C)CC3)cc21,[ 0.12385724  0.8416968  -0.67158663 -0.37668705  0.39992   ]
CCCCCCCCCCCC(=O)OCC(O)C1OCC(O)C1O,[-0.2660153   0.4411224  -0.72935003  0.00660642 -0.25641245]
CCCCCNCCCCC,[ 0.03061626 -0.34776288  0.05354587 -0.33851656 -0.01213736]
COCCNC(=O)c1ccc(Nc2ncc3cc(-c4ccncc4)ccc3n2)cc1C,[ 0.04774033 -0.43588164 -0.78644544 -0.35128608  0.5630607 ]
COC(=O)c1cc([N+](=O)[O-])ccc1Cl,[ 0.34907722  0.8767447  -1.         -0.73890865 -0.10378373]
C[C@@H]1NC(=O)[C@H](C)N(C)C(=O)[C@@H](C)N(C)C(=O)[C@H](C)NC(=O)[C@@H](C)NC(=O)[C@@H](C)N(C)C1=O,[ 0.42122665  0.7926416  -0.56048256 -0.6597159   0.10972537]
COP(=S)(OC)Oc1cnc2ccccc2n1,[ 0.10041095  0.45316452 -0.60079026 -0.54708904  0.21364097]
COP(=S)(OC)Oc1ccc(C#N)cc1C,[-0.46690705  0.731491   -0.60038304 -0.8659617  -0.27833956]
Cn1c(=O)sc2cccc(Cl)c21,[ 0.21987037  0.9373231  -0.8592309  -0.93853045 -0.24887952]
CC(C)N(C(=O)SCC(Cl)=C(Cl)Cl)C(C)C,[ 0.27428102  1.         -1.         -1.          0.84494084]
CCCCCC(O)C=CC1C(O)CC(O)C1CC=CCCCC(=O)O,[ 0.40740883 -0.15536813 -0.96155196 -0.17701346 -0.11868646]
O=C(CCl)OCCOCCO,[-0.19818255  0.40102842 -0.9234757  -0.67816204 -0.24494642]
C=CCI,[ 0.4324238   1.         -0.6869183   0.14176704  0.2403955 ]
O=[N+]([O-])c1cc(C2CCCCC2)c(O)c([N+](=O)[O-])c1,[ 0.03097194  0.7122657  -0.1473235  -0.40659326 -0.07664601]
[O-][n+]1onc2c1c1no[n+]([O-])c1c1no[n+]([O-])c21,[ 0.4058864   0.62222743 -0.7834687  -0.81373835 -0.0199628 ]
O=C(CCCCC(=O)OCC1CC=CCC1)OCC1CC=CCC1,[-0.13873748 -0.99185795 -0.78681535 -0.37983784 -0.4302987 ]
O=[N+]([O-])OC1COC2C(O)COC12,[-0.2778982   0.83598405 -0.889294   -0.91653436 -0.30106273]
CC(C)(C)c1cc([N+](=O)[O-])cc([N+](=O)[O-])c1O,[ 0.4774052   0.539556   -0.91247183 -0.6105387  -0.39911655]
CNC(=O)Oc1cc(C)c(N(C)C)cc1C(C)C,[ 0.5755007   0.9806348  -0.85485834 -0.24867015 -0.20445627]
Nc1nc(O)c2ncn(COCCO)c2n1,[ 0.11222345  0.9619718  -0.69610405 -0.6975715  -0.3556216 ]
C1CSCCO1,[ 0.4659253   0.4249023  -0.8442852   0.06466445  0.08550565]
CC(=O)N[C@H](Cc1ccc2ccccc2c1)C(=O)N[C@H](Cc1ccc(Cl)cc1)C(=O)N[C@H](Cc1cccnc1)C(=O)N[C@@H](CO)C(=O)N[C@@H](Cc1ccc(O)cc1)C(=O)N[C@H](CCCNC(N)=O)C(=O)N[C@@H](CC(C)C)C(=O)N[C@@H](CCCNC(=N)N)C(=O)N1CCC[C@H]1C(=O)N[C@H](C)C(N)=O,[-0.03401901  0.77113795 -0.68542707 -0.9214209  -0.19236025]
COc1cnc(-c2ccccc2C(F)(F)CNC(=O)c2ccc(COCC(F)(F)F)nc2)cn1,[-0.06387937  0.7458439  -0.57774806 -0.83609587  0.20359433]
CN(C)CC/C=C1/c2ccccc2COc2ccc(CC(=O)O)cc21,[-0.00536229  0.84159184 -0.31127957  0.43767673 -0.08915667]
Clc1ccc(C(OCCN2CCCCC2)c2ccccc2)cc1,[-0.64339095  1.         -0.78373045 -0.77751744 -0.0546842 ]
CCOc1ccccc1-c1ccc(-c2nc3ccncc3c(O)c2C#N)cc1,[ 0.35198307  0.77373815 -1.         -0.42146188  0.3907535 ]
CCCS,[ 0.3604695   0.87868154 -0.876857   -0.29717085 -0.4103323 ]
CCOC(=O)NCCOc1ccc(Oc2ccccc2)cc1,[-0.17244905  0.8939084  -0.69823414 -0.42975324  0.13589557]
O=C(Cl)CCl,[ 0.3257017   0.70650023 -0.17000021 -0.6462667  -0.09265026]
CN1C(=O)CN=C(c2ccccc2F)c2cc(Cl)ccc21,[ 0.07700726  0.55992466 -0.7555665   0.76927096 -0.3395033 ]
C[Si](C)(Cl)Cl,[ 0.4368352   0.7575476  -0.6566176  -0.8204442  -0.11106856]
O=C(O)CCC(=O)OC1CCCCC1,[-0.27935198  0.6380687  -1.         -0.47605357 -0.18934384]
O=c1oc(-c2ccccc2)nc2ccccc12,[ 0.04962753  0.88932836  0.25758007 -0.6848037   0.0548597 ]
C=CC(=O)OCC(=O)OCC,[-0.7070183   0.7581628  -0.65600705 -0.4609416   0.19613436]
CO[Si](CCCn1c(=O)n(CCC[Si](OC)(OC)OC)c(=O)n(CCC[Si](OC)(OC)OC)c1=O)(OC)OC,[ 0.0612358   0.6564341  -0.7840573   0.18012328 -0.03064553]
COc1ccc(C(Oc2ccccc2)C2=NCCCN2)cc1,[ 0.22846231 -0.69332606 -0.61577207 -0.60354114 -0.46313643]
CC(=S)NC[C@H]1CN(c2ccc(-c3nnc(CNS(C)(=O)=O)s3)c(F)c2)C(=O)O1,[ 0.47076738  0.76884925 -0.7463824  -0.16265146 -0.12772526]
C=CC(=O)OCCOCCC#N,[-0.06423543  0.7727277  -0.8342337  -0.72287893  0.14114851]
CCOC(=O)Cl,[ 0.22142354 -0.37888986 -0.407778   -0.7998519   0.09542115]
Cc1cc(C)c(N)c(C)c1,[ 0.39066836 -0.23152563 -0.7115492   0.7584963  -0.04751249]
COc1cc2c(c3oc(=O)c4c(c13)CCC4=O)C1C=COC1O2,[ 0.02525575  0.86514693 -0.72277546 -0.9422906  -0.29398474]
CCCCCCCCCCCCCCCCCCOP(=O)([O-])OCC[N+]1(C)CCCCC1,[-0.07212946  0.76725125 -0.7143834  -0.73192793 -0.5074994 ]
Cc1ccc2c(c1)c(-c1ccnc3cc(Cl)ccc13)c(C)n2CC(=O)O,[-0.2260622   0.3878265   0.34018502 -0.98942715  0.27269226]
CCCCc1nc(Cl)c(CO)n1Cc1ccc(-c2ccccc2-c2nnn[nH]2)cc1,[ 0.4855875   0.6234696  -0.9628958  -0.3173829  -0.41990852]
O=C(Oc1ccccc1)n1c(C(F)(F)F)nc2cc(Cl)c(Cl)cc21,[-0.11457514  0.37391564 -0.5900686   0.18397984 -0.3354502 ]
Clc1ccc(Cl)c(Cl)c1,[-0.44572005  0.6124497  -0.7075581  -0.88518536  0.22041158]
Cc1c(OCC(F)(F)F)ccnc1C[S+]([O-])c1nc2ccccc2[nH]1,[ 0.39789188  0.7202352  -0.56637615 -0.6672813   0.2136387 ]
FC(F)(F)c1nc2c(Br)cc(Br)cc2[nH]1,[ 0.18258882  0.831301   -0.8685026  -0.6757125  -0.47221354]
CC(O)C(=O)Nc1c(I)c(C(=O)NC(CO)CO)c(I)c(C(=O)NC(CO)CO)c1I,[ 0.04691416  0.56747806  0.27111286 -0.23813796 -0.31638962]
OCCNCCc1ccccc1,[ 0.12769318  1.         -0.62728    -0.97037774  0.7662416 ]
C=C(C)C1CC=C(C)C(O)C1,[ 0.4905225   0.45460632 -0.58406854 -0.77581334  0.26768577]
CN1c2ccccc2C(NCCCCCCC(=O)[O-])c2ccc(Cl)cc2S1(=O)=O,[-0.42707095  0.9873036  -0.52771664 -0.8448773   0.0672271 ]
CCCCC(=O)N(Cc1ccc(-c2ccccc2-c2nnn[n-]2)cc1)C(C(=O)[O-])C(C)C,[-0.08946066  0.3531528  -0.9354722  -0.89512396 -0.14407012]
CN(C)c1ccc(C(O)(c2ccc(N(C)C)cc2)c2ccc(N(C)C)cc2)cc1,[ 0.1064342   0.33488512 -0.9204623  -0.4970892   0.07834321]
OC1(c2ccc(Cl)c(C(F)(F)F)c2)CCN(CCCC(c2ccc(F)cc2)c2ccc(F)cc2)CC1,[ 0.1459155  -0.33674112 -0.7753982  -0.7300146   0.09738538]
C[NH+]1CCOC(c2ccccc2)c2ccccc2C1,[ 0.49719477  1.         -0.931552   -0.07735229 -0.26246127]
COc1cc2c3cc1Oc1cc(ccc1O)CC1c4c(cc(OC)c(O)c4Oc4ccc(cc4)CC3[NH+](C)CC2)CC[N+]1(C)C,[-0.06342574  0.80244285 -1.         -0.58476734  0.03997418]
C[Si](C)(C)CCCC(=O)O,[-0.20671304  0.87534386 -0.5653896  -0.5039914  -0.12059303]
CC(=O)Nc1ccc(C)c(NS(=O)(=O)C(F)(F)F)c1,[-0.03786101  0.08796613 -0.58431727 -0.7141151  -0.38252258]
CC#CCC(C)C(O)C=CC1C(O)CC2Oc3c(CCCC(=O)O)cccc3C21,[ 0.08923029  0.1264337  -0.798792   -0.54366356 -0.62772626]
CN1CN(CCO)CSC1=S,[-0.06540424  0.7297317  -0.7067915  -0.91496575 -0.17316075]
Cc1cc(-n2cccc2)c(S(C)(=O)=O)cc1C(=O)NC(=N)N,[ 0.51728773  0.7953563  -0.7597145   0.24642707 -0.32864124]
CC(C)NCC(O)COc1ccc(COCCOC(C)C)cc1,[-0.35667822  0.8101685  -0.41273615 -0.7026197  -0.27737895]
COc1ccc(CC2NCC(O)C2OC(C)=O)cc1,[-0.3302506   0.34577906 -0.6587108  -0.6564157   0.2590318 ]
CCOP(=S)(OCC)Oc1cccc(F)n1,[ 0.21499895  0.88157934 -0.7937783  -0.7068524   0.45476484]
CCNC(=O)c1cc2c(-n3ccc(C(F)(F)F)n3)c(-c3cncc(-c4n[nH]c(=O)o4)c3)cnc2[nH]1,[ 0.14501536  0.89239144 -0.1194016  -0.60288537  0.04269056]
Cc1ccc(C(=O)N(CCCN)[C@@H](c2nc3cc(Cl)ccc3c(=O)n2Cc2ccccc2)C(C)C)cc1,[ 0.31028432  0.7963973   0.51295674 -0.6046581  -0.18595406]
Cc1ccc(NC(=O)c2ccc(C#N)cc2)cc1-n1cnc2ccc(N3CCN(C)CC3)cc2c1=O,[ 0.15689452  0.9252365  -0.5167343  -0.89713365 -0.15531234]
CN1CCN2c3ncccc3Cc3ccccc3C2C1,[ 0.5536974   0.9425481  -0.49538904 -0.5261012  -0.30376446]
CN1CCC(=C2c3ccccc3Sc3ccccc32)CC1,[ 0.36838228  0.83581674 -0.7406075  -0.5533594  -0.5043609 ]
C[C@@H]1O[C@@H](O[C@@H]2[C@@H](O)[C@H](OCCc3ccc(O)c(O)c3)O[C@H](CO[C@@H]3O[C@H](CO)[C@@H](O)[C@H](O)[C@H]3O)[C@H]2OC(=O)/C=C/c2ccc(O)c(O)c2)[C@H](O)[C@H](O)[C@H]1O,[-0.2476562   0.91218233 -0.86078435 -0.48787034 -0.24776556]
Cc1cc(Cl)ccc1OCC(=O)Nc1ccccc1,[-0.33278507  0.88278186 -0.5615294  -0.98398334 -0.38748527]
CCOC(=O)C(CCc1ccccc1)NC(C)C(=O)N1C(C(=O)[O-])CC2CCCCC21,[ 0.61484385  0.842179   -0.96486145 -0.40138197  0.00596863]
CCc1nc2cc(O)ccc2c(Oc2ccc(/C=C/C(=O)O)cc2)c1-c1ccccc1,[ 0.0863033   0.9668048  -0.786917   -0.9304569   0.07362961]
OCCCCC(O)CO,[ 0.18901062  0.8063308  -0.7944005  -0.8198663   0.45872912]
Oc1ccc2c(c1)CCC2,[ 0.18148266  0.8269393  -0.9827384  -0.7368769   0.01794997]
CCC[C@H](NC(=O)[C@@H]1[C@H]2CCC[C@H]2CN1C(=O)[C@@H](NC(=O)[C@@H](NC(=O)c1cnccn1)C1CCCCC1)C(C)(C)C)C(=O)C(=O)NC1CC1,[ 0.5750188   0.73763907 -0.7551596  -0.8634022  -0.4024102 ]
CNC(=O)c1[nH]cnc1C(=O)Nc1ccc(Cl)cc1,[ 0.20958948  0.8057355  -0.5539287  -0.87794954 -0.2015375 ]
ClC(Cl)(Cl)c1ccc(C(Cl)(Cl)Cl)cc1,[ 0.18202949  0.36741656 -0.9150644  -0.7526297   0.02000581]
CCCOP(=O)(OC=C(Cl)Cl)OCCCl,[ 0.2303381   0.6453427  -0.6844947  -0.74999374 -0.23881811]
Cc1cnc(Nc2cc(N3CCOCC3)nc(N[C@@H](C)c3ncc(F)cn3)n2)s1,[ 0.3472825   0.8018338  -0.89360845 -0.49621344 -0.31802404]
CC(=O)CCC(C)=O,[-0.07266302  0.73152417 -0.71360016 -0.73017704 -0.63358086]
CCCCSN(C)C(=O)Oc1cccc2c1OC(C)(C)C2,[ 0.09875003  0.80164415 -0.7239358  -0.7292082  -0.1550192 ]
C[C@@H](N/C(=N\c1ccncc1)NC#N)C(C)(C)C,[-0.09944583  0.7872319  -0.8413852  -0.87029713 -0.43407476]
CON=C(Cc1cccnc1)c1ccc(Cl)cc1Cl,[-0.02042836  0.6883933  -0.8924704  -0.60662144  0.18149848]
C=CC(=O)OCCc1ccc(CC)cn1,[ 0.0131941   0.8372027  -0.8286928  -0.51208836  0.82061315]
C#CC1(O)C=CC2C3CCC4=CC(=O)CCC4C3CCC21CC,[-0.3744152   0.53771013 -0.79244083 -0.33081004 -0.10902119]
C1CN1P1(N2CC2)=NP(N2CC2)(N2CC2)=NP(N2CC2)(N2CC2)=N1,[ 0.2109412  -1.         -0.80247223 -0.19610412  0.42258337]
O=C(O)CC(CC1CCN(C(=O)CCc2ccc3c(n2)NCCC3)CC1)C1CNc2ccccc2C1,[ 0.24627657  0.4121611   0.43626264 -1.          0.3837751 ]
O=CCCCC=O,[ 0.24275337  0.5072791  -0.02862508 -0.7047528  -0.5234247 ]
Nc1ccc(Cl)cc1,[ 0.42949343  0.6959321  -0.88778675 -0.9828369  -0.00270384]
CCC[NH+]1CCCCC1C(=O)Nc1c(C)cccc1C,[ 0.18751685  0.63865334 -0.7494895  -0.58874094 -0.42861408]
Cc1ccc(OP(=O)(Oc2ccccc2)Oc2ccccc2)cc1,[ 0.14191407  0.6541471  -1.          0.02138873 -0.22925676]
CCC(C(=O)O)c1ccc(CC(C)C)cc1,[ 0.1981244   0.7050684  -0.4331573  -0.77745605 -0.30570555]
SCc1ccccc1,[ 0.04898028  0.44484168 -0.9438722  -0.6968089   0.59766406]
COP(=O)(OC)ON1C(=O)c2cccc3cccc(c23)C1=O,[ 0.18729912  0.6760422  -0.99034536 -0.0752314   0.2635568 ]
COP(=S)(OC)Oc1nc(Cl)c(Cl)cc1Cl,[ 0.16596662  0.8398664  -0.7972228  -0.6499819  -0.26333895]
COc1ccc([N+](=O)[O-])cc1N,[-0.33582905  0.7137341  -0.80171245 -0.21964608 -0.42627084]
Oc1cc(Cl)c(Cl)c(Cl)c1Cl,[ 0.28450254  0.6169208  -0.9885838  -0.6645808  -0.15313849]
COc1cc(N)c2c(c1N)C(=O)c1ccccc1C2=O,[ 0.34798825  0.11004845 -0.7254683   0.08465009 -0.2326053 ]
COc1ccc(Oc2ccc(NC(=O)N(C)C)cc2)cc1,[ 0.18313012  0.49379623 -0.34193075 -1.         -0.28811467]
O=[N+]([O-])c1ccc(O)c(CNCCO)c1,[ 0.51573783  0.8081115  -1.         -0.42653266  0.01644777]
O=C(CCl)OC1=C(OC(=O)CCl)C(=O)OC1=O,[ 0.15129615  0.92882437 -0.77085304 -0.8633212   0.06281828]
CC(C)Oc1cc(-n2cnc3ccc(N[C@@H](CO)c4ccc(F)cn4)nc32)n[nH]1,[-0.58986664  0.717722   -0.6198357  -0.73889774 -0.19879332]
CC1=NN(c2ccccc2)C(=O)C1,[-0.3803286   0.9123357  -0.845223   -0.77183634 -0.2932283 ]
CN(C)CCOCCOCCN(C)C,[-0.09552854  0.8279695  -0.485063   -0.78548044 -0.11277358]
CCOC(=O)C=Cc1ccc2c(c1)OCO2,[ 0.21013984  0.8873718  -1.         -1.          0.26669812]
CNC(=N)c1cccc(CC(CC(=O)N2CCC(C)CC2)NS(=O)(=O)c2ccc3ccccc3c2)c1,[-0.158849    0.07328121 -1.         -0.34931228  0.2874253 ]
CCc1cccc(CC)c1N,[ 0.09556427  0.8069771  -0.67964184 -0.8304901  -0.30189696]
CC1(C)CC2(NC(=O)N(CCCN3CCC(O)CC3)C2=O)c2cc(F)ccc2O1,[ 0.20947738  0.8738723  -0.75075686 -0.43695077 -0.44423926]
NC(=O)c1cnc(N[C@@H]2CCCC[C@@H]2N)nc1Nc1cccc(-n2nccn2)c1,[-0.22564358  0.87841904 -0.7568798  -0.8077329   0.2210885 ]
Clc1nc(Cl)nc(Cl)n1,[ 0.15608135 -0.14114612 -0.9494586  -0.5982828   0.12386344]
O=c1cc(-c2ccc(O)cc2)oc2cc(O)cc(O)c12,[-0.16366556  0.5615969  -0.6163124  -0.8047571   0.6457374 ]
O=[N+]([O-])C(CO)(CO)CO,[-0.04179378  0.09374747 -0.61820364 -0.54615575 -0.8363115 ]
CCOP(=O)(CC)SC,[ 0.48154208 -0.79678273 -0.72622365 -0.6782959  -0.3564985 ]
O=C(Cl)C=CC(=O)Cl,[ 0.60722053  0.74560636 -1.          0.0418832  -0.07383547]
COP(=S)(OC)SCc1nnc(C(C)C)o1,[-0.38208842  0.80603546 -0.7169366  -0.6803941   0.07581703]
CN(C)CCOc1cc(NS(=O)(=O)c2c(Cl)cc(C(F)(F)F)cc2Cl)ccc1Cl,[ 0.0955491   0.83814657 -0.3728583  -0.52346134 -0.07672587]
COc1cc2c3c(c1O)C1(C=CC(=O)C=C1)CC3N(C)CC2,[ 0.1803338  -0.2786547  -0.8439181  -0.2827526   0.21561852]
Cc1cc(=O)n(CSP(=S)(OC(C)C)OC(C)C)nc1Cl,[-0.2692486  -0.22956231 -0.7774542  -0.89530236 -0.1088685 ]
COc1ccc(NC(=O)CF)cc1,[ 0.5323034   0.7466952  -0.9417163  -0.62474847 -0.0423906 ]
CC(C)(C)c1cc(CCC(=O)OCCSCCOC(=O)CCc2cc(C(C)(C)C)c(O)c(C(C)(C)C)c2)cc(C(C)(C)C)c1O,[ 0.37620583  0.78431976 -0.7928921  -1.          0.13428885]
CNC(=O)OCc1cccc(COC(=O)NC)n1,[ 0.23805107  0.741756   -0.538495   -0.10130347  0.2175464 ]
CCOc1nc(C(Cl)(Cl)Cl)ns1,[ 0.3473248   1.         -0.75670654 -0.4091407  -0.13996509]
Cc1c(OC2CCN(CC3CCN([C@@H](Cc4ccc(F)cc4)C(=O)O)CC3)CC2)ccc(C#N)c1Cl,[-0.36140534  0.8550392  -0.02229524 -0.57645285  0.608032  ]
C[C@@H]1NC(=O)[C@H](C)N(C)C(=O)[C@@H](C)NC(=O)[C@H](C)N(C)C(=O)[C@@H](C)N(C)C(=O)[C@@H](C)NC1=O,[ 0.05503965  0.43635395 -1.         -0.6502954   0.03968316]
CCOCCCO,[ 0.3106047   0.7319527  -0.75684166 -0.27436978  0.38426524]
CNC(=O)[C@@H]1Cc2cn(cn2)CC(=O)N2CCC[C@H]2C(=O)N[C@@H](C)C(=O)N1C,[-0.13150857  0.78934115 -0.83941996 -1.         -0.04486384]
O=C(O)COc1ccc(C(=O)CN2CCN(C3CCNCC3)CC2=O)cc1,[ 0.49925074  0.77855587 -0.9394256  -0.47415003  0.05695426]
O=C(CN1CCOCC1)NN=Cc1ccc([N+](=O)[O-])o1,[ 0.17127329  0.75474    -0.819829   -0.49496782  0.07049653]
CCOc1cc2nnc(C(N)=O)c(Nc3ccc(F)cc3F)c2cc1N1CCN(C)CC1,[ 0.23047191  0.43469477 -0.85133725 -0.6099432   0.16107753]
C[C@@H]1NC(=O)[C@@H](C)N(C)C(=O)[C@@H](C)N(C)C(=O)[C@H](C)NC(=O)[C@H](C)N(C)C(=O)[C@@H](C)N(C)C1=O,[-0.0980748   0.1603487  -0.88813347  0.1489912  -0.01653568]
C#CC1(O)CCC2C3CCC4=CC(=O)CCC4C3C(=C)CC21CC,[-0.23165902  1.         -0.96420205 -0.6379623  -0.10402116]
COc1cc2ncc(C(N)=O)c(Nc3ccc(F)cc3F)c2cc1NCCN1CCCCC1,[ 0.40555707  1.         -1.         -0.75040585  0.52944404]
COc1cc(C(=O)NC2CCCNC2)cc(OC)c1OC,[ 0.3778652   0.41674197  0.60722196 -0.18136641 -0.34759608]
Cc1ncccc1Oc1ncnc(OC2CCN(C(=O)OC(C)C)CC2)c1C,[ 0.32754162  0.8997842  -0.951187   -0.5969058  -0.15477191]
CC=C(CC)C(=O)NC(N)=O,[-0.00750928  0.8781485  -0.7229356  -0.7710758  -0.34635675]
CC1NC(=S)NC1=O,[ 0.06623116  1.         -0.90388757 -0.86519647  0.6739798 ]
CC(=O)CCCCCCCC(=O)O,[ 0.4120197   0.7177228  -0.77448523 -0.5506218  -0.19468954]
C#CC(C)(C)NC(=O)c1cc(Cl)cc(Cl)c1,[ 0.06628269  1.         -0.7271679  -0.80392677 -0.01587416]
CCC(c1ccccc1)c1c(O)c2ccccc2oc1=O,[-0.02058304  0.9835764  -0.88493156 -0.9067765  -0.40264264]
O=C(NC(CCc1ccc2c(c1)OCO2)CCc1ccc2c(c1)OCO2)c1ccc(Cl)cc1,[ 0.35009643  0.54644364 -0.8478495  -0.74212503 -0.00450194]
Cc1onc2c(=O)n(C)nc(-c3ccccc3)c12,[ 0.07031327  0.9120387  -0.8081277  -0.59647864 -0.09536167]
CN1CCN(CCCN2c3ccccc3Sc3ccc(Cl)cc32)CC1,[-0.23812227  0.46027377 -0.6235475  -0.00296138 -0.4312337 ]
CC(C=O)=Cc1ccco1,[-0.28193957  0.99967027 -0.8264012  -0.76575994  0.7472502 ]
Cc1cc(C(=O)c2ccccc2)ccc1N,[-0.03003272  1.         -0.7092251  -0.52526695  0.09009131]
CCC(C)N(C)C(=O)c1cc2ccccc2c(-c2ccccc2Cl)n1,[ 0.29766172  0.85660213 -1.         -0.6892998  -0.29333025]
CCN(CCO)c1cccc(C)c1,[-0.04164361  0.6572084  -0.71380633 -0.6459785  -0.07255068]
COc1cc2nc(N3CCN(C(=O)c4ccco4)CC3)nc(N)c2cc1OC,[ 0.21212664  0.76469487 -0.6961612  -0.9543974  -0.14749655]
O=C(O)[C@@H](c1ccccc1)N1CCC(CN2CCC(Oc3ccc(Cl)c(Cl)c3)CC2)CC1,[ 0.7187125  0.7970194 -0.9203911 -0.3514838 -0.5006837]
C[C@@H](NC1=CC(=O)CNC1)c1ccc(Nc2ncc3cc(-c4ccncc4)ccc3n2)cc1,[ 0.189129    0.7528933  -0.6836669  -0.62000895  0.4533334 ]
COP(=S)(OC)Oc1ccc(S(N)(=O)=O)cc1,[ 0.2352577   0.2753648  -1.         -0.643824    0.28966513]
O=c1cc(-c2ccc(O)cc2)oc2cc([O-])c(C3OC(CO)C(O)C(O)C3O)c(O)c12,[-0.11667673  0.70824313 -0.5395887  -0.1926745   0.78758043]
C[NH2+]C(C)Cc1ccccc1,[-0.10062919  0.5882558  -0.95608026 -0.74490255 -0.096379  ]
OCCOc1cc(Cl)c(Cl)cc1Cl,[ 0.16688257  0.6289486  -0.624875   -0.469186    0.17918952]
O=C(Nc1cccc(Cl)c1)OCC#CCCl,[ 0.02452743  0.83866185 -0.8668969  -0.7008985  -0.34547263]
OCCNCCOc1ccc(C(=C(c2ccccc2)C(F)(F)F)c2ccccc2)cc1,"[ 2.1723945e-04  8.6596209e-01 -1.0000000e+00 -2.6735005e-01
  3.3746013e-01]"
CC(=O)OC(C(Cl)(Cl)Cl)P(=O)(Oc1ccccc1)Oc1ccccc1,[-0.01223834  1.         -0.88484704 -1.         -0.17141567]
Cc1ccc2c(c1)c(Sc1cccc(Cl)c1)c(C)n2CC(=O)O,[-0.17860156  0.914966   -1.         -0.82655466 -0.09330731]
C=C(C)C(=O)OCCOC(=O)C(=C)C,[ 0.30078277  0.97700924 -0.06557142 -0.27801654  0.04609041]
COc1cc(Nc2nc(N[C@@H](C)c3ncc(F)cn3)ncc2Br)n[nH]1,[ 0.4447984   0.9494147  -0.21346195 -0.76623076 -0.56703454]
ClCC1C(CCl)C2(Cl)C(Cl)=C(Cl)C1(Cl)C2(Cl)Cl,[-0.09431215  0.765122   -0.59095424 -0.49131846 -0.5014471 ]
CN(CCCOCCOCCc1ccccc1)CCc1ccc(O)c2nc(O)sc12,[-0.6525704   0.61799467 -0.7648802  -0.8297312  -0.25853676]
Cc1ncsc1C,"[ 6.7858130e-04  6.9927323e-01 -8.9512205e-01 -7.9081565e-01
  3.0244777e-01]"
Oc1ccc2[nH]c(C(F)(F)F)nc2c1,[-0.09152488  0.7817175  -0.65050596 -0.56604844 -0.31036946]
CN(SSC(C)(C)C)C(=O)ON=C1SCCS1,[ 0.37433344  1.         -0.75935835  0.1494721  -0.31437403]
C=CC(=O)OCCCCCCOC(=O)C=C,[-0.15428558  0.11332328 -0.6347176  -0.6595899  -0.3015004 ]
CC(=O)OC(C)(C)C1CC=C(C)CC1,[ 0.41391522  1.         -0.6227691  -0.43699384 -0.08773333]
CC(C(=O)O)c1ccc(C(=O)c2cccs2)cc1,[-0.6600196   0.37194422 -0.49151096  0.38107768  0.09311869]
Nc1ccc(N)cc1,[ 0.45888382  0.5563272  -0.45269683 -0.6991935  -0.1366275 ]
CCNC(=O)C=Cc1cccc(Br)c1,[ 0.05731758  0.92552555 -0.42549896  0.19334523  0.11708826]
CCN(CC)CCO,[ 0.4094037   1.         -0.8492706  -0.83554155 -0.18663622]
CC(Cl)(Cl)[N+](=O)[O-],[ 0.01421031  0.9229843  -0.73923665 -0.74534345  0.24282661]
CC1OC(OC2C(O)CC(OC3C(O)CC(OC4CCC5(C)C(CCC6C5CC(O)C5(C)C(C7=CC(=O)OC7)CCC65O)C4)OC3C)OC2C)CC(O)C1O,[-0.43466145  0.32261062 -0.6871138  -0.6788331  -0.01594815]
C=C(C)C(=O)OCCCC,[ 0.12611595  0.7835741  -0.8165086  -0.27803358  0.5229663 ]
CCC(=O)NC[C@H]1CN(c2ccc(-c3nncs3)c(F)c2)C(=O)O1,[-0.32243642  0.7162192  -0.81061757 -0.16040589  0.3192312 ]
C=C(Cl)C(Cl)CCl,[-0.08220598  0.73976916 -0.30168188 -0.34618694 -0.09732193]
Cc1ccc(C(=O)c2ccc(CC(=O)NCC(=O)Nc3cccc(C)c3C)n2C)cc1,[ 0.20447163  0.741525   -0.5466873   0.07174574 -0.00657681]
CC(O)C#N,[-0.3077246 -0.5318967 -0.3118902 -0.9238695 -0.2869272]
CCCCOC(=O)c1ccc(-n2nc(OCCN3CCCCC3)c3ccccc32)cc1,[-0.31337625  0.96273166 -0.40895286 -0.88881767 -0.22933874]
C=COCCOC,[ 0.4372022   1.         -0.95228565 -0.6787778   0.7569677 ]
Nc1cc2c(S(=O)(=O)O)cc(S(=O)(=O)O)cc2cc1S(=O)(=O)O,[ 0.4130148   0.7747732  -0.7062141  -0.91996545 -0.3631993 ]
Cc1cc(=O)nc(SCc2ccccc2N(C)C)[nH]1,[ 0.18820253  0.89289254 -0.79359865 -0.98168373 -0.4435461 ]
CC(O)C1C(=O)N2C(C(=O)[O-])=C(SC3CCS(=O)C3)SC12,[ 0.15768263  0.5752919  -0.9249526  -0.7934829   0.01851345]
Cc1nc(N)nc(N)c1-c1ccc(Br)cc1,[ 0.00554042  0.87384015 -0.9423309  -0.67926586 -0.04732655]
COc1nc(C)nc(Cl)c1NC1=NCCN1,[ 0.17650378  1.         -0.8536448  -0.5685077   0.01427611]
COCOCCO,[ 0.04268792  0.55739766 -0.92591155  0.10964312  0.00285272]
CCCCCCCCc1ccccc1O,[ 0.3353744  -0.02569491 -0.7838019  -0.529895    0.11607788]
CN(C)C(=O)C(CCN1CCC(O)(c2ccc(Cl)cc2)CC1)(c1ccccc1)c1ccccc1,[-0.09146497  0.70205194 -0.67410225 -0.16773272 -0.25621945]
CN(C)c1ccc(N=Nc2ccccc2)cc1,[-0.01272476  0.80543697 -0.63061494 -0.78408724 -0.26340592]
C=C1CC23CC1(O)CCC2C12C=CC(O)C(C)(C(=O)O1)C2C3C(=O)O,[ 0.11169863  0.22017361 -0.9572234  -1.         -0.20563716]
CCCCCCCc1ccccc1O,[-0.01026777  0.58522725 -0.7459361  -0.81051487 -0.51903784]
C/C=C(/C)C(=O)O[C@H](c1cc2ccc(=O)oc2cc1OC)[C@H](O)C(C)(C)O,[ 0.38455552  0.89162195 -0.80810046 -0.5653178   0.69737166]
C=C(C)c1cccc(C(C)(C)N=C=O)c1,[ 0.14341176  0.8491906  -0.35074782 -1.          0.01572624]
C[C@H](CSN=O)C(=O)N1CCC[C@@H]1C(=O)O,[ 0.07904876  0.75972277 -1.         -0.7048702   0.1257098 ]
O=P(OCCCl)(OCCCl)OC1CC(C(Br)CBr)CCC1Cl,[ 0.35060224  0.71001863 -0.81507945 -0.94600344 -0.18880992]
C=C(OP(=O)(OC)OC)P(=O)(OC)OC,[-0.06465799  0.89840573 -0.58722293  0.05426728  0.5006049 ]
CC[C@@]1(O)C(=O)OCc2c1cc1n(c2=O)Cc2cc3c(CN(C)C)c(O)ccc3nc2-1,[-0.41917756  0.576969   -0.84867686 -0.6090109   0.1550448 ]
COc1ccccc1Oc1c([N-]S(=O)(=O)c2ccc(C(C)C)cn2)nc(-c2ccnc(-c3nnn[n-]3)c2)nc1OCCO,[ 0.4686193   0.94019043 -0.23594685 -0.6310226  -0.4352894 ]
CNC(=O)CSP(C)(=S)OC,[ 0.2993762   0.00754969 -0.39922583  0.17949222 -0.06453747]
COCc1c(C(C)C)nc(C(C)C)c(/C=C/[C@@H](O)C[C@@H](O)CC(=O)O)c1-c1ccc(F)cc1,[ 0.2992561   0.69510007 -0.89531547 -0.64651066 -0.5249712 ]
NC(=O)CCCCC1CCSS1,[ 0.20523982 -0.26714855 -0.8545627  -0.6950394  -0.13519354]
C[C@@H]1CC[C@H]2[C@@H](C)[C@@H](OC(=O)CCC(=O)O)O[C@@H]3OC4(C)CC[C@@H]1[C@@]23OO4,[ 0.01664624  0.91390765 -0.6290928  -0.84425235  0.01081458]
Cc1ccc([N+](=O)[O-])cc1,[ 0.5952644   0.47290018 -1.         -0.7539072  -0.08108854]
CCCN(CCC)CCCCCCCCNC(=O)Oc1ccc2c(c1)C1(C)CCN(C)C1N2C,[-0.64307445  0.7392176  -0.07050756 -0.16923326 -0.408075  ]
CC(=O)N[C@H](C)C(=O)NCCc1ccccc1,[ 0.2586805   0.8049475  -0.47206807 -0.9956048  -0.30817255]
Cc1c(F)cc(C(=O)NC2CC2)cc1-c1ccc(C(=O)NCC(C)(C)C)cn1,[ 0.22143883  0.8480044  -0.61649424 -0.4924491  -0.5245337 ]
CCN(CC)CCOCCO,[-0.09934597  0.8216504  -0.8618102  -0.5740101  -0.5729721 ]
CCCCOC(C)OCCCC,[ 0.07376651  0.775425   -0.5885589  -0.65532696 -0.19642851]
COC(C)C=O,[ 0.11678231  0.7006469  -0.76211995 -0.7355666  -0.03800469]
FC(F)(F)c1nc2c(Br)c(Br)cc(Br)c2[nH]1,[ 0.23757991  0.8714131  -0.627619   -1.         -0.27577877]
Cc1cc(Nc2nc(N[C@@H](C)c3ccc(F)cn3)c(C#N)nc2C)n[nH]1,[ 0.0431076   0.27264372 -0.70888036 -0.5305157   0.46702155]
c1ccc(C2CO2)cc1,[-0.5650957   0.7959086  -0.457225   -0.48405343  0.01208701]
COP(=S)(OC)SC(CBr)N1C(=O)c2ccccc2C1=O,[ 0.18955335  0.9072733  -0.19634883 -0.8789817   0.16088648]
C[N+](C)(Cc1ccc(NC(=O)c2ccc(Cl)c(Cl)c2)cc1)C1CCOCC1,[-1.          0.8429546  -0.43591464 -0.5473569  -0.49300516]
CN1C(=O)CC(N2CCN(CCCN3c4ccccc4COc4ccc(CC(=O)O)cc43)CC2)N(C)C1=O,[ 0.12312721  0.98185277 -0.56468093  0.07071595 -0.25124887]
CNC(=O)ON=C1CCCC1(C)C#N,[-0.14866345  0.72016853 -0.76248026 -0.6841164  -0.4213705 ]
O=C(CCCCCCC(=O)Nc1ccccc1)NO,[-0.34265077  0.78305006 -1.         -0.93669885 -0.11173587]
COCCNCc1ccc(Nc2ncc3cc(-c4ccncc4)ccc3n2)cc1,[ 0.3784006   0.75293386 -0.6483722  -0.5773807  -0.3320602 ]
CN=C=S,[ 0.5808037   0.4095769  -0.67045015  0.30911693  0.09277103]
COCCOC(=O)CC#N,[-0.1725836  0.8726876 -0.7923255 -0.9048599 -0.1186616]
CC(C)=C1CCC(C)CC1=O,[ 0.3856108   0.8784372  -0.87480855 -0.78976893  0.2304361 ]
Cc1ccc(CO)cc1N(C)c1ccnc(Nc2cc(N3CCCOCC3)cc(N3CCOCC3)c2)n1,[ 0.703662    0.6885595  -0.64224046 -0.67784804 -0.60839945]
O=C1OCC2C1C1(Cl)C(Cl)=C(Cl)C2(Cl)C1(Cl)Cl,[ 0.31349578  1.         -1.         -0.8873703  -0.584639  ]
CN(C)C1C(O)=C(C(N)=O)C(=O)C2(O)C(O)=C3C(=O)c4c(O)cccc4C(C)(O)C3C(O)C12,[ 0.23667167  0.6799208  -0.5644789  -0.8130302   0.5006586 ]
C=COC(=O)C=CC,[-0.12749594  0.7939308   0.09245431 -0.55315787  0.08898557]
COc1cc2c(cc1OC)C1CC(=O)C(CCC#N)CN1CC2,[-0.27080667  0.9386064  -0.7335686  -0.8599894   0.57487386]
[NH3+]CC1CCC(C(=O)[O-])CC1,[ 0.1966959   0.57110536 -0.6174689  -0.05600735 -0.09503916]
O=c1[nH]c(=O)c2ccccc2o1,[ 0.0721884   1.         -0.7275535  -0.6712335  -0.13570675]
C[NH+](CCOc1ccc(NS(C)(=O)=O)cc1)CCc1ccc(NS(C)(=O)=O)cc1,[ 0.5546763   0.8409252  -0.5196025  -0.695179   -0.44296798]
O=CNc1cc([C@@H](O)CNCCc2ccc(NC[C@H](O)c3ccccc3)cc2)ccc1O,[-0.43830627  0.0354129  -1.         -0.6244584   0.25555024]
O=C(O)Cc1ccccc1N1CCC(CN2CCC(Oc3ccc(Cl)c(Cl)c3)CC2)CC1,[ 0.07555384  0.89419097 -0.71906036 -0.7873862  -0.16518387]
CN(C)C(Cc1ccccc1)c1ccccc1,[ 0.07563006  0.96502656 -1.         -1.         -0.48090428]
C=C1CC1CC(N)C(=O)O,[ 0.275482    0.7765636  -0.99341345 -0.74072075  0.56761914]
NC(=S)Cc1cccc2ccccc12,[ 0.01871301  0.9176328  -0.7577667  -0.75231844 -0.68159986]
OCC(O)CO,[ 0.4187709   0.42344558 -0.69024664  0.37397364  0.14463833]
CC(C)(C)NC(=O)C1CC2CCCCC2CN1CC(O)C(Cc1ccccc1)NC(=O)C(CC(N)=O)NC(=O)c1ccc2ccccc2n1,[ 0.08931475  0.59421504 -0.5963084  -0.12613983  0.39851096]
O=[N+]([O-])c1c(Cl)c(Cl)c(Cl)c2nc(C(F)(F)F)[nH]c12,[ 0.23893872  0.6847476  -0.7715907  -0.8235097   0.22854118]
O=C1NC(=O)C(c2ccccc2)(c2ccccc2)C(=O)N1,[ 0.5276534   0.19655985 -0.85428506 -0.78939384  0.20518291]
CC(O)COC(C)CP(CC(C)OCC(C)O)CC(C)OCC(C)O,[-0.15120809  0.69257116 -0.76395935 -0.7155828  -0.08447575]
CN(C)Cc1cc(CN(C)C)c(O)c(CN(C)C)c1,[ 0.25478497  0.7655633  -0.7964387  -0.1949592   0.7508767 ]
Cc1c(CN2CCOC(c3ccccc3)C2C)c(=O)n(-c2ccccc2)n1C,[ 0.2424046   0.75158906 -1.         -0.5296885  -0.4530299 ]
CC1(C)SC2C(NC(=O)C(C(=O)[O-])c3ccsc3)C(=O)N2C1C(=O)[O-],[ 0.18504992  0.75360304 -1.         -0.15945289 -0.46975178]
Nc1nc2c(ncn2COCCO)c(=O)[nH]1,[ 0.32990268 -0.14043963 -0.734772   -0.15863393  0.4207439 ]
N#Cc1ccc2[nH]c(C(F)(F)F)nc2c1,[-0.03230714  0.7902819  -1.         -0.77719146 -0.3619511 ]
CN(C)C1CC(c2ccccc2)c2ccccc21,[ 0.29907972  1.         -1.         -0.5183722  -0.11657483]
CC(C)CCCC1CCC(C)(C(=O)NCC(=O)O)CC1,[ 0.13537908 -0.17897995 -0.35344043 -0.6892955  -0.02276588]
COC(=O)C1=C(C)NC(C)=C(C(=O)OCCN(C)Cc2ccccc2)C1c1cccc(N(O)O)c1,[ 0.0514685   0.85318905 -0.07787178 -1.         -0.37224594]
C=CC(=O)OCCOC(=O)c1ccc(C(=O)O)cc1C(=O)O,[ 0.02971499 -0.07911421 -0.8924938  -0.37072426 -0.03824816]
O=C(O)c1nn(Cc2ccc(Cl)cc2Cl)c2ccccc12,[ 0.4224153   0.7868013  -1.         -0.26666552 -0.23504555]
CNc1c(Br)cnc2[nH]c(-c3ccc(S(C)(=O)=O)cc3)nc12,[-0.18195315  0.5698108  -0.50299627  0.6592354   0.01392243]
CC1CS1,[ 0.41688046  0.95323914 -0.74033755 -0.7786432  -0.01766578]
COc1nccnc1NS(=O)(=O)c1ccc(N)cc1,[ 0.44677213  0.8905899  -0.66497487 -1.         -0.04583471]
CC(=O)SCC(=O)Nc1nc2ccccc2s1,[ 0.3350376   0.796942   -0.5097151  -0.77697724 -0.4166892 ]
Cc1ccccc1S(=O)(=O)NC(=O)N1CCC(N2CCC(Oc3ccc(Cl)c(Cl)c3)CC2)CC1,[ 0.37620533  0.8750836  -0.68508464 -0.9978913   0.12356091]
CC(CN1CC(=O)NC(=O)C1)N1CC(=O)NC(=O)C1,[-0.48849693  0.69231796 -0.95513296 -0.85849184 -0.10160201]
CC(=O)Oc1cc(C(F)(F)F)ccc1C(=O)O,[-0.12968574  0.74895114 -0.7164874  -0.32904366  0.03494244]
CN(C)N=Nc1nc[nH]c1C(N)=O,[ 0.24951269 -0.39842725 -0.9182074  -0.3435079   0.69277483]
CCC(C)(C)C1CCC(=O)CC1,[ 0.49477187  0.71022886 -0.33335388 -0.64423645 -0.24303864]
CC(CC(=O)OC(C)(C)C)NC(=O)C1=NOC(C(O)(C(F)(F)F)C(F)(F)F)C1,[ 0.68836147  0.70285386 -0.90858436 -0.44360816  0.3467646 ]
CCCCCC(=O)O,[ 0.45383713  0.6321899  -0.7821795  -0.40307808 -0.21920365]
CC[C@H]1CN(Cc2cc(Cl)ccc2OCC(=O)O)CCN1S(=O)(=O)c1ccccc1,[ 0.03167434  0.6760316  -1.         -0.5731565   0.2726842 ]
CN1CCN(CCC=C2c3ccccc3Sc3ccc(S(=O)(=O)N(C)C)cc32)CC1,[-0.5785713   0.02048194 -0.6308144  -0.96639127 -0.15274714]
Cc1c(Sc2ccc(Cl)cc2)c2c(-c3ccccc3)cccc2n1CC(=O)O,[ 0.41292527  0.95782435 -0.51503265 -0.4150848  -0.03702503]
CCOP(=S)(Oc1cccc2cccnc12)c1ccccc1,[ 0.04048471  0.937111   -0.72505265 -0.48927212  0.32036752]
Cc1cncc(C)n1,[-0.11272686  0.7606251  -0.71328163 -0.9286422  -0.5859727 ]
Nc1ccc(F)c(F)c1F,[-0.04247901  0.78747785 -0.2775231  -0.8323883   0.780328  ]
Cc1cccc2sc3nncn3c12,[ 0.41415748  0.7655307  -0.596412   -0.2545598  -0.5160135 ]
Nc1nc2ccc(OC(F)(F)F)cc2s1,[-0.22979912  0.9799518  -0.63780427 -0.30234846 -0.31025976]
CCCOP(=O)(SCCC)SCCC,[-0.35307524  0.77947253 -0.04202422 -0.9273339  -0.17709816]
Cc1cc(OC(=O)N(C)C)n(C(C)C)n1,[-0.2674366   1.         -0.40644765  0.02697655 -0.21718946]
COc1cccc2c1cc([N+](=O)[O-])c1c(C(=O)O)cc3c(c12)OCO3,[-0.22953975  0.05562852 -0.6804433  -0.59730047 -0.18109739]
CCOC(=O)COC(=O)c1cc(Oc2ccc(C(F)(F)F)cc2Cl)ccc1[N+](=O)[O-],[ 0.2001714  -0.35170668 -0.35711563  0.05462164  0.00129327]
CC1(C)C(C=C(Cl)Cl)C1C(=O)OCc1c(F)c(F)c(F)c(F)c1F,[ 0.45770004  0.78637683 -0.83942795 -0.8360804   0.10322632]
O=C(/C=C/c1ccc(O)c2c1C(C(=O)O)C(c1ccc(O)c(O)c1)O2)OC(Cc1ccc(O)c(O)c1)C(=O)O,[ 0.28848344  0.8653432  -0.83641046 -0.6540663  -0.24425566]
CC=CC(C)=O,[ 0.68352103  0.35532665  0.14635286 -0.5430082  -0.5939169 ]
CCc1nc(N)nc(N)c1-c1ccccc1,[ 0.3856199   0.3950004  -0.84615695 -0.8469338  -0.3500334 ]
Cc1cc([N-]S(=O)(=O)c2ccc(N)cc2)no1,[-0.43172848 -0.7194164  -0.9738132  -0.56267995 -0.37737578]
Oc1c(O)c(-c2c(Cl)c(Cl)c(Cl)c(Cl)c2Cl)c(Cl)c(Cl)c1Cl,[ 0.32864547  0.6906644   1.         -0.30555102 -0.61596894]
COc1ccccc1Oc1c([N-]S(=O)(=O)c2ccc(C)cn2)nc(-c2ccncc2)nc1OC,[ 0.32240295  0.5874923  -0.51978415 -0.7384403  -0.16346832]
CC(C)(C)OC(=O)N1CCN(c2ncc(OCc3ccncc3)cn2)CC1,[ 0.0393821   0.8645395  -0.57498395 -0.5100461  -0.2670685 ]
Nc1ccc(O)c([N+](=O)[O-])c1,[-0.4664581  -0.560481   -0.8815108  -0.75311536 -0.24515764]
CCOP(=S)(OCC)Oc1ccc([N+](=O)[O-])c(C)c1,[ 0.4337665   0.9112461  -0.90133446 -0.09516104  0.15974243]
CC1(C)SCN(C(=O)C2(Oc3ccc(Cl)cc3)CCCCC2)C1C(=O)O,[-0.03140516  0.47702795 -0.6962529  -0.85045767 -0.289502  ]
CCCOCCOC(=O)C1=C(C)NC(C)=C(C(=O)OCCOCCC)C1c1cccc([N+](=O)[O-])c1,[ 0.6251197   0.9807583  -1.         -0.3643405   0.08824853]
CCCOCCN(C(=O)CCl)c1c(CC)cccc1CC,[ 0.2912      0.70774484 -1.          0.05507358  0.03961136]
CCC(C)OC=O,[ 0.32230958 -0.48777482 -0.9233858  -0.48197505 -0.42521146]
O=[N+]([O-])c1ccc(C=NNC(=S)N2CCCC2)o1,[-0.11263166  0.7764161  -0.9392237  -0.6871817   0.22190058]
COP(=O)(OC)OC(=CCl)c1cc(Cl)ccc1Cl,[ 0.3152773   0.74213266 -0.86505735 -0.44329798  0.9589553 ]
CCOC(C)COC(C)CO,[-0.18088599  0.78145117 -0.77834064 -0.4181091  -0.2006955 ]
CN(C)C(=O)Oc1cccc2sccc12,[ 0.3364566   0.1900233  -0.68351024 -0.6451648  -0.4340789 ]
CC1CCN(C(=O)CC(Cc2cccc(C(=N)N)c2)NS(=O)(=O)c2ccc3ccccc3c2)CC1,[ 0.2666869   0.90486366 -0.74723107 -0.8428663   0.08188808]
CCOC(=O)CCN(Cc1ccccc1)SN(C)C(=O)ON=C(C)SC,[-0.50351256  0.8653442  -0.85836    -0.67510355 -0.04597918]
Clc1cc(Cl)cc(Cl)c1,[ 0.71050966 -0.41965163 -0.9088541  -0.86122227  0.03754227]
CCC(C)c1ccc(Oc2ccc(C)cc2CC(=O)O)c(Cl)c1,[ 0.64465094  0.9214489  -0.7683085  -0.44316158 -0.13098852]
CCOP(=S)(OCC)Oc1cc(C)n(CC)c(=O)c1,[-0.12920377  0.8611884  -0.9360091  -0.7806192  -0.46636382]
OCCOCCOCCOCCO,[ 0.40139163  0.7994026  -0.54901105 -0.86454815 -0.46200433]
CCOP(=S)(OCC)SCC(=O)N(CCC#N)c1ccccc1,[ 0.14946723  0.94903827 -0.84681094 -0.81312245  0.10883755]
OCCOCCN1CCN(C(c2ccccc2)c2ccc(Cl)cc2)CC1,[ 0.48402303  0.8567737  -0.25847787 -0.6917101   0.03800226]
CCC(=O)CC,[ 0.12710385  0.7128845  -0.80005866 -0.72422725 -0.21079665]
CCC(=O)N(c1ccccc1)C1CCN(CCc2ccccc2)CC1,[-0.02814677  0.09619129 -0.64617753 -0.47317237 -0.10342167]
O=C(c1ccc(Cl)cc1)c1ccccc1-c1ncc[nH]1,[-0.0798701   0.833934   -0.22864164 -0.764163   -0.2730732 ]
CCNC(=O)C(C)OC(=O)Nc1ccccc1,[ 0.42048368  0.73340833 -0.8963685  -0.61846644  0.18904904]
CC(C)CCC(C)Nc1ccc(Nc2ccccc2)cc1,[-0.21943258  0.44584176 -0.6156301  -1.         -0.07391619]
O=c1[nH]c2c(O)ccc([C@@H](O)CNCCSCCCNCCc3cccc(Cl)c3Cl)c2s1,[-0.16233438  0.43631566 -0.93629     0.49882162 -0.14253762]
CCC(CC)C(=O)OCCOCCOCCOC(=O)C(CC)CC,[ 0.31299216  0.44109035 -0.48058894  0.09139523  0.25257412]
CCCN(CCC)c1c([N+](=O)[O-])cc(C(C)C)cc1[N+](=O)[O-],[-0.06371889  0.9700642  -0.8878394  -0.88016176  0.23955566]
C1=CCC(C2OCC3(CC=CCC3)CO2)CC1,[ 0.03301507  0.08007672 -0.25984532  0.31192747  0.33430818]
CC(C)[C@H](C(=O)Nc1nccs1)c1ccc(Cl)cc1,[ 0.06805622  0.81402814 -0.83122355 -0.5965375   0.21670903]
C=CCSP(=O)(NC(=O)CC)OC,[-0.3639485   0.86666507 -0.58632845 -0.5877374  -0.03537735]
CC(=O)C1OC1(C)C,[ 0.65011525  0.7491865  -0.6852626  -0.714172   -0.04064989]
CCN1C(=O)C=CC1=O,[ 0.0325767   0.54462564 -0.6136041  -0.74448353  0.11229788]
Clc1cccc([Si]23OCCN(CCO2)CCO3)c1,[ 0.33503503  1.         -0.50848144 -0.92819375 -0.665092  ]
O=CNC(N1CCN(C(NC=O)C(Cl)(Cl)Cl)CC1)C(Cl)(Cl)Cl,[ 0.28855234  0.88978934 -1.         -0.7713616   0.7751167 ]
CC1[NH2+]Cc2cc(-c3ccc4c(=O)c(C(=O)[O-])cn(C5CC5)c4c3OC(F)F)ccc21,[ 0.2682971  1.        -0.8135736 -0.7201215 -0.321451 ]
O=C(CCl)CCl,[ 0.3408835   0.8358015  -0.67024064 -0.6549605  -0.39450887]
CN,[ 0.728761    0.827047   -0.7656333  -0.35074857 -0.70228887]
CCOP(=O)(OCC)Oc1nc(Cl)c(Cl)cc1Cl,[-0.06045182  0.35628468 -0.65741855 -0.8720128  -0.22711052]
O=Cc1cccc2ccccc12,[-0.00577478 -0.28987584 -0.5827617  -1.          0.20526548]
COC(C)COC(C)COC(C)CO,[ 0.5948447   0.621554   -1.         -0.4027158  -0.38069394]
CCOP(=O)(OCC)OC(=C(Cl)Br)c1ccc(Cl)cc1Cl,[-0.25632498  0.7499138  -0.77092904 -0.89350265 -0.2832381 ]
COP(=S)(OC)Oc1cc(Cl)c(Cl)cc1Cl,[ 0.30426118  0.44612163 -0.6413954  -0.7885904  -0.20662054]
CCC[C@@H](c1ccc(C(=O)O)c(Oc2cccc(Cl)c2)c1)N1CCC[C@H](n2cc(C)c(=O)[nH]c2=O)C1,[-0.102965    0.8426758  -0.42514074 -0.60697436 -0.27688593]
CC(O)CO,[ 0.08120363  0.94677526 -0.92798156 -0.64720184  0.96440154]
C=CCc1ccc(OC(C)=O)c(OC)c1,[ 0.324776    1.         -1.         -1.         -0.00172498]
COCCN(C(=O)CCl)c1c(C)cccc1C,[-0.16877013  0.50071496 -0.8071092  -0.7067514   0.08993251]
OCc1cc(C(O)C[NH2+]CCCCCCOCCOCc2c(Cl)cccc2Cl)ccc1O,[ 0.6347627   0.7648094  -0.8342108  -0.7337151  -0.52389234]
Cn1c(C(=O)NC2(C(=O)N[C@H](Cc3ccccc3)C(=O)NCCCN3CCOCC3)CCCC2)cc2ccccc21,[-0.62345356  0.6689832  -0.9661023  -0.40903705 -0.16796596]
CC1(C)C2CC=C(CCO)C1C2,[ 0.15249446  0.66323036 -0.69306874 -0.573359    0.14338498]
CCOC(C1=NCCCN1)c1c(Cl)cccc1Cl,[ 0.5385755   0.58453995 -0.6270675  -0.69454765 -0.03625308]
O=C(CCCN1CCC(O)(c2cccc(C(F)(F)F)c2)CC1)c1ccc(F)cc1,[ 0.06604558  0.854725   -0.8558812  -0.63943994 -0.21814305]
CC(C)OP(=S)(OC(C)C)SCn1nc(Cl)ccc1=O,[-0.5278158   0.90915513 -0.16767268  0.21886998 -0.25436074]
O=c1c(Cl)c(Cl)cnn1-c1ccccc1,[ 0.28683105  0.9010883  -0.7474303  -0.16914828  0.06044795]
O=[N+]([O-])c1cc2[nH]c(C(F)(F)F)nc2cc1Cl,[ 0.5010575   0.79109377 -0.8337223  -0.31670204  0.42550522]
CC(=O)Oc1ccc2c3c1OC1C(OC(C)=O)C=CC4C(C2)[NH+](C)CCC341,[ 0.30068004  0.32742023 -0.535084   -0.6610525   0.19022818]
CC1CCC(N)CC1N,[ 0.33569127  0.78792495 -0.66902065 -0.17287749  0.0632361 ]
CS(=O)(=O)c1nc(-c2ccc(F)cc2)n(-c2ccc(Cl)cc2)n1,[-0.26008376  0.8215216  -0.55664605 -0.84399974 -0.39351228]
COc1cc2c(cc1OC)C(Cc1cc(OC)c(OC)c(OC)c1)[N+](C)(CCCOC(=O)CC/C=C\CCC(=O)OCCC[N+]1(C)CCc3cc(OC)c(OC)cc3C1Cc1cc(OC)c(OC)c(OC)c1)CC2,[ 0.48007002  0.82527643 -1.         -0.7916968  -0.33146065]
S=C1NCCNC(=S)S1,[ 0.11106297  0.99598837 -0.81692725 -0.9766456  -0.4246664 ]
CSCCC([NH3+])C(=O)NC1(C(=O)[O-])CS(=O)(=O)C2C(C(=O)[O-])C21,[-0.3251633   1.          0.30399755 -1.         -0.9012842 ]
Cc1c(Cl)c([N+](=O)[O-])c2[nH]c(C(F)(F)F)nc2c1[N+](=O)[O-],[ 0.3375849   0.4986493  -0.62149507 -0.7557016   0.00104937]
CC12CCC3c4ccc(O)cc4CC(CCCCCCCCCS(=O)CCCC(F)(F)C(F)(F)F)C3C1CCC2O,[ 0.11246985  0.17530279 -0.62537163  0.6843623   0.13626842]
CCCCCCCCCCCCCCCCCC(=O)Cl,[ 0.47943234  0.8263375  -0.6376044  -0.78730136 -0.4153922 ]
COc1ccc(CC2c3cc(OC)c(OC)cc3CCN2C)cc1OC,[ 0.23663224  0.9102643  -0.7553994  -1.          0.08413033]
O=[N+]([O-])c1nccs1,[ 0.1236003   0.653282   -0.8480537  -0.8462699  -0.00581205]
CCC(CCCCOC(=O)c1ccccc1)COC(=O)c1ccccc1,[ 0.3582435   0.79099363 -0.8200655  -0.7316678  -0.22142243]
Cc1onc2c(=O)[nH]nc(-c3ccccc3)c12,[ 0.19503197  0.6295587  -0.7794043  -0.5850403   0.5996962 ]
CC(=O)c1c(C)c2cnc(Nc3ccc(N4CCNCC4)cn3)nc2n(C2CCCC2)c1=O,[-0.4246956   0.9011614  -0.84455496 -0.5817126   0.40778008]
O=C(CCc1ccccc1)OC1=C(OC(=O)CCc2ccccc2)C(=O)OC1=O,[-0.32833266  0.90379465 -0.8568042  -0.6905215   0.29845124]
Clc1ccc(OCOc2ccc(Cl)cc2)cc1,[ 0.6670284   0.40049163 -0.5057913  -0.31185263 -0.2263638 ]
CCC1(CC)Oc2cccc(OC(=O)N(C)C(C)=O)c2O1,[ 0.3406728   0.80244195 -0.70704144 -0.9221023  -0.0057061 ]
Cc1c(OCC(F)(F)F)ccnc1CS(=O)c1nc2ccccc2[nH]1,[ 0.28591976  0.8768345  -0.27469173 -1.         -0.29238382]
CNC(=O)ON=C(C)SCC(N)=O,[-0.12134418 -0.03217485  0.1053143  -0.58535147 -0.6555022 ]
Cc1cccc(N)c1C,[ 0.23445186  0.78944147 -0.6488471  -0.47070354 -0.0222519 ]
NC(=O)N1C(=O)C(C(=O)c2cccs2)c2cc(Cl)ccc21,[-0.11326534  0.29203343 -0.8128757   0.02837924 -0.46884146]
CCN(CC)c1c([N+](=O)[O-])cc(C(F)(F)F)c(N)c1[N+](=O)[O-],[ 0.2753021   0.8208263  -0.61569595 -0.9139525  -0.21510307]
Nc1c(Cl)c(Cl)c2[nH]c(C(F)(F)F)nc2c1Cl,[-0.19389834  0.5039879  -0.51302534 -0.9661835  -0.31390503]
Cc1cc(Sc2cc(C)c(O)c(C(C)(C)C)c2)cc(C(C)(C)C)c1O,[ 0.6183996   0.7830715  -0.34594893 -0.47031698 -0.08834546]
O=[N+]([O-])c1ccc(Cl)c([N+](=O)[O-])c1,[ 0.46274427  0.06152245 -0.71295327  0.71709806  0.16515955]
C=CCN1CCCC1CNC(=O)c1cc2nn[nH]c2cc1OC,[ 0.4688582   0.24854541 -0.9201785  -0.2772509   0.71053034]
O=C(CN1CCNCC1)NN=Cc1ccc([N+](=O)[O-])o1,[ 0.06700268 -0.4906383  -1.         -0.8481066   0.09680881]
CCC(O)CO,[ 0.10714241  0.7239043  -0.9805327  -0.42987624 -0.11284198]
CCCSP(C)(=S)Oc1ccccc1,[ 0.5758799   0.6559436  -0.75019836 -0.5391067   0.51333916]
Cc1cc(-c2ccc(Cl)c(C(=O)NCC3(O)CCCCCC3)c2)nn1C[C@H](O)CN,[ 0.2701456  1.        -1.        -0.8608122 -0.5169185]
COc1ccc(-c2nc3ccc(C4=NNC(=O)CC4C)cc3[nH]2)cc1,[ 0.41268283  0.6015235  -0.670959   -0.9285768  -0.29132882]
ClC(Cl)(Cl)c1cccc(C(Cl)(Cl)Cl)c1,[ 0.38636196  0.94865966 -0.60982096 -1.          0.35663393]
CC(C)(C)[NH2+]CC(O)c1cc(O)cc(O)c1,[ 0.29030806 -0.11968938 -1.         -0.80876195 -0.33540544]
CCOc1ccccc1OC(c1ccccc1)C1C[NH2+]CCO1,[ 0.5403311   0.6399899  -0.37732586 -0.8876114  -0.34008968]
