CN(C)C(=O)Cl,[ 0.46832937  0.57205015 -0.67168903 -0.46426377  0.05593193]
C=C(C)C(=O)OCCC[Si](OC)(OC)OC,[-0.22420093  0.8871764  -0.86535364 -0.80846894 -0.3956921 ]
CNc1c(C(N)=O)cnc2[nH]c(-c3ccc(OCCN4CCOCC4)cc3)nc12,[ 0.22657011  0.8060138  -0.83799183 -0.7675917   0.18225129]
CCCN(CCC)c1c([N+](=O)[O-])cc(C)cc1[N+](=O)[O-],[ 0.28221413  0.734564   -0.35717684 -0.40281907 -0.3666724 ]
CC[C@H](CO)NC(=O)[C@H]1C=C2c3cccc4[nH]cc(c34)C[C@@H]2N(C)C1,[ 0.06108511  0.84100616 -0.6979916  -0.7348163  -0.61272305]
CC1OC(OC2C(O)CC(OC3C(O)CC(OC4CCC5(C)C(CCC6C5CC(O)C5(C)C(C7=CC(=O)OC7)CCC65O)C4)OC3C)OC2C)CC(O)C1O,[-0.1975004   0.7877728  -0.7777131  -0.6813978  -0.01650842]
O=C(CCc1ccccc1)OC1=C(OC(=O)CCc2ccccc2)C(=O)OC1=O,[-0.12999244  0.7905016  -0.7906213  -0.51211417  0.54585314]
COC(=O)C(C)NP(=O)(OC[C@@H]1C=C[C@H](n2cc(C)c(=O)[nH]c2=O)O1)Oc1ccc(I)cc1,[ 0.24187262  0.7155363  -0.8195242  -0.86195934  0.24288283]
Cc1onc2c(=O)n(C)nc(-c3ccccc3)c12,[ 0.34684917  0.8941689  -0.840502   -0.73688054 -0.14652982]
Fc1cc(-c2cccc3ncc(-c4cnn(C5CCNCC5)c4)nc23)cc(F)c1CN1CCOCC1,[ 0.14022578  1.         -0.8401757  -0.651897   -0.04356798]
COc1cc(C=CC(N)=O)ccc1O,[ 0.27678886  0.69665813 -0.9175319  -0.72026813 -0.01059609]
O=C1C(Cl)C(CCl)CN1c1cccc(C(F)(F)F)c1,[ 0.22435974  0.8673953  -1.         -0.27378607  0.7669912 ]
CC1CC(=O)NN=C1c1ccc([N-]N=C(C#N)C#N)cc1,[ 0.27195072  0.63421506 -0.50095993 -0.79371166  0.11441714]
Cn1c(COP(=O)(NCCBr)NCCBr)cnc1[N+](=O)[O-],[-0.09727276  1.         -0.8720176   0.04777439 -0.23493624]
NC(=O)Nc1cccc2c3c([nH]c12)CCCC3,[ 0.49001697  0.5286102  -0.8170997  -0.28293735 -0.16259803]
C=CC(=O)OCC(=O)OCC,[-0.80148727  0.8669966  -0.6039928  -0.5492675   0.14509901]
CN(C)C(=O)C(CCN1CCC(O)(c2ccc(Cl)cc2)CC1)(c1ccccc1)c1ccccc1,[ 0.1323251   0.52102363  0.2712705   0.15586829 -0.31757033]
Oc1nc(-c2ccccc2)nc2ccccc12,[ 0.25412053  0.10114755 -0.75883573 -0.9443262   0.11439389]
C1C[SiH2]C1,[ 0.18615922  0.6830085  -0.7748074  -1.          0.03493853]
CCC(c1ccccc1)c1c(O)c2ccccc2oc1=O,[ 0.14836916  0.85990655 -0.89433277 -0.8714756  -0.30272558]
Cc1cc(Nc2nc(N[C@@H](C)c3ccc(F)cc3)ncc2Cl)n[nH]1,[ 0.44899094  0.7288804  -0.6880353  -0.77485305 -0.5518334 ]
CC(=Cc1ccccc1)C=C1SC(=S)N(CC(=O)O)C1=O,[ 0.46317288  0.8898893  -0.44910246 -0.72340256  0.20663033]
CC(C)Cn1c(=O)n(C)c(=O)c2c(C(=O)N3CC[C@@H](O)C3)c(Cc3c[nH]c4ccccc34)sc21,[ 0.24986383  0.84550065 -0.71604663 -0.4382935   0.2527845 ]
CC(C)CN,[-0.41804793  0.9085677  -0.85480803 -0.75802034  0.01920303]
CCOC(=O)c1ccc(C#Cc2ccc3c(c2)C(C)(C)CCS3)nc1,[ 0.00146437  0.6997532  -0.93314743 -0.6411546  -0.47737345]
CNC(=O)Nc1nnc(C(C)(C)C)s1,[ 0.23309219 -1.         -0.82990754 -0.31588307 -0.26287544]
C=CC[N+]1([C@H]2C[C@H]3[C@@H]4CC[C@H]5C[C@H](O)[C@@H](N6CCOCC6)C[C@]5(C)[C@H]4CC[C@]3(C)[C@H]2OC(C)=O)CCCC1,[-0.35356572  0.6562714  -0.92947704 -0.732272   -0.04293944]
OCCOCCCl,[ 0.22369324  0.82695836 -1.         -0.9345278  -0.3844344 ]
COP(=S)(OC)Oc1nc(Cl)c(Cl)cc1Cl,[ 0.46662867  0.60657775 -0.78709525 -0.740696   -0.26044586]
O=CCc1ccccc1,[ 0.03181414  0.07003133 -0.7928821   0.39848772  0.06108798]
COP(=O)(OC)OC(=CCl)c1cc(Cl)ccc1Cl,[-0.18056189  0.85444283 -0.0059447  -0.6047461  -0.25328657]
CCC(=O)O,[ 0.6457398  0.7994134 -0.5944248 -0.5676001  0.2744289]
CCC(C)OC(CBr)c1ccc(Cl)cc1,[-0.6983988   0.77926487 -0.8376104  -0.66794264 -0.3352018 ]
O=[N+]([O-])c1ccc(O)c(CNCCO)c1,[ 0.15807866  0.7948748  -1.         -0.60057145 -0.07894728]
COP(=S)(OC)SCC(=O)N1CCOCC1,[ 0.1947387   0.6638237  -0.3706171  -0.01604664  0.19797868]
O=C(O)COc1ccccc1,[ 0.01629625 -0.52798855 -0.08205694 -0.66703355 -0.21316777]
CCCCCCCCCCCCCCCN,[-0.03395953  0.8729399  -0.3441161  -1.          0.6294835 ]
O=C(COc1ccc(Cc2ccc(Cl)cc2)cc1)OCc1cccnc1,[-0.2157392   0.8254409  -0.79896384 -0.72372365 -0.06177483]
C=CCSP(=O)(NC(=O)CC)OC,[-0.21660937  0.3735002  -0.44805893 -0.55577755 -0.05102869]
N#CC(c1ccccc1)c1ccccc1,[ 0.62178946  0.59706193 -0.74132735 -0.53937685  0.08981401]
NCCCCN,[ 0.61877465  0.7770136  -0.7863968  -0.96855056  0.07108088]
CCN(CC)CCCCCCCCCCNC(=O)Oc1ccc2c(c1)C1(C)CCN(C)C1N2C,[ 0.31338257  0.6186617  -0.68996453 -0.59811574  0.32929936]
COc1cc2c(cc1OC)C(CCc1ccc(Cl)cc1)N(C)CC2,[ 0.3436106   0.69433886  0.48139897 -0.21108988 -0.38592014]
CN(C)c1ccc(O)c2c1CC1CC3C([NH+](C)C)C([O-])=C(C(N)=O)C(=O)C3(O)C(O)=C1C2=O,[ 0.29325238  0.5908252  -0.84511435 -0.5240444   0.5996288 ]
CCC1(CC)Oc2cccc(OC(=O)N(C)C(C)=O)c2O1,[ 0.3603252   0.81409436 -0.72416335 -0.81821     0.6144178 ]
O=Cc1cccc2ccccc12,[ 0.03412856  0.14811814 -1.         -0.994918    0.00807806]
O=C1COc2ccc(CNC3CCN(CCN4C(=O)COc5ccc(Cl)cc54)CC3)nc2N1,[ 0.3070019   0.7621888  -0.91824955 -0.73918927 -0.28731838]
C#CC(C)(C)O,[ 0.6038682   0.6269812  -0.84853154 -0.23594095 -0.12484373]
C[C@]12C[C@H](O)[C@H]3[C@@H](CCC4=CC(=O)CC[C@@]43C)[C@@H]1CC[C@]2(O)C(=O)CO,[ 0.1755197   0.9086798  -0.30267277 -0.73589617  0.08295943]
Cc1cccc(C)c1NC(=O)C1CCCC[NH+]1C,[ 0.2555966   0.88054425 -1.         -0.7731122   0.61938435]
CCCCOCCOC(C)=O,[ 0.26954514  0.7855788  -0.74736905  0.04027577 -0.474419  ]
c1ccc2sc(SNC3CCCCC3)nc2c1,[ 0.0952311   0.8284593  -0.75194824 -0.6614805  -0.37050816]
CC(NC(C)c1ccccc1)c1ccccc1,[-0.17544097  0.64597315  0.20441867 -0.43821022 -0.44699833]
CCC(C)c1ccccc1,[ 0.05797839  0.831974   -0.86833924 -0.40526626 -0.3416365 ]
CCCSP(C)(=S)SC(CC(=O)OCC)C(=O)OCC,[-0.4205318   0.9320385  -0.7324531  -0.84284073  0.00660969]
C[C@@H]1CN(Cc2ccc(F)cc2)CCN1C(=O)COc1ccc(Cl)cc1NC(N)=O,[ 0.4744496  -0.31618232 -0.1521465  -0.53088784 -0.6399757 ]
C=CC(=O)OC1CC2CCC1C2,[-0.17188671  0.00299857 -0.6706377  -0.6656811   0.44070783]
Oc1ccc2c(c1)CCC2,[ 0.18475464  0.82453203 -0.67776406 -0.8822067   0.02941277]
CCC(C(=O)O)C1(O)CCCCC1,[-0.18582691 -0.1707611  -0.30699158 -0.9308927  -0.17338522]
Cc1cccc2sc3nncn3c12,[ 0.3677078   1.         -0.41996345  0.01426892 -0.02871122]
Cc1c(Sc2ccc(Cl)cc2)c2c(-c3cnccn3)cccc2n1CC(=O)O,[-0.13427351  0.7937613  -1.         -0.8327204   0.16581704]
N#Cc1cccc(Cc2ncccn2)c1,[-0.11488944  0.91064864 -0.5458425  -0.9664998  -0.40899795]
Nc1nc2c(ncn2COCCO)c(=O)[nH]1,[ 0.36716133 -0.11471591 -0.6961128  -0.13882491  0.50596046]
CC(=O)OCCOCCOCCOC(C)=O,[ 0.54973143  0.69069827 -0.6641874  -0.84218454  0.15757291]
COc1ccc(CC2c3cc(OC)c(OC)cc3CCN2C)cc1OC,[ 0.16107497  0.9563135  -0.69362694 -1.         -0.04079157]
C[C@@H]1NC(=O)[C@@H](C)N(C)C(=O)[C@@H](C)N(C)C(=O)[C@H](C)NC(=O)[C@H](C)N(C)C(=O)[C@@H](C)N(C)C1=O,[ 0.18514499  0.8441468  -0.7874737   0.43731764  0.26942557]
COP(=S)(Cl)OC,[ 0.4899433   0.8314724  -0.8349151  -0.3877892  -0.16254075]
CCCOP(=O)(OC=C(Cl)Cl)OCCCl,[ 0.35527733  0.04408101 -0.6239064  -0.6587198   0.02606565]
COc1ccc(-c2cc(=O)c3ccc(OC)cc3o2)cc1,[ 0.05155156  0.82397    -0.82539445 -0.21495235  0.32302156]
CCC(CC)(C(=O)O)c1cccc2ccccc12,[-0.28430903  0.8343613  -0.77553344 -0.9153272   0.10989899]
Cn1cncc1CN(CCN(Cc1ccccc1)S(=O)(=O)c1ccccn1)c1ccc(C#N)cc1,[ 0.36337993  0.6701572  -0.8097802  -0.8172969   0.13259849]
Nc1nc(-c2ccccn2)nc(N)c1Cc1ccc(Cl)cc1Cl,[-0.03265498  0.96071863 -0.8864329  -0.45236006  0.5233468 ]
O=P(O)(O)C(O)(Cn1ccnc1)P(=O)(O)O,[-0.45042643  0.7057542  -0.9263895  -0.744045   -0.03821945]
C=COCCOC,[ 0.37840334  0.8667481  -0.85590684 -0.54827857  0.59649694]
COc1cc2nc(N3CCN(C(=O)C(C)OC)CC3)nc(N)c2cc1OC,[ 0.2626414   0.9655466  -0.72840357 -0.67781645  0.412371  ]
Cc1ccc(C(=O)N(CCCN)[C@@H](c2nc3cc(Cl)ccc3c(=O)n2Cc2ccccc2)C(C)C)cc1,[ 0.3241444   0.539159    0.24779823 -0.5355865  -0.05983452]
CC(C)Nc1nc(Cl)nc(NC(C)C)n1,[ 0.46005076  0.7711483  -0.78018343 -0.7308065  -0.20673451]
CC1CCCCC1NC(=O)Nc1ccccc1,[ 0.2393796   0.6964066  -0.63915783 -0.87141764 -0.35027775]
O=C(OCCc1ccccc1)c1ccccc1,[ 0.43987796  0.44114724 -0.78794473  0.16667028  0.08351222]
O=CC1=CCCCC1,[ 0.41244575  0.8793338  -0.92218876  0.11863899 -0.00490001]
CC(C)NCC(O)COc1ccc(COCCOC(C)C)cc1,[-0.6028231   0.8398381  -0.6453831  -0.5012584   0.01347141]
O=P([O-])([O-])C(Cl)(Cl)P(=O)([O-])O,[ 0.5096698   0.8599708  -0.7177761  -1.          0.13781847]
Cc1cn([C@H]2CCCN([C@H](CC(C)C)c3ccc(C(=O)O)c(Oc4cccc(Cl)c4)c3)C2)c(=O)[nH]c1=O,[ 0.14501277  0.8353402  -0.8105179  -0.76617396 -0.70138955]
Cc1cc(C)c(C)cc1C,[ 0.49778342  0.8046183  -0.00256539 -0.9173055  -0.17553994]
Cc1ccccc1COC1CC2(C(C)C)CCC1(C)O2,[ 0.01923147  0.19401604 -0.70275307 -0.60820526 -0.0422939 ]
C[NH2+]C(C)C1CCC(N)C(OC2C(N)CC(N)C(OC3OCC(C)(O)C([NH2+]C)C3O)C2O)O1,[ 0.3772529   0.8448155  -0.44460067 -0.38880914 -0.00722924]
CC12CCC3c4ccc(O)cc4CC(CCCCCCCCCS(=O)CCCC(F)(F)C(F)(F)F)C3C1CCC2O,"[ 6.8376951e-02 -2.1640125e-04 -5.7948267e-01  2.2956109e-01
  8.0196911e-01]"
COc1ccc2c(O[C@@H]3C[C@H]4C(=O)N[C@]5(C(=O)NS(=O)(=O)C6CC6)C[C@H]5/C=C\CCCCN(C)C(=O)[C@@H]4C3)nc(-c3ccc(F)cc3)nc2c1C,[ 0.47450995  0.5354059  -0.9647613  -0.74882257  0.03000355]
COCCNCc1ccc(Nc2ncc3cc(-c4ccncc4)ccc3n2)cc1,[ 0.36146075  0.6005262  -0.67575383 -0.5652498  -0.28429633]
O=C([O-])CCCc1ccc(N(CCCl)CCCl)cc1,[ 0.17314471  0.82537764 -0.6706423  -0.58100533 -0.13328297]
CNC(=O)OCc1cccc(COC(=O)NC)n1,[ 0.24436271  0.71776307 -0.5787398   0.11357512 -0.00221714]
COc1ccc(NC(=O)CF)cc1,[ 0.10227115  0.7600514  -0.5481712  -1.         -0.09585454]
OC1(c2ccc(Cl)c(C(F)(F)F)c2)CCN(CCCC(c2ccc(F)cc2)c2ccc(F)cc2)CC1,[ 0.2571874   0.7577195  -1.         -0.8366747   0.21609557]
COC(C)CC(=O)O,[ 0.06573725  0.7977325  -0.8949172  -0.77002025 -0.50064135]
Cc1ccc(Nc2ccc(Nc3ccc(C)cc3)c3c2C(=O)c2ccccc2C3=O)cc1,[ 0.46359092  0.00938604 -0.85915715 -0.8583224   0.41094616]
CC1(C)C(C=C(Cl)Cl)C1C(=O)OCc1c(F)c(F)c(F)c(F)c1F,[ 0.56062335  0.7887335  -0.83169156 -0.7107318  -0.0734363 ]
O=[N+]([O-])c1cc2[nH]c(C(F)(F)F)nc2cc1Cl,[ 0.33091804  0.6656747  -0.7567437  -0.45455816  0.8519133 ]
CC1CC(=O)CC(C)O1,[ 0.4664784   0.21473496 -0.69469637 -0.63092434 -0.21106221]
C=COC(=O)C=CC,[-0.28331134  0.83985674 -0.8601905  -0.8231375  -0.03993329]
CCCCCCCCOC(C)=O,[-0.14810467  0.52582926 -0.8638667  -0.76865643 -0.4153288 ]
CCOC(=O)C(C)Oc1ccc(Oc2nc3ccc(Cl)cc3s2)cc1,[ 0.03232637 -0.48230717 -0.5063737  -0.9926587   0.02146156]
O=[N+]([O-])OC1COC2C(O)COC12,[-0.21374121  0.798515   -0.841256   -1.         -0.27961102]
O=[N+]([O-])c1ccc(Cl)c([N+](=O)[O-])c1,[ 0.5001234   0.8114911  -0.80357295  0.62633044 -0.10451771]
CCN1CN(CO)C(=O)N(CO)C1,[ 0.6408993   0.3961956  -0.31866995 -1.         -0.29255652]
CC1=C2C[C@H]3[C@@H](CC=C4C[C@@H](O)CC[C@@]43C)[C@@H]2CC[C@]12O[C@@H]1C[C@H](C)CN[C@H]1[C@H]2C,[-0.49518174  0.9820928  -0.27529347 -0.64026827 -0.22763084]
CCC(C)OC=O,[ 0.5939589   0.39202142 -0.7671882  -0.5973546  -0.83925515]
CCNC(=O)C(C)OC(=O)Nc1ccccc1,[ 0.33331934  0.6311132  -0.7085652  -0.696986   -0.33732307]
OCCCCC(O)CO,[ 0.22746125  0.7877828  -0.80732596 -0.6411089   0.4401995 ]
C1=CC2C3C=CC(C3)C2C1,[ 0.01730998  0.5985508  -0.895075   -0.6843819  -0.47525805]
CN1C(=O)CN=C(c2ccccc2F)c2cc(Cl)ccc21,[ 0.02615824  0.8076864  -0.7857493  -0.4359084  -0.47180918]
C=CC(=O)OCC(CC)CCCC,[ 0.19698142  0.6155773  -0.79781216 -0.77367294  0.5405275 ]
FC1(F)CC(C2CC3(Cl)C(Cl)=C(Cl)C2(Cl)C3(Cl)Cl)C1(F)F,[ 0.49874166  0.94138986 -0.8824046  -0.35102704  0.5947782 ]
CCNc1nc(NC(C)C(C)C)nc(SC)n1,[ 0.50270444  0.8025507  -0.78258514 -0.5248194   0.05589759]
CCCNC(=N)C(OCC)c1ccccc1,[ 0.4109948   0.8384054  -0.67488366  0.4198588   0.5647201 ]
COc1cc(OC)c(S(=O)(=O)NCc2ccccc2N2CCCCC2)cc1NC(=O)CCC(=O)O,[ 0.55127454  0.6580619  -0.7645202  -0.52037865 -0.04548271]
COP(=O)(OC)ON1C(=O)c2cccc3cccc(c23)C1=O,[-0.0302714   0.54975593 -0.7746324  -0.24978188  0.4380747 ]
CCNC(=O)ON=C1SCOC1C,[-0.24717562  0.73540986 -0.6057746  -0.96594906 -0.30023295]
C[C@H](CSN=O)C(=O)N1CCC[C@@H]1C(=O)O,[ 0.11548286  0.85607946 -0.88066804 -0.912092    0.19817372]
Nc1cccc(N)c1,[ 0.25064397  0.9157027   0.2831643  -0.5723756  -0.28977317]
CCOP(=O)(OCC)Oc1ccc(S(C)(=O)=O)c(C)c1,[-0.08580982  0.9484581  -0.90121937 -0.7026951   0.05270161]
O=C1CCc2ccccc2O1,[ 0.41028848 -0.42935464 -0.39566994 -0.93242043 -0.08438022]
CN1CCN(CCC=C2c3ccccc3Sc3ccc(S(=O)(=O)N(C)C)cc32)CC1,[-0.39467397  0.88792026 -0.6805002  -0.7811016   0.14243947]
CCN(CC)c1ccc(-c2nc(=O)n(C)nc2-c2ccc(N(CC)CC)cc2)cc1,[-0.2300261  -0.24398148 -0.8786004  -0.46576148  0.43461046]
Clc1ccc(N2N=NC3C4CC(C5N=NC45)C32)cc1,[ 0.39137197  0.87011945 -1.         -0.6944339  -0.20621257]
N=C(N)N[N+](=O)[O-],[ 0.5488057   0.8923294  -0.72065663 -0.7991811   0.20874551]
COc1cc2c3c(c1O)C1(C=CC(=O)C=C1)CC3N(C)CC2,[ 0.2362397  -0.32040954 -0.876624   -0.36638162  0.18132953]
CCC(C)(C)OC(=O)Nc1ccco1,[ 0.64038175  0.51137173 -0.85773456  0.0353109  -0.10606353]
CCC(=O)OC1CCC2C3CCC4=CC(=O)CCC4(C)C3CCC12C,[ 0.24497329  0.81096923 -0.7053661  -0.89392245 -0.17480452]
Cc1c(Cl)c([N+](=O)[O-])c2[nH]c(C(F)(F)F)nc2c1[N+](=O)[O-],[ 0.16706169  0.47810453 -0.6716772  -0.769914    0.02201342]
CC(=O)OC(C)(C)C1CC=C(C)CC1,[ 0.36262473  0.74072856 -0.27872187 -0.6166211  -0.27853346]
CC(=O)C1(O)Cc2c(O)c3c(c(O)c2C(OC2CC(N4CC4)C(OS(C)(=O)=O)C(C)O2)C1)C(=O)c1ccccc1C3=O,[ 0.08386526  0.9251327  -0.7452811  -0.01095985 -0.27522224]
C[Si](C)(Cl)Cl,[ 0.54490817  0.79761547 -0.45257837 -0.8063794  -0.34909397]
OCc1ccccc1,[ 0.40157235  0.751642   -0.77574533 -0.44565538  0.15851265]
CCCCCCCC(=O)N[C@@H](CCN)C(=O)N[C@H](C(=O)N[C@@H](CCN)C(=O)N[C@H]1CCNC(=O)[C@H]([C@@H](C)O)NC(=O)[C@H](C)NC(=O)[C@H](CCN)NC(=O)[C@H](CC(C)C)NC(=O)[C@@H](Cc2ccccc2)NC(=O)[C@H](CCN)NC1=O)[C@@H](C)O,[ 0.36349386 -0.47924116 -0.8899044  -0.46044266  0.03060098]
O=c1[nH]cnc2c1ncn2[C@H]1CC[C@@H](CO)O1,[-0.45907813  0.8397554  -0.77305996 -0.81096673 -0.04379492]
COc1cc2ncnc(Nc3ccc(F)c(Cl)c3)c2cc1NC(=O)/C=C/CN1CCCCC1,[ 0.4744413   0.84253174 -0.94143003 -0.64530987 -0.4597243 ]
O=C(CCCCC(=O)OCC1CC=CCC1)OCC1CC=CCC1,[-0.45644212 -1.         -0.8241764  -0.5889438   0.00435675]
Cc1ccc(N=C=O)cc1N=C=O,[-0.22760923  0.6603492  -0.7747314  -1.         -0.25534496]
CC(=O)N[C@H](Cc1ccc2ccccc2c1)C(=O)N[C@H](Cc1ccc(Cl)cc1)C(=O)N[C@H](Cc1cccnc1)C(=O)N[C@@H](CO)C(=O)N[C@@H](Cc1ccc(O)cc1)C(=O)N[C@H](CCCNC(N)=O)C(=O)N[C@@H](CC(C)C)C(=O)N[C@@H](CCCNC(=N)N)C(=O)N1CCC[C@H]1C(=O)N[C@H](C)C(N)=O,[ 0.03134923  0.84051293 -0.8044557  -0.85813546 -0.23518822]
O=C(NCC12CC3CC(CC(C3)C1)C2)c1cc(-n2ncc(=O)[nH]c2=O)ccc1Cl,[ 0.37122557  0.12371188 -0.6190052  -0.45403793 -0.09168447]
CCC(=O)Nc1ccc2[nH]c(C(F)(F)F)nc2c1,[-0.10782358  0.6769426  -0.6715977  -0.6581685  -0.36538544]
CCOP(=S)(OCC)Oc1cccc(F)n1,[ 0.35281742  0.8468656  -0.9389045  -0.7768956   0.6659864 ]
NCC(O)CO,[ 0.2118226   1.         -0.5332229  -0.77885467 -0.513971  ]
NC(=O)c1cnc(N[C@@H]2CCCC[C@@H]2N)nc1Nc1cccc(-n2nccn2)c1,[ 0.06635355  0.9065752  -0.85219276 -0.8781084   0.24630088]
C[C@@H]1O[C@@H](O[C@H]2[C@@H](O)C[C@H](O[C@H]3C[C@](O)(C(=O)CO)Cc4c(O)c5c(c(O)c43)C(=O)c3ccccc3C5=O)O[C@H]2C)C[C@H](N)[C@@H]1O,[-0.27060613  0.7015725   0.44127667 -0.47102183 -0.3198908 ]
CC(C(N)=O)(c1ccccc1)c1ccc(N)cc1,[ 0.39651123  0.585957   -0.55904776 -0.7566708  -0.29122454]
CCCCCCOCCOCCO,[-0.04117085 -0.4483718  -0.66211814 -0.51425755  0.11459208]
O=C(O)CCCCCC(=O)O,[-0.10262135  0.80516213  0.6443022   0.00312248 -0.39077073]
Cc1cc(Nc2nc(N[C@@H](C)c3ncc(F)cn3)nc(N3CCOCC3)c2F)n[nH]1,[ 0.11216237  0.7610999  -0.5499493  -1.         -0.16728352]
Cc1cccc(Nc2ccncc2S(=O)(=O)[N-]C(=O)NC(C)C)c1,[-0.21149845  0.6949318   0.11500896 -0.98776275  0.5426643 ]
NC(=S)NNCNNC(N)=S,[-0.3858457  -0.5564111  -0.9723873  -0.47186786 -0.08570678]
C=CCOC(=O)CCCCC,[ 0.5323385   0.5542932   0.06852814 -0.29772007  0.07880943]
CC1(C)CC(NC2CC(C)(C)NC(C)(C)C2)CC(C)(C)N1,[ 0.24287283  0.88589394 -0.1641617  -0.5947161  -0.3969991 ]
CC(O)CO,[ 0.50733995  0.83414423 -0.82881576 -0.99064904  0.7619404 ]
CCCCCNCCCCC,[ 0.27067032 -0.45284483 -0.77834576 -0.51529473  0.04058131]
C[C@@H]1CC[C@H]2[C@@H](C)[C@@H](OC(=O)CCC(=O)O)O[C@@H]3OC4(C)CC[C@@H]1[C@@]23OO4,[-0.14956032  0.5613925  -0.7762731  -0.78668326  0.09503271]
CCOC(=O)COC(=O)c1cc(Oc2ccc(C(F)(F)F)cc2Cl)ccc1[N+](=O)[O-],[-0.0288064   0.03590576 -0.46117136 -0.64108676 -0.12291715]
C=CC(=O)OCCCCCCOC(=O)C=C,[-0.07537433  0.12618577 -0.40249535 -0.997453   -0.23639825]
CN(C)C(=O)Nc1cc(C(C)(C)C)on1,[-0.17039697  1.         -1.         -0.9878541  -0.08415101]
CCN(CCO)c1cccc(C)c1,[-0.06888406  0.71893835 -0.6856031  -0.54079    -0.13416998]
O=C(O)[C@@H](c1ccccc1)N1CCC(CN2CCC(Oc3ccc(Cl)c(Cl)c3)CC2)CC1,[ 0.4036892   0.51697236 -0.75714695  0.32608527 -0.00782177]
C[N+](C)(C)CC(O)CC(=O)[O-],[ 0.14290106  1.         -0.33932623 -0.6073306  -0.30045655]
COC1CCC=CO1,[-0.44123128  0.8865854   0.27641374 -0.48171362 -0.16207698]
Cc1ccc2c(c1)c(-c1ccnc3cc(Cl)ccc13)c(C)n2CC(=O)O,[-0.16964346  0.3585969   0.2448662  -0.6897278   0.1129375 ]
CCC(CCCCOC(=O)c1ccccc1)COC(=O)c1ccccc1,[ 0.3610867   0.73719573 -0.86206293 -0.67719     0.00286376]
CC(C)(C)OC(=O)N1CCN(c2ncc(OCc3ccncc3)cn2)CC1,[ 0.06728864  0.88982606 -0.47237352 -0.5030006  -0.3141499 ]
CNC(=O)ON=C(C)SCC(N)=O,[-0.23944958 -0.28307715  0.3657973  -0.63111573 -0.45165223]
CC(=O)N(C)c1ccc2ccn(-c3cc(NC4CC4)n4ncc(C#N)c4n3)c2c1,[ 0.19724476 -0.41101664 -0.59409946 -0.4516612  -0.1850209 ]
CCc1cccc(CC)c1N,[-0.10432503  0.7309418  -0.7186208  -0.78473175 -0.17881739]
C=C(C)C(=O)OCCOC(=O)C(=C)C,[-0.05387861  0.41246635  0.10463065 -0.31201467  0.2185035 ]
C=CCNC(=S)Nc1ccccc1,[ 0.29586175 -1.         -0.99205106 -0.35421076  0.18155228]
CCCCOC(=O)C1CC1OCCCC,[ 0.14636053  0.9071978  -0.6101873  -0.46145824  0.15636916]
CC(C)(C)c1nnc(NS(=O)(=O)c2ccccc2)s1,[ 0.14787382  0.86516553 -0.8589921  -0.78398323  0.36968458]
Cc1ccc(CO)cc1N(C)c1ccnc(Nc2cc(N3CCCOCC3)cc(N3CCOCC3)c2)n1,[ 0.5020601   0.74262285 -0.8272218  -0.6948899   0.13310009]
NC(=O)CF,[-0.37344512  0.81921756 -0.93637687 -0.8416766  -0.05223897]
COC(=O)C(C(C)=O)C(C)=O,[ 0.15874398  0.8495773  -0.8724506  -0.91196066 -0.14169325]
COc1cc(C2c3cc4c(cc3C(OC3OC5COC(C)OC5C(O)C3O)C3COC(=O)C23)OCO4)cc(OC)c1O,[-0.40937006  0.9434011  -0.13710849 -0.40888467  0.2470725 ]
O=C(c1ccc(Cl)cc1)c1ccccc1-c1ncc[nH]1,[ 0.01875792  0.84363365 -0.70392334 -0.93724674  0.3148368 ]
CCCCCCCCc1ccccc1O,[ 0.26836532 -0.10262889 -0.72029805 -0.18066715  0.01672914]
CCN(CC)c1c([N+](=O)[O-])cc(C(F)(F)F)c(N)c1[N+](=O)[O-],[ 0.4669699   0.74788654 -0.6931538  -0.6373443  -0.24355882]
C[Si](C)(C)CCCC(=O)O,[-0.04306962  0.7924019   0.549003   -0.02743504 -0.30814308]
Cc1c(C(C)C)c(=O)n(-c2ccccc2)n1C,[ 0.2009485   0.8403603   0.7398194  -0.4596069  -0.49694645]
CC1(C)C(=O)N(CO)C(=O)N1CO,[ 0.31153896  0.5466201  -0.7035825  -0.00343457  0.09565541]
O=P([O-])([O-])C(O)(Cn1ccnc1)P(=O)([O-])O,[-0.5517051   0.56095564 -0.76080155 -0.06343522  0.18387353]
CN(C)S(=O)(=O)N(SC(F)(Cl)Cl)c1ccccc1,[ 0.28990126 -0.95993835 -0.74344224 -0.17463598  0.3215759 ]
O=[N+]([O-])c1ccc(Nc2ccccc2)c(S(=O)(=O)O)c1,[ 0.01017915  0.11714759 -0.3857542  -0.5565975   0.14500777]
Nc1nc(Nc2ccc(S(N)(=O)=O)cc2)nn1C(=O)c1c(F)cccc1F,[ 0.29259816  0.92664677 -0.49979746 -0.74497026 -0.27206314]
CO/N=C(\C(=O)N[C@@H]1C(=O)N2C(C(=O)O)=CCS[C@H]12)c1csc(N)n1,[ 0.33991757  0.77837425 -0.9743546  -0.64681673 -0.17919753]
CCN(Cc1cc(C(F)(F)F)ccc1-c1cc(CC(=O)O)ccc1OC)C(=O)NCc1ccccc1,[-0.00296274  0.66832596 -0.9128922  -0.44711927  0.23050612]
CC(=O)Oc1cccc(Oc2ccc(C(F)(F)F)cc2Cl)c1,[ 0.4035208   0.8605042  -0.79241294 -1.         -0.13090558]
CC(C)OP(=S)(OC(C)C)SCn1nc(Cl)ccc1=O,[-0.6668591   0.8964979  -0.371113    0.3554271  -0.13033044]
CNNC,[ 0.42369068  0.8009945  -0.76666605 -0.5353647  -0.1550135 ]
Cc1ncc(C[n+]2csc(CCO)c2C)c(N)n1,[ 0.36787397  0.63780534 -1.         -0.51441634  0.2828361 ]
COc1cc2nc(N3CCN(C(=O)C4COc5ccccc5O4)CC3)nc(N)c2cc1OC,[-0.00933541  1.         -0.8903022  -0.39805326  0.4478383 ]
O=C(CN1CCNCC1)NN=Cc1ccc([N+](=O)[O-])o1,[ 0.04931723  0.44074667 -0.92503315 -0.9182487   0.21900524]
Cc1nccc(-c2ccc(-c3nc4ccncc4c(O)c3C#N)cc2)c1Cl,[ 0.3374559   0.9448782   0.4757887  -0.38985673 -0.14839154]
CC(C)(C)NC[C@H](O)COc1nsnc1N1CCOCC1,[ 0.91430414  0.7497478  -0.6945646   0.32352617 -0.14444217]
O=C(NCc1ccc(OC(F)(F)F)cc1)C1c2ccccc2C(=O)N1CCc1ncc(F)cn1,[ 0.38025746  0.7475853  -0.77058053 -0.573388   -0.43963397]
c1cc2c(c(N3CC[NH2+]CC3)c1)OCCO2,[ 0.56582606  0.49406618 -0.550579   -0.23618102 -0.33307713]
COc1cc2c(cc1OC)C1CC(=O)C(CCC#N)CN1CC2,[-0.17461258  0.98502207 -0.71375495 -0.96770275  0.56772846]
CC1=NN(c2ccccc2)C(=O)C1,[-0.7101199   0.8806456  -0.797912   -0.78153163 -0.27806234]
CC(=O)Oc1cc(C(F)(F)F)ccc1C(=O)O,[-0.04291422  0.7361595  -1.         -0.47133532  0.10594264]
CCOc1ccccc1C(N)=O,[ 0.5539997   0.53274626 -0.40182132 -0.82538915 -0.6290805 ]
CC(=O)O[C@H]1C[C@]2(O)[C@H]3CC[C@H]4C[C@H](O[C@H]5C[C@@H](O)[C@@H](O[C@H]6C[C@@H](O)[C@@H](O[C@H]7C[C@@H](O)[C@@H](O)[C@H](C)O7)[C@H](C)O6)[C@H](C)O5)CC[C@@]4(C)[C@H]3CC[C@]2(C)[C@H]1C1=CC(=O)OC1,[ 0.3632259   0.8353519  -0.42607623 -0.62176305 -0.2553096 ]
CC(=O)N(C)C,[ 0.28780442  0.58539766 -0.9494269  -0.6448756   0.11306386]
COCCN(c1cccnc1)P(=O)(c1ccccc1)c1ccccc1,[ 0.6771744   0.8693588  -0.62535924  0.25228316 -0.26010728]
CC=C(C(=O)NC(N)=O)C(C)C,[ 0.31561825  0.945644   -0.6169189   0.595638    0.03794376]
N#Cc1ccc(F)c(-c2cc(C(F)(F)F)ccc2OCC(=O)O)c1,[ 0.40370148  0.94904804 -0.8535951   0.02354494  0.13577323]
S=C=NCCN=C=S,[-0.49065274  0.37778822 -0.64030874 -0.60100555 -0.33814123]
O=Cc1ccc(O)cc1,[ 0.48009357  0.2946707  -0.5423603  -0.6608665  -0.2741177 ]
CCC(=O)N(c1ccccc1)C1CC[NH+](CCc2ccccc2)CC1,[-0.0500597 -0.6628251 -0.6614167 -0.4010704 -0.344202 ]
O=C(CN1CCOCC1)NN=Cc1ccc([N+](=O)[O-])o1,[ 0.27112114  0.69000715 -0.92035127 -0.5890309   0.05371017]
OCC(O)CO,[-0.11815195  1.         -1.         -0.55853975 -0.63606733]
OC(CCN1CCCC1)(c1ccccc1)C1CCCCC1,[ 0.17443645  0.82786155 -1.         -0.7024489  -0.08220793]
CCOc1cc2nnc(C(N)=O)c(Nc3ccc(F)cc3F)c2cc1N1CCN(C)CC1,[ 0.11242566  0.57600474 -0.7739065  -0.5704227   0.89491326]
C[C@H](CO)Nc1nc(SCc2ccccc2F)nc2[nH]c(=O)sc12,[ 0.04492074  0.787026   -0.6069785  -1.          0.37029183]
CCN(CC)CCNC(=O)c1cc(Br)c(N)cc1OC,[ 0.05200598  0.9815185  -1.         -0.7575713  -0.32525983]
CCCCCCCCCCCC(=O)OCC(O)C1OCC(O)C1O,[-0.2140522   0.80677336 -0.72268975 -0.68807554 -0.25988305]
O=C(Cc1cccs1)N[C@@H]1C(=O)N2C(C(=O)[O-])=C(C[n+]3ccccc3)CS[C@H]12,[ 0.39950812  0.6412961  -0.8586038  -0.7764134   0.06436354]
CC(=S)NC[C@H]1CN(c2ccc(-c3nnc(CNS(C)(=O)=O)s3)c(F)c2)C(=O)O1,[ 0.6891364   0.8026696  -0.7450167  -0.38686195 -0.5149474 ]
CCOP(=S)(OCC)Oc1ccc([N+](=O)[O-])c(C)c1,[ 0.19065945  0.8838628  -0.902326    0.0544448   0.29163265]
CCCCOC(=O)c1ccc(-n2nc(OCCN3CCCCC3)c3ccccc32)cc1,[ 0.36551404  0.897638   -0.4480374  -0.89935124 -0.11046109]
CCC(CC)C(=O)OCCOCCOCCOC(=O)C(CC)CC,[-0.07081449  0.32980946 -0.49320433 -0.23146063  0.48697174]
NNC(=O)c1ccncc1,[-0.9520463   0.87192327 -0.8532121  -0.82728016 -0.222755  ]
[NH3+]C(C(=O)NC1C(=O)N2C(C(=O)[O-])=C(CSc3c[n-]nn3)CSC12)c1ccc(O)cc1,[ 0.07349399  1.         -0.75200254  0.01087072  0.04498443]
CC(=O)OC(C(Cl)(Cl)Cl)P(=O)(Oc1ccccc1)Oc1ccccc1,[-0.21450981 -0.10023081 -0.8751146  -0.9435859  -0.13533205]
FC(F)(F)c1nc2cc(Br)c(Cl)cc2[nH]1,[ 0.28777054  0.71991724 -0.6853635  -0.39000827  0.37926534]
CCC(C)(CC)c1cc(N)on1,[ 0.17081964  0.7887821  -0.96986365 -0.5844704  -0.07048183]
O=CNC(N1CCN(C(NC=O)C(Cl)(Cl)Cl)CC1)C(Cl)(Cl)Cl,[ 0.38305736  0.7312865  -0.9194278  -0.50041854  0.8619769 ]
COc1cc([C@@H]2c3cc4c(cc3[C@@H](O[C@@H]3O[C@@H]5CO[C@@H](C)O[C@H]5[C@H](O)[C@H]3O)[C@H]3COC(=O)[C@H]23)OCO4)cc(OC)c1O,[ 0.17565429  0.48915222 -0.7323675  -0.6887041   0.5665267 ]
FCOC(C(F)(F)F)C(F)(F)F,[ 0.06125829  0.25112307 -0.67929447  0.00085249  0.24520361]
COP(=S)(OC)SC(CBr)N1C(=O)c2ccccc2C1=O,[ 0.40919462  1.          0.24058962 -0.4517034  -0.09696941]
COc1cc2c(c3oc(=O)c4c(c13)CCC4=O)C1C=COC1O2,[-0.04228888  0.9048932  -0.9608726  -0.9291977  -0.21051383]
OCCN(CCO)CCO,[-0.2894642   0.6596068  -0.7430045  -0.7172116  -0.19285676]
COC(=O)c1cc([N+](=O)[O-])ccc1Cl,[ 0.35925072  1.         -0.7046429  -0.89450216 -0.0536244 ]
Cc1cc(OC(=O)N(C)C)n(-c2ccccc2)n1,[-0.29870653  0.76992756 -0.59702754 -0.5483963  -0.11579365]
COc1ccc2c3c1OC1C(O)C=CC4C(C2)[N+](C)([O-])CCC341,[ 0.02211158  0.9126995  -0.9619585  -0.70829874 -0.3262318 ]
O=c1cc(Cn2c(C3CCC3)nc3nccnc32)c2ccc(F)c(F)c2[nH]1,[ 0.02515796  0.5936211  -0.86610186 -0.576313    0.7090001 ]
CCCCC(CC)(C(=O)OCC)C(=O)OCCN(CC)CC,[ 0.15888712  0.8198034  -0.7535081  -0.7944832   0.66488206]
CCc1cc2c(s1)-n1c(C)nnc1CN=C2c1ccccc1Cl,[-0.02639944  0.97564805 -0.6088438  -0.7588458  -0.18003556]
Cc1cc(-n2cccc2)c(S(C)(=O)=O)cc1C(=O)NC(=N)N,[ 0.20363903  0.8825777  -0.98576653 -0.64199436  0.07552832]
Nc1cc(Cl)ccc1O,[ 0.15989846  0.6367038   0.5648759  -0.58478343 -0.12966831]
CCCCOP(=O)(OCCCC)Oc1ccccc1,[ 0.06275451  0.91526717 -0.92606664 -1.         -0.3936685 ]
CCOP(=O)(OCC)OC(=C(Cl)Br)c1ccc(Cl)cc1Cl,[-0.49873242  0.2421371   0.00879656 -0.6455309   0.5333263 ]
CN(SSC(C)(C)C)C(=O)ON=C1SCCS1,[ 0.3342499   0.4609232  -0.7311197   0.44374335 -0.36248776]
FC(F)(F)c1nc2c(I)cc(I)cc2[nH]1,[-0.08989765  0.9022722  -0.76835895 -0.9843385   0.29755667]
Nc1c(Cl)c(Cl)c2[nH]c(C(F)(F)F)nc2c1Cl,[ 0.4853426   0.44248244 -0.53893256 -0.8123744   0.21465833]
N#Cc1ccc2[nH]c(C(F)(F)F)nc2c1,[-0.04031289  0.79787195 -0.81701624 -0.7654083  -0.30108574]
CCn1cc(C(=O)O)c(=O)c2cc(F)c(N3CCN(C)CC3)cc21,[ 0.0927367   0.89748114 -0.91505647 -0.5245177   0.503456  ]
Cc1cc([N-]S(=O)(=O)c2ccc(N)cc2)no1,[-0.9293556  -0.2942313  -1.         -0.4640698   0.47180006]
O=C(Oc1ccccc1)n1c(C(F)(F)F)nc2cc(Cl)c(Cl)cc21,[ 0.13764518  1.         -0.66679347 -0.11107472 -0.40524197]
Cc1ccc(OP(=O)(Oc2ccccc2)Oc2ccccc2)cc1,[ 0.21760814  0.70976263 -1.         -0.00176226 -0.07691779]
CCOP(=S)(OCC)SCC(=O)N(CCC#N)c1ccccc1,[ 0.18652983  0.94055814 -0.79244125 -0.6787554   0.47412652]
CNC(=O)c1[nH]cnc1C(=O)Nc1ccc(Cl)cc1,[ 0.16159046  0.7917422  -0.6730445  -0.6074666  -0.37709007]
CCC(C)c1ccc(Oc2ccc(C)cc2CC(=O)O)c(Cl)c1,[ 0.32665876  0.95698726 -0.5153343  -0.7211434  -0.5656142 ]
CN,[ 0.51679814  0.27648255 -0.82750773  0.42349562 -0.11926968]
Cc1cc(=O)cc(-c2ccccc2)o1,[ 0.39961055  0.63786256 -0.71727484 -0.6327879  -0.03559706]
CC(C)=CCN1CCC2(C)c3cc(O)ccc3CC1C2C,[ 0.38265914  1.         -1.         -0.731655    0.14483978]
COc1cc(OC)c(S(=O)(=O)N2c3ccccc3CCC2C)cc1NC(=O)CSCC(=O)O,[ 0.04481079  0.66108835 -0.98321027 -1.         -0.3602539 ]
CC1(C)C2CCC1(C)C(O)C2,[ 0.19266133 -0.2841957  -0.797846   -0.50925004 -0.48345113]
CC(C)CCC(C)Nc1ccc(Nc2ccccc2)cc1,[-0.3295183   0.5883164  -0.6332265  -0.88903385 -0.18343148]
CC(C)NCC(O)COc1cccc2ccccc12,[ 0.21152115  1.         -0.7514891  -0.9353343  -0.5672256 ]
O=C(NC[C@@H](O)CN1CCC(Oc2ccc(Cl)c(Cl)c2)CC1)c1c[nH]c(=O)c2cc(F)ccc12,[-0.48740593  0.7443376  -0.49817976 -0.930241    0.4558464 ]
Cc1cc(-n2c(C)nc3ccccc3c2=O)n(-c2ccccc2)n1,[ 0.46537235  0.690615   -0.15609045 -0.53147817 -0.38752675]
CCCCCC(=O)O,[ 0.26033017  0.73232216 -0.7745712  -0.88721305 -0.03370428]
C=CCc1cc(OC)c2c(c1)OCO2,[ 0.23195845  0.78557724 -0.49718422 -1.         -0.2998638 ]
CCCCCCN,[-0.1146829   0.9777936  -0.34920815 -0.6088207  -0.04499533]
CCC(=O)NC[C@H]1CN(c2ccc(-c3nncs3)c(F)c2)C(=O)O1,[-0.32081148  0.7461946  -0.84643936 -0.34296027  0.21957187]
CCCCCCC(N)C(=O)N[C@@H](Cc1c(C)cc(O)cc1C)C(=O)N1CCC[C@@H]1C(=O)N[C@@H](Cc1c[nH]c2ccccc12)C(=O)N[C@@H](Cc1ccccc1)C(N)=O,[ 0.26162428  0.87306005 -1.         -0.7161851  -0.41445273]
CC(C)CCOC(CO)CC(C)C,[ 0.0631339   0.4643193  -0.6943688  -0.74630356 -0.09159049]
CC(C)c1cc(Oc2ccccc2)cc(C(C)C)c1NC(=S)NC(C)(C)C,[ 0.19197963  0.99283487 -0.8447113  -0.5877969  -0.09036051]
CCCCN(CCCC)SN(C)C(=O)ON=CC(C)(C)SC,[ 0.20013238  0.64968586 -0.8453022  -0.6498159  -0.472169  ]
O=[N+]([O-])c1cccc(O)c1,[-0.18681118  0.40898162 -0.8006295  -0.7294888   0.32080498]
COP(=O)(OC)SC(CC(=O)OC(C)C)C(=O)OC(C)C,[ 0.20077603  0.91790146 -0.6367303  -0.33253574  0.18271135]
OCC(O)C(O)C(O)CO,[ 0.45002836  0.90065116 -0.6253641  -0.1007819   0.03982271]
CSCCNc1nc(SCCC(F)(F)F)nc2c1ncn2C1OC(COP(=O)([O-])OP(=O)([O-])C(Cl)(Cl)P(=O)([O-])[O-])C(O)C1O,[-0.33730364  0.88187224 -0.6739767  -0.32572183  0.08036453]
CC[C@H]1NC(=O)[C@@H](NC(=O)c2ncccc2O)[C@@H](C)OC(=O)[C@H](c2ccccc2)NC(=O)[C@@H]2CC(=O)[C@H](CS[C@@H]3CN4CCC3CC4)CN2C(=O)[C@H](Cc2ccc(N(C)C)cc2)N(C)C(=O)[C@@H]2CCCN2C1=O,[ 0.05125112 -0.99285334 -0.78816426 -0.64436924 -0.05722924]
CCOC(=O)Nc1ccc(NCc2ccc(F)cc2)cc1N,[-0.00319514  0.7838133  -0.73447716 -0.615695   -0.37528345]
C#CCN1C(=O)CN=C(c2ccccc2)c2cc([N+](=O)[O-])ccc21,[ 0.29995325  0.86325765 -0.73342067 -0.7208754  -0.344097  ]
NS(=O)(=O)c1cc2c(cc1Cl)NCNS2(=O)=O,[ 0.45406863  0.3578726  -0.93508905 -0.8473021   0.37842077]
CCOC(C)=Cc1oc2ccccc2[n+]1CCCS(=O)(=O)[O-],[ 0.30103204  0.8980982  -1.         -0.6631282   0.6169985 ]
Cc1cc(C)c(N)c(C)c1,[ 0.3803163   0.9448966  -0.7831988   0.0462075   0.02585616]
N#CCCCCC#N,[-0.02077029  0.8124225  -0.83819425 -0.64762634 -0.4965004 ]
CC=C(CC)C(=O)NC(N)=O,[-0.04550657  0.8012472  -0.77233976 -0.6801087  -0.2223066 ]
CCC1(CC)C(=O)NCC(C)C1=O,[ 0.40490952  0.7867288  -0.61627007 -0.9406836  -0.41491973]
CC#CCC(C)C(O)/C=C/C1C(O)CC2C/C(=C/CCCC(=O)[O-])CC21,[ 0.10172109  0.9071293  -0.848224   -0.56994885 -0.1178401 ]
CCCN(CCC)CCCCCCCCNC(=O)Oc1ccc2c(c1)C1(C)CCN(C)C1N2C,[-0.63269126  0.9139968   0.07726954 -0.27892515 -0.22438827]
Nc1nc(O)c(Cl)c(-c2ccccc2)n1,[-0.12755218  0.37577167 -0.9735164  -1.          0.16040933]
NC(=O)N1C(=O)C(C(=O)c2cccs2)c2cc(Cl)ccc21,[-0.5428328   0.8157861  -0.8205462  -0.6748326  -0.33518007]
CC#CN(CC)CC,[ 0.15201388  0.42255655 -0.687179   -0.741903    0.06559554]
O=CC=CC1CO1,[ 0.41061294  0.692469   -0.7039859  -0.8249613   0.38700005]
O=C(Cc1ccc(OCc2ccccc2)cc1)NO,[-0.02802189  0.64692897 -0.8332538  -0.5366736   0.02762056]
O=C(CCl)CCl,[-0.07015643  0.83714515 -0.7297677   0.23297665 -0.30347288]
Cc1cc(Sc2cc(C)c(O)c(C(C)(C)C)c2)cc(C(C)(C)C)c1O,[ 0.46232173  0.7046389   0.03516105 -0.5152613  -0.39116216]
O=C1OCC2C1C1(Cl)C(Cl)=C(Cl)C2(Cl)C1(Cl)Cl,[ 0.39707232  0.06917935 -0.85527545 -0.5573679  -0.16253984]
O=c1oc(-c2ccccc2)nc2ccccc12,[ 0.058982    0.868553   -0.6497755  -1.          0.36845347]
OCCNCCOc1ccc(C(=C(c2ccccc2)C(F)(F)F)c2ccccc2)cc1,[-0.02517062  0.7990494  -0.38372257 -0.32188487 -0.20788959]
C#CCc1ccc(COC(=O)C2C(C=C(C)C)C2(C)C)o1,[ 0.20359343  0.17378758 -0.61085045 -1.          0.2268346 ]
O=C(Nc1cccc(Cl)c1)Nc1nnc(-c2ccncc2)s1,[ 0.36312652  1.         -0.31497502 -1.          0.23246773]
CCC(C)N(C)C(=O)c1cc2ccccc2c(-c2ccccc2Cl)n1,[ 0.36164668 -0.12505169 -0.91040933 -0.98039144 -0.1447157 ]
BrC12CC3CC(CC(C3)C1)C2,[-0.334644    0.5917461  -0.91217154 -0.96069425 -0.03069611]
CC(C)NCC(O)c1ccc(O)c(O)c1,[ 0.06353988  0.8670772  -0.58735347  0.17695282  0.1644817 ]
CC(=O)c1ccc2c(c1)N1C(=O)OCC1CC2,[ 0.26898158  0.6859699  -0.8742604  -0.76974523  0.45624176]
CCC(=O)N(c1ccccc1)C1CCN(CCc2ccccc2)CC1,[-0.39267683  0.2207682  -0.6268579  -0.21144252 -0.01542773]
CCCCOCC1CO1,[-0.1320631   0.31326094 -0.9481265  -1.         -0.28891382]
O=C(O)CCC(=O)c1ccc(-c2ccccc2)cc1,[-0.02508059  0.7611728  -0.60068303 -0.18457644  0.82498044]
O=C(NC(CCc1ccc2c(c1)OCO2)CCc1ccc2c(c1)OCO2)c1ccc(Cl)cc1,[ 0.40619582  0.6377717  -0.638465   -0.98072547 -0.17764963]
CCC(=O)NCCC1CCc2ccc3c(c21)CCO3,[ 0.23567227  0.95303035 -0.97075886 -0.76765805  0.23594444]
C=COC(=O)CCCCCCC,"[-5.7597172e-01  4.5032686e-01 -7.1776193e-01 -6.7401493e-01
  4.4217042e-04]"
CN(CC=CC#CC(C)(C)C)Cc1cccc2ccccc12,[-0.23659036  0.94156563 -0.98657525 -0.71859556 -0.1338644 ]
Fc1cc2nc(C(F)(F)F)[nH]c2cc1Cl,[ 0.15854798  0.8656823  -0.7838488  -0.7103783   0.11056899]
CCCCN(N=O)C(N)=O,[ 0.48510548  0.86887944 -0.66530704 -0.7541799  -0.09459367]
Nc1ccc(Cl)cc1Cl,[ 0.25006258  0.72170734 -0.81679577 -0.647436   -0.45666263]
Cc1cnc(NC(=O)C2=C(O)c3ccccc3S(=O)(=O)N2C)s1,[ 0.06289306 -0.57614106 -0.80264306 -0.78857875 -0.11494114]
CS(=O)(=O)c1nc(-c2ccc(F)cc2)n(-c2ccc(Cl)cc2)n1,[ 0.08634716  0.8152652  -0.6458799  -1.         -0.28707206]
CCON=C(CC)C1=C(O)CC(c2c(C)cc(C)cc2C)CC1=O,[ 0.23780148 -0.11077115 -0.5621995  -0.91782475 -0.15219223]
Oc1c(Cl)c(Cl)cc2[nH]c(C(F)(F)F)nc12,[ 0.2927608   0.87523544 -1.         -0.94824684  0.14480902]
C[C@@H]1NC(=O)[C@@H](C)N(C)C(=O)[C@H](C)N(C)C(=O)[C@@H](C)N(C)C(=O)[C@@H](C)N(C)C(=O)[C@H](C)NC1=O,[-0.2769618   0.45759803 -0.7719199  -0.5097923  -0.06606479]
CBr,[-0.53054833  0.75736934 -0.75294226 -0.8090671   0.14315958]
c1ccc(OP(Oc2ccccc2)Oc2ccccc2)cc1,[ 0.56877995  0.7198557  -0.88871557 -0.6724543   0.18632522]
CC(C)C(CCC(C)C1CCC2C3C(O)CC4CC(NCCC[NH2+]CCCC[NH3+])CCC4(C)C3CCC12C)OS(=O)(=O)[O-],[ 0.02325487  1.         -0.9404697  -1.         -0.17109622]
Oc1ccc2[nH]c(C(F)(F)F)nc2c1,[ 0.2527431   0.9340443  -1.         -0.7647208   0.03877839]
Cc1c(F)cc(C(=O)NC2CC2)cc1-c1ccc(C(=O)NCC(C)(C)C)cn1,[ 0.18067649  0.79531103 -0.35103217 -0.506519   -0.1198587 ]
CCNC(=O)c1cc2c(-n3ccc(C(F)(F)F)n3)c(-c3cncc(-c4n[nH]c(=O)o4)c3)cnc2[nH]1,[ 0.28123     0.85298556 -0.77191657 -0.9344003  -0.59700847]
COP(=S)(OC)SC1CSC=CO1,[-0.16049875  0.8945653  -0.8610515  -0.67055875  0.04398159]
Cc1cn([C@H]2CCCN(S(=O)(=O)c3ccc(C(N)=O)c(Oc4cccc(Cl)c4)c3)C2)c(=O)[nH]c1=O,[ 0.42303047  0.7588552  -1.         -0.60322005 -0.4073927 ]
COP(=S)(OC)SCSCC=C(Cl)Cl,[ 0.06485233 -0.31020594  0.23017721 -0.9829288  -0.12610453]
Cc1c(Sc2ccc(Cl)cc2)c2c(-c3ccccc3)cccc2n1CC(=O)O,[ 0.27309993  0.9480663  -0.04814527 -0.6309456   0.5671541 ]
O=C(O)CC(CC1CCN(C(=O)CCc2ccc3c(n2)NCCC3)CC1)C1CNc2ccccc2C1,[ 0.15624957  0.6336699   0.5080204  -0.24354218  0.26504058]
CN(CCCl)CCCl,[ 0.1867084   0.7676156  -0.579674   -0.7904129   0.10718268]
CCOP(=O)(Cl)Cl,[-0.05137967  0.8156268  -0.43067488 -0.50405616  0.07780791]
COc1ccc(-c2nc3ccc(C4=NNC(=O)CC4C)cc3[nH]2)cc1,[ 0.21723422  0.4917546  -0.3662296  -1.         -0.5282169 ]
CCOc1cc2ncc(C(N)=O)c(Nc3ccc(F)cc3F)c2cc1N1CCN(C2CC2)CC1,[-0.21578749  0.5240686  -0.46844184 -0.03331366 -0.545104  ]
CCCC1CC(C(=O)NC(C(C)Cl)C2OC(SC)C(O)C(O)C2O)[NH+](C)C1,[ 0.59182155  0.43673423 -0.7581393  -0.77945894  0.5314257 ]
C=C(Cl)C#N,[ 0.49576512  1.         -0.9614606  -0.8907831  -0.19858631]
O=C(O)CCC(=O)O,[-0.06413466  0.7734985   0.77538884  0.00406599  0.16946803]
C=C(Cl)C(Cl)CCl,[ 0.81029123  0.99910885  1.          1.         -0.6755151 ]
CC(Cl)(Cl)[N+](=O)[O-],[-0.5190235   0.9376197  -0.8882907  -1.         -0.23925401]
CN(C)C(=O)N(C)N=O,[ 0.5338821   1.         -0.74562144 -0.9721216  -0.4755655 ]
COc1ccc2c3c1OC1CC(O)C=CC31CC[NH+](C)C2,[-0.605511    0.8978188  -0.699781   -0.77448314  0.3293195 ]
CC[C@H]1OC(=O)[C@H](C)[C@@H](O[C@H]2C[C@@](C)(OC)[C@@H](O)[C@H](C)O2)[C@H](C)[C@@H](O[C@@H]2O[C@H](C)C[C@H](N(C)C)[C@H]2O)[C@](C)(O)C[C@@H](C)C(=O)[C@H](C)[C@@H](O)[C@]1(C)O,"[-1.4247584e-01 -8.8355679e-04 -7.4969369e-01 -1.0000000e+00
  2.0344524e-01]"
O=P(OCCCl)(OCCCl)OC1CC(C(Br)CBr)CCC1Cl,[ 0.59372944  0.7524843  -0.7224872  -0.9136965  -0.10144118]
CN(C)CCC(c1ccc(Cl)cc1)c1ccccn1,[ 0.08301225  0.7960168  -0.6942878   0.24931464  0.16335942]
ClCC(Cl)=C(Cl)Cl,[ 0.39598176  0.7020219  -0.56817526 -0.8731068  -0.05939534]
CC(=O)OC12COC1CC(O)C1(C)C(=O)C(O)C3=C(C)C(OC(=O)C(O)C(NC(=O)OC(C)(C)C)c4ccccc4)CC(O)(C(OC(=O)c4ccccc4)C21)C3(C)C,[-0.04811388  0.2586586  -1.         -0.79907566 -0.23452729]
CO[C@@H]1C=CO[C@@]2(C)Oc3c(C)c(O)c4c(c3C2=O)C(=O)/C(=C\NN2CCN(C)CC2)C(=C4O)NC(=O)C(C)=CC=C[C@@H](C)[C@H](O)[C@H](C)[C@H](O)[C@@H](C)[C@@H](OC(C)=O)[C@@H]1C,[ 0.8053838  -0.5214575  -0.16333757 -1.         -0.52688813]
CC1OC(n2ccc(NC(=O)c3ccc(NC(=O)C(C)(N)CO)cc3)nc2=O)CCC1OC1OC(C)C(N(C)C)C(O)C1O,[ 0.50442356  1.         -1.         -1.          0.32149947]
C[C@@H](NC(=O)C1CCCCN1C)c1ccc(Nc2ncc3cc(-c4ccncc4)ccc3n2)cc1,[-0.1073103   0.9215376  -0.82052916 -0.6638956   0.03741199]
C=CN(CC)C(C)=O,[-0.27898312  0.8920303  -0.7981569  -0.78255016 -0.31284422]
C=CCI,[ 0.40137255  0.4243486  -0.6548906   0.25185162  0.2509231 ]
ClC(Cl)(Cl)c1cccc(C(Cl)(Cl)Cl)c1,[ 0.05073961  0.90541136 -0.75345016 -0.93324184 -0.45880824]
CC1CS1,[ 0.24430636  0.9787513  -0.78651905 -0.8957654   0.07310794]
CN(C)S(=O)(=O)CCCCCNC(=O)N(CCCl)N=O,[-0.38104278  0.69510245 -0.6730062  -0.7654313  -0.30771658]
ClC(Cl)(Cl)c1ccc(C(Cl)(Cl)Cl)cc1,[ 0.18170483  0.555497   -1.         -0.80777735  0.17828158]
S=c1[nH]cnc2nc[nH]c12,[-0.16963717  0.22978711 -1.         -0.8145481  -0.31045192]
CC(=O)OC(C)OC(=O)C(C)c1ccc(-c2ccccc2)c(F)c1,[ 0.17082702 -0.57841986 -0.5036206  -0.51331335 -0.10554158]
OCCNCCc1ccccc1,[-0.12821342  0.7572586  -0.60961187 -0.9920933   0.6896339 ]
ClCc1cccc2ccccc12,[ 0.20565668  0.86715573 -0.8339911  -0.743595   -0.09782708]
COc1cc(N)c2c(c1N)C(=O)c1ccccc1C2=O,[ 0.3433341  -0.53177196 -0.70604634 -0.9280892  -0.22465827]
CN1C[C@@H]2c3ccccc3Oc3ccc(Cl)cc3[C@H]2C1,[ 0.32921907  0.6608195  -0.75606406 -0.5199259  -0.55087376]
Nc1ncc2cc(-c3c(Br)cccc3Br)c(N)nc2n1,[ 0.37520722  0.8025171  -0.52326286 -0.8688661  -0.17808849]
c1ccc2c(c1)CC(N1CCN(c3cccc4c3OCCO4)CC1)C2,[-0.19543537  0.6870014  -0.5869882  -0.9763486  -0.0761292 ]
CC1CCN(C(=O)CC(Cc2cccc(C(=N)N)c2)NS(=O)(=O)c2ccc3ccccc3c2)CC1,[ 0.21876077  0.90373975 -0.8805564  -0.89043146  0.14665072]
CN=C=S,[ 0.3755179   0.82712126 -0.9388429  -0.15805383  0.6915711 ]
CC(C)(C)[NH2+]CC(O)c1cc(O)cc(O)c1,[ 0.11594946  0.0531355  -1.         -1.         -0.19015905]
C/C=C(/C)C(=O)O[C@H](c1cc2ccc(=O)oc2cc1OC)[C@H](O)C(C)(C)O,[ 0.2910895   0.9211468  -0.77876496 -0.63728184  0.5284491 ]
COc1ccc(CC2NCC(O)C2OC(C)=O)cc1,[ 0.25864035  0.348724   -0.7061659   0.4522917   0.07544895]
COc1cccc2c1cc([N+](=O)[O-])c1c(C(=O)O)cc3c(c12)OCO3,[-0.06466915  0.9055389  -0.7357619  -0.64642733 -0.41968232]
C=CCC1/C=C(\C)CC(C)CC(OC)C2OC(O)(C(=O)C(=O)N3CCCCC3C(=O)OC(/C(C)=C/C3CCC(O)C(OC)C3)C(C)C(O)CC1=O)C(C)CC2OC,[ 0.49414483  0.42853495 -0.7318471  -0.8203034  -0.36412147]
CCC(C)OP(=S)(OC)OC,[-0.22038339  0.8545793  -0.4218931  -0.6055864  -0.37816727]
ClCc1ccccc1,[ 0.31309408  0.9288487  -0.26021647 -0.81308585  0.01828076]
Clc1ccc(C2(Cn3cncn3)OCCO2)c(Cl)c1,[-0.06446477 -0.3555549  -0.91749465 -1.         -0.48764884]
ClC(=NNc1c(Cl)cc(Cl)cc1Cl)c1ccccc1,[ 0.4790583   0.8259142  -0.7199313  -0.63377726  0.00914004]
NC(=O)[C@H](Cc1ccccc1)NC(=O)OCc1ccccc1,[ 0.29706392  0.9385388  -0.9005606  -0.7123009   0.26145366]
O=C(O)CCC(=O)OC1CCCCC1,[ 0.02175886  0.8024447  -0.7435767  -0.6807035  -0.5062513 ]
O=c1cc(-c2ccc(O)cc2)oc2cc([O-])c(C3OC(CO)C(O)C(O)C3O)c(O)c12,[ 0.08752289  0.7694399  -0.6629324  -0.25457838  0.3153867 ]
O=C(CCCCCCC(=O)Nc1ccccc1)NO,[ 0.12255979  0.08051527 -1.         -0.85102147 -0.42810825]
O=C(c1ccccc1)c1cccc2c1CCC2C(=O)O,[-0.04502769  0.8145063  -0.39277706 -0.53418225 -0.18515515]
Cc1cn([C@H]2CCCN(S(=O)(=O)c3ccc(C#N)c(Oc4cccc(Cl)c4)c3)C2)c(=O)[nH]c1=O,[ 0.39500684  0.4700493   0.25121385 -0.34585643 -0.2651412 ]
CCOC(C1=NCCCN1)c1c(Cl)cccc1Cl,[ 0.4889149   0.63608956 -0.40539446 -0.45975405 -0.07053684]
O=C(CCl)OC1=C(OC(=O)CCl)C(=O)OC1=O,[ 0.10443893  0.93256277 -0.6466709  -0.85988796  0.05925347]
CCCCC(CC)CNC1CCCCC1,[-0.1510549  -0.73221785 -1.         -0.5358793  -0.30392173]
O=C(OCC1CO1)c1ccccc1C(=O)OCC1CO1,[ 0.49025968 -0.03671439 -0.3438915  -0.147737   -0.07572366]
COc1cc(-c2cc(=O)c3c(O)cc(O)cc3o2)cc(O)c1OC,[-0.17653073  1.         -0.97602147 -1.         -0.3756588 ]
C1CSCCO1,[ 0.4685183   0.5167602  -0.86377066 -0.02871018  0.12161022]
CCOC(=O)C=Cc1ccc2c(c1)OCO2,[ 0.22924906  0.79865813 -0.9793092  -1.          0.00579263]
Nc1cc2c(cc1C1CCCCC1)CCC2C(=O)O,[ 0.219857    0.19354457 -0.80791813  0.23762973 -0.19887502]
CN(c1ccc(F)cc1F)c1c([N+](=O)[O-])cc([N+](=O)[O-])cc1C(F)(F)F,[ 0.15561038  0.35812894  0.07383802 -0.44294652  0.57847345]
C=CC(=O)Nc1ccc(O)cc1,[-0.18733738  0.47152108 -0.8562918  -0.98920226 -0.2091996 ]
CCCCCCCCCCOC(=O)Cc1ccc(N(CCCl)CCCl)cc1,[ 0.16396198 -0.40482396 -0.753676    0.17651314  0.25673354]
O=C(CF)Nc1ccccc1,[-0.17229211  1.         -0.9187583  -0.9986154   0.45779714]
O=C(Nc1ccc(Cl)c(C(=O)Nc2cccnc2)c1)c1cccc(C(F)(F)F)c1,[ 0.29731727  0.8355922  -0.95792955 -0.47006193 -0.15432803]
CN(C)C1C(O)=C(C(N)=O)C(=O)C2(O)C(O)=C3C(=O)c4c(O)cccc4C(C)(O)C3C(O)C12,[ 0.07067835  1.         -0.75214964 -0.9718252   0.5587384 ]
CCCS,[ 0.49939302  0.8867772  -0.98246765 -0.7689146   0.01221341]
N#CC1CC2CC2N1C(=O)C(N)C12CC3CC(CC(O)(C3)C1)C2,[-0.01590383  0.7814884  -0.09442051 -0.4165089  -0.46849057]
CCCN(CCC)c1c([N+](=O)[O-])cc(C(C)C)cc1[N+](=O)[O-],[-0.04793625  0.9591142  -0.9677401  -0.7806385  -0.04480335]
CNC(=N)c1cccc(CC(CC(=O)N2CCC(C(=O)O)CC2)NS(=O)(=O)c2ccc3ccccc3c2)c1,[ 0.15823987  0.19928387 -0.6610554   0.64944535 -0.15960202]
CCN(CC)CCOCCO,[ 0.21364726 -0.5222226  -0.79080147 -0.50948554 -0.48817894]
CC1CN(C2CCCCCCCCCCC2)CC(C)O1,[ 0.46099    -0.7899432  -0.45600632 -0.37787986  0.2737388 ]
Cc1ccc(NC(=O)c2ccc(Cl)c(C(F)(F)F)c2)cc1C(=O)Nc1cccnc1,[ 0.57471114  0.40333194 -0.68259954 -0.43669316 -0.5321249 ]
COc1cc2ncc(C(N)=O)c(Nc3cccc(Cl)c3Cl)c2cc1N1CCN(C)CC1,[-0.00514688  0.559825   -0.7955436  -1.         -0.5034741 ]
CCC(O)CO,[ 0.27703595  0.39776286 -1.         -0.72402024 -0.05569294]
CNC(=O)Oc1cc(C)c(N(C)C)cc1C(C)C,[ 0.3593817   0.85582    -0.91748077 -0.4308118  -0.5314454 ]
ClCC(Cl)Cl,[ 0.35479218  0.5388783  -0.75577366 -0.79063475  0.0593114 ]
CNC(=O)Oc1ccc(Cl)c2c1OC(C)(C)C2,[-0.00466399 -0.07254697  0.34053385 -0.6445639   0.30613485]
Cc1c(-c2c(C)c(N)c3c(C(C)C)c(O)c(O)c(C=O)c3c2O)c(O)c2c(C=O)c(O)c(O)c(C(C)C)c2c1N,[-0.23797528 -0.31667206 -0.23535556 -0.7658524   0.03303469]
Cn1c(C(=O)NC2(C(=O)N[C@H](Cc3ccccc3)C(=O)NCCCN3CCOCC3)CCCC2)cc2ccccc21,[-0.32200113  0.91377234 -0.7860056  -0.4909761  -0.0439461 ]
Cc1nn(C2CCCCC2)c(N)c1-c1ccccc1,[-0.10368913  0.88937044 -0.90809834 -0.8182415  -0.045907  ]
CN[C@@H](C)[C@@H](O)c1ccccc1,[-0.02957614 -0.8279764  -0.6892196  -0.66026574  0.45934856]
CC(NNC(=O)c1ccccc1)c1ccccc1,[ 0.08728265  0.86027807 -0.7954859  -1.          0.12010854]
CN(C)C(=O)Oc1cccc2sccc12,[ 0.31362745  0.04370353 -0.48998857 -0.87945014  0.12131828]
CN1CN(CCO)CSC1=S,[ 0.27658355  0.8438271  -0.737892   -0.7821007   0.1075622 ]
FC(F)(F)c1nc2c(Br)c(Br)cc(Br)c2[nH]1,"[ 1.5926023e-01  3.3035162e-01 -7.3310488e-01 -8.1432480e-01
 -2.0327771e-04]"
CC(=O)c1c(C)c2cnc(Nc3ccc(N4CCNCC4)cn3)nc2n(C2CCCC2)c1=O,[-0.49494916  1.         -1.         -0.47642973  0.02014969]
CN1CCC(=C2c3ccccc3Sc3ccccc32)CC1,[ 0.23769195  0.83290553 -0.85956305 -0.69606733 -0.03739851]
COc1cccc(OC)c1O,[-0.6101001   0.20783286 -0.8103165  -0.738837   -0.15163958]
COc1ccc(N)c([N+](=O)[O-])c1,[ 0.1585792   0.9335693  -0.88344246 -0.965788   -0.0985693 ]
C(Oc1nc(OCC2CO2)nc(OCC2CO2)n1)C1CO1,[ 0.06197036  0.74733835 -0.63515306 -0.68996173 -0.16138129]
CN1CCN(c2ccc3ncc(C(N)=O)c(Nc4ccc(Cl)c(Cl)c4)c3c2)CC1,[-0.16838479  0.94354045 -0.771434   -0.12850767 -0.11602522]
CC(C)C1NC(=O)c2ccccc2O1,[ 0.12992641  0.8449147  -0.9801607  -0.6497008   0.0129634 ]
CCOC(=O)C1OC1c1ccccc1,[ 0.40036443  0.8647597  -0.8071557  -0.8019362  -0.39255238]
CCc1nn(C2CCCC2)c2c1CCn1c(-c3cccs3)nnc1-2,[-0.01549693  0.9378955  -0.8148225  -0.5808251  -0.24496983]
COc1ccc2ncc(=O)n(CCN3CC[C@@H](NCc4ccc5c(n4)NC(=O)CO5)[C@@H](F)C3)c2c1,[ 0.16627885  0.8689264  -0.5082815  -0.7289612  -0.38957426]
CCC(=O)CC,[ 0.21110961  0.7256052  -0.83537966 -0.71888405 -0.17742354]
SCCc1cnccn1,[ 0.1483661   0.6614922  -0.7408477   0.2110178   0.32097733]
C1=CCCC=CCCC=CCC1,[ 0.23027894  0.7807679  -0.9927251  -1.         -0.11015432]
CNC(=O)c1[nH]cnc1C(=O)Nc1ccc(OC)cc1,[-0.34367257  0.8635926  -0.4341083  -0.6356217   0.5353022 ]
NCCNCCNCc1ccccc1O,[ 0.06422814  0.93362254 -0.44177076 -0.7624891   0.37964436]
C=CCn1c(N)cc(=O)n(CC)c1=O,[ 0.25908273  0.37645164 -0.5918158  -0.7348011   0.18033022]
CCOc1ccccc1C(=O)NN=C(C)C(=O)O,[ 0.22553171  0.81158566 -0.9105043  -0.61232924 -0.08758724]
CC(C)(C)c1cc(O)ccc1O,[ 0.24501678  0.8058986  -0.28980368  0.61733407  0.3520697 ]
CS(=O)(=O)c1ccc(C(O)C(COC(=O)C[NH3+])NC(=O)C(Cl)Cl)cc1,[ 0.21157172  0.80399626 -0.54306465 -0.44173053  0.29320875]
CCCCc1nc(Cl)c(CO)n1Cc1ccc(-c2ccccc2-c2nnn[nH]2)cc1,[ 0.18470421  0.80997974 -1.         -0.34679684  0.30829445]
O=C(Oc1ccccc1)c1ccccc1C(=O)Oc1ccccc1,[ 0.2979068  -0.09333263 -0.7644777  -0.55675757 -0.1479672 ]
CCCc1c(OCc2cccn3c(=O)c(CCC(=O)O)cnc23)ccc(C(C)=O)c1O,[ 0.13936745  0.8565889  -0.4527442  -1.         -0.32933274]
S=c1[nH]c2cc(Cl)ccc2o1,[ 0.05672478  1.         -0.57497454 -0.59479016 -0.5160539 ]
N=C(NN=Cc1ccc(Cl)cc1)NN=Cc1ccc(Cl)cc1,[ 0.11303197  0.5329745  -0.15735194 -0.7286806  -0.32446188]
CC(=O)N1CCN(c2ccc(OC[C@H]3CO[C@](Cn4ccnc4)(c4ccc(Cl)cc4Cl)O3)cc2)CC1,[ 0.00816286  0.7983341   0.01942088 -0.4692458   0.03675345]
C=CCN1CCC23CCCCC2C1Cc1ccc(O)cc13,[ 0.34502214 -0.13328546 -0.60307133 -0.7872467   0.6136949 ]
c1ccc(C2CO2)cc1,[-0.13161205  0.8443916  -0.32611045 -0.6260668   0.01794905]
Cc1ccsc1C(=CCC[NH+]1CCCC(C(=O)[O-])C1)c1sccc1C,[-0.20601475  0.7471993  -0.5882042  -0.8853728  -0.35880637]
O=C(CCl)OCCOCCO,[-0.14489157  0.5325901  -0.16989577 -1.         -0.08043006]
CCc1ccc2[nH]c(C(F)(F)F)nc2c1,[ 0.19449511 -0.06059597 -0.79930794 -0.5471237   0.61067814]
CC(C)CCCCCN(CCCCCC(C)C)CCCCCC(C)C,[ 0.78232306  0.7382421   0.16886443 -0.47019514 -0.6530939 ]
CCCN(CCC)c1c([N+](=O)[O-])cc(S(N)(=O)=O)cc1[N+](=O)[O-],[ 0.6561977   0.9019118  -0.9139286  -0.8575834  -0.05882787]
O=C(O)c1ccccc1C(=O)Nc1cccc2ccccc12,[-0.11255169  0.77888674 -0.61326414 -1.         -0.32407796]
CCCCOC(C)OCCCC,[-0.02885388  0.7799034  -0.35820583 -0.41492134 -0.24119149]
C1=CC2C=CC1C2,[ 0.43907022  1.         -0.9755213  -0.72852844 -0.02886918]
O=C(O)C1N=C(c2ccccc2)c2cc(Cl)ccc2NC1=O,[ 0.07081943  0.43538135 -0.7435063  -0.6076632   0.501199  ]
COCCOCc1ccccc1,[ 0.5392003   0.7837638  -0.849309   -0.47271731 -0.02873027]
O=C([O-])c1cc(N=Nc2ccc(S(=O)(=O)Nc3ccccn3)cc2)ccc1O,[-0.49814174  0.8906379  -0.22472234 -0.8691026  -0.17578791]
Nc1ccc([N+](=O)[O-])cc1N,[ 0.43938798  1.         -0.38603806 -0.3072676  -0.05843132]
COc1ccc(NC(=O)c2ccnc(N)n2)cc1,[-0.17481062  0.96776664 -0.7251523  -0.49023053 -0.17028299]
CNC(=O)c1c(I)c(NC(C)=O)c(I)c(C(=O)[O-])c1I,[ 0.28931096  0.87771446 -0.10662344 -0.66484785 -0.16678981]
O=C(O)COc1ccc(Cl)cc1CN1CCN(S(=O)(=O)Cc2ccccc2)CC1,[ 0.35065305  0.752117   -0.653997   -0.445208   -0.05145293]
Cc1nc(C(F)(F)F)ccc1C(=O)Nc1ccc(Cl)c(-c2ccccn2)c1,[-0.05666424 -0.2364554   0.18959193 -0.38175234 -0.25104114]
CCCP(=O)(CCC)CCC,[-0.06030476  0.7768885  -0.8073768  -0.53541493  0.72599167]
COP(=S)(OC)SCc1nc(N)nc(N)n1,[ 0.34887844  0.81074536 -1.         -0.35504487 -0.05006959]
COc1nccnc1NS(=O)(=O)c1ccc(N)cc1,[ 0.6206109   0.8732032  -0.64621305 -1.         -0.41944808]
CCCc1nn(C)c2c(=O)[nH]c(-c3cc(S(=O)(=O)N4CCN(C)CC4)ccc3OCC)nc12,[-0.0828351   0.9470331  -0.7654501   0.14487988 -0.3154743 ]
Cc1ccc(S(=O)(=O)Nc2c(C(=O)NC3CCCCC3)c(C)nn2-c2ccccc2)cc1,[-0.10467343  0.9425929  -0.9061753  -0.5504081   0.16907346]
O=CCCCC=O,[ 0.5286806   0.8122269  -0.22889279 -0.84343135 -0.43072185]
Oc1ccc(O)cc1,[ 0.16829129  0.86784846 -0.74951094 -0.22864422  0.1123221 ]
CNC(=O)ON=C1CCCC1(C)C#N,[-0.1272899   0.71039855 -0.8529918  -0.9509098  -0.14950004]
Cc1ccc2c(c1)c(Sc1cccc(Cl)c1)c(C)n2CC(=O)O,[ 0.08511308  0.8456293  -0.73256636  0.44686225 -0.08528032]
CCC(=O)OC1C(C)OC(OC2C(C)OC(OC3C(CC=O)CC(C)C(O)C=CC=CCC(C)OC(=O)CC(OC(C)=O)C3OC)C(O)C2N(C)C)CC1(C)O,[ 0.09546363  0.88652813 -1.         -0.9290899  -0.1047748 ]
O=c1cc(-c2ccc(O)cc2)oc2cc(O)cc(O)c12,[ 0.03199261  0.8150499  -0.8072574  -0.92008954  0.21848807]
O=C(CO)N1CCC(c2[nH]nc(-c3ccc(Cl)cc3F)c2-c2ccncn2)CC1,[-0.14012478  0.05687753 -0.0080193  -0.00785608  0.9203424 ]
CCOP(=S)(OCC)Oc1cc(-c2ccccc2)on1,[ 0.21646386  0.8109537  -0.5275273  -0.10670783  0.27825218]
CCOC(=O)C(CCc1ccccc1)NC1CCc2ccccc2N(CC(=O)O)C1=O,[-0.39565468  0.7133201  -0.72551507 -1.         -0.35743436]
COC(=O)C1=C(C)NC(C)=C(C(=O)OCCN(C)Cc2ccccc2)C1c1cccc(N(O)O)c1,[ 0.22884168  0.8890205   0.07878775 -0.94525164 -0.2522212 ]
CC(C=O)=Cc1ccco1,[ 0.14040895  0.96934444 -0.89477634 -0.87227553  0.82636255]
CCC(C)C(=O)OC1CCC2(C)C3CC(O)C4C5(O)C(CC42OC13O)C1CN2CC(C)CCC2C(C)(O)C1C(O)C5OC(=O)C(C)(O)CC,[ 0.19316472  1.         -0.39488003 -1.         -0.15418217]
COc1cc(C=CC(=S)N2CCOCC2)cc(OC)c1OC,[ 0.05016246 -0.51773435 -0.4708176  -0.88812685 -0.0978919 ]
Cc1ccc(S(=O)(=O)N(C)C(=O)N2CCC(N3CCC(Oc4ccc(Cl)c(Cl)c4)CC3)CC2)cc1,[-0.26164773 -0.66952175 -0.65355265 -0.6098778   0.05588933]
O=c1[nH]c(=O)c2ccccc2o1,[ 0.37244615  0.7983432  -0.4152857  -0.6425934  -0.06618669]
CN(C)Cc1cc(CN(C)C)c(O)c(CN(C)C)c1,[ 0.22032525  0.7591665  -0.8230365  -0.3598198   0.64399403]
Cc1c(OCC(F)(F)F)ccnc1CS(=O)c1nc2ccccc2[nH]1,[ 0.3407901   0.96774685 -0.75774765 -1.         -0.40973654]
COc1cc(OC)c(C(=O)CCCN2CCCC2)c(OC)c1,[ 0.40369126  0.2033883  -0.4626695  -0.7347608  -0.23313652]
COc1c(OCc2ccc(-c3ccccc3-c3nnn[nH]3)cc2)cc(C)nc1C,[ 0.38660523  0.77165204 -0.776538   -0.3812636  -0.39303508]
OCCOCCOCCOCCO,[ 0.09879212  0.88052857 -0.6510691  -0.87667084  0.0279428 ]
O=C(/C=C/c1ccc(O)c2c1C(C(=O)O)C(c1ccc(O)c(O)c1)O2)OC(Cc1ccc(O)c(O)c1)C(=O)O,[ 0.43882698  0.7414042  -0.7000189   0.7411604  -0.15138131]
Cc1c(CN2CCOC(c3ccccc3)C2C)c(=O)n(-c2ccccc2)n1C,[ 0.30165356  0.698004   -0.6753832  -0.67270225 -0.37668818]
BrC(Br)Br,[ 0.03334639  0.35488722 -0.94828475 -0.41081753  0.96221983]
CNC(=O)Oc1ccccc1C1OCCO1,[-0.13177072  0.31960315 -0.35671395 -0.5503449  -0.28625795]
CCCCCCCCCCCCCCCCCCOP(=O)([O-])OCC[N+]1(C)CCCCC1,[-0.20855057 -0.8760644  -0.3469895  -0.37184128 -0.12772858]
COCCOC(=O)CC#N,[ 0.10601779  0.879633   -0.6648526  -0.8710779  -0.0221913 ]
O=C(Nc1ccc(Br)cc1)c1cc(Br)cc(Br)c1O,[ 0.39631397  0.5580549  -1.         -0.56583816 -0.86589336]
CN(C)N=Nc1ccc(I)cc1,[-0.0772817  -0.5152443  -0.7696964  -0.75402963 -0.27655414]
Nn1cnc2cc3ccccc3cc2c1=O,[ 0.07756966  0.9670273   0.42237836 -0.45553508 -0.09350389]
CCCOCCN(C(=O)CCl)c1c(CC)cccc1CC,[ 0.41383162  0.7534594  -0.7381593  -0.9819339   0.23069374]
S=C1NCCNC(=S)S1,[ 0.43370438  0.39010677 -0.6743039  -0.9723962  -0.57595485]
C[NH+](CCOc1ccc(NS(C)(=O)=O)cc1)CCc1ccc(NS(C)(=O)=O)cc1,[ 0.00135801  0.8074041   0.34664544 -0.52506244 -0.39580736]
CCCCC(C)(C)CO,[ 0.42041126  0.83980983 -0.9104386  -0.5333246   0.2529852 ]
ClCC1CO1,[ 0.21903849  0.6684359  -0.7383021  -0.9021588  -0.36306956]
Cc1ccc(S(=O)(=O)Nc2c(C(=O)N[C@@H](C)C(C)(C)C)c(C)nn2C(C)C)cc1,[-0.24470001  0.97605205 -0.9921305  -0.7297225  -0.35460052]
Cc1cc(Nc2nc(N[C@@H](C)c3ccc(F)cn3)c(C#N)cc2Cl)n[nH]1,[ 0.60087574  0.64973587 -0.44505864 -0.45566076 -0.5138191 ]
C=C(CC(=O)c1ccc(-c2ccccc2Cl)cc1)C(=O)O,[ 0.20902392  0.7766634  -0.7826044  -0.41198787  0.01116852]
CN1c2ccccc2C(NCCCCCCC(=O)[O-])c2ccc(Cl)cc2S1(=O)=O,[-0.5921238   0.9998583  -0.47077307 -0.77914375 -0.14693892]
Cc1ccc(N=CN(C)SN(C)C=Nc2ccc(C)cc2C)c(C)c1,[ 0.00722583  0.55489606  0.00656685 -0.05056987  0.36588177]
CNC(=N)c1cccc(CC(CC(=O)N2CCC(C)CC2)NS(=O)(=O)c2ccc3ccccc3c2)c1,[-0.60591125 -0.05263238 -0.6649015   0.33877492 -0.06738228]
C1CCC2CCCCC2C1,[ 0.04682669  0.8151446  -0.80559146 -0.8861269   0.2675143 ]
CC(C(=O)O)c1ccc(C(=O)c2cccs2)cc1,[-0.4937719  -0.86732703 -0.53040475  0.02487706  0.04530648]
CC1(C)CC2(NC(=O)N(CCCN3CCC(O)CC3)C2=O)c2cc(F)ccc2O1,[ 0.23728395  0.8270662  -0.7643139  -0.9980891  -0.35838413]
COCc1c(C(C)C)nc(C(C)C)c(/C=C/[C@@H](O)C[C@@H](O)CC(=O)O)c1-c1ccc(F)cc1,[ 0.3668724   0.6112442  -0.84635925 -0.44602627 -0.11582424]
COP(=S)(OC)Oc1ccc(C#N)cc1C,[-0.24240819  0.7794809  -0.58467877 -0.55017346 -0.11466566]
CCCOC(=O)Cc1ccc(OCC(=O)N(CC)CC)c(OC)c1,[-0.69774157  0.8995392  -0.5585886   0.22605912  0.24955222]
COc1ccccc1Oc1c([N-]S(=O)(=O)c2ccc(C)cn2)nc(-c2ccncc2)nc1OC,[ 0.1765494   0.35273647 -0.54296553 -1.         -0.15520579]
CO[Si](CCCOCC1CO1)(OC)OC,[-0.25084165  0.9156951  -0.5622204  -0.62526166 -0.41779104]
COc1ccccc1Oc1c([N-]S(=O)(=O)c2ccc(C(C)C)cn2)nc(-c2ccnc(-c3nnn[n-]3)c2)nc1OCCO,[ 0.46227336 -0.09169941 -0.3271804  -0.3474813  -0.14902318]
[O-][n+]1onc2c1c1no[n+]([O-])c1c1no[n+]([O-])c21,[ 0.5981006   0.7710374  -0.9051271  -1.          0.06334625]
COc1cc(OC)c(S(=O)(=O)NCc2ccccc2N2CCC(COC(=O)CCC(=O)O)CC2)cc1NC(=O)CCC(=O)O,[-0.04027306  0.95154047 -0.9272003  -0.74675214 -0.07703866]
N#Cc1c(-c2ccc(-c3ccncc3Cl)cc2)nc2ccncc2c1O,[ 0.2421664   0.98801845  0.4840667  -0.35973972 -0.15388724]
CCOC(=O)Cl,[ 0.21632363 -0.285807   -0.59967303 -0.31919807 -0.05188132]
CCCc1nnc(CSP(=S)(OCC)OCC)o1,[ 0.42925704  0.86245346 -0.7777699  -0.7131686  -0.22744669]
COP(=O)(SC(C)C)SC(C)C,[-0.65598875  0.7724471  -0.25276515 -0.00544885 -0.2540379 ]
CC1=C(CC(=O)O)c2cc(F)ccc2C1=Cc1ccc(S(C)=O)cc1,[ 0.26401305  0.8950784  -1.         -0.10897251 -0.3747827 ]
C#CC1(O)CCC2C3CCC4=CC(=O)CCC4C3C(=C)CC21CC,[ 0.19465381  1.         -0.86730194 -0.34881738 -0.04844474]
CP(=S)(Oc1ccccc1)Oc1ccc(C#N)cc1,[ 0.3320653   0.3815551  -0.76799023  0.29438537  0.16942738]
C[C@@H](N/C(=N\c1ccncc1)NC#N)C(C)(C)C,[ 0.16962342  0.8229944  -0.7917183  -0.842894   -0.221573  ]
CO/N=C(\C(=O)N[C@@H]1C(=O)N2C(C(=O)O)=C(COC(C)=O)CS[C@H]12)c1csc(N)n1,[ 0.42455146  0.90642947 -0.50236386 -0.95472014  0.10757151]
Nc1nc2c(Cc3cccnc3)c[nH]c2c(=O)[nH]1,[-0.00341014  0.83151746 -1.         -0.5224629   0.1311556 ]
C[C@@H](NC1=CC(=O)CNC1)c1ccc(Nc2ncc3cc(-c4ccncc4)ccc3n2)cc1,[ 0.12849432  0.62178093 -0.9430696  -0.6109762   0.3913634 ]
CCc1c2c(nc3ccc(O)cc13)-c1cc3c(c(=O)n1C2)COC(=O)[C@]3(O)CC,[ 0.02865207  1.         -0.86000335 -0.7313346  -0.12307172]
CC[C@@]1(O)C(=O)OCc2c1cc1n(c2=O)Cc2cc3c(CN(C)C)c(O)ccc3nc2-1,[-0.3780104  0.7169552 -0.8732519 -0.5957265 -0.269455 ]
CC[C@@H]1OC(=O)[C@@H](C)[C@H](O[C@@H]2C[C@](C)(OC)[C@H](O)[C@@H](C)O2)[C@H](C)[C@H](O[C@@H]2O[C@H](C)C[C@H](N(C)C)[C@H]2O)[C@@](C)(O)C[C@@H](C)/C(=N\OCOCCOC)[C@H](C)[C@@H](O)[C@@]1(C)O,[ 0.18141727  0.63032734 -0.51173234  0.75769573 -0.06722306]
C#CC(C)(O)C(O)c1ccccc1,[ 0.16504845  0.9513661  -0.7993971  -0.2072933   0.07342729]
CC(C)[N+](=O)[O-],[ 0.5429773   0.9068189  -0.78370696 -0.66815144 -0.5877514 ]
COC(C)C=O,[-0.24868874  0.76101184 -0.7527739  -0.7068529   0.73424864]
C=COC(=O)CCCCC(=O)OC,[ 0.38343012  0.02087534 -0.88885355 -0.5355752   0.42227295]
CC(C)(C)c1ccc(OP2OCC3(CO2)COP(Oc2ccc(C(C)(C)C)cc2C(C)(C)C)OC3)c(C(C)(C)C)c1,[ 0.04868706  0.31388554 -0.37492967 -0.25385243  0.24344668]
CCCCC(CC)OCCOCCO,[ 0.20121886  0.889086   -0.7754311  -0.6491953  -0.00706014]
CC(=O)Nc1ccc(C)c(NS(=O)(=O)C(F)(F)F)c1,[-0.1209116  -0.03086447 -0.34791243 -0.6029181  -0.34244713]
COc1ccccc1NC(=O)CC(C)=O,[-0.39928055  0.3368206  -0.64760756 -0.6870907  -0.38075116]
C=CC(=O)N(C)C,[ 0.4275636   0.70063436  0.02054582 -0.9884999  -0.22508925]
CC1CCC(C(C)C)C(O)C1,[ 0.3032139   0.72467303 -0.8277936  -0.6990434   0.08607425]
O=C(NCCNCC(O)COc1ccc(O)cc1)N1CCOCC1,[-0.09838197  0.28220597 -0.9083994  -0.864665   -0.17085043]
CCOP(=O)(O)O,[-0.17147663 -0.6295344  -0.8340346  -1.         -0.20271027]
CNC(=O)CSP(C)(=S)OC,[ 0.482477   -0.23614909 -0.07783359 -0.06142208 -0.26169106]
C(=NC1CCCCC1)=NC1CCCCC1,[ 0.29442728  0.8782797  -0.8461912  -0.72291946 -0.13147148]
N#CSCCSC#N,[ 0.18654424  0.94296145 -0.88674957 -0.86640525 -0.40587428]
CC(O)c1cccc(N)c1,[ 0.4147029   0.8690143  -0.77989316  0.31310454 -0.30654976]
C=CC(=O)OCCOCCC#N,[-0.20906754  0.72161824 -0.87168056 -0.78251815  0.0535115 ]
CCCCOCCOCCCC,[ 0.47752416  0.3525769  -0.90525013 -1.          0.51209503]
NCC1CCC=CO1,[-0.2867109   0.70950836 -0.6902043  -0.76955014  0.2043556 ]
COC(C)COC(C)COC(C)CO,[ 0.47773078  0.32521984 -1.         -0.30209997  0.16653055]
CCOC(=O)NCCOc1ccc(Oc2ccccc2)cc1,[-0.34098274  0.37144056 -0.67957217 -0.3872511   0.3555872 ]
c1ccc(COCc2ccccc2)cc1,[-0.12065025  0.8320032  -0.86222225 -0.36400086 -0.23287125]
C=CC(=O)N1CN(C(=O)C=C)CN(C(=O)C=C)C1,[ 0.3202142   0.25091466 -0.819259   -0.62855875  0.4682206 ]
CN(CCCOCCOCCc1ccccc1)CCc1ccc(O)c2nc(O)sc12,[-0.25027734  0.7934817  -0.10398456 -1.          0.09991116]
COc1ccc(CC(C)=O)cc1,[ 0.16453253  0.81004155 -0.4180075  -0.9092604   0.13785738]
C#CCN(C)c1ccccc1OC(=O)NC,[ 0.12361504 -0.6551733   0.08954767 -0.48058432 -0.17522572]
CC(=Cc1ccccc1)CC(=O)N1CCOCC1,[-0.41745344  0.87957275 -0.766076   -0.47431755  0.3258284 ]
Cc1c(OC2CCN(CC3CCN([C@@](C)(Cc4ccc(F)cc4)C(=O)O)CC3)CC2)ccc(Cl)c1Cl,[ 0.4143225   1.         -0.915183   -0.58036256 -0.34489012]
Nc1cc[n+]([O-])cc1,[ 0.11328965  0.8958296  -0.3621619  -0.8542751   0.0178259 ]
CN(C)N(C)N=O,[-0.12268306  0.65133554 -1.         -0.9053376   0.5986923 ]
CCCCn1c(=O)n(CCC)c(=O)c2[nH]c(C)nc21,[ 0.16774923  0.9614559  -1.         -0.68621016  0.1511694 ]
C[NH+]1CCc2cccc3c2C1Cc1ccc(O)c(O)c1-3,[ 0.27547416  0.3008083  -0.1386142  -0.57951945 -0.03680353]
C[C@@H]1NC(=O)[C@H](C)N(C)C(=O)[C@@H](C)NC(=O)[C@H](C)N(C)C(=O)[C@@H](C)N(C)C(=O)[C@@H](C)NC1=O,[ 0.1201151   0.46691057 -0.70954925 -1.         -0.27946466]
C=C(OP(=O)(OC)OC)c1ccc(Cl)cc1Cl,[ 0.12680319  0.79833776 -0.3626146  -0.8623982   0.23509276]
CNC(=O)ON=C(C)SCC(=O)N(C)C,[ 0.73008233 -0.2723312  -0.9064952  -0.20559171 -0.07789078]
CC(C(=O)O[C@@H]1CC[N+](C)(C)C1)(c1ccccc1)C1CCCC1,[ 0.2703254   0.8461209  -0.15834527 -0.7125113  -0.2366579 ]
Cc1cnc(C)c(C)n1,[ 0.27773967  0.7734111  -0.6789187  -0.7247504   0.1051916 ]
CCCOC(=O)c1ccc(C(=O)OCCC)nc1,[ 0.23530954  0.9793869  -0.06841119 -0.9147925  -0.13726594]
COC(=O)C(C)N(C(=O)Cc1ccccc1)c1c(C)cccc1C,[ 0.03632998  0.8672511  -0.8048624  -0.41151834  0.52384406]
CN(C)C1CC(c2ccccc2)c2ccccc21,[ 0.12902308  0.92666453 -0.8111345  -0.9734719  -0.5505628 ]
CCCCc1c(OC(=O)c2cc(OC)c(OC)c(OC)c2)n(-c2ccccc2)n(-c2ccccc2)c1=O,[-0.19978635  0.8117713  -0.547494   -1.         -0.29824424]
CC=Cc1ccc(OCc2ccccc2)c(OC)c1,[ 0.41843426  0.78385377 -0.8192072  -0.5426762  -0.49653405]
COc1ccc(C(=O)Nc2ccccc2CCC2CCCCN2C)cc1,[ 0.5115621   0.7844709  -0.80171    -0.853616    0.67032254]
C=CCc1cc(OC)c(OC(C)Cc2cc(OC)c(OC)c(OC)c2)c(OC)c1,[-0.1966801   0.6017402  -0.73468983 -0.15621786 -0.11902904]
C=CCc1ccccc1OCC(O)C[NH2+]C(C)C,[ 0.3798265   1.         -0.7826449  -0.7458167  -0.49749482]
C=CCN1CCCC1CNC(=O)c1cc2nn[nH]c2cc1OC,[ 0.30277845 -0.35318312 -0.6124229  -0.08252671  0.6189402 ]
CCC(CC)n1nc(C)c(C(=O)N[C@@H](C)C(C)(C)C)c1NS(=O)(=O)c1ccc(C)cc1,[ 0.0897916   0.5749179   0.3146893  -1.         -0.38447285]
CCC(=O)OCc1ccc(OC)cc1,[ 0.25156647  0.18866593 -1.         -0.74758387 -0.16370524]
CCOP(=S)(OCC)SCSCc1ccccc1,[-0.02321237  0.8587847  -0.7225676  -0.57351506  0.1477203 ]
CCOC(=O)CCC1(CCC(=O)OCC)c2ccccc2-c2ccccc21,[-0.23696359  0.8100252  -0.8234655  -0.70574063 -0.41423923]
O=S1(=O)CCN(c2ccccc2)CC1,[ 0.4567779   0.83488643 -0.7220147  -0.7577616  -0.19802868]
C[N+](C)(C)[NH2+]CCC(=O)[O-],[ 0.46482366  0.9395428  -1.         -0.74903077  0.09544627]
CC(=O)N(C)c1ccc(Nc2ncc3cc(-c4ccncc4)ccc3n2)cc1,[-0.09841291  0.7628533  -0.6936361   0.817909    0.01267548]
CC1CCC2(O)C3(C)CC4(O)OC2(C1O)C1(O)C3(O)C(OC(=O)c2ccc[nH]2)C(O)(C(C)C)C41C,[-0.34482867  0.96911705 -0.7722007  -1.          0.08686911]
Nc1nc2[nH]cnc2c(=S)[nH]1,[-0.12250112  0.9430984  -1.         -0.7855526   0.07372606]
C[C@H](Cn1cnc2c(N)ncnc21)OCP(=O)(O)O,[ 0.46172702  0.1797047  -0.22075884 -0.6653889   0.01940172]
N#Cc1cc(Br)c(O)c(Br)c1,[ 0.3888065   0.88151914 -0.69900537 -0.6424781   0.32479766]
CON=C(C(=O)NC1C(=O)N2C(C(=O)O)=C(COC(N)=O)CSC12)c1ccco1,"[-3.1432658e-04  6.9106608e-03 -1.0000000e+00 -8.7377405e-01
 -2.4451339e-01]"
C=CC(=O)OCCOC(=O)CC(C)=O,[ 0.7231361   0.7367951  -0.71735454 -0.5627258   0.11116721]
CN(C)CCCNCCCN(C)C,[ 0.27247718  0.45127532 -0.8698985   0.5572384   0.26829192]
O=NN1CCCCC1,[-0.25526443  0.9129491  -0.9741095  -0.52478063  0.08864778]
COC(=O)/C=C/CNC(=O)CN1C(=O)[C@@H](COC(=O)Nc2ccc(Cl)cc2C(F)(F)F)N=C(c2ccccc2)c2ccccc21,[-0.26605052  0.9176606  -0.9259568  -0.9519462   0.8083272 ]
COc1cc2c(cc1OC)C(Cc1cc(OC)c(OC)c(OC)c1)[N+](C)(CCCOC(=O)CC/C=C\CCC(=O)OCCC[N+]1(C)CCc3cc(OC)c(OC)cc3C1Cc1cc(OC)c(OC)c(OC)c1)CC2,[ 0.4333785   0.8989718  -0.86820173 -0.60407215  0.07662531]
COCCOCCOC(C)=O,[ 0.3345997   0.80850124 -0.23956227 -0.5470394   0.19678216]
C=CC(=O)OCCOCCOC(=O)C=C,[ 0.41098538  0.74288625 -0.29366368 -1.          0.21550514]
C[C@H](CO)Nc1nc(SCc2cccc(F)c2F)nc2nc(N)cnc12,[ 0.26570508  0.6695981  -0.6417633  -1.         -0.32386467]
CC(COc1ccc(Cl)cc1Cl)C(=O)O,[-0.2807528   1.         -1.         -0.8396777   0.33013672]
CSCCC(OC(C)=O)C(=O)O,[ 0.44854188  0.817113   -0.752706   -1.          0.6536104 ]
Nc1ccc(F)c(F)c1F,[-0.15778664  0.6886935  -0.19095214 -0.8431039   0.7478848 ]
C=CN(C)N=O,[ 0.33332863  0.09367361 -0.5100488  -0.2975788  -0.14430605]
CCCCCCCCC1OC1CCCCCCCC(=O)OCC1(CC)OC1CCC,[ 0.34515408 -0.6055717  -0.6332197  -1.          0.07074291]
CC(C)CCCC1CCC(C)(C(=O)NCC(=O)O)CC1,[-0.06091614 -0.15258391 -0.10550915 -0.81271374 -0.26969457]
CN(C)c1ccc(N=Nc2ccccc2)cc1,[ 0.3183779   0.74333453 -0.40210998 -0.6432438   0.27954546]
CCN1CCCC1CNC(=O)c1cc(S(N)(=O)=O)ccc1OC,[-0.29921338  0.4547102  -0.8760572  -0.53348255  0.06478827]
Cc1cc(=O)n(CSP(=S)(OC(C)C)OC(C)C)nc1Cl,[-0.24733461 -0.2105825  -0.79310435 -1.          0.0097594 ]
O=C(OCC=Cc1ccccc1)c1ccccc1,[ 0.17939426  0.6816835  -0.7910091  -0.8292209  -0.3803493 ]
Cc1ncccc1Oc1ncnc(OC2CCN(C(=O)OC(C)C)CC2)c1C,[ 0.3956592   0.5890689  -0.6052317   0.33192772 -0.2750703 ]
Cn1cnc(S(=O)(=O)N(CCN(Cc2cncn2C)c2ccc(C#N)cc2)Cc2ccccc2)c1,[-0.1431438   0.86047536 -0.7038407  -0.93222564 -0.00701811]
FC(F)=C(F)CCSc1ncccn1,[-0.06596254  0.5801753  -0.667254   -0.9707449   0.0817152 ]
CCCCCCCC[Si](OCC)(OCC)OCC,[ 0.05772025  0.17134266 -0.6415367  -0.56610465  0.43082023]
CCC1OC(C)SC1=NOC(=O)NC,[-0.1845199   0.7695476  -0.42495564  0.47445664  0.33612946]
CN1CCN(CCCN2c3ccccc3Sc3ccc(Cl)cc32)CC1,[ 0.08751556  0.4484869  -0.6670022  -0.25363365 -0.5940651 ]
CC(C)(C)NC(=O)NCCN1CCCC(NC(=O)c2cc(Cl)cc(Cl)c2)C1,[ 0.4349597   0.587859   -0.1835713  -0.82442105 -0.04880738]
C=C(C)C1CC=C(C)C(O)C1,[-0.03786065  0.7554407  -0.01486055 -0.5117649   0.32760185]
CC(C)Oc1cc(-n2cnc3ccc(N[C@@H](CO)c4ccc(F)cn4)nc32)n[nH]1,[-0.5513356   0.7819541  -0.71509    -0.73002386  0.01300639]
O=[N+]([O-])c1nccs1,[ 0.0915179   0.64232296 -0.77772856 -0.95406413 -0.26166436]
CCOP(=O)(CC)SC,[ 0.5077767 -0.8230548 -0.5089099 -0.7767615 -0.0548588]
CC(c1ccccn1)c1c(CC[NH+](C)[14CH3])sc2ccccc12,[-0.42346704  0.74717796  0.7554936  -0.28835046  0.3288009 ]
CCCCC(CC)C(=O)OC1=C(c2c(C)cc(C)cc2C)C(=O)c2ccccc21,[ 0.32070976  0.94269806 -0.7538874  -0.6961762  -0.38006023]
COc1cc2ncc(C(N)=O)c(Nc3ccc(C)cc3F)c2cc1OC,[ 0.29352674  0.64747316 -0.6744483  -0.9640617  -0.11628029]
Cc1ccc(N2CC(COc3ccc(-c4noc(C)n4)cc3)C2)nn1,[-0.13620204  0.55090475 -0.60852754 -0.78055555 -0.02776695]
CC(=O)[C@H]1CC[C@H]2[C@@H]3CC[C@@H]4C[C@H](O)CC[C@]4(C)[C@H]3CC[C@]12C,[-0.08905597  0.87911266 -0.92277753 -0.8270325  -0.18522336]
Cc1cccc(N)c1C,[-0.17279454  0.73656976 -0.30254072 -0.41330504  0.0015595 ]
Cc1cnc(-c2cc(NC(=O)c3ccc(C(F)(F)F)nc3C)ccc2Cl)[nH]1,[ 0.3498442  -0.4061762  -0.75112844 -0.52115667 -0.00832673]
COP(N)(=O)SC,[-0.69500446  0.6669101  -0.9605429  -0.7024241   0.40959027]
CC(C)=CC1C(C(=O)OC(C#N)c2cccc(Oc3ccccc3)c2)C1(C)C,[ 0.04836188  0.57932574 -1.         -0.37404466  0.5334636 ]
CC(C)(C)NC(=O)C1CC2CCCCC2CN1CC(O)C(Cc1ccccc1)NC(=O)C(CC(N)=O)NC(=O)c1ccc2ccccc2n1,[ 0.37164167  0.72164786 -0.26128754 -0.11445088  0.5102378 ]
Cc1ccc2c(c1)c(-c1ccnc3c(C)cccc13)c(C)n2CC(=O)O,[ 0.00378791  0.8409685  -0.18484929 -0.497046   -0.28858212]
CN(CC#N)N=O,[ 0.04794665  0.7901049  -0.9664233  -0.94650984  0.7156331 ]
CCOC(=O)C=Cc1ccc(Cl)cc1,[ 0.10180768  0.7175555  -0.8536302  -0.30207482 -0.42602298]
Cc1cnc(NCCCN(C)C)c2c1[nH]c1ccc3cc(O)ccc3c12,[ 0.05931766  0.8064006   0.43375823 -0.48117864  0.1592936 ]
CC(=O)N[C@H](C)C(=O)NCCc1ccccc1,[ 0.03202652  0.15168805 -0.5872748  -0.5589614  -0.03683276]
CC(C)C(O)(c1ccc(OC(F)(F)F)cc1)c1cncnc1,[ 0.01964309  0.85832256 -0.93990874 -0.3353906   0.06723688]
CCOC(=O)CCN(Cc1ccccc1)SN(C)C(=O)ON=C(C)SC,[-0.25385928  0.8971625  -0.8074403  -0.558359   -0.08760113]
C=CCN(C(=O)Cn1nc(C)ccc1=O)C(C)Cc1ccccc1,[ 0.36783448  0.714391   -0.83940554 -0.71307105  0.34208435]
Cc1cc(Cl)ccc1OCC(=O)O,[ 0.33867908  0.8446692  -0.83479345 -0.6666794   0.48753068]
CCC(C)(C)C1CCC(=O)CC1,[ 0.46747124  0.58457786 -0.7186825  -0.61214185 -0.10849153]
COc1ccc(C(Oc2ccccc2)C2=NCCCN2)cc1,[-0.10487574 -0.671867   -0.56157696 -0.7734751   0.00746899]
CCOP(=O)(OCC)N(C)c1ccccc1,[ 0.35490823  1.         -0.7556506   0.320715   -0.10919546]
CC1CS(=O)(=O)CCN1N=Cc1ccc([N+](=O)[O-])o1,[ 0.61616427  1.         -1.         -1.         -0.40077457]
CCCSP(=S)(OC)SCCC,[ 0.43155795  0.8892948  -0.9880063  -0.5724453  -0.3036217 ]
N[C@H]1CCN(c2c(Cl)cccc2/C=C2\SC(=O)NC2=O)C1,[ 0.291161    0.6007281  -0.76053    -0.9078822  -0.18598363]
C[NH+]1CCOC(c2ccccc2)c2ccccc2C1,[ 0.32745847  0.32012954 -0.50624126  0.3275126   0.1832231 ]
Nc1c(CC(=O)[O-])cccc1C(=O)c1ccc(Br)cc1,[ 0.12717393 -0.5749785  -0.9317675  -0.7340315   0.8589148 ]
CC(C)(C)CNC(=S)Nc1cccnc1,[-0.06129163  0.9572526  -0.70266265 -1.          0.14304572]
Nc1ccc(O)c([N+](=O)[O-])c1,[-0.22707853 -0.5296957  -0.9773825  -1.         -0.12882036]
CCCCN(CCCC)CCCC,[-0.03885908  0.90768206 -0.57694775 -0.7289064  -0.04393527]
NCCNCc1ccccc1O,[-0.29594374  1.         -0.6778665   0.08896783 -0.05510684]
CCN(CC)N=Nc1ccccc1,[ 0.51981777  0.82641333 -0.7631006  -0.4979866  -0.16447715]
COc1ccc(Oc2ccc(NC(=O)N(C)C)cc2)cc1,[ 0.32416135  0.5952758  -0.10096164 -0.848988   -0.36359277]
FC(F)(F)c1nc2c(Br)c(Cl)c(Br)cc2[nH]1,[ 0.2638736   0.65759844 -0.77819735 -0.61681914  0.26341292]
CC(C)(O)c1ccccc1,[ 0.29585     0.9234918  -0.798066    0.02221062 -0.15753518]
OCCOCCN1CCN(C(c2ccccc2)c2ccc(Cl)cc2)CC1,[ 0.17665625  0.6080282  -0.31602558 -0.59584844 -0.12948477]
CCOC(=O)C(CCc1ccccc1)NC(C)C(=O)N1C(C(=O)[O-])CC2CCCCC21,[ 0.43679932  0.8832911   0.350288   -0.29997316 -0.20442778]
O=c1c(Cl)c(Cl)cnn1-c1ccccc1,[ 0.44963482  0.9381533  -0.7417601  -0.4718368  -0.50339544]
CCNC(=S)NCC,[ 0.03047864  1.         -0.9671692  -0.8661673   0.7902249 ]
COCCN(C(=O)CCl)c1c(C)cccc1C,[-0.36557445  0.26647842 -0.56465137 -1.          0.2535281 ]
COCC(=O)O[C@]1(CCN(C)CCCc2nc3ccccc3[nH]2)CCc2cc(F)ccc2[C@@H]1C(C)C,[ 0.02714672  0.7862836  -0.17123413 -0.43365988  0.0410533 ]
C[C@@](N)(Cc1ccc(O)c(O)c1)C(=O)O,[ 0.02455848  0.6257973  -0.5318453  -0.75019455 -0.10073344]
CCOCCCO,[ 0.00913866  0.70025694 -1.         -0.5267989   0.06168596]
CCN(CC)c1ccc2c(C)cc(=O)oc2c1,[ 0.46145895  0.25299984 -0.7031525  -0.49906287  0.3684837 ]
COCCNC(=O)c1ccc(Nc2ncc3cc(-c4ccncc4)ccc3n2)cc1C,[ 0.22498636 -0.2421571  -0.9988849  -0.7920028   0.5970469 ]
CN(C)c1ccc(C(O)(c2ccc(N(C)C)cc2)c2ccc(N(C)C)cc2)cc1,[ 0.91610533  0.30557474 -1.         -0.47577262  0.05438483]
O=C1CCc2cc(C=CCN3CCN(c4ccc(Cl)cc4)CC3)ccc2N1,[ 0.45784032  0.722879   -0.67003345 -0.7140701  -0.442648  ]
O=[N+]([O-])OCC(O)CO,[ 0.17972682  0.9525758  -0.65610063 -0.757748   -0.02313323]
CNC(=O)Oc1cccc2c1OC(C)(C)O2,[ 0.20834939  0.52640015 -0.79108083 -0.8110133   0.43617967]
CC(=CC(=O)O)C(=O)O,[-0.02525344  0.67479426 -0.85943526 -0.8299069  -0.2742326 ]
CC(C)=CCOC(=O)c1ccccc1,[ 0.07854169  0.93764746 -0.73897165 -0.4529078  -0.24005549]
O=C(O)Cc1ccccc1N1CCC(CN2CCC(Oc3ccc(Cl)c(Cl)c3)CC2)CC1,[-0.346215    0.89815956 -0.88572407 -0.8365385  -0.47073823]
Cc1cc(-c2ccc(Cl)c(C(=O)NCC3(O)CCCCCC3)c2)nn1C[C@H](O)CN,[ 0.5969464   0.47450155 -0.8914056  -0.90746266 -0.35877767]
O=C1NC(c2ccc(Br)cc2)Nc2ccccc21,[ 0.44813597  0.9166894  -1.         -0.32980472 -0.31165704]
Oc1cc(Cl)c(Cl)c(Cl)c1Cl,[-0.10879526  0.55210906 -0.89330816 -0.6321295  -0.28582937]
CC(C)c1cccc(OC(=O)N(C)C)c1,[ 0.0225823   0.22094461 -0.56673545 -0.79898745 -0.08636086]
NC(=O)CCCCC1CCSS1,[ 0.2030992   0.6797478  -0.46704146 -0.02176386  0.00381519]
C=CCOc1ccccc1C(N)=O,[ 0.09642694  0.4393213  -0.86897844 -0.850876   -0.17484069]
Cc1ccccc1S(=O)(=O)NC(=O)N1CCC(N2CCC(Oc3ccc(Cl)c(Cl)c3)CC2)CC1,[ 0.30375254  0.97872657 -0.9182969  -0.6882242  -0.36844397]
COc1ccc(C[C@@H]2c3cc(OC)c(OC)cc3CC[N@+]2(C)CCC(=O)OCCCCCOC(=O)CC[N@@+]2(C)CCc3cc(OC)c(OC)cc3[C@H]2Cc2ccc(OC)c(OC)c2)cc1OC,[ 0.19954465  0.44810772 -0.5382168  -0.9258271  -0.06778455]
CNc1c(Br)cnc2[nH]c(-c3ccc(S(C)(=O)=O)cc3)nc12,[-0.08316458  0.6447994  -0.52793133  0.5612479  -0.2707982 ]
COC(=O)c1ccccc1N=NN(C)C,[-0.1869196   0.9538298  -0.84362304 -0.6675685  -0.2992802 ]
Cc1onc2c(=O)[nH]nc(-c3ccccc3)c12,[ 0.06812131  0.4910164  -0.702682   -0.79518896  0.1514372 ]
CCOC(=O)CCC[Si](C)(OCC)OCC,[ 0.5828075   0.9209068  -0.64202064 -0.58504605 -0.14420083]
CC1(C)SC2C(NC(=O)C(C(=O)[O-])c3ccsc3)C(=O)N2C1C(=O)[O-],[ 0.60548526  0.6884691  -1.         -0.35661235 -0.6310521 ]
CSCCC([NH3+])C(=O)NC1(C(=O)[O-])CS(=O)(=O)C2C(C(=O)[O-])C21,[-0.25593248  0.6358559  -0.34804097 -0.79117435 -0.08110577]
Cc1c(OCC(F)(F)F)ccnc1C[S+]([O-])c1nc2ccccc2[nH]1,[ 0.25241113  0.85060877 -0.5614686  -0.7182062   0.33473966]
COc1cc(OC)c(S(=O)(=O)N(c2ccccc2)C(C)C)cc1NC(C)=O,[-0.25511855  0.4097978  -0.6013859  -0.6100914  -0.2567693 ]
COC(=O)C1=C(C)NC(C)=C(C(=O)OCCN(C)Cc2ccccc2)C1c1cccc([N+](=O)[O-])c1,[ 0.15322824  0.83657926 -0.72757125 -0.68135387  0.36175603]
CNCC(O)c1cccc(O)c1,[-0.19298793  0.67447853  0.18607633 -0.7696714  -0.5031392 ]
CC(C)[C@H](C(=O)Nc1nccs1)c1ccc(Cl)cc1,[ 0.6410123   0.95059615 -1.          0.6039186  -0.57050484]
C1=CCC(C2OCC3(CC=CCC3)CO2)CC1,[-0.58603096  0.2567538  -0.69662607 -0.79894054 -0.27220795]
O=C(Cl)c1cccc(C(=O)Cl)c1,[ 0.3681089   0.21049964 -1.         -0.14969477 -0.17483617]
CCOP(=S)(OCC)OC(=CCl)c1ccc(Cl)cc1Cl,[ 0.04064292 -0.0519546  -0.6679619   0.8227846   0.8197219 ]
Cc1cc(Nc2nc(N[C@@H](C)c3ccc(F)cn3)c(C#N)cc2F)n[nH]1,[ 0.41702315  0.35775322 -0.8771563  -0.6459437   0.04307761]
CCCNC(=O)[N-]S(=O)(=O)c1ccc(Cl)cc1,[ 0.17001587 -0.6186387  -0.7243628  -1.          0.05024321]
CCC[C@@H](c1ccc(C(=O)O)c(Oc2cccc(Cl)c2)c1)N1CCC[C@H](n2cc(C)c(=O)[nH]c2=O)C1,[ 0.07586756  0.76482767 -0.88967204 -0.48148075 -0.17688653]
CC(O)C(=O)Nc1c(I)c(C(=O)NC(CO)CO)c(I)c(C(=O)NC(CO)CO)c1I,[ 0.26776692  0.5475812  -0.02606643 -0.53154624 -0.01900432]
COc1cc(C(=O)NC2CCCNC2)cc(OC)c1OC,[ 0.0081788   0.78209585  0.55197275 -0.44654453  0.03661383]
Clc1ccc(C(OCCN2CCCCC2)c2ccccc2)cc1,[-0.00570507  0.8190933  -0.96190506 -0.76774246  0.17423366]
O=c1[nH]c2c(O)ccc([C@@H](O)CNCCSCCCNCCc3cccc(Cl)c3Cl)c2s1,[ 0.35683152  0.48205793 -0.68228686  0.45589092 -0.28103518]
C#CC(C)(C)NC(=O)c1cc(Cl)cc(Cl)c1,[ 0.0273986   0.8745584  -0.8320325  -0.7794798  -0.18957724]
CC(C)CCI,[ 0.4357114  0.8818077 -0.7796135 -0.5670327 -0.1446816]
C[C@@H](O)[C@H]1C(=O)N2C(C(=O)O)=C(SCCNC=N)C[C@H]12,[ 0.27358246 -0.08694885 -0.80491817 -0.60252047 -0.2420076 ]
C=CS(C)(=O)=O,[ 0.46695685  0.49637482 -0.609914   -0.74446386 -0.2342666 ]
Clc1nc(Cl)nc(Cl)n1,[-0.0967889  -0.03492562 -1.         -0.8497038   0.45610026]
Clc1ccc(Cl)c(Cl)c1,[-0.35796526  0.6438438  -0.7092435  -0.7745412   0.21938677]
CC(C)CNC(=O)NS(=O)(=O)c1ccc(Cl)cc1,[-0.01272646  0.7896121  -0.73448676 -0.49813735 -0.511334  ]
N#CCCOCCC#N,[-0.2573317   0.98027647 -1.         -0.9966698  -0.3165874 ]
C=C(C)c1ccc(C(C)(C)N=C=O)cc1,[ 0.12566213  0.7214906  -0.41360053 -0.5484781  -0.5360083 ]
CC(C(=O)O)c1ccc(CC2CCCC2=O)cc1,[ 0.43047413  0.87036085 -0.66230214 -0.72656524  0.13858064]
COP(=O)(OC)Oc1ccc([N+](=O)[O-])c(Cl)c1,[ 0.401962    0.71585053 -0.5806092  -0.73117113 -0.08033008]
CN1CCN2c3ncccc3Cc3ccccc3C2C1,[ 0.30545703  0.76573586 -0.7826749  -0.96945095 -0.73320633]
CN(C)CCCC1c2ccccc2Nc2ccc(Cl)cc21,[ 0.06303027  0.82761234 -0.7924604  -0.86013633 -0.10959841]
CCN1C(=O)C=CC1=O,[ 0.00872927  0.46081352 -0.9603211  -0.5321802   0.02222374]
CCCCCCCc1ccccc1O,[ 0.18379861  0.87939066 -0.7955695  -0.5675268  -0.16113585]
C[S+]([O-])Cc1ccc(C(=O)Nc2ccc(OCCOCCO)nc2C(=O)NCC2CCC2)c2ccccc12,[ 0.4254285   0.8626428  -0.9030154  -0.43912116 -0.28253064]
CN1CCN(C2=c3ccccc3=Nc3ccc(Cl)cc3N2)CC1,[-0.23643853  0.7368847  -0.61817795  0.04261819 -0.17572588]
Clc1cc(Cl)cc(Cl)c1,[ 0.45220432 -0.70345473 -0.7231294  -0.59787315  0.48860145]
O=C1c2ccccc2N(C(=O)CN2CCOCC2)CN1c1ccccc1,[ 0.8033748   1.         -1.         -0.39633787 -0.30516955]
CCN(CCO)C(=O)c1oc2cccnc2c1-c1cccc(C(F)(F)F)c1,[ 0.15469132  0.5772776   0.08506397 -0.5442822  -0.24659315]
O=[N+]([O-])c1cc(Cl)c(N=Nc2ccc(N3CCS(=O)(=O)CC3)cc2)c(Cl)c1,[ 0.08896266  0.7140141   0.29678202 -0.7268898  -0.17479071]
CCC1=C(C)CN(C(=O)NCCc2ccc(S(=O)(=O)[N-]C(=O)NC3CCC(C)CC3)cc2)C1=O,[-0.29395404  0.591669   -0.81010926 -0.8117881  -0.05590722]
CNC(=O)c1cccc2c(Nc3ccc(NS(C)(=O)=O)cc3OC)c3cccc(C)c3nc12,[-0.02958754  0.6361152  -0.7873214  -0.5286989   0.85228723]
CCOc1nc(C(Cl)(Cl)Cl)ns1,[-0.01805779  0.53515166 -0.68021905 -0.5649543   0.8319124 ]
O=C(Nc1cccc(Cl)c1)OCC#CCCl,[ 0.08441782  0.8182322  -0.880657   -0.8525984  -0.48665872]
COC(CN1CCN(CCC(O)c2ccccc2)CC1)c1ccccc1,[ 0.7608742   0.7069631  -0.9931624  -0.74014956 -0.24040514]
COc1cc2nc(N3CCN(C(=O)c4ccco4)CC3)nc(N)c2cc1OC,[ 0.41375315  0.14699861 -0.7435668  -0.3879641  -0.01688064]
CCOC(=O)CCN(SN(C)C(=O)Oc1cccc2c1OC(C)(C)C2)C(C)C,[-0.5166967   0.8567723  -0.767824   -0.76572925 -0.09702015]
COc1cnc(-c2ccccc2C(F)(F)CNC(=O)c2ccc(COCC(F)(F)F)nc2)cn1,[-0.24945532  0.09876239 -0.51230526 -0.8208736   0.10926918]
O=C(O)c1nn(Cc2ccc(Cl)cc2Cl)c2ccccc12,[ 0.3377291   0.9446036  -0.8539187  -0.02031894 -0.2499684 ]
O=C1C(Cc2ccccc2)C(=O)N(c2ccccc2)N1c1ccccc1,[ 0.37773827  0.90158856 -0.5365429  -0.79530394 -0.1787078 ]
O=C(CSc1nc2c(c(=O)n1-c1ccccc1)SCC2)Nc1ncc(-c2ccccc2)s1,[ 0.25428697  0.8554863  -0.9098133  -0.5865727  -0.3932466 ]
CCC1OC(=O)C(C)C(=O)C(C)C(OC2OC(C)CC([NH+](C)C)C2O)C(C)(OC)CC(C)C(=O)C(C)C2N(CCCCn3cnc(-c4cccnc4)c3)C(=O)OC12C,[-1.          0.94455284 -0.3516518  -0.9932782   0.30623853]
O=C(Cl)CCl,[ 0.25717002  0.6840339  -0.11962024 -0.7762273   0.71256095]
C=CCNC(=O)C(=O)C(CCC)NC(=O)C1CC2CN1C(=O)C(C1CCCCC1)NC(=O)Cc1cccc(c1)OCCC(C)(C)O2,[ 0.47102898  0.84499526 -0.91016287 -0.60674727 -0.55167216]
Cc1ncsc1C(=O)N(Cc1cc(=O)[nH]c2c(F)cccc12)c1cccc(Cl)c1,[-0.02135393  0.84250057 -0.64228517 -0.38904747 -0.18752715]
CC(=O)CCCCCCCC(=O)O,[ 0.4167044   0.8012525  -0.75392693 -0.5806544  -0.32396528]
CC(C)(C(=O)O)S(C)(=O)=O,[ 0.06672747  0.7962577  -0.7899553   0.34778625  0.11314973]
CN(C)C(=O)Nc1ccc(Cl)cc1,[ 0.5791051   0.7548737  -0.9960249  -0.36621413  0.03289017]
CC1(C)C2CC=C(CCO)C1C2,[-0.09064755  0.583803   -0.72347426 -0.5815978   0.20289242]
NCCCC[C@H](N[C@@H](CCc1ccccc1)C(=O)O)C(=O)N1CCC[C@@H]1C(=O)O,[-0.14452128 -0.18006182 -0.73892134 -0.80840105 -0.38538846]
CCC(C)(C)c1ccc(Cl)c(OC(=O)NC)c1,[ 0.2602521   0.70172375 -0.8072662   0.33334437 -0.12875468]
CCCCCCCCCCOc1c(OC)cc(C(N)=O)cc1OC,[ 0.06236539  0.33012274 -0.9876363  -0.00383621 -0.18527208]
CC(C)N(C(=O)SCC(Cl)=C(Cl)Cl)C(C)C,[ 0.60557413  0.8058929   0.7264929  -0.02076128 -0.33459795]
O=C(/C=C/c1ccccc1)NCCO,[-0.606658    0.73974425 -1.         -0.34461704 -0.3159309 ]
C[C@H](CO)Nc1nc(SCc2cccc(F)c2F)nc2[nH]c(=O)cnc12,[ 0.03814802  0.8547315  -0.7212649  -0.97543687 -0.24716821]
CC(=O)Oc1ccc2c3c1OC1C(OC(C)=O)C=CC4C(C2)[NH+](C)CCC341,[ 0.43905535 -0.0929518  -0.41732126 -0.5472823  -0.30480286]
Nc1ccc(N)cc1,[ 0.3051355   0.753817   -0.75020725 -0.4978811   0.28288254]
Nc1ccc(S(=O)(=O)O)c2cccc(O)c12,[ 0.46021312  0.6979757  -0.6277379  -0.6690755   0.41105935]
C[C@H](Cc1cccc(CC(=O)NC23CC4CC(CC(C4)C2)C3)c1)NC[C@H](O)c1ccc(O)c(CO)c1,[ 0.06269509  0.92679703 -0.5710375  -0.81500244 -0.45643094]
CCCCC(CC)COCCO,[-0.29665786  0.63208944 -0.9055265  -0.21017727  0.17982055]
CCCCCCCC=CC=O,[ 0.31736627  0.8525187  -0.92748994 -0.8935577   0.55929756]
CCN1C(=O)NC(c2ccccc2)C1=O,[ 0.06076147  0.38344392 -0.10911323 -0.77731776  0.31709197]
N=C(N)Nc1nc(CSCCC(=N)NS(N)(=O)=O)cs1,[ 0.38205457  0.47937775 -0.973338   -0.6163281  -0.13916789]
CCNC(=O)CSP(=S)(OC)OC,[ 0.4215698  1.        -0.6599767 -0.7830703 -0.0614632]
Cc1cc(=O)nc(SCc2ccccc2N(C)C)[nH]1,[-0.07737176  0.738312   -0.8665698  -0.8463099  -0.22717562]
CCOP(=S)(NC(C)C)Oc1ccccc1C(=O)OC(C)C,[-0.4186371   0.8567949  -0.7414828  -0.60996133  0.48016152]
CC(C)(C)c1cc([N+](=O)[O-])cc([N+](=O)[O-])c1O,[ 0.3077992   0.3577076  -1.         -0.19596192 -0.7193839 ]
O=CNc1cc([C@@H](O)CNCCc2ccc(NC[C@H](O)c3ccccc3)cc2)ccc1O,[ 0.423754    0.11265667 -0.66041636  0.3461716   0.33479103]
COP(=S)(OC)Oc1ccc(S(N)(=O)=O)cc1,[ 0.12982401  0.31001115 -0.75133514 -0.9628809   0.48181927]
CC(CN1CC(=O)NC(=O)C1)N1CC(=O)NC(=O)C1,[-0.40232703  0.7689606  -1.         -1.         -0.13277125]
C=CC(=O)OCCOCC,[ 0.56172055  0.73256546 -0.7576194  -0.56448025  0.02099276]
CCCCN1C(=O)c2cccc([N+](=O)[O-])c2C1=O,[ 0.316141    0.31170064 -0.73925865 -0.7761352   0.47315443]
CC[C@H](C)[C@H](NC(=O)[C@H](CCC(=O)[O-])NC(=O)[C@H](CCC(=O)[O-])NC(=O)[C@H](Cc1ccccc1)NC(=O)[C@H](CC(=O)[O-])NC(=O)CNC(=O)[C@H](CC(N)=O)NC(=O)CNC(=O)CNC(=O)CNC(=O)CNC(=O)[C@@H]1CCCN1C(=O)[C@H](CCCNC(N)=[NH2+])NC(=O)[C@@H]1CCCN1C(=O)[C@H]([NH3+])Cc1ccccc1)C(=O)N1CCC[C@H]1C(=O)N[C@@H](CCC(=O)[O-])C(=O)N[C@@H](CCC(=O)[O-])C(=O)N[C@@H](Cc1ccc(O)cc1)C(=O)N[C@@H](CC(C)C)C(=O)[O-],[ 0.06545984  0.25518006 -0.88523686 -0.89348334 -0.20436098]
COP(=S)(OC)Oc1ccc(C#N)cc1,[ 0.2761184   0.08538391 -0.45410076 -0.6186442  -0.33538318]
CC(C)(C)CC(=O)Nc1c(F)cc(C(=O)Nc2nccs2)cc1F,[ 0.36429211  0.7682695   0.37645927 -0.2492421   0.19430977]
CC(=O)C1OC1(C)C,[ 0.2952491   0.8086426  -0.6918026  -0.5802272  -0.23626111]
CCCSP(C)(=S)Oc1ccccc1,[ 0.55119306  0.6640584  -0.8070021  -0.473815    0.6385913 ]
Nc1cc2c(S(=O)(=O)O)cc(S(=O)(=O)O)cc2cc1S(=O)(=O)O,[ 0.42294502  0.78362477 -0.8079839  -0.6800117  -0.15514058]
C=CCOc1ccccc1OCC(CNC(C)C)OC(=O)C1CC1,[-0.254349   0.5646183 -1.        -0.8586524 -0.1815065]
OCc1cc(C(O)C[NH2+]CCCCCCOCCOCc2c(Cl)cccc2Cl)ccc1O,[ 0.40958944 -0.38964736 -0.9042065  -0.65037584 -0.16678071]
Cc1cnc(C)cn1,[ 0.17435472 -0.30214295 -0.8196187  -0.34642863  0.6650421 ]
Cc1ccc(C(=O)c2ccc(CC(=O)NCC(=O)Nc3cccc(C)c3C)n2C)cc1,[ 0.29711068  0.87711334 -0.7088922  -0.14795607  0.1308568 ]
O=C1c2cccc(S(=O)(=O)O)c2C(=O)c2c1cccc2S(=O)(=O)O,[ 0.21350743  0.46156898 -0.68039817 -0.76657045 -0.14305376]
CNC(=O)ON=C(C)SC,[-0.44709438  0.8382141  -0.95251083 -0.25470862 -0.08108394]
Clc1cc(Cl)c2nsnc2c1Cl,[-0.63505846  0.8754854  -0.80437934 -0.6715767  -0.21463881]
c1ccc2[nH]c(-c3cscn3)nc2c1,[ 0.49551728  0.6598804  -0.9398717  -0.35968688 -0.07325289]
Cc1cccc(C)c1O,[ 0.19657025  0.13588579 -0.8119253  -0.42873624 -0.44244906]
CC(C)(C)NCCO,[ 0.0537422   1.         -0.899699   -0.6393115  -0.20843722]
Cn1c(C2=CCN(CCCN3c4ccccc4Sc4ccc(CC(=O)O)cc43)CC2)cc(=O)n(C)c1=O,[ 0.29045302 -0.13847105 -0.35230276 -0.4766493   0.02393927]
NC(=[NH2+])NCCCCC1NC(=O)CCSSCC(C(N)=O)NC(=O)C2CCCN2C(=O)C(Cc2c[nH]c3ccccc23)NC(=O)C(CC(=O)[O-])NC(=O)CNC1=O,[ 0.11664116  0.8992768  -1.         -0.24224724 -0.1889145 ]
COCCOP(=O)(OCCOC)OCCOC,[-0.4844838   0.8806537  -0.74477476 -0.90457755  0.50722915]
COP1(=S)OCc2ccccc2O1,[ 0.14139695  0.6945488  -0.6490371  -0.75415295 -0.4412403 ]
C/C=C/CC(C)C(O)C1C(=O)NC(CC)C(=O)N(C)CC(=O)N(C)C(CC(C)C)C(=O)NC(C(C)C)C(=O)N(C)C(CC(C)C)C(=O)NC(C)C(=O)NC(C)C(=O)N(C)C(CC(C)C)C(=O)N(C)C(CC(C)C)C(=O)N(C)C(C(C)C)C(=O)N1C,[ 0.30737033  0.80331194 -0.8942121  -1.          0.09962902]
Cc1ccc(N=C=O)cc1,[ 0.40678862  0.85728323 -0.7479845  -0.30338055  0.3571538 ]
CN1[C@@H]2CC[C@@H]1CC(OC(=O)C(CO)c1ccccc1)C2,[-0.01073269 -0.90977466 -0.61404806 -0.19193865 -0.12221119]
Nc1nc2ccc(OC(F)(F)F)cc2s1,[-0.50248516  0.9833236  -0.5354299  -0.03208762  0.0111922 ]
Nc1ccc(Cl)cc1,[ 0.3919267   0.6824777  -0.41451874 -0.7475227   0.1485681 ]
C=CS(=O)(=O)CCCCCC,[ 0.24424092  0.93712336  0.6220196  -0.6693917   0.31167364]
CCCCCCCCCCCCCCCCCC(=O)Cl,[ 0.373469    0.89433867 -0.75546277 -0.82157844 -0.217989  ]
CN(C)C(Cc1ccccc1)c1ccccc1,[ 0.27181754  0.8265546  -0.7876899  -0.90722525 -0.0231128 ]
CC([NH3+])Cc1ccccc1,[ 0.07364193  0.29509506 -0.7673428  -0.7115136  -0.23358814]
COc1ccc(-c2nc3c(NCCCNC(C)=O)c(Br)cnc3[nH]2)cc1,[-0.09426479  0.8594127  -1.         -0.708005   -0.23714739]
Fc1ccc(Br)cc1,[-0.38906488  0.80911934 -0.6876215  -0.65126014  0.01586047]
C=C(C)CN(CC)c1c([N+](=O)[O-])cc(C(F)(F)F)cc1[N+](=O)[O-],[ 0.5779761   0.20680305 -0.11541837  0.647447    0.3517329 ]
COC(=O)c1cc(Oc2ccc(Cl)cc2Cl)ccc1[N+](=O)[O-],[-0.20688401  0.34694165 -0.854241   -0.6090052  -0.22691052]
OCCOc1cc(Cl)c(Cl)cc1Cl,[-0.11188795  0.7794204  -0.65311134 -0.48470044  0.08443585]
COc1cc(Nc2nc(N[C@@H](C)c3ncc(F)cn3)ncc2Br)n[nH]1,[ 0.5033738   0.63905233 -0.06309644 -0.48134142  0.6957012 ]
Cc1cccc(C)c1CCNC(N)=O,[ 0.27945593  0.84900236  0.7213177  -0.2594414  -0.22629406]
O=C(Nc1ccccc1-c1ccccc1)OC1CCN(CCCCCCCCCNC[C@H](O)c2ccc(O)c3[nH]c(=O)ccc23)CC1,[ 0.5623573   0.6194653  -0.86308914 -0.74245924 -0.39404994]
CN(C)NC(=O)CCC(=O)O,[ 0.21128522  0.32182887 -0.98172456 -0.4319698  -0.20664541]
C=CC(=O)OCCc1ccc(CC)cn1,[ 0.0918316   0.8100049  -0.6042918  -0.3637817  -0.10149549]
O=C(NC1CC1)c1cc(-c2cccs2)on1,[-0.31253955  0.93052876 -0.99065304 -0.6905031   0.08013166]
CC(C)=C1CCC(C)CC1=O,[-0.03687145  0.717976   -0.6436613  -0.3229464  -1.        ]
Cc1cc(Nc2cncc(N[C@@H](C)c3ccc(F)cn3)n2)n[nH]1,[-0.00482502 -0.7264622  -0.79142934 -0.34606925  0.12148786]
CCCOCCOC(=O)C1=C(C)NC(C)=C(C(=O)OCCOCCC)C1c1cccc([N+](=O)[O-])c1,[ 0.6301892   0.87033737 -0.9010489  -0.0678282  -0.39431316]
CCOC(=O)COc1ccc(C(=O)CN2CCN(C3CCN(C(=O)OCOC(=O)C(C)(C)C)CC3)CC2=O)cc1,[ 0.30375046  0.85001665 -0.7233246   0.2690265   0.43289393]
CN(C)N=Nc1nc[nH]c1C(N)=O,[ 0.2986301  -0.18702927 -0.37395182 -0.13644616  0.5509903 ]
COc1ccc2ncc(F)c(CCN3CCC(NCc4cc5c(cn4)OCCO5)CC3)c2n1,[ 0.10422566  0.9367801  -0.3380635  -0.75919247  0.7000765 ]
CCN(CC)CCO,[ 0.3230967   0.9299971  -0.86239874 -0.83035624 -0.30333418]
CC(CN1CCOCC1)C(C(=O)N1CCCC1)(c1ccccc1)c1ccccc1,[-0.30409935  0.8819434  -0.67916673 -0.6160544  -0.19948481]
O=C(C(F)(F)Cl)C(F)(F)Cl,[-0.00308871  1.         -0.9123709  -0.6423443   0.74870235]
O=c1n(CC2CO2)c(=O)n(CC2CO2)n1CC1CO1,[-0.1717076   0.20021996 -0.94938934 -0.8845519  -0.18382952]
CC(=O)CCc1ccc(O)cc1,[ 0.22332169  0.8396063  -1.         -0.63553494 -0.41977334]
Cn1c(=O)sc2cccc(Cl)c21,[-0.09215259  0.8526084  -0.19261493 -0.7651604  -0.47526035]
Cc1ccc2c(c1)c(S(=O)(=O)c1ccc(Cl)cc1)c(C)n2CC(=O)O,[ 0.34571066 -0.0333228  -0.6707231  -0.44363907 -0.10179045]
CCS(=O)(=O)c1ccc(-c2cc(Cl)ccc2OCC(=O)O)cc1,[-0.77534324  0.6862555   0.08733822 -0.85924816  0.08914017]
Cc1cc(C(=O)c2ccccc2)ccc1N,[ 0.10875126  0.94628984 -0.3911717  -0.5341939  -0.12962452]
CN(CCOc1ccc(CC2SC(=O)NC2=O)cc1)c1ccccn1,[-0.4769444   0.8181705   0.40541124 -0.85377556 -0.05992097]
CCCSP(C)(=S)Oc1ccc(Cl)cc1Cl,[ 0.70508677  0.8788323  -0.25656182 -0.38679826 -0.42100722]
CC=CC(C)=O,[ 0.49824917  0.82157665 -1.         -1.          0.8123937 ]
CCCCSCCCC,[ 0.491361    0.83310825 -0.7724049  -0.6253834   0.28804627]
SCc1ccccc1,[ 0.28724754  0.50200516 -0.7206448  -0.779047    0.6072653 ]
CC(C)CON=O,[ 0.698863    0.82913595  0.06536594 -0.5859131  -0.17243102]
CO[Si](CCCn1c(=O)n(CCC[Si](OC)(OC)OC)c(=O)n(CCC[Si](OC)(OC)OC)c1=O)(OC)OC,[ 0.23442283  0.5925086  -0.81428534  0.3746409  -0.04847681]
CC(CO[N+](=O)[O-])(CO[N+](=O)[O-])CO[N+](=O)[O-],[ 0.11975347  0.68527144 -0.8558181   0.03829477 -0.18911862]
CNC(=O)/C=C(/c1ccc2nc(N)n(S(=O)(=O)C(C)C)c2c1)c1ccccc1-c1cccc2ccccc12,[ 0.00274061  0.43079418 -0.761717   -0.7865753  -0.06370218]
CC(C)OCCO,[-0.48514807  0.6272413  -0.6970185  -0.5161608  -0.36697888]
Nc1ccc(F)c([N+](=O)[O-])c1,[ 0.13433197  1.         -1.         -0.8003735  -0.2762009 ]
CN1CCCCC1CCN1c2ccccc2Sc2ccc(S(C)=O)cc21,[ 0.4052522   0.66476333 -0.87161165 -0.69555926 -0.30011922]
CC1(C)SCN(C(=O)C2(Oc3ccc(Cl)cc3)CCCCC2)C1C(=O)O,[-0.10286568  0.35005906 -0.6909709  -0.7195797  -0.4867988 ]
CCCCC(CC)COCCC#N,[ 0.07846897  1.          0.43032175 -0.4348117   0.31673357]
OCCOCCN1CCN(C(c2ccccc2)c2ccccc2)CC1,[-0.23425128  0.8875874  -0.80201364 -0.7753051   0.11979792]
CCOP(=O)(NC(C)C)SCC(=O)NCOC,[ 0.35663494  0.46105385 -0.45275417 -0.7318611  -0.02889385]
COc1nc(C)nc(Cl)c1NC1=NCCN1,[ 0.18288976  0.87523705 -0.7843307  -0.64754695 -0.22105436]
C=C(C)C(=O)OCCCC,[ 0.06154935  0.7035337  -1.         -0.82367104  0.69490504]
CC(=O)Nc1ccc(CNc2[nH]nc3ccnc(Oc4ccccc4)c23)cc1,[ 0.38668182  0.3330844  -1.         -0.86180556 -0.01201985]
COC(=O)Cc1ccccc1,[-0.2614282   0.92132545 -0.888235   -0.6864486  -0.21611288]
CC(C)OCCCO,[ 0.5060644  0.8328412 -0.6420224 -0.4260364 -0.5701569]
C[C@@H]1NC(=O)[C@@H](C)NC(=O)[C@H](C)N(C)C(=O)[C@@H](C)N(C)C(=O)[C@@H](C)NC(=O)[C@H](C)N(C)C1=O,[-0.20852712  0.8016845  -0.7014053  -0.78880274 -0.06990188]
C#CC1(O)C(CO)OC(n2ccc(N)nc2=O)C1O,[ 0.39763793  0.90925384 -0.8227388  -0.9183035  -0.31364232]
COc1ccc2ncc(=O)n(CCN3CC[C@@H](NCc4cc5c(cn4)OCCO5)[C@H](O)C3)c2c1,[ 0.3015452   0.3191354  -0.8241339  -0.7934866   0.15504308]
Cc1ccn(C(=O)NCCCCCCCl)n1,[ 0.47014374  0.41735634 -0.8065981  -0.09955613 -0.47732878]
CON=C(Cc1cccnc1)c1ccc(Cl)cc1Cl,[ 0.74889505  0.71454126 -0.529116   -0.25877875 -0.5478086 ]
Cc1c(OC2CCN(CC3CCN([C@@H](Cc4ccc(F)cc4)C(=O)O)CC3)CC2)ccc(C#N)c1Cl,[-0.09962902  0.86564183  0.06471787 -0.39687762  0.801965  ]
Cc1ccc(NC(=O)c2ccc(C#N)cc2)cc1-n1cnc2ccc(N3CCN(C)CC3)cc2c1=O,[ 0.05800111  1.         -0.812441   -0.9975207  -0.26531765]
C[C@@H](NC1=CC(=O)CC1)c1ccc(Nc2ncc3cc(-c4ccncc4)ccc3n2)cc1,[ 0.18224856  0.6219536  -0.5333118  -0.88889366 -0.26488748]
CC(C)(C)c1ccc2c(c1)C(C)(C)CC2,[-0.07719857  0.6961739  -0.58796704  0.15543921  0.02018593]
C=CC(=O)OCCOC(=O)c1ccc(C(=O)O)cc1C(=O)O,[ 0.06248731  0.038121   -0.8918901  -0.35796005 -0.23574053]
O=c1[nH]c2ccccc2n1CCC[NH+]1CCC(n2c(=O)[nH]c3cc(Cl)ccc32)CC1,[ 0.5287335  -0.4011508   0.0912146  -0.73599005 -0.39160714]
CC(C)OC(=O)C(C(=O)OC(C)C)=C1SCCS1,[ 0.06774188  0.6974324  -0.8664458  -0.06595353 -0.20304352]
O=S(=O)(O)c1ccc2cc(Nc3cccc4c(O)c(S(=O)(=O)O)ccc34)ccc2c1O,[-0.06698677 -0.9869257  -0.7312438  -0.38181525  0.34409294]
CCOc1ccccc1OC(c1ccccc1)C1C[NH2+]CCO1,[ 0.24504389  1.         -0.6516793  -0.8954083  -0.3571554 ]
S=C1NCCC(COc2ccccc2)O1,[-0.17706898  0.6418981  -0.6374575  -1.          0.2430452 ]
Cc1cnc(C(=O)c2ncnc3[nH]ccc23)c(NS(=O)(=O)c2ccc(Cl)c(C(F)(F)F)c2)c1,[-0.46161753  0.70835525 -0.73029274 -0.51357156  0.41649586]
NC(=S)Cc1cccc2ccccc12,[-0.02206936  0.7108503  -0.669685   -0.9248379  -0.3188343 ]
O=C1CC(N2C(=O)c3ccccc3C2=O)C(=O)N1,[ 0.32000256  0.39242154 -0.6413144  -0.26962763  0.04497856]
COCc1ccc2c(C(C(=O)NS(=O)(=O)c3ccc(C)cc3OC)c3ccc4c(c3)OCO4)cn(C)c2c1,[ 0.23887734 -0.63329726  0.14495216 -0.835888   -0.8294982 ]
C=C(C)C(=O)OC=C(C)C,[ 0.3134763   0.09231676 -0.71442693 -0.9360794  -0.33052322]
CC(C)=CCl,[ 0.3356426  0.9058834 -1.        -0.4623622  0.6517751]
CSCC(NC(=O)COc1cccc2cnccc12)C(=O)NC(Cc1ccccc1)C(O)C(=O)N1CSCC1C(=O)NC(C)(C)C,[ 0.53201884  0.38836536  0.09077486 -0.3394295  -0.02437515]
CC(C)NC(=O)c1cnc(N2CCC(N3C(=O)OCc4ccccc43)CC2)c(Cl)c1,[-0.16167004  0.88524765 -0.72926706 -0.58171743  0.01766901]
CCc1nc2cc(O)ccc2c(Oc2ccc(/C=C/C(=O)O)cc2)c1-c1ccccc1,[-0.13383484  0.8842596  -0.58060956 -0.7929677  -0.08711158]
CSC(C)=NOC(=O)N(C)SN(C)C(=O)Oc1ccc(OC(=O)N(C)SN(C)C(=O)ON=C(C)SC)cc1,[ 0.31115326  0.9281191  -0.7207135  -0.7163543  -0.38258886]
O=C(CCCN1CCC(O)(c2cccc(C(F)(F)F)c2)CC1)c1ccc(F)cc1,[ 0.22866608  0.9669568  -0.9535141  -0.57237196 -0.08332277]
CN(C)CC=C(c1ccc(Br)cc1)c1cccnc1,[ 0.41199479  0.8838052  -0.9397034  -0.69253397 -0.3857389 ]
CC(C)(O)c1ccc(Nc2nc3ccc(C#N)cc3[nH]2)cc1,[ 0.15755402 -0.62768596 -0.9530839  -0.50053763  0.19737537]
C[C@@H]1O[C@@H](O[C@H]2[C@H](Oc3cc(O)c4c(c3)O[C@H](c3ccc(O)cc3)CC4=O)O[C@H](CO)[C@@H](O)[C@@H]2O)[C@H](O)[C@H](O)[C@H]1O,[ 0.36124468  0.62471944 -0.7069644   0.801785    0.13535467]
CCOP(=O)(OCC)Oc1nc(Cl)c(Cl)cc1Cl,[ 0.00558145 -0.13945237 -0.46391684 -0.504519   -0.29943824]
CCC(C)CCCCC(=O)NC(CCN)C(=O)NC(C(=O)NC(CCN)C(=O)NC1CCNC(=O)C(C(C)O)NC(=O)C(CCN)NC(=O)C(CCN)NC(=O)C(C(C)O)NC(=O)C(CC(C)C)NC(=O)C(CCN)NC1=O)C(C)O,[-0.02136916 -0.34070203 -0.80296355 -0.59594095 -0.10987111]
Oc1c(O)c(-c2c(Cl)c(Cl)c(Cl)c(Cl)c2Cl)c(Cl)c(Cl)c1Cl,[ 0.44835612  0.90072924  1.         -0.32990927 -0.21671934]
O=NN(c1ccccc1)c1ccccc1,[ 0.4128421  0.8690012 -0.8031935 -0.8621594  0.8143939]
C1CN1P1(N2CC2)=NP(N2CC2)(N2CC2)=NP(N2CC2)(N2CC2)=N1,[ 0.24680975 -0.9255633  -0.6841987  -0.19973753  0.2404446 ]
CCC(C)C(CC)C(N)=O,[ 0.02375188  0.8587956  -1.         -0.71477187 -0.04271194]
CC[C@H](C)C(=O)O[C@H]1C[C@H](O)C=C2C=C[C@H](C)[C@H](CC[C@@H](O)C[C@@H](O)CC(=O)O)[C@H]21,[-0.23169363  0.734743   -0.20085986 -0.4975852   0.48142222]
O=[N+]([O-])c1cc(Cl)c2nc(C(F)(F)F)[nH]c2c1,[ 0.21981238  0.6359827  -0.8928426  -0.9987953   0.07460208]
O=C1CC2(CCCC2)CC(=O)N1CCCCN1CCN(c2ncccn2)CC1,[-0.04122537  0.6369456  -0.75766087 -0.82981014  0.40092513]
CN[C@H](CC(C)C)C(=O)N[C@H]1C(=O)N[C@@H](CC(N)=O)C(=O)N[C@H]2C(=O)N[C@H]3C(=O)N[C@H](C(=O)N[C@H](C(=O)O)c4cc(O)cc(O)c4-c4cc3ccc4O)[C@H](O)c3ccc(c(Cl)c3)Oc3cc2cc(c3O[C@@H]2O[C@H](CO)[C@@H](O)[C@H](O)[C@H]2O[C@H]2C[C@](C)(N)[C@H](O)[C@H](C)O2)Oc2ccc(cc2Cl)[C@H]1O,[ 0.24279286  0.78737354 -0.661671   -0.48627725  0.12440001]
CCOP(=S)(OCC)Oc1cc(C)n(CC)c(=O)c1,[ 0.21008728  0.8584664  -0.89928466 -0.72620404 -0.226709  ]
CC(CC(=O)OC(C)(C)C)NC(=O)C1=NOC(C(O)(C(F)(F)F)C(F)(F)F)C1,[ 0.5829535   0.52347016 -0.7733939  -0.48164946 -0.24074791]
CCNC(=O)C=Cc1cccc(Br)c1,[ 0.01380403  0.7885927  -0.28525802  0.25291103 -0.03824811]
CC(C)(C#N)C(C)(C)C#N,[ 0.16916597  1.         -1.         -0.8775673  -0.27105448]
O=[N+]([O-])N1CN([N+](=O)[O-])CN([N+](=O)[O-])C1,[ 0.18251406  0.80104613 -0.09607285 -0.5576019  -0.38267314]
C=CCc1ccc(OC(C)=O)c(OC)c1,[ 0.7925077   1.         -1.         -0.30519944 -0.4488358 ]
COc1ccc2ccc(=O)n(CCN3CCC(NCc4cc5c(cn4)OCCO5)CC3)c2n1,[ 0.15952587  0.16983253 -0.7197879  -0.7088327  -0.19612385]
CNC(=O)[C@@H]1Cc2cn(cn2)CC(=O)N2CCC[C@H]2C(=O)N[C@@H](C)C(=O)N1C,[-0.20540446  0.82080483 -0.83851516 -0.9773879  -0.24562258]
O=C1C2CC3C1C1(Cl)C(Cl)C4(Cl)C2C3C1(Cl)C4(Cl)Cl,[ 0.6438927   0.8253044  -1.         -0.9442073  -0.14700511]
C#CC1(O)C=CC2C3CCC4=CC(=O)CCC4C3CCC21CC,[-0.22736098  0.51234144 -0.8167238  -0.44148505 -0.26100644]
CC=CC=CC=O,[ 0.22055845  0.77087575 -0.5892071  -0.30658117 -0.4334341 ]
C=C1CC23CC1(O)CCC2C12C=CC(O)C(C)(C(=O)O1)C2C3C(=O)O,[ 0.32943246  0.2561581  -0.7678906  -0.75816476 -0.17585167]
CCOP(=S)(OCC)OC(C)CC,[ 0.08598355  0.64528495  0.6406909  -0.9624028  -0.22009303]
N#Cc1cccc(C#N)c1,[-0.05128752  0.92574966 -0.6405553  -1.         -0.13838208]
CON(C)C(=O)Nc1ccc(Cl)cc1,[ 0.16702595  0.84548813 -0.43931746 -0.8882759  -0.18245977]
Cc1cncc(C)n1,[ 0.46196133  0.8707159  -0.62886643 -0.5015772  -0.581789  ]
CSCC(=O)N(C)C(=O)Oc1ccccc1OC(C)C,[ 0.45621538  0.77642554 -0.78367245 -0.7711644  -0.1194597 ]
Cc1cc(Cl)ccc1OCC(=O)Nc1ccccc1,[-0.10944944  1.         -0.43129683 -0.7436451  -0.30501848]
O=c1[nH]c2ccccc2n1CCCN1CCN(C(c2ccccc2)c2ccccc2)CC1,[ 0.40045285  0.70950466  0.19210324 -0.81220907  0.01852705]
C[NH+](C)CCC(c1ccc(Cl)cc1)c1ccccn1,[ 0.5063961   0.8894224  -0.95877236 -0.9797     -0.04612254]
CC(O)C(Cl)(Cl)Cl,[ 0.10643717  0.9517612  -0.9060497  -0.09918181  0.41594237]
CC(=O)NCCCS(=O)(=O)[O-],[ 0.39807194  0.80301756 -0.780776   -0.5110031  -0.20942275]
Brc1ccc2[nH]cc(CC3CCNCC3)c2c1,[-0.00712221  0.74640936 -0.832637   -0.65134156  0.30595335]
COC(=O)c1ccccc1,[ 0.3358974   0.57137525 -0.63892484  0.13567898  0.04741569]
C[NH2+]C(C)Cc1ccccc1,[-0.15167768  0.27609402 -0.86429954 -0.90144885  0.26149392]
c1ccc([C@H]([C@@H](c2ccccc2)N2CCCCC2)N2CCCCC2)cc1,[-0.93826926  0.8057645  -0.17924047 -0.754197   -0.0350014 ]
CCP(=O)(OC)SC,[-0.14724746  0.83675283 -0.9110122  -0.7760278  -0.39451185]
CC(O)COC(C)CP(CC(C)OCC(C)O)CC(C)OCC(C)O,[-0.13238116  0.85720354 -0.78201246 -0.93952763  0.11472939]
O=c1cc(N2CCOCC2)nc2n(Cc3cccc(Cl)c3Cl)ccn12,[ 0.34983504  0.36717772 -0.10603521 -0.32318532  0.21030633]
CC(=O)OO,[ 0.18090115  0.66107166 -0.41625562 -0.6846343  -0.1534163 ]
c1c[nH]cn1,[ 0.61570996  0.9023307  -0.43725318 -0.16857103 -0.3246236 ]
CCCCC(CC)CNCC(C)(N)CN(C)CC(CC)CCCC,[ 0.31751177  0.14646555 -0.7413317   0.6485459  -0.0616012 ]
CC(C)(c1ccc(Oc2ccc(N)cc2)cc1)c1ccc(Oc2ccc(N)cc2)cc1,[-0.35425714  1.         -0.30060992 -0.53825915  0.39225304]
Cc1nn(C)c(Oc2ccccc2)c1C=NOCc1ccc(C(=O)OC(C)(C)C)cc1,[-0.0222904  -0.693199   -0.30542716 -0.4100884   0.37352657]
O=C(Cl)C=CC(=O)Cl,[ 0.35817862  0.5574196  -0.82274336  0.38850957 -0.0656632 ]
CCC(C(=O)O)c1ccc(CC(C)C)cc1,[ 0.36872903  0.72470343 -0.47826442 -0.75162    -0.22521706]
COP(=S)(OC)SCc1nnc(C(C)C)o1,[ 0.19479921  0.75320333 -0.8203107  -0.6411237   0.55697006]
COc1cc2c3cc1Oc1cc(ccc1O)CC1c4c(cc(OC)c(O)c4Oc4ccc(cc4)CC3[NH+](C)CC2)CC[N+]1(C)C,[ 0.07631273  0.8251847  -0.84810376 -0.7565417  -0.65369976]
CCOc1ccccc1-c1ccc(-c2nc3ccncc3c(O)c2C#N)cc1,[ 0.41196975  0.70669806 -0.91518885 -0.46028376  0.3164851 ]
CC(O)C#N,[-0.69113666  0.8475868  -0.39847928 -0.95536697  0.5286684 ]
Cc1ccc2nc(C[N+]34CCC(CC3)[C@@H](OC(=O)[C@](C)(c3ccccc3)N3CCCCC3)C4)oc2c1,[ 0.12813655  0.74865985 -0.61493254 -0.6281139  -0.5482975 ]
[NH3+]CC1CCC(C(=O)[O-])CC1,[ 0.3990224   0.7469504  -0.2744796  -0.67841375 -0.18320575]
O=C(O)CCCOc1ccc(Cl)cc1Cl,[-0.3428434   0.06109981 -0.8731206  -0.6070934   0.00855969]
Nc1nc(O)c2ncn(COCCO)c2n1,[ 0.13356513  0.81451505 -0.08803253 -0.7603521  -0.3027185 ]
CC(=O)SCC(=O)Nc1nc2ccccc2s1,[ 0.31626043  0.88287175 -0.5676174  -0.7878731  -0.00638547]
CNC(=O)Oc1ccc(CCC#N)cc1,[ 0.36859456  0.8899031  -0.05265087 -0.67815846  0.09271909]
CCCCOP(=O)(O)OCCCC,[ 0.3907689  -0.66765094 -0.7115603  -0.5954983  -0.2695515 ]
Clc1ccc(OCOc2ccc(Cl)cc2)cc1,[ 0.4558956   0.6920448  -0.48626286 -0.80637765  0.48049632]
CCCN(N=O)C(N)=O,[ 0.20701872  0.72903544 -0.7443561  -0.3832611   0.03383629]
O=[N+]([O-])C(CO)(CO)CO,[ 0.36332566 -0.2364611  -0.70737857 -0.60790175 -0.04963768]
O=C(O)c1ccccc1-c1c2ccc(=O)cc-2oc2cc(O)ccc12,[-0.2145552  0.9577466 -0.7260331 -0.6356308  0.585787 ]
CC(C)(C)NCCC(O)c1cc(C(F)(F)F)nc2c(C(F)(F)F)cccc12,[ 0.3109654   0.6841645  -0.60784787 -0.69615245 -0.13072467]
CC(C)c1cccc(C(C)C)c1O,[ 0.4774785   0.7451448  -0.1646963  -0.80486757 -0.3436184 ]
CCOC(C)COC(C)CO,[-0.24738722  0.7471082  -0.8685384  -0.4419166  -0.18563178]
C=C(OP(=O)(OC)OC)P(=O)(OC)OC,[ 0.16532096  0.8152211  -0.61868125  0.3915856  -0.52206033]
CC(C)(C)c1ccc(C(=O)O)cc1,[ 0.41977805  0.53580695 -0.62077165  0.5129706   0.12745234]
C[N+](C)(Cc1ccc(NC(=O)c2ccc(Cl)c(Cl)c2)cc1)C1CCOCC1,[-0.8548193   0.81041324 -0.5259647  -0.9533473  -0.29942232]
O=[N+]([O-])c1ccccc1Cl,[-0.06584194  0.76734656 -0.83251435 -0.5663392   0.04839676]
O=[N+]([O-])c1ccc(C=NNC(=S)N2CCCC2)o1,[-0.02743123  0.875887   -0.3644136  -1.          0.22490454]
CC(=O)OC(C(=O)NC(N)=O)c1ccccc1,[-0.09192302 -0.15714587 -0.48534083 -0.10050305  0.8475093 ]
CCCCSN(C)C(=O)Oc1cccc2c1OC(C)(C)C2,[ 0.13382988  0.72410744 -0.5071777  -0.8997312  -0.24130848]
Cc1cc(Cl)ccc1OCCCC(=O)O,[ 0.42967448  1.         -0.997749   -0.90024763  0.02854694]
CCCC(=O)OC1(C(=O)COC(=O)CC)CCC2C3CCC4=CC(=O)CCC4(C)C3C(O)CC21C,[ 0.3387176   0.84264237 -0.95112264 -0.8410775   0.13320993]
CCCSP(C)(=S)OP(C)(=S)SCCC,[ 0.00542738  0.86023575 -0.7695664  -0.6947137   0.04281041]
CCOc1ccc([C@@H](C)Nc2nc(N3CCN(C(C)=O)CC3)nc3c2CN(C(C)C)C3=O)cc1,[-0.5581229   0.24904782 -0.45267093 -0.3367459  -0.21036588]
CC(=O)O[C@H]1C[C@@H]2CC[C@@H]3[C@H](CC[C@@]4(C)[C@H]3C[C@H]([N+]3(C)CCCCC3)[C@@H]4OC(C)=O)[C@@]2(C)C[C@@H]1N1CCCCC1.[Br-],[ 0.22579324  0.77498835 -1.         -1.         -0.19412473]
CCC[C@H](NC(=O)[C@@H]1[C@H]2CCC[C@H]2CN1C(=O)[C@@H](NC(=O)[C@@H](NC(=O)c1cnccn1)C1CCCCC1)C(C)(C)C)C(=O)C(=O)NC1CC1,[ 0.45159984  0.5651477  -0.80677605 -0.8265608  -0.23191859]
O=C1NC(=O)C(c2ccccc2)(c2ccccc2)C(=O)N1,[ 0.30080903  0.02126523 -0.7720789  -0.68433434  0.5417838 ]
C=CC[NH+]1CCCC1CNC(=O)c1cc(S(=O)(=O)NC)c(N)cc1OC,[ 0.2306658   0.7740518  -0.1021307  -0.02837241 -0.38295358]
CCCCCCCCCCCCNC(N)=S,[-0.6086575   0.90996087 -0.86107874 -0.2384218  -0.08147442]
O=[N+]([O-])c1cc(Cl)ccc1Cl,[ 0.31253913  0.8040025   0.34204853 -0.17890829 -0.33121872]
COc1c(Cl)ccc(Cl)c1C(=O)OCCN(CCOC(=O)c1c(Cl)ccc(Cl)c1OC)c1ccccc1,[ 0.17852922  0.63168675 -0.7563591  -0.87845725  0.6442484 ]
CCCCCC(O)C=CC1C(O)CC(O)C1CC=CCCCC(=O)O,[ 0.40454423 -0.17782794 -0.98958105 -0.25604713  0.7335083 ]
O=C(O)c1cccc(Cl)n1,[ 0.04156817  0.8973204  -0.53026557 -0.54482204  0.21002714]
COP(=S)(OC)SCc1nnc(SC)s1,[ 0.20332895  1.         -0.23175243 -0.35797727  0.5038699 ]
OC[C@@H]1CC[C@H](n2cnc3c(O)ncnc32)O1,[ 0.357301    0.80227643 -0.10031942 -0.69178486 -0.09591676]
COP(=S)(OC)Oc1cnc2ccccc2n1,[ 0.28514114 -0.20800684 -1.         -0.5287765   0.25938076]
O=[N+]([O-])c1c(Cl)c(Cl)c(Cl)c2nc(C(F)(F)F)[nH]c12,[ 0.1596348   0.66623664 -0.904461   -1.         -0.07961535]
CCC[NH+]1CCCCC1C(=O)Nc1c(C)cccc1C,[ 0.20799811  0.60540813 -0.7630187  -0.6701731  -0.12205918]
c1cc(-c2ccc3nc(Nc4ccc(OCCN5CCCC5)cc4)ncc3c2)ccn1,[-0.7266751   0.78694844 -0.19263335 -0.6388404   0.08279265]
CC(=O)OCc1ccc(C(C)C)cc1,[ 0.04037714  0.9129918  -0.7514677  -0.91237503 -0.27556983]
CN(C1CCCCC1)C1CCCCC1,[ 0.39048824  0.6510994  -0.8766623  -0.69974655 -0.01506278]
C/C=C/c1cc(OC)c2c(c1)C(C)C(c1cc(OC)c(O)c(OC)c1)O2,[ 0.54619855  0.24256995 -0.4420864  -0.71442425  0.7618277 ]
CC[C@H]1CN(Cc2cc(Cl)ccc2OCC(=O)O)CCN1S(=O)(=O)c1ccccc1,[ 0.17779422  0.6176419  -0.8963941  -0.5938239   0.18439884]
C=C(C)c1cccc(C(C)(C)N=C=O)c1,[-0.23339169  0.53625846 -0.983182   -0.85050595 -0.38332093]
Cc1cnc(Nc2cc(N3CCOCC3)nc(N[C@@H](C)c3ncc(F)cn3)n2)s1,[-0.11035816  0.7337573  -0.47010747  0.04732959 -0.10715405]
CCCOP(=O)(SCCC)SCCC,[-0.34829214  0.66593015  0.06367313 -0.89500767 -0.22453801]
C1COCCOCCNCCOCCOCCN1,[ 0.4622984   0.57211363 -1.         -0.693779    0.21845022]
Cc1c(Sc2ccc(Cl)cc2)c2c(S(C)(=O)=O)cccc2n1CC(=O)O,[-0.33682892  0.95814085 -0.8236657  -0.65468675 -0.1999143 ]
Cc1ccc(-c2ccccc2)cc1,[-0.00503197  0.6230869  -0.8030276  -0.97644925 -0.09134842]
CC(O)C1C(=O)N2C(C(=O)[O-])=C(SC3CCS(=O)C3)SC12,[-0.05695666  0.6283597  -0.77716804 -0.91632295 -0.2812176 ]
CC(C(O)c1ccc(O)cc1)[NH+]1CCC(O)(c2ccccc2)CC1,[-0.23449862  0.43818688 -0.8039327  -0.70860225 -0.10097806]
CCC(C(=O)N1CCCCC1C(=O)OC(CCc1ccc(OC)c(OC)c1)c1cccc(OCC(=O)NCCNC(=O)COc2cccc(C(CCc3ccc(OC)c(OC)c3)OC(=O)C3CCCCN3C(=O)C(CC)c3cc(OC)c(OC)c(OC)c3)c2)c1)c1cc(OC)c(OC)c(OC)c1,[ 0.32958272  0.8703077  -0.7075045  -0.6162198   0.16484572]
Cc1cc(OC(=O)N(C)C)n(C(C)C)n1,[-0.43477684  0.7933458  -0.51195025  0.5369899   0.01455296]
Cc1c(C(=O)NCCO)[n+]([O-])c2ccccc2[n+]1[O-],[ 0.34065604  0.63503665 -0.02855152 -0.03041269 -0.17899013]
Cc1nc(N)nc(N)c1-c1ccc(Br)cc1,[ 0.18767706  0.86333007 -0.7408004  -0.9427545  -0.8152442 ]
CCCCCCOC(=O)C(O)c1ccccc1,[ 0.25065893  0.7097473  -0.6805771  -0.9363064  -0.18772562]
C=CC(=O)NCNC(=O)C=C,[ 0.5790744   0.8229526  -0.64375377 -0.7895294  -0.08000975]
CNC(=O)c1cccc2c(Nc3ccc(NS(C)(=O)=O)cc3OC)c3cccc(C)c3[nH+]c12,[ 0.3682575   1.         -0.69067776 -0.46993202 -0.2602574 ]
ClCCCBr,[ 0.15485531  0.16305116  0.13715209 -0.25875762 -0.01878229]
CC(=O)CCC(C)=O,[-0.17530736  0.83633584 -0.61223924 -0.75354666 -0.5200663 ]
CC1[NH2+]Cc2cc(-c3ccc4c(=O)c(C(=O)[O-])cn(C5CC5)c4c3OC(F)F)ccc21,[-0.09143802  0.9043875  -0.68959177 -0.7991465  -0.17785665]
O=C(Cc1ccc(Cl)c(C(F)(F)F)c1)Nc1cccc2c(=O)n(CCO)ccc12,[ 0.53723186  0.4810339  -0.5350205  -0.7446519  -0.66144097]
CCN[C@@H]1C[C@H](N)[C@@H](O[C@H]2OC(CN)=CC[C@H]2N)[C@H](O)[C@H]1O[C@H]1OC[C@](C)(O)[C@H](NC)[C@H]1O,[ 0.20351574  0.80780464 -0.8400662  -0.97082275  0.35929638]
NCCCNCCSP(=O)(O)O,[ 0.50203246 -0.28517538 -0.78651005 -0.6180905   0.05103315]
COc1c2ccoc2c(OCC2OC2(C)C)c2oc(=O)ccc12,[ 0.24637869  0.9970666   0.17690869 -0.82075745  0.67123336]
O=C(O)COc1ccc(C(=O)CN2CCN(C3CCNCC3)CC2=O)cc1,[ 0.6730725   0.5930344  -0.7934482  -0.70355535 -0.05381448]
O=C(OCC(COC(=O)c1ccccc1)(COC(=O)c1ccccc1)COC(=O)c1ccccc1)c1ccccc1,[ 0.56543434  0.15971443 -1.         -0.49126008 -0.4435669 ]
C[C@@H]1NC(=O)[C@H](C)N(C)C(=O)[C@@H](C)N(C)C(=O)[C@H](C)NC(=O)[C@@H](C)NC(=O)[C@@H](C)N(C)C1=O,[-0.12056491  0.9503749  -0.28915787 -0.7839198  -0.5324938 ]
COc1c(OP(=S)(OCC(C)C)OCC(C)C)cnn(C)c1=O,[ 0.08986051  0.17089145 -0.79271877 -0.59587353  0.25622252]
CN(C)CC/C=C1/c2ccccc2COc2ccc(CC(=O)O)cc21,[ 0.10446189  0.74418026  0.17495324 -0.08193903 -0.05629045]
CCCCCc1ccccc1O,[ 0.3651266 -0.2100173 -0.9219033 -0.8595485 -0.5352841]
C[C@@H]1O[C@@H](O[C@@H]2[C@@H](O)[C@H](OCCc3ccc(O)c(O)c3)O[C@H](CO[C@@H]3O[C@H](CO)[C@@H](O)[C@H](O)[C@H]3O)[C@H]2OC(=O)/C=C/c2ccc(O)c(O)c2)[C@H](O)[C@H](O)[C@H]1O,[-0.4637423   1.         -0.82509404 -0.67610896  0.20602833]
COCOCCO,[ 0.16413769  0.536126   -0.84678113  0.3206349  -0.1159632 ]
CCN(N=O)C(C)OC,[ 0.33782575  0.80718017 -0.68378764 -0.6884953   0.348277  ]
CO/N=C(/C(=O)NC1C(=O)N2C(C(=O)[O-])=C(C[N+]34CCC(C(N)=O)(CC3)CC4)CSC12)c1nsc(N)n1,[-0.0613956   0.80295837 -0.95958483 -0.89531505  0.27266   ]
FC(F)(F)c1nc2c(Cl)c(Cl)cc(Cl)c2[nH]1,[ 0.01918974  0.37804767 -0.5366342  -0.8088747  -0.26711136]
CN1C(=O)CC(N2CCN(CCCN3c4ccccc4COc4ccc(CC(=O)O)cc43)CC2)N(C)C1=O,[ 0.31378567  0.85547674 -0.7065221  -0.67781204 -0.09597139]
Nc1ccn([C@@H]2O[C@H](CO)[C@@H](O)C2(F)F)c(=O)n1,[-0.94233495  1.          1.         -1.          1.        ]
CCc1nc(N)nc(N)c1-c1ccccc1,[ 0.37240806  0.51039547 -0.8214919  -0.892965   -0.37637758]
CCCCOc1ccccc1NC(C)=O,[-0.3180123  -0.35814095 -0.98176396 -0.5793116   0.72581583]
FC(F)(F)c1nc2c(Br)cc(Br)cc2[nH]1,[ 0.18193254  0.8154491  -0.85367465 -0.81057584 -0.27924946]
CC(C)=CCCC(C)=CCCC(=CCCC(C)=CCO)CO,[ 0.22132075  0.56573355 -0.66041684 -0.6916802  -0.5342427 ]
Cc1ccc([N+](=O)[O-])cc1,[ 0.35586432  0.47893924 -0.92181104 -0.8197348   0.02850307]
CCS(=O)CCSP(=O)(OC)OC,[ 0.52949804  0.7804671   0.32464126 -0.3394433  -0.23197044]
Cc1cccc([N+](=O)[O-])c1[N+](=O)[O-],[-0.19339213  0.8572097  -0.71287614 -0.8191022   0.28516814]
CC1CCCCOC1=O,[ 0.68198997  0.6669337  -1.         -0.83004475 -0.3317757 ]
CC(N)C(O)c1cccc(O)c1,[ 0.07764553  0.8913461  -0.8814449  -0.59322894  0.6411553 ]
ClCC1C(CCl)C2(Cl)C(Cl)=C(Cl)C1(Cl)C2(Cl)Cl,[ 0.5063106   0.7604126  -0.73303974 -0.5992816  -0.29200953]
COP(=S)(OC)Oc1cc(Cl)c(Cl)cc1Cl,[ 0.4281912   0.80909145 -0.6265898  -0.6760103  -0.11091773]
CN(C)CCOc1cc(NS(=O)(=O)c2c(Cl)cc(C(F)(F)F)cc2Cl)ccc1Cl,[ 0.0582947   0.81136966 -0.69441175 -0.45791563 -0.07747849]
CCOc1cc(OCC)c(C(=O)CCC(=O)O)cc1OCC,[ 0.50806653  1.         -1.         -0.85244536  0.01177032]
CCOC(=O)c1noc(C)c1C(C)=O,[ 0.67024714 -0.23114653 -0.7613561  -0.8991139   0.0944992 ]
Clc1cccc([Si]23OCCN(CCO2)CCO3)c1,[ 0.3440794   1.         -0.8130056  -0.7739457  -0.04545372]
CC(C)(C)c1cc(CCC(=O)OCCSCCOC(=O)CCc2cc(C(C)(C)C)c(O)c(C(C)(C)C)c2)cc(C(C)(C)C)c1O,[ 0.252665    0.94271195 -0.79112357 -0.99511886 -0.40321937]
C=CC[NH+]1CCCC1CNC(=O)c1cc2n[nH]nc2cc1OC,[ 0.28625396  0.49536374  0.09898011 -0.24750552  0.42194247]
C=CC(C)CCCC(C)(C)O,[ 0.29748878  0.68895125 -0.5121033  -0.7866242  -0.10630937]
COc1ccc([N+](=O)[O-])cc1N,[-0.2485218   0.7772587  -0.57995975 -0.7670887  -0.34115145]
CC1NC(=S)NC1=O,[ 0.1418775   1.         -0.7334232  -0.85447365  0.6095096 ]
CC(C)Oc1ccc2c(=O)c(-c3ccccc3)coc2c1,[-0.49896717  1.         -0.91769713 -0.7262036  -0.37280166]
CCCC(=O)c1ccc(N)cc1,[ 0.5159685   0.6753573  -0.91323924 -0.8116753  -0.42335606]
O=[N+]([O-])c1cc(C2CCCCC2)c(O)c([N+](=O)[O-])c1,[ 0.2622415   0.60084033 -0.1325527  -0.4422897  -0.2881626 ]
CCOC(=O)c1c(C)cc2c(CO)n[nH]c(=O)c2c1C,[ 0.21333244  0.66555035 -0.4233867  -0.05155652  0.06086851]
CN(CCO)Cc1cc(C(=O)c2cccs2)cc(C(C)(C)C)c1O,[-0.95451665  1.         -1.         -0.75054926 -0.07445726]
CCN(CC)c1ccc2cc(C(=O)NC3(C(=O)N[C@H](Cc4ccccc4)C(=O)NCC4CCN(CC5CCOCC5)CC4)CCCC3)sc2c1,[-0.48109293  0.46482974  0.9400626   0.31072024  0.80230045]
N#CCc1ccccc1,[ 0.3327386   0.7291831  -0.5634256  -0.6848881  -0.31493706]
Cc1ncsc1C,[-0.23701043  0.66506624 -0.9050243  -1.          0.28617337]
ClC1=C(Cl)C(Cl)(C2(Cl)C(Cl)=C(Cl)C(Cl)=C2Cl)C(Cl)=C1Cl,[ 0.09540302  0.63722765 -0.6180481  -0.56612796 -0.08026848]
NS(=O)(=O)c1cc2c(cc1Cl)NC(C(Cl)Cl)NS2(=O)=O,[ 0.32363954  0.45789412 -0.74478936 -0.6515356  -0.21486072]
O=C(c1csc2c1CCCC2)N1CCCCC1,[ 0.2998113   0.8620531   0.07746881 -0.3248928  -0.22114313]
CN(C)CCOCCOCCN(C)C,[-0.11694916 -0.83981043 -0.7340007  -0.5736546  -0.22745134]
COc1cc(OC)c(S(=O)(=O)N2c3ccccc3CCC2C)cc1NC(=O)COCC(=O)O,[ 0.30781102  0.77343965 -0.15799363 -0.4457389  -0.05818783]
CC(CO)Oc1ccccc1,[-0.26431605  1.         -1.         -0.8658595  -0.35156196]
CN(C)CCC=C1c2ccccc2CCc2ccccc21,[-0.12108196  0.7197317  -0.43851888 -0.58282363  0.47874463]
COc1cc2ncc(C(N)=O)c(Nc3ccc(F)cc3F)c2cc1NCCN1CCCCC1,[ 0.52973634  0.8832309  -0.7441292  -0.45695108  0.7601761 ]
Cc1ncc(CS)c(CO)c1O,[-0.23391514  0.5480583  -0.8924505  -0.82923007 -0.0350826 ]
C=C1CC1CC(N)C(=O)O,[ 0.25308877  0.6389894  -0.86599004 -0.82043123  0.26336816]
COC(=O)c1c(Cl)cccc1-c1cnc([C@@H](C)NC(=O)C2(NC(=O)C(F)(F)F)CC2)c(F)c1,[ 0.18306074  0.3391493  -0.98004115 -0.6781677   0.09173089]
CCCCOC(=O)CC(SC(CC(=O)OCCCC)C(=O)OCCCC)C(=O)OCCCC,[-0.05031031  0.631181   -0.93878764 -0.49629515 -0.01610023]
CSc1ccc(C(=O)c2[nH]c(=O)[nH]c2C)cc1,[ 0.40960312  0.9582796  -0.9677087  -0.9103749   0.7020224 ]
N=C(Nc1c([N+](=O)[O-])cnc2ccccc12)N1CCOCC1,[-0.20216005  0.6206431  -0.75537807 -0.31243598  0.09517536]
Cc1cc(Nc2nc(N[C@@H](C)c3ccc(F)cn3)c(C#N)nc2C)n[nH]1,[-0.03093477  0.00455384 -0.74874353 -0.18102571 -0.01752212]
C=C[Si](OC)(OC)OC,[ 0.1003117   0.77736175 -0.42314374 -0.75198674 -0.40617302]
CC#CCC(C)C(O)C=CC1C(O)CC2Oc3c(CCCC(=O)O)cccc3C21,[ 0.23803796  0.86681545 -0.5322112  -0.8190265  -0.36783105]
CCCCC(=O)N(Cc1ccc(-c2ccccc2-c2nnn[n-]2)cc1)C(C(=O)[O-])C(C)C,[ 0.30268094  0.6334563  -0.6803613  -0.5430399  -0.23490281]
CC1CCC(N)CC1N,[ 0.0568727   0.78302586 -0.59808266 -0.36840352  0.14043745]
CC(=O)NC(CS)C(=O)[O-],[-0.0201406   0.5803473  -0.94144636 -0.795406   -0.32080266]
CC1CCCCN1N=O,[ 0.20006162  0.7642607  -0.7626847  -0.5598048  -0.2462636 ]
C/C([O-])=C(\C#N)C(=O)Nc1ccc(C(F)(F)F)cc1,[ 0.6426654   0.3153977  -0.64746976 -1.         -0.17818618]
C=CC1=C(C)/C(=C\c2[nH]c(Cc3[nH]c(/C=C4/NC(=O)C(C)=C4C=C)c(C)c3CCC(=O)O)c(CCC(=O)O)c2C)NC1=O,[ 0.15915912  0.9210933  -0.7663245  -0.92103106  0.76079285]
CCSP(SCC)SCC,[ 0.500065    0.85455745 -1.         -0.43101525 -0.39535487]
Cc1cn([C@H]2CCCN(S(=O)(=O)c3ccc(CO)c(Oc4cccc(Cl)c4)c3)C2)c(=O)[nH]c1=O,[ 0.27003077  1.         -0.98672104 -0.28594407  0.57480747]
CCNc1nc(NCC)nc(OC)n1,[ 0.03677382  0.5995908  -0.8340946  -1.         -0.07928853]
CCOP(=S)(Oc1cccc2cccnc12)c1ccccc1,[ 0.19406798  0.79948944 -0.62393624 -0.24254273  0.272117  ]
O=C(CCC(=O)OC1CCCCC1)OC1CCCCC1,[-0.1183276   0.3869633  -0.36708593 -0.01433762  0.14921503]
O=c1c2nocc2c(-c2ccccc2)nn1-c1ccccc1,[ 0.07563324  0.9405837  -0.7810246  -1.          0.03414322]
