CC(C)CON=O,[ 0.5100944   0.64786273 -0.23531    -0.96924514 -0.20273013]
C[C@@H](NC1=CC(=O)CNC1)c1ccc(Nc2ncc3cc(-c4ccncc4)ccc3n2)cc1,[ 0.55604285  0.7171806  -0.9817966  -0.35904175  0.25297213]
CCOc1cc(OCC)c(C(=O)CCC(=O)O)cc1OCC,[-0.20525695  0.96506524 -0.7726558  -0.86710185  0.38769472]
Cc1cc(C(=O)c2ccccc2)ccc1N,[-0.37401667  0.8374613  -0.42123318 -0.6917507   0.05180487]
CCC(C(=O)O)C1(O)CCCCC1,[ 0.2216533   0.32556427 -0.47198933 -0.46584097 -0.23407787]
O=c1cc(Cn2c(C3CCC3)nc3nccnc32)c2ccc(F)c(F)c2[nH]1,[ 0.06066576  0.67584306 -0.4872376  -0.20094949  0.53184575]
CC(=O)N1CCN(c2ccc(OC[C@H]3CO[C@](Cn4ccnc4)(c4ccc(Cl)cc4Cl)O3)cc2)CC1,[ 0.45786825  0.8962985  -0.6017431  -0.5615887  -0.16632947]
O=C(O)CCC(=O)OC1CCCCC1,[ 0.3909871   0.85550183 -0.6258724  -0.46252096 -0.3579123 ]
C[C@@](N)(Cc1ccc(O)c(O)c1)C(=O)O,[ 0.1669698   0.9054671  -0.5421278  -0.84335876 -0.20290579]
O=CC1=CCCCC1,[ 0.2898321   1.         -0.11680879  0.3807184  -0.08006047]
CN(C1CCCCC1)C1CCCCC1,[ 0.43263692  0.8136992  -1.         -0.6017858  -0.01375362]
O=[N+]([O-])c1cc(Cl)ccc1Cl,[ 0.17504536  0.7574837   0.17959647 -0.232488   -0.01693621]
CN(C)N=Nc1nc[nH]c1C(N)=O,[ 0.18824244 -0.18935221 -0.39057842 -0.43104497 -0.07415622]
Cc1c(OC2CCN(CC3CCN([C@@H](Cc4ccc(F)cc4)C(=O)O)CC3)CC2)ccc(C#N)c1Cl,[ 0.21797077  0.866018   -0.86966497 -0.42820644  0.74459785]
CC(=O)SCC(=O)Nc1nc2ccccc2s1,[ 0.22223134  1.         -0.7125874  -0.8558699  -0.02533951]
C=C1CC23CC1(O)CCC2C12C=CC(O)C(C)(C(=O)O1)C2C3C(=O)O,[ 0.5806958   0.85381675 -0.6506453  -0.75874573 -0.12535976]
CC(CO[N+](=O)[O-])(CO[N+](=O)[O-])CO[N+](=O)[O-],[ 0.12931964  1.         -0.7557554   0.00544947 -0.16473895]
CCCSP(=S)(OC)SCCC,[ 0.4535535   0.89596814 -0.78074336 -0.5154757  -0.25275245]
CC(C)=CCOC(=O)c1ccccc1,[ 0.23182738  0.65867656 -0.7182099  -0.39846414 -0.12556015]
CC(C)(C)c1cc([N+](=O)[O-])cc([N+](=O)[O-])c1O,[-0.01693284  0.47480318 -0.9902952  -0.4101419  -0.40019587]
N=C(N)Nc1nc(CSCCC(=N)NS(N)(=O)=O)cs1,[ 0.72007346  0.75726926 -1.         -0.5653612  -0.3818643 ]
Cc1cnc(C)cn1,[ 0.32405484  0.73876816 -0.7971548  -0.42245474 -0.5552964 ]
CCOC(=O)CCC[Si](C)(OCC)OCC,[ 0.41269013  1.         -0.7329463  -0.7758197  -0.00320089]
N=C(Nc1c([N+](=O)[O-])cnc2ccccc12)N1CCOCC1,[ 0.16835256  0.8000685  -0.7454028  -0.2491563   0.21491906]
O=C1CC2(CCCC2)CC(=O)N1CCCCN1CCN(c2ncccn2)CC1,[-0.01223794  0.61215603 -0.6473476  -0.64449835  0.32921344]
CCCCCCCCCCCCCCCN,[-0.15915127  0.8977105  -0.7888136   0.6152927   0.1397927 ]
Cc1nccc(-c2ccc(-c3nc4ccncc4c(O)c3C#N)cc2)c1Cl,[ 0.39549744  0.8175629   0.29359365 -0.5024278  -0.53841454]
Cc1ccccc1S(=O)(=O)NC(=O)N1CCC(N2CCC(Oc3ccc(Cl)c(Cl)c3)CC2)CC1,[ 0.1158279   0.82955235 -0.8940265  -0.59789383 -0.10490489]
CC1OC(n2ccc(NC(=O)c3ccc(NC(=O)C(C)(N)CO)cc3)nc2=O)CCC1OC1OC(C)C(N(C)C)C(O)C1O,[ 0.46222177  0.9239443  -0.94880784 -0.7191858  -0.29461437]
COCc1ccc2c(C(C(=O)NS(=O)(=O)c3ccc(C)cc3OC)c3ccc4c(c3)OCO4)cn(C)c2c1,[-0.02873791 -0.7051196   0.34071502 -0.65717584 -0.49746677]
O=c1[nH]c2c(O)ccc([C@@H](O)CNCCSCCCNCCc3cccc(Cl)c3Cl)c2s1,[ 0.48890233  1.         -1.          0.3096838  -0.265662  ]
Cn1c(C(=O)NC2(C(=O)N[C@H](Cc3ccccc3)C(=O)NCCCN3CCOCC3)CCCC2)cc2ccccc21,[-1.          0.8242681  -0.7579096  -0.44961238 -0.36532375]
O=[N+]([O-])c1ccc(Nc2ccccc2)c(S(=O)(=O)O)c1,[ 0.45839608  0.30271325 -0.7742179  -0.7262073   0.14436755]
COc1cc(OC)c(S(=O)(=O)N2c3ccccc3CCC2C)cc1NC(=O)COCC(=O)O,[ 0.4985178   0.7536158  -0.50219595 -0.4853419  -0.10317365]
CCC(C(=O)O)c1ccc(CC(C)C)cc1,[ 0.0160741   0.76616514 -0.8014473  -1.         -0.02770452]
Cc1cc([N-]S(=O)(=O)c2ccc(N)cc2)no1,[0.24220638 0.7743945  0.77688515 0.97832674 0.46470827]
Cc1cnc(Nc2cc(N3CCOCC3)nc(N[C@@H](C)c3ncc(F)cn3)n2)s1,[ 0.5097097   0.658439   -0.8484417  -0.1212913  -0.14485587]
COC(CN1CCN(CCC(O)c2ccccc2)CC1)c1ccccc1,[-0.140441    0.4841633  -0.89093506 -0.86537796 -0.22504173]
Nc1ccc(F)c([N+](=O)[O-])c1,[ 0.46617883  0.7837908  -0.6139486  -0.5170624  -0.28256667]
CCC[NH+]1CCCCC1C(=O)Nc1c(C)cccc1C,[ 0.09698839  0.5078761  -0.7640507  -0.8109051   0.30323768]
CC(=O)CCCCCCCC(=O)O,[ 0.52167684  0.69567525 -0.77364194 -0.5625938  -0.2162049 ]
CCCCC(CC)(C(=O)OCC)C(=O)OCCN(CC)CC,[ 0.12826902  0.8395947  -0.93475944 -0.8789586   0.34158102]
O=C(NC(CCc1ccc2c(c1)OCO2)CCc1ccc2c(c1)OCO2)c1ccc(Cl)cc1,[ 0.53361547  0.6241124  -0.74079764 -0.10242069  0.11744887]
CC(C)(C)NC(=O)C1CC2CCCCC2CN1CC(O)C(Cc1ccccc1)NC(=O)C(CC(N)=O)NC(=O)c1ccc2ccccc2n1,[ 0.48986787  0.84552455 -0.79682434 -0.11146505  0.47820404]
CC1CCCCN1N=O,[ 0.17992716  0.7842258  -0.8176687  -0.8494391  -0.01361939]
Cc1cc(Nc2nc(N[C@@H](C)c3ccc(F)cn3)c(C#N)cc2Cl)n[nH]1,[-0.10004703  0.76388055  0.13671012 -0.5365768  -0.28208867]
CC(C)=C1CCC(C)CC1=O,[ 0.42181364  0.8338604  -1.         -0.5939985   0.25483787]
COc1cc(C(=O)NC2CCCNC2)cc(OC)c1OC,[ 0.00766411  0.56753343  0.36005443 -0.43067464 -0.15353788]
CCOC(=O)c1c(C)cc2c(CO)n[nH]c(=O)c2c1C,[ 0.32771268  0.48678342 -0.8015192  -0.5873453  -0.19658078]
CCCCCCOC(=O)C(O)c1ccccc1,[ 0.3965433   0.5289293  -0.7827662  -0.550038   -0.37932423]
CN1C(=O)CN=C(c2ccccc2F)c2cc(Cl)ccc21,[-0.13332866  0.84701514 -0.8137066  -0.5085493  -0.57154137]
C/C=C/c1cc(OC)c2c(c1)C(C)C(c1cc(OC)c(O)c(OC)c1)O2,[ 0.5519567   0.23718925 -0.45808005 -0.81500345  0.69489044]
CC(C)(C)c1ccc(OP2OCC3(CO2)COP(Oc2ccc(C(C)(C)C)cc2C(C)(C)C)OC3)c(C(C)(C)C)c1,[ 0.06533241  0.5490175  -1.         -0.80370295  0.12842587]
CC[C@@]1(O)C(=O)OCc2c1cc1n(c2=O)Cc2cc3c(CN(C)C)c(O)ccc3nc2-1,[-0.5145106  0.9504011 -1.        -0.6533651 -0.0258033]
CCCCCCN,[-0.21410118  1.         -0.715048   -0.7861226   0.05845189]
CCOC(C)COC(C)CO,[ 0.07423085  0.5862553  -0.62287873 -0.6616799  -0.2042342 ]
Cc1cc(=O)nc(SCc2ccccc2N(C)C)[nH]1,[ 0.21452275  0.85443157 -0.7853265  -0.96018124 -0.21873835]
O=S(=O)(O)c1ccc2cc(Nc3cccc4c(O)c(S(=O)(=O)O)ccc34)ccc2c1O,[ 0.24366896 -0.8599025  -0.600392   -0.2840682   0.31827763]
C=CN(CC)C(C)=O,[-0.26919752  1.         -0.8299438  -0.77295923 -0.39122048]
CCC(C)C(=O)OC1CCC2(C)C3CC(O)C4C5(O)C(CC42OC13O)C1CN2CC(C)CCC2C(C)(O)C1C(O)C5OC(=O)C(C)(O)CC,[ 0.05375687  0.84925157 -0.66329706 -0.7959351   0.55531275]
Cc1cc(OC(=O)N(C)C)n(-c2ccccc2)n1,[ 0.09830765  0.7251452  -0.8214783  -0.51394325  0.02460552]
CO/N=C(\C(=O)N[C@@H]1C(=O)N2C(C(=O)O)=CCS[C@H]12)c1csc(N)n1,[ 0.31459263 -0.00496826 -0.6330192   0.11653522  0.02721853]
CCc1c2c(nc3ccc(O)cc13)-c1cc3c(c(=O)n1C2)COC(=O)[C@]3(O)CC,[-0.1352287   0.9005253  -0.8110509  -0.6567853  -0.08755545]
O=Cc1ccc(O)cc1,[ 0.41654986  0.4544453  -0.81604147 -0.7897914  -0.2710223 ]
Cc1ccc(S(=O)(=O)Nc2c(C(=O)NC3CCCCC3)c(C)nn2-c2ccccc2)cc1,[ 0.22264771  1.         -0.8724846  -0.50300056  0.04737207]
O=C(Cc1ccc(Cl)c(C(F)(F)F)c1)Nc1cccc2c(=O)n(CCO)ccc12,[ 0.41303137  0.3156398  -0.7400634  -0.70258677 -0.1139475 ]
C=CCn1c(N)cc(=O)n(CC)c1=O,[ 0.16658106  0.8382515  -0.6838395  -0.3255468  -0.0032834 ]
CCCCOP(=O)(OCCCC)Oc1ccccc1,[-0.00792259  0.896357   -0.75934845 -0.9142785  -0.47187614]
COCCOCc1ccccc1,[ 0.46621147  0.9864041  -1.         -0.542731    0.11752188]
OCCNCCOc1ccc(C(=C(c2ccccc2)C(F)(F)F)c2ccccc2)cc1,[-0.23454705  0.80142146 -0.7865479  -0.29667625  0.00241892]
CCNC(=O)CSP(=S)(OC)OC,[ 0.34282494  0.8603935  -0.73278517 -0.7153539  -0.17058246]
Clc1ccc(C2(Cn3cncn3)OCCO2)c(Cl)c1,[ 0.67585427  0.7836448  -0.5910905  -0.64046055 -0.37676814]
CCCOP(=O)(OC=C(Cl)Cl)OCCCl,[ 0.16448681  0.21036516 -0.6945631  -0.71825254 -0.07267169]
CCCCCCCCCCOc1c(OC)cc(C(N)=O)cc1OC,[ 0.11521094  0.5268498  -0.2513437  -0.04091611 -0.1185938 ]
COCCN(C(=O)CCl)c1c(C)cccc1C,[-0.12387632  0.5564109  -0.62566966 -1.          0.7594636 ]
CCOc1ccccc1C(N)=O,[ 0.73331964  0.760244   -0.40296128 -0.5344646  -0.6303414 ]
C=CC(=O)OCCOCCC#N,[-0.16841656  0.7781096  -0.8225889  -0.7804723   0.04869513]
CC(C)NCC(O)c1ccc(O)c(O)c1,[-0.00916734  0.88027316 -0.5968606   0.11172027 -0.14465813]
C[C@@H](NC1=CC(=O)CC1)c1ccc(Nc2ncc3cc(-c4ccncc4)ccc3n2)cc1,[ 0.2023595  0.6648544 -0.5857248 -0.9142977 -0.3397819]
CCOC(=O)C(CCc1ccccc1)NC(C)C(=O)N1C(C(=O)[O-])CC2CCCCC21,[ 0.5833915   0.83550984 -0.47724572  0.07040483 -0.1155992 ]
Cc1cc(Cl)ccc1OCC(=O)Nc1ccccc1,[-0.08438845  0.9147937  -0.515464   -0.6839217  -0.36649993]
NS(=O)(=O)c1cc2c(cc1Cl)NC(C(Cl)Cl)NS2(=O)=O,[ 0.3851904   0.3817237  -0.48092654 -0.56957036 -0.2958358 ]
O=C(O)C1N=C(c2ccccc2)c2cc(Cl)ccc2NC1=O,[-0.44783276  0.75385326 -0.4199485  -0.8536767   0.00713772]
CCCCC(=O)N(Cc1ccc(-c2ccccc2-c2nnn[n-]2)cc1)C(C(=O)[O-])C(C)C,[ 0.36206084  0.7987396  -0.5556803  -0.70328194 -0.04609154]
CC(O)C1C(=O)N2C(C(=O)[O-])=C(SC3CCS(=O)C3)SC12,[ 0.04699316  0.8254985  -0.74955714 -0.86896324  0.06428373]
C1=CC2C3C=CC(C3)C2C1,[ 0.0441323   0.7357441  -1.         -0.72002137 -0.29849118]
CSC(C)=NOC(=O)N(C)SN(C)C(=O)Oc1ccc(OC(=O)N(C)SN(C)C(=O)ON=C(C)SC)cc1,[ 0.39573407  1.         -0.82753605 -0.68302256 -0.30073145]
OCCN(CCO)CCO,[-0.41135368  0.81070185 -0.69434047 -0.7013728  -0.31538227]
NNC(=O)c1ccncc1,[-0.8340667   0.6881695  -0.35623553 -0.8663215  -0.2219931 ]
CCCOC(=O)Cc1ccc(OCC(=O)N(CC)CC)c(OC)c1,[-0.68915415  0.4931857  -0.49773723  0.41072246  0.2910927 ]
NC(=O)N1C(=O)C(C(=O)c2cccs2)c2cc(Cl)ccc21,[-0.39924324  0.5509619  -0.82441795 -0.7361148  -0.47870362]
C1CN1P1(N2CC2)=NP(N2CC2)(N2CC2)=NP(N2CC2)(N2CC2)=N1,[ 0.08925118 -0.7652404  -0.6121716  -0.15593135  0.5766174 ]
COc1ccc2ncc(F)c(CCN3CCC(NCc4cc5c(cn4)OCCO5)CC3)c2n1,[ 0.18701215  0.84613985  0.7000856  -0.5416082  -0.38514438]
CC1CCN(C(=O)CC(Cc2cccc(C(=N)N)c2)NS(=O)(=O)c2ccc3ccccc3c2)CC1,[ 0.24997701  0.6838669  -0.6357034  -0.5790771   0.11353324]
CN(C)C(=O)Nc1cc(C(C)(C)C)on1,[ 0.35625064  0.8862868  -0.82595605 -0.74425024 -0.3497939 ]
COP(=S)(OC)Oc1nc(Cl)c(Cl)cc1Cl,[ 0.27521032  0.7456591  -0.7752072  -0.5682838  -0.3507333 ]
Cc1cc(Nc2cncc(N[C@@H](C)c3ccc(F)cn3)n2)n[nH]1,[ 0.2349987  -0.7229065  -0.8246716  -0.3355784   0.09755038]
CCOC(=O)Cl,[ 0.08974049 -0.40581346 -0.43210542 -0.861323    0.01485219]
COP(=S)(Cl)OC,[ 0.34726053  1.         -0.8286308  -0.46884087  0.10959406]
CCOP(=S)(OCC)Oc1ccc([N+](=O)[O-])c(C)c1,[ 0.13926879  0.8733654  -0.8535752   0.02279906  0.28927127]
CC(=O)O[C@H]1C[C@@H]2CC[C@@H]3[C@H](CC[C@@]4(C)[C@H]3C[C@H]([N+]3(C)CCCCC3)[C@@H]4OC(C)=O)[C@@]2(C)C[C@@H]1N1CCCCC1.[Br-],[-0.5656793   0.8584915  -0.68088037 -0.7016985   0.2695841 ]
NC(=S)NNCNNC(N)=S,[ 0.05540705 -0.8493444  -0.97858584 -0.4270279  -0.18826176]
CC1NC(=S)NC1=O,[ 0.12865566  0.9015299  -0.70444673 -0.84323704  0.63418543]
CN(C)c1ccc(C(O)(c2ccc(N(C)C)cc2)c2ccc(N(C)C)cc2)cc1,[ 0.38994092  0.7380967  -0.72216195 -0.41753462  0.0402137 ]
CCCCCC(=O)O,[ 0.32969123  0.71828777 -0.88916296 -0.8587441  -0.3470038 ]
CC(CN1CC(=O)NC(=O)C1)N1CC(=O)NC(=O)C1,[-0.63269436  0.759032   -0.91936314 -0.95632803 -0.09791379]
CCC(C)(CC)c1cc(N)on1,[ 0.21183564  0.83205295 -0.3326209  -0.6337556   0.26561204]
CC[C@H](C)[C@H](NC(=O)[C@H](CCC(=O)[O-])NC(=O)[C@H](CCC(=O)[O-])NC(=O)[C@H](Cc1ccccc1)NC(=O)[C@H](CC(=O)[O-])NC(=O)CNC(=O)[C@H](CC(N)=O)NC(=O)CNC(=O)CNC(=O)CNC(=O)CNC(=O)[C@@H]1CCCN1C(=O)[C@H](CCCNC(N)=[NH2+])NC(=O)[C@@H]1CCCN1C(=O)[C@H]([NH3+])Cc1ccccc1)C(=O)N1CCC[C@H]1C(=O)N[C@@H](CCC(=O)[O-])C(=O)N[C@@H](CCC(=O)[O-])C(=O)N[C@@H](Cc1ccc(O)cc1)C(=O)N[C@@H](CC(C)C)C(=O)[O-],[-0.15509784  0.31766316 -0.18660067 -0.57526624  0.05479711]
COc1cc2c3c(c1O)C1(C=CC(=O)C=C1)CC3N(C)CC2,[ 0.40371865 -0.38438365 -1.         -0.48770505  0.09425295]
Cc1cc(Sc2cc(C)c(O)c(C(C)(C)C)c2)cc(C(C)(C)C)c1O,[ 0.34934926  0.73422825  0.03886916 -0.6214554  -0.34625092]
CN(C)C1CC(c2ccccc2)c2ccccc21,[ 0.3939852   0.99436814 -1.         -1.         -0.12061827]
C=C(C)CN(CC)c1c([N+](=O)[O-])cc(C(F)(F)F)cc1[N+](=O)[O-],[ 0.23748009  0.72738945 -0.5529874   0.1793661  -0.5678527 ]
C[NH+]1CCOC(c2ccccc2)c2ccccc2C1,[ 0.5238197   0.43382075 -1.          0.08449914 -0.29445294]
CCNC(=O)ON=C1SCOC1C,[-0.07840851  0.86094385 -0.03984888 -0.7740043  -0.40360424]
C/C=C(/C)C(=O)O[C@H](c1cc2ccc(=O)oc2cc1OC)[C@H](O)C(C)(C)O,[ 0.4522281   0.89841914 -0.8351004  -0.33626795  0.34540546]
C[C@@H]1CN(Cc2ccc(F)cc2)CCN1C(=O)COc1ccc(Cl)cc1NC(N)=O,[ 0.2784661   0.73775035 -0.79360515 -0.42004088  0.35479453]
Cc1cn([C@H]2CCCN(S(=O)(=O)c3ccc(C#N)c(Oc4cccc(Cl)c4)c3)C2)c(=O)[nH]c1=O,[ 0.41007027  1.          0.57493883 -0.4349987  -0.37053123]
CCN1CN(CO)C(=O)N(CO)C1,[ 0.5357713   0.48807076 -0.6648421  -1.         -0.5918335 ]
CCC1OC(C)SC1=NOC(=O)NC,[-0.18921207  0.10979803 -0.7874888   0.35070086  0.16383542]
ClCC(Cl)=C(Cl)Cl,[ 0.3622433   0.71516323 -0.78351444 -0.8553891  -0.09348459]
COC(=O)C(C(C)=O)C(C)=O,[-0.04257073  0.13963316 -0.80673885 -0.7530701  -0.02984178]
[NH3+]CC1CCC(C(=O)[O-])CC1,[ 0.0803158   0.6262457  -0.723089   -0.00104199 -0.11476885]
NC(=O)c1cnc(N[C@@H]2CCCC[C@@H]2N)nc1Nc1cccc(-n2nccn2)c1,[-0.5672943   0.82516396 -0.6374795  -0.76242256  0.2962038 ]
CCOP(=S)(OCC)OC(C)CC,[-0.48761004  0.0708173   0.34734717 -0.7360068  -0.3134892 ]
CCC(=O)OCc1ccc(OC)cc1,[ 0.36417273  0.15987052 -0.2885069  -0.7348763   0.17579107]
C=CC(C)CCCC(C)(C)O,[ 0.04596758  0.46856236 -0.50349474 -0.9640631  -0.02148387]
CCNc1nc(NCC)nc(OC)n1,[ 0.20735252  0.6299897  -0.7431372  -0.8461332   0.5563378 ]
CC(c1ccccn1)c1c(CC[NH+](C)[14CH3])sc2ccccc12,[ 0.02571867  0.7302975   0.16299358 -0.34256652  0.09432859]
Cc1cc(-c2ccc(Cl)c(C(=O)NCC3(O)CCCCCC3)c2)nn1C[C@H](O)CN,[ 0.4567867   0.36047876 -0.812301   -0.74292153 -0.07330316]
NCCNCc1ccccc1O,[-0.5730468   0.22053659 -0.823841   -0.57926434 -0.01802974]
Cn1c(COP(=O)(NCCBr)NCCBr)cnc1[N+](=O)[O-],[ 0.11841154  0.8764286  -0.88777435 -0.09163494 -0.07369362]
CCCCC(CC)COCCC#N,[ 0.10669399  0.7557347  -0.5354668  -0.6786509   0.8175362 ]
CCNC(=O)c1cc2c(-n3ccc(C(F)(F)F)n3)c(-c3cncc(-c4n[nH]c(=O)o4)c3)cnc2[nH]1,[-0.01344639  1.         -1.         -0.9935085  -0.4050294 ]
CCN(N=O)C(C)OC,[ 0.51908934  0.8319636  -0.86716074 -0.64883196  0.29761666]
CCOP(=O)(NC(C)C)SCC(=O)NCOC,[ 0.16185133  0.38422978 -0.59841764 -0.57932353 -0.6159059 ]
CN(C)CCCNCCCN(C)C,[ 0.28088668  0.6437669  -0.991457    0.05074601 -0.01633318]
FC(F)(F)c1nc2c(Br)c(Cl)c(Br)cc2[nH]1,[ 0.0877481   0.95656127 -0.7491194  -0.5270167   0.10640167]
CC(C)Cn1c(=O)n(C)c(=O)c2c(C(=O)N3CC[C@@H](O)C3)c(Cc3c[nH]c4ccccc34)sc21,[ 0.7031263   0.6713623  -0.64610946 -0.49887785  0.0922596 ]
COc1c(OP(=S)(OCC(C)C)OCC(C)C)cnn(C)c1=O,[ 0.26287803  0.12218118 -0.9991122  -0.60522103  0.24208142]
O=C(CCCCCCC(=O)Nc1ccccc1)NO,[ 0.24225405  0.18686356 -1.         -0.9367759  -0.19354597]
C=CS(C)(=O)=O,[-0.30893758  0.47457397 -0.92406857 -0.8004898  -0.2554448 ]
ClCCCBr,"[ 3.6548764e-01  1.5715326e-01 -6.2947571e-01 -1.7009822e-04
  1.2169858e-02]"
CCCCN1C(=O)c2cccc([N+](=O)[O-])c2C1=O,[ 0.3614555   0.33925152 -0.6747999  -0.55024326  0.48282975]
CC(N)C(O)c1cccc(O)c1,[-0.01481815  0.8841439  -0.7643315  -0.38667765 -0.38104722]
O=C(NC1CC1)c1cc(-c2cccs2)on1,[-0.3504197   0.8505422  -1.         -0.77791715 -0.10303459]
CCOC(=O)CCN(SN(C)C(=O)Oc1cccc2c1OC(C)(C)C2)C(C)C,[-0.4814537   0.87538975 -0.75330424 -0.7649833  -0.08159781]
CC(=O)O[C@H]1C[C@]2(O)[C@H]3CC[C@H]4C[C@H](O[C@H]5C[C@@H](O)[C@@H](O[C@H]6C[C@@H](O)[C@@H](O[C@H]7C[C@@H](O)[C@@H](O)[C@H](C)O7)[C@H](C)O6)[C@H](C)O5)CC[C@@]4(C)[C@H]3CC[C@]2(C)[C@H]1C1=CC(=O)OC1,[ 0.32312053  0.7158586  -0.65515524 -0.61653155 -0.24204169]
Cc1ccc(N=C=O)cc1N=C=O,[ 0.12415215  0.5819323  -0.6456762  -0.6987145  -0.293134  ]
S=c1[nH]cnc2nc[nH]c12,[-0.16754737  0.33806187 -0.86109793 -0.7918451  -0.40953973]
CCC1(CC)Oc2cccc(OC(=O)N(C)C(C)=O)c2O1,[ 0.21152076  0.79652584 -0.81834143 -0.8845663  -0.31182715]
C=CCc1cc(OC)c(OC(C)Cc2cc(OC)c(OC)c(OC)c2)c(OC)c1,[-0.35959822  0.7451469  -0.7010125  -0.7737215  -0.19263627]
O=C(Nc1cccc(Cl)c1)OCC#CCCl,[-0.32664794  0.9324847  -0.8842857  -0.96823025 -0.28591356]
N#CC1CC2CC2N1C(=O)C(N)C12CC3CC(CC(O)(C3)C1)C2,[ 0.37293506  1.         -0.45975295 -0.5778704  -0.29633477]
CSCC(NC(=O)COc1cccc2cnccc12)C(=O)NC(Cc1ccccc1)C(O)C(=O)N1CSCC1C(=O)NC(C)(C)C,[ 0.39303565  0.5287846  -0.22631179 -0.3255703  -0.22300842]
CC(C)(C)OC(=O)N1CCN(c2ncc(OCc3ccncc3)cn2)CC1,[ 0.00993762  0.8981184  -0.45079273 -0.51165336 -0.25112128]
C[NH+]1CCc2cccc3c2C1Cc1ccc(O)c(O)c1-3,[ 0.2807982   0.3553785  -0.19940916 -0.62091357  0.0596148 ]
O=C(/C=C/c1ccc(O)c2c1C(C(=O)O)C(c1ccc(O)c(O)c1)O2)OC(Cc1ccc(O)c(O)c1)C(=O)O,[-0.15700848  0.71956146 -0.14779976 -0.18687946  0.29832748]
Clc1ccc(N2N=NC3C4CC(C5N=NC45)C32)cc1,[ 0.06588582  0.7888022  -0.89451    -0.92955726 -0.3353754 ]
CC1[NH2+]Cc2cc(-c3ccc4c(=O)c(C(=O)[O-])cn(C5CC5)c4c3OC(F)F)ccc21,[-0.14279468  1.         -0.7637837  -0.9125936  -0.2385919 ]
CC(=O)OC(C)(C)C1CC=C(C)CC1,[ 0.49299026  0.7949405  -0.9418245  -0.3487116  -0.0245483 ]
CC[C@H]1NC(=O)[C@@H](NC(=O)c2ncccc2O)[C@@H](C)OC(=O)[C@H](c2ccccc2)NC(=O)[C@@H]2CC(=O)[C@H](CS[C@@H]3CN4CCC3CC4)CN2C(=O)[C@H](Cc2ccc(N(C)C)cc2)N(C)C(=O)[C@@H]2CCCN2C1=O,[-0.16325164  0.8747164  -0.8420567  -0.5820476  -0.22453484]
CC(CN1CCOCC1)C(C(=O)N1CCCC1)(c1ccccc1)c1ccccc1,[ 0.17439839  0.67485225 -0.863154   -0.67288464  0.08854368]
CCC(=O)O,[-0.1424052   0.9677186   0.69061697 -0.20638382 -0.00357111]
CCCC1CC(C(=O)NC(C(C)Cl)C2OC(SC)C(O)C(O)C2O)[NH+](C)C1,[ 0.3020922   0.68078643 -0.79259676 -0.29618835 -0.35933143]
O=c1cc(-c2ccc(O)cc2)oc2cc(O)cc(O)c12,[ 0.07396154  0.87324846 -0.8447308  -0.772876   -0.28042725]
CC1(C)SC2C(NC(=O)C(C(=O)[O-])c3ccsc3)C(=O)N2C1C(=O)[O-],[ 0.71005815  0.71949965 -0.74901587 -0.38174587  0.1473214 ]
O=C(NCCNCC(O)COc1ccc(O)cc1)N1CCOCC1,[ 0.31347921  0.2632328  -1.         -0.8544674  -0.256031  ]
CC(=O)OO,[ 0.22323403  0.71239984 -0.5631646  -0.7418112  -0.0018527 ]
C[C@@H]1O[C@@H](O[C@@H]2[C@@H](O)[C@H](OCCc3ccc(O)c(O)c3)O[C@H](CO[C@@H]3O[C@H](CO)[C@@H](O)[C@H](O)[C@H]3O)[C@H]2OC(=O)/C=C/c2ccc(O)c(O)c2)[C@H](O)[C@H](O)[C@H]1O,[-0.17126179  0.9277972  -0.8450156  -0.48514718 -0.22750619]
O=C(Nc1cccc(Cl)c1)Nc1nnc(-c2ccncc2)s1,[ 0.09795757  0.85843974 -0.68843067 -0.7157629   0.13377784]
C=C[Si](OC)(OC)OC,[ 0.16032271  0.7732579  -0.581374   -0.8108904   0.06392279]
O=C(NCc1ccc(OC(F)(F)F)cc1)C1c2ccccc2C(=O)N1CCc1ncc(F)cn1,[ 0.39110082  0.6953521  -0.7218091  -0.5638719  -0.45622495]
C=C(CC(=O)c1ccc(-c2ccccc2Cl)cc1)C(=O)O,[ 0.22181237  0.65453964 -0.84019524 -0.5583347   0.15186463]
CCOP(=S)(OCC)Oc1cc(C)n(CC)c(=O)c1,[ 0.18687813  0.9510847  -0.67624545 -0.96670157 -0.07450209]
C=COCCOC,[ 0.17737186  0.87098116 -0.93597645 -1.          0.7742127 ]
CC(C)C(CCC(C)C1CCC2C3C(O)CC4CC(NCCC[NH2+]CCCC[NH3+])CCC4(C)C3CCC12C)OS(=O)(=O)[O-],[-0.12168556  0.9125748  -0.85635906 -0.88870406 -0.28642812]
Clc1ccc(OCOc2ccc(Cl)cc2)cc1,[ 0.4831513   0.65927935 -0.5855028  -0.3074588  -0.18279776]
Cc1nc(N)nc(N)c1-c1ccc(Br)cc1,[ 0.02804158  0.84569967 -0.80336136 -1.         -0.15151131]
CC(C)c1cccc(OC(=O)N(C)C)c1,[ 0.0387997   0.42503768 -0.72941893 -0.9347668   0.07267203]
O=C(CCl)CCl,[-0.10820854  0.8450345  -0.6935454  -0.24383625 -0.34728032]
CC(=O)N(C)C,[ 0.53227645  0.7077231  -0.84748787 -0.73795766 -0.6021621 ]
CCOC(=O)CCN(Cc1ccccc1)SN(C)C(=O)ON=C(C)SC,[-0.16915163  0.7791879  -0.88523686 -0.5147106  -0.03250661]
COc1ccc(-c2nc3c(NCCCNC(C)=O)c(Br)cnc3[nH]2)cc1,[ 0.17818555  0.84623206 -0.7623362  -0.5065141  -0.35298625]
Cc1nc(C(F)(F)F)ccc1C(=O)Nc1ccc(Cl)c(-c2ccccn2)c1,[-0.09826606 -0.23169225 -0.16362269 -1.         -0.1674426 ]
CN(C)CCCC1c2ccccc2Nc2ccc(Cl)cc21,[-0.11761531  0.8820593  -0.7540056  -0.82816154 -0.12888972]
BrC12CC3CC(CC(C3)C1)C2,[-0.21152687  0.5368861  -0.90843266 -0.95930254 -0.09214252]
CON=C(Cc1cccnc1)c1ccc(Cl)cc1Cl,[-0.37399128  0.9136626  -0.72927755 -0.63997597  0.38507956]
CCCCN(CCCC)SN(C)C(=O)ON=CC(C)(C)SC,[ 0.30005252  0.62087727  0.04632735 -0.16908635 -0.5437001 ]
CCOC(=O)Nc1ccc(NCc2ccc(F)cc2)cc1N,[-0.48797792  0.67842585 -0.6334455  -0.6369601  -0.3767695 ]
CC(=O)OCc1ccc(C(C)C)cc1,[ 0.0252192   0.80823296 -0.86972207 -0.69899845  0.52131194]
Cc1cn([C@H]2CCCN(S(=O)(=O)c3ccc(CO)c(Oc4cccc(Cl)c4)c3)C2)c(=O)[nH]c1=O,[-0.13582774 -0.35711044 -0.8088723  -0.638979   -0.31838402]
CC=C(C(=O)NC(N)=O)C(C)C,[ 0.3246706   0.7474919  -0.620539    0.74419224  0.08509681]
N#Cc1cccc(Cc2ncccn2)c1,[ 0.00547091  0.7879594  -0.6226735  -0.83063954 -0.37220475]
CC(C)(C)NC[C@H](O)COc1nsnc1N1CCOCC1,[-0.04086462  0.76422745 -0.22910397  0.16413736 -0.03121269]
CCOP(=O)(O)O,[ 0.05863837 -0.7340784  -0.81060004 -0.6721665  -0.13737303]
CCCCCCCCCCCCCCCCCC(=O)Cl,[ 0.27104837  0.7227896  -0.74012583 -1.         -0.36228278]
COc1ccc2c3c1OC1C(O)C=CC4C(C2)[N+](C)([O-])CCC341,[ 0.17222482  0.85787666 -0.7478382  -0.62611717 -0.23976801]
COC(=O)/C=C/CNC(=O)CN1C(=O)[C@@H](COC(=O)Nc2ccc(Cl)cc2C(F)(F)F)N=C(c2ccccc2)c2ccccc21,[-0.10817244  0.8237308  -0.817231   -0.7384658   0.6279693 ]
CCc1ccc2[nH]c(C(F)(F)F)nc2c1,[ 0.39777306 -0.26593488 -0.89260113 -0.6736651  -0.08299901]
CCCCC(CC)CNC1CCCCC1,[-0.17804442 -0.7774204  -0.80192524 -0.24133891 -0.377994  ]
CCCN(CCC)CCCCCCCCNC(=O)Oc1ccc2c(c1)C1(C)CCN(C)C1N2C,[-0.22358796  1.         -0.04370279 -0.24570456 -0.38877326]
Cc1ncsc1C,[-0.04674118  0.64885616 -1.         -0.869438    0.20475571]
C=C(C)C(=O)OCCOC(=O)C(=C)C,[ 0.14747213  0.24333793 -0.11683995 -0.9295845   0.05118717]
CC(=O)N(C)c1ccc(Nc2ncc3cc(-c4ccncc4)ccc3n2)cc1,[ 0.02027388  0.7750767  -1.         -0.8121836  -0.40288708]
OCCCCC(O)CO,[ 0.23274468  0.8008042  -0.7959061  -0.5935445   0.40736672]
CC(C)Nc1nc(Cl)nc(NC(C)C)n1,[ 0.58581764  0.8995362  -0.8613124  -0.32745656  0.05312726]
CN1[C@@H]2CC[C@@H]1CC(OC(=O)C(CO)c1ccccc1)C2,[-0.17174676 -0.35537764 -0.3020163   0.10778768 -0.02959849]
CNC(=O)Oc1ccccc1C1OCCO1,[-0.1950351   0.3378923  -0.39397368 -0.5869727  -0.26017419]
COc1ccc2ccc(=O)n(CCN3CCC(NCc4cc5c(cn4)OCCO5)CC3)c2n1,[ 0.26889852  0.23213989 -0.83094156 -0.64047    -0.05448363]
COc1c(OCc2ccc(-c3ccccc3-c3nnn[nH]3)cc2)cc(C)nc1C,[ 0.2562178  0.801423  -0.7612555 -0.735909  -0.3497022]
CON(C)C(=O)Nc1ccc(Cl)cc1,[ 0.00511131  0.6384618  -0.30392042 -0.9734158  -0.13962565]
COCCNCc1ccc(Nc2ncc3cc(-c4ccncc4)ccc3n2)cc1,[-0.08153843  0.7998946  -0.574214   -0.6866455  -0.3547754 ]
CC(Cl)(Cl)[N+](=O)[O-],[ 0.03125617  0.89653295 -0.6634809  -0.67022824 -0.18149425]
CC1CS(=O)(=O)CCN1N=Cc1ccc([N+](=O)[O-])o1,[ 0.43563166  0.7342908   0.24370098 -0.35540676 -0.11746153]
CC(C)(C)c1cc(O)ccc1O,[-0.10409895  0.70583093 -0.30586362  0.38687178  0.25430334]
CCON=C(CC)C1=C(O)CC(c2c(C)cc(C)cc2C)CC1=O,[-0.09954803  0.10365529 -0.5258109  -0.9888905  -0.11119535]
Oc1nc(-c2ccccc2)nc2ccccc12,[ 0.25256062  0.86396724 -1.         -0.7700547  -0.14596163]
CC[C@@H]1OC(=O)[C@@H](C)[C@H](O[C@@H]2C[C@](C)(OC)[C@H](O)[C@@H](C)O2)[C@H](C)[C@H](O[C@@H]2O[C@H](C)C[C@H](N(C)C)[C@H]2O)[C@@](C)(O)C[C@@H](C)/C(=N\OCOCCOC)[C@H](C)[C@@H](O)[C@@]1(C)O,[ 0.29803434  0.77501726 -0.5443875   0.6978774  -0.2659329 ]
CCCCCCCC=CC=O,[ 0.16668794  0.86665606 -0.8853219  -0.9427013   0.02764117]
CC(C)(C(=O)O)S(C)(=O)=O,[ 0.46439856  0.5606558  -0.53470916  0.18566518  0.26010576]
CCc1nc(N)nc(N)c1-c1ccccc1,[ 0.46405584  0.46146876 -0.7969861  -0.81534314 -0.4238146 ]
C[C@H](CO)Nc1nc(SCc2cccc(F)c2F)nc2nc(N)cnc12,[ 0.2601007   0.32406384 -0.7552449  -0.89244455 -0.22676656]
CC(=O)Nc1ccc(CNc2[nH]nc3ccnc(Oc4ccccc4)c23)cc1,[ 0.42640656 -0.00572842 -0.7413473  -0.72217405 -0.1524152 ]
CCCS,[ 0.2990883   0.9629167  -0.8802179  -0.43391052 -0.12508887]
CNC(=O)Oc1ccc(Cl)c2c1OC(C)(C)C2,[-0.4706783  -0.10680343  0.2913906  -1.         -0.29334855]
C[C@@H](NC(=O)C1CCCCN1C)c1ccc(Nc2ncc3cc(-c4ccncc4)ccc3n2)cc1,[ 0.01162856  0.94036    -0.95067203 -0.6427821   0.05380184]
CCOc1ccccc1C(=O)NN=C(C)C(=O)O,[ 0.3577715   0.82019717 -0.92789954 -0.5804649  -0.1222995 ]
COc1ccccc1NC(=O)CC(C)=O,[-0.47031516  0.51193434 -0.87811583 -0.73002017 -0.2460863 ]
CCC(C)OP(=S)(OC)OC,[-0.12445468  0.8601638  -0.7829397  -0.7136125  -0.24769789]
FCOC(C(F)(F)F)C(F)(F)F,[ 0.13014792  0.84484106 -0.8345107   0.17599547  0.0226988 ]
CSCC(=O)N(C)C(=O)Oc1ccccc1OC(C)C,[-0.0275241   0.64911556 -0.79443645 -0.8511122  -0.5372616 ]
C=CC(=O)N(C)C,[ 0.34222123  0.2578367   0.07730174 -0.61591935 -0.19218524]
NCCCNCCSP(=O)(O)O,[ 0.51958734 -0.39930984 -0.8113718  -0.60066736 -0.00275689]
CCCCCCCCc1ccccc1O,[ 0.33381817  0.3309614  -0.86525255 -0.38481927 -0.29371125]
C=CC(=O)OCCOCCOC(=O)C=C,[ 0.29871696  0.7186778   0.1250551  -0.7067381  -0.2210153 ]
O=C1CC(N2C(=O)c3ccccc3C2=O)C(=O)N1,[-0.27482894 -0.03268465 -0.288523   -0.9389645  -0.11334398]
COc1cc(Nc2nc(N[C@@H](C)c3ncc(F)cn3)ncc2Br)n[nH]1,[ 0.48300013  0.6854065   0.0666244  -0.5864034  -0.5592349 ]
COCCN(c1cccnc1)P(=O)(c1ccccc1)c1ccccc1,[ 0.42776445  0.50908494 -0.8430592   0.06830303 -0.38021228]
C/C=C/CC(C)C(O)C1C(=O)NC(CC)C(=O)N(C)CC(=O)N(C)C(CC(C)C)C(=O)NC(C(C)C)C(=O)N(C)C(CC(C)C)C(=O)NC(C)C(=O)NC(C)C(=O)N(C)C(CC(C)C)C(=O)N(C)C(CC(C)C)C(=O)N(C)C(C(C)C)C(=O)N1C,[ 0.25436655  0.85886693 -0.75925165 -0.84680253 -0.09363151]
O=C1c2cccc(S(=O)(=O)O)c2C(=O)c2c1cccc2S(=O)(=O)O,[ 0.46483833  0.5992806  -0.7511907  -0.83141583 -0.15122563]
CN(c1ccc(F)cc1F)c1c([N+](=O)[O-])cc([N+](=O)[O-])cc1C(F)(F)F,[ 0.0068069   0.8711123   0.03244238 -0.3628823   0.5409125 ]
CNC(=O)OCc1cccc(COC(=O)NC)n1,[ 0.16010715  0.77529573 -0.47769886 -0.0114828   0.07990312]
CCCc1c(OCc2cccn3c(=O)c(CCC(=O)O)cnc23)ccc(C(C)=O)c1O,[ 0.23254415 -0.44905967 -0.46969327 -0.78442246 -0.14358118]
CC(=O)OC12COC1CC(O)C1(C)C(=O)C(O)C3=C(C)C(OC(=O)C(O)C(NC(=O)OC(C)(C)C)c4ccccc4)CC(O)(C(OC(=O)c4ccccc4)C21)C3(C)C,[-0.17752364  0.50390863 -1.         -0.765099   -0.32579854]
CC(=O)OC(C(=O)NC(N)=O)c1ccccc1,[-0.08786425  0.00556571 -0.30478278  0.29663733  0.8690286 ]
O=C(CCc1ccccc1)OC1=C(OC(=O)CCc2ccccc2)C(=O)OC1=O,[-0.05780995  0.7356574  -0.7464293  -0.492296    0.5322877 ]
O=C(Nc1ccccc1-c1ccccc1)OC1CCN(CCCCCCCCCNC[C@H](O)c2ccc(O)c3[nH]c(=O)ccc23)CC1,[-0.39603037  0.8462872  -0.8087961  -0.97117    -0.27421674]
O=[N+]([O-])c1ccc(O)c(CNCCO)c1,[ 0.323007    0.9304587  -0.9028061  -0.26222834 -0.23458107]
COc1ccc(CC2NCC(O)C2OC(C)=O)cc1,[ 0.08121152  0.844529   -0.7965441  -0.594297   -0.24548636]
Clc1ccc(C(OCCN2CCCCC2)c2ccccc2)cc1,[-0.3680113   0.94419456 -0.7028884  -0.7616153  -0.2635066 ]
O=c1[nH]c2ccccc2n1CCCN1CCN(C(c2ccccc2)c2ccccc2)CC1,[ 0.5543475   0.7706478   0.25733387 -0.48548707 -0.00889284]
Cc1cc(-n2cccc2)c(S(C)(=O)=O)cc1C(=O)NC(=N)N,[ 0.30504927  0.73879176 -0.85829985  0.32723588 -0.35706344]
CCCNC(=O)[N-]S(=O)(=O)c1ccc(Cl)cc1,[-0.0013069   0.9104074  -0.02354817 -0.00793228 -0.38397822]
O=C(Oc1ccccc1)n1c(C(F)(F)F)nc2cc(Cl)c(Cl)cc21,[-0.00551222  0.93511903 -0.58878237  0.0415392  -0.31381604]
CCOC(C1=NCCCN1)c1c(Cl)cccc1Cl,[ 0.5570068   0.6890619  -0.7835324  -0.5364842   0.01309939]
CC(C)CCC(C)Nc1ccc(Nc2ccccc2)cc1,[-0.13336384  0.5494408  -0.63975805 -1.         -0.21192743]
CCNc1nc(NC(C)C(C)C)nc(SC)n1,[ 0.45355335  0.8290753  -0.95095223 -0.70267326 -0.31882674]
CC(=O)OCCOCCOCCOC(C)=O,[ 0.21112339  0.66980445  0.72507864 -0.32825965  0.05933922]
COc1cc2ncc(C(N)=O)c(Nc3cccc(Cl)c3Cl)c2cc1N1CCN(C)CC1,[ 0.02769719  0.630497   -1.         -0.9076129  -0.21590501]
CC(C)(C)CC(=O)Nc1c(F)cc(C(=O)Nc2nccs2)cc1F,[ 0.40372723  0.7512761   0.6077592  -0.19348945 -0.42551717]
O=c1c(Cl)c(Cl)cnn1-c1ccccc1,[ 0.36934122  1.         -0.74110484 -0.1929745  -0.04934918]
CCCCOC(C)OCCCC,[-0.3028255   0.8185119  -0.10146984 -0.8582285  -0.12240686]
Nc1ccc(S(=O)(=O)O)c2cccc(O)c12,[-0.06492167  0.64908147 -0.99615693 -0.95669717  0.619149  ]
CN[C@H](CC(C)C)C(=O)N[C@H]1C(=O)N[C@@H](CC(N)=O)C(=O)N[C@H]2C(=O)N[C@H]3C(=O)N[C@H](C(=O)N[C@H](C(=O)O)c4cc(O)cc(O)c4-c4cc3ccc4O)[C@H](O)c3ccc(c(Cl)c3)Oc3cc2cc(c3O[C@@H]2O[C@H](CO)[C@@H](O)[C@H](O)[C@H]2O[C@H]2C[C@](C)(N)[C@H](O)[C@H](C)O2)Oc2ccc(cc2Cl)[C@H]1O,[ 0.17355174  0.90598464 -0.8082375  -0.48999748  0.21046825]
CCCCOCC1CO1,[-0.30781204  0.47606295 -0.9699609  -0.88803893 -0.12189553]
CSc1ccc(C(=O)c2[nH]c(=O)[nH]c2C)cc1,[ 0.24367405 -0.4056739  -0.7140295  -0.7943787   0.22060233]
CN(CC#N)N=O,[ 0.03168976  0.8203044  -0.80193037 -0.8393082  -0.31141526]
O=C(/C=C/c1ccccc1)NCCO,[-0.69762015  0.76251984 -0.730591   -0.6171911  -0.06010153]
CC(C)c1cc(Oc2ccccc2)cc(C(C)C)c1NC(=S)NC(C)(C)C,[ 0.28463456  0.75758064 -0.8035255  -0.43231627  0.1277013 ]
CN(C)CCOc1cc(NS(=O)(=O)c2c(Cl)cc(C(F)(F)F)cc2Cl)ccc1Cl,[ 0.0747734   0.7782772  -0.59366935 -0.43868417 -0.2160078 ]
Cc1cc(Cl)ccc1OCC(=O)O,[ 0.16971153  0.8739577  -0.8136614  -0.7696838   0.15985845]
O=C([O-])CCCc1ccc(N(CCCl)CCCl)cc1,[ 0.33577144  0.7660059  -0.6190768  -0.6768525  -0.2813475 ]
Cc1ccc(-c2ccccc2)cc1,[ 0.13889842  0.555214   -0.77426034 -0.9312003  -0.11488333]
CC(=O)NCCCS(=O)(=O)[O-],[ 0.334977    0.9166266  -0.59321153 -0.62394685 -0.20713302]
CNc1c(C(N)=O)cnc2[nH]c(-c3ccc(OCCN4CCOCC4)cc3)nc12,[ 0.19643027  0.7428905  -0.99238884 -0.80536354  0.82014525]
O=C1C(Cl)C(CCl)CN1c1cccc(C(F)(F)F)c1,[ 0.24080068  0.849211   -0.69421494  0.12919772  0.15484068]
O=C(Cl)CCl,[ 0.38037527  0.7769998  -0.99518466 -0.7638531  -0.11840754]
COc1cc2c(cc1OC)C(Cc1cc(OC)c(OC)c(OC)c1)[N+](C)(CCCOC(=O)CC/C=C\CCC(=O)OCCC[N+]1(C)CCc3cc(OC)c(OC)cc3C1Cc1cc(OC)c(OC)c(OC)c1)CC2,[ 0.48458245  0.8721693  -0.8227945  -0.6181545  -0.13771096]
Cc1c(Sc2ccc(Cl)cc2)c2c(-c3ccccc3)cccc2n1CC(=O)O,[ 0.6233848   1.         -0.39624912 -0.7233003  -0.29982233]
C[C@@H]1O[C@@H](O[C@H]2[C@H](Oc3cc(O)c4c(c3)O[C@H](c3ccc(O)cc3)CC4=O)O[C@H](CO)[C@@H](O)[C@@H]2O)[C@H](O)[C@H](O)[C@H]1O,[ 0.41893557  0.838607   -0.7418737   0.6280673  -0.22759946]
CC(C)NC(=O)c1cnc(N2CCC(N3C(=O)OCc4ccccc43)CC2)c(Cl)c1,[-0.7367124   0.9169722  -0.8684271  -0.6399676  -0.30825874]
C[NH+](C)CCC(c1ccc(Cl)cc1)c1ccccn1,[ 0.5865462   1.         -0.7202082  -0.78134876  0.20621265]
CCCCC(C)(C)CO,[ 0.34365994  0.7269429  -0.80353105 -0.4405172   0.2847903 ]
CC(C)[C@H](C(=O)Nc1nccs1)c1ccc(Cl)cc1,[ 0.5733615   0.18104616 -0.78178805  0.2018806  -0.00942761]
CN1CCN(CCCN2c3ccccc3Sc3ccc(Cl)cc32)CC1,[-0.13394657  0.4990127  -0.60554135 -0.13453501 -0.2647576 ]
O=C(CSc1nc2c(c(=O)n1-c1ccccc1)SCC2)Nc1ncc(-c2ccccc2)s1,[ 0.24537696  0.9341534  -0.9305539  -0.5710433  -0.17285846]
CN(CCOc1ccc(CC2SC(=O)NC2=O)cc1)c1ccccn1,[-0.7152202   0.6557194   0.6145412  -0.4857171   0.26437828]
CCOP(=S)(OCC)Oc1cccc(F)n1,[ 0.10146544  0.9086595  -0.69463986 -0.6762053   0.53675795]
CCOP(=S)(Oc1cccc2cccnc12)c1ccccc1,[ 0.12719236  0.9190744  -0.84122235 -0.45631418  0.23376277]
Cc1ccc(S(=O)(=O)N(C)C(=O)N2CCC(N3CCC(Oc4ccc(Cl)c(Cl)c4)CC3)CC2)cc1,[ 0.03497824 -0.61985433 -0.71828485 -0.9790593   0.01852954]
CC(=O)c1ccc2c(c1)N1C(=O)OCC1CC2,[ 0.39126074  0.23290281 -1.         -0.8984228   0.6987523 ]
CCC(C)(C)OC(=O)Nc1ccco1,[ 0.6288111   0.55226564 -0.84844714  0.08918947 -0.1162577 ]
COc1ccc2ncc(=O)n(CCN3CC[C@@H](NCc4cc5c(cn4)OCCO5)[C@H](O)C3)c2c1,[ 0.11880766  0.5259586  -0.83005965 -0.86837316  0.11074797]
CC(=O)Oc1cc(C(F)(F)F)ccc1C(=O)O,[ 0.6394895   0.7425248  -0.8575981  -0.18348499  0.00969852]
COC(=O)c1ccccc1,[ 0.30580458  1.         -0.61038655 -0.77188396 -0.04025152]
CC1CS1,[ 0.1873958   0.98257774 -0.9228504  -0.99470687 -0.09569578]
C=CCOc1ccccc1C(N)=O,[ 0.18872242  0.6025671  -0.7288701  -0.8226925  -0.32773587]
Cc1ccc2nc(C[N+]34CCC(CC3)[C@@H](OC(=O)[C@](C)(c3ccccc3)N3CCCCC3)C4)oc2c1,[ 0.9317565   0.6694888  -0.94431    -0.41919115 -0.8292286 ]
Nc1cc(Cl)ccc1O,[-0.11219557  0.38930267 -0.38347778 -0.14085723 -0.46822459]
O=C(OCC1CO1)c1ccccc1C(=O)OCC1CO1,[ 1.         -0.13187557 -0.973366    0.04033071  0.12213549]
CC(C)CCCC1CCC(C)(C(=O)NCC(=O)O)CC1,[ 0.5413393  -0.39041314 -0.5065363  -0.95856494 -0.41518322]
CCCCCc1ccccc1O,[ 0.50843173  0.8865109  -0.9532825  -0.6217176  -0.28078493]
COCCOP(=O)(OCCOC)OCCOC,[-0.40231305  0.91185707 -0.62663287 -0.61191225 -0.1819106 ]
COP(=S)(OC)Oc1ccc(C#N)cc1,[ 0.20176771 -0.44852924 -0.7256729  -0.71356833  0.00635432]
NCCCC[C@H](N[C@@H](CCc1ccccc1)C(=O)O)C(=O)N1CCC[C@@H]1C(=O)O,[-0.36390436  0.1267659  -0.853486   -0.6659677  -0.32126874]
NC(=O)Nc1cccc2c3c([nH]c12)CCCC3,[ 0.5120319   0.35624275 -0.7413906  -0.1864479   0.01125313]
COC(=O)c1c(Cl)cccc1-c1cnc([C@@H](C)NC(=O)C2(NC(=O)C(F)(F)F)CC2)c(F)c1,[ 0.12582369  0.5528031  -0.873108   -0.78951156 -0.44143933]
C=CCN(C(=O)Cn1nc(C)ccc1=O)C(C)Cc1ccccc1,[ 0.15306993  0.7454629  -0.990895   -0.69470304 -0.36442062]
NC(=O)CCCCC1CCSS1,[-0.26177123 -0.3459737  -0.93767715 -0.5967311  -0.24593367]
SCCc1cnccn1,[ 0.20385823  0.63300496 -0.87563044 -0.03231988  0.31651115]
COc1ccc(CC2c3cc(OC)c(OC)cc3CCN2C)cc1OC,[ 0.34559134  0.90106344 -0.6462564  -0.81651473  0.05368752]
CSCCC([NH3+])C(=O)NC1(C(=O)[O-])CS(=O)(=O)C2C(C(=O)[O-])C21,[ 0.23045255  0.61218035 -0.40334803 -0.925432   -0.33048144]
O=C(NCC12CC3CC(CC(C3)C1)C2)c1cc(-n2ncc(=O)[nH]c2=O)ccc1Cl,[ 0.16658466  0.9135889  -0.6185898  -0.7357306  -0.06487002]
CCCCOc1ccccc1NC(C)=O,[-0.20952727 -0.5696907  -0.19142094 -0.9400779   0.35213065]
CC1(C)SCN(C(=O)C2(Oc3ccc(Cl)cc3)CCCCC2)C1C(=O)O,[ 0.07805466 -0.06822043 -0.67080265 -0.69779694 -0.38334164]
C[C@H](CO)Nc1nc(SCc2ccccc2F)nc2[nH]c(=O)sc12,[ 0.08214176  0.8114994  -0.17580147 -0.25013426  0.03070746]
CC1=NN(c2ccccc2)C(=O)C1,[-0.00296143  0.84006023 -0.07825235 -0.68856364 -0.40062216]
CCN(CC)c1c([N+](=O)[O-])cc(C(F)(F)F)c(N)c1[N+](=O)[O-],[ 0.09263258  0.6485915  -0.5834005  -0.97525215 -0.2177791 ]
C[C@@H]1NC(=O)[C@@H](C)NC(=O)[C@H](C)N(C)C(=O)[C@@H](C)N(C)C(=O)[C@@H](C)NC(=O)[C@H](C)N(C)C1=O,[-0.4984964   0.97846454 -0.5992281  -0.8412998   0.42117882]
C1CCC2CCCCC2C1,[ 0.08141274  0.7125453  -0.70118755 -0.81153023  0.26148155]
C[C@@H](O)[C@H]1C(=O)N2C(C(=O)O)=C(SCCNC=N)C[C@H]12,[ 0.39754206 -0.11267783 -0.76827735 -0.97122467 -0.40959966]
CN(C)S(=O)(=O)N(SC(F)(Cl)Cl)c1ccccc1,[ 0.20916924 -0.87845635 -0.7435049  -0.45905483  0.36957344]
C=CC1=C(C)/C(=C\c2[nH]c(Cc3[nH]c(/C=C4/NC(=O)C(C)=C4C=C)c(C)c3CCC(=O)O)c(CCC(=O)O)c2C)NC1=O,[-0.21899721  0.66316414 -0.49305528 -0.8544866  -0.29175815]
Oc1ccc(O)cc1,[ 0.2775689   0.82434964 -0.5812363   0.05154227 -0.11729348]
CCCCOC(=O)c1ccc(-n2nc(OCCN3CCCCC3)c3ccccc32)cc1,[-0.19496717  1.         -0.6983518  -0.8891271   0.61370087]
CNC(=O)c1cccc2c(Nc3ccc(NS(C)(=O)=O)cc3OC)c3cccc(C)c3[nH+]c12,[ 0.3358331   0.7992053  -0.6787062  -0.13136134 -0.26764414]
c1cc(-c2ccc3nc(Nc4ccc(OCCN5CCCC5)cc4)ncc3c2)ccn1,[ 0.60668015  0.88366944 -0.7303089  -0.5284509   0.257616  ]
COc1ccc2ncc(=O)n(CCN3CC[C@@H](NCc4ccc5c(n4)NC(=O)CO5)[C@@H](F)C3)c2c1,[ 0.10309663  0.8343329  -0.28909445 -0.6861051  -0.28765902]
C[C@@H]1O[C@@H](O[C@H]2[C@@H](O)C[C@H](O[C@H]3C[C@](O)(C(=O)CO)Cc4c(O)c5c(c(O)c43)C(=O)c3ccccc3C5=O)O[C@H]2C)C[C@H](N)[C@@H]1O,[-0.10378574  0.68004775  0.45011294 -0.5110724  -0.42086792]
Nc1nc2ccc(OC(F)(F)F)cc2s1,[-0.22374839 -0.99923116 -0.785276   -0.13354474 -0.0455788 ]
CCCc1nn(C)c2c(=O)[nH]c(-c3cc(S(=O)(=O)N4CCN(C)CC4)ccc3OCC)nc12,[ 0.3389169   1.         -0.65008396  0.0935824  -0.21518117]
Cc1cc(C)c(C)cc1C,[ 0.37527263  1.         -0.89501476 -0.62741053 -0.191275  ]
CCC(O)CO,[ 0.01107271  0.71018803 -0.8586012  -0.34772578 -0.17439699]
Cc1c(F)cc(C(=O)NC2CC2)cc1-c1ccc(C(=O)NCC(C)(C)C)cn1,[-0.01491298  0.365589   -0.68091786 -0.5960118   0.871488  ]
CCCCCCCCCCCC(=O)OCC(O)C1OCC(O)C1O,[ 0.2606185   0.5048385  -0.72968346 -0.1643764   0.01554761]
C=CC[NH+]1CCCC1CNC(=O)c1cc2n[nH]nc2cc1OC,[0.30218276 0.4842949  0.32739732 0.02767416 0.5220043 ]
CC(C)CNC(=O)NS(=O)(=O)c1ccc(Cl)cc1,[-0.3428394   0.77296114 -0.7427969  -0.47209913 -0.42672715]
O=C(CCl)OC1=C(OC(=O)CCl)C(=O)OC1=O,[ 0.20807342  1.         -0.7293835  -0.85605687  0.07891392]
O=[N+]([O-])c1ccccc1Cl,[-0.04821619  0.93675345 -0.8312563  -0.6621272   0.13863935]
CS(=O)(=O)c1nc(-c2ccc(F)cc2)n(-c2ccc(Cl)cc2)n1,[ 0.10968278  0.8120896  -0.53145605 -1.         -0.3780502 ]
CN(C)NC(=O)CCC(=O)O,[ 0.00829949  0.28460547 -0.72345287 -0.9232118  -0.14600506]
Cc1ccc(N=C=O)cc1,[ 0.49234048  0.34012058 -0.78687465 -0.4395568   0.78005826]
CCCCSN(C)C(=O)Oc1cccc2c1OC(C)(C)C2,[ 0.38762265  0.79559624 -0.44648686 -0.63771373 -0.0472199 ]
CNC(=O)[C@@H]1Cc2cn(cn2)CC(=O)N2CCC[C@H]2C(=O)N[C@@H](C)C(=O)N1C,[ 0.43053433  0.6126993  -0.75387645 -0.8497719   0.11606895]
CN(C)C(Cc1ccccc1)c1ccccc1,[ 0.58564824  0.8542767  -0.95766175 -0.9853467  -0.62165123]
COP(=S)(OC)Oc1ccc(C#N)cc1C,[-0.02766305  0.75208855 -0.6021575  -0.40388617  0.07378113]
CCOP(=S)(OCC)SCC(=O)N(CCC#N)c1ccccc1,[ 0.34323245  1.         -1.         -1.          0.21027595]
C1COCCOCCNCCOCCOCCN1,[-0.25185296  0.84207577 -0.39201006 -0.6739059   0.07660102]
C=CC(=O)OC1CC2CCC1C2,[-0.05669867 -0.6097035  -0.6446119  -0.619755    0.09522103]
CC(C)CCCCCN(CCCCCC(C)C)CCCCCC(C)C,[ 0.38220212  1.          0.42505133 -0.8663813   0.02483445]
Cc1ncc(CS)c(CO)c1O,[-0.28916338  0.49998975 -0.8566492  -0.8703007  -0.05037014]
N#Cc1c(-c2ccc(-c3ccncc3Cl)cc2)nc2ccncc2c1O,[ 0.24763075  0.7550282  -0.8127394  -0.7496082   0.20248528]
Cc1cc(OC(=O)N(C)C)n(C(C)C)n1,[-0.28839839  0.84998393 -0.47804734  0.28358674  0.511729  ]
Clc1nc(Cl)nc(Cl)n1,[-0.25225532 -0.01978718 -0.97362405 -0.8108976   0.3613522 ]
Cc1c(OCC(F)(F)F)ccnc1C[S+]([O-])c1nc2ccccc2[nH]1,[ 0.41837013  0.70433575 -0.5920815  -0.6743354   0.17946748]
CCNC(=S)NCC,[ 0.787357    0.75321734 -0.7386778  -0.30145878 -0.59303135]
Oc1c(Cl)c(Cl)cc2[nH]c(C(F)(F)F)nc12,[ 0.24915193  0.8600173  -0.87668985 -0.9013723   0.22972284]
CCCP(=O)(CCC)CCC,[ 0.22766717  0.8470023  -0.602091   -0.8057093  -0.22235496]
CC(=O)[C@H]1CC[C@H]2[C@@H]3CC[C@@H]4C[C@H](O)CC[C@]4(C)[C@H]3CC[C@]12C,[-0.30475992  1.         -0.92321426 -0.95361876 -0.31162724]
COc1ccc(NC(=O)CF)cc1,[ 0.24620052  0.6839281  -0.6499534  -0.7316983  -0.11557277]
CCS(=O)(=O)c1ccc(-c2cc(Cl)ccc2OCC(=O)O)cc1,[-0.5084217   0.9397916   0.0236844  -0.80154264  0.27889326]
N=C(NN=Cc1ccc(Cl)cc1)NN=Cc1ccc(Cl)cc1,[ 0.10689679 -0.44847918 -0.2605506  -0.64422154 -0.28680027]
CO[C@@H]1C=CO[C@@]2(C)Oc3c(C)c(O)c4c(c3C2=O)C(=O)/C(=C\NN2CCN(C)CC2)C(=C4O)NC(=O)C(C)=CC=C[C@@H](C)[C@H](O)[C@H](C)[C@H](O)[C@@H](C)[C@@H](OC(C)=O)[C@@H]1C,[ 0.4416539   0.87316453 -0.7459977  -0.65598166  0.77121985]
O=C(Oc1ccccc1)c1ccccc1C(=O)Oc1ccccc1,[ 0.24008445  0.0240014  -0.813322   -1.          0.05359632]
COC(=O)c1cc([N+](=O)[O-])ccc1Cl,[ 0.41157472  0.86115205 -0.76669705 -0.8693052  -0.1374777 ]
COCc1c(C(C)C)nc(C(C)C)c(/C=C/[C@@H](O)C[C@@H](O)CC(=O)O)c1-c1ccc(F)cc1,[ 0.49691758  0.7499035  -0.9912009  -0.84440535 -0.05734406]
C[C@@H]1NC(=O)[C@H](C)N(C)C(=O)[C@@H](C)N(C)C(=O)[C@H](C)NC(=O)[C@@H](C)NC(=O)[C@@H](C)N(C)C1=O,[ 0.2770681   0.7344097  -0.6743087  -0.5505446   0.07735024]
O=[N+]([O-])c1cccc(O)c1,[-0.0849791   0.28166336 -0.90475196 -0.73523253  0.2172235 ]
CCCCCCCCCCCCNC(N)=S,[ 0.10384391  0.861337   -1.         -0.1436584   0.5124166 ]
COc1cc2nc(N3CCN(C(=O)C(C)OC)CC3)nc(N)c2cc1OC,[ 0.19511004  0.93886274 -0.73713624 -0.70056593  0.31904468]
CC(C)Oc1ccc2c(=O)c(-c3ccccc3)coc2c1,[-0.13727482  0.80359167 -0.44584078 -1.          0.19117588]
Cc1cc(Nc2nc(N[C@@H](C)c3ccc(F)cn3)c(C#N)cc2F)n[nH]1,[ 0.3283342   0.3436627  -0.8441001  -0.59387904 -0.70279694]
CC(O)COC(C)CP(CC(C)OCC(C)O)CC(C)OCC(C)O,[-0.12821116  0.89913803 -0.8211656  -0.87414926  0.08063022]
C(=NC1CCCCC1)=NC1CCCCC1,[-0.07265402 -0.67966354 -0.7515806  -0.7727682  -0.18676454]
C#CCc1ccc(COC(=O)C2C(C=C(C)C)C2(C)C)o1,[ 0.26022866  0.09435831 -0.5559514  -0.73564553  0.1059575 ]
C#CCN1C(=O)CN=C(c2ccccc2)c2cc([N+](=O)[O-])ccc21,[ 0.1595004   0.8956194  -0.75829667 -0.8011537  -0.32838675]
COP(=O)(OC)ON1C(=O)c2cccc3cccc(c23)C1=O,[ 0.06786498  0.43031532 -0.9065547  -0.17359918  0.22613688]
CON=C(C(=O)NC1C(=O)N2C(C(=O)O)=C(COC(N)=O)CSC12)c1ccco1,[-0.10275702  0.7302467  -0.99143547 -0.8598256  -0.06195642]
CCOP(=S)(OCC)OC(=CCl)c1ccc(Cl)cc1Cl,[-0.43350935 -0.4224437  -0.2768785   0.30107585  0.18803588]
CN(C)c1ccc(N=Nc2ccccc2)cc1,[ 0.09138423  0.690596   -1.         -0.7327636  -0.24487844]
COc1cc(-c2cc(=O)c3c(O)cc(O)cc3o2)cc(O)c1OC,[ 0.26036564 -0.23489197 -0.8461174  -0.72848016  0.05029339]
O=C1CCc2cc(C=CCN3CCN(c4ccc(Cl)cc4)CC3)ccc2N1,[ 0.34639505  0.34369752 -0.647661   -0.9659364  -0.29879755]
C[C@@H]1NC(=O)[C@H](C)N(C)C(=O)[C@@H](C)NC(=O)[C@H](C)N(C)C(=O)[C@@H](C)N(C)C(=O)[C@@H](C)NC1=O,[-0.19993061  0.3756979  -0.9653644  -0.8804055  -0.32124615]
O=C(c1ccc(Cl)cc1)c1ccccc1-c1ncc[nH]1,[-0.23790172  0.8924807  -0.51099104 -0.71399236 -0.38041463]
Brc1ccc2[nH]cc(CC3CCNCC3)c2c1,[ 0.19738957  0.86583245 -0.8199268  -0.7747585   0.06409413]
COC(C)COC(C)COC(C)CO,[ 0.5019376   0.4203835  -0.90064865 -0.22598618  0.12409738]
CCCNC(=N)C(OCC)c1ccccc1,[ 0.4076685   1.         -0.8533688  -0.5038985   0.15488969]
O=C(CCCN1CCC(O)(c2cccc(C(F)(F)F)c2)CC1)c1ccc(F)cc1,[ 0.36605734  0.7105781  -0.8734513  -0.63375086 -0.24309145]
CCC1(CC)C(=O)NCC(C)C1=O,[ 0.80850863 -0.9067092  -0.3870839  -0.30829978  0.15329026]
C#CC(C)(O)C(O)c1ccccc1,[ 0.04594251  0.75541764 -0.7871383  -0.270587    0.0303444 ]
OC1(c2ccc(Cl)c(C(F)(F)F)c2)CCN(CCCC(c2ccc(F)cc2)c2ccc(F)cc2)CC1,[-0.04795538  0.5640973  -0.86543334 -0.88005674  0.2630704 ]
ClC(=NNc1c(Cl)cc(Cl)cc1Cl)c1ccccc1,[ 0.16212563  1.         -0.82033116 -0.698978    0.43040606]
Nc1ccc(F)c(F)c1F,[-0.369957   0.7035989 -0.6084614 -1.         0.7725687]
CCC(C)CCCCC(=O)NC(CCN)C(=O)NC(C(=O)NC(CCN)C(=O)NC1CCNC(=O)C(C(C)O)NC(=O)C(CCN)NC(=O)C(CCN)NC(=O)C(C(C)O)NC(=O)C(CC(C)C)NC(=O)C(CCN)NC1=O)C(C)O,[ 0.54754454  0.57412946 -0.7410187  -0.6494083  -0.09772722]
O=c1oc(-c2ccccc2)nc2ccccc12,[ 0.15931143  0.88554114 -0.86830175 -0.792402    0.47573555]
CNC(=O)CSP(C)(=S)OC,[ 0.44454062  0.59648705 -0.29336014 -0.12131774 -0.02756717]
O=C1OCC2C1C1(Cl)C(Cl)=C(Cl)C2(Cl)C1(Cl)Cl,[ 0.19308268  0.6790313  -0.8142891  -0.6301472   0.6135552 ]
Cc1ccc(CO)cc1N(C)c1ccnc(Nc2cc(N3CCCOCC3)cc(N3CCOCC3)c2)n1,[ 0.5708691   0.8461685  -0.862323   -0.968063   -0.12475316]
CC(COc1ccc(Cl)cc1Cl)C(=O)O,[ 0.04300951  0.9078134  -0.89810735 -0.75422806  0.40729442]
CCOc1ccc([C@@H](C)Nc2nc(N3CCN(C(C)=O)CC3)nc3c2CN(C(C)C)C3=O)cc1,[ 0.14613613  0.19846119 -0.40065578 -0.6018847  -0.37144873]
FC(F)(F)c1nc2cc(Br)c(Cl)cc2[nH]1,[ 0.00991712  0.9046547  -0.75221986 -0.25300637  0.23425461]
OCCOc1cc(Cl)c(Cl)cc1Cl,[-0.24865863  0.89512646 -0.70273525 -0.37133026 -0.18063878]
NCC(O)CO,[ 0.29477316  0.6877561  -0.9607965  -0.7065541   0.15687779]
ClC(Cl)(Cl)c1cccc(C(Cl)(Cl)Cl)c1,[ 0.09607843  0.9270648  -0.8082484  -0.9480189   0.23601805]
c1ccc2[nH]c(-c3cscn3)nc2c1,[ 0.3252646  0.871612  -0.6041182 -0.5851029  0.3229419]
C=COC(=O)CCCCC(=O)OC,[ 0.28064156 -0.5387736  -0.7724665  -0.4033148   0.9303921 ]
C[Si](C)(Cl)Cl,[ 0.53124446  0.83864605 -0.66227394 -0.84821093 -0.40795493]
O=NN1CCCCC1,[-0.28594437  0.99561733 -0.87179524 -0.5243734   0.09759872]
CN(C)N(C)N=O,[-0.16225249  0.7763875  -0.8362448  -0.86459976  0.4448721 ]
CC(C)CCI,[ 0.42504123  0.9350431  -0.66172856 -0.61504376 -0.06923901]
C=CCNC(=S)Nc1ccccc1,[ 0.36374807 -0.72093606 -0.776125   -0.4335568  -0.112423  ]
CCN1C(=O)C=CC1=O,[-0.03388714  0.5155288  -0.92361194 -0.6303693   0.10570978]
Cc1ccc2c(c1)c(Sc1cccc(Cl)c1)c(C)n2CC(=O)O,[ 0.05966492  0.5252402  -0.68529886 -0.39615083 -0.2022486 ]
C/C([O-])=C(\C#N)C(=O)Nc1ccc(C(F)(F)F)cc1,[ 0.48915944  0.4567416  -0.5384219  -0.6535039  -0.06593744]
Cc1cc(C)c(N)c(C)c1,[ 0.52534086 -0.02287048 -0.95408845 -1.         -0.35828662]
Cc1ccc(C(=O)N(CCCN)[C@@H](c2nc3cc(Cl)ccc3c(=O)n2Cc2ccccc2)C(C)C)cc1,[ 0.21478292  0.6610077   0.57802725 -0.6559936  -0.2893007 ]
CC(=O)CCC(C)=O,[-0.15069193  0.85603184 -0.6892729  -0.92725676 -0.62546456]
COc1c2ccoc2c(OCC2OC2(C)C)c2oc(=O)ccc12,[ 0.3827938   0.9323117   0.15950845 -0.86459947  0.6002355 ]
Nc1nc(O)c2ncn(COCCO)c2n1,[ 0.3465005   0.7560644  -0.58695996 -0.99634653 -0.44970566]
CCOP(=S)(OCC)SCSCc1ccccc1,[-0.06832085  0.87044996 -0.77254415 -0.93846375  0.06599872]
CC(=O)c1c(C)c2cnc(Nc3ccc(N4CCNCC4)cn3)nc2n(C2CCCC2)c1=O,[-0.24663419  1.         -0.19196029 -0.60739005  0.37940046]
Cc1c(OCC(F)(F)F)ccnc1CS(=O)c1nc2ccccc2[nH]1,[ 0.1655827   0.80198437 -0.91853064 -0.96335614 -0.24404134]
Cc1ncccc1Oc1ncnc(OC2CCN(C(=O)OC(C)C)CC2)c1C,[ 0.07983655  0.79419476 -0.8288819  -0.69770086 -0.5227516 ]
CCc1cc2c(s1)-n1c(C)nnc1CN=C2c1ccccc1Cl,[ 0.29017365  0.9012996  -0.78822803 -0.84992236 -0.50803876]
CC(C)Oc1cc(-n2cnc3ccc(N[C@@H](CO)c4ccc(F)cn4)nc32)n[nH]1,[-0.50109816  0.7400024  -0.6131086  -0.8168931  -0.10576127]
CCOCCCO,[ 0.13944297  0.15551272 -0.7030601  -0.18861347 -0.5019473 ]
CN1CCCCC1CCN1c2ccccc2Sc2ccc(S(C)=O)cc21,[ 0.12210739  0.72293425 -0.8679731  -0.94906604 -0.431108  ]
c1ccc2sc(SNC3CCCCC3)nc2c1,[ 0.2757718   0.80229056 -0.6707022  -0.9629811  -0.21052447]
CC(C)=CCCC(C)=CCCC(=CCCC(C)=CCO)CO,[ 0.3493332   0.94702655 -0.71261585 -0.69834584 -0.6164156 ]
COP(N)(=O)SC,[-0.21893054  0.79747283 -0.45366564 -0.65917933 -0.24829648]
Nc1ccc([N+](=O)[O-])cc1N,[ 0.06277025  0.6876918  -0.75578254 -0.36862162 -0.45685506]
Cc1cnc(NC(=O)C2=C(O)c3ccccc3S(=O)(=O)N2C)s1,[-0.1380932   0.9818766  -0.5623565  -0.6248674  -0.24317828]
CNC(=N)c1cccc(CC(CC(=O)N2CCC(C)CC2)NS(=O)(=O)c2ccc3ccccc3c2)c1,[-0.64777    -0.22478887 -0.5618269  -0.04025091  0.45315263]
CN(CCCOCCOCCc1ccccc1)CCc1ccc(O)c2nc(O)sc12,[-0.436178    0.4476576   0.51492274 -0.53894967 -0.61802113]
O=[N+]([O-])c1ccc(C=NNC(=S)N2CCCC2)o1,[-0.27148387  0.83864963 -0.41516766 -0.7358094  -0.04367498]
C=CCI,[ 0.42768362  0.44966185 -0.6994806   0.2538021   0.2599765 ]
CN1CCN(C2=c3ccccc3=Nc3ccc(Cl)cc3N2)CC1,[ 0.36606944  0.71949565  0.0378875  -0.16758879 -0.27804527]
CCOC(=O)C(C)Oc1ccc(Oc2nc3ccc(Cl)cc3s2)cc1,[-0.29301837  0.14507267 -0.5949644  -1.          0.3761714 ]
O=c1c2nocc2c(-c2ccccc2)nn1-c1ccccc1,[-0.43631896  0.9695334  -0.64618033 -0.9785386   0.24763595]
COP(=O)(OC)SC(CC(=O)OC(C)C)C(=O)OC(C)C,[ 0.23126939  1.         -0.6065187  -0.27431294  0.11973035]
COC1CCC=CO1,[-0.09056381  0.98095053 -0.92332405 -0.50273293 -0.15092604]
[NH3+]C(C(=O)NC1C(=O)N2C(C(=O)[O-])=C(CSc3c[n-]nn3)CSC12)c1ccc(O)cc1,[ 0.16779073  0.7816751   0.5037157   0.20688587 -0.34773806]
Nc1cc2c(cc1C1CCCCC1)CCC2C(=O)O,[ 0.3147772   0.21668871 -0.8457177   0.3612848  -0.2547579 ]
Cc1ccc(Nc2ccc(Nc3ccc(C)cc3)c3c2C(=O)c2ccccc2C3=O)cc1,"[ 2.1479531e-01 -3.4762204e-01 -8.6858052e-01 -1.0000000e+00
 -7.9430704e-04]"
CCCCC(CC)OCCOCCO,[ 0.38968563  0.88212657 -0.66197413 -0.74371064  0.0876455 ]
CCCCC(CC)COCCO,[-0.31586704  0.7459077  -0.83514947 -0.574917    0.20429066]
C1C[SiH2]C1,[ 0.4033425   0.5349149  -0.5381385  -0.8610692   0.04828373]
Cc1onc2c(=O)[nH]nc(-c3ccccc3)c12,[ 0.2751823   0.59085023 -0.79177374 -0.40930268  0.3822239 ]
O=[N+]([O-])c1cc(C2CCCCC2)c(O)c([N+](=O)[O-])c1,[ 0.15996857  0.6434962  -0.18937632 -0.46220967 -0.20854977]
CC(=O)Oc1cccc(Oc2ccc(C(F)(F)F)cc2Cl)c1,[ 0.6583213   0.94348544 -1.         -0.5544918  -0.07733442]
C=CC(=O)N1CN(C(=O)C=C)CN(C(=O)C=C)C1,[ 0.48320192  0.1783481  -0.7494323  -0.64724296  0.32699248]
Cc1ccc(N=CN(C)SN(C)C=Nc2ccc(C)cc2C)c(C)c1,[-0.16365515  0.7475883  -0.3753339  -0.49276188 -0.01151955]
O=[N+]([O-])C(CO)(CO)CO,[-0.23221941 -0.2855274  -0.34306934 -0.5118837  -0.5487278 ]
CCOC(=O)c1noc(C)c1C(C)=O,[ 0.5454264  -0.379288   -0.6381331  -0.7925275   0.00393735]
CC(=Cc1ccccc1)C=C1SC(=S)N(CC(=O)O)C1=O,[ 0.56856966  0.8608219  -0.4239159  -0.6581061   0.14740331]
C[NH2+]C(C)Cc1ccccc1,[-0.29006612  0.22755423 -0.7790325  -1.         -0.12000148]
CC(=O)Nc1ccc(C)c(NS(=O)(=O)C(F)(F)F)c1,[-0.2467635   0.13187602 -0.36119533 -0.8622636  -0.22255844]
N#Cc1cc(Br)c(O)c(Br)c1,[ 0.1563944   0.7306535  -0.76299983 -0.82035327  0.71723795]
CCOP(=O)(OCC)OC(=C(Cl)Br)c1ccc(Cl)cc1Cl,[-0.3170661   0.2759813  -0.7770832  -0.9294464  -0.24065438]
C[NH2+]C(C)C1CCC(N)C(OC2C(N)CC(N)C(OC3OCC(C)(O)C([NH2+]C)C3O)C2O)O1,[-0.00892486  0.9155027  -0.7001586  -0.83431554 -0.1265358 ]
Oc1ccc2[nH]c(C(F)(F)F)nc2c1,[-0.03491003  0.89622134 -0.7213783  -0.8524093  -0.22622474]
CN(C)C1C(O)=C(C(N)=O)C(=O)C2(O)C(O)=C3C(=O)c4c(O)cccc4C(C)(O)C3C(O)C12,[ 0.26545864  0.86963576 -0.8881394  -0.8493048   0.5318352 ]
CC=CC(C)=O,[ 0.44151935  0.72147846 -0.92854536 -1.         -0.5919587 ]
COc1ccc(C[C@@H]2c3cc(OC)c(OC)cc3CC[N@+]2(C)CCC(=O)OCCCCCOC(=O)CC[N@@+]2(C)CCc3cc(OC)c(OC)cc3[C@H]2Cc2ccc(OC)c(OC)c2)cc1OC,[-0.23649018  0.5574399  -0.26863337 -0.49414453  0.10480197]
COc1nccnc1NS(=O)(=O)c1ccc(N)cc1,[ 0.60878706  0.9367406  -0.8275347  -0.9292759   0.06050008]
CCCCCCCCC1OC1CCCCCCCC(=O)OCC1(CC)OC1CCC,[ 0.3206146  -0.50496966 -0.55006754 -0.7339365  -0.13297543]
OC(CCN1CCCC1)(c1ccccc1)C1CCCCC1,[-0.21449457  0.75392795 -0.6899515  -0.62911975 -0.05244815]
Cc1cccc(Nc2ccncc2S(=O)(=O)[N-]C(=O)NC(C)C)c1,"[-7.5621837e-01 -9.1795716e-04 -1.0000000e+00 -8.3834630e-01
  8.3393639e-01]"
O=C(O)CCC(=O)c1ccc(-c2ccccc2)cc1,[-0.06036683  0.7304074  -0.8001005   0.15903725  0.7636779 ]
Cc1cccc(C)c1NC(=O)C1CCCC[NH+]1C,[ 0.4587157   0.87422276 -1.         -0.6187736   0.5369795 ]
CCCCCCC(N)C(=O)N[C@@H](Cc1c(C)cc(O)cc1C)C(=O)N1CCC[C@@H]1C(=O)N[C@@H](Cc1c[nH]c2ccccc12)C(=O)N[C@@H](Cc1ccccc1)C(N)=O,[ 0.04641601 -0.4124414  -0.7144099  -0.9619994  -0.274319  ]
O=C(O)c1cccc(Cl)n1,[-0.06461744  0.8443098  -0.846525   -0.4544963  -0.40580007]
Cc1c(C(C)C)c(=O)n(-c2ccccc2)n1C,[ 0.2738063   1.          0.9086455  -0.3781055  -0.23529913]
Cc1ccc(C(=O)c2ccc(CC(=O)NCC(=O)Nc3cccc(C)c3C)n2C)cc1,[ 0.17146139  0.8658324  -0.44097343 -0.08552866 -0.01194359]
OCC(O)CO,[ 0.44567186  0.95053566 -0.7841611  -0.17784084  0.25385472]
Cc1ccc(NC(=O)c2ccc(Cl)c(C(F)(F)F)c2)cc1C(=O)Nc1cccnc1,[ 0.65359944  0.25634277 -0.79460233 -0.68602145  0.3409409 ]
CCN(CC)c1ccc(-c2nc(=O)n(C)nc2-c2ccc(N(CC)CC)cc2)cc1,[-0.03903096  0.58859515 -0.39037576  0.33601832 -0.06655356]
CCCCCCCC(=O)N[C@@H](CCN)C(=O)N[C@H](C(=O)N[C@@H](CCN)C(=O)N[C@H]1CCNC(=O)[C@H]([C@@H](C)O)NC(=O)[C@H](C)NC(=O)[C@H](CCN)NC(=O)[C@H](CC(C)C)NC(=O)[C@@H](Cc2ccccc2)NC(=O)[C@H](CCN)NC1=O)[C@@H](C)O,[ 0.4699752   0.02322076 -1.         -0.93773675 -0.18735214]
C=C(C)C(=O)OCCCC,[ 0.04626546  0.7668774  -0.8391888  -0.7439309   0.8337176 ]
CCN1CCCC1CNC(=O)c1cc(S(N)(=O)=O)ccc1OC,[ 0.25829062  0.88209456 -0.57987857 -0.7364721  -0.23691049]
O=C(O)c1nn(Cc2ccc(Cl)cc2Cl)c2ccccc12,[ 0.25511733  1.         -0.88093936 -0.7279164   0.43582726]
C[Si](C)(C)CCCC(=O)O,[-0.14184384  0.889665   -0.66224885 -0.5616176  -0.00267928]
CN(C)CCOCCOCCN(C)C,[ 0.12553707 -0.9176252  -0.8788843  -0.91781026  0.03374257]
CC1(C)C2CCC1(C)C(O)C2,[-0.38427082 -0.6108938  -0.7568811  -0.34512186  0.17811894]
O=Cc1cccc2ccccc12,[-0.03677921 -0.3751096  -0.38327786 -1.          0.1018085 ]
COP1(=S)OCc2ccccc2O1,[ 0.5706403   0.48376262 -0.34220767 -0.8026666  -0.60137326]
O=C(Nc1ccc(Cl)c(C(=O)Nc2cccnc2)c1)c1cccc(C(F)(F)F)c1,[ 0.35273612  1.         -0.69801086 -0.43382278 -0.2511771 ]
CCCSP(C)(=S)Oc1ccc(Cl)cc1Cl,[ 0.4076358   0.97014207  0.00123218 -0.6401933  -0.5254139 ]
COC(=O)C(C)N(C(=O)Cc1ccccc1)c1c(C)cccc1C,[-0.13309954  0.5723946  -0.7962595  -0.4935461   0.35944343]
O=C(O)c1ccccc1C(=O)Nc1cccc2ccccc12,[ 0.11383937  0.69255626 -0.72158575 -1.         -0.01266476]
C=CCOc1ccccc1OCC(CNC(C)C)OC(=O)C1CC1,[ 0.62263036  0.90868187 -0.8206791  -0.9764774  -0.17467456]
CC(C(=O)O)c1ccc(C(=O)c2cccs2)cc1,[-0.6991502  -0.436897   -0.48327196  0.29408526  0.14780717]
CCOC(=O)C=Cc1ccc(Cl)cc1,[ 0.03007395  0.20061935 -0.651416   -0.3668785   0.2894173 ]
CC(C)(C)CNC(=S)Nc1cccnc1,[ 0.07211798  0.8749278  -0.49237603 -0.91490877  0.09232665]
CC(C)(C)c1cc(CCC(=O)OCCSCCOC(=O)CCc2cc(C(C)(C)C)c(O)c(C(C)(C)C)c2)cc(C(C)(C)C)c1O,[ 0.01100982  0.8341887  -0.9161654  -0.82864255  0.28146845]
Nc1ncc2cc(-c3c(Br)cccc3Br)c(N)nc2n1,[ 0.40592527  0.8718325  -0.7433745  -0.20212872 -0.18847607]
CCC(=O)OC1C(C)OC(OC2C(C)OC(OC3C(CC=O)CC(C)C(O)C=CC=CCC(C)OC(=O)CC(OC(C)=O)C3OC)C(O)C2N(C)C)CC1(C)O,[ 0.10048036  0.81679547 -1.         -0.7807325   0.88220024]
C[N+](C)(Cc1ccc(NC(=O)c2ccc(Cl)c(Cl)c2)cc1)C1CCOCC1,[-0.6339674   0.9160791  -0.2905253  -0.38326418 -0.49346855]
c1ccc2c(c1)CC(N1CCN(c3cccc4c3OCCO4)CC1)C2,[-0.2599009   0.73048514 -0.6867191  -0.9832556  -0.04080343]
C=CCc1cc(OC)c2c(c1)OCO2,[ 0.10313867  0.76338035 -0.20332508 -0.79651386 -0.6182996 ]
COCCOCCOC(C)=O,[ 0.2714875   0.8758147  -0.27236804 -0.78731143  0.07096427]
O=[N+]([O-])c1cc2[nH]c(C(F)(F)F)nc2cc1Cl,[ 0.4782826  0.6652794 -0.9922539 -0.3176838  0.7971477]
COP(=S)(OC)SCC(=O)N1CCOCC1,[ 0.32794014  0.33364272 -0.8672703  -0.4710737   0.23541744]
CCC(C)(C)C1CCC(=O)CC1,[ 0.5269338   0.8957359  -0.34371495 -0.6103953  -0.15948084]
CN1CCN(c2ccc3ncc(C(N)=O)c(Nc4ccc(Cl)c(Cl)c4)c3c2)CC1,[-0.20484462  0.43233398 -0.6883498  -0.10559394 -0.09830081]
O=C(OCC(COC(=O)c1ccccc1)(COC(=O)c1ccccc1)COC(=O)c1ccccc1)c1ccccc1,[ 0.15513448  0.58962005 -0.57051843 -0.916307   -0.3480705 ]
N#Cc1ccc(F)c(-c2cc(C(F)(F)F)ccc2OCC(=O)O)c1,[ 0.28525764  0.5573678  -0.85463095 -0.3056214   0.27942643]
CCOC(=O)C=Cc1ccc2c(c1)OCO2,[ 0.40431413  0.7609174  -0.77009004 -0.81250054 -0.22343922]
CC(=Cc1ccccc1)CC(=O)N1CCOCC1,[-0.4927013   0.896678   -0.77823424 -0.52617085  0.2426081 ]
CCS(=O)CCSP(=O)(OC)OC,[ 0.19333804  0.8646991   0.60476875 -0.68294483 -0.2381522 ]
S=C1NCCC(COc2ccccc2)O1,[-0.24769585 -0.4318256  -0.5717614  -0.05803656  0.8009383 ]
CO[Si](CCCn1c(=O)n(CCC[Si](OC)(OC)OC)c(=O)n(CCC[Si](OC)(OC)OC)c1=O)(OC)OC,[-0.2112864   0.54803437 -0.8082779   0.07276098 -0.03987764]
CC(=O)OC(C(Cl)(Cl)Cl)P(=O)(Oc1ccccc1)Oc1ccccc1,[-0.17631015 -0.22335911 -0.3974053  -0.98074585 -0.32088244]
CCC(C)(C)c1ccc(Cl)c(OC(=O)NC)c1,[ 0.2923621   1.         -0.8762532  -0.87190115  0.5113874 ]
Cc1ccn(C(=O)NCCCCCCCl)n1,[ 0.45422176  0.40142113 -1.          0.40788853 -0.22022153]
ClCc1cccc2ccccc12,[ 0.23341934  0.8803392  -0.82081497 -0.7189397  -0.04570981]
CCCN(N=O)C(N)=O,[-0.21184316  0.7517047  -0.4034194  -0.7094271   0.08992079]
CCC(=O)NCCC1CCc2ccc3c(c21)CCO3,[-0.05727449 -0.04800112 -0.8006622  -0.49491847 -0.22733915]
CCC(=O)NC[C@H]1CN(c2ccc(-c3nncs3)c(F)c2)C(=O)O1,[-0.07736421  0.9038414  -0.19010703 -0.9947262  -0.00566042]
O=C1NC(=O)C(c2ccccc2)(c2ccccc2)C(=O)N1,[ 0.40398967  0.05284419 -0.5465609  -1.          0.03153944]
CCOP(=S)(OCC)Oc1cc(-c2ccccc2)on1,[ 0.66335803  0.88911974 -0.7485335  -0.41395763  0.18546064]
BrC(Br)Br,[ 0.62287533 -0.19916512 -0.8765408   0.14027019  0.66566783]
[O-][n+]1onc2c1c1no[n+]([O-])c1c1no[n+]([O-])c21,[ 0.42411914  0.70802516 -0.684753   -1.         -0.2982569 ]
COc1cc(C2c3cc4c(cc3C(OC3OC5COC(C)OC5C(O)C3O)C3COC(=O)C23)OCO4)cc(OC)c1O,[-0.21086267  0.9078587  -0.24427103 -0.3663456   0.403801  ]
COc1ccc(CC(C)=O)cc1,[ 0.34863383  0.20917761 -0.45100862 -0.68768394  0.11984183]
CN1CCN2c3ncccc3Cc3ccccc3C2C1,[ 0.37369993  0.34939843 -0.71223384 -0.60666704 -0.49224636]
CNC(=O)c1[nH]cnc1C(=O)Nc1ccc(Cl)cc1,[-0.11163159  0.8534262  -0.6796794  -0.7894404  -0.29066315]
CN(C)CC=C(c1ccc(Br)cc1)c1cccnc1,[ 0.11142483  0.80220884 -0.7116662  -0.8130165  -0.15814643]
C[C@H](CO)Nc1nc(SCc2cccc(F)c2F)nc2[nH]c(=O)cnc12,[ 0.41457847  0.892434   -0.5924006  -0.7277512  -0.32599396]
CCC(C)OC(CBr)c1ccc(Cl)cc1,[-0.688139    0.57503986 -0.8552986  -0.53154874 -0.23643261]
COc1ccc([N+](=O)[O-])cc1N,[-0.22377035  0.8618595  -0.7181669  -0.30477643 -0.433135  ]
CNC(=O)ON=C(C)SC,[-0.40783846  0.8546243  -0.7278733  -0.4073305  -0.0993247 ]
CCOC(=O)c1ccc(C#Cc2ccc3c(c2)C(C)(C)CCS3)nc1,[-0.2901493   0.23429185 -1.         -0.21506673 -0.3812996 ]
CCN(CCO)C(=O)c1oc2cccnc2c1-c1cccc(C(F)(F)F)c1,[-0.12258361  0.4724413   0.05378722 -0.4419957  -0.07603988]
CCCSP(C)(=S)SC(CC(=O)OCC)C(=O)OCC,[-0.44703966  1.         -0.77948093 -1.          0.0129712 ]
CN[C@@H](C)[C@@H](O)c1ccccc1,[-0.16342479 -0.77130204 -0.87201744 -0.75795317  0.5084865 ]
C=CC[N+]1([C@H]2C[C@H]3[C@@H]4CC[C@H]5C[C@H](O)[C@@H](N6CCOCC6)C[C@]5(C)[C@H]4CC[C@]3(C)[C@H]2OC(C)=O)CCCC1,[-0.10099301  0.8425025  -0.90757084 -0.6916851   0.6818163 ]
N#CCCCCC#N,[-0.11535834  0.7877845  -0.807833   -0.68574107 -0.33328852]
Nc1ccc(Cl)cc1,[ 0.32848403  0.8138999  -0.6182068  -0.6970645   0.00942489]
C=CCc1ccccc1OCC(O)C[NH2+]C(C)C,[ 0.38343176  0.8732019  -0.535638   -0.75196505 -0.54176205]
CCCCn1c(=O)n(CCC)c(=O)c2[nH]c(C)nc21,[ 0.24894004  0.75165945 -0.9908351  -0.6642364   0.13480484]
COc1cccc(OC)c1O,[-0.65282744  0.16254035 -0.76622885 -1.         -0.18495256]
CC(C)CCOC(CO)CC(C)C,[-0.16260144  0.33318636 -1.         -0.76874304 -0.3543607 ]
CC(=O)N[C@H](C)C(=O)NCCc1ccccc1,[ 0.21282291  0.30162185 -0.4626779  -1.         -0.17218778]
CN(C)CCC(c1ccc(Cl)cc1)c1ccccn1,[ 0.64815074  0.87069064 -0.7917056   0.23242946 -0.46132213]
COc1cc2c(c3oc(=O)c4c(c13)CCC4=O)C1C=COC1O2,[-0.10199548  0.8982957  -0.7098778  -0.79279345 -0.36188874]
C1CSCCO1,[ 0.19067149  0.44796705 -0.5618764  -0.58035994  0.10570325]
O=C1C(Cc2ccccc2)C(=O)N(c2ccccc2)N1c1ccccc1,[ 0.536781    1.         -0.69324136 -1.         -0.12011476]
COC(C)C=O,[-0.57278764  0.6067888  -0.5118429  -0.6730985   0.18554696]
CC(C)=CCN1CCC2(C)c3cc(O)ccc3CC1C2C,[ 0.23527901  1.         -0.88273513 -0.8324931   0.04073553]
O=C(O)[C@@H](c1ccccc1)N1CCC(CN2CCC(Oc3ccc(Cl)c(Cl)c3)CC2)CC1,[ 0.5846449   0.7739996  -0.8000205   0.21501774 -0.1755202 ]
CCc1cccc(CC)c1N,[-0.14531384  0.82073826 -0.7891849  -0.80065477  0.12836781]
Nc1ccn([C@@H]2O[C@H](CO)[C@@H](O)C2(F)F)c(=O)n1,[-0.25038546  0.87485033 -0.44348258 -0.68812793 -0.36787602]
O=C1C2CC3C1C1(Cl)C(Cl)C4(Cl)C2C3C1(Cl)C4(Cl)Cl,[ 0.6318608   0.75381285 -0.6297232  -1.         -0.32201296]
C=COC(=O)CCCCCCC,[-0.49259508  0.48922187 -0.68422884 -0.7837391   0.04946439]
OCCOCCN1CCN(C(c2ccccc2)c2ccccc2)CC1,[-0.19875003  0.9920873  -0.77680594 -1.          0.07367493]
C=CCc1ccc(OC(C)=O)c(OC)c1,[ 0.3237838   1.         -1.         -0.76927865  0.27604845]
O=C(Cl)C=CC(=O)Cl,[ 0.42308927  0.7716615  -0.80404514 -0.1697412  -0.04727433]
CCC(=O)CC,[-0.09571119  0.73235464 -0.98991525 -0.95962304 -0.08627418]
O=P([O-])([O-])C(Cl)(Cl)P(=O)([O-])O,[ 0.11154146  0.8698121  -0.69550645 -0.70983905 -0.06504428]
Cc1cnc(C)c(C)n1,[ 0.21717831 -0.01451378 -0.70515674 -0.25672236 -0.1553106 ]
N[C@H]1CCN(c2c(Cl)cccc2/C=C2\SC(=O)NC2=O)C1,[-0.2814679   0.75843847 -0.7330565  -0.7599151  -0.21184686]
CC1CCC2(O)C3(C)CC4(O)OC2(C1O)C1(O)C3(O)C(OC(=O)c2ccc[nH]2)C(O)(C(C)C)C41C,[-0.28977606  0.90517914 -0.8297976  -0.58256054  0.04782496]
O=C([O-])c1cc(N=Nc2ccc(S(=O)(=O)Nc3ccccn3)cc2)ccc1O,[-0.68932325  0.74632305  0.17875464 -0.74713075  0.18413131]
Nn1cnc2cc3ccccc3cc2c1=O,[ 0.570062    0.88051784 -0.7788148  -0.33605182 -0.13340619]
CC(O)C#N,[-0.49618796  0.8652165  -0.62715805 -0.8868961   0.52485627]
CCC(=O)N(c1ccccc1)C1CC[NH+](CCc2ccccc2)CC1,[-0.03206422  0.7109195  -0.8692409  -0.45629302 -0.66558063]
O=C(O)COc1ccc(C(=O)CN2CCN(C3CCNCC3)CC2=O)cc1,[ 0.6316709   0.58270943 -0.7211301  -0.57154566 -0.05699465]
Nc1ccc(Cl)cc1Cl,[ 0.22099608  0.6221606  -0.85113657 -0.45596194 -0.03519395]
CC(C)N(C(=O)SCC(Cl)=C(Cl)Cl)C(C)C,[ 0.6319347   0.06714441 -0.4118859  -0.3060605   0.6272759 ]
CCOC(=O)COc1ccc(C(=O)CN2CCN(C3CCN(C(=O)OCOC(=O)C(C)(C)C)CC3)CC2=O)cc1,[ 0.15242516  0.9125431  -0.9616014  -0.10455123  0.725767  ]
Cc1ccc(S(=O)(=O)Nc2c(C(=O)N[C@@H](C)C(C)(C)C)c(C)nn2C(C)C)cc1,[ 0.25543606  0.94309705 -0.81513095 -0.6168747  -0.34998658]
OCc1ccccc1,[ 0.41298145  0.85728925 -0.802886   -0.25123227  0.134109  ]
N=C(N)N[N+](=O)[O-],[-0.20922127  0.87581974 -0.70387554 -0.48997748 -0.4479013 ]
CCCCC(CC)CNCC(C)(N)CN(C)CC(CC)CCCC,[ 0.01955589  0.45383942 -0.4786895   0.56313014  0.2670214 ]
CC(C(=O)O)c1ccc(CC2CCCC2=O)cc1,[ 0.51373184  0.9451775  -0.6335     -0.7035069   0.10346663]
COc1cccc2c1cc([N+](=O)[O-])c1c(C(=O)O)cc3c(c12)OCO3,[-0.15400453  0.64297915 -0.64943993 -0.5129317  -0.54563695]
COc1ccc(Oc2ccc(NC(=O)N(C)C)cc2)cc1,[ 0.13925254  0.9679428  -0.21279049 -0.49725282 -0.21576244]
CC(C)(C)c1nnc(NS(=O)(=O)c2ccccc2)s1,[ 0.3038936  -0.06171026 -0.48891836 -0.48397088  0.16077104]
Nc1ccc(N)cc1,[ 0.20087394  0.43287772 -0.3246159  -0.1885556  -0.04428039]
O=C(CN1CCNCC1)NN=Cc1ccc([N+](=O)[O-])o1,[ 0.3673379  -0.7497405  -1.         -0.79211974  0.10520419]
COc1ccccc1Oc1c([N-]S(=O)(=O)c2ccc(C)cn2)nc(-c2ccncc2)nc1OC,[ 0.3654293   0.3028908  -0.28640166 -0.66739833 -0.19486997]
COc1cc2c(cc1OC)C(CCc1ccc(Cl)cc1)N(C)CC2,[ 0.38228884  0.9014392   0.54650426 -0.2408516  -0.34385473]
Cc1cn([C@H]2CCCN(S(=O)(=O)c3ccc(C(N)=O)c(Oc4cccc(Cl)c4)c3)C2)c(=O)[nH]c1=O,[ 0.08122912  0.7762044  -0.8339043  -0.6492993  -0.12055584]
Oc1cc(Cl)c(Cl)c(Cl)c1Cl,[-0.18518633  0.135964   -1.         -0.05300304 -0.03302155]
SCc1ccccc1,[ 0.03317611  0.6546546  -1.         -1.          0.44268858]
OCCOCCN1CCN(C(c2ccccc2)c2ccc(Cl)cc2)CC1,[ 0.48985556 -0.11680925 -0.45457956 -0.6410339  -0.53465647]
NCCNCCNCc1ccccc1O,[ 0.01804543  0.88338834 -0.5500346  -0.81883377  0.1963245 ]
O=CNc1cc([C@@H](O)CNCCc2ccc(NC[C@H](O)c3ccccc3)cc2)ccc1O,[ 0.42767048  0.50596017 -0.41964108  1.          0.6351719 ]
CCCC(=O)c1ccc(N)cc1,[ 0.51665753  0.7285666  -0.8599081  -0.78694874 -0.5788865 ]
CN(CCO)Cc1cc(C(=O)c2cccs2)cc(C(C)(C)C)c1O,[-0.71778923  0.72538674 -0.95502657 -0.85168314  0.5787546 ]
N#CCCOCCC#N,[-0.3215467   1.         -0.8342657  -0.89319575 -0.21135293]
O=C(CCCCC(=O)OCC1CC=CCC1)OCC1CC=CCC1,[-0.34778982 -0.9368972  -0.9569852  -0.73467636 -0.34727767]
COc1cc2nc(N3CCN(C(=O)c4ccco4)CC3)nc(N)c2cc1OC,[ 0.37793192  0.35889953 -1.         -0.40835965 -0.320381  ]
CCOP(=S)(NC(C)C)Oc1ccccc1C(=O)OC(C)C,[-0.2133277   1.         -0.633836   -0.55100393  0.50887436]
O=[N+]([O-])N1CN([N+](=O)[O-])CN([N+](=O)[O-])C1,[ 0.3748599   0.24176992 -0.37983325 -0.5055422  -0.53413445]
Cc1cc(Cl)ccc1OCCCC(=O)O,[ 0.4071441   0.99308395 -1.         -0.5456463   0.17757486]
COP(=O)(OC)Oc1ccc([N+](=O)[O-])c(Cl)c1,[ 0.1448964   0.78548783 -0.83456373 -0.753437   -0.12419404]
CCCOP(=O)(SCCC)SCCC,[ 0.06444898  0.7685545   0.1177723  -0.7391004  -0.20423736]
COC(=O)c1ccccc1N=NN(C)C,[-0.09615999  0.89589775 -0.87880373 -0.68860126 -0.25880155]
NC(=[NH2+])NCCCCC1NC(=O)CCSSCC(C(N)=O)NC(=O)C2CCCN2C(=O)C(Cc2c[nH]c3ccccc23)NC(=O)C(CC(=O)[O-])NC(=O)CNC1=O,[ 0.19962399  0.8247054   0.72503173 -0.24041826 -0.03211578]
C[C@@H]1CC[C@H]2[C@@H](C)[C@@H](OC(=O)CCC(=O)O)O[C@@H]3OC4(C)CC[C@@H]1[C@@]23OO4,[ 0.39183113  0.7218786  -0.7177926  -0.90266514 -0.03707812]
O=[N+]([O-])c1ccc(Cl)c([N+](=O)[O-])c1,[ 0.38032585  0.16245647 -0.8223058   0.7892984   0.02752659]
Cn1c(=O)sc2cccc(Cl)c21,[ 0.4616335   0.8513965  -0.39765912 -1.         -0.24045023]
COc1ccccc1Oc1c([N-]S(=O)(=O)c2ccc(C(C)C)cn2)nc(-c2ccnc(-c3nnn[n-]3)c2)nc1OCCO,[ 0.4901596   0.86912507 -0.30006447 -0.9415815  -0.21095656]
C=CCC1/C=C(\C)CC(C)CC(OC)C2OC(O)(C(=O)C(=O)N3CCCCC3C(=O)OC(/C(C)=C/C3CCC(O)C(OC)C3)C(C)C(O)CC1=O)C(C)CC2OC,[ 0.41246647  0.4361464  -0.55893373 -0.64525825 -0.18244436]
CC(=O)OC(C)OC(=O)C(C)c1ccc(-c2ccccc2)c(F)c1,[ 0.3851149   0.7250895  -0.77882224 -0.66528887  0.78924155]
CCCSP(C)(=S)Oc1ccccc1,[ 0.5060486   0.5189606  -0.7239436  -0.60821056  0.3949233 ]
Cc1cc(Nc2nc(N[C@@H](C)c3ccc(F)cn3)c(C#N)nc2C)n[nH]1,[-0.04709935  0.43712506 -0.8513181  -0.4938297   0.62645   ]
C=CC(=O)OCCc1ccc(CC)cn1,[ 0.19012345  0.7826423  -0.7860439  -0.500258    0.98514956]
CC(CO)Oc1ccccc1,[ 0.3326929   0.7540982  -1.          0.10474233 -0.30265084]
CCN(Cc1cc(C(F)(F)F)ccc1-c1cc(CC(=O)O)ccc1OC)C(=O)NCc1ccccc1,[-0.16502477  0.6480754  -0.7103407  -0.94533634  0.40199456]
Cc1nn(C2CCCCC2)c(N)c1-c1ccccc1,[ 0.18946733  0.92364395 -1.         -0.7486496  -0.4550957 ]
CO/N=C(\C(=O)N[C@@H]1C(=O)N2C(C(=O)O)=C(COC(C)=O)CS[C@H]12)c1csc(N)n1,[-0.03050793  1.         -0.784238   -0.6077155  -0.24658506]
COc1cc(C=CC(N)=O)ccc1O,[ 0.20884553  0.62051797 -0.94833684 -0.73852617 -0.17922726]
CCCN(CCC)c1c([N+](=O)[O-])cc(S(N)(=O)=O)cc1[N+](=O)[O-],[ 0.4580654   0.7916488  -0.73487526 -1.          0.05347005]
CNC(=N)c1cccc(CC(CC(=O)N2CCC(C(=O)O)CC2)NS(=O)(=O)c2ccc3ccccc3c2)c1,[ 0.3892061   0.613969   -0.68407714  0.11512095 -0.25340256]
CC=C(CC)C(=O)NC(N)=O,[ 0.2851209   0.7355326  -0.81492776 -0.3044348  -0.02972451]
CNCC(O)c1cccc(O)c1,[-0.14844497  0.8388962  -0.77228916 -0.84640175 -0.3463582 ]
Nc1nc2c(Cc3cccnc3)c[nH]c2c(=O)[nH]1,[ 0.15583889  0.859286   -0.81413466 -0.62105227  0.01046911]
CCC(CC)C(=O)OCCOCCOCCOC(=O)C(CC)CC,[ 0.26394522  0.27218533 -0.53738123 -0.8339172   0.22318809]
CCOc1nc(C(Cl)(Cl)Cl)ns1,[-0.61151844  0.7237402   0.8086614  -0.01102756 -0.37183475]
O=C(O)c1ccccc1-c1c2ccc(=O)cc-2oc2cc(O)ccc12,[-0.24803908  0.8991726  -0.81757075 -0.59909654  0.40018874]
O=C(O)CCCCCC(=O)O,[ 0.31055188  0.69269663 -0.6566133  -0.62650675 -0.27241105]
Cc1cccc(N)c1C,[ 0.39442682  0.8913046  -0.94799566 -0.16827624 -0.07207464]
CCSP(SCC)SCC,[ 0.3129455   0.85541403 -0.83153224 -0.8070128  -0.51359385]
CCN(CC)CCOCCO,[ 0.34301448 -0.59471816 -0.7444673  -0.4522283  -0.45456907]
CN1C(=O)CC(N2CCN(CCCN3c4ccccc4COc4ccc(CC(=O)O)cc43)CC2)N(C)C1=O,[ 0.3460021   0.8844348  -0.8859774   0.3052144  -0.02420075]
CCCSP(C)(=S)OP(C)(=S)SCCC,[ 0.42460746  1.         -0.7982756  -0.82879025 -0.22140503]
O=C(CCl)OCCOCCO,[-0.3748354   0.47773576 -0.9662393  -0.74889743 -0.0882401 ]
CC1CCC(N)CC1N,[ 0.10929669  0.7427672  -0.6095683  -0.6313215   0.14352928]
CCC(CC)n1nc(C)c(C(=O)N[C@@H](C)C(C)(C)C)c1NS(=O)(=O)c1ccc(C)cc1,[ 0.39247313  0.7908068   0.5179155  -0.49487993 -0.43637362]
CCN(CC)CCCCCCCCCCNC(=O)Oc1ccc2c(c1)C1(C)CCN(C)C1N2C,[ 0.3093978   1.         -1.         -0.5602008  -0.24253121]
O=C(CF)Nc1ccccc1,[-0.2681957   0.8945601  -0.7752699  -0.8451757  -0.37342173]
NS(=O)(=O)c1cc2c(cc1Cl)NCNS2(=O)=O,[ 0.13869257  0.1527583  -0.721022   -0.7817996   0.7516602 ]
COC(=O)C1=C(C)NC(C)=C(C(=O)OCCN(C)Cc2ccccc2)C1c1cccc([N+](=O)[O-])c1,[ 0.31053573  0.9065905  -0.65325224 -0.7813404  -0.05568949]
COP(=S)(OC)SCSCC=C(Cl)Cl,[ 0.14744864 -0.6891272   0.07604035 -0.2778749  -0.11020599]
COc1nc(C)nc(Cl)c1NC1=NCCN1,[-0.01466475  0.9184651  -0.78721815 -0.6702871  -0.39796874]
CCN(CC)c1ccc2c(C)cc(=O)oc2c1,[ 0.7156925  -0.26188517 -0.47161597 -0.9303491   0.43946216]
CNC(=O)ON=C(C)SCC(=O)N(C)C,[ 0.9876366   0.53472847 -0.5709553   0.23843011  0.14587991]
CCC[C@@H](c1ccc(C(=O)O)c(Oc2cccc(Cl)c2)c1)N1CCC[C@H](n2cc(C)c(=O)[nH]c2=O)C1,[-0.00980613  0.8124509  -0.8019186  -0.7027631   0.03351532]
Cc1cnc(-c2cc(NC(=O)c3ccc(C(F)(F)F)nc3C)ccc2Cl)[nH]1,[ 0.30800945 -0.3950556  -0.6153514  -0.55343914  0.14677075]
CCCCCCOCCOCCO,[-0.01009877 -0.31403464 -0.62501705 -0.76794523  0.13469128]
C=CCOC(=O)CCCCC,[-0.03878909  0.691725   -0.08235589 -0.23837814 -0.23627323]
CCN(CC)N=Nc1ccccc1,[ 0.3678897   0.16577904 -0.8227944  -0.5130955   0.88611627]
CCC(C)C(CC)C(N)=O,[-0.13153425  0.8043535  -0.54309183 -0.69791764 -0.40595615]
CC(C)CN,[-0.4274012   1.         -0.8728541  -0.776416    0.04429474]
COc1cc([C@@H]2c3cc4c(cc3[C@@H](O[C@@H]3O[C@@H]5CO[C@@H](C)O[C@H]5[C@H](O)[C@H]3O)[C@H]3COC(=O)[C@H]23)OCO4)cc(OC)c1O,[ 0.17097105  0.53005165 -0.7721135  -0.78848267  0.41462612]
CN1c2ccccc2C(NCCCCCCC(=O)[O-])c2ccc(Cl)cc2S1(=O)=O,[-0.6767093   0.9216244  -0.4278878  -0.7880544  -0.14944148]
CC1CCC(C(C)C)C(O)C1,[-0.14243491  0.1153617  -0.7219394  -0.4482159   0.3957457 ]
CC(NNC(=O)c1ccccc1)c1ccccc1,[-0.10434943  0.7336505  -1.         -0.42637977 -0.11503501]
C=CC(=O)OCC(=O)OCC,[-0.5305816   0.7876092  -0.78935105 -0.938271    0.29647103]
O=C(O)COc1ccc(Cl)cc1CN1CCN(S(=O)(=O)Cc2ccccc2)CC1,[ 0.38460526  0.7725314  -0.66274726 -0.531822   -0.31005213]
O=C1NC(c2ccc(Br)cc2)Nc2ccccc21,[ 0.13369852  1.         -0.6673778  -0.5866537  -0.18690836]
CC(C)(C)NCCC(O)c1cc(C(F)(F)F)nc2c(C(F)(F)F)cccc12,[ 0.13779578  0.6333744  -1.         -0.59624815  0.7832568 ]
CC(=CC(=O)O)C(=O)O,[ 0.04177062  0.54200953 -0.8712448  -0.69434255 -0.12409277]
CCCCOCCOCCCC,[ 0.5559451   0.47899795 -0.99484634 -0.79569185  0.4333539 ]
CC(=S)NC[C@H]1CN(c2ccc(-c3nnc(CNS(C)(=O)=O)s3)c(F)c2)C(=O)O1,[ 0.5379072   0.69296306 -0.78777647  0.0968985  -0.33650512]
OCCOCCCl,[ 0.12931184  0.80168873 -0.90597117 -0.8777582  -0.3013489 ]
ClC(Cl)(Cl)c1ccc(C(Cl)(Cl)Cl)cc1,[-0.10327046  0.8561152  -1.         -0.08426573  0.30305314]
CC(C)NCC(O)COc1ccc(COCCOC(C)C)cc1,[-0.43992367  0.88290036 -0.65927213 -0.37656075 -0.22891228]
CC[C@H]1OC(=O)[C@H](C)[C@@H](O[C@H]2C[C@@](C)(OC)[C@@H](O)[C@H](C)O2)[C@H](C)[C@@H](O[C@@H]2O[C@H](C)C[C@H](N(C)C)[C@H]2O)[C@](C)(O)C[C@@H](C)C(=O)[C@H](C)[C@@H](O)[C@]1(C)O,[-0.3301964   0.65129346 -0.87114674 -0.90334994  0.19716515]
Clc1cc(Cl)c2nsnc2c1Cl,[-0.6429181   0.8867916  -0.9519429  -0.7720677  -0.24951844]
CC(C)OCCO,[-0.12486161  0.9058353  -0.37732285 -0.56926143 -0.18100974]
N#Cc1cccc(C#N)c1,[ 0.26577294  0.87938726 -0.4426842  -0.80864644 -0.15554127]
CC1(C)C(C=C(Cl)Cl)C1C(=O)OCc1c(F)c(F)c(F)c(F)c1F,[ 0.15918599  0.7878999  -0.98663473 -0.8299632  -0.26219857]
CC(C)(C)[NH2+]CC(O)c1cc(O)cc(O)c1,[ 0.04109406  0.491745   -0.9998058  -0.91334796 -0.2520284 ]
NC(=O)[C@H](Cc1ccccc1)NC(=O)OCc1ccccc1,[ 0.33221865  0.95057106 -0.8679548  -0.7354241   0.36103144]
CC(=O)NC(CS)C(=O)[O-],[ 0.20169576  0.5807538  -0.6926759  -0.9588937   0.33595565]
CC=Cc1ccc(OCc2ccccc2)c(OC)c1,[ 0.46839797  0.8135934  -0.816354   -0.6178726  -0.4264926 ]
C=CN(C)N=O,[ 0.35714078  0.29150242 -0.64137    -0.05914849  0.20495048]
FC(F)(F)c1nc2c(I)cc(I)cc2[nH]1,[ 0.31709883  0.88453364 -0.7147796  -0.6993551   0.20212455]
CCOP(=O)(OCC)Oc1ccc(S(C)(=O)=O)c(C)c1,[-0.23349436  0.8796794  -1.         -1.          0.01028496]
O=C(c1csc2c1CCCC2)N1CCCCC1,[ 0.23895179  0.90487033 -0.7111525  -0.86781096  0.04031155]
FC(F)=C(F)CCSc1ncccn1,[-0.12977484  0.58871347 -0.6702276  -0.90961415  0.0411669 ]
CNc1c(Br)cnc2[nH]c(-c3ccc(S(C)(=O)=O)cc3)nc12,[ 0.02489808  0.63626444 -0.7269201   0.46417427 -0.17481759]
CN(CC=CC#CC(C)(C)C)Cc1cccc2ccccc12,[ 0.1696947   1.         -0.96821976 -0.785609   -0.30429998]
CN(C)S(=O)(=O)CCCCCNC(=O)N(CCCl)N=O,[-0.38769764  0.63126594 -0.6142014  -0.7576079  -0.22859472]
FC1(F)CC(C2CC3(Cl)C(Cl)=C(Cl)C2(Cl)C3(Cl)Cl)C1(F)F,[ 0.5452022   0.25350413 -0.7982688   0.24750903 -0.13107385]
CC(NC(C)c1ccccc1)c1ccccc1,[ 0.29585692  0.7137693  -0.7482069  -0.5867773   0.3025713 ]
Oc1ccc2c(c1)CCC2,[ 0.34070617  0.81880695 -0.9942714  -0.8559479   0.06453457]
CCCCCNCCCCC,[ 0.2967628  -0.13943489 -0.25864646 -0.23850377 -0.00476572]
CCOC(=O)CCC1(CCC(=O)OCC)c2ccccc2-c2ccccc21,[-0.17698462 -0.21012343 -0.81867325 -0.57478493 -0.15263472]
CC(C)=CCl,[ 0.13343988  0.8865072  -1.         -0.52546674  0.72335625]
COc1cc2ncnc(Nc3ccc(F)c(Cl)c3)c2cc1NC(=O)/C=C/CN1CCCCC1,[ 0.6232944   0.8181998  -0.69896126 -0.6084179  -0.3549836 ]
CCCCSCCCC,[ 0.37642157  0.66952854 -1.         -0.86361164 -0.37197846]
CC(CC(=O)OC(C)(C)C)NC(=O)C1=NOC(C(O)(C(F)(F)F)C(F)(F)F)C1,[ 0.39168793  0.48458138 -0.6834959  -0.5879642  -0.3106118 ]
C=C(C)C(=O)OCCC[Si](OC)(OC)OC,[-0.15271899  0.8844198  -0.94122297 -0.8974405  -0.11951029]
COP(=S)(OC)SC(CBr)N1C(=O)c2ccccc2C1=O,[-0.00596385  0.8916667   0.40281862 -0.47765797  0.17949072]
C=C(C)c1cccc(C(C)(C)N=C=O)c1,[-0.02778373  0.83361596 -0.46972257 -0.88582337 -0.28748703]
O=C1CCc2ccccc2O1,[-0.01816587  0.13434711 -0.3729656  -0.33518267  0.6607886 ]
O=C(OCCc1ccccc1)c1ccccc1,[ 0.51542836  0.72896904 -0.9800225   0.05298319 -0.03075866]
C[C@@H]1NC(=O)[C@@H](C)N(C)C(=O)[C@@H](C)N(C)C(=O)[C@H](C)NC(=O)[C@H](C)N(C)C(=O)[C@@H](C)N(C)C1=O,[-0.01661802  0.39879718 -0.82713944 -0.41162616  0.04049143]
C=C1CC1CC(N)C(=O)O,[ 0.08744803  1.         -0.98410386 -0.82935125  0.5413889 ]
CC[C@H](CO)NC(=O)[C@H]1C=C2c3cccc4[nH]cc(c34)C[C@@H]2N(C)C1,[ 0.23230891  0.7985982  -0.6285602  -0.94684476 -0.28518894]
C[N+](C)(C)CC(O)CC(=O)[O-],[ 0.2517475   0.6450228  -0.8706273  -0.45897812 -0.11975106]
NC(=S)Cc1cccc2ccccc12,[ 0.2479869  -0.47635546 -0.45112383 -0.48389515 -0.2632094 ]
CC(C)(C)c1ccc(C(=O)O)cc1,[ 0.5413832   0.81483877 -0.9472982   0.05714936 -0.2752111 ]
CCOc1cc2nnc(C(N)=O)c(Nc3ccc(F)cc3F)c2cc1N1CCN(C)CC1,[ 0.3258661   0.3346745  -0.9332584  -0.59614164  0.25800246]
c1ccc([C@H]([C@@H](c2ccccc2)N2CCCCC2)N2CCCCC2)cc1,[-0.9193403   0.4609561  -0.14054762 -0.49224898  0.55739635]
CNC(=O)ON=C1CCCC1(C)C#N,[ 0.601647    0.70137733 -1.         -0.74980575 -0.2989843 ]
OCc1cc(C(O)C[NH2+]CCCCCCOCCOCc2c(Cl)cccc2Cl)ccc1O,[ 0.6943068   0.7811432  -0.616462   -0.70589703 -0.524305  ]
COc1cc2c3cc1Oc1cc(ccc1O)CC1c4c(cc(OC)c(O)c4Oc4ccc(cc4)CC3[NH+](C)CC2)CC[N+]1(C)C,[-0.07299347  0.8716627  -0.80450976 -0.8483698  -0.07073762]
Nc1nc2[nH]cnc2c(=S)[nH]1,[-0.09166075  0.9226531  -1.         -0.45256692 -0.03461158]
CC(O)C(Cl)(Cl)Cl,[-0.05674307  1.         -0.7261422  -0.28226325  0.52454734]
Cc1cnc(C(=O)c2ncnc3[nH]ccc23)c(NS(=O)(=O)c2ccc(Cl)c(C(F)(F)F)c2)c1,[-0.26945025  0.80951303 -0.9329551  -0.2942113   0.19357476]
CC1CCCCOC1=O,[ 0.2616768   0.4522911   0.27832258 -1.         -0.19322082]
CCC(=O)N(c1ccccc1)C1CCN(CCc2ccccc2)CC1,[-0.05389443  0.03497557 -0.7764391  -0.71200866 -0.21397142]
Cc1cn([C@H]2CCCN([C@H](CC(C)C)c3ccc(C(=O)O)c(Oc4cccc(Cl)c4)c3)C2)c(=O)[nH]c1=O,[ 0.13498935  0.87986916 -0.827769   -0.9876903  -0.47128767]
COc1cc2ncc(C(N)=O)c(Nc3ccc(F)cc3F)c2cc1NCCN1CCCCC1,[ 0.44825023  0.9205221  -0.8423406  -0.5998093   0.67908955]
OC[C@@H]1CC[C@H](n2cnc3c(O)ncnc32)O1,[ 0.60546964  0.86315596 -0.69607556  0.05648306  0.00106276]
CCC(CCCCOC(=O)c1ccccc1)COC(=O)c1ccccc1,[ 0.29788244  0.6953245  -0.9397475  -0.5317057  -0.04275304]
CNC(=O)ON=C(C)SCC(N)=O,[ 0.11087609  0.5678773  -0.31405765 -0.903984   -0.4203895 ]
Nc1cccc(N)c1,[ 0.01337991  0.9174576  -0.4656744  -0.86451745  0.12973028]
C[C@H](Cn1cnc2c(N)ncnc21)OCP(=O)(O)O,[ 0.43724385 -0.11452705 -0.34010997 -0.40360036  0.06544925]
C=CC(=O)OCCCCCCOC(=O)C=C,[ 0.6527694   0.58818215 -0.8631098  -0.7436756  -0.19936086]
CNC(=O)Nc1nnc(C(C)(C)C)s1,[ 0.18950239  0.91816926 -0.77313566 -0.6351435   0.05241957]
Cc1ccc([N+](=O)[O-])cc1,[ 0.43061182  0.40073732 -0.9033259  -0.8328723  -0.036412  ]
c1c[nH]cn1,[ 0.69536954  1.         -0.8704326  -0.30471778  0.06974061]
CCC(=O)Nc1ccc2[nH]c(C(F)(F)F)nc2c1,[-0.46624723  0.6651718  -0.71101815 -0.7894473   0.77943105]
CN(C)C(=O)Nc1ccc(Cl)cc1,[ 0.0899508   0.79114926 -0.8744178  -0.8017671   0.781715  ]
CCc1nc2cc(O)ccc2c(Oc2ccc(/C=C/C(=O)O)cc2)c1-c1ccccc1,[-0.0327951   0.91698676 -0.72838503 -0.5417775   0.22983184]
COP(=S)(OC)Oc1ccc(S(N)(=O)=O)cc1,"[ 5.1468972e-04  1.2842737e-01 -2.7847227e-01 -6.2404042e-01
  4.0823963e-01]"
O=c1cc(-c2ccc(O)cc2)oc2cc([O-])c(C3OC(CO)C(O)C(O)C3O)c(O)c12,[ 0.03365839  0.8997694  -0.714625   -0.09083153 -0.58168954]
Cc1cc(=O)n(CSP(=S)(OC(C)C)OC(C)C)nc1Cl,[-0.22122855 -0.08947599 -0.81696343 -0.7389882   0.02089599]
C=C(OP(=O)(OC)OC)c1ccc(Cl)cc1Cl,[ 0.28455272  0.8943221  -0.7428142  -0.6531358   0.6307156 ]
CCOP(=O)(CC)SC,[ 0.14891446  0.8819989  -0.73042816 -0.823465   -0.26786625]
Cc1ccsc1C(=CCC[NH+]1CCCC(C(=O)[O-])C1)c1sccc1C,[-0.12116556  0.78520626 -0.44819027 -0.76618755 -0.01401953]
C=C(C)C(=O)OC=C(C)C,[ 0.4438624   0.7842324  -0.53752774 -0.70576894 -0.09032932]
CC(O)C(=O)Nc1c(I)c(C(=O)NC(CO)CO)c(I)c(C(=O)NC(CO)CO)c1I,[ 0.16476716  0.57678556  0.7076604  -0.324437   -0.40292415]
Cn1cnc(S(=O)(=O)N(CCN(Cc2cncn2C)c2ccc(C#N)cc2)Cc2ccccc2)c1,[-0.21020171  0.6007494  -0.70710486 -0.76968116 -0.06121809]
CCCOCCOC(=O)C1=C(C)NC(C)=C(C(=O)OCCOCCC)C1c1cccc([N+](=O)[O-])c1,[ 0.57062435  1.         -0.8777952  -1.         -0.30027178]
CC(=O)Oc1ccc2c3c1OC1C(OC(C)=O)C=CC4C(C2)[NH+](C)CCC341,[ 0.3675031   1.         -0.30463877 -0.770017    0.18142182]
c1cc2c(c(N3CC[NH2+]CC3)c1)OCCO2,[ 0.5757658   0.74928075 -0.01147827 -0.7091587   0.22010835]
O=[N+]([O-])c1cc(Cl)c(N=Nc2ccc(N3CCS(=O)(=O)CC3)cc2)c(Cl)c1,[-0.01560089  0.8692624  -0.08581673 -0.47400242 -0.30389634]
C[C@@H]1NC(=O)[C@@H](C)N(C)C(=O)[C@H](C)N(C)C(=O)[C@@H](C)N(C)C(=O)[C@@H](C)N(C)C(=O)[C@H](C)NC1=O,[-0.00999102  0.20540898 -0.6334083  -1.         -0.1458604 ]
COc1cc(OC)c(S(=O)(=O)N2c3ccccc3CCC2C)cc1NC(=O)CSCC(=O)O,[-0.23085797  0.756305   -0.6524782  -0.914171   -0.15492745]
CCC1OC(=O)C(C)C(=O)C(C)C(OC2OC(C)CC([NH+](C)C)C2O)C(C)(OC)CC(C)C(=O)C(C)C2N(CCCCn3cnc(-c4cccnc4)c3)C(=O)OC12C,[-0.87654674  0.7125157  -0.9511153  -0.74120134  0.2296503 ]
COc1c(Cl)ccc(Cl)c1C(=O)OCCN(CCOC(=O)c1c(Cl)ccc(Cl)c1OC)c1ccccc1,[ 0.38682207  0.8024803   0.0448512  -0.7490253  -0.01532827]
CSCCNc1nc(SCCC(F)(F)F)nc2c1ncn2C1OC(COP(=O)([O-])OP(=O)([O-])C(Cl)(Cl)P(=O)([O-])[O-])C(O)C1O,[-0.8224371   0.8930636  -0.5274968  -0.50528497 -0.08252122]
CCN(CC)c1ccc2cc(C(=O)NC3(C(=O)N[C@H](Cc4ccccc4)C(=O)NCC4CCN(CC5CCOCC5)CC4)CCCC3)sc2c1,[-0.35970226  0.3657153  -0.60365385  0.53791165 -0.47736955]
FC(F)(F)c1nc2c(Br)cc(Br)cc2[nH]1,[ 0.27455524  0.839676   -0.8470302  -0.5869831  -0.38673443]
CCOP(=O)(OCC)Oc1nc(Cl)c(Cl)cc1Cl,[ 0.2129731   0.28311515 -0.7446958  -0.7539313  -0.4095838 ]
C=CC(=O)OCCOCC,[ 0.3227814   0.82959485 -0.5393907   0.27411675  0.01715295]
COP(=S)(OC)SCc1nnc(SC)s1,[ 0.14863686  0.5574993  -0.4191356  -0.58696026  0.3473867 ]
CCCCOC(=O)C1CC1OCCCC,[ 0.05616211  1.         -0.6620686  -0.25556362  0.20562825]
C#CC1(O)C=CC2C3CCC4=CC(=O)CCC4C3CCC21CC,[-0.3757543   0.5354058  -0.769109   -0.9160712  -0.19329603]
CC1(C)C(=O)N(CO)C(=O)N1CO,[ 0.3743281   0.65470713 -0.6199154   0.35524008  0.01602121]
C=CC(=O)OCCOC(=O)c1ccc(C(=O)O)cc1C(=O)O,[-0.00107086 -0.11903424 -0.961922   -0.4189203   0.08977414]
CCC(C)c1ccc(Oc2ccc(C)cc2CC(=O)O)c(Cl)c1,[ 0.42939854  0.9259447  -0.75029564 -0.67455584 -0.32302997]
Cc1c(Sc2ccc(Cl)cc2)c2c(-c3cnccn3)cccc2n1CC(=O)O,[ 0.17459887 -0.44239575 -0.9163418  -0.87670535  0.22178386]
CC(O)CO,[ 0.5529295   0.5979885  -0.59304065 -0.63499606 -0.42250124]
O=C(CO)N1CCC(c2[nH]nc(-c3ccc(Cl)cc3F)c2-c2ccncn2)CC1,[0.15499479 0.33544177 0.43861595 0.11470789 0.8103872 ]
Clc1cccc([Si]23OCCN(CCO2)CCO3)c1,[ 0.30435675  0.835392   -0.5752614  -0.93352526 -0.5141184 ]
CN=C=S,[ 0.24963239  0.9661201  -0.77887005  0.04595075 -0.49669915]
COCCOC(=O)CC#N,[ 0.13347664  0.9982376  -0.7947937  -0.94345856  0.08538536]
C1=CCC(C2OCC3(CC=CCC3)CO2)CC1,[-0.6079787   0.6279467  -0.7793602  -0.12469289 -0.12455729]
CCNC(=O)C=Cc1cccc(Br)c1,[ 0.24345808  0.19594237 -0.4964454   0.13688712  0.2118253 ]
Cc1ccc(N2CC(COc3ccc(-c4noc(C)n4)cc3)C2)nn1,[-0.31744766  0.6407209  -0.9132279  -0.6418752  -0.07983699]
Cc1cc(=O)cc(-c2ccccc2)o1,[ 0.41389897  0.6690536  -0.6824995  -0.6644069  -0.15757872]
CBr,[-0.4595735   0.8035583  -0.80762327 -0.78734756 -0.1656916 ]
COc1cc(OC)c(S(=O)(=O)NCc2ccccc2N2CCC(COC(=O)CCC(=O)O)CC2)cc1NC(=O)CCC(=O)O,[ 0.08398245  0.73618025 -0.8089819  -0.90836585 -0.5209694 ]
O=[N+]([O-])c1c(Cl)c(Cl)c(Cl)c2nc(C(F)(F)F)[nH]c12,[-0.02418138  0.40690106  0.47208312 -0.58809006  0.5445073 ]
Nc1c(Cl)c(Cl)c2[nH]c(C(F)(F)F)nc2c1Cl,[ 0.3580816   0.47968617 -0.47721922 -0.87038773 -0.06333276]
O=NN(c1ccccc1)c1ccccc1,[ 0.49398577  0.7992889  -0.8791065  -0.79873604  0.7401189 ]
Fc1cc(-c2cccc3ncc(-c4cnn(C5CCNCC5)c4)nc23)cc(F)c1CN1CCOCC1,[ 0.34654295  0.6594564  -0.43433788 -0.19781163 -0.06207185]
CCCCc1nc(Cl)c(CO)n1Cc1ccc(-c2ccccc2-c2nnn[nH]2)cc1,[ 0.15496095  0.90428334 -0.36375767 -0.25079775  0.08581379]
CN1CCC(=C2c3ccccc3Sc3ccccc32)CC1,[ 0.15937074  0.8832742  -0.85614794 -0.6753888  -0.14867558]
O=C(Cc1cccs1)N[C@@H]1C(=O)N2C(C(=O)[O-])=C(C[n+]3ccccc3)CS[C@H]12,[ 0.57705486  0.663413   -0.88860506 -0.43865398  0.0781782 ]
CCc1nn(C2CCCC2)c2c1CCn1c(-c3cccs3)nnc1-2,[ 0.12032098  0.85815424 -0.9670225  -0.61844057 -0.13872434]
COP(=S)(OC)Oc1cnc2ccccc2n1,[ 0.65951174  0.8524828  -0.98747295 -0.71989095 -0.10079503]
CSCCC(OC(C)=O)C(=O)O,[ 0.19667594  0.7759917  -0.81198806 -0.7197792   0.53912497]
CCC(C)OC=O,[ 0.6645212  -0.42374188 -1.         -0.56887376 -0.50499755]
CN(C)c1ccc(O)c2c1CC1CC3C([NH+](C)C)C([O-])=C(C(N)=O)C(=O)C3(O)C(O)=C1C2=O,[ 0.21596368  0.47097328 -0.92318815 -0.6167159   0.7665906 ]
O=C(CN1CCOCC1)NN=Cc1ccc([N+](=O)[O-])o1,[-0.00107641  0.8331676  -0.65809256 -0.64524245  0.03397201]
CCOc1ccccc1OC(c1ccccc1)C1C[NH2+]CCO1,[-0.59817815  1.         -0.84231323 -0.71603006 -0.33276108]
O=C(O)Cc1ccccc1N1CCC(CN2CCC(Oc3ccc(Cl)c(Cl)c3)CC2)CC1,[-0.09534581  0.9045113  -0.87484294 -0.81517464 -0.3624814 ]
Nc1nc(O)c(Cl)c(-c2ccccc2)n1,[-0.0212054   0.22113451 -0.81586033 -0.9317474   0.31131482]
C[C@H](Cc1cccc(CC(=O)NC23CC4CC(CC(C4)C2)C3)c1)NC[C@H](O)c1ccc(O)c(CO)c1,[ 0.1559579   0.8928327  -0.6628199  -0.9409275  -0.14388976]
Cc1ncc(C[n+]2csc(CCO)c2C)c(N)n1,[ 0.03451477  0.18216172 -0.9012036  -0.1784408   0.6789582 ]
C[C@]12C[C@H](O)[C@H]3[C@@H](CCC4=CC(=O)CC[C@@]43C)[C@@H]1CC[C@]2(O)C(=O)CO,[ 0.14112042  0.93380755 -0.3790409  -0.7619088   0.33566415]
COC(=O)C1=C(C)NC(C)=C(C(=O)OCCN(C)Cc2ccccc2)C1c1cccc(N(O)O)c1,[ 0.01975934  1.         -0.32161245 -0.95336103 -0.25105292]
CCCCC(CC)C(=O)OC1=C(c2c(C)cc(C)cc2C)C(=O)c2ccccc21,[ 0.3948589  0.9369776 -0.7968468 -0.6968041 -0.3627907]
COc1cc(OC)c(C(=O)CCCN2CCCC2)c(OC)c1,[ 0.26793772  0.80214477 -0.68132395 -0.8518983  -0.48033231]
Nc1nc2c(ncn2COCCO)c(=O)[nH]1,[ 0.46610415 -0.09025498 -0.79571104 -0.12348567  0.23926002]
CCCC(=O)OC1(C(=O)COC(=O)CC)CCC2C3CCC4=CC(=O)CCC4(C)C3C(O)CC21C,[ 0.11448986  0.82946205 -0.980925   -0.7440791   0.33013943]
CC(C)[N+](=O)[O-],[ 0.49938768  0.8207848  -0.79657507 -0.75164413 -0.8328134 ]
Cc1onc2c(=O)n(C)nc(-c3ccccc3)c12,[ 0.2993897   0.8856794  -0.73682046 -0.582096   -0.19933432]
O=[N+]([O-])OC1COC2C(O)COC12,[-0.2703136  0.8877817 -0.8521293 -1.        -0.2718088]
N#Cc1ccc2[nH]c(C(F)(F)F)nc2c1,[ 0.10054827  0.836602   -0.76712674 -0.8064379  -0.24983425]
FC(F)(F)c1nc2c(Cl)c(Cl)cc(Cl)c2[nH]1,[ 0.10187809  0.3026803  -0.6842507  -0.825407   -0.13200316]
C=C(OP(=O)(OC)OC)P(=O)(OC)OC,[-0.13929065  0.843983   -0.64742213  0.5614349  -0.266039  ]
C#CC(C)(C)NC(=O)c1cc(Cl)cc(Cl)c1,[-0.08752946  0.8789316  -0.6252714  -0.8254954  -0.5224178 ]
Cn1cncc1CN(CCN(Cc1ccccc1)S(=O)(=O)c1ccccn1)c1ccc(C#N)cc1,[ 0.50090176  0.54758763 -1.         -0.66883004  0.25305068]
COc1cc(C=CC(=S)N2CCOCC2)cc(OC)c1OC,[-0.3792728  -0.03906593 -0.502258   -0.7484406   0.00195105]
CCOP(=O)(OCC)N(C)c1ccccc1,[ 0.44342673  1.         -0.77036107 -0.0062481   0.13041908]
Clc1ccc(Cl)c(Cl)c1,[-0.27034223  0.5042684  -0.98545474 -0.61745644  0.07701599]
CCn1cc(C(=O)O)c(=O)c2cc(F)c(N3CCN(C)CC3)cc21,[ 0.11682246  0.8062695  -0.76636    -0.23412298  0.15863667]
CCOc1ccccc1-c1ccc(-c2nc3ccncc3c(O)c2C#N)cc1,[ 0.5698465   0.13219306 -0.65542126 -0.438066    0.16733852]
COc1ccc(N)c([N+](=O)[O-])c1,[ 0.39868072  0.8813699  -0.8066595  -0.8956401  -0.10783646]
CN(C)CC/C=C1/c2ccccc2COc2ccc(CC(=O)O)cc21,[ 0.04915933  0.65412176 -0.01248247  0.16237548 -0.2462235 ]
CCCOC(=O)c1ccc(C(=O)OCCC)nc1,[ 0.11366428 -0.0790771  -0.18164203 -0.8934659  -0.06512658]
O=C(O)CC(CC1CCN(C(=O)CCc2ccc3c(n2)NCCC3)CC1)C1CNc2ccccc2C1,[ 0.47312722 -0.11871155  0.45015287 -0.99913204  0.26529557]
Cc1cc(-n2c(C)nc3ccccc3c2=O)n(-c2ccccc2)n1,[ 0.48003107  0.686211   -0.2559647  -0.48218787 -0.34853137]
Cc1ccc2c(c1)c(-c1ccnc3cc(Cl)ccc13)c(C)n2CC(=O)O,[ 0.17678402  0.9543607   0.30288556 -0.68997574  0.233725  ]
COC(=O)C(C)NP(=O)(OC[C@@H]1C=C[C@H](n2cc(C)c(=O)[nH]c2=O)O1)Oc1ccc(I)cc1,[ 0.0778423  -0.0791231  -0.97877145 -0.9732128   0.07365241]
CC=CC=CC=O,[ 0.43179289  0.41114858 -0.35229787 -0.6795789  -0.10863102]
O=C(COc1ccc(Cc2ccc(Cl)cc2)cc1)OCc1cccnc1,[-0.07076639  0.8265243  -0.86054957 -0.8106796  -0.11802682]
CCNC(=O)C(C)OC(=O)Nc1ccccc1,[ 0.278072    0.73093957 -0.75023603 -0.8011153  -0.14040187]
CCN(CC)CCNC(=O)c1cc(Br)c(N)cc1OC,[ 0.07990617  0.86097485 -0.7291194  -0.6248366  -0.26622567]
O=c1n(CC2CO2)c(=O)n(CC2CO2)n1CC1CO1,[ 0.34219906  0.07984357 -0.977835   -0.9348089  -0.3700171 ]
OCCNCCc1ccccc1,[-0.1484424  0.7128624 -0.7857584 -1.         0.6406699]
Cc1nn(C)c(Oc2ccccc2)c1C=NOCc1ccc(C(=O)OC(C)(C)C)cc1,[ 0.9464603  -1.          1.         -0.95109355  1.        ]
C#CC1(O)C(CO)OC(n2ccc(N)nc2=O)C1O,[-0.05097275  0.8056436  -0.62066156 -0.8349621  -0.39772123]
O=[N+]([O-])c1nccs1,[ 0.07847504  0.64492476 -0.9630219  -0.89133    -0.14721662]
O=S1(=O)CCN(c2ccccc2)CC1,[ 0.2570255   0.720122   -0.8229098  -0.77141154  0.6330699 ]
COc1ccc(-c2nc3ccc(C4=NNC(=O)CC4C)cc3[nH]2)cc1,[ 0.52620137  0.5532098  -0.41815236 -0.91605955 -0.34354323]
CP(=S)(Oc1ccccc1)Oc1ccc(C#N)cc1,[ 0.28278923  0.7768659  -0.58127046  0.45277992  0.16043487]
O=C(O)COc1ccccc1,[ 0.07841701 -0.5095186  -0.00659633 -0.38016242 -0.23908918]
CCC(=O)OC1CCC2C3CCC4=CC(=O)CCC4(C)C3CCC12C,[ 0.33134678 -0.23344718 -0.77135164 -0.9757815   0.08313429]
O=CC=CC1CO1,"[ 2.9435089e-01  9.0592724e-01 -6.0771781e-01 -1.0000000e+00
  2.8015231e-04]"
CNC(=O)c1c(I)c(NC(C)=O)c(I)c(C(=O)[O-])c1I,[-0.02630625  0.92094207 -0.09947214 -1.         -0.2759372 ]
O=C(C(F)(F)Cl)C(F)(F)Cl,[ 0.0106675   0.8969939  -0.9090324  -0.5007191   0.48370776]
CCCOCCN(C(=O)CCl)c1c(CC)cccc1CC,[ 0.26503965  0.8180206   0.13636608 -0.365952   -0.39207962]
ClCc1ccccc1,[ 0.35149965  0.95257926 -0.5069998  -0.79315126  0.37516025]
CCCCCCCc1ccccc1O,[ 0.20633855  0.545673   -0.55233085 -0.8053829  -0.17320375]
O=C(Cc1ccc(OCc2ccccc2)cc1)NO,[ 0.80885     0.73845214 -0.8174693  -0.5206678  -0.16095594]
CC(C)c1cccc(C(C)C)c1O,[ 0.3884617  -0.9932214  -0.18788046 -0.39475694 -0.03693478]
Cc1c(Cl)c([N+](=O)[O-])c2[nH]c(C(F)(F)F)nc2c1[N+](=O)[O-],[ 0.33243135  0.61876255 -0.39509243 -1.         -0.0268812 ]
COC(=O)c1cc(Oc2ccc(Cl)cc2Cl)ccc1[N+](=O)[O-],[ 0.0299991  -0.491615   -0.58016217 -1.         -0.04352929]
C=C(C)c1ccc(C(C)(C)N=C=O)cc1,[ 0.09586491  0.83674836 -0.6505736  -0.8334798  -0.46463245]
CNC(=O)c1cccc2c(Nc3ccc(NS(C)(=O)=O)cc3OC)c3cccc(C)c3nc12,[-0.14283587  0.72354585 -0.8732139  -0.5283278   0.67570573]
CC1(C)C2CC=C(CCO)C1C2,[ 0.29064846  0.7145923  -0.6855647  -0.60877365  0.23869322]
CC1(C)CC2(NC(=O)N(CCCN3CCC(O)CC3)C2=O)c2cc(F)ccc2O1,[ 0.960359    0.76838475  0.95022917 -1.         -0.03248958]
CCCN(CCC)c1c([N+](=O)[O-])cc(C(C)C)cc1[N+](=O)[O-],[-0.10715543  0.8840063  -0.86531633 -0.8034514  -0.1516038 ]
O=C(Cl)c1cccc(C(=O)Cl)c1,[ 0.18979216  0.1963661  -0.57710195 -0.13539669 -0.19832838]
CN(C)C(=O)N(C)N=O,[ 0.39383215  0.76354164 -0.7246367  -0.81404495 -0.13180324]
O=CNC(N1CCN(C(NC=O)C(Cl)(Cl)Cl)CC1)C(Cl)(Cl)Cl,[ 0.25730842  0.8809452  -0.8345388  -0.8329013   0.61328113]
CCOC(C)=Cc1oc2ccccc2[n+]1CCCS(=O)(=O)[O-],[ 0.18296646  0.8432961  -0.8188821  -0.60425836 -0.46865746]
Cn1c(C2=CCN(CCCN3c4ccccc4Sc4ccc(CC(=O)O)cc43)CC2)cc(=O)n(C)c1=O,[ 0.6535226   0.8276684  -0.12459054 -0.57310724 -0.07125689]
O=c1[nH]c2ccccc2n1CCC[NH+]1CCC(n2c(=O)[nH]c3cc(Cl)ccc32)CC1,[ 0.10475682  0.41149732  0.9127131  -0.32343856 -0.4626875 ]
Nc1nc(-c2ccccn2)nc(N)c1Cc1ccc(Cl)cc1Cl,[-0.00475475  0.89285153 -0.81001234 -0.36953023 -0.36073363]
CC1CC(=O)CC(C)O1,[ 0.22873576 -0.5060777  -0.8406689  -0.9558381   0.07459322]
CC#CN(CC)CC,[ 0.20224893  0.5082085  -0.7047234  -0.71597034  0.03130573]
CCC(C)c1ccccc1,[ 0.31841165  0.8005591  -1.         -0.4497289  -0.4205704 ]
CN(C)C(=O)Oc1cccc2sccc12,[ 0.25568512  0.45087665 -0.87568873 -0.8395617  -0.03441693]
O=C(c1ccccc1)c1cccc2c1CCC2C(=O)O,[-0.17722307  0.9599054  -0.7897812  -0.6667411  -0.19098298]
N#CSCCSC#N,[-0.05607419  1.         -0.79940045 -0.8196677  -0.36337513]
C=CS(=O)(=O)CCCCCC,[ 0.29918793  0.931417    0.11081079 -0.71470064  0.06349073]
CC(C)(O)c1ccccc1,[ 0.30804747  0.8206709  -0.78247416 -0.01425174  0.13491322]
O=P(OCCCl)(OCCCl)OC1CC(C(Br)CBr)CCC1Cl,[ 0.3882475   0.7635113  -0.76195216 -0.8229451  -0.20096895]
COP(=S)(OC)SCc1nnc(C(C)C)o1,[ 0.00665267  0.89202607 -0.713322   -0.7538771  -0.08611718]
CCCCc1c(OC(=O)c2cc(OC)c(OC)c(OC)c2)n(-c2ccccc2)n(-c2ccccc2)c1=O,[-0.14661501  0.8193199  -0.65423614 -0.8038992  -0.33030823]
CC1CN(C2CCCCCCCCCCC2)CC(C)O1,[ 0.46451962  0.8834059  -0.7491623   0.12966189  0.09389916]
CN,[ 0.21670341  0.7635301  -0.82021755 -0.3284382   0.85900134]
CC1OC(OC2C(O)CC(OC3C(O)CC(OC4CCC5(C)C(CCC6C5CC(O)C5(C)C(C7=CC(=O)OC7)CCC65O)C4)OC3C)OC2C)CC(O)C1O,[-0.3007451   0.3689278  -0.74926966 -0.87750936 -0.04926626]
CC(=O)N(C)c1ccc2ccn(-c3cc(NC4CC4)n4ncc(C#N)c4n3)c2c1,[ 0.42788997 -0.43120876 -0.4636593  -0.49142984  0.00332188]
COc1cc2nc(N3CCN(C(=O)C4COc5ccccc5O4)CC3)nc(N)c2cc1OC,[ 0.0019367   0.9096247  -0.61422193 -0.22274733 -0.37912393]
CC#CCC(C)C(O)C=CC1C(O)CC2Oc3c(CCCC(=O)O)cccc3C21,[ 0.4166001   1.         -0.8092768  -0.20102057 -0.05558264]
C#CCN(C)c1ccccc1OC(=O)NC,[-0.11291489 -0.46104476  0.08865856 -0.37390494 -0.308531  ]
Fc1cc2nc(C(F)(F)F)[nH]c2cc1Cl,[ 0.06193018  0.90598625 -0.9709766  -0.9814726  -0.34373188]
Nc1cc[n+]([O-])cc1,[ 0.11698125  0.84310067 -0.83980185 -0.9078596  -0.30455348]
CN1CCN(CCC=C2c3ccccc3Sc3ccc(S(=O)(=O)N(C)C)cc32)CC1,[-0.44722715  1.         -0.64703333 -0.87982875  0.02815208]
ClCC(Cl)Cl,[ 0.5065711   0.5963136  -0.8939305  -0.7734622  -0.14485648]
CN(C)C(=O)C(CCN1CCC(O)(c2ccc(Cl)cc2)CC1)(c1ccccc1)c1ccccc1,[ 0.19839074  0.83579105 -0.14431755 -0.01542169 -0.14819638]
C1=CCCC=CCCC=CCC1,[-0.18886203  0.85097855 -0.88687146 -1.         -0.6371566 ]
N#CCc1ccccc1,[-0.1908301   0.86407286 -1.         -0.8312349  -0.21321827]
CC(=O)C1(O)Cc2c(O)c3c(c(O)c2C(OC2CC(N4CC4)C(OS(C)(=O)=O)C(C)O2)C1)C(=O)c1ccccc1C3=O,[ 0.11084756  0.93026716 -0.6340824  -0.07699288 -0.34986496]
CC(C)C1NC(=O)c2ccccc2O1,[ 0.2265521   0.86483675 -0.74359894 -0.7367517  -0.03664304]
CCCCCCCCCCOC(=O)Cc1ccc(N(CCCl)CCCl)cc1,[ 0.28479525 -0.27931786 -0.6913195   0.08275599  0.33012107]
CO/N=C(/C(=O)NC1C(=O)N2C(C(=O)[O-])=C(C[N+]34CCC(C(N)=O)(CC3)CC4)CSC12)c1nsc(N)n1,[ 0.0179523   0.78785074 -0.70051306 -0.9157523   0.20417769]
CNC(=O)c1[nH]cnc1C(=O)Nc1ccc(OC)cc1,[-0.20808052  0.84180474 -0.3529307  -0.9735996   0.41706747]
CNC(=O)Oc1ccc(CCC#N)cc1,[ 0.34033474  0.776362   -0.2462122  -1.          0.08837356]
O=C(Nc1ccc(Br)cc1)c1cc(Br)cc(Br)c1O,[ 0.6914188  -0.34312204 -0.6229134  -0.5650638  -0.7639149 ]
COP(=S)(OC)Oc1cc(Cl)c(Cl)cc1Cl,[ 0.00296497 -0.556174   -0.701833   -0.85199153 -0.05964538]
Clc1cc(Cl)cc(Cl)c1,[ 0.6108788   0.6066937  -0.90460724 -0.8645895  -0.23551594]
CN(C)CCC=C1c2ccccc2CCc2ccccc21,[-0.04773774  0.77609813 -0.4229503  -0.5378903   0.38896674]
CC1=C(CC(=O)O)c2cc(F)ccc2C1=Cc1ccc(S(C)=O)cc1,[ 0.24339518  0.8239595  -0.43631697 -0.13041559 -0.3479857 ]
COP(=O)(OC)OC(=CCl)c1cc(Cl)ccc1Cl,[ 0.48904222  0.8746993  -0.8856148  -0.46781167  0.00578837]
O=C(OCC=Cc1ccccc1)c1ccccc1,[ 0.06979074  0.7291646  -0.9843546  -0.8845835  -0.28092107]
Cc1cc(Nc2nc(N[C@@H](C)c3ccc(F)cc3)ncc2Cl)n[nH]1,[ 0.14466989  0.7172587  -0.59681386 -0.82428735 -0.3754329 ]
O=C(NC[C@@H](O)CN1CCC(Oc2ccc(Cl)c(Cl)c2)CC1)c1c[nH]c(=O)c2cc(F)ccc12,[ 0.2668408  -0.790646   -0.6531961  -0.90441096  0.11163868]
Cc1cccc([N+](=O)[O-])c1[N+](=O)[O-],[-0.46405408  0.89192873 -0.51469946 -0.79637516  0.3770638 ]
OCCOCCOCCOCCO,[ 0.53966224  0.850516   -0.76305383 -0.8101093  -0.27957046]
CC(C)(O)c1ccc(Nc2nc3ccc(C#N)cc3[nH]2)cc1,[ 0.31826    -0.49475905 -0.94840366 -0.25452194  0.18711728]
COP(=O)(SC(C)C)SC(C)C,[-0.3302602   0.8396819  -0.01624712 -0.17367116 -0.4111542 ]
Nc1nc(Nc2ccc(S(N)(=O)=O)cc2)nn1C(=O)c1c(F)cccc1F,[-0.04604436  0.79448533 -0.79682404 -0.639571   -0.68557125]
O=C(CCC(=O)OC1CCCCC1)OC1CCCCC1,[ 0.20015389  0.35015193  0.12573917 -0.19656155  0.16418406]
CC12CCC3c4ccc(O)cc4CC(CCCCCCCCCS(=O)CCCC(F)(F)C(F)(F)F)C3C1CCC2O,[ 0.42357188  0.17780475 -0.9587266  -0.2489825  -0.17146868]
O=C(O)CCCOc1ccc(Cl)cc1Cl,[-0.36924154 -0.04320695 -0.69796574 -0.7325518   0.01195573]
O=C1COc2ccc(CNC3CCN(CCN4C(=O)COc5ccc(Cl)cc54)CC3)nc2N1,[ 0.49599314  0.6358389  -0.9655156  -0.53718185  0.09721462]
O=CCc1ccccc1,[ 0.26797274 -0.09116731 -0.80205894  0.38711002  0.09948628]
CCCCCCCC[Si](OCC)(OCC)OCC,[ 0.12210113 -0.2899611  -0.48643768 -0.06931326  0.48926237]
C=CCN1CCCC1CNC(=O)c1cc2nn[nH]c2cc1OC,[ 0.5015486  -0.18249387 -0.7286829  -0.27306023  0.4074994 ]
CC1CCCCC1NC(=O)Nc1ccccc1,[ 0.07781325  0.6234306  -0.607018   -0.7161722  -0.51014084]
CN(C)C(=O)Cl,[ 0.29937905  0.8700193  -0.67146015 -0.30970886  0.38514653]
CC(C)NCC(O)COc1cccc2ccccc12,[ 0.22703542  0.6473151  -0.7278528  -0.7506818  -0.6810183 ]
CCCCCC(O)C=CC1C(O)CC(O)C1CC=CCCCC(=O)O,[ 0.21173154  0.15738504 -0.7831509   0.3272267   0.51501864]
COc1cc(N)c2c(c1N)C(=O)c1ccccc1C2=O,[ 0.16054788  0.57731843 -0.94957054 -0.8642464  -0.09867914]
CN(CCCl)CCCl,[ 0.306022    0.75212103 -0.6723825  -0.863039    0.13806714]
C=CC(=O)OCCOC(=O)CC(C)=O,[ 0.12658134  0.840205   -0.6197028  -0.81681436  0.34278935]
O=[N+]([O-])c1cc(Cl)c2nc(C(F)(F)F)[nH]c2c1,[ 0.05610432  0.68278205 -0.7745156  -0.8129885   0.14136422]
C=C(Cl)C#N,[ 0.05649374  0.86436    -0.83286494 -0.62629175 -0.43798277]
CC(C(O)c1ccc(O)cc1)[NH+]1CCC(O)(c2ccccc2)CC1,[-0.2876541   0.51797634 -1.         -0.69438046  0.05626813]
CCC[C@H](NC(=O)[C@@H]1[C@H]2CCC[C@H]2CN1C(=O)[C@@H](NC(=O)[C@@H](NC(=O)c1cnccn1)C1CCCCC1)C(C)(C)C)C(=O)C(=O)NC1CC1,[ 0.4615968   0.66377044 -1.         -1.         -0.3408292 ]
C[N+](C)(C)[NH2+]CCC(=O)[O-],[ 0.06648139  0.81410795 -0.8716615  -0.95409685  0.04186874]
O=c1[nH]c(=O)c2ccccc2o1,[-0.08106831  0.86199516 -0.48051015 -0.61111295 -0.09384656]
CN(C)N=Nc1ccc(I)cc1,[-0.11913915 -0.4910833  -0.94972354 -0.7805463  -0.10558757]
c1ccc(OP(Oc2ccccc2)Oc2ccccc2)cc1,[ 0.6298798   1.         -0.75224817 -0.74383706  0.26447198]
CC(O)c1cccc(N)c1,[ 0.55189854  0.87585056 -0.7649617  -0.01576469 -0.18697576]
CCOC(=O)C1OC1c1ccccc1,[ 0.14394839  0.9096627  -1.         -0.64565635 -0.41810194]
CC(C)(C)c1ccc2c(c1)C(C)(C)CC2,[-0.18968178  0.8494467  -0.88548946 -0.23348886  0.1648963 ]
O=c1cc(N2CCOCC2)nc2n(Cc3cccc(Cl)c3Cl)ccn12,[ 0.35513604  0.40975478 -0.16289358 -0.15683882 -0.07967798]
N#CC(c1ccccc1)c1ccccc1,[ 0.60926586  0.6751713  -0.59372985 -0.55299056 -0.07211912]
CC(C)(C)NC(=O)NCCN1CCCC(NC(=O)c2cc(Cl)cc(Cl)c2)C1,[ 0.54044783  0.6696479  -0.39075443 -0.7755144  -0.18850535]
Cc1cccc2sc3nncn3c12,[ 0.12532304  0.6559562  -0.49575585 -0.19185328 -0.46104774]
CCCCOP(=O)(O)OCCCC,[ 0.5177571  -0.34251    -0.7412121  -0.6929529  -0.30543932]
C=CC(=O)Nc1ccc(O)cc1,[-0.16777764  0.822137   -0.9076073  -0.8815119   0.14787175]
CCC1=C(C)CN(C(=O)NCCc2ccc(S(=O)(=O)[N-]C(=O)NC3CCC(C)CC3)cc2)C1=O,[-0.26341704  0.77464664 -0.5585291  -0.852813   -0.16222389]
CN1C[C@@H]2c3ccccc3Oc3ccc(Cl)cc3[C@H]2C1,[ 0.2125387   0.59227365 -0.63067734 -0.5768371  -0.5898797 ]
CCN(CCO)c1cccc(C)c1,[ 0.35303295  0.5121012  -0.81918675 -0.64240235 -0.11884271]
COc1ccc(NC(=O)c2ccnc(N)n2)cc1,[ 0.11378241  0.7985067  -0.62747073 -0.4691444  -0.10875512]
COc1ccc2c3c1OC1CC(O)C=CC31CC[NH+](C)C2,[-0.34536678  0.8228099  -0.8028596  -0.75160956  0.3508912 ]
ClC1=C(Cl)C(Cl)(C2(Cl)C(Cl)=C(Cl)C(Cl)=C2Cl)C(Cl)=C1Cl,[ 0.31687257  0.7303351  -0.63483834  0.3793059   0.01626462]
CC(=O)C1OC1(C)C,[ 0.5404677   0.7885606  -0.8315211  -0.5959429  -0.40244904]
CCCCCCCCOC(C)=O,[-0.16826434  0.6651337  -0.97493654 -0.9154457  -0.39996967]
C=C(C)C1CC=C(C)C(O)C1,[ 0.10708957  0.56141603 -0.9005132  -0.6429708   0.20200862]
CC(C)(C)NCCO,[ 0.1212048   0.9387871  -0.81531763 -0.79977334 -0.43348226]
O=[N+]([O-])OCC(O)CO,[ 0.27243322  0.8705819  -0.32087487 -1.          0.20747279]
COc1ccc(-c2cc(=O)c3ccc(OC)cc3o2)cc1,[ 0.13405976  1.         -0.66605896 -0.19689085 -0.07596003]
COCC(=O)O[C@]1(CCN(C)CCCc2nc3ccccc3[nH]2)CCc2cc(F)ccc2[C@@H]1C(C)C,[ 0.04338028  0.8732952  -0.56489164 -0.6825319   0.22945566]
Cc1ccccc1COC1CC2(C(C)C)CCC1(C)O2,[ 0.05103099  0.0218488  -1.         -0.7120213   0.08505912]
c1ccc(C2CO2)cc1,[-0.12843528  0.9420844   0.02652936 -0.88179684  0.14487018]
ClCC1C(CCl)C2(Cl)C(Cl)=C(Cl)C1(Cl)C2(Cl)Cl,[ 0.49479938  0.723401   -1.         -0.79032636  0.24980807]
CC(=O)CCc1ccc(O)cc1,[ 0.35507455  1.         -1.         -1.         -0.7313356 ]
CS(=O)(=O)c1ccc(C(O)C(COC(=O)C[NH3+])NC(=O)C(Cl)Cl)cc1,[-0.19968511  0.78291786 -0.64549536 -0.56096065 -0.02479902]
CN(C)Cc1cc(CN(C)C)c(O)c(CN(C)C)c1,[ 0.28806174  0.8436165  -0.81152254 -0.37765974  0.0993865 ]
CC(C)(C#N)C(C)(C)C#N,[ 0.12539984  1.         -1.         -0.8834593  -0.44478986]
CCCCN(N=O)C(N)=O,[ 0.45540777  0.41847578 -0.5909123  -0.86777216 -0.2968944 ]
Cc1c(CN2CCOC(c3ccccc3)C2C)c(=O)n(-c2ccccc2)n1C,[ 0.26197442  0.7235301  -0.47970286 -0.613626   -0.52447027]
Cc1c(OC2CCN(CC3CCN([C@@](C)(Cc4ccc(F)cc4)C(=O)O)CC3)CC2)ccc(Cl)c1Cl,[ 0.55625427  0.56171185 -0.7979109  -0.5618351  -0.34881207]
S=C1NCCNC(=S)S1,[ 0.16028047  0.39771336 -0.56884766 -0.99426687 -0.1897107 ]
C[S+]([O-])Cc1ccc(C(=O)Nc2ccc(OCCOCCO)nc2C(=O)NCC2CCC2)c2ccccc12,[ 0.4699098   0.9790349  -0.66670805 -0.5527052  -0.16834259]
C[C@@H](N/C(=N\c1ccncc1)NC#N)C(C)(C)C,"[ 5.1285193e-04  8.2443321e-01 -9.1177845e-01 -1.0000000e+00
 -3.5667804e-01]"
C(Oc1nc(OCC2CO2)nc(OCC2CO2)n1)C1CO1,[ 0.10397071  0.7860864  -0.273461   -0.7976706  -0.37493852]
CC[C@H]1CN(Cc2cc(Cl)ccc2OCC(=O)O)CCN1S(=O)(=O)c1ccccc1,[-0.00330176  0.73882675 -0.7726119  -0.4341506  -0.29418865]
CN1CN(CCO)CSC1=S,[ 0.133462    0.7807004  -0.8396398  -0.84330964 -0.1273707 ]
COc1cc(OC)c(S(=O)(=O)N(c2ccccc2)C(C)C)cc1NC(C)=O,[-0.3537332   0.4412102  -0.55272156 -0.9807716  -0.20912516]
CCOC(=O)COC(=O)c1cc(Oc2ccc(C(F)(F)F)cc2Cl)ccc1[N+](=O)[O-],[ 0.10413215  1.         -0.2735928  -0.38272858 -0.08962442]
CN(SSC(C)(C)C)C(=O)ON=C1SCCS1,[ 0.476394    0.57988083 -0.75617415  0.39055982 -0.33688712]
Cc1cccc(C)c1O,[ 0.15667531  0.1983192  -0.7707513   0.06023215 -0.11762162]
C#CC1(O)CCC2C3CCC4=CC(=O)CCC4C3C(=C)CC21CC,[ 0.00797072  1.         -0.73112196 -0.6347298  -0.29678535]
CC1=C2C[C@H]3[C@@H](CC=C4C[C@@H](O)CC[C@@]43C)[C@@H]2CC[C@]12O[C@@H]1C[C@H](C)CN[C@H]1[C@H]2C,[-0.5836606   0.7320949   0.09622616 -0.5455909  -0.1254764 ]
COCCNC(=O)c1ccc(Nc2ncc3cc(-c4ccncc4)ccc3n2)cc1C,[-0.10594058 -0.44927338 -0.6796756  -0.22810578  0.4691088 ]
COc1ccc(C(=O)Nc2ccccc2CCC2CCCCN2C)cc1,[ 0.64275855  0.81077474 -0.44280753 -0.98811203 -0.508346  ]
Cc1ncsc1C(=O)N(Cc1cc(=O)[nH]c2c(F)cccc12)c1cccc(Cl)c1,[ 0.25702876  0.88770765 -0.90269434 -0.5647944  -0.08705948]
Cc1c(-c2c(C)c(N)c3c(C(C)C)c(O)c(O)c(C=O)c3c2O)c(O)c2c(C=O)c(O)c(O)c(C(C)C)c2c1N,[-0.09095982 -0.8133945  -0.5528929  -0.9965819   0.06651722]
Cc1c(Sc2ccc(Cl)cc2)c2c(S(C)(=O)=O)cccc2n1CC(=O)O,[-0.3433863   0.8330618  -0.81173176 -0.65916616 -0.39464608]
O=C(O)CCC(=O)O,[ 0.00128032  0.7922463   0.19448394  0.04907657 -0.05721838]
CC(C)(c1ccc(Oc2ccc(N)cc2)cc1)c1ccc(Oc2ccc(N)cc2)cc1,[-0.12067495  0.83795774  0.05388496 -0.7859851   0.26130033]
CC(C=O)=Cc1ccco1,[ 0.14809033  0.97813606 -0.98062044 -0.8684825   0.6469129 ]
CCCCOCCOC(C)=O,[ 0.3084099   0.73681295 -0.57841563 -0.5188983  -0.44947198]
COc1cnc(-c2ccccc2C(F)(F)CNC(=O)c2ccc(COCC(F)(F)F)nc2)cn1,[-0.12793207 -0.15997717 -0.27241904 -0.7613782  -0.02610484]
C=COC(=O)C=CC,[-0.26762626  0.84700185 -0.19978052 -0.68804127  0.0561479 ]
CCOC(=O)C(CCc1ccccc1)NC1CCc2ccccc2N(CC(=O)O)C1=O,[ 0.07050335  0.7551169  -0.6987853  -1.         -0.07211076]
COC(=O)Cc1ccccc1,[ 0.02880022  0.9046411  -0.9860128  -0.36674613 -0.19399248]
C1=CC2C=CC1C2,[ 0.12177292  0.94485307 -0.92737377 -0.49315432  0.28340256]
CCOc1cc2ncc(C(N)=O)c(Nc3ccc(F)cc3F)c2cc1N1CCN(C2CC2)CC1,[-0.2982234  0.277933  -0.3610341  0.5915763 -0.2760852]
CC1(C)CC(NC2CC(C)(C)NC(C)(C)C2)CC(C)(C)N1,[ 0.3158324   0.91241795 -0.11849562 -0.6785562  -0.25812247]
COc1cc2ncc(C(N)=O)c(Nc3ccc(C)cc3F)c2cc1OC,[-0.01839183  0.7602818  -0.93199104 -0.6051535  -0.22121832]
C=CCSP(=O)(NC(=O)CC)OC,[ 0.42090416  0.7251969  -0.847045   -0.37773153 -0.4745073 ]
CNC(=O)Oc1cc(C)c(N(C)C)cc1C(C)C,[ 0.38262323  0.9027271  -0.8379467  -0.194269   -0.17667316]
CNC(=O)/C=C(/c1ccc2nc(N)n(S(=O)(=O)C(C)C)c2c1)c1ccccc1-c1cccc2ccccc12,[ 0.41294667  0.68855655 -0.8868139  -0.9103489   0.51802576]
O=C1c2ccccc2N(C(=O)CN2CCOCC2)CN1c1ccccc1,[ 0.4096458   0.569412   -0.8984272  -0.54460347 -0.19332752]
Fc1ccc(Br)cc1,[ 0.35301867  0.7357577  -0.8007933   0.45440972  0.01433948]
CC(C)OC(=O)C(C(=O)OC(C)C)=C1SCCS1,[ 0.11663181  0.7506174  -1.          0.26806158 -0.35388026]
Cc1cccc(C)c1CCNC(N)=O,[-0.11423851  0.9160904  -0.4696991  -0.6825305   0.10861526]
CCN1C(=O)NC(c2ccccc2)C1=O,[ 0.03818962  0.39848801  0.09177851 -0.7394903   0.4744463 ]
C#CC(C)(C)O,[ 0.48656875  0.56742394 -0.82577074  0.22964263 -0.08631194]
CC(C)=CC1C(C(=O)OC(C#N)c2cccc(Oc3ccccc3)c2)C1(C)C,[ 0.3236033   0.61371505 -1.         -0.5241395   0.6208406 ]
CC(C)OP(=S)(OC(C)C)SCn1nc(Cl)ccc1=O,[-0.25861937  0.9297894  -0.24283047  0.4224662  -0.11700024]
Cc1c(C(=O)NCCO)[n+]([O-])c2ccccc2[n+]1[O-],[ 0.13348457  0.73230255  0.7393456  -0.0670666  -0.10012033]
C=CC(=O)OCC(CC)CCCC,[-0.27171493  0.80014616 -0.6401485  -0.87352306 -0.0916914 ]
CC([NH3+])Cc1ccccc1,[ 0.08213691  0.21728359 -0.6649221  -0.69281864 -0.11394328]
CCCCOC(=O)CC(SC(CC(=O)OCCCC)C(=O)OCCCC)C(=O)OCCCC,[ 0.19360207  0.64368755 -0.8857466  -0.33177683  0.284298  ]
Cc1ccc(NC(=O)c2ccc(C#N)cc2)cc1-n1cnc2ccc(N3CCN(C)CC3)cc2c1=O,[ 0.1514507   0.9117409  -0.55217624 -0.9854839  -0.04498467]
CC[C@H](C)C(=O)O[C@H]1C[C@H](O)C=C2C=C[C@H](C)[C@H](CC[C@@H](O)C[C@@H](O)CC(=O)O)[C@H]21,[ 0.21449761  0.8166441  -0.69255495 -0.76759297  0.0553644 ]
S=c1[nH]c2cc(Cl)ccc2o1,[ 0.42876577  0.82298064 -0.483947   -0.48217574 -0.56551176]
CCCCCCCCCCCCCCCCCCOP(=O)([O-])OCC[N+]1(C)CCCCC1,[-0.36663732  0.7671199  -0.36445618 -0.8635761  -0.34031147]
Nc1ccc(O)c([N+](=O)[O-])c1,[ 0.33150566 -0.82928395 -0.861809   -0.5877986  -0.1312769 ]
NCC1CCC=CO1,[-0.0015084   0.66686714 -0.92298365 -0.78908974  0.10451479]
Cc1ccc2c(c1)c(-c1ccnc3c(C)cccc13)c(C)n2CC(=O)O,[ 0.0490481   0.8512055  -0.56981134 -0.9994708  -0.4577376 ]
ClCC1CO1,[ 0.5211112   0.7630186  -0.68380874 -0.8837992  -0.3172223 ]
Oc1c(O)c(-c2c(Cl)c(Cl)c(Cl)c(Cl)c2Cl)c(Cl)c(Cl)c1Cl,[-0.37064397  0.70421886  1.         -0.13491409 -0.08365619]
Cc1cc(Nc2nc(N[C@@H](C)c3ncc(F)cn3)nc(N3CCOCC3)c2F)n[nH]1,[-0.20747332  0.866958   -0.6196451  -0.7682084  -0.22495376]
C=CC(=O)NCNC(=O)C=C,[ 0.5575586   0.76994467 -0.6053011  -0.78676146  0.08062735]
Cc1cncc(C)n1,[ 0.806393    0.8067219  -0.7319368  -0.22363207 -0.30058894]
CCN[C@@H]1C[C@H](N)[C@@H](O[C@H]2OC(CN)=CC[C@H]2N)[C@H](O)[C@H]1O[C@H]1OC[C@](C)(O)[C@H](NC)[C@H]1O,[ 0.2859305   0.64757854 -0.92262894 -0.98144984 -0.08073536]
CCN(CC)CCO,[ 0.45593536  0.96720904 -1.         -0.6993813  -0.328883  ]
C=C(Cl)C(Cl)CCl,[-0.01289323  0.47439355  0.02324546  0.19337043 -0.04752538]
CCC(C)N(C)C(=O)c1cc2ccccc2c(-c2ccccc2Cl)n1,[ 0.45764104  0.85967416 -0.7289695  -0.7500377  -0.6776648 ]
CCCCN(CCCC)CCCC,[-0.14465474  0.8356488  -0.79154336 -0.59533596 -0.42932183]
Cc1ccc(OP(=O)(Oc2ccccc2)Oc2ccccc2)cc1,[ 0.19555295  0.54843503 -0.8936162  -0.04268599 -0.12579083]
CC#CCC(C)C(O)/C=C/C1C(O)CC2C/C(=C/CCCC(=O)[O-])CC21,[-0.22323518  0.8162054  -0.710383   -0.87404954 -0.4089029 ]
NC(=O)CF,[-0.554234    0.73917246 -0.6211667  -0.5184419   0.09505243]
C=CCN1CCC23CCCCC2C1Cc1ccc(O)cc13,[ 0.1317851   0.6188716   0.04149663 -0.54888433 -0.32724884]
NCCCCN,[ 0.4370443   0.6815579  -0.91491497 -0.75798863  0.09911084]
COc1ccc2c(O[C@@H]3C[C@H]4C(=O)N[C@]5(C(=O)NS(=O)(=O)C6CC6)C[C@H]5/C=C\CCCCN(C)C(=O)[C@@H]4C3)nc(-c3ccc(F)cc3)nc2c1C,[ 0.46039215  0.5881293  -0.94613373 -0.9112274   0.10202453]
FC(F)(F)c1nc2c(Br)c(Br)cc(Br)c2[nH]1,[ 0.1983258   0.29339892 -0.71596926 -0.9753813  -0.37985066]
CCC(c1ccccc1)c1c(O)c2ccccc2oc1=O,[ 0.18651667  1.         -0.9743465  -0.9752053  -0.25852537]
CCP(=O)(OC)SC,[-0.24550384  0.8063146  -0.74379224 -0.7939056  -0.36390254]
CCC(C(=O)N1CCCCC1C(=O)OC(CCc1ccc(OC)c(OC)c1)c1cccc(OCC(=O)NCCNC(=O)COc2cccc(C(CCc3ccc(OC)c(OC)c3)OC(=O)C3CCCCN3C(=O)C(CC)c3cc(OC)c(OC)c(OC)c3)c2)c1)c1cc(OC)c(OC)c(OC)c1,[-0.02111454 -0.85904396 -0.6437988  -0.11732433 -0.13596022]
C=CC[NH+]1CCCC1CNC(=O)c1cc(S(=O)(=O)NC)c(N)cc1OC,[ 0.15980622  0.921421    0.14719227 -0.2118774  -0.21500152]
COP(=S)(OC)SCc1nc(N)nc(N)n1,[ 0.3122131   0.64365196 -0.85069966 -0.3460147   0.8339187 ]
COc1cc2c(cc1OC)C1CC(=O)C(CCC#N)CN1CC2,[-0.08364566  1.         -0.91549325 -0.81271446  0.57414603]
CC(C)OCCCO,[ 0.49829802  0.8391021  -0.610764   -0.38721278 -0.03971812]
CCOC(=O)NCCOc1ccc(Oc2ccccc2)cc1,[-0.39476445  0.9713251  -0.8238147  -0.5963519   0.16703933]
CNNC,[ 0.3986521   0.36376566 -0.85867584 -0.7529903  -0.35402197]
COC(C)CC(=O)O,[ 0.14003648  0.86325103 -0.78486234 -0.7103598  -0.16437727]
COc1ccc(C(Oc2ccccc2)C2=NCCCN2)cc1,[ 0.24420916 -0.81575537 -0.42742917 -0.5866567   0.12768306]
COP(=S)(OC)SC1CSC=CO1,[-0.71344924  0.7512196  -0.8179064  -0.7274823  -0.03937315]
CCCc1nnc(CSP(=S)(OCC)OCC)o1,[ 0.40926257  0.8972837  -0.64701825 -0.22092113 -0.45899794]
COc1cc(OC)c(S(=O)(=O)NCc2ccccc2N2CCCCC2)cc1NC(=O)CCC(=O)O,[ 0.7835728   0.62518287 -0.81535953 -0.52724135  0.05007624]
CCCN(CCC)c1c([N+](=O)[O-])cc(C)cc1[N+](=O)[O-],[ 0.31632304  0.69430816 -0.27765942 -0.33811596 -0.2834826 ]
c1ccc(COCc2ccccc2)cc1,[-0.3877363   0.86128646 -0.8636029  -0.32239535 -0.12699328]
Nc1c(CC(=O)[O-])cccc1C(=O)c1ccc(Br)cc1,[ 0.3469973   0.90977776 -0.7851339  -0.56448346 -0.27007023]
O=CCCCC=O,[ 0.47352394  0.9240619  -0.4914669  -1.         -0.31501037]
CC(C(N)=O)(c1ccccc1)c1ccc(N)cc1,[ 0.39970952  0.55732375 -0.4696409  -0.88441724 -0.1358206 ]
S=C=NCCN=C=S,[-0.29667664  0.6979028  -0.61677134 -0.6278062  -0.66798383]
CCOP(=O)(Cl)Cl,[ 0.10453312  0.8405515  -0.71747804 -0.47479355  0.1475094 ]
O=P([O-])([O-])C(O)(Cn1ccnc1)P(=O)([O-])O,[-0.92938817  0.4461209  -0.56993335 -0.27833277  0.0629915 ]
CC(C)C(O)(c1ccc(OC(F)(F)F)cc1)c1cncnc1,[ 0.1413948  -1.         -1.         -0.14757559 -1.        ]
CO[Si](CCCOCC1CO1)(OC)OC,[-0.0644448   0.8676672  -0.46842933 -0.567709   -0.28508624]
CCC(CC)(C(=O)O)c1cccc2ccccc12,[-0.13616174  0.8759834  -0.9405282  -0.9431188   0.10120931]
OCC(O)C(O)C(O)CO,[ 0.18736534 -0.0565613  -0.17142585 -0.4807403  -0.21139243]
C[C@H](CSN=O)C(=O)N1CCC[C@@H]1C(=O)O,[ 0.02015754  0.8629545  -0.8892123  -0.8306429   0.05503553]
CC(=O)N[C@H](Cc1ccc2ccccc2c1)C(=O)N[C@H](Cc1ccc(Cl)cc1)C(=O)N[C@H](Cc1cccnc1)C(=O)N[C@@H](CO)C(=O)N[C@@H](Cc1ccc(O)cc1)C(=O)N[C@H](CCCNC(N)=O)C(=O)N[C@@H](CC(C)C)C(=O)N[C@@H](CCCNC(=N)N)C(=O)N1CCC[C@H]1C(=O)N[C@H](C)C(N)=O,[ 0.179628    0.80012476 -0.6634812  -0.8053623   0.69011414]
O=c1[nH]cnc2c1ncn2[C@H]1CC[C@@H](CO)O1,[-0.30970904  0.76742697 -0.73455983 -0.63443106  0.09788126]
Nc1cc2c(S(=O)(=O)O)cc(S(=O)(=O)O)cc2cc1S(=O)(=O)O,[ 0.3806877   0.9099128  -1.         -0.87035763 -0.09588878]
CNC(=O)Oc1cccc2c1OC(C)(C)O2,[ 0.00340774  0.5718833  -0.8096049  -0.8070934   0.09667204]
Cc1cnc(NCCCN(C)C)c2c1[nH]c1ccc3cc(O)ccc3c12,[ 0.4034696   0.8161361   0.17746595 -0.5984496   0.08259054]
COCOCCO,[ 0.22680426  0.4841716  -0.7195506   0.02377699 -0.05122522]
CC(C(=O)O[C@@H]1CC[N+](C)(C)C1)(c1ccccc1)C1CCCC1,[-0.02346638  0.88609064 -0.97459096 -0.7080234  -0.18136378]
C=CCNC(=O)C(=O)C(CCC)NC(=O)C1CC2CN1C(=O)C(C1CCCCC1)NC(=O)Cc1cccc(c1)OCCC(C)(C)O2,[ 0.31040287  0.7421786  -0.8097882  -0.54294264  0.09997191]
CC1CC(=O)NN=C1c1ccc([N-]N=C(C#N)C#N)cc1,[ 0.06782375  0.16065991 -1.         -1.          0.27794066]
Cc1ccc2c(c1)c(S(=O)(=O)c1ccc(Cl)cc1)c(C)n2CC(=O)O,[ 0.53747314  0.27990142 -1.         -0.24130036 -0.31483603]
O=P(O)(O)C(O)(Cn1ccnc1)P(=O)(O)O,[-0.33907282  0.8601371  -0.92918813 -0.83909565 -0.04914831]
C[NH+](CCOc1ccc(NS(C)(=O)=O)cc1)CCc1ccc(NS(C)(=O)=O)cc1,[ 0.09128136  0.8752788  -1.         -0.77442384 -0.4057078 ]
