O=C(COc1ccc(Cc2ccc(Cl)cc2)cc1)OCc1cccnc1,[-0.19227903  0.80323017 -0.8272275  -0.78610724 -0.29788518]
C=CCN1CCC23CCCCC2C1Cc1ccc(O)cc13,[ 0.3595233   0.5575326  -0.57713014 -0.76370025  0.58980554]
Nc1ccc(S(=O)(=O)O)c2cccc(O)c12,[-0.3929104   0.8470512  -0.69250196 -0.7835055   0.48766705]
CC(=O)OCCOCCOCCOC(C)=O,[ 0.501253    0.7080896  -0.46435043 -0.5574259   0.10416224]
Cc1cnc(NCCCN(C)C)c2c1[nH]c1ccc3cc(O)ccc3c12,[ 0.24003688  0.7772848  -0.52234256 -0.835249    0.24283333]
COC(=O)C(C(C)=O)C(C)=O,[ 0.14287797  0.6049652  -0.98257816 -0.8811981  -0.13538463]
CCC(C)N(C)C(=O)c1cc2ccccc2c(-c2ccccc2Cl)n1,[ 0.5948804   0.8661663  -0.8905769  -1.         -0.33774406]
N#CCc1ccccc1,[ 0.02496594  0.96179426 -0.5275485  -0.73752373 -0.28661656]
Cc1cnc(-c2cc(NC(=O)c3ccc(C(F)(F)F)nc3C)ccc2Cl)[nH]1,[ 0.10458875 -0.13993879 -0.4615307  -0.5764705   0.35391185]
CN(C)C(=O)Cl,[ 0.36688617  0.64339274 -0.56087315 -0.4993674   0.1527349 ]
Cc1cc(Cl)ccc1OCC(=O)Nc1ccccc1,[-0.2984529   1.         -0.7940911  -0.7002174   0.34631646]
CC1CCC2(O)C3(C)CC4(O)OC2(C1O)C1(O)C3(O)C(OC(=O)c2ccc[nH]2)C(O)(C(C)C)C41C,[-0.0397446   0.8838042  -0.975437   -0.72035944  0.12460973]
CCCCCCCCCCOc1c(OC)cc(C(N)=O)cc1OC,[ 0.31279173  0.38204622 -0.6077994  -0.82428026 -0.23613004]
Cc1cc(-n2c(C)nc3ccccc3c2=O)n(-c2ccccc2)n1,[ 0.34706682  0.7504403  -0.67067665 -0.5643184  -0.29148683]
COc1ccccc1Oc1c([N-]S(=O)(=O)c2ccc(C(C)C)cn2)nc(-c2ccnc(-c3nnn[n-]3)c2)nc1OCCO,[ 0.42920703  0.26743346 -0.86924237 -0.9202056  -0.41260496]
CC(=O)OC(C(Cl)(Cl)Cl)P(=O)(Oc1ccccc1)Oc1ccccc1,[ 0.30985665  0.05469808 -0.7734937  -0.83278227 -0.06042874]
C[C@H](CO)Nc1nc(SCc2ccccc2F)nc2[nH]c(=O)sc12,[-0.30155975  0.8277369  -0.523496   -0.32980245  0.27406123]
COc1cc(OC)c(C(=O)CCCN2CCCC2)c(OC)c1,[ 0.413888    0.678587   -0.54581857 -0.7926197  -0.21379231]
CSCC(NC(=O)COc1cccc2cnccc12)C(=O)NC(Cc1ccccc1)C(O)C(=O)N1CSCC1C(=O)NC(C)(C)C,[ 0.7583531   0.20526825 -0.6866805  -0.79925555  0.08167278]
CCC(C)OC=O,[ 0.4076751  -0.7435749   0.1269648  -0.35387132 -0.20966217]
COc1cc2ncc(C(N)=O)c(Nc3cccc(Cl)c3Cl)c2cc1N1CCN(C)CC1,[-0.09714589  0.64353436 -0.874035   -0.89592564 -0.34956136]
COc1c2ccoc2c(OCC2OC2(C)C)c2oc(=O)ccc12,[ 0.13354774  0.8403513  -0.6662737  -1.          0.5639422 ]
O=C1C(Cc2ccccc2)C(=O)N(c2ccccc2)N1c1ccccc1,[ 0.43550795  0.8762117  -0.8734089  -1.          0.12257046]
CCOc1ccccc1C(=O)NN=C(C)C(=O)O,[ 0.05729005  0.9158838  -0.87847227 -0.71356714 -0.06776731]
C[NH+](C)CCC(c1ccc(Cl)cc1)c1ccccn1,[ 0.51544166  0.9493434  -0.8156901  -0.9210505   0.05199414]
O=C(CCl)OC1=C(OC(=O)CCl)C(=O)OC1=O,[-0.13385949  0.76940364 -0.5838804  -0.89700896 -0.10990075]
Cc1cn([C@H]2CCCN(S(=O)(=O)c3ccc(C#N)c(Oc4cccc(Cl)c4)c3)C2)c(=O)[nH]c1=O,[ 0.09261402  0.48208773  0.4373748  -0.4015611  -0.3824905 ]
Cc1onc2c(=O)[nH]nc(-c3ccccc3)c12,[ 0.22051816  0.727291   -0.8266979  -0.6821098   0.68444854]
O=C(NCCNCC(O)COc1ccc(O)cc1)N1CCOCC1,[ 0.15997738  0.31494766 -0.9500387  -0.8276685  -0.17653649]
CCCCC(CC)CNC1CCCCC1,[-0.09297132 -0.8123601  -1.         -0.698855   -0.16460821]
Nc1c(Cl)c(Cl)c2[nH]c(C(F)(F)F)nc2c1Cl,[-0.12814021  0.5824119  -0.5381865  -0.9040933  -0.45557573]
OCC(O)CO,[ 0.60426646  0.6469219  -0.6887535  -0.22202192  0.7150745 ]
C1=CC2C=CC1C2,[ 0.06405883  0.9566069  -0.8874284  -0.44067454  0.36041868]
COc1ccc(N)c([N+](=O)[O-])c1,[ 0.13912492  1.         -0.76981354 -1.         -0.01349553]
CC1CCCCOC1=O,[ 0.592078   -0.7815693  -0.4107178  -0.62320405 -0.37298167]
Cn1cncc1CN(CCN(Cc1ccccc1)S(=O)(=O)c1ccccn1)c1ccc(C#N)cc1,[ 0.07275305  0.8710116  -0.84316427 -0.87538254 -0.51887894]
CN1c2ccccc2C(NCCCCCCC(=O)[O-])c2ccc(Cl)cc2S1(=O)=O,[-0.4741198   1.         -0.37053558 -0.55290633 -0.45325217]
NS(=O)(=O)c1cc2c(cc1Cl)NC(C(Cl)Cl)NS2(=O)=O,[ 0.3997863   0.632718   -0.4105497  -0.8222175  -0.14168185]
CCN(CC)N=Nc1ccccc1,[ 0.20361783  0.21003339 -0.8573286  -0.63220173  0.9322892 ]
C=C(Cl)C(Cl)CCl,[ 0.2011212   0.7011072   0.16063611 -0.0493947  -0.12552743]
C=CC[NH+]1CCCC1CNC(=O)c1cc2n[nH]nc2cc1OC,[ 0.10079274  0.6598852   0.13121843 -0.36609825  0.6156158 ]
CCOc1ccccc1C(N)=O,[ 0.6707174   0.6247245  -0.4160889  -0.56364524 -0.6204324 ]
O=C(O)CCC(=O)O,[-0.02252509  0.56152046 -0.88960123 -0.6334154   0.83829844]
Cc1c(OC2CCN(CC3CCN([C@@H](Cc4ccc(F)cc4)C(=O)O)CC3)CC2)ccc(C#N)c1Cl,[-0.21293707  0.80835587  0.02668684  0.02929603  0.89289755]
Cc1cccc(Nc2ccncc2S(=O)(=O)[N-]C(=O)NC(C)C)c1,[-0.52242297 -0.14030848 -0.95035446 -1.          0.6714013 ]
CCC(O)CO,[ 0.04759838  0.69634783 -0.897597   -0.51261276 -0.16625184]
CC(C)(O)c1ccc(Nc2nc3ccc(C#N)cc3[nH]2)cc1,[ 0.19192745 -0.39570868 -1.         -0.32026964  0.02762293]
Cc1ccc2c(c1)c(S(=O)(=O)c1ccc(Cl)cc1)c(C)n2CC(=O)O,[ 0.33768255  0.06132607 -0.4008833  -0.30665126 -0.38484707]
COCc1c(C(C)C)nc(C(C)C)c(/C=C/[C@@H](O)C[C@@H](O)CC(=O)O)c1-c1ccc(F)cc1,[ 0.35899726  0.7103252  -0.81383574 -0.6273362  -0.22033983]
ClCc1ccccc1,[ 0.74373543  0.89533377 -0.44308522 -0.8024025   0.14393006]
O=P(O)(O)C(O)(Cn1ccnc1)P(=O)(O)O,[-0.5251427   0.92328894 -0.86720973 -0.97102284 -0.03825182]
CC(=O)O[C@H]1C[C@@H]2CC[C@@H]3[C@H](CC[C@@]4(C)[C@H]3C[C@H]([N+]3(C)CCCCC3)[C@@H]4OC(C)=O)[C@@]2(C)C[C@@H]1N1CCCCC1.[Br-],[-0.2942457   0.8014014  -1.         -1.         -0.22040011]
CNC(=O)ON=C(C)SC,[-0.2929928   0.87266374 -0.8123311  -0.8144394  -0.02363513]
C=CS(=O)(=O)CCCCCC,[ 0.07224207  0.63066864  0.654544   -0.5856773   0.63257366]
Nc1c(CC(=O)[O-])cccc1C(=O)c1ccc(Br)cc1,[ 0.01643187  0.7723777  -0.632044   -0.3039822  -0.13405006]
Cc1ncccc1Oc1ncnc(OC2CCN(C(=O)OC(C)C)CC2)c1C,[-0.08353897  0.95268095 -0.70728767 -0.9898992   0.06386685]
COC(=O)/C=C/CNC(=O)CN1C(=O)[C@@H](COC(=O)Nc2ccc(Cl)cc2C(F)(F)F)N=C(c2ccccc2)c2ccccc21,[ 0.02300314  0.9700189  -0.7992173  -0.6846268   0.63362324]
Nc1ccc(Cl)cc1Cl,[ 0.13734558  0.7684407  -0.88974    -0.5830884  -0.08385685]
CCC[C@H](NC(=O)[C@@H]1[C@H]2CCC[C@H]2CN1C(=O)[C@@H](NC(=O)[C@@H](NC(=O)c1cnccn1)C1CCCCC1)C(C)(C)C)C(=O)C(=O)NC1CC1,[ 0.45848334  0.17044516 -0.8206128  -0.6676345   0.11913628]
CS(=O)(=O)c1nc(-c2ccc(F)cc2)n(-c2ccc(Cl)cc2)n1,[-0.04133294  0.8997376  -0.5629953  -0.84643334 -0.58264995]
C=CCOc1ccccc1OCC(CNC(C)C)OC(=O)C1CC1,[ 0.26105374  0.2668381  -0.85258675 -0.7707401  -0.10063255]
O=C(Nc1cccc(Cl)c1)Nc1nnc(-c2ccncc2)s1,[ 0.17449947  0.6385969  -1.         -0.684829    0.12639463]
Cc1cc(Sc2cc(C)c(O)c(C(C)(C)C)c2)cc(C(C)(C)C)c1O,[ 0.08547188  0.69297665  0.2844878  -0.4870581  -0.24087739]
NNC(=O)c1ccncc1,[-1.          0.7603511  -0.41676775 -0.72457045  0.16512336]
OC[C@@H]1CC[C@H](n2cnc3c(O)ncnc32)O1,[ 0.43615013  0.6856999  -0.763629   -0.04926143 -0.0597341 ]
N#CC(c1ccccc1)c1ccccc1,[-0.14590798  0.81101376 -0.325533   -0.6322981  -0.11372718]
OC1(c2ccc(Cl)c(C(F)(F)F)c2)CCN(CCCC(c2ccc(F)cc2)c2ccc(F)cc2)CC1,[ 0.19803256  0.6225317  -0.8809991  -0.82178444  0.18508548]
CCC(C)OC(CBr)c1ccc(Cl)cc1,[-0.7428728   0.6043816  -0.9028338  -0.66726035 -0.22791345]
CN(C)c1ccc(O)c2c1CC1CC3C([NH+](C)C)C([O-])=C(C(N)=O)C(=O)C3(O)C(O)=C1C2=O,[ 0.49699658  0.32722798 -0.84097755 -0.63403106  0.65466875]
S=c1[nH]cnc2nc[nH]c12,[-0.3363809   0.37687716 -0.8911421  -0.82360387 -0.1158755 ]
C#CC(C)(C)NC(=O)c1cc(Cl)cc(Cl)c1,[-0.0040722   0.917363   -0.9427541  -0.7428352   0.04411251]
Cc1c(Cl)c([N+](=O)[O-])c2[nH]c(C(F)(F)F)nc2c1[N+](=O)[O-],[ 0.13735846 -0.5371508  -0.43697855 -0.8037962  -0.1494168 ]
Cc1c(Sc2ccc(Cl)cc2)c2c(S(C)(=O)=O)cccc2n1CC(=O)O,[-0.35455436  0.761594   -0.7888603  -0.94999146 -0.38293773]
O=C(NC(CCc1ccc2c(c1)OCO2)CCc1ccc2c(c1)OCO2)c1ccc(Cl)cc1,[ 0.4935774   0.7145505  -0.7364507  -0.06858963  0.09223397]
CC(C)CNC(=O)NS(=O)(=O)c1ccc(Cl)cc1,[-0.3771874   0.7232476  -0.7777986  -0.42131278 -0.11759046]
Cc1cc(OC(=O)N(C)C)n(-c2ccccc2)n1,[-0.21171004  1.         -0.71670353 -0.6915859  -0.14263976]
O=C([O-])c1cc(N=Nc2ccc(S(=O)(=O)Nc3ccccn3)cc2)ccc1O,[-0.36961135  0.81585455 -0.20583867 -0.87509185 -0.18890825]
CCCCCCOCCOCCO,[ 0.07886876 -0.30807123 -0.9339033  -0.57473683  0.38900658]
CC(=O)N(C)c1ccc(Nc2ncc3cc(-c4ccncc4)ccc3n2)cc1,[-0.07329219  0.63082373 -0.6884038   0.7174557  -0.5108612 ]
Cc1cccc2sc3nncn3c12,[ 0.23042165  0.72240365 -0.43822053  0.209906    0.3105151 ]
CNC(=O)Oc1ccc(Cl)c2c1OC(C)(C)C2,[ 0.01363689 -0.41884252  0.29631943 -0.6383939  -0.17359568]
CCCC(=O)OC1(C(=O)COC(=O)CC)CCC2C3CCC4=CC(=O)CCC4(C)C3C(O)CC21C,[-0.17054655  0.6793054  -0.8145989  -0.5922706   0.5906422 ]
CC[C@H]1CN(Cc2cc(Cl)ccc2OCC(=O)O)CCN1S(=O)(=O)c1ccccc1,[ 0.02963543  0.7871756  -0.93876535 -0.6748671  -0.2600218 ]
O=C(OCC=Cc1ccccc1)c1ccccc1,[-0.16416413  0.7473809  -0.7736536  -0.9886613  -0.26858768]
O=[N+]([O-])c1ccc(Cl)c([N+](=O)[O-])c1,[ 0.3595424   0.83340716 -0.75772566  0.5468176  -0.29517025]
CC(C)[C@H](C(=O)Nc1nccs1)c1ccc(Cl)cc1,[-0.15119556  0.42207193 -0.809225   -0.18745777  0.11268504]
CCCCC(CC)COCCC#N,[ 0.49604443  0.745998   -0.4057643  -1.         -0.30029428]
CCN(Cc1cc(C(F)(F)F)ccc1-c1cc(CC(=O)O)ccc1OC)C(=O)NCc1ccccc1,[ 0.17385617  0.57662827 -0.7393874  -0.04254955  0.19900781]
Cc1cnc(C(=O)c2ncnc3[nH]ccc23)c(NS(=O)(=O)c2ccc(Cl)c(C(F)(F)F)c2)c1,[-0.2926772   0.90231276 -0.7596646  -0.38306862 -0.2801664 ]
O=c1cc(N2CCOCC2)nc2n(Cc3cccc(Cl)c3Cl)ccn12,[ 0.3727787   0.14872427 -0.30752492 -0.04792716  0.24245965]
CO[Si](CCCOCC1CO1)(OC)OC,[-0.42518005  0.84927285 -0.8807778  -0.7097878  -0.23992139]
CC(COc1ccc(Cl)cc1Cl)C(=O)O,[-0.46426782  0.79841113 -0.8482941  -0.7304264   0.04431716]
C=C(C)CN(CC)c1c([N+](=O)[O-])cc(C(F)(F)F)cc1[N+](=O)[O-],[ 0.63773614  0.918374   -0.955595    0.4152072   0.30432838]
CNc1c(C(N)=O)cnc2[nH]c(-c3ccc(OCCN4CCOCC4)cc3)nc12,[ 0.03982348  0.8142076  -0.8236763  -0.7383745   0.29797825]
CCCC(=O)c1ccc(N)cc1,[ 0.46653056  0.66779584 -0.9642519  -0.7701859  -0.33216184]
CNC(=O)/C=C(/c1ccc2nc(N)n(S(=O)(=O)C(C)C)c2c1)c1ccccc1-c1cccc2ccccc12,[ 0.32381365  0.7680015  -0.84482765 -0.86735964  0.5862859 ]
CCCSP(C)(=S)SC(CC(=O)OCC)C(=O)OCC,[-0.46998158  0.8637197  -0.70252985 -0.92929447 -0.04643498]
C#CCN(C)c1ccccc1OC(=O)NC,[ 0.1769754  -0.45638406 -0.621001   -0.6393905  -0.3963679 ]
O=[N+]([O-])c1ccc(Nc2ccccc2)c(S(=O)(=O)O)c1,[ 0.41320336  0.6354514  -0.5135447  -0.6135851   0.12898123]
CC(=O)OO,[-0.1881587   0.65695375 -0.42206505 -0.6920472  -0.18732947]
CNNC,[ 0.4133931  -0.18226677 -0.7924429  -0.6165819   0.12047364]
COc1cc(C2c3cc4c(cc3C(OC3OC5COC(C)OC5C(O)C3O)C3COC(=O)C23)OCO4)cc(OC)c1O,[-0.20942754  0.84048927 -0.20209655 -0.08204129  0.02641499]
CCOc1nc(C(Cl)(Cl)Cl)ns1,[ 0.46503577  0.7349317  -0.8792946  -0.27936813  0.1318337 ]
O=C1c2cccc(S(=O)(=O)O)c2C(=O)c2c1cccc2S(=O)(=O)O,[ 0.18956843  0.60288996 -0.67603326 -0.99979144 -0.18102166]
NCC(O)CO,[ 0.6588438  0.8841898 -0.8287453 -0.4694769  0.5205082]
CCOC(=O)C(CCc1ccccc1)NC(C)C(=O)N1C(C(=O)[O-])CC2CCCCC21,[ 0.40976325  0.81451404  0.56104666 -0.1500136  -0.3205758 ]
CC1(C)SC2C(NC(=O)C(C(=O)[O-])c3ccsc3)C(=O)N2C1C(=O)[O-],[ 0.48961136 -0.5241164  -0.6347145  -0.08077962 -0.02754887]
CC(C)OP(=S)(OC(C)C)SCn1nc(Cl)ccc1=O,[-0.70045674  1.         -0.33241162  0.12931193 -0.21926029]
C=CCNC(=O)C(=O)C(CCC)NC(=O)C1CC2CN1C(=O)C(C1CCCCC1)NC(=O)Cc1cccc(c1)OCCC(C)(C)O2,[ 0.34640968  0.77968436 -0.6785109  -0.47612238 -0.43314287]
c1ccc(COCc2ccccc2)cc1,[-0.15129289  0.76911014 -0.811178   -0.33520457  0.03971698]
CCC1(CC)Oc2cccc(OC(=O)N(C)C(C)=O)c2O1,[ 0.32442573  0.80904645 -0.7698961  -0.9827196  -0.01067844]
O=CC=CC1CO1,[ 0.35584927  0.8210316  -0.5394943  -1.          0.10106082]
C[C@@H](N/C(=N\c1ccncc1)NC#N)C(C)(C)C,[-0.07369293  0.7608116  -0.5886277  -1.         -0.31640303]
CC(=O)Oc1cccc(Oc2ccc(C(F)(F)F)cc2Cl)c1,[ 0.3050499   0.85455984 -1.         -0.60351723 -0.29333618]
Cn1c(C(=O)NC2(C(=O)N[C@H](Cc3ccccc3)C(=O)NCCCN3CCOCC3)CCCC2)cc2ccccc21,[-0.08284619  0.06241209 -0.84462327 -0.32480225  0.2272828 ]
CC1[NH2+]Cc2cc(-c3ccc4c(=O)c(C(=O)[O-])cn(C5CC5)c4c3OC(F)F)ccc21,[ 0.8799951   0.80053324 -0.6413443  -0.6733984  -0.21684398]
C=CCNC(=S)Nc1ccccc1,[-0.23331596 -0.8756648  -0.9307914  -0.5603162   0.06269719]
ClCC1C(CCl)C2(Cl)C(Cl)=C(Cl)C1(Cl)C2(Cl)Cl,[ 0.15774277  0.7516525  -0.71190006 -0.55766565 -0.17629041]
CC(C)(C(=O)O)S(C)(=O)=O,[ 0.24678388  0.6835797  -0.44119036  0.5099622   0.29356638]
CN(C)NC(=O)CCC(=O)O,[-0.0134031   0.26272196 -0.76560247 -0.5756885  -0.0103112 ]
O=C(c1ccccc1)c1cccc2c1CCC2C(=O)O,[ 0.05047235  0.72986084 -0.39408958 -0.5005488  -0.12215263]
CC(C)(C)c1cc([N+](=O)[O-])cc([N+](=O)[O-])c1O,[ 0.2412168   0.41569057 -0.9462021  -0.96709424 -0.14948398]
COCc1ccc2c(C(C(=O)NS(=O)(=O)c3ccc(C)cc3OC)c3ccc4c(c3)OCO4)cn(C)c2c1,[-0.02055524 -0.6674801  -0.6831119  -1.         -0.50006914]
COCCN(c1cccnc1)P(=O)(c1ccccc1)c1ccccc1,[ 0.47801086 -0.03249521 -0.23692074 -0.38159415  0.17467809]
CC(=O)OC(C(=O)NC(N)=O)c1ccccc1,[ 0.25541097  0.22618751 -0.60276186  0.7967772   0.5582228 ]
O=C(CCCCC(=O)OCC1CC=CCC1)OCC1CC=CCC1,[-0.27107766 -0.8253955  -0.99156994 -1.         -0.2533276 ]
COc1cc2nc(N3CCN(C(=O)c4ccco4)CC3)nc(N)c2cc1OC,"[ 2.8008646e-01  1.3583754e-04 -7.2858995e-01 -8.0287939e-01
  3.4375522e-01]"
COc1ccc(NC(=O)CF)cc1,[ 0.53812987  0.75586057 -0.6300929  -0.83736765 -0.1394509 ]
C=C1CC1CC(N)C(=O)O,[ 0.20842786  0.7449945  -0.849643   -0.77486235  0.29690716]
COc1cc(N)c2c(c1N)C(=O)c1ccccc1C2=O,[ 0.5416222   0.8221495  -0.676218   -0.7447833  -0.02128096]
CCC(=O)OCc1ccc(OC)cc1,[ 0.41620663  0.4964715  -0.8435911  -0.85521114  0.10313441]
CCN1CN(CO)C(=O)N(CO)C1,[ 0.43532282  0.40661028 -0.68722665 -0.6725397  -0.31920904]
N=C(Nc1c([N+](=O)[O-])cnc2ccccc12)N1CCOCC1,[-0.35006753  0.83344495 -0.8439566  -0.25419125 -0.36436754]
C=CC(=O)OCC(=O)OCC,[ 0.3760471   1.         -1.         -0.64308625 -0.03743256]
CC(C(=O)O)c1ccc(CC2CCCC2=O)cc1,[ 0.3207714   1.         -0.5489781  -0.67187965 -0.07817422]
O=[N+]([O-])c1cc(C2CCCCC2)c(O)c([N+](=O)[O-])c1,[ 0.20961148  0.66916233 -0.1746627  -0.34382847 -0.37165266]
O=C(Nc1ccc(Cl)c(C(=O)Nc2cccnc2)c1)c1cccc(C(F)(F)F)c1,[ 0.37189376  0.93484366 -1.         -0.68875176 -0.28341678]
CC(C)(C)NCCO,[ 0.19948752  0.9774639  -1.         -0.44464862 -0.04739221]
COCCNC(=O)c1ccc(Nc2ncc3cc(-c4ccncc4)ccc3n2)cc1C,[-0.04349861 -0.49248248 -0.7012221  -0.2368413   0.62846905]
CCc1cccc(CC)c1N,[-0.0867089   0.777625   -0.7330479  -0.9274078  -0.13414007]
CN(SSC(C)(C)C)C(=O)ON=C1SCCS1,[ 0.4669022   0.62509733 -0.60074204  0.3431819   0.39922562]
CCC(=O)Nc1ccc2[nH]c(C(F)(F)F)nc2c1,[-0.3473804   0.33114314 -0.5988671  -0.71038353  0.23773651]
O=[N+]([O-])c1ccc(C=NNC(=S)N2CCCC2)o1,[ 0.07548928  0.81365263 -0.541803   -0.8266142  -0.41779658]
NCCCCN,[ 0.19000359  0.91033745  0.47417933 -0.9182713  -0.34079853]
C[C@@H]1CC[C@H]2[C@@H](C)[C@@H](OC(=O)CCC(=O)O)O[C@@H]3OC4(C)CC[C@@H]1[C@@]23OO4,[ 0.3757923   0.7665934   0.09598303 -0.64267886  0.7945766 ]
CCCCOC(=O)C1CC1OCCCC,[ 0.41099584  0.6602303  -0.6524612  -0.4308569   0.0949559 ]
FC(F)(F)c1nc2c(Cl)c(Cl)cc(Cl)c2[nH]1,[ 0.09222968  0.4650556  -0.69101214 -0.62453645 -0.3271869 ]
CNC(=O)OCc1cccc(COC(=O)NC)n1,[ 0.05833419  0.7232022  -0.5282713  -0.20177144 -0.06615583]
CNC(=O)ON=C1CCCC1(C)C#N,"[-1.2601899e-04  6.9579595e-01 -9.2932761e-01 -4.8377660e-01
 -3.3602911e-01]"
C[C@@H]1O[C@@H](O[C@H]2[C@H](Oc3cc(O)c4c(c3)O[C@H](c3ccc(O)cc3)CC4=O)O[C@H](CO)[C@@H](O)[C@@H]2O)[C@H](O)[C@H](O)[C@H]1O,[ 0.33322653  0.8203621  -0.7464465  -0.39241394 -0.33856383]
COc1ccc(CC2c3cc(OC)c(OC)cc3CCN2C)cc1OC,[ 0.22040726  0.9709068  -0.7026267  -1.         -0.02339151]
CCOC(=O)CCC1(CCC(=O)OCC)c2ccccc2-c2ccccc21,[ 0.16588093  0.85055935 -0.81106275 -0.7861727  -0.42566574]
CCOP(=O)(OCC)Oc1nc(Cl)c(Cl)cc1Cl,[ 0.22235692  0.99142855 -0.777008   -0.21050121  0.02283992]
CCCCCCCc1ccccc1O,[ 0.5360146   0.6271046  -0.5525477  -1.         -0.56044775]
Cc1ccc2c(c1)c(-c1ccnc3cc(Cl)ccc13)c(C)n2CC(=O)O,[-0.1856231   0.43012923 -0.4877659  -0.71318763 -0.00863059]
CCOP(=S)(OCC)Oc1cccc(F)n1,[ 0.15313032  0.87986016 -1.         -0.76308775  0.74059993]
COC(=O)C1=C(C)NC(C)=C(C(=O)OCCN(C)Cc2ccccc2)C1c1cccc([N+](=O)[O-])c1,[ 0.17957911  0.7810228  -0.7390061  -1.          0.43964192]
Nc1cc2c(S(=O)(=O)O)cc(S(=O)(=O)O)cc2cc1S(=O)(=O)O,[ 0.4428974   0.88847786 -0.9470925  -0.67896056  0.30725673]
CCCCN(CCCC)CCCC,[-0.07953344  0.8430043  -0.6757846  -0.72424495 -0.50977457]
COCCOC(=O)CC#N,[-0.0948939   1.         -0.6971182  -0.8701385  -0.33997405]
COc1cnc(-c2ccccc2C(F)(F)CNC(=O)c2ccc(COCC(F)(F)F)nc2)cn1,[-0.03693148  0.30079025 -0.6366409  -1.          0.20829113]
CC(C)CON=O,[ 0.6078179   0.55238914 -0.3443022  -0.83218235 -0.22511612]
Cc1ccccc1S(=O)(=O)NC(=O)N1CCC(N2CCC(Oc3ccc(Cl)c(Cl)c3)CC2)CC1,[ 0.5260706   0.42521486 -0.82800347 -0.5388941  -0.654717  ]
C=CC(=O)NCNC(=O)C=C,[ 0.5680393   0.5837113  -0.0379151  -0.4133502  -0.00436031]
COc1cc2nc(N3CCN(C(=O)C(C)OC)CC3)nc(N)c2cc1OC,[ 0.30191958  0.8284055  -0.6485394  -0.76801    -0.37017795]
CC(C)NCC(O)c1ccc(O)c(O)c1,[ 0.00355915  0.92335224 -0.50449145 -0.15725586 -0.20493053]
CC1CC(=O)NN=C1c1ccc([N-]N=C(C#N)C#N)cc1,[ 0.30279604  0.2704059  -0.67393684 -0.7552788   0.0874186 ]
CCCN(N=O)C(N)=O,[-0.05516503  0.9054936  -0.0956288  -0.9879078   0.36103305]
CCOC(=O)Nc1ccc(NCc2ccc(F)cc2)cc1N,[-0.3965489   0.73887837 -0.73703974 -0.6893244  -0.39890277]
CCCCOCCOCCCC,[ 0.6944957   0.667899   -0.96279466 -0.39142838 -0.01741575]
CCOC(=O)C=Cc1ccc(Cl)cc1,[ 0.2607905   0.8191307  -0.7520098  -0.4848783  -0.03846812]
Cc1ccc(Nc2ccc(Nc3ccc(C)cc3)c3c2C(=O)c2ccccc2C3=O)cc1,[ 0.13932072 -0.23250102 -0.84502816 -0.7884763  -0.45025098]
CCN(CCO)C(=O)c1oc2cccnc2c1-c1cccc(C(F)(F)F)c1,[ 0.3502539   1.          0.52224475 -0.13941975 -0.9096901 ]
N#Cc1cccc(C#N)c1,[ 0.04705025  0.9604294  -0.51367503 -1.         -0.05982497]
CCC[NH+]1CCCCC1C(=O)Nc1c(C)cccc1C,[ 0.17661186  0.63865507 -0.7366635  -0.6747675  -0.15533932]
C=CCN1CCCC1CNC(=O)c1cc2nn[nH]c2cc1OC,[ 0.38071164 -0.04164367 -0.8766167  -0.8329868   0.64642745]
C[C@@H]1NC(=O)[C@H](C)N(C)C(=O)[C@@H](C)NC(=O)[C@H](C)N(C)C(=O)[C@@H](C)N(C)C(=O)[C@@H](C)NC1=O,[-0.07776412  0.29224318 -0.89008915 -0.81984603 -0.32605553]
COP(=O)(OC)ON1C(=O)c2cccc3cccc(c23)C1=O,[-0.08704678  0.8921683  -0.65005875 -0.26988086 -0.35656473]
CNC(=O)CSP(C)(=S)OC,[ 0.06232967 -0.01375483  0.31943232 -0.45536056 -0.15263714]
C[C@@H](NC1=CC(=O)CNC1)c1ccc(Nc2ncc3cc(-c4ccncc4)ccc3n2)cc1,[ 0.18100058  0.8183939  -0.7366457  -0.6713518   0.4317323 ]
COP(=O)(SC(C)C)SC(C)C,[-0.56641304  0.70581156  0.0990596   0.10410743 -0.35832644]
CN1CCN(C2=c3ccccc3=Nc3ccc(Cl)cc3N2)CC1,[ 0.18756223  0.8669924  -0.04878407 -0.13131358 -0.24986942]
CNC(=N)c1cccc(CC(CC(=O)N2CCC(C)CC2)NS(=O)(=O)c2ccc3ccccc3c2)c1,[-0.28407118  0.02812594 -0.45780444  0.60539865  0.14044343]
Cc1cccc(C)c1O,[ 0.22399503  0.04693771 -0.33178145 -0.74534744 -0.09001452]
Cc1c(OCC(F)(F)F)ccnc1C[S+]([O-])c1nc2ccccc2[nH]1,[ 0.38709342  0.7366965  -0.2621394  -0.6845444   0.14849938]
Oc1ccc2c(c1)CCC2,[ 0.18655749  0.84554535 -1.         -0.78984463  0.0220373 ]
CC(C)CCCCCN(CCCCCC(C)C)CCCCCC(C)C,[ 0.24980618  0.8395914  -0.61973023 -1.          0.27404732]
C1CSCCO1,[ 0.26224998  0.44270912 -0.62420523 -0.73464686 -0.0273456 ]
CN1C(=O)CC(N2CCN(CCCN3c4ccccc4COc4ccc(CC(=O)O)cc43)CC2)N(C)C1=O,[-0.18655667  0.98937184 -0.77797025 -0.8353059  -0.15509702]
CCC(C(=O)O)C1(O)CCCCC1,[-0.20474006 -0.05657237 -0.4724445  -1.         -0.10276328]
O=C(O)[C@@H](c1ccccc1)N1CCC(CN2CCC(Oc3ccc(Cl)c(Cl)c3)CC2)CC1,[ 0.30931577  0.77479047 -0.7746358  -0.34892833 -0.62712   ]
COP(=O)(OC)SC(CC(=O)OC(C)C)C(=O)OC(C)C,[ 0.45833075  0.8991991  -0.9651705  -0.62185335  0.1943522 ]
Cc1cccc([N+](=O)[O-])c1[N+](=O)[O-],[-0.34074923  0.9502859  -0.56581295 -0.9588646   0.43975586]
CCOP(=S)(NC(C)C)Oc1ccccc1C(=O)OC(C)C,[-0.549784    1.         -0.7090905  -0.6296785   0.37376207]
CCOC(=O)Cl,[ 0.2660724  -0.27512208 -0.60453635 -0.8757311  -0.01224294]
Cc1ccc(CO)cc1N(C)c1ccnc(Nc2cc(N3CCCOCC3)cc(N3CCOCC3)c2)n1,[ 0.6672404   0.800823   -0.99998456 -0.6275947   0.06603071]
CCC(C)c1ccc(Oc2ccc(C)cc2CC(=O)O)c(Cl)c1,[ 0.5020776  1.        -0.5184102 -0.7172654 -0.2963872]
C=CC(=O)N1CN(C(=O)C=C)CN(C(=O)C=C)C1,[ 0.48866478  0.39655653 -1.         -0.7161733  -0.22297087]
CC(=CC(=O)O)C(=O)O,[ 0.1769875   0.7449114  -0.8934465  -0.7992238  -0.21324675]
O=c1oc(-c2ccccc2)nc2ccccc12,[ 0.13608651  0.86813825 -0.0480831  -0.7264007   0.26132426]
CCC1OC(C)SC1=NOC(=O)NC,[-0.20088623  0.76392454 -1.         -0.04676742  0.56843424]
COc1cc2ncnc(Nc3ccc(F)c(Cl)c3)c2cc1NC(=O)/C=C/CN1CCCCC1,[ 0.14771453  0.80874795 -0.65112436 -0.6451768  -0.5673212 ]
O=C(O)CCCCCC(=O)O,[ 0.56422436  0.96144074 -1.         -0.08682301  0.13427538]
Cn1c(C2=CCN(CCCN3c4ccccc4Sc4ccc(CC(=O)O)cc43)CC2)cc(=O)n(C)c1=O,[ 0.18982293 -0.46844885 -0.4610981  -0.49928448  0.0686779 ]
O=C1C2CC3C1C1(Cl)C(Cl)C4(Cl)C2C3C1(Cl)C4(Cl)Cl,[ 0.87868863  0.9863044  -0.6444897  -1.         -0.5198843 ]
O=C(O)c1cccc(Cl)n1,[-0.07996108  0.86072254 -0.73356926 -0.4618983  -0.3789455 ]
SCc1ccccc1,[ 0.23858576  0.44022033 -0.7625974  -1.          0.56590664]
FC(F)(F)c1nc2c(Br)c(Cl)c(Br)cc2[nH]1,[-0.27922854  0.702547   -0.7089846  -0.5531582  -0.06822505]
CCS(=O)(=O)c1ccc(-c2cc(Cl)ccc2OCC(=O)O)cc1,[-0.7358193   0.72586167 -0.56340134 -0.47112423 -0.08038974]
Nc1nc2c(ncn2COCCO)c(=O)[nH]1,[ 0.41123244 -0.1617723  -0.68697464 -0.03625347 -0.04519583]
CCOC(=O)C(CCc1ccccc1)NC1CCc2ccccc2N(CC(=O)O)C1=O,[ 0.0974092   0.6761308  -0.8586371  -0.56710196 -0.591799  ]
CC(C)OCCO,[-0.2814127   0.8410628  -0.5903291  -0.61232597 -0.04093008]
Cc1ccccc1COC1CC2(C(C)C)CCC1(C)O2,[ 0.09976515  0.41642588 -0.646701   -0.90856516 -0.06321672]
O=C(Oc1ccccc1)c1ccccc1C(=O)Oc1ccccc1,[ 0.29136822  0.2984944  -0.52853256 -0.37355986 -0.10209984]
CCCCOC(=O)c1ccc(-n2nc(OCCN3CCCCC3)c3ccccc32)cc1,[-0.63554996  1.         -0.3059454  -0.8370956   0.40747738]
O=C(Oc1ccccc1)n1c(C(F)(F)F)nc2cc(Cl)c(Cl)cc21,[ 0.56525207  0.72815317 -0.5629128  -0.03901536 -0.21580061]
COc1c(OCc2ccc(-c3ccccc3-c3nnn[nH]3)cc2)cc(C)nc1C,[ 0.25545582  0.9973934  -0.9659969  -0.526462    0.3885619 ]
Cc1ccc2c(c1)c(-c1ccnc3c(C)cccc13)c(C)n2CC(=O)O,[ 0.01219262  0.8055751  -0.5232201  -0.76602405 -0.40715456]
CC(C)CN,[-0.11817387  0.8519644  -0.7158564  -0.7943901  -0.14721426]
Cc1cnc(NC(=O)C2=C(O)c3ccccc3S(=O)(=O)N2C)s1,[ 0.00205451 -0.5670121  -0.8457262  -0.9324627   0.2973044 ]
CCCCOC(=O)CC(SC(CC(=O)OCCCC)C(=O)OCCCC)C(=O)OCCCC,[-0.3873563   0.1914788  -0.75520414 -0.33278552  0.11372969]
COc1cccc2c1cc([N+](=O)[O-])c1c(C(=O)O)cc3c(c12)OCO3,[-0.1302914   0.6393311  -0.69187915 -0.50921047 -0.6113846 ]
C=CCc1ccc(OC(C)=O)c(OC)c1,[ 0.4993704   0.95514554 -1.         -0.6667105   0.2072611 ]
COCOCCO,[ 0.20128565  0.29281783 -0.47077477 -0.5580381  -0.22313431]
Cc1cccc(N)c1C,[ 0.31581116  0.88246363 -0.611508   -0.32227945 -0.10742424]
CCOC(=O)c1noc(C)c1C(C)=O,[ 0.47045097 -0.19962281 -0.6658196  -0.80345875  0.04246042]
C#CCc1ccc(COC(=O)C2C(C=C(C)C)C2(C)C)o1,[ 0.147302    0.1426992  -0.75511706 -0.6833353   0.1587195 ]
CCN(CCO)c1cccc(C)c1,[ 0.53262365  0.79055077 -0.8096051  -0.5486981   0.0522574 ]
O=C(Nc1cccc(Cl)c1)OCC#CCCl,[-0.20667008  0.7904655  -0.9731197  -0.88043016 -0.45198083]
CC[C@H]1OC(=O)[C@H](C)[C@@H](O[C@H]2C[C@@](C)(OC)[C@@H](O)[C@H](C)O2)[C@H](C)[C@@H](O[C@@H]2O[C@H](C)C[C@H](N(C)C)[C@H]2O)[C@](C)(O)C[C@@H](C)C(=O)[C@H](C)[C@@H](O)[C@]1(C)O,[-0.0723588  -0.8773446  -0.8460201  -0.75557137 -0.3022286 ]
CC1CCCCC1NC(=O)Nc1ccccc1,[ 0.3807962   0.142907   -0.667823   -0.71704865 -0.19263084]
COc1ccc(CC2NCC(O)C2OC(C)=O)cc1,[-0.08935887  0.37981683 -0.7174357  -0.39624622  0.08010131]
CC(C)=CCOC(=O)c1ccccc1,[ 0.19990446  0.18955341  0.81410867 -0.52476424  0.02897983]
O=C(O)CCC(=O)c1ccc(-c2ccccc2)cc1,[ 0.04761752  0.888704   -0.46059242  0.36718512 -0.2268399 ]
O=C1CCc2ccccc2O1,[ 0.37640715 -0.40799835 -0.26984143 -0.5219624   0.47744426]
CC(=O)O[C@H]1C[C@]2(O)[C@H]3CC[C@H]4C[C@H](O[C@H]5C[C@@H](O)[C@@H](O[C@H]6C[C@@H](O)[C@@H](O[C@H]7C[C@@H](O)[C@@H](O)[C@H](C)O7)[C@H](C)O6)[C@H](C)O5)CC[C@@]4(C)[C@H]3CC[C@]2(C)[C@H]1C1=CC(=O)OC1,[ 0.39099744  0.46868744 -0.24760395 -0.604059   -0.20080987]
O=[N+]([O-])c1nccs1,[ 0.16533284  0.7664332  -0.9571003  -0.9566197  -0.5916656 ]
Cc1cc(Nc2nc(N[C@@H](C)c3ccc(F)cc3)ncc2Cl)n[nH]1,[ 0.22134727  0.73412925 -0.5517663  -0.9448724  -0.5645336 ]
CCc1ccc2[nH]c(C(F)(F)F)nc2c1,[ 0.363146   -0.55560774 -0.89695656 -0.57273054  0.08238626]
C[N+](C)(C)CC(O)CC(=O)[O-],[ 0.19279282  0.63565195 -0.84291357 -1.         -0.02848334]
O=C(CCl)CCl,[-0.12870653  0.8601134  -0.7176516  -0.48820075 -0.26297113]
NC(=O)[C@H](Cc1ccccc1)NC(=O)OCc1ccccc1,[ 0.22541797  1.         -0.8440576  -0.78685653  0.3694208 ]
CC(C)(C)[NH2+]CC(O)c1cc(O)cc(O)c1,[ 0.22592115 -0.23301105 -0.83436084 -0.8407822  -0.5611    ]
Cc1cn([C@H]2CCCN(S(=O)(=O)c3ccc(CO)c(Oc4cccc(Cl)c4)c3)C2)c(=O)[nH]c1=O,[-0.17625546 -0.4094809  -0.6255138  -0.5412423  -0.18844365]
O=c1[nH]cnc2c1ncn2[C@H]1CC[C@@H](CO)O1,[-0.13496493  1.         -0.75694513 -0.7948287  -0.02309767]
CN[C@@H](C)[C@@H](O)c1ccccc1,[-0.15816201 -0.11907645 -0.8162889  -0.6501579   0.80926466]
O=C(OCC1CO1)c1ccccc1C(=O)OCC1CO1,[ 0.3417073   0.2608467  -0.8394989   0.76698214 -0.01106114]
O=C(C(F)(F)Cl)C(F)(F)Cl,[-0.27489054  0.81032175 -0.86190414 -0.75864714 -0.05002105]
ClC(Cl)(Cl)c1ccc(C(Cl)(Cl)Cl)cc1,[ 0.11403956  0.8052581  -0.5823254   0.48696014  0.41421092]
CC(O)C1C(=O)N2C(C(=O)[O-])=C(SC3CCS(=O)C3)SC12,[-0.12833226  0.6604381  -0.8214602  -1.          0.0688945 ]
CC(C)Nc1nc(Cl)nc(NC(C)C)n1,[ 0.5944489   0.90141505 -0.72882473 -0.33591634  0.07817738]
Nc1ccc(F)c([N+](=O)[O-])c1,[ 0.5019121   0.8206997  -0.6749128  -0.54689527 -0.21627328]
Cc1ccc(N2CC(COc3ccc(-c4noc(C)n4)cc3)C2)nn1,[-0.09101646  0.62117285 -0.6134664  -0.74060136 -0.03115431]
CCCCC(CC)(C(=O)OCC)C(=O)OCCN(CC)CC,[ 0.27343088  0.80067486 -0.73721373 -0.72058666  0.3195355 ]
Cc1ccc(C(=O)N(CCCN)[C@@H](c2nc3cc(Cl)ccc3c(=O)n2Cc2ccccc2)C(C)C)cc1,[ 0.3429494   0.7140404  -1.          0.00568268 -0.2931458 ]
CCP(=O)(OC)SC,[-0.2276289   0.7743408  -0.8560498  -1.          0.70892596]
C[Si](C)(C)CCCC(=O)O,[ 0.05598055  0.81436193  0.03673228 -0.39497554 -0.4287846 ]
N#Cc1cccc(Cc2ncccn2)c1,[-0.21678708  0.8598822  -0.56689966 -0.92951834 -0.3444158 ]
Cc1c(F)cc(C(=O)NC2CC2)cc1-c1ccc(C(=O)NCC(C)(C)C)cn1,[ 0.18378569  0.76603204 -0.83192694 -0.5504618  -0.15319282]
C=CCSP(=O)(NC(=O)CC)OC,[ 0.01463722  0.5220092  -0.6684402  -1.         -0.4813968 ]
CC(=O)C1OC1(C)C,[ 0.1990546   0.7958077  -0.8525245  -0.6812708  -0.20248266]
BrC(Br)Br,[-0.17960109 -0.31496936 -1.         -0.74678963  0.07522708]
OCc1ccccc1,[ 0.29753128  0.75685155 -0.65224534 -0.44533727  0.02697464]
CCN(CC)CCCCCCCCCCNC(=O)Oc1ccc2c(c1)C1(C)CCN(C)C1N2C,[ 0.279845    0.34336093  0.37935373 -0.28793228  0.27310535]
N#Cc1ccc2[nH]c(C(F)(F)F)nc2c1,[ 0.17880678  0.82871765 -0.792029   -0.6707025  -0.2257825 ]
CCCCC(CC)COCCO,[-0.30548772  0.90800005 -0.83056015 -0.79112387  0.15243122]
CNC(=O)ON=C(C)SCC(N)=O,[-0.39437538 -0.16533016  0.30839708 -0.99998397 -0.36952764]
CCCCC(CC)OCCOCCO,[ 0.37520432  0.82446104 -0.80042875 -0.60946035  0.04303344]
CN(C)C(=O)N(C)N=O,[ 0.3967972   0.8006255  -0.7478928  -1.         -0.33584815]
O=C(O)Cc1ccccc1N1CCC(CN2CCC(Oc3ccc(Cl)c(Cl)c3)CC2)CC1,[-0.33813792  0.7862122  -0.6497516  -0.7467782  -0.02839981]
CN(C)CCCC1c2ccccc2Nc2ccc(Cl)cc21,[ 0.07853863  0.76452845 -0.69261914 -0.7440474  -0.03475434]
CCCOP(=O)(SCCC)SCCC,[-0.08928275  0.7282226   0.05059923 -0.6791043  -0.28226393]
O=NN1CCCCC1,[-0.4964077   0.92922705 -0.6989456  -1.          0.50171405]
CC(c1ccccn1)c1c(CC[NH+](C)[14CH3])sc2ccccc12,[-0.53638107  0.63514     0.5761729  -0.24908191  0.5345838 ]
CC1(C)SCN(C(=O)C2(Oc3ccc(Cl)cc3)CCCCC2)C1C(=O)O,[ 0.3944271   0.63648957 -0.54560107 -0.69995856 -0.3606221 ]
CCC(C)c1ccccc1,[ 0.24914594  0.8891398  -1.         -0.62659043 -0.47991723]
C1=CCCC=CCCC=CCC1,[ 0.02357967  0.64068335 -0.8210214  -0.97274435 -0.13071553]
CCCCc1nc(Cl)c(CO)n1Cc1ccc(-c2ccccc2-c2nnn[nH]2)cc1,[ 0.154531    0.91068715 -0.6040508  -0.25939614  0.03246135]
CCOc1ccccc1OC(c1ccccc1)C1C[NH2+]CCO1,[ 0.36146283  0.7051239  -0.5395851  -0.9951366  -0.31850028]
C[C@@H]1NC(=O)[C@@H](C)N(C)C(=O)[C@@H](C)N(C)C(=O)[C@H](C)NC(=O)[C@H](C)N(C)C(=O)[C@@H](C)N(C)C1=O,[ 0.14082892  0.11295366 -0.5888092   0.67783886  0.08163663]
CN1CCN(CCC=C2c3ccccc3Sc3ccc(S(=O)(=O)N(C)C)cc32)CC1,[-0.4120005   0.881623   -0.7964192  -0.71512336  0.17094173]
CC=C(CC)C(=O)NC(N)=O,[ 0.2732905   0.89514995 -0.8085988  -0.52117246 -0.11045485]
COP(=S)(OC)Oc1nc(Cl)c(Cl)cc1Cl,[ 0.39072147  0.37959307 -0.83078355 -0.68756837 -0.10184703]
COP(=S)(OC)SC1CSC=CO1,[-0.5084512   1.         -0.89473337 -0.9528254   0.08225223]
O=CCCCC=O,[ 0.5994322   0.76243263 -0.35112208 -0.94545096 -0.3310964 ]
CNC(=O)c1[nH]cnc1C(=O)Nc1ccc(Cl)cc1,[-0.05174118  0.8910136  -1.         -0.65741104  0.12810263]
O=C(c1ccc(Cl)cc1)c1ccccc1-c1ncc[nH]1,[ 0.07230849  1.         -0.9247995  -1.          0.16783251]
C1=CC2C3C=CC(C3)C2C1,[ 0.27303424  0.7722834  -0.9929512  -0.72863746 -0.25558543]
CN(CC#N)N=O,[ 0.5181936   0.71282536 -0.80084544 -0.8811338  -0.36418658]
CC(CO[N+](=O)[O-])(CO[N+](=O)[O-])CO[N+](=O)[O-],[ 0.36291346  0.7700201  -1.         -0.87528    -0.19030525]
CC(=O)c1ccc2c(c1)N1C(=O)OCC1CC2,[ 0.2740619   0.8444451  -0.9010489  -1.          0.64795727]
CC(C)NCC(O)COc1cccc2ccccc12,[-0.068261    0.94713575 -0.72557163 -0.75785077 -0.26655772]
Cc1cc(-n2cccc2)c(S(C)(=O)=O)cc1C(=O)NC(=N)N,[ 0.5252239   0.79615706 -0.7108208  -0.6432311  -0.35298082]
O=[N+]([O-])c1cc(Cl)ccc1Cl,[ 0.18567716  0.85099703  0.22477823 -0.24861243  0.10203672]
N#CCCCCC#N,[-0.13283676  0.74301285 -0.73426014 -0.8947875  -0.32182294]
Oc1cc(Cl)c(Cl)c(Cl)c1Cl,[-0.09792376  0.06513804 -1.         -0.10513689 -0.39347684]
CN(C)S(=O)(=O)N(SC(F)(Cl)Cl)c1ccccc1,[ 0.14240947 -0.82233787 -0.65759826 -0.0313021   0.3102245 ]
CC(C(=O)O)c1ccc(C(=O)c2cccs2)cc1,[-0.37671167 -0.82041776 -0.588508   -0.1605603  -0.34668687]
O=P(OCCCl)(OCCCl)OC1CC(C(Br)CBr)CCC1Cl,[ 0.62244165  0.7655497  -0.9706884  -0.8205996  -0.07167789]
COC(C)CC(=O)O,[ 0.01728444  0.7969252  -0.7854347  -0.9415694  -0.47900906]
C=CCOc1ccccc1C(N)=O,[ 0.08590129  0.5238767  -0.6154976  -0.8967821  -0.18705177]
CCCc1nn(C)c2c(=O)[nH]c(-c3cc(S(=O)(=O)N4CCN(C)CC4)ccc3OCC)nc12,"[-4.3383846e-01  5.5441576e-01 -9.9898392e-01 -2.4808352e-04
 -3.0471259e-01]"
CCOP(=S)(OCC)Oc1cc(-c2ccccc2)on1,[ 0.526345    0.6977648  -0.60696304 -0.87702227  0.30987227]
COc1ccc2c(O[C@@H]3C[C@H]4C(=O)N[C@]5(C(=O)NS(=O)(=O)C6CC6)C[C@H]5/C=C\CCCCN(C)C(=O)[C@@H]4C3)nc(-c3ccc(F)cc3)nc2c1C,[ 0.44274795  0.5769362  -0.64917773 -0.7485909   0.06512068]
CCC1(CC)C(=O)NCC(C)C1=O,[ 0.7913728  -0.64327323 -0.51896614 -0.2893103   0.5933807 ]
C[Si](C)(Cl)Cl,[ 0.5822473   0.6548136  -0.5747689  -1.         -0.22291477]
COC(=O)c1ccccc1N=NN(C)C,[ 0.00159739  0.8288717  -1.         -0.7633186  -0.45162392]
CCCCCCCCCCCCCCCN,[-0.06222953  0.9309005  -0.66687846 -0.7190636   0.30007634]
COP(=S)(OC)SC(CBr)N1C(=O)c2ccccc2C1=O,[ 0.16962674  0.9724916   0.18362612 -0.8894206  -0.08672072]
Cn1c(=O)sc2cccc(Cl)c21,[-0.04830103  0.874536   -0.34618735 -0.94923425 -0.20611379]
CCOP(=O)(O)O,[ 0.6905852  0.770877  -0.4220919 -0.8446189  0.6581988]
C=CC(=O)OCCOCCOC(=O)C=C,[ 0.3080826   1.         -0.6603555  -0.9454145   0.20494653]
C=CCn1c(N)cc(=O)n(CC)c1=O,[ 0.25888595 -0.33460733 -0.54395264 -1.         -0.11438816]
ClCc1cccc2ccccc12,[ 0.13665545  1.         -0.83724123 -0.70923555  0.09207837]
CCOc1ccccc1-c1ccc(-c2nc3ccncc3c(O)c2C#N)cc1,[ 0.23880039  0.69776577 -1.         -0.37389824 -0.06217372]
Cc1ccc(S(=O)(=O)N(C)C(=O)N2CCC(N3CCC(Oc4ccc(Cl)c(Cl)c4)CC3)CC2)cc1,[ 0.35562706 -0.24177653 -0.760005   -0.9450498  -0.10468931]
C=CC(=O)OCCOCCC#N,[-0.03933541  0.6213561  -0.85759395 -1.         -0.10765404]
ClC(Cl)(Cl)c1cccc(C(Cl)(Cl)Cl)c1,[ 0.11374678  0.84732974 -0.785375   -1.         -0.14869076]
COc1cc(OC)c(S(=O)(=O)N(c2ccccc2)C(C)C)cc1NC(C)=O,[ 0.2834645   0.54359955  0.79962134 -0.35431862  0.23050177]
Nc1ccn([C@@H]2O[C@H](CO)[C@@H](O)C2(F)F)c(=O)n1,[ 0.22030862  0.84656054 -0.8493227  -0.6521711  -0.2930549 ]
O=c1cc(-c2ccc(O)cc2)oc2cc(O)cc(O)c12,[ 0.01184343  0.48465943 -0.31778792 -0.67180365  0.6259238 ]
CC(C)CCI,[ 0.3661003   0.93495554 -0.705257   -0.5744092  -0.2797327 ]
COC(=O)c1cc(Oc2ccc(Cl)cc2Cl)ccc1[N+](=O)[O-],[-0.03301302 -0.3949747  -0.92292875 -0.5489182  -0.28866518]
N[C@H]1CCN(c2c(Cl)cccc2/C=C2\SC(=O)NC2=O)C1,[-0.13300905  0.709168   -0.96478087 -0.85186905 -0.22192384]
CC1=NN(c2ccccc2)C(=O)C1,[-0.6638348   0.87855124 -0.820108   -0.8572748  -0.3590381 ]
Cc1ccc([N+](=O)[O-])cc1,[ 0.44101453  0.52270645 -0.86451316 -0.8504439  -0.15513498]
C=CCC1/C=C(\C)CC(C)CC(OC)C2OC(O)(C(=O)C(=O)N3CCCCC3C(=O)OC(/C(C)=C/C3CCC(O)C(OC)C3)C(C)C(O)CC1=O)C(C)CC2OC,[ 0.3193525   0.5741448  -0.7173929  -0.9745005  -0.49723884]
C=C(Cl)C#N,[-0.0223239   1.         -0.8004795  -0.5659079  -0.33203444]
COc1ccc2ccc(=O)n(CCN3CCC(NCc4cc5c(cn4)OCCO5)CC3)c2n1,[-0.26814196  0.7151224  -0.8040792  -0.6660571   0.1735165 ]
C#CC(C)(O)C(O)c1ccccc1,[ 0.10066732  0.7387885  -0.789036   -0.1926339  -0.00831504]
CN(C)C(=O)C(CCN1CCC(O)(c2ccc(Cl)cc2)CC1)(c1ccccc1)c1ccccc1,[ 0.23193882  0.72775936 -0.426808    0.15778983 -0.21048604]
Cc1nn(C)c(Oc2ccccc2)c1C=NOCc1ccc(C(=O)OC(C)(C)C)cc1,[ 0.14780189 -0.7161826  -0.2370278  -0.80044866  0.29841498]
O=C1c2ccccc2N(C(=O)CN2CCOCC2)CN1c1ccccc1,[ 0.29708427  0.63778085 -0.710544    0.05764325 -0.01544955]
COc1cc2c(cc1OC)C(Cc1cc(OC)c(OC)c(OC)c1)[N+](C)(CCCOC(=O)CC/C=C\CCC(=O)OCCC[N+]1(C)CCc3cc(OC)c(OC)cc3C1Cc1cc(OC)c(OC)c(OC)c1)CC2,[ 0.41328025  0.9033735  -0.85544103 -0.63268346 -0.12992674]
CN(CCCl)CCCl,[ 0.3403382   0.6366824  -0.80707407 -0.79274255  0.10570465]
C=CCN(C(=O)Cn1nc(C)ccc1=O)C(C)Cc1ccccc1,[ 0.3911724   0.72923434 -0.87266296 -0.72623307  0.4121439 ]
CC(=O)NCCCS(=O)(=O)[O-],[ 0.15434499  0.15780796 -0.5000763  -0.97057503  0.4822251 ]
C/C=C/c1cc(OC)c2c(c1)C(C)C(c1cc(OC)c(O)c(OC)c1)O2,[ 0.4918231   0.38185203 -0.27264327 -0.8194305   0.5369734 ]
O=S(=O)(O)c1ccc2cc(Nc3cccc4c(O)c(S(=O)(=O)O)ccc34)ccc2c1O,[ 0.505168   -0.83618814 -1.         -0.32564825  0.35203776]
COc1ccc2ncc(=O)n(CCN3CC[C@@H](NCc4cc5c(cn4)OCCO5)[C@H](O)C3)c2c1,[ 0.17371373  0.36729166 -0.7523041  -0.8257919   0.01771441]
CN(CCO)Cc1cc(C(=O)c2cccs2)cc(C(C)(C)C)c1O,[-0.9750904   0.9998842  -0.8863023  -0.75011843 -0.07435197]
CCCCC(CC)CNCC(C)(N)CN(C)CC(CC)CCCC,[ 0.08634955 -0.22845265 -0.8372337  -1.         -0.20197855]
CC(=O)CCc1ccc(O)cc1,[ 0.42544103  0.84823394 -1.         -0.80508155 -0.51655155]
CNC(=O)ON=C(C)SCC(=O)N(C)C,[ 0.38748997  0.15990615 -0.7515928   0.901684    0.109899  ]
CCCN(CCC)c1c([N+](=O)[O-])cc(C(C)C)cc1[N+](=O)[O-],[-0.19823708  0.96506006 -0.8780362  -0.9314114  -0.31516916]
O=[N+]([O-])c1c(Cl)c(Cl)c(Cl)c2nc(C(F)(F)F)[nH]c12,[ 0.2589834   0.653553   -1.         -0.9298168   0.20774814]
CON(C)C(=O)Nc1ccc(Cl)cc1,[ 0.04000392  0.76969546 -0.38810483 -1.         -0.2962612 ]
O=Cc1cccc2ccccc12,[-0.12704839 -0.5474634  -0.49170133 -0.7845946   0.02438628]
Nc1cccc(N)c1,[ 0.23802488  1.          0.23242016 -0.62617123 -0.21788794]
OCCNCCc1ccccc1,[ 0.24739304  0.86869293 -0.37914547 -1.          0.7196116 ]
COc1ccc2ncc(F)c(CCN3CCC(NCc4cc5c(cn4)OCCO5)CC3)c2n1,[-0.07684402  0.6375111  -0.8974195  -0.87825    -0.15495917]
C=CC(=O)OCCCCCCOC(=O)C=C,[ 0.5040021   0.46344864 -0.9081244  -0.6840875  -0.28269055]
CNCC(O)c1cccc(O)c1,[-0.42367926  0.81370664 -0.4575647  -0.8182759   0.13030861]
CCCCCCOC(=O)C(O)c1ccccc1,[ 0.12160203 -0.17395228 -0.7991506  -0.6610599   0.9963211 ]
CC(NC(C)c1ccccc1)c1ccccc1,[-0.095815    0.8027565  -0.419777   -0.67606103 -0.44639617]
CCCCCCCC=CC=O,[ 0.39628717  0.9671514  -0.84061086 -0.9947232   0.01141031]
C=C(C)c1ccc(C(C)(C)N=C=O)cc1,[-0.06471546 -0.3279144  -0.76434    -0.39109898  0.8448395 ]
CN(C)C(=O)Nc1ccc(Cl)cc1,[ 0.18647608  0.71777385 -0.8054839  -0.6400767   0.53232265]
CON=C(C(=O)NC1C(=O)N2C(C(=O)O)=C(COC(N)=O)CSC12)c1ccco1,[-0.1405843   0.4490633  -0.959486   -0.77491415 -0.14352953]
CCOC(=O)CCN(Cc1ccccc1)SN(C)C(=O)ON=C(C)SC,[-0.49614057  0.793847   -0.7939509  -0.45224422  0.06687059]
C=CC(=O)OCCc1ccc(CC)cn1,[ 0.23212416  0.7948961  -0.80644166 -0.2487803   0.89883554]
OCCOCCN1CCN(C(c2ccccc2)c2ccccc2)CC1,[-0.1838457  -0.14601503 -0.5448129  -0.5172329  -0.0737574 ]
CNc1c(Br)cnc2[nH]c(-c3ccc(S(C)(=O)=O)cc3)nc12,[-0.00169666  0.7023592  -0.58069736  0.49838254 -0.26487514]
FC(F)(F)c1nc2c(Br)c(Br)cc(Br)c2[nH]1,[ 0.21314211  0.3410482  -0.7834057  -0.69670665 -0.31585327]
C[N+](C)(Cc1ccc(NC(=O)c2ccc(Cl)c(Cl)c2)cc1)C1CCOCC1,[-1.         1.        -1.        -1.         0.7201946]
CCC(c1ccccc1)c1c(O)c2ccccc2oc1=O,[ 0.06107404  0.91924256 -0.97626764 -0.9346908  -0.27852276]
c1ccc2[nH]c(-c3cscn3)nc2c1,[ 0.5140356   0.6551155  -0.59198564 -0.5719787  -0.17754506]
CC(C)(C)c1cc(O)ccc1O,[ 0.27247164  0.8177239  -0.2665638   0.5930611   0.34498894]
CC1CCN(C(=O)CC(Cc2cccc(C(=N)N)c2)NS(=O)(=O)c2ccc3ccccc3c2)CC1,[ 0.3747666   0.06386798 -0.802143   -0.56758624  0.1596427 ]
CC1(C)C2CC=C(CCO)C1C2,[ 0.4536729   0.81956005 -0.83966863 -0.49451706  0.20563808]
CCCSP(C)(=S)OP(C)(=S)SCCC,[ 0.23070978  1.         -0.83913386 -0.8543574  -0.13579503]
CO/N=C(\C(=O)N[C@@H]1C(=O)N2C(C(=O)O)=CCS[C@H]12)c1csc(N)n1,[ 0.17172855  0.03651162 -0.4845072   0.66590476 -0.19162284]
Brc1ccc2[nH]cc(CC3CCNCC3)c2c1,[ 0.11864243  1.         -0.7321278  -0.7914871   0.1573559 ]
OCCOc1cc(Cl)c(Cl)cc1Cl,[-0.5297257   0.88659316 -0.6991617  -0.39070767  0.12734859]
CCNC(=O)ON=C1SCOC1C,[ 0.36817086  0.73572344 -0.9106164  -0.7269878  -0.41922113]
CC(C)[N+](=O)[O-],[ 0.4099327   0.9783456  -0.80444187 -0.58771724 -0.60763323]
CN(C)Cc1cc(CN(C)C)c(O)c(CN(C)C)c1,[ 0.25537175  1.         -0.75310487 -0.68991905  0.12002299]
SCCc1cnccn1,[-0.31239146  0.76446676 -1.         -0.7152178   0.26323652]
CCCCOC(C)OCCCC,[-0.20685987  0.8435068  -0.04415734 -0.48246998 -0.25526828]
NC(=S)Cc1cccc2ccccc12,[ 0.01173083  0.99762875 -0.6732481  -0.75040656 -0.75066847]
O=C(OCC(COC(=O)c1ccccc1)(COC(=O)c1ccccc1)COC(=O)c1ccccc1)c1ccccc1,[-0.06060571 -0.5989092  -0.7261768  -0.5404166  -0.20793162]
CCN[C@@H]1C[C@H](N)[C@@H](O[C@H]2OC(CN)=CC[C@H]2N)[C@H](O)[C@H]1O[C@H]1OC[C@](C)(O)[C@H](NC)[C@H]1O,[ 0.34696877  0.7335271  -0.8658145  -0.8747335   0.2324767 ]
CNC(=O)Oc1ccc(CCC#N)cc1,[ 0.31536505  0.9736834  -0.42577347 -0.84461194  0.09596273]
O=c1[nH]c2ccccc2n1CCCN1CCN(C(c2ccccc2)c2ccccc2)CC1,[ 0.36344296  0.8103673  -0.12729988 -0.5335043  -0.5179339 ]
C[C@H](Cn1cnc2c(N)ncnc21)OCP(=O)(O)O,[ 0.17718709 -0.28649858 -0.45246202 -0.7646484  -0.36315927]
CC(C)(C)c1ccc2c(c1)C(C)(C)CC2,[ 0.13130224  0.76113147 -0.65409493 -0.53360605  0.12832199]
COc1cc(C=CC(N)=O)ccc1O,[-0.06477841  0.8555011  -1.         -0.51812315 -0.33080384]
C/C=C/CC(C)C(O)C1C(=O)NC(CC)C(=O)N(C)CC(=O)N(C)C(CC(C)C)C(=O)NC(C(C)C)C(=O)N(C)C(CC(C)C)C(=O)NC(C)C(=O)NC(C)C(=O)N(C)C(CC(C)C)C(=O)N(C)C(CC(C)C)C(=O)N(C)C(C(C)C)C(=O)N1C,[ 0.12374423  0.85351676 -0.74081475 -1.         -0.12530963]
CC(C)(C)OC(=O)N1CCN(c2ncc(OCc3ccncc3)cn2)CC1,[-0.0869826   0.90883946 -0.8485315  -0.5224229  -0.27423242]
CCC(=O)OC1CCC2C3CCC4=CC(=O)CCC4(C)C3CCC12C,[ 0.12939674 -0.30406627 -0.5245992  -0.7177703   0.70558596]
CC(C)(C)c1ccc(OP2OCC3(CO2)COP(Oc2ccc(C(C)(C)C)cc2C(C)(C)C)OC3)c(C(C)(C)C)c1,[-0.05942492  0.27261287 -0.31566885 -0.32514444  0.23435216]
COP(N)(=O)SC,[-0.01142687  0.6979149  -0.87269765 -0.70577514  0.21392553]
Cc1ccc2c(c1)c(Sc1cccc(Cl)c1)c(C)n2CC(=O)O,[ 0.19315366  0.6902558  -0.69845563  0.17853542  0.00792641]
C[C@H](CO)Nc1nc(SCc2cccc(F)c2F)nc2nc(N)cnc12,[ 0.24041332  0.31966388 -0.6999368  -0.9030481  -0.34028333]
CO/N=C(\C(=O)N[C@@H]1C(=O)N2C(C(=O)O)=C(COC(C)=O)CS[C@H]12)c1csc(N)n1,[ 0.48779702  0.84504026 -0.38326403 -0.7510367   0.2368185 ]
CC(C)c1cccc(OC(=O)N(C)C)c1,[-0.25607985  0.25364825 -0.47958535 -0.55469716  0.04897708]
CN(C)N(C)N=O,[ 0.06488366  0.973345   -0.79950273 -1.          0.66316706]
CCCCCCCCOC(C)=O,[-0.20401105  0.5641043  -1.         -0.73305607 -0.3482274 ]
Cc1cnc(C)c(C)n1,[ 0.3517209   0.12908871 -0.6798726  -0.32805556  0.11845952]
CCC(C)(C)OC(=O)Nc1ccco1,[ 0.5578029   0.56140065 -0.85089827  0.29901132 -0.20421822]
NS(=O)(=O)c1cc2c(cc1Cl)NCNS2(=O)=O,[ 0.42173865  0.18150556 -0.35328537 -0.74575984  0.3432784 ]
CC(C(O)c1ccc(O)cc1)[NH+]1CCC(O)(c2ccccc2)CC1,[-0.0788931   0.4152061  -1.         -0.6797375  -0.26395375]
NCCNCCNCc1ccccc1O,[ 0.03798616  1.         -0.6558179  -0.889765    0.37023866]
CC(=O)NC(CS)C(=O)[O-],[ 0.24068788 -0.4837768  -0.620693   -0.57726634 -0.39669788]
O=C(/C=C/c1ccccc1)NCCO,[-0.25011805  0.6609991  -0.62844217 -0.09655961  0.22146471]
CCCCCc1ccccc1O,[ 0.5257326   0.81036115 -0.8809083  -0.74890316 -0.4123997 ]
CSc1ccc(C(=O)c2[nH]c(=O)[nH]c2C)cc1,[ 0.1786387  0.7697861 -0.9122059 -0.7743635  0.7833473]
Oc1c(Cl)c(Cl)cc2[nH]c(C(F)(F)F)nc12,[ 0.39971998  0.85110277 -0.83541226 -0.5564972   0.05740212]
O=C1NC(=O)C(c2ccccc2)(c2ccccc2)C(=O)N1,[ 0.6759072   0.57147056 -0.76019746 -0.794898   -0.06781898]
CC(=O)c1c(C)c2cnc(Nc3ccc(N4CCNCC4)cn3)nc2n(C2CCCC2)c1=O,[-0.33152297  1.         -0.7853319  -0.5937613   0.4963061 ]
COc1cc2nc(N3CCN(C(=O)C4COc5ccccc5O4)CC3)nc(N)c2cc1OC,[-0.32002196  0.9835025  -0.60665596 -0.47728693  0.04052756]
CC1CN(C2CCCCCCCCCCC2)CC(C)O1,[ 0.46759835  0.8022139  -0.8098223  -0.23657633 -0.36245558]
COc1cc(Nc2nc(N[C@@H](C)c3ncc(F)cn3)ncc2Br)n[nH]1,[ 0.4083663   0.7675355   0.348363   -0.82275087 -0.537232  ]
Cc1c(Sc2ccc(Cl)cc2)c2c(-c3ccccc3)cccc2n1CC(=O)O,[ 0.15887587  0.9066416  -0.06563041 -0.5528561   0.42374426]
C=CC[NH+]1CCCC1CNC(=O)c1cc(S(=O)(=O)NC)c(N)cc1OC,[ 0.3357635   0.70158947 -0.07378843 -0.18037468 -0.3196326 ]
CCOP(=S)(OCC)OC(=CCl)c1ccc(Cl)cc1Cl,[-0.47419336 -0.41094276 -0.5466203  -0.10906152 -0.32828087]
CCOc1ccc([C@@H](C)Nc2nc(N3CCN(C(C)=O)CC3)nc3c2CN(C(C)C)C3=O)cc1,[-0.35456845  0.12747297 -0.48531997 -0.34062698 -0.19552234]
O=C(Cl)CCl,[ 0.49039283  0.727126   -0.5094601  -0.8774021  -0.13829982]
Cc1ccc(N=C=O)cc1,[ 0.44399014  0.4931579  -0.5417325  -0.00106719  0.34286186]
O=CNc1cc([C@@H](O)CNCCc2ccc(NC[C@H](O)c3ccccc3)cc2)ccc1O,[-0.3167211   0.10501949 -0.928429   -0.304579   -0.17277938]
Nc1ccc(N)cc1,[ 0.21839102  0.73402596 -0.25507733 -0.84908116 -0.08168054]
CC(C(N)=O)(c1ccccc1)c1ccc(N)cc1,[ 0.42843488  0.880218   -0.5680164  -0.8001976  -0.11511178]
COc1cc(C=CC(=S)N2CCOCC2)cc(OC)c1OC,[ 0.17210211 -0.3198248  -0.50949997 -0.41930872 -0.22231713]
COc1cc(OC)c(S(=O)(=O)N2c3ccccc3CCC2C)cc1NC(=O)COCC(=O)O,[ 0.28383765  0.79407513 -0.409255   -0.566818   -0.19429849]
C[C@@H](NC(=O)C1CCCCN1C)c1ccc(Nc2ncc3cc(-c4ccncc4)ccc3n2)cc1,[-0.02847397  0.88289624 -0.8127395  -0.6321544  -0.17085634]
O=C(NCc1ccc(OC(F)(F)F)cc1)C1c2ccccc2C(=O)N1CCc1ncc(F)cn1,[ 0.4825452   0.7079939  -1.         -0.6471138   0.11886462]
CCCCOCC1CO1,[ 0.0521123   0.6566236  -1.         -1.         -0.00399645]
Cc1ncc(C[n+]2csc(CCO)c2C)c(N)n1,[ 0.00218232 -0.44337785 -0.8337124  -0.557889    0.6119752 ]
FC1(F)CC(C2CC3(Cl)C(Cl)=C(Cl)C2(Cl)C3(Cl)Cl)C1(F)F,[ 0.64219683  0.37582335 -0.7940041   0.30686194 -0.08036151]
CCc1c2c(nc3ccc(O)cc13)-c1cc3c(c(=O)n1C2)COC(=O)[C@]3(O)CC,[ 0.04489822  0.87126714 -1.         -0.67016965 -0.08798072]
Clc1ccc(N2N=NC3C4CC(C5N=NC45)C32)cc1,[-0.12452262  0.669539    0.40524444 -0.41425437 -0.36434245]
C1CCC2CCCCC2C1,[ 0.22797553  0.6405896  -0.9737137  -0.89006335 -0.01727959]
COP(=O)(OC)OC(=CCl)c1cc(Cl)ccc1Cl,[ 0.49559525  0.8376387  -0.84660435 -0.91712946 -0.38068697]
CCSP(SCC)SCC,[ 0.37925097  0.825409   -0.7869894  -0.5625924  -0.49894655]
Cc1cnc(C)cn1,[ 0.1549681   0.35997576 -0.9593718  -0.40949664  0.69006175]
Nc1cc2c(cc1C1CCCCC1)CCC2C(=O)O,[ 0.41890207  0.21930467 -1.          0.505902   -0.24245757]
COP(=S)(OC)Oc1cnc2ccccc2n1,[ 0.58001757  0.55356646 -1.         -0.6516748   0.37374166]
CC(O)C#N,[-0.53939456  0.27665135 -0.13854446 -0.7304418  -0.0374205 ]
Cn1cnc(S(=O)(=O)N(CCN(Cc2cncn2C)c2ccc(C#N)cc2)Cc2ccccc2)c1,[-0.1316684   0.8246265  -0.8503153  -0.93342394 -0.13385913]
Cc1c(Sc2ccc(Cl)cc2)c2c(-c3cnccn3)cccc2n1CC(=O)O,[-0.02707729  0.6369721  -1.         -0.9551943   0.16754183]
O=[N+]([O-])c1cc(Cl)c2nc(C(F)(F)F)[nH]c2c1,[ 0.24042219  0.6244256  -0.8998354  -0.94694674  0.06249772]
S=c1[nH]c2cc(Cl)ccc2o1,[ 0.15484355  0.8656073  -0.6230304  -0.6576403  -0.23190594]
CC=CC(C)=O,[ 0.48194847  0.8172714  -0.74523896 -0.99597174  0.811642  ]
CC(=Cc1ccccc1)C=C1SC(=S)N(CC(=O)O)C1=O,[ 0.43656945  1.         -0.49992546 -0.67353415  0.19484608]
CC(C)=C1CCC(C)CC1=O,[-0.02341074  0.7102393  -0.85320985 -0.59384924  0.1342171 ]
NC(=O)CF,[-0.18475676  0.76621366 -0.87388575 -0.60885006  0.5754971 ]
CCCCOc1ccccc1NC(C)=O,[-0.19815695 -0.5635462  -1.         -0.6052833   0.14313634]
CC(C)=CC1C(C(=O)OC(C#N)c2cccc(Oc3ccccc3)c2)C1(C)C,[ 0.22560939  0.62702376 -0.6779863  -0.33709332  0.63684356]
Nc1nc(O)c2ncn(COCCO)c2n1,[ 0.6956229   0.94777834 -0.51082504 -0.7908855  -0.3612265 ]
[NH3+]CC1CCC(C(=O)[O-])CC1,[ 0.10940798  0.671863   -0.5894379  -0.71808034  0.04215071]
CCCCN(CCCC)SN(C)C(=O)ON=CC(C)(C)SC,[ 0.13348474  0.5960296  -0.8483379  -0.5575706  -0.36158195]
CCCN(CCC)c1c([N+](=O)[O-])cc(C)cc1[N+](=O)[O-],[ 0.40079707  0.7374068  -0.4251891  -0.15008327 -0.27622098]
CCC(CC)C(=O)OCCOCCOCCOC(=O)C(CC)CC,[ 0.19160835  0.79054296 -0.4650773  -0.25934404 -0.44463262]
CC1=C(CC(=O)O)c2cc(F)ccc2C1=Cc1ccc(S(C)=O)cc1,[ 0.4404992   0.82427335 -0.70203793 -0.3906521  -0.3310385 ]
CCN(CC)CCOCCO,[ 0.08633324 -0.5144593  -0.8335118  -0.5401741  -0.09469805]
CN(C)c1ccc(N=Nc2ccccc2)cc1,[-0.11908199  0.6234261  -0.1005742  -0.668443    0.6246689 ]
CSCCC([NH3+])C(=O)NC1(C(=O)[O-])CS(=O)(=O)C2C(C(=O)[O-])C21,[ 0.18374032  0.69720054 -0.45323777 -0.84078246 -0.46331203]
COC(=O)Cc1ccccc1,[-0.3853859  1.        -1.        -0.6587345 -0.3293544]
C[C@@](N)(Cc1ccc(O)c(O)c1)C(=O)O,[ 0.15179513  0.9026367  -0.47377676 -1.         -0.23933463]
O=C(NCC12CC3CC(CC(C3)C1)C2)c1cc(-n2ncc(=O)[nH]c2=O)ccc1Cl,[ 0.25253156  0.22441585 -0.70409805 -0.5200639  -0.08188163]
CC1(C)C(=O)N(CO)C(=O)N1CO,[ 0.3652062   0.49322596 -1.          0.6464486  -0.0601788 ]
Cc1ccc(N=CN(C)SN(C)C=Nc2ccc(C)cc2C)c(C)c1,[-0.00891349  0.70762765 -0.28242704 -0.5102569  -0.04350222]
CCC[C@@H](c1ccc(C(=O)O)c(Oc2cccc(Cl)c2)c1)N1CCC[C@H](n2cc(C)c(=O)[nH]c2=O)C1,[ 0.386932    0.610344   -0.80364126  0.35373306 -0.19910665]
O=[N+]([O-])c1ccc(O)c(CNCCO)c1,[ 0.48196238  0.7956534  -0.9613196  -0.5351326   0.13537928]
C/C=C(/C)C(=O)O[C@H](c1cc2ccc(=O)oc2cc1OC)[C@H](O)C(C)(C)O,[ 0.6049982   0.9305649  -0.8457312  -0.47453916  0.60870343]
O=C(O)COc1ccc(Cl)cc1CN1CCN(S(=O)(=O)Cc2ccccc2)CC1,[ 0.36177093  0.6914231  -0.6870003  -0.625509    0.07710277]
CC1CCC(C(C)C)C(O)C1,[ 0.01007707 -0.46324554 -0.78905046 -0.95520705  0.26030785]
C[S+]([O-])Cc1ccc(C(=O)Nc2ccc(OCCOCCO)nc2C(=O)NCC2CCC2)c2ccccc12,[ 0.28569072  0.84184605 -0.78710145 -0.5423398  -0.32642224]
C=COC(=O)CCCCC(=O)OC,[ 0.10122059 -0.6957526  -0.7227808  -0.18185934  0.91016704]
CCN(CC)c1ccc2cc(C(=O)NC3(C(=O)N[C@H](Cc4ccccc4)C(=O)NCC4CCN(CC5CCOCC5)CC4)CCCC3)sc2c1,[-0.67870146  0.29374433 -0.4487773   0.709355    0.80151886]
CCOC(C1=NCCCN1)c1c(Cl)cccc1Cl,[ 0.35466403  0.6316752  -0.17909247 -0.32479417 -0.49756545]
C1CN1P1(N2CC2)=NP(N2CC2)(N2CC2)=NP(N2CC2)(N2CC2)=N1,[ 0.08505607 -0.8833944  -0.7578668  -0.47324494  0.362208  ]
CC(=Cc1ccccc1)CC(=O)N1CCOCC1,[-0.3784132  -0.46481785 -0.7016398  -0.5178608  -0.02295664]
COCCOP(=O)(OCCOC)OCCOC,[-0.47891128  0.85742784 -0.72679704 -0.91450053  0.47024548]
CCOP(=S)(OCC)OC(C)CC,[-0.15319747 -0.35741436  0.39778122 -1.         -0.1934526 ]
C=C1CC23CC1(O)CCC2C12C=CC(O)C(C)(C(=O)O1)C2C3C(=O)O,[ 0.2431085  -0.30915397 -0.7199165  -0.70857716 -0.2629263 ]
CCN1C(=O)NC(c2ccccc2)C1=O,[-0.21256582  0.43689105  0.25228944 -0.50746274  0.77189815]
C=C(CC(=O)c1ccc(-c2ccccc2Cl)cc1)C(=O)O,[ 0.03401857  0.6805411  -0.8162054  -0.8149373   0.480199  ]
CSCC(=O)N(C)C(=O)Oc1ccccc1OC(C)C,[-0.0883018   0.6210859  -1.         -0.83613974 -0.46378195]
COP(=S)(OC)SCc1nnc(SC)s1,[ 0.1559838   0.8738115  -0.510447   -0.66976666  0.4279141 ]
CCC(=O)CC,[ 0.33234155  0.67670697 -0.93472457 -0.72083116 -0.34519023]
C[NH2+]C(C)C1CCC(N)C(OC2C(N)CC(N)C(OC3OCC(C)(O)C([NH2+]C)C3O)C2O)O1,[-0.07556063  0.80251765 -0.545773   -0.8328233   0.00241122]
Cc1cn([C@H]2CCCN(S(=O)(=O)c3ccc(C(N)=O)c(Oc4cccc(Cl)c4)c3)C2)c(=O)[nH]c1=O,[-0.09674436  0.5502583  -0.7540371  -0.7129803  -0.23770149]
NC(=O)Nc1cccc2c3c([nH]c12)CCCC3,[ 0.5777639   0.4357764  -0.88190174 -0.2547306  -0.20381944]
CCN1C(=O)C=CC1=O,[ 0.09755105  0.57543975 -0.61897403 -0.6104842   0.04122449]
OCCN(CCO)CCO,[-0.00807175  0.71778363 -0.6204365  -0.6994014  -0.43491578]
Fc1ccc(Br)cc1,[-0.28297076  0.7871466  -0.7812425   0.47143456  0.01286465]
Cc1ccc(NC(=O)c2ccc(C#N)cc2)cc1-n1cnc2ccc(N3CCN(C)CC3)cc2c1=O,[ 0.19613583  0.9299738  -0.50566196 -0.7809531  -0.09565684]
CCC(=O)NCCC1CCc2ccc3c(c21)CCO3,[-0.07585295  0.07013125 -0.85311157 -0.76658654 -0.02248148]
COc1cc(OC)c(S(=O)(=O)NCc2ccccc2N2CCCCC2)cc1NC(=O)CCC(=O)O,[ 0.60695386  0.6172841  -0.7064957  -0.54661804  0.06151207]
C[C@@H]1CN(Cc2ccc(F)cc2)CCN1C(=O)COc1ccc(Cl)cc1NC(N)=O,[-0.42249742  0.6510278   0.34892702 -0.7069937   0.43807366]
O=[N+]([O-])N1CN([N+](=O)[O-])CN([N+](=O)[O-])C1,[ 0.87782705  0.3354975  -0.42675272 -0.5858965  -0.42057616]
COCCOCCOC(C)=O,[ 0.39961758  0.9800663  -0.32097727 -0.8379178   0.30390155]
CC[C@@H]1OC(=O)[C@@H](C)[C@H](O[C@@H]2C[C@](C)(OC)[C@H](O)[C@@H](C)O2)[C@H](C)[C@H](O[C@@H]2O[C@H](C)C[C@H](N(C)C)[C@H]2O)[C@@](C)(O)C[C@@H](C)/C(=N\OCOCCOC)[C@H](C)[C@@H](O)[C@@]1(C)O,[ 0.31212187  0.85842997 -0.5480817   0.62673193 -0.32565272]
COc1ccccc1Oc1c([N-]S(=O)(=O)c2ccc(C)cn2)nc(-c2ccncc2)nc1OC,[ 0.39988667  0.8868336  -0.7385539  -1.         -0.1910159 ]
FC(F)=C(F)CCSc1ncccn1,[-0.09298106  0.79268646 -0.7433516  -0.75505567  0.5619231 ]
CC(C)(C)c1ccc(C(=O)O)cc1,[ 0.3278772   0.7237432  -0.6963786   0.30082795  0.25660947]
CC(=O)N[C@H](Cc1ccc2ccccc2c1)C(=O)N[C@H](Cc1ccc(Cl)cc1)C(=O)N[C@H](Cc1cccnc1)C(=O)N[C@@H](CO)C(=O)N[C@@H](Cc1ccc(O)cc1)C(=O)N[C@H](CCCNC(N)=O)C(=O)N[C@@H](CC(C)C)C(=O)N[C@@H](CCCNC(=N)N)C(=O)N1CCC[C@H]1C(=O)N[C@H](C)C(N)=O,[-0.09294236  0.72909254 -0.76122427 -0.8281303  -0.166737  ]
CCOP(=O)(NC(C)C)SCC(=O)NCOC,[ 0.2524614   0.36128315 -0.32294106 -0.816881    0.00539558]
S=C1NCCC(COc2ccccc2)O1,[-0.17846243  0.66833526 -0.973845   -0.6746324   0.5965521 ]
COc1cc2c(c3oc(=O)c4c(c13)CCC4=O)C1C=COC1O2,[ 0.03796497  0.8073653  -0.6083887  -0.75869566 -0.5691858 ]
CCOP(=S)(OCC)Oc1cc(C)n(CC)c(=O)c1,[ 0.11271966  0.734953   -0.738073   -0.68904364 -0.06996384]
[O-][n+]1onc2c1c1no[n+]([O-])c1c1no[n+]([O-])c21,[ 0.4406797   0.6283071  -0.71594656 -1.          0.06057485]
CC12CCC3c4ccc(O)cc4CC(CCCCCCCCCS(=O)CCCC(F)(F)C(F)(F)F)C3C1CCC2O,[ 0.4366484  -0.27931166 -0.38064605  0.11278654 -0.15594216]
CC(C)CCCC1CCC(C)(C(=O)NCC(=O)O)CC1,[ 0.40628332  0.01552983 -0.5370452  -1.         -0.05060992]
CNC(=O)Nc1nnc(C(C)(C)C)s1,[-0.17998117 -0.8074929  -1.         -0.37296453 -0.16659425]
Nc1ccc(Cl)cc1,[ 0.46310228  0.55130804 -0.04610208 -0.7435368  -0.10000851]
C[C@H](CO)Nc1nc(SCc2cccc(F)c2F)nc2[nH]c(=O)cnc12,[ 0.12336389  0.9075214  -0.5792761  -0.78706586 -0.32091337]
CCc1nc(N)nc(N)c1-c1ccccc1,[ 0.41098425  0.3266259  -0.61873436 -0.8579929   0.01654169]
C=CC(=O)OC1CC2CCC1C2,[ 0.10479216  0.7408547  -1.         -0.7329413  -0.10141798]
CC(=O)Oc1cc(C(F)(F)F)ccc1C(=O)O,[-0.05028775  0.8965327  -0.9864106  -0.61226404 -0.01138853]
CN(C)c1ccc(C(O)(c2ccc(N(C)C)cc2)c2ccc(N(C)C)cc2)cc1,[ 0.3994197   0.6515427  -0.8044628  -0.41657066 -0.00708562]
Cc1cc([N-]S(=O)(=O)c2ccc(N)cc2)no1,[-0.09786381  0.8346787  -0.70881844 -0.55259806  0.50286   ]
N#CCCOCCC#N,[ 0.07498033  1.         -0.9830939  -0.78245866  0.42667115]
CCC(=O)OC1C(C)OC(OC2C(C)OC(OC3C(CC=O)CC(C)C(O)C=CC=CCC(C)OC(=O)CC(OC(C)=O)C3OC)C(O)C2N(C)C)CC1(C)O,[-0.24473046  0.9345005  -0.75608563 -0.8987854  -0.30207202]
CCCOCCOC(=O)C1=C(C)NC(C)=C(C(=O)OCCOCCC)C1c1cccc([N+](=O)[O-])c1,[ 0.6004316   0.8379797  -0.74631596 -0.34129778  0.01525229]
CC(=O)N(C)c1ccc2ccn(-c3cc(NC4CC4)n4ncc(C#N)c4n3)c2c1,[ 0.18643387 -0.40976855 -0.6167129  -0.8445969  -0.0162069 ]
CNC(=O)Oc1cc(C)c(N(C)C)cc1C(C)C,[ 0.57959694  0.9101389  -1.         -0.35567048 -0.36626783]
O=C(CCCN1CCC(O)(c2cccc(C(F)(F)F)c2)CC1)c1ccc(F)cc1,[ 0.64317554  0.58812857 -0.8127418  -0.5317118  -0.13178648]
COc1ccc(C(Oc2ccccc2)C2=NCCCN2)cc1,[ 0.17938599 -0.6425616   0.21368949 -0.53407127 -0.21275319]
Cc1cc(=O)n(CSP(=S)(OC(C)C)OC(C)C)nc1Cl,[-0.0058466   0.6714157  -0.8348589  -0.7664724   0.06645437]
COC(=O)c1ccccc1,[ 0.5121015   0.6285174  -0.48491743 -0.7055803  -0.20948198]
O=C(CO)N1CCC(c2[nH]nc(-c3ccc(Cl)cc3F)c2-c2ccncn2)CC1,[ 0.5279363   0.93018526  0.05371176 -0.40181777 -0.22500297]
Cc1cccc(C)c1CCNC(N)=O,[-0.22769406  0.9394446  -0.74398917 -0.77644265  0.17667876]
COc1ccc(C[C@@H]2c3cc(OC)c(OC)cc3CC[N@+]2(C)CCC(=O)OCCCCCOC(=O)CC[N@@+]2(C)CCc3cc(OC)c(OC)cc3[C@H]2Cc2ccc(OC)c(OC)c2)cc1OC,[-0.11442777  0.51920074 -0.29310468 -0.58176297  0.05013344]
CNC(=O)Oc1ccccc1C1OCCO1,[-0.14637321  0.2978818  -0.43638223 -0.63727653 -0.24537337]
Clc1cc(Cl)cc(Cl)c1,[ 0.8728867  -0.45840013 -0.56590074 -0.11378979  0.6687017 ]
COc1ccc2c3c1OC1CC(O)C=CC31CC[NH+](C)C2,[-0.4538386  -0.6140686  -0.7631543  -0.632779   -0.27669632]
CN(CC=CC#CC(C)(C)C)Cc1cccc2ccccc12,[-0.40118593  0.93872285 -0.8071064  -0.7490442  -0.14542603]
Cc1cc(Nc2nc(N[C@@H](C)c3ncc(F)cn3)nc(N3CCOCC3)c2F)n[nH]1,[ 0.00901115  0.78209955 -0.64196295 -0.7772262  -0.42681813]
O=C(Cl)C=CC(=O)Cl,[ 0.47487247  0.6350211  -0.8627931   0.08886936  0.00289832]
CN=C=S,[ 0.283216    0.42755637 -0.7405161   0.51712424  0.02415014]
C1C[SiH2]C1,[ 0.30669045  0.9189257  -0.60434747 -1.         -0.13364068]
ClCC(Cl)=C(Cl)Cl,[ 0.40177622  0.70067954 -0.53890806 -0.87565595 -0.07784686]
COc1nccnc1NS(=O)(=O)c1ccc(N)cc1,[ 0.5451926   0.8742783  -0.7881073  -0.8457874  -0.10351153]
CCC(C(=O)N1CCCCC1C(=O)OC(CCc1ccc(OC)c(OC)c1)c1cccc(OCC(=O)NCCNC(=O)COc2cccc(C(CCc3ccc(OC)c(OC)c3)OC(=O)C3CCCCN3C(=O)C(CC)c3cc(OC)c(OC)c(OC)c3)c2)c1)c1cc(OC)c(OC)c(OC)c1,[ 0.3159345   0.7349856  -0.10405847  0.37454376 -0.08962203]
CCCNC(=N)C(OCC)c1ccccc1,[ 0.27354237  0.8462455  -0.6840411   0.4629645   0.60895675]
CC(CO)Oc1ccccc1,[ 0.34330785  0.93124074 -0.58708155 -0.60576576 -0.4549358 ]
CCCCN1C(=O)c2cccc([N+](=O)[O-])c2C1=O,[ 0.27403316  0.26448807 -0.7045762  -0.61371213  0.3377118 ]
CCN(CC)CCNC(=O)c1cc(Br)c(N)cc1OC,[ 0.02046456  0.8641305  -0.42872867 -0.81064624  0.15602918]
CCOCCCO,[ 0.05040531  0.06995445 -0.66050464 -0.3865934   0.37339354]
Oc1c(O)c(-c2c(Cl)c(Cl)c(Cl)c(Cl)c2Cl)c(Cl)c(Cl)c1Cl,[ 0.6539344   0.7768453   0.4384317  -0.15131031 -0.23634936]
CCCCSCCCC,[ 0.2150513   0.6887738  -0.7702892  -0.5811949  -0.16821451]
CN(C)N=Nc1ccc(I)cc1,[-0.15584056 -0.57187945 -0.8965704  -0.77415746 -0.17389925]
Cc1cc(Cl)ccc1OCCCC(=O)O,[ 0.28616643  0.8703552  -0.9418328  -0.49188352  0.2639262 ]
C1COCCOCCNCCOCCOCCN1,[ 0.41215506  0.54710233 -1.         -0.6408283   0.26550773]
NC(=O)N1C(=O)C(C(=O)c2cccs2)c2cc(Cl)ccc21,[-0.23343232  0.64808935 -0.83171487 -0.30262706 -0.48736352]
Nc1nc(-c2ccccn2)nc(N)c1Cc1ccc(Cl)cc1Cl,[ 0.29522678  0.88030267 -0.6833594  -0.55648714 -0.3762014 ]
c1cc2c(c(N3CC[NH2+]CC3)c1)OCCO2,[ 0.3037921  0.820995   0.0399971 -0.8924861  0.4007976]
CCOC(=O)CCC[Si](C)(OCC)OCC,[ 0.59097666  0.8991016  -0.8301819  -0.4962321  -0.21032006]
N#Cc1cc(Br)c(O)c(Br)c1,[ 0.05510438  0.9578595  -0.5391828  -0.52880776  0.26159465]
CCCCCC(O)C=CC1C(O)CC(O)C1CC=CCCCC(=O)O,[ 0.01564686 -0.5077471  -0.6908593   0.11476871  0.8787688 ]
C[C@H](CSN=O)C(=O)N1CCC[C@@H]1C(=O)O,[ 0.05022931  0.8593817  -0.87250084 -0.9146153   0.12981325]
NCCCNCCSP(=O)(O)O,[ 0.47006395  0.20033076 -1.         -0.7617283  -0.41074616]
COCCOCc1ccccc1,[ 0.37609363  0.9956396  -0.9196893  -0.60654795  0.03550322]
CN1[C@@H]2CC[C@@H]1CC(OC(=O)C(CO)c1ccccc1)C2,[ 0.5127138   0.90884596 -0.9399504  -0.33250353  0.20692383]
CCCOCCN(C(=O)CCl)c1c(CC)cccc1CC,[ 0.1595913   0.87473714 -0.8136844  -0.16932163 -0.35307837]
C#CCN1C(=O)CN=C(c2ccccc2)c2cc([N+](=O)[O-])ccc21,[ 0.25939497  0.88790774 -0.7450213  -0.6244703  -0.42455423]
Cc1cc(-c2ccc(Cl)c(C(=O)NCC3(O)CCCCCC3)c2)nn1C[C@H](O)CN,[ 0.32304627  0.56988895 -1.         -0.80983394 -0.3316082 ]
CC(O)c1cccc(N)c1,[ 0.47626197  0.96243507 -0.74139583  0.16472176 -0.6782547 ]
COc1ccc(-c2cc(=O)c3ccc(OC)cc3o2)cc1,[-0.01078051  0.82574946 -0.7671903  -0.28676602  0.28021336]
CN1CN(CCO)CSC1=S,[ 0.36402526  0.2234572  -1.         -0.48125166  0.1531819 ]
CCCCCCCCCCOC(=O)Cc1ccc(N(CCCl)CCCl)cc1,[ 0.0481698  -0.5966053  -0.68819135  0.25192648  0.21512875]
BrC12CC3CC(CC(C3)C1)C2,[-0.31383595  0.57982343 -0.9846485  -0.8268463  -0.07016253]
CN(C)C(=O)Nc1cc(C(C)(C)C)on1,[ 0.17842083  0.84881    -1.         -0.85523987 -0.05521448]
CC(=O)SCC(=O)Nc1nc2ccccc2s1,[ 0.21648091  0.98984855 -0.6619958  -1.         -0.1848474 ]
COP(=O)(OC)Oc1ccc([N+](=O)[O-])c(Cl)c1,[-0.01589147 -0.51430464 -0.8650148  -0.70931536 -0.10377902]
CON=C(Cc1cccnc1)c1ccc(Cl)cc1Cl,[ 0.6996369   0.71967024 -1.         -0.21370831 -0.15837267]
Cc1ccc(NC(=O)c2ccc(Cl)c(C(F)(F)F)c2)cc1C(=O)Nc1cccnc1,[ 0.27193913  0.4559442  -0.9442207  -0.9935887  -0.18332095]
N#CC1CC2CC2N1C(=O)C(N)C12CC3CC(CC(O)(C3)C1)C2,[-0.0658548   0.86492956 -0.79867375 -0.7481844  -0.19147292]
COP(=S)(OC)SCc1nc(N)nc(N)n1,[ 0.58058476  0.8302529  -0.8604908  -0.57348436 -0.42419943]
O=C1NC(c2ccc(Br)cc2)Nc2ccccc21,[ 0.1707957   0.87991697 -0.9043798  -0.9504036  -0.17712653]
O=[N+]([O-])c1cccc(O)c1,[-0.23945734  1.         -0.6839357  -0.9490019   0.03312003]
CN1CCC(=C2c3ccccc3Sc3ccccc32)CC1,[ 0.29359844  0.9037915  -0.8145376  -0.70478505 -0.33039847]
C=C(C)C(=O)OCCC[Si](OC)(OC)OC,[ 0.40966022  0.9012281  -0.8980013  -0.8618925   0.00680393]
CCN(N=O)C(C)OC,[-0.03812913  0.9003495  -0.53331405 -1.          0.41798896]
C[C@@H]1NC(=O)[C@@H](C)NC(=O)[C@H](C)N(C)C(=O)[C@@H](C)N(C)C(=O)[C@@H](C)NC(=O)[C@H](C)N(C)C1=O,[-0.380115    0.70391023 -0.7454771  -1.          0.55930394]
C=CCc1cc(OC)c(OC(C)Cc2cc(OC)c(OC)c(OC)c2)c(OC)c1,[ 0.17305307  0.5592256  -0.72520995 -0.38123998 -0.18147142]
CS(=O)(=O)c1ccc(C(O)C(COC(=O)C[NH3+])NC(=O)C(Cl)Cl)cc1,[ 0.21617348  0.86127645 -0.72241014 -0.6700905   0.18528932]
Cc1cn([C@H]2CCCN([C@H](CC(C)C)c3ccc(C(=O)O)c(Oc4cccc(Cl)c4)c3)C2)c(=O)[nH]c1=O,[-0.00589267  0.72093797 -0.73271483 -0.6691041   0.09039887]
c1ccc([C@H]([C@@H](c2ccccc2)N2CCCCC2)N2CCCCC2)cc1,[-1.          0.32659513 -0.28157574 -0.5038208   0.30507106]
FC(F)(F)c1nc2cc(Br)c(Cl)cc2[nH]1,[-0.2882619   0.88272595 -0.76021296 -0.5538372   0.24186839]
O=c1cc(-c2ccc(O)cc2)oc2cc([O-])c(C3OC(CO)C(O)C(O)C3O)c(O)c12,[ 0.2050318   0.8175177  -0.63450885 -0.72438896  0.02577913]
CC1(C)C(C=C(Cl)Cl)C1C(=O)OCc1c(F)c(F)c(F)c(F)c1F,[ 0.14992715  0.8791444  -1.         -0.71366197 -0.20968623]
CCN(CC)CCO,[ 0.5423924   0.8973072  -1.         -0.87116253 -0.29843292]
CC(C(=O)O[C@@H]1CC[N+](C)(C)C1)(c1ccccc1)C1CCCC1,[ 0.36633262 -0.79443854 -0.7770988  -0.9147895  -0.06054043]
CCN(CC)c1ccc2c(C)cc(=O)oc2c1,[ 0.4253162   0.21269639 -0.69652104 -0.7385342   0.47550553]
COCCN(C(=O)CCl)c1c(C)cccc1C,[-0.18241969  0.36331528 -0.0330926  -0.7079934   0.3618086 ]
O=C(Cc1ccc(Cl)c(C(F)(F)F)c1)Nc1cccc2c(=O)n(CCO)ccc12,[ 0.32453224  0.37168658 -0.62292105 -0.95162916 -0.33917394]
C=CC(=O)OCCOC(=O)c1ccc(C(=O)O)cc1C(=O)O,[ 0.43968168  0.02115873 -0.93421733 -0.4987288   0.26781884]
CNC(=O)c1c(I)c(NC(C)=O)c(I)c(C(=O)[O-])c1I,[ 0.46423835  0.9691539  -0.41872904 -0.67505103 -0.24834411]
CN(C)C(Cc1ccccc1)c1ccccc1,[ 0.21173133  1.         -0.9553055  -0.83047205 -0.23823802]
CC(=O)CCC(C)=O,[-0.13557264  0.8395481  -0.7882664  -0.7280722  -0.54513884]
Cc1ncsc1C(=O)N(Cc1cc(=O)[nH]c2c(F)cccc12)c1cccc(Cl)c1,[ 0.08165919  0.8451354  -0.8065865  -0.5854382  -0.15815307]
CCCN(CCC)c1c([N+](=O)[O-])cc(S(N)(=O)=O)cc1[N+](=O)[O-],[ 0.38718954  0.8485179  -1.         -0.8162212  -0.02020599]
C=CC[N+]1([C@H]2C[C@H]3[C@@H]4CC[C@H]5C[C@H](O)[C@@H](N6CCOCC6)C[C@]5(C)[C@H]4CC[C@]3(C)[C@H]2OC(C)=O)CCCC1,[ 0.13384253  0.8072288  -0.69289386 -0.69220984 -0.23242211]
CCOP(=S)(Oc1cccc2cccnc12)c1ccccc1,[ 0.04154005  0.81737953 -0.6784922  -0.35906774  0.29017845]
CCCCOP(=O)(OCCCC)Oc1ccccc1,[ 0.11607053  0.9387853  -0.71198493 -0.95286983 -0.33019814]
CC(C)Oc1cc(-n2cnc3ccc(N[C@@H](CO)c4ccc(F)cn4)nc32)n[nH]1,[-0.26774308  0.6723887  -0.9342017  -1.         -0.13957886]
C[C@]12C[C@H](O)[C@H]3[C@@H](CCC4=CC(=O)CC[C@@]43C)[C@@H]1CC[C@]2(O)C(=O)CO,[-0.02247607  0.9682942  -0.7680315  -0.8084442   0.48810074]
CC(=S)NC[C@H]1CN(c2ccc(-c3nnc(CNS(C)(=O)=O)s3)c(F)c2)C(=O)O1,[ 0.88361067  1.         -0.7641374   0.22613466 -0.4004743 ]
C=COC(=O)CCCCCCC,[-0.4421297   0.48417127 -0.6685762  -1.         -0.06600314]
COP(=S)(OC)Oc1ccc(C#N)cc1C,[-0.27416438  1.         -0.4344549  -0.6555798  -0.4007167 ]
O=C(O)COc1ccc(C(=O)CN2CCN(C3CCNCC3)CC2=O)cc1,[ 0.69872063  0.7782469  -0.81472695 -0.7532925  -0.29431844]
CN(C)CC/C=C1/c2ccccc2COc2ccc(CC(=O)O)cc21,[ 0.06085775  0.41241735  0.19548054 -0.7343508   0.01893913]
Cc1ccc(N=C=O)cc1N=C=O,[-0.08876462  0.6437032  -0.67031354 -1.         -0.32858163]
C[N+](C)(C)[NH2+]CCC(=O)[O-],[-0.14203955  0.99316955 -0.5820981  -0.9845859   0.185809  ]
Cc1ccc(-c2ccccc2)cc1,[-0.01863855  0.5389626  -0.8197352  -0.84073913 -0.04183194]
C=C(C)C1CC=C(C)C(O)C1,[ 0.24981137  0.4234697  -0.63714474 -0.3314094   0.2414892 ]
C=CS(C)(=O)=O,[ 0.37892652  0.5388666  -0.7472647  -0.74788016 -0.06645385]
CCC(=O)N(c1ccccc1)C1CC[NH+](CCc2ccccc2)CC1,[ 0.02744588 -0.57858384 -0.9568682  -0.43642983 -0.27651694]
CBr,[-0.5391704   0.7979569  -0.8400499  -1.          0.05898146]
CC(=O)N(C)C,[ 0.23138332  0.6683652  -0.81683165 -0.63819385  0.637006  ]
Clc1nc(Cl)nc(Cl)n1,[-0.10480298  0.12736002 -0.87812006 -0.7450121   0.5725823 ]
Cc1cc(C(=O)c2ccccc2)ccc1N,[-0.4303818   0.9100476  -0.71992135 -0.55147666 -0.29552332]
C[C@@H]1O[C@@H](O[C@H]2[C@@H](O)C[C@H](O[C@H]3C[C@](O)(C(=O)CO)Cc4c(O)c5c(c(O)c43)C(=O)c3ccccc3C5=O)O[C@H]2C)C[C@H](N)[C@@H]1O,"[ 2.4608153e-01  8.5311633e-01 -7.0622511e-02 -2.3935316e-02
 -3.5258321e-04]"
C=CC(=O)OCCOC(=O)CC(C)=O,[ 0.06102996  0.7987453  -0.8507722  -0.6437942   0.6078078 ]
CC=Cc1ccc(OCc2ccccc2)c(OC)c1,[ 0.3021589   0.80356044 -0.8493434  -0.9411559  -0.23861238]
O=C(Cl)c1cccc(C(=O)Cl)c1,[ 0.27355593  0.09880841 -0.67813396 -0.10583418 -0.18152018]
C[NH+]1CCc2cccc3c2C1Cc1ccc(O)c(O)c1-3,[ 0.35059857  0.2454341  -0.78641343 -0.57473147  0.06192327]
NCC1CCC=CO1,[-0.14561115  0.5990077  -0.5571649  -0.8114363   0.08769496]
Cc1nc(C(F)(F)F)ccc1C(=O)Nc1ccc(Cl)c(-c2ccccn2)c1,[-0.09188224 -0.64604324 -0.07982679 -1.         -0.58240885]
CC(C)NCC(O)COc1ccc(COCCOC(C)C)cc1,[-0.2042668   0.8187603  -0.9421828  -0.9816094  -0.21488047]
CCCSP(=S)(OC)SCCC,[ 0.5098363   0.9621697  -0.9140358  -0.47259134 -0.05004902]
NC(=[NH2+])NCCCCC1NC(=O)CCSSCC(C(N)=O)NC(=O)C2CCCN2C(=O)C(Cc2c[nH]c3ccccc23)NC(=O)C(CC(=O)[O-])NC(=O)CNC1=O,[ 0.24622145  0.8772456  -0.4700167  -0.09820258 -0.22548632]
CN(CCOc1ccc(CC2SC(=O)NC2=O)cc1)c1ccccn1,[-0.03665602  0.8169262   0.46326843 -0.6759997  -0.12991974]
C=CC(=O)OCCOCC,[ 0.36845505  0.74203676 -0.5510559   0.22694218  0.19308941]
CC(C)Oc1ccc2c(=O)c(-c3ccccc3)coc2c1,[-0.17059855  0.6240247  -0.78533304 -0.7475548   0.1290812 ]
CN,[ 0.15518378  0.37993222 -0.7300727   0.34464148  0.31555837]
O=CCc1ccccc1,[ 0.08708757  0.8088669  -0.8851273   0.16148783 -0.12514436]
CSCCNc1nc(SCCC(F)(F)F)nc2c1ncn2C1OC(COP(=O)([O-])OP(=O)([O-])C(Cl)(Cl)P(=O)([O-])[O-])C(O)C1O,[-0.5139936   0.83781016 -0.62835664 -0.8146719  -0.16653791]
CCN(CC)c1c([N+](=O)[O-])cc(C(F)(F)F)c(N)c1[N+](=O)[O-],[ 0.20588984  0.67361015 -0.7662792  -0.6445424  -0.05379347]
CCOC(C)COC(C)CO,[ 0.34351614  0.5918562  -0.63343334 -0.2595896  -0.07280772]
Cc1ccc(S(=O)(=O)Nc2c(C(=O)N[C@@H](C)C(C)(C)C)c(C)nn2C(C)C)cc1,[-0.36496976  0.7341694  -0.77133805 -0.721584   -0.4404063 ]
COc1ccc(-c2nc3ccc(C4=NNC(=O)CC4C)cc3[nH]2)cc1,[ 0.3767484   0.5367884  -0.06980652 -0.88357216 -0.4096231 ]
CC(C)C(CCC(C)C1CCC2C3C(O)CC4CC(NCCC[NH2+]CCCC[NH3+])CCC4(C)C3CCC12C)OS(=O)(=O)[O-],[ 0.01200728  0.99821514 -1.         -0.9039147  -0.14344099]
COC(C)COC(C)COC(C)CO,[ 0.6132513   0.481833   -0.65750325  0.02087722  0.21735229]
CC(C)=CCl,[ 0.30499843  0.98658323 -0.9780011  -0.56673664  0.72647715]
CC(=O)C1(O)Cc2c(O)c3c(c(O)c2C(OC2CC(N4CC4)C(OS(C)(=O)=O)C(C)O2)C1)C(=O)c1ccccc1C3=O,[ 0.05532112 -0.02619669 -0.60044944  0.31702155  0.10439242]
CC[C@H](CO)NC(=O)[C@H]1C=C2c3cccc4[nH]cc(c34)C[C@@H]2N(C)C1,[ 0.25256783  0.3649278  -0.6290344  -0.6066367  -0.10972843]
CCOC(=O)CCN(SN(C)C(=O)Oc1cccc2c1OC(C)(C)C2)C(C)C,[-0.47779134  0.9683392  -0.73049176 -0.7691253  -0.06155632]
OCC(O)C(O)C(O)CO,[ 0.33597     0.78287876  0.38794142 -0.61178744 -0.21629678]
CNC(=N)c1cccc(CC(CC(=O)N2CCC(C(=O)O)CC2)NS(=O)(=O)c2ccc3ccccc3c2)c1,[ 0.04242357  0.78656805 -0.5981909   0.25527576 -0.24809693]
Nc1nc(O)c(Cl)c(-c2ccccc2)n1,[ 0.26967987  0.2637506  -0.8403872  -0.8163145  -0.616062  ]
COc1ccc([N+](=O)[O-])cc1N,[-0.03782908  0.86970747 -0.85038936 -0.38599974  0.259091  ]
C=C(C)C(=O)OCCOC(=O)C(=C)C,[ 0.11445214  0.3812862  -0.77838314 -0.6460028   0.1288843 ]
O=C(CCC(=O)OC1CCCCC1)OC1CCCCC1,[-0.24849357  0.3535447  -0.45128772 -0.0652073   0.14716512]
CC(=O)N1CCN(c2ccc(OC[C@H]3CO[C@](Cn4ccnc4)(c4ccc(Cl)cc4Cl)O3)cc2)CC1,[ 0.3973569   0.7890641  -0.87901676 -0.10886614  0.00900777]
CNC(=O)[C@@H]1Cc2cn(cn2)CC(=O)N2CCC[C@H]2C(=O)N[C@@H](C)C(=O)N1C,[-0.29036525  0.8279996  -0.7365475  -0.7889294   0.05564746]
COC(=O)C(C)NP(=O)(OC[C@@H]1C=C[C@H](n2cc(C)c(=O)[nH]c2=O)O1)Oc1ccc(I)cc1,[ 0.56006986  0.9726556  -1.         -0.8950825  -0.06209371]
C=C(C)c1cccc(C(C)(C)N=C=O)c1,[ 0.10379682  1.         -1.         -0.97018087 -0.40667143]
CN(C1CCCCC1)C1CCCCC1,[ 0.2979994   0.71984184 -0.8654922  -0.767023   -0.05846317]
CN(C)CCCNCCCN(C)C,[ 0.15991326  0.40232828 -0.8992962   0.7518465   0.38635087]
CC(C)=CCCC(C)=CCCC(=CCCC(C)=CCO)CO,[ 0.08482452  0.31260827 -0.7531517  -0.65582305 -0.42019585]
CC(C)N(C(=O)SCC(Cl)=C(Cl)Cl)C(C)C,[ 0.35769343  0.8271745   0.6620034   0.27905762 -0.45874727]
NCCNCc1ccccc1O,[-0.5123661   0.88725287 -0.89758897 -0.34182173  0.48747966]
CCCCCCCC[Si](OCC)(OCC)OCC,[ 0.36629593  0.05379454 -0.35503078  0.11696885  0.1529899 ]
CC(C)OC(=O)C(C(=O)OC(C)C)=C1SCCS1,[ 0.14648424  0.8513277  -0.8338067  -0.69294465 -0.38181862]
CCc1nn(C2CCCC2)c2c1CCn1c(-c3cccs3)nnc1-2,[-0.13518123  0.8337203  -0.94393    -0.841263    0.89538866]
O=[N+]([O-])c1cc(Cl)c(N=Nc2ccc(N3CCS(=O)(=O)CC3)cc2)c(Cl)c1,[-0.02971977  0.6234597   0.21653062 -0.5577482  -0.28802827]
CC=C(C(=O)NC(N)=O)C(C)C,[ 0.25617152 -0.53113806 -0.53613454 -0.4392566  -0.03858871]
CNC(=O)Oc1cccc2c1OC(C)(C)O2,[ 0.275658    0.69924474 -0.8037512  -0.8012777  -0.00185444]
CCCOC(=O)c1ccc(C(=O)OCCC)nc1,[ 0.34211615  0.5549276  -0.32690373 -0.9156602  -0.18186393]
S=C=NCCN=C=S,[-0.4769499   0.31348744 -0.72506225 -0.5425794  -0.40407938]
CN(C)CCOc1cc(NS(=O)(=O)c2c(Cl)cc(C(F)(F)F)cc2Cl)ccc1Cl,[-0.04431052  0.74609977 -0.47526577 -0.47896883 -0.13996996]
COC(=O)C(C)N(C(=O)Cc1ccccc1)c1c(C)cccc1C,[-0.09355129  0.1385377  -0.9213982  -0.78841174  0.01742832]
O=Cc1ccc(O)cc1,[ 0.4895103   0.63228995 -0.8918314  -0.69330096  0.44170323]
COCC(=O)O[C@]1(CCN(C)CCCc2nc3ccccc3[nH]2)CCc2cc(F)ccc2[C@@H]1C(C)C,[-0.11338682  0.8077561  -0.98363733  0.32477644 -0.39545375]
CC(C)(C)CC(=O)Nc1c(F)cc(C(=O)Nc2nccs2)cc1F,[ 0.45726773  0.51808155  0.65539074 -0.12021578 -0.52929026]
CP(=S)(Oc1ccccc1)Oc1ccc(C#N)cc1,[ 0.39192325  0.54429287 -0.3600998   0.03130381  0.27104804]
CCCOC(=O)Cc1ccc(OCC(=O)N(CC)CC)c(OC)c1,[-0.58085144  0.71983165 -0.79767895  0.6555708  -0.14573969]
C=C(C)C(=O)OC=C(C)C,[ 0.29800802 -0.568432   -0.86833775 -1.         -0.3411899 ]
N#Cc1ccc(F)c(-c2cc(C(F)(F)F)ccc2OCC(=O)O)c1,[ 0.2021215   0.43288642 -0.81671673 -0.5303109  -0.10102499]
O=C(O)c1ccccc1C(=O)Nc1cccc2ccccc12,[ 0.33929121  0.7163896  -0.70861316 -0.90744567 -0.22493155]
CC=CC=CC=O,[ 0.3607533   0.81853145 -0.27623942 -0.35101137 -0.3322474 ]
CC(C)(C)c1cc(CCC(=O)OCCSCCOC(=O)CCc2cc(C(C)(C)C)c(O)c(C(C)(C)C)c2)cc(C(C)(C)C)c1O,[ 0.11652599  0.8583308  -0.30798852 -0.7842726   0.16839093]
CCOP(=O)(Cl)Cl,[ 0.30996647  1.         -0.88757586 -0.92695    -0.19016409]
CC(C)(c1ccc(Oc2ccc(N)cc2)cc1)c1ccc(Oc2ccc(N)cc2)cc1,[-0.4338766   0.03628479  0.20235056 -0.8432976   0.34896356]
Cc1cc(=O)cc(-c2ccccc2)o1,[ 0.42550182  0.6629943  -0.75518334 -0.6486051   0.07130165]
CCCOP(=O)(OC=C(Cl)Cl)OCCCl,[ 0.08393473  0.00777819 -0.75913596 -0.5798205   0.13613792]
Oc1ccc(O)cc1,[ 0.30523786  0.7914989  -0.58488554 -0.54023355 -0.17090802]
Nc1nc(Nc2ccc(S(N)(=O)=O)cc2)nn1C(=O)c1c(F)cccc1F,[ 0.2582681   0.99303824 -0.8941686  -0.68899256 -0.15520287]
c1ccc2c(c1)CC(N1CCN(c3cccc4c3OCCO4)CC1)C2,[-0.15989162  0.81928277 -0.5387669  -0.70731086 -0.05666777]
CN(CCCOCCOCCc1ccccc1)CCc1ccc(O)c2nc(O)sc12,[-0.7425656   0.6793271  -0.37196264 -0.72972155 -0.08239831]
CCCCSN(C)C(=O)Oc1cccc2c1OC(C)(C)C2,[-0.00816847  0.73942065 -0.21782732 -0.9174646  -0.36614704]
CCCCCNCCCCC,[ 0.2919617  -0.12916587  0.15764669 -0.86352575  0.08562523]
CCNC(=O)c1cc2c(-n3ccc(C(F)(F)F)n3)c(-c3cncc(-c4n[nH]c(=O)o4)c3)cnc2[nH]1,[ 0.39788005  0.9008678  -0.4900236  -0.8831936   0.02922174]
C[C@@H](O)[C@H]1C(=O)N2C(C(=O)O)=C(SCCNC=N)C[C@H]12,[ 0.41741318  0.18849948 -0.71580243 -0.994534   -0.2092169 ]
O=c1c2nocc2c(-c2ccccc2)nn1-c1ccccc1,[-0.6011367   0.73219967 -0.82885313 -0.96655935 -0.01345184]
CCCCC(CC)C(=O)OC1=C(c2c(C)cc(C)cc2C)C(=O)c2ccccc21,[ 0.18540363  0.89309245 -0.71649396 -0.700994   -0.3174318 ]
CC(C)(C)CNC(=S)Nc1cccnc1,[ 0.04458164  0.8950103  -0.9063666  -0.9296415  -0.28719103]
CCC1OC(=O)C(C)C(=O)C(C)C(OC2OC(C)CC([NH+](C)C)C2O)C(C)(OC)CC(C)C(=O)C(C)C2N(CCCCn3cnc(-c4cccnc4)c3)C(=O)OC12C,[-0.75494033  0.71123004 -1.         -0.650802   -0.11180221]
Cc1cnc(Nc2cc(N3CCOCC3)nc(N[C@@H](C)c3ncc(F)cn3)n2)s1,[ 0.12842096  0.68389434 -0.8124967   0.22787865 -0.32275763]
Cc1cc(OC(=O)N(C)C)n(C(C)C)n1,[ 0.28922793  0.8481546  -0.27113882 -0.00839444 -0.36187506]
CC[C@H](C)C(=O)O[C@H]1C[C@H](O)C=C2C=C[C@H](C)[C@H](CC[C@@H](O)C[C@@H](O)CC(=O)O)[C@H]21,[ 0.11998647  0.85116905 -0.56416136 -0.7689502  -0.12636061]
CCOP(=O)(OCC)Oc1ccc(S(C)(=O)=O)c(C)c1,[-0.3319924   0.9113742  -1.         -0.7135726  -0.11283248]
CC1CS1,[ 0.32003292  1.         -0.7679455  -0.8350556   0.05744867]
COC(=O)c1cc([N+](=O)[O-])ccc1Cl,[ 0.20889297  0.9361489  -0.7474237  -0.9516745  -0.14928028]
COC(CN1CCN(CCC(O)c2ccccc2)CC1)c1ccccc1,[ 0.1590907   0.79049796 -0.8565655  -0.8379213  -0.5732227 ]
C=C(OP(=O)(OC)OC)c1ccc(Cl)cc1Cl,[ 0.17809905  0.95063525 -1.         -0.6686174   0.7041863 ]
COc1cc(OC)c(S(=O)(=O)N2c3ccccc3CCC2C)cc1NC(=O)CSCC(=O)O,[-0.12352435  0.88033193 -0.4815856  -0.81327844  0.40796962]
COc1cc(-c2cc(=O)c3c(O)cc(O)cc3o2)cc(O)c1OC,[-0.01871712  1.         -0.85689193 -1.         -0.34810013]
CC(O)CO,[ 0.44836015  0.7712602  -0.7405724  -0.5840795  -0.46933326]
c1ccc(OP(Oc2ccccc2)Oc2ccccc2)cc1,[ 0.5942117   0.7931088  -0.83799905 -0.6873894   0.29093546]
c1ccc(C2CO2)cc1,[ 0.09259156  0.96466875 -0.3064837  -0.83285594 -0.12386966]
CCN(CC)c1ccc(-c2nc(=O)n(C)nc2-c2ccc(N(CC)CC)cc2)cc1,[ 0.24213602 -0.23918808 -0.8156636  -0.3440918   0.60741717]
O=c1[nH]c2c(O)ccc([C@@H](O)CNCCSCCCNCCc3cccc(Cl)c3Cl)c2s1,[ 0.20128848  0.60076666 -0.6540275   0.08421624 -0.14512953]
NCCCC[C@H](N[C@@H](CCc1ccccc1)C(=O)O)C(=O)N1CCC[C@@H]1C(=O)O,[-0.2779542  -0.2699551  -0.57225925 -0.7529398  -0.1134531 ]
COc1ccc(CC(C)=O)cc1,[ 0.08270064  0.8160461  -0.57844967 -0.8630447   0.34978217]
C=CC(=O)OCC(CC)CCCC,[-0.15290925  0.6322294  -0.72241724 -0.796783    0.5148315 ]
CCC(C)(CC)c1cc(N)on1,[ 0.09697058  0.57371813 -0.5788991  -0.8377698   0.0952135 ]
Cc1ccn(C(=O)NCCCCCCCl)n1,[ 0.506496    0.0088954  -0.70529646  0.25757697  0.31022328]
O=P([O-])([O-])C(Cl)(Cl)P(=O)([O-])O,[ 0.08379163  0.5778267  -0.04901834 -0.10914327 -0.829645  ]
Cc1nc(N)nc(N)c1-c1ccc(Br)cc1,[ 0.13275523  0.8480031  -0.76582897 -0.7768678  -0.04014229]
CCCCOP(=O)(O)OCCCC,[ 0.51442266 -0.56635076 -0.59934187 -0.6388329   0.01762988]
Cc1c(OC2CCN(CC3CCN([C@@](C)(Cc4ccc(F)cc4)C(=O)O)CC3)CC2)ccc(Cl)c1Cl,[ 0.22555058  0.77450234 -0.88282603 -0.86351407  0.6606263 ]
OCCCCC(O)CO,[ 0.13424872  0.7350466  -0.92689526 -0.7214742   0.5820412 ]
COP1(=S)OCc2ccccc2O1,[ 0.4530744   0.82578105 -0.5439565  -0.9424547  -0.5409035 ]
O=C1OCC2C1C1(Cl)C(Cl)=C(Cl)C2(Cl)C1(Cl)Cl,[ 0.5773105   0.12433513 -0.8046432  -0.69554806 -0.19576706]
CC(=O)OC12COC1CC(O)C1(C)C(=O)C(O)C3=C(C)C(OC(=O)C(O)C(NC(=O)OC(C)(C)C)c4ccccc4)CC(O)(C(OC(=O)c4ccccc4)C21)C3(C)C,[-0.13660797  0.3514026  -0.8077921  -0.8886785  -0.29299197]
CCOC(=O)C=Cc1ccc2c(c1)OCO2,[ 0.16196376  0.79706234 -0.8042475  -0.8694292  -0.3085331 ]
CN1CCCCC1CCN1c2ccccc2Sc2ccc(S(C)=O)cc21,[ 0.25967148  0.82063305 -0.9165536  -1.         -0.34521854]
C[NH+]1CCOC(c2ccccc2)c2ccccc2C1,[ 0.4433617   0.25846997 -0.7717482   0.41394076 -0.06880841]
CC(C=O)=Cc1ccco1,[ 0.18925452  1.         -0.8670328  -0.8793808   0.75614774]
Cn1c(COP(=O)(NCCBr)NCCBr)cnc1[N+](=O)[O-],"[ 4.01381217e-02  7.97972798e-01 -9.25150990e-01 -7.85187760e-04
 -1.05496764e-01]"
Clc1ccc(OCOc2ccc(Cl)cc2)cc1,[ 0.6398897   0.67817664 -0.5353202  -0.5108498   0.34632382]
CCCC1CC(C(=O)NC(C(C)Cl)C2OC(SC)C(O)C(O)C2O)[NH+](C)C1,[ 0.53703636  0.53042537 -0.98158306 -0.46236783 -0.15139933]
COc1ccc2c3c1OC1C(O)C=CC4C(C2)[N+](C)([O-])CCC341,[-0.13615143  0.836815   -0.70097655 -0.6870764  -0.37939143]
CCOC(=O)NCCOc1ccc(Oc2ccccc2)cc1,[-0.45532823  0.9850415  -0.7680013  -0.41371745 -0.13708633]
CC1(C)C2CCC1(C)C(O)C2,[-0.1543201  -0.95738137 -0.7140558  -0.47841215 -0.10103685]
Clc1ccc(C2(Cn3cncn3)OCCO2)c(Cl)c1,[-0.18565263 -0.46440834 -0.8060051  -1.         -0.3375441 ]
Cc1cccc(C)c1NC(=O)C1CCCC[NH+]1C,[ 0.40811875  0.8285364  -0.7669939  -0.53754944  0.20721778]
CC1(C)CC(NC2CC(C)(C)NC(C)(C)C2)CC(C)(C)N1,[ 0.41065994  0.9089552  -0.28397164 -0.67695904 -0.2794866 ]
Cc1c(OCC(F)(F)F)ccnc1CS(=O)c1nc2ccccc2[nH]1,[ 0.37407178  1.         -0.8483463  -0.8603972  -0.3195429 ]
COc1cc2c(cc1OC)C1CC(=O)C(CCC#N)CN1CC2,[ 0.00364159  0.9532163  -0.7418627  -0.32359633  0.6268833 ]
C=CC(C)CCCC(C)(C)O,[ 0.32573277  0.6093462  -0.5345337  -0.7678012  -0.13287324]
CCOc1cc(OCC)c(C(=O)CCC(=O)O)cc1OCC,[ 0.05413219  0.9360195  -0.67532593 -0.7934736   0.29665396]
CC(C)C1NC(=O)c2ccccc2O1,[ 0.08308968  0.8815066  -0.74823177 -0.86439914  0.04332638]
CC(C)(C)NC(=O)C1CC2CCCCC2CN1CC(O)C(Cc1ccccc1)NC(=O)C(CC(N)=O)NC(=O)c1ccc2ccccc2n1,[ 0.23242211  0.9378784  -0.55905044 -0.4544531   0.2704774 ]
O=c1c(Cl)c(Cl)cnn1-c1ccccc1,[ 0.43375355  0.94201887 -0.8691799  -0.23026066 -0.03330473]
COc1cc2ncc(C(N)=O)c(Nc3ccc(F)cc3F)c2cc1NCCN1CCCCC1,[ 0.281537    0.9103536  -0.724091   -0.566731    0.46837464]
Cc1c(C(C)C)c(=O)n(-c2ccccc2)n1C,[ 0.22501764  0.7280336  -0.7311261  -0.502204    0.8578098 ]
CCCP(=O)(CCC)CCC,[-0.37786874  0.9297325  -0.9207116  -0.7447794   0.1775746 ]
CC1CC(=O)CC(C)O1,[ 0.14804672 -0.27382275 -0.9532576  -0.46648657 -0.14225121]
ClC1=C(Cl)C(Cl)(C2(Cl)C(Cl)=C(Cl)C(Cl)=C2Cl)C(Cl)=C1Cl,[ 0.07897431  0.81363523 -0.7338729  -1.          0.11534753]
Cc1c(C(=O)NCCO)[n+]([O-])c2ccccc2[n+]1[O-],[ 0.21424519  0.6438316   0.28938913 -0.32583347 -0.07815784]
CCOC(=O)C(C)Oc1ccc(Oc2nc3ccc(Cl)cc3s2)cc1,[ 0.12518798 -0.6491092  -0.50821054 -0.73567015  0.11729585]
CC1CCC(N)CC1N,[ 0.33761993  0.7446859  -0.63763726  0.5226575   0.03021675]
Cc1cc(C)c(N)c(C)c1,[-0.11147172 -0.4753251  -0.6755044  -0.25759977  0.07295155]
Cc1cc(=O)nc(SCc2ccccc2N(C)C)[nH]1,[-0.04944378  0.6496534  -0.92587924 -0.82161224 -0.24809828]
C(=NC1CCCCC1)=NC1CCCCC1,[-0.00121018  0.76405144 -0.71591836 -0.76010484 -0.22584786]
Cc1ccc(OP(=O)(Oc2ccccc2)Oc2ccccc2)cc1,[-0.02587721  0.6604442  -0.699393    0.1900874   0.06668828]
Cc1cc(Nc2cncc(N[C@@H](C)c3ccc(F)cn3)n2)n[nH]1,[-0.07997148 -0.6966464  -0.7585187  -0.64536756 -0.06620621]
N#Cc1c(-c2ccc(-c3ccncc3Cl)cc2)nc2ccncc2c1O,[ 0.35087168  0.59471875  0.14224511 -0.6106831   0.09374045]
Cc1ncc(CS)c(CO)c1O,[ 0.11743711 -0.31832126 -0.81193566 -0.8116417  -0.12502487]
FC(F)(F)c1nc2c(Br)cc(Br)cc2[nH]1,[ 0.23230521  0.88331825 -0.9292867  -0.7034236  -0.43650764]
CCCCCCCCc1ccccc1O,[ 0.55700624 -0.01784573 -0.8091784   0.09344433 -0.27270487]
CCOP(=O)(CC)SC,[ 0.33634886  0.8498595  -0.73407465 -0.8175674  -0.31371683]
C[C@H](Cc1cccc(CC(=O)NC23CC4CC(CC(C4)C2)C3)c1)NC[C@H](O)c1ccc(O)c(CO)c1,[ 0.44499347  0.63034326 -0.74730515 -0.1372078  -0.39734104]
CSCCC(OC(C)=O)C(=O)O,[ 0.2011602   0.79317    -0.6817794  -1.          0.31589246]
CC(C)OCCCO,[ 0.7356828   0.92979765 -0.8317932  -0.08118654 -0.04952508]
ClC(=NNc1c(Cl)cc(Cl)cc1Cl)c1ccccc1,[ 0.38272977  0.7411072  -0.6489613  -0.62679744 -0.2996612 ]
OCCOCCCl,[ 0.00509011  0.8719607  -1.         -0.9179522  -0.13498174]
CN(C)C1CC(c2ccccc2)c2ccccc21,[ 0.41350338  0.75160706 -0.9137774  -0.89480245 -0.45964938]
CC[C@H](C)[C@H](NC(=O)[C@H](CCC(=O)[O-])NC(=O)[C@H](CCC(=O)[O-])NC(=O)[C@H](Cc1ccccc1)NC(=O)[C@H](CC(=O)[O-])NC(=O)CNC(=O)[C@H](CC(N)=O)NC(=O)CNC(=O)CNC(=O)CNC(=O)CNC(=O)[C@@H]1CCCN1C(=O)[C@H](CCCNC(N)=[NH2+])NC(=O)[C@@H]1CCCN1C(=O)[C@H]([NH3+])Cc1ccccc1)C(=O)N1CCC[C@H]1C(=O)N[C@@H](CCC(=O)[O-])C(=O)N[C@@H](CCC(=O)[O-])C(=O)N[C@@H](Cc1ccc(O)cc1)C(=O)N[C@@H](CC(C)C)C(=O)[O-],[-0.12682265  0.39772835 -0.44681773 -1.         -0.17347993]
CCOC(=O)c1ccc(C#Cc2ccc3c(c2)C(C)(C)CCS3)nc1,[-0.2205771  -0.35126406 -0.62145567 -0.5118876  -0.4800118 ]
Cc1nn(C2CCCCC2)c(N)c1-c1ccccc1,[ 0.149773    0.8899265  -1.         -0.6521579  -0.08679044]
CCON=C(CC)C1=C(O)CC(c2c(C)cc(C)cc2C)CC1=O,[-0.11327492  0.04092743 -0.5920575  -0.88630486 -0.22107312]
C[NH2+]C(C)Cc1ccccc1,[-0.08245223 -0.1470776  -0.95081097 -0.9999794   0.11975819]
CC1OC(OC2C(O)CC(OC3C(O)CC(OC4CCC5(C)C(CCC6C5CC(O)C5(C)C(C7=CC(=O)OC7)CCC65O)C4)OC3C)OC2C)CC(O)C1O,[-0.257122    0.5137199  -0.7849676  -0.55707014 -0.43275613]
CCCCCCCC(=O)N[C@@H](CCN)C(=O)N[C@H](C(=O)N[C@@H](CCN)C(=O)N[C@H]1CCNC(=O)[C@H]([C@@H](C)O)NC(=O)[C@H](C)NC(=O)[C@H](CCN)NC(=O)[C@H](CC(C)C)NC(=O)[C@@H](Cc2ccccc2)NC(=O)[C@H](CCN)NC1=O)[C@@H](C)O,[-0.13543001  1.         -0.89855176 -0.2814719   0.00321923]
CCOP(=O)(OCC)N(C)c1ccccc1,[ 0.27918112  0.88365227 -0.80669975  0.65552217  0.14868915]
CC(C)(O)c1ccccc1,[ 0.45014784  0.9858775  -0.9677739  -0.03043947 -0.18836078]
C#CC1(O)C(CO)OC(n2ccc(N)nc2=O)C1O,[ 0.29299235  0.72250015 -0.6617616  -0.736075   -0.5618519 ]
CCC(=O)NC[C@H]1CN(c2ccc(-c3nncs3)c(F)c2)C(=O)O1,[-0.5162379   0.8358833  -0.86313885 -0.4532137   0.03316341]
N=C(N)N[N+](=O)[O-],[-0.00965002  0.82053006 -0.6701979  -0.47320658 -0.45647255]
COc1cc2c(cc1OC)C(CCc1ccc(Cl)cc1)N(C)CC2,[ 0.30607274  0.6682794   0.5489609  -0.12669212 -0.522584  ]
Cc1ccc(C(=O)c2ccc(CC(=O)NCC(=O)Nc3cccc(C)c3C)n2C)cc1,[ 0.26586008  0.73713565 -0.65932995  0.02848444 -0.01664677]
CC1CCCCN1N=O,[ 0.24934135 -0.44896886 -0.76358664 -0.79727376 -0.1886618 ]
O=c1n(CC2CO2)c(=O)n(CC2CO2)n1CC1CO1,[ 0.16520905  0.14948572 -1.         -1.         -0.14435598]
COC(=O)c1c(Cl)cccc1-c1cnc([C@@H](C)NC(=O)C2(NC(=O)C(F)(F)F)CC2)c(F)c1,[ 0.17330296  0.73731965 -1.         -0.82987136  0.22987618]
CC(C)(C)NC[C@H](O)COc1nsnc1N1CCOCC1,[-0.16300616  0.80964106 -0.3025475   0.02674017  0.12908877]
CC(C)c1cc(Oc2ccccc2)cc(C(C)C)c1NC(=S)NC(C)(C)C,[ 0.294403    0.7789197  -0.87969655 -0.94896805  0.00287088]
O=C(Cc1ccc(OCc2ccccc2)cc1)NO,[ 0.3417311   0.6277501  -0.9403651  -0.927106   -0.05224515]
CCOP(=S)(OCC)SCSCc1ccccc1,[-0.09342686  0.9265076  -0.77946055 -0.7430771   0.11500613]
O=C(CSc1nc2c(c(=O)n1-c1ccccc1)SCC2)Nc1ncc(-c2ccccc2)s1,[ 0.679772    0.7484968  -0.75832856 -0.57246894  0.41368932]
CCOC(=O)COc1ccc(C(=O)CN2CCN(C3CCN(C(=O)OCOC(=O)C(C)(C)C)CC3)CC2=O)cc1,[ 0.32882014  1.         -0.9440692   0.14377677  0.22735436]
Nc1nc2[nH]cnc2c(=S)[nH]1,[ 0.04154869  0.89606667 -0.76789737 -0.30317134  0.1259173 ]
O=C(O)c1ccccc1-c1c2ccc(=O)cc-2oc2cc(O)ccc12,[-0.02520806  0.853931   -0.6997845  -0.55526006  0.36309344]
O=[N+]([O-])c1cc2[nH]c(C(F)(F)F)nc2cc1Cl,[ 0.5427444   0.06943113 -0.9657489  -0.69640315 -0.34967986]
COC(C)C=O,[-0.3218817   0.58730966 -0.80990785 -0.7607125   0.58374286]
CCC(CC)n1nc(C)c(C(=O)N[C@@H](C)C(C)(C)C)c1NS(=O)(=O)c1ccc(C)cc1,[ 0.02064345  0.35681885  0.44411817 -0.3975555  -0.43242037]
CCc1nc2cc(O)ccc2c(Oc2ccc(/C=C/C(=O)O)cc2)c1-c1ccccc1,[-0.09415906  0.88979346 -0.6707476  -0.6824709   0.40906566]
CC(=O)[C@H]1CC[C@H]2[C@@H]3CC[C@@H]4C[C@H](O)CC[C@]4(C)[C@H]3CC[C@]12C,[-0.30829364  0.96465546 -0.9006694  -0.92983204 -0.19878979]
CCC(=O)O,[-0.1488739   0.8544629   0.28274962 -0.48649418  0.12118064]
CC(Cl)(Cl)[N+](=O)[O-],[-0.08174417  0.89975876 -0.20736948 -0.67965186 -0.20204721]
COc1cc2ncc(C(N)=O)c(Nc3ccc(C)cc3F)c2cc1OC,[ 0.1275029   0.77106196 -0.7563884  -0.47692925 -0.22548781]
CC(O)COC(C)CP(CC(C)OCC(C)O)CC(C)OCC(C)O,[-0.00161586  0.7315846  -0.81358427 -0.78012097  0.10437004]
O=S1(=O)CCN(c2ccccc2)CC1,[ 0.27527907  0.75908077 -0.8736205  -0.80204654  0.47335586]
ClCC(Cl)Cl,[-0.0489656   0.56151736 -1.         -0.9296391   0.61868465]
OCCOCCOCCOCCO,[ 0.28802574  0.8388319  -0.466839   -0.88680077 -0.1809791 ]
COP(=S)(OC)SCC(=O)N1CCOCC1,[ 0.54545164  0.39098743 -0.8919302  -0.34235188 -0.19705231]
C[NH+](CCOc1ccc(NS(C)(=O)=O)cc1)CCc1ccc(NS(C)(=O)=O)cc1,[-0.3468509  -0.48942772 -0.8346711  -0.6218084  -0.30433834]
CN1C[C@@H]2c3ccccc3Oc3ccc(Cl)cc3[C@H]2C1,[ 0.1875928   0.90245277 -0.8174518  -0.39513338 -0.13317606]
O=C(CCCCCCC(=O)Nc1ccccc1)NO,[-0.13017334  0.6358221  -0.67726    -0.8916377  -0.24120907]
C=CCc1cc(OC)c2c(c1)OCO2,[ 0.5954055   0.82342803 -0.8625415  -0.681312   -0.4649518 ]
CCCCn1c(=O)n(CCC)c(=O)c2[nH]c(C)nc21,[ 0.21550263  0.89226484 -0.66607744 -0.9374192   0.16919553]
CC(CC(=O)OC(C)(C)C)NC(=O)C1=NOC(C(O)(C(F)(F)F)C(F)(F)F)C1,[ 0.5133773  0.5546631 -1.        -0.8175673  0.3096627]
Cc1cc(C)c(C)cc1C,[ 0.4600052  -0.34919134 -0.1945326  -0.6779688  -0.29006052]
CN(C)CC=C(c1ccc(Br)cc1)c1cccnc1,[ 0.13080095  0.75861114 -0.5376383  -0.8523767  -0.3593942 ]
CN(C)C(=O)Oc1cccc2sccc12,[-0.01677737  0.20014055 -0.54942477 -0.5135833  -0.11364826]
CCC(C(=O)O)c1ccc(CC(C)C)cc1,[ 0.20327452  0.72007203 -0.6251384  -0.79283834 -0.23347312]
COc1ccc2ncc(=O)n(CCN3CC[C@@H](NCc4ccc5c(n4)NC(=O)CO5)[C@@H](F)C3)c2c1,[ 0.35633257  0.8704858  -0.9992017  -0.6956034  -0.4135579 ]
CC#CCC(C)C(O)C=CC1C(O)CC2Oc3c(CCCC(=O)O)cccc3C21,[ 0.48388746  0.8712663  -0.629816   -0.97040117 -0.10519303]
CC(C)(C#N)C(C)(C)C#N,[ 0.28330696  0.8458512  -1.         -0.97128713 -0.4760533 ]
Clc1ccc(Cl)c(Cl)c1,[-0.3106339   0.44210204 -0.8686715  -0.8020712   0.33967033]
COC(=O)C1=C(C)NC(C)=C(C(=O)OCCN(C)Cc2ccccc2)C1c1cccc(N(O)O)c1,[ 0.05011071  0.8573994  -0.27217504 -0.79085207 -0.34911886]
O=C(CCl)OCCOCCO,[-0.4080369   0.6085227  -0.9824026  -0.7495008  -0.29352757]
O=C(c1csc2c1CCCC2)N1CCCCC1,[ 0.40741524  0.8753706  -0.23322132 -0.53574187 -0.10342128]
O=C(O)CCCOc1ccc(Cl)cc1Cl,[-0.26827687 -0.1133456  -0.6560106  -0.66060203 -0.15312815]
Cc1c(-c2c(C)c(N)c3c(C(C)C)c(O)c(O)c(C=O)c3c2O)c(O)c2c(C=O)c(O)c(O)c(C(C)C)c2c1N,[-0.08997492 -0.7022985  -0.11599232 -0.777819    0.06702115]
COc1c(OP(=S)(OCC(C)C)OCC(C)C)cnn(C)c1=O,[ 0.17714901  0.1515138  -0.8618054  -0.6067874   0.22262688]
CCCc1nnc(CSP(=S)(OCC)OCC)o1,[ 0.34774643  0.96525836 -0.6400994  -0.49466547 -0.06560376]
O=C1CC(N2C(=O)c3ccccc3C2=O)C(=O)N1,[-0.08084362  0.6346148  -0.47520548 -0.70394427 -0.04806257]
Nn1cnc2cc3ccccc3cc2c1=O,[-0.28403682  1.         -0.45645165 -0.66750664 -0.41530663]
C=C[Si](OC)(OC)OC,[ 0.1283792   0.70248556 -0.2461104  -0.7611765   0.16584893]
CC(=O)N[C@H](C)C(=O)NCCc1ccccc1,[ 0.696262    0.6464025  -0.67501134 -0.58061934 -0.3053635 ]
CCC(C)C(=O)OC1CCC2(C)C3CC(O)C4C5(O)C(CC42OC13O)C1CN2CC(C)CCC2C(C)(O)C1C(O)C5OC(=O)C(C)(O)CC,[ 0.13163412  1.         -0.6776014  -0.76946896  0.7457181 ]
CCCCCCN,[-0.45414132  0.9383506  -0.33317775 -0.6230204  -0.18704043]
C=C(C)C(=O)OCCCC,[-0.08607561  0.81904346 -0.8714836  -0.82952285 -0.33340847]
CCCCC(C)(C)CO,[ 0.37968028 -0.14201093 -0.74826527 -0.7147796   0.21389183]
Cc1cc(Nc2nc(N[C@@H](C)c3ccc(F)cn3)c(C#N)nc2C)n[nH]1,[-0.03834153  0.30768153 -0.76827425 -0.49658927  0.5528065 ]
O=C(Nc1ccc(Br)cc1)c1cc(Br)cc(Br)c1O,[ 0.4123517   0.1355626  -0.63555104 -0.6320768   0.03964512]
ClCC1CO1,[ 0.52849454  0.5599456  -0.6963447  -0.8350946  -0.19976355]
O=C1CCc2cc(C=CCN3CCN(c4ccc(Cl)cc4)CC3)ccc2N1,[ 0.42675507  0.84670746 -0.6662148  -0.1530692  -0.24609573]
Nc1nc2ccc(OC(F)(F)F)cc2s1,[-0.6269498   0.7247132   0.3036512  -0.40693262  0.6229335 ]
COP(=S)(OC)Oc1ccc(C#N)cc1,[ 0.27007088 -0.39193445 -1.         -0.60208684  0.44246188]
CC(=O)Nc1ccc(C)c(NS(=O)(=O)C(F)(F)F)c1,[-0.10049488  0.1506307  -0.80594563 -0.6709477  -0.3246444 ]
c1c[nH]cn1,[ 0.5665885   0.9185239  -1.          0.03512835 -0.30227917]
Clc1cccc([Si]23OCCN(CCO2)CCO3)c1,[ 0.5545014  0.9408252 -1.        -0.5461288  0.0053654]
O=C(/C=C/c1ccc(O)c2c1C(C(=O)O)C(c1ccc(O)c(O)c1)O2)OC(Cc1ccc(O)c(O)c1)C(=O)O,[ 0.39079794  0.7433428  -0.6430272   0.6603222   0.0029221 ]
NC(=O)CCCCC1CCSS1,[-0.06506365 -0.35614538 -0.49843535 -0.4058989   0.00836826]
C[C@@H]1NC(=O)[C@@H](C)N(C)C(=O)[C@H](C)N(C)C(=O)[C@@H](C)N(C)C(=O)[C@@H](C)N(C)C(=O)[C@H](C)NC1=O,[-0.34186584  0.4796194  -0.6225773  -0.50749946 -0.05426211]
CCCCCCCCCCCCNC(N)=S,[-0.18766943  0.9778391  -0.80946475  0.10788117 -0.31372672]
O=C(Cc1cccs1)N[C@@H]1C(=O)N2C(C(=O)[O-])=C(C[n+]3ccccc3)CS[C@H]12,[ 0.46489012  0.6393662  -0.8827258  -0.35624978  0.29594514]
ClCCCBr,[ 0.39301547  0.44715512 -0.2238063  -0.67109317  0.22127448]
C(Oc1nc(OCC2CO2)nc(OCC2CO2)n1)C1CO1,[-0.13750823  0.8478714  -0.6008872  -0.69445306  0.01592442]
CCS(=O)CCSP(=O)(OC)OC,[ 0.11935159  0.9019253   0.7051161  -0.74315053  0.33372104]
CC(C)Cn1c(=O)n(C)c(=O)c2c(C(=O)N3CC[C@@H](O)C3)c(Cc3c[nH]c4ccccc34)sc21,[ 0.4800418   0.85540354 -0.7684193  -0.668577   -0.5260463 ]
CCNC(=O)C=Cc1cccc(Br)c1,[ 0.59376264  0.39725387 -0.6544386   0.12212908  0.379672  ]
C=CCc1ccccc1OCC(O)C[NH2+]C(C)C,[ 0.37810284  0.7039463  -0.841982   -0.54146564 -0.39280435]
O=C(O)COc1ccccc1,[ 0.15103704  0.8206492  -0.9797427  -0.41584    -0.3031719 ]
N=C(N)Nc1nc(CSCCC(=N)NS(N)(=O)=O)cs1,[ 0.24771588  0.3922024  -0.76796526 -0.94138634 -0.39201957]
CC(O)C(=O)Nc1c(I)c(C(=O)NC(CO)CO)c(I)c(C(=O)NC(CO)CO)c1I,[ 0.16552876  0.6287494   0.6365419  -0.5976343  -0.2667883 ]
CCCCCCCCCCCCCCCCCC(=O)Cl,[ 0.49176532  0.78003323 -1.         -0.6892211  -0.19905835]
CCOC(=O)c1c(C)cc2c(CO)n[nH]c(=O)c2c1C,[ 0.6256374   0.7898269  -0.7589798  -0.44050083  0.25745776]
O=[N+]([O-])OC1COC2C(O)COC12,[ 0.02496539  0.7888841  -0.8285359  -0.9873729  -0.64334196]
CC(N)C(O)c1cccc(O)c1,[ 0.24187945  0.41579977  0.54282415 -0.51955426  0.713168  ]
Oc1ccc2[nH]c(C(F)(F)F)nc2c1,[-0.14718914  0.80570495 -0.5031444  -0.70296836 -0.28898326]
O=C(OCCc1ccccc1)c1ccccc1,[ 0.534422    0.45569786 -0.8491424  -0.31178436 -0.04545425]
C=CC1=C(C)/C(=C\c2[nH]c(Cc3[nH]c(/C=C4/NC(=O)C(C)=C4C=C)c(C)c3CCC(=O)O)c(CCC(=O)O)c2C)NC1=O,[-0.41634965  0.8693615  -0.36979175 -0.7692122  -0.22372496]
O=C(NC1CC1)c1cc(-c2cccs2)on1,[-0.32451907  0.8522503  -1.         -0.6551671  -0.4590846 ]
CC(CN1CC(=O)NC(=O)C1)N1CC(=O)NC(=O)C1,[-0.5623449   0.7678685  -0.94730955 -0.8303609  -0.08393081]
N#CSCCSC#N,[-0.06182564  0.7243132  -0.9441979  -0.885255   -0.35172388]
Cc1cc(Cl)ccc1OCC(=O)O,[ 0.01421983  0.8303341  -0.7245954  -0.77759594  0.11122739]
CCCCC(=O)N(Cc1ccc(-c2ccccc2-c2nnn[n-]2)cc1)C(C(=O)[O-])C(C)C,[-0.0674734  -0.3340567  -0.8218185  -0.9225496   0.01253351]
C1=CCC(C2OCC3(CC=CCC3)CO2)CC1,[-0.3064762   0.87458515 -0.74486643 -0.4116638  -0.2147345 ]
COc1ccccc1NC(=O)CC(C)=O,[-0.6911572   0.7121559  -0.9448076  -0.64331126  0.12153637]
CC(C)(C)NCCC(O)c1cc(C(F)(F)F)nc2c(C(F)(F)F)cccc12,[ 0.3095882   0.4820659  -0.41132754 -0.59581983 -0.01537213]
O=c1[nH]c(=O)c2ccccc2o1,[-0.05698489  0.94520044 -0.634902   -0.6548418  -0.1561423 ]
CC(=O)Oc1ccc2c3c1OC1C(OC(C)=O)C=CC4C(C2)[NH+](C)CCC341,[ 0.3324976   0.6085517  -0.33222803 -0.7416951  -0.2714868 ]
C=CCI,[ 0.35531417  0.18440302 -0.5473378   0.31476992  0.20254488]
CC(C)CCC(C)Nc1ccc(Nc2ccccc2)cc1,[-0.3913962   0.52357805 -0.6851139  -1.         -0.06464146]
CCCCN(N=O)C(N)=O,[ 0.3821593   0.5936251  -0.7161363  -0.7969795  -0.24937926]
CC(O)C(Cl)(Cl)Cl,[-0.12422384  0.9048022  -0.982838    0.28233206  0.2985771 ]
CCOc1cc2ncc(C(N)=O)c(Nc3ccc(F)cc3F)c2cc1N1CCN(C2CC2)CC1,[-0.00773919 -0.04536013 -0.31998083  0.5882637  -0.03873401]
CN(C)CCOCCOCCN(C)C,[-0.3279925   0.81091374 -0.74072057 -0.9064446  -0.10701704]
CNC(=O)c1cccc2c(Nc3ccc(NS(C)(=O)=O)cc3OC)c3cccc(C)c3[nH+]c12,[ 0.30534375  0.7485225  -0.6476228  -0.04731898 -0.341188  ]
Clc1cc(Cl)c2nsnc2c1Cl,[-0.37072635  0.96134764 -0.88327926 -1.         -0.33968633]
CCCCCC(=O)O,[ 0.41721007  0.6006278  -0.74979615  0.35345858 -0.08302405]
COc1cccc(OC)c1O,[-0.48078245  0.66573524 -0.5912703  -0.7448135  -0.14086127]
Nc1ccc(O)c([N+](=O)[O-])c1,[-0.11164851  0.8729096  -0.85835963 -0.9315357  -0.24623315]
C=COC(=O)C=CC,[-0.23125373  0.9483217  -0.6365638  -0.68268657 -0.02400881]
C=CN(CC)C(C)=O,[-0.10463159  0.8317347  -0.752578   -1.         -0.6236782 ]
C=CC(=O)Nc1ccc(O)cc1,[-0.065594    0.42930457 -0.9143684  -0.8983761  -0.13271652]
O=[N+]([O-])OCC(O)CO,[ 0.1039144   0.89694023 -0.65614814 -0.8113454  -0.0724646 ]
CN[C@H](CC(C)C)C(=O)N[C@H]1C(=O)N[C@@H](CC(N)=O)C(=O)N[C@H]2C(=O)N[C@H]3C(=O)N[C@H](C(=O)N[C@H](C(=O)O)c4cc(O)cc(O)c4-c4cc3ccc4O)[C@H](O)c3ccc(c(Cl)c3)Oc3cc2cc(c3O[C@@H]2O[C@H](CO)[C@@H](O)[C@H](O)[C@H]2O[C@H]2C[C@](C)(N)[C@H](O)[C@H](C)O2)Oc2ccc(cc2Cl)[C@H]1O,[ 0.22165726  0.9398629  -0.7159409  -0.424069    0.19900985]
S=C1NCCNC(=S)S1,[ 0.18860155  0.31542292 -0.7295785  -0.6987568  -0.17929418]
CCCN(CCC)CCCCCCCCNC(=O)Oc1ccc2c(c1)C1(C)CCN(C)C1N2C,[-0.79791445  0.7015415   0.04333054 -0.17174074 -0.24404635]
CO[Si](CCCn1c(=O)n(CCC[Si](OC)(OC)OC)c(=O)n(CCC[Si](OC)(OC)OC)c1=O)(OC)OC,[-0.02664552  0.7353132  -0.7890152  -0.19498175  0.04678796]
CCCCOCCOC(C)=O,[ 0.5294412   0.79605836 -0.6733923  -0.26523718 -0.4933741 ]
CC(=O)Nc1ccc(CNc2[nH]nc3ccnc(Oc4ccccc4)c23)cc1,[ 0.39723057  0.6548173  -0.6711506  -0.6940057  -0.17541324]
COP(=S)(OC)SCc1nnc(C(C)C)o1,[-0.5848547   0.962239   -0.86130506 -0.73878396  0.33701208]
CN1CCN(CCCN2c3ccccc3Sc3ccc(Cl)cc32)CC1,[ 0.01348512  0.4428859  -0.93535835 -0.23263921 -0.6697981 ]
Cc1cncc(C)n1,[ 0.6257549   0.8629785  -0.85130155 -1.         -0.5944543 ]
C=C(OP(=O)(OC)OC)P(=O)(OC)OC,[-0.10575401  0.81931394 -0.678652    0.61819756 -0.39749694]
CN(C)C1C(O)=C(C(N)=O)C(=O)C2(O)C(O)=C3C(=O)c4c(O)cccc4C(C)(O)C3C(O)C12,[ 0.2680267   0.8418405  -1.         -0.81401867 -0.33606106]
CC(=O)CCCCCCCC(=O)O,[ 0.49368647  0.71589005 -0.7371431  -0.60376364 -0.25415304]
CCOP(=S)(OCC)SCC(=O)N(CCC#N)c1ccccc1,[ 0.316178    1.         -0.9750171  -0.75085306  0.03321109]
CCCc1c(OCc2cccn3c(=O)c(CCC(=O)O)cnc23)ccc(C(C)=O)c1O,[ 0.25583822 -0.81170607 -0.4361494  -0.77747    -0.02123675]
C/C([O-])=C(\C#N)C(=O)Nc1ccc(C(F)(F)F)cc1,[ 0.35689697  0.85461366 -0.9912705  -0.8907963  -0.72772014]
C[C@@H]1NC(=O)[C@H](C)N(C)C(=O)[C@@H](C)N(C)C(=O)[C@H](C)NC(=O)[C@@H](C)NC(=O)[C@@H](C)N(C)C1=O,[-0.01676091  0.8916666  -1.         -0.77936065 -0.12494504]
O=c1[nH]c2ccccc2n1CCC[NH+]1CCC(n2c(=O)[nH]c3cc(Cl)ccc32)CC1,[ 0.26002353 -0.07123043 -0.14330827 -1.         -0.6187784 ]
CCCCCCCCC1OC1CCCCCCCC(=O)OCC1(CC)OC1CCC,[ 0.30807444 -0.15542376 -0.6587618  -1.          0.04391934]
Cc1cc(Nc2nc(N[C@@H](C)c3ccc(F)cn3)c(C#N)cc2Cl)n[nH]1,[-0.11193769  0.6723394  -0.9230235  -0.20755078 -0.22324306]
CC1CS(=O)(=O)CCN1N=Cc1ccc([N+](=O)[O-])o1,[ 0.43603057  0.66535264 -0.72548866 -0.35493457 -0.00247881]
CCC(C)(C)C1CCC(=O)CC1,[ 0.5508142   0.7471407  -0.44208518 -0.961553   -0.03524456]
NC(=O)c1cnc(N[C@@H]2CCCC[C@@H]2N)nc1Nc1cccc(-n2nccn2)c1,[-0.18239628  0.8642996  -0.54537654 -0.77283067 -0.1766394 ]
CCOC(=O)C1OC1c1ccccc1,[ 0.39628664  0.85638326 -0.92902946 -0.693334   -0.24877474]
CCNC(=S)NCC,[ 0.3343551   0.08469359 -0.76760846  0.5732209  -0.24365285]
CCOC(=O)COC(=O)c1cc(Oc2ccc(C(F)(F)F)cc2Cl)ccc1[N+](=O)[O-],[ 0.17886285 -0.19915803 -0.76618505 -0.5795018   0.1656448 ]
CC(=O)OCc1ccc(C(C)C)cc1,[-0.19606766  0.6424509  -0.8180444  -0.6552369  -0.09350299]
COc1ccc(-c2nc3c(NCCCNC(C)=O)c(Br)cnc3[nH]2)cc1,[-0.07004588  0.5169557  -0.61736286  0.36749867 -0.04198622]
CC(C)NC(=O)c1cnc(N2CCC(N3C(=O)OCc4ccccc43)CC2)c(Cl)c1,[-0.05017929  1.         -0.9914925  -0.5086818  -0.39418864]
CO/N=C(/C(=O)NC1C(=O)N2C(C(=O)[O-])=C(C[N+]34CCC(C(N)=O)(CC3)CC4)CSC12)c1nsc(N)n1,[-0.18496577  0.78936374 -0.9319525  -0.8248463   0.24548621]
Cc1ncsc1C,[-0.25238395  0.67908543 -0.900396   -1.          0.24034579]
O=NN(c1ccccc1)c1ccccc1,[ 0.35641286  0.8525084  -0.85042006 -0.8245919   0.38570008]
CC(C)C(O)(c1ccc(OC(F)(F)F)cc1)c1cncnc1,[-0.40281084  0.67176956 -0.691949   -0.7779511   0.13751453]
Nc1nc2c(Cc3cccnc3)c[nH]c2c(=O)[nH]1,[ 0.05901894  0.9823255  -0.48384687 -0.600444   -0.22543332]
CCC1=C(C)CN(C(=O)NCCc2ccc(S(=O)(=O)[N-]C(=O)NC3CCC(C)CC3)cc2)C1=O,[-0.20907417  0.6948775  -0.42986983 -0.8423278  -0.16560921]
Cc1ccc(S(=O)(=O)Nc2c(C(=O)NC3CCCCC3)c(C)nn2-c2ccccc2)cc1,[ 0.12362659  0.65245295 -0.62651163 -0.6126204  -0.19041008]
CC(=O)OC(C)OC(=O)C(C)c1ccc(-c2ccccc2)c(F)c1,[ 0.01941113  0.8862304  -0.83582026 -0.73731613 -0.63082653]
CN1CCN(c2ccc3ncc(C(N)=O)c(Nc4ccc(Cl)c(Cl)c4)c3c2)CC1,[-0.24631476  0.2782079  -0.29315633 -0.41918015 -0.33180624]
COc1c(Cl)ccc(Cl)c1C(=O)OCCN(CCOC(=O)c1c(Cl)ccc(Cl)c1OC)c1ccccc1,[ 0.28080034  0.7465046  -0.43157718 -0.8893851   0.2791943 ]
OCc1cc(C(O)C[NH2+]CCCCCCOCCOCc2c(Cl)cccc2Cl)ccc1O,[ 0.2922537   1.         -0.94343305 -1.          0.6121419 ]
COc1ccc(C(=O)Nc2ccccc2CCC2CCCCN2C)cc1,[ 0.2988708   0.869527   -0.31762853 -0.9995847   0.8604864 ]
CCCSP(C)(=S)Oc1ccc(Cl)cc1Cl,[ 0.6427195   0.99191266 -0.08700944 -0.46758237 -0.31437355]
O=C(O)C1N=C(c2ccccc2)c2cc(Cl)ccc2NC1=O,[-0.35538474  0.726966   -0.67931706 -0.53179127 -0.0583928 ]
CCC(C)OP(=S)(OC)OC,[ 0.20749705  1.         -0.74468327 -0.80243593  0.07306458]
Cc1cc(Nc2nc(N[C@@H](C)c3ccc(F)cn3)c(C#N)cc2F)n[nH]1,[ 0.19061455  0.7530897  -0.6196566  -0.60327864  0.20808376]
CCC(=O)N(c1ccccc1)C1CCN(CCc2ccccc2)CC1,[ 0.08226483  0.39776823 -0.65309465 -0.7690401  -0.2044217 ]
CCC(C)C(CC)C(N)=O,[-0.0258917   0.77198756 -0.02652292 -0.55128443  0.1528041 ]
Nc1cc[n+]([O-])cc1,[ 0.15088095  0.94929904 -0.3095522  -0.8246412   0.04216735]
COc1cc(C(=O)NC2CCCNC2)cc(OC)c1OC,[ 0.33242494  0.73510987 -0.08779326 -0.46574795 -0.33252347]
CC1=C2C[C@H]3[C@@H](CC=C4C[C@@H](O)CC[C@@]43C)[C@@H]2CC[C@]12O[C@@H]1C[C@H](C)CN[C@H]1[C@H]2C,[-0.18884781 -0.46307325 -0.5426287  -0.59547025  0.06395457]
O=c1cc(Cn2c(C3CCC3)nc3nccnc32)c2ccc(F)c(F)c2[nH]1,[-0.31001925  0.84031135 -0.44866398 -0.44076326 -0.20221792]
CCC(CC)(C(=O)O)c1cccc2ccccc12,[-0.1694173   0.82195264 -0.72586    -0.8870817   0.1517467 ]
c1cc(-c2ccc3nc(Nc4ccc(OCCN5CCCC5)cc4)ncc3c2)ccn1,[-0.1547487   0.9060221  -0.96269447 -0.6264884  -0.3918082 ]
CCNC(=O)C(C)OC(=O)Nc1ccccc1,[ 0.30536512  0.80159277 -0.8838127  -1.          0.6199172 ]
CN1CCN2c3ncccc3Cc3ccccc3C2C1,[ 0.41202754  0.8714996  -0.6372078  -0.7228258  -0.6315413 ]
COc1ccc(NC(=O)c2ccnc(N)n2)cc1,[-0.13239165  0.76376796 -0.9439518  -0.7276577   0.19400802]
O=[N+]([O-])C(CO)(CO)CO,[ 0.34056512 -0.18015815 -0.7375204  -0.58654535 -0.06225076]
Nc1ncc2cc(-c3c(Br)cccc3Br)c(N)nc2n1,[ 0.6266655   0.8313411  -0.647716   -0.04132114 -0.12178146]
COP(=S)(OC)SCSCC=C(Cl)Cl,[ 0.16987471  0.63371336 -0.00307724 -0.9404603   0.08860087]
O=C1CC2(CCCC2)CC(=O)N1CCCCN1CCN(c2ncccn2)CC1,[-0.255223    0.8199025  -0.74026054 -0.79031175  0.32594725]
c1ccc2sc(SNC3CCCCC3)nc2c1,[ 0.18029426  0.7783157  -0.79683334 -1.         -0.46093842]
COc1nc(C)nc(Cl)c1NC1=NCCN1,[ 0.12967077  0.76319206 -0.7851442  -0.60280156 -0.26785585]
COP(=S)(OC)Oc1cc(Cl)c(Cl)cc1Cl,[ 0.30641103 -0.8072842  -0.7432876  -0.6891553  -0.23418155]
CN(C)S(=O)(=O)CCCCCNC(=O)N(CCCl)N=O,[ 0.10702089  0.6039103  -0.3870724  -0.55621153 -0.26126516]
CCC(C)(C)c1ccc(Cl)c(OC(=O)NC)c1,[ 0.3989571   0.8255353  -0.7894302  -0.27219498 -0.30560356]
Nc1cc(Cl)ccc1O,[-0.00635063  0.36995772 -0.15845534 -0.30665147  0.06569112]
O=C(CN1CCOCC1)NN=Cc1ccc([N+](=O)[O-])o1,[ 0.26676476  0.72866064 -0.9347384  -0.71267414 -0.04723681]
O=[N+]([O-])c1ccccc1Cl,[ 0.35500813  0.7218584  -0.8286003  -0.6320213   0.11406599]
CC[C@H]1NC(=O)[C@@H](NC(=O)c2ncccc2O)[C@@H](C)OC(=O)[C@H](c2ccccc2)NC(=O)[C@@H]2CC(=O)[C@H](CS[C@@H]3CN4CCC3CC4)CN2C(=O)[C@H](Cc2ccc(N(C)C)cc2)N(C)C(=O)[C@@H]2CCCN2C1=O,[-0.12909788 -0.9906534  -1.         -0.39434427  0.08957072]
Clc1ccc(C(OCCN2CCCCC2)c2ccccc2)cc1,[-0.3508685   0.95853835 -0.7385053  -0.7597907  -0.1604586 ]
Cc1nccc(-c2ccc(-c3nc4ccncc4c(O)c3C#N)cc2)c1Cl,[ 0.44050744  1.          0.51308775 -0.30138877  0.07404733]
O=P([O-])([O-])C(O)(Cn1ccnc1)P(=O)([O-])O,[-0.6953602   0.70385706 -0.7386334  -0.29966778 -0.01844205]
C[C@@H]1O[C@@H](O[C@@H]2[C@@H](O)[C@H](OCCc3ccc(O)c(O)c3)O[C@H](CO[C@@H]3O[C@H](CO)[C@@H](O)[C@H](O)[C@H]3O)[C@H]2OC(=O)/C=C/c2ccc(O)c(O)c2)[C@H](O)[C@H](O)[C@H]1O,[-0.0898283   0.9104698  -0.8599526  -0.5045804  -0.13112587]
OCCNCCOc1ccc(C(=C(c2ccccc2)C(F)(F)F)c2ccccc2)cc1,[ 0.12061796  0.8232233  -0.55298066 -0.5033579  -0.22090869]
C[C@@H](NC1=CC(=O)CC1)c1ccc(Nc2ncc3cc(-c4ccncc4)ccc3n2)cc1,[ 0.4131569   0.29070133 -0.44471967 -0.60898274 -0.04213646]
C=COCCOC,[ 0.23604333  1.         -0.89470893 -0.6344211  -0.54376394]
CCCCc1c(OC(=O)c2cc(OC)c(OC)c(OC)c2)n(-c2ccccc2)n(-c2ccccc2)c1=O,[-0.18824339  1.         -0.5444431  -0.97468966 -0.0785598 ]
COc1cc2c3c(c1O)C1(C=CC(=O)C=C1)CC3N(C)CC2,[ 0.21778388 -0.39614224 -0.8045562  -0.36034748 -0.02972713]
CN(c1ccc(F)cc1F)c1c([N+](=O)[O-])cc([N+](=O)[O-])cc1C(F)(F)F,[ 0.2320575   0.9026389  -0.44244918 -0.84774464  0.55047727]
CC([NH3+])Cc1ccccc1,[ 0.05686793  0.1241774  -0.71541387 -0.66981447 -0.05367001]
CC(=O)OC(C)(C)C1CC=C(C)CC1,[ 0.27599233  0.8195326  -0.35067618 -0.63711613 -0.06269701]
CCN1CCCC1CNC(=O)c1cc(S(N)(=O)=O)ccc1OC,[-0.2437708   0.9373298  -0.8553517  -0.8272421  -0.07875056]
CC(NNC(=O)c1ccccc1)c1ccccc1,[ 0.28770572  0.75948656 -0.8482581  -0.7547295   0.03926912]
C=CC(=O)N(C)C,[ 0.3674419   0.57202953  0.0006715  -0.62718993 -0.28119415]
FC(F)(F)c1nc2c(I)cc(I)cc2[nH]1,[ 0.37891483  0.85781157 -0.7814528  -0.58172107  0.2348627 ]
[NH3+]C(C(=O)NC1C(=O)N2C(C(=O)[O-])=C(CSc3c[n-]nn3)CSC12)c1ccc(O)cc1,[ 0.07888681  1.         -0.47758272  0.26431537  0.14658342]
CCOc1cc2nnc(C(N)=O)c(Nc3ccc(F)cc3F)c2cc1N1CCN(C)CC1,[ 0.20682618  0.46241054 -0.72705054 -0.6157278  -0.01897397]
OCCOCCN1CCN(C(c2ccccc2)c2ccc(Cl)cc2)CC1,[ 0.32532647 -0.8997211  -0.6592502  -0.8328747  -0.39581794]
NC(=S)NNCNNC(N)=S,[-0.4991216   0.10576989 -0.81819755 -0.6730476  -0.424945  ]
CCCCCCC(N)C(=O)N[C@@H](Cc1c(C)cc(O)cc1C)C(=O)N1CCC[C@@H]1C(=O)N[C@@H](Cc1c[nH]c2ccccc12)C(=O)N[C@@H](Cc1ccccc1)C(N)=O,[ 0.13123472  0.67500454 -0.6339793  -0.78626275 -0.19463739]
CCOC(C)=Cc1oc2ccccc2[n+]1CCCS(=O)(=O)[O-],[ 0.2222223   0.57567906 -0.6632468  -0.6158034   0.15962529]
CCNC(=O)CSP(=S)(OC)OC,[ 0.40066996  1.         -0.68511474 -0.80699456 -0.15959498]
COP(=S)(OC)Oc1ccc(S(N)(=O)=O)cc1,[ 0.46566382  0.46469116 -1.         -0.70962805  0.18198098]
O=C1C(Cl)C(CCl)CN1c1cccc(C(F)(F)F)c1,[ 0.19158936  0.9759017  -1.         -0.64530754  0.8732926 ]
C#CC1(O)C=CC2C3CCC4=CC(=O)CCC4C3CCC21CC,[ 0.07139978  0.53768575 -1.         -0.18375917 -0.16342536]
O=C(CN1CCNCC1)NN=Cc1ccc([N+](=O)[O-])o1,[-0.00650837 -0.6322249  -1.         -0.9584277   0.03953769]
OC(CCN1CCCC1)(c1ccccc1)C1CCCCC1,[ 0.24253733  0.95637447 -0.95895696 -0.6394814  -0.0155004 ]
COCCNCc1ccc(Nc2ncc3cc(-c4ccncc4)ccc3n2)cc1,[-0.10869811  0.7562454  -0.60905254 -0.6943111  -0.43936476]
CN1C(=O)CN=C(c2ccccc2F)c2cc(Cl)ccc21,[ 0.01032695  0.96148604 -0.79734075 -1.         -0.0485827 ]
CCNc1nc(NCC)nc(OC)n1,[ 0.13198835  0.65017027 -0.73969954 -0.88595504 -0.06908172]
COc1cc2c3cc1Oc1cc(ccc1O)CC1c4c(cc(OC)c(O)c4Oc4ccc(cc4)CC3[NH+](C)CC2)CC[N+]1(C)C,[ 0.17704825  0.8348946  -0.7556228  -0.70040244 -0.2238165 ]
Fc1cc2nc(C(F)(F)F)[nH]c2cc1Cl,[ 0.07821515  0.90495044 -0.83169246 -0.7305895  -0.10149661]
O=C(Nc1ccccc1-c1ccccc1)OC1CCN(CCCCCCCCCNC[C@H](O)c2ccc(O)c3[nH]c(=O)ccc23)CC1,[-0.10546309  0.8831063  -0.8907017  -0.7096451  -0.08836792]
CC1NC(=S)NC1=O,[ 0.09866624  0.7975032  -1.         -1.          0.68865335]
O=C(O)CCC(=O)OC1CCCCC1,[-0.34269518  0.74187654 -0.65747356 -1.          0.5116368 ]
CC#CCC(C)C(O)/C=C/C1C(O)CC2C/C(=C/CCCC(=O)[O-])CC21,[-0.02829325  0.5724187  -0.2301984  -0.27499664  0.30716315]
CCn1cc(C(=O)O)c(=O)c2cc(F)c(N3CCN(C)CC3)cc21,[ 0.1111407   0.9054208  -0.71462077 -0.47659302  0.04900459]
CC(C)c1cccc(C(C)C)c1O,[ 0.13824838 -0.91396487 -0.04210648 -0.4533101  -0.01685633]
CCCCCCCCCCCC(=O)OCC(O)C1OCC(O)C1O,[-0.22831103  0.9228541  -0.7077784  -0.24935807 -0.12363853]
Cc1c(CN2CCOC(c3ccccc3)C2C)c(=O)n(-c2ccccc2)n1C,[ 0.13778977  0.7170702  -0.8783921  -0.7771661  -0.3084312 ]
Nc1ccc([N+](=O)[O-])cc1N,[ 0.1360608   0.8989366  -0.5287146  -0.7262909  -0.20835775]
Fc1cc(-c2cccc3ncc(-c4cnn(C5CCNCC5)c4)nc23)cc(F)c1CN1CCOCC1,[ 0.5107821   0.857967   -0.3789093  -0.4429148  -0.06625782]
CC(C)(C)c1nnc(NS(=O)(=O)c2ccccc2)s1,[ 0.35895336  1.         -0.86995906 -0.9134837  -0.23833498]
FCOC(C(F)(F)F)C(F)(F)F,[ 0.14232928  0.6444186  -1.          0.5515445   0.14070669]
CCNc1nc(NC(C)C(C)C)nc(SC)n1,[ 0.6383132   0.8065531  -0.87392247 -0.41678452  0.03514651]
O=C(O)CC(CC1CCN(C(=O)CCc2ccc3c(n2)NCCC3)CC1)C1CNc2ccccc2C1,[ 0.34845093  0.49949437  0.4685695  -0.90368366  0.4001619 ]
CC[C@@]1(O)C(=O)OCc2c1cc1n(c2=O)Cc2cc3c(CN(C)C)c(O)ccc3nc2-1,[-0.5645423   0.6383985  -0.821579   -1.          0.14085214]
CC(C)CCOC(CO)CC(C)C,[ 0.04216959  0.44121975 -0.6992752  -0.6738145   0.10897077]
CCCNC(=O)[N-]S(=O)(=O)c1ccc(Cl)cc1,[ 0.34580538  0.9566515  -0.82009345 -0.19101228  0.182051  ]
CSC(C)=NOC(=O)N(C)SN(C)C(=O)Oc1ccc(OC(=O)N(C)SN(C)C(=O)ON=C(C)SC)cc1,[ 0.12830855  0.9671982  -0.69940925 -0.908187    0.35180956]
COC1CCC=CO1,[-0.41253716  1.          0.24521194 -0.68497646  0.1822706 ]
CN(C)CCC=C1c2ccccc2CCc2ccccc21,[ 0.11333584  0.12851422 -0.5126771  -0.49408454  0.42674372]
C=CCOC(=O)CCCCC,[ 0.08785332  0.73114777 -0.06544808  0.66049445 -0.29379317]
CC#CN(CC)CC,[ 0.41746858  0.6939367  -0.82542694 -0.51046574  0.03875825]
CN(C)CCC(c1ccc(Cl)cc1)c1ccccn1,[ 0.55207145  0.6653504  -0.69813263  0.32862523 -0.3771356 ]
CCCCCCCCCCCCCCCCCCOP(=O)([O-])OCC[N+]1(C)CCCCC1,[ 0.11014185 -0.919333   -0.5034724  -0.20195214 -0.2376369 ]
C#CC1(O)CCC2C3CCC4=CC(=O)CCC4C3C(=C)CC21CC,[ 0.42022198  0.9183933  -1.         -0.562099   -0.06667951]
C=CN(C)N=O,[ 0.63183564  0.52948254 -0.910529   -0.15823139 -0.4305527 ]
O=C1COc2ccc(CNC3CCN(CCN4C(=O)COc5ccc(Cl)cc54)CC3)nc2N1,[ 0.6282608   0.5255961  -0.8774714  -0.68934643  0.18987097]
CCc1cc2c(s1)-n1c(C)nnc1CN=C2c1ccccc1Cl,[-0.20822227  0.8976101  -0.88904697 -0.7658149  -0.42504156]
C#CC(C)(C)O,[ 0.4410435   0.6259962  -0.8492372  -0.19297987 -0.1592226 ]
COc1ccc(Oc2ccc(NC(=O)N(C)C)cc2)cc1,[ 0.2734959   1.          0.02597005 -0.3817775  -0.24783406]
N=C(NN=Cc1ccc(Cl)cc1)NN=Cc1ccc(Cl)cc1,[ 0.32189387  0.1955736  -0.7735602   0.21750832 -0.0974056 ]
COP(=S)(Cl)OC,[ 0.03539348  0.760387   -0.76086456 -0.512938    0.6183231 ]
CNC(=O)c1cccc2c(Nc3ccc(NS(C)(=O)=O)cc3OC)c3cccc(C)c3nc12,[-0.19388695  1.         -0.79103065 -0.619958    0.8243194 ]
CCOP(=S)(OCC)Oc1ccc([N+](=O)[O-])c(C)c1,[ 0.13124187  0.9145913  -0.9363374  -0.16513985 -0.39785445]
O=CNC(N1CCN(C(NC=O)C(Cl)(Cl)Cl)CC1)C(Cl)(Cl)Cl,[ 0.31568784  0.9278745  -0.7706413  -0.9647352  -0.49110213]
CC(CN1CCOCC1)C(C(=O)N1CCCC1)(c1ccccc1)c1ccccc1,[-0.41355306  0.8664926  -0.7290508  -0.6644363  -0.20959875]
CCC(C)CCCCC(=O)NC(CCN)C(=O)NC(C(=O)NC(CCN)C(=O)NC1CCNC(=O)C(C(C)O)NC(=O)C(CCN)NC(=O)C(CCN)NC(=O)C(C(C)O)NC(=O)C(CC(C)C)NC(=O)C(CCN)NC1=O)C(C)O,[-0.06340291  0.80581945 -0.99114144 -0.98636925 -0.0170058 ]
O=CC1=CCCCC1,"[-5.8404344e-01  7.1855313e-01  9.3209790e-05 -4.8428261e-01
  2.9991695e-01]"
CO[C@@H]1C=CO[C@@]2(C)Oc3c(C)c(O)c4c(c3C2=O)C(=O)/C(=C\NN2CCN(C)CC2)C(=C4O)NC(=O)C(C)=CC=C[C@@H](C)[C@H](O)[C@H](C)[C@H](O)[C@@H](C)[C@@H](OC(C)=O)[C@@H]1C,[ 0.5921139  -0.4385653   0.31735298 -0.54786086 -0.39081293]
Cc1ccsc1C(=CCC[NH+]1CCCC(C(=O)[O-])C1)c1sccc1C,[-0.16812192  0.7304772  -0.52531505 -0.7892547  -0.42703086]
CCCSP(C)(=S)Oc1ccccc1,[ 0.30930257  0.4559898  -0.7788406  -0.42264727  0.67544585]
CCC(CCCCOC(=O)c1ccccc1)COC(=O)c1ccccc1,[ 0.13489093  0.7114019  -0.9420595  -0.7031806  -0.06681102]
O=C(NC[C@@H](O)CN1CCC(Oc2ccc(Cl)c(Cl)c2)CC1)c1c[nH]c(=O)c2cc(F)ccc12,[-0.15011665  0.7911556  -0.53933585 -0.7457463  -0.4181552 ]
COc1cc([C@@H]2c3cc4c(cc3[C@@H](O[C@@H]3O[C@@H]5CO[C@@H](C)O[C@H]5[C@H](O)[C@H]3O)[C@H]3COC(=O)[C@H]23)OCO4)cc(OC)c1O,[ 0.04097865  0.9610514  -0.80985457 -1.          0.51000416]
Cc1onc2c(=O)n(C)nc(-c3ccccc3)c12,[ 0.21981326  0.8473052  -0.7165437  -0.6776104  -0.15209109]
CC1(C)CC2(NC(=O)N(CCCN3CCC(O)CC3)C2=O)c2cc(F)ccc2O1,[ 0.06408875  0.91835517  0.6200797  -0.33905536 -0.20417845]
O=C(CCc1ccccc1)OC1=C(OC(=O)CCc2ccccc2)C(=O)OC1=O,[-0.22961766  1.         -0.7570468  -0.588152    0.36386526]
CC1OC(n2ccc(NC(=O)c3ccc(NC(=O)C(C)(N)CO)cc3)nc2=O)CCC1OC1OC(C)C(N(C)C)C(O)C1O,[ 0.27736667  0.926528   -0.5011889  -0.76064754 -0.091005  ]
CC(C)=CCN1CCC2(C)c3cc(O)ccc3CC1C2C,[ 0.41877976  0.9536344  -0.90688396 -0.6551463   0.08440769]
COc1cc(OC)c(S(=O)(=O)NCc2ccccc2N2CCC(COC(=O)CCC(=O)O)CC2)cc1NC(=O)CCC(=O)O,[-0.21266839  1.         -0.925854   -0.98098457 -0.08593139]
Cc1ccc2nc(C[N+]34CCC(CC3)[C@@H](OC(=O)[C@](C)(c3ccccc3)N3CCCCC3)C4)oc2c1,[ 0.5406493   0.863829   -0.8570655  -0.68617004 -0.46446487]
O=C([O-])CCCc1ccc(N(CCCl)CCCl)cc1,[ 0.12202668  0.853679   -0.5017566  -0.74215657 -0.3144419 ]
CCCS,[ 0.4737477   0.87000513 -1.         -0.48124453 -0.28477067]
Nc1ccc(F)c(F)c1F,[-0.13013478  0.70667094  0.0350544  -0.99766254  0.71235996]
O=C(O)c1nn(Cc2ccc(Cl)cc2Cl)c2ccccc12,[0.0942698  0.58646137 0.7890891  0.05357911 0.1766929 ]
O=C(CF)Nc1ccccc1,[-0.5828852  0.9706182 -1.        -0.8503429  0.3653473]
CCOP(=O)(OCC)OC(=C(Cl)Br)c1ccc(Cl)cc1Cl,[-0.10711823  0.33388063 -1.         -0.90528023 -0.67261904]
CNC(=O)c1[nH]cnc1C(=O)Nc1ccc(OC)cc1,[-0.36853492  0.8554222  -0.5733533  -0.7490244   0.59368515]
CN(C)N=Nc1nc[nH]c1C(N)=O,[ 0.30783537  0.05269453 -1.         -0.05847876  0.64268917]
Oc1nc(-c2ccccc2)nc2ccccc12,[ 0.25146842  0.37765032 -0.7060155  -1.          0.3430813 ]
CC(C)(C)NC(=O)NCCN1CCCC(NC(=O)c2cc(Cl)cc(Cl)c2)C1,[ 0.5878073   0.68148345 -0.27571213  0.02666057 -0.2431298 ]
