COC(C)CC(=O)O,[ 0.17569165  0.77689373 -0.7634306  -0.5470264   0.09349234]
Cc1ccc(N=C=O)cc1,[ 0.3743955   0.30011553 -0.76728594 -0.20650516  0.7613476 ]
C[C@@H](N/C(=N\c1ccncc1)NC#N)C(C)(C)C,[ 0.51080036  0.6967165  -1.         -0.7455277  -0.5354371 ]
CC(=O)Nc1ccc(CNc2[nH]nc3ccnc(Oc4ccccc4)c23)cc1,[ 0.38904592  0.75369215 -0.83292603 -0.8028678  -0.23036323]
N#CSCCSC#N,[-0.26082417  0.9628416  -0.9431918  -0.79046804 -0.26142722]
O=C(NC(CCc1ccc2c(c1)OCO2)CCc1ccc2c(c1)OCO2)c1ccc(Cl)cc1,[ 0.37030923  0.66883636 -0.7353078  -0.52525574 -0.23654673]
COc1ccc(Oc2ccc(NC(=O)N(C)C)cc2)cc1,[ 0.21737763  1.          0.14233851 -0.51482624 -0.22709791]
OCc1ccccc1,[ 0.3783966  0.7975583 -0.5282189 -0.7733219  0.2649898]
Cc1ccc(S(=O)(=O)N(C)C(=O)N2CCC(N3CCC(Oc4ccc(Cl)c(Cl)c4)CC3)CC2)cc1,[ 0.40404207 -0.19413891 -0.9304808  -0.9097399   0.00112508]
CNC(=O)Oc1ccccc1C1OCCO1,[ 0.15445834  0.18967062 -0.37126735 -0.4676562  -0.29779205]
O=[N+]([O-])c1cc2[nH]c(C(F)(F)F)nc2cc1Cl,[ 0.30859658  0.7152122  -0.7895878  -0.68181896  0.7599539 ]
CCCN(CCC)CCCCCCCCNC(=O)Oc1ccc2c(c1)C1(C)CCN(C)C1N2C,[-0.34702185  0.7746623   0.0435422  -0.2722408  -0.40494788]
CCOc1cc(OCC)c(C(=O)CCC(=O)O)cc1OCC,[-0.00645567  0.98025274 -0.65604466 -0.9870046  -0.38817644]
CC=C(CC)C(=O)NC(N)=O,[ 0.25588256  0.7301552  -0.745383   -0.56727624 -0.18943831]
CC(=Cc1ccccc1)C=C1SC(=S)N(CC(=O)O)C1=O,[ 0.5924234   0.88369876 -0.39874253 -0.6082152   0.19448544]
C[C@@H](NC(=O)C1CCCCN1C)c1ccc(Nc2ncc3cc(-c4ccncc4)ccc3n2)cc1,[ 0.01312139  0.8571127  -0.92303956 -0.6387985  -0.06027776]
C#CCN(C)c1ccccc1OC(=O)NC,[ 0.52585006 -0.26722765 -1.         -0.4275067  -0.3075258 ]
CCNC(=S)NCC,[ 0.29273993  0.47254586 -0.7884574  -0.2872721   0.76479816]
NCC1CCC=CO1,[ 0.09144585 -0.03715484 -0.9048132  -0.8520531   0.08527101]
COP(=O)(SC(C)C)SC(C)C,[-0.4994561   0.76415646  0.08435913 -0.01501543 -0.3289462 ]
CN(CCOc1ccc(CC2SC(=O)NC2=O)cc1)c1ccccn1,[-0.35502407  0.91438305  0.4897836  -1.         -0.18653886]
COCc1ccc2c(C(C(=O)NS(=O)(=O)c3ccc(C)cc3OC)c3ccc4c(c3)OCO4)cn(C)c2c1,[ 0.19571662 -0.08505805 -0.50409395 -1.         -0.32233104]
c1ccc(COCc2ccccc2)cc1,[ 0.06978901  1.         -0.84951895 -0.93019205 -0.03839775]
CC(O)c1cccc(N)c1,[ 0.3978671   0.9502844  -0.65993744 -0.2797017  -0.69875777]
C[C@@H]1CN(Cc2ccc(F)cc2)CCN1C(=O)COc1ccc(Cl)cc1NC(N)=O,[-0.06622918  0.4472483   0.01293839 -1.         -0.0251639 ]
O=C(CCl)OCCOCCO,[ 0.2040213   0.41193935 -0.8092937  -0.97573566 -0.06630422]
CCOC(=O)c1ccc(C#Cc2ccc3c(c2)C(C)(C)CCS3)nc1,[-0.05564977  0.07326482 -0.7390435   0.07209548 -0.25704744]
CCNC(=O)C=Cc1cccc(Br)c1,[ 0.14539409  0.9646177  -0.74172825  0.16195978  0.07791637]
CC(C=O)=Cc1ccco1,[ 0.06367309  1.         -1.         -1.          0.84421784]
O=C(OCC=Cc1ccccc1)c1ccccc1,[ 0.35728216  0.6115049  -0.70138764 -0.9430184  -0.24697664]
CC1OC(n2ccc(NC(=O)c3ccc(NC(=O)C(C)(N)CO)cc3)nc2=O)CCC1OC1OC(C)C(N(C)C)C(O)C1O,[ 0.23959143  0.9553097  -0.70356184 -0.8048171   0.42140776]
CCCCCCCCC1OC1CCCCCCCC(=O)OCC1(CC)OC1CCC,[-0.01011729 -0.27367556 -0.9691185  -0.6850625   0.2407234 ]
O=C(CSc1nc2c(c(=O)n1-c1ccccc1)SCC2)Nc1ncc(-c2ccccc2)s1,[ 0.30471054  0.8514964  -0.85794485 -0.62558675  0.3040295 ]
CCC(C)(CC)c1cc(N)on1,[ 0.4960594   0.4917612  -0.87154293 -0.9226844   0.3159329 ]
Clc1ccc(OCOc2ccc(Cl)cc2)cc1,[ 0.55871046  0.5331819  -0.4073062  -0.06689417  0.47397166]
Nc1cc2c(cc1C1CCCCC1)CCC2C(=O)O,[ 0.3823496   0.03766932 -0.7852045  -0.7152732  -0.18381801]
C=C[Si](OC)(OC)OC,[ 0.24935623  0.7737717  -0.5648546  -0.7847402  -0.23670101]
CN1CCC(=C2c3ccccc3Sc3ccccc32)CC1,[ 0.1988452   0.8408002  -0.8089934  -0.6411255  -0.08099121]
CCCCC(CC)CNCC(C)(N)CN(C)CC(CC)CCCC,[ 0.21170577  0.06076854 -0.7324724   0.550913    0.09397753]
CCOP(=O)(OCC)Oc1nc(Cl)c(Cl)cc1Cl,[ 0.06509371  0.8065791  -0.74483687 -0.7131699  -0.5801557 ]
CC(O)C(=O)Nc1c(I)c(C(=O)NC(CO)CO)c(I)c(C(=O)NC(CO)CO)c1I,[ 0.35525903  0.62298423  0.26272866 -0.71353716 -0.1260661 ]
Cc1cnc(NC(=O)C2=C(O)c3ccccc3S(=O)(=O)N2C)s1,[ 0.10987521  0.5176255  -0.7416445  -0.8041573  -0.4646348 ]
N#Cc1cccc(C#N)c1,[ 0.13696846  0.956571   -0.25632042 -0.85519063 -0.19210005]
CCN[C@@H]1C[C@H](N)[C@@H](O[C@H]2OC(CN)=CC[C@H]2N)[C@H](O)[C@H]1O[C@H]1OC[C@](C)(O)[C@H](NC)[C@H]1O,[ 0.10538232  0.7986526  -1.         -1.          0.33219576]
O=[N+]([O-])N1CN([N+](=O)[O-])CN([N+](=O)[O-])C1,[ 0.40125787  0.1182511  -0.62693787 -0.5389159  -0.7099952 ]
ClC(Cl)(Cl)c1ccc(C(Cl)(Cl)Cl)cc1,[-0.06813832  0.22388455 -0.88122416 -0.19028513 -0.18800403]
C=C(C)C1CC=C(C)C(O)C1,[-0.13361613  0.822598   -0.09089552 -0.7496264   0.23168717]
CC(=O)OCCOCCOCCOC(C)=O,[ 0.54843426  0.5633801  -0.42248693 -0.97035515 -0.01630013]
O=C(Nc1cccc(Cl)c1)Nc1nnc(-c2ccncc2)s1,[ 0.30250415  0.91749084 -0.82140887 -0.92714643  0.11687905]
CCCCSN(C)C(=O)Oc1cccc2c1OC(C)(C)C2,[-0.25282428  0.82125396 -0.5873202  -0.74869144 -0.3309242 ]
CC(C)OC(=O)C(C(=O)OC(C)C)=C1SCCS1,[ 0.23537847  1.         -0.9608007  -0.2530987  -0.18567158]
COCCOCc1ccccc1,[ 0.53493553  0.83288515 -0.8640691  -0.56282467  0.08687353]
CC(C)(C)[NH2+]CC(O)c1cc(O)cc(O)c1,[ 0.15895347  0.10131272 -0.9382141  -0.85011166 -0.3947722 ]
CCC1=C(C)CN(C(=O)NCCc2ccc(S(=O)(=O)[N-]C(=O)NC3CCC(C)CC3)cc2)C1=O,[-0.02436213  0.6838525  -0.6068385  -0.9162816  -0.17655262]
Cn1c(COP(=O)(NCCBr)NCCBr)cnc1[N+](=O)[O-],[ 0.23337476  0.89154875 -0.8817961  -0.52340734  0.20150791]
CCOC(C1=NCCCN1)c1c(Cl)cccc1Cl,[ 0.5062936   0.68397427 -0.3999965  -0.38991624 -0.23315407]
CC1CS(=O)(=O)CCN1N=Cc1ccc([N+](=O)[O-])o1,[ 0.43000567  0.6867174   0.4837707  -0.4616969  -0.2717464 ]
N#Cc1ccc2[nH]c(C(F)(F)F)nc2c1,[ 0.06110832  0.7877956  -0.84800345 -0.73326606 -0.2798311 ]
CC(=O)CCc1ccc(O)cc1,[ 0.29573247  0.7797602  -0.79845625 -0.7933038  -0.7031414 ]
O=C(/C=C/c1ccccc1)NCCO,[-0.17117532  0.7086283  -0.8995256  -0.5379942  -0.05534594]
CC(CC(=O)OC(C)(C)C)NC(=O)C1=NOC(C(O)(C(F)(F)F)C(F)(F)F)C1,[ 0.42288908  0.75997025 -0.69993055 -0.1958511  -0.12461531]
N=C(NN=Cc1ccc(Cl)cc1)NN=Cc1ccc(Cl)cc1,[ 0.34785378  0.71986383 -0.43488374 -0.887585   -0.09174372]
CN1CCN(CCCN2c3ccccc3Sc3ccc(Cl)cc32)CC1,[-0.20315957  0.42235285 -0.66817605 -0.16855457 -0.5307308 ]
O=c1[nH]c2ccccc2n1CCC[NH+]1CCC(n2c(=O)[nH]c3cc(Cl)ccc32)CC1,"[-1.7881524e-02  5.2260060e-04  2.8082535e-01 -7.9133046e-01
 -4.6732336e-01]"
C#CCN1C(=O)CN=C(c2ccccc2)c2cc([N+](=O)[O-])ccc21,[ 0.25496927  0.8980108  -0.87242436 -0.44784996 -0.352842  ]
COc1ccc2ncc(F)c(CCN3CCC(NCc4cc5c(cn4)OCCO5)CC3)c2n1,[ 0.16539115  0.7533974   0.761944   -0.8806511  -0.3275008 ]
CCCOP(=O)(SCCC)SCCC,[ 0.21669942  0.7900234  -0.4652116  -0.8576875  -0.11326241]
CN1CCN2c3ncccc3Cc3ccccc3C2C1,[ 0.466425    0.7062166  -0.67335284 -0.58645827 -0.64027745]
CC(C)(C)CNC(=S)Nc1cccnc1,[ 0.05710398  1.         -0.5342664  -0.8868125  -0.2998056 ]
Nc1cccc(N)c1,[ 0.17470147  0.842653   -0.83772796 -0.6173205  -0.37038705]
O=C(Cl)C=CC(=O)Cl,[ 0.5362647   0.7217108  -1.         -0.18212098 -0.07144772]
Brc1ccc2[nH]cc(CC3CCNCC3)c2c1,[ 0.3077887   0.8477001  -0.90970004 -0.736408    0.1229364 ]
C[C@@](N)(Cc1ccc(O)c(O)c1)C(=O)O,[ 0.14784189  0.7451765  -0.5189092  -0.99670154 -0.09628124]
Oc1c(Cl)c(Cl)cc2[nH]c(C(F)(F)F)nc12,[ 0.34483495  0.8317091  -0.8400286  -0.7204642   0.21653183]
CON=C(Cc1cccnc1)c1ccc(Cl)cc1Cl,[ 0.1621779   0.50998795 -0.7618881  -0.67957956 -0.04246489]
CC(C)=CCOC(=O)c1ccccc1,[ 0.22034378  0.8962025  -0.66402894 -0.67793125 -0.3596954 ]
CCC(C)CCCCC(=O)NC(CCN)C(=O)NC(C(=O)NC(CCN)C(=O)NC1CCNC(=O)C(C(C)O)NC(=O)C(CCN)NC(=O)C(CCN)NC(=O)C(C(C)O)NC(=O)C(CC(C)C)NC(=O)C(CCN)NC1=O)C(C)O,[-0.07652916 -0.09153452 -0.7493371  -0.6257333   0.10534564]
CNCC(O)c1cccc(O)c1,[-0.27657482  0.7710932  -0.3542549  -0.82310385 -0.4051833 ]
Cc1cnc(C(=O)c2ncnc3[nH]ccc23)c(NS(=O)(=O)c2ccc(Cl)c(C(F)(F)F)c2)c1,[ 0.31739843  0.48099634 -0.7703272  -0.5023342   0.43362206]
C[NH+]1CCc2cccc3c2C1Cc1ccc(O)c(O)c1-3,[ 0.23527278  0.41428745 -0.31776077 -0.6510752   0.06046651]
O=C(NC[C@@H](O)CN1CCC(Oc2ccc(Cl)c(Cl)c2)CC1)c1c[nH]c(=O)c2cc(F)ccc12,[-0.18705133  0.8953997  -0.88007754 -0.99239826  0.39000833]
Clc1cc(Cl)cc(Cl)c1,[ 0.61810803 -0.5106336  -0.74128366 -0.62895656 -0.12432055]
CN(C)CCC(c1ccc(Cl)cc1)c1ccccn1,[ 0.5888145   0.29466158 -0.6054377  -0.53578067  0.08499736]
CCS(=O)CCSP(=O)(OC)OC,[ 0.17924917  0.78670096  0.69063544 -1.         -0.15283568]
C[C@H](Cn1cnc2c(N)ncnc21)OCP(=O)(O)O,[ 0.10621832 -0.43073544 -0.27580333 -0.4456988  -0.349765  ]
CC(=O)c1c(C)c2cnc(Nc3ccc(N4CCNCC4)cn3)nc2n(C2CCCC2)c1=O,[-0.17001925  0.9573047  -1.         -0.19851659 -0.36922055]
Cc1ncccc1Oc1ncnc(OC2CCN(C(=O)OC(C)C)CC2)c1C,[ 0.52586097  0.7263578  -0.7445909  -0.46001917 -0.32898697]
C=CCN(C(=O)Cn1nc(C)ccc1=O)C(C)Cc1ccccc1,[ 0.18904445  0.9327901  -0.8904987  -0.781065    0.11246341]
NC(=O)CF,[-0.65842974  0.49708232 -0.98578286 -0.5296324  -0.08911479]
Cc1cn([C@H]2CCCN(S(=O)(=O)c3ccc(CO)c(Oc4cccc(Cl)c4)c3)C2)c(=O)[nH]c1=O,[ 0.00176148 -0.45616016 -0.5282697  -0.36729687 -0.27053624]
O=C1COc2ccc(CNC3CCN(CCN4C(=O)COc5ccc(Cl)cc54)CC3)nc2N1,[ 0.01987973  0.6455426  -0.6807154  -0.5371633   0.29576746]
CO[Si](CCCOCC1CO1)(OC)OC,[-0.3039719   0.78802186 -0.696861   -1.         -0.31291696]
CC(=O)C1(O)Cc2c(O)c3c(c(O)c2C(OC2CC(N4CC4)C(OS(C)(=O)=O)C(C)O2)C1)C(=O)c1ccccc1C3=O,[ 0.0130142   0.96391046 -0.70056933 -0.13962589 -0.3450083 ]
CCCCC(C)(C)CO,[ 0.33898005  0.6765045  -0.7893354  -0.81543547  0.39172962]
O=C(Cc1ccc(Cl)c(C(F)(F)F)c1)Nc1cccc2c(=O)n(CCO)ccc12,[ 0.6080182   0.44487992 -0.56578594 -0.6636872  -0.46131498]
CNC(=O)CSP(C)(=S)OC,[ 0.49299547 -0.26928654 -0.25100562 -0.2882533  -0.16291824]
O=C(Oc1ccccc1)n1c(C(F)(F)F)nc2cc(Cl)c(Cl)cc21,[ 0.2324736   0.56901276 -0.5493395  -0.786178   -0.22019425]
CCCN(CCC)c1c([N+](=O)[O-])cc(C)cc1[N+](=O)[O-],[ 0.42122126  0.89767003 -0.51730883 -0.47507906  0.00824839]
Cc1ncc(C[n+]2csc(CCO)c2C)c(N)n1,[-0.00400034  0.9999999  -0.9385767  -0.7445852  -0.02807768]
CCCCN(CCCC)CCCC,[-0.1472138   0.84759516 -0.7869544  -0.6719477  -0.42263615]
Nc1nc(-c2ccccn2)nc(N)c1Cc1ccc(Cl)cc1Cl,[-0.10992195  0.89428174 -1.         -0.38403255 -0.25440088]
CCC(C)OC=O,[ 0.56519026 -0.3249275  -0.8014428  -0.49115083 -0.6786635 ]
CCCCOC(C)OCCCC,[-0.0933971   0.7367153  -0.6944135  -0.5005206  -0.20713595]
CCCCOCC1CO1,[-0.30675638  0.3507065  -0.9084986  -0.8787324  -0.3571507 ]
CC[C@@H]1OC(=O)[C@@H](C)[C@H](O[C@@H]2C[C@](C)(OC)[C@H](O)[C@@H](C)O2)[C@H](C)[C@H](O[C@@H]2O[C@H](C)C[C@H](N(C)C)[C@H]2O)[C@@](C)(O)C[C@@H](C)/C(=N\OCOCCOC)[C@H](C)[C@@H](O)[C@@]1(C)O,[ 0.14181134  0.8053275  -0.7312591   0.74179035 -0.19221267]
ClCCCBr,[ 0.2276173  -0.04403883 -0.8268048   0.00638698  0.05646349]
CCCCCCCc1ccccc1O,[ 0.1246762  0.6235375 -0.6440582 -1.        -0.5291005]
CN(C)CCOCCOCCN(C)C,[-0.09106088 -0.52221084 -0.8502437  -0.7273971  -0.09418966]
ClC(Cl)(Cl)c1cccc(C(Cl)(Cl)Cl)c1,[-0.10974923  0.75310045 -0.8772603  -0.89874774 -0.32258242]
CCCOCCOC(=O)C1=C(C)NC(C)=C(C(=O)OCCOCCC)C1c1cccc([N+](=O)[O-])c1,[ 0.6177841   0.8692716  -0.7778342  -0.714472   -0.19029377]
CC(CO)Oc1ccccc1,[-0.259466    1.         -0.71243984 -1.         -0.38831744]
CCN(CC)c1ccc2cc(C(=O)NC3(C(=O)N[C@H](Cc4ccccc4)C(=O)NCC4CCN(CC5CCOCC5)CC4)CCCC3)sc2c1,[-0.82707494  0.6176206  -0.4004986   0.40780362  0.8092122 ]
C[N+](C)(C)CC(O)CC(=O)[O-],[ 0.099642    0.74123925 -0.5962212  -0.80083954 -0.17828941]
C[C@H](Cc1cccc(CC(=O)NC23CC4CC(CC(C4)C2)C3)c1)NC[C@H](O)c1ccc(O)c(CO)c1,[-0.3252469   0.85801935 -0.6650823  -1.         -0.34468466]
Cc1ccc(N=CN(C)SN(C)C=Nc2ccc(C)cc2C)c(C)c1,[ 0.12567218  0.70288527  0.00419844 -0.09673608  0.21131675]
CCCc1c(OCc2cccn3c(=O)c(CCC(=O)O)cnc23)ccc(C(C)=O)c1O,[ 0.12541328 -0.7316238  -0.25050652 -0.43578166  0.24886277]
CNC(=O)c1cccc2c(Nc3ccc(NS(C)(=O)=O)cc3OC)c3cccc(C)c3[nH+]c12,[ 0.4261793   0.6969138  -0.65605533  0.12634178 -0.50910586]
S=C=NCCN=C=S,[-0.48495594  0.39397147 -0.8720287  -0.80253905 -0.13215151]
C=CC(=O)OCCOCC,[ 0.42328343  0.81338936 -0.73316854  0.00093472 -0.08886075]
CCCNC(=N)C(OCC)c1ccccc1,[ 0.48530003  1.         -0.45577154 -0.5634995  -0.00738726]
O=C(NCC12CC3CC(CC(C3)C1)C2)c1cc(-n2ncc(=O)[nH]c2=O)ccc1Cl,[ 0.6371766   0.5094177  -0.77483374 -0.4983357  -0.08341871]
O=C(c1ccccc1)c1cccc2c1CCC2C(=O)O,[ 0.25177434  0.78501606 -0.4710953  -0.5712312  -0.04816517]
COc1ccc(CC2NCC(O)C2OC(C)=O)cc1,[ 0.19635725  0.8335236  -0.58942187 -0.22264984  0.17783199]
COc1cc2nc(N3CCN(C(=O)C4COc5ccccc5O4)CC3)nc(N)c2cc1OC,[-0.12885794  0.8613954  -0.99207664 -0.32260796 -0.40676332]
N#Cc1cc(Br)c(O)c(Br)c1,[ 0.43908858  0.8850088  -0.84441036 -0.77168125  0.68809855]
Nc1ccc(S(=O)(=O)O)c2cccc(O)c12,[-0.25566345  0.8701175  -0.6956357  -0.86354095  0.59705395]
CCC(C)C(CC)C(N)=O,[ 0.29219148  0.85732806 -0.05467305 -0.7324596   0.36628503]
COCOCCO,[ 0.22583747  0.5112743  -0.79947186  0.33952463 -0.16353935]
CN[C@H](CC(C)C)C(=O)N[C@H]1C(=O)N[C@@H](CC(N)=O)C(=O)N[C@H]2C(=O)N[C@H]3C(=O)N[C@H](C(=O)N[C@H](C(=O)O)c4cc(O)cc(O)c4-c4cc3ccc4O)[C@H](O)c3ccc(c(Cl)c3)Oc3cc2cc(c3O[C@@H]2O[C@H](CO)[C@@H](O)[C@H](O)[C@H]2O[C@H]2C[C@](C)(N)[C@H](O)[C@H](C)O2)Oc2ccc(cc2Cl)[C@H]1O,[ 0.15439864  0.79794073 -0.611635   -0.36881194 -0.13810836]
COc1cc2c3c(c1O)C1(C=CC(=O)C=C1)CC3N(C)CC2,[ 0.31055617 -0.03195309 -1.         -0.46271196  0.12086536]
CCS(=O)(=O)c1ccc(-c2cc(Cl)ccc2OCC(=O)O)cc1,[-0.6413013   0.84638    -0.48676434  0.23643918  0.07538529]
C/C=C/c1cc(OC)c2c(c1)C(C)C(c1cc(OC)c(O)c(OC)c1)O2,[ 0.57935417  0.27450693 -0.2044233  -0.77741855  0.09498046]
CC(=O)N[C@H](Cc1ccc2ccccc2c1)C(=O)N[C@H](Cc1ccc(Cl)cc1)C(=O)N[C@H](Cc1cccnc1)C(=O)N[C@@H](CO)C(=O)N[C@@H](Cc1ccc(O)cc1)C(=O)N[C@H](CCCNC(N)=O)C(=O)N[C@@H](CC(C)C)C(=O)N[C@@H](CCCNC(=N)N)C(=O)N1CCC[C@H]1C(=O)N[C@H](C)C(N)=O,[ 0.16339946  0.62855494 -0.7461642  -0.9718862   0.703722  ]
O=C(CO)N1CCC(c2[nH]nc(-c3ccc(Cl)cc3F)c2-c2ccncn2)CC1,[0.31508312 0.61614317 0.5601743  0.167657   0.6639936 ]
COc1ccc(N)c([N+](=O)[O-])c1,[ 0.44914007  0.849353   -0.7508658  -0.90465647 -0.2735993 ]
CC(COc1ccc(Cl)cc1Cl)C(=O)O,[-0.14307721  0.8033788  -0.86186516 -0.74671966  0.70120215]
CC1CN(C2CCCCCCCCCCC2)CC(C)O1,[0.35104322 0.77760327 0.03379644 0.26196685 0.34327465]
C[Si](C)(Cl)Cl,[ 0.21225943  0.8753976  -0.7379693  -0.8288026  -0.4639573 ]
CC=C(C(=O)NC(N)=O)C(C)C,[ 0.47534785 -0.47493607 -0.9158831   0.20844905 -0.15192488]
CCNC(=O)c1cc2c(-n3ccc(C(F)(F)F)n3)c(-c3cncc(-c4n[nH]c(=O)o4)c3)cnc2[nH]1,[-0.07464924  0.6399789  -0.7153802  -0.66091704 -0.6485474 ]
O=C1C(Cc2ccccc2)C(=O)N(c2ccccc2)N1c1ccccc1,[ 0.4531271   0.8524499  -0.6756735  -0.88196     0.09110117]
COP(=O)(OC)Oc1ccc([N+](=O)[O-])c(Cl)c1,[ 0.2033912  -0.4667766  -0.31226933 -0.55174685 -0.17207944]
COc1ccc(NC(=O)CF)cc1,[ 0.19859344  0.80087274 -0.5995325  -0.5181303  -0.29666728]
[O-][n+]1onc2c1c1no[n+]([O-])c1c1no[n+]([O-])c21,[ 0.45680535  0.5692265  -0.7339089  -1.          0.02620815]
COCCOC(=O)CC#N,[ 0.21419254  0.98071545 -0.84107137 -0.9031901   0.07052435]
FC(F)(F)c1nc2c(I)cc(I)cc2[nH]1,[ 0.21397708  0.83515763 -0.6778931  -0.45675397  0.2796934 ]
CN(C)CCOc1cc(NS(=O)(=O)c2c(Cl)cc(C(F)(F)F)cc2Cl)ccc1Cl,[ 0.27870047  0.6027631  -0.5605652  -0.32746398 -0.02634816]
NCCCCN,[ 0.02661725  0.8173743  -0.74246854 -0.7869618   0.02358786]
C=C(OP(=O)(OC)OC)P(=O)(OC)OC,[-0.03488189  0.915029   -1.          0.50690204 -0.3809191 ]
O=C(c1csc2c1CCCC2)N1CCCCC1,[ 0.13353977  0.92076653 -0.63704413 -0.7591864  -0.02439679]
CC(=O)C1OC1(C)C,[ 0.40315408  0.79849863 -0.7447392  -0.74504733  0.02167224]
O=C(CCl)OC1=C(OC(=O)CCl)C(=O)OC1=O,[ 0.12782033  0.9355545  -0.36188853 -1.          0.01767318]
C/C([O-])=C(\C#N)C(=O)Nc1ccc(C(F)(F)F)cc1,[ 0.51917493  0.34667656 -0.67993957 -0.8218922  -0.07644247]
COc1ccccc1NC(=O)CC(C)=O,[-0.7221611   1.         -0.8311476  -0.55842185  0.42414385]
COc1ccc(C(Oc2ccccc2)C2=NCCCN2)cc1,[ 0.19721219 -0.46069685  0.02711522 -0.5719557  -0.14918834]
CN(C)CCCC1c2ccccc2Nc2ccc(Cl)cc21,[-0.36554512  0.76525    -0.6863709  -0.77200544 -0.07653961]
Cc1c(OCC(F)(F)F)ccnc1CS(=O)c1nc2ccccc2[nH]1,[ 0.14817557  0.94381654 -0.7700376  -0.86697984 -0.39782697]
Nc1ccc(Cl)cc1,[ 0.46791068  0.69146556 -0.50567436 -0.8648285   0.240942  ]
CCCCOCCOC(C)=O,[ 0.6204432   0.93382496 -0.84582967 -0.5548547  -0.5144653 ]
CC(C)(O)c1ccccc1,[ 0.34207743  0.90462327 -0.8144996  -0.06506365 -0.07869864]
C=CS(=O)(=O)CCCCCC,[ 0.25137943  0.9032531   0.57069653 -0.67218155  0.03751422]
CCOP(=S)(Oc1cccc2cccnc12)c1ccccc1,[ 0.03813094  0.69272345 -0.91472286 -0.5878701   0.5631709 ]
COc1cc(-c2cc(=O)c3c(O)cc(O)cc3o2)cc(O)c1OC,[-0.01507582  0.91956115 -1.         -0.8468686  -0.41900614]
COCCNCc1ccc(Nc2ncc3cc(-c4ccncc4)ccc3n2)cc1,[-0.13045526  0.7805153  -0.599223   -0.6649226  -0.2973749 ]
ClCC1C(CCl)C2(Cl)C(Cl)=C(Cl)C1(Cl)C2(Cl)Cl,[ 0.37048435  0.74608463 -0.7503557  -0.5503157  -0.5828737 ]
Cn1cncc1CN(CCN(Cc1ccccc1)S(=O)(=O)c1ccccn1)c1ccc(C#N)cc1,[ 0.20536378 -0.06104667 -0.60032654 -0.63887674 -0.10761581]
ClC1=C(Cl)C(Cl)(C2(Cl)C(Cl)=C(Cl)C(Cl)=C2Cl)C(Cl)=C1Cl,[ 0.44793865  0.4049375  -1.         -0.78433543  0.78451973]
CC1(C)CC(NC2CC(C)(C)NC(C)(C)C2)CC(C)(C)N1,[ 0.39759848  0.8933862   0.10196486 -0.74100155 -0.20154554]
Cc1c(-c2c(C)c(N)c3c(C(C)C)c(O)c(O)c(C=O)c3c2O)c(O)c2c(C=O)c(O)c(O)c(C(C)C)c2c1N,[-0.14553699 -0.7343424  -0.5590681  -0.9927557   0.08265675]
C/C=C(/C)C(=O)O[C@H](c1cc2ccc(=O)oc2cc1OC)[C@H](O)C(C)(C)O,[ 0.15514323  0.7929058  -0.40243408 -0.772006    0.24612676]
Oc1c(O)c(-c2c(Cl)c(Cl)c(Cl)c(Cl)c2Cl)c(Cl)c(Cl)c1Cl,[ 0.44466266  0.79506534  0.9689861  -0.23406081 -0.30607325]
C[C@@H]1NC(=O)[C@H](C)N(C)C(=O)[C@@H](C)NC(=O)[C@H](C)N(C)C(=O)[C@@H](C)N(C)C(=O)[C@@H](C)NC1=O,[ 0.0839985   0.49913362 -0.74651545 -1.         -0.26513496]
C=CCSP(=O)(NC(=O)CC)OC,[-0.2373034   0.49253473 -0.5251115  -0.8073535  -0.08304476]
CCCCCCC(N)C(=O)N[C@@H](Cc1c(C)cc(O)cc1C)C(=O)N1CCC[C@@H]1C(=O)N[C@@H](Cc1c[nH]c2ccccc12)C(=O)N[C@@H](Cc1ccccc1)C(N)=O,[ 0.14204875  0.70218617 -0.3456393  -0.6733384  -0.3342097 ]
O=C1CC(N2C(=O)c3ccccc3C2=O)C(=O)N1,[-0.05773596  0.21727167 -0.32475734 -0.63872683 -0.05843318]
CC(C)c1cc(Oc2ccccc2)cc(C(C)C)c1NC(=S)NC(C)(C)C,[ 0.31148598  0.8538468  -0.7937119  -0.51804394  0.46839225]
CSCCNc1nc(SCCC(F)(F)F)nc2c1ncn2C1OC(COP(=O)([O-])OP(=O)([O-])C(Cl)(Cl)P(=O)([O-])[O-])C(O)C1O,[-0.25613627  0.8296139  -0.6551351  -0.19684324 -0.03558858]
NS(=O)(=O)c1cc2c(cc1Cl)NCNS2(=O)=O,[ 0.01210184  0.2086886  -0.26571298 -0.6535183   0.82718074]
COc1cc(N)c2c(c1N)C(=O)c1ccccc1C2=O,[ 0.1748525   0.50110835 -0.87581474 -0.7804898  -0.10443061]
COc1cc(OC)c(S(=O)(=O)N2c3ccccc3CCC2C)cc1NC(=O)CSCC(=O)O,[-0.0344696   0.82330567 -0.20358534 -0.7302942   0.30020198]
C[C@]12C[C@H](O)[C@H]3[C@@H](CCC4=CC(=O)CC[C@@]43C)[C@@H]1CC[C@]2(O)C(=O)CO,[ 0.6651348   0.96792954 -0.7243539  -0.5413657  -0.14645457]
CCCCCCN,[-0.4113955   0.96183914 -0.3289786  -0.5794893   0.2497975 ]
Cc1c(Sc2ccc(Cl)cc2)c2c(-c3ccccc3)cccc2n1CC(=O)O,[ 0.2875062   1.         -0.12100326 -0.6052411  -0.27064943]
CCOP(=O)(Cl)Cl,[ 0.47204962  0.8249126  -0.7964938  -0.76473856  0.0665769 ]
CC(=O)NCCCS(=O)(=O)[O-],[ 0.55207014  0.3551976  -0.4634733  -0.6629562  -0.03575124]
C1CSCCO1,[ 0.5825945   0.35829893 -0.70434046 -0.4199615  -0.36330077]
CCOP(=S)(OCC)SCC(=O)N(CCC#N)c1ccccc1,[ 0.31220227  1.         -0.9243473  -0.7599373  -0.11119494]
O=[N+]([O-])c1cc(Cl)c(N=Nc2ccc(N3CCS(=O)(=O)CC3)cc2)c(Cl)c1,[-0.23221125  0.33214366 -0.14691313 -0.501182   -0.30458263]
COc1cc2c(cc1OC)C1CC(=O)C(CCC#N)CN1CC2,[-0.06790473  0.90622026 -0.5245331  -0.7336982  -0.00557407]
O=[N+]([O-])c1cc(Cl)c2nc(C(F)(F)F)[nH]c2c1,[ 0.8695389   1.         -0.78948385 -1.         -0.04513368]
CCC1(CC)Oc2cccc(OC(=O)N(C)C(C)=O)c2O1,[ 0.5756828   0.74719864 -0.76675063 -0.7060228   0.66799885]
COc1cc(OC)c(S(=O)(=O)NCc2ccccc2N2CCCCC2)cc1NC(=O)CCC(=O)O,[ 0.54762024  0.56202906 -0.5698295  -0.5192395  -0.01100039]
Nc1cc(Cl)ccc1O,[ 0.38219717  0.55512273  0.22708833 -0.6515464  -0.16500483]
CC[C@H]1OC(=O)[C@H](C)[C@@H](O[C@H]2C[C@@](C)(OC)[C@@H](O)[C@H](C)O2)[C@H](C)[C@@H](O[C@@H]2O[C@H](C)C[C@H](N(C)C)[C@H]2O)[C@](C)(O)C[C@@H](C)C(=O)[C@H](C)[C@@H](O)[C@]1(C)O,[-0.531905    0.70735025 -0.8278386  -0.802189   -0.08423914]
CC(C(N)=O)(c1ccccc1)c1ccc(N)cc1,[ 0.36065963  0.7469184  -0.85603637 -0.84912604 -0.07861374]
O=C(O)CCC(=O)O,[ 0.1122876   0.77912956 -0.93950045 -0.557462    0.24398333]
CC(C)CCC(C)Nc1ccc(Nc2ccccc2)cc1,[-0.06102048  0.61660147 -0.8077315  -1.         -0.4189475 ]
C=CCN1CCC23CCCCC2C1Cc1ccc(O)cc13,[ 0.24148108  0.2690087  -0.55888796 -0.62581164 -0.220555  ]
CC(C)CCI,[ 0.43856394  0.89444065 -0.640093   -0.73722637 -0.09803918]
CCN(CCO)C(=O)c1oc2cccnc2c1-c1cccc(C(F)(F)F)c1,[ 0.06989106  0.50688505  0.0472194  -0.6883976   0.1086681 ]
Cc1cnc(NCCCN(C)C)c2c1[nH]c1ccc3cc(O)ccc3c12,[ 0.544386    0.83028936  0.19080643 -0.6530819   0.04040286]
CC1(C)CC2(NC(=O)N(CCCN3CCC(O)CC3)C2=O)c2cc(F)ccc2O1,[-0.5779611   0.7236482  -0.81419027 -0.4527278  -0.07872415]
CCOP(=O)(CC)SC,[ 0.5909599  -0.8522716  -0.4434944  -0.5697607  -0.06675658]
COP(=S)(Cl)OC,[ 0.37174922  0.8365048  -0.8783061  -0.6538826  -0.37361312]
CCCCCCCCCCCCCCCN,[ 0.0353339   0.8552966  -1.          0.47127175 -0.13982353]
Cc1ccc(S(=O)(=O)Nc2c(C(=O)NC3CCCCC3)c(C)nn2-c2ccccc2)cc1,[ 0.00330176  0.7730259  -0.8060839  -0.7123735  -0.05010268]
CCOP(=S)(OCC)SCSCc1ccccc1,[ 0.00529193  0.9488897  -0.74282885 -0.93553466  0.1477476 ]
Clc1ccc(N2N=NC3C4CC(C5N=NC45)C32)cc1,[ 0.13476507  0.807828   -0.6620296  -0.64478755 -0.38778058]
N#CC(c1ccccc1)c1ccccc1,[ 0.5809384   0.72214746 -0.7234152  -0.8665178  -0.15661849]
CSc1ccc(C(=O)c2[nH]c(=O)[nH]c2C)cc1,[ 0.45914346  0.92657894 -0.82727855 -0.65068054 -0.10687434]
Cc1ccccc1COC1CC2(C(C)C)CCC1(C)O2,[-0.22489841 -0.15061915 -1.         -0.57371056 -0.05423332]
O=C1C2CC3C1C1(Cl)C(Cl)C4(Cl)C2C3C1(Cl)C4(Cl)Cl,[ 0.6050777   0.80336714 -0.82176    -0.5789716  -0.11777162]
CC1=NN(c2ccccc2)C(=O)C1,[-0.5694038   0.89507806 -0.71393603 -0.73644567 -0.4093151 ]
CCCOC(=O)Cc1ccc(OCC(=O)N(CC)CC)c(OC)c1,[-0.67504907  0.91682774 -0.659933   -0.09008487  0.22920525]
COc1cc2ncnc(Nc3ccc(F)c(Cl)c3)c2cc1NC(=O)/C=C/CN1CCCCC1,[ 0.36066815  0.7774052  -0.70601857 -0.5735041  -0.4268354 ]
C(Oc1nc(OCC2CO2)nc(OCC2CO2)n1)C1CO1,[-0.20190395  0.7801091  -0.5395696  -0.80220884  0.03474985]
C=C(C)C(=O)OCCC[Si](OC)(OC)OC,[ 0.21250089  0.54596806 -0.8527923  -0.8418625   0.2344422 ]
CNC(=O)/C=C(/c1ccc2nc(N)n(S(=O)(=O)C(C)C)c2c1)c1ccccc1-c1cccc2ccccc12,[ 0.19563521  0.7663717  -0.85170484 -0.6837556  -0.26586217]
Nc1ccn([C@@H]2O[C@H](CO)[C@@H](O)C2(F)F)c(=O)n1,[ 0.36524478 -0.4345148  -0.4532479  -0.5741461  -0.31015077]
CCCCCCCC=CC=O,[ 0.26341432  1.         -0.9874099  -1.          0.16081692]
COP(=S)(OC)SCSCC=C(Cl)Cl,[ 0.29873836  0.36478317  0.2856365  -0.34098747  0.20243654]
Nc1ccc(F)c(F)c1F,[ 0.01952753  0.6293974  -0.27737135 -0.85130006  0.839925  ]
CC(=O)N1CCN(c2ccc(OC[C@H]3CO[C@](Cn4ccnc4)(c4ccc(Cl)cc4Cl)O3)cc2)CC1,[ 0.2839617   1.         -0.55051875 -0.5542028   0.1091082 ]
CCCS,[ 0.47238407  0.8774615  -0.99543506 -0.5349238  -0.09475581]
C=COCCOC,[ 0.25959966  0.8889973  -0.6986042  -0.10729147  0.5817153 ]
O=C(O)c1cccc(Cl)n1,[ 0.03087536  0.8621153  -0.40815836 -0.4574506  -0.34354946]
COc1cccc(OC)c1O,[-0.34216633  0.89943093 -0.9410115  -0.7433459  -0.47542408]
CN(C)S(=O)(=O)N(SC(F)(Cl)Cl)c1ccccc1,[ 0.24871366 -0.9981423  -0.7596541  -0.3126892   0.11034328]
N#Cc1ccc(F)c(-c2cc(C(F)(F)F)ccc2OCC(=O)O)c1,[ 0.57822025  0.5525989  -0.90341735 -0.13252318  0.06011289]
COP(=S)(OC)Oc1ccc(S(N)(=O)=O)cc1,[ 0.3216286   0.8849927  -1.         -0.7800468   0.35712036]
CO[Si](CCCn1c(=O)n(CCC[Si](OC)(OC)OC)c(=O)n(CCC[Si](OC)(OC)OC)c1=O)(OC)OC,[-0.13561268  0.59575796 -0.74648917  0.14464472  0.10135654]
c1ccc2[nH]c(-c3cscn3)nc2c1,[ 0.46756065  0.7716506  -0.73270816 -0.3090355   0.06850529]
CSC(C)=NOC(=O)N(C)SN(C)C(=O)Oc1ccc(OC(=O)N(C)SN(C)C(=O)ON=C(C)SC)cc1,[ 0.1451938   0.9184287  -0.9302396  -0.81836593 -0.32070187]
CBr,[-0.50607365  0.7929193  -0.9672113  -0.7642482  -0.23227438]
CNC(=O)c1[nH]cnc1C(=O)Nc1ccc(Cl)cc1,[-0.05140288  0.8189625  -0.62352896 -0.7360802  -0.41196588]
CCOP(=O)(NC(C)C)SCC(=O)NCOC,[ 0.6704175   0.6934298  -0.49865317 -0.5348866  -0.09937784]
C[NH2+]C(C)Cc1ccccc1,[ 0.01391212  0.723157   -0.88472176 -0.7486933   0.21227224]
ClCc1ccccc1,[ 0.3823924   1.         -0.34301695 -0.7283955   0.08300461]
CC1(C)C(=O)N(CO)C(=O)N1CO,"[ 4.2223054e-01  4.9411002e-01 -6.4756501e-01  4.4708431e-01
 -5.8554142e-04]"
CN(C)C(=O)Cl,[ 0.35344112  0.5355114  -0.61915255 -0.48900542  0.304484  ]
CNC(=O)ON=C(C)SCC(N)=O,[-0.15865244 -0.33421716  0.3167429  -0.7444117  -0.46082413]
CN(C)NC(=O)CCC(=O)O,[ 0.07085047  0.2985838  -0.7804286  -0.39845493 -0.28194416]
Cc1ccc([N+](=O)[O-])cc1,[ 0.42164862  0.58348644 -0.8490971  -0.6481311  -0.20827357]
CCC(=O)CC,[-0.24902357  0.7445987  -0.79657936 -0.72650546 -0.16817267]
CN1C(=O)CC(N2CCN(CCCN3c4ccccc4COc4ccc(CC(=O)O)cc43)CC2)N(C)C1=O,"[-1.9511852e-02  9.1689259e-01 -4.7055885e-01  4.2230022e-04
 -2.8291392e-01]"
COP(=S)(OC)SCC(=O)N1CCOCC1,[ 0.40724003  0.39069486 -0.8379362  -0.3161997   0.27610222]
CC(C)(C)CC(=O)Nc1c(F)cc(C(=O)Nc2nccs2)cc1F,[ 0.3236347   0.8979545   0.5958187  -0.39183265  0.11239023]
O=C1C(Cl)C(CCl)CN1c1cccc(C(F)(F)F)c1,[ 0.10280688  0.8282471  -0.94290686 -0.06710304  0.77613103]
FC1(F)CC(C2CC3(Cl)C(Cl)=C(Cl)C2(Cl)C3(Cl)Cl)C1(F)F,[ 0.56950444  0.6607903  -1.         -0.5515567   0.10681043]
O=C([O-])CCCc1ccc(N(CCCl)CCCl)cc1,[ 0.07849777  0.87747556 -0.5490657  -0.68283117 -0.27916718]
O=c1c(Cl)c(Cl)cnn1-c1ccccc1,[ 0.07687144  0.90311724 -0.4354211  -0.3872789  -0.06953318]
C[C@@H]1O[C@@H](O[C@H]2[C@H](Oc3cc(O)c4c(c3)O[C@H](c3ccc(O)cc3)CC4=O)O[C@H](CO)[C@@H](O)[C@@H]2O)[C@H](O)[C@H](O)[C@H]1O,[ 0.6657223   0.929842   -0.79974437 -0.22630979  0.32611638]
CC(C)(C(=O)O)S(C)(=O)=O,[ 0.31156614  0.6644112  -0.56922436  0.42063415  0.09608157]
CCC(CC)C(=O)OCCOCCOCCOC(=O)C(CC)CC,[ 0.30909437  0.2910346  -0.4371152   0.3026085   0.17402242]
CC(C)CNC(=O)NS(=O)(=O)c1ccc(Cl)cc1,[-0.18349908  0.71027684 -0.78791636 -0.43845102  0.17289087]
CC(C)(C)NC(=O)NCCN1CCCC(NC(=O)c2cc(Cl)cc(Cl)c2)C1,[ 0.19189979  0.49429807 -0.44217125 -0.5613304   0.6054639 ]
C=CCc1cc(OC)c(OC(C)Cc2cc(OC)c(OC)c(OC)c2)c(OC)c1,[ 0.084054    1.         -0.7176415  -0.49432397 -0.19444865]
CC1CCCCOC1=O,[ 0.63418615 -0.39843985 -0.27358887 -0.7516186  -0.3000845 ]
CCCCCCOC(=O)C(O)c1ccccc1,[ 0.32009715  0.66002065 -0.65776664 -0.8858462  -0.28364718]
CCCOCCN(C(=O)CCl)c1c(CC)cccc1CC,[ 0.37635633  0.4032613  -0.6636849  -0.41772133  0.36567122]
Cc1cc(=O)n(CSP(=S)(OC(C)C)OC(C)C)nc1Cl,[-0.13448922  0.6470448  -0.8484079  -0.79518545  0.0522142 ]
O=C(CN1CCNCC1)NN=Cc1ccc([N+](=O)[O-])o1,[ 0.19432472 -0.42256755 -1.         -0.830634    0.14390515]
Cc1ccc(N=C=O)cc1N=C=O,[-0.23392062  0.6962586  -0.6710324  -0.90078175 -0.32662845]
COC(=O)C1=C(C)NC(C)=C(C(=O)OCCN(C)Cc2ccccc2)C1c1cccc(N(O)O)c1,[-0.10777439  0.8334265  -0.55338544 -0.88538647 -0.3463847 ]
O=c1cc(-c2ccc(O)cc2)oc2cc([O-])c(C3OC(CO)C(O)C(O)C3O)c(O)c12,[ 0.46275714  0.8123022  -0.5302226  -0.10256453  0.25898784]
C1CN1P1(N2CC2)=NP(N2CC2)(N2CC2)=NP(N2CC2)(N2CC2)=N1,[ 0.300671   -0.6232431  -0.6114279  -0.80923283  0.6112769 ]
CCC1OC(=O)C(C)C(=O)C(C)C(OC2OC(C)CC([NH+](C)C)C2O)C(C)(OC)CC(C)C(=O)C(C)C2N(CCCCn3cnc(-c4cccnc4)c3)C(=O)OC12C,[-0.8372243   0.89277136 -0.31029043 -0.8160603   0.2404133 ]
O=c1[nH]c2c(O)ccc([C@@H](O)CNCCSCCCNCCc3cccc(Cl)c3Cl)c2s1,[ 0.41497758  0.75685173 -0.63918835  0.35655665 -0.16695508]
COP(=S)(OC)SCc1nnc(SC)s1,[ 0.12798491  0.6962616  -0.36107987 -0.5272911   0.4659972 ]
CC[C@@]1(O)C(=O)OCc2c1cc1n(c2=O)Cc2cc3c(CN(C)C)c(O)ccc3nc2-1,[ 0.23750702  0.8458675  -0.7190461  -0.7026288  -0.36303928]
COc1ccc([N+](=O)[O-])cc1N,[-0.2284661   0.77060735 -0.37821475 -0.56814796 -0.05977478]
CC(c1ccccn1)c1c(CC[NH+](C)[14CH3])sc2ccccc12,[-0.4032988   0.6440979   0.92203015 -0.17646232  0.1357302 ]
O=[N+]([O-])c1ccccc1Cl,[ 0.07883047  0.81261945 -0.8281881  -0.54870564  0.3757044 ]
CCON=C(CC)C1=C(O)CC(c2c(C)cc(C)cc2C)CC1=O,[ 0.13761796  0.8497396  -0.6855301  -0.5106267   0.7227498 ]
O=C(COc1ccc(Cc2ccc(Cl)cc2)cc1)OCc1cccnc1,[-0.19737305  0.7944384  -0.78114927 -0.7852918  -0.2572129 ]
CC(C)=CC1C(C(=O)OC(C#N)c2cccc(Oc3ccccc3)c2)C1(C)C,[ 0.10142346  0.53949726 -0.83638734 -0.39952075  0.5509029 ]
O=[N+]([O-])c1ccc(C=NNC(=S)N2CCCC2)o1,[-0.12805226  0.8940218  -0.73489636 -0.61664075 -0.21607374]
COCCOP(=O)(OCCOC)OCCOC,[-0.41127783  0.8529713  -0.54543686 -0.93138874 -0.24211432]
NC(=O)Nc1cccc2c3c([nH]c12)CCCC3,[ 0.52601624  0.38203493 -0.8272657  -0.10210053 -0.16788952]
CC(C(O)c1ccc(O)cc1)[NH+]1CCC(O)(c2ccccc2)CC1,[-0.04407657  0.3705215  -0.7167726  -0.7038281  -0.30187193]
C/C=C/CC(C)C(O)C1C(=O)NC(CC)C(=O)N(C)CC(=O)N(C)C(CC(C)C)C(=O)NC(C(C)C)C(=O)N(C)C(CC(C)C)C(=O)NC(C)C(=O)NC(C)C(=O)N(C)C(CC(C)C)C(=O)N(C)C(CC(C)C)C(=O)N(C)C(C(C)C)C(=O)N1C,[-0.05733421  0.8352348  -0.70469415 -0.94063115 -0.16355744]
O=[N+]([O-])OC1COC2C(O)COC12,[-0.22553715  0.8103839  -0.89288086 -0.90450263 -0.22364298]
CCc1nn(C2CCCC2)c2c1CCn1c(-c3cccs3)nnc1-2,[-0.18967278  0.8232087  -0.9327402  -0.8502031   0.90486777]
Cc1c(C(C)C)c(=O)n(-c2ccccc2)n1C,[ 0.40178835  0.89663434 -0.48601344 -0.5032466   0.63029516]
CN(CC=CC#CC(C)(C)C)Cc1cccc2ccccc12,[ 0.12906311  0.95318556 -0.87819445 -0.69962496 -0.06120695]
ClCC(Cl)Cl,[ 0.19564123  0.5386162  -0.9257575  -0.6772542  -0.14371847]
Cc1cc(Nc2nc(N[C@@H](C)c3ccc(F)cn3)c(C#N)cc2F)n[nH]1,[ 0.67662346  0.51801723 -1.         -0.56377167  0.55702764]
CCCCCCCCCCCCNC(N)=S,[-0.3278938   0.9427742  -0.9298977  -0.13743791 -0.28758335]
COc1cc(C(=O)NC2CCCNC2)cc(OC)c1OC,[-0.40489691  0.79769844 -0.14705597 -0.796134    0.7021853 ]
C=C(OP(=O)(OC)OC)c1ccc(Cl)cc1Cl,[ 0.30599254  0.8605124  -0.83307153 -0.73316276  0.27136853]
S=C1NCCNC(=S)S1,[ 0.1872499   0.46449682 -0.6811243  -0.6693502  -0.4739044 ]
COP(=S)(OC)SC(CBr)N1C(=O)c2ccccc2C1=O,[ 0.04996582  0.9906078   0.34102634 -0.5755511   0.20233084]
Cc1c(Sc2ccc(Cl)cc2)c2c(S(C)(=O)=O)cccc2n1CC(=O)O,[-0.35885674  0.81150717 -0.83070683 -0.70017153 -0.3963051 ]
CC1(C)SC2C(NC(=O)C(C(=O)[O-])c3ccsc3)C(=O)N2C1C(=O)[O-],[ 0.55095834  0.8224386  -0.7625271  -0.07653984  0.26353168]
CC(=O)NC(CS)C(=O)[O-],[ 0.13286678  0.5710856  -0.47150975 -0.7544669  -0.16086096]
Cc1cc(-n2c(C)nc3ccccc3c2=O)n(-c2ccccc2)n1,[ 0.24224015  0.6583075  -0.32461724 -0.59515345 -0.35617626]
Cc1cc(C)c(N)c(C)c1,[ 0.40143535 -0.32101607 -0.68432844 -0.53273773  0.1624042 ]
COc1cc2c(cc1OC)C(CCc1ccc(Cl)cc1)N(C)CC2,[ 0.43650693  0.8156488   0.44355264 -0.62769735 -0.32419994]
N=C(Nc1c([N+](=O)[O-])cnc2ccccc12)N1CCOCC1,[-0.23877218  0.72472024 -0.79208595 -0.9297357   0.1956397 ]
C[C@@H]1O[C@@H](O[C@@H]2[C@@H](O)[C@H](OCCc3ccc(O)c(O)c3)O[C@H](CO[C@@H]3O[C@H](CO)[C@@H](O)[C@H](O)[C@H]3O)[C@H]2OC(=O)/C=C/c2ccc(O)c(O)c2)[C@H](O)[C@H](O)[C@H]1O,[ 0.16466711  1.         -0.85467017 -0.5124558  -0.40841305]
OC[C@@H]1CC[C@H](n2cnc3c(O)ncnc32)O1,[ 0.2928689   0.84582436  0.19229205 -0.3492315  -0.2980925 ]
CS(=O)(=O)c1nc(-c2ccc(F)cc2)n(-c2ccc(Cl)cc2)n1,[ 0.01906247  0.829532   -0.7975812  -0.7803216  -0.19877377]
CC(C)(C)c1cc([N+](=O)[O-])cc([N+](=O)[O-])c1O,[ 0.32032827  0.47191167 -0.80375993 -0.7058812  -0.35095853]
CN(SSC(C)(C)C)C(=O)ON=C1SCCS1,[ 0.3329085   1.         -0.90201336  0.02951055  0.23977298]
O=[N+]([O-])c1cc(C2CCCCC2)c(O)c([N+](=O)[O-])c1,[ 0.3023241   0.3520277  -0.3433864  -0.48333374  0.08819211]
CC1(C)C(C=C(Cl)Cl)C1C(=O)OCc1c(F)c(F)c(F)c(F)c1F,[ 0.13404919  0.81220305 -0.99782985 -0.7883235   0.05466902]
COC(=O)c1ccccc1,[ 0.37096643  0.7583173  -0.6543663  -0.62022895 -0.0462309 ]
ClCC1CO1,[ 0.47203976  0.67848134 -0.67852944 -0.96590763 -0.19662715]
CC[C@H]1CN(Cc2cc(Cl)ccc2OCC(=O)O)CCN1S(=O)(=O)c1ccccc1,[ 0.35894844  0.52681106 -0.811711   -0.6713321   0.00881166]
CC(C)Oc1ccc2c(=O)c(-c3ccccc3)coc2c1,[-0.20429608  0.9372461  -0.7453708  -0.5148677  -0.06315619]
COC(=O)c1cc([N+](=O)[O-])ccc1Cl,[ 0.03842705  0.8141239  -0.4705549  -0.8555025  -0.19658068]
Cc1ncsc1C(=O)N(Cc1cc(=O)[nH]c2c(F)cccc12)c1cccc(Cl)c1,[ 0.1741853   0.9457459  -0.8265016  -0.6827759  -0.16124026]
Cc1cc(Cl)ccc1OCCCC(=O)O,[ 0.25365078  0.8605095  -0.983336   -1.         -0.13221659]
CC[C@H]1NC(=O)[C@@H](NC(=O)c2ncccc2O)[C@@H](C)OC(=O)[C@H](c2ccccc2)NC(=O)[C@@H]2CC(=O)[C@H](CS[C@@H]3CN4CCC3CC4)CN2C(=O)[C@H](Cc2ccc(N(C)C)cc2)N(C)C(=O)[C@@H]2CCCN2C1=O,[-0.02014676 -0.8521949  -0.6435419  -0.60940766  0.0947738 ]
CC(O)COC(C)CP(CC(C)OCC(C)O)CC(C)OCC(C)O,[-0.2816322   0.738161   -0.735235   -0.82717437 -0.43955472]
CCCCCCCCc1ccccc1O,[ 0.24798816 -0.18067086 -0.67181665 -0.40409333  0.11174035]
O=c1[nH]c(=O)c2ccccc2o1,[ 0.23945063  1.         -0.8511974  -0.6853481  -0.2595055 ]
Cc1cc(Nc2cncc(N[C@@H](C)c3ccc(F)cn3)n2)n[nH]1,[ 0.0579422  -0.61645746 -0.90836257 -0.35190085  0.18476094]
C[C@@H](O)[C@H]1C(=O)N2C(C(=O)O)=C(SCCNC=N)C[C@H]12,[ 0.2370304  -0.29101175 -0.08417431 -0.98627836 -0.30113944]
CC=CC(C)=O,[ 0.31750396  0.9771931  -0.7534098  -0.77913326  0.19600596]
O=C1NC(=O)C(c2ccccc2)(c2ccccc2)C(=O)N1,[ 0.5548454   0.36900476 -0.82596904 -0.76580757 -0.03372084]
CCOP(=S)(OCC)OC(=CCl)c1ccc(Cl)cc1Cl,[-0.49273807 -0.44787583 -0.5308926   0.13869128 -0.2718317 ]
N#CCCCCC#N,[-0.01518324  0.8134014  -0.9493414  -0.7450723  -0.3038173 ]
O=C(O)CCC(=O)c1ccc(-c2ccccc2)cc1,[ 0.09375779  0.6139724  -0.46507475  0.46236363 -0.0362537 ]
CN(C)C1CC(c2ccccc2)c2ccccc21,[ 0.37907228  0.87842304 -0.9826503  -0.84470683 -0.37261492]
Cc1nn(C)c(Oc2ccccc2)c1C=NOCc1ccc(C(=O)OC(C)(C)C)cc1,[-0.07242601 -0.3700726   0.60873103 -0.57204205 -0.26618198]
COc1ccc2ccc(=O)n(CCN3CCC(NCc4cc5c(cn4)OCCO5)CC3)c2n1,[ 0.06897582  0.48529488 -0.6991461  -0.72800624 -0.10356298]
CC(=O)N(C)C,[ 0.12780868  0.74446875 -0.88416314 -0.5412887   0.18130471]
CC(C)=CCCC(C)=CCCC(=CCCC(C)=CCO)CO,[ 0.08463169  0.7131284  -0.71852005 -0.7257195  -0.51031905]
NCCCNCCSP(=O)(O)O,[ 0.513165    0.02921286 -1.         -0.94778484 -0.18299991]
FCOC(C(F)(F)F)C(F)(F)F,[-0.03326946  0.31767657 -1.         -0.1598355   0.64020205]
CCN1C(=O)NC(c2ccccc2)C1=O,[-0.18147098  0.41088313  0.08472491 -0.4733458   0.83029425]
CC1CCCCC1NC(=O)Nc1ccccc1,[ 0.38962567  0.542878   -0.6256069  -0.6673162  -0.3484658 ]
Cc1ccc(N2CC(COc3ccc(-c4noc(C)n4)cc3)C2)nn1,[-0.2250287   0.5280353  -0.6039883  -0.7973882  -0.02431188]
CCN(Cc1cc(C(F)(F)F)ccc1-c1cc(CC(=O)O)ccc1OC)C(=O)NCc1ccccc1,[-0.07723227  0.8017426  -0.7872061  -0.04492902 -0.16554242]
Cc1cc(C)c(C)cc1C,[ 0.44845665  0.3841202   0.04681159 -1.          0.23100962]
C=CCOC(=O)CCCCC,[ 0.25274232  0.79059255 -0.47727877  0.695072    0.53877985]
C=C(C)C(=O)OC=C(C)C,[ 0.50393224 -0.926494   -0.7156543  -0.5485766  -0.17495845]
OCCOCCN1CCN(C(c2ccccc2)c2ccccc2)CC1,[ 0.0563783   0.52293557 -0.7265172  -0.7834518  -0.05404688]
CCCSP(=S)(OC)SCCC,[ 0.45173264  0.85346377 -1.         -0.522167   -0.02822972]
C#CC(C)(C)O,[ 0.5225705   0.72166073 -0.92544276 -0.30356374 -0.41547474]
CCc1c2c(nc3ccc(O)cc13)-c1cc3c(c(=O)n1C2)COC(=O)[C@]3(O)CC,[ 0.03087641  0.9753955  -0.9061253  -0.6976115  -0.09375878]
COP(=S)(OC)Oc1ccc(C#N)cc1C,[-0.4094164   0.8987747  -0.80291456 -0.680668   -0.40819716]
CC(C)[C@H](C(=O)Nc1nccs1)c1ccc(Cl)cc1,[ 0.0340914  1.        -0.8552734 -0.6216618  0.2880092]
CC(C)NCC(O)COc1cccc2ccccc12,[ 0.05181796  0.62888604 -0.7631514  -0.7055794  -0.35910922]
CC=Cc1ccc(OCc2ccccc2)c(OC)c1,[ 0.41806972  0.64341664 -0.7931595  -0.57694215 -0.5424609 ]
CCOP(=O)(OCC)OC(=C(Cl)Br)c1ccc(Cl)cc1Cl,[-0.14377755  0.40770254 -0.749483   -0.503618   -0.4318023 ]
O=C(NCCNCC(O)COc1ccc(O)cc1)N1CCOCC1,[ 0.0759628   0.25585002 -0.89541584 -0.92429847 -0.40817952]
O=CC1=CCCCC1,[ 0.06954149  0.7871963  -0.52417403 -0.17227365  0.40649733]
Cc1cccc(C)c1NC(=O)C1CCCC[NH+]1C,[ 0.38609254  0.87054807 -0.8356431  -0.6836907   0.6268797 ]
CCC(O)CO,[-0.07894651  0.6683168  -0.77933204 -0.46332437 -0.16105026]
O=C(O)CC(CC1CCN(C(=O)CCc2ccc3c(n2)NCCC3)CC1)C1CNc2ccccc2C1,[ 0.545041    0.8134149   0.5757405  -0.56628615  0.12112188]
C[C@@H]1O[C@@H](O[C@H]2[C@@H](O)C[C@H](O[C@H]3C[C@](O)(C(=O)CO)Cc4c(O)c5c(c(O)c43)C(=O)c3ccccc3C5=O)O[C@H]2C)C[C@H](N)[C@@H]1O,[ 0.28414276  0.32300743  0.11076512 -0.46923837 -0.34317967]
C=C(CC(=O)c1ccc(-c2ccccc2Cl)cc1)C(=O)O,[ 0.33963186  0.7156035  -0.9323657  -0.54273957  0.3712975 ]
CC(C)CON=O,[ 0.53610295  0.51304066 -0.08739779 -0.8419822  -0.16910237]
CCN(CC)c1ccc(-c2nc(=O)n(C)nc2-c2ccc(N(CC)CC)cc2)cc1,[-0.22452351 -0.09714856 -0.5539715   0.37984824  0.49026558]
CC(C)NC(=O)c1cnc(N2CCC(N3C(=O)OCc4ccccc43)CC2)c(Cl)c1,[-0.087885    0.9102306  -0.8226244  -0.56734335  0.32556546]
O=C(CCCN1CCC(O)(c2cccc(C(F)(F)F)c2)CC1)c1ccc(F)cc1,[-0.01583579  0.5388767  -0.81366754 -0.5461462  -0.04231056]
Cc1ccc(S(=O)(=O)Nc2c(C(=O)N[C@@H](C)C(C)(C)C)c(C)nn2C(C)C)cc1,[-0.10202121  0.92892176 -0.847309   -0.91982096 -0.01289675]
C=CCc1cc(OC)c2c(c1)OCO2,[ 0.42692336  0.7814795  -0.97963417 -0.85532725 -0.19636293]
C[N+](C)(C)[NH2+]CCC(=O)[O-],[ 0.06427522  0.9276304  -0.5868076  -1.          0.84680885]
CC(C)(C)c1ccc2c(c1)C(C)(C)CC2,[-0.39388314  0.6675816  -0.6153605   0.21442008  0.067205  ]
C=C(C)CN(CC)c1c([N+](=O)[O-])cc(C(F)(F)F)cc1[N+](=O)[O-],[ 0.38290632  0.34850332 -0.0914828   0.60721886  0.38815296]
COC(C)COC(C)COC(C)CO,[ 0.5592839   0.411345   -0.70213026 -0.4112958   0.18016092]
O=C(O)COc1ccccc1,[ 0.24083386  0.9020845  -1.         -0.6067692  -0.15371442]
O=c1cc(Cn2c(C3CCC3)nc3nccnc32)c2ccc(F)c(F)c2[nH]1,[-0.32864276  0.7973036  -0.07179205 -0.21955249 -0.1923835 ]
ClCC(Cl)=C(Cl)Cl,[ 0.39915985  0.5524118  -0.8791008  -0.5720766  -0.1916346 ]
O=C(Oc1ccccc1)c1ccccc1C(=O)Oc1ccccc1,[ 0.2945751   0.28617996 -0.91743904 -0.5909894  -0.05662668]
C[NH+](C)CCC(c1ccc(Cl)cc1)c1ccccn1,[ 0.46569368  0.8868364  -0.6075714  -0.9930977   0.09493499]
C=CC(=O)OCC(=O)OCC,[-0.4209545   0.7384328  -0.70672256 -0.5923692  -0.08194175]
C[NH+](CCOc1ccc(NS(C)(=O)=O)cc1)CCc1ccc(NS(C)(=O)=O)cc1,[ 0.2632491   0.838944    0.11744788 -0.58963686 -0.33633685]
C=CN(CC)C(C)=O,[-0.2456445   0.8551058  -0.70071536 -1.          0.82895815]
CCCCC(CC)(C(=O)OCC)C(=O)OCCN(CC)CC,[ 0.15031171  0.8319409  -0.85232854 -1.          0.27829432]
Cc1c(Cl)c([N+](=O)[O-])c2[nH]c(C(F)(F)F)nc2c1[N+](=O)[O-],[ 0.14275028  0.54947567 -0.3320316  -0.9917103   0.00317545]
NCC(O)CO,[ 0.22889753  1.         -0.7098348  -0.54889166 -0.3162488 ]
COc1ccc(-c2nc3c(NCCCNC(C)=O)c(Br)cnc3[nH]2)cc1,[ 0.01411791  0.8744196  -0.7082756  -0.54101753 -0.19401494]
CCc1nc(N)nc(N)c1-c1ccccc1,[ 0.3065295   0.2717106  -0.8108083  -0.82136697 -0.05512428]
O=S(=O)(O)c1ccc2cc(Nc3cccc4c(O)c(S(=O)(=O)O)ccc34)ccc2c1O,[ 0.2843928  -0.96544075 -0.7565879  -0.30486947  0.08143579]
COc1ccc(NC(=O)c2ccnc(N)n2)cc1,[ 0.03829439  0.80688167 -0.85125303 -0.81253695  0.2619448 ]
CCC(C(=O)O)c1ccc(CC(C)C)cc1,[-0.03792338  0.67180127 -0.6536768  -0.91549146  0.19052783]
COc1cccc2c1cc([N+](=O)[O-])c1c(C(=O)O)cc3c(c12)OCO3,[-0.12693039  0.6358072  -0.87833416 -0.58990383 -0.58409333]
O=C(O)COc1ccc(Cl)cc1CN1CCN(S(=O)(=O)Cc2ccccc2)CC1,[ 0.17509831  0.85010767 -0.49507847 -0.75952953 -0.5970861 ]
CN(c1ccc(F)cc1F)c1c([N+](=O)[O-])cc([N+](=O)[O-])cc1C(F)(F)F,[ 0.22397812  0.5120436  -0.2488803  -0.10253594  0.00345174]
C=C(C)C(=O)OCCOC(=O)C(=C)C,[-0.03074626  0.5609035  -0.16470046 -0.36272323  0.25074714]
CCOC(=O)CCC1(CCC(=O)OCC)c2ccccc2-c2ccccc21,[ 0.18003333  0.88948923 -0.9146786  -0.64642286 -0.4267842 ]
Nc1ccc(Cl)cc1Cl,[ 0.34157547  0.8849658  -0.88236445 -0.8856804  -0.26556095]
Cc1cc(OC(=O)N(C)C)n(-c2ccccc2)n1,[-0.3993241   0.8476402  -0.7933144  -0.7169158  -0.19044858]
CN(C)Cc1cc(CN(C)C)c(O)c(CN(C)C)c1,[ 0.33237523  0.8878465  -0.72161037 -0.24602637 -0.08139762]
Cc1cn([C@H]2CCCN(S(=O)(=O)c3ccc(C(N)=O)c(Oc4cccc(Cl)c4)c3)C2)c(=O)[nH]c1=O,[-0.06077583  0.83007294 -0.9466624  -0.792294   -0.11708614]
CC1[NH2+]Cc2cc(-c3ccc4c(=O)c(C(=O)[O-])cn(C5CC5)c4c3OC(F)F)ccc21,[ 0.04697573  0.9821711  -0.7341216  -0.7552401  -0.17903346]
CCN1CN(CO)C(=O)N(CO)C1,[ 0.76595277  0.22225134 -0.35485876 -0.8913333  -0.42279658]
c1ccc2c(c1)CC(N1CCN(c3cccc4c3OCCO4)CC1)C2,[-0.21545656  0.8601916  -0.5728944  -0.73125845 -0.19748151]
Cc1cnc(C)c(C)n1,[ 0.3863498   0.724642   -0.6404489  -0.45778424 -0.13658254]
CN(C)N(C)N=O,[-0.2091951   0.76274043 -0.8736327  -0.96261716  0.64466184]
CN(C)c1ccc(N=Nc2ccccc2)cc1,[ 0.2554315   0.865399   -0.6427538  -0.77487344  0.45050332]
CNNC,[ 0.5174251   0.14471734 -0.81101483 -0.5873284  -0.3500822 ]
CN1c2ccccc2C(NCCCCCCC(=O)[O-])c2ccc(Cl)cc2S1(=O)=O,[-0.66270816  0.8511289  -0.41529778 -0.669673   -0.25663823]
ClCc1cccc2ccccc12,[ 0.22356237  0.8319376  -0.79964346 -0.6187877   0.1271252 ]
CCNC(=O)CSP(=S)(OC)OC,[ 0.4592798   0.8809963  -0.68262726 -1.         -0.14685273]
Cc1cc(Nc2nc(N[C@@H](C)c3ccc(F)cc3)ncc2Cl)n[nH]1,[ 0.46403155  0.5372281  -0.5874991  -0.8217179  -0.56788576]
CNC(=O)c1c(I)c(NC(C)=O)c(I)c(C(=O)[O-])c1I,[ 0.3595291   0.8819221  -0.49666682 -0.8022114  -0.4713294 ]
CCNc1nc(NC(C)C(C)C)nc(SC)n1,[ 0.5961761   0.7300743  -1.         -0.72275     0.27862763]
CC(C)(C)OC(=O)N1CCN(c2ncc(OCc3ccncc3)cn2)CC1,[-0.09535092  0.90640426 -0.441316   -0.5253689  -0.22259896]
CCCC(=O)c1ccc(N)cc1,[ 0.4614651   0.6540578  -0.88696885 -0.8766288  -0.3695531 ]
CC(O)C1C(=O)N2C(C(=O)[O-])=C(SC3CCS(=O)C3)SC12,[-0.11690618  0.6560329  -0.76619506 -0.8113791   0.06859143]
O=C(c1ccc(Cl)cc1)c1ccccc1-c1ncc[nH]1,[-0.10068884  0.9369472  -0.5606454  -0.67064744  0.39467227]
CC(C)N(C(=O)SCC(Cl)=C(Cl)Cl)C(C)C,[ 0.5977552   0.92003995 -0.5118444   0.81932175 -0.22086388]
N#CCc1ccccc1,[ 0.10877407  0.7562524  -0.37963498 -0.7313747  -0.21804167]
C=CCn1c(N)cc(=O)n(CC)c1=O,[ 0.1566105   0.28409258 -0.4531633  -0.7966269   0.20059702]
O=[N+]([O-])c1ccc(Nc2ccccc2)c(S(=O)(=O)O)c1,[ 0.43178803  0.14931768 -0.520071   -0.6075981   0.11576525]
C=CCNC(=O)C(=O)C(CCC)NC(=O)C1CC2CN1C(=O)C(C1CCCCC1)NC(=O)Cc1cccc(c1)OCCC(C)(C)O2,[ 0.26208943  0.76527214 -0.9639472  -0.92239803 -0.14903921]
CC(C)NCC(O)COc1ccc(COCCOC(C)C)cc1,[-0.27262184  0.83096635 -0.64535433 -0.6297395  -0.2298318 ]
O=C(O)c1ccccc1C(=O)Nc1cccc2ccccc12,[-0.5525886   0.81043667 -0.6838773  -0.72524226 -0.3001935 ]
Nc1nc2ccc(OC(F)(F)F)cc2s1,[-0.3248615  -0.90968573 -0.60001457  0.13657896 -0.1403713 ]
C=CC[N+]1([C@H]2C[C@H]3[C@@H]4CC[C@H]5C[C@H](O)[C@@H](N6CCOCC6)C[C@]5(C)[C@H]4CC[C@]3(C)[C@H]2OC(C)=O)CCCC1,[ 0.19099304  0.9205696  -1.         -0.96455437 -0.09152355]
CCCCCCCCCCOc1c(OC)cc(C(N)=O)cc1OC,[ 0.2825668   0.47597817 -0.50292486 -0.06489575 -0.3404421 ]
Oc1ccc2c(c1)CCC2,[ 0.09975757  0.8367027  -0.7444893  -0.6839404   0.02612542]
Fc1ccc(Br)cc1,[-0.48292357  0.7778788  -0.80033284 -0.60866725 -0.02271373]
C=C(Cl)C#N,[ 0.45626464  0.7258477  -0.90058064 -0.37052608  0.09199983]
CCN1C(=O)C=CC1=O,[ 0.31954077  0.62940794 -0.98675054 -0.46500763 -0.2592231 ]
Cc1ccc(Nc2ccc(Nc3ccc(C)cc3)c3c2C(=O)c2ccccc2C3=O)cc1,[ 0.13866405 -0.26692632 -0.91068715 -1.         -0.03673086]
CN(C)c1ccc(C(O)(c2ccc(N(C)C)cc2)c2ccc(N(C)C)cc2)cc1,[ 0.279014    0.9017336  -0.82573    -0.40627003 -0.02586886]
COCC(=O)O[C@]1(CCN(C)CCCc2nc3ccccc3[nH]2)CCc2cc(F)ccc2[C@@H]1C(C)C,[0.03629622 0.8394466  0.30370745 0.35275483 0.41552255]
Cc1cccc(C)c1O,[ 0.22211252 -0.22865826 -0.56710017 -1.         -0.57918525]
Cc1onc2c(=O)n(C)nc(-c3ccccc3)c12,[ 0.21125706  1.         -0.87079924 -0.5743772  -0.0661293 ]
O=C1c2cccc(S(=O)(=O)O)c2C(=O)c2c1cccc2S(=O)(=O)O,[ 0.20235074  0.7390209  -0.8089877  -0.82819647  0.13538957]
Nc1cc2c(S(=O)(=O)O)cc(S(=O)(=O)O)cc2cc1S(=O)(=O)O,[ 0.49840435  0.98384476 -0.7881431  -0.63914007 -0.14961472]
CCN(CCO)c1cccc(C)c1,[ 0.21610667  0.7200151  -0.7493641  -0.575777    0.00435596]
COP(=S)(OC)SC1CSC=CO1,[-0.53268576  0.81538486 -1.         -0.70312005  0.06294728]
CCOP(=O)(O)O,[ 0.10203995 -0.26219958 -0.56903505 -0.5963617  -0.30113208]
CCC[C@@H](c1ccc(C(=O)O)c(Oc2cccc(Cl)c2)c1)N1CCC[C@H](n2cc(C)c(=O)[nH]c2=O)C1,[ 0.24421726  0.85256433 -0.9367866  -0.3885726   0.56885564]
CCCNC(=O)[N-]S(=O)(=O)c1ccc(Cl)cc1,[ 0.3013429   0.3997326  -0.78314006  0.292856    0.96959066]
CCC(=O)OC1CCC2C3CCC4=CC(=O)CCC4(C)C3CCC12C,[ 0.23634957  0.8286584  -0.8207605  -0.7080942   0.9037425 ]
O=P([O-])([O-])C(O)(Cn1ccnc1)P(=O)([O-])O,[-0.85259384  0.77702    -0.43751347 -0.30396354  0.20924665]
CCOC(=O)C(CCc1ccccc1)NC1CCc2ccccc2N(CC(=O)O)C1=O,[-0.4080334   0.598819   -1.         -0.5399712  -0.65184957]
CNC(=O)Oc1ccc(CCC#N)cc1,[ 0.3198651   0.8432348  -0.8209079  -0.68786395 -0.00857921]
CCCCCCCCCCOC(=O)Cc1ccc(N(CCCl)CCCl)cc1,[-0.0640153  -0.41272527 -0.76291126  0.09442706  0.20792145]
CC(=Cc1ccccc1)CC(=O)N1CCOCC1,[-0.59891576  0.8366902  -0.6495618  -0.52111787 -0.14431411]
N=C(N)N[N+](=O)[O-],[-0.04437283  1.         -0.94533485 -0.94552517  0.59676725]
Clc1nc(Cl)nc(Cl)n1,[-0.17987743  0.0987936  -0.6436713  -0.58680487  0.5012887 ]
CN(C)CCC=C1c2ccccc2CCc2ccccc21,[ 0.15561374  0.69761854 -0.2485589  -0.32873073  0.33686757]
NCCCC[C@H](N[C@@H](CCc1ccccc1)C(=O)O)C(=O)N1CCC[C@@H]1C(=O)O,[-0.2973773   0.7050246  -0.8635376  -0.78148323 -0.26160866]
O=C(O)CCC(=O)OC1CCCCC1,[-0.10555968  0.5076427  -0.5607961  -0.2994575  -0.326609  ]
CCC(C(=O)O)C1(O)CCCCC1,[-0.07783084 -0.0526046  -0.6203073  -0.6031769  -0.17806366]
N#CC1CC2CC2N1C(=O)C(N)C12CC3CC(CC(O)(C3)C1)C2,[-0.6004682   1.         -0.54785395  0.44081792 -0.8674643 ]
CN1[C@@H]2CC[C@@H]1CC(OC(=O)C(CO)c1ccccc1)C2,[-0.02427309  0.9367522  -0.84449273 -0.5368041  -0.47440574]
C[C@@H](NC1=CC(=O)CNC1)c1ccc(Nc2ncc3cc(-c4ccncc4)ccc3n2)cc1,[ 0.07069358  0.87664175 -0.99335    -0.7208812   0.34494823]
CCN(CC)CCOCCO,[ 0.33072606 -0.40179813 -0.85406643 -0.5943042  -0.48586527]
O=CNC(N1CCN(C(NC=O)C(Cl)(Cl)Cl)CC1)C(Cl)(Cl)Cl,[ 0.43614376  0.8926021  -0.77922773 -0.84047824 -0.1524103 ]
CC(C)(C)c1cc(CCC(=O)OCCSCCOC(=O)CCc2cc(C(C)(C)C)c(O)c(C(C)(C)C)c2)cc(C(C)(C)C)c1O,[ 0.6533071   0.8318521  -0.87657535 -0.7627313   0.26125318]
CCN(CC)c1c([N+](=O)[O-])cc(C(F)(F)F)c(N)c1[N+](=O)[O-],[ 0.28958693  0.7053548  -0.65693986 -0.6195893  -0.27657524]
CC(C)(C)NCCO,[-0.1816171   0.8973108  -0.79241985 -0.795089    0.37013477]
O=C(O)[C@@H](c1ccccc1)N1CCC(CN2CCC(Oc3ccc(Cl)c(Cl)c3)CC2)CC1,[ 0.54339474  0.79030436 -0.7179883  -0.17605256 -0.50070673]
CS(=O)(=O)c1ccc(C(O)C(COC(=O)C[NH3+])NC(=O)C(Cl)Cl)cc1,[ 0.1306902   0.70184976 -0.8984785  -0.99564284 -0.23554522]
SCc1ccccc1,[ 0.19892697  0.98461485 -0.20721667 -0.9036479   0.4487521 ]
COc1cc(OC)c(S(=O)(=O)NCc2ccccc2N2CCC(COC(=O)CCC(=O)O)CC2)cc1NC(=O)CCC(=O)O,[-0.2504917   0.867381   -0.87557536 -0.8619531  -0.39363593]
COc1cc(OC)c(S(=O)(=O)N2c3ccccc3CCC2C)cc1NC(=O)COCC(=O)O,[ 0.34639987  0.7790471  -0.30976272 -0.5117506  -0.16433696]
NCCNCCNCc1ccccc1O,[ 0.1076733   0.8372816   0.42437935 -0.48715797  0.12352812]
CNC(=O)c1[nH]cnc1C(=O)Nc1ccc(OC)cc1,[-0.2699781   0.68568283 -0.759301   -0.7336355   0.18204492]
C=CCc1ccc(OC(C)=O)c(OC)c1,[ 0.46908998  0.95685285 -0.88201237 -1.          0.22004378]
CC(C(=O)O[C@@H]1CC[N+](C)(C)C1)(c1ccccc1)C1CCCC1,[ 0.27275503  0.99406207 -0.75055313 -0.81462836 -0.36566448]
OCCOCCN1CCN(C(c2ccccc2)c2ccc(Cl)cc2)CC1,[ 0.44066164  0.24200606 -0.31505394 -0.60695183 -0.5196679 ]
C=C1CC1CC(N)C(=O)O,[ 0.19896744  0.68760526 -0.8771875  -0.7398334   0.65153307]
Cc1c(OC2CCN(CC3CCN([C@@H](Cc4ccc(F)cc4)C(=O)O)CC3)CC2)ccc(C#N)c1Cl,[ 0.14858004  0.88021046 -0.4284994  -0.1275781   0.42865786]
CNC(=O)Nc1nnc(C(C)(C)C)s1,[ 0.32737282  0.92904305 -0.8411455  -0.4955159   0.01501016]
CCCCn1c(=O)n(CCC)c(=O)c2[nH]c(C)nc21,[ 0.2490325  -0.22783042 -0.7028087  -0.32767236  0.10072295]
CN1CCN(C2=c3ccccc3=Nc3ccc(Cl)cc3N2)CC1,[ 0.14941344  0.7691584  -0.47656453 -0.3264399  -0.21191557]
O=c1oc(-c2ccccc2)nc2ccccc12,[ 0.06844275  0.8285616   0.15108891 -0.679737    0.34505376]
CCOc1ccccc1C(=O)NN=C(C)C(=O)O,[-0.31799677  0.91605884 -0.92989063 -0.99727803 -0.14505963]
O=C(/C=C/c1ccc(O)c2c1C(C(=O)O)C(c1ccc(O)c(O)c1)O2)OC(Cc1ccc(O)c(O)c1)C(=O)O,[ 0.19602637  0.9928748  -0.7014976   0.23244864  0.22784483]
Nc1ccc(O)c([N+](=O)[O-])c1,[-0.05904936 -0.68540823 -1.         -0.8967193  -0.12649265]
CC(C)Nc1nc(Cl)nc(NC(C)C)n1,[ 0.3467466   0.9059381  -0.5467383  -0.94088763 -0.24898389]
CN=C=S,[ 0.4434381   0.4281494  -0.78892875 -0.8599146  -0.23240407]
C1=CCCC=CCCC=CCC1,[-0.10760022  0.64409816 -0.8934374  -1.         -0.53402114]
OCc1cc(C(O)C[NH2+]CCCCCCOCCOCc2c(Cl)cccc2Cl)ccc1O,[ 0.18232474 -0.5075754  -0.8202959  -0.9775432  -0.473305  ]
CO/N=C(\C(=O)N[C@@H]1C(=O)N2C(C(=O)O)=CCS[C@H]12)c1csc(N)n1,[ 0.46679297  0.7614689  -0.75064963  0.01117999  0.05758371]
CON(C)C(=O)Nc1ccc(Cl)cc1,[-0.09306381  0.69288075 -0.2707783  -0.94516075 -0.33463058]
CCN(CC)CCNC(=O)c1cc(Br)c(N)cc1OC,[ 0.18667907  0.9200549  -0.8838846  -0.86384934 -0.27492473]
CC1(C)SCN(C(=O)C2(Oc3ccc(Cl)cc3)CCCCC2)C1C(=O)O,[-0.08979815  0.408753   -0.68371564 -0.94752586 -0.40189868]
CC(=O)N(C)c1ccc2ccn(-c3cc(NC4CC4)n4ncc(C#N)c4n3)c2c1,[ 0.04627158  1.         -1.          0.5901996  -1.        ]
CCCCOP(=O)(OCCCC)Oc1ccccc1,[ 0.3056269   0.90930843 -0.81026083 -1.         -0.4244692 ]
CC(=O)O[C@H]1C[C@]2(O)[C@H]3CC[C@H]4C[C@H](O[C@H]5C[C@@H](O)[C@@H](O[C@H]6C[C@@H](O)[C@@H](O[C@H]7C[C@@H](O)[C@@H](O)[C@H](C)O7)[C@H](C)O6)[C@H](C)O5)CC[C@@]4(C)[C@H]3CC[C@]2(C)[C@H]1C1=CC(=O)OC1,[ 0.25670344  0.70107263 -0.43179363 -0.6649729  -0.41015694]
CC(CO[N+](=O)[O-])(CO[N+](=O)[O-])CO[N+](=O)[O-],[ 0.32967144  0.79653096 -0.60519797 -0.9387961  -0.09146159]
CC1CCC2(O)C3(C)CC4(O)OC2(C1O)C1(O)C3(O)C(OC(=O)c2ccc[nH]2)C(O)(C(C)C)C41C,[-0.18645588  0.948118   -0.9975786  -0.8505224   0.09210357]
CCC(C)c1ccccc1,[ 0.14289343  0.83628184 -0.81578475 -0.22641945 -0.46208334]
CC(=O)Nc1ccc(C)c(NS(=O)(=O)C(F)(F)F)c1,[-0.03348772  0.09176565 -0.5489705  -0.72448826 -0.36621234]
CCC(=O)NC[C@H]1CN(c2ccc(-c3nncs3)c(F)c2)C(=O)O1,[-0.45222616  0.8793733  -0.8393522  -0.86059123  0.15625787]
c1ccc(C2CO2)cc1,[-0.26008287  0.78863686  0.3394793  -0.650606   -0.34347188]
CC(O)CO,[ 0.4913238   0.74953806 -0.13780707 -0.6615359  -0.21798429]
CCCCOc1ccccc1NC(C)=O,[-0.4570458  -0.4104237  -0.81536347 -0.53689814  0.4425611 ]
NC(=O)[C@H](Cc1ccccc1)NC(=O)OCc1ccccc1,[ 0.49267977  0.9376256  -0.7483067  -0.74685776  0.3342293 ]
CCC1(CC)C(=O)NCC(C)C1=O,[ 0.4033977  -0.8585398   0.05741518 -0.53200614 -0.27999663]
CC(C)Oc1cc(-n2cnc3ccc(N[C@@H](CO)c4ccc(F)cn4)nc32)n[nH]1,[-0.14811306 -0.4173375  -0.7853724  -0.87964624 -0.15612298]
CNc1c(C(N)=O)cnc2[nH]c(-c3ccc(OCCN4CCOCC4)cc3)nc12,[ 0.61601454  0.5845901  -1.         -0.86255974 -0.3397789 ]
CNC(=O)ON=C(C)SCC(=O)N(C)C,[ 0.29427087  0.15814008 -0.6326685   0.99087435  0.07239164]
Oc1ccc(O)cc1,[-0.06627301  0.83753544 -0.49821293 -0.22456013 -0.04852974]
O=c1n(CC2CO2)c(=O)n(CC2CO2)n1CC1CO1,[ 0.20490007  0.91040486 -0.909956   -0.7804107   0.7232517 ]
O=C(O)COc1ccc(C(=O)CN2CCN(C3CCNCC3)CC2=O)cc1,[ 0.64715976  0.9999828  -0.90925986 -1.         -0.52823925]
O=C(O)c1ccccc1-c1c2ccc(=O)cc-2oc2cc(O)ccc12,[-0.0563952   0.858894   -0.7438038  -0.64322317  0.49841353]
CC1CCC(C(C)C)C(O)C1,[-0.03699286  0.7876622  -0.8498256  -0.8597801   0.21031998]
O=C(Nc1ccccc1-c1ccccc1)OC1CCN(CCCCCCCCCNC[C@H](O)c2ccc(O)c3[nH]c(=O)ccc23)CC1,[-0.19037922  0.83353543 -0.85990053 -0.87552136  0.53944355]
O=C(O)CCCCCC(=O)O,[-0.10601653  0.7724329  -0.89042634 -0.5193644   0.54341567]
ClC(=NNc1c(Cl)cc(Cl)cc1Cl)c1ccccc1,[ 0.30859417  0.9292128  -0.744254   -0.624654    0.38384047]
C=CCN1CCCC1CNC(=O)c1cc2nn[nH]c2cc1OC,[ 0.433929   -0.12249789 -0.9607596  -0.4350767   0.4238661 ]
CCC[C@H](NC(=O)[C@@H]1[C@H]2CCC[C@H]2CN1C(=O)[C@@H](NC(=O)[C@@H](NC(=O)c1cnccn1)C1CCCCC1)C(C)(C)C)C(=O)C(=O)NC1CC1,[ 0.43346497  0.39286014 -0.7966973  -0.9460896  -0.19130234]
CC(C)(C)c1ccc(OP2OCC3(CO2)COP(Oc2ccc(C(C)(C)C)cc2C(C)(C)C)OC3)c(C(C)(C)C)c1,[-0.19638394  0.2997318  -0.5077781  -0.10283558 -0.10311928]
CN1CN(CCO)CSC1=S,[ 0.27512777  0.65567106 -0.7196324  -0.82506555  0.00094745]
COc1cc(C=CC(=S)N2CCOCC2)cc(OC)c1OC,[ 0.03003928 -0.51886135 -0.41154316 -0.45751515 -0.08500413]
CO/N=C(\C(=O)N[C@@H]1C(=O)N2C(C(=O)O)=C(COC(C)=O)CS[C@H]12)c1csc(N)n1,[ 0.43319762  0.9015559  -0.30891746 -0.32438424  0.20382369]
Cc1cncc(C)n1,[-0.0114392   0.7653695  -1.         -0.8823379   0.49780434]
O=CCCCC=O,[ 0.4422016   0.7398469  -0.36913168 -0.9224798  -0.31644836]
BrC(Br)Br,[ 0.35974935  0.23794767 -0.35871524  0.77478886  0.63317996]
CCOc1ccccc1-c1ccc(-c2nc3ccncc3c(O)c2C#N)cc1,[ 0.40326834  0.92603105 -1.         -0.5877325   0.17970529]
O=[N+]([O-])c1nccs1,[ 0.4056443  0.7886392 -0.8165852 -1.        -0.4693111]
CCCN(CCC)c1c([N+](=O)[O-])cc(S(N)(=O)=O)cc1[N+](=O)[O-],[ 0.34667507 -0.12339697 -0.71934247 -0.76358634 -0.09463158]
CC(C)=C1CCC(C)CC1=O,[ 0.36052573  0.84810996 -0.9342116  -0.47308263  0.2683478 ]
C[C@@H]1NC(=O)[C@@H](C)NC(=O)[C@H](C)N(C)C(=O)[C@@H](C)N(C)C(=O)[C@@H](C)NC(=O)[C@H](C)N(C)C1=O,[-0.51099443  0.88976914 -0.64413947 -0.88271105  0.3799539 ]
Cc1c(OCC(F)(F)F)ccnc1C[S+]([O-])c1nc2ccccc2[nH]1,[ 0.3999942   0.71005917 -0.5508244  -0.6628969   0.06544965]
C=CC(=O)N1CN(C(=O)C=C)CN(C(=O)C=C)C1,[ 0.4425827   0.5684939  -1.         -0.7260814  -0.39677843]
CCCCOC(=O)c1ccc(-n2nc(OCCN3CCCCC3)c3ccccc32)cc1,[-0.38676098  0.8916195  -0.20553787 -0.7984482  -0.20947348]
CC1CCC(N)CC1N,[ 0.18564935  0.7728357  -0.6656897   0.19880202 -0.02505523]
CCOC(=O)CCN(SN(C)C(=O)Oc1cccc2c1OC(C)(C)C2)C(C)C,[-0.46261105  0.82281274 -0.7855569  -0.8156895  -0.17247099]
c1cc2c(c(N3CC[NH2+]CC3)c1)OCCO2,[ 0.33131918  0.6680624   0.6020609  -0.11803539  0.0265796 ]
CCCCN1C(=O)c2cccc([N+](=O)[O-])c2C1=O,[ 0.26391408  0.55338305 -0.66107327 -0.9574543   0.5448073 ]
CCCC1CC(C(=O)NC(C(C)Cl)C2OC(SC)C(O)C(O)C2O)[NH+](C)C1,[ 0.4095961   0.75745577 -0.68911064 -0.397901    0.12859978]
Cc1cccc(Nc2ccncc2S(=O)(=O)[N-]C(=O)NC(C)C)c1,[-0.9233095   0.06625858 -0.8172157  -0.74846107  0.53454214]
COC(=O)C1=C(C)NC(C)=C(C(=O)OCCN(C)Cc2ccccc2)C1c1cccc([N+](=O)[O-])c1,[ 0.29433697  0.89086807 -0.6964467  -0.89322776 -0.06658689]
CCC(C)(C)OC(=O)Nc1ccco1,[ 0.61062175  0.70752895 -0.93646634 -0.16312963 -0.02252384]
C=CN(C)N=O,[ 0.21568914  0.09921929 -0.85594976 -0.3068267  -0.18426128]
Cc1ccc2c(c1)c(-c1ccnc3c(C)cccc13)c(C)n2CC(=O)O,[-0.01059453  0.8036151  -0.53160095 -0.7589169  -0.40567303]
CCCCC(CC)COCCC#N,[ 0.18327309  1.         -0.33768106 -0.7648241   0.6672196 ]
COc1cc(OC)c(C(=O)CCCN2CCCC2)c(OC)c1,[ 0.31536958  0.57871354 -0.59076685 -1.         -0.16412675]
CN(C)CCCNCCCN(C)C,[-0.05370624 -0.52003574 -0.8286147   0.32713807  0.6925169 ]
C#CC1(O)C(CO)OC(n2ccc(N)nc2=O)C1O,[-0.48313674  0.79994154 -0.72304    -0.73332363 -0.12531143]
OC(CCN1CCCC1)(c1ccccc1)C1CCCCC1,[-0.02082091  0.86615896 -0.8142734  -0.63824207 -0.00678074]
CCOC(C)COC(C)CO,[-0.37346274  0.8261776  -0.64434814 -0.6279065  -0.22460935]
O=C1CC2(CCCC2)CC(=O)N1CCCCN1CCN(c2ncccn2)CC1,[-0.35045186  0.7633577  -0.599419   -0.9150373   0.15709719]
Fc1cc2nc(C(F)(F)F)[nH]c2cc1Cl,[ 0.29486066  0.82693815 -0.6775431  -0.9878692  -0.26251078]
CC(=O)[C@H]1CC[C@H]2[C@@H]3CC[C@@H]4C[C@H](O)CC[C@]4(C)[C@H]3CC[C@]12C,[-0.20402153  0.9529382  -1.         -0.851078   -0.1882323 ]
CC(C)CN,[-0.68618375  0.89401305 -0.8023934  -0.98200214  0.00238787]
C=CC(=O)NCNC(=O)C=C,[ 0.64474905  0.80512524 -0.5819515  -0.6687663  -0.09628196]
O=C(Nc1ccc(Br)cc1)c1cc(Br)cc(Br)c1O,[ 0.35547116 -0.88163453 -1.         -0.54052675 -0.15114577]
Nc1nc(Nc2ccc(S(N)(=O)=O)cc2)nn1C(=O)c1c(F)cccc1F,[ 0.04974449  0.5709365  -0.5990441  -1.         -0.3731486 ]
COc1cc(OC)c(S(=O)(=O)N(c2ccccc2)C(C)C)cc1NC(C)=O,[-0.36122298  0.6591729  -0.79734    -0.65286326 -0.25291732]
S=c1[nH]c2cc(Cl)ccc2o1,[ 0.1135943   0.8633113   0.5150202  -0.8948548  -0.10071457]
Cc1cc(Sc2cc(C)c(O)c(C(C)(C)C)c2)cc(C(C)(C)C)c1O,[ 0.3765432   0.8269823   0.0165632  -0.5873793  -0.20900735]
CCOC(=O)c1c(C)cc2c(CO)n[nH]c(=O)c2c1C,[ 0.30719697  0.40517598 -0.16933772 -0.6014186   0.02282466]
CC(=O)CCC(C)=O,[-0.0180311   0.7926656  -0.6366053  -0.78147805 -0.6583026 ]
CN1CCCCC1CCN1c2ccccc2Sc2ccc(S(C)=O)cc21,[ 0.31733114  0.81056863 -1.         -1.         -0.15741019]
Cc1c(C(=O)NCCO)[n+]([O-])c2ccccc2[n+]1[O-],[ 0.45419452  0.9158316  -0.5036582  -0.08812404  0.02236924]
COCCN(c1cccnc1)P(=O)(c1ccccc1)c1ccccc1,[ 0.34514248  0.48541337 -0.8477653   0.6112912  -0.12135747]
O=c1c2nocc2c(-c2ccccc2)nn1-c1ccccc1,[-0.48779604  0.67971265 -0.78465885 -0.9440377   0.5072953 ]
CCCCOC(=O)CC(SC(CC(=O)OCCCC)C(=O)OCCCC)C(=O)OCCCC,[ 0.11954681  1.         -0.8517286  -0.27923176 -0.02568015]
CC1CS1,[ 0.21094784  1.         -0.9440811  -0.9900127  -0.02114798]
CCCCC(CC)OCCOCCO,[ 0.2970499   0.77540123 -0.76652026 -0.607328    0.13058785]
Cc1cnc(-c2cc(NC(=O)c3ccc(C(F)(F)F)nc3C)ccc2Cl)[nH]1,[ 0.32747298 -0.51501036 -0.83059126 -1.         -0.0515421 ]
CCOC(=O)Nc1ccc(NCc2ccc(F)cc2)cc1N,[-0.21934783  0.8841238  -0.9252722  -0.8739003  -0.19601168]
Cc1cccc([N+](=O)[O-])c1[N+](=O)[O-],[ 0.07048329  0.7427306  -1.         -0.01186598 -0.70258915]
Nc1c(CC(=O)[O-])cccc1C(=O)c1ccc(Br)cc1,[ 0.10844029 -0.6254943  -0.7005662  -0.82090527  0.89530176]
CCCCN(CCCC)SN(C)C(=O)ON=CC(C)(C)SC,[ 0.04528499  0.65056986  0.24850391 -0.44566643 -0.4435287 ]
c1ccc(OP(Oc2ccccc2)Oc2ccccc2)cc1,[ 0.43034315  0.8113561  -0.7917952  -0.35695702  0.11201189]
CC(N)C(O)c1cccc(O)c1,[ 0.3394521   0.63369274 -0.7273679  -0.66397566 -0.6158197 ]
Cc1nc(N)nc(N)c1-c1ccc(Br)cc1,[-0.21174166  0.93486595 -0.9768162  -0.7385029  -0.06906717]
C[C@H](CO)Nc1nc(SCc2cccc(F)c2F)nc2[nH]c(=O)cnc12,[ 0.3393602   0.85911787 -0.6625541  -0.8325245  -0.13686308]
C[S+]([O-])Cc1ccc(C(=O)Nc2ccc(OCCOCCO)nc2C(=O)NCC2CCC2)c2ccccc12,[-0.10572517  0.82470375 -0.916042   -0.5491988  -0.24246928]
Cc1c(CN2CCOC(c3ccccc3)C2C)c(=O)n(-c2ccccc2)n1C,[ 0.21337745  0.66200846 -0.8169241  -0.69475925 -0.22229896]
CC(C(=O)O)c1ccc(C(=O)c2cccs2)cc1,[ 0.00676678 -0.8666573  -0.5217689  -0.18647583 -0.15815502]
Cn1c(=O)sc2cccc(Cl)c21,[ 0.65051556  0.8638586  -0.6422479  -0.9047702  -0.06429307]
C=CC(=O)OCCOCCOC(=O)C=C,[ 0.4371214  -0.603721   -1.         -0.80956143  0.45315978]
CCCCCCOCCOCCO,[-0.05264533 -0.40741187 -0.5039059  -0.56327176 -0.17002198]
NC(=S)Cc1cccc2ccccc12,[ 0.04846416  0.53448075 -0.9120857  -1.         -0.5955721 ]
O=CCc1ccccc1,[ 0.27917722 -0.0612747  -0.8175296   0.4944762  -0.1458994 ]
C=CCOc1ccccc1OCC(CNC(C)C)OC(=O)C1CC1,[-0.3247225   0.59519434 -0.9309549  -0.835145   -0.15441571]
C[C@H](CSN=O)C(=O)N1CCC[C@@H]1C(=O)O,[ 0.34212863  0.8228625  -1.         -0.64825094 -0.03862678]
CCCCC(CC)CNC1CCCCC1,[-0.22398749 -0.6424832  -0.7747472  -0.07003307 -0.3309889 ]
CCNc1nc(NCC)nc(OC)n1,[ 0.4014359   0.661301   -0.75125015 -0.7494791   0.7086541 ]
N#Cc1cccc(Cc2ncccn2)c1,[-0.2536031   0.82230365 -0.5940681  -1.         -0.16711979]
CC(=O)CCCCCCCC(=O)O,[-0.08111379  0.96440345 -0.6946085  -1.         -0.22820212]
Cc1cn([C@H]2CCCN([C@H](CC(C)C)c3ccc(C(=O)O)c(Oc4cccc(Cl)c4)c3)C2)c(=O)[nH]c1=O,[ 0.3247273   0.84582293 -0.8435759  -0.61379576  0.04940039]
CCN(CC)CCO,[ 0.34275854  0.93653977 -0.8358799  -0.9628302  -0.20288326]
CCOC(=O)C(CCc1ccccc1)NC(C)C(=O)N1C(C(=O)[O-])CC2CCCCC21,[ 0.32111436  0.81240493 -0.14974009 -0.06987412 -0.25453103]
CC(C)(C)c1cc(O)ccc1O,[ 0.183135    0.33514374 -0.40275022  0.714741    0.3209511 ]
C=C1CC23CC1(O)CCC2C12C=CC(O)C(C)(C(=O)O1)C2C3C(=O)O,"[-4.5655432e-04  4.2969111e-01 -7.4559790e-01 -7.7774042e-01
 -2.5788498e-01]"
CCc1cccc(CC)c1N,[-0.15617646  0.7550184  -0.8325822  -0.78582525 -0.07410217]
C=CCC1/C=C(\C)CC(C)CC(OC)C2OC(O)(C(=O)C(=O)N3CCCCC3C(=O)OC(/C(C)=C/C3CCC(O)C(OC)C3)C(C)C(O)CC1=O)C(C)CC2OC,[ 0.67012143  0.45543522 -0.5057571  -0.75973797 -0.53537935]
CC(C)(C)NC(=O)C1CC2CCCCC2CN1CC(O)C(Cc1ccccc1)NC(=O)C(CC(N)=O)NC(=O)c1ccc2ccccc2n1,[ 0.05130978  0.9080846  -0.46027973 -0.23046367 -0.18822828]
NC(=O)c1cnc(N[C@@H]2CCCC[C@@H]2N)nc1Nc1cccc(-n2nccn2)c1,[-0.4066714   0.85787475 -0.527519   -0.7989321   0.2576918 ]
CC(=O)N[C@H](C)C(=O)NCCc1ccccc1,[-0.03091411  0.5774516  -0.49270546 -0.65485764 -0.19752485]
Cc1ccn(C(=O)NCCCCCCCl)n1,[ 0.00697016 -0.13227552 -0.19076931  0.47043547  0.8741331 ]
COc1cc2c3cc1Oc1cc(ccc1O)CC1c4c(cc(OC)c(O)c4Oc4ccc(cc4)CC3[NH+](C)CC2)CC[N+]1(C)C,[-0.07640568  0.9331434  -0.7545089  -0.9592853  -0.16984503]
CCCSP(C)(=S)Oc1ccc(Cl)cc1Cl,[ 0.5800044   0.5667623  -0.5472683  -0.402942   -0.46444786]
CC(C)(C)c1ccc(C(=O)O)cc1,[ 0.48712894  0.5008193  -0.7886867   0.3268859   0.05816866]
Cc1cc(=O)nc(SCc2ccccc2N(C)C)[nH]1,[ 0.16472104  0.82161826 -0.8181893  -0.8388707  -0.40984598]
CCCCCC(O)C=CC1C(O)CC(O)C1CC=CCCCC(=O)O,[ 0.4301113  -0.21245502 -0.96861947 -0.09290725  0.22711031]
CCCCOC(=O)C1CC1OCCCC,[ 0.19949262  0.3774306  -0.9317385  -0.38987252  0.1423786 ]
CC(C)(C)NCCC(O)c1cc(C(F)(F)F)nc2c(C(F)(F)F)cccc12,[ 0.1061527   0.32497147 -0.45303035 -0.52361697 -0.05570681]
NC(=S)NNCNNC(N)=S,[-0.34227553  0.88233936 -0.8746412  -0.69142896 -0.12121243]
Clc1ccc(Cl)c(Cl)c1,[-0.3008204   0.8241335  -0.8743003  -0.9123717   0.50447786]
O=Cc1ccc(O)cc1,[ 0.5652938   0.70434546 -0.53137684 -1.         -0.27203408]
Clc1ccc(C2(Cn3cncn3)OCCO2)c(Cl)c1,[-0.19973579 -0.53151083 -0.1086002  -1.         -0.40403765]
COP(=S)(OC)Oc1cc(Cl)c(Cl)cc1Cl,[-0.04293282  1.         -0.673998   -0.930061    0.30500805]
CC(=O)Oc1ccc2c3c1OC1C(OC(C)=O)C=CC4C(C2)[NH+](C)CCC341,[ 0.324607   -0.49174926 -0.64185107 -0.4491421  -0.07266318]
COP(=O)(OC)ON1C(=O)c2cccc3cccc(c23)C1=O,[ 0.31601644  0.68433154 -0.6700624  -0.9336853   0.6938983 ]
CCOc1ccccc1OC(c1ccccc1)C1C[NH2+]CCO1,[ 0.7189975   0.53459907 -0.45133564 -0.91016257 -0.23861721]
O=[N+]([O-])c1ccc(Cl)c([N+](=O)[O-])c1,[ 0.53503704  0.9382184  -0.7015759   0.5856971   0.03074647]
CCC(C)(C)C1CCC(=O)CC1,[ 0.42090583  0.6149793  -0.39192024 -0.61795056 -0.19530362]
COc1ccccc1Oc1c([N-]S(=O)(=O)c2ccc(C(C)C)cn2)nc(-c2ccnc(-c3nnn[n-]3)c2)nc1OCCO,[ 0.27077433 -0.17064926 -0.27909905 -0.37770244 -0.02429458]
COC(=O)Cc1ccccc1,[-0.11878639  0.855981   -0.91210395 -0.62160116 -0.28203416]
S=C1NCCC(COc2ccccc2)O1,[-0.31168956  0.60574454 -0.698409   -0.63094807  0.63654685]
Cc1ncsc1C,[ 0.00322318  0.48877364 -0.91445494 -0.8000303   0.30312788]
CCC(C)C(=O)OC1CCC2(C)C3CC(O)C4C5(O)C(CC42OC13O)C1CN2CC(C)CCC2C(C)(O)C1C(O)C5OC(=O)C(C)(O)CC,[ 0.05238117  0.94014853 -0.32429165 -0.8626098  -0.19334786]
CC(C)NCC(O)c1ccc(O)c(O)c1,[-0.27228126  0.88403225 -0.21655002 -0.64282995  0.19518423]
CCCCCCCC[Si](OCC)(OCC)OCC,[ 0.40016767  0.8088119  -0.98523533 -0.7737541   0.43875387]
C[N+](C)(Cc1ccc(NC(=O)c2ccc(Cl)c(Cl)c2)cc1)C1CCOCC1,[-0.32290518 -0.5320433  -0.7236525  -0.5184576   0.02277805]
COc1cc2c(cc1OC)C(Cc1cc(OC)c(OC)c(OC)c1)[N+](C)(CCCOC(=O)CC/C=C\CCC(=O)OCCC[N+]1(C)CCc3cc(OC)c(OC)cc3C1Cc1cc(OC)c(OC)c(OC)c1)CC2,[ 0.46199036  0.877567   -0.914595   -0.67058134 -0.2805354 ]
COc1ccc(C(=O)Nc2ccccc2CCC2CCCCN2C)cc1,[ 0.5447127   1.         -0.7701461  -0.83997947  0.7613248 ]
CCOc1ccc([C@@H](C)Nc2nc(N3CCN(C(C)=O)CC3)nc3c2CN(C(C)C)C3=O)cc1,[ 0.3972913   0.86608934 -0.9932231  -0.34156057  0.13446262]
CN(C)C(=O)C(CCN1CCC(O)(c2ccc(Cl)cc2)CC1)(c1ccccc1)c1ccccc1,[ 0.35602024  0.5656857  -0.22191273  0.29652718 -0.09434748]
C#CCc1ccc(COC(=O)C2C(C=C(C)C)C2(C)C)o1,[ 0.25048822  0.02289835 -0.5371228  -0.6851933   0.2146509 ]
CCCSP(C)(=S)OP(C)(=S)SCCC,[-0.00437949  0.8363046  -0.7754322  -0.860991   -0.3536853 ]
NC(=O)N1C(=O)C(C(=O)c2cccs2)c2cc(Cl)ccc21,[-0.38159487  0.2234226  -1.         -0.6915508  -0.2737271 ]
CC(=O)Oc1cccc(Oc2ccc(C(F)(F)F)cc2Cl)c1,[ 0.45928875  0.83363605 -0.7365313  -0.86808974 -0.45556226]
COc1ccc(-c2nc3ccc(C4=NNC(=O)CC4C)cc3[nH]2)cc1,[ 0.46449578  0.7902574   0.0941521  -1.         -0.28006932]
COC(=O)c1c(Cl)cccc1-c1cnc([C@@H](C)NC(=O)C2(NC(=O)C(F)(F)F)CC2)c(F)c1,[ 0.3645332   0.85647535 -0.8252356  -0.7622018   0.26772845]
CN(C)C(Cc1ccccc1)c1ccccc1,[ 0.39119968  0.7066865  -0.7884684  -0.59612155  0.1395104 ]
CN1CCN(c2ccc3ncc(C(N)=O)c(Nc4ccc(Cl)c(Cl)c4)c3c2)CC1,[-0.02594453  0.27445102 -0.73202395  0.01354961 -0.39288038]
CC(C)(C)NC[C@H](O)COc1nsnc1N1CCOCC1,[-0.19357695  0.76482934 -0.46293804 -0.592966   -0.20552607]
BrC12CC3CC(CC(C3)C1)C2,[-0.07260963  0.49130684 -0.8131351  -0.8233313  -0.22840783]
Fc1cc(-c2cccc3ncc(-c4cnn(C5CCNCC5)c4)nc23)cc(F)c1CN1CCOCC1,[ 0.2170121   0.7095938  -0.7928312  -0.31317097  0.09334131]
O=C(O)C1N=C(c2ccccc2)c2cc(Cl)ccc2NC1=O,[ 0.13903394  0.2746591  -0.70970285 -0.43066093  0.27302736]
FC(F)(F)c1nc2cc(Br)c(Cl)cc2[nH]1,[-0.15452808  0.9335029  -0.86989427 -0.7078066   0.35658357]
C=CC[NH+]1CCCC1CNC(=O)c1cc(S(=O)(=O)NC)c(N)cc1OC,[ 0.09052184  0.67734313  0.08259127 -0.05763683 -0.35887742]
COCCOCCOC(C)=O,[ 0.40942222  1.         -0.36189792 -0.61443317  0.12635629]
CON=C(C(=O)NC1C(=O)N2C(C(=O)O)=C(COC(N)=O)CSC12)c1ccco1,[ 0.42809108  0.68801236 -0.90357727 -0.9117711  -0.05143785]
CCCSP(C)(=S)Oc1ccccc1,[ 0.49211276  0.5964847  -0.9056755  -0.28679413  0.5474316 ]
CC(C)CCOC(CO)CC(C)C,[-0.09134927  0.5600923  -0.8594202  -0.9173894  -0.50207394]
CCOc1cc2nnc(C(N)=O)c(Nc3ccc(F)cc3F)c2cc1N1CCN(C)CC1,[ 0.29756957  0.41902402 -0.72244245 -0.5776207   0.01704629]
CC=CC=CC=O,[ 0.33852756 -0.03645927 -0.15820839 -0.3565565  -0.15580639]
Cc1c(F)cc(C(=O)NC2CC2)cc1-c1ccc(C(=O)NCC(C)(C)C)cn1,[ 0.25540712  0.78380597 -0.855134   -0.54550874 -0.13474923]
COP(=O)(OC)SC(CC(=O)OC(C)C)C(=O)OC(C)C,[ 0.3026438   0.93435514 -0.7121512  -0.5137651   0.17791143]
Cc1cc(C(=O)c2ccccc2)ccc1N,[ 0.24582404  0.92375624 -0.28392634 -0.92076707 -0.50405294]
CNC(=O)c1cccc2c(Nc3ccc(NS(C)(=O)=O)cc3OC)c3cccc(C)c3nc12,[-0.17705084  0.8266982  -0.8559186  -0.570868    0.5224957 ]
COc1cc2ncc(C(N)=O)c(Nc3ccc(C)cc3F)c2cc1OC,[ 0.21305534  0.85769856 -0.75513864 -0.41713512 -0.24670696]
C(=NC1CCCCC1)=NC1CCCCC1,[-0.14748785  0.9350143  -0.6398103  -0.8108896  -0.22647198]
[NH3+]C(C(=O)NC1C(=O)N2C(C(=O)[O-])=C(CSc3c[n-]nn3)CSC12)c1ccc(O)cc1,[0.16113733 0.88379943 0.0561419  0.21855119 0.01852289]
CCC(C)c1ccc(Oc2ccc(C)cc2CC(=O)O)c(Cl)c1,[ 0.36230114  0.9176215  -0.48294622 -0.446166   -0.03098401]
O=[N+]([O-])OCC(O)CO,[ 0.23824526  0.97769403 -0.35735723 -0.78701746  0.11252531]
Clc1cc(Cl)c2nsnc2c1Cl,[-0.15500115  1.         -0.79852796 -0.89771175 -0.32999608]
Cc1cc(Nc2nc(N[C@@H](C)c3ncc(F)cn3)nc(N3CCOCC3)c2F)n[nH]1,[-0.22952245  0.8236753  -0.551628   -0.75407284 -0.18755628]
O=C(NC1CC1)c1cc(-c2cccs2)on1,[-0.3510314   0.84419006 -1.         -0.42614856  0.03845825]
CC(CN1CCOCC1)C(C(=O)N1CCCC1)(c1ccccc1)c1ccccc1,[-0.6315496   0.8390864   0.74773747 -0.15026951 -0.6871343 ]
Nc1cc[n+]([O-])cc1,[ 0.177255    0.99675    -0.867875   -0.7427439  -0.04002296]
CN(CCCl)CCCl,[ 0.29105827  0.7012403  -0.69475794 -0.8349666   0.02534286]
Cc1nn(C2CCCCC2)c(N)c1-c1ccccc1,[-0.1964136   0.8951885  -1.         -0.84615797 -0.24485174]
COP(=O)(OC)OC(=CCl)c1cc(Cl)ccc1Cl,[ 0.429541    0.8431564  -0.83313584 -0.4782316   0.11627433]
CCOP(=O)(OCC)N(C)c1ccccc1,[ 0.34215432  0.7761859  -0.72617966  0.64137924  0.21187732]
CCC(=O)O,[-0.03041181  0.78765374  0.83595955 -0.27633914 -0.229016  ]
CC(C)CCCCCN(CCCCCC(C)C)CCCCCC(C)C,[ 0.39519113  0.7726331   0.5197787  -0.93016845 -0.27440053]
CC(C)Cn1c(=O)n(C)c(=O)c2c(C(=O)N3CC[C@@H](O)C3)c(Cc3c[nH]c4ccccc34)sc21,[ 0.17145188  0.77224094 -0.7841445  -0.47216582  0.20306253]
CCCCCC(=O)O,[-0.10382186  0.9607124  -1.         -1.          0.14930199]
OCC(O)CO,[ 0.44367817  0.9613438  -0.72479194 -0.17407644  0.45269   ]
Cn1c(C(=O)NC2(C(=O)N[C@H](Cc3ccccc3)C(=O)NCCCN3CCOCC3)CCCC2)cc2ccccc21,[-0.5530065   0.55622447 -0.34115803 -0.18137334 -0.1115145 ]
c1ccc([C@H]([C@@H](c2ccccc2)N2CCCCC2)N2CCCCC2)cc1,[-0.80971205  0.72152907  0.3158508  -0.50843775  0.35259917]
C=CC(=O)OCCCCCCOC(=O)C=C,[ 0.29950362  0.38884434 -0.6305974  -0.70806634 -0.28760037]
COP1(=S)OCc2ccccc2O1,[ 0.18711682  0.72070706 -0.5155542  -0.78651476 -0.60236293]
Cc1cccc(N)c1C,[ 0.31562734  0.8479459  -0.94848484 -0.34485927 -0.03077173]
CCCCCCCCCCCCCCCCCCOP(=O)([O-])OCC[N+]1(C)CCCCC1,[ 0.2290241  -0.86168903 -0.5036275   0.0188143  -0.16066264]
C=C(Cl)C(Cl)CCl,[ 0.15462172  0.78273946 -0.6116163   0.46176055  0.01324483]
Cc1ncc(CS)c(CO)c1O,[-0.1561949   0.3416823  -0.83584595 -0.7679794  -0.26797488]
CCOP(=S)(OCC)Oc1cc(-c2ccccc2)on1,[ 0.4233719   0.6635439  -0.7594831  -0.295218    0.37841725]
CCC(c1ccccc1)c1c(O)c2ccccc2oc1=O,[ 0.13073072  0.9529592  -0.9434864  -1.         -0.2820764 ]
CC(Cl)(Cl)[N+](=O)[O-],[-0.06121857  0.36489207 -0.72506773 -0.6091788  -0.36741182]
Cc1cc(-n2cccc2)c(S(C)(=O)=O)cc1C(=O)NC(=N)N,[ 0.27165604  0.8110717  -0.79585445  0.4308573  -0.30525276]
C=CC(=O)OC1CC2CCC1C2,"[ 7.2210020e-01  5.9201264e-01 -9.9148905e-01 -5.4581511e-01
 -9.6199935e-04]"
CCC(C)(C)c1ccc(Cl)c(OC(=O)NC)c1,[ 0.45793438  0.72076213 -0.9003694   0.50861055  0.03707781]
CN(C)c1ccc(O)c2c1CC1CC3C([NH+](C)C)C([O-])=C(C(N)=O)C(=O)C3(O)C(O)=C1C2=O,[ 0.16160133  0.4088411  -0.7280783  -0.8985916   0.66077995]
CCN1CCCC1CNC(=O)c1cc(S(N)(=O)=O)ccc1OC,[ 0.09272137  0.3705583  -0.6789241  -0.65745187 -0.3847614 ]
CCCc1nnc(CSP(=S)(OCC)OCC)o1,[ 0.5289944   0.84707415 -0.62049043 -0.38001525 -0.20474248]
C[C@@H]1NC(=O)[C@@H](C)N(C)C(=O)[C@@H](C)N(C)C(=O)[C@H](C)NC(=O)[C@H](C)N(C)C(=O)[C@@H](C)N(C)C1=O,[ 0.23466313  0.1572739  -0.75323135 -0.28185657 -0.02499398]
Cc1cccc(C)c1CCNC(N)=O,[-0.07493278  0.78237355 -0.11786865 -0.5511669   0.3718488 ]
COc1cc2nc(N3CCN(C(=O)c4ccco4)CC3)nc(N)c2cc1OC,[ 0.30014864  0.12764747 -0.7424191  -0.72694016  0.7801197 ]
CNC(=O)ON=C1CCCC1(C)C#N,[ 0.09044088  0.7411248  -0.82766366 -0.68900377 -0.29823443]
OCCOCCOCCOCCO,[ 0.29335472  1.         -0.5479892  -0.9443394  -0.2564377 ]
CC#CCC(C)C(O)C=CC1C(O)CC2Oc3c(CCCC(=O)O)cccc3C21,[ 0.37875742  0.85065657 -0.62629676 -0.56646883 -0.07832771]
CCCC(=O)OC1(C(=O)COC(=O)CC)CCC2C3CCC4=CC(=O)CCC4(C)C3C(O)CC21C,[ 0.22835137  0.7841273  -0.8413213  -0.6514741   0.21791871]
O=[N+]([O-])C(CO)(CO)CO,[ 0.17438786  0.36673006 -1.         -0.97872925  0.0855597 ]
CCOC(=O)Cl,[ 0.02113244 -0.4401773  -0.17392802 -0.5524843  -0.08095144]
CC(C)OCCO,[-0.29176512  1.         -0.9106068  -0.6353238  -0.08532423]
COc1cc(Nc2nc(N[C@@H](C)c3ncc(F)cn3)ncc2Br)n[nH]1,[ 0.3945693  0.8739738  0.588214  -0.368347  -0.3497439]
c1ccc2sc(SNC3CCCCC3)nc2c1,[ 0.12473014  1.         -0.7964156  -0.50419384 -0.41514724]
CCSP(SCC)SCC,[ 0.04498582  0.8671311  -0.860559   -0.60032827 -0.5682015 ]
Nc1nc2[nH]cnc2c(=S)[nH]1,[ 0.236381    0.8857585  -0.8057183  -0.34437227  0.15781029]
CCn1cc(C(=O)O)c(=O)c2cc(F)c(N3CCN(C)CC3)cc21,[ 0.0759028   0.8463044  -0.71160066 -0.32359305  0.37457097]
[NH3+]CC1CCC(C(=O)[O-])CC1,[-0.02322774  0.82538664 -0.3835392   0.18929838 -0.14521898]
CN(C)N=Nc1nc[nH]c1C(N)=O,[ 0.22427651 -0.20298623 -1.         -0.28606617  0.66117865]
COC(=O)/C=C/CNC(=O)CN1C(=O)[C@@H](COC(=O)Nc2ccc(Cl)cc2C(F)(F)F)N=C(c2ccccc2)c2ccccc21,[-0.31251904  0.819993   -0.68892205 -0.8555929  -0.39807925]
CCN(N=O)C(C)OC,[ 0.41454384  0.8789279  -0.92927957 -0.66514975  0.3607464 ]
CNC(=O)[C@@H]1Cc2cn(cn2)CC(=O)N2CCC[C@H]2C(=O)N[C@@H](C)C(=O)N1C,[ 0.43442038  0.6452727  -0.6909924  -1.          0.19271044]
CC(C(=O)O)c1ccc(CC2CCCC2=O)cc1,[ 0.45940298  0.8666916  -0.7482195  -1.          0.23326652]
C=C(C)C(=O)OCCCC,[ 0.21611065  0.3485663  -1.         -0.9021234   0.75749785]
Cc1cc(-c2ccc(Cl)c(C(=O)NCC3(O)CCCCCC3)c2)nn1C[C@H](O)CN,[ 0.6380952   0.77164245 -1.         -0.5791625   0.07098025]
COc1ccc2c(O[C@@H]3C[C@H]4C(=O)N[C@]5(C(=O)NS(=O)(=O)C6CC6)C[C@H]5/C=C\CCCCN(C)C(=O)[C@@H]4C3)nc(-c3ccc(F)cc3)nc2c1C,[ 0.35063678  0.574479   -0.6440642  -0.99827105  0.09326991]
CSCC(NC(=O)COc1cccc2cnccc12)C(=O)NC(Cc1ccccc1)C(O)C(=O)N1CSCC1C(=O)NC(C)(C)C,[ 0.16220447  0.8052515   0.6176521   0.05400474 -0.3924954 ]
COc1ccc2ncc(=O)n(CCN3CC[C@@H](NCc4ccc5c(n4)NC(=O)CO5)[C@@H](F)C3)c2c1,[-0.01294258  0.92913693 -1.         -0.8618803  -0.40769982]
CCCCCCCCCCCC(=O)OCC(O)C1OCC(O)C1O,[ 0.0944827   0.5950553  -0.7476103  -0.19624506 -0.03152217]
CN(CCCOCCOCCc1ccccc1)CCc1ccc(O)c2nc(O)sc12,[-0.31938684 -0.52996075  0.07200779 -0.08593575 -0.26950848]
CCC[NH+]1CCCCC1C(=O)Nc1c(C)cccc1C,[ 0.14446145  0.71094424 -0.7460941  -0.8623707  -0.11902071]
O=Cc1cccc2ccccc12,[ 0.34691155 -0.44066626 -0.43125582 -1.          0.1658049 ]
CN(C)C(=O)Nc1cc(C(C)(C)C)on1,[-0.39555895  0.9557449  -0.7884017  -0.7276386  -0.08690844]
CN1CCN(CCC=C2c3ccccc3Sc3ccc(S(=O)(=O)N(C)C)cc32)CC1,[-0.23783644  0.8441319  -0.7814376  -0.71309763  0.25310957]
O=[N+]([O-])c1c(Cl)c(Cl)c(Cl)c2nc(C(F)(F)F)[nH]c12,[ 0.25564948  0.5526813  -0.9693149  -0.96347135  0.08021354]
CC[C@H](C)C(=O)O[C@H]1C[C@H](O)C=C2C=C[C@H](C)[C@H](CC[C@@H](O)C[C@@H](O)CC(=O)O)[C@H]21,[-0.08951134  0.57993513 -0.7421993  -0.95445293  0.51734304]
CCOC(=O)C=Cc1ccc2c(c1)OCO2,[ 0.19861673  0.77309966 -0.8215315  -0.9303284  -0.17417872]
CNC(=N)c1cccc(CC(CC(=O)N2CCC(C)CC2)NS(=O)(=O)c2ccc3ccccc3c2)c1,[-0.6863725   0.18677527 -0.68482864  0.28129345  0.14930542]
CCCSP(C)(=S)SC(CC(=O)OCC)C(=O)OCC,[-0.49451226  0.8232529  -0.6051143  -0.948022   -0.11813439]
C[C@@H]1NC(=O)[C@H](C)N(C)C(=O)[C@@H](C)N(C)C(=O)[C@H](C)NC(=O)[C@@H](C)NC(=O)[C@@H](C)N(C)C1=O,[-0.04564998  0.75861454 -0.35595927 -0.7028355  -0.63628644]
O=C(O)c1nn(Cc2ccc(Cl)cc2Cl)c2ccccc12,[ 0.4259937   0.8249986  -0.76615787 -0.13158959 -0.06552873]
Cc1cc([N-]S(=O)(=O)c2ccc(N)cc2)no1,[-0.52487063 -0.5260262  -1.         -0.9980909   0.5804592 ]
C#CC(C)(C)NC(=O)c1cc(Cl)cc(Cl)c1,[-0.10305222  0.9362201  -0.73074937 -0.83067137  0.04096338]
O=C(CCl)CCl,[-0.32680592  0.84886956 -0.5515037  -0.44605702  0.6062135 ]
CN(C)S(=O)(=O)CCCCCNC(=O)N(CCCl)N=O,[ 0.02012049  0.6741599  -0.68224984 -0.8016849  -0.14594564]
CCCCOCCOCCCC,[ 0.37589747  0.7258776  -1.         -1.          0.12310024]
N#Cc1c(-c2ccc(-c3ccncc3Cl)cc2)nc2ccncc2c1O,[ 0.27991486  0.92217755  0.4776086  -0.30394775  0.04137217]
Oc1cc(Cl)c(Cl)c(Cl)c1Cl,[-0.03151987  0.5260993  -0.8739757  -0.554358   -0.20878837]
CSCC(=O)N(C)C(=O)Oc1ccccc1OC(C)C,[ 0.26199868  0.6574001  -0.8251564  -0.78610456 -0.06570122]
CCCP(=O)(CCC)CCC,[ 0.2484832   1.         -0.6609671  -0.23037906 -0.43395525]
C=COC(=O)C=CC,[-0.27354065  1.          0.00720249 -0.8803492   0.27175838]
CC#CN(CC)CC,[ 0.25865978  0.49772978 -0.7807892  -0.8679905   0.13958685]
COC(=O)c1cc(Oc2ccc(Cl)cc2Cl)ccc1[N+](=O)[O-],[-0.19500373  0.6414116  -0.63584435 -0.6729596  -0.2630084 ]
COC(=O)C(C)N(C(=O)Cc1ccccc1)c1c(C)cccc1C,[-0.16831324  0.07564422 -0.67131484 -1.          0.02865482]
CCCCCc1ccccc1O,[ 0.32168546  0.8378445  -1.         -0.69976    -0.49529868]
C=CC(=O)OCC(CC)CCCC,[-0.12447094  1.         -0.7731837  -0.74373686  0.53345543]
CC(C)OP(=S)(OC(C)C)SCn1nc(Cl)ccc1=O,[-0.54796904  0.8806466  -0.35468465  0.32158014 -0.3388404 ]
CC(C)OCCCO,[ 0.518649    0.8879391  -0.49609053 -0.51042426 -0.06176525]
C[NH2+]C(C)C1CCC(N)C(OC2C(N)CC(N)C(OC3OCC(C)(O)C([NH2+]C)C3O)C2O)O1,[ 0.13811345  0.80295557 -0.57525957 -0.38051853  0.03601767]
COc1c2ccoc2c(OCC2OC2(C)C)c2oc(=O)ccc12,[ 0.74133056  0.7113487  -0.85294104 -0.5335675  -0.574475  ]
CC(=O)OC(C)(C)C1CC=C(C)CC1,[ 0.4370074   0.63666105 -0.29205048 -0.41229615 -0.09818401]
CC1CCN(C(=O)CC(Cc2cccc(C(=N)N)c2)NS(=O)(=O)c2ccc3ccccc3c2)CC1,[ 0.26452857  0.8625253  -0.83721924 -0.5635313  -0.16948311]
Cc1ccc(-c2ccccc2)cc1,[ 0.18304545  0.5420566  -0.6677629  -0.9389823  -0.22763215]
O=C(O)Cc1ccccc1N1CCC(CN2CCC(Oc3ccc(Cl)c(Cl)c3)CC2)CC1,[-0.17538567  0.82147264 -0.8192751  -0.77768767 -0.11912997]
CCN(CC)N=Nc1ccccc1,[ 0.5351381   0.674995   -0.8063314  -0.33775294 -0.42652074]
O=C(CF)Nc1ccccc1,[-0.15253922  0.9476942  -0.81411076 -0.9862532  -0.47411686]
COc1ccccc1Oc1c([N-]S(=O)(=O)c2ccc(C)cn2)nc(-c2ccncc2)nc1OC,[ 0.07357436 -0.5592745   0.05928857 -0.50973904 -0.36464456]
CP(=S)(Oc1ccccc1)Oc1ccc(C#N)cc1,[ 0.18560824  0.83620256 -0.7563127   0.3550681  -0.22708409]
CCCCOP(=O)(O)OCCCC,[ 0.48379773  0.64713544 -0.89142567 -0.87335175 -0.23570418]
COc1c(OP(=S)(OCC(C)C)OCC(C)C)cnn(C)c1=O,[ 0.2780609   0.13774173 -0.78477025 -0.38088554  0.29476935]
NCCNCc1ccccc1O,[-0.52203494  0.20728326 -0.71985835 -0.5673227  -0.10149291]
CCCOC(=O)c1ccc(C(=O)OCCC)nc1,[-0.02277895 -0.3794683  -0.41063344 -0.3704074   0.7825532 ]
CNC(=O)ON=C(C)SC,[-0.20663221  0.92688304 -0.449185   -0.39427516 -0.03082862]
Cc1cnc(C)cn1,[ 0.08403282  0.550015   -1.         -0.72904015  0.3808254 ]
Cc1ccsc1C(=CCC[NH+]1CCCC(C(=O)[O-])C1)c1sccc1C,[-0.06152279  0.7627717  -0.98988044 -0.8190754  -0.35197863]
CCc1cc2c(s1)-n1c(C)nnc1CN=C2c1ccccc1Cl,[ 0.36909533  0.9263416  -0.8238468  -0.86921084 -0.44411013]
CCCCSCCCC,[ 0.45191172  0.70060563 -0.78215927 -0.70230645  0.02702141]
C=CC(=O)OCCc1ccc(CC)cn1,[-0.08974389  0.865143   -0.75406694 -0.6351903   0.07736194]
O=C(CCCCC(=O)OCC1CC=CCC1)OCC1CC=CCC1,[-0.8555199  -0.07446818 -1.         -1.         -0.1257388 ]
Nc1ccc(F)c([N+](=O)[O-])c1,[ 0.21882114  0.8627981  -0.80121964 -0.8638121  -0.21705535]
CC(C)=CCN1CCC2(C)c3cc(O)ccc3CC1C2C,[ 0.06629471  1.         -0.8396967  -0.44693702  0.2895728 ]
COP(=S)(OC)SCc1nnc(C(C)C)o1,[ 0.06941202  0.81036025 -0.79051346 -0.68658024  0.44748884]
CO/N=C(/C(=O)NC1C(=O)N2C(C(=O)[O-])=C(C[N+]34CCC(C(N)=O)(CC3)CC4)CSC12)c1nsc(N)n1,[ 0.3020713   0.9878701  -0.7475642  -0.8200795   0.16302252]
COc1nccnc1NS(=O)(=O)c1ccc(N)cc1,"[ 4.8973158e-01  8.5938430e-01 -7.1503085e-01 -7.0389837e-01
 -7.1924349e-04]"
CN(CC#N)N=O,[ 0.01299807  0.7822193  -0.8038899  -0.84559095  0.6485186 ]
CC(C)(C#N)C(C)(C)C#N,[ 0.18707296  0.91554374 -1.         -0.9087809  -0.4469061 ]
O=NN(c1ccccc1)c1ccccc1,[ 0.36518833  0.7534884  -0.7097317  -0.5800434  -0.00621929]
C=CC(=O)OCCOC(=O)CC(C)=O,[ 0.14310637  0.7969656  -0.7798246  -0.8078173   0.35142452]
CC(=O)O[C@H]1C[C@@H]2CC[C@@H]3[C@H](CC[C@@]4(C)[C@H]3C[C@H]([N+]3(C)CCCCC3)[C@@H]4OC(C)=O)[C@@]2(C)C[C@@H]1N1CCCCC1.[Br-],[-0.6371752   0.88798904 -0.8568041  -0.7228893   0.23431446]
C[C@H](CO)Nc1nc(SCc2ccccc2F)nc2[nH]c(=O)sc12,[-0.14303318  0.8411953  -0.45743915 -0.639849    0.28041372]
Cc1onc2c(=O)[nH]nc(-c3ccccc3)c12,[ 0.19918078  0.6846727  -0.8010639  -0.6276096   0.8702335 ]
O=C(Cc1ccc(OCc2ccccc2)cc1)NO,[ 0.6272712   0.82388264 -0.94403064 -0.63443565 -0.16840659]
Oc1nc(-c2ccccc2)nc2ccccc12,[ 0.3631766   0.03652326 -0.5856507  -0.84475935  0.19533537]
Cc1ccc(OP(=O)(Oc2ccccc2)Oc2ccccc2)cc1,[-0.420093    0.7969247  -0.8351795  -0.39483058 -0.1131425 ]
O=C(Nc1cccc(Cl)c1)OCC#CCCl,[-0.11061785  0.79993886 -0.91627187 -0.85369056 -0.45585805]
C=CCOc1ccccc1C(N)=O,[ 0.11247874  0.5560653  -0.9032542  -0.9571043  -0.40459922]
CNc1c(Br)cnc2[nH]c(-c3ccc(S(C)(=O)=O)cc3)nc12,[ 0.05576454  0.67389387 -0.43628594  0.5184892  -0.38755375]
CC(=O)OC(C)OC(=O)C(C)c1ccc(-c2ccccc2)c(F)c1,[-0.26585805 -0.5520628  -0.5350032  -0.2494489  -0.06272601]
COc1cc2ncc(C(N)=O)c(Nc3cccc(Cl)c3Cl)c2cc1N1CCN(C)CC1,[ 0.04660152  0.44432867 -0.8963707  -1.         -0.40522936]
COc1cnc(-c2ccccc2C(F)(F)CNC(=O)c2ccc(COCC(F)(F)F)nc2)cn1,[-0.13451837  0.04323412 -0.33336064 -0.7668182   0.09102736]
CCOC(=O)CCC[Si](C)(OCC)OCC,[ 0.5424606   0.93750167 -0.7034186  -0.80790436 -0.09819919]
SCCc1cnccn1,"[-3.0299521e-04  8.8408089e-01 -9.1188884e-01 -8.0716819e-01
 -1.0042855e-01]"
COC(CN1CCN(CCC(O)c2ccccc2)CC1)c1ccccc1,[ 0.2965204   0.9552992  -0.9177946  -1.         -0.40701854]
FC(F)(F)c1nc2c(Br)c(Cl)c(Br)cc2[nH]1,[ 0.04067519  1.          0.5778821  -0.50406796  0.33047837]
NNC(=O)c1ccncc1,[-0.34425616  0.65424097 -0.14813016 -1.         -0.33266053]
CC(=O)Oc1cc(C(F)(F)F)ccc1C(=O)O,[-0.45158154  0.8553637  -0.943097   -0.35890847  0.01973959]
FC(F)(F)c1nc2c(Cl)c(Cl)cc(Cl)c2[nH]1,[ 0.41420242 -0.0879939  -0.6350156  -0.6667807  -0.09228048]
CC(C)C(CCC(C)C1CCC2C3C(O)CC4CC(NCCC[NH2+]CCCC[NH3+])CCC4(C)C3CCC12C)OS(=O)(=O)[O-],[ 0.16173325  0.81279266 -0.80417436 -0.7728976   0.647002  ]
O=P([O-])([O-])C(Cl)(Cl)P(=O)([O-])O,[ 0.41335863  0.8692566  -1.         -0.6514798  -0.21092583]
CCCCC(CC)C(=O)OC1=C(c2c(C)cc(C)cc2C)C(=O)c2ccccc21,[ 0.2786677   0.99864817 -0.71747    -0.69938815 -0.23675376]
CC(=O)OCc1ccc(C(C)C)cc1,[-0.17605338  0.8868707  -0.8895707  -0.7898221  -0.19249544]
C#CC1(O)CCC2C3CCC4=CC(=O)CCC4C3C(=C)CC21CC,[-0.19436844  1.         -0.59508646 -0.6446612  -0.2059761 ]
Cc1cc(Nc2nc(N[C@@H](C)c3ccc(F)cn3)c(C#N)cc2Cl)n[nH]1,[ 0.41830724  0.69469875 -0.15599148 -0.29705694 -0.44322067]
C=CCNC(=S)Nc1ccccc1,[-0.18288141 -0.88677746 -0.53999174 -0.47276974  0.15185635]
Cc1ccc2nc(C[N+]34CCC(CC3)[C@@H](OC(=O)[C@](C)(c3ccccc3)N3CCCCC3)C4)oc2c1,[ 0.3450927   0.9307416  -0.5804184  -0.55371    -0.82207876]
COc1c(OCc2ccc(-c3ccccc3-c3nnn[nH]3)cc2)cc(C)nc1C,[ 0.42638177  0.89194477 -0.7685669  -0.43780062  0.13954791]
CN[C@@H](C)[C@@H](O)c1ccccc1,[-0.03758813  0.12633441 -0.13110161 -0.7162489   0.38363245]
CCOC(=O)CCN(Cc1ccccc1)SN(C)C(=O)ON=C(C)SC,[-0.38317135  1.         -0.9026291  -1.         -0.04115809]
CC[C@H](CO)NC(=O)[C@H]1C=C2c3cccc4[nH]cc(c34)C[C@@H]2N(C)C1,[ 0.25286135  1.         -0.6941288  -0.99261725 -0.29253286]
CCC(=O)OCc1ccc(OC)cc1,[ 0.24151465  0.2886284  -0.9958959  -0.95239604  0.149297  ]
CN(C)C(=O)Oc1cccc2sccc12,[ 0.06256773  0.78021145 -0.6105196  -0.6002047  -0.42419446]
CCCCC(=O)N(Cc1ccc(-c2ccccc2-c2nnn[n-]2)cc1)C(C(=O)[O-])C(C)C,[ 0.22004789  0.23687902 -0.87401927 -0.77893025 -0.118864  ]
CCC(CCCCOC(=O)c1ccccc1)COC(=O)c1ccccc1,[ 0.31484473  0.7006532  -0.93328583 -0.88421655  0.06762669]
CN1C[C@@H]2c3ccccc3Oc3ccc(Cl)cc3[C@H]2C1,[ 0.06782428 -0.10783142 -0.6189724  -0.9365176  -0.28616926]
CCOC(=O)COC(=O)c1cc(Oc2ccc(C(F)(F)F)cc2Cl)ccc1[N+](=O)[O-],[ 0.24975996 -0.24424845 -0.32437196 -0.05176895  0.16366844]
CCC1OC(C)SC1=NOC(=O)NC,[ 0.08008382  0.7725115  -0.41367832  0.56546664 -0.5451273 ]
CN(C1CCCCC1)C1CCCCC1,[ 0.23270224  0.6165838  -0.8509744  -0.8970574  -0.12334225]
O=C(OCC1CO1)c1ccccc1C(=O)OCC1CO1,[ 0.37756205  0.3523607  -0.64590114  0.8324052   0.3538013 ]
CC(=O)OO,[-0.14703068  0.84451574 -0.38094962 -0.9420771   0.2544175 ]
CC1NC(=S)NC1=O,[ 0.00623393  0.8352204  -0.8136916  -0.7013725   0.70013016]
CCCCC(CC)COCCO,[-0.3726381   0.76288563 -0.9123431  -0.8231007   0.16740519]
O=NN1CCCCC1,[-0.04573264  0.95094347 -0.8146985  -0.267932   -0.597885  ]
COc1cc2c(c3oc(=O)c4c(c13)CCC4=O)C1C=COC1O2,[ 0.21893568  0.84573597 -0.88016105 -1.         -0.19015817]
CC(C)CCCC1CCC(C)(C(=O)NCC(=O)O)CC1,[ 0.45889854 -0.32522568 -0.0994282  -0.57684535  0.02381782]
CC1CC(=O)CC(C)O1,[ 0.16766977  0.25890362 -0.80320674 -0.8126229   0.12751216]
CCOC(=O)C1OC1c1ccccc1,[ 0.29435632  0.88646895 -0.84460866 -0.6609518  -0.00771738]
C=CCI,[ 0.37738907  0.15423034 -0.5087402   0.24141988  0.22966549]
Cc1ccc2c(c1)c(-c1ccnc3cc(Cl)ccc13)c(C)n2CC(=O)O,[ 0.31129324  0.43360245 -0.65610355 -0.91054666 -0.01445975]
CNC(=O)Oc1cc(C)c(N(C)C)cc1C(C)C,[ 0.56576747  0.795999   -0.77879816 -0.32836476 -0.43104434]
C[C@@H](NC1=CC(=O)CC1)c1ccc(Nc2ncc3cc(-c4ccncc4)ccc3n2)cc1,[-0.15687895  0.7999645  -0.917397   -0.42724565 -0.45182127]
COc1cc2ncc(C(N)=O)c(Nc3ccc(F)cc3F)c2cc1NCCN1CCCCC1,[ 0.38054517  0.8537642  -0.7653275  -0.6236853   0.54080594]
COc1ccc2c3c1OC1CC(O)C=CC31CC[NH+](C)C2,[-0.61478263  0.7948686  -1.         -0.61735     0.05074646]
COCc1c(C(C)C)nc(C(C)C)c(/C=C/[C@@H](O)C[C@@H](O)CC(=O)O)c1-c1ccc(F)cc1,[ 0.42640164  0.79656076 -0.82077384 -0.5370542  -0.10873796]
NC(=O)CCCCC1CCSS1,[ 0.28488874  0.8385916  -0.8144037  -0.25758308 -0.04657578]
OCCN(CCO)CCO,[-0.53583735  0.86778605 -0.6903403  -0.71622103 -0.28977132]
C=C(C)c1cccc(C(C)(C)N=C=O)c1,[ 0.2763714   0.5174168   0.04400625 -1.         -0.62327576]
C[C@H](CO)Nc1nc(SCc2cccc(F)c2F)nc2nc(N)cnc12,[ 0.19116256  0.2556825  -0.79148114 -1.         -0.17414778]
CC(C)c1cccc(C(C)C)c1O,[ 0.2796433  -0.5185186  -0.20711833 -0.6834638  -0.15339902]
CCOC(=O)c1noc(C)c1C(C)=O,[ 0.29234266 -0.26001427 -0.7389295  -0.80895954  0.17236935]
CCP(=O)(OC)SC,[-0.32161576  0.68747586 -0.91217035 -1.          0.76432   ]
O=C(Nc1ccc(Cl)c(C(=O)Nc2cccnc2)c1)c1cccc(C(F)(F)F)c1,[ 0.39347303  0.81762415 -0.6825173  -0.30103505  0.01818247]
CC1OC(OC2C(O)CC(OC3C(O)CC(OC4CCC5(C)C(CCC6C5CC(O)C5(C)C(C7=CC(=O)OC7)CCC65O)C4)OC3C)OC2C)CC(O)C1O,[-0.29720274  0.77332574 -0.78674823 -0.65213     0.10446534]
O=C([O-])c1cc(N=Nc2ccc(S(=O)(=O)Nc3ccccn3)cc2)ccc1O,[-0.5336476   0.827286    0.19340523 -0.7088093   0.02928164]
CC(C)(c1ccc(Oc2ccc(N)cc2)cc1)c1ccc(Oc2ccc(N)cc2)cc1,[-0.45380667 -0.04880235 -0.11611064 -0.97879857  0.44152007]
OCCNCCOc1ccc(C(=C(c2ccccc2)C(F)(F)F)c2ccccc2)cc1,[ 0.02527373  0.7932795  -1.         -0.3204549   0.31359038]
CCOC(C)=Cc1oc2ccccc2[n+]1CCCS(=O)(=O)[O-],[ 0.24559478  0.4895858  -0.8569892  -0.79879355  0.79299736]
CCOP(=S)(NC(C)C)Oc1ccccc1C(=O)OC(C)C,[-0.1914812   0.8235379  -0.51026386 -0.32111007  0.38876954]
O=C1CCc2ccccc2O1,[ 0.24653286  0.86845344 -0.5672568  -0.6966274  -0.31656864]
O=c1[nH]cnc2c1ncn2[C@H]1CC[C@@H](CO)O1,[-0.46574792  0.606174   -1.         -0.66848755 -0.01959603]
Cc1ccccc1S(=O)(=O)NC(=O)N1CCC(N2CCC(Oc3ccc(Cl)c(Cl)c3)CC2)CC1,[ 0.24936351  0.87066734 -0.815049   -0.7894538  -0.50038797]
C=COC(=O)CCCCCCC,[ 0.517341    0.80192536 -0.9551647  -0.46670127 -0.35782686]
O=c1cc(-c2ccc(O)cc2)oc2cc(O)cc(O)c12,[-0.28693512  0.7183741  -0.63698304 -0.93921417  0.46869206]
CCOP(=S)(OCC)OC(C)CC,[-0.35201082  0.7548914   0.5532352  -0.57867914 -0.42282644]
CN1C(=O)CN=C(c2ccccc2F)c2cc(Cl)ccc21,[-0.23492618  0.8580319  -0.92144287 -0.38584292 -0.47940984]
C=CCc1ccccc1OCC(O)C[NH2+]C(C)C,[ 0.516334    0.7317851  -0.80304515 -0.56007093 -0.45229492]
O=C(OCC(COC(=O)c1ccccc1)(COC(=O)c1ccccc1)COC(=O)c1ccccc1)c1ccccc1,[ 0.3117802  -0.6980037  -0.63410103 -0.67980057 -0.15098907]
CCNC(=O)ON=C1SCOC1C,[-0.08944055  0.73506695 -0.21667127 -0.83124864 -0.37138143]
CC1=C(CC(=O)O)c2cc(F)ccc2C1=Cc1ccc(S(C)=O)cc1,[ 0.2395159  -0.44789636 -0.67021585 -0.5081166  -0.19397831]
N=C(N)Nc1nc(CSCCC(=N)NS(N)(=O)=O)cs1,[ 0.7151875   0.44175547 -0.88251716 -0.52456415 -0.17000031]
FC(F)(F)c1nc2c(Br)cc(Br)cc2[nH]1,[ 0.14586489  0.84504324 -0.8630375  -0.6615986  -0.23570241]
O=P(O)(O)C(O)(Cn1ccnc1)P(=O)(O)O,[-0.4803872   0.7097073  -0.8914517  -0.7109723  -0.04396529]
CC(=CC(=O)O)C(=O)O,[ 0.23718122  0.5145967  -1.         -0.75244075  0.45224288]
Cc1cnc(Nc2cc(N3CCOCC3)nc(N[C@@H](C)c3ncc(F)cn3)n2)s1,[ 0.42590258  0.94741744 -0.9364787  -0.40104815 -0.17437267]
C#CC(C)(O)C(O)c1ccccc1,[ 0.3004523   0.85685533 -0.80614567 -0.60182995  0.88315797]
CCNC(=O)C(C)OC(=O)Nc1ccccc1,[ 0.33812872  0.7021139  -0.7681     -0.7251237  -0.06312237]
Cn1cnc(S(=O)(=O)N(CCN(Cc2cncn2C)c2ccc(C#N)cc2)Cc2ccccc2)c1,[-0.32136256  0.67926157 -0.8326142  -0.7908654  -0.07404847]
CCC(=O)N(c1ccccc1)C1CC[NH+](CCc2ccccc2)CC1,[-0.22371244 -0.5702693  -0.5741702  -0.29232076 -0.09492905]
CSCCC(OC(C)=O)C(=O)O,[ 0.22083388  0.81282693 -0.8021929  -0.6616004   0.5019876 ]
COCCNC(=O)c1ccc(Nc2ncc3cc(-c4ccncc4)ccc3n2)cc1C,[ 0.34841225 -0.4065824  -0.68559164 -0.0322382   0.293271  ]
CN(C)C1C(O)=C(C(N)=O)C(=O)C2(O)C(O)=C3C(=O)c4c(O)cccc4C(C)(O)C3C(O)C12,[ 0.32856414  0.7376994  -1.         -0.743989    0.25206277]
C=CC1=C(C)/C(=C\c2[nH]c(Cc3[nH]c(/C=C4/NC(=O)C(C)=C4C=C)c(C)c3CCC(=O)O)c(CCC(=O)O)c2C)NC1=O,[-0.6902223   0.83267033 -0.4117544  -0.6993472  -0.47527817]
C=COC(=O)CCCCC(=O)OC,[ 0.37965176 -0.50797135 -0.79477125 -0.714829    0.04934053]
Cc1ccc(NC(=O)c2ccc(C#N)cc2)cc1-n1cnc2ccc(N3CCN(C)CC3)cc2c1=O,[-0.52160776  0.94437855 -0.751137   -1.          0.31898493]
FC(F)(F)c1nc2c(Br)c(Br)cc(Br)c2[nH]1,[ 0.3502403   0.39250308 -0.7246354  -0.9416145   0.06037878]
C[Si](C)(C)CCCC(=O)O,[ 0.00591557  0.76036006 -0.24499117 -0.6298476  -0.15459369]
COP(N)(=O)SC,[-0.33262855  0.82413095 -0.65625656 -0.5506071  -0.02523804]
COc1ccc(CC2c3cc(OC)c(OC)cc3CCN2C)cc1OC,[ 0.23745173  1.         -0.7096884  -0.97498524  0.12856849]
COc1cc(C=CC(N)=O)ccc1O,[ 0.25291982  0.7271218  -0.91453564 -0.8323812  -0.16149612]
O=C(Cl)c1cccc(C(=O)Cl)c1,[ 0.24182858  0.10706592 -0.5095806  -0.78783995 -0.05901109]
CC(O)C#N,[-0.40241814 -0.5567255  -0.3194068  -1.         -0.05961435]
C=C(C)c1ccc(C(C)(C)N=C=O)cc1,[ 0.13487862  0.94525373 -0.56153506 -0.67431784 -0.39500815]
O=c1[nH]c2ccccc2n1CCCN1CCN(C(c2ccccc2)c2ccccc2)CC1,[ 0.44841242  1.         -0.9545345  -0.08299972 -1.        ]
CC(=O)N(C)c1ccc(Nc2ncc3cc(-c4ccncc4)ccc3n2)cc1,[-0.22320727  0.79877067 -0.92172     0.02520905  0.29135638]
Cc1ccc(NC(=O)c2ccc(Cl)c(C(F)(F)F)c2)cc1C(=O)Nc1cccnc1,[ 0.18617435  0.590868   -0.98330235 -1.          0.6655354 ]
CC#CCC(C)C(O)/C=C/C1C(O)CC2C/C(=C/CCCC(=O)[O-])CC21,[ 0.29182756  0.5593585  -0.8846457  -0.6399652   0.69887465]
Nc1ncc2cc(-c3c(Br)cccc3Br)c(N)nc2n1,[ 0.3537286   0.82562906 -0.6941168  -0.10328283 -0.14023094]
Cc1cccc2sc3nncn3c12,[ 0.19997756  0.8372052  -0.52464384  0.13579407 -0.05968196]
C1=CC2C3C=CC(C3)C2C1,[ 0.22813112  0.7129085  -0.5076668  -0.6976747  -0.16154392]
CN(C)N=Nc1ccc(I)cc1,[ 0.21013546 -0.45756474 -0.79659075 -1.         -0.0190439 ]
CC1(C)C2CCC1(C)C(O)C2,[-0.18376537  0.09276491 -0.9766972  -0.73068494 -0.11412384]
COc1cc2nc(N3CCN(C(=O)C(C)OC)CC3)nc(N)c2cc1OC,[ 0.45226955  0.90434754 -1.         -0.77750826 -0.4763331 ]
CCCCCCCC(=O)N[C@@H](CCN)C(=O)N[C@H](C(=O)N[C@@H](CCN)C(=O)N[C@H]1CCNC(=O)[C@H]([C@@H](C)O)NC(=O)[C@H](C)NC(=O)[C@H](CCN)NC(=O)[C@H](CC(C)C)NC(=O)[C@@H](Cc2ccccc2)NC(=O)[C@H](CCN)NC1=O)[C@@H](C)O,[ 0.17767783  0.198002   -0.886285    0.03992141 -0.3396205 ]
C#CC1(O)C=CC2C3CCC4=CC(=O)CCC4C3CCC21CC,[-0.44167164  0.49597257 -0.74131805 -0.99114597 -0.07692298]
O=C(CCC(=O)OC1CCCCC1)OC1CCCCC1,[-0.22361939  0.18944564 -0.7238364  -0.8834877   0.15097892]
N#CCCOCCC#N,[-0.2765158   0.9023249  -0.8956317  -1.         -0.10583945]
C1=CCC(C2OCC3(CC=CCC3)CO2)CC1,[-0.5391961   0.6868398  -0.7468596  -0.37069562 -0.4470937 ]
CN(C)CC/C=C1/c2ccccc2COc2ccc(CC(=O)O)cc21,[ 0.21971738  0.9164089  -0.05462335 -0.56827086 -0.05136229]
CC(CN1CC(=O)NC(=O)C1)N1CC(=O)NC(=O)C1,[-0.27984673  0.66801214 -0.94190544 -0.94141585 -0.24014893]
CCCN(N=O)C(N)=O,[-0.33034486  0.70098925 -0.6220529  -0.98282695 -0.22219114]
CCOC(=O)C=Cc1ccc(Cl)cc1,[ 0.08715852  0.81369627 -0.9485781  -0.75014347  0.23461172]
O=C(CN1CCOCC1)NN=Cc1ccc([N+](=O)[O-])o1,[ 0.1174297   0.73920023 -0.5073796  -0.78931785 -0.01948542]
CC1CCCCN1N=O,[ 0.07582431  0.7741501  -0.79435146 -0.46927318 -0.15320423]
COP(=S)(OC)Oc1nc(Cl)c(Cl)cc1Cl,[ 0.3029883  -0.21519092 -0.91856116 -0.69824123  0.11160709]
O=CC=CC1CO1,[ 0.34917396  0.7820704  -0.9091148  -1.          0.1762648 ]
CCC(CC)n1nc(C)c(C(=O)N[C@@H](C)C(C)(C)C)c1NS(=O)(=O)c1ccc(C)cc1,[ 0.14639015  0.6025728  -0.78129184 -0.79877716 -0.25644022]
CCC(C)OP(=S)(OC)OC,[ 0.58720016  0.83211213 -1.         -0.502398   -0.3381351 ]
OCCNCCc1ccccc1,[ 0.11871175  0.8774136  -0.78685194 -0.9562502   0.47839934]
COc1c(Cl)ccc(Cl)c1C(=O)OCCN(CCOC(=O)c1c(Cl)ccc(Cl)c1OC)c1ccccc1,[ 0.13393585  0.80116814 -0.4662746  -0.98048085  0.1574344 ]
CN(CCO)Cc1cc(C(=O)c2cccs2)cc(C(C)(C)C)c1O,[-0.39177442  1.         -0.8456375  -0.55514526 -0.5097126 ]
O=C(CCc1ccccc1)OC1=C(OC(=O)CCc2ccccc2)C(=O)OC1=O,[-0.05697741  0.81898063 -0.8556202  -0.6429356   0.32074803]
CC(NC(C)c1ccccc1)c1ccccc1,[ 0.3572033   0.99547374 -0.6512904  -0.36235073  0.29444492]
OC1(c2ccc(Cl)c(C(F)(F)F)c2)CCN(CCCC(c2ccc(F)cc2)c2ccc(F)cc2)CC1,[-0.29611358 -0.20537394 -0.7384238  -0.74527735  0.3524555 ]
Nc1nc(O)c(Cl)c(-c2ccccc2)n1,[ 0.20803505  0.12366569 -0.79839325 -0.90898347  0.3421268 ]
CC([NH3+])Cc1ccccc1,[-0.11104255  0.625348   -1.         -0.99343383 -0.2410646 ]
COCCN(C(=O)CCl)c1c(C)cccc1C,[-0.21590252  0.4864262  -0.35040167 -1.          0.32268766]
COC(=O)C(C)NP(=O)(OC[C@@H]1C=C[C@H](n2cc(C)c(=O)[nH]c2=O)O1)Oc1ccc(I)cc1,[ 0.3018712   0.6845371  -0.8051904  -1.          0.10069972]
c1c[nH]cn1,[ 0.5811515   0.8833592  -0.5424848   0.13057336 -0.26972303]
Cn1c(C2=CCN(CCCN3c4ccccc4Sc4ccc(CC(=O)O)cc43)CC2)cc(=O)n(C)c1=O,[ 0.06118559 -0.36299595 -0.64055264 -0.6069749  -0.06851875]
C=CC(=O)OCCOC(=O)c1ccc(C(=O)O)cc1C(=O)O,[ 0.4573273  -0.22157279 -0.01884008 -0.04670105 -0.40363678]
CCCCc1nc(Cl)c(CO)n1Cc1ccc(-c2ccccc2-c2nnn[nH]2)cc1,[-0.02766241  0.9785512  -0.68902427 -0.52211964  0.25258356]
C=CS(C)(=O)=O,[ 0.21995015  0.8800061  -0.87675315 -0.66350025  0.66122794]
CCCOP(=O)(OC=C(Cl)Cl)OCCCl,[ 0.3676633  -0.15261066 -0.9091491  -0.6376231  -0.06980982]
CCN(CC)c1ccc2c(C)cc(=O)oc2c1,[ 0.57410204  0.04221031 -0.4436223  -0.6525739   0.55435216]
CO[C@@H]1C=CO[C@@]2(C)Oc3c(C)c(O)c4c(c3C2=O)C(=O)/C(=C\NN2CCN(C)CC2)C(=C4O)NC(=O)C(C)=CC=C[C@@H](C)[C@H](O)[C@H](C)[C@H](O)[C@@H](C)[C@@H](OC(C)=O)[C@@H]1C,[ 0.83384013 -0.8671996  -0.58218074 -0.81458455 -0.2882663 ]
Nc1nc2c(ncn2COCCO)c(=O)[nH]1,[ 0.3411004   0.5721227  -0.952149   -0.20818813  0.59657526]
CCC(=O)OC1C(C)OC(OC2C(C)OC(OC3C(CC=O)CC(C)C(O)C=CC=CCC(C)OC(=O)CC(OC(C)=O)C3OC)C(O)C2N(C)C)CC1(C)O,[ 0.20842892  1.         -0.98645186 -0.86363196 -0.08741336]
COc1ccc(-c2cc(=O)c3ccc(OC)cc3o2)cc1,[ 0.19236669  0.7203757  -0.7168416  -0.59609306  0.27802774]
CCCN(CCC)c1c([N+](=O)[O-])cc(C(C)C)cc1[N+](=O)[O-],[ 0.28758454  0.90082824 -0.7744635  -0.5788262   0.52638113]
Nc1nc2c(Cc3cccnc3)c[nH]c2c(=O)[nH]1,[ 0.37302858  1.         -0.9282683  -0.6354664   0.07531248]
Nc1nc(O)c2ncn(COCCO)c2n1,[ 0.47604984  0.6140102  -0.21216716 -0.73680604 -0.31818113]
CCOP(=S)(OCC)Oc1cccc(F)n1,[ 0.1851558   0.73713976 -0.8605532  -0.76119167  0.5821896 ]
CC[C@H](C)[C@H](NC(=O)[C@H](CCC(=O)[O-])NC(=O)[C@H](CCC(=O)[O-])NC(=O)[C@H](Cc1ccccc1)NC(=O)[C@H](CC(=O)[O-])NC(=O)CNC(=O)[C@H](CC(N)=O)NC(=O)CNC(=O)CNC(=O)CNC(=O)CNC(=O)[C@@H]1CCCN1C(=O)[C@H](CCCNC(N)=[NH2+])NC(=O)[C@@H]1CCCN1C(=O)[C@H]([NH3+])Cc1ccccc1)C(=O)N1CCC[C@H]1C(=O)N[C@@H](CCC(=O)[O-])C(=O)N[C@@H](CCC(=O)[O-])C(=O)N[C@@H](Cc1ccc(O)cc1)C(=O)N[C@@H](CC(C)C)C(=O)[O-],[ 0.11630806  0.24695443 -0.8606144  -0.79636335 -0.38382486]
O=P(OCCCl)(OCCCl)OC1CC(C(Br)CBr)CCC1Cl,[ 0.81613666  0.8608073  -0.67824686 -0.83792645 -0.07160887]
COC(=O)C(C(C)=O)C(C)=O,[-0.11631317  0.26593578 -1.         -0.8278877   0.01867067]
CSCCC([NH3+])C(=O)NC1(C(=O)[O-])CS(=O)(=O)C2C(C(=O)[O-])C21,[-0.34224087  0.5853467  -0.17258516 -0.9229091  -0.07011456]
CCC(CC)(C(=O)O)c1cccc2ccccc12,[-0.2859283   0.7856729  -0.780203   -0.85591674  0.17212962]
CNC(=O)Oc1cccc2c1OC(C)(C)O2,[ 0.12279786  0.7336892  -1.         -1.          0.2647793 ]
Cc1ccc(C(=O)N(CCCN)[C@@H](c2nc3cc(Cl)ccc3c(=O)n2Cc2ccccc2)C(C)C)cc1,[ 0.3514179   0.6905101   0.46554795 -0.18618758 -0.19102778]
O=C1OCC2C1C1(Cl)C(Cl)=C(Cl)C2(Cl)C1(Cl)Cl,[ 0.19287208  0.46469924 -0.76464695 -0.60754466  0.55979335]
CNC(=O)OCc1cccc(COC(=O)NC)n1,[ 0.33636802  0.643692   -0.5216368  -0.5130615   0.18389502]
COC(=O)c1ccccc1N=NN(C)C,[ 0.06509139  0.8470611  -0.87749493 -0.7238585  -0.29860494]
CC(C)c1cccc(OC(=O)N(C)C)c1,[-0.08883865  0.269518   -0.6248987  -1.         -0.11279462]
Cc1nccc(-c2ccc(-c3nc4ccncc4c(O)c3C#N)cc2)c1Cl,[ 0.4415878   0.9328105   0.19889838 -0.2884778   0.20178923]
COc1ccc(CC(C)=O)cc1,[ 0.07951652  0.8596314  -0.75600374 -0.86778116  0.63914937]
C=CC(C)CCCC(C)(C)O,[ 0.20683149  0.5874757  -0.52276987 -0.5134446  -0.17660399]
CC1(C)C2CC=C(CCO)C1C2,[ 0.4624305   0.86266196 -0.9019252  -0.6516753   0.18938935]
CC(C)=CCl,[ 0.02580115  0.9047759  -1.         -0.6266855   0.46728507]
CC(=O)c1ccc2c(c1)N1C(=O)OCC1CC2,[ 0.21684106  0.88870364 -1.         -0.7977345   0.5213704 ]
CN(C)C(=O)N(C)N=O,[ 0.22549048  0.75821775 -0.6005563  -1.         -0.41654667]
O=[N+]([O-])c1cccc(O)c1,[-0.25193128  0.5179511  -0.60034853 -0.7620368   0.18750349]
CCCCCCCCOC(C)=O,[-0.14905867  0.5379435  -0.83746934 -0.96711284 -0.47964364]
Cc1ccc(C(=O)c2ccc(CC(=O)NCC(=O)Nc3cccc(C)c3C)n2C)cc1,[ 0.06995814  0.8747333  -0.40475008 -0.13018313 -0.0037457 ]
C1C[SiH2]C1,[-0.07875151  0.5540244  -0.98673767 -0.8739167  -0.11050894]
CC(=O)OC(C(=O)NC(N)=O)c1ccccc1,[ 0.4105523   0.8120684  -0.5131494   0.8834436   0.69995844]
OCC(O)C(O)C(O)CO,[ 0.48064888  0.8157929  -0.0061965  -0.8855716  -0.19757095]
COC1CCC=CO1,[-0.5479017   0.97348696  0.691235   -0.44744477 -0.03634   ]
O=c1cc(N2CCOCC2)nc2n(Cc3cccc(Cl)c3Cl)ccn12,[ 0.37416068  0.19999526 -0.9388381  -0.03438515  0.08248422]
CC(C)(C)c1nnc(NS(=O)(=O)c2ccccc2)s1,[ 0.29565966  0.86271703 -0.7928939  -0.43915108  0.20438471]
CC1CC(=O)NN=C1c1ccc([N-]N=C(C#N)C#N)cc1,[ 0.43133733  0.31136566 -0.5958331  -1.          0.11482014]
O=C(O)CCCOc1ccc(Cl)cc1Cl,[-0.16502334 -0.09202806 -0.64498174 -0.8143145  -0.02252043]
Nn1cnc2cc3ccccc3cc2c1=O,[ 0.06547904  0.49908188  0.27083614 -0.51231384 -0.2941414 ]
CCC(=O)NCCC1CCc2ccc3c(c21)CCO3,[-0.04018242 -0.02962271 -0.8669394  -0.4479245   0.5080436 ]
C=CC(=O)OCCOCCC#N,[-0.12741964  0.72917515 -0.89819545 -0.82556355 -0.01053711]
CC(NNC(=O)c1ccccc1)c1ccccc1,[ 0.36139578  0.911571   -1.         -0.7891839  -0.20805366]
CCC(=O)N(c1ccccc1)C1CCN(CCc2ccccc2)CC1,[-0.15102299  0.6342045  -0.6368679  -0.53645676 -0.11959077]
Cc1ccc(CO)cc1N(C)c1ccnc(Nc2cc(N3CCCOCC3)cc(N3CCOCC3)c2)n1,[ 0.7044388   0.9347628  -0.9820602  -0.55853397  0.04743735]
CCCCN(N=O)C(N)=O,[ 0.48577383  0.37960368 -0.6069901  -0.89921606 -0.3968389 ]
CCOCCCO,[ 0.37452582  0.02965027 -0.5974021  -0.37520343  0.3689178 ]
Cc1cc(Cl)ccc1OCC(=O)O,[ 0.23154008  0.8631804  -0.8807142  -0.7616698   0.18312709]
CCc1nc2cc(O)ccc2c(Oc2ccc(/C=C/C(=O)O)cc2)c1-c1ccccc1,[-0.16112196  1.         -0.55596304 -0.7643384   0.35718924]
NC(=[NH2+])NCCCCC1NC(=O)CCSSCC(C(N)=O)NC(=O)C2CCCN2C(=O)C(Cc2c[nH]c3ccccc23)NC(=O)C(CC(=O)[O-])NC(=O)CNC1=O,[ 0.2830964   0.11798984  0.8021457  -0.30900273 -0.07162577]
CCOC(=O)COc1ccc(C(=O)CN2CCN(C3CCN(C(=O)OCOC(=O)C(C)(C)C)CC3)CC2=O)cc1,[ 0.17328262  0.94032115 -0.7090969   0.02914618  0.64572406]
CCOP(=S)(OCC)Oc1cc(C)n(CC)c(=O)c1,[ 0.3167035   0.8389598  -0.726453   -0.7001828  -0.13357593]
COc1cc([C@@H]2c3cc4c(cc3[C@@H](O[C@@H]3O[C@@H]5CO[C@@H](C)O[C@H]5[C@H](O)[C@H]3O)[C@H]3COC(=O)[C@H]23)OCO4)cc(OC)c1O,[-0.07339584  0.7777804  -0.59326434 -1.          0.53508145]
CC12CCC3c4ccc(O)cc4CC(CCCCCCCCCS(=O)CCCC(F)(F)C(F)(F)F)C3C1CCC2O,[ 0.30573812 -0.18288267 -0.87773997 -0.2889324   0.09881553]
CCCCCNCCCCC,[ 0.4983655   0.7577294  -0.69030434 -0.26264593  0.05431411]
Cc1ccc2c(c1)c(S(=O)(=O)c1ccc(Cl)cc1)c(C)n2CC(=O)O,[ 0.07759987  0.88677955 -0.91280097 -0.4386099  -0.13697058]
N[C@H]1CCN(c2c(Cl)cccc2/C=C2\SC(=O)NC2=O)C1,[-0.30965796  1.         -0.71098465 -0.8189602  -0.16849214]
CN(C)CC=C(c1ccc(Br)cc1)c1cccnc1,[-0.01865062  0.7589314  -0.35468018 -0.71055156 -0.39699414]
CCCc1nn(C)c2c(=O)[nH]c(-c3cc(S(=O)(=O)N4CCN(C)CC4)ccc3OCC)nc12,[-0.00915666  0.5177482  -0.66515255  0.25217828 -0.19021316]
CN,[ 0.454723    0.702828   -0.7684203   0.2825061   0.09442011]
C=CC(=O)N(C)C,[ 0.52786964  0.55725515  0.04540774 -0.63314545 -0.27563846]
CN(C)C(=O)Nc1ccc(Cl)cc1,[ 0.36138567  0.75253963 -0.68431497 -0.99489117  0.11184949]
C1COCCOCCNCCOCCOCCN1,[ 0.79613274  1.         -0.8955579  -0.97555697  0.3244385 ]
CCC(=O)Nc1ccc2[nH]c(C(F)(F)F)nc2c1,[-0.28694138  0.3423882  -0.9764674  -1.          0.87471044]
CCOP(=S)(OCC)Oc1ccc([N+](=O)[O-])c(C)c1,[-0.20360552  0.89474154 -0.80312204 -0.65453     0.11063153]
CCOc1ccccc1C(N)=O,[ 0.6610854   0.7508602  -0.43511337 -0.46557555 -0.7178854 ]
COP(=S)(OC)SCc1nc(N)nc(N)n1,[ 0.59713966  0.73748976 -0.8933182  -0.39990684  0.31292608]
CCCCc1c(OC(=O)c2cc(OC)c(OC)c(OC)c2)n(-c2ccccc2)n(-c2ccccc2)c1=O,[ 0.09265266  0.8213896  -0.5650593  -0.8624015  -0.14322492]
NS(=O)(=O)c1cc2c(cc1Cl)NC(C(Cl)Cl)NS2(=O)=O,[-0.00445763  0.69889694 -0.96637106 -0.50137454  0.16386841]
OCCOc1cc(Cl)c(Cl)cc1Cl,[-0.4653586   1.         -0.7139562  -0.7080973   0.10307681]
O=CNc1cc([C@@H](O)CNCCc2ccc(NC[C@H](O)c3ccccc3)cc2)ccc1O,[ 0.5007989  0.5559186 -1.         0.8927352  0.6416825]
O=C(Cl)CCl,[ 0.34714717  0.6755162  -0.6466998  -0.6758079  -0.4527754 ]
COP(=S)(OC)Oc1ccc(C#N)cc1,[ 0.45061022  0.04447748 -0.67245597 -0.54260576  0.1082832 ]
CC(=O)SCC(=O)Nc1nc2ccccc2s1,[ 0.41279066  0.66804785 -0.6509119  -1.         -0.24789366]
Nc1c(Cl)c(Cl)c2[nH]c(C(F)(F)F)nc2c1Cl,[-0.15418597  0.61643684 -0.56731445 -1.         -0.39432177]
CCC(C(=O)N1CCCCC1C(=O)OC(CCc1ccc(OC)c(OC)c1)c1cccc(OCC(=O)NCCNC(=O)COc2cccc(C(CCc3ccc(OC)c(OC)c3)OC(=O)C3CCCCN3C(=O)C(CC)c3cc(OC)c(OC)c(OC)c3)c2)c1)c1cc(OC)c(OC)c(OC)c1,[ 0.15449487 -0.83978564 -0.67034477  0.05138126 -0.16761921]
C=CC(=O)Nc1ccc(O)cc1,[-0.16578695 -0.20294239 -0.8561392  -1.         -0.20895647]
c1cc(-c2ccc3nc(Nc4ccc(OCCN5CCCC5)cc4)ncc3c2)ccn1,[ 0.1653453   0.8927167  -0.79320526 -0.5946284  -0.38618696]
OCCCCC(O)CO,[ 0.17171472  0.5920705  -0.811974   -0.6224243   0.49325758]
CNC(=N)c1cccc(CC(CC(=O)N2CCC(C(=O)O)CC2)NS(=O)(=O)c2ccc3ccccc3c2)c1,[ 0.56590647  0.24662219 -0.63822114  0.65483046 -0.08143453]
Cc1c(OC2CCN(CC3CCN([C@@](C)(Cc4ccc(F)cc4)C(=O)O)CC3)CC2)ccc(Cl)c1Cl,[ 0.20493346 -0.27924284 -0.84046125 -0.5363032   0.1328158 ]
CC(C)[N+](=O)[O-],[ 0.28198588  0.9314549  -0.77821267 -0.6224939  -0.36679628]
CCC(C)OC(CBr)c1ccc(Cl)cc1,[-0.78299385  0.70398545 -0.81970507 -0.6047159   0.2599137 ]
CC1=C2C[C@H]3[C@@H](CC=C4C[C@@H](O)CC[C@@]43C)[C@@H]2CC[C@]12O[C@@H]1C[C@H](C)CN[C@H]1[C@H]2C,[-0.65630025  0.8787418  -0.7105493  -0.69077843 -0.2302828 ]
O=C(C(F)(F)Cl)C(F)(F)Cl,[-0.06616236  0.8516886  -0.916933   -0.56555927  0.6476049 ]
FC(F)=C(F)CCSc1ncccn1,[ 0.23284368  0.43278036 -0.77204865 -0.8211231  -0.03560102]
O=C(Cc1cccs1)N[C@@H]1C(=O)N2C(C(=O)[O-])=C(C[n+]3ccccc3)CS[C@H]12,[ 0.56209517  0.7083738  -0.90633976 -0.46175715  0.04849205]
Cc1cc(OC(=O)N(C)C)n(C(C)C)n1,[-0.26649064  0.8372496  -0.56511396  0.7204342   0.00511036]
CC(C)(O)c1ccc(Nc2nc3ccc(C#N)cc3[nH]2)cc1,[ 0.35788405 -0.12594679 -0.8212193  -0.4419622   0.21811137]
OCCOCCCl,[ 0.06921666  0.8376214  -1.         -0.84165514 -0.1438322 ]
CC(C)C(O)(c1ccc(OC(F)(F)F)cc1)c1cncnc1,[-0.01521734  0.39145327 -0.8185369  -0.6423153   0.10197556]
CC(O)C(Cl)(Cl)Cl,[-0.00360018  0.9567247  -1.         -0.32453287  0.51047766]
O=C1CCc2cc(C=CCN3CCN(c4ccc(Cl)cc4)CC3)ccc2N1,[ 0.3711301   0.6170246  -0.6274352  -0.7991092  -0.29006183]
COP(=S)(OC)Oc1cnc2ccccc2n1,[ 0.37228233  0.46676782 -1.         -0.9339715   0.31655395]
O=[N+]([O-])c1cc(Cl)ccc1Cl,[ 0.28154612  0.8460057   0.14984004 -0.366723    0.281979  ]
Cc1c(Sc2ccc(Cl)cc2)c2c(-c3cnccn3)cccc2n1CC(=O)O,[-0.2083982  -0.03436567 -0.3583452  -0.80252093 -0.01927638]
O=C(OCCc1ccccc1)c1ccccc1,[ 0.5079306   0.31950438 -0.9133312  -0.56235135  0.15431128]
O=[N+]([O-])c1ccc(O)c(CNCCO)c1,[ 0.4900948   0.77678466 -0.945109   -0.30291694 -0.03077188]
CCc1ccc2[nH]c(C(F)(F)F)nc2c1,[-0.36938703  1.         -0.96504235  0.33102277  0.663218  ]
COc1cc(C2c3cc4c(cc3C(OC3OC5COC(C)OC5C(O)C3O)C3COC(=O)C23)OCO4)cc(OC)c1O,[-0.18794641 -0.12301821 -0.77258873 -0.33663207 -0.5337371 ]
C[NH+]1CCOC(c2ccccc2)c2ccccc2C1,[ 0.3800687   0.2853699  -0.7981398   0.3931889  -0.12673637]
CCOC(=O)C(C)Oc1ccc(Oc2nc3ccc(Cl)cc3s2)cc1,[ 0.09077356 -0.5044362  -0.5079618  -1.         -0.00484956]
CC(=O)OC(C(Cl)(Cl)Cl)P(=O)(Oc1ccccc1)Oc1ccccc1,[ 0.0448604   0.01310149 -0.44599164 -0.8094524  -0.12132558]
O=C(NCc1ccc(OC(F)(F)F)cc1)C1c2ccccc2C(=O)N1CCc1ncc(F)cn1,[ 0.4331192   0.730705   -0.8172891  -0.4665432  -0.41560936]
CC(=O)OC12COC1CC(O)C1(C)C(=O)C(O)C3=C(C)C(OC(=O)C(O)C(NC(=O)OC(C)(C)C)c4ccccc4)CC(O)(C(OC(=O)c4ccccc4)C21)C3(C)C,[-0.03505306  0.45961818 -0.7674373  -0.9055509  -0.33022052]
C[C@@H]1CC[C@H]2[C@@H](C)[C@@H](OC(=O)CCC(=O)O)O[C@@H]3OC4(C)CC[C@@H]1[C@@]23OO4,[-0.20056953  0.5136523  -0.69332045 -0.8252072  -0.12228395]
CC(C)C1NC(=O)c2ccccc2O1,[-0.02677344  0.84910476 -0.54684806 -0.73131996 -0.3152632 ]
O=S1(=O)CCN(c2ccccc2)CC1,[ 0.3181648  -0.31163552 -0.5574076  -0.723268    0.5656976 ]
S=c1[nH]cnc2nc[nH]c12,[-0.25462967  0.4241116  -0.8779663  -0.8760365  -0.43423596]
Cc1cc(Nc2nc(N[C@@H](C)c3ccc(F)cn3)c(C#N)nc2C)n[nH]1,[-0.08009354  0.9949802  -0.5435013  -0.5212604   0.06427201]
Nc1ccc([N+](=O)[O-])cc1N,[ 0.16422746  0.6706428  -0.76825494 -0.41165188 -0.3340613 ]
Oc1ccc2[nH]c(C(F)(F)F)nc2c1,[ 0.1268026   0.81444615 -0.38688067 -0.67184025 -0.153415  ]
CCOc1nc(C(Cl)(Cl)Cl)ns1,[ 0.03451405  0.87033856 -0.05338481 -0.32977068 -0.310068  ]
COc1ccc2ncc(=O)n(CCN3CC[C@@H](NCc4cc5c(cn4)OCCO5)[C@H](O)C3)c2c1,[ 0.5515487   0.24087676 -0.83473754 -1.          0.08284258]
O=C1c2ccccc2N(C(=O)CN2CCOCC2)CN1c1ccccc1,[ 0.01635403  0.66441965 -0.88028324 -0.26737955 -0.04027113]
C1CCC2CCCCC2C1,[ 0.04802713  0.5512645  -0.7534036  -1.          0.12193637]
Clc1ccc(C(OCCN2CCCCC2)c2ccccc2)cc1,[-0.38076577  0.9566885  -0.82643485 -0.7909493  -0.08676336]
C1=CC2C=CC1C2,[ 0.05221512  0.95339483 -1.         -0.40095648  0.3560452 ]
Cc1cc(Cl)ccc1OCC(=O)Nc1ccccc1,[-0.2767438   0.9162159  -0.70787704 -0.55140257 -0.19580457]
Cc1ccc2c(c1)c(Sc1cccc(Cl)c1)c(C)n2CC(=O)O,[-0.05443493  0.77740693 -0.6337884  -0.552015   -0.17880015]
Cc1cc(=O)cc(-c2ccccc2)o1,[ 0.42461458  0.6686262  -0.6939865  -0.67400956 -0.07817568]
Clc1cccc([Si]23OCCN(CCO2)CCO3)c1,[ 0.4022099   0.6554037  -0.23748861 -0.7585384  -0.4583152 ]
CCOc1cc2ncc(C(N)=O)c(Nc3ccc(F)cc3F)c2cc1N1CCN(C2CC2)CC1,[ 0.06454799 -0.15179642 -0.38050282 -0.21127798  0.10581746]
O=C1NC(c2ccc(Br)cc2)Nc2ccccc21,[ 0.21045664  0.91754496 -0.4772091  -0.88001174 -0.38339978]
O=C(CCCCCCC(=O)Nc1ccccc1)NO,[-0.18493275  0.33592892 -0.89837337 -1.         -0.1442365 ]
COc1ccc(C[C@@H]2c3cc(OC)c(OC)cc3CC[N@+]2(C)CCC(=O)OCCCCCOC(=O)CC[N@@+]2(C)CCc3cc(OC)c(OC)cc3[C@H]2Cc2ccc(OC)c(OC)c2)cc1OC,[-0.12883382  0.614989   -0.24681138 -0.5387329   0.11484306]
C=CC[NH+]1CCCC1CNC(=O)c1cc2n[nH]nc2cc1OC,[ 0.25565758  0.5672719   0.21422409 -0.23056796  0.55576736]
CNC(=O)Oc1ccc(Cl)c2c1OC(C)(C)C2,[-0.07971035  0.37364262  0.28998622 -0.90871155 -0.31093243]
CCOC(=O)NCCOc1ccc(Oc2ccccc2)cc1,[-0.18600506  0.87019676 -0.6560997  -0.5161416   0.2716591 ]
C[C@@H]1NC(=O)[C@@H](C)N(C)C(=O)[C@H](C)N(C)C(=O)[C@@H](C)N(C)C(=O)[C@@H](C)N(C)C(=O)[C@H](C)NC1=O,[-0.13286243  0.5534278  -0.90388536 -0.6194825  -0.12940517]
CCC(C)N(C)C(=O)c1cc2ccccc2c(-c2ccccc2Cl)n1,[ 0.596325   0.9114203 -0.7486207 -0.7756589 -0.3540463]
COc1ccc2c3c1OC1C(O)C=CC4C(C2)[N+](C)([O-])CCC341,[ 0.24018066  0.83355653 -0.82466793 -0.7323998   0.09354777]
Nc1ccc(N)cc1,[ 0.269855    0.70431757 -0.04330646 -0.9200044   0.11345552]
CCOP(=O)(OCC)Oc1ccc(S(C)(=O)=O)c(C)c1,[ 0.01252891  0.81931466 -1.         -0.78499734 -0.16950034]
CC(=S)NC[C@H]1CN(c2ccc(-c3nnc(CNS(C)(=O)=O)s3)c(F)c2)C(=O)O1,[ 0.72577405  0.7991022  -0.9043678  -0.26985323 -0.52269536]
COc1nc(C)nc(Cl)c1NC1=NCCN1,[ 0.22464636  0.86165154 -0.9168223  -0.6377995  -0.16270573]
Cc1cn([C@H]2CCCN(S(=O)(=O)c3ccc(C#N)c(Oc4cccc(Cl)c4)c3)C2)c(=O)[nH]c1=O,[ 0.13603222  0.59689504 -0.7995268  -0.3360183  -0.2699198 ]
Cc1nc(C(F)(F)F)ccc1C(=O)Nc1ccc(Cl)c(-c2ccccn2)c1,[ 0.00946536 -0.22359703 -0.04811988  0.45596948  0.16052733]
CCCCCCCCCCCCCCCCCC(=O)Cl,[ 0.24777825  0.76071    -1.         -1.         -0.27060312]
CCN(CC)CCCCCCCCCCNC(=O)Oc1ccc2c(c1)C1(C)CCN(C)C1N2C,[ 0.43212223  0.4234283  -0.04007409 -0.3690436   0.35557136]
COC(C)C=O,[-0.67644745  0.82729113 -0.5578708  -1.          0.6793953 ]
