CSCCC([NH3+])C(=O)NC1(C(=O)[O-])CS(=O)(=O)C2C(C(=O)[O-])C21,[-0.3193705   0.5722793  -0.20618801 -0.7592194   0.0052479 ]
CC[C@H]1CN(Cc2cc(Cl)ccc2OCC(=O)O)CCN1S(=O)(=O)c1ccccc1,[-0.03165688  0.7521706  -0.9270869  -0.59530514  0.20415124]
C=CCOc1ccccc1OCC(CNC(C)C)OC(=O)C1CC1,[-0.1524098   0.6361447  -0.7777536  -0.7756397   0.25518295]
COCCN(c1cccnc1)P(=O)(c1ccccc1)c1ccccc1,[ 0.5713751   0.7002402  -0.9798892   0.04600666  0.6373346 ]
CCN1C(=O)NC(c2ccccc2)C1=O,[ 0.24644788  0.5539886  -0.6999882  -0.8734287  -0.09193229]
CCOC(=O)C(CCc1ccccc1)NC(C)C(=O)N1C(C(=O)[O-])CC2CCCCC21,[ 0.03529933  0.5709744  -0.5113228  -0.13317724  0.22696476]
O=C(CF)Nc1ccccc1,[ 0.15138376  0.9088266  -0.7648773  -0.9904488  -0.1623804 ]
CC=CC(C)=O,[ 0.6435306  -0.65923446  0.36405846 -0.5582961   0.10399098]
COc1cc(N)c2c(c1N)C(=O)c1ccccc1C2=O,[ 0.08075619  0.52260107 -0.9520292  -0.53735507 -0.2860106 ]
C1CSCCO1,[ 0.36448124  0.23425828  0.12816842 -0.93451124 -0.08341094]
CC1OC(OC2C(O)CC(OC3C(O)CC(OC4CCC5(C)C(CCC6C5CC(O)C5(C)C(C7=CC(=O)OC7)CCC65O)C4)OC3C)OC2C)CC(O)C1O,[-0.28855923  0.273766   -0.6804386  -0.6683123   0.07089176]
CCCCC(CC)COCCC#N,[-0.05502224  0.85707974  0.19033624 -0.45903066  0.23816983]
O=C(/C=C/c1ccc(O)c2c1C(C(=O)O)C(c1ccc(O)c(O)c1)O2)OC(Cc1ccc(O)c(O)c1)C(=O)O,[ 0.34419915  0.77609193 -0.42533112 -0.34980452 -0.330211  ]
CC1(C)C(C=C(Cl)Cl)C1C(=O)OCc1c(F)c(F)c(F)c(F)c1F,[ 0.39467677  0.5019413  -1.         -0.7785607   0.07516188]
CN(C)CCCNCCCN(C)C,[ 0.3118518   0.35730168 -0.86479986  0.7054629   0.37815657]
C=CC1=C(C)/C(=C\c2[nH]c(Cc3[nH]c(/C=C4/NC(=O)C(C)=C4C=C)c(C)c3CCC(=O)O)c(CCC(=O)O)c2C)NC1=O,[-0.22776504  0.7079238  -0.22974765 -0.74999195 -0.2795679 ]
Cc1c(Sc2ccc(Cl)cc2)c2c(S(C)(=O)=O)cccc2n1CC(=O)O,[-0.29995713  0.7591037  -0.9866703  -0.5317521  -0.35842636]
CC#CCC(C)C(O)/C=C/C1C(O)CC2C/C(=C/CCCC(=O)[O-])CC21,[-0.2589646   0.8770582  -0.96092105 -0.592137   -0.01692423]
COc1cc(C=CC(=S)N2CCOCC2)cc(OC)c1OC,[ 0.12972163 -0.45099    -0.5164443  -0.69270056 -0.15808712]
CCN(CC)CCNC(=O)c1cc(Br)c(N)cc1OC,[ 0.20254417  0.85256696 -0.93246526 -0.7428607   0.02802492]
COCCOP(=O)(OCCOC)OCCOC,[-0.3422818   0.93385965 -0.59696203 -0.7810051  -0.35383862]
[NH3+]C(C(=O)NC1C(=O)N2C(C(=O)[O-])=C(CSc3c[n-]nn3)CSC12)c1ccc(O)cc1,[ 0.01681218  0.77329737 -0.24376303  0.37414134  0.02182411]
C=CC[NH+]1CCCC1CNC(=O)c1cc2n[nH]nc2cc1OC,[ 0.20588583  0.55366004  0.12671249 -0.2647691   0.5640658 ]
O=C(NCc1ccc(OC(F)(F)F)cc1)C1c2ccccc2C(=O)N1CCc1ncc(F)cn1,[ 0.21188381  0.732965   -1.         -0.6766055  -0.36188343]
CCN(CC)c1ccc2c(C)cc(=O)oc2c1,[ 0.8249578 -0.3557459  0.2572392 -0.8916601  0.5219649]
Clc1cc(Cl)c2nsnc2c1Cl,[-0.6168742  0.9272878 -0.8054104 -1.        -0.2144429]
CCOC(C1=NCCCN1)c1c(Cl)cccc1Cl,[ 0.3598947   0.5946689  -0.2924574  -0.3086297  -0.35548037]
COc1ccccc1NC(=O)CC(C)=O,[-0.2122272   0.38655713 -0.7375714  -0.62853706 -0.15886378]
CC([NH3+])Cc1ccccc1,[ 0.04618194  0.9190589  -0.8143173  -0.79847276 -0.13561459]
CCCCc1nc(Cl)c(CO)n1Cc1ccc(-c2ccccc2-c2nnn[nH]2)cc1,[-0.09959483  0.83292454 -0.6065839  -0.45169008  0.07775366]
COC1CCC=CO1,[ 0.08893712  0.72848713  0.74331623 -0.99310637 -0.21514387]
CCNc1nc(NCC)nc(OC)n1,[ 0.17263673  0.58338463 -0.89120126 -0.94062376  0.0311326 ]
COc1ccc([N+](=O)[O-])cc1N,[-0.37467828  0.8339445  -0.42472535 -0.05935776 -0.41794348]
CCCC1CC(C(=O)NC(C(C)Cl)C2OC(SC)C(O)C(O)C2O)[NH+](C)C1,[ 0.4182516   0.63160855 -0.8647429  -0.26804534 -0.27381718]
CCCCCCCCCCOc1c(OC)cc(C(N)=O)cc1OC,[ 0.12372862  0.25118768 -0.8235086  -0.32088175  0.02005496]
CP(=S)(Oc1ccccc1)Oc1ccc(C#N)cc1,[ 0.29219517  0.7083189  -0.47145304  0.45566192  0.20793994]
COc1ccc(C[C@@H]2c3cc(OC)c(OC)cc3CC[N@+]2(C)CCC(=O)OCCCCCOC(=O)CC[N@@+]2(C)CCc3cc(OC)c(OC)cc3[C@H]2Cc2ccc(OC)c(OC)c2)cc1OC,[ 0.20642722  0.62031853 -0.34335396 -0.69804764 -0.05716079]
CNC(=N)c1cccc(CC(CC(=O)N2CCC(C)CC2)NS(=O)(=O)c2ccc3ccccc3c2)c1,[-0.063343    0.07015061 -0.8191239   0.21939306 -0.99194455]
CCN(CC)CCOCCO,[ 0.18465304 -0.56130415 -0.93474025 -0.47991723 -0.3096638 ]
CN1CCN(CCC=C2c3ccccc3Sc3ccc(S(=O)(=O)N(C)C)cc32)CC1,[-0.15330845  1.         -0.785999   -0.5780922   0.35390723]
COc1c(Cl)ccc(Cl)c1C(=O)OCCN(CCOC(=O)c1c(Cl)ccc(Cl)c1OC)c1ccccc1,[ 0.17754833  0.8088983  -0.3579555  -0.924576    0.02919768]
Cc1ccc(NC(=O)c2ccc(C#N)cc2)cc1-n1cnc2ccc(N3CCN(C)CC3)cc2c1=O,[ 0.13002537  0.8715056  -0.6101686  -0.7451454  -0.4034429 ]
C1=CC2C3C=CC(C3)C2C1,[ 0.40171507  0.47164947 -0.8192633  -0.6835146  -0.24397987]
C=CC(=O)Nc1ccc(O)cc1,[-0.22340947  0.4927627  -0.8541171  -0.79662144 -0.05228426]
COc1c(OCc2ccc(-c3ccccc3-c3nnn[nH]3)cc2)cc(C)nc1C,[ 0.39735252  0.83224773 -0.7234565  -0.48063436 -0.25748447]
CC12CCC3c4ccc(O)cc4CC(CCCCCCCCCS(=O)CCCC(F)(F)C(F)(F)F)C3C1CCC2O,[ 0.18962158  0.6389271  -0.73644996  0.6015141  -0.2357876 ]
CCOP(=O)(O)O,[-0.12865737 -0.64932936 -0.8477637  -0.507698   -0.44977853]
Nc1c(Cl)c(Cl)c2[nH]c(C(F)(F)F)nc2c1Cl,[ 0.5052381   0.62025946 -0.529597   -0.7980995  -0.26479575]
CNC(=O)Oc1ccc(Cl)c2c1OC(C)(C)C2,[-0.5416053  -0.18948418  0.24269208 -0.8610452  -0.42904466]
CCC(CC)C(=O)OCCOCCOCCOC(=O)C(CC)CC,[ 0.22824883  0.40691295 -0.48878303  0.4475771   0.25025156]
O=CC=CC1CO1,[ 0.454296    0.83337957 -0.5059643  -0.9412209  -0.18144445]
CCOc1ccc([C@@H](C)Nc2nc(N3CCN(C(C)=O)CC3)nc3c2CN(C(C)C)C3=O)cc1,[-0.69229174  0.26874274 -0.72518635 -0.7398863  -0.1423481 ]
CCCC(=O)c1ccc(N)cc1,[ 0.26807347  0.769649   -0.87060297 -0.75783986 -0.34472847]
COP(=S)(OC)SC1CSC=CO1,[-0.5263228   0.730225   -0.95709723 -0.73651695 -0.03616734]
Oc1ccc2c(c1)CCC2,[ 0.16111213  0.831958   -0.54981923 -0.7723611  -0.19583225]
O=C(/C=C/c1ccccc1)NCCO,[-0.7252308   0.7472726  -0.86370796 -0.621879   -0.00960358]
CCCCOCCOC(C)=O,[ 0.17956935  0.7724359  -0.57206535 -0.592523   -0.4969396 ]
NC(=[NH2+])NCCCCC1NC(=O)CCSSCC(C(N)=O)NC(=O)C2CCCN2C(=O)C(Cc2c[nH]c3ccccc23)NC(=O)C(CC(=O)[O-])NC(=O)CNC1=O,[ 0.24614027  1.          0.7204095  -0.24327068 -0.23598638]
C1=CC2C=CC1C2,[ 0.22101773  0.92098093 -0.87445515 -0.5567555   0.08104691]
C#CC(C)(C)O,[ 0.26127717  0.5192296  -0.7900283  -0.5537034  -0.0235476 ]
CC[C@@]1(O)C(=O)OCc2c1cc1n(c2=O)Cc2cc3c(CN(C)C)c(O)ccc3nc2-1,[-0.35015583  0.81291085 -0.86918914 -0.7640096  -0.2375058 ]
Nc1ncc2cc(-c3c(Br)cccc3Br)c(N)nc2n1,[ 0.45672405  0.90156263 -0.7860655  -0.29065505 -0.23040794]
CC(C)CNC(=O)NS(=O)(=O)c1ccc(Cl)cc1,[-0.28733063  0.748944   -0.7586738  -0.4416376  -0.48584476]
N#Cc1ccc2[nH]c(C(F)(F)F)nc2c1,[-0.12464363  0.8461835  -0.89304835 -0.8560935  -0.31690705]
CC(=O)N[C@H](Cc1ccc2ccccc2c1)C(=O)N[C@H](Cc1ccc(Cl)cc1)C(=O)N[C@H](Cc1cccnc1)C(=O)N[C@@H](CO)C(=O)N[C@@H](Cc1ccc(O)cc1)C(=O)N[C@H](CCCNC(N)=O)C(=O)N[C@@H](CC(C)C)C(=O)N[C@@H](CCCNC(=N)N)C(=O)N1CCC[C@H]1C(=O)N[C@H](C)C(N)=O,[-0.02245783  0.5984801  -0.87432027 -0.781388    0.6633674 ]
COc1ccc2ncc(F)c(CCN3CCC(NCc4cc5c(cn4)OCCO5)CC3)c2n1,[-0.09355101  0.85364884 -0.8363487  -0.7315491   0.8085354 ]
CCOP(=O)(OCC)N(C)c1ccccc1,[ 0.50197095  0.7922763  -1.         -0.31471533  0.11395399]
O=C(CCl)OC1=C(OC(=O)CCl)C(=O)OC1=O,[-0.08411808  0.6319949  -0.61200845 -0.90409285 -0.18243586]
CC[C@H](CO)NC(=O)[C@H]1C=C2c3cccc4[nH]cc(c34)C[C@@H]2N(C)C1,[ 0.23963487  0.8399981  -0.6008196  -1.         -0.11914315]
Nc1nc2c(Cc3cccnc3)c[nH]c2c(=O)[nH]1,[-0.05654796  0.9285014  -0.7616088  -0.5749997   0.04146148]
CCC(=O)OC1CCC2C3CCC4=CC(=O)CCC4(C)C3CCC12C,[ 0.2787686   0.03540783 -0.899629   -0.9741899   0.9542685 ]
CCC(C(=O)O)c1ccc(CC(C)C)cc1,[ 0.05745459  0.7169692  -0.62936336 -0.7399794  -0.04565211]
O=C1CC2(CCCC2)CC(=O)N1CCCCN1CCN(c2ncccn2)CC1,[-0.38763994  0.7596479  -0.6317695  -0.7901912   0.20001253]
O=c1cc(Cn2c(C3CCC3)nc3nccnc32)c2ccc(F)c(F)c2[nH]1,[ 0.02225509  0.67053276 -0.84393454 -0.53686655  0.62645215]
C=CC(=O)OCCOCCOC(=O)C=C,[ 0.04121456  0.7733533  -0.37347463 -0.6382607  -0.39177936]
CC(=O)OC12COC1CC(O)C1(C)C(=O)C(O)C3=C(C)C(OC(=O)C(O)C(NC(=O)OC(C)(C)C)c4ccccc4)CC(O)(C(OC(=O)c4ccccc4)C21)C3(C)C,[-0.21846563  0.3763469  -0.86041456 -0.6585872  -0.155145  ]
N#Cc1cccc(Cc2ncccn2)c1,[-0.06386977  0.91059476 -0.54905134 -1.         -0.526404  ]
Cc1cnc(Nc2cc(N3CCOCC3)nc(N[C@@H](C)c3ncc(F)cn3)n2)s1,[ 0.15405515  1.         -0.8153278   0.10714389 -0.05660254]
O=S(=O)(O)c1ccc2cc(Nc3cccc4c(O)c(S(=O)(=O)O)ccc34)ccc2c1O,[ 0.22059193 -0.7499764  -0.6823625  -0.35202816  0.5128733 ]
COc1ccc2ccc(=O)n(CCN3CCC(NCc4cc5c(cn4)OCCO5)CC3)c2n1,[ 0.06539042  0.20457123 -0.86628914 -0.7078245  -0.04362329]
CNC(=O)Oc1cccc2c1OC(C)(C)O2,[ 0.3225419   0.5702336  -0.92879957 -1.          0.3163358 ]
CCCCC(C)(C)CO,[ 0.24631597  0.61473924 -0.69788885 -1.          0.4321178 ]
CCCCOC(C)OCCCC,[-0.15343101  0.8056604   0.12314731 -0.49763474 -0.21185194]
Cc1cccc(C)c1CCNC(N)=O,[-0.03713386  0.828921   -0.6823698  -0.7688097   0.55817974]
Cc1cnc(C(=O)c2ncnc3[nH]ccc23)c(NS(=O)(=O)c2ccc(Cl)c(C(F)(F)F)c2)c1,[-0.52985275  0.794061   -0.94072145 -0.65586406  0.21567595]
C=C(C)c1ccc(C(C)(C)N=C=O)cc1,[ 0.12929034  0.638414   -0.7029713  -0.81081533  0.8854488 ]
COc1ccc2c(O[C@@H]3C[C@H]4C(=O)N[C@]5(C(=O)NS(=O)(=O)C6CC6)C[C@H]5/C=C\CCCCN(C)C(=O)[C@@H]4C3)nc(-c3ccc(F)cc3)nc2c1C,[ 0.46703675  0.62455976 -0.6692689  -0.733241    0.11387059]
O=C(NC(CCc1ccc2c(c1)OCO2)CCc1ccc2c(c1)OCO2)c1ccc(Cl)cc1,[ 0.25054976  0.5854091  -0.72630906 -0.2711834  -0.09268628]
CC(=O)OC(C(Cl)(Cl)Cl)P(=O)(Oc1ccccc1)Oc1ccccc1,[-0.01263423  0.19083269 -0.07313188 -0.7208017  -0.05914871]
CNC(=O)Nc1nnc(C(C)(C)C)s1,[ 0.60398084  0.917688   -0.50176096 -0.59057206  0.03983618]
Cc1c(OCC(F)(F)F)ccnc1CS(=O)c1nc2ccccc2[nH]1,[ 0.32154188  0.9269533  -0.91180813 -0.99479043 -0.1481271 ]
CC(=O)C1(O)Cc2c(O)c3c(c(O)c2C(OC2CC(N4CC4)C(OS(C)(=O)=O)C(C)O2)C1)C(=O)c1ccccc1C3=O,[ 0.14658296  0.97048265 -0.6504019  -0.17723095 -0.34834343]
ClCC(Cl)=C(Cl)Cl,[ 0.4219733   0.73520553 -0.65360034 -1.         -0.06106949]
Oc1ccc(O)cc1,[ 0.33708474  0.8315703  -0.5629896   0.10401944 -0.09119134]
O=[N+]([O-])c1cc2[nH]c(C(F)(F)F)nc2cc1Cl,[ 0.38882807  0.7574318  -0.64883757 -0.9325127   0.78055686]
O=C(CCc1ccccc1)OC1=C(OC(=O)CCc2ccccc2)C(=O)OC1=O,[-0.25260213  0.8061129  -0.8452396  -0.57049924  0.44172427]
COc1ccc(CC2c3cc(OC)c(OC)cc3CCN2C)cc1OC,[ 0.08230628  1.         -0.678096   -0.9421236  -0.3311592 ]
Cc1ncsc1C(=O)N(Cc1cc(=O)[nH]c2c(F)cccc12)c1cccc(Cl)c1,[ 0.1642965   0.9795208  -1.         -0.87583405 -0.05922668]
Nc1ccc(O)c([N+](=O)[O-])c1,[-0.4973459   0.8446536  -0.8442404  -0.76109785 -0.27391353]
Cc1ccc2c(c1)c(-c1ccnc3c(C)cccc13)c(C)n2CC(=O)O,[ 0.2884646   1.         -0.85406655 -0.6752165  -0.44425276]
CC(C)CCOC(CO)CC(C)C,[-0.03417582  0.5155409  -0.9948115  -0.72687733 -0.13752766]
Cc1cncc(C)n1,[ 0.57289904  0.7791888  -0.60609263 -0.66014105 -0.273732  ]
O=C(OCC(COC(=O)c1ccccc1)(COC(=O)c1ccccc1)COC(=O)c1ccccc1)c1ccccc1,[ 0.5850531  -0.7297172  -0.67660475 -0.5499242  -0.02484781]
O=C1NC(=O)C(c2ccccc2)(c2ccccc2)C(=O)N1,[ 0.65972626  0.60181326 -0.7189282  -1.         -0.08252958]
CN[C@@H](C)[C@@H](O)c1ccccc1,[-0.11912216  0.1427685  -0.62335753 -0.7594473   0.6756294 ]
CC(C)(C)c1cc(O)ccc1O,[ 0.15557532  0.49566826 -0.46188936  0.65795374 -0.0272644 ]
CC[C@@H]1OC(=O)[C@@H](C)[C@H](O[C@@H]2C[C@](C)(OC)[C@H](O)[C@@H](C)O2)[C@H](C)[C@H](O[C@@H]2O[C@H](C)C[C@H](N(C)C)[C@H]2O)[C@@](C)(O)C[C@@H](C)/C(=N\OCOCCOC)[C@H](C)[C@@H](O)[C@@]1(C)O,[ 0.5333393   0.84323466 -0.62310123  0.4352088  -0.08617848]
CC(C)NC(=O)c1cnc(N2CCC(N3C(=O)OCc4ccccc43)CC2)c(Cl)c1,[ 0.28734767  1.         -0.8081414  -0.7301439  -0.03736933]
Nc1nc(O)c(Cl)c(-c2ccccc2)n1,[-0.5739783   0.64405286 -1.         -0.8559801   0.06284443]
C=CCN1CCCC1CNC(=O)c1cc2nn[nH]c2cc1OC,[ 0.5592938  -0.0560478  -0.72504824 -0.30679876  0.36225533]
O=C(O)c1nn(Cc2ccc(Cl)cc2Cl)c2ccccc12,[ 0.6428953   0.6899395  -0.99656403 -0.6359165  -0.29890317]
C=C(Cl)C(Cl)CCl,[ 0.15326285  0.7020055   0.27900624  0.13432261 -0.16105676]
O=Cc1ccc(O)cc1,[ 0.30658504  0.21361624 -0.6754986  -0.80601037 -0.2187248 ]
COc1ccc(NC(=O)c2ccnc(N)n2)cc1,[-0.18588433  0.8789826  -0.9136872  -0.44148526 -0.29646596]
C#CC1(O)C=CC2C3CCC4=CC(=O)CCC4C3CCC21CC,[ 0.14483266  0.47811252 -0.7684488  -0.22249429 -0.11730697]
CCOC(=O)CCC1(CCC(=O)OCC)c2ccccc2-c2ccccc21,[-0.11019768  0.32810757 -0.82298356 -0.5934587  -0.3968495 ]
C=C[Si](OC)(OC)OC,[ 0.17933968  0.8429546  -0.5204284  -0.9019153   0.03484769]
CC(C)Nc1nc(Cl)nc(NC(C)C)n1,[ 0.47001764  0.7755349  -0.8463379  -0.67283     0.7304104 ]
CNC(=O)c1cccc2c(Nc3ccc(NS(C)(=O)=O)cc3OC)c3cccc(C)c3nc12,[ 0.32312167  1.         -0.82252    -0.49875787  0.79901874]
C=CCC1/C=C(\C)CC(C)CC(OC)C2OC(O)(C(=O)C(=O)N3CCCCC3C(=O)OC(/C(C)=C/C3CCC(O)C(OC)C3)C(C)C(O)CC1=O)C(C)CC2OC,[ 0.42348483  0.42249054 -0.67690307 -0.8529251  -0.35947946]
CC(C)(O)c1ccc(Nc2nc3ccc(C#N)cc3[nH]2)cc1,[ 0.21809484  0.1973379  -0.82009405 -0.67874056 -0.02190753]
CCOc1cc(OCC)c(C(=O)CCC(=O)O)cc1OCC,[ 0.20780504  0.9612435  -0.788587   -0.8271255   0.20009188]
O=C1OCC2C1C1(Cl)C(Cl)=C(Cl)C2(Cl)C1(Cl)Cl,[ 0.28488016  0.24375013 -0.74843806 -0.6217261   0.46093956]
OCC(O)C(O)C(O)CO,[ 0.6102209   0.76796913 -0.24340542 -0.8373579  -0.43792972]
C=CC[N+]1([C@H]2C[C@H]3[C@@H]4CC[C@H]5C[C@H](O)[C@@H](N6CCOCC6)C[C@]5(C)[C@H]4CC[C@]3(C)[C@H]2OC(C)=O)CCCC1,[-0.18736003  0.69875705 -1.         -0.7710213  -0.35034287]
CCCc1nn(C)c2c(=O)[nH]c(-c3cc(S(=O)(=O)N4CCN(C)CC4)ccc3OCC)nc12,[-0.6646188   0.4211536  -0.6659429   0.0531848  -0.16890873]
O=C(Nc1ccc(Cl)c(C(=O)Nc2cccnc2)c1)c1cccc(C(F)(F)F)c1,[ 0.33277494  0.8851048  -0.8489025  -0.5312909  -0.4565127 ]
COc1cc(OC)c(S(=O)(=O)N2c3ccccc3CCC2C)cc1NC(=O)CSCC(=O)O,[-0.02059655  0.8097037  -0.60390216 -0.9144605  -0.22925586]
CN(C)C(=O)N(C)N=O,[ 0.04422062  0.8871252  -0.74393904 -0.8810498  -0.20517555]
CCNC(=O)C=Cc1cccc(Br)c1,[ 0.25821382  0.25328177 -0.73155415 -0.53821695  0.1780955 ]
C=C(OP(=O)(OC)OC)P(=O)(OC)OC,[-0.07555128  0.97487974 -0.7501866   0.44547904  0.37963924]
C=CCI,[ 0.5368001   0.20073588 -0.79160726  0.17499262 -0.01742138]
C[N+](C)(C)[NH2+]CCC(=O)[O-],[-0.0818821   0.66512835 -0.8541476  -0.721115    0.2971461 ]
CON=C(C(=O)NC1C(=O)N2C(C(=O)O)=C(COC(N)=O)CSC12)c1ccco1,[-0.16187163 -0.73890924 -0.9946684  -0.84181297 -0.07447419]
CN(C)C(=O)Cl,[ 0.40265992  0.6362135  -0.65095085 -0.4491559   0.2760054 ]
CN(C)C1CC(c2ccccc2)c2ccccc21,[ 0.46739706  0.5757383  -0.8999332  -0.37047455 -0.12847744]
O=C(Cc1cccs1)N[C@@H]1C(=O)N2C(C(=O)[O-])=C(C[n+]3ccccc3)CS[C@H]12,[ 0.5526156   0.7092378  -0.84824836 -0.47804144  0.6790858 ]
C=C(C)c1cccc(C(C)(C)N=C=O)c1,[ 0.38499096  0.7876955  -0.11454409 -0.40298402 -0.19642499]
COc1ccc(Oc2ccc(NC(=O)N(C)C)cc2)cc1,[ 0.46826714  0.7749643  -0.29423928 -0.45708784 -0.362222  ]
O=C(OCC1CO1)c1ccccc1C(=O)OCC1CO1,[ 0.6240881  -0.09544115 -0.66947806 -1.         -0.22124238]
COc1cc2nc(N3CCN(C(=O)C(C)OC)CC3)nc(N)c2cc1OC,[ 0.18971884  0.89998966 -0.7116612  -0.89602894  0.3933486 ]
CCOP(=S)(OCC)OC(C)CC,[ 0.3147632  -0.29398265 -0.20512974 -0.80324155 -0.45438525]
CCc1cccc(CC)c1N,[-0.11686143  0.8203033  -0.7429718  -0.7982116  -0.14966479]
CN(SSC(C)(C)C)C(=O)ON=C1SCCS1,[ 0.48618647  0.6355982  -0.9142376  -0.32053223  0.65194166]
CCCCCCCCCCOC(=O)Cc1ccc(N(CCCl)CCCl)cc1,[ 0.00114102 -0.5665752  -0.7167929   0.4296706  -0.01839249]
C#CC(C)(O)C(O)c1ccccc1,[ 0.31956434  0.66095686 -1.         -0.33004206  0.02284925]
CC(O)C(=O)Nc1c(I)c(C(=O)NC(CO)CO)c(I)c(C(=O)NC(CO)CO)c1I,[ 0.2505503   0.61535823  0.5761251  -0.6572936  -0.37535068]
CC(C)(C)c1ccc(C(=O)O)cc1,[ 0.4199765   0.54987967 -0.91708225 -0.30904236  0.55620265]
CO/N=C(\C(=O)N[C@@H]1C(=O)N2C(C(=O)O)=CCS[C@H]12)c1csc(N)n1,[ 0.19589713 -0.3746219  -0.6331614  -0.63554186 -0.20902327]
C1CN1P1(N2CC2)=NP(N2CC2)(N2CC2)=NP(N2CC2)(N2CC2)=N1,[ 0.12904304 -0.05709608 -0.6437303  -0.02212978  0.39882138]
CC(C)(C)c1cc(CCC(=O)OCCSCCOC(=O)CCc2cc(C(C)(C)C)c(O)c(C(C)(C)C)c2)cc(C(C)(C)C)c1O,[ 0.32036602  0.97269964 -0.8697605  -1.          0.26548338]
Cc1ccc2c(c1)c(Sc1cccc(Cl)c1)c(C)n2CC(=O)O,[-0.2856544   0.6123496  -0.8426824  -1.          0.08538554]
C1=CCCC=CCCC=CCC1,[ 0.21592376  0.7074643  -0.91769224 -0.9086224  -0.24827802]
CCN[C@@H]1C[C@H](N)[C@@H](O[C@H]2OC(CN)=CC[C@H]2N)[C@H](O)[C@H]1O[C@H]1OC[C@](C)(O)[C@H](NC)[C@H]1O,[-0.24983075  0.66921216 -0.04773509 -0.6619209   0.1895323 ]
CCc1nc(N)nc(N)c1-c1ccccc1,[ 0.19184257  0.20481157 -0.7626999  -0.9781847  -0.6109428 ]
COC(C)CC(=O)O,[ 0.38130873  0.78982705 -0.7994984  -0.782517   -0.5488565 ]
CCC(C(=O)N1CCCCC1C(=O)OC(CCc1ccc(OC)c(OC)c1)c1cccc(OCC(=O)NCCNC(=O)COc2cccc(C(CCc3ccc(OC)c(OC)c3)OC(=O)C3CCCCN3C(=O)C(CC)c3cc(OC)c(OC)c(OC)c3)c2)c1)c1cc(OC)c(OC)c(OC)c1,[ 0.413474    0.44101053 -0.52526164  0.8254894   0.1797551 ]
COC(=O)c1ccccc1N=NN(C)C,[ 0.06788746  0.9171113  -1.         -0.59594226 -0.40859443]
CCC(=O)NCCC1CCc2ccc3c(c21)CCO3,[ 0.2880372  0.6789373 -0.7911987 -0.5431045  0.4870581]
O=[N+]([O-])OC1COC2C(O)COC12,[ 0.14841127  0.76144767 -0.84677243 -1.         -0.35014927]
Cc1ccc(Nc2ccc(Nc3ccc(C)cc3)c3c2C(=O)c2ccccc2C3=O)cc1,[ 0.24882317  0.68315375 -1.         -0.8066162   0.55071676]
Cc1onc2c(=O)n(C)nc(-c3ccccc3)c12,[ 0.32900256  0.8581896  -0.95543784 -0.5968708  -0.28189906]
COCCOCc1ccccc1,[-0.19937089  0.8643458  -0.875727   -0.558293   -0.07463634]
CCCNC(=N)C(OCC)c1ccccc1,[ 0.45896924  0.9847043  -0.941303   -0.41829515 -0.04518299]
O=CNc1cc([C@@H](O)CNCCc2ccc(NC[C@H](O)c3ccccc3)cc2)ccc1O,[-0.22843744 -0.06799468 -0.40545088  0.61754966  0.608589  ]
CC1(C)C2CC=C(CCO)C1C2,[ 0.19579972  0.6689395  -0.7875638  -0.6516931   0.17806698]
CC(C)[C@H](C(=O)Nc1nccs1)c1ccc(Cl)cc1,[ 0.48479235  0.6744214  -0.7611575   0.34632406  0.22321542]
Cc1nn(C2CCCCC2)c(N)c1-c1ccccc1,[ 0.09074184  0.98218715 -0.9417106  -0.712654   -0.12948234]
C[Si](C)(C)CCCC(=O)O,[-0.17206329  1.         -0.77764523 -0.59575295  0.10127541]
Cc1cc(-n2cccc2)c(S(C)(=O)=O)cc1C(=O)NC(=N)N,[ 0.23431918  0.9342782  -0.7283298   0.31604418 -0.2093037 ]
C=CC(=O)OCCc1ccc(CC)cn1,[ 0.3138504   0.79439425 -0.85655075 -0.58477986  0.91796356]
O=C(COc1ccc(Cc2ccc(Cl)cc2)cc1)OCc1cccnc1,[-0.15400867  0.836909   -0.90603703 -0.7927594  -0.07440726]
CN1CCN2c3ncccc3Cc3ccccc3C2C1,[ 0.6225867   1.         -0.95581055 -0.3985365  -0.33002344]
CC(C)CON=O,[ 0.34516534  0.7464234   0.19671682 -0.5517861  -0.28035766]
CN1CCN(CCCN2c3ccccc3Sc3ccc(Cl)cc32)CC1,[-0.11010458  0.53013444 -0.6192445  -0.00313292 -0.3769361 ]
CC(C)C(O)(c1ccc(OC(F)(F)F)cc1)c1cncnc1,[-0.22813657  0.87732327 -0.7628169  -0.26389867  0.12980296]
O=C(Cl)C=CC(=O)Cl,[ 0.29890138  0.88073534 -1.         -0.3416589  -0.5054924 ]
CCC1(CC)C(=O)NCC(C)C1=O,[ 0.25610277 -0.8436813  -0.76871353 -0.474428    0.17927644]
Cc1ccc(N=CN(C)SN(C)C=Nc2ccc(C)cc2C)c(C)c1,[ 0.33783597  0.89939004 -0.5095468  -0.6017863   0.4198782 ]
C=CCc1ccc(OC(C)=O)c(OC)c1,[ 0.50374824  0.92719895 -0.92181295 -0.6098469   0.31647444]
CCC(CCCCOC(=O)c1ccccc1)COC(=O)c1ccccc1,[ 0.33839515  0.8662119  -0.8003987  -0.67358476  0.02168231]
FC1(F)CC(C2CC3(Cl)C(Cl)=C(Cl)C2(Cl)C3(Cl)Cl)C1(F)F,[ 0.5943867   0.3121439  -0.8728909   0.07708077 -0.19951025]
N=C(NN=Cc1ccc(Cl)cc1)NN=Cc1ccc(Cl)cc1,[ 0.01448372  0.7517009  -0.21254227 -0.7959583   0.73214364]
Nc1cc2c(cc1C1CCCCC1)CCC2C(=O)O,[-0.06859448  0.20769785 -0.6504825  -0.83029145 -0.2782736 ]
CCOc1ccccc1C(=O)NN=C(C)C(=O)O,[ 0.05917478  0.89303726 -0.88120407 -0.49778178 -0.10254005]
N=C(N)Nc1nc(CSCCC(=N)NS(N)(=O)=O)cs1,[ 0.59277683  0.7602338  -0.95612556 -0.65618485 -0.2819668 ]
Clc1ccc(C(OCCN2CCCCC2)c2ccccc2)cc1,[-0.56168604  0.968736   -0.78026336 -0.80568355 -0.05940128]
OCCN(CCO)CCO,[-0.3154242  0.6914915 -0.6261498 -0.8534651 -0.3241529]
C[C@@H](NC1=CC(=O)CNC1)c1ccc(Nc2ncc3cc(-c4ccncc4)ccc3n2)cc1,[ 0.24629006  0.77041245 -0.713722   -0.7002871   0.4112017 ]
CC(=O)c1ccc2c(c1)N1C(=O)OCC1CC2,[ 0.31506172  0.506916   -0.9294712  -0.7866744   0.04004473]
CNC(=O)ON=C(C)SCC(N)=O,[ 0.13285832 -0.36754256  0.4472658  -0.61593544 -0.36979187]
CC(CN1CCOCC1)C(C(=O)N1CCCC1)(c1ccccc1)c1ccccc1,[-0.42572755  0.87601227 -0.96642464 -0.74089354 -0.12162989]
CCC1OC(=O)C(C)C(=O)C(C)C(OC2OC(C)CC([NH+](C)C)C2O)C(C)(OC)CC(C)C(=O)C(C)C2N(CCCCn3cnc(-c4cccnc4)c3)C(=O)OC12C,[-0.6972383   1.         -0.9142547  -0.97361606 -0.5488803 ]
Clc1cccc([Si]23OCCN(CCO2)CCO3)c1,[ 0.27100217  0.8131116  -0.5126038  -0.79747844 -0.49250937]
Cc1cc(Nc2nc(N[C@@H](C)c3ncc(F)cn3)nc(N3CCOCC3)c2F)n[nH]1,[-0.18228878  0.8254507  -0.5350946  -0.7162412  -0.31872377]
O=[N+]([O-])C(CO)(CO)CO,[ 0.02247452 -0.0286149  -0.8300285  -0.71381956 -0.17900568]
COc1cc2c3cc1Oc1cc(ccc1O)CC1c4c(cc(OC)c(O)c4Oc4ccc(cc4)CC3[NH+](C)CC2)CC[N+]1(C)C,[ 0.1652746   0.8165439  -0.612414   -0.8305102  -0.24958512]
N=C(Nc1c([N+](=O)[O-])cnc2ccccc12)N1CCOCC1,[-0.15257338  0.914704   -0.81753236 -0.4049219   0.2277456 ]
COc1ccc(N)c([N+](=O)[O-])c1,[ 0.3807239   0.81912196 -0.76364803 -0.93068457 -0.1617457 ]
O=[N+]([O-])c1nccs1,[ 0.6199587   0.80796885 -0.8471102  -0.9196946  -0.32785603]
CC(C)=CCl,[ 0.20493448  0.14322132 -1.         -0.6308704   0.31845835]
CCC[NH+]1CCCCC1C(=O)Nc1c(C)cccc1C,[ 0.1460025   0.59153116 -0.8466149  -0.7695142   0.03852257]
O=c1cc(-c2ccc(O)cc2)oc2cc([O-])c(C3OC(CO)C(O)C(O)C3O)c(O)c12,[ 0.15890273  0.7556534  -0.8573907  -0.15097901  0.5413683 ]
CN(C)C1C(O)=C(C(N)=O)C(=O)C2(O)C(O)=C3C(=O)c4c(O)cccc4C(C)(O)C3C(O)C12,[-0.12835504  0.94545305 -0.7602885  -0.8895845   0.60026985]
CC1(C)C2CCC1(C)C(O)C2,[-0.00388705  0.32255298 -0.61465573 -0.64093214 -0.35201406]
BrC12CC3CC(CC(C3)C1)C2,[-0.25318933  0.570223   -1.         -0.82667816 -0.01586286]
OCc1ccccc1,[ 0.46405548  0.838402   -0.86554724 -0.58109075  0.09245344]
CCOc1cc2ncc(C(N)=O)c(Nc3ccc(F)cc3F)c2cc1N1CCN(C2CC2)CC1,[-0.39524204  0.46217558 -0.4003135   0.41518268 -0.3708732 ]
CCOC(=O)CCN(Cc1ccccc1)SN(C)C(=O)ON=C(C)SC,[-0.10583475  0.9112765  -1.         -0.6532732  -0.06998433]
COP(=O)(OC)Oc1ccc([N+](=O)[O-])c(Cl)c1,[ 0.14662033 -0.3946134  -0.5995859  -0.70245826 -0.14158723]
COC(=O)c1cc(Oc2ccc(Cl)cc2Cl)ccc1[N+](=O)[O-],[-0.12962791  0.6911183  -0.6000377  -0.82013637 -0.2941023 ]
O=C(O)CCC(=O)O,[ 0.0250374   0.7170341  -0.7950948  -0.16215959 -0.34758782]
CC(C)NCC(O)c1ccc(O)c(O)c1,[-0.17039652  0.7499031  -0.6431873   0.15088911  0.24575399]
C/C=C/c1cc(OC)c2c(c1)C(C)C(c1cc(OC)c(O)c(OC)c1)O2,[ 0.5961802   0.26055685 -0.42231503 -0.9570983  -0.03725551]
O=C(O)COc1ccc(C(=O)CN2CCN(C3CCNCC3)CC2=O)cc1,[ 0.41939533  0.6063284  -0.35688642 -0.6928967  -0.1762655 ]
C=C(CC(=O)c1ccc(-c2ccccc2Cl)cc1)C(=O)O,[ 0.00108469  0.76856935 -0.8267467  -0.38415617 -0.44663614]
C#CCc1ccc(COC(=O)C2C(C=C(C)C)C2(C)C)o1,[ 0.21225478  0.14590777 -0.61027557 -0.85301125  0.18284121]
O=c1[nH]c2ccccc2n1CCC[NH+]1CCC(n2c(=O)[nH]c3cc(Cl)ccc32)CC1,[ 0.15198301  0.28057566  0.65765    -0.6338098  -0.6791317 ]
O=C(Nc1ccccc1-c1ccccc1)OC1CCN(CCCCCCCCCNC[C@H](O)c2ccc(O)c3[nH]c(=O)ccc23)CC1,[ 0.13354807  0.84897083 -0.98242724 -0.63396823 -0.33666548]
O=C(O)c1ccccc1C(=O)Nc1cccc2ccccc12,[ 0.11739453  0.70239806 -0.54356617 -1.         -0.10075324]
Cc1cc(C)c(N)c(C)c1,[ 0.42727166  0.90859056 -0.7778025  -0.8135237  -0.11079703]
CCOP(=S)(Oc1cccc2cccnc12)c1ccccc1,[-0.04071429  0.8626092  -0.65536714 -0.39824846  0.33377305]
CCCCCCOC(=O)C(O)c1ccccc1,[ 0.3114062  0.613724  -0.6369144 -0.6228887 -0.4741072]
Nc1nc2ccc(OC(F)(F)F)cc2s1,[-0.57091194  0.8062681  -0.40002108 -0.36704153  0.4920309 ]
Cc1ncc(C[n+]2csc(CCO)c2C)c(N)n1,[ 0.4743935  -0.01138061 -0.87732065 -0.20896435  0.4563139 ]
COc1cccc(OC)c1O,[-0.18311071  0.8114688  -0.8529849  -1.          0.6566043 ]
CCCCCNCCCCC,[-0.14114462 -0.3840876   0.13383572 -0.42516345 -0.01747255]
Cn1c(C2=CCN(CCCN3c4ccccc4Sc4ccc(CC(=O)O)cc43)CC2)cc(=O)n(C)c1=O,[ 0.37740162  0.85298735 -0.34747276 -0.5530108  -0.13846675]
CC1=C2C[C@H]3[C@@H](CC=C4C[C@@H](O)CC[C@@]43C)[C@@H]2CC[C@]12O[C@@H]1C[C@H](C)CN[C@H]1[C@H]2C,[ 0.03419229 -0.09685367 -0.98858446 -0.62879825  0.2043309 ]
Cc1nn(C)c(Oc2ccccc2)c1C=NOCc1ccc(C(=O)OC(C)(C)C)cc1,[-0.04400737 -0.817639   -0.6057285  -0.38905376  0.3922512 ]
O=C(c1ccc(Cl)cc1)c1ccccc1-c1ncc[nH]1,[ 0.12680186  0.87685996 -0.6447     -0.63740325 -0.1057184 ]
c1ccc2[nH]c(-c3cscn3)nc2c1,[ 0.38877842  0.7255992  -0.7630994  -0.3443063   0.12229905]
CC(=O)N1CCN(c2ccc(OC[C@H]3CO[C@](Cn4ccnc4)(c4ccc(Cl)cc4Cl)O3)cc2)CC1,[ 0.38672087  0.8147797  -0.8986596  -0.2719587  -0.3921649 ]
O=c1oc(-c2ccccc2)nc2ccccc12,[ 0.098451    0.82189846  0.26014614 -0.7396355   0.21745914]
CC(CN1CC(=O)NC(=O)C1)N1CC(=O)NC(=O)C1,[-0.5514397   0.7121634  -1.         -0.8175321   0.02526332]
CCN(CC)N=Nc1ccccc1,[ 0.3371288   0.74213576 -1.         -0.6579877   1.        ]
C=CCNC(=S)Nc1ccccc1,[-0.22400366 -0.98794305 -1.         -0.4397807   0.14923067]
Cc1onc2c(=O)[nH]nc(-c3ccccc3)c12,[-0.1052491   0.5909667  -0.9068994  -0.6424725  -0.29229176]
COCOCCO,[ 0.1143897   0.5608922  -0.9016474   0.40883338 -0.07341982]
NCCCCN,[ 0.16666612  0.866304    0.65376014 -0.33143476 -0.31869465]
CCOc1ccccc1OC(c1ccccc1)C1C[NH2+]CCO1,[ 0.48944658  0.72226435 -0.509612   -0.87874115 -0.29754928]
COc1cc2nc(N3CCN(C(=O)C4COc5ccccc5O4)CC3)nc(N)c2cc1OC,[ 0.21777245  0.9589653  -0.85379726 -0.29864606 -0.07608783]
COC(C)COC(C)COC(C)CO,[ 0.59102654  0.55656177 -0.5393045  -0.18558042  0.33449516]
CNC(=O)ON=C(C)SCC(=O)N(C)C,[ 0.46004218 -0.31307477 -0.75090396 -1.         -0.01025659]
CC[C@H](C)[C@H](NC(=O)[C@H](CCC(=O)[O-])NC(=O)[C@H](CCC(=O)[O-])NC(=O)[C@H](Cc1ccccc1)NC(=O)[C@H](CC(=O)[O-])NC(=O)CNC(=O)[C@H](CC(N)=O)NC(=O)CNC(=O)CNC(=O)CNC(=O)CNC(=O)[C@@H]1CCCN1C(=O)[C@H](CCCNC(N)=[NH2+])NC(=O)[C@@H]1CCCN1C(=O)[C@H]([NH3+])Cc1ccccc1)C(=O)N1CCC[C@H]1C(=O)N[C@@H](CCC(=O)[O-])C(=O)N[C@@H](CCC(=O)[O-])C(=O)N[C@@H](Cc1ccc(O)cc1)C(=O)N[C@@H](CC(C)C)C(=O)[O-],[-0.10469261  0.25327995 -0.3434393  -0.6455837  -0.03331359]
O=C(CN1CCOCC1)NN=Cc1ccc([N+](=O)[O-])o1,[-0.08416574  1.         -0.699217   -0.7556923   0.04481836]
CC(=O)[C@H]1CC[C@H]2[C@@H]3CC[C@@H]4C[C@H](O)CC[C@]4(C)[C@H]3CC[C@]12C,[-0.2456499   1.         -0.88612807 -1.         -0.24037093]
NCCCNCCSP(=O)(O)O,[ 0.69115657  0.00503111 -0.8759593  -0.6309208  -0.19686976]
OCCNCCc1ccccc1,[-0.0196462   0.5599834  -0.61878294 -0.9730957   0.00372504]
C=CC(=O)OCC(=O)OCC,[-0.13749501  0.61961466 -0.21944126 -0.9572555   0.13653883]
O=C(OCC=Cc1ccccc1)c1ccccc1,[ 0.47610736  0.4546751  -0.6779942  -0.8762663  -0.2219439 ]
Cc1c(F)cc(C(=O)NC2CC2)cc1-c1ccc(C(=O)NCC(C)(C)C)cn1,[ 0.0646072   0.7770721  -0.500086   -0.69980955 -0.34241816]
COc1cccc2c1cc([N+](=O)[O-])c1c(C(=O)O)cc3c(c12)OCO3,[-0.13909015  0.7425191  -0.7372677  -0.6387976  -0.43136334]
O=C(c1csc2c1CCCC2)N1CCCCC1,[ 0.21430178  0.87281823 -0.44121855 -0.82299846 -0.01946034]
C[C@@H]1NC(=O)[C@@H](C)N(C)C(=O)[C@@H](C)N(C)C(=O)[C@H](C)NC(=O)[C@H](C)N(C)C(=O)[C@@H](C)N(C)C1=O,[-0.10008874  0.6397771  -0.82946825 -0.13512668 -0.11453467]
Cc1c(OC2CCN(CC3CCN([C@@](C)(Cc4ccc(F)cc4)C(=O)O)CC3)CC2)ccc(Cl)c1Cl,[ 0.09969654 -0.338895   -1.         -0.819925   -0.2917024 ]
CC(C)c1cccc(C(C)C)c1O,[ 0.30405292  0.5819978  -0.2378114  -0.72614074 -0.2872941 ]
C[C@@H]1NC(=O)[C@@H](C)N(C)C(=O)[C@H](C)N(C)C(=O)[C@@H](C)N(C)C(=O)[C@@H](C)N(C)C(=O)[C@H](C)NC1=O,[-0.30132723  0.23570569 -0.60474575 -1.         -0.01141364]
CC1CCC2(O)C3(C)CC4(O)OC2(C1O)C1(O)C3(O)C(OC(=O)c2ccc[nH]2)C(O)(C(C)C)C41C,[-0.06932542  0.8712416  -1.         -0.726324    0.26016814]
CCCCCc1ccccc1O,[ 0.37878165 -0.21306764 -1.         -0.6748704  -0.42351472]
CCCCCCCCCCCCCCCCCCOP(=O)([O-])OCC[N+]1(C)CCCCC1,[-0.04141269  0.72580755 -0.22920014 -0.66815704 -0.4460563 ]
C=CC(=O)N1CN(C(=O)C=C)CN(C(=O)C=C)C1,[ 0.24757068  0.744173   -0.9734094  -0.7811518   0.58937275]
C[C@H](CO)Nc1nc(SCc2ccccc2F)nc2[nH]c(=O)sc12,[ 0.04189332  0.84693354 -0.18034907 -0.8108861   0.13434002]
OCCOCCN1CCN(C(c2ccccc2)c2ccc(Cl)cc2)CC1,[ 0.5303085   0.88793194 -0.3322502  -0.6493046  -0.39477894]
ClCC(Cl)Cl,[ 0.369779    0.70240223 -0.76989925 -0.5496188  -0.44040358]
COc1ccc2ncc(=O)n(CCN3CC[C@@H](NCc4cc5c(cn4)OCCO5)[C@H](O)C3)c2c1,[ 0.08764012  0.6612242  -0.7646625  -0.81686074  0.27853158]
CCCCC(CC)CNC1CCCCC1,[-0.03281315 -0.77778965 -0.92659503 -0.6587137  -0.08920758]
CN(CC=CC#CC(C)(C)C)Cc1cccc2ccccc12,[-0.2758938   0.97064644 -0.79922026 -0.6763757  -0.10180663]
COc1cc2ncnc(Nc3ccc(F)c(Cl)c3)c2cc1NC(=O)/C=C/CN1CCCCC1,[ 0.4027581   0.90834206 -0.89855516 -1.         -0.44069254]
c1cc(-c2ccc3nc(Nc4ccc(OCCN5CCCC5)cc4)ncc3c2)ccn1,[-0.3005717  -0.33662674 -0.91262853 -0.4277754  -0.2128549 ]
OCCCCC(O)CO,[ 0.20362768  0.8537499  -0.78077984 -0.6327889   0.41760787]
CC(C)OCCCO,[ 0.5932493   0.78778154 -0.80553645  0.00523421 -0.5118967 ]
O=C1CC(N2C(=O)c3ccccc3C2=O)C(=O)N1,[ 0.5218491   0.18731384 -0.8153326  -0.411899   -0.0082951 ]
Cc1ccn(C(=O)NCCCCCCCl)n1,[ 0.56719226  0.46022183 -1.         -0.05276922 -0.54471123]
COc1ccccc1Oc1c([N-]S(=O)(=O)c2ccc(C(C)C)cn2)nc(-c2ccnc(-c3nnn[n-]3)c2)nc1OCCO,[ 0.7381859   0.06060461 -0.38628078 -0.61006284 -0.56154114]
CCCOCCN(C(=O)CCl)c1c(CC)cccc1CC,[ 0.14580788  0.6844115  -0.61853874 -0.35592887 -0.30800083]
COC(=O)C(C)N(C(=O)Cc1ccccc1)c1c(C)cccc1C,[ 0.24931131  1.         -0.5870304  -1.         -0.1363469 ]
O=C(Nc1cccc(Cl)c1)Nc1nnc(-c2ccncc2)s1,[ 0.00713544  1.         -0.80783176 -0.7514199   0.10046626]
Cc1c(CN2CCOC(c3ccccc3)C2C)c(=O)n(-c2ccccc2)n1C,[ 0.20667203  0.884929   -1.         -0.88768584 -0.14575855]
CCN(CC)c1ccc(-c2nc(=O)n(C)nc2-c2ccc(N(CC)CC)cc2)cc1,[-0.16389419  0.18702155 -0.5764897   0.7625932   0.32951683]
CC(C)Oc1cc(-n2cnc3ccc(N[C@@H](CO)c4ccc(F)cn4)nc32)n[nH]1,[-0.52116346 -0.14701548 -0.6348714  -0.9785774  -0.04640409]
Cc1cn([C@H]2CCCN([C@H](CC(C)C)c3ccc(C(=O)O)c(Oc4cccc(Cl)c4)c3)C2)c(=O)[nH]c1=O,[ 0.1655423   0.91339165 -0.92904377 -0.72121006  0.02764129]
CCc1nc2cc(O)ccc2c(Oc2ccc(/C=C/C(=O)O)cc2)c1-c1ccccc1,[-0.0344749   0.849231   -0.7786127  -0.5742275   0.24385072]
O=S1(=O)CCN(c2ccccc2)CC1,[ 0.03668086 -0.17191236 -0.6779343  -0.63224554  0.44320756]
CN(C)C(=O)Nc1ccc(Cl)cc1,[ 0.46692955  0.9278486  -0.96079856 -0.614173    0.03949035]
CNC(=N)c1cccc(CC(CC(=O)N2CCC(C(=O)O)CC2)NS(=O)(=O)c2ccc3ccccc3c2)c1,[ 0.55687404  0.05394157 -0.65011424  0.00353267  0.02807042]
C=CC(=O)OCCCCCCOC(=O)C=C,[ 0.4111286  0.6399317 -0.7256672 -0.5509331 -0.2514364]
COc1nccnc1NS(=O)(=O)c1ccc(N)cc1,[ 0.644568    0.8605319  -1.         -1.          0.04571483]
OCC(O)CO,[ 0.38224754  0.7288216  -0.7422119  -0.7910335   0.28042874]
COCc1ccc2c(C(C(=O)NS(=O)(=O)c3ccc(C)cc3OC)c3ccc4c(c3)OCO4)cn(C)c2c1,[-0.16914502 -0.6945767   0.26744282 -0.8865729  -0.2764779 ]
COc1cc2c(cc1OC)C(Cc1cc(OC)c(OC)c(OC)c1)[N+](C)(CCCOC(=O)CC/C=C\CCC(=O)OCCC[N+]1(C)CCc3cc(OC)c(OC)cc3C1Cc1cc(OC)c(OC)c(OC)c1)CC2,[ 0.29679796  0.9141402  -0.7724211  -0.92985576 -0.04338524]
C[C@@H]1O[C@@H](O[C@H]2[C@H](Oc3cc(O)c4c(c3)O[C@H](c3ccc(O)cc3)CC4=O)O[C@H](CO)[C@@H](O)[C@@H]2O)[C@H](O)[C@H](O)[C@H]1O,[ 0.23704985 -0.01593142 -0.73388785  0.69365335 -0.05673392]
CCCCCCCCOC(C)=O,[ 0.16330144  0.8447709  -0.8592058  -0.59270185  0.8090106 ]
S=C1NCCNC(=S)S1,[ 0.07065688  0.38863683 -0.71912104 -0.7186651  -0.4849611 ]
CC1CCN(C(=O)CC(Cc2cccc(C(=N)N)c2)NS(=O)(=O)c2ccc3ccccc3c2)CC1,[ 0.26462567  0.8909338  -0.78065294 -0.8381056   0.11778523]
CCC(C)N(C)C(=O)c1cc2ccccc2c(-c2ccccc2Cl)n1,[ 0.67481524  0.92728966 -0.74063754 -0.92297894 -0.2977464 ]
C/C([O-])=C(\C#N)C(=O)Nc1ccc(C(F)(F)F)cc1,[ 0.5831937   0.37310475 -0.55217314 -0.7808566  -0.10338564]
C[C@H](Cn1cnc2c(N)ncnc21)OCP(=O)(O)O,[ 0.28309044  0.32677191 -0.5369144  -0.6172857   0.1023331 ]
Cc1ccc(N=C=O)cc1N=C=O,[-0.11337583  0.33732072 -0.63162214 -0.96720845 -0.20426708]
NC(=O)c1cnc(N[C@@H]2CCCC[C@@H]2N)nc1Nc1cccc(-n2nccn2)c1,[-0.51683706  0.8473257  -0.82271045 -0.7944048   0.21807598]
COP(=O)(SC(C)C)SC(C)C,[-0.6848466   0.94204795 -0.2274662   0.02294605 -0.41353026]
C1C[SiH2]C1,[ 0.40549892  0.5081558  -0.60320514 -0.8760632   0.00388344]
COP(=S)(OC)SCc1nnc(C(C)C)o1,[-0.40530086  0.6621589  -0.78049004 -0.7147177  -0.48114115]
Cc1ccc(NC(=O)c2ccc(Cl)c(C(F)(F)F)c2)cc1C(=O)Nc1cccnc1,[ 0.32486358  0.7952193  -0.9742449  -0.52376574 -0.55101943]
CCOP(=S)(OCC)Oc1cccc(F)n1,[ 0.258633    0.9141573  -1.         -0.83836174  0.67459255]
CN(C)CC/C=C1/c2ccccc2COc2ccc(CC(=O)O)cc21,[ 0.5454519  -0.15206784  0.29789558 -0.46343023 -0.58932835]
CCOC(=O)C=Cc1ccc2c(c1)OCO2,[ 0.11773961  0.8707581  -0.91110146 -0.9801447  -0.31148258]
CNc1c(C(N)=O)cnc2[nH]c(-c3ccc(OCCN4CCOCC4)cc3)nc12,[ 0.26363724  0.83336437 -0.8177915  -1.         -0.23603491]
Cc1cc(-c2ccc(Cl)c(C(=O)NCC3(O)CCCCCC3)c2)nn1C[C@H](O)CN,[ 0.19171646  1.         -0.9583359  -0.96126825  0.01697855]
CN(C)C(=O)Oc1cccc2sccc12,[ 0.24965526 -0.06806403 -0.54497457 -0.6373427   0.19842221]
Cc1cc(Cl)ccc1OCC(=O)Nc1ccccc1,[ 0.11545394  0.9083527  -0.665783   -0.654548   -0.29717088]
COc1c2ccoc2c(OCC2OC2(C)C)c2oc(=O)ccc12,[ 0.62168735  0.6577433  -1.         -0.8724171  -0.4912624 ]
CCOC(=O)C(C)Oc1ccc(Oc2nc3ccc(Cl)cc3s2)cc1,[-0.39984995  0.8585859  -0.8884823  -0.87445855 -0.19856305]
CN1C(=O)CC(N2CCN(CCCN3c4ccccc4COc4ccc(CC(=O)O)cc43)CC2)N(C)C1=O,[ 0.33241555  0.71140134 -0.9222077  -0.4022994  -0.04874806]
C(=NC1CCCCC1)=NC1CCCCC1,[ 0.60142106  0.9224755  -0.7098203  -0.67815346 -0.17198984]
CCc1nn(C2CCCC2)c2c1CCn1c(-c3cccs3)nnc1-2,[-0.07045087  0.67396355 -0.9303156  -0.7165592   0.7551697 ]
CCOC(C)=Cc1oc2ccccc2[n+]1CCCS(=O)(=O)[O-],[ 0.12023845  1.         -0.8461838  -0.5134116  -0.31267306]
Cc1nc(C(F)(F)F)ccc1C(=O)Nc1ccc(Cl)c(-c2ccccn2)c1,[ 0.06559345 -0.590832    0.00727532 -0.5019893  -0.47461268]
COc1cc(C(=O)NC2CCCNC2)cc(OC)c1OC,[ 0.46087334  0.594071   -0.5759496  -0.53762203 -0.36602852]
CCOC(=O)c1c(C)cc2c(CO)n[nH]c(=O)c2c1C,[ 0.22281788 -0.3013046  -0.5740113  -0.67229635 -0.17567535]
CCCSP(C)(=S)OP(C)(=S)SCCC,[-0.12494823  0.8310561  -1.         -0.7904872  -0.08554126]
C=CCn1c(N)cc(=O)n(CC)c1=O,"[-1.7654555e-01  1.0582667e-02 -5.9023470e-01 -5.2389431e-01
  4.8752865e-04]"
CN1CN(CCO)CSC1=S,[ 0.132088    0.7383079  -0.68116283 -0.7479375  -0.02565154]
COC(=O)Cc1ccccc1,[-0.42133886 -0.09513479 -0.7962374  -0.66644984 -0.11774226]
S=C1NCCC(COc2ccccc2)O1,[-0.157331    0.697082   -0.7886293  -0.64969194  0.7001746 ]
CC(C)(C)c1ccc(OP2OCC3(CO2)COP(Oc2ccc(C(C)(C)C)cc2C(C)(C)C)OC3)c(C(C)(C)C)c1,[-0.07072741  0.33303604 -0.80764514 -0.08197173 -0.07387065]
Clc1ccc(C2(Cn3cncn3)OCCO2)c(Cl)c1,[ 0.23793204  0.26420945 -0.9047669   0.02019382 -0.5157475 ]
O=[N+]([O-])c1cc(Cl)c2nc(C(F)(F)F)[nH]c2c1,[ 0.20640525  0.58936065 -0.7040903  -1.          0.02024864]
CCCCOc1ccccc1NC(C)=O,[-0.4410278  -0.45767587 -0.74199593 -0.6517495   0.41283587]
CS(=O)(=O)c1ccc(C(O)C(COC(=O)C[NH3+])NC(=O)C(Cl)Cl)cc1,[ 0.20103161  0.7855559  -0.84291434 -0.82665443  0.09309355]
Cc1ccc([N+](=O)[O-])cc1,[ 0.49093843  0.52186644 -0.90238404 -0.63396597 -0.29454204]
CCCSP(=S)(OC)SCCC,[ 0.37809262  0.8648107  -0.8068237  -0.30891353  0.14449522]
Nc1ccc(Cl)cc1,[ 0.49247283  0.7300946  -0.30131727 -0.76386935 -0.0528809 ]
CCCN(N=O)C(N)=O,[-0.48503336  0.986267   -0.25528678 -0.85789245 -0.06287723]
CCN(Cc1cc(C(F)(F)F)ccc1-c1cc(CC(=O)O)ccc1OC)C(=O)NCc1ccccc1,[ 0.05206009  0.8087673  -0.85113573 -0.75045913  0.24601641]
CCc1ccc2[nH]c(C(F)(F)F)nc2c1,[ 0.20493633 -0.0588274  -0.7330995  -1.          0.5751764 ]
CBr,[-0.3973805   0.82928103 -0.7658329  -0.88919806  0.04517248]
N#Cc1cc(Br)c(O)c(Br)c1,[ 0.06432876  0.61997133 -0.216989   -0.585079    0.60021025]
CCCCC(CC)C(=O)OC1=C(c2c(C)cc(C)cc2C)C(=O)c2ccccc21,[ 0.24928108  0.922006   -0.73355585 -0.6510442  -0.14755644]
Fc1ccc(Br)cc1,[-0.43582973  0.7367421  -0.853702   -0.1889719   0.24266946]
Nn1cnc2cc3ccccc3cc2c1=O,[ 0.1396034   0.897006   -0.18123114 -0.5574349  -0.2542968 ]
COc1cc(OC)c(C(=O)CCCN2CCCC2)c(OC)c1,[ 0.2610851   0.7200361  -0.66813743 -0.7749781  -0.33571863]
CCN(CC)c1ccc2cc(C(=O)NC3(C(=O)N[C@H](Cc4ccccc4)C(=O)NCC4CCN(CC5CCOCC5)CC4)CCCC3)sc2c1,[-0.5294385   0.1632398   0.02837297  0.4533395  -0.3322764 ]
CCCCOP(=O)(OCCCC)Oc1ccccc1,[ 0.37199464  0.8578515  -0.8750028  -0.8791447  -0.3468706 ]
CCCOP(=O)(OC=C(Cl)Cl)OCCCl,[ 0.07598471  0.6658569  -0.9296224  -0.7538143  -0.2510894 ]
CCCCN(N=O)C(N)=O,[ 0.21422768  0.62529695 -0.68029106 -0.7798893  -0.25020036]
Cc1cc(Sc2cc(C)c(O)c(C(C)(C)C)c2)cc(C(C)(C)C)c1O,[ 0.23476066  0.74048847  0.00247527 -0.58435434 -0.24797727]
CC1(C)SC2C(NC(=O)C(C(=O)[O-])c3ccsc3)C(=O)N2C1C(=O)[O-],[ 0.5845941   0.68050164 -0.94551826 -0.332415    0.05463666]
CC(C)=CCCC(C)=CCCC(=CCCC(C)=CCO)CO,[ 0.04072333  0.7317992  -0.70251167 -0.9118391   0.5802304 ]
O=[N+]([O-])N1CN([N+](=O)[O-])CN([N+](=O)[O-])C1,[ 0.07763673  0.6020507  -0.55310315 -0.5426884  -0.47319752]
CON(C)C(=O)Nc1ccc(Cl)cc1,[-0.1344526   0.8005313  -0.40696198 -0.9851364  -0.22333044]
CCC(c1ccccc1)c1c(O)c2ccccc2oc1=O,[ 0.40782392  0.7973288  -0.8819443  -0.8097761  -0.24388862]
CC(O)c1cccc(N)c1,[ 0.35250336  0.874297   -1.         -0.20930316 -0.3545677 ]
O=C(Oc1ccccc1)c1ccccc1C(=O)Oc1ccccc1,[ 0.40516487  0.5208944  -0.5702874  -0.56177455  0.04828697]
Clc1cc(Cl)cc(Cl)c1,[ 0.73108715 -0.38143662 -0.8801188  -0.8025036   0.72742015]
CC1CCCCC1NC(=O)Nc1ccccc1,[ 0.2002917   0.44643357 -0.6487732  -0.70115215 -0.31532246]
O=[N+]([O-])c1ccc(Nc2ccccc2)c(S(=O)(=O)O)c1,[ 0.4014307  -0.10818826 -0.63936925 -0.6859565  -0.08839893]
Cc1cn([C@H]2CCCN(S(=O)(=O)c3ccc(C#N)c(Oc4cccc(Cl)c4)c3)C2)c(=O)[nH]c1=O,[ 0.09492963  0.91624326  0.5183791  -0.5032291  -0.37066263]
COCc1c(C(C)C)nc(C(C)C)c(/C=C/[C@@H](O)C[C@@H](O)CC(=O)O)c1-c1ccc(F)cc1,[ 0.23143478  0.5017126  -0.7529697  -0.8607236   0.03291759]
Cc1ccc2c(c1)c(-c1ccnc3cc(Cl)ccc13)c(C)n2CC(=O)O,[-0.0958228   0.4165283   0.2525783  -0.71808684  0.3145456 ]
COc1cc(OC)c(S(=O)(=O)NCc2ccccc2N2CCC(COC(=O)CCC(=O)O)CC2)cc1NC(=O)CCC(=O)O,[-0.2295662   0.9016607  -0.99310595 -0.9251262  -0.42698368]
CCN1CN(CO)C(=O)N(CO)C1,[ 0.44859934  0.3859607  -0.7631346  -0.7516195  -0.49585986]
ClC1=C(Cl)C(Cl)(C2(Cl)C(Cl)=C(Cl)C(Cl)=C2Cl)C(Cl)=C1Cl,[ 0.1109032   0.6487497  -1.         -0.6396312   0.81317055]
CC(C=O)=Cc1ccco1,[-0.5945232  1.        -0.9214886 -0.8529034  0.5270552]
Cc1nccc(-c2ccc(-c3nc4ccncc4c(O)c3C#N)cc2)c1Cl,[ 0.55847335  0.8305207  -0.40308055 -0.17903373  0.11003835]
CN1C[C@@H]2c3ccccc3Oc3ccc(Cl)cc3[C@H]2C1,[-0.03648616  0.8251033  -0.43991628 -0.28707746 -0.4920105 ]
CC(C)OP(=S)(OC(C)C)SCn1nc(Cl)ccc1=O,[-0.5487249   0.8543489  -0.36953163  0.49027994 -0.25772256]
C=C1CC23CC1(O)CCC2C12C=CC(O)C(C)(C(=O)O1)C2C3C(=O)O,[ 0.29185763  0.53462684 -0.72142833 -0.7644525  -0.467305  ]
CCP(=O)(OC)SC,[-0.16551025  0.79183555 -0.96766573 -0.93181175  0.75437665]
Cc1ccc(S(=O)(=O)N(C)C(=O)N2CCC(N3CCC(Oc4ccc(Cl)c(Cl)c4)CC3)CC2)cc1,[-0.32296947 -0.14148597 -0.74315387 -1.         -0.04750066]
CN(CCO)Cc1cc(C(=O)c2cccs2)cc(C(C)(C)C)c1O,[-1.          1.         -0.99686515 -1.          0.7381125 ]
CCS(=O)(=O)c1ccc(-c2cc(Cl)ccc2OCC(=O)O)cc1,[-0.3000739   0.9087874  -0.94419396  0.51506245 -0.00885208]
ClCC1CO1,[ 0.7055147   0.59455395 -0.69773155 -0.830355   -0.23058875]
OCCOCCCl,[ 0.4067158  0.8115077 -1.        -0.86474   -0.1927534]
CCCCC(CC)(C(=O)OCC)C(=O)OCCN(CC)CC,[ 0.41151452  0.7995872  -0.89694715 -0.7700872  -0.06013035]
COP(N)(=O)SC,[-0.35636118  0.91606194  0.01044001 -0.5803716  -0.23538837]
CNC(=O)Oc1cc(C)c(N(C)C)cc1C(C)C,[ 0.49724054  0.8309997  -0.7304563  -0.25482258 -0.39581093]
CC(C)(C)c1nnc(NS(=O)(=O)c2ccccc2)s1,[-0.00534449  0.9015645  -1.         -0.52439207  0.5227851 ]
O=C1COc2ccc(CNC3CCN(CCN4C(=O)COc5ccc(Cl)cc54)CC3)nc2N1,[ 0.23265384  0.7358357  -0.936986   -0.7302104   0.19055447]
C=C(C)C(=O)OCCOC(=O)C(=C)C,[ 0.07151573  0.26661795 -0.3490258  -0.95145816  0.42921647]
COc1ccc(C(=O)Nc2ccccc2CCC2CCCCN2C)cc1,[ 0.644348    0.6881493  -0.42859244 -0.95826447 -0.45590228]
Nc1cc2c(S(=O)(=O)O)cc(S(=O)(=O)O)cc2cc1S(=O)(=O)O,[ 0.20872225  0.75769216 -0.88420576 -0.71585697 -0.44138423]
O=P([O-])([O-])C(Cl)(Cl)P(=O)([O-])O,[ 0.4277901   0.8818168  -0.7938409  -0.67723185 -0.24173732]
CCNC(=O)ON=C1SCOC1C,[ 0.5275967   0.7957822  -0.77671295 -0.57779586 -0.35190278]
C[C@@H](NC1=CC(=O)CC1)c1ccc(Nc2ncc3cc(-c4ccncc4)ccc3n2)cc1,[-0.26235175  0.9178521  -0.50760514 -0.5208843  -0.03063811]
Nc1cc(Cl)ccc1O,[ 0.3216759   0.62585735  0.30211923 -0.44144452  0.15044348]
S=c1[nH]c2cc(Cl)ccc2o1,[ 0.00820918  0.93760914 -0.5028629  -0.6938618  -0.39443466]
CC(C)[N+](=O)[O-],[ 0.14738509  0.815074   -0.64961964 -0.7016207   0.87917316]
NCCNCCNCc1ccccc1O,[ 0.14764868  0.82505536 -0.54405564 -0.8503552   0.28167084]
O=C(CCl)CCl,[-0.14998835  0.8765951  -0.83370876 -0.54182416  0.6711188 ]
C=CCNC(=O)C(=O)C(CCC)NC(=O)C1CC2CN1C(=O)C(C1CCCCC1)NC(=O)Cc1cccc(c1)OCCC(C)(C)O2,[ 0.415416    0.90821743 -1.         -0.67743754 -0.62065023]
CSCC(=O)N(C)C(=O)Oc1ccccc1OC(C)C,[ 0.31371135  0.5268998  -0.82544535 -0.785957   -0.32281843]
C=CC(=O)N(C)C,[ 0.363703    0.11430076 -0.02406885 -0.9578432  -0.25874785]
CCNC(=S)NCC,[ 0.5149775   0.70086545 -0.6886053  -0.56710124 -0.09489458]
CC(=O)CCc1ccc(O)cc1,[ 0.22069408  0.79004145 -0.7953374  -0.82466215 -0.6516171 ]
C[C@H](CO)Nc1nc(SCc2cccc(F)c2F)nc2nc(N)cnc12,[ 0.46849123  0.24646083 -0.5380254  -0.8056546  -0.15783846]
FC(F)(F)c1nc2cc(Br)c(Cl)cc2[nH]1,[ 0.267761    0.9328813  -0.7609799  -0.14678223  0.2935059 ]
O=[N+]([O-])c1cc(Cl)c(N=Nc2ccc(N3CCS(=O)(=O)CC3)cc2)c(Cl)c1,[-0.12822448  0.40975413  0.04665365 -0.3455684  -0.39034063]
Cn1c(=O)sc2cccc(Cl)c21,[ 0.44027317  0.8669952  -0.3862571  -0.98307425 -0.08939409]
COc1cc2ncc(C(N)=O)c(Nc3ccc(C)cc3F)c2cc1OC,[-0.19775255  0.74788946 -0.765941   -0.6688515  -0.13599223]
CN(CCOc1ccc(CC2SC(=O)NC2=O)cc1)c1ccccn1,[-0.5519222   0.70671403  0.42176676 -0.6085339  -0.27202   ]
C[C@@H]1NC(=O)[C@H](C)N(C)C(=O)[C@@H](C)N(C)C(=O)[C@H](C)NC(=O)[C@@H](C)NC(=O)[C@@H](C)N(C)C1=O,[-0.02419555  0.8706914  -0.90117407 -0.7743665  -0.46771312]
CCOC(=O)c1noc(C)c1C(C)=O,[ 0.5144589  -0.30901876 -0.9770295  -1.          0.01903774]
CCCCC(CC)OCCOCCO,[ 0.35271883  0.428681   -0.62349075 -0.47462946 -0.05937852]
NC(=O)CCCCC1CCSS1,[ 0.13932274  0.89483637 -0.5514747  -0.23873942 -0.2731521 ]
N#CSCCSC#N,[-0.17342542  0.9730623  -0.97895795 -0.8190953  -0.16111384]
COP(=S)(Cl)OC,[ 0.38752896  0.80956423 -0.8146213  -0.5375724  -0.19947506]
ClC(Cl)(Cl)c1cccc(C(Cl)(Cl)Cl)c1,[ 0.3962      0.90541065 -0.67758197 -1.          0.40544975]
CCCCCCCCC1OC1CCCCCCCC(=O)OCC1(CC)OC1CCC,[ 0.15087685  0.32113975 -0.78707093 -0.97279215 -0.06058505]
C=C(C)C(=O)OCCC[Si](OC)(OC)OC,[ 0.01505492  1.         -0.93821555 -1.         -0.24215943]
CC(=O)NCCCS(=O)(=O)[O-],[ 0.40964213  0.19739106 -0.46455556 -0.4675459  -0.16822456]
CC=CC=CC=O,[ 0.37039694  0.7494981  -0.48533154 -0.739138   -0.23831634]
Cc1c(Sc2ccc(Cl)cc2)c2c(-c3ccccc3)cccc2n1CC(=O)O,[ 0.36319023  1.         -0.31403556 -0.6310849  -0.28803307]
CCOP(=O)(OCC)Oc1ccc(S(C)(=O)=O)c(C)c1,[ 0.16085605  0.8307354  -0.8498215  -0.82907575  0.02690178]
O=C(O)[C@@H](c1ccccc1)N1CCC(CN2CCC(Oc3ccc(Cl)c(Cl)c3)CC2)CC1,[ 0.66410017  0.79855376 -0.8019348  -0.17398164 -0.39930776]
CC(=O)CCC(C)=O,[ 0.09420197  0.76799905 -0.75857216 -0.6541231  -0.41572192]
O=P(OCCCl)(OCCCl)OC1CC(C(Br)CBr)CCC1Cl,[ 0.26910943  0.97995377 -0.6027845  -0.78710634 -0.10967445]
C=CN(C)N=O,[ 0.31638184  0.6502726  -0.6579366  -0.13816908 -0.3346698 ]
C[C@]12C[C@H](O)[C@H]3[C@@H](CCC4=CC(=O)CC[C@@]43C)[C@@H]1CC[C@]2(O)C(=O)CO,[-0.22375336  0.636067   -1.         -0.19977973 -1.        ]
ClC(Cl)(Cl)c1ccc(C(Cl)(Cl)Cl)cc1,[ 0.10540704  0.2343382  -0.84081376  0.21935003  0.0442666 ]
CCOC(=O)CCN(SN(C)C(=O)Oc1cccc2c1OC(C)(C)C2)C(C)C,[-0.48818788  0.8780297  -0.79036987 -0.7877174  -0.15332392]
Cc1ccc(N2CC(COc3ccc(-c4noc(C)n4)cc3)C2)nn1,[-0.01150135  0.82902724 -0.5956584  -0.5769173   0.00457581]
C[NH2+]C(C)Cc1ccccc1,[-0.25574103  0.64178365 -0.8849379  -0.7035447  -0.4033322 ]
Cc1c(C(C)C)c(=O)n(-c2ccccc2)n1C,[ 0.17610288  0.5407757  -0.4653562  -0.55834293  0.70221955]
Cc1cnc(C)cn1,[ 0.5435351  -0.12627317 -0.8899695  -0.4155952   0.23131554]
C=C(C)C(=O)OCCCC,[ 0.17018247  0.67795247 -0.6600529   0.30625662  0.30058926]
CC(COc1ccc(Cl)cc1Cl)C(=O)O,[ 0.20691378  0.7574548  -0.7534032  -0.6880859   0.79709053]
CNNC,[ 0.36862963  0.32114136 -0.77256787 -0.5738641  -0.2131976 ]
CCC(C)OC(CBr)c1ccc(Cl)cc1,[-1.          0.67089576 -0.869927   -0.677946   -0.25614956]
O=C(O)CC(CC1CCN(C(=O)CCc2ccc3c(n2)NCCC3)CC1)C1CNc2ccccc2C1,[ 0.5687398   0.5232823   0.479108   -1.          0.35748157]
O=C1c2cccc(S(=O)(=O)O)c2C(=O)c2c1cccc2S(=O)(=O)O,[ 0.22449037  0.45288017 -0.7180279  -0.7220404   0.22211815]
COP(=O)(OC)OC(=CCl)c1cc(Cl)ccc1Cl,[ 0.10685556  0.85749143 -0.97276884 -0.80406743 -0.46329603]
C=COCCOC,[ 0.43111482  0.9638653  -0.9133836  -1.          0.7417018 ]
CCCCN(CCCC)SN(C)C(=O)ON=CC(C)(C)SC,[ 0.31244457  0.7406421  -0.9557287  -0.63360023 -0.43527958]
C=CCc1cc(OC)c(OC(C)Cc2cc(OC)c(OC)c(OC)c2)c(OC)c1,[ 0.35004088  0.6148243  -1.          0.40429512 -0.18678707]
CN(C)C(=O)Nc1cc(C(C)(C)C)on1,[-0.41350532  0.9065507  -0.8375469  -0.7467542  -0.12084727]
C=CS(=O)(=O)CCCCCC,[ 0.1953206   1.          0.68511206 -0.6696409   0.38453293]
CCC(C)OC=O,[ 0.10796573 -0.6439152   0.13783097 -0.3946772  -0.477968  ]
CC(CO[N+](=O)[O-])(CO[N+](=O)[O-])CO[N+](=O)[O-],[-0.06388932  0.9042192  -0.6683335  -0.6705132  -0.07380512]
Cc1cccc(Nc2ccncc2S(=O)(=O)[N-]C(=O)NC(C)C)c1,[-0.3529517   0.51390684 -0.7351895  -1.          0.869976  ]
C[N+](C)(C)CC(O)CC(=O)[O-],[-0.12670557  0.7581519  -0.30831504 -0.69060546 -0.46584845]
Cc1ccc(OP(=O)(Oc2ccccc2)Oc2ccccc2)cc1,[ 0.01299161  0.8311176  -0.87125117  0.08979541 -0.14373699]
C[C@@H]1NC(=O)[C@@H](C)NC(=O)[C@H](C)N(C)C(=O)[C@@H](C)N(C)C(=O)[C@@H](C)NC(=O)[C@H](C)N(C)C1=O,[-0.36066943  0.7099734  -0.7980832  -0.8809345   0.44129002]
O=C(CCCCCCC(=O)Nc1ccccc1)NO,[ 0.0843062   0.29720092 -0.81309754 -0.8617189  -0.14204854]
CC(C)OCCO,[-0.4528228   0.6401738  -0.73027945 -0.52510786 -0.38515207]
Cn1c(COP(=O)(NCCBr)NCCBr)cnc1[N+](=O)[O-],[ 0.18626776  0.9036165  -0.88750106 -0.28290957 -0.02534349]
NS(=O)(=O)c1cc2c(cc1Cl)NCNS2(=O)=O,[ 0.56528157  1.         -0.3375769  -0.89381367 -0.36241373]
Cc1c(Sc2ccc(Cl)cc2)c2c(-c3cnccn3)cccc2n1CC(=O)O,[-0.15804921  0.53044856 -0.43526202 -0.7330357   0.09513794]
CCCNC(=O)[N-]S(=O)(=O)c1ccc(Cl)cc1,[ 0.43751553  0.8323497  -0.57586735 -0.6148522   0.13349135]
CCCCCCCc1ccccc1O,[ 0.40635335  0.53330857 -0.5950158  -0.92534906 -0.3957091 ]
CC(=O)NC(CS)C(=O)[O-],[ 0.03560611 -0.4580232  -0.5658806  -0.6348524  -0.23886791]
ClCc1ccccc1,[ 0.37442788  1.         -0.6351048  -0.9165457   0.5557841 ]
Cc1ccsc1C(=CCC[NH+]1CCCC(C(=O)[O-])C1)c1sccc1C,[-0.27392378  0.8778788  -0.50544095 -0.8173794  -0.23173283]
Clc1ccc(N2N=NC3C4CC(C5N=NC45)C32)cc1,[ 0.32592106  0.8688591  -1.         -0.7640418  -0.11240616]
COc1cc2nc(N3CCN(C(=O)c4ccco4)CC3)nc(N)c2cc1OC,[ 0.29867116  0.27195126 -0.92486966 -0.98772246 -0.09979069]
CCCN(CCC)c1c([N+](=O)[O-])cc(S(N)(=O)=O)cc1[N+](=O)[O-],[ 0.34667793 -0.29278314 -0.6337017  -0.7108733   0.14805458]
ClCC1C(CCl)C2(Cl)C(Cl)=C(Cl)C1(Cl)C2(Cl)Cl,[ 0.6655765   0.755133   -0.83668184 -0.6886754   0.0283324 ]
O=C1C(Cl)C(CCl)CN1c1cccc(C(F)(F)F)c1,[ 0.25641412  0.87893176 -0.81869775 -0.3882033   0.7850415 ]
c1ccc(OP(Oc2ccccc2)Oc2ccccc2)cc1,[ 0.6546893   0.64914125 -0.80123925 -0.5490737   0.21705739]
CCCSP(C)(=S)Oc1ccc(Cl)cc1Cl,[ 0.5968612   0.6759105  -0.07337578 -0.47279102 -0.4802805 ]
Nc1ccc(S(=O)(=O)O)c2cccc(O)c12,[-0.5873231   0.77146536 -0.5991944  -0.73674923  0.4144137 ]
CNCC(O)c1cccc(O)c1,[-0.359725    0.82567656 -0.71024936 -0.80876344  0.05650834]
CN(C)CCC=C1c2ccccc2CCc2ccccc21,[ 0.08518326  0.8360001  -0.4801245  -0.50275636  0.5511736 ]
Cc1cc(OC(=O)N(C)C)n(-c2ccccc2)n1,[-0.25965095  0.5755335  -0.5906781  -0.30810934 -0.02410765]
CC(=O)SCC(=O)Nc1nc2ccccc2s1,[ 0.4467566   0.780611   -0.36537588 -0.81758004 -0.15656921]
CC(C)(C)NC(=O)NCCN1CCCC(NC(=O)c2cc(Cl)cc(Cl)c2)C1,[ 0.52677476  0.62937933 -0.33296818 -0.34202173 -0.2452537 ]
COCC(=O)O[C@]1(CCN(C)CCCc2nc3ccccc3[nH]2)CCc2cc(F)ccc2[C@@H]1C(C)C,[-0.0879459   0.8902535  -0.55880946 -0.95948595  0.19556896]
COP(=S)(OC)SCc1nc(N)nc(N)n1,[ 0.36195642  0.7963182  -0.90223354 -0.45419115 -0.27359775]
Cc1ncc(CS)c(CO)c1O,[-0.20640227  0.6462181  -0.86346036 -0.8203826  -0.0222755 ]
Cc1cn([C@H]2CCCN(S(=O)(=O)c3ccc(CO)c(Oc4cccc(Cl)c4)c3)C2)c(=O)[nH]c1=O,[ 0.43611708 -0.6922424  -0.33624542 -0.38709092 -0.08629068]
CC1(C)CC(NC2CC(C)(C)NC(C)(C)C2)CC(C)(C)N1,[ 0.3440019   0.9261036   0.02638835 -0.6250766  -0.19630009]
C[NH+]1CCc2cccc3c2C1Cc1ccc(O)c(O)c1-3,[ 0.4244564   0.4910046  -0.98558867 -0.8831451   0.09433328]
CC(C)(C)OC(=O)N1CCN(c2ncc(OCc3ccncc3)cn2)CC1,[ 0.06604658  0.9871663  -0.68016785 -0.70690393  0.0163707 ]
C=CCc1ccccc1OCC(O)C[NH2+]C(C)C,[ 0.43177322  0.303649   -0.294936   -0.5051076  -0.44762355]
CC(=O)N(C)c1ccc(Nc2ncc3cc(-c4ccncc4)ccc3n2)cc1,[-0.31832388  0.75999826 -0.7665458  -0.3443082   0.3809961 ]
CC(=O)OC(C)(C)C1CC=C(C)CC1,[ 0.35444304  0.71864945 -0.35405797 -0.4774377  -0.02133495]
FC(F)(F)c1nc2c(I)cc(I)cc2[nH]1,[ 0.01512777  0.8430362  -0.6748764  -0.6031613   0.15059088]
CCCCCC(O)C=CC1C(O)CC(O)C1CC=CCCCC(=O)O,[ 0.5179836  -0.3027235  -0.71598226 -0.27749544  0.8544965 ]
OCCOCCOCCOCCO,[ 0.1562197   0.8870362  -0.5332233  -1.         -0.29467165]
Clc1nc(Cl)nc(Cl)n1,[-0.12409072  0.560581   -0.97288746 -0.89464355 -0.4405343 ]
CC(C)c1cccc(OC(=O)N(C)C)c1,[ 0.09040309  0.2909039  -0.83571434 -0.53538036 -0.10261223]
Cc1cc(Nc2cncc(N[C@@H](C)c3ccc(F)cn3)n2)n[nH]1,[-0.04719664 -0.6713797  -0.57791156 -0.39175794  0.04603944]
CC(C)(C)c1ccc2c(c1)C(C)(C)CC2,[-0.21864076  0.85853606 -0.6395886  -0.24408521  0.05280274]
CNC(=O)ON=C(C)SC,[-0.3420349   0.8707985  -0.7197533  -0.8366153   0.01771767]
CN(C)CCCC1c2ccccc2Nc2ccc(Cl)cc21,[ 0.15445955  0.88835454 -0.68119895 -0.8145445  -0.16346046]
CN(C)CCOc1cc(NS(=O)(=O)c2c(Cl)cc(C(F)(F)F)cc2Cl)ccc1Cl,[ 0.20599926  0.91460246 -0.93448067 -0.44305795  0.10498732]
O=[N+]([O-])OCC(O)CO,[ 0.1213254   0.8527575  -0.44168437 -0.8657929   0.53488255]
CCCCC(CC)CNCC(C)(N)CN(C)CC(CC)CCCC,[ 0.17779924 -0.27485117 -0.8373147  -1.         -0.07287118]
CSc1ccc(C(=O)c2[nH]c(=O)[nH]c2C)cc1,[ 0.23908019  0.88689786 -0.74525857 -0.7666304  -0.15575571]
Cc1cc(Cl)ccc1OCCCC(=O)O,[ 0.30685702  1.         -1.         -0.996499    0.01141177]
NC(=O)N1C(=O)C(C(=O)c2cccs2)c2cc(Cl)ccc21,[-0.6171216   0.27348885 -0.81357825 -0.91058034 -0.01061243]
C1CCC2CCCCC2C1,[ 0.1715628   0.7803613  -0.73493814 -0.8160008   0.3941714 ]
CCC(C)C(CC)C(N)=O,[ 0.07293382  0.97227794  0.95982355 -0.830605    0.36657044]
C=CC(C)CCCC(C)(C)O,[ 0.36421958  0.57080853 -0.5218169  -0.788289   -0.19787979]
CCN(CC)c1c([N+](=O)[O-])cc(C(F)(F)F)c(N)c1[N+](=O)[O-],[ 0.30977708  0.71832645 -0.689185   -0.58321446 -0.34840456]
CN(C)S(=O)(=O)CCCCCNC(=O)N(CCCl)N=O,[ 0.42260933  0.5048347  -0.7083054  -0.8109101  -0.15638182]
CCOC(=O)C=Cc1ccc(Cl)cc1,[ 0.15539105  0.45425856 -0.565407   -0.63227606  0.2562499 ]
CNC(=O)c1[nH]cnc1C(=O)Nc1ccc(Cl)cc1,[-0.03032667  0.8224954  -0.78243923 -0.9872254   0.23473556]
CC(C)(C)CC(=O)Nc1c(F)cc(C(=O)Nc2nccs2)cc1F,[ 0.33404642  0.7139148   0.59205073 -0.09700848 -0.431618  ]
C[C@@H]1CN(Cc2ccc(F)cc2)CCN1C(=O)COc1ccc(Cl)cc1NC(N)=O,[-0.48459932  0.7588245   0.18037006 -0.6411847   0.4210811 ]
COC(C)C=O,[-0.56852674  0.8198753  -0.7383275  -0.69263387  0.758712  ]
CCOCCCO,[ 0.07056265  0.07648445 -0.6725535  -0.3481908   0.36830595]
CC(C(=O)O)c1ccc(CC2CCCC2=O)cc1,[ 0.49892056  0.8479561  -0.5934719  -1.          0.27797887]
C[C@@H]1O[C@@H](O[C@H]2[C@@H](O)C[C@H](O[C@H]3C[C@](O)(C(=O)CO)Cc4c(O)c5c(c(O)c43)C(=O)c3ccccc3C5=O)O[C@H]2C)C[C@H](N)[C@@H]1O,[-0.04229543  0.65343213  0.37361842 -0.51007956 -0.46058863]
Cc1ccc(CO)cc1N(C)c1ccnc(Nc2cc(N3CCCOCC3)cc(N3CCOCC3)c2)n1,[ 0.5282168   0.7815926  -1.         -0.5694892   0.14753461]
C=CC(=O)OCCOCCC#N,[-0.02496263  0.878095   -0.7143912  -0.81001145 -0.4686819 ]
CCCOCCOC(=O)C1=C(C)NC(C)=C(C(=O)OCCOCCC)C1c1cccc([N+](=O)[O-])c1,[ 0.6991421   0.7932051  -0.7902634  -0.2535505  -0.06973743]
CCC[C@@H](c1ccc(C(=O)O)c(Oc2cccc(Cl)c2)c1)N1CCC[C@H](n2cc(C)c(=O)[nH]c2=O)C1,[ 0.15869728  0.7353642  -0.9614215   0.62676024 -0.02378542]
C[C@@H]1O[C@@H](O[C@@H]2[C@@H](O)[C@H](OCCc3ccc(O)c(O)c3)O[C@H](CO[C@@H]3O[C@H](CO)[C@@H](O)[C@H](O)[C@H]3O)[C@H]2OC(=O)/C=C/c2ccc(O)c(O)c2)[C@H](O)[C@H](O)[C@H]1O,[-0.19477656  0.9087159  -0.9858637  -0.5394772  -0.32475024]
S=C=NCCN=C=S,[-0.21049719  0.44254434 -0.43623558 -0.8401336  -0.20567216]
CCCCN1C(=O)c2cccc([N+](=O)[O-])c2C1=O,[ 0.36793903  0.23333256 -0.8020794  -0.5689122   0.40438202]
Oc1ccc2[nH]c(C(F)(F)F)nc2c1,[ 0.07327618  0.9365452  -0.6325834  -0.6857261  -0.19268048]
CCOP(=S)(OCC)SCSCc1ccccc1,[-0.3959853   0.93049794 -0.93294394 -0.71696264  0.1306835 ]
CCC(C)OP(=S)(OC)OC,[ 0.57863134  0.819866   -0.85990494 -0.6891475  -0.32504869]
C#CCN(C)c1ccccc1OC(=O)NC,[ 0.3023583  -0.49821466 -1.         -0.7759738  -0.18832336]
CCCS,[ 0.19062088  0.9842156  -0.85718435 -0.92670923 -0.1678303 ]
Cc1cccc(C)c1O,[ 0.24197917 -0.03415054 -0.2741642  -0.85511893 -0.07643401]
CCCSP(C)(=S)Oc1ccccc1,[ 0.37312284  0.7792547  -0.88533187 -0.47903392 -0.2616474 ]
NC(=S)Cc1cccc2ccccc12,[ 0.21710564  0.8416008  -0.72586024 -0.6171887  -0.21448253]
CCn1cc(C(=O)O)c(=O)c2cc(F)c(N3CCN(C)CC3)cc21,[ 0.05157866  0.8342406  -1.         -0.3976168   0.3056587 ]
CCC(=O)Nc1ccc2[nH]c(C(F)(F)F)nc2c1,[-0.3674888  0.5151189 -0.6500463 -0.67       0.3566696]
O=C([O-])c1cc(N=Nc2ccc(S(=O)(=O)Nc3ccccn3)cc2)ccc1O,[-0.5110515   0.7411655   0.18036324 -0.64947444 -0.16611697]
CN(C)c1ccc(C(O)(c2ccc(N(C)C)cc2)c2ccc(N(C)C)cc2)cc1,[ 0.33229506 -0.3405172  -0.85793906 -0.5200887   0.3699891 ]
Cc1cc(Cl)ccc1OCC(=O)O,[ 0.13754171  0.8778184  -0.86290896 -0.79173934  0.10039406]
CCC(C)(CC)c1cc(N)on1,[ 0.26257294  0.7300327  -0.7912412  -0.6094955   0.06102781]
CC1CS1,[ 0.38889244  1.         -0.84551406 -0.8227155  -0.04257001]
CCS(=O)CCSP(=O)(OC)OC,[ 0.20806228  0.91881835  0.5987358  -0.67876184  0.18165335]
CC(O)C1C(=O)N2C(C(=O)[O-])=C(SC3CCS(=O)C3)SC12,[-0.10960069  0.8105151  -0.6114422  -0.77203035 -0.2481533 ]
CC[C@H]1OC(=O)[C@H](C)[C@@H](O[C@H]2C[C@@](C)(OC)[C@@H](O)[C@H](C)O2)[C@H](C)[C@@H](O[C@@H]2O[C@H](C)C[C@H](N(C)C)[C@H]2O)[C@](C)(O)C[C@@H](C)C(=O)[C@H](C)[C@@H](O)[C@]1(C)O,[-0.16439447  0.45148984 -1.         -0.95820326  0.14107555]
O=[N+]([O-])c1ccc(C=NNC(=S)N2CCCC2)o1,[ 0.45953804  0.70004195 -0.509684   -0.7010684   0.19581434]
C=CC(=O)OCC(CC)CCCC,[-0.18510659  0.5928027  -0.798374   -1.          0.44637486]
CCCCCCCCc1ccccc1O,[ 0.21712263 -0.20212187 -0.7293195  -0.37892535  0.06330327]
CNC(=O)c1c(I)c(NC(C)=O)c(I)c(C(=O)[O-])c1I,[ 0.43708056  1.         -0.4349625  -0.7604968  -0.23894712]
COC(=O)C1=C(C)NC(C)=C(C(=O)OCCN(C)Cc2ccccc2)C1c1cccc([N+](=O)[O-])c1,[ 0.3230267   0.74736226 -0.7068904  -0.89445966 -0.1177244 ]
Oc1c(Cl)c(Cl)cc2[nH]c(C(F)(F)F)nc12,[ 0.29004288  0.85497624 -1.         -0.6148614  -0.23893383]
O=c1n(CC2CO2)c(=O)n(CC2CO2)n1CC1CO1,[-0.10124023  0.32180458 -1.         -0.8840514   0.11183344]
c1c[nH]cn1,[ 0.67475224  0.86377347 -0.41243714 -0.0548804  -0.38921666]
Cc1cnc(-c2cc(NC(=O)c3ccc(C(F)(F)F)nc3C)ccc2Cl)[nH]1,[ 0.21175885  0.23693432 -0.63579744 -0.7738208   0.26475537]
Nc1nc2c(ncn2COCCO)c(=O)[nH]1,[ 0.50553364 -0.04845979 -0.78425306 -0.11981732  0.50627834]
Cc1ccc2c(c1)c(S(=O)(=O)c1ccc(Cl)cc1)c(C)n2CC(=O)O,[ 0.5115747  -0.02070161 -0.66875654 -0.28704563 -0.19777933]
Cn1cnc(S(=O)(=O)N(CCN(Cc2cncn2C)c2ccc(C#N)cc2)Cc2ccccc2)c1,[-0.29998738  0.9010975  -0.89762086 -1.         -0.2537125 ]
CC(C)(C)NCCC(O)c1cc(C(F)(F)F)nc2c(C(F)(F)F)cccc12,[ 0.46267727  0.37995756 -0.43255803 -0.36559236  0.7148635 ]
CN(C)CCOCCOCCN(C)C,[-0.25443077  0.44565704 -0.82268566 -0.9187085  -0.17598411]
O=C(Oc1ccccc1)n1c(C(F)(F)F)nc2cc(Cl)c(Cl)cc21,[-0.15712234  0.41566178 -0.6270731   0.28270057 -0.28116694]
CC(=O)Oc1ccc2c3c1OC1C(OC(C)=O)C=CC4C(C2)[NH+](C)CCC341,[ 0.48288047 -0.27773625 -0.46707875 -0.36825025  0.06458687]
CCOC(=O)C1OC1c1ccccc1,[ 0.2162625   0.8570417  -0.8367822  -0.68856204 -0.3982829 ]
N=C(N)N[N+](=O)[O-],[ 0.14848016  0.86521655 -0.7663308  -0.6234052   0.46564236]
CCOP(=O)(Cl)Cl,[ 0.34346804  1.         -0.6408455  -0.4967422  -0.27915066]
CCC(=O)OC1C(C)OC(OC2C(C)OC(OC3C(CC=O)CC(C)C(O)C=CC=CCC(C)OC(=O)CC(OC(C)=O)C3OC)C(O)C2N(C)C)CC1(C)O,[-0.29476517  1.         -0.8301815  -0.8603836  -0.24155419]
Cc1ccc(C(=O)N(CCCN)[C@@H](c2nc3cc(Cl)ccc3c(=O)n2Cc2ccccc2)C(C)C)cc1,[ 0.27917725  1.          0.32530394 -0.6882629   0.05647947]
Nc1cc[n+]([O-])cc1,[ 0.00399726  0.88636947 -0.79320765 -0.93617827  0.838855  ]
CN(C)c1ccc(N=Nc2ccccc2)cc1,[ 0.19493908  0.73864174 -0.8260318  -0.72655994  0.6524506 ]
C[C@@H]1CC[C@H]2[C@@H](C)[C@@H](OC(=O)CCC(=O)O)O[C@@H]3OC4(C)CC[C@@H]1[C@@]23OO4,[ 0.3124961   0.9591601  -0.90127456 -0.9410235   0.1457838 ]
CC(C)(C)c1cc([N+](=O)[O-])cc([N+](=O)[O-])c1O,[ 0.24885193  0.43027017 -0.6774454  -0.80336076 -0.385073  ]
CC(=O)O[C@H]1C[C@@H]2CC[C@@H]3[C@H](CC[C@@]4(C)[C@H]3C[C@H]([N+]3(C)CCCCC3)[C@@H]4OC(C)=O)[C@@]2(C)C[C@@H]1N1CCCCC1.[Br-],[-0.27647516  0.77286196 -0.7698943  -0.6354066  -0.5013907 ]
Cc1ccc(C(=O)c2ccc(CC(=O)NCC(=O)Nc3cccc(C)c3C)n2C)cc1,[ 0.2765476   0.7759498  -0.721101    0.00931548  0.02187298]
CCNC(=O)CSP(=S)(OC)OC,[ 0.15147181  1.         -0.75631905 -1.         -0.27741793]
Cc1cnc(NCCCN(C)C)c2c1[nH]c1ccc3cc(O)ccc3c12,[ 0.04892201  0.8142394  -0.29144627 -1.          0.23152436]
O=c1[nH]c(=O)c2ccccc2o1,[ 0.47209606  0.81013554 -0.5277852  -0.55700284  0.00788375]
Nc1cccc(N)c1,[ 0.09618264  0.8977921  -0.27400842 -0.67569816 -0.12842055]
NC(=O)[C@H](Cc1ccccc1)NC(=O)OCc1ccccc1,[ 0.2660574   0.93617225 -0.9119649  -0.58662695  0.14247519]
O=NN(c1ccccc1)c1ccccc1,[-0.14294484  0.9512492  -0.7161393  -0.87690127  0.7429828 ]
CC(C)C(CCC(C)C1CCC2C3C(O)CC4CC(NCCC[NH2+]CCCC[NH3+])CCC4(C)C3CCC12C)OS(=O)(=O)[O-],[ 0.32939667  0.9370955  -0.8416512  -0.8536004   0.70994383]
CN=C=S,[ 0.25991827  0.77775043 -0.7406119  -0.90598214 -0.27517638]
CON=C(Cc1cccnc1)c1ccc(Cl)cc1Cl,[-0.1380433   0.8027833   0.542711   -0.15680158 -0.3776199 ]
Nc1nc(O)c2ncn(COCCO)c2n1,[ 0.3668052   0.8697371  -0.5882215  -0.9664737  -0.19538906]
CCCCCCC(N)C(=O)N[C@@H](Cc1c(C)cc(O)cc1C)C(=O)N1CCC[C@@H]1C(=O)N[C@@H](Cc1c[nH]c2ccccc12)C(=O)N[C@@H](Cc1ccccc1)C(N)=O,[ 0.09822857  0.65834546 -0.05943191 -0.6008011  -0.38108584]
Cc1ccccc1S(=O)(=O)NC(=O)N1CCC(N2CCC(Oc3ccc(Cl)c(Cl)c3)CC2)CC1,[ 0.07391826  0.74630255 -0.8590635  -0.5616927   0.02263654]
COc1cc2c(cc1OC)C1CC(=O)C(CCC#N)CN1CC2,[ 0.32177353  0.8621724  -0.54355234 -0.48085323 -0.12171484]
O=C(C(F)(F)Cl)C(F)(F)Cl,[-0.1686974   0.71996415 -0.9242347  -0.60409313  0.6668619 ]
Cc1c(OC2CCN(CC3CCN([C@@H](Cc4ccc(F)cc4)C(=O)O)CC3)CC2)ccc(C#N)c1Cl,[-0.17629285  0.9537512  -0.03771645 -0.52319574  0.52904606]
CN1CCC(=C2c3ccccc3Sc3ccccc32)CC1,[ 0.3693585   0.872399   -0.7071786  -0.747874   -0.50318635]
Cc1c(Cl)c([N+](=O)[O-])c2[nH]c(C(F)(F)F)nc2c1[N+](=O)[O-],[ 0.11347026  0.99429065 -0.4258419  -0.78381586 -0.6418466 ]
CC(C(=O)O[C@@H]1CC[N+](C)(C)C1)(c1ccccc1)C1CCCC1,[ 0.32959777  0.4976205  -0.5402243  -1.         -0.11349471]
CC1(C)C(=O)N(CO)C(=O)N1CO,[ 0.11381201  0.7367703  -0.88929784  0.19272265 -0.49454048]
O=C(CCC(=O)OC1CCCCC1)OC1CCCCC1,[-0.00738456  0.39043432 -0.40791592 -0.18696117  0.1224591 ]
O=C(OCCc1ccccc1)c1ccccc1,[ 0.4992195   0.4649682  -0.7979301   0.24197754  0.0523151 ]
CCCCSN(C)C(=O)Oc1cccc2c1OC(C)(C)C2,[ 0.00574883  1.         -0.7706189  -0.7514121   0.6174303 ]
OC(CCN1CCCC1)(c1ccccc1)C1CCCCC1,[ 0.22137563  0.9189454  -0.9053431  -0.60557836 -0.15239939]
CN(c1ccc(F)cc1F)c1c([N+](=O)[O-])cc([N+](=O)[O-])cc1C(F)(F)F,[-0.20806122  0.3498037  -0.39450568 -0.830174    0.6912851 ]
CCN(CCO)c1cccc(C)c1,[ 0.20097592  0.9828626  -0.9734977  -0.6746925   0.01689417]
Cc1cccc(N)c1C,[ 0.34735808  0.83926284 -0.6143436  -0.7004531  -0.13896272]
c1ccc2c(c1)CC(N1CCN(c3cccc4c3OCCO4)CC1)C2,[-0.19272418  0.8452276  -0.72353804 -0.7464012  -0.16439818]
COc1ccc2ncc(=O)n(CCN3CC[C@@H](NCc4ccc5c(n4)NC(=O)CO5)[C@@H](F)C3)c2c1,[ 0.4337216   0.95133007 -0.93019223 -0.7386437  -0.44701397]
Nc1ccn([C@@H]2O[C@H](CO)[C@@H](O)C2(F)F)c(=O)n1,[ 0.02620125  0.7935963   0.3556761  -0.40689617 -0.3376257 ]
CCOP(=S)(OCC)SCC(=O)N(CCC#N)c1ccccc1,[ 0.2746289   1.         -0.9640385  -1.          0.18070191]
CC(C)(c1ccc(Oc2ccc(N)cc2)cc1)c1ccc(Oc2ccc(N)cc2)cc1,[-0.631304    0.00505438  0.06211014 -0.5202282   0.33034703]
CNC(=O)CSP(C)(=S)OC,[ 0.04224383  0.15970555  0.20438366 -0.45018256 -0.1179721 ]
O=[N+]([O-])c1cccc(O)c1,[-0.11408871  0.3538097  -1.         -0.79419005  0.33251736]
SCc1ccccc1,[ 0.14001903  0.6558743  -0.62664557 -0.8823111   0.5637969 ]
C=CN(CC)C(C)=O,[-0.17974938  0.83430815 -0.89396274 -0.83575356 -0.5858756 ]
C[NH+]1CCOC(c2ccccc2)c2ccccc2C1,[ 0.457976    0.4325754  -0.71848726  0.29316905  0.14688747]
CCCCN(CCCC)CCCC,[-0.02262101  0.81929606 -0.60435826 -0.9848356  -0.4831563 ]
COc1ccc(CC2NCC(O)C2OC(C)=O)cc1,[ 0.18482256  0.32911187 -0.71027315  0.3035975  -0.11465541]
CN(C)N(C)N=O,[-0.46526298  0.774638   -0.73460364 -0.68787336 -0.35970682]
CN(CCCOCCOCCc1ccccc1)CCc1ccc(O)c2nc(O)sc12,[-0.570733    0.5599687  -0.20039482 -0.69482344 -0.3452975 ]
ClCCCBr,[ 0.33020645  0.23202163 -0.30710486 -0.4009948  -0.0298384 ]
CC=C(CC)C(=O)NC(N)=O,[-0.02122173  0.8155536  -0.709021   -0.73258257 -0.36232263]
O=CC1=CCCCC1,[ 0.42542157  0.8599839  -0.65999705  0.26552948 -0.07930717]
COCCOCCOC(C)=O,[ 0.46170232  0.91010517 -0.5377316  -0.2799061  -0.07456934]
CC(=O)OCc1ccc(C(C)C)cc1,[-0.13011919  1.         -0.7952449  -0.93352634 -0.09538102]
COc1cc(OC)c(S(=O)(=O)N2c3ccccc3CCC2C)cc1NC(=O)COCC(=O)O,[ 0.5176508   0.8717836  -0.23276216 -0.67896515 -0.27716568]
O=C(Cc1ccc(OCc2ccccc2)cc1)NO,[ 0.62354857  0.77747035 -0.8698296  -0.57240754 -0.27747688]
C=C(C)C1CC=C(C)C(O)C1,[-0.00292517  0.78162444  0.03954378 -0.47449127  0.32602525]
O=C(O)CCCOc1ccc(Cl)cc1Cl,"[-3.1528983e-01 -1.3943280e-02 -8.7958437e-01 -8.7082916e-01
 -7.0307468e-04]"
N#Cc1cccc(C#N)c1,[ 0.03199429  1.         -0.02103752 -1.         -0.10368665]
COc1ccc(NC(=O)CF)cc1,[ 0.564256    0.7258839  -0.6990716  -0.44251946 -0.06328986]
CC(C)CN,[-0.70031947  1.         -0.8367025  -0.89076644  0.05019053]
CC(C)(C)[NH2+]CC(O)c1cc(O)cc(O)c1,[ 0.14066835 -0.1687148  -0.8727216  -0.85389376 -0.38009062]
Cc1cc(-n2c(C)nc3ccccc3c2=O)n(-c2ccccc2)n1,[ 0.53770727  0.9232974  -0.519157   -0.5498349  -0.21496122]
CC(C)CCI,[ 0.21850374  0.86826706 -0.9790306  -0.54518855 -0.20195988]
C=C(C)C(=O)OC=C(C)C,[ 0.62500477 -0.2996746  -1.         -0.89915586 -0.32972047]
CC(CO)Oc1ccccc1,[-0.25575152  0.8981407  -0.8988053  -0.82449716 -0.4943509 ]
CCOC(=O)Cl,[-0.22801454 -0.46372676 -0.37099415 -0.5548839   0.15439594]
O=C([O-])CCCc1ccc(N(CCCl)CCCl)cc1,[ 0.11945709  0.940641   -0.41286734 -0.8084239  -0.5441601 ]
CC1CC(=O)CC(C)O1,[ 0.31596577 -0.58881843 -0.7680526  -0.60334367 -0.3000377 ]
C=CC(=O)OC1CC2CCC1C2,[-0.5379151  -0.48205158 -0.7747745  -0.70255506  0.38089305]
CCC(=O)OCc1ccc(OC)cc1,[ 0.47606608  0.11619013 -0.46820053 -0.80651957  0.05017811]
Cc1cc(Nc2nc(N[C@@H](C)c3ccc(F)cn3)c(C#N)cc2F)n[nH]1,[ 0.26684377  0.621163   -0.92915165 -0.9704827   0.46246314]
O=C(O)C1N=C(c2ccccc2)c2cc(Cl)ccc2NC1=O,[ 0.16600917  0.30714923 -0.7433477  -0.4932123   0.05518406]
COC(=O)c1ccccc1,[ 0.7503293   0.46562892 -0.6010799  -0.44155404 -0.14839257]
CC(C)=C1CCC(C)CC1=O,[ 0.38250062  0.8304908  -0.87737983 -0.42312226 -0.0524879 ]
COc1ccc(-c2nc3ccc(C4=NNC(=O)CC4C)cc3[nH]2)cc1,[ 0.3563252   0.6421226  -0.48980832 -0.86153126 -0.32479873]
COP(=S)(OC)Oc1cc(Cl)c(Cl)cc1Cl,[ 0.17570597 -0.7540428  -0.6795202  -0.68090093 -0.00399817]
Cc1ncsc1C,[-0.14904082  0.86668634 -0.9579152  -0.89543813  0.3262134 ]
CCC(C)(C)C1CCC(=O)CC1,[ 0.49403456  0.65854645 -0.40524632 -0.6479477  -0.1758052 ]
CC(=O)c1c(C)c2cnc(Nc3ccc(N4CCNCC4)cn3)nc2n(C2CCCC2)c1=O,[-0.3594825   0.92392415 -0.89451975 -0.61730385  0.4464086 ]
C[C@H](Cc1cccc(CC(=O)NC23CC4CC(CC(C4)C2)C3)c1)NC[C@H](O)c1ccc(O)c(CO)c1,[ 0.20455727  0.8477058  -0.25439516 -0.54166764 -0.507754  ]
CCC(=O)CC,[ 0.2986516   0.69382596 -0.9957063  -0.8196125  -0.2907103 ]
CCCCC(CC)COCCO,[-0.01563043  0.5469365  -0.8405456  -0.0725509   0.23245314]
O=[N+]([O-])c1ccccc1Cl,[-0.03471318  0.82964355 -0.86318046 -0.567452    0.13152803]
C[NH+](CCOc1ccc(NS(C)(=O)=O)cc1)CCc1ccc(NS(C)(=O)=O)cc1,[ 0.55889845  0.7298464  -0.97549915 -0.44838768  0.6891153 ]
CCOC(=O)c1ccc(C#Cc2ccc3c(c2)C(C)(C)CCS3)nc1,[ 0.5088614  -0.28029096 -0.6192006  -0.14251272 -0.30402794]
CC1CCC(C(C)C)C(O)C1,[ 0.09424723  0.8737575  -0.90340066 -0.7501388  -0.15447766]
COC(CN1CCN(CCC(O)c2ccccc2)CC1)c1ccccc1,[ 0.026725    0.42158294 -0.8961992  -0.91193926 -0.0555119 ]
CC(=O)N(C)c1ccc2ccn(-c3cc(NC4CC4)n4ncc(C#N)c4n3)c2c1,[-0.01796823  0.6089514  -0.84168226 -0.61677146 -0.3240247 ]
CC1CC(=O)NN=C1c1ccc([N-]N=C(C#N)C#N)cc1,[ 0.2664384   0.27387914 -0.61689746 -0.76324844  0.03059845]
Cc1c(C(=O)NCCO)[n+]([O-])c2ccccc2[n+]1[O-],[ 0.21026114  0.7799878   0.783242   -0.07758293 -0.14660798]
Nc1nc2[nH]cnc2c(=S)[nH]1,[ 0.255507    0.8581327  -1.         -0.5607644  -0.04928674]
O=C(c1ccccc1)c1cccc2c1CCC2C(=O)O,[-0.45294687  0.86985815 -0.6789102  -0.67053354 -0.06332005]
Cc1cc([N-]S(=O)(=O)c2ccc(N)cc2)no1,[-0.5229519  -1.         -0.5767717  -0.11963435  0.21466431]
CC(C)=CC1C(C(=O)OC(C#N)c2cccc(Oc3ccccc3)c2)C1(C)C,[ 0.2297717   0.12845242 -0.79096603 -0.5445582   0.2717324 ]
O=[N+]([O-])c1c(Cl)c(Cl)c(Cl)c2nc(C(F)(F)F)[nH]c12,[ 0.24475567  0.781231   -0.922238   -1.          0.26811218]
O=[N+]([O-])c1ccc(O)c(CNCCO)c1,[ 0.6255126   0.75711554 -0.88063705 -0.43641376  0.2979219 ]
OC[C@@H]1CC[C@H](n2cnc3c(O)ncnc32)O1,[ 0.498962    0.8648002  -0.79247534 -0.29644895 -0.3141508 ]
CCC(C)c1ccccc1,[ 0.24802566  0.7685907  -0.8815586  -0.13059135 -0.48923716]
CN(CC#N)N=O,[-0.0834782   0.7962656  -0.75963026 -0.9248595   0.42149094]
Cc1cc(=O)n(CSP(=S)(OC(C)C)OC(C)C)nc1Cl,[-0.23317978  0.28158957 -0.6877679  -1.         -0.06054081]
COc1cc(Nc2nc(N[C@@H](C)c3ncc(F)cn3)ncc2Br)n[nH]1,[ 0.5613807   0.8095215   0.57138985 -0.45777893 -0.73929584]
Cc1cc(=O)nc(SCc2ccccc2N(C)C)[nH]1,[-0.03054946  0.83267266 -0.8508694  -0.8659949  -0.22495274]
CC(C)CCC(C)Nc1ccc(Nc2ccccc2)cc1,[-0.13385396  0.6557922  -0.649184   -0.8928094  -0.54327923]
Cc1nc(N)nc(N)c1-c1ccc(Br)cc1,[ 0.08855018  0.8217564  -0.8288961  -0.6534424  -0.02526339]
C[C@@H]1NC(=O)[C@H](C)N(C)C(=O)[C@@H](C)NC(=O)[C@H](C)N(C)C(=O)[C@@H](C)N(C)C(=O)[C@@H](C)NC1=O,[-0.22575143  0.40065908 -0.7821117  -0.76868963 -0.44405785]
C=CCOC(=O)CCCCC,[ 0.14341265  0.6096881   0.22340968 -0.03846286  0.31819025]
C=CC(=O)OCCOCC,[ 0.5966983   0.7077582  -0.7504614  -0.83481365 -0.06228886]
O=C(Cc1ccc(Cl)c(C(F)(F)F)c1)Nc1cccc2c(=O)n(CCO)ccc12,[ 0.5414312   0.50003713 -0.6222665  -0.8715216  -0.51472604]
CS(=O)(=O)c1nc(-c2ccc(F)cc2)n(-c2ccc(Cl)cc2)n1,[-0.07545862  0.8506212  -0.7700357  -0.8604002  -0.25608477]
Cc1ncccc1Oc1ncnc(OC2CCN(C(=O)OC(C)C)CC2)c1C,[ 0.3677238   0.6484646  -0.63561654  0.2126277  -0.40059614]
O=C(O)COc1ccc(Cl)cc1CN1CCN(S(=O)(=O)Cc2ccccc2)CC1,[ 0.21713215  0.8039912  -0.75008726 -0.31659952 -0.22681294]
[O-][n+]1onc2c1c1no[n+]([O-])c1c1no[n+]([O-])c21,[ 0.4151875   0.925949   -0.78984773 -0.9912792  -0.06764036]
COP(=S)(OC)SCC(=O)N1CCOCC1,[ 0.43769732  0.46893767 -0.80396074 -0.16419546 -0.06057747]
CCCC(=O)OC1(C(=O)COC(=O)CC)CCC2C3CCC4=CC(=O)CCC4(C)C3C(O)CC21C,[-0.12304079  0.66282713 -0.87327707 -0.65480006  0.52345353]
Cn1cncc1CN(CCN(Cc1ccccc1)S(=O)(=O)c1ccccn1)c1ccc(C#N)cc1,[ 0.2994152   0.48571602 -1.         -0.8637079   0.29522493]
CN(C)N=Nc1nc[nH]c1C(N)=O,[ 0.17819434  0.18951307 -1.         -0.2993171   0.15714803]
C/C=C(/C)C(=O)O[C@H](c1cc2ccc(=O)oc2cc1OC)[C@H](O)C(C)(C)O,[ 0.44991305  1.         -0.8433742  -0.5756509   0.4999437 ]
COP(=S)(OC)Oc1ccc(S(N)(=O)=O)cc1,[ 0.35687247  0.7864518  -0.6936698  -0.72897655  0.42742187]
CCON=C(CC)C1=C(O)CC(c2c(C)cc(C)cc2C)CC1=O,[-0.07496372  0.07275562 -0.52380544 -1.         -0.20281456]
C[NH2+]C(C)C1CCC(N)C(OC2C(N)CC(N)C(OC3OCC(C)(O)C([NH2+]C)C3O)C2O)O1,[ 0.12803133  0.84735715 -0.72795147 -0.9261158  -0.05857985]
COC(=O)C(C(C)=O)C(C)=O,[ 0.1220742   0.34205    -0.7879241  -0.7545557  -0.19257003]
O=c1cc(-c2ccc(O)cc2)oc2cc(O)cc(O)c12,[ 0.19416441  0.7757906  -0.7093698  -0.43333498 -0.21808158]
Oc1nc(-c2ccccc2)nc2ccccc12,[ 0.540937    0.23042485 -0.9505523  -1.          0.32282525]
CC(C(=O)O)c1ccc(C(=O)c2cccs2)cc1,[-0.826216   -0.561754   -0.5366157  -0.13776696  0.07250559]
COP(=S)(OC)Oc1ccc(C#N)cc1C,[-0.3613921   0.8929969  -0.54810447 -0.54766655 -0.5013978 ]
COc1cc(-c2cc(=O)c3c(O)cc(O)cc3o2)cc(O)c1OC,[ 0.04427014  1.         -0.8170316  -0.88549715 -0.3239111 ]
Cc1cc(Nc2nc(N[C@@H](C)c3ccc(F)cc3)ncc2Cl)n[nH]1,[ 0.40095842  0.75412005 -0.6856027  -0.96753234 -0.59011614]
CCC1(CC)Oc2cccc(OC(=O)N(C)C(C)=O)c2O1,[ 0.22612382  0.9446672  -0.9088279  -0.9965544   0.41774574]
Cc1ccccc1COC1CC2(C(C)C)CCC1(C)O2,[-0.13406326  0.11746478 -1.         -0.88310665 -0.03152965]
CC(C)(O)c1ccccc1,[-0.74546826  1.         -0.9618675  -1.          1.        ]
O=C(CO)N1CCC(c2[nH]nc(-c3ccc(Cl)cc3F)c2-c2ccncn2)CC1,[ 0.22584781  0.66007185 -0.13124086  0.3164857   0.69302565]
COc1ccccc1Oc1c([N-]S(=O)(=O)c2ccc(C)cn2)nc(-c2ccncc2)nc1OC,[ 0.2506413   0.498698   -0.5631475  -1.         -0.11364996]
CSCCNc1nc(SCCC(F)(F)F)nc2c1ncn2C1OC(COP(=O)([O-])OP(=O)([O-])C(Cl)(Cl)P(=O)([O-])[O-])C(O)C1O,[-0.5348777   0.88444436 -0.668899   -0.41750112  0.00523451]
C[C@H](CO)Nc1nc(SCc2cccc(F)c2F)nc2[nH]c(=O)cnc12,[ 0.5071122   0.5941298  -0.9772756  -0.7099817  -0.20461947]
C#CC1(O)C(CO)OC(n2ccc(N)nc2=O)C1O,[-0.56334835  0.7813926  -0.7007122  -0.8363626  -0.23671894]
C=C(C)CN(CC)c1c([N+](=O)[O-])cc(C(F)(F)F)cc1[N+](=O)[O-],[ 0.44688213  0.5010357  -1.          0.70898485  0.47113687]
CC(=O)OCCOCCOCCOC(C)=O,[ 0.16590567  0.716843    0.3603332  -0.412747    0.31141877]
COc1cc2c(cc1OC)C(CCc1ccc(Cl)cc1)N(C)CC2,[ 0.40226126  0.76995695  0.45347998 -0.45361453  0.25451228]
C[C@@H](N/C(=N\c1ccncc1)NC#N)C(C)(C)C,[-0.24990931  0.64366466 -0.80988336 -0.7155942  -0.51530814]
CC(CC(=O)OC(C)(C)C)NC(=O)C1=NOC(C(O)(C(F)(F)F)C(F)(F)F)C1,[ 0.51425344  0.7482221  -0.712163   -0.5484569   0.3913594 ]
CCC(C)(C)OC(=O)Nc1ccco1,[ 0.5340428   0.6777455  -0.76583755  0.41262752 -0.19868417]
CNC(=O)c1cccc2c(Nc3ccc(NS(C)(=O)=O)cc3OC)c3cccc(C)c3[nH+]c12,[ 0.10723316  0.7211603  -0.6961428  -0.6342742  -0.33938363]
O=C(O)CCC(=O)OC1CCCCC1,[ 0.03960614  0.8128205  -0.77902395 -0.7181237  -0.18837832]
COC(=O)/C=C/CNC(=O)CN1C(=O)[C@@H](COC(=O)Nc2ccc(Cl)cc2C(F)(F)F)N=C(c2ccccc2)c2ccccc21,[-0.20796986  0.8080531  -0.8581042  -0.6899427   0.7228967 ]
CC(O)C(Cl)(Cl)Cl,[ 0.04821271  0.9760094  -0.6480159  -0.45878974  0.50686765]
CN[C@H](CC(C)C)C(=O)N[C@H]1C(=O)N[C@@H](CC(N)=O)C(=O)N[C@H]2C(=O)N[C@H]3C(=O)N[C@H](C(=O)N[C@H](C(=O)O)c4cc(O)cc(O)c4-c4cc3ccc4O)[C@H](O)c3ccc(c(Cl)c3)Oc3cc2cc(c3O[C@@H]2O[C@H](CO)[C@@H](O)[C@H](O)[C@H]2O[C@H]2C[C@](C)(N)[C@H](O)[C@H](C)O2)Oc2ccc(cc2Cl)[C@H]1O,[ 0.26636428  0.76097417 -0.6379474  -0.5453192  -0.00574303]
CC(C)Cn1c(=O)n(C)c(=O)c2c(C(=O)N3CC[C@@H](O)C3)c(Cc3c[nH]c4ccccc34)sc21,[ 0.51350045  0.9905824  -0.66869074 -0.69759214  0.30691206]
CNC(=O)c1[nH]cnc1C(=O)Nc1ccc(OC)cc1,[ 0.15779531  0.8680779  -0.8964309  -0.754467    0.3127162 ]
C#CCN1C(=O)CN=C(c2ccccc2)c2cc([N+](=O)[O-])ccc21,[ 0.25099418  1.         -1.         -0.46922126 -0.35629493]
CCOC(=O)NCCOc1ccc(Oc2ccccc2)cc1,[-0.3845911   0.9621212  -0.65322113 -0.12935871 -0.13500443]
O=C1C2CC3C1C1(Cl)C(Cl)C4(Cl)C2C3C1(Cl)C4(Cl)Cl,[ 0.533881    0.7761868  -0.5228221  -0.8414993  -0.16855676]
CC1CCC(N)CC1N,[ 0.27822185  0.776869   -0.68215436  0.0123261   0.10856386]
Cc1ccc2nc(C[N+]34CCC(CC3)[C@@H](OC(=O)[C@](C)(c3ccccc3)N3CCCCC3)C4)oc2c1,[ 0.48163468  1.         -0.4442204  -0.38716745 -0.6908441 ]
COc1cc2c(c3oc(=O)c4c(c13)CCC4=O)C1C=COC1O2,[ 0.07608189  0.7840592  -0.6108935  -0.73472583 -0.57722044]
CC(=O)Nc1ccc(C)c(NS(=O)(=O)C(F)(F)F)c1,[ 0.19214545  0.05570329 -0.5715039  -0.6810369  -0.5543546 ]
CCc1c2c(nc3ccc(O)cc13)-c1cc3c(c(=O)n1C2)COC(=O)[C@]3(O)CC,[ 0.05444902  0.8787822  -0.9564238  -0.72336715 -0.13174482]
CN(C)N=Nc1ccc(I)cc1,[-0.11146859 -0.62446797 -0.77885383 -0.7781148   0.09350555]
FCOC(C(F)(F)F)C(F)(F)F,[-0.10277037  0.48387417 -0.7883897   0.67491394  0.20999627]
FC(F)(F)c1nc2c(Cl)c(Cl)cc(Cl)c2[nH]1,[-0.23418684  0.7780847  -0.62165356 -0.8696082  -0.5603767 ]
CC(O)CO,[ 0.41499388  0.9922263  -0.8543116  -0.6954731   0.9324705 ]
COC(=O)C1=C(C)NC(C)=C(C(=O)OCCN(C)Cc2ccccc2)C1c1cccc(N(O)O)c1,[-0.25755808  0.8539364  -0.807799   -0.83571184 -0.43617308]
CC#CN(CC)CC,[ 0.46712863  0.5574361  -0.831066   -0.65680623  0.151375  ]
CCCCCCCCCCCCCCCCCC(=O)Cl,[ 0.4884407   0.7485138  -0.73644155 -0.91501415 -0.23333111]
O=NN1CCCCC1,[-0.4063442  0.9554205 -0.8014103 -0.8805624  0.4443385]
C1=CCC(C2OCC3(CC=CCC3)CO2)CC1,[-0.4901826   0.5993464  -0.7522377   0.0629492  -0.03091728]
CC(Cl)(Cl)[N+](=O)[O-],[-0.13343777  0.9289791  -0.64436984 -0.6935893  -0.21224475]
CC#CCC(C)C(O)C=CC1C(O)CC2Oc3c(CCCC(=O)O)cccc3C21,[ 0.52117395  0.85029596 -0.73860145 -0.4052794  -0.18293594]
COP(=S)(OC)SCSCC=C(Cl)Cl,[ 0.3977764  -0.6948585  -0.9024873  -0.6384144  -0.16025464]
CN(C)CC=C(c1ccc(Br)cc1)c1cccnc1,[-0.08828396  0.7560935  -0.8155685  -0.9245772  -0.15112558]
O=C(NCC12CC3CC(CC(C3)C1)C2)c1cc(-n2ncc(=O)[nH]c2=O)ccc1Cl,[ 0.30522582  0.34446877 -0.6306697  -0.6709136  -0.18342252]
C[N+](C)(Cc1ccc(NC(=O)c2ccc(Cl)c(Cl)c2)cc1)C1CCOCC1,[-1.          0.7598921  -0.3328172  -0.41721416 -0.45972136]
CCOc1ccccc1C(N)=O,[ 0.65966064  0.34547046 -0.65026724 -0.4757124   0.52649474]
Cc1cc(=O)cc(-c2ccccc2)o1,[ 0.3649442   0.68168426 -0.55262786 -0.5939441  -0.49300948]
C[Si](C)(Cl)Cl,[ 0.3503382   0.8991364  -0.7548603  -0.8887215  -0.48782757]
N#CCCCCC#N,[-0.23400228  0.77519    -0.7068619  -0.6916641  -0.31225234]
O=C(O)c1cccc(Cl)n1,[ 0.00168111  0.88082165 -0.6590332  -0.4141083   0.33257335]
CC(=O)C1OC1(C)C,[ 0.26773244  0.79214555 -0.738243   -0.51013434 -0.1449579 ]
CNC(=O)[C@@H]1Cc2cn(cn2)CC(=O)N2CCC[C@H]2C(=O)N[C@@H](C)C(=O)N1C,[ 0.09213217  0.7769417  -0.9630415  -0.80033696 -0.5971248 ]
COP(=S)(OC)SCc1nnc(SC)s1,[ 0.09262718  0.88750935 -0.25696582 -0.5649749   0.4282383 ]
CC(c1ccccn1)c1c(CC[NH+](C)[14CH3])sc2ccccc12,[-0.25589892  0.8322555   0.73390704 -0.3531167   0.34176207]
CCCCCCCCCCCCCCCN,[-0.06238362  0.8938838  -0.41127485 -0.7952558   0.18369247]
O=CNC(N1CCN(C(NC=O)C(Cl)(Cl)Cl)CC1)C(Cl)(Cl)Cl,[ 0.5144367   0.8201106  -0.7768796  -0.67339164 -0.33312   ]
FC(F)(F)c1nc2c(Br)c(Cl)c(Br)cc2[nH]1,[ 0.00170141  0.7622373  -0.82138807 -0.62325484  0.16392161]
CCC(=O)NC[C@H]1CN(c2ccc(-c3nncs3)c(F)c2)C(=O)O1,[-0.3674764   0.9768359  -0.8374803  -0.8455406   0.22879468]
N[C@H]1CCN(c2c(Cl)cccc2/C=C2\SC(=O)NC2=O)C1,[-0.00421846  0.6998645  -1.         -0.9021079  -0.1555593 ]
Cc1c(OCC(F)(F)F)ccnc1C[S+]([O-])c1nc2ccccc2[nH]1,[ 0.5351779   0.7211671  -0.59441847 -0.71447825 -0.06656305]
CN(C)CCC(c1ccc(Cl)cc1)c1ccccn1,[ 0.5895636   0.7331831  -0.9673033   0.30933696  0.18298356]
CCC(=O)N(c1ccccc1)C1CC[NH+](CCc2ccccc2)CC1,[-0.03493923 -0.6488058  -0.724022   -0.38803324 -0.37850118]
C[C@H](CSN=O)C(=O)N1CCC[C@@H]1C(=O)O,[-0.05963453  0.87275535 -0.97083366 -0.8167351   0.16602406]
COc1ccc(CC(C)=O)cc1,[ 0.22855972  0.59407204 -0.47844622 -0.75034016  0.22996192]
CCCSP(C)(=S)SC(CC(=O)OCC)C(=O)OCC,[-0.335615    0.833358   -0.7006033  -0.7357089  -0.01835471]
CCN(CC)CCO,[ 0.38303998  0.8701776  -0.7792056  -0.8160998  -0.60113865]
C=CC(=O)NCNC(=O)C=C,[ 0.57557464  1.         -1.         -0.97026753 -0.2553562 ]
CCN(CCO)C(=O)c1oc2cccnc2c1-c1cccc(C(F)(F)F)c1,[ 0.21604526  0.86485606 -0.34371206 -0.5479463  -0.12401336]
O=C(NC1CC1)c1cc(-c2cccs2)on1,[ 0.13369116  0.7227258  -1.         -0.726397    0.02876943]
COc1ccc(-c2cc(=O)c3ccc(OC)cc3o2)cc1,[ 0.05114531  0.76552236 -0.770672   -0.56147814  0.22984657]
CN(C)c1ccc(O)c2c1CC1CC3C([NH+](C)C)C([O-])=C(C(N)=O)C(=O)C3(O)C(O)=C1C2=O,[ 0.20322834  0.7989061  -0.7895436  -0.6187931  -0.3268736 ]
Nc1ccc([N+](=O)[O-])cc1N,[ 0.3854053   0.662697   -0.6462988  -0.43956384 -0.1564765 ]
CCOP(=O)(NC(C)C)SCC(=O)NCOC,[ 0.20285057  1.         -0.63144296 -0.70819247  0.02723309]
N#CC(c1ccccc1)c1ccccc1,[ 0.6128528   0.6018122  -0.81149644 -0.53710324  0.05440247]
CN1CCCCC1CCN1c2ccccc2Sc2ccc(S(C)=O)cc21,[ 0.19580482  0.79487664 -1.         -1.         -0.30811217]
C[NH+](C)CCC(c1ccc(Cl)cc1)c1ccccn1,[ 0.47548023  0.8618689  -0.890926   -0.80051374  0.01689416]
CCC(C)C(=O)OC1CCC2(C)C3CC(O)C4C5(O)C(CC42OC13O)C1CN2CC(C)CCC2C(C)(O)C1C(O)C5OC(=O)C(C)(O)CC,[ 0.09600192  0.9367556  -0.6900105  -0.68993855  0.78918844]
O=c1c2nocc2c(-c2ccccc2)nn1-c1ccccc1,[-0.48983654  0.68076336 -0.9401623  -0.9026661   0.15797934]
CC(O)COC(C)CP(CC(C)OCC(C)O)CC(C)OCC(C)O,[-0.1366648   0.7191004  -0.79763377 -0.766795    0.040888  ]
CCCCOP(=O)(O)OCCCC,[ 0.3104425  -0.6810344  -0.60049266 -0.9695353  -0.11242799]
COCCN(C(=O)CCl)c1c(C)cccc1C,[-0.44497648  0.42266634 -0.80026865 -0.748883    0.71929723]
C=COC(=O)CCCCC(=O)OC,[ 0.00138697 -0.70631087 -0.9744399  -0.30191487  0.88032544]
Cc1cnc(NC(=O)C2=C(O)c3ccccc3S(=O)(=O)N2C)s1,[-0.24077602  0.5773097  -0.66623163 -0.71597856 -0.19860104]
CCCOP(=O)(SCCC)SCCC,[-0.02610924  0.9283761  -0.16661204 -0.8883461  -0.14119561]
CNC(=O)/C=C(/c1ccc2nc(N)n(S(=O)(=O)C(C)C)c2c1)c1ccccc1-c1cccc2ccccc12,[-0.21443374  0.630545   -0.7840116  -0.84092945  0.6399885 ]
CCC[C@H](NC(=O)[C@@H]1[C@H]2CCC[C@H]2CN1C(=O)[C@@H](NC(=O)[C@@H](NC(=O)c1cnccn1)C1CCCCC1)C(C)(C)C)C(=O)C(=O)NC1CC1,[ 0.6338576   0.4876085  -0.740258   -0.7938891  -0.34566027]
CN(CCCl)CCCl,[ 0.30932233  0.75622237 -0.738377   -0.8287105   0.11095257]
COP(=S)(OC)Oc1cnc2ccccc2n1,[ 0.7225738  0.2809693 -0.9884055 -0.8543742  0.5347142]
C[C@@](N)(Cc1ccc(O)c(O)c1)C(=O)O,[ 0.16489707  0.989414   -0.48920482 -0.8992941  -0.23598671]
CC(C)CCCC1CCC(C)(C(=O)NCC(=O)O)CC1,[ 0.22790292  0.05161396 -0.4603828  -0.70120984 -0.19304766]
COP1(=S)OCc2ccccc2O1,[ 0.23310047  0.76072997 -1.         -0.83505136 -0.2548425 ]
CN1CCN(C2=c3ccccc3=Nc3ccc(Cl)cc3N2)CC1,[ 0.36739022  0.7282636  -0.38986376 -0.20595445 -0.3904843 ]
Nc1c(CC(=O)[O-])cccc1C(=O)c1ccc(Br)cc1,[ 0.15078671  0.98139864 -0.6323056  -0.50237614  0.09575062]
CCCCOCC1CO1,[-0.32906654  0.35729295 -0.8869979  -0.8908381  -0.28912517]
Cc1cccc2sc3nncn3c12,[ 0.35132113  0.74119776 -0.5790562   0.07177047 -0.3378899 ]
CC(NNC(=O)c1ccccc1)c1ccccc1,[ 0.5666083   0.5948545  -0.81885326 -0.77231836 -0.03513206]
CCC(C)CCCCC(=O)NC(CCN)C(=O)NC(C(=O)NC(CCN)C(=O)NC1CCNC(=O)C(C(C)O)NC(=O)C(CCN)NC(=O)C(CCN)NC(=O)C(C(C)O)NC(=O)C(CC(C)C)NC(=O)C(CCN)NC1=O)C(C)O,[ 0.18165718  0.22414203 -0.7890063  -0.7278928  -0.12798606]
CCOP(=S)(NC(C)C)Oc1ccccc1C(=O)OC(C)C,[-0.35949236  0.7699913  -0.7840411  -0.56621337  0.47300476]
CCNc1nc(NC(C)C(C)C)nc(SC)n1,[ 0.53875     0.8674709  -0.831609   -0.8398275   0.16309525]
CCOP(=S)(OCC)OC(=CCl)c1ccc(Cl)cc1Cl,[ 0.13370502 -0.05974672 -0.73326045  0.89463866  0.5676811 ]
O=C(Nc1cccc(Cl)c1)OCC#CCCl,[ 0.03400614  0.7963755  -0.92321604 -0.8742719  -0.48070925]
Cc1cc(C)c(C)cc1C,[ 0.47109222  0.90329593 -0.10757308 -0.9656469  -0.06622452]
Cc1ccc(S(=O)(=O)Nc2c(C(=O)N[C@@H](C)C(C)(C)C)c(C)nn2C(C)C)cc1,[-0.16266248  0.8040703  -0.8240356  -0.68724036 -0.42546389]
Oc1cc(Cl)c(Cl)c(Cl)c1Cl,[-0.23451328  0.84439415 -0.89445627 -0.71905744 -0.25469825]
Cc1cc(OC(=O)N(C)C)n(C(C)C)n1,[-0.4364829   0.8932742  -0.49349737  0.28920093  0.4427708 ]
CC(C)(C#N)C(C)(C)C#N,[ 0.292557    0.92022926 -1.         -0.89825135 -0.3377685 ]
O=C1c2ccccc2N(C(=O)CN2CCOCC2)CN1c1ccccc1,[ 0.5112953   0.52589005 -0.83237594  0.3951054  -0.09426443]
CCCCCCCCCCCCNC(N)=S,[-0.26693872  0.9418496  -0.8241881   0.15425342 -0.26842946]
CC(C(N)=O)(c1ccccc1)c1ccc(N)cc1,[ 0.3952418   0.69265234 -0.81599045 -0.6357367  -0.05163211]
OCCOc1cc(Cl)c(Cl)cc1Cl,[ 0.05663277  0.6717985  -0.73140526 -0.45244193  0.14068638]
CCOC(=O)COc1ccc(C(=O)CN2CCN(C3CCN(C(=O)OCOC(=O)C(C)(C)C)CC3)CC2=O)cc1,[-0.07701793  0.84208596 -0.8944705   0.36453012  0.48124585]
CCc1cc2c(s1)-n1c(C)nnc1CN=C2c1ccccc1Cl,[-0.05447122  0.8151881  -0.5726523  -0.68816537 -0.17537846]
CN(C1CCCCC1)C1CCCCC1,[ 0.24644826  0.8046177  -1.         -0.9675198  -0.13314731]
C=COC(=O)C=CC,[-0.25557733  0.98330325 -0.52772367 -0.69290894 -0.02821454]
COc1nc(C)nc(Cl)c1NC1=NCCN1,[ 0.1642595   0.730509   -0.74117756 -0.774373   -0.3297347 ]
N#CCCOCCC#N,[-0.15487532  1.         -0.9233965  -1.         -0.17153722]
CCN1C(=O)C=CC1=O,[-0.14667143  0.6750264  -0.68701243 -0.7975611   0.0764128 ]
Cc1cc(Nc2nc(N[C@@H](C)c3ccc(F)cn3)c(C#N)nc2C)n[nH]1,[ 0.08721701  0.59233034 -0.99813974 -0.48396993  0.13234071]
CN1CCN(c2ccc3ncc(C(N)=O)c(Nc4ccc(Cl)c(Cl)c4)c3c2)CC1,[-0.15517384  0.9242628  -0.8240924  -0.07566726 -0.26947907]
O=C(NCCNCC(O)COc1ccc(O)cc1)N1CCOCC1,[ 0.23534958  0.30435213 -1.         -0.9004771  -0.16029307]
COC(=O)c1cc([N+](=O)[O-])ccc1Cl,[ 0.34643057  0.83848405 -0.74881417 -0.79569674 -0.2459392 ]
CO[Si](CCCOCC1CO1)(OC)OC,[-0.02007197  0.8535324  -1.         -0.7017342  -0.42854407]
CC(C)Oc1ccc2c(=O)c(-c3ccccc3)coc2c1,[-0.37705624  0.89621246 -0.8326249  -0.8019575  -0.41370335]
CC=Cc1ccc(OCc2ccccc2)c(OC)c1,[ 0.30079508  0.76098216 -0.85627836 -0.34622884 -0.16354857]
CCOC(=O)Nc1ccc(NCc2ccc(F)cc2)cc1N,[-0.04434912  0.77983403 -0.7779615  -0.70558226 -0.37541476]
Cc1cccc([N+](=O)[O-])c1[N+](=O)[O-],[-0.49142456  0.86594546 -0.672356   -0.29471412  0.1763039 ]
Cc1cc(C(=O)c2ccccc2)ccc1N,[ 0.27627274  0.9617919  -0.6980678  -0.5306924  -0.06446105]
N#Cc1ccc(F)c(-c2cc(C(F)(F)F)ccc2OCC(=O)O)c1,[ 0.34377518  0.45753297 -0.8293167  -0.20549278  0.0433117 ]
COc1ccc2c3c1OC1C(O)C=CC4C(C2)[N+](C)([O-])CCC341,[-0.15334456  0.8345057  -0.62739277 -0.7350808  -0.21499212]
CC(C)NCC(O)COc1cccc2ccccc12,[ 0.2020249  0.6990635 -0.7460029 -0.9011777 -0.4942543]
CC1[NH2+]Cc2cc(-c3ccc4c(=O)c(C(=O)[O-])cn(C5CC5)c4c3OC(F)F)ccc21,[-0.33507442  0.8810934  -0.726779   -0.78345233 -0.03812632]
Cc1c(-c2c(C)c(N)c3c(C(C)C)c(O)c(O)c(C=O)c3c2O)c(O)c2c(C=O)c(O)c(O)c(C(C)C)c2c1N,[ 0.08722315 -0.88461953 -0.8956414  -0.93681955  0.12089127]
Nc1nc(-c2ccccn2)nc(N)c1Cc1ccc(Cl)cc1Cl,[ 0.04036188  0.9353549  -0.86840576 -0.43401644  0.19160633]
CCOP(=S)(OCC)Oc1cc(-c2ccccc2)on1,[ 0.08252346  0.8019193   0.12470051 -0.6908948   0.19493538]
COCCNC(=O)c1ccc(Nc2ncc3cc(-c4ccncc4)ccc3n2)cc1C,[ 0.1792065   0.21147335 -0.43180555 -0.18494588  0.28892806]
OCCOCCN1CCN(C(c2ccccc2)c2ccccc2)CC1,[-0.10878198  0.9168067  -0.92687553 -0.7334935   0.14775056]
CNC(=O)Oc1ccc(CCC#N)cc1,[ 0.23940906  0.7095099  -0.17898236 -0.62623405  0.2578938 ]
O=C1CCc2ccccc2O1,[ 0.144724   -0.3851485  -0.23712054 -0.40496486  0.4712387 ]
COc1c(OP(=S)(OCC(C)C)OCC(C)C)cnn(C)c1=O,[ 0.38833803  0.1019845  -1.         -0.6156253   0.22638366]
CO/N=C(\C(=O)N[C@@H]1C(=O)N2C(C(=O)O)=C(COC(C)=O)CS[C@H]12)c1csc(N)n1,[ 0.3791257   0.8976368  -0.3862027  -0.67096245  0.22251882]
CCCCOC(=O)CC(SC(CC(=O)OCCCC)C(=O)OCCCC)C(=O)OCCCC,[-0.19222991  0.45773605 -0.816679   -0.20484944 -0.055025  ]
O=CCc1ccccc1,[ 0.01935071  0.06381776 -0.98034614  0.34868732  0.00511623]
CCC(C(=O)O)C1(O)CCCCC1,[-0.41407463 -0.073097   -0.61362255 -0.47393537 -0.25565973]
CCNC(=O)c1cc2c(-n3ccc(C(F)(F)F)n3)c(-c3cncc(-c4n[nH]c(=O)o4)c3)cnc2[nH]1,[ 0.33665845  1.         -0.6964757  -0.7518062  -0.3779721 ]
C=CCc1cc(OC)c2c(c1)OCO2,[ 0.07591753  0.87678635 -0.45820644 -1.         -0.4882687 ]
O=[N+]([O-])c1cc(Cl)ccc1Cl,[ 0.28728995  0.8033707   0.2691107  -0.21526547  0.14366235]
CC(=O)OC(C(=O)NC(N)=O)c1ccccc1,[ 0.31295124  0.23616084 -0.6812378   0.59102243  0.8834182 ]
Clc1ccc(OCOc2ccc(Cl)cc2)cc1,[ 0.6497408   0.50409055 -0.6225348  -0.27267125  0.32061958]
CN(C)S(=O)(=O)N(SC(F)(Cl)Cl)c1ccccc1,[ 0.29154557  0.72994316 -0.83458865 -0.5949033   0.36612383]
CCCN(CCC)c1c([N+](=O)[O-])cc(C)cc1[N+](=O)[O-],[ 0.3527427   0.7548055  -0.2774886  -0.42638215 -0.1454902 ]
CC(C)(C)NC[C@H](O)COc1nsnc1N1CCOCC1,[ 0.23282298  0.89076954 -0.9074521  -0.1824609  -0.16750482]
CC(=Cc1ccccc1)CC(=O)N1CCOCC1,[ 0.04328543  0.9135177  -0.8504432  -0.459352    0.38993594]
CC1OC(n2ccc(NC(=O)c3ccc(NC(=O)C(C)(N)CO)cc3)nc2=O)CCC1OC1OC(C)C(N(C)C)C(O)C1O,[ 0.31837058  0.994588   -0.71065587 -0.7711699   0.04459248]
ClC(=NNc1c(Cl)cc(Cl)cc1Cl)c1ccccc1,[ 0.30154952  0.9802933  -0.8311561  -0.749038    0.35106412]
C=CCSP(=O)(NC(=O)CC)OC,[-0.016995    0.41645986 -0.7304143  -0.7856448  -0.40338385]
CC(=O)CCCCCCCC(=O)O,[ 0.33411974  0.9468081  -0.8107711  -0.62150717 -0.23285252]
O=C(O)COc1ccccc1,[ 0.29601964 -0.53908587 -0.47419247 -0.3313961  -0.1911876 ]
COc1cc2ncc(C(N)=O)c(Nc3cccc(Cl)c3Cl)c2cc1N1CCN(C)CC1,[ 0.00233538  0.6157271  -0.80712783 -0.9598748  -0.3837992 ]
COc1cc2ncc(C(N)=O)c(Nc3ccc(F)cc3F)c2cc1NCCN1CCCCC1,[ 0.328956    0.84690344 -0.818794   -0.4573482   0.25640333]
O=C(Nc1ccc(Br)cc1)c1cc(Br)cc(Br)c1O,[ 0.5164783  -0.30951697 -0.7572643  -0.82328624 -0.5102494 ]
O=CCCCC=O,[ 0.49180272  0.78989196 -0.3107881  -1.         -0.40062252]
CN1[C@@H]2CC[C@@H]1CC(OC(=O)C(CO)c1ccccc1)C2,[ 0.3390461   0.87238514 -0.75270337 -0.3902729  -0.11756998]
Fc1cc(-c2cccc3ncc(-c4cnn(C5CCNCC5)c4)nc23)cc(F)c1CN1CCOCC1,[ 0.24481873  0.81841975 -0.3677356  -0.37796    -0.1407145 ]
CC(C)(C)NCCO,[ 0.09861353  1.         -0.7203506  -0.6028701  -0.2559812 ]
N#CC1CC2CC2N1C(=O)C(N)C12CC3CC(CC(O)(C3)C1)C2,[ 0.28831565  0.17109077  0.224183   -0.51823044  0.5513867 ]
CC1NC(=S)NC1=O,[ 0.16645944  1.         -0.6914865  -0.8339577   0.6211189 ]
NCCCC[C@H](N[C@@H](CCc1ccccc1)C(=O)O)C(=O)N1CCC[C@@H]1C(=O)O,[ 0.11744439  0.805466   -0.66417664 -0.8354494  -0.2075247 ]
Oc1c(O)c(-c2c(Cl)c(Cl)c(Cl)c(Cl)c2Cl)c(Cl)c(Cl)c1Cl,[ 0.6013875   0.8207311   1.         -0.3506466  -0.23415443]
Nc1ccc(Cl)cc1Cl,[ 0.630709    0.7345451  -0.77957475 -0.4869245   0.06801271]
CNC(=O)Oc1ccccc1C1OCCO1,[ 0.27934608  0.17658947 -0.6316264  -0.8907301  -0.27564242]
CO/N=C(/C(=O)NC1C(=O)N2C(C(=O)[O-])=C(C[N+]34CCC(C(N)=O)(CC3)CC4)CSC12)c1nsc(N)n1,[ 0.03014015  0.7618878  -0.775751   -0.71081257  0.2047153 ]
CCCN(CCC)CCCCCCCCNC(=O)Oc1ccc2c(c1)C1(C)CCN(C)C1N2C,[-0.59482104  0.72436285  0.18624595  0.0342012  -0.3578206 ]
CCCCCCOCCOCCO,[-0.0205917  -0.41971877 -0.7792433  -0.6923958   0.21444723]
C#CC1(O)CCC2C3CCC4=CC(=O)CCC4C3C(=C)CC21CC,[ 0.42954183  0.9606388  -1.         -0.8407782  -0.11325687]
CN1C(=O)CN=C(c2ccccc2F)c2cc(Cl)ccc21,[ 0.06905773  0.9759499  -1.         -0.15205304 -0.55579555]
COc1cc([C@@H]2c3cc4c(cc3[C@@H](O[C@@H]3O[C@@H]5CO[C@@H](C)O[C@H]5[C@H](O)[C@H]3O)[C@H]3COC(=O)[C@H]23)OCO4)cc(OC)c1O,[ 0.03681017  0.995149   -0.6624522  -0.93515307  0.6106123 ]
CC(C)=CCN1CCC2(C)c3cc(O)ccc3CC1C2C,[ 0.30255046  1.         -1.         -0.5957861   0.3430092 ]
CCC(=O)N(c1ccccc1)C1CCN(CCc2ccccc2)CC1,[ 0.14252575  0.7034225  -0.56297326 -0.92436874 -0.11600597]
CCOP(=O)(OCC)OC(=C(Cl)Br)c1ccc(Cl)cc1Cl,[-0.53690153  0.26210463  0.05203586 -0.63205725  0.53656983]
NC(=O)CF,[-0.73711336  0.72871745 -0.8365395  -0.47684065 -0.1476278 ]
CCN(N=O)C(C)OC,[ 0.35898453  0.7577876  -0.7061628  -0.5260163   0.09800412]
CC(C)C1NC(=O)c2ccccc2O1,[-0.0211262  0.8609328 -0.7101628 -1.        -0.250246 ]
CC1=NN(c2ccccc2)C(=O)C1,[-0.18991677  0.9954347  -0.7811478  -0.7707769  -0.3499017 ]
FC(F)(F)c1nc2c(Br)c(Br)cc(Br)c2[nH]1,[ 0.21361284  0.44116488 -0.75665396 -0.6644011  -0.15999828]
Cc1cc(Nc2nc(N[C@@H](C)c3ccc(F)cn3)c(C#N)cc2Cl)n[nH]1,[ 0.37551188  0.670359    0.20854561 -0.47617736 -0.56113416]
CCC(C)(C)c1ccc(Cl)c(OC(=O)NC)c1,[ 0.48016036  0.71605897 -0.85595465 -0.3016752  -0.25844204]
Nc1ccc(N)cc1,[ 0.38916224  0.7990132  -0.44000068 -1.          0.03944474]
C1COCCOCCNCCOCCOCCN1,[-0.08280929  0.37345058 -0.64090514 -0.5543285   0.11473706]
O=C(CCCCC(=O)OCC1CC=CCC1)OCC1CC=CCC1,[-0.37830454 -0.74611014 -1.         -0.9348023  -0.44174358]
COc1cc(OC)c(S(=O)(=O)NCc2ccccc2N2CCCCC2)cc1NC(=O)CCC(=O)O,[ 0.61919177  0.5884324  -0.65663505 -0.47517186  0.02312464]
CCC1=C(C)CN(C(=O)NCCc2ccc(S(=O)(=O)[N-]C(=O)NC3CCC(C)CC3)cc2)C1=O,[-0.23748904  0.6135694  -0.8892184  -0.81008923 -0.00749067]
O=C1NC(c2ccc(Br)cc2)Nc2ccccc21,[ 0.30277577  0.84771854 -0.73656195 -0.54904383 -0.36704576]
COP(=O)(OC)ON1C(=O)c2cccc3cccc(c23)C1=O,[-0.14173163  0.96949726 -0.846097   -0.3571897   0.2703805 ]
C(Oc1nc(OCC2CO2)nc(OCC2CO2)n1)C1CO1,[-0.03355761  0.95240253 -0.2659391  -0.71467537 -0.16109763]
CCSP(SCC)SCC,[ 0.320865    0.8953571  -0.85169685 -0.68480295 -0.5476736 ]
CCCCCCN,[-0.11075972  1.         -0.2724632  -0.3834984   0.24498308]
COCCOC(=O)CC#N,[ 0.07751153  0.78557044 -0.44397515 -0.7614887   0.01200236]
C#CC(C)(C)NC(=O)c1cc(Cl)cc(Cl)c1,[ 0.20076604  0.90042454 -0.7247052  -0.8498199   0.0100601 ]
O=c1cc(N2CCOCC2)nc2n(Cc3cccc(Cl)c3Cl)ccn12,[ 0.4123589   0.78684175 -0.37220323 -0.49823806  0.24716182]
CCOC(=O)C(CCc1ccccc1)NC1CCc2ccccc2N(CC(=O)O)C1=O,[-0.5450558   0.7074383  -0.8098573  -0.98698103 -0.13999344]
c1ccc2sc(SNC3CCCCC3)nc2c1,[ 0.2768575   0.7983684  -1.         -0.7543694  -0.32621732]
CCCCCCCCCCCC(=O)OCC(O)C1OCC(O)C1O,[-0.32535684  0.5894346  -0.80724484 -0.25594902 -0.08137877]
CC(=O)N(C)C,[ 0.2694261   0.5442073  -0.7061616  -0.51716745  0.70204145]
SCCc1cnccn1,[-0.38602525  0.82578987 -0.7732888  -0.7968744   0.28963146]
O=c1c(Cl)c(Cl)cnn1-c1ccccc1,[ 0.4857395   1.         -0.67132264 -0.2052541  -0.10433248]
C=CC(=O)OCCOC(=O)CC(C)=O,[ 0.19521895  0.80015785 -1.         -0.7686455   0.47845954]
C=C(Cl)C#N,[ 0.38414693  0.77303797 -0.88297033 -0.5846975  -0.26143813]
CC(C)(C)CNC(=S)Nc1cccnc1,[ 0.19868076  0.9399444  -1.         -0.942981   -0.18897884]
COc1ccc2c3c1OC1CC(O)C=CC31CC[NH+](C)C2,[-0.28154865  0.7918811  -0.7804732  -0.5882693  -0.664643  ]
CCOP(=S)(OCC)Oc1ccc([N+](=O)[O-])c(C)c1,[ 0.28008938  0.8977615  -0.8981549   0.03354754  0.23030083]
NNC(=O)c1ccncc1,[-0.62366664  0.63440543 -0.01923167 -1.          0.23539546]
O=Cc1cccc2ccccc12,[-0.1241776  -0.3035024  -0.9268188  -0.5380802   0.00185299]
CCC(O)CO,[ 0.05731317  0.31641588 -0.78408456 -0.6688992  -0.12207425]
CCOc1ccccc1-c1ccc(-c2nc3ccncc3c(O)c2C#N)cc1,[ 0.30391818  0.89782375 -0.9267499  -0.89961195  0.2619646 ]
CC1=C(CC(=O)O)c2cc(F)ccc2C1=Cc1ccc(S(C)=O)cc1,[ 0.38400283  0.7968445  -0.9917388  -0.38725796 -0.3664772 ]
COP(=O)(OC)SC(CC(=O)OC(C)C)C(=O)OC(C)C,[ 0.34565     0.8762768  -0.5509818  -0.47712195  0.03872979]
O=C(CSc1nc2c(c(=O)n1-c1ccccc1)SCC2)Nc1ncc(-c2ccccc2)s1,[ 0.263225    0.837148   -0.8356016  -0.46493468 -0.18906611]
CCN1CCCC1CNC(=O)c1cc(S(N)(=O)=O)ccc1OC,[-0.03426869 -0.11923975 -0.7233129  -0.61875844 -0.3896394 ]
CCC(CC)(C(=O)O)c1cccc2ccccc12,[ 0.02895796  1.         -0.85925615 -1.          0.17648599]
CC1CCCCN1N=O,[ 0.22411036  0.75355715 -0.85516405 -0.76928973 -0.20091547]
O=P([O-])([O-])C(O)(Cn1ccnc1)P(=O)([O-])O,[-1.          1.         -0.5121128  -0.33108047  0.16592236]
CC(C)CCCCCN(CCCCCC(C)C)CCCCCC(C)C,[ 0.23782815  0.9440271   0.10115736 -0.877       0.08623075]
COc1cnc(-c2ccccc2C(F)(F)CNC(=O)c2ccc(COCC(F)(F)F)nc2)cn1,[-0.2117542   0.00289275 -0.6044931  -0.91291195  0.0972937 ]
NC(=O)Nc1cccc2c3c([nH]c12)CCCC3,[ 0.28390548  0.5493642  -0.8212489  -0.64276826 -0.25542024]
CC(=O)Oc1cccc(Oc2ccc(C(F)(F)F)cc2Cl)c1,[ 0.4085652   0.7400517  -0.65109426 -1.         -0.1247402 ]
Cc1cn([C@H]2CCCN(S(=O)(=O)c3ccc(C(N)=O)c(Oc4cccc(Cl)c4)c3)C2)c(=O)[nH]c1=O,[-0.08642131  0.8219807  -0.9822573  -0.736163   -0.21548621]
CNC(=O)OCc1cccc(COC(=O)NC)n1,[ 0.04264481  0.735665   -0.36271584 -0.33712113  0.11832076]
C=CC(=O)OCCOC(=O)c1ccc(C(=O)O)cc1C(=O)O,[ 0.222132   -0.04160466 -1.         -0.29697868 -0.05559716]
CC(=S)NC[C@H]1CN(c2ccc(-c3nnc(CNS(C)(=O)=O)s3)c(F)c2)C(=O)O1,[ 0.48217508  0.79547393 -0.7463689  -0.22299497  0.01187528]
COc1ccc(-c2nc3c(NCCCNC(C)=O)c(Br)cnc3[nH]2)cc1,[-0.1295446   0.6364852  -0.82591105 -0.5840569   0.62816185]
CC(=O)OC(C)OC(=O)C(C)c1ccc(-c2ccccc2)c(F)c1,[ 0.30230322  0.746017   -0.77954715 -0.64971834  0.783931  ]
O=C(O)Cc1ccccc1N1CCC(CN2CCC(Oc3ccc(Cl)c(Cl)c3)CC2)CC1,[-0.25466     0.8331528  -0.8518411  -0.83320695 -0.61388916]
COc1cc(OC)c(S(=O)(=O)N(c2ccccc2)C(C)C)cc1NC(C)=O,[-0.11302073 -0.14737332 -0.6847197  -0.88602954 -0.0520559 ]
C=CCOc1ccccc1C(N)=O,[ 0.18319274  0.53278416 -0.78402126 -0.8016157  -0.09180719]
CCCCc1c(OC(=O)c2cc(OC)c(OC)c(OC)c2)n(-c2ccccc2)n(-c2ccccc2)c1=O,[-0.05099285  0.88538927 -0.7335751  -0.7927749  -0.32126707]
CCCCCCCC=CC=O,[ 0.3242024   0.8435467  -0.8303185  -0.8496758   0.11148345]
CN(C)C(Cc1ccccc1)c1ccccc1,[ 0.349472    0.6701359  -0.88643634 -1.         -0.07499497]
CCOC(C)COC(C)CO,[-0.3158335   0.85105073 -0.79197496 -0.2752869  -0.1580216 ]
CCC(CC)n1nc(C)c(C(=O)N[C@@H](C)C(C)(C)C)c1NS(=O)(=O)c1ccc(C)cc1,[ 0.2826633   0.75222886  0.4414296  -0.42045942 -0.53690404]
CC1CCCCOC1=O,[ 0.53190774 -0.9612907  -0.31380856 -0.57337475 -0.32997125]
CCCCOC(=O)c1ccc(-n2nc(OCCN3CCCCC3)c3ccccc32)cc1,[-0.4525875   0.9809499  -0.05473873 -1.          0.47528017]
CCOP(=S)(OCC)Oc1cc(C)n(CC)c(=O)c1,[ 0.25494683  0.84741473 -0.7421526  -0.6222736  -0.25774702]
CCN(CC)CCCCCCCCCCNC(=O)Oc1ccc2c(c1)C1(C)CCN(C)C1N2C,[ 0.30742654  0.4349615   0.33312535 -0.28238666  0.2091871 ]
CCC(=O)O,[-0.28041548  0.7987593   0.76930594 -0.24848247 -0.1860859 ]
CCCc1c(OCc2cccn3c(=O)c(CCC(=O)O)cnc23)ccc(C(C)=O)c1O,[-0.07801256  0.61770064 -0.6711866  -0.7483267  -0.01977073]
c1cc2c(c(N3CC[NH2+]CC3)c1)OCCO2,[ 0.32472306  0.483523   -0.5030685  -0.27940136 -0.21191542]
NS(=O)(=O)c1cc2c(cc1Cl)NC(C(Cl)Cl)NS2(=O)=O,[ 0.36481985  0.3604618  -0.49680617 -0.4738591  -0.31608593]
CN(C)C(=O)C(CCN1CCC(O)(c2ccc(Cl)cc2)CC1)(c1ccccc1)c1ccccc1,[-0.04821462  0.06232989 -0.26128635  0.1187605   0.03898433]
Clc1ccc(Cl)c(Cl)c1,[-0.26078558  0.7965667  -0.69914055 -0.8482566  -0.05052679]
O=C(NC[C@@H](O)CN1CCC(Oc2ccc(Cl)c(Cl)c2)CC1)c1c[nH]c(=O)c2cc(F)ccc12,[-0.38515195 -0.6893934  -0.6280763  -1.          0.04425805]
O=[N+]([O-])c1ccc(Cl)c([N+](=O)[O-])c1,[ 0.66848     0.7022046  -0.5857504   0.8926916   0.24953084]
CCC(C)c1ccc(Oc2ccc(C)cc2CC(=O)O)c(Cl)c1,[ 0.26397303  0.8948899  -0.88890743 -0.96707356 -0.29075196]
CCOC(=O)COC(=O)c1cc(Oc2ccc(C(F)(F)F)cc2Cl)ccc1[N+](=O)[O-],[ 0.16217169 -0.53057706 -0.32986578 -0.84356964 -0.24898425]
O=C1C(Cc2ccccc2)C(=O)N(c2ccccc2)N1c1ccccc1,[ 0.38922822  0.818778   -0.5534296  -0.84170425 -0.29495698]
CN(C)Cc1cc(CN(C)C)c(O)c(CN(C)C)c1,[ 0.7801408   0.7197804  -0.14848806 -0.21046035 -0.30512246]
C[C@@H](NC(=O)C1CCCCN1C)c1ccc(Nc2ncc3cc(-c4ccncc4)ccc3n2)cc1,[-0.06812685  0.85101134 -0.8257806  -0.6410166   0.05982923]
CCOC(=O)CCC[Si](C)(OCC)OCC,[ 0.37946433  0.85805047 -0.7569907  -0.6268583   0.57107115]
BrC(Br)Br,[ 0.48396647  0.11887431 -0.53221655  0.5068656   0.5887746 ]
Cc1ccc(S(=O)(=O)Nc2c(C(=O)NC3CCCCC3)c(C)nn2-c2ccccc2)cc1,[-0.02919641  0.70162094 -0.6506794  -0.6708997  -0.04968165]
CC(=Cc1ccccc1)C=C1SC(=S)N(CC(=O)O)C1=O,[ 0.46900988  0.8073414  -0.4692771  -0.72767717 -0.41508546]
CC[C@H](C)C(=O)O[C@H]1C[C@H](O)C=C2C=C[C@H](C)[C@H](CC[C@@H](O)C[C@@H](O)CC(=O)O)[C@H]21,[ 0.32652572  0.877825   -0.742557   -1.         -0.42859662]
Nc1ccc(F)c(F)c1F,[-0.02421686  0.69756866 -0.36713648 -0.8382656   0.84483314]
COP(=S)(OC)Oc1ccc(C#N)cc1,[ 0.3995857   0.7403186  -0.5334794  -0.44925714  0.12849942]
ClCc1cccc2ccccc12,[ 0.23589087  0.88496333 -0.8253937  -0.6225032   0.05183817]
N#Cc1c(-c2ccc(-c3ccncc3Cl)cc2)nc2ccncc2c1O,[ 0.21528864  0.889862    0.37816072 -0.45853266  0.06304635]
C=CS(C)(=O)=O,[ 0.1731716  1.        -0.6677111 -0.7774584 -0.3179384]
CCOc1nc(C(Cl)(Cl)Cl)ns1,[-0.30879104  0.73212636 -0.9056594  -0.4146923   0.14625241]
CN1c2ccccc2C(NCCCCCCC(=O)[O-])c2ccc(Cl)cc2S1(=O)=O,[-0.7988168   0.87722355 -0.5611881  -0.850541   -0.23513652]
CCCN(CCC)c1c([N+](=O)[O-])cc(C(C)C)cc1[N+](=O)[O-],[ 0.1491364  0.9392377 -0.8412753 -0.5893968  0.506573 ]
CC1CN(C2CCCCCCCCCCC2)CC(C)O1,[ 0.5118732   0.8538114  -0.8166828   0.31922397 -0.3220984 ]
OC1(c2ccc(Cl)c(C(F)(F)F)c2)CCN(CCCC(c2ccc(F)cc2)c2ccc(F)cc2)CC1,[ 0.48757967  0.6299345  -0.8814388  -0.73717976  0.19312462]
CC(C)(C(=O)O)S(C)(=O)=O,[ 0.3002979   1.         -0.62801945  0.20753452  0.17806534]
CC(C)OC(=O)C(C(=O)OC(C)C)=C1SCCS1,[ 0.32115895  0.8173729  -1.          0.1444904  -0.2351831 ]
CCNC(=O)C(C)OC(=O)Nc1ccccc1,[ 0.4563193   0.7455135  -0.9017725  -0.75764114  0.22984068]
COc1cc(C=CC(N)=O)ccc1O,[ 0.36688003  0.67991906 -1.         -0.62587166 -0.10977557]
CC(NC(C)c1ccccc1)c1ccccc1,[ 0.03338158  0.8077077  -0.56102186 -0.7963389  -0.26492098]
c1ccc([C@H]([C@@H](c2ccccc2)N2CCCCC2)N2CCCCC2)cc1,[-0.9521532   0.79464006 -0.25465173 -0.6861954   0.2045029 ]
CCCP(=O)(CCC)CCC,[ 0.34968722  0.8357738  -0.7878681  -0.7979284   0.02161185]
CC(C)=CCOC(=O)c1ccccc1,[ 0.19103919  0.8799863  -0.53250134 -0.6904467  -0.32907683]
C[S+]([O-])Cc1ccc(C(=O)Nc2ccc(OCCOCCO)nc2C(=O)NCC2CCC2)c2ccccc12,[-0.22295801  0.8325746  -0.9838516  -0.8498506  -0.0016787 ]
C=CCN(C(=O)Cn1nc(C)ccc1=O)C(C)Cc1ccccc1,[ 0.3890879   0.80483234 -0.8544767  -0.7236047   0.40517768]
CCCCC(=O)N(Cc1ccc(-c2ccccc2-c2nnn[n-]2)cc1)C(C(=O)[O-])C(C)C,[-0.20074217  0.6589466  -1.         -0.8287685   0.04849451]
c1ccc(C2CO2)cc1,[-0.1397482   0.7906141  -0.23443949  0.16364297  0.17167263]
c1ccc(COCc2ccccc2)cc1,[ 0.21786474  0.65788877 -0.85561013 -0.31865457 -0.00874444]
Fc1cc2nc(C(F)(F)F)[nH]c2cc1Cl,[ 0.57518935  0.7326459  -0.713104   -0.74430615 -0.33740377]
COCCNCc1ccc(Nc2ncc3cc(-c4ccncc4)ccc3n2)cc1,[ 0.47472852  0.71595037 -0.6104231  -0.6095521  -0.36100763]
CCOc1cc2nnc(C(N)=O)c(Nc3ccc(F)cc3F)c2cc1N1CCN(C)CC1,[ 0.16090952  0.4576693  -0.77312684 -0.5633162   0.8439946 ]
O=P(O)(O)C(O)(Cn1ccnc1)P(=O)(O)O,[-0.494827    1.         -1.         -0.9157299  -0.02279803]
CC(C)NCC(O)COc1ccc(COCCOC(C)C)cc1,[ 0.04753774  0.8244056  -0.6098301  -0.59805095 -0.27825534]
N#CCc1ccccc1,[ 0.21235807  0.790947   -0.38627055 -0.76938075 -0.2550914 ]
CCOP(=O)(OCC)Oc1nc(Cl)c(Cl)cc1Cl,[ 0.07138577  0.68477744 -0.7619591  -0.6428793  -0.42726192]
O=c1[nH]cnc2c1ncn2[C@H]1CC[C@@H](CO)O1,[-0.26324695  0.89550364 -0.6314222  -0.9204321   0.04124186]
CC(C)(C)NC(=O)C1CC2CCCCC2CN1CC(O)C(Cc1ccccc1)NC(=O)C(CC(N)=O)NC(=O)c1ccc2ccccc2n1,[ 0.50015163  0.7768464  -0.98060286 -0.8488818   0.6384372 ]
C=C1CC1CC(N)C(=O)O,[ 0.03445588  0.81959766 -0.8288961  -0.92849225  0.47446686]
FC(F)=C(F)CCSc1ncccn1,[-0.0015482   0.5217463  -0.69218475 -0.99782276  0.05792931]
CSC(C)=NOC(=O)N(C)SN(C)C(=O)Oc1ccc(OC(=O)N(C)SN(C)C(=O)ON=C(C)SC)cc1,[ 0.2143501   0.9521278  -0.9544884  -0.78988475 -0.38825825]
CN(C)NC(=O)CCC(=O)O,[ 0.0212497   0.350659   -0.8477659  -0.3639345  -0.26016986]
CC(C)c1cc(Oc2ccccc2)cc(C(C)C)c1NC(=S)NC(C)(C)C,[ 0.18133919  0.92198926 -0.8586244  -0.57717186 -0.46137118]
Cc1cccc(C)c1NC(=O)C1CCCC[NH+]1C,[ 0.5460782   0.87541294 -1.         -0.6066965  -0.54509014]
O=c1[nH]c2c(O)ccc([C@@H](O)CNCCSCCCNCCc3cccc(Cl)c3Cl)c2s1,[ 0.28007063  0.6141186  -0.69124687 -0.00388522 -0.25101584]
CCCOC(=O)Cc1ccc(OCC(=O)N(CC)CC)c(OC)c1,[-0.72366625  0.9511292  -0.42467946  0.06359869  0.37831488]
CC(=CC(=O)O)C(=O)O,[-0.00318893  0.7042069  -0.84109324 -0.85282797 -0.32379907]
COC(=O)C(C)NP(=O)(OC[C@@H]1C=C[C@H](n2cc(C)c(=O)[nH]c2=O)O1)Oc1ccc(I)cc1,[ 0.04080476 -0.15228824 -0.53337836 -0.44161686  0.21024477]
NCCNCc1ccccc1O,[-0.48271987  0.11051781 -0.7216517  -0.4129525   0.05201845]
CC(C(O)c1ccc(O)cc1)[NH+]1CCC(O)(c2ccccc2)CC1,[-0.3300658   0.55972594 -0.6776438  -0.7148288   0.09295138]
CC(C)N(C(=O)SCC(Cl)=C(Cl)Cl)C(C)C,[ 0.33011878  0.77859443  0.73183596  0.03352048 -0.44877255]
COc1cc(C2c3cc4c(cc3C(OC3OC5COC(C)OC5C(O)C3O)C3COC(=O)C23)OCO4)cc(OC)c1O,[-0.4191788   0.18455659 -0.3560064  -0.06318798 -0.2717775 ]
Nc1ccc(F)c([N+](=O)[O-])c1,[ 0.26130113  0.87130105 -0.58123416 -0.8023014  -0.1028587 ]
CCCCn1c(=O)n(CCC)c(=O)c2[nH]c(C)nc21,[ 0.4393599   0.1403601  -0.99297684 -0.4416173   0.12800705]
CCCc1nnc(CSP(=S)(OCC)OCC)o1,[ 0.5718032   0.85688007 -0.26489663 -0.27625927 -0.18709086]
CCCCSCCCC,[ 0.5198621   0.8698489  -1.         -0.6503302   0.27046543]
OCCNCCOc1ccc(C(=C(c2ccccc2)C(F)(F)F)c2ccccc2)cc1,[ 0.1507891   0.99494475 -0.8752899  -0.4495907   0.38943166]
CC(=O)OO,[ 0.17474543  0.84965694 -0.5285313  -0.6186471  -0.18932205]
[NH3+]CC1CCC(C(=O)[O-])CC1,[ 0.19295177  0.7495938  -0.5564542  -0.02021679 -0.15844235]
C[C@@H](O)[C@H]1C(=O)N2C(C(=O)O)=C(SCCNC=N)C[C@H]12,[ 0.2880486   0.23012614 -0.7711477  -0.71621627 -0.09359288]
Cn1c(C(=O)NC2(C(=O)N[C@H](Cc3ccccc3)C(=O)NCCCN3CCOCC3)CCCC2)cc2ccccc21,[-0.8978927   0.8343477  -0.7465942  -0.8239148  -0.22738458]
Nc1nc(Nc2ccc(S(N)(=O)=O)cc2)nn1C(=O)c1c(F)cccc1F,[ 0.30685014  0.77159894 -1.         -0.6490496  -0.02691444]
CN,[ 0.36410242  0.39880398 -0.9984621   0.11794941 -0.06446008]
CSCC(NC(=O)COc1cccc2cnccc12)C(=O)NC(Cc1ccccc1)C(O)C(=O)N1CSCC1C(=O)NC(C)(C)C,[-0.1852915   0.6311149  -0.5600813  -0.46929932 -0.46410027]
CC(=O)O[C@H]1C[C@]2(O)[C@H]3CC[C@H]4C[C@H](O[C@H]5C[C@@H](O)[C@@H](O[C@H]6C[C@@H](O)[C@@H](O[C@H]7C[C@@H](O)[C@@H](O)[C@H](C)O7)[C@H](C)O6)[C@H](C)O5)CC[C@@]4(C)[C@H]3CC[C@]2(C)[C@H]1C1=CC(=O)OC1,[ 0.24595891  0.69117814 -0.56171775 -0.61195695 -0.3015139 ]
CNC(=O)ON=C1CCCC1(C)C#N,[-0.11945711  1.         -0.8873277  -0.85012656 -0.18869661]
NC(=S)NNCNNC(N)=S,[ 0.34003794 -0.9749958  -1.         -0.2431751   0.00364599]
CCC1OC(C)SC1=NOC(=O)NC,[-0.10869909  0.8706468  -0.42965135 -0.21858403  0.23290175]
O=C(CCl)OCCOCCO,[-0.3308067   0.41425687 -0.92899555 -0.76413554  0.01980703]
C=CCN1CCC23CCCCC2C1Cc1ccc(O)cc13,[ 0.11647929  0.5353851  -1.         -0.93636703 -0.1194374 ]
CCOP(=O)(CC)SC,[ 0.2711718   0.94030166 -0.93449897 -0.8960786  -0.05632189]
NCC1CCC=CO1,[-0.48796245  0.69934034 -0.639509   -0.77054363  0.21309349]
CC=C(C(=O)NC(N)=O)C(C)C,[ 0.38893676  0.74583673 -0.619947   -0.68203723 -0.18775886]
O=C(O)CCC(=O)c1ccc(-c2ccccc2)cc1,[ 0.23142835  0.6255849  -0.5664345   0.3784188  -0.39971924]
CC(N)C(O)c1cccc(O)c1,[ 0.22182478  0.9049895  -0.8239862  -0.7205981   0.3274601 ]
NCC(O)CO,[ 0.07382006  0.96012044 -0.8007     -0.639036   -0.37866157]
O=C1CCc2cc(C=CCN3CCN(c4ccc(Cl)cc4)CC3)ccc2N1,[ 0.3330182  -0.18713969 -0.8606249  -0.989457   -0.2686483 ]
O=C(Cl)c1cccc(C(=O)Cl)c1,[ 0.21250741  0.08664723 -0.5671748  -0.58384347 -0.06356037]
COP(=S)(OC)Oc1nc(Cl)c(Cl)cc1Cl,[ 0.11125074  0.5763808  -0.83968526 -0.6894147  -0.09965769]
CO[Si](CCCn1c(=O)n(CCC[Si](OC)(OC)OC)c(=O)n(CCC[Si](OC)(OC)OC)c1=O)(OC)OC,[-0.2943407   0.7401315  -0.7778094  -0.4197503   0.09546426]
C=COC(=O)CCCCCCC,[-0.6037551   0.49992326 -0.6611181  -0.70101    -0.033623  ]
C=CC[NH+]1CCCC1CNC(=O)c1cc(S(=O)(=O)NC)c(N)cc1OC,[-0.10696823  0.52379304 -0.22958393 -0.36830574 -0.39109492]
CCCCOCCOCCCC,[ 0.53144896  0.7570223  -0.8816767  -0.58613306 -0.5515362 ]
CCCOC(=O)c1ccc(C(=O)OCCC)nc1,[ 0.22969317 -0.35397193 -0.33900502 -0.675779    0.06894555]
CC1CS(=O)(=O)CCN1N=Cc1ccc([N+](=O)[O-])o1,[ 0.48775333  0.6937252  -0.3741636  -0.30323216  0.00288024]
CC[C@H]1NC(=O)[C@@H](NC(=O)c2ncccc2O)[C@@H](C)OC(=O)[C@H](c2ccccc2)NC(=O)[C@@H]2CC(=O)[C@H](CS[C@@H]3CN4CCC3CC4)CN2C(=O)[C@H](Cc2ccc(N(C)C)cc2)N(C)C(=O)[C@@H]2CCCN2C1=O,[-0.03762341 -0.653403   -0.60358363 -0.2973952  -0.11100189]
COC(=O)c1c(Cl)cccc1-c1cnc([C@@H](C)NC(=O)C2(NC(=O)C(F)(F)F)CC2)c(F)c1,[ 0.11471818  0.9870316  -1.         -0.7460201   0.10352772]
CC(=O)N[C@H](C)C(=O)NCCc1ccccc1,[ 0.04359422  0.48944494 -0.46672106 -0.5728571  -0.1408119 ]
CCCCCCCC(=O)N[C@@H](CCN)C(=O)N[C@H](C(=O)N[C@@H](CCN)C(=O)N[C@H]1CCNC(=O)[C@H]([C@@H](C)O)NC(=O)[C@H](C)NC(=O)[C@H](CCN)NC(=O)[C@H](CC(C)C)NC(=O)[C@@H](Cc2ccccc2)NC(=O)[C@H](CCN)NC1=O)[C@@H](C)O,[ 0.4672328  -0.75272137 -1.         -0.55994034 -0.17466259]
O=C(O)c1ccccc1-c1c2ccc(=O)cc-2oc2cc(O)ccc12,[ 0.12656951  0.8543749  -0.71223044 -0.6053398   0.60283506]
O=C(Cl)CCl,[ 0.2721461   0.8395632  -0.70077294 -0.74647284  0.9692314 ]
O=C(O)CCCCCC(=O)O,[ 0.35362846  0.71841747 -0.7706268  -0.37262276 -0.6555426 ]
O=C(CN1CCNCC1)NN=Cc1ccc([N+](=O)[O-])o1,[ 0.08620396 -0.55241317 -0.82097405 -0.780346    0.22999491]
Brc1ccc2[nH]cc(CC3CCNCC3)c2c1,[ 0.14127429  0.7480151  -0.8382086  -0.8000989   0.06056933]
CC1(C)SCN(C(=O)C2(Oc3ccc(Cl)cc3)CCCCC2)C1C(=O)O,[-0.09622479  0.67675185 -0.7468631  -1.         -0.45519975]
OCc1cc(C(O)C[NH2+]CCCCCCOCCOCc2c(Cl)cccc2Cl)ccc1O,[ 0.5122286   0.6347556  -0.85489464 -0.69569355 -0.5177803 ]
CC(O)C#N,[-0.3393508  -0.30885595 -0.6990185  -1.         -0.17662852]
O=c1[nH]c2ccccc2n1CCCN1CCN(C(c2ccccc2)c2ccccc2)CC1,[ 0.26454902  0.6077996   0.2742741  -0.49010667  0.07291821]
C=C(OP(=O)(OC)OC)c1ccc(Cl)cc1Cl,[ 0.21744159  1.         -0.78745025 -0.5930148   0.43863133]
Cc1ccc(-c2ccccc2)cc1,[ 0.11528127  0.500444   -0.8443405  -0.8497164  -0.08304411]
O=C(CCCN1CCC(O)(c2cccc(C(F)(F)F)c2)CC1)c1ccc(F)cc1,[ 0.30070737  0.78098184 -0.8504351  -0.57545763 -0.07247573]
COP(=S)(OC)SC(CBr)N1C(=O)c2ccccc2C1=O,[ 0.05193607  0.8814786   0.28531057 -0.74173117  0.08405607]
COc1cc2c3c(c1O)C1(C=CC(=O)C=C1)CC3N(C)CC2,[ 0.26909006 -0.21257377 -0.8238658  -0.24869123  0.19935797]
CC(=O)Nc1ccc(CNc2[nH]nc3ccnc(Oc4ccccc4)c23)cc1,[ 0.29334316  0.7607864  -0.6569577  -0.9334289  -0.2629092 ]
CCCCCC(=O)O,[ 0.24587758  0.7970431  -0.8914456  -1.          0.18554118]
Cc1ccc(N=C=O)cc1,[ 0.51359606  0.60400766 -0.72693807 -0.22181483  0.60365105]
O=[N+]([O-])c1cc(C2CCCCC2)c(O)c([N+](=O)[O-])c1,[ 0.37386695  0.78384197 -0.16299634 -0.9028876  -0.36320084]
CO[C@@H]1C=CO[C@@]2(C)Oc3c(C)c(O)c4c(c3C2=O)C(=O)/C(=C\NN2CCN(C)CC2)C(=C4O)NC(=O)C(C)=CC=C[C@@H](C)[C@H](O)[C@H](C)[C@H](O)[C@@H](C)[C@@H](OC(C)=O)[C@@H]1C,[ 0.6329996  -0.9377142  -0.8991401  -0.65283805  0.60453594]
CCCCOC(=O)C1CC1OCCCC,[-0.05612447  0.7619246  -0.581941   -0.6993066  -0.46305797]
CC1(C)CC2(NC(=O)N(CCCN3CCC(O)CC3)C2=O)c2cc(F)ccc2O1,[-0.4159711   0.6573192  -0.9848817  -0.612659   -0.23438342]
S=c1[nH]cnc2nc[nH]c12,[-0.05622457 -0.29326257 -0.70162    -0.9294043  -0.63818884]
C/C=C/CC(C)C(O)C1C(=O)NC(CC)C(=O)N(C)CC(=O)N(C)C(CC(C)C)C(=O)NC(C(C)C)C(=O)N(C)C(CC(C)C)C(=O)NC(C)C(=O)NC(C)C(=O)N(C)C(CC(C)C)C(=O)N(C)C(CC(C)C)C(=O)N(C)C(C(C)C)C(=O)N1C,[-0.08048505  0.87199706 -0.77515095 -0.8854479  -0.09915742]
Cc1cnc(C)c(C)n1,[ 0.15279588  0.18590973 -0.6755313  -0.27046475  0.312797  ]
COc1ccc(C(Oc2ccccc2)C2=NCCCN2)cc1,[ 0.5058985   0.9824916  -0.2525384  -0.54693735 -0.1508347 ]
CSCCC(OC(C)=O)C(=O)O,[ 0.5863569   0.7129257  -0.7623577  -0.97695774 -0.17173094]
CCCCCCCC[Si](OCC)(OCC)OCC,[ 0.13266581  0.20204528 -0.6483964  -0.35217628  0.46020538]
CNc1c(Br)cnc2[nH]c(-c3ccc(S(C)(=O)=O)cc3)nc12,[-0.00228082  0.8010731  -0.7132677   0.5456983  -0.38201305]
CC(=O)Oc1cc(C(F)(F)F)ccc1C(=O)O,[-0.4414547   0.93774277 -0.8639202  -0.44171196  0.07373718]
FC(F)(F)c1nc2c(Br)cc(Br)cc2[nH]1,[ 0.31912687  0.893538   -0.9109933  -0.6524835  -0.31269935]
