FC(F)(F)c1nc2c(Br)c(Br)cc(Br)c2[nH]1,[ 0.02210046  0.428359   -0.74098843 -0.8094696   0.04583531]
O=C1C(Cc2ccccc2)C(=O)N(c2ccccc2)N1c1ccccc1,[ 0.73961437  0.8657331  -0.8738752  -0.8365413   0.5201325 ]
Nc1nc(Nc2ccc(S(N)(=O)=O)cc2)nn1C(=O)c1c(F)cccc1F,[ 0.28014058  0.80421466 -0.37242416 -0.7429453  -0.3983859 ]
CN(C)S(=O)(=O)N(SC(F)(Cl)Cl)c1ccccc1,[ 0.3015333  -0.65995324 -0.74528605 -0.2599219   0.27013248]
Cc1ccc(Nc2ccc(Nc3ccc(C)cc3)c3c2C(=O)c2ccccc2C3=O)cc1,[ 0.46020147  0.62981904 -1.         -0.9142139   0.62212795]
COC(=O)c1ccccc1,[ 0.62333655  0.9027749  -0.5715192  -1.         -0.2137489 ]
O=C(CCCCC(=O)OCC1CC=CCC1)OCC1CC=CCC1,[-0.3243965  -0.8959471  -0.98991394 -0.8073914  -0.21330008]
NC(=[NH2+])NCCCCC1NC(=O)CCSSCC(C(N)=O)NC(=O)C2CCCN2C(=O)C(Cc2c[nH]c3ccccc23)NC(=O)C(CC(=O)[O-])NC(=O)CNC1=O,[ 0.0627638   0.95617497 -0.04730931 -0.02190627 -0.254649  ]
COc1ccccc1Oc1c([N-]S(=O)(=O)c2ccc(C(C)C)cn2)nc(-c2ccnc(-c3nnn[n-]3)c2)nc1OCCO,[ 0.52138555  1.         -1.         -0.63005334 -0.3522111 ]
CC(=O)N1CCN(c2ccc(OC[C@H]3CO[C@](Cn4ccnc4)(c4ccc(Cl)cc4Cl)O3)cc2)CC1,[ 0.51884365  0.6484259  -0.8058319  -0.24198702 -0.0294906 ]
CN(C)CCC(c1ccc(Cl)cc1)c1ccccn1,[ 0.06810643  0.92666847 -0.84594697  0.34655446 -0.41999638]
CCC(C)(C)OC(=O)Nc1ccco1,[ 0.57697093  0.75898844 -0.75373876 -0.93971306  0.15500608]
Cc1c(OC2CCN(CC3CCN([C@@H](Cc4ccc(F)cc4)C(=O)O)CC3)CC2)ccc(C#N)c1Cl,[-0.01491414  1.         -0.11824282 -0.59285855  0.42805198]
Cc1cccc2sc3nncn3c12,[ 0.35693207  0.81581265 -0.5883703  -0.2304919  -0.309941  ]
O=[N+]([O-])c1cccc(O)c1,[-0.150357    0.45765245 -0.96516156 -0.7504561   0.39564416]
CC(NNC(=O)c1ccccc1)c1ccccc1,[ 0.2150984  0.9799607 -1.        -0.6241177 -0.7915995]
COc1cc(Nc2nc(N[C@@H](C)c3ncc(F)cn3)ncc2Br)n[nH]1,[ 0.43223855  0.76217574  0.6523415  -0.3550474  -0.548192  ]
O=C(CSc1nc2c(c(=O)n1-c1ccccc1)SCC2)Nc1ncc(-c2ccccc2)s1,[ 0.23302886  0.7340795  -0.7580997  -0.66088563 -0.7703114 ]
Fc1ccc(Br)cc1,[-0.01283114  0.6982877  -0.780431   -0.15895718  0.2373018 ]
CCCC(=O)OC1(C(=O)COC(=O)CC)CCC2C3CCC4=CC(=O)CCC4(C)C3C(O)CC21C,[ 0.6456536   0.68088144 -1.         -0.645786    0.11461056]
CSCCC(OC(C)=O)C(=O)O,[ 0.04437295  0.7945176  -0.3619106  -0.7550916  -0.27061486]
CNC(=O)Nc1nnc(C(C)(C)C)s1,[-0.37479994 -0.77020174 -1.         -0.392058   -0.1658847 ]
ClC1=C(Cl)C(Cl)(C2(Cl)C(Cl)=C(Cl)C(Cl)=C2Cl)C(Cl)=C1Cl,[ 0.06669358  0.5872892  -0.9169708  -0.6743115   0.8912427 ]
O=NN(c1ccccc1)c1ccccc1,[ 0.5160912   0.8547772  -0.86119586 -0.8275387   0.6396698 ]
C=CC(=O)N1CN(C(=O)C=C)CN(C(=O)C=C)C1,[ 0.30841014  0.39130697 -0.8056142  -0.6443068   0.2979519 ]
C[Si](C)(Cl)Cl,[ 0.53470993  0.86104876 -0.5551633  -0.83249384 -0.49626425]
CCC(O)CO,[ 0.18201695  0.6439607  -0.9919345  -0.47087577 -0.15173008]
CSCC(=O)N(C)C(=O)Oc1ccccc1OC(C)C,[ 0.04093498  0.7677387  -0.79594594 -0.87714034 -0.47799805]
Cn1cnc(S(=O)(=O)N(CCN(Cc2cncn2C)c2ccc(C#N)cc2)Cc2ccccc2)c1,[-0.20712481  0.81499976 -0.8115708  -1.         -0.14785513]
NCCNCCNCc1ccccc1O,[-0.00864175  0.91747487 -0.60475117 -0.9210716   0.38677073]
C=CC(=O)OCCOCCC#N,[ 0.11318269  0.93472314 -0.8924788  -0.79912394 -0.40031567]
CCOP(=S)(OCC)Oc1cc(-c2ccccc2)on1,[ 0.41012844  0.9684583  -0.7604005  -0.05875094  0.23659968]
O=C(OCC=Cc1ccccc1)c1ccccc1,[-0.18156499  0.6931935  -0.9003854  -1.         -0.17128451]
CC1OC(n2ccc(NC(=O)c3ccc(NC(=O)C(C)(N)CO)cc3)nc2=O)CCC1OC1OC(C)C(N(C)C)C(O)C1O,[-0.14984864  1.         -0.68285346 -0.8699572   0.32795537]
CC(C)=CCl,[-0.07924995  0.8632904  -1.         -0.94047517  0.7702643 ]
O=C(Oc1ccccc1)n1c(C(F)(F)F)nc2cc(Cl)c(Cl)cc21,[ 0.29348555  0.60921043 -0.6216261   0.19824405 -0.17979221]
C[C@]12C[C@H](O)[C@H]3[C@@H](CCC4=CC(=O)CC[C@@]43C)[C@@H]1CC[C@]2(O)C(=O)CO,[ 0.22468184  0.8972234  -0.4320966  -0.87470543  0.38259336]
Cc1ccc2nc(C[N+]34CCC(CC3)[C@@H](OC(=O)[C@](C)(c3ccccc3)N3CCCCC3)C4)oc2c1,[ 0.42353645  0.74004745 -0.99782604 -0.73894554 -0.74883324]
c1cc(-c2ccc3nc(Nc4ccc(OCCN5CCCC5)cc4)ncc3c2)ccn1,[ 0.38811016  0.89830226 -0.7119046  -0.61261946  0.20536186]
S=C=NCCN=C=S,[-0.04907048  0.35565934 -0.27442923 -0.5871376  -0.1971484 ]
O=P([O-])([O-])C(Cl)(Cl)P(=O)([O-])O,[ 0.26154795  0.66085786 -0.7114305  -0.65907884  0.34048396]
C#CCN1C(=O)CN=C(c2ccccc2)c2cc([N+](=O)[O-])ccc21,[ 0.22961238  0.88448685 -0.79607826 -0.92456096 -0.36639047]
Cc1c(C(=O)NCCO)[n+]([O-])c2ccccc2[n+]1[O-],[ 0.25202847  0.6971429   0.23326153 -0.11441454 -0.3888451 ]
C=CCN1CCCC1CNC(=O)c1cc2nn[nH]c2cc1OC,[ 0.5311252   0.008963   -0.7093149  -0.41375965  0.50546235]
Cc1onc2c(=O)n(C)nc(-c3ccccc3)c12,[ 0.14790481  0.85078144 -0.7608595  -0.48600173 -0.34494507]
C/C=C/CC(C)C(O)C1C(=O)NC(CC)C(=O)N(C)CC(=O)N(C)C(CC(C)C)C(=O)NC(C(C)C)C(=O)N(C)C(CC(C)C)C(=O)NC(C)C(=O)NC(C)C(=O)N(C)C(CC(C)C)C(=O)N(C)C(CC(C)C)C(=O)N(C)C(C(C)C)C(=O)N1C,[-0.05269682  0.80848205 -0.8713193  -0.9278016  -0.2397751 ]
CCCCCCCCCCOC(=O)Cc1ccc(N(CCCl)CCCl)cc1,[ 0.08783009 -0.22081219 -0.41376036  0.04653555 -0.28426635]
COCC(=O)O[C@]1(CCN(C)CCCc2nc3ccccc3[nH]2)CCc2cc(F)ccc2[C@@H]1C(C)C,[ 0.03796669  0.7997139  -0.27135342 -0.04265936 -0.414609  ]
CCOP(=O)(Cl)Cl,[ 0.46465492  0.80393285 -0.8138164  -0.8116465   0.20476305]
CC(C)CCOC(CO)CC(C)C,[-0.13233493  0.3078266  -1.         -0.7581006  -0.33329317]
O=CC1=CCCCC1,[ 0.25516903  0.76349634  0.14490199 -0.16512263 -0.10497271]
CCOC(=O)C=Cc1ccc(Cl)cc1,[ 0.45156923  0.8680208  -0.66334295 -0.4367732   0.06063072]
C[NH+]1CCc2cccc3c2C1Cc1ccc(O)c(O)c1-3,[ 0.24644886  0.67546684 -1.         -1.          0.13838845]
C=CC(=O)OCCc1ccc(CC)cn1,[ 0.02504548  0.9579598  -0.6449108  -0.36510882 -0.03085381]
CC(Cl)(Cl)[N+](=O)[O-],[-0.54478663  1.         -0.7219518  -0.99635303 -0.28521335]
COc1cc2c(cc1OC)C(CCc1ccc(Cl)cc1)N(C)CC2,[ 0.28492382  0.7827515   0.5193478  -0.1971166  -0.3461932 ]
COC1CCC=CO1,[ 0.1265447   0.89853346 -0.91775334 -0.47260237  0.31550726]
O=c1cc(-c2ccc(O)cc2)oc2cc([O-])c(C3OC(CO)C(O)C(O)C3O)c(O)c12,[ 0.06732889  0.7110845  -0.9034108  -0.27956465  0.78155744]
CCC(C)OC=O,[ 0.61616397 -0.51987475 -0.88394094 -0.781024   -0.47040668]
Cc1cc([N-]S(=O)(=O)c2ccc(N)cc2)no1,[-0.6182573   0.7362114   0.06618085 -0.2796923   0.33398712]
N#CCc1ccccc1,[ 0.02400446  0.777919   -0.5798651  -0.71249384 -0.47506025]
CCN(N=O)C(C)OC,[ 0.5333775   0.71606874 -0.80473787 -0.9185502  -0.38181219]
CC(C)(C)c1cc([N+](=O)[O-])cc([N+](=O)[O-])c1O,[ 0.27468184  0.4728154  -0.8303426  -0.7394086  -0.21612777]
COCCOC(=O)CC#N,[ 0.38041145  0.817757   -1.         -0.778715    0.03950818]
CCN1C(=O)NC(c2ccccc2)C1=O,[ 0.256089    0.46154213 -0.03335759 -0.70813406 -0.13504277]
CC1CCN(C(=O)CC(Cc2cccc(C(=N)N)c2)NS(=O)(=O)c2ccc3ccccc3c2)CC1,[ 0.22573143  0.44564977 -0.79909503 -0.5648426   0.10611843]
CC(C)(C)c1cc(O)ccc1O,[ 0.08441026  1.         -0.32385257 -0.15558442 -0.19520459]
CCC(=O)CC,[ 0.20318969  0.7235732  -0.8705831  -0.5954546  -0.30275625]
O=C1NC(=O)C(c2ccccc2)(c2ccccc2)C(=O)N1,[ 0.49876904  0.16948761 -0.7598473  -0.61681515 -0.26450384]
C=CCSP(=O)(NC(=O)CC)OC,[-0.0232616   0.43109605 -0.36627617 -1.         -0.08175947]
CC1NC(=S)NC1=O,[ 0.03443743  0.9826322  -0.9861529  -0.9635624   0.13725619]
CCCCC(CC)(C(=O)OCC)C(=O)OCCN(CC)CC,[ 0.4232297   0.8521494  -1.         -0.71967095  0.03232072]
CCOC(=O)COc1ccc(C(=O)CN2CCN(C3CCN(C(=O)OCOC(=O)C(C)(C)C)CC3)CC2=O)cc1,[ 0.19796568  0.814839   -0.66325194  0.6001623   0.3378586 ]
C=CC[NH+]1CCCC1CNC(=O)c1cc(S(=O)(=O)NC)c(N)cc1OC,[-0.02156581  0.7720804   0.09396173 -0.02861851 -0.30214596]
Fc1cc2nc(C(F)(F)F)[nH]c2cc1Cl,[ 0.27753955  0.9230968  -0.7880367  -0.5306327   0.29283652]
CCNC(=S)NCC,[ 0.06467514  0.3841436  -0.7239271   0.02699274  0.7859308 ]
CC1(C)C(=O)N(CO)C(=O)N1CO,[ 0.12162593  0.47922876 -0.7925759   0.43458247 -0.49628878]
CN(C)c1ccc(O)c2c1CC1CC3C([NH+](C)C)C([O-])=C(C(N)=O)C(=O)C3(O)C(O)=C1C2=O,[ 0.33232823  0.34381944 -0.84220433 -0.59334385  0.3210313 ]
C=CC(=O)NCNC(=O)C=C,[ 0.43144822  0.69453317 -0.53777003 -0.8787225   0.15611249]
C=C(C)C(=O)OC=C(C)C,[ 0.56423587 -0.86084646 -0.9294065  -0.816104   -0.2435314 ]
CC1CCCCC1NC(=O)Nc1ccccc1,[ 0.22286062  0.76008606 -0.6170879  -0.70783484 -0.42945024]
CSCC(NC(=O)COc1cccc2cnccc12)C(=O)NC(Cc1ccccc1)C(O)C(=O)N1CSCC1C(=O)NC(C)(C)C,[ 0.47983178  0.76608735 -0.4099081  -0.61253804  0.0526697 ]
COP(=S)(OC)Oc1ccc(C#N)cc1C,[-0.25742188  1.         -0.42268577 -0.6393062  -0.22204663]
Nc1ccn([C@@H]2O[C@H](CO)[C@@H](O)C2(F)F)c(=O)n1,[ 0.17233059  0.8985267  -1.         -0.5875465  -0.2936078 ]
CN(C)CC/C=C1/c2ccccc2COc2ccc(CC(=O)O)cc21,[ 0.09415814  0.6804308  -0.04800628  0.33498165 -0.106956  ]
CNCC(O)c1cccc(O)c1,[-0.1128788   0.7000054   0.2627701  -0.7524234  -0.44558653]
CCCc1nn(C)c2c(=O)[nH]c(-c3cc(S(=O)(=O)N4CCN(C)CC4)ccc3OCC)nc12,[-0.10911454  0.7300381  -0.68087834 -0.07283464 -0.21078937]
COCCOCc1ccccc1,[ 0.30503178  0.0489962  -1.         -0.85604674  1.        ]
O=[N+]([O-])c1cc(Cl)c(N=Nc2ccc(N3CCS(=O)(=O)CC3)cc2)c(Cl)c1,[ 0.25545552  0.7263117   0.26112387 -0.45380434 -0.32834154]
CNC(=O)Oc1cccc2c1OC(C)(C)O2,[ 0.15416905  0.37323466 -0.78936166 -0.9991738   0.2919461 ]
N#Cc1c(-c2ccc(-c3ccncc3Cl)cc2)nc2ccncc2c1O,[ 0.22390921  0.86963046  0.3986271  -0.37159604 -0.00651406]
CC(C)CCCC1CCC(C)(C(=O)NCC(=O)O)CC1,[ 0.07246403 -0.1759047  -0.5399972  -0.5888164   0.02045215]
O=C1C2CC3C1C1(Cl)C(Cl)C4(Cl)C2C3C1(Cl)C4(Cl)Cl,[ 0.49647564  0.8227738  -0.7958951  -0.60702306  0.09410436]
Oc1ccc2c(c1)CCC2,[ 0.52620906  0.872995   -1.         -0.7893558  -0.11924781]
CC(C)[C@H](C(=O)Nc1nccs1)c1ccc(Cl)cc1,[ 0.2534538  0.5664936 -1.        -0.6737809  0.1470349]
NNC(=O)c1ccncc1,[-0.8002903   0.7786557  -0.13507076 -1.          0.36604333]
CC(C)Oc1ccc2c(=O)c(-c3ccccc3)coc2c1,[-0.26041064  0.93719625 -0.70279515 -0.5157462  -0.23653266]
COc1cc2nc(N3CCN(C(=O)C(C)OC)CC3)nc(N)c2cc1OC,[ 0.19175218  1.         -0.5041162  -0.8048272  -0.4431859 ]
CCN(CCO)C(=O)c1oc2cccnc2c1-c1cccc(C(F)(F)F)c1,[ 0.1564312   0.5279841   0.11879279 -0.7599795  -0.00520094]
Cc1cc(Sc2cc(C)c(O)c(C(C)(C)C)c2)cc(C(C)(C)C)c1O,[ 0.41694102  0.77346104 -0.49912608 -0.4484574  -0.10201818]
COc1cc2nc(N3CCN(C(=O)c4ccco4)CC3)nc(N)c2cc1OC,[ 0.48976514  0.19780542 -0.82105285 -0.35510546 -0.21944474]
CC(C(=O)O[C@@H]1CC[N+](C)(C)C1)(c1ccccc1)C1CCCC1,[ 0.3068635  -0.7906548  -0.66461647 -0.99769795 -0.17333554]
CC(C)(C(=O)O)S(C)(=O)=O,[ 0.46032536  0.8091867  -0.4947068   0.25684997  0.19656512]
CC(C)(C)NC(=O)C1CC2CCCCC2CN1CC(O)C(Cc1ccccc1)NC(=O)C(CC(N)=O)NC(=O)c1ccc2ccccc2n1,[ 0.6994945   0.8814265  -0.6316589  -0.10463048  0.56288683]
COc1c(OP(=S)(OCC(C)C)OCC(C)C)cnn(C)c1=O,[ 0.10584842  0.09858588 -0.9497651  -0.65548664  0.11239789]
CN(C)N(C)N=O,[-0.1653168   0.64752895 -0.9688586  -0.9485549   0.6742245 ]
CCC1OC(=O)C(C)C(=O)C(C)C(OC2OC(C)CC([NH+](C)C)C2O)C(C)(OC)CC(C)C(=O)C(C)C2N(CCCCn3cnc(-c4cccnc4)c3)C(=O)OC12C,[-0.97016275  0.92415345 -0.3309297  -0.81684     0.0515848 ]
Cc1onc2c(=O)[nH]nc(-c3ccccc3)c12,[ 0.13807103  0.5546592  -0.6431745  -0.4060491   0.570215  ]
CN1CCN(CCCN2c3ccccc3Sc3ccc(Cl)cc32)CC1,[-0.21704617  0.9413132  -0.7196831  -0.39738142 -0.43757278]
C(=NC1CCCCC1)=NC1CCCCC1,[ 0.30903336  0.92596656 -0.6186623  -0.7185906  -0.21952108]
CC(C)(C)[NH2+]CC(O)c1cc(O)cc(O)c1,[ 0.14023411  0.06473362 -0.9928497  -0.8911409  -0.06815561]
C=CCI,[ 0.2822269   0.11169099 -0.62764794  0.31659937  0.14593567]
O=C(c1ccccc1)c1cccc2c1CCC2C(=O)O,[ 0.5920748   0.9176523  -0.8218547  -0.62095433 -0.12313285]
ClCc1cccc2ccccc12,[ 0.26232243  0.88608396 -0.84768397 -0.668201    0.1139596 ]
CC(C)=CCOC(=O)c1ccccc1,[ 0.2825722   0.876432   -0.61839634 -0.6723727  -0.4159523 ]
COc1cc2c(cc1OC)C1CC(=O)C(CCC#N)CN1CC2,[-0.3043013   1.         -0.85218436 -0.88572884  0.47287214]
NS(=O)(=O)c1cc2c(cc1Cl)NCNS2(=O)=O,[ 0.44017816  1.         -0.82792956 -0.86392355 -0.04213761]
CCC(C)C(=O)OC1CCC2(C)C3CC(O)C4C5(O)C(CC42OC13O)C1CN2CC(C)CCC2C(C)(O)C1C(O)C5OC(=O)C(C)(O)CC,[-0.31424522  0.9223376  -0.7443163  -1.          0.70884913]
O=C1OCC2C1C1(Cl)C(Cl)=C(Cl)C2(Cl)C1(Cl)Cl,[ 0.14493068  0.37536654 -0.8664364  -0.5135219  -0.37776423]
Nc1ccc(F)c([N+](=O)[O-])c1,[ 0.4842482   0.8981705  -0.65105    -0.7036543  -0.16833538]
CCNc1nc(NCC)nc(OC)n1,[ 0.5072243  0.6802311 -0.7142679 -0.859861  -0.2859265]
Nc1c(Cl)c(Cl)c2[nH]c(C(F)(F)F)nc2c1Cl,[-0.07487169  0.4081057  -0.4950752  -0.78458935  0.22377904]
C=CC(=O)OCCOC(=O)c1ccc(C(=O)O)cc1C(=O)O,[ 0.00271448  0.1833622   0.4837405  -0.31490394  0.21939895]
CCCCN(CCCC)CCCC,[ 0.01347662  0.80780303 -0.5274498  -0.74591196 -0.6042196 ]
CCCCC(CC)CNCC(C)(N)CN(C)CC(CC)CCCC,[ 0.13341162 -0.01791945 -0.73316354  0.39766926  0.37399969]
O=[N+]([O-])c1ccc(Nc2ccccc2)c(S(=O)(=O)O)c1,[ 0.0819224   0.15854417 -0.45338857 -0.6167994   0.2506548 ]
CCC(C)OP(=S)(OC)OC,[ 0.34824115  0.86994684 -0.8945636  -0.71189225 -0.3963794 ]
CCCCOc1ccccc1NC(C)=O,[-0.48318544  0.73575115 -0.49789461 -0.8282799   0.32169417]
C=CC(C)CCCC(C)(C)O,[ 0.32942984  0.6107586  -0.69839597 -0.57821774 -0.04519762]
O=[N+]([O-])N1CN([N+](=O)[O-])CN([N+](=O)[O-])C1,[ 0.30819818  1.         -0.35210255 -0.8332587  -0.5495723 ]
CN(SSC(C)(C)C)C(=O)ON=C1SCCS1,[ 0.40309593  0.4986594  -0.6111802   0.48068905  0.144013  ]
COP(=S)(OC)Oc1cnc2ccccc2n1,[ 0.66855997  0.81764305 -0.7921716  -0.6191921   0.3046855 ]
Fc1cc(-c2cccc3ncc(-c4cnn(C5CCNCC5)c4)nc23)cc(F)c1CN1CCOCC1,[ 0.26513883  0.610056    0.11253217 -0.14911102 -0.14473209]
CCC(=O)Nc1ccc2[nH]c(C(F)(F)F)nc2c1,[ 0.08206712  0.3347809  -0.7085063  -0.9057539   0.71169394]
CCOC(=O)C1OC1c1ccccc1,[ 0.31442532  0.8955882  -0.9585926  -0.7255951  -0.14655161]
C=CCNC(=O)C(=O)C(CCC)NC(=O)C1CC2CN1C(=O)C(C1CCCCC1)NC(=O)Cc1cccc(c1)OCCC(C)(C)O2,[ 0.5103193   0.6825336  -0.8382819  -0.6967534  -0.13056692]
CCCS,[ 0.40262747  0.90832955 -0.9007016  -0.49880937 -0.20113388]
Cc1cccc(C)c1O,[ 0.2695768  -0.03887568 -0.7012493  -0.8723113  -0.36900893]
O=C(Nc1ccc(Br)cc1)c1cc(Br)cc(Br)c1O,"[ 7.1975285e-01  7.1563540e-05 -9.0173954e-01 -8.2547754e-01
 -8.3489197e-01]"
C[C@H](CO)Nc1nc(SCc2cccc(F)c2F)nc2nc(N)cnc12,[ 0.07043083  0.52254206 -0.5610073  -0.84831357 -0.20618185]
C1COCCOCCNCCOCCOCCN1,[ 0.4104023   0.2680116  -0.5508566  -1.         -0.09549987]
CN1CCN(CCC=C2c3ccccc3Sc3ccc(S(=O)(=O)N(C)C)cc32)CC1,[-0.05888393  0.9602337  -0.6740586  -0.7350341   0.19890907]
CCOC(=O)CCC1(CCC(=O)OCC)c2ccccc2-c2ccccc21,[-0.3171078  -0.61342764 -0.8273846  -0.5483868   0.05430834]
O=C(OCC1CO1)c1ccccc1C(=O)OCC1CO1,[ 0.5126263   0.40488017 -0.5030004  -0.52674764 -0.3238949 ]
Cc1ccccc1COC1CC2(C(C)C)CCC1(C)O2,[ 0.27666593  0.07559631 -0.772815   -0.6553174  -0.00758253]
CCCCSCCCC,[ 0.47331825  0.8987554  -0.83280104 -0.8026898   0.44671047]
CC(O)CO,[ 0.5306774   0.8955164  -0.63587385 -0.88078535  0.58484   ]
O=Cc1ccc(O)cc1,[ 0.31122094  0.6567376  -0.38564807 -0.8226992  -0.19226125]
CCCCc1c(OC(=O)c2cc(OC)c(OC)c(OC)c2)n(-c2ccccc2)n(-c2ccccc2)c1=O,[-0.27617657  0.85660213 -0.60230273 -0.8236942  -0.3200086 ]
CCC(CC)n1nc(C)c(C(=O)N[C@@H](C)C(C)(C)C)c1NS(=O)(=O)c1ccc(C)cc1,[ 0.00273975 -0.71939427 -0.11414025 -0.524361    0.5302185 ]
COc1cc2c(c3oc(=O)c4c(c13)CCC4=O)C1C=COC1O2,[-0.13253003  0.89117974 -0.9305436  -1.         -0.21736985]
c1c[nH]cn1,[ 0.04870687  0.86509496 -0.74414706 -0.16444655 -0.51372504]
CN(CCCOCCOCCc1ccccc1)CCc1ccc(O)c2nc(O)sc12,[-0.6405552  -0.17887321 -0.09027217 -0.50002295 -0.1300749 ]
CN(C)Cc1cc(CN(C)C)c(O)c(CN(C)C)c1,[ 0.29364145  0.84269226 -0.58742154 -0.5157332   0.00564835]
C=CC(=O)OCCCCCCOC(=O)C=C,[ 0.44465637  0.26574564 -0.42939052 -0.985282   -0.21658196]
CON=C(Cc1cccnc1)c1ccc(Cl)cc1Cl,[ 0.71254617  0.7023466  -0.6654321  -0.3957219  -0.02385892]
COc1cccc2c1cc([N+](=O)[O-])c1c(C(=O)O)cc3c(c12)OCO3,[-0.11717544  1.         -0.79056364 -0.7147625   0.08517646]
CCOC(C)=Cc1oc2ccccc2[n+]1CCCS(=O)(=O)[O-],[ 0.23033419  0.8475303  -0.90502214 -0.6024645   0.8313733 ]
O=P([O-])([O-])C(O)(Cn1ccnc1)P(=O)([O-])O,[-0.84323645  0.6543218  -0.6037126  -0.41313204  0.21237393]
c1ccc([C@H]([C@@H](c2ccccc2)N2CCCCC2)N2CCCCC2)cc1,[-1.         0.6215228 -0.0679169 -0.8476723 -0.4726951]
CCOc1cc2ncc(C(N)=O)c(Nc3ccc(F)cc3F)c2cc1N1CCN(C2CC2)CC1,[-0.10427913 -0.07016902 -0.38968536  0.12934971  0.12954773]
O=[N+]([O-])c1cc(Cl)c2nc(C(F)(F)F)[nH]c2c1,[ 0.54718345  0.5402223  -0.6308742  -0.98795015  0.01601487]
Cc1ncc(CS)c(CO)c1O,[ 0.14350095  0.6756644  -0.82740355 -0.8335296  -0.15653495]
CCOP(=S)(NC(C)C)Oc1ccccc1C(=O)OC(C)C,[-0.56932044  0.93208814 -0.72550404 -0.8269574   0.4134246 ]
CN(C)C1CC(c2ccccc2)c2ccccc21,[ 0.09316675  0.82557607 -0.91758347 -0.78186035 -0.4323685 ]
COCc1ccc2c(C(C(=O)NS(=O)(=O)c3ccc(C)cc3OC)c3ccc4c(c3)OCO4)cn(C)c2c1,[-0.13925381  0.47287625  1.         -0.6221493  -0.49608263]
OCCOCCCl,[ 0.1057929   0.15778774 -0.7456901  -0.73500675 -0.31254697]
CCc1c2c(nc3ccc(O)cc13)-c1cc3c(c(=O)n1C2)COC(=O)[C@]3(O)CC,[-0.0652107   1.         -0.8341507  -0.60907686 -0.05794119]
COP(=S)(OC)SCc1nnc(C(C)C)o1,[-0.12555394  1.         -0.85436815 -0.6605929   0.4653954 ]
O=C(O)c1nn(Cc2ccc(Cl)cc2Cl)c2ccccc12,[ 0.10819102  0.8101056  -0.95392305  0.5293047  -0.291105  ]
NC(=O)c1cnc(N[C@@H]2CCCC[C@@H]2N)nc1Nc1cccc(-n2nccn2)c1,[-0.25824514  0.90620035 -0.75397724 -0.8805297   0.1704    ]
Cc1ccc([N+](=O)[O-])cc1,[ 0.29516327  0.6922869  -0.92575824 -0.7741287   0.08494967]
O=C(O)CC(CC1CCN(C(=O)CCc2ccc3c(n2)NCCC3)CC1)C1CNc2ccccc2C1,[ 0.29762372  0.45896536  0.4755077  -0.83326614  0.34788156]
CN1C[C@@H]2c3ccccc3Oc3ccc(Cl)cc3[C@H]2C1,[ 0.08078657 -0.20065139 -0.5919351  -0.760086   -0.5545737 ]
SCCc1cnccn1,[-0.32713246  0.69761145 -0.828623   -0.9316733   0.20457928]
C=CCN(C(=O)Cn1nc(C)ccc1=O)C(C)Cc1ccccc1,[ 0.4185551   0.7136564  -0.83921677 -0.77522653  0.25360143]
CC(O)COC(C)CP(CC(C)OCC(C)O)CC(C)OCC(C)O,[ 0.16720761  0.7121509  -0.71705127 -0.8168695   0.0359394 ]
CP(=S)(Oc1ccccc1)Oc1ccc(C#N)cc1,[ 0.21671744  0.7822208  -0.6766385   0.37455    -0.471033  ]
O=c1[nH]c(=O)c2ccccc2o1,[-0.05099427  0.90146893 -0.59697735 -0.64337367 -0.20253564]
CCCOP(=O)(OC=C(Cl)Cl)OCCCl,[ 0.07190043  0.82558095 -0.7422658  -0.9842435  -0.33675042]
CC1CS(=O)(=O)CCN1N=Cc1ccc([N+](=O)[O-])o1,[ 0.38948098  0.6742689  -0.03763932 -0.5341981  -0.07001346]
O=C(Cl)CCl,[ 0.49954414  0.6131252  -0.75418043 -0.7975493  -0.49863428]
[O-][n+]1onc2c1c1no[n+]([O-])c1c1no[n+]([O-])c21,[ 0.36171708  0.6889961  -0.81636614 -0.79439676 -0.29209405]
Cn1c(=O)sc2cccc(Cl)c21,[ 0.2531612   0.9182058  -0.7170852  -0.85964096 -0.12488358]
O=[N+]([O-])c1cc(Cl)ccc1Cl,[ 0.11279921  0.683089    0.23702666 -0.20395316  0.15599714]
O=C(OCC(COC(=O)c1ccccc1)(COC(=O)c1ccccc1)COC(=O)c1ccccc1)c1ccccc1,[ 0.10714824 -0.67805177 -0.67169994 -0.79278785 -0.09985173]
CN(C)C1C(O)=C(C(N)=O)C(=O)C2(O)C(O)=C3C(=O)c4c(O)cccc4C(C)(O)C3C(O)C12,[ 0.20042183  0.92797625 -0.7148004  -1.          0.5826107 ]
COC(CN1CCN(CCC(O)c2ccccc2)CC1)c1ccccc1,[-0.07636635  0.38494018 -1.         -1.         -0.2979579 ]
O=C(CCl)OCCOCCO,[-0.34686562  0.47368386 -0.99141544 -0.87319016 -0.18761571]
Cc1nn(C2CCCCC2)c(N)c1-c1ccccc1,[-0.06019564  0.91255933 -0.8938673  -0.7057031  -0.5410485 ]
CCOc1ccccc1C(=O)NN=C(C)C(=O)O,[-0.28446126  0.96813345 -0.94698626 -0.6959287  -0.17270344]
FC(F)(F)c1nc2c(I)cc(I)cc2[nH]1,[ 0.41385376  0.8486619  -0.76146734 -0.5647571   0.2945097 ]
COP(N)(=O)SC,[-0.33788306  1.         -0.80960125 -0.76915133  0.03955932]
CCCCn1c(=O)n(CCC)c(=O)c2[nH]c(C)nc21,[ 0.22511165 -0.3307191  -0.74285984 -0.34467503 -0.0069344 ]
CC(C)(C)c1ccc2c(c1)C(C)(C)CC2,[-0.29414177  0.75462806 -0.7073073  -0.08800252  0.07126439]
CC1CCC(N)CC1N,[ 0.21443866  0.73876935 -0.58049864  0.7221237  -0.17671949]
CNC(=O)c1c(I)c(NC(C)=O)c(I)c(C(=O)[O-])c1I,[ 0.41615865  0.95150405 -0.42944154 -0.7165559  -0.15124522]
CCCCCCCCc1ccccc1O,[ 0.3219946  -0.2634687  -0.7157542  -0.38425222  0.11229849]
O=c1[nH]cnc2c1ncn2[C@H]1CC[C@@H](CO)O1,[-0.24338244  0.93644184 -0.91746217 -0.7326207  -0.26304197]
COP(=S)(OC)SC1CSC=CO1,[-0.45457     0.71446544 -0.9873354  -0.59727    -0.00721561]
CC(C)c1cccc(OC(=O)N(C)C)c1,[ 0.47322     0.40249658 -0.61605597  0.421404   -0.20303434]
O=C(CO)N1CCC(c2[nH]nc(-c3ccc(Cl)cc3F)c2-c2ccncn2)CC1,[ 0.02459531  0.38305384 -0.876783    0.24477863  0.82616806]
CNC(=O)CSP(C)(=S)OC,[ 0.23222162 -0.099153   -0.29772493 -0.7973869  -0.18846633]
COCCN(c1cccnc1)P(=O)(c1ccccc1)c1ccccc1,[ 0.49802887 -0.1497683  -0.03081345 -0.40006477  0.2582081 ]
O=C(CCCN1CCC(O)(c2cccc(C(F)(F)F)c2)CC1)c1ccc(F)cc1,[ 0.21790256  0.850313   -0.84923124 -0.59327734 -0.13499796]
C[NH+](CCOc1ccc(NS(C)(=O)=O)cc1)CCc1ccc(NS(C)(=O)=O)cc1,[ 0.28832957  0.8694008  -0.76187855 -0.76464814 -0.40407884]
CN(CC=CC#CC(C)(C)C)Cc1cccc2ccccc12,[-0.2288531  1.        -0.7212557 -0.7638086 -0.2661611]
S=c1[nH]c2cc(Cl)ccc2o1,[ 0.16191098  0.9057963  -0.5675191  -0.5794329  -0.5164103 ]
C[NH+]1CCOC(c2ccccc2)c2ccccc2C1,[ 0.3019421   0.28183475 -0.6823331   0.40763846  0.28388593]
N#CC(c1ccccc1)c1ccccc1,[ 0.46956092  0.64357525 -0.64017373 -0.62120557 -0.101021  ]
O=C(CCl)OC1=C(OC(=O)CCl)C(=O)OC1=O,[ 0.0117735   0.67410976 -0.41232377 -0.95281965 -0.11050563]
OCCCCC(O)CO,[ 0.3623547   0.7079144  -1.         -0.6492073   0.37408394]
CCOC(=O)C(CCc1ccccc1)NC1CCc2ccccc2N(CC(=O)O)C1=O,[-0.17711146  0.7200213  -0.69732285 -0.85657436 -0.79623383]
CC(C)(C#N)C(C)(C)C#N,[ 0.14309388  0.66929173 -0.8791581  -0.78749716 -0.474483  ]
CC[C@H]1NC(=O)[C@@H](NC(=O)c2ncccc2O)[C@@H](C)OC(=O)[C@H](c2ccccc2)NC(=O)[C@@H]2CC(=O)[C@H](CS[C@@H]3CN4CCC3CC4)CN2C(=O)[C@H](Cc2ccc(N(C)C)cc2)N(C)C(=O)[C@@H]2CCCN2C1=O,[ 0.06411869 -0.88247305 -0.50359815 -1.          0.0420957 ]
O=C(O)CCCCCC(=O)O,[ 0.5263126   0.9007158  -1.         -0.18709528 -0.2030428 ]
COc1cc(-c2cc(=O)c3c(O)cc(O)cc3o2)cc(O)c1OC,[-0.14155643  0.83152443 -0.8024569  -0.8049104  -0.510211  ]
CCOC(=O)Nc1ccc(NCc2ccc(F)cc2)cc1N,[ 0.08223872  0.84875727 -0.80448854 -0.9506083  -0.19491671]
Cc1c(OC2CCN(CC3CCN([C@@](C)(Cc4ccc(F)cc4)C(=O)O)CC3)CC2)ccc(Cl)c1Cl,[ 0.5109771   0.7913907  -0.8141022   0.01066259 -0.18396394]
C[N+](C)(Cc1ccc(NC(=O)c2ccc(Cl)c(Cl)c2)cc1)C1CCOCC1,[-0.75264907  0.8086339  -0.05888893 -0.33583167 -0.3647699 ]
O=c1[nH]c2ccccc2n1CCC[NH+]1CCC(n2c(=O)[nH]c3cc(Cl)ccc32)CC1,[ 0.3112775  -0.17603068 -0.32496324 -1.         -0.43266037]
CCCN(CCC)c1c([N+](=O)[O-])cc(C)cc1[N+](=O)[O-],[ 0.25798908  0.8552188  -0.37104005 -1.         -0.01006751]
N#Cc1ccc2[nH]c(C(F)(F)F)nc2c1,[-0.05084108  0.7308149  -0.82559913 -0.76643294 -0.2828327 ]
CCCCCCCC=CC=O,[ 0.26125538  0.766548   -0.7176763  -1.          0.61529076]
Cc1ccc(NC(=O)c2ccc(C#N)cc2)cc1-n1cnc2ccc(N3CCN(C)CC3)cc2c1=O,[-0.26719475  0.90552837 -0.7904005  -1.          0.21710536]
BrC12CC3CC(CC(C3)C1)C2,[-0.12824906  0.590933   -0.85843736 -0.64662004  0.05434293]
O=[N+]([O-])C(CO)(CO)CO,[ 0.6069378  -0.01386706 -1.         -0.50273955 -0.2789667 ]
CCOP(=S)(Oc1cccc2cccnc12)c1ccccc1,[ 0.33419892  0.4483595  -0.7911092  -0.5870566   0.05531609]
CC=C(CC)C(=O)NC(N)=O,[-0.01376215  0.89126635 -0.87506074 -0.652455   -0.21459848]
CCC1OC(C)SC1=NOC(=O)NC,[-0.41386372  0.22649954 -0.504932    0.31239414  0.39981714]
CC(C)(C)CNC(=S)Nc1cccnc1,[-0.01315218  0.8769437  -0.29823056 -0.769941   -0.06597229]
C[C@@H](NC1=CC(=O)CC1)c1ccc(Nc2ncc3cc(-c4ccncc4)ccc3n2)cc1,[ 0.27383965  0.21510367 -0.43468204 -0.5223726  -0.12001998]
ClC(Cl)(Cl)c1ccc(C(Cl)(Cl)Cl)cc1,[-0.17306586  0.40486577 -0.94551057  0.348152    0.03352835]
O=C(O)Cc1ccccc1N1CCC(CN2CCC(Oc3ccc(Cl)c(Cl)c3)CC2)CC1,[-0.44817117  1.         -0.83075446 -0.85956883 -0.335078  ]
O=C(O)c1ccccc1-c1c2ccc(=O)cc-2oc2cc(O)ccc12,[-0.279721    0.89060897 -0.77916676 -0.61443657  0.3977768 ]
CC(C)=CCN1CCC2(C)c3cc(O)ccc3CC1C2C,[ 0.08217059  0.9948665  -0.83161813 -0.40625167  0.2992952 ]
CCC[NH+]1CCCCC1C(=O)Nc1c(C)cccc1C,[ 0.21869741  0.7128202  -0.7510258  -0.54149324 -0.27166432]
COC(=O)Cc1ccccc1,[-0.3854657   0.39208072 -0.92394483 -0.6718112  -0.12570979]
Nc1ccc(O)c([N+](=O)[O-])c1,[-0.6271234   0.8744232  -0.9122348  -0.74299437  0.10369483]
CC(=O)Oc1ccc2c3c1OC1C(OC(C)=O)C=CC4C(C2)[NH+](C)CCC341,[ 0.32138512  0.6879639  -0.1520709  -0.24302943  0.05556235]
Cc1ccc(C(=O)N(CCCN)[C@@H](c2nc3cc(Cl)ccc3c(=O)n2Cc2ccccc2)C(C)C)cc1,[ 0.08836081  0.7152092   0.25117123 -0.50835913 -0.2904227 ]
O=C(NC[C@@H](O)CN1CCC(Oc2ccc(Cl)c(Cl)c2)CC1)c1c[nH]c(=O)c2cc(F)ccc12,[-0.32126456 -0.67662024 -0.9311845  -1.          0.23829333]
N[C@H]1CCN(c2c(Cl)cccc2/C=C2\SC(=O)NC2=O)C1,[ 0.1003452   0.67987937 -0.96335864 -0.96850675 -0.19194704]
Cc1ccc(N=C=O)cc1N=C=O,[ 0.01598813  0.82721967 -0.68431365 -0.75355923 -0.21493007]
CCOC(=O)NCCOc1ccc(Oc2ccccc2)cc1,[-0.37447873  0.9367092  -0.6811398  -0.4632276   0.23404233]
Cc1cc(C(=O)c2ccccc2)ccc1N,[ 0.00164001  0.87108487 -0.2618514  -0.50512934  0.00412167]
C=CCOC(=O)CCCCC,[ 0.3588424   0.84777033  0.09847232  0.69488674 -0.10468958]
CCCCCCCc1ccccc1O,[ 0.5934595   0.14999901 -0.49747252 -0.7471265  -0.42377627]
COc1ccc(-c2nc3c(NCCCNC(C)=O)c(Br)cnc3[nH]2)cc1,[-0.02485949  1.         -0.86444414 -0.77135056 -0.22602196]
CNC(=O)[C@@H]1Cc2cn(cn2)CC(=O)N2CCC[C@H]2C(=O)N[C@@H](C)C(=O)N1C,[ 0.19521978  0.66307175 -0.6181054  -0.6966994   0.20569783]
CC=CC=CC=O,[ 0.30798858 -0.28135413 -0.5575626  -0.2206769  -0.40208873]
C=CC(=O)OCCOCC,[ 0.55218107  0.6829296  -0.5953204  -0.12919165  0.3590559 ]
CC(=S)NC[C@H]1CN(c2ccc(-c3nnc(CNS(C)(=O)=O)s3)c(F)c2)C(=O)O1,[ 0.49395564  0.7728105  -0.7303126  -0.251171   -0.29092276]
OC[C@@H]1CC[C@H](n2cnc3c(O)ncnc32)O1,[ 0.4060596   0.7517336  -1.         -0.6390764  -0.05856095]
CN,[ 0.56909287  0.7941483  -0.7085703  -0.02118535 -0.03323292]
N#Cc1cccc(Cc2ncccn2)c1,[-0.17338365  0.8497273  -0.58571243 -0.97659713 -0.2143086 ]
COC(C)CC(=O)O,[ 0.15868019  0.77787113 -0.81801236 -0.72039044 -0.5968717 ]
Cc1c(-c2c(C)c(N)c3c(C(C)C)c(O)c(O)c(C=O)c3c2O)c(O)c2c(C=O)c(O)c(O)c(C(C)C)c2c1N,"[ 2.1379082e-02 -8.6185026e-01 -3.4538341e-01 -5.7047987e-01
 -7.6408201e-04]"
O=C(Nc1ccc(Cl)c(C(=O)Nc2cccnc2)c1)c1cccc(C(F)(F)F)c1,[ 0.49068788  0.9034988  -0.86947805 -0.43575954 -0.40779176]
Nc1nc2[nH]cnc2c(=S)[nH]1,[-0.41325936  0.8343121  -1.         -0.41565695 -0.03642292]
CO[C@@H]1C=CO[C@@]2(C)Oc3c(C)c(O)c4c(c3C2=O)C(=O)/C(=C\NN2CCN(C)CC2)C(=C4O)NC(=O)C(C)=CC=C[C@@H](C)[C@H](O)[C@H](C)[C@H](O)[C@@H](C)[C@@H](OC(C)=O)[C@@H]1C,[ 0.65810126  0.39000407  0.48723787 -1.          0.2075967 ]
N#CSCCSC#N,[-0.06794424  0.9002534  -0.9058976  -0.8388259  -0.36246136]
C[C@@H](O)[C@H]1C(=O)N2C(C(=O)O)=C(SCCNC=N)C[C@H]12,[ 0.30717376  0.11963462 -0.8913532  -0.72840756 -0.2700039 ]
O=C(O)CCC(=O)c1ccc(-c2ccccc2)cc1,[ 0.00675787  0.60577875 -0.6648884   0.33458397 -0.295484  ]
CCN(CC)CCNC(=O)c1cc(Br)c(N)cc1OC,[ 0.20318042  0.84025836 -0.6258561  -0.6263183   0.22552256]
O=C(Nc1ccccc1-c1ccccc1)OC1CCN(CCCCCCCCCNC[C@H](O)c2ccc(O)c3[nH]c(=O)ccc23)CC1,[-0.34891158  1.         -0.8167508  -0.60544395  0.35286692]
CCC1=C(C)CN(C(=O)NCCc2ccc(S(=O)(=O)[N-]C(=O)NC3CCC(C)CC3)cc2)C1=O,[-0.23270321  0.90932804 -0.500634   -0.9596413  -0.26483846]
CCOP(=S)(OCC)SCSCc1ccccc1,[ 0.09900867  0.7432972  -0.814648   -0.68279076  0.07319066]
CCOP(=O)(OCC)Oc1nc(Cl)c(Cl)cc1Cl,[ 0.17453021 -0.43891641 -0.36008158 -0.56848913 -0.14790727]
CC(O)C1C(=O)N2C(C(=O)[O-])=C(SC3CCS(=O)C3)SC12,[ 0.08304825  0.61175495 -0.77838916 -0.7760478   0.12628269]
O=C(CN1CCOCC1)NN=Cc1ccc([N+](=O)[O-])o1,[ 0.33813727  0.6480081  -0.874076   -0.5651757  -0.02625879]
CCCSP(=S)(OC)SCCC,[ 0.4261409   0.8724242  -0.8215149  -0.40420076  0.0398342 ]
C=CC(=O)OC1CC2CCC1C2,[-0.29755312 -0.4683804  -0.76247823 -0.7245594   0.30209342]
COc1cc(OC)c(S(=O)(=O)N(c2ccccc2)C(C)C)cc1NC(C)=O,[-0.36204058  0.25588727 -0.16310684 -0.615623    0.14726725]
CC(=O)N(C)c1ccc(Nc2ncc3cc(-c4ccncc4)ccc3n2)cc1,[-0.0303768   0.7095321  -0.673584    0.23950806 -0.45367163]
CC1CCCCN1N=O,[ 0.2125525  -0.26106516 -0.8172133  -1.          0.35793135]
CC=CC(C)=O,[ 0.56921166  0.35779774  0.24706534 -0.6290934  -0.40354347]
[NH3+]C(C(=O)NC1C(=O)N2C(C(=O)[O-])=C(CSc3c[n-]nn3)CSC12)c1ccc(O)cc1,[0.15586689 0.8567181  0.18723698 0.14542845 0.10371   ]
CC(=O)c1ccc2c(c1)N1C(=O)OCC1CC2,[ 0.31409073  0.909102   -0.94045365 -0.8792408   0.12973453]
c1ccc2sc(SNC3CCCCC3)nc2c1,[ 0.58834356  0.72088844 -0.9547665  -0.47312433 -0.16674092]
CC(=O)OC12COC1CC(O)C1(C)C(=O)C(O)C3=C(C)C(OC(=O)C(O)C(NC(=O)OC(C)(C)C)c4ccccc4)CC(O)(C(OC(=O)c4ccccc4)C21)C3(C)C,[-0.03991896  0.6780008  -0.731897   -0.8851169  -0.3732742 ]
CCCN(CCC)CCCCCCCCNC(=O)Oc1ccc2c(c1)C1(C)CCN(C)C1N2C,[-0.51632655  0.8371637   0.13951933 -0.06307586 -0.3185899 ]
O=C(O)COc1ccccc1,[ 0.41132835  0.8574477  -1.         -0.5150008  -0.31300867]
CNC(=O)OCc1cccc(COC(=O)NC)n1,[ 0.5745051   0.61397696 -0.7192695  -0.04590282  0.02561849]
O=C1c2ccccc2N(C(=O)CN2CCOCC2)CN1c1ccccc1,[ 0.72118473  0.6385216  -1.          0.15297526 -0.16911198]
C=CCc1ccccc1OCC(O)C[NH2+]C(C)C,[ 0.3949463   0.6952856  -0.19038561 -0.6486596  -0.5123897 ]
CCCOC(=O)Cc1ccc(OCC(=O)N(CC)CC)c(OC)c1,[-0.81511354 -0.01574743 -0.49767795 -0.59182614  0.39751303]
CN1C(=O)CC(N2CCN(CCCN3c4ccccc4COc4ccc(CC(=O)O)cc43)CC2)N(C)C1=O,[-0.22092727  0.83857054 -0.44296214 -0.63475335 -0.02239738]
Cc1c(CN2CCOC(c3ccccc3)C2C)c(=O)n(-c2ccccc2)n1C,[ 0.10903735  0.7643769  -1.         -0.77470773 -0.03574304]
C#CC1(O)C(CO)OC(n2ccc(N)nc2=O)C1O,[-0.4952955   0.89236534 -0.9996218  -0.6075346  -0.10852928]
CC(C)(C)CC(=O)Nc1c(F)cc(C(=O)Nc2nccs2)cc1F,[ 0.4067935   0.84125376  0.5813815  -0.31498316 -0.3440654 ]
CN(C)C(=O)N(C)N=O,[ 0.20424739  0.784244   -0.670586   -1.         -0.2156213 ]
Cc1cc(C)c(C)cc1C,[ 0.6999838   0.97306764 -0.9174423  -0.7759373   0.02019616]
CC1[NH2+]Cc2cc(-c3ccc4c(=O)c(C(=O)[O-])cn(C5CC5)c4c3OC(F)F)ccc21,[ 0.2914533   0.93252784 -0.6729031  -0.7733858  -0.32110137]
CC(CC(=O)OC(C)(C)C)NC(=O)C1=NOC(C(O)(C(F)(F)F)C(F)(F)F)C1,[ 0.4160108   0.80828285 -0.5609211  -0.6105715   0.14298931]
CSCCC([NH3+])C(=O)NC1(C(=O)[O-])CS(=O)(=O)C2C(C(=O)[O-])C21,[-0.5185371   0.532202   -0.28289774 -0.97817343  0.22201881]
CC1CC(=O)NN=C1c1ccc([N-]N=C(C#N)C#N)cc1,[ 0.33051026  0.29639462 -0.7025377  -0.6627608  -0.21664388]
CCC1(CC)Oc2cccc(OC(=O)N(C)C(C)=O)c2O1,[ 0.4908835   0.8331583  -0.73257923 -0.8301711   0.12512575]
COP(=S)(OC)SCc1nnc(SC)s1,[ 0.1622421   0.68854266 -0.4352995  -0.63205916  0.39943528]
C=CC(=O)OCCOCCOC(=O)C=C,[ 0.18184093  0.9090155  -1.         -0.7607181  -0.11787754]
CC(=O)OC(C)OC(=O)C(C)c1ccc(-c2ccccc2)c(F)c1,[ 0.19607937  1.          0.8895216  -0.29265788 -1.        ]
C1=CC2C3C=CC(C3)C2C1,[ 0.2852537   1.         -0.41271117 -0.8820978  -0.23864923]
N=C(N)N[N+](=O)[O-],[ 0.18186554  0.86560786 -0.8270242  -0.81404585  0.450546  ]
CCCN(CCC)c1c([N+](=O)[O-])cc(C(C)C)cc1[N+](=O)[O-],[ 0.16815957  0.9114414  -0.7992723  -0.46514723  0.63445234]
CN(CCO)Cc1cc(C(=O)c2cccs2)cc(C(C)(C)C)c1O,[-0.82652515  0.9892597  -0.9540576  -0.94254434  0.12771769]
CCCCc1nc(Cl)c(CO)n1Cc1ccc(-c2ccccc2-c2nnn[nH]2)cc1,[ 0.00317229  0.8825318  -0.5277586  -0.38977632  0.3079666 ]
CS(=O)(=O)c1ccc(C(O)C(COC(=O)C[NH3+])NC(=O)C(Cl)Cl)cc1,[ 0.08956864  0.7083832  -0.48024565 -0.4892437   0.25316364]
CNC(=O)Oc1cc(C)c(N(C)C)cc1C(C)C,[ 0.49535775  0.87647533 -0.7619581  -0.10116461 -0.2844459 ]
OC(CCN1CCCC1)(c1ccccc1)C1CCCCC1,[-0.19681627  0.93768054 -1.         -0.7677797  -0.05565099]
O=Cc1cccc2ccccc12,[-0.12748943 -0.27244905 -0.67777145 -0.5673272   0.13815436]
O=CNc1cc([C@@H](O)CNCCc2ccc(NC[C@H](O)c3ccccc3)cc2)ccc1O,[-0.38286498 -0.01892325 -1.         -0.3115147   0.276035  ]
CCN(CC)c1c([N+](=O)[O-])cc(C(F)(F)F)c(N)c1[N+](=O)[O-],[ 0.31499168  0.700209   -0.78637934 -0.697222   -0.24267443]
CCC(C(=O)O)C1(O)CCCCC1,[ 0.053652    0.7063256  -0.8396594  -0.38948634 -0.19675359]
CC(N)C(O)c1cccc(O)c1,[ 0.16092667  0.9240813  -0.85213137 -0.49136725  0.63762665]
Cc1ccc2c(c1)c(Sc1cccc(Cl)c1)c(C)n2CC(=O)O,[-0.29879367  1.         -0.85228145 -0.9517763  -0.14460519]
Oc1c(O)c(-c2c(Cl)c(Cl)c(Cl)c(Cl)c2Cl)c(Cl)c(Cl)c1Cl,[ 0.23571771  0.7043601   0.9217769   0.1504273  -0.3538091 ]
OCCNCCOc1ccc(C(=C(c2ccccc2)C(F)(F)F)c2ccccc2)cc1,[-0.10684016  0.86933184 -0.8807931  -0.38169184  0.36813885]
CCOP(=O)(O)O,[-0.23630467 -0.5092711  -0.8126791  -0.5896121  -0.35424215]
Cc1c(Sc2ccc(Cl)cc2)c2c(S(C)(=O)=O)cccc2n1CC(=O)O,[-0.4368874   0.795481   -0.85832584 -0.66374826 -0.20631973]
OCCOc1cc(Cl)c(Cl)cc1Cl,[ 0.2861063   0.6433985  -0.62576675 -0.5122696   0.11442755]
Cc1c(Cl)c([N+](=O)[O-])c2[nH]c(C(F)(F)F)nc2c1[N+](=O)[O-],[ 0.15627703  0.44147775 -0.2763323  -0.9086747  -0.04973953]
O=C1CC2(CCCC2)CC(=O)N1CCCCN1CCN(c2ncccn2)CC1,[-0.46375662  0.88886833 -0.744675   -0.77674294  0.26648077]
Cc1cn([C@H]2CCCN(S(=O)(=O)c3ccc(C#N)c(Oc4cccc(Cl)c4)c3)C2)c(=O)[nH]c1=O,[ 0.41137174  0.6222244   0.3544748  -0.45196554 -0.23751229]
O=[N+]([O-])OCC(O)CO,[ 0.25075644  0.9226283  -0.20764454 -0.98527294  0.49420935]
CC1OC(OC2C(O)CC(OC3C(O)CC(OC4CCC5(C)C(CCC6C5CC(O)C5(C)C(C7=CC(=O)OC7)CCC65O)C4)OC3C)OC2C)CC(O)C1O,[-0.32690752  0.42952132 -0.6999581  -0.48169622 -0.555862  ]
CCCCN(CCCC)SN(C)C(=O)ON=CC(C)(C)SC,[ 0.11664487 -0.31482375 -0.76407933 -1.         -0.406718  ]
CCN(Cc1cc(C(F)(F)F)ccc1-c1cc(CC(=O)O)ccc1OC)C(=O)NCc1ccccc1,[ 0.06185394  0.92721343 -0.8085348  -0.45151412  0.32224074]
C=CC(=O)OCCOC(=O)CC(C)=O,[ 0.33303487  0.77248746 -0.7713984  -0.07381018  0.1728002 ]
CC1CCCCOC1=O,[ 0.56305873 -1.         -0.93580145 -0.5165947  -0.28439793]
COP(=S)(OC)Oc1ccc(S(N)(=O)=O)cc1,[-0.02529879  0.0496089  -0.22209482 -0.63210756  0.23653518]
CCN1CCCC1CNC(=O)c1cc(S(N)(=O)=O)ccc1OC,[-0.18909621  0.64687157 -0.83094794 -0.61431885 -0.21475016]
CC(=CC(=O)O)C(=O)O,[ 0.26759323  0.58716214 -0.8680812  -0.76457775  0.34919095]
N#Cc1cccc(C#N)c1,[ 0.2190802   0.9457325  -0.5224066  -0.84247106 -0.23592359]
CCOC(=O)C(CCc1ccccc1)NC(C)C(=O)N1C(C(=O)[O-])CC2CCCCC21,[ 0.47324336  0.8485547  -0.5177179   0.14229076 -0.03821041]
C=CCOc1ccccc1C(N)=O,[ 0.14890009 -0.13469473 -0.79247516 -0.6103646   0.07477751]
CCC[C@@H](c1ccc(C(=O)O)c(Oc2cccc(Cl)c2)c1)N1CCC[C@H](n2cc(C)c(=O)[nH]c2=O)C1,[-0.18601318  0.858862   -0.76556    -0.74150133  0.03409243]
C[C@H](CO)Nc1nc(SCc2cccc(F)c2F)nc2[nH]c(=O)cnc12,[ 0.152582    0.9232895  -0.7372833  -0.5326048   0.47183934]
ClCC(Cl)Cl,[ 0.36341867  0.6139313  -0.81467104 -0.75553894 -0.13365121]
CC(=O)OCc1ccc(C(C)C)cc1,[ 0.64650726  0.8500889  -0.80272174 -0.80575556 -0.33481637]
C1=CC2C=CC1C2,[ 0.04245162  0.9024995  -0.7511275  -0.84535044  0.10252915]
CN1c2ccccc2C(NCCCCCCC(=O)[O-])c2ccc(Cl)cc2S1(=O)=O,[-0.66859835  0.9851476  -0.5125203  -0.82299423 -0.22510538]
Cc1c(OCC(F)(F)F)ccnc1C[S+]([O-])c1nc2ccccc2[nH]1,[ 0.42827547  0.6768692  -0.41037637 -0.66055816  0.23374048]
NC(=O)N1C(=O)C(C(=O)c2cccs2)c2cc(Cl)ccc21,[-0.23631203  0.46492434 -0.81699514 -0.80656344 -0.41765705]
CN(C)CCOCCOCCN(C)C,[-0.07443044  0.48882568 -0.9198159  -0.8799597  -0.22089167]
C#CC(C)(O)C(O)c1ccccc1,[ 0.13898821  0.8093511  -0.03337103 -0.52632374 -0.08695029]
ClCC(Cl)=C(Cl)Cl,[ 0.30418047  0.6873748  -0.5008771  -0.9396338  -0.08358326]
CC(=O)N[C@H](C)C(=O)NCCc1ccccc1,[ 0.04673388  0.22199093 -0.9167703  -0.7088262  -0.0056032 ]
Cc1ncc(C[n+]2csc(CCO)c2C)c(N)n1,[ 0.0555514  -0.38603643 -1.         -0.49648508  0.6758928 ]
O=C(COc1ccc(Cc2ccc(Cl)cc2)cc1)OCc1cccnc1,[ 0.11762067  0.74198973 -0.69567275 -0.7991052  -0.05351258]
CCC(=O)NC[C@H]1CN(c2ccc(-c3nncs3)c(F)c2)C(=O)O1,[-0.48898017  0.76901424 -0.8513786  -0.45323706  0.25598934]
COC(=O)c1cc(Oc2ccc(Cl)cc2Cl)ccc1[N+](=O)[O-],[-0.18107612 -0.10848595 -0.6631633  -0.6105294  -0.25188863]
CC=C(C(=O)NC(N)=O)C(C)C,[ 0.6249987  -0.33778232  0.01803341  1.         -0.07522242]
OCCOCCOCCOCCO,[-0.06988867  0.91844815 -0.5017781  -0.9305633  -0.02519175]
CC(C)CCC(C)Nc1ccc(Nc2ccccc2)cc1,[-0.21412693  0.57726175 -0.66333747 -0.8771784  -0.2379611 ]
COc1ccc2c3c1OC1CC(O)C=CC31CC[NH+](C)C2,[-0.6229515   0.8203621  -1.         -0.44430023 -0.39365152]
Nc1nc2c(ncn2COCCO)c(=O)[nH]1,[ 0.5354919  -0.10915014 -0.8035592  -0.21860223  0.5437052 ]
Cc1cc(=O)cc(-c2ccccc2)o1,[ 0.35742703  0.6737671  -0.61549574 -0.676782   -0.21661699]
COc1ccc([N+](=O)[O-])cc1N,[ 0.11888277  0.8704095  -0.66922426 -0.39824116  0.41362843]
COP1(=S)OCc2ccccc2O1,[ 0.20106366  0.63368446 -0.5255148  -0.83721626 -0.38290456]
C=C(C)c1ccc(C(C)(C)N=C=O)cc1,[ 0.04693096  0.7793668  -0.6176017  -0.74555874 -0.31852168]
OCCOCCN1CCN(C(c2ccccc2)c2ccc(Cl)cc2)CC1,[ 0.4612151   0.23626974 -0.42399228 -1.         -0.16896714]
Cc1cccc(N)c1C,[ 0.30940607  0.87265515 -0.31860125 -0.4048755  -0.14005797]
CC(=O)O[C@H]1C[C@]2(O)[C@H]3CC[C@H]4C[C@H](O[C@H]5C[C@@H](O)[C@@H](O[C@H]6C[C@@H](O)[C@@H](O[C@H]7C[C@@H](O)[C@@H](O)[C@H](C)O7)[C@H](C)O6)[C@H](C)O5)CC[C@@]4(C)[C@H]3CC[C@]2(C)[C@H]1C1=CC(=O)OC1,[ 0.28720677  0.7063059  -0.35097897 -0.6399049  -0.24895515]
Clc1cccc([Si]23OCCN(CCO2)CCO3)c1,[ 0.3417938   0.8278527  -0.10010353 -0.82295936 -0.6511282 ]
CC1(C)C2CCC1(C)C(O)C2,[-0.11442867 -0.8598746  -1.         -1.         -0.0664411 ]
O=c1c2nocc2c(-c2ccccc2)nn1-c1ccccc1,[-0.55903333  0.6748637  -0.63612777 -0.89902914  0.20268911]
CCS(=O)CCSP(=O)(OC)OC,[ 0.16841471  0.89266753  0.73705286 -0.41009775  0.31828126]
C/C=C/c1cc(OC)c2c(c1)C(C)C(c1cc(OC)c(O)c(OC)c1)O2,[ 0.6803239   0.3115754  -0.3522865  -0.7560153  -0.17920281]
O=C([O-])c1cc(N=Nc2ccc(S(=O)(=O)Nc3ccccn3)cc2)ccc1O,[-0.5454362   0.76008743  0.02767194 -0.6711011  -0.23268491]
NC(=S)NNCNNC(N)=S,[ 0.14560723 -0.93183386 -0.76455396 -0.96280444 -0.0543125 ]
CCNC(=O)CSP(=S)(OC)OC,[ 0.39326897  0.8926366  -0.73589003 -0.7943278  -0.18141927]
c1cc2c(c(N3CC[NH2+]CC3)c1)OCCO2,[ 0.4369518   0.763242   -0.63527596 -0.6245673   0.1797468 ]
N#CCCCCC#N,[ 0.01233914  0.81525785 -0.7951535  -0.61254567 -0.38534838]
CC(=Cc1ccccc1)CC(=O)N1CCOCC1,[-0.5729316   0.8870823  -0.6865669  -0.50855434  0.18228623]
CCCCN(N=O)C(N)=O,[ 0.24783586  0.59357345 -0.5753447  -1.          0.09814139]
N#CCCOCCC#N,[-0.2137692   1.         -0.8692052  -0.92104983  0.02454678]
COc1c2ccoc2c(OCC2OC2(C)C)c2oc(=O)ccc12,[ 0.3586251   0.8462658   0.09326115 -0.48969463 -0.00454343]
CCCCCCOCCOCCO,[ 0.02604372 -0.38586047 -0.5600391  -0.79123527  0.46806994]
C=C[Si](OC)(OC)OC,[ 0.1383993   0.7454999  -0.60502744 -0.7843764   0.11016423]
NCCCNCCSP(=O)(O)O,[ 0.22350611  0.81778383 -1.         -1.         -0.42306635]
C#CC1(O)C=CC2C3CCC4=CC(=O)CCC4C3CCC21CC,[-0.5585472   0.6512786  -0.66432846 -0.5814645   0.13567826]
CCC(=O)N(c1ccccc1)C1CC[NH+](CCc2ccccc2)CC1,[-0.1386647   0.7942165  -0.42176792 -0.25360745 -0.02258467]
COc1ccccc1Oc1c([N-]S(=O)(=O)c2ccc(C)cn2)nc(-c2ccncc2)nc1OC,[ 0.24387296  0.5191976  -0.42683142 -0.35817918  0.03880904]
NCC1CCC=CO1,[ 0.05849468 -0.07459743 -0.92380357 -0.91886264 -0.04367736]
C=CC[NH+]1CCCC1CNC(=O)c1cc2n[nH]nc2cc1OC,[ 0.05783226  0.5464889   0.1750905  -0.15495442  0.6353558 ]
CCOC(C)COC(C)CO,[ 0.59795934  0.65547645 -0.29291868 -0.4520515  -0.08252104]
CCCSP(C)(=S)Oc1ccccc1,[ 0.4414363   0.718763   -0.7878251  -1.         -0.40338174]
Cc1cnc(C)c(C)n1,[ 0.35615307 -0.04297517 -0.88202965 -0.342903    0.13405184]
O=CCc1ccccc1,[-0.13281894 -0.18083249 -0.806162    0.45844117 -0.2861854 ]
O=C(Nc1cccc(Cl)c1)Nc1nnc(-c2ccncc2)s1,[ 0.3435147   0.90922886 -0.7480312  -0.6573462  -0.08211106]
CC1(C)CC(NC2CC(C)(C)NC(C)(C)C2)CC(C)(C)N1,[ 0.410252    0.9324334  -0.7210877  -0.641776   -0.24396296]
Nn1cnc2cc3ccccc3cc2c1=O,[ 0.0493184   1.          0.23643468 -0.52125174 -0.21680436]
C=CC(=O)N(C)C,[ 0.5822389   0.6891639  -0.01213916 -0.70098    -0.2957804 ]
COc1c(Cl)ccc(Cl)c1C(=O)OCCN(CCOC(=O)c1c(Cl)ccc(Cl)c1OC)c1ccccc1,[ 0.19419844  0.51115084 -0.754517   -0.8325412   0.775792  ]
NC(=S)Cc1cccc2ccccc12,[ 2.854896e-04  5.378580e-01 -7.589888e-01 -7.034935e-01 -5.721948e-01]
Oc1c(Cl)c(Cl)cc2[nH]c(C(F)(F)F)nc12,[ 0.03871339  0.8082567  -0.85043913 -0.47758293 -0.31080285]
Nc1ccc([N+](=O)[O-])cc1N,[ 0.35865647  0.37531275 -0.5763458  -0.7361194  -0.20277788]
CC(C)(C)NC[C@H](O)COc1nsnc1N1CCOCC1,[ 0.17623422  0.9635318  -0.78315943 -0.41363436 -0.3531612 ]
CC(C)(O)c1ccc(Nc2nc3ccc(C#N)cc3[nH]2)cc1,[ 0.22439359 -0.23654024 -0.9545912  -0.37581465  0.10363228]
C=C(Cl)C(Cl)CCl,[ 0.21226172  0.13073893  0.39663252 -0.09346647 -0.25261226]
CC(C)N(C(=O)SCC(Cl)=C(Cl)Cl)C(C)C,[0.22414282 0.7648089  0.8751841  0.60415864 0.25784546]
Clc1ccc(Cl)c(Cl)c1,[-0.22364716  0.79818606 -0.7189873  -0.8433718  -0.14578138]
CC(C(=O)O)c1ccc(CC2CCCC2=O)cc1,[-0.05613096  0.7003191  -0.3254162  -0.58580565  0.00939058]
CCCCCCCC[Si](OCC)(OCC)OCC,[ 0.15805875 -0.07577229 -0.54015225 -0.08753422  0.3610594 ]
O=c1[nH]c2ccccc2n1CCCN1CCN(C(c2ccccc2)c2ccccc2)CC1,[ 0.28891155  0.8907282   0.5270229  -0.6281906  -0.05519363]
CCC(C)CCCCC(=O)NC(CCN)C(=O)NC(C(=O)NC(CCN)C(=O)NC1CCNC(=O)C(C(C)O)NC(=O)C(CCN)NC(=O)C(CCN)NC(=O)C(C(C)O)NC(=O)C(CC(C)C)NC(=O)C(CCN)NC1=O)C(C)O,[-0.19805975  0.9033068  -0.7754208  -1.         -0.13177417]
CC[C@H]1OC(=O)[C@H](C)[C@@H](O[C@H]2C[C@@](C)(OC)[C@@H](O)[C@H](C)O2)[C@H](C)[C@@H](O[C@@H]2O[C@H](C)C[C@H](N(C)C)[C@H]2O)[C@](C)(O)C[C@@H](C)C(=O)[C@H](C)[C@@H](O)[C@]1(C)O,[-0.35402596  0.87326187 -0.87392634 -0.8122563   0.01105832]
CCCCCCCCOC(C)=O,[ 0.17251606  0.9684249  -0.7207615  -0.94334805  0.85677445]
CSCCNc1nc(SCCC(F)(F)F)nc2c1ncn2C1OC(COP(=O)([O-])OP(=O)([O-])C(Cl)(Cl)P(=O)([O-])[O-])C(O)C1O,[-0.53691775  0.6998222  -0.79288405 -0.40151823 -0.2085018 ]
O=P(OCCCl)(OCCCl)OC1CC(C(Br)CBr)CCC1Cl,[-0.34008023  0.7402943  -0.960427   -0.6529795   0.05795345]
CN(CCOc1ccc(CC2SC(=O)NC2=O)cc1)c1ccccn1,[-0.20578301  0.83557487  0.39912045 -0.7187954  -0.17083378]
O=NN1CCCCC1,[-0.20857298  0.88035965 -0.95810086 -0.761905    0.39225543]
CNC(=O)Oc1ccc(CCC#N)cc1,[ 0.2012282   0.87674224 -0.66604096 -0.7525838   0.07182927]
C=C(C)C1CC=C(C)C(O)C1,[ 0.09696317  0.58254063 -1.         -0.37688798  0.30503285]
Cc1ccc(CO)cc1N(C)c1ccnc(Nc2cc(N3CCCOCC3)cc(N3CCOCC3)c2)n1,[ 0.5662267  0.8128794 -1.        -0.9502099 -0.1778577]
Clc1nc(Cl)nc(Cl)n1,[-0.15400365  0.89812356 -0.7532155  -0.8472802  -0.04183824]
O=CNC(N1CCN(C(NC=O)C(Cl)(Cl)Cl)CC1)C(Cl)(Cl)Cl,[ 0.33287266  1.         -0.74200124 -0.84692395 -0.16594349]
OCC(O)CO,[ 0.41268578  0.5008125  -0.7995207  -0.02669582 -0.4711599 ]
CCCCC(CC)COCCO,[-0.18883023  0.8108229  -0.85657614 -0.56609565  0.2153955 ]
C=CC(=O)OCC(=O)OCC,[ 0.47237206  0.99259055 -0.9910248  -0.8339296  -0.24068008]
COc1ccc2ncc(=O)n(CCN3CC[C@@H](NCc4cc5c(cn4)OCCO5)[C@H](O)C3)c2c1,[ 0.25160798  0.38488713 -0.7335847  -1.          0.11247518]
COc1cc2ncnc(Nc3ccc(F)c(Cl)c3)c2cc1NC(=O)/C=C/CN1CCCCC1,[ 0.41807458  0.81819564 -0.80733484 -0.5186976  -0.26443195]
O=C(Cl)c1cccc(C(=O)Cl)c1,[ 0.13149011  0.11414434 -0.46429554 -0.10914832 -0.09153302]
CC[C@H]1CN(Cc2cc(Cl)ccc2OCC(=O)O)CCN1S(=O)(=O)c1ccccc1,[ 0.20403011  0.8038274  -1.         -0.95537853  0.00959748]
CCOC(=O)CCC[Si](C)(OCC)OCC,[ 0.38402116  0.9416811  -0.82101464 -0.81172365 -0.1296613 ]
C[C@@H]1O[C@@H](O[C@H]2[C@H](Oc3cc(O)c4c(c3)O[C@H](c3ccc(O)cc3)CC4=O)O[C@H](CO)[C@@H](O)[C@@H]2O)[C@H](O)[C@H](O)[C@H]1O,[ 0.3896043  0.6393287 -0.7258127  0.5408188  0.1643208]
CC(C)=C1CCC(C)CC1=O,[ 0.53316253  0.91697    -0.9530052  -0.487282    0.08879559]
COc1cc(C=CC(N)=O)ccc1O,[ 0.20691046  0.6415772  -0.96090084 -1.         -0.24255142]
Cc1cc(-n2cccc2)c(S(C)(=O)=O)cc1C(=O)NC(=N)N,[ 0.3184968   0.86801046 -0.6282727  -0.74732465  0.1763388 ]
CCC(C)c1ccc(Oc2ccc(C)cc2CC(=O)O)c(Cl)c1,[ 0.40455574  0.90661204 -0.4965326  -0.6550028  -0.11020386]
NCCCCN,[ 0.42467287  0.80851597 -0.7152496  -0.66036665  0.29623842]
CCCOC(=O)c1ccc(C(=O)OCCC)nc1,[ 0.23038122 -0.51727754 -0.96855545 -0.497479    0.18889964]
CO/N=C(/C(=O)NC1C(=O)N2C(C(=O)[O-])=C(C[N+]34CCC(C(N)=O)(CC3)CC4)CSC12)c1nsc(N)n1,[-0.05462547  0.9976175  -0.98165286 -0.8359162   0.21960926]
OCCOCCN1CCN(C(c2ccccc2)c2ccccc2)CC1,[-0.11611819  0.7677548  -0.7384141  -1.         -0.3727825 ]
CCC(C)N(C)C(=O)c1cc2ccccc2c(-c2ccccc2Cl)n1,[ 0.10322805  0.7715377  -1.         -0.7414406  -0.30901968]
CC(C)OCCCO,[ 0.5143506   0.8287293  -0.85229445 -1.          0.20665042]
CCCOCCOC(=O)C1=C(C)NC(C)=C(C(=O)OCCOCCC)C1c1cccc([N+](=O)[O-])c1,[ 0.53284556  0.8579541  -0.8524614  -0.35832113 -0.6770108 ]
CC(C)NCC(O)COc1ccc(COCCOC(C)C)cc1,[-0.6070654   0.9098592  -0.90063155 -0.5198155   0.26569155]
CC(CN1CC(=O)NC(=O)C1)N1CC(=O)NC(=O)C1,[-0.58502555  0.69826514 -1.         -0.95921034 -0.12138801]
CC(=O)N(C)C,[ 0.5964347   0.23750722 -0.7138123  -0.6859114  -0.4423245 ]
CCCCOC(C)OCCCC,[ 0.09127725  0.7968679  -0.42843166 -0.7193461  -0.1717656 ]
CCCCCC(O)C=CC1C(O)CC(O)C1CC=CCCCC(=O)O,[ 0.14159726 -0.61139804 -0.7546301  -0.42971689  0.9095033 ]
CCOc1cc(OCC)c(C(=O)CCC(=O)O)cc1OCC,[ 0.17918234  0.8541226  -0.88593847 -0.88473725  0.17680609]
COc1ccc(C(Oc2ccccc2)C2=NCCCN2)cc1,[-0.24383269 -0.74999005 -0.4252854  -0.6300127  -0.07901519]
C=COCCOC,[ 0.0599709   0.88270295 -0.9248787  -1.          0.80262065]
O=[N+]([O-])c1ccccc1Cl,[-0.03248116  0.87686855 -1.         -0.5476756   0.19388984]
CCc1nn(C2CCCC2)c2c1CCn1c(-c3cccs3)nnc1-2,[ 0.34982708  0.86078805 -0.32034212 -0.4615471  -0.15222988]
O=C1COc2ccc(CNC3CCN(CCN4C(=O)COc5ccc(Cl)cc54)CC3)nc2N1,[ 0.58878183  0.61665565 -0.7807667  -0.67740196  0.31840894]
O=C(O)C1N=C(c2ccccc2)c2cc(Cl)ccc2NC1=O,[-0.15867238  0.3896364  -0.64462936 -0.50268507  0.1744631 ]
CC(c1ccccn1)c1c(CC[NH+](C)[14CH3])sc2ccccc12,[-0.49650866  0.7089534   0.84779847 -0.16088334  0.19252175]
C/C([O-])=C(\C#N)C(=O)Nc1ccc(C(F)(F)F)cc1,[ 0.43536344  0.623683   -0.6658846  -0.78983825  0.05027799]
CCCCCCOC(=O)C(O)c1ccccc1,[ 0.36457208  0.7325117  -0.67321056 -0.73207384 -0.42720562]
C[C@H](CSN=O)C(=O)N1CCC[C@@H]1C(=O)O,[ 0.49387413  0.7605237  -0.92381656  0.23821515 -0.14070104]
CCNc1nc(NC(C)C(C)C)nc(SC)n1,[ 0.4640822   0.7587858  -0.7578628  -0.6936638   0.12283324]
CCN(CC)CCO,[ 0.3026944   0.93719435 -0.7982366  -0.83552134 -0.15539327]
CN1CCCCC1CCN1c2ccccc2Sc2ccc(S(C)=O)cc21,[ 0.28296062  0.69904083 -0.90277255 -0.76958597 -0.18958986]
COc1ccc(NC(=O)c2ccnc(N)n2)cc1,[-0.24496584  0.85403734 -0.78458935 -0.47467873 -0.0204164 ]
CCOP(=O)(NC(C)C)SCC(=O)NCOC,[ 0.23963453  0.5635939  -0.4746411  -0.45524922 -0.04828658]
C=CC1=C(C)/C(=C\c2[nH]c(Cc3[nH]c(/C=C4/NC(=O)C(C)=C4C=C)c(C)c3CCC(=O)O)c(CCC(=O)O)c2C)NC1=O,"[-1.2852555e-05  6.8989009e-01 -4.0317455e-01 -9.3334073e-01
 -6.9431640e-02]"
CC(C=O)=Cc1ccco1,[ 0.08023073  0.8409614  -0.81525195 -0.76154387 -0.2408672 ]
Cc1cn([C@H]2CCCN([C@H](CC(C)C)c3ccc(C(=O)O)c(Oc4cccc(Cl)c4)c3)C2)c(=O)[nH]c1=O,[ 0.00849752  0.7653715  -0.8324538  -1.         -0.3625735 ]
CN1CCN2c3ncccc3Cc3ccccc3C2C1,[ 0.2798367   0.9209807  -0.38772258 -0.54256666 -0.60554487]
CC(C)Cn1c(=O)n(C)c(=O)c2c(C(=O)N3CC[C@@H](O)C3)c(Cc3c[nH]c4ccccc34)sc21,[ 0.6540073   0.6168404  -0.70230365 -0.5190393   0.10541588]
CN=C=S,[ 0.5524866   0.5691504  -0.7793056   0.3360527  -0.20665486]
Cc1cc(OC(=O)N(C)C)n(-c2ccccc2)n1,[-0.264825    0.8227927  -0.6776899  -0.6461463  -0.12978938]
O=c1cc(Cn2c(C3CCC3)nc3nccnc32)c2ccc(F)c(F)c2[nH]1,[-0.12550221  0.8845825  -0.3854386  -0.5390852  -0.37874496]
Cc1cccc(C)c1NC(=O)C1CCCC[NH+]1C,[ 0.32060063  0.8429032  -1.         -0.6275841   0.49027637]
Cc1cnc(NC(=O)C2=C(O)c3ccccc3S(=O)(=O)N2C)s1,[ 0.20699522 -0.49099675 -0.86135155 -0.8008773  -0.12780678]
CNC(=O)Oc1ccccc1C1OCCO1,[ 0.24016207  0.8180795  -0.2712243  -0.49677822 -0.13341919]
Nc1ccc(Cl)cc1Cl,[ 0.07186188  0.6489493  -0.86289364 -0.5553002  -0.00727402]
C[C@@H]1NC(=O)[C@H](C)N(C)C(=O)[C@@H](C)N(C)C(=O)[C@H](C)NC(=O)[C@@H](C)NC(=O)[C@@H](C)N(C)C1=O,[ 0.2991945   0.9247624  -0.09540954 -0.49244574 -0.15663485]
ClCC1C(CCl)C2(Cl)C(Cl)=C(Cl)C1(Cl)C2(Cl)Cl,[ 0.44985634  0.8456353  -0.69741434 -0.5272498  -0.05691691]
Cc1cnc(C(=O)c2ncnc3[nH]ccc23)c(NS(=O)(=O)c2ccc(Cl)c(C(F)(F)F)c2)c1,[-0.28675798  0.8368831  -0.77501845 -0.4773758   0.24253167]
CCCSP(C)(=S)Oc1ccc(Cl)cc1Cl,[ 0.52897614  0.7626346   0.04063597 -0.36925378 -0.22833727]
C[N+](C)(C)[NH2+]CCC(=O)[O-],[-0.20391798  0.88042665 -0.69962215 -1.          0.7609212 ]
COc1ccc2c3c1OC1C(O)C=CC4C(C2)[N+](C)([O-])CCC341,[ 0.0332167   0.93217015 -0.9935868  -0.7427514  -0.20061392]
O=C(c1csc2c1CCCC2)N1CCCCC1,[ 0.08309007  0.80308735 -0.6151646  -0.70239836 -0.02827147]
Cc1cn([C@H]2CCCN(S(=O)(=O)c3ccc(C(N)=O)c(Oc4cccc(Cl)c4)c3)C2)c(=O)[nH]c1=O,[ 0.08294837  0.53778505 -0.649936   -0.95679    -0.16153204]
COCOCCO,[ 0.10967693  0.55265504 -0.7502603   0.3186769   0.02686384]
O=C(CCCCCCC(=O)Nc1ccccc1)NO,[ 0.00855926  0.18553196 -0.87746495 -0.9586826  -0.3000242 ]
C[C@@H]1NC(=O)[C@@H](C)NC(=O)[C@H](C)N(C)C(=O)[C@@H](C)N(C)C(=O)[C@@H](C)NC(=O)[C@H](C)N(C)C1=O,[-0.29340312  0.520596   -0.771265   -0.8291228   0.20897153]
CC(=O)Oc1cc(C(F)(F)F)ccc1C(=O)O,[ 0.3920296   0.8011531  -0.85437524 -0.6067308  -0.01258716]
COc1ccc(C[C@@H]2c3cc(OC)c(OC)cc3CC[N@+]2(C)CCC(=O)OCCCCCOC(=O)CC[N@@+]2(C)CCc3cc(OC)c(OC)cc3[C@H]2Cc2ccc(OC)c(OC)c2)cc1OC,[-0.26684597  0.46690387 -0.23996045 -0.49133646  0.03980255]
CC(C)=CC1C(C(=O)OC(C#N)c2cccc(Oc3ccccc3)c2)C1(C)C,[-0.04128129  0.65362936 -0.8696417  -0.45973042  0.4981356 ]
CCCC1CC(C(=O)NC(C(C)Cl)C2OC(SC)C(O)C(O)C2O)[NH+](C)C1,[ 0.03334159  0.6224188  -0.7510703  -0.8802552   0.03207178]
CCC(=O)NCCC1CCc2ccc3c(c21)CCO3,[-0.02644329  0.18295835 -0.84912026 -0.503638   -0.17804769]
COc1cc(OC)c(S(=O)(=O)N2c3ccccc3CCC2C)cc1NC(=O)CSCC(=O)O,[-0.01604674  1.         -0.51201785 -0.77296317  0.55194074]
Cc1ccc(S(=O)(=O)N(C)C(=O)N2CCC(N3CCC(Oc4ccc(Cl)c(Cl)c4)CC3)CC2)cc1,[-0.10823525 -0.6460447  -0.73913646 -0.9387901  -0.20158187]
CC(C)(C)NCCO,[ 0.49261636  1.         -0.67918366 -0.4620853  -0.46326584]
C=CN(C)N=O,[ 0.00337768  0.13834758 -0.74564254 -0.33099228 -0.17201157]
COP(=S)(OC)Oc1ccc(C#N)cc1,[ 0.17632072 -0.31333366 -0.6714518  -0.62992185  0.06649752]
CN(CC#N)N=O,[ 0.02551494  0.85818326 -1.         -0.8934291  -0.24091087]
C[C@@H](N/C(=N\c1ccncc1)NC#N)C(C)(C)C,[ 0.08209838  0.78253406 -0.94796306 -0.95618474 -0.37285924]
CC1(C)SCN(C(=O)C2(Oc3ccc(Cl)cc3)CCCCC2)C1C(=O)O,[ 0.02261578  0.28765982 -0.6378672  -0.65857893 -0.3863308 ]
COP(=S)(OC)SCSCC=C(Cl)Cl,[-0.01089124 -0.03397642 -0.0520138  -0.76289314 -0.106037  ]
CCCCCNCCCCC,[ 0.47405285 -0.34564492 -1.         -0.19400252 -0.07691339]
CN(C)CCCC1c2ccccc2Nc2ccc(Cl)cc21,[ 0.0312117   0.8477759  -0.7804955  -0.8367381  -0.13827157]
O=C(OCCc1ccccc1)c1ccccc1,[ 0.44657177  0.51869017 -0.83538926  0.14039837  0.05821363]
COC(=O)C1=C(C)NC(C)=C(C(=O)OCCN(C)Cc2ccccc2)C1c1cccc([N+](=O)[O-])c1,[ 0.10844477  0.825511   -0.7180976  -0.83431196  0.56933206]
BrC(Br)Br,"[-4.2766650e-04  3.3963355e-01 -4.8854208e-01  9.6585149e-01
  5.5919790e-01]"
CCOP(=S)(OCC)OC(C)CC,[ 0.10421511 -0.06139647  0.73894876 -0.8556202  -0.23074825]
FC(F)(F)c1nc2cc(Br)c(Cl)cc2[nH]1,[ 0.29620042  0.8233596  -0.7443657  -0.18798493  0.24951306]
Cc1cc(Cl)ccc1OCC(=O)O,[ 0.26211026  0.82266915 -1.         -0.79931575  0.11753684]
CN1CCN(C2=c3ccccc3=Nc3ccc(Cl)cc3N2)CC1,[-0.0100436   0.7534745  -0.83911246 -0.18424919 -0.21051466]
CC(C)(C)c1nnc(NS(=O)(=O)c2ccccc2)s1,[ 0.23265989  0.84643936 -0.7363035  -1.          0.37227273]
CC(=O)OC(C(Cl)(Cl)Cl)P(=O)(Oc1ccccc1)Oc1ccccc1,[-0.17550716  0.02989683 -0.03661302 -0.72702664 -0.03479543]
CCCCCCCCCCCC(=O)OCC(O)C1OCC(O)C1O,[-0.10187349  0.43806672 -0.7211382  -0.07592175 -0.0832729 ]
Cc1cnc(NCCCN(C)C)c2c1[nH]c1ccc3cc(O)ccc3c12,[ 0.28908882  0.9447096   0.22302394 -0.79643494  0.15366666]
Cc1ccc(-c2ccccc2)cc1,[-0.04985102  0.59698874 -0.9327064  -0.73896986  0.06449355]
CCCSP(C)(=S)OP(C)(=S)SCCC,[ 0.20316866  0.7754675  -1.         -0.9024335  -0.00380682]
Cc1cccc([N+](=O)[O-])c1[N+](=O)[O-],[-0.3697525   1.         -0.484544   -0.5794908   0.41415614]
C=C(OP(=O)(OC)OC)P(=O)(OC)OC,[ 0.1567962   0.9239947  -0.6574511   0.39512947  0.11831073]
CCc1ccc2[nH]c(C(F)(F)F)nc2c1,[ 0.26981118 -0.11566634 -0.8698277  -0.9227265   0.0441328 ]
CC(=O)Nc1ccc(C)c(NS(=O)(=O)C(F)(F)F)c1,[ 0.40490168  0.78663486 -0.7343991  -0.80793285 -0.32760188]
COc1ccc(-c2cc(=O)c3ccc(OC)cc3o2)cc1,[-0.02016209  0.78992647 -0.8415394  -0.05402783  0.24188676]
CCc1cccc(CC)c1N,[-0.03588817  0.7266378  -0.6689016  -0.80836326 -0.14775802]
O=[N+]([O-])c1ccc(Cl)c([N+](=O)[O-])c1,[ 0.5831404   0.9175476  -0.8317462   0.57226396 -0.06098063]
CCOc1ccccc1OC(c1ccccc1)C1C[NH2+]CCO1,[-0.18455754  0.8977475  -0.46947885 -0.8189397  -0.4930268 ]
CCCCCCCCCCCCCCCCCC(=O)Cl,[ 0.5627524   0.95444065 -0.9714787  -0.783119   -0.27075845]
C=CS(=O)(=O)CCCCCC,[ 0.05713077  0.8883445   0.6462372  -0.6047957   0.41707084]
O=C(CCC(=O)OC1CCCCC1)OC1CCCCC1,[-0.04065716  0.8850847  -0.62481886  0.01189229 -0.28532377]
Nc1nc2ccc(OC(F)(F)F)cc2s1,[-0.89043134  0.75750804 -0.88929826 -0.04778888 -0.22783872]
O=CCCCC=O,[ 0.29530638  0.8575508  -0.06660008 -0.873098   -0.43662006]
COC(=O)C(C(C)=O)C(C)=O,[ 0.206835    0.7077358  -0.73899174 -0.8838251  -0.16465648]
C[C@@H]1O[C@@H](O[C@@H]2[C@@H](O)[C@H](OCCc3ccc(O)c(O)c3)O[C@H](CO[C@@H]3O[C@H](CO)[C@@H](O)[C@H](O)[C@H]3O)[C@H]2OC(=O)/C=C/c2ccc(O)c(O)c2)[C@H](O)[C@H](O)[C@H]1O,[ 0.37889877  1.         -1.         -0.5537966  -0.35999486]
CCCCOCCOCCCC,[ 0.4067359   0.42343745 -0.8301692  -0.88999736  0.00780666]
CC(C)(C)c1ccc(C(=O)O)cc1,[ 0.4766504   0.4781979  -0.64875877 -0.27325386  0.15931158]
CN(C)C(Cc1ccccc1)c1ccccc1,[ 0.58605915  0.9510842  -0.93645084 -0.82729983 -0.24958466]
CCCCCCC(N)C(=O)N[C@@H](Cc1c(C)cc(O)cc1C)C(=O)N1CCC[C@@H]1C(=O)N[C@@H](Cc1c[nH]c2ccccc12)C(=O)N[C@@H](Cc1ccccc1)C(N)=O,[-0.02578307  0.68271697  0.23711216 -0.61826503 -0.34233943]
CCCCOP(=O)(O)OCCCC,[ 0.4397366  -0.6743038  -0.6319026  -1.         -0.30542603]
C=C1CC1CC(N)C(=O)O,[ 0.03867806  0.73218364 -1.         -0.31344935  0.3782853 ]
C1=CCCC=CCCC=CCC1,[-0.21559462  1.         -0.53368056 -0.88939065 -0.4182763 ]
Nc1cc[n+]([O-])cc1,[-0.03610405  0.8962298  -0.74793744 -0.71481395  0.7665251 ]
C=C(Cl)C#N,[ 0.26411232  0.13066313 -0.87823623  0.37199372 -0.3200558 ]
O=C(NCCNCC(O)COc1ccc(O)cc1)N1CCOCC1,[ 0.11251542  0.70128524 -0.9937183  -0.9371528  -0.24360779]
CCOP(=S)(OCC)OC(=CCl)c1ccc(Cl)cc1Cl,[ 0.34612772  0.27374935 -0.46374604  0.870402    0.65645564]
CC(=O)Oc1cccc(Oc2ccc(C(F)(F)F)cc2Cl)c1,[ 0.29308414  0.91205454 -0.7378018  -0.8264541  -0.45805436]
CC(CO)Oc1ccccc1,[-0.03688311  0.7283054  -1.         -0.6412707  -0.6054112 ]
CC(=O)NCCCS(=O)(=O)[O-],[ 0.03020519  0.10390757  0.14068079 -0.39262098  0.65778404]
COCCN(C(=O)CCl)c1c(C)cccc1C,[ 0.00373268  0.58495027 -0.6470612  -0.5002017   0.7922503 ]
C1CSCCO1,[ 0.28054142  0.44395325 -0.65623564 -0.5964106   0.02067493]
Cc1ccc(S(=O)(=O)Nc2c(C(=O)N[C@@H](C)C(C)(C)C)c(C)nn2C(C)C)cc1,[-0.36091688  0.9489083  -0.8289845  -0.75323224 -0.48617265]
Cc1nc(N)nc(N)c1-c1ccc(Br)cc1,[ 0.1672136   0.9995817  -0.8215742  -0.77804637 -0.464249  ]
COP(=O)(OC)Oc1ccc([N+](=O)[O-])c(Cl)c1,[-0.10140261 -0.5098968  -0.30407444 -0.58611375 -0.20093414]
C#CC(C)(C)O,[-0.10590759  0.5741711  -0.8090248   0.36885232 -0.11196772]
CC(C)(C)OC(=O)N1CCN(c2ncc(OCc3ccncc3)cn2)CC1,[ 0.17661414  0.94325495 -1.         -0.559599    0.00742665]
O=C(Cc1cccs1)N[C@@H]1C(=O)N2C(C(=O)[O-])=C(C[n+]3ccccc3)CS[C@H]12,[ 0.53205824  0.64445955 -0.8383236  -0.38281104  0.05961623]
CCOCCCO,[ 0.11284421  0.87688464 -0.79150623 -0.5586324   0.34684548]
CCCN(CCC)c1c([N+](=O)[O-])cc(S(N)(=O)=O)cc1[N+](=O)[O-],[ 0.4049995  -0.16821401 -0.6068323  -0.731097   -0.13505143]
O=C(Oc1ccccc1)c1ccccc1C(=O)Oc1ccccc1,[ 0.29455462  0.16659445 -0.82610345 -0.5939694  -0.07060536]
C[S+]([O-])Cc1ccc(C(=O)Nc2ccc(OCCOCCO)nc2C(=O)NCC2CCC2)c2ccccc12,[ 0.31295684  0.856106   -0.780743   -0.45526978 -0.3561797 ]
COc1ccc(CC2NCC(O)C2OC(C)=O)cc1,[ 0.04128732  0.28722325 -0.64977187 -0.3695447   0.26588592]
CC(=O)[C@H]1CC[C@H]2[C@@H]3CC[C@@H]4C[C@H](O)CC[C@]4(C)[C@H]3CC[C@]12C,[-0.37928426  1.         -0.95170856 -0.93880314 -0.3314379 ]
C=CCN1CCC23CCCCC2C1Cc1ccc(O)cc13,[ 0.32923138  0.67406404 -0.22564736 -1.         -0.29586717]
Cc1cc(Cl)ccc1OCCCC(=O)O,[ 0.2955656   0.9802722  -0.9021459  -0.67782724  0.02007823]
C[C@@H]1CN(Cc2ccc(F)cc2)CCN1C(=O)COc1ccc(Cl)cc1NC(N)=O,[-0.36911148  0.7366755   0.41601345 -0.6475962   0.588422  ]
CN1[C@@H]2CC[C@@H]1CC(OC(=O)C(CO)c1ccccc1)C2,[-0.18497677  0.95472145 -0.7507077  -0.34596765  0.52726865]
CCNC(=O)ON=C1SCOC1C,[ 0.12014806  0.8678746  -0.8808288  -0.89602786 -0.3263227 ]
Nc1ncc2cc(-c3c(Br)cccc3Br)c(N)nc2n1,[ 0.15172969  0.9534057  -0.6393226  -0.06578931 -0.23282525]
Nc1nc2c(Cc3cccnc3)c[nH]c2c(=O)[nH]1,[ 0.06087975  0.9257825  -0.21501684 -0.89736027  0.02359585]
C[NH+](C)CCC(c1ccc(Cl)cc1)c1ccccn1,[ 0.36812592  0.5833317  -0.58553016 -1.          0.14897656]
O=C(O)COc1ccc(Cl)cc1CN1CCN(S(=O)(=O)Cc2ccccc2)CC1,[ 0.38985613  0.7086399  -0.8607533  -0.63367826  0.05460339]
COc1ccc2ccc(=O)n(CCN3CCC(NCc4cc5c(cn4)OCCO5)CC3)c2n1,[ 0.14589995  0.31260592 -0.7474117  -0.631475   -0.04251953]
Clc1ccc(C(OCCN2CCCCC2)c2ccccc2)cc1,[-0.2952683   0.94308716 -0.888248   -0.8832407   0.18177792]
O=C(C(F)(F)Cl)C(F)(F)Cl,[-0.11700144  1.         -0.875727   -0.49622554  0.60470605]
O=C(CN1CCNCC1)NN=Cc1ccc([N+](=O)[O-])o1,[-0.04622428 -0.23961525 -1.         -0.8396574   0.1517469 ]
CCN(CC)CCCCCCCCCCNC(=O)Oc1ccc2c(c1)C1(C)CCN(C)C1N2C,[ 0.17115843  0.6237518  -1.         -0.6616681   0.5025888 ]
CNC(=O)c1[nH]cnc1C(=O)Nc1ccc(Cl)cc1,[-0.06075642  0.9176929  -0.7113313  -0.9290557  -0.02059322]
C[Si](C)(C)CCCC(=O)O,[-0.24729764  0.8182177  -0.92119604 -0.8165406  -0.03068339]
O=C1CCc2ccccc2O1,[ 0.42678615 -0.41100955 -0.17885171 -0.6281694   0.170401  ]
C[NH2+]C(C)C1CCC(N)C(OC2C(N)CC(N)C(OC3OCC(C)(O)C([NH2+]C)C3O)C2O)O1,[-0.03873034  0.8606831  -0.7811358  -0.54448354 -0.09057344]
CC(C)(C)c1ccc(OP2OCC3(CO2)COP(Oc2ccc(C(C)(C)C)cc2C(C)(C)C)OC3)c(C(C)(C)C)c1,[-0.15381199  0.29275668 -0.38171718 -0.00123798 -0.07358656]
CCOc1cc2nnc(C(N)=O)c(Nc3ccc(F)cc3F)c2cc1N1CCN(C)CC1,[-0.10960873  0.4119447  -0.86661536 -0.50126266  0.6066069 ]
CC(=Cc1ccccc1)C=C1SC(=S)N(CC(=O)O)C1=O,[ 0.3401167   1.         -0.64826727 -0.93271685  0.4755408 ]
CC(C)(O)c1ccccc1,[ 0.37318766  0.8323342  -0.86270255  0.22979367 -0.29620582]
CNc1c(Br)cnc2[nH]c(-c3ccc(S(C)(=O)=O)cc3)nc12,[ 0.10291632  0.8076922  -0.89320403 -0.08079312  0.7378869 ]
O=[N+]([O-])c1cc2[nH]c(C(F)(F)F)nc2cc1Cl,[ 0.5875664   0.7355864  -0.8614435  -0.68622386 -0.5198019 ]
CCCCC(CC)OCCOCCO,[ 0.39790025  0.8485227  -0.9419831  -0.54193103 -0.17080013]
CC(C)C(CCC(C)C1CCC2C3C(O)CC4CC(NCCC[NH2+]CCCC[NH3+])CCC4(C)C3CCC12C)OS(=O)(=O)[O-],[ 0.29286167  0.94861823 -0.88969517 -0.8890728   0.56705934]
COCCOCCOC(C)=O,[ 0.39468405  0.86708486 -0.5463346  -0.22285928 -0.15237482]
C#CCN(C)c1ccccc1OC(=O)NC,[ 0.36691126  0.81601006 -0.88377696 -0.6392507  -0.42216837]
CCc1nc(N)nc(N)c1-c1ccccc1,[ 0.4302086   0.570761   -0.7343353  -1.         -0.07620106]
OCc1ccccc1,[ 0.45699334  1.         -0.9543956  -0.6435098   0.2568292 ]
CCCCCCCCCCCCNC(N)=S,[-0.20753436  0.8966124  -0.8359872   0.1354163  -0.15287785]
CC(C)NCC(O)c1ccc(O)c(O)c1,[-0.03354979  0.8048947  -0.79821694  0.16074723  0.06905559]
COc1cc(C(=O)NC2CCCNC2)cc(OC)c1OC,[ 0.17335735  0.7412183   0.44934833 -0.52968615 -0.18545985]
C[C@@](N)(Cc1ccc(O)c(O)c1)C(=O)O,[ 0.17488122  0.80092335 -0.4560296  -0.7202151  -0.19360554]
CNC(=O)c1[nH]cnc1C(=O)Nc1ccc(OC)cc1,[-0.37586188  0.8826338  -0.20915245 -0.6636906   0.32944617]
Cc1ccsc1C(=CCC[NH+]1CCCC(C(=O)[O-])C1)c1sccc1C,[-0.26325285  0.63738036 -0.9186194  -1.          0.73944193]
CC#CN(CC)CC,[ 0.09889505  0.5661805  -0.9489974  -0.7037199  -0.4751705 ]
CCCOP(=O)(SCCC)SCCC,[-0.3026986   0.79163677  0.25438103 -0.7638521  -0.21808767]
CCC(C)c1ccccc1,[ 0.33876607  0.79165167 -0.8313446  -0.18449096 -0.5925625 ]
CNC(=O)c1cccc2c(Nc3ccc(NS(C)(=O)=O)cc3OC)c3cccc(C)c3[nH+]c12,[ 0.33533415  0.5613499  -0.6101776  -0.40250665 -0.38527077]
CC1(C)C2CC=C(CCO)C1C2,[ 0.1526162   0.5456487  -0.7056954  -0.4873227   0.35695523]
ClC(Cl)(Cl)c1cccc(C(Cl)(Cl)Cl)c1,[ 0.28051007  0.887438   -0.72168654 -1.          0.48276868]
CN1CN(CCO)CSC1=S,[ 0.19411997  0.59169316 -0.76347107 -0.7838408  -0.01535689]
CCC(=O)N(c1ccccc1)C1CCN(CCc2ccccc2)CC1,[ 0.13853277  0.5031953  -0.55443764 -0.7765659  -0.10483921]
C[C@@H]1CC[C@H]2[C@@H](C)[C@@H](OC(=O)CCC(=O)O)O[C@@H]3OC4(C)CC[C@@H]1[C@@]23OO4,[ 0.37952724  1.         -1.         -0.8725025   0.7369147 ]
COC(=O)c1c(Cl)cccc1-c1cnc([C@@H](C)NC(=O)C2(NC(=O)C(F)(F)F)CC2)c(F)c1,[ 0.04608076  0.46258742 -0.8532074  -0.78163713 -0.31610116]
Nc1ccc(N)cc1,[ 0.19399881  0.8509614  -0.32317862 -0.948363   -0.0285209 ]
Cc1cn([C@H]2CCCN(S(=O)(=O)c3ccc(CO)c(Oc4cccc(Cl)c4)c3)C2)c(=O)[nH]c1=O,[-0.17911224 -0.34131244 -0.7019975  -0.49628723  0.1190464 ]
CN(C)N=Nc1nc[nH]c1C(N)=O,[ 0.18644366 -0.10010121 -0.6767628  -0.19431789  0.72341937]
C[N+](C)(C)CC(O)CC(=O)[O-],[ 0.00489745  0.68001676 -0.6866492  -1.         -0.35337043]
c1ccc2c(c1)CC(N1CCN(c3cccc4c3OCCO4)CC1)C2,[-0.07071658  0.89840174 -0.7494458  -0.69676226 -0.16858803]
COc1cc(OC)c(S(=O)(=O)NCc2ccccc2N2CCC(COC(=O)CCC(=O)O)CC2)cc1NC(=O)CCC(=O)O,[-0.12841284  0.80629647 -0.8176215  -0.8898132  -0.5186212 ]
C[C@H](Cc1cccc(CC(=O)NC23CC4CC(CC(C4)C2)C3)c1)NC[C@H](O)c1ccc(O)c(CO)c1,[ 0.7195778   0.74420744 -1.         -0.2513815   0.0418812 ]
CCCCOCC1CO1,[-0.3802572   0.48350194 -0.84033126 -0.7457242  -0.4101793 ]
CC(C)c1cc(Oc2ccccc2)cc(C(C)C)c1NC(=S)NC(C)(C)C,[ 0.28770787  0.8302885  -0.7761489  -0.51753163  0.49819902]
C[NH2+]C(C)Cc1ccccc1,[ 0.1675565   0.26901114 -1.         -0.95048666  0.23923172]
CCOP(=S)(OCC)Oc1ccc([N+](=O)[O-])c(C)c1,[ 0.1123751   0.9133388  -0.93108    -0.11314412  0.0836302 ]
COP(=O)(OC)ON1C(=O)c2cccc3cccc(c23)C1=O,[ 0.04966368  0.984943   -0.7691508  -0.16554664  0.09552214]
C=CC(=O)Nc1ccc(O)cc1,[-0.28923592  0.51188904 -0.7788695  -1.         -0.00838447]
CCOP(=S)(OCC)Oc1cc(C)n(CC)c(=O)c1,[ 0.242914   0.8181814 -0.6360563 -0.8333306 -0.2574813]
c1ccc(COCc2ccccc2)cc1,[ 0.16188152  0.74981356 -0.87355596 -0.3277694  -0.15151386]
COP(=S)(OC)Oc1nc(Cl)c(Cl)cc1Cl,[ 0.21732444  0.45980287 -0.9828538  -0.91156876  0.07256488]
O=C(O)COc1ccc(C(=O)CN2CCN(C3CCNCC3)CC2=O)cc1,[ 0.54589987  0.7399661  -0.8347097  -0.70452434 -0.00784111]
Cc1ccc2c(c1)c(S(=O)(=O)c1ccc(Cl)cc1)c(C)n2CC(=O)O,[ 0.2060303   0.03297422 -0.68422365 -0.58930284 -0.13034308]
Cc1ncsc1C(=O)N(Cc1cc(=O)[nH]c2c(F)cccc12)c1cccc(Cl)c1,[ 0.2121159   0.915554   -0.96772605 -0.6852318  -0.08053987]
O=C(/C=C/c1ccc(O)c2c1C(C(=O)O)C(c1ccc(O)c(O)c1)O2)OC(Cc1ccc(O)c(O)c1)C(=O)O,[ 0.36144963  0.8096415  -0.789322   -0.03369283 -0.33543852]
Cc1ccn(C(=O)NCCCCCCCl)n1,[ 0.55577135  0.4884264  -0.44273752 -0.810274   -0.3960842 ]
CN(C)CC=C(c1ccc(Br)cc1)c1cccnc1,[-0.1506348   0.5796648  -0.6964553  -0.79981947 -0.45440933]
Cc1cc(Cl)ccc1OCC(=O)Nc1ccccc1,[-0.34028414  0.9481229  -0.80021214 -0.57627124 -0.02417485]
CNC(=O)/C=C(/c1ccc2nc(N)n(S(=O)(=O)C(C)C)c2c1)c1ccccc1-c1cccc2ccccc12,[-0.05989832  0.705989   -0.8643304  -0.8621282   0.65050745]
Cc1c(OCC(F)(F)F)ccnc1CS(=O)c1nc2ccccc2[nH]1,[ 0.46083063  0.86968964 -0.84435016 -0.8903846   0.80137974]
CC(=O)OO,[-0.17557403  0.6589467  -0.57318985 -0.9235399   0.00671335]
CC(C(O)c1ccc(O)cc1)[NH+]1CCC(O)(c2ccccc2)CC1,[-0.07380396  0.43015435 -0.87354964 -0.66278046 -0.4686209 ]
Cn1c(C2=CCN(CCCN3c4ccccc4Sc4ccc(CC(=O)O)cc43)CC2)cc(=O)n(C)c1=O,[ 0.38477775  0.9032627  -0.52598906 -0.51307786 -0.13562882]
C1CN1P1(N2CC2)=NP(N2CC2)(N2CC2)=NP(N2CC2)(N2CC2)=N1,[ 0.14809771 -0.8921793  -0.6448853  -0.12197117  0.32036206]
NC(=O)Nc1cccc2c3c([nH]c12)CCCC3,[ 0.52180237  0.32090136 -0.96961784 -0.21849826 -0.04674923]
C=C(C)C(=O)OCCOC(=O)C(=C)C,[ 0.0339077   0.08546409  0.13502792 -0.4159985   0.32358053]
CCCCCCCCCCOc1c(OC)cc(C(N)=O)cc1OC,[ 0.04657894  0.40343994 -0.6047311  -0.32987687 -0.17913882]
CC(=O)OCCOCCOCCOC(C)=O,[ 0.37807044  0.6937422   0.69995    -0.48393878  0.08691575]
CC(C)=CCCC(C)=CCCC(=CCCC(C)=CCO)CO,[ 0.4399043   0.72347265 -0.61535895 -0.81700456 -0.5805265 ]
CO/N=C(\C(=O)N[C@@H]1C(=O)N2C(C(=O)O)=CCS[C@H]12)c1csc(N)n1,[ 0.39153346  0.02850172 -0.9142684   0.13063857 -0.0049676 ]
COCCNCc1ccc(Nc2ncc3cc(-c4ccncc4)ccc3n2)cc1,[ 0.1396212   0.7931425  -0.4773341  -0.54161656 -0.39558983]
CCOC(=O)CCN(Cc1ccccc1)SN(C)C(=O)ON=C(C)SC,[-0.32767957  0.7833382  -0.8776122  -0.611222   -0.13031897]
COc1ccc(N)c([N+](=O)[O-])c1,[ 0.14803578  0.88186085 -0.8558347  -0.85268533 -0.11775913]
C=CC[N+]1([C@H]2C[C@H]3[C@@H]4CC[C@H]5C[C@H](O)[C@@H](N6CCOCC6)C[C@]5(C)[C@H]4CC[C@]3(C)[C@H]2OC(C)=O)CCCC1,[-0.19920439  0.74598134 -0.91817385 -0.8167912  -0.06667961]
O=C(Nc1cccc(Cl)c1)OCC#CCCl,[ 0.04101577  0.893058   -1.         -0.7391987  -0.08489093]
CC(C)CCI,[ 0.32711947  0.85851365 -0.7957665  -0.56057996 -0.1558377 ]
CN(C)N=Nc1ccc(I)cc1,[-0.03159477  0.07147785 -0.65921175 -0.94642425 -0.37160602]
COc1cc2ncc(C(N)=O)c(Nc3ccc(F)cc3F)c2cc1NCCN1CCCCC1,[ 0.36339554  1.         -0.94473773 -0.5456361   0.4640425 ]
Clc1ccc(C2(Cn3cncn3)OCCO2)c(Cl)c1,[-0.3318243  -0.45406887 -0.41209826 -1.         -0.03518884]
CC[C@H](CO)NC(=O)[C@H]1C=C2c3cccc4[nH]cc(c34)C[C@@H]2N(C)C1,[ 0.31748042  0.95395416 -0.71317726 -0.6998331  -0.10876188]
CN(C)C(=O)C(CCN1CCC(O)(c2ccc(Cl)cc2)CC1)(c1ccccc1)c1ccccc1,[-0.22265705  0.23227538 -0.4672807   0.30282634 -0.0237923 ]
C[C@H](CO)Nc1nc(SCc2ccccc2F)nc2[nH]c(=O)sc12,[ 0.0059387   0.6476536  -0.44339082  0.1053874   0.02085441]
O=C(O)c1ccccc1C(=O)Nc1cccc2ccccc12,[-0.3241838   0.59151274 -0.762133   -0.8565325  -0.09609109]
COC(C)C=O,[-0.9108942   0.74903035 -0.6251077  -0.864071    0.47837353]
Clc1ccc(N2N=NC3C4CC(C5N=NC45)C32)cc1,[ 0.01231709  0.6887546   0.41287407 -0.47239888 -0.33567962]
CC1CCC2(O)C3(C)CC4(O)OC2(C1O)C1(O)C3(O)C(OC(=O)c2ccc[nH]2)C(O)(C(C)C)C41C,[-0.34882036  0.88138807 -0.85605335 -0.70840704  0.0172271 ]
C#CC(C)(C)NC(=O)c1cc(Cl)cc(Cl)c1,[-0.01904795  0.89980453 -0.6871398  -0.77747786  0.00335585]
CN(C)C(=O)Oc1cccc2sccc12,[ 0.3997449  -0.14612494 -0.65959996 -1.         -0.09937523]
C=C(C)c1cccc(C(C)(C)N=C=O)c1,[ 0.15562311  0.76533306 -0.07961095 -0.6352419  -0.6776642 ]
CC(=O)SCC(=O)Nc1nc2ccccc2s1,[ 0.5307223   0.9736626  -0.7790662  -0.8532855  -0.32557517]
CC(C)(C)NC(=O)NCCN1CCCC(NC(=O)c2cc(Cl)cc(Cl)c2)C1,[ 0.40399674  0.52133584 -0.35004014  0.32857257 -0.366725  ]
CC[C@@H]1OC(=O)[C@@H](C)[C@H](O[C@@H]2C[C@](C)(OC)[C@H](O)[C@@H](C)O2)[C@H](C)[C@H](O[C@@H]2O[C@H](C)C[C@H](N(C)C)[C@H]2O)[C@@](C)(O)C[C@@H](C)/C(=N\OCOCCOC)[C@H](C)[C@@H](O)[C@@]1(C)O,[ 0.57488346  0.95348275 -0.55684584  0.39102057 -0.32691926]
CO[Si](CCCOCC1CO1)(OC)OC,[-0.28874168  0.8165595  -0.8074151  -0.49704957 -0.33537388]
OCCNCCc1ccccc1,[ 0.14045101  0.6311308  -0.7804504  -1.          0.5550746 ]
C[C@@H]1NC(=O)[C@H](C)N(C)C(=O)[C@@H](C)NC(=O)[C@H](C)N(C)C(=O)[C@@H](C)N(C)C(=O)[C@@H](C)NC1=O,[-0.24961206  0.3427855  -0.79750204 -0.7497009  -0.30925453]
Cc1cccc(Nc2ccncc2S(=O)(=O)[N-]C(=O)NC(C)C)c1,[-0.41938296  0.6834326   0.52965415 -0.8635564   0.09434903]
COC(C)COC(C)COC(C)CO,[ 0.51125324  0.4086749  -0.558982   -0.33233196  0.12038867]
CCc1cc2c(s1)-n1c(C)nnc1CN=C2c1ccccc1Cl,[-0.26497295  0.89920753 -0.7573093  -0.7172167  -0.44749996]
C=CN(CC)C(C)=O,[-0.11019872  0.97420895 -0.81813073 -1.         -0.3705226 ]
CCCCC(CC)C(=O)OC1=C(c2c(C)cc(C)cc2C)C(=O)c2ccccc21,[ 0.24689667  0.95603824 -0.7534691  -0.68000454 -0.33676854]
CCOC(=O)CCN(SN(C)C(=O)Oc1cccc2c1OC(C)(C)C2)C(C)C,[-0.41538233  0.91156733 -0.7271498  -0.7397683   0.00303518]
COc1ccc(CC(C)=O)cc1,[ 0.07001365  0.88319594 -0.8272879  -0.7746874   0.7188714 ]
Nc1ccc(S(=O)(=O)O)c2cccc(O)c12,[-0.45597643  0.82132894 -0.5638314  -0.7394431   0.41062328]
c1ccc(OP(Oc2ccccc2)Oc2ccccc2)cc1,[ 0.7481792   0.7086701  -1.         -0.62946296  0.31954563]
Cc1c(Sc2ccc(Cl)cc2)c2c(-c3ccccc3)cccc2n1CC(=O)O,[ 0.4391976   0.8588417  -0.66490656 -0.4632655  -0.6959639 ]
CCN1C(=O)C=CC1=O,[ 0.13554724  0.45472392 -0.6856325  -0.6308706   0.14014214]
CC1(C)CC2(NC(=O)N(CCCN3CCC(O)CC3)C2=O)c2cc(F)ccc2O1,[-0.7113835   0.6528364  -0.8466703  -0.57680565  0.0011327 ]
CCCSP(C)(=S)SC(CC(=O)OCC)C(=O)OCC,[-0.41838378  0.83868307 -0.7111447  -0.7914345  -0.10399967]
C=C(C)C(=O)OCCCC,[ 0.16732094  0.6763264  -0.99622536 -0.74693716  0.856967  ]
CCS(=O)(=O)c1ccc(-c2cc(Cl)ccc2OCC(=O)O)cc1,[-0.7917796   0.7418903  -0.98658854 -0.3621867  -0.04095289]
Cc1c(F)cc(C(=O)NC2CC2)cc1-c1ccc(C(=O)NCC(C)(C)C)cn1,[ 0.3387423   0.8883553  -0.64813334 -0.49829707 -0.162075  ]
CCCCCc1ccccc1O,[ 0.50312865  1.         -0.4362346  -0.71310604 -0.22614013]
CN(C)C(=O)Cl,[ 0.28217223  0.49809885 -0.6652381  -0.47244787  0.02969067]
COc1ccc(Oc2ccc(NC(=O)N(C)C)cc2)cc1,[ 0.49746433  1.         -0.5792026  -0.9606205  -0.23097919]
CC(COc1ccc(Cl)cc1Cl)C(=O)O,[-0.23091274  0.7407548  -0.6775739  -0.65872675  0.48225197]
CC1CS1,[ 0.17708242  0.97554404 -0.9323707  -0.7424839  -0.14048195]
CCCNC(=O)[N-]S(=O)(=O)c1ccc(Cl)cc1,[-0.15925948  0.9364863  -0.43296775 -0.03495975  0.17485327]
CNC(=O)ON=C(C)SCC(=O)N(C)C,[ 0.45784676  0.8028324  -0.64177895  0.44693035  0.17530617]
Cc1cc(Nc2nc(N[C@@H](C)c3ccc(F)cc3)ncc2Cl)n[nH]1,[ 0.32471767  0.769886   -0.6402303  -1.         -0.48377335]
COc1cc(C2c3cc4c(cc3C(OC3OC5COC(C)OC5C(O)C3O)C3COC(=O)C23)OCO4)cc(OC)c1O,[-0.2543804   0.77841246 -0.51648146  0.34582198 -0.2538774 ]
CCCCCCCCCCCCCCCN,[ 0.37771335  0.99422437 -0.7443581  -0.62943095  0.25535142]
CCOc1ccccc1-c1ccc(-c2nc3ccncc3c(O)c2C#N)cc1,[ 0.3243085   0.687734   -0.8086534  -0.90939015 -0.0646355 ]
Cc1cncc(C)n1,[ 0.552394    1.         -0.4214761  -0.7949621  -0.56055516]
CC1=C(CC(=O)O)c2cc(F)ccc2C1=Cc1ccc(S(C)=O)cc1,[ 0.11871414 -0.35399693 -0.640625   -0.38668352 -0.1577541 ]
Cc1cc(C)c(N)c(C)c1,[ 0.49431047 -0.55572516 -0.7422857  -0.44397068 -0.24210615]
CCCCCCN,[ 0.06217972  0.85853153 -0.5439125  -0.6424076  -0.13002232]
C1=CCC(C2OCC3(CC=CCC3)CO2)CC1,[-0.5205759   0.5404958  -0.6732423  -0.16957796  0.3922316 ]
C=CCNC(=S)Nc1ccccc1,[ 0.40090647 -0.9589292  -0.7598821  -0.4151222  -0.07258873]
O=C(CF)Nc1ccccc1,[ 0.10357686  0.8519447  -0.81012404 -1.         -0.441576  ]
CON(C)C(=O)Nc1ccc(Cl)cc1,[-0.13567868  0.7127534  -0.3653454  -0.87020224 -0.19224921]
Cc1ccc(NC(=O)c2ccc(Cl)c(C(F)(F)F)c2)cc1C(=O)Nc1cccnc1,[ 0.80820847  0.6316701  -0.624193   -0.7113415  -0.03894894]
CC=Cc1ccc(OCc2ccccc2)c(OC)c1,[ 0.33139947  0.6999571  -0.6848587  -0.91240925 -0.28839055]
COc1ccc(NC(=O)CF)cc1,[ 0.40119982  0.8135     -0.66279954 -0.66073483 -0.11442513]
Nc1cccc(N)c1,[ 0.05028969  0.92963916 -0.3745579  -0.69569737 -0.01954835]
CC(NC(C)c1ccccc1)c1ccccc1,[ 0.56201977  0.8108282  -0.7803471  -0.49030834  0.30436087]
CCC(C(=O)N1CCCCC1C(=O)OC(CCc1ccc(OC)c(OC)c1)c1cccc(OCC(=O)NCCNC(=O)COc2cccc(C(CCc3ccc(OC)c(OC)c3)OC(=O)C3CCCCN3C(=O)C(CC)c3cc(OC)c(OC)c(OC)c3)c2)c1)c1cc(OC)c(OC)c(OC)c1,[-0.00756806 -0.6470667  -0.2373748   0.04743492 -0.12682843]
CC1=C2C[C@H]3[C@@H](CC=C4C[C@@H](O)CC[C@@]43C)[C@@H]2CC[C@]12O[C@@H]1C[C@H](C)CN[C@H]1[C@H]2C,[-0.5812852   0.83153915 -0.5193137  -0.66796446 -0.15472338]
O=C([O-])CCCc1ccc(N(CCCl)CCCl)cc1,[ 0.07979823  0.92055136 -0.48281273 -0.73211765 -0.25924736]
COc1ccc2ncc(=O)n(CCN3CC[C@@H](NCc4ccc5c(n4)NC(=O)CO5)[C@@H](F)C3)c2c1,[ 0.5681961  0.9287599 -0.9145831 -0.6602634 -0.518753 ]
CSc1ccc(C(=O)c2[nH]c(=O)[nH]c2C)cc1,[ 0.14263728 -0.46969488 -0.6639179  -0.47236803  0.75297254]
CCOC(=O)COC(=O)c1cc(Oc2ccc(C(F)(F)F)cc2Cl)ccc1[N+](=O)[O-],[ 0.3289003  -0.6038979  -0.57115656 -0.439875   -0.05692511]
CC(C)c1cccc(C(C)C)c1O,[ 0.28947842  0.49501038 -0.19582173 -0.893846   -0.31037512]
O=[N+]([O-])c1ccc(C=NNC(=S)N2CCCC2)o1,[ 0.27210805  0.7451512  -0.36055198 -0.7832061   0.07759144]
COc1cc(OC)c(S(=O)(=O)N2c3ccccc3CCC2C)cc1NC(=O)COCC(=O)O,[ 0.44609004  0.7362423  -0.08035752 -0.45100665 -0.10653634]
CCC(=O)OC1C(C)OC(OC2C(C)OC(OC3C(CC=O)CC(C)C(O)C=CC=CCC(C)OC(=O)CC(OC(C)=O)C3OC)C(O)C2N(C)C)CC1(C)O,[-0.26147285  1.         -0.8010393  -0.7680252  -0.27134   ]
O=C1C(Cl)C(CCl)CN1c1cccc(C(F)(F)F)c1,[ 0.33806536  0.8424628  -0.6434123   0.17177002  0.34608266]
COC(=O)C(C)NP(=O)(OC[C@@H]1C=C[C@H](n2cc(C)c(=O)[nH]c2=O)O1)Oc1ccc(I)cc1,[ 0.29296157 -0.13697703 -1.         -0.87462646  0.16503921]
FC(F)(F)c1nc2c(Br)c(Cl)c(Br)cc2[nH]1,[ 0.1759482   0.7496793  -0.65260667 -0.664866    0.14949092]
O=C(CCl)CCl,[-0.16237906  0.6346075  -0.7718684  -0.5897254   0.87500226]
Cc1cnc(C)cn1,[ 0.3590127   0.70123446 -0.76495403 -0.18286638 -0.12864755]
CCOP(=O)(OCC)Oc1ccc(S(C)(=O)=O)c(C)c1,[-0.433168    0.85725856 -0.873288   -0.6457255  -0.14040233]
CCC(C)C(CC)C(N)=O,[ 0.45525256  0.99615395 -0.5238138  -0.7230084  -0.24195476]
O=C(NC1CC1)c1cc(-c2cccs2)on1,[-0.44963384  1.         -1.         -0.72305924  0.08077821]
S=C1NCCNC(=S)S1,[ 0.11682626  0.21526955 -1.         -1.         -0.3051175 ]
O=C(O)CCC(=O)O,[ 0.25056502  1.         -0.325693   -0.39324147  0.69215685]
O=C(NCC12CC3CC(CC(C3)C1)C2)c1cc(-n2ncc(=O)[nH]c2=O)ccc1Cl,[ 0.6247953   0.71956944 -0.8356047  -0.46219867 -0.40233928]
C[C@@H](NC1=CC(=O)CNC1)c1ccc(Nc2ncc3cc(-c4ccncc4)ccc3n2)cc1,[ 0.2152069   0.7865248  -0.66328853 -0.6486497   0.43235207]
C#CCc1ccc(COC(=O)C2C(C=C(C)C)C2(C)C)o1,[ 0.2537818   0.14090572 -0.53571016 -0.6976955   0.15462786]
CN(C)NC(=O)CCC(=O)O,[ 0.22250746  0.24179296 -0.81194144 -0.59388673 -0.0643441 ]
C=CCc1ccc(OC(C)=O)c(OC)c1,[ 0.46891028  0.94633764 -0.8723102  -0.65062875  0.38134316]
COc1ccccc1NC(=O)CC(C)=O,[-0.75568926  0.95803905 -0.92711115 -0.5816857   0.26827845]
CC(C)CNC(=O)NS(=O)(=O)c1ccc(Cl)cc1,[ 0.25180432  0.75642884 -0.7509416  -0.50891286  0.82962686]
Cc1ccc2c(c1)c(-c1ccnc3cc(Cl)ccc13)c(C)n2CC(=O)O,[-0.313995    0.28816926  0.2962197  -0.9579733   0.07925382]
CCC(=O)O,[-0.30408466  0.7510727   0.01728421 -0.72140074 -0.4637037 ]
Cc1ncsc1C,[-0.1855045   0.63521314 -0.91521317 -0.9663919   0.3142176 ]
CNC(=O)ON=C1CCCC1(C)C#N,[-0.43245643  0.54636437 -0.8475546  -0.8571112  -0.02192988]
Cc1cc(-n2c(C)nc3ccccc3c2=O)n(-c2ccccc2)n1,[ 0.4825629   0.64364636 -0.50663763 -0.5426367  -0.34506404]
Cc1ccc(N=CN(C)SN(C)C=Nc2ccc(C)cc2C)c(C)c1,[ 0.17960441  0.8987002   0.06718519 -0.7239457   0.2123709 ]
CCCCCCCC(=O)N[C@@H](CCN)C(=O)N[C@H](C(=O)N[C@@H](CCN)C(=O)N[C@H]1CCNC(=O)[C@H]([C@@H](C)O)NC(=O)[C@H](C)NC(=O)[C@H](CCN)NC(=O)[C@H](CC(C)C)NC(=O)[C@@H](Cc2ccccc2)NC(=O)[C@H](CCN)NC1=O)[C@@H](C)O,[ 0.6177045  -0.6217152  -0.8130746  -0.6438745  -0.14037202]
CC(O)c1cccc(N)c1,[ 0.5436909   0.84508985 -0.62070435 -0.33321437 -0.4773243 ]
COC(=O)/C=C/CNC(=O)CN1C(=O)[C@@H](COC(=O)Nc2ccc(Cl)cc2C(F)(F)F)N=C(c2ccccc2)c2ccccc21,[-0.25058913  0.79906493 -0.6317939  -0.66299623 -0.41345933]
CC(C)CN,[-0.41608515  0.90409744 -0.83382523 -0.74437606 -0.2790461 ]
CCNC(=O)C(C)OC(=O)Nc1ccccc1,[ 0.2584767   0.7787016  -0.8451827  -0.8219473   0.57090425]
CCCP(=O)(CCC)CCC,[-0.4037281   0.8921005  -0.6369276  -0.8729532   0.07545105]
COCCOP(=O)(OCCOC)OCCOC,[-0.33008417  0.8804057  -0.6760631  -0.85779405 -0.03304748]
CCNC(=O)C=Cc1cccc(Br)c1,[ 0.16216846  0.30416667 -0.5100694   0.34850305  0.31548855]
O=C1c2cccc(S(=O)(=O)O)c2C(=O)c2c1cccc2S(=O)(=O)O,[ 0.10943145  0.59244365 -0.67153823 -0.905227   -0.21042506]
CCC(CC)(C(=O)O)c1cccc2ccccc12,[-0.20686987  0.9868325  -0.79965603 -0.9520834   0.00319677]
CNC(=O)ON=C(C)SCC(N)=O,[-0.05290022  0.22184715 -0.25970128 -0.8501665  -0.47121575]
CCN(CC)CCOCCO,[-0.2215995   0.70039034 -0.84588414 -0.6330918   0.22375299]
Cc1cc(Nc2nc(N[C@@H](C)c3ncc(F)cn3)nc(N3CCOCC3)c2F)n[nH]1,[ 0.03283996  0.78793204 -0.55760485 -0.959032   -0.177558  ]
COc1cc(OC)c(S(=O)(=O)NCc2ccccc2N2CCCCC2)cc1NC(=O)CCC(=O)O,[ 0.44850266  0.5952421   0.17894018 -0.58018976 -0.14843354]
CS(=O)(=O)c1nc(-c2ccc(F)cc2)n(-c2ccc(Cl)cc2)n1,[ 0.0080329   0.8451524  -0.60762817 -0.85815614 -0.27714843]
Cn1c(C(=O)NC2(C(=O)N[C@H](Cc3ccccc3)C(=O)NCCCN3CCOCC3)CCCC2)cc2ccccc21,[-1.          0.83321184 -0.88072294 -0.71116227 -0.32975313]
CCCNC(=N)C(OCC)c1ccccc1,[ 0.22259192  0.75295943 -0.32524246  0.22219658  0.3633175 ]
Nc1c(CC(=O)[O-])cccc1C(=O)c1ccc(Br)cc1,[-0.11761386  0.7998829  -0.68009645 -0.99763924  0.08273491]
N=C(Nc1c([N+](=O)[O-])cnc2ccccc12)N1CCOCC1,[-0.00479632  0.7161056  -0.60446805 -0.6863092   0.30713466]
C=CC(=O)OCC(CC)CCCC,[-0.04566546  0.600092   -1.         -1.          0.53827226]
O=C(/C=C/c1ccccc1)NCCO,[-0.62929267  0.7337498  -0.9361861  -0.61931425 -0.35108408]
COC(=O)c1ccccc1N=NN(C)C,[-0.11586225  0.8386647  -0.9232294  -0.5734948   0.62907434]
CCC(CCCCOC(=O)c1ccccc1)COC(=O)c1ccccc1,[ 0.33566043  0.8097539  -0.84889007 -0.6951411   0.00364967]
CC(C)OCCO,[-0.32860938  0.3681118  -0.6359855  -0.56043136 -0.11065953]
CN(C)CCCNCCCN(C)C,[ 0.21827693  0.7522443  -0.7103296   0.81634015  0.4342934 ]
CC(C)Oc1cc(-n2cnc3ccc(N[C@@H](CO)c4ccc(F)cn4)nc32)n[nH]1,[-0.46934167  0.64757127 -0.647632   -1.         -0.24900503]
CCC(CC)C(=O)OCCOCCOCCOC(=O)C(CC)CC,[ 0.2719942   0.49345064 -0.44844976 -0.67470294  0.24863197]
CN(C)C(=O)Nc1ccc(Cl)cc1,[ 0.32873216  0.73273844 -0.80648607 -0.69211626  0.29136774]
COP(=S)(OC)Oc1cc(Cl)c(Cl)cc1Cl,[ 0.46847624  0.93668693 -0.61656266 -0.84232706 -0.07920683]
O=C(Cc1ccc(Cl)c(C(F)(F)F)c1)Nc1cccc2c(=O)n(CCO)ccc12,[ 0.47650737  0.4086821  -0.8713544  -0.79420996 -0.2592253 ]
O=S1(=O)CCN(c2ccccc2)CC1,[ 0.18503368  0.88189685 -0.7969139  -0.7621231  -0.12259755]
Cc1ccc(N2CC(COc3ccc(-c4noc(C)n4)cc3)C2)nn1,[-0.2315556   0.4877295  -0.5721271  -0.9045988  -0.08708404]
CCn1cc(C(=O)O)c(=O)c2cc(F)c(N3CCN(C)CC3)cc21,[ 0.16017829  0.7242388  -0.7685169  -0.24800439  0.2739444 ]
C#CC1(O)CCC2C3CCC4=CC(=O)CCC4C3C(=C)CC21CC,[ 0.09073024  0.9110548  -0.96273804 -0.6343575  -0.19208886]
Nc1nc(O)c(Cl)c(-c2ccccc2)n1,[ 0.1933521   0.31490043 -1.         -1.         -0.4231165 ]
CCCCOC(=O)C1CC1OCCCC,[-0.00490282  0.7633595  -0.6042272  -0.7555055  -0.24340105]
S=c1[nH]cnc2nc[nH]c12,[ 0.14776416  0.20579693 -0.86535877 -0.8117576  -0.29660583]
CCC(C(=O)O)c1ccc(CC(C)C)cc1,[ 0.56718653  0.7108038  -0.6133798  -0.7218582  -0.23013648]
C=CCn1c(N)cc(=O)n(CC)c1=O,[ 0.3556254  -0.21235815 -0.4006079  -0.7937795   0.13795772]
CCOc1nc(C(Cl)(Cl)Cl)ns1,[ 0.3900138   0.78937423 -0.8033826  -0.63659286 -0.22180396]
CNC(=O)Oc1ccc(Cl)c2c1OC(C)(C)C2,[ 0.23207575 -0.5194548   0.3646068  -0.4339962  -0.38044778]
CCCCOC(=O)CC(SC(CC(=O)OCCCC)C(=O)OCCCC)C(=O)OCCCC,[-0.14431873  0.6097909  -0.67770785 -0.2697387   0.04905696]
COc1cc2nc(N3CCN(C(=O)C4COc5ccccc5O4)CC3)nc(N)c2cc1OC,[ 0.16796075  0.8327948  -0.50004923 -0.33620244 -0.4674245 ]
CNC(=O)ON=C(C)SC,[-0.27535063  0.8469553  -0.76907307 -0.55844516  0.3153671 ]
CC(=O)C1OC1(C)C,[ 0.24702786  0.7687156  -0.7797026  -0.6696975  -0.46957362]
CCC1(CC)C(=O)NCC(C)C1=O,[ 0.16091253 -0.88383657 -0.4348377  -0.8169586   0.24647263]
CCCN(N=O)C(N)=O,[-0.3313442   0.9444348  -0.8745669  -0.68062836  0.08782738]
O=c1oc(-c2ccccc2)nc2ccccc12,[ 0.09379248  0.97156405 -0.59229606 -0.7476104   0.3801458 ]
CNC(=N)c1cccc(CC(CC(=O)N2CCC(C(=O)O)CC2)NS(=O)(=O)c2ccc3ccccc3c2)c1,[ 0.19345285  0.54375345 -0.66229725  0.2855935  -0.2548802 ]
O=C1CC(N2C(=O)c3ccccc3C2=O)C(=O)N1,[-0.06374861  0.01556788 -0.53906125 -0.61572516 -0.13680945]
CCOC(=O)c1ccc(C#Cc2ccc3c(c2)C(C)(C)CCS3)nc1,[ 0.05745398 -0.48243737 -0.5813352   0.02892983 -0.5412992 ]
CCP(=O)(OC)SC,[ 0.01374207  0.49136418 -0.75144404 -0.90831256  0.4824247 ]
CC#CCC(C)C(O)C=CC1C(O)CC2Oc3c(CCCC(=O)O)cccc3C21,[-0.12914954  0.7611393  -0.35316756 -0.6266588  -0.5534182 ]
CC(=O)C1(O)Cc2c(O)c3c(c(O)c2C(OC2CC(N4CC4)C(OS(C)(=O)=O)C(C)O2)C1)C(=O)c1ccccc1C3=O,[-0.07811029  0.9548004  -0.7386845  -0.27966008 -0.30388534]
CCN(CCO)c1cccc(C)c1,[ 0.01738424 -0.52566314 -1.         -0.46944782  0.5161137 ]
FC1(F)CC(C2CC3(Cl)C(Cl)=C(Cl)C2(Cl)C3(Cl)Cl)C1(F)F,[ 0.5389259   0.33698806 -0.8015977   0.31497195 -0.05324499]
Cc1cccc(C)c1CCNC(N)=O,[-0.3328223   0.8794468  -0.803428   -0.8454562   0.39202854]
CN(c1ccc(F)cc1F)c1c([N+](=O)[O-])cc([N+](=O)[O-])cc1C(F)(F)F,[-0.23088934  0.39870927 -0.41704154 -0.56852776  0.8443765 ]
CC(C)C(O)(c1ccc(OC(F)(F)F)cc1)c1cncnc1,[-0.09255076  0.38598672 -0.84595734 -0.72281295  0.22468542]
CC(=O)N(C)c1ccc2ccn(-c3cc(NC4CC4)n4ncc(C#N)c4n3)c2c1,[ 0.15783688 -0.46694142 -0.5709848  -0.4775096   0.05860807]
COc1ccc(C(=O)Nc2ccccc2CCC2CCCCN2C)cc1,[ 0.5301608   0.77550626 -0.71306926 -0.83029956  0.760044  ]
O=c1cc(N2CCOCC2)nc2n(Cc3cccc(Cl)c3Cl)ccn12,[ 0.42663088  0.6994018  -1.         -0.39976504  0.21770151]
CN(C)C(=O)Nc1cc(C(C)(C)C)on1,[-0.5031524   0.92781144 -0.69329584 -0.6896695  -0.09312271]
N=C(N)Nc1nc(CSCCC(=N)NS(N)(=O)=O)cs1,[-0.02070233  1.         -0.8177886  -1.          0.13889769]
CN(C)S(=O)(=O)CCCCCNC(=O)N(CCCl)N=O,[-0.21858467  0.7900289  -0.7869578  -0.81277883 -0.338748  ]
FCOC(C(F)(F)F)C(F)(F)F,[ 0.07150248  0.6326324  -0.7819646   0.6266507   0.24155903]
COP(=O)(SC(C)C)SC(C)C,[-0.6633023   0.7100008  -0.19676393 -0.00183319 -0.4237858 ]
COc1cc(N)c2c(c1N)C(=O)c1ccccc1C2=O,[-0.09577527 -0.2935746  -0.5546665  -0.9408749   0.01766571]
Cc1cc(OC(=O)N(C)C)n(C(C)C)n1,[-0.30974433  0.8948393  -0.448191    0.51520294  0.15508473]
Nc1cc2c(S(=O)(=O)O)cc(S(=O)(=O)O)cc2cc1S(=O)(=O)O,[ 0.4518711   0.90542954 -0.9257873  -0.69518566 -0.12093932]
Cc1cc(=O)n(CSP(=S)(OC(C)C)OC(C)C)nc1Cl,[-0.1023826   0.78274506 -0.8668036  -0.99323785  0.06383839]
COc1cccc(OC)c1O,[-0.28928596  0.6436344  -0.3411593  -0.57673216 -0.11844144]
Cc1cc(=O)nc(SCc2ccccc2N(C)C)[nH]1,[ 0.09205426  1.         -0.71218735 -0.9471935  -0.34462506]
CN(C)c1ccc(C(O)(c2ccc(N(C)C)cc2)c2ccc(N(C)C)cc2)cc1,[ 0.47062117 -0.14996773 -1.         -0.60269403  0.3624432 ]
CCCCCC(=O)O,[ 0.2729091   0.7311032  -0.7766353  -0.8317736  -0.38576633]
Cc1cc(Nc2cncc(N[C@@H](C)c3ccc(F)cn3)n2)n[nH]1,[ 0.14761102  0.00496474 -0.892105   -0.82966536 -0.29765275]
Clc1cc(Cl)cc(Cl)c1,[ 0.61942005 -0.527644   -0.5440089  -0.58692294  0.69040793]
O=[N+]([O-])c1cc(C2CCCCC2)c(O)c([N+](=O)[O-])c1,[ 0.36226687  0.74184066 -0.851253   -0.6358259   0.20194007]
Cc1ncccc1Oc1ncnc(OC2CCN(C(=O)OC(C)C)CC2)c1C,[ 0.09865165  1.         -0.98123986 -0.952373   -0.04140737]
CC(=O)NC(CS)C(=O)[O-],[-0.00554557 -0.36561635 -0.52119726 -0.68300635  0.04254784]
CC(O)C#N,[ 0.53318214 -0.57658136 -0.5210595  -0.5666117   0.01652921]
CCC(C)(CC)c1cc(N)on1,[ 0.15942699  0.79889894 -0.52250254 -0.5991675  -0.21672954]
COc1nc(C)nc(Cl)c1NC1=NCCN1,[ 0.13429953  0.7116153  -0.8058454  -0.5068406  -0.29017523]
Nc1ccc(Cl)cc1,[ 0.41841274  0.8626878  -0.70214003 -0.84987056  0.15992975]
CCC(C)OC(CBr)c1ccc(Cl)cc1,[-0.69027925  0.91158545 -0.7797055  -0.68695045 -0.40511188]
O=C(Cl)C=CC(=O)Cl,[ 0.48101628  0.7802739  -0.85186434 -0.2118842  -0.27663445]
O=c1c(Cl)c(Cl)cnn1-c1ccccc1,[ 0.04589829  0.89774257 -0.5181509  -0.4193782  -0.10621676]
COC(=O)C1=C(C)NC(C)=C(C(=O)OCCN(C)Cc2ccccc2)C1c1cccc(N(O)O)c1,[-0.00900108  0.99361086  0.27314782 -0.7455638  -0.17478105]
C[C@H](Cn1cnc2c(N)ncnc21)OCP(=O)(O)O,[ 0.4556405   0.22663647 -0.21646674 -1.          0.53695667]
COC(=O)C(C)N(C(=O)Cc1ccccc1)c1c(C)cccc1C,[ 0.03494218 -0.03692694 -0.63471717 -0.68314254 -0.18104856]
ClCCCBr,[ 0.20672363  0.19897944 -0.02191709 -0.25345784  0.02121484]
CC([NH3+])Cc1ccccc1,[-0.02940999  0.40573803 -0.77123886 -0.78372294 -0.38900173]
CC(C)Nc1nc(Cl)nc(NC(C)C)n1,[ 0.51161337  0.8940957  -0.7404757  -0.30860043  0.13577019]
CCCCSN(C)C(=O)Oc1cccc2c1OC(C)(C)C2,[ 0.31693402  0.6661557  -0.27517885 -0.7248484  -0.13273768]
O=C(Cc1ccc(OCc2ccccc2)cc1)NO,[ 0.43152633  0.67359805 -0.92094827 -0.63201547 -0.12981053]
COc1ccc(CC2c3cc(OC)c(OC)cc3CCN2C)cc1OC,[ 0.16894951  0.9774279  -0.8691686  -0.9337522   0.04794408]
CCCCN1C(=O)c2cccc([N+](=O)[O-])c2C1=O,[ 0.28266415  0.54555756 -0.4387776  -0.6162673   0.5459786 ]
COc1cc2c3cc1Oc1cc(ccc1O)CC1c4c(cc(OC)c(O)c4Oc4ccc(cc4)CC3[NH+](C)CC2)CC[N+]1(C)C,[ 0.23367295  0.82986754 -0.71885914 -0.67400247 -0.24435729]
O=[N+]([O-])c1ccc(O)c(CNCCO)c1,[ 0.38809007  0.37699986 -0.90148926 -0.56747645  0.23686919]
CCCCCCCCCCCCCCCCCCOP(=O)([O-])OCC[N+]1(C)CCCCC1,[-0.1319136  -0.5397256  -0.8672236  -0.12690037 -0.4596991 ]
C=C(C)C(=O)OCCC[Si](OC)(OC)OC,[-0.13912429  0.8863553  -0.9356706  -0.87530774 -0.44187313]
CC[C@H](C)C(=O)O[C@H]1C[C@H](O)C=C2C=C[C@H](C)[C@H](CC[C@@H](O)C[C@@H](O)CC(=O)O)[C@H]21,[-0.13853343  0.7593794  -0.6713224  -0.715002    0.3867611 ]
Cc1nc(C(F)(F)F)ccc1C(=O)Nc1ccc(Cl)c(-c2ccccn2)c1,[ 0.0621858  -0.4646039   0.00304421 -0.37613976 -0.00181362]
CCSP(SCC)SCC,[ 0.09613027  1.         -0.8256088  -0.6345944  -0.3896232 ]
CN(CCCl)CCCl,[ 0.13852629  0.8367929  -0.67601466 -0.8427446  -0.00515741]
Clc1ccc(OCOc2ccc(Cl)cc2)cc1,[ 0.5205793   0.81467324 -0.4027109  -0.15157893  0.23773664]
CCN(CC)N=Nc1ccccc1,[ 0.6454335   0.3657621  -0.7796884  -0.33173487 -0.403831  ]
CC(C(=O)O)c1ccc(C(=O)c2cccs2)cc1,[-0.89084035 -0.54174006 -0.6169528  -0.21240456  0.20450835]
Cc1c(Sc2ccc(Cl)cc2)c2c(-c3cnccn3)cccc2n1CC(=O)O,[ 0.11533571 -0.48999184 -1.         -0.7711543   0.13024001]
S=C1NCCC(COc2ccccc2)O1,[-0.13394855  0.6732474  -0.8000428  -0.6941549   0.3771804 ]
Cc1ccc(C(=O)c2ccc(CC(=O)NCC(=O)Nc3cccc(C)c3C)n2C)cc1,[ 0.09429352  0.800336   -0.62043875 -0.05328713 -0.03526716]
Nc1nc(-c2ccccn2)nc(N)c1Cc1ccc(Cl)cc1Cl,[ 0.09420845  0.8230489  -0.73927814 -0.09820929 -0.47053024]
C=COC(=O)CCCCCCC,[-0.82945406  0.4969391  -0.6979965  -0.6250465  -0.05130521]
CC(=O)OC(C(=O)NC(N)=O)c1ccccc1,[ 0.37599686 -0.17191143 -0.96357524 -0.46088165  0.03841401]
SCc1ccccc1,[ 0.2365825   0.62004745 -0.59714806 -0.75847155  0.6354556 ]
COc1ccc2c(O[C@@H]3C[C@H]4C(=O)N[C@]5(C(=O)NS(=O)(=O)C6CC6)C[C@H]5/C=C\CCCCN(C)C(=O)[C@@H]4C3)nc(-c3ccc(F)cc3)nc2c1C,[ 0.3687532   0.76351666 -0.49183849 -0.7071722   0.03558497]
CC(C)OC(=O)C(C(=O)OC(C)C)=C1SCCS1,[ 0.14103162  0.64533836 -0.84228104  0.15459876 -0.45353115]
CC(C)NC(=O)c1cnc(N2CCC(N3C(=O)OCc4ccccc43)CC2)c(Cl)c1,[ 0.05803197  1.         -0.83360785 -0.7070583  -0.23197019]
CCOC(=O)c1noc(C)c1C(C)=O,[ 0.35054553 -0.29014888 -0.85283357 -0.9223887   0.14752898]
CCNC(=O)c1cc2c(-n3ccc(C(F)(F)F)n3)c(-c3cncc(-c4n[nH]c(=O)o4)c3)cnc2[nH]1,[ 0.44302928  0.94875395 -0.82339466 -0.8284069  -0.16357267]
CC(C)CCCCCN(CCCCCC(C)C)CCCCCC(C)C,[ 0.5762595   0.91263    -0.9101852  -0.15360232  0.0930292 ]
NCCNCc1ccccc1O,[-0.56063277  0.86675584 -0.6851199  -0.4896753  -0.14321327]
CC(C(N)=O)(c1ccccc1)c1ccc(N)cc1,[ 0.2478114   0.41608873 -0.8155251  -1.         -0.7045559 ]
CC(C)C1NC(=O)c2ccccc2O1,[ 0.08376702  0.8306028  -0.8140769  -0.697757   -0.3486355 ]
CC(C)OP(=S)(OC(C)C)SCn1nc(Cl)ccc1=O,[-0.8085471   0.9155664  -0.37683433  0.14784797 -0.21168788]
C/C=C(/C)C(=O)O[C@H](c1cc2ccc(=O)oc2cc1OC)[C@H](O)C(C)(C)O,[ 0.5291163  0.9036777 -0.8212882 -0.5388746  0.5442551]
CC(C)(C)NCCC(O)c1cc(C(F)(F)F)nc2c(C(F)(F)F)cccc12,[ 0.35023794  0.67254347 -0.9283817  -0.6667576   0.69817615]
CC1=NN(c2ccccc2)C(=O)C1,[-0.7156432   0.85135186 -0.6699489  -0.740195   -0.52408326]
FC(F)(F)c1nc2c(Cl)c(Cl)cc(Cl)c2[nH]1,[ 0.07356552  0.6753698  -0.7528192  -0.7605544  -0.04010697]
O=C(CCc1ccccc1)OC1=C(OC(=O)CCc2ccccc2)C(=O)OC1=O,[-0.05642619  0.8242728  -0.77910286 -0.64211994  0.490187  ]
C[C@@H]1NC(=O)[C@@H](C)N(C)C(=O)[C@@H](C)N(C)C(=O)[C@H](C)NC(=O)[C@H](C)N(C)C(=O)[C@@H](C)N(C)C1=O,[-0.13242783  0.6099304  -0.96748054 -0.50163513  0.01738944]
CON=C(C(=O)NC1C(=O)N2C(C(=O)O)=C(COC(N)=O)CSC12)c1ccco1,[ 0.03471164  0.6625113  -0.8824785  -0.82868874 -0.14184557]
CO/N=C(\C(=O)N[C@@H]1C(=O)N2C(C(=O)O)=C(COC(C)=O)CS[C@H]12)c1csc(N)n1,[ 0.48422432  0.8469581  -0.3685458  -0.8720512   0.16298404]
Brc1ccc2[nH]cc(CC3CCNCC3)c2c1,[ 0.16378872  1.         -0.53106165 -0.85549897  0.07932755]
Cc1nn(C)c(Oc2ccccc2)c1C=NOCc1ccc(C(=O)OC(C)(C)C)cc1,[ 0.07232513  0.32166156 -0.0738012   0.06077372  0.20265545]
CCN1CN(CO)C(=O)N(CO)C1,[ 0.69118685  0.39062145 -0.49849924 -0.7681027  -0.41433826]
CCOc1ccccc1C(N)=O,[ 0.87003654  0.54034555 -0.7010976  -0.7725073  -0.15712613]
CCOP(=O)(OCC)N(C)c1ccccc1,[ 0.36535957  0.8961919  -0.9872696   0.3567268  -0.07488364]
CC(=O)N[C@H](Cc1ccc2ccccc2c1)C(=O)N[C@H](Cc1ccc(Cl)cc1)C(=O)N[C@H](Cc1cccnc1)C(=O)N[C@@H](CO)C(=O)N[C@@H](Cc1ccc(O)cc1)C(=O)N[C@H](CCCNC(N)=O)C(=O)N[C@@H](CC(C)C)C(=O)N[C@@H](CCCNC(=N)N)C(=O)N1CCC[C@H]1C(=O)N[C@H](C)C(N)=O,[ 0.08623406  0.62094766 -0.15629047 -0.7945102  -0.08719553]
Cc1ccc(N=C=O)cc1,[ 0.5315665   0.30932838 -0.90723026 -0.6888491   0.68032503]
Cc1nccc(-c2ccc(-c3nc4ccncc4c(O)c3C#N)cc2)c1Cl,[ 0.07471516  0.83167887 -0.14436845 -0.45063683 -0.38203272]
Oc1ccc(O)cc1,[ 0.31035027  0.8302583  -0.57174516 -0.173229   -0.13876419]
C=CCc1cc(OC)c2c(c1)OCO2,[ 0.20685495  0.84152496 -0.73814934 -0.82805294 -0.15200694]
CC(=O)Nc1ccc(CNc2[nH]nc3ccnc(Oc4ccccc4)c23)cc1,[ 0.4634939   0.43073815 -0.61005247 -0.685395   -0.16199984]
NC(=O)CCCCC1CCSS1,[ 0.1917925   0.7565324  -0.5835119  -0.22071588 -0.03765141]
CC(CO[N+](=O)[O-])(CO[N+](=O)[O-])CO[N+](=O)[O-],[ 0.2529297   1.         -0.7591132  -0.21638578 -0.18281598]
CCC(C)(C)c1ccc(Cl)c(OC(=O)NC)c1,[ 0.19325174  0.62443966 -0.80562836  0.39253357  0.28542215]
CC(O)C(Cl)(Cl)Cl,[-0.09024677  0.89019656 -1.          0.35916317  0.05404084]
COc1ccc(-c2nc3ccc(C4=NNC(=O)CC4C)cc3[nH]2)cc1,[ 0.5544703   0.6616964  -0.00650308 -0.86965275 -0.28568074]
NCCCC[C@H](N[C@@H](CCc1ccccc1)C(=O)O)C(=O)N1CCC[C@@H]1C(=O)O,[-0.09226653  0.6581629  -0.7575031  -0.8206553  -0.33154017]
CN[C@@H](C)[C@@H](O)c1ccccc1,[-0.15138453 -0.335916   -0.7714808  -1.          0.73109114]
CN(C1CCCCC1)C1CCCCC1,[ 0.40003163  0.7041382  -0.8951239  -0.64369196  0.03185999]
C=C(OP(=O)(OC)OC)c1ccc(Cl)cc1Cl,[ 0.13495617  0.90597755 -0.93668956 -0.5918453   0.52042645]
CC#CCC(C)C(O)/C=C/C1C(O)CC2C/C(=C/CCCC(=O)[O-])CC21,[-0.5131707   0.76699525 -0.37450024 -0.4563399  -0.109885  ]
CCOP(=O)(OCC)OC(=C(Cl)Br)c1ccc(Cl)cc1Cl,[-0.00993185 -0.00455122 -0.8737247  -0.7050249  -0.3887573 ]
COc1cc2ncc(C(N)=O)c(Nc3ccc(C)cc3F)c2cc1OC,[-0.1105781   0.81800395 -0.5489975  -1.         -0.01667579]
N=C(NN=Cc1ccc(Cl)cc1)NN=Cc1ccc(Cl)cc1,[ 0.46639606  0.6613533  -0.80495065 -0.93540066 -0.12142425]
COc1c(OCc2ccc(-c3ccccc3-c3nnn[nH]3)cc2)cc(C)nc1C,[ 0.34751084  1.         -0.95766485 -0.5035783   0.38699982]
CCOP(=S)(OCC)Oc1cccc(F)n1,[ 0.08958741  0.79221725 -1.         -0.7511761   0.60412806]
Cn1cncc1CN(CCN(Cc1ccccc1)S(=O)(=O)c1ccccn1)c1ccc(C#N)cc1,[ 0.32380074  0.4130043  -1.         -1.          0.19815208]
O=[N+]([O-])OC1COC2C(O)COC12,[-0.13204877  0.83388513 -0.831567   -0.98796904 -0.50944704]
COc1cc2ncc(C(N)=O)c(Nc3cccc(Cl)c3Cl)c2cc1N1CCN(C)CC1,[ 0.00585052  0.5799732  -0.8652441  -1.         -0.37153584]
Cc1cc(Nc2nc(N[C@@H](C)c3ccc(F)cn3)c(C#N)cc2F)n[nH]1,[ 0.26454744  0.3536863  -0.9457839  -0.96560884 -0.13944428]
CCCCC(CC)CNC1CCCCC1,[-0.0302093  -0.6634006  -1.         -0.44178295 -0.04039451]
COc1cc2c3c(c1O)C1(C=CC(=O)C=C1)CC3N(C)CC2,[-0.10004914 -0.29780117 -0.893245   -0.41226923  0.16084442]
Cc1cc(Nc2nc(N[C@@H](C)c3ccc(F)cn3)c(C#N)cc2Cl)n[nH]1,[-0.28540513  0.7986021  -0.7768175  -0.5998633   0.55950576]
CCCc1c(OCc2cccn3c(=O)c(CCC(=O)O)cnc23)ccc(C(C)=O)c1O,[ 0.31087342 -0.8348067  -0.2501729  -0.6061269  -0.26167956]
CN1CCN(c2ccc3ncc(C(N)=O)c(Nc4ccc(Cl)c(Cl)c4)c3c2)CC1,[-0.02124339  0.02628418 -0.44756183 -0.503333   -0.3627179 ]
N#CC1CC2CC2N1C(=O)C(N)C12CC3CC(CC(O)(C3)C1)C2,[ 0.49627706  0.7955673  -0.7218803  -0.62218004 -0.41588172]
Nc1cc2c(cc1C1CCCCC1)CCC2C(=O)O,[ 0.40077114  1.         -1.         -0.13932012  0.01914107]
O=C1CCc2cc(C=CCN3CCN(c4ccc(Cl)cc4)CC3)ccc2N1,[ 0.4855989   0.8461025  -0.64922863 -0.11340577 -0.3243132 ]
CCCCOCCOC(C)=O,[ 0.04512523  1.         -0.8849137  -1.         -0.19065002]
O=C(O)CCCOc1ccc(Cl)cc1Cl,"[-2.8353441e-01 -4.8366684e-04 -7.6079935e-01 -6.0883409e-01
 -2.5486118e-01]"
Cc1c(C(C)C)c(=O)n(-c2ccccc2)n1C,[ 0.284388    0.80540574  0.9225463  -0.47910404 -0.4859762 ]
Oc1nc(-c2ccccc2)nc2ccccc12,[ 0.22492433  0.3108445  -0.771398   -0.8625198   0.42826006]
C[C@@H]1O[C@@H](O[C@H]2[C@@H](O)C[C@H](O[C@H]3C[C@](O)(C(=O)CO)Cc4c(O)c5c(c(O)c43)C(=O)c3ccccc3C5=O)O[C@H]2C)C[C@H](N)[C@@H]1O,[-0.40863317  0.63315535  0.50809985 -0.44869664 -0.38728058]
CCN[C@@H]1C[C@H](N)[C@@H](O[C@H]2OC(CN)=CC[C@H]2N)[C@H](O)[C@H]1O[C@H]1OC[C@](C)(O)[C@H](NC)[C@H]1O,[-0.2527174   0.80510885 -0.18569125 -0.93154985  0.11700767]
O=C(O)[C@@H](c1ccccc1)N1CCC(CN2CCC(Oc3ccc(Cl)c(Cl)c3)CC2)CC1,[ 0.5541642   0.90678984 -0.9717034  -0.02400772 -0.19982314]
CCC(=O)OCc1ccc(OC)cc1,[ 0.46727398  0.28985667 -0.83709216 -0.87081337 -0.08689407]
O=C(NCc1ccc(OC(F)(F)F)cc1)C1c2ccccc2C(=O)N1CCc1ncc(F)cn1,[ 0.49212164  0.7308004  -0.92595905 -0.66454005  0.10807568]
C1C[SiH2]C1,[ 0.3905142   0.5387466  -0.60574424 -0.8958149  -0.02896104]
COP(=O)(OC)SC(CC(=O)OC(C)C)C(=O)OC(C)C,[ 0.34277964  0.9754447  -0.64187604 -0.41197485  0.07833061]
CN1CCC(=C2c3ccccc3Sc3ccccc32)CC1,[ 0.31158096  0.9367307  -0.7285194  -0.8453462  -0.5559071 ]
Cc1cnc(-c2cc(NC(=O)c3ccc(C(F)(F)F)nc3C)ccc2Cl)[nH]1,[ 0.31134635 -0.44736573 -0.63545007 -0.50084066  0.31546566]
CC1CCC(C(C)C)C(O)C1,[ 0.00188096 -0.49985087 -0.69501877 -0.6382106  -0.02417753]
CCOC(C1=NCCCN1)c1c(Cl)cccc1Cl,[ 0.43421137  0.64154094 -0.29402283 -0.47304007 -0.23976448]
CC(=O)CCC(C)=O,[-0.02501225  0.80767083 -0.7961279  -0.9362254  -0.5453566 ]
C=CCOc1ccccc1OCC(CNC(C)C)OC(=O)C1CC1,[-0.04016434  0.9729695  -0.88418823 -0.87258637  0.23743647]
CC(=O)CCc1ccc(O)cc1,[ 0.27935997  0.9220449  -0.7818518  -0.72911644 -0.48706943]
OCCN(CCO)CCO,[-0.6952361   0.79764265 -0.7084736  -0.8381674  -0.2114146 ]
CCOC(=O)C(C)Oc1ccc(Oc2nc3ccc(Cl)cc3s2)cc1,[ 0.06720686 -0.5968804  -0.532909   -1.         -0.01148156]
C=COC(=O)CCCCC(=O)OC,[ 0.23661931 -0.47410145 -0.64104486 -0.44554606  0.92208135]
O=C(O)CCC(=O)OC1CCCCC1,[ 0.23696937  0.7876887  -0.78316003 -0.89330596  0.3497976 ]
CCC(C)(C)C1CCC(=O)CC1,[ 0.47714642  0.5702582  -0.43384156 -0.7646919  -0.08130297]
CCCCC(CC)COCCC#N,[ 0.3421946   0.75228757  0.01567117 -0.895278   -0.28056183]
COc1nccnc1NS(=O)(=O)c1ccc(N)cc1,[ 0.403485    0.86566645 -0.7556438  -0.71523106  0.0427114 ]
COc1cnc(-c2ccccc2C(F)(F)CNC(=O)c2ccc(COCC(F)(F)F)nc2)cn1,[ 0.20608829  0.08613291 -0.36467102 -0.7440164   0.05452886]
N#Cc1ccc(F)c(-c2cc(C(F)(F)F)ccc2OCC(=O)O)c1,[ 0.5256294   0.7340345  -1.         -0.10145255  0.12097682]
CC(C)[N+](=O)[O-],[ 0.6396083   0.9171079  -0.8629797  -0.6137175  -0.35537574]
CCC[C@H](NC(=O)[C@@H]1[C@H]2CCC[C@H]2CN1C(=O)[C@@H](NC(=O)[C@@H](NC(=O)c1cnccn1)C1CCCCC1)C(C)(C)C)C(=O)C(=O)NC1CC1,[ 0.5709303   0.44915068 -0.76925504 -0.7884845  -0.22698466]
CCC(c1ccccc1)c1c(O)c2ccccc2oc1=O,[ 0.23193021  0.9058159  -0.93550384 -0.9130732  -0.16282631]
COCCNC(=O)c1ccc(Nc2ncc3cc(-c4ccncc4)ccc3n2)cc1C,[-0.10001846 -0.40958163 -0.9612435  -0.40862244  0.35382727]
Cn1c(COP(=O)(NCCBr)NCCBr)cnc1[N+](=O)[O-],[ 0.09496889  0.8640562  -0.8823948   0.2977638   0.12913798]
Oc1cc(Cl)c(Cl)c(Cl)c1Cl,[-0.39039144  0.71141887 -0.95703995 -0.5066309  -0.49435884]
COc1cc(C=CC(=S)N2CCOCC2)cc(OC)c1OC,[ 0.51106435 -0.45642924 -0.5085952  -0.42050996 -0.22762427]
O=[N+]([O-])c1nccs1,[-0.00941883  0.70147985 -0.88091356 -0.7965185  -0.19004464]
OC1(c2ccc(Cl)c(C(F)(F)F)c2)CCN(CCCC(c2ccc(F)cc2)c2ccc(F)cc2)CC1,[ 0.0652      0.76789016 -1.         -0.8974472   0.23323148]
CCOC(=O)Cl,[ 0.15244775 -0.41649058 -0.2565216  -0.5925583   0.04525141]
CCCc1nnc(CSP(=S)(OCC)OCC)o1,[ 0.41060004  0.94208527 -0.383101   -0.46728814  0.11661505]
Cc1cc(-c2ccc(Cl)c(C(=O)NCC3(O)CCCCCC3)c2)nn1C[C@H](O)CN,[ 0.42233345  0.41105527 -0.9070967  -1.         -0.1223275 ]
NC(=O)[C@H](Cc1ccccc1)NC(=O)OCc1ccccc1,[ 0.355002    0.88155997 -0.8084379  -0.86482304  0.32610917]
CBr,[-0.4081741   0.7620784  -1.         -1.          0.00424563]
CCCCC(=O)N(Cc1ccc(-c2ccccc2-c2nnn[n-]2)cc1)C(C(=O)[O-])C(C)C,[-0.07003993 -0.43574956 -0.8263638  -0.79165965  0.244662  ]
Nc1ccc(F)c(F)c1F,[ 0.05815346  0.68563     0.50298905 -0.46122837  0.68627876]
Clc1cc(Cl)c2nsnc2c1Cl,[-0.521513    0.9079892  -0.84815097 -0.8840048  -0.36743852]
CO[Si](CCCn1c(=O)n(CCC[Si](OC)(OC)OC)c(=O)n(CCC[Si](OC)(OC)OC)c1=O)(OC)OC,[ 0.01318059  0.98180497 -0.7644275  -0.29749143  0.03420162]
c1ccc(C2CO2)cc1,[ 0.27083555  0.71041447 -0.17162018 -0.6654793  -0.33884418]
O=C(NC(CCc1ccc2c(c1)OCO2)CCc1ccc2c(c1)OCO2)c1ccc(Cl)cc1,[ 0.49973488  0.7835345  -0.84457374 -0.53717405 -0.10727338]
CCC(=O)OC1CCC2C3CCC4=CC(=O)CCC4(C)C3CCC12C,[ 0.68681955 -0.43779904 -1.         -0.6942239   0.96509266]
C=C(C)CN(CC)c1c([N+](=O)[O-])cc(C(F)(F)F)cc1[N+](=O)[O-],[ 0.29404387  0.05828909 -0.00581305  0.1161233  -0.03295819]
CCOP(=S)(OCC)SCC(=O)N(CCC#N)c1ccccc1,[ 0.23940983  1.         -0.77171737 -0.62930673  0.5906067 ]
COP(=S)(OC)SCC(=O)N1CCOCC1,[ 0.44153336  0.26014474 -0.6883677  -0.5301612  -0.07220598]
N#Cc1cc(Br)c(O)c(Br)c1,[ 0.16636698  0.7561076  -0.7412895  -0.83107287  0.7119109 ]
CCOc1ccc([C@@H](C)Nc2nc(N3CCN(C(C)=O)CC3)nc3c2CN(C(C)C)C3=O)cc1,[ 0.23508435  0.8293215  -0.23693007 -0.7807493  -0.09964885]
C=CCc1cc(OC)c(OC(C)Cc2cc(OC)c(OC)c(OC)c2)c(OC)c1,[-0.19743171  1.         -0.77832764 -0.11325366 -0.22469155]
CC(C)NCC(O)COc1cccc2ccccc12,[ 0.5643317   0.63765    -0.7658208  -0.83354497 -0.5163655 ]
CSC(C)=NOC(=O)N(C)SN(C)C(=O)Oc1ccc(OC(=O)N(C)SN(C)C(=O)ON=C(C)SC)cc1,[ 0.0991158   1.         -0.71534646 -0.9194213  -0.30211097]
NCC(O)CO,[ 0.21918248  0.8850644   0.45608383 -0.32116893 -0.43734017]
CNC(=N)c1cccc(CC(CC(=O)N2CCC(C)CC2)NS(=O)(=O)c2ccc3ccccc3c2)c1,[-0.5398288   0.16777502 -1.         -0.29805788  0.18799691]
CCOC(=O)c1c(C)cc2c(CO)n[nH]c(=O)c2c1C,[ 0.3205966   0.41089588 -0.67318094 -1.         -0.02661275]
Cc1cc(Nc2nc(N[C@@H](C)c3ccc(F)cn3)c(C#N)nc2C)n[nH]1,[ 0.09633665  0.22461273 -0.878914   -0.26405546  0.09723848]
O=c1cc(-c2ccc(O)cc2)oc2cc(O)cc(O)c12,[ 0.27114066  0.8716802  -0.84009814 -0.66083646 -0.33174762]
FC(F)=C(F)CCSc1ncccn1,[ 0.13160253  0.7979255  -0.7331777  -0.8188133  -0.5568398 ]
Cc1ccc(S(=O)(=O)Nc2c(C(=O)NC3CCCCC3)c(C)nn2-c2ccccc2)cc1,[-0.29912853  0.7356556  -0.5592165  -0.5362399  -0.23276392]
CC(=O)c1c(C)c2cnc(Nc3ccc(N4CCNCC4)cn3)nc2n(C2CCCC2)c1=O,[-0.500795    0.8617179  -0.83755326 -0.45962453 -0.02706522]
C=C1CC23CC1(O)CCC2C12C=CC(O)C(C)(C(=O)O1)C2C3C(=O)O,[ 0.5738478   0.83735347 -0.6139762  -0.7294434  -0.08461989]
COP(=S)(OC)SC(CBr)N1C(=O)c2ccccc2C1=O,[ 0.4422739   0.96028256  0.00907333 -0.59788305  0.11989745]
COP(=S)(OC)SCc1nc(N)nc(N)n1,[ 0.27039558  0.7883077  -0.94847894 -0.6125292   0.62378836]
CC(=O)CCCCCCCC(=O)O,[ 0.35158482  0.9818941  -0.83603525 -0.72139204 -0.23523505]
CCN(CC)c1ccc2c(C)cc(=O)oc2c1,[ 0.4265953   0.58173317 -0.81223875 -0.86888677 -0.00165982]
CCc1nc2cc(O)ccc2c(Oc2ccc(/C=C/C(=O)O)cc2)c1-c1ccccc1,[-0.20912516  0.8828621  -0.5825903  -1.          0.47340572]
CCCCCCCCC1OC1CCCCCCCC(=O)OCC1(CC)OC1CCC,[ 0.35262704 -0.43252617 -0.86555624 -0.7981347  -0.01152363]
ClCc1ccccc1,[ 0.24569184  0.9583289  -0.71516746 -1.          0.6679661 ]
COc1ccc2ncc(F)c(CCN3CCC(NCc4cc5c(cn4)OCCO5)CC3)c2n1,[ 0.00350388  0.8079195  -0.74913317 -0.8088017  -0.2866504 ]
COc1cc2c(cc1OC)C(Cc1cc(OC)c(OC)c(OC)c1)[N+](C)(CCCOC(=O)CC/C=C\CCC(=O)OCCC[N+]1(C)CCc3cc(OC)c(OC)cc3C1Cc1cc(OC)c(OC)c(OC)c1)CC2,[ 0.27493542  0.9026579  -0.71474355 -0.6998579  -0.15465222]
CN1C(=O)CN=C(c2ccccc2F)c2cc(Cl)ccc21,[-0.39688373  0.7861525  -0.88126165 -0.6156324  -0.09350114]
CC(=O)O[C@H]1C[C@@H]2CC[C@@H]3[C@H](CC[C@@]4(C)[C@H]3C[C@H]([N+]3(C)CCCCC3)[C@@H]4OC(C)=O)[C@@]2(C)C[C@@H]1N1CCCCC1.[Br-],[-0.23716782  0.8219402  -0.9977899  -1.         -0.2818624 ]
Cc1ccccc1S(=O)(=O)NC(=O)N1CCC(N2CCC(Oc3ccc(Cl)c(Cl)c3)CC2)CC1,[ 0.12084255  0.9653879  -1.         -0.721181   -0.24916726]
O=[N+]([O-])c1c(Cl)c(Cl)c(Cl)c2nc(C(F)(F)F)[nH]c12,[ 0.28602564  0.61661136 -0.8673065  -1.          0.12126658]
O=CC=CC1CO1,[ 0.36536416  0.80252373 -0.6539037  -0.88365215 -0.39343837]
C[C@@H](NC(=O)C1CCCCN1C)c1ccc(Nc2ncc3cc(-c4ccncc4)ccc3n2)cc1,[-0.0790722   0.9377624  -1.         -0.6611251   0.03361756]
CCON=C(CC)C1=C(O)CC(c2c(C)cc(C)cc2C)CC1=O,[ 0.06378262  0.78510994 -0.1436381  -0.35191515  0.7440132 ]
CC(C)(c1ccc(Oc2ccc(N)cc2)cc1)c1ccc(Oc2ccc(N)cc2)cc1,[-0.2225109  -0.25007114  0.0314505  -0.7058117   0.15788244]
CCN(CC)c1ccc(-c2nc(=O)n(C)nc2-c2ccc(N(CC)CC)cc2)cc1,[ 0.04240369  0.35757256 -0.2824101   0.45769706  0.20086654]
O=c1[nH]c2c(O)ccc([C@@H](O)CNCCSCCCNCCc3cccc(Cl)c3Cl)c2s1,[ 0.4427459   0.51667154 -0.85712314  0.33829126 -0.25641817]
C[C@@H]1NC(=O)[C@@H](C)N(C)C(=O)[C@H](C)N(C)C(=O)[C@@H](C)N(C)C(=O)[C@@H](C)N(C)C(=O)[C@H](C)NC1=O,[ 0.12740922  0.56451094 -0.9619323  -0.6655243  -0.00192576]
CNNC,[ 0.47027677  0.22038789 -0.78330725 -0.71251345 -0.05291087]
CN(C)CCOc1cc(NS(=O)(=O)c2c(Cl)cc(C(F)(F)F)cc2Cl)ccc1Cl,[ 0.05731965  0.9960875  -0.37313756 -0.40381804 -0.2731682 ]
CN(C)c1ccc(N=Nc2ccccc2)cc1,[ 0.21404278  0.6681474  -0.44028178 -0.90631044  0.5235398 ]
CCOP(=O)(CC)SC,[ 0.19830321  0.79700315 -0.70056105 -0.6453073   0.46928972]
ClC(=NNc1c(Cl)cc(Cl)cc1Cl)c1ccccc1,[ 0.6179738   0.9002633  -0.70251685 -0.6545296   0.37489414]
COP(=S)(Cl)OC,[ 0.34604573  0.7503022  -0.9363738  -0.43825722 -0.2784286 ]
CC1CC(=O)CC(C)O1,[ 0.40074643  0.56019443 -0.7641921  -0.8608221  -0.08734553]
CC1(C)SC2C(NC(=O)C(C(=O)[O-])c3ccsc3)C(=O)N2C1C(=O)[O-],[-0.0340557   0.82179    -0.86001444 -0.5987531   0.15251018]
O=P(O)(O)C(O)(Cn1ccnc1)P(=O)(O)O,[-0.51116633  0.7744877  -0.8573813  -0.7536645  -0.06413911]
FC(F)(F)c1nc2c(Br)cc(Br)cc2[nH]1,[ 0.26159644  0.91172016 -0.8313293  -0.67924285 -0.4024073 ]
CC(C)CON=O,[ 0.34644023  0.5896686   0.220511   -0.51678586 -0.50110143]
CC12CCC3c4ccc(O)cc4CC(CCCCCCCCCS(=O)CCCC(F)(F)C(F)(F)F)C3C1CCC2O,[ 0.7065403   0.1758377  -0.81605643  0.4037385  -0.21290053]
O=S(=O)(O)c1ccc2cc(Nc3cccc4c(O)c(S(=O)(=O)O)ccc34)ccc2c1O,[ 0.05455613 -1.         -0.53966284 -0.22069497  0.39800885]
ClCC1CO1,[ 0.489962    0.7077874  -0.6814496  -0.91525286 -0.19316874]
Nc1nc(O)c2ncn(COCCO)c2n1,[ 0.04162814  0.89684886 -0.5628486  -1.         -0.38523778]
O=c1n(CC2CO2)c(=O)n(CC2CO2)n1CC1CO1,[-0.07352874  0.2445045  -1.         -0.89576334 -0.24234416]
COc1cc([C@@H]2c3cc4c(cc3[C@@H](O[C@@H]3O[C@@H]5CO[C@@H](C)O[C@H]5[C@H](O)[C@H]3O)[C@H]3COC(=O)[C@H]23)OCO4)cc(OC)c1O,[-0.20667921  0.9775643  -0.8633293  -0.9751813   0.5308099 ]
CCCCC(C)(C)CO,[-0.12517308  0.78128856 -0.48351216 -0.5381335   0.15205221]
Cc1ccc2c(c1)c(-c1ccnc3c(C)cccc13)c(C)n2CC(=O)O,[-0.08588461 -0.14762892 -0.8249544  -0.91371685 -0.40146995]
C=C(CC(=O)c1ccc(-c2ccccc2Cl)cc1)C(=O)O,[ 0.13857804  0.72830933 -0.81167656 -0.4865289   0.25799435]
Cc1cnc(Nc2cc(N3CCOCC3)nc(N[C@@H](C)c3ncc(F)cn3)n2)s1,[ 0.5896195   0.7135444  -0.8353182   0.10013752 -0.133398  ]
CC[C@H](C)[C@H](NC(=O)[C@H](CCC(=O)[O-])NC(=O)[C@H](CCC(=O)[O-])NC(=O)[C@H](Cc1ccccc1)NC(=O)[C@H](CC(=O)[O-])NC(=O)CNC(=O)[C@H](CC(N)=O)NC(=O)CNC(=O)CNC(=O)CNC(=O)CNC(=O)[C@@H]1CCCN1C(=O)[C@H](CCCNC(N)=[NH2+])NC(=O)[C@@H]1CCCN1C(=O)[C@H]([NH3+])Cc1ccccc1)C(=O)N1CCC[C@H]1C(=O)N[C@@H](CCC(=O)[O-])C(=O)N[C@@H](CCC(=O)[O-])C(=O)N[C@@H](Cc1ccc(O)cc1)C(=O)N[C@@H](CC(C)C)C(=O)[O-],[ 0.20393686  0.27973887 -0.81429505 -0.76311046 -0.10263546]
CC1(C)C(C=C(Cl)Cl)C1C(=O)OCc1c(F)c(F)c(F)c(F)c1F,[ 0.3678977   0.8609155  -1.         -0.69262064  0.06852483]
CCOC(=O)C=Cc1ccc2c(c1)OCO2,[ 0.19423296  0.7650183  -0.8263899  -0.9471176  -0.49146205]
Oc1ccc2[nH]c(C(F)(F)F)nc2c1,[ 0.04761958  0.8957078  -0.9434807  -0.6277743  -0.17305651]
CN(C)CCC=C1c2ccccc2CCc2ccccc21,[-0.06928433  0.83293945 -0.51448935 -0.5427899   0.51874155]
C=CS(C)(=O)=O,[ 0.45707715  0.8173217  -0.5391064  -0.76093674 -0.23737392]
O=C1NC(c2ccc(Br)cc2)Nc2ccccc21,[ 0.24246298  0.946158   -0.82220984 -0.9139997  -0.28778225]
NS(=O)(=O)c1cc2c(cc1Cl)NC(C(Cl)Cl)NS2(=O)=O,[ 0.42012736  0.40342152 -1.         -0.59798133 -0.2071201 ]
CNc1c(C(N)=O)cnc2[nH]c(-c3ccc(OCCN4CCOCC4)cc3)nc12,[ 0.05011202  0.70746875 -0.71268034 -0.8662541   0.6952525 ]
CCCOCCN(C(=O)CCl)c1c(CC)cccc1CC,[ 0.43109792  1.         -1.         -0.7625188   0.23122156]
CC(C)(C)c1cc(CCC(=O)OCCSCCOC(=O)CCc2cc(C(C)(C)C)c(O)c(C(C)(C)C)c2)cc(C(C)(C)C)c1O,[ 0.12860504  1.         -0.4246421  -0.8765264  -0.20763633]
C1CCC2CCCCC2C1,[ 0.31673592  0.53251433 -0.7256583  -0.9049459   0.12872373]
O=C(O)c1cccc(Cl)n1,[ 0.05769141 -0.6819477  -0.88610536 -0.39629236  0.3313458 ]
CNC(=O)c1cccc2c(Nc3ccc(NS(C)(=O)=O)cc3OC)c3cccc(C)c3nc12,[-0.44861326  0.52448505 -0.95159686 -0.45348173  0.69172895]
C(Oc1nc(OCC2CO2)nc(OCC2CO2)n1)C1CO1,[-0.1262232   0.9141792  -0.7141579  -0.7298832   0.43861192]
COc1cc(OC)c(C(=O)CCCN2CCCC2)c(OC)c1,[ 0.2206859   0.69864434 -0.61924493 -0.9546122  -0.18366359]
CCCCOP(=O)(OCCCC)Oc1ccccc1,[ 0.11778681  0.86801374 -0.91263074 -0.9739143  -0.48316073]
COC(=O)c1cc([N+](=O)[O-])ccc1Cl,[ 0.25273898  0.83465594 -0.6682079  -0.8409993  -0.16827579]
C=COC(=O)C=CC,[-0.19704193  0.7917049  -0.32213634 -0.79479     0.02148997]
[NH3+]CC1CCC(C(=O)[O-])CC1,[ 0.11042198  0.93834597 -0.5366329   0.18570319 -0.21076083]
CC(O)C(=O)Nc1c(I)c(C(=O)NC(CO)CO)c(I)c(C(=O)NC(CO)CO)c1I,[ 0.24057339  0.6820276   0.62205553 -0.3667498  -0.36988863]
CC(CN1CCOCC1)C(C(=O)N1CCCC1)(c1ccccc1)c1ccccc1,[-0.28995463  0.70884216 -0.8798945  -0.78327596  0.05115613]
COP(=O)(OC)OC(=CCl)c1cc(Cl)ccc1Cl,[ 0.49604532  0.8554612  -0.89780605 -0.8787782  -0.2255821 ]
c1ccc2[nH]c(-c3cscn3)nc2c1,[ 0.42752224  0.812552   -0.62581915 -0.96668965  0.5391606 ]
CC[C@@]1(O)C(=O)OCc2c1cc1n(c2=O)Cc2cc3c(CN(C)C)c(O)ccc3nc2-1,[-0.41117522  1.         -0.88382024 -0.67865604  0.0915562 ]
COCc1c(C(C)C)nc(C(C)C)c(/C=C/[C@@H](O)C[C@@H](O)CC(=O)O)c1-c1ccc(F)cc1,[ 0.45715886  0.62468994 -0.8614305  -0.65897506 -0.44135794]
CC1CN(C2CCCCCCCCCCC2)CC(C)O1,[ 0.5015971   0.96240914 -0.86342883 -0.03695509  0.45145938]
O=C(c1ccc(Cl)cc1)c1ccccc1-c1ncc[nH]1,[ 0.09878412  0.8619996  -0.6959444  -0.8038998   0.30358255]
NC(=O)CF,[-0.13766445  0.8471032  -0.91551745 -0.58287317  0.49017504]
Cc1ccc(OP(=O)(Oc2ccccc2)Oc2ccccc2)cc1,[ 0.10221138  0.50208855 -1.         -0.14429301 -0.05079453]
OCC(O)C(O)C(O)CO,[ 0.29357708  0.9096949  -0.7153442   0.29110497  0.211542  ]
CN[C@H](CC(C)C)C(=O)N[C@H]1C(=O)N[C@@H](CC(N)=O)C(=O)N[C@H]2C(=O)N[C@H]3C(=O)N[C@H](C(=O)N[C@H](C(=O)O)c4cc(O)cc(O)c4-c4cc3ccc4O)[C@H](O)c3ccc(c(Cl)c3)Oc3cc2cc(c3O[C@@H]2O[C@H](CO)[C@@H](O)[C@H](O)[C@H]2O[C@H]2C[C@](C)(N)[C@H](O)[C@H](C)O2)Oc2ccc(cc2Cl)[C@H]1O,[ 0.35583302  0.75439054 -0.59783924 -0.41518158  0.25108314]
C=CCC1/C=C(\C)CC(C)CC(OC)C2OC(O)(C(=O)C(=O)N3CCCCC3C(=O)OC(/C(C)=C/C3CCC(O)C(OC)C3)C(C)C(O)CC1=O)C(C)CC2OC,[ 0.52346325  0.730841   -0.5463859  -1.         -0.6205333 ]
Nc1cc(Cl)ccc1O,[ 0.42787424  0.722089    0.5607727  -0.6073266  -0.35449964]
CCCCOC(=O)c1ccc(-n2nc(OCCN3CCCCC3)c3ccccc32)cc1,[-0.47065726  0.9515267  -0.4109297  -1.          0.45464468]
CC(=O)OC(C)(C)C1CC=C(C)CC1,[ 0.25947583  0.83313954 -0.6384824  -0.31867394  0.04432308]
OCc1cc(C(O)C[NH2+]CCCCCCOCCOCc2c(Cl)cccc2Cl)ccc1O,[ 0.6277003  -0.5668549  -0.8386528  -0.53841937 -0.23055407]
CCCC(=O)c1ccc(N)cc1,[ 0.36405703  0.67461956 -0.93376    -0.8627466  -0.52302325]
CCN(CC)c1ccc2cc(C(=O)NC3(C(=O)N[C@H](Cc4ccccc4)C(=O)NCC4CCN(CC5CCOCC5)CC4)CCCC3)sc2c1,[-0.28378808  0.20375262 -0.25547764  0.66608155 -0.43907207]
