N#Cc1c(-c2ccc(-c3ccncc3Cl)cc2)nc2ccncc2c1O,[ 0.28131294  0.941156    0.19724594 -0.84099984  0.12655696]
CC(=O)OC(C)OC(=O)C(C)c1ccc(-c2ccccc2)c(F)c1,[ 0.3513769  -0.7774346  -0.36215168 -0.4229957  -0.34987944]
COP(=S)(OC)Oc1ccc(S(N)(=O)=O)cc1,[ 0.08135199  0.20964487 -0.68652815 -0.7018008   0.5161665 ]
C#CC(C)(C)O,[ 0.30253628  0.5903194  -0.82623667  0.40621868 -0.0817824 ]
Oc1nc(-c2ccccc2)nc2ccccc12,[ 0.42495555  0.6879214  -0.7765864  -0.70063835  0.04150116]
C#CC1(O)CCC2C3CCC4=CC(=O)CCC4C3C(=C)CC21CC,[ 0.32561678  0.90953994 -0.82378596 -0.91991615 -0.24053577]
COc1cc(OC)c(S(=O)(=O)N2c3ccccc3CCC2C)cc1NC(=O)COCC(=O)O,[ 0.41884628  0.8094949  -0.16485223 -0.54481643 -0.15943073]
CC1CCN(C(=O)CC(Cc2cccc(C(=N)N)c2)NS(=O)(=O)c2ccc3ccccc3c2)CC1,[ 0.21770258  0.8720398  -0.8244154  -0.7915191   0.15000789]
CN(C)NC(=O)CCC(=O)O,[ 0.09443345  0.27448064 -0.94392407 -0.4978289  -0.15519871]
O=c1c(Cl)c(Cl)cnn1-c1ccccc1,[ 0.6158093   1.         -0.8311713  -0.28510782 -0.26559266]
N#Cc1ccc(F)c(-c2cc(C(F)(F)F)ccc2OCC(=O)O)c1,[ 0.16745079  0.61277306 -0.8673625  -0.2323241   0.12082631]
CCOc1ccccc1C(=O)NN=C(C)C(=O)O,[ 0.28102818  0.84312725 -1.         -0.60010284 -0.1094353 ]
CCOP(=O)(OCC)OC(=C(Cl)Br)c1ccc(Cl)cc1Cl,[ 0.37355176  1.         -0.7441486  -0.87490946 -0.50146544]
CCC(C)OP(=S)(OC)OC,[-0.14228976  0.8879788  -0.77980363 -0.73705167 -0.42885655]
CC(C(N)=O)(c1ccccc1)c1ccc(N)cc1,[ 0.43332684  0.72247964 -0.8170294  -0.8128861  -0.34706932]
CC(=S)NC[C@H]1CN(c2ccc(-c3nnc(CNS(C)(=O)=O)s3)c(F)c2)C(=O)O1,[ 0.88839465  0.8086147  -0.6882448  -0.37476483 -0.58513033]
CC(=O)CCC(C)=O,[-0.09230239  0.90101933 -0.489503   -0.67415625 -0.26245132]
ClCc1ccccc1,[ 0.37843496  0.9664083  -0.65495646 -0.79651004  0.532001  ]
CCC(C(=O)O)c1ccc(CC(C)C)cc1,[ 0.13728322  0.6311846  -0.9408627  -0.5307712  -0.14589058]
CCCCn1c(=O)n(CCC)c(=O)c2[nH]c(C)nc21,[ 0.23005758  0.65653235 -0.87753594 -0.671779    0.07954542]
Nc1cccc(N)c1,[ 0.2639071   0.8364418   0.30320436 -0.617916   -0.16601472]
CCOC(=O)C(CCc1ccccc1)NC(C)C(=O)N1C(C(=O)[O-])CC2CCCCC21,[ 0.1872577   1.          0.874199   -0.21731208 -0.0312782 ]
COc1cc2ncnc(Nc3ccc(F)c(Cl)c3)c2cc1NC(=O)/C=C/CN1CCCCC1,[ 0.44241044  0.8951424  -0.74083495 -0.6737127  -0.5364906 ]
C=C(C)C1CC=C(C)C(O)C1,[-0.01227678  0.6206085  -0.20216464 -0.6337586   0.24314937]
O=C(NC[C@@H](O)CN1CCC(Oc2ccc(Cl)c(Cl)c2)CC1)c1c[nH]c(=O)c2cc(F)ccc12,[ 0.10471892  0.851391   -0.4873024  -0.7273065  -0.18055159]
Cc1ccc(NC(=O)c2ccc(C#N)cc2)cc1-n1cnc2ccc(N3CCN(C)CC3)cc2c1=O,[-0.24104121  0.9545551  -0.6962297  -1.         -0.22592388]
O=C(O)CCCOc1ccc(Cl)cc1Cl,[-0.30259523  0.14570826 -0.76749855 -0.6677654   0.06387617]
CC1=NN(c2ccccc2)C(=O)C1,[-0.37200388  0.9131605  -0.81153744 -0.54667485 -0.38226503]
C=CC(=O)NCNC(=O)C=C,[ 0.6414575   0.8630363  -0.62128687 -0.783902   -0.15695302]
CC=CC(C)=O,[ 0.62119     0.17018446 -0.77650744 -1.          0.68531257]
CC(C)N(C(=O)SCC(Cl)=C(Cl)Cl)C(C)C,[ 0.4342558   1.          0.6025497  -0.25260055 -0.49927565]
CCC[C@H](NC(=O)[C@@H]1[C@H]2CCC[C@H]2CN1C(=O)[C@@H](NC(=O)[C@@H](NC(=O)c1cnccn1)C1CCCCC1)C(C)(C)C)C(=O)C(=O)NC1CC1,[ 0.4706272   0.4201363  -0.68863297 -0.8414658  -0.20738064]
CCCCCCCCCCOc1c(OC)cc(C(N)=O)cc1OC,[ 0.15868764  0.7895388  -0.30974796  0.10004508 -0.0661734 ]
CN(C)C1CC(c2ccccc2)c2ccccc21,[ 0.22614443  0.8500516  -0.9831375  -0.8323453  -0.19491799]
CBr,[-0.4334069   1.         -0.7361795  -0.804078   -0.06240699]
OCCNCCOc1ccc(C(=C(c2ccccc2)C(F)(F)F)c2ccccc2)cc1,[-0.13954967  0.86070925 -1.         -0.40578747  0.48307887]
COP(=S)(OC)SCC(=O)N1CCOCC1,[ 0.27778304  0.42906126 -0.5037985  -0.19854544  0.01285783]
FC1(F)CC(C2CC3(Cl)C(Cl)=C(Cl)C2(Cl)C3(Cl)Cl)C1(F)F,[ 0.35456485  0.7682414  -0.7772862  -0.46186557  0.683975  ]
Cn1cnc(S(=O)(=O)N(CCN(Cc2cncn2C)c2ccc(C#N)cc2)Cc2ccccc2)c1,[-0.19455971  0.60225326 -0.8370013  -0.77695113 -0.08625217]
Cc1ccc(C(=O)c2ccc(CC(=O)NCC(=O)Nc3cccc(C)c3C)n2C)cc1,[ 0.18787593  0.82927555 -0.533448   -0.31027403  0.02675053]
Oc1cc(Cl)c(Cl)c(Cl)c1Cl,[-0.13810498  0.6410884  -0.9128523  -0.6337599  -0.4893762 ]
O=C(Nc1ccccc1-c1ccccc1)OC1CCN(CCCCCCCCCNC[C@H](O)c2ccc(O)c3[nH]c(=O)ccc23)CC1,[-0.21969898  0.8505677  -0.86444265 -0.42863733 -0.2692081 ]
CCN(CCO)C(=O)c1oc2cccnc2c1-c1cccc(C(F)(F)F)c1,[ 0.13577797  0.5902937   0.13163774 -0.23302983 -0.05810585]
CN(C)C1C(O)=C(C(N)=O)C(=O)C2(O)C(O)=C3C(=O)c4c(O)cccc4C(C)(O)C3C(O)C12,[ 0.3881715   0.5712695  -0.74260944 -0.87522554  0.5407702 ]
O=P(OCCCl)(OCCCl)OC1CC(C(Br)CBr)CCC1Cl,[ 0.6026959   0.8111834  -1.         -0.6537624  -0.29049885]
CN1c2ccccc2C(NCCCCCCC(=O)[O-])c2ccc(Cl)cc2S1(=O)=O,[-0.76631963  1.         -0.82811207 -0.8080529  -0.3679456 ]
OC(CCN1CCCC1)(c1ccccc1)C1CCCCC1,[ 0.3645769   1.         -0.9778357  -0.5168315   0.19384266]
COc1ccc(CC2c3cc(OC)c(OC)cc3CCN2C)cc1OC,[-0.10678952  0.9170943  -0.80552995 -0.8590992   0.5959786 ]
ClCC(Cl)Cl,[ 0.14860025  0.62204534 -0.66135895 -0.7577798   0.68057054]
CN(C)c1ccc(O)c2c1CC1CC3C([NH+](C)C)C([O-])=C(C(N)=O)C(=O)C3(O)C(O)=C1C2=O,[ 0.24498613  0.6555326  -0.87854266 -0.6179438   0.6332793 ]
Nc1cc(Cl)ccc1O,[ 0.3611291   0.49252492  0.3953936  -0.2975348  -0.33443788]
Cc1cc(Nc2cncc(N[C@@H](C)c3ccc(F)cn3)n2)n[nH]1,[ 0.08925137 -0.3774674  -0.58394676 -0.7921292  -0.01782754]
COP(=S)(OC)SC(CBr)N1C(=O)c2ccccc2C1=O,[ 0.08627583  0.95324165 -0.00766332 -0.6141694   0.15131803]
CCCCOCCOC(C)=O,[ 0.11048262  0.83067447 -1.         -0.8099878  -0.45888275]
O=[N+]([O-])c1c(Cl)c(Cl)c(Cl)c2nc(C(F)(F)F)[nH]c12,[ 0.13101152  0.71362966 -0.858376   -1.          0.4044269 ]
Clc1ccc(N2N=NC3C4CC(C5N=NC45)C32)cc1,[ 0.09247856  0.8138968  -0.69869447 -0.90501845 -0.35391352]
CNC(=O)ON=C(C)SCC(N)=O,[-0.26568797 -0.1370915   0.15377487 -1.         -0.42005   ]
CCC1(CC)C(=O)NCC(C)C1=O,[ 0.33655423 -0.7689587  -0.7288139  -0.64750683  0.37473014]
CN1C(=O)CC(N2CCN(CCCN3c4ccccc4COc4ccc(CC(=O)O)cc43)CC2)N(C)C1=O,[ 0.32504952  0.87709296 -0.5924859  -0.1438958  -0.3557032 ]
c1ccc2[nH]c(-c3cscn3)nc2c1,[ 0.4510365   0.7866041  -0.6402154  -0.26889527  0.03304972]
CCC(CC)C(=O)OCCOCCOCCOC(=O)C(CC)CC,[ 0.18911445  0.57543135 -0.6598617   0.46194643  0.2887763 ]
C=C1CC1CC(N)C(=O)O,[ 0.32373747  0.69437474 -0.9133564  -0.8464137   0.6605733 ]
CC[C@@H]1OC(=O)[C@@H](C)[C@H](O[C@@H]2C[C@](C)(OC)[C@H](O)[C@@H](C)O2)[C@H](C)[C@H](O[C@@H]2O[C@H](C)C[C@H](N(C)C)[C@H]2O)[C@@](C)(O)C[C@@H](C)/C(=N\OCOCCOC)[C@H](C)[C@@H](O)[C@@]1(C)O,[ 0.02621415  0.63706815 -0.49463063  0.72036904 -0.05701905]
COC(=O)c1ccccc1,[ 0.36285216  0.8530766  -0.6781562  -0.43295333 -0.11899052]
CCCCCCC(N)C(=O)N[C@@H](Cc1c(C)cc(O)cc1C)C(=O)N1CCC[C@@H]1C(=O)N[C@@H](Cc1c[nH]c2ccccc12)C(=O)N[C@@H](Cc1ccccc1)C(N)=O,[ 0.06937148  0.66303754  0.06600636 -0.5216053  -0.4434135 ]
CCOP(=O)(OCC)Oc1nc(Cl)c(Cl)cc1Cl,[ 0.13770658  0.07282191 -0.6720306  -0.22927105 -0.33981028]
C[C@@H]1NC(=O)[C@H](C)N(C)C(=O)[C@@H](C)NC(=O)[C@H](C)N(C)C(=O)[C@@H](C)N(C)C(=O)[C@@H](C)NC1=O,[-0.13523513  0.39278817 -0.8359662  -0.8333532  -0.28695744]
CC1(C)SC2C(NC(=O)C(C(=O)[O-])c3ccsc3)C(=O)N2C1C(=O)[O-],[ 0.43406308  0.78403795 -0.73397243 -0.05774772  0.18643911]
SCCc1cnccn1,[ 0.1794874   0.73614174 -0.7167975  -0.69281703  0.59341   ]
COc1cc2ncc(C(N)=O)c(Nc3ccc(F)cc3F)c2cc1NCCN1CCCCC1,[ 0.35166425  1.         -0.751317   -0.59256554  0.4591986 ]
CCON=C(CC)C1=C(O)CC(c2c(C)cc(C)cc2C)CC1=O,[-0.11658249  0.15176283 -0.44636682 -0.6059021  -0.05056266]
C=CCOC(=O)CCCCC,[-0.06165628  0.61913264  0.27553806  0.08185504  0.45585048]
CC(C)(C)c1nnc(NS(=O)(=O)c2ccccc2)s1,[ 0.37373742  0.15380749 -1.         -0.8301788  -0.32299727]
CCCCCc1ccccc1O,[ 0.02255255 -0.23359764 -0.70075697 -0.8074026  -0.38713518]
NC(=S)Cc1cccc2ccccc12,[-0.01881341  0.66325474 -0.9259566  -0.70776653 -0.56231254]
COCCOCc1ccccc1,[ 0.4344317   0.82022524 -0.9752039  -0.549591    0.19364193]
CCc1c2c(nc3ccc(O)cc13)-c1cc3c(c(=O)n1C2)COC(=O)[C@]3(O)CC,[ 0.12033276  0.8246922  -0.8050523  -0.6557072  -0.05711687]
C[C@@H](O)[C@H]1C(=O)N2C(C(=O)O)=C(SCCNC=N)C[C@H]12,[ 0.3547832   0.18586242 -0.8017623  -0.48343337 -0.5813784 ]
O=C(c1ccccc1)c1cccc2c1CCC2C(=O)O,[ 0.08075571  0.7518076  -0.3839058  -0.44972536 -0.19530983]
O=C1OCC2C1C1(Cl)C(Cl)=C(Cl)C2(Cl)C1(Cl)Cl,[ 0.6045263  0.6423535 -0.9208734 -0.6892279 -0.6282379]
Cc1cccc(C)c1CCNC(N)=O,[-0.2653115  0.8898617 -0.9724387 -0.8719365  0.3687231]
CCC(C)c1ccc(Oc2ccc(C)cc2CC(=O)O)c(Cl)c1,[ 0.3302507   0.95253384 -0.8240513  -0.6953076  -0.35291559]
COc1cc2nc(N3CCN(C(=O)C4COc5ccccc5O4)CC3)nc(N)c2cc1OC,[ 0.5947646   0.93883693 -0.81746376 -0.27469546  0.26899698]
CCC(C)(C)C1CCC(=O)CC1,[ 0.14631335  0.42029652 -0.5440854  -1.         -0.22629309]
CCN(CC)CCNC(=O)c1cc(Br)c(N)cc1OC,[ 0.1054584   0.77957857 -0.7128329  -0.65328264  0.38717547]
NC(=O)Nc1cccc2c3c([nH]c12)CCCC3,[ 0.36398843  0.663823   -0.8429057  -0.61679     0.09947532]
C1CCC2CCCCC2C1,[ 0.26185644  0.67682827 -0.6823312  -0.9454684   0.20145503]
O=C1NC(c2ccc(Br)cc2)Nc2ccccc21,[ 0.26198265  0.8740022  -0.7203952  -0.4973648  -0.36784202]
CC(C)c1cccc(OC(=O)N(C)C)c1,[-0.07926513  0.32514927 -0.6455817  -0.8905196   0.03595486]
COc1ccc2ncc(=O)n(CCN3CC[C@@H](NCc4cc5c(cn4)OCCO5)[C@H](O)C3)c2c1,[ 0.26226252  0.44224414 -1.         -0.89618903  0.29209307]
CCCN(CCC)c1c([N+](=O)[O-])cc(S(N)(=O)=O)cc1[N+](=O)[O-],[ 0.37109572  0.87548167 -0.9461094  -0.84651846 -0.08980428]
CCOC(=O)C(C)Oc1ccc(Oc2nc3ccc(Cl)cc3s2)cc1,[-0.22366549  0.79105484 -0.629156   -0.8336307  -0.4398409 ]
O=C(O)CC(CC1CCN(C(=O)CCc2ccc3c(n2)NCCC3)CC1)C1CNc2ccccc2C1,[ 0.31152514  0.42144838  0.44361767 -1.          0.3554752 ]
Clc1nc(Cl)nc(Cl)n1,[-0.08909287 -0.00934524 -0.88198435 -1.          0.38950095]
Cc1c(OCC(F)(F)F)ccnc1CS(=O)c1nc2ccccc2[nH]1,[ 0.39140856  0.9147212  -0.77384526 -0.9217894  -0.34871936]
CC1=C(CC(=O)O)c2cc(F)ccc2C1=Cc1ccc(S(C)=O)cc1,[ 0.5301745   0.8426258  -0.62515813 -0.6115067  -0.14522314]
CCCOCCOC(=O)C1=C(C)NC(C)=C(C(=O)OCCOCCC)C1c1cccc([N+](=O)[O-])c1,[ 0.63990116  0.83071357 -0.82689047 -0.5498962  -0.62940425]
CCn1cc(C(=O)O)c(=O)c2cc(F)c(N3CCN(C)CC3)cc21,[-0.08359759  0.7542822  -0.78595823 -0.29950306 -0.1128046 ]
COc1cc(C=CC(=S)N2CCOCC2)cc(OC)c1OC,[-0.19980891 -0.4701087  -0.26340672 -0.6286133  -0.08241063]
C=CN(C)N=O,[ 0.10947724  0.08610445 -0.60764766 -0.37742364  0.05113159]
COP(=S)(OC)Oc1ccc(C#N)cc1C,[-0.45689765  0.87101966 -0.4494213  -0.7946882   0.00887138]
Cc1ccc([N+](=O)[O-])cc1,[ 0.3586623   0.49729064 -0.8478274  -0.5638977  -0.11309576]
CC1CCC2(O)C3(C)CC4(O)OC2(C1O)C1(O)C3(O)C(OC(=O)c2ccc[nH]2)C(O)(C(C)C)C41C,[-0.04949917  0.88839334 -1.         -0.6954618   0.2898948 ]
CC(C)(C#N)C(C)(C)C#N,[ 0.29560742  0.87805533 -0.8712263  -0.9121381  -0.28225234]
C[C@@H]1NC(=O)[C@H](C)N(C)C(=O)[C@@H](C)N(C)C(=O)[C@H](C)NC(=O)[C@@H](C)NC(=O)[C@@H](C)N(C)C1=O,[ 0.0066064   0.85855085  0.0451904  -0.6584468  -0.51004076]
CCC(C(=O)N1CCCCC1C(=O)OC(CCc1ccc(OC)c(OC)c1)c1cccc(OCC(=O)NCCNC(=O)COc2cccc(C(CCc3ccc(OC)c(OC)c3)OC(=O)C3CCCCN3C(=O)C(CC)c3cc(OC)c(OC)c(OC)c3)c2)c1)c1cc(OC)c(OC)c(OC)c1,[ 0.2907108   0.05830868 -0.56996065  0.8487747   0.10214279]
CSCC(=O)N(C)C(=O)Oc1ccccc1OC(C)C,[ 0.0535461   0.589387   -0.8616133  -0.8281125  -0.45271483]
COP(=S)(OC)SC1CSC=CO1,[-0.53082335  0.9429566  -0.84817487 -0.56925833  0.02152724]
FC(F)(F)c1nc2c(Br)c(Br)cc(Br)c2[nH]1,[ 0.16165884  0.32361534 -0.7539158  -0.7573428  -0.35850093]
C=CCc1cc(OC)c(OC(C)Cc2cc(OC)c(OC)c(OC)c2)c(OC)c1,[ 0.16431825  0.5418825  -0.7555772  -0.3352143  -0.21342145]
CCCCN(N=O)C(N)=O,[-0.06219218  0.7656712  -0.72398764 -0.83866906  0.00136359]
CCC(C)CCCCC(=O)NC(CCN)C(=O)NC(C(=O)NC(CCN)C(=O)NC1CCNC(=O)C(C(C)O)NC(=O)C(CCN)NC(=O)C(CCN)NC(=O)C(C(C)O)NC(=O)C(CC(C)C)NC(=O)C(CCN)NC1=O)C(C)O,[ 0.1276537  -0.11237536 -0.5686026  -0.8744526   0.01001729]
Cc1cn([C@H]2CCCN([C@H](CC(C)C)c3ccc(C(=O)O)c(Oc4cccc(Cl)c4)c3)C2)c(=O)[nH]c1=O,[ 0.18822677  0.9154037  -1.         -0.93834096 -0.31335467]
CCCCC(CC)CNC1CCCCC1,[ 0.10093334 -0.8608354  -0.7982117  -0.10497737 -0.15462051]
CNC(=O)CSP(C)(=S)OC,[ 0.39449924  0.24246237 -0.36180755  0.10147938 -0.40657616]
O=C1C(Cc2ccccc2)C(=O)N(c2ccccc2)N1c1ccccc1,[ 0.4699002   1.         -0.90274984 -1.          0.30912188]
C=CCN1CCCC1CNC(=O)c1cc2nn[nH]c2cc1OC,[ 0.2745663  -0.34746137 -0.78344876 -0.2966421  -0.41498515]
O=C(O)CCC(=O)O,[-0.01855954  0.78136295 -0.8322827  -0.5118856   0.66067344]
O=C(CO)N1CCC(c2[nH]nc(-c3ccc(Cl)cc3F)c2-c2ccncn2)CC1,[0.38070396 0.89587265 0.39766893 0.00617885 0.5719223 ]
CNC(=O)ON=C1CCCC1(C)C#N,[-0.20808993  0.6501999  -0.8171891  -0.79633254 -0.39351395]
C#CC1(O)C=CC2C3CCC4=CC(=O)CCC4C3CCC21CC,[ 0.4661479   0.4434532  -0.3153052  -0.38533354  0.02393193]
Nc1ccc(Cl)cc1,[ 0.3746483   0.80831105 -0.93026763 -0.7546513   0.1175779 ]
COP(=S)(OC)Oc1cc(Cl)c(Cl)cc1Cl,[ 0.31777832 -0.8139886  -0.6817883  -0.6590591   0.18306048]
Nc1ccc(F)c([N+](=O)[O-])c1,[ 0.18501225  0.96625394 -0.6163372  -0.73485833 -0.30713958]
C=CC(=O)Nc1ccc(O)cc1,[-0.2056855   0.53821254 -0.88261783 -0.9142421  -0.14942266]
ClC1=C(Cl)C(Cl)(C2(Cl)C(Cl)=C(Cl)C(Cl)=C2Cl)C(Cl)=C1Cl,[-0.13002145  0.8133535  -0.9694743  -0.76157737  0.56166255]
CC(C)(C(=O)O)S(C)(=O)=O,[ 0.30034763  0.5897136  -0.4383271   0.4646175   0.23872834]
CCCCCCCC=CC=O,[ 0.22649774  0.76276445 -0.8810751  -0.8864695  -0.24205247]
CC(C)C(CCC(C)C1CCC2C3C(O)CC4CC(NCCC[NH2+]CCCC[NH3+])CCC4(C)C3CCC12C)OS(=O)(=O)[O-],[ 0.12351711  1.         -0.85491335 -1.         -0.17842141]
Cc1ccc2c(c1)c(S(=O)(=O)c1ccc(Cl)cc1)c(C)n2CC(=O)O,[ 0.24775594  0.00530491 -0.33047575 -0.3207239  -0.27283776]
CCOP(=O)(NC(C)C)SCC(=O)NCOC,[ 0.24222001  0.6735255  -0.5678752  -0.7348891  -0.22654824]
COC(=O)C(C)N(C(=O)Cc1ccccc1)c1c(C)cccc1C,[-0.11377218  0.08571729 -0.7585428  -0.9796435   0.17738236]
O=CCCCC=O,[ 0.45846635  0.8473845  -0.30679697 -0.937337   -0.6486858 ]
CC(C)NCC(O)COc1ccc(COCCOC(C)C)cc1,[-0.38157254  0.77047586 -0.4659768  -0.65417004 -0.35359567]
C=CCN1CCC23CCCCC2C1Cc1ccc(O)cc13,[ 0.4535278   0.28005353 -0.9883229  -0.6174516   0.03814009]
CC(CN1CCOCC1)C(C(=O)N1CCCC1)(c1ccccc1)c1ccccc1,"[ 2.9180379e-04  6.0454369e-01 -7.9709923e-01 -5.1730061e-01
  2.6972893e-01]"
CC(C)OP(=S)(OC(C)C)SCn1nc(Cl)ccc1=O,[-0.70374733  0.92412394 -0.3593117   0.26424807 -0.14812839]
C[N+](C)(C)[NH2+]CCC(=O)[O-],[-0.09761398  0.73321736 -1.         -0.8572524   0.19198485]
NS(=O)(=O)c1cc2c(cc1Cl)NC(C(Cl)Cl)NS2(=O)=O,[-0.12076165  0.53854024 -0.5534279  -0.5406221  -0.21575041]
C=CCI,[ 0.44374144  0.26341975 -0.62767214  0.27244     0.23728637]
O=[N+]([O-])c1cc(Cl)c2nc(C(F)(F)F)[nH]c2c1,[ 0.14346676  0.6374508  -0.8666117  -0.8846486   0.0530166 ]
CC1=C2C[C@H]3[C@@H](CC=C4C[C@@H](O)CC[C@@]43C)[C@@H]2CC[C@]12O[C@@H]1C[C@H](C)CN[C@H]1[C@H]2C,[-0.36734936  0.84019303 -0.566255   -0.7043493  -0.1907037 ]
CNC(=N)c1cccc(CC(CC(=O)N2CCC(C(=O)O)CC2)NS(=O)(=O)c2ccc3ccccc3c2)c1,[-0.38828084 -0.05174221 -0.9493806   0.41132528 -0.3070479 ]
C/C=C(/C)C(=O)O[C@H](c1cc2ccc(=O)oc2cc1OC)[C@H](O)C(C)(C)O,[ 0.43480536  0.89044493 -0.9088593  -0.5290003   0.7294183 ]
N=C(N)Nc1nc(CSCCC(=N)NS(N)(=O)=O)cs1,[ 0.25187668  0.3515526  -0.74560994 -0.52747077 -0.20336694]
C[C@@H]1NC(=O)[C@@H](C)N(C)C(=O)[C@H](C)N(C)C(=O)[C@@H](C)N(C)C(=O)[C@@H](C)N(C)C(=O)[C@H](C)NC1=O,[-0.02947076  0.6701327  -0.6695543  -0.6719343  -0.16587254]
COC(=O)C(C(C)=O)C(C)=O,[ 0.3662139   0.9218769  -0.87433106 -0.683489   -0.213798  ]
C[NH2+]C(C)Cc1ccccc1,[-0.21490593  0.17996612 -0.9693286  -1.          0.46362373]
C/C=C/CC(C)C(O)C1C(=O)NC(CC)C(=O)N(C)CC(=O)N(C)C(CC(C)C)C(=O)NC(C(C)C)C(=O)N(C)C(CC(C)C)C(=O)NC(C)C(=O)NC(C)C(=O)N(C)C(CC(C)C)C(=O)N(C)C(CC(C)C)C(=O)N(C)C(C(C)C)C(=O)N1C,[ 0.48225838  0.83514136 -0.7989687  -0.94459367  0.06766873]
Cc1c(C(=O)NCCO)[n+]([O-])c2ccccc2[n+]1[O-],[ 0.20989008  0.7655254   0.7535682  -0.03904617 -0.25673598]
CNC(=O)ON=C(C)SCC(=O)N(C)C,[ 0.24772792  0.16579527 -1.          1.          0.22126818]
C=CCOc1ccccc1OCC(CNC(C)C)OC(=O)C1CC1,[ 0.07842684  0.4190261  -0.8504559  -0.9638233  -0.14046146]
CCCCN(CCCC)CCCC,[ 0.04892118  0.85169095 -0.5720926  -0.7192425  -0.36132517]
Cn1c(C(=O)NC2(C(=O)N[C@H](Cc3ccccc3)C(=O)NCCCN3CCOCC3)CCCC2)cc2ccccc21,[ 0.14741239  1.         -0.50586927  0.25293517 -0.42121127]
CCN(CC)N=Nc1ccccc1,[ 0.40955263 -0.19330338 -0.7391209  -0.28914124  0.15732813]
COc1cc2c3cc1Oc1cc(ccc1O)CC1c4c(cc(OC)c(O)c4Oc4ccc(cc4)CC3[NH+](C)CC2)CC[N+]1(C)C,[-0.01286837  0.8815517  -0.7578772  -0.6857636  -0.173442  ]
CC(=O)N[C@H](C)C(=O)NCCc1ccccc1,[-0.02958773  0.28735194 -0.47048137 -1.         -0.17400794]
O=P([O-])([O-])C(O)(Cn1ccnc1)P(=O)([O-])O,[-0.7072511   0.7069385  -0.70363986  0.19849588  0.00475786]
C1CSCCO1,[ 0.3151073   0.83603495 -0.7865039  -0.43152538  0.11829962]
CC(C(=O)O)c1ccc(C(=O)c2cccs2)cc1,[-0.33242303 -0.7593556  -0.5252675   0.5993326  -0.16250665]
c1cc2c(c(N3CC[NH2+]CC3)c1)OCCO2,[ 0.45579067  0.6424081   0.08545095 -0.24319215 -0.18158658]
CCCCOC(=O)CC(SC(CC(=O)OCCCC)C(=O)OCCCC)C(=O)OCCCC,[-0.26030996  0.45981285 -0.40019917 -0.31102747  0.24757013]
CC#CCC(C)C(O)/C=C/C1C(O)CC2C/C(=C/CCCC(=O)[O-])CC21,[-0.5568232   0.7620547  -0.4774386  -0.46826255 -0.04400793]
CCC(=O)OCc1ccc(OC)cc1,[ 0.5220873   0.20561792 -0.5431377  -0.8357564   0.08742531]
CN=C=S,[ 0.28325194  0.9266293  -0.65153897 -0.5788009   0.6933289 ]
Nc1c(CC(=O)[O-])cccc1C(=O)c1ccc(Br)cc1,[-0.06586571  0.7523853  -0.8569074  -0.7803326   0.25851882]
CO/N=C(\C(=O)N[C@@H]1C(=O)N2C(C(=O)O)=C(COC(C)=O)CS[C@H]12)c1csc(N)n1,[ 0.39922154  0.8861368  -0.44791907 -0.2973637   0.14443767]
CCNc1nc(NCC)nc(OC)n1,[ 0.21263981  0.50531024 -0.5670479  -0.88859934 -0.12897842]
CCCCSCCCC,[ 0.4035078  0.6339016 -0.7803009 -0.9732798 -0.084095 ]
O=C(O)CCC(=O)c1ccc(-c2ccccc2)cc1,[ 0.2656864   0.75545615 -0.6224941  -0.25983036  0.8749228 ]
[NH3+]CC1CCC(C(=O)[O-])CC1,[-0.17716534  0.55823505 -0.469281    0.4554499  -0.02689424]
C=CCOc1ccccc1C(N)=O,[ 0.19048153  0.7747515  -0.76679254 -0.8307279  -0.3887591 ]
CC(=Cc1ccccc1)C=C1SC(=S)N(CC(=O)O)C1=O,[ 0.39298734  0.9025988  -0.57145774 -0.9375979   0.37442663]
O=CNc1cc([C@@H](O)CNCCc2ccc(NC[C@H](O)c3ccccc3)cc2)ccc1O,[-0.5195546  -0.21001506 -0.76505375 -0.6417105  -0.16935197]
CCN(CC)CCCCCCCCCCNC(=O)Oc1ccc2c(c1)C1(C)CCN(C)C1N2C,[ 0.26753032  0.3988514  -0.08931715 -0.8941524   0.42042333]
O=S1(=O)CCN(c2ccccc2)CC1,[ 0.5851413   0.8081163  -0.71652746 -0.7249501  -0.3157829 ]
CC(=O)c1c(C)c2cnc(Nc3ccc(N4CCNCC4)cn3)nc2n(C2CCCC2)c1=O,[-0.6373481   0.89043117 -0.5371496  -0.8038962   0.21493188]
O=C(O)c1cccc(Cl)n1,[-0.06013234  0.88475823 -0.63449925 -0.33355752 -0.40741768]
O=c1[nH]c2ccccc2n1CCC[NH+]1CCC(n2c(=O)[nH]c3cc(Cl)ccc32)CC1,[ 0.22794992  0.6168127   0.50763303 -0.99133897 -0.21245779]
CS(=O)(=O)c1ccc(C(O)C(COC(=O)C[NH3+])NC(=O)C(Cl)Cl)cc1,[ 0.049179    0.79155654 -0.5471861  -0.371811    0.6690808 ]
Cc1ccc(-c2ccccc2)cc1,[ 0.10463589  0.43010965 -0.9825991  -1.         -0.37204686]
CCOc1ccccc1OC(c1ccccc1)C1C[NH2+]CCO1,[ 0.41964242  0.8421283  -0.6837924  -0.953304   -0.48671955]
O=CC=CC1CO1,[ 0.45971036  0.8256002  -0.7448377  -0.7193784  -0.22312604]
Cc1cc(=O)cc(-c2ccccc2)o1,[ 0.30126446  0.68478024 -0.6510352  -0.86272305 -0.19396797]
CCOc1nc(C(Cl)(Cl)Cl)ns1,[-0.03477377  0.83736783 -0.713514   -0.53111637  0.57156956]
CCOP(=S)(OCC)Oc1cc(-c2ccccc2)on1,[-0.08945072  0.7549892   0.6933686  -0.11549903 -0.10825552]
CCNC(=O)ON=C1SCOC1C,[ 0.27137226  0.6940701  -0.533447   -0.73736984 -0.4553573 ]
O=C(O)c1ccccc1C(=O)Nc1cccc2ccccc12,[ 0.4533191   0.6831909  -0.6473778  -0.88762516 -0.20849958]
COc1cc2c(c3oc(=O)c4c(c13)CCC4=O)C1C=COC1O2,[-0.12855019  0.9065713  -1.         -0.79846936 -0.37147325]
COCCOC(=O)CC#N,[ 0.22281471  0.80155426 -1.         -0.81043184 -0.11730032]
O=NN(c1ccccc1)c1ccccc1,[ 0.191065    0.99283713 -0.63228536 -0.8799927  -0.21630836]
CC(=O)OO,[-0.27632     0.8095341  -0.50575036 -0.717475    0.15927374]
Oc1ccc2[nH]c(C(F)(F)F)nc2c1,[-0.02373057  0.95221776 -0.9768814  -0.5969738  -0.23117495]
C[C@@H]1NC(=O)[C@@H](C)N(C)C(=O)[C@@H](C)N(C)C(=O)[C@H](C)NC(=O)[C@H](C)N(C)C(=O)[C@@H](C)N(C)C1=O,[ 0.14215629  0.03357764 -0.51463985 -0.3947708  -0.02073919]
CC(=O)Oc1ccc2c3c1OC1C(OC(C)=O)C=CC4C(C2)[NH+](C)CCC341,[ 0.29801488  0.03736224 -0.5522932  -0.03493968  0.39121583]
C[Si](C)(Cl)Cl,[ 0.6158049   0.7697183  -0.7244055  -0.8482042  -0.19459479]
CC(=O)Oc1cccc(Oc2ccc(C(F)(F)F)cc2Cl)c1,[ 0.26318645  0.97197    -0.8278188  -0.6676683  -0.19772194]
C=CC(=O)OC1CC2CCC1C2,[-0.07994221 -0.33199805 -0.36841872 -0.22181742 -0.15226716]
C=CC(=O)N1CN(C(=O)C=C)CN(C(=O)C=C)C1,[ 0.473031    0.21045822 -0.82510644 -0.70917404 -0.30798233]
CC1(C)C2CC=C(CCO)C1C2,[ 0.33601183  0.5961327  -0.6006046  -0.380347    0.18638091]
CCCCCCCCCCCCNC(N)=S,[-0.12671192  0.9405577  -0.8590159   0.02397696 -0.2111341 ]
CCCCCCCCOC(C)=O,[-0.28233182  0.5308761  -0.8348063  -0.8926616  -0.5098034 ]
NNC(=O)c1ccncc1,[-0.687802    0.41010445  0.068074   -0.93848073  0.02787275]
O=C(COc1ccc(Cc2ccc(Cl)cc2)cc1)OCc1cccnc1,[-0.19436106  0.8069334  -1.         -0.8397214  -0.21924402]
CC1(C)C(C=C(Cl)Cl)C1C(=O)OCc1c(F)c(F)c(F)c(F)c1F,[ 0.27989155  0.86472136 -0.9363008  -0.76598835  0.01244557]
C=C(OP(=O)(OC)OC)c1ccc(Cl)cc1Cl,[ 0.43646795  0.859938   -0.79454744 -0.6246851   0.17621729]
C[C@H](CSN=O)C(=O)N1CCC[C@@H]1C(=O)O,[-0.06267391  0.83385956 -1.         -0.8573467   0.13800219]
C=CC(C)CCCC(C)(C)O,[ 0.12869856  0.6016064  -0.5216416  -0.6270042  -0.20553109]
CC(=O)N1CCN(c2ccc(OC[C@H]3CO[C@](Cn4ccnc4)(c4ccc(Cl)cc4Cl)O3)cc2)CC1,[ 0.251729    0.8808255  -0.30143613 -0.85650855 -0.538782  ]
CN(C)CCOCCOCCN(C)C,[ 0.01787911 -0.7977686  -0.8028792  -0.6783858  -0.22940482]
C[C@H](CO)Nc1nc(SCc2ccccc2F)nc2[nH]c(=O)sc12,[-0.23593171  0.88612413 -0.13910969 -0.9813338   0.23641668]
O=C(OCCc1ccccc1)c1ccccc1,[ 0.46183115  0.43097007 -0.807862    0.30869082  0.04212664]
O=C1c2cccc(S(=O)(=O)O)c2C(=O)c2c1cccc2S(=O)(=O)O,[ 0.2712991   0.5198072  -0.69565743 -0.75843596 -0.17551732]
CSc1ccc(C(=O)c2[nH]c(=O)[nH]c2C)cc1,[ 0.08555543  0.9078889  -0.8266996  -0.5691924  -0.24846528]
C[C@]12C[C@H](O)[C@H]3[C@@H](CCC4=CC(=O)CC[C@@]43C)[C@@H]1CC[C@]2(O)C(=O)CO,[ 0.41609535  0.49715033 -0.41242504 -0.36070666 -0.9007459 ]
O=C(O)CCCCCC(=O)O,[ 0.40829435  0.9880449  -0.86424726 -0.683464    0.06935821]
Cc1ncccc1Oc1ncnc(OC2CCN(C(=O)OC(C)C)CC2)c1C,[ 0.23081242  0.74808264 -0.70147306  0.09096888 -0.33733216]
CCN(CC)c1ccc(-c2nc(=O)n(C)nc2-c2ccc(N(CC)CC)cc2)cc1,[-0.15555932  0.09273324 -0.6518723   0.6769693   0.14754869]
NC(=S)NNCNNC(N)=S,[-0.34036264 -0.67862153 -0.8597048  -0.45417202 -0.06207783]
CC(=O)CCc1ccc(O)cc1,[ 0.17235887  0.7244158  -0.9219508  -0.70595306 -0.7982034 ]
COc1ccc(-c2nc3c(NCCCNC(C)=O)c(Br)cnc3[nH]2)cc1,[ 1.          0.90642065 -0.85009456 -0.21228044 -0.29811627]
CN1CCC(=C2c3ccccc3Sc3ccccc32)CC1,[ 0.17826666  0.8821553  -0.92886597 -0.68636566 -0.33102483]
Cc1cn([C@H]2CCCN(S(=O)(=O)c3ccc(C(N)=O)c(Oc4cccc(Cl)c4)c3)C2)c(=O)[nH]c1=O,[ 0.14648183  0.56682354 -0.70439833 -1.         -0.2105769 ]
CC(C)=CCl,[ 0.00646391  0.89662534 -0.92277247 -0.56067204  0.5377548 ]
CCCCOP(=O)(OCCCC)Oc1ccccc1,[ 0.6605011   0.86891866 -0.99228495 -0.855257   -0.19514531]
FC(F)(F)c1nc2c(Br)c(Cl)c(Br)cc2[nH]1,[ 0.01750068  0.71802306 -0.6016403  -0.45564443  0.00597457]
Cc1ccn(C(=O)NCCCCCCCl)n1,[ 0.3511902   0.06310388 -0.59388566  0.5578429   0.07990582]
Cc1c(C(C)C)c(=O)n(-c2ccccc2)n1C,[ 0.20767613  0.88729167  0.2859754  -0.31942087 -0.01896424]
Oc1ccc2c(c1)CCC2,[ 0.409437    0.8132701  -0.90487987 -0.7648494   0.02290856]
N#CCCCCC#N,[-0.16497067  0.7889161  -0.8753033  -0.6967134  -0.34836346]
C=CCNC(=S)Nc1ccccc1,[-0.25134847 -0.9604199  -0.77576774 -0.19172786  0.03185634]
CNC(=O)c1cccc2c(Nc3ccc(NS(C)(=O)=O)cc3OC)c3cccc(C)c3[nH+]c12,[ 0.39440903  0.82667154 -0.6930491  -1.         -0.27300686]
CN1CCN(CCC=C2c3ccccc3Sc3ccc(S(=O)(=O)N(C)C)cc32)CC1,[-0.16953176 -0.2038924  -0.76598173 -0.7027915  -0.23700428]
O=CCc1ccccc1,[ 0.01385724 -0.10381376 -0.8066076   0.52104324 -0.17002171]
CCCSP(C)(=S)OP(C)(=S)SCCC,[-0.19155256  0.8561168  -1.         -0.9693548  -0.09122846]
Cc1nccc(-c2ccc(-c3nc4ccncc4c(O)c3C#N)cc2)c1Cl,[ 0.3039735   0.9658046  -0.4145843  -0.9813927  -0.15457441]
Nc1nc2c(Cc3cccnc3)c[nH]c2c(=O)[nH]1,[ 0.0770696   0.879968   -0.73053414 -0.9774649   0.14398085]
CN(C)c1ccc(N=Nc2ccccc2)cc1,[ 0.0206214   0.7567448  -1.         -0.75590837 -0.3817573 ]
COc1ccc2ncc(F)c(CCN3CCC(NCc4cc5c(cn4)OCCO5)CC3)c2n1,[ 0.16977476  0.9643519  -0.5848376  -0.7320783  -0.44250658]
Cc1cc(OC(=O)N(C)C)n(C(C)C)n1,[-0.30551958  0.84863704 -0.3743917   0.46045274  0.16559567]
COP(=S)(OC)SCc1nnc(SC)s1,[ 0.13853134  0.89841646 -0.5251036  -0.68559813  0.4797896 ]
S=C=NCCN=C=S,[-0.47675171  0.47525153 -0.5958616  -0.64455706 -0.45911548]
O=C(NCCNCC(O)COc1ccc(O)cc1)N1CCOCC1,[ 0.04971854  0.32379135 -0.92676246 -0.82604295 -0.36227039]
C1=CCCC=CCCC=CCC1,[-0.3320482   1.         -0.63389516 -0.9437894  -0.29898944]
CC(C)NCC(O)COc1cccc2ccccc12,[ 0.33371028  0.8616123  -0.8322035  -0.7464726  -0.27787673]
CC(=O)[C@H]1CC[C@H]2[C@@H]3CC[C@@H]4C[C@H](O)CC[C@]4(C)[C@H]3CC[C@]12C,[-0.16128969  1.         -0.9186726  -0.862257   -0.19797185]
COC(C)CC(=O)O,[ 0.17731044  0.894983   -0.81179804 -0.80308735 -0.51709956]
CCCCCCCc1ccccc1O,[ 0.2778293   0.30199865 -0.76836437 -0.8232953  -0.367597  ]
CCOC(=O)COC(=O)c1cc(Oc2ccc(C(F)(F)F)cc2Cl)ccc1[N+](=O)[O-],[ 0.20639123  0.7852456  -0.2788657  -1.         -0.19396096]
CC(C)(O)c1ccccc1,[ 0.24310715  0.8933264  -0.8959336   0.39200377 -0.16885327]
COP(=O)(SC(C)C)SC(C)C,[-0.2941601   0.7641982  -0.13402103 -0.01885948 -0.47060025]
Fc1cc2nc(C(F)(F)F)[nH]c2cc1Cl,[ 0.06808388  0.8088503  -0.7479353  -0.81034476 -0.52744734]
CCOC(=O)c1ccc(C#Cc2ccc3c(c2)C(C)(C)CCS3)nc1,[-0.19094916 -0.22065729 -0.6152735  -0.16041213 -0.13707517]
CCCCOC(C)OCCCC,[-0.4654016   0.8143311   0.30426708 -0.57460344  0.02220484]
CCS(=O)(=O)c1ccc(-c2cc(Cl)ccc2OCC(=O)O)cc1,[-0.5109968   0.77444255  0.11806458 -0.9969555   0.24956913]
FC(F)=C(F)CCSc1ncccn1,[-0.12855197  0.5596576  -0.67423517 -1.          0.00674013]
Cc1cncc(C)n1,[ 0.6898572  0.7639678 -0.5640428 -0.9235499 -0.6034028]
Clc1ccc(Cl)c(Cl)c1,[-0.38920406  0.94116485 -0.80635273 -0.9415723   0.46150216]
COc1cc2c3c(c1O)C1(C=CC(=O)C=C1)CC3N(C)CC2,[-0.10448308  0.7030423  -0.808378   -0.10538871  0.08943648]
OCc1ccccc1,[ 0.37964314  0.85457635 -0.7714036  -0.55953956  0.02098142]
Clc1cccc([Si]23OCCN(CCO2)CCO3)c1,[ 0.24361217  0.8583934   1.         -0.29046893  0.8003306 ]
Cc1ccc(N=C=O)cc1N=C=O,[ 0.07261736 -0.13770385 -0.702308   -0.86545765 -0.17048238]
CN(c1ccc(F)cc1F)c1c([N+](=O)[O-])cc([N+](=O)[O-])cc1C(F)(F)F,[ 0.23917826  0.27677563 -0.33836758 -1.          0.38267696]
Nc1nc2c(ncn2COCCO)c(=O)[nH]1,[ 0.2626938  -0.13171795 -0.6994035  -0.03597062  0.45815563]
N#Cc1cc(Br)c(O)c(Br)c1,[ 0.26952234  0.79998565 -1.         -0.88739645  0.6072769 ]
Cc1ccc(OP(=O)(Oc2ccccc2)Oc2ccccc2)cc1,[ 0.3848381   0.620624   -1.         -0.532096    0.10243144]
CN(CC=CC#CC(C)(C)C)Cc1cccc2ccccc12,[ 0.655859    0.95938706 -1.         -0.66329265 -0.20844793]
COC(=O)C1=C(C)NC(C)=C(C(=O)OCCN(C)Cc2ccccc2)C1c1cccc([N+](=O)[O-])c1,"[ 1.8134098e-01  8.6459690e-01 -6.8866569e-01 -8.0497605e-01
  1.8832748e-04]"
CCOc1ccccc1C(N)=O,[ 0.91716295  0.7623393  -0.575674   -0.22870506 -0.6238842 ]
CC(C)CCCCCN(CCCCCC(C)C)CCCCCC(C)C,[ 0.7417217   0.76515824  0.39217305 -0.46137932 -0.56498915]
CNC(=O)c1c(I)c(NC(C)=O)c(I)c(C(=O)[O-])c1I,[ 0.49721324  0.93177825 -0.6819736  -0.9638196  -0.34648082]
CCCCc1nc(Cl)c(CO)n1Cc1ccc(-c2ccccc2-c2nnn[nH]2)cc1,[ 0.10117238  0.78544897 -0.9147282  -0.42154717  0.32217914]
N#CCCOCCC#N,[-0.15546149  0.98609895 -1.         -0.8629556  -0.12258942]
COc1cc2c(cc1OC)C(CCc1ccc(Cl)cc1)N(C)CC2,[ 0.32813334  0.8207527   0.5127192  -0.39295724  0.32342595]
CC1OC(n2ccc(NC(=O)c3ccc(NC(=O)C(C)(N)CO)cc3)nc2=O)CCC1OC1OC(C)C(N(C)C)C(O)C1O,[ 0.4027304   0.9983516  -0.66477877 -0.7961597   0.25336215]
CCC(=O)OC1CCC2C3CCC4=CC(=O)CCC4(C)C3CCC12C,[ 0.08204113  0.4279692  -0.69817793 -0.8509162   0.97450113]
CCCCC(CC)C(=O)OC1=C(c2c(C)cc(C)cc2C)C(=O)c2ccccc21,[ 0.34311157  1.         -0.9369209  -0.65900993 -0.07644511]
CCC(C)C(CC)C(N)=O,[ 0.04251174  0.7941589   0.9459865  -0.37778816 -0.28607824]
CCC(=O)N(c1ccccc1)C1CC[NH+](CCc2ccccc2)CC1,[-0.09399527 -0.44899234 -0.59376395 -0.10651955  0.11153395]
CC(O)C(=O)Nc1c(I)c(C(=O)NC(CO)CO)c(I)c(C(=O)NC(CO)CO)c1I,[ 0.28000522  0.69413084  0.4576328  -0.63920593 -0.2740355 ]
CNc1c(C(N)=O)cnc2[nH]c(-c3ccc(OCCN4CCOCC4)cc3)nc12,[-0.0242477   0.6376539  -0.6064484  -0.72273844  0.34069112]
CCOC(=O)Cl,[-0.2459575  -0.09452001 -0.5786148  -0.37912756  0.05929657]
O=c1c2nocc2c(-c2ccccc2)nn1-c1ccccc1,[-0.5164954   0.32116678  0.04034926 -0.8086616  -0.01691776]
CCOC(=O)CCC1(CCC(=O)OCC)c2ccccc2-c2ccccc21,[-0.4613158  -0.4089673  -1.         -0.7330425   0.08688002]
CCCCCCCC[Si](OCC)(OCC)OCC,[ 0.18565017 -0.22467257 -0.5101441  -0.34232402  0.5953208 ]
CCCCN(CCCC)SN(C)C(=O)ON=CC(C)(C)SC,[ 0.27268463  0.7397368  -0.45705593 -0.77335256 -0.35454962]
CC(=O)N(C)c1ccc2ccn(-c3cc(NC4CC4)n4ncc(C#N)c4n3)c2c1,[ 0.17508885 -0.12501235 -0.64134836 -0.4695487  -0.11688636]
Cc1cc(Cl)ccc1OCCCC(=O)O,[ 0.48703     0.8461874  -0.83211905 -0.7607256  -0.18870585]
C=C(C)c1cccc(C(C)(C)N=C=O)c1,[ 0.09754683  0.88522965 -0.24882111 -0.81911886 -0.11037771]
NC(=O)[C@H](Cc1ccccc1)NC(=O)OCc1ccccc1,[ 0.42601842  0.92370296 -0.8629657  -0.718237    0.37224436]
CC(=O)CCCCCCCC(=O)O,[ 0.2728188   0.84570754 -0.81004536 -0.5624912  -0.3449994 ]
O=C(/C=C/c1ccc(O)c2c1C(C(=O)O)C(c1ccc(O)c(O)c1)O2)OC(Cc1ccc(O)c(O)c1)C(=O)O,[-0.10399272  0.7570778  -0.70996857 -0.924216   -0.22663103]
CC(=O)OC(C(Cl)(Cl)Cl)P(=O)(Oc1ccccc1)Oc1ccccc1,[ 0.03340873 -0.35641238 -0.42302072 -0.7317601  -0.24064651]
CC(=O)OC(C(=O)NC(N)=O)c1ccccc1,[ 0.1146292   0.6670856  -0.35416108  0.82326096  0.57724833]
Nc1ccc([N+](=O)[O-])cc1N,[ 0.59121144  0.69235975 -0.62587297 -0.25243223  0.04404807]
CC(=O)c1ccc2c(c1)N1C(=O)OCC1CC2,[ 0.23521331  0.50562423 -0.8721173  -0.8220603   0.12206101]
Nc1nc(-c2ccccn2)nc(N)c1Cc1ccc(Cl)cc1Cl,[-0.11802873  0.8551943  -1.         -0.4517219   0.69292235]
CCOC(=O)CCN(SN(C)C(=O)Oc1cccc2c1OC(C)(C)C2)C(C)C,[-0.4808814   0.95521396 -1.         -0.8350525  -0.21972111]
Cc1c(Sc2ccc(Cl)cc2)c2c(-c3cnccn3)cccc2n1CC(=O)O,[ 0.14733693  0.7808913  -1.         -0.54617643  0.07514943]
COP(=S)(OC)Oc1nc(Cl)c(Cl)cc1Cl,[ 0.06838639 -0.26310992 -0.82169974 -0.7918539  -0.01766593]
ClCC(Cl)=C(Cl)Cl,[ 0.42265698  0.7329515  -0.75696373 -0.8892876  -0.18464397]
CC(=O)Nc1ccc(C)c(NS(=O)(=O)C(F)(F)F)c1,[ 0.54251575 -0.0262076  -0.42506903 -0.5532177  -0.32125837]
C=C(CC(=O)c1ccc(-c2ccccc2Cl)cc1)C(=O)O,[ 0.16604494  0.60593855 -0.77167255 -0.9799418   0.654046  ]
CN(C)CCC(c1ccc(Cl)cc1)c1ccccn1,[ 0.50861025  0.91742456 -0.6956749   0.273383   -0.34056833]
C[Si](C)(C)CCCC(=O)O,[-0.18712239  0.93819016 -0.835455   -0.6126415  -0.07904617]
Clc1ccc(OCOc2ccc(Cl)cc2)cc1,[ 0.6108337   0.59450287 -0.46364203 -0.19776712  0.18885759]
COc1ccc2c3c1OC1CC(O)C=CC31CC[NH+](C)C2,[-0.3345405  -0.50784653 -0.8630081  -0.75911045  0.17074928]
CCCP(=O)(CCC)CCC,[-0.00602145  0.81032634 -0.7585165  -0.73176897  0.12679882]
CC1(C)SCN(C(=O)C2(Oc3ccc(Cl)cc3)CCCCC2)C1C(=O)O,[-0.0131785   0.6447926  -0.7025327  -0.84044945 -0.3753963 ]
CC(COc1ccc(Cl)cc1Cl)C(=O)O,[ 0.17317973  0.89686733 -0.6436567  -0.6765774  -0.16607153]
CC(=O)Oc1cc(C(F)(F)F)ccc1C(=O)O,[-0.1100202   0.82851005 -0.99986845 -0.21568131 -0.27278018]
C=CCSP(=O)(NC(=O)CC)OC,[-0.25139078  0.6711057  -0.49968454 -0.79136455 -0.11016569]
CCOC(C)COC(C)CO,[ 0.64111286  0.71796274 -0.8640852  -0.20234546 -0.02019164]
C=C(C)C(=O)OCCCC,[-0.08601956  0.86239403 -0.93761635 -0.84023356 -0.24380279]
Nc1nc(O)c(Cl)c(-c2ccccc2)n1,[-0.32085922  0.46699485 -0.9949648  -0.83300716 -0.12312207]
Nc1ccc(Cl)cc1Cl,[-0.03922855  0.59161574 -0.8328542  -0.5334198   0.04102351]
C=COC(=O)CCCCC(=O)OC,[ 0.26657856 -0.39927775 -0.9210114  -0.5525767   0.80561656]
S=C1NCCC(COc2ccccc2)O1,[-0.12775838  0.8554511  -0.7721028  -1.          0.5951877 ]
COc1cc(OC)c(S(=O)(=O)N(c2ccccc2)C(C)C)cc1NC(C)=O,[-0.2797782  -0.06458998 -0.59877074 -0.8983758  -0.17251723]
CCCOC(=O)Cc1ccc(OCC(=O)N(CC)CC)c(OC)c1,[-0.8225434   0.8257826  -0.54016995  0.21163842  0.2705845 ]
CCC(=O)OC1C(C)OC(OC2C(C)OC(OC3C(CC=O)CC(C)C(O)C=CC=CCC(C)OC(=O)CC(OC(C)=O)C3OC)C(O)C2N(C)C)CC1(C)O,[-0.31847915  0.8998617  -0.7495136  -1.         -0.39003283]
CC1CS1,[ 0.32224038  1.         -0.8089129  -0.9527738   0.03487733]
ClC(Cl)(Cl)c1ccc(C(Cl)(Cl)Cl)cc1,[ 0.03301286  0.6215854  -0.70051473  0.45753264  0.5009277 ]
O=CC1=CCCCC1,[ 0.34207395  0.8044327  -0.8466144  -0.692007   -0.34787843]
Cc1cc([N-]S(=O)(=O)c2ccc(N)cc2)no1,[-0.26788917 -1.         -1.         -0.5425899   0.04543753]
N#CCc1ccccc1,[ 0.23946075  0.7389865  -0.2718981  -0.6683737  -0.36876148]
COc1cc2nc(N3CCN(C(=O)c4ccco4)CC3)nc(N)c2cc1OC,[ 0.40369594  0.7954687  -0.8064045  -0.5236773  -0.12405148]
CNC(=O)Oc1cccc2c1OC(C)(C)O2,[ 0.22116926  0.83563364 -0.7953389  -0.8955945   0.18166041]
CCC(C)N(C)C(=O)c1cc2ccccc2c(-c2ccccc2Cl)n1,[ 0.5027102   0.920873   -1.         -0.7649863  -0.47483736]
O=C(Cc1ccc(OCc2ccccc2)cc1)NO,[ 0.00163153  0.54203135 -0.80119705 -1.         -0.14401269]
SCc1ccccc1,[ 0.23051926  0.51117873 -0.72086483 -0.86443746  0.61077935]
C[C@@H](NC(=O)C1CCCCN1C)c1ccc(Nc2ncc3cc(-c4ccncc4)ccc3n2)cc1,[-0.01469954  0.9979707  -0.78702706 -0.65814775 -0.08433839]
CCc1nn(C2CCCC2)c2c1CCn1c(-c3cccs3)nnc1-2,[-0.09250318  0.9178685  -0.6508786  -0.5370725  -0.10065085]
NC(=O)c1cnc(N[C@@H]2CCCC[C@@H]2N)nc1Nc1cccc(-n2nccn2)c1,[-0.55959404  0.8466554  -0.5433394  -0.8028024   0.11773358]
Cc1ccc(Nc2ccc(Nc3ccc(C)cc3)c3c2C(=O)c2ccccc2C3=O)cc1,[ 0.28663877  0.35054284 -0.906778   -0.9336353   0.23575476]
CC(C)(C)NC(=O)NCCN1CCCC(NC(=O)c2cc(Cl)cc(Cl)c2)C1,[ 0.5101572   0.7523503  -0.26416877 -0.31919613 -0.16833411]
CC(=O)C1(O)Cc2c(O)c3c(c(O)c2C(OC2CC(N4CC4)C(OS(C)(=O)=O)C(C)O2)C1)C(=O)c1ccccc1C3=O,[-0.18048109  1.         -0.9832855  -0.8512188  -0.16415511]
CCOC(C1=NCCCN1)c1c(Cl)cccc1Cl,[ 0.2514432   0.6039712  -0.2968966  -0.5301527  -0.21270247]
CN(C)C(=O)C(CCN1CCC(O)(c2ccc(Cl)cc2)CC1)(c1ccccc1)c1ccccc1,[-0.21882999  0.23765819 -0.6273256  -0.07487404 -0.22227669]
COc1nccnc1NS(=O)(=O)c1ccc(N)cc1,[ 0.3985916  0.8916155 -0.8186139 -1.         0.1366852]
CCN(CC)c1ccc2cc(C(=O)NC3(C(=O)N[C@H](Cc4ccccc4)C(=O)NCC4CCN(CC5CCOCC5)CC4)CCCC3)sc2c1,[-0.47136012  0.40773234 -0.35302833  0.8124844  -0.34395003]
CCCCCCCCCCCCCCCCCC(=O)Cl,[ 0.46439326  0.7745862  -0.92731136 -0.76758415 -0.25411645]
CC(C)Oc1cc(-n2cnc3ccc(N[C@@H](CO)c4ccc(F)cn4)nc32)n[nH]1,[-0.52622396  0.81932    -0.5031286  -0.72129977 -0.22809863]
CCc1cc2c(s1)-n1c(C)nnc1CN=C2c1ccccc1Cl,[-0.12360274  0.949254   -0.8604204  -0.8338603  -0.51026523]
FC(F)(F)c1nc2c(Cl)c(Cl)cc(Cl)c2[nH]1,[-0.02463533  0.7664286  -0.68632436 -0.7688674  -0.2854899 ]
CCOP(=S)(NC(C)C)Oc1ccccc1C(=O)OC(C)C,[-0.31646913  0.85882956 -1.         -0.7547089   0.5882087 ]
Cc1cccc(Nc2ccncc2S(=O)(=O)[N-]C(=O)NC(C)C)c1,[-0.09961385  1.          0.5641246  -0.48427847 -0.37073916]
CC(C)[N+](=O)[O-],[ 0.38687566  0.96206075 -0.91071355 -0.6416271  -0.2783562 ]
CC([NH3+])Cc1ccccc1,[-0.11068971  0.50160474 -0.81327534 -0.771657   -0.4728263 ]
CCC(=O)CC,[-0.09179778  0.9381502  -0.94473666 -0.85590965 -0.24656354]
CNC(=O)Oc1cc(C)c(N(C)C)cc1C(C)C,[ 0.61459494  0.8887844  -0.85872024 -0.24235564 -0.04300014]
Cc1cccc(C)c1NC(=O)C1CCCC[NH+]1C,[ 0.41447222  0.72886574 -1.         -0.4518664  -0.26991007]
C=CS(C)(=O)=O,[-0.05533418  0.7182376  -0.87688875 -1.          0.2955162 ]
CCCCCCOC(=O)C(O)c1ccccc1,[ 0.40117374  0.5471819  -0.70643497 -0.80344605 -0.17208256]
CNC(=O)OCc1cccc(COC(=O)NC)n1,[ 0.20091459  0.69349355 -0.91663617 -0.08110606 -0.37595835]
O=C(OCC=Cc1ccccc1)c1ccccc1,[ 0.23661835  0.00611758 -1.         -0.8264118  -0.22446972]
CC(C)C1NC(=O)c2ccccc2O1,[ 0.12688732  0.86669207 -0.74540776 -0.97854424 -0.08453052]
Cc1ccc2nc(C[N+]34CCC(CC3)[C@@H](OC(=O)[C@](C)(c3ccccc3)N3CCCCC3)C4)oc2c1,[ 0.56502926  0.85009825 -1.         -0.25135735 -0.6245926 ]
Nc1ccn([C@@H]2O[C@H](CO)[C@@H](O)C2(F)F)c(=O)n1,[ 0.03985248 -0.27014253 -0.69192547 -0.6829011  -0.1678645 ]
CC(C)(c1ccc(Oc2ccc(N)cc2)cc1)c1ccc(Oc2ccc(N)cc2)cc1,[-0.5596884   0.77173316 -0.21217075 -1.          0.3856787 ]
COC(=O)c1cc(Oc2ccc(Cl)cc2Cl)ccc1[N+](=O)[O-],[-0.05411414  0.3590607  -0.7375238  -1.         -0.33409503]
COc1cc(C2c3cc4c(cc3C(OC3OC5COC(C)OC5C(O)C3O)C3COC(=O)C23)OCO4)cc(OC)c1O,[ 0.02843908 -0.2415784  -0.46387288 -0.6528969  -0.11723809]
CC(C)(C)NCCO,[ 0.05987346  0.5483102  -0.7370696  -0.79066175  0.5131489 ]
CC1(C)C2CCC1(C)C(O)C2,[-0.12793088  0.83886087 -0.9310232  -0.72057354 -0.16711028]
C[C@@H](NC1=CC(=O)CNC1)c1ccc(Nc2ncc3cc(-c4ccncc4)ccc3n2)cc1,[ 0.23653531  0.7265018  -0.8769467  -0.41361308  0.42177433]
CN(C)N(C)N=O,[ 0.03900458  0.99858654 -0.82093006 -0.91237426  0.47786158]
CCOP(=S)(OCC)SCSCc1ccccc1,[-0.19168185  0.8652503  -0.7382465  -0.68035364  0.07795311]
CCCCOC(=O)c1ccc(-n2nc(OCCN3CCCCC3)c3ccccc32)cc1,[ 0.17980964  0.9568057  -0.61104196 -0.9042324   0.50410295]
Cc1cccc(C)c1O,[ 0.03647935  0.23817542 -0.71362454  0.1511589  -0.15536956]
C[C@H](CO)Nc1nc(SCc2cccc(F)c2F)nc2nc(N)cnc12,[ 0.35232833  0.2524058  -0.6452297  -0.8671805  -0.22164664]
CCCc1nnc(CSP(=S)(OCC)OCC)o1,[-0.10091024  0.8985831  -0.8378046  -0.53051674 -0.36908472]
O=C(CF)Nc1ccccc1,[-0.35492662  0.9186958  -0.76104766 -0.9027726  -0.27816612]
C#CC1(O)C(CO)OC(n2ccc(N)nc2=O)C1O,[-0.21575671  0.58075523 -0.756518   -0.76582086 -0.17094484]
CO/N=C(/C(=O)NC1C(=O)N2C(C(=O)[O-])=C(C[N+]34CCC(C(N)=O)(CC3)CC4)CSC12)c1nsc(N)n1,[ 0.10968754  0.77886415 -0.71459854 -0.9961657   0.18075442]
O=C(O)c1nn(Cc2ccc(Cl)cc2Cl)c2ccccc12,[0.10117003 0.7498938  0.42022473 0.68075055 0.30939478]
CCCNC(=N)C(OCC)c1ccccc1,[ 0.41926864  0.9441031  -0.6369772   0.00113924  0.2215341 ]
O=[N+]([O-])c1cc2[nH]c(C(F)(F)F)nc2cc1Cl,[ 0.6591397   0.68261623 -0.84076494 -0.622804   -0.61714715]
CNC(=N)c1cccc(CC(CC(=O)N2CCC(C)CC2)NS(=O)(=O)c2ccc3ccccc3c2)c1,[-0.661743   -0.41864106 -0.77909464  0.15243563  0.5351915 ]
O=P(O)(O)C(O)(Cn1ccnc1)P(=O)(O)O,[-0.4489458   0.73665977 -0.8887911  -0.7142915   0.00853836]
CC(=O)C1OC1(C)C,[ 0.15112367  0.80971074 -0.7804508  -0.686378   -0.5470411 ]
Cn1c(=O)sc2cccc(Cl)c21,[ 0.23308131  1.         -0.91813153 -0.8591108  -0.19516383]
CCN(CC)CCO,[ 0.30268636  0.91102886 -0.7154089  -0.826487   -0.24856707]
CO/N=C(\C(=O)N[C@@H]1C(=O)N2C(C(=O)O)=CCS[C@H]12)c1csc(N)n1,[ 0.22042553 -0.21188235 -0.24555103 -0.06982289 -0.21633881]
CN(C)C(Cc1ccccc1)c1ccccc1,[ 0.52744484  0.8207061  -0.80202305 -0.95637757 -0.3270133 ]
CN(C)CCCNCCCN(C)C,[ 0.46065181  0.69090396 -0.8481349   0.26929504  0.44751525]
COc1ccc2c3c1OC1C(O)C=CC4C(C2)[N+](C)([O-])CCC341,[ 0.15920037  0.9817683  -1.         -0.922973    0.07109258]
C[C@@H]1CN(Cc2ccc(F)cc2)CCN1C(=O)COc1ccc(Cl)cc1NC(N)=O,[ 0.25237614  0.4500378  -0.20565824 -0.887455   -0.21237017]
CSCCC([NH3+])C(=O)NC1(C(=O)[O-])CS(=O)(=O)C2C(C(=O)[O-])C21,[-0.04462066  0.6627615  -0.29537535 -0.9146587  -0.29969117]
CC(C)(C)c1cc(CCC(=O)OCCSCCOC(=O)CCc2cc(C(C)(C)C)c(O)c(C(C)(C)C)c2)cc(C(C)(C)C)c1O,[ 0.2829337   0.8646387  -0.88552386 -1.          0.06265388]
O=C(O)COc1ccc(C(=O)CN2CCN(C3CCNCC3)CC2=O)cc1,[ 0.6127963   0.59662354 -0.70697135 -0.9704938  -0.0432627 ]
COC(=O)/C=C/CNC(=O)CN1C(=O)[C@@H](COC(=O)Nc2ccc(Cl)cc2C(F)(F)F)N=C(c2ccccc2)c2ccccc21,[-0.13246839  0.71618646 -1.         -0.6340489   0.74958247]
NCCNCCNCc1ccccc1O,[ 0.05477179  0.92080116 -0.67833555 -0.93459946  0.47417244]
C=COC(=O)C=CC,[-0.02497352  0.80813706  0.4269689  -0.38430932  0.18150885]
CCOC(=O)CCN(Cc1ccccc1)SN(C)C(=O)ON=C(C)SC,[-0.33539566  0.874561   -0.8013049  -0.5178985  -0.05269842]
COc1ccc([N+](=O)[O-])cc1N,"[-2.3418288e-04  7.8643048e-01 -4.4850153e-01 -2.4545376e-01
 -4.3067300e-01]"
COc1ccc(C(=O)Nc2ccccc2CCC2CCCCN2C)cc1,[ 0.49682453  0.4172947   0.05460225 -0.8588413  -0.46264765]
CC(O)C(Cl)(Cl)Cl,[-0.15702818  0.93115264 -0.69080573 -0.0946546   0.5228999 ]
CN(C)C(=O)Nc1cc(C(C)(C)C)on1,[ 0.15950568  1.         -0.84722614 -0.73378557 -0.15534848]
O=C(NCc1ccc(OC(F)(F)F)cc1)C1c2ccccc2C(=O)N1CCc1ncc(F)cn1,[ 0.23838934  0.77496624 -0.8451322  -0.8043393   0.05684743]
Cc1cc(=O)nc(SCc2ccccc2N(C)C)[nH]1,[ 0.0278022   0.84143263 -0.88286287 -0.95463467 -0.2322551 ]
Cc1nn(C2CCCCC2)c(N)c1-c1ccccc1,[ 0.2625506   0.90339977 -1.         -1.         -0.35466418]
Cc1ncc(CS)c(CO)c1O,[-0.0716791   0.5492201  -0.85048753 -0.8871824  -0.03351491]
COc1c(OCc2ccc(-c3ccccc3-c3nnn[nH]3)cc2)cc(C)nc1C,[ 0.4219487   0.80213    -0.7881487  -0.35359502 -0.36798158]
COc1ccc(CC(C)=O)cc1,[ 0.32769057  0.15827282 -0.3548386  -0.798211   -0.00284145]
CC#CN(CC)CC,[ 0.11564653  0.49761668 -0.9462928  -0.81789917 -0.29651052]
CC(C)c1cccc(C(C)C)c1O,[ 0.6782886   0.75890666 -0.21149224 -1.         -0.4380522 ]
C=C1CC23CC1(O)CCC2C12C=CC(O)C(C)(C(=O)O1)C2C3C(=O)O,[ 0.2784523  -0.2283854  -0.66912496 -0.70089257  0.00483792]
O=c1n(CC2CO2)c(=O)n(CC2CO2)n1CC1CO1,[ 0.1494792   0.77056885 -0.93018085 -0.8875419  -0.3479642 ]
NCCCNCCSP(=O)(O)O,[ 0.34729284  0.44231752 -1.         -0.629982   -0.4395622 ]
Cc1ccc(N=CN(C)SN(C)C=Nc2ccc(C)cc2C)c(C)c1,[ 0.1997227   0.8625085   0.22600454 -0.54745233 -0.21017413]
CCCSP(=S)(OC)SCCC,[ 0.4949904   0.90242183 -0.855601   -0.4008372  -0.14079332]
CCCCCC(=O)O,[ 0.0091118   0.8080847  -0.79330933 -0.978959    0.10562778]
O=C(CCCN1CCC(O)(c2cccc(C(F)(F)F)c2)CC1)c1ccc(F)cc1,[ 0.2872676   1.         -0.84560984 -0.5331276  -0.04628688]
C1=CC2C=CC1C2,[ 0.15820369  0.92668504 -0.9946684  -0.6850344   0.06455976]
CCCCCCCCC1OC1CCCCCCCC(=O)OCC1(CC)OC1CCC,[ 0.29335293 -0.43011463 -0.6248799  -0.5758947   0.06447857]
CC(=O)NC(CS)C(=O)[O-],[ 0.39035234  0.56098115 -0.3233753  -0.67842716 -0.1403926 ]
COc1ccc(CC2NCC(O)C2OC(C)=O)cc1,[ 0.07799496  0.3875058  -0.6919635  -0.34794095  0.16819663]
CC(NC(C)c1ccccc1)c1ccccc1,[ 0.35719198  1.         -0.77778697 -0.9009501   0.26108637]
O=C(/C=C/c1ccccc1)NCCO,[-0.5837657   0.75317466 -0.6684975  -0.36857384  0.17289151]
COc1cc(OC)c(S(=O)(=O)NCc2ccccc2N2CCCCC2)cc1NC(=O)CCC(=O)O,[ 0.16508469  0.68963796  0.66280264 -0.2927573  -0.25022706]
COc1ccccc1NC(=O)CC(C)=O,[-0.0667489   0.33633953 -0.80979055 -0.7543946  -0.12921801]
Oc1ccc(O)cc1,[ 0.1376875   0.8225108  -0.5316985   0.02116643 -0.07007874]
FC(F)(F)c1nc2cc(Br)c(Cl)cc2[nH]1,[-0.26752496  0.6731653  -0.99153155 -0.41353726  0.4307193 ]
CNc1c(Br)cnc2[nH]c(-c3ccc(S(C)(=O)=O)cc3)nc12,[ 0.1502336   0.762698   -0.99402076  0.23647533 -0.07909786]
O=[N+]([O-])c1ccc(C=NNC(=S)N2CCCC2)o1,[-0.04611407  0.83216566 -0.4463355  -0.7525473   0.24690309]
C=CC(=O)OCC(=O)OCC,[-0.53112066  0.73337096 -1.         -0.92881215  0.09236937]
CCOP(=S)(OCC)OC(=CCl)c1ccc(Cl)cc1Cl,[ 0.41141027  0.2502019  -0.33081952  1.          0.8058038 ]
C#CCN1C(=O)CN=C(c2ccccc2)c2cc([N+](=O)[O-])ccc21,[ 0.37561503  0.8570417  -0.96524805 -0.6268687  -0.33364406]
Cc1onc2c(=O)n(C)nc(-c3ccccc3)c12,[ 0.34567472  0.911954   -0.9096726  -0.7567956  -0.21356295]
O=C(Nc1cccc(Cl)c1)OCC#CCCl,[-0.03482205  0.8477149  -0.99084175 -0.9883738  -0.2304897 ]
CC(=O)N(C)C,[ 0.4857308   0.3123763  -0.91724414 -0.6979436  -0.21756798]
C[C@@H]1O[C@@H](O[C@H]2[C@@H](O)C[C@H](O[C@H]3C[C@](O)(C(=O)CO)Cc4c(O)c5c(c(O)c43)C(=O)c3ccccc3C5=O)O[C@H]2C)C[C@H](N)[C@@H]1O,[ 0.03886493  0.68130183  0.33030212 -0.43507975 -0.39871562]
COc1ccccc1Oc1c([N-]S(=O)(=O)c2ccc(C)cn2)nc(-c2ccncc2)nc1OC,[ 0.15846896  0.776895   -0.6784413  -0.6959541  -0.02674606]
CCC1OC(C)SC1=NOC(=O)NC,[ 0.35004535  0.20559889 -0.94259244 -0.60521823  0.44808897]
CC1CS(=O)(=O)CCN1N=Cc1ccc([N+](=O)[O-])o1,[ 0.1917918   0.7208642   0.39946634 -0.8130316  -0.10988748]
CC(C(O)c1ccc(O)cc1)[NH+]1CCC(O)(c2ccccc2)CC1,[-0.02561544  0.6354599  -0.5934987  -0.94864345  0.05277975]
CN[C@@H](C)[C@@H](O)c1ccccc1,[-0.36043194  0.45276266 -0.7897777  -0.7281006   0.78151023]
NC(=O)CF,[-0.24881059  0.79362    -0.83742124 -0.6057788   0.52745664]
O=[N+]([O-])c1ccc(Cl)c([N+](=O)[O-])c1,[ 0.5624499   0.8599147  -0.8265866   0.29185724  0.04280181]
CC(O)CO,[ 0.2663965  1.        -0.9534054 -0.7494088  0.8889329]
O=C(O)c1ccccc1-c1c2ccc(=O)cc-2oc2cc(O)ccc12,[-0.37268448  0.94790906 -0.7636782  -0.6056405   0.4258956 ]
Cc1cn([C@H]2CCCN(S(=O)(=O)c3ccc(C#N)c(Oc4cccc(Cl)c4)c3)C2)c(=O)[nH]c1=O,[ 0.49164823  0.42407855  0.01866293 -0.43843782 -0.07772157]
COc1cccc(OC)c1O,[-0.5806007   0.45631662 -0.838922   -0.7499743   0.03750424]
N=C(N)N[N+](=O)[O-],[-0.2904037   0.76418823 -0.7437788  -0.17727949 -0.46902528]
NCC(O)CO,[ 0.15998429  0.8457417   0.64950675  0.05132576 -0.3424223 ]
Nc1nc(Nc2ccc(S(N)(=O)=O)cc2)nn1C(=O)c1c(F)cccc1F,[ 0.32840478  0.89692545 -0.601907   -0.58833146 -0.25136197]
Cc1cc(-n2cccc2)c(S(C)(=O)=O)cc1C(=O)NC(=N)N,[ 0.31074396  0.76748264 -0.5921546  -0.5925645   0.18863498]
C[S+]([O-])Cc1ccc(C(=O)Nc2ccc(OCCOCCO)nc2C(=O)NCC2CCC2)c2ccccc12,[ 0.5073432   0.8648971  -0.903725   -0.82028705 -0.30385774]
CCOC(=O)Nc1ccc(NCc2ccc(F)cc2)cc1N,[ 0.02955403 -0.58422244 -1.         -0.8822873  -0.03888819]
OCC(O)C(O)C(O)CO,[ 0.53348696  1.         -0.26791245 -1.         -0.43456596]
COP(=S)(OC)Oc1ccc(C#N)cc1,[ 0.158242    0.04702952 -0.58281994 -0.7502602  -0.09903999]
c1ccc(C2CO2)cc1,[ 0.14244165  0.83808     0.1777411  -0.6575788  -0.31307822]
O=S(=O)(O)c1ccc2cc(Nc3cccc4c(O)c(S(=O)(=O)O)ccc34)ccc2c1O,[-0.02149193 -0.17103514 -0.90845627 -0.54038787  0.25693426]
COc1cc(C=CC(N)=O)ccc1O,[ 0.15638977  0.67663676 -0.8880962  -0.6713645  -0.11214439]
CC(C)Cn1c(=O)n(C)c(=O)c2c(C(=O)N3CC[C@@H](O)C3)c(Cc3c[nH]c4ccccc34)sc21,[ 0.4234297  0.6258296 -0.6573177 -0.8873641  0.1594437]
CCOC(=O)NCCOc1ccc(Oc2ccccc2)cc1,[-0.39442098  0.8824882  -0.8148108  -0.52736473  0.3009421 ]
COc1ccc(NC(=O)CF)cc1,[ 0.5046423   0.67658466 -1.         -0.8441079   0.0367152 ]
CC(=O)OCc1ccc(C(C)C)cc1,[-0.24941957  0.8603234  -0.98457944 -0.89867294  0.01217331]
CC[C@@]1(O)C(=O)OCc2c1cc1n(c2=O)Cc2cc3c(CN(C)C)c(O)ccc3nc2-1,[-0.4472182   0.82848406 -0.8233653  -0.6384951   0.0970801 ]
CCN1C(=O)C=CC1=O,[-0.03443518  0.78902805 -0.6153583  -0.6718838  -0.18709196]
C=CCC1/C=C(\C)CC(C)CC(OC)C2OC(O)(C(=O)C(=O)N3CCCCC3C(=O)OC(/C(C)=C/C3CCC(O)C(OC)C3)C(C)C(O)CC1=O)C(C)CC2OC,[ 0.30853987  0.53130627 -0.63129234 -0.9861714  -0.51887405]
CCCCOCCOCCCC,[ 0.2722839   0.6197193  -0.7264747  -1.          0.09827477]
CN(SSC(C)(C)C)C(=O)ON=C1SCCS1,[ 0.45962498  0.773128   -0.92484665  0.32449126  0.34887418]
CC(=O)Nc1ccc(CNc2[nH]nc3ccnc(Oc4ccccc4)c23)cc1,[ 0.13179912  0.69331706 -0.62923414 -0.82293826 -0.3489591 ]
Cc1nc(N)nc(N)c1-c1ccc(Br)cc1,[-0.0152448   0.8727838  -0.7724439  -0.4675666  -0.20480148]
O=C1NC(=O)C(c2ccccc2)(c2ccccc2)C(=O)N1,[ 0.5502981   0.22900656 -0.7942967  -0.73281896 -0.05613337]
Cc1c(Cl)c([N+](=O)[O-])c2[nH]c(C(F)(F)F)nc2c1[N+](=O)[O-],[ 0.05706711  0.5674499  -0.38938245 -0.80113256 -0.18354262]
CCOP(=O)(Cl)Cl,[ 0.41033983  0.8406857  -0.8876804  -0.6429459   0.2444718 ]
COC(C)C=O,[-0.91097695  0.7808672  -0.5314772  -0.7874492   0.23283881]
Clc1cc(Cl)c2nsnc2c1Cl,[-0.51044     0.93639964 -0.7856944  -0.8159485  -0.18118574]
Cc1c(Sc2ccc(Cl)cc2)c2c(-c3ccccc3)cccc2n1CC(=O)O,[ 0.5411834  0.9591352 -0.2772904 -0.615528   0.6552052]
C#CCc1ccc(COC(=O)C2C(C=C(C)C)C2(C)C)o1,[ 0.2992056  -0.27145362 -0.46978772 -0.6450484   0.1640799 ]
CCCCCNCCCCC,[ 0.04635174 -0.3347042  -0.4932463  -0.26372036  0.08845332]
CN1CN(CCO)CSC1=S,[ 0.1775125   0.8307076  -0.89675725 -0.8125925   0.01632657]
CN(C)C(=O)Nc1ccc(Cl)cc1,[ 0.71201104  0.93203104 -0.97249293 -0.505162   -0.4294215 ]
CCN(N=O)C(C)OC,[ 0.46995702  0.94077843 -1.         -1.          0.68294126]
CC(C)NC(=O)c1cnc(N2CCC(N3C(=O)OCc4ccccc43)CC2)c(Cl)c1,[ 0.02394906  0.9226915  -0.8235236  -0.5455286   0.02806227]
C[N+](C)(Cc1ccc(NC(=O)c2ccc(Cl)c(Cl)c2)cc1)C1CCOCC1,[ 0.03715242 -0.60336244 -0.77060944 -0.44844115  0.10065815]
N#Cc1cccc(C#N)c1,[-0.00511603  1.         -0.5740118  -1.          0.2628286 ]
O=C(OCC(COC(=O)c1ccccc1)(COC(=O)c1ccccc1)COC(=O)c1ccccc1)c1ccccc1,[ 0.36071765 -0.76749027 -0.661768   -0.51916254 -0.22498764]
CCCCCCCCCCOC(=O)Cc1ccc(N(CCCl)CCCl)cc1,[ 0.08512523 -0.47552702 -0.6195879   0.12365256  0.39383128]
CC(=O)N(C)c1ccc(Nc2ncc3cc(-c4ccncc4)ccc3n2)cc1,[-0.0957998   0.74262303 -0.13305935 -0.58965194 -0.4337166 ]
O=C(CCl)CCl,[-0.16841228  0.9637105  -0.821539   -0.5401598  -0.22220108]
CC(C)=CCN1CCC2(C)c3cc(O)ccc3CC1C2C,[ 0.36686984  0.9122794  -0.9717816  -0.6896513  -0.08576678]
CCCCc1c(OC(=O)c2cc(OC)c(OC)c(OC)c2)n(-c2ccccc2)n(-c2ccccc2)c1=O,[-0.00601695  0.7875929  -0.6292343  -0.887927   -0.33567762]
CSC(C)=NOC(=O)N(C)SN(C)C(=O)Oc1ccc(OC(=O)N(C)SN(C)C(=O)ON=C(C)SC)cc1,[ 0.3145493   1.         -1.         -0.84003204 -0.42763966]
CO[Si](CCCOCC1CO1)(OC)OC,[-0.30786863  0.83009106 -0.65347904 -0.61556315 -0.47310823]
CN1CCN(CCCN2c3ccccc3Sc3ccc(Cl)cc32)CC1,[-0.10552011  0.33118603 -0.5973524  -0.46429846 -0.6380421 ]
CN1CCCCC1CCN1c2ccccc2Sc2ccc(S(C)=O)cc21,[ 0.11383789 -0.61777896 -0.48073435 -0.49293038  0.80818486]
C/C([O-])=C(\C#N)C(=O)Nc1ccc(C(F)(F)F)cc1,[ 0.41866177  0.48132503 -0.42241752 -0.7680899  -0.00928285]
Cc1cccc2sc3nncn3c12,[ 0.27252245  0.78446066 -0.7099009  -0.08724482 -0.38868424]
ClC(=NNc1c(Cl)cc(Cl)cc1Cl)c1ccccc1,[ 0.39751402  0.69802856 -0.70333904 -0.61224526 -0.3480168 ]
CN(CCO)Cc1cc(C(=O)c2cccs2)cc(C(C)(C)C)c1O,[-0.5686463   0.7201282  -0.85306346 -1.         -0.00820523]
COc1cc(OC)c(S(=O)(=O)NCc2ccccc2N2CCC(COC(=O)CCC(=O)O)CC2)cc1NC(=O)CCC(=O)O,[ 0.13434541  0.7719709  -0.92103076 -1.         -0.52807975]
NS(=O)(=O)c1cc2c(cc1Cl)NCNS2(=O)=O,[ 0.3562483   1.         -0.41427803 -1.          0.29105043]
O=Cc1ccc(O)cc1,[ 0.0499176   0.78450215 -0.65546846 -0.85929596  0.63528264]
COC(=O)C1=C(C)NC(C)=C(C(=O)OCCN(C)Cc2ccccc2)C1c1cccc(N(O)O)c1,[-0.09793016  0.87647265 -0.09066707 -0.87347394  0.11050219]
C=COCCOC,[ 0.30147132  0.9358784  -0.94393986 -0.9232967   0.6964695 ]
N=C(NN=Cc1ccc(Cl)cc1)NN=Cc1ccc(Cl)cc1,[ 0.3122876   0.8481902  -0.8009403   0.48413217 -0.04550898]
CCCCCCCCCCCCCCCN,[-0.38169232  0.97115403 -0.45485172 -1.          0.3973277 ]
COC(=O)c1c(Cl)cccc1-c1cnc([C@@H](C)NC(=O)C2(NC(=O)C(F)(F)F)CC2)c(F)c1,[ 0.22325978  0.9632344  -0.8438592  -0.7928606  -0.22737692]
O=c1cc(-c2ccc(O)cc2)oc2cc(O)cc(O)c12,[-0.1587087   0.35344225 -1.         -0.80874187  0.73620754]
O=C(Cl)c1cccc(C(=O)Cl)c1,[ 0.29559916  0.17134358 -0.8967858  -0.00380025 -0.21502241]
CN(C)S(=O)(=O)N(SC(F)(Cl)Cl)c1ccccc1,[ 0.23608679 -0.9645674  -0.542277   -0.25729066  0.2883303 ]
COc1cc2nc(N3CCN(C(=O)C(C)OC)CC3)nc(N)c2cc1OC,[ 0.29072142  1.         -0.38764632 -1.         -0.1519214 ]
c1cc(-c2ccc3nc(Nc4ccc(OCCN5CCCC5)cc4)ncc3c2)ccn1,[ 0.367842    0.7864466   0.40974486 -0.5030279  -0.6661703 ]
CC(CO)Oc1ccccc1,[ 0.35674334  0.9273168  -0.6878184  -0.60579515 -0.49720326]
C=C(C)C(=O)OCCOC(=O)C(=C)C,[ 0.03298097  0.22929616 -0.15692386 -0.3777736   0.45020977]
COc1ccc(C[C@@H]2c3cc(OC)c(OC)cc3CC[N@+]2(C)CCC(=O)OCCCCCOC(=O)CC[N@@+]2(C)CCc3cc(OC)c(OC)cc3[C@H]2Cc2ccc(OC)c(OC)c2)cc1OC,[-0.12457488  0.84430623 -0.60876745 -0.6673579   0.13284329]
OCc1cc(C(O)C[NH2+]CCCCCCOCCOCc2c(Cl)cccc2Cl)ccc1O,[ 0.6417393   0.82544446 -0.9316717  -1.         -0.5309794 ]
Cc1cnc(C(=O)c2ncnc3[nH]ccc23)c(NS(=O)(=O)c2ccc(Cl)c(C(F)(F)F)c2)c1,[-0.18635032  0.90132    -0.77488345 -0.5182978  -0.44526088]
COCc1ccc2c(C(C(=O)NS(=O)(=O)c3ccc(C)cc3OC)c3ccc4c(c3)OCO4)cn(C)c2c1,[-0.05130941  0.8907738   0.9676817  -0.4634388  -0.24369512]
Cc1cc(Nc2nc(N[C@@H](C)c3ccc(F)cn3)c(C#N)cc2F)n[nH]1,[ 0.47837037  0.7973043  -0.7007367  -0.5192216   0.5667372 ]
CCCc1c(OCc2cccn3c(=O)c(CCC(=O)O)cnc23)ccc(C(C)=O)c1O,[ 0.09830292  0.7230755  -0.8622582  -0.69567144 -0.01076739]
COc1ccc2c(O[C@@H]3C[C@H]4C(=O)N[C@]5(C(=O)NS(=O)(=O)C6CC6)C[C@H]5/C=C\CCCCN(C)C(=O)[C@@H]4C3)nc(-c3ccc(F)cc3)nc2c1C,[ 0.33876547  0.99612844 -0.7062107  -0.67522585  0.16756533]
O=C(CCCCC(=O)OCC1CC=CCC1)OCC1CC=CCC1,[-0.13342366  0.88400817 -0.95807016 -1.         -0.21853015]
CC(=O)O[C@H]1C[C@@H]2CC[C@@H]3[C@H](CC[C@@]4(C)[C@H]3C[C@H]([N+]3(C)CCCCC3)[C@@H]4OC(C)=O)[C@@]2(C)C[C@@H]1N1CCCCC1.[Br-],[ 0.17169854  0.7894057  -0.8568942  -0.7363732  -0.4621941 ]
COc1c2ccoc2c(OCC2OC2(C)C)c2oc(=O)ccc12,[ 0.4977701   0.50086635  0.16934669 -0.6532176   0.3769234 ]
CCCS,[ 0.3113205   0.941061   -1.         -0.48527995  0.07554036]
CCC(C)OC=O,[ 0.47207874 -0.42941585 -0.9155457  -0.8360693  -0.5562547 ]
O=C(Cl)C=CC(=O)Cl,[ 0.5452222   0.7928005  -1.         -0.2543497  -0.18533716]
CC[C@H](C)C(=O)O[C@H]1C[C@H](O)C=C2C=C[C@H](C)[C@H](CC[C@@H](O)C[C@@H](O)CC(=O)O)[C@H]21,[ 0.07773254  0.8121618  -0.6736628  -0.89264786 -0.00919434]
O=C(O)Cc1ccccc1N1CCC(CN2CCC(Oc3ccc(Cl)c(Cl)c3)CC2)CC1,[-0.12654379  1.         -0.83730066 -0.82199216 -0.29116413]
CNC(=O)c1[nH]cnc1C(=O)Nc1ccc(Cl)cc1,[ 0.19858691  0.77588016 -0.67981374 -0.64026535 -0.21725771]
CC(NNC(=O)c1ccccc1)c1ccccc1,[ 0.04421925  0.64763224 -0.755679   -1.          0.32652006]
C=CCN(C(=O)Cn1nc(C)ccc1=O)C(C)Cc1ccccc1,[ 0.44842327  0.6894275  -0.78226435 -0.7783222   0.20486814]
O=C(CCc1ccccc1)OC1=C(OC(=O)CCc2ccccc2)C(=O)OC1=O,[-0.10464401  0.72056067 -0.75006235 -0.65782875 -0.06070748]
Nc1ccc(S(=O)(=O)O)c2cccc(O)c12,[ 0.13909511  0.80199426 -0.83908254 -0.5459585   0.37850168]
O=P([O-])([O-])C(Cl)(Cl)P(=O)([O-])O,[ 0.40895817  0.8510896  -0.735448   -0.62696224 -0.301961  ]
CN1C(=O)CN=C(c2ccccc2F)c2cc(Cl)ccc21,[-0.20804614  0.77460706 -1.         -0.43460262 -0.514684  ]
ClCCCBr,[ 0.25986543  0.44450352  0.25564557 -0.52943426 -0.07273587]
CCCN(CCC)c1c([N+](=O)[O-])cc(C)cc1[N+](=O)[O-],[ 0.3655818   0.7664806  -0.28380403 -0.3804631  -0.18013288]
O=C([O-])c1cc(N=Nc2ccc(S(=O)(=O)Nc3ccccn3)cc2)ccc1O,[-0.33399904  0.7890574   0.12843157 -0.6790336  -0.20998177]
Nc1cc[n+]([O-])cc1,[ 0.05591207  0.83310366 -0.9479949  -0.8793163  -0.0741052 ]
COc1cc(OC)c(S(=O)(=O)N2c3ccccc3CCC2C)cc1NC(=O)CSCC(=O)O,[ 0.02861302  0.984376   -0.86382747 -0.9482904   0.65693367]
COc1cccc2c1cc([N+](=O)[O-])c1c(C(=O)O)cc3c(c12)OCO3,[-0.06633756  0.03951176 -0.6653201  -0.54854906 -0.34249464]
CO[Si](CCCn1c(=O)n(CCC[Si](OC)(OC)OC)c(=O)n(CCC[Si](OC)(OC)OC)c1=O)(OC)OC,[-0.15462558  0.72139436 -0.7483754  -0.23879582  0.07595237]
CCNC(=O)C=Cc1cccc(Br)c1,[ 0.3929516   0.29304013 -0.95085657 -0.07490589  0.3393967 ]
Cc1cn([C@H]2CCCN(S(=O)(=O)c3ccc(CO)c(Oc4cccc(Cl)c4)c3)C2)c(=O)[nH]c1=O,[ 0.19828756  0.8241853  -0.9104637  -0.65501493 -0.36717042]
CC(C)CN,[-0.6186541   0.9097916  -0.8794597  -0.7003564  -0.02816701]
COc1cc([C@@H]2c3cc4c(cc3[C@@H](O[C@@H]3O[C@@H]5CO[C@@H](C)O[C@H]5[C@H](O)[C@H]3O)[C@H]3COC(=O)[C@H]23)OCO4)cc(OC)c1O,[ 0.19602187  0.48413417 -0.9610817  -0.937531    0.08854571]
CC1(C)C(=O)N(CO)C(=O)N1CO,[ 0.3879483   0.61471415 -0.7825913   0.04889345  0.03230637]
COCc1c(C(C)C)nc(C(C)C)c(/C=C/[C@@H](O)C[C@@H](O)CC(=O)O)c1-c1ccc(F)cc1,[ 0.43118444  0.6753496  -0.8912988  -0.70300996 -0.11571432]
CCOC(=O)C=Cc1ccc2c(c1)OCO2,[ 0.25992104  0.7808398  -1.         -0.78936267 -0.30387074]
CCOC(=O)C1OC1c1ccccc1,[ 0.1447647   0.9070956  -0.8139213  -0.70481116 -0.41821128]
Cc1nc(C(F)(F)F)ccc1C(=O)Nc1ccc(Cl)c(-c2ccccn2)c1,[-0.00442207 -0.60358    -0.25654957 -0.7079658  -0.44625652]
CCOC(=O)CCC[Si](C)(OCC)OCC,[ 0.63325864  0.99351287 -0.67350847 -0.6921436  -0.09463241]
CC(C)(C)c1ccc2c(c1)C(C)(C)CC2,[-0.11382211  0.6985678  -1.         -0.20093028  0.08390413]
CCN1CCCC1CNC(=O)c1cc(S(N)(=O)=O)ccc1OC,[ 0.07606144 -0.15766676 -0.4860369  -0.6019982  -0.51330066]
CCOCCCO,[ 0.31039983  0.07951291 -0.8307951  -0.30546656  0.04046395]
OCCOCCN1CCN(C(c2ccccc2)c2ccc(Cl)cc2)CC1,[ 0.3236381   0.56141317 -0.3170633  -0.89954114 -0.36533147]
O=c1cc(Cn2c(C3CCC3)nc3nccnc32)c2ccc(F)c(F)c2[nH]1,[-0.38454333  0.90731704 -0.59160346 -0.5021761  -0.37090793]
CCC(=O)Nc1ccc2[nH]c(C(F)(F)F)nc2c1,[ 0.15147114  0.19816096 -0.8308172  -0.7674086   0.8817918 ]
OCC(O)CO,[ 0.43580383  0.58497274 -0.72918564  0.28569224  0.38723934]
NCCCCN,[ 0.32318014  0.81134915 -0.7154403  -0.6981298   0.28428903]
Fc1ccc(Br)cc1,[-0.38798267  0.79336673 -0.87918186  0.02341576  0.0608819 ]
Cc1ccc(C(=O)N(CCCN)[C@@H](c2nc3cc(Cl)ccc3c(=O)n2Cc2ccccc2)C(C)C)cc1,[ 0.44210705  0.8191661  -0.6789602   0.050273   -0.18772641]
CC(=Cc1ccccc1)CC(=O)N1CCOCC1,[-0.01582955  0.9175681  -0.8670144  -0.4536643   0.32545412]
C[NH+]1CCOC(c2ccccc2)c2ccccc2C1,[ 0.6122971  1.        -0.8040099 -0.094105  -0.0713727]
CCCCOCC1CO1,[-0.14279193  0.61240834 -0.916318   -0.93574655 -0.38428175]
CCN(CC)c1c([N+](=O)[O-])cc(C(F)(F)F)c(N)c1[N+](=O)[O-],[-0.20519717  0.64114994 -0.7534907  -0.6325051  -0.20943391]
CCCOP(=O)(OC=C(Cl)Cl)OCCCl,[ 0.1986872   0.7856874  -0.69614124 -0.6877199  -0.33163565]
c1c[nH]cn1,[ 0.5589964   0.95994955 -0.41223857 -0.01169308 -0.34111565]
OCCNCCc1ccccc1,[ 0.02143319  0.6730469  -0.4636624  -0.7561466   0.72458524]
CCNC(=O)CSP(=S)(OC)OC,[ 0.35083732  0.8818258  -0.7354568  -0.950841   -0.32426274]
C=CC(=O)OCCOC(=O)c1ccc(C(=O)O)cc1C(=O)O,[-0.36290878  0.08342807 -0.27496123 -0.8088755  -0.00685467]
Cc1cc(Nc2nc(N[C@@H](C)c3ccc(F)cc3)ncc2Cl)n[nH]1,[ 0.20342068  0.7173882  -0.65350497 -0.86246914 -0.5833468 ]
C[C@H](CO)Nc1nc(SCc2cccc(F)c2F)nc2[nH]c(=O)cnc12,[ 0.2204033   0.81784004 -0.789612   -0.6740633   0.14719243]
CCC(C)c1ccccc1,[-0.00288825  0.797849   -0.87512493 -0.2979333  -0.40515664]
Cc1cccc([N+](=O)[O-])c1[N+](=O)[O-],[-0.47687903  0.86103743 -0.6222988  -0.9936637   0.40092522]
CSCCC(OC(C)=O)C(=O)O,[ 0.03909144  0.9277751  -0.7333019  -0.80995244  0.4167162 ]
O=[N+]([O-])OCC(O)CO,[ 0.09312549  0.90882283 -0.4843335  -1.          0.7478312 ]
COc1cc(OC)c(C(=O)CCCN2CCCC2)c(OC)c1,[ 0.34730634  0.6081022  -0.49897835 -1.         -0.19328463]
CCC(=O)NCCC1CCc2ccc3c(c21)CCO3,[ 0.42002282 -0.14864147 -0.76978564 -0.703056   -0.19929196]
O=[N+]([O-])c1cc(Cl)ccc1Cl,[ 0.29594222  0.84934074  0.31234622 -0.2204482  -0.20086639]
COc1cc2c(cc1OC)C1CC(=O)C(CCC#N)CN1CC2,[ 0.27367097  1.         -0.849269   -1.          0.70587003]
CC1CN(C2CCCCCCCCCCC2)CC(C)O1,[ 0.21680407  0.8505615  -1.          0.4097879  -0.32985792]
COc1ccc2ncc(=O)n(CCN3CC[C@@H](NCc4ccc5c(n4)NC(=O)CO5)[C@@H](F)C3)c2c1,[ 0.2954752   0.8195733  -0.9450093  -0.65251416 -0.3559465 ]
CN(C)CC=C(c1ccc(Br)cc1)c1cccnc1,[-0.13814187  0.6912365  -0.605992   -0.80592483 -0.20677237]
CCCc1nn(C)c2c(=O)[nH]c(-c3cc(S(=O)(=O)N4CCN(C)CC4)ccc3OCC)nc12,[-0.2520928   0.54240394 -0.77655166  0.01304344 -0.32741043]
C#CC(C)(C)NC(=O)c1cc(Cl)cc(Cl)c1,[ 0.1454054   0.93030894 -0.77796125 -0.7380435   0.07264537]
CC(C)NCC(O)c1ccc(O)c(O)c1,[ 0.21067348  0.8337593  -0.56372154 -0.1291371   0.32330188]
CCCCC(C)(C)CO,[-0.02466063  0.80149454 -0.70923805 -0.4706378   0.24857706]
O=C(C(F)(F)Cl)C(F)(F)Cl,[-0.19714871  1.         -0.80196804 -0.22071347 -0.18139054]
Brc1ccc2[nH]cc(CC3CCNCC3)c2c1,[ 0.13970211  0.90444964 -0.69974107 -0.82826775 -0.09715884]
CNC(=O)Oc1ccc(Cl)c2c1OC(C)(C)C2,[-0.004017   -0.44243005  0.3836801  -0.66632444 -0.44653675]
CC[C@H]1OC(=O)[C@H](C)[C@@H](O[C@H]2C[C@@](C)(OC)[C@@H](O)[C@H](C)O2)[C@H](C)[C@@H](O[C@@H]2O[C@H](C)C[C@H](N(C)C)[C@H]2O)[C@](C)(O)C[C@@H](C)C(=O)[C@H](C)[C@@H](O)[C@]1(C)O,[ 0.04470835 -0.50858545 -0.7962663  -0.7514444   0.2902743 ]
CC(C)OC(=O)C(C(=O)OC(C)C)=C1SCCS1,[ 0.10871276  0.79045963 -0.82201785 -0.5035773  -0.13503191]
O=c1[nH]cnc2c1ncn2[C@H]1CC[C@@H](CO)O1,[-0.28228474  0.9739793  -0.6708668  -0.6203248   0.14825344]
O=C(CN1CCOCC1)NN=Cc1ccc([N+](=O)[O-])o1,[ 0.33328438  0.8056766  -0.60082245 -0.52962923  0.01031785]
CCCCCCCCc1ccccc1O,[ 0.36470407 -0.14820027 -1.         -0.38685453 -0.0335681 ]
C/C=C/c1cc(OC)c2c(c1)C(C)C(c1cc(OC)c(O)c(OC)c1)O2,[ 0.56938124  0.3306032  -0.921865   -1.          0.13572867]
CCCCCCCC(=O)N[C@@H](CCN)C(=O)N[C@H](C(=O)N[C@@H](CCN)C(=O)N[C@H]1CCNC(=O)[C@H]([C@@H](C)O)NC(=O)[C@H](C)NC(=O)[C@H](CCN)NC(=O)[C@H](CC(C)C)NC(=O)[C@@H](Cc2ccccc2)NC(=O)[C@H](CCN)NC1=O)[C@@H](C)O,[ 0.04814797 -0.2507513  -0.9090984  -0.7552857  -0.14194198]
CCOP(=O)(OCC)Oc1ccc(S(C)(=O)=O)c(C)c1,[-0.35055035  0.91150004 -0.9030355  -0.8062467  -0.05571922]
CCOC(=O)C=Cc1ccc(Cl)cc1,[ 0.2508639   0.6628893  -0.75739527 -0.34407204 -0.54177195]
O=C1CCc2cc(C=CCN3CCN(c4ccc(Cl)cc4)CC3)ccc2N1,[ 0.4993195   0.81278634 -0.5227407  -0.22570038 -0.43123105]
O=C(CCl)OCCOCCO,[-0.40109515  0.6693253  -0.8965523  -0.7736739  -0.09373812]
CC(C)(C)OC(=O)N1CCN(c2ncc(OCc3ccncc3)cn2)CC1,[ 0.1945581   0.8575987  -0.6082627  -0.4244495  -0.26435822]
C=CN(CC)C(C)=O,[-0.13396697  0.8952401  -0.73182034 -0.7232812  -0.50973916]
CCSP(SCC)SCC,[ 0.1428681   0.9250785  -0.8846229  -0.670742   -0.53037333]
O=C1COc2ccc(CNC3CCN(CCN4C(=O)COc5ccc(Cl)cc54)CC3)nc2N1,[ 0.45049676  0.5622984  -0.85867316 -0.63217974  0.04472915]
CC(C)C(O)(c1ccc(OC(F)(F)F)cc1)c1cncnc1,[-0.04923019  0.39303088 -0.7681355  -0.40437922  0.10930374]
CN(C)c1ccc(C(O)(c2ccc(N(C)C)cc2)c2ccc(N(C)C)cc2)cc1,[ 0.125245    0.6146906  -0.96411604 -0.44753987 -0.03970119]
CC(O)COC(C)CP(CC(C)OCC(C)O)CC(C)OCC(C)O,[-0.07852021  0.67504585 -0.736423   -0.7476509  -0.07065261]
Cc1ncsc1C(=O)N(Cc1cc(=O)[nH]c2c(F)cccc12)c1cccc(Cl)c1,[ 0.14576347  0.8465528  -1.         -0.25903076  0.03039193]
O=Cc1cccc2ccccc12,[-0.00387989 -0.19793199 -0.55917686 -0.9158359   0.13673167]
C[C@@H](NC1=CC(=O)CC1)c1ccc(Nc2ncc3cc(-c4ccncc4)ccc3n2)cc1,[ 0.39288077 -0.00936812 -0.8083445  -0.8118333   0.00122525]
Nc1ccc(N)cc1,[ 0.38554424  0.6073374  -0.27713713 -0.5098607   0.22813101]
COc1cc(C(=O)NC2CCCNC2)cc(OC)c1OC,[ 0.1968326   0.4337183  -0.21025157 -0.5218568  -0.39836553]
CCOc1cc2ncc(C(N)=O)c(Nc3ccc(F)cc3F)c2cc1N1CCN(C2CC2)CC1,[-0.19362378  0.16894366 -0.27212176  0.2675283  -0.10564846]
CCCCOc1ccccc1NC(C)=O,[-0.39936402 -0.41009718 -1.         -0.7325403   0.6291864 ]
CNC(=O)[C@@H]1Cc2cn(cn2)CC(=O)N2CCC[C@H]2C(=O)N[C@@H](C)C(=O)N1C,[ 0.21074998  0.7100084  -0.73968667 -0.81733865  0.19016051]
CC(C(=O)O[C@@H]1CC[N+](C)(C)C1)(c1ccccc1)C1CCCC1,[ 0.3808455   0.84327567 -0.834387   -0.8945741  -0.34024504]
CCCCCCCCCCCC(=O)OCC(O)C1OCC(O)C1O,[-0.30121493  0.42920762 -0.7267003  -0.17979568 -0.09804939]
CCC(C)C(=O)OC1CCC2(C)C3CC(O)C4C5(O)C(CC42OC13O)C1CN2CC(C)CCC2C(C)(O)C1C(O)C5OC(=O)C(C)(O)CC,[-0.31881538  0.7893536  -0.72787434 -0.8730598  -0.53299403]
c1ccc(OP(Oc2ccccc2)Oc2ccccc2)cc1,[ 0.53846496  0.7358645  -1.         -0.7153661   0.14415164]
O=[N+]([O-])C(CO)(CO)CO,[ 0.0301132  -0.17701048 -1.         -0.9310796   0.16005903]
COc1ccccc1Oc1c([N-]S(=O)(=O)c2ccc(C(C)C)cn2)nc(-c2ccnc(-c3nnn[n-]3)c2)nc1OCCO,[ 0.30867445 -0.30234352 -0.04782479 -0.9604626  -0.40798214]
COc1cnc(-c2ccccc2C(F)(F)CNC(=O)c2ccc(COCC(F)(F)F)nc2)cn1,[ 0.19030201  0.2568981  -0.48625806 -0.7413821   0.22954537]
CCC(C(=O)O)C1(O)CCCCC1,[-0.02384455  0.8390664  -0.6136629  -0.4878732  -0.1663571 ]
c1ccc2c(c1)CC(N1CCN(c3cccc4c3OCCO4)CC1)C2,[ 0.07382146  0.78557295 -0.7618625  -0.71105754 -0.02291309]
C=CC(=O)OCCOCCC#N,[ 0.39141765  0.70521736 -0.8261224  -0.8431782   0.06755214]
Nc1ncc2cc(-c3c(Br)cccc3Br)c(N)nc2n1,[-0.3537902   0.8968915  -0.56578845 -0.43471938 -0.26079834]
CCCN(CCC)c1c([N+](=O)[O-])cc(C(C)C)cc1[N+](=O)[O-],[ 0.17735255  0.9185107  -0.8730998  -0.796995    0.33380857]
CN(C)CC/C=C1/c2ccccc2COc2ccc(CC(=O)O)cc21,[-0.01306189  0.50953263  0.43640995  0.2850178  -0.10575309]
C=C(C)c1ccc(C(C)(C)N=C=O)cc1,[ 0.02837543  0.60909975 -0.6298471  -1.         -0.26641065]
CCCCSN(C)C(=O)Oc1cccc2c1OC(C)(C)C2,[ 0.26583844  0.75493854 -0.7590002  -0.8678444   0.56461805]
O=C1c2ccccc2N(C(=O)CN2CCOCC2)CN1c1ccccc1,[ 0.44505003  0.9007653  -0.8297562   0.11035772  0.03801418]
CNC(=O)ON=C(C)SC,[-0.07374108  0.8397437  -0.6727969  -0.49597108 -0.09286271]
CCCOCCN(C(=O)CCl)c1c(CC)cccc1CC,[ 0.17738983  0.65226394  0.44277892 -0.37599176 -0.24254654]
N#Cc1cccc(Cc2ncccn2)c1,[ 0.14585038  1.         -0.70219    -0.863556    0.05229176]
O=CNC(N1CCN(C(NC=O)C(Cl)(Cl)Cl)CC1)C(Cl)(Cl)Cl,[ 0.32947326  0.92085904 -0.7517574  -0.6531934   0.4253207 ]
Cc1cc(Cl)ccc1OCC(=O)Nc1ccccc1,[-0.14471258  0.9066938  -0.5676065  -0.41560474 -0.43792057]
CN(C)CCOc1cc(NS(=O)(=O)c2c(Cl)cc(C(F)(F)F)cc2Cl)ccc1Cl,[ 0.14221187  0.689729   -0.4534302  -0.62223405 -0.24191482]
COc1cc2ncc(C(N)=O)c(Nc3ccc(C)cc3F)c2cc1OC,[-0.0818193   0.7626928  -0.6920932  -0.8498561  -0.12947485]
C=C(OP(=O)(OC)OC)P(=O)(OC)OC,[ 0.17807946  0.86277705 -0.5482337   0.5379473  -0.34052438]
CCc1nc2cc(O)ccc2c(Oc2ccc(/C=C/C(=O)O)cc2)c1-c1ccccc1,[-0.17562939  0.9359668  -0.6712209  -0.6543574   0.3585755 ]
CC(=O)OC(C)(C)C1CC=C(C)CC1,[ 0.07719405  1.         -0.890289   -0.6001751   0.85787207]
OC[C@@H]1CC[C@H](n2cnc3c(O)ncnc32)O1,[ 0.35122892  0.70251334 -0.16778563  0.10487384 -0.03923491]
CC(C)CCCC1CCC(C)(C(=O)NCC(=O)O)CC1,"[ 4.5255687e-02  2.2916763e-01 -7.2945744e-01 -9.6440041e-01
  6.2785787e-04]"
C=CC[N+]1([C@H]2C[C@H]3[C@@H]4CC[C@H]5C[C@H](O)[C@@H](N6CCOCC6)C[C@]5(C)[C@H]4CC[C@]3(C)[C@H]2OC(C)=O)CCCC1,[ 0.34176672  0.62090915 -0.7120493  -0.65241814 -0.36053962]
Fc1cc(-c2cccc3ncc(-c4cnn(C5CCNCC5)c4)nc23)cc(F)c1CN1CCOCC1,[ 0.4280504   0.3908858  -0.7767345  -0.1126996   0.20413807]
CC=Cc1ccc(OCc2ccccc2)c(OC)c1,[ 0.48424116  0.71442705 -0.8127316  -0.52648854 -0.53079534]
O=C1CCc2ccccc2O1,[ 0.01968361  0.50638604 -0.0137758  -0.41423228  0.48486614]
COP(=S)(OC)SCSCC=C(Cl)Cl,[ 0.39693454  0.7298193  -0.9220673  -0.9184291   0.00409925]
Nc1nc2[nH]cnc2c(=S)[nH]1,[-0.27549553  0.9072391  -0.9147598  -0.32900876 -0.09387623]
CN1CCN(C2=c3ccccc3=Nc3ccc(Cl)cc3N2)CC1,[-0.18411374  0.80164516  0.1943499  -0.1603491  -0.34253988]
C[C@@H](N/C(=N\c1ccncc1)NC#N)C(C)(C)C,[ 0.07674802  0.82729715 -0.8186724  -0.9725809  -0.6308449 ]
CC1CC(=O)NN=C1c1ccc([N-]N=C(C#N)C#N)cc1,[ 0.294788    0.28303602 -0.7541016  -1.         -0.0436014 ]
C[NH+](CCOc1ccc(NS(C)(=O)=O)cc1)CCc1ccc(NS(C)(=O)=O)cc1,[ 0.28510362  0.833539   -0.9206282  -0.7631564  -0.54021657]
Cc1onc2c(=O)[nH]nc(-c3ccccc3)c12,[ 0.05721186  0.57298285 -1.         -0.18696988 -0.29380938]
O=[N+]([O-])c1nccs1,[ 0.24639168  0.66298026 -0.87086785 -0.92939514 -0.318563  ]
CNC(=O)/C=C(/c1ccc2nc(N)n(S(=O)(=O)C(C)C)c2c1)c1ccccc1-c1cccc2ccccc12,[ 0.08627481  0.8838084  -0.7321161  -0.7976231  -0.4090506 ]
COCC(=O)O[C@]1(CCN(C)CCCc2nc3ccccc3[nH]2)CCc2cc(F)ccc2[C@@H]1C(C)C,[ 0.2653743   0.799349   -0.34644228 -0.40214983 -0.04837959]
Cc1c(-c2c(C)c(N)c3c(C(C)C)c(O)c(O)c(C=O)c3c2O)c(O)c2c(C=O)c(O)c(O)c(C(C)C)c2c1N,[-0.2879001  -0.86838317 -0.5686777  -0.63407993  0.11750481]
S=c1[nH]c2cc(Cl)ccc2o1,[-0.20882551  0.903944   -0.13105163 -0.6101615  -0.23966709]
CNNC,[ 0.7772573  -0.137326   -0.79581016 -0.5946647  -0.10100292]
S=c1[nH]cnc2nc[nH]c12,[-0.23969407  0.23548926 -0.98781705 -1.         -0.25749543]
CCC[C@@H](c1ccc(C(=O)O)c(Oc2cccc(Cl)c2)c1)N1CCC[C@H](n2cc(C)c(=O)[nH]c2=O)C1,[-0.03895817  0.7758769  -0.7378653  -0.505332   -0.15397835]
O=C(Nc1ccc(Cl)c(C(=O)Nc2cccnc2)c1)c1cccc(C(F)(F)F)c1,[ 0.5346622   0.6977395  -0.05208725 -0.9054224  -0.5814605 ]
OCCCCC(O)CO,[ 0.17404357  0.65035844 -0.74744254 -0.8659982   0.45186108]
CCCSP(C)(=S)Oc1ccc(Cl)cc1Cl,[ 0.5300266   0.6180976  -0.3918896  -0.51831937 -0.42690426]
CC(C)OCCO,[-0.3419077   0.44646206 -0.95572007 -0.7645753  -0.10620901]
CC[C@H](C)[C@H](NC(=O)[C@H](CCC(=O)[O-])NC(=O)[C@H](CCC(=O)[O-])NC(=O)[C@H](Cc1ccccc1)NC(=O)[C@H](CC(=O)[O-])NC(=O)CNC(=O)[C@H](CC(N)=O)NC(=O)CNC(=O)CNC(=O)CNC(=O)CNC(=O)[C@@H]1CCCN1C(=O)[C@H](CCCNC(N)=[NH2+])NC(=O)[C@@H]1CCCN1C(=O)[C@H]([NH3+])Cc1ccccc1)C(=O)N1CCC[C@H]1C(=O)N[C@@H](CCC(=O)[O-])C(=O)N[C@@H](CCC(=O)[O-])C(=O)N[C@@H](Cc1ccc(O)cc1)C(=O)N[C@@H](CC(C)C)C(=O)[O-],[-0.00114679  0.26183638 -0.5263472  -0.64158636 -0.10704866]
CCCCCCCCCCCCCCCCCCOP(=O)([O-])OCC[N+]1(C)CCCCC1,[-0.47175846 -0.6515817  -0.39528865  0.02771446 -0.13492903]
O=C(O)COc1ccccc1,[ 0.14123924 -0.4963731  -0.28421018 -0.4386309  -0.2410176 ]
Cc1cc(Nc2nc(N[C@@H](C)c3ccc(F)cn3)c(C#N)cc2Cl)n[nH]1,[-0.11686391  0.7828982  -0.80248415 -0.5174269   0.59980834]
Cc1ccc2c(c1)c(Sc1cccc(Cl)c1)c(C)n2CC(=O)O,[-0.20110814  0.77707547 -0.9780566  -0.71733433  0.04455967]
CCC(C)OC(CBr)c1ccc(Cl)cc1,[-0.9800047  0.7570811 -0.8555102 -0.9438869 -0.1602486]
CC(N)C(O)c1cccc(O)c1,[-0.16205156  1.         -0.82598734 -0.6589333  -0.29827964]
BrC(Br)Br,[-0.19380136 -0.22944422 -0.27436107 -0.15250778  0.3931319 ]
CCCSP(C)(=S)Oc1ccccc1,[ 0.6228498   0.59463423 -0.80559045 -0.5001796   0.569121  ]
O=[N+]([O-])c1ccc(O)c(CNCCO)c1,[ 0.4994481   0.69223005 -1.         -0.68294996  0.39934948]
O=C(c1ccc(Cl)cc1)c1ccccc1-c1ncc[nH]1,[-0.17059183  0.8668657  -0.534595   -0.77565414  0.19571823]
Cc1cc(Sc2cc(C)c(O)c(C(C)(C)C)c2)cc(C(C)(C)C)c1O,[-0.22292125  0.69287336 -0.58354944 -0.6624232  -0.28523603]
Cc1c(Sc2ccc(Cl)cc2)c2c(S(C)(=O)=O)cccc2n1CC(=O)O,[ 0.06271774  0.8384536  -0.7476291  -0.823908   -0.25767955]
COCCN(c1cccnc1)P(=O)(c1ccccc1)c1ccccc1,[ 0.3957483   0.03769513 -0.7813639  -0.6898756  -0.11394682]
COP(=O)(OC)Oc1ccc([N+](=O)[O-])c(Cl)c1,[ 0.49722067  0.8525847  -0.7309875  -0.72071457 -0.04368438]
CCOc1ccccc1-c1ccc(-c2nc3ccncc3c(O)c2C#N)cc1,[ 0.58419555  0.2763104  -0.67016214 -0.4346997   0.093022  ]
CC(C)=CCCC(C)=CCCC(=CCCC(C)=CCO)CO,[ 0.3600651   0.7840811  -0.71325123 -0.87681454 -0.6111735 ]
CCOc1ccc([C@@H](C)Nc2nc(N3CCN(C(C)=O)CC3)nc3c2CN(C(C)C)C3=O)cc1,[ 0.02107173  0.27743676 -0.20045698 -0.8058941  -0.4501225 ]
Cc1cnc(C)c(C)n1,[ 0.15403207  0.79440683 -0.704066   -0.6216051   0.28310043]
COc1ccc(-c2cc(=O)c3ccc(OC)cc3o2)cc1,[ 0.0176804   0.86083406 -0.83703494 -0.35288706  0.3522836 ]
Cn1cncc1CN(CCN(Cc1ccccc1)S(=O)(=O)c1ccccn1)c1ccc(C#N)cc1,[ 0.29841748  0.2814272  -0.7641435  -0.6254081   0.0499964 ]
Nc1ccc(F)c(F)c1F,[-0.2531072   0.5515015  -0.49657    -1.          0.68596363]
C[NH+](C)CCC(c1ccc(Cl)cc1)c1ccccn1,[ 0.42087287  0.8005875  -0.587622   -0.8892267   0.23090613]
CON(C)C(=O)Nc1ccc(Cl)cc1,[ 0.11556438  0.7209388  -0.38975874 -0.98807555 -0.1599057 ]
C(=NC1CCCCC1)=NC1CCCCC1,[-0.21713899  0.91665304 -0.73217624 -0.74947214 -0.25995913]
CSCCNc1nc(SCCC(F)(F)F)nc2c1ncn2C1OC(COP(=O)([O-])OP(=O)([O-])C(Cl)(Cl)P(=O)([O-])[O-])C(O)C1O,[-0.60630363  1.         -0.622989   -0.34368598 -0.29948822]
CCN(CC)c1ccc2c(C)cc(=O)oc2c1,[ 0.34444836  0.40352288 -0.92355895 -0.5567765   0.63204247]
CNCC(O)c1cccc(O)c1,[-0.40686846  0.8342939  -0.52879035 -0.7892894   0.22992252]
Cc1ccsc1C(=CCC[NH+]1CCCC(C(=O)[O-])C1)c1sccc1C,[ 0.07720082  0.68976676 -0.85341525 -0.7803191  -0.26717997]
CCC1OC(=O)C(C)C(=O)C(C)C(OC2OC(C)CC([NH+](C)C)C2O)C(C)(OC)CC(C)C(=O)C(C)C2N(CCCCn3cnc(-c4cccnc4)c3)C(=O)OC12C,[-0.9239468   0.8588983  -0.6444893  -0.74530244  0.07728416]
Cc1ccc(N2CC(COc3ccc(-c4noc(C)n4)cc3)C2)nn1,[-0.14379416  0.570394   -0.62637323 -0.79566973 -0.04829392]
C=CC(=O)N(C)C,[ 0.49131826  0.29769555  0.10882702 -1.         -0.25580508]
CC(C(=O)O)c1ccc(CC2CCCC2=O)cc1,[ 0.58082515  0.7285657  -0.68991846 -0.5924042   0.04830768]
OCCOCCOCCOCCO,[ 0.31719267  0.9354236  -0.7913605  -1.         -0.3616559 ]
COc1nc(C)nc(Cl)c1NC1=NCCN1,[ 0.10246167  0.88297325 -0.8065396  -0.6269829  -0.37570125]
NCCNCc1ccccc1O,[-0.38550496  0.90671176 -1.         -0.2977563  -0.1783598 ]
CO[C@@H]1C=CO[C@@]2(C)Oc3c(C)c(O)c4c(c3C2=O)C(=O)/C(=C\NN2CCN(C)CC2)C(=C4O)NC(=O)C(C)=CC=C[C@@H](C)[C@H](O)[C@H](C)[C@H](O)[C@@H](C)[C@@H](OC(C)=O)[C@@H]1C,[ 0.5560852  0.6101998 -0.7630615 -1.        -0.8351945]
Cc1c(OC2CCN(CC3CCN([C@@](C)(Cc4ccc(F)cc4)C(=O)O)CC3)CC2)ccc(Cl)c1Cl,[ 0.6458527   0.8006738  -0.7927629   0.22977617 -0.04281705]
O=C(O)CCC(=O)OC1CCCCC1,[-0.1704628   0.73681486 -0.40819997 -0.68051183 -0.22161557]
CC(O)c1cccc(N)c1,[ 0.05401249  0.8340889  -0.7697338   0.24407701 -0.45570266]
CC(C)(C)NC(=O)C1CC2CCCCC2CN1CC(O)C(Cc1ccccc1)NC(=O)C(CC(N)=O)NC(=O)c1ccc2ccccc2n1,[ 0.28053108  0.42297482  0.48496735 -0.37891775  0.1271808 ]
CC[C@H](CO)NC(=O)[C@H]1C=C2c3cccc4[nH]cc(c34)C[C@@H]2N(C)C1,[ 0.04222798  0.8620863  -0.9155506  -0.7807516  -0.46492258]
CC(=O)NCCCS(=O)(=O)[O-],[ 0.14056504  0.09836954 -0.39987573 -0.84846205  0.5567659 ]
CN(CC#N)N=O,[-0.13727844  0.96019906 -0.7429223  -0.86972433 -0.09211679]
CCC(C)(C)OC(=O)Nc1ccco1,[ 0.31050527  0.5761163  -0.85196376 -0.25752118 -0.3627413 ]
CC(O)C1C(=O)N2C(C(=O)[O-])=C(SC3CCS(=O)C3)SC12,[-0.03662139  0.6093155  -0.7350042  -0.74100083  0.15961549]
CC(CN1CC(=O)NC(=O)C1)N1CC(=O)NC(=O)C1,[-0.18194824  0.72839385 -0.88236    -0.8913011  -0.21017165]
OCCOCCCl,[ 0.3169182   0.8728678  -0.9967173  -0.70872325 -0.02197855]
Cc1c(OC2CCN(CC3CCN([C@@H](Cc4ccc(F)cc4)C(=O)O)CC3)CC2)ccc(C#N)c1Cl,[-0.03908029  0.86147654 -0.2516304  -1.          0.421112  ]
CC(=O)N[C@H](Cc1ccc2ccccc2c1)C(=O)N[C@H](Cc1ccc(Cl)cc1)C(=O)N[C@H](Cc1cccnc1)C(=O)N[C@@H](CO)C(=O)N[C@@H](Cc1ccc(O)cc1)C(=O)N[C@H](CCCNC(N)=O)C(=O)N[C@@H](CC(C)C)C(=O)N[C@@H](CCCNC(=N)N)C(=O)N1CCC[C@H]1C(=O)N[C@H](C)C(N)=O,[ 0.16476494  0.9444801  -0.92158973 -1.          0.7841268 ]
O=C(Oc1ccccc1)n1c(C(F)(F)F)nc2cc(Cl)c(Cl)cc21,[ 0.2372913   0.36272427 -0.67970324  0.21449642 -0.3005986 ]
Cc1ccc(NC(=O)c2ccc(Cl)c(C(F)(F)F)c2)cc1C(=O)Nc1cccnc1,[ 0.18820828  0.6600479  -0.3628158  -0.21959096  0.5463299 ]
C=CCc1ccc(OC(C)=O)c(OC)c1,[ 0.34454983  0.9523954  -0.8941426  -0.779977    0.1420097 ]
Cc1c(CN2CCOC(c3ccccc3)C2C)c(=O)n(-c2ccccc2)n1C,[ 0.23018321  0.6734265  -1.         -0.7294443  -0.1519831 ]
CCC(CC)n1nc(C)c(C(=O)N[C@@H](C)C(C)(C)C)c1NS(=O)(=O)c1ccc(C)cc1,[ 0.17977047  0.30805582 -0.8592921  -0.4670051  -0.15214936]
Nc1cc2c(S(=O)(=O)O)cc(S(=O)(=O)O)cc2cc1S(=O)(=O)O,[ 0.5444612   0.8278946  -0.7914219  -0.838352   -0.06582899]
C1=CC2C3C=CC(C3)C2C1,[ 0.12982452  0.7906411  -0.4176495  -0.81984234 -0.3415712 ]
CC(=O)OCCOCCOCCOC(C)=O,[ 0.6084131   0.8271131  -0.7311629  -0.29503238 -0.29308662]
OCCN(CCO)CCO,[-0.5255484   0.6880231  -0.86923623 -0.7156763  -0.2874525 ]
CN(C)N=Nc1nc[nH]c1C(N)=O,[ 0.17996408  0.05860945 -0.6050159  -0.2029585   0.55595446]
COC(=O)c1ccccc1N=NN(C)C,[-0.00642266  0.72881854 -0.7247729  -0.7722831  -0.3223553 ]
O=C(Nc1ccc(Br)cc1)c1cc(Br)cc(Br)c1O,[ 0.73392254 -0.63742125 -0.98982215 -0.5086129  -0.34726763]
CC1CCCCC1NC(=O)Nc1ccccc1,[ 0.30381045  0.76520395 -0.5760181  -0.6839306  -0.4305787 ]
ClCC1CO1,[ 0.30605733  0.6640819  -0.70110166 -0.8848715  -0.2612669 ]
C=CC(=O)OCCCCCCOC(=O)C=C,[-0.2970316   0.76176    -0.11165666 -0.5940772  -0.30642655]
C=CCNC(=O)C(=O)C(CCC)NC(=O)C1CC2CN1C(=O)C(C1CCCCC1)NC(=O)Cc1cccc(c1)OCCC(C)(C)O2,[ 0.37427515  0.47560367 -0.8190994  -0.5072467   0.01878851]
CN(C)C(=O)N(C)N=O,[ 0.13989906  0.74669766 -0.66900486 -0.97613883 -0.21552423]
O=C(NC1CC1)c1cc(-c2cccs2)on1,[-0.3319156   0.84521496 -0.8777351  -0.44509727 -0.12843591]
Cc1ccc(S(=O)(=O)N(C)C(=O)N2CCC(N3CCC(Oc4ccc(Cl)c(Cl)c4)CC3)CC2)cc1,[-0.0169443  -0.70097154 -0.6057571  -0.921236   -0.03509705]
CC[C@H]1CN(Cc2cc(Cl)ccc2OCC(=O)O)CCN1S(=O)(=O)c1ccccc1,[-0.02644198  0.79116315 -0.7711606  -0.79469323  0.0107747 ]
CCCCC(CC)COCCO,[-0.33146378  0.74321425 -0.9257462  -0.57243764  0.20912449]
CCCN(N=O)C(N)=O,[-0.4125492   0.8094816  -0.40039834 -0.71595734 -0.01503833]
Cc1cnc(Nc2cc(N3CCOCC3)nc(N[C@@H](C)c3ncc(F)cn3)n2)s1,[-0.08297574  0.80454195  0.34015706 -0.02875606 -0.14708887]
Nc1nc(O)c2ncn(COCCO)c2n1,[ 0.33404824  1.         -0.5104067  -0.98378056 -0.41805875]
CP(=S)(Oc1ccccc1)Oc1ccc(C#N)cc1,[ 0.1166703   0.9312331  -0.71970695  0.27315858 -0.3790908 ]
C=C(Cl)C#N,[ 0.05811973  0.85727197 -0.9118946   0.06193309 -0.11432797]
CC1OC(OC2C(O)CC(OC3C(O)CC(OC4CCC5(C)C(CCC6C5CC(O)C5(C)C(C7=CC(=O)OC7)CCC65O)C4)OC3C)OC2C)CC(O)C1O,[-0.36790198  0.3403106  -0.62301254 -0.67695045 -0.14432982]
C[C@@](N)(Cc1ccc(O)c(O)c1)C(=O)O,[ 0.22121316  0.5703539  -0.5603618  -0.7061368  -0.2298794 ]
Cc1cnc(C)cn1,[ 0.2503308  -0.568863   -0.92668283 -0.36768913  0.19889298]
O=[N+]([O-])c1cc(Cl)c(N=Nc2ccc(N3CCS(=O)(=O)CC3)cc2)c(Cl)c1,[-0.1258515   0.44714457  0.06587045 -0.4623035  -0.390848  ]
Cc1cnc(-c2cc(NC(=O)c3ccc(C(F)(F)F)nc3C)ccc2Cl)[nH]1,[ 0.3103049   0.8637165  -0.7934846  -0.51891506  0.08618753]
O=C(CN1CCNCC1)NN=Cc1ccc([N+](=O)[O-])o1,[ 0.2625508   0.22589172 -0.7997596  -1.          0.2986156 ]
Cc1ccc(S(=O)(=O)Nc2c(C(=O)N[C@@H](C)C(C)(C)C)c(C)nn2C(C)C)cc1,[-0.27204362  0.796693   -0.81672287 -0.701459   -0.44683984]
O=C1C2CC3C1C1(Cl)C(Cl)C4(Cl)C2C3C1(Cl)C4(Cl)Cl,[ 0.62315655  0.8820011  -0.6603598  -0.72294974 -0.19978754]
O=C([O-])CCCc1ccc(N(CCCl)CCCl)cc1,[ 0.15630971  0.87398124 -0.5443632  -0.75157595 -0.3469982 ]
[NH3+]C(C(=O)NC1C(=O)N2C(C(=O)[O-])=C(CSc3c[n-]nn3)CSC12)c1ccc(O)cc1,[-0.04505616  0.7781901  -0.64135945  0.09666539  0.3308115 ]
CCOP(=O)(O)O,[-0.02991837  0.5862346  -0.5225321  -0.68635136 -0.18058525]
CC(=O)OC12COC1CC(O)C1(C)C(=O)C(O)C3=C(C)C(OC(=O)C(O)C(NC(=O)OC(C)(C)C)c4ccccc4)CC(O)(C(OC(=O)c4ccccc4)C21)C3(C)C,[-0.01882472  0.31940222 -0.837612   -0.9406759  -0.26806298]
O=C1CC(N2C(=O)c3ccccc3C2=O)C(=O)N1,[-0.1052422   0.01422356 -0.40113422 -0.5396825   0.09669707]
ClCc1cccc2ccccc12,[ 0.39436883  0.832383   -0.79611856 -0.87624705 -0.0413672 ]
Cc1ccc(N=C=O)cc1,[ 0.4447873   0.67507005 -0.92594343 -0.52330047  0.7357232 ]
C[C@@H]1NC(=O)[C@@H](C)NC(=O)[C@H](C)N(C)C(=O)[C@@H](C)N(C)C(=O)[C@@H](C)NC(=O)[C@H](C)N(C)C1=O,[-0.3933538   0.7303672  -0.76589817 -0.9994267   0.50691515]
COCCNC(=O)c1ccc(Nc2ncc3cc(-c4ccncc4)ccc3n2)cc1C,[ 0.04364912 -0.44699323 -1.         -0.37311977  0.4974777 ]
Cc1ccc(S(=O)(=O)Nc2c(C(=O)NC3CCCCC3)c(C)nn2-c2ccccc2)cc1,[-0.2376946   0.70913446 -0.67021924 -0.6601048  -0.15393297]
CCCNC(=O)[N-]S(=O)(=O)c1ccc(Cl)cc1,[ 0.54234695  0.95823795 -0.8923966  -0.38416725  0.296161  ]
O=C1C(Cl)C(CCl)CN1c1cccc(C(F)(F)F)c1,[ 0.35851884  1.         -0.81956327 -0.29093462  0.69505805]
CCN1C(=O)NC(c2ccccc2)C1=O,[ 0.48782682  0.34941494 -0.2281176  -0.58781904 -0.05832781]
C=COC(=O)CCCCCCC,[-0.6341578   0.72519207 -0.50395906 -0.62319463  0.01361657]
CC=C(C(=O)NC(N)=O)C(C)C,[ 0.41790617  0.81138307 -0.5371265   0.33506128 -0.18913199]
Cc1cc(C)c(N)c(C)c1,[ 0.34223434  0.787754   -0.75256     0.05734032  0.03828922]
C1=CCC(C2OCC3(CC=CCC3)CO2)CC1,[-0.59825766  0.5595664  -0.7415446  -0.28788736 -0.24106869]
CC(Cl)(Cl)[N+](=O)[O-],[ 0.2977923   0.88992727 -0.5656891  -0.91018635  0.09987564]
N#CC(c1ccccc1)c1ccccc1,[ 0.53539956  0.6183929  -0.34991142 -0.7464295  -0.05302334]
C[C@H](Cc1cccc(CC(=O)NC23CC4CC(CC(C4)C2)C3)c1)NC[C@H](O)c1ccc(O)c(CO)c1,[-0.04411543  0.864818   -0.6212209  -0.8028797  -0.21141078]
N#CC1CC2CC2N1C(=O)C(N)C12CC3CC(CC(O)(C3)C1)C2,[ 0.43004715  1.         -0.78533113 -0.74094874  0.07275236]
CCOC(=O)c1noc(C)c1C(C)=O,[ 0.33337352 -0.26232487 -0.73351544 -1.          0.1115907 ]
Cc1cnc(NC(=O)C2=C(O)c3ccccc3S(=O)(=O)N2C)s1,[ 0.16360997 -0.50785494 -0.9631342  -0.82104963 -0.17260268]
CN1C[C@@H]2c3ccccc3Oc3ccc(Cl)cc3[C@H]2C1,[ 0.27610683  0.11818394 -0.68913066 -0.26845464 -0.10736208]
Cn1c(C2=CCN(CCCN3c4ccccc4Sc4ccc(CC(=O)O)cc43)CC2)cc(=O)n(C)c1=O,[ 0.0943848   0.8316617  -0.6648887  -0.6327743  -0.31474906]
CC(C)(C)CC(=O)Nc1c(F)cc(C(=O)Nc2nccs2)cc1F,[ 0.37491968  0.8547067   0.6454486  -0.23150547  0.15211725]
CCCCCCN,[-0.34560433  0.98475116 -0.5443882  -0.82811874  0.53640306]
CC(C)(O)c1ccc(Nc2nc3ccc(C#N)cc3[nH]2)cc1,[ 0.35757557  0.06646823 -1.         -0.6096644   0.02498063]
CC1CCC(N)CC1N,[ 0.3172634   0.7786785  -0.6007696  -0.2965769   0.05168675]
CC12CCC3c4ccc(O)cc4CC(CCCCCCCCCS(=O)CCCC(F)(F)C(F)(F)F)C3C1CCC2O,[ 0.27397525  0.760099   -1.         -0.85764086 -0.07379901]
OCCOCCN1CCN(C(c2ccccc2)c2ccccc2)CC1,[-0.19204785 -0.1954321  -0.35540575 -0.5192104  -0.07981177]
C=CC1=C(C)/C(=C\c2[nH]c(Cc3[nH]c(/C=C4/NC(=O)C(C)=C4C=C)c(C)c3CCC(=O)O)c(CCC(=O)O)c2C)NC1=O,[-0.12181713  0.9452481  -0.7636601  -0.757846    0.75229746]
CCCCOC(=O)C1CC1OCCCC,[ 0.26882112  0.4742355  -0.88160515 -0.4872606   0.15918604]
C=CC[NH+]1CCCC1CNC(=O)c1cc2n[nH]nc2cc1OC,[ 0.29630592  0.59647197  0.23669222 -0.17969505  0.49813864]
CN(C)C(=O)Oc1cccc2sccc12,[ 0.11040375 -0.02073974 -0.5850934  -0.66716737 -0.08463474]
CCc1cccc(CC)c1N,[ 0.39469603  0.7877313  -0.624685   -0.9449165  -0.17368397]
CC(O)C#N,[ 0.5711958   1.          1.          0.79832715 -0.61832505]
O=C(Nc1cccc(Cl)c1)Nc1nnc(-c2ccncc2)s1,[ 0.14156297  0.9452872  -0.6771637  -0.88000435  0.17869705]
CC(C)c1cc(Oc2ccccc2)cc(C(C)C)c1NC(=S)NC(C)(C)C,[ 0.28124976  0.9847624  -0.83206785 -0.8043665   0.21115711]
c1ccc(COCc2ccccc2)cc1,[ 0.09261993  0.72652763 -0.76788175 -0.29816487 -0.03607435]
CNC(=O)Nc1nnc(C(C)(C)C)s1,[-0.16572893 -0.85700756 -0.9534398  -0.5382243  -0.17011862]
CN(C)CCCC1c2ccccc2Nc2ccc(Cl)cc21,[ 0.10596713  0.830666   -0.99810654 -0.8698539  -0.09543923]
CCOP(=S)(OCC)Oc1cccc(F)n1,[ 0.36970386  0.79322886 -0.93182915 -0.78562766  0.61012346]
FCOC(C(F)(F)F)C(F)(F)F,[ 0.19100732  0.7790415  -0.96222126 -0.6806467   0.6026519 ]
CC(C)CCC(C)Nc1ccc(Nc2ccccc2)cc1,[-0.0548016   0.6231376  -0.65177464 -0.90705025 -0.08255093]
COP(N)(=O)SC,[-0.6477741   0.81319296 -0.8279173  -0.7318619   0.28196123]
NC(=O)CCCCC1CCSS1,[ 0.15040585  0.9423389  -0.3226647  -0.3598942  -0.31589633]
CC[C@H]1NC(=O)[C@@H](NC(=O)c2ncccc2O)[C@@H](C)OC(=O)[C@H](c2ccccc2)NC(=O)[C@@H]2CC(=O)[C@H](CS[C@@H]3CN4CCC3CC4)CN2C(=O)[C@H](Cc2ccc(N(C)C)cc2)N(C)C(=O)[C@@H]2CCCN2C1=O,[ 0.27884826 -1.         -0.4570432  -0.59753734 -0.30337608]
CC1CC(=O)CC(C)O1,[ 0.34932205 -0.56362253 -0.7478764  -0.58025384 -0.2570609 ]
CCCSP(C)(=S)SC(CC(=O)OCC)C(=O)OCC,[-0.25393143  1.         -0.9933555  -0.6647262  -0.10114107]
Cc1ccc2c(c1)c(-c1ccnc3cc(Cl)ccc13)c(C)n2CC(=O)O,[-0.02512764  0.35771528  0.17397007 -0.6508736   0.0724512 ]
CCCCCCOCCOCCO,[-0.06316902 -0.4243231  -0.5997325  -0.12961821  0.65837675]
C=CS(=O)(=O)CCCCCC,[ 0.14531589  0.9481304   0.48789293 -0.7225133   0.4506426 ]
Oc1c(Cl)c(Cl)cc2[nH]c(C(F)(F)F)nc12,[ 0.21103789  0.8002162  -0.8416862  -0.35028782 -0.35699043]
Cc1cc(-n2c(C)nc3ccccc3c2=O)n(-c2ccccc2)n1,[ 0.4042888   0.7413248   0.3678043  -0.5903348  -0.37774235]
CC(C)(C)c1cc([N+](=O)[O-])cc([N+](=O)[O-])c1O,[ 0.43476972  0.44956222 -0.7981309  -0.5827729  -0.4059861 ]
C=C(C)C(=O)OC=C(C)C,[ 0.5597948  -0.8754142  -0.79229933 -1.         -0.30927515]
N#Cc1ccc2[nH]c(C(F)(F)F)nc2c1,[-0.12410329  0.8024195  -0.81795466 -0.7103941  -0.20138095]
CCCCCC(O)C=CC1C(O)CC(O)C1CC=CCCCC(=O)O,[ 0.15630534 -0.44149408 -0.5924205  -0.27715585  0.9239354 ]
COC(=O)C(C)NP(=O)(OC[C@@H]1C=C[C@H](n2cc(C)c(=O)[nH]c2=O)O1)Oc1ccc(I)cc1,[ 0.13216299 -0.08060091 -0.8272891  -0.7330434   0.3631994 ]
CCOc1cc2nnc(C(N)=O)c(Nc3ccc(F)cc3F)c2cc1N1CCN(C)CC1,[ 0.20163295  0.40847316 -0.9370477  -0.6134973   0.07289132]
COc1c(OP(=S)(OCC(C)C)OCC(C)C)cnn(C)c1=O,[ 0.14364506  0.20753455 -0.8691767  -0.5900931   0.16113666]
CC1CCCCN1N=O,[ 0.30511537 -0.33586666 -0.87738276 -0.78030723 -0.01641896]
CCN[C@@H]1C[C@H](N)[C@@H](O[C@H]2OC(CN)=CC[C@H]2N)[C@H](O)[C@H]1O[C@H]1OC[C@](C)(O)[C@H](NC)[C@H]1O,[ 0.23537865  0.6931343  -0.68532217 -0.812751    0.3861459 ]
CCOP(=S)(OCC)OC(C)CC,[-0.16832194  0.842424    0.55915636 -0.34509438 -0.09276132]
Cc1c(F)cc(C(=O)NC2CC2)cc1-c1ccc(C(=O)NCC(C)(C)C)cn1,[ 0.4525829   0.5414326  -0.72183216 -0.61950487  0.73244476]
CN(C1CCCCC1)C1CCCCC1,[ 0.15662833  0.6711753  -0.87742907 -0.8061925  -0.25785604]
CC1(C)CC2(NC(=O)N(CCCN3CCC(O)CC3)C2=O)c2cc(F)ccc2O1,[-0.2847053  0.670936  -0.9208923 -0.6764795 -0.2730552]
O=C(Oc1ccccc1)c1ccccc1C(=O)Oc1ccccc1,[ 0.24122235  0.21338306 -0.7317429  -0.60239553 -0.03755279]
COc1ccc(C(Oc2ccccc2)C2=NCCCN2)cc1,[ 0.3087097   0.84929407 -0.4694464  -0.7678702  -0.2125055 ]
O=C1CC2(CCCC2)CC(=O)N1CCCCN1CCN(c2ncccn2)CC1,[ 0.05682561  0.72715724 -0.78393954 -0.66652995  0.3582493 ]
COc1cc2ncc(C(N)=O)c(Nc3cccc(Cl)c3Cl)c2cc1N1CCN(C)CC1,[-0.16792086  0.80456114 -0.96713674 -0.71771675 -0.28390947]
C(Oc1nc(OCC2CO2)nc(OCC2CO2)n1)C1CO1,[ 0.08097346  0.9385709  -0.16139622 -0.8338483  -0.21184522]
CCOC(=O)c1c(C)cc2c(CO)n[nH]c(=O)c2c1C,[ 0.67133594  0.79960066 -0.7174602  -0.6455306  -0.26096445]
O=C(NC(CCc1ccc2c(c1)OCO2)CCc1ccc2c(c1)OCO2)c1ccc(Cl)cc1,[ 0.44142422  0.593165   -1.         -0.8178373  -0.00671798]
CCP(=O)(OC)SC,[-0.318237    0.837783   -0.74422485 -0.68180835 -0.34642676]
CCS(=O)CCSP(=O)(OC)OC,[ 0.29720488  0.85279983  0.16318269 -0.7685385  -0.28055385]
C=CC(=O)OCCc1ccc(CC)cn1,[ 0.0695188   0.8159241  -0.61500007 -0.65479857 -0.30213785]
Nn1cnc2cc3ccccc3cc2c1=O,[ 0.04334642  0.8728121  -0.05381735 -0.54547507 -0.2551714 ]
CC(=O)O[C@H]1C[C@]2(O)[C@H]3CC[C@H]4C[C@H](O[C@H]5C[C@@H](O)[C@@H](O[C@H]6C[C@@H](O)[C@@H](O[C@H]7C[C@@H](O)[C@@H](O)[C@H](C)O7)[C@H](C)O6)[C@H](C)O5)CC[C@@]4(C)[C@H]3CC[C@]2(C)[C@H]1C1=CC(=O)OC1,[ 0.1839045   0.55911887 -0.03862701 -0.6934839  -0.15771355]
CC1[NH2+]Cc2cc(-c3ccc4c(=O)c(C(=O)[O-])cn(C5CC5)c4c3OC(F)F)ccc21,[-0.14345264  0.83091897 -0.4582446  -0.7752806  -0.15114781]
O=c1[nH]c2c(O)ccc([C@@H](O)CNCCSCCCNCCc3cccc(Cl)c3Cl)c2s1,[ 0.43174955  0.46107063 -0.6915515   0.41830987 -0.14478081]
CCCCC(CC)COCCC#N,[ 0.30172685  0.7722962  -0.19584686 -0.66597086 -0.10674914]
COc1c(Cl)ccc(Cl)c1C(=O)OCCN(CCOC(=O)c1c(Cl)ccc(Cl)c1OC)c1ccccc1,[ 0.11374589  0.8295548  -0.3958306  -0.9609408   0.20512976]
CC(C)=CCOC(=O)c1ccccc1,[ 0.20594935  0.02878315 -0.29433405 -0.44887456  0.06288386]
Cc1ncsc1C,[-0.19202366  0.75954574 -1.         -0.9898879   0.3604634 ]
CCC1=C(C)CN(C(=O)NCCc2ccc(S(=O)(=O)[N-]C(=O)NC3CCC(C)CC3)cc2)C1=O,[-0.16494395  0.7215006  -0.53986174 -1.         -0.14331697]
O=C(c1csc2c1CCCC2)N1CCCCC1,[ 0.13078275  0.78970444 -0.18363237 -0.6410693  -0.08173741]
COP1(=S)OCc2ccccc2O1,[ 0.11895456  0.38951153 -0.97789395 -0.50967175 -0.54376733]
CCCC1CC(C(=O)NC(C(C)Cl)C2OC(SC)C(O)C(O)C2O)[NH+](C)C1,[ 0.3796125   0.662462   -1.         -0.63991344  0.26301825]
CC(C)(C)c1cc(O)ccc1O,[ 0.15226206  0.26585707 -0.1713018   0.79488105  0.2774063 ]
FC(F)(F)c1nc2c(Br)cc(Br)cc2[nH]1,[ 0.18673606  0.89466715 -0.8317616  -0.6992645  -0.4502932 ]
CC1CCC(C(C)C)C(O)C1,[ 0.59491694  0.76908076 -0.8564494  -0.7065364   0.08257034]
CC(C)=C1CCC(C)CC1=O,[ 0.42037168  0.7667192  -0.84389055 -0.41488963 -0.6125991 ]
O=c1cc(-c2ccc(O)cc2)oc2cc([O-])c(C3OC(CO)C(O)C(O)C3O)c(O)c12,[ 0.1684387   0.7795108  -0.24844116 -0.32245827  0.3436409 ]
O=C(NCC12CC3CC(CC(C3)C1)C2)c1cc(-n2ncc(=O)[nH]c2=O)ccc1Cl,[ 0.25602248  0.57783985 -0.57428867 -0.5455296  -0.17239375]
CCC[NH+]1CCCCC1C(=O)Nc1c(C)cccc1C,[ 0.1917986   0.5307541  -0.8035054  -0.6802752   0.24529436]
CNC(=O)c1[nH]cnc1C(=O)Nc1ccc(OC)cc1,[-0.39204493  0.87247807 -0.51861244 -0.7207806   0.569264  ]
CCOC(=O)C(CCc1ccccc1)NC1CCc2ccccc2N(CC(=O)O)C1=O,"[-8.9814584e-04  7.3848021e-01 -6.8423074e-01 -1.0000000e+00
 -2.0287175e-01]"
COc1ccc(N)c([N+](=O)[O-])c1,[ 0.07274209  0.92400086 -0.75870186 -1.         -0.07466464]
OC1(c2ccc(Cl)c(C(F)(F)F)c2)CCN(CCCC(c2ccc(F)cc2)c2ccc(F)cc2)CC1,[ 0.27839363  0.00842337 -0.6697929  -0.5564665  -0.0720781 ]
CCC(CCCCOC(=O)c1ccccc1)COC(=O)c1ccccc1,[ 0.2692191   0.8101927  -0.99625635 -1.         -0.33311176]
COP(=O)(OC)SC(CC(=O)OC(C)C)C(=O)OC(C)C,[ 0.33453822  0.86783636 -1.         -0.52801883  0.19897287]
CCC(C)(C)c1ccc(Cl)c(OC(=O)NC)c1,[ 0.4075632   0.71138525 -0.8435558   0.41671523  0.13115147]
CCCCC(=O)N(Cc1ccc(-c2ccccc2-c2nnn[n-]2)cc1)C(C(=O)[O-])C(C)C,[-0.03649606  0.39876562 -0.9400273  -0.73820436 -0.02994703]
COc1ccc(-c2nc3ccc(C4=NNC(=O)CC4C)cc3[nH]2)cc1,[ 0.5033054   0.5858005   0.01772384 -0.84601444 -0.32066998]
O=[N+]([O-])N1CN([N+](=O)[O-])CN([N+](=O)[O-])C1,[ 0.5364362   0.28688085 -0.44993162 -0.54179573 -0.52589494]
Cc1ccc2c(c1)c(-c1ccnc3c(C)cccc13)c(C)n2CC(=O)O,[ 0.13933243 -0.24971132 -0.99927497 -0.89061254 -0.3138126 ]
CCC(CC)(C(=O)O)c1cccc2ccccc12,[-0.01506318  1.         -0.79314214 -1.         -0.04599702]
CCCCC(CC)CNCC(C)(N)CN(C)CC(CC)CCCC,[ 0.2058271   0.08807392 -0.8719561   0.6044844  -0.04759561]
C[C@H](Cn1cnc2c(N)ncnc21)OCP(=O)(O)O,[ 0.18217188 -0.20071329 -0.5759391  -0.58560795  0.51808584]
COCCOCCOC(C)=O,[ 0.27586582  0.8834088  -0.51693326 -0.64121395  0.41319844]
COCCOP(=O)(OCCOC)OCCOC,[-0.27931905  0.8980039  -0.594308   -0.6719765  -0.3442537 ]
CC(=O)SCC(=O)Nc1nc2ccccc2s1,[ 0.44108525  0.75751185 -0.3793816  -0.82853067 -0.20965351]
CON=C(Cc1cccnc1)c1ccc(Cl)cc1Cl,[ 0.7221299   0.46088943 -1.         -0.42500842 -0.45190993]
Cc1cc(C)c(C)cc1C,[ 0.39562204  0.6670086   0.11588106 -0.64498645 -0.19160904]
Clc1cc(Cl)cc(Cl)c1,[ 0.7130548   0.4629727  -0.70355856 -0.78721625 -0.27755558]
C[C@@H]1O[C@@H](O[C@H]2[C@H](Oc3cc(O)c4c(c3)O[C@H](c3ccc(O)cc3)CC4=O)O[C@H](CO)[C@@H](O)[C@@H]2O)[C@H](O)[C@H](O)[C@H]1O,[ 0.28893095  0.1431058  -0.7431274   0.6705218   0.02418392]
O=c1[nH]c2ccccc2n1CCCN1CCN(C(c2ccccc2)c2ccccc2)CC1,[ 0.4626832   0.83455366  0.42145345 -0.4910134  -0.01700168]
Cc1nn(C)c(Oc2ccccc2)c1C=NOCc1ccc(C(=O)OC(C)(C)C)cc1,[ 0.16726854 -0.6086366   0.07112407 -0.39096433  0.13179992]
O=C(Cc1cccs1)N[C@@H]1C(=O)N2C(C(=O)[O-])=C(C[n+]3ccccc3)CS[C@H]12,[ 0.55856293  0.6708675  -0.884529   -0.56031895  0.19542268]
O=C(CCCCCCC(=O)Nc1ccccc1)NO,[ 0.2116454   0.04159889 -0.91114914 -0.87982357 -0.41819537]
CNC(=O)Oc1ccccc1C1OCCO1,[ 0.13904405  0.20498012 -0.33753976 -0.89258546 -0.05146743]
CC(C)(C)CNC(=S)Nc1cccnc1,[ 0.24547783  1.         -0.35107788 -0.98164594 -0.48122388]
CCC(=O)NC[C@H]1CN(c2ccc(-c3nncs3)c(F)c2)C(=O)O1,[-0.47486556  0.74142927 -1.         -0.70514953  0.33661687]
CC(C=O)=Cc1ccco1,[-0.80046415  0.861818    0.26489532 -0.6219596   0.56225497]
C[NH+]1CCc2cccc3c2C1Cc1ccc(O)c(O)c1-3,[ 0.34416965  0.4991046  -0.7212047  -1.         -0.01011044]
CC(C)(C)c1ccc(OP2OCC3(CO2)COP(Oc2ccc(C(C)(C)C)cc2C(C)(C)C)OC3)c(C(C)(C)C)c1,[ 0.28382525  0.4703131  -0.23803683 -0.56621253  0.20510009]
Cc1cc(C(=O)c2ccccc2)ccc1N,[-0.04723469  0.9445001  -0.49631923 -0.48749635  0.06404065]
C=CCn1c(N)cc(=O)n(CC)c1=O,[-0.13390748  0.32941014 -0.18030849 -0.5393414   0.06117481]
C=CC(=O)OCCOCCOC(=O)C=C,[-0.02848723  0.8741893  -0.34691215 -0.7481287  -0.10122173]
CN(C)CCC=C1c2ccccc2CCc2ccccc21,[ 0.19472796  0.8937614  -0.44014677 -0.49462208  0.4164579 ]
COP(=S)(OC)SCc1nc(N)nc(N)n1,[ 0.6384044   0.8739305  -0.87053174 -0.3421948  -0.2560114 ]
CC(C)Oc1ccc2c(=O)c(-c3ccccc3)coc2c1,[-0.41174436  0.8804933  -0.8516178  -0.66967154 -0.49524483]
CC=CC=CC=O,[ 0.20124514  0.5733953  -0.96088773 -0.34131172 -0.3619774 ]
CCN(CC)CCOCCO,[ 0.28619042  0.10645299 -0.7687788  -0.5504293  -0.46494082]
CN,[ 0.6926317   0.7986283  -0.7888127   0.09284449 -0.51522017]
CN(CCCl)CCCl,[ 0.21635106  0.96289605 -0.75334203 -0.798854    0.18847272]
C1COCCOCCNCCOCCOCCN1,[-0.09497232  0.8190213  -0.8123375  -0.6776599  -0.01423598]
CC(C)CCI,[ 0.40386727  0.74498993 -0.6461371  -0.4112645  -0.17725752]
CC(CC(=O)OC(C)(C)C)NC(=O)C1=NOC(C(O)(C(F)(F)F)C(F)(F)F)C1,[ 0.46102038  0.54029596 -0.77883625 -0.8463427  -0.5251872 ]
O=c1[nH]c(=O)c2ccccc2o1,[-0.01430968  0.88578576 -0.90472543 -0.6731956  -0.1650234 ]
CN(C)S(=O)(=O)CCCCCNC(=O)N(CCCl)N=O,[-0.12595345  0.1876589  -0.38551766 -0.6216773  -0.18716027]
CCN1CN(CO)C(=O)N(CO)C1,[ 0.31360674  0.6101003  -0.7403526  -0.9338061  -0.649034  ]
COP(=S)(OC)Oc1cnc2ccccc2n1,[ 0.6660586   0.81312746 -0.7808978  -0.63408566  0.14325108]
CCNC(=O)c1cc2c(-n3ccc(C(F)(F)F)n3)c(-c3cncc(-c4n[nH]c(=O)o4)c3)cnc2[nH]1,[ 0.24744031  0.86875546 -0.41103515 -0.66090614 -0.06815309]
C=CC(=O)OCCOCC,[ 0.28549573  0.7653611  -0.5839563  -0.04287582  0.01224539]
c1ccc([C@H]([C@@H](c2ccccc2)N2CCCCC2)N2CCCCC2)cc1,[-1.         0.5128136 -0.5319376 -0.5384363  0.3116071]
CC=C(CC)C(=O)NC(N)=O,[ 0.00892078  0.73085535 -0.87922674 -0.64975584 -0.18510118]
CC(C)(C)NC[C@H](O)COc1nsnc1N1CCOCC1,[ 0.42584264  0.8749428  -0.5756278   0.02446019 -0.12097695]
O=[N+]([O-])c1cccc(O)c1,[-0.01596992 -0.19591074 -0.8476442  -0.6226464   0.03645537]
CN(C)Cc1cc(CN(C)C)c(O)c(CN(C)C)c1,[ 0.37989154  0.9303957  -0.43256238 -0.41780457 -0.42780218]
CC1NC(=S)NC1=O,[ 0.14014351  1.         -0.7456046  -1.          0.64426786]
CCCOC(=O)c1ccc(C(=O)OCCC)nc1,[ 0.0434193  -0.19133544 -0.7771798  -0.8747615  -0.19703582]
NC(=O)N1C(=O)C(C(=O)c2cccs2)c2cc(Cl)ccc21,[-0.6266168   0.01183747 -1.         -0.6835357  -0.1539903 ]
CC(C)CCOC(CO)CC(C)C,[-0.0687509  0.6442343 -0.8526898 -0.7701689 -0.5370679]
CCN(Cc1cc(C(F)(F)F)ccc1-c1cc(CC(=O)O)ccc1OC)C(=O)NCc1ccccc1,[-0.43488094 -0.13584144 -0.6131918  -0.27242792  0.09497206]
CC(C)(C)c1ccc(C(=O)O)cc1,[ 0.56965214  0.60272425 -0.7379438  -0.32156107 -0.08708275]
CN1CCN(c2ccc3ncc(C(N)=O)c(Nc4ccc(Cl)c(Cl)c4)c3c2)CC1,[-0.07076048  0.87071556 -0.78194594 -0.28277722  0.12735397]
CCCCC(CC)OCCOCCO,[ 0.23855114  0.9907704  -0.96656543 -0.7734263   0.14931145]
CC(C)CNC(=O)NS(=O)(=O)c1ccc(Cl)cc1,[-0.3082557   0.60123926 -0.9135296  -0.69250125  0.57604414]
COc1ccc(NC(=O)c2ccnc(N)n2)cc1,[-0.06922256  0.7851394  -0.7387776  -0.44636685  0.14984879]
CCCC(=O)c1ccc(N)cc1,[ 0.05499485  1.         -0.86085325 -0.6512783  -0.2310636 ]
CCNC(=O)C(C)OC(=O)Nc1ccccc1,[ 0.21772233  0.7411534  -0.7841105  -0.70123893  0.72809017]
COc1cc2c(cc1OC)C(Cc1cc(OC)c(OC)c(OC)c1)[N+](C)(CCCOC(=O)CC/C=C\CCC(=O)OCCC[N+]1(C)CCc3cc(OC)c(OC)cc3C1Cc1cc(OC)c(OC)c(OC)c1)CC2,[ 0.35881332  0.8874329  -0.8433162  -0.71406734 -0.28028667]
CCc1nc(N)nc(N)c1-c1ccccc1,[ 0.41172263  0.3753125  -0.80043244 -1.         -0.1581346 ]
O=[N+]([O-])OC1COC2C(O)COC12,[ 0.00943753  0.83305264 -1.         -0.94342893 -0.1994871 ]
Cc1cccc(N)c1C,[-0.02440314  0.68787414 -0.6573664  -0.49210507  0.01245243]
CCOP(=O)(OCC)N(C)c1ccccc1,[ 0.3574563  0.9048514 -1.        -0.8738155  0.07277  ]
O=C(CSc1nc2c(c(=O)n1-c1ccccc1)SCC2)Nc1ncc(-c2ccccc2)s1,[ 0.3722304   0.87758803 -1.         -0.5102233  -0.29896128]
Clc1ccc(C(OCCN2CCCCC2)c2ccccc2)cc1,[-0.46410543  0.96603066 -0.781062   -0.7743718  -0.05830928]
CC(C)=CC1C(C(=O)OC(C#N)c2cccc(Oc3ccccc3)c2)C1(C)C,[ 0.14366809  0.31007546 -0.836038   -0.47278804  0.5153035 ]
COC(CN1CCN(CCC(O)c2ccccc2)CC1)c1ccccc1,[-0.2498212   1.         -0.89569724 -1.         -0.26003373]
O=c1cc(N2CCOCC2)nc2n(Cc3cccc(Cl)c3Cl)ccn12,[ 0.3938849   0.24172023 -0.30216718 -0.15211162  0.14266156]
Nc1c(Cl)c(Cl)c2[nH]c(C(F)(F)F)nc2c1Cl,[ 0.5369961   0.49519646 -0.5314208  -0.762342    0.08577502]
Cc1cc(Nc2nc(N[C@@H](C)c3ncc(F)cn3)nc(N3CCOCC3)c2F)n[nH]1,[-0.10932622  0.8090629  -0.58213854 -0.77693385 -0.14320382]
CN(CCOc1ccc(CC2SC(=O)NC2=O)cc1)c1ccccn1,[-0.9619488   0.7122246  -0.37993792 -0.5457629   0.15179962]
CCOP(=S)(OCC)Oc1cc(C)n(CC)c(=O)c1,[ 0.07920939  0.8520247  -0.7968514  -0.6886858  -0.24867836]
CCC(O)CO,[ 0.1894006   0.21533976 -0.68920404 -0.86526155  0.09717817]
COCOCCO,[-0.02445902  0.7247821  -0.6142613  -0.07510311 -0.03469222]
COc1ccc2ccc(=O)n(CCN3CCC(NCc4cc5c(cn4)OCCO5)CC3)c2n1,[ 0.02561191  0.32625967 -0.8246415  -0.6608597   0.03928519]
CCN(CCO)c1cccc(C)c1,[ 0.15511578  0.84836185 -0.9380017  -0.7418908   0.3196559 ]
C[C@@H]1O[C@@H](O[C@@H]2[C@@H](O)[C@H](OCCc3ccc(O)c(O)c3)O[C@H](CO[C@@H]3O[C@H](CO)[C@@H](O)[C@H](O)[C@H]3O)[C@H]2OC(=O)/C=C/c2ccc(O)c(O)c2)[C@H](O)[C@H](O)[C@H]1O,[ 0.06917188  0.96951973 -0.8461289  -0.45182222 -0.5002056 ]
COc1cc(Nc2nc(N[C@@H](C)c3ncc(F)cn3)ncc2Br)n[nH]1,[ 0.37421325  0.8628333   0.2873742  -0.6234867  -0.44144422]
N#CSCCSC#N,[-0.27236962  0.97977966 -1.         -0.83697444 -0.33636904]
C=CC[NH+]1CCCC1CNC(=O)c1cc(S(=O)(=O)NC)c(N)cc1OC,[ 0.21044712  0.7008816  -0.07321634 -0.39337415 -0.3833318 ]
Nc1nc2ccc(OC(F)(F)F)cc2s1,[-0.77955216  0.57245684 -0.64830667 -0.1436467   0.16136275]
C[NH2+]C(C)C1CCC(N)C(OC2C(N)CC(N)C(OC3OCC(C)(O)C([NH2+]C)C3O)C2O)O1,[ 0.1209249   0.76550347 -0.5433353  -0.37314987  0.04024582]
CC(=CC(=O)O)C(=O)O,[ 0.06967469  0.92337364 -0.90742934 -0.8604561  -0.24339718]
N[C@H]1CCN(c2c(Cl)cccc2/C=C2\SC(=O)NC2=O)C1,[ 0.1359081   0.68289447 -0.8156087  -0.95707417 -0.25598335]
CCOP(=S)(OCC)SCC(=O)N(CCC#N)c1ccccc1,[ 0.4344272   0.964786   -0.804195   -0.7305347   0.21101034]
O=c1oc(-c2ccccc2)nc2ccccc12,[-0.05023488  0.86536986 -0.00505026 -0.9262378   0.25519535]
FC(F)(F)c1nc2c(I)cc(I)cc2[nH]1,[ 0.07678862  0.91352427 -0.9063913  -0.8128409   0.4033145 ]
O=C(OCC1CO1)c1ccccc1C(=O)OCC1CO1,[ 0.34549266 -0.27679774 -0.51937234  0.5532664   0.18111648]
CCCCN1C(=O)c2cccc([N+](=O)[O-])c2C1=O,[ 0.34100613  0.23734145 -0.8495052  -0.66640174  0.33285078]
Cc1cc(=O)n(CSP(=S)(OC(C)C)OC(C)C)nc1Cl,[-0.01372151  0.00437465 -0.69801044 -0.78929865 -0.04714426]
COC(=O)Cc1ccccc1,[-0.4284637  -0.21567701 -0.8276169  -0.65954095  0.04179052]
C=C(Cl)C(Cl)CCl,[ 0.12047032  0.5828876   0.14762631 -0.16587462 -0.10406759]
O=NN1CCCCC1,[-0.14515914  0.9033961  -0.8480366  -0.5432756  -0.43593788]
CCCC(=O)OC1(C(=O)COC(=O)CC)CCC2C3CCC4=CC(=O)CCC4(C)C3C(O)CC21C,[-0.11565843  0.58932567 -0.7973101  -0.6219455   0.4049887 ]
CCC(C)(CC)c1cc(N)on1,[ 0.10144256  0.86279863 -0.88575375 -0.5552743  -0.13181019]
CC(c1ccccn1)c1c(CC[NH+](C)[14CH3])sc2ccccc12,[-0.13903965  0.8017499   0.36623636 -0.2591159  -0.2130946 ]
ClC(Cl)(Cl)c1cccc(C(Cl)(Cl)Cl)c1,[ 0.34265688  0.92458457 -0.76746625 -0.9533355   0.19414109]
COc1cc(N)c2c(c1N)C(=O)c1ccccc1C2=O,[ 0.20542067  0.5506053  -0.7778886  -0.83541673 -0.02440388]
CCC(=O)N(c1ccccc1)C1CCN(CCc2ccccc2)CC1,[-0.10621872  0.29874146 -0.5345248  -0.12006698 -0.17564435]
Cc1cc(Cl)ccc1OCC(=O)O,[ 0.1699304   0.7255362  -0.8138305  -0.807537   -0.07632942]
CN1CCN2c3ncccc3Cc3ccccc3C2C1,[ 0.09938978  0.7539248  -0.56813705 -0.60220325 -0.78258955]
CCCN(CCC)CCCCCCCCNC(=O)Oc1ccc2c(c1)C1(C)CCN(C)C1N2C,[-0.63269305  0.7042105  -0.03437496  0.03569202 -0.3830231 ]
Cn1c(COP(=O)(NCCBr)NCCBr)cnc1[N+](=O)[O-],[-0.08302505  0.718502   -1.          0.10317653 -0.04002855]
CCC(=O)O,[-0.34577325  0.82190967 -0.29550308 -0.5705503  -0.3278908 ]
Cc1ccccc1S(=O)(=O)NC(=O)N1CCC(N2CCC(Oc3ccc(Cl)c(Cl)c3)CC2)CC1,[ 0.35044906  0.8007709  -0.8858495  -0.5655406   0.2785013 ]
O=C(Cl)CCl,[ 0.504237    0.6991329  -0.63514626 -0.72984725 -0.27506173]
COc1cc(-c2cc(=O)c3c(O)cc(O)cc3o2)cc(O)c1OC,[-0.2247717   0.85024256 -0.8385026  -0.776508   -0.19994782]
O=C(CCl)OC1=C(OC(=O)CCl)C(=O)OC1=O,[-0.08070251  0.3953714  -0.50310487 -1.         -0.24930945]
COP(=O)(OC)OC(=CCl)c1cc(Cl)ccc1Cl,[ 0.21752864  0.90068746 -0.78576946 -0.7399421  -0.3838086 ]
C=CCc1ccccc1OCC(O)C[NH2+]C(C)C,[ 0.36988863  0.8190045  -0.97601587 -0.6995162  -0.3773203 ]
CCOP(=S)(Oc1cccc2cccnc12)c1ccccc1,[ 0.21438903  0.87332964 -0.8786652  -0.39312273  0.37010995]
CCNc1nc(NC(C)C(C)C)nc(SC)n1,[ 0.15901934  0.6124722  -0.7129901  -0.93273073 -0.3628247 ]
Cc1cc(Nc2nc(N[C@@H](C)c3ccc(F)cn3)c(C#N)nc2C)n[nH]1,[-0.07434301  0.95885    -0.7972344  -0.4395314  -0.02797792]
CC(C)(C)NCCC(O)c1cc(C(F)(F)F)nc2c(C(F)(F)F)cccc12,[ 0.18924256  0.71176    -0.6979304  -0.328845    0.29264033]
O=[N+]([O-])c1cc(C2CCCCC2)c(O)c([N+](=O)[O-])c1,[ 0.25153396  0.5821318  -0.08631696 -0.47707844 -0.49937811]
COP(=S)(OC)SCc1nnc(C(C)C)o1,[-0.2055205   0.4609524  -0.8006584  -0.8495119  -0.45594016]
NC(=[NH2+])NCCCCC1NC(=O)CCSSCC(C(N)=O)NC(=O)C2CCCN2C(=O)C(Cc2c[nH]c3ccccc23)NC(=O)C(CC(=O)[O-])NC(=O)CNC1=O,[ 0.176079    0.92301005  0.7061644  -0.73644567  0.0467364 ]
CCCCC(CC)(C(=O)OCC)C(=O)OCCN(CC)CC,[ 0.35318702  0.80148214 -0.8065725  -0.91203624  0.1428402 ]
CCCCOP(=O)(O)OCCCC,[ 0.3780744  -0.58901924 -0.6160929  -0.5894215   0.11565696]
O=C(O)COc1ccc(Cl)cc1CN1CCN(S(=O)(=O)Cc2ccccc2)CC1,[ 0.43866768  0.5698175  -0.70733136 -0.33953676  0.0273222 ]
CC(C)(C)[NH2+]CC(O)c1cc(O)cc(O)c1,[ 0.24137211 -0.05982105 -1.         -0.84494174 -0.41660205]
[O-][n+]1onc2c1c1no[n+]([O-])c1c1no[n+]([O-])c21,[ 0.32595915  0.5767174  -0.7053327  -0.71413016 -0.36932886]
CC#CCC(C)C(O)C=CC1C(O)CC2Oc3c(CCCC(=O)O)cccc3C21,[ 0.43125424  1.         -0.76939815 -0.6417787  -0.469799  ]
CON=C(C(=O)NC1C(=O)N2C(C(=O)O)=C(COC(N)=O)CSC12)c1ccco1,[ 0.03531289 -0.28755614 -0.81715    -0.76511174 -0.19278263]
C1CN1P1(N2CC2)=NP(N2CC2)(N2CC2)=NP(N2CC2)(N2CC2)=N1,[ 0.24359134 -0.9651202  -0.7105469  -0.16169496  0.4325306 ]
Cc1ccc(CO)cc1N(C)c1ccnc(Nc2cc(N3CCCOCC3)cc(N3CCOCC3)c2)n1,[ 0.08759201  0.7815302  -0.73077285 -0.7199657  -0.03085681]
Cc1cc(-c2ccc(Cl)c(C(=O)NCC3(O)CCCCCC3)c2)nn1C[C@H](O)CN,[ 0.50471216  0.415205   -0.96322405 -0.9711239  -0.25057265]
CCNC(=S)NCC,[ 0.36000803  0.58108974 -0.76916265 -0.15932599  0.8639569 ]
Nc1cc2c(cc1C1CCCCC1)CCC2C(=O)O,[-0.10810252  0.8060155  -0.9615467  -0.21077114 -0.20536944]
Oc1c(O)c(-c2c(Cl)c(Cl)c(Cl)c(Cl)c2Cl)c(Cl)c(Cl)c1Cl,[ 0.15056083  0.78464884  0.4158094  -0.37612212  0.02313513]
Clc1ccc(C2(Cn3cncn3)OCCO2)c(Cl)c1,[-0.32683247 -0.35828945 -0.7596461  -0.07365122 -0.5856619 ]
CCOC(C)=Cc1oc2ccccc2[n+]1CCCS(=O)(=O)[O-],[ 0.13707711  0.72564876 -0.8363     -0.7895428   0.38815272]
CC1CCCCOC1=O,[ 0.4997334  0.7675236 -1.        -0.7160855 -0.5158974]
O=[N+]([O-])c1ccccc1Cl,[ 0.03398447  0.7940841  -0.7872462  -0.7369032   0.09597005]
C=C[Si](OC)(OC)OC,[ 0.18291928  0.8054854  -0.57959396 -0.96362513  0.11329359]
CNC(=O)c1cccc2c(Nc3ccc(NS(C)(=O)=O)cc3OC)c3cccc(C)c3nc12,[-0.08979725  0.73232865 -1.         -0.4952088   0.42241567]
CCOP(=O)(CC)SC,[ 0.23664634  0.8300791  -0.7504599  -0.83214456 -0.41935772]
O=C(O)[C@@H](c1ccccc1)N1CCC(CN2CCC(Oc3ccc(Cl)c(Cl)c3)CC2)CC1,[ 0.52289873  0.9191743  -1.          0.15493768 -0.25545415]
CCOC(=O)COc1ccc(C(=O)CN2CCN(C3CCN(C(=O)OCOC(=O)C(C)(C)C)CC3)CC2=O)cc1,[ 0.1896337   0.8806562  -0.63559186  0.28971517  0.5486112 ]
Cc1c(OCC(F)(F)F)ccnc1C[S+]([O-])c1nc2ccccc2[nH]1,[ 0.02954162  0.8274415  -0.7446367  -0.74848133  0.07198519]
O=C(O)C1N=C(c2ccccc2)c2cc(Cl)ccc2NC1=O,[-0.10488855  0.7908651  -0.6833047  -0.9351545  -0.06396777]
C=CC(=O)OCCOC(=O)CC(C)=O,[ 0.2563948   0.7380315  -0.73531085 -0.9854705   0.28154987]
CSCC(NC(=O)COc1cccc2cnccc12)C(=O)NC(Cc1ccccc1)C(O)C(=O)N1CSCC1C(=O)NC(C)(C)C,[-0.26975736  0.7684613  -0.95291954 -0.5676271  -0.3832496 ]
O=[N+]([O-])c1ccc(Nc2ccccc2)c(S(=O)(=O)O)c1,[ 0.64293987  0.91885674 -0.69422597 -0.18829478  0.06376902]
CCC1(CC)Oc2cccc(OC(=O)N(C)C(C)=O)c2O1,[ 0.38409838  0.9310889  -0.9961671  -1.          0.6252129 ]
COP(=O)(OC)ON1C(=O)c2cccc3cccc(c23)C1=O,[-0.19439189  0.745378   -1.         -0.46455127  0.23849052]
CC(C)OCCCO,[ 0.4273318   0.85882604 -0.86369365 -0.45433283  0.12775598]
CN[C@H](CC(C)C)C(=O)N[C@H]1C(=O)N[C@@H](CC(N)=O)C(=O)N[C@H]2C(=O)N[C@H]3C(=O)N[C@H](C(=O)N[C@H](C(=O)O)c4cc(O)cc(O)c4-c4cc3ccc4O)[C@H](O)c3ccc(c(Cl)c3)Oc3cc2cc(c3O[C@@H]2O[C@H](CO)[C@@H](O)[C@H](O)[C@H]2O[C@H]2C[C@](C)(N)[C@H](O)[C@H](C)O2)Oc2ccc(cc2Cl)[C@H]1O,[-0.05386145  0.73989785 -0.5160142  -0.62845904  0.2276418 ]
C#CCN(C)c1ccccc1OC(=O)NC,[ 0.27823332 -0.7517348  -0.87522304 -0.6648356  -0.10667612]
CCOc1cc(OCC)c(C(=O)CCC(=O)O)cc1OCC,[-0.01758181  1.         -1.         -0.9139961  -0.17095378]
CC(C)CON=O,[ 0.6651795   0.7116544   0.23690403 -0.6333409  -0.2841578 ]
C[C@@H]1CC[C@H]2[C@@H](C)[C@@H](OC(=O)CCC(=O)O)O[C@@H]3OC4(C)CC[C@@H]1[C@@]23OO4,[-0.05263478  0.51783174 -0.6648623  -0.7964228   0.03166295]
CS(=O)(=O)c1nc(-c2ccc(F)cc2)n(-c2ccc(Cl)cc2)n1,[ 0.22799642  0.76741123 -0.61074716 -1.         -0.4012214 ]
C=CCc1cc(OC)c2c(c1)OCO2,[ 0.32097477  0.6329064   0.5985604  -1.          0.99979866]
COCCNCc1ccc(Nc2ncc3cc(-c4ccncc4)ccc3n2)cc1,[ 0.24515228  0.6692608  -0.57712173 -0.9726038  -0.32706007]
CN(C)N=Nc1ccc(I)cc1,[ 0.03650451 -0.48434004 -0.68195206 -1.         -0.38423264]
O=C(CCC(=O)OC1CCCCC1)OC1CCCCC1,[ 0.08951689  0.21037081 -0.3288167  -0.13853563  0.09783851]
CC(CO[N+](=O)[O-])(CO[N+](=O)[O-])CO[N+](=O)[O-],[ 0.01087406  0.90001225 -0.79104877 -0.2558232  -0.35451034]
CC(C)Nc1nc(Cl)nc(NC(C)C)n1,[ 0.4234837   0.80258393 -0.75103134 -0.60412866 -0.28568503]
CN(C)C(=O)Cl,[ 0.4602783   0.9776846  -0.70917016 -0.34576613  0.24113624]
CC1(C)CC(NC2CC(C)(C)NC(C)(C)C2)CC(C)(C)N1,[ 0.47068086  1.         -0.31561434 -0.6718729  -0.33004937]
CCOP(=S)(OCC)Oc1ccc([N+](=O)[O-])c(C)c1,[ 0.06241937  0.94294065 -0.8483153  -0.30635804 -0.14470288]
Cc1ncc(C[n+]2csc(CCO)c2C)c(N)n1,[-0.04223093  0.2864731  -0.83626133 -0.91498053 -0.43951765]
N=C(Nc1c([N+](=O)[O-])cnc2ccccc12)N1CCOCC1,[ 0.16527362  0.79722023 -0.79995006 -0.22122307  0.14735472]
c1ccc2sc(SNC3CCCCC3)nc2c1,[ 0.4865293   0.8929571  -0.6721984  -0.87969655 -0.50489473]
ClCC1C(CCl)C2(Cl)C(Cl)=C(Cl)C1(Cl)C2(Cl)Cl,[ 0.36580503  0.9597318  -0.689498   -0.70822185 -0.1612477 ]
CN1[C@@H]2CC[C@@H]1CC(OC(=O)C(CO)c1ccccc1)C2,[ 0.3009388   1.         -0.7780785  -0.4411639   0.24187386]
C=CC(=O)OCC(CC)CCCC,[-0.10980462  1.         -0.7478967  -0.7267129   0.4690042 ]
Cc1cnc(NCCCN(C)C)c2c1[nH]c1ccc3cc(O)ccc3c12,[ 0.24422069  0.770861    0.2654414  -0.55607194  0.17834052]
NCC1CCC=CO1,[-0.2775312   0.12273873 -0.6775795  -0.79671854  0.03551234]
CCc1ccc2[nH]c(C(F)(F)F)nc2c1,[ 0.24707316 -0.27102834 -0.8370257  -0.4609136   0.29551765]
CCCOP(=O)(SCCC)SCCC,[-0.20869009  0.7996453   0.23762737 -0.8190704  -0.24444188]
COc1ccc(Oc2ccc(NC(=O)N(C)C)cc2)cc1,[ 0.13026811  0.67512083  0.136797   -0.58006084 -0.20230943]
Cc1cc(OC(=O)N(C)C)n(-c2ccccc2)n1,[-0.34998226  0.75941175 -0.6345158  -0.5906022  -0.04101676]
CNC(=O)Oc1ccc(CCC#N)cc1,[ 0.2715001   0.87869596 -0.4686457  -1.          0.24481374]
COC(=O)c1cc([N+](=O)[O-])ccc1Cl,[ 0.3571303   0.79170644 -0.6580125  -1.         -0.0484084 ]
Cc1ccccc1COC1CC2(C(C)C)CCC1(C)O2,[-0.3827863  -0.00515037 -0.86049193 -0.36430258  0.08116848]
CC(C)[C@H](C(=O)Nc1nccs1)c1ccc(Cl)cc1,[ 0.44746834  0.9094794  -0.86295027 -0.31169584  0.2739058 ]
OCCOc1cc(Cl)c(Cl)cc1Cl,[-0.30025202  0.82260585 -0.6290508  -0.44902208 -0.02550999]
C[N+](C)(C)CC(O)CC(=O)[O-],[ 0.1940232   0.89818007 -0.6703533  -0.46538097  0.86654806]
C=C(C)C(=O)OCCC[Si](OC)(OC)OC,[-0.09810844  0.91314304 -0.787758   -1.          0.2557595 ]
Nc1ccc(O)c([N+](=O)[O-])c1,[-0.67338735  0.8114536  -0.834873   -0.70258474 -0.34632933]
C=C(C)CN(CC)c1c([N+](=O)[O-])cc(C(F)(F)F)cc1[N+](=O)[O-],[ 0.26302463  0.12075812 -0.852073   -0.8996465  -0.38625208]
COC(C)COC(C)COC(C)CO,[ 0.51756924  0.39643168 -1.         -0.6583677   0.23526153]
O=C(Cc1ccc(Cl)c(C(F)(F)F)c1)Nc1cccc2c(=O)n(CCO)ccc12,[ 0.39942586  0.57913744 -0.8800778  -0.9032829  -0.46855485]
BrC12CC3CC(CC(C3)C1)C2,[ 0.08385806  0.46487615 -0.87639284 -0.8804769  -0.05227504]
COC1CCC=CO1,[-0.3106924   0.9687174  -0.45949042 -0.38372943  0.17619585]
CCC(c1ccccc1)c1c(O)c2ccccc2oc1=O,[ 0.26765162  0.859123   -1.         -1.         -0.13153279]
C#CC(C)(O)C(O)c1ccccc1,[ 0.03880185  0.7876679  -0.7587491  -0.3113921  -0.21045548]
C1C[SiH2]C1,[ 0.20227021  0.62544626 -0.7005572  -1.         -0.09851555]
COCCN(C(=O)CCl)c1c(C)cccc1C,[-0.45792234  0.25418112 -0.48152912 -0.73282456  0.09016121]
CN(CCCOCCOCCc1ccccc1)CCc1ccc(O)c2nc(O)sc12,[-0.72092694  0.7506811  -0.07464275 -1.          0.04689275]
COP(=S)(Cl)OC,[ 0.42806825  0.93462396 -1.         -0.417544   -0.22508827]
NCCCC[C@H](N[C@@H](CCc1ccccc1)C(=O)O)C(=O)N1CCC[C@@H]1C(=O)O,[-0.315636   -0.26963538 -0.6958501  -0.7845209  -0.31926855]
S=C1NCCNC(=S)S1,[ 0.02919436  0.41152132 -0.8769299  -0.7535651  -0.36089557]
