CC(C)OCCCO,[ 0.4895745   0.7938773  -0.77161556  0.0816659  -0.32236433]
CCCc1c(OCc2cccn3c(=O)c(CCC(=O)O)cnc23)ccc(C(C)=O)c1O,[ 0.35298607 -0.21436462 -0.82727367 -0.76571554  0.02596457]
N#CC(c1ccccc1)c1ccccc1,[ 0.6065825   0.6660328  -0.7048712  -0.76453465 -0.02313251]
C[C@@H]1O[C@@H](O[C@@H]2[C@@H](O)[C@H](OCCc3ccc(O)c(O)c3)O[C@H](CO[C@@H]3O[C@H](CO)[C@@H](O)[C@H](O)[C@H]3O)[C@H]2OC(=O)/C=C/c2ccc(O)c(O)c2)[C@H](O)[C@H](O)[C@H]1O,[-0.49803913  0.87057084 -0.87434167 -0.7798838   0.20581742]
COc1cc(OC)c(S(=O)(=O)N2c3ccccc3CCC2C)cc1NC(=O)CSCC(=O)O,[ 0.07798762  0.6956008  -1.         -1.         -0.38230392]
CCN(Cc1cc(C(F)(F)F)ccc1-c1cc(CC(=O)O)ccc1OC)C(=O)NCc1ccccc1,[ 0.41477156  0.83119565 -0.86203057 -0.00273691 -0.14337774]
COCCOC(=O)CC#N,[ 0.02458013  0.7352842  -0.49900413 -0.7804351   0.01695819]
CCOC(=O)CCC1(CCC(=O)OCC)c2ccccc2-c2ccccc21,[-0.29440364 -0.5402167  -0.8375     -0.53185046 -0.06006824]
CN(C)c1ccc(O)c2c1CC1CC3C([NH+](C)C)C([O-])=C(C(N)=O)C(=O)C3(O)C(O)=C1C2=O,[ 0.33176875  0.66934204 -0.871882   -0.74310935  0.58763087]
CN(CCO)Cc1cc(C(=O)c2cccs2)cc(C(C)(C)C)c1O,[-0.79299223  0.9497054  -0.9374746  -1.         -0.16806222]
COc1ccc(C(Oc2ccccc2)C2=NCCCN2)cc1,[ 0.07957397 -0.6789599  -0.5934677  -0.6524852  -0.02395647]
C1CN1P1(N2CC2)=NP(N2CC2)(N2CC2)=NP(N2CC2)(N2CC2)=N1,[-0.10726927 -0.8980109  -0.59375954 -0.22588502  0.33162144]
CN1CN(CCO)CSC1=S,[ 0.33699018  0.7886272  -0.8542893  -0.6422151   0.26821038]
Cc1c(Cl)c([N+](=O)[O-])c2[nH]c(C(F)(F)F)nc2c1[N+](=O)[O-],[ 0.10208408  1.         -0.5459375  -1.          0.07102653]
O=C(O)C1N=C(c2ccccc2)c2cc(Cl)ccc2NC1=O,[-0.29083112  0.6833207  -0.9163965  -0.65629846  0.3809568 ]
COc1cc(C2c3cc4c(cc3C(OC3OC5COC(C)OC5C(O)C3O)C3COC(=O)C23)OCO4)cc(OC)c1O,[-0.11630813  0.04240899 -0.8377003  -0.07269607 -0.14953925]
c1ccc2[nH]c(-c3cscn3)nc2c1,[ 0.4522575   0.73788106 -0.52179885 -0.44032416 -0.05959052]
COc1ccc(Oc2ccc(NC(=O)N(C)C)cc2)cc1,[ 0.38403162  0.6505244  -0.10533147 -0.8405934  -0.31405953]
OCCOCCN1CCN(C(c2ccccc2)c2ccc(Cl)cc2)CC1,[ 0.49718884  0.66050154 -0.7932587  -0.97795975  0.3673637 ]
NCC(O)CO,[ 0.16945991  0.875364   -0.8518312  -0.5501523   0.60030466]
COP(=S)(OC)Oc1ccc(C#N)cc1,[ 0.3904984   0.60187835 -0.83505434 -0.7092156   0.33132103]
C=CCc1cc(OC)c(OC(C)Cc2cc(OC)c(OC)c(OC)c2)c(OC)c1,[ 0.16397491  0.7196091  -0.73047566 -0.42324755 -0.18587193]
C=C(C)CN(CC)c1c([N+](=O)[O-])cc(C(F)(F)F)cc1[N+](=O)[O-],[ 0.6960335   0.49877802 -0.3244275   0.6145367   0.40620416]
O=C(CN1CCNCC1)NN=Cc1ccc([N+](=O)[O-])o1,[-0.13067046  0.23132083 -1.         -1.          0.22165348]
O=C(Cc1ccc(Cl)c(C(F)(F)F)c1)Nc1cccc2c(=O)n(CCO)ccc12,[ 0.37235513  0.9564594  -0.67420113 -0.95944864 -0.49017194]
COc1ccc2ccc(=O)n(CCN3CCC(NCc4cc5c(cn4)OCCO5)CC3)c2n1,[ 0.14522788  0.33604822 -0.71191466 -0.58084714 -0.19310643]
N=C(Nc1c([N+](=O)[O-])cnc2ccccc12)N1CCOCC1,[ 0.49758726  1.         -0.8043131   0.3553706  -0.17173761]
COc1ccc2ncc(=O)n(CCN3CC[C@@H](NCc4ccc5c(n4)NC(=O)CO5)[C@@H](F)C3)c2c1,[ 0.23307763  0.94363314 -0.99308795 -0.7806724  -0.6355561 ]
C=CCc1ccc(OC(C)=O)c(OC)c1,[ 0.24407125  1.         -1.         -0.68201804 -0.17997609]
C=CC(=O)OCCCCCCOC(=O)C=C,[ 0.33648506  0.55444777 -0.47274554 -0.6926131  -0.21758263]
C[C@@H]1NC(=O)[C@H](C)N(C)C(=O)[C@@H](C)NC(=O)[C@H](C)N(C)C(=O)[C@@H](C)N(C)C(=O)[C@@H](C)NC1=O,[-0.30640617  0.41859886 -0.80948496 -0.74829644 -0.523945  ]
CSCCNc1nc(SCCC(F)(F)F)nc2c1ncn2C1OC(COP(=O)([O-])OP(=O)([O-])C(Cl)(Cl)P(=O)([O-])[O-])C(O)C1O,[-0.3234544   0.7981763  -0.7867767  -0.32950553 -0.07745113]
C=CC(=O)Nc1ccc(O)cc1,[-0.24632367  0.8221157  -0.85867715 -0.96161115 -0.00643787]
ClC(=NNc1c(Cl)cc(Cl)cc1Cl)c1ccccc1,[ 0.37204403  1.         -0.84769    -0.7025327   0.40150702]
O=C(O)CC(CC1CCN(C(=O)CCc2ccc3c(n2)NCCC3)CC1)C1CNc2ccccc2C1,[ 0.71994454  0.7264634   0.45698428 -0.08485356  0.27418017]
COP1(=S)OCc2ccccc2O1,[ 0.24072605  0.70985365 -0.6018915  -0.82021403 -0.69615054]
Cc1c(CN2CCOC(c3ccccc3)C2C)c(=O)n(-c2ccccc2)n1C,[ 0.16080712  0.7000021  -0.48532894 -0.5409456  -0.59234744]
FC(F)(F)c1nc2c(Br)cc(Br)cc2[nH]1,[ 0.13816984  0.8953964  -0.82917666 -0.9421703  -0.27397424]
Cc1cccc2sc3nncn3c12,[-0.16140674  0.7815364  -0.9061011  -0.24850205 -0.53130484]
CCOC(=O)c1noc(C)c1C(C)=O,[ 0.40202424 -0.1973828  -0.909288   -1.          0.16075392]
COc1cc2ncc(C(N)=O)c(Nc3ccc(F)cc3F)c2cc1NCCN1CCCCC1,"[ 6.5404188e-04  9.6226227e-01 -7.6512843e-01 -7.2020662e-01
  6.1657369e-01]"
Nc1nc(Nc2ccc(S(N)(=O)=O)cc2)nn1C(=O)c1c(F)cccc1F,[ 0.30478626  0.6149511  -0.43407768 -0.6769379   0.08662615]
CC(=O)C1(O)Cc2c(O)c3c(c(O)c2C(OC2CC(N4CC4)C(OS(C)(=O)=O)C(C)O2)C1)C(=O)c1ccccc1C3=O,[ 0.07794429  0.98992914 -0.70021677 -0.5823904  -0.3858383 ]
Cc1cc(Nc2nc(N[C@@H](C)c3ncc(F)cn3)nc(N3CCOCC3)c2F)n[nH]1,[ 0.09159224  0.9059386  -0.813446   -0.8839472  -0.05853752]
COc1cccc2c1cc([N+](=O)[O-])c1c(C(=O)O)cc3c(c12)OCO3,[-0.08273671  0.09590279 -0.5499348  -1.         -0.01353426]
CC(C(=O)O[C@@H]1CC[N+](C)(C)C1)(c1ccccc1)C1CCCC1,[ 0.00745305 -0.36873424 -0.8487423  -0.6210805  -0.13844243]
CC1(C)C(=O)N(CO)C(=O)N1CO,[ 0.16627248  0.54133326 -0.6240397   0.5081177  -0.7114708 ]
CCNc1nc(NC(C)C(C)C)nc(SC)n1,[ 0.6875516  0.7630175 -0.9740846 -0.5976486  0.3548488]
C=CC[NH+]1CCCC1CNC(=O)c1cc(S(=O)(=O)NC)c(N)cc1OC,[ 0.16294476  0.9240277   0.13042594 -0.14648189 -0.25989676]
CC(O)c1cccc(N)c1,[ 0.5099817   0.9251037  -0.64872974 -0.7606251  -0.35746664]
NC(=S)NNCNNC(N)=S,[ 0.07131156 -0.93940824 -0.8979414  -0.7210976  -0.09740978]
O=C(Oc1ccccc1)n1c(C(F)(F)F)nc2cc(Cl)c(Cl)cc21,[ 0.13207614  0.53088814 -0.24356331 -0.14057332 -0.14615059]
C/C=C(/C)C(=O)O[C@H](c1cc2ccc(=O)oc2cc1OC)[C@H](O)C(C)(C)O,[ 0.5412941   0.89820164 -0.8823786  -0.32646325  0.4480309 ]
C[C@@H]1CN(Cc2ccc(F)cc2)CCN1C(=O)COc1ccc(Cl)cc1NC(N)=O,[-0.22665626  0.8169607  -0.5550651  -0.87065035  0.5085946 ]
C=C1CC1CC(N)C(=O)O,[-0.06282077  0.8275689  -0.9511782  -0.9100465   0.5518692 ]
CCCP(=O)(CCC)CCC,[-0.21877508  0.94569755 -0.6894755  -0.9947125  -0.00140586]
C=CN(CC)C(C)=O,[ 0.01348426  0.826889   -0.60424715 -0.76721114 -0.43936113]
CC=Cc1ccc(OCc2ccccc2)c(OC)c1,[ 0.40551543  0.77897954 -0.87992287 -0.7496794  -0.45568436]
CCOC(=O)CCN(SN(C)C(=O)Oc1cccc2c1OC(C)(C)C2)C(C)C,[-0.3519031   0.8575646  -0.9632319  -0.92979425 -0.07141798]
CCC(CCCCOC(=O)c1ccccc1)COC(=O)c1ccccc1,[ 0.47228098  0.8020507  -0.91346204 -0.6825096  -0.44355604]
Cn1cnc(S(=O)(=O)N(CCN(Cc2cncn2C)c2ccc(C#N)cc2)Cc2ccccc2)c1,[-0.25715038  0.66462487 -0.8189049  -0.80004996  0.04191812]
CCOP(=S)(OCC)SCSCc1ccccc1,[-0.03997656  0.7727181  -0.61807156 -0.931508   -0.5993677 ]
CC(C)C(O)(c1ccc(OC(F)(F)F)cc1)c1cncnc1,[-0.31576863  0.93769234 -0.85648733 -0.33360973  0.03734921]
CC(=O)Nc1ccc(CNc2[nH]nc3ccnc(Oc4ccccc4)c23)cc1,[ 0.34881178  0.8558743  -0.98953956 -0.793595   -0.32190147]
CC1OC(n2ccc(NC(=O)c3ccc(NC(=O)C(C)(N)CO)cc3)nc2=O)CCC1OC1OC(C)C(N(C)C)C(O)C1O,[ 0.30475536  1.         -0.7566017  -1.          0.2039529 ]
Cc1c(F)cc(C(=O)NC2CC2)cc1-c1ccc(C(=O)NCC(C)(C)C)cn1,[ 0.30087453  0.7437992  -0.9520054  -0.46243837 -0.06836074]
CCN(CC)c1ccc2cc(C(=O)NC3(C(=O)N[C@H](Cc4ccccc4)C(=O)NCC4CCN(CC5CCOCC5)CC4)CCCC3)sc2c1,[-0.5925479   0.0572087  -0.177068    0.66364     0.36231077]
O=C(O)COc1ccccc1,[ 0.1093756   0.5576289  -0.59512556 -0.8379664   0.9036119 ]
CCCCCCCc1ccccc1O,[ 0.16045824  0.54308385 -0.5899216  -0.7706235  -0.6582818 ]
COc1cc2c(cc1OC)C(Cc1cc(OC)c(OC)c(OC)c1)[N+](C)(CCCOC(=O)CC/C=C\CCC(=O)OCCC[N+]1(C)CCc3cc(OC)c(OC)cc3C1Cc1cc(OC)c(OC)c(OC)c1)CC2,[ 0.14455913  0.91828054 -0.795736   -0.73064935 -0.10872933]
O=C(/C=C/c1ccc(O)c2c1C(C(=O)O)C(c1ccc(O)c(O)c1)O2)OC(Cc1ccc(O)c(O)c1)C(=O)O,[ 0.55609137  0.75757056 -0.5290129  -0.26624244 -0.49004883]
Cc1ccc(-c2ccccc2)cc1,[-0.06658872  0.6770335  -0.83358824 -0.9622018  -0.07497302]
Cc1ccsc1C(=CCC[NH+]1CCCC(C(=O)[O-])C1)c1sccc1C,[-0.13413356  0.843553   -0.6131853  -0.9224672   0.52665335]
Cc1ccc(NC(=O)c2ccc(C#N)cc2)cc1-n1cnc2ccc(N3CCN(C)CC3)cc2c1=O,[-0.00331323  0.9005733  -0.66308963 -0.7809216  -0.24659193]
N#Cc1cccc(Cc2ncccn2)c1,[-0.04049359  0.81489146 -0.79147375 -0.78444314 -0.09398612]
CNC(=O)c1cccc2c(Nc3ccc(NS(C)(=O)=O)cc3OC)c3cccc(C)c3[nH+]c12,[ 0.4443622   0.9307616  -0.83512354 -0.9217713  -0.06011185]
Cc1cccc(C)c1NC(=O)C1CCCC[NH+]1C,[-0.09207518  0.8961944  -0.7110622  -0.72611475 -0.47857136]
CCOC(=O)COC(=O)c1cc(Oc2ccc(C(F)(F)F)cc2Cl)ccc1[N+](=O)[O-],[ 0.10918319 -0.63689137 -0.5935131  -0.5687215   0.18911563]
COC(=O)c1c(Cl)cccc1-c1cnc([C@@H](C)NC(=O)C2(NC(=O)C(F)(F)F)CC2)c(F)c1,[-0.04614671  0.57552737 -1.         -0.85913664 -0.00936381]
C=C(C)C1CC=C(C)C(O)C1,[-0.10400837  0.8903647  -0.17133392 -0.53300273  0.39511493]
C#CCN(C)c1ccccc1OC(=O)NC,[ 0.29522178 -0.1112633  -0.6597921  -0.6109957  -0.3885396 ]
Cc1cnc(C)cn1,[ 0.17892134  0.2367783  -0.9828412   0.9526431   1.        ]
CCS(=O)CCSP(=O)(OC)OC,[ 0.13854218  0.82635885  0.7607967  -0.828563   -0.14348084]
C=C(C)C(=O)OCCCC,[ 0.03465478  0.7006557  -0.67583466 -0.78804034 -0.193616  ]
COc1nc(C)nc(Cl)c1NC1=NCCN1,[ 0.15272656  0.8989347  -0.8590531  -0.51036596 -0.11358202]
CCOP(=S)(OCC)Oc1cc(C)n(CC)c(=O)c1,[ 0.05206804  0.7668936  -1.         -0.7904108  -0.15502262]
CC(C)Oc1ccc2c(=O)c(-c3ccccc3)coc2c1,[-0.5162965   0.9989819  -0.799604   -0.6294906  -0.34354377]
C=C(CC(=O)c1ccc(-c2ccccc2Cl)cc1)C(=O)O,[-0.02158153  0.9653965  -0.80200696 -0.4525148   0.17546758]
CC1CS1,[ 0.40477082  0.85924107 -0.77406365 -0.8915199  -0.03877466]
CC(=O)N(C)c1ccc2ccn(-c3cc(NC4CC4)n4ncc(C#N)c4n3)c2c1,[ 0.24789096 -0.48039892 -0.5587909  -0.3603247  -0.29687822]
CC(=O)NCCCS(=O)(=O)[O-],[ 0.2226364   0.05730928 -0.40381482 -0.46165523  0.43852797]
Cc1ccc(S(=O)(=O)Nc2c(C(=O)N[C@@H](C)C(C)(C)C)c(C)nn2C(C)C)cc1,[-0.20518398  0.78310543 -0.7768767  -0.7494201  -0.50963545]
Cc1ccc(NC(=O)c2ccc(Cl)c(C(F)(F)F)c2)cc1C(=O)Nc1cccnc1,[-0.12918688  0.6962098  -0.9062591  -0.80832386  0.715294  ]
COc1cc2ncc(C(N)=O)c(Nc3ccc(C)cc3F)c2cc1OC,[ 0.04596643  0.9730851  -0.7602601  -0.6926927  -0.18422028]
C1C[SiH2]C1,[ 0.33716536  0.4667043  -0.5824878  -0.94314635 -0.09665731]
Nc1ccc(N)cc1,[ 0.35653034  0.5990647  -0.46421874 -0.8227434  -0.12955502]
CCOP(=O)(CC)SC,[ 0.21510461  0.83102685 -0.72686005 -0.75033945 -0.37027735]
Cc1cnc(C(=O)c2ncnc3[nH]ccc23)c(NS(=O)(=O)c2ccc(Cl)c(C(F)(F)F)c2)c1,[-0.58721393  0.786714   -0.62264895 -1.          0.13553731]
COCOCCO,[ 0.16299924  1.         -0.7841807  -0.84206265 -0.21035494]
CCOC(C)=Cc1oc2ccccc2[n+]1CCCS(=O)(=O)[O-],[ 0.36891723  0.89767736 -0.90281343 -0.6188915   0.11510682]
COCCN(C(=O)CCl)c1c(C)cccc1C,[-0.30852258  0.40086383 -0.7278152  -0.7514113   0.4882294 ]
CN,[ 0.61894095  0.7537742  -0.58493376 -0.5500569  -0.17306855]
ClCC1CO1,[ 0.66420895  0.7260402  -0.7123016  -0.96248794 -0.22570646]
O=P(OCCCl)(OCCCl)OC1CC(C(Br)CBr)CCC1Cl,[ 0.21573421  0.7345014  -0.8302533  -0.8008215  -0.1659896 ]
CCOC(=O)Cl,[ 0.16225727 -0.34043142 -0.25625437 -0.9079857   0.13161895]
CC(N)C(O)c1cccc(O)c1,[ 0.15409842  0.8854417  -0.8378695  -0.23723923  0.59677696]
CC(C)(C)c1cc([N+](=O)[O-])cc([N+](=O)[O-])c1O,[ 0.63540727  0.5267508  -0.77037287 -0.6391961  -0.4291135 ]
CCOc1cc(OCC)c(C(=O)CCC(=O)O)cc1OCC,[ 0.21059757  0.9329241  -0.7610636  -0.78354067  0.09760959]
CC(O)C(=O)Nc1c(I)c(C(=O)NC(CO)CO)c(I)c(C(=O)NC(CO)CO)c1I,[ 0.30292618  0.598536    0.09111695 -0.7014767   0.05171824]
COC(=O)c1ccccc1,[ 0.32772177  0.55985814 -0.5862979  -0.09606814  0.120456  ]
Fc1ccc(Br)cc1,[-0.19229142  0.7571079  -0.86645377 -0.69260216  0.23326497]
CCCCOC(C)OCCCC,[ 0.6103554   0.64341295 -0.855084   -0.52973557 -0.16575396]
O=C1CC(N2C(=O)c3ccccc3C2=O)C(=O)N1,[-0.30560738  0.2984995  -0.10241114 -0.69368887  0.04441261]
O=C(CCl)CCl,[ 0.26694053  0.8115528  -0.8128516  -0.6186627   0.84212756]
CCC(C)(C)C1CCC(=O)CC1,[ 0.5670262   0.8973662  -0.3512863  -0.84279937 -0.01158533]
Cc1c(Sc2ccc(Cl)cc2)c2c(-c3cnccn3)cccc2n1CC(=O)O,[-0.07865823  0.35455373 -0.3495482  -1.         -0.08588819]
CC(C)(c1ccc(Oc2ccc(N)cc2)cc1)c1ccc(Oc2ccc(N)cc2)cc1,[-0.45064697  0.7115815   0.05582229 -0.7298019   0.35524663]
[NH3+]CC1CCC(C(=O)[O-])CC1,[ 0.83769786  0.86848223 -1.         -0.12317546 -0.22613597]
COP(=S)(OC)SCc1nnc(SC)s1,[ 0.15490904  0.75465477 -0.38789514 -0.53905773  0.44821486]
N#CCc1ccccc1,[ 0.4257393   0.72850454 -0.2922971  -0.68899715 -0.20500648]
COP(=S)(OC)Oc1cnc2ccccc2n1,[ 0.5219198  0.8949813 -0.9069249 -0.9112309  0.3722504]
CNC(=O)Oc1cccc2c1OC(C)(C)O2,[ 0.279553    0.7224673  -0.8041073  -0.8594233  -0.21403687]
CC1(C)CC2(NC(=O)N(CCCN3CCC(O)CC3)C2=O)c2cc(F)ccc2O1,[-0.01045595  0.6602981  -0.86690694 -0.94265425 -0.2959542 ]
COC(=O)C1=C(C)NC(C)=C(C(=O)OCCN(C)Cc2ccccc2)C1c1cccc([N+](=O)[O-])c1,[ 0.46455973  0.7533853  -0.68454325 -0.82046986 -0.126198  ]
CNNC,[ 0.23192358  0.45575222 -0.8410451  -0.72906846 -0.12405769]
CC(C)(C)c1nnc(NS(=O)(=O)c2ccccc2)s1,[ 0.3753573  0.9950373 -1.        -0.4515749  0.3609396]
O=C(Nc1cccc(Cl)c1)OCC#CCCl,[ 0.08552742  0.7976973  -0.94988275 -0.96201724 -0.39146063]
ClCc1ccccc1,[ 0.16448581  0.8559811  -0.30110723 -0.7936104  -0.19230783]
CC(NNC(=O)c1ccccc1)c1ccccc1,[ 0.51817364  0.72551167 -0.84949166 -0.9946648  -0.26675954]
CN1CCN2c3ncccc3Cc3ccccc3C2C1,[ 0.3793242   0.825836   -0.9362123  -0.64131105 -0.61551   ]
CCCCC(C)(C)CO,[ 0.06877081  0.71013576 -0.593297   -0.32580155  0.2978811 ]
C=CC(=O)OCCOCCC#N,[ 0.3231238   0.91710174 -0.8648765  -1.          0.08525775]
C#CCc1ccc(COC(=O)C2C(C=C(C)C)C2(C)C)o1,[ 0.18432261  0.8827339  -0.5960798  -0.647452    0.2368717 ]
COc1ccc2c(O[C@@H]3C[C@H]4C(=O)N[C@]5(C(=O)NS(=O)(=O)C6CC6)C[C@H]5/C=C\CCCCN(C)C(=O)[C@@H]4C3)nc(-c3ccc(F)cc3)nc2c1C,[ 0.3470984   0.6005737  -0.7943487  -0.7557294   0.19635728]
c1ccc([C@H]([C@@H](c2ccccc2)N2CCCCC2)N2CCCCC2)cc1,[-0.90820605  0.8619754  -0.45551488 -0.5481333   0.32610595]
CCOP(=S)(OCC)Oc1cc(-c2ccccc2)on1,[ 0.42470956  0.8083297  -0.89828575 -0.75786036  0.16917685]
CCCOP(=O)(OC=C(Cl)Cl)OCCCl,[ 0.04588249  0.8376552  -0.60803    -0.7731636  -0.4797278 ]
O=C(Nc1cccc(Cl)c1)Nc1nnc(-c2ccncc2)s1,[ 0.2690188   0.89108217 -0.57407683 -0.7720659  -0.0787457 ]
CCCCCCCCOC(C)=O,[ 0.02063642  0.6036768  -0.880509   -0.8843489  -0.5325166 ]
O=c1c2nocc2c(-c2ccccc2)nn1-c1ccccc1,[-0.61620677  0.78137827 -0.45667005 -0.9766377   0.1368592 ]
COCCOCCOC(C)=O,[ 0.55436826  0.90036607 -0.6698018  -0.5706422   0.08697385]
CCS(=O)(=O)c1ccc(-c2cc(Cl)ccc2OCC(=O)O)cc1,[-0.5815103   0.7172038  -1.         -0.53428274 -0.23802961]
CCC(C)(C)OC(=O)Nc1ccco1,[ 0.49841252  0.601134   -0.80735946 -0.04922622 -0.01175143]
C=C[Si](OC)(OC)OC,[ 0.1655963   0.7757745  -0.63898504 -0.7779539   0.11309324]
CC(=O)[C@H]1CC[C@H]2[C@@H]3CC[C@@H]4C[C@H](O)CC[C@]4(C)[C@H]3CC[C@]12C,[-0.18668002  1.         -0.8941089  -1.         -0.32481813]
CCCc1nn(C)c2c(=O)[nH]c(-c3cc(S(=O)(=O)N4CCN(C)CC4)ccc3OCC)nc12,[-0.38875887  0.33161178 -0.640476    0.07970984 -0.17818469]
CCC(C(=O)N1CCCCC1C(=O)OC(CCc1ccc(OC)c(OC)c1)c1cccc(OCC(=O)NCCNC(=O)COc2cccc(C(CCc3ccc(OC)c(OC)c3)OC(=O)C3CCCCN3C(=O)C(CC)c3cc(OC)c(OC)c(OC)c3)c2)c1)c1cc(OC)c(OC)c(OC)c1,[ 0.1517082  -0.7018456  -0.6261077  -0.05588477 -0.14913519]
O=C1OCC2C1C1(Cl)C(Cl)=C(Cl)C2(Cl)C1(Cl)Cl,[ 0.75755835  0.37662774 -0.8835717  -0.7608106  -0.560978  ]
CNC(=O)c1cccc2c(Nc3ccc(NS(C)(=O)=O)cc3OC)c3cccc(C)c3nc12,[-0.38352606  0.8082987  -0.6945324  -0.6116304   0.8388432 ]
CSCC(NC(=O)COc1cccc2cnccc12)C(=O)NC(Cc1ccccc1)C(O)C(=O)N1CSCC1C(=O)NC(C)(C)C,[ 0.87111694  0.6692276  -0.72747844 -0.30734614 -0.41416126]
O=C(CCCN1CCC(O)(c2cccc(C(F)(F)F)c2)CC1)c1ccc(F)cc1,"[ 2.0097743e-01  1.0000000e+00 -9.4041359e-01 -5.0998664e-01
 -8.8519417e-04]"
Cc1cc(Cl)ccc1OCC(=O)Nc1ccccc1,[-0.02937294  0.99594843 -0.7315668  -0.63059527 -0.4666308 ]
COC(=O)c1cc([N+](=O)[O-])ccc1Cl,[ 0.21271332  0.8251909  -0.89198273 -0.9317422   0.05241582]
CC(=O)N1CCN(c2ccc(OC[C@H]3CO[C@](Cn4ccnc4)(c4ccc(Cl)cc4Cl)O3)cc2)CC1,[ 0.37666687  0.77114326 -0.78551865 -0.31775448 -0.33803457]
Cc1ccc(N=C=O)cc1,[ 0.36254305  0.7359881  -0.86838907 -0.33465824  0.56149626]
Clc1ccc(OCOc2ccc(Cl)cc2)cc1,[ 0.6078831   0.5919639  -0.4686295  -0.17035243  0.20211905]
C[NH2+]C(C)Cc1ccccc1,[ 0.0133032  -0.03297437 -0.8386887  -0.6138564   0.46606505]
O=c1c(Cl)c(Cl)cnn1-c1ccccc1,[ 0.27679437  0.91388667 -0.6725212  -0.32350048 -0.07831267]
CCC(C(=O)O)c1ccc(CC(C)C)cc1,[ 0.4396118   0.66370595 -0.9003599  -0.57886297 -0.05096534]
CC(C)CCCC1CCC(C)(C(=O)NCC(=O)O)CC1,[ 0.48804936  0.4784306  -0.6554139  -0.45437112  0.13128208]
O=C(CSc1nc2c(c(=O)n1-c1ccccc1)SCC2)Nc1ncc(-c2ccccc2)s1,[ 0.42173544  0.90600103 -0.9569321  -0.6686262   0.3491198 ]
CSCC(=O)N(C)C(=O)Oc1ccccc1OC(C)C,[ 0.19171862  0.63399154 -0.78476155 -0.98942435 -0.4082072 ]
C=C(Cl)C#N,[-0.12834653  0.87707675 -1.         -0.572919   -0.62728995]
SCc1ccccc1,[ 0.30216765  0.58899975 -0.6479975  -0.82857174  0.37738368]
Nc1nc(O)c2ncn(COCCO)c2n1,[ 0.25281554  1.         -0.567001   -0.93763065 -0.58173794]
CCC(C)OC(CBr)c1ccc(Cl)cc1,[-0.5472423   0.61873496 -0.7924407  -0.65119886  0.28681237]
CCN[C@@H]1C[C@H](N)[C@@H](O[C@H]2OC(CN)=CC[C@H]2N)[C@H](O)[C@H]1O[C@H]1OC[C@](C)(O)[C@H](NC)[C@H]1O,[ 0.32638118  0.7306537  -0.5004386  -0.9574143   0.09052628]
Clc1cccc([Si]23OCCN(CCO2)CCO3)c1,[ 0.2801909   0.86799735 -0.69000787 -0.7690086  -0.3734009 ]
CC(C(=O)O)c1ccc(CC2CCCC2=O)cc1,[ 0.40422827  0.74727744 -0.6601902  -1.         -0.21844278]
CNCC(O)c1cccc(O)c1,[-0.07129501  0.7481719  -0.44500735 -0.78503126 -0.15431346]
CC(C)(C)c1ccc(OP2OCC3(CO2)COP(Oc2ccc(C(C)(C)C)cc2C(C)(C)C)OC3)c(C(C)(C)C)c1,[-0.09075733  0.9536277  -0.2834067  -0.18737464  0.0500459 ]
CCCCOP(=O)(O)OCCCC,[ 0.4395684  -0.7206276  -0.67193556 -1.         -0.19144332]
Cc1cnc(-c2cc(NC(=O)c3ccc(C(F)(F)F)nc3C)ccc2Cl)[nH]1,[-0.01597351  0.56890154 -0.4406448  -0.5304778   0.44570085]
ClCC1C(CCl)C2(Cl)C(Cl)=C(Cl)C1(Cl)C2(Cl)Cl,[ 0.25740224  0.7223877  -0.5321057  -1.          0.19096825]
CC(C)(C)c1ccc(C(=O)O)cc1,[ 0.4675316   0.8349771  -0.7119638   0.26184756 -0.13868354]
CCCOC(=O)c1ccc(C(=O)OCCC)nc1,[ 0.14160576 -0.17543297 -0.7285153  -0.54475695  0.03330797]
CCC[C@H](NC(=O)[C@@H]1[C@H]2CCC[C@H]2CN1C(=O)[C@@H](NC(=O)[C@@H](NC(=O)c1cnccn1)C1CCCCC1)C(C)(C)C)C(=O)C(=O)NC1CC1,[ 0.48543304  0.39691433 -0.83173037 -0.8400262  -0.1438721 ]
C=CC(=O)N(C)C,[ 0.4887288   1.         -0.1555806  -0.6118615  -0.07476129]
CCC(=O)NC[C@H]1CN(c2ccc(-c3nncs3)c(F)c2)C(=O)O1,[-0.53874934  0.89577603 -1.         -0.07405978  0.2620794 ]
O=C(O)CCC(=O)O,[-0.09864303  0.51480895 -0.933719   -0.67487586  0.69027996]
Clc1ccc(N2N=NC3C4CC(C5N=NC45)C32)cc1,[ 0.09951878  0.76808286 -0.02224486 -0.5474798  -0.37510827]
CNC(=O)OCc1cccc(COC(=O)NC)n1,[ 0.18272252  0.8656122  -0.57634133 -0.25374871  0.03702762]
O=c1[nH]c2c(O)ccc([C@@H](O)CNCCSCCCNCCc3cccc(Cl)c3Cl)c2s1,[ 0.32255414  0.60613763 -0.8480179   0.47690666 -0.45191035]
CC[C@H](C)C(=O)O[C@H]1C[C@H](O)C=C2C=C[C@H](C)[C@H](CC[C@@H](O)C[C@@H](O)CC(=O)O)[C@H]21,[ 0.17382488  0.8606609  -0.7445796  -0.73768914 -0.09660464]
Oc1ccc2[nH]c(C(F)(F)F)nc2c1,[-0.05256737  0.94068    -0.70798236 -0.632246   -0.27905226]
CC(=O)Oc1ccc2c3c1OC1C(OC(C)=O)C=CC4C(C2)[NH+](C)CCC341,[ 0.38550493 -0.29518178 -0.55275947 -0.46806806 -0.01407341]
CCN1CN(CO)C(=O)N(CO)C1,[ 0.5404809   0.32759166 -0.5000659  -0.702704   -0.4575998 ]
CCc1nn(C2CCCC2)c2c1CCn1c(-c3cccs3)nnc1-2,[-0.157824    0.96621007 -0.43757308 -0.3224801  -0.28589353]
CCCSP(C)(=S)OP(C)(=S)SCCC,[-0.18017028  0.95177925 -0.9435955  -0.8501803  -0.03610675]
Cc1cn([C@H]2CCCN(S(=O)(=O)c3ccc(C#N)c(Oc4cccc(Cl)c4)c3)C2)c(=O)[nH]c1=O,[ 0.47599208  0.57514745  0.30098245 -0.7129673  -0.06580457]
CC1CCCCOC1=O,[ 0.30923754 -0.7414306   0.12287254 -0.7766602  -0.3116596 ]
COc1ccccc1NC(=O)CC(C)=O,[-0.64074284  0.6035998  -0.86894447 -0.6539056   0.02365046]
Cc1cccc(Nc2ccncc2S(=O)(=O)[N-]C(=O)NC(C)C)c1,[ 0.08904169  0.6971252   0.4266962  -0.47255364 -0.4303623 ]
CCCCCCCCCCOc1c(OC)cc(C(N)=O)cc1OC,[ 0.15434024  0.36527574 -1.         -0.48120323  0.0358927 ]
COc1cc2ncc(C(N)=O)c(Nc3cccc(Cl)c3Cl)c2cc1N1CCN(C)CC1,[-0.01099514  0.57818145 -1.         -0.94784015 -0.39601594]
O=C(O)COc1ccc(C(=O)CN2CCN(C3CCNCC3)CC2=O)cc1,[ 0.5690628   0.7068104  -0.5868218  -0.7999054  -0.18807684]
CN(CC=CC#CC(C)(C)C)Cc1cccc2ccccc12,[-0.439447    0.9477042  -0.7340601  -0.72169405 -0.2141276 ]
COc1cc(C=CC(N)=O)ccc1O,[ 0.28019214  0.59179676 -0.9707616  -0.59609413 -0.06589352]
CC(C(N)=O)(c1ccccc1)c1ccc(N)cc1,[ 0.38670224  0.5997544  -1.         -0.60998785 -0.73437566]
COc1cc2c3c(c1O)C1(C=CC(=O)C=C1)CC3N(C)CC2,[ 0.25604478 -0.3850943  -0.82174575 -0.36992684 -0.05424675]
C=CCNC(=S)Nc1ccccc1,[ 0.0901057  -1.         -0.75867623 -0.28839177  0.16490191]
Clc1ccc(Cl)c(Cl)c1,[-0.25216183  0.90605706 -0.78653735 -1.          0.5418894 ]
OCCNCCc1ccccc1,[ 0.26770976  0.5693666  -0.73928267 -1.          0.1040088 ]
CCOP(=O)(Cl)Cl,[ 0.35577953  0.95259297 -0.8498536  -0.31554103  0.11158407]
COc1cc2ncnc(Nc3ccc(F)c(Cl)c3)c2cc1NC(=O)/C=C/CN1CCCCC1,[ 0.4110581   0.75688654 -0.67101204 -0.531676   -0.36877477]
CN1C[C@@H]2c3ccccc3Oc3ccc(Cl)cc3[C@H]2C1,[-0.10946365  0.40498406 -0.6424682  -0.55761975 -0.44601637]
CCCOC(=O)Cc1ccc(OCC(=O)N(CC)CC)c(OC)c1,[-0.6801665   0.9372987  -0.5086279   0.25871527  0.22796802]
Nc1cc[n+]([O-])cc1,[ 0.14286059  0.8188777  -0.8663403  -0.9196718  -0.28154883]
CN(C)S(=O)(=O)N(SC(F)(Cl)Cl)c1ccccc1,[ 0.2883242  -0.74629265 -0.66921484 -0.26422513  0.32600158]
COCCNC(=O)c1ccc(Nc2ncc3cc(-c4ccncc4)ccc3n2)cc1C,[ 0.23715535 -0.42679358 -0.54552495  0.13024044  0.4661886 ]
CCCCc1nc(Cl)c(CO)n1Cc1ccc(-c2ccccc2-c2nnn[nH]2)cc1,[ 0.166873    0.9149339  -0.8525492  -0.41338742  0.15266475]
CC1CC(=O)NN=C1c1ccc([N-]N=C(C#N)C#N)cc1,[ 0.350239    0.13002257 -1.         -0.8024031   0.2633836 ]
CNC(=O)Oc1ccc(Cl)c2c1OC(C)(C)C2,[ 0.22025707 -0.31940112  0.33485228 -0.7188422  -0.23096307]
CO/N=C(/C(=O)NC1C(=O)N2C(C(=O)[O-])=C(C[N+]34CCC(C(N)=O)(CC3)CC4)CSC12)c1nsc(N)n1,[-0.18500069  0.45214626 -0.73520744 -0.6725978   0.54756033]
CN1CCC(=C2c3ccccc3Sc3ccccc32)CC1,[ 0.27206343  0.79646295 -0.8434411  -0.6786061  -0.06011607]
CCOP(=O)(OCC)N(C)c1ccccc1,[ 0.24427894  0.8224606  -0.79626256  0.38879165 -0.06942872]
c1ccc(COCc2ccccc2)cc1,[ 0.20749606  1.         -1.         -0.31301475 -0.2822443 ]
CCSP(SCC)SCC,[ 0.13576059  0.8039247  -0.8298239  -0.54317766 -0.45515168]
Nc1nc2[nH]cnc2c(=S)[nH]1,[-0.5629507   0.87003386 -0.92616796 -0.4303257  -0.14599226]
CCCCn1c(=O)n(CCC)c(=O)c2[nH]c(C)nc21,[ 0.38914272  0.26451948 -0.75033635 -0.66306466  0.06065178]
CC(=O)NC(CS)C(=O)[O-],[ 0.01694176 -0.42421016 -0.6190045  -1.          0.12124918]
O=[N+]([O-])c1cc(Cl)c(N=Nc2ccc(N3CCS(=O)(=O)CC3)cc2)c(Cl)c1,[ 0.03339239  0.64286625  0.01573978 -0.45656794 -0.3848136 ]
CCN(CC)CCCCCCCCCCNC(=O)Oc1ccc2c(c1)C1(C)CCN(C)C1N2C,[ 0.05064603  1.         -0.9290274  -0.98547375  0.65906274]
O=P(O)(O)C(O)(Cn1ccnc1)P(=O)(O)O,[-0.17317732  0.7278933  -0.8411798  -0.71710783  0.02222581]
CC(C(O)c1ccc(O)cc1)[NH+]1CCC(O)(c2ccccc2)CC1,[-0.37156305  0.6462065  -0.5651234  -0.7004208  -0.01699282]
CC(=CC(=O)O)C(=O)O,[ 0.04809336  0.63873535 -1.         -0.7939581  -0.2550959 ]
NS(=O)(=O)c1cc2c(cc1Cl)NCNS2(=O)=O,[ 0.02376417  0.7135151  -0.15074101 -0.8903511   0.49228352]
CNC(=N)c1cccc(CC(CC(=O)N2CCC(C(=O)O)CC2)NS(=O)(=O)c2ccc3ccccc3c2)c1,[-0.2500649   0.27892277 -0.47806367  0.5242933  -0.08335037]
CN(C)N(C)N=O,[-0.04579419  0.80895954 -0.8203205  -0.8403108   0.4270189 ]
C[S+]([O-])Cc1ccc(C(=O)Nc2ccc(OCCOCCO)nc2C(=O)NCC2CCC2)c2ccccc12,[ 0.3029742  1.        -0.5414775 -0.5511999 -0.2609386]
Fc1cc2nc(C(F)(F)F)[nH]c2cc1Cl,[ 0.5828102   0.82169724 -0.8313256  -0.5977425   0.03655123]
O=Cc1ccc(O)cc1,[ 0.38394064  0.63833314 -0.62537926 -0.82104754 -0.35503358]
CS(=O)(=O)c1nc(-c2ccc(F)cc2)n(-c2ccc(Cl)cc2)n1,[ 0.00180146  0.8126538  -0.76554316 -0.84607667 -0.20199698]
O=C(O)CCC(=O)OC1CCCCC1,[-0.10473636  0.75149024 -0.64723694 -0.6232904  -0.24068968]
Oc1c(O)c(-c2c(Cl)c(Cl)c(Cl)c(Cl)c2Cl)c(Cl)c(Cl)c1Cl,[-0.00154921  0.5766037  -0.5709188  -0.2919828   0.06804037]
CON(C)C(=O)Nc1ccc(Cl)cc1,[ 0.2804954   0.7578723  -0.01297734 -0.7882598  -0.25725195]
O=[N+]([O-])c1ccc(C=NNC(=S)N2CCCC2)o1,[-0.00894509  0.8561904  -0.45211816 -0.9836356   0.11523055]
Nc1c(Cl)c(Cl)c2[nH]c(C(F)(F)F)nc2c1Cl,[ 0.380219    0.48469368 -0.7433545  -0.44358748  0.76432747]
COc1cc2c3cc1Oc1cc(ccc1O)CC1c4c(cc(OC)c(O)c4Oc4ccc(cc4)CC3[NH+](C)CC2)CC[N+]1(C)C,[ 0.03018234  0.99851996 -0.8093342  -0.5825268   0.01541166]
CBr,[-0.22184034  0.787945   -0.86536765 -0.74633497 -0.06072107]
CC1(C)C2CC=C(CCO)C1C2,[ 0.09767148  0.5095888  -0.7483227  -0.5837804   0.15789072]
CC(=O)OC(C(Cl)(Cl)Cl)P(=O)(Oc1ccccc1)Oc1ccccc1,[-0.07616562  0.5534651  -0.6057245  -0.88202524 -0.16089924]
CC(C)NCC(O)COc1cccc2ccccc12,[ 0.4780629   0.75114894 -0.7988845  -0.8674312  -0.56873596]
CC(=O)O[C@H]1C[C@]2(O)[C@H]3CC[C@H]4C[C@H](O[C@H]5C[C@@H](O)[C@@H](O[C@H]6C[C@@H](O)[C@@H](O[C@H]7C[C@@H](O)[C@@H](O)[C@H](C)O7)[C@H](C)O6)[C@H](C)O5)CC[C@@]4(C)[C@H]3CC[C@]2(C)[C@H]1C1=CC(=O)OC1,[ 0.22874282  0.7128888  -0.4598025  -0.8806035  -0.44715318]
CC(=O)OO,[-0.03959245  0.5856607  -0.46147    -0.7100586  -0.23239647]
O=C(Cl)C=CC(=O)Cl,[ 0.52865905  0.6802987  -0.9470468  -0.13369232 -0.03834075]
CC(C)(C)c1ccc2c(c1)C(C)(C)CC2,[-0.40426597  0.77639335 -0.73176503 -0.161471    0.09029141]
COc1cc(OC)c(C(=O)CCCN2CCCC2)c(OC)c1,[ 0.30988425  0.6828189  -0.58927643 -0.74681205 -0.40181428]
CCOC(=O)C(CCc1ccccc1)NC(C)C(=O)N1C(C(=O)[O-])CC2CCCCC21,[ 0.8425172   0.80108476 -0.12657714  0.1165852  -0.16852462]
Cc1cc(Nc2nc(N[C@@H](C)c3ccc(F)cn3)c(C#N)cc2F)n[nH]1,[ 0.43885654  0.67251945 -0.5588301  -0.71930295  0.62211263]
O=C(NCC12CC3CC(CC(C3)C1)C2)c1cc(-n2ncc(=O)[nH]c2=O)ccc1Cl,[ 0.33978486  0.32812348 -0.69502604 -0.5119347  -0.3696345 ]
CN(C)N=Nc1ccc(I)cc1,[-0.0106904  -0.43754956 -0.5390171  -0.8509077  -0.01953119]
CC(C)NC(=O)c1cnc(N2CCC(N3C(=O)OCc4ccccc43)CC2)c(Cl)c1,[-0.06318513  0.9064036  -0.7172683  -0.5327789  -0.00777611]
Cn1c(=O)sc2cccc(Cl)c21,[ 0.19106565  0.95625955 -0.30555946 -0.9195632  -0.25548825]
CCC(=O)OC1CCC2C3CCC4=CC(=O)CCC4(C)C3CCC12C,[ 0.357264   -0.5804639  -0.86323035 -0.57567084  0.91951627]
Cc1ccc(N2CC(COc3ccc(-c4noc(C)n4)cc3)C2)nn1,[-0.12884162  0.54803723 -0.5218727  -0.9050721  -0.01575295]
Cc1ccc(C(=O)c2ccc(CC(=O)NCC(=O)Nc3cccc(C)c3C)n2C)cc1,[ 0.14811544  1.         -0.5547762  -0.24414945  0.03501778]
CO/N=C(\C(=O)N[C@@H]1C(=O)N2C(C(=O)O)=CCS[C@H]12)c1csc(N)n1,[ 0.270541   -0.33263558 -0.91814613 -0.7938156  -0.05152794]
COC(=O)C1=C(C)NC(C)=C(C(=O)OCCN(C)Cc2ccccc2)C1c1cccc(N(O)O)c1,[-0.09479167  0.9226883  -0.4177507  -0.88555807 -0.47392067]
C[Si](C)(Cl)Cl,[ 0.64807385  0.94145393 -0.77222645 -0.95913756 -0.4192062 ]
FC(F)(F)c1nc2cc(Br)c(Cl)cc2[nH]1,[ 0.29420248  0.89059883 -0.7459049  -0.05740486  0.06523004]
CON=C(Cc1cccnc1)c1ccc(Cl)cc1Cl,[ 0.40097597  0.43058988 -0.83734417 -0.37621173 -0.17253658]
CCCCC(CC)CNCC(C)(N)CN(C)CC(CC)CCCC,[ 0.08719074  0.9389943  -0.77332544  0.46075976 -0.31136838]
CCP(=O)(OC)SC,[-0.3456811   1.         -0.7332807  -1.          0.73048264]
COc1ccc2ncc(=O)n(CCN3CC[C@@H](NCc4cc5c(cn4)OCCO5)[C@H](O)C3)c2c1,[ 0.14929582  0.4350385  -0.9049223  -0.874945    0.19161321]
O=C1c2ccccc2N(C(=O)CN2CCOCC2)CN1c1ccccc1,[ 0.36207008  0.56952    -0.8045804   0.22038506 -0.03751932]
CC(=O)OC(C)(C)C1CC=C(C)CC1,[ 0.37049845  0.7677459  -0.43571052 -0.51135856 -0.09304802]
O=c1cc(-c2ccc(O)cc2)oc2cc([O-])c(C3OC(CO)C(O)C(O)C3O)c(O)c12,[ 0.03696517  0.60717726 -0.6954622   0.16577098  0.39444613]
CC(C)=CC1C(C(=O)OC(C#N)c2cccc(Oc3ccccc3)c2)C1(C)C,[ 0.02807575  0.33581498 -0.8350289  -0.5116678   0.3514178 ]
COc1cc2nc(N3CCN(C(=O)c4ccco4)CC3)nc(N)c2cc1OC,[ 0.51442856  0.90527076 -0.82768077 -0.6184937  -0.5596061 ]
CC(O)C(Cl)(Cl)Cl,[-0.3238003   0.85708386 -0.6002599   0.3395766   0.23797534]
C=COC(=O)C=CC,[-0.13985154  0.9087131   0.57314867 -0.7238624   0.21028623]
C=CCOC(=O)CCCCC,[0.33157167 0.81062424 0.21406491 0.05356148 0.01216233]
OCC(O)C(O)C(O)CO,[ 0.30501968  0.91262037 -0.5579569   0.18390109  0.08918691]
O=C(O)c1ccccc1-c1c2ccc(=O)cc-2oc2cc(O)ccc12,[-0.07502786  0.8851691  -0.7405112  -0.6895435   0.58799   ]
C=C(Cl)C(Cl)CCl,[ 0.14157583  0.7031233  -0.13094924  0.39304614 -0.02474038]
CCC(O)CO,[ 0.22855128  0.31710157 -0.82143605 -0.8843219  -0.06114446]
CCCCCCCCCCCCNC(N)=S,[-0.40350407  0.8959993  -0.81257063  0.00666287 -0.3254737 ]
Oc1cc(Cl)c(Cl)c(Cl)c1Cl,[ 0.2287139   0.1881905  -0.80897397  0.76031935 -0.11127809]
CN(C)C(=O)Nc1ccc(Cl)cc1,[ 0.07362549  0.8572025  -0.85501987 -1.          0.7119803 ]
FC1(F)CC(C2CC3(Cl)C(Cl)=C(Cl)C2(Cl)C3(Cl)Cl)C1(F)F,[ 0.20514251  0.9454311  -1.         -0.28589353  0.08425277]
C1=CCCC=CCCC=CCC1,[-0.21718484  0.7043382  -0.7484636  -0.91931593 -0.4310565 ]
Nc1ccc(Cl)cc1Cl,[ 0.26943386  0.81155396 -0.9380679  -0.6174595  -0.153601  ]
CCNC(=O)ON=C1SCOC1C,[ 0.31535563  0.7142742  -0.72489965 -0.67991734 -0.47831717]
COc1ccc2c3c1OC1C(O)C=CC4C(C2)[N+](C)([O-])CCC341,[-0.22478884  0.8339989  -0.89509594 -1.         -0.12178759]
CON=C(C(=O)NC1C(=O)N2C(C(=O)O)=C(COC(N)=O)CSC12)c1ccco1,[-0.07196919  0.6719403  -0.85091937 -0.89692456 -0.04761929]
CCN(CC)c1ccc2c(C)cc(=O)oc2c1,[ 0.32742572  0.56042475 -0.64565456 -0.0538527   0.43052375]
CC1CCC(C(C)C)C(O)C1,[ 0.32281026  0.59317774 -0.7538899  -0.54325986 -0.500345  ]
Nc1nc(-c2ccccn2)nc(N)c1Cc1ccc(Cl)cc1Cl,[ 0.19512606  0.92877454 -1.         -0.53362256  0.5985774 ]
CC(=O)OC12COC1CC(O)C1(C)C(=O)C(O)C3=C(C)C(OC(=O)C(O)C(NC(=O)OC(C)(C)C)c4ccccc4)CC(O)(C(OC(=O)c4ccccc4)C21)C3(C)C,[ 0.01879885  0.68827647 -0.70668316 -0.7278648  -0.21283439]
O=C(NCCNCC(O)COc1ccc(O)cc1)N1CCOCC1,[ 0.05792751  1.         -0.9158917  -0.9023409  -0.05264394]
CC1CS(=O)(=O)CCN1N=Cc1ccc([N+](=O)[O-])o1,[ 0.42664084  0.88630396 -0.517399   -0.46507147 -0.01244682]
CN(C)S(=O)(=O)CCCCCNC(=O)N(CCCl)N=O,[-0.44277963 -1.         -0.76911384  0.30114928 -1.        ]
COP(=S)(OC)SCc1nc(N)nc(N)n1,[ 0.27322784  0.8220206  -0.84656817 -0.570735   -0.40817598]
O=C(O)CCCCCC(=O)O,[ 0.3645217   0.57501894 -1.         -0.6686654  -0.05435898]
CNC(=N)c1cccc(CC(CC(=O)N2CCC(C)CC2)NS(=O)(=O)c2ccc3ccccc3c2)c1,[-0.5907497  -0.03020837 -0.6553368  -0.07721251  0.30262256]
O=C([O-])CCCc1ccc(N(CCCl)CCCl)cc1,[ 0.18747199  0.8913014  -0.7617744  -0.7158977  -0.3279596 ]
COCCNCc1ccc(Nc2ncc3cc(-c4ccncc4)ccc3n2)cc1,[ 0.24460684  0.84613645 -1.         -0.5862501  -0.33549902]
CC(=O)N[C@H](Cc1ccc2ccccc2c1)C(=O)N[C@H](Cc1ccc(Cl)cc1)C(=O)N[C@H](Cc1cccnc1)C(=O)N[C@@H](CO)C(=O)N[C@@H](Cc1ccc(O)cc1)C(=O)N[C@H](CCCNC(N)=O)C(=O)N[C@@H](CC(C)C)C(=O)N[C@@H](CCCNC(=N)N)C(=O)N1CCC[C@H]1C(=O)N[C@H](C)C(N)=O,[-0.06837397  0.75056565 -0.757664   -0.9564241  -0.1751102 ]
CC(O)C#N,[-0.6386061  -0.28587383 -0.43544066 -0.80171835  0.14475775]
CCCCCC(=O)O,[ 0.21622176  0.9891746  -0.8938797  -1.          0.02799841]
COC(=O)Cc1ccccc1,[-0.70741236 -0.2097487  -0.8385834  -0.66947883 -0.05371055]
CCCCCc1ccccc1O,[ 0.32148612 -0.23770107 -0.8638011  -1.         -0.42729235]
CCCN(CCC)c1c([N+](=O)[O-])cc(C(C)C)cc1[N+](=O)[O-],[ 0.15645562  0.934285   -1.         -0.669042    0.35858282]
CC(=O)Nc1ccc(C)c(NS(=O)(=O)C(F)(F)F)c1,[ 0.4894357   0.12328286 -0.9977169  -0.67182595 -0.36252734]
CC[C@@H]1OC(=O)[C@@H](C)[C@H](O[C@@H]2C[C@](C)(OC)[C@H](O)[C@@H](C)O2)[C@H](C)[C@H](O[C@@H]2O[C@H](C)C[C@H](N(C)C)[C@H]2O)[C@@](C)(O)C[C@@H](C)/C(=N\OCOCCOC)[C@H](C)[C@@H](O)[C@@]1(C)O,[ 0.44992378  1.         -0.5585349   0.37871528 -0.28716925]
Nc1nc2c(ncn2COCCO)c(=O)[nH]1,[ 0.07175577 -0.20569563 -0.5795286  -0.01315911  0.6387666 ]
C=CCc1cc(OC)c2c(c1)OCO2,[ 0.25617084  0.8296217  -0.8460404  -0.76622784  0.01585694]
CC(C)C(CCC(C)C1CCC2C3C(O)CC4CC(NCCC[NH2+]CCCC[NH3+])CCC4(C)C3CCC12C)OS(=O)(=O)[O-],[-0.17337747  0.9793817  -0.8890174  -1.         -0.19332656]
COC(CN1CCN(CCC(O)c2ccccc2)CC1)c1ccccc1,[-0.12312458  0.3591968  -1.         -0.94007057 -0.15627147]
CN(C1CCCCC1)C1CCCCC1,[ 0.07571729  0.6776036  -0.89968663 -0.7482487  -0.22422303]
COP(N)(=O)SC,[-0.47943258  0.6178986  -0.6963136  -0.75452423  0.10208933]
CC(O)CO,[ 0.3765669  1.        -0.9340464 -0.6195078  0.9303911]
C=CCSP(=O)(NC(=O)CC)OC,[-0.09934058  0.6140473  -0.75108635 -0.8891129  -0.156903  ]
CCC(=O)CC,[ 0.06862137  0.68140054 -0.91273886 -0.93228275 -0.21687457]
CN(CC#N)N=O,[ 0.13631055  0.78936976 -0.7691413  -0.81022096 -0.22559   ]
Cc1onc2c(=O)n(C)nc(-c3ccccc3)c12,[ 0.34489736  1.         -0.8263653  -0.82361203 -0.01326331]
C[NH+](C)CCC(c1ccc(Cl)cc1)c1ccccn1,[ 0.29069883  0.4073847  -0.57137156 -1.          0.16935165]
CC(C)(C)NC[C@H](O)COc1nsnc1N1CCOCC1,[ 0.17006186  0.87054473 -1.         -0.09384046 -0.29707792]
ClC(Cl)(Cl)c1cccc(C(Cl)(Cl)Cl)c1,[ 0.29915467  0.8703317  -0.6776501  -1.          0.5753442 ]
CC(C)=C1CCC(C)CC1=O,[ 0.31435245  0.8258819  -1.         -0.5892464   0.07296403]
CCOc1cc2ncc(C(N)=O)c(Nc3ccc(F)cc3F)c2cc1N1CCN(C2CC2)CC1,[ 0.04848174  0.11972716 -0.4502259  -0.34837294 -0.2920031 ]
CNC(=O)c1[nH]cnc1C(=O)Nc1ccc(Cl)cc1,[ 0.18082593  0.8196165  -0.59547997 -0.6373624  -0.40937027]
CC(COc1ccc(Cl)cc1Cl)C(=O)O,[-0.02035026  0.91211706 -0.8658493  -0.74289954  0.23883015]
O=C1C(Cl)C(CCl)CN1c1cccc(C(F)(F)F)c1,[-0.09607443  0.7647108  -0.7717347  -0.24047054  0.7698987 ]
O=c1cc(N2CCOCC2)nc2n(Cc3cccc(Cl)c3Cl)ccn12,[ 0.35436553  0.3459496  -0.1121282  -0.48188782  0.25441605]
CCCCCCCC=CC=O,[ 0.30213127  0.9806852  -0.8239866  -0.9910806  -0.11495308]
O=C(c1ccc(Cl)cc1)c1ccccc1-c1ncc[nH]1,[-0.41105017  0.8711305  -0.6107409  -0.7481794  -0.00476289]
O=C(OCCc1ccccc1)c1ccccc1,[ 0.37838268  0.59607023 -0.9250963   0.38067806 -0.02307903]
Nc1ccc(F)c([N+](=O)[O-])c1,[ 0.28677702  0.84426004 -0.8381411  -0.6627604  -0.22630793]
OCCCCC(O)CO,[ 0.17960936  0.7761814  -0.93367195 -0.6294755   0.58335614]
CP(=S)(Oc1ccccc1)Oc1ccc(C#N)cc1,[ 0.142101    0.73269135 -0.77367586  0.41292566 -0.03220806]
CC(CO[N+](=O)[O-])(CO[N+](=O)[O-])CO[N+](=O)[O-],[ 0.03112272  0.5722866  -0.79267913  0.20484963 -0.12150525]
Cc1nc(C(F)(F)F)ccc1C(=O)Nc1ccc(Cl)c(-c2ccccn2)c1,[-0.03452944 -0.6564742  -0.51467454 -1.         -0.55513483]
CN(C)CCCC1c2ccccc2Nc2ccc(Cl)cc21,[ 0.01022155  0.83453155 -0.7716837  -0.9060018  -0.14141856]
CC(C)(C)CC(=O)Nc1c(F)cc(C(=O)Nc2nccs2)cc1F,[ 0.11901446  0.9262473   0.61062884 -0.49469846 -0.16208455]
C=CCN1CCC23CCCCC2C1Cc1ccc(O)cc13,[ 0.0833563   0.8854361   0.28447518 -0.5719191  -0.329305  ]
CCCNC(=N)C(OCC)c1ccccc1,[ 0.12842412  0.5733919  -0.68487775 -0.47241116  0.5040413 ]
O=c1[nH]c2ccccc2n1CCCN1CCN(C(c2ccccc2)c2ccccc2)CC1,[ 0.43813288  0.77357614  0.5357121  -0.29761732 -0.12428118]
C#CC1(O)C(CO)OC(n2ccc(N)nc2=O)C1O,[-0.5950849   0.7816494  -0.90891695 -0.7522918  -0.14057088]
Oc1nc(-c2ccccc2)nc2ccccc12,[ 0.35746542  0.55912554 -1.         -1.         -0.03653762]
O=[N+]([O-])c1cccc(O)c1,[-0.2405732   0.35567087 -1.         -0.77791053  0.24460642]
CN(C)Cc1cc(CN(C)C)c(O)c(CN(C)C)c1,[ 0.22706957  0.28702435 -0.69141513 -0.06300291  0.41550764]
CSc1ccc(C(=O)c2[nH]c(=O)[nH]c2C)cc1,[ 0.46749946  0.96984065 -0.81801015 -0.4876517  -0.15825392]
CCOP(=O)(O)O,[-0.17168738 -0.65249884 -1.         -0.3710193  -0.53797305]
Cc1ccc(N=CN(C)SN(C)C=Nc2ccc(C)cc2C)c(C)c1,[ 0.28208     0.87835985 -0.01323221 -0.3986293   0.17186303]
NC(=O)c1cnc(N[C@@H]2CCCC[C@@H]2N)nc1Nc1cccc(-n2nccn2)c1,[-0.31189466  0.85103583 -0.98846954 -0.8484919   0.23073633]
CC(C)=CCCC(C)=CCCC(=CCCC(C)=CCO)CO,[ 0.3326895   0.6163399  -0.6172368  -0.7682722  -0.52154016]
C[C@@H](NC1=CC(=O)CNC1)c1ccc(Nc2ncc3cc(-c4ccncc4)ccc3n2)cc1,[ 0.2011275   0.92640096 -0.8530583  -0.4874532   0.50478697]
CCCCOc1ccccc1NC(C)=O,[ 0.33110085 -0.03314297 -1.         -0.66609704  0.4665183 ]
Cc1cc(C)c(C)cc1C,[ 0.0567099   0.77235556 -0.0088549  -0.56197864  0.25476804]
CN1CCN(c2ccc3ncc(C(N)=O)c(Nc4ccc(Cl)c(Cl)c4)c3c2)CC1,[-0.20665261  0.5654084  -0.7590101  -0.04253675 -0.16893426]
O=C(NCc1ccc(OC(F)(F)F)cc1)C1c2ccccc2C(=O)N1CCc1ncc(F)cn1,[ 0.4061964   0.7459503  -0.97637814 -0.8327302   0.15259129]
C=C(C)c1cccc(C(C)(C)N=C=O)c1,[ 0.08305393  0.24470928 -0.26644447 -1.         -0.7301304 ]
Nc1ccc([N+](=O)[O-])cc1N,[ 0.74588346  0.58441967 -0.74245536 -0.7055828   0.05366679]
CC(=O)O[C@H]1C[C@@H]2CC[C@@H]3[C@H](CC[C@@]4(C)[C@H]3C[C@H]([N+]3(C)CCCCC3)[C@@H]4OC(C)=O)[C@@]2(C)C[C@@H]1N1CCCCC1.[Br-],[-0.29616615  0.88949317 -0.85800254 -0.3090504  -0.43347767]
C(=NC1CCCCC1)=NC1CCCCC1,[ 0.09345707  0.96711683 -0.38599122 -0.69501466 -0.25431132]
COc1cc(OC)c(S(=O)(=O)N2c3ccccc3CCC2C)cc1NC(=O)COCC(=O)O,[ 0.28455335  0.85875714 -0.16462708 -0.56928307 -0.22336616]
O=C(NC1CC1)c1cc(-c2cccs2)on1,[-0.24265344  0.8230094  -1.         -0.9224605   0.1394447 ]
CC(C)Cn1c(=O)n(C)c(=O)c2c(C(=O)N3CC[C@@H](O)C3)c(Cc3c[nH]c4ccccc34)sc21,[ 0.64487576  1.         -0.7532506  -0.535678   -0.48353103]
O=C(CCC(=O)OC1CCCCC1)OC1CCCCC1,[ 0.05946859  0.34864664 -0.17773418 -0.24100439  0.21717109]
N#CCCCCC#N,[-0.20893024  0.7834544  -0.839712   -0.73455596 -0.26402524]
Cc1c(C(C)C)c(=O)n(-c2ccccc2)n1C,[ 0.0254437   0.7886386  -0.82714385 -0.7507724   0.78593534]
COc1cccc(OC)c1O,[-0.43255746  0.27294573 -0.7724176  -0.85275143 -0.00990493]
CC(C)OP(=S)(OC(C)C)SCn1nc(Cl)ccc1=O,[-0.6380801   0.9484236  -0.327638    0.24356349 -0.27816847]
O=C(CF)Nc1ccccc1,[ 0.66758704  0.76099056 -0.5298087  -0.7803551  -0.57088774]
OC[C@@H]1CC[C@H](n2cnc3c(O)ncnc32)O1,[ 0.2847822   0.6116293  -0.1425113  -0.35151258 -0.95241946]
O=[N+]([O-])N1CN([N+](=O)[O-])CN([N+](=O)[O-])C1,[ 0.11318325 -0.1719601  -0.06050165 -0.5172641  -0.32381037]
CCCCOP(=O)(OCCCC)Oc1ccccc1,[ 0.4507262   0.87638456 -1.         -0.9048102  -0.45702055]
Cn1c(C2=CCN(CCCN3c4ccccc4Sc4ccc(CC(=O)O)cc43)CC2)cc(=O)n(C)c1=O,[ 0.23434834 -0.41046277 -0.40145484 -0.2245003  -0.19018547]
CCCCOCCOCCCC,[ 0.49741486  0.8150654  -0.81812316 -0.607669    0.33813068]
CCc1cccc(CC)c1N,[ 0.1274818   0.85676366 -0.58224803 -0.8549037  -0.42173108]
CCOc1cc2nnc(C(N)=O)c(Nc3ccc(F)cc3F)c2cc1N1CCN(C)CC1,[ 0.09967633  0.4900886  -0.7716489  -0.6833225   0.77296746]
CN=C=S,[ 0.22296482  1.         -0.7919872  -0.7384956  -0.28290176]
COc1nccnc1NS(=O)(=O)c1ccc(N)cc1,[ 0.4569385   0.8695662  -0.7849924  -0.8149401   0.05793098]
C/C=C/c1cc(OC)c2c(c1)C(C)C(c1cc(OC)c(O)c(OC)c1)O2,[ 0.33264172  0.33499914 -0.3119357  -0.60720193  0.04434747]
O=C(COc1ccc(Cc2ccc(Cl)cc2)cc1)OCc1cccnc1,[-0.3272      0.82471323 -0.8911626  -0.855906   -0.12335546]
CN(C)C(=O)N(C)N=O,[ 0.13125579  0.848005   -0.6616267  -1.         -0.3608762 ]
C=C1CC23CC1(O)CCC2C12C=CC(O)C(C)(C(=O)O1)C2C3C(=O)O,[ 0.16511977 -0.15181379 -0.59763086 -1.         -0.23070654]
CCC(=O)OCc1ccc(OC)cc1,[ 0.5572562   0.2443483  -0.51812816 -0.79792553  0.00802429]
Cc1ccccc1COC1CC2(C(C)C)CCC1(C)O2,"[-1.4689244e-02  1.0610323e-01 -5.4659504e-01 -2.7029827e-01
 -1.4791101e-04]"
CCCCC(CC)COCCC#N,[-0.0924652   0.7616559   0.2969668  -0.43670505  0.14081629]
CCC(=O)OC1C(C)OC(OC2C(C)OC(OC3C(CC=O)CC(C)C(O)C=CC=CCC(C)OC(=O)CC(OC(C)=O)C3OC)C(O)C2N(C)C)CC1(C)O,[-0.2304165   1.         -0.73308593 -0.8826719  -0.2151522 ]
COC(C)COC(C)COC(C)CO,[ 0.42309657  0.31740463 -0.5399839  -0.44333068  0.11096785]
C#CC(C)(C)O,[ 0.3198709   0.54512024 -0.8930832   0.2817814  -0.04608335]
Cc1nccc(-c2ccc(-c3nc4ccncc4c(O)c3C#N)cc2)c1Cl,[ 0.4447508   0.8389794   0.43642947 -0.5752308   0.27316   ]
COC(=O)/C=C/CNC(=O)CN1C(=O)[C@@H](COC(=O)Nc2ccc(Cl)cc2C(F)(F)F)N=C(c2ccccc2)c2ccccc21,[-0.09055664  0.8464855  -0.8771984  -0.991869    0.6029374 ]
CC[C@H](CO)NC(=O)[C@H]1C=C2c3cccc4[nH]cc(c34)C[C@@H]2N(C)C1,[ 0.29087994  0.8951201  -0.73976535 -0.94639695 -0.14447664]
OCc1cc(C(O)C[NH2+]CCCCCCOCCOCc2c(Cl)cccc2Cl)ccc1O,[ 0.27319652 -0.55346346 -0.80141914 -0.56490564 -0.40666312]
CC(C)NCC(O)COc1ccc(COCCOC(C)C)cc1,[-0.38085243  0.8749254  -0.59563214 -0.48709175 -0.29718027]
C=CC(=O)N1CN(C(=O)C=C)CN(C(=O)C=C)C1,[ 0.1510507   0.54761577 -0.90769815 -0.6374864   0.5985808 ]
O=C1NC(c2ccc(Br)cc2)Nc2ccccc21,[ 0.28324413  0.8889075  -0.8905997  -0.78281677 -0.1611221 ]
CCOc1ccccc1C(=O)NN=C(C)C(=O)O,[ 0.01073193  0.79379606 -0.7545063  -0.59612936 -0.0177172 ]
CC(=O)Oc1cc(C(F)(F)F)ccc1C(=O)O,[-0.25576702  0.93587464 -0.9033863  -0.49176434 -0.07366355]
O=[N+]([O-])c1nccs1,[ 0.17132995  0.6023239  -1.         -0.83486444 -0.09940711]
C=CCNC(=O)C(=O)C(CCC)NC(=O)C1CC2CN1C(=O)C(C1CCCCC1)NC(=O)Cc1cccc(c1)OCCC(C)(C)O2,[ 0.31212524  0.82649356 -0.90148926 -0.485604   -0.38187882]
CCCSP(C)(=S)SC(CC(=O)OCC)C(=O)OCC,[-0.32973337  0.79172623 -0.17634669 -0.64698267  0.14555302]
C=C(OP(=O)(OC)OC)P(=O)(OC)OC,[-0.06043267  0.90125555 -0.75914145  0.48074594  0.03940175]
O=C1CC2(CCCC2)CC(=O)N1CCCCN1CCN(c2ncccn2)CC1,[-0.07192479  0.5836266  -0.7981772  -0.7187729   0.41062847]
CN(c1ccc(F)cc1F)c1c([N+](=O)[O-])cc([N+](=O)[O-])cc1C(F)(F)F,[-0.16907604  0.3903418  -0.18482359 -0.8379234  -0.12726197]
Nc1cc(Cl)ccc1O,[ 0.4051187   0.4692634   0.5536105  -0.48236662 -0.34173983]
CC(C)(C)c1cc(O)ccc1O,[-0.44073713  0.58794034 -0.42571288  0.5783646   0.31862354]
C#CC1(O)CCC2C3CCC4=CC(=O)CCC4C3C(=C)CC21CC,[ 0.18833873  1.         -0.67062366 -0.42742148 -0.15023316]
Cc1cnc(NCCCN(C)C)c2c1[nH]c1ccc3cc(O)ccc3c12,[-0.05881502  0.7541857   0.4347318  -0.94273156  0.2410411 ]
CC(CO)Oc1ccccc1,[ 0.08078828  0.97683746 -0.5971998  -0.7427831  -0.48172092]
CC(CN1CC(=O)NC(=O)C1)N1CC(=O)NC(=O)C1,[-0.6280299   0.6929714  -0.88675296 -0.9647585  -0.05126025]
O=[N+]([O-])c1cc2[nH]c(C(F)(F)F)nc2cc1Cl,[ 0.49669415  0.03644472 -0.940398   -0.61599827 -0.39474705]
CC(C)[C@H](C(=O)Nc1nccs1)c1ccc(Cl)cc1,[ 0.14288114  0.8099742  -0.7657859  -0.8842966   0.224668  ]
Nc1ccc(F)c(F)c1F,[-0.01625394  0.74892855 -0.4167487  -1.          0.7201478 ]
C=CC(=O)OCCOC(=O)CC(C)=O,[ 0.20041567  0.83789736 -0.64804393 -0.7682099   0.29233262]
O=C(O)[C@@H](c1ccccc1)N1CCC(CN2CCC(Oc3ccc(Cl)c(Cl)c3)CC2)CC1,[ 0.40723473  0.82683617 -0.74207455  0.23888199  0.0829597 ]
COc1cc2nc(N3CCN(C(=O)C(C)OC)CC3)nc(N)c2cc1OC,[ 0.31036544  0.88989055 -0.813787   -0.6991234  -0.16384633]
CC(C)(O)c1ccc(Nc2nc3ccc(C#N)cc3[nH]2)cc1,[ 0.2066934  -0.5911668  -1.         -0.40606624  0.08151102]
C=CC(=O)OCC(CC)CCCC,[-0.08765601  1.         -0.9184484  -1.          0.42513716]
NC(=O)CCCCC1CCSS1,[ 0.12150256  0.6096898  -0.38489968 -0.57858884  0.16043441]
c1ccc2c(c1)CC(N1CCN(c3cccc4c3OCCO4)CC1)C2,[ 0.00335814  0.7466272  -0.95170903 -0.99755204 -0.03386817]
Clc1cc(Cl)cc(Cl)c1,[ 0.5693614  -0.6708164  -0.70717007 -1.         -0.08743613]
O=[N+]([O-])OCC(O)CO,[ 0.22419629  0.90254873 -0.3589773  -0.7775299   0.22227319]
[NH3+]C(C(=O)NC1C(=O)N2C(C(=O)[O-])=C(CSc3c[n-]nn3)CSC12)c1ccc(O)cc1,[-0.01339989  0.41946977 -0.64960945  0.26509774  0.24198541]
C=C(C)C(=O)OC=C(C)C,[ 0.518029   -0.4139871  -0.88728017 -0.35232055 -0.12412803]
C[C@@H](N/C(=N\c1ccncc1)NC#N)C(C)(C)C,[-0.14431502  0.82228374 -0.8473179  -0.91365004 -0.34409   ]
CCCCSN(C)C(=O)Oc1cccc2c1OC(C)(C)C2,[ 0.20353046  0.6786636   0.19444314 -0.71744674 -0.32055125]
OCc1ccccc1,[ 0.6981073   0.81172144 -0.87191397 -0.46510014  0.07304762]
CC(C)(C#N)C(C)(C)C#N,[ 0.18313488  0.87246317 -0.84357613 -0.8043101  -0.31206554]
Cc1ccc([N+](=O)[O-])cc1,[ 0.47414285  0.54461974 -0.88000476 -0.63329655 -0.26213768]
Cc1c(Sc2ccc(Cl)cc2)c2c(-c3ccccc3)cccc2n1CC(=O)O,[ 0.25022095  1.         -0.51862586 -0.8160657   0.50676835]
SCCc1cnccn1,[ 0.0824581   0.61614436 -0.8304741  -0.56604445  0.62801254]
CN1CCN(C2=c3ccccc3=Nc3ccc(Cl)cc3N2)CC1,[-0.00135882  0.78139645 -0.28358445 -0.0845449  -0.13942635]
CCCSP(=S)(OC)SCCC,[ 0.4778691   0.9036482  -0.8105017  -0.68167925 -0.09390532]
C[C@@H]1O[C@@H](O[C@H]2[C@@H](O)C[C@H](O[C@H]3C[C@](O)(C(=O)CO)Cc4c(O)c5c(c(O)c43)C(=O)c3ccccc3C5=O)O[C@H]2C)C[C@H](N)[C@@H]1O,[ 0.08413934  0.7219625   0.18164872 -0.13006656 -0.20019609]
COc1ccc(-c2cc(=O)c3ccc(OC)cc3o2)cc1,[-0.01013599  0.8349197  -0.79865724 -0.2837015   0.22711955]
Cc1cccc(C)c1CCNC(N)=O,[ 0.06649828  0.7512304  -0.7236591  -0.9646032   0.6606013 ]
O=[N+]([O-])c1cc(C2CCCCC2)c(O)c([N+](=O)[O-])c1,[ 0.25558445  0.802446   -0.38550887 -0.6380578   0.19710885]
OC(CCN1CCCC1)(c1ccccc1)C1CCCCC1,[-0.20772023  0.7579598  -0.4814054  -0.55276555 -0.11926051]
CC1=C(CC(=O)O)c2cc(F)ccc2C1=Cc1ccc(S(C)=O)cc1,[ 0.32028094  1.         -0.75519115 -0.24101348 -0.46500635]
CCNC(=S)NCC,[ 0.6154928   1.         -0.86432934 -0.38768876  0.79040146]
CCOP(=O)(OCC)OC(=C(Cl)Br)c1ccc(Cl)cc1Cl,[ 0.03299109  0.9718107  -0.82001996 -0.95014304 -0.33464712]
COP(=S)(OC)SC(CBr)N1C(=O)c2ccccc2C1=O,"[ 5.8393266e-02  9.5109868e-01  5.7635288e-04 -5.2579921e-01
  5.3201739e-02]"
OCCN(CCO)CCO,[ 0.35894892  0.8038703  -0.6292709  -0.02485439 -0.19477277]
O=[N+]([O-])c1ccc(Cl)c([N+](=O)[O-])c1,[ 0.42575803  0.81551576 -0.06616344  0.8380788   0.40362108]
CCN(CC)CCOCCO,[ 0.1273436   0.96543956 -0.8874848  -0.71587926 -0.18132651]
FCOC(C(F)(F)F)C(F)(F)F,[ 0.09175228  0.6297868  -0.97682244 -0.5226248   0.6008763 ]
Cc1ccc2c(c1)c(Sc1cccc(Cl)c1)c(C)n2CC(=O)O,[ 0.38212547  0.9612119  -0.89158946 -0.7210329  -0.04124813]
C=CCC1/C=C(\C)CC(C)CC(OC)C2OC(O)(C(=O)C(=O)N3CCCCC3C(=O)OC(/C(C)=C/C3CCC(O)C(OC)C3)C(C)C(O)CC1=O)C(C)CC2OC,[ 0.5315769   0.4761821  -0.61653984 -0.8259337  -0.44825435]
COc1ccccc1Oc1c([N-]S(=O)(=O)c2ccc(C(C)C)cn2)nc(-c2ccnc(-c3nnn[n-]3)c2)nc1OCCO,[ 0.564113    0.01544403 -0.9430561  -0.8763836   0.06181208]
CC[C@H](C)[C@H](NC(=O)[C@H](CCC(=O)[O-])NC(=O)[C@H](CCC(=O)[O-])NC(=O)[C@H](Cc1ccccc1)NC(=O)[C@H](CC(=O)[O-])NC(=O)CNC(=O)[C@H](CC(N)=O)NC(=O)CNC(=O)CNC(=O)CNC(=O)CNC(=O)[C@@H]1CCCN1C(=O)[C@H](CCCNC(N)=[NH2+])NC(=O)[C@@H]1CCCN1C(=O)[C@H]([NH3+])Cc1ccccc1)C(=O)N1CCC[C@H]1C(=O)N[C@@H](CCC(=O)[O-])C(=O)N[C@@H](CCC(=O)[O-])C(=O)N[C@@H](Cc1ccc(O)cc1)C(=O)N[C@@H](CC(C)C)C(=O)[O-],[ 0.15200217  0.47775316 -0.6827177  -0.9207829  -0.13168335]
CC#CN(CC)CC,[ 0.09632378  0.42156962 -0.7916882  -0.69542694 -0.36687788]
CC1CC(=O)CC(C)O1,[ 0.31356633  0.05047263 -0.7701058  -0.61632174  0.01882355]
Clc1ccc(C(OCCN2CCCCC2)c2ccccc2)cc1,[-0.3988417   0.9795208  -0.75833505 -0.98677045  0.1395013 ]
CNC(=O)ON=C(C)SCC(=O)N(C)C,[ 0.38007694  0.221703   -0.632071    0.92937857  0.09563364]
CC(C)CN,[-0.6276487   0.9654299  -0.9940319  -0.7298347   0.03689582]
Cc1ccc(C(=O)N(CCCN)[C@@H](c2nc3cc(Cl)ccc3c(=O)n2Cc2ccccc2)C(C)C)cc1,[ 0.31617838  0.7733761  -0.5325124   0.00535322 -0.23907028]
COc1cc(Nc2nc(N[C@@H](C)c3ncc(F)cn3)ncc2Br)n[nH]1,[ 0.3956839   0.7925722   0.5642705  -0.47622478 -0.5994671 ]
CCNC(=O)c1cc2c(-n3ccc(C(F)(F)F)n3)c(-c3cncc(-c4n[nH]c(=O)o4)c3)cnc2[nH]1,[ 0.26273358  0.85512197 -0.58122313 -1.          0.10164452]
CN(C)NC(=O)CCC(=O)O,[ 0.70123047  0.18472467 -0.90583307 -0.43412423 -0.13403837]
CCC(C)c1ccccc1,[-0.02376636  0.7384122  -0.86410546 -0.01990672 -0.28790668]
Nc1cccc(N)c1,[ 0.18838972  0.77577597 -0.67417693 -0.9446712   0.1862689 ]
Cc1cc(Nc2cncc(N[C@@H](C)c3ccc(F)cn3)n2)n[nH]1,[ 0.00712192  0.36174178 -0.77688396 -0.60782015 -0.32122186]
S=c1[nH]cnc2nc[nH]c12,[-0.25076422  0.31784782 -0.96941346 -1.         -0.35480487]
CC12CCC3c4ccc(O)cc4CC(CCCCCCCCCS(=O)CCCC(F)(F)C(F)(F)F)C3C1CCC2O,[ 0.24788705  0.18687356 -0.6624648   0.6893695   0.08439647]
O=C(O)CCCOc1ccc(Cl)cc1Cl,[-0.14632356 -0.07891093 -0.74892193 -0.67732245  0.04789263]
Cc1cc(-c2ccc(Cl)c(C(=O)NCC3(O)CCCCCC3)c2)nn1C[C@H](O)CN,[ 0.19143388  0.7909883  -0.931938   -1.         -0.09909771]
O=C(CO)N1CCC(c2[nH]nc(-c3ccc(Cl)cc3F)c2-c2ccncn2)CC1,[ 0.3534008   0.70013064  0.25036463 -0.43098062  0.4239208 ]
COP(=S)(OC)SC1CSC=CO1,[-0.47576773  0.6623407  -0.8312659  -0.9363529   0.02487588]
CCc1ccc2[nH]c(C(F)(F)F)nc2c1,[ 0.03680696  0.6152712  -0.819461   -0.67621094  0.23290238]
COc1c(OCc2ccc(-c3ccccc3-c3nnn[nH]3)cc2)cc(C)nc1C,[ 0.32325083  0.85267204 -0.77083856 -0.5537635  -0.20922352]
NNC(=O)c1ccncc1,[-0.9948817   0.95368814 -0.60635483 -0.74707323 -0.18829192]
CO[C@@H]1C=CO[C@@]2(C)Oc3c(C)c(O)c4c(c3C2=O)C(=O)/C(=C\NN2CCN(C)CC2)C(=C4O)NC(=O)C(C)=CC=C[C@@H](C)[C@H](O)[C@H](C)[C@H](O)[C@@H](C)[C@@H](OC(C)=O)[C@@H]1C,[ 0.53428304  0.65828204  0.30864424 -0.5011972  -0.62981784]
CCOC(=O)C=Cc1ccc(Cl)cc1,[ 0.00192771  0.04351916 -0.61263186 -0.17995192  0.36368707]
O=C(Cl)c1cccc(C(=O)Cl)c1,[ 0.30366322 -0.01807537 -0.2209656  -0.6279542  -0.07041705]
CCOC(C1=NCCCN1)c1c(Cl)cccc1Cl,[ 0.42381534  0.60669994 -0.37948453 -0.4111715  -0.14068812]
Cc1ccn(C(=O)NCCCCCCCl)n1,[ 0.14722219  0.47319204 -0.7459851   0.3348596   0.1489385 ]
C[Si](C)(C)CCCC(=O)O,[ 0.01125392  0.9416428  -0.2799989  -0.43972737 -0.22245191]
CCC(C)C(CC)C(N)=O,[ 0.57892686  1.         -0.76493746 -0.7062346  -0.25330138]
C[C@H](CO)Nc1nc(SCc2cccc(F)c2F)nc2nc(N)cnc12,[ 0.26821885  0.29697585 -0.66642106 -0.9877696  -0.18342784]
C1=CCC(C2OCC3(CC=CCC3)CO2)CC1,[-0.35683745  0.40413755 -1.          0.33539262  0.523794  ]
CNC(=O)ON=C(C)SC,[-0.12378706  0.84268105 -0.60966796 -0.72873867 -0.03300663]
CC1OC(OC2C(O)CC(OC3C(O)CC(OC4CCC5(C)C(CCC6C5CC(O)C5(C)C(C7=CC(=O)OC7)CCC65O)C4)OC3C)OC2C)CC(O)C1O,[ 0.65515417  0.58807003 -0.75367844 -0.28673127 -0.25656682]
CC(C)(C)NCCO,[ 0.5252536  0.9033639 -0.8294382 -0.5506019 -0.5769074]
CC1CCC(N)CC1N,[ 0.08014181  0.7065507  -0.626267    0.7093936   0.0233967 ]
NCCNCCNCc1ccccc1O,[ 0.10236798  0.89359784 -0.6490214  -0.82051975  0.3097631 ]
C1=CC2C3C=CC(C3)C2C1,[ 0.29875442  0.76628274 -0.62272906 -0.8759078  -0.36913538]
Cc1cc(=O)nc(SCc2ccccc2N(C)C)[nH]1,[-0.0045439   0.7620579  -0.8093874  -0.8030652  -0.22978643]
CCOC(=O)COc1ccc(C(=O)CN2CCN(C3CCN(C(=O)OCOC(=O)C(C)(C)C)CC3)CC2=O)cc1,[ 0.39082798  0.85719246 -0.67023516  0.2473085   0.49857697]
CC(=O)N(C)C,[ 0.6335236   0.48458952 -0.9087111  -0.78028566 -0.5720803 ]
CCCN(N=O)C(N)=O,[-0.39358237  0.7605842  -0.60473657 -0.7025146  -0.03814756]
O=[N+]([O-])c1c(Cl)c(Cl)c(Cl)c2nc(C(F)(F)F)[nH]c12,[ 0.2543638   0.8235225  -0.86494327 -0.8484251   0.2767057 ]
CCCCC(=O)N(Cc1ccc(-c2ccccc2-c2nnn[n-]2)cc1)C(C(=O)[O-])C(C)C,[ 0.17441109  0.6178287  -0.47263438 -0.71352607 -0.00072349]
O=C(Nc1ccc(Cl)c(C(=O)Nc2cccnc2)c1)c1cccc(C(F)(F)F)c1,[ 0.3105499   0.9833568  -0.81116205 -0.31444454 -0.13221279]
CNC(=O)CSP(C)(=S)OC,[ 0.35519138 -0.22853225 -0.19299902 -0.2311984  -0.24399969]
COP(=S)(OC)Oc1nc(Cl)c(Cl)cc1Cl,[ 0.6396729   0.6427873  -0.9880628  -0.70964473 -0.12014224]
COc1cc(C(=O)NC2CCCNC2)cc(OC)c1OC,[ 0.4714019   1.          0.15873656 -0.56785303 -0.330235  ]
CNC(=O)Oc1ccccc1C1OCCO1,[ 0.10909947  0.18821569 -0.1438097  -0.4554914  -0.24055478]
O=C(Nc1ccc(Br)cc1)c1cc(Br)cc(Br)c1O,[ 0.59760207 -0.961105   -0.9370497  -0.5877188   0.3253005 ]
CN(C)CCC(c1ccc(Cl)cc1)c1ccccn1,[ 0.54200107  0.56496984 -0.5538722   0.33313856  0.20590122]
C=CC[N+]1([C@H]2C[C@H]3[C@@H]4CC[C@H]5C[C@H](O)[C@@H](N6CCOCC6)C[C@]5(C)[C@H]4CC[C@]3(C)[C@H]2OC(C)=O)CCCC1,"[ 3.5222041e-04  7.1888143e-01  8.4903055e-01 -4.9941847e-01
  5.9958601e-01]"
C=CCn1c(N)cc(=O)n(CC)c1=O,[ 0.00371097  0.10106263 -0.27947402 -0.6082813   0.23588836]
CS(=O)(=O)c1ccc(C(O)C(COC(=O)C[NH3+])NC(=O)C(Cl)Cl)cc1,[-0.0550237   0.68353486 -0.58270425 -0.5888317  -0.45917583]
O=C(CCl)OCCOCCO,[ 0.8325669   0.2714497  -0.67899054 -0.4020391   0.57701683]
Nn1cnc2cc3ccccc3cc2c1=O,[ 0.07933988  0.06174732  0.20630638 -0.07836016  0.23544033]
CNC(=O)ON=C1CCCC1(C)C#N,[-0.45127958  0.6061004  -0.82319105 -0.85085154 -0.27769455]
CCCCCCCCCCCCCCCCCCOP(=O)([O-])OCC[N+]1(C)CCCCC1,[-0.14698477  0.8287601  -0.32088348 -0.696477   -0.4487933 ]
CCCSP(C)(=S)Oc1ccccc1,[ 0.4818198   0.68398327 -0.29660726 -0.60475135 -0.31339416]
CCC(C)CCCCC(=O)NC(CCN)C(=O)NC(C(=O)NC(CCN)C(=O)NC1CCNC(=O)C(C(C)O)NC(=O)C(CCN)NC(=O)C(CCN)NC(=O)C(C(C)O)NC(=O)C(CC(C)C)NC(=O)C(CCN)NC1=O)C(C)O,[-0.15028913 -0.13473138 -0.73706675 -0.88430345  0.00949686]
CCC(C)(C)c1ccc(Cl)c(OC(=O)NC)c1,[ 0.3991437   0.8828317  -0.7269538   0.12751822  0.38333443]
Brc1ccc2[nH]cc(CC3CCNCC3)c2c1,[ 0.20608021  0.9497767  -0.74268544 -0.8410943   0.08600951]
CCCS,[ 0.1623434   0.87793005 -0.88395613 -0.48818833 -0.40088874]
Cc1cncc(C)n1,[ 0.64282936  0.8231726  -0.95853794 -0.02379643 -0.5226594 ]
CCCCCCCCC1OC1CCCCCCCC(=O)OCC1(CC)OC1CCC,[ 0.05775276 -0.6980002  -0.60825396 -0.48047635 -0.26830137]
COc1cc(C=CC(=S)N2CCOCC2)cc(OC)c1OC,[ 0.44811952 -0.48473132 -0.4598531  -0.5941076  -0.12293953]
C=CCOc1ccccc1OCC(CNC(C)C)OC(=O)C1CC1,[-0.20859839  0.5590313  -0.82362217 -0.8497863  -0.05868143]
COCC(=O)O[C@]1(CCN(C)CCCc2nc3ccccc3[nH]2)CCc2cc(F)ccc2[C@@H]1C(C)C,[-0.09703901  0.81337625 -0.4826002   0.13957913  0.29218823]
CC1(C)SCN(C(=O)C2(Oc3ccc(Cl)cc3)CCCCC2)C1C(=O)O,[-0.09947129 -0.12768348 -0.7179429  -0.9652918  -0.53441936]
c1cc(-c2ccc3nc(Nc4ccc(OCCN5CCCC5)cc4)ncc3c2)ccn1,[-0.25475782  0.91997784 -1.         -0.30753386 -0.36983466]
CCC(c1ccccc1)c1c(O)c2ccccc2oc1=O,[ 0.0043531   0.88395464 -0.90721023 -0.86014736 -0.2403616 ]
C=CC(C)CCCC(C)(C)O,[ 0.27153906  0.4213641  -0.5897988  -0.59129936 -0.13521492]
COC(=O)C(C(C)=O)C(C)=O,[ 0.09978253  0.87822723 -0.8602123  -0.835468   -0.13776448]
CC[C@@]1(O)C(=O)OCc2c1cc1n(c2=O)Cc2cc3c(CN(C)C)c(O)ccc3nc2-1,[-0.4884751   0.53711855 -0.8580343  -0.52633107 -0.0098731 ]
O=CC1=CCCCC1,[ 0.20991702  0.88218147 -0.01177747  0.483785   -0.09198884]
CN(SSC(C)(C)C)C(=O)ON=C1SCCS1,[ 0.3721056   0.48162055 -0.63195467  0.4873504   0.15131174]
CNC(=O)Oc1cc(C)c(N(C)C)cc1C(C)C,[ 0.49090368  0.84991956 -0.75288546 -0.68227303  0.34986788]
N=C(N)N[N+](=O)[O-],[-0.07462607  0.84132916 -0.7172137  -0.4625178   0.09876635]
NS(=O)(=O)c1cc2c(cc1Cl)NC(C(Cl)Cl)NS2(=O)=O,[ 0.45438838  0.5655982  -0.42160845 -0.65344703 -0.14807865]
CC1CCCCC1NC(=O)Nc1ccccc1,[ 0.17792211  0.74241006 -0.65539986 -0.9142653  -0.3450659 ]
CC(C)OCCO,[ 0.5288273   0.81171334 -0.5577813  -0.4733827  -0.29030284]
CC(=O)CCc1ccc(O)cc1,[ 0.20599224  0.96194804 -0.7971613  -1.         -0.72093177]
C=CCN(C(=O)Cn1nc(C)ccc1=O)C(C)Cc1ccccc1,[ 0.47056943  0.69914895 -0.81481296 -0.88831586  0.28804588]
COC1CCC=CO1,[-0.5464876   0.92053974  0.59962755 -0.24674244 -0.06711388]
CCc1nc2cc(O)ccc2c(Oc2ccc(/C=C/C(=O)O)cc2)c1-c1ccccc1,[-0.08939639  0.79583645 -0.6909361  -0.6316841   0.4055616 ]
CNC(=O)/C=C(/c1ccc2nc(N)n(S(=O)(=O)C(C)C)c2c1)c1ccccc1-c1cccc2ccccc12,[-0.14416996  0.82186556 -0.82047546 -0.7580268   0.4729259 ]
Nc1cc2c(cc1C1CCCCC1)CCC2C(=O)O,[ 0.2264495   0.2132131  -0.8162635   0.40386003 -0.19331828]
CC1[NH2+]Cc2cc(-c3ccc4c(=O)c(C(=O)[O-])cn(C5CC5)c4c3OC(F)F)ccc21,[-0.23317342  0.85015535 -0.7864793  -0.7694959  -0.06211223]
Nc1nc2ccc(OC(F)(F)F)cc2s1,[-0.58505744  0.73438007 -0.8872705  -0.1724247  -0.1795726 ]
CC(=O)c1ccc2c(c1)N1C(=O)OCC1CC2,[ 0.31854615  0.21669316 -0.7675496  -1.         -0.16404793]
O=CNC(N1CCN(C(NC=O)C(Cl)(Cl)Cl)CC1)C(Cl)(Cl)Cl,[ 0.49080986  0.91000545 -0.9244877  -0.8109096   0.42835218]
COc1ccc2ncc(F)c(CCN3CCC(NCc4cc5c(cn4)OCCO5)CC3)c2n1,[ 0.08256387  0.8841823   0.6894721  -0.7731962  -0.1629785 ]
Cc1cn([C@H]2CCCN(S(=O)(=O)c3ccc(C(N)=O)c(Oc4cccc(Cl)c4)c3)C2)c(=O)[nH]c1=O,[ 0.00266537  0.6324662  -0.77699876 -0.6043669  -0.12328989]
COc1cc2c(c3oc(=O)c4c(c13)CCC4=O)C1C=COC1O2,[ 0.272222    0.90845287 -1.         -0.82106256  0.06024792]
CC(C)(C)CNC(=S)Nc1cccnc1,[-0.29470417  0.9026295  -0.10694198 -0.8737396  -0.14697342]
CCNC(=O)C=Cc1cccc(Br)c1,[ 0.00636751  0.3794939  -0.83597046  0.1741921   0.24987903]
Cc1cc(C(=O)c2ccccc2)ccc1N,[-0.63049054  1.          0.22536196 -1.          0.35961708]
C[N+](C)(Cc1ccc(NC(=O)c2ccc(Cl)c(Cl)c2)cc1)C1CCOCC1,[-1.          0.80936664 -0.4999956  -0.7291465  -0.26978424]
CC(C)(C)NC(=O)C1CC2CCCCC2CN1CC(O)C(Cc1ccccc1)NC(=O)C(CC(N)=O)NC(=O)c1ccc2ccccc2n1,[ 0.29627723  0.74529606 -0.8485267  -0.3946484   0.40088457]
O=C(/C=C/c1ccccc1)NCCO,[-0.25216055  0.6395179  -0.43444481 -0.03808526  0.02615421]
CCc1c2c(nc3ccc(O)cc13)-c1cc3c(c(=O)n1C2)COC(=O)[C@]3(O)CC,[ 0.12322456  0.8736897  -0.8130358  -1.         -0.03375397]
CC=C(CC)C(=O)NC(N)=O,[ 0.02352933  1.         -0.8126205  -0.60016716 -0.11896626]
CC(C)=CCl,[ 0.57234216  0.95375824 -0.711293   -0.41639486  0.03731762]
NCCNCc1ccccc1O,[-0.25217664  0.941508   -0.7602341  -0.05262475 -0.14864571]
O=[N+]([O-])c1cc(Cl)ccc1Cl,[ 0.20907949  0.63885576  0.25984454 -0.2235929  -0.31738254]
Clc1nc(Cl)nc(Cl)n1,[-0.37672463  0.4167015  -0.81850773 -1.          0.2523879 ]
CCCCOCCOC(C)=O,[ 0.32615826  0.7734663  -0.7900097  -0.5327986  -0.5352674 ]
COP(=O)(OC)OC(=CCl)c1cc(Cl)ccc1Cl,[-0.33801836  0.8162856   0.2894717  -0.36503482 -0.34150463]
O=C(Cl)CCl,[ 0.25843793  0.89316374 -0.0683824  -0.7496129  -0.25137946]
CC1(C)C(C=C(Cl)Cl)C1C(=O)OCc1c(F)c(F)c(F)c(F)c1F,[ 0.4939137   0.7795508  -0.99992156 -0.73677677 -0.14211313]
C=CCOc1ccccc1C(N)=O,[ 0.07100672  0.50822526 -0.73541415 -0.84145033 -0.23021945]
CCCCCCCC[Si](OCC)(OCC)OCC,[ 0.21424921  0.03758174 -0.45919475 -0.11619717  0.2156501 ]
COP(=O)(OC)SC(CC(=O)OC(C)C)C(=O)OC(C)C,[ 0.17508519  0.85870564 -0.13021451 -0.5488184   0.12904775]
CCCNC(=O)[N-]S(=O)(=O)c1ccc(Cl)cc1,[-0.12562701  0.91933155 -0.878876   -0.34491667  0.49748716]
O=CNc1cc([C@@H](O)CNCCc2ccc(NC[C@H](O)c3ccccc3)cc2)ccc1O,[ 0.38307852  0.6988096  -0.53129226  0.77233994  0.18451388]
CCNC(=O)CSP(=S)(OC)OC,[ 0.37980053  0.93619514 -0.7105584  -0.90435696 -0.34587047]
CCNC(=O)C(C)OC(=O)Nc1ccccc1,[ 0.18867767  0.7044625  -0.9896543  -0.7393451  -0.21248324]
Cc1cc([N-]S(=O)(=O)c2ccc(N)cc2)no1,[-0.06036577 -1.         -0.7129768  -0.42753443 -0.26563522]
Clc1cc(Cl)c2nsnc2c1Cl,[ 0.27304646  0.9150744  -0.8281839  -0.8428706  -0.18246017]
CCC1OC(C)SC1=NOC(=O)NC,[-0.4324612   0.74508125 -0.3459535   0.36822712  0.30901632]
Fc1cc(-c2cccc3ncc(-c4cnn(C5CCNCC5)c4)nc23)cc(F)c1CN1CCOCC1,[ 0.38726425  0.24112123 -0.68811697 -0.30336517  0.1830097 ]
CN(C)CCOCCOCCN(C)C,[-0.37525055  0.863192   -0.63467526 -0.8523681  -0.21918991]
CCCCCCCCCCOC(=O)Cc1ccc(N(CCCl)CCCl)cc1,[ 0.08272852 -0.2314084  -0.7388815   0.01122687  0.32061636]
CCCCc1c(OC(=O)c2cc(OC)c(OC)c(OC)c2)n(-c2ccccc2)n(-c2ccccc2)c1=O,[-0.3020044   0.8765764  -0.5748567  -0.84793895 -0.264911  ]
CCCc1nnc(CSP(=S)(OCC)OCC)o1,[ 0.47075415  0.92623943 -0.48576477 -0.48661292  0.01527748]
CC(C)c1cccc(C(C)C)c1O,[ 0.46451923  0.6854559   0.00418641 -0.8004216  -0.43748954]
CCCN(CCC)c1c([N+](=O)[O-])cc(S(N)(=O)=O)cc1[N+](=O)[O-],[ 0.13962679 -0.37532407 -0.71660817 -0.7534015   0.2785892 ]
CO[Si](CCCn1c(=O)n(CCC[Si](OC)(OC)OC)c(=O)n(CCC[Si](OC)(OC)OC)c1=O)(OC)OC,[ 0.15220228  0.5064294  -0.8417498   0.3043189  -0.00228466]
CCCCCCCCc1ccccc1O,[ 0.33140352 -0.13686803 -0.77152324 -0.4452124   0.12125401]
C[NH2+]C(C)C1CCC(N)C(OC2C(N)CC(N)C(OC3OCC(C)(O)C([NH2+]C)C3O)C2O)O1,[ 0.06015362  0.781118   -0.5431231  -0.50484276 -0.29931155]
COc1ccc(-c2nc3ccc(C4=NNC(=O)CC4C)cc3[nH]2)cc1,[ 0.51830477  0.7555437  -0.19393396 -0.89199555 -0.14418574]
Cn1c(C(=O)NC2(C(=O)N[C@H](Cc3ccccc3)C(=O)NCCCN3CCOCC3)CCCC2)cc2ccccc21,[ 0.35169098 -0.32212877 -0.78724253 -0.22429992 -0.10963073]
C#CC(C)(O)C(O)c1ccccc1,[ 0.02891702  0.80594474 -0.77194124 -0.27194434  0.13521153]
CC(C)CCCCCN(CCCCCC(C)C)CCCCCC(C)C,[ 0.44897157  0.82775605  0.41338983 -0.6030324  -0.23993358]
C[C@@H](O)[C@H]1C(=O)N2C(C(=O)O)=C(SCCNC=N)C[C@H]12,[ 0.49450868  0.04986432 -0.8353364  -0.64212155 -0.47605202]
O=CC=CC1CO1,[ 0.3196071   0.73242885 -0.81874967 -1.          0.3766009 ]
Nc1cc2c(S(=O)(=O)O)cc(S(=O)(=O)O)cc2cc1S(=O)(=O)O,[ 0.38895875  0.8185099  -0.83251727 -0.695056   -0.1413933 ]
CC([NH3+])Cc1ccccc1,[ 0.12196834  0.6597379  -1.         -0.79807436 -0.12558812]
CO[Si](CCCOCC1CO1)(OC)OC,[-0.3348508   0.850358   -0.84136134 -0.52381676 -0.22516346]
CCN(CCO)C(=O)c1oc2cccnc2c1-c1cccc(C(F)(F)F)c1,[ 0.13651814  0.53791416  0.1722703  -0.40347975 -0.01902393]
CC(C)CON=O,[ 0.12214568  0.4531793  -0.24402434 -0.51797104 -0.34985706]
O=C(CCCCC(=O)OCC1CC=CCC1)OCC1CC=CCC1,[-0.03503959 -0.8721679  -0.9422278  -0.58751005 -0.44190872]
CN[C@@H](C)[C@@H](O)c1ccccc1,[ 0.01313957  0.00606447 -0.9344746  -1.          0.3944491 ]
O=C1C(Cc2ccccc2)C(=O)N(c2ccccc2)N1c1ccccc1,[ 0.32959223  1.         -0.966062   -0.8627155   0.38705987]
C[C@H](Cn1cnc2c(N)ncnc21)OCP(=O)(O)O,[ 0.22876985 -0.2548381   0.11114895 -0.5785857  -0.47170797]
CCCCCCOC(=O)C(O)c1ccccc1,[ 0.33852318  0.8967353  -0.8115274  -0.8714497  -0.5661527 ]
CCOC(=O)CCC[Si](C)(OCC)OCC,[ 0.3832341   0.8760665  -0.8476847  -0.61288357  0.74098194]
CN(C)C(Cc1ccccc1)c1ccccc1,[ 0.61621517  0.8018866  -0.9262207  -0.81619275 -0.16716006]
CCC(C)OP(=S)(OC)OC,[ 0.16433382  0.88725424 -0.95623535 -0.67886794 -0.08816718]
O=C(OCC1CO1)c1ccccc1C(=O)OCC1CO1,[ 0.5740914   0.20844558 -1.          0.4869064  -0.15125862]
O=C1CCc2cc(C=CCN3CCN(c4ccc(Cl)cc4)CC3)ccc2N1,[ 0.47211573  0.74573064 -0.64168125 -0.36343575 -0.3668557 ]
CCOC(=O)NCCOc1ccc(Oc2ccccc2)cc1,[-0.1514163   0.9115897  -0.80178183 -0.678801    0.36774763]
C[C@@H]1NC(=O)[C@@H](C)N(C)C(=O)[C@H](C)N(C)C(=O)[C@@H](C)N(C)C(=O)[C@@H](C)N(C)C(=O)[C@H](C)NC1=O,[-0.2791222   0.40605983 -0.69549674 -0.5614419  -0.1541239 ]
Cc1cc(=O)cc(-c2ccccc2)o1,[ 0.2594246   0.692051   -0.6376961  -0.74958396 -0.17778285]
C#CCN1C(=O)CN=C(c2ccccc2)c2cc([N+](=O)[O-])ccc21,[ 0.4179894   0.87949044 -0.7864018  -0.5668145  -0.44556355]
C=CC(=O)OCC(=O)OCC,[-0.5527855   0.7260326  -0.52011675 -0.9626304  -0.0741539 ]
COc1ccc(NC(=O)c2ccnc(N)n2)cc1,[-0.07860833  0.79394704 -0.74163085 -0.47905028  0.2143257 ]
C=CCN1CCCC1CNC(=O)c1cc2nn[nH]c2cc1OC,[ 0.50543267 -0.00147506 -0.574788   -0.34615436  0.31764445]
COC(C)CC(=O)O,[ 0.06478035  0.88663554 -0.79567736 -0.83296764 -0.39328402]
CCC(CC)n1nc(C)c(C(=O)N[C@@H](C)C(C)(C)C)c1NS(=O)(=O)c1ccc(C)cc1,[ 0.03068412  0.8630739   0.53936964 -0.91355866 -0.47469962]
COc1c(Cl)ccc(Cl)c1C(=O)OCCN(CCOC(=O)c1c(Cl)ccc(Cl)c1OC)c1ccccc1,[ 0.24931847  0.9015515  -0.29002166 -0.846796    0.0750898 ]
CC(=S)NC[C@H]1CN(c2ccc(-c3nnc(CNS(C)(=O)=O)s3)c(F)c2)C(=O)O1,[ 0.7094541   0.8247845  -0.8853145  -0.41811368 -0.5024058 ]
Cc1cccc(C)c1O,[ 0.24191162  0.22575635 -0.5278363  -0.11390855 -0.15977024]
CCC(C)C(=O)OC1CCC2(C)C3CC(O)C4C5(O)C(CC42OC13O)C1CN2CC(C)CCC2C(C)(O)C1C(O)C5OC(=O)C(C)(O)CC,[ 0.18356085  0.75878024 -0.41930783 -0.89485735 -0.24627584]
COC(=O)c1ccccc1N=NN(C)C,[ 0.08237983  0.9571827  -1.         -0.6293611  -0.28977078]
CCOCCCO,[ 0.4731609   0.13074076 -0.58246887 -0.45828906  0.2558207 ]
CSC(C)=NOC(=O)N(C)SN(C)C(=O)Oc1ccc(OC(=O)N(C)SN(C)C(=O)ON=C(C)SC)cc1,[ 0.4128136   0.92607784 -0.95929027 -0.7516108  -0.32555896]
COCCN(c1cccnc1)P(=O)(c1ccccc1)c1ccccc1,[ 0.5217779   0.26425064 -0.85950357 -0.44428143  0.4787915 ]
CC(C)c1cccc(OC(=O)N(C)C)c1,[ 0.1756087   0.32924414 -0.5076371  -0.6983619   0.03805866]
O=C(O)Cc1ccccc1N1CCC(CN2CCC(Oc3ccc(Cl)c(Cl)c3)CC2)CC1,[-0.40308112  0.9037342  -0.8594595  -0.7545841  -0.2678505 ]
CCOP(=S)(Oc1cccc2cccnc12)c1ccccc1,[ 0.09209833  1.         -0.551212   -0.4480468   0.3632954 ]
CNC(=O)Nc1nnc(C(C)(C)C)s1,[-0.23164734  0.85880446 -0.8043345  -0.6269996   0.0049468 ]
Cc1cn([C@H]2CCCN([C@H](CC(C)C)c3ccc(C(=O)O)c(Oc4cccc(Cl)c4)c3)C2)c(=O)[nH]c1=O,[ 0.25285053  0.91296107 -0.9939199  -0.62569183 -0.28840142]
O=P([O-])([O-])C(O)(Cn1ccnc1)P(=O)([O-])O,[-0.8453599   0.37545788 -0.5158232  -0.41810054  0.00294211]
CC(=O)N[C@H](C)C(=O)NCCc1ccccc1,[ 0.4970701   0.3646055  -0.62054735 -0.6026971  -0.17403194]
CCOc1ccccc1-c1ccc(-c2nc3ccncc3c(O)c2C#N)cc1,[ 0.6201422   0.69507635 -1.         -0.68446535  0.02473448]
CCCC1CC(C(=O)NC(C(C)Cl)C2OC(SC)C(O)C(O)C2O)[NH+](C)C1,[ 0.5503645   0.7620445  -0.74644065 -0.16125208 -0.48874035]
Cc1cnc(Nc2cc(N3CCOCC3)nc(N[C@@H](C)c3ncc(F)cn3)n2)s1,[ 0.37859845  0.48657984 -0.8128776   0.17911017 -0.06385615]
CN(C)CCCNCCCN(C)C,[ 0.26706183  0.1437413  -0.89883494  0.4401878   0.18070073]
O=C(OCC=Cc1ccccc1)c1ccccc1,[ 0.38346955  0.6473594  -0.82870954 -0.8999634  -0.19213934]
CCCCOCC1CO1,[-0.02491627  0.25895706 -0.9172798  -1.         -0.20595263]
C=C(OP(=O)(OC)OC)c1ccc(Cl)cc1Cl,[ 0.22151445  1.         -0.8979509  -0.83014506  0.5538526 ]
CCOc1nc(C(Cl)(Cl)Cl)ns1,[-0.566665    0.89577824 -0.8379711  -0.52513826  0.27655897]
COc1cc(N)c2c(c1N)C(=O)c1ccccc1C2=O,[ 0.24346413  0.51795477 -0.7875965  -0.6497263  -0.3767006 ]
CC(C=O)=Cc1ccco1,[-0.27756038  0.96748805 -1.         -0.80982023  1.        ]
CC(C)c1cc(Oc2ccccc2)cc(C(C)C)c1NC(=S)NC(C)(C)C,[ 0.23313348  0.8642475  -0.8200979  -0.62456226 -0.6571748 ]
[O-][n+]1onc2c1c1no[n+]([O-])c1c1no[n+]([O-])c21,[ 0.3671372   0.6540842  -0.8656579  -0.79024875 -0.04699362]
CC(C)Nc1nc(Cl)nc(NC(C)C)n1,[ 0.54712975  0.6735062  -0.47184384 -1.         -0.13039692]
COc1ccc(CC(C)=O)cc1,[-0.05780563  0.26002195 -0.18346682 -1.         -0.2785347 ]
O=c1[nH]c(=O)c2ccccc2o1,[-0.33723864  0.932317   -0.5575105  -0.6621638  -0.29495466]
CC(=O)OC(C(=O)NC(N)=O)c1ccccc1,[ 0.08439149  0.05220652 -0.59264755  0.68955445  0.7597539 ]
CCC[C@@H](c1ccc(C(=O)O)c(Oc2cccc(Cl)c2)c1)N1CCC[C@H](n2cc(C)c(=O)[nH]c2=O)C1,[ 0.24126726  0.8028702  -0.76862466 -0.7922847  -0.01198037]
CCCN(CCC)c1c([N+](=O)[O-])cc(C)cc1[N+](=O)[O-],[ 0.47141358  0.8138879  -0.435588   -0.45906028  0.00810922]
CCCCC(CC)COCCO,[-0.25354946  0.81587267 -0.8087815  -0.651872    0.0085833 ]
CCOC(=O)c1c(C)cc2c(CO)n[nH]c(=O)c2c1C,[ 0.22594295  0.8170741  -0.3641596   0.18712774  0.28935382]
O=C(Oc1ccccc1)c1ccccc1C(=O)Oc1ccccc1,[ 0.4055276   0.22480573 -0.83881503 -0.49785957 -0.05556667]
C1CCC2CCCCC2C1,[ 0.5514916   0.6324397  -0.7538031  -1.          0.27247125]
CC(C)OC(=O)C(C(=O)OC(C)C)=C1SCCS1,[ 0.08203882  0.88654256 -0.8535049  -0.18601887  0.1867087 ]
COc1cc(-c2cc(=O)c3c(O)cc(O)cc3o2)cc(O)c1OC,[ 0.34325036 -0.25082523 -1.         -0.74367046 -0.01084892]
CCOP(=O)(NC(C)C)SCC(=O)NCOC,[ 0.20125248  0.03813225 -0.41970247 -0.7035768  -0.4439454 ]
Cc1c(OCC(F)(F)F)ccnc1C[S+]([O-])c1nc2ccccc2[nH]1,[ 0.4590728   0.84216857 -0.5260109  -0.7718864   0.11972731]
O=NN1CCCCC1,[-0.1509869   1.         -0.8046023  -0.457757   -0.12991929]
C1CSCCO1,[ 0.3059323   0.48364004 -0.44686747 -0.5372301   0.29215357]
COP(=S)(OC)SCc1nnc(C(C)C)o1,[-0.26016164  0.8590319   0.7409372  -0.10274638  0.07984593]
CCCCCCN,[-0.03348729  0.9018882  -0.48327732 -0.9316316  -0.08534643]
COC(=O)C(C)N(C(=O)Cc1ccccc1)c1c(C)cccc1C,[-0.15379986  0.06283643 -0.7347318  -0.6927967   0.0674364 ]
CCC(C)N(C)C(=O)c1cc2ccccc2c(-c2ccccc2Cl)n1,[ 0.5066178   0.95604295 -0.98990107 -0.7842298  -0.4382945 ]
Cc1ncccc1Oc1ncnc(OC2CCN(C(=O)OC(C)C)CC2)c1C,[-0.00896471  0.98510045 -0.9480089  -1.         -0.2898981 ]
Cc1cc(Nc2nc(N[C@@H](C)c3ccc(F)cn3)c(C#N)nc2C)n[nH]1,[-0.65686285  0.20309672 -1.         -0.1806006   0.67539763]
Cc1ncc(C[n+]2csc(CCO)c2C)c(N)n1,[-0.00408376  0.22470741 -0.9473854  -0.47387028  0.6748616 ]
CN(C)CC/C=C1/c2ccccc2COc2ccc(CC(=O)O)cc21,[ 0.13368747  0.764528   -0.43517074  0.5216838  -0.1281453 ]
Cc1cc(OC(=O)N(C)C)n(-c2ccccc2)n1,[-0.03182457  0.7545567  -0.45907247 -0.6692661  -0.03511661]
OCCOc1cc(Cl)c(Cl)cc1Cl,[ 0.34593883  0.5129222  -1.         -0.6300554   0.43777522]
CN(CCOc1ccc(CC2SC(=O)NC2=O)cc1)c1ccccn1,[-0.7545627   0.8011513   0.02915595 -0.69000417 -0.14625807]
NC(=O)N1C(=O)C(C(=O)c2cccs2)c2cc(Cl)ccc21,[ 0.23145893  0.4417935  -0.6894011   0.81050146 -0.08943897]
C[C@H](CO)Nc1nc(SCc2ccccc2F)nc2[nH]c(=O)sc12,[-0.4533592   0.864271   -0.38598722 -0.6793327   0.14534494]
CC1NC(=S)NC1=O,[ 0.07413608  0.611392   -0.7235853  -0.85333955  0.35346705]
COc1ccc(NC(=O)CF)cc1,[ 0.47841236  0.70413107 -0.7917177  -0.76121086 -0.07101187]
C=C(C)C(=O)OCCC[Si](OC)(OC)OC,[-0.02541713  0.7148393  -0.80467004 -0.7805627   0.44583318]
CC(C)(C)NC(=O)NCCN1CCCC(NC(=O)c2cc(Cl)cc(Cl)c2)C1,[ 0.37880212  1.         -0.57236737 -0.90241057 -0.35954124]
COc1ccc2c3c1OC1CC(O)C=CC31CC[NH+](C)C2,[-0.5226131  -0.36410347 -0.7486657  -0.73908067  0.30890533]
Cc1c(C(=O)NCCO)[n+]([O-])c2ccccc2[n+]1[O-],[ 0.37437442  0.7335407  -0.2530457   0.00824976 -0.16621487]
CN1CCN(CCC=C2c3ccccc3Sc3ccc(S(=O)(=O)N(C)C)cc32)CC1,[ 0.5893139   0.74667513 -0.97258747 -0.5508631  -0.00923864]
Cc1ccc(OP(=O)(Oc2ccccc2)Oc2ccccc2)cc1,[-0.00680489  0.860058   -0.8409034   0.0703398  -0.03032656]
CN1c2ccccc2C(NCCCCCCC(=O)[O-])c2ccc(Cl)cc2S1(=O)=O,[-0.93620354  0.8426329  -0.6222653  -0.7302393  -0.3789604 ]
O=c1cc(Cn2c(C3CCC3)nc3nccnc32)c2ccc(F)c(F)c2[nH]1,[ 0.11841182  0.9325334  -0.39609513 -0.54574764 -0.39046323]
COc1cc(OC)c(S(=O)(=O)NCc2ccccc2N2CCCCC2)cc1NC(=O)CCC(=O)O,[ 0.51987445  0.63846844 -0.7502749  -0.5214387   0.04850056]
N#Cc1ccc(F)c(-c2cc(C(F)(F)F)ccc2OCC(=O)O)c1,[ 0.5365911   0.64211917 -0.92806673 -0.02759807  0.07833332]
C[C@@H]1CC[C@H]2[C@@H](C)[C@@H](OC(=O)CCC(=O)O)O[C@@H]3OC4(C)CC[C@@H]1[C@@]23OO4,[ 0.16592658  0.75570583 -0.7035419  -1.          0.1568217 ]
OCCOCCOCCOCCO,[ 0.22809789  0.87652946 -0.80109876 -0.8542195  -0.09250046]
COc1cc2c(cc1OC)C1CC(=O)C(CCC#N)CN1CC2,[ 0.13384646  0.90560913 -0.74287665 -0.80875707  0.67962134]
C=CS(=O)(=O)CCCCCC,[ 0.16112554  1.          0.7148613  -0.6448493   0.0225285 ]
O=C(O)COc1ccc(Cl)cc1CN1CCN(S(=O)(=O)Cc2ccccc2)CC1,[ 0.31824815  0.6699675  -0.69458354 -0.49383378  0.05495577]
c1ccc2sc(SNC3CCCCC3)nc2c1,[ 0.26869658  0.8042097  -0.81906486 -0.71347874 -0.43752706]
Nc1ccc(O)c([N+](=O)[O-])c1,[-0.75123703  0.8074691  -0.924933   -0.7048904  -0.02445262]
CN(C)c1ccc(C(O)(c2ccc(N(C)C)cc2)c2ccc(N(C)C)cc2)cc1,[ 0.07730313 -0.3554497  -0.999003   -0.59142727 -0.41172615]
CC(C)CNC(=O)NS(=O)(=O)c1ccc(Cl)cc1,[-0.28349546  0.8603141  -1.         -0.43474177 -0.23834445]
N#Cc1cc(Br)c(O)c(Br)c1,[ 0.26102957  0.87269473 -1.         -0.75554776  0.22525881]
CC(CN1CCOCC1)C(C(=O)N1CCCC1)(c1ccccc1)c1ccccc1,[ 0.28321448  0.58499914 -0.9352785  -0.6172486   0.20698538]
C[C@@H]1O[C@@H](O[C@H]2[C@H](Oc3cc(O)c4c(c3)O[C@H](c3ccc(O)cc3)CC4=O)O[C@H](CO)[C@@H](O)[C@@H]2O)[C@H](O)[C@H](O)[C@H]1O,[ 0.41798368  0.74183273 -0.7255085  -0.44598258  0.18365948]
CCC1OC(=O)C(C)C(=O)C(C)C(OC2OC(C)CC([NH+](C)C)C2O)C(C)(OC)CC(C)C(=O)C(C)C2N(CCCCn3cnc(-c4cccnc4)c3)C(=O)OC12C,[-0.94339573  0.9182333  -0.3692449  -0.76511186  0.2599632 ]
CCOc1ccccc1OC(c1ccccc1)C1C[NH2+]CCO1,[ 0.25103498  0.97969127 -0.9687596  -0.892005   -0.52688724]
CC(O)COC(C)CP(CC(C)OCC(C)O)CC(C)OCC(C)O,[-0.18207054  0.80058193 -0.8021686  -0.9364633   0.10733764]
C=CC(=O)OCCc1ccc(CC)cn1,"[-6.1856629e-04  8.5200983e-01 -7.5059474e-01 -4.5684570e-01
  3.9786106e-01]"
CCOP(=O)(OCC)Oc1ccc(S(C)(=O)=O)c(C)c1,[-0.33133534  0.8412206  -0.8621834  -0.5878024  -0.14760552]
COP(=S)(OC)Oc1ccc(C#N)cc1C,[-0.36189312  0.78852344 -0.57107013  0.03272749 -0.16877109]
COc1cc2c(cc1OC)C(CCc1ccc(Cl)cc1)N(C)CC2,[ 0.3334588   0.7528471   0.5404346  -0.17956002 -0.39989328]
BrC(Br)Br,[ 0.4350343   0.19397472 -0.80879235  0.26410717  0.9663349 ]
Nc1c(CC(=O)[O-])cccc1C(=O)c1ccc(Br)cc1,[ 0.3125797   0.89483726 -0.82329077 -0.96316385  0.19505747]
CCCCCCCC(=O)N[C@@H](CCN)C(=O)N[C@H](C(=O)N[C@@H](CCN)C(=O)N[C@H]1CCNC(=O)[C@H]([C@@H](C)O)NC(=O)[C@H](C)NC(=O)[C@H](CCN)NC(=O)[C@H](CC(C)C)NC(=O)[C@@H](Cc2ccccc2)NC(=O)[C@H](CCN)NC1=O)[C@@H](C)O,[ 0.42004734  0.8039226  -0.82916623 -0.44738695 -0.34448823]
CNC(=O)c1c(I)c(NC(C)=O)c(I)c(C(=O)[O-])c1I,[ 0.7465757   0.9114587  -0.5620908  -0.7585049  -0.28606963]
CN[C@H](CC(C)C)C(=O)N[C@H]1C(=O)N[C@@H](CC(N)=O)C(=O)N[C@H]2C(=O)N[C@H]3C(=O)N[C@H](C(=O)N[C@H](C(=O)O)c4cc(O)cc(O)c4-c4cc3ccc4O)[C@H](O)c3ccc(c(Cl)c3)Oc3cc2cc(c3O[C@@H]2O[C@H](CO)[C@@H](O)[C@H](O)[C@H]2O[C@H]2C[C@](C)(N)[C@H](O)[C@H](C)O2)Oc2ccc(cc2Cl)[C@H]1O,[ 0.01727463  0.8756557  -0.7320114  -0.593243   -0.45840663]
C[C@@H](NC1=CC(=O)CC1)c1ccc(Nc2ncc3cc(-c4ccncc4)ccc3n2)cc1,[ 0.05308497  0.9065414  -0.7985613  -0.68084997 -0.47328895]
Cc1cnc(NC(=O)C2=C(O)c3ccccc3S(=O)(=O)N2C)s1,[ 0.18213516  0.4227448  -0.778681   -0.87700903 -0.38037694]
CC[C@H]1CN(Cc2cc(Cl)ccc2OCC(=O)O)CCN1S(=O)(=O)c1ccccc1,[-0.19279343  0.8335973  -0.8245171  -0.62906843  0.25559688]
CCCCOC(=O)C1CC1OCCCC,[ 0.19628915  0.63054997 -0.6796862  -0.43250382  0.11801562]
CCCOCCOC(=O)C1=C(C)NC(C)=C(C(=O)OCCOCCC)C1c1cccc([N+](=O)[O-])c1,[ 0.52458835  1.         -0.8283541  -0.966834   -0.71739936]
CCCCCCCCCCCCCCCCCC(=O)Cl,[ 0.49860412  0.83068556 -0.9848558  -0.7278002  -0.18214439]
CCC(=O)Nc1ccc2[nH]c(C(F)(F)F)nc2c1,[-0.38149327  0.4099074  -1.         -1.          0.87610346]
CCCSP(C)(=S)Oc1ccc(Cl)cc1Cl,[ 0.88498616  0.5328096  -0.19683388 -0.31801823 -0.3845876 ]
O=C1CCc2ccccc2O1,[0.12921062 0.5931142  1.         0.0188629  0.13103825]
BrC12CC3CC(CC(C3)C1)C2,[-0.30730325  0.56569004 -0.9821319  -0.7731425  -0.04954058]
O=c1[nH]c2ccccc2n1CCC[NH+]1CCC(n2c(=O)[nH]c3cc(Cl)ccc32)CC1,[ 0.08917351  0.06187066 -0.439527   -0.84901017 -0.60074276]
OCCOCCN1CCN(C(c2ccccc2)c2ccccc2)CC1,[-0.16981132  0.01646281 -0.7443956  -0.7298033   0.04982444]
CC(=O)OC(C)OC(=O)C(C)c1ccc(-c2ccccc2)c(F)c1,[ 0.30685285  0.7727891  -0.93285245 -0.84268296  0.8362327 ]
CN(C)CCOc1cc(NS(=O)(=O)c2c(Cl)cc(C(F)(F)F)cc2Cl)ccc1Cl,[-0.04596091  1.         -0.52160037 -0.35018572 -0.2026036 ]
C[N+](C)(C)CC(O)CC(=O)[O-],[ 0.05093901  0.6147211  -0.8223468  -0.6008728  -0.1742407 ]
NC(=O)CF,[ 0.01695986  0.667682   -0.9656206  -0.6292069   0.4817162 ]
COC(=O)C(C)NP(=O)(OC[C@@H]1C=C[C@H](n2cc(C)c(=O)[nH]c2=O)O1)Oc1ccc(I)cc1,[ 0.01392157 -0.03856588 -0.77335787 -1.          0.2936169 ]
O=C(NC(CCc1ccc2c(c1)OCO2)CCc1ccc2c(c1)OCO2)c1ccc(Cl)cc1,[ 0.5778865   0.7301269  -1.         -0.08630677  0.07767073]
O=c1cc(-c2ccc(O)cc2)oc2cc(O)cc(O)c12,[-0.26443332  0.55936825 -0.8656463  -0.7709421   0.11977437]
COc1ccc(C[C@@H]2c3cc(OC)c(OC)cc3CC[N@+]2(C)CCC(=O)OCCCCCOC(=O)CC[N@@+]2(C)CCc3cc(OC)c(OC)cc3[C@H]2Cc2ccc(OC)c(OC)c2)cc1OC,[ 0.23754293  0.6384381  -0.7395     -0.91070855 -0.03016751]
COCc1ccc2c(C(C(=O)NS(=O)(=O)c3ccc(C)cc3OC)c3ccc4c(c3)OCO4)cn(C)c2c1,[-0.13184641 -0.48234615  0.6449344  -0.7165159  -0.0309795 ]
CCN(CC)c1ccc(-c2nc(=O)n(C)nc2-c2ccc(N(CC)CC)cc2)cc1,[-0.06187     0.05086759 -0.58476496  0.6253233   0.24909982]
CO/N=C(\C(=O)N[C@@H]1C(=O)N2C(C(=O)O)=C(COC(C)=O)CS[C@H]12)c1csc(N)n1,[ 0.31165582  0.81440765 -0.39616618 -0.5823355   0.13324891]
Cc1cn([C@H]2CCCN(S(=O)(=O)c3ccc(CO)c(Oc4cccc(Cl)c4)c3)C2)c(=O)[nH]c1=O,[-0.14660455 -0.300141   -0.9278902  -0.77113783  0.10589367]
Cc1nc(N)nc(N)c1-c1ccc(Br)cc1,[-0.19064164  0.9834498  -0.80538476 -0.7707851  -0.43604565]
CC(C)N(C(=O)SCC(Cl)=C(Cl)Cl)C(C)C,[ 0.54368097  0.8037561   0.2280782  -0.13276865 -0.5304001 ]
CN(C)c1ccc(N=Nc2ccccc2)cc1,[-0.00477201  0.76917064 -0.5320928  -1.         -0.12366518]
Cc1ccc(S(=O)(=O)Nc2c(C(=O)NC3CCCCC3)c(C)nn2-c2ccccc2)cc1,[-0.24298814  0.7784377  -0.6184542  -0.66782004 -0.07172903]
CCOC(=O)c1ccc(C#Cc2ccc3c(c2)C(C)(C)CCS3)nc1,[ 0.19796571 -0.5900413  -0.79711187 -0.5765427  -0.27754858]
CC(=Cc1ccccc1)CC(=O)N1CCOCC1,[-0.21598925 -0.46552604 -1.         -0.48263314  0.09368014]
NCCCNCCSP(=O)(O)O,[ 0.4790071   0.16317877 -0.9829356  -0.6185901  -0.27058518]
CN(CCCl)CCCl,[ 0.01300147  0.7781509  -0.72277755 -0.82518774  0.24262205]
S=C1NCCNC(=S)S1,[ 0.17476545  0.22780122 -0.70360464 -0.67462033 -0.3235108 ]
CCN(CC)CCO,[ 0.34589225  0.9065165  -1.         -0.8739895  -0.01239436]
CCCCOC(=O)CC(SC(CC(=O)OCCCC)C(=O)OCCCC)C(=O)OCCCC,[-0.17784122  0.4545471  -0.5753353  -0.19255874  0.30550337]
CN1[C@@H]2CC[C@@H]1CC(OC(=O)C(CO)c1ccccc1)C2,[-0.73185897  0.81633943 -0.84076643 -0.49954545  0.082437  ]
CCOP(=S)(OCC)Oc1ccc([N+](=O)[O-])c(C)c1,[ 0.28010485  0.8374007  -0.8433782   0.09926479  0.29194796]
CC(C)C1NC(=O)c2ccccc2O1,[ 0.2688111   0.93119913 -0.9280477  -0.8027042   0.08633728]
COc1c(OP(=S)(OCC(C)C)OCC(C)C)cnn(C)c1=O,[ 0.27223372  0.10073747 -0.9276102  -0.72894675  0.26051167]
CC[C@H]1NC(=O)[C@@H](NC(=O)c2ncccc2O)[C@@H](C)OC(=O)[C@H](c2ccccc2)NC(=O)[C@@H]2CC(=O)[C@H](CS[C@@H]3CN4CCC3CC4)CN2C(=O)[C@H](Cc2ccc(N(C)C)cc2)N(C)C(=O)[C@@H]2CCCN2C1=O,[-0.5269105   0.871418   -0.790766   -0.49271956 -0.12185585]
NCC1CCC=CO1,[-0.44761226  0.7167962  -0.6731617  -0.7786765   0.10523091]
CCOC(=O)C=Cc1ccc2c(c1)OCO2,[ 0.270567    0.7649262  -0.77072835 -0.8007774  -0.04579502]
C[NH+](CCOc1ccc(NS(C)(=O)=O)cc1)CCc1ccc(NS(C)(=O)=O)cc1,[ 0.268384    0.7613527  -0.42500156 -0.44026706  0.94009995]
O=C(Cc1ccc(OCc2ccccc2)cc1)NO,[ 0.59284705  0.7940652  -1.         -0.4525185  -0.23658244]
CC(C)(C(=O)O)S(C)(=O)=O,[ 0.2264792   0.67559594 -0.49361962  0.39506245  0.24363813]
O=[N+]([O-])c1ccc(O)c(CNCCO)c1,[ 0.39182076  0.90058905 -0.86730087 -0.67032236 -0.36444294]
CC(O)C1C(=O)N2C(C(=O)[O-])=C(SC3CCS(=O)C3)SC12,[ 0.04743545  0.6415623  -0.9471775  -0.85675657  0.11035423]
S=C1NCCC(COc2ccccc2)O1,[-0.1083264   0.6173236  -0.72862184 -0.5944181   0.5864765 ]
CC(=O)CCC(C)=O,[ 0.07090966  0.7641289  -0.6099578  -0.8111479  -0.4106267 ]
COP(=S)(OC)Oc1ccc(S(N)(=O)=O)cc1,[ 0.10773172  0.21514802 -1.         -0.80397934  0.58978945]
Cc1c(OC2CCN(CC3CCN([C@@H](Cc4ccc(F)cc4)C(=O)O)CC3)CC2)ccc(C#N)c1Cl,[ 0.01873467  1.         -0.35194534 -0.4429332   0.41577783]
C[C@@H](NC(=O)C1CCCCN1C)c1ccc(Nc2ncc3cc(-c4ccncc4)ccc3n2)cc1,[ 0.07433433  0.85877717 -0.68480676 -0.64523387 -0.01792563]
C=COCCOC,[ 0.43679753  0.94977945 -1.         -0.8778763   0.5685212 ]
O=C(CN1CCOCC1)NN=Cc1ccc([N+](=O)[O-])o1,[ 0.31182477  0.73186725 -0.5389633  -0.5203703   0.08913737]
O=C(O)c1nn(Cc2ccc(Cl)cc2Cl)c2ccccc12,[ 0.15115711  0.7667694  -1.         -0.5951886   0.06393924]
O=S1(=O)CCN(c2ccccc2)CC1,[ 0.06244026 -0.10805923 -0.7136759  -1.          0.5259586 ]
CCC(C)c1ccc(Oc2ccc(C)cc2CC(=O)O)c(Cl)c1,[ 0.49964717  1.         -1.         -1.         -0.23463584]
C=CCI,[ 0.46966642  0.6719507  -0.67042744  0.10678507  0.16202083]
CC=CC(C)=O,[ 0.4729202   0.59022236 -0.78783244 -0.6631143  -0.73852485]
O=[N+]([O-])c1cc(Cl)c2nc(C(F)(F)F)[nH]c2c1,[ 0.01980345  0.823135   -0.93301564 -0.8536334   0.15538332]
ClC1=C(Cl)C(Cl)(C2(Cl)C(Cl)=C(Cl)C(Cl)=C2Cl)C(Cl)=C1Cl,[-0.00081846  0.7114576  -0.6670364   0.36862358  0.12076681]
C1=CC2C=CC1C2,[ 0.0548179   0.9253713  -0.88039994 -0.5800092   0.21293329]
CC(C)(C)OC(=O)N1CCN(c2ncc(OCc3ccncc3)cn2)CC1,[ 0.12121148  0.89486194 -0.4628515  -0.5055835  -0.2090594 ]
c1c[nH]cn1,[ 0.54388875  1.         -0.35598657 -0.1244052  -0.40527338]
COc1c2ccoc2c(OCC2OC2(C)C)c2oc(=O)ccc12,[ 0.36109805  1.         -0.14240773 -0.29854637 -0.01377564]
CN(C)C(=O)C(CCN1CCC(O)(c2ccc(Cl)cc2)CC1)(c1ccccc1)c1ccccc1,[-0.209679    0.7950652  -0.23886028 -0.06958965 -0.19880669]
C[N+](C)(C)[NH2+]CCC(=O)[O-],[ 0.45873526  0.7251234  -1.         -1.          0.75535995]
CC(=O)OCCOCCOCCOC(C)=O,[ 0.5163598   0.7769625  -0.07678401 -0.49111423 -0.01475005]
Cc1cc(=O)n(CSP(=S)(OC(C)C)OC(C)C)nc1Cl,[-0.31342837  0.18662034 -0.8488062  -1.         -0.09125166]
CC(=O)c1c(C)c2cnc(Nc3ccc(N4CCNCC4)cn3)nc2n(C2CCCC2)c1=O,[-0.18292713  1.         -0.8093516  -0.18557099 -0.34747684]
COP(=S)(Cl)OC,[ 0.44329745  0.8544208  -0.6796181  -0.60589033 -0.14149043]
CC(=O)Oc1cccc(Oc2ccc(C(F)(F)F)cc2Cl)c1,[ 0.5034262   0.81204325 -0.77902615 -0.61547583 -0.31993905]
CCC(C)OC=O,[ 0.29068133  1.         -0.6580668  -0.37143004 -0.56783414]
O=CCCCC=O,[ 0.71460354  0.8191628  -0.8328448  -0.9949253  -0.3869654 ]
CC#CCC(C)C(O)/C=C/C1C(O)CC2C/C(=C/CCCC(=O)[O-])CC21,[-0.01811361  1.         -0.5523321  -0.64583606 -0.19439863]
Cc1cc(-n2c(C)nc3ccccc3c2=O)n(-c2ccccc2)n1,[ 0.5452845   0.7708813  -0.31080323 -0.50008714 -0.2703734 ]
CCN(CC)CCNC(=O)c1cc(Br)c(N)cc1OC,[ 0.03784984  0.85017616 -0.6632577  -0.7217542   0.33027247]
Cc1cccc(N)c1C,[ 0.24323912  0.80770296 -0.8547881  -0.58517617 -0.05220149]
CNC(=O)Oc1ccc(CCC#N)cc1,[ 0.29694498  0.9232393  -0.77483886 -0.875877    0.33488062]
NC(=[NH2+])NCCCCC1NC(=O)CCSSCC(C(N)=O)NC(=O)C2CCCN2C(=O)C(Cc2c[nH]c3ccccc23)NC(=O)C(CC(=O)[O-])NC(=O)CNC1=O,[ 0.2245648   0.85082775  0.8581356  -0.43925136 -0.09276938]
Cc1ncsc1C(=O)N(Cc1cc(=O)[nH]c2c(F)cccc12)c1cccc(Cl)c1,[ 0.15360996  0.899952   -0.9946652  -0.6980874  -0.17430128]
CN(C)C(=O)Cl,[ 0.43460423  0.847864   -0.63309693 -0.31753147  0.35456216]
N#Cc1cccc(C#N)c1,[ 0.08879574  1.         -0.858473   -0.7810914   0.03889145]
O=NN(c1ccccc1)c1ccccc1,[ 0.50573623  0.8147319  -0.8191285  -0.8847401   0.76662475]
C=CC(=O)OCCOC(=O)c1ccc(C(=O)O)cc1C(=O)O,[ 0.11619808  0.16395828 -0.2125341  -0.5112341  -0.34707534]
O=C(C(F)(F)Cl)C(F)(F)Cl,[-0.2103317   0.8077216  -0.9517075  -0.59490913 -0.14742494]
CC(=O)CCCCCCCC(=O)O,[ 0.27260712  0.7989418  -0.69980174 -0.63291264 -0.2846448 ]
c1ccc(OP(Oc2ccccc2)Oc2ccccc2)cc1,[ 0.29157287  0.72553265 -0.851083   -0.9622389  -0.06888642]
Cc1ccc(CO)cc1N(C)c1ccnc(Nc2cc(N3CCCOCC3)cc(N3CCOCC3)c2)n1,[ 0.60510606  0.7974167  -0.98069686 -0.766468   -0.05667597]
CC(C)CCC(C)Nc1ccc(Nc2ccccc2)cc1,[-0.21125494  0.58491063 -0.5963415  -0.9390919  -0.11376753]
CC#CCC(C)C(O)C=CC1C(O)CC2Oc3c(CCCC(=O)O)cccc3C21,[ 0.3793019   1.         -0.94754285 -0.5645385  -0.38401154]
C[C@@H]1NC(=O)[C@@H](C)N(C)C(=O)[C@@H](C)N(C)C(=O)[C@H](C)NC(=O)[C@H](C)N(C)C(=O)[C@@H](C)N(C)C1=O,[ 0.22665575  0.18248709 -0.9626201   0.3333748   0.0326449 ]
CC(=Cc1ccccc1)C=C1SC(=S)N(CC(=O)O)C1=O,[ 0.5443812   0.8293609  -0.47823465 -0.662449    0.15799454]
O=[N+]([O-])c1ccccc1Cl,[-0.00225137  1.         -0.8113402  -0.917292    0.17296033]
CC(C)=CCN1CCC2(C)c3cc(O)ccc3CC1C2C,[ 0.28857073  0.8403094  -0.81237966 -0.702354   -0.08593266]
CC(c1ccccn1)c1c(CC[NH+](C)[14CH3])sc2ccccc12,[ 0.26096612  0.8849337   0.14521195 -0.01716333 -0.17156579]
Cn1c(COP(=O)(NCCBr)NCCBr)cnc1[N+](=O)[O-],[ 0.20545262  0.8091852  -0.8438203  -0.66174334  0.01150856]
O=CCc1ccccc1,[ 0.23983033 -0.19977921 -0.96734065  0.30192894  0.05731136]
C[C@]12C[C@H](O)[C@H]3[C@@H](CCC4=CC(=O)CC[C@@]43C)[C@@H]1CC[C@]2(O)C(=O)CO,[ 0.17131568  0.9176307  -0.40445647 -0.9520488   0.49476105]
C#CC1(O)C=CC2C3CCC4=CC(=O)CCC4C3CCC21CC,[ 0.3910492   0.6116474  -0.87698865 -0.09127129 -0.02035651]
CCC(C)(CC)c1cc(N)on1,[ 0.26402524  0.97480863 -0.5346354  -0.86667824  0.10851404]
CC1(C)C2CCC1(C)C(O)C2,[-0.41622233 -0.4894358  -0.78491706 -0.6396928  -0.11226916]
OC1(c2ccc(Cl)c(C(F)(F)F)c2)CCN(CCCC(c2ccc(F)cc2)c2ccc(F)cc2)CC1,[ 0.07715914  0.18627693 -0.7999789  -0.63712984 -0.02468859]
COP(=O)(OC)ON1C(=O)c2cccc3cccc(c23)C1=O,[-0.03599672  0.68896884 -0.8160704  -0.08120318  0.13817663]
CCCCN1C(=O)c2cccc([N+](=O)[O-])c2C1=O,[ 0.15644437  0.21512738 -0.6440958  -0.62523115  0.27362403]
CC1CCC2(O)C3(C)CC4(O)OC2(C1O)C1(O)C3(O)C(OC(=O)c2ccc[nH]2)C(O)(C(C)C)C41C,[ 0.10884032  0.8304905  -0.9698438  -0.69571906  0.18289596]
FC(F)(F)c1nc2c(I)cc(I)cc2[nH]1,[ 0.1946211   0.9832514  -0.9031698  -0.96503377  0.30639184]
CCOC(=O)CCN(Cc1ccccc1)SN(C)C(=O)ON=C(C)SC,[-0.34453338  0.93947977 -0.81540066 -0.63147146 -0.10577814]
C[NH+]1CCOC(c2ccccc2)c2ccccc2C1,[ 0.42983454  0.33158195 -0.7268455   0.14155161  0.24734713]
Nc1ncc2cc(-c3c(Br)cccc3Br)c(N)nc2n1,[-0.34279585  0.8480716  -0.74663925 -0.26624224 -0.09109552]
O=C(CCc1ccccc1)OC1=C(OC(=O)CCc2ccccc2)C(=O)OC1=O,[-0.23413971  0.92130965 -0.80480784 -0.657592    0.36360112]
Cc1onc2c(=O)[nH]nc(-c3ccccc3)c12,[ 0.17019665  0.76427263 -1.         -0.24096149  0.17066285]
S=c1[nH]c2cc(Cl)ccc2o1,[ 0.14267097  1.         -0.6595168  -0.6841441  -0.47038943]
Nc1ccc(Cl)cc1,[ 0.20764033  0.5631568  -0.5891869  -1.         -0.5356364 ]
CC[C@H]1OC(=O)[C@H](C)[C@@H](O[C@H]2C[C@@](C)(OC)[C@@H](O)[C@H](C)O2)[C@H](C)[C@@H](O[C@@H]2O[C@H](C)C[C@H](N(C)C)[C@H]2O)[C@](C)(O)C[C@@H](C)C(=O)[C@H](C)[C@@H](O)[C@]1(C)O,[-0.02217032 -0.11473268 -1.         -1.         -0.02075101]
COP(=S)(OC)SCC(=O)N1CCOCC1,[ 0.4351658   0.4933482  -0.59363496 -0.2707149  -0.0194954 ]
Cc1cc(Nc2nc(N[C@@H](C)c3ccc(F)cn3)c(C#N)cc2Cl)n[nH]1,[ 0.24703155  0.73202753  0.07459896 -0.74813783 -0.53925645]
C=CN(C)N=O,[ 0.186327    0.16637394 -0.7293049  -0.19860725 -0.19980025]
Cc1cnc(C)c(C)n1,[ 0.08763027  0.69523346 -0.65388894 -0.83967286  0.08134889]
Cc1cc(C)c(N)c(C)c1,[ 0.37205368 -0.13561016 -0.737514    0.71513844  0.0686846 ]
C=CCc1ccccc1OCC(O)C[NH2+]C(C)C,[ 0.46552134  0.6852351  -0.6009883  -0.62242836 -0.4848183 ]
CCCCC(CC)(C(=O)OCC)C(=O)OCCN(CC)CC,[ 0.3837487   0.83377934 -0.86407    -0.80784935  0.11123729]
CC(=O)SCC(=O)Nc1nc2ccccc2s1,[ 0.01306498  0.8941099  -0.6173839  -1.         -0.06611847]
COc1cc2nc(N3CCN(C(=O)C4COc5ccccc5O4)CC3)nc(N)c2cc1OC,[ 0.09151301  1.         -0.4318578  -0.4376011  -0.41490513]
Cc1nn(C2CCCCC2)c(N)c1-c1ccccc1,[ 0.11198635  0.9523401  -1.         -0.7514391  -0.17646714]
Cc1cc(Cl)ccc1OCCCC(=O)O,[ 0.23821639  0.83533347 -0.84620184 -0.89751345 -0.18658522]
C=CC(=O)OC1CC2CCC1C2,[-0.33289936 -0.4447602  -0.83088875 -0.82253164  0.3438033 ]
COc1cc([C@@H]2c3cc4c(cc3[C@@H](O[C@@H]3O[C@@H]5CO[C@@H](C)O[C@H]5[C@H](O)[C@H]3O)[C@H]3COC(=O)[C@H]23)OCO4)cc(OC)c1O,[ 0.02080084  0.83785    -0.8498193  -0.8217655   0.56791705]
CCON=C(CC)C1=C(O)CC(c2c(C)cc(C)cc2C)CC1=O,[-0.1696012   0.05653511 -0.471743   -0.5727617  -0.41089043]
COc1ccc([N+](=O)[O-])cc1N,[-0.39266756  0.6409461  -0.80779505 -0.346655   -0.59008116]
C#CC(C)(C)NC(=O)c1cc(Cl)cc(Cl)c1,[-0.1680962   0.8831046  -0.59368974 -0.8228191  -0.47924846]
NCCCCN,[ 0.45001045  0.81280595 -0.75128704 -0.8920051   0.17383082]
CCC(=O)N(c1ccccc1)C1CC[NH+](CCc2ccccc2)CC1,[-0.09590296 -0.646209   -0.60746217 -0.27179724 -0.12663852]
CNC(=O)[C@@H]1Cc2cn(cn2)CC(=O)N2CCC[C@H]2C(=O)N[C@@H](C)C(=O)N1C,[-0.06924637  0.9976059  -0.77471584 -0.80251837 -0.16834785]
Nc1ccc(S(=O)(=O)O)c2cccc(O)c12,[-0.03602495  0.83370507 -0.61057603 -0.8048913   0.526777  ]
C=COC(=O)CCCCCCC,[-0.26574746  0.77219063 -0.7889476  -0.46075037 -0.00704225]
COc1ccc(CC2c3cc(OC)c(OC)cc3CCN2C)cc1OC,[ 0.16676573  1.         -0.7531517  -1.         -0.06310086]
FC(F)(F)c1nc2c(Br)c(Br)cc(Br)c2[nH]1,[ 0.2833698   0.33095634 -0.77624136 -0.72713804 -0.25843254]
O=[N+]([O-])OC1COC2C(O)COC12,[-0.12936163  0.83338946 -0.6626686  -0.8957861  -0.49217066]
CC(C)NCC(O)c1ccc(O)c(O)c1,[ 0.14761424  0.9019619  -0.7446034   0.13490063 -0.22954772]
CN(C)CCC=C1c2ccccc2CCc2ccccc21,[ 0.17122014  0.3223651  -0.4508598  -0.4415556   0.4149468 ]
N=C(N)Nc1nc(CSCCC(=N)NS(N)(=O)=O)cs1,[ 0.52632946  0.62131274 -1.         -0.5701609   0.00252859]
C=CS(C)(=O)=O,[ 0.02676198  0.92705214 -0.87974036 -0.67139435  0.53101003]
CSCCC([NH3+])C(=O)NC1(C(=O)[O-])CS(=O)(=O)C2C(C(=O)[O-])C21,[ 0.1650162   0.6181744  -0.46746993 -0.77875024 -0.6960011 ]
CCOC(=O)C1OC1c1ccccc1,[ 0.44560587  0.8608694  -0.9411977  -0.740885   -0.33801028]
O=[N+]([O-])c1ccc(Nc2ccccc2)c(S(=O)(=O)O)c1,[ 0.4007216  -0.06015095 -0.8190781  -0.76623666  0.17270212]
CCOc1ccccc1C(N)=O,[ 0.65040344  0.67708474 -0.44815695 -0.45080113 -0.69558877]
CCN1C(=O)C=CC1=O,[-0.07222641  0.9344443  -0.6114674  -0.873122   -0.26241687]
CCCCCCCCCCCC(=O)OCC(O)C1OCC(O)C1O,[-0.34210154  0.34389424 -0.7491394  -0.818612   -0.01382885]
NC(=S)Cc1cccc2ccccc12,[-0.04455038  0.9508833  -1.         -0.6801651  -0.60951513]
CCOC(=O)Nc1ccc(NCc2ccc(F)cc2)cc1N,[-0.18104674  0.7707654  -1.         -0.16482547  0.3946896 ]
CCOC(C)COC(C)CO,[ 0.06890243  0.761318   -0.7282257  -0.17120256 -0.06137526]
O=C(OCC(COC(=O)c1ccccc1)(COC(=O)c1ccccc1)COC(=O)c1ccccc1)c1ccccc1,[ 0.15734588 -0.29613918 -0.5894615  -0.91888326 -0.19806486]
CC(Cl)(Cl)[N+](=O)[O-],[-0.18920736  1.         -0.50730515 -0.68624824 -0.06980263]
COc1ccc(CC2NCC(O)C2OC(C)=O)cc1,[-0.21347374  0.737595   -0.8082414  -0.42835695  0.13443376]
ClCCCBr,[ 0.1763779   0.23699144 -0.07543531 -0.47888032  0.03082016]
CC(C(=O)O)c1ccc(C(=O)c2cccs2)cc1,[-0.63040394  0.34251252 -0.60776836  0.23670486 -0.3547049 ]
C[C@H](Cc1cccc(CC(=O)NC23CC4CC(CC(C4)C2)C3)c1)NC[C@H](O)c1ccc(O)c(CO)c1,[ 0.3257081   0.73316395 -0.8442517   0.14828639 -0.6097885 ]
Cn1cncc1CN(CCN(Cc1ccccc1)S(=O)(=O)c1ccccn1)c1ccc(C#N)cc1,[ 0.29550016  0.652608   -0.9839426  -0.7286597  -0.21778883]
O=c1[nH]cnc2c1ncn2[C@H]1CC[C@@H](CO)O1,[-0.42029825  0.88416857 -0.72152185 -0.8852877  -0.20403008]
C=CC(=O)NCNC(=O)C=C,[ 0.5292617   0.760359   -0.65784174 -0.8766747   0.04230214]
Cc1cc(Cl)ccc1OCC(=O)O,[ 0.23844153  1.         -0.79985666 -0.77356744  0.05047039]
CCOP(=S)(OCC)SCC(=O)N(CCC#N)c1ccccc1,[ 0.27311125  0.8609393  -0.76144296 -0.6879895   0.4372412 ]
O=C(O)c1cccc(Cl)n1,[-0.06721736  0.8650008  -0.29694718 -0.4701513  -0.33101845]
Nc1nc2c(Cc3cccnc3)c[nH]c2c(=O)[nH]1,[ 0.16399601  1.         -0.4272426  -0.87558246  0.04954075]
Cc1c(OCC(F)(F)F)ccnc1CS(=O)c1nc2ccccc2[nH]1,[ 0.3610209   1.         -0.74266183 -1.         -0.35912928]
OCC(O)CO,[ 0.45149806  0.44501567 -0.8193033   0.2723183  -0.45378187]
CC(C)CCI,[ 0.40395424  0.99329984 -0.8774988  -0.47948793 -0.09599609]
CC(C)CCOC(CO)CC(C)C,[ 0.49143457  0.5444237  -0.633815   -0.74554914 -0.12474693]
CC(=O)C1OC1(C)C,[ 0.3250468   1.         -0.6618008  -0.47013623 -0.12417766]
NC(=O)[C@H](Cc1ccccc1)NC(=O)OCc1ccccc1,[ 0.2436728   0.8607968  -0.8361138  -0.69376177 -0.09124793]
FC(F)(F)c1nc2c(Cl)c(Cl)cc(Cl)c2[nH]1,[ 0.87410325  0.2781879  -0.7302979  -0.7473782  -0.43550894]
CCCCN(CCCC)SN(C)C(=O)ON=CC(C)(C)SC,[ 0.2491974   0.8862087  -0.57294416 -0.6283147  -0.3598414 ]
CCCCSCCCC,[ 0.18348746  0.7812174  -0.69952524 -0.75319993  0.22458567]
Cc1ncc(CS)c(CO)c1O,[-0.03657708  0.5316453  -0.7534927  -0.9068902  -0.11865733]
COc1cc(OC)c(S(=O)(=O)NCc2ccccc2N2CCC(COC(=O)CCC(=O)O)CC2)cc1NC(=O)CCC(=O)O,[ 0.29598024  0.85056573 -0.8836618  -0.87304467 -0.42741814]
CN1CCCCC1CCN1c2ccccc2Sc2ccc(S(C)=O)cc21,[ 0.37437302 -0.43614337 -0.7202101  -0.76489633  0.28186965]
CCC(CC)(C(=O)O)c1cccc2ccccc12,[-0.1988411   0.80066544 -0.717425   -0.8732251   0.08675563]
COc1ccc(N)c([N+](=O)[O-])c1,[ 0.15573907  0.8838844  -0.77695197 -0.86068296 -0.12494724]
S=C=NCCN=C=S,[-0.02419426  0.99628395 -0.69043434 -0.85610914 -0.19778357]
CCCCC(CC)OCCOCCO,[ 0.23453282  0.9118321  -0.6013163  -0.9873808   0.15848084]
CCn1cc(C(=O)O)c(=O)c2cc(F)c(N3CCN(C)CC3)cc21,[-0.08476735  0.8676413  -0.69788325 -0.49307823  0.39350653]
CCC[NH+]1CCCCC1C(=O)Nc1c(C)cccc1C,[ 0.19431286  0.5609046  -0.71915996 -0.8133182  -0.09205726]
Cc1cc(-n2cccc2)c(S(C)(=O)=O)cc1C(=O)NC(=N)N,[ 0.05663006  0.73031795 -0.7470309   0.19659066 -0.45067805]
O=S(=O)(O)c1ccc2cc(Nc3cccc4c(O)c(S(=O)(=O)O)ccc34)ccc2c1O,[ 0.29212052 -0.41903907 -0.5906522  -0.36854708 -0.7235103 ]
COP(=O)(SC(C)C)SC(C)C,[-0.36620033  0.7858559   0.13403976  0.07328095 -0.26392877]
CC1CN(C2CCCCCCCCCCC2)CC(C)O1,[ 0.5753257   0.83614445 -0.84763205 -0.09218633  0.47957888]
C=CC[NH+]1CCCC1CNC(=O)c1cc2n[nH]nc2cc1OC,[ 0.36113843  0.46644825 -0.04761838 -0.04968043  0.72981256]
N#Cc1ccc2[nH]c(C(F)(F)F)nc2c1,[ 0.2135856  0.773868  -0.7658161 -0.7131151 -0.2751756]
CCC(=O)NCCC1CCc2ccc3c(c21)CCO3,[ 0.17906892  0.40041438 -0.73484194 -0.89470613 -0.14972547]
CNc1c(Br)cnc2[nH]c(-c3ccc(S(C)(=O)=O)cc3)nc12,[ 0.08652735  0.6642333  -0.7320074  -0.02280084  0.84729   ]
CCN(CCO)c1cccc(C)c1,[ 0.7423008   0.78636944 -0.8890919  -0.6938134   0.4484368 ]
O=C(O)CCC(=O)c1ccc(-c2ccccc2)cc1,[ 0.05916278  0.6771208  -0.43756217  0.6085472   0.15431122]
CCCCCC(O)C=CC1C(O)CC(O)C1CC=CCCCC(=O)O,[ 0.2572568  -0.4555845  -0.9322024  -0.38339952  0.6940347 ]
O=C(NC[C@@H](O)CN1CCC(Oc2ccc(Cl)c(Cl)c2)CC1)c1c[nH]c(=O)c2cc(F)ccc12,[-0.23888175 -0.5843673  -0.7203632  -0.99105763  0.19094643]
FC(F)(F)c1nc2c(Br)c(Cl)c(Br)cc2[nH]1,[ 0.09929075  0.624698   -0.7536289  -0.52595854  0.16553463]
C/C=C/CC(C)C(O)C1C(=O)NC(CC)C(=O)N(C)CC(=O)N(C)C(CC(C)C)C(=O)NC(C(C)C)C(=O)N(C)C(CC(C)C)C(=O)NC(C)C(=O)NC(C)C(=O)N(C)C(CC(C)C)C(=O)N(C)C(CC(C)C)C(=O)N(C)C(C(C)C)C(=O)N1C,[ 0.1446793   0.8446733  -0.80112    -0.86303437 -0.01824988]
C=CC1=C(C)/C(=C\c2[nH]c(Cc3[nH]c(/C=C4/NC(=O)C(C)=C4C=C)c(C)c3CCC(=O)O)c(CCC(=O)O)c2C)NC1=O,[-0.08117395  0.8899194  -0.8104985  -0.9615358   0.24223463]
CN(C)C1C(O)=C(C(N)=O)C(=O)C2(O)C(O)=C3C(=O)c4c(O)cccc4C(C)(O)C3C(O)C12,[ 0.2046061  0.8486052 -0.7388895 -0.9405546  0.4623155]
Cc1cc(OC(=O)N(C)C)n(C(C)C)n1,[-0.2357386   0.82976514 -0.4756649   0.58572286 -0.22474633]
CC(CC(=O)OC(C)(C)C)NC(=O)C1=NOC(C(O)(C(F)(F)F)C(F)(F)F)C1,[ 0.26054776  0.5997201  -0.86419857 -0.85166043  0.2199728 ]
CN(C)CC=C(c1ccc(Br)cc1)c1cccnc1,[-0.25288236  0.58733046 -0.5650001  -0.79847413 -0.62251085]
CCc1cc2c(s1)-n1c(C)nnc1CN=C2c1ccccc1Cl,[ 0.13500385  0.9312517  -0.6390135  -1.         -0.17275251]
O=C(CCl)OC1=C(OC(=O)CCl)C(=O)OC1=O,[-0.09280153  0.901738   -0.57391095 -1.         -0.22631074]
Cc1ccc2nc(C[N+]34CCC(CC3)[C@@H](OC(=O)[C@](C)(c3ccccc3)N3CCCCC3)C4)oc2c1,[ 0.5942237   0.818163   -0.74601465 -0.25609705 -0.61919326]
CC1(C)SC2C(NC(=O)C(C(=O)[O-])c3ccsc3)C(=O)N2C1C(=O)[O-],[-0.10932156  0.68493736 -0.8223728  -0.26728994  0.15863156]
COc1cc(OC)c(S(=O)(=O)N(c2ccccc2)C(C)C)cc1NC(C)=O,[-0.24197169  0.7404626  -0.17226207 -0.3705677  -0.17289294]
Cc1c(-c2c(C)c(N)c3c(C(C)C)c(O)c(O)c(C=O)c3c2O)c(O)c2c(C=O)c(O)c(O)c(C(C)C)c2c1N,[-0.02762859 -0.55138654 -0.16130172 -0.60434455 -0.08906554]
CN1C(=O)CC(N2CCN(CCCN3c4ccccc4COc4ccc(CC(=O)O)cc43)CC2)N(C)C1=O,[-0.18337607  0.8692569  -0.4542993  -0.56945115 -0.07447607]
C[C@H](CO)Nc1nc(SCc2cccc(F)c2F)nc2[nH]c(=O)cnc12,[ 0.27822196  1.         -0.68847424 -0.47285125  0.13816442]
Cc1ccccc1S(=O)(=O)NC(=O)N1CCC(N2CCC(Oc3ccc(Cl)c(Cl)c3)CC2)CC1,[ 0.40968162  0.80466896 -0.99911433 -0.6141048   0.3095167 ]
CNC(=O)ON=C(C)SCC(N)=O,[ 0.111623   -0.28539625  0.24831039 -0.67822325 -0.54753363]
CCOP(=O)(OCC)Oc1nc(Cl)c(Cl)cc1Cl,[ 0.06577899  0.8100639  -0.7697362  -0.8713184  -0.21053931]
Oc1ccc(O)cc1,[ 0.14463182  0.77521306 -0.40637702  0.245596   -0.2274696 ]
CCC(C(=O)O)C1(O)CCCCC1,[-0.38819623 -0.02608516 -0.39221323 -0.5862147  -0.20123115]
CCC1(CC)Oc2cccc(OC(=O)N(C)C(C)=O)c2O1,[ 0.2610331   1.         -0.81234705 -0.86334044  0.63427   ]
Oc1c(Cl)c(Cl)cc2[nH]c(C(F)(F)F)nc12,[ 0.30127126  0.81034833 -0.8750804  -0.9319277   0.20135862]
CCNc1nc(NCC)nc(OC)n1,[ 0.15399003  0.5796205  -0.54407954 -1.          0.01340757]
CCCCC(CC)C(=O)OC1=C(c2c(C)cc(C)cc2C)C(=O)c2ccccc21,[ 0.15572774  0.91507035 -0.71456474 -1.         -0.35693133]
CCOC(=O)C(CCc1ccccc1)NC1CCc2ccccc2N(CC(=O)O)C1=O,[-0.50478387  0.6215102  -0.7385821  -1.         -0.13514662]
CN(CCCOCCOCCc1ccccc1)CCc1ccc(O)c2nc(O)sc12,[-0.71179014  0.80705756 -0.10720164 -0.7565024  -0.11298446]
C[C@@](N)(Cc1ccc(O)c(O)c1)C(=O)O,[ 0.06349514  0.6972933  -0.5156871  -0.77327824 -0.16613775]
Cc1c(Sc2ccc(Cl)cc2)c2c(S(C)(=O)=O)cccc2n1CC(=O)O,[-0.4353874  0.8037014 -0.9965158 -0.827142  -0.3476452]
CN(C)C1CC(c2ccccc2)c2ccccc21,[ 0.5342073  0.6708687 -1.        -0.8690374 -0.5005402]
CCC1=C(C)CN(C(=O)NCCc2ccc(S(=O)(=O)[N-]C(=O)NC3CCC(C)CC3)cc2)C1=O,[-0.05543705  0.8450057  -0.43318942 -0.94310087 -0.27833125]
CC1CCCCN1N=O,[ 0.22796871 -0.46028486 -0.82040215 -0.7639427  -0.0553821 ]
C=CC(=O)OCCOCCOC(=O)C=C,[-0.03805177  1.         -0.3311832  -0.77136344 -0.02600262]
CCCOCCN(C(=O)CCl)c1c(CC)cccc1CC,[ 0.35737202  0.610087   -1.         -0.69532293 -0.24723311]
Nc1nc(O)c(Cl)c(-c2ccccc2)n1,[ 0.54312825  0.29142424 -1.         -1.         -0.287431  ]
COc1ccc(C(=O)Nc2ccccc2CCC2CCCCN2C)cc1,[ 0.5508901   0.9052827  -0.7988878  -0.86017257  0.8233949 ]
Cc1ccc(N=C=O)cc1N=C=O,[ 0.08947378  0.16182715 -0.65523225 -0.6909784  -0.12033115]
CCCCCNCCCCC,[ 0.54654723  0.09945094 -0.08031683 -0.41595793 -0.29005054]
O=c1oc(-c2ccccc2)nc2ccccc12,[ 0.00546048  0.93701506 -0.59879607 -0.68112105  0.28338787]
COCc1c(C(C)C)nc(C(C)C)c(/C=C/[C@@H](O)C[C@@H](O)CC(=O)O)c1-c1ccc(F)cc1,[ 0.46812078  0.9898362  -0.85908735 -0.4099299  -0.01613792]
CCCCC(CC)CNC1CCCCC1,[ 0.01325644  0.6057459  -1.         -0.73779345 -0.20447451]
CCOC(=O)C(C)Oc1ccc(Oc2nc3ccc(Cl)cc3s2)cc1,[-0.1846144  -0.41016755 -0.9369805  -0.65518725  0.18086402]
CC1=NN(c2ccccc2)C(=O)C1,[-0.58031774  0.90180314 -0.84332496 -0.7057407  -0.3414035 ]
C[C@@H]1NC(=O)[C@@H](C)NC(=O)[C@H](C)N(C)C(=O)[C@@H](C)N(C)C(=O)[C@@H](C)NC(=O)[C@H](C)N(C)C1=O,[ 0.41839406  0.5923892  -0.7474199  -0.6570538  -0.05396622]
O=Cc1cccc2ccccc12,[ 0.01168111 -0.04316597 -1.         -0.39192095  0.10967483]
Cc1c(OC2CCN(CC3CCN([C@@](C)(Cc4ccc(F)cc4)C(=O)O)CC3)CC2)ccc(Cl)c1Cl,[ 0.11633127 -0.37928206 -0.8257454  -0.47866666 -0.10332582]
O=P([O-])([O-])C(Cl)(Cl)P(=O)([O-])O,[ 0.3449503   0.8188798  -0.7438616  -0.6221266  -0.23606202]
O=C1c2cccc(S(=O)(=O)O)c2C(=O)c2c1cccc2S(=O)(=O)O,[ 0.4599353   0.38585785 -0.73408455 -0.8255681  -0.01786259]
CCC1(CC)C(=O)NCC(C)C1=O,[ 0.04891515 -0.77539366 -0.26087728 -0.34157938  0.31147063]
CCCCN(CCCC)CCCC,[-0.16077746  0.8336973  -0.9625835  -0.64719665 -0.44200823]
Oc1ccc2c(c1)CCC2,[ 0.53916913  0.77011883 -0.72853965 -0.84147614 -0.5469273 ]
COC(=O)c1cc(Oc2ccc(Cl)cc2Cl)ccc1[N+](=O)[O-],[ 0.03060886  0.28399205 -0.6948755  -0.5074055  -0.3681287 ]
ClC(Cl)(Cl)c1ccc(C(Cl)(Cl)Cl)cc1,[ 0.36665127  0.47225747 -0.7818421  -0.8094397   0.57224274]
COc1ccccc1Oc1c([N-]S(=O)(=O)c2ccc(C)cn2)nc(-c2ccncc2)nc1OC,[ 0.12413543  0.4892535  -0.6980982  -1.         -0.1105158 ]
CC=C(C(=O)NC(N)=O)C(C)C,[ 0.44346714  0.8890862  -0.5564966  -0.25060168  0.01959816]
C[C@H](CSN=O)C(=O)N1CCC[C@@H]1C(=O)O,[ 0.04981987  0.8425579  -0.9007367  -0.75962824  0.21193358]
CCCCN(N=O)C(N)=O,[ 0.47355112  0.51562375 -0.6339715  -0.80006486 -0.1381198 ]
CSCCC(OC(C)=O)C(=O)O,[ 0.41279268  0.90704346 -0.78610504 -0.987611    0.7697112 ]
O=[N+]([O-])C(CO)(CO)CO,[ 0.02994985  0.08525746 -0.72111475 -0.7305726  -0.27947274]
CCCCCCC(N)C(=O)N[C@@H](Cc1c(C)cc(O)cc1C)C(=O)N1CCC[C@@H]1C(=O)N[C@@H](Cc1c[nH]c2ccccc12)C(=O)N[C@@H](Cc1ccccc1)C(N)=O,[ 0.25363553  0.8337758  -0.39564645 -0.5860714  -0.4220042 ]
Cc1cc(Sc2cc(C)c(O)c(C(C)(C)C)c2)cc(C(C)(C)C)c1O,[-0.06234877  0.7480252   0.40575922 -0.5893625  -0.4626405 ]
CC1(C)CC(NC2CC(C)(C)NC(C)(C)C2)CC(C)(C)N1,[ 0.65542    0.9553664 -0.5654801 -0.9902279 -0.171209 ]
CC1=C2C[C@H]3[C@@H](CC=C4C[C@@H](O)CC[C@@]43C)[C@@H]2CC[C@]12O[C@@H]1C[C@H](C)CN[C@H]1[C@H]2C,[-0.24988508 -0.04200548 -0.61638606 -0.5989209   0.29942217]
C[C@@H]1NC(=O)[C@H](C)N(C)C(=O)[C@@H](C)N(C)C(=O)[C@H](C)NC(=O)[C@@H](C)NC(=O)[C@@H](C)N(C)C1=O,[ 0.19120792  0.7356712   0.30582023 -0.2856045  -0.47689494]
Clc1ccc(C2(Cn3cncn3)OCCO2)c(Cl)c1,[-0.31776866  0.94144857 -0.19066736 -0.41816372  0.02958507]
CN(C)C(=O)Oc1cccc2sccc12,[-0.22219194  0.71554667 -0.6148246  -0.5107329  -0.18983975]
c1cc2c(c(N3CC[NH2+]CC3)c1)OCCO2,[ 0.33122435  0.58678794 -0.08717684 -0.45602468  0.1243379 ]
Cc1ccc2c(c1)c(-c1ccnc3cc(Cl)ccc13)c(C)n2CC(=O)O,[-0.01959659  0.32868403  0.1883801  -0.64353925  0.0281806 ]
C=C(C)c1ccc(C(C)(C)N=C=O)cc1,[-0.19243753 -0.15504655 -0.74634653 -0.36500254  0.90529424]
CCC(CC)C(=O)OCCOCCOCCOC(=O)C(CC)CC,[ 0.15227215  0.76743615 -0.4628643   0.18905234  0.03224715]
CCC(=O)O,[-0.0751573  0.7529254  0.8231089 -0.3144968 -0.3086267]
CC(C)Oc1cc(-n2cnc3ccc(N[C@@H](CO)c4ccc(F)cn4)nc32)n[nH]1,[-0.19795765 -0.41866016 -0.5265942  -0.7455763  -0.0860883 ]
Cc1cc(Nc2nc(N[C@@H](C)c3ccc(F)cc3)ncc2Cl)n[nH]1,[ 0.28210422  0.7779321  -0.67921185 -0.9874199  -0.4488015 ]
CC=CC=CC=O,[ 0.34846735  0.6391079  -0.34535408 -0.19468622 -0.3469152 ]
ClCc1cccc2ccccc12,[ 0.23166591  0.9722947  -0.8252021  -0.69737077 -0.38262206]
CCOP(=S)(OCC)OC(=CCl)c1ccc(Cl)cc1Cl,[-0.15512095 -0.23276936 -1.          0.61026067  0.5906305 ]
CC(C)(C)NCCC(O)c1cc(C(F)(F)F)nc2c(C(F)(F)F)cccc12,[ 0.38540965  0.74128306 -0.66136277 -1.          0.7453954 ]
CCC(=O)N(c1ccccc1)C1CCN(CCc2ccccc2)CC1,[-0.36757794  0.3665267  -0.5878305   0.02411043  0.06791993]
CCN1CCCC1CNC(=O)c1cc(S(N)(=O)=O)ccc1OC,[ 0.22983825  1.         -0.859144   -0.7407624  -0.20159829]
O=C([O-])c1cc(N=Nc2ccc(S(=O)(=O)Nc3ccccn3)cc2)ccc1O,[-0.44900647  0.925581   -0.39147213 -0.9339769  -0.14916882]
CC(C)[N+](=O)[O-],[ 0.17672957  0.9430834  -0.82507926 -0.6303903  -0.30451632]
CC(C)=CCOC(=O)c1ccccc1,[ 0.08265262  0.8920252  -0.5666997  -0.6873768  -0.32650316]
CCCN(CCC)CCCCCCCCNC(=O)Oc1ccc2c(c1)C1(C)CCN(C)C1N2C,[-0.6635017   0.7621171  -0.13212393 -0.29649314 -0.39204347]
CC(C)(C)c1cc(CCC(=O)OCCSCCOC(=O)CCc2cc(C(C)(C)C)c(O)c(C(C)(C)C)c2)cc(C(C)(C)C)c1O,[ 0.4953572   0.85620207 -0.74649215 -0.5208698  -0.3321194 ]
OCCNCCOc1ccc(C(=C(c2ccccc2)C(F)(F)F)c2ccccc2)cc1,[ 0.03785796  0.78683096 -0.69407994 -0.39878786 -0.13392945]
CCOP(=S)(OCC)OC(C)CC,[-0.12466148 -0.07138677  0.44233075 -0.39265484 -0.1412586 ]
CCc1nc(N)nc(N)c1-c1ccccc1,[ 0.28576687  0.3103431  -0.80453515 -0.9696257  -0.12749125]
CC(=O)N(C)c1ccc(Nc2ncc3cc(-c4ccncc4)ccc3n2)cc1,[-0.15927832  0.87644404 -0.86602366 -0.6744853   0.33061537]
COC(C)C=O,[-0.7807248  0.8867074 -0.5432503 -0.7745948  0.250428 ]
CCCC(=O)c1ccc(N)cc1,[ 0.4268774   0.7754615  -1.         -0.79386073 -0.48103145]
O=C(c1ccccc1)c1cccc2c1CCC2C(=O)O,[-0.04058741  0.8668943  -1.         -0.6305121   0.01599537]
CCCOP(=O)(SCCC)SCCC,[-0.24917997 -0.1251275   0.12883745 -0.8712564  -0.11748652]
CCN(CC)c1c([N+](=O)[O-])cc(C(F)(F)F)c(N)c1[N+](=O)[O-],[ 0.2946825  0.7472792 -0.6639932 -0.6030578 -0.2567751]
C(Oc1nc(OCC2CO2)nc(OCC2CO2)n1)C1CO1,[ 0.13259181  0.8070118  -0.3854566  -0.9084634  -0.58733374]
Cc1ccc2c(c1)c(S(=O)(=O)c1ccc(Cl)cc1)c(C)n2CC(=O)O,[ 0.5677595   0.67593145 -0.93681777 -0.45648944 -0.3536218 ]
C=C(C)C(=O)OCCOC(=O)C(=C)C,[ 0.08386501  0.4017055  -0.59022826 -0.43484646  0.46282348]
Cc1cccc([N+](=O)[O-])c1[N+](=O)[O-],[-0.15947968  0.80384475 -0.78767294 -0.61756706 -0.48915243]
CN1CCN(CCCN2c3ccccc3Sc3ccc(Cl)cc32)CC1,[-0.19826257  0.4806087  -0.7911388  -0.02836088 -0.6130519 ]
NCCCC[C@H](N[C@@H](CCc1ccccc1)C(=O)O)C(=O)N1CCC[C@@H]1C(=O)O,[-0.39894336 -0.25766158 -0.67723364 -0.6975799  -0.32146075]
CC(NC(C)c1ccccc1)c1ccccc1,[ 0.10243665  0.685254   -0.5586923  -0.94662917  0.12998112]
CNc1c(C(N)=O)cnc2[nH]c(-c3ccc(OCCN4CCOCC4)cc3)nc12,[ 0.03786616  0.7974022  -1.         -1.          0.57309693]
N=C(NN=Cc1ccc(Cl)cc1)NN=Cc1ccc(Cl)cc1,[ 0.13622259  0.85249966 -0.54616535  0.41300118  0.15847932]
C=COC(=O)CCCCC(=O)OC,[-0.07429598 -0.4418299  -0.9206922  -0.36294517  0.97794783]
C1COCCOCCNCCOCCOCCN1,[ 0.35395375  0.7081159  -0.8886006  -0.705161   -0.60924333]
CCCCCCCCCCCCCCCN,[-0.4027861   0.90217113 -0.6084941   0.18147223  0.5055206 ]
N#CC1CC2CC2N1C(=O)C(N)C12CC3CC(CC(O)(C3)C1)C2,[ 0.15583245  0.3124911  -0.89629555 -0.74978596  0.80811495]
Cc1ccc2c(c1)c(-c1ccnc3c(C)cccc13)c(C)n2CC(=O)O,[ 0.03384721  0.94420606 -0.59345007 -0.84563214 -0.40407482]
O=C(Nc1ccccc1-c1ccccc1)OC1CCN(CCCCCCCCCNC[C@H](O)c2ccc(O)c3[nH]c(=O)ccc23)CC1,[-0.04812013  0.8249136  -1.         -0.46414417 -0.33321327]
Cc1ccc(S(=O)(=O)N(C)C(=O)N2CCC(N3CCC(Oc4ccc(Cl)c(Cl)c4)CC3)CC2)cc1,[-0.5088638   0.51097196 -0.8190376  -0.7914051  -0.03372669]
OCCOCCCl,[ 0.30809534  0.92450464 -0.8467924  -0.8829573  -0.3574166 ]
COP(=S)(OC)Oc1cc(Cl)c(Cl)cc1Cl,[ 0.12181225  0.71774566 -0.65434474 -0.79461694  0.04403473]
N#CCCOCCC#N,[-0.25052777  0.98617315 -0.8562779  -0.95787627 -0.14076488]
CCN(N=O)C(C)OC,[ 0.43920287  0.81060344 -0.749159   -0.7808705   0.08368003]
C[NH+]1CCc2cccc3c2C1Cc1ccc(O)c(O)c1-3,[ 0.17234434  0.29345393 -0.23505582 -0.74405915  0.05175076]
O=c1n(CC2CO2)c(=O)n(CC2CO2)n1CC1CO1,[-0.15228397  0.24266502 -0.962133   -0.9425702  -0.36551002]
CC(C)(O)c1ccccc1,[ 0.29545876  0.90322685 -0.78595257  0.36925703 -0.18438421]
CN1C(=O)CN=C(c2ccccc2F)c2cc(Cl)ccc21,[ 0.02084321  0.6856781  -0.770544    0.3985329   0.02621246]
CCOP(=S)(OCC)Oc1cccc(F)n1,[ 0.37109601  0.8151841  -0.8960422  -0.81621647  0.6022994 ]
CC(=O)OCc1ccc(C(C)C)cc1,[-0.16829997  1.         -0.7989746  -1.         -0.1952187 ]
CC1CCN(C(=O)CC(Cc2cccc(C(=N)N)c2)NS(=O)(=O)c2ccc3ccccc3c2)CC1,[ 0.25532526  0.7338948  -0.99795604 -0.5412354  -0.14265776]
COc1ccc(-c2nc3c(NCCCNC(C)=O)c(Br)cnc3[nH]2)cc1,[-0.06880329  0.7866198  -0.7492352  -0.3175194  -0.2216956 ]
CCCC(=O)OC1(C(=O)COC(=O)CC)CCC2C3CCC4=CC(=O)CCC4(C)C3C(O)CC21C,[ 0.29625097  0.6703873  -0.8603493  -0.636594    0.03594489]
Nc1ccn([C@@H]2O[C@H](CO)[C@@H](O)C2(F)F)c(=O)n1,[ 0.0431174   0.84176695 -0.73373294 -0.68487895 -0.28663135]
Cc1nn(C)c(Oc2ccccc2)c1C=NOCc1ccc(C(=O)OC(C)(C)C)cc1,[ 0.34527314 -0.04982204 -0.8944387  -0.9664751   0.5599093 ]
CCOP(=S)(NC(C)C)Oc1ccccc1C(=O)OC(C)C,[-0.2611802   0.8284388  -1.         -0.65701425  0.7335747 ]
O=C(CCCCCCC(=O)Nc1ccccc1)NO,[ 0.24420042  0.14619738 -0.95504    -0.93496144 -0.15219064]
COP(=S)(OC)SCSCC=C(Cl)Cl,[ 0.3380335  -0.01055914 -0.17736995 -0.6734383   0.29235876]
COCCOCc1ccccc1,[ 0.4988917   0.84837985 -0.9433125  -0.5256752   0.14228046]
CCCCCCOCCOCCO,[-0.00868039 -0.22513655 -0.55277336 -0.7519359   0.482095  ]
O=C(O)c1ccccc1C(=O)Nc1cccc2ccccc12,[-0.10279054  0.756112   -0.7101608  -1.         -0.06650032]
O=C1C2CC3C1C1(Cl)C(Cl)C4(Cl)C2C3C1(Cl)C4(Cl)Cl,[ 0.5594218   0.860816   -0.9692504  -0.41429582  0.0895317 ]
O=C(Cc1cccs1)N[C@@H]1C(=O)N2C(C(=O)[O-])=C(C[n+]3ccccc3)CS[C@H]12,[ 0.60074645  0.733529   -0.8708226  -0.50081253  0.02984949]
CCCCOC(=O)c1ccc(-n2nc(OCCN3CCCCC3)c3ccccc32)cc1,[-0.31934378  0.91621083 -0.95219314 -0.6330099  -0.05285018]
CCOc1ccc([C@@H](C)Nc2nc(N3CCN(C(C)=O)CC3)nc3c2CN(C(C)C)C3=O)cc1,[ 0.47870153  0.7597998  -0.64988    -0.03634641 -0.05289643]
N#CSCCSC#N,[-0.21781442  0.8184344  -0.8433942  -1.         -0.30031317]
C/C([O-])=C(\C#N)C(=O)Nc1ccc(C(F)(F)F)cc1,[ 0.19041826  0.48102567 -0.56645054 -0.880957   -0.12575401]
COc1cnc(-c2ccccc2C(F)(F)CNC(=O)c2ccc(COCC(F)(F)F)nc2)cn1,[-0.20566803 -0.13804647 -0.73939764 -0.8014225   0.01614926]
c1ccc(C2CO2)cc1,[-0.5685524   0.7844127   0.00871698 -0.46942085  0.28139293]
N#Cc1c(-c2ccc(-c3ccncc3Cl)cc2)nc2ccncc2c1O,[ 0.4110531   0.7812386  -0.31631398 -1.          0.12067477]
CN(C)C(=O)Nc1cc(C(C)(C)C)on1,[-0.59334695 -0.39617702 -1.         -0.5792238   0.01274621]
NC(=O)Nc1cccc2c3c([nH]c12)CCCC3,[ 0.39674324  0.9624965  -0.8385842  -0.8523212  -0.16972318]
N[C@H]1CCN(c2c(Cl)cccc2/C=C2\SC(=O)NC2=O)C1,[ 0.02691685  0.73603714 -0.91399264 -1.         -0.21995229]
FC(F)=C(F)CCSc1ncccn1,[-0.1485219   0.6328187  -0.7057557  -0.71127766  0.41160804]
COP(=O)(OC)Oc1ccc([N+](=O)[O-])c(Cl)c1,[-0.14295244  0.69871163 -0.81902456 -0.7576947  -0.02232428]
Cc1ccc(Nc2ccc(Nc3ccc(C)cc3)c3c2C(=O)c2ccccc2C3=O)cc1,[ 0.23386826  0.40708104 -0.982409   -1.          0.4679522 ]
ClCC(Cl)=C(Cl)Cl,[ 0.56188834  0.49868742 -0.74857044 -0.68298125 -0.24013662]
ClCC(Cl)Cl,[ 0.34458736  0.5602219  -0.9851905  -0.75227875 -0.19648097]
O=C1NC(=O)C(c2ccccc2)(c2ccccc2)C(=O)N1,[ 0.48741886  0.00800269 -0.6171634  -0.9220557  -0.03400771]
COCCOP(=O)(OCCOC)OCCOC,[-0.0385825  -0.5811661  -0.51272494 -0.8031466  -0.1274849 ]
C=CC(=O)OCCOCC,[ 0.38854054  0.78426725 -0.80753654 -0.3603024  -0.3505316 ]
CCN1C(=O)NC(c2ccccc2)C1=O,[ 0.23658377  0.45472977 -0.12524013 -0.63789994 -0.07697489]
Cc1ncsc1C,[ 0.09166815  0.73695916 -1.         -0.9454597   0.24716896]
CNC(=O)c1[nH]cnc1C(=O)Nc1ccc(OC)cc1,[-0.23420142  0.86287946 -0.81904995 -0.5705946   0.59475493]
CN(C)N=Nc1nc[nH]c1C(N)=O,[ 0.17965142 -0.08817568 -0.7884365  -0.13753757  0.75077957]
CCN(CC)N=Nc1ccccc1,[ 0.51364976  0.7848755  -0.8286544  -0.41933513 -0.49930322]
CC(C)(C)[NH2+]CC(O)c1cc(O)cc(O)c1,[ 0.2769726 -0.2935979 -0.6223669 -0.8006414  0.1309035]
O=C1COc2ccc(CNC3CCN(CCN4C(=O)COc5ccc(Cl)cc54)CC3)nc2N1,[ 0.2583247   0.7399672  -0.91709703 -0.6873812   0.11322021]
O=C(c1csc2c1CCCC2)N1CCCCC1,[ 0.37402672  0.88480747 -0.6406346  -0.6872995  -0.13631076]
