O=C(O)c1ccccc1C(=O)Nc1cccc2ccccc12,[ 0.20315778  0.67420727 -0.6433617  -1.         -0.13412932]
Clc1ccc(OCOc2ccc(Cl)cc2)cc1,[ 0.48440117  0.69824713 -0.47487134 -0.49551335  0.33995175]
CC(=Cc1ccccc1)CC(=O)N1CCOCC1,[ 0.08498941  0.8835138  -1.         -0.58619475  0.56025034]
O=C([O-])CCCc1ccc(N(CCCl)CCCl)cc1,[ 0.28511238  0.8623354  -0.8360654  -0.41359404 -0.02923242]
CCN(CC)c1ccc(-c2nc(=O)n(C)nc2-c2ccc(N(CC)CC)cc2)cc1,[-0.11309255 -0.13480128 -0.6906764   0.04477339  0.24358131]
CCCCC(CC)CNCC(C)(N)CN(C)CC(CC)CCCC,[ 0.23078114  0.6323861  -1.          0.13166708  0.3315689 ]
O=C(/C=C/c1ccc(O)c2c1C(C(=O)O)C(c1ccc(O)c(O)c1)O2)OC(Cc1ccc(O)c(O)c1)C(=O)O,[ 0.49103236  0.67941356 -0.66649896  0.78179926 -0.07686575]
O=[N+]([O-])C(CO)(CO)CO,[ 0.07890954  0.15195166 -0.7696348  -0.6217306  -0.04620293]
O=C(Oc1ccccc1)n1c(C(F)(F)F)nc2cc(Cl)c(Cl)cc21,[ 0.19170304  0.49353892 -0.702027    0.2659785  -0.293716  ]
CN(C)C(=O)Oc1cccc2sccc12,[ 0.39905626  0.03482874 -0.05907117 -0.8464505  -0.30713674]
CCOc1cc(OCC)c(C(=O)CCC(=O)O)cc1OCC,[ 0.3070103   0.9407252  -0.69817644 -0.92123294 -0.42930925]
CCC(C)OC=O,[-0.12869504  1.         -0.90400887 -0.53139395 -0.630286  ]
C[C@H](Cn1cnc2c(N)ncnc21)OCP(=O)(O)O,[ 0.4359604  -0.00553166 -0.021868   -0.62100315 -0.14706936]
CCOC(=O)C1OC1c1ccccc1,[ 0.6343621   0.83095396 -0.9213836  -0.7230412  -0.384056  ]
O=C(c1ccc(Cl)cc1)c1ccccc1-c1ncc[nH]1,[-0.09998761  0.9303055  -0.8741318  -0.71948856  0.38004127]
Cc1cc(C(=O)c2ccccc2)ccc1N,[-0.40603277  0.7504933  -0.5654752  -0.4627084  -0.64532423]
CCCCN(N=O)C(N)=O,[ 0.06056445  0.6848337  -0.6647226  -0.8859746  -0.19475934]
CCOC(=O)c1c(C)cc2c(CO)n[nH]c(=O)c2c1C,[ 0.4088951   0.63617164 -0.8716477  -0.65007     0.17223756]
O=[N+]([O-])c1ccc(Cl)c([N+](=O)[O-])c1,[ 0.5967677   1.         -0.70250404  0.5769759   0.08063384]
ClCc1ccccc1,[ 0.29021844  0.9295702  -0.3446185  -0.72881466  0.11225152]
C=COC(=O)CCCCC(=O)OC,[ 0.35223067  0.27131227 -1.         -0.47073     0.8366902 ]
O=c1n(CC2CO2)c(=O)n(CC2CO2)n1CC1CO1,[-0.0587935   0.27771097 -0.98543894 -1.         -0.10422992]
COP(=S)(OC)SCc1nnc(SC)s1,[ 0.12643906  0.7449272  -0.4283443  -0.6403319   0.4519328 ]
O=C(NCC12CC3CC(CC(C3)C1)C2)c1cc(-n2ncc(=O)[nH]c2=O)ccc1Cl,[ 0.20284775  0.79011047 -0.87190115 -0.6370515  -0.4617613 ]
COP(=S)(OC)Oc1cc(Cl)c(Cl)cc1Cl,[ 0.0183006   0.783108   -0.65485615 -0.6032849   0.31232408]
OCc1ccccc1,[ 0.4580999   0.84972715 -0.74941516 -0.38941655  0.25523952]
Cc1ccc(N2CC(COc3ccc(-c4noc(C)n4)cc3)C2)nn1,[-0.1920308   0.6257606  -0.59166217 -0.7534971  -0.01453261]
C[N+](C)(C)[NH2+]CCC(=O)[O-],[ 0.2798655   0.71683985 -0.9177272  -0.7393067   0.20163059]
NS(=O)(=O)c1cc2c(cc1Cl)NCNS2(=O)=O,[ 0.3339515   0.17964901 -0.45205766 -1.          0.57977474]
CCCCC(CC)C(=O)OC1=C(c2c(C)cc(C)cc2C)C(=O)c2ccccc21,[ 0.47869557  1.         -1.         -0.69547606 -0.4462788 ]
Cc1cc(Cl)ccc1OCCCC(=O)O,[ 0.35529074  0.9162554  -0.9138033  -0.6068336   0.0591769 ]
CCOc1ccc([C@@H](C)Nc2nc(N3CCN(C(C)=O)CC3)nc3c2CN(C(C)C)C3=O)cc1,[ 0.41499418  0.8298185  -0.31925365 -0.7020072   0.02363011]
CN,[ 0.62058544  1.         -0.84645796  0.23609434 -0.4328314 ]
CC[C@H](CO)NC(=O)[C@H]1C=C2c3cccc4[nH]cc(c34)C[C@@H]2N(C)C1,[ 0.19597422  0.6042369  -0.6306195  -0.9777451  -0.13613431]
C=CCSP(=O)(NC(=O)CC)OC,[ 0.5019236   0.36283323 -0.70482945 -0.09182771 -0.24636798]
CCNC(=O)C(C)OC(=O)Nc1ccccc1,[ 0.19148208  0.7607595  -0.96465373 -0.7466255   0.08842419]
Oc1c(Cl)c(Cl)cc2[nH]c(C(F)(F)F)nc12,[ 0.36205703  0.88464457 -0.84288657 -0.73724586  0.1223022 ]
O=c1c(Cl)c(Cl)cnn1-c1ccccc1,[ 0.2300922   0.9285549  -0.7323304  -0.21502338 -0.12539276]
CNC(=O)c1[nH]cnc1C(=O)Nc1ccc(Cl)cc1,[ 0.40009186  0.6328687  -0.66301095 -0.615719   -0.14941141]
Cc1ccc2c(c1)c(-c1ccnc3c(C)cccc13)c(C)n2CC(=O)O,[-0.07523701  0.7941988  -1.         -0.8534776  -0.45949867]
Cc1ccc(C(=O)c2ccc(CC(=O)NCC(=O)Nc3cccc(C)c3C)n2C)cc1,[ 0.11343177  0.8851675  -0.4171665  -0.17830478  0.09822392]
Cc1cc(Nc2nc(N[C@@H](C)c3ncc(F)cn3)nc(N3CCOCC3)c2F)n[nH]1,[-0.00289523  0.9297314  -0.5973738  -0.79810405 -0.21646132]
COc1cc2nc(N3CCN(C(=O)C4COc5ccccc5O4)CC3)nc(N)c2cc1OC,[ 0.5043059  -0.16826403 -0.4972334  -0.7314029  -0.50382924]
COC(=O)C(C)N(C(=O)Cc1ccccc1)c1c(C)cccc1C,[-0.15629365  0.03885887 -0.7388571  -0.71979946  0.04896693]
C[C@H](CO)Nc1nc(SCc2ccccc2F)nc2[nH]c(=O)sc12,[-0.15023975  0.9072603  -0.8466207  -0.7362463   0.2572588 ]
COP(=S)(OC)SCc1nnc(C(C)C)o1,[-0.2486951  0.7136819 -0.7818456 -0.5995717 -0.6107001]
COc1cc(Nc2nc(N[C@@H](C)c3ncc(F)cn3)ncc2Br)n[nH]1,[ 0.5159373   0.8214228  -0.2847286   0.0947548   0.12039421]
C1C[SiH2]C1,[ 0.17228575  0.6078933  -0.935831   -0.94549775 -0.01504287]
O=c1[nH]c(=O)c2ccccc2o1,[-0.61111504  0.91810006 -0.91833776 -0.7843414  -0.1261621 ]
CC(=O)OC12COC1CC(O)C1(C)C(=O)C(O)C3=C(C)C(OC(=O)C(O)C(NC(=O)OC(C)(C)C)c4ccccc4)CC(O)(C(OC(=O)c4ccccc4)C21)C3(C)C,[ 0.4977065   0.49498898 -0.9346729  -0.7892474  -0.34159246]
O=C(Cc1ccc(OCc2ccccc2)cc1)NO,[ 0.01289353  0.64708537 -1.         -0.74563617 -0.03800025]
Nc1c(CC(=O)[O-])cccc1C(=O)c1ccc(Br)cc1,[ 0.18575479  0.89729685 -0.77383095 -0.4289984  -0.22195841]
O=C(O)Cc1ccccc1N1CCC(CN2CCC(Oc3ccc(Cl)c(Cl)c3)CC2)CC1,[-0.30902305  0.91949195 -0.8885804  -0.8747204  -0.33228177]
C#CCc1ccc(COC(=O)C2C(C=C(C)C)C2(C)C)o1,[ 0.1550853   0.03862772 -0.8746775  -0.6663762   0.21687028]
C=CS(C)(=O)=O,[ 0.02543185  0.81681156 -0.89146215 -0.7594264   0.6103742 ]
CCCP(=O)(CCC)CCC,[ 0.01276444  0.93726856 -0.93060654 -0.8264603  -0.06393807]
Clc1ccc(C2(Cn3cncn3)OCCO2)c(Cl)c1,[-0.08131457  0.0773175  -0.67716223 -0.27270222  0.00788863]
C=CC(=O)OCCOC(=O)c1ccc(C(=O)O)cc1C(=O)O,[-0.39207366  0.08791607 -0.559447   -0.6972267  -0.23494591]
CO/N=C(\C(=O)N[C@@H]1C(=O)N2C(C(=O)O)=CCS[C@H]12)c1csc(N)n1,[ 0.25750077 -0.32342422 -1.          0.03293488 -0.09402625]
C=CC[NH+]1CCCC1CNC(=O)c1cc2n[nH]nc2cc1OC,[ 0.34300473  0.803788    0.09261649 -0.23307003  0.22559224]
CC(C)CN,[-0.42737257  1.         -1.         -0.58952665 -0.03661949]
CN(C)C(Cc1ccccc1)c1ccccc1,[ 0.44320938  0.8255875  -0.90945655 -1.         -0.5748954 ]
CC(=O)CCCCCCCC(=O)O,[ 0.29850522  0.82748234 -0.7757711  -0.7681035  -0.307053  ]
N#CCCOCCC#N,[-0.1368866   0.95249754 -1.         -0.9264507  -0.05633804]
O=[N+]([O-])c1cccc(O)c1,[ 0.01336555  0.74565774 -0.7119351  -0.7514806   0.04937764]
CC1(C)CC2(NC(=O)N(CCCN3CCC(O)CC3)C2=O)c2cc(F)ccc2O1,[-0.5020218  0.6424581 -1.        -1.         0.6972509]
CN1CCN(C2=c3ccccc3=Nc3ccc(Cl)cc3N2)CC1,[ 0.17828977  0.75125724 -0.74651074 -0.14956772 -0.18759553]
C1=CCC(C2OCC3(CC=CCC3)CO2)CC1,[-0.61144155  0.42516017 -0.8043167  -0.05441051 -0.1533564 ]
NC(=S)Cc1cccc2ccccc12,[ 0.16774565  0.4296929  -0.689944   -0.9458358  -0.47476548]
CNC(=O)Oc1ccc(Cl)c2c1OC(C)(C)C2,[-0.2416652   0.6014122   0.36973554 -0.6478242  -0.44297114]
Cc1nc(C(F)(F)F)ccc1C(=O)Nc1ccc(Cl)c(-c2ccccn2)c1,[-0.20115161 -0.5982279  -0.41406706 -0.56794536 -0.3585171 ]
C=CCn1c(N)cc(=O)n(CC)c1=O,"[-1.6986212e-01 -3.9384468e-04 -4.2813140e-01 -6.0576957e-01
 -6.5335579e-02]"
CC(=O)NCCCS(=O)(=O)[O-],[ 0.4211126   0.3227042  -0.5551308  -0.53784186 -0.1926537 ]
C[NH+](CCOc1ccc(NS(C)(=O)=O)cc1)CCc1ccc(NS(C)(=O)=O)cc1,[-0.11264048  0.87458885  0.31088448 -0.4763499  -0.30511078]
CN(C)CC=C(c1ccc(Br)cc1)c1cccnc1,[-0.05354429  0.690706   -0.99466246 -0.8370453  -0.5312166 ]
CCCCCC(=O)O,[-0.02009382  0.8411723  -1.         -0.9306417   0.18649566]
COc1cccc2c1cc([N+](=O)[O-])c1c(C(=O)O)cc3c(c12)OCO3,[-0.13532847  0.071926   -0.7302049  -0.637187   -0.3578722 ]
Cc1cc(=O)cc(-c2ccccc2)o1,[ 0.46068954  0.6675369  -0.71218437 -0.6357235  -0.08918012]
Cc1ccc(Nc2ccc(Nc3ccc(C)cc3)c3c2C(=O)c2ccccc2C3=O)cc1,[ 0.24529818 -0.40878978 -0.85263985 -0.831765   -0.01752858]
CCC(C)(C)C1CCC(=O)CC1,[ 0.38912845  0.57232404 -0.22863291 -0.6404086  -0.16456082]
C#CC(C)(C)O,[ 0.3655389   0.60628784 -0.84068954  0.24428225 -0.09724966]
CCCCCCCc1ccccc1O,[ 0.5020168   0.5102031  -0.6038777  -0.95686054 -0.5061558 ]
O=[N+]([O-])c1cc(Cl)ccc1Cl,[ 0.25591063  0.6935449   0.2698427  -0.18126956 -0.41059908]
C=C1CC23CC1(O)CCC2C12C=CC(O)C(C)(C(=O)O1)C2C3C(=O)O,[ 0.36617607  0.77910703 -0.7382317  -0.77130926 -0.13179271]
C=CCOC(=O)CCCCC,[ 0.40625665  0.7072202   0.05551198 -0.3347823  -0.0141891 ]
Cc1onc2c(=O)[nH]nc(-c3ccccc3)c12,[-0.01236193  0.6292263  -0.9102807  -0.69549686 -0.37617642]
CCC1OC(=O)C(C)C(=O)C(C)C(OC2OC(C)CC([NH+](C)C)C2O)C(C)(OC)CC(C)C(=O)C(C)C2N(CCCCn3cnc(-c4cccnc4)c3)C(=O)OC12C,[-0.4951548   0.6980288  -0.6176765  -0.7082062   0.08802573]
CCC(C)c1ccc(Oc2ccc(C)cc2CC(=O)O)c(Cl)c1,[ 0.14458972  1.         -0.82594603 -0.7822799  -0.57115823]
O=Cc1ccc(O)cc1,[ 0.60519075  0.39238584 -1.         -0.65892494 -0.36047837]
C=CC(=O)OCCOCCC#N,[ 0.40632278  0.83124    -0.6316782  -0.79169595  0.17411087]
O=[N+]([O-])c1nccs1,[ 0.31182054  0.6769536  -0.81643736 -0.9040844  -0.5441224 ]
Fc1ccc(Br)cc1,[-0.10096242  0.7673598  -0.6527903  -0.9332085  -0.13966073]
COc1cc(-c2cc(=O)c3c(O)cc(O)cc3o2)cc(O)c1OC,[ 0.28318664 -0.14307207 -0.85123885 -0.72398394 -0.11267544]
C1=CC2C=CC1C2,[ 0.17923318  0.9466396  -0.8338387  -0.92796814  0.23683311]
CCCCCCCCc1ccccc1O,[ 0.2572671   0.86115474 -0.84273195 -0.35995337 -0.01896155]
CCOP(=S)(NC(C)C)Oc1ccccc1C(=O)OC(C)C,[-0.61989444  0.8055228  -1.         -0.7927075   0.2214653 ]
N#Cc1ccc2[nH]c(C(F)(F)F)nc2c1,[ 0.15339625  0.6773542  -0.8171195  -0.7917949  -0.42488903]
Cc1nn(C)c(Oc2ccccc2)c1C=NOCc1ccc(C(=O)OC(C)(C)C)cc1,[ 0.12718862 -0.5645348  -0.6033646  -0.2449003   0.6593369 ]
CCCCCCCCOC(C)=O,[ 0.07528161  0.40274167 -0.82546866 -0.82293195 -0.48434755]
Cc1ccc2c(c1)c(S(=O)(=O)c1ccc(Cl)cc1)c(C)n2CC(=O)O,[ 0.416511   -0.1681087  -0.73241997 -0.3680828   0.3140644 ]
CCCCOCCOCCCC,[ 0.07572238  0.40459666 -0.9551097  -0.99907035  0.20869586]
O=CC1=CCCCC1,[ 0.35883507  0.7945428  -0.09993237  0.23488063 -0.2014335 ]
CCCC(=O)c1ccc(N)cc1,[ 0.166384    0.7720669  -0.8191978  -0.6737401  -0.20212027]
C[C@@H]1NC(=O)[C@H](C)N(C)C(=O)[C@@H](C)NC(=O)[C@H](C)N(C)C(=O)[C@@H](C)N(C)C(=O)[C@@H](C)NC1=O,[ 0.09467926  0.652403   -0.8231056  -0.7590719  -0.3053694 ]
COc1c(OCc2ccc(-c3ccccc3-c3nnn[nH]3)cc2)cc(C)nc1C,[ 0.35827118  0.856644   -0.6864516  -0.6562194  -0.42615452]
Cc1c(-c2c(C)c(N)c3c(C(C)C)c(O)c(O)c(C=O)c3c2O)c(O)c2c(C=O)c(O)c(O)c(C(C)C)c2c1N,[-0.11585125 -0.9185977  -0.5277908  -0.37549338 -0.06189683]
O=C1COc2ccc(CNC3CCN(CCN4C(=O)COc5ccc(Cl)cc54)CC3)nc2N1,[ 0.55658203  0.70252144 -0.99236536 -0.20332052 -0.09257095]
COCOCCO,[-0.0751662   0.40917358 -0.6032203   0.23023863  0.10470868]
CC(CO)Oc1ccccc1,[ 0.19806276  0.8971932  -0.9799682  -0.5413587  -0.40884358]
COc1ccc2ncc(=O)n(CCN3CC[C@@H](NCc4cc5c(cn4)OCCO5)[C@H](O)C3)c2c1,[ 0.54899776  0.91973853 -0.7400596  -0.68286276  0.1328386 ]
Cn1cnc(S(=O)(=O)N(CCN(Cc2cncn2C)c2ccc(C#N)cc2)Cc2ccccc2)c1,[-0.35779777  0.7124087  -0.87461257 -0.78854895 -0.09523448]
N#CC1CC2CC2N1C(=O)C(N)C12CC3CC(CC(O)(C3)C1)C2,[ 0.4563637   0.84369105 -0.5976162  -0.49517387 -0.46184835]
CC(N)C(O)c1cccc(O)c1,[ 0.12777635  0.88746023 -0.8964793  -0.2430138   0.5298921 ]
NCCCC[C@H](N[C@@H](CCc1ccccc1)C(=O)O)C(=O)N1CCC[C@@H]1C(=O)O,[-0.17129229 -0.00434176 -0.7220242  -1.         -0.6548173 ]
C=CC(=O)OCCOCC,[ 0.42977378  0.61180633 -0.6705827  -0.51156676 -0.00504366]
Nc1nc2[nH]cnc2c(=S)[nH]1,[-0.22299299  0.9338252  -1.         -0.6580522  -0.1628982 ]
CCC(CC)C(=O)OCCOCCOCCOC(=O)C(CC)CC,[ 0.08131533  0.3636381  -0.47057617  0.46221137  0.31737   ]
C=CCN1CCCC1CNC(=O)c1cc2nn[nH]c2cc1OC,[ 0.44292715 -0.10571424 -0.6912029  -0.35047185  0.6406507 ]
CBr,[-0.3964771   0.69650286 -0.46032578 -0.7409946   0.27753168]
CC1(C)SC2C(NC(=O)C(C(=O)[O-])c3ccsc3)C(=O)N2C1C(=O)[O-],[ 0.21493912  0.6476474  -0.97921973 -0.49248162 -0.01184455]
Nc1cc(Cl)ccc1O,[ 0.45768932  0.43079582  0.33413953 -0.04497883 -0.43402606]
CCCCC(CC)OCCOCCO,[ 0.336671    0.8747264  -0.91941833 -0.6777556  -0.03653252]
Cc1ncsc1C,[-0.14803472  0.69438344 -0.958581   -1.          0.17394444]
CCC(C)OC(CBr)c1ccc(Cl)cc1,[-0.9174498   0.6692742  -0.89823645 -0.6495659  -0.31683984]
Cc1ccc(NC(=O)c2ccc(Cl)c(C(F)(F)F)c2)cc1C(=O)Nc1cccnc1,[ 0.41706198  0.435295   -0.6871637  -0.5856705   0.746797  ]
Cc1cccc(Nc2ccncc2S(=O)(=O)[N-]C(=O)NC(C)C)c1,[-0.25882053  0.7419827  -0.63537073 -0.9311448  -0.29819462]
CCCCC(CC)CNC1CCCCC1,[-0.1540386  -0.78582305 -0.69650304  0.09123715 -0.36550388]
CCC[C@H](NC(=O)[C@@H]1[C@H]2CCC[C@H]2CN1C(=O)[C@@H](NC(=O)[C@@H](NC(=O)c1cnccn1)C1CCCCC1)C(C)(C)C)C(=O)C(=O)NC1CC1,[ 0.42356595  0.5421368  -0.74502313 -0.8453777  -0.29868266]
CC[C@@]1(O)C(=O)OCc2c1cc1n(c2=O)Cc2cc3c(CN(C)C)c(O)ccc3nc2-1,[-0.42478365  0.73425126 -1.         -0.5338138   0.0885103 ]
CCOc1ccccc1-c1ccc(-c2nc3ccncc3c(O)c2C#N)cc1,[ 0.32335883  0.7341192  -1.         -0.56461567 -0.02776656]
CN(C)S(=O)(=O)CCCCCNC(=O)N(CCCl)N=O,[-0.13930559 -0.1569375  -1.         -0.72943294 -0.12342448]
COc1cc2c(cc1OC)C(CCc1ccc(Cl)cc1)N(C)CC2,[ 0.3931341   0.8028297   0.5449048  -0.49348083 -0.35264042]
COCCOP(=O)(OCCOC)OCCOC,[-0.42234764  1.         -0.7997598  -0.7083916   0.5919932 ]
CCON=C(CC)C1=C(O)CC(c2c(C)cc(C)cc2C)CC1=O,[-0.23961087  0.48283347 -0.13038841 -0.28628087  0.30643135]
CC(O)COC(C)CP(CC(C)OCC(C)O)CC(C)OCC(C)O,[-0.33038422  0.7581677  -0.733789   -1.         -0.19669339]
O=C(O)COc1ccc(Cl)cc1CN1CCN(S(=O)(=O)Cc2ccccc2)CC1,[ 0.15610929  0.6953615  -0.64163107 -0.24556269 -0.5156659 ]
CN(C)C(=O)N(C)N=O,[ 0.37000653  0.7710421  -0.7180316  -0.8461197  -0.25089526]
Nc1ccc([N+](=O)[O-])cc1N,[ 0.21381934  0.44575223 -0.81525844 -0.5350874  -0.02984401]
COP(=S)(OC)Oc1nc(Cl)c(Cl)cc1Cl,[ 0.2689685  -0.326987   -0.66703534 -1.         -0.09570746]
COc1c(Cl)ccc(Cl)c1C(=O)OCCN(CCOC(=O)c1c(Cl)ccc(Cl)c1OC)c1ccccc1,[ 0.399787    0.7676424  -0.28566676 -0.80274737  0.01434861]
CCC(C)(CC)c1cc(N)on1,[ 0.05483873  0.8267608  -0.5246468  -0.66578764 -0.280078  ]
O=[N+]([O-])c1cc(Cl)c2nc(C(F)(F)F)[nH]c2c1,[ 0.00932607  0.594397   -0.77119166 -0.84016335 -0.04915809]
C=CC1=C(C)/C(=C\c2[nH]c(Cc3[nH]c(/C=C4/NC(=O)C(C)=C4C=C)c(C)c3CCC(=O)O)c(CCC(=O)O)c2C)NC1=O,[-0.544735    0.8910587  -0.17857811 -0.67528015 -0.23902978]
CC=CC(C)=O,[ 0.5474508   0.60243434  0.24851456 -0.72114563 -0.47416753]
CNC(=O)Oc1ccccc1C1OCCO1,[-0.14804918  0.32898453 -0.31415462 -0.45080394 -0.39847025]
CC1OC(n2ccc(NC(=O)c3ccc(NC(=O)C(C)(N)CO)cc3)nc2=O)CCC1OC1OC(C)C(N(C)C)C(O)C1O,[ 0.17227824  0.96196336 -0.68266284 -0.8249668   0.20221747]
CC(C(=O)O[C@@H]1CC[N+](C)(C)C1)(c1ccccc1)C1CCCC1,[-0.2720075   0.7659498  -1.         -0.6783782  -0.24829474]
CC[C@H](C)C(=O)O[C@H]1C[C@H](O)C=C2C=C[C@H](C)[C@H](CC[C@@H](O)C[C@@H](O)CC(=O)O)[C@H]21,[-0.04715956  0.8327665  -0.7494401  -0.71929824  0.2073289 ]
COP(=S)(OC)Oc1ccc(C#N)cc1,[ 0.6054266  -0.0275265  -1.         -0.49526063 -0.13841435]
C=CC(=O)N(C)C,[ 0.5717065   0.5275104   0.04153563 -0.7574101  -0.24821986]
CCC(C)(C)c1ccc(Cl)c(OC(=O)NC)c1,[ 0.19219749  0.7318021  -0.78016883  0.63154364  0.0411351 ]
O=C(NC1CC1)c1cc(-c2cccs2)on1,[-0.0230453   0.802237   -0.96571326 -0.77446216  0.05622282]
NC(=S)NNCNNC(N)=S,[-0.41404283  0.1567835  -0.9023343  -0.7696982   0.07198571]
O=C(CN1CCNCC1)NN=Cc1ccc([N+](=O)[O-])o1,[-0.39030683  0.44273132 -0.80895483 -0.8834225   0.15076935]
ClC(Cl)(Cl)c1cccc(C(Cl)(Cl)Cl)c1,[ 0.40207282  0.920507   -0.725589   -1.          0.3992923 ]
O=C1C(Cl)C(CCl)CN1c1cccc(C(F)(F)F)c1,[ 0.26013646  0.86704725 -0.8878094  -0.46707475  0.8286307 ]
CC#CCC(C)C(O)C=CC1C(O)CC2Oc3c(CCCC(=O)O)cccc3C21,[ 0.43027928  0.8752273  -1.         -0.4653705  -0.26834756]
OCCCCC(O)CO,[ 0.25859576  0.75529855 -0.8216371  -0.6096691   0.4559715 ]
C[C@@H](N/C(=N\c1ccncc1)NC#N)C(C)(C)C,[ 0.54212457  1.         -0.9153416  -1.         -0.59589756]
Cc1c(OC2CCN(CC3CCN([C@@H](Cc4ccc(F)cc4)C(=O)O)CC3)CC2)ccc(C#N)c1Cl,[-0.10637002  0.6726654   0.04339249 -0.37619424  0.6410046 ]
CC(=O)SCC(=O)Nc1nc2ccccc2s1,[ 0.17882206  0.98728937 -0.5482334  -0.79387844  0.02970626]
C[C@@H](NC1=CC(=O)CNC1)c1ccc(Nc2ncc3cc(-c4ccncc4)ccc3n2)cc1,[ 0.14767686  0.9528413  -0.6943964  -0.6559422   0.47225755]
COCCN(c1cccnc1)P(=O)(c1ccccc1)c1ccccc1,[ 0.5241598   0.08478369 -1.         -0.90556276  0.08616532]
C#CC(C)(O)C(O)c1ccccc1,[ 0.14119957  0.8183182  -0.85593706 -0.27245635  0.08462472]
CCOP(=S)(OCC)SCSCc1ccccc1,[ 0.12362827  1.         -1.         -0.79639393  0.09294362]
CNc1c(C(N)=O)cnc2[nH]c(-c3ccc(OCCN4CCOCC4)cc3)nc12,[ 0.1525217   0.8792722  -0.7249802  -1.          0.21663114]
Clc1nc(Cl)nc(Cl)n1,[ 0.01563764  0.40964082 -0.9445121  -0.8336375   0.4907244 ]
CC1CCN(C(=O)CC(Cc2cccc(C(=N)N)c2)NS(=O)(=O)c2ccc3ccccc3c2)CC1,[ 0.21058752  0.86219347 -0.8030923  -0.6614737   0.05040184]
Cc1cc(Nc2nc(N[C@@H](C)c3ccc(F)cc3)ncc2Cl)n[nH]1,[ 0.20167471  0.73967856 -0.57549965 -0.8104639  -0.6323155 ]
COc1ccc(-c2nc3c(NCCCNC(C)=O)c(Br)cnc3[nH]2)cc1,[ 0.00316966  0.9202274  -0.79973984 -0.54845    -0.26861948]
CN1CCN(CCCN2c3ccccc3Sc3ccc(Cl)cc32)CC1,[-0.07031077  0.4286847  -0.4320264  -0.79841405 -0.15418778]
CCCCCCCCCCCCNC(N)=S,[-0.18914682  0.9027116  -0.850355    0.06933598 -0.04555986]
CC(=O)N[C@H](C)C(=O)NCCc1ccccc1,[-0.06548695  0.35315955 -0.5536804  -0.6296523  -0.09234779]
O=C(/C=C/c1ccccc1)NCCO,[-0.6298037   0.74859494 -0.56652075 -0.2883384   0.25456235]
O=C(O)CCC(=O)O,[-0.2790213   0.7210449  -0.3106946  -0.20822668  0.41376913]
C[C@@H]1NC(=O)[C@H](C)N(C)C(=O)[C@@H](C)N(C)C(=O)[C@H](C)NC(=O)[C@@H](C)NC(=O)[C@@H](C)N(C)C1=O,[-0.05177611  0.7941421  -0.45535478 -0.55204445 -0.33915156]
CCN(CC)c1c([N+](=O)[O-])cc(C(F)(F)F)c(N)c1[N+](=O)[O-],[ 0.43151388  0.7920099  -1.         -0.5494706  -0.18632248]
CCN(Cc1cc(C(F)(F)F)ccc1-c1cc(CC(=O)O)ccc1OC)C(=O)NCc1ccccc1,[ 0.1922244   0.77988607 -0.82028705 -0.3442389   0.00847517]
Nc1cccc(N)c1,[ 0.17386399  0.90542805 -0.00213246 -0.5423957  -0.26087502]
Nc1nc2c(ncn2COCCO)c(=O)[nH]1,[ 0.2882678  0.3257637 -1.        -0.3619791  0.3955661]
C=CCNC(=S)Nc1ccccc1,[ 0.09719893 -1.         -0.75455385 -1.          0.13091989]
COc1cc(C2c3cc4c(cc3C(OC3OC5COC(C)OC5C(O)C3O)C3COC(=O)C23)OCO4)cc(OC)c1O,[-0.3135452  -0.24281278 -0.44144288 -0.5117239  -0.07297394]
Cc1ncc(CS)c(CO)c1O,[-0.12963311  0.4032964  -0.8231495  -0.69565886 -0.13709949]
O=C1NC(=O)C(c2ccccc2)(c2ccccc2)C(=O)N1,[ 0.55394244  0.34959507 -0.78534853 -1.         -0.06705436]
C[C@@H]1CN(Cc2ccc(F)cc2)CCN1C(=O)COc1ccc(Cl)cc1NC(N)=O,[-0.54156893  0.76714194  0.02295136 -0.7872349   0.36238757]
CC(C)Oc1cc(-n2cnc3ccc(N[C@@H](CO)c4ccc(F)cn4)nc32)n[nH]1,[-0.25843635  0.18960075 -0.75466233 -1.         -0.26793468]
CCC(C)c1ccccc1,[ 0.20836681  0.78524935 -0.9620044  -0.29178324 -0.24308066]
CCCOC(=O)c1ccc(C(=O)OCCC)nc1,[ 0.35607773 -0.38797563 -0.515002   -0.8194302   0.11943378]
CSCC(NC(=O)COc1cccc2cnccc12)C(=O)NC(Cc1ccccc1)C(O)C(=O)N1CSCC1C(=O)NC(C)(C)C,[ 0.4840419   0.51167244 -1.         -0.47983986 -0.12731291]
COc1nc(C)nc(Cl)c1NC1=NCCN1,[ 0.08597081  0.800837   -0.75772554 -0.6682981  -0.30404085]
Cc1ccc([N+](=O)[O-])cc1,[ 0.3910569   0.7415752  -0.84773165 -0.48106846 -0.11709813]
O=c1oc(-c2ccccc2)nc2ccccc12,[ 0.0696362  0.9925744 -0.7231724 -0.848605   0.4542257]
Nc1ccc(Cl)cc1,[ 0.4827488   0.69740844 -0.62567943 -1.          0.19747786]
COP(=S)(OC)Oc1ccc(S(N)(=O)=O)cc1,[ 0.4775621   1.         -1.         -0.89422745 -0.6566284 ]
CC(=O)N1CCN(c2ccc(OC[C@H]3CO[C@](Cn4ccnc4)(c4ccc(Cl)cc4Cl)O3)cc2)CC1,[ 0.37035248  1.         -0.5266605  -0.7790507  -0.44771618]
CC(C)OCCCO,[ 0.4242895   0.83741313 -0.80776733 -0.23973294 -0.18918493]
CCCCOC(C)OCCCC,[-0.10682729  0.8342995   0.3524273  -0.51971984 -0.15454586]
CCOC(=O)CCN(Cc1ccccc1)SN(C)C(=O)ON=C(C)SC,[-0.17946304  0.94810075 -0.6894049  -0.9964037  -0.07361874]
OCc1cc(C(O)C[NH2+]CCCCCCOCCOCc2c(Cl)cccc2Cl)ccc1O,[ 0.72874904  0.80474687 -0.77290577 -0.75308704 -0.48294938]
OC[C@@H]1CC[C@H](n2cnc3c(O)ncnc32)O1,[ 0.38835946  0.72147775 -0.6985648  -0.1879391   0.03291429]
COCc1c(C(C)C)nc(C(C)C)c(/C=C/[C@@H](O)C[C@@H](O)CC(=O)O)c1-c1ccc(F)cc1,[ 0.3540543   0.9319853  -0.84792227 -0.9358365  -0.04331666]
CC1(C)CC(NC2CC(C)(C)NC(C)(C)C2)CC(C)(C)N1,[ 0.4408645   0.92396307 -0.20792468 -0.65737826 -0.30675137]
O=[N+]([O-])OCC(O)CO,[ 0.17076159  0.9823701   0.2880181  -0.98583496  0.50912476]
CC1CCCCC1NC(=O)Nc1ccccc1,[ 0.29933786  0.673916   -0.6171547  -0.9805752  -0.33469862]
COC(=O)c1c(Cl)cccc1-c1cnc([C@@H](C)NC(=O)C2(NC(=O)C(F)(F)F)CC2)c(F)c1,[ 0.48390624  0.62952256 -0.8190978  -0.7464894  -0.25320983]
C[NH+]1CCOC(c2ccccc2)c2ccccc2C1,[ 0.4837139   0.33259675 -0.7730439   0.36674026 -0.10399276]
N#Cc1ccc(F)c(-c2cc(C(F)(F)F)ccc2OCC(=O)O)c1,[ 0.4171591   0.58739334 -0.8869729  -0.05951376  0.12045845]
Cc1cc(OC(=O)N(C)C)n(C(C)C)n1,[-0.18614343  0.84461707 -0.4710906   0.4265988   0.0291151 ]
C=COCCOC,[ 0.06381139  0.8527191  -0.77606916 -0.03174148  0.57714844]
O=S(=O)(O)c1ccc2cc(Nc3cccc4c(O)c(S(=O)(=O)O)ccc34)ccc2c1O,[ 0.42090043 -0.86523587 -0.6730278  -0.30090103  0.10543925]
CN[C@@H](C)[C@@H](O)c1ccccc1,[-0.20245221 -0.21093377 -0.6629807  -0.6915952   0.7073521 ]
COc1cc2c(cc1OC)C1CC(=O)C(CCC#N)CN1CC2,[ 0.03175594  0.7590366  -0.3950821  -0.5101985  -0.79025036]
Nc1nc(O)c2ncn(COCCO)c2n1,[ 0.3389107   0.8056994  -0.57965976 -0.94165814 -0.36727342]
COc1ccc(-c2nc3ccc(C4=NNC(=O)CC4C)cc3[nH]2)cc1,[ 0.5878765   0.80220926 -0.32141286 -0.9860857  -0.21156846]
CC1(C)SCN(C(=O)C2(Oc3ccc(Cl)cc3)CCCCC2)C1C(=O)O,[ 0.22329183  0.6030013  -0.8003607  -0.7959041  -0.3459292 ]
O=[N+]([O-])c1c(Cl)c(Cl)c(Cl)c2nc(C(F)(F)F)[nH]c12,[ 0.10755584  0.617529   -0.9622682  -0.993269    0.41213176]
CCOc1ccccc1OC(c1ccccc1)C1C[NH2+]CCO1,[ 0.4152941   0.5644831  -0.6671542  -0.8616809  -0.38311163]
Nn1cnc2cc3ccccc3cc2c1=O,[-0.00169163  0.6426715   0.4899556  -0.3932344  -0.19689181]
Cc1cccc([N+](=O)[O-])c1[N+](=O)[O-],[ 0.20295991  0.9725674  -0.8142544  -0.30546644  0.3698275 ]
CC(O)C(Cl)(Cl)Cl,[-0.01961913  0.97412544 -0.6831251  -0.24067894  0.5298866 ]
CN(C)CCCC1c2ccccc2Nc2ccc(Cl)cc21,[ 0.10240994  0.84804654 -0.6946173  -0.8794999  -0.15690693]
CC(CN1CCOCC1)C(C(=O)N1CCCC1)(c1ccccc1)c1ccccc1,[-0.25555122  0.77898604 -0.9537877  -0.4129716   0.04288815]
CS(=O)(=O)c1ccc(C(O)C(COC(=O)C[NH3+])NC(=O)C(Cl)Cl)cc1,[ 0.1865078   1.         -0.49499953 -0.5896483   0.54118687]
CCCCCc1ccccc1O,[ 0.5892837   0.8648762  -1.         -0.6200283  -0.37169686]
Cc1ccc(S(=O)(=O)N(C)C(=O)N2CCC(N3CCC(Oc4ccc(Cl)c(Cl)c4)CC3)CC2)cc1,[-0.25634724 -0.3044389  -0.625346   -1.         -0.21554993]
O=C(O)C1N=C(c2ccccc2)c2cc(Cl)ccc2NC1=O,[-0.02343905  0.68882513 -0.7155416  -0.5135329   0.07682102]
O=C1C(Cc2ccccc2)C(=O)N(c2ccccc2)N1c1ccccc1,[ 0.4755274   0.9336759  -0.52227    -0.90938795 -0.26322287]
COc1ccc(NC(=O)c2ccnc(N)n2)cc1,[-0.16930915  0.8883465  -0.7495205  -0.6465522   0.12949142]
C=C(Cl)C#N,[ 0.03598847  0.91706806 -0.8365305  -0.38042784 -0.27208614]
c1ccc2sc(SNC3CCCCC3)nc2c1,[ 0.29171374  0.7812182  -0.61791867 -0.89920455 -0.21924685]
CN(C)C(=O)Nc1cc(C(C)(C)C)on1,[-0.11628288  0.889426   -0.73784244 -0.48190433 -0.2477049 ]
N#CSCCSC#N,[-0.17236108  1.         -1.         -0.85462683 -0.44865248]
COC(=O)C(C(C)=O)C(C)=O,[ 0.08402027  0.9498643  -0.8062403  -0.872701    0.57626224]
CN(C)N=Nc1ccc(I)cc1,[ 0.04679789 -0.55456823 -0.7371211  -0.73041207 -0.22312383]
CCCCC(=O)N(Cc1ccc(-c2ccccc2-c2nnn[n-]2)cc1)C(C(=O)[O-])C(C)C,[ 0.11876339 -0.36877173 -0.7870477  -0.8261344   0.00608407]
CC(=O)N(C)c1ccc(Nc2ncc3cc(-c4ccncc4)ccc3n2)cc1,[-0.04584321  0.7152185  -0.88799024  0.8501004   0.13790405]
CCNc1nc(NCC)nc(OC)n1,[-0.04341554  0.7711678  -0.7369579  -0.847435    0.56717306]
CC(=O)c1c(C)c2cnc(Nc3ccc(N4CCNCC4)cn3)nc2n(C2CCCC2)c1=O,[-0.12791294  0.9215665  -0.8095606  -0.2169785  -0.12509404]
CCOC(=O)c1noc(C)c1C(C)=O,[ 0.52651525 -0.3266112  -0.8460645  -1.          0.06594249]
CC(COc1ccc(Cl)cc1Cl)C(=O)O,[ 0.14351587  0.91929626 -0.84867907 -0.76722646  0.28717864]
C=C(C)C(=O)OC=C(C)C,[ 0.27319092 -0.610439   -0.8883424  -0.556257    0.7203646 ]
COP(=S)(Cl)OC,[ 0.20614897  0.8202598  -0.93068653 -1.         -0.29597628]
CC1(C)C2CCC1(C)C(O)C2,[-0.34317252 -0.49787357 -0.7772496  -1.         -0.04583369]
CCCc1c(OCc2cccn3c(=O)c(CCC(=O)O)cnc23)ccc(C(C)=O)c1O,[ 0.3765865  -0.92083293 -0.18242078 -0.38985434  0.10018912]
C/C=C(/C)C(=O)O[C@H](c1cc2ccc(=O)oc2cc1OC)[C@H](O)C(C)(C)O,[ 0.45323873  0.8717418  -0.8036316  -0.1507534   0.19038221]
CCOC(=O)C=Cc1ccc2c(c1)OCO2,[ 0.32959902  0.61970913 -0.8794922  -0.7882264  -0.24362363]
CCOP(=O)(Cl)Cl,[ 0.35601798  0.89973915 -0.90111196 -0.35628417  0.13762248]
CCOC(=O)COC(=O)c1cc(Oc2ccc(C(F)(F)F)cc2Cl)ccc1[N+](=O)[O-],[ 0.5370696  -0.3564787  -0.45257345 -0.27762207 -0.00466332]
COC(CN1CCN(CCC(O)c2ccccc2)CC1)c1ccccc1,[-0.0720323   0.48002526 -0.9756738  -0.8773594  -0.41347206]
C=C(C)C(=O)OCCOC(=O)C(=C)C,[-0.12761831  0.24986598 -0.0209247  -0.36148456  0.60845315]
CC(C)=C1CCC(C)CC1=O,[ 0.01528776  0.82002604 -0.8096137  -0.55106515 -0.5110198 ]
N#CCCCCC#N,[-0.16842426  0.75382406 -0.6799377  -0.651482   -0.324751  ]
CO[C@@H]1C=CO[C@@]2(C)Oc3c(C)c(O)c4c(c3C2=O)C(=O)/C(=C\NN2CCN(C)CC2)C(=C4O)NC(=O)C(C)=CC=C[C@@H](C)[C@H](O)[C@H](C)[C@H](O)[C@@H](C)[C@@H](OC(C)=O)[C@@H]1C,[ 0.7309769  -0.63361555 -0.54077584 -0.8469031  -0.44020483]
CCc1cc2c(s1)-n1c(C)nnc1CN=C2c1ccccc1Cl,[-0.00647423  0.742989   -0.816573   -1.          0.78666043]
Cc1nn(C2CCCCC2)c(N)c1-c1ccccc1,[ 0.080919   0.893584  -0.8303389 -0.8672108 -0.2842614]
CCCCCC(O)C=CC1C(O)CC(O)C1CC=CCCCC(=O)O,[ 0.28935373 -0.41860047 -0.92393017 -0.43859136  0.92248386]
CCSP(SCC)SCC,[ 0.50639534  1.         -0.27470234 -0.74805367 -0.4356485 ]
CCCCOC(=O)c1ccc(-n2nc(OCCN3CCCCC3)c3ccccc32)cc1,[-0.40492308  0.95471305 -0.3617768  -1.          0.10986151]
O=C(O)CCC(=O)c1ccc(-c2ccccc2)cc1,[-0.07160375  0.71248555 -0.63101435  0.58844066  0.56857574]
COc1ccccc1NC(=O)CC(C)=O,[-0.5490712   0.4824209  -0.7992187  -0.66733104 -0.51315135]
CCC(O)CO,[ 0.04886035  0.47785535 -0.8433397  -0.5396892  -0.03075348]
Fc1cc(-c2cccc3ncc(-c4cnn(C5CCNCC5)c4)nc23)cc(F)c1CN1CCOCC1,[ 0.3109658   0.57651573 -0.3457291  -0.19985244 -0.01840618]
S=c1[nH]cnc2nc[nH]c12,[-0.11292333  0.92785025 -0.87363046 -0.7805415  -0.44936112]
C[C@@H]1O[C@@H](O[C@@H]2[C@@H](O)[C@H](OCCc3ccc(O)c(O)c3)O[C@H](CO[C@@H]3O[C@H](CO)[C@@H](O)[C@H](O)[C@H]3O)[C@H]2OC(=O)/C=C/c2ccc(O)c(O)c2)[C@H](O)[C@H](O)[C@H]1O,[-0.4448727   0.89029676 -0.7520048  -0.79562616  0.31265357]
CN(C)C(=O)Nc1ccc(Cl)cc1,[ 0.59839827  0.8219185  -0.45583555 -0.5799188  -0.5694586 ]
CCCc1nn(C)c2c(=O)[nH]c(-c3cc(S(=O)(=O)N4CCN(C)CC4)ccc3OCC)nc12,[-0.17187773  0.7756348  -0.65481156 -0.0759122  -0.1287864 ]
COc1ccc2c3c1OC1CC(O)C=CC31CC[NH+](C)C2,[-0.6477926   0.7906559  -0.9686342  -0.7262018   0.32118514]
CC(C)c1cccc(C(C)C)c1O,[ 0.36016533  0.81119347 -0.4169751  -1.         -0.19273265]
COc1ccc([N+](=O)[O-])cc1N,[-0.34419537  0.79448384 -0.7952807  -0.5780726  -0.3734337 ]
CC(C=O)=Cc1ccco1,[-0.20176893  1.         -0.88457346 -1.          0.6170908 ]
CCCN(CCC)c1c([N+](=O)[O-])cc(S(N)(=O)=O)cc1[N+](=O)[O-],[ 0.5367467   1.         -1.         -1.         -0.11230467]
COC(=O)/C=C/CNC(=O)CN1C(=O)[C@@H](COC(=O)Nc2ccc(Cl)cc2C(F)(F)F)N=C(c2ccccc2)c2ccccc21,[ 0.11145419  0.7358407  -0.8175481  -0.8299743   0.53719705]
CCCCc1c(OC(=O)c2cc(OC)c(OC)c(OC)c2)n(-c2ccccc2)n(-c2ccccc2)c1=O,[-0.01584229  0.7162013  -0.6611904  -0.7754161  -0.5163018 ]
CCC1OC(C)SC1=NOC(=O)NC,[-0.02692962  1.         -0.37063965  0.3042138   0.21631274]
CS(=O)(=O)c1nc(-c2ccc(F)cc2)n(-c2ccc(Cl)cc2)n1,[-0.07946084  0.9039127  -0.82332706 -0.777875   -0.27923024]
CC(c1ccccn1)c1c(CC[NH+](C)[14CH3])sc2ccccc12,[-0.44655082  0.6842769   0.7271754  -0.27049366  0.40573862]
CCOc1nc(C(Cl)(Cl)Cl)ns1,[-0.4529082   0.7840796  -0.72287494 -0.7315886   0.4761296 ]
CCOC(=O)NCCOc1ccc(Oc2ccccc2)cc1,[-0.11570191  0.7031115  -0.759368   -0.21133602  0.36968762]
C=C(C)CN(CC)c1c([N+](=O)[O-])cc(C(F)(F)F)cc1[N+](=O)[O-],[ 0.49792287 -0.20569804 -0.11373856 -0.7619968  -0.251463  ]
ClCCCBr,[ 0.29929882  0.44077837  0.21757028 -0.4001093  -0.13069236]
NS(=O)(=O)c1cc2c(cc1Cl)NC(C(Cl)Cl)NS2(=O)=O,[ 0.3896883   0.36777404 -0.72457427 -0.8692604  -0.010538  ]
CCC1=C(C)CN(C(=O)NCCc2ccc(S(=O)(=O)[N-]C(=O)NC3CCC(C)CC3)cc2)C1=O,[-0.08719178  0.69735026 -0.9546045  -0.82047296  0.04777927]
CN(C)c1ccc(N=Nc2ccccc2)cc1,[-0.12912048  1.         -0.44998017 -0.7582719  -0.30651098]
CCOCCCO,[ 0.3674321   0.11475025 -0.6998058  -0.32687035  0.168052  ]
CN(C)N(C)N=O,[ 0.30938485  0.7707782  -0.7714316  -0.8483527   0.53884757]
COC(C)COC(C)COC(C)CO,[ 0.66296047  0.252891   -0.67825407 -0.3550771   0.04809933]
NCCNCc1ccccc1O,[-0.42070505  0.9435086  -0.7862569  -0.20209618 -0.08918482]
Cc1cc(-n2cccc2)c(S(C)(=O)=O)cc1C(=O)NC(=N)N,[ 0.41474116  0.82097465 -0.84506875  0.31345564 -0.38473186]
COc1c(OP(=S)(OCC(C)C)OCC(C)C)cnn(C)c1=O,[ 0.35008553  0.1318504  -0.86477816 -0.62388575  0.25501838]
BrC12CC3CC(CC(C3)C1)C2,[-0.35502413  0.60463405 -0.86474335 -0.81873816 -0.00669901]
C=CC(=O)OCCOC(=O)CC(C)=O,[ 0.28576937  0.7025983  -0.71462554 -0.6247297   0.4781041 ]
OCCOc1cc(Cl)c(Cl)cc1Cl,[ 0.04159151  0.6930933  -0.61032283 -0.45669517  0.08072503]
CC(=O)OC(C)OC(=O)C(C)c1ccc(-c2ccccc2)c(F)c1,[ 0.01127705 -0.31770504 -0.64130235 -0.47571987  0.84319085]
COc1cc2ncc(C(N)=O)c(Nc3ccc(F)cc3F)c2cc1NCCN1CCCCC1,[ 0.13453582  0.8677597  -0.81729347 -0.98130554 -0.1627362 ]
CCCN(CCC)c1c([N+](=O)[O-])cc(C(C)C)cc1[N+](=O)[O-],[ 0.01951819  0.93859744 -0.8836737  -0.6584286   0.07940798]
CN(CCCOCCOCCc1ccccc1)CCc1ccc(O)c2nc(O)sc12,[-0.3667095   0.80029804  0.6597825  -0.5589932  -0.459134  ]
CCC[C@@H](c1ccc(C(=O)O)c(Oc2cccc(Cl)c2)c1)N1CCC[C@H](n2cc(C)c(=O)[nH]c2=O)C1,[-0.10817116  0.8229255  -0.90851325 -0.58479476  0.02218533]
CCOC(=O)Cl,[ 0.07396704 -0.4264845  -0.5702339  -0.92561495  0.11705603]
NC(=O)N1C(=O)C(C(=O)c2cccs2)c2cc(Cl)ccc21,[ 0.24752843  0.52175844 -0.7757268   0.22342569 -0.37573072]
COc1ccccc1Oc1c([N-]S(=O)(=O)c2ccc(C)cn2)nc(-c2ccncc2)nc1OC,[ 0.38388973  0.6642535  -0.77640426 -0.9084226  -0.09462356]
C=CCc1ccccc1OCC(O)C[NH2+]C(C)C,[ 0.5003787   0.85090625 -0.7275982  -0.70836836 -0.45577994]
CC(C)(O)c1ccccc1,[ 0.25437498  0.9576177  -0.8336258   0.05062406 -0.41489756]
CC(=Cc1ccccc1)C=C1SC(=S)N(CC(=O)O)C1=O,[ 0.09140413  0.8590325  -0.6914251  -0.6550774   0.43270856]
O=CNC(N1CCN(C(NC=O)C(Cl)(Cl)Cl)CC1)C(Cl)(Cl)Cl,[ 0.1486416   1.         -0.73477644 -1.         -0.07003566]
C#CC1(O)CCC2C3CCC4=CC(=O)CCC4C3C(=C)CC21CC,[ 0.17497012  0.8811209  -0.71373224 -0.8235244  -0.3173807 ]
Oc1ccc2[nH]c(C(F)(F)F)nc2c1,[ 0.05947562  0.75299233 -0.5612605  -0.66256636 -0.26765588]
NCCCCN,[ 0.3781019   0.9753287  -0.6025999  -0.7048743   0.33663535]
C=CCOc1ccccc1C(N)=O,[ 0.30321154  0.42769817 -0.74802065 -0.8294274  -0.08437485]
CC1CCCCN1N=O,[ 0.28395194  0.7513003  -0.71058285 -0.7424306  -0.14261205]
Cc1ccccc1S(=O)(=O)NC(=O)N1CCC(N2CCC(Oc3ccc(Cl)c(Cl)c3)CC2)CC1,[ 0.5042871   0.7698529  -0.90445995 -0.6948543  -0.6112576 ]
CC[C@H]1CN(Cc2cc(Cl)ccc2OCC(=O)O)CCN1S(=O)(=O)c1ccccc1,[-0.06280135  0.77253276 -0.78755987 -0.38423854 -0.33688083]
CCc1ccc2[nH]c(C(F)(F)F)nc2c1,[ 0.32312426 -0.24781139 -0.87509155 -0.67950696  0.39925775]
CCC(C(=O)O)c1ccc(CC(C)C)cc1,[-0.01952624  0.7348435  -0.6402036  -1.          0.09476238]
CC(O)C#N,[-0.34741113 -0.4043297  -0.43169242 -0.9024318  -0.03032231]
CSCC(=O)N(C)C(=O)Oc1ccccc1OC(C)C,[-0.02538325  0.62804425 -0.7863333  -0.8273     -0.45785424]
CCC(c1ccccc1)c1c(O)c2ccccc2oc1=O,[ 0.05975941  0.89066994 -1.         -1.         -0.3140787 ]
NCCNCCNCc1ccccc1O,[-0.23683757  1.         -0.55073255 -1.          0.4622456 ]
CN1C(=O)CC(N2CCN(CCCN3c4ccccc4COc4ccc(CC(=O)O)cc43)CC2)N(C)C1=O,[ 0.31704837  0.8153992  -0.6236235   0.09307896 -0.37423864]
CCCN(CCC)c1c([N+](=O)[O-])cc(C)cc1[N+](=O)[O-],[ 0.33559     0.73861986 -0.41010222 -0.47327253  0.03688163]
CCOC(C)COC(C)CO,[ 0.30647722  0.66897255 -0.72718066 -0.36770478 -0.10404633]
Nc1ncc2cc(-c3c(Br)cccc3Br)c(N)nc2n1,[ 0.39176843  0.76801383 -0.5625202  -0.32019505 -0.10988872]
CCCNC(=O)[N-]S(=O)(=O)c1ccc(Cl)cc1,[ 0.40749675 -0.41830143 -1.         -0.8082084   0.01904822]
ClCc1cccc2ccccc12,[ 0.2661216   0.8654562  -0.7129684  -0.6429206  -0.24774227]
COc1cc(OC)c(S(=O)(=O)NCc2ccccc2N2CCCCC2)cc1NC(=O)CCC(=O)O,[ 0.25880823  0.740386   -0.8761779  -1.         -0.09251475]
CCOc1cc2ncc(C(N)=O)c(Nc3ccc(F)cc3F)c2cc1N1CCN(C2CC2)CC1,[ 0.31334773 -0.20691065 -0.71540934  0.08205194  0.19299051]
Cc1c(OCC(F)(F)F)ccnc1CS(=O)c1nc2ccccc2[nH]1,[ 0.23322962  0.933193   -0.74445665 -0.97390443 -0.2522242 ]
NCCCNCCSP(=O)(O)O,[ 0.26382604  0.7188165  -0.88217825 -0.634798   -0.5221643 ]
CC(O)c1cccc(N)c1,[ 0.4185376   0.8213449  -1.          0.28145123 -0.24531296]
CC=CC=CC=O,[ 0.406829    0.57785106 -0.58591    -0.44708383 -0.2509814 ]
CN1c2ccccc2C(NCCCCCCC(=O)[O-])c2ccc(Cl)cc2S1(=O)=O,[-0.6626983   0.84380746 -0.39662293 -0.74640113 -0.3654459 ]
CN1CCC(=C2c3ccccc3Sc3ccccc32)CC1,[ 0.2502234   0.87525326 -0.8318029  -0.7697919  -0.1686642 ]
CNC(=N)c1cccc(CC(CC(=O)N2CCC(C(=O)O)CC2)NS(=O)(=O)c2ccc3ccccc3c2)c1,[ 0.05371361  0.16194993 -0.65876925  0.5898129  -0.15505122]
NC(=O)CF,[ 0.2546741   0.5823222  -0.99481094 -0.6763201   0.32459518]
CCC(=O)NCCC1CCc2ccc3c(c21)CCO3,[ 0.30680954  0.48202276 -0.7520357  -0.68106896 -0.10275829]
Cn1cncc1CN(CCN(Cc1ccccc1)S(=O)(=O)c1ccccn1)c1ccc(C#N)cc1,[ 0.47329098  0.8213227  -1.         -0.98545617  0.2490062 ]
COP(=O)(OC)Oc1ccc([N+](=O)[O-])c(Cl)c1,[ 0.33280626  0.7428999  -0.76095426 -0.70941454  0.05387786]
C[Si](C)(Cl)Cl,[ 0.61998934  0.8156504  -0.7641797  -0.84517056 -0.43164468]
CCCCCCN,[-0.20868205  1.         -0.44540077 -0.608317   -0.07035344]
Cc1cnc(C)cn1,[ 0.21702518 -0.58584976 -0.9436408  -0.80117434  0.40327367]
O=C([O-])c1cc(N=Nc2ccc(S(=O)(=O)Nc3ccccn3)cc2)ccc1O,[-0.65539473  0.7697321  -0.4158507  -0.7580699  -0.18484932]
COP(=S)(OC)SC(CBr)N1C(=O)c2ccccc2C1=O,[-0.15901962  0.90363985  0.21853505 -0.7762173   0.18873513]
CSc1ccc(C(=O)c2[nH]c(=O)[nH]c2C)cc1,[ 0.54931444  0.94751847 -0.82789254 -0.8798714  -0.03858276]
CN1CCN2c3ncccc3Cc3ccccc3C2C1,[ 0.41356173  0.8052147  -0.68082845 -0.74806523 -0.5120602 ]
O=C1c2cccc(S(=O)(=O)O)c2C(=O)c2c1cccc2S(=O)(=O)O,[ 0.08509839  0.56187654 -0.7114153  -0.8004996  -0.273017  ]
CNC(=O)Oc1cc(C)c(N(C)C)cc1C(C)C,[ 0.51482934  0.89229345 -0.800234   -0.37971038 -0.41651022]
CC(C)=CCl,[-0.25089288  0.1377597  -0.9761623  -0.68356025 -0.06589556]
CC(C)C(CCC(C)C1CCC2C3C(O)CC4CC(NCCC[NH2+]CCCC[NH3+])CCC4(C)C3CCC12C)OS(=O)(=O)[O-],[ 0.10231269  0.8498041  -0.8126759  -0.57873565  0.654689  ]
CCc1nn(C2CCCC2)c2c1CCn1c(-c3cccs3)nnc1-2,[-0.16295566  0.86226237 -0.76851255 -0.5305258  -0.24630648]
OCCOCCOCCOCCO,[-0.17910606  0.86591345 -0.61777693 -0.829431    0.29861063]
C#CC(C)(C)NC(=O)c1cc(Cl)cc(Cl)c1,[-0.194052    0.87333345 -0.62389284 -0.97978467 -0.07726771]
O=C(OCC=Cc1ccccc1)c1ccccc1,[-0.15838897  0.82127726 -0.8505987  -0.8318625  -0.34450555]
COc1ccc(Oc2ccc(NC(=O)N(C)C)cc2)cc1,[ 0.06714465  0.9242019  -0.38234314 -0.58422625 -0.26781228]
CCC(=O)N(c1ccccc1)C1CC[NH+](CCc2ccccc2)CC1,[-0.24329925  0.8348909  -0.7566777  -0.3571264  -0.44157493]
CC(C)CCOC(CO)CC(C)C,[ 0.03006894  0.45448717 -0.78815615 -1.         -0.39778468]
CN(CC#N)N=O,[ 0.14941563  0.8947626  -0.81242955 -0.8544587   0.3296809 ]
C=CS(=O)(=O)CCCCCC,[ 0.29700905  0.9154982   0.56779426 -0.76205724 -0.04607456]
CCNc1nc(NC(C)C(C)C)nc(SC)n1,[ 0.31656578  0.835763   -0.7622054  -0.6381891  -0.5456856 ]
COc1cc2ncc(C(N)=O)c(Nc3ccc(C)cc3F)c2cc1OC,[ 0.6831675   0.89241445 -0.9287863  -1.         -0.25082466]
CN(C)C1CC(c2ccccc2)c2ccccc21,[ 0.44116288  0.6426732  -0.96970737 -0.37339061 -0.19701345]
CC12CCC3c4ccc(O)cc4CC(CCCCCCCCCS(=O)CCCC(F)(F)C(F)(F)F)C3C1CCC2O,[ 0.20100057  0.01034851 -0.74822533  0.32429612 -0.31053206]
O=C(CCc1ccccc1)OC1=C(OC(=O)CCc2ccccc2)C(=O)OC1=O,[-0.16863145  0.8332883  -0.7486104  -0.5999322   0.20396705]
Clc1ccc(Cl)c(Cl)c1,[ 0.02853495  0.54342204 -0.8227143   0.35832298  0.0297624 ]
Cc1ccc(S(=O)(=O)Nc2c(C(=O)N[C@@H](C)C(C)(C)C)c(C)nn2C(C)C)cc1,[-0.09696587  0.7903848  -0.88466954 -0.6379669  -0.11797042]
NC(=O)[C@H](Cc1ccccc1)NC(=O)OCc1ccccc1,[ 0.35500938  0.89459944 -0.8956857  -0.7199005   0.35241893]
O=C(Nc1cccc(Cl)c1)Nc1nnc(-c2ccncc2)s1,[ 0.62565815  0.8751965  -0.67873794 -1.          0.06105212]
[NH3+]CC1CCC(C(=O)[O-])CC1,[ 0.11997616  0.90359616 -0.6541708  -0.39006904 -0.06065653]
CNC(=O)Nc1nnc(C(C)(C)C)s1,[-0.3297326  -0.86792576 -0.48403245 -0.4420019  -0.6100126 ]
FC(F)(F)c1nc2c(Br)c(Cl)c(Br)cc2[nH]1,[ 0.37118363  0.5497797  -0.96516496 -0.2961675   0.16410016]
Nc1ccn([C@@H]2O[C@H](CO)[C@@H](O)C2(F)F)c(=O)n1,[ 0.17151496  1.         -0.6426657  -0.67191666 -0.2778568 ]
O=C(CCl)OC1=C(OC(=O)CCl)C(=O)OC1=O,[ 0.03288477  0.6635485  -0.3126323  -1.         -0.09591465]
CCCCCCCCC1OC1CCCCCCCC(=O)OCC1(CC)OC1CCC,[ 0.14989385 -0.61744773 -0.6219113  -0.7607807  -0.11911247]
O=C(C(F)(F)Cl)C(F)(F)Cl,[ 0.04659508  1.         -0.91936815 -0.80270165  0.55443484]
c1cc2c(c(N3CC[NH2+]CC3)c1)OCCO2,[ 0.52045816  0.7483979   0.52640814 -0.27042472 -0.05271249]
CCN(CCO)c1cccc(C)c1,[ 0.2521963   0.78930193 -0.83163303 -0.5358285  -0.05584588]
Cc1ccc(S(=O)(=O)Nc2c(C(=O)NC3CCCCC3)c(C)nn2-c2ccccc2)cc1,[ 0.09257795  0.86212254 -0.7926695  -0.74902695 -0.0619369 ]
O=C(CSc1nc2c(c(=O)n1-c1ccccc1)SCC2)Nc1ncc(-c2ccccc2)s1,[ 0.3071626   0.97859496 -0.8504929  -0.5666404  -0.12785578]
CC(C)(O)c1ccc(Nc2nc3ccc(C#N)cc3[nH]2)cc1,[ 0.30680373 -0.09056397 -0.889385   -0.514078    0.08915077]
O=CC=CC1CO1,[ 0.26911202  0.82647234 -0.6218728  -0.97182536 -0.0342682 ]
O=C(O)CCCOc1ccc(Cl)cc1Cl,"[-2.6010171e-01 -2.5588321e-04 -7.3685682e-01 -7.1912384e-01
  5.6578584e-02]"
C#CC1(O)C=CC2C3CCC4=CC(=O)CCC4C3CCC21CC,[-0.22037956  0.8552323  -0.49021944 -0.98449415  0.08096091]
COc1ccc(C[C@@H]2c3cc(OC)c(OC)cc3CC[N@+]2(C)CCC(=O)OCCCCCOC(=O)CC[N@@+]2(C)CCc3cc(OC)c(OC)cc3[C@H]2Cc2ccc(OC)c(OC)c2)cc1OC,[ 0.21984099  0.46138394 -0.34902254 -0.65505344 -0.07231416]
Cc1cc(=O)nc(SCc2ccccc2N(C)C)[nH]1,[-0.31381705  0.6406673  -0.79939675 -0.8064583  -0.19862689]
O=c1cc(-c2ccc(O)cc2)oc2cc([O-])c(C3OC(CO)C(O)C(O)C3O)c(O)c12,[ 0.03806021  0.66208977 -0.10502182 -0.09041438  0.440279  ]
O=C(OCC(COC(=O)c1ccccc1)(COC(=O)c1ccccc1)COC(=O)c1ccccc1)c1ccccc1,[ 0.22199593  0.17838396 -0.77896947 -0.5485958  -0.3248771 ]
O=C(Cc1cccs1)N[C@@H]1C(=O)N2C(C(=O)[O-])=C(C[n+]3ccccc3)CS[C@H]12,[ 0.5340609   0.64813024 -0.6006398  -0.6205702  -0.6860269 ]
CC(C)C(O)(c1ccc(OC(F)(F)F)cc1)c1cncnc1,[-0.47480276  0.6062814  -0.6614167  -0.34239817  0.12364225]
CN1CN(CCO)CSC1=S,[ 0.20125946  0.5732281  -1.         -0.6357853  -0.08686538]
C[NH+](C)CCC(c1ccc(Cl)cc1)c1ccccn1,[ 0.3628288   0.5993402  -0.4995513  -1.          0.05757339]
CNC(=O)CSP(C)(=S)OC,[ 0.32602853 -0.12575476 -0.31754023 -0.16344383 -0.34222046]
CC1CC(=O)CC(C)O1,[ 0.2957079  -0.7359586  -0.74948746 -0.6581876  -0.39860037]
C/C=C/CC(C)C(O)C1C(=O)NC(CC)C(=O)N(C)CC(=O)N(C)C(CC(C)C)C(=O)NC(C(C)C)C(=O)N(C)C(CC(C)C)C(=O)NC(C)C(=O)NC(C)C(=O)N(C)C(CC(C)C)C(=O)N(C)C(CC(C)C)C(=O)N(C)C(C(C)C)C(=O)N1C,[ 0.04705836  0.6424833  -0.75718564 -0.6808639   0.38491452]
ClC(=NNc1c(Cl)cc(Cl)cc1Cl)c1ccccc1,[ 0.36006     0.94590044 -0.7243486  -0.60984117  0.4091212 ]
CCOC(=O)C(C)Oc1ccc(Oc2nc3ccc(Cl)cc3s2)cc1,[ 0.29332662 -0.37639388 -0.6637266  -1.         -0.34814268]
OC1(c2ccc(Cl)c(C(F)(F)F)c2)CCN(CCCC(c2ccc(F)cc2)c2ccc(F)cc2)CC1,[ 0.13245305  0.9242547  -1.         -0.9017837   0.2456039 ]
C=CCc1ccc(OC(C)=O)c(OC)c1,[ 0.4271355   1.         -1.         -1.          0.12181053]
CCN(CC)c1ccc2c(C)cc(=O)oc2c1,[ 0.4774202   0.33887652 -0.9417186  -0.9472005   0.01515047]
N#CC(c1ccccc1)c1ccccc1,[ 0.33311403  0.62840074 -0.5419541  -0.43618363  0.00860917]
C[NH+]1CCc2cccc3c2C1Cc1ccc(O)c(O)c1-3,[ 0.29825667  0.35589358 -0.37526622 -0.9381763  -0.02353852]
Cn1c(C(=O)NC2(C(=O)N[C@H](Cc3ccccc3)C(=O)NCCCN3CCOCC3)CCCC2)cc2ccccc21,[-0.53512615  0.94083476 -0.5987664   0.25006187 -0.34196892]
CN(CCOc1ccc(CC2SC(=O)NC2=O)cc1)c1ccccn1,[ 0.5543618   0.8011438  -0.0059939  -0.8466347  -0.23687933]
Cc1ccc(OP(=O)(Oc2ccccc2)Oc2ccccc2)cc1,[ 0.35864967  0.632645   -1.         -0.05050406  0.13067512]
CCCCSN(C)C(=O)Oc1cccc2c1OC(C)(C)C2,[ 0.14112282  0.8061451  -0.6934966  -0.735392    0.5325875 ]
C=CC(=O)OCCOCCOC(=O)C=C,[ 0.18301015  0.9996189  -1.         -0.8799339   0.16951463]
CCCCSCCCC,[ 0.23174806  0.69115275 -0.9062475  -0.7338476  -0.5217049 ]
Cc1c(OC2CCN(CC3CCN([C@@](C)(Cc4ccc(F)cc4)C(=O)O)CC3)CC2)ccc(Cl)c1Cl,[ 0.4334118   0.7345433  -0.98542124  0.04903777  0.01159179]
C[C@@H](NC1=CC(=O)CC1)c1ccc(Nc2ncc3cc(-c4ccncc4)ccc3n2)cc1,[ 0.23269714  0.31686354 -0.45494512 -0.4428952  -0.07603244]
CC(=O)C1OC1(C)C,[ 0.38874674  0.7782212  -0.91889286 -0.58249635 -0.11434504]
CC(=O)Oc1cc(C(F)(F)F)ccc1C(=O)O,[-0.28874016  0.9610164  -0.73412204 -0.4561136  -0.19900765]
CCOC(=O)COc1ccc(C(=O)CN2CCN(C3CCN(C(=O)OCOC(=O)C(C)(C)C)CC3)CC2=O)cc1,[-0.04666869  0.7445541  -0.6087701   0.46676618  0.60748166]
CCN[C@@H]1C[C@H](N)[C@@H](O[C@H]2OC(CN)=CC[C@H]2N)[C@H](O)[C@H]1O[C@H]1OC[C@](C)(O)[C@H](NC)[C@H]1O,[ 0.29341465  0.81402117 -0.8457503  -1.          0.30775523]
CC(=O)Oc1ccc2c3c1OC1C(OC(C)=O)C=CC4C(C2)[NH+](C)CCC341,[ 0.355852    0.6337096  -0.17981651 -0.59080815 -0.2721298 ]
CCCCCCOC(=O)C(O)c1ccccc1,[ 0.3792504   0.47753865 -0.65499026 -0.6650313  -0.4114251 ]
Cc1cc(=O)n(CSP(=S)(OC(C)C)OC(C)C)nc1Cl,[-0.08495097  0.05678581 -0.84399146 -0.89109844  0.07354002]
COc1ccc2ncc(=O)n(CCN3CC[C@@H](NCc4ccc5c(n4)NC(=O)CO5)[C@@H](F)C3)c2c1,[ 0.14089546  0.8747648  -0.56756556 -0.7892651  -0.30837974]
O=c1[nH]cnc2c1ncn2[C@H]1CC[C@@H](CO)O1,[-0.43047497  0.79861754 -0.94758266 -0.75120723 -0.20003384]
CC(C)(C)c1ccc(C(=O)O)cc1,[ 0.6065912   0.6166459  -0.9178579   0.45455214 -0.32527062]
NC(=[NH2+])NCCCCC1NC(=O)CCSSCC(C(N)=O)NC(=O)C2CCCN2C(=O)C(Cc2c[nH]c3ccccc23)NC(=O)C(CC(=O)[O-])NC(=O)CNC1=O,[ 0.21981658  0.77464914  0.93889856 -0.6510955  -0.00481349]
N=C(N)N[N+](=O)[O-],[-0.07851962  0.8515297  -0.7079721  -0.4541078  -0.49952307]
N#Cc1cccc(Cc2ncccn2)c1,[ 0.09779606  0.812478   -0.5370528  -1.         -0.34367362]
Cc1c(Sc2ccc(Cl)cc2)c2c(-c3cnccn3)cccc2n1CC(=O)O,[-0.12453981  0.7111698  -0.9288934  -1.          0.22194418]
C=CC(=O)OCC(=O)OCC,[-0.20720513  0.86357164 -0.989802   -0.9715707  -0.21524107]
CSC(C)=NOC(=O)N(C)SN(C)C(=O)Oc1ccc(OC(=O)N(C)SN(C)C(=O)ON=C(C)SC)cc1,[ 0.2505565   0.9529674  -0.9733     -0.7286043  -0.09105674]
CC(=O)OO,[-0.2104079   0.6481106  -0.52709407 -0.75042593  0.02629733]
c1ccc(OP(Oc2ccccc2)Oc2ccccc2)cc1,[ 0.5123498   0.7651395  -0.7398879  -0.586766    0.19452398]
NC(=O)c1cnc(N[C@@H]2CCCC[C@@H]2N)nc1Nc1cccc(-n2nccn2)c1,[-0.11923879  0.8100593  -0.9792089  -0.7771963   0.21570581]
FC1(F)CC(C2CC3(Cl)C(Cl)=C(Cl)C2(Cl)C3(Cl)Cl)C1(F)F,[ 0.5800211   0.7216307  -0.6442225  -0.29175392  0.72721416]
O=C1NC(c2ccc(Br)cc2)Nc2ccccc21,[ 0.4322575   0.87555844 -0.7053384  -0.64435804 -0.3019021 ]
O=[N+]([O-])c1ccc(Nc2ccccc2)c(S(=O)(=O)O)c1,[ 0.16723132  0.13029425 -0.43494782 -1.          0.28459615]
Nc1ccc(O)c([N+](=O)[O-])c1,[-0.7577679   0.7875665  -0.85037637 -0.8889252  -0.28306264]
Cc1c(Cl)c([N+](=O)[O-])c2[nH]c(C(F)(F)F)nc2c1[N+](=O)[O-],[ 0.11671003  0.51037055 -0.36827365 -1.         -0.06499262]
COc1cc(OC)c(S(=O)(=O)N2c3ccccc3CCC2C)cc1NC(=O)COCC(=O)O,[ 0.32884595  0.81058407 -0.01901778 -0.5409506  -0.18267184]
COc1cccc(OC)c1O,[-0.47154468  0.03637997 -0.763699   -0.7329855  -0.04142289]
C=CC(=O)NCNC(=O)C=C,[ 0.545215    0.8744653  -1.         -0.7725567  -0.05857811]
Cc1ncsc1C(=O)N(Cc1cc(=O)[nH]c2c(F)cccc12)c1cccc(Cl)c1,[ 0.0986439  0.8647526 -0.9324426 -0.6118755 -0.1210068]
O=C1CC(N2C(=O)c3ccccc3C2=O)C(=O)N1,[-0.10125168 -0.15032266 -0.08125477 -1.         -0.02065319]
CCNC(=O)c1cc2c(-n3ccc(C(F)(F)F)n3)c(-c3cncc(-c4n[nH]c(=O)o4)c3)cnc2[nH]1,[ 0.28262904  0.8916586  -0.46116772 -0.7707869  -0.24134806]
CC(C)(C(=O)O)S(C)(=O)=O,[ 0.275047    0.6554722  -0.51394796  0.35840613 -0.04483572]
S=C1NCCC(COc2ccccc2)O1,[-0.05172782  0.7087612  -0.82994545 -0.77643263  0.57227063]
Cc1c(F)cc(C(=O)NC2CC2)cc1-c1ccc(C(=O)NCC(C)(C)C)cn1,[ 0.12899055  0.776902   -0.6357606  -0.5229335  -0.33066562]
CC(=O)N(C)C,[ 0.40083462  0.76262504 -1.         -0.72848463 -0.57174456]
C[C@]12C[C@H](O)[C@H]3[C@@H](CCC4=CC(=O)CC[C@@]43C)[C@@H]1CC[C@]2(O)C(=O)CO,[ 0.3001087   0.9515042  -0.6608023  -1.          0.36454925]
CC1NC(=S)NC1=O,[ 0.08268796  1.         -0.9363395  -0.84624547  0.7342799 ]
O=C(CCCCCCC(=O)Nc1ccccc1)NO,[ 0.26515323  0.16263759 -1.         -1.         -0.11343697]
Cc1cc(Nc2nc(N[C@@H](C)c3ccc(F)cn3)c(C#N)cc2F)n[nH]1,[ 0.18268819  0.5624081  -0.70953774 -0.6408781   0.07288296]
CC#CN(CC)CC,[ 0.3720583   0.69553924 -0.8986934  -0.6291275   0.12373145]
Clc1cccc([Si]23OCCN(CCO2)CCO3)c1,[ 0.3180069   0.91403407 -0.917414   -0.81505966 -0.37421766]
O=C(CCC(=O)OC1CCCCC1)OC1CCCCC1,[ 0.17389213  0.45225754 -0.29580706 -0.05039637  0.03148202]
CCCCOP(=O)(O)OCCCC,[ 0.50182074 -0.69195193 -0.6251926  -0.81160337 -0.1060119 ]
C=COC(=O)CCCCCCC,[-0.43036297  0.6821883  -0.7756612  -0.3724445  -0.18744887]
O=[N+]([O-])c1ccccc1Cl,[-0.06321301  0.87572414 -1.         -0.48653817 -0.02443562]
Cc1cnc(C)c(C)n1,[ 0.1582875   0.03381512 -0.55474377 -0.3813486   0.1928986 ]
CN(C)CCOc1cc(NS(=O)(=O)c2c(Cl)cc(C(F)(F)F)cc2Cl)ccc1Cl,[ 0.176669    0.7763858  -0.61434126 -0.32164538 -0.08818115]
CN(C)CCC=C1c2ccccc2CCc2ccccc21,[-0.00766073  0.78296524 -0.24140441 -0.29686344  0.3522197 ]
C=C(OP(=O)(OC)OC)P(=O)(OC)OC,[ 0.03841861  0.8598889  -0.6997292   0.79610234 -0.18596369]
O=C(NCc1ccc(OC(F)(F)F)cc1)C1c2ccccc2C(=O)N1CCc1ncc(F)cn1,[ 0.484236    0.651596   -0.79614335 -0.44630304 -0.10475881]
CCCSP(=S)(OC)SCCC,[ 0.406065    0.8023446  -0.59996605 -0.8616507  -0.03420793]
CN(C)C1C(O)=C(C(N)=O)C(=O)C2(O)C(O)=C3C(=O)c4c(O)cccc4C(C)(O)C3C(O)C12,[ 0.22010347  1.         -0.6516913  -0.61414254  0.59775895]
COC(C)C=O,[-0.45136    0.7284167 -0.7159585 -0.9818717  0.5263521]
O=C(CO)N1CCC(c2[nH]nc(-c3ccc(Cl)cc3F)c2-c2ccncn2)CC1,[ 0.24308078  0.3584652  -0.40987426  0.4335066   0.77735096]
CC(=O)OC(C(Cl)(Cl)Cl)P(=O)(Oc1ccccc1)Oc1ccccc1,[-0.21809956 -0.10522008 -0.26984036 -0.6335222  -0.20094168]
CCOP(=O)(O)O,[ 0.14249824 -0.29776096 -0.6072836  -0.68707484 -0.09543017]
CCN(CC)c1ccc2cc(C(=O)NC3(C(=O)N[C@H](Cc4ccccc4)C(=O)NCC4CCN(CC5CCOCC5)CC4)CCCC3)sc2c1,[-0.26969555  0.52419734 -0.39662725  0.8188372  -0.395391  ]
CCOP(=S)(Oc1cccc2cccnc12)c1ccccc1,[ 0.03962969  0.9124077  -1.         -0.6753857   0.46092027]
CC(C)CCCC1CCC(C)(C(=O)NCC(=O)O)CC1,[ 0.45659137 -0.30335063 -0.15252195 -0.50885266  0.13081329]
N=C(N)Nc1nc(CSCCC(=N)NS(N)(=O)=O)cs1,[ 0.43196055  0.46645534 -0.8261446  -0.62714547 -0.17828481]
COP(=S)(OC)SCSCC=C(Cl)Cl,[ 0.34551516  0.90018326 -1.         -1.          0.10350441]
CCC(=O)CC,[ 0.03289947  0.6920042  -0.9679382  -0.8470732  -0.21931611]
COCCOCCOC(C)=O,[ 0.25543588  0.8218318  -0.28259912 -0.7495738   0.24526572]
O=[N+]([O-])c1cc2[nH]c(C(F)(F)F)nc2cc1Cl,[ 0.39308926  0.7537991  -0.87026626 -0.5572985   0.33714584]
CC(O)CO,[ 0.3123345   0.771694   -0.26724422 -0.6979795  -0.48249105]
CCC(C)C(CC)C(N)=O,[-0.35011402  0.886375   -0.6244667  -0.8604844   0.04659269]
CCOP(=S)(OCC)Oc1cccc(F)n1,[ 0.7675388   0.42134926 -0.6878879  -0.53107125  0.60898334]
Cc1cc(Sc2cc(C)c(O)c(C(C)(C)C)c2)cc(C(C)(C)C)c1O,[ 0.23872857  0.942802    0.37812537 -0.62042445 -0.2979867 ]
CC(=O)O[C@H]1C[C@@H]2CC[C@@H]3[C@H](CC[C@@]4(C)[C@H]3C[C@H]([N+]3(C)CCCCC3)[C@@H]4OC(C)=O)[C@@]2(C)C[C@@H]1N1CCCCC1.[Br-],[-0.7142129   0.5658153  -1.         -0.9457866   0.97182465]
OCCNCCOc1ccc(C(=C(c2ccccc2)C(F)(F)F)c2ccccc2)cc1,[ 0.21713424  0.45539072 -1.         -0.72310275  0.9017907 ]
S=C1NCCNC(=S)S1,[ 0.07309131  0.76520354 -1.         -0.8510427  -0.4173942 ]
CC(=CC(=O)O)C(=O)O,[-0.02800542  0.56053585 -0.8252176  -0.78731346  0.56923956]
CN(SSC(C)(C)C)C(=O)ON=C1SCCS1,[ 0.4571172   0.5441037  -0.69653404  0.41450462 -0.04635912]
C[C@H](CO)Nc1nc(SCc2cccc(F)c2F)nc2[nH]c(=O)cnc12,[ 0.43064982  0.95202094 -0.5594549  -0.73024786 -0.3094143 ]
CCP(=O)(OC)SC,[ 0.04421891  0.78371227 -0.6306061  -0.80537015 -0.30522695]
CCNC(=O)ON=C1SCOC1C,[-0.04147132  0.7073784  -0.23149015 -0.7847551  -0.5070646 ]
CN(C)N=Nc1nc[nH]c1C(N)=O,[-0.03541115  0.08748887 -0.8132467  -0.19638062  0.7855985 ]
Cc1onc2c(=O)n(C)nc(-c3ccccc3)c12,[ 0.5221339   0.8540626  -1.         -0.66654146 -0.35876578]
CCc1cccc(CC)c1N,[-0.07350879  0.71444595 -0.5347247  -0.8114071  -0.19165586]
O=C(CF)Nc1ccccc1,[-0.59293485  0.9274878  -0.812924   -0.9981381  -0.15672149]
C=CC(=O)OCCc1ccc(CC)cn1,[ 0.00569271  0.8191075  -0.56031334 -0.5485638   0.0765029 ]
CCC(C)OP(=S)(OC)OC,[ 0.22110182  0.82662845 -0.74844277 -0.7324171  -0.10754423]
CNc1c(Br)cnc2[nH]c(-c3ccc(S(C)(=O)=O)cc3)nc12,[ 0.1536708   0.77714664 -0.81070274 -0.05577968  0.74743336]
OCCN(CCO)CCO,[-0.6815875  0.651303  -0.7270487 -0.9022104 -0.1994204]
Cc1cccc(C)c1NC(=O)C1CCCC[NH+]1C,[ 0.32277906  0.86077136 -0.74392104 -0.5734946   0.16162568]
CNC(=O)ON=C1CCCC1(C)C#N,[-0.05982202  0.32162637 -1.         -0.6759259  -0.23695797]
COc1nccnc1NS(=O)(=O)c1ccc(N)cc1,[ 0.36413366  0.91471064 -0.7301301  -1.          0.10997789]
OCCNCCc1ccccc1,[ 0.24237143  0.47683966 -0.7231052  -0.91776466  0.5872665 ]
CC1CC(=O)NN=C1c1ccc([N-]N=C(C#N)C#N)cc1,[ 0.21463566  0.17117567 -0.70498675 -0.78078556  0.18797728]
CCCSP(C)(=S)Oc1ccc(Cl)cc1Cl,[ 0.63155663  0.9192171  -0.29827228 -0.49190402 -0.5321576 ]
FC(F)(F)c1nc2c(Br)c(Br)cc(Br)c2[nH]1,[-0.11551425  0.84723437 -0.5389647  -0.9168182  -0.17093152]
C[C@@H]1NC(=O)[C@@H](C)N(C)C(=O)[C@@H](C)N(C)C(=O)[C@H](C)NC(=O)[C@H](C)N(C)C(=O)[C@@H](C)N(C)C1=O,[ 0.29925612  0.19048485 -0.6007673   0.5989227   0.2460757 ]
COc1cc2nc(N3CCN(C(=O)C(C)OC)CC3)nc(N)c2cc1OC,[ 0.2501652   0.91506875 -0.8659249  -0.7328599   0.25412434]
OCC(O)C(O)C(O)CO,[ 0.53177994  0.89037323 -0.9204134  -0.8491578  -0.29373643]
Cc1ccccc1COC1CC2(C(C)C)CCC1(C)O2,[-0.13846505  0.48585576 -0.9099276  -0.86844635 -0.04231332]
CN(C)CCC(c1ccc(Cl)cc1)c1ccccn1,[ 0.6537429   0.83704233 -0.6528822   0.05004169 -0.13691995]
C[N+](C)(C)CC(O)CC(=O)[O-],[ 0.07600226  0.85303134 -0.76717937 -0.5872308  -0.15084437]
O=[N+]([O-])OC1COC2C(O)COC12,[ 0.05787069  1.         -0.8978805  -0.99159455 -0.18746962]
Nc1ccc(F)c([N+](=O)[O-])c1,[ 0.48903233  0.8388568  -0.835303   -0.51090556 -0.24004896]
COc1ccc(CC(C)=O)cc1,[ 0.30388007  0.5837537  -0.56208843 -0.68226725  0.2141168 ]
Cc1c(C(C)C)c(=O)n(-c2ccccc2)n1C,[ 0.17281173  0.22419909 -0.45271796 -0.33086947  0.9122971 ]
CN1CCCCC1CCN1c2ccccc2Sc2ccc(S(C)=O)cc21,[ 0.30591333 -0.64732784 -0.7324298  -0.65940076  0.52127194]
CC(=O)C1(O)Cc2c(O)c3c(c(O)c2C(OC2CC(N4CC4)C(OS(C)(=O)=O)C(C)O2)C1)C(=O)c1ccccc1C3=O,[-0.07559922  1.         -0.70328134 -0.5891707  -0.3586609 ]
CCCCCCOCCOCCO,[-0.04796011 -0.41744024 -1.         -0.05617674  0.4312227 ]
C=CC[N+]1([C@H]2C[C@H]3[C@@H]4CC[C@H]5C[C@H](O)[C@@H](N6CCOCC6)C[C@]5(C)[C@H]4CC[C@]3(C)[C@H]2OC(C)=O)CCCC1,[-0.259025    0.83522    -1.         -0.9198919   0.09467467]
O=CCc1ccccc1,[ 0.38631123 -0.11177838 -0.7771346   0.1685835  -0.00481495]
C=CN(CC)C(C)=O,[-0.11210649  0.9112598  -0.95829695 -0.8759786  -0.31621566]
O=P(OCCCl)(OCCCl)OC1CC(C(Br)CBr)CCC1Cl,[ 0.4667075   0.7901347  -0.9087113  -0.9324762  -0.14875795]
S=C=NCCN=C=S,[-0.4694255   0.30544576 -0.685041   -0.48197162 -0.41258428]
O=C(O)CCC(=O)OC1CCCCC1,[-0.21526289  0.7569621  -1.         -0.7909552   0.45494622]
CN(c1ccc(F)cc1F)c1c([N+](=O)[O-])cc([N+](=O)[O-])cc1C(F)(F)F,[ 0.00149118  0.32156244 -0.39637312 -1.          0.71198875]
Cc1cnc(NC(=O)C2=C(O)c3ccccc3S(=O)(=O)N2C)s1,[ 0.12812048 -0.5333006  -0.9270094  -1.          0.03530191]
OC(CCN1CCCC1)(c1ccccc1)C1CCCCC1,[-0.22225168  0.76972294 -0.97966784 -0.5837448   0.7758462 ]
CC1CCC(N)CC1N,[ 0.19499202  0.82094365 -0.7628551  -0.1820616   0.0114497 ]
C=C(C)c1ccc(C(C)(C)N=C=O)cc1,[ 0.07974241  0.93081874 -0.67215115 -0.71125466 -0.48514462]
COP(N)(=O)SC,[-0.77096075  0.78990954 -0.9374492  -0.6783967   0.14205979]
COC(=O)C1=C(C)NC(C)=C(C(=O)OCCN(C)Cc2ccccc2)C1c1cccc([N+](=O)[O-])c1,[ 0.42016837  1.         -0.7251073  -0.7361818  -0.23785748]
CCc1nc(N)nc(N)c1-c1ccccc1,[ 0.37863392  0.8912409  -0.85583806 -1.         -0.08363702]
CC(C)CNC(=O)NS(=O)(=O)c1ccc(Cl)cc1,[-0.34775582  0.7673442  -0.75063384 -0.7890063   0.5441457 ]
Oc1cc(Cl)c(Cl)c(Cl)c1Cl,[-0.22695123  0.23986323 -1.         -0.48225588 -0.33326036]
CCCN(N=O)C(N)=O,[-0.55748665  0.8456813  -0.20325476 -0.9786423  -0.06688966]
O=C(NC[C@@H](O)CN1CCC(Oc2ccc(Cl)c(Cl)c2)CC1)c1c[nH]c(=O)c2cc(F)ccc12,[-0.00729601  0.70027065 -0.9366972  -1.          0.54275835]
CCCOP(=O)(SCCC)SCCC,[-0.1822745   0.7073866  -0.25745237 -1.         -0.2984909 ]
NCC1CCC=CO1,[-0.4650161   0.6768078  -0.6623772  -0.77479684  0.28031987]
O=C(Nc1ccccc1-c1ccccc1)OC1CCN(CCCCCCCCCNC[C@H](O)c2ccc(O)c3[nH]c(=O)ccc23)CC1,[-0.01317393  0.92611665 -1.         -0.720406   -0.20725477]
COc1cc2ncc(C(N)=O)c(Nc3cccc(Cl)c3Cl)c2cc1N1CCN(C)CC1,[ 0.12368881  0.62791026 -0.78294224 -0.9018927  -0.36251175]
CCn1cc(C(=O)O)c(=O)c2cc(F)c(N3CCN(C)CC3)cc21,[ 0.05681003  0.8381659  -0.74099433 -0.27395955  0.21742745]
CC(C)N(C(=O)SCC(Cl)=C(Cl)Cl)C(C)C,[ 0.69248563  0.29600865 -0.65016514 -0.7192957  -0.09206421]
COc1cc(C(=O)NC2CCCNC2)cc(OC)c1OC,[ 0.16779035  0.55765176  0.43050417 -0.46942523 -0.2644459 ]
O=P([O-])([O-])C(O)(Cn1ccnc1)P(=O)([O-])O,[-0.52201396  0.16126403 -0.6684953  -0.20490903  0.15324552]
C[C@H](Cc1cccc(CC(=O)NC23CC4CC(CC(C4)C2)C3)c1)NC[C@H](O)c1ccc(O)c(CO)c1,[ 0.15665197  0.7493635  -0.7804244   0.10117657 -0.47783378]
CN(C)CC/C=C1/c2ccccc2COc2ccc(CC(=O)O)cc21,[ 0.09817906  0.5880225   0.01383559  0.37554917 -0.01795401]
CN1[C@@H]2CC[C@@H]1CC(OC(=O)C(CO)c1ccccc1)C2,[-0.13983567  0.87390697 -0.8335264  -0.37568948 -0.47550157]
CCCC1CC(C(=O)NC(C(C)Cl)C2OC(SC)C(O)C(O)C2O)[NH+](C)C1,[ 0.46416515  0.61464345 -0.7691986  -0.17853104 -0.39542687]
CC1CS1,[ 0.14684513  0.97617024 -0.80320215 -0.93111557 -0.08641595]
CC(C)Nc1nc(Cl)nc(NC(C)C)n1,[ 0.45866615  0.98761535 -0.80489093 -0.6612372   0.18380268]
ClCC1CO1,[ 0.5299099  0.7130743 -0.7911444 -0.8548486 -0.2544757]
CCOC(C)=Cc1oc2ccccc2[n+]1CCCS(=O)(=O)[O-],[ 0.19872724  0.94012445 -0.8918624  -0.65661573  0.33175114]
ClCC(Cl)Cl,[ 0.44598305  0.56221557 -0.9658016  -0.8048199  -0.114178  ]
CC(C)CCC(C)Nc1ccc(Nc2ccccc2)cc1,[-0.08979727  0.7139146  -1.         -0.9483904  -0.35783607]
CN1C[C@@H]2c3ccccc3Oc3ccc(Cl)cc3[C@H]2C1,[-0.08355673  0.4890336  -0.27214563 -0.5797166  -0.658097  ]
c1ccc2c(c1)CC(N1CCN(c3cccc4c3OCCO4)CC1)C2,[ 0.00249395  0.8748128  -0.6811472  -0.71486825 -0.12367963]
CNC(=O)Oc1ccc(CCC#N)cc1,[ 0.4349879  0.904197  -0.7050763 -0.8149267  0.3179399]
CCOP(=S)(OCC)Oc1cc(-c2ccccc2)on1,[ 0.3669611   1.         -0.8148624  -0.13634928  0.04011967]
OCC(O)CO,[ 0.43481427  0.67566454 -0.6591842  -0.12307984  0.48729736]
CN1C(=O)CN=C(c2ccccc2F)c2cc(Cl)ccc21,[ 0.38096213  0.75671315 -0.6764094  -0.50632674  0.02366243]
[NH3+]C(C(=O)NC1C(=O)N2C(C(=O)[O-])=C(CSc3c[n-]nn3)CSC12)c1ccc(O)cc1,[ 0.10332838  0.7393366  -0.45203787  0.35811123  0.1238526 ]
O=P([O-])([O-])C(Cl)(Cl)P(=O)([O-])O,[ 0.49781933  0.8607839  -0.90982074 -0.5974662  -0.3708671 ]
CCOP(=O)(CC)SC,[ 0.11256279  0.8303578  -0.7854792  -1.          0.49570176]
O=C1CCc2cc(C=CCN3CCN(c4ccc(Cl)cc4)CC3)ccc2N1,[ 0.4570889   0.6937951  -0.3685311  -0.61783063 -0.2690852 ]
O=C(O)CCCCCC(=O)O,[ 0.31141186  0.90528303 -0.4177026  -0.28960964 -0.2425466 ]
O=NN(c1ccccc1)c1ccccc1,[ 0.68513626  0.8205447  -0.6917101  -0.77161086  0.7751679 ]
Oc1ccc2c(c1)CCC2,[ 0.44974083  0.8619033  -0.6741813  -1.         -0.05069715]
CC(C)[N+](=O)[O-],[ 0.54351175  0.90337455 -0.87459844 -0.5925512  -0.59996116]
CC1CCCCOC1=O,[ 0.61927664 -0.9451179  -0.7890303  -0.47718912 -0.4090124 ]
Fc1cc2nc(C(F)(F)F)[nH]c2cc1Cl,[ 0.48390263  0.6712385  -0.68323463 -0.7069869  -0.2985627 ]
CCCCc1nc(Cl)c(CO)n1Cc1ccc(-c2ccccc2-c2nnn[nH]2)cc1,[ 0.03857116  0.9131888  -0.96886593 -0.760598    0.5462425 ]
COc1cc(OC)c(S(=O)(=O)N2c3ccccc3CCC2C)cc1NC(=O)CSCC(=O)O,[-0.07156998  0.83589864 -0.5427175  -0.85731936  0.7825238 ]
O=C(OCC1CO1)c1ccccc1C(=O)OCC1CO1,[ 0.31432977  0.4574272  -0.6888425   0.80806744  0.24216205]
CC1(C)C(C=C(Cl)Cl)C1C(=O)OCc1c(F)c(F)c(F)c(F)c1F,[ 0.28172696  0.8739003  -1.         -0.7331698   0.03584339]
CN(C)c1ccc(O)c2c1CC1CC3C([NH+](C)C)C([O-])=C(C(N)=O)C(=O)C3(O)C(O)=C1C2=O,[ 0.44410935  0.8069741  -0.8434753  -0.5498219   0.68907285]
Cn1c(COP(=O)(NCCBr)NCCBr)cnc1[N+](=O)[O-],[ 0.01989655  0.81110686 -0.9130255   0.03538658 -0.09794937]
CNC(=O)c1cccc2c(Nc3ccc(NS(C)(=O)=O)cc3OC)c3cccc(C)c3nc12,[-0.28835422  0.71184254 -0.8560779  -0.5406604   0.5502983 ]
CCC(CCCCOC(=O)c1ccccc1)COC(=O)c1ccccc1,[ 0.34979028  0.814729   -0.772986   -0.70299935 -0.59194   ]
Cc1cc(Nc2cncc(N[C@@H](C)c3ccc(F)cn3)n2)n[nH]1,[ 0.06799633 -0.73701066 -0.3957448  -0.12575288 -0.24166669]
CP(=S)(Oc1ccccc1)Oc1ccc(C#N)cc1,[ 0.2591609   0.7628826  -0.68398416  0.3395147  -0.4676082 ]
CN(C)NC(=O)CCC(=O)O,[ 0.28428173  0.19825213 -0.7624832  -0.47794154 -0.19258128]
CC(O)C(=O)Nc1c(I)c(C(=O)NC(CO)CO)c(I)c(C(=O)NC(CO)CO)c1I,[ 0.31454203  0.69238365  0.65477335 -0.3302261  -0.38800257]
CCC(C)(C)OC(=O)Nc1ccco1,[ 0.5496069   1.         -0.7905324  -0.15579675  0.03567339]
CC(C)NCC(O)COc1ccc(COCCOC(C)C)cc1,[-0.3891087   0.8978222  -0.6950018  -0.8844424   0.01408019]
C[C@@H]1O[C@@H](O[C@H]2[C@@H](O)C[C@H](O[C@H]3C[C@](O)(C(=O)CO)Cc4c(O)c5c(c(O)c43)C(=O)c3ccccc3C5=O)O[C@H]2C)C[C@H](N)[C@@H]1O,[-0.3908341   0.47268832  0.44604835 -0.47820163 -0.43887815]
FC(F)(F)c1nc2c(I)cc(I)cc2[nH]1,[ 0.41570133  0.628259   -0.7786999  -0.7186767   0.3539713 ]
CCN1C(=O)NC(c2ccccc2)C1=O,[ 0.1407545   0.45243773  0.01513545 -0.8445905  -0.05839077]
c1c[nH]cn1,[ 0.48680237  0.956175   -0.6536182  -0.20345947 -0.44006345]
C[C@H](CSN=O)C(=O)N1CCC[C@@H]1C(=O)O,[ 0.10955858  0.8676084  -0.89318424 -0.9651683   0.0924297 ]
O=C(Oc1ccccc1)c1ccccc1C(=O)Oc1ccccc1,[ 0.1464284   0.50084203 -0.8733372  -0.4462378  -0.23025899]
CCCCCCCCCCCCCCCCCCOP(=O)([O-])OCC[N+]1(C)CCCCC1,[ 0.0101856  -0.9095638  -0.57533836 -0.3509945  -0.32150838]
CC(C)(C)c1cc(O)ccc1O,[ 0.27032462  0.9060128  -0.27751765  0.54217565  0.32180923]
Cc1cn([C@H]2CCCN([C@H](CC(C)C)c3ccc(C(=O)O)c(Oc4cccc(Cl)c4)c3)C2)c(=O)[nH]c1=O,[ 0.04274319  0.9009944  -0.8508368  -0.7981211  -0.5278793 ]
CCCCC(CC)(C(=O)OCC)C(=O)OCCN(CC)CC,[ 0.34961486  1.         -0.8189575  -0.6030478   0.19528297]
CC(=S)NC[C@H]1CN(c2ccc(-c3nnc(CNS(C)(=O)=O)s3)c(F)c2)C(=O)O1,[ 0.69692016  0.88738036 -0.7586515  -0.21459621 -0.2155542 ]
O=C(O)c1nn(Cc2ccc(Cl)cc2Cl)c2ccccc12,[ 0.3482555   0.5095426  -0.88135874 -0.9419704  -0.36808962]
Clc1cc(Cl)cc(Cl)c1,[ 0.17394356 -0.74267346 -0.6390229  -0.5968486   0.6662506 ]
Nc1nc2ccc(OC(F)(F)F)cc2s1,[-0.5093888  -0.86795235 -0.58336073 -0.42640188 -0.09895322]
CCCS,[ 0.15603498  0.95213073 -0.84374976 -0.33801714  0.09894203]
CC1(C)C2CC=C(CCO)C1C2,[ 0.36406532  0.5738789  -0.69941944 -0.35293275  0.17100799]
CNC(=O)[C@@H]1Cc2cn(cn2)CC(=O)N2CCC[C@H]2C(=O)N[C@@H](C)C(=O)N1C,[ 0.4100839   0.68917495 -0.8157373  -0.9274688  -0.24431686]
CNC(=O)ON=C(C)SCC(=O)N(C)C,[ 0.37962872  0.3150869  -0.21516661  0.9398943   0.40765196]
CCOP(=O)(OCC)N(C)c1ccccc1,[ 0.4808761   0.7607304  -1.         -0.23994792  0.4785665 ]
COc1cnc(-c2ccccc2C(F)(F)CNC(=O)c2ccc(COCC(F)(F)F)nc2)cn1,[-0.1258886   0.85482943 -0.70153123 -0.8655225   0.22127342]
CCCCC(CC)COCCC#N,[ 0.3396001   0.7138149  -0.20062636 -1.         -0.11883241]
CCCCOC(=O)CC(SC(CC(=O)OCCCC)C(=O)OCCCC)C(=O)OCCCC,[ 0.10823691  0.9081627  -0.42130202 -0.4032345   0.05954905]
O=C(CCCCC(=O)OCC1CC=CCC1)OCC1CC=CCC1,[-0.6661309  -0.65279865 -0.91972023 -0.72847086 -0.35950348]
C[N+](C)(Cc1ccc(NC(=O)c2ccc(Cl)c(Cl)c2)cc1)C1CCOCC1,[-0.11513144 -0.5349911  -0.7087479  -0.41342136  0.06856245]
CC(=O)OCCOCCOCCOC(C)=O,[ 0.31436652  0.47930706  0.9481273  -0.63146615  0.02411987]
COCCNC(=O)c1ccc(Nc2ncc3cc(-c4ccncc4)ccc3n2)cc1C,[ 0.6479221  -0.04617734 -0.80693483 -0.2117961   0.5604598 ]
CCNC(=O)C=Cc1cccc(Br)c1,[-0.07069827  0.3865427  -0.79009134  0.20975238  0.12022424]
O=C(Nc1ccc(Br)cc1)c1cc(Br)cc(Br)c1O,[ 0.7564558  -0.61885697 -0.6068946  -0.880086   -0.53102154]
O=NN1CCCCC1,[-0.27010536  0.91642123 -0.8574252  -0.6576414   0.17352043]
CCCSP(C)(=S)Oc1ccccc1,[ 0.572899    0.6447985  -0.73946494 -0.53357095  0.453073  ]
CCCCOc1ccccc1NC(C)=O,[-0.46713758 -0.47018304 -0.18123962 -0.45306787  0.51964253]
COc1cc(OC)c(C(=O)CCCN2CCCC2)c(OC)c1,[ 0.28184342  0.76506525 -0.71518195 -0.8337923  -0.31804305]
C[S+]([O-])Cc1ccc(C(=O)Nc2ccc(OCCOCCO)nc2C(=O)NCC2CCC2)c2ccccc12,[-0.1094121   0.93450224 -0.73389596 -0.5830823  -0.05726133]
CCC(=O)Nc1ccc2[nH]c(C(F)(F)F)nc2c1,[-0.32953367  0.55915344 -0.9073238  -0.71072906  0.45360613]
COC(=O)c1cc([N+](=O)[O-])ccc1Cl,[ 0.39037284  0.8039151  -0.6483255  -0.8021797  -0.08817596]
Nc1ccc(F)c(F)c1F,[-0.36913663  0.6500817  -0.3853478  -0.9102755   0.7193284 ]
C=COC(=O)C=CC,[-0.2631941   0.98578304 -0.62638927 -0.82795    -0.12487618]
FC(F)=C(F)CCSc1ncccn1,[-0.08405404  0.7408174  -0.9974024  -0.69594616  0.4610312 ]
CCN(CC)CCNC(=O)c1cc(Br)c(N)cc1OC,[ 0.034459    0.8926377  -0.6123322  -0.80949384  0.17081548]
O=C(Cl)CCl,[ 0.4677671   0.7026762  -0.6299803  -0.64576644 -0.18355173]
Cc1cnc(-c2cc(NC(=O)c3ccc(C(F)(F)F)nc3C)ccc2Cl)[nH]1,[ 0.2486958  -0.13637131 -0.6297165  -0.8596101   0.25830016]
N#CCc1ccccc1,[ 0.14435013  0.7762337  -0.41258535 -0.8015735  -0.31852472]
CCCCOC(=O)C1CC1OCCCC,[ 0.15706564  0.52380884 -0.5517625  -0.18428704  0.12088645]
Cc1ncc(C[n+]2csc(CCO)c2C)c(N)n1,[ 0.4801526   0.8693972  -1.         -0.7759526   0.21909218]
C=CC(=O)OCC(CC)CCCC,[-0.16072181  0.6454923  -0.6924552  -0.6215649   0.50247246]
CCC(=O)NC[C@H]1CN(c2ccc(-c3nncs3)c(F)c2)C(=O)O1,[-0.22860457  0.7707955  -0.69277704 -0.570959    0.3453927 ]
CC(C)C1NC(=O)c2ccccc2O1,[ 0.06108105  0.8222326  -0.91497713 -0.86885095 -0.08584261]
CCN(N=O)C(C)OC,[ 0.48224443  0.8870073  -1.         -1.          0.43975502]
Cc1ccc2c(c1)c(Sc1cccc(Cl)c1)c(C)n2CC(=O)O,[-0.0169133   0.7909837  -0.74599075 -0.7571088  -0.13982698]
Cc1cc(Cl)ccc1OCC(=O)Nc1ccccc1,[-0.42984015  0.958274   -0.78361195 -0.52710724  0.04881862]
CC(CO[N+](=O)[O-])(CO[N+](=O)[O-])CO[N+](=O)[O-],[ 0.106504    0.84541285 -0.77667814  0.24905898 -0.04342341]
C=C(C)C(=O)OCCC[Si](OC)(OC)OC,[-0.14464921  0.8932365  -1.         -0.7582446  -0.42898855]
Nc1c(Cl)c(Cl)c2[nH]c(C(F)(F)F)nc2c1Cl,[ 0.3444344   0.5275593  -0.55739313 -0.8232441  -0.30780366]
CSCCC(OC(C)=O)C(=O)O,[ 0.10893799  0.75393397 -0.5882118  -0.80969965 -0.22436625]
CN=C=S,[ 0.42606962  0.4259834  -0.69167864  0.4384405   0.01486318]
COc1ccc(-c2cc(=O)c3ccc(OC)cc3o2)cc1,[ 0.11559638  0.8073996  -0.83985376 -0.27797177  0.27142417]
CCOC(=O)C(CCc1ccccc1)NC(C)C(=O)N1C(C(=O)[O-])CC2CCCCC21,[ 0.12107641  0.78721726  0.25299293 -0.08279384 -0.26934484]
CNC(=O)c1c(I)c(NC(C)=O)c(I)c(C(=O)[O-])c1I,[ 0.2531198   0.94216645 -0.39642477 -0.7126151  -0.42372462]
C[Si](C)(C)CCCC(=O)O,[-0.19330941  0.7654749  -1.         -0.62136763  0.12877865]
O=C(CCl)OCCOCCO,[-0.17672844  0.3803794  -0.9709423  -0.86980456 -0.03789954]
c1ccc(COCc2ccccc2)cc1,[-0.16876674  0.76304287 -0.8931816  -0.4586127  -0.09206355]
CCCOP(=O)(OC=C(Cl)Cl)OCCCl,[ 0.21255256  0.7957823  -0.8775123  -0.9504045  -0.2945323 ]
CCC(=O)OCc1ccc(OC)cc1,[ 0.4168585  -0.1728427  -0.00076984 -0.4761492  -0.06664141]
CC(NC(C)c1ccccc1)c1ccccc1,[ 0.5355988   0.9935438  -1.         -0.48912737  0.21588488]
CC(C)=CCN1CCC2(C)c3cc(O)ccc3CC1C2C,[ 0.27508885  0.96351075 -0.86670214 -0.801517    0.3064265 ]
Cc1cn([C@H]2CCCN(S(=O)(=O)c3ccc(C(N)=O)c(Oc4cccc(Cl)c4)c3)C2)c(=O)[nH]c1=O,[-0.27199    0.8393172 -0.8694701 -0.8111544 -0.205868 ]
COc1ccc2ncc(F)c(CCN3CCC(NCc4cc5c(cn4)OCCO5)CC3)c2n1,[ 0.27060357  0.9297587  -0.0027954  -0.8077674   0.6149947 ]
FC(F)(F)c1nc2c(Cl)c(Cl)cc(Cl)c2[nH]1,[ 0.22998926  0.12302998 -0.69341934 -0.6889254   0.19656174]
C1=CC2C3C=CC(C3)C2C1,[ 0.19431162  0.798262   -0.592306   -0.882753   -0.47128788]
CC(=O)N(C)c1ccc2ccn(-c3cc(NC4CC4)n4ncc(C#N)c4n3)c2c1,[ 0.06418384  0.09786013 -0.64699924 -0.53671986 -0.08878712]
O=C(COc1ccc(Cc2ccc(Cl)cc2)cc1)OCc1cccnc1,[-0.23836339  0.98206013 -0.83126193 -0.9170517   0.13298832]
O=c1[nH]c2c(O)ccc([C@@H](O)CNCCSCCCNCCc3cccc(Cl)c3Cl)c2s1,[ 0.43352854  0.43373993 -0.7362506  -0.14844368 -0.14390765]
C=CC(=O)OCCCCCCOC(=O)C=C,[ 0.495875    0.33959255 -0.7113527  -0.96271616 -0.2724805 ]
CC(C)NCC(O)COc1cccc2ccccc12,[ 0.40896657  0.630949   -0.7334844  -0.92160165 -0.5763225 ]
O=C(Cl)c1cccc(C(=O)Cl)c1,[ 0.32004616  0.31362033 -0.874273   -0.66185635 -0.22825474]
CC1CS(=O)(=O)CCN1N=Cc1ccc([N+](=O)[O-])o1,[ 0.46835712  0.6683713  -0.12782179 -0.29922503 -0.08198854]
COCCOCc1ccccc1,[ 0.49377412  0.83301634 -0.8640679  -0.57508785  0.11014723]
COP(=S)(OC)SCC(=O)N1CCOCC1,[ 0.5285124   0.6745784  -0.9823939  -0.3220946  -0.05149616]
Clc1ccc(N2N=NC3C4CC(C5N=NC45)C32)cc1,[ 0.06777128  0.76431495 -0.4218867  -0.64831626 -0.286563  ]
COP(=O)(OC)OC(=CCl)c1cc(Cl)ccc1Cl,[-0.4266573   0.895539   -0.92516863 -0.60477215 -0.17945614]
CNC(=O)OCc1cccc(COC(=O)NC)n1,[ 0.25045654  0.71531606 -0.4610906  -0.09738811  0.17086975]
COC(=O)C1=C(C)NC(C)=C(C(=O)OCCN(C)Cc2ccccc2)C1c1cccc(N(O)O)c1,[ 0.12180244  0.964264   -0.46364114 -0.746574   -0.28080878]
CCS(=O)CCSP(=O)(OC)OC,[ 0.23977318  0.89137065  0.56737006 -0.49963474  0.24086887]
CO/N=C(/C(=O)NC1C(=O)N2C(C(=O)[O-])=C(C[N+]34CCC(C(N)=O)(CC3)CC4)CSC12)c1nsc(N)n1,[ 0.05404443  0.83245355 -0.955143   -0.8131712   0.15798852]
CCCOCCN(C(=O)CCl)c1c(CC)cccc1CC,[ 0.14223477  0.9735235  -0.10262772 -0.25239244  0.1572485 ]
COc1cc2nc(N3CCN(C(=O)c4ccco4)CC3)nc(N)c2cc1OC,[ 0.32329017  0.3617343  -0.7175062  -0.4401058   0.73116004]
CCC(CC)(C(=O)O)c1cccc2ccccc12,[-0.08749901  0.631273   -1.         -0.9004206   0.17805934]
O=C(NCCNCC(O)COc1ccc(O)cc1)N1CCOCC1,[ 0.1016007   0.33355802 -1.         -0.89504015 -0.11829403]
O=C1OCC2C1C1(Cl)C(Cl)=C(Cl)C2(Cl)C1(Cl)Cl,[ 0.39015225  0.71352327 -1.         -0.71405774  0.5688526 ]
CC=C(C(=O)NC(N)=O)C(C)C,[ 0.0780974  -0.51655346 -0.70918196 -0.95956504 -0.11825694]
CC(C)CCI,[ 0.33494243  0.8748766  -0.8359813  -0.38054335 -0.13540274]
OCCOCCN1CCN(C(c2ccccc2)c2ccccc2)CC1,[-0.2133264  -0.21027319 -0.21290022 -0.5961705  -0.14177397]
CN(CCO)Cc1cc(C(=O)c2cccs2)cc(C(C)(C)C)c1O,[-1.          1.         -0.87103254 -0.6569715   0.03795503]
CCOP(=S)(OCC)SCC(=O)N(CCC#N)c1ccccc1,[ 0.24031888  1.         -0.8284731  -0.6583108   0.10959931]
CC(C)(C)[NH2+]CC(O)c1cc(O)cc(O)c1,[ 0.22524899 -0.03690331 -0.95442784 -0.8646183  -0.39365345]
COc1cc(OC)c(S(=O)(=O)N(c2ccccc2)C(C)C)cc1NC(C)=O,[ 0.03510451  0.4975472  -0.23026498 -0.6025164  -0.14078808]
CCCCN(CCCC)SN(C)C(=O)ON=CC(C)(C)SC,[ 0.14284515  0.18017286 -0.9709431  -0.51244235 -0.48068616]
O=C(O)c1ccccc1-c1c2ccc(=O)cc-2oc2cc(O)ccc12,[-0.3400695   1.         -0.7750023  -0.6626503   0.50468546]
CC(C)=CC1C(C(=O)OC(C#N)c2cccc(Oc3ccccc3)c2)C1(C)C,[ 0.28437576 -0.02169046 -0.7294428  -0.70071083  0.678111  ]
CCOC(=O)CCC1(CCC(=O)OCC)c2ccccc2-c2ccccc21,[-0.01614765  0.8039051  -0.8692023  -0.68106425 -0.4347444 ]
CC(=O)c1ccc2c(c1)N1C(=O)OCC1CC2,[ 0.43324345  0.4106369  -0.82377774 -0.721755    0.08540816]
CC(C(O)c1ccc(O)cc1)[NH+]1CCC(O)(c2ccccc2)CC1,[-0.08617931  0.34120622 -0.56357515 -0.7078997  -0.18980093]
COc1cc([C@@H]2c3cc4c(cc3[C@@H](O[C@@H]3O[C@@H]5CO[C@@H](C)O[C@H]5[C@H](O)[C@H]3O)[C@H]3COC(=O)[C@H]23)OCO4)cc(OC)c1O,[-0.17851157  0.895584   -0.6969937  -1.          0.49834928]
C#CCN(C)c1ccccc1OC(=O)NC,[ 0.19598821 -0.69406575 -1.         -0.58668566 -0.37754813]
COP(=S)(OC)Oc1ccc(C#N)cc1C,[-0.43098742  1.         -0.6382708  -0.9054349  -0.13302352]
CC(=O)Nc1ccc(C)c(NS(=O)(=O)C(F)(F)F)c1,[ 0.51418424  0.48561254 -0.6739925  -0.7552582  -0.33704233]
C/C=C/c1cc(OC)c2c(c1)C(C)C(c1cc(OC)c(O)c(OC)c1)O2,[ 0.74723595  0.3157863  -0.6381229  -0.8646711  -0.09967659]
CCC(C)N(C)C(=O)c1cc2ccccc2c(-c2ccccc2Cl)n1,[ 0.61795557  1.         -0.8071994  -0.9051467  -0.49738353]
CC[C@H]1OC(=O)[C@H](C)[C@@H](O[C@H]2C[C@@](C)(OC)[C@@H](O)[C@H](C)O2)[C@H](C)[C@@H](O[C@@H]2O[C@H](C)C[C@H](N(C)C)[C@H]2O)[C@](C)(O)C[C@@H](C)C(=O)[C@H](C)[C@@H](O)[C@]1(C)O,[ 0.17633255 -0.96133816 -0.4779153  -0.97713923 -0.12134489]
Brc1ccc2[nH]cc(CC3CCNCC3)c2c1,[ 0.1918251   0.9152352  -0.36836654 -0.9015108  -0.06337369]
O=[N+]([O-])N1CN([N+](=O)[O-])CN([N+](=O)[O-])C1,[ 0.52367395  0.5728095  -0.7835695  -0.60204095 -0.45888636]
CN(C)CCOCCOCCN(C)C,[-0.36143917  0.8237863  -0.62177896 -0.83530086 -0.19922367]
C/C([O-])=C(\C#N)C(=O)Nc1ccc(C(F)(F)F)cc1,[ 0.4276348   0.5056888  -0.52685    -0.63610786 -0.14658713]
CC(C)NCC(O)c1ccc(O)c(O)c1,[ 0.19882183  0.8622927  -0.8116525   0.01776911 -0.4110359 ]
Cn1c(=O)sc2cccc(Cl)c21,[ 0.12800789  0.98413587 -0.46782663 -0.8567446  -0.21476923]
CC[C@H]1NC(=O)[C@@H](NC(=O)c2ncccc2O)[C@@H](C)OC(=O)[C@H](c2ccccc2)NC(=O)[C@@H]2CC(=O)[C@H](CS[C@@H]3CN4CCC3CC4)CN2C(=O)[C@H](Cc2ccc(N(C)C)cc2)N(C)C(=O)[C@@H]2CCCN2C1=O,[-0.23976608 -0.9021303  -0.88158625 -0.88152504  0.02936202]
O=C(CN1CCOCC1)NN=Cc1ccc([N+](=O)[O-])o1,[ 0.34993157  0.7985659  -0.6671641  -0.5759901  -0.00122694]
CCCC(=O)OC1(C(=O)COC(=O)CC)CCC2C3CCC4=CC(=O)CCC4(C)C3C(O)CC21C,[-0.33231083  0.55144244 -0.6949739  -0.9131669   0.45031673]
c1ccc2[nH]c(-c3cscn3)nc2c1,[ 0.4184397   0.7374538  -0.6754878  -0.26076558 -0.11625876]
CCCNC(=N)C(OCC)c1ccccc1,[ 0.09595158  0.7468098  -0.3956949  -0.16272531  0.1455524 ]
CC(NNC(=O)c1ccccc1)c1ccccc1,[ 0.02353723  0.87694687 -0.98221725 -1.          0.25008586]
CCC(=O)OC1C(C)OC(OC2C(C)OC(OC3C(CC=O)CC(C)C(O)C=CC=CCC(C)OC(=O)CC(OC(C)=O)C3OC)C(O)C2N(C)C)CC1(C)O,[-0.3596      0.9173727  -0.991514   -0.9057792  -0.28549695]
CC1[NH2+]Cc2cc(-c3ccc4c(=O)c(C(=O)[O-])cn(C5CC5)c4c3OC(F)F)ccc21,[-0.14812538  0.89371276 -0.7464851  -0.85829633 -0.14830476]
C[C@@H]1O[C@@H](O[C@H]2[C@H](Oc3cc(O)c4c(c3)O[C@H](c3ccc(O)cc3)CC4=O)O[C@H](CO)[C@@H](O)[C@@H]2O)[C@H](O)[C@H](O)[C@H]1O,[ 0.55209124  0.9519126  -0.5094424   0.77729017  0.25386608]
FC(F)(F)c1nc2c(Br)cc(Br)cc2[nH]1,[ 0.06338297  0.96004945 -0.9217865  -0.7690783  -0.4759051 ]
OCCOCCN1CCN(C(c2ccccc2)c2ccc(Cl)cc2)CC1,[ 0.39196876  0.23526445 -0.32060504 -0.6006004  -0.4547031 ]
O=C(O)COc1ccccc1,[ 0.31836444 -0.59233546 -0.1802845  -0.5364232  -0.23460998]
CC1CCC(C(C)C)C(O)C1,[-0.03419324  0.7244467  -0.7909517  -0.66736054 -0.3196201 ]
CC(C)(C)c1ccc(OP2OCC3(CO2)COP(Oc2ccc(C(C)(C)C)cc2C(C)(C)C)OC3)c(C(C)(C)C)c1,[-0.06332769  0.32110187 -0.45136946 -0.7216221   0.04832073]
O=C(O)c1cccc(Cl)n1,[-0.03964947  0.8389016  -0.24461314 -0.522445   -0.36118746]
C[C@@H]1NC(=O)[C@@H](C)N(C)C(=O)[C@H](C)N(C)C(=O)[C@@H](C)N(C)C(=O)[C@@H](C)N(C)C(=O)[C@H](C)NC1=O,[-0.35936725  0.5703467  -0.68722457 -0.6564683  -0.08746088]
COc1ccc(N)c([N+](=O)[O-])c1,[ 0.04821422  0.87868714 -0.71637344 -0.9845326  -0.00580573]
O=CNc1cc([C@@H](O)CNCCc2ccc(NC[C@H](O)c3ccccc3)cc2)ccc1O,[ 0.21235575  0.1866531  -0.5694744   0.8602385   0.5309172 ]
CCOP(=O)(OCC)OC(=C(Cl)Br)c1ccc(Cl)cc1Cl,[ 0.07996948  0.49353454 -0.63829577 -0.38457292 -0.3402997 ]
CC=Cc1ccc(OCc2ccccc2)c(OC)c1,[ 0.41418168  0.76042366 -0.812162   -0.4648767  -0.48100373]
C=CC(=O)N1CN(C(=O)C=C)CN(C(=O)C=C)C1,[ 0.10832098  0.61214006 -0.79250216 -0.6001594   0.59990054]
O=C(NC(CCc1ccc2c(c1)OCO2)CCc1ccc2c(c1)OCO2)c1ccc(Cl)cc1,[ 0.40419513  0.49830714 -0.6746183  -1.         -0.11722035]
NC(=O)Nc1cccc2c3c([nH]c12)CCCC3,[ 0.44543374  0.3180165  -0.86619556 -0.32741627 -0.10058404]
CCCCn1c(=O)n(CCC)c(=O)c2[nH]c(C)nc21,[ 0.27912977 -0.16774462 -0.78626674 -0.18262054 -0.02169115]
O=P(O)(O)C(O)(Cn1ccnc1)P(=O)(O)O,[-0.4291858   0.7191036  -0.8854315  -0.7678542   0.02541607]
CC(=O)Nc1ccc(CNc2[nH]nc3ccnc(Oc4ccccc4)c23)cc1,[ 0.3189792   0.74124163 -0.7327349  -0.64316535 -0.501356  ]
C#CC1(O)C(CO)OC(n2ccc(N)nc2=O)C1O,[-0.71427745  0.9315298  -1.         -0.5146452  -0.1767659 ]
CCCCCNCCCCC,[-0.04351425 -0.66384375 -0.5803907  -0.56735474 -0.0897487 ]
Oc1ccc(O)cc1,[ 0.05537641  0.8023578  -0.51043564  0.10571854 -0.10825696]
N=C(Nc1c([N+](=O)[O-])cnc2ccccc12)N1CCOCC1,[ 0.0225435   0.5053607  -0.8080939  -0.5575534   0.23076065]
CCOP(=O)(OCC)Oc1ccc(S(C)(=O)=O)c(C)c1,[-0.3960161   0.8420586  -0.8819897  -0.80354595 -0.14720759]
CC1=C2C[C@H]3[C@@H](CC=C4C[C@@H](O)CC[C@@]43C)[C@@H]2CC[C@]12O[C@@H]1C[C@H](C)CN[C@H]1[C@H]2C,[-0.44215792  0.95950294 -0.43494374 -0.67859894 -0.22213414]
Cc1cnc(NCCCN(C)C)c2c1[nH]c1ccc3cc(O)ccc3c12,[ 0.2647248   0.9407298   0.38683182 -0.49009457  0.12538968]
CCOC(=O)C=Cc1ccc(Cl)cc1,[ 0.32331    -0.10031568 -0.7348177  -0.01633187 -0.0327335 ]
Cc1ncccc1Oc1ncnc(OC2CCN(C(=O)OC(C)C)CC2)c1C,[ 0.4503227   0.36541137 -0.66097474  0.5329379  -0.21665168]
Cc1ccc(NC(=O)c2ccc(C#N)cc2)cc1-n1cnc2ccc(N3CCN(C)CC3)cc2c1=O,[-0.17450456  0.9433251  -0.97011787 -1.          0.5632471 ]
CC(C)=CCOC(=O)c1ccccc1,[ 0.23869592  0.3098268  -0.19888802 -0.6337296   0.04808345]
Cc1c(Sc2ccc(Cl)cc2)c2c(-c3ccccc3)cccc2n1CC(=O)O,[ 0.14968951  0.93150336 -0.39488745 -0.6456265   0.3185357 ]
CCOC(=O)CCC[Si](C)(OCC)OCC,[ 0.39445525  0.88372433 -0.7132936  -0.755409   -0.26799822]
C=CC(=O)Nc1ccc(O)cc1,[-0.262756   -0.35240278 -0.86287534 -1.         -0.02588452]
FCOC(C(F)(F)F)C(F)(F)F,[ 0.05951115  0.00421971 -0.78025985 -0.37129706  0.53824234]
CN(C)S(=O)(=O)N(SC(F)(Cl)Cl)c1ccccc1,[ 0.34018984 -0.8259202  -0.7911516  -0.21060653  0.40827328]
CCN1CN(CO)C(=O)N(CO)C1,[ 0.62878776  0.2622119  -0.5845999  -0.86599416 -0.3810296 ]
Nc1ccc(S(=O)(=O)O)c2cccc(O)c12,[-0.08357803  0.9283007  -0.73391473 -0.84211     0.48166507]
O=c1c2nocc2c(-c2ccccc2)nn1-c1ccccc1,[-0.06435608  0.8210408  -0.7451774  -0.8750274   0.22469407]
O=C(CCl)CCl,[ 0.10042541  0.7800858  -0.77904314 -1.          0.8931096 ]
COCCNCc1ccc(Nc2ncc3cc(-c4ccncc4)ccc3n2)cc1,[ 0.1915827   0.78431576 -0.94356364 -0.7614966  -0.38736978]
O=[N+]([O-])c1cc(C2CCCCC2)c(O)c([N+](=O)[O-])c1,[ 0.44756624  0.60509896 -0.63679594 -0.51267093  0.12699704]
CC1CCC2(O)C3(C)CC4(O)OC2(C1O)C1(O)C3(O)C(OC(=O)c2ccc[nH]2)C(O)(C(C)C)C41C,[ 0.00760046  0.89111096 -0.8205918  -0.59983784 -0.02041016]
C=C(C)C(=O)OCCCC,[-0.00160325  0.71339905 -1.         -0.9267939   0.6705962 ]
Nc1ccc(N)cc1,[ 0.17466335  0.74476856 -0.26987222 -0.5999352  -0.08650222]
CC(C)c1cccc(OC(=O)N(C)C)c1,[ 0.07282438  0.38530743 -0.7424319  -0.7047407  -0.04431676]
COc1cc2c3cc1Oc1cc(ccc1O)CC1c4c(cc(OC)c(O)c4Oc4ccc(cc4)CC3[NH+](C)CC2)CC[N+]1(C)C,[ 0.03934182  0.8237441  -0.68238884 -0.6937308  -0.23926818]
COc1cc(N)c2c(c1N)C(=O)c1ccccc1C2=O,[-0.0955578  0.5939218 -1.        -0.5122238 -0.0942826]
CON(C)C(=O)Nc1ccc(Cl)cc1,[-0.258369    0.7648487  -0.2077636  -0.87983066 -0.26104254]
Nc1nc2c(Cc3cccnc3)c[nH]c2c(=O)[nH]1,[ 0.03954187  0.843364   -0.45258546 -0.7199596   0.140544  ]
CO[Si](CCCn1c(=O)n(CCC[Si](OC)(OC)OC)c(=O)n(CCC[Si](OC)(OC)OC)c1=O)(OC)OC,[-0.215511    0.47603187 -0.7622852   0.21370809  0.04068188]
CC([NH3+])Cc1ccccc1,[-0.1176405   0.4092647  -0.9686295  -0.94670737 -0.37255377]
CNC(=O)/C=C(/c1ccc2nc(N)n(S(=O)(=O)C(C)C)c2c1)c1ccccc1-c1cccc2ccccc12,[ 0.15177707  0.7713317  -0.76470673 -0.87394327 -0.48608476]
N#Cc1c(-c2ccc(-c3ccncc3Cl)cc2)nc2ccncc2c1O,[ 0.18470538  1.          0.24215005 -0.44878578  0.08999521]
CNC(=O)ON=C(C)SC,[-0.33789867  0.84193164 -0.64943266 -0.41599956  0.02576465]
CCCCOCCOC(C)=O,[ 0.01077352  0.8794383  -0.8289296  -0.74375385 -0.00992334]
Cc1cc(-n2c(C)nc3ccccc3c2=O)n(-c2ccccc2)n1,[ 0.32823735  0.57869357 -0.40505147 -0.49124908 -0.322711  ]
CCN1C(=O)C=CC1=O,[ 0.13710245  0.69177514 -0.53556126 -0.7679714   0.12479076]
C[C@@H](NC(=O)C1CCCCN1C)c1ccc(Nc2ncc3cc(-c4ccncc4)ccc3n2)cc1,[ 0.04689947  0.8640475  -0.8145011  -0.63284546 -0.05481467]
Cc1c(Sc2ccc(Cl)cc2)c2c(S(C)(=O)=O)cccc2n1CC(=O)O,[-0.3037276   0.84013903 -0.91143703 -0.7490713  -0.36815727]
CC(C)(C)c1ccc2c(c1)C(C)(C)CC2,[-1.069472e-01  3.048323e-01 -6.147754e-01  6.201670e-01  5.722172e-04]
Cn1c(C2=CCN(CCCN3c4ccccc4Sc4ccc(CC(=O)O)cc43)CC2)cc(=O)n(C)c1=O,[ 0.33819956 -0.547975   -0.4757931  -0.41127288 -0.35542303]
CCCCCCCCCCCCCCCN,[ 0.17003337  1.         -0.7370304  -0.01284042  0.05824431]
CON=C(Cc1cccnc1)c1ccc(Cl)cc1Cl,[ 0.12649232  0.50571567 -0.7755738  -0.8768449   0.38087812]
C=CN(C)N=O,[ 0.28995997  0.08341388 -0.7912403  -0.23940764 -0.11983073]
O=[N+]([O-])c1cc(Cl)c(N=Nc2ccc(N3CCS(=O)(=O)CC3)cc2)c(Cl)c1,[ 0.01583221  0.6380799   0.23915707 -0.6556195  -0.305875  ]
C[C@@H]1NC(=O)[C@@H](C)NC(=O)[C@H](C)N(C)C(=O)[C@@H](C)N(C)C(=O)[C@@H](C)NC(=O)[C@H](C)N(C)C1=O,[-0.5368522   0.38806346 -0.735603   -0.86066043  0.49429744]
C(Oc1nc(OCC2CO2)nc(OCC2CO2)n1)C1CO1,[-0.08151939  0.79392564 -0.43351042 -0.73710984 -0.13287091]
S=c1[nH]c2cc(Cl)ccc2o1,[-0.07885602  0.82551897  0.41289878 -0.5219796  -0.2832686 ]
CCc1nc2cc(O)ccc2c(Oc2ccc(/C=C/C(=O)O)cc2)c1-c1ccccc1,[-0.130709    0.886059   -0.6681144  -0.77585804  0.4369651 ]
O=c1[nH]c2ccccc2n1CCCN1CCN(C(c2ccccc2)c2ccccc2)CC1,[ 0.36543298  0.72044635  0.03296894 -0.7005167   0.25192246]
CCCCCCCCCCCCCCCCCC(=O)Cl,[ 0.47547072  0.7718736  -0.7789495  -0.8631349  -0.3108165 ]
Cc1cc(C)c(C)cc1C,[ 0.1031526   0.85267156 -0.43116882 -0.7968456   0.39218023]
C=C(Cl)C(Cl)CCl,[-0.05921587  0.8927119  -0.22826153 -0.3295859  -0.03087983]
O=C(OCCc1ccccc1)c1ccccc1,[ 0.5759042   0.53098184 -0.8495423   0.12133095 -0.03613047]
C=CCN(C(=O)Cn1nc(C)ccc1=O)C(C)Cc1ccccc1,[ 0.37169355  0.71916115 -0.8313931  -0.6797848   0.57666296]
[O-][n+]1onc2c1c1no[n+]([O-])c1c1no[n+]([O-])c21,[ 0.4472151   0.6072469  -0.8598772  -0.82049584 -0.22515202]
CCOC(C1=NCCCN1)c1c(Cl)cccc1Cl,[ 0.55911607  0.6712675  -0.8242329  -0.56520957 -0.07230135]
COCC(=O)O[C@]1(CCN(C)CCCc2nc3ccccc3[nH]2)CCc2cc(F)ccc2[C@@H]1C(C)C,[-0.3332516   0.44209477 -0.8174564   0.58669084 -0.08525018]
COP(=O)(OC)ON1C(=O)c2cccc3cccc(c23)C1=O,[-0.09773354  1.         -1.         -0.29127687  0.07363294]
COc1ccc2c3c1OC1C(O)C=CC4C(C2)[N+](C)([O-])CCC341,[-0.16976699  0.8430116  -0.63298446 -0.7493023  -0.28471908]
Cc1ccc(N=CN(C)SN(C)C=Nc2ccc(C)cc2C)c(C)c1,[ 0.15715581  0.72119534 -0.05606658 -0.4357733   0.13949358]
CCCCCCCC=CC=O,[-0.02931008  0.7938496  -0.80857426 -0.86557657  0.38370427]
N#Cc1cc(Br)c(O)c(Br)c1,[ 0.4766579   0.7638085  -0.7646612  -0.7385792   0.69941473]
C=C(C)C1CC=C(C)C(O)C1,[-0.01730472  0.5904447  -0.08762001 -0.35877132  0.305038  ]
COc1ccccc1Oc1c([N-]S(=O)(=O)c2ccc(C(C)C)cn2)nc(-c2ccnc(-c3nnn[n-]3)c2)nc1OCCO,[ 0.6361066   0.8706338   0.05483756 -0.51448756 -0.37679   ]
O=C1CC2(CCCC2)CC(=O)N1CCCCN1CCN(c2ncccn2)CC1,[-0.15599363  0.8950905  -0.8544043  -0.68211085  0.4178545 ]
CCCOCCOC(=O)C1=C(C)NC(C)=C(C(=O)OCCOCCC)C1c1cccc([N+](=O)[O-])c1,[ 0.667822    0.83824587 -1.         -0.08010617  0.10578997]
c1ccc(C2CO2)cc1,[ 0.6194671   0.7311069   0.3192026  -0.5340606  -0.44579762]
Cc1c(CN2CCOC(c3ccccc3)C2C)c(=O)n(-c2ccccc2)n1C,[ 0.08533529  0.81228626 -0.5819046  -0.65033    -0.42508122]
Cc1cc(C)c(N)c(C)c1,[ 0.3907878   0.01943539 -0.74236834  0.16850922 -0.06994198]
CCCCC(C)(C)CO,[ 0.1602335   0.7173769  -0.54217935 -0.43386427  0.36840203]
COP(=S)(OC)SC1CSC=CO1,[-0.22637126  0.7770939  -0.9036867  -0.75521165  0.01176764]
COc1cc(OC)c(S(=O)(=O)NCc2ccccc2N2CCC(COC(=O)CCC(=O)O)CC2)cc1NC(=O)CCC(=O)O,[ 0.02807246  1.         -0.9311274  -1.         -0.31111974]
COc1cc(C=CC(=S)N2CCOCC2)cc(OC)c1OC,[ 0.31739628 -0.29533666 -0.48418328 -0.6432503  -0.10883332]
COP(=O)(OC)SC(CC(=O)OC(C)C)C(=O)OC(C)C,[ 0.28594106  0.8041323  -0.31024075 -0.5299475  -0.02493194]
COC(=O)Cc1ccccc1,[-0.01906327  0.91698277 -0.85964984 -0.6260027  -0.478535  ]
CN(C)CCCNCCCN(C)C,[ 0.22587903  0.2513879  -0.8364564   0.5400942   0.09077513]
CCCSP(C)(=S)SC(CC(=O)OCC)C(=O)OCC,[-0.33384833  0.98549324 -0.45801914 -0.7184932   0.17229491]
CC(C)NC(=O)c1cnc(N2CCC(N3C(=O)OCc4ccccc43)CC2)c(Cl)c1,[ 0.13122195  0.84060276 -0.5600701  -0.5461669  -0.0672726 ]
C[C@@H]1CC[C@H]2[C@@H](C)[C@@H](OC(=O)CCC(=O)O)O[C@@H]3OC4(C)CC[C@@H]1[C@@]23OO4,[ 0.22211882  0.9530005  -0.53933734 -1.          0.9120523 ]
CC(C)(C)NCCO,[-0.13016984  0.85920006 -0.8050949  -0.7550662  -0.01047073]
CCNC(=O)CSP(=S)(OC)OC,[ 0.42551535  0.8651054  -0.70089984 -0.7146121  -0.26535496]
COC(=O)c1ccccc1,[ 0.39500487  0.76141304 -0.69849735 -0.52275664 -0.03246743]
ClCC1C(CCl)C2(Cl)C(Cl)=C(Cl)C1(Cl)C2(Cl)Cl,[ 0.6760673   0.69569737 -0.74027693 -0.5838262   0.01878077]
ClCC(Cl)=C(Cl)Cl,[ 0.53695375  0.6499215  -0.7019236  -0.7775694  -0.21506622]
CCOP(=S)(OCC)OC(=CCl)c1ccc(Cl)cc1Cl,[-0.16198374 -0.06624829 -0.9070289   0.57089305 -0.18166888]
CC(C)CCCCCN(CCCCCC(C)C)CCCCCC(C)C,[ 0.51363695  0.85765487  0.6070067  -0.9274354  -0.1290481 ]
CCCCCCCCCCCC(=O)OCC(O)C1OCC(O)C1O,[ 0.2161698   0.55471385 -0.7038534  -0.5281866   0.05676619]
Cc1cc(Nc2nc(N[C@@H](C)c3ccc(F)cn3)c(C#N)nc2C)n[nH]1,[-0.09622348 -0.25304905 -1.         -0.30820176  0.04610864]
CCCCCCCCCCOC(=O)Cc1ccc(N(CCCl)CCCl)cc1,[ 0.122788   -0.3970665  -0.69262415  0.45178488  0.19959874]
C[C@@](N)(Cc1ccc(O)c(O)c1)C(=O)O,[ 0.08847509  0.73353827 -0.46688473 -0.8678591  -0.2188949 ]
CC1=C(CC(=O)O)c2cc(F)ccc2C1=Cc1ccc(S(C)=O)cc1,[ 0.16089511  0.8395731  -0.7618843  -0.1963316  -0.25932997]
C[NH2+]C(C)Cc1ccccc1,[-0.05795134 -0.09602872 -1.         -0.95078796  0.3468963 ]
CNCC(O)c1cccc(O)c1,[ 0.05252665  0.7556076  -0.8101195  -0.7769539  -0.03052195]
CC(C)(C)OC(=O)N1CCN(c2ncc(OCc3ccncc3)cn2)CC1,[ 0.0190381   0.89321035 -0.5100927  -0.5183915  -0.30747473]
ClC1=C(Cl)C(Cl)(C2(Cl)C(Cl)=C(Cl)C(Cl)=C2Cl)C(Cl)=C1Cl,[ 0.07734244  0.84112054 -0.7673034   0.11374204  0.38590604]
FC(F)(F)c1nc2cc(Br)c(Cl)cc2[nH]1,[ 0.05168955  0.9387747  -0.75411767 -0.74117255  0.26610127]
Cc1cnc(Nc2cc(N3CCOCC3)nc(N[C@@H](C)c3ncc(F)cn3)n2)s1,[ 0.37538946  0.7686362  -0.8445042  -0.18648727 -0.21006279]
Cc1cncc(C)n1,[-0.19373132  0.6794618  -0.96507835 -0.68936527 -0.05593805]
CCOP(=S)(OCC)Oc1ccc([N+](=O)[O-])c(C)c1,[ 0.70778906  0.88528246 -0.9041919  -0.18106103 -0.15860283]
Cc1ccc2nc(C[N+]34CCC(CC3)[C@@H](OC(=O)[C@](C)(c3ccccc3)N3CCCCC3)C4)oc2c1,[ 0.33309093  0.7360038  -0.6417036  -0.4607128  -0.8873995 ]
Cc1cn([C@H]2CCCN(S(=O)(=O)c3ccc(C#N)c(Oc4cccc(Cl)c4)c3)C2)c(=O)[nH]c1=O,[ 0.23426907  0.6107267   0.48088488 -0.77117556 -0.3061454 ]
N[C@H]1CCN(c2c(Cl)cccc2/C=C2\SC(=O)NC2=O)C1,[-0.19638875  0.7652026  -0.74041545 -1.         -0.23501661]
CCCN(CCC)CCCCCCCCNC(=O)Oc1ccc2c(c1)C1(C)CCN(C)C1N2C,[-0.4058715   0.8224278  -0.98605424 -0.7176764  -0.3039752 ]
Cc1cccc(C)c1CCNC(N)=O,[-0.34829637  0.9253141  -0.78537947 -0.8408253   0.3453964 ]
Cc1ccn(C(=O)NCCCCCCCl)n1,[ 0.1979356   0.22478752 -0.6892978   0.5687477   0.11138462]
Nc1nc(Nc2ccc(S(N)(=O)=O)cc2)nn1C(=O)c1c(F)cccc1F,[ 0.4167857   0.8721155  -1.         -0.47759172 -0.47884813]
CCC(CC)n1nc(C)c(C(=O)N[C@@H](C)C(C)(C)C)c1NS(=O)(=O)c1ccc(C)cc1,[ 0.02322112  0.4813491  -0.8035676  -0.9112421  -0.1731637 ]
CCOP(=S)(OCC)Oc1cc(C)n(CC)c(=O)c1,[ 0.21451019  1.         -0.81064266 -0.44108537 -0.2654575 ]
Cc1cc(-c2ccc(Cl)c(C(=O)NCC3(O)CCCCCC3)c2)nn1C[C@H](O)CN,[ 0.71121305  0.47876957 -0.8907206  -0.92008805 -0.07023095]
CCCCCCCC(=O)N[C@@H](CCN)C(=O)N[C@H](C(=O)N[C@@H](CCN)C(=O)N[C@H]1CCNC(=O)[C@H]([C@@H](C)O)NC(=O)[C@H](C)NC(=O)[C@H](CCN)NC(=O)[C@H](CC(C)C)NC(=O)[C@@H](Cc2ccccc2)NC(=O)[C@H](CCN)NC1=O)[C@@H](C)O,[-0.10247601  0.6954526  -0.8641957  -0.0714071  -0.32147804]
COP(=S)(OC)SCc1nc(N)nc(N)n1,[ 0.3714187  0.8557543 -0.8724623 -0.6354165 -0.5849533]
COc1cc2c(c3oc(=O)c4c(c13)CCC4=O)C1C=COC1O2,[-0.04814305  0.7687824  -0.61233616 -0.7845943  -0.6638109 ]
CNNC,[ 0.43222186 -0.07978465 -0.76481324 -0.90776014 -0.17567897]
O=C(Cl)C=CC(=O)Cl,[ 0.49023965  0.7351166  -0.8806931   0.00126503 -0.0520247 ]
COc1cc2c(cc1OC)C(Cc1cc(OC)c(OC)c(OC)c1)[N+](C)(CCCOC(=O)CC/C=C\CCC(=O)OCCC[N+]1(C)CCc3cc(OC)c(OC)cc3C1Cc1cc(OC)c(OC)c(OC)c1)CC2,[ 0.05200785  0.8292377  -0.8506282  -0.62946784 -0.18787713]
CN(CCCl)CCCl,[ 0.0984183   0.811665   -0.7462728  -0.78216225  0.35361823]
Cc1ccsc1C(=CCC[NH+]1CCCC(C(=O)[O-])C1)c1sccc1C,[ 0.04821183  0.45178184 -0.77242905 -1.          0.24978042]
Cc1cc([N-]S(=O)(=O)c2ccc(N)cc2)no1,[-0.50117916 -1.         -1.         -0.5185659  -0.01619022]
CC(C)(C#N)C(C)(C)C#N,[ 0.18837208  0.98464215 -1.         -0.79569846 -0.45973855]
CCC[NH+]1CCCCC1C(=O)Nc1c(C)cccc1C,[ 0.20004532  0.586721   -0.7852472  -0.6641653  -0.1602872 ]
CCC(C)C(=O)OC1CCC2(C)C3CC(O)C4C5(O)C(CC42OC13O)C1CN2CC(C)CCC2C(C)(O)C1C(O)C5OC(=O)C(C)(O)CC,[ 0.2717116   0.79864514 -0.2339142  -0.8927222  -0.29568467]
COC(=O)c1ccccc1N=NN(C)C,[ 0.02886486  0.8869388  -0.9895452  -0.638157   -0.36343798]
CC(=O)N[C@H](Cc1ccc2ccccc2c1)C(=O)N[C@H](Cc1ccc(Cl)cc1)C(=O)N[C@H](Cc1cccnc1)C(=O)N[C@@H](CO)C(=O)N[C@@H](Cc1ccc(O)cc1)C(=O)N[C@H](CCCNC(N)=O)C(=O)N[C@@H](CC(C)C)C(=O)N[C@@H](CCCNC(=N)N)C(=O)N1CCC[C@H]1C(=O)N[C@H](C)C(N)=O,[ 0.01689489  0.8679573  -0.65475297 -0.95157135  0.7411803 ]
C=C1CC1CC(N)C(=O)O,[-0.15155591  0.62893707 -0.71409845 -0.7011703   0.12301995]
O=[N+]([O-])c1ccc(C=NNC(=S)N2CCCC2)o1,[ 0.380136    0.40587518 -0.8617413  -0.42801833  0.00226253]
CCCCCCC(N)C(=O)N[C@@H](Cc1c(C)cc(O)cc1C)C(=O)N1CCC[C@@H]1C(=O)N[C@@H](Cc1c[nH]c2ccccc12)C(=O)N[C@@H](Cc1ccccc1)C(N)=O,[ 0.11664028  0.73726404 -0.88916814 -0.79014695 -0.3770252 ]
CC1(C)C(=O)N(CO)C(=O)N1CO,[ 0.25336665  0.5335323  -0.83257115  0.6770598  -0.27001393]
O=C1C2CC3C1C1(Cl)C(Cl)C4(Cl)C2C3C1(Cl)C4(Cl)Cl,[ 0.5593778   0.88204616 -0.8233092  -0.925957   -0.37348852]
CC(=O)NC(CS)C(=O)[O-],[ 0.11440136 -0.09534315 -0.5383577  -0.5274332   0.21434171]
Cc1ccc(-c2ccccc2)cc1,[ 0.15324874  0.82076156 -0.8221568  -0.76965857  0.02976028]
CC(O)C1C(=O)N2C(C(=O)[O-])=C(SC3CCS(=O)C3)SC12,[ 0.15229134  0.66633934 -0.97101265 -0.6343494   0.3610471 ]
COP(=S)(OC)Oc1cnc2ccccc2n1,[ 0.6546185   0.93351585 -0.77277625 -0.56088704  0.19726013]
CNC(=O)c1cccc2c(Nc3ccc(NS(C)(=O)=O)cc3OC)c3cccc(C)c3[nH+]c12,[ 0.46535456  0.85167205 -0.6625416  -0.36109093 -0.6274042 ]
CC(=O)OC(C)(C)C1CC=C(C)CC1,[ 0.4084916   0.8919058  -0.6105325  -0.3422786   0.00100243]
C=C[Si](OC)(OC)OC,[ 0.13770545  0.767192   -0.62895924 -0.8599737   0.18022443]
C1CN1P1(N2CC2)=NP(N2CC2)(N2CC2)=NP(N2CC2)(N2CC2)=N1,[-0.02152325 -0.523728   -0.6310098  -0.09718862  0.34822005]
O=C(Nc1ccc(Cl)c(C(=O)Nc2cccnc2)c1)c1cccc(C(F)(F)F)c1,[ 0.471169   1.        -0.5007378 -0.6407084 -0.5073676]
CNC(=O)Oc1cccc2c1OC(C)(C)O2,[ 0.0771047   0.4231707  -0.74138534 -0.9870258   0.04453551]
COc1ccc2c(O[C@@H]3C[C@H]4C(=O)N[C@]5(C(=O)NS(=O)(=O)C6CC6)C[C@H]5/C=C\CCCCN(C)C(=O)[C@@H]4C3)nc(-c3ccc(F)cc3)nc2c1C,[ 0.3968637   0.73855853 -0.72022736 -0.81742173  0.2063275 ]
COP(=O)(SC(C)C)SC(C)C,[-0.6801297   0.7381026  -0.15074578 -0.2879287  -0.1343896 ]
CCC(=O)N(c1ccccc1)C1CCN(CCc2ccccc2)CC1,[-0.12907979  0.3427877  -0.5746447  -0.48854136 -0.12894374]
C1CSCCO1,[ 0.45920238  0.31733072 -0.75871617 -0.8561409  -0.05109391]
Cc1cn([C@H]2CCCN(S(=O)(=O)c3ccc(CO)c(Oc4cccc(Cl)c4)c3)C2)c(=O)[nH]c1=O,[ 0.06467133  0.28966078 -0.7316977  -0.513153    0.02284671]
CC(=O)OCc1ccc(C(C)C)cc1,[-0.1755029   0.90699494 -0.8701027  -0.81748044 -0.234613  ]
CC(C(=O)O)c1ccc(C(=O)c2cccs2)cc1,[ 0.03102301 -1.         -0.94052535  0.35088924  0.02565273]
CCN(CC)CCCCCCCCCCNC(=O)Oc1ccc2c(c1)C1(C)CCN(C)C1N2C,[ 0.23889865  0.98851866 -0.45811537 -0.29926363  0.29859895]
O=[N+]([O-])c1ccc(O)c(CNCCO)c1,[ 0.13525896  0.67939484 -0.89801705 -0.49382266 -0.19183661]
CCCCN(CCCC)CCCC,[-0.09119311  0.8092263  -0.7332566  -0.6608482  -0.3697105 ]
CCOC(=O)c1ccc(C#Cc2ccc3c(c2)C(C)(C)CCS3)nc1,[ 0.02131591  0.2809202  -0.74044347 -0.45254892 -0.5049525 ]
OCCOCCCl,[ 0.33623287  0.9705451  -1.         -1.         -0.3928002 ]
CCOc1ccccc1C(=O)NN=C(C)C(=O)O,[ 0.14967059  0.83702713 -0.91445696 -0.6054854  -0.07669286]
Clc1ccc(C(OCCN2CCCCC2)c2ccccc2)cc1,[-0.43998843  1.         -0.80724865 -0.8382973  -0.01042705]
C=CC(C)CCCC(C)(C)O,[ 0.25432292  0.5403512  -0.6288492  -1.          0.05540228]
CCNC(=S)NCC,[ 0.7645134   0.77706    -0.7549438  -0.19794524 -0.5103067 ]
CC1CN(C2CCCCCCCCCCC2)CC(C)O1,[ 0.31576735  0.87306255 -0.8011347   0.5509813  -0.01457548]
CCN1CCCC1CNC(=O)c1cc(S(N)(=O)=O)ccc1OC,[-0.05346416  0.71960855 -0.8014835  -0.8381153  -0.16078617]
CC(C)(C)NCCC(O)c1cc(C(F)(F)F)nc2c(C(F)(F)F)cccc12,[ 0.38697758  0.298543   -0.94386214 -0.6471836  -0.09313924]
CC(C)OC(=O)C(C(=O)OC(C)C)=C1SCCS1,[ 0.04588382  0.73767906 -0.8550549   0.34573773 -0.39779362]
CN1CCN(c2ccc3ncc(C(N)=O)c(Nc4ccc(Cl)c(Cl)c4)c3c2)CC1,[-0.14277376  0.55621755 -0.6250741  -0.2909385  -0.3214257 ]
CC(C)(C)NC(=O)NCCN1CCCC(NC(=O)c2cc(Cl)cc(Cl)c2)C1,[ 0.4990941   0.51711166 -0.17645982 -0.45391825 -0.05712162]
CN(C)C(=O)Cl,[ 0.35266006  0.85250026 -0.62397826 -0.7313833   0.21072865]
COc1ccc(NC(=O)CF)cc1,[ 0.46203226  0.69476134 -0.80600727 -0.6521433  -0.00578622]
CN1CCN(CCC=C2c3ccccc3Sc3ccc(S(=O)(=O)N(C)C)cc32)CC1,[-0.3006357   0.87443656 -0.53641903 -0.5165459  -0.05959062]
CCN(CCO)C(=O)c1oc2cccnc2c1-c1cccc(C(F)(F)F)c1,[ 0.15400408  0.936001   -0.30966622 -0.24811968 -0.03091013]
C[C@@H](O)[C@H]1C(=O)N2C(C(=O)O)=C(SCCNC=N)C[C@H]12,[ 0.2832432  -0.283979   -0.80379766 -0.73756945 -0.49252462]
CON=C(C(=O)NC1C(=O)N2C(C(=O)O)=C(COC(N)=O)CSC12)c1ccco1,[-0.28053737  0.73913467 -0.78609073 -0.96124315 -0.04648937]
O=C(O)[C@@H](c1ccccc1)N1CCC(CN2CCC(Oc3ccc(Cl)c(Cl)c3)CC2)CC1,[ 0.49591523  0.76850927 -0.8177171   0.28143945 -0.2864761 ]
Cc1nc(N)nc(N)c1-c1ccc(Br)cc1,[ 0.4913045   0.68677694 -0.9887553  -0.3632804  -0.13519837]
CCOC(=O)CCN(SN(C)C(=O)Oc1cccc2c1OC(C)(C)C2)C(C)C,[-0.33390614  0.89463454 -0.652362   -0.7541396  -0.11159393]
CC(C(N)=O)(c1ccccc1)c1ccc(N)cc1,[ 0.3547101   0.85169554 -0.85257524 -0.8159686  -0.14073369]
NC(=O)CCCCC1CCSS1,[ 0.20732327  0.9045875  -0.29664978 -0.3807525  -0.11656358]
CCN(CC)CCO,[ 0.32273203  0.99999565 -0.6836877  -0.9867282  -0.22415683]
CNC(=O)ON=C(C)SCC(N)=O,[-0.23379353 -0.05333399  0.2386964  -0.9940099  -0.5726343 ]
SCc1ccccc1,[ 0.24763158  0.49989307 -0.69170356 -0.8300819   0.49648076]
CSCCNc1nc(SCCC(F)(F)F)nc2c1ncn2C1OC(COP(=O)([O-])OP(=O)([O-])C(Cl)(Cl)P(=O)([O-])[O-])C(O)C1O,[-0.03515005  0.817617   -0.8174837  -0.15513337 -0.01136241]
Cc1cc(OC(=O)N(C)C)n(-c2ccccc2)n1,[-0.25163263  0.8246081  -0.7454926  -0.7862936  -0.03897015]
COC(=O)C(C)NP(=O)(OC[C@@H]1C=C[C@H](n2cc(C)c(=O)[nH]c2=O)O1)Oc1ccc(I)cc1,[ 0.42815924 -0.02902414 -1.         -0.8669021  -0.25498006]
Cc1ccc(N=C=O)cc1N=C=O,[ 0.141305    0.5754549  -0.68643296 -0.71501565 -0.24403584]
C=CCN1CCC23CCCCC2C1Cc1ccc(O)cc13,[ 0.37071306  0.9702431  -0.33351523 -1.         -0.3273327 ]
COP1(=S)OCc2ccccc2O1,[ 0.16025218  0.85124636 -0.4614858  -0.8584691  -0.43611333]
C[C@H](CO)Nc1nc(SCc2cccc(F)c2F)nc2nc(N)cnc12,[ 0.24829243  0.3211474  -0.59798133 -0.80875707 -0.09565657]
CC(C)(C)c1cc(CCC(=O)OCCSCCOC(=O)CCc2cc(C(C)(C)C)c(O)c(C(C)(C)C)c2)cc(C(C)(C)C)c1O,[ 0.2848022   0.80087936 -0.7614821  -0.70522064  0.4289161 ]
c1cc(-c2ccc3nc(Nc4ccc(OCCN5CCCC5)cc4)ncc3c2)ccn1,[ 0.02701462  0.8505236   0.037365   -0.7950145  -0.08584058]
C=CCc1cc(OC)c(OC(C)Cc2cc(OC)c(OC)c(OC)c2)c(OC)c1,[-0.31428453  0.77269644 -0.70575595 -0.70201993 -0.13501738]
CCCCOP(=O)(OCCCC)Oc1ccccc1,[-0.02865143  0.9242507  -0.66143566 -0.8959293  -0.31222048]
CCCCOCC1CO1,[-0.04306346  0.22213925 -0.953473   -0.9933596  -0.3196405 ]
CCOC(=O)Nc1ccc(NCc2ccc(F)cc2)cc1N,[ 0.20831797 -0.6779388  -0.8877947  -0.59689176 -0.1796728 ]
CCS(=O)(=O)c1ccc(-c2cc(Cl)ccc2OCC(=O)O)cc1,[-0.6866152   0.80661416  0.27979004 -0.6256596   0.20188807]
CCc1c2c(nc3ccc(O)cc13)-c1cc3c(c(=O)n1C2)COC(=O)[C@]3(O)CC,[-0.10363399  0.9850613  -0.8321406  -0.6768291  -0.16943772]
C=CC[NH+]1CCCC1CNC(=O)c1cc(S(=O)(=O)NC)c(N)cc1OC,[-0.12386912  0.4635169  -0.15577312 -0.605049   -0.2776081 ]
CCOP(=O)(NC(C)C)SCC(=O)NCOC,[ 0.544439    0.99656147 -0.77185565 -0.7803304  -0.07102445]
CC(C)(c1ccc(Oc2ccc(N)cc2)cc1)c1ccc(Oc2ccc(N)cc2)cc1,[-0.49791148  0.92261094 -0.31666377 -0.73159575  0.42352954]
CC[C@H](C)[C@H](NC(=O)[C@H](CCC(=O)[O-])NC(=O)[C@H](CCC(=O)[O-])NC(=O)[C@H](Cc1ccccc1)NC(=O)[C@H](CC(=O)[O-])NC(=O)CNC(=O)[C@H](CC(N)=O)NC(=O)CNC(=O)CNC(=O)CNC(=O)CNC(=O)[C@@H]1CCCN1C(=O)[C@H](CCCNC(N)=[NH2+])NC(=O)[C@@H]1CCCN1C(=O)[C@H]([NH3+])Cc1ccccc1)C(=O)N1CCC[C@H]1C(=O)N[C@@H](CCC(=O)[O-])C(=O)N[C@@H](CCC(=O)[O-])C(=O)N[C@@H](Cc1ccc(O)cc1)C(=O)N[C@@H](CC(C)C)C(=O)[O-],[ 0.04296213  0.3253306  -0.6169026  -0.7466429  -0.08072666]
CSCCC([NH3+])C(=O)NC1(C(=O)[O-])CS(=O)(=O)C2C(C(=O)[O-])C21,[-0.60853404  0.5791898  -0.23775439 -0.8622374   0.13856556]
O=C1CCc2ccccc2O1,[ 0.00857388  0.6716962   0.25067133 -0.13919087  0.15378705]
CC(C)c1cc(Oc2ccccc2)cc(C(C)C)c1NC(=S)NC(C)(C)C,[ 0.39945787  0.82431245 -0.8730343  -0.5312847   0.5122687 ]
CC(C)(C)NC(=O)C1CC2CCCCC2CN1CC(O)C(Cc1ccccc1)NC(=O)C(CC(N)=O)NC(=O)c1ccc2ccccc2n1,[ 0.29461187  0.8586329  -0.54358554 -0.4443289   0.23142467]
CCCSP(C)(=S)OP(C)(=S)SCCC,[ 0.4037464   0.83650595 -0.9306911  -0.87821424 -0.16195019]
CCC(=O)O,[-0.19128944  0.85623163  0.74616146 -0.4707859  -0.16769688]
C=CCNC(=O)C(=O)C(CCC)NC(=O)C1CC2CN1C(=O)C(C1CCCCC1)NC(=O)Cc1cccc(c1)OCCC(C)(C)O2,[ 0.4902126   0.7466624  -0.88186556 -0.5056113  -0.40627313]
CCOC(=O)C(CCc1ccccc1)NC1CCc2ccccc2N(CC(=O)O)C1=O,[-0.21780849  0.7224206  -0.35387182 -0.9468078  -0.38028425]
CCOc1cc2nnc(C(N)=O)c(Nc3ccc(F)cc3F)c2cc1N1CCN(C)CC1,[ 0.16221482  0.7427523  -0.8604189  -0.6241293   0.00842384]
CC(C(=O)O)c1ccc(CC2CCCC2=O)cc1,[ 0.27311298  0.79392177 -0.44859353 -0.9965459  -0.09039267]
CCCCN1C(=O)c2cccc([N+](=O)[O-])c2C1=O,[ 0.37818542  0.3933299  -0.57990086 -0.9624994   0.46155864]
C(=NC1CCCCC1)=NC1CCCCC1,[ 0.22808316  0.9042573  -0.47724888 -0.70704436 -0.30264112]
C1CCC2CCCCC2C1,[ 0.2563114   0.5632499  -0.7494206  -0.79444385  0.00955105]
C=CCOc1ccccc1OCC(CNC(C)C)OC(=O)C1CC1,[-0.26958656  0.74758005 -0.8686895  -1.         -0.11799737]
O=C(O)COc1ccc(C(=O)CN2CCN(C3CCNCC3)CC2=O)cc1,[ 0.72388136  0.71075547 -0.7492691  -0.62466073 -0.15641887]
N=C(NN=Cc1ccc(Cl)cc1)NN=Cc1ccc(Cl)cc1,[ 0.23759313  0.67209905 -0.64827454 -0.7977336   0.2792407 ]
CC(C)=CCCC(C)=CCCC(=CCCC(C)=CCO)CO,[ 0.32639736  0.69205064 -0.7389079  -0.47016725  0.10079429]
COc1ccc(CC2NCC(O)C2OC(C)=O)cc1,[-0.05882781  0.5807639  -0.7166427  -0.5053902   0.00931027]
COCCOC(=O)CC#N,[-0.02690592  0.81309354 -0.49054077 -0.80454165 -0.12140909]
COc1ccc2ccc(=O)n(CCN3CCC(NCc4cc5c(cn4)OCCO5)CC3)c2n1,[ 0.15894738  0.4710539  -0.73000795 -0.61482555 -0.00773879]
CCOP(=O)(OCC)Oc1nc(Cl)c(Cl)cc1Cl,[-0.11621684 -0.1597889  -0.25800753  0.05048628 -0.22458856]
CCC(C)CCCCC(=O)NC(CCN)C(=O)NC(C(=O)NC(CCN)C(=O)NC1CCNC(=O)C(C(C)O)NC(=O)C(CCN)NC(=O)C(CCN)NC(=O)C(C(C)O)NC(=O)C(CC(C)C)NC(=O)C(CCN)NC1=O)C(C)O,[-0.21949509  0.31719574 -0.9927626  -0.88495576 -0.26153812]
CCC(C(=O)O)C1(O)CCCCC1,[-0.20993675  0.8363561  -0.46449566 -0.6248944  -0.24150056]
N#Cc1cccc(C#N)c1,[ 0.16549368  0.9057648  -0.22706541 -0.8342653  -0.21399146]
CC(CC(=O)OC(C)(C)C)NC(=O)C1=NOC(C(O)(C(F)(F)F)C(F)(F)F)C1,[ 0.49293694  0.6478691  -0.85862976 -0.77871484  0.20646444]
CC(C)OP(=S)(OC(C)C)SCn1nc(Cl)ccc1=O,[-0.5411827   0.85985595 -0.31106028  0.413462   -0.28968227]
Cc1cccc(N)c1C,[ 0.18727174  0.85048705 -0.7818955  -0.4196156  -0.09344286]
CCCOC(=O)Cc1ccc(OCC(=O)N(CC)CC)c(OC)c1,[-0.7405304   0.8669653  -0.5512072   0.33909383  0.23627156]
C=CCI,[ 0.43260834  0.9789926  -0.71713614  0.17786099  0.06884325]
Nc1cc2c(cc1C1CCCCC1)CCC2C(=O)O,[ 0.5339819   0.27925766 -1.         -0.30684322 -0.52746785]
CC(C)(C)NC[C@H](O)COc1nsnc1N1CCOCC1,[-0.0776899   0.72410834 -0.23356417 -0.24758393 -0.17873985]
CN(C)C(=O)C(CCN1CCC(O)(c2ccc(Cl)cc2)CC1)(c1ccccc1)c1ccccc1,[ 0.38812608  0.69727486 -0.43307436  0.13984329 -0.21455094]
O=C(Cc1ccc(Cl)c(C(F)(F)F)c1)Nc1cccc2c(=O)n(CCO)ccc12,[ 0.49010298  0.42120096 -0.8073711  -0.7468323  -0.52620375]
CCOc1ccccc1C(N)=O,[ 0.79204524  0.6436016  -0.46490106 -0.12917566 -0.48956034]
CC[C@@H]1OC(=O)[C@@H](C)[C@H](O[C@@H]2C[C@](C)(OC)[C@H](O)[C@@H](C)O2)[C@H](C)[C@H](O[C@@H]2O[C@H](C)C[C@H](N(C)C)[C@H]2O)[C@@](C)(O)C[C@@H](C)/C(=N\OCOCCOC)[C@H](C)[C@@H](O)[C@@]1(C)O,[-0.10668559  0.78021044 -0.771363    0.15338045  0.16814643]
O=C1c2ccccc2N(C(=O)CN2CCOCC2)CN1c1ccccc1,[ 0.53067136  0.64144456 -1.         -0.2811334  -0.14755277]
COC(=O)c1cc(Oc2ccc(Cl)cc2Cl)ccc1[N+](=O)[O-],[-0.05798427  0.48684773 -0.9765088  -0.8151467  -0.1628698 ]
CO[Si](CCCOCC1CO1)(OC)OC,[-0.07824346  0.72825    -0.7299956  -0.5907834  -0.4544605 ]
CC(C)Oc1ccc2c(=O)c(-c3ccccc3)coc2c1,[-0.36371422  0.9083415  -0.79049325 -0.6425034  -0.42179   ]
CC(CN1CC(=O)NC(=O)C1)N1CC(=O)NC(=O)C1,[-0.51803577  0.76141924 -0.95245105 -0.9000172  -0.16004717]
CCCc1nnc(CSP(=S)(OCC)OCC)o1,[ 0.4774293   0.9603413  -0.3364798  -0.44885212  0.04731124]
CNC(=N)c1cccc(CC(CC(=O)N2CCC(C)CC2)NS(=O)(=O)c2ccc3ccccc3c2)c1,[-0.5318562  -0.15349701 -0.61679786  0.08848823  0.11930953]
Cc1cc(Nc2nc(N[C@@H](C)c3ccc(F)cn3)c(C#N)cc2Cl)n[nH]1,[ 0.5059719   0.5925095  -0.28623486 -0.29174015 -0.52864516]
CC(C)(C)CC(=O)Nc1c(F)cc(C(=O)Nc2nccs2)cc1F,[ 0.4068751   0.9268391   0.3520144  -0.2778591  -0.46052524]
O=C(CCCN1CCC(O)(c2cccc(C(F)(F)F)c2)CC1)c1ccc(F)cc1,[-0.00846459  0.74613917 -0.8337275  -1.         -0.15909919]
CCN(CC)N=Nc1ccccc1,[ 0.45982412  0.93154776 -0.78556967 -0.5015068  -0.21175078]
CC=C(CC)C(=O)NC(N)=O,[ 0.32603672  0.8328945  -0.92265606 -0.43951064  0.0371418 ]
O=Cc1cccc2ccccc12,[ 0.00800476 -0.33003214 -0.37478042 -0.87260973  0.06514741]
CC(C)OCCO,[-0.26481828  0.8543899  -0.8659044  -0.6474122   0.02918052]
CC(C)(C)c1cc([N+](=O)[O-])cc([N+](=O)[O-])c1O,[ 0.09268088  0.4514294  -0.9761225  -0.4258047  -0.45459187]
CC(C)[C@H](C(=O)Nc1nccs1)c1ccc(Cl)cc1,[ 0.8445272   0.7148221  -0.7472683   0.3105719   0.04453559]
Oc1nc(-c2ccccc2)nc2ccccc12,[ 0.47590303  0.25494346 -1.         -1.          0.4065306 ]
Cc1c(OCC(F)(F)F)ccnc1C[S+]([O-])c1nc2ccccc2[nH]1,[ 0.33519     0.75038815 -0.49551427 -0.69816804  0.30738094]
CCCCCCCC[Si](OCC)(OCC)OCC,[ 0.3112006  -0.04968937 -0.542484   -0.26315024  0.373179  ]
Clc1cc(Cl)c2nsnc2c1Cl,[-0.262474    1.         -0.8363888  -0.99669766 -0.25918952]
COc1cc2ncnc(Nc3ccc(F)c(Cl)c3)c2cc1NC(=O)/C=C/CN1CCCCC1,[ 0.38471538  0.78599817 -0.57023585 -0.6129151  -0.45856437]
CN(CC=CC#CC(C)(C)C)Cc1cccc2ccccc12,[ 0.73393244  0.93179154 -1.         -0.682321   -0.1842723 ]
Cc1ccc(CO)cc1N(C)c1ccnc(Nc2cc(N3CCCOCC3)cc(N3CCOCC3)c2)n1,[ 0.7375016   0.6938164  -0.53274786 -0.78748775 -0.33979958]
Cc1cc(Cl)ccc1OCC(=O)O,[ 0.12987076  0.79099077 -0.84223497 -0.8588586  -0.12429166]
C=CC(=O)OC1CC2CCC1C2,[-0.35618705 -0.60261554 -0.6743318  -0.6260292   0.26149783]
Cc1nccc(-c2ccc(-c3nc4ccncc4c(O)c3C#N)cc2)c1Cl,[ 0.27564093  0.9010246  -0.22390427 -0.5315312  -0.11090659]
O=C(O)CC(CC1CCN(C(=O)CCc2ccc3c(n2)NCCC3)CC1)C1CNc2ccccc2C1,[ 0.526022    0.6490816   0.5121048  -0.87031525  0.22926083]
C1=CCCC=CCCC=CCC1,[-0.24519968  1.         -0.82502705 -0.88730335 -0.21363044]
COC1CCC=CO1,[-0.30325714  0.8831841   0.15016899 -0.35202515 -0.05910077]
COc1c2ccoc2c(OCC2OC2(C)C)c2oc(=O)ccc12,[ 0.5919879   0.74030334  0.14288276 -0.5285901  -0.01330918]
SCCc1cnccn1,[ 0.01223251  0.5349414  -0.9574253  -0.04524873  0.3125833 ]
Cc1cccc(C)c1O,[ 0.2519854  -0.10250894 -0.5000348  -1.         -0.41175538]
CC(=O)OC(C(=O)NC(N)=O)c1ccccc1,[ 0.38860464 -0.24083604 -0.7213428  -0.3157171   0.2597367 ]
C#CCN1C(=O)CN=C(c2ccccc2)c2cc([N+](=O)[O-])ccc21,[ 0.11680301  0.91389227 -0.7189955  -0.5960231  -0.01458421]
CCN(CC)CCOCCO,[ 0.17470571 -0.61700404 -0.7267427  -0.45166504 -0.3506025 ]
C=C(CC(=O)c1ccc(-c2ccccc2Cl)cc1)C(=O)O,[ 0.30603758  0.42229062 -0.79466146 -0.6036925   0.54933226]
CCC(C(=O)N1CCCCC1C(=O)OC(CCc1ccc(OC)c(OC)c1)c1cccc(OCC(=O)NCCNC(=O)COc2cccc(C(CCc3ccc(OC)c(OC)c3)OC(=O)C3CCCCN3C(=O)C(CC)c3cc(OC)c(OC)c(OC)c3)c2)c1)c1cc(OC)c(OC)c(OC)c1,[ 0.3411971   0.9101184  -0.17743096  0.36381674  0.05117012]
COC(C)CC(=O)O,[ 0.18030626  0.8068708  -0.74088985 -0.5680037  -0.15803005]
Cc1c(C(=O)NCCO)[n+]([O-])c2ccccc2[n+]1[O-],[ 0.2125684   0.7584649   0.401055   -0.07630989 -0.280985  ]
CC(C)CON=O,[ 0.5224565   0.68723816  0.16223748 -0.52382976 -0.14343354]
Nc1ccc(Cl)cc1Cl,[ 0.05966952  0.7580463  -0.9302316  -0.66537476 -0.18029834]
O=c1[nH]c2ccccc2n1CCC[NH+]1CCC(n2c(=O)[nH]c3cc(Cl)ccc32)CC1,[ 0.05746564  0.27944022  0.31087887 -0.68654954  0.01196417]
C1COCCOCCNCCOCCOCCN1,[ 0.21974581  0.80200887 -0.09616744 -0.7982103   0.28880677]
CC(=O)Oc1cccc(Oc2ccc(C(F)(F)F)cc2Cl)c1,[ 0.17311382  0.80868834 -1.         -0.69221336 -1.        ]
COc1ccc(C(=O)Nc2ccccc2CCC2CCCCN2C)cc1,[ 0.5560761   1.         -0.71241105 -0.86440617  0.85744554]
CN(C)Cc1cc(CN(C)C)c(O)c(CN(C)C)c1,[ 0.31461027  0.91637045 -1.         -0.27110165 -0.28747934]
CC1OC(OC2C(O)CC(OC3C(O)CC(OC4CCC5(C)C(CCC6C5CC(O)C5(C)C(C7=CC(=O)OC7)CCC65O)C4)OC3C)OC2C)CC(O)C1O,[-0.123405    0.40141553 -0.68775797 -0.5645529  -0.1158108 ]
C=C(C)c1cccc(C(C)(C)N=C=O)c1,[-0.01230667  1.         -0.90292645 -0.3913408  -0.18383366]
Cc1ccc(C(=O)N(CCCN)[C@@H](c2nc3cc(Cl)ccc3c(=O)n2Cc2ccccc2)C(C)C)cc1,[ 0.604945    0.96089953  0.5727579  -0.5315802  -0.23638058]
O=C(c1ccccc1)c1cccc2c1CCC2C(=O)O,[ 0.06963211  0.84753317 -0.99470866 -0.69571465  0.28738025]
NNC(=O)c1ccncc1,[-0.84991264  0.83356166 -0.6252978  -0.711144   -0.18621656]
CCC1(CC)Oc2cccc(OC(=O)N(C)C(C)=O)c2O1,[ 0.3231067  0.8637088 -0.8026595 -0.7839023  0.4928265]
COc1cc(C=CC(N)=O)ccc1O,[ 0.3334128   0.6902457  -1.         -0.6716447  -0.08092717]
CO/N=C(\C(=O)N[C@@H]1C(=O)N2C(C(=O)O)=C(COC(C)=O)CS[C@H]12)c1csc(N)n1,[ 0.3330336   1.         -0.57740474 -0.70190936  0.25456268]
C=C(OP(=O)(OC)OC)c1ccc(Cl)cc1Cl,[ 0.4870721  0.8048351 -0.7885041 -0.7535284  0.5717049]
C[NH2+]C(C)C1CCC(N)C(OC2C(N)CC(N)C(OC3OCC(C)(O)C([NH2+]C)C3O)C2O)O1,[ 0.14168093  0.8187226  -0.56469846 -0.45175177 -0.09272406]
CCC(=O)OC1CCC2C3CCC4=CC(=O)CCC4(C)C3CCC12C,[ 0.2646802   0.6782133  -0.7640459  -0.6657261  -0.22521345]
CC(C)(C)c1nnc(NS(=O)(=O)c2ccccc2)s1,[ 0.14019078  0.8144335  -0.6751987  -0.7645655   0.28838226]
Nc1cc2c(S(=O)(=O)O)cc(S(=O)(=O)O)cc2cc1S(=O)(=O)O,[ 0.19266982  0.99871564 -0.9676163  -1.         -0.3174537 ]
CC(=O)[C@H]1CC[C@H]2[C@@H]3CC[C@@H]4C[C@H](O)CC[C@]4(C)[C@H]3CC[C@]12C,[-0.08956885  1.         -0.9616106  -0.8207517  -0.1146687 ]
O=c1cc(Cn2c(C3CCC3)nc3nccnc32)c2ccc(F)c(F)c2[nH]1,[-0.04275933  0.7061654  -0.82446325 -0.4398467   0.6692079 ]
Oc1c(O)c(-c2c(Cl)c(Cl)c(Cl)c(Cl)c2Cl)c(Cl)c(Cl)c1Cl,[ 0.05000891  0.75521684 -0.39551497 -0.46488002 -0.27377817]
O=C(c1csc2c1CCCC2)N1CCCCC1,[ 0.02960836  0.8538556  -0.68782115 -0.72527874 -0.17280446]
CN(C)c1ccc(C(O)(c2ccc(N(C)C)cc2)c2ccc(N(C)C)cc2)cc1,[ 0.34295884  0.0755669  -0.7721057  -0.31511146 -0.11819152]
Cc1cnc(C(=O)c2ncnc3[nH]ccc23)c(NS(=O)(=O)c2ccc(Cl)c(C(F)(F)F)c2)c1,[ 0.14174832  0.8606185  -0.7629267  -0.34452325 -0.55049115]
CC1=NN(c2ccccc2)C(=O)C1,[-0.55086505  1.         -1.         -0.6835605  -0.34416983]
c1ccc([C@H]([C@@H](c2ccccc2)N2CCCCC2)N2CCCCC2)cc1,[-1.          0.74344933 -0.4697308  -0.6040566   0.16319403]
O=c1cc(N2CCOCC2)nc2n(Cc3cccc(Cl)c3Cl)ccn12,[ 0.43377998  0.38616925 -0.2789127  -0.24543823 -0.09419037]
CCCCCCCCCCOc1c(OC)cc(C(N)=O)cc1OC,[ 0.03610743  0.46062285 -0.41872638  0.13747528  0.00277989]
CC(=O)O[C@H]1C[C@]2(O)[C@H]3CC[C@H]4C[C@H](O[C@H]5C[C@@H](O)[C@@H](O[C@H]6C[C@@H](O)[C@@H](O[C@H]7C[C@@H](O)[C@@H](O)[C@H](C)O7)[C@H](C)O6)[C@H](C)O5)CC[C@@]4(C)[C@H]3CC[C@]2(C)[C@H]1C1=CC(=O)OC1,[ 0.26370138  0.5732789  -0.2008814  -0.67921346  0.01228247]
CC(Cl)(Cl)[N+](=O)[O-],[-0.23030806  1.         -0.48964503 -0.7109123  -0.42669195]
NCC(O)CO,[-0.02768001  0.93231016 -0.824935   -1.          0.30854446]
BrC(Br)Br,[ 0.6017216   0.28108093 -0.50049716  1.          0.73509103]
CCC1(CC)C(=O)NCC(C)C1=O,[ 0.6091073   0.77476484 -0.5438526  -0.86837417 -0.33039   ]
Cc1cccc2sc3nncn3c12,[ 0.19953077  0.7425811  -0.7021457   0.24583109 -0.35448897]
CC(C)Cn1c(=O)n(C)c(=O)c2c(C(=O)N3CC[C@@H](O)C3)c(Cc3c[nH]c4ccccc34)sc21,[ 0.51464504  0.68416643 -0.56123483 -0.5617926   0.15899731]
CNC(=O)c1[nH]cnc1C(=O)Nc1ccc(OC)cc1,[-0.11636388  0.9011072  -0.32437772 -0.726103    0.3883421 ]
C=CCc1cc(OC)c2c(c1)OCO2,[ 0.28870696  0.9279563  -0.6961745  -0.67977774  0.5276044 ]
CC(C)(C)CNC(=S)Nc1cccnc1,[ 0.1251281   0.8244479  -0.34649724 -0.7967835  -0.46640682]
Cc1ccc2c(c1)c(-c1ccnc3cc(Cl)ccc13)c(C)n2CC(=O)O,[-0.31692657  0.36865106  0.24126402 -0.7970009   0.11730535]
CN[C@H](CC(C)C)C(=O)N[C@H]1C(=O)N[C@@H](CC(N)=O)C(=O)N[C@H]2C(=O)N[C@H]3C(=O)N[C@H](C(=O)N[C@H](C(=O)O)c4cc(O)cc(O)c4-c4cc3ccc4O)[C@H](O)c3ccc(c(Cl)c3)Oc3cc2cc(c3O[C@@H]2O[C@H](CO)[C@@H](O)[C@H](O)[C@H]2O[C@H]2C[C@](C)(N)[C@H](O)[C@H](C)O2)Oc2ccc(cc2Cl)[C@H]1O,[ 0.23397917  0.7852471  -0.65463156 -0.4740956   0.21271084]
CC#CCC(C)C(O)/C=C/C1C(O)CC2C/C(=C/CCCC(=O)[O-])CC21,[-0.42170277  0.8153098  -0.44403017 -0.5101579  -0.36954623]
O=c1cc(-c2ccc(O)cc2)oc2cc(O)cc(O)c12,[-0.1281615   0.97808534 -0.29769227 -0.86792064  0.60009503]
O=S1(=O)CCN(c2ccccc2)CC1,[ 0.05775182  1.         -0.858582   -0.7626964  -0.18851751]
CC(=O)CCc1ccc(O)cc1,[ 0.5971866   0.8252239  -1.         -0.7760792   0.08442948]
COc1cc2c3c(c1O)C1(C=CC(=O)C=C1)CC3N(C)CC2,[ 0.02991601 -0.11714239 -0.94262767 -0.3359225   0.02677288]
CCCCC(CC)COCCO,[-0.53803957  0.5962754  -1.         -0.32133102  0.14723131]
COCc1ccc2c(C(C(=O)NS(=O)(=O)c3ccc(C)cc3OC)c3ccc4c(c3)OCO4)cn(C)c2c1,[ 0.0823495  -0.43485722 -0.75361603 -1.         -0.19291237]
Cc1ccc(N=C=O)cc1,[ 0.49315372  0.47759628 -0.81770384 -0.28955632  0.79072255]
ClC(Cl)(Cl)c1ccc(C(Cl)(Cl)Cl)cc1,[-0.11755527  1.         -0.49466679  0.3749568   0.34929636]
COc1ccc(CC2c3cc(OC)c(OC)cc3CCN2C)cc1OC,[ 0.21096867  1.         -0.7574532  -0.86330616  0.0475272 ]
Nc1nc(-c2ccccn2)nc(N)c1Cc1ccc(Cl)cc1Cl,[-0.04538448  0.94249284 -0.87310827 -0.5096435   0.6345648 ]
Nc1nc(O)c(Cl)c(-c2ccccc2)n1,[-0.39045605  1.         -0.95379096 -0.6004733  -0.46358088]
CCOP(=S)(OCC)OC(C)CC,[-0.43314978 -0.31488293  0.3943509  -0.80387264 -0.10657378]
Nc1cc[n+]([O-])cc1,[ 0.00640698  1.         -0.7629199  -0.84499377  0.83602756]
COc1ccc(C(Oc2ccccc2)C2=NCCCN2)cc1,[ 0.35400918  0.86177534 -0.10175436 -0.56698084 -0.24333325]
CC(=O)CCC(C)=O,"[ 4.1587738e-04  8.4584212e-01 -4.9937332e-01 -7.0595825e-01
 -4.1385832e-01]"
C=CCC1/C=C(\C)CC(C)CC(OC)C2OC(O)(C(=O)C(=O)N3CCCCC3C(=O)OC(/C(C)=C/C3CCC(O)C(OC)C3)C(C)C(O)CC1=O)C(C)CC2OC,[ 0.39974424  0.39036635 -0.5379964  -0.80025566 -0.46156222]
COCCN(C(=O)CCl)c1c(C)cccc1C,[-0.16781193  0.5583944  -0.73081625 -0.7693749   0.62037265]
CN(C1CCCCC1)C1CCCCC1,"[ 3.4484646e-01  6.9012600e-01 -8.9993054e-01 -6.4947772e-01
  7.8569743e-04]"
O=CCCCC=O,[ 0.58206713  1.         -0.5799428  -1.         -0.4157602 ]
O=C(Nc1cccc(Cl)c1)OCC#CCCl,[ 0.02563694  0.9955766  -0.82097346 -0.8348846  -0.2549404 ]
