O=[N+]([O-])c1c(Cl)c(Cl)c(Cl)c2nc(C(F)(F)F)[nH]c12,[ 0.33516914  0.5988468  -0.7438797  -0.7883821   0.29328114]
Cc1nn(C)c(Oc2ccccc2)c1C=NOCc1ccc(C(=O)OC(C)(C)C)cc1,[ 0.25915796 -0.17136173 -0.62850106 -0.3816752   0.32358524]
O=C(Cl)CCl,[ 0.45074835  0.6332036  -0.69920003 -0.8305615  -0.3776389 ]
CC(C)CCOC(CO)CC(C)C,[ 0.06074841  0.67803514 -0.92825663 -0.6786827   0.08858614]
CCC(C)CCCCC(=O)NC(CCN)C(=O)NC(C(=O)NC(CCN)C(=O)NC1CCNC(=O)C(C(C)O)NC(=O)C(CCN)NC(=O)C(CCN)NC(=O)C(C(C)O)NC(=O)C(CC(C)C)NC(=O)C(CCN)NC1=O)C(C)O,[ 0.01517118 -0.1457195  -0.98570585 -0.91932696 -0.076137  ]
Cc1ncc(C[n+]2csc(CCO)c2C)c(N)n1,[ 0.10100542  0.1094451  -0.82736343  0.0382613   0.50049514]
CC(NNC(=O)c1ccccc1)c1ccccc1,[-0.21994531  0.7872559  -0.75147563 -0.74532974 -0.0628038 ]
CC(C)(C)c1cc(CCC(=O)OCCSCCOC(=O)CCc2cc(C(C)(C)C)c(O)c(C(C)(C)C)c2)cc(C(C)(C)C)c1O,[ 0.18148373  0.8760172   0.16073285 -0.65765244 -0.01617446]
CC1NC(=S)NC1=O,[ 0.18542723  0.991561   -0.7509858  -0.8647244   0.56953007]
CC(=Cc1ccccc1)C=C1SC(=S)N(CC(=O)O)C1=O,[ 0.61735827  0.821949   -0.46024182 -0.7071337  -0.00717976]
c1cc(-c2ccc3nc(Nc4ccc(OCCN5CCCC5)cc4)ncc3c2)ccn1,[ 0.38506898  0.834571   -0.63674355 -0.5120025   0.34855416]
CCC(C)(C)OC(=O)Nc1ccco1,[ 0.6936706   0.54250044 -0.85295683 -0.10455301 -0.13135935]
CCCCCCCCCCOC(=O)Cc1ccc(N(CCCl)CCCl)cc1,[ 0.24941845 -0.44424126 -0.7266205   0.16638774  0.25361714]
C=CC(=O)OCCc1ccc(CC)cn1,[-0.0565648   0.866621   -0.9617595  -0.541197   -0.17213826]
Cn1c(C(=O)NC2(C(=O)N[C@H](Cc3ccccc3)C(=O)NCCCN3CCOCC3)CCCC2)cc2ccccc21,[-1.          0.8489327  -0.758647   -0.7854425  -0.25866118]
Nn1cnc2cc3ccccc3cc2c1=O,[ 0.09326191  0.9077423  -0.36576676 -0.52576697 -0.28059652]
N#Cc1ccc2[nH]c(C(F)(F)F)nc2c1,[ 0.17982787  0.81838024 -0.92739284 -0.69615555 -0.3236766 ]
O=CCCCC=O,[ 0.49435443  0.90678644 -0.77988964 -0.94961363 -0.3406988 ]
Cc1nccc(-c2ccc(-c3nc4ccncc4c(O)c3C#N)cc2)c1Cl,[ 0.42609084  0.91700023  0.31787822 -0.2518863  -0.1010279 ]
CCCCCc1ccccc1O,[ 0.5048866   0.9282     -1.         -0.9389267  -0.26633385]
CCOC(=O)CCC1(CCC(=O)OCC)c2ccccc2-c2ccccc21,[-0.41064763 -0.3306481  -0.76546526 -0.504378    0.28890297]
Cc1ncc(CS)c(CO)c1O,[-0.17939274  0.63864267 -0.87074256 -0.90271825 -0.04429474]
CCC(=O)N(c1ccccc1)C1CC[NH+](CCc2ccccc2)CC1,[-0.18168043  0.7689389  -0.14768165 -0.3447195  -0.37278104]
COc1cc(OC)c(S(=O)(=O)N2c3ccccc3CCC2C)cc1NC(=O)COCC(=O)O,[ 0.38202807  0.7823327  -0.41009894 -0.46044874 -0.09669956]
CCc1cccc(CC)c1N,[ 0.25295928  0.79808503 -0.6504001  -0.8601764  -0.20944442]
COc1ccc2ncc(=O)n(CCN3CC[C@@H](NCc4cc5c(cn4)OCCO5)[C@H](O)C3)c2c1,[ 0.176852    0.6693898  -1.         -1.          0.34496656]
CCCCOCC1CO1,[-0.45442656  1.         -0.8840694  -0.87670064 -0.01804779]
CNC(=O)ON=C(C)SC,[-0.23582992  0.8607328  -0.8143148  -0.48496965 -0.07164042]
Cc1ccc(NC(=O)c2ccc(C#N)cc2)cc1-n1cnc2ccc(N3CCN(C)CC3)cc2c1=O,[-0.28841275  1.         -0.7297603  -0.8655492  -0.07900677]
CCN(CC)N=Nc1ccccc1,[ 0.50436217  0.05251399 -0.8745081  -0.3392835  -0.02028711]
NCC1CCC=CO1,[-0.23875454  0.01477813 -0.58379716 -0.71750975  0.23296423]
S=C=NCCN=C=S,[-0.4995548   0.36270538 -0.5832129  -0.60230076 -0.27735767]
C[C@@H]1O[C@@H](O[C@H]2[C@@H](O)C[C@H](O[C@H]3C[C@](O)(C(=O)CO)Cc4c(O)c5c(c(O)c43)C(=O)c3ccccc3C5=O)O[C@H]2C)C[C@H](N)[C@@H]1O,[-0.15393808  0.7199146   0.34333345 -0.4323447  -0.11122514]
CCC(C)C(CC)C(N)=O,[ 0.31439742  1.         -1.         -0.5239576  -0.4513718 ]
CCCCn1c(=O)n(CCC)c(=O)c2[nH]c(C)nc21,[ 0.46509624 -0.0061574  -0.7035642   0.13433269  0.08051875]
O=S(=O)(O)c1ccc2cc(Nc3cccc4c(O)c(S(=O)(=O)O)ccc34)ccc2c1O,[ 0.04767054 -0.9819775  -0.67214423 -0.36569402 -0.07279347]
Cc1cc(Sc2cc(C)c(O)c(C(C)(C)C)c2)cc(C(C)(C)C)c1O,[ 0.09731977  0.49592295 -0.24324873 -0.5676824  -0.5018564 ]
Cc1ccc(S(=O)(=O)Nc2c(C(=O)NC3CCCCC3)c(C)nn2-c2ccccc2)cc1,[-0.27916864  0.82485414 -0.99769163 -0.70668644  0.20114136]
O=C(CF)Nc1ccccc1,[-0.51957875  0.931527   -0.9049539  -0.95485276 -0.24417716]
CNC(=O)Oc1ccc(CCC#N)cc1,[ 0.12063196  0.74824613 -1.         -0.74505836  0.41119537]
CC(=O)N(C)c1ccc(Nc2ncc3cc(-c4ccncc4)ccc3n2)cc1,[-0.0693751   0.67238104 -0.8041871  -0.7947097  -0.33665454]
COc1cc2nc(N3CCN(C(=O)c4ccco4)CC3)nc(N)c2cc1OC,[ 0.2839385   0.3533416  -0.7851943  -0.50125414 -0.06325075]
Nc1cc2c(cc1C1CCCCC1)CCC2C(=O)O,[ 0.15191147  0.08013064 -0.36763403 -0.16291906 -0.14352676]
C[C@@H]1NC(=O)[C@@H](C)N(C)C(=O)[C@@H](C)N(C)C(=O)[C@H](C)NC(=O)[C@H](C)N(C)C(=O)[C@@H](C)N(C)C1=O,[ 0.06072586  0.1723711  -0.71032333  0.15049188  0.01950019]
Cc1ccccc1COC1CC2(C(C)C)CCC1(C)O2,[-0.33077693  0.19411933 -0.67129374 -0.7577502   0.066062  ]
CC1CS1,[ 0.3051566   0.9787262  -0.8597453  -1.          0.02958207]
c1ccc([C@H]([C@@H](c2ccccc2)N2CCCCC2)N2CCCCC2)cc1,[-0.86054647  0.8049941  -0.5108871  -0.71524715  0.44515133]
COC(=O)C(C(C)=O)C(C)=O,[ 0.05589134  0.9161867  -0.89864784 -0.8075522  -0.12302899]
CN(C)C(Cc1ccccc1)c1ccccc1,[ 0.18725029  0.76743877 -0.8557781  -0.9665361  -0.24562459]
O=[N+]([O-])c1cccc(O)c1,[-0.14615975  0.3039995  -1.         -0.74689645 -0.00495092]
CCCCC(CC)CNC1CCCCC1,[-0.15021378  0.69266945 -0.9435348  -0.8549753  -0.32380784]
c1cc2c(c(N3CC[NH2+]CC3)c1)OCCO2,[ 0.47424293  0.8761272  -0.15207592 -1.          0.18020487]
O=Cc1ccc(O)cc1,[ 0.30062342  0.6150789  -0.6176624  -0.81576675 -0.2956769 ]
OCc1ccccc1,[ 0.44443244  0.79697275 -0.87085944 -0.429213    0.14920619]
O=C(O)COc1ccc(Cl)cc1CN1CCN(S(=O)(=O)Cc2ccccc2)CC1,[ 0.11768002  0.8123652  -0.70395476 -0.41708618 -0.44976372]
Cc1ccc(N=C=O)cc1,[ 0.7251983   0.5304854  -0.8968693  -0.40093628  0.67756116]
CCNC(=O)CSP(=S)(OC)OC,[ 0.16311139  0.8790802  -0.72198904 -0.8064697  -0.5159941 ]
Cc1ncsc1C(=O)N(Cc1cc(=O)[nH]c2c(F)cccc12)c1cccc(Cl)c1,[ 0.44824296  0.87544847 -0.7662437  -0.63878644 -0.21504852]
CCP(=O)(OC)SC,[-0.23225029  0.923696   -0.7907803  -1.          0.7442486 ]
COc1cc2c(cc1OC)C(Cc1cc(OC)c(OC)c(OC)c1)[N+](C)(CCCOC(=O)CC/C=C\CCC(=O)OCCC[N+]1(C)CCc3cc(OC)c(OC)cc3C1Cc1cc(OC)c(OC)c(OC)c1)CC2,[-0.13255985  0.91245633 -0.70015305 -0.70916414 -0.12139124]
C=C1CC23CC1(O)CCC2C12C=CC(O)C(C)(C(=O)O1)C2C3C(=O)O,[ 0.18430395  0.79475224 -1.         -0.9287353  -0.2844749 ]
COc1cc2nc(N3CCN(C(=O)C(C)OC)CC3)nc(N)c2cc1OC,[ 0.25516608  0.95348245 -0.90582865 -0.8727888   0.34374964]
C#CC1(O)C(CO)OC(n2ccc(N)nc2=O)C1O,[-0.5955639   0.66440946 -0.70375204 -0.68863255 -0.2620061 ]
CCCCOCCOC(C)=O,[-0.11786473  0.8424418  -0.71251184 -0.19620816 -0.24388628]
CN(C)C1CC(c2ccccc2)c2ccccc21,[ 0.3187796   0.75302225 -1.         -0.94903827 -0.14855875]
CCC(C)(C)C1CCC(=O)CC1,[ 0.48484564  0.6630995  -0.42192036 -0.61373883 -0.22398883]
Cc1c(C(C)C)c(=O)n(-c2ccccc2)n1C,[ 0.23721692  0.80519897  0.71453667 -0.47768316 -0.5391701 ]
CCC(=O)CC,[ 0.30276573  0.87108207 -0.9771481  -0.8071579  -0.24592519]
CCN1C(=O)C=CC1=O,[ 0.11349522  0.72615355 -0.52081466 -0.69916016 -0.05725943]
Nc1ccc(S(=O)(=O)O)c2cccc(O)c12,[-0.35057858  0.8437076  -0.79905784 -0.96969897  0.5489919 ]
CCC(=O)N(c1ccccc1)C1CCN(CCc2ccccc2)CC1,[-0.45233387  0.29752818 -0.51756096  0.12536335 -0.07791104]
OCC(O)C(O)C(O)CO,[ 0.3656204   0.9326598  -0.94329435  0.21874353 -0.05775917]
CCCCN(CCCC)CCCC,[-0.00579855  0.75548667 -0.24708924 -0.7588463  -0.4773175 ]
CCC(C)(CC)c1cc(N)on1,[ 0.12312932  0.91863793 -0.8521657  -0.46245578 -0.03435034]
O=C(O)CCC(=O)O,[ 0.08376236  0.71790737 -0.79047936 -0.33727413 -0.11661437]
Cc1ccn(C(=O)NCCCCCCCl)n1,[ 0.6523454   0.2248884  -0.7773368  -0.20326386 -0.5853054 ]
CCOC(=O)C(C)Oc1ccc(Oc2nc3ccc(Cl)cc3s2)cc1,[-0.5133114  -0.08495345 -1.         -0.5867634   0.21505795]
Cn1cncc1CN(CCN(Cc1ccccc1)S(=O)(=O)c1ccccn1)c1ccc(C#N)cc1,[ 0.39816642  0.66030216 -0.8448816  -0.7450091  -0.00650507]
Cc1cc(Nc2cncc(N[C@@H](C)c3ccc(F)cn3)n2)n[nH]1,[ 0.2907636  -0.8128608  -0.26426044 -0.05103054  0.13243803]
S=c1[nH]cnc2nc[nH]c12,[-0.26999205  0.38311568 -1.         -0.90510195 -0.13385282]
CCC(=O)OC1CCC2C3CCC4=CC(=O)CCC4(C)C3CCC12C,[ 0.5702563  -0.06690747 -0.7443287  -0.76883143  0.3288328 ]
Cc1nn(C2CCCCC2)c(N)c1-c1ccccc1,[ 0.23335911  0.8717813  -0.9804084  -0.96449685 -0.41227844]
CN(C)CC/C=C1/c2ccccc2COc2ccc(CC(=O)O)cc21,[ 0.17696959  0.7178964   0.15621562 -0.40695646 -0.05323026]
CN(C)C(=O)Oc1cccc2sccc12,[ 0.23087321 -0.1973506  -0.60668385 -0.6264661   0.4750358 ]
Cc1cc(Nc2nc(N[C@@H](C)c3ccc(F)cn3)c(C#N)nc2C)n[nH]1,[ 0.11484013  0.37342247 -0.9931492  -0.26462102  0.05032599]
CO/N=C(/C(=O)NC1C(=O)N2C(C(=O)[O-])=C(C[N+]34CCC(C(N)=O)(CC3)CC4)CSC12)c1nsc(N)n1,[ 0.15834658  0.9311743  -0.7612203  -0.99344647  0.19081946]
O=C(O)CCCCCC(=O)O,[ 0.50109035  0.8160335  -0.65094745 -0.38051572 -0.20163675]
CN(C)C(=O)N(C)N=O,[ 0.15673774  0.7711455  -0.73926485 -0.7695117  -0.0969178 ]
Cc1c(F)cc(C(=O)NC2CC2)cc1-c1ccc(C(=O)NCC(C)(C)C)cn1,[ 0.23525923  0.5315603  -0.7669144  -0.84818536  0.8315884 ]
CC#CCC(C)C(O)/C=C/C1C(O)CC2C/C(=C/CCCC(=O)[O-])CC21,[-0.18937995  0.7967503  -0.5826724  -0.5317215  -0.11803543]
CC(=O)N(C)C,[ 0.27286538  0.9514682  -0.8744021  -0.7617638  -0.61770487]
ClC(Cl)(Cl)c1cccc(C(Cl)(Cl)Cl)c1,[ 0.3646844  1.        -0.7603529 -1.         0.4400256]
COc1ccc(C(Oc2ccccc2)C2=NCCCN2)cc1,[ 0.31255683 -0.3325845  -0.5862565  -0.5068641  -0.08891562]
O=c1cc(-c2ccc(O)cc2)oc2cc(O)cc(O)c12,[ 0.4205226   0.9771232  -0.7475917  -0.6618592   0.01004117]
CNC(=O)Nc1nnc(C(C)(C)C)s1,[-0.2920221  -0.591584   -0.9872183  -0.6909825  -0.21602575]
COP(=S)(OC)SC1CSC=CO1,[-0.43580818  0.76396435 -0.8703312  -0.69813687 -0.03565689]
O=C(Nc1cccc(Cl)c1)Nc1nnc(-c2ccncc2)s1,[-0.23791644  0.8739002  -0.9857714  -0.6815222  -0.25422564]
COc1cc(OC)c(S(=O)(=O)N2c3ccccc3CCC2C)cc1NC(=O)CSCC(=O)O,[ 0.03380762  0.9031652  -0.7559307  -0.8738033   0.07274344]
O=C(CCc1ccccc1)OC1=C(OC(=O)CCc2ccccc2)C(=O)OC1=O,[-0.38759932  0.82319343 -0.78902763 -0.66865796  0.35618526]
CN1CCCCC1CCN1c2ccccc2Sc2ccc(S(C)=O)cc21,[ 0.3081365   0.809433   -0.93149376 -0.9033034  -0.28084546]
Cc1cccc(C)c1O,[ 0.10832454  0.47518626 -0.92476225  0.02007201 -0.0305498 ]
CCOC(=O)COC(=O)c1cc(Oc2ccc(C(F)(F)F)cc2Cl)ccc1[N+](=O)[O-],[ 0.25676978 -0.66020465 -0.45309168 -0.9606323   0.06831603]
O=c1[nH]c2ccccc2n1CCCN1CCN(C(c2ccccc2)c2ccccc2)CC1,[ 0.3198688   0.6091343  -0.05735632 -0.4129505   0.01446915]
O=C(NCCNCC(O)COc1ccc(O)cc1)N1CCOCC1,[ 0.13092442  0.32838365 -0.98104185 -0.8282024  -0.22854368]
CNc1c(Br)cnc2[nH]c(-c3ccc(S(C)(=O)=O)cc3)nc12,[ 0.03666562  0.7011976  -0.8294348   0.3978963  -0.22150305]
CCCOC(=O)c1ccc(C(=O)OCCC)nc1,[ 0.16603848 -0.38748586 -0.19745663 -0.7144965   0.45426008]
C#CC(C)(C)O,[ 0.40432277  0.8298003  -0.8668998  -0.7625098   0.07327599]
Cn1c(C2=CCN(CCCN3c4ccccc4Sc4ccc(CC(=O)O)cc43)CC2)cc(=O)n(C)c1=O,[ 0.43986142 -0.5306408  -0.3662576  -0.44164988 -0.08403936]
CN(C)C(=O)Nc1cc(C(C)(C)C)on1,[-0.47689     0.95063734 -0.42138183 -0.6116418   0.12215839]
CCC(CC)n1nc(C)c(C(=O)N[C@@H](C)C(C)(C)C)c1NS(=O)(=O)c1ccc(C)cc1,[ 0.22246148  0.62434256  0.4552344  -0.5549648  -0.5039923 ]
COc1nccnc1NS(=O)(=O)c1ccc(N)cc1,[ 0.49554336  0.89353144 -0.68248355 -0.73733044 -0.09942849]
NC(=O)CCCCC1CCSS1,[ 0.15502493  0.93589497 -0.40668938 -0.34163797 -0.17185877]
O=C(NC(CCc1ccc2c(c1)OCO2)CCc1ccc2c(c1)OCO2)c1ccc(Cl)cc1,[ 0.43742535  0.7573009  -0.9957432  -0.728073    0.05974015]
CCOP(=S)(OCC)OC(C)CC,[-0.48602024 -0.30365196  0.29692572 -0.6501835  -0.15367018]
CC(C)CON=O,[ 0.81839716  0.8439215  -0.5134933  -0.80988264 -0.43813977]
O=C([O-])c1cc(N=Nc2ccc(S(=O)(=O)Nc3ccccn3)cc2)ccc1O,[-0.45178717  0.848091   -0.30004302 -0.7395777   0.29528335]
FCOC(C(F)(F)F)C(F)(F)F,[ 0.08914484  0.6465861  -0.8457408   0.59315675  0.1483516 ]
C=C(CC(=O)c1ccc(-c2ccccc2Cl)cc1)C(=O)O,[ 0.4484617   0.5235639  -0.8188077  -0.6374019   0.56708866]
COc1cc(-c2cc(=O)c3c(O)cc(O)cc3o2)cc(O)c1OC,[-0.07880151  1.         -0.79485774 -0.6451018  -0.18297668]
NC(=[NH2+])NCCCCC1NC(=O)CCSSCC(C(N)=O)NC(=O)C2CCCN2C(=O)C(Cc2c[nH]c3ccccc23)NC(=O)C(CC(=O)[O-])NC(=O)CNC1=O,[ 0.10895954  0.80950874  0.973218   -0.06962786 -0.2204395 ]
CN1CCC(=C2c3ccccc3Sc3ccccc32)CC1,[ 0.35195836  0.84404635 -0.9890186  -0.8307323  -0.1583097 ]
CN1[C@@H]2CC[C@@H]1CC(OC(=O)C(CO)c1ccccc1)C2,[ 0.12920341 -1.         -0.6550621  -0.13126911 -0.10074735]
CC12CCC3c4ccc(O)cc4CC(CCCCCCCCCS(=O)CCCC(F)(F)C(F)(F)F)C3C1CCC2O,[ 0.43546334 -0.05031999 -0.6450541   0.33562887 -0.00481457]
O=C(/C=C/c1ccc(O)c2c1C(C(=O)O)C(c1ccc(O)c(O)c1)O2)OC(Cc1ccc(O)c(O)c1)C(=O)O,[ 0.26808384  0.80790216 -0.7343019   0.41540173 -0.29773793]
Cc1cc(=O)n(CSP(=S)(OC(C)C)OC(C)C)nc1Cl,[-0.22358304  0.7182599  -0.83111525 -0.77501124 -0.12336746]
CCCCCCCCCCCCCCCN,[-0.13578928  0.8139502  -0.3856826  -0.8163565   0.47964352]
Cc1onc2c(=O)[nH]nc(-c3ccccc3)c12,[ 0.09974931  0.45818707 -0.8237574  -0.7724651  -0.1144371 ]
CC1(C)C2CC=C(CCO)C1C2,[ 0.21253109  0.7955043  -0.6172441  -0.45470434  0.21140431]
NC(=O)CF,[ 0.24767138  0.8395628  -0.5773873  -0.557501   -0.19794428]
Cc1c(OC2CCN(CC3CCN([C@@H](Cc4ccc(F)cc4)C(=O)O)CC3)CC2)ccc(C#N)c1Cl,[-0.09478344  0.94417286 -0.04732712 -0.42304665  0.5798174 ]
CC1CC(=O)NN=C1c1ccc([N-]N=C(C#N)C#N)cc1,[ 0.29862094  0.33382455 -1.         -1.          0.04589691]
CCc1ccc2[nH]c(C(F)(F)F)nc2c1,[ 0.29655027 -0.2347005  -1.         -0.94895035  0.20677426]
COCCN(c1cccnc1)P(=O)(c1ccccc1)c1ccccc1,[ 0.33544067 -0.07074668 -0.6979404  -0.92943865  0.5513569 ]
CC(=O)C1(O)Cc2c(O)c3c(c(O)c2C(OC2CC(N4CC4)C(OS(C)(=O)=O)C(C)O2)C1)C(=O)c1ccccc1C3=O,[-0.15162762  0.90524614 -0.68610865 -0.8355826  -0.11021371]
CN(C)CC=C(c1ccc(Br)cc1)c1cccnc1,[-0.27549058  0.6481222  -0.6017113  -0.9214549  -0.38450408]
COP(=S)(OC)Oc1ccc(C#N)cc1,[ 0.28929585  0.53646713 -0.62775975 -0.623639   -0.12460171]
COc1c(OP(=S)(OCC(C)C)OCC(C)C)cnn(C)c1=O,[ 0.16067868  0.5926808  -0.7954357  -0.54470044  0.19116263]
ClCC(Cl)Cl,[ 0.13221984  0.83332914 -0.80113107 -0.7711122   0.62564576]
Nc1ccc(F)c(F)c1F,[ 0.11306971  0.56649274 -0.07325887 -0.7292218   0.69973874]
COc1cc2c3c(c1O)C1(C=CC(=O)C=C1)CC3N(C)CC2,[ 0.02834355  0.7075887  -0.8476396  -0.28364658  0.27898553]
C[C@@H]1CN(Cc2ccc(F)cc2)CCN1C(=O)COc1ccc(Cl)cc1NC(N)=O,[-0.02317188  0.84895736 -0.62686026 -0.6814614  -0.3379852 ]
CN(C)CCC=C1c2ccccc2CCc2ccccc21,[ 0.10826248  0.69756013 -0.28912023 -0.33748728  0.43679854]
CO[Si](CCCOCC1CO1)(OC)OC,[-0.246572    0.81913394 -0.452536   -0.7048836  -0.40078244]
Brc1ccc2[nH]cc(CC3CCNCC3)c2c1,[ 0.381138    0.8248018  -0.77577287 -0.8119461   0.15828568]
CC(CN1CC(=O)NC(=O)C1)N1CC(=O)NC(=O)C1,[-0.6068581   0.71948403 -0.9881895  -0.9046765  -0.0495436 ]
O=C(/C=C/c1ccccc1)NCCO,[-0.11839273  0.7317244  -0.7077803   0.19223821  0.34857506]
O=C(CCl)OCCOCCO,[-0.15231942  0.44679025 -0.84152484 -0.7800488  -0.07228256]
C#CCN(C)c1ccccc1OC(=O)NC,[ 0.31812957 -0.64156413 -0.65501183 -0.41476855 -0.30946434]
CC(=O)OC(C)(C)C1CC=C(C)CC1,[ 0.26023453  0.6815002  -0.53350705 -0.27560714 -0.07415215]
CNC(=O)ON=C1CCCC1(C)C#N,"[-2.2068823e-04  4.1850203e-01 -8.3186209e-01 -6.7428678e-01
 -2.6744416e-01]"
CC(C)C(CCC(C)C1CCC2C3C(O)CC4CC(NCCC[NH2+]CCCC[NH3+])CCC4(C)C3CCC12C)OS(=O)(=O)[O-],[ 0.05422813  0.9589789  -0.9273115  -0.98980254 -0.2088896 ]
CC(COc1ccc(Cl)cc1Cl)C(=O)O,[ 0.17535183  1.         -0.8071797  -0.75905794  0.3186695 ]
O=C(NC1CC1)c1cc(-c2cccs2)on1,[-0.4076542   0.8094538  -0.80833006 -0.5856513   0.04943214]
O=C1NC(c2ccc(Br)cc2)Nc2ccccc21,[ 0.41507572  1.         -0.6441202  -0.4746322  -0.45243108]
CC=C(C(=O)NC(N)=O)C(C)C,[ 0.43714347  1.         -0.66597915 -0.85204756  0.01249473]
Cc1ccc(OP(=O)(Oc2ccccc2)Oc2ccccc2)cc1,[ 0.26338544  0.79769194 -1.         -0.12137522 -0.01076041]
CCOC(=O)Cl,[-0.13937624  0.00626081 -0.29716966 -0.43560976 -0.3278912 ]
CCCCC(=O)N(Cc1ccc(-c2ccccc2-c2nnn[n-]2)cc1)C(C(=O)[O-])C(C)C,[-0.09158636 -0.36085078 -0.9607307  -1.          0.1077198 ]
C#CC(C)(C)NC(=O)c1cc(Cl)cc(Cl)c1,[-0.08088347  0.95783055 -0.8530875  -0.8053558  -0.0826464 ]
COc1ccc2c(O[C@@H]3C[C@H]4C(=O)N[C@]5(C(=O)NS(=O)(=O)C6CC6)C[C@H]5/C=C\CCCCN(C)C(=O)[C@@H]4C3)nc(-c3ccc(F)cc3)nc2c1C,[ 0.30399722  0.542443   -0.59120244 -0.9130628  -0.00547359]
[O-][n+]1onc2c1c1no[n+]([O-])c1c1no[n+]([O-])c21,[ 0.54315376  0.77933943 -0.8837981  -0.88916665  0.01320794]
CCOP(=S)(OCC)SCC(=O)N(CCC#N)c1ccccc1,[ 0.17045769  0.9997655  -0.9541053  -0.7928874  -0.18839979]
CC(C)(C)NCCC(O)c1cc(C(F)(F)F)nc2c(C(F)(F)F)cccc12,[ 0.37573323  0.73908734 -0.9429745  -0.76955146  0.59583724]
Cc1ccc(-c2ccccc2)cc1,[ 0.10278996  0.0806714  -0.88522315 -0.8645405  -0.05265276]
CN(CC#N)N=O,[-0.04378336  1.         -0.86570054 -1.         -0.14746   ]
CC(C)(O)c1ccccc1,[ 0.4409807   0.6398785  -0.8072456   0.3248957  -0.11434542]
CCOP(=S)(NC(C)C)Oc1ccccc1C(=O)OC(C)C,[ 0.7871829  0.69519   -1.        -0.5824127  0.5741678]
O=C(Oc1ccccc1)c1ccccc1C(=O)Oc1ccccc1,[ 0.47104082  0.36290738 -0.8328389  -0.49938297 -0.02202877]
ClCCCBr,[ 0.33054557  0.28399476 -0.04569715 -0.21912487  0.07006789]
Cc1ccc(C(=O)N(CCCN)[C@@H](c2nc3cc(Cl)ccc3c(=O)n2Cc2ccccc2)C(C)C)cc1,[ 0.2668116   0.63015103  0.41082233 -0.18763806 -0.3421521 ]
c1ccc(C2CO2)cc1,[-0.69578904  0.79589134 -0.38550368 -0.6511936   0.07641977]
CCN(CC)CCNC(=O)c1cc(Br)c(N)cc1OC,[ 0.06878643  1.         -0.6168055  -0.66292727  0.10696182]
C=CC(=O)N1CN(C(=O)C=C)CN(C(=O)C=C)C1,[ 0.18262607  0.48009685 -0.78338987 -0.6234633   0.57978773]
CN(CCCl)CCCl,[ 0.27640483  0.8090486  -0.74033433 -0.8439607   0.1350448 ]
CC=CC(C)=O,[ 0.58357567 -0.7158574   0.4360313  -0.4875637   0.22357741]
COc1cc(OC)c(S(=O)(=O)NCc2ccccc2N2CCCCC2)cc1NC(=O)CCC(=O)O,[ 0.45253634  0.7267975  -0.5511364  -0.77090335 -0.19666637]
O=C1OCC2C1C1(Cl)C(Cl)=C(Cl)C2(Cl)C1(Cl)Cl,[ 0.71514386  0.03972525 -0.668911   -0.50843     0.31074375]
O=Cc1cccc2ccccc12,[-0.07839105  0.215499   -0.75814724 -0.4847355   0.09668463]
CC(=O)OCc1ccc(C(C)C)cc1,[-0.11818811  0.92824876 -0.7454464  -0.9453716  -0.5248908 ]
O=P([O-])([O-])C(Cl)(Cl)P(=O)([O-])O,[ 0.5177426   0.8762819  -0.79197097 -0.650337   -0.26051593]
CC(C)CCCCCN(CCCCCC(C)C)CCCCCC(C)C,[ 0.46177626  0.8928427  -0.86573225 -0.49962363  0.2367156 ]
C=CC(=O)OCCOC(=O)c1ccc(C(=O)O)cc1C(=O)O,[ 0.10421854  0.09174759  0.25259116 -0.3346747   0.07356744]
CCCCN(N=O)C(N)=O,[ 0.28077483  0.6079927  -0.7161747  -0.924953   -0.01254151]
O=C1C(Cl)C(CCl)CN1c1cccc(C(F)(F)F)c1,[ 0.35958788  0.9428237  -0.5537236  -0.71269244 -0.14810681]
CCCN(CCC)c1c([N+](=O)[O-])cc(C(C)C)cc1[N+](=O)[O-],[ 0.16452065  0.93533766 -0.8316414  -0.83057463  0.40459552]
COc1cc2c(cc1OC)C1CC(=O)C(CCC#N)CN1CC2,[-0.38915947  1.         -0.92523134 -1.          0.6158386 ]
Cc1ccc(S(=O)(=O)N(C)C(=O)N2CCC(N3CCC(Oc4ccc(Cl)c(Cl)c4)CC3)CC2)cc1,[-0.01582318 -0.65677863 -0.6964793  -0.71871465  0.00258556]
C=CN(C)N=O,[ 0.27840623  0.09749223 -0.7742282  -0.2864592  -0.28619874]
NC(=O)[C@H](Cc1ccccc1)NC(=O)OCc1ccccc1,[ 0.50157005  0.90531343 -0.8882467  -0.86460835  0.38481122]
CC(C)(C#N)C(C)(C)C#N,[ 0.24519944  0.9089535  -1.         -0.96040404 -0.19649896]
S=c1[nH]c2cc(Cl)ccc2o1,[ 0.31715226  1.         -0.5350549  -0.7262386  -0.418879  ]
CC(C)NC(=O)c1cnc(N2CCC(N3C(=O)OCc4ccccc43)CC2)c(Cl)c1,[-0.1918238   0.9598913  -0.82236135 -0.65459746 -0.15335631]
CC(C(N)=O)(c1ccccc1)c1ccc(N)cc1,[-0.00134604  0.65893966 -1.         -0.8150303  -0.2622793 ]
CCCNC(=O)[N-]S(=O)(=O)c1ccc(Cl)cc1,"[ 3.3231455e-01  1.0000000e+00 -7.0824182e-01  3.6783560e-04
  3.5564199e-01]"
Cc1c(Sc2ccc(Cl)cc2)c2c(-c3ccccc3)cccc2n1CC(=O)O,[ 0.3197392   0.9967379  -0.82680416 -0.65105873  0.33498657]
O=C(CCC(=O)OC1CCCCC1)OC1CCCCC1,[-0.3472731   0.34755656 -0.16575459 -0.31717327  0.0761436 ]
CCNC(=O)C=Cc1cccc(Br)c1,[ 0.05293138  0.24218254 -0.5196125   0.34484917  0.24750817]
Nc1nc2[nH]cnc2c(=S)[nH]1,[-0.4679272   1.         -1.         -0.54973966  0.1740552 ]
CCS(=O)CCSP(=O)(OC)OC,[ 0.27260908  1.          0.5201224  -0.6789192  -0.11365564]
CC(=O)c1c(C)c2cnc(Nc3ccc(N4CCNCC4)cn3)nc2n(C2CCCC2)c1=O,[-0.25493044  0.90174353 -0.5423739  -0.2133005  -0.23934579]
CC(C)=CCl,[ 0.3952171   0.867984   -0.818968   -0.65445626  0.48613974]
CCc1nc2cc(O)ccc2c(Oc2ccc(/C=C/C(=O)O)cc2)c1-c1ccccc1,[-0.10475936  1.         -0.7402382  -0.6254055   0.43647164]
CN(C)Cc1cc(CN(C)C)c(O)c(CN(C)C)c1,[ 0.32212743  0.8485529  -0.7732685  -0.12738836  0.20538303]
O=C([O-])CCCc1ccc(N(CCCl)CCCl)cc1,[ 0.18355748  0.89215034 -0.92481905 -0.47028008 -0.37078965]
ClC(=NNc1c(Cl)cc(Cl)cc1Cl)c1ccccc1,[ 0.45270336  0.9343598  -0.7338477  -0.69965994  0.3390971 ]
COc1cc2c(c3oc(=O)c4c(c13)CCC4=O)C1C=COC1O2,[-0.13923194  0.83085513 -0.8036323  -0.8453353  -0.53630316]
CCCN(N=O)C(N)=O,[-0.40318495  0.7507057  -0.8058641  -0.68710554 -0.06761984]
CCCCOC(C)OCCCC,[-0.3536261   0.80245423  0.00995335 -0.95536095  0.05212472]
C=C1CC1CC(N)C(=O)O,[ 0.49391472  0.5640671  -0.93892103 -1.          0.81669325]
CC(=O)OCCOCCOCCOC(C)=O,[ 0.3332628   0.77466315 -0.7954298  -0.8246946  -0.09070297]
CC(C)(C)c1ccc2c(c1)C(C)(C)CC2,[-0.1648641   0.79524076 -0.66675705 -0.29527187  0.06351176]
O=[N+]([O-])c1cc(C2CCCCC2)c(O)c([N+](=O)[O-])c1,[ 0.22517565  0.7344065  -0.37103218 -0.52723455 -0.10155068]
CCC(C)c1ccccc1,[ 0.47305915  1.         -1.          0.10618482 -0.33943138]
OCCOCCN1CCN(C(c2ccccc2)c2ccc(Cl)cc2)CC1,[ 0.48723483  0.6419486  -0.1603948  -0.6977451  -0.1862816 ]
C=C(C)C(=O)OCCCC,[-0.01917454  0.9922645  -0.8311473  -0.842289    0.16634695]
O=c1cc(Cn2c(C3CCC3)nc3nccnc32)c2ccc(F)c(F)c2[nH]1,[ 0.00133698  0.88257116 -0.5258464  -0.7542487  -0.25229004]
CCC[NH+]1CCCCC1C(=O)Nc1c(C)cccc1C,[ 0.17079252  0.5699304  -0.66958016 -0.67346126 -0.03732123]
CC(C)(C)CC(=O)Nc1c(F)cc(C(=O)Nc2nccs2)cc1F,[ 0.41517204  0.68764627  0.61052537 -0.07827087 -0.25551307]
CCCCC(CC)COCCC#N,[-0.04323142  0.8579984   0.19409868 -0.49127924  0.3080068 ]
COC(=O)c1ccccc1N=NN(C)C,[ 0.12003169  0.8255767  -0.9820664  -0.48418152 -0.3801982 ]
CC(C(=O)O[C@@H]1CC[N+](C)(C)C1)(c1ccccc1)C1CCCC1,[ 0.26869148  0.90503865 -0.60186756 -0.7787377  -0.15342589]
CSCC(=O)N(C)C(=O)Oc1ccccc1OC(C)C,[ 0.05925164  0.6287277  -0.8951571  -0.8418067  -0.37200773]
Nc1cc2c(S(=O)(=O)O)cc(S(=O)(=O)O)cc2cc1S(=O)(=O)O,[ 0.55819595  0.9003838  -0.87005484 -0.6438217  -0.00399805]
C[C@@H]1CC[C@H]2[C@@H](C)[C@@H](OC(=O)CCC(=O)O)O[C@@H]3OC4(C)CC[C@@H]1[C@@]23OO4,[ 0.3480213   0.75783885 -0.7038213  -0.86824954  0.08360681]
CCCCCC(O)C=CC1C(O)CC(O)C1CC=CCCCC(=O)O,[ 0.19647726 -0.37251264 -0.823966   -0.44581863  0.94917285]
CN1CCN2c3ncccc3Cc3ccccc3C2C1,[ 0.33452272  1.         -0.69205874 -0.9883499  -0.53880143]
CC=C(CC)C(=O)NC(N)=O,[ 0.10833538  0.91645485 -0.7714342  -0.62102556 -0.14823775]
O=C1CCc2cc(C=CCN3CCN(c4ccc(Cl)cc4)CC3)ccc2N1,[ 0.25348192  0.55322516 -0.62914526  0.04284255 -0.25147298]
CN(C)N(C)N=O,[-0.12427188  0.71231097 -0.9275637  -1.          0.7316117 ]
C=CC[N+]1([C@H]2C[C@H]3[C@@H]4CC[C@H]5C[C@H](O)[C@@H](N6CCOCC6)C[C@]5(C)[C@H]4CC[C@]3(C)[C@H]2OC(C)=O)CCCC1,[ 0.11168598  0.8396948   0.58915037 -0.5917207   0.5931946 ]
CN1C[C@@H]2c3ccccc3Oc3ccc(Cl)cc3[C@H]2C1,[ 0.2401757  -0.23764603 -0.8508236  -0.554715   -0.25314042]
Cc1cccc(C)c1NC(=O)C1CCCC[NH+]1C,[ 0.25228953  0.87542266 -0.9000345  -0.7269228  -0.3687928 ]
CCOP(=O)(OCC)OC(=C(Cl)Br)c1ccc(Cl)cc1Cl,[ 0.21431741  0.43501592 -0.7192187  -0.5993253  -0.44371676]
CC(=O)Oc1cc(C(F)(F)F)ccc1C(=O)O,[-0.00338086  0.83327484 -0.92844814 -0.7241431  -0.23962858]
CCC(=O)OCc1ccc(OC)cc1,[ 0.51824284  0.24574298 -0.48146015 -0.9892758   0.06783097]
Cc1cc(C)c(N)c(C)c1,[ 0.38497302  0.7747695  -0.7417388  -0.16235767 -0.0729399 ]
C=C(C)C1CC=C(C)C(O)C1,[ 0.18551867  0.44083813 -0.6509983  -0.8908397  -0.14351508]
O=C(O)CCCOc1ccc(Cl)cc1Cl,[-0.1996818   0.04667249 -0.70907974 -0.68391246  0.01617215]
CC(C)CNC(=O)NS(=O)(=O)c1ccc(Cl)cc1,[-0.14517215  0.78927803 -0.81180435 -0.42823118 -0.2663025 ]
CCC(=O)NCCC1CCc2ccc3c(c21)CCO3,[ 0.31157172  0.26072568 -0.7557284  -0.5124894  -0.111344  ]
CCN1C(=O)NC(c2ccccc2)C1=O,[ 0.2614354   0.68122196  0.03322215 -0.63113964 -0.14678869]
CC(O)C1C(=O)N2C(C(=O)[O-])=C(SC3CCS(=O)C3)SC12,[ 0.0260927   0.39926493 -0.7854755  -1.          0.00381739]
O=C(O)c1nn(Cc2ccc(Cl)cc2Cl)c2ccccc12,[ 0.32300067  0.61642104 -0.8067457  -0.52849287  0.35748106]
CSCC(NC(=O)COc1cccc2cnccc12)C(=O)NC(Cc1ccccc1)C(O)C(=O)N1CSCC1C(=O)NC(C)(C)C,[ 0.2453098   0.79333365  0.6101948   0.23832083 -0.47250447]
CC(C)OC(=O)C(C(=O)OC(C)C)=C1SCCS1,[ 0.2993785   1.         -1.          0.02512422 -0.20619075]
CN(C)CCCNCCCN(C)C,[ 0.36103997 -0.541957   -0.89566153 -0.3214143   0.5799716 ]
C[C@@H]1NC(=O)[C@H](C)N(C)C(=O)[C@@H](C)N(C)C(=O)[C@H](C)NC(=O)[C@@H](C)NC(=O)[C@@H](C)N(C)C1=O,[ 0.26102135  0.9589493  -0.09330443 -0.4377649  -0.09216209]
O=[N+]([O-])c1cc(Cl)c(N=Nc2ccc(N3CCS(=O)(=O)CC3)cc2)c(Cl)c1,[ 0.21054372  0.9756226  -0.7543029  -0.7209315  -0.19619441]
CC(CO[N+](=O)[O-])(CO[N+](=O)[O-])CO[N+](=O)[O-],[ 0.40051755  0.8951568  -0.93876326 -0.06940739 -0.16780032]
CCC(C)OC=O,[-0.00278589  1.         -0.6942341  -0.5365052  -0.09878878]
Cc1cc([N-]S(=O)(=O)c2ccc(N)cc2)no1,[-0.41948834 -0.47081426 -1.         -0.64993274  0.4709388 ]
CC(C)OP(=S)(OC(C)C)SCn1nc(Cl)ccc1=O,[-0.47481102  0.9087174  -0.33809277  0.18351652 -0.40225816]
O=c1cc(N2CCOCC2)nc2n(Cc3cccc(Cl)c3Cl)ccn12,[ 0.3805253   0.44978184 -0.21740289 -0.33119482  0.06781974]
CN(CCO)Cc1cc(C(=O)c2cccs2)cc(C(C)(C)C)c1O,[-0.0188888   0.3191968  -1.         -0.9490821   0.19653095]
Oc1ccc2c(c1)CCC2,[ 0.4252409   0.75209886 -1.         -0.7396924  -0.2586566 ]
COc1cnc(-c2ccccc2C(F)(F)CNC(=O)c2ccc(COCC(F)(F)F)nc2)cn1,[-0.24743408  0.08929162 -0.6576361  -0.95371133  0.07328813]
C[C@@H]1O[C@@H](O[C@H]2[C@H](Oc3cc(O)c4c(c3)O[C@H](c3ccc(O)cc3)CC4=O)O[C@H](CO)[C@@H](O)[C@@H]2O)[C@H](O)[C@H](O)[C@H]1O,[ 0.4028094   0.9369705  -0.89573723  0.80999345  0.14058045]
CCC(C)N(C)C(=O)c1cc2ccccc2c(-c2ccccc2Cl)n1,[ 0.56910634  1.         -0.89807093 -0.8312224  -0.3326075 ]
O=C(Nc1cccc(Cl)c1)OCC#CCCl,[-0.25438485  0.7903174  -0.91417927 -1.         -0.26450342]
C=CCOc1ccccc1OCC(CNC(C)C)OC(=O)C1CC1,[-0.29984564  0.87647945 -0.87099934 -0.89546543 -0.17213301]
C#CCN1C(=O)CN=C(c2ccccc2)c2cc([N+](=O)[O-])ccc21,[ 0.32582965  0.88197994 -0.90390784 -0.65914196 -0.2084986 ]
CON=C(C(=O)NC1C(=O)N2C(C(=O)O)=C(COC(N)=O)CSC12)c1ccco1,[-0.06340515 -0.4148075  -0.91073227 -1.         -0.00626116]
O=C(CCl)CCl,[-0.26937395  0.73368394 -0.7102436   0.066963   -0.31584454]
CC1CC(=O)CC(C)O1,[ 0.14873707 -0.02352802 -0.9191898  -0.93812114 -0.05326492]
CCOc1ccccc1OC(c1ccccc1)C1C[NH2+]CCO1,[ 0.1399627   1.         -0.48154852 -1.         -0.21787186]
Nc1nc2ccc(OC(F)(F)F)cc2s1,[-0.47005668  0.6995198  -0.57358325 -0.33315518  0.7799926 ]
SCCc1cnccn1,[ 0.27889955  0.78675723 -0.89058447 -0.7605166   0.6835715 ]
C[C@@H]1NC(=O)[C@H](C)N(C)C(=O)[C@@H](C)NC(=O)[C@H](C)N(C)C(=O)[C@@H](C)N(C)C(=O)[C@@H](C)NC1=O,[-0.238027    0.42924398 -1.         -1.         -0.45106488]
Nc1ccc(F)c([N+](=O)[O-])c1,[ 0.1838988   0.77874976 -0.59168875 -0.6149549  -0.11830865]
CN(C)N=Nc1nc[nH]c1C(N)=O,[ 0.21591593 -0.00495285 -0.6450919  -0.73232675 -0.02412971]
c1ccc(COCc2ccccc2)cc1,[-0.04932652  0.9476295  -0.8740035  -0.36919013 -0.32478407]
CC1(C)SCN(C(=O)C2(Oc3ccc(Cl)cc3)CCCCC2)C1C(=O)O,[ 0.0028605   0.44236755 -0.75452423 -0.7718857  -0.4850122 ]
C=C(C)C(=O)OC=C(C)C,[ 0.4562385   0.4721908  -0.743707   -1.          0.05040307]
Cc1ccc(N2CC(COc3ccc(-c4noc(C)n4)cc3)C2)nn1,[-0.1878418   0.9064842  -0.9174491  -0.7046176  -0.06994324]
CN1CCN(CCCN2c3ccccc3Sc3ccc(Cl)cc32)CC1,[-0.0622615   0.75295514 -0.61735904 -0.23039852 -0.3708754 ]
S=C1NCCNC(=S)S1,[ 0.07066333  0.616341   -0.7350828  -1.         -0.40762663]
C1CCC2CCCCC2C1,[ 0.14759828  0.69203365 -0.7038616  -0.81499153  0.231941  ]
O=C(c1csc2c1CCCC2)N1CCCCC1,[ 0.10981571  0.9789596  -0.30308905 -0.603612   -0.11809467]
CC1CCN(C(=O)CC(Cc2cccc(C(=N)N)c2)NS(=O)(=O)c2ccc3ccccc3c2)CC1,[ 0.38285613  0.9334906  -0.81193405 -0.4720572  -0.03733537]
CSCCC(OC(C)=O)C(=O)O,[ 0.18774122  1.         -0.7910088  -0.82055604  0.5338502 ]
O=C(O)CC(CC1CCN(C(=O)CCc2ccc3c(n2)NCCC3)CC1)C1CNc2ccccc2C1,[ 0.40943    -0.14648512  0.27895468 -1.         -0.01133262]
COc1ccc2ncc(F)c(CCN3CCC(NCc4cc5c(cn4)OCCO5)CC3)c2n1,[ 0.23934522  0.836218   -0.5610604  -0.76792145  0.58242935]
O=S1(=O)CCN(c2ccccc2)CC1,[ 0.0775769   0.41189045 -0.76636404 -1.          0.5821628 ]
Cc1ccc(Nc2ccc(Nc3ccc(C)cc3)c3c2C(=O)c2ccccc2C3=O)cc1,[ 0.380522    0.6873475  -1.         -0.94005775  0.48964953]
CCCOC(=O)Cc1ccc(OCC(=O)N(CC)CC)c(OC)c1,[-0.6044454   0.88990664 -0.60554045  0.08854251  0.06170282]
CCCCC(CC)(C(=O)OCC)C(=O)OCCN(CC)CC,[ 0.43181697  0.77868146 -0.7305767  -0.6865902   0.24592263]
CN(C1CCCCC1)C1CCCCC1,[ 0.3847777   0.69426715 -0.89135563 -0.68924594 -0.03718834]
CO/N=C(\C(=O)N[C@@H]1C(=O)N2C(C(=O)O)=CCS[C@H]12)c1csc(N)n1,[ 0.18645754  0.42101195 -0.6052315   0.7125498   0.04304261]
Cc1cccc(N)c1C,[ 0.35211566  0.84102875 -0.81082296 -0.55910033 -0.10796353]
Cc1onc2c(=O)n(C)nc(-c3ccccc3)c12,[ 0.31067577  0.8490354  -0.80413526 -0.542326   -0.11071379]
Nc1c(Cl)c(Cl)c2[nH]c(C(F)(F)F)nc2c1Cl,[-0.05854441  0.5579678  -0.6067735  -0.8783493  -0.45228112]
O=c1[nH]c2ccccc2n1CCC[NH+]1CCC(n2c(=O)[nH]c3cc(Cl)ccc32)CC1,[-0.0160028  -0.34169728  0.07328297 -0.7853204   0.19689114]
CCCc1c(OCc2cccn3c(=O)c(CCC(=O)O)cnc23)ccc(C(C)=O)c1O,[-0.12446591 -0.73439    -0.4199359  -0.80403954  0.06729653]
C1CN1P1(N2CC2)=NP(N2CC2)(N2CC2)=NP(N2CC2)(N2CC2)=N1,[ 0.09525373 -0.5682308  -0.81755316 -0.13371885  0.2879916 ]
CC1(C)CC2(NC(=O)N(CCCN3CCC(O)CC3)C2=O)c2cc(F)ccc2O1,[ 0.07768906  0.7599093  -0.73631227 -0.44998097 -0.50819135]
CNC(=O)c1[nH]cnc1C(=O)Nc1ccc(Cl)cc1,[ 0.12734218  0.8217398  -0.8498582  -0.63143694  0.09982039]
O=C1COc2ccc(CNC3CCN(CCN4C(=O)COc5ccc(Cl)cc54)CC3)nc2N1,[-0.02965649  0.63709635 -0.707083   -0.5500779   0.23843828]
Cc1ncccc1Oc1ncnc(OC2CCN(C(=O)OC(C)C)CC2)c1C,[ 0.01175435  0.7751433  -0.52005386 -0.89938694  0.1027207 ]
CCOP(=O)(O)O,[-0.26086786  1.         -0.5473108  -0.60760194 -0.19142102]
OCCOCCCl,[ 0.0569456   0.7481394  -0.9526201  -0.93721825 -0.16944143]
[NH3+]CC1CCC(C(=O)[O-])CC1,[ 0.32271847  0.66728884 -0.28510758 -0.05037445 -0.07737692]
CNC(=O)Oc1cccc2c1OC(C)(C)O2,[ 0.19819944  0.70183986 -0.822028   -0.96384364  0.04592973]
C1=CC2C3C=CC(C3)C2C1,[-0.06167999  0.6087341  -0.9246818  -0.7381896  -0.51395845]
CC(=O)NC(CS)C(=O)[O-],[ 0.43705577  0.52720433 -0.5591627  -0.5418087   0.18601017]
FC(F)(F)c1nc2c(Br)c(Br)cc(Br)c2[nH]1,[ 0.24755873  0.31929445 -0.76768535 -0.7469846  -0.03610307]
COP(=S)(OC)Oc1cc(Cl)c(Cl)cc1Cl,[ 0.377205    0.81989145 -0.6733812  -0.72424626 -0.09302444]
NNC(=O)c1ccncc1,[-0.93517596  0.7757354  -0.90745795 -0.73238647  0.01195854]
NCCNCc1ccccc1O,[-0.23960336  0.9412043  -0.7233173  -0.23179312 -0.35493138]
CC#CN(CC)CC,[ 0.4792651   0.535821   -0.90210694 -0.6209222   0.02990056]
CBr,[-0.42401856  0.97333735 -0.85377496 -0.7910488  -0.18624905]
CS(=O)(=O)c1ccc(C(O)C(COC(=O)C[NH3+])NC(=O)C(Cl)Cl)cc1,[ 0.03697851  0.7849636  -0.56523573 -0.6195107   0.13144176]
CC(C)=C1CCC(C)CC1=O,[-0.02540107  0.90273964 -1.         -0.7660977  -0.47268716]
O=C(c1ccc(Cl)cc1)c1ccccc1-c1ncc[nH]1,[ 0.00451589  0.8370293  -0.885552   -0.9275119   0.30568254]
O=C1CCc2ccccc2O1,[ 0.16343413 -0.1936006  -0.13129044 -0.8405943   0.4015397 ]
COCCNC(=O)c1ccc(Nc2ncc3cc(-c4ccncc4)ccc3n2)cc1C,[-0.15336427  0.02183308 -0.8014562   0.11342993  0.3295779 ]
Cc1ncsc1C,[-0.25250757  0.5901563  -0.87854034 -0.7307938   0.3884738 ]
COP(=S)(OC)SCC(=O)N1CCOCC1,[ 0.39429843  0.38550335 -0.6316323  -0.53673655 -0.0609954 ]
CC(C=O)=Cc1ccco1,[ 0.08535454  0.9606922  -0.88205385 -0.82969314  0.7986424 ]
Oc1c(O)c(-c2c(Cl)c(Cl)c(Cl)c(Cl)c2Cl)c(Cl)c(Cl)c1Cl,[-0.07212364  0.75973874  0.89479613 -0.1432868  -0.11712506]
COc1cc2ncc(C(N)=O)c(Nc3ccc(F)cc3F)c2cc1NCCN1CCCCC1,[ 0.34719348  0.9138668  -0.8191994  -0.94928163  0.36948702]
O=C1CC2(CCCC2)CC(=O)N1CCCCN1CCN(c2ncccn2)CC1,[-0.29071745  0.6316781  -0.6565358  -1.          0.34354803]
CCCc1nn(C)c2c(=O)[nH]c(-c3cc(S(=O)(=O)N4CCN(C)CC4)ccc3OCC)nc12,[-0.07430899  0.5478102  -0.6577491   0.12076838 -0.17687933]
CNC(=O)Oc1cc(C)c(N(C)C)cc1C(C)C,[ 0.37803525  0.75744367 -0.755557   -0.3430052  -0.5117964 ]
C[Si](C)(Cl)Cl,[ 0.57008785  0.9437692  -0.9117591  -0.99481314 -0.6768413 ]
CC(C)c1cccc(OC(=O)N(C)C)c1,[-0.33262396  0.19680129 -0.67828745  0.04179552 -0.31016237]
O=NN1CCCCC1,[-0.49271357  0.8293859  -0.7887442  -0.79578495  0.35542282]
CC(=O)c1ccc2c(c1)N1C(=O)OCC1CC2,[ 0.33248183  0.56958526 -0.7652405  -0.8860139  -0.53769016]
CN(C)N=Nc1ccc(I)cc1,[-0.322295   -0.41916576 -0.70482755 -0.9952071  -0.13799475]
COc1ccc([N+](=O)[O-])cc1N,[-0.46149087  0.7770943  -0.76430833 -0.24606289 -0.34207317]
CCC(C)c1ccc(Oc2ccc(C)cc2CC(=O)O)c(Cl)c1,[ 0.35292643  0.9433892  -0.33283612 -0.852427   -0.18562616]
Oc1ccc2[nH]c(C(F)(F)F)nc2c1,[ 0.09474587  0.8463085  -0.7114831  -0.87131757 -0.22942364]
CCCOP(=O)(SCCC)SCCC,[ 0.06137715  0.69785047  0.11931635 -0.8276859  -0.1732634 ]
CSCCC([NH3+])C(=O)NC1(C(=O)[O-])CS(=O)(=O)C2C(C(=O)[O-])C21,[ 0.4780319   0.56754464 -0.48328304 -0.77697736 -0.30487   ]
CC(CN1CCOCC1)C(C(=O)N1CCCC1)(c1ccccc1)c1ccccc1,[ 0.1842858   0.64176494 -0.86204326 -0.5812742   0.12811223]
CC(C)=CC1C(C(=O)OC(C#N)c2cccc(Oc3ccccc3)c2)C1(C)C,[-0.00268961  0.70311975 -0.533533   -0.43764803  0.36880434]
CC(C(O)c1ccc(O)cc1)[NH+]1CCC(O)(c2ccccc2)CC1,[-0.14339043  0.7759216  -0.61871797 -0.7861229   0.00474833]
CC(=O)CCc1ccc(O)cc1,[ 0.2677125   0.7599226  -0.88789946 -0.7674714  -0.73355633]
CCOP(=O)(OCC)Oc1ccc(S(C)(=O)=O)c(C)c1,[-0.57590765  0.8932892  -0.9096979  -0.83262014 -0.17639966]
CN(c1ccc(F)cc1F)c1c([N+](=O)[O-])cc([N+](=O)[O-])cc1C(F)(F)F,[ 0.02168567  0.29520136 -0.06132649 -0.47043633  0.6525941 ]
N#Cc1c(-c2ccc(-c3ccncc3Cl)cc2)nc2ccncc2c1O,[ 0.3683807   0.66051614 -0.8030705  -0.42008966  0.3230495 ]
COc1cc([C@@H]2c3cc4c(cc3[C@@H](O[C@@H]3O[C@@H]5CO[C@@H](C)O[C@H]5[C@H](O)[C@H]3O)[C@H]3COC(=O)[C@H]23)OCO4)cc(OC)c1O,[ 0.14314914  0.6212097  -0.669407   -0.75781244  0.5199721 ]
O=C(Cl)C=CC(=O)Cl,[ 0.27595443  0.62035906 -0.92904675  0.32298753 -0.06875643]
CC(C)=CCCC(C)=CCCC(=CCCC(C)=CCO)CO,[ 0.5356594   0.7672403  -0.90716296 -0.49551097  0.68567365]
C1COCCOCCNCCOCCOCCN1,[-0.06420322  0.55558676 -0.49143296 -0.638452    0.19630373]
CCCCCCCC(=O)N[C@@H](CCN)C(=O)N[C@H](C(=O)N[C@@H](CCN)C(=O)N[C@H]1CCNC(=O)[C@H]([C@@H](C)O)NC(=O)[C@H](C)NC(=O)[C@H](CCN)NC(=O)[C@H](CC(C)C)NC(=O)[C@@H](Cc2ccccc2)NC(=O)[C@H](CCN)NC1=O)[C@@H](C)O,[-0.12674728  0.574629   -0.8845457  -0.3167719  -0.16959608]
CCON=C(CC)C1=C(O)CC(c2c(C)cc(C)cc2C)CC1=O,[-0.29247183  0.8499974  -1.         -0.75764704 -0.14957632]
CCOC(C1=NCCCN1)c1c(Cl)cccc1Cl,[ 0.41220045  0.6781224  -0.31859925 -0.38032424 -0.2840252 ]
CCC(O)CO,[ 0.02554684  0.73294663 -0.99136835 -0.43434176 -0.14158662]
OCCOc1cc(Cl)c(Cl)cc1Cl,[-0.4915792   0.851104   -0.6502176  -0.35780126  0.13264388]
NS(=O)(=O)c1cc2c(cc1Cl)NCNS2(=O)=O,[ 0.3454706   0.50993615  0.54412043 -0.40808454 -0.20995778]
CCOP(=O)(OCC)Oc1nc(Cl)c(Cl)cc1Cl,[ 0.2689652   0.33859944 -0.7275083  -0.6023767  -0.26252103]
O=C(O)c1cccc(Cl)n1,[ 0.14328957 -0.49934992 -0.48767245 -0.37901384 -0.0428059 ]
CNC(=O)ON=C(C)SCC(N)=O,[ 0.08049107 -0.09144531  0.36858487 -0.9107251  -0.34833735]
C=C(C)c1ccc(C(C)(C)N=C=O)cc1,[ 0.23280673 -0.38808283 -0.8612352  -0.5030966   0.6011995 ]
CN(C)C(=O)Nc1ccc(Cl)cc1,[ 0.5303269   0.9332446  -0.8031439  -0.801367   -0.02829243]
N#Cc1cc(Br)c(O)c(Br)c1,[ 0.20868517  0.9277437  -0.77963424 -0.51197314  0.3694127 ]
Nc1ncc2cc(-c3c(Br)cccc3Br)c(N)nc2n1,[ 0.52012765  0.7771944  -0.662882   -0.0781874  -0.09203431]
CNC(=O)c1[nH]cnc1C(=O)Nc1ccc(OC)cc1,[-0.19764009  0.89549744 -0.10983015 -0.57506424  0.37248608]
CO[C@@H]1C=CO[C@@]2(C)Oc3c(C)c(O)c4c(c3C2=O)C(=O)/C(=C\NN2CCN(C)CC2)C(=C4O)NC(=O)C(C)=CC=C[C@@H](C)[C@H](O)[C@H](C)[C@H](O)[C@@H](C)[C@@H](OC(C)=O)[C@@H]1C,[ 0.42112973  0.87936586 -0.8393264  -0.9154003   0.80557084]
COCCN(C(=O)CCl)c1c(C)cccc1C,[-0.2276577   0.4759585  -0.33168313 -0.8585819   0.5792932 ]
CC[C@H]1OC(=O)[C@H](C)[C@@H](O[C@H]2C[C@@](C)(OC)[C@@H](O)[C@H](C)O2)[C@H](C)[C@@H](O[C@@H]2O[C@H](C)C[C@H](N(C)C)[C@H]2O)[C@](C)(O)C[C@@H](C)C(=O)[C@H](C)[C@@H](O)[C@]1(C)O,[ 0.15540178 -0.84967417 -1.         -0.5845769  -0.03420898]
CCCSP(C)(=S)Oc1ccccc1,[ 0.5076327   0.6232191  -0.85863614 -0.540622    0.63170075]
CCN(CC)c1c([N+](=O)[O-])cc(C(F)(F)F)c(N)c1[N+](=O)[O-],[ 0.46211818  0.7306423  -0.67418635 -0.5877339  -0.18017623]
COc1cc2ncc(C(N)=O)c(Nc3cccc(Cl)c3Cl)c2cc1N1CCN(C)CC1,[-0.05464774  0.61231446 -0.83959985 -0.9165901  -0.3538308 ]
C=CC(=O)NCNC(=O)C=C,[ 0.6870279   0.78192186 -0.8080506  -0.73740876 -0.37830064]
Cc1cc(=O)cc(-c2ccccc2)o1,[ 0.1951918   0.70406026 -0.47916964 -0.8924802  -0.4503461 ]
CC(=O)OC(C(=O)NC(N)=O)c1ccccc1,[ 0.25867325 -0.24799001 -0.39596638 -0.4779949   0.53322715]
CCN(CC)c1ccc2cc(C(=O)NC3(C(=O)N[C@H](Cc4ccccc4)C(=O)NCC4CCN(CC5CCOCC5)CC4)CCCC3)sc2c1,[ 0.08658329  0.74372596 -0.45824164  0.5079343  -0.4129941 ]
Cc1cc(OC(=O)N(C)C)n(C(C)C)n1,[-0.0030683   0.94394433 -0.46090242  0.1296861   0.27460757]
Clc1ccc(OCOc2ccc(Cl)cc2)cc1,[ 0.5613564   0.65185344 -0.45732075 -0.19994932  0.30795828]
CCOc1cc(OCC)c(C(=O)CCC(=O)O)cc1OCC,[-0.12962458  1.         -0.8025468  -0.86866367  0.37094277]
c1c[nH]cn1,[ 0.49029908  0.9048877  -0.6361732  -0.01213403 -0.42116544]
CCC(C)OP(=S)(OC)OC,[-0.01001942  0.92170453 -0.8971567  -0.95291233 -0.23836559]
COP(=O)(OC)OC(=CCl)c1cc(Cl)ccc1Cl,[ 0.48501116  0.84725726 -0.7337202  -0.6557156  -0.42637038]
CCOC(=O)C=Cc1ccc(Cl)cc1,[ 0.14151365  0.4250207  -0.8082831  -0.41063106  0.24250439]
C[N+](C)(C)[NH2+]CCC(=O)[O-],[-0.14710003  0.79426587 -0.73065823 -0.50974643 -0.07514262]
Cc1cnc(-c2cc(NC(=O)c3ccc(C(F)(F)F)nc3C)ccc2Cl)[nH]1,[ 0.3503553   0.5400418  -0.691048   -0.7303299   0.13392866]
COP(=S)(OC)Oc1nc(Cl)c(Cl)cc1Cl,[ 0.40717754 -0.2420519  -0.8302905  -0.8280806  -0.00937988]
O=C(CCCCC(=O)OCC1CC=CCC1)OCC1CC=CCC1,[-0.6423754  -0.08608004 -1.         -0.7272369  -0.5482725 ]
Nc1cc(Cl)ccc1O,[ 0.5256645   0.55492777 -0.03213556 -0.36470416 -0.10710081]
CCS(=O)(=O)c1ccc(-c2cc(Cl)ccc2OCC(=O)O)cc1,"[-7.6873970e-01  7.5508600e-01  2.6290542e-01 -5.4931784e-01
 -3.3308085e-04]"
C=C(Cl)C(Cl)CCl,[-0.04595539  0.6615326   0.06643637 -0.49562418 -0.06058077]
CCNC(=S)NCC,[ 0.7688766   0.8356769  -1.         -0.37177372 -0.5562302 ]
COCc1ccc2c(C(C(=O)NS(=O)(=O)c3ccc(C)cc3OC)c3ccc4c(c3)OCO4)cn(C)c2c1,[ 0.33076227  0.9194783  -0.8702032  -0.8889609   0.01464215]
CCOC(=O)CCC[Si](C)(OCC)OCC,[ 0.3319754   1.         -0.75088364 -0.81190693  0.45876792]
O=C(OCC=Cc1ccccc1)c1ccccc1,[ 0.56571454  0.3725468  -0.703935   -0.769189   -0.26535228]
CCC(CCCCOC(=O)c1ccccc1)COC(=O)c1ccccc1,[ 0.3657992   0.91189295 -0.8240582  -0.6648356  -0.05325218]
CCCN(CCC)c1c([N+](=O)[O-])cc(S(N)(=O)=O)cc1[N+](=O)[O-],[ 0.16249882 -0.5790171  -0.6953602  -0.5942586   0.22810729]
COc1cc(N)c2c(c1N)C(=O)c1ccccc1C2=O,[-0.06138653  0.5847282  -0.5764213  -0.55363107 -0.24211209]
COC(=O)C(C)NP(=O)(OC[C@@H]1C=C[C@H](n2cc(C)c(=O)[nH]c2=O)O1)Oc1ccc(I)cc1,[ 0.41780323  0.07092883 -0.75412107 -0.9638759  -0.32967034]
COC(C)COC(C)COC(C)CO,[ 0.54996705  0.41445225 -0.54850495 -0.1684047   0.2881746 ]
N[C@H]1CCN(c2c(Cl)cccc2/C=C2\SC(=O)NC2=O)C1,[ 0.11930951  0.71536547 -0.7767256  -0.8709431  -0.13444524]
CC1OC(OC2C(O)CC(OC3C(O)CC(OC4CCC5(C)C(CCC6C5CC(O)C5(C)C(C7=CC(=O)OC7)CCC65O)C4)OC3C)OC2C)CC(O)C1O,[-0.2523927   0.48215026 -0.70569044 -0.5953691   0.00523059]
CN(C)C(=O)Cl,[ 0.239095    0.4230999  -0.56531805 -0.55776066 -0.2556959 ]
CCCCCCOCCOCCO,[ 0.06864906 -0.36639997 -0.9205124  -0.3198213   0.5889241 ]
Cc1cn([C@H]2CCCN(S(=O)(=O)c3ccc(C(N)=O)c(Oc4cccc(Cl)c4)c3)C2)c(=O)[nH]c1=O,[ 0.02830658  0.85802615 -0.96368945 -0.8436981  -0.30492494]
C=CC(=O)OCC(=O)OCC,[ 0.25902095  0.52353585 -0.73950285 -0.67476106  0.03439231]
CNC(=O)c1cccc2c(Nc3ccc(NS(C)(=O)=O)cc3OC)c3cccc(C)c3[nH+]c12,[ 0.37293026  0.6074877  -0.67224526  0.10230356 -0.35636684]
O=C(O)CCC(=O)c1ccc(-c2ccccc2)cc1,[-0.05462437  0.65248334 -0.42958426  0.2767366   0.7287919 ]
CC(=O)C1OC1(C)C,[ 0.40545952  0.821465   -0.7487929  -0.55896336 -0.15703568]
C[N+](C)(C)CC(O)CC(=O)[O-],[-0.03915287  0.6083986  -0.7347555  -0.5970344  -0.09764665]
CC=CC=CC=O,[ 0.24050893  0.70035034 -0.91052717 -0.41331854 -0.40476862]
Fc1cc2nc(C(F)(F)F)[nH]c2cc1Cl,[ 0.25401986  0.9438178  -1.         -0.6564922  -0.1719819 ]
CC(C)(C)c1cc(O)ccc1O,[ 0.02860272  0.81097895 -0.56763494  0.72146195  0.3589774 ]
O=C(CCCN1CCC(O)(c2cccc(C(F)(F)F)c2)CC1)c1ccc(F)cc1,[ 0.07773231  0.84578305 -0.8664728  -0.6794601  -0.06057634]
COP(=S)(Cl)OC,[ 0.4422748   0.9189663  -1.         -0.8613837  -0.14977577]
CC(C)(C)NC(=O)NCCN1CCCC(NC(=O)c2cc(Cl)cc(Cl)c2)C1,[ 0.5219908   0.54398435 -0.1834987  -0.41528383 -0.11869034]
CC(C)(C)[NH2+]CC(O)c1cc(O)cc(O)c1,[ 0.1612115   0.04574054 -0.9863633  -0.86445624 -0.16679718]
CCCCc1c(OC(=O)c2cc(OC)c(OC)c(OC)c2)n(-c2ccccc2)n(-c2ccccc2)c1=O,[-0.06584615  0.684961   -0.44741026 -0.80893606 -0.18536712]
CC(=O)N(C)c1ccc2ccn(-c3cc(NC4CC4)n4ncc(C#N)c4n3)c2c1,[ 0.48748705  0.00457775 -0.6293376  -0.55173576  0.04186647]
CC1CS(=O)(=O)CCN1N=Cc1ccc([N+](=O)[O-])o1,[ 0.37584534  0.7074226   0.18365236 -0.36001045 -0.14707749]
CN(C)CCCC1c2ccccc2Nc2ccc(Cl)cc21,[ 0.22478886  1.         -0.8983419  -0.8467728  -0.09013359]
CC([NH3+])Cc1ccccc1,[-0.1442107   0.48277733 -0.7473406  -0.75351834 -0.34370473]
CCCCCCCCc1ccccc1O,[ 0.3275079   0.6068474  -0.91858935 -0.5973923  -0.11772072]
O=[N+]([O-])C(CO)(CO)CO,[ 0.569959    0.7764374  -0.9688677  -0.32617247 -0.04441496]
CC(C)(C)CNC(=S)Nc1cccnc1,[ 0.05966237  0.97780526 -0.61657405 -0.86361176 -0.22166221]
Cc1cc(Cl)ccc1OCC(=O)O,[ 0.19899724  0.8002755  -0.9551265  -0.82249284 -0.01656045]
CC(C)(C)c1ccc(OP2OCC3(CO2)COP(Oc2ccc(C(C)(C)C)cc2C(C)(C)C)OC3)c(C(C)(C)C)c1,[-0.14252195  0.393217   -0.38037243 -0.0454389   0.03352647]
Cc1cnc(C)c(C)n1,[ 0.3044334  -0.06295778 -0.7392136  -0.15684235  0.01691376]
COc1ccc2c3c1OC1CC(O)C=CC31CC[NH+](C)C2,[-0.64590645  0.85847366 -0.82196546 -0.6845403  -0.13714771]
C=COC(=O)CCCCCCC,[-0.06058036  0.9179834  -0.7125858  -0.4537947  -0.49800482]
Cc1c(Sc2ccc(Cl)cc2)c2c(S(C)(=O)=O)cccc2n1CC(=O)O,[-0.34439853  0.8040285  -0.8383625  -0.6724848  -0.34635454]
NC(=O)N1C(=O)C(C(=O)c2cccs2)c2cc(Cl)ccc21,[-0.1643893   0.25157002 -0.96722865  0.51968443 -0.2447696 ]
C[C@@H](NC1=CC(=O)CC1)c1ccc(Nc2ncc3cc(-c4ccncc4)ccc3n2)cc1,[ 0.43025178  0.415594   -0.44887727 -0.5746054  -0.15415609]
Cc1ccc2c(c1)c(-c1ccnc3c(C)cccc13)c(C)n2CC(=O)O,[ 0.02749355  0.97931194 -0.5244528  -0.7571947  -0.40645725]
Fc1ccc(Br)cc1,[-0.15237422  0.7993013  -0.8194926   0.45371523 -0.03555669]
CCOc1cc2ncc(C(N)=O)c(Nc3ccc(F)cc3F)c2cc1N1CCN(C2CC2)CC1,[-0.24752825  0.21789852 -0.3642732   0.13821699 -0.00400377]
COc1cc(C=CC(=S)N2CCOCC2)cc(OC)c1OC,[ 0.46295887 -0.5095833  -0.5247634  -0.58349335 -0.20345752]
CCSP(SCC)SCC,[ 0.41911653  0.791121   -0.57426363 -0.7336035  -0.33190516]
CCC(CC)C(=O)OCCOCCOCCOC(=O)C(CC)CC,[ 0.20284726  0.7815813  -0.53406686 -0.43325457  0.13226469]
CCN1CN(CO)C(=O)N(CO)C1,[ 0.52323204  0.22667287 -0.47048774 -0.70036465 -0.35601103]
O=C(CN1CCOCC1)NN=Cc1ccc([N+](=O)[O-])o1,[ 0.23275234  0.764622   -0.50126076 -0.59649974 -0.03397055]
C[N+](C)(Cc1ccc(NC(=O)c2ccc(Cl)c(Cl)c2)cc1)C1CCOCC1,[-0.83123004  0.90449864 -0.41868043 -0.64035815 -0.4564486 ]
C[C@H](CO)Nc1nc(SCc2ccccc2F)nc2[nH]c(=O)sc12,[-0.05401295  0.6460507  -0.86926985  0.49014637  0.19497938]
CCC(C)(C)c1ccc(Cl)c(OC(=O)NC)c1,[ 0.21729904  0.6033284  -0.98336655  0.53753936 -0.02260715]
CCOC(=O)C(CCc1ccccc1)NC1CCc2ccccc2N(CC(=O)O)C1=O,[-0.4642336   0.6528325  -0.78072834 -0.47704184 -0.3816363 ]
C[NH+]1CCOC(c2ccccc2)c2ccccc2C1,[ 0.62521195  0.4203971  -0.83913493 -0.33218566 -0.2478781 ]
CCCc1nnc(CSP(=S)(OCC)OCC)o1,[ 0.50289273  0.90871006 -0.2560354  -0.71698374  0.02738726]
C[NH2+]C(C)C1CCC(N)C(OC2C(N)CC(N)C(OC3OCC(C)(O)C([NH2+]C)C3O)C2O)O1,[ 0.04489201  0.8166769  -0.7342342  -0.7923805   0.2746218 ]
COC(=O)C(C)N(C(=O)Cc1ccccc1)c1c(C)cccc1C,[-0.168452    0.54064876 -0.68430054 -0.7576134  -0.13457802]
Clc1ccc(C(OCCN2CCCCC2)c2ccccc2)cc1,[-0.39242822  1.         -0.75049543 -0.7665926  -0.1411451 ]
OCCN(CCO)CCO,[-0.34027493  0.6887254  -0.6415981  -0.64124644 -0.36510497]
CCOP(=S)(OCC)Oc1cc(-c2ccccc2)on1,[ 0.4314506   0.6567969  -0.7529465  -0.24055669  0.14230572]
C1=CC2C=CC1C2,[ 0.16042307  0.93025786 -0.95061356 -0.8895811   0.36449605]
CCOP(=O)(CC)SC,[ 0.25936034  1.         -0.83688956 -0.8584526   0.1290518 ]
c1ccc2sc(SNC3CCCCC3)nc2c1,[ 0.01817284  0.9731409  -1.         -0.25518045 -0.33297437]
N#CSCCSC#N,[-0.19743761  1.         -0.9188779  -1.         -0.41068602]
CCOP(=S)(OCC)OC(=CCl)c1ccc(Cl)cc1Cl,[ 0.20324183 -0.00464209 -0.7060023   0.8110555   0.55320084]
O=C(Oc1ccccc1)n1c(C(F)(F)F)nc2cc(Cl)c(Cl)cc21,[ 0.34710374  0.45337388 -0.63550466 -0.70025027 -0.09183979]
FC1(F)CC(C2CC3(Cl)C(Cl)=C(Cl)C2(Cl)C3(Cl)Cl)C1(F)F,[ 0.4955104   0.22853358 -0.80996853 -0.24558502 -0.1480838 ]
CCCCCCCCCCCC(=O)OCC(O)C1OCC(O)C1O,[ 0.9566717   1.         -0.9947183  -0.40196878 -0.16309321]
CCN(CCO)c1cccc(C)c1,[ 0.2591557   0.7365164  -0.7152273  -0.6064618  -0.02240058]
N#CCc1ccccc1,[ 0.19504322  0.8685978  -1.         -0.7810459   0.14112994]
Cc1ccc(N=C=O)cc1N=C=O,[ 0.00438323 -0.2943384  -0.62825966 -0.8279088  -0.08532909]
CCc1nc(N)nc(N)c1-c1ccccc1,[ 0.46837023  0.47444415 -0.7976374  -0.7626882  -0.2692335 ]
C1=CCC(C2OCC3(CC=CCC3)CO2)CC1,[-0.418098    0.56195647 -0.62686545 -0.30816138  0.01342706]
CC(C)(C)NC(=O)C1CC2CCCCC2CN1CC(O)C(Cc1ccccc1)NC(=O)C(CC(N)=O)NC(=O)c1ccc2ccccc2n1,[ 0.41156334  0.82922775 -1.         -0.1795573   0.3943942 ]
CCn1cc(C(=O)O)c(=O)c2cc(F)c(N3CCN(C)CC3)cc21,[-0.05084473  0.9785203  -0.9158704  -0.63808006  0.37790403]
Nc1nc2c(ncn2COCCO)c(=O)[nH]1,[ 0.23017323  0.8732117  -0.8302442  -0.10501117 -0.12798013]
C=CCNC(=S)Nc1ccccc1,[-0.21843994 -0.8932049  -0.7290643  -0.3275542   0.02092976]
C=CCOC(=O)CCCCC,[ 0.3946953   0.7727032  -0.06541386  0.79397655 -0.24914394]
O=C(O)COc1ccccc1,[ 0.18294005  1.         -0.86690485 -0.51375806 -0.1506416 ]
C/C([O-])=C(\C#N)C(=O)Nc1ccc(C(F)(F)F)cc1,[ 0.44949892  0.5008572  -0.68459386 -1.         -0.3039646 ]
CC(=O)O[C@H]1C[C@]2(O)[C@H]3CC[C@H]4C[C@H](O[C@H]5C[C@@H](O)[C@@H](O[C@H]6C[C@@H](O)[C@@H](O[C@H]7C[C@@H](O)[C@@H](O)[C@H](C)O7)[C@H](C)O6)[C@H](C)O5)CC[C@@]4(C)[C@H]3CC[C@]2(C)[C@H]1C1=CC(=O)OC1,[ 0.11667687  0.7620968  -0.6604017  -0.73730445 -0.33850157]
CO/N=C(\C(=O)N[C@@H]1C(=O)N2C(C(=O)O)=C(COC(C)=O)CS[C@H]12)c1csc(N)n1,[ 0.4364213   0.7703482  -0.4124635  -0.5205722   0.17619656]
CCOCCCO,[ 0.31948188  0.6091603  -0.6979016  -0.36929542  0.3530675 ]
COc1ccc(CC2c3cc(OC)c(OC)cc3CCN2C)cc1OC,[ 0.35799414  1.         -0.7409252  -1.          0.03249277]
CCCCOC(=O)c1ccc(-n2nc(OCCN3CCCCC3)c3ccccc32)cc1,[-0.41211325  0.9259304  -0.6116733  -0.81755394 -0.10899214]
C=CC(=O)Nc1ccc(O)cc1,[-0.00783547  0.7832825  -0.9949355  -0.98494864  0.18949518]
O=C(NCc1ccc(OC(F)(F)F)cc1)C1c2ccccc2C(=O)N1CCc1ncc(F)cn1,[ 0.2719141   0.9078961  -0.7981305  -0.59953016  0.08533729]
CC1(C)CC(NC2CC(C)(C)NC(C)(C)C2)CC(C)(C)N1,[ 0.5042478   0.93562055 -0.23431453 -0.9765021  -0.2077223 ]
CN[C@H](CC(C)C)C(=O)N[C@H]1C(=O)N[C@@H](CC(N)=O)C(=O)N[C@H]2C(=O)N[C@H]3C(=O)N[C@H](C(=O)N[C@H](C(=O)O)c4cc(O)cc(O)c4-c4cc3ccc4O)[C@H](O)c3ccc(c(Cl)c3)Oc3cc2cc(c3O[C@@H]2O[C@H](CO)[C@@H](O)[C@H](O)[C@H]2O[C@H]2C[C@](C)(N)[C@H](O)[C@H](C)O2)Oc2ccc(cc2Cl)[C@H]1O,[ 0.26505715  0.8153131  -0.60603976 -0.5725895   0.01796848]
FC(F)(F)c1nc2c(Br)cc(Br)cc2[nH]1,[ 0.19609708  0.8859366  -0.8483559  -0.68174094 -0.47430298]
O=C(Cc1ccc(OCc2ccccc2)cc1)NO,[ 0.5578722   0.8193307  -0.9277585  -0.60249925 -0.1697755 ]
CN(C)c1ccc(N=Nc2ccccc2)cc1,[-0.14700732  0.73083305 -0.7225004  -0.8562317  -0.32442912]
CC1=C(CC(=O)O)c2cc(F)ccc2C1=Cc1ccc(S(C)=O)cc1,[ 0.26512712 -0.19487968 -0.8237366  -1.         -0.1276981 ]
CCC(C)C(=O)OC1CCC2(C)C3CC(O)C4C5(O)C(CC42OC13O)C1CN2CC(C)CCC2C(C)(O)C1C(O)C5OC(=O)C(C)(O)CC,[-0.07041138  1.         -0.46050906 -0.83978564 -0.25294453]
C=COC(=O)CCCCC(=O)OC,[ 0.4303168 -0.5292046 -1.        -0.515198   0.029178 ]
Cc1ccc(C(=O)c2ccc(CC(=O)NCC(=O)Nc3cccc(C)c3C)n2C)cc1,[ 0.04206339  0.8677152  -0.55617803 -0.17515999 -0.03565755]
O=C(Nc1ccc(Br)cc1)c1cc(Br)cc(Br)c1O,[ 0.40331748 -0.8745996   0.20849967 -0.3216389   0.12013987]
CNC(=O)c1c(I)c(NC(C)=O)c(I)c(C(=O)[O-])c1I,[-0.37525058 -0.36175472 -0.34098902 -0.5316137   0.10635242]
Cc1cn([C@H]2CCCN(S(=O)(=O)c3ccc(CO)c(Oc4cccc(Cl)c4)c3)C2)c(=O)[nH]c1=O,[ 0.23880711 -0.4817641  -0.75510484 -0.47599527  0.08440407]
O=CCc1ccccc1,[-0.04179212  0.9182026  -0.87758243  0.17407773 -0.3977449 ]
CNC(=O)ON=C(C)SCC(=O)N(C)C,[ 1.          0.14964464 -0.89825976  0.78403795  0.19262396]
Cc1ccc([N+](=O)[O-])cc1,[ 0.39090794  0.42146662 -0.94796914 -0.7750881  -0.3123859 ]
CSC(C)=NOC(=O)N(C)SN(C)C(=O)Oc1ccc(OC(=O)N(C)SN(C)C(=O)ON=C(C)SC)cc1,[ 0.35210124  0.9704039  -0.66867626 -0.7946108  -0.6033193 ]
Cc1cccc2sc3nncn3c12,[ 0.11417633  0.7442625  -0.70328516  0.30800298  0.30686978]
C=C(OP(=O)(OC)OC)P(=O)(OC)OC,[ 0.09931083  0.8912086  -0.77560884  0.6362848  -0.19926423]
Nc1ccc(Cl)cc1Cl,[-0.17925818  0.7820333  -0.8657744  -0.59466    -0.11363801]
C=CC(=O)N(C)C,[ 0.4362184   0.66281563 -0.9316616  -0.56243235 -0.17801687]
CNC(=N)c1cccc(CC(CC(=O)N2CCC(C(=O)O)CC2)NS(=O)(=O)c2ccc3ccccc3c2)c1,[ 0.00328369 -0.04349123 -0.96394914  0.16000886 -0.38247436]
CCOC(=O)C(CCc1ccccc1)NC(C)C(=O)N1C(C(=O)[O-])CC2CCCCC21,[ 0.46430698  0.9172513   0.5148114  -0.5732078  -0.3135767 ]
O=[N+]([O-])c1ccc(O)c(CNCCO)c1,[ 0.5665679   0.73790896 -1.         -0.59273267  0.20367427]
CCCCSCCCC,[ 0.06910953  0.9438178  -1.         -1.          0.21806516]
Cc1cncc(C)n1,[ 0.18182024  0.8019784  -0.7192878  -0.01346002 -0.37547258]
CCOC(=O)COc1ccc(C(=O)CN2CCN(C3CCN(C(=O)OCOC(=O)C(C)(C)C)CC3)CC2=O)cc1,[-0.21351796  0.78144395 -0.6235622   0.11670913  0.69908255]
N#CC(c1ccccc1)c1ccccc1,[ 0.65969074  0.6965163  -0.72522616 -0.79121774 -0.07191724]
COc1ccc2ncc(=O)n(CCN3CC[C@@H](NCc4ccc5c(n4)NC(=O)CO5)[C@@H](F)C3)c2c1,[ 0.2820094   0.89765656 -0.62691635 -0.6530218   0.15825334]
O=C(Cl)c1cccc(C(=O)Cl)c1,[ 0.29545864  0.31516945 -0.68709534 -0.12318552 -0.17694663]
Cc1nc(N)nc(N)c1-c1ccc(Br)cc1,[-0.10928617  0.8785316  -0.85230935 -0.6777231  -0.18110518]
C=COCCOC,[ 0.46770135  1.         -0.9056181  -1.          0.59925133]
CCCCC(CC)C(=O)OC1=C(c2c(C)cc(C)cc2C)C(=O)c2ccccc21,[ 0.34123287  0.91285497 -0.8459974  -0.6584052  -0.20351768]
CCCSP(C)(=S)OP(C)(=S)SCCC,[-0.20275182  0.8818129  -0.9815576  -0.7968035  -0.16350874]
CCC(=O)NC[C@H]1CN(c2ccc(-c3nncs3)c(F)c2)C(=O)O1,[-0.5351721   0.7543135  -0.6859184  -0.55860084  0.23577157]
COC(=O)c1cc(Oc2ccc(Cl)cc2Cl)ccc1[N+](=O)[O-],[-0.1876267  -0.00595401 -0.36835754 -0.6565584  -0.15809442]
Cc1c(OCC(F)(F)F)ccnc1C[S+]([O-])c1nc2ccccc2[nH]1,[ 0.31627223  0.9117999  -0.52762926 -0.7135816   0.07232765]
CC(C)[C@H](C(=O)Nc1nccs1)c1ccc(Cl)cc1,[-0.00460052  1.         -0.5844265   0.10938126  0.19048497]
OC1(c2ccc(Cl)c(C(F)(F)F)c2)CCN(CCCC(c2ccc(F)cc2)c2ccc(F)cc2)CC1,[-0.19227035 -0.21823967 -0.7163201  -0.6617539   0.11813786]
C=CC(=O)OC1CC2CCC1C2,[-0.01345703  0.39939514 -0.7259068  -0.70902145  0.45060208]
C=CCI,[ 0.35492092  0.19054434 -0.6876939   0.10648824  0.23770611]
O=C1c2cccc(S(=O)(=O)O)c2C(=O)c2c1cccc2S(=O)(=O)O,[ 0.21803248  0.6210299  -0.83966905 -0.92111456  0.7119858 ]
COP(=S)(OC)SCc1nc(N)nc(N)n1,[ 0.3725343   0.8281587  -1.         -0.4289996  -0.45825544]
CCCCN1C(=O)c2cccc([N+](=O)[O-])c2C1=O,[ 0.26338786  0.50455004 -0.44599086 -0.6963492   0.49724296]
C=COC(=O)C=CC,[-0.24598257  0.84155536 -0.5049225  -0.6135212   0.08917722]
CC(C)(C)OC(=O)N1CCN(c2ncc(OCc3ccncc3)cn2)CC1,[-0.13122582  0.8764109  -0.49134415 -0.5602686  -0.256039  ]
CC(=O)N[C@H](Cc1ccc2ccccc2c1)C(=O)N[C@H](Cc1ccc(Cl)cc1)C(=O)N[C@H](Cc1cccnc1)C(=O)N[C@@H](CO)C(=O)N[C@@H](Cc1ccc(O)cc1)C(=O)N[C@H](CCCNC(N)=O)C(=O)N[C@@H](CC(C)C)C(=O)N[C@@H](CCCNC(=N)N)C(=O)N1CCC[C@H]1C(=O)N[C@H](C)C(N)=O,[ 0.10448799  0.6382661  -0.8405268  -0.7775772   0.7777273 ]
CCOC(C)COC(C)CO,[ 0.38942453  0.7507908  -0.52569026 -0.3368878  -0.20052618]
Cc1c(Sc2ccc(Cl)cc2)c2c(-c3cnccn3)cccc2n1CC(=O)O,[-0.13231795 -0.50130785 -1.         -0.7059335  -0.08248527]
Cc1cccc(C)c1CCNC(N)=O,[-0.12552167  0.92081606 -0.72476083 -0.8011392   0.38071296]
CCCN(CCC)CCCCCCCCNC(=O)Oc1ccc2c(c1)C1(C)CCN(C)C1N2C,[-0.646592    0.7070009   0.16700281 -0.04812814 -0.37105682]
CCN(CCO)C(=O)c1oc2cccnc2c1-c1cccc(C(F)(F)F)c1,[0.13756798 1.         0.08571337 0.1984135  0.01803331]
COP(N)(=O)SC,[-0.6227183   0.8465508  -0.718962   -0.6736671  -0.10279241]
COc1cc2c(cc1OC)C(CCc1ccc(Cl)cc1)N(C)CC2,[ 0.2874584   0.8916968   0.5711735  -0.7864097   0.18546431]
CN1C(=O)CN=C(c2ccccc2F)c2cc(Cl)ccc21,[-0.32188126  0.8383064  -0.9143764  -0.5214795  -0.15145639]
O=C(CSc1nc2c(c(=O)n1-c1ccccc1)SCC2)Nc1ncc(-c2ccccc2)s1,[ 0.22547038  1.         -0.8434734  -0.7446579   0.08351737]
C[C@H](Cn1cnc2c(N)ncnc21)OCP(=O)(O)O,[ 0.47886482 -0.24815644 -0.3169246  -0.77949154 -0.11148869]
CC(C)Cn1c(=O)n(C)c(=O)c2c(C(=O)N3CC[C@@H](O)C3)c(Cc3c[nH]c4ccccc34)sc21,[ 0.44994932  0.94658434 -0.7279146  -0.5644728   0.32205752]
CCN(N=O)C(C)OC,[ 0.3421059  0.8060946 -0.7216781 -0.7170387  0.1670555]
CCNc1nc(NC(C)C(C)C)nc(SC)n1,[ 0.57610285  0.76502967 -0.7707171  -0.97773004  0.21938339]
ClCc1cccc2ccccc12,[ 0.33786365  0.75497794 -0.7093362  -0.61859006  0.00543204]
Cc1cn([C@H]2CCCN([C@H](CC(C)C)c3ccc(C(=O)O)c(Oc4cccc(Cl)c4)c3)C2)c(=O)[nH]c1=O,[ 0.27261317  0.8610258  -0.80803937 -0.94401467 -0.41242   ]
FC(F)(F)c1nc2c(Br)c(Cl)c(Br)cc2[nH]1,[ 0.24519055  0.66228855 -0.7873851  -0.588108    0.20493613]
CCOP(=S)(OCC)Oc1cc(C)n(CC)c(=O)c1,[ 0.27021188  0.8633873  -0.8152603  -0.710318   -0.12857561]
OCCNCCc1ccccc1,[ 0.22605656  0.8690783  -0.7835166  -1.          0.81602526]
Cc1ccsc1C(=CCC[NH+]1CCCC(C(=O)[O-])C1)c1sccc1C,[-0.21567352  0.59289724 -0.69679517 -0.9420921   0.6796965 ]
Cc1c(CN2CCOC(c3ccccc3)C2C)c(=O)n(-c2ccccc2)n1C,[ 0.37169933  0.74734735 -0.67167574 -0.72379684 -0.37398332]
CSc1ccc(C(=O)c2[nH]c(=O)[nH]c2C)cc1,[ 0.19237313 -0.4459639  -0.74143803 -0.7825171   0.23449878]
C[C@H](CO)Nc1nc(SCc2cccc(F)c2F)nc2[nH]c(=O)cnc12,[ 0.06211708  0.54803133 -0.69653296 -0.5135601   0.46913436]
CC(C)C1NC(=O)c2ccccc2O1,[ 0.12531316  0.81107765 -0.8377837  -0.74957937 -0.0126871 ]
Clc1cccc([Si]23OCCN(CCO2)CCO3)c1,[ 0.24537134 -0.16255122  0.8120166  -0.01604579  0.7581553 ]
CCCC(=O)OC1(C(=O)COC(=O)CC)CCC2C3CCC4=CC(=O)CCC4(C)C3C(O)CC21C,[ 0.358079    0.8042294  -0.850928   -0.41741854 -0.3693905 ]
CN(C)CCC(c1ccc(Cl)cc1)c1ccccn1,[ 0.7686589   0.5888069  -0.8366615  -0.21158408 -0.2006372 ]
O=[N+]([O-])c1ccccc1Cl,[ 0.589701    0.7646269  -0.96777034 -0.58658916  0.23306604]
N#CCCCCC#N,[-0.10734527  0.8072529  -0.98508835 -0.6274569  -0.505795  ]
CC(CC(=O)OC(C)(C)C)NC(=O)C1=NOC(C(O)(C(F)(F)F)C(F)(F)F)C1,[ 0.16742705  0.6186786  -0.72620267 -1.          0.6400884 ]
O=C(O)C1N=C(c2ccccc2)c2cc(Cl)ccc2NC1=O,[ 0.16536973  0.32484177 -0.58353645 -0.8892796   0.11162906]
CCOC(=O)C=Cc1ccc2c(c1)OCO2,[ 0.23611987  0.7818309  -0.9869563  -0.93561774 -0.44357428]
O=c1cc(-c2ccc(O)cc2)oc2cc([O-])c(C3OC(CO)C(O)C(O)C3O)c(O)c12,[ 0.28133616  0.72496974 -0.437522   -0.02189368  0.24119154]
Oc1ccc(O)cc1,[ 0.06623785  0.7735673  -0.6113023  -0.94946045  0.09655007]
CCCCCCC(N)C(=O)N[C@@H](Cc1c(C)cc(O)cc1C)C(=O)N1CCC[C@@H]1C(=O)N[C@@H](Cc1c[nH]c2ccccc12)C(=O)N[C@@H](Cc1ccccc1)C(N)=O,[ 0.22359009  0.7900662  -0.918192   -0.8245237  -0.34844542]
CC1=NN(c2ccccc2)C(=O)C1,[-0.5695597   0.9178675  -0.76540816 -0.98001206 -0.45669195]
O=C1NC(=O)C(c2ccccc2)(c2ccccc2)C(=O)N1,[ 0.39282024  0.09600619 -0.76827157 -0.7576503   0.02829967]
O=CC=CC1CO1,[ 0.39632463  0.8114284  -0.5941782  -0.6455899  -0.19576482]
C/C=C(/C)C(=O)O[C@H](c1cc2ccc(=O)oc2cc1OC)[C@H](O)C(C)(C)O,[ 0.28092298  0.83973056 -0.7615841  -0.5408863   0.41328517]
C[C@@H](N/C(=N\c1ccncc1)NC#N)C(C)(C)C,[ 0.35689214  0.8062023  -1.         -0.9535428  -0.0075471 ]
Cc1cc(Nc2nc(N[C@@H](C)c3ccc(F)cn3)c(C#N)cc2F)n[nH]1,[-0.17902234  0.47114822 -0.75636667 -0.75063527 -0.6053815 ]
Cc1cc(OC(=O)N(C)C)n(-c2ccccc2)n1,[ 0.12335686  0.82328534 -0.6988457  -0.6631319  -0.03370643]
C=CS(C)(=O)=O,[ 0.01721134  0.38130483 -0.81463146 -0.8100774  -0.3240468 ]
CC1OC(n2ccc(NC(=O)c3ccc(NC(=O)C(C)(N)CO)cc3)nc2=O)CCC1OC1OC(C)C(N(C)C)C(O)C1O,[ 0.48081735  0.9211455  -0.68665177 -0.69383574 -0.13867801]
C[C@H](Cc1cccc(CC(=O)NC23CC4CC(CC(C4)C2)C3)c1)NC[C@H](O)c1ccc(O)c(CO)c1,[-0.13425574  0.8946945  -0.760989   -0.92764693 -0.17339939]
O=C(CCCCCCC(=O)Nc1ccccc1)NO,[-0.22659795  0.4097761  -1.         -0.8703111  -0.23634048]
O=c1c2nocc2c(-c2ccccc2)nn1-c1ccccc1,[-0.43746176  0.6675281   0.04841755 -0.8672172  -0.18441303]
CC(C)(C(=O)O)S(C)(=O)=O,[ 0.42913976  1.         -0.73889047 -0.1661202  -0.38593242]
FC(F)=C(F)CCSc1ncccn1,[ 0.03585566  0.63482773 -0.6791077  -0.8436068  -0.43630722]
O=[N+]([O-])c1ccc(Nc2ccccc2)c(S(=O)(=O)O)c1,[ 0.21175581  0.20434298 -1.         -0.8083902   0.28933433]
ClCC1CO1,[ 0.26434058  0.4285179  -0.61193043 -0.6731728  -0.2479938 ]
O=C(COc1ccc(Cc2ccc(Cl)cc2)cc1)OCc1cccnc1,[-0.07332362  0.725087   -0.8011776  -0.75519305 -0.2964319 ]
C=CCN(C(=O)Cn1nc(C)ccc1=O)C(C)Cc1ccccc1,[ 0.46338245  0.7042062  -0.7880972  -0.875976    0.3428809 ]
O=P(OCCCl)(OCCCl)OC1CC(C(Br)CBr)CCC1Cl,[ 0.5271975   0.80117023 -0.78862804 -0.8171525  -0.218188  ]
O=C(OCC(COC(=O)c1ccccc1)(COC(=O)c1ccccc1)COC(=O)c1ccccc1)c1ccccc1,[ 0.25269845 -0.14499393 -1.         -0.4383986  -0.24129945]
ClCC(Cl)=C(Cl)Cl,[ 0.31858027  0.81689423 -0.84439313 -0.9871994  -0.3453313 ]
OCCCCC(O)CO,[ 0.30135557  0.85688907 -0.780249   -0.6555641   0.52318674]
O=[N+]([O-])c1ccc(C=NNC(=S)N2CCCC2)o1,[ 0.580236    0.703493   -0.4703518  -0.83286345  0.27688006]
N=C(Nc1c([N+](=O)[O-])cnc2ccccc12)N1CCOCC1,[-0.29628372  0.8414699  -0.8223627  -0.45145217  0.03410818]
O=C(C(F)(F)Cl)C(F)(F)Cl,[-0.06862833  1.         -1.         -0.27286774  0.035402  ]
O=C1C(Cc2ccccc2)C(=O)N(c2ccccc2)N1c1ccccc1,[ 0.49722925  0.90115815 -0.8332674  -0.97106016  0.48874927]
O=C(Nc1ccccc1-c1ccccc1)OC1CCN(CCCCCCCCCNC[C@H](O)c2ccc(O)c3[nH]c(=O)ccc23)CC1,[-0.2965223   0.8745944  -0.84828955 -0.74857897 -0.29359025]
CCNc1nc(NCC)nc(OC)n1,[ 0.5428989   0.72033316 -0.95351076 -0.8590965  -0.08581001]
CCCCCCCc1ccccc1O,[ 0.6292512   0.38947698 -0.5879122  -1.         -0.47072646]
COc1ccc(-c2cc(=O)c3ccc(OC)cc3o2)cc1,[ 0.0387419   0.89268833 -0.9013235  -0.3166795   0.29407164]
COc1cc(C(=O)NC2CCCNC2)cc(OC)c1OC,[ 0.01944346  0.82528144  0.5942165  -0.6206107   0.09870633]
CC(C)C(O)(c1ccc(OC(F)(F)F)cc1)c1cncnc1,[-0.03259946  0.4081382  -0.84063005 -0.16802122  0.19864304]
Nc1c(CC(=O)[O-])cccc1C(=O)c1ccc(Br)cc1,[ 0.24730316 -0.7283227  -0.6851463  -0.6749799  -0.08312485]
Cc1ccc(NC(=O)c2ccc(Cl)c(C(F)(F)F)c2)cc1C(=O)Nc1cccnc1,[ 0.28391024  0.51325524 -0.8129402  -0.72285414  0.7703157 ]
C=CCC1/C=C(\C)CC(C)CC(OC)C2OC(O)(C(=O)C(=O)N3CCCCC3C(=O)OC(/C(C)=C/C3CCC(O)C(OC)C3)C(C)C(O)CC1=O)C(C)CC2OC,[ 0.44988582  0.5058165  -0.566176   -0.85036343 -0.5880518 ]
CNCC(O)c1cccc(O)c1,[-0.09489571  0.7511463  -1.         -0.79220265 -0.10695613]
CC(O)C(Cl)(Cl)Cl,[-0.22354415  0.97394764 -0.67194206 -0.05044488  0.46572587]
C=CCN1CCCC1CNC(=O)c1cc2nn[nH]c2cc1OC,[ 0.4489331   0.07120895 -0.77616006 -0.40376234  0.38437185]
NCCNCCNCc1ccccc1O,[-0.07130225  1.         -0.70077294 -0.76597965  0.26610652]
COc1cc(OC)c(C(=O)CCCN2CCCC2)c(OC)c1,[ 0.566492    0.74291885 -0.6398139  -0.9250488  -0.319064  ]
O=[N+]([O-])OCC(O)CO,[ 0.20976882  1.         -0.51401967 -0.9617947   0.5265299 ]
CCN(Cc1cc(C(F)(F)F)ccc1-c1cc(CC(=O)O)ccc1OC)C(=O)NCc1ccccc1,[ 0.03780925  0.55425197 -0.86709744 -0.447063    0.32335588]
CC(C)NCC(O)COc1cccc2ccccc12,[ 0.60434043  0.7007356  -0.88047206 -0.83186185 -0.5040029 ]
COc1ccc(-c2nc3ccc(C4=NNC(=O)CC4C)cc3[nH]2)cc1,[ 0.5784604   0.94152415 -0.28784356 -0.94825655 -0.1792854 ]
COc1cc(C=CC(N)=O)ccc1O,[ 0.3383137   0.60052943 -1.         -1.         -0.15320146]
COC(CN1CCN(CCC(O)c2ccccc2)CC1)c1ccccc1,[-0.17814864  0.4844742  -1.         -0.8114443  -0.4474101 ]
O=C1c2ccccc2N(C(=O)CN2CCOCC2)CN1c1ccccc1,[ 0.5972908   0.69549567 -0.99673826 -0.12169618 -0.03796695]
c1ccc2[nH]c(-c3cscn3)nc2c1,[ 0.44162327  0.9113468  -0.3653069  -0.61112016  0.01531592]
Cc1cnc(NCCCN(C)C)c2c1[nH]c1ccc3cc(O)ccc3c12,[ 0.19926098  0.839839    0.33887228 -1.          0.23191218]
CCOc1ccccc1C(=O)NN=C(C)C(=O)O,[ 0.27789944  1.         -0.98961425 -0.6856829  -0.22553127]
CC(C)=CCOC(=O)c1ccccc1,[ 0.29554346  0.16855259  1.         -1.          0.37085634]
CNC(=O)CSP(C)(=S)OC,[ 0.44677392  0.17341402  0.0381523  -0.6376421  -0.29004782]
CCCCc1nc(Cl)c(CO)n1Cc1ccc(-c2ccccc2-c2nnn[nH]2)cc1,[-0.00704611  0.83398414 -0.535475   -0.4730377   0.29127124]
CCC(=O)OC1C(C)OC(OC2C(C)OC(OC3C(CC=O)CC(C)C(O)C=CC=CCC(C)OC(=O)CC(OC(C)=O)C3OC)C(O)C2N(C)C)CC1(C)O,[-0.36981028  0.9335873  -0.7919235  -0.8418142  -0.3445794 ]
C=C(C)C(=O)OCCC[Si](OC)(OC)OC,[-0.19906414  0.8512616  -0.9187626  -0.81707746  0.13985844]
CN(CC=CC#CC(C)(C)C)Cc1cccc2ccccc12,[ 0.18238784  0.93439066 -0.8425011  -0.7276411  -0.18074434]
CC(C)N(C(=O)SCC(Cl)=C(Cl)Cl)C(C)C,[ 0.42642277  0.98967755  0.5776117   0.38788632 -0.20932074]
COP(=S)(OC)SCc1nnc(SC)s1,[ 0.06836683  0.9279877  -0.73680496 -0.7983123   0.5745002 ]
CCCSP(=S)(OC)SCCC,[ 0.46679434  0.9306772  -0.8008682  -0.43988016 -0.15230449]
CCNC(=O)c1cc2c(-n3ccc(C(F)(F)F)n3)c(-c3cncc(-c4n[nH]c(=O)o4)c3)cnc2[nH]1,[ 0.23079129  0.8847411  -0.655705   -1.         -0.4069579 ]
C#CC1(O)CCC2C3CCC4=CC(=O)CCC4C3C(=C)CC21CC,[-0.38545415  1.         -0.69815725 -0.27430287 -0.23186763]
COCCOCc1ccccc1,[ 0.46149015  0.8167715  -0.91897464 -0.5348739   0.08272961]
CN1c2ccccc2C(NCCCCCCC(=O)[O-])c2ccc(Cl)cc2S1(=O)=O,[-0.12654567  0.88042486  0.04614507 -0.29807827 -0.24089128]
COCC(=O)O[C@]1(CCN(C)CCCc2nc3ccccc3[nH]2)CCc2cc(F)ccc2[C@@H]1C(C)C,[-0.07640173  0.8024341  -0.89899486 -0.8159153   0.26028612]
C=CCc1cc(OC)c(OC(C)Cc2cc(OC)c(OC)c(OC)c2)c(OC)c1,[-0.3190524   0.6724753  -0.6695458  -0.26265052 -0.16603969]
COC(=O)C1=C(C)NC(C)=C(C(=O)OCCN(C)Cc2ccccc2)C1c1cccc([N+](=O)[O-])c1,[ 0.18149996  0.75482786 -0.7112044  -0.7567719   0.17780557]
ClC1=C(Cl)C(Cl)(C2(Cl)C(Cl)=C(Cl)C(Cl)=C2Cl)C(Cl)=C1Cl,[ 0.19439715  0.3722391  -0.91941667 -0.74419504  0.5441935 ]
CCOP(=O)(Cl)Cl,[ 0.3870403   0.84198564 -0.7999296  -0.27673557  0.17705758]
Oc1cc(Cl)c(Cl)c(Cl)c1Cl,[-0.27835754  0.30680633 -0.8660654  -0.38758275 -0.46359143]
CCC(=O)O,[-0.35944188  0.71363723  0.53229964 -0.94961303 -0.3758403 ]
COc1cc2c3cc1Oc1cc(ccc1O)CC1c4c(cc(OC)c(O)c4Oc4ccc(cc4)CC3[NH+](C)CC2)CC[N+]1(C)C,[-0.0494754   0.9270647  -0.93018204 -0.7503282  -0.08628014]
C[S+]([O-])Cc1ccc(C(=O)Nc2ccc(OCCOCCO)nc2C(=O)NCC2CCC2)c2ccccc12,[ 0.62967837  0.9339569  -1.         -0.61850464 -0.12447238]
CN,[ 0.62742937  0.65362257 -0.8089944   0.25001362 -0.65983015]
CCN(CC)CCO,[ 0.3527701   0.93121725 -1.         -0.845904   -0.37820837]
Nc1ccc([N+](=O)[O-])cc1N,[ 0.47734523  0.44665378 -0.57102996 -0.7875829  -0.00111875]
CCCNC(=N)C(OCC)c1ccccc1,[ 0.28814533  0.700016   -0.34305862 -0.35893524  0.01610393]
O=C(CCl)OC1=C(OC(=O)CCl)C(=O)OC1=O,[-0.02645012  0.35746136 -0.47028315 -1.         -0.19283661]
CCC1=C(C)CN(C(=O)NCCc2ccc(S(=O)(=O)[N-]C(=O)NC3CCC(C)CC3)cc2)C1=O,[-0.16264081  0.65404797 -0.63189936 -0.8063378   0.05954048]
CCCCCNCCCCC,[ 0.4468132   1.          0.09989886 -0.79275286 -0.12457145]
C=CN(CC)C(C)=O,[-0.0890042   0.92075676 -0.5786834  -0.9106089  -0.16252738]
Cc1c(Cl)c([N+](=O)[O-])c2[nH]c(C(F)(F)F)nc2c1[N+](=O)[O-],[ 0.2958368   0.8659912  -0.4314007  -0.7608633  -0.02123058]
CCCP(=O)(CCC)CCC,[-0.360116    0.89476687 -0.69257855 -0.7269947   0.09780648]
CCOC(=O)NCCOc1ccc(Oc2ccccc2)cc1,[-0.24487597  0.7913318  -0.6002227  -0.40106764  0.25552166]
CCCCCCCCCCOc1c(OC)cc(C(N)=O)cc1OC,[ 0.29604095  0.372149   -0.57308203 -0.88678735 -0.00341172]
SCc1ccccc1,[ 0.05328148  0.70276064 -0.62528366 -1.          0.53116083]
CCC1OC(=O)C(C)C(=O)C(C)C(OC2OC(C)CC([NH+](C)C)C2O)C(C)(OC)CC(C)C(=O)C(C)C2N(CCCCn3cnc(-c4cccnc4)c3)C(=O)OC12C,[-0.94984514  0.93484205 -0.21005766 -0.94585836  0.15004776]
CCC[C@@H](c1ccc(C(=O)O)c(Oc2cccc(Cl)c2)c1)N1CCC[C@H](n2cc(C)c(=O)[nH]c2=O)C1,[ 0.22876811  0.6549379  -0.80656505  0.11142982 -0.27101964]
CCCCCCCCCCCCCCCCCC(=O)Cl,[ 0.46185634  0.81338376 -0.8924858  -1.         -0.16445151]
CN[C@@H](C)[C@@H](O)c1ccccc1,[-0.20064445 -0.00524879 -0.3567029  -0.62594396  0.58680433]
CCC(C(=O)O)C1(O)CCCCC1,[-0.21969129  0.6350286  -0.53093344 -0.57274127 -0.192993  ]
C[C@@H](NC1=CC(=O)CNC1)c1ccc(Nc2ncc3cc(-c4ccncc4)ccc3n2)cc1,[ 0.18614191  0.86096454 -0.689318   -0.38426107 -0.7059171 ]
CCCCCCCCC1OC1CCCCCCCC(=O)OCC1(CC)OC1CCC,[-0.13408796 -0.2862682  -0.6555241  -1.         -0.13615707]
COc1cc2ncnc(Nc3ccc(F)c(Cl)c3)c2cc1NC(=O)/C=C/CN1CCCCC1,[ 0.4639781   0.74047714 -0.7663613  -0.4671227  -0.23331784]
CC(C)(c1ccc(Oc2ccc(N)cc2)cc1)c1ccc(Oc2ccc(N)cc2)cc1,[-0.6349264  -0.17421913  0.1116681  -0.6189725  -0.30481324]
[NH3+]C(C(=O)NC1C(=O)N2C(C(=O)[O-])=C(CSc3c[n-]nn3)CSC12)c1ccc(O)cc1,[-0.04422276  1.         -0.74439    -0.2122698   0.4625155 ]
CCOc1ccccc1C(N)=O,[ 0.86950576  0.4427039  -0.7793867  -0.3788182   0.5102257 ]
CCOP(=O)(NC(C)C)SCC(=O)NCOC,[ 0.6700887   0.781736   -0.59604347 -0.6674026  -0.0027483 ]
OC(CCN1CCCC1)(c1ccccc1)C1CCCCC1,[-0.07365761  0.89990103 -1.         -0.67591333 -0.10749562]
O=C(CO)N1CCC(c2[nH]nc(-c3ccc(Cl)cc3F)c2-c2ccncn2)CC1,[-0.3865237   0.16840297 -0.6505396   0.3578159   0.88634515]
C=CCc1ccccc1OCC(O)C[NH2+]C(C)C,[ 0.17619991  0.666933   -0.76033777 -0.6684849  -0.54093105]
COCCNCc1ccc(Nc2ncc3cc(-c4ccncc4)ccc3n2)cc1,[ 0.30292502  0.795496   -0.98440236 -0.62735677 -0.3674308 ]
FC(F)(F)c1nc2cc(Br)c(Cl)cc2[nH]1,[ 0.4534169   0.7744392  -0.68491346 -0.59912586  0.27746356]
COc1ccc(C[C@@H]2c3cc(OC)c(OC)cc3CC[N@+]2(C)CCC(=O)OCCCCCOC(=O)CC[N@@+]2(C)CCc3cc(OC)c(OC)cc3[C@H]2Cc2ccc(OC)c(OC)c2)cc1OC,[-0.1650563   0.8775578  -0.4168484  -1.          0.17106165]
C=C(Cl)C#N,[-0.16782224  0.87225866  0.58533    -0.1981533  -0.40300283]
C[C@@](N)(Cc1ccc(O)c(O)c1)C(=O)O,[ 0.01427916  0.6539439  -0.4666029  -0.8097038  -0.13794059]
C=C(C)CN(CC)c1c([N+](=O)[O-])cc(C(F)(F)F)cc1[N+](=O)[O-],[ 0.38595828  0.7806774  -0.46372887 -0.12657961 -0.4914217 ]
O=NN(c1ccccc1)c1ccccc1,[ 0.52107745  0.82445055 -0.71347934 -0.38770267  0.29376087]
Cc1cc(-n2c(C)nc3ccccc3c2=O)n(-c2ccccc2)n1,[ 0.56828755  0.92438966 -0.45022073 -0.43963662 -0.3301887 ]
Cc1cc(C(=O)c2ccccc2)ccc1N,[ 0.37604997  0.88831794 -0.00111104 -0.34296614  0.06146248]
CN(CCCOCCOCCc1ccccc1)CCc1ccc(O)c2nc(O)sc12,[-0.6363286  -0.04982518 -0.23765488 -0.5726389  -0.03075395]
CN1CN(CCO)CSC1=S,[ 0.15268534  0.0385913  -0.5959847  -0.9328844  -0.26698747]
CCN(CC)c1ccc(-c2nc(=O)n(C)nc2-c2ccc(N(CC)CC)cc2)cc1,[ 0.25815332 -0.27927163 -0.8643252   0.4979736   0.60477436]
Oc1c(Cl)c(Cl)cc2[nH]c(C(F)(F)F)nc12,[ 0.30306304  0.83511245 -0.8218348  -0.62288004  0.15373035]
CCCCOc1ccccc1NC(C)=O,[-0.4252258  -0.3747963  -0.44214895 -0.8299483   0.41008702]
Nc1nc2c(Cc3cccnc3)c[nH]c2c(=O)[nH]1,[-0.05633287  0.89848197 -0.606932   -0.6944174  -0.01178775]
NCCCNCCSP(=O)(O)O,[ 0.4262208   0.21923928 -0.7755515  -0.61738497 -0.05164607]
O=[N+]([O-])c1cc(Cl)c2nc(C(F)(F)F)[nH]c2c1,[ 0.15699703  0.5650888  -0.7746454  -0.84455174 -0.08319797]
COc1ccc2ccc(=O)n(CCN3CCC(NCc4cc5c(cn4)OCCO5)CC3)c2n1,[ 0.33815742  0.36685067 -0.5958231  -0.5791302  -0.22649685]
O=C(O)Cc1ccccc1N1CCC(CN2CCC(Oc3ccc(Cl)c(Cl)c3)CC2)CC1,[-0.0694795   0.92020565 -0.66041017 -0.8252902  -0.13633488]
Cc1cc(-n2cccc2)c(S(C)(=O)=O)cc1C(=O)NC(=N)N,[ 0.29080847  0.7326464  -0.6858576   0.27515867  0.39981058]
CN(C)c1ccc(C(O)(c2ccc(N(C)C)cc2)c2ccc(N(C)C)cc2)cc1,[ 0.28632516  0.4499407  -1.         -0.3632135   0.07908244]
O=C(Cc1ccc(Cl)c(C(F)(F)F)c1)Nc1cccc2c(=O)n(CCO)ccc12,[ 0.5294856   0.47599885 -0.72021276 -0.9811408  -0.4262909 ]
OC[C@@H]1CC[C@H](n2cnc3c(O)ncnc32)O1,[ 0.38397047  1.         -0.7028277   0.01501631  0.08633865]
CCC(CC)(C(=O)O)c1cccc2ccccc12,[-0.21166098  0.7979298  -0.910111   -0.92816633  0.19731227]
COP(=S)(OC)SC(CBr)N1C(=O)c2ccccc2C1=O,[-0.1523059   0.8913323   0.25854266 -0.89088655  0.1277545 ]
N#Cc1cccc(Cc2ncccn2)c1,[ 0.08007131  0.8452079  -0.5931976  -0.81528443 -0.2743171 ]
CN1CCN(C2=c3ccccc3=Nc3ccc(Cl)cc3N2)CC1,[ 0.43030635  0.6857818  -0.07978486 -0.32405972 -0.5658376 ]
CC(=O)SCC(=O)Nc1nc2ccccc2s1,[ 0.4501181   1.         -0.56113744 -0.9567817  -0.1101121 ]
N#Cc1cccc(C#N)c1,[ 0.11630103  0.95535296 -0.5853157  -0.7857484  -0.17176908]
COC(=O)c1ccccc1,[ 0.4306339   0.68024623 -0.6123846  -0.5124121   0.05303784]
CC1CCCCC1NC(=O)Nc1ccccc1,[ 0.30617577  0.66896945 -0.6653893  -0.9343413  -0.31490812]
CC(=O)Nc1ccc(CNc2[nH]nc3ccnc(Oc4ccccc4)c23)cc1,[ 0.11305566  0.7198903  -0.6049261  -0.70439774 -0.41324863]
O=CNc1cc([C@@H](O)CNCCc2ccc(NC[C@H](O)c3ccccc3)cc2)ccc1O,[-0.11070559 -0.01762907 -0.97389543 -0.45608312  0.8209047 ]
CN(C)CCOCCOCCN(C)C,[-0.1177346  -0.75825346 -0.8649418  -0.73814476 -0.15254606]
FC(F)(F)c1nc2c(Cl)c(Cl)cc(Cl)c2[nH]1,[ 0.06449     0.12075824 -0.53498113 -1.         -0.09017616]
CCCCOCCOCCCC,[ 0.51102215  0.4124885  -0.95062006 -0.9267249   0.2787441 ]
CCCC(=O)c1ccc(N)cc1,[ 0.07976269  0.8036416  -1.         -0.7601182  -0.41850737]
CC(N)C(O)c1cccc(O)c1,[ 0.16714926  0.9180807  -0.86479115 -0.5781181   0.49933684]
C=CC(=O)OCC(CC)CCCC,[ 0.04560791  0.6840327  -0.6072695  -0.83507556 -0.35741726]
CCC1(CC)Oc2cccc(OC(=O)N(C)C(C)=O)c2O1,[-1.         -1.         -0.91868013 -0.7198818   1.        ]
C=CS(=O)(=O)CCCCCC,[ 0.20629403  0.9173949   0.3324222  -0.94867426  0.55647516]
N=C(N)Nc1nc(CSCCC(=N)NS(N)(=O)=O)cs1,[ 0.40699244  0.44034326 -0.85420597 -0.9481311  -0.06582169]
CCCCC(C)(C)CO,[ 0.23998246  1.         -0.78285277 -0.49909002  0.4719309 ]
CC(=O)OC(C)OC(=O)C(C)c1ccc(-c2ccccc2)c(F)c1,[ 0.11984377  0.87118137 -0.6309324  -0.76525456 -0.47064972]
CC1=C2C[C@H]3[C@@H](CC=C4C[C@@H](O)CC[C@@]43C)[C@@H]2CC[C@]12O[C@@H]1C[C@H](C)CN[C@H]1[C@H]2C,[-0.27023688 -0.03385911 -0.8676178  -0.7355508   0.07746128]
CC(O)c1cccc(N)c1,[ 0.27402323  0.850164   -0.2732506  -0.6341534  -0.393286  ]
Nc1nc(O)c2ncn(COCCO)c2n1,[ 0.31037676  0.8080963  -0.31064194 -0.8100097  -0.27803677]
CC(=O)O[C@H]1C[C@@H]2CC[C@@H]3[C@H](CC[C@@]4(C)[C@H]3C[C@H]([N+]3(C)CCCCC3)[C@@H]4OC(C)=O)[C@@]2(C)C[C@@H]1N1CCCCC1.[Br-],[-0.0589833  0.9012283 -0.9339003 -0.741234  -0.5442573]
C1=CCCC=CCCC=CCC1,[ 0.32153454  0.6278117  -0.83240527 -1.         -0.2798911 ]
COc1ccccc1Oc1c([N-]S(=O)(=O)c2ccc(C(C)C)cn2)nc(-c2ccnc(-c3nnn[n-]3)c2)nc1OCCO,[ 0.18033579 -0.11958086 -0.44250098 -0.7067577  -0.17693143]
CC1CCCCN1N=O,[ 0.03125059 -0.36776635 -0.939962   -1.          0.20241448]
C=C[Si](OC)(OC)OC,[ 0.5665522   0.79971474 -0.5823661  -0.9619527   0.05825181]
CCCSP(C)(=S)Oc1ccc(Cl)cc1Cl,[ 0.46691245  0.8102055  -0.2217613  -0.4117989  -0.32922375]
CCCCCCOC(=O)C(O)c1ccccc1,[ 0.32645592  0.78818434 -0.8689501  -0.79074043 -0.34347805]
CCOC(=O)CCN(SN(C)C(=O)Oc1cccc2c1OC(C)(C)C2)C(C)C,[-0.62337756  0.8640543  -0.7638361  -0.7595127  -0.05823883]
CNC(=O)Oc1ccc(Cl)c2c1OC(C)(C)C2,[ 0.5477314   0.4614099   0.2994735  -1.         -0.33447698]
COCCOCCOC(C)=O,[ 0.30557233  0.8406204  -0.4730882  -0.3920586   0.17476651]
CC(C)Oc1cc(-n2cnc3ccc(N[C@@H](CO)c4ccc(F)cn4)nc32)n[nH]1,[-0.03441165 -0.71308684 -0.8502934  -1.          0.1349959 ]
CCCCC(CC)OCCOCCO,[ 0.46042657  0.8689641  -0.6274652  -1.         -0.00509482]
COC(=O)/C=C/CNC(=O)CN1C(=O)[C@@H](COC(=O)Nc2ccc(Cl)cc2C(F)(F)F)N=C(c2ccccc2)c2ccccc21,[-0.01066691  0.8187531  -0.81974083 -1.          0.538351  ]
N=C(N)N[N+](=O)[O-],[ 0.16181464  0.9199143  -0.8021218  -1.         -0.04852664]
CC1(C)SC2C(NC(=O)C(C(=O)[O-])c3ccsc3)C(=O)N2C1C(=O)[O-],[ 0.38567966  0.7633448  -0.80281585 -0.42943677  0.09513085]
Clc1cc(Cl)c2nsnc2c1Cl,[-0.72891384  0.8833844  -0.90354556 -0.80189097 -0.24161054]
N#CCCOCCC#N,[-0.2424875   0.9123487  -0.88437355 -0.9606391  -0.24393363]
CNc1c(C(N)=O)cnc2[nH]c(-c3ccc(OCCN4CCOCC4)cc3)nc12,[ 0.1119829   0.74556535 -1.         -0.67497575 -0.14207706]
CC1CCCCOC1=O,[ 0.53119427 -0.9246614  -0.2632156  -0.54661644 -0.28466162]
O=C(O)c1ccccc1-c1c2ccc(=O)cc-2oc2cc(O)ccc12,[-0.3046208   0.8924764  -0.864815   -0.7945285   0.35147908]
CCNC(=O)ON=C1SCOC1C,[-0.14731279  0.74079186 -0.4491136  -0.87163967 -0.32598928]
C=CCc1ccc(OC(C)=O)c(OC)c1,[ 0.50134116  0.963885   -0.929121   -0.99301547  0.1680776 ]
CCC(=O)Nc1ccc2[nH]c(C(F)(F)F)nc2c1,[ 0.22317639  0.6622887  -0.73399276 -0.46616903 -0.5335618 ]
O=c1c(Cl)c(Cl)cnn1-c1ccccc1,[ 0.6472802   0.7256926   0.07852615 -0.17336486 -0.5144544 ]
Fc1cc(-c2cccc3ncc(-c4cnn(C5CCNCC5)c4)nc23)cc(F)c1CN1CCOCC1,[ 0.43432707  0.17249942 -0.7517221  -0.07423815  0.24838242]
O=CNC(N1CCN(C(NC=O)C(Cl)(Cl)Cl)CC1)C(Cl)(Cl)Cl,[ 0.32387888  0.6466334  -0.61084664 -0.9615084   0.7017757 ]
CC[C@H]1CN(Cc2cc(Cl)ccc2OCC(=O)O)CCN1S(=O)(=O)c1ccccc1,[-0.14124307  0.73539424 -0.886774   -0.6242977   0.2844867 ]
CCCCCCCC[Si](OCC)(OCC)OCC,[ 0.1819154  -0.03523706 -0.5183235  -0.03019425  0.67907274]
Cc1cnc(C(=O)c2ncnc3[nH]ccc23)c(NS(=O)(=O)c2ccc(Cl)c(C(F)(F)F)c2)c1,[-0.42564896  0.76863045 -0.562949   -0.35172418  0.12909496]
O=C(NCC12CC3CC(CC(C3)C1)C2)c1cc(-n2ncc(=O)[nH]c2=O)ccc1Cl,[ 0.28959957  0.5516627  -0.85895026 -0.5484578  -0.5674486 ]
CC(C)=CCN1CCC2(C)c3cc(O)ccc3CC1C2C,[ 0.23650944  0.9210867  -0.7742004  -0.9600048  -0.11220701]
CCOC(=O)C1OC1c1ccccc1,[ 0.82801116  0.7195353  -1.         -0.46908557 -0.19991723]
O=C(Cc1cccs1)N[C@@H]1C(=O)N2C(C(=O)[O-])=C(C[n+]3ccccc3)CS[C@H]12,[ 0.5689127   0.7328635  -1.         -0.4906026   0.03441719]
Cc1cc(Nc2nc(N[C@@H](C)c3ncc(F)cn3)nc(N3CCOCC3)c2F)n[nH]1,[-0.05303496  0.77612305 -0.62990516 -0.91362053 -0.22574452]
COP1(=S)OCc2ccccc2O1,[ 0.13707496  0.7047828  -0.4851832  -0.7590716  -0.5673546 ]
Cc1cccc(Nc2ccncc2S(=O)(=O)[N-]C(=O)NC(C)C)c1,[-0.53857917  0.6290223  -0.4375645  -0.600347   -0.35761154]
CC(C)Oc1ccc2c(=O)c(-c3ccccc3)coc2c1,[-0.46612465  0.9235396  -0.82056916 -0.64848846 -0.361715  ]
CCC1OC(C)SC1=NOC(=O)NC,[-0.23424631  0.10906865 -0.540819    0.7169774   0.22966978]
CC(C)CCC(C)Nc1ccc(Nc2ccccc2)cc1,[-0.07011886  0.48947087 -0.67665607 -1.         -0.14580454]
CCCCCCCC=CC=O,[ 0.25211623  0.9454204  -0.8851628  -1.          0.09329455]
CCCCCCCCOC(C)=O,[ 0.0450975   0.45758685 -0.84336513 -1.         -0.45590407]
COCCOP(=O)(OCCOC)OCCOC,[-0.33525684  0.8944071  -0.531003   -0.53520656 -0.25147203]
COc1ccc(NC(=O)c2ccnc(N)n2)cc1,[-0.25240308  0.60897094 -0.921668   -0.37592524  0.0250701 ]
COc1cc(OC)c(S(=O)(=O)NCc2ccccc2N2CCC(COC(=O)CCC(=O)O)CC2)cc1NC(=O)CCC(=O)O,[-0.14006428  0.74912816 -0.90227914 -1.         -0.5230676 ]
CN1CCN(c2ccc3ncc(C(N)=O)c(Nc4ccc(Cl)c(Cl)c4)c3c2)CC1,[-0.0190276   0.6017879  -0.70369107 -0.41049153  0.18685807]
NC(=S)NNCNNC(N)=S,[-0.327651    0.32766646 -1.         -0.7101294  -0.15356058]
CCCCCCCCCCCCNC(N)=S,[ 0.06256168  0.9061444  -0.8124728   0.08257768  0.26182267]
CC1CN(C2CCCCCCCCCCC2)CC(C)O1,[ 0.65723336  0.85347307 -1.         -0.46058518 -0.12475787]
COP(=S)(OC)SCc1nnc(C(C)C)o1,[-0.6992219   0.7285449  -0.99461114 -0.66996384  0.28751224]
CN(C)c1ccc(O)c2c1CC1CC3C([NH+](C)C)C([O-])=C(C(N)=O)C(=O)C3(O)C(O)=C1C2=O,[ 0.18378434  0.3514711  -0.84019655 -0.91658163  0.51946634]
CC(O)CO,[ 0.35639396  0.5991996  -1.         -0.7941632  -0.47321486]
Clc1ccc(Cl)c(Cl)c1,[-0.14020988  1.         -0.9741012  -1.          0.24413739]
C/C=C/CC(C)C(O)C1C(=O)NC(CC)C(=O)N(C)CC(=O)N(C)C(CC(C)C)C(=O)NC(C(C)C)C(=O)N(C)C(CC(C)C)C(=O)NC(C)C(=O)NC(C)C(=O)N(C)C(CC(C)C)C(=O)N(C)C(CC(C)C)C(=O)N(C)C(C(C)C)C(=O)N1C,[ 0.5640212   0.88441426 -0.98194486 -0.98308986  0.03947486]
O=c1n(CC2CO2)c(=O)n(CC2CO2)n1CC1CO1,[ 0.06112343  0.08796249 -0.9062284  -0.8265693  -0.47199377]
CCN(CC)CCOCCO,[-0.00696767  0.8019244  -0.8398215  -0.9583053   0.26459983]
O=C(O)[C@@H](c1ccccc1)N1CCC(CN2CCC(Oc3ccc(Cl)c(Cl)c3)CC2)CC1,[ 0.4443494   0.7460594  -0.8323016   0.16617616  0.07018538]
CN1CCN(CCC=C2c3ccccc3Sc3ccc(S(=O)(=O)N(C)C)cc32)CC1,[-0.49328873  0.09113823 -0.9280277  -0.98518604 -0.15217176]
Cc1ccc2c(c1)c(-c1ccnc3cc(Cl)ccc13)c(C)n2CC(=O)O,[-0.02577428  0.74889797  0.42282003 -0.67825246  0.2066722 ]
O=P(O)(O)C(O)(Cn1ccnc1)P(=O)(O)O,[-0.5363273   0.701007   -0.8076108  -0.85378885 -0.16748577]
COCCOC(=O)CC#N,[ 0.1825928   0.89669764 -0.95616084 -0.85830307  0.14363192]
C[NH+](C)CCC(c1ccc(Cl)cc1)c1ccccn1,[ 0.14743982  0.62302136 -0.88955367 -0.74499166 -0.02950963]
COCc1c(C(C)C)nc(C(C)C)c(/C=C/[C@@H](O)C[C@@H](O)CC(=O)O)c1-c1ccc(F)cc1,[ 0.34586018  0.6133236  -0.87922996 -0.6747494  -0.0428846 ]
COc1cccc2c1cc([N+](=O)[O-])c1c(C(=O)O)cc3c(c12)OCO3,[-0.07666373  0.22321635 -0.76531345 -0.6592475  -0.470016  ]
CC(=S)NC[C@H]1CN(c2ccc(-c3nnc(CNS(C)(=O)=O)s3)c(F)c2)C(=O)O1,[ 0.7770031   0.87074804 -0.83650565 -0.24472989 -0.4019628 ]
Cc1cc(C)c(C)cc1C,[ 0.327906   -0.3883568  -0.7583389  -0.7433387   0.20541267]
C[C@@H](O)[C@H]1C(=O)N2C(C(=O)O)=C(SCCNC=N)C[C@H]12,[ 0.21734852 -0.27816084 -0.38994524 -0.5385106  -0.33873978]
CN(C)C(=O)C(CCN1CCC(O)(c2ccc(Cl)cc2)CC1)(c1ccccc1)c1ccccc1,[ 0.11191203  0.33182985 -0.82231945  0.22648416 -0.04612129]
C=CC(=O)OCCOCCC#N,[ 0.03761205  0.7984476  -0.81998193 -1.         -0.12631473]
NCC(O)CO,[ 0.07416563  0.79280996 -0.4382752  -0.87124705 -0.44993052]
O=C(c1ccccc1)c1cccc2c1CCC2C(=O)O,[-0.4818354   0.82848746 -0.6894871  -0.672369    0.23423992]
Cc1cc(-c2ccc(Cl)c(C(=O)NCC3(O)CCCCCC3)c2)nn1C[C@H](O)CN,[ 0.52812225  0.28825083 -0.84358984 -0.9771446  -0.44686916]
C[C@]12C[C@H](O)[C@H]3[C@@H](CCC4=CC(=O)CC[C@@]43C)[C@@H]1CC[C@]2(O)C(=O)CO,[ 0.11775868  0.9602393  -0.50729483 -0.84571695  0.3742107 ]
O=C(NC[C@@H](O)CN1CCC(Oc2ccc(Cl)c(Cl)c2)CC1)c1c[nH]c(=O)c2cc(F)ccc12,[-0.77744114 -0.32083526 -0.5147022  -0.8547773   0.20948543]
CCOC(=O)c1ccc(C#Cc2ccc3c(c2)C(C)(C)CCS3)nc1,[-0.03630671  0.5235362  -0.8389281  -0.5947957  -0.5594359 ]
CNNC,[ 0.48637724  1.         -0.8718154  -0.5867724  -0.17212084]
O=C(O)CCC(=O)OC1CCCCC1,[-0.27384105  0.6733599  -0.6438913  -0.8633457   0.40534434]
O=C(OCC1CO1)c1ccccc1C(=O)OCC1CO1,[ 0.04539598  0.44936818 -0.9823587   0.82345986  0.2702414 ]
CON(C)C(=O)Nc1ccc(Cl)cc1,[-0.11935253  1.         -0.55657977 -0.89026535 -0.3533638 ]
CC(C)CN,[-0.0249975   0.83985305 -0.75799674 -0.8227175   0.02693047]
CO[Si](CCCn1c(=O)n(CCC[Si](OC)(OC)OC)c(=O)n(CCC[Si](OC)(OC)OC)c1=O)(OC)OC,[ 0.31209993  0.76178795 -0.79522043 -0.8349624   0.09544691]
CC(C)(C)c1ccc(C(=O)O)cc1,[ 0.363606    0.5198466  -0.59474766  0.59201753  0.29634652]
CCCCOC(=O)C1CC1OCCCC,[ 0.147621    0.8172857  -0.53378713 -0.3759257   0.11983895]
CC(=CC(=O)O)C(=O)O,[ 0.01718193  0.7213441  -0.8621218  -0.77972525  0.26972717]
CCCC1CC(C(=O)NC(C(C)Cl)C2OC(SC)C(O)C(O)C2O)[NH+](C)C1,[ 0.19769871  0.69492704 -0.8707205  -0.34171867 -0.5351915 ]
C1CSCCO1,[ 0.39995727  0.49619687 -0.8194409  -0.23785724 -0.08769282]
C#CC(C)(O)C(O)c1ccccc1,[ 0.38779     1.         -0.8807274  -0.5632317   0.05208085]
CCOP(=O)(OCC)N(C)c1ccccc1,[ 0.26636234  0.82258135 -1.          0.23573165  0.3201007 ]
COc1cc(C2c3cc4c(cc3C(OC3OC5COC(C)OC5C(O)C3O)C3COC(=O)C23)OCO4)cc(OC)c1O,[-0.1036073   0.7945493  -0.27316234 -0.503605    0.33168584]
O=[N+]([O-])N1CN([N+](=O)[O-])CN([N+](=O)[O-])C1,[ 0.21733448  0.8122142  -0.1634964  -0.96652067 -0.22795816]
CCOP(=S)(OCC)Oc1cccc(F)n1,[ 0.3863336   0.83632845 -0.93510437 -1.          0.5952321 ]
Cc1cc(Nc2nc(N[C@@H](C)c3ccc(F)cc3)ncc2Cl)n[nH]1,[ 0.5785931   0.7457796  -0.38204545 -1.         -0.69983274]
c1ccc2c(c1)CC(N1CCN(c3cccc4c3OCCO4)CC1)C2,[-0.27965298  0.7431365  -0.8018931  -0.97777885 -0.0433454 ]
O=c1[nH]c2c(O)ccc([C@@H](O)CNCCSCCCNCCc3cccc(Cl)c3Cl)c2s1,[ 0.32038617  0.5665768  -0.744006    0.40608233 -0.01327715]
O=CC1=CCCCC1,[-0.0449782   0.84397286  0.16911277 -0.70063114  0.06919626]
CN=C=S,[ 0.3707352   0.9089035  -0.8721368  -0.63920677  0.5112479 ]
CCOc1ccc([C@@H](C)Nc2nc(N3CCN(C(C)=O)CC3)nc3c2CN(C(C)C)C3=O)cc1,[-0.07880073  0.38314018 -0.27433357 -1.         -0.07129967]
Clc1ccc(C2(Cn3cncn3)OCCO2)c(Cl)c1,[ 0.15160164 -0.21873964 -0.773144   -0.07154789  0.09094408]
OCC(O)CO,[ 0.43107325  0.5157871  -0.7683104  -0.38549796 -0.5195315 ]
COC(C)C=O,[ 0.35800248  0.4156824  -1.         -0.5297592   0.23175567]
CNC(=O)/C=C(/c1ccc2nc(N)n(S(=O)(=O)C(C)C)c2c1)c1ccccc1-c1cccc2ccccc12,[ 0.04489687  0.8711352  -0.82061136 -0.88550246  0.65724784]
C=CCn1c(N)cc(=O)n(CC)c1=O,[-0.08250376  0.4666121  -0.29850817 -0.23897089 -0.03262141]
CC(=O)OO,[-0.33791408  0.8467863  -0.5810803  -0.7814938   0.14359987]
COC1CCC=CO1,[-0.27869087  0.9397494  -0.72516304 -0.3681453  -0.018962  ]
CC(C)c1cc(Oc2ccccc2)cc(C(C)C)c1NC(=S)NC(C)(C)C,[ 0.26272735  0.7624642  -0.7392621  -0.49408302 -0.10803664]
COC(=O)Cc1ccccc1,[-0.43571183  0.6601911  -0.872231   -0.7089681  -0.23942176]
NS(=O)(=O)c1cc2c(cc1Cl)NC(C(Cl)Cl)NS2(=O)=O,[ 0.46239308  0.65089136 -1.         -0.6638106   0.12533113]
Cc1ccc2c(c1)c(Sc1cccc(Cl)c1)c(C)n2CC(=O)O,[-0.2700363   0.42167124 -0.78278506 -0.79206556  0.0584095 ]
CC(C)CCI,[ 0.32456866  0.7218168  -0.6819416  -0.4632197  -0.15904574]
C[C@H](CO)Nc1nc(SCc2cccc(F)c2F)nc2nc(N)cnc12,[ 0.29575562  0.30514833 -0.62360835 -0.8365892  -0.22705775]
CC(=O)CCCCCCCC(=O)O,[ 0.3279901   0.9780927  -0.7947246  -0.5945258  -0.31722176]
BrC(Br)Br,[-0.21751128 -0.19918056 -0.65068173  0.49835935  0.01660944]
O=[N+]([O-])c1cc2[nH]c(C(F)(F)F)nc2cc1Cl,[ 0.38192102  0.65990925 -0.8897491  -0.84224766  0.69247067]
CCOC(=O)CCN(Cc1ccccc1)SN(C)C(=O)ON=C(C)SC,[-0.29647985  0.9580151  -0.8631728  -0.68141645 -0.02446964]
NCCCCN,[ 0.24714214  0.65107024 -0.9578024  -0.35500517 -0.22490816]
CC(=O)N[C@H](C)C(=O)NCCc1ccccc1,[ 0.14925694  1.         -0.703789   -0.81099236 -0.16491507]
CNC(=O)OCc1cccc(COC(=O)NC)n1,[ 0.24271172  0.76434016 -0.3717785  -0.09147888  0.06239356]
Nc1cc[n+]([O-])cc1,[ 0.10244126  0.9771679  -0.5986473  -0.96712583 -0.15408392]
CC=Cc1ccc(OCc2ccccc2)c(OC)c1,[ 0.30022272  0.77643436 -0.7959391  -0.65765166 -0.55224025]
CC(C(=O)O)c1ccc(C(=O)c2cccs2)cc1,[-0.58717567 -0.8497656  -0.61076593  0.06834868 -0.07453559]
OCCOCCOCCOCCO,[ 0.05035996  0.8681426  -0.43440533 -1.         -0.00315152]
CCCN(CCC)c1c([N+](=O)[O-])cc(C)cc1[N+](=O)[O-],[ 0.32819408  0.92058957 -0.35062614 -0.45620018 -0.09901973]
BrC12CC3CC(CC(C3)C1)C2,[-0.27342087  0.7691235  -0.8683901  -0.6530667   0.01385891]
O=C(Nc1ccc(Cl)c(C(=O)Nc2cccnc2)c1)c1cccc(C(F)(F)F)c1,[ 0.58734703  0.897917   -0.4543001  -0.7290067  -0.69538164]
CCCCCCCCCCCCCCCCCCOP(=O)([O-])OCC[N+]1(C)CCCCC1,[ 0.13292094 -0.9185959  -0.52525246 -0.34404007 -0.32984164]
COc1ccccc1Oc1c([N-]S(=O)(=O)c2ccc(C)cn2)nc(-c2ccncc2)nc1OC,[ 0.4089929   0.8444255  -1.         -0.78652275 -0.10131444]
CC(=O)Oc1ccc2c3c1OC1C(OC(C)=O)C=CC4C(C2)[NH+](C)CCC341,[ 0.2329454   0.3373608  -0.31358862 -0.05687491  0.20583048]
CC(C)Nc1nc(Cl)nc(NC(C)C)n1,[-0.16894537  0.574284   -0.06568459 -0.8858477  -0.37019685]
CC(=O)Nc1ccc(C)c(NS(=O)(=O)C(F)(F)F)c1,[ 0.41018978  0.4621032  -0.75611603 -0.72824043 -0.2868445 ]
C=CC[NH+]1CCCC1CNC(=O)c1cc2n[nH]nc2cc1OC,[ 0.34319463  0.4457748  -0.12469926 -0.18328908 -0.05410099]
C=C(OP(=O)(OC)OC)c1ccc(Cl)cc1Cl,[ 0.06365085  0.8917717  -0.879554   -0.5554131   0.39306125]
Cc1cc(=O)nc(SCc2ccccc2N(C)C)[nH]1,[ 0.04294631  0.8635147  -0.77472657 -0.8519845  -0.47460425]
CCN(CC)CCCCCCCCCCNC(=O)Oc1ccc2c(c1)C1(C)CCN(C)C1N2C,[ 0.38674372  0.33279136 -0.7696275  -0.5973809   0.3603994 ]
Cc1cnc(C)cn1,[ 0.36740837  0.2554987  -0.8144122  -0.3263896  -0.5761445 ]
CC1(C)C(=O)N(CO)C(=O)N1CO,[ 0.37423614  0.6224123  -0.7422062   0.05107567  0.15735875]
CCCCCC(=O)O,[ 0.4205683   0.7121832  -0.84639525 -0.8718013  -0.25642872]
O=[N+]([O-])c1cc(Cl)ccc1Cl,[ 0.1938816   0.707946    0.2630802  -0.23746385  0.18686311]
ClCC1C(CCl)C2(Cl)C(Cl)=C(Cl)C1(Cl)C2(Cl)Cl,[ 0.43805277  0.80645937 -0.6230739  -0.756375    0.02750343]
OCCNCCOc1ccc(C(=C(c2ccccc2)C(F)(F)F)c2ccccc2)cc1,[ 0.16628326  0.867858   -1.         -0.3327737   0.37073734]
C[C@@H]1NC(=O)[C@@H](C)NC(=O)[C@H](C)N(C)C(=O)[C@@H](C)N(C)C(=O)[C@@H](C)NC(=O)[C@H](C)N(C)C1=O,[-0.5121732   0.5169299  -0.7941263  -0.9923112   0.48681873]
O=[N+]([O-])c1nccs1,[-0.25279993  0.849945   -0.8219169  -0.63137376  0.85342956]
Clc1nc(Cl)nc(Cl)n1,[-0.16205433  1.         -0.8511268  -0.8931377   0.00311937]
OCCOCCN1CCN(C(c2ccccc2)c2ccccc2)CC1,[ 0.17608537  0.7398212  -0.74801344 -0.8313811  -0.08596716]
COc1ccc(C(=O)Nc2ccccc2CCC2CCCCN2C)cc1,[ 0.5817258   0.66264164 -0.2698709  -1.         -0.3959652 ]
CCC(C(=O)N1CCCCC1C(=O)OC(CCc1ccc(OC)c(OC)c1)c1cccc(OCC(=O)NCCNC(=O)COc2cccc(C(CCc3ccc(OC)c(OC)c3)OC(=O)C3CCCCN3C(=O)C(CC)c3cc(OC)c(OC)c(OC)c3)c2)c1)c1cc(OC)c(OC)c(OC)c1,[-0.01198423 -0.73983914 -0.38556805 -0.01398546 -0.11128004]
CCC1(CC)C(=O)NCC(C)C1=O,[ 0.47490102  0.79563963 -0.5810709  -0.92384666 -0.37616247]
CCOc1nc(C(Cl)(Cl)Cl)ns1,[-0.3587359   0.5118768  -0.96416366 -0.6024138   0.6762618 ]
O=[N+]([O-])OC1COC2C(O)COC12,[-0.08677966  0.958433   -0.93981045 -1.         -0.30920953]
N#CC1CC2CC2N1C(=O)C(N)C12CC3CC(CC(O)(C3)C1)C2,[ 0.29798645  0.9815493   0.47775194 -0.42641917 -0.42000824]
CC(C)(C)c1nnc(NS(=O)(=O)c2ccccc2)s1,[ 0.09573743 -0.07958596 -0.573418   -0.59276736  0.22703253]
CCOC(=O)c1c(C)cc2c(CO)n[nH]c(=O)c2c1C,[ 0.15065034  0.15503651  0.8771763  -0.60021216 -0.7115994 ]
Nc1ccc(N)cc1,[ 0.35363707  0.6025911  -0.65406334 -0.24403101  0.1490051 ]
O=C(OCCc1ccccc1)c1ccccc1,[ 0.35700464  0.8843318  -0.87037855  0.02450072  0.07412694]
CC(=O)NCCCS(=O)(=O)[O-],[ 0.28994903  0.8754457  -0.8174506  -0.6990168  -0.24231279]
CC(C)NCC(O)COc1ccc(COCCOC(C)C)cc1,[-0.6619457   0.8398909  -0.62897676 -0.58285934  0.06542194]
COc1cccc(OC)c1O,[-0.5288767  -0.00226505 -0.82261235 -0.85476327 -0.0619193 ]
O=C1C2CC3C1C1(Cl)C(Cl)C4(Cl)C2C3C1(Cl)C4(Cl)Cl,[ 0.6731563   0.78178525 -0.736959   -0.7236846  -0.18533716]
Nc1ccc(Cl)cc1,[ 0.6150252   0.60622    -0.94781405 -0.7700461  -0.01845606]
CCCOCCOC(=O)C1=C(C)NC(C)=C(C(=O)OCCOCCC)C1c1cccc([N+](=O)[O-])c1,[ 0.530396    0.8936849  -1.         -0.23132358 -0.27729988]
Nc1nc(O)c(Cl)c(-c2ccccc2)n1,[-0.5964072   0.7325877  -0.90762013 -0.78190213  0.8018262 ]
NC(=S)Cc1cccc2ccccc12,[ 0.17123847  0.13026069 -0.8096293  -0.66802055 -0.6890817 ]
CC[C@@]1(O)C(=O)OCc2c1cc1n(c2=O)Cc2cc3c(CN(C)C)c(O)ccc3nc2-1,[-0.46403685  0.5717633  -1.         -0.60045326  0.06129241]
ClCc1ccccc1,[ 0.31424752  1.         -0.48303214 -0.87173164  0.381192  ]
C=CC(=O)OCCOCC,[ 0.5250065   0.7359491  -0.7870517  -0.30411056 -0.49788237]
C=CC(C)CCCC(C)(C)O,[ 0.259892    0.46998772 -0.5516402  -0.7656192  -0.04781577]
Nc1nc(Nc2ccc(S(N)(=O)=O)cc2)nn1C(=O)c1c(F)cccc1F,[ 0.2858535   0.88419545 -0.8185843  -0.58117944 -0.23771288]
C[NH+](CCOc1ccc(NS(C)(=O)=O)cc1)CCc1ccc(NS(C)(=O)=O)cc1,[ 0.3557479  0.8291928 -0.9237119 -0.8273821  0.7100398]
NCCCC[C@H](N[C@@H](CCc1ccccc1)C(=O)O)C(=O)N1CCC[C@@H]1C(=O)O,[ 0.17890431  0.85394293 -0.6530299  -0.9808876  -0.19564968]
C=CCNC(=O)C(=O)C(CCC)NC(=O)C1CC2CN1C(=O)C(C1CCCCC1)NC(=O)Cc1cccc(c1)OCCC(C)(C)O2,[ 0.3389107   0.68101144 -1.         -0.55275697 -0.05528079]
N=C(NN=Cc1ccc(Cl)cc1)NN=Cc1ccc(Cl)cc1,[ 0.4236554   0.825591   -0.637075    0.03035082  0.05746881]
C(=NC1CCCCC1)=NC1CCCCC1,[ 0.30174932  1.         -0.65913016 -0.7465724  -0.18332464]
C#CCc1ccc(COC(=O)C2C(C=C(C)C)C2(C)C)o1,[ 0.10890203  0.3326343  -0.8664008  -0.68107986  0.25824037]
NC(=O)Nc1cccc2c3c([nH]c12)CCCC3,[ 0.3382264   0.48398605 -0.82489645 -0.48545462  0.15756655]
Cc1cc(Cl)ccc1OCC(=O)Nc1ccccc1,[-0.2523366   0.9329515  -0.68073916 -0.80665064 -0.48083764]
COP(=S)(OC)Oc1ccc(C#N)cc1C,[ 0.47384873  0.84056205 -0.3743967  -0.44739297  0.04239891]
CCCOP(=O)(OC=C(Cl)Cl)OCCCl,[ 0.13504778  0.4686942  -0.50521827 -0.70867294 -0.23398669]
CCN1CCCC1CNC(=O)c1cc(S(N)(=O)=O)ccc1OC,[-0.1791889   0.52415514 -0.76922697 -0.39362273 -0.26355988]
CC(C)(C)NC[C@H](O)COc1nsnc1N1CCOCC1,[-0.11679787  0.84209806 -0.8552241  -0.15098114 -0.23371264]
COc1cc(OC)c(S(=O)(=O)N(c2ccccc2)C(C)C)cc1NC(C)=O,[-0.24355157  0.7768428  -0.77049655 -0.58246857 -0.19370021]
Nc1ccn([C@@H]2O[C@H](CO)[C@@H](O)C2(F)F)c(=O)n1,[ 0.28884384  1.         -1.         -0.6006355  -0.06431836]
O=C(CN1CCNCC1)NN=Cc1ccc([N+](=O)[O-])o1,[-0.26201758  0.94331455 -0.8823405  -0.8634196   0.02295809]
CC#CCC(C)C(O)C=CC1C(O)CC2Oc3c(CCCC(=O)O)cccc3C21,[ 0.0956872   0.83568823 -0.3230123  -0.47575614 -0.16303344]
CC[C@H](C)C(=O)O[C@H]1C[C@H](O)C=C2C=C[C@H](C)[C@H](CC[C@@H](O)C[C@@H](O)CC(=O)O)[C@H]21,[ 0.05176292  0.7624482  -0.71933633 -0.90603524  0.74392384]
CC(C(=O)O)c1ccc(CC2CCCC2=O)cc1,[ 0.19735058  0.7271816  -0.5337198  -0.70951736 -0.18216302]
CC[C@H]1NC(=O)[C@@H](NC(=O)c2ncccc2O)[C@@H](C)OC(=O)[C@H](c2ccccc2)NC(=O)[C@@H]2CC(=O)[C@H](CS[C@@H]3CN4CCC3CC4)CN2C(=O)[C@H](Cc2ccc(N(C)C)cc2)N(C)C(=O)[C@@H]2CCCN2C1=O,[ 0.03433728 -0.93585426 -0.72565556 -0.7451763   0.02846872]
CC(=O)OC(C(Cl)(Cl)Cl)P(=O)(Oc1ccccc1)Oc1ccccc1,[-0.3140694  -0.08237364 -0.4391436  -0.8750868  -0.04677238]
CN(C)S(=O)(=O)N(SC(F)(Cl)Cl)c1ccccc1,[ 0.35855055 -0.9374347  -0.88605505 -0.37486553  0.36689517]
CCc1c2c(nc3ccc(O)cc13)-c1cc3c(c(=O)n1C2)COC(=O)[C@]3(O)CC,[ 0.0859767   0.85691035 -0.75048965 -0.81184    -0.02989787]
COc1c(OCc2ccc(-c3ccccc3-c3nnn[nH]3)cc2)cc(C)nc1C,[ 0.29385287  0.97788185 -0.848607   -0.43719885  0.43636027]
COP(=S)(OC)Oc1cnc2ccccc2n1,[ 0.05773986  0.24702229  0.20650217 -0.9365078   0.27365223]
CN1C(=O)CC(N2CCN(CCCN3c4ccccc4COc4ccc(CC(=O)O)cc43)CC2)N(C)C1=O,[ 0.0712082   0.8871563  -0.46968406 -0.39650965 -0.2615851 ]
CCOC(C)=Cc1oc2ccccc2[n+]1CCCS(=O)(=O)[O-],[ 0.03596268  0.87002516 -0.8239173  -0.64695776 -0.4023535 ]
CCc1nn(C2CCCC2)c2c1CCn1c(-c3cccs3)nnc1-2,[ 0.5757938   0.7953066  -0.7357759  -0.7406229  -0.09016298]
Cc1c(-c2c(C)c(N)c3c(C(C)C)c(O)c(O)c(C=O)c3c2O)c(O)c2c(C=O)c(O)c(O)c(C(C)C)c2c1N,[ 0.01021896 -0.65526164 -0.15445055 -0.44740376 -0.11753266]
CC(C)[N+](=O)[O-],[ 0.5443487   0.9133021  -0.7777121  -0.69696695 -0.55519074]
Cc1ccc(N=CN(C)SN(C)C=Nc2ccc(C)cc2C)c(C)c1,[ 0.12322549  1.          0.10583155 -0.39350033  0.23601013]
CC(C)CCCC1CCC(C)(C(=O)NCC(=O)O)CC1,[ 0.17214921 -0.04865526 -0.81420094 -0.90237516 -0.01067687]
COc1ccc(CC2NCC(O)C2OC(C)=O)cc1,[ 0.39593115  0.3777598  -0.775337    0.00111434 -0.08783939]
Nc1nc(-c2ccccn2)nc(N)c1Cc1ccc(Cl)cc1Cl,[ 0.14493522  0.9251665  -1.         -0.68742174 -0.372296  ]
Cn1cnc(S(=O)(=O)N(CCN(Cc2cncn2C)c2ccc(C#N)cc2)Cc2ccccc2)c1,[-0.19972523  0.5966411  -0.8218621  -0.9792025  -0.0892469 ]
CSCCNc1nc(SCCC(F)(F)F)nc2c1ncn2C1OC(COP(=O)([O-])OP(=O)([O-])C(Cl)(Cl)P(=O)([O-])[O-])C(O)C1O,[-0.46454266  0.41331014 -0.77833676 -0.3790309  -0.35584435]
C=C(C)c1cccc(C(C)(C)N=C=O)c1,[-0.07064284  0.8395951  -0.24802932 -0.88659966 -0.22401543]
NC(=O)c1cnc(N[C@@H]2CCCC[C@@H]2N)nc1Nc1cccc(-n2nccn2)c1,[-0.19936685  0.84567094 -0.9231863  -0.9617908   0.33977538]
COP(=O)(OC)Oc1ccc([N+](=O)[O-])c(Cl)c1,[ 0.38169754 -0.47438687 -1.         -0.68698716 -0.11449464]
Cn1c(=O)sc2cccc(Cl)c21,[-0.08338758  0.86194134 -0.28878796 -0.83881396 -0.33624318]
CCC(C)OC(CBr)c1ccc(Cl)cc1,[-0.7947437   0.70622975 -0.8470239  -0.68648416 -0.44748747]
CCCCSN(C)C(=O)Oc1cccc2c1OC(C)(C)C2,[ 0.34584048  0.9015054  -0.37336692 -0.7776364   0.5577809 ]
CC(=O)OC12COC1CC(O)C1(C)C(=O)C(O)C3=C(C)C(OC(=O)C(O)C(NC(=O)OC(C)(C)C)c4ccccc4)CC(O)(C(OC(=O)c4ccccc4)C21)C3(C)C,[-0.00920442  0.4457568  -0.69924015 -0.751764   -0.25729313]
CC(C)(C)c1cc([N+](=O)[O-])cc([N+](=O)[O-])c1O,[ 0.34153658  0.8125109  -0.70579034 -0.7479833  -0.27994716]
CC(=Cc1ccccc1)CC(=O)N1CCOCC1,[-0.50345373  0.91965556 -0.78622824 -0.5130869   0.46737382]
C=CC(=O)OCCOCCOC(=O)C=C,[ 0.5119749   0.8999255  -0.8903128  -0.88614875  0.19242394]
CC(C)(O)c1ccc(Nc2nc3ccc(C#N)cc3[nH]2)cc1,[ 0.20331755  0.10537544 -0.5807533  -0.66705304  0.03536944]
CC[C@@H]1OC(=O)[C@@H](C)[C@H](O[C@@H]2C[C@](C)(OC)[C@H](O)[C@@H](C)O2)[C@H](C)[C@H](O[C@@H]2O[C@H](C)C[C@H](N(C)C)[C@H]2O)[C@@](C)(O)C[C@@H](C)/C(=N\OCOCCOC)[C@H](C)[C@@H](O)[C@@]1(C)O,[-0.14646576  0.6180417  -0.4675708   0.60716754 -0.14689   ]
COc1ccc(CC(C)=O)cc1,[ 0.20931785  0.83482254 -0.7134179  -0.8401188   0.535378  ]
C=CCc1cc(OC)c2c(c1)OCO2,[ 0.14949235  0.80214894 -0.77127093 -0.4745861   0.3976121 ]
C#CC1(O)C=CC2C3CCC4=CC(=O)CCC4C3CCC21CC,[ 0.16860038  0.50620043 -0.9259998  -0.2649526  -0.38793957]
C(Oc1nc(OCC2CO2)nc(OCC2CO2)n1)C1CO1,[ 0.14195329  0.9183903  -0.6040852  -0.87513673  0.63942933]
CCCCOP(=O)(O)OCCCC,[ 0.57535917 -0.15386926 -0.83288527 -0.89233565  0.26828188]
CC1[NH2+]Cc2cc(-c3ccc4c(=O)c(C(=O)[O-])cn(C5CC5)c4c3OC(F)F)ccc21,[ 0.20155045  0.74927795 -0.7035852  -0.7611118  -0.25504014]
CN(C)C1C(O)=C(C(N)=O)C(=O)C2(O)C(O)=C3C(=O)c4c(O)cccc4C(C)(O)C3C(O)C12,[-0.11497561  0.7979332  -0.76024675 -0.8804326  -0.51617736]
CC[C@H](C)[C@H](NC(=O)[C@H](CCC(=O)[O-])NC(=O)[C@H](CCC(=O)[O-])NC(=O)[C@H](Cc1ccccc1)NC(=O)[C@H](CC(=O)[O-])NC(=O)CNC(=O)[C@H](CC(N)=O)NC(=O)CNC(=O)CNC(=O)CNC(=O)CNC(=O)[C@@H]1CCCN1C(=O)[C@H](CCCNC(N)=[NH2+])NC(=O)[C@@H]1CCCN1C(=O)[C@H]([NH3+])Cc1ccccc1)C(=O)N1CCC[C@H]1C(=O)N[C@@H](CCC(=O)[O-])C(=O)N[C@@H](CCC(=O)[O-])C(=O)N[C@@H](Cc1ccc(O)cc1)C(=O)N[C@@H](CC(C)C)C(=O)[O-],[-0.1564913   0.32242975 -0.65594435 -0.73722506 -0.08388158]
COP(=O)(OC)SC(CC(=O)OC(C)C)C(=O)OC(C)C,[ 0.4593738   0.90920186 -0.59475255 -0.44306666  0.10791349]
C=CC1=C(C)/C(=C\c2[nH]c(Cc3[nH]c(/C=C4/NC(=O)C(C)=C4C=C)c(C)c3CCC(=O)O)c(CCC(=O)O)c2C)NC1=O,[-0.60405475  0.7533083  -0.932657   -0.7834145  -0.3626096 ]
COc1c2ccoc2c(OCC2OC2(C)C)c2oc(=O)ccc12,[ 0.4158399   0.80653816 -0.5520437  -0.18749161 -0.23319985]
CCOP(=S)(OCC)SCSCc1ccccc1,[-0.26704523  0.88407207 -0.7510754  -0.6721043   0.04900569]
C[C@@H](NC(=O)C1CCCCN1C)c1ccc(Nc2ncc3cc(-c4ccncc4)ccc3n2)cc1,[ 0.10142829  0.86549675 -0.7819099  -0.69962084 -0.20167135]
CCCCC(CC)COCCO,[-0.49140438  0.8327396  -0.72855425 -0.675896   -0.6249944 ]
CP(=S)(Oc1ccccc1)Oc1ccc(C#N)cc1,[ 0.339451    0.64621294 -0.5573685   0.42650273 -0.1024963 ]
COC(=O)c1c(Cl)cccc1-c1cnc([C@@H](C)NC(=O)C2(NC(=O)C(F)(F)F)CC2)c(F)c1,[ 0.18717097  0.5518155  -0.948742   -0.7159805   0.14781637]
C=C(C)C(=O)OCCOC(=O)C(=C)C,[ 0.21262549  0.74277085 -0.07452314 -0.23233709  0.14027248]
CC(O)C#N,[-0.5027882   0.84003603  0.1286965  -0.6940503  -0.36555097]
C[NH+]1CCc2cccc3c2C1Cc1ccc(O)c(O)c1-3,[ 0.34284323  0.45514587 -0.90629053 -1.          0.12427756]
CCNC(=O)C(C)OC(=O)Nc1ccccc1,[ 0.29445273  0.63473964 -0.7570493  -0.6395576  -0.6544773 ]
Clc1ccc(N2N=NC3C4CC(C5N=NC45)C32)cc1,[ 0.2345975   0.83595186 -1.         -0.73951906 -0.23372407]
N#Cc1ccc(F)c(-c2cc(C(F)(F)F)ccc2OCC(=O)O)c1,[ 0.46560752  0.55496705 -0.8668625  -0.09604318  0.06993226]
FC(F)(F)c1nc2c(I)cc(I)cc2[nH]1,[-0.05718802  0.8959858  -0.6433918  -0.8255473   0.36086816]
Cc1ccc2c(c1)c(S(=O)(=O)c1ccc(Cl)cc1)c(C)n2CC(=O)O,[ 0.38780895  0.11067628 -1.         -0.3012619  -0.02155295]
COc1ccc(NC(=O)CF)cc1,[ 0.6846981   0.6813104  -0.8832221  -0.6858153  -0.03381105]
Cn1c(COP(=O)(NCCBr)NCCBr)cnc1[N+](=O)[O-],[ 0.10814184  0.8864038  -0.97097445  0.20949976  0.1354856 ]
CC1CCC2(O)C3(C)CC4(O)OC2(C1O)C1(O)C3(O)C(OC(=O)c2ccc[nH]2)C(O)(C(C)C)C41C,[-0.23624367  0.89098275 -0.7808839  -0.69289935  0.02591955]
COc1cc(Nc2nc(N[C@@H](C)c3ncc(F)cn3)ncc2Br)n[nH]1,[ 0.66787     0.6181158  -0.06767196 -0.04545544 -0.67163986]
Cc1cnc(NC(=O)C2=C(O)c3ccccc3S(=O)(=O)N2C)s1,[ 0.39351818 -0.15584466 -0.7888506  -0.8176034  -0.2603404 ]
C[C@@H]1O[C@@H](O[C@@H]2[C@@H](O)[C@H](OCCc3ccc(O)c(O)c3)O[C@H](CO[C@@H]3O[C@H](CO)[C@@H](O)[C@H](O)[C@H]3O)[C@H]2OC(=O)/C=C/c2ccc(O)c(O)c2)[C@H](O)[C@H](O)[C@H]1O,[-0.17060518  0.91758204 -0.98031217 -0.5582543  -0.3301803 ]
CCOC(=O)c1noc(C)c1C(C)=O,[ 0.37298897 -0.24165824 -1.         -0.8152834   0.00168621]
CC(=O)N1CCN(c2ccc(OC[C@H]3CO[C@](Cn4ccnc4)(c4ccc(Cl)cc4Cl)O3)cc2)CC1,"[ 6.5896523e-01  5.0958824e-01 -8.4044480e-01  4.6472298e-04
 -1.6388553e-01]"
C1C[SiH2]C1,[ 0.3026907   0.505938   -0.89367557 -0.9209128  -0.1467793 ]
CN(C)CCOc1cc(NS(=O)(=O)c2c(Cl)cc(C(F)(F)F)cc2Cl)ccc1Cl,[-0.06427161  0.7337687  -0.98075444 -0.5754067  -0.16629274]
O=[N+]([O-])c1ccc(Cl)c([N+](=O)[O-])c1,[ 0.47864348  0.07883241 -0.9382685   0.2639155   0.04641552]
COc1nc(C)nc(Cl)c1NC1=NCCN1,[ 0.04939356  0.77426577 -0.7887674  -0.6754842  -0.3643053 ]
COc1ccc2c3c1OC1C(O)C=CC4C(C2)[N+](C)([O-])CCC341,[-0.29258704  0.8138199  -0.66864973 -1.         -0.3706671 ]
CCOC(=O)Nc1ccc(NCc2ccc(F)cc2)cc1N,[ 0.09079859  0.7433721  -0.97369194 -0.98814386 -0.39715293]
C[Si](C)(C)CCCC(=O)O,[ 0.35203114  0.78787047 -0.18276393 -0.5686143  -0.22048275]
CCc1cc2c(s1)-n1c(C)nnc1CN=C2c1ccccc1Cl,[ 0.19809234  0.9019851  -0.748823   -0.8074052  -0.42720318]
O=C1CC(N2C(=O)c3ccccc3C2=O)C(=O)N1,[-0.08188544  0.15290721 -0.4377699  -0.64260525 -0.15558395]
CCOP(=S)(Oc1cccc2cccnc12)c1ccccc1,[ 0.11049802  0.7080148  -0.7200232  -0.3548045   0.3320329 ]
OCc1cc(C(O)C[NH2+]CCCCCCOCCOCc2c(Cl)cccc2Cl)ccc1O,[ 0.49922925  0.867893   -0.7951367  -0.5984845   0.50074714]
Cc1nc(C(F)(F)F)ccc1C(=O)Nc1ccc(Cl)c(-c2ccccn2)c1,[ 0.35043687  0.50910795 -0.2370571  -0.23514676 -0.03167586]
Oc1nc(-c2ccccc2)nc2ccccc12,[ 0.47234356  0.30209413 -0.7837697  -0.80271333  0.04069237]
C=CC(=O)OCCOC(=O)CC(C)=O,[ 0.413655    0.86910343 -0.8335279  -0.9860718   0.14632249]
CC(NC(C)c1ccccc1)c1ccccc1,[ 0.32165352  0.93922544 -0.9198095  -0.6817602  -0.13484743]
c1ccc(OP(Oc2ccccc2)Oc2ccccc2)cc1,[ 0.6798674   0.7338594  -1.         -0.69693196  0.10315006]
COP(=S)(OC)SCSCC=C(Cl)Cl,[ 0.2156597   0.66123945  0.16869654 -0.445895   -0.07571148]
COc1cc2nc(N3CCN(C(=O)C4COc5ccccc5O4)CC3)nc(N)c2cc1OC,[ 0.35078505  0.9360637  -0.95720124 -0.28176522  0.573594  ]
Cc1cccc([N+](=O)[O-])c1[N+](=O)[O-],[ 0.19449797  0.91020066 -0.81655127 -0.349453    0.09791724]
CCCCOC(=O)CC(SC(CC(=O)OCCCC)C(=O)OCCCC)C(=O)OCCCC,[-0.07017731  0.57588965 -0.6478705  -0.06748024  0.07200908]
Nc1cccc(N)c1,[ 0.02675563  0.8694502  -0.31281582 -0.6309734  -0.09673395]
CON=C(Cc1cccnc1)c1ccc(Cl)cc1Cl,[ 1.          0.3950964  -0.63489515 -0.19507648 -0.42960727]
CC1CCC(C(C)C)C(O)C1,[ 0.03398243  0.61661243  0.60359186 -0.56971663  0.11265529]
CCOP(=S)(OCC)Oc1ccc([N+](=O)[O-])c(C)c1,[ 0.10266645  1.         -0.86546624 -0.0209319   0.28379974]
COC(=O)c1cc([N+](=O)[O-])ccc1Cl,[ 0.36136845  0.841718   -0.6959804  -0.8096752  -0.01340364]
COC(=O)C1=C(C)NC(C)=C(C(=O)OCCN(C)Cc2ccccc2)C1c1cccc(N(O)O)c1,[-0.17825937  0.782139   -0.6117468  -0.8667359  -0.597098  ]
C[NH2+]C(C)Cc1ccccc1,[-0.24777637 -0.04697714 -0.8500192  -0.83884364  0.25282007]
CS(=O)(=O)c1nc(-c2ccc(F)cc2)n(-c2ccc(Cl)cc2)n1,[-0.30970633  0.8437582  -0.605599   -0.8633375  -0.14764883]
CCC(c1ccccc1)c1c(O)c2ccccc2oc1=O,[ 0.04167342  0.89723074 -0.89123166 -0.91891426 -0.3803914 ]
CN(CCOc1ccc(CC2SC(=O)NC2=O)cc1)c1ccccn1,[ 0.02764068  0.78599954  0.1766196  -0.9589497  -0.16821788]
Cc1ccc(CO)cc1N(C)c1ccnc(Nc2cc(N3CCCOCC3)cc(N3CCOCC3)c2)n1,[ 0.13705087  0.6005353  -0.96627825 -0.541791    0.12595634]
COP(=O)(OC)ON1C(=O)c2cccc3cccc(c23)C1=O,[-0.15287717  0.855423   -0.77485615 -0.22004382  0.19850782]
CCC(C(=O)O)c1ccc(CC(C)C)cc1,[ 0.16778742  0.77345645 -0.60296106 -1.          0.09383292]
CC(C)NCC(O)c1ccc(O)c(O)c1,[-0.25397956  0.9152759  -0.37778348 -0.3366127   0.01889108]
CCC[C@H](NC(=O)[C@@H]1[C@H]2CCC[C@H]2CN1C(=O)[C@@H](NC(=O)[C@@H](NC(=O)c1cnccn1)C1CCCCC1)C(C)(C)C)C(=O)C(=O)NC1CC1,[ 0.49131116  0.39079368 -0.79810107 -0.8824688  -0.04093425]
C[C@H](CSN=O)C(=O)N1CCC[C@@H]1C(=O)O,[ 0.16312672  0.88087887 -0.89817965 -1.          0.19616608]
Cc1cn([C@H]2CCCN(S(=O)(=O)c3ccc(C#N)c(Oc4cccc(Cl)c4)c3)C2)c(=O)[nH]c1=O,[ 0.45672002  0.4940694   0.3022807  -0.38428485 -0.15785407]
O=C(O)c1ccccc1C(=O)Nc1cccc2ccccc12,[-0.4627229   0.70595497 -0.7400797  -0.8998172  -0.12584615]
CN(C)S(=O)(=O)CCCCCNC(=O)N(CCCl)N=O,[-0.47020158  0.8253144  -0.9674722  -0.97798896 -0.2624843 ]
O=P([O-])([O-])C(O)(Cn1ccnc1)P(=O)([O-])O,[-0.76642203  0.8867083  -0.69253665 -0.6572907   0.089696  ]
CC1(C)C(C=C(Cl)Cl)C1C(=O)OCc1c(F)c(F)c(F)c(F)c1F,[ 0.41154152  0.65066504 -0.7896964  -0.657414    0.19772972]
O=C(O)COc1ccc(C(=O)CN2CCN(C3CCNCC3)CC2=O)cc1,[ 0.46871728  0.8571949  -0.70758367 -1.         -0.06018819]
CC(C)OCCCO,[ 0.69348913  1.         -0.33038622 -0.41176507 -0.01072674]
CC(O)COC(C)CP(CC(C)OCC(C)O)CC(C)OCC(C)O,[-0.11231965  0.75097126 -0.73914623 -0.93063295  0.22691682]
C=CCN1CCC23CCCCC2C1Cc1ccc(O)cc13,[ 0.05831511  0.752178   -0.02230703 -0.6175801  -0.21067132]
CC(Cl)(Cl)[N+](=O)[O-],[-0.17852585  1.         -0.64408034 -0.68458825 -0.35575134]
COc1ccc(N)c([N+](=O)[O-])c1,[ 0.23379184  0.8540802  -0.7446809  -0.99053127 -0.10056209]
CCN[C@@H]1C[C@H](N)[C@@H](O[C@H]2OC(CN)=CC[C@H]2N)[C@H](O)[C@H]1O[C@H]1OC[C@](C)(O)[C@H](NC)[C@H]1O,[ 0.09053333  0.70126486  0.05669017 -0.59319705 -0.22626032]
Cc1c(C(=O)NCCO)[n+]([O-])c2ccccc2[n+]1[O-],[ 0.24521878  0.6443185   0.70251447 -0.09987461 -0.25469196]
CC1(C)C2CCC1(C)C(O)C2,[ 0.3455143  -0.7799142  -0.49939013 -0.27118382 -0.01679492]
CC(CO)Oc1ccccc1,[ 0.03484499  0.8873582  -0.6678056  -0.64638513 -0.49093452]
CCCCCCN,[-0.51225865  0.99229705 -0.09018144 -0.59334856  0.18868877]
CNC(=O)c1cccc2c(Nc3ccc(NS(C)(=O)=O)cc3OC)c3cccc(C)c3nc12,[-0.0374585  0.6225488 -0.7331059 -0.4412013  0.8944664]
C[C@@H]1NC(=O)[C@@H](C)N(C)C(=O)[C@H](C)N(C)C(=O)[C@@H](C)N(C)C(=O)[C@@H](C)N(C)C(=O)[C@H](C)NC1=O,[ 0.40954527  0.63996077 -0.87746656 -0.10224685 -0.00970402]
CNC(=O)Oc1ccccc1C1OCCO1,[-0.09740818  0.23060217 -0.47791678 -0.81127506 -0.28081357]
COP(=S)(OC)Oc1ccc(S(N)(=O)=O)cc1,[ 0.19344757  0.31800878 -1.         -0.77787566  0.5863145 ]
Cc1cc(Cl)ccc1OCCCC(=O)O,[ 0.35859305  0.78906006 -0.84138256 -0.6577338   0.06827615]
O=c1[nH]c(=O)c2ccccc2o1,[-0.5964611   0.8671476  -0.59415007 -0.65295804 -0.06076472]
CC(C)(C)NCCO,[-0.05585735  0.91769475 -0.9358249  -0.71635115 -0.00263536]
COc1ccccc1NC(=O)CC(C)=O,[-0.56459767  0.6313241  -0.86317164 -0.65534216  0.18865484]
CC(=O)[C@H]1CC[C@H]2[C@@H]3CC[C@@H]4C[C@H](O)CC[C@]4(C)[C@H]3CC[C@]12C,[-0.23528944  0.93679875 -0.9218344  -0.81453776 -0.31990892]
CCCOCCN(C(=O)CCl)c1c(CC)cccc1CC,[ 0.43634182  0.7609742  -0.76658475 -0.09968758  0.33448115]
COC(C)CC(=O)O,[ 0.28966156  0.76371115 -0.84532845 -0.72438914 -0.5742038 ]
C=CC(=O)OCCCCCCOC(=O)C=C,[ 0.20599176  0.6593985  -0.58620906 -0.8097817  -0.3624944 ]
Cc1ccc2nc(C[N+]34CCC(CC3)[C@@H](OC(=O)[C@](C)(c3ccccc3)N3CCCCC3)C4)oc2c1,[ 0.6968852  0.750001  -0.7827852 -0.2800731 -0.5678401]
CCCCC(CC)CNCC(C)(N)CN(C)CC(CC)CCCC,[ 0.19962728  0.12197503 -0.44951552  0.4387855   0.393372  ]
CC[C@H](CO)NC(=O)[C@H]1C=C2c3cccc4[nH]cc(c34)C[C@@H]2N(C)C1,[ 0.14407079  0.23016137 -0.62814856 -0.74381036 -0.21761553]
COc1cc2ncc(C(N)=O)c(Nc3ccc(C)cc3F)c2cc1OC,[ 0.3436666   0.85160136 -0.63928914 -0.81894106 -0.12530552]
CN(SSC(C)(C)C)C(=O)ON=C1SCCS1,[ 0.52095723  0.3938373  -0.98878783 -0.45587867 -0.4516565 ]
CC(O)C(=O)Nc1c(I)c(C(=O)NC(CO)CO)c(I)c(C(=O)NC(CO)CO)c1I,[ 0.21475694  0.6711765   0.5895249  -0.2751086  -0.38251692]
CCCS,[ 0.18450561  1.         -0.8801919  -0.3839779  -0.21404538]
Cc1ccc(S(=O)(=O)Nc2c(C(=O)N[C@@H](C)C(C)(C)C)c(C)nn2C(C)C)cc1,[-0.2615284   0.780504   -0.8731399  -0.73585784 -0.28779128]
COP(=O)(SC(C)C)SC(C)C,[ 0.16053085  0.70536894 -0.21222991  0.05094367 -0.46269065]
COCOCCO,[ 0.0522162   0.6667226  -0.6554781  -0.04303661 -0.05501936]
COc1c(Cl)ccc(Cl)c1C(=O)OCCN(CCOC(=O)c1c(Cl)ccc(Cl)c1OC)c1ccccc1,[ 0.15794387  0.6681567  -0.86791724 -0.7084553   0.56087726]
CC(c1ccccn1)c1c(CC[NH+](C)[14CH3])sc2ccccc12,[-0.24723502  0.80026376  0.3985965  -0.13423496 -0.1772335 ]
O=c1oc(-c2ccccc2)nc2ccccc12,[-0.05179797  0.76700014  0.2893302  -0.7454676   0.21349588]
S=C1NCCC(COc2ccccc2)O1,[-0.20878561  0.7395471  -0.93083626 -0.8400388   0.6231446 ]
Cc1c(OC2CCN(CC3CCN([C@@](C)(Cc4ccc(F)cc4)C(=O)O)CC3)CC2)ccc(Cl)c1Cl,[ 0.16611518  0.54205686 -1.         -0.789395    0.6049216 ]
Cc1ccccc1S(=O)(=O)NC(=O)N1CCC(N2CCC(Oc3ccc(Cl)c(Cl)c3)CC2)CC1,[ 0.18437558  0.9023613  -1.         -1.         -0.39958876]
CCCCN(CCCC)SN(C)C(=O)ON=CC(C)(C)SC,[ 0.28007635  0.7790671  -1.         -0.67166823 -0.42608842]
O=c1[nH]cnc2c1ncn2[C@H]1CC[C@@H](CO)O1,[-0.4507477   0.8328507  -0.86615163 -0.65675944  0.0472804 ]
CCOc1cc2nnc(C(N)=O)c(Nc3ccc(F)cc3F)c2cc1N1CCN(C)CC1,[ 0.10607364  0.53375    -0.7312547  -0.98178816  0.70393854]
CC(C)c1cccc(C(C)C)c1O,[ 0.7023046  -0.61305004  0.26005358 -0.21674006 -0.43900153]
CCN(CC)c1ccc2c(C)cc(=O)oc2c1,[ 0.7882024   0.42275614 -0.86942637 -0.7398565  -0.16997793]
CCCSP(C)(=S)SC(CC(=O)OCC)C(=O)OCC,[-0.17885463  0.8211385   0.3087802  -0.20487607  0.34014416]
C=CC[NH+]1CCCC1CNC(=O)c1cc(S(=O)(=O)NC)c(N)cc1OC,[ 0.3368744   1.          0.05321742 -0.24675171 -0.06392389]
Cc1cc(Nc2nc(N[C@@H](C)c3ccc(F)cn3)c(C#N)cc2Cl)n[nH]1,[ 0.34204483  0.7551859  -0.21253255 -0.8746064  -0.3630208 ]
C=CCSP(=O)(NC(=O)CC)OC,[-0.33965385  0.7573781  -0.5286716  -0.5236094  -0.11996796]
CC(=O)Oc1cccc(Oc2ccc(C(F)(F)F)cc2Cl)c1,[ 0.38307366  0.81145877 -0.69905514 -0.6671689  -0.24975602]
CCOc1ccccc1-c1ccc(-c2nc3ccncc3c(O)c2C#N)cc1,[ 0.36735457  0.7522913  -0.87190735 -0.5300701   0.10440043]
CNC(=N)c1cccc(CC(CC(=O)N2CCC(C)CC2)NS(=O)(=O)c2ccc3ccccc3c2)c1,[-0.6491992   0.18961132 -0.38810056  0.20690545  0.15285094]
CCCCOP(=O)(OCCCC)Oc1ccccc1,[ 0.28782454  0.90296644 -1.         -0.91529655 -0.42696843]
Nc1ccc(O)c([N+](=O)[O-])c1,[-0.01807377  0.8739486  -0.81281966 -0.7511075  -0.06102279]
Cc1c(OCC(F)(F)F)ccnc1CS(=O)c1nc2ccccc2[nH]1,[ 0.2327811  -0.46160445 -0.62148917 -0.67266446 -0.3137802 ]
CC1CCC(N)CC1N,[-0.12617548  0.8456485  -0.6008442   0.3872524  -0.18968146]
CNC(=O)[C@@H]1Cc2cn(cn2)CC(=O)N2CCC[C@H]2C(=O)N[C@@H](C)C(=O)N1C,[-0.12621179  0.79603654 -0.78661764 -0.8118399  -0.02156164]
Cc1cnc(Nc2cc(N3CCOCC3)nc(N[C@@H](C)c3ncc(F)cn3)n2)s1,[ 0.4194134   0.6401415  -0.8219602  -0.10575909 -0.08497985]
ClC(Cl)(Cl)c1ccc(C(Cl)(Cl)Cl)cc1,[ 0.04144521  0.34937453 -0.7049617   0.31488824  0.2005676 ]
Clc1cc(Cl)cc(Cl)c1,[ 1.         -0.29451036 -0.7565427  -1.          0.6155588 ]
CN(C)NC(=O)CCC(=O)O,[ 0.12960553  0.3426006  -0.90679187 -0.45251402 -0.1776357 ]
CC(C)OCCO,[-0.456777    0.5325383  -0.6582188  -0.8636985  -0.26961237]
CC(=O)CCC(C)=O,[-0.27119637  1.         -0.6486095  -0.9391763  -0.34386155]
C/C=C/c1cc(OC)c2c(c1)C(C)C(c1cc(OC)c(O)c(OC)c1)O2,[ 0.38805974  0.43934157 -0.55068254 -1.         -0.17719264]
COc1ccc(-c2nc3c(NCCCNC(C)=O)c(Br)cnc3[nH]2)cc1,[-0.1081764   0.81335044 -0.83152795 -0.4862628  -0.2880397 ]
COc1ccc(Oc2ccc(NC(=O)N(C)C)cc2)cc1,[ 0.2557322   0.71164656 -0.7471269  -0.5032396  -0.2963478 ]
C=CCOc1ccccc1C(N)=O,[ 0.34687278  0.0471511  -0.7487339  -0.740873   -0.09456147]
