CCCCCC(=O)O,[ 0.34200117  0.68538284 -0.77880347 -0.77668047 -0.09854541]
CSCCC(OC(C)=O)C(=O)O,[ 0.46315777  0.6626205  -0.8297681  -0.5933662   0.5897737 ]
Cc1ccc(N=C=O)cc1N=C=O,[-0.24070904  0.71548504 -0.8635752  -0.9204973  -0.10309413]
ClCC1C(CCl)C2(Cl)C(Cl)=C(Cl)C1(Cl)C2(Cl)Cl,[ 0.847697    0.73183775 -0.5742128  -0.5729392  -0.16380258]
CCCCN(CCCC)SN(C)C(=O)ON=CC(C)(C)SC,[ 0.04346844  0.40993702 -0.7795173  -0.5528913  -0.30433   ]
C=CCc1ccccc1OCC(O)C[NH2+]C(C)C,[ 0.4004001   0.7200045  -0.765685   -0.5818432  -0.52163446]
COc1ccc(CC2c3cc(OC)c(OC)cc3CCN2C)cc1OC,[ 0.16657986  0.9657594  -0.81094044 -1.          0.09500575]
CC(=O)Nc1ccc(C)c(NS(=O)(=O)C(F)(F)F)c1,[-0.28273517  0.00775629 -0.12574084 -0.40020692 -0.28186402]
Cc1cccc([N+](=O)[O-])c1[N+](=O)[O-],[-0.11983886  0.92209244 -0.6371468  -0.5505368   0.45905074]
CN(C)N(C)N=O,[-0.10193514  0.7316571  -0.86733294 -1.          0.5073473 ]
CNc1c(C(N)=O)cnc2[nH]c(-c3ccc(OCCN4CCOCC4)cc3)nc12,[-0.06420119  0.66756666 -0.68790215 -0.7784617   0.48394233]
COC(=O)Cc1ccccc1,[-0.23915339  0.86975396 -1.         -0.7327325  -0.28302574]
CN,[ 0.67590684  0.6951694  -0.89152235  0.26891503 -0.5870179 ]
CCN(CC)c1ccc(-c2nc(=O)n(C)nc2-c2ccc(N(CC)CC)cc2)cc1,[ 0.00956519  0.03483915 -0.5572485   0.34806287  0.42190254]
COP(=S)(OC)Oc1nc(Cl)c(Cl)cc1Cl,[ 0.36739498  0.6205087  -0.8223802  -0.7249049  -0.2452099 ]
C1COCCOCCNCCOCCOCCN1,[ 0.08329981  0.7722224  -0.79986423 -1.          0.1910534 ]
CC(=O)CCC(C)=O,[-0.1996484   0.85770375 -0.9664244  -0.7439218  -0.32707053]
CC(NC(C)c1ccccc1)c1ccccc1,[ 0.3811608   0.8221864  -0.719321   -0.29182398  0.26916537]
C[C@@H]1NC(=O)[C@@H](C)N(C)C(=O)[C@@H](C)N(C)C(=O)[C@H](C)NC(=O)[C@H](C)N(C)C(=O)[C@@H](C)N(C)C1=O,[ 0.36298165  0.15163784 -0.6532695  -0.34681046  0.02097592]
O=c1cc(Cn2c(C3CCC3)nc3nccnc32)c2ccc(F)c(F)c2[nH]1,[ 0.09170771  0.80291784 -0.96454644 -0.5393996   0.422999  ]
C=C(C)C(=O)OCCOC(=O)C(=C)C,[ 0.16322868  0.37333897 -0.20684762 -0.977515    0.22827542]
[NH3+]C(C(=O)NC1C(=O)N2C(C(=O)[O-])=C(CSc3c[n-]nn3)CSC12)c1ccc(O)cc1,[ 0.26236618  0.910059   -0.06620782  0.19914234 -0.04401343]
Cc1ccc2c(c1)c(S(=O)(=O)c1ccc(Cl)cc1)c(C)n2CC(=O)O,[ 0.26807442  0.19856322 -1.         -0.5904827  -0.13574208]
O=C(O)COc1ccc(C(=O)CN2CCN(C3CCNCC3)CC2=O)cc1,[ 0.68962175  0.670959   -0.83291733 -0.5163592   0.15052244]
O=C1CCc2ccccc2O1,[ 0.21191356 -0.18884751 -0.58754575 -0.2779787   0.8558079 ]
O=C(C(F)(F)Cl)C(F)(F)Cl,[-0.32268003  0.976632   -0.8982657  -0.34610727 -0.2222013 ]
CO/N=C(\C(=O)N[C@@H]1C(=O)N2C(C(=O)O)=CCS[C@H]12)c1csc(N)n1,[-0.27789772  1.         -1.         -0.9184569   0.7070571 ]
O=C1c2ccccc2N(C(=O)CN2CCOCC2)CN1c1ccccc1,[ 0.46297652  0.61771137 -0.83331114 -0.1602885  -0.176579  ]
CCC(C)C(CC)C(N)=O,[ 0.22318466  0.6543264  -0.86280155 -0.5398492  -0.16093245]
CC(=O)OCc1ccc(C(C)C)cc1,[-0.19303115  1.         -0.8086423  -0.97918403 -0.20133033]
CCOP(=O)(OCC)Oc1ccc(S(C)(=O)=O)c(C)c1,[-0.2813668   0.78313404 -1.         -0.5484107  -0.06408604]
COc1cc2c(cc1OC)C(CCc1ccc(Cl)cc1)N(C)CC2,[ 0.41297227  0.6939793   0.3667384  -0.23899339 -0.32695615]
CC(C)N(C(=O)SCC(Cl)=C(Cl)Cl)C(C)C,[ 0.68817556  0.82949436 -0.47623837 -0.8799298   0.21289232]
CNC(=O)Nc1nnc(C(C)(C)C)s1,[ 0.04091145  0.92163956 -1.         -0.59069324 -0.0128885 ]
CCCCCCOCCOCCO,[ 0.10478897 -0.29426983 -0.48673576 -0.48057944  0.44698393]
NCC(O)CO,[ 0.20948449  0.9709111  -1.         -0.89256996  0.32193846]
O=[N+]([O-])OCC(O)CO,[ 0.17170548  0.7996156  -1.         -1.          0.12112225]
COc1cc(-c2cc(=O)c3c(O)cc(O)cc3o2)cc(O)c1OC,[ 0.26169965  0.8358891  -0.96835434 -0.80751836 -0.45368564]
O=C(c1csc2c1CCCC2)N1CCCCC1,[ 0.03558025  0.86322814 -0.69492203 -0.70900255 -0.05196995]
CN(C)c1ccc(O)c2c1CC1CC3C([NH+](C)C)C([O-])=C(C(N)=O)C(=O)C3(O)C(O)=C1C2=O,[ 0.23901133  0.7420848  -1.         -0.658692    0.5628285 ]
Cc1c(Sc2ccc(Cl)cc2)c2c(-c3ccccc3)cccc2n1CC(=O)O,[ 0.3021503   1.          0.10022426 -0.5285104   0.3518283 ]
O=C(CCl)OCCOCCO,[-0.31046733  0.47305343 -0.80412334 -1.          0.20618017]
CC1CS(=O)(=O)CCN1N=Cc1ccc([N+](=O)[O-])o1,[ 0.5097605   0.72014326 -1.         -0.34281722  0.13234533]
C=C(Cl)C#N,[ 0.26283666  0.9727113  -1.         -0.8796428  -0.35086015]
Cc1cc(OC(=O)N(C)C)n(C(C)C)n1,[-0.2682066   0.8351783  -0.37859127  0.65305513  0.33519962]
CC(C)(C)NCCO,[ 0.24516085  0.89545554 -0.6783825  -0.5920096  -0.5365641 ]
CC(=O)OC(C)(C)C1CC=C(C)CC1,[ 0.37365556  0.8014627  -0.77635664 -0.53636855 -0.14186265]
Cc1nn(C2CCCCC2)c(N)c1-c1ccccc1,[ 0.13118456  0.92793036 -0.91812164 -0.7712384  -0.34651327]
CCC(CC)C(=O)OCCOCCOCCOC(=O)C(CC)CC,[ 0.20551847  0.898095   -0.504931    0.02994012  0.0989539 ]
Cc1ccc(S(=O)(=O)Nc2c(C(=O)NC3CCCCC3)c(C)nn2-c2ccccc2)cc1,[ 0.5488337   0.797773   -0.74002403 -0.7864174  -0.04883591]
CC(C)(C)c1cc(CCC(=O)OCCSCCOC(=O)CCc2cc(C(C)(C)C)c(O)c(C(C)(C)C)c2)cc(C(C)(C)C)c1O,[ 0.42236525  0.759142   -0.78439695 -0.7815347  -0.05230072]
COC(=O)C1=C(C)NC(C)=C(C(=O)OCCN(C)Cc2ccccc2)C1c1cccc([N+](=O)[O-])c1,[ 0.1165487   0.7841057  -0.70741713 -0.9838853  -0.26155666]
N[C@H]1CCN(c2c(Cl)cccc2/C=C2\SC(=O)NC2=O)C1,[-0.09889542  1.         -0.75347775 -0.8517448  -0.13732465]
CC(=O)OC12COC1CC(O)C1(C)C(=O)C(O)C3=C(C)C(OC(=O)C(O)C(NC(=O)OC(C)(C)C)c4ccccc4)CC(O)(C(OC(=O)c4ccccc4)C21)C3(C)C,[-0.16485229  0.87429434 -0.65804785 -0.6870676  -0.04068481]
CN[C@@H](C)[C@@H](O)c1ccccc1,[-0.29606864  0.8917688  -0.734008   -0.61920905  0.72530735]
CCC[C@H](NC(=O)[C@@H]1[C@H]2CCC[C@H]2CN1C(=O)[C@@H](NC(=O)[C@@H](NC(=O)c1cnccn1)C1CCCCC1)C(C)(C)C)C(=O)C(=O)NC1CC1,[ 0.52774715  0.54937124 -0.7836689  -0.81615895 -0.27416813]
Cc1cccc(N)c1C,[ 0.29406297  0.8617257  -0.7112668  -0.7020513  -0.15073965]
COc1cc(Nc2nc(N[C@@H](C)c3ncc(F)cn3)ncc2Br)n[nH]1,[ 0.28395888  0.8532557  -0.47849485 -0.96173525 -0.61055356]
C=C(C)CN(CC)c1c([N+](=O)[O-])cc(C(F)(F)F)cc1[N+](=O)[O-],[ 0.57863706  1.         -0.50222063  0.06169198 -0.28281745]
CCC(C)(C)OC(=O)Nc1ccco1,[ 0.6799012   0.70136297 -0.99360985  0.18847364 -0.21145527]
CCC(=O)NC[C@H]1CN(c2ccc(-c3nncs3)c(F)c2)C(=O)O1,[-0.33631715  0.7834596  -0.8430524  -0.4528131   0.16371207]
CC(C)=C1CCC(C)CC1=O,[ 0.3369591   0.8132299  -0.8751782  -0.517227    0.08803302]
OCCN(CCO)CCO,[-0.18606098  0.7860011  -0.6826599  -0.41396502 -0.2834741 ]
C=CCNC(=S)Nc1ccccc1,[-0.34680808 -0.9075046  -1.         -0.39640146 -0.09138362]
CCOP(=O)(Cl)Cl,[-0.2514026   0.97497493 -0.38161737 -0.9321517  -0.10526139]
CCCCOP(=O)(O)OCCCC,[ 0.39198947 -0.6778447  -0.7111493  -1.         -0.10292803]
CN(C)CCCNCCCN(C)C,[ 0.52987313  0.43208417 -0.8850248   0.31084794  0.49244544]
COP(=S)(OC)Oc1cnc2ccccc2n1,[ 0.42288935  0.4705223  -0.95080006 -0.81203514  0.3413421 ]
CC(=O)C1(O)Cc2c(O)c3c(c(O)c2C(OC2CC(N4CC4)C(OS(C)(=O)=O)C(C)O2)C1)C(=O)c1ccccc1C3=O,[ 0.14497524  0.95180655 -0.54427874 -0.23388617 -0.26233777]
C=C(C)C1CC=C(C)C(O)C1,[ 0.06737151  0.76492846 -0.14871617 -0.61490387 -0.08733596]
C[Si](C)(Cl)Cl,[ 0.33341596  0.85378975 -0.7794649  -0.99258894 -0.6515486 ]
CN(CCOc1ccc(CC2SC(=O)NC2=O)cc1)c1ccccn1,[-0.60165644  0.8053889  -0.69091976 -0.54564255  0.13116933]
Nc1ccn([C@@H]2O[C@H](CO)[C@@H](O)C2(F)F)c(=O)n1,[ 0.06367732  0.88338464 -0.79874724 -0.6718888  -0.2361363 ]
CCCN(CCC)CCCCCCCCNC(=O)Oc1ccc2c(c1)C1(C)CCN(C)C1N2C,[-0.42728475  0.7334756   0.19628945  0.16381218 -0.37509513]
C1CSCCO1,[ 0.52204585  0.11531899 -0.79805785  0.08167035 -0.31783915]
O=P(O)(O)C(O)(Cn1ccnc1)P(=O)(O)O,[-0.3939121   0.8044998  -1.         -0.72440875 -0.05326329]
Nc1ccc(S(=O)(=O)O)c2cccc(O)c12,[ 0.18021569  0.85346967 -0.70891273 -0.80642366  0.44631082]
COc1ccc2ncc(F)c(CCN3CCC(NCc4cc5c(cn4)OCCO5)CC3)c2n1,[ 0.25227824  0.85742664  0.6201746  -0.58334744 -0.37301195]
CCC1(CC)C(=O)NCC(C)C1=O,[ 0.63505507  0.7834973  -0.6161062  -0.92373157 -0.40714625]
O=C1CC(N2C(=O)c3ccccc3C2=O)C(=O)N1,[-0.306481    0.04938797 -0.48381063 -0.58279437 -0.11986537]
CC(C)Oc1ccc2c(=O)c(-c3ccccc3)coc2c1,[-0.348686    0.9494304  -0.80443805 -0.6314754   0.06446799]
CCCCC(CC)CNCC(C)(N)CN(C)CC(CC)CCCC,[ 0.22865179  0.19609502 -0.72872263  0.64434665 -0.12887463]
S=C1NCCC(COc2ccccc2)O1,[-0.14182009  0.7856998  -0.7432667  -0.7151643   0.47583658]
COc1cc(C=CC(=S)N2CCOCC2)cc(OC)c1OC,[-0.16959676 -0.47073808 -0.15613991 -1.         -0.18846498]
CC12CCC3c4ccc(O)cc4CC(CCCCCCCCCS(=O)CCCC(F)(F)C(F)(F)F)C3C1CCC2O,[ 0.45274207  0.08264686 -0.6936313   0.58181     0.19390962]
CC(C)(C)c1cc([N+](=O)[O-])cc([N+](=O)[O-])c1O,[ 0.40323064  0.52175224 -0.81490314 -0.5945647  -0.4146202 ]
CNC(=O)ON=C(C)SCC(N)=O,[-0.26650324 -0.22666858  0.28016427 -0.8447428  -0.38924888]
C=COC(=O)C=CC,[ 0.16319664  0.86734116 -0.90715605 -0.46193174 -0.03313375]
NCCCCN,[ 0.5029109   0.64641714 -0.6561473  -0.31277883 -0.62136126]
CCCCCc1ccccc1O,[ 0.5059208   0.65025383 -1.         -0.6927435  -0.5018494 ]
CC(C)(C)c1cc(O)ccc1O,[ 0.08369196  0.79482275 -0.3387056   0.7644204   0.33607608]
OCc1cc(C(O)C[NH2+]CCCCCCOCCOCc2c(Cl)cccc2Cl)ccc1O,[ 0.6388276   0.7772007  -0.71818954 -0.74643314 -0.52216464]
COP(=S)(OC)Oc1ccc(C#N)cc1C,[-0.23056373  0.8528741  -0.69545305 -0.8584689   0.2847337 ]
CN(SSC(C)(C)C)C(=O)ON=C1SCCS1,[ 0.3808134   0.9107435  -0.755777    0.21947642  0.01395046]
Nc1ncc2cc(-c3c(Br)cccc3Br)c(N)nc2n1,[ 0.20549768  0.999493   -0.6768337  -0.14585327 -0.2654193 ]
CC(=O)NCCCS(=O)(=O)[O-],[ 0.34454826  0.9255941  -1.         -0.48958433 -0.20380779]
O=C(O)C1N=C(c2ccccc2)c2cc(Cl)ccc2NC1=O,[-0.4293967   0.9448311  -0.4277886  -0.47725496 -0.24935801]
CCOP(=S)(Oc1cccc2cccnc12)c1ccccc1,[ 0.09452984  0.7670145  -0.6831325  -0.16437772 -0.10855961]
CN(C)Cc1cc(CN(C)C)c(O)c(CN(C)C)c1,[ 0.22060035  0.88158447 -1.         -0.6781242   0.03368202]
O=[N+]([O-])c1nccs1,[ 0.2446618   0.652211   -0.77748835 -0.8451536  -0.3398198 ]
O=C1C(Cc2ccccc2)C(=O)N(c2ccccc2)N1c1ccccc1,[ 0.24746367  1.         -0.9526772  -0.80792516  0.6084515 ]
CC(C)C(O)(c1ccc(OC(F)(F)F)cc1)c1cncnc1,[-0.09837931  0.3664704  -1.         -0.83462054  0.1030985 ]
CCOC(C1=NCCCN1)c1c(Cl)cccc1Cl,[ 0.2898459   0.5688221  -0.2850599  -0.57428455 -0.38451996]
COc1ccc(C(Oc2ccccc2)C2=NCCCN2)cc1,[-0.20422873 -0.42396575 -0.0791225  -0.695678   -0.15288089]
C[C@@H]1O[C@@H](O[C@H]2[C@@H](O)C[C@H](O[C@H]3C[C@](O)(C(=O)CO)Cc4c(O)c5c(c(O)c43)C(=O)c3ccccc3C5=O)O[C@H]2C)C[C@H](N)[C@@H]1O,[ 0.09893644  0.8124623   0.13663477 -0.58493865 -0.31708926]
CC(C)OCCO,[-0.31991506  0.9536864  -0.65028334 -0.60692716 -0.1453235 ]
CCCCSN(C)C(=O)Oc1cccc2c1OC(C)(C)C2,[ 0.48201028  0.76401234 -0.36647707 -0.6393043   0.4330597 ]
COc1cc2ncc(C(N)=O)c(Nc3cccc(Cl)c3Cl)c2cc1N1CCN(C)CC1,[-0.0070852   0.56993335 -1.         -0.9194495  -0.48822406]
CC(C)c1cccc(OC(=O)N(C)C)c1,[ 0.20091839  0.9075962  -0.44757214  0.30669096  0.34059712]
C[C@H](CSN=O)C(=O)N1CCC[C@@H]1C(=O)O,[ 0.0362797   0.81457096 -0.99042374 -0.70562804  0.17826158]
COc1ccc([N+](=O)[O-])cc1N,[-0.26747262  0.7729478  -0.3588932  -0.37578028 -0.48824692]
CN(C)N=Nc1nc[nH]c1C(N)=O,[ 0.1984189  -0.2084198  -0.640479   -0.3515301   0.06803171]
CC1CC(=O)CC(C)O1,[ 0.14369006 -0.4440804  -0.71002376 -0.457039   -0.4653801 ]
CCOC(=O)CCC1(CCC(=O)OCC)c2ccccc2-c2ccccc21,[-0.3302047  -0.55506396 -0.7494103  -0.79017997 -0.13651519]
O=C([O-])CCCc1ccc(N(CCCl)CCCl)cc1,[ 0.3115636   0.8359655  -0.95878524 -0.5431386  -0.02354321]
C=CCN(C(=O)Cn1nc(C)ccc1=O)C(C)Cc1ccccc1,[ 0.70472234  0.5665058  -0.69836444 -0.7542312  -0.27223295]
COc1ccc2ncc(=O)n(CCN3CC[C@@H](NCc4ccc5c(n4)NC(=O)CO5)[C@@H](F)C3)c2c1,[ 0.39311972  1.         -0.55593586 -0.8022143  -0.08784387]
CC(C)Nc1nc(Cl)nc(NC(C)C)n1,[ 0.35374987  0.75821877 -0.7352236  -0.54289204 -0.61088073]
COP(=S)(OC)SC1CSC=CO1,[-0.1327719   0.94616187 -0.90160245 -0.6721763   0.04115181]
O=c1[nH]c2ccccc2n1CCCN1CCN(C(c2ccccc2)c2ccccc2)CC1,[ 0.25261244  0.72798026  0.18645728 -0.6834092  -0.26863953]
COC(C)CC(=O)O,[ 0.20685408  0.64119107 -1.         -0.47829273 -0.6364529 ]
COc1ccccc1NC(=O)CC(C)=O,[-0.6977383   0.8604929  -0.7562687  -0.62479407 -0.46887493]
CC1(C)CC(NC2CC(C)(C)NC(C)(C)C2)CC(C)(C)N1,[ 0.30254376  0.89912564 -0.44625232 -0.6551728  -0.49441898]
CCOP(=O)(OCC)OC(=C(Cl)Br)c1ccc(Cl)cc1Cl,[-0.60228324  0.7501116  -0.6063248  -0.88213897  0.12499911]
CNNC,[ 0.36314476  0.5427725  -1.         -0.5690938  -0.12295746]
COP(=S)(OC)Oc1ccc(C#N)cc1,[ 0.30484176 -0.2883024  -0.49122748 -0.6567831   0.01284888]
NCCNCc1ccccc1O,[-0.38897398  0.3901052  -0.8665739  -0.20607226  0.45652655]
CCCC(=O)c1ccc(N)cc1,[ 0.53677356  0.9294525  -1.         -0.8195572  -0.38137093]
CCCCC(CC)CNC1CCCCC1,[-0.253748   -0.78082615 -0.6962828  -0.03652184 -0.06984679]
Cc1ccc(NC(=O)c2ccc(Cl)c(C(F)(F)F)c2)cc1C(=O)Nc1cccnc1,[ 0.37049964  0.7846717  -0.710789   -0.67795783  0.762701  ]
CNC(=N)c1cccc(CC(CC(=O)N2CCC(C(=O)O)CC2)NS(=O)(=O)c2ccc3ccccc3c2)c1,[ 0.05794377  0.02678831 -0.6901714   0.41104147 -0.24311686]
ClC(Cl)(Cl)c1ccc(C(Cl)(Cl)Cl)cc1,[-0.16619109  0.87680805 -0.6775264   0.02206958  0.75979096]
C=COC(=O)CCCCCCC,[-0.54895747  0.4853322  -0.5625051  -1.          0.13301733]
COC(=O)c1ccccc1,[ 0.43344843  0.69987005 -0.676264   -1.         -0.0111246 ]
O=C1NC(=O)C(c2ccccc2)(c2ccccc2)C(=O)N1,[ 0.49982876  0.09792291 -0.7361292  -0.75430405 -0.09646957]
C[C@@H]1NC(=O)[C@H](C)N(C)C(=O)[C@@H](C)NC(=O)[C@H](C)N(C)C(=O)[C@@H](C)N(C)C(=O)[C@@H](C)NC1=O,[ 0.31382462  0.9827382  -0.94952935 -0.6253862   0.9746248 ]
O=C1c2cccc(S(=O)(=O)O)c2C(=O)c2c1cccc2S(=O)(=O)O,[ 0.17512013  0.6309838  -0.6851426  -0.8257565  -0.42467758]
NC(=O)CF,[ 0.23729025  0.7146445  -0.92341673 -0.59944785  0.70202094]
N=C(N)Nc1nc(CSCCC(=N)NS(N)(=O)=O)cs1,[ 0.30484083  0.5861749  -1.         -0.21380289 -0.32641345]
CCC(C(=O)N1CCCCC1C(=O)OC(CCc1ccc(OC)c(OC)c1)c1cccc(OCC(=O)NCCNC(=O)COc2cccc(C(CCc3ccc(OC)c(OC)c3)OC(=O)C3CCCCN3C(=O)C(CC)c3cc(OC)c(OC)c(OC)c3)c2)c1)c1cc(OC)c(OC)c(OC)c1,[ 0.45164904  1.         -0.26974186  0.50044924  0.11043455]
COc1cc(OC)c(S(=O)(=O)N(c2ccccc2)C(C)C)cc1NC(C)=O,[ 0.1913506   0.47804478  0.7577689  -0.37018487  0.15633124]
CCN(CC)CCOCCO,[ 0.16414857 -0.41788033 -0.82364416 -0.518523   -0.32668313]
O=C(NCC12CC3CC(CC(C3)C1)C2)c1cc(-n2ncc(=O)[nH]c2=O)ccc1Cl,[ 0.05543328  0.23353839 -0.7452394  -0.53925097 -0.31092748]
C[N+](C)(Cc1ccc(NC(=O)c2ccc(Cl)c(Cl)c2)cc1)C1CCOCC1,[-0.849014    0.5238018  -0.5431572  -0.60024816 -0.24168639]
COP(=S)(OC)SCc1nc(N)nc(N)n1,[-0.4428631   0.39055437 -0.8190305  -0.46000248 -0.4032801 ]
CC(COc1ccc(Cl)cc1Cl)C(=O)O,[ 0.02976593  0.8793986  -0.84618205 -0.6043191   0.42933863]
C=C1CC23CC1(O)CCC2C12C=CC(O)C(C)(C(=O)O1)C2C3C(=O)O,[ 0.18991081  0.78999144 -1.         -0.84320325 -0.16381562]
O=CNC(N1CCN(C(NC=O)C(Cl)(Cl)Cl)CC1)C(Cl)(Cl)Cl,[ 0.26510394  0.99181914 -0.72110987 -0.8490563  -0.17999111]
C[C@@H](NC(=O)C1CCCCN1C)c1ccc(Nc2ncc3cc(-c4ccncc4)ccc3n2)cc1,[ 0.15492296  0.84947914 -0.94983464 -0.61266416 -0.12544768]
O=C(Cl)C=CC(=O)Cl,[ 0.49194568  0.6873806  -0.8350099  -0.13299167 -0.03464861]
NS(=O)(=O)c1cc2c(cc1Cl)NCNS2(=O)=O,[ 0.20821187  0.3072143  -0.75005746 -0.75602555  0.8250769 ]
COP(=S)(OC)Oc1cc(Cl)c(Cl)cc1Cl,[ 0.38367543  0.7834032  -0.60762405 -0.754574   -0.22693533]
OCc1ccccc1,[ 0.39780638  0.8988514  -1.         -0.7114555   0.1504189 ]
CCCOP(=O)(OC=C(Cl)Cl)OCCCl,[ 0.26042387 -0.39308366 -0.5754971  -0.25771886  0.2033602 ]
COc1ccc(-c2nc3ccc(C4=NNC(=O)CC4C)cc3[nH]2)cc1,[ 0.51671356  0.7541539  -0.24971548 -0.7118299  -0.24408707]
CCS(=O)CCSP(=O)(OC)OC,[ 0.00587429  0.8607422   0.6091048  -0.7579488   0.22625636]
CNC(=O)Oc1ccccc1C1OCCO1,[-0.06274227  0.25488123 -0.42618927 -0.6014635  -0.30851617]
COCCOP(=O)(OCCOC)OCCOC,[-0.3382081  -0.52589417 -0.43046436 -0.8258134  -0.18265776]
O=[N+]([O-])c1ccc(C=NNC(=S)N2CCCC2)o1,[ 0.06023578  0.84525335 -0.42457548 -0.7754649  -0.37541685]
O=C(O)CCC(=O)OC1CCCCC1,[ 0.52080464  0.9889077  -0.88728374 -0.5529955  -0.3764015 ]
O=[N+]([O-])c1cc(Cl)ccc1Cl,[ 0.23578767  0.7534254  -0.06597087 -0.41094568  0.4055317 ]
NC(=O)Nc1cccc2c3c([nH]c12)CCCC3,[ 0.1151583   0.8313057  -0.87881756 -0.7176881  -0.07014626]
Nc1nc(O)c(Cl)c(-c2ccccc2)n1,[-0.56073236  0.5777553  -0.957446   -0.82600415  0.617159  ]
COc1cnc(-c2ccccc2C(F)(F)CNC(=O)c2ccc(COCC(F)(F)F)nc2)cn1,[ 0.13887629  0.2729906  -0.7728963  -0.63186884  0.3689301 ]
CCNC(=O)c1cc2c(-n3ccc(C(F)(F)F)n3)c(-c3cncc(-c4n[nH]c(=O)o4)c3)cnc2[nH]1,[ 0.24341758  1.         -0.56973404 -0.33995542 -0.14745519]
O=C1C2CC3C1C1(Cl)C(Cl)C4(Cl)C2C3C1(Cl)C4(Cl)Cl,[ 0.32115743  0.8996711  -0.85573256 -0.57536364  0.05677152]
COC(=O)C(C)NP(=O)(OC[C@@H]1C=C[C@H](n2cc(C)c(=O)[nH]c2=O)O1)Oc1ccc(I)cc1,[-0.04161196 -0.17520142 -0.72874296 -0.8044518   0.04946404]
CCOC(=O)CCN(Cc1ccccc1)SN(C)C(=O)ON=C(C)SC,[-0.25886342  0.81437516 -0.56178397  0.02038554 -0.12716952]
CC(=O)CCCCCCCC(=O)O,[ 0.14404365  0.9644336  -0.8075988  -0.7585447  -0.4616476 ]
CC(=O)OO,[-0.39770368  0.71164906 -0.29741293 -0.7702265   0.02686284]
CC(C)C(CCC(C)C1CCC2C3C(O)CC4CC(NCCC[NH2+]CCCC[NH3+])CCC4(C)C3CCC12C)OS(=O)(=O)[O-],[ 0.24083865  1.         -1.         -0.92138225 -0.07870602]
CCCCOc1ccccc1NC(C)=O,[-0.45008394 -0.42822018 -0.39651063 -0.924921    0.31963018]
O=C(NCc1ccc(OC(F)(F)F)cc1)C1c2ccccc2C(=O)N1CCc1ncc(F)cn1,[ 0.46444076  0.880467   -0.74102354 -0.58252686  0.11502083]
Cc1ncsc1C,[-0.01476058  0.6461445  -1.         -0.81479263  0.3473241 ]
C/C=C/c1cc(OC)c2c(c1)C(C)C(c1cc(OC)c(O)c(OC)c1)O2,[ 0.7258487   0.2810479  -0.43403888 -0.8343746  -0.01880488]
COc1c(Cl)ccc(Cl)c1C(=O)OCCN(CCOC(=O)c1c(Cl)ccc(Cl)c1OC)c1ccccc1,[ 0.02413802  0.7334135  -0.8872263  -0.8491442   0.6343721 ]
CC1(C)CC2(NC(=O)N(CCCN3CCC(O)CC3)C2=O)c2cc(F)ccc2O1,[ 0.02594493  1.         -0.5823407  -0.8046943  -0.16868259]
CCCP(=O)(CCC)CCC,[ 0.11477404  0.86206347 -0.75152844 -0.8451812  -0.01147397]
COc1cc(OC)c(S(=O)(=O)N2c3ccccc3CCC2C)cc1NC(=O)CSCC(=O)O,[-0.1310129   0.87155855 -0.41290024 -0.8359074   0.24019428]
O=C(Nc1ccccc1-c1ccccc1)OC1CCN(CCCCCCCCCNC[C@H](O)c2ccc(O)c3[nH]c(=O)ccc23)CC1,[-0.50904053  0.8424033  -0.7967842  -0.7655957  -0.5818328 ]
COCCN(c1cccnc1)P(=O)(c1ccccc1)c1ccccc1,[ 0.55177873 -0.07442848 -0.3283787  -0.5863014  -0.11930526]
CCOP(=S)(OCC)SCSCc1ccccc1,[-0.23551269  0.9126511  -0.84988797 -0.6544956   0.06196406]
CCOP(=S)(OCC)Oc1cc(C)n(CC)c(=O)c1,[ 0.3830325   0.9443722  -1.         -0.7875441  -0.03521778]
CC(C)(C(=O)O)S(C)(=O)=O,[ 0.39069462  0.95474344 -0.6845325   0.28304923 -0.32602096]
CC1CCN(C(=O)CC(Cc2cccc(C(=N)N)c2)NS(=O)(=O)c2ccc3ccccc3c2)CC1,[ 0.14145102  0.8912579  -0.7462432  -0.67361754  0.17604135]
O=P([O-])([O-])C(Cl)(Cl)P(=O)([O-])O,[ 0.34415385  0.81767124 -0.64436847 -0.5897282  -0.380944  ]
CCNc1nc(NCC)nc(OC)n1,[ 0.62224925  0.7045053  -0.6908426  -0.83965445 -0.19958185]
C=CC1=C(C)/C(=C\c2[nH]c(Cc3[nH]c(/C=C4/NC(=O)C(C)=C4C=C)c(C)c3CCC(=O)O)c(CCC(=O)O)c2C)NC1=O,[-0.5530155   0.8208809  -0.4781018  -0.78450847 -0.24698639]
CCC(CCCCOC(=O)c1ccccc1)COC(=O)c1ccccc1,[ 0.21312515  0.9732201  -0.7565209  -0.98354024 -0.00290654]
COP(=S)(OC)SCSCC=C(Cl)Cl,[ 0.19741067  0.86304593  0.1411163  -0.42993873 -0.24054527]
O=C(CCl)OC1=C(OC(=O)CCl)C(=O)OC1=O,[ 0.02833487  1.         -0.62907547 -0.9744809  -0.02527214]
N#Cc1ccc2[nH]c(C(F)(F)F)nc2c1,[ 0.1144739   0.94360507 -0.7091623  -0.7046574  -0.23264351]
Clc1ccc(C(OCCN2CCCCC2)c2ccccc2)cc1,[-0.46702734  0.9325392  -0.7577913  -0.78767544 -0.05332362]
[O-][n+]1onc2c1c1no[n+]([O-])c1c1no[n+]([O-])c21,[ 0.28933397  0.68280387 -0.81293964 -0.7858458  -0.10367928]
COc1ccc(-c2cc(=O)c3ccc(OC)cc3o2)cc1,[ 0.23019016  0.77869445 -0.8182164  -0.42736077  0.18276459]
CCOP(=S)(OCC)SCC(=O)N(CCC#N)c1ccccc1,[ 0.3892904   1.         -0.89910156 -0.769151   -0.11151116]
CN1C[C@@H]2c3ccccc3Oc3ccc(Cl)cc3[C@H]2C1,[ 0.02911517 -0.24615788 -0.7090292  -0.55354637 -0.32398862]
CC(C)NCC(O)c1ccc(O)c(O)c1,[ 0.20280997  0.9534882  -0.96522933 -0.42331114 -0.37173098]
CCOC(=O)c1c(C)cc2c(CO)n[nH]c(=O)c2c1C,[ 0.25857008  0.60947305 -0.6080786  -0.9418644  -0.22219124]
CC(=Cc1ccccc1)CC(=O)N1CCOCC1,[-0.15596054  0.82742393 -0.875487   -0.5941933   0.5661845 ]
CNC(=O)ON=C1CCCC1(C)C#N,[-0.06226608  0.5788524  -0.8945997  -0.41845617 -0.40365383]
O=P([O-])([O-])C(O)(Cn1ccnc1)P(=O)([O-])O,[-0.95864993  0.8212374  -0.5246842  -0.35600382  0.13659805]
Cc1nc(N)nc(N)c1-c1ccc(Br)cc1,[ 0.1819023   0.8964185  -0.9869138  -0.7600276  -0.33477554]
c1ccc(OP(Oc2ccccc2)Oc2ccccc2)cc1,[ 0.58565396  0.5726924  -0.9350582  -0.6199451   0.18720438]
COP(=S)(OC)SCc1nnc(C(C)C)o1,[-0.2870637   0.7381475  -0.96456003 -0.57348764 -0.3695204 ]
FC(F)(F)c1nc2c(Br)c(Cl)c(Br)cc2[nH]1,[ 0.29103294  0.27700776 -0.8379709  -0.51542336  0.23637925]
Nc1nc2[nH]cnc2c(=S)[nH]1,[-0.2602093   0.8882927  -1.         -0.49744797  0.04001068]
ClCc1cccc2ccccc12,[-0.09634172  0.9753284  -0.7825952  -0.69539064 -0.27228966]
C[S+]([O-])Cc1ccc(C(=O)Nc2ccc(OCCOCCO)nc2C(=O)NCC2CCC2)c2ccccc12,[ 0.5102534   0.8783803  -0.92545134 -0.34379888 -0.35442188]
C=CC(=O)OCCOC(=O)c1ccc(C(=O)O)cc1C(=O)O,[ 0.3911713  -0.10384786  0.10045657 -0.2319631  -0.300375  ]
COc1ccc(CC(C)=O)cc1,[ 0.6856413   0.08892231 -0.98874176 -0.5234894   0.30946866]
O=c1c(Cl)c(Cl)cnn1-c1ccccc1,[-0.13583888  0.80779713 -0.44568422 -0.22327383 -0.01264946]
CCCCC(=O)N(Cc1ccc(-c2ccccc2-c2nnn[n-]2)cc1)C(C(=O)[O-])C(C)C,[-0.21408375  0.02314418 -0.9540933  -0.79582226  0.04912903]
CC(CN1CC(=O)NC(=O)C1)N1CC(=O)NC(=O)C1,[-0.35150605  0.7139706  -1.         -0.7233074  -0.17980157]
CCCCOCCOC(C)=O,[ 0.31475458  1.         -0.8219407  -0.30213928 -0.43888342]
C[N+](C)(C)CC(O)CC(=O)[O-],[ 0.1412501   0.8441871  -0.7327172  -0.8945442   0.53636074]
c1ccc([C@H]([C@@H](c2ccccc2)N2CCCCC2)N2CCCCC2)cc1,[-0.9925584   0.8108522  -0.61543435 -0.49732453  0.09065814]
O=NN1CCCCC1,[-0.55448204  1.         -0.8173998  -0.61335665  0.02369909]
Cc1cccc(C)c1NC(=O)C1CCCC[NH+]1C,[ 0.2458958   1.         -0.86096513 -0.6845768   0.11343367]
C[NH+](CCOc1ccc(NS(C)(=O)=O)cc1)CCc1ccc(NS(C)(=O)=O)cc1,[ 0.42215586  0.73039186 -0.89065635 -0.47825113  0.86842287]
C=CCn1c(N)cc(=O)n(CC)c1=O,[ 0.03478191 -0.01766244 -0.26169187 -1.          0.3207834 ]
Cc1cc(Cl)ccc1OCCCC(=O)O,[ 0.33865345  0.90619653 -0.8273034  -0.90204096 -0.0820257 ]
CCOC(=O)Nc1ccc(NCc2ccc(F)cc2)cc1N,[-0.48516497  0.46713728 -0.85641617 -0.738257    0.04334138]
N=C(NN=Cc1ccc(Cl)cc1)NN=Cc1ccc(Cl)cc1,[ 0.27158016  0.8152146  -0.5595914  -0.9964637   0.2842218 ]
O=C(OCC1CO1)c1ccccc1C(=O)OCC1CO1,[ 0.42191088  0.3596521  -0.99010587  0.48557293  0.38840204]
C#CC(C)(O)C(O)c1ccccc1,[-0.02963738  0.84558004 -0.78868866 -0.4961634  -0.02879442]
CN(CCCl)CCCl,[ 0.22575407  0.72547734 -0.815518   -0.85839015 -0.15412554]
CC(=O)c1ccc2c(c1)N1C(=O)OCC1CC2,[ 0.4302013   0.45780116 -0.8290693  -0.99227226 -0.33810973]
CCCCC(CC)COCCC#N,[ 0.24418037  0.7908898  -0.2796703  -0.8192309  -0.06648879]
CN(C)S(=O)(=O)N(SC(F)(Cl)Cl)c1ccccc1,[ 0.32002863 -0.6361086  -0.70466137 -0.1395071   0.21244295]
Fc1cc2nc(C(F)(F)F)[nH]c2cc1Cl,[ 0.26848122  0.8343048  -0.7062265  -0.827493   -0.26182646]
OCC(O)CO,[ 0.5004992   0.7488104  -1.         -0.53356755  0.36235368]
Nc1ccc(F)c([N+](=O)[O-])c1,[ 0.47346255  0.8163702  -0.6873273  -0.56531125 -0.1951228 ]
CSCCNc1nc(SCCC(F)(F)F)nc2c1ncn2C1OC(COP(=O)([O-])OP(=O)([O-])C(Cl)(Cl)P(=O)([O-])[O-])C(O)C1O,[-0.90813357  0.75076675 -0.6701242  -0.35225442 -0.32026523]
CC(=O)OC(C(=O)NC(N)=O)c1ccccc1,[ 0.10161969  0.11939832 -0.7884979  -0.8043171   0.90871835]
COP(=S)(OC)SC(CBr)N1C(=O)c2ccccc2C1=O,[-0.05407941  0.8038682   0.03404923 -0.96442616 -0.06631075]
c1cc2c(c(N3CC[NH2+]CC3)c1)OCCO2,[ 0.3765277   0.7952459   0.69148487 -0.4855659   0.2339386 ]
CNC(=O)/C=C(/c1ccc2nc(N)n(S(=O)(=O)C(C)C)c2c1)c1ccccc1-c1cccc2ccccc12,[-0.12245633  0.8356568  -0.7268263  -0.7981332  -0.26020607]
Nc1cc[n+]([O-])cc1,[ 0.23033048  1.         -0.5071442  -1.          0.31716985]
CCC(C)(CC)c1cc(N)on1,[ 0.21031192  0.6393446  -0.65084064 -0.5215807   0.22409667]
CC(=O)[C@H]1CC[C@H]2[C@@H]3CC[C@@H]4C[C@H](O)CC[C@]4(C)[C@H]3CC[C@]12C,[-0.21243857  0.96115804 -1.         -0.8456824  -0.2384706 ]
Cc1onc2c(=O)n(C)nc(-c3ccccc3)c12,[ 0.46850306  0.9731102  -1.         -0.8981365  -0.10602485]
CNC(=O)ON=C(C)SC,[ 0.04491953  0.8504793  -0.9015298  -0.6019716   0.01858312]
CC[C@H](C)[C@H](NC(=O)[C@H](CCC(=O)[O-])NC(=O)[C@H](CCC(=O)[O-])NC(=O)[C@H](Cc1ccccc1)NC(=O)[C@H](CC(=O)[O-])NC(=O)CNC(=O)[C@H](CC(N)=O)NC(=O)CNC(=O)CNC(=O)CNC(=O)CNC(=O)[C@@H]1CCCN1C(=O)[C@H](CCCNC(N)=[NH2+])NC(=O)[C@@H]1CCCN1C(=O)[C@H]([NH3+])Cc1ccccc1)C(=O)N1CCC[C@H]1C(=O)N[C@@H](CCC(=O)[O-])C(=O)N[C@@H](CCC(=O)[O-])C(=O)N[C@@H](Cc1ccc(O)cc1)C(=O)N[C@@H](CC(C)C)C(=O)[O-],[-0.38671482 -0.59161294 -0.43848652 -0.4415681  -0.6956067 ]
CN(C)C(=O)Nc1ccc(Cl)cc1,[ 0.6280144   1.         -0.6758573  -1.         -0.10300595]
CNC(=O)c1c(I)c(NC(C)=O)c(I)c(C(=O)[O-])c1I,[ 0.48786354  0.8875181  -0.65681016 -0.80730575 -0.49652395]
CC(C)NCC(O)COc1cccc2ccccc12,[ 0.49880752  0.837036   -0.7870066  -0.80900556 -0.6859453 ]
CN(C)c1ccc(C(O)(c2ccc(N(C)C)cc2)c2ccc(N(C)C)cc2)cc1,[-0.08647091  0.40943596 -1.         -0.61883795  0.11725805]
CC(C)CCOC(CO)CC(C)C,[ 0.03985833  0.43865663 -0.69268084 -0.9523705  -0.3962297 ]
CC([NH3+])Cc1ccccc1,[-0.00379156  0.6576528  -1.         -0.97025764 -0.15895668]
COC(C)COC(C)COC(C)CO,[ 0.50404686  0.36328763 -0.39018524 -0.54504174  0.07589691]
CCN(CC)c1c([N+](=O)[O-])cc(C(F)(F)F)c(N)c1[N+](=O)[O-],[ 0.2714798   0.99730057 -0.5354255  -0.7720515  -0.29524052]
CO[Si](CCCOCC1CO1)(OC)OC,[-0.29283938  0.8201936  -0.41837537 -0.57991135 -0.31614962]
Cc1c(C(=O)NCCO)[n+]([O-])c2ccccc2[n+]1[O-],[ 0.6122988   0.6332097  -0.5850799  -0.12296084 -0.1893887 ]
CCc1nc2cc(O)ccc2c(Oc2ccc(/C=C/C(=O)O)cc2)c1-c1ccccc1,[-0.08398367  0.8329877  -0.64035136 -0.7258629   0.3757334 ]
C=C(CC(=O)c1ccc(-c2ccccc2Cl)cc1)C(=O)O,[-0.04223474  0.6336532  -0.7967204  -0.52719635  0.6057775 ]
CCOP(=S)(OCC)OC(=CCl)c1ccc(Cl)cc1Cl,[-0.19555537  0.08610372 -0.22874586  1.          0.3661711 ]
CCCCN1C(=O)c2cccc([N+](=O)[O-])c2C1=O,[ 0.39246595  0.22985753 -0.7211624  -0.539486    0.29860955]
CN(C)CCCC1c2ccccc2Nc2ccc(Cl)cc21,[-0.05965488  0.81867    -0.8270829  -0.8075963  -0.1330734 ]
Cc1c(F)cc(C(=O)NC2CC2)cc1-c1ccc(C(=O)NCC(C)(C)C)cn1,[ 0.4162471   0.7646732  -0.7359726  -0.40952015 -0.1758938 ]
COCCN(C(=O)CCl)c1c(C)cccc1C,[-0.08063448  0.41350624 -0.13835406 -0.61782724  0.48800895]
CC(C)(C)CC(=O)Nc1c(F)cc(C(=O)Nc2nccs2)cc1F,[ 0.25086546  0.68831265  0.65478593 -0.04122079 -0.0919337 ]
CCCCCCOC(=O)C(O)c1ccccc1,"[ 4.1793962e-04 -3.7098819e-01 -8.2018709e-01 -7.1839535e-01
  9.7439486e-01]"
CC(Cl)(Cl)[N+](=O)[O-],[-0.20755842  0.88155425 -0.70492274 -0.676321   -0.32978758]
SCc1ccccc1,[ 0.25635332  0.40030667 -0.6070849  -0.7643766   0.5081111 ]
CNC(=O)ON=C(C)SCC(=O)N(C)C,[ 0.4433968   0.71310693 -0.4411936   0.8746231   0.25558224]
CN1CCN(C2=c3ccccc3=Nc3ccc(Cl)cc3N2)CC1,[ 0.30608097  0.7195683  -0.4563926  -0.19940501 -0.35092458]
O=C(Cc1ccc(OCc2ccccc2)cc1)NO,[ 0.56007963  0.73500466 -0.99860245 -0.538162   -0.09262303]
S=C1NCCNC(=S)S1,[ 0.09032498  0.36676088 -0.6630487  -0.9726263  -0.39086607]
CC(=O)N1CCN(c2ccc(OC[C@H]3CO[C@](Cn4ccnc4)(c4ccc(Cl)cc4Cl)O3)cc2)CC1,[ 0.34776938  0.843107   -0.99084395 -0.19735079 -0.14764461]
O=P(OCCCl)(OCCCl)OC1CC(C(Br)CBr)CCC1Cl,[ 0.13864525  0.5744694  -0.95347    -0.74742097 -0.06829855]
C=CS(=O)(=O)CCCCCC,[ 0.31564486  1.         -0.08082787 -0.70744145  0.7045278 ]
O=[N+]([O-])c1c(Cl)c(Cl)c(Cl)c2nc(C(F)(F)F)[nH]c12,[ 0.43932283  1.         -1.         -0.81753045  0.18687512]
COc1ccc(Oc2ccc(NC(=O)N(C)C)cc2)cc1,[ 0.5265119   0.76035416 -0.2395349  -0.4782449  -0.2929073 ]
CCNC(=O)C=Cc1cccc(Br)c1,[-0.03983933  0.5644672  -0.39275756  0.3117385   0.0187405 ]
COc1ccc(NC(=O)c2ccnc(N)n2)cc1,[-0.01850731  0.84783924 -0.7882974  -0.5396358   0.1279315 ]
N#Cc1ccc(F)c(-c2cc(C(F)(F)F)ccc2OCC(=O)O)c1,[-0.05571869  0.6473197  -0.8250923  -0.04618306  0.10681235]
CCCCCCCCCCCCCCCN,[ 0.22170748  0.8527682  -0.40623957 -0.82383883  0.44854292]
CC(C)OCCCO,[ 0.5096918   0.86996937 -0.717296   -0.2939683   0.00541906]
C=CCSP(=O)(NC(=O)CC)OC,[-0.31785268  0.5829678  -0.4951588  -0.56719065 -0.09370036]
CNC(=N)c1cccc(CC(CC(=O)N2CCC(C)CC2)NS(=O)(=O)c2ccc3ccccc3c2)c1,[-0.16167004  0.23334007 -0.6038301  -0.28460586 -0.78143674]
CN(C)C1CC(c2ccccc2)c2ccccc21,[ 0.36477083  0.6454157  -0.87646574 -0.7422513  -0.11860579]
CC(O)CO,[ 0.5503588   0.87171715 -0.11396065 -0.5880955  -0.16250615]
CC1(C)C2CC=C(CCO)C1C2,[-0.2758198   0.59378755 -0.48838636 -0.5157788   0.1371563 ]
CC(C)(C)c1ccc2c(c1)C(C)(C)CC2,[-0.271705    0.6830137  -0.8049396   0.03088045  0.23212917]
CN(C)CCOCCOCCN(C)C,[-0.23592027  0.7301682  -0.9138095  -0.9234782  -0.23817304]
SCCc1cnccn1,[-0.04867666  0.7808809  -0.89006233 -0.6872907   0.2631912 ]
CCCCCCCc1ccccc1O,[-0.12495258  0.240838   -0.5885872  -0.68456346 -0.14790505]
O=C(O)CCC(=O)O,[ 0.00169722  1.          0.7048594  -0.07849807  0.12778598]
COc1ccc(-c2nc3c(NCCCNC(C)=O)c(Br)cnc3[nH]2)cc1,[ 0.5910208   0.4736478  -0.66211545  0.41056958  0.06217433]
CC(C)=CCOC(=O)c1ccccc1,[-0.08491467  0.95926666 -0.7247328  -0.5906347  -0.30536392]
OC1(c2ccc(Cl)c(C(F)(F)F)c2)CCN(CCCC(c2ccc(F)cc2)c2ccc(F)cc2)CC1,[-0.09964462  0.76972723 -0.9037879  -0.7941831   0.17009853]
CCc1nc(N)nc(N)c1-c1ccccc1,[ 0.328786    0.35854265 -0.6144893  -0.9860464   0.02241679]
Cc1ccc(C(=O)N(CCCN)[C@@H](c2nc3cc(Cl)ccc3c(=O)n2Cc2ccccc2)C(C)C)cc1,[-0.12356058  0.35869455  0.36893427 -0.15837446 -0.281109  ]
CCCCCCCCOC(C)=O,[-0.14764154  0.56958306 -0.8066026  -0.8644361  -0.62798923]
Oc1c(O)c(-c2c(Cl)c(Cl)c(Cl)c(Cl)c2Cl)c(Cl)c(Cl)c1Cl,[ 0.5425494   0.77740353  0.39173073 -0.2750857  -0.3125005 ]
COCOCCO,[ 0.09116279  0.59327507 -1.          0.42615712 -0.01850733]
CC(C)(O)c1ccccc1,[ 0.34847802  0.60355175 -0.79226774  0.45854983 -0.13988687]
OCCNCCOc1ccc(C(=C(c2ccccc2)C(F)(F)F)c2ccccc2)cc1,[ 0.2359848   0.8038925  -0.96214676 -0.47857058 -0.04216852]
CCC[C@@H](c1ccc(C(=O)O)c(Oc2cccc(Cl)c2)c1)N1CCC[C@H](n2cc(C)c(=O)[nH]c2=O)C1,[ 0.32435253  0.7696738  -0.77414227 -0.5568699  -0.05541773]
CC(C)C1NC(=O)c2ccccc2O1,[-0.08355106  0.92594284 -0.660451   -1.         -0.3525935 ]
CC=CC=CC=O,[ 0.32145578 -0.07181504 -0.5346053  -0.45608684 -0.1453758 ]
CC(=O)OCCOCCOCCOC(C)=O,[ 0.29840624  0.9633016   0.70652765 -0.8532023   0.01679593]
COc1ccc2ccc(=O)n(CCN3CCC(NCc4cc5c(cn4)OCCO5)CC3)c2n1,[-0.12864651  0.8303932  -0.69511867 -0.89503896  0.01671958]
CN1C(=O)CC(N2CCN(CCCN3c4ccccc4COc4ccc(CC(=O)O)cc43)CC2)N(C)C1=O,[ 0.16216673  0.902612   -0.6068259  -0.6174144  -0.24013124]
C=C(C)c1cccc(C(C)(C)N=C=O)c1,[-0.01706425  0.90254587 -0.25427294 -0.8497847  -0.08466106]
O=C(NC1CC1)c1cc(-c2cccs2)on1,[-0.28673407  0.85479707 -0.9328276  -0.6911874   0.01609366]
O=[N+]([O-])c1cc2[nH]c(C(F)(F)F)nc2cc1Cl,[ 0.4954732   0.6766522  -0.76987463 -0.8366723  -0.5240726 ]
CC(=O)N(C)c1ccc(Nc2ncc3cc(-c4ccncc4)ccc3n2)cc1,[-0.2801445   0.8422313  -0.8028681  -0.82256377  0.09629893]
Cn1cnc(S(=O)(=O)N(CCN(Cc2cncn2C)c2ccc(C#N)cc2)Cc2ccccc2)c1,[-0.3228923   0.73193043 -0.8965736  -0.75650305 -0.11734765]
COC(=O)C(C(C)=O)C(C)=O,[ 0.20929581  0.83541393 -0.950593   -0.9907647  -0.16181867]
Cc1ccn(C(=O)NCCCCCCCl)n1,[ 0.50664186  0.25609636 -0.78779435 -0.03641977 -0.07817962]
COCc1c(C(C)C)nc(C(C)C)c(/C=C/[C@@H](O)C[C@@H](O)CC(=O)O)c1-c1ccc(F)cc1,[ 0.3302026   0.57208174 -0.942305   -0.7704108   0.03186871]
C1CN1P1(N2CC2)=NP(N2CC2)(N2CC2)=NP(N2CC2)(N2CC2)=N1,[ 0.22948334  0.8662524  -0.58608526 -0.126919   -0.45900872]
C/C=C(/C)C(=O)O[C@H](c1cc2ccc(=O)oc2cc1OC)[C@H](O)C(C)(C)O,[ 0.19617993  0.92775595 -0.7712049  -0.56782645  0.5388468 ]
CC[C@H]1NC(=O)[C@@H](NC(=O)c2ncccc2O)[C@@H](C)OC(=O)[C@H](c2ccccc2)NC(=O)[C@@H]2CC(=O)[C@H](CS[C@@H]3CN4CCC3CC4)CN2C(=O)[C@H](Cc2ccc(N(C)C)cc2)N(C)C(=O)[C@@H]2CCCN2C1=O,[-0.3020332  -0.5167348  -0.8948711  -0.48726416 -0.0403273 ]
Nc1nc(Nc2ccc(S(N)(=O)=O)cc2)nn1C(=O)c1c(F)cccc1F,[ 0.2893506   0.88197184 -0.658544   -0.5199284  -0.12436819]
BrC(Br)Br,[ 0.18410401  0.8913215  -0.9284955   0.14215821 -0.16881977]
C[C@@H]1CC[C@H]2[C@@H](C)[C@@H](OC(=O)CCC(=O)O)O[C@@H]3OC4(C)CC[C@@H]1[C@@]23OO4,[ 0.21439144  0.91972727 -0.68065846 -0.6742266   0.7909686 ]
CC1CC(=O)NN=C1c1ccc([N-]N=C(C#N)C#N)cc1,[ 0.18722428  0.28349242 -0.92189294 -0.97866964  0.03529296]
CCOP(=S)(NC(C)C)Oc1ccccc1C(=O)OC(C)C,[-0.31435487  0.8304951  -0.8893215  -0.7652768   0.4719307 ]
FC(F)(F)c1nc2c(Br)c(Br)cc(Br)c2[nH]1,[ 0.04408008  0.3060998  -0.7617323  -1.          0.05235497]
CCCCOCC1CO1,[ 0.01659695  0.2089521  -0.9726297  -0.84300554 -0.4298206 ]
CC(C(=O)O)c1ccc(CC2CCCC2=O)cc1,[ 0.42560554  0.7845995  -0.5722727  -0.6727521  -0.09314132]
O=NN(c1ccccc1)c1ccccc1,[ 0.7146979   0.88237596 -0.8689198  -0.61916405  0.7694414 ]
CCCCC(CC)(C(=O)OCC)C(=O)OCCN(CC)CC,[ 0.24634342  0.97867495 -0.9544876  -0.7900537   0.07539971]
COc1cc2c(c3oc(=O)c4c(c13)CCC4=O)C1C=COC1O2,[-0.02446184  0.9389481  -0.9070337  -0.9615338  -0.27568287]
O=C(COc1ccc(Cc2ccc(Cl)cc2)cc1)OCc1cccnc1,[-0.40349087  1.         -0.76993614 -0.96054816 -0.3562846 ]
CC(C(N)=O)(c1ccccc1)c1ccc(N)cc1,[ 0.35951516  0.6144943  -0.7750563  -0.8242517  -0.58106637]
N#Cc1cccc(Cc2ncccn2)c1,[-0.07927068  0.8720894  -0.92632306 -0.8012237  -0.22640948]
Cc1ccc(N=C=O)cc1,[ 0.45979017  0.5634415  -0.7575986  -0.2582077   0.6583424 ]
Cc1cc(OC(=O)N(C)C)n(-c2ccccc2)n1,[-0.33851445  0.7897206  -0.6735823  -0.63037974 -0.07438508]
C=C(C)C(=O)OCCCC,[ 0.06628755  0.69346637 -0.9092984  -0.86694616  0.74284506]
COc1cc(OC)c(C(=O)CCCN2CCCC2)c(OC)c1,[ 0.39253917 -0.30465382 -0.4384461  -0.6930155   0.59762573]
CC(CO[N+](=O)[O-])(CO[N+](=O)[O-])CO[N+](=O)[O-],[ 0.3159451   0.7497161  -0.91507417  0.31753415 -0.13336174]
Cc1cc(C(=O)c2ccccc2)ccc1N,[-0.8442472   0.5119772  -0.3393983  -0.45485982 -0.35979456]
ClCC(Cl)=C(Cl)Cl,[ 0.5384116   0.55086166 -0.70071644 -0.6311829  -0.20551966]
C#CC1(O)C(CO)OC(n2ccc(N)nc2=O)C1O,[-0.51490164  0.7713877  -0.99000937 -0.66780895 -0.21591818]
Cc1cncc(C)n1,[ 0.57072663  0.8017432  -0.9107955  -0.50159377 -0.5472183 ]
Nc1ccc([N+](=O)[O-])cc1N,[ 0.20778003  0.4840304  -0.6382321  -0.46916723 -0.02130177]
CN[C@H](CC(C)C)C(=O)N[C@H]1C(=O)N[C@@H](CC(N)=O)C(=O)N[C@H]2C(=O)N[C@H]3C(=O)N[C@H](C(=O)N[C@H](C(=O)O)c4cc(O)cc(O)c4-c4cc3ccc4O)[C@H](O)c3ccc(c(Cl)c3)Oc3cc2cc(c3O[C@@H]2O[C@H](CO)[C@@H](O)[C@H](O)[C@H]2O[C@H]2C[C@](C)(N)[C@H](O)[C@H](C)O2)Oc2ccc(cc2Cl)[C@H]1O,[ 0.25865915  0.76578057 -0.6098589  -0.44503692  0.14865102]
CCC(C)(C)c1ccc(Cl)c(OC(=O)NC)c1,[ 0.27318984  0.73974323 -0.7288146   0.05402143  0.16621311]
CCCCC(C)(C)CO,[ 0.12030242 -0.35640943 -0.5276563  -0.4240398   0.28614005]
C[C@@H](NC1=CC(=O)CNC1)c1ccc(Nc2ncc3cc(-c4ccncc4)ccc3n2)cc1,[ 0.26780057  0.7157441  -0.6706662  -0.5939834   0.4255848 ]
CCC(C)OP(=S)(OC)OC,[ 0.01560812  0.85924834 -0.8841054  -0.7220997  -0.2730689 ]
CCCCCCCCCCOc1c(OC)cc(C(N)=O)cc1OC,[ 0.2833711   0.35973653 -0.8973479  -0.46917292  0.02832674]
CCOc1ccccc1OC(c1ccccc1)C1C[NH2+]CCO1,[ 0.29719046  0.8505547  -0.49484462 -1.         -0.10951873]
COc1ccc(C(=O)Nc2ccccc2CCC2CCCCN2C)cc1,[ 0.6108249   1.         -0.80997026 -0.91416425  0.73322046]
Cc1c(Sc2ccc(Cl)cc2)c2c(-c3cnccn3)cccc2n1CC(=O)O,[-0.26242962 -0.40542278 -0.39804405 -0.7776874  -0.00549635]
O=C(O)c1ccccc1C(=O)Nc1cccc2ccccc12,[-0.22394848  0.6967133  -0.77497894 -0.8448626  -0.02691106]
Cc1ccc(CO)cc1N(C)c1ccnc(Nc2cc(N3CCCOCC3)cc(N3CCOCC3)c2)n1,[ 1.          0.7162706  -0.8115118  -0.63443863 -0.03892301]
O=C([O-])c1cc(N=Nc2ccc(S(=O)(=O)Nc3ccccn3)cc2)ccc1O,[-0.50241476  0.82778406 -0.6514979  -0.60369104 -0.29940265]
CCCCCCCCc1ccccc1O,[ 0.21640652 -0.20862599 -0.6076143  -0.38909873  0.11350413]
CNCC(O)c1cccc(O)c1,[-0.41126236  0.8746833  -0.30530125 -0.7940491  -0.07074635]
C[NH2+]C(C)Cc1ccccc1,[-0.15307255 -0.05551067 -1.         -0.75130016  0.4922731 ]
Fc1ccc(Br)cc1,[ 0.01787349  0.7277716  -0.7853899  -0.02137512  0.10087131]
O=[N+]([O-])C(CO)(CO)CO,[-0.03591194 -0.2242172  -0.89966077 -0.7607657   0.10790987]
O=C(O)c1ccccc1-c1c2ccc(=O)cc-2oc2cc(O)ccc12,[-0.22846745  0.9253798  -0.74986255 -0.44541296 -0.26090723]
O=c1cc(N2CCOCC2)nc2n(Cc3cccc(Cl)c3Cl)ccn12,[ 0.3951764   0.9629156  -0.28098834 -0.6367065   0.20912692]
COC(=O)c1cc([N+](=O)[O-])ccc1Cl,[ 0.4612368   0.847039   -0.82647574 -0.8447343  -0.02020207]
CCCCCCCC[Si](OCC)(OCC)OCC,[ 0.3586196  -0.2172538  -0.7586567  -0.05887628  0.30812824]
CN(CCCOCCOCCc1ccccc1)CCc1ccc(O)c2nc(O)sc12,[-0.2884133  -0.5621456  -1.         -0.52854204  0.11404736]
CCOc1cc(OCC)c(C(=O)CCC(=O)O)cc1OCC,[-0.0874213   0.8960924  -0.6312952  -0.8145155  -0.39946157]
COc1cc(C2c3cc4c(cc3C(OC3OC5COC(C)OC5C(O)C3O)C3COC(=O)C23)OCO4)cc(OC)c1O,[-0.25839978  0.44373608 -0.68996084  0.3619307  -0.37896705]
O=C(OCC(COC(=O)c1ccccc1)(COC(=O)c1ccccc1)COC(=O)c1ccccc1)c1ccccc1,[ 0.524582   -0.7251132  -0.69053    -0.47720113 -0.01823739]
CCOC(=O)CCN(SN(C)C(=O)Oc1cccc2c1OC(C)(C)C2)C(C)C,[-0.39563537  0.88692015 -0.709374   -0.76964605 -0.10874937]
COc1ccc(CC2NCC(O)C2OC(C)=O)cc1,[-0.12084062  0.61551476 -1.         -0.79212236  0.165719  ]
CNC(=O)OCc1cccc(COC(=O)NC)n1,[ 0.2176068   0.8148682  -0.8498529  -0.12214347  0.07466045]
CCCCOC(=O)C1CC1OCCCC,[ 0.09746135  0.92677176 -0.99699813 -0.40878263  0.14288077]
CCOP(=S)(OCC)Oc1cccc(F)n1,[ 0.39225757  0.80543685 -0.75759226 -0.72192717  0.59701055]
Clc1cccc([Si]23OCCN(CCO2)CCO3)c1,[ 0.88579637  1.         -0.449769   -0.83236086 -0.5190481 ]
CO[Si](CCCn1c(=O)n(CCC[Si](OC)(OC)OC)c(=O)n(CCC[Si](OC)(OC)OC)c1=O)(OC)OC,[ 0.04461934  0.80367774 -0.9107472  -0.31964654 -0.03308864]
CC(O)c1cccc(N)c1,[ 0.8796171   0.8347999  -0.8148894  -0.1333275  -0.49362928]
CN(C)C1C(O)=C(C(N)=O)C(=O)C2(O)C(O)=C3C(=O)c4c(O)cccc4C(C)(O)C3C(O)C12,[ 0.09554464  0.78560156 -0.7804654  -0.8265455  -0.4560589 ]
Cc1c(-c2c(C)c(N)c3c(C(C)C)c(O)c(O)c(C=O)c3c2O)c(O)c2c(C=O)c(O)c(O)c(C(C)C)c2c1N,[-0.07480954 -0.54680765 -0.2821931  -0.6834728  -0.05222072]
O=C(OCC=Cc1ccccc1)c1ccccc1,[-0.25521883  0.7065033  -0.902206   -0.96912545 -0.21806651]
CN(C)CCC=C1c2ccccc2CCc2ccccc21,[ 0.23372863  0.7401027  -0.26838273 -0.35391298  0.4166393 ]
C=CC(=O)N(C)C,[ 0.46520784  0.5653046  -0.24622908 -0.5425898  -0.12400661]
CCOc1nc(C(Cl)(Cl)Cl)ns1,[ 0.1294937   0.8365259   0.2703607  -0.20256256 -0.19981207]
C[C@@H]1O[C@@H](O[C@@H]2[C@@H](O)[C@H](OCCc3ccc(O)c(O)c3)O[C@H](CO[C@@H]3O[C@H](CO)[C@@H](O)[C@H](O)[C@H]3O)[C@H]2OC(=O)/C=C/c2ccc(O)c(O)c2)[C@H](O)[C@H](O)[C@H]1O,[ 0.7703886   0.8296988  -0.8686189  -0.11802145 -0.62263125]
Cc1cc(C)c(C)cc1C,[ 0.24838945  0.83011645  0.1784045  -0.633035   -0.1852288 ]
O=CC=CC1CO1,[ 0.3450659   0.82907426 -0.6906737  -1.          0.14792538]
C/C([O-])=C(\C#N)C(=O)Nc1ccc(C(F)(F)F)cc1,[ 0.536897    0.4541506  -0.6260582  -1.         -0.11839433]
CC(O)C1C(=O)N2C(C(=O)[O-])=C(SC3CCS(=O)C3)SC12,[ 0.14274418  0.5469598  -0.8083709  -0.7574738   0.17187384]
C#CCN1C(=O)CN=C(c2ccccc2)c2cc([N+](=O)[O-])ccc21,[ 0.21121186  0.8917827  -0.86942685 -0.6070799  -0.3925802 ]
C=CC(=O)OCCOCCC#N,[ 0.4134679   0.7277766  -0.82681537 -0.9238328  -0.07675426]
CCCCCC(O)C=CC1C(O)CC(O)C1CC=CCCCC(=O)O,[ 0.29357028 -0.14780553 -1.         -0.8882875   0.51952136]
C[C@]12C[C@H](O)[C@H]3[C@@H](CCC4=CC(=O)CC[C@@]43C)[C@@H]1CC[C@]2(O)C(=O)CO,[ 0.3528267   0.99917203 -1.         -0.5221287  -0.7487069 ]
CN(C)N=Nc1ccc(I)cc1,[ 0.01416709 -0.5438467  -0.74272835 -1.         -0.11644378]
CC(=O)Oc1cc(C(F)(F)F)ccc1C(=O)O,[-0.13517746  0.9540816  -0.8491432  -0.48916164 -0.03681762]
CCC(C)c1ccccc1,[ 0.23523101  0.8044883  -0.82710254 -0.16448207 -0.6803403 ]
O=C(Nc1cccc(Cl)c1)Nc1nnc(-c2ccncc2)s1,[ 0.21703748  0.723917   -0.8267431  -0.96032697  0.14652765]
O=[N+]([O-])c1ccc(Nc2ccccc2)c(S(=O)(=O)O)c1,[ 0.45821282  0.13211331 -0.48660496 -0.6971805   0.04172515]
O=c1[nH]c2c(O)ccc([C@@H](O)CNCCSCCCNCCc3cccc(Cl)c3Cl)c2s1,[ 0.15085572  0.56186986 -0.6512945   0.10136808 -0.1857033 ]
C=C[Si](OC)(OC)OC,[ 0.33756232  0.77040404 -0.6868109  -0.9776975   0.12392865]
c1c[nH]cn1,[ 0.5728684   0.9579152  -0.37084582 -0.87887645 -0.24646527]
CC[C@H]1OC(=O)[C@H](C)[C@@H](O[C@H]2C[C@@](C)(OC)[C@@H](O)[C@H](C)O2)[C@H](C)[C@@H](O[C@@H]2O[C@H](C)C[C@H](N(C)C)[C@H]2O)[C@](C)(O)C[C@@H](C)C(=O)[C@H](C)[C@@H](O)[C@]1(C)O,[ 0.16993591 -0.76991725 -1.         -1.          0.13030826]
Cc1ccc(-c2ccccc2)cc1,[ 0.10889113  0.56503135 -0.91786635 -0.80690676 -0.04831783]
Cc1cc(Nc2cncc(N[C@@H](C)c3ccc(F)cn3)n2)n[nH]1,[ 0.17936096 -0.7072342  -0.30273706 -0.84953654 -0.07212567]
Cc1ccc(S(=O)(=O)Nc2c(C(=O)N[C@@H](C)C(C)(C)C)c(C)nn2C(C)C)cc1,[-0.13235128  0.79997206 -0.8770918  -0.6883115  -0.21130845]
OC(CCN1CCCC1)(c1ccccc1)C1CCCCC1,[ 0.12787633  0.901268   -0.78767943 -0.6349843  -0.09363683]
CC#CN(CC)CC,[ 0.1519806   0.6153064  -0.76426023 -1.         -0.16598977]
CNc1c(Br)cnc2[nH]c(-c3ccc(S(C)(=O)=O)cc3)nc12,[ 0.08102337  0.8265621  -0.8934881   0.37638962 -0.17824693]
C#CCN(C)c1ccccc1OC(=O)NC,[ 0.20766264 -0.4873205  -1.         -0.80711347 -0.09522647]
O=c1[nH]c2ccccc2n1CCC[NH+]1CCC(n2c(=O)[nH]c3cc(Cl)ccc32)CC1,[ 0.21368122 -0.3303952   0.5542879  -0.36780795 -0.35934758]
Cc1cc(Nc2nc(N[C@@H](C)c3ncc(F)cn3)nc(N3CCOCC3)c2F)n[nH]1,[ 0.10113587  0.80731374 -0.66500604 -0.7862724  -0.06733058]
CCN(CC)CCCCCCCCCCNC(=O)Oc1ccc2c(c1)C1(C)CCN(C)C1N2C,[ 0.41848892  0.466959   -0.07240814 -0.1781141   0.23790076]
Cc1nn(C)c(Oc2ccccc2)c1C=NOCc1ccc(C(=O)OC(C)(C)C)cc1,[ 0.2435066   0.12413203 -0.49176908 -0.45321763  0.33255675]
N#CSCCSC#N,[-0.15561195  0.8316678  -0.9329313  -0.9842517  -0.42191795]
CCCN(N=O)C(N)=O,[ 0.10318286  0.71853983 -0.84475553 -0.6894397   0.18063225]
FC(F)(F)c1nc2cc(Br)c(Cl)cc2[nH]1,[-0.02919157  0.880814   -0.75188756 -0.3886301   0.177032  ]
CNC(=O)c1[nH]cnc1C(=O)Nc1ccc(Cl)cc1,[-0.00119974  0.829572   -0.8561896  -0.68239665  0.09652907]
CCCCn1c(=O)n(CCC)c(=O)c2[nH]c(C)nc21,[ 0.30615082  0.21147737 -0.72282696 -0.55676806 -0.03359831]
Nc1nc(O)c2ncn(COCCO)c2n1,[ 0.40619835  0.8153304  -0.47186664 -0.8794082  -0.33309686]
COCCOCc1ccccc1,[-0.12670994  0.79996634 -0.8738083  -0.55969024 -0.07067881]
CCC(C(=O)O)c1ccc(CC(C)C)cc1,[ 0.19124486  0.7846296  -0.4100403  -0.89337987  0.02529258]
CC1(C)C(=O)N(CO)C(=O)N1CO,[ 0.33740562  0.98503107 -0.6016268   0.47682118 -0.06446831]
C=CN(C)N=O,[ 0.24926285  0.07608972 -0.9034197  -0.37579083 -0.09079149]
N#Cc1cccc(C#N)c1,[ 0.04072277  1.         -0.8302609  -0.9792917   0.4774757 ]
CP(=S)(Oc1ccccc1)Oc1ccc(C#N)cc1,[ 0.34472853  0.6127031  -0.5760642   0.5058523   0.24473906]
CN(C)C(=O)Oc1cccc2sccc12,[ 0.3362408  -0.08758684 -0.59541535 -0.6637331   0.38432893]
CC1=C(CC(=O)O)c2cc(F)ccc2C1=Cc1ccc(S(C)=O)cc1,[ 0.48839295  0.8061799  -1.         -0.9483601   0.23958124]
C[C@@H]1O[C@@H](O[C@H]2[C@H](Oc3cc(O)c4c(c3)O[C@H](c3ccc(O)cc3)CC4=O)O[C@H](CO)[C@@H](O)[C@@H]2O)[C@H](O)[C@H](O)[C@H]1O,[ 0.42997044 -0.11224898 -0.85999453 -0.5255757   0.07578861]
Cc1ncccc1Oc1ncnc(OC2CCN(C(=O)OC(C)C)CC2)c1C,[-0.06051981  0.94243664 -0.7856869  -0.18895918 -0.36143354]
CSCC(=O)N(C)C(=O)Oc1ccccc1OC(C)C,[ 0.27895138  0.5765186  -0.7969978  -0.78168714 -0.22332257]
COCCNC(=O)c1ccc(Nc2ncc3cc(-c4ccncc4)ccc3n2)cc1C,[ 0.2176827  -0.34675518 -0.83221674 -0.43037477  0.6569679 ]
CC(=O)C1OC1(C)C,[ 0.5473147   0.8010432  -0.7050671  -0.6230981  -0.50170857]
CCNC(=O)ON=C1SCOC1C,[-0.15220647  0.7432274  -0.21101047 -0.7771414  -0.49267718]
COC(=O)c1c(Cl)cccc1-c1cnc([C@@H](C)NC(=O)C2(NC(=O)C(F)(F)F)CC2)c(F)c1,[ 0.01398385  0.22019684 -0.7387547  -0.6877477  -0.43676558]
CCCC1CC(C(=O)NC(C(C)Cl)C2OC(SC)C(O)C(O)C2O)[NH+](C)C1,[ 0.5035335   0.7661823  -1.         -0.30833304 -0.16367958]
O=c1[nH]cnc2c1ncn2[C@H]1CC[C@@H](CO)O1,[-0.23242453  0.8084479  -0.97195935 -0.71548426 -0.3338354 ]
Nc1nc2c(ncn2COCCO)c(=O)[nH]1,[ 0.42248112 -0.06179807 -0.74850035 -0.23169449  0.44218463]
CC#CCC(C)C(O)C=CC1C(O)CC2Oc3c(CCCC(=O)O)cccc3C21,[ 0.46076083  0.87798035 -0.7649569  -0.34016854 -0.14488812]
C=CC(=O)OCCc1ccc(CC)cn1,[ 0.05750259  0.840976   -0.9238171  -0.75493896 -0.02311183]
CCC1OC(C)SC1=NOC(=O)NC,[ 0.00390482  0.09527268 -0.46600705  0.6667406   0.21130213]
FC(F)=C(F)CCSc1ncccn1,[-0.04946562  0.5794193  -0.7882337  -0.80432755 -0.00123719]
Cc1ccc(N=CN(C)SN(C)C=Nc2ccc(C)cc2C)c(C)c1,[ 0.40922552  0.89539033 -0.5667313  -0.3220937   0.26333308]
CCn1cc(C(=O)O)c(=O)c2cc(F)c(N3CCN(C)CC3)cc21,[ 0.15719654  0.8196636  -0.8197867  -0.4288909   0.52437466]
C=CCOc1ccccc1C(N)=O,[ 0.22490945  0.48262924 -0.7328007  -0.8229956  -0.31701177]
CC(C(=O)O)c1ccc(C(=O)c2cccs2)cc1,[-0.56623113 -0.551132   -0.9032487  -0.35164094 -0.26936087]
Nc1cc2c(cc1C1CCCCC1)CCC2C(=O)O,[-0.08224679  0.17676444 -0.6121839  -0.23912704 -0.16756065]
CC(C)(C)NC[C@H](O)COc1nsnc1N1CCOCC1,[ 0.34126115  0.8209655  -0.6389827   0.19905905 -0.24076805]
COC(CN1CCN(CCC(O)c2ccccc2)CC1)c1ccccc1,[-0.34110737  0.5918461  -1.         -0.9993464  -0.3470145 ]
C#CC(C)(C)NC(=O)c1cc(Cl)cc(Cl)c1,[-0.00124907  0.9737231  -0.89130133 -0.7842785   0.07677835]
CC(C)OC(=O)C(C(=O)OC(C)C)=C1SCCS1,[ 0.09088372  0.6072489  -0.9455999   0.2786999  -0.11283973]
C=CC(C)CCCC(C)(C)O,[ 0.30168447  0.64057964 -0.37767997 -0.7271131  -0.1119518 ]
O=CC1=CCCCC1,[-0.10095952  0.6942687   0.39271092 -0.44964084 -0.22607327]
NC(=S)Cc1cccc2ccccc12,[ 0.12686066 -0.45747298 -0.5940855  -0.6198618  -0.12459966]
CN(C)S(=O)(=O)CCCCCNC(=O)N(CCCl)N=O,[-0.03875443  0.509144   -0.4807206  -0.73326635 -0.20353544]
O=C(Cl)CCl,[ 0.34473985  0.71093106 -0.273589   -0.6484748  -0.14542945]
O=C(O)COc1ccc(Cl)cc1CN1CCN(S(=O)(=O)Cc2ccccc2)CC1,[ 0.1817813   0.7313331  -0.65066236 -0.48384658 -0.6046582 ]
CC(C)(C)NC(=O)NCCN1CCCC(NC(=O)c2cc(Cl)cc(Cl)c2)C1,[ 0.2060502   0.8089357  -0.5342998  -0.73920333 -0.41246098]
Clc1ccc(Cl)c(Cl)c1,[-0.39149362  0.7754534  -0.86381054 -0.76511073  0.52423424]
COc1c(OP(=S)(OCC(C)C)OCC(C)C)cnn(C)c1=O,[ 0.16498591  0.24203694 -0.76693004 -0.58155787  0.25211018]
CCC(CC)(C(=O)O)c1cccc2ccccc12,[-0.43984824  0.64480925 -0.5639588  -0.8294772   0.057691  ]
O=[N+]([O-])c1cc(Cl)c2nc(C(F)(F)F)[nH]c2c1,[ 0.13483053  0.65606225 -0.7912875  -0.80375075  0.11418636]
COP(=O)(OC)OC(=CCl)c1cc(Cl)ccc1Cl,[ 0.51359314  0.9551705  -0.9783759  -0.64866316 -0.25752994]
CC(C)=CCl,[-0.08537178  0.66133606 -0.8898394  -0.6384445   0.47268322]
Cc1ccc(S(=O)(=O)N(C)C(=O)N2CCC(N3CCC(Oc4ccc(Cl)c(Cl)c4)CC3)CC2)cc1,[-0.21552229 -0.5686177  -0.75078577 -0.7186708   0.1422939 ]
CCC(C)OC=O,[ 0.44037908 -0.6657066  -0.48617354 -0.665932   -0.07020814]
CCCCOCCOCCCC,[ 0.42178646  0.48948452 -0.8907065  -0.9698934   0.20339602]
CCCCN(N=O)C(N)=O,[ 0.41094136  0.67654544 -0.6628366  -0.8035182  -0.2882006 ]
CCOP(=O)(OCC)N(C)c1ccccc1,[ 0.7103094   0.9887854  -0.7611563   0.19086248  0.2407642 ]
CON(C)C(=O)Nc1ccc(Cl)cc1,[-0.00940384  0.80805993 -0.4324162  -0.8767894  -0.2919514 ]
CCNC(=O)CSP(=S)(OC)OC,[ 0.28957883  0.9352837  -0.69171757 -0.77000517 -0.20051515]
CC(C)(C)NCCC(O)c1cc(C(F)(F)F)nc2c(C(F)(F)F)cccc12,[ 0.1794648   0.5903371  -0.7214504  -0.23951653  0.32768226]
FC(F)(F)c1nc2c(I)cc(I)cc2[nH]1,[ 0.21170321  0.83099616 -0.73005396 -0.6320857  -0.38919935]
CCCNC(=N)C(OCC)c1ccccc1,[ 0.381702    0.88493043 -1.         -0.32485577  0.85396767]
COc1cc(OC)c(S(=O)(=O)NCc2ccccc2N2CCC(COC(=O)CCC(=O)O)CC2)cc1NC(=O)CCC(=O)O,[-0.19458497  0.86846703 -0.88955265 -0.89104414 -0.37613496]
CN(C1CCCCC1)C1CCCCC1,[ 0.37607253  0.5825299  -0.27189308 -0.77817017 -0.07406324]
N#Cc1c(-c2ccc(-c3ccncc3Cl)cc2)nc2ccncc2c1O,[ 0.21746868  0.92872036  0.2921433  -0.6687406   0.07642203]
C[C@H](CO)Nc1nc(SCc2cccc(F)c2F)nc2nc(N)cnc12,[ 0.3572254   0.34947547 -0.6337597  -1.         -0.21747379]
CN(C)CC=C(c1ccc(Br)cc1)c1cccnc1,"[-6.4571277e-04  1.0000000e+00 -5.3767842e-01 -8.9417547e-01
  4.4991994e-01]"
C=C(C)C(=O)OCCC[Si](OC)(OC)OC,[-0.16973744  0.8917566  -0.86019856 -0.79604334 -0.23025522]
Nc1ccc(O)c([N+](=O)[O-])c1,[-0.7365434   0.8057203  -0.9066542  -0.8948189  -0.27564242]
C=CC(=O)OCC(CC)CCCC,[ 0.02785092  0.92742485 -0.74717146 -0.86720943  0.55306226]
Cc1ccsc1C(=CCC[NH+]1CCCC(C(=O)[O-])C1)c1sccc1C,[-0.18536696  0.6998041  -0.7414346  -0.8888227   0.503504  ]
CC(C)(C)c1nnc(NS(=O)(=O)c2ccccc2)s1,[ 0.27060732  1.         -1.          0.05567102 -0.04930039]
ClCC1CO1,[ 0.38347426  0.60943735 -0.6788576  -0.83714885 -0.18290867]
CC(=O)OC(C)OC(=O)C(C)c1ccc(-c2ccccc2)c(F)c1,[ 0.41941944  0.8194099  -0.782318   -0.70902073  0.77741265]
N#CCc1ccccc1,[ 0.05264019  0.6067365  -1.         -0.7510067  -0.4391044 ]
NCC1CCC=CO1,[-0.35672775  0.5857053  -0.78958195 -0.7605876   0.1757108 ]
C[NH2+]C(C)C1CCC(N)C(OC2C(N)CC(N)C(OC3OCC(C)(O)C([NH2+]C)C3O)C2O)O1,[ 0.186486    0.77166224 -0.61810625 -0.46744084 -0.2671139 ]
CCOC(C)COC(C)CO,[-0.18490128  0.81468433 -0.76745117 -0.5008437  -0.16211912]
Cc1cnc(C)cn1,[ 0.55349016  0.6073192  -0.9332596  -0.6735171   0.31786838]
CC1CS1,[ 0.17122771  1.         -0.8429221  -0.8589605  -0.05626059]
CCC(=O)NCCC1CCc2ccc3c(c21)CCO3,[-0.13636766  0.424896   -0.82981735 -0.73567706  0.1541296 ]
CCOC(=O)C=Cc1ccc(Cl)cc1,[ 0.10384513 -0.20903693 -0.60620314 -0.33557948  0.0802216 ]
CC(O)C#N,[-0.40712276  1.         -0.69073516 -0.8342097   0.3970965 ]
COc1cc(C=CC(N)=O)ccc1O,[ 0.13488618  0.7208032  -0.94427854 -0.74318856 -0.25040993]
N#CCCCCC#N,[-0.22248083 -0.12542412 -0.76922065  0.99891996  0.09727941]
CC(=S)NC[C@H]1CN(c2ccc(-c3nnc(CNS(C)(=O)=O)s3)c(F)c2)C(=O)O1,[ 0.7000859   0.89106065 -0.8330062   0.0354044  -0.5004266 ]
O=c1cc(-c2ccc(O)cc2)oc2cc(O)cc(O)c12,[-0.01291433  0.7898133  -0.870575   -0.9395757  -0.13889837]
CN1CCN2c3ncccc3Cc3ccccc3C2C1,[ 0.32296106  0.47252747 -0.6811587  -0.28022674 -0.5697461 ]
O=C(CN1CCNCC1)NN=Cc1ccc([N+](=O)[O-])o1,[-0.16476628 -0.87497306 -0.7262268  -0.36127013  0.00965594]
O=C1NC(c2ccc(Br)cc2)Nc2ccccc21,[ 0.19665754  0.9001612  -0.5436542  -0.7628329  -0.41155094]
Cn1c(=O)sc2cccc(Cl)c21,[-0.15998843  0.8650757  -0.3315134  -0.84076494 -0.27985856]
C[C@@H](NC1=CC(=O)CC1)c1ccc(Nc2ncc3cc(-c4ccncc4)ccc3n2)cc1,[-0.5250319   0.73303056 -0.3439081  -0.40252358 -0.04064947]
CC[C@H](CO)NC(=O)[C@H]1C=C2c3cccc4[nH]cc(c34)C[C@@H]2N(C)C1,[ 0.11145886  0.85297674 -0.67553383 -0.82454425 -0.43343857]
CCCNC(=O)[N-]S(=O)(=O)c1ccc(Cl)cc1,[ 0.6127844   0.8698184  -0.5336094  -0.3029163   0.10050005]
O=c1oc(-c2ccccc2)nc2ccccc12,[-0.03176601  1.         -0.46026975 -1.          0.36934987]
CCCCCCCCCCCC(=O)OCC(O)C1OCC(O)C1O,[ 0.02806242  0.46509358 -0.784603   -0.26388517 -0.22250289]
CCOC(=O)c1ccc(C#Cc2ccc3c(c2)C(C)(C)CCS3)nc1,[ 0.38943824 -0.18561491 -0.9210425  -0.24137482 -0.48715717]
CCN(N=O)C(C)OC,[ 0.48813394  0.83430475 -0.69252604 -1.          0.26286563]
Oc1ccc2c(c1)CCC2,[ 0.23516549  0.8394327  -0.8877427  -0.97884417  0.0528587 ]
CC1=NN(c2ccccc2)C(=O)C1,[-0.72667915  0.8927273  -0.7565385  -0.9933814  -0.29757556]
CC(C)c1cc(Oc2ccccc2)cc(C(C)C)c1NC(=S)NC(C)(C)C,[ 0.39757308  1.         -0.8522915  -0.48247164 -0.16969877]
C1CCC2CCCCC2C1,[ 0.27013355  0.6777636  -0.72484046 -0.82960147  0.06821255]
c1ccc2sc(SNC3CCCCC3)nc2c1,[ 0.16533065  0.80132496 -0.7985017  -0.7578548  -0.4363952 ]
Nc1ccc(F)c(F)c1F,[-0.07928661  0.7832329  -0.5848895  -1.          0.8036167 ]
CCCSP(C)(=S)Oc1ccccc1,[ 0.5931264   0.72057533 -0.7117692  -0.54238236 -0.36140525]
CCN(CCO)C(=O)c1oc2cccnc2c1-c1cccc(C(F)(F)F)c1,[ 0.23917742 -0.18457532 -0.11856754 -0.66794384 -0.7282708 ]
C=CC(=O)N1CN(C(=O)C=C)CN(C(=O)C=C)C1,[ 0.59666026  0.49466538 -0.81217283 -0.7217024  -0.59134185]
CCOP(=O)(NC(C)C)SCC(=O)NCOC,[ 0.333474    0.4661186  -0.6702265  -0.72247183 -0.35171646]
C[N+](C)(C)[NH2+]CCC(=O)[O-],[ 0.19331294  0.5294253  -0.90214074 -0.8582174   0.10165013]
Cc1cc(C)c(N)c(C)c1,[ 0.10078295 -0.20391369 -0.73569554 -0.12711494  0.7214982 ]
CCOP(=O)(CC)SC,[ 0.04048586  0.8737893  -0.8024194  -0.6621841   0.49933138]
C=CC(=O)Nc1ccc(O)cc1,[-0.20598304  0.14019684 -0.95624775 -1.         -0.14747258]
CCC(C)CCCCC(=O)NC(CCN)C(=O)NC(C(=O)NC(CCN)C(=O)NC1CCNC(=O)C(C(C)O)NC(=O)C(CCN)NC(=O)C(CCN)NC(=O)C(C(C)O)NC(=O)C(CC(C)C)NC(=O)C(CCN)NC1=O)C(C)O,[-0.03021122  0.8365349  -0.85096174 -0.84180725 -0.08841147]
O=C(O)c1cccc(Cl)n1,[-0.03802734  0.90871006 -0.7596044  -0.48647904  0.35008097]
Cc1cn([C@H]2CCCN([C@H](CC(C)C)c3ccc(C(=O)O)c(Oc4cccc(Cl)c4)c3)C2)c(=O)[nH]c1=O,[ 0.16083783  0.872248   -0.92319983 -0.769079   -0.7382494 ]
O=C(OCCc1ccccc1)c1ccccc1,[ 0.5474509   0.36713073 -0.8351898  -0.1220279   0.09143279]
COCCOCCOC(C)=O,[ 0.5220619   0.83895785 -0.59312314 -0.4429931  -0.0678108 ]
CC(O)COC(C)CP(CC(C)OCC(C)O)CC(C)OCC(C)O,[ 0.01602711  0.80485773 -0.7288229  -0.96701634  0.05267469]
Cc1c(Sc2ccc(Cl)cc2)c2c(S(C)(=O)=O)cccc2n1CC(=O)O,[-0.40270808  0.8053688  -0.82864463 -0.7426344  -0.32410192]
O=[N+]([O-])c1cc(C2CCCCC2)c(O)c([N+](=O)[O-])c1,[ 0.27900845  0.9370869  -0.41824132 -0.5657541  -0.20378317]
Cc1cc(Sc2cc(C)c(O)c(C(C)(C)C)c2)cc(C(C)(C)C)c1O,"[ 1.5635757e-01  7.6295590e-01  5.4963649e-04 -6.0666180e-01
 -1.2222098e-01]"
CCN1CN(CO)C(=O)N(CO)C1,[ 0.5941161   0.33099663 -0.8030519  -1.          0.12060348]
COC(=O)c1cc(Oc2ccc(Cl)cc2Cl)ccc1[N+](=O)[O-],[-0.27667588 -0.19509904 -0.6526976  -1.         -0.1312504 ]
NS(=O)(=O)c1cc2c(cc1Cl)NC(C(Cl)Cl)NS2(=O)=O,[ 0.27773643  0.84027916 -0.7826445  -0.67848784  0.08116923]
O=C(CCC(=O)OC1CCCCC1)OC1CCCCC1,[ 0.33888987  0.21256323 -0.0222316  -0.8948191   0.1157914 ]
C[C@@H]1NC(=O)[C@@H](C)N(C)C(=O)[C@H](C)N(C)C(=O)[C@@H](C)N(C)C(=O)[C@@H](C)N(C)C(=O)[C@H](C)NC1=O,[ 0.01022422  0.7706743  -0.7042496  -0.70049554 -0.33357596]
OCCOCCN1CCN(C(c2ccccc2)c2ccccc2)CC1,[ 0.05773509  0.9287114  -0.96580577 -0.9790444  -0.11890147]
FC1(F)CC(C2CC3(Cl)C(Cl)=C(Cl)C2(Cl)C3(Cl)Cl)C1(F)F,[ 0.44644213  0.17875834 -0.8159436   0.10321575 -0.2002279 ]
CC1(C)SC2C(NC(=O)C(C(=O)[O-])c3ccsc3)C(=O)N2C1C(=O)[O-],[ 0.7043187   0.56959283 -0.9869435  -0.38146308 -0.26635277]
O=[N+]([O-])c1ccc(O)c(CNCCO)c1,[ 0.59343344  0.7654643  -1.         -0.58475107  0.28297427]
O=S1(=O)CCN(c2ccccc2)CC1,[ 0.2997343   0.7733388  -0.79229236 -0.66095304  0.7345527 ]
CC(c1ccccn1)c1c(CC[NH+](C)[14CH3])sc2ccccc12,[-0.08277675  0.79528266  0.1424632  -0.18484157 -0.33428955]
[NH3+]CC1CCC(C(=O)[O-])CC1,[ 0.13238405  0.73972523 -0.58976376  0.17675392 -0.15661596]
CC(C)NC(=O)c1cnc(N2CCC(N3C(=O)OCc4ccccc43)CC2)c(Cl)c1,[ 0.01244277  0.8903496  -0.49036476 -0.33148298 -0.12492066]
Cc1ncc(CS)c(CO)c1O,[ 0.22157022  0.4278955  -0.8692914  -0.87113076  0.03699674]
Clc1cc(Cl)cc(Cl)c1,[ 0.70014834 -0.6441269  -0.69089705 -0.39735886  0.39848596]
COc1ccccc1Oc1c([N-]S(=O)(=O)c2ccc(C)cn2)nc(-c2ccncc2)nc1OC,[ 0.3272622   1.         -1.         -0.77494967 -0.01151995]
O=C(CCl)CCl,[ 0.04099678  0.8429236  -0.6899047  -0.2461375  -0.2862961 ]
Cc1c(OC2CCN(CC3CCN([C@@H](Cc4ccc(F)cc4)C(=O)O)CC3)CC2)ccc(C#N)c1Cl,[-0.19381617  0.99486494 -0.04568499 -0.5565244   0.50279003]
O=S(=O)(O)c1ccc2cc(Nc3cccc4c(O)c(S(=O)(=O)O)ccc34)ccc2c1O,[ 0.05481936 -0.8947681  -0.7176414  -0.11345211  0.6213576 ]
COc1cc2nc(N3CCN(C(=O)C4COc5ccccc5O4)CC3)nc(N)c2cc1OC,[ 0.3386189   0.72623706 -0.611267   -0.35580838 -0.6236638 ]
CCN(CC)c1ccc2c(C)cc(=O)oc2c1,[ 0.47660613  0.24134675 -0.8311867  -0.5465718   0.2100779 ]
Cc1c(C(C)C)c(=O)n(-c2ccccc2)n1C,[ 0.15780723  0.4437307  -0.6156669  -0.39048183  0.9129539 ]
CN1CCN(CCC=C2c3ccccc3Sc3ccc(S(=O)(=O)N(C)C)cc32)CC1,[-0.14369051 -0.03288199 -1.         -0.73660463  0.1311424 ]
COC(C)C=O,[-0.8107381  0.8549998 -0.5113398 -0.6734069  0.8260374]
Cn1c(C(=O)NC2(C(=O)N[C@H](Cc3ccccc3)C(=O)NCCCN3CCOCC3)CCCC2)cc2ccccc21,[-0.47345868  1.         -0.6116871  -0.3943716  -0.46041706]
CC(CC(=O)OC(C)(C)C)NC(=O)C1=NOC(C(O)(C(F)(F)F)C(F)(F)F)C1,[ 0.48142174  0.5328972  -0.8531165  -0.3762262  -0.5245337 ]
CCOC(=O)C(CCc1ccccc1)NC1CCc2ccccc2N(CC(=O)O)C1=O,[-0.09967718  0.6629958  -0.77164954 -0.56553614 -0.6768626 ]
Cc1ncc(C[n+]2csc(CCO)c2C)c(N)n1,[ 0.05304165  0.0012204  -0.8950009  -1.          0.5689749 ]
COc1cc(OC)c(S(=O)(=O)N2c3ccccc3CCC2C)cc1NC(=O)COCC(=O)O,[ 0.4808956   0.79197407 -0.7646228  -0.5405149  -0.12740219]
Cc1cn([C@H]2CCCN(S(=O)(=O)c3ccc(C(N)=O)c(Oc4cccc(Cl)c4)c3)C2)c(=O)[nH]c1=O,[-0.07416062  0.57894516 -0.7651638  -0.7651406  -0.03851175]
CN(C)CCOc1cc(NS(=O)(=O)c2c(Cl)cc(C(F)(F)F)cc2Cl)ccc1Cl,[ 0.30364004  0.5289879  -0.87698334 -0.6740356  -0.02702002]
CC(=O)N[C@H](Cc1ccc2ccccc2c1)C(=O)N[C@H](Cc1ccc(Cl)cc1)C(=O)N[C@H](Cc1cccnc1)C(=O)N[C@@H](CO)C(=O)N[C@@H](Cc1ccc(O)cc1)C(=O)N[C@H](CCCNC(N)=O)C(=O)N[C@@H](CC(C)C)C(=O)N[C@@H](CCCNC(=N)N)C(=O)N1CCC[C@H]1C(=O)N[C@H](C)C(N)=O,[ 0.05697357  0.9827861  -0.67140216 -0.8927469  -0.2574782 ]
CC(CO)Oc1ccccc1,[-0.04242839  0.8365545  -0.9635679  -0.75079924 -0.18782124]
C[C@H](CO)Nc1nc(SCc2ccccc2F)nc2[nH]c(=O)sc12,[-0.05747533  1.         -0.34339237 -0.5549367   0.07344983]
Cc1c(OCC(F)(F)F)ccnc1C[S+]([O-])c1nc2ccccc2[nH]1,[ 0.13034181  0.85871106 -0.8244624  -0.5885095   0.25099406]
N#CCCOCCC#N,[-0.2123492   0.8648436  -0.8806877  -0.8889726  -0.32442296]
CCC(=O)CC,[-0.01339664  0.7855451  -0.84474474 -0.8056699  -0.40260205]
COc1ccc(C[C@@H]2c3cc(OC)c(OC)cc3CC[N@+]2(C)CCC(=O)OCCCCCOC(=O)CC[N@@+]2(C)CCc3cc(OC)c(OC)cc3[C@H]2Cc2ccc(OC)c(OC)c2)cc1OC,[-0.2424697   0.6086346  -0.3285376  -0.6513636   0.13142988]
Cn1cncc1CN(CCN(Cc1ccccc1)S(=O)(=O)c1ccccn1)c1ccc(C#N)cc1,[ 0.24668057  0.7055245  -1.         -0.59384346  0.14676242]
CC1CCC(N)CC1N,[-0.04621713  0.7268395  -0.6056169   0.65154904 -0.04765654]
N=C(N)N[N+](=O)[O-],[-0.2372724   0.8227134  -0.7050885  -0.5786801  -0.47980958]
ClC(Cl)(Cl)c1cccc(C(Cl)(Cl)Cl)c1,[ 0.03675192  0.89361924 -0.920575   -0.9156243  -0.30640858]
CCCCCCCCC1OC1CCCCCCCC(=O)OCC1(CC)OC1CCC,[ 0.08208117 -0.37319624 -0.5851059  -0.7998583  -0.10171645]
Clc1nc(Cl)nc(Cl)n1,[-0.34549493  0.41030267 -0.7860029  -0.9002696   0.27941862]
Cc1ncsc1C(=O)N(Cc1cc(=O)[nH]c2c(F)cccc12)c1cccc(Cl)c1,[ 0.02913827  0.86807394 -0.9916137  -0.69701284 -0.25676936]
c1ccc(C2CO2)cc1,[-0.41691673  0.33117962 -0.4794088  -0.83080137 -0.28443015]
O=C(Nc1cccc(Cl)c1)OCC#CCCl,[-0.3374973   0.67410034 -0.8892336  -0.8363447  -0.26288304]
Nc1cc2c(S(=O)(=O)O)cc(S(=O)(=O)O)cc2cc1S(=O)(=O)O,[ 0.10189428  0.8726806  -0.96374303 -0.7562444  -0.22362874]
O=C(O)Cc1ccccc1N1CCC(CN2CCC(Oc3ccc(Cl)c(Cl)c3)CC2)CC1,[-0.31477442  0.8840664  -0.8926506  -0.95798695 -0.3832051 ]
Cc1nc(C(F)(F)F)ccc1C(=O)Nc1ccc(Cl)c(-c2ccccn2)c1,[ 0.10749202 -0.6054933  -0.4691793  -0.44640362 -0.12721045]
Cc1ccc([N+](=O)[O-])cc1,[-0.04595957  0.4755368  -1.         -0.55467296 -0.08353657]
CCN(Cc1cc(C(F)(F)F)ccc1-c1cc(CC(=O)O)ccc1OC)C(=O)NCc1ccccc1,[-0.30524114  0.8687479  -0.76493216 -0.9281245   0.17057917]
COCCNCc1ccc(Nc2ncc3cc(-c4ccncc4)ccc3n2)cc1,[ 0.10703973  0.78825754 -0.8293932  -0.69551927 -0.06534632]
C=CC(=O)OCC(=O)OCC,[-0.8868722   0.84994245 -0.25284812 -0.7883422  -0.01953792]
Cc1cccc(C)c1CCNC(N)=O,[-0.33685043  0.9245683  -0.78453064 -0.7887065   0.4204772 ]
CC1OC(OC2C(O)CC(OC3C(O)CC(OC4CCC5(C)C(CCC6C5CC(O)C5(C)C(C7=CC(=O)OC7)CCC65O)C4)OC3C)OC2C)CC(O)C1O,[-0.35207662  0.30465022 -0.624157   -0.62254304 -0.05620128]
ClC(=NNc1c(Cl)cc(Cl)cc1Cl)c1ccccc1,[ 0.39162245  0.9070711  -0.8300705  -0.6463015   0.2281914 ]
CNC(=O)Oc1ccc(CCC#N)cc1,[ 0.119013    0.70597976 -0.8047182  -1.          0.32762125]
O=C(O)CCCOc1ccc(Cl)cc1Cl,[-0.3563392  -0.01974661 -0.55263627 -0.66109765 -0.2496774 ]
Cc1cnc(NCCCN(C)C)c2c1[nH]c1ccc3cc(O)ccc3c12,[ 0.06859682  0.7859845   0.7773224  -0.22259212  0.15503956]
COP1(=S)OCc2ccccc2O1,[-0.13985607  0.34059355 -0.44361326 -0.5210117  -0.10113543]
O=C(Oc1ccccc1)n1c(C(F)(F)F)nc2cc(Cl)c(Cl)cc21,[ 0.04212014  0.9917613  -0.6556272  -0.08231278 -0.3850975 ]
CNC(=O)c1[nH]cnc1C(=O)Nc1ccc(OC)cc1,[ 0.32143155  0.9748667  -0.49259606 -0.7065852   0.23687595]
CC(=O)c1c(C)c2cnc(Nc3ccc(N4CCNCC4)cn3)nc2n(C2CCCC2)c1=O,[-0.37498876  1.         -1.         -0.45444766 -0.00365616]
C=CC[N+]1([C@H]2C[C@H]3[C@@H]4CC[C@H]5C[C@H](O)[C@@H](N6CCOCC6)C[C@]5(C)[C@H]4CC[C@]3(C)[C@H]2OC(C)=O)CCCC1,[-0.02287536  1.         -0.76038235 -0.9977248  -0.2778917 ]
C[NH+]1CCc2cccc3c2C1Cc1ccc(O)c(O)c1-3,[ 0.39437485  0.2822737  -0.7211945  -0.6556186   0.09853242]
O=[N+]([O-])OC1COC2C(O)COC12,[-0.06235882  0.894983   -0.8901396  -0.97469026 -0.2581893 ]
CCCN(CCC)c1c([N+](=O)[O-])cc(C(C)C)cc1[N+](=O)[O-],[ 0.24657053  0.89201194 -0.8023243  -0.8069213   0.6925154 ]
CCC(=O)O,[-0.18312961  0.78770155  0.63552934 -0.29888862  0.0978453 ]
CN=C=S,[ 0.31722978  0.9964511  -0.6909661   0.26960364  0.27257288]
C=CS(C)(=O)=O,[-0.11038297  0.8189916  -0.90653163 -0.65609944  0.566094  ]
COc1nc(C)nc(Cl)c1NC1=NCCN1,[ 0.2094497   0.9188199  -1.         -0.73162687 -0.25741884]
CCOC(=O)C1OC1c1ccccc1,[ 0.39210287  0.85340124 -0.7515487  -0.68904924 -0.09896823]
CC(C)CCC(C)Nc1ccc(Nc2ccccc2)cc1,[ 0.27916265  0.7212076  -0.8627357  -0.8071108  -0.24791802]
Cc1cc(Nc2nc(N[C@@H](C)c3ccc(F)cc3)ncc2Cl)n[nH]1,[ 0.27055714  0.7371921  -0.6736349  -0.81967574 -0.4897843 ]
COC(=O)C(C)N(C(=O)Cc1ccccc1)c1c(C)cccc1C,[-0.11332105  0.0850434  -0.76705253 -0.8153489  -0.07178514]
Oc1ccc(O)cc1,[ 0.30701333  0.80424494 -0.58284473  0.03550715 -0.25523454]
COc1ccc2c3c1OC1CC(O)C=CC31CC[NH+](C)C2,[-0.34126955 -0.5484175  -1.         -0.6587287  -0.09651418]
C1=CC2C=CC1C2,[ 0.07543112  0.9797773  -0.95096534 -0.5915115   0.30847612]
COP(=S)(OC)Oc1ccc(S(N)(=O)=O)cc1,[ 0.1696329   0.25185287 -1.         -0.7605465  -0.13265005]
CCC(=O)OCc1ccc(OC)cc1,[ 0.48434764  0.21539667 -0.6038264  -0.81447655  0.0818935 ]
O=C(CCCCC(=O)OCC1CC=CCC1)OCC1CC=CCC1,[-0.20719284 -0.93098664 -0.7432794  -0.6967489  -0.42110905]
CN(C)C(=O)Cl,[ 0.318553    0.38726413 -0.61464894 -0.4286183   0.35575232]
Oc1nc(-c2ccccc2)nc2ccccc12,[ 0.4111721   0.34870005 -1.         -1.          0.3793312 ]
Cc1cc(Nc2nc(N[C@@H](C)c3ccc(F)cn3)c(C#N)cc2Cl)n[nH]1,[ 0.23022516  0.70645005  0.24808532 -0.4359919  -0.4819544 ]
O=c1[nH]c(=O)c2ccccc2o1,[ 0.2958873   1.         -0.573395   -0.6418041  -0.24303912]
ClCCCBr,[ 0.02920293  0.36456266  0.22374018 -0.8269451   0.186678  ]
CC(=O)N(C)c1ccc2ccn(-c3cc(NC4CC4)n4ncc(C#N)c4n3)c2c1,[ 0.04710379 -0.42895913 -0.6679908  -0.5893915  -0.3822619 ]
C[NH+]1CCOC(c2ccccc2)c2ccccc2C1,[ 0.45059845  0.28466064 -0.799679    0.36996812 -0.19035612]
CCN1C(=O)C=CC1=O,[ 0.31424215  0.8650329  -0.53443044 -0.7045131  -0.45524383]
CCC(=O)N(c1ccccc1)C1CC[NH+](CCc2ccccc2)CC1,[-0.16791251  0.695725    0.4572245  -0.39677936 -0.38310552]
CC(=O)N(C)C,[ 0.2606345   0.9282845  -0.9905962  -0.71779466 -0.5645713 ]
Nc1ccc(N)cc1,[ 0.2412916   0.57011026 -0.29672247 -0.41716278 -0.05110572]
COc1cc2c(cc1OC)C(Cc1cc(OC)c(OC)c(OC)c1)[N+](C)(CCCOC(=O)CC/C=C\CCC(=O)OCCC[N+]1(C)CCc3cc(OC)c(OC)cc3C1Cc1cc(OC)c(OC)c(OC)c1)CC2,[-0.0252981   0.9559751  -1.         -0.67185265 -0.00397536]
C[C@H](CO)Nc1nc(SCc2cccc(F)c2F)nc2[nH]c(=O)cnc12,[ 0.29778567  0.84204465 -0.6601271  -0.5586346   0.08903018]
COc1ccc(N)c([N+](=O)[O-])c1,[ 0.06532817  0.86661714 -0.7982376  -0.89699286 -0.18767083]
CNC(=O)[C@@H]1Cc2cn(cn2)CC(=O)N2CCC[C@H]2C(=O)N[C@@H](C)C(=O)N1C,[-0.06910603  0.8293724  -0.9019841  -0.8950684   0.04886189]
NC(=O)c1cnc(N[C@@H]2CCCC[C@@H]2N)nc1Nc1cccc(-n2nccn2)c1,[-0.3437208   0.8518168  -0.8643149  -0.81941265  0.31421122]
CN1CCN(c2ccc3ncc(C(N)=O)c(Nc4ccc(Cl)c(Cl)c4)c3c2)CC1,[-0.15397793  0.08657413 -0.63390994 -0.24862124 -0.02896376]
COC1CCC=CO1,[-0.5270226   0.8860186   0.24342564 -0.8132599   0.06849546]
C[C@@](N)(Cc1ccc(O)c(O)c1)C(=O)O,[ 0.11242288  0.7947282  -0.50801736 -0.7454377  -0.20215897]
Cc1ccccc1S(=O)(=O)NC(=O)N1CCC(N2CCC(Oc3ccc(Cl)c(Cl)c3)CC2)CC1,[ 0.13948421  0.8089212  -0.8803624  -0.6920574  -0.7186924 ]
COc1cccc2c1cc([N+](=O)[O-])c1c(C(=O)O)cc3c(c12)OCO3,[-0.2769783   0.10451824 -0.64466214 -0.65461546 -0.02157977]
C1=CCCC=CCCC=CCC1,[-0.30584142  0.70243615 -0.8611657  -0.8495974  -0.3246683 ]
CCCSP(C)(=S)OP(C)(=S)SCCC,[-0.05475087  0.83517194 -0.8883858  -0.9580009  -0.0885951 ]
Cc1cc(-n2cccc2)c(S(C)(=O)=O)cc1C(=O)NC(=N)N,[ 0.35794964  0.7939692  -0.7227059   0.1106655  -0.2402902 ]
CCCCC(CC)COCCO,[-0.21336521  0.7179457  -0.84006244 -0.38958523  0.28678825]
OCCCCC(O)CO,[ 0.19614033  0.5532537  -0.70295554 -0.6914669  -0.44513223]
CC[C@H]1CN(Cc2cc(Cl)ccc2OCC(=O)O)CCN1S(=O)(=O)c1ccccc1,[ 0.17264742  0.7355895  -1.         -0.8254508  -0.32407624]
CC(C)NCC(O)COc1ccc(COCCOC(C)C)cc1,[-0.3286224   0.7988937  -0.47710338 -0.9048016  -0.3385669 ]
C#CCc1ccc(COC(=O)C2C(C=C(C)C)C2(C)C)o1,[ 0.21827836  0.37514657 -0.51580465 -0.8739633   0.12000753]
CCCCCCC(N)C(=O)N[C@@H](Cc1c(C)cc(O)cc1C)C(=O)N1CCC[C@@H]1C(=O)N[C@@H](Cc1c[nH]c2ccccc12)C(=O)N[C@@H](Cc1ccccc1)C(N)=O,[-0.11623847  0.60164124 -0.04704555 -0.44807157 -0.44705757]
CCCCOC(=O)CC(SC(CC(=O)OCCCC)C(=O)OCCCC)C(=O)OCCCC,[ 0.02815137  0.8867348  -0.61070436 -0.33691657 -0.32265124]
COP(=O)(OC)SC(CC(=O)OC(C)C)C(=O)OC(C)C,[ 0.15251754  1.         -0.7407026  -0.5653569   0.23896362]
Cc1cc(Nc2nc(N[C@@H](C)c3ccc(F)cn3)c(C#N)cc2F)n[nH]1,[ 0.28125483  0.27418768 -1.         -0.6579353  -0.5986892 ]
CC(C)(C)c1ccc(OP2OCC3(CO2)COP(Oc2ccc(C(C)(C)C)cc2C(C)(C)C)OC3)c(C(C)(C)C)c1,[-0.06111934  0.49146324 -0.25833136 -0.18442406  0.02953117]
CCCOC(=O)c1ccc(C(=O)OCCC)nc1,[ 0.29160076  0.95389044 -0.11232428 -0.71324915 -0.1204657 ]
C=C1CC1CC(N)C(=O)O,[ 0.13319379  0.7689335  -0.9092985  -0.6451952   0.59950453]
C1=CC2C3C=CC(C3)C2C1,[ 0.38930327  0.74437106 -1.         -0.8558526  -0.19459817]
COc1cc2c(cc1OC)C1CC(=O)C(CCC#N)CN1CC2,[-0.00159403  0.7423901  -0.84701145 -0.8272331   0.4922105 ]
Cc1cc(=O)cc(-c2ccccc2)o1,[ 0.41839623  0.67812806 -0.70490354 -0.85049796 -0.07498908]
CC(=O)SCC(=O)Nc1nc2ccccc2s1,[-0.26278502  1.         -0.81488794 -0.7979037   0.44835   ]
OCC(O)C(O)C(O)CO,[ 0.33869332  0.81973565 -0.03413059 -0.3138029   0.18550773]
COC(=O)c1ccccc1N=NN(C)C,[ 0.09890267  0.9151312  -0.5581522  -0.6338344  -0.35749462]
COc1c2ccoc2c(OCC2OC2(C)C)c2oc(=O)ccc12,[ 0.6665803   0.5798061  -0.08491598 -0.36020255 -0.09382613]
CNC(=O)Oc1cc(C)c(N(C)C)cc1C(C)C,[ 0.5962839   0.90151906 -0.87269914 -0.16960302 -0.22440585]
C=COCCOC,[ 0.24205738  0.869218   -0.8983237  -0.84063625  0.8026394 ]
COc1cccc(OC)c1O,[-0.5191085  -0.03611341 -0.7485584  -0.8273319  -0.27490368]
O=Cc1cccc2ccccc12,[ 0.11953399 -0.35321465 -0.49059084 -0.5250327   0.13722828]
CCC(c1ccccc1)c1c(O)c2ccccc2oc1=O,[ 0.00980037  0.8895808  -0.91804016 -0.935198   -0.3107874 ]
CC1OC(n2ccc(NC(=O)c3ccc(NC(=O)C(C)(N)CO)cc3)nc2=O)CCC1OC1OC(C)C(N(C)C)C(O)C1O,[ 0.5982431   0.9841939  -0.7938197  -0.7368261  -0.44191068]
CC(C)(C)CNC(=S)Nc1cccnc1,[ 0.00611263  0.986343   -0.9355395  -0.86179256 -0.04922977]
O=C1C(Cl)C(CCl)CN1c1cccc(C(F)(F)F)c1,[ 0.15233374  0.9161838  -0.73463404 -0.22356893  0.8229537 ]
Clc1ccc(C2(Cn3cncn3)OCCO2)c(Cl)c1,[ 0.14851005  0.33338583 -0.96654785 -0.10865825 -0.52660805]
CCCCN(CCCC)CCCC,[-0.16782044  0.85008323 -0.7400947  -0.6375377  -0.36300206]
CCOc1cc2ncc(C(N)=O)c(Nc3ccc(F)cc3F)c2cc1N1CCN(C2CC2)CC1,[-0.04250007 -0.09418092 -0.25448108  0.22369048 -0.02600696]
Cc1cccc(Nc2ccncc2S(=O)(=O)[N-]C(=O)NC(C)C)c1,[ 0.04151897  0.73666     0.59561586 -0.4761415  -0.31052876]
c1ccc(COCc2ccccc2)cc1,[ 0.5200516   0.8513936  -0.8464253  -0.23833853 -0.00820793]
COc1cc2c3cc1Oc1cc(ccc1O)CC1c4c(cc(OC)c(O)c4Oc4ccc(cc4)CC3[NH+](C)CC2)CC[N+]1(C)C,[ 0.24710721  0.84241176 -0.6987241  -0.6603871  -0.21469964]
Cc1ccc(N2CC(COc3ccc(-c4noc(C)n4)cc3)C2)nn1,[-0.10833187  0.9368781  -1.         -0.4742697  -0.04877416]
CCCCCCCCCCCCCCCCCC(=O)Cl,[ 0.3214017   0.7857225  -0.6490621  -1.         -0.20817845]
O=C(CSc1nc2c(c(=O)n1-c1ccccc1)SCC2)Nc1ncc(-c2ccccc2)s1,[ 0.54041356 -0.01207962 -0.6412138  -1.         -0.17606552]
CCc1cc2c(s1)-n1c(C)nnc1CN=C2c1ccccc1Cl,[-0.24757513  0.6883984  -0.69607073 -0.8866745   0.9112226 ]
CC(=O)Nc1ccc(CNc2[nH]nc3ccnc(Oc4ccccc4)c23)cc1,[ 0.259064    0.8050437  -0.80031985 -0.7892765  -0.25062326]
C=C(C)c1ccc(C(C)(C)N=C=O)cc1,[-0.02704181  0.87486756 -0.70085067 -0.74747115 -0.40785348]
COCC(=O)O[C@]1(CCN(C)CCCc2nc3ccccc3[nH]2)CCc2cc(F)ccc2[C@@H]1C(C)C,[ 0.10536149  0.80157745 -0.37355432 -0.0981213  -0.58265346]
CS(=O)(=O)c1nc(-c2ccc(F)cc2)n(-c2ccc(Cl)cc2)n1,[-0.11956979  0.8431384  -0.87522966 -0.8027182  -0.29152966]
NC(=O)CCCCC1CCSS1,[ 0.00436233 -0.32708314 -0.77305853 -1.         -0.15670645]
CCOCCCO,[ 0.16630565  0.24740727 -0.65474063 -0.3860408   0.30205148]
CC(CN1CCOCC1)C(C(=O)N1CCCC1)(c1ccccc1)c1ccccc1,[-0.00363746  0.67332023 -1.         -0.7072489   0.20342611]
C#CC1(O)C=CC2C3CCC4=CC(=O)CCC4C3CCC21CC,[-0.45122498  0.38750008 -0.78217757 -0.5259085  -0.2167798 ]
CN1CCC(=C2c3ccccc3Sc3ccccc32)CC1,[ 0.2435048  0.9324267 -0.8669552 -0.6362831 -0.1540232]
CCS(=O)(=O)c1ccc(-c2cc(Cl)ccc2OCC(=O)O)cc1,[-0.6973395   0.7109021   0.12941359 -0.846761    0.19033536]
O=CNc1cc([C@@H](O)CNCCc2ccc(NC[C@H](O)c3ccccc3)cc2)ccc1O,[ 0.5100358   1.         -0.46786454  0.55513257  0.58173853]
CCOc1cc2nnc(C(N)=O)c(Nc3ccc(F)cc3F)c2cc1N1CCN(C)CC1,[ 0.30119443  0.41977602 -0.6877986  -0.6253024   0.17543152]
Cc1ccc2c(c1)c(Sc1cccc(Cl)c1)c(C)n2CC(=O)O,[-0.07591266  0.76434964 -0.7907336  -0.56453735 -0.1007611 ]
CC(C)CNC(=O)NS(=O)(=O)c1ccc(Cl)cc1,[-0.33346283  0.7563108  -0.8137781  -0.43302107 -0.4558529 ]
C#CC(C)(C)O,[ 0.3868015   0.558393   -0.8033584   0.10604071 -0.1342173 ]
C=CC(=O)OCCOCC,[ 0.37679896  0.8440842  -0.5105275   0.24546234 -0.0460211 ]
Cc1ccc2c(c1)c(-c1ccnc3c(C)cccc13)c(C)n2CC(=O)O,[ 0.05368355  0.9821356  -0.6591846  -0.8579117  -0.5890374 ]
Cc1c(OCC(F)(F)F)ccnc1CS(=O)c1nc2ccccc2[nH]1,[ 0.3325179   1.         -0.8293913  -0.9449228  -0.49057597]
CCC(=O)OC1C(C)OC(OC2C(C)OC(OC3C(CC=O)CC(C)C(O)C=CC=CCC(C)OC(=O)CC(OC(C)=O)C3OC)C(O)C2N(C)C)CC1(C)O,[ 0.19361599  0.68482465 -0.86826617 -0.6168507   0.85083306]
Nc1cccc(N)c1,[ 0.02888457  0.9363615  -0.8444189  -0.71996045  0.18720551]
C=C(OP(=O)(OC)OC)c1ccc(Cl)cc1Cl,[ 0.34028244  0.95551634 -0.8633237  -0.65119946  0.45090085]
CCN1C(=O)NC(c2ccccc2)C1=O,[ 0.02787836  0.5049946  -0.42501953 -0.25205413  0.770688  ]
Clc1cc(Cl)c2nsnc2c1Cl,[-0.70972025  0.8881817  -0.90964127 -0.77865934 -0.37265742]
NCCCNCCSP(=O)(O)O,[ 0.44944298 -0.34787244 -0.7511296  -0.7222692  -0.12474935]
CCP(=O)(OC)SC,[-0.21862592  0.96702784 -0.8076167  -1.          0.7472292 ]
O=C(CCCN1CCC(O)(c2cccc(C(F)(F)F)c2)CC1)c1ccc(F)cc1,[ 0.12183623  0.83000946 -0.85379577 -0.60761994 -0.07324091]
CC(=O)CCc1ccc(O)cc1,[ 0.40260518  0.7795717  -0.81481683 -0.7749274  -0.61081636]
CCCCOC(C)OCCCC,[-0.2623408   0.809471   -0.12750179 -0.7441599  -0.26634163]
COP(N)(=O)SC,[-0.46254537  0.8167554  -0.54242104 -0.9151214  -0.05596076]
CCON=C(CC)C1=C(O)CC(c2c(C)cc(C)cc2C)CC1=O,[-0.292076    0.11347385 -0.37281352 -0.5106053  -0.16400082]
O=c1n(CC2CO2)c(=O)n(CC2CO2)n1CC1CO1,[ 0.2230497   0.00506158 -1.         -1.         -0.45196378]
CO[C@@H]1C=CO[C@@]2(C)Oc3c(C)c(O)c4c(c3C2=O)C(=O)/C(=C\NN2CCN(C)CC2)C(=C4O)NC(=O)C(C)=CC=C[C@@H](C)[C@H](O)[C@H](C)[C@H](O)[C@@H](C)[C@@H](OC(C)=O)[C@@H]1C,[ 0.26197106  0.95036924 -0.46556416 -0.40726     0.43400395]
CCCS,[ 0.4389575   1.         -0.9014806  -0.5297649  -0.52715254]
O=C(Cc1ccc(Cl)c(C(F)(F)F)c1)Nc1cccc2c(=O)n(CCO)ccc12,[ 0.4258325   0.39751893 -0.62670577 -0.67481214 -0.29226306]
O=C(O)COc1ccccc1,[ 0.14477146  0.7822294  -1.         -0.33710352 -0.34686285]
CC(C)Oc1cc(-n2cnc3ccc(N[C@@H](CO)c4ccc(F)cn4)nc32)n[nH]1,[-0.40086126  0.00805486 -0.7746712  -0.9373669  -0.28806204]
c1cc(-c2ccc3nc(Nc4ccc(OCCN5CCCC5)cc4)ncc3c2)ccn1,[-0.20134594 -0.31915176 -1.         -0.6624875  -0.14048867]
Clc1ccc(N2N=NC3C4CC(C5N=NC45)C32)cc1,[ 0.23619696  0.7670987  -0.61235124 -0.4310322  -0.44794497]
CCCC(=O)OC1(C(=O)COC(=O)CC)CCC2C3CCC4=CC(=O)CCC4(C)C3C(O)CC21C,[ 0.09872583  0.7164745  -0.81200445 -0.5773724   0.5574585 ]
C=CC(=O)OCCOCCOC(=O)C=C,[-0.02922882  0.97509676 -0.3871046  -0.8710529   0.06153188]
Cc1cc(Cl)ccc1OCC(=O)O,[ 0.21147251  0.6564237  -0.96283    -0.8369099  -0.19547378]
Cc1ccc(NC(=O)c2ccc(C#N)cc2)cc1-n1cnc2ccc(N3CCN(C)CC3)cc2c1=O,[-0.13692549  1.         -0.7319292  -1.          0.1996346 ]
Brc1ccc2[nH]cc(CC3CCNCC3)c2c1,[ 0.23755893  0.861435   -0.8838623  -0.7615057  -0.01570765]
CC(C(=O)O[C@@H]1CC[N+](C)(C)C1)(c1ccccc1)C1CCCC1,[ 0.37473756  0.93070877 -1.         -0.9468867  -0.10659744]
Cc1ccc(Nc2ccc(Nc3ccc(C)cc3)c3c2C(=O)c2ccccc2C3=O)cc1,[ 0.26237062 -0.20972995 -1.         -0.68049693  0.03750857]
CN(CC#N)N=O,[-0.09048198  0.85800815 -0.8300597  -0.8170062   0.26121882]
CN(c1ccc(F)cc1F)c1c([N+](=O)[O-])cc([N+](=O)[O-])cc1C(F)(F)F,[ 0.02527309  0.29314682 -0.22560571 -0.78836745  0.00769871]
CNC(=O)c1cccc2c(Nc3ccc(NS(C)(=O)=O)cc3OC)c3cccc(C)c3[nH+]c12,[ 0.2142846   0.89951044 -0.85150063 -0.31715125 -0.41316128]
CC(C)CON=O,[ 0.6719663   0.75694877 -0.04834243 -0.55016506 -0.2417415 ]
CC(C)[C@H](C(=O)Nc1nccs1)c1ccc(Cl)cc1,[ 0.15218018  0.04664683 -0.6459145  -0.00763937  0.12759621]
CCCSP(C)(=S)SC(CC(=O)OCC)C(=O)OCC,[-0.31530395  0.81677973 -0.6089307  -0.63243765  0.15068069]
Oc1cc(Cl)c(Cl)c(Cl)c1Cl,[ 0.07151411  0.79629004 -0.84285754 -0.62773347 -0.42179057]
Cc1cc([N-]S(=O)(=O)c2ccc(N)cc2)no1,[-0.04218553  0.91964984 -0.9336253  -0.69799376  0.5253246 ]
CBr,[-0.4588263   0.75588965 -0.9624091  -0.8373735   0.1792279 ]
CC(=O)Oc1cccc(Oc2ccc(C(F)(F)F)cc2Cl)c1,[ 0.43338588  0.74788314 -0.7007783  -0.67661005  0.12767214]
COc1cc2c3c(c1O)C1(C=CC(=O)C=C1)CC3N(C)CC2,[ 0.24987951 -0.2154725  -0.8601469  -0.4337093   0.12321277]
Cc1cnc(C(=O)c2ncnc3[nH]ccc23)c(NS(=O)(=O)c2ccc(Cl)c(C(F)(F)F)c2)c1,[-0.32287735  1.         -0.57123303 -0.839022    0.3152721 ]
CCCCCCCCCCOC(=O)Cc1ccc(N(CCCl)CCCl)cc1,[ 0.15754634 -0.31639773 -0.85313994  0.01164058  0.3456308 ]
CCC(C)c1ccc(Oc2ccc(C)cc2CC(=O)O)c(Cl)c1,[-0.02899813 -0.36278173 -0.4554077  -0.5427142  -0.48219225]
CCN(CC)CCNC(=O)c1cc(Br)c(N)cc1OC,[ 0.03420243  0.87464577 -0.45647588 -0.835549   -0.04479616]
CO/N=C(\C(=O)N[C@@H]1C(=O)N2C(C(=O)O)=C(COC(C)=O)CS[C@H]12)c1csc(N)n1,[ 0.24175897  0.78308266 -0.26154938 -0.6103114  -0.31940335]
CC[C@H](C)C(=O)O[C@H]1C[C@H](O)C=C2C=C[C@H](C)[C@H](CC[C@@H](O)C[C@@H](O)CC(=O)O)[C@H]21,[-0.13469274  0.8429702  -0.649646   -0.83859617  0.41667917]
CCCN(CCC)c1c([N+](=O)[O-])cc(S(N)(=O)=O)cc1[N+](=O)[O-],[-0.15550202 -0.37121716 -0.7377225  -0.65192395 -0.00667495]
CN(C)c1ccc(N=Nc2ccccc2)cc1,[-0.05874875  0.7896777  -0.6232679  -0.67941946  0.44396976]
CCC1=C(C)CN(C(=O)NCCc2ccc(S(=O)(=O)[N-]C(=O)NC3CCC(C)CC3)cc2)C1=O,[-0.21340433  0.76172173 -0.4541733  -0.8002219  -0.17745277]
Oc1c(Cl)c(Cl)cc2[nH]c(C(F)(F)F)nc12,[ 0.2124901   0.85570955 -0.8402068  -0.7049289   0.09886634]
CCOc1ccccc1C(=O)NN=C(C)C(=O)O,[-0.07716319  0.9343299  -0.9807835  -0.70461524 -0.29924423]
Cc1ccc(OP(=O)(Oc2ccccc2)Oc2ccccc2)cc1,[-0.10215956  0.6558195  -0.8755339  -0.5778678  -0.12784345]
CC1CN(C2CCCCCCCCCCC2)CC(C)O1,[ 0.43827957  0.7689826  -0.83185226 -0.44284227  0.46026728]
CSCC(NC(=O)COc1cccc2cnccc12)C(=O)NC(Cc1ccccc1)C(O)C(=O)N1CSCC1C(=O)NC(C)(C)C,[ 0.00646316  0.695446   -0.65075916 -0.92240715 -0.31569865]
CC=Cc1ccc(OCc2ccccc2)c(OC)c1,[ 0.4065222  0.7408287 -0.7960774 -0.6181839 -0.5291679]
COc1ccc2ncc(=O)n(CCN3CC[C@@H](NCc4cc5c(cn4)OCCO5)[C@H](O)C3)c2c1,[ 0.25181308  0.3628739  -0.7493081  -0.8098081   0.06871649]
OCCOc1cc(Cl)c(Cl)cc1Cl,[-0.5816518   0.9288985  -0.68818766 -0.3306382  -0.15188673]
CCNc1nc(NC(C)C(C)C)nc(SC)n1,[ 0.6624376   0.7841763  -0.8182216  -0.536933   -0.07036144]
CSc1ccc(C(=O)c2[nH]c(=O)[nH]c2C)cc1,[ 0.2957348   0.8795418  -0.7931021  -1.         -0.12236658]
N#CC(c1ccccc1)c1ccccc1,[ 0.49743673  0.6088831  -0.17880534 -0.5004137  -0.22571775]
Cc1cc(-n2c(C)nc3ccccc3c2=O)n(-c2ccccc2)n1,[ 0.4934329   0.6817257  -0.62587297 -0.5912595  -0.29135108]
CCOc1ccc([C@@H](C)Nc2nc(N3CCN(C(C)=O)CC3)nc3c2CN(C(C)C)C3=O)cc1,[ 0.32917413  0.35411692 -0.42993495 -0.80270624 -0.08228036]
S=C=NCCN=C=S,[-0.45220605  0.39823818 -0.5159209  -0.5847323  -0.15236893]
N#CC1CC2CC2N1C(=O)C(N)C12CC3CC(CC(O)(C3)C1)C2,[-0.2539431   0.8022958  -0.892801   -0.81603485  0.61458105]
COc1cc2ncnc(Nc3ccc(F)c(Cl)c3)c2cc1NC(=O)/C=C/CN1CCCCC1,[ 0.2258952   1.         -0.5652278  -0.72773457 -0.49608818]
C[C@@H]1NC(=O)[C@H](C)N(C)C(=O)[C@@H](C)N(C)C(=O)[C@H](C)NC(=O)[C@@H](C)NC(=O)[C@@H](C)N(C)C1=O,[ 0.16789944  0.8811032  -0.06613346 -0.8761802   0.11743125]
CCN(CC)CCO,[ 0.3657691   0.92050904 -0.83154297 -0.8308669  -0.32477507]
CC(C)CCCC1CCC(C)(C(=O)NCC(=O)O)CC1,[ 0.5538675  -0.471134   -0.22630097 -0.9356645  -0.03508082]
C=CC(=O)OCCCCCCOC(=O)C=C,[-0.5524318   0.72614557 -0.30547717 -0.68528956 -0.02197631]
CCCCc1c(OC(=O)c2cc(OC)c(OC)c(OC)c2)n(-c2ccccc2)n(-c2ccccc2)c1=O,[-0.31257388  0.9091426  -0.5663258  -0.853527    0.3016389 ]
CC(C)CCCCCN(CCCCCC(C)C)CCCCCC(C)C,[ 0.56345034  0.88241553  0.3846309  -0.31805655 -0.17106669]
Cc1ccccc1COC1CC2(C(C)C)CCC1(C)O2,[-0.13212103  0.32290173 -0.58680636 -0.4769788   0.06105835]
CC(C)(C)NC(=O)C1CC2CCCCC2CN1CC(O)C(Cc1ccccc1)NC(=O)C(CC(N)=O)NC(=O)c1ccc2ccccc2n1,[ 0.41046685  1.         -0.8912042  -0.56378835  0.20570806]
CCCSP(C)(=S)Oc1ccc(Cl)cc1Cl,[ 0.53895444  0.8611961   0.1116429  -0.47476682 -0.3220362 ]
CCOC(=O)C=Cc1ccc2c(c1)OCO2,[ 0.25088271  0.76645    -1.         -0.96077585 -0.30667138]
CC(=CC(=O)O)C(=O)O,[ 0.02851635  0.6731367  -0.9054319  -0.83005977 -0.29575318]
CCCCSCCCC,[ 0.37786245  0.82801807 -0.7433692  -0.9649655   0.27827737]
CCOP(=S)(OCC)Oc1cc(-c2ccccc2)on1,[ 0.46329337  0.574185   -0.7743516  -0.2874939   0.36752278]
Cc1cnc(Nc2cc(N3CCOCC3)nc(N[C@@H](C)c3ncc(F)cn3)n2)s1,[ 0.37662557  0.6130678  -0.8277087   0.14814642  0.0704359 ]
Nc1cc(Cl)ccc1O,[ 0.20949721  0.3855085   0.5739144  -0.28258413 -0.43361178]
NCCNCCNCc1ccccc1O,[-0.00737631  0.92363065 -0.67747486 -0.7904408   0.4539018 ]
CNC(=O)Oc1cccc2c1OC(C)(C)O2,[ 0.21356778  0.75132763 -0.82659924 -0.7213926  -0.05748833]
Cc1cnc(-c2cc(NC(=O)c3ccc(C(F)(F)F)nc3C)ccc2Cl)[nH]1,[ 0.14393723  0.74288833 -0.5623273  -0.41581744  0.37844777]
CC(C)(C#N)C(C)(C)C#N,[ 0.25944102  0.88753134 -0.906747   -0.6834307  -0.31794944]
CC1CCCCOC1=O,[ 0.47248608  0.59366727 -0.07348558 -0.7357035  -0.26407126]
CCOC(=O)c1noc(C)c1C(C)=O,[ 0.39704818 -0.10646255 -0.85330504 -0.7997766   0.17069389]
C#CC1(O)CCC2C3CCC4=CC(=O)CCC4C3C(=C)CC21CC,[-0.15837637  0.8662822  -0.7205782  -0.73568505 -0.34329495]
CSCCC([NH3+])C(=O)NC1(C(=O)[O-])CS(=O)(=O)C2C(C(=O)[O-])C21,[ 0.4938604   0.56888264 -0.41874528 -0.800096   -0.37099037]
O=C(CN1CCOCC1)NN=Cc1ccc([N+](=O)[O-])o1,[ 0.26164362  0.78219444 -0.51449054 -0.82012457  0.07514115]
S=c1[nH]cnc2nc[nH]c12,[-0.37599692  0.36743924 -0.9543052  -0.8586824  -0.18480858]
CN(C)C(Cc1ccccc1)c1ccccc1,[ 0.1278453  0.7490483 -0.8542667 -0.6070194  0.4651612]
C=CCNC(=O)C(=O)C(CCC)NC(=O)C1CC2CN1C(=O)C(C1CCCCC1)NC(=O)Cc1cccc(c1)OCCC(C)(C)O2,[ 0.46708477  0.83978534 -0.7466577  -0.51816887 -0.67846835]
Nc1nc2ccc(OC(F)(F)F)cc2s1,[-0.43891373  0.5963411  -0.98210204 -0.56247723  0.8121726 ]
C=C(Cl)C(Cl)CCl,[-0.09899041  0.503778    0.34227714 -0.10889519 -0.30613923]
O=Cc1ccc(O)cc1,[ 0.3153301   0.76127934 -1.         -0.7804282   0.61238027]
O=[N+]([O-])c1ccc(Cl)c([N+](=O)[O-])c1,[ 0.6182061   0.86724895 -0.7124997   0.6002832  -0.07567436]
CCC1(CC)Oc2cccc(OC(=O)N(C)C(C)=O)c2O1,[ 0.3843092   0.8885332  -0.74109155 -0.9703134   0.24057402]
CC=C(CC)C(=O)NC(N)=O,[ 0.17316978  0.75407237 -0.71887594 -0.4098581  -0.26110604]
CS(=O)(=O)c1ccc(C(O)C(COC(=O)C[NH3+])NC(=O)C(Cl)Cl)cc1,[ 0.03156457  0.89913046 -1.         -0.5795279   0.06588474]
O=C(NC[C@@H](O)CN1CCC(Oc2ccc(Cl)c(Cl)c2)CC1)c1c[nH]c(=O)c2cc(F)ccc12,[-0.5102084  -0.64993274 -0.63070583 -0.90140206  0.11127241]
C1=CCC(C2OCC3(CC=CCC3)CO2)CC1,[-0.5295259   0.238149   -0.5712729  -0.01194557 -0.01668922]
Clc1ccc(OCOc2ccc(Cl)cc2)cc1,[ 0.57447624  0.8517917  -0.47042197 -0.310998    0.3883816 ]
O=C(Cl)c1cccc(C(=O)Cl)c1,[ 0.31183362  0.78714335 -0.69876623 -0.470297   -0.13259272]
Nc1ccc(Cl)cc1,[ 0.37657362  0.6114253  -0.16777013 -0.974616   -0.24407284]
CCNC(=O)C(C)OC(=O)Nc1ccccc1,[ 0.25036687  0.7254361  -0.7040675  -0.8108036  -0.13065882]
CN(CC=CC#CC(C)(C)C)Cc1cccc2ccccc12,[-0.23980962  0.9597684  -0.73148054 -0.74902785 -0.23636314]
CC=C(C(=O)NC(N)=O)C(C)C,[ 0.26040834  0.0403861  -0.59265167  0.8522171   0.1253255 ]
CC(C)OP(=S)(OC(C)C)SCn1nc(Cl)ccc1=O,[-0.3099371   0.8871186  -0.143599    0.27803847 -0.23973247]
CC(=Cc1ccccc1)C=C1SC(=S)N(CC(=O)O)C1=O,[ 0.23895524  1.         -0.7538627  -0.69087297  0.7202577 ]
Nc1ccc(Cl)cc1Cl,[-0.10501835  0.6437545  -0.8696904  -0.88547677 -0.04325507]
CCCOCCN(C(=O)CCl)c1c(CC)cccc1CC,[ 0.4577085   0.6999202  -0.9563698  -0.21222104  0.4532236 ]
COc1ccc2c(O[C@@H]3C[C@H]4C(=O)N[C@]5(C(=O)NS(=O)(=O)C6CC6)C[C@H]5/C=C\CCCCN(C)C(=O)[C@@H]4C3)nc(-c3ccc(F)cc3)nc2c1C,[ 0.37329894  0.54352164 -0.8880515  -0.7573784   0.16439955]
C=CCN1CCC23CCCCC2C1Cc1ccc(O)cc13,[ 0.29613152  0.59278077 -0.26397142 -0.5025669  -0.46892542]
O=[N+]([O-])c1cc(Cl)c(N=Nc2ccc(N3CCS(=O)(=O)CC3)cc2)c(Cl)c1,[ 0.03229824  0.52602077 -0.16469891 -0.65930057 -0.37848443]
C=CC[NH+]1CCCC1CNC(=O)c1cc(S(=O)(=O)NC)c(N)cc1OC,[-0.16847958  0.6300015  -0.05227561 -0.13503805 -0.33154014]
OCCOCCN1CCN(C(c2ccccc2)c2ccc(Cl)cc2)CC1,[ 0.48252973 -0.884656   -0.637907   -0.5239636  -0.3004477 ]
CC(=O)O[C@H]1C[C@]2(O)[C@H]3CC[C@H]4C[C@H](O[C@H]5C[C@@H](O)[C@@H](O[C@H]6C[C@@H](O)[C@@H](O[C@H]7C[C@@H](O)[C@@H](O)[C@H](C)O7)[C@H](C)O6)[C@H](C)O5)CC[C@@]4(C)[C@H]3CC[C@]2(C)[C@H]1C1=CC(=O)OC1,[ 0.28504968  0.7234086  -0.29154    -0.67691445 -0.24787456]
COCc1ccc2c(C(C(=O)NS(=O)(=O)c3ccc(C)cc3OC)c3ccc4c(c3)OCO4)cn(C)c2c1,[ 0.13610864  1.          0.50937116 -1.         -0.17388326]
CCOc1ccccc1-c1ccc(-c2nc3ccncc3c(O)c2C#N)cc1,[ 0.33251575  0.8461653  -0.78886473 -0.921284   -0.4965976 ]
CCCCCCCCCCCCNC(N)=S,[-0.2818629   0.9457793  -0.85709953 -0.05510703 -0.24605171]
Cc1cn([C@H]2CCCN(S(=O)(=O)c3ccc(C#N)c(Oc4cccc(Cl)c4)c3)C2)c(=O)[nH]c1=O,[ 0.4493583   0.5188492  -0.00875245 -0.6085509  -0.16602182]
C=CC[NH+]1CCCC1CNC(=O)c1cc2n[nH]nc2cc1OC,[ 0.31642595  0.5928252   0.23765196 -0.20343804  0.5004982 ]
CCCc1nn(C)c2c(=O)[nH]c(-c3cc(S(=O)(=O)N4CCN(C)CC4)ccc3OCC)nc12,[ 0.2894092   0.41598502 -0.54806453 -0.7135031   0.35711622]
O=c1c2nocc2c(-c2ccccc2)nn1-c1ccccc1,[-0.14646387  0.70778584 -0.7163837  -1.          0.14550027]
CCC(C(=O)O)C1(O)CCCCC1,[-0.1816525  -0.32260126 -0.44420552 -0.6198728  -0.12572162]
Nc1c(CC(=O)[O-])cccc1C(=O)c1ccc(Br)cc1,[ 0.14244075  0.55397546 -0.9889514  -1.          0.9742518 ]
CC1(C)C(C=C(Cl)Cl)C1C(=O)OCc1c(F)c(F)c(F)c(F)c1F,[ 0.5576442   1.         -0.8767131  -0.9362437  -0.12308291]
CC(C)(C)c1ccc(C(=O)O)cc1,[ 0.4193151   0.8462295  -0.74515057  0.5237976   0.13203607]
CCCOCCOC(=O)C1=C(C)NC(C)=C(C(=O)OCCOCCC)C1c1cccc([N+](=O)[O-])c1,[ 0.3876279   1.         -0.85558504 -0.7594244  -0.72029275]
COCCOC(=O)CC#N,[ 0.16853428  0.91031826 -0.6471312  -1.          0.04728751]
COP(=S)(OC)SCc1nnc(SC)s1,[ 0.08655147  0.5963667  -0.30007872 -0.9216774   0.336143  ]
C[C@H](Cc1cccc(CC(=O)NC23CC4CC(CC(C4)C2)C3)c1)NC[C@H](O)c1ccc(O)c(CO)c1,[ 0.02519534  0.7896647  -0.7598665  -0.47343576 -0.47068977]
CCc1cccc(CC)c1N,[-0.2403662   0.79336244 -0.7353324  -0.8429286  -0.117306  ]
COc1nccnc1NS(=O)(=O)c1ccc(N)cc1,[ 0.6226789   0.82651484 -0.63624865 -1.         -0.12665775]
CCOC(=O)COc1ccc(C(=O)CN2CCN(C3CCN(C(=O)OCOC(=O)C(C)(C)C)CC3)CC2=O)cc1,[ 0.1374156   1.         -0.80676204  0.36462522  0.46903923]
ClCC(Cl)Cl,[-0.06919177  0.4835177  -0.79360634 -0.6661084   0.14929347]
C[C@@H]1NC(=O)[C@@H](C)NC(=O)[C@H](C)N(C)C(=O)[C@@H](C)N(C)C(=O)[C@@H](C)NC(=O)[C@H](C)N(C)C1=O,[-0.31188396  0.8207299  -0.69494957 -0.8693868   0.23958889]
CC1[NH2+]Cc2cc(-c3ccc4c(=O)c(C(=O)[O-])cn(C5CC5)c4c3OC(F)F)ccc21,[ 0.34609354  0.8608884  -0.6766399  -0.72214603 -0.23905465]
Cc1c(CN2CCOC(c3ccccc3)C2C)c(=O)n(-c2ccccc2)n1C,[ 0.12621918  0.8092548  -0.48566642 -0.6743597  -0.3543906 ]
COP(=S)(OC)SCC(=O)N1CCOCC1,[ 0.44206905  0.4463804  -0.5520511  -0.01360936  0.1160422 ]
Cc1cc(Nc2nc(N[C@@H](C)c3ccc(F)cn3)c(C#N)nc2C)n[nH]1,[ 0.02629762  0.29437745 -0.7026502  -0.42118824  0.42077887]
CCNC(=S)NCC,[ 0.5202271   0.38622224 -0.7582789   0.14349855 -0.14208418]
CCCCOC(=O)c1ccc(-n2nc(OCCN3CCCCC3)c3ccccc32)cc1,[-0.4219827   0.91891366  0.07351773 -0.86466134  0.12117971]
CCCSP(=S)(OC)SCCC,[ 0.3512109   0.84935665 -0.9970492  -0.5322173  -0.0979503 ]
C1C[SiH2]C1,[ 0.36529207  0.5155226  -0.6047051  -0.8481313   0.06793463]
CC1=C2C[C@H]3[C@@H](CC=C4C[C@@H](O)CC[C@@]43C)[C@@H]2CC[C@]12O[C@@H]1C[C@H](C)CN[C@H]1[C@H]2C,[-0.44611135  0.85740656 -0.37139913 -0.6465663  -0.25238767]
c1ccc2[nH]c(-c3cscn3)nc2c1,[ 0.331592    0.84686637 -0.7694655  -0.36045876  0.5012972 ]
COP(=S)(Cl)OC,[ 0.5224514   0.9403728  -0.9104656  -0.4522904  -0.28551152]
O=C1OCC2C1C1(Cl)C(Cl)=C(Cl)C2(Cl)C1(Cl)Cl,[ 0.47591883  0.40472367 -1.         -0.78078336 -0.39242095]
CC(C)(C)OC(=O)N1CCN(c2ncc(OCc3ccncc3)cn2)CC1,[ 0.1782208   0.8860684  -0.41538987 -0.40713686 -0.21607275]
CCC(C)C(=O)OC1CCC2(C)C3CC(O)C4C5(O)C(CC42OC13O)C1CN2CC(C)CCC2C(C)(O)C1C(O)C5OC(=O)C(C)(O)CC,[ 0.02033425  1.         -0.6661791  -0.739597    0.76853067]
CCC1OC(=O)C(C)C(=O)C(C)C(OC2OC(C)CC([NH+](C)C)C2O)C(C)(OC)CC(C)C(=O)C(C)C2N(CCCCn3cnc(-c4cccnc4)c3)C(=O)OC12C,[-1.          0.8698152  -1.         -0.76173717  0.07977808]
O=C(O)CCC(=O)c1ccc(-c2ccccc2)cc1,[-0.10333711  0.57337517 -1.          0.45347962  0.6592261 ]
CC(C)=CC1C(C(=O)OC(C#N)c2cccc(Oc3ccccc3)c2)C1(C)C,[ 0.2662249   0.59735245 -0.8933057  -0.6310211   0.5060266 ]
O=C(Nc1ccc(Cl)c(C(=O)Nc2cccnc2)c1)c1cccc(C(F)(F)F)c1,[ 0.49101087  0.87836677 -0.6413803  -0.44335335 -0.43423504]
C=CC(=O)OCCOC(=O)CC(C)=O,[ 0.46775013  0.78572553 -0.8301408  -0.54088444  0.23428872]
Cc1c(Cl)c([N+](=O)[O-])c2[nH]c(C(F)(F)F)nc2c1[N+](=O)[O-],[ 0.11420892  0.5806547  -0.3646003  -0.9057555  -0.01020508]
CCOC(=O)CCC[Si](C)(OCC)OCC,[ 0.3119899   1.         -0.93720293 -0.8210261   0.10495704]
CCC(C)N(C)C(=O)c1cc2ccccc2c(-c2ccccc2Cl)n1,[ 0.52078485  0.9339147  -0.6923931  -0.9816081  -0.19788517]
CN(C)CCC(c1ccc(Cl)cc1)c1ccccn1,[ 0.0340199   0.9246953  -0.8725893   0.29633272 -0.45370093]
CC(=O)O[C@H]1C[C@@H]2CC[C@@H]3[C@H](CC[C@@]4(C)[C@H]3C[C@H]([N+]3(C)CCCCC3)[C@@H]4OC(C)=O)[C@@]2(C)C[C@@H]1N1CCCCC1.[Br-],[-0.21026525  0.8725893  -1.         -1.         -0.47324914]
CCCCC(CC)C(=O)OC1=C(c2c(C)cc(C)cc2C)C(=O)c2ccccc21,[ 0.30040708  0.9467513  -0.8338415  -0.65200675 -0.05673427]
CC(=O)NC(CS)C(=O)[O-],[ 0.08109294 -0.29412585 -0.5998571  -0.8804693   0.15794301]
CCCOP(=O)(SCCC)SCCC,[-0.17871223  0.74806535 -0.19480842 -1.         -0.25639406]
CCN(CCO)c1cccc(C)c1,[ 0.2723757   0.74510896 -0.71747166 -0.590637   -0.02764892]
Cc1onc2c(=O)[nH]nc(-c3ccccc3)c12,[ 0.05297631  0.61625946 -0.9979774  -0.44962272 -0.29456738]
O=C(O)c1nn(Cc2ccc(Cl)cc2Cl)c2ccccc12,[ 0.07862132  0.41797495 -0.8100121  -0.6868669  -0.07194833]
CN1CCCCC1CCN1c2ccccc2Sc2ccc(S(C)=O)cc21,[ 0.271984   -0.6436387  -0.6682354  -0.6763188   0.67442703]
COc1cc2nc(N3CCN(C(=O)c4ccco4)CC3)nc(N)c2cc1OC,[ 0.30658606  0.641172   -0.6709848  -0.49355027 -0.28934285]
CCCCOP(=O)(OCCCC)Oc1ccccc1,[ 0.05249671  0.9620808  -0.94949466 -0.85715485 -0.21941653]
CC(C)(O)c1ccc(Nc2nc3ccc(C#N)cc3[nH]2)cc1,[ 0.3326358  -0.6937986  -0.82823503 -0.19018345  0.19068676]
C=COC(=O)CCCCC(=O)OC,[-0.09997014 -0.75207216 -1.         -0.33792904  0.7457407 ]
O=[N+]([O-])c1ccccc1Cl,[ 0.00916843  0.93072677 -0.9905831  -0.69249684  0.24933605]
COc1cc2ncc(C(N)=O)c(Nc3ccc(F)cc3F)c2cc1NCCN1CCCCC1,[ 0.18019617  1.         -0.72650903 -0.5466514   0.36070803]
Cc1cnc(C)c(C)n1,[ 0.26717144  0.89270884 -0.7952166  -0.5026274   0.01726716]
CCCCCCN,[-0.49206844  1.         -0.33300468 -0.8537132   0.21339011]
CCOC(=O)COC(=O)c1cc(Oc2ccc(C(F)(F)F)cc2Cl)ccc1[N+](=O)[O-],[ 0.7543196  -0.12040479 -1.         -0.49871105 -0.39593658]
CCC(O)CO,[ 0.03533627  0.7120722  -0.8516111  -0.3195368  -0.17024565]
O=C(c1ccc(Cl)cc1)c1ccccc1-c1ncc[nH]1,[-0.269716    0.8966156  -0.5282551  -0.7758837   0.01942875]
CC(C)c1cccc(C(C)C)c1O,[ 0.5117684   0.8607669  -0.35189766 -1.         -0.23334558]
CC(N)C(O)c1cccc(O)c1,[ 0.1068603   0.76667595 -0.6880035  -0.7157931  -0.6415101 ]
O=c1cc(-c2ccc(O)cc2)oc2cc([O-])c(C3OC(CO)C(O)C(O)C3O)c(O)c12,[ 0.14597492  0.66463584 -0.4317993  -0.05089957  0.03226353]
BrC12CC3CC(CC(C3)C1)C2,[ 0.09599528  0.48839462 -0.8724014  -0.83909124 -0.10932851]
CO/N=C(/C(=O)NC1C(=O)N2C(C(=O)[O-])=C(C[N+]34CCC(C(N)=O)(CC3)CC4)CSC12)c1nsc(N)n1,[ 0.18445446  0.8405989  -0.7266626  -0.8051881   0.24305661]
CC1CCCCN1N=O,[ 0.284592    0.7403817  -0.7440751  -0.75284857 -0.26100376]
COc1cc2nc(N3CCN(C(=O)C(C)OC)CC3)nc(N)c2cc1OC,[ 0.1769834  0.9446986 -0.5801311 -1.         0.4138506]
C=CC(=O)NCNC(=O)C=C,[ 0.6355529   0.8162462  -0.72528195 -0.6564222  -0.17886546]
CC(C)=CCCC(C)=CCCC(=CCCC(C)=CCO)CO,[-0.00245553  0.6267415  -0.71749467 -0.7180061  -0.64079416]
N#Cc1cc(Br)c(O)c(Br)c1,[ 0.6399631   0.8762957  -0.9534763  -0.5960887   0.26235998]
C=CCc1cc(OC)c2c(c1)OCO2,[ 0.19105335  0.67746353  0.55326134 -0.49185637  1.        ]
O=C1CCc2cc(C=CCN3CCN(c4ccc(Cl)cc4)CC3)ccc2N1,[ 0.2713065  -0.18031976 -0.61784333 -0.3401263  -0.01306212]
Cc1cc(-c2ccc(Cl)c(C(=O)NCC3(O)CCCCCC3)c2)nn1C[C@H](O)CN,[ 0.3691081   0.39161715 -0.96403354 -0.7828333  -0.16479376]
O=C(O)[C@@H](c1ccccc1)N1CCC(CN2CCC(Oc3ccc(Cl)c(Cl)c3)CC2)CC1,[ 0.1962867   0.71199423 -0.77298784  0.03279803 -0.26784945]
Cc1ccc2c(c1)c(-c1ccnc3cc(Cl)ccc13)c(C)n2CC(=O)O,[-0.0473072   0.3198664   0.26119193 -0.8595901   0.15469362]
CCC(=O)N(c1ccccc1)C1CCN(CCc2ccccc2)CC1,[-0.26776582  0.27964365 -0.65683275 -0.47451034 -0.17528181]
Nc1nc(-c2ccccn2)nc(N)c1Cc1ccc(Cl)cc1Cl,[-0.00425404  0.8975019  -0.9515255  -0.73536813  0.69708097]
Nc1c(Cl)c(Cl)c2[nH]c(C(F)(F)F)nc2c1Cl,[ 0.3905243   0.82806736 -0.5783974  -0.79955226  0.19707389]
CC1NC(=S)NC1=O,[-0.02073538  0.89684427 -0.9145571  -1.         -0.23246093]
C[C@@H](N/C(=N\c1ccncc1)NC#N)C(C)(C)C,[ 0.08969263  0.41608956 -0.82595766 -0.8156641  -0.27373078]
FC(F)(F)c1nc2c(Cl)c(Cl)cc(Cl)c2[nH]1,[ 0.3080231   0.14222239 -0.5582342  -0.9096464   0.15795   ]
CC(NNC(=O)c1ccccc1)c1ccccc1,[ 0.6009082   0.41847268 -0.86789095 -0.33058453 -0.11504135]
C(Oc1nc(OCC2CO2)nc(OCC2CO2)n1)C1CO1,[-0.09047205  0.75334466 -0.33736968 -0.69534695 -0.18271016]
CCCCc1nc(Cl)c(CO)n1Cc1ccc(-c2ccccc2-c2nnn[nH]2)cc1,[ 0.03253542  0.8793663  -0.6678713  -0.23086537  0.07198583]
CCCN(CCC)c1c([N+](=O)[O-])cc(C)cc1[N+](=O)[O-],[ 0.47917524  0.94698656 -0.5047155  -0.35597402 -0.07790004]
C[Si](C)(C)CCCC(=O)O,[ 0.0492753   0.8553813  -1.         -0.6291727   0.40553755]
C[NH+](C)CCC(c1ccc(Cl)cc1)c1ccccn1,[ 0.3590508   0.8368551  -0.7342749  -0.8753353  -0.49481848]
CCC(C)OC(CBr)c1ccc(Cl)cc1,[-0.94744974  0.69168377 -0.8531732  -0.73620474 -0.25511524]
C[C@H](Cn1cnc2c(N)ncnc21)OCP(=O)(O)O,[-0.1039511  -0.17745999 -0.66013956 -0.6369074   0.10904726]
NC(=S)NNCNNC(N)=S,[-0.19553165 -0.5692085  -0.8468922  -0.39080593 -0.28952986]
CC[C@@H]1OC(=O)[C@@H](C)[C@H](O[C@@H]2C[C@](C)(OC)[C@H](O)[C@@H](C)O2)[C@H](C)[C@H](O[C@@H]2O[C@H](C)C[C@H](N(C)C)[C@H]2O)[C@@](C)(O)C[C@@H](C)/C(=N\OCOCCOC)[C@H](C)[C@@H](O)[C@@]1(C)O,[ 0.06173358  0.8187202  -0.58883864 -0.37669587  0.1328244 ]
CON=C(Cc1cccnc1)c1ccc(Cl)cc1Cl,[-0.4656204   0.7153855  -0.7991594  -0.65520895  0.3676815 ]
C=CN(CC)C(C)=O,[-0.07175383  0.6979776  -0.3589605  -0.6756844  -0.01109127]
Cc1cccc(C)c1O,[ 0.28498495 -0.20001008 -0.23415898 -0.45051217 -0.19229797]
COc1cc2ncc(C(N)=O)c(Nc3ccc(C)cc3F)c2cc1OC,[ 0.3228423   0.78752583 -0.70230746 -0.6753959  -0.24515112]
C=CCc1cc(OC)c(OC(C)Cc2cc(OC)c(OC)c(OC)c2)c(OC)c1,[-0.68004763  0.74858177 -0.6683166  -0.36673427 -0.0672932 ]
CCN[C@@H]1C[C@H](N)[C@@H](O[C@H]2OC(CN)=CC[C@H]2N)[C@H](O)[C@H]1O[C@H]1OC[C@](C)(O)[C@H](NC)[C@H]1O,[ 0.09677006  1.         -0.7484136  -1.          0.32170424]
C[C@@H](O)[C@H]1C(=O)N2C(C(=O)O)=C(SCCNC=N)C[C@H]12,[ 0.16404244 -0.37373424 -0.54390585 -0.98574924  0.01319689]
CCOP(=O)(O)O,[-0.00721644  0.8714685  -0.69644326 -0.67020327 -0.32280195]
CC(C)Cn1c(=O)n(C)c(=O)c2c(C(=O)N3CC[C@@H](O)C3)c(Cc3c[nH]c4ccccc34)sc21,[ 0.5049608   0.69970644 -0.69561535 -0.539474    0.24238701]
NC(=O)[C@H](Cc1ccccc1)NC(=O)OCc1ccccc1,[ 0.26815158  0.9501031  -0.82148546 -0.9281756   0.3029193 ]
CC(C)CCI,[ 0.46716285  0.8569508  -0.6173751  -0.3705749   0.14147182]
C=CCc1ccc(OC(C)=O)c(OC)c1,[ 0.19999921  0.9719777  -1.         -0.9294617   0.09178364]
S=c1[nH]c2cc(Cl)ccc2o1,[ 0.09479259  0.85152584 -0.2983678  -0.60617    -0.33257315]
CCCCCCCCCCCCCCCCCCOP(=O)([O-])OCC[N+]1(C)CCCCC1,[ 0.2798531  -0.7279591  -0.459338   -0.26178873 -0.21486308]
O=C(NC(CCc1ccc2c(c1)OCO2)CCc1ccc2c(c1)OCO2)c1ccc(Cl)cc1,[ 0.3724583   0.55113953 -0.7157986  -0.7463289  -0.10408843]
CC(=O)N[C@H](C)C(=O)NCCc1ccccc1,[-0.15330985  0.31215703 -0.4205703  -0.88041884 -0.15204239]
Cc1cccc2sc3nncn3c12,[ 0.3258578   0.778531   -0.61699325 -0.1282881  -0.30829158]
CN1CN(CCO)CSC1=S,[ 0.25199792  0.69439363 -0.74677676 -0.6349306   0.14280435]
O=C(Cc1cccs1)N[C@@H]1C(=O)N2C(C(=O)[O-])=C(C[n+]3ccccc3)CS[C@H]12,[ 0.5133804   0.6246764  -0.84527904 -0.23284854  0.0783922 ]
NCCCC[C@H](N[C@@H](CCc1ccccc1)C(=O)O)C(=O)N1CCC[C@@H]1C(=O)O,[-0.4083964   0.7210533  -0.72507095 -0.7578782  -0.27175197]
COc1cc(OC)c(S(=O)(=O)NCc2ccccc2N2CCCCC2)cc1NC(=O)CCC(=O)O,[ 0.27033123  0.6119471  -0.632393   -0.9375362  -0.10253052]
c1ccc2c(c1)CC(N1CCN(c3cccc4c3OCCO4)CC1)C2,[ 0.14828935  0.6304291  -0.43449616 -1.         -0.05480507]
COc1cc([C@@H]2c3cc4c(cc3[C@@H](O[C@@H]3O[C@@H]5CO[C@@H](C)O[C@H]5[C@H](O)[C@H]3O)[C@H]3COC(=O)[C@H]23)OCO4)cc(OC)c1O,[ 0.16401272  0.7524412  -0.8286483  -0.66190636  0.6480764 ]
CC(C)=CCN1CCC2(C)c3cc(O)ccc3CC1C2C,[-0.11218308  0.9143328  -0.98000354 -0.6128397   0.26207027]
CCC(C)(C)C1CCC(=O)CC1,[ 0.48971608  0.5572656  -0.578835   -0.8420874  -0.09233723]
CCOP(=O)(OCC)Oc1nc(Cl)c(Cl)cc1Cl,[ 0.13355981  0.94445324 -0.76401097 -0.6989897  -0.2630127 ]
CC(C(O)c1ccc(O)cc1)[NH+]1CCC(O)(c2ccccc2)CC1,[-0.24507228  0.61364126 -0.5818299  -0.70163786 -0.01241718]
CCCOC(=O)Cc1ccc(OCC(=O)N(CC)CC)c(OC)c1,[-0.8707154   0.82795894 -0.8063683   0.0487016   0.23705956]
CCCCCCCC=CC=O,[ 0.1386924   0.82814133 -0.87492347 -0.7674594   0.7090794 ]
C=CCI,[ 0.3555473   0.5272908  -0.68418854  0.24414487  0.20324622]
CCOc1ccccc1C(N)=O,[ 0.8244289   0.85966885 -0.4815009  -0.06719507 -0.4798885 ]
CCCCC(CC)OCCOCCO,[ 0.2713547   0.87955207 -0.80579484 -0.5784478  -0.15303722]
CCC(CC)n1nc(C)c(C(=O)N[C@@H](C)C(C)(C)C)c1NS(=O)(=O)c1ccc(C)cc1,[ 0.22025526  0.77672184 -0.32432988 -0.60131973 -0.5208628 ]
Cc1ccc2nc(C[N+]34CCC(CC3)[C@@H](OC(=O)[C@](C)(c3ccccc3)N3CCCCC3)C4)oc2c1,[ 0.43016943  0.77730626 -0.6882445  -0.5032419  -0.7161399 ]
CC#CCC(C)C(O)/C=C/C1C(O)CC2C/C(=C/CCCC(=O)[O-])CC21,[-0.60512733  0.7892505  -0.45409486 -0.44456834 -0.10170428]
CC(O)C(=O)Nc1c(I)c(C(=O)NC(CO)CO)c(I)c(C(=O)NC(CO)CO)c1I,[ 0.5482755   0.616915    0.29573703 -0.16942807 -0.3766133 ]
Cc1cc(=O)nc(SCc2ccccc2N(C)C)[nH]1,[ 0.07419381  0.78245556 -0.7777095  -0.9741702  -0.18114132]
CC(=O)OC(C(Cl)(Cl)Cl)P(=O)(Oc1ccccc1)Oc1ccccc1,[ 0.09784193 -0.13900292 -0.38554615 -0.7918592  -0.08525722]
O=C(CO)N1CCC(c2[nH]nc(-c3ccc(Cl)cc3F)c2-c2ccncn2)CC1,[ 0.3392576   0.99379283 -0.83766216 -0.25875694  0.56527096]
CC(O)C(Cl)(Cl)Cl,[-0.301676    0.8932648  -0.7401375   0.2745851   0.34426492]
ClCc1ccccc1,[ 0.30729374  1.         -0.38301092 -0.96136254  0.26328027]
CCC(=O)OC1CCC2C3CCC4=CC(=O)CCC4(C)C3CCC12C,[ 0.26331022 -0.6849954  -0.55917645 -0.49264178  0.90005094]
CCOC(=O)C(CCc1ccccc1)NC(C)C(=O)N1C(C(=O)[O-])CC2CCCCC21,[ 0.4024764   0.847593   -0.3057832  -0.11415441 -0.08075282]
COc1ccccc1Oc1c([N-]S(=O)(=O)c2ccc(C(C)C)cn2)nc(-c2ccnc(-c3nnn[n-]3)c2)nc1OCCO,[ 0.5548684   0.6958304  -0.67027456 -0.55861944  0.19312283]
C[C@@H]1CN(Cc2ccc(F)cc2)CCN1C(=O)COc1ccc(Cl)cc1NC(N)=O,[-0.40373203  0.7798878  -0.31181762 -0.7106292   0.15657932]
CCC[NH+]1CCCCC1C(=O)Nc1c(C)cccc1C,[ 0.16567872  0.6023421  -0.71546537 -0.672684   -0.1585527 ]
CCc1ccc2[nH]c(C(F)(F)F)nc2c1,[ 0.28947273 -0.22131024 -0.8914986  -0.65138906 -0.15697847]
CN(C)CC/C=C1/c2ccccc2COc2ccc(CC(=O)O)cc21,[0.03305382 0.29802668 0.08015839 0.32422394 0.03903399]
COc1c(OCc2ccc(-c3ccccc3-c3nnn[nH]3)cc2)cc(C)nc1C,[ 0.29623535  0.91011775 -0.9509145  -0.48955697  0.42007735]
Cc1c(OC2CCN(CC3CCN([C@@](C)(Cc4ccc(F)cc4)C(=O)O)CC3)CC2)ccc(Cl)c1Cl,[ 0.41561797  0.63274604 -0.7898937  -0.5623831  -0.09481978]
CN(C)C(=O)C(CCN1CCC(O)(c2ccc(Cl)cc2)CC1)(c1ccccc1)c1ccccc1,[ 0.28656322  0.61706513 -0.47154954  0.28001377 -0.08682394]
C=CCOC(=O)CCCCC,[ 0.1810963   0.75318015  0.10822953  0.57985514 -0.23692483]
C=CC(=O)OC1CC2CCC1C2,[-0.3492523   0.66820425 -0.7537227  -0.6025546  -0.20525679]
Nn1cnc2cc3ccccc3cc2c1=O,[-0.03196001  0.9805651  -0.24115908 -0.5579675  -0.2567962 ]
CN(C)NC(=O)CCC(=O)O,[ 0.24719143  0.731123   -0.83902246 -0.7952654  -0.1348585 ]
COP(=O)(SC(C)C)SC(C)C,[-0.17960219  0.71858805  0.1462744   0.10664875 -0.3382887 ]
CC(C)[N+](=O)[O-],[ 0.18236648  0.89549035 -1.         -0.67836285  0.11193845]
CNC(=O)CSP(C)(=S)OC,[ 0.2529882  -0.06901769  0.01692685 -0.19965687 -0.09317108]
CC(=O)Oc1ccc2c3c1OC1C(OC(C)=O)C=CC4C(C2)[NH+](C)CCC341,[ 0.59266937 -0.362965   -0.5086174  -0.2469694  -0.07780421]
Oc1ccc2[nH]c(C(F)(F)F)nc2c1,"[ 1.2995781e-04  9.6883684e-01 -5.8892453e-01 -9.9414963e-01
 -3.3507258e-01]"
CN1C(=O)CN=C(c2ccccc2F)c2cc(Cl)ccc21,[-0.43997964  0.4539464  -0.7949127  -0.84021467 -0.19042239]
CC1CCCCC1NC(=O)Nc1ccccc1,[ 0.37909523  0.21960446 -0.6141669  -1.         -0.16129617]
CNC(=O)c1cccc2c(Nc3ccc(NS(C)(=O)=O)cc3OC)c3cccc(C)c3nc12,[-0.48772064  0.7501282  -0.7428123  -0.53517336  0.76713127]
O=[N+]([O-])c1cccc(O)c1,[ 0.3450319   0.7914864  -0.8114649  -0.79605275 -0.14625628]
Nc1nc2c(Cc3cccnc3)c[nH]c2c(=O)[nH]1,[ 0.03869287  0.99265087 -0.88308346 -0.7768426   0.09951117]
C/C=C/CC(C)C(O)C1C(=O)NC(CC)C(=O)N(C)CC(=O)N(C)C(CC(C)C)C(=O)NC(C(C)C)C(=O)N(C)C(CC(C)C)C(=O)NC(C)C(=O)NC(C)C(=O)N(C)C(CC(C)C)C(=O)N(C)C(CC(C)C)C(=O)N(C)C(C(C)C)C(=O)N1C,[ 0.02252159  0.8554218  -0.737727   -0.8495333  -0.05899503]
COc1cc(N)c2c(c1N)C(=O)c1ccccc1C2=O,[ 0.00296722  0.41553032 -0.738993   -1.         -0.04509867]
O=C(O)CCCCCC(=O)O,[ 0.2704922   0.8384644  -0.7474094  -0.11137805 -0.44202477]
Cc1ccc(C(=O)c2ccc(CC(=O)NCC(=O)Nc3cccc(C)c3C)n2C)cc1,[ 0.21221116  0.70198923 -0.7021706   0.07501404 -0.09810507]
O=C1COc2ccc(CNC3CCN(CCN4C(=O)COc5ccc(Cl)cc54)CC3)nc2N1,[ 0.30185533  0.7745224  -0.87670803 -0.6801098  -0.45403484]
CCCc1c(OCc2cccn3c(=O)c(CCC(=O)O)cnc23)ccc(C(C)=O)c1O,[ 0.15304388 -0.70229906 -0.38874876 -0.56816435 -0.04354063]
C=CCC1/C=C(\C)CC(C)CC(OC)C2OC(O)(C(=O)C(=O)N3CCCCC3C(=O)OC(/C(C)=C/C3CCC(O)C(OC)C3)C(C)C(O)CC1=O)C(C)CC2OC,[ 0.5194007   0.73711723 -0.59101754 -0.85876065 -0.5601408 ]
CCOP(=S)(OCC)OC(C)CC,[-0.11231362  0.37084752  0.54285437 -0.61402446  0.6038922 ]
CNC(=O)Oc1ccc(Cl)c2c1OC(C)(C)C2,[-0.36017862 -0.06768897  0.2769217  -0.7362364  -0.21753025]
FCOC(C(F)(F)F)C(F)(F)F,[-0.07599778  0.4002097  -0.80232537  0.3536569  -0.00592151]
CCOC(=O)Cl,[ 0.09841353 -0.4630882  -0.8721324  -0.9922918   0.0957348 ]
O=C(Oc1ccccc1)c1ccccc1C(=O)Oc1ccccc1,[ 0.04948425  0.6206363  -0.826448   -0.5569685  -0.12257467]
C=C(C)C(=O)OC=C(C)C,[ 0.32260394  0.82659924 -0.7894779  -1.         -0.08512101]
CON=C(C(=O)NC1C(=O)N2C(C(=O)O)=C(COC(N)=O)CSC12)c1ccco1,[-0.33378085 -0.7441144  -0.8073342  -0.79529786 -0.05935769]
CC(C)CN,[-0.6440261   0.89739364 -0.8344738  -0.70235026 -0.1092461 ]
COP(=O)(OC)ON1C(=O)c2cccc3cccc(c23)C1=O,[-0.11582465  0.79165107 -0.8397398  -0.07191434  0.1644365 ]
O=C(CCc1ccccc1)OC1=C(OC(=O)CCc2ccccc2)C(=O)OC1=O,[-0.08964448  0.81034255 -0.7687812  -0.63869756 -0.11505041]
CC1(C)SCN(C(=O)C2(Oc3ccc(Cl)cc3)CCCCC2)C1C(=O)O,[ 0.0199902   0.69598967 -1.         -1.         -0.20246704]
CN(C)C(=O)Nc1cc(C(C)(C)C)on1,[-0.4409981 -0.5555301 -0.7902545 -0.5572121  0.0897559]
COC(=O)/C=C/CNC(=O)CN1C(=O)[C@@H](COC(=O)Nc2ccc(Cl)cc2C(F)(F)F)N=C(c2ccccc2)c2ccccc21,[-0.27873704  0.8135608  -0.7297601  -0.9786906  -0.37402514]
CN1c2ccccc2C(NCCCCCCC(=O)[O-])c2ccc(Cl)cc2S1(=O)=O,[-0.37086767  0.9609961  -0.5196128  -0.7878214   0.16826673]
N=C(Nc1c([N+](=O)[O-])cnc2ccccc12)N1CCOCC1,[ 0.1600586   0.809604   -0.82274526 -0.698406    0.24636334]
CC1CCC(C(C)C)C(O)C1,[ 0.10657728  0.9018191  -1.         -0.76873267 -0.08341692]
O=CCCCC=O,[ 0.5193751   0.74351317 -0.37585396 -0.86460525 -0.28819406]
C(=NC1CCCCC1)=NC1CCCCC1,[ 0.17231691 -0.77801085 -0.6880548  -1.         -0.07695402]
CN(CCO)Cc1cc(C(=O)c2cccs2)cc(C(C)(C)C)c1O,[-0.82656795  0.9600745  -0.9215784  -0.82828647 -0.01538416]
CC=CC(C)=O,[ 0.51515514 -0.24456532  0.43880484 -0.8168095  -0.47729284]
CCOC(=O)C(C)Oc1ccc(Oc2nc3ccc(Cl)cc3s2)cc1,[ 0.10632636 -0.46265322 -0.45363787 -0.8722409  -0.14600156]
CC1(C)C2CCC1(C)C(O)C2,[-0.3696139  -0.81181365 -0.783968   -0.45010114  0.00479167]
Fc1cc(-c2cccc3ncc(-c4cnn(C5CCNCC5)c4)nc23)cc(F)c1CN1CCOCC1,[ 0.29601058  0.4637286  -0.41199437 -0.26543108  0.03540814]
CN(C)C(=O)N(C)N=O,[ 0.32988933  0.90779006 -0.67847186 -0.8937567  -0.18197297]
Cc1cn([C@H]2CCCN(S(=O)(=O)c3ccc(CO)c(Oc4cccc(Cl)c4)c3)C2)c(=O)[nH]c1=O,[-0.28378996 -0.37257057 -0.48733008 -0.43363473  0.09930548]
O=C1CC2(CCCC2)CC(=O)N1CCCCN1CCN(c2ncccn2)CC1,[-0.354899    0.7263273  -0.58925825 -0.6940958  -0.08677159]
Cc1cc(Cl)ccc1OCC(=O)Nc1ccccc1,[-0.16777058 -0.4920671  -0.47902322 -0.43022105 -0.20370813]
CCN1CCCC1CNC(=O)c1cc(S(N)(=O)=O)ccc1OC,[-0.02398211  1.         -0.90604335 -0.6468721  -0.03569318]
CCc1c2c(nc3ccc(O)cc13)-c1cc3c(c(=O)n1C2)COC(=O)[C@]3(O)CC,[-0.09066488  0.8736036  -1.         -0.6534837  -0.19503954]
NC(=[NH2+])NCCCCC1NC(=O)CCSSCC(C(N)=O)NC(=O)C2CCCN2C(=O)C(Cc2c[nH]c3ccccc23)NC(=O)C(CC(=O)[O-])NC(=O)CNC1=O,[ 0.22968265  0.7923648   1.         -0.6569289  -0.10407116]
CCSP(SCC)SCC,[ 0.3039781   0.95345014 -0.8476257  -0.84964395 -0.6077639 ]
O=C(c1ccccc1)c1cccc2c1CCC2C(=O)O,[ 0.02518132  0.7554359  -0.8443675  -0.69110966 -0.1620761 ]
NC(=O)N1C(=O)C(C(=O)c2cccs2)c2cc(Cl)ccc21,[-0.4415115  -0.00173063 -0.6750385  -0.8911891  -0.32892972]
CC1CCC2(O)C3(C)CC4(O)OC2(C1O)C1(O)C3(O)C(OC(=O)c2ccc[nH]2)C(O)(C(C)C)C41C,[-0.13742852  0.91736245 -0.7450952  -0.9359086   0.11846542]
OCCOCCOCCOCCO,[ 0.31244802  0.83861053 -0.695522   -0.80392635  0.10019393]
CCCCCCCC(=O)N[C@@H](CCN)C(=O)N[C@H](C(=O)N[C@@H](CCN)C(=O)N[C@H]1CCNC(=O)[C@H]([C@@H](C)O)NC(=O)[C@H](C)NC(=O)[C@H](CCN)NC(=O)[C@H](CC(C)C)NC(=O)[C@@H](Cc2ccccc2)NC(=O)[C@H](CCN)NC1=O)[C@@H](C)O,[ 0.36304915  1.         -0.8274216  -0.8567735  -0.32503432]
CCCCCNCCCCC,[-0.02322056 -0.33891094 -0.00781363 -0.33964914  0.01233212]
Cc1nccc(-c2ccc(-c3nc4ccncc4c(O)c3C#N)cc2)c1Cl,[ 0.4113053   0.90022784  0.579206   -0.31698608 -0.00931975]
Cc1cc(=O)n(CSP(=S)(OC(C)C)OC(C)C)nc1Cl,[ 0.05382754  0.6706298  -0.81325436 -0.74867004  0.03644244]
COP(=O)(OC)Oc1ccc([N+](=O)[O-])c(Cl)c1,[ 0.43189478  0.7612876  -0.7224745  -0.6270794  -0.01469031]
CCc1nn(C2CCCC2)c2c1CCn1c(-c3cccs3)nnc1-2,[ 0.13586427  1.         -0.7540582  -0.5697501   0.07817584]
CCOP(=S)(OCC)Oc1ccc([N+](=O)[O-])c(C)c1,[ 0.22997701  0.8685294  -0.8865929  -0.00809481  0.12963927]
OC[C@@H]1CC[C@H](n2cnc3c(O)ncnc32)O1,[ 0.33134222  0.5586849  -0.01021892  0.1168451   0.02707894]
CCCc1nnc(CSP(=S)(OCC)OCC)o1,[ 0.4749528   0.95257217 -0.8163441  -0.23194121 -0.25863892]
O=C(CF)Nc1ccccc1,[ 0.06412397  1.         -0.5822402  -0.668712   -0.5352534 ]
ClC1=C(Cl)C(Cl)(C2(Cl)C(Cl)=C(Cl)C(Cl)=C2Cl)C(Cl)=C1Cl,[-0.20039496  0.65842754 -0.7649525  -0.6037058   0.2799938 ]
O=C(/C=C/c1ccccc1)NCCO,[-0.51321954  0.79641694  0.0594332  -0.5912862  -0.2386118 ]
C=C(OP(=O)(OC)OC)P(=O)(OC)OC,[-0.2592442   0.8893119  -0.97967833  0.27401936  0.31393582]
C=CCN1CCCC1CNC(=O)c1cc2nn[nH]c2cc1OC,[ 0.4130273   0.10285679 -0.6530923  -0.4102272   0.696274  ]
CC(C)(c1ccc(Oc2ccc(N)cc2)cc1)c1ccc(Oc2ccc(N)cc2)cc1,[-0.34718093 -0.2490712   0.25565022 -0.86313725  0.3032917 ]
O=C(/C=C/c1ccc(O)c2c1C(C(=O)O)C(c1ccc(O)c(O)c1)O2)OC(Cc1ccc(O)c(O)c1)C(=O)O,[ 0.1929353   0.94006807 -0.70586073 -0.31088883  0.20536399]
O=C(Nc1ccc(Br)cc1)c1cc(Br)cc(Br)c1O,[ 0.52799016 -0.01210924 -0.32498536 -0.6028115  -0.33315817]
CCOC(C)=Cc1oc2ccccc2[n+]1CCCS(=O)(=O)[O-],[ 0.0925789   0.59097356 -0.7753923  -0.60887897  0.9454237 ]
Cn1c(C2=CCN(CCCN3c4ccccc4Sc4ccc(CC(=O)O)cc43)CC2)cc(=O)n(C)c1=O,[ 0.59459454 -0.4070349  -0.40667322 -0.4463265   0.01831247]
Cn1c(COP(=O)(NCCBr)NCCBr)cnc1[N+](=O)[O-],[-0.03391795  0.9405541  -1.         -0.62441504 -0.19952643]
FC(F)(F)c1nc2c(Br)cc(Br)cc2[nH]1,[ 0.15281263  0.9454131  -0.8292912  -0.78296745 -0.49136364]
COc1ccc(NC(=O)CF)cc1,[ 0.5085803   0.7416981  -0.71768016 -0.76248443 -0.11897253]
CC(C)(C)[NH2+]CC(O)c1cc(O)cc(O)c1,[ 0.10433796 -0.2102623  -0.887677   -0.9481819  -0.49854314]
C=CCOc1ccccc1OCC(CNC(C)C)OC(=O)C1CC1,[ 0.19341151  0.49604836 -0.88878083 -0.8681021   0.35657573]
CCN(CC)c1ccc2cc(C(=O)NC3(C(=O)N[C@H](Cc4ccccc4)C(=O)NCC4CCN(CC5CCOCC5)CC4)CCCC3)sc2c1,[-0.84419113  0.37344417  0.37293968  0.31593424  0.63312703]
O=C(O)CC(CC1CCN(C(=O)CCc2ccc3c(n2)NCCC3)CC1)C1CNc2ccccc2C1,[ 0.26769105  0.46208355  0.445934   -1.          0.34707803]
COc1cc(C(=O)NC2CCCNC2)cc(OC)c1OC,[ 0.40994912  0.71510416 -0.23092526 -0.56344026 -0.22302763]
CCC(=O)Nc1ccc2[nH]c(C(F)(F)F)nc2c1,[-0.50811386  0.5737793  -0.6388446  -0.80637395  0.83434576]
NNC(=O)c1ccncc1,[-0.6804262   0.7896519  -0.75290215 -0.74011344 -0.21347672]
OCCOCCCl,[ 0.17947811  0.7899525  -0.89930093 -0.9040075  -0.3112042 ]
O=C(NCCNCC(O)COc1ccc(O)cc1)N1CCOCC1,[ 0.4072594   0.25739923 -0.8300539  -1.         -0.04935907]
CC(C=O)=Cc1ccco1,[ 0.39758962  0.89157665 -0.8102245  -0.709391    0.76643753]
O=CCc1ccccc1,[ 0.27985278  0.71726197 -0.8399743   0.22680184 -0.01927909]
CSC(C)=NOC(=O)N(C)SN(C)C(=O)Oc1ccc(OC(=O)N(C)SN(C)C(=O)ON=C(C)SC)cc1,[ 0.2005377   0.969065   -0.8236017  -0.9098516   0.43528107]
COc1ccc2c3c1OC1C(O)C=CC4C(C2)[N+](C)([O-])CCC341,[-0.06404279  0.84555876 -0.73388904 -0.717937   -0.25855467]
Cc1cnc(NC(=O)C2=C(O)c3ccccc3S(=O)(=O)N2C)s1,[ 0.1766381   0.7324522  -0.6976348  -0.569076   -0.45598054]
O=[N+]([O-])N1CN([N+](=O)[O-])CN([N+](=O)[O-])C1,[ 0.54119855  0.83469725 -0.42644703 -0.5946248  -0.5564553 ]
COC(=O)C1=C(C)NC(C)=C(C(=O)OCCN(C)Cc2ccccc2)C1c1cccc(N(O)O)c1,[-0.05381768  0.8754156  -0.32050014 -0.73047715 -0.1684375 ]
CCOC(=O)NCCOc1ccc(Oc2ccccc2)cc1,[-0.23186797  0.97366047 -0.6993914  -0.45382285  0.04493046]
CN1[C@@H]2CC[C@@H]1CC(OC(=O)C(CO)c1ccccc1)C2,[ 0.5559167   0.8903578  -0.68331033 -0.47778302  0.14688037]
CC[C@@]1(O)C(=O)OCc2c1cc1n(c2=O)Cc2cc3c(CN(C)C)c(O)ccc3nc2-1,[-0.28284693  0.8670243  -0.863709   -0.69862497  0.03883058]
CN1CCN(CCCN2c3ccccc3Sc3ccc(Cl)cc32)CC1,[-0.08195844  0.5143278  -0.6775628  -0.5973533  -0.06868573]
O=C(CCCCCCC(=O)Nc1ccccc1)NO,[-0.05659291  0.24170884 -0.8750841  -0.89678043 -0.3470688 ]
CCN(CC)N=Nc1ccccc1,[ 0.30851427  0.77523434 -0.786752   -0.687438    1.        ]
OCCNCCc1ccccc1,[-0.09333204  0.98668385 -0.6275296  -0.90158176 -0.48230627]
