CC=CC=CC=O,[ 0.3309098   0.20341995 -0.15394963 -0.2600345  -0.31718904]
CCCc1nn(C)c2c(=O)[nH]c(-c3cc(S(=O)(=O)N4CCN(C)CC4)ccc3OCC)nc12,[-0.40970802  0.47946307 -0.9090812   0.09486017 -0.13881718]
O=CNC(N1CCN(C(NC=O)C(Cl)(Cl)Cl)CC1)C(Cl)(Cl)Cl,[ 0.30890858  0.8185662  -1.         -0.972796    0.7699039 ]
CC(C)CCCC1CCC(C)(C(=O)NCC(=O)O)CC1,[ 0.16896051  0.03148049 -0.39004946 -0.85971683 -0.01793149]
COc1ccc2ncc(F)c(CCN3CCC(NCc4cc5c(cn4)OCCO5)CC3)c2n1,[ 0.14852913  0.7641415   0.7453896  -0.49227825 -0.36828357]
CCOc1ccc([C@@H](C)Nc2nc(N3CCN(C(C)=O)CC3)nc3c2CN(C(C)C)C3=O)cc1,[-0.73875517  0.16800241 -0.46561915 -0.2983573  -0.23791632]
CO[Si](CCCOCC1CO1)(OC)OC,[-0.1999088   0.8461597  -0.8846009  -0.7797289  -0.23954672]
C=CN(C)N=O,[ 0.31990892  0.19187914 -0.72921973 -0.25493532 -0.13755353]
C1=CC2C=CC1C2,[ 0.20426558  1.         -0.98625326 -0.774376    0.20053338]
COc1cc(OC)c(S(=O)(=O)N2c3ccccc3CCC2C)cc1NC(=O)CSCC(=O)O,[-0.05063896  0.69353116 -0.74565715 -0.95170325 -0.13327016]
C=C(C)C(=O)OCCCC,[-0.15882146  0.7484256  -0.9452553  -0.7978978   0.3315227 ]
CC(C)(C)CNC(=S)Nc1cccnc1,[-0.15849656  0.8793886  -0.35930198 -0.89592606 -0.26265422]
O=C(CN1CCOCC1)NN=Cc1ccc([N+](=O)[O-])o1,[ 0.1953876   0.71470946 -0.9769246  -0.658903    0.17335616]
C=CCc1ccccc1OCC(O)C[NH2+]C(C)C,[ 0.44982332  0.7578867  -0.9775481  -0.57404613 -0.30381823]
O=C(C(F)(F)Cl)C(F)(F)Cl,[-0.08146024  0.8965565  -0.8926855  -0.39909557  0.20450954]
O=C(O)CCCOc1ccc(Cl)cc1Cl,[-0.3192468  -0.08405128 -0.67294234 -0.6750853  -0.13646899]
O=C(O)c1ccccc1C(=O)Nc1cccc2ccccc12,[ 0.45793045  0.63455075 -0.65590143 -0.8267822  -0.19670679]
CSCC(=O)N(C)C(=O)Oc1ccccc1OC(C)C,[-0.0920995   0.74595356 -0.78703403 -0.89039403 -0.20413242]
CC1CCN(C(=O)CC(Cc2cccc(C(=N)N)c2)NS(=O)(=O)c2ccc3ccccc3c2)CC1,[ 0.12107637  0.7531081  -0.8984146  -0.6106105   0.05503798]
CCCCn1c(=O)n(CCC)c(=O)c2[nH]c(C)nc21,[ 0.24292304  0.08106951 -0.6165014  -0.29661694  0.05834679]
N[C@H]1CCN(c2c(Cl)cccc2/C=C2\SC(=O)NC2=O)C1,[ 0.15876994  0.6718389  -0.7669649  -1.         -0.24889116]
C=C(C)C(=O)OCCOC(=O)C(=C)C,[ 0.06426747  0.32438907 -0.3096657  -0.4837217   0.1690473 ]
NNC(=O)c1ccncc1,[-0.90050364  0.7516462  -0.2762457  -0.77552867 -0.17906855]
COC(=O)C1=C(C)NC(C)=C(C(=O)OCCN(C)Cc2ccccc2)C1c1cccc([N+](=O)[O-])c1,[ 0.4298482   0.8210584  -0.7982009  -0.8325341  -0.26441756]
O=S(=O)(O)c1ccc2cc(Nc3cccc4c(O)c(S(=O)(=O)O)ccc34)ccc2c1O,[-0.04456381 -0.8951897  -0.6877912  -0.61474764 -0.11740083]
C=CCc1cc(OC)c(OC(C)Cc2cc(OC)c(OC)c(OC)c2)c(OC)c1,[-0.07686184  0.77233326 -1.          0.02647685 -0.23635182]
CCCCCCCC(=O)N[C@@H](CCN)C(=O)N[C@H](C(=O)N[C@@H](CCN)C(=O)N[C@H]1CCNC(=O)[C@H]([C@@H](C)O)NC(=O)[C@H](C)NC(=O)[C@H](CCN)NC(=O)[C@H](CC(C)C)NC(=O)[C@@H](Cc2ccccc2)NC(=O)[C@H](CCN)NC1=O)[C@@H](C)O,[ 0.11804179  0.61071634 -0.8773952  -0.61327416 -0.3697167 ]
CC[C@H](C)C(=O)O[C@H]1C[C@H](O)C=C2C=C[C@H](C)[C@H](CC[C@@H](O)C[C@@H](O)CC(=O)O)[C@H]21,[ 0.3574803   0.8680733  -0.6820045  -0.7834284  -0.18148342]
Cc1cc(Nc2nc(N[C@@H](C)c3ccc(F)cn3)c(C#N)cc2F)n[nH]1,[ 0.3941775   0.6872813  -0.79393363 -0.53462034  0.5212643 ]
C=C(CC(=O)c1ccc(-c2ccccc2Cl)cc1)C(=O)O,[ 0.17112197  0.8037831  -0.8453678  -0.5994964   0.4370915 ]
CCN(CCO)C(=O)c1oc2cccnc2c1-c1cccc(C(F)(F)F)c1,[-0.1732114   0.39605638  0.2443034  -0.5110893  -0.32235   ]
CCOc1cc2ncc(C(N)=O)c(Nc3ccc(F)cc3F)c2cc1N1CCN(C2CC2)CC1,[ 0.06223554 -0.17354555 -0.9685782   0.06273317  0.14236973]
O=C(NC1CC1)c1cc(-c2cccs2)on1,[-0.02958343  0.79539055 -1.         -0.80243003  0.09476877]
ClCc1ccccc1,[ 0.17489338  0.9798567  -0.37194955 -0.8379977   0.0953327 ]
CC(=O)Oc1ccc2c3c1OC1C(OC(C)=O)C=CC4C(C2)[NH+](C)CCC341,[ 0.49721414  0.04811905 -0.31574243 -0.34386167 -0.02485312]
CNC(=O)/C=C(/c1ccc2nc(N)n(S(=O)(=O)C(C)C)c2c1)c1ccccc1-c1cccc2ccccc12,[-0.13406101  0.90181136 -0.85495067 -1.          0.6986998 ]
Nc1nc2c(Cc3cccnc3)c[nH]c2c(=O)[nH]1,[ 0.2402537   0.935766   -0.96129125 -0.7731724  -0.3317651 ]
O=C(NCCNCC(O)COc1ccc(O)cc1)N1CCOCC1,[ 0.0928058   0.30154717 -0.92955697 -0.8363554  -0.16945107]
[NH3+]CC1CCC(C(=O)[O-])CC1,[ 0.22415683  0.7096976  -0.5932648   0.23268594 -0.17178683]
CON(C)C(=O)Nc1ccc(Cl)cc1,[-0.17836921  0.78742635 -0.32862842 -1.         -0.2055541 ]
CC(O)COC(C)CP(CC(C)OCC(C)O)CC(C)OCC(C)O,[-0.14509432  0.68450373 -0.7882463  -0.7693281   0.0211319 ]
Cc1ccc2c(c1)c(-c1ccnc3c(C)cccc13)c(C)n2CC(=O)O,[-0.01883048  0.791895   -0.53170085 -0.9721979  -0.47429153]
COc1c2ccoc2c(OCC2OC2(C)C)c2oc(=O)ccc12,[ 0.75043756  0.7648166  -0.31887367 -0.57107353 -0.6581633 ]
O=CC1=CCCCC1,[ 0.09501936  0.8383725  -0.66690236 -0.04482903  0.14799266]
Clc1ccc(C(OCCN2CCCCC2)c2ccccc2)cc1,[-0.38237637  1.         -0.78800297 -0.86057836 -0.02228506]
Cc1ccc(Nc2ccc(Nc3ccc(C)cc3)c3c2C(=O)c2ccccc2C3=O)cc1,[ 0.16383475 -0.35390788 -0.7990946  -0.5913172  -0.09395682]
CC(C)CCI,[ 0.38755113  0.84261084 -0.7440012  -0.5468236  -0.20973086]
C[C@H](Cc1cccc(CC(=O)NC23CC4CC(CC(C4)C2)C3)c1)NC[C@H](O)c1ccc(O)c(CO)c1,[ 0.6322026   1.         -0.6730533  -0.89428747 -0.2892543 ]
COc1cc2ncc(C(N)=O)c(Nc3cccc(Cl)c3Cl)c2cc1N1CCN(C)CC1,[ 0.07579672  0.5204715  -1.         -1.         -0.29690462]
Cc1ccc(OP(=O)(Oc2ccccc2)Oc2ccccc2)cc1,[ 0.26033592  0.69425094 -0.949875    0.00354527  0.19067483]
O=c1[nH]c2ccccc2n1CCCN1CCN(C(c2ccccc2)c2ccccc2)CC1,[ 0.29949868  0.58903253  0.34240946 -0.41194972  0.1252277 ]
COCCOP(=O)(OCCOC)OCCOC,[-0.5073243   0.9053     -0.75197357 -0.7610551   0.5187834 ]
CN(CC=CC#CC(C)(C)C)Cc1cccc2ccccc12,[-0.24537998  0.94659567 -0.7841136  -0.83904546 -0.15548734]
CN(CCOc1ccc(CC2SC(=O)NC2=O)cc1)c1ccccn1,[-0.44194245  0.74550337  0.09159164 -0.42267382 -0.29507172]
O=C(Nc1ccccc1-c1ccccc1)OC1CCN(CCCCCCCCCNC[C@H](O)c2ccc(O)c3[nH]c(=O)ccc23)CC1,[ 0.24017403  0.79252106 -0.8481902  -0.7335769  -0.35669798]
O=CCCCC=O,[ 0.38277125  0.7100037  -0.30949506 -1.         -0.669694  ]
CCOP(=O)(Cl)Cl,[ 0.37931454  0.83446074 -1.         -0.52438444  0.09204044]
C1CCC2CCCCC2C1,[ 0.23302051  0.57626224 -0.93581    -0.89658695 -0.17784661]
C=CCOC(=O)CCCCC,[0.09246307 0.6310601  0.22019607 0.23978177 0.12614869]
Cc1ccc(-c2ccccc2)cc1,[-0.15534396  0.645466   -0.8237153  -0.91065437 -0.05545346]
COc1cc2ncnc(Nc3ccc(F)c(Cl)c3)c2cc1NC(=O)/C=C/CN1CCCCC1,[ 0.4803697   0.8133889  -0.711508   -0.62019515 -0.41259363]
COP(=O)(OC)OC(=CCl)c1cc(Cl)ccc1Cl,[ 0.02778307  0.90644604 -0.78020525 -0.854877   -0.03920237]
CCN1CCCC1CNC(=O)c1cc(S(N)(=O)=O)ccc1OC,[ 0.04740237  0.9609945  -0.83162415 -0.6243581  -0.19200158]
OCCOCCOCCOCCO,[ 0.14454003  0.8854831  -0.5206493  -1.         -0.20740141]
COc1ccc([N+](=O)[O-])cc1N,[-0.47282133  0.7299272  -0.42686915 -0.16170913 -0.51980186]
CCOC(C)=Cc1oc2ccccc2[n+]1CCCS(=O)(=O)[O-],[ 0.18129487  0.5323364  -0.74217504 -0.5472042   0.9193199 ]
CCOC(=O)CCC1(CCC(=O)OCC)c2ccccc2-c2ccccc21,[-0.221945   -0.5239494  -0.82240564 -0.51034546 -0.10197075]
CN1C[C@@H]2c3ccccc3Oc3ccc(Cl)cc3[C@H]2C1,[ 0.00221047  0.5641572  -0.6211483  -0.55468404 -0.7986195 ]
C[NH2+]C(C)Cc1ccccc1,[-0.04792155  0.8071796  -0.83382916 -0.7186746   0.48364115]
CC(=O)N(C)c1ccc(Nc2ncc3cc(-c4ccncc4)ccc3n2)cc1,[-0.14037956  0.8751563  -0.6508129   0.32167166  0.38269737]
O=c1c2nocc2c(-c2ccccc2)nn1-c1ccccc1,[-0.5453002   0.60938734 -0.65592426 -0.88063407  0.28910062]
CCC(C)(C)c1ccc(Cl)c(OC(=O)NC)c1,[ 0.2676966   0.70751286 -0.7187001   0.26061594  0.01910525]
c1ccc2sc(SNC3CCCCC3)nc2c1,[ 0.15042393  0.80509245 -0.8116858  -0.58905125 -0.47940582]
CC(C)(C)CC(=O)Nc1c(F)cc(C(=O)Nc2nccs2)cc1F,[ 0.2794669   0.7849165   0.64832187 -0.1296318  -0.26932243]
CNC(=O)c1[nH]cnc1C(=O)Nc1ccc(OC)cc1,[-0.38409618  0.88931876 -0.04642218 -0.5753936   0.45937088]
CCOP(=S)(OCC)Oc1cccc(F)n1,[ 0.2557866   0.7898446  -0.80607134 -0.6369861   0.5869667 ]
CCN1C(=O)NC(c2ccccc2)C1=O,[ 0.06314082  0.29445684 -0.35282513 -0.2708638   0.65557826]
CN1c2ccccc2C(NCCCCCCC(=O)[O-])c2ccc(Cl)cc2S1(=O)=O,[-0.52643996  0.8808725  -0.4510974  -0.8758229   0.04215411]
CCOC(=O)CCC[Si](C)(OCC)OCC,[ 0.6158766   0.87194604 -1.         -0.49562973 -0.23705257]
O=C1OCC2C1C1(Cl)C(Cl)=C(Cl)C2(Cl)C1(Cl)Cl,[ 0.15866372  0.8875769  -0.9638906  -0.6620577  -0.42809042]
Cc1cnc(NCCCN(C)C)c2c1[nH]c1ccc3cc(O)ccc3c12,[ 0.08090828  0.87535805  0.31051993 -0.82192045  0.1951717 ]
FC(F)(F)c1nc2c(I)cc(I)cc2[nH]1,[ 0.28371224  0.84859633 -0.77834755 -0.455349    0.4111378 ]
FC(F)(F)c1nc2c(Br)c(Cl)c(Br)cc2[nH]1,[-0.06359793  0.6805521  -0.9109875  -0.67788357  0.17965862]
COc1cc(OC)c(S(=O)(=O)NCc2ccccc2N2CCCCC2)cc1NC(=O)CCC(=O)O,[ 0.65385014  0.66015285 -0.7632881  -0.61021185 -0.04157159]
CC(=O)N[C@H](C)C(=O)NCCc1ccccc1,[ 0.37190568  0.30761233 -0.5740759  -0.55248296 -0.10635636]
CCCCOc1ccccc1NC(C)=O,[-0.20893516 -0.59107906 -0.978036   -0.46703878  0.35931513]
Nc1cc2c(S(=O)(=O)O)cc(S(=O)(=O)O)cc2cc1S(=O)(=O)O,[ 0.39527935  1.         -1.         -0.80166245 -0.09465079]
CCN[C@@H]1C[C@H](N)[C@@H](O[C@H]2OC(CN)=CC[C@H]2N)[C@H](O)[C@H]1O[C@H]1OC[C@](C)(O)[C@H](NC)[C@H]1O,[ 0.04465069  0.8605043  -0.41216674 -1.          0.52431804]
CCC(C)(C)OC(=O)Nc1ccco1,[ 0.59312934  0.53913593 -0.8329356  -0.14251575 -0.02701947]
Nc1ccc(F)c([N+](=O)[O-])c1,[ 0.04042564  0.83707356 -0.59880036 -0.81573325 -0.3332064 ]
CCC(=O)O,[-0.13016717  0.8292734   0.54781806 -0.5026817   0.09432673]
Oc1c(Cl)c(Cl)cc2[nH]c(C(F)(F)F)nc12,[ 0.38658166  1.         -0.8190342  -0.76495963  0.0962663 ]
CCn1cc(C(=O)O)c(=O)c2cc(F)c(N3CCN(C)CC3)cc21,[ 0.01598062  0.8911723  -0.7347909  -0.43194532  0.38457695]
C=CCN(C(=O)Cn1nc(C)ccc1=O)C(C)Cc1ccccc1,[ 0.33609143  0.8490125  -0.8054118  -0.79165626  0.13418525]
CCCCc1nc(Cl)c(CO)n1Cc1ccc(-c2ccccc2-c2nnn[nH]2)cc1,[-0.14829612  0.9466842  -0.52687484 -0.52292365  0.36319873]
Cc1ccc(N=C=O)cc1N=C=O,[ 0.11167152  0.62841445 -0.69900376 -0.6508135  -0.36635074]
CCC(CCCCOC(=O)c1ccccc1)COC(=O)c1ccccc1,[ 0.35280973  0.65879136 -0.9142774  -0.79801786  0.04334339]
CN(C1CCCCC1)C1CCCCC1,[ 0.2489536   0.78162545 -1.         -0.7624418  -0.14165069]
CCOC(=O)c1c(C)cc2c(CO)n[nH]c(=O)c2c1C,[ 0.13941132  0.39247635 -0.39818162 -0.53394556 -0.63935643]
N#CC1CC2CC2N1C(=O)C(N)C12CC3CC(CC(O)(C3)C1)C2,[ 0.42083922  0.93887144 -0.5172315  -0.6308495  -0.20429592]
Nc1ccc(Cl)cc1,[ 0.430123    0.71580344 -1.         -0.89132756  0.05327513]
CCOP(=O)(OCC)Oc1ccc(S(C)(=O)=O)c(C)c1,[-0.5719367   0.8397685  -1.         -0.6767697  -0.20220427]
C[C@H](Cn1cnc2c(N)ncnc21)OCP(=O)(O)O,[ 0.09833265  0.19439638 -0.12384221 -0.99365616 -0.30486614]
CCCSP(C)(=S)Oc1ccccc1,[ 0.19009136  0.20913051 -0.73865664 -0.3654084   0.6815997 ]
CC(C)(C)NC(=O)C1CC2CCCCC2CN1CC(O)C(Cc1ccccc1)NC(=O)C(CC(N)=O)NC(=O)c1ccc2ccccc2n1,[ 0.27459583  0.7495923  -0.50294924 -0.1282214   0.39544508]
CCC(C)OC=O,[ 0.45516378 -0.31130466 -0.49693215 -0.8271769  -0.3911335 ]
c1ccc2[nH]c(-c3cscn3)nc2c1,[ 0.5224347   0.82108486 -0.7029848  -0.37662786  0.33565703]
CCOCCCO,[ 0.22686249  0.21933895 -0.9256524  -0.37160328  0.21087183]
CCN(N=O)C(C)OC,[-0.00219918  0.7713028  -0.60796434 -1.         -0.34698555]
CCOP(=O)(CC)SC,[ 0.3605359  -0.6941329  -0.5266502  -0.8657865  -0.06584357]
CCN(CC)c1ccc(-c2nc(=O)n(C)nc2-c2ccc(N(CC)CC)cc2)cc1,[-0.01474465 -0.26664907 -0.8354524  -0.13238627  0.5318892 ]
CNC(=N)c1cccc(CC(CC(=O)N2CCC(C(=O)O)CC2)NS(=O)(=O)c2ccc3ccccc3c2)c1,[ 0.08382828 -0.00472886 -0.83061206  0.49358144 -0.25024012]
C[C@H](CSN=O)C(=O)N1CCC[C@@H]1C(=O)O,[ 0.3855507   0.6383848  -0.6547516   0.491307   -0.40528053]
CC(O)C(=O)Nc1c(I)c(C(=O)NC(CO)CO)c(I)c(C(=O)NC(CO)CO)c1I,[-0.00704474  0.7797116   0.5972879  -0.22891404 -0.41102403]
COc1ccc2ncc(=O)n(CCN3CC[C@@H](NCc4cc5c(cn4)OCCO5)[C@H](O)C3)c2c1,[ 0.36636335  0.3649879  -0.75096    -0.9275518  -0.07113672]
FC(F)(F)c1nc2c(Br)cc(Br)cc2[nH]1,[-0.00868263  0.88047683 -0.91555834 -0.6198396  -0.57192224]
Cc1cccc(C)c1CCNC(N)=O,[-0.28328654  0.96154577 -0.92438036 -0.79665864 -0.02837168]
CSCCC([NH3+])C(=O)NC1(C(=O)[O-])CS(=O)(=O)C2C(C(=O)[O-])C21,[ 0.04536009  0.78318846 -0.51829225 -0.84299886 -0.43116432]
FC(F)(F)c1nc2c(Br)c(Br)cc(Br)c2[nH]1,[-0.00347881  0.77819544 -0.65284336 -0.7436153  -0.30149963]
COc1ccc2ncc(=O)n(CCN3CC[C@@H](NCc4ccc5c(n4)NC(=O)CO5)[C@@H](F)C3)c2c1,[ 0.42278537  0.91566634 -0.719021   -0.68354344 -0.42029086]
CC(N)C(O)c1cccc(O)c1,[ 0.4271799   0.11820347 -0.7236949  -0.46913195  0.12889822]
O=C(CCl)OCCOCCO,[ 0.6808397   0.4698649  -0.6543932  -0.7907946   0.63605505]
CC(=O)c1ccc2c(c1)N1C(=O)OCC1CC2,[ 0.25118315  1.         -0.9183031  -0.91144747  0.7084925 ]
CCN(CC)c1c([N+](=O)[O-])cc(C(F)(F)F)c(N)c1[N+](=O)[O-],[-0.03829975  0.67600894 -0.7438275  -0.54748774 -0.30430564]
BrC(Br)Br,[ 0.43880183 -0.02167042 -0.38745716  0.58348256  0.92230076]
CCC(=O)N(c1ccccc1)C1CC[NH+](CCc2ccccc2)CC1,[ 0.08486938  0.7229556  -0.6835444  -0.40155852 -0.638726  ]
CO[C@@H]1C=CO[C@@]2(C)Oc3c(C)c(O)c4c(c3C2=O)C(=O)/C(=C\NN2CCN(C)CC2)C(=C4O)NC(=O)C(C)=CC=C[C@@H](C)[C@H](O)[C@H](C)[C@H](O)[C@@H](C)[C@@H](OC(C)=O)[C@@H]1C,[ 0.44285968  0.46205854 -0.42875832 -0.8651937  -0.88938427]
CN(C)c1ccc(N=Nc2ccccc2)cc1,[-0.00539236  0.7797132  -0.60832286 -0.6924319   0.64942825]
O=C(Oc1ccccc1)c1ccccc1C(=O)Oc1ccccc1,[ 0.2759185   0.03205115 -0.64087844 -0.8963683  -0.13822564]
CCCN(N=O)C(N)=O,[-0.00982655  0.7368841  -0.5630843  -1.         -0.2020949 ]
C1=CCCC=CCCC=CCC1,[ 0.10666385  0.9384602  -1.         -1.          0.05137141]
Oc1c(O)c(-c2c(Cl)c(Cl)c(Cl)c(Cl)c2Cl)c(Cl)c(Cl)c1Cl,[ 0.49050036  0.7620144   1.         -0.22457819 -0.29695624]
CC(=O)OC(C)(C)C1CC=C(C)CC1,[ 0.20912874  0.73965746 -0.50600195 -0.58900744  0.04274476]
O=c1cc(-c2ccc(O)cc2)oc2cc([O-])c(C3OC(CO)C(O)C(O)C3O)c(O)c12,[-0.07800534  0.7352523  -0.24558258 -0.37190917  0.47389504]
CC(C)(C)c1cc(CCC(=O)OCCSCCOC(=O)CCc2cc(C(C)(C)C)c(O)c(C(C)(C)C)c2)cc(C(C)(C)C)c1O,[ 0.31026995  0.8886445  -0.73594856 -0.9748238  -0.23783572]
C[C@@H]1NC(=O)[C@@H](C)N(C)C(=O)[C@@H](C)N(C)C(=O)[C@H](C)NC(=O)[C@H](C)N(C)C(=O)[C@@H](C)N(C)C1=O,[ 0.22892427  0.41780177 -0.7550258  -0.2079437   0.04187218]
NCC(O)CO,[ 0.34824255  0.89297783 -0.18621978 -0.40813112 -0.11269568]
Nc1nc(O)c2ncn(COCCO)c2n1,[ 0.41936755  1.         -0.61738867 -0.94309205 -0.39083135]
Cc1c(C(=O)NCCO)[n+]([O-])c2ccccc2[n+]1[O-],[ 0.22440067  0.830543    0.8843346  -0.13553016 -0.21190572]
CCC(=O)NC[C@H]1CN(c2ccc(-c3nncs3)c(F)c2)C(=O)O1,[-0.6007732   0.68837565 -1.         -0.29186445  0.19058946]
COc1cc(OC)c(C(=O)CCCN2CCCC2)c(OC)c1,[-0.04452597 -0.46143582 -0.33396208 -0.70627636  0.46990034]
ClCCCBr,[ 0.18131723  0.20218697 -0.01595543 -0.4406259   0.11003897]
CC[C@H]1CN(Cc2cc(Cl)ccc2OCC(=O)O)CCN1S(=O)(=O)c1ccccc1,[ 0.50669974  0.6432894  -0.966469   -0.55472755 -0.13095607]
CCCCCC(O)C=CC1C(O)CC(O)C1CC=CCCCC(=O)O,[ 0.46448186  0.38154083 -1.          0.119257    0.39654553]
O=C(Cc1cccs1)N[C@@H]1C(=O)N2C(C(=O)[O-])=C(C[n+]3ccccc3)CS[C@H]12,[ 0.46647707  0.7778162  -0.80331546 -1.          0.06610346]
CCNc1nc(NCC)nc(OC)n1,[ 0.17786439  0.7278756  -0.55589837 -0.99286383  0.13609222]
COc1cc([C@@H]2c3cc4c(cc3[C@@H](O[C@@H]3O[C@@H]5CO[C@@H](C)O[C@H]5[C@H](O)[C@H]3O)[C@H]3COC(=O)[C@H]23)OCO4)cc(OC)c1O,[ 0.21682562  0.63520366 -0.85598576 -0.9398357   0.39285165]
Cn1c(C(=O)NC2(C(=O)N[C@H](Cc3ccccc3)C(=O)NCCCN3CCOCC3)CCCC2)cc2ccccc21,[-0.03680791  0.964442   -0.3468391  -0.30773884 -0.353198  ]
O=C1C2CC3C1C1(Cl)C(Cl)C4(Cl)C2C3C1(Cl)C4(Cl)Cl,[ 0.6663979   0.79340315 -0.78179157 -0.7519594  -0.41680104]
N#Cc1ccc2[nH]c(C(F)(F)F)nc2c1,[ 0.35921732  0.80425006 -0.66825336 -0.6423378  -0.19169372]
OCCNCCOc1ccc(C(=C(c2ccccc2)C(F)(F)F)c2ccccc2)cc1,[ 0.08513124  0.7892375  -0.6841774  -0.33478913 -0.09964552]
Cc1c(OCC(F)(F)F)ccnc1CS(=O)c1nc2ccccc2[nH]1,[ 0.36053714  0.9152537  -0.73225033 -0.9003128  -0.5254336 ]
Cn1cnc(S(=O)(=O)N(CCN(Cc2cncn2C)c2ccc(C#N)cc2)Cc2ccccc2)c1,[-0.22204106  0.5898711  -0.83704513 -0.895246   -0.05643248]
C=CCSP(=O)(NC(=O)CC)OC,[-0.01314451  0.96975857 -0.5191186  -0.9831179  -0.04065908]
CBr,[-0.22948797  0.7862722  -0.26423076 -0.6306472  -0.10471143]
C#CC1(O)C(CO)OC(n2ccc(N)nc2=O)C1O,[-0.5644904   0.9747272  -0.7753165  -0.61830175 -0.2782948 ]
Cc1cn([C@H]2CCCN(S(=O)(=O)c3ccc(CO)c(Oc4cccc(Cl)c4)c3)C2)c(=O)[nH]c1=O,[-0.3411614  -0.18933892 -0.6477119  -0.4238292   0.24147211]
CC(C)OCCCO,[ 0.39545876  0.8852762  -0.6579433  -0.89685565  0.09826978]
Cc1c(Sc2ccc(Cl)cc2)c2c(-c3ccccc3)cccc2n1CC(=O)O,[ 0.40864167  0.9440821  -0.9845418  -0.8533619   0.5161196 ]
CC1CCC2(O)C3(C)CC4(O)OC2(C1O)C1(O)C3(O)C(OC(=O)c2ccc[nH]2)C(O)(C(C)C)C41C,[-0.07011861  0.8414457  -0.6813705  -0.8576761   0.02783832]
CC=C(CC)C(=O)NC(N)=O,[-0.06052233  0.7883561  -0.80012697 -0.72565806 -0.21460856]
Fc1ccc(Br)cc1,"[-5.5378151e-01  7.5353283e-01 -9.9539173e-01  6.3113595e-04
  4.8843537e-02]"
Clc1cccc([Si]23OCCN(CCO2)CCO3)c1,[ 0.38248903  1.         -0.6382158  -0.96254283 -0.3215997 ]
Cc1cc(Nc2nc(N[C@@H](C)c3ncc(F)cn3)nc(N3CCOCC3)c2F)n[nH]1,[-0.169698    0.7133158  -0.53762627 -0.798238   -0.28132236]
C[Si](C)(C)CCCC(=O)O,[-0.20375931  0.6666027  -0.8880069  -0.5156789   0.76315165]
CSC(C)=NOC(=O)N(C)SN(C)C(=O)Oc1ccc(OC(=O)N(C)SN(C)C(=O)ON=C(C)SC)cc1,[ 0.15712756  0.9063556  -0.68518466 -0.79883033 -0.32039285]
CN(CC#N)N=O,[ 0.11829781  0.92855793 -0.8566075  -1.          0.62538105]
C=CC[N+]1([C@H]2C[C@H]3[C@@H]4CC[C@H]5C[C@H](O)[C@@H](N6CCOCC6)C[C@]5(C)[C@H]4CC[C@]3(C)[C@H]2OC(C)=O)CCCC1,[-0.25792596  0.64376074 -0.78865576 -0.68373984 -0.14568387]
CCCOC(=O)c1ccc(C(=O)OCCC)nc1,[ 0.1982025   0.55319804 -0.07195993 -0.65551764 -0.13550569]
CO/N=C(/C(=O)NC1C(=O)N2C(C(=O)[O-])=C(C[N+]34CCC(C(N)=O)(CC3)CC4)CSC12)c1nsc(N)n1,[-0.00744544  0.9333012  -0.79750866 -0.9105369   0.19600196]
O=c1[nH]c2ccccc2n1CCC[NH+]1CCC(n2c(=O)[nH]c3cc(Cl)ccc32)CC1,[-0.0812207   0.4261325   0.39448467 -0.8100218  -0.00526195]
CCCNC(=N)C(OCC)c1ccccc1,[ 0.4788227   0.88631403 -0.97059935 -0.44997635 -0.10568555]
CN(C)CCOCCOCCN(C)C,[-0.15392676  0.86200404 -0.8097797  -1.         -0.2292494 ]
S=C1NCCNC(=S)S1,[ 0.1375803   0.88819003 -0.63548434 -0.8147635  -0.47209236]
S=C1NCCC(COc2ccccc2)O1,[-0.16191684  0.64289534 -1.         -0.5880588   0.51611084]
CCC(=O)N(c1ccccc1)C1CCN(CCc2ccccc2)CC1,[-0.28193745  0.44084063 -0.59059054 -0.32988763 -0.00191182]
O=Cc1cccc2ccccc12,[ 0.05392751  0.2787199  -0.60317004 -1.         -0.01209851]
CC[C@H]1NC(=O)[C@@H](NC(=O)c2ncccc2O)[C@@H](C)OC(=O)[C@H](c2ccccc2)NC(=O)[C@@H]2CC(=O)[C@H](CS[C@@H]3CN4CCC3CC4)CN2C(=O)[C@H](Cc2ccc(N(C)C)cc2)N(C)C(=O)[C@@H]2CCCN2C1=O,[-0.4994122  -0.8374885  -0.71570015 -0.30332312  0.06584402]
C[C@@H]1O[C@@H](O[C@H]2[C@@H](O)C[C@H](O[C@H]3C[C@](O)(C(=O)CO)Cc4c(O)c5c(c(O)c43)C(=O)c3ccccc3C5=O)O[C@H]2C)C[C@H](N)[C@@H]1O,[-0.3594262   0.65907294  0.41630808 -0.45967636 -0.2897168 ]
[O-][n+]1onc2c1c1no[n+]([O-])c1c1no[n+]([O-])c21,[ 0.3019158  0.6603653 -0.7415093 -0.7891096 -0.2878811]
O=C([O-])c1cc(N=Nc2ccc(S(=O)(=O)Nc3ccccn3)cc2)ccc1O,[-0.31376466  0.8958188  -0.52554786 -0.84761745  0.0270867 ]
CCOC(=O)C(CCc1ccccc1)NC(C)C(=O)N1C(C(=O)[O-])CC2CCCCC21,[ 0.5340956   0.7981708  -0.9806408  -0.01719455  0.02176571]
CCC(=O)Nc1ccc2[nH]c(C(F)(F)F)nc2c1,[ 0.16532297  0.10404448 -0.8166868  -0.8335105   0.48049283]
ClCC(Cl)Cl,[ 0.3225992   0.48635074 -0.76668537 -0.630703    0.0475476 ]
COc1ccc(Oc2ccc(NC(=O)N(C)C)cc2)cc1,[ 0.58920825  0.60777324 -0.28766546 -0.5706093  -0.41629517]
NC(=O)CCCCC1CCSS1,[ 0.46861193  0.91737854 -0.51739085 -0.10107711 -0.11204579]
CC1CCCCOC1=O,[ 0.456167    0.27510285  0.07354727 -0.74383926 -0.26382813]
NS(=O)(=O)c1cc2c(cc1Cl)NC(C(Cl)Cl)NS2(=O)=O,[ 0.44665033  0.5397589  -0.52870125 -0.99723876 -0.01806098]
C/C=C/CC(C)C(O)C1C(=O)NC(CC)C(=O)N(C)CC(=O)N(C)C(CC(C)C)C(=O)NC(C(C)C)C(=O)N(C)C(CC(C)C)C(=O)NC(C)C(=O)NC(C)C(=O)N(C)C(CC(C)C)C(=O)N(C)C(CC(C)C)C(=O)N(C)C(C(C)C)C(=O)N1C,[ 0.00469328  0.85230756 -0.995365   -0.97275305 -0.05667996]
CCCCOC(=O)c1ccc(-n2nc(OCCN3CCCCC3)c3ccccc32)cc1,[-0.14209458  0.9282887  -0.29541254 -1.         -0.09651224]
CNCC(O)c1cccc(O)c1,[ 0.17320575  0.66684765 -0.06381965 -0.7504935  -0.51734424]
CC(C)CN,[ 0.2771276   0.48923475 -0.655892   -0.72183985 -0.04727852]
COc1ccc2c3c1OC1C(O)C=CC4C(C2)[N+](C)([O-])CCC341,[ 0.6302704   0.7704501  -0.75418675 -0.6883362  -0.2998543 ]
COP(=S)(OC)Oc1nc(Cl)c(Cl)cc1Cl,[ 0.33847338  0.68984103 -0.8579731  -0.65170074 -0.12165584]
CCCS,[ 0.5059434   0.96185243 -1.         -0.9895446  -0.32243332]
CCOC(=O)NCCOc1ccc(Oc2ccccc2)cc1,[-0.34385997  0.94155234 -0.8235118  -0.36584216  0.18126477]
Cc1cnc(Nc2cc(N3CCOCC3)nc(N[C@@H](C)c3ncc(F)cn3)n2)s1,[ 0.48758647  0.8045298  -0.7148976  -0.98692256 -0.19545616]
CO[Si](CCCn1c(=O)n(CCC[Si](OC)(OC)OC)c(=O)n(CCC[Si](OC)(OC)OC)c1=O)(OC)OC,[-0.23170066  0.30836895 -0.9983207  -0.10665828 -0.06460606]
CC(C)=CC1C(C(=O)OC(C#N)c2cccc(Oc3ccccc3)c2)C1(C)C,[ 0.1371301   0.7902058  -0.86621565 -0.45373693  0.5039873 ]
CCOP(=S)(NC(C)C)Oc1ccccc1C(=O)OC(C)C,[-0.08341202  0.86132944 -0.64332396 -0.7789384   0.6974078 ]
COc1cc2c3cc1Oc1cc(ccc1O)CC1c4c(cc(OC)c(O)c4Oc4ccc(cc4)CC3[NH+](C)CC2)CC[N+]1(C)C,[ 0.0526823   0.7739853  -0.7709453  -0.65149975 -0.37875345]
N=C(NN=Cc1ccc(Cl)cc1)NN=Cc1ccc(Cl)cc1,[ 0.467817    0.6929465  -0.48417625 -0.4388673  -0.11869441]
CCCCCCCC=CC=O,[ 0.19508007  0.7622344  -0.7053268  -0.869487    0.6649827 ]
CN1[C@@H]2CC[C@@H]1CC(OC(=O)C(CO)c1ccccc1)C2,[ 0.1825731   0.84680825 -0.7756162  -0.43427765 -0.5128483 ]
CCCCC(CC)COCCC#N,[ 0.20036691  0.9256224  -0.613767   -0.664115    0.76527023]
CC(C)NCC(O)c1ccc(O)c(O)c1,[-0.20032771  0.5787652  -0.89556843  0.20172392  0.27384695]
O=P(OCCCl)(OCCCl)OC1CC(C(Br)CBr)CCC1Cl,[ 0.40035686  0.8032398  -0.8573714  -0.9766698   0.01518541]
C=CC(=O)OCCOC(=O)c1ccc(C(=O)O)cc1C(=O)O,[-0.40356627  0.21593802  0.22347206 -0.5462146  -0.40378037]
CCNC(=S)NCC,[ 0.44813946  0.67538327 -0.82103634 -0.2807398   0.7652001 ]
C[S+]([O-])Cc1ccc(C(=O)Nc2ccc(OCCOCCO)nc2C(=O)NCC2CCC2)c2ccccc12,[ 0.59621054  0.8253654  -1.         -0.26146892 -0.42335063]
COc1ccc2c3c1OC1CC(O)C=CC31CC[NH+](C)C2,[-0.41529796  0.76748717 -0.9710266  -0.26483166 -0.45546702]
Cc1cc(Nc2nc(N[C@@H](C)c3ccc(F)cc3)ncc2Cl)n[nH]1,[ 0.25529695  0.7548959  -0.8321324  -0.8861564  -0.5408007 ]
Cc1cnc(C(=O)c2ncnc3[nH]ccc23)c(NS(=O)(=O)c2ccc(Cl)c(C(F)(F)F)c2)c1,[-0.22794954  0.9142944  -0.7263145  -0.6662409  -0.50131565]
COc1ccc(C[C@@H]2c3cc(OC)c(OC)cc3CC[N@+]2(C)CCC(=O)OCCCCCOC(=O)CC[N@@+]2(C)CCc3cc(OC)c(OC)cc3[C@H]2Cc2ccc(OC)c(OC)c2)cc1OC,[ 0.17261995  0.09975673 -0.4133738  -0.60501474 -0.37199184]
CN(c1ccc(F)cc1F)c1c([N+](=O)[O-])cc([N+](=O)[O-])cc1C(F)(F)F,[ 0.05910511  0.12525615 -0.39007604 -0.7583586   0.64258724]
C#CC1(O)C=CC2C3CCC4=CC(=O)CCC4C3CCC21CC,[ 0.10639211  0.8349526  -0.8504436  -0.29459015 -0.00399253]
COc1cc(OC)c(S(=O)(=O)NCc2ccccc2N2CCC(COC(=O)CCC(=O)O)CC2)cc1NC(=O)CCC(=O)O,[ 0.0569434   0.7340227  -0.79033506 -0.8881001  -0.45697555]
NCCCCN,[ 0.11533712  0.78456575 -0.6759797  -0.8816509   0.28860858]
CCOc1ccccc1OC(c1ccccc1)C1C[NH2+]CCO1,[ 0.00547384  1.         -0.50597095 -0.8542207  -0.42856342]
CCOP(=O)(OCC)N(C)c1ccccc1,[ 0.6196186   0.88425416 -0.7856747   0.2188969  -0.14502189]
COc1cc(Nc2nc(N[C@@H](C)c3ncc(F)cn3)ncc2Br)n[nH]1,[ 0.5000859   0.79943126  0.78254527 -0.17656812 -0.54482824]
C[NH+]1CCOC(c2ccccc2)c2ccccc2C1,[ 0.4013901   0.30850044 -0.7478235   0.38228497  0.21567947]
CC(=O)N(C)c1ccc2ccn(-c3cc(NC4CC4)n4ncc(C#N)c4n3)c2c1,[ 0.29171014 -0.2523837  -0.846909   -0.44273657  0.02101655]
Cc1ccsc1C(=CCC[NH+]1CCCC(C(=O)[O-])C1)c1sccc1C,[ 0.5086408   0.67121893 -0.9236626  -0.90915006  0.0802874 ]
CC(CO[N+](=O)[O-])(CO[N+](=O)[O-])CO[N+](=O)[O-],[-0.1689539   0.49671382 -0.72193015 -0.22373621  0.02422631]
CC(C)C(CCC(C)C1CCC2C3C(O)CC4CC(NCCC[NH2+]CCCC[NH3+])CCC4(C)C3CCC12C)OS(=O)(=O)[O-],[ 0.3430702   0.969537   -0.83646894 -1.         -0.19732541]
CCOc1ccccc1-c1ccc(-c2nc3ccncc3c(O)c2C#N)cc1,[ 0.39246517  0.90798604 -0.8656131  -0.47317213  0.30111852]
CCC1(CC)C(=O)NCC(C)C1=O,[ 0.6194088  -0.7130371  -0.9140019  -0.49340996  0.5316039 ]
Cc1cc(Sc2cc(C)c(O)c(C(C)(C)C)c2)cc(C(C)(C)C)c1O,[ 0.41812482  0.7334472   0.31492293 -0.53445566 -0.3612943 ]
Cc1cc(Cl)ccc1OCC(=O)O,[ 0.1774602   0.87705964 -0.7859728  -0.7537707   0.76289463]
CCN(CC)c1ccc2cc(C(=O)NC3(C(=O)N[C@H](Cc4ccccc4)C(=O)NCC4CCN(CC5CCOCC5)CC4)CCCC3)sc2c1,[-0.6243083   0.10926314  0.06487311 -0.71470135  0.8476095 ]
CCCCCCOCCOCCO,[ 0.08302051 -0.40829816 -0.50181377 -0.8251195   0.3183689 ]
CCN(CC)CCOCCO,[-0.01039505  0.0217511  -0.98318446 -0.6178793   0.21234864]
CC(C)Nc1nc(Cl)nc(NC(C)C)n1,[ 0.45963284  0.8916298  -0.76985    -0.1507095   0.0072793 ]
CCCCOP(=O)(OCCCC)Oc1ccccc1,[-0.03434398  0.9105154  -0.79721117 -0.9416899  -0.49917495]
CN1C(=O)CN=C(c2ccccc2F)c2cc(Cl)ccc21,[-0.09842939  0.73573494 -0.96696687 -0.775073   -0.6899524 ]
Cc1ncc(C[n+]2csc(CCO)c2C)c(N)n1,[ 0.05450959 -0.640041   -0.951826   -1.         -0.26296842]
CC(O)C#N,[-0.53569484 -0.22194123 -0.60556036 -0.47703376  0.26951972]
Cc1ccc(S(=O)(=O)N(C)C(=O)N2CCC(N3CCC(Oc4ccc(Cl)c(Cl)c4)CC3)CC2)cc1,[-0.3050149  -0.59924966 -0.95292956 -0.99277925  0.0375891 ]
Cc1cccc(N)c1C,[-0.12501769  0.6643596  -0.6062748  -0.4796732   0.02444225]
CCC[C@@H](c1ccc(C(=O)O)c(Oc2cccc(Cl)c2)c1)N1CCC[C@H](n2cc(C)c(=O)[nH]c2=O)C1,[-0.03449882  0.8065312  -0.76038444 -0.68773824 -0.01206299]
OCCOCCN1CCN(C(c2ccccc2)c2ccc(Cl)cc2)CC1,[ 0.5511007   0.43785706 -0.41130427 -1.         -0.4256216 ]
CC(COc1ccc(Cl)cc1Cl)C(=O)O,[ 0.07670531  0.94359046 -0.9753442  -0.84426796  0.04972739]
CC1(C)CC(NC2CC(C)(C)NC(C)(C)C2)CC(C)(C)N1,[ 0.5266375   0.9060753  -0.26879326 -0.6232506  -0.27846563]
O=C1CCc2ccccc2O1,[ 0.21243022  0.44371474 -0.4221842  -0.5758436   0.52849334]
C[C@@H](NC1=CC(=O)CNC1)c1ccc(Nc2ncc3cc(-c4ccncc4)ccc3n2)cc1,[ 0.62238765  0.8619044  -0.7185728  -0.46542907 -0.4458198 ]
COP(=S)(OC)SCc1nc(N)nc(N)n1,[ 0.5387758   0.9703713  -0.95706475 -0.6000615  -0.7150224 ]
CC1OC(n2ccc(NC(=O)c3ccc(NC(=O)C(C)(N)CO)cc3)nc2=O)CCC1OC1OC(C)C(N(C)C)C(O)C1O,[ 0.629549    0.9026044  -0.8307891  -0.75225973 -0.38814244]
CC1CCCCC1NC(=O)Nc1ccccc1,[ 0.2998171  -0.04846597 -0.8677149  -0.76933235  0.06004149]
Nc1cc(Cl)ccc1O,[ 0.20426734  0.48503944  0.46665785 -0.5153745  -0.22059053]
C[C@@H]1NC(=O)[C@@H](C)N(C)C(=O)[C@H](C)N(C)C(=O)[C@@H](C)N(C)C(=O)[C@@H](C)N(C)C(=O)[C@H](C)NC1=O,[ 0.0708262   0.5670911  -0.96795076 -0.5249592  -0.00759706]
CNC(=O)OCc1cccc(COC(=O)NC)n1,[ 0.28015226  0.7401279  -0.7009653   0.01389125  0.0724708 ]
C[C@@H](NC(=O)C1CCCCN1C)c1ccc(Nc2ncc3cc(-c4ccncc4)ccc3n2)cc1,[ 0.09641989  1.         -1.         -0.5367988  -0.09248313]
Clc1ccc(C2(Cn3cncn3)OCCO2)c(Cl)c1,[ 0.16737531  0.9309331  -1.         -0.669033   -0.5005514 ]
CCNC(=O)C=Cc1cccc(Br)c1,[ 0.06945066  0.5573143  -0.30794838  0.36361513  0.12391781]
CCC(CC)(C(=O)O)c1cccc2ccccc12,[-0.27134138  0.7877563  -0.7075966  -1.         -0.00313501]
CCCCCCOC(=O)C(O)c1ccccc1,[ 0.3527837   0.2804481  -0.72229314 -0.54870737  0.96209013]
Cc1c(OC2CCN(CC3CCN([C@@H](Cc4ccc(F)cc4)C(=O)O)CC3)CC2)ccc(C#N)c1Cl,[-0.31857696  0.9171361  -0.07209764 -0.18663193  0.64831734]
CN(C)CC=C(c1ccc(Br)cc1)c1cccnc1,[-0.12424583  0.72499675 -0.5747223  -0.8336462  -0.26954553]
O=C(O)CCC(=O)c1ccc(-c2ccccc2)cc1,[-0.0087837   0.66953224 -0.6006511   0.4363902   0.5321198 ]
Cc1cc(=O)nc(SCc2ccccc2N(C)C)[nH]1,[-0.19006507  0.664615   -0.8642256  -0.9701853  -0.18768202]
CCOC(=O)COC(=O)c1cc(Oc2ccc(C(F)(F)F)cc2Cl)ccc1[N+](=O)[O-],[ 0.05288947 -0.07634202 -0.14827965 -0.54777014 -0.10037187]
CC(=O)Oc1cc(C(F)(F)F)ccc1C(=O)O,[ 0.2975049   0.6417936  -0.7973326  -0.41327542  0.0905662 ]
CCCCCCC(N)C(=O)N[C@@H](Cc1c(C)cc(O)cc1C)C(=O)N1CCC[C@@H]1C(=O)N[C@@H](Cc1c[nH]c2ccccc12)C(=O)N[C@@H](Cc1ccccc1)C(N)=O,[-0.02070878  0.26596963 -0.71999013 -0.5254412  -0.46321264]
O=C(c1ccc(Cl)cc1)c1ccccc1-c1ncc[nH]1,[-0.08895375  0.9128947  -1.         -0.69932574  0.31385386]
CC(C)C(O)(c1ccc(OC(F)(F)F)cc1)c1cncnc1,[-0.36637622  0.63894576 -0.7239646  -0.27439475  0.05762346]
SCCc1cnccn1,[-0.18616068  0.84996694 -0.5282948  -1.         -0.36458647]
ClC(Cl)(Cl)c1ccc(C(Cl)(Cl)Cl)cc1,[-0.12903783  0.86166865 -0.5712378   0.36025682  0.47906047]
C[C@H](CO)Nc1nc(SCc2ccccc2F)nc2[nH]c(=O)sc12,[-0.01942086  0.6083341  -0.49150702  0.38851637  0.01134179]
Nc1ccc(N)cc1,[ 0.42207795  0.494929   -0.44482788 -0.46383098 -0.04299292]
CCCOP(=O)(SCCC)SCCC,[-0.4377677   0.6930844  -0.06791514 -1.         -0.09555567]
CCN(CC)N=Nc1ccccc1,[ 0.32214916  0.26010704 -0.91323984 -0.44978413 -0.07521076]
CN(C)C1CC(c2ccccc2)c2ccccc21,[ 0.41150078  0.95895505 -1.         -0.8312935  -0.25255406]
CCCCC(CC)COCCO,[-0.08139928  0.6546509  -0.9283049  -0.43593836  0.17489357]
C1=CC2C3C=CC(C3)C2C1,[ 0.24149588  0.87772816 -0.31219283 -0.97364986 -0.14754182]
CN(C)CCC(c1ccc(Cl)cc1)c1ccccn1,[ 0.44360334  0.21310538 -0.62952864  0.514307   -0.07126003]
Cn1c(C2=CCN(CCCN3c4ccccc4Sc4ccc(CC(=O)O)cc43)CC2)cc(=O)n(C)c1=O,[ 0.11734413 -0.541405   -0.6519635  -0.4496074  -0.08116741]
COP(=S)(OC)Oc1ccc(C#N)cc1C,[-0.47872135  0.8026755  -0.6007428  -0.6516414  -0.06363489]
CC(C)=CCl,[ 0.3674762   0.57898796 -0.67056155 -0.23978147  0.1582419 ]
O=C(CSc1nc2c(c(=O)n1-c1ccccc1)SCC2)Nc1ncc(-c2ccccc2)s1,[ 0.28974336  0.8687676  -0.8366991  -0.5969744  -0.33728257]
C#CC(C)(C)O,[ 0.59662074  0.59425956 -0.8142586   0.06317063 -0.00905217]
CCOC(=O)c1ccc(C#Cc2ccc3c(c2)C(C)(C)CCS3)nc1,[-0.10699973 -0.58698326 -0.75332946  0.05029092 -0.2945469 ]
N=C(N)Nc1nc(CSCCC(=N)NS(N)(=O)=O)cs1,[-0.18658131  0.535334   -0.64803314 -0.4755954  -0.09165687]
O=C(Cc1ccc(Cl)c(C(F)(F)F)c1)Nc1cccc2c(=O)n(CCO)ccc12,[ 0.5526573   0.37903473 -0.55526054 -0.7081993  -0.47735518]
Nc1cc2c(cc1C1CCCCC1)CCC2C(=O)O,[ 0.53886896  0.14284979 -1.         -0.15526    -0.22499283]
CC(O)C(Cl)(Cl)Cl,[-0.03687308  0.86623937 -0.5297443   0.5137584   0.2132367 ]
CCOC(C1=NCCCN1)c1c(Cl)cccc1Cl,[ 0.57477266  0.7087666  -0.5469792  -0.4273425  -0.12790765]
COC(=O)Cc1ccccc1,[-0.5478922  -0.08420146 -0.85114264 -0.65895605  0.36330858]
O=C(Oc1ccccc1)n1c(C(F)(F)F)nc2cc(Cl)c(Cl)cc21,[ 0.12825148  0.6724595  -0.54603666 -0.01683099 -0.24467486]
CN1C(=O)CC(N2CCN(CCCN3c4ccccc4COc4ccc(CC(=O)O)cc43)CC2)N(C)C1=O,[ 0.2255225  0.8747041 -0.5720169 -0.6630218 -0.3413676]
CCCCCCCCCCCCCCCN,[ 0.00590527  1.         -0.6924753  -0.6702604   0.33312136]
Nc1ncc2cc(-c3c(Br)cccc3Br)c(N)nc2n1,[ 0.20110491  0.795867   -0.71177167 -0.46834058 -0.11636356]
CCCCCCCC[Si](OCC)(OCC)OCC,[ 0.08818123  0.15802018 -0.62489235 -0.01069969  0.6086532 ]
Cc1cc(C)c(N)c(C)c1,[ 0.1099159  -0.19920678 -0.71413624 -0.90940726  0.38861352]
CC(=Cc1ccccc1)C=C1SC(=S)N(CC(=O)O)C1=O,[ 0.5376625   0.80012923 -0.43827873 -0.7039261  -0.14769432]
CN(C)C(=O)C(CCN1CCC(O)(c2ccc(Cl)cc2)CC1)(c1ccccc1)c1ccccc1,[ 0.17268662  0.42751387 -0.32014558  0.3295095  -0.12463122]
Cc1ccc(CO)cc1N(C)c1ccnc(Nc2cc(N3CCCOCC3)cc(N3CCOCC3)c2)n1,[ 0.70171744  0.86452883 -0.67823553 -0.76953197 -0.16807412]
C[C@@H]1NC(=O)[C@H](C)N(C)C(=O)[C@@H](C)N(C)C(=O)[C@H](C)NC(=O)[C@@H](C)NC(=O)[C@@H](C)N(C)C1=O,[ 0.19458348  0.76427454  0.09474654 -0.80988073 -0.3335207 ]
CN[C@@H](C)[C@@H](O)c1ccccc1,[-0.01162491 -0.54289585 -0.37984666 -0.5557304   0.61798435]
CCCc1c(OCc2cccn3c(=O)c(CCC(=O)O)cnc23)ccc(C(C)=O)c1O,[ 0.10169021 -0.4160668  -0.34482145 -0.6277693   0.0313045 ]
Clc1ccc(OCOc2ccc(Cl)cc2)cc1,[ 0.6001269   0.92396307 -0.52319527 -0.27885976  0.3121355 ]
NC(=O)CF,[ 0.1141198   1.         -0.6332153  -0.5961273  -0.12705982]
CCCCOC(C)OCCCC,[ 0.23129852  0.39340913 -0.00134111 -0.24743704 -0.09653062]
Cc1cc(OC(=O)N(C)C)n(-c2ccccc2)n1,[-0.143762    0.8513162  -0.76756305 -0.802119   -0.09914218]
C[C@@H]1NC(=O)[C@H](C)N(C)C(=O)[C@@H](C)NC(=O)[C@H](C)N(C)C(=O)[C@@H](C)N(C)C(=O)[C@@H](C)NC1=O,[ 0.39179745  0.5433794  -0.7239677  -0.54513794 -0.05090752]
C[C@@H](NC1=CC(=O)CC1)c1ccc(Nc2ncc3cc(-c4ccncc4)ccc3n2)cc1,[-0.22057165  0.80946785 -0.8103801  -0.70893866 -0.33382738]
COC(=O)C(C(C)=O)C(C)=O,[-0.0942069   0.2702581  -0.7450409  -0.7998871   0.02159597]
Cn1cncc1CN(CCN(Cc1ccccc1)S(=O)(=O)c1ccccn1)c1ccc(C#N)cc1,[ 0.2610489   0.27057585 -0.74040705 -0.4769071  -0.06512694]
CC(=O)N1CCN(c2ccc(OC[C@H]3CO[C@](Cn4ccnc4)(c4ccc(Cl)cc4Cl)O3)cc2)CC1,[ 0.4195647   1.         -0.7091005  -0.7707661  -0.03710013]
C[N+](C)(Cc1ccc(NC(=O)c2ccc(Cl)c(Cl)c2)cc1)C1CCOCC1,[-0.7093257   0.83986354 -0.8519313  -0.599864   -0.44399482]
C=C(C)C(=O)OC=C(C)C,[ 0.59579235 -0.33595502 -0.65079707 -0.75441    -0.25070065]
CC(=O)N(C)C,[ 0.33703622  0.5102137  -0.97145844 -0.74202883 -0.01225944]
O=C(O)CCC(=O)OC1CCCCC1,[ 0.28888935  0.79493564 -0.58397    -0.7667036  -0.40662456]
CCOC(=O)Nc1ccc(NCc2ccc(F)cc2)cc1N,[-0.10175289 -0.27183336 -0.95216143 -0.69144547 -0.31078255]
N#CCc1ccccc1,[ 0.08177466  0.9021041  -0.9121236  -0.6414897  -0.04520137]
CCC(=O)CC,[ 0.15581661  0.74914753 -0.89219135 -0.80732065 -0.14086609]
O=[N+]([O-])c1ccccc1Cl,[ 0.0424295   0.8731021  -0.794659   -0.8999201   0.24714802]
C[NH2+]C(C)C1CCC(N)C(OC2C(N)CC(N)C(OC3OCC(C)(O)C([NH2+]C)C3O)C2O)O1,[-0.0023593   0.8398375  -0.8915207  -0.58929867  0.00609613]
c1ccc(COCc2ccccc2)cc1,[ 0.14310145  0.81734437 -0.86594486 -0.31011122 -0.16377646]
CCC1OC(C)SC1=NOC(=O)NC,[-0.02731004  0.7175664  -0.9929041   0.07412536  0.5565005 ]
O=c1[nH]cnc2c1ncn2[C@H]1CC[C@@H](CO)O1,[-0.34267718  0.78482777 -1.         -0.88402206 -0.32166284]
CCCN(CCC)c1c([N+](=O)[O-])cc(S(N)(=O)=O)cc1[N+](=O)[O-],[ 0.46182045  0.81541723 -0.68981016 -1.          0.01213218]
CNC(=O)ON=C(C)SCC(N)=O,[ 0.3792093 -0.2213344  0.1548654 -0.5494407 -0.5286261]
Cc1ncccc1Oc1ncnc(OC2CCN(C(=O)OC(C)C)CC2)c1C,[ 0.11685582  0.44931322 -0.6882141   0.27898702 -0.40250656]
NCCCC[C@H](N[C@@H](CCc1ccccc1)C(=O)O)C(=O)N1CCC[C@@H]1C(=O)O,[-0.05884655  0.7867964  -0.68231237 -0.94551635 -0.28840664]
CCCCCCCc1ccccc1O,[ 0.36697033  0.61061645 -0.5307092  -0.8442296  -0.56521565]
CON=C(C(=O)NC1C(=O)N2C(C(=O)O)=C(COC(N)=O)CSC12)c1ccco1,[-0.19447245  0.7778731  -0.99984777 -0.9632153  -0.25504485]
CCCCOCC1CO1,[-0.3212011   0.4837644  -0.95316166 -0.9567406  -0.13355528]
CO/N=C(\C(=O)N[C@@H]1C(=O)N2C(C(=O)O)=CCS[C@H]12)c1csc(N)n1,[ 0.3810018  -0.349917   -1.         -0.3431772  -0.03679921]
CCCCCCCCc1ccccc1O,[ 0.28936785 -0.05238165 -0.7777313  -0.28203347 -0.05471168]
CC[C@@H]1OC(=O)[C@@H](C)[C@H](O[C@@H]2C[C@](C)(OC)[C@H](O)[C@@H](C)O2)[C@H](C)[C@H](O[C@@H]2O[C@H](C)C[C@H](N(C)C)[C@H]2O)[C@@](C)(O)C[C@@H](C)/C(=N\OCOCCOC)[C@H](C)[C@@H](O)[C@@]1(C)O,[ 0.4003143   0.76257443 -0.5810717   0.7115362  -0.22896568]
CCP(=O)(OC)SC,[-0.2768793   0.82392544 -0.7881323  -0.8693103  -0.34281266]
CC(=O)NCCCS(=O)(=O)[O-],[ 0.31358582  1.         -0.46694002 -1.         -0.20736666]
c1cc(-c2ccc3nc(Nc4ccc(OCCN5CCCC5)cc4)ncc3c2)ccn1,[-0.5340609   0.6703651  -0.15848775 -0.66929793 -0.30165493]
CCOC(=O)C(CCc1ccccc1)NC1CCc2ccccc2N(CC(=O)O)C1=O,[-0.22703987  0.72925866 -0.66945714 -1.         -0.49055526]
CCC(=O)OCc1ccc(OC)cc1,[ 0.10754135  0.12832949 -0.58237314 -1.          0.23618059]
CCCCCCCCOC(C)=O,[ 0.14411141  0.47618455 -0.80929595 -0.7945826  -0.5674585 ]
CC(C)=CCCC(C)=CCCC(=CCCC(C)=CCO)CO,[-0.01506557  0.3172818  -0.5116434  -0.25999072  0.14672138]
CC(Cl)(Cl)[N+](=O)[O-],[ 0.5140031   0.772127   -0.684084   -0.6457353   0.04359773]
C1CSCCO1,[ 0.5759909   0.322344   -0.93801945 -0.24586277  0.12220783]
N#Cc1cccc(Cc2ncccn2)c1,[-0.16966008  0.8262519  -0.6333504  -0.80479836 -0.21038683]
CN(C)C(=O)N(C)N=O,[-0.18672791  0.7870681  -0.8633183  -1.         -0.21590728]
COc1cc(OC)c(S(=O)(=O)N(c2ccccc2)C(C)C)cc1NC(C)=O,[-0.36725715  0.23416512 -0.6471081  -0.5869523  -0.18566766]
Cc1ccccc1COC1CC2(C(C)C)CCC1(C)O2,[-0.32246488 -0.00370389 -0.74091625 -0.21477517  0.08917444]
OCCOCCCl,[ 0.12623996  0.83055    -0.9926382  -0.8938655  -0.4593229 ]
OCCOc1cc(Cl)c(Cl)cc1Cl,[-0.5609924   0.9185596  -0.70395184 -0.35379258 -0.16519122]
CC(C)(C)NCCO,[-0.00975354  0.92641795 -0.9710623  -0.7949396  -0.21921194]
C=CCn1c(N)cc(=O)n(CC)c1=O,[-0.06057166  0.4734847  -0.13582402 -0.8501885  -0.04461182]
CC(C)=CCN1CCC2(C)c3cc(O)ccc3CC1C2C,[ 0.23177455  1.         -1.         -0.65102404  0.19004403]
COc1c(OP(=S)(OCC(C)C)OCC(C)C)cnn(C)c1=O,[ 0.37968615  0.11298377 -1.         -0.68416667  0.13085602]
CC(=O)CCCCCCCC(=O)O,[ 0.42835552  0.75163895 -0.78155047 -0.8064616  -0.19078474]
CCOc1ccccc1C(=O)NN=C(C)C(=O)O,[ 0.31936064  0.91612744 -0.93230695 -0.5632505  -0.37638998]
CCCCC(CC)CNCC(C)(N)CN(C)CC(CC)CCCC,[ 0.01842951 -0.06324378 -0.67756957  0.2606564   0.44332212]
CCOC(C)COC(C)CO,[ 0.16519913  0.8064907  -0.63109684 -0.3640599  -0.12087481]
O=c1[nH]c2c(O)ccc([C@@H](O)CNCCSCCCNCCc3cccc(Cl)c3Cl)c2s1,[ 0.43895012  0.79893297 -0.67929095  0.36316812 -0.27283236]
COc1cc(C2c3cc4c(cc3C(OC3OC5COC(C)OC5C(O)C3O)C3COC(=O)C23)OCO4)cc(OC)c1O,[-0.51337725  0.7263122  -0.40780848 -0.5801473  -0.271034  ]
C=CCC1/C=C(\C)CC(C)CC(OC)C2OC(O)(C(=O)C(=O)N3CCCCC3C(=O)OC(/C(C)=C/C3CCC(O)C(OC)C3)C(C)C(O)CC1=O)C(C)CC2OC,[ 0.61216986  0.5234812  -0.5697173  -0.8038691  -0.54728115]
CCCN(CCC)c1c([N+](=O)[O-])cc(C)cc1[N+](=O)[O-],[ 0.4458885   0.73892546 -0.2691782  -0.55411226 -0.12768188]
COC(=O)C1=C(C)NC(C)=C(C(=O)OCCN(C)Cc2ccccc2)C1c1cccc(N(O)O)c1,[ 0.1440231   0.8097354  -0.61692595 -0.9988875  -0.17292228]
CC(CO)Oc1ccccc1,[ 0.08548833  0.98050076 -0.7545576  -0.86230487 -0.41876215]
O=C(CN1CCNCC1)NN=Cc1ccc([N+](=O)[O-])o1,[-0.10034441 -0.26636454 -0.81721073 -0.7843999   0.02712021]
FC1(F)CC(C2CC3(Cl)C(Cl)=C(Cl)C2(Cl)C3(Cl)Cl)C1(F)F,[ 0.47943157  0.5153735  -0.81604165  0.10178046  0.00957649]
CNC(=O)[C@@H]1Cc2cn(cn2)CC(=O)N2CCC[C@H]2C(=O)N[C@@H](C)C(=O)N1C,[-0.12015065  0.78387016 -0.797499   -0.8190406   0.05454288]
Cc1ccc(C(=O)N(CCCN)[C@@H](c2nc3cc(Cl)ccc3c(=O)n2Cc2ccccc2)C(C)C)cc1,[ 0.39149946  0.63347965 -0.35651955 -0.03807    -0.3396219 ]
CCCCC(CC)(C(=O)OCC)C(=O)OCCN(CC)CC,[ 0.12113656  1.         -0.88715243 -0.9854429   0.21268375]
CCNC(=O)c1cc2c(-n3ccc(C(F)(F)F)n3)c(-c3cncc(-c4n[nH]c(=O)o4)c3)cnc2[nH]1,[ 0.28232643  0.9418838  -0.6928928  -0.6323495  -0.49936262]
O=C(O)CCCCCC(=O)O,[ 0.6269906   0.5616553  -0.4746975  -1.         -0.23985507]
Nc1nc2c(ncn2COCCO)c(=O)[nH]1,[ 0.43819574 -0.0150835  -0.69654405 -0.21209872  0.5210907 ]
O=C(CCl)CCl,[ 0.05745348  0.8148305  -0.67198855 -0.14480233 -0.351353  ]
OC(CCN1CCCC1)(c1ccccc1)C1CCCCC1,[-0.38523638  0.76426613 -0.8465418  -0.73198324 -0.1621119 ]
CCCOCCOC(=O)C1=C(C)NC(C)=C(C(=O)OCCOCCC)C1c1cccc([N+](=O)[O-])c1,[ 0.5834529   0.8860148  -0.9127489  -0.4252016   0.08195998]
CC1CCC(C(C)C)C(O)C1,[-0.18871987 -0.31999102 -0.78232926 -0.7854173   0.25615537]
O=C(OCCc1ccccc1)c1ccccc1,[ 0.4778695   0.5941062  -0.84905946  0.07897826 -0.02097426]
COCc1c(C(C)C)nc(C(C)C)c(/C=C/[C@@H](O)C[C@@H](O)CC(=O)O)c1-c1ccc(F)cc1,[ 0.40454268  0.7497143  -0.91066986 -0.6234231  -0.18469322]
C=CC(=O)NCNC(=O)C=C,[ 0.18217711  0.4627283  -0.720352   -0.7841412  -0.07727347]
COC(=O)C(C)N(C(=O)Cc1ccccc1)c1c(C)cccc1C,[-0.0752951   0.11055193 -0.7232804  -0.9913415  -0.17452784]
CCCCN1C(=O)c2cccc([N+](=O)[O-])c2C1=O,[ 0.36709332  0.42862558 -0.60647595 -0.6768684   0.43497446]
Cc1cc(Cl)ccc1OCC(=O)Nc1ccccc1,[-0.39127576  0.90592754 -0.7449311  -0.63141924 -0.20729256]
COc1cc(C=CC(=S)N2CCOCC2)cc(OC)c1OC,[-0.36853835 -0.4044558  -0.41491014 -0.8155881  -0.04879699]
Cc1ccc2nc(C[N+]34CCC(CC3)[C@@H](OC(=O)[C@](C)(c3ccccc3)N3CCCCC3)C4)oc2c1,[ 0.4135538   0.66693676  0.6003745   0.11381175 -0.6203728 ]
COC(C)CC(=O)O,[ 0.02117742  0.7948278  -0.77106136 -0.87789    -0.44668934]
ClC1=C(Cl)C(Cl)(C2(Cl)C(Cl)=C(Cl)C(Cl)=C2Cl)C(Cl)=C1Cl,[ 0.04608648  0.7802014  -1.         -0.8475174   0.9232695 ]
CN(C)CCC=C1c2ccccc2CCc2ccccc21,[ 0.30255228  1.         -0.536903   -0.16266192  0.3365454 ]
O=[N+]([O-])c1ccc(Nc2ccccc2)c(S(=O)(=O)O)c1,[ 0.01077953  0.270321   -0.17681892 -0.6495705   0.14269596]
Cc1cnc(NC(=O)C2=C(O)c3ccccc3S(=O)(=O)N2C)s1,[-0.04830959 -0.6543026  -0.8671352  -0.6400885   0.68281406]
Cc1cc(-n2c(C)nc3ccccc3c2=O)n(-c2ccccc2)n1,[ 0.6961807   0.93134546 -1.         -0.7819608  -0.06914067]
CC(C(=O)O)c1ccc(C(=O)c2cccs2)cc1,[-0.6476401   0.00130937 -0.99617636  0.1454524  -0.31081954]
CC(C)(C)NC(=O)NCCN1CCCC(NC(=O)c2cc(Cl)cc(Cl)c2)C1,[ 0.37097076  0.9495769  -0.57880884 -0.54546684 -0.38940188]
C[N+](C)(C)[NH2+]CCC(=O)[O-],[-0.01807063  0.6697898  -0.48627722 -0.97361946  1.        ]
CCC[NH+]1CCCCC1C(=O)Nc1c(C)cccc1C,[ 0.20635551  0.6316482  -0.7545795  -0.64262235 -0.18210024]
C=C(C)CN(CC)c1c([N+](=O)[O-])cc(C(F)(F)F)cc1[N+](=O)[O-],[ 0.46917957  0.22757912 -0.15099153  0.15721172  0.4341511 ]
O=Cc1ccc(O)cc1,[ 0.04686883  0.6899724  -0.37775695 -0.8491273   0.6273632 ]
CC(=O)C1OC1(C)C,[ 0.24607962  0.77713734 -0.713198   -0.5679832  -0.33994904]
Nc1nc(-c2ccccn2)nc(N)c1Cc1ccc(Cl)cc1Cl,[ 0.03698084  0.91080433 -0.9422949  -0.4089701  -0.17895299]
COc1ccc(C(=O)Nc2ccccc2CCC2CCCCN2C)cc1,[ 0.43166438  0.95513123 -0.6185609  -1.          0.9244804 ]
COc1ccc(-c2cc(=O)c3ccc(OC)cc3o2)cc1,[ 0.07814668  0.91551036 -0.8372506  -0.36753553  0.2337757 ]
C[Si](C)(Cl)Cl,[ 0.02752253  0.9197922  -0.92727375 -0.8396073  -0.5677846 ]
CC(C)NCC(O)COc1ccc(COCCOC(C)C)cc1,[-0.1454534   0.7956556  -0.48258895 -0.98600274 -0.43111354]
Nn1cnc2cc3ccccc3cc2c1=O,[-0.09664819  0.856493    0.22532482 -0.4948233  -0.24108258]
ClCC1CO1,[ 0.4225041   0.5795243  -0.8312884  -0.767194   -0.17637959]
CS(=O)(=O)c1nc(-c2ccc(F)cc2)n(-c2ccc(Cl)cc2)n1,[ 0.43069002  0.6885577  -0.80861795 -0.5921303  -0.17427978]
CNC(=O)CSP(C)(=S)OC,[ 0.11694264 -0.42136875 -0.04025701 -0.32720652 -0.09683861]
COCC(=O)O[C@]1(CCN(C)CCCc2nc3ccccc3[nH]2)CCc2cc(F)ccc2[C@@H]1C(C)C,[-0.26239312  0.7135682  -0.14346081  0.00782793  0.3980641 ]
C=COC(=O)CCCCCCC,[-0.53301954  0.6217894  -0.8711784  -0.590429   -0.01473789]
COc1cc2c(c3oc(=O)c4c(c13)CCC4=O)C1C=COC1O2,[ 0.0703365   0.94034255 -0.772201   -0.8076936  -0.04332114]
CNC(=O)Nc1nnc(C(C)(C)C)s1,[-0.39003024 -0.05733297 -0.86587864 -0.7206234  -0.14750378]
CCNC(=O)ON=C1SCOC1C,[ 0.04735859  0.6803964  -0.37118343 -0.75471187 -0.5489046 ]
CO/N=C(\C(=O)N[C@@H]1C(=O)N2C(C(=O)O)=C(COC(C)=O)CS[C@H]12)c1csc(N)n1,[ 0.44718868  0.85229623 -0.26874757 -0.54995996  0.21411344]
CC1CCC(N)CC1N,[-0.15760581  0.81099313 -0.582584    0.4137954  -0.20609958]
SCc1ccccc1,[ 0.2196399   0.39082977 -0.7967398  -0.9336269   0.18827432]
Cc1ccc([N+](=O)[O-])cc1,[ 0.4004214   0.49438724 -0.9492109  -0.6747733  -0.0513676 ]
CC1(C)C(C=C(Cl)Cl)C1C(=O)OCc1c(F)c(F)c(F)c(F)c1F,[ 0.55211365  0.8570266  -1.         -0.76568764 -0.05788663]
Cc1cc(Nc2nc(N[C@@H](C)c3ccc(F)cn3)c(C#N)cc2Cl)n[nH]1,[ 0.9769537   1.          0.785438    0.44145963 -0.6013304 ]
C#CCN(C)c1ccccc1OC(=O)NC,[ 0.26372045 -0.8061546  -1.         -0.6473554  -0.12255677]
CCC(=O)NCCC1CCc2ccc3c(c21)CCO3,[-0.08471084  0.5860446  -0.84346074 -0.6118541   0.09871137]
C=CCN1CCCC1CNC(=O)c1cc2nn[nH]c2cc1OC,[ 0.3703952  -0.22537753 -0.72076076 -0.08568291  0.63806987]
CC(=O)OC(C)OC(=O)C(C)c1ccc(-c2ccccc2)c(F)c1,[ 0.07927884  0.89851034 -0.63883185 -0.7847333  -0.560542  ]
C=C(Cl)C(Cl)CCl,[ 0.10684859  0.6627884  -0.14526007  0.48351112  0.04405954]
COP(=S)(OC)SCSCC=C(Cl)Cl,[ 0.17008549  0.88516355 -0.03965018 -0.43156713 -0.16075404]
O=[N+]([O-])c1cc(Cl)c2nc(C(F)(F)F)[nH]c2c1,[ 0.05712081  0.6992201  -0.83242935 -0.9430334  -0.18144518]
C=CS(C)(=O)=O,[ 0.11500633  0.92215174 -0.6756238  -0.7647818  -0.3956642 ]
O=c1cc(Cn2c(C3CCC3)nc3nccnc32)c2ccc(F)c(F)c2[nH]1,[-0.57541853  0.76536775 -0.68640083 -0.41292185 -0.0610215 ]
C=CC(=O)OC1CC2CCC1C2,[-0.21808693 -0.3539446  -0.84135336 -0.7409411   0.48696873]
C[C@]12C[C@H](O)[C@H]3[C@@H](CCC4=CC(=O)CC[C@@]43C)[C@@H]1CC[C@]2(O)C(=O)CO,[ 0.07392474 -0.10953916  0.06015377 -0.20265083 -0.8492738 ]
CC1(C)C2CCC1(C)C(O)C2,[-0.08815005  0.7109107  -0.8706648  -0.7084385  -0.22970943]
CCCC(=O)OC1(C(=O)COC(=O)CC)CCC2C3CCC4=CC(=O)CCC4(C)C3C(O)CC21C,[ 0.10622826  0.86166805 -0.8836893  -0.7315078   0.48661235]
COc1ccccc1Oc1c([N-]S(=O)(=O)c2ccc(C(C)C)cn2)nc(-c2ccnc(-c3nnn[n-]3)c2)nc1OCCO,[ 0.45661116 -0.1253926   0.4544093  -0.7502639  -0.1573442 ]
CC[C@H]1OC(=O)[C@H](C)[C@@H](O[C@H]2C[C@@](C)(OC)[C@@H](O)[C@H](C)O2)[C@H](C)[C@@H](O[C@@H]2O[C@H](C)C[C@H](N(C)C)[C@H]2O)[C@](C)(O)C[C@@H](C)C(=O)[C@H](C)[C@@H](O)[C@]1(C)O,[-0.31191406  0.14749469 -0.8332734  -0.83414155 -0.03650036]
O=C1C(Cl)C(CCl)CN1c1cccc(C(F)(F)F)c1,[-0.08858113  0.76458794 -0.8040181   0.10446112  0.7042632 ]
Cc1nc(N)nc(N)c1-c1ccc(Br)cc1,[ 0.41248313  0.8104094  -0.79641324 -0.6775798  -0.1666694 ]
C=CCc1ccc(OC(C)=O)c(OC)c1,[ 0.47017077  0.95217884 -0.96941674 -0.6992013   0.26237175]
C=CCNC(=S)Nc1ccccc1,[ 0.266965   -1.         -0.7244622  -0.30476007 -0.05958418]
CSCCC(OC(C)=O)C(=O)O,[ 0.2297209  0.7930232 -0.8253979 -0.7065226  0.4398467]
CCS(=O)CCSP(=O)(OC)OC,[ 0.2552745   1.          0.65560013 -0.9803515  -0.20580032]
CCc1nc2cc(O)ccc2c(Oc2ccc(/C=C/C(=O)O)cc2)c1-c1ccccc1,[-0.22464997  0.8144     -0.6552619  -0.7128507   0.29842764]
CCOC(=O)c1noc(C)c1C(C)=O,[ 0.4108894  -0.43481168 -0.3652198  -0.6913148   0.0284932 ]
C=C(C)c1cccc(C(C)(C)N=C=O)c1,[ 0.10597984  1.         -1.         -0.3666014  -0.26811326]
Oc1cc(Cl)c(Cl)c(Cl)c1Cl,[ 0.0336248   0.33383584 -1.         -0.5690431  -0.25710446]
CC(C)CCOC(CO)CC(C)C,[ 0.22213551  0.68882066 -0.85114235 -0.7370775  -0.11643238]
CC(=O)CCC(C)=O,[ 0.06962267  0.8046654  -0.936167   -1.         -0.57718885]
O=C(O)c1cccc(Cl)n1,[-0.16441782  0.86733496 -0.6064195  -0.50667053 -0.3305452 ]
Cc1cn([C@H]2CCCN(S(=O)(=O)c3ccc(C#N)c(Oc4cccc(Cl)c4)c3)C2)c(=O)[nH]c1=O,[ 0.51977706  0.9181082   0.5230712  -0.43503097 -0.25490806]
CC1(C)C(=O)N(CO)C(=O)N1CO,[-0.13073955  0.5415943  -0.7484302   0.6387135  -0.319672  ]
Cc1nccc(-c2ccc(-c3nc4ccncc4c(O)c3C#N)cc2)c1Cl,[ 0.18898158  0.901586   -0.14671168 -0.8957032  -0.00680941]
O=[N+]([O-])c1ccc(O)c(CNCCO)c1,[ 0.38179496  0.82265955 -1.         -0.19941586 -0.23467797]
CN(C)CCCNCCCN(C)C,[ 0.1780187   0.27903762 -0.84372604  0.5692039   0.21107717]
CC(O)CO,[ 0.18515156  0.62016064 -0.20028989 -0.696325   -0.23608075]
CN1CCN(CCCN2c3ccccc3Sc3ccc(Cl)cc32)CC1,[-0.10280869  0.48142982 -0.7941004   0.03987062 -0.61187255]
CON=C(Cc1cccnc1)c1ccc(Cl)cc1Cl,[ 0.40220332  0.6513834  -0.81944096 -0.45234567  0.17922628]
O=CCc1ccccc1,[ 0.27978688  0.18876131 -0.8695175   0.3773263  -0.10321642]
Nc1c(CC(=O)[O-])cccc1C(=O)c1ccc(Br)cc1,[ 0.2841743   0.785539   -0.95972973 -0.534801    0.99298316]
NC(=[NH2+])NCCCCC1NC(=O)CCSSCC(C(N)=O)NC(=O)C2CCCN2C(=O)C(Cc2c[nH]c3ccccc23)NC(=O)C(CC(=O)[O-])NC(=O)CNC1=O,[ 0.59347343  0.83982486 -0.6233375  -0.43427345 -0.22583427]
CCOC(=O)C1OC1c1ccccc1,[ 0.35562032  1.         -0.86535037 -0.77220297 -0.42220232]
Clc1ccc(Cl)c(Cl)c1,[-0.2981024   0.91354704 -0.8647322  -1.          0.6957394 ]
O=[N+]([O-])OC1COC2C(O)COC12,[-0.10300362  1.         -0.897972   -1.         -0.23707873]
CCC(C)N(C)C(=O)c1cc2ccccc2c(-c2ccccc2Cl)n1,[ 0.6154934   0.96356493 -0.9423208  -0.7738138  -0.44050455]
C=CC(=O)OCC(=O)OCC,[-0.36886936  0.5638168  -0.73813415 -0.4911502   0.117906  ]
CN(C)N=Nc1ccc(I)cc1,[ 0.23644793 -0.38799286 -0.8789003  -0.84740835 -0.19990538]
CC#CCC(C)C(O)C=CC1C(O)CC2Oc3c(CCCC(=O)O)cccc3C21,[-0.14954773  0.7964724  -0.13013513 -0.44179168 -0.31020984]
O=P([O-])([O-])C(O)(Cn1ccnc1)P(=O)([O-])O,[-0.6109274   0.39073363 -0.7636342  -0.29397327  0.09064249]
CNc1c(C(N)=O)cnc2[nH]c(-c3ccc(OCCN4CCOCC4)cc3)nc12,[-0.24910155  0.6944647  -0.7022452  -0.7788741  -0.10344671]
CC#CN(CC)CC,[ 0.38340512  0.5697577  -0.8271278  -0.5965405   0.1969912 ]
C1=CCC(C2OCC3(CC=CCC3)CO2)CC1,[-0.147711    0.6532206  -0.6588126  -0.38880968  0.84934366]
COC(C)COC(C)COC(C)CO,[ 0.5256483   0.36579084 -0.5177868  -0.66901803  0.01816875]
OC[C@@H]1CC[C@H](n2cnc3c(O)ncnc32)O1,[ 0.42058414  0.6746268  -1.         -0.21770482  0.16123353]
C#CC(C)(O)C(O)c1ccccc1,[ 0.2586379   0.96234107 -0.8496197  -0.2700992   0.10423269]
CN(C)CCOc1cc(NS(=O)(=O)c2c(Cl)cc(C(F)(F)F)cc2Cl)ccc1Cl,[ 0.2145656   0.75051844 -0.49436736 -0.25191975 -0.07299016]
CNC(=O)c1c(I)c(NC(C)=O)c(I)c(C(=O)[O-])c1I,[ 0.00248177  0.8989526  -0.09040014 -0.63655365 -0.24406855]
COc1ccc2c(O[C@@H]3C[C@H]4C(=O)N[C@]5(C(=O)NS(=O)(=O)C6CC6)C[C@H]5/C=C\CCCCN(C)C(=O)[C@@H]4C3)nc(-c3ccc(F)cc3)nc2c1C,[ 0.35284355  0.54534435 -1.         -0.87108815  0.05489601]
OC1(c2ccc(Cl)c(C(F)(F)F)c2)CCN(CCCC(c2ccc(F)cc2)c2ccc(F)cc2)CC1,[ 0.17376572 -0.30621555 -0.75502497 -0.54472387  0.09009148]
O=C1CC2(CCCC2)CC(=O)N1CCCCN1CCN(c2ncccn2)CC1,[-0.20284037  0.61978805 -0.74954045 -0.80695516  0.28649893]
C=CC(=O)N(C)C,[ 0.6001412   0.7781674  -0.2799593  -0.7029534  -0.20162304]
C=C(Cl)C#N,"[ 4.8131624e-01  7.8272521e-01 -1.0000000e+00 -5.3727269e-01
 -4.9640785e-04]"
Cn1c(=O)sc2cccc(Cl)c21,[ 0.34187034  0.8565268  -0.35762462 -0.94818604 -0.2073692 ]
C[C@@](N)(Cc1ccc(O)c(O)c1)C(=O)O,[ 0.31537503  0.4750433  -0.46010086 -0.74886864 -0.19258605]
O=C(CCCCC(=O)OCC1CC=CCC1)OCC1CC=CCC1,[-0.37758783 -0.63413435 -0.9572715  -1.         -0.64375216]
C=COC(=O)C=CC,[-0.13936199  0.86049247 -0.56156975 -0.54983455  0.04799993]
O=C(Cl)C=CC(=O)Cl,[ 0.42705378  0.7176847  -0.8251612   0.00299396  0.05003769]
CCNC(=O)CSP(=S)(OC)OC,[ 0.43684322  0.7689625  -0.70899796 -0.7365451  -0.24895182]
Cc1cccc([N+](=O)[O-])c1[N+](=O)[O-],[-0.12539688  0.8542287  -0.6591043  -1.          0.3287487 ]
CN1CCCCC1CCN1c2ccccc2Sc2ccc(S(C)=O)cc21,[ 0.09774179 -0.7370479  -0.44608945 -0.4556382   0.5673425 ]
O=NN(c1ccccc1)c1ccccc1,[ 0.55383605  0.72311646 -0.7208017  -0.62631     0.24092971]
COP(N)(=O)SC,[-0.02820842  0.725169   -0.82937753 -0.7199539   0.43656096]
O=C1c2cccc(S(=O)(=O)O)c2C(=O)c2c1cccc2S(=O)(=O)O,[ 0.3231157   0.37005177 -0.76439214 -0.90223634  0.03612883]
CCCCC(C)(C)CO,[ 0.08592867  0.7446406  -0.7117835  -0.40878627  0.22760378]
CCCCCNCCCCC,[ 0.32869586 -0.09178391 -0.2058208  -0.34492    -0.04173598]
O=C(O)c1nn(Cc2ccc(Cl)cc2Cl)c2ccccc12,[ 0.4332994   0.5672737  -0.8027073  -0.24499607 -0.17639887]
O=C(COc1ccc(Cc2ccc(Cl)cc2)cc1)OCc1cccnc1,[-0.2362651   1.         -0.9432937  -0.96049476 -0.09892694]
O=C(CCc1ccccc1)OC1=C(OC(=O)CCc2ccccc2)C(=O)OC1=O,[ 0.06777254  0.7982248  -0.77662146 -0.33054695  0.5671632 ]
C=CC(C)CCCC(C)(C)O,[ 0.32153374  0.7515444  -0.37662518 -0.7744497  -0.09758931]
Oc1ccc2[nH]c(C(F)(F)F)nc2c1,[ 0.1272807   0.9597755  -0.48529476 -0.85482764 -0.2091531 ]
Cc1nn(C2CCCCC2)c(N)c1-c1ccccc1,[-0.14362976  0.8933598  -0.8996774  -0.7637504  -0.13470632]
CCN(CC)c1ccc2c(C)cc(=O)oc2c1,[ 0.9043097  -0.2621316  -0.09218302 -0.6650327   0.28958738]
O=C([O-])CCCc1ccc(N(CCCl)CCCl)cc1,[ 0.16146936  0.92792046 -0.7887174  -0.78059626 -0.4294815 ]
CN(C)c1ccc(O)c2c1CC1CC3C([NH+](C)C)C([O-])=C(C(N)=O)C(=O)C3(O)C(O)=C1C2=O,[ 0.33990538  0.5893215  -0.9594584  -0.66445184  0.5992283 ]
Oc1nc(-c2ccccc2)nc2ccccc12,[ 0.31255004  0.05027481 -0.57431746 -0.63517094  0.18889289]
CC(C)(C(=O)O)S(C)(=O)=O,[ 0.4775906   0.46058527 -0.541066    0.33658546  0.26649818]
CC(C)(C)c1cc(O)ccc1O,[ 0.28659594  0.9306649  -0.57761055  0.6538255  -0.12189144]
CCOc1cc2nnc(C(N)=O)c(Nc3ccc(F)cc3F)c2cc1N1CCN(C)CC1,[ 0.3421625   0.7554915  -0.89731497 -0.65209264  0.27281225]
C/C([O-])=C(\C#N)C(=O)Nc1ccc(C(F)(F)F)cc1,[ 0.53113335  0.47343728 -0.5320766  -0.7547456  -0.04275413]
CC(C)(C)[NH2+]CC(O)c1cc(O)cc(O)c1,[ 0.27513728 -0.06744514 -0.95094746 -0.9736463  -0.3347356 ]
CC(CN1CC(=O)NC(=O)C1)N1CC(=O)NC(=O)C1,[-0.5498704   0.6919163  -0.86739165 -0.8405742  -0.12856053]
CC(C)(C#N)C(C)(C)C#N,[ 0.21916646  0.9038169  -1.         -0.9053372  -0.5012811 ]
O=[N+]([O-])c1cc2[nH]c(C(F)(F)F)nc2cc1Cl,[ 0.26078525  0.7520388  -0.8222163  -0.21241425  0.39503798]
CN1CCN(C2=c3ccccc3=Nc3ccc(Cl)cc3N2)CC1,[ 0.07301918  0.84205353 -0.87012386 -0.5812341  -0.14226927]
COc1ccc(CC2NCC(O)C2OC(C)=O)cc1,[-0.23597206  0.49379048 -0.7506357  -0.62782377 -0.13391939]
COc1cc2c(cc1OC)C1CC(=O)C(CCC#N)CN1CC2,[-0.17968972  1.         -0.7391264  -0.89032364  0.60119516]
C[C@@H]1NC(=O)[C@@H](C)NC(=O)[C@H](C)N(C)C(=O)[C@@H](C)N(C)C(=O)[C@@H](C)NC(=O)[C@H](C)N(C)C1=O,[-0.35985607  0.01219911 -0.57338107 -0.85765636  0.585112  ]
ClCC(Cl)=C(Cl)Cl,[ 0.50435305  0.41712356 -0.79916364 -0.54690266 -0.21362862]
O=NN1CCCCC1,[-0.6670683  1.         1.        -0.9878907  0.640276 ]
CC(=O)NC(CS)C(=O)[O-],[ 0.00614561 -0.21320482 -0.9731577  -0.7784101  -0.09290397]
O=c1oc(-c2ccccc2)nc2ccccc12,[ 0.12588328  0.87139213 -1.         -0.8641748   0.4463013 ]
CC(C)(C)NCCC(O)c1cc(C(F)(F)F)nc2c(C(F)(F)F)cccc12,[ 0.3068519  -0.63927853 -0.5121738  -0.7156246  -0.47289416]
Nc1ccc(Cl)cc1Cl,[-0.19438635  0.7766601  -0.81767267 -0.5199527  -0.16078678]
Cc1nn(C)c(Oc2ccccc2)c1C=NOCc1ccc(C(=O)OC(C)(C)C)cc1,[ 0.08225378 -0.25320193 -0.6156701  -0.99355185  0.16584152]
NC(=O)N1C(=O)C(C(=O)c2cccs2)c2cc(Cl)ccc21,[-0.603699    0.01480774 -0.7792605  -0.79925567 -0.11267502]
C1COCCOCCNCCOCCOCCN1,[ 0.44794163  0.6522765  -0.6622556  -0.6486646   0.19221422]
CN(C)C(=O)Nc1cc(C(C)(C)C)on1,[-0.6062933   0.90991735 -0.73816085 -0.69239944 -0.17063563]
CCOP(=S)(OCC)SCC(=O)N(CCC#N)c1ccccc1,[ 0.30461177  1.         -0.8468921  -0.89767194  0.32101977]
CCCCCCCCCCCCNC(N)=S,[-0.4112747   0.8982916  -0.75809675  0.23769698 -0.1784824 ]
C=CCNC(=O)C(=O)C(CCC)NC(=O)C1CC2CN1C(=O)C(C1CCCCC1)NC(=O)Cc1cccc(c1)OCCC(C)(C)O2,[ 0.3895548   0.73099464 -0.88260144 -0.4981712  -0.30118543]
Cc1cc(-c2ccc(Cl)c(C(=O)NCC3(O)CCCCCC3)c2)nn1C[C@H](O)CN,[ 0.47710878  0.35344285 -0.8089922  -0.95267236 -0.02776845]
C=CC(=O)N1CN(C(=O)C=C)CN(C(=O)C=C)C1,[ 0.13761924  0.6505022  -0.8042935  -0.66097975  0.6102964 ]
O=C(OCC=Cc1ccccc1)c1ccccc1,[ 0.14790191  0.75611454 -0.8356064  -0.932457   -0.27811494]
OCC(O)C(O)C(O)CO,[ 0.48600885  0.8893406  -1.         -0.19683392 -0.2138172 ]
CC([NH3+])Cc1ccccc1,[ 0.01462167  0.38738775 -0.7437172  -0.80320865 -0.19454229]
O=C(CF)Nc1ccccc1,[ 0.26243857  0.8869132  -0.9565919  -0.8904567  -0.29331964]
Cc1cnc(-c2cc(NC(=O)c3ccc(C(F)(F)F)nc3C)ccc2Cl)[nH]1,[ 0.01971384  0.7154241  -0.70934844 -0.6288335   0.10819674]
CCCCC(CC)C(=O)OC1=C(c2c(C)cc(C)cc2C)C(=O)c2ccccc21,[ 0.25569868  0.9401209  -1.         -0.7255206  -0.2210453 ]
CCCC(=O)c1ccc(N)cc1,[ 0.41947407  0.86326975 -0.87497944 -0.7734491  -0.30745208]
O=[N+]([O-])N1CN([N+](=O)[O-])CN([N+](=O)[O-])C1,[ 0.23051605  0.9368361  -0.3542387  -0.610561   -0.5361902 ]
O=C(Nc1ccc(Br)cc1)c1cc(Br)cc(Br)c1O,[ 0.43143785  0.30682543 -1.         -0.8939779  -0.79568356]
COP(=S)(OC)Oc1ccc(S(N)(=O)=O)cc1,[ 0.22130133  0.15622076 -0.7545663  -0.8659399  -0.37678576]
C[C@@H](N/C(=N\c1ccncc1)NC#N)C(C)(C)C,[-0.15713708  0.7883617  -0.82952833 -0.939145   -0.35612807]
COc1nc(C)nc(Cl)c1NC1=NCCN1,[ 0.13027999  0.7955727  -0.8046424  -0.60951036 -0.32437345]
CC(NNC(=O)c1ccccc1)c1ccccc1,[-0.11264384  0.9292784  -0.74792886 -1.          0.32889432]
Nc1nc2[nH]cnc2c(=S)[nH]1,[ 0.11246002  0.7667976  -0.9270461  -0.46934903 -0.05170079]
O=[N+]([O-])c1ccc(Cl)c([N+](=O)[O-])c1,[ 0.6985931   0.05166291 -0.85877824 -0.8399192   0.24371484]
CCCCSN(C)C(=O)Oc1cccc2c1OC(C)(C)C2,[ 0.07835408  0.7146155  -0.7629073  -0.84396476 -0.1858011 ]
CCc1c2c(nc3ccc(O)cc13)-c1cc3c(c(=O)n1C2)COC(=O)[C@]3(O)CC,[ 0.02856746  0.8552245  -0.8626909  -0.8066476  -0.30325118]
C[C@H](CO)Nc1nc(SCc2cccc(F)c2F)nc2[nH]c(=O)cnc12,[ 0.35619342  0.8677743  -0.59385777 -0.68229955 -0.06795521]
CCOC(=O)C(C)Oc1ccc(Oc2nc3ccc(Cl)cc3s2)cc1,[-0.2833369  -0.21130463 -0.5524758  -1.         -0.02823889]
O=C(/C=C/c1ccc(O)c2c1C(C(=O)O)C(c1ccc(O)c(O)c1)O2)OC(Cc1ccc(O)c(O)c1)C(=O)O,[ 0.4886195   0.58547306 -0.5990194   0.6812853  -0.08521235]
CCOC(=O)COc1ccc(C(=O)CN2CCN(C3CCN(C(=O)OCOC(=O)C(C)(C)C)CC3)CC2=O)cc1,[ 0.2141209   0.9401536  -1.         -0.6577646   0.81608355]
C1CN1P1(N2CC2)=NP(N2CC2)(N2CC2)=NP(N2CC2)(N2CC2)=N1,[-0.28603125 -0.94229406 -0.88829345 -0.32331428  0.3615857 ]
CCCCOCCOCCCC,[ 0.52051187  0.5946914  -0.8981002  -0.7284623   0.58872324]
Cc1ccc(NC(=O)c2ccc(C#N)cc2)cc1-n1cnc2ccc(N3CCN(C)CC3)cc2c1=O,"[-1.8906107e-04  9.8488438e-01 -6.2912220e-01 -9.5535010e-01
 -6.7862876e-02]"
CCCOP(=O)(OC=C(Cl)Cl)OCCCl,[ 0.11409791  0.82016426 -0.6175516  -0.7429298  -0.4389475 ]
CC(C)CCC(C)Nc1ccc(Nc2ccccc2)cc1,[-0.19365424  0.37403718 -0.53679967 -0.8555802  -0.12040799]
CCCSP(C)(=S)Oc1ccc(Cl)cc1Cl,[ 0.7256129   0.6855057  -0.2619829  -0.45846212 -0.4589362 ]
COc1cc(C(=O)NC2CCCNC2)cc(OC)c1OC,[ 0.40324724  0.6577297  -0.7767586  -0.5659681  -0.03837698]
Clc1cc(Cl)c2nsnc2c1Cl,[-0.26787713  0.7909781  -0.78685474 -1.          0.8174413 ]
CC(=O)Oc1cccc(Oc2ccc(C(F)(F)F)cc2Cl)c1,[ 0.3119673   0.85222036 -0.7515095  -0.6820722  -0.16990411]
COC(=O)C(C)NP(=O)(OC[C@@H]1C=C[C@H](n2cc(C)c(=O)[nH]c2=O)O1)Oc1ccc(I)cc1,[ 0.00477426 -0.01625946 -0.80837566 -0.9667804   0.3508008 ]
CC=Cc1ccc(OCc2ccccc2)c(OC)c1,[ 0.10139578  0.8381293  -0.80349797 -0.6825243   0.3278498 ]
Cc1onc2c(=O)n(C)nc(-c3ccccc3)c12,[ 0.2782172   0.87455934 -0.8880104  -0.62455857 -0.19996089]
CCOP(=O)(OCC)OC(=C(Cl)Br)c1ccc(Cl)cc1Cl,[ 0.05493783  0.27409053 -0.6286204  -0.58906335 -0.30703902]
CCOP(=O)(OCC)Oc1nc(Cl)c(Cl)cc1Cl,[ 0.12191933  0.8076937  -0.77408934 -0.5534762  -0.1395258 ]
ClC(Cl)(Cl)c1cccc(C(Cl)(Cl)Cl)c1,[ 0.3295269   0.78017366 -0.7612492  -0.8298899   0.3216215 ]
CCCCC(CC)CNC1CCCCC1,[ 0.00516333  0.76737225 -1.         -0.7913731  -0.3641492 ]
Cc1cnc(C)cn1,[ 0.23005879 -0.09264898 -0.8045986  -0.36862868  0.21718968]
CCCCCCCCCCCC(=O)OCC(O)C1OCC(O)C1O,[ 0.19281332  0.6020393  -0.7519648  -0.35340866  0.02891974]
CC=C(C(=O)NC(N)=O)C(C)C,[ 0.42216405  0.6605004  -0.52339846  0.18733193 -0.01659287]
Cc1cc(=O)cc(-c2ccccc2)o1,[ 0.2925495   0.6733773  -0.59933984 -0.8753582  -0.302915  ]
O=[N+]([O-])C(CO)(CO)CO,[ 0.24341603 -0.14022122 -1.         -0.7683822  -0.11405783]
COc1ccc(-c2nc3c(NCCCNC(C)=O)c(Br)cnc3[nH]2)cc1,[-0.14810266  0.84907424 -0.7952488  -0.82171834 -0.1828607 ]
CC(C)c1cccc(OC(=O)N(C)C)c1,[-0.31891137  0.76598936 -0.6825438  -0.9915509   0.03092552]
N=C(Nc1c([N+](=O)[O-])cnc2ccccc12)N1CCOCC1,[ 0.3433188  0.571935  -0.8068487 -0.2510504  0.3265557]
O=C(Cl)c1cccc(C(=O)Cl)c1,[ 0.03904337  0.3470047  -0.9401235  -0.7095662  -0.23579781]
O=c1c(Cl)c(Cl)cnn1-c1ccccc1,[ 0.19316673  0.9284834  -0.5168066  -0.25089702 -0.12018514]
OCCN(CCO)CCO,[-0.45933273  0.8343471  -0.79215515 -0.7737685   0.06669202]
Cc1c(F)cc(C(=O)NC2CC2)cc1-c1ccc(C(=O)NCC(C)(C)C)cn1,[ 0.2596155   0.88420725 -0.5561654  -0.53824866 -0.21794021]
CCC(CC)n1nc(C)c(C(=O)N[C@@H](C)C(C)(C)C)c1NS(=O)(=O)c1ccc(C)cc1,[-0.05084866  0.5643802   0.20291269 -0.78774023 -0.45778972]
COC(CN1CCN(CCC(O)c2ccccc2)CC1)c1ccccc1,[-0.13833107  0.41712567 -0.8979521  -0.88070947 -0.2071325 ]
C[NH+](C)CCC(c1ccc(Cl)cc1)c1ccccn1,[ 0.30350274  0.45777276 -0.5594284  -1.          0.13417733]
C=CC(=O)OCCCCCCOC(=O)C=C,[-0.05509037  0.7421332  -0.45599797 -0.8318184  -0.04805527]
O=[N+]([O-])c1nccs1,[ 0.48485202  0.5548153  -0.7403855  -0.8226046  -0.2500091 ]
CCc1ccc2[nH]c(C(F)(F)F)nc2c1,[ 0.09180194 -0.42784745 -0.79355466 -0.46056035  0.53994644]
C=C1CC1CC(N)C(=O)O,[ 0.12586942  0.62202865 -0.84327525 -0.9159644   0.60661465]
O=[N+]([O-])OCC(O)CO,[ 0.12965462  0.9160041  -0.3406589  -0.80093306  0.5345136 ]
CNNC,[ 0.46901038  0.80654293 -0.99289376 -0.5944123  -0.3529139 ]
O=C1NC(c2ccc(Br)cc2)Nc2ccccc21,[ 0.28297246  1.         -0.60547537 -0.9990157  -0.12302943]
COc1c(OCc2ccc(-c3ccccc3-c3nnn[nH]3)cc2)cc(C)nc1C,[ 0.3837408   0.8860359  -0.8009583  -0.59289837  0.10690119]
S=C=NCCN=C=S,[-0.49172395  0.37955973 -0.6874622  -0.88965297 -0.4594283 ]
Cc1cc(C)c(C)cc1C,[ 0.29543418  0.8995389  -0.21587893 -0.72585213 -0.22517322]
CCC(C)c1ccc(Oc2ccc(C)cc2CC(=O)O)c(Cl)c1,[ 0.21945477  0.8507058  -0.33216712 -0.73704565 -0.51856124]
C=CCN1CCC23CCCCC2C1Cc1ccc(O)cc13,[-0.09439354  0.57593095 -0.21491128 -0.73867273  0.09586169]
CCCN(CCC)CCCCCCCCNC(=O)Oc1ccc2c(c1)C1(C)CCN(C)C1N2C,[-0.5416538   0.7224886   0.13790491 -0.02668783 -0.42588645]
CCc1nc(N)nc(N)c1-c1ccccc1,[ 0.41607124  0.7510919  -0.6961902  -0.7548409  -0.03725712]
Nc1nc(O)c(Cl)c(-c2ccccc2)n1,[-0.04722033  0.33519456 -0.94611186 -0.98685163 -0.45691773]
CNC(=O)Oc1ccc(Cl)c2c1OC(C)(C)C2,[-0.26414755 -0.30184057  0.003031   -0.9500868  -0.29280514]
CS(=O)(=O)c1ccc(C(O)C(COC(=O)C[NH3+])NC(=O)C(Cl)Cl)cc1,[ 0.05700559  0.81709146 -0.5655163  -0.5807209   0.19664083]
CC1CC(=O)CC(C)O1,[ 0.13019222 -0.4518008  -0.7485473  -0.5761301  -0.40771645]
Cc1cc(Cl)ccc1OCCCC(=O)O,[ 0.47134858  0.90217334 -1.         -0.6714244  -0.04719171]
CC(C)c1cc(Oc2ccccc2)cc(C(C)C)c1NC(=S)NC(C)(C)C,[ 0.3270778   0.9116678  -0.90938264 -0.5629369  -0.39550406]
CN[C@H](CC(C)C)C(=O)N[C@H]1C(=O)N[C@@H](CC(N)=O)C(=O)N[C@H]2C(=O)N[C@H]3C(=O)N[C@H](C(=O)N[C@H](C(=O)O)c4cc(O)cc(O)c4-c4cc3ccc4O)[C@H](O)c3ccc(c(Cl)c3)Oc3cc2cc(c3O[C@@H]2O[C@H](CO)[C@@H](O)[C@H](O)[C@H]2O[C@H]2C[C@](C)(N)[C@H](O)[C@H](C)O2)Oc2ccc(cc2Cl)[C@H]1O,[ 0.00946123  0.7554112  -0.5393403  -0.4350262   0.14101285]
NCC1CCC=CO1,[-0.31026244 -0.17937586 -0.6371102  -0.7453996   0.05962508]
COC(=O)c1cc([N+](=O)[O-])ccc1Cl,[ 0.25712693  0.8610571  -0.57978445 -1.         -0.17624334]
O=C(CCl)OC1=C(OC(=O)CCl)C(=O)OC1=O,[-0.09915793  0.74549264 -0.5358572  -1.         -0.1616372 ]
CC(=O)O[C@H]1C[C@@H]2CC[C@@H]3[C@H](CC[C@@]4(C)[C@H]3C[C@H]([N+]3(C)CCCCC3)[C@@H]4OC(C)=O)[C@@]2(C)C[C@@H]1N1CCCCC1.[Br-],[-0.24568248  0.81089026 -0.87785685 -0.9461744  -0.21929923]
CC(=CC(=O)O)C(=O)O,[ 0.10529163  0.56069523 -0.82126176 -0.77775156 -0.01185093]
CC(=O)Nc1ccc(C)c(NS(=O)(=O)C(F)(F)F)c1,[ 0.15695487  0.29475036 -0.72473556 -0.9768225  -0.28378108]
CN(C)N=Nc1nc[nH]c1C(N)=O,[ 0.11850988  0.1108972  -0.78407127 -0.27189097  0.42473254]
C=C(C)C(=O)OCCC[Si](OC)(OC)OC,[-0.22224429  0.8065476  -0.8194464  -0.87838316  0.11611211]
CCC(C)(CC)c1cc(N)on1,[-0.2543378   0.67276454 -0.71540624 -0.7357      0.31116328]
CCC(C(=O)O)c1ccc(CC(C)C)cc1,[ 0.03995593  0.68080646 -0.45159134 -0.6449322  -0.22585487]
C(=NC1CCCCC1)=NC1CCCCC1,[-0.06905036 -0.39519978  0.03113482 -0.58011    -0.24517186]
CCOC(=O)C=Cc1ccc(Cl)cc1,[-0.09263693  0.5652648  -0.7752342  -0.45563942  0.19606511]
CNC(=O)ON=C(C)SC,[ 0.00780644  0.77915305 -0.6645942  -0.58278066 -0.13876624]
CCC1OC(=O)C(C)C(=O)C(C)C(OC2OC(C)CC([NH+](C)C)C2O)C(C)(OC)CC(C)C(=O)C(C)C2N(CCCCn3cnc(-c4cccnc4)c3)C(=O)OC12C,[-1.          0.85587305 -0.6993061  -0.7080643   0.04797853]
CCC1(CC)Oc2cccc(OC(=O)N(C)C(C)=O)c2O1,[ 0.2734849   0.8081515  -0.795769   -0.861684   -0.11993318]
CN(CCCl)CCCl,[ 0.24406862  0.8095091  -0.7333991  -0.8687835   0.16810715]
CCNC(=O)C(C)OC(=O)Nc1ccccc1,[ 0.2584203   0.6932539  -0.7534464  -0.7653095  -0.17299597]
O=C1CCc2cc(C=CCN3CCN(c4ccc(Cl)cc4)CC3)ccc2N1,[ 0.25271776 -0.0825535  -1.         -0.83008486 -0.4005611 ]
C=CN(CC)C(C)=O,[-0.17856711  0.2615226  -0.81769353 -0.70467085  0.4716927 ]
O=C(OCC(COC(=O)c1ccccc1)(COC(=O)c1ccccc1)COC(=O)c1ccccc1)c1ccccc1,[ 0.06823421 -0.851544   -0.8649203  -0.5214716  -0.22385114]
CC1(C)SC2C(NC(=O)C(C(=O)[O-])c3ccsc3)C(=O)N2C1C(=O)[O-],[ 0.6704862   1.         -0.81747633 -0.08797891  0.00798494]
C[C@@H]1O[C@@H](O[C@@H]2[C@@H](O)[C@H](OCCc3ccc(O)c(O)c3)O[C@H](CO[C@@H]3O[C@H](CO)[C@@H](O)[C@H](O)[C@H]3O)[C@H]2OC(=O)/C=C/c2ccc(O)c(O)c2)[C@H](O)[C@H](O)[C@H]1O,[-0.19322127  0.9705019  -0.79496324 -0.4235756  -0.57464856]
COc1cc2ncc(C(N)=O)c(Nc3ccc(C)cc3F)c2cc1OC,[ 0.38002428  0.6059128  -0.75872284 -0.65810883 -0.09217663]
CCN(CC)CCNC(=O)c1cc(Br)c(N)cc1OC,[ 0.01207579  0.864361   -0.47582015 -0.6743897   0.2156298 ]
O=C(Nc1cccc(Cl)c1)Nc1nnc(-c2ccncc2)s1,[ 0.0167609   0.9611817  -0.8453695  -0.47483984 -0.17036735]
N#Cc1c(-c2ccc(-c3ccncc3Cl)cc2)nc2ccncc2c1O,[ 0.253044    0.75464356 -0.02515161 -0.8837207   0.20980296]
C=CC1=C(C)/C(=C\c2[nH]c(Cc3[nH]c(/C=C4/NC(=O)C(C)=C4C=C)c(C)c3CCC(=O)O)c(CCC(=O)O)c2C)NC1=O,[-0.06648986  0.88075703 -0.12097402 -0.69851905 -0.23179646]
CCCCC(=O)N(Cc1ccc(-c2ccccc2-c2nnn[n-]2)cc1)C(C(=O)[O-])C(C)C,[ 0.37916937 -0.61109746 -0.5519706  -0.75625545 -0.02751627]
Cc1cc(-n2cccc2)c(S(C)(=O)=O)cc1C(=O)NC(=N)N,[ 0.5275419   0.7440645  -0.9588537   0.5061507  -0.27828166]
OCc1ccccc1,[ 0.1899143   1.         -0.28564936 -0.2171056  -0.1781171 ]
O=C1C(Cc2ccccc2)C(=O)N(c2ccccc2)N1c1ccccc1,[ 0.07968142  0.6796295  -0.67752683 -0.75422853 -0.34881848]
CCON=C(CC)C1=C(O)CC(c2c(C)cc(C)cc2C)CC1=O,[-0.08424526  0.22959208 -0.6682713  -0.671744   -0.05419686]
Cc1cncc(C)n1,[ 0.51160246  0.9003985  -0.6582279  -0.788702   -0.5444128 ]
CCC(c1ccccc1)c1c(O)c2ccccc2oc1=O,[ 0.0497107   0.9243093  -0.96064556 -0.86314136 -0.27504444]
c1c[nH]cn1,[ 0.4469334   0.7989228  -0.45454127 -0.01854436 -0.28552735]
C#CCN1C(=O)CN=C(c2ccccc2)c2cc([N+](=O)[O-])ccc21,[ 0.27734196  0.90962267 -0.9109068  -0.54016554 -0.344986  ]
Cc1cc(=O)n(CSP(=S)(OC(C)C)OC(C)C)nc1Cl,[-0.2889786  -0.06941718 -0.63857317 -1.         -0.05137577]
CCC(C)c1ccccc1,[ 0.16097853  0.8021412  -0.9617943   0.15077719 -0.29764774]
N#CSCCSC#N,[-0.05819914  0.66164976 -0.8854814  -0.86015534 -0.4563657 ]
CCN1C(=O)C=CC1=O,[ 0.06962418  0.49479213 -0.6669522  -0.61183125 -0.0460263 ]
Clc1cc(Cl)cc(Cl)c1,[ 0.74688405 -0.2625098  -0.69872123 -0.6550661   0.721272  ]
COc1cnc(-c2ccccc2C(F)(F)CNC(=O)c2ccc(COCC(F)(F)F)nc2)cn1,[-0.16924524  0.04555766 -0.28115314 -0.77542394  0.05938892]
COP(=S)(OC)SC1CSC=CO1,[-0.5632981   0.7677385  -0.84937173 -0.9327059  -0.05422393]
C=C(C)C1CC=C(C)C(O)C1,[ 0.0037587   0.5299742  -0.5604358  -0.9725341   0.24917962]
C=CC(=O)OCCOCCC#N,[-0.12963076  0.8715553  -0.8009766  -0.85629267 -0.31382108]
Cc1ccc(S(=O)(=O)Nc2c(C(=O)NC3CCCCC3)c(C)nn2-c2ccccc2)cc1,[ 0.15144752  0.9392336  -0.8341044  -0.5638816  -0.32093507]
CC(C)N(C(=O)SCC(Cl)=C(Cl)Cl)C(C)C,[ 0.50728905  0.8470685  -0.94568354 -0.8482099  -0.01146893]
COCCOC(=O)CC#N,[ 0.19993433  0.8432921  -0.7252837  -0.8306931  -0.11946661]
CC(C)NCC(O)COc1cccc2ccccc12,[ 0.3152105  1.        -0.7492443 -0.9940317 -0.68576  ]
[NH3+]C(C(=O)NC1C(=O)N2C(C(=O)[O-])=C(CSc3c[n-]nn3)CSC12)c1ccc(O)cc1,[-0.03506456  0.33095315 -0.05498742  0.4729755   0.4553163 ]
CCC(=O)OC1C(C)OC(OC2C(C)OC(OC3C(CC=O)CC(C)C(O)C=CC=CCC(C)OC(=O)CC(OC(C)=O)C3OC)C(O)C2N(C)C)CC1(C)O,[-0.01305592  0.8484107  -0.86228096 -0.80185294  0.75732017]
CCC(C(=O)O)C1(O)CCCCC1,[-0.414215   -0.21047048 -0.5410366  -0.669461   -0.18188572]
COc1nccnc1NS(=O)(=O)c1ccc(N)cc1,[ 0.44615108  0.89439774 -0.9031653  -0.9127      0.16104656]
COC(C)C=O,[-0.64696306  0.8900838  -0.92708516 -0.886401    0.8070895 ]
Cc1cc(Nc2nc(N[C@@H](C)c3ccc(F)cn3)c(C#N)nc2C)n[nH]1,[ 0.04752273  0.7765605  -0.66121906 -0.57765365  0.13339005]
Nc1ccc(F)c(F)c1F,[-0.29859093  0.68951833 -0.4065468  -0.81913316  0.839201  ]
CC1OC(OC2C(O)CC(OC3C(O)CC(OC4CCC5(C)C(CCC6C5CC(O)C5(C)C(C7=CC(=O)OC7)CCC65O)C4)OC3C)OC2C)CC(O)C1O,[-0.25182775  0.8310977  -0.75968266 -0.41141686 -0.23015796]
CC(=O)SCC(=O)Nc1nc2ccccc2s1,[-0.15909126  0.9164747  -0.775611   -0.88173175  0.48458248]
CC(C)[C@H](C(=O)Nc1nccs1)c1ccc(Cl)cc1,[ 0.3681038   0.8517313  -0.76090115 -0.37704757  0.47012672]
C=C(OP(=O)(OC)OC)P(=O)(OC)OC,[ 0.00152876  1.         -0.6075284  -0.16367224  0.36751416]
Cc1cc(C(=O)c2ccccc2)ccc1N,[ 0.18095677  1.         -1.         -0.5342755   0.30956233]
Cc1ccc2c(c1)c(Sc1cccc(Cl)c1)c(C)n2CC(=O)O,[-0.24700768  0.45019516 -0.70637935  0.15167995 -0.23011711]
CCN(CC)CCO,[ 0.2727105   1.         -0.83203185 -0.74747515  0.07700554]
C=C1CC23CC1(O)CCC2C12C=CC(O)C(C)(C(=O)O1)C2C3C(=O)O,[ 0.16258477  0.02643146 -0.64617825 -0.73167664 -0.03229886]
COc1ccccc1Oc1c([N-]S(=O)(=O)c2ccc(C)cn2)nc(-c2ccncc2)nc1OC,[ 0.11053266  0.4053697  -0.61007047 -0.7313676  -0.12290824]
CCCSP(=S)(OC)SCCC,[ 0.38766724  1.         -0.89377815 -0.977182    0.03750423]
CCCCN(CCCC)CCCC,[-0.10991295  0.83725625 -0.71963656 -0.9018011  -0.33469757]
O=C(CCC(=O)OC1CCCCC1)OC1CCCCC1,[ 0.10544688  0.45844907 -0.63170344  0.28101817  0.09178448]
COP(=O)(OC)Oc1ccc([N+](=O)[O-])c(Cl)c1,[ 0.6426382  0.7235657 -0.6859023 -0.5486583 -0.1774332]
CNC(=O)c1cccc2c(Nc3ccc(NS(C)(=O)=O)cc3OC)c3cccc(C)c3nc12,[-0.2964813   0.73066014 -0.9649637  -0.5931389   0.64696515]
O=C(NCc1ccc(OC(F)(F)F)cc1)C1c2ccccc2C(=O)N1CCc1ncc(F)cn1,[ 0.18180136  0.73006296 -0.7274383  -0.5715752  -0.45392042]
CC(C)(O)c1ccc(Nc2nc3ccc(C#N)cc3[nH]2)cc1,[ 0.23446096 -0.21758045 -0.82107425 -0.28228208  0.09200402]
CCN(CC)CCCCCCCCCCNC(=O)Oc1ccc2c(c1)C1(C)CCN(C)C1N2C,[ 0.3105006   0.39940375  0.23811024 -0.6084138   0.11351831]
Cc1ncc(CS)c(CO)c1O,[-0.06507767 -0.4687636  -0.99850506 -0.74337524 -0.00556088]
COCCN(C(=O)CCl)c1c(C)cccc1C,[-0.10264731  0.47034112 -0.95101804 -0.75357187  0.70752865]
Cn1c(COP(=O)(NCCBr)NCCBr)cnc1[N+](=O)[O-],[ 0.06691726  0.8599434  -0.9384032  -0.43918243 -0.02047979]
CC(=O)OC12COC1CC(O)C1(C)C(=O)C(O)C3=C(C)C(OC(=O)C(O)C(NC(=O)OC(C)(C)C)c4ccccc4)CC(O)(C(OC(=O)c4ccccc4)C21)C3(C)C,[ 0.20326217  0.56858176 -0.9844133  -0.82149374 -0.35684738]
CC(=O)CCc1ccc(O)cc1,[ 0.22066382  0.7629507  -0.76807034 -0.73931223 -0.65179026]
CCOP(=S)(Oc1cccc2cccnc12)c1ccccc1,[ 0.03289684  0.7751727  -0.896291   -0.49717605  0.35497314]
Cc1c(-c2c(C)c(N)c3c(C(C)C)c(O)c(O)c(C=O)c3c2O)c(O)c2c(C=O)c(O)c(O)c(C(C)C)c2c1N,[-0.1381937  -0.081852    0.06270703 -1.         -0.05928206]
Cc1ccn(C(=O)NCCCCCCCl)n1,[ 0.40481678  0.01480956 -0.6050682   0.57672435 -0.07945801]
CC(=O)N[C@H](Cc1ccc2ccccc2c1)C(=O)N[C@H](Cc1ccc(Cl)cc1)C(=O)N[C@H](Cc1cccnc1)C(=O)N[C@@H](CO)C(=O)N[C@@H](Cc1ccc(O)cc1)C(=O)N[C@H](CCCNC(N)=O)C(=O)N[C@@H](CC(C)C)C(=O)N[C@@H](CCCNC(=N)N)C(=O)N1CCC[C@H]1C(=O)N[C@H](C)C(N)=O,[ 0.17481129  0.75626427 -0.9505065  -1.          0.7045439 ]
NC(=O)Nc1cccc2c3c([nH]c12)CCCC3,"[ 5.2410340e-01  5.8104908e-01 -9.7001851e-01 -2.6397318e-01
  6.6193932e-04]"
CCCCCCCCC1OC1CCCCCCCC(=O)OCC1(CC)OC1CCC,[ 0.28857058 -0.2852425  -0.89437526 -1.         -0.03012489]
CCOP(=S)(OCC)Oc1cc(C)n(CC)c(=O)c1,[ 0.16745403  1.         -0.6235212  -0.6988091  -0.61177266]
CCCSP(C)(=S)OP(C)(=S)SCCC,[-0.25400442  0.8272544  -0.8224788  -0.7724611  -0.02505088]
CNC(=O)Oc1cccc2c1OC(C)(C)O2,[-0.05419821  0.84452283 -0.8074796  -0.7839877  -0.23408364]
Cc1ncsc1C(=O)N(Cc1cc(=O)[nH]c2c(F)cccc12)c1cccc(Cl)c1,[ 0.0279735   0.86249423 -0.755583   -0.6342251  -0.20021324]
CC1[NH2+]Cc2cc(-c3ccc4c(=O)c(C(=O)[O-])cn(C5CC5)c4c3OC(F)F)ccc21,[ 0.05968821  0.82705694 -0.8137677  -0.8779587  -0.2823407 ]
Cc1cccc(C)c1NC(=O)C1CCCC[NH+]1C,[ 0.41977713  0.8369478  -1.         -0.44617292  0.17676508]
CCOc1ccccc1C(N)=O,[ 0.9054399   0.622402   -0.44820237 -0.2828057  -0.57403165]
COc1ccc(-c2nc3ccc(C4=NNC(=O)CC4C)cc3[nH]2)cc1,[ 0.53099024  0.61891705 -0.26503208 -0.9495078  -0.2888761 ]
CC(=O)O[C@H]1C[C@]2(O)[C@H]3CC[C@H]4C[C@H](O[C@H]5C[C@@H](O)[C@@H](O[C@H]6C[C@@H](O)[C@@H](O[C@H]7C[C@@H](O)[C@@H](O)[C@H](C)O7)[C@H](C)O6)[C@H](C)O5)CC[C@@]4(C)[C@H]3CC[C@]2(C)[C@H]1C1=CC(=O)OC1,[ 0.2140204   0.59114057 -0.6689757  -0.95974094  0.9050835 ]
C[C@@H]1CN(Cc2ccc(F)cc2)CCN1C(=O)COc1ccc(Cl)cc1NC(N)=O,[-0.13982333  0.69391125  0.0682856  -0.29043192  0.04272973]
Cc1ccc(NC(=O)c2ccc(Cl)c(C(F)(F)F)c2)cc1C(=O)Nc1cccnc1,[ 0.05339384  0.63643193 -0.8734436  -0.7694176   0.71319056]
CCCc1nnc(CSP(=S)(OCC)OCC)o1,[ 0.45795858  0.8527419  -0.43172425 -0.45686886 -0.03009366]
O=C1NC(=O)C(c2ccccc2)(c2ccccc2)C(=O)N1,[ 0.33439398  0.24849762 -1.         -0.8308887   0.03963028]
O=C(CO)N1CCC(c2[nH]nc(-c3ccc(Cl)cc3F)c2-c2ccncn2)CC1,[ 0.24282545  0.6711518   0.53001684 -0.00178622  0.616705  ]
CCCCC(CC)OCCOCCO,[ 0.3526081   0.7679184  -0.9378622  -0.56580603 -0.21586134]
CN(C)NC(=O)CCC(=O)O,[ 0.13482307  0.30933216 -0.8043015  -0.4323781  -0.18296455]
CN(C)C1C(O)=C(C(N)=O)C(=O)C2(O)C(O)=C3C(=O)c4c(O)cccc4C(C)(O)C3C(O)C12,[ 0.0888899   0.7183583  -0.7522293  -0.68031204  0.37823957]
CCC(C(=O)N1CCCCC1C(=O)OC(CCc1ccc(OC)c(OC)c1)c1cccc(OCC(=O)NCCNC(=O)COc2cccc(C(CCc3ccc(OC)c(OC)c3)OC(=O)C3CCCCN3C(=O)C(CC)c3cc(OC)c(OC)c(OC)c3)c2)c1)c1cc(OC)c(OC)c(OC)c1,[ 0.20239069 -0.41894054 -0.5021559   0.65004075 -0.115957  ]
CCC1=C(C)CN(C(=O)NCCc2ccc(S(=O)(=O)[N-]C(=O)NC3CCC(C)CC3)cc2)C1=O,[-0.23496635  0.6116684  -0.4386153  -0.793503   -0.1530551 ]
Fc1cc2nc(C(F)(F)F)[nH]c2cc1Cl,[-0.05567921  0.8266056  -0.7590066  -0.7818668  -0.5790567 ]
CCOC(=O)Cl,[ 0.10624373 -0.4104512  -0.4535846  -0.8109806  -0.16731827]
Cc1c(OC2CCN(CC3CCN([C@@](C)(Cc4ccc(F)cc4)C(=O)O)CC3)CC2)ccc(Cl)c1Cl,[ 0.47119838  1.         -0.9927957   0.07356516  0.17746875]
C[C@@H](O)[C@H]1C(=O)N2C(C(=O)O)=C(SCCNC=N)C[C@H]12,[ 0.09381428  0.30326274 -0.30722892 -0.7789233  -0.21124509]
Cc1cn([C@H]2CCCN([C@H](CC(C)C)c3ccc(C(=O)O)c(Oc4cccc(Cl)c4)c3)C2)c(=O)[nH]c1=O,[ 0.09562621  1.         -0.86971754 -0.89650863 -0.40511292]
O=c1cc(-c2ccc(O)cc2)oc2cc(O)cc(O)c12,[ 0.23293889  0.82064265 -0.9533155  -0.0239377  -0.25398648]
N#Cc1cccc(C#N)c1,[ 0.01377761  0.94249916 -0.71370506 -0.86713237 -0.08818637]
O=C1CC(N2C(=O)c3ccccc3C2=O)C(=O)N1,[ 0.0391425   0.29262453 -0.57416177 -0.5985832  -0.00433982]
COP(=O)(OC)SC(CC(=O)OC(C)C)C(=O)OC(C)C,[ 0.27173278  0.8764627  -0.4805418  -0.48527184  0.11535495]
CCCCCCCCCCCCCCCCCC(=O)Cl,[ 0.53309226  0.8806579  -0.8051382  -0.26449496  0.29275116]
CCCCCCCCCCOC(=O)Cc1ccc(N(CCCl)CCCl)cc1,[ 0.13420983 -0.5508082  -0.71884143  0.07685114  0.20812778]
Cc1ccc(N=C=O)cc1,[ 0.51886934  0.3546994  -0.94559294 -0.53349674  0.88843524]
N=C(N)N[N+](=O)[O-],[-0.19889876  0.8688999  -0.6384018  -0.58650935 -0.46507558]
CCCCSCCCC,[ 0.29821268  0.92360514 -0.774143   -0.76516634  0.12070621]
CCCCOP(=O)(O)OCCCC,[ 0.4124179  -0.5354134  -0.6671601  -1.         -0.08339145]
CCC(O)CO,[-0.13888831  0.7387633  -1.         -0.6377753  -0.15323387]
Cc1cccc(C)c1O,[ 0.13499507  0.17480497 -0.65999943  0.03140517 -0.17165707]
COC1CCC=CO1,[-0.38136384  0.9359918  -0.46938258 -0.32117212  0.19170643]
NC(=S)Cc1cccc2ccccc12,[-0.0692688   0.75894403 -0.8109723  -0.70640767 -0.38185418]
COP(=S)(OC)Oc1ccc(C#N)cc1,[ 0.35118684 -0.02076861 -0.57631004 -0.5391548   0.08342754]
O=C(Cl)CCl,[ 0.214919    0.81397444 -0.00604136 -0.68441594 -0.30128443]
CC1CS1,[ 0.26271948  0.9375595  -0.82607913 -0.9217312  -0.32021737]
COP(=S)(OC)SCc1nnc(C(C)C)o1,[-0.5850586   0.9671489  -0.8807277  -0.7000678   0.38706988]
Cc1cc(Nc2cncc(N[C@@H](C)c3ccc(F)cn3)n2)n[nH]1,[ 0.04172835 -0.58247083 -0.45093486 -0.66636705  0.09311201]
CCCCCCCCCCOc1c(OC)cc(C(N)=O)cc1OC,[ 0.24874634  0.38446036 -0.53230906 -0.09826932 -0.23689726]
c1ccc2c(c1)CC(N1CCN(c3cccc4c3OCCO4)CC1)C2,[-0.05632002  0.7257197  -0.82920873 -0.84564066 -0.0771955 ]
COC(=O)c1ccccc1,[ 0.45698705  0.84943646 -0.6203156  -0.8996192  -0.01598935]
Brc1ccc2[nH]cc(CC3CCNCC3)c2c1,[-0.07211389  0.9061931  -0.28364274 -0.98753995 -0.13606803]
Cc1cnc(C)c(C)n1,[ 0.20295286  0.9088374  -0.84789926 -0.44110197  0.09564387]
CC(C)NC(=O)c1cnc(N2CCC(N3C(=O)OCc4ccccc43)CC2)c(Cl)c1,[-0.09071476  0.9772225  -0.9481251  -0.5925114  -0.04217144]
CC(C)(C)NC[C@H](O)COc1nsnc1N1CCOCC1,[-0.24222645  0.7704592  -0.7325325  -0.46986598 -0.26305643]
C=CCOc1ccccc1C(N)=O,[ 0.30112374  0.33902818 -0.7795642  -0.8051333  -0.27865446]
Cc1ccc(S(=O)(=O)Nc2c(C(=O)N[C@@H](C)C(C)(C)C)c(C)nn2C(C)C)cc1,[-0.26246244  0.812418   -1.         -0.73421305 -0.35272238]
Nc1cc[n+]([O-])cc1,[ 0.2281406   0.80841285 -0.6631089  -0.81673026 -0.15451227]
CN1CN(CCO)CSC1=S,[ 0.2958235   0.59933805 -0.7223103  -0.6352436   0.2655429 ]
Cc1ncsc1C,[-0.12791897  0.80743724 -0.9475359  -0.93300134  0.29312685]
CC1NC(=S)NC1=O,[ 0.08750731  1.         -0.8954529  -0.900681    0.5316245 ]
CCCCN(N=O)C(N)=O,[ 0.55453086  0.39032966 -0.65008223 -0.7965586  -0.14292376]
Nc1ccn([C@@H]2O[C@H](CO)[C@@H](O)C2(F)F)c(=O)n1,[ 0.10793351  0.79416317 -0.76390404 -0.5720859   0.71590316]
CCOP(=S)(OCC)SCSCc1ccccc1,[ 0.27801687  1.         -0.7319407  -0.6208788   0.03211555]
COc1ccc(NC(=O)CF)cc1,[ 0.08456111  0.73185915 -0.9486948  -0.5926055  -0.3297213 ]
N#Cc1ccc(F)c(-c2cc(C(F)(F)F)ccc2OCC(=O)O)c1,[ 0.14436571  0.79361916 -1.         -0.2663469   0.11266244]
COc1cc2c3c(c1O)C1(C=CC(=O)C=C1)CC3N(C)CC2,[ 0.04899445  0.09699807 -0.8709694  -0.30460444  0.23463564]
CC#CCC(C)C(O)/C=C/C1C(O)CC2C/C(=C/CCCC(=O)[O-])CC21,[-0.19673921  0.82880837 -0.49724126 -0.5488358  -0.1936027 ]
Cc1ccc(C(=O)c2ccc(CC(=O)NCC(=O)Nc3cccc(C)c3C)n2C)cc1,[ 0.18781263  0.7744967  -0.58941895 -0.03761706  0.00418302]
COP(=O)(SC(C)C)SC(C)C,[-0.40030468  0.78578585 -0.27509522 -0.21470165 -0.46248862]
C/C=C/c1cc(OC)c2c(c1)C(C)C(c1cc(OC)c(O)c(OC)c1)O2,[ 0.6116945   0.03398472 -0.30794185 -1.         -0.16579232]
CNC(=O)ON=C1CCCC1(C)C#N,[-0.10982048  0.35884124 -0.94080323 -0.7070379  -0.03338777]
CC(C)Cn1c(=O)n(C)c(=O)c2c(C(=O)N3CC[C@@H](O)C3)c(Cc3c[nH]c4ccccc34)sc21,[ 0.51172185  0.6736154  -0.6420785  -0.6347343   0.1667667 ]
C[NH+]1CCc2cccc3c2C1Cc1ccc(O)c(O)c1-3,[ 0.36196208  0.3853292  -0.23514354 -1.          0.09749731]
CCNc1nc(NC(C)C(C)C)nc(SC)n1,[ 0.50819635  0.7510975  -0.8075244  -0.6828895   0.33384734]
CNc1c(Br)cnc2[nH]c(-c3ccc(S(C)(=O)=O)cc3)nc12,[-0.19264331  0.64829427 -0.47198203  0.65659106 -0.22506586]
CC1=NN(c2ccccc2)C(=O)C1,[-0.61124516  0.8778575  -0.7905915  -0.7089139  -0.5719792 ]
Oc1ccc(O)cc1,[ 0.13297151  0.82471323 -0.51639074 -0.13193455 -0.14561532]
CCCOCCN(C(=O)CCl)c1c(CC)cccc1CC,[ 0.4099573   0.4698277  -0.6053829  -0.44522247  0.44980156]
CC(C)(C)c1nnc(NS(=O)(=O)c2ccccc2)s1,[ 0.47473502  0.9677583  -1.         -0.75956094  0.24409121]
COCCOCc1ccccc1,[ 0.19434512  0.94213414 -0.8439201  -0.59240824 -0.1339722 ]
COc1ccc(NC(=O)c2ccnc(N)n2)cc1,[-0.12124751  1.         -0.705744   -0.46758714  0.10342956]
CCCCCC(=O)O,[-0.06857231  1.         -0.7469468  -0.9655351  -0.38801646]
CC=CC(C)=O,[ 0.43131834  0.99983346 -0.5685135  -0.79261184 -0.62264216]
CC(NC(C)c1ccccc1)c1ccccc1,[ 0.20592673  0.8867768  -0.93705976 -0.64246726 -0.2660301 ]
COc1cc2c(cc1OC)C(Cc1cc(OC)c(OC)c(OC)c1)[N+](C)(CCCOC(=O)CC/C=C\CCC(=O)OCCC[N+]1(C)CCc3cc(OC)c(OC)cc3C1Cc1cc(OC)c(OC)c(OC)c1)CC2,[ 0.31065708  0.95809376 -0.91818625 -0.693729   -0.18455012]
COP(=S)(OC)Oc1cc(Cl)c(Cl)cc1Cl,[ 0.27336827 -0.81945586 -0.7229416  -0.6724633   0.13064037]
O=C(O)COc1ccccc1,[ 0.36636224 -0.36069897 -0.79343456 -0.4604606  -0.29885277]
C=CCc1cc(OC)c2c(c1)OCO2,[ 0.36206833  0.875598   -0.42732292 -0.21135414  0.90168965]
CCCCCCN,[-0.12488475  0.82322717 -0.5962962  -0.8543345  -0.11558728]
CCCSP(C)(=S)SC(CC(=O)OCC)C(=O)OCC,[-0.38573128  0.9176192  -0.66543144 -0.76452506  0.01068817]
Cc1cc(OC(=O)N(C)C)n(C(C)C)n1,[-0.5697929   0.9197091  -0.5818759  -0.40247005  0.31938156]
Cc1c(Sc2ccc(Cl)cc2)c2c(-c3cnccn3)cccc2n1CC(=O)O,[-0.004592    0.7914044  -1.         -0.7197913   0.22295721]
CC(C)=CCOC(=O)c1ccccc1,[ 0.1564801   0.07929042 -0.3016911  -0.36510336  0.16414554]
CN(C)c1ccc(C(O)(c2ccc(N(C)C)cc2)c2ccc(N(C)C)cc2)cc1,[ 0.22550409  0.36381125 -0.6085609  -0.33814362 -0.01390988]
CC1=C2C[C@H]3[C@@H](CC=C4C[C@@H](O)CC[C@@]43C)[C@@H]2CC[C@]12O[C@@H]1C[C@H](C)CN[C@H]1[C@H]2C,[-0.43492457  0.71200085 -0.013639   -0.5967521  -0.13462849]
CN(C)S(=O)(=O)N(SC(F)(Cl)Cl)c1ccccc1,[ 0.2576105  -0.9936967  -0.6716318  -0.19192913  0.3749313 ]
CC(C)CCCCCN(CCCCCC(C)C)CCCCCC(C)C,[ 0.4721653   0.874024    0.30010778 -0.6148698  -0.09528837]
CC1=C(CC(=O)O)c2cc(F)ccc2C1=Cc1ccc(S(C)=O)cc1,[-0.08547635 -0.48138416 -0.8168196  -0.68332815 -0.06762783]
CCC(C)CCCCC(=O)NC(CCN)C(=O)NC(C(=O)NC(CCN)C(=O)NC1CCNC(=O)C(C(C)O)NC(=O)C(CCN)NC(=O)C(CCN)NC(=O)C(C(C)O)NC(=O)C(CC(C)C)NC(=O)C(CCN)NC1=O)C(C)O,[-0.15780248 -0.07346668 -0.980646   -1.          0.05136288]
CC1CC(=O)NN=C1c1ccc([N-]N=C(C#N)C#N)cc1,[ 0.04402358  1.         -0.4023183  -0.8125198   0.29559276]
COc1cc(-c2cc(=O)c3c(O)cc(O)cc3o2)cc(O)c1OC,[ 0.37237948 -0.24329954 -0.9440768  -0.7377791  -0.175086  ]
CCOP(=O)(NC(C)C)SCC(=O)NCOC,[ 0.42901036  0.73249227 -0.6182507  -0.9291259  -0.00535169]
C=CC[NH+]1CCCC1CNC(=O)c1cc(S(=O)(=O)NC)c(N)cc1OC,[-0.0513584   0.5244401  -0.07240409 -0.41842487 -0.28743273]
O=C(NC[C@@H](O)CN1CCC(Oc2ccc(Cl)c(Cl)c2)CC1)c1c[nH]c(=O)c2cc(F)ccc12,[-0.09138031 -0.79423773 -0.9245499  -0.8200325   0.2022993 ]
CCN(Cc1cc(C(F)(F)F)ccc1-c1cc(CC(=O)O)ccc1OC)C(=O)NCc1ccccc1,[-0.25086036  0.21912338 -0.68429875 -0.6237912   0.07976405]
CC(C(O)c1ccc(O)cc1)[NH+]1CCC(O)(c2ccccc2)CC1,[-0.00617471  0.93904203 -0.6939528  -0.8704933   0.13855548]
CCC(C)(C)C1CCC(=O)CC1,[ 0.46229923  0.7770927  -0.5969911  -0.4183108   0.09402776]
COc1ccc2ccc(=O)n(CCN3CCC(NCc4cc5c(cn4)OCCO5)CC3)c2n1,[-0.09191601  0.1301965  -0.6550534  -1.          0.03055529]
C1C[SiH2]C1,[ 0.14345133  0.5668078  -0.85440737 -0.96074027 -0.2448768 ]
COC(=O)c1ccccc1N=NN(C)C,"[-5.3894898e-04  8.5061216e-01 -9.2141861e-01 -5.7798392e-01
  6.3313830e-01]"
CNC(=O)c1cccc2c(Nc3ccc(NS(C)(=O)=O)cc3OC)c3cccc(C)c3[nH+]c12,[ 0.44926757  0.80812514 -0.6411248  -0.24790977 -0.63444483]
CN(C)Cc1cc(CN(C)C)c(O)c(CN(C)C)c1,[ 0.1524356   0.8602521  -0.98605317 -0.62315273  0.19759162]
C#CC(C)(C)NC(=O)c1cc(Cl)cc(Cl)c1,[ 0.08057591  1.         -0.91907233 -0.85082096  0.0140955 ]
O=C1c2ccccc2N(C(=O)CN2CCOCC2)CN1c1ccccc1,[-0.04857794  0.4977463  -0.77405363  0.2794506   0.06602606]
CCCCc1c(OC(=O)c2cc(OC)c(OC)c(OC)c2)n(-c2ccccc2)n(-c2ccccc2)c1=O,[ 0.10846236  0.7250809  -0.50756615 -1.         -0.02594932]
CCc1cccc(CC)c1N,[ 0.06128039  0.71665007 -0.5523855  -0.8248679  -0.14875601]
CN(CCO)Cc1cc(C(=O)c2cccs2)cc(C(C)(C)C)c1O,[-0.8948102   1.         -0.95086724 -0.79336894 -0.05024195]
O=C(NC(CCc1ccc2c(c1)OCO2)CCc1ccc2c(c1)OCO2)c1ccc(Cl)cc1,[ 0.3626537   0.62002116 -0.649186    0.10232288  0.1227345 ]
CN(C)C(Cc1ccccc1)c1ccccc1,[ 0.36202     0.6621633  -0.8256941  -1.         -0.01805927]
C=CC(=O)Nc1ccc(O)cc1,[-0.07788466  0.76840895 -0.9121177  -0.7912596   0.12126539]
COCOCCO,[-0.06399146  0.3782612  -0.5637559  -0.26721758 -0.07081268]
ClCC1C(CCl)C2(Cl)C(Cl)=C(Cl)C1(Cl)C2(Cl)Cl,[ 0.688842    0.582203   -0.8513517  -0.58748436  0.27378145]
Cc1cn([C@H]2CCCN(S(=O)(=O)c3ccc(C(N)=O)c(Oc4cccc(Cl)c4)c3)C2)c(=O)[nH]c1=O,[-0.09631427  0.7273599  -0.7948399  -0.8195796  -0.34959373]
O=C(CCCCCCC(=O)Nc1ccccc1)NO,[ 0.2934772   0.0727762  -1.         -0.934541   -0.19196373]
Cc1c(Cl)c([N+](=O)[O-])c2[nH]c(C(F)(F)F)nc2c1[N+](=O)[O-],[ 0.16355698  0.4427736  -0.30058366 -0.777563   -0.04290057]
O=C(O)c1ccccc1-c1c2ccc(=O)cc-2oc2cc(O)ccc12,[-0.28875044  0.9860221  -1.         -0.5255545  -0.45497388]
C=CS(=O)(=O)CCCCCC,[ 0.25916505  1.         -0.74902093 -0.48249495 -0.23915651]
CNC(=O)Oc1ccccc1C1OCCO1,[-0.18560337  0.4049272  -0.39239126 -0.46836218 -0.36937827]
CC(=O)[C@H]1CC[C@H]2[C@@H]3CC[C@@H]4C[C@H](O)CC[C@]4(C)[C@H]3CC[C@]12C,[-0.22220047  1.         -1.         -0.9499536  -0.09349919]
CCCCOCCOC(C)=O,[ 0.3475195   0.9958224  -0.7491533  -0.6864709  -0.43281397]
OCCOCCN1CCN(C(c2ccccc2)c2ccccc2)CC1,[ 0.33140165  0.80578893 -0.70186305 -0.8656971  -0.07382707]
CCCN(CCC)c1c([N+](=O)[O-])cc(C(C)C)cc1[N+](=O)[O-],[ 0.3784264   1.         -0.9901885  -0.71060985  0.62884694]
Cc1ccc2c(c1)c(S(=O)(=O)c1ccc(Cl)cc1)c(C)n2CC(=O)O,[ 0.3633324  -0.04295839 -0.85037833 -0.33157232  0.104448  ]
COc1ccc(N)c([N+](=O)[O-])c1,[-0.13209213  0.9756387  -0.78643996 -1.          0.13875249]
C[NH+](CCOc1ccc(NS(C)(=O)=O)cc1)CCc1ccc(NS(C)(=O)=O)cc1,[ 0.33323768  0.7255924  -0.9313751  -0.6891294   0.74690306]
CCOC(=O)CCN(SN(C)C(=O)Oc1cccc2c1OC(C)(C)C2)C(C)C,[-0.42596814  0.8727712  -0.7434305  -0.7182794  -0.03469586]
CCC(CC)C(=O)OCCOCCOCCOC(=O)C(CC)CC,[ 0.4539182   0.2720001  -0.68554884  0.2930876  -0.05033308]
c1cc2c(c(N3CC[NH2+]CC3)c1)OCCO2,[ 0.41999933  0.6833757  -0.54189456 -0.7065123  -0.06818189]
OCCCCC(O)CO,[ 0.20196095  0.7802962  -0.7065335  -0.7227332   0.58192843]
COc1cc2ncc(C(N)=O)c(Nc3ccc(F)cc3F)c2cc1NCCN1CCCCC1,[ 0.7260728   0.9355905  -0.8561408  -0.9305264   0.48950508]
C=COCCOC,[-0.1615439   0.89702237 -0.97553056 -0.7909928  -0.34570712]
CSCC(NC(=O)COc1cccc2cnccc12)C(=O)NC(Cc1ccccc1)C(O)C(=O)N1CSCC1C(=O)NC(C)(C)C,[ 0.3453876   0.69749665 -0.8915383  -0.47282735  0.15559056]
N#CCCOCCC#N,[-0.26680622  0.9807386  -0.90653    -1.         -0.15941045]
CNC(=O)Oc1ccc(CCC#N)cc1,[ 0.2961297   1.         -0.58235264 -0.9047797   0.2885378 ]
CCC(C)OP(=S)(OC)OC,[ 0.20910046  0.86364037 -0.8634378  -0.76838267 -0.5291104 ]
CN(C)C(=O)Nc1ccc(Cl)cc1,[ 0.5897889   0.88714457 -0.7430973  -0.68377566 -0.5012695 ]
CN(C)N(C)N=O,[ 0.0286365   0.92801267 -0.8372816  -1.          0.5633148 ]
COCCN(c1cccnc1)P(=O)(c1ccccc1)c1ccccc1,[ 0.24981286  0.47249886 -1.          0.7153804  -0.15517874]
CCOc1nc(C(Cl)(Cl)Cl)ns1,[-0.53740674  0.8636176  -0.8141373  -0.85617644  0.29574943]
O=C(O)COc1ccc(Cl)cc1CN1CCN(S(=O)(=O)Cc2ccccc2)CC1,[ 0.21312906  0.7810171  -0.6688991  -0.44879603  0.02150776]
CC[C@@]1(O)C(=O)OCc2c1cc1n(c2=O)Cc2cc3c(CN(C)C)c(O)ccc3nc2-1,[-0.38931072  0.6663905  -0.9384243  -0.5582349   0.01665652]
CNC(=O)c1[nH]cnc1C(=O)Nc1ccc(Cl)cc1,[ 0.01397241  0.7781482  -0.76785886 -0.6558946  -0.37367678]
CNC(=N)c1cccc(CC(CC(=O)N2CCC(C)CC2)NS(=O)(=O)c2ccc3ccccc3c2)c1,[-0.71566844  0.06440939 -0.8001507   0.03664587  0.32166392]
COc1ccc(CC(C)=O)cc1,[ 0.15998012  1.         -0.58592564 -0.74096197  0.39004555]
O=C(NCC12CC3CC(CC(C3)C1)C2)c1cc(-n2ncc(=O)[nH]c2=O)ccc1Cl,[ 0.27036196  0.027073   -0.68210465 -0.47609216  0.14396448]
C=C(OP(=O)(OC)OC)c1ccc(Cl)cc1Cl,[ 0.27048174  0.9811247  -0.7926435  -0.99009764  0.54087645]
O=S1(=O)CCN(c2ccccc2)CC1,[ 0.16556802  0.6780255  -0.7624365  -0.73542094  0.25024363]
Cc1cccc2sc3nncn3c12,[ 0.07401951  0.7245599  -0.666912    0.14059794 -0.19346441]
FC(F)=C(F)CCSc1ncccn1,[ 0.32149318  0.5669197  -0.94334173 -0.75957227  0.23195401]
NC(=O)[C@H](Cc1ccccc1)NC(=O)OCc1ccccc1,[ 0.35875314  1.         -0.9425767  -1.          0.2603401 ]
CCCOC(=O)Cc1ccc(OCC(=O)N(CC)CC)c(OC)c1,[-0.77891517  0.86241734 -0.3943789  -0.28756073  0.40824598]
O=C(CCCN1CCC(O)(c2cccc(C(F)(F)F)c2)CC1)c1ccc(F)cc1,[ 0.1076914   0.9282736  -0.85653126 -0.5279611   0.01148785]
C=CCI,[ 0.48364738  0.46968654 -0.8529176   0.23244432  0.25949687]
C[C@@H]1O[C@@H](O[C@H]2[C@H](Oc3cc(O)c4c(c3)O[C@H](c3ccc(O)cc3)CC4=O)O[C@H](CO)[C@@H](O)[C@@H]2O)[C@H](O)[C@H](O)[C@H]1O,[ 0.37848526  0.29547262 -0.6954719   0.01481514 -0.03656914]
CC(C)c1cccc(C(C)C)c1O,[ 0.27502006  0.80274785 -0.35188434 -0.9286204  -0.31732723]
CCOC(=O)CCN(Cc1ccccc1)SN(C)C(=O)ON=C(C)SC,[-0.3202592   0.8539997  -1.         -0.25924397 -0.28740245]
COc1cc2nc(N3CCN(C(=O)C4COc5ccccc5O4)CC3)nc(N)c2cc1OC,[-0.22806348  0.90743107 -0.99551344 -0.5928865  -0.66504055]
CC(C)(c1ccc(Oc2ccc(N)cc2)cc1)c1ccc(Oc2ccc(N)cc2)cc1,[ 0.5440508  -0.6843271  -0.5441204  -0.58216506  0.13755696]
CC(C=O)=Cc1ccco1,[ 0.13488485  0.9404295  -1.         -0.95694363  0.7718412 ]
CC1CN(C2CCCCCCCCCCC2)CC(C)O1,[ 0.4717452   0.7283811  -0.8608577  -0.70133424 -0.4148557 ]
NCCCNCCSP(=O)(O)O,[ 0.30194536  0.6133041  -0.9042409  -0.62601435 -0.43871552]
Nc1ccc(S(=O)(=O)O)c2cccc(O)c12,[ 0.29545382  1.         -0.86321056 -0.86878926  0.37095252]
CC1CS(=O)(=O)CCN1N=Cc1ccc([N+](=O)[O-])o1,[ 0.5554235   0.84090525 -0.44782972 -0.5096511  -0.12406392]
Cc1onc2c(=O)[nH]nc(-c3ccccc3)c12,[ 0.3724717   0.8099804  -1.         -0.82131815  0.798502  ]
C/C=C(/C)C(=O)O[C@H](c1cc2ccc(=O)oc2cc1OC)[C@H](O)C(C)(C)O,[ 0.46739033  0.82543993 -0.9633651  -0.08251374 -0.40448585]
CC(C)(C)c1ccc2c(c1)C(C)(C)CC2,[-0.52075505  0.8203422  -0.7033107  -0.44509062  0.07390345]
CN1CCN2c3ncccc3Cc3ccccc3C2C1,[ 0.14329253  0.75256455 -0.4052707  -0.6499378  -0.6742376 ]
Cc1c(OCC(F)(F)F)ccnc1C[S+]([O-])c1nc2ccccc2[nH]1,[ 0.3176757   0.72875905 -0.51419234 -0.7013521   0.25707936]
COP(=S)(OC)Oc1cnc2ccccc2n1,[ 0.56679934  0.78869545 -0.8187219  -0.73191833  0.28192666]
CN=C=S,[ 0.4891228   0.8638485  -0.85802174 -0.09688138  0.16963759]
CCOP(=O)(O)O,[-0.12799357 -0.41230112 -0.6231214  -0.5805514  -0.2816826 ]
C=C[Si](OC)(OC)OC,[ 0.2595088   0.74267256 -0.5908389  -1.          0.17606957]
CC(C(=O)O[C@@H]1CC[N+](C)(C)C1)(c1ccccc1)C1CCCC1,[-0.08584499  0.9368684  -0.67881167 -0.57937014 -0.1414784 ]
C[N+](C)(C)CC(O)CC(=O)[O-],[-0.00543102  0.94548094 -0.54486257 -0.86339897  0.30777675]
Nc1nc2ccc(OC(F)(F)F)cc2s1,[-0.63718957  0.5625985  -0.5423256  -0.44247663  0.51688355]
O=C(Nc1cccc(Cl)c1)OCC#CCCl,[-0.37692478  0.7313446  -0.8430684  -1.         -0.3818728 ]
FC(F)(F)c1nc2c(Cl)c(Cl)cc(Cl)c2[nH]1,[-0.12627245  0.3402977  -0.54737324 -1.         -0.02591318]
C=CC(=O)OCCOCCOC(=O)C=C,[ 0.16578116  0.6708071  -0.9031864  -0.5198979  -0.7719433 ]
COc1cc2nc(N3CCN(C(=O)C(C)OC)CC3)nc(N)c2cc1OC,[ 0.48414132  0.9061138  -0.6130255  -0.74330306  0.46197134]
CC1CCCCN1N=O,[ 0.20970845  0.757606   -0.70454156 -0.7025095  -0.19404496]
CC(O)C1C(=O)N2C(C(=O)[O-])=C(SC3CCS(=O)C3)SC12,[ 0.10890307 -0.2550673  -0.61216366 -0.60663164  0.02146226]
CCS(=O)(=O)c1ccc(-c2cc(Cl)ccc2OCC(=O)O)cc1,[-0.60429436  0.5485655  -1.         -0.13275242 -0.11947501]
CCOP(=S)(OCC)Oc1cc(-c2ccccc2)on1,[ 0.26658183  0.976088   -0.71969986 -0.28792125  0.27140665]
c1ccc(OP(Oc2ccccc2)Oc2ccccc2)cc1,[ 0.45321524  0.6844179  -0.77172875 -0.88381296  0.2328418 ]
CC(C)CON=O,[ 0.5207622   0.81777614  0.13563637 -0.66881764 -0.32588446]
O=C(Nc1ccc(Cl)c(C(=O)Nc2cccnc2)c1)c1cccc(C(F)(F)F)c1,[ 0.2865142   0.78498423 -0.60663253 -0.31381282  0.54145855]
CCC(=O)OC1CCC2C3CCC4=CC(=O)CCC4(C)C3CCC12C,[ 0.05240035  0.98121995 -0.5031634  -0.60705453  0.8717107 ]
OCC(O)CO,[ 0.16686028  0.69951844 -0.99019665 -0.10869577  0.25832817]
Cc1ccc(N2CC(COc3ccc(-c4noc(C)n4)cc3)C2)nn1,[-0.2317572   0.53277194 -0.46624398 -1.         -0.08838061]
C#CC1(O)CCC2C3CCC4=CC(=O)CCC4C3C(=C)CC21CC,[ 0.27090415  1.         -0.6293627  -1.         -0.16494149]
NS(=O)(=O)c1cc2c(cc1Cl)NCNS2(=O)=O,[ 0.31049755  0.4453526  -0.5980197  -0.8305491   0.34614006]
C=CC(=O)OCCc1ccc(CC)cn1,[ 0.1129824   0.7840713  -0.89182353 -0.5587244  -0.12620288]
CC(=O)Nc1ccc(CNc2[nH]nc3ccnc(Oc4ccccc4)c23)cc1,[ 0.354082    0.67218935 -0.62706345 -0.70732075 -0.30420747]
S=c1[nH]c2cc(Cl)ccc2o1,[-0.0859424   0.862217   -0.30695271 -0.8288544  -0.44081232]
COc1cccc(OC)c1O,[ 0.11655572  0.32795322 -0.95827985 -0.71951675  0.5614767 ]
O=C(O)Cc1ccccc1N1CCC(CN2CCC(Oc3ccc(Cl)c(Cl)c3)CC2)CC1,[-0.13102223  0.8811352  -0.8805444  -0.82872236 -0.300791  ]
Cc1nc(C(F)(F)F)ccc1C(=O)Nc1ccc(Cl)c(-c2ccccn2)c1,[-0.2681345  -0.22858979  0.17438824 -0.37285027 -0.54812765]
CC1(C)C2CC=C(CCO)C1C2,[ 0.25605422  0.7049413  -0.87426114 -0.61846733  0.14157373]
CCN1CN(CO)C(=O)N(CO)C1,[ 0.4642837   0.6076674  -0.7787992  -0.82128245 -0.45181388]
CN(C)CC/C=C1/c2ccccc2COc2ccc(CC(=O)O)cc21,[ 0.00918214  0.14501537  0.9749343   0.22708428 -0.1095457 ]
CC(=S)NC[C@H]1CN(c2ccc(-c3nnc(CNS(C)(=O)=O)s3)c(F)c2)C(=O)O1,[ 0.8103964   0.8366662  -0.71677923 -0.51129055 -0.68843687]
O=C(Cc1ccc(OCc2ccccc2)cc1)NO,[ 0.15399544  0.60457236 -0.8410228  -0.66757226 -0.10736071]
CC(C)CNC(=O)NS(=O)(=O)c1ccc(Cl)cc1,[-0.30373564  0.7838368  -0.7601931  -0.43096533 -0.38386777]
CC(C)(C)c1ccc(OP2OCC3(CO2)COP(Oc2ccc(C(C)(C)C)cc2C(C)(C)C)OC3)c(C(C)(C)C)c1,[ 0.2190846   0.4024273   0.29183993 -0.8403388   0.51079106]
CC(C(N)=O)(c1ccccc1)c1ccc(N)cc1,[ 0.3050101   0.5041983  -0.65725887 -0.7446871  -0.5699932 ]
FC(F)(F)c1nc2cc(Br)c(Cl)cc2[nH]1,[-0.03374137  0.9642428  -0.8647187  -0.36711517  0.34645936]
C=CC(=O)OCC(CC)CCCC,[-0.28077814  0.9662562  -0.5593519  -0.9460266  -0.41661382]
CCc1nn(C2CCCC2)c2c1CCn1c(-c3cccs3)nnc1-2,[ 0.45662713  0.8729125  -0.8833826  -0.622492    0.8390856 ]
O=c1n(CC2CO2)c(=O)n(CC2CO2)n1CC1CO1,[-0.05029753  0.21763913 -0.9488554  -0.9950904  -0.2684281 ]
CP(=S)(Oc1ccccc1)Oc1ccc(C#N)cc1,[ 0.4248976   0.8539061  -0.50712925  0.26859626  0.26372132]
COP(=O)(OC)ON1C(=O)c2cccc3cccc(c23)C1=O,[ 0.11236633  0.6514684  -0.6648513   0.10673124  0.29023924]
COP(=S)(OC)SC(CBr)N1C(=O)c2ccccc2C1=O,[-0.00911675  0.8673065   0.08979277 -0.49243644 -0.02637279]
Nc1nc(Nc2ccc(S(N)(=O)=O)cc2)nn1C(=O)c1c(F)cccc1F,[ 0.3034142   1.         -0.7028086  -0.5143664  -0.26314366]
CC[C@H](C)[C@H](NC(=O)[C@H](CCC(=O)[O-])NC(=O)[C@H](CCC(=O)[O-])NC(=O)[C@H](Cc1ccccc1)NC(=O)[C@H](CC(=O)[O-])NC(=O)CNC(=O)[C@H](CC(N)=O)NC(=O)CNC(=O)CNC(=O)CNC(=O)CNC(=O)[C@@H]1CCCN1C(=O)[C@H](CCCNC(N)=[NH2+])NC(=O)[C@@H]1CCCN1C(=O)[C@H]([NH3+])Cc1ccccc1)C(=O)N1CCC[C@H]1C(=O)N[C@@H](CCC(=O)[O-])C(=O)N[C@@H](CCC(=O)[O-])C(=O)N[C@@H](Cc1ccc(O)cc1)C(=O)N[C@@H](CC(C)C)C(=O)[O-],[-0.13280092  0.2511373  -0.6280663  -0.72675395 -0.06467399]
OCc1cc(C(O)C[NH2+]CCCCCCOCCOCc2c(Cl)cccc2Cl)ccc1O,[ 0.46858782 -0.35136577 -0.8000634  -0.67242724 -0.4648076 ]
CN1CCN(c2ccc3ncc(C(N)=O)c(Nc4ccc(Cl)c(Cl)c4)c3c2)CC1,[-0.4172498   0.2636365  -0.25003222 -0.39932382 -0.22461337]
C=CCOc1ccccc1OCC(CNC(C)C)OC(=O)C1CC1,[-0.04711021  0.47371155 -0.8810446  -0.9444751  -0.2447953 ]
CCOP(=S)(OCC)Oc1ccc([N+](=O)[O-])c(C)c1,[ 0.13326769  0.95277613 -0.86867934  0.02961903  0.17828664]
CC(=O)OCCOCCOCCOC(C)=O,[ 0.6353714   0.7811526   0.6558996  -0.5954187   0.00251069]
COC(=O)c1cc(Oc2ccc(Cl)cc2Cl)ccc1[N+](=O)[O-],[-0.2840198   0.6291283  -0.91618747 -0.8323916  -0.16794741]
CC(C)Oc1cc(-n2cnc3ccc(N[C@@H](CO)c4ccc(F)cn4)nc32)n[nH]1,[ 0.13139719 -0.4648638  -0.51260525 -1.         -0.04849438]
COP1(=S)OCc2ccccc2O1,[ 0.38650542  0.6876967  -0.58431643 -0.7748927  -0.818617  ]
CC(CC(=O)OC(C)(C)C)NC(=O)C1=NOC(C(O)(C(F)(F)F)C(F)(F)F)C1,[ 0.22886783  0.59064335 -0.905866   -0.5545458   0.06929878]
CC(=O)OCc1ccc(C(C)C)cc1,[-0.3201481   0.8931347  -0.8889446  -0.8366284  -0.22308686]
Cc1cc([N-]S(=O)(=O)c2ccc(N)cc2)no1,[-0.4922805  -0.9726762  -1.         -0.9974357   0.14049786]
CCC(C)OC(CBr)c1ccc(Cl)cc1,[-0.6020018   0.5418777  -0.828392   -0.6781467  -0.34704378]
FCOC(C(F)(F)F)C(F)(F)F,[ 0.1799466   0.74329203 -0.98131     0.29243684  0.0666311 ]
CC(=O)OC(C(=O)NC(N)=O)c1ccccc1,[ 0.74327403  0.43369758 -0.6369845   0.6640962   0.589806  ]
O=C(O)CC(CC1CCN(C(=O)CCc2ccc3c(n2)NCCC3)CC1)C1CNc2ccccc2C1,[ 0.7027484   0.38293713  0.44712254 -0.69740635 -0.04627515]
O=C(O)C1N=C(c2ccccc2)c2cc(Cl)ccc2NC1=O,[-0.41091084  0.67549074 -0.85710067 -0.629422    0.24555364]
Cc1ccc2c(c1)c(-c1ccnc3cc(Cl)ccc13)c(C)n2CC(=O)O,[ 0.15956053  0.25575858 -0.59922034 -0.90401167 -0.18205424]
CCCCCCCCCCCCCCCCCCOP(=O)([O-])OCC[N+]1(C)CCCCC1,[ 0.15824814  0.73805463 -0.36928013 -0.7002836  -0.58118534]
O=P(O)(O)C(O)(Cn1ccnc1)P(=O)(O)O,[-0.3102163   0.79572564 -1.         -0.76843625  0.028814  ]
CN(C)CCCC1c2ccccc2Nc2ccc(Cl)cc21,[-0.07006427  0.92824435 -0.72518283 -0.99426347 -0.10193683]
c1ccc([C@H]([C@@H](c2ccccc2)N2CCCCC2)N2CCCCC2)cc1,[-0.9826264   0.6741142  -0.30012298 -0.53858787 -0.13797116]
BrC12CC3CC(CC(C3)C1)C2,[-0.26122722  0.7356712  -0.9541429  -0.765218    0.06373398]
COc1cc(N)c2c(c1N)C(=O)c1ccccc1C2=O,[ 0.32589498  0.50458825 -1.         -0.58550745 -0.38130823]
CC12CCC3c4ccc(O)cc4CC(CCCCCCCCCS(=O)CCCC(F)(F)C(F)(F)F)C3C1CCC2O,[ 0.32681924  0.00174359 -0.7532658   0.14233427 -0.17952535]
COc1cc(C=CC(N)=O)ccc1O,[ 0.11227609  0.6244201  -1.         -0.54388994 -0.58234197]
O=c1[nH]c(=O)c2ccccc2o1,[-0.14784196  0.91624194 -0.7473284  -0.520144    0.10234338]
O=C(O)CCC(=O)O,[ 0.9792402   0.5930945  -0.9157522  -0.4634601  -0.36623314]
CSc1ccc(C(=O)c2[nH]c(=O)[nH]c2C)cc1,[ 0.32138795  0.9324194  -0.92914635 -0.90821844  0.778768  ]
Cc1c(Sc2ccc(Cl)cc2)c2c(S(C)(=O)=O)cccc2n1CC(=O)O,[-0.2547362   0.8245759  -0.7924535  -0.7636817  -0.33549717]
COC(=O)c1c(Cl)cccc1-c1cnc([C@@H](C)NC(=O)C2(NC(=O)C(F)(F)F)CC2)c(F)c1,[ 0.31735346  0.4439274  -0.8848579  -0.67183733 -0.5020666 ]
CN(C)C(=O)Oc1cccc2sccc12,[-0.05960116  0.05010559 -0.5891069  -1.          0.07685917]
Fc1cc(-c2cccc3ncc(-c4cnn(C5CCNCC5)c4)nc23)cc(F)c1CN1CCOCC1,[ 0.39182505  0.11194987 -0.5855599  -0.01905016  0.12682039]
ClCc1cccc2ccccc12,[ 0.20881899  0.8494804  -0.866494   -0.59479976  0.06608781]
COc1ccc(C(Oc2ccccc2)C2=NCCCN2)cc1,[ 0.5017057   0.9126605  -0.6785236  -0.58551794 -0.13616419]
Cc1ccccc1S(=O)(=O)NC(=O)N1CCC(N2CCC(Oc3ccc(Cl)c(Cl)c3)CC2)CC1,[ 0.0914485   0.81517744 -0.85754186 -0.64962596 -0.3501624 ]
CN,[ 0.5310262   0.8141338  -0.7677698   0.24862358  0.18248755]
CCCCN(CCCC)SN(C)C(=O)ON=CC(C)(C)SC,[-0.20629147  0.06234723 -0.20618394 -0.45136273 -0.37228954]
COc1cc2c(cc1OC)C(CCc1ccc(Cl)cc1)N(C)CC2,[-0.00085995  0.6467808   0.57477224  0.15184301 -0.3738699 ]
O=[N+]([O-])c1cc(Cl)ccc1Cl,[ 0.15761334  0.6825005   0.20672265 -0.16597986 -0.43753946]
COc1cccc2c1cc([N+](=O)[O-])c1c(C(=O)O)cc3c(c12)OCO3,[-0.22977701  1.         -1.         -0.76428574 -0.2797648 ]
N#Cc1cc(Br)c(O)c(Br)c1,[ 0.14465515  0.6784808  -0.33240578 -0.6096629   0.5266888 ]
O=[N+]([O-])c1cccc(O)c1,[-0.31809008  0.6239004  -0.91719425 -0.83529013 -0.275087  ]
CC(=O)C1(O)Cc2c(O)c3c(c(O)c2C(OC2CC(N4CC4)C(OS(C)(=O)=O)C(C)O2)C1)C(=O)c1ccccc1C3=O,[ 0.24868542  0.8908519  -0.0335132  -0.45219362 -0.20616679]
NCCNCCNCc1ccccc1O,[ 0.17380975  0.89668614 -0.5684124  -0.87299997  0.25876695]
CNC(=O)Oc1cc(C)c(N(C)C)cc1C(C)C,[ 0.5227755   0.8232563  -0.6773641  -0.14584419  0.18807814]
NCCNCc1ccccc1O,[-0.31616226  0.9198164  -0.9126179  -0.2822078  -0.24651396]
Cc1cccc(Nc2ccncc2S(=O)(=O)[N-]C(=O)NC(C)C)c1,[-0.3328803   0.6807267  -0.83459884 -0.6640518  -0.4464137 ]
C(Oc1nc(OCC2CO2)nc(OCC2CO2)n1)C1CO1,[ 0.32109788  1.         -0.01767451 -0.7857094  -0.26121873]
CN(CCCOCCOCCc1ccccc1)CCc1ccc(O)c2nc(O)sc12,[-0.3081466  -0.43828616 -0.09095639 -0.56608486  0.14109077]
O=[N+]([O-])c1c(Cl)c(Cl)c(Cl)c2nc(C(F)(F)F)[nH]c12,[ 0.47050017  0.57929164 -0.7771327  -0.8069391   0.27723113]
CC(c1ccccn1)c1c(CC[NH+](C)[14CH3])sc2ccccc12,[-0.09038844  0.79313916  0.3766473  -0.29493552 -0.15612553]
O=C(OCC1CO1)c1ccccc1C(=O)OCC1CO1,[ 0.5199277  -0.2931467  -0.6402495  -0.6314697   0.54961866]
COCc1ccc2c(C(C(=O)NS(=O)(=O)c3ccc(C)cc3OC)c3ccc4c(c3)OCO4)cn(C)c2c1,[-0.02342538  0.7837795   1.         -0.21987738 -0.34228945]
Oc1ccc2c(c1)CCC2,[ 0.16496682  0.8312428  -0.7325965  -0.75856394  0.0063264 ]
CCCNC(=O)[N-]S(=O)(=O)c1ccc(Cl)cc1,[ 0.47340664  0.9586993  -0.8962202  -0.891683    0.23220669]
COCCNC(=O)c1ccc(Nc2ncc3cc(-c4ccncc4)ccc3n2)cc1C,[ 0.0758811   0.22228166 -0.6675803   0.40276733  0.37244046]
CN1CCN(CCC=C2c3ccccc3Sc3ccc(S(=O)(=O)N(C)C)cc32)CC1,[-0.37059727 -0.34693307 -0.6519077  -0.6397811  -0.23628868]
CC(C)C1NC(=O)c2ccccc2O1,[ 0.30526003  0.8322541  -1.         -0.71974397  0.02077615]
CC(C)=C1CCC(C)CC1=O,[-0.14151955  0.83891904 -0.69999504 -0.43368635 -0.45485416]
CC(=Cc1ccccc1)CC(=O)N1CCOCC1,[-0.28621134  0.9125179  -0.7645326  -0.49777284 -0.22065161]
CC1(C)SCN(C(=O)C2(Oc3ccc(Cl)cc3)CCCCC2)C1C(=O)O,[ 0.07963824 -0.14329973 -0.6402042  -0.5441103  -0.3311435 ]
CSCCNc1nc(SCCC(F)(F)F)nc2c1ncn2C1OC(COP(=O)([O-])OP(=O)([O-])C(Cl)(Cl)P(=O)([O-])[O-])C(O)C1O,[-0.42565578  1.         -0.68575364 -0.26370165  0.03702667]
Cc1c(C(C)C)c(=O)n(-c2ccccc2)n1C,[ 0.33180144  0.7366745   0.4711719  -0.5226616  -0.497016  ]
CC(C)(C)OC(=O)N1CCN(c2ncc(OCc3ccncc3)cn2)CC1,[ 0.16253069  0.9088672  -0.63707244 -0.49220282 -0.16123903]
O=[N+]([O-])c1cc(C2CCCCC2)c(O)c([N+](=O)[O-])c1,[ 0.17772451  0.6095118  -0.01533382 -0.4442335  -0.2908353 ]
CC(C)OCCO,[-0.23239927  0.49071404 -0.5113559  -0.8772207  -0.03422863]
CCN(CCO)c1cccc(C)c1,[ 0.1979406   0.7462278  -0.88669014 -0.64364606 -0.05555338]
CC(C(=O)O)c1ccc(CC2CCCC2=O)cc1,[ 0.5141715   0.78253424 -0.5968122  -0.6429529   0.02736208]
CCCC1CC(C(=O)NC(C(C)Cl)C2OC(SC)C(O)C(O)C2O)[NH+](C)C1,[ 0.5023554   0.7284688  -1.         -0.17108008 -0.23325872]
CCc1cc2c(s1)-n1c(C)nnc1CN=C2c1ccccc1Cl,[ 0.11989153  0.9140917  -0.7549038  -0.7792053  -0.5039834 ]
CC(C)(O)c1ccccc1,[ 0.30008364  1.         -0.8015065   0.14958781 -0.12088718]
O=CC=CC1CO1,[ 0.38712823  0.7978418  -0.7415359  -0.65824354 -0.20894462]
CC(C)[N+](=O)[O-],[ 0.24728177  1.         -1.         -0.6470312  -0.26602995]
COC(=O)/C=C/CNC(=O)CN1C(=O)[C@@H](COC(=O)Nc2ccc(Cl)cc2C(F)(F)F)N=C(c2ccccc2)c2ccccc21,[-0.27223358  0.8562167  -0.82304144 -0.65349776  0.70902026]
COc1cc2nc(N3CCN(C(=O)c4ccco4)CC3)nc(N)c2cc1OC,[ 0.34281012  0.18517591 -0.9812214  -0.6216455   0.25323042]
COP(=S)(OC)SCc1nnc(SC)s1,[ 0.1129109   0.6546027  -0.80349517 -0.9335569   0.39277568]
CCCCCc1ccccc1O,[ 0.18484567  0.02981436 -1.         -0.66137856 -0.47753298]
CC(C)OP(=S)(OC(C)C)SCn1nc(Cl)ccc1=O,[-0.50327086  0.949179   -0.2961842   0.28019905 -0.21344541]
O=P([O-])([O-])C(Cl)(Cl)P(=O)([O-])O,[ 0.44436893  0.83872646 -0.7679607  -0.6462267  -0.41621646]
S=c1[nH]cnc2nc[nH]c12,[-0.13467874  0.3864618  -0.9645309  -0.9724242  -0.10025262]
C=CC(=O)OCCOC(=O)CC(C)=O,[ 0.18422845  0.7701108  -0.7666452  -0.72245955  0.0795017 ]
C[C@@H]1CC[C@H]2[C@@H](C)[C@@H](OC(=O)CCC(=O)O)O[C@@H]3OC4(C)CC[C@@H]1[C@@]23OO4,[-0.05046103  0.7175583  -0.7788402  -1.         -0.1200252 ]
CCC(C)C(=O)OC1CCC2(C)C3CC(O)C4C5(O)C(CC42OC13O)C1CN2CC(C)CCC2C(C)(O)C1C(O)C5OC(=O)C(C)(O)CC,[ 0.38552243  0.7564351  -0.62855536 -0.825096   -0.32087916]
C=COC(=O)CCCCC(=O)OC,[ 0.20222794 -0.34378505 -0.6782448  -0.21210197  0.949831  ]
CC(C)Oc1ccc2c(=O)c(-c3ccccc3)coc2c1,[-0.36416146  0.6848594  -0.7937557  -0.7429365  -0.23771483]
C=C(C)c1ccc(C(C)(C)N=C=O)cc1,[ 0.13224061  0.5612379  -0.71312684 -0.6597436  -0.39176688]
NC(=S)NNCNNC(N)=S,[-0.17006458 -0.7937143  -0.7710673  -0.00883799 -0.16905057]
CC(C)OC(=O)C(C(=O)OC(C)C)=C1SCCS1,[ 0.19105734  0.85687786 -0.88716435  0.01051031 -0.20616126]
COCCNCc1ccc(Nc2ncc3cc(-c4ccncc4)ccc3n2)cc1,[ 0.41854405  0.7416516  -0.6094904  -0.56871533 -0.16035037]
O=[N+]([O-])c1cc(Cl)c(N=Nc2ccc(N3CCS(=O)(=O)CC3)cc2)c(Cl)c1,[ 0.14284654  0.76299334  0.2574387  -0.65498066 -0.2372809 ]
COc1cc(OC)c(S(=O)(=O)N2c3ccccc3CCC2C)cc1NC(=O)COCC(=O)O,[ 0.36535802  0.80303437 -0.52657866 -0.6670251  -0.31647092]
CCSP(SCC)SCC,[ 0.1421626   0.9010007  -0.8440748  -0.6478212  -0.37880534]
O=C(/C=C/c1ccccc1)NCCO,[-0.50924325  0.76925284 -0.1580532  -0.51307875 -0.32526767]
CCOC(=O)C=Cc1ccc2c(c1)OCO2,[ 0.01838414  0.725667   -0.7946379  -0.8249297  -0.3388905 ]
O=C1COc2ccc(CNC3CCN(CCN4C(=O)COc5ccc(Cl)cc54)CC3)nc2N1,[-0.1376134   0.74791986 -0.80253327 -0.8145699   0.21419972]
CC[C@H](CO)NC(=O)[C@H]1C=C2c3cccc4[nH]cc(c34)C[C@@H]2N(C)C1,[ 0.19411136  0.33198082 -0.5975501  -0.8973591  -0.01447707]
O=c1cc(N2CCOCC2)nc2n(Cc3cccc(Cl)c3Cl)ccn12,[ 0.40939677  0.01528505 -0.3510356  -0.29994845  0.2750377 ]
CCC(C)C(CC)C(N)=O,[ 0.21752869  0.93840784 -0.22984703 -0.9143903  -0.1878516 ]
C#CCc1ccc(COC(=O)C2C(C=C(C)C)C2(C)C)o1,[ 0.18483925  0.23179702 -0.59852785 -0.84896284  0.22588316]
N#CCCCCC#N,[-0.13379     0.80047023 -0.80100006 -0.51146895 -0.43717673]
CCCP(=O)(CCC)CCC,[ 0.1064746   1.         -0.78611755 -0.88499016  0.00781265]
COP(=S)(Cl)OC,[ 0.43727958  0.8376218  -0.9884297  -0.31534064 -0.20401955]
Nc1ccc(O)c([N+](=O)[O-])c1,[-0.5895242   0.8640607  -0.8902055  -0.8124514  -0.02672748]
C=CC[NH+]1CCCC1CNC(=O)c1cc2n[nH]nc2cc1OC,[-0.0843526   0.12320361 -0.351676   -0.441524    0.8144046 ]
O=CNc1cc([C@@H](O)CNCCc2ccc(NC[C@H](O)c3ccccc3)cc2)ccc1O,[-0.49991074  0.21345958 -0.9262838  -0.66763145  0.07388017]
CC1(C)CC2(NC(=O)N(CCCN3CCC(O)CC3)C2=O)c2cc(F)ccc2O1,[-0.6865097   0.7575456  -1.         -0.9465951   0.78577524]
N#CC(c1ccccc1)c1ccccc1,[ 0.1386534   0.71280277 -0.7336753  -0.9149842  -0.22014487]
OCCNCCc1ccccc1,[ 0.25295514  0.32602486 -0.85835814 -0.8512392   0.4244882 ]
COc1c(Cl)ccc(Cl)c1C(=O)OCCN(CCOC(=O)c1c(Cl)ccc(Cl)c1OC)c1ccccc1,[ 0.31420967  0.79874575 -0.24434261 -0.97548974 -0.01433399]
Nc1cccc(N)c1,[ 0.15507677  0.931741   -0.10888223 -0.53521025 -0.22304392]
CCCCOC(=O)C1CC1OCCCC,[ 0.3176628   0.49017954 -0.8231118  -0.61402404  0.12710282]
COCCOCCOC(C)=O,[ 0.4944975   0.7868982  -0.44419163 -0.49652565  0.13770087]
Cc1c(CN2CCOC(c3ccccc3)C2C)c(=O)n(-c2ccccc2)n1C,[ 0.3350377   0.69312906 -0.8160815  -0.73723084 -0.47136033]
O=C(O)COc1ccc(C(=O)CN2CCN(C3CCNCC3)CC2=O)cc1,[ 0.6043217   0.66539234 -0.7743231  -0.7722002  -0.00678883]
Cc1ccc(N=CN(C)SN(C)C=Nc2ccc(C)cc2C)c(C)c1,"[ 3.5614488e-04  1.0000000e+00 -1.7342827e-01 -5.1892865e-01
  1.1850825e-02]"
CN(SSC(C)(C)C)C(=O)ON=C1SCCS1,[ 0.46440253  1.         -0.7019876  -0.1116963  -0.12678826]
CN1CCC(=C2c3ccccc3Sc3ccccc32)CC1,[ 0.2496816   0.85416603 -0.8310869  -0.701641   -0.12084632]
CCOc1cc(OCC)c(C(=O)CCC(=O)O)cc1OCC,[ 0.00599651  1.         -0.9840654  -1.          0.39777058]
COP(=S)(OC)SCC(=O)N1CCOCC1,[ 0.38470873  0.52518487 -1.         -0.5945582   0.2405959 ]
O=C(c1ccccc1)c1cccc2c1CCC2C(=O)O,[ 0.03742915  0.8136404  -0.63725746 -0.6099678  -0.15731311]
CC(C)(C)c1ccc(C(=O)O)cc1,[ 0.7100579   0.86240155 -0.6756131   0.19859995 -0.00519393]
CNC(=O)ON=C(C)SCC(=O)N(C)C,[ 0.5410395  -0.29774663 -0.6358762  -0.5309688  -0.1104541 ]
CCCCOC(=O)CC(SC(CC(=O)OCCCC)C(=O)OCCCC)C(=O)OCCCC,[-0.1742008   0.4827403  -0.900533   -0.30678     0.20002623]
O=[N+]([O-])c1ccc(C=NNC(=S)N2CCCC2)o1,[ 0.46290526  0.3388734  -0.7431618  -0.4209408   0.12577738]
Clc1ccc(N2N=NC3C4CC(C5N=NC45)C32)cc1,[ 0.07129373  0.67932546  0.48827586 -0.33929956 -0.4636312 ]
Nc1ccc([N+](=O)[O-])cc1N,[ 0.40382826  0.46437088 -0.7576707  -0.3073776  -0.05116882]
COc1ccc(CC2c3cc(OC)c(OC)cc3CCN2C)cc1OC,[ 0.14620677  1.         -0.93397367 -0.872906   -0.02742463]
CC(=O)c1c(C)c2cnc(Nc3ccc(N4CCNCC4)cn3)nc2n(C2CCCC2)c1=O,[-0.4114211   0.9501252  -0.7775956  -0.32039976 -0.02967804]
c1ccc(C2CO2)cc1,[-0.29196554  0.81137943 -0.89708775  0.18239294  0.3027809 ]
C[C@H](CO)Nc1nc(SCc2cccc(F)c2F)nc2nc(N)cnc12,[ 0.04412866  0.7952178  -0.6021983  -1.         -0.31524795]
CCOP(=S)(OCC)OC(C)CC,[-0.20025867  0.80823964  0.61743456 -0.9328855   0.0098209 ]
CC(O)c1cccc(N)c1,[ 0.52294594  0.857096   -0.8878416   0.5237556  -0.26082227]
CC(C)(C)c1cc([N+](=O)[O-])cc([N+](=O)[O-])c1O,[ 0.18339983  0.4259866  -0.84752804 -0.5990259  -0.42213053]
Clc1nc(Cl)nc(Cl)n1,[-0.07967071  0.21601342 -0.8861175   0.00679919  0.23197155]
CC(CN1CCOCC1)C(C(=O)N1CCCC1)(c1ccccc1)c1ccccc1,[ 0.31527755  0.79759115 -0.8972843  -0.62663686  0.02416847]
CCOP(=S)(OCC)OC(=CCl)c1ccc(Cl)cc1Cl,[ 0.49168143  0.1688143  -0.73722184  0.85074997  0.6555417 ]
CCC[C@H](NC(=O)[C@@H]1[C@H]2CCC[C@H]2CN1C(=O)[C@@H](NC(=O)[C@@H](NC(=O)c1cnccn1)C1CCCCC1)C(C)(C)C)C(=O)C(=O)NC1CC1,[ 0.8944347   0.8884211  -0.79267806 -0.8444672  -0.3779531 ]
O=C(O)[C@@H](c1ccccc1)N1CCC(CN2CCC(Oc3ccc(Cl)c(Cl)c3)CC2)CC1,[ 0.6065507   0.9823182  -0.8282176   0.08123927 -0.30147058]
CN(C)S(=O)(=O)CCCCCNC(=O)N(CCCl)N=O,[-0.05747109 -0.00865801 -0.94038635 -0.7421907  -0.0622055 ]
CC(=O)OO,[-0.18223004  0.64377016 -0.4903178  -0.65167063 -0.03468388]
Nc1c(Cl)c(Cl)c2[nH]c(C(F)(F)F)nc2c1Cl,[ 0.4000937   0.54633754 -0.48830014 -0.8233719   0.22201969]
O=C(c1csc2c1CCCC2)N1CCCCC1,[ 0.12135068  0.881805   -0.6214062  -0.74783206  0.00390433]
CC(=O)OC(C(Cl)(Cl)Cl)P(=O)(Oc1ccccc1)Oc1ccccc1,[-0.00399504  1.         -0.15948135 -0.7570365  -0.01346941]
NC(=O)c1cnc(N[C@@H]2CCCC[C@@H]2N)nc1Nc1cccc(-n2nccn2)c1,[-0.71071506  0.82195765 -0.6845886  -0.75541294  0.24898942]
ClC(=NNc1c(Cl)cc(Cl)cc1Cl)c1ccccc1,[ 0.3396373   0.9670391  -0.77424407 -0.68804467  0.3018312 ]
C=CC(=O)OCCOCC,[ 0.25902563  0.89177465  0.06026317  0.13297394 -0.2397705 ]
CN(C)C(=O)Cl,[ 0.19902785  0.44009894 -1.         -0.24803266  0.26762903]
COc1ccccc1NC(=O)CC(C)=O,[ 0.1748355   0.36832643 -0.75477374 -0.78920186 -0.09350453]
