CN1C(=O)CC(N2CCN(CCCN3c4ccccc4COc4ccc(CC(=O)O)cc43)CC2)N(C)C1=O,[ 0.31089586  0.74860346 -0.6525406  -0.10594939 -0.3524569 ]
CCCCCCCC[Si](OCC)(OCC)OCC,[ 0.21377134  0.48056042 -0.67714095 -0.6009486   0.3488338 ]
Cc1c(-c2c(C)c(N)c3c(C(C)C)c(O)c(O)c(C=O)c3c2O)c(O)c2c(C=O)c(O)c(O)c(C(C)C)c2c1N,[-0.20897265 -0.6761066  -0.6805802  -0.49235836 -0.02994722]
[NH3+]C(C(=O)NC1C(=O)N2C(C(=O)[O-])=C(CSc3c[n-]nn3)CSC12)c1ccc(O)cc1,[ 0.17724681  0.84800243 -0.46162114  0.29614222 -0.01350403]
COc1cc(OC)c(S(=O)(=O)N2c3ccccc3CCC2C)cc1NC(=O)COCC(=O)O,[ 0.3439174   0.88470364 -0.21341693 -0.5265255  -0.11981166]
OCc1ccccc1,[ 0.26222113 -0.08567605 -0.6742008  -0.12008551  0.210672  ]
COP(=S)(OC)SCc1nc(N)nc(N)n1,[ 0.01554983  0.72837895 -1.         -0.49855807  0.5721562 ]
CSCCC(OC(C)=O)C(=O)O,[ 0.18138647  0.73921585 -1.         -0.30734017 -0.61053103]
CN(C)S(=O)(=O)N(SC(F)(Cl)Cl)c1ccccc1,[ 0.23900431 -1.         -0.64174175 -0.14832117  0.06415474]
CCCCCCCC(=O)N[C@@H](CCN)C(=O)N[C@H](C(=O)N[C@@H](CCN)C(=O)N[C@H]1CCNC(=O)[C@H]([C@@H](C)O)NC(=O)[C@H](C)NC(=O)[C@H](CCN)NC(=O)[C@H](CC(C)C)NC(=O)[C@@H](Cc2ccccc2)NC(=O)[C@H](CCN)NC1=O)[C@@H](C)O,[ 0.12934217  0.7929419  -1.         -0.27745652 -0.22631608]
COP(=S)(OC)Oc1nc(Cl)c(Cl)cc1Cl,[ 0.46535745  0.673136   -0.85426784 -0.6299236  -0.08551133]
N#CCc1ccccc1,[ 0.25515786  0.68871206 -0.8565728  -0.8972674  -0.06365215]
C=C(OP(=O)(OC)OC)c1ccc(Cl)cc1Cl,[ 0.18376759  0.84364134 -0.8154537  -0.6712678   0.26434532]
COc1ccc(-c2nc3ccc(C4=NNC(=O)CC4C)cc3[nH]2)cc1,[ 0.59602064  0.5779668  -0.5309678  -0.8534625  -0.26863852]
CCCc1nn(C)c2c(=O)[nH]c(-c3cc(S(=O)(=O)N4CCN(C)CC4)ccc3OCC)nc12,[-0.13499409  0.65536195 -0.7272926   0.06486589 -0.39284334]
O=C1NC(c2ccc(Br)cc2)Nc2ccccc21,[ 0.4453805   0.9798982  -0.6845828  -0.46830165 -0.46403578]
NCCCNCCSP(=O)(O)O,[ 0.43640465  0.43237936 -0.9465903  -0.62314355 -0.49154407]
Cc1ncc(CS)c(CO)c1O,[-0.10227912  0.5104296  -0.88114    -0.8195747  -0.11671346]
O=C(O)c1ccccc1C(=O)Nc1cccc2ccccc12,[-0.15075782  0.81068766 -0.6684219  -1.         -0.2569811 ]
Nc1ccc(F)c(F)c1F,[-0.3679328   0.67198455 -0.44198796 -0.99765885  0.7427851 ]
CCOc1cc2ncc(C(N)=O)c(Nc3ccc(F)cc3F)c2cc1N1CCN(C2CC2)CC1,[-0.2695914   0.67032224 -0.92609054 -0.02130958 -0.48400977]
SCCc1cnccn1,[-0.47580445  0.6980688  -0.7812396  -0.76338094  0.3888842 ]
O=NN1CCCCC1,[-0.29861766  0.93019795 -0.84450936 -0.49457344 -0.10788085]
N#CCCOCCC#N,[-0.13976087  0.90543056 -0.87422836 -0.8943555  -0.02182152]
CCC(=O)NC[C@H]1CN(c2ccc(-c3nncs3)c(F)c2)C(=O)O1,[ 0.02671321  0.64759785 -0.86654544 -0.30964306  0.27296644]
O=C(CO)N1CCC(c2[nH]nc(-c3ccc(Cl)cc3F)c2-c2ccncn2)CC1,[ 0.717631    0.7992573  -0.78905153 -0.02632035 -0.3927461 ]
c1ccc2c(c1)CC(N1CCN(c3cccc4c3OCCO4)CC1)C2,[ 0.10430852  0.8583545  -0.8057035  -0.7636025  -0.04422436]
Cc1ccc(NC(=O)c2ccc(Cl)c(C(F)(F)F)c2)cc1C(=O)Nc1cccnc1,[ 0.55618143  0.3423872  -0.5770129  -0.6212492  -0.2820308 ]
CN(C)CCC=C1c2ccccc2CCc2ccccc21,[ 0.04787052  0.7118375  -0.29150212 -0.28633618  0.40379474]
CC(C)(C)c1nnc(NS(=O)(=O)c2ccccc2)s1,[ 0.06381664  0.8400843  -0.70761997 -0.23176017  0.32935524]
C[NH+](C)CCC(c1ccc(Cl)cc1)c1ccccn1,[ 0.43179134  0.8019118  -0.5726716  -1.         -0.06523394]
CC(C)c1cc(Oc2ccccc2)cc(C(C)C)c1NC(=S)NC(C)(C)C,[ 0.18202679  0.81722593 -0.6641603  -0.50837785 -0.15847786]
Cc1ccc(OP(=O)(Oc2ccccc2)Oc2ccccc2)cc1,[ 0.28898916  0.5952951  -0.8866218  -0.03376571  0.137835  ]
CN(c1ccc(F)cc1F)c1c([N+](=O)[O-])cc([N+](=O)[O-])cc1C(F)(F)F,[ 0.10105525  0.2808077  -0.9610236  -0.92749673  0.8206267 ]
C[C@@H](O)[C@H]1C(=O)N2C(C(=O)O)=C(SCCNC=N)C[C@H]12,[ 0.22271526 -0.2696416  -0.5272471  -0.47081134 -0.413989  ]
N#Cc1cccc(C#N)c1,[-0.01317932  0.91913027  0.21826339 -0.9345878  -0.12421706]
C=CCc1cc(OC)c(OC(C)Cc2cc(OC)c(OC)c(OC)c2)c(OC)c1,[ 0.43202227  0.37960815 -0.7096126  -0.90037423 -0.20037434]
COc1ccc2c(O[C@@H]3C[C@H]4C(=O)N[C@]5(C(=O)NS(=O)(=O)C6CC6)C[C@H]5/C=C\CCCCN(C)C(=O)[C@@H]4C3)nc(-c3ccc(F)cc3)nc2c1C,[ 0.44640088  0.7651934  -0.6061417  -0.7766115   0.08686858]
COC(=O)c1cc([N+](=O)[O-])ccc1Cl,[ 0.18989047  0.84771353 -0.7306935  -0.88406575 -0.29670662]
COCCN(C(=O)CCl)c1c(C)cccc1C,[ 0.00106173  0.35574538  0.3012144  -0.5537815   0.26318046]
CN(C)c1ccc(N=Nc2ccccc2)cc1,[-0.07819854  0.85469246 -0.55770576 -0.66601676  0.536919  ]
O=C(Nc1ccccc1-c1ccccc1)OC1CCN(CCCCCCCCCNC[C@H](O)c2ccc(O)c3[nH]c(=O)ccc23)CC1,[-0.2989      0.8648622  -0.8717316  -0.9544857  -0.15639086]
Cc1cc(C)c(C)cc1C,[ 0.45119107  0.9865914  -0.03221615 -0.7606086  -0.08558625]
CCC(C)OC(CBr)c1ccc(Cl)cc1,[-0.71450466  0.63280606 -0.8280148  -0.68159723 -0.3348295 ]
CC(=O)NC(CS)C(=O)[O-],[-0.02047911  0.47677392 -0.6434371  -0.769884    0.29221132]
Nc1nc2c(ncn2COCCO)c(=O)[nH]1,[ 0.36881092 -0.10510182 -0.7883538  -0.10268451  0.40252385]
Nc1nc(O)c2ncn(COCCO)c2n1,[ 0.27390128  0.9485444  -0.62039846 -0.9427758  -0.5182228 ]
C=CC(=O)OCCOC(=O)c1ccc(C(=O)O)cc1C(=O)O,[-0.14574757 -0.25535816  0.11312246 -0.61307555 -0.33786958]
CCNC(=O)C(C)OC(=O)Nc1ccccc1,[ 0.1536904   0.79222214 -0.7916648  -0.75398695  0.07477911]
CC1(C)SC2C(NC(=O)C(C(=O)[O-])c3ccsc3)C(=O)N2C1C(=O)[O-],[ 0.71121     0.7019563  -0.81328714 -0.35414386 -0.1671775 ]
CC(C)Oc1ccc2c(=O)c(-c3ccccc3)coc2c1,[-0.32151672  0.9906911  -0.74668574 -0.63015056  0.08933782]
O=[N+]([O-])c1nccs1,[ 0.04279777  0.74347794 -0.84319955 -1.         -0.5588386 ]
Cc1cc(-c2ccc(Cl)c(C(=O)NCC3(O)CCCCCC3)c2)nn1C[C@H](O)CN,[ 0.32633933  0.5900146  -0.9108597  -0.9710821  -0.48324504]
CNC(=O)c1[nH]cnc1C(=O)Nc1ccc(OC)cc1,[-0.393967    0.8695369  -0.32298526 -0.9065509   0.53264785]
C=CCI,[ 0.39999732  0.01403083 -0.7343299   0.15468763  0.15037242]
OCCN(CCO)CCO,[-0.2931708   0.9684123  -0.96765226 -0.4265026  -0.03245113]
CNC(=O)Oc1ccccc1C1OCCO1,[-0.2464066   0.33921242 -0.47296423 -0.54261667 -0.33199418]
O=C1C(Cc2ccccc2)C(=O)N(c2ccccc2)N1c1ccccc1,[ 0.8571262   0.8407139  -0.6439596  -0.8488082  -0.12121795]
CCOP(=O)(Cl)Cl,[ 0.37941426  0.83771706 -0.79678684 -0.3991776   0.16571856]
NC(=O)[C@H](Cc1ccccc1)NC(=O)OCc1ccccc1,[ 0.28322232  1.         -0.8236071  -0.5955136   0.30815846]
O=C(c1csc2c1CCCC2)N1CCCCC1,[ 0.34549108  1.         -0.6927216  -0.9680426   0.05826408]
Cn1c(C(=O)NC2(C(=O)N[C@H](Cc3ccccc3)C(=O)NCCCN3CCOCC3)CCCC2)cc2ccccc21,[-0.9985202   0.8348129  -0.7060861  -0.57444155 -0.42450452]
CC1=NN(c2ccccc2)C(=O)C1,[-0.46072546  0.9096476  -0.7946116  -0.65380555 -0.33802924]
CN1C[C@@H]2c3ccccc3Oc3ccc(Cl)cc3[C@H]2C1,[-0.1407182   0.594616   -0.69519067 -0.5501326  -0.50253195]
C=CC(=O)OCCOC(=O)CC(C)=O,[ 0.6088377   0.79325444 -0.8190141  -0.6942476  -0.32615888]
CCC(CC)n1nc(C)c(C(=O)N[C@@H](C)C(C)(C)C)c1NS(=O)(=O)c1ccc(C)cc1,[ 0.1341526   0.4649272   0.15363169 -0.4365363  -0.4857868 ]
COc1cc(C=CC(N)=O)ccc1O,[ 0.10865556  0.72678864 -0.90914375 -0.788683   -0.34489927]
OC[C@@H]1CC[C@H](n2cnc3c(O)ncnc32)O1,[ 0.34742656  0.828403   -0.278834   -0.13590351 -0.33694848]
FC(F)(F)c1nc2c(Br)c(Cl)c(Br)cc2[nH]1,[-0.29140037  0.8457079  -0.5731594  -0.607381   -0.02033087]
CC(C)Cn1c(=O)n(C)c(=O)c2c(C(=O)N3CC[C@@H](O)C3)c(Cc3c[nH]c4ccccc34)sc21,[ 0.38723806  0.78930515 -0.88026667 -0.65227735  0.17579481]
Cc1nccc(-c2ccc(-c3nc4ccncc4c(O)c3C#N)cc2)c1Cl,[ 0.30280545  0.7396542  -0.20559955 -0.8000759   0.23901209]
CCCc1nnc(CSP(=S)(OCC)OCC)o1,[ 0.48630893  0.9146733  -0.6455248  -0.21605161 -0.32080194]
Cc1cnc(C)cn1,[ 0.36987883 -0.6111374  -0.915206   -0.9070542   0.38673106]
CN(C)Cc1cc(CN(C)C)c(O)c(CN(C)C)c1,[ 0.1713277   0.8133568  -0.5457038  -0.8215652   0.06964463]
NCCCCN,[ 0.48008692  0.80280435 -0.81953996 -0.58371127  0.33277127]
CNc1c(Br)cnc2[nH]c(-c3ccc(S(C)(=O)=O)cc3)nc12,[-0.03085148  0.6030692  -0.48776567  0.58788604 -0.21603729]
C=COC(=O)CCCCCCC,[-0.66673     0.65811765 -0.69632137 -0.5152334   0.07229315]
O=C(CCCCCCC(=O)Nc1ccccc1)NO,[ 0.0247352   0.6454528  -0.92928725 -1.         -0.11784818]
CSCCNc1nc(SCCC(F)(F)F)nc2c1ncn2C1OC(COP(=O)([O-])OP(=O)([O-])C(Cl)(Cl)P(=O)([O-])[O-])C(O)C1O,[-0.11055847  0.8279857  -0.5775885  -0.47354499 -0.0351713 ]
CCOP(=S)(OCC)Oc1cc(C)n(CC)c(=O)c1,[ 0.14983566  0.82990813 -0.72686684 -0.72325593 -0.35087398]
CNC(=N)c1cccc(CC(CC(=O)N2CCC(C)CC2)NS(=O)(=O)c2ccc3ccccc3c2)c1,"[-2.8503793e-01  3.4140066e-05 -5.1798195e-01  4.9165514e-01
  4.3096286e-01]"
CCN(CC)N=Nc1ccccc1,[ 0.4894526  -0.02935947 -0.7395761  -0.45249227  0.09434339]
N=C(N)N[N+](=O)[O-],[ 0.00504308  0.77066004 -0.68180805 -0.44024408  0.3175995 ]
CC(C(O)c1ccc(O)cc1)[NH+]1CCC(O)(c2ccccc2)CC1,[-0.23655653  0.46076313 -0.9576063  -0.6719194  -0.14012799]
O=P(O)(O)C(O)(Cn1ccnc1)P(=O)(O)O,[ 0.10132892  0.81458664 -0.93070644 -0.6642274   0.63439536]
Cc1cnc(C(=O)c2ncnc3[nH]ccc23)c(NS(=O)(=O)c2ccc(Cl)c(C(F)(F)F)c2)c1,[-0.6891351   0.90164673 -0.71796846 -0.66052693  0.19163261]
CC(C)(C)c1cc([N+](=O)[O-])cc([N+](=O)[O-])c1O,[ 0.45251414  0.4763965  -0.92768556 -0.5083903  -0.4071854 ]
CC(C)(C)NCCC(O)c1cc(C(F)(F)F)nc2c(C(F)(F)F)cccc12,[ 0.30545786  0.6836895  -0.75470376 -0.68739384  0.63471615]
CC(C)NC(=O)c1cnc(N2CCC(N3C(=O)OCc4ccccc43)CC2)c(Cl)c1,[-0.21419306  0.9782328  -0.7633539  -0.6625783  -0.46423966]
O=Cc1cccc2ccccc12,[-0.13200392 -0.48363474 -0.39468786 -1.          0.11091305]
CC(C)=CCl,[ 0.239426    1.         -0.94872916 -0.38164905  0.68605137]
CCC(C)CCCCC(=O)NC(CCN)C(=O)NC(C(=O)NC(CCN)C(=O)NC1CCNC(=O)C(C(C)O)NC(=O)C(CCN)NC(=O)C(CCN)NC(=O)C(C(C)O)NC(=O)C(CC(C)C)NC(=O)C(CCN)NC1=O)C(C)O,[ 0.42538697  0.89199907 -0.8312975  -0.7001488  -0.04199129]
O=c1cc(N2CCOCC2)nc2n(Cc3cccc(Cl)c3Cl)ccn12,[ 0.15581511  0.6029219  -0.21188857 -0.10443035 -0.18646723]
Cc1nn(C)c(Oc2ccccc2)c1C=NOCc1ccc(C(=O)OC(C)(C)C)cc1,[ 0.10145091 -0.88338286 -0.7431791  -0.5652766   0.35790884]
CC(=O)O[C@H]1C[C@]2(O)[C@H]3CC[C@H]4C[C@H](O[C@H]5C[C@@H](O)[C@@H](O[C@H]6C[C@@H](O)[C@@H](O[C@H]7C[C@@H](O)[C@@H](O)[C@H](C)O7)[C@H](C)O6)[C@H](C)O5)CC[C@@]4(C)[C@H]3CC[C@]2(C)[C@H]1C1=CC(=O)OC1,[ 0.21422583  0.7363693  -0.6385522  -0.7576036   0.5679072 ]
C[C@@](N)(Cc1ccc(O)c(O)c1)C(=O)O,[ 0.08573703  0.68268335 -0.51066995 -0.82789606 -0.15952134]
CCOc1ccc([C@@H](C)Nc2nc(N3CCN(C(C)=O)CC3)nc3c2CN(C(C)C)C3=O)cc1,[-0.05838139  0.10968659 -0.58188397 -0.5259456  -0.7470255 ]
O=C(O)COc1ccc(Cl)cc1CN1CCN(S(=O)(=O)Cc2ccccc2)CC1,[ 0.22486402  0.6737496  -0.5852097  -0.5458698  -0.665629  ]
O=c1[nH]c2ccccc2n1CCCN1CCN(C(c2ccccc2)c2ccccc2)CC1,[ 0.25318584  0.74281996  0.36601427 -0.63004863  0.25981396]
C1CCC2CCCCC2C1,[ 0.28219554  0.6646916  -0.78429717 -0.8315793   0.15791562]
CC(c1ccccn1)c1c(CC[NH+](C)[14CH3])sc2ccccc12,[-0.423388    0.6863327   0.7054805  -0.17981698  0.40631777]
COC(=O)Cc1ccccc1,[-0.5147942  0.3187955 -0.8665252 -0.7226789 -0.0559012]
Clc1ccc(C2(Cn3cncn3)OCCO2)c(Cl)c1,[-0.4205348   0.4311044  -0.15562023 -0.40045205  0.10526679]
C[C@@H](N/C(=N\c1ccncc1)NC#N)C(C)(C)C,[-0.09464457  0.82884175 -0.8923104  -0.9305967  -0.57009315]
CN(SSC(C)(C)C)C(=O)ON=C1SCCS1,[ 0.4176859   0.5806708  -0.53153646  0.41151267  0.21801144]
CC(C)C1NC(=O)c2ccccc2O1,[ 0.14029084  0.8658468  -0.77901137 -0.8830578  -0.11598784]
COc1ccc(CC(C)=O)cc1,[ 0.16609932  0.2759569  -0.41674834 -0.6308949   0.2681821 ]
Cc1ccc2c(c1)c(Sc1cccc(Cl)c1)c(C)n2CC(=O)O,[-0.2825468   0.6653802  -0.8974345  -0.7496262  -0.10826668]
C=CC(=O)OC1CC2CCC1C2,[-0.3892498  -0.40641546 -0.6662641  -0.6426482  -0.08669808]
CN(C)N=Nc1ccc(I)cc1,[-0.19824785 -0.5154414  -0.71251065 -0.8917545  -0.25340036]
Cc1c(Cl)c([N+](=O)[O-])c2[nH]c(C(F)(F)F)nc2c1[N+](=O)[O-],[-0.00171608  0.4096309  -0.33508822 -1.         -0.04690715]
COP(=S)(OC)SC(CBr)N1C(=O)c2ccccc2C1=O,[ 0.03749531  0.89239454  0.33970517 -0.517491    0.10482549]
C1=CC2C=CC1C2,[-0.07434463  0.95641065 -1.         -0.6573239   0.4153295 ]
Nc1ncc2cc(-c3c(Br)cccc3Br)c(N)nc2n1,[ 0.37142232  0.7572985  -0.6324047  -0.47973317 -0.16081263]
CC(C=O)=Cc1ccco1,[ 0.20750463  0.9121161  -0.88199055 -0.9105435   0.82421726]
CCOc1nc(C(Cl)(Cl)Cl)ns1,[-0.22297984  0.75055915 -0.66130215 -0.66982996  0.8282619 ]
SCc1ccccc1,[ 0.30718657  0.5501411  -0.73297626 -0.9407223   0.38012645]
CC(=O)SCC(=O)Nc1nc2ccccc2s1,[-0.20767957  0.93588567 -0.5606054  -0.7775984  -0.27040932]
CC(C(=O)O[C@@H]1CC[N+](C)(C)C1)(c1ccccc1)C1CCCC1,[ 0.27006522 -0.8997898  -1.         -1.         -0.02153984]
COP(=S)(OC)Oc1cc(Cl)c(Cl)cc1Cl,[ 0.22307906  0.9971943  -0.69710594 -0.6893638  -0.37810263]
OCC(O)CO,[ 0.03679944  1.         -1.         -0.488148   -0.8339381 ]
NC(=[NH2+])NCCCCC1NC(=O)CCSSCC(C(N)=O)NC(=O)C2CCCN2C(=O)C(Cc2c[nH]c3ccccc23)NC(=O)C(CC(=O)[O-])NC(=O)CNC1=O,[ 0.33957815  0.83447754  0.7757331  -0.32176012 -0.29174924]
CCCCC(C)(C)CO,[ 0.20935482  1.         -0.8780289  -0.44141364  0.3486055 ]
Cc1ccc(N=C=O)cc1,[ 0.3880209   0.8062065  -0.6859407  -0.17045611  0.3304299 ]
C=C(C)C(=O)OC=C(C)C,[ 0.37183315 -0.8519106  -0.7018663  -1.         -0.39392874]
C=CC(C)CCCC(C)(C)O,[ 0.2727384  0.5671855 -0.3282283 -0.5369764 -0.1281248]
CCC(=O)CC,[-0.1143958  0.7381825 -0.9992573 -0.6756743 -0.1942063]
COC(=O)C(C(C)=O)C(C)=O,[-0.09006766  0.15931739 -0.69556636 -0.8849247  -0.00601227]
CC(=O)OC(C(=O)NC(N)=O)c1ccccc1,[ 0.5603541   0.4000389  -0.7789088   0.46970114  0.6306336 ]
CN(C)C(=O)Nc1ccc(Cl)cc1,[ 0.5226314   0.9605437  -0.526609   -0.91313696 -0.3212845 ]
CCCCOP(=O)(O)OCCCC,[ 0.46495485 -0.655365   -0.885242   -1.         -0.20322332]
CCOP(=S)(OCC)OC(=CCl)c1ccc(Cl)cc1Cl,[ 0.5228628   0.01926714 -0.58292335  0.26907524  0.83207875]
CC(C)c1cccc(C(C)C)c1O,[ 0.42374715 -0.8065787  -0.38705075 -0.43814495  0.15562126]
O=S(=O)(O)c1ccc2cc(Nc3cccc4c(O)c(S(=O)(=O)O)ccc34)ccc2c1O,[ 0.17984204 -0.82301724 -0.5434752  -0.13790898  0.17454283]
C=CC[N+]1([C@H]2C[C@H]3[C@@H]4CC[C@H]5C[C@H](O)[C@@H](N6CCOCC6)C[C@]5(C)[C@H]4CC[C@]3(C)[C@H]2OC(C)=O)CCCC1,[-0.42177236  0.5855992  -0.841987   -0.7870474   0.00186737]
CCNC(=O)CSP(=S)(OC)OC,[ 0.34160185  0.91317755 -0.57705754 -0.73928404 -0.01239668]
CC(C)NCC(O)COc1cccc2ccccc12,[ 0.38514405  0.7478059  -0.864359   -0.7568966  -0.50982445]
CCN1C(=O)C=CC1=O,[ 0.06175401  0.5727703  -0.53887314 -0.6965817   0.10620606]
CC(=O)OO,[-0.34872407  0.78592753 -0.27536857 -0.82934237  0.15317638]
Cc1cc(-n2cccc2)c(S(C)(=O)=O)cc1C(=O)NC(=N)N,[ 0.41578522  0.79354227 -0.6945677   0.2898959  -0.13591881]
Cc1ccc(S(=O)(=O)N(C)C(=O)N2CCC(N3CCC(Oc4ccc(Cl)c(Cl)c4)CC3)CC2)cc1,[ 0.16627596 -0.6756546  -1.         -0.5310251   0.1299666 ]
C[C@H](CO)Nc1nc(SCc2ccccc2F)nc2[nH]c(=O)sc12,[ 0.06217264  0.6987128  -1.          0.26108375  0.10007524]
Cc1c(OCC(F)(F)F)ccnc1CS(=O)c1nc2ccccc2[nH]1,[ 0.34932742  1.         -0.6672517  -1.         -0.4320918 ]
CC(=O)C1(O)Cc2c(O)c3c(c(O)c2C(OC2CC(N4CC4)C(OS(C)(=O)=O)C(C)O2)C1)C(=O)c1ccccc1C3=O,[ 0.47619975  0.878789   -0.5453187  -0.58590895 -0.32555136]
C(=NC1CCCCC1)=NC1CCCCC1,[-0.02456302  0.89825046 -0.7184159  -0.784315   -0.29346606]
O=C(O)COc1ccc(C(=O)CN2CCN(C3CCNCC3)CC2=O)cc1,[ 0.7160094   0.7713962  -0.8113562  -0.49636164 -0.44172972]
Nc1cc[n+]([O-])cc1,[ 0.1384188   1.         -0.72925115 -1.          0.91144365]
CCOC(=O)C(CCc1ccccc1)NC(C)C(=O)N1C(C(=O)[O-])CC2CCCCC21,[ 0.2734125   0.7993281   0.31953007 -0.12249566 -0.24036974]
CC1CCC(C(C)C)C(O)C1,[-0.09652556  0.85120666 -0.78342843 -0.57158935 -0.5901816 ]
CN(C)c1ccc(O)c2c1CC1CC3C([NH+](C)C)C([O-])=C(C(N)=O)C(=O)C3(O)C(O)=C1C2=O,[ 0.3987701   0.529326   -0.78826827 -0.54492664  0.6678061 ]
CCCCCCCCCCCCCCCCCC(=O)Cl,[ 0.48843163  0.7992571  -0.7441389  -0.79799926  0.01327068]
CCCSP(C)(=S)Oc1ccccc1,[ 0.47943273  0.6332476  -0.5869059  -0.807666   -0.12880237]
Nc1nc2c(Cc3cccnc3)c[nH]c2c(=O)[nH]1,[-0.05575278  0.95269006 -0.35943294 -1.          0.10487113]
CC(=O)CCC(C)=O,[ 0.14225991  0.71766686 -0.6061691  -0.7353635  -0.47715876]
CC(C)(C)c1ccc2c(c1)C(C)(C)CC2,[-0.14674681  0.23993008 -0.82669044  0.5645604   0.10245181]
c1ccc(COCc2ccccc2)cc1,[-0.01384038  0.99135834 -0.8415282  -0.44621563 -0.35201865]
CCCCOP(=O)(OCCCC)Oc1ccccc1,[ 0.07980283  0.83851784 -0.87630343 -0.90641713  0.8574954 ]
BrC12CC3CC(CC(C3)C1)C2,[-0.40965277  0.80130726 -0.9408962  -0.93334675 -0.07294138]
COC(C)C=O,[-0.6818571   0.83583456 -0.92988    -0.9217124   0.15505348]
CCCCCC(=O)O,[ 0.48517078  0.6604376  -0.78967357 -0.57378954 -0.1208728 ]
C=CCc1ccccc1OCC(O)C[NH2+]C(C)C,[ 0.26411816  0.37989092 -1.         -0.39166492 -0.37616435]
CCC(C(=O)O)c1ccc(CC(C)C)cc1,[ 0.13133915  0.8716443  -0.9989886  -0.87557805 -0.27487242]
C=CC(=O)OCCCCCCOC(=O)C=C,[ 0.14458261  0.05322959 -0.47311077 -0.82040185 -0.28778926]
CCC(=O)O,[-0.04868827 -0.78294003 -0.05592631 -0.87312716  0.02938356]
O=[N+]([O-])c1ccc(Nc2ccccc2)c(S(=O)(=O)O)c1,[ 0.05450561 -0.05802035 -1.         -0.94952345  0.32253507]
OCCCCC(O)CO,[ 0.16798352  0.6454438  -0.7660475  -0.7313114  -0.34572503]
Cc1ccc(CO)cc1N(C)c1ccnc(Nc2cc(N3CCCOCC3)cc(N3CCOCC3)c2)n1,[ 0.7154436   0.8671386  -0.80614364 -0.9568167  -0.02075358]
CNCC(O)c1cccc(O)c1,[-0.22129652  0.73447895  0.16309    -0.97874415 -0.4727033 ]
Clc1nc(Cl)nc(Cl)n1,[ 0.07382988  0.4979232  -0.9158183  -0.49288553  0.7314949 ]
ClCC1C(CCl)C2(Cl)C(Cl)=C(Cl)C1(Cl)C2(Cl)Cl,[ 0.28905654  0.79897594 -0.9333346  -0.56939816 -0.17306267]
COP(=O)(SC(C)C)SC(C)C,[-0.5427857   0.7642038  -0.02590979  0.1625639  -0.37403178]
O=C(O)CCC(=O)c1ccc(-c2ccccc2)cc1,[-0.01622166  0.54775614 -0.5386237   0.48380533 -0.36151943]
C[C@@H]1NC(=O)[C@H](C)N(C)C(=O)[C@@H](C)NC(=O)[C@H](C)N(C)C(=O)[C@@H](C)N(C)C(=O)[C@@H](C)NC1=O,[ 0.10268582  0.33793667 -0.86938703 -0.74075085 -0.45727915]
CC(NC(C)c1ccccc1)c1ccccc1,[-0.10357795  0.68144995 -0.03639193 -0.63531166 -0.45346594]
CCCN(CCC)CCCCCCCCNC(=O)Oc1ccc2c(c1)C1(C)CCN(C)C1N2C,[-0.3676214   0.769513    0.18082523 -0.10330364 -0.36770138]
C=CC(=O)N1CN(C(=O)C=C)CN(C(=O)C=C)C1,[ 0.30468902  0.14537147 -0.7992366  -0.57034355 -0.03763524]
CC(C)C(O)(c1ccc(OC(F)(F)F)cc1)c1cncnc1,[-0.10395883  0.55318457 -0.66367215 -0.9460236   0.08435304]
COc1ccc(C(=O)Nc2ccccc2CCC2CCCCN2C)cc1,[ 0.49867016  0.62844497 -0.3176427  -1.         -0.25592822]
O=Cc1ccc(O)cc1,[ 0.27315015  0.5509853  -0.5119181  -0.95345557 -0.1372629 ]
CCC(C(=O)N1CCCCC1C(=O)OC(CCc1ccc(OC)c(OC)c1)c1cccc(OCC(=O)NCCNC(=O)COc2cccc(C(CCc3ccc(OC)c(OC)c3)OC(=O)C3CCCCN3C(=O)C(CC)c3cc(OC)c(OC)c(OC)c3)c2)c1)c1cc(OC)c(OC)c(OC)c1,[ 0.0439831  -0.75873065 -0.64115167  0.05994077 -0.27142558]
COP(=O)(OC)SC(CC(=O)OC(C)C)C(=O)OC(C)C,[ 0.24402788  0.8867676  -0.72630745 -0.49920708  0.10965452]
CCCCC(CC)OCCOCCO,[ 0.2354803   0.8797224  -0.9166844  -0.71923715  0.08265886]
O=C(O)c1nn(Cc2ccc(Cl)cc2Cl)c2ccccc12,[ 0.8414956   0.70577866 -0.66223663 -0.37498203 -0.35649726]
C[C@@H]1NC(=O)[C@@H](C)N(C)C(=O)[C@@H](C)N(C)C(=O)[C@H](C)NC(=O)[C@H](C)N(C)C(=O)[C@@H](C)N(C)C1=O,[ 0.22463962  0.13204084 -0.733959    0.26658246  0.04457458]
C[C@@H]1CN(Cc2ccc(F)cc2)CCN1C(=O)COc1ccc(Cl)cc1NC(N)=O,[ 0.28220072  0.28827742  0.17896749 -0.9416348   0.66038233]
C=CC(=O)OCCc1ccc(CC)cn1,[-0.03447817  0.9433431  -0.708273   -0.48961878 -0.0238393 ]
COc1cc(C=CC(=S)N2CCOCC2)cc(OC)c1OC,[-0.45208293 -0.3676528  -0.5199449  -0.44368425 -0.2184083 ]
CCN[C@@H]1C[C@H](N)[C@@H](O[C@H]2OC(CN)=CC[C@H]2N)[C@H](O)[C@H]1O[C@H]1OC[C@](C)(O)[C@H](NC)[C@H]1O,[ 0.25287953  0.8051387  -0.6767643  -1.          0.21411307]
Cc1ccc2c(c1)c(-c1ccnc3c(C)cccc13)c(C)n2CC(=O)O,[-0.04330194  0.86836755 -0.5674886  -1.         -0.44939637]
Cc1cc(Nc2nc(N[C@@H](C)c3ccc(F)cc3)ncc2Cl)n[nH]1,[ 0.28268737  0.6828912  -0.60151756 -0.803411   -0.762108  ]
COP(=S)(OC)SCC(=O)N1CCOCC1,[ 0.3301478   0.6942693  -0.51335824  0.11131159  0.13190216]
Cc1ccc(C(=O)N(CCCN)[C@@H](c2nc3cc(Cl)ccc3c(=O)n2Cc2ccccc2)C(C)C)cc1,[ 0.62508947  1.          0.6866073  -0.5835077  -0.18189839]
Cc1cncc(C)n1,[-0.43308017 -0.38490713 -0.5394803  -0.7502762  -0.3458898 ]
CC(C)=CC1C(C(=O)OC(C#N)c2cccc(Oc3ccccc3)c2)C1(C)C,[ 0.06648857  0.4291843  -0.7966117  -0.20359243  0.5753576 ]
OCCOCCCl,[ 0.13202763  0.85438365 -0.8832988  -0.8048926  -0.05385889]
C=C(CC(=O)c1ccc(-c2ccccc2Cl)cc1)C(=O)O,[-0.03517716  0.77362365 -0.87898815 -0.5795287   0.38549885]
NC(=O)c1cnc(N[C@@H]2CCCC[C@@H]2N)nc1Nc1cccc(-n2nccn2)c1,[-0.5580747   0.83051336 -0.63572264 -0.93086344  0.18348655]
COc1ccccc1NC(=O)CC(C)=O,[-0.73924303  0.7784211  -0.8819678  -0.63317686  0.2766792 ]
CC(C)Oc1cc(-n2cnc3ccc(N[C@@H](CO)c4ccc(F)cn4)nc32)n[nH]1,[-0.21261178  0.6438822  -0.5835003  -0.7685055  -0.2471786 ]
CNC(=O)Nc1nnc(C(C)(C)C)s1,[ 0.14852285  0.959002   -0.88793844 -0.687368   -0.03117764]
CN(C)C(Cc1ccccc1)c1ccccc1,[ 0.23564345  0.707799   -0.7794088  -0.8320074  -0.05886548]
Nc1nc(O)c(Cl)c(-c2ccccc2)n1,[ 0.32324424  0.2123102  -0.9079183  -0.9036806  -0.1766349 ]
C[N+](C)(Cc1ccc(NC(=O)c2ccc(Cl)c(Cl)c2)cc1)C1CCOCC1,[-0.6044762   0.36324972 -0.65541244 -0.77393645 -0.04653959]
CCCCCCN,[ 0.19353624  1.         -0.16410717 -0.85547864  0.12217727]
C[C@@H]1O[C@@H](O[C@@H]2[C@@H](O)[C@H](OCCc3ccc(O)c(O)c3)O[C@H](CO[C@@H]3O[C@H](CO)[C@@H](O)[C@H](O)[C@H]3O)[C@H]2OC(=O)/C=C/c2ccc(O)c(O)c2)[C@H](O)[C@H](O)[C@H]1O,[-0.31196216  0.90679765 -0.78995275 -0.6150438   0.20480613]
CCN(CC)CCNC(=O)c1cc(Br)c(N)cc1OC,[ 0.00346726  0.9136505  -0.70810765 -1.          0.17383337]
CN(C)N=Nc1nc[nH]c1C(N)=O,[ 0.1150775   0.14999352 -0.6672826   0.03602916  0.14836162]
C[C@H](Cn1cnc2c(N)ncnc21)OCP(=O)(O)O,[ 0.29839492 -0.34008384 -0.72686255 -0.60488176 -0.11003491]
Nc1ccc(O)c([N+](=O)[O-])c1,[-0.3767651  -0.52760863 -0.81440336 -0.6226886  -0.18293288]
CC(C)CN,[ 0.23196715  0.9795823  -1.         -0.5637731  -0.21960874]
Cc1cnc(NCCCN(C)C)c2c1[nH]c1ccc3cc(O)ccc3c12,[ 0.00189447  0.86178476  0.37540135 -0.59493893  0.24229178]
CO/N=C(\C(=O)N[C@@H]1C(=O)N2C(C(=O)O)=CCS[C@H]12)c1csc(N)n1,[ 0.5038381   0.88673174 -0.880639   -0.77021116  0.23531942]
CCCOP(=O)(SCCC)SCCC,[-0.24209267  0.69597507 -0.35031843 -0.8727601  -0.22199257]
C[C@@H]1NC(=O)[C@@H](C)NC(=O)[C@H](C)N(C)C(=O)[C@@H](C)N(C)C(=O)[C@@H](C)NC(=O)[C@H](C)N(C)C1=O,[-0.17879714 -0.27453086 -0.69030607 -0.7851561   0.40009564]
COc1ccc([N+](=O)[O-])cc1N,[ 0.23105234  0.8871274  -1.         -0.91901     0.45693478]
CN(C)NC(=O)CCC(=O)O,[-0.10061275  0.26475275 -0.6628085  -0.7614364  -0.04376366]
CN(CCCl)CCCl,[ 0.24229361  0.83546615 -0.69266427 -0.9102552   0.1114399 ]
CCCCN(CCCC)SN(C)C(=O)ON=CC(C)(C)SC,[ 0.41226378  0.75177765 -1.         -0.7392005  -0.36301172]
OC1(c2ccc(Cl)c(C(F)(F)F)c2)CCN(CCCC(c2ccc(F)cc2)c2ccc(F)cc2)CC1,[-0.18650608 -0.2643202  -1.         -0.7941845   0.3043691 ]
Nc1c(CC(=O)[O-])cccc1C(=O)c1ccc(Br)cc1,[ 0.23299512  0.6995176  -1.         -1.          0.52478486]
C1COCCOCCNCCOCCOCCN1,[ 0.4489825   0.78671217 -0.8957888  -0.6962233   0.05556976]
CC(C)c1cccc(OC(=O)N(C)C)c1,[ 0.43790072  0.34850344 -0.8233542   0.59303063 -0.06596874]
ClCc1cccc2ccccc12,[ 0.07220908  0.9094406  -0.92205167 -0.59736437 -0.04063618]
CCCOC(=O)c1ccc(C(=O)OCCC)nc1,[ 0.21282272 -0.28721803 -0.5616661  -0.6998446   0.30808744]
CCOP(=O)(OCC)Oc1nc(Cl)c(Cl)cc1Cl,[ 0.09377039 -0.07588132 -0.6363674  -0.9827808  -0.2731022 ]
CCC[C@@H](c1ccc(C(=O)O)c(Oc2cccc(Cl)c2)c1)N1CCC[C@H](n2cc(C)c(=O)[nH]c2=O)C1,[ 0.19554105  0.74273074 -0.7054652  -0.57070166 -0.12762712]
C[C@@H]1NC(=O)[C@H](C)N(C)C(=O)[C@@H](C)N(C)C(=O)[C@H](C)NC(=O)[C@@H](C)NC(=O)[C@@H](C)N(C)C1=O,[ 0.1940816   0.9719434  -1.         -0.6998727   0.07033857]
O=C(OCC(COC(=O)c1ccccc1)(COC(=O)c1ccccc1)COC(=O)c1ccccc1)c1ccccc1,[ 0.20442699 -0.8178555  -0.70827866 -0.40096456 -0.1220184 ]
O=[N+]([O-])c1cc(Cl)c(N=Nc2ccc(N3CCS(=O)(=O)CC3)cc2)c(Cl)c1,[ 0.12058188  0.71392304  0.22905436 -0.6849261  -0.290049  ]
c1cc2c(c(N3CC[NH2+]CC3)c1)OCCO2,[ 0.45492372  0.48544773 -0.0602474  -0.21448733 -0.18311402]
O=C(O)[C@@H](c1ccccc1)N1CCC(CN2CCC(Oc3ccc(Cl)c(Cl)c3)CC2)CC1,[ 0.60278684  0.7942705  -0.75194824 -0.04104036 -0.33092687]
O=C(Cl)CCl,[ 0.45369062  0.6861574  -0.18880443 -0.6880392  -0.126114  ]
Nc1nc2ccc(OC(F)(F)F)cc2s1,[-0.86067516  0.80147195 -1.         -0.03479429 -0.32781887]
CO/N=C(\C(=O)N[C@@H]1C(=O)N2C(C(=O)O)=C(COC(C)=O)CS[C@H]12)c1csc(N)n1,[ 0.33282083  0.91252875 -0.5201411  -0.49482125  0.23210888]
CNc1c(C(N)=O)cnc2[nH]c(-c3ccc(OCCN4CCOCC4)cc3)nc12,[-0.07812162  0.55722433 -0.7185803  -0.63950485 -0.45777506]
NS(=O)(=O)c1cc2c(cc1Cl)NC(C(Cl)Cl)NS2(=O)=O,[ 0.4678699   0.3953368  -0.503832   -0.5875972  -0.18392059]
COC(=O)C1=C(C)NC(C)=C(C(=O)OCCN(C)Cc2ccccc2)C1c1cccc([N+](=O)[O-])c1,[ 0.12301465  0.91105735 -0.712228   -0.8043566   0.2917782 ]
CS(=O)(=O)c1ccc(C(O)C(COC(=O)C[NH3+])NC(=O)C(Cl)Cl)cc1,[ 0.35293895  0.83839196 -0.92065364 -0.7249177   0.22983904]
CNC(=O)c1[nH]cnc1C(=O)Nc1ccc(Cl)cc1,[ 0.17909232  0.71824974 -0.6070714  -0.62661463 -0.50776696]
CCCSP(C)(=S)Oc1ccc(Cl)cc1Cl,[ 0.50055057  0.8851137  -0.25292662 -0.78203034 -0.45216537]
Nc1ccn([C@@H]2O[C@H](CO)[C@@H](O)C2(F)F)c(=O)n1,[ 0.07952277  0.88991815 -0.78362364 -0.6130962   0.4983006 ]
COP(=S)(OC)SCc1nnc(C(C)C)o1,[-0.26495892  0.9538218  -1.         -0.7427924   0.22952017]
O=[N+]([O-])c1ccc(C=NNC(=S)N2CCCC2)o1,[-0.15885983  0.8102278  -0.48911572 -0.8971658  -0.5281518 ]
CCN(CC)c1c([N+](=O)[O-])cc(C(F)(F)F)c(N)c1[N+](=O)[O-],[ 0.3689825   0.7033725  -0.7064052  -0.6081381  -0.19679412]
CC(C)NCC(O)COc1ccc(COCCOC(C)C)cc1,[-0.73317355  0.8435569  -0.63265    -0.66759074  0.16191278]
S=c1[nH]cnc2nc[nH]c12,[-0.16960615  0.697116   -0.9946208  -0.9166021  -0.19957939]
COCCOC(=O)CC#N,[ 0.19898625  0.8232639  -0.64509875 -0.81242836  0.04702871]
CC1CCCCN1N=O,[ 0.22749731  1.         -0.74409044 -0.74029535 -0.1475836 ]
O=C(NC1CC1)c1cc(-c2cccs2)on1,[-0.48309374  0.87750906 -0.8524637  -0.5589031  -0.12446077]
CCCCCc1ccccc1O,[ 0.56834316  1.         -0.4634666  -0.73407054 -0.22167808]
CCC(=O)NCCC1CCc2ccc3c(c21)CCO3,[ 0.07743595 -0.18220244 -0.83031756 -0.7174906  -0.24413687]
CN(CC=CC#CC(C)(C)C)Cc1cccc2ccccc12,[-0.35225034  0.9620879  -0.79141104 -0.78051704 -0.13751753]
CC(C)(C)NC(=O)C1CC2CCCCC2CN1CC(O)C(Cc1ccccc1)NC(=O)C(CC(N)=O)NC(=O)c1ccc2ccccc2n1,[ 0.3160536   0.7849004  -0.45743242 -0.08705866  0.40700647]
C=CCc1cc(OC)c2c(c1)OCO2,[ 0.43516     0.9080532  -0.6132429  -0.22539574  0.6054702 ]
Cc1c(OC2CCN(CC3CCN([C@@](C)(Cc4ccc(F)cc4)C(=O)O)CC3)CC2)ccc(Cl)c1Cl,[ 0.6072308  -0.02728697 -0.7326697  -0.22085683  0.02653338]
O=C(CCC(=O)OC1CCCCC1)OC1CCCCC1,[-0.28444454  0.25377542 -0.35251054 -0.33914515 -0.2148409 ]
COP(=S)(Cl)OC,[ 0.40187117  0.79491013 -0.8290394  -0.6093267  -0.28491363]
CCC[NH+]1CCCCC1C(=O)Nc1c(C)cccc1C,[ 0.12028217  0.38211104 -0.833375   -0.67783046  0.22501402]
C=C(Cl)C#N,[-0.15294898  0.8920389  -0.9105336   0.11005694 -0.24992941]
COc1ccc2ncc(=O)n(CCN3CC[C@@H](NCc4cc5c(cn4)OCCO5)[C@H](O)C3)c2c1,[ 0.20958234  0.8398021  -0.73912066 -0.9060982   0.1833444 ]
CC1(C)C2CC=C(CCO)C1C2,[ 0.01939095  0.6451433  -0.6357914  -0.63254327  0.14543526]
O=C(NCC12CC3CC(CC(C3)C1)C2)c1cc(-n2ncc(=O)[nH]c2=O)ccc1Cl,[ 0.13896921  0.53865063 -0.5821429  -0.5487523  -0.48345706]
CC[C@H](C)[C@H](NC(=O)[C@H](CCC(=O)[O-])NC(=O)[C@H](CCC(=O)[O-])NC(=O)[C@H](Cc1ccccc1)NC(=O)[C@H](CC(=O)[O-])NC(=O)CNC(=O)[C@H](CC(N)=O)NC(=O)CNC(=O)CNC(=O)CNC(=O)CNC(=O)[C@@H]1CCCN1C(=O)[C@H](CCCNC(N)=[NH2+])NC(=O)[C@@H]1CCCN1C(=O)[C@H]([NH3+])Cc1ccccc1)C(=O)N1CCC[C@H]1C(=O)N[C@@H](CCC(=O)[O-])C(=O)N[C@@H](CCC(=O)[O-])C(=O)N[C@@H](Cc1ccc(O)cc1)C(=O)N[C@@H](CC(C)C)C(=O)[O-],[-0.12288425  0.26099113 -0.554113   -0.7365606  -0.14064719]
C[C@H](CO)Nc1nc(SCc2cccc(F)c2F)nc2[nH]c(=O)cnc12,[ 0.33070856  1.         -0.66285074 -0.79635173 -0.27934125]
FC(F)(F)c1nc2c(Cl)c(Cl)cc(Cl)c2[nH]1,[ 0.14865033  0.44889027 -0.80790985 -0.7365874  -0.10849769]
CSC(C)=NOC(=O)N(C)SN(C)C(=O)Oc1ccc(OC(=O)N(C)SN(C)C(=O)ON=C(C)SC)cc1,[ 0.20195782  0.9584793  -0.97574747 -0.78322875  0.10453803]
Fc1cc(-c2cccc3ncc(-c4cnn(C5CCNCC5)c4)nc23)cc(F)c1CN1CCOCC1,[ 0.2854532   0.6542739  -0.44782278  0.01449806  0.04785642]
CN[C@H](CC(C)C)C(=O)N[C@H]1C(=O)N[C@@H](CC(N)=O)C(=O)N[C@H]2C(=O)N[C@H]3C(=O)N[C@H](C(=O)N[C@H](C(=O)O)c4cc(O)cc(O)c4-c4cc3ccc4O)[C@H](O)c3ccc(c(Cl)c3)Oc3cc2cc(c3O[C@@H]2O[C@H](CO)[C@@H](O)[C@H](O)[C@H]2O[C@H]2C[C@](C)(N)[C@H](O)[C@H](C)O2)Oc2ccc(cc2Cl)[C@H]1O,[ 0.29448435  0.7509427  -0.6764115  -0.45479637  0.2075557 ]
CC(CC(=O)OC(C)(C)C)NC(=O)C1=NOC(C(O)(C(F)(F)F)C(F)(F)F)C1,[ 0.05071991  0.81966454 -0.52704144 -1.          0.53075624]
CCC(O)CO,[ 0.07129338  0.63945955 -0.79804146 -0.5826958  -0.1828025 ]
CC(=O)Oc1cccc(Oc2ccc(C(F)(F)F)cc2Cl)c1,[ 0.5282982   0.92046744 -0.65837735 -0.62322074 -0.03118156]
CCN(CC)CCO,[ 0.5207135   0.875026   -0.6878782  -0.78666687 -0.01696241]
ClC1=C(Cl)C(Cl)(C2(Cl)C(Cl)=C(Cl)C(Cl)=C2Cl)C(Cl)=C1Cl,[-0.12823986  0.68769246 -0.8412932  -0.61789036  0.6747015 ]
Cc1ccc(NC(=O)c2ccc(C#N)cc2)cc1-n1cnc2ccc(N3CCN(C)CC3)cc2c1=O,[ 0.15633142  0.90681624 -0.39702925 -0.8886655  -0.1394076 ]
CN1CN(CCO)CSC1=S,[ 0.02184851  0.8181221  -0.6056982  -1.         -0.16980854]
CCCOCCOC(=O)C1=C(C)NC(C)=C(C(=O)OCCOCCC)C1c1cccc([N+](=O)[O-])c1,[ 0.5995642   0.8866004  -0.84246516 -0.40265894 -0.52989626]
CC(C)CCCC1CCC(C)(C(=O)NCC(=O)O)CC1,[ 0.21495056 -0.32540956 -0.23395029 -0.58059514 -0.11139685]
O=C(Cc1ccc(OCc2ccccc2)cc1)NO,[-0.2538776   0.5014884  -0.87569225 -0.5192592  -0.00877598]
CC(C)(C#N)C(C)(C)C#N,[ 0.14870608  0.88680714 -0.8589714  -0.8215321  -0.35189015]
CCOP(=S)(NC(C)C)Oc1ccccc1C(=O)OC(C)C,[-0.5481341   0.8577482  -0.95474815 -0.8610115   0.14607838]
CCCOP(=O)(OC=C(Cl)Cl)OCCCl,[ 0.14766774  0.8554043  -0.5698816  -0.7882785  -0.3677555 ]
Cc1ccccc1S(=O)(=O)NC(=O)N1CCC(N2CCC(Oc3ccc(Cl)c(Cl)c3)CC2)CC1,[ 0.12430821  0.8993249  -0.91764504 -0.66675824 -0.20374234]
BrC(Br)Br,[ 0.38032103  0.21092728 -0.6438033   0.8302495   0.387321  ]
CCC1(CC)Oc2cccc(OC(=O)N(C)C(C)=O)c2O1,[ 0.29428285  0.83940667 -0.7982756  -0.73694164  0.569985  ]
CC(=O)OC(C)(C)C1CC=C(C)CC1,[ 0.30999646  0.74553025 -0.39572197 -0.41195896 -0.06563059]
O=C(COc1ccc(Cc2ccc(Cl)cc2)cc1)OCc1cccnc1,[-0.4871674   0.83852273 -0.7942925  -0.770455    0.0372382 ]
COc1cc(OC)c(S(=O)(=O)NCc2ccccc2N2CCCCC2)cc1NC(=O)CCC(=O)O,[ 0.47989428  0.59485143  0.10214564 -0.47185695 -0.1847532 ]
CN(C)CC/C=C1/c2ccccc2COc2ccc(CC(=O)O)cc21,[ 0.14430122  0.3674655   0.29880437 -0.918924    0.07100161]
CC#CN(CC)CC,[ 0.15375365  0.48726162 -0.82739085 -0.70298964 -0.3931993 ]
Cc1cccc(Nc2ccncc2S(=O)(=O)[N-]C(=O)NC(C)C)c1,[-0.13884296  0.65399945  0.04638265 -0.50601023 -0.46731046]
O=C(NC[C@@H](O)CN1CCC(Oc2ccc(Cl)c(Cl)c2)CC1)c1c[nH]c(=O)c2cc(F)ccc12,[-0.3050425  -0.7942495  -0.63372284 -1.          0.19295159]
CC=CC(C)=O,[ 0.55987114  0.8028739  -0.8632168  -0.89540005  0.88110536]
CC[C@H](CO)NC(=O)[C@H]1C=C2c3cccc4[nH]cc(c34)C[C@@H]2N(C)C1,[ 0.31468937  0.6193157  -0.6790927  -0.9174331  -0.2529211 ]
Nc1c(Cl)c(Cl)c2[nH]c(C(F)(F)F)nc2c1Cl,[-0.12794293  0.3321325  -0.5654169  -0.8021205   0.340749  ]
CCC(=O)OC1C(C)OC(OC2C(C)OC(OC3C(CC=O)CC(C)C(O)C=CC=CCC(C)OC(=O)CC(OC(C)=O)C3OC)C(O)C2N(C)C)CC1(C)O,[-0.32605127  0.95010376 -1.         -0.8619146  -0.23936059]
CCc1nn(C2CCCC2)c2c1CCn1c(-c3cccs3)nnc1-2,[ 0.08994021  0.81693006 -0.69424444 -0.39722615 -0.52376425]
CC(=O)OC(C(Cl)(Cl)Cl)P(=O)(Oc1ccccc1)Oc1ccccc1,[ 0.11417096 -0.4607807  -0.4292394  -0.73895526 -0.2296772 ]
O=C(CCCCC(=O)OCC1CC=CCC1)OCC1CC=CCC1,[-0.05460645 -1.         -0.941184   -0.6993453  -0.16352677]
O=[N+]([O-])c1ccccc1Cl,[ 0.23356935  0.8171352  -0.8178616  -0.682231   -0.20274475]
OCC(O)C(O)C(O)CO,[ 0.30572182  0.94496655 -0.90946627  0.25423926  0.02141301]
C=CC(=O)N(C)C,[ 0.2518728   0.38693887 -0.18330477 -0.54526556 -0.20579489]
C=CC(=O)Nc1ccc(O)cc1,[-0.06566674  0.53410065 -0.8506533  -0.8081003   0.34783018]
CC(C)OCCCO,[ 0.45560858  0.74734807 -0.68086976 -0.48246762  0.15944195]
CC(C)(C)c1cc(CCC(=O)OCCSCCOC(=O)CCc2cc(C(C)(C)C)c(O)c(C(C)(C)C)c2)cc(C(C)(C)C)c1O,[ 0.2189122   0.87220323 -1.         -0.74444294  0.21205305]
CCNc1nc(NCC)nc(OC)n1,[ 0.13146108  0.61460084 -0.55617565 -0.7513442   0.58379364]
CCCCCCCCCCOc1c(OC)cc(C(N)=O)cc1OC,"[ 1.3275877e-01  1.0000000e+00 -4.9718547e-01 -1.4256737e-01
 -9.8851637e-04]"
CC[C@H]1CN(Cc2cc(Cl)ccc2OCC(=O)O)CCN1S(=O)(=O)c1ccccc1,[ 0.04106426  0.7324782  -0.9161547  -0.67144483  0.22444388]
Cc1ccsc1C(=CCC[NH+]1CCCC(C(=O)[O-])C1)c1sccc1C,[-0.08906227  0.66876906 -0.8703446  -0.95956874 -0.31477547]
Nc1nc(-c2ccccn2)nc(N)c1Cc1ccc(Cl)cc1Cl,[-0.03601174  1.         -0.8999832  -0.6926579   0.6938053 ]
N#Cc1c(-c2ccc(-c3ccncc3Cl)cc2)nc2ccncc2c1O,[ 0.35569647  0.7180015   0.47754005 -0.44897342 -0.20642188]
CC[C@@]1(O)C(=O)OCc2c1cc1n(c2=O)Cc2cc3c(CN(C)C)c(O)ccc3nc2-1,[-0.5578585   0.74782676 -0.9874975  -0.7188918   0.16542816]
C1C[SiH2]C1,[ 0.05233852  0.61398005 -0.539909   -1.         -0.18404873]
c1ccc(C2CO2)cc1,[-0.06975816  0.66737396  0.19068797 -0.34479955 -0.638961  ]
CC(C)(C)OC(=O)N1CCN(c2ncc(OCc3ccncc3)cn2)CC1,[ 0.08884616  0.92720926 -0.5481277  -0.5099451  -0.33167025]
CCCCOCC1CO1,[-0.25385466  0.40159273 -0.9078084  -0.9316568  -0.14024061]
CC(O)c1cccc(N)c1,[ 0.12023108  0.8822081  -0.803178    0.31961593 -0.6136686 ]
CSCC(=O)N(C)C(=O)Oc1ccccc1OC(C)C,[-0.00660386  0.69161534 -0.81009084 -0.8281961  -0.47896615]
Cc1onc2c(=O)[nH]nc(-c3ccccc3)c12,[ 0.18789138  0.68984795 -0.84314966 -0.78564584  0.67817205]
O=c1[nH]cnc2c1ncn2[C@H]1CC[C@@H](CO)O1,[-0.43903548  0.8385688  -0.6760917  -0.8308133  -0.01384998]
COC(=O)C1=C(C)NC(C)=C(C(=O)OCCN(C)Cc2ccccc2)C1c1cccc(N(O)O)c1,[ 0.1756363  -0.20374556 -0.40829465 -0.62993455 -0.06783156]
COc1ccc2ccc(=O)n(CCN3CCC(NCc4cc5c(cn4)OCCO5)CC3)c2n1,[ 0.01429503  0.09313159 -0.8398669  -0.86781144  0.07173184]
OCc1cc(C(O)C[NH2+]CCCCCCOCCOCc2c(Cl)cccc2Cl)ccc1O,[ 0.506225    1.         -0.9158982  -0.79801446 -0.47135812]
COc1ccc2ncc(=O)n(CCN3CC[C@@H](NCc4ccc5c(n4)NC(=O)CO5)[C@@H](F)C3)c2c1,[ 0.33044705 -0.03388475 -0.7293699  -0.6977586  -0.74673235]
O=C1C2CC3C1C1(Cl)C(Cl)C4(Cl)C2C3C1(Cl)C4(Cl)Cl,[ 0.54243046  0.84652036 -0.8719782  -0.41510552  0.13895516]
COP(=S)(OC)SCc1nnc(SC)s1,[ 0.09470341  0.724732   -1.         -0.928141    0.5629732 ]
CC(C)[N+](=O)[O-],[ 0.10472335  0.8580653  -0.6939858  -0.7845752   0.8745661 ]
CBr,[-0.2823859   0.8651884  -0.51453364 -0.71104026 -0.2153295 ]
CC=Cc1ccc(OCc2ccccc2)c(OC)c1,[ 0.2057319   0.8967076  -0.7536804  -0.5987682  -0.45364076]
Cc1cc(OC(=O)N(C)C)n(C(C)C)n1,[-0.43455297  0.8379806  -0.40195245  0.21258868  0.43058658]
COc1cc(-c2cc(=O)c3c(O)cc(O)cc3o2)cc(O)c1OC,[ 0.00306556  1.         -1.         -1.         -0.30511472]
CCOP(=O)(OCC)Oc1ccc(S(C)(=O)=O)c(C)c1,[-0.30827087  0.82573843 -0.82654536 -0.48803467 -0.20063928]
Cc1cc(Nc2nc(N[C@@H](C)c3ncc(F)cn3)nc(N3CCOCC3)c2F)n[nH]1,[ 0.10423247  0.7957911  -0.5490212  -0.89853275 -0.13120793]
CN(C)CCC(c1ccc(Cl)cc1)c1ccccn1,[ 0.3828175   0.8587594  -0.60018295  0.2118313   0.04692846]
C=C(C)c1ccc(C(C)(C)N=C=O)cc1,[ 0.00972809  0.68603873 -0.57049394 -0.9453791  -0.192379  ]
O=C(Nc1ccc(Cl)c(C(=O)Nc2cccnc2)c1)c1cccc(C(F)(F)F)c1,[ 0.41873997  0.94253534 -0.7432392  -0.64265174 -0.5191005 ]
COc1cc2ncc(C(N)=O)c(Nc3ccc(F)cc3F)c2cc1NCCN1CCCCC1,[ 0.2861076   0.91019404 -0.6992736  -0.98897284  0.7815399 ]
CCC(=O)Nc1ccc2[nH]c(C(F)(F)F)nc2c1,[-0.73532134  0.5956089  -0.6025892  -0.7664967   0.06764401]
CC1=C(CC(=O)O)c2cc(F)ccc2C1=Cc1ccc(S(C)=O)cc1,[ 0.24497977  0.8614743  -0.6374686   0.21945389 -0.31706184]
CCS(=O)(=O)c1ccc(-c2cc(Cl)ccc2OCC(=O)O)cc1,[-0.69662017  0.70983    -1.         -0.2911326  -0.20565988]
COc1ccccc1Oc1c([N-]S(=O)(=O)c2ccc(C(C)C)cn2)nc(-c2ccnc(-c3nnn[n-]3)c2)nc1OCCO,[ 0.6668386   0.9596932   0.44444665 -0.50321364 -0.36245635]
CCN(CCO)C(=O)c1oc2cccnc2c1-c1cccc(C(F)(F)F)c1,[ 0.17550237  0.7158307  -0.45825258 -0.50546736  0.06939547]
CC1CCC(N)CC1N,[-0.21949932  0.7805729  -0.6303109   0.48530203 -0.09340631]
N#CC1CC2CC2N1C(=O)C(N)C12CC3CC(CC(O)(C3)C1)C2,[ 0.47581568  0.9189738  -0.5002802  -0.57000995 -0.3561935 ]
COP(=S)(OC)SCSCC=C(Cl)Cl,[ 0.38461697  0.84255624 -1.         -0.80196047  0.10594607]
Clc1ccc(Cl)c(Cl)c1,[-0.2085586   0.7314169  -0.7159608  -0.85708433  0.35539716]
ClC(=NNc1c(Cl)cc(Cl)cc1Cl)c1ccccc1,[ 0.49950358  0.8606141  -0.79372746 -0.6030365   0.06160596]
CC1=C2C[C@H]3[C@@H](CC=C4C[C@@H](O)CC[C@@]43C)[C@@H]2CC[C@]12O[C@@H]1C[C@H](C)CN[C@H]1[C@H]2C,[-0.49067488  0.73320967 -0.19856179 -0.55710685 -0.12007747]
CCOC(=O)CCC1(CCC(=O)OCC)c2ccccc2-c2ccccc21,[-0.49758753 -0.41415796 -0.7555952  -0.76339483  0.17879787]
C=C(C)C(=O)OCCC[Si](OC)(OC)OC,[ 0.01528591  0.82675374 -0.8119731  -0.7816243  -0.45120648]
CC(C)(O)c1ccccc1,[ 0.38662845  0.7874406  -0.82209486  0.12519807 -0.11868459]
CCC(C)(C)C1CCC(=O)CC1,[ 0.3921471   0.5466156  -0.45348838 -0.5870798  -0.11740398]
CCCCCCCC=CC=O,[ 0.28723124  0.9761061  -0.8376149  -1.          0.10902928]
CCC(C)c1ccc(Oc2ccc(C)cc2CC(=O)O)c(Cl)c1,[ 0.36297023  0.91820216 -0.47290355 -0.9246914  -0.16172147]
O=C(Cl)c1cccc(C(=O)Cl)c1,[ 0.29542902  0.438538   -0.9709464  -0.8661601  -0.0949616 ]
Nn1cnc2cc3ccccc3cc2c1=O,[ 0.08471387  0.9270112  -0.43955484 -0.5321299  -0.34725428]
CC(=Cc1ccccc1)C=C1SC(=S)N(CC(=O)O)C1=O,[ 0.44333586  0.85887283 -0.53151405 -0.6763503   0.11826917]
COP(=S)(OC)Oc1ccc(C#N)cc1,[ 0.4656587  0.065972  -0.7330523 -1.         0.4303072]
COCc1c(C(C)C)nc(C(C)C)c(/C=C/[C@@H](O)C[C@@H](O)CC(=O)O)c1-c1ccc(F)cc1,[ 0.47538155  0.43751505 -0.70791554 -0.7885566  -0.08166717]
CCCNC(=N)C(OCC)c1ccccc1,[ 0.28626245  0.898417   -0.5607482   0.07544329  0.1383565 ]
O=C(CCl)OC1=C(OC(=O)CCl)C(=O)OC1=O,[-0.16744615  0.52300346 -0.6677847  -0.8979428  -0.2717987 ]
COP(=S)(OC)Oc1ccc(C#N)cc1C,[ 0.1595136   0.6678059  -0.8003842  -0.4995283   0.07333294]
CN1[C@@H]2CC[C@@H]1CC(OC(=O)C(CO)c1ccccc1)C2,[-0.02130759  0.8865165  -0.7962922  -0.54141116  0.10634457]
CC(=O)[C@H]1CC[C@H]2[C@@H]3CC[C@@H]4C[C@H](O)CC[C@]4(C)[C@H]3CC[C@]12C,[ 0.09894212  0.8787488  -0.88962424 -0.8151489   0.35522357]
CCCCC(=O)N(Cc1ccc(-c2ccccc2-c2nnn[n-]2)cc1)C(C(=O)[O-])C(C)C,[ 0.19137172 -0.33692858 -0.8132391  -0.8997837   0.08842134]
CN[C@@H](C)[C@@H](O)c1ccccc1,[-0.28160295  0.9309618  -0.85545605 -0.82032967  0.72772497]
CNC(=O)Oc1ccc(CCC#N)cc1,[ 0.33612064  0.8044527  -0.41812304 -0.8430932   0.12721746]
COP(=O)(OC)Oc1ccc([N+](=O)[O-])c(Cl)c1,[ 0.09265419  0.80073726 -0.95043504 -0.79290944  0.01153336]
Nc1cc(Cl)ccc1O,[ 0.33225217  0.69100535  0.4944709  -0.22209612 -0.38352564]
CN(C)CCCNCCCN(C)C,[ 0.21784142  0.40509173 -0.8820307   0.44005057 -0.11094262]
CCC[C@H](NC(=O)[C@@H]1[C@H]2CCC[C@H]2CN1C(=O)[C@@H](NC(=O)[C@@H](NC(=O)c1cnccn1)C1CCCCC1)C(C)(C)C)C(=O)C(=O)NC1CC1,[ 0.48238885  0.7542448  -0.82090485 -0.81967217 -0.24599695]
CCN(CC)c1ccc2c(C)cc(=O)oc2c1,[ 0.44034827  0.48746473 -0.75005347 -0.7528964   0.37972164]
C[NH+]1CCc2cccc3c2C1Cc1ccc(O)c(O)c1-3,[ 0.2737002   0.4848287  -0.50791615 -1.          0.00826026]
CN(C)C(=O)C(CCN1CCC(O)(c2ccc(Cl)cc2)CC1)(c1ccccc1)c1ccccc1,[-0.42569032 -0.13206924 -0.5063181  -0.06191425  0.00484743]
COc1cc2c(cc1OC)C(CCc1ccc(Cl)cc1)N(C)CC2,[ 0.4001344   0.6139454   0.49127808 -0.11991223 -0.4132012 ]
CCOC(=O)c1ccc(C#Cc2ccc3c(c2)C(C)(C)CCS3)nc1,[ 0.06497074 -0.5538282  -0.6067819  -0.22725299 -0.35932824]
C1=CCCC=CCCC=CCC1,[-0.39956525  0.8421687  -0.7811825  -0.8507339  -0.22881539]
O=C(NCCNCC(O)COc1ccc(O)cc1)N1CCOCC1,[ 0.181281    0.3256302  -0.90908307 -0.79345375 -0.4606169 ]
c1cc(-c2ccc3nc(Nc4ccc(OCCN5CCCC5)cc4)ncc3c2)ccn1,[ 0.41969693  0.8732157  -0.9908596  -0.38000727 -0.36183533]
C=C(OP(=O)(OC)OC)P(=O)(OC)OC,[-0.0015056   0.8765705  -1.          0.67530763 -0.3363493 ]
CC(C)(O)c1ccc(Nc2nc3ccc(C#N)cc3[nH]2)cc1,[ 0.37518206 -0.5931622  -0.8204946  -0.2136615   0.2614072 ]
Cc1cc(Nc2nc(N[C@@H](C)c3ccc(F)cn3)c(C#N)nc2C)n[nH]1,[-0.01774074  0.4865387  -0.95076543 -0.5654926   0.6615272 ]
Fc1cc2nc(C(F)(F)F)[nH]c2cc1Cl,[-0.06423255  1.         -0.8226221  -0.85200346 -0.02648067]
CCOP(=S)(OCC)SCSCc1ccccc1,[-0.19607763  0.8774015  -0.75903046 -0.7648573  -0.10104595]
CC(=O)OCc1ccc(C(C)C)cc1,[ 0.5213363   0.87857896 -0.8664928  -0.82383895 -0.22653174]
CCCCOc1ccccc1NC(C)=O,[-0.08885452  0.8199     -1.         -0.778531    0.66512257]
C1CN1P1(N2CC2)=NP(N2CC2)(N2CC2)=NP(N2CC2)(N2CC2)=N1,[-0.07257568 -0.7760718  -0.4793053   0.13286763  0.5270088 ]
COc1nc(C)nc(Cl)c1NC1=NCCN1,[ 0.12135769  0.79374564 -0.79528856 -0.65788656 -0.29600936]
COc1c(OCc2ccc(-c3ccccc3-c3nnn[nH]3)cc2)cc(C)nc1C,[ 0.42268437  1.         -0.7970765  -0.46236226  0.07842454]
COc1cc([C@@H]2c3cc4c(cc3[C@@H](O[C@@H]3O[C@@H]5CO[C@@H](C)O[C@H]5[C@H](O)[C@H]3O)[C@H]3COC(=O)[C@H]23)OCO4)cc(OC)c1O,[ 0.06729514  0.57644    -0.82657635 -0.779006    0.5677583 ]
C[C@@H]1CC[C@H]2[C@@H](C)[C@@H](OC(=O)CCC(=O)O)O[C@@H]3OC4(C)CC[C@@H]1[C@@]23OO4,[ 0.13634881  0.88477176 -0.7792834  -0.95917207  0.41706756]
Nc1nc(Nc2ccc(S(N)(=O)=O)cc2)nn1C(=O)c1c(F)cccc1F,[ 0.27742887  0.8887886  -1.         -0.49973604 -0.30639133]
O=C1CCc2ccccc2O1,[ 0.49530596  0.823059   -0.24800426 -0.77033335 -0.47399214]
CCC(C)(C)c1ccc(Cl)c(OC(=O)NC)c1,[ 0.47555676  0.6895728  -0.99180824  0.40085983  0.4167404 ]
CCCC(=O)c1ccc(N)cc1,[ 0.1059938   0.83888227 -0.9517516  -0.7496732  -0.38262036]
CC(O)COC(C)CP(CC(C)OCC(C)O)CC(C)OCC(C)O,[ 0.03873118  0.61891305 -0.7237152  -0.7841968   0.05799091]
CC(=O)Oc1cc(C(F)(F)F)ccc1C(=O)O,[-0.2785038   0.8340692  -1.         -0.73747915  0.3464907 ]
O=C(O)CCC(=O)O,[-0.10538658  0.52466595 -0.8008536  -0.73089886  0.02262881]
C=CC[NH+]1CCCC1CNC(=O)c1cc2n[nH]nc2cc1OC,[ 0.30317968  0.5833279   0.07293309 -0.33798397  0.6596222 ]
CCOC(=O)COC(=O)c1cc(Oc2ccc(C(F)(F)F)cc2Cl)ccc1[N+](=O)[O-],[ 0.06259721 -0.5919243  -0.5386554  -0.9829466  -0.18649815]
COP(=S)(OC)Oc1ccc(S(N)(=O)=O)cc1,[ 0.20904274  0.37407604 -0.92227274 -0.8592694   0.44301972]
CS(=O)(=O)c1nc(-c2ccc(F)cc2)n(-c2ccc(Cl)cc2)n1,[-0.3790834   0.8829386  -0.75855976 -0.7028461   0.04993886]
O=CNc1cc([C@@H](O)CNCCc2ccc(NC[C@H](O)c3ccccc3)cc2)ccc1O,[-0.45024177 -0.06472792 -0.3831638  -0.13912575  0.976049  ]
CCN(Cc1cc(C(F)(F)F)ccc1-c1cc(CC(=O)O)ccc1OC)C(=O)NCc1ccccc1,[-0.290155    0.722622   -0.7523763  -0.49999776 -0.21487094]
CC(O)C1C(=O)N2C(C(=O)[O-])=C(SC3CCS(=O)C3)SC12,[ 0.10508098  0.68340707 -0.79837924 -0.9461965   0.1715329 ]
CC[C@H]1NC(=O)[C@@H](NC(=O)c2ncccc2O)[C@@H](C)OC(=O)[C@H](c2ccccc2)NC(=O)[C@@H]2CC(=O)[C@H](CS[C@@H]3CN4CCC3CC4)CN2C(=O)[C@H](Cc2ccc(N(C)C)cc2)N(C)C(=O)[C@@H]2CCCN2C1=O,[ 0.1566801  -0.40098256 -0.8262052  -0.66307026 -0.16681193]
C=CCc1ccc(OC(C)=O)c(OC)c1,[ 0.48982507  0.9970551  -0.8800384  -0.6029044   0.494305  ]
Cc1ncsc1C,[-0.09972686  0.55614716 -0.93908846 -0.78754586  0.07350889]
O=C(CN1CCOCC1)NN=Cc1ccc([N+](=O)[O-])o1,[ 0.3631492   0.72532606 -0.52394074 -0.5681769  -0.1589661 ]
Cc1ccc(S(=O)(=O)Nc2c(C(=O)N[C@@H](C)C(C)(C)C)c(C)nn2C(C)C)cc1,[-0.2606977   0.9104033  -0.9380451  -0.7258103  -0.44289827]
CCCCc1nc(Cl)c(CO)n1Cc1ccc(-c2ccccc2-c2nnn[nH]2)cc1,[ 0.04115034  0.8614989  -0.951783   -0.3466329   0.18878847]
Nc1cc2c(cc1C1CCCCC1)CCC2C(=O)O,[ 0.41490766  0.06171036 -0.8142755  -0.72286516 -0.11655911]
COc1ccc(NC(=O)c2ccnc(N)n2)cc1,[-0.04445343  0.9092677  -0.6629308  -0.5616403   0.5309107 ]
COCCOP(=O)(OCCOC)OCCOC,[-0.43213958  1.         -0.65939695 -0.6325661   0.4952957 ]
O=C1OCC2C1C1(Cl)C(Cl)=C(Cl)C2(Cl)C1(Cl)Cl,[ 0.2979061   0.41813454 -0.68761486 -0.5655929   0.6447672 ]
NCCCC[C@H](N[C@@H](CCc1ccccc1)C(=O)O)C(=O)N1CCC[C@@H]1C(=O)O,[-0.42038774 -0.01137732 -0.57121694 -0.6456146  -0.2058067 ]
NCC(O)CO,[ 0.22373857  0.9563966  -0.76477504 -0.6446905  -0.54901695]
COc1ccc(NC(=O)CF)cc1,[ 0.3711264  0.9093503 -0.7643625 -0.5478875 -0.2526294]
COc1ccc2ncc(F)c(CCN3CCC(NCc4cc5c(cn4)OCCO5)CC3)c2n1,[-0.07718603  0.8755316   0.03990458 -0.84173393 -0.24177827]
N#CC(c1ccccc1)c1ccccc1,[ 0.10995552  0.71646565 -0.7280597  -0.88370234 -0.03918069]
CCN(CC)c1ccc2cc(C(=O)NC3(C(=O)N[C@H](Cc4ccccc4)C(=O)NCC4CCN(CC5CCOCC5)CC4)CCCC3)sc2c1,[-0.44961867  0.7787367   0.53488517  0.3532025   0.73129374]
CCCCCCCCCCCCNC(N)=S,[-0.20117353  0.8504662  -0.8402928   0.03852217  0.02084534]
[NH3+]CC1CCC(C(=O)[O-])CC1,[ 0.2735618   0.65219486 -0.72924614 -0.02882669  0.00930846]
C#CCc1ccc(COC(=O)C2C(C=C(C)C)C2(C)C)o1,[ 0.38985044 -0.5633876  -0.6433951  -0.69170177  0.18269326]
C[Si](C)(Cl)Cl,[ 0.3117182   0.8293413  -0.73747337 -1.         -0.6007362 ]
COCc1ccc2c(C(C(=O)NS(=O)(=O)c3ccc(C)cc3OC)c3ccc4c(c3)OCO4)cn(C)c2c1,"[ 6.4599700e-04  7.3026413e-01  4.6908337e-01 -8.8004714e-01
 -4.2188856e-01]"
C=CC(=O)OCCOCC,[ 0.27545387  0.6557843  -0.8161033  -0.5915491  -0.22696878]
Cc1cc(Cl)ccc1OCCCC(=O)O,[ 0.3041599   0.86783725 -0.8700425  -0.5671599  -0.08660997]
CCCCCCCCc1ccccc1O,[ 0.3772535  -0.03203153 -0.65922713 -0.07498702 -0.00469425]
COc1c(Cl)ccc(Cl)c1C(=O)OCCN(CCOC(=O)c1c(Cl)ccc(Cl)c1OC)c1ccccc1,[ 0.00310495  0.8039308  -0.37148827 -0.8667238  -0.00772595]
CC1CS1,[ 0.21634376  0.97935593 -0.79104096 -0.9568311   0.09282582]
Cc1c(Sc2ccc(Cl)cc2)c2c(S(C)(=O)=O)cccc2n1CC(=O)O,[ 0.23388489  0.77536625 -0.86124486 -0.88052833 -0.49268645]
O=C1c2cccc(S(=O)(=O)O)c2C(=O)c2c1cccc2S(=O)(=O)O,[ 0.21087503  0.40310866 -0.67395395 -0.91731614  0.05319085]
CCCCC(CC)COCCC#N,[ 0.18765017  0.94052625 -0.12456324 -1.          0.05331836]
CCC1=C(C)CN(C(=O)NCCc2ccc(S(=O)(=O)[N-]C(=O)NC3CCC(C)CC3)cc2)C1=O,[-0.23108555  0.71983105 -0.43616053 -0.8418922  -0.16657884]
COc1ccccc1Oc1c([N-]S(=O)(=O)c2ccc(C)cn2)nc(-c2ccncc2)nc1OC,[ 0.17752567  0.68663543 -0.6603247  -1.         -0.10661047]
COP(=O)(OC)OC(=CCl)c1cc(Cl)ccc1Cl,[ 0.05026703 -0.6203379  -0.4441417  -0.5826047  -0.3310949 ]
CO[C@@H]1C=CO[C@@]2(C)Oc3c(C)c(O)c4c(c3C2=O)C(=O)/C(=C\NN2CCN(C)CC2)C(=C4O)NC(=O)C(C)=CC=C[C@@H](C)[C@H](O)[C@H](C)[C@H](O)[C@@H](C)[C@@H](OC(C)=O)[C@@H]1C,[ 0.6087097  -0.689645    0.41860572 -0.5745654   0.19480577]
CCOc1ccccc1OC(c1ccccc1)C1C[NH2+]CCO1,[-0.06748388  0.9162447  -0.78339326 -0.9829752  -0.37842765]
OCCOCCOCCOCCO,[ 6.072652e-04  1.000000e+00 -5.042841e-01 -1.000000e+00 -5.266046e-01]
CCC1OC(=O)C(C)C(=O)C(C)C(OC2OC(C)CC([NH+](C)C)C2O)C(C)(OC)CC(C)C(=O)C(C)C2N(CCCCn3cnc(-c4cccnc4)c3)C(=O)OC12C,[-1.          0.86795366 -0.39861536 -0.7682445   0.33273333]
COCCNC(=O)c1ccc(Nc2ncc3cc(-c4ccncc4)ccc3n2)cc1C,[-0.11282752 -0.4594276  -0.76427144 -0.28764525  0.41477552]
CN1CCN2c3ncccc3Cc3ccccc3C2C1,[ 0.27212477  0.6409308  -0.65594697 -0.90040094 -0.7146441 ]
Clc1ccc(N2N=NC3C4CC(C5N=NC45)C32)cc1,[ 0.1480338   0.772199   -0.6944745  -0.66099614 -0.40483183]
CCC(C)(CC)c1cc(N)on1,[ 0.11118142  0.91420585 -0.79755336 -0.55890995  0.12396568]
CC(C)(C)c1cc(O)ccc1O,[-0.05615719  0.551869   -0.0797398   0.46860802  0.26289827]
N#Cc1ccc2[nH]c(C(F)(F)F)nc2c1,[ 0.17700419  0.875112   -1.         -0.8430434  -0.3419636 ]
O=C(Nc1cccc(Cl)c1)Nc1nnc(-c2ccncc2)s1,[-0.08540566  0.9493098  -0.6959562  -0.7375698  -0.07407594]
OCCOCCN1CCN(C(c2ccccc2)c2ccc(Cl)cc2)CC1,[ 0.5336328  -0.92797613 -0.913844   -0.48088938 -0.25247988]
CCOP(=O)(CC)SC,[ 0.11246023  1.         -0.8056008  -1.         -0.02729396]
CN1CCCCC1CCN1c2ccccc2Sc2ccc(S(C)=O)cc21,[ 0.283743   -0.6375105  -0.6328321  -0.81923723  0.6219614 ]
O=[N+]([O-])c1cccc(O)c1,[-0.24792665  0.35592747 -1.         -0.7891261  -0.02371381]
NC(=S)NNCNNC(N)=S,[-0.532183    0.74201524 -0.8865832  -0.5907242  -0.07369941]
C[NH2+]C(C)Cc1ccccc1,[ 0.04749754  0.9352857  -0.8820738  -1.         -0.14016373]
N[C@H]1CCN(c2c(Cl)cccc2/C=C2\SC(=O)NC2=O)C1,[-0.05479075  0.75359344 -0.8167589  -0.90397346 -0.21275085]
CCOP(=O)(OCC)N(C)c1ccccc1,[ 0.37981346  0.91895133 -1.         -0.34486014  0.06209303]
N=C(NN=Cc1ccc(Cl)cc1)NN=Cc1ccc(Cl)cc1,[ 0.5491058   0.4471865  -0.9324157  -0.10280191 -0.18629894]
O=C(O)c1ccccc1-c1c2ccc(=O)cc-2oc2cc(O)ccc12,[-0.31059772  0.8989332  -0.78694606 -0.42251733 -0.04167253]
FCOC(C(F)(F)F)C(F)(F)F,[ 0.00751932  0.4911285  -0.8929694   0.48077297  0.0093745 ]
CC(C)(C)NCCO,[ 0.20455956  0.8826644  -0.78226036 -1.         -0.43819308]
ClCC(Cl)=C(Cl)Cl,[ 0.58793086  0.35992715 -0.7288915  -0.6889945  -0.35294068]
C[Si](C)(C)CCCC(=O)O,[ 0.05467214  0.8013831   0.26695958 -0.10319967 -0.22993788]
CC(C)CCOC(CO)CC(C)C,[-0.21877305  0.45778048 -0.8181727  -1.         -0.51057756]
CC(=O)Nc1ccc(C)c(NS(=O)(=O)C(F)(F)F)c1,[-0.2749999   0.0631652  -0.17478931 -0.582096   -0.19664799]
COc1nccnc1NS(=O)(=O)c1ccc(N)cc1,[ 0.49223033  0.86945486 -0.8324812  -0.85320824  0.08887835]
O=C(CCCN1CCC(O)(c2cccc(C(F)(F)F)c2)CC1)c1ccc(F)cc1,[ 0.18396199  0.6651994  -0.82680905 -0.6341851  -0.02048735]
ClCCCBr,[ 0.16858365  0.15104267  0.00806704 -0.2700828  -0.2035147 ]
CC=C(C(=O)NC(N)=O)C(C)C,[ 0.36242682  0.32973915 -0.60026956  0.8441444   0.04936947]
CC1OC(n2ccc(NC(=O)c3ccc(NC(=O)C(C)(N)CO)cc3)nc2=O)CCC1OC1OC(C)C(N(C)C)C(O)C1O,[ 0.34307027  0.9341065  -0.58242595 -0.76834667 -0.10749628]
COc1ccc(Oc2ccc(NC(=O)N(C)C)cc2)cc1,[ 0.471935    0.9221397  -0.15473633 -0.5172354  -0.312518  ]
CC(=O)N1CCN(c2ccc(OC[C@H]3CO[C@](Cn4ccnc4)(c4ccc(Cl)cc4Cl)O3)cc2)CC1,[ 0.3655989   0.8041762  -0.78298587 -0.23061286 -0.01937325]
CC(C)(C(=O)O)S(C)(=O)=O,[ 0.37448674  0.7042108  -0.47038522  0.33836707  0.29435208]
Cc1c(F)cc(C(=O)NC2CC2)cc1-c1ccc(C(=O)NCC(C)(C)C)cn1,[ 0.41875693  0.7572262  -0.72177887 -0.4735938  -0.21493718]
CNC(=O)Oc1cccc2c1OC(C)(C)O2,[ 0.08674076  0.75665855 -0.77011704 -0.8524046   0.04259573]
Cn1cnc(S(=O)(=O)N(CCN(Cc2cncn2C)c2ccc(C#N)cc2)Cc2ccccc2)c1,[-0.16401218  0.88052934 -0.8484341  -0.7736518  -0.29669026]
O=C(Nc1cccc(Cl)c1)OCC#CCCl,[-0.30528685  0.8848991  -0.9644657  -0.9165629  -0.29126278]
O=C(O)CCCOc1ccc(Cl)cc1Cl,[-0.11892871 -0.08818682 -0.68656224 -0.9487575   0.04698196]
C=CCOc1ccccc1C(N)=O,[ 0.41054678  0.4100953  -0.9306047  -0.87979245 -0.1864562 ]
CN(C)c1ccc(C(O)(c2ccc(N(C)C)cc2)c2ccc(N(C)C)cc2)cc1,[ 0.27163103  0.0034374  -0.7762702  -0.4046611   0.4324503 ]
Cc1cc(OC(=O)N(C)C)n(-c2ccccc2)n1,[ 0.15355323  0.8082583  -0.47665203 -0.20853914 -0.1353656 ]
NC(=O)N1C(=O)C(C(=O)c2cccs2)c2cc(Cl)ccc21,[-0.5112838   0.13249841 -0.9464019  -0.77726555 -0.09396657]
CCOC(C)COC(C)CO,[ 0.14286348  0.74657196 -0.5529983  -0.5360732  -0.06702976]
CCOC(=O)Cl,[ 0.24059899  0.3627807  -0.9483394  -0.47301948 -0.02125318]
O=C(NCc1ccc(OC(F)(F)F)cc1)C1c2ccccc2C(=O)N1CCc1ncc(F)cn1,[ 0.2178984   0.78467464 -0.8089538  -0.603763    0.01002766]
CCCCCNCCCCC,[ 0.28287145 -0.21750195 -0.2653405  -0.28257388  0.09862654]
Cc1cnc(Nc2cc(N3CCOCC3)nc(N[C@@H](C)c3ncc(F)cn3)n2)s1,[ 0.44000372  0.73987716 -0.8739766  -0.24291968 -0.18118443]
O=C1CC2(CCCC2)CC(=O)N1CCCCN1CCN(c2ncccn2)CC1,[ 0.05563555  0.6001397  -0.8203945  -0.7130601   0.4216881 ]
Cn1c(C2=CCN(CCCN3c4ccccc4Sc4ccc(CC(=O)O)cc43)CC2)cc(=O)n(C)c1=O,[ 0.05333291  0.9284021  -0.6484126  -0.58745676 -0.28385958]
N=C(N)Nc1nc(CSCCC(=N)NS(N)(=O)=O)cs1,[ 0.44599816  0.48168677 -0.82777756 -0.5611396  -0.15918173]
ClCC1CO1,[ 0.64654654  0.62134504 -0.57896256 -0.86509794 -0.19126877]
NS(=O)(=O)c1cc2c(cc1Cl)NCNS2(=O)=O,[ 0.45670456  0.30827528 -0.29792204 -0.7411886   0.21853887]
CCc1c2c(nc3ccc(O)cc13)-c1cc3c(c(=O)n1C2)COC(=O)[C@]3(O)CC,[-0.25603738  1.         -1.         -0.7758189  -0.16955468]
CCC(C)C(CC)C(N)=O,[ 0.36462274  0.6940861  -0.38765326 -0.6429281  -0.2497087 ]
Cc1c(CN2CCOC(c3ccccc3)C2C)c(=O)n(-c2ccccc2)n1C,[ 0.32013667  0.8136835  -0.6843174  -0.720958   -0.36813724]
COP1(=S)OCc2ccccc2O1,[ 0.5107234   0.6589275  -0.4993034  -0.87993795 -0.50541055]
CCOC(=O)C1OC1c1ccccc1,[ 0.05494802  0.90568316 -1.         -0.5748691  -0.14780112]
O=C(Oc1ccccc1)n1c(C(F)(F)F)nc2cc(Cl)c(Cl)cc21,[ 0.44627887  0.5738661  -0.5443901  -0.68000114 -0.19218875]
COP(N)(=O)SC,[-0.69940454  0.82565856 -0.7423349  -1.          0.17276762]
S=C1NCCNC(=S)S1,[ 0.19876383  0.30846712 -0.5856332  -0.6959989  -0.37642246]
CCc1nc2cc(O)ccc2c(Oc2ccc(/C=C/C(=O)O)cc2)c1-c1ccccc1,[-0.70604086  0.73143655 -0.98032874 -0.28515527  0.44411346]
O=C(CCl)CCl,[-0.04320681  0.84717864 -0.70184493 -0.20888543 -0.26007962]
N#Cc1ccc(F)c(-c2cc(C(F)(F)F)ccc2OCC(=O)O)c1,[ 0.6224572   0.6589791  -1.         -0.10604337  0.04522774]
CNC(=O)c1cccc2c(Nc3ccc(NS(C)(=O)=O)cc3OC)c3cccc(C)c3[nH+]c12,[ 0.35187632  0.78954524 -0.6823406   0.0026291  -0.3610915 ]
CC(=O)CCc1ccc(O)cc1,[ 0.4516234   0.7608383  -0.9448553  -0.6784698  -0.57072914]
CC(C)(C)NC[C@H](O)COc1nsnc1N1CCOCC1,[ 0.27930966  0.81913996 -0.24837255 -0.5223279  -0.2948906 ]
CNC(=O)ON=C1CCCC1(C)C#N,[ 0.02712491  0.7724792  -0.80623627 -0.6380657  -0.29813832]
Cc1c(OC2CCN(CC3CCN([C@@H](Cc4ccc(F)cc4)C(=O)O)CC3)CC2)ccc(C#N)c1Cl,[-0.04628672  0.83065313  0.05825062 -0.13100314  0.7338702 ]
N=C(Nc1c([N+](=O)[O-])cnc2ccccc12)N1CCOCC1,[-0.08617169  0.7739928  -0.76937556 -0.5248772   0.27717543]
CC1(C)C2CCC1(C)C(O)C2,[-0.14347494 -0.86535263 -0.76477134 -0.67694604 -0.07318533]
O=CC1=CCCCC1,[ 0.35464174  0.8699705  -0.27690795  0.13700293 -0.06573389]
COc1cccc(OC)c1O,[-0.0673747   0.7492204  -0.83846366 -1.          0.53602606]
CC(C)[C@H](C(=O)Nc1nccs1)c1ccc(Cl)cc1,[ 0.30249065  0.93345445 -1.         -0.10507044  0.3010719 ]
COc1cccc2c1cc([N+](=O)[O-])c1c(C(=O)O)cc3c(c12)OCO3,[-0.10321694  0.10876524 -0.73797256 -0.7429821  -0.41556177]
C[C@H](Cc1cccc(CC(=O)NC23CC4CC(CC(C4)C2)C3)c1)NC[C@H](O)c1ccc(O)c(CO)c1,[ 0.3803215   0.87474054 -0.71252024 -0.9609454  -0.36840948]
Clc1ccc(C(OCCN2CCCCC2)c2ccccc2)cc1,[-0.4669578   0.95360816 -0.77464265 -1.         -0.06924325]
C=C(C)C(=O)OCCOC(=O)C(=C)C,[-0.16976687  0.182728   -0.20000234 -0.61579365  0.40174666]
Cc1cn([C@H]2CCCN(S(=O)(=O)c3ccc(C#N)c(Oc4cccc(Cl)c4)c3)C2)c(=O)[nH]c1=O,[ 0.15044881  1.          0.6774294  -0.45944127 -0.46983355]
CC(C)=C1CCC(C)CC1=O,[ 0.14471331  0.8000634  -0.75422966 -0.9279825   0.3820007 ]
Cc1ncc(C[n+]2csc(CCO)c2C)c(N)n1,[ 0.07111101  0.21004723 -0.8482125  -0.13072082  0.6774601 ]
COC(=O)c1ccccc1,[ 0.40241063  0.4346027  -0.5222564  -0.05266285 -0.10752598]
CN(C)N(C)N=O,[-0.39556384  0.6546819  -0.69940734 -0.6835307   0.6803325 ]
OCCNCCc1ccccc1,[ 0.10756764  0.8234291  -0.6203586  -1.          0.8359366 ]
CCOP(=O)(OCC)OC(=C(Cl)Br)c1ccc(Cl)cc1Cl,[-0.184789    0.31058687 -0.9346084  -0.83668214 -0.36853772]
Clc1cc(Cl)c2nsnc2c1Cl,[-0.11558726  0.98054904 -1.         -0.91648066 -0.12769857]
CNC(=O)Oc1cc(C)c(N(C)C)cc1C(C)C,[ 0.52432865  0.9009858  -1.         -0.37995473 -0.41249377]
COCCOCCOC(C)=O,[ 0.49908295  0.8714099  -0.41006517 -0.668583    0.2793817 ]
CCOC(=O)C=Cc1ccc2c(c1)OCO2,[ 0.20010875  0.65985894 -0.9490798  -0.91361797 -0.24063087]
CC(=O)CCCCCCCC(=O)O,[ 0.28358027  0.83731973 -0.78018266 -0.65511745 -0.35514337]
NNC(=O)c1ccncc1,[-0.55829203  0.774883   -0.04622576 -0.85408384 -0.37993792]
CC1(C)C(C=C(Cl)Cl)C1C(=O)OCc1c(F)c(F)c(F)c(F)c1F,[ 0.2671794   0.8399134  -0.97749215 -0.8802382  -0.03243605]
CNC(=O)ON=C(C)SCC(N)=O,[ 0.0551132  -0.3519053  -0.19749124 -0.65286076 -0.409737  ]
Oc1ccc2c(c1)CCC2,[ 0.44904125  0.79808635 -0.67753756 -0.78139687 -0.14358608]
O=C(/C=C/c1ccc(O)c2c1C(C(=O)O)C(c1ccc(O)c(O)c1)O2)OC(Cc1ccc(O)c(O)c1)C(=O)O,[ 0.63872206  0.73713225 -0.6607314   0.7140472  -0.16731723]
O=C(c1ccccc1)c1cccc2c1CCC2C(=O)O,[-0.29083386  0.73907465 -0.5073134  -0.66214556 -0.2211771 ]
CC(=Cc1ccccc1)CC(=O)N1CCOCC1,[-0.33643472 -0.47712845 -0.39874464 -0.38765532 -0.20301218]
CN(CCCOCCOCCc1ccccc1)CCc1ccc(O)c2nc(O)sc12,[-0.66892767  0.8657874  -0.04327868 -0.6750295  -0.16963342]
Cc1cccc(C)c1CCNC(N)=O,[ 0.1403189   0.8353966  -0.73493046 -1.          0.6092854 ]
CCNC(=O)c1cc2c(-n3ccc(C(F)(F)F)n3)c(-c3cncc(-c4n[nH]c(=O)o4)c3)cnc2[nH]1,[ 0.27704078  0.87824565 -0.6586789  -0.96510005 -0.47660038]
O=c1n(CC2CO2)c(=O)n(CC2CO2)n1CC1CO1,[ 0.09321165  0.32679728 -1.         -1.         -0.24341093]
Cc1c(C(C)C)c(=O)n(-c2ccccc2)n1C,[ 0.2285932   0.8299633   0.9581927  -0.35733646 -0.5342233 ]
CCCCCCCCCCCC(=O)OCC(O)C1OCC(O)C1O,[ 0.35883683  0.49739096 -0.6220825  -0.29958636  0.04270235]
NC(=O)CF,[ 0.22724107  0.7909919  -0.95559317 -0.5502557   0.5989891 ]
CCN1C(=O)NC(c2ccccc2)C1=O,[ 0.25944862  0.44316882  0.03577009 -0.80665666 -0.00872911]
Cc1c(Sc2ccc(Cl)cc2)c2c(-c3ccccc3)cccc2n1CC(=O)O,[ 0.2566846   0.93943185 -0.17274572 -0.63396597  0.5849903 ]
CC(CN1CCOCC1)C(C(=O)N1CCCC1)(c1ccccc1)c1ccccc1,[-0.27211183  0.88772285 -0.82106864 -0.7558821  -0.48024395]
O=[N+]([O-])N1CN([N+](=O)[O-])CN([N+](=O)[O-])C1,[-0.28516987  0.7607674  -0.5083197  -0.05799475 -0.5514675 ]
CCOC(C)=Cc1oc2ccccc2[n+]1CCCS(=O)(=O)[O-],[ 0.04505786  0.9749337  -0.8024635  -0.6174596  -0.5581621 ]
O=[N+]([O-])c1cc2[nH]c(C(F)(F)F)nc2cc1Cl,[ 0.2964642   0.43374035 -0.8717769  -0.61975217  0.42138276]
ClCC(Cl)Cl,[ 0.44938028  0.56862175 -0.8260153  -0.726333   -0.14969294]
O=C(CF)Nc1ccccc1,[-0.47519714  0.96884507 -0.853756   -0.796788   -0.29244134]
COc1cc2ncnc(Nc3ccc(F)c(Cl)c3)c2cc1NC(=O)/C=C/CN1CCCCC1,[ 0.26190513  0.8552066  -0.7966249  -0.8030204  -0.5441561 ]
Nc1nc2[nH]cnc2c(=S)[nH]1,[-0.5539932  0.9236129 -0.9118621 -0.7854756 -0.0853972]
c1ccc(OP(Oc2ccccc2)Oc2ccccc2)cc1,[ 0.7451687   0.74813056 -0.9541677  -0.6049773   0.00126276]
C[N+](C)(C)[NH2+]CCC(=O)[O-],[-0.15781875  0.48237273 -0.6956578  -0.80548626  0.45340645]
O=C(OCC=Cc1ccccc1)c1ccccc1,[-0.03116018  0.71166265 -0.819212   -1.         -0.25793654]
CCCCC(CC)COCCO,[-0.19255976  0.9590779  -0.7922411  -0.65903306  0.18426277]
O=C(C(F)(F)Cl)C(F)(F)Cl,[-0.2715888   1.         -1.         -0.41706088 -0.13855164]
CC[C@@H]1OC(=O)[C@@H](C)[C@H](O[C@@H]2C[C@](C)(OC)[C@H](O)[C@@H](C)O2)[C@H](C)[C@H](O[C@@H]2O[C@H](C)C[C@H](N(C)C)[C@H]2O)[C@@](C)(O)C[C@@H](C)/C(=N\OCOCCOC)[C@H](C)[C@@H](O)[C@@]1(C)O,[ 0.15576084  0.99311405 -0.58642006  0.02121781 -0.058496  ]
C[NH2+]C(C)C1CCC(N)C(OC2C(N)CC(N)C(OC3OCC(C)(O)C([NH2+]C)C3O)C2O)O1,[ 0.28052947  0.7999863  -0.59616786 -0.70769906  0.00545203]
C=CCC1/C=C(\C)CC(C)CC(OC)C2OC(O)(C(=O)C(=O)N3CCCCC3C(=O)OC(/C(C)=C/C3CCC(O)C(OC)C3)C(C)C(O)CC1=O)C(C)CC2OC,[ 0.48057422  0.49689758 -0.62482274 -0.7945011  -0.40799886]
C=CCN1CCC23CCCCC2C1Cc1ccc(O)cc13,[-0.03132231  0.6173527   0.07888488 -0.51387805 -0.13799879]
O=C([O-])c1cc(N=Nc2ccc(S(=O)(=O)Nc3ccccn3)cc2)ccc1O,[-0.49854016  0.807715    0.13306329 -0.6785855   0.02163088]
CCOc1cc(OCC)c(C(=O)CCC(=O)O)cc1OCC,[ 0.13782746  0.9069275  -0.7321942  -0.78416675 -0.46928683]
C=CCSP(=O)(NC(=O)CC)OC,[-0.09806718  0.42392105 -0.5876048  -0.54176503 -0.02412628]
CCOC(=O)CCN(SN(C)C(=O)Oc1cccc2c1OC(C)(C)C2)C(C)C,[-0.57429403  0.8386009  -0.7572447  -0.74455297 -0.10922462]
CC(C)Nc1nc(Cl)nc(NC(C)C)n1,[ 0.51111144  0.7617176  -0.72133404 -0.9354693  -0.19225626]
Cn1c(=O)sc2cccc(Cl)c21,[ 0.06344236  0.9951932  -0.7185027  -1.         -0.26494768]
C/C=C/c1cc(OC)c2c(c1)C(C)C(c1cc(OC)c(O)c(OC)c1)O2,[ 0.70968866  0.19162889 -0.94278705 -0.60012186  0.7083    ]
CC(O)C#N,[-0.611687    0.02464245 -0.5696832  -0.8054287   0.11318201]
Cc1cn([C@H]2CCCN(S(=O)(=O)c3ccc(CO)c(Oc4cccc(Cl)c4)c3)C2)c(=O)[nH]c1=O,[ 0.21082728  0.8805983  -0.312284   -0.7210388  -0.32460973]
COC(=O)/C=C/CNC(=O)CN1C(=O)[C@@H](COC(=O)Nc2ccc(Cl)cc2C(F)(F)F)N=C(c2ccccc2)c2ccccc21,[ 0.03265472  0.87565976 -0.8804389  -1.          0.5589831 ]
COc1c(OP(=S)(OCC(C)C)OCC(C)C)cnn(C)c1=O,[ 0.45171332  0.08715486 -0.8583127  -0.5959394   0.30148497]
CC(C)CCC(C)Nc1ccc(Nc2ccccc2)cc1,[-0.33072728  0.61777955 -0.60045326 -0.93201035 -0.32549265]
CC(O)C(=O)Nc1c(I)c(C(=O)NC(CO)CO)c(I)c(C(=O)NC(CO)CO)c1I,[ 0.2722102   0.61202466 -0.90204006 -0.45740575 -0.02484711]
CCCCCCCCCCCCCCCCCCOP(=O)([O-])OCC[N+]1(C)CCCCC1,[-0.27102053 -0.9057959  -0.5754398  -0.3025913  -0.23488925]
CCOc1ccccc1C(N)=O,[ 0.6568593   0.48678017 -0.61840886 -0.2932163   0.4088198 ]
CC(C)(C)[NH2+]CC(O)c1cc(O)cc(O)c1,[ 0.50562197 -0.04402548 -0.831734   -0.70786846 -0.28856802]
CCC(=O)OC1CCC2C3CCC4=CC(=O)CCC4(C)C3CCC12C,[-0.07341115  0.02123143 -0.92771715 -1.          0.63549185]
Cc1nc(N)nc(N)c1-c1ccc(Br)cc1,[ 0.21831551  1.         -0.9904206  -0.9521333  -0.11690242]
Cc1ccc(Nc2ccc(Nc3ccc(C)cc3)c3c2C(=O)c2ccccc2C3=O)cc1,[ 0.20134729  0.5495421  -0.8121606  -0.63842845 -0.30086008]
CCN(CC)c1ccc(-c2nc(=O)n(C)nc2-c2ccc(N(CC)CC)cc2)cc1,[-0.11754789  0.17502978 -0.5587      0.75229716  0.36162737]
C=C(C)C(=O)OCCCC,[ 0.2702139   0.6723339  -1.         -0.49973857  0.81428456]
CCCOC(=O)Cc1ccc(OCC(=O)N(CC)CC)c(OC)c1,[-0.41799277 -0.21944404 -0.18743107  0.4082086   0.47916082]
Cc1cc(-n2c(C)nc3ccccc3c2=O)n(-c2ccccc2)n1,[ 0.48731905  0.6783736  -0.4361938  -0.60196096 -0.36218956]
N#CCCCCC#N,[-0.13202097  0.7639626  -0.5366237  -0.43307093 -0.437742  ]
CCCCOC(C)OCCCC,[-0.11313398  0.82352287  0.03424591 -0.67473334 -0.15750663]
CCON=C(CC)C1=C(O)CC(c2c(C)cc(C)cc2C)CC1=O,[ 0.16667071  0.15459292 -0.5898225  -0.55688363 -0.16333884]
FC(F)(F)c1nc2c(Br)cc(Br)cc2[nH]1,[ 0.18706736  0.8822894  -0.8603799  -0.6044344  -0.31288472]
C[C@@H]1O[C@@H](O[C@H]2[C@@H](O)C[C@H](O[C@H]3C[C@](O)(C(=O)CO)Cc4c(O)c5c(c(O)c43)C(=O)c3ccccc3C5=O)O[C@H]2C)C[C@H](N)[C@@H]1O,[-0.20454009  0.62116355  0.43296796 -0.8603305  -0.44393063]
Cc1cc(=O)n(CSP(=S)(OC(C)C)OC(C)C)nc1Cl,[-0.09192613  0.57189184 -1.         -0.78257084  0.08629785]
CCCCCCCCCCCCCCCN,[-0.09258864  0.8407007  -0.4186076  -1.          0.5979462 ]
CCC(=O)N(c1ccccc1)C1CC[NH+](CCc2ccccc2)CC1,[-0.04827242 -0.63848054 -0.61695164 -0.15035658 -0.255433  ]
Cc1c(OCC(F)(F)F)ccnc1C[S+]([O-])c1nc2ccccc2[nH]1,[ 0.11805855  0.79185027 -0.59713054 -0.6365554   0.30755824]
CC([NH3+])Cc1ccccc1,[-0.00610152  0.29853716 -0.7571645  -0.79203385 -0.14569017]
Cc1ccc(S(=O)(=O)Nc2c(C(=O)NC3CCCCC3)c(C)nn2-c2ccccc2)cc1,[-0.05399285  0.9984157  -0.74041736 -0.6595701  -0.15756182]
CC(NNC(=O)c1ccccc1)c1ccccc1,[ 0.36348313  0.51571214 -0.83626944 -0.46707833 -0.02608304]
C=CS(C)(=O)=O,[ 0.06678359  0.43197605 -0.7285266  -0.79702973 -0.24493027]
CCC(C)(C)OC(=O)Nc1ccco1,[ 0.44281763  0.88230234 -0.8221354   0.05733544 -0.06721548]
CCC1OC(C)SC1=NOC(=O)NC,[-0.10366855  0.8608329  -0.45271197  0.47403932  0.08251276]
CCc1cccc(CC)c1N,[-0.01781054  0.6227074  -0.72959214 -0.77113414 -0.05785068]
CCOc1ccccc1-c1ccc(-c2nc3ccncc3c(O)c2C#N)cc1,[ 0.20440549  0.77472675 -0.89959556 -0.6005182   0.19083817]
C#CC1(O)C=CC2C3CCC4=CC(=O)CCC4C3CCC21CC,[ 0.1964432   0.52480054 -0.8912461   0.03293217 -0.0397235 ]
COc1ccc2c3c1OC1CC(O)C=CC31CC[NH+](C)C2,[-0.16701356 -0.5367658  -0.6687063  -1.          0.2802067 ]
CCOC(=O)COc1ccc(C(=O)CN2CCN(C3CCN(C(=O)OCOC(=O)C(C)(C)C)CC3)CC2=O)cc1,[ 0.1761289   0.8491966  -0.6909328   0.39103714  0.50433224]
CC(=O)N[C@H](C)C(=O)NCCc1ccccc1,[ 0.3118187   0.48076126 -0.86909    -0.8562113  -0.22550125]
CCOC(=O)c1noc(C)c1C(C)=O,[ 0.47506103 -0.39039183 -0.88608575 -0.87757766  0.00497244]
C[C@H](CO)Nc1nc(SCc2cccc(F)c2F)nc2nc(N)cnc12,[ 0.17100005  0.6937959  -0.59307224 -1.         -0.08459791]
COc1ccc(C[C@@H]2c3cc(OC)c(OC)cc3CC[N@+]2(C)CCC(=O)OCCCCCOC(=O)CC[N@@+]2(C)CCc3cc(OC)c(OC)cc3[C@H]2Cc2ccc(OC)c(OC)c2)cc1OC,[ 0.25681594 -0.01693019 -0.272893   -0.5039538  -0.45826623]
O=C(O)C1N=C(c2ccccc2)c2cc(Cl)ccc2NC1=O,[ 0.20542432  0.31877473 -0.9284792  -0.6487074   0.16604538]
FC(F)=C(F)CCSc1ncccn1,[ 0.01800615  0.66622543 -0.671731   -0.9274805   0.5653973 ]
C=C1CC1CC(N)C(=O)O,[ 0.03756468  0.58960646 -1.         -0.9092047   0.37835005]
CCN1CN(CO)C(=O)N(CO)C1,[ 0.6418844   0.36404908 -0.8203239  -1.         -0.40242544]
Cc1cccc(N)c1C,[ 0.04177571  0.91291577 -0.17190053 -0.5066519  -0.16334772]
CN(C)C(=O)Oc1cccc2sccc12,[ 0.13540676 -0.05393239 -0.52063054 -0.6619189   0.19462597]
COC(=O)c1c(Cl)cccc1-c1cnc([C@@H](C)NC(=O)C2(NC(=O)C(F)(F)F)CC2)c(F)c1,[ 0.14644343  0.6170668  -0.8583336  -0.7664758  -0.25598976]
CCP(=O)(OC)SC,[-0.346236    0.7539338  -0.86847246 -0.7765262   0.6608678 ]
CCOP(=S)(Oc1cccc2cccnc12)c1ccccc1,[-0.13979314  0.70634526 -1.         -0.63390857 -0.05241327]
c1c[nH]cn1,[ 0.4822375   0.81639475 -0.64345187 -0.004041   -0.5001387 ]
C#CC(C)(C)O,[ 0.39856932  0.6568363  -0.795399   -0.37764823  0.002677  ]
CC(C)OCCO,[ 0.14678535  0.95647806 -0.6933155  -0.5776026  -0.13238668]
O=[N+]([O-])c1cc(Cl)ccc1Cl,[ 0.19709066  0.7860534   0.23341374 -0.1727713  -0.00475411]
CCC(=O)OCc1ccc(OC)cc1,[ 0.48104298  0.5011582  -0.81918794 -0.8747453  -0.07152642]
CCC(C)OP(=S)(OC)OC,[ 0.1920421   1.         -0.74342436 -0.63666254 -0.04519949]
O=C(NC(CCc1ccc2c(c1)OCO2)CCc1ccc2c(c1)OCO2)c1ccc(Cl)cc1,[ 0.24626915  0.41273546 -0.51259476 -0.9442508  -0.13850856]
CN1CCN(c2ccc3ncc(C(N)=O)c(Nc4ccc(Cl)c(Cl)c4)c3c2)CC1,[-0.18691544 -0.101112   -0.35493538 -0.3717568  -0.65461534]
CN(C)C(=O)Cl,[ 0.33167762  0.36564246 -0.4309404  -0.7158717  -0.2767845 ]
CC(=O)c1c(C)c2cnc(Nc3ccc(N4CCNCC4)cn3)nc2n(C2CCCC2)c1=O,[-0.3648104   0.94045943 -0.8207443  -0.40008384 -0.3349083 ]
CC(C)=CCN1CCC2(C)c3cc(O)ccc3CC1C2C,[ 0.16709167  0.99523485 -0.8446103  -0.5107228   0.39354783]
COc1ccc(CC2NCC(O)C2OC(C)=O)cc1,[-0.06359941  0.44697908 -0.5013451  -0.7606944   0.00097886]
Cc1cc(Sc2cc(C)c(O)c(C(C)(C)C)c2)cc(C(C)(C)C)c1O,[ 0.42805928  0.4498951   0.03790089 -0.41622946 -0.4405802 ]
CC#CCC(C)C(O)/C=C/C1C(O)CC2C/C(=C/CCCC(=O)[O-])CC21,[-0.56132203  0.7542691  -0.69496214 -0.43882832 -0.08464938]
c1ccc([C@H]([C@@H](c2ccccc2)N2CCCCC2)N2CCCCC2)cc1,[-0.9925654   0.8788831  -0.5932115  -0.5229296   0.10279693]
C[NH+](CCOc1ccc(NS(C)(=O)=O)cc1)CCc1ccc(NS(C)(=O)=O)cc1,[ 0.5382713   0.8355898  -0.8095307  -0.6708169  -0.04295395]
CC1CCCCOC1=O,[ 0.40815976 -0.939871   -0.85062134 -1.         -0.36775076]
CC(=S)NC[C@H]1CN(c2ccc(-c3nnc(CNS(C)(=O)=O)s3)c(F)c2)C(=O)O1,[ 0.6596839   0.8179091  -0.8294686   0.12482894 -0.140044  ]
CCCNC(=O)[N-]S(=O)(=O)c1ccc(Cl)cc1,[ 0.55650985  0.8962206  -0.69202155 -0.38277635  0.05850762]
CCCCC(CC)CNC1CCCCC1,[-0.21669014  0.7184223  -0.785771   -0.73170173 -0.44381002]
COC(=O)C(C)NP(=O)(OC[C@@H]1C=C[C@H](n2cc(C)c(=O)[nH]c2=O)O1)Oc1ccc(I)cc1,[ 0.03827049 -0.11318624 -0.8138453  -0.94359976  0.24834318]
O=C1COc2ccc(CNC3CCN(CCN4C(=O)COc5ccc(Cl)cc54)CC3)nc2N1,[ 0.05635223  0.5913829  -0.91803634 -0.7023626   0.01269649]
CCNc1nc(NC(C)C(C)C)nc(SC)n1,[ 0.5460736   0.6502904  -1.         -0.49057168  0.03823893]
COc1ccc(-c2nc3c(NCCCNC(C)=O)c(Br)cnc3[nH]2)cc1,[ 0.10901494  0.8657192  -0.6936266  -0.34646028 -0.13424213]
NC(=S)Cc1cccc2ccccc12,[-0.04715889 -0.3163743  -0.5539047  -0.97027904 -0.35856807]
COc1cc(OC)c(C(=O)CCCN2CCCC2)c(OC)c1,[ 0.37661296  0.7650211  -0.9616039  -0.78731525 -0.2050044 ]
O=C1CC(N2C(=O)c3ccccc3C2=O)C(=O)N1,[-0.22368568  0.2773309  -0.9878711  -0.308517   -0.12890574]
CN(C)CCOc1cc(NS(=O)(=O)c2c(Cl)cc(C(F)(F)F)cc2Cl)ccc1Cl,[ 0.2573912   0.86792934 -0.69272566 -0.24055189  0.00131065]
Cc1ccc2c(c1)c(S(=O)(=O)c1ccc(Cl)cc1)c(C)n2CC(=O)O,[ 0.3838274   0.4036439  -0.9125346  -0.24357918 -0.30416057]
CCOc1cc2nnc(C(N)=O)c(Nc3ccc(F)cc3F)c2cc1N1CCN(C)CC1,[ 0.04433884  0.34693125 -0.95609    -0.614487    0.7379266 ]
O=[N+]([O-])OC1COC2C(O)COC12,[ 0.5233722   0.80022204 -0.9011996  -0.96622366 -0.5139377 ]
C[C@@H]1NC(=O)[C@@H](C)N(C)C(=O)[C@H](C)N(C)C(=O)[C@@H](C)N(C)C(=O)[C@@H](C)N(C)C(=O)[C@H](C)NC1=O,[-0.04078858  0.5050395  -0.7428626  -0.68162984  0.00945806]
CCCCCCOCCOCCO,[ 0.25317836 -0.36386874 -0.5771718  -0.26482436  0.26996398]
C1=CCC(C2OCC3(CC=CCC3)CO2)CC1,[ 0.28928146  0.9879997  -0.76917684 -0.24909966 -0.03615712]
CC(C)CON=O,[ 0.6951376   0.82440203  0.15986419 -0.8805765  -0.22890672]
O=P(OCCCl)(OCCCl)OC1CC(C(Br)CBr)CCC1Cl,[-0.2544432   0.6893871  -0.8069276  -0.7430194  -0.10602371]
C#CC(C)(O)C(O)c1ccccc1,[ 0.12100219  0.9975225  -0.86526495 -0.38249314  0.05862653]
CCc1ccc2[nH]c(C(F)(F)F)nc2c1,[-0.01158263  0.42583746 -0.8613548  -0.87467     0.55191916]
C/C=C/CC(C)C(O)C1C(=O)NC(CC)C(=O)N(C)CC(=O)N(C)C(CC(C)C)C(=O)NC(C(C)C)C(=O)N(C)C(CC(C)C)C(=O)NC(C)C(=O)NC(C)C(=O)N(C)C(CC(C)C)C(=O)N(C)C(CC(C)C)C(=O)N(C)C(C(C)C)C(=O)N1C,[ 0.1332283   0.8157949  -0.5432842  -0.8369441  -0.22622126]
C=CCNC(=O)C(=O)C(CCC)NC(=O)C1CC2CN1C(=O)C(C1CCCCC1)NC(=O)Cc1cccc(c1)OCCC(C)(C)O2,[ 0.22158886  0.88628703 -0.999016   -0.5105145  -0.3145673 ]
CCCSP(C)(=S)OP(C)(=S)SCCC,[-0.01974696  0.90099317 -0.85000783 -0.8224667  -0.19109565]
CCCCSCCCC,[ 0.3873881   0.7293948  -0.8035739  -0.817389    0.08139458]
CCCCC(CC)CNCC(C)(N)CN(C)CC(CC)CCCC,[-0.0156725   0.02272044 -0.9304093   0.35350683  0.31069353]
S=C1NCCC(COc2ccccc2)O1,[-0.20663407  0.68986833 -0.85453486 -0.6293426   0.6261786 ]
CC1(C)CC(NC2CC(C)(C)NC(C)(C)C2)CC(C)(C)N1,[ 0.5009037   0.90947056 -0.13066456 -0.6420623  -0.27112508]
Cc1cccc([N+](=O)[O-])c1[N+](=O)[O-],[ 0.29272342  0.85632676 -0.86509293 -0.53465575  0.20274706]
Nc1ccc(Cl)cc1Cl,[-0.06081807  1.         -0.9593374  -0.82119405 -0.07577132]
Cc1c(C(=O)NCCO)[n+]([O-])c2ccccc2[n+]1[O-],[ 0.15166692  0.40150455  0.38752726 -0.3236287  -0.17803024]
CCn1cc(C(=O)O)c(=O)c2cc(F)c(N3CCN(C)CC3)cc21,[ 0.0852943  0.8355643 -0.6069704 -0.3509448  0.4175984]
C#CC(C)(C)NC(=O)c1cc(Cl)cc(Cl)c1,[-0.11291327  0.8699884  -0.6519814  -0.850762   -0.23758431]
CCOC(=O)NCCOc1ccc(Oc2ccccc2)cc1,[-0.16261928  0.02335475 -0.29498243  0.37371984  0.22702849]
CCCCOCCOC(C)=O,[ 0.3447108   0.9020811  -0.70159924 -0.24946274 -0.37805337]
O=[N+]([O-])C(CO)(CO)CO,[ 0.07142407 -0.20073651 -0.762759   -0.70750844 -0.08896825]
CC(=O)O[C@H]1C[C@@H]2CC[C@@H]3[C@H](CC[C@@]4(C)[C@H]3C[C@H]([N+]3(C)CCCCC3)[C@@H]4OC(C)=O)[C@@]2(C)C[C@@H]1N1CCCCC1.[Br-],[-0.313458    0.9586781  -0.97495174 -1.         -0.24491936]
C[N+](C)(C)CC(O)CC(=O)[O-],[ 0.01190856  0.538976   -0.9499285  -0.53784764 -0.12333793]
COc1cc(C2c3cc4c(cc3C(OC3OC5COC(C)OC5C(O)C3O)C3COC(=O)C23)OCO4)cc(OC)c1O,[ 0.00879389 -0.29203308 -0.45360345 -0.29692766 -0.24743661]
CC1CCN(C(=O)CC(Cc2cccc(C(=N)N)c2)NS(=O)(=O)c2ccc3ccccc3c2)CC1,[ 0.25761628 -0.07676049 -0.5669345  -0.25816274 -0.00891708]
COCOCCO,[-0.06545589  0.42086005 -0.7790631   0.39836574 -0.20736231]
CN(C)C1C(O)=C(C(N)=O)C(=O)C2(O)C(O)=C3C(=O)c4c(O)cccc4C(C)(O)C3C(O)C12,[ 0.13752457  0.8212825  -0.92851084 -0.75676405  0.4883217 ]
Nc1cccc(N)c1,[ 0.4592746   0.3592024  -0.13677578 -0.6589694  -0.02093904]
O=[N+]([O-])c1ccc(Cl)c([N+](=O)[O-])c1,[ 0.49574152  0.828013   -0.7692574   0.935285    0.2042789 ]
CCCCCCCCCCOC(=O)Cc1ccc(N(CCCl)CCCl)cc1,[-0.12358667 -0.648358   -0.8245334  -0.15185812  0.16298844]
NCCNCc1ccccc1O,[-0.40024152  0.6415928  -0.8366767  -0.29290614 -0.0383158 ]
CC(C)=CCOC(=O)c1ccccc1,[ 0.1619517  -0.02398349 -0.6258314  -0.16264988  0.23579857]
Oc1c(Cl)c(Cl)cc2[nH]c(C(F)(F)F)nc12,[ 0.15902029  0.74887496 -0.86962146 -0.32935897 -0.38272622]
C=C1CC23CC1(O)CCC2C12C=CC(O)C(C)(C(=O)O1)C2C3C(=O)O,[ 0.24855538 -0.18766063 -1.         -1.         -0.14899085]
Clc1cc(Cl)cc(Cl)c1,[ 0.6739624  -0.16690283 -0.56249166 -0.7087365  -0.29111174]
c1ccc2[nH]c(-c3cscn3)nc2c1,[ 0.49894777  0.8340562  -0.66130865 -0.38268977  0.1981889 ]
C#CC1(O)CCC2C3CCC4=CC(=O)CCC4C3C(=C)CC21CC,[ 0.12852092  0.9398088  -0.56094384 -0.73404497 -0.37550488]
Cc1ccc([N+](=O)[O-])cc1,[ 0.42482767  0.7242101  -1.         -0.892253   -0.47241363]
Oc1ccc2[nH]c(C(F)(F)F)nc2c1,[-0.0121878   0.8715292  -0.69670004 -0.65725726 -0.20336671]
CC(C)(C)NC(=O)NCCN1CCCC(NC(=O)c2cc(Cl)cc(Cl)c2)C1,[ 0.4122      0.7704256  -0.3545143  -0.5279758  -0.21328677]
O=C(/C=C/c1ccccc1)NCCO,[-0.46388778  0.68485856 -0.80728835 -0.11773458 -0.00346358]
Cc1ccccc1COC1CC2(C(C)C)CCC1(C)O2,[ 0.01350063  0.5792256  -1.         -0.77667165  0.03682245]
CC(=O)N(C)C,[ 0.1769406   0.682696   -1.         -0.60255235  0.6141207 ]
COCC(=O)O[C@]1(CCN(C)CCCc2nc3ccccc3[nH]2)CCc2cc(F)ccc2[C@@H]1C(C)C,[ 0.06722112  0.830749   -0.44474778 -0.9145494   0.10712878]
CC(C)(C)c1ccc(OP2OCC3(CO2)COP(Oc2ccc(C(C)(C)C)cc2C(C)(C)C)OC3)c(C(C)(C)C)c1,[-0.14511628  0.2918998  -0.34377956 -0.20453098  0.10663996]
CSc1ccc(C(=O)c2[nH]c(=O)[nH]c2C)cc1,[ 0.06631945  0.1759078  -0.9695573  -0.8669794   0.67633164]
CC(=CC(=O)O)C(=O)O,[ 0.16217825  0.59083605 -0.8850466  -0.80459225 -0.15545563]
CC(CO[N+](=O)[O-])(CO[N+](=O)[O-])CO[N+](=O)[O-],[ 0.47494212  0.8132631  -0.78584296 -0.08505885 -0.2820877 ]
C=CN(CC)C(C)=O,[-0.06912961  0.5381612  -0.6073123  -0.9014083   0.75380445]
CCCS,[ 0.39291108  0.8455085  -0.9206284  -0.81564933 -0.44706184]
CC(O)C(Cl)(Cl)Cl,[-0.20158249  0.89350617 -0.5984922   0.32718676  0.43179205]
N#CSCCSC#N,[-0.13414471  1.         -0.9293151  -0.93567485 -0.4654909 ]
C=CC(=O)OCCOCCOC(=O)C=C,[-0.24486718  1.         -0.76219916 -0.74479383 -0.04609124]
C#CCN(C)c1ccccc1OC(=O)NC,[-0.00307671 -0.7708212  -0.3267557  -0.45897037 -0.15040694]
C[C@]12C[C@H](O)[C@H]3[C@@H](CCC4=CC(=O)CC[C@@]43C)[C@@H]1CC[C@]2(O)C(=O)CO,[ 0.40924644  0.8705722  -0.40470842 -0.9324993  -0.03224438]
COC1CCC=CO1,[ 0.4091791   0.91122735 -0.7052439  -0.41136634  0.24277556]
CN1CCC(=C2c3ccccc3Sc3ccccc32)CC1,[ 0.21935233  0.85368454 -0.8394088  -0.63473004 -0.10220136]
O=[N+]([O-])c1cc(Cl)c2nc(C(F)(F)F)[nH]c2c1,[ 0.19256517  0.6270527  -0.81559247 -0.83845836  0.00424103]
CCOc1ccccc1C(=O)NN=C(C)C(=O)O,[-0.01402309  0.9019849  -1.         -0.6819463  -0.10992399]
CCCCc1c(OC(=O)c2cc(OC)c(OC)c(OC)c2)n(-c2ccccc2)n(-c2ccccc2)c1=O,[-0.05446537  0.80881196 -0.6448074  -0.7583106  -0.28713298]
O=C(OCCc1ccccc1)c1ccccc1,[ 0.51775825  0.38838574 -0.98526293  0.1875078   0.09579305]
CCNC(=O)ON=C1SCOC1C,[-0.2872647   0.70854443 -0.41681504 -0.8724333  -0.29111433]
CC(C(N)=O)(c1ccccc1)c1ccc(N)cc1,[ 0.38312     0.80850756 -0.633956   -0.7679736  -0.4636183 ]
CN(C)C(=O)Nc1cc(C(C)(C)C)on1,[-0.2793504   0.925301   -0.8246413  -0.7450717  -0.20303991]
Cc1cccc(C)c1NC(=O)C1CCCC[NH+]1C,[ 0.31664085  0.8760929  -0.98151314 -0.6962688   0.3773975 ]
CN(CCOc1ccc(CC2SC(=O)NC2=O)cc1)c1ccccn1,[ 0.21733846  0.8088414  -0.22855766 -0.7858539  -0.26736274]
CCCCCCOC(=O)C(O)c1ccccc1,[ 0.39172962  0.58782834 -0.5723347  -0.72708046 -0.34427166]
CC1CCC2(O)C3(C)CC4(O)OC2(C1O)C1(O)C3(O)C(OC(=O)c2ccc[nH]2)C(O)(C(C)C)C41C,[-0.1626885   0.861134   -0.81852853 -1.          0.10940735]
COc1cc(C(=O)NC2CCCNC2)cc(OC)c1OC,[ 0.40124938  0.782496   -0.00269908 -0.57465124 -0.19048813]
C=COC(=O)C=CC,[-0.14453919  0.7920001   0.2837001  -0.5280213   0.1694139 ]
Cc1cc(=O)nc(SCc2ccccc2N(C)C)[nH]1,[-0.24902605  0.6409699  -0.98228973 -0.9400215  -0.21182635]
CNC(=O)c1cccc2c(Nc3ccc(NS(C)(=O)=O)cc3OC)c3cccc(C)c3nc12,[-0.15809178  0.7268783  -1.         -0.5877483   0.7011606 ]
Cc1cnc(-c2cc(NC(=O)c3ccc(C(F)(F)F)nc3C)ccc2Cl)[nH]1,[ 0.16547161  0.23137814 -1.         -0.775286    0.31638348]
CC(C)CCI,[ 0.4671055   0.7878086  -0.6716283  -0.49296457 -0.11525241]
C1CSCCO1,[ 0.14700444  0.50130445 -0.6153727  -0.4761671   0.14222984]
CNC(=O)OCc1cccc(COC(=O)NC)n1,[-0.0265128   0.71864337 -0.6539994  -0.11892516 -0.24516337]
Cc1ncccc1Oc1ncnc(OC2CCN(C(=O)OC(C)C)CC2)c1C,[ 0.16733944  0.87059927 -0.6037454  -1.         -0.15487672]
CN1c2ccccc2C(NCCCCCCC(=O)[O-])c2ccc(Cl)cc2S1(=O)=O,[-0.46255857  0.8991925  -0.21537212 -0.80612224 -0.07017586]
CCOP(=S)(OCC)Oc1ccc([N+](=O)[O-])c(C)c1,[ 0.26524213  0.87655777 -0.8025517  -0.2562069  -0.44896355]
Nc1ccc(F)c([N+](=O)[O-])c1,[-0.1326959   0.85705614 -1.         -0.7404505  -0.2335648 ]
CNC(=O)Oc1ccc(Cl)c2c1OC(C)(C)C2,[-0.4637952  -0.28443986  0.33549577 -0.49909595 -0.25404298]
ClC(Cl)(Cl)c1cccc(C(Cl)(Cl)Cl)c1,[ 0.41052684  1.         -0.7316427  -1.          0.33188006]
O=C1NC(=O)C(c2ccccc2)(c2ccccc2)C(=O)N1,[ 0.5243533   0.27459064 -1.         -0.77317554 -0.3573766 ]
CC(=O)OC(C)OC(=O)C(C)c1ccc(-c2ccccc2)c(F)c1,[ 0.23338503  0.8779095  -0.69276536 -0.8393087  -0.48149562]
CCCCOC(=O)C1CC1OCCCC,[ 0.3147074   0.4209237  -0.8413894  -0.33863866  0.01677692]
COCCN(c1cccnc1)P(=O)(c1ccccc1)c1ccccc1,[ 0.25607687  0.24590907  0.5381446  -0.64595866 -0.35138378]
CNC(=O)[C@@H]1Cc2cn(cn2)CC(=O)N2CCC[C@H]2C(=O)N[C@@H](C)C(=O)N1C,[-0.01604224  0.7427175  -0.81918925 -0.85008293  0.19071487]
C[NH+]1CCOC(c2ccccc2)c2ccccc2C1,[ 0.5067666   0.25009236 -0.79094946  0.33520088 -0.3505339 ]
C#CCN1C(=O)CN=C(c2ccccc2)c2cc([N+](=O)[O-])ccc21,[ 0.31752893  0.8877726  -0.93255556 -0.42614147 -0.26990876]
CCOC(=O)C(CCc1ccccc1)NC1CCc2ccccc2N(CC(=O)O)C1=O,[-0.53183335  0.56653047 -0.66428    -0.736297   -0.1899253 ]
CCC(CC)C(=O)OCCOCCOCCOC(=O)C(CC)CC,[ 0.22115296  0.5856748  -0.445646    0.21162108  0.3095076 ]
Cc1cc(Nc2nc(N[C@@H](C)c3ccc(F)cn3)c(C#N)cc2Cl)n[nH]1,[ 0.54780257 -1.         -0.98160654 -0.8646599   1.        ]
CC(C)=CCCC(C)=CCCC(=CCCC(C)=CCO)CO,[ 0.45077154  0.78672516 -0.6331694  -0.4425251   0.6201252 ]
C=CCN(C(=O)Cn1nc(C)ccc1=O)C(C)Cc1ccccc1,[ 0.50317985  0.7078501  -0.7583165  -0.8482397  -0.21008626]
C=CC[NH+]1CCCC1CNC(=O)c1cc(S(=O)(=O)NC)c(N)cc1OC,[-0.1719605   0.51139486 -0.18062823 -0.01388781 -0.45902416]
NCC1CCC=CO1,[-0.43708402  0.1381371  -0.5498944  -0.9843282   0.10491112]
CCCN(CCC)c1c([N+](=O)[O-])cc(S(N)(=O)=O)cc1[N+](=O)[O-],[ 0.12349837 -0.47157702 -0.7764224  -0.7438484   0.24329513]
CCCCN1C(=O)c2cccc([N+](=O)[O-])c2C1=O,[ 0.22751887  0.77103496 -0.7472085  -0.56720173  0.5456822 ]
CCOP(=O)(NC(C)C)SCC(=O)NCOC,[ 0.20639087  0.42830753 -0.24030377 -0.6315711  -0.09361684]
CC(C)(C)CNC(=S)Nc1cccnc1,[ 0.09041005  0.8502398   0.19504853 -0.70772135 -0.3113238 ]
O=C(Cl)C=CC(=O)Cl,[ 0.557556    0.7254911  -0.8424331  -0.07421276 -0.00429599]
C=CS(=O)(=O)CCCCCC,[-0.06890561 -0.45830297  0.08925669 -1.          0.56560326]
CCOC(=O)C=Cc1ccc(Cl)cc1,[ 0.21692818 -0.13435557 -0.6966229  -0.44754446  0.13695973]
CC(=O)c1ccc2c(c1)N1C(=O)OCC1CC2,[ 0.41220132  0.28348148 -0.89670527 -0.6324384   0.6847919 ]
COc1cc2ncc(C(N)=O)c(Nc3ccc(C)cc3F)c2cc1OC,[-0.5118562  0.7301623 -0.5971796 -0.958005   0.3089094]
CON=C(Cc1cccnc1)c1ccc(Cl)cc1Cl,[ 0.38321045  0.5063868  -0.77736217 -0.5568779   0.34118313]
CC=C(CC)C(=O)NC(N)=O,[ 0.43264225  0.7551249  -0.7593304  -0.541506   -0.0986309 ]
FC1(F)CC(C2CC3(Cl)C(Cl)=C(Cl)C2(Cl)C3(Cl)Cl)C1(F)F,[ 0.43022773  1.         -0.7952167  -0.590904    0.5163986 ]
O=C(O)CC(CC1CCN(C(=O)CCc2ccc3c(n2)NCCC3)CC1)C1CNc2ccccc2C1,[ 0.15560819  0.48000017  0.5226115  -0.66076374  0.34977528]
CC1CC(=O)CC(C)O1,[-0.12903433 -0.6457496  -0.6473583  -0.5390102   0.20506588]
C/C([O-])=C(\C#N)C(=O)Nc1ccc(C(F)(F)F)cc1,[ 0.38733453  0.61122125 -0.7605974  -0.8535652  -0.68292445]
CO[Si](CCCOCC1CO1)(OC)OC,[-0.29627138  0.8512244  -0.35886076 -0.5596494  -0.12857704]
COc1ccc(C(Oc2ccccc2)C2=NCCCN2)cc1,[-0.03927487 -0.7713085  -0.68144155 -0.8636685  -0.04277908]
CNC(=O)ON=C(C)SC,[-0.00771858  0.8469157  -0.53426045 -0.61375266 -0.15788436]
CC#CCC(C)C(O)C=CC1C(O)CC2Oc3c(CCCC(=O)O)cccc3C21,[ 0.36346868  0.8725847  -0.7034821  -0.6086225  -0.2253931 ]
CCNC(=O)C=Cc1cccc(Br)c1,[ 0.12798035  0.82278097 -0.45591295  0.2738693   0.18036301]
CCCN(CCC)c1c([N+](=O)[O-])cc(C)cc1[N+](=O)[O-],[ 0.4766281   0.733888   -0.42226306 -0.03824968 -0.2531912 ]
Cc1nc(C(F)(F)F)ccc1C(=O)Nc1ccc(Cl)c(-c2ccccn2)c1,[ 0.10576497 -0.48971418  0.00788955 -0.47125468 -0.169241  ]
C=COC(=O)CCCCC(=O)OC,[ 0.17060915 -0.5472448  -0.7935073  -0.11403892  0.8505542 ]
CN(C)CCCC1c2ccccc2Nc2ccc(Cl)cc21,[ 0.21081202  0.8534036  -1.         -0.8027864  -0.12114967]
CCOC(C1=NCCCN1)c1c(Cl)cccc1Cl,[ 0.46141678  0.6556623  -0.47847366 -0.40351838 -0.2325878 ]
COc1cc2ncc(C(N)=O)c(Nc3cccc(Cl)c3Cl)c2cc1N1CCN(C)CC1,[-0.05016156  0.5820829  -0.7701983  -0.97225505 -0.47919407]
NC(=O)Nc1cccc2c3c([nH]c12)CCCC3,[ 0.35981655  0.5137378  -0.91308415 -0.53241605 -0.05747816]
CCCc1c(OCc2cccn3c(=O)c(CCC(=O)O)cnc23)ccc(C(C)=O)c1O,[ 0.18155748 -0.8086701  -0.13264179 -0.60581815 -0.02824621]
CCCOCCN(C(=O)CCl)c1c(CC)cccc1CC,[ 0.40592167  0.8236745  -0.98098075  0.206428   -0.00989299]
CC(COc1ccc(Cl)cc1Cl)C(=O)O,[-0.16744086  1.         -0.8109683  -0.6911573   0.22090532]
CCCCC(CC)(C(=O)OCC)C(=O)OCCN(CC)CC,[ 0.31930813  0.8845647  -0.8033897  -0.8566435   0.18643643]
COCCOCc1ccccc1,[ 0.26946416  1.         -0.6538631  -0.5262642  -0.17637585]
C=C(C)CN(CC)c1c([N+](=O)[O-])cc(C(F)(F)F)cc1[N+](=O)[O-],[ 0.66729134  0.5566977  -1.          0.18185377  0.5781763 ]
CCCCCCCc1ccccc1O,[ 0.37233242  0.35722354 -1.         -0.7823244  -0.31011268]
O=CCCCC=O,[ 0.22738598  0.9035453  -0.5731078  -0.95122075  0.97228765]
Cc1cc(Nc2cncc(N[C@@H](C)c3ccc(F)cn3)n2)n[nH]1,[-0.0567548  -0.7612204  -0.48242745 -0.09621237 -0.56081814]
CN1CCN(CCCN2c3ccccc3Sc3ccc(Cl)cc32)CC1,[ 0.02240264  0.4021392  -0.5346595  -0.6311948  -0.46234086]
Cc1cc(Cl)ccc1OCC(=O)Nc1ccccc1,[-0.44428784  0.906551   -0.8867098  -0.512713   -0.01951846]
O=c1cc(Cn2c(C3CCC3)nc3nccnc32)c2ccc(F)c(F)c2[nH]1,[ 0.1309679   0.8359868  -0.70775557 -0.5336752   0.12768874]
O=P([O-])([O-])C(O)(Cn1ccnc1)P(=O)([O-])O,[-0.6723653   0.43580067 -0.63782936 -0.13009182  0.07552652]
CN(C)CC=C(c1ccc(Br)cc1)c1cccnc1,[ 0.00998494  0.7868952  -0.60119313 -0.80624294 -0.13070492]
CN1C(=O)CN=C(c2ccccc2F)c2cc(Cl)ccc21,[-0.11143991  0.80899155 -0.82160634 -0.5254821  -0.5233634 ]
CC(=O)OCCOCCOCCOC(C)=O,[ 0.5553425   0.8637951  -0.8317368  -0.54640615 -0.14298637]
CN,[ 0.7542518   0.76791376 -0.87083715 -0.2424436  -0.5929444 ]
CC(C)NCC(O)c1ccc(O)c(O)c1,[ 0.1334786   0.89704806 -0.7855584   0.15320995  0.0829533 ]
O=C(O)CCC(=O)OC1CCCCC1,[-0.21151914  0.7491043  -0.5538634  -0.7505459  -0.28870627]
C(Oc1nc(OCC2CO2)nc(OCC2CO2)n1)C1CO1,[ 0.19683363  0.8510904  -0.5373907  -1.         -0.17427123]
O=C(Nc1ccc(Br)cc1)c1cc(Br)cc(Br)c1O,[ 0.58141965 -0.7943228  -0.76993454 -0.52883494 -0.21183881]
CCCCCCC(N)C(=O)N[C@@H](Cc1c(C)cc(O)cc1C)C(=O)N1CCC[C@@H]1C(=O)N[C@@H](Cc1c[nH]c2ccccc12)C(=O)N[C@@H](Cc1ccccc1)C(N)=O,[ 0.33306065  0.7773038  -0.99434716 -0.778664   -0.23782717]
CC(=O)Nc1ccc(CNc2[nH]nc3ccnc(Oc4ccccc4)c23)cc1,[ 0.24362953  0.73886603 -0.75188714 -0.7523147  -0.33137393]
S=c1[nH]c2cc(Cl)ccc2o1,[ 0.17622846  0.87452453  0.2590031  -0.6748141  -0.32991284]
CCS(=O)CCSP(=O)(OC)OC,[ 0.25876448  0.92531633  0.494418   -0.80857974  0.21531999]
CCCN(CCC)c1c([N+](=O)[O-])cc(C(C)C)cc1[N+](=O)[O-],[ 0.04762017  0.94593006 -0.8346693  -0.6589261   0.3729942 ]
CSCC(NC(=O)COc1cccc2cnccc12)C(=O)NC(Cc1ccccc1)C(O)C(=O)N1CSCC1C(=O)NC(C)(C)C,[ 0.57529294  0.34676582 -0.7974059  -0.67786795  0.20322716]
O=C1C(Cl)C(CCl)CN1c1cccc(C(F)(F)F)c1,[-0.04770899  0.69972354 -0.817837    0.01827159  0.6786753 ]
CCN(CC)CCOCCO,[ 0.27902624  1.         -0.8602837  -0.6821098  -0.6211511 ]
COc1cc2nc(N3CCN(C(=O)c4ccco4)CC3)nc(N)c2cc1OC,[ 0.2549479   0.00306023 -0.8463162  -0.5201978   0.40849295]
Cc1ccc(C(=O)c2ccc(CC(=O)NCC(=O)Nc3cccc(C)c3C)n2C)cc1,[ 0.26955694  0.87655103 -0.84886956 -0.33834857  0.22711839]
Oc1nc(-c2ccccc2)nc2ccccc12,[ 0.17926985  0.9661696  -1.         -0.5746317   0.23712802]
ClCc1ccccc1,[ 0.4254887   0.91705126 -0.2764596  -0.76693577  0.0610074 ]
COc1ccc(CC2c3cc(OC)c(OC)cc3CCN2C)cc1OC,[ 0.13917246  0.9128453  -0.7386434  -0.7858187  -0.14114583]
Fc1ccc(Br)cc1,[-0.43443757  0.789095   -0.75912946 -0.12454211  0.05445134]
CN1CCN(CCC=C2c3ccccc3Sc3ccc(S(=O)(=O)N(C)C)cc32)CC1,[-0.24130692  0.86826384 -0.4894169  -0.6251355   0.04109153]
CCN(CC)CCCCCCCCCCNC(=O)Oc1ccc2c(c1)C1(C)CCN(C)C1N2C,[ 0.2707409   0.40378237 -0.22358567 -0.42453387  0.46409652]
C[C@@H](NC1=CC(=O)CNC1)c1ccc(Nc2ncc3cc(-c4ccncc4)ccc3n2)cc1,[ 0.08409095  0.7739665  -0.6466034  -0.70510745  0.44322383]
CC(=O)Oc1ccc2c3c1OC1C(OC(C)=O)C=CC4C(C2)[NH+](C)CCC341,[ 0.30213967 -0.29761443 -0.51251227 -0.08817001  0.46748412]
CC1CCCCC1NC(=O)Nc1ccccc1,[ 0.18657464  0.6545828  -0.7443953  -0.923907   -0.30954757]
C[C@@H](NC(=O)C1CCCCN1C)c1ccc(Nc2ncc3cc(-c4ccncc4)ccc3n2)cc1,[ 0.13623211  0.86012906 -0.8453291  -0.62799543  0.00461228]
ClC(Cl)(Cl)c1ccc(C(Cl)(Cl)Cl)cc1,[-0.04656066  0.48955056 -0.7463736   0.24796759  0.24581283]
Cc1cnc(C)c(C)n1,[ 0.23249105 -0.0188111  -0.7166759  -0.23855694 -0.2629069 ]
CC(=O)NCCCS(=O)(=O)[O-],[ 0.20361681  0.7641067  -0.6863808  -0.68153113 -0.35769022]
C=CC(=O)OCCOCCC#N,[-0.16252877  0.71993184 -0.81734717 -0.751759    0.10902847]
CC(C(=O)O)c1ccc(CC2CCCC2=O)cc1,[ 0.41279987  0.81014293 -0.5678635  -1.          0.05512435]
C[C@@H](NC1=CC(=O)CC1)c1ccc(Nc2ncc3cc(-c4ccncc4)ccc3n2)cc1,[ 0.5732591   0.82080424 -0.72454256 -0.43951663  0.3302666 ]
CN(CCO)Cc1cc(C(=O)c2cccs2)cc(C(C)(C)C)c1O,[-0.8017849  0.9965292 -0.8167541 -0.6889102 -0.4090678]
COc1cc2nc(N3CCN(C(=O)C(C)OC)CC3)nc(N)c2cc1OC,[ 0.21414992  0.90323377 -0.60846096 -0.66248554  0.47494972]
CCOC(=O)C(C)Oc1ccc(Oc2nc3ccc(Cl)cc3s2)cc1,[ 0.01312813 -0.23624279 -0.60843647 -0.68597007  0.7580899 ]
CON(C)C(=O)Nc1ccc(Cl)cc1,[-0.25133884  0.8844882  -0.26743066 -0.81576324 -0.14303748]
N#Cc1cc(Br)c(O)c(Br)c1,[ 0.4764991   0.7881701  -0.769979   -0.703384    0.51957524]
Brc1ccc2[nH]cc(CC3CCNCC3)c2c1,[ 0.17122541  0.81618804 -0.82781714 -0.9298318  -0.04096274]
COP(=O)(OC)ON1C(=O)c2cccc3cccc(c23)C1=O,[ 0.18700008  0.6190401  -0.77099663 -0.08947282  0.41557473]
CN(C)CCOCCOCCN(C)C,[-0.03577572 -0.5072667  -0.8290858  -0.7904956  -0.16912   ]
Cc1cnc(NC(=O)C2=C(O)c3ccccc3S(=O)(=O)N2C)s1,[ 0.21708879 -0.45990157 -0.8040266  -0.78391314 -0.2327862 ]
CC1(C)SCN(C(=O)C2(Oc3ccc(Cl)cc3)CCCCC2)C1C(=O)O,[ 0.26141557  0.5974639  -0.53077483 -0.69965476 -0.40971702]
CCCC1CC(C(=O)NC(C(C)Cl)C2OC(SC)C(O)C(O)C2O)[NH+](C)C1,[ 0.8459169   0.6559311  -0.8226267  -0.26888788 -0.37698916]
CC1NC(=S)NC1=O,[ 0.21572293  1.         -0.9898614  -1.          0.39911693]
COc1cc2nc(N3CCN(C(=O)C4COc5ccccc5O4)CC3)nc(N)c2cc1OC,[ 0.40628457  0.97867143 -0.7166497  -0.64561254  0.5121547 ]
Cc1ccc2c(c1)c(-c1ccnc3cc(Cl)ccc13)c(C)n2CC(=O)O,[ 0.21824408  0.53698087  0.22527504 -0.73923093  0.18813483]
CC(CO)Oc1ccccc1,[-0.12018047  0.7885481  -0.7656404  -0.8200891  -0.64193845]
CCCCN(CCCC)CCCC,[ 0.02336516  0.83157015 -0.5484829  -1.         -0.42118546]
CCOCCCO,[ 0.2808118   0.09451554 -0.5632128  -0.74082804  0.10549255]
COc1cc(Nc2nc(N[C@@H](C)c3ncc(F)cn3)ncc2Br)n[nH]1,[ 0.6930661   0.59989786  0.01917239  0.10927013 -0.4640247 ]
CNNC,[ 0.39490968  0.6393117  -0.9918888  -0.6179193  -0.49494255]
CCC(C)OC=O,[ 0.6471935  -0.5843131  -0.4289154  -0.700063   -0.40363756]
CC[C@H](C)C(=O)O[C@H]1C[C@H](O)C=C2C=C[C@H](C)[C@H](CC[C@@H](O)C[C@@H](O)CC(=O)O)[C@H]21,[ 0.09835657  0.83107084 -0.91086435 -0.90814584  0.04552013]
CCC(C)c1ccccc1,[ 0.33650947  0.8099479  -1.         -0.14214799 -0.38169673]
CCCCOC(=O)c1ccc(-n2nc(OCCN3CCCCC3)c3ccccc32)cc1,[ 0.03108343  1.         -0.6547355  -1.         -0.17195351]
Cc1ccc2nc(C[N+]34CCC(CC3)[C@@H](OC(=O)[C@](C)(c3ccccc3)N3CCCCC3)C4)oc2c1,[ 0.48994684  0.829465   -0.576417   -0.7080325  -0.5276305 ]
COC(CN1CCN(CCC(O)c2ccccc2)CC1)c1ccccc1,[ 0.26056695  0.6515938  -0.8752296  -1.         -0.26204577]
C=CCOc1ccccc1OCC(CNC(C)C)OC(=O)C1CC1,[-0.26659846  0.554598   -0.8310363  -0.9222515  -0.28431657]
C=C(C)C1CC=C(C)C(O)C1,[ 0.07648279  0.53427607 -0.72486484 -0.5334904   0.40835416]
O=P([O-])([O-])C(Cl)(Cl)P(=O)([O-])O,[ 0.45036474  0.9425281  -0.7779896  -0.70820755 -0.3022941 ]
COC(C)COC(C)COC(C)CO,[ 0.48949498  0.44885314 -0.644862   -0.4353949   0.14658637]
CN(C)C(=O)N(C)N=O,[ 0.4689688   0.81352353 -0.99021846 -0.71324515 -0.18052632]
CC(C)OP(=S)(OC(C)C)SCn1nc(Cl)ccc1=O,[-0.61055624  0.89027566 -0.3213814   0.07568911 -0.36960974]
CCOP(=S)(OCC)SCC(=O)N(CCC#N)c1ccccc1,[ 0.2879839  0.9688151 -0.9528136 -0.9279246 -0.0188877]
CCCCCC(O)C=CC1C(O)CC(O)C1CC=CCCCC(=O)O,[ 0.43365613 -0.17170426 -0.8368593  -0.34881923  0.04978558]
CCCCCCCCOC(C)=O,[-0.12636097  0.56135297 -0.82173246 -0.84945476 -0.7162018 ]
O=[N+]([O-])c1cc(C2CCCCC2)c(O)c([N+](=O)[O-])c1,[ 0.303303    0.7334801  -0.53739583 -0.6491488   0.12891664]
COc1cnc(-c2ccccc2C(F)(F)CNC(=O)c2ccc(COCC(F)(F)F)nc2)cn1,[-0.1041527   0.20925222 -0.51466054 -0.759155    0.19201247]
CCc1nc(N)nc(N)c1-c1ccccc1,[ 0.44818345  0.15844584 -0.6154674  -0.8304531  -0.17154828]
CCC(CCCCOC(=O)c1ccccc1)COC(=O)c1ccccc1,[ 0.21745633  0.69585085 -0.86051846 -0.6712666  -0.1519901 ]
C=C(Cl)C(Cl)CCl,[ 0.10138535  0.5205878  -0.22151716  0.21361189  0.04898791]
CCCSP(C)(=S)SC(CC(=O)OCC)C(=O)OCC,[ 0.28657594  0.87583977 -1.         -0.46220663 -0.04442303]
COc1cc(N)c2c(c1N)C(=O)c1ccccc1C2=O,[ 0.26860172  0.53501624 -0.7930079  -0.74863327 -0.12712355]
CC(Cl)(Cl)[N+](=O)[O-],[-0.43441546  0.8509861  -0.8031647  -0.9259766  -0.23035748]
COc1cc(OC)c(S(=O)(=O)N2c3ccccc3CCC2C)cc1NC(=O)CSCC(=O)O,[ 0.00376099  0.70210236 -0.69693863 -0.87974817 -0.00382276]
CCOC(=O)CCC[Si](C)(OCC)OCC,[ 0.32051474  0.98277485 -0.8121417  -0.6963261   0.71489215]
CCN1CCCC1CNC(=O)c1cc(S(N)(=O)=O)ccc1OC,[-0.2280109  -0.34546506 -0.14631185 -0.36623606 -0.25562012]
O=NN(c1ccccc1)c1ccccc1,[ 0.3101313   0.8680691  -0.65921646 -0.4816256  -0.31629664]
C=CCOC(=O)CCCCC,[ 0.34444368  0.7471082   0.00965499  0.635145   -0.15526108]
CC(=O)C1OC1(C)C,[ 0.7190649   0.78094304 -0.714782   -0.53981066 -0.38256115]
O=C(c1ccc(Cl)cc1)c1ccccc1-c1ncc[nH]1,[-0.03899746  1.         -0.53706664 -0.7130438   0.0288025 ]
CSCCC([NH3+])C(=O)NC1(C(=O)[O-])CS(=O)(=O)C2C(C(=O)[O-])C21,[-0.20092875  0.5548913  -0.23674154 -0.628035   -0.22672161]
Nc1cc2c(S(=O)(=O)O)cc(S(=O)(=O)O)cc2cc1S(=O)(=O)O,[ 0.46244884  0.7511357  -0.79881454 -0.594144   -0.18556142]
C=CC(=O)OCC(CC)CCCC,[-0.0115943   0.65061384 -0.6257815  -0.9464692   0.63087094]
COC(=O)c1cc(Oc2ccc(Cl)cc2Cl)ccc1[N+](=O)[O-],[-0.23538743  0.21110275 -0.21910131 -0.66198033 -0.2021918 ]
CC1[NH2+]Cc2cc(-c3ccc4c(=O)c(C(=O)[O-])cn(C5CC5)c4c3OC(F)F)ccc21,[-0.15128383  0.78928596 -1.         -1.         -0.17873843]
NC(=O)CCCCC1CCSS1,[ 0.19873613  0.76938933 -0.44951227 -0.67214364 -0.10752203]
O=C([O-])CCCc1ccc(N(CCCl)CCCl)cc1,[ 0.21343842  0.8958497  -0.59045917 -0.84301156 -0.4883734 ]
CCSP(SCC)SCC,[ 0.38293454  0.9946703  -0.46748897 -0.6382513  -0.43219528]
O=c1c(Cl)c(Cl)cnn1-c1ccccc1,[ 0.26958984  0.91895646 -0.7943369  -0.2799026  -0.05105223]
CC(C)OC(=O)C(C(=O)OC(C)C)=C1SCCS1,[ 0.09453998  1.         -0.86961305  0.2175536   0.00342981]
FC(F)(F)c1nc2cc(Br)c(Cl)cc2[nH]1,[ 0.03533807  1.         -0.80863446 -0.27430713  0.2831307 ]
COc1cc2c(cc1OC)C1CC(=O)C(CCC#N)CN1CC2,[-0.21988663  1.         -0.7203386  -1.          0.6786997 ]
O=C(O)c1cccc(Cl)n1,[-0.0036787   0.8979536  -0.7709586  -0.57660896  0.22530794]
CCN(N=O)C(C)OC,[ 0.02731607  0.9519816  -0.30199277 -0.7298988   0.5802846 ]
Nc1ccc(S(=O)(=O)O)c2cccc(O)c12,[-0.0649416   0.96332633 -0.65438753 -0.89990884  0.5232649 ]
CN(C)C1CC(c2ccccc2)c2ccccc21,[ 0.16097079  0.82661206 -0.9803185  -0.62738866 -0.22334586]
O=C(CN1CCNCC1)NN=Cc1ccc([N+](=O)[O-])o1,[-0.09320901  0.842625   -1.         -0.77722216  0.02288517]
OC(CCN1CCCC1)(c1ccccc1)C1CCCCC1,[ 0.08325244  0.8276574  -0.5294194  -0.5364142  -0.09489593]
COc1ccc2c3c1OC1C(O)C=CC4C(C2)[N+](C)([O-])CCC341,[-0.13705839  0.77683824 -0.64918023 -0.72550774 -0.2197882 ]
CC(C)C(CCC(C)C1CCC2C3C(O)CC4CC(NCCC[NH2+]CCCC[NH3+])CCC4(C)C3CCC12C)OS(=O)(=O)[O-],[ 0.05137767  1.         -0.8526885  -0.99160695  0.25362244]
CC1OC(OC2C(O)CC(OC3C(O)CC(OC4CCC5(C)C(CCC6C5CC(O)C5(C)C(C7=CC(=O)OC7)CCC65O)C4)OC3C)OC2C)CC(O)C1O,[-0.31746233  0.6028234  -0.68585926 -0.5681728  -0.19366135]
COc1cc2c3cc1Oc1cc(ccc1O)CC1c4c(cc(OC)c(O)c4Oc4ccc(cc4)CC3[NH+](C)CC2)CC[N+]1(C)C,[ 0.17109676  0.84746    -0.66229045 -0.6282475   0.02164638]
COc1cc2c3c(c1O)C1(C=CC(=O)C=C1)CC3N(C)CC2,[ 0.09157149  1.         -0.958625    0.12367848  0.03355453]
CC(=O)N(C)c1ccc(Nc2ncc3cc(-c4ccncc4)ccc3n2)cc1,[-0.12714384  0.629404   -0.4931131   0.6416751   0.32263428]
CC(CN1CC(=O)NC(=O)C1)N1CC(=O)NC(=O)C1,[-0.51742196  0.7302379  -0.8986312  -0.86790353 -0.12239521]
CO[Si](CCCn1c(=O)n(CCC[Si](OC)(OC)OC)c(=O)n(CCC[Si](OC)(OC)OC)c1=O)(OC)OC,[-0.1693169   0.67173576 -0.75844955  0.1999938   0.00217694]
C=CCNC(=S)Nc1ccccc1,[-0.03009009 -1.         -0.88175064 -0.75372535  0.12064253]
CCC(c1ccccc1)c1c(O)c2ccccc2oc1=O,[ 0.05455178  0.9246938  -0.90209365 -0.91589046 -0.27319786]
Oc1cc(Cl)c(Cl)c(Cl)c1Cl,[-0.09233952  0.47578266 -0.83897835 -0.4713375  -0.42575347]
Cc1cn([C@H]2CCCN(S(=O)(=O)c3ccc(C(N)=O)c(Oc4cccc(Cl)c4)c3)C2)c(=O)[nH]c1=O,[ 0.01068167  0.61804307 -0.67579025 -0.7297992  -0.09411477]
Oc1c(O)c(-c2c(Cl)c(Cl)c(Cl)c(Cl)c2Cl)c(Cl)c(Cl)c1Cl,[ 0.34758833  0.76849395  0.6652076  -0.06554684  0.03294524]
CN=C=S,[ 0.4332678   0.6325211  -1.         -0.41260374  0.77799255]
O=C(OCC1CO1)c1ccccc1C(=O)OCC1CO1,[ 0.2352243   0.4466743  -0.71292526  0.8308982   0.29034665]
C[S+]([O-])Cc1ccc(C(=O)Nc2ccc(OCCOCCO)nc2C(=O)NCC2CCC2)c2ccccc12,[ 0.20859875  1.         -0.7933934  -0.6463343   0.03869309]
CC(C)(C)CC(=O)Nc1c(F)cc(C(=O)Nc2nccs2)cc1F,[ 0.14267184  1.          0.58434135 -0.79112786  0.17778635]
CCCN(N=O)C(N)=O,[-0.4768411   0.84829056 -0.37817585 -0.9831326  -0.10579441]
CCCCOC(=O)CC(SC(CC(=O)OCCCC)C(=O)OCCCC)C(=O)OCCCC,[ 0.05909845  0.79783756 -0.8544079  -0.01681842 -0.06936235]
CN1CCN(C2=c3ccccc3=Nc3ccc(Cl)cc3N2)CC1,[-0.3384963  0.7920734 -0.203136  -0.6872671 -0.3754432]
CCCCCCCCC1OC1CCCCCCCC(=O)OCC1(CC)OC1CCC,[ 0.37540627 -0.32832468 -0.55024034 -0.7306543   0.09345897]
COC(=O)c1ccccc1N=NN(C)C,[-0.14046802  0.85383236 -0.8329626  -0.7059511  -0.2467851 ]
S=C=NCCN=C=S,[-0.4834173   0.3845665  -0.38032314 -0.5826977  -0.2962841 ]
COc1cc2c(c3oc(=O)c4c(c13)CCC4=O)C1C=COC1O2,[ 0.0846964   0.82760304 -0.50596386 -0.77705574 -0.35809997]
CNC(=O)ON=C(C)SCC(=O)N(C)C,[ 0.66443574  0.23392044 -0.71323997  0.9094642   0.3037526 ]
O=C(O)COc1ccccc1,[ 0.13450912  0.5980028  -0.86030084 -0.38761508 -0.32350713]
O=C(CSc1nc2c(c(=O)n1-c1ccccc1)SCC2)Nc1ncc(-c2ccccc2)s1,[ 0.74831694  0.8306698  -1.         -0.5908116   0.5480102 ]
Cn1cncc1CN(CCN(Cc1ccccc1)S(=O)(=O)c1ccccn1)c1ccc(C#N)cc1,[ 0.23323622  0.08927643 -0.79624707 -0.67935777  0.00080932]
Nc1ccc(N)cc1,[ 0.26270092  0.5007012  -0.4604749  -0.49778554 -0.15388913]
O=[N+]([O-])OCC(O)CO,[ 0.10628867  0.94922125  0.46460828 -0.5025262   0.3635219 ]
C#CC1(O)C(CO)OC(n2ccc(N)nc2=O)C1O,[-0.3381145   0.4884266  -1.         -0.6537402  -0.30188948]
CCC1(CC)C(=O)NCC(C)C1=O,[ 0.29818448 -0.0477318  -0.6049603  -0.5680493   0.65993077]
Cc1cn([C@H]2CCCN([C@H](CC(C)C)c3ccc(C(=O)O)c(Oc4cccc(Cl)c4)c3)C2)c(=O)[nH]c1=O,[ 0.18674205  0.92493993 -0.9497128  -0.78465533 -0.32517636]
CCCCn1c(=O)n(CCC)c(=O)c2[nH]c(C)nc21,[ 0.34032127 -0.24966975 -0.70507455 -0.59962875  0.0817131 ]
C[C@@H]1O[C@@H](O[C@H]2[C@H](Oc3cc(O)c4c(c3)O[C@H](c3ccc(O)cc3)CC4=O)O[C@H](CO)[C@@H](O)[C@@H]2O)[C@H](O)[C@H](O)[C@H]1O,[ 0.54331434  1.         -0.84667164  0.11560256 -0.4357071 ]
O=c1cc(-c2ccc(O)cc2)oc2cc(O)cc(O)c12,[-0.28079098 -0.10221344 -0.05192845 -0.4579543   0.5223682 ]
CCOC(=O)CCN(Cc1ccccc1)SN(C)C(=O)ON=C(C)SC,[-0.3607419   1.         -0.85979426 -0.64585376 -0.08557819]
COc1cc2c(cc1OC)C(Cc1cc(OC)c(OC)c(OC)c1)[N+](C)(CCCOC(=O)CC/C=C\CCC(=O)OCCC[N+]1(C)CCc3cc(OC)c(OC)cc3C1Cc1cc(OC)c(OC)c(OC)c1)CC2,[-0.09139652  1.         -0.7592471  -0.9293435   0.12900911]
CCC(CC)(C(=O)O)c1cccc2ccccc12,[-0.14298075  0.8621882  -0.85562533 -0.9197292   0.14008698]
C=CC(=O)OCC(=O)OCC,[-0.48419696  1.         -0.30469695 -0.7619955  -0.07481065]
OCCOc1cc(Cl)c(Cl)cc1Cl,[-0.3545111   0.9073026  -0.7040374  -0.41963777 -0.0761973 ]
COP(=S)(OC)Oc1cnc2ccccc2n1,[ 0.6501625   0.81404334 -0.75836587 -0.593214    0.08970577]
Cc1ccc(N=CN(C)SN(C)C=Nc2ccc(C)cc2C)c(C)c1,[ 0.09150167  0.6799359   0.1946415  -0.29463106  0.2281691 ]
CO/N=C(/C(=O)NC1C(=O)N2C(C(=O)[O-])=C(C[N+]34CCC(C(N)=O)(CC3)CC4)CSC12)c1nsc(N)n1,[ 0.06051302  0.9503205  -0.7497962  -1.          0.19988471]
O=c1cc(-c2ccc(O)cc2)oc2cc([O-])c(C3OC(CO)C(O)C(O)C3O)c(O)c12,[ 0.05106006  0.6301361  -0.00571103 -0.01342901  0.4868063 ]
CON=C(C(=O)NC1C(=O)N2C(C(=O)O)=C(COC(N)=O)CSC12)c1ccco1,[-0.10398717  0.23042375 -0.9088783  -0.86720514 -0.06621686]
CCCP(=O)(CCC)CCC,[ 0.244116    0.87480813 -0.85786194 -0.8174847   0.00234888]
CCc1cc2c(s1)-n1c(C)nnc1CN=C2c1ccccc1Cl,[ 0.08673695  0.9690901  -0.9480059  -0.8938332  -0.42333034]
O=CCc1ccccc1,[ 0.04753982  0.03015109 -0.7920354   0.5976473  -0.0732083 ]
FC(F)(F)c1nc2c(I)cc(I)cc2[nH]1,[ 0.29216993  0.8438969  -0.789815   -0.5689254   0.24281248]
[O-][n+]1onc2c1c1no[n+]([O-])c1c1no[n+]([O-])c21,[ 0.3478243   0.6984336  -0.84925115 -0.8092143  -0.15196717]
CC(O)CO,[ 0.4047056  0.9116668 -1.        -0.7102602  0.9546247]
Cc1nn(C2CCCCC2)c(N)c1-c1ccccc1,[ 0.18997446  0.8801001  -1.         -0.76439285 -0.0247646 ]
Cc1cc([N-]S(=O)(=O)c2ccc(N)cc2)no1,[-0.4430644  -0.72586584 -0.7237871  -0.80581456  0.34429994]
O=C(Oc1ccccc1)c1ccccc1C(=O)Oc1ccccc1,[ 0.22342514  0.504789   -0.5893025  -0.539355   -0.09030573]
COc1ccc(N)c([N+](=O)[O-])c1,[ 0.06461944  0.927378   -0.847952   -0.9069361   0.03117727]
CNC(=O)c1c(I)c(NC(C)=O)c(I)c(C(=O)[O-])c1I,[ 0.28114465  0.93343425 -0.41073862 -0.71331877 -0.415793  ]
Cc1ccc(N=C=O)cc1N=C=O,[ 0.13021374  0.58643705 -0.7154791  -0.88828665 -0.19911835]
C=C(C)c1cccc(C(C)(C)N=C=O)c1,[ 0.03394821  0.91182435 -0.30156535 -0.75418    -0.19334275]
O=c1[nH]c2c(O)ccc([C@@H](O)CNCCSCCCNCCc3cccc(Cl)c3Cl)c2s1,[-0.1163199   0.4943093  -0.603402    0.5790956  -0.02240338]
O=C1c2ccccc2N(C(=O)CN2CCOCC2)CN1c1ccccc1,[ 0.4381052   0.5414196  -0.85789526 -0.58750373 -0.00554937]
CCCCSN(C)C(=O)Oc1cccc2c1OC(C)(C)C2,[ 0.19736682  0.7531339   0.03093428 -1.          0.5514128 ]
CC(N)C(O)c1cccc(O)c1,[ 0.11350954  0.52749926 -0.7063784   0.19611712  0.5702361 ]
O=C(Cc1cccs1)N[C@@H]1C(=O)N2C(C(=O)[O-])=C(C[n+]3ccccc3)CS[C@H]12,[ 0.4657327   0.6558426  -0.9974089  -0.47433606  0.00310479]
CC(C)(C)c1ccc(C(=O)O)cc1,[ 0.4214487   0.45974478 -0.6854913   0.5344417   0.10321761]
CC1CC(=O)NN=C1c1ccc([N-]N=C(C#N)C#N)cc1,[ 0.1682059   0.7045389  -0.5187895  -0.8839741  -0.02911529]
CCC(=O)N(c1ccccc1)C1CCN(CCc2ccccc2)CC1,[-0.12038615 -0.08050341 -0.6665093  -0.5354115  -0.11620639]
CN(C1CCCCC1)C1CCCCC1,[ 0.49124286  0.96970457 -0.472131   -0.46383223  0.10287814]
CC(=O)OC12COC1CC(O)C1(C)C(=O)C(O)C3=C(C)C(OC(=O)C(O)C(NC(=O)OC(C)(C)C)c4ccccc4)CC(O)(C(OC(=O)c4ccccc4)C21)C3(C)C,[-0.23920976  0.39426407 -0.9988941  -0.960637   -0.32143885]
O=CC=CC1CO1,[ 0.4555189   0.8295617  -0.94978285 -0.83662826 -0.0718983 ]
O=C(O)Cc1ccccc1N1CCC(CN2CCC(Oc3ccc(Cl)c(Cl)c3)CC2)CC1,[-0.45513383  0.90635514 -1.         -0.85417295 -0.37162688]
C=CC1=C(C)/C(=C\c2[nH]c(Cc3[nH]c(/C=C4/NC(=O)C(C)=C4C=C)c(C)c3CCC(=O)O)c(CCC(=O)O)c2C)NC1=O,[-0.43652603  0.7928861  -0.25732592 -0.73796785 -0.41139534]
CC(C(=O)O)c1ccc(C(=O)c2cccs2)cc1,[-0.5472889  -0.9058031  -0.4306187   0.11809495  0.12923239]
C=CCn1c(N)cc(=O)n(CC)c1=O,[-0.13696276 -0.17532659 -0.5465101  -0.67615557  0.03134569]
CNC(=O)/C=C(/c1ccc2nc(N)n(S(=O)(=O)C(C)C)c2c1)c1ccccc1-c1cccc2ccccc12,[-0.09987344  0.59623045 -0.8213823  -0.8574534   0.7012877 ]
Nc1ccc([N+](=O)[O-])cc1N,[ 0.5102745   0.47678164 -0.6110034  -0.3209709   0.13992287]
Cc1cc(Nc2nc(N[C@@H](C)c3ccc(F)cn3)c(C#N)cc2F)n[nH]1,[ 0.3175649   0.6541242  -0.62631226 -0.40283924  0.5189444 ]
CP(=S)(Oc1ccccc1)Oc1ccc(C#N)cc1,[ 0.36883745  0.65423244 -0.6294699   0.49998927 -0.08785632]
Clc1cccc([Si]23OCCN(CCO2)CCO3)c1,[ 0.29016846  0.8663731  -0.8532677  -0.4810601   0.1952612 ]
Clc1ccc(OCOc2ccc(Cl)cc2)cc1,[ 0.55968463  0.4339147  -0.50523156 -0.03246402 -0.46547025]
O=c1oc(-c2ccccc2)nc2ccccc12,[ 0.08538295  0.8855328  -0.9012063  -0.82034814  0.5582323 ]
COCCNCc1ccc(Nc2ncc3cc(-c4ccncc4)ccc3n2)cc1,[ 0.2585558   0.7466594  -0.57726395 -0.6245816  -0.34134424]
CCOP(=S)(OCC)OC(C)CC,[-0.71955615 -0.2541379   0.32492143 -0.95582116 -0.26367202]
CNC(=O)CSP(C)(=S)OC,[ 0.25078163 -0.5991102  -0.35811436 -0.25906095 -0.14270937]
C=C[Si](OC)(OC)OC,[ 0.06224791  0.82020664 -0.59167624 -0.8854431   0.03836388]
Cc1ccc(N2CC(COc3ccc(-c4noc(C)n4)cc3)C2)nn1,[-0.1677771   0.49180183 -0.6050485  -0.7932924  -0.06325987]
OCCOCCN1CCN(C(c2ccccc2)c2ccccc2)CC1,[-0.28304827  0.86428547 -0.7639383  -0.8016399   0.03675254]
CCCCN(N=O)C(N)=O,[ 0.46498883  0.2945055  -0.6248461  -0.93292576 -0.00299366]
O=c1[nH]c(=O)c2ccccc2o1,[-0.24335258  0.8688398  -0.55374    -0.648835   -0.25244495]
CCCC(=O)OC1(C(=O)COC(=O)CC)CCC2C3CCC4=CC(=O)CCC4(C)C3C(O)CC21C,[ 0.08325396  0.6520729  -0.8046779  -0.53886646  0.55552953]
CC=CC=CC=O,[ 0.3638388   0.15087059 -0.17916684 -0.23490587 -0.38489583]
CCOC(=O)c1c(C)cc2c(CO)n[nH]c(=O)c2c1C,[-0.08349684  0.254218    0.4140792  -0.23409455 -0.13186742]
CCC(C(=O)O)C1(O)CCCCC1,[ 0.16732256 -0.2861074  -0.46426848 -0.82211024 -0.15137303]
O=C(CCl)OCCOCCO,[-0.4119425   0.43944228 -0.93531686 -1.         -0.06362053]
O=[N+]([O-])c1ccc(O)c(CNCCO)c1,[ 0.2797412   0.8526345  -1.         -0.15887852  0.23006652]
O=C(O)CCCCCC(=O)O,[ 0.51017445  0.93005705 -0.6778986  -0.18837565  0.05765366]
OCCNCCOc1ccc(C(=C(c2ccccc2)C(F)(F)F)c2ccccc2)cc1,[ 0.11524235  0.8247494  -0.95930815 -0.35878915  0.10236724]
COC(C)CC(=O)O,[ 0.28804922  0.7667967  -0.91680545 -0.7650202  -0.79921496]
CC(C)CCCCCN(CCCCCC(C)C)CCCCCC(C)C,[ 0.38571328  0.88152546 -0.63106877 -0.61242193  0.02502001]
CCCSP(=S)(OC)SCCC,[ 0.2591665   0.8084981  -1.         -0.4807622  -0.06155167]
Cc1cc(C)c(N)c(C)c1,[ 0.35865787  0.24683958 -0.76934075 -0.14939143  0.16880147]
O=C(CCc1ccccc1)OC1=C(OC(=O)CCc2ccccc2)C(=O)OC1=O,[ 0.04664305  0.8219672  -0.8806111  -0.63260305  0.21677257]
CC(C)CNC(=O)NS(=O)(=O)c1ccc(Cl)cc1,[-0.15161432  0.7309866  -0.7185807  -0.4453678  -0.630608  ]
CC(=O)N(C)c1ccc2ccn(-c3cc(NC4CC4)n4ncc(C#N)c4n3)c2c1,[ 0.33213103 -0.19408399 -0.40003642 -0.49265164 -0.19067614]
Cc1cccc(C)c1O,[ 0.12269231  0.7172339  -0.959384   -0.25211126 -0.16264106]
CN(C)S(=O)(=O)CCCCCNC(=O)N(CCCl)N=O,[-0.2513992   0.30267498 -0.6371271  -0.8936779  -0.12016083]
C=CCN1CCCC1CNC(=O)c1cc2nn[nH]c2cc1OC,[ 0.43691945  0.26174265 -0.84435594 -0.5891903   0.5669238 ]
Cc1cc(C(=O)c2ccccc2)ccc1N,[-0.5029374   0.8536178  -0.5134534  -0.63313144  0.12699166]
Cc1cc(=O)cc(-c2ccccc2)o1,[ 0.43790808  0.7064117  -0.73338175 -0.8291675  -0.02678663]
CN(CC#N)N=O,[ 0.2567952   0.7375552  -0.960491   -0.89813125  0.7808543 ]
N#Cc1cccc(Cc2ncccn2)c1,[ 0.13222492  0.7827505  -0.5525982  -0.7814728  -0.428532  ]
Nc1ccc(Cl)cc1,[ 0.49977487  0.7204286  -0.6259991  -0.7336968   0.12383229]
c1ccc2sc(SNC3CCCCC3)nc2c1,[ 0.11828357  0.8418812  -0.88608795 -0.6489873  -0.44342548]
C=CC(=O)NCNC(=O)C=C,[ 0.441439    0.5989882  -0.3821883  -0.89319265  0.15562028]
CC12CCC3c4ccc(O)cc4CC(CCCCCCCCCS(=O)CCCC(F)(F)C(F)(F)F)C3C1CCC2O,[ 0.13342232  0.38240135 -0.8669001   0.02971937  0.1716616 ]
Oc1ccc(O)cc1,[ 0.11100417  0.8413671  -0.56570226 -0.14314708 -0.02629039]
CCCCOCCOCCCC,[ 0.25050694  0.9454239  -0.9467085  -0.90243894 -0.33865532]
CCC(C)N(C)C(=O)c1cc2ccccc2c(-c2ccccc2Cl)n1,[ 0.27214232  0.7098607  -0.97488314 -0.7919112  -0.42914152]
O=S1(=O)CCN(c2ccccc2)CC1,[ 0.45246094  0.84507686 -0.9161247  -0.63982975 -0.15260418]
COc1c2ccoc2c(OCC2OC2(C)C)c2oc(=O)ccc12,[ 0.45809612  0.7620702   0.03720335 -0.8630299   0.71216154]
CC1CS(=O)(=O)CCN1N=Cc1ccc([N+](=O)[O-])o1,[ 0.28150034  0.7151928   0.49935782 -0.38514718 -0.10193623]
Cc1c(Sc2ccc(Cl)cc2)c2c(-c3cnccn3)cccc2n1CC(=O)O,[-0.16086385  0.6086272  -0.6187322  -0.86568606  0.04703496]
CCCCC(CC)C(=O)OC1=C(c2c(C)cc(C)cc2C)C(=O)c2ccccc21,[ 0.49572095  0.74604094  0.38642943 -0.9570856  -0.73947334]
Cn1c(COP(=O)(NCCBr)NCCBr)cnc1[N+](=O)[O-],[ 0.22696322  0.8087167  -0.8774816  -0.2759247  -0.06220035]
CCOP(=S)(OCC)Oc1cc(-c2ccccc2)on1,[ 0.3104948   0.57572633 -0.6749978  -0.5914116   0.273262  ]
CC1CN(C2CCCCCCCCCCC2)CC(C)O1,[ 0.6742252   0.84920496 -0.96272564 -0.27637973  0.06756276]
C1=CC2C3C=CC(C3)C2C1,[ 0.21673122  0.7656878  -0.7607628  -0.7280325  -0.2958432 ]
CC1(C)C(=O)N(CO)C(=O)N1CO,[ 0.49294984  0.80197805 -0.7521524   0.21469249  0.06191466]
Cc1ccc(-c2ccccc2)cc1,[ 0.04863157  0.6233096  -0.8558784  -0.8061732  -0.25730294]
Cc1cccc2sc3nncn3c12,[ 0.37719458  0.92956036 -0.8571282  -0.13071473 -0.24902715]
CC(=O)N[C@H](Cc1ccc2ccccc2c1)C(=O)N[C@H](Cc1ccc(Cl)cc1)C(=O)N[C@H](Cc1cccnc1)C(=O)N[C@@H](CO)C(=O)N[C@@H](Cc1ccc(O)cc1)C(=O)N[C@H](CCCNC(N)=O)C(=O)N[C@@H](CC(C)C)C(=O)N[C@@H](CCCNC(=N)N)C(=O)N1CCC[C@H]1C(=O)N[C@H](C)C(N)=O,[-0.04889866  0.84233433 -0.7666203  -0.8430059  -0.24702932]
O=CNC(N1CCN(C(NC=O)C(Cl)(Cl)Cl)CC1)C(Cl)(Cl)Cl,[ 0.4331723   0.8476156  -0.8387784  -0.78744304 -0.34212676]
O=c1[nH]c2ccccc2n1CCC[NH+]1CCC(n2c(=O)[nH]c3cc(Cl)ccc32)CC1,[-0.2779167   0.28246152  0.6588653  -0.459845   -0.4027969 ]
COP(=S)(OC)SC1CSC=CO1,[-0.5887242   0.7547331  -0.8468572  -0.75651366  0.01539814]
O=[N+]([O-])c1c(Cl)c(Cl)c(Cl)c2nc(C(F)(F)F)[nH]c12,[ 0.16250941  0.5348549  -0.30910137 -0.7516809   0.31195515]
CNC(=N)c1cccc(CC(CC(=O)N2CCC(C(=O)O)CC2)NS(=O)(=O)c2ccc3ccccc3c2)c1,[ 0.34447968 -0.07380316 -0.7444846   0.09315874 -0.08966747]
CC1(C)CC2(NC(=O)N(CCCN3CCC(O)CC3)C2=O)c2cc(F)ccc2O1,[ 0.15593605  0.5639205   0.5238327  -0.7777422   0.14735256]
FC(F)(F)c1nc2c(Br)c(Br)cc(Br)c2[nH]1,[ 0.12163941  0.33939838 -0.8164548  -0.8486147  -0.0834928 ]
CCN(CCO)c1cccc(C)c1,[ 0.2377799   0.8344581  -0.77069974 -0.8282905  -0.06151071]
C=CN(C)N=O,[ 0.20154315  0.71561444 -0.7906921  -0.32202587 -0.33895037]
Cc1ccn(C(=O)NCCCCCCCl)n1,[ 0.08473695  0.19656911 -0.56168646  0.3441602   0.9284892 ]
O=C(Cc1ccc(Cl)c(C(F)(F)F)c1)Nc1cccc2c(=O)n(CCO)ccc12,[ 0.5695191   0.46378702 -0.6955854  -0.75816447 -0.54140776]
CCNC(=S)NCC,[ 0.22081107  0.37423763 -0.64886606 -0.06400844  0.9591042 ]
Cc1cc(Cl)ccc1OCC(=O)O,[ 0.06638918  0.7904488  -0.8208614  -0.7749562   0.2405997 ]
C[C@H](CSN=O)C(=O)N1CCC[C@@H]1C(=O)O,[-0.07061873  0.8222565  -0.9407336  -0.64016575  0.2237775 ]
COc1cc(OC)c(S(=O)(=O)N(c2ccccc2)C(C)C)cc1NC(C)=O,[-0.44701573  0.34892046 -0.91559625 -0.43822983 -0.14899747]
CC(C)N(C(=O)SCC(Cl)=C(Cl)Cl)C(C)C,[ 0.316144   -0.04443961 -0.86075526 -0.79507554  0.9253387 ]
CCC(C)C(=O)OC1CCC2(C)C3CC(O)C4C5(O)C(CC42OC13O)C1CN2CC(C)CCC2C(C)(O)C1C(O)C5OC(=O)C(C)(O)CC,[ 0.07140435  0.9425971  -0.75295615 -0.77217865  0.8035159 ]
CCOP(=O)(O)O,[-0.24360679 -0.5221365  -0.73900986 -0.55090576 -0.42877018]
COC(=O)C(C)N(C(=O)Cc1ccccc1)c1c(C)cccc1C,[-0.08349591  0.5152727  -0.7678783  -0.6776026   0.27671808]
NCCNCCNCc1ccccc1O,[ 0.05971725  0.90337086 -0.63956994 -0.81743604  0.37570313]
COc1ccc(-c2cc(=O)c3ccc(OC)cc3o2)cc1,[ 0.28568786  0.7538408  -0.9692969  -0.47944078  0.38362592]
Cc1ncsc1C(=O)N(Cc1cc(=O)[nH]c2c(F)cccc12)c1cccc(Cl)c1,[ 0.05156304  0.88235605 -0.8166275  -0.7156459  -0.15878199]
COc1cc(OC)c(S(=O)(=O)NCc2ccccc2N2CCC(COC(=O)CCC(=O)O)CC2)cc1NC(=O)CCC(=O)O,[-0.15656428  1.         -0.8153636  -0.8788087  -0.3782375 ]
CCOP(=S)(OCC)Oc1cccc(F)n1,[ 0.16916955  0.8581577  -1.         -0.84045017  0.62926775]
C/C=C(/C)C(=O)O[C@H](c1cc2ccc(=O)oc2cc1OC)[C@H](O)C(C)(C)O,[ 0.38536102  0.9677856  -0.882189   -0.61970776  0.6359365 ]
CCOC(=O)Nc1ccc(NCc2ccc(F)cc2)cc1N,[-0.06435575  0.73871577 -0.9447948  -0.45976993 -0.49767664]
O=c1c2nocc2c(-c2ccccc2)nn1-c1ccccc1,[-0.5320729   0.80737436 -0.69528514 -0.90826744  0.19478175]
CC(C)(c1ccc(Oc2ccc(N)cc2)cc1)c1ccc(Oc2ccc(N)cc2)cc1,[-0.5491932   0.43305188  0.55125946 -0.15455249 -0.03875986]
CC[C@H]1OC(=O)[C@H](C)[C@@H](O[C@H]2C[C@@](C)(OC)[C@@H](O)[C@H](C)O2)[C@H](C)[C@@H](O[C@@H]2O[C@H](C)C[C@H](N(C)C)[C@H]2O)[C@](C)(O)C[C@@H](C)C(=O)[C@H](C)[C@@H](O)[C@]1(C)O,[-0.33362442  0.8287983  -0.9955374  -0.848171    0.2090427 ]
O=C1CCc2cc(C=CCN3CCN(c4ccc(Cl)cc4)CC3)ccc2N1,[ 0.13863526 -0.25646916 -0.6706091  -0.48656368  0.18470618]
Cc1onc2c(=O)n(C)nc(-c3ccccc3)c12,[ 0.59675103  0.8465919  -0.849375   -0.64267015 -0.20637581]
C=COCCOC,[ 0.29717585  0.93941295 -0.94628406 -0.8747397   0.59176064]
