CN(C)C(=O)Nc1cc(C(C)(C)C)on1,[ 0.2821315   0.89422965 -0.8531087  -0.7539063  -0.36604485]
COP1(=S)OCc2ccccc2O1,[ 0.1263747   0.7415452  -0.540713   -0.7544596  -0.58499026]
CCCCCCN,[-0.17867932  0.94296014 -0.34871426 -0.9497537  -0.03348766]
Cc1cncc(C)n1,[ 0.88037556  0.79493874 -0.7717642  -0.20959003 -0.21337242]
Cc1c(Sc2ccc(Cl)cc2)c2c(S(C)(=O)=O)cccc2n1CC(=O)O,[-0.32507372  0.7800181  -0.94395983 -0.53025264 -0.33208755]
Cc1cnc(Nc2cc(N3CCOCC3)nc(N[C@@H](C)c3ncc(F)cn3)n2)s1,[ 0.50363374  0.8467142  -0.6309168  -0.88083774 -0.19281068]
CC(C)(C)NCCO,[ 0.12386904  0.89776915 -0.98354703 -0.87909096 -0.30365443]
Cc1cc(Nc2nc(N[C@@H](C)c3ccc(F)cn3)c(C#N)cc2F)n[nH]1,[ 0.5599472   0.6321196  -0.6724009  -0.70079017  0.18961084]
CON=C(Cc1cccnc1)c1ccc(Cl)cc1Cl,[ 0.3250998   1.          0.03823418 -0.12594575  0.5047554 ]
N#CCCCCC#N,[-0.04440635  0.7915096  -0.7361405  -0.54201293 -0.49145594]
CCOP(=O)(OCC)OC(=C(Cl)Br)c1ccc(Cl)cc1Cl,[-0.28350314  0.39438564 -0.7677714  -0.5774736  -0.34322813]
OCc1ccccc1,[ 0.37701795  0.71702266 -0.77262723 -0.11442101  0.28506678]
Nc1ccc(Cl)cc1,[ 0.07001851  0.9267666  -0.39009038 -0.8830184  -0.13349293]
CC1=C2C[C@H]3[C@@H](CC=C4C[C@@H](O)CC[C@@]43C)[C@@H]2CC[C@]12O[C@@H]1C[C@H](C)CN[C@H]1[C@H]2C,[-0.04204943 -0.35136202 -0.6899253  -0.9307783   0.17436047]
COc1cc2c(cc1OC)C(CCc1ccc(Cl)cc1)N(C)CC2,[ 0.25282454  0.65037674  0.47827205 -0.29027972  0.42283374]
COP(=O)(OC)Oc1ccc([N+](=O)[O-])c(Cl)c1,[ 0.2833861   0.75512373 -0.7211688  -0.9051566  -0.20687766]
Cc1cccc(C)c1O,[ 0.12560882  0.269092   -0.6514278   0.16678442 -0.1258416 ]
CN(C)C(=O)N(C)N=O,[ 0.09717418  0.5210088  -0.748631   -0.70701367  0.52582234]
CNC(=O)Nc1nnc(C(C)(C)C)s1,[-0.01558986 -0.7472662  -0.7850591  -0.98789257 -0.15685096]
CN(C)CCC=C1c2ccccc2CCc2ccccc21,[ 0.2392406   0.73235905 -0.021585   -0.21340095  0.11321239]
O=C(OCC=Cc1ccccc1)c1ccccc1,[-0.18122819  0.80256724 -0.8453439  -0.9494069  -0.3278807 ]
CC(=O)CCc1ccc(O)cc1,[ 0.04601585  0.83378047 -0.88030785 -0.96633613 -0.36888027]
CC[C@@H]1OC(=O)[C@@H](C)[C@H](O[C@@H]2C[C@](C)(OC)[C@H](O)[C@@H](C)O2)[C@H](C)[C@H](O[C@@H]2O[C@H](C)C[C@H](N(C)C)[C@H]2O)[C@@](C)(O)C[C@@H](C)/C(=N\OCOCCOC)[C@H](C)[C@@H](O)[C@@]1(C)O,[ 0.01145359  0.8031022  -0.5202062   0.34726968 -0.3179869 ]
CC(C)CNC(=O)NS(=O)(=O)c1ccc(Cl)cc1,[ 0.36769834  0.3504941  -0.79556376 -0.4959926   0.39631477]
COc1cc(Nc2nc(N[C@@H](C)c3ncc(F)cn3)ncc2Br)n[nH]1,[ 0.6698115   0.7062086   0.2031359  -0.38848668 -0.86157525]
CC=C(CC)C(=O)NC(N)=O,[ 0.10424462  0.8597245  -0.78622633 -0.6197462  -0.06009195]
C[C@@H](O)[C@H]1C(=O)N2C(C(=O)O)=C(SCCNC=N)C[C@H]12,[ 0.14271942 -0.26071253 -0.49443334 -0.5646534  -0.13513955]
Cc1nn(C)c(Oc2ccccc2)c1C=NOCc1ccc(C(=O)OC(C)(C)C)cc1,[-0.00803091 -0.67359203 -0.26029664 -0.5491842   0.09844132]
COCCOC(=O)CC#N,[ 0.00583444  0.8594384  -0.81874794 -0.8009871  -0.117716  ]
COC(=O)C(C(C)=O)C(C)=O,[-0.02725484  0.19917186 -0.6890491  -0.7942946  -0.09751386]
CCCOP(=O)(OC=C(Cl)Cl)OCCCl,[ 0.1593629   0.7994176  -0.5965244  -0.73470575 -0.46155113]
C=CCOc1ccccc1OCC(CNC(C)C)OC(=O)C1CC1,[-0.09836619  0.36537415 -0.9503378  -0.7853086  -0.17332564]
CCCSP(C)(=S)Oc1ccccc1,[ 0.466231    0.72079676 -0.3617149  -0.44736806  0.979289  ]
ClCCCBr,[ 0.4096133   0.64880186  0.19954376 -0.3007886  -0.1258344 ]
CC(C(=O)O[C@@H]1CC[N+](C)(C)C1)(c1ccccc1)C1CCCC1,[ 0.08363555 -1.         -0.96145993 -0.2758806  -0.15513654]
Cc1cc(Nc2nc(N[C@@H](C)c3ccc(F)cn3)c(C#N)nc2C)n[nH]1,[ 0.11707041  0.2602843  -1.         -0.2957106   0.1291622 ]
Cc1cc(-n2cccc2)c(S(C)(=O)=O)cc1C(=O)NC(=N)N,[ 0.2215576   0.6754311  -0.69652915  0.3951427  -0.25615007]
CN[C@H](CC(C)C)C(=O)N[C@H]1C(=O)N[C@@H](CC(N)=O)C(=O)N[C@H]2C(=O)N[C@H]3C(=O)N[C@H](C(=O)N[C@H](C(=O)O)c4cc(O)cc(O)c4-c4cc3ccc4O)[C@H](O)c3ccc(c(Cl)c3)Oc3cc2cc(c3O[C@@H]2O[C@H](CO)[C@@H](O)[C@H](O)[C@H]2O[C@H]2C[C@](C)(N)[C@H](O)[C@H](C)O2)Oc2ccc(cc2Cl)[C@H]1O,[ 0.148112    0.8212948  -0.6712786  -0.5167246  -0.02932212]
CC(=O)OC(C)OC(=O)C(C)c1ccc(-c2ccccc2)c(F)c1,[ 0.4552997   0.87930256 -0.8315311  -1.          0.74876714]
CNC(=O)Oc1ccc(CCC#N)cc1,[ 0.16428694  0.17632987 -0.7264916  -0.65580654  0.3483289 ]
CCOP(=S)(OCC)SCSCc1ccccc1,[-0.17076316  0.8810998  -0.77064556 -0.8446154   0.09079903]
CCCSP(C)(=S)SC(CC(=O)OCC)C(=O)OCC,[-0.41832307  0.83712745 -0.6512388  -0.7434649   0.06819912]
O=C1NC(c2ccc(Br)cc2)Nc2ccccc21,[ 0.25444922  0.92224413 -0.67122936 -0.6266321  -0.45647416]
CN(C)C(=O)Nc1ccc(Cl)cc1,[ 0.3799937   0.676392   -0.7426884  -0.58400965  0.18037277]
Nc1nc2ccc(OC(F)(F)F)cc2s1,[-0.9674288   0.36338902 -0.68354094 -0.41449988  0.59356487]
N=C(N)N[N+](=O)[O-],[ 0.3099244   0.89001215 -0.78727585 -0.6445205   0.2425845 ]
COc1ccc2c3c1OC1CC(O)C=CC31CC[NH+](C)C2,[-0.7873956   0.82193077 -0.8171876  -0.59236735 -0.14382274]
O=C(Nc1cccc(Cl)c1)OCC#CCCl,[ 0.3657809   0.79853255 -0.87551385 -0.8030004  -0.2946759 ]
CC12CCC3c4ccc(O)cc4CC(CCCCCCCCCS(=O)CCCC(F)(F)C(F)(F)F)C3C1CCC2O,[ 0.02609208  0.13407923 -0.6071143   0.45325258  0.72739106]
C=CN(C)N=O,[ 0.4249099   0.7219273  -1.         -0.22678743 -0.33355996]
Fc1cc(-c2cccc3ncc(-c4cnn(C5CCNCC5)c4)nc23)cc(F)c1CN1CCOCC1,[ 0.41667008  0.47812808 -0.5557852  -0.6083605   0.07718199]
CN(CCOc1ccc(CC2SC(=O)NC2=O)cc1)c1ccccn1,[-0.24967414  0.76262313  0.14761883 -0.64389485 -0.11001971]
Cc1ccc(S(=O)(=O)Nc2c(C(=O)NC3CCCCC3)c(C)nn2-c2ccccc2)cc1,[ 0.07565563  0.95993525 -0.73187697 -0.6635695  -0.0953922 ]
Cn1c(C2=CCN(CCCN3c4ccccc4Sc4ccc(CC(=O)O)cc43)CC2)cc(=O)n(C)c1=O,[-0.07195734  0.7753839  -0.68951005 -0.7840748  -0.24819   ]
O=[N+]([O-])c1c(Cl)c(Cl)c(Cl)c2nc(C(F)(F)F)[nH]c12,[ 0.3739881   0.51309335 -0.6682884  -0.83869416  0.10872699]
CC(C)(C)c1cc(CCC(=O)OCCSCCOC(=O)CCc2cc(C(C)(C)C)c(O)c(C(C)(C)C)c2)cc(C(C)(C)C)c1O,[ 0.33315292  1.         -0.98562384 -1.          0.11290562]
Cc1cccc(Nc2ccncc2S(=O)(=O)[N-]C(=O)NC(C)C)c1,[-0.99672     0.4014139  -0.00889923 -0.7136348   0.45303518]
CCCCOCC1CO1,[-0.4864292   0.7026497  -0.8546367  -0.86539197 -0.24496049]
CCN(CC)CCO,[ 0.37570488  0.87722784 -0.79209095 -0.9120033   0.07945596]
O=C(Cc1ccc(Cl)c(C(F)(F)F)c1)Nc1cccc2c(=O)n(CCO)ccc12,[ 0.5685649   0.42267188 -0.65967005 -0.707604   -0.4946923 ]
O=c1[nH]c(=O)c2ccccc2o1,[-0.21083865  0.8832686  -0.805593   -0.760215   -0.37203667]
O=C1OCC2C1C1(Cl)C(Cl)=C(Cl)C2(Cl)C1(Cl)Cl,[ 0.34292486  0.76971304 -0.87658215 -0.7800295   0.59745735]
Oc1ccc2[nH]c(C(F)(F)F)nc2c1,[ 0.05492643  0.89283705 -0.73781115 -0.6504013  -0.17874403]
COC(C)C=O,[-0.7888317   0.7675664  -0.7087871  -1.          0.68250006]
O=C(CCC(=O)OC1CCCCC1)OC1CCCCC1,[ 0.27526486  0.5994893  -0.20127006 -0.01995281  0.17829534]
C[NH+](CCOc1ccc(NS(C)(=O)=O)cc1)CCc1ccc(NS(C)(=O)=O)cc1,[ 0.4946916   0.8739639  -0.8137004  -0.5647404  -0.12165965]
CCOP(=O)(O)O,[-0.00328671 -0.6429114  -0.6370602  -0.65145737 -0.07740737]
Cc1ccc2c(c1)c(Sc1cccc(Cl)c1)c(C)n2CC(=O)O,[-0.26165214  0.6396398  -0.9151361  -1.          0.03295645]
C[S+]([O-])Cc1ccc(C(=O)Nc2ccc(OCCOCCO)nc2C(=O)NCC2CCC2)c2ccccc12,[-0.37318406  0.7859158  -0.79492205 -0.91214126  0.16107844]
C=COCCOC,[-0.09713989 -0.43604633 -0.7877437  -0.5484533  -0.069838  ]
CO/N=C(/C(=O)NC1C(=O)N2C(C(=O)[O-])=C(C[N+]34CCC(C(N)=O)(CC3)CC4)CSC12)c1nsc(N)n1,[ 0.2730901   0.9459716  -0.77730495 -0.8706554   0.1874886 ]
CN(C)N=Nc1ccc(I)cc1,[-0.01839516 -0.4918551  -0.9464805  -0.8440521  -0.12285122]
CCC(C)C(=O)OC1CCC2(C)C3CC(O)C4C5(O)C(CC42OC13O)C1CN2CC(C)CCC2C(C)(O)C1C(O)C5OC(=O)C(C)(O)CC,[-0.431348    0.9479845  -1.         -0.9011061  -0.44714412]
Cc1cc(-n2c(C)nc3ccccc3c2=O)n(-c2ccccc2)n1,[ 0.6522113   0.7631619  -0.44729102 -0.4741838  -0.32754797]
COCc1ccc2c(C(C(=O)NS(=O)(=O)c3ccc(C)cc3OC)c3ccc4c(c3)OCO4)cn(C)c2c1,[ 0.03654224 -0.5856463   0.8762003  -1.         -0.4631809 ]
C#CC(C)(C)NC(=O)c1cc(Cl)cc(Cl)c1,[ 0.15232389  0.9281189  -0.73354405 -0.8228929   0.06319944]
CCCCC(CC)COCCC#N,[ 0.26811472  0.8058472  -0.37426206 -0.72649187 -0.05332702]
COc1c(OP(=S)(OCC(C)C)OCC(C)C)cnn(C)c1=O,[ 0.09641282  0.3225416  -0.8861337  -0.5715357   0.20475309]
CCOC(=O)C=Cc1ccc(Cl)cc1,[ 0.19087742 -0.21216115 -0.6778444   0.02524244 -0.10739144]
CC(O)c1cccc(N)c1,[ 0.15866882  0.85425246 -1.          0.48055997 -0.52794856]
O=C(O)CCC(=O)c1ccc(-c2ccccc2)cc1,[ 0.11341959  0.69898176 -0.5425562   0.3536055  -0.33591568]
O=C(O)COc1ccc(Cl)cc1CN1CCN(S(=O)(=O)Cc2ccccc2)CC1,[ 0.33691412  0.7186536  -0.75854146 -0.32285565 -0.08662938]
Cc1ccc(-c2ccccc2)cc1,[ 0.1482071   0.4147534  -0.92546743 -0.7844152   0.05477176]
O=c1cc(N2CCOCC2)nc2n(Cc3cccc(Cl)c3Cl)ccn12,[ 0.39805353  0.9157035  -0.21579877 -0.52805424  0.22714472]
CCCC1CC(C(=O)NC(C(C)Cl)C2OC(SC)C(O)C(O)C2O)[NH+](C)C1,[ 0.40943277  0.8865029  -0.03593714  0.18955073 -0.09248972]
C=C(C)C(=O)OCCC[Si](OC)(OC)OC,"[-1.9263436e-01  9.5133466e-01 -1.0000000e+00 -8.7568122e-01
 -1.2345414e-04]"
c1ccc2c(c1)CC(N1CCN(c3cccc4c3OCCO4)CC1)C2,[ 0.12921028  0.8271714  -0.9195378  -0.65650374 -0.15040101]
Cc1ccc(CO)cc1N(C)c1ccnc(Nc2cc(N3CCCOCC3)cc(N3CCOCC3)c2)n1,[ 0.5883966   0.6489329  -0.72769135 -0.74483126 -0.19041635]
CC1CC(=O)CC(C)O1,[ 0.2770683  -0.51161003 -0.7270957  -0.4008935  -0.401634  ]
OCCCCC(O)CO,[-0.01496772  0.7698995  -1.         -0.58557177  0.5665458 ]
COCOCCO,[-0.06950922  0.3921474  -0.90263    -0.26392037 -0.26487675]
COC(=O)/C=C/CNC(=O)CN1C(=O)[C@@H](COC(=O)Nc2ccc(Cl)cc2C(F)(F)F)N=C(c2ccccc2)c2ccccc21,[-0.29701865  0.97289866 -0.72599316 -0.85428894 -0.31367266]
CCC[NH+]1CCCCC1C(=O)Nc1c(C)cccc1C,[ 0.27122572  0.6214319  -0.7568718  -0.6411672  -0.26391768]
O=c1[nH]c2ccccc2n1CCC[NH+]1CCC(n2c(=O)[nH]c3cc(Cl)ccc32)CC1,[ 0.24576965  0.37413135  0.23778723 -0.99326915 -0.5421734 ]
C=C(C)C(=O)OCCCC,[-0.11348765  0.6470921  -0.9132723  -0.7883628   0.54052585]
Cc1c(C(C)C)c(=O)n(-c2ccccc2)n1C,[ 0.18502456  0.830813   -0.73509437 -0.5415526   0.87368786]
C[C@H](Cn1cnc2c(N)ncnc21)OCP(=O)(O)O,[ 0.3400611  -0.27572364 -0.21931708 -0.92317617  0.15771258]
Oc1ccc(O)cc1,[-0.20480853  0.80081046 -0.7576126  -0.15523489 -0.05904901]
CCN1C(=O)C=CC1=O,[-0.07543269  0.79290354 -0.9088697  -0.6741584  -0.38568398]
COP(=S)(OC)Oc1ccc(C#N)cc1,[ 0.42882872  0.16442351 -0.7073177  -0.5404668   0.04177355]
CCc1ccc2[nH]c(C(F)(F)F)nc2c1,[ 0.09104463 -0.10944545 -0.9077935  -0.6546578   0.24945164]
C1CCC2CCCCC2C1,[ 0.05668785  0.31394407 -0.80852586 -0.79060555 -0.04433814]
O=[N+]([O-])c1ccc(C=NNC(=S)N2CCCC2)o1,[-0.01756387  0.8406185  -0.49964082 -0.7854078   0.20130344]
OCCOCCOCCOCCO,[-0.0259262   0.88536966 -0.56658214 -1.         -0.3309702 ]
CCNC(=O)C(C)OC(=O)Nc1ccccc1,[ 0.56449294  0.7433639  -0.9257757  -0.8143195   0.26167637]
C(=NC1CCCCC1)=NC1CCCCC1,[ 0.23868763  0.877919   -0.9135183  -0.6454388  -0.22043233]
O=C(O)CCCOc1ccc(Cl)cc1Cl,[-0.11660106  0.09778231 -0.70144314 -0.4850665  -0.1511399 ]
CC(C)=CC1C(C(=O)OC(C#N)c2cccc(Oc3ccccc3)c2)C1(C)C,[ 0.44450974  0.48656234 -0.33616844 -0.3827143   0.6915911 ]
CCN(CC)CCOCCO,[ 0.41535157 -0.4070745  -0.7337649  -0.7146644  -0.24514987]
CC(CN1CC(=O)NC(=O)C1)N1CC(=O)NC(=O)C1,[-0.22718754  0.6934328  -0.91275644 -0.7991024  -0.08237261]
COCCN(C(=O)CCl)c1c(C)cccc1C,[-0.4036446  0.6498749 -0.8582086 -0.6790513  0.3049847]
CCC(=O)Nc1ccc2[nH]c(C(F)(F)F)nc2c1,[ 0.00160267  0.7796368  -0.68311226 -0.7593973   0.75109726]
O=C1c2cccc(S(=O)(=O)O)c2C(=O)c2c1cccc2S(=O)(=O)O,"[ 2.4921037e-01  6.2042928e-01 -6.9225305e-01 -8.1493342e-01
 -3.2713596e-04]"
CCCS,[ 0.22833708  0.8707977  -0.86571383 -0.46609697 -0.42362863]
CSc1ccc(C(=O)c2[nH]c(=O)[nH]c2C)cc1,[ 0.33094642 -0.37510812 -0.7926836  -1.          0.20397611]
Cc1cc(=O)n(CSP(=S)(OC(C)C)OC(C)C)nc1Cl,[-0.03524971  0.9582669  -1.         -0.77253723 -0.00513853]
NC(=O)N1C(=O)C(C(=O)c2cccs2)c2cc(Cl)ccc21,[-0.02527872  0.797385   -1.         -0.64937526 -0.41039413]
C=CC(=O)OCC(CC)CCCC,[ 0.11061565  0.93231505 -0.76840734 -0.78391194  0.5223    ]
C=CCOc1ccccc1C(N)=O,[ 0.35646516  0.72347045 -0.9561661  -0.9221379  -0.30494526]
Cc1nccc(-c2ccc(-c3nc4ccncc4c(O)c3C#N)cc2)c1Cl,[ 0.29089648  0.9182146   0.4545421  -0.46554998  0.11061376]
CC(C)(C)OC(=O)N1CCN(c2ncc(OCc3ccncc3)cn2)CC1,[-0.7263267  -0.9855598   1.         -0.98422515 -0.7059728 ]
S=C1NCCNC(=S)S1,[ 0.0992373   0.38776785 -1.         -0.8095631  -0.2960516 ]
O=C(c1csc2c1CCCC2)N1CCCCC1,[ 0.13926966  0.94045097 -0.22005709 -0.5581431  -0.12575331]
Cc1cnc(C)cn1,[ 0.47797352 -0.3730767  -0.737066   -0.37861487  0.25836483]
CCCSP(C)(=S)OP(C)(=S)SCCC,[-0.05002376  0.9813375  -1.         -0.90192926 -0.1955516 ]
Cc1cc(Nc2nc(N[C@@H](C)c3ccc(F)cc3)ncc2Cl)n[nH]1,[ 0.35621428  0.78370756 -0.6445186  -1.         -0.49281842]
Cc1cc(C)c(C)cc1C,[ 0.3805301   0.8994872   0.09813431 -0.6512008  -0.22013731]
CCOP(=O)(CC)SC,[ 0.4495099  -0.6204208  -0.7564155  -0.8548184   0.00150951]
CCN(CCO)C(=O)c1oc2cccnc2c1-c1cccc(C(F)(F)F)c1,[ 0.23081586  0.45159647  0.16282076 -0.4445703  -0.02861855]
COc1cc(C(=O)NC2CCCNC2)cc(OC)c1OC,[-0.00615683  0.7991131  -0.26768127 -0.57658225  0.23686138]
Cc1c(Cl)c([N+](=O)[O-])c2[nH]c(C(F)(F)F)nc2c1[N+](=O)[O-],[ 0.05339917  0.58225435 -0.78080165 -1.         -0.13530734]
CC#CCC(C)C(O)/C=C/C1C(O)CC2C/C(=C/CCCC(=O)[O-])CC21,[-0.42856497  0.8426901  -0.79969645 -0.53305006  0.5019798 ]
CCCCSN(C)C(=O)Oc1cccc2c1OC(C)(C)C2,[ 0.34708288  0.6764771  -0.0817848  -0.8402      0.5599879 ]
COc1cc(OC)c(S(=O)(=O)N2c3ccccc3CCC2C)cc1NC(=O)CSCC(=O)O,[-0.02097045  0.8896681  -0.75222653 -0.7203914   0.6142379 ]
FC(F)(F)c1nc2cc(Br)c(Cl)cc2[nH]1,[ 0.30484933  0.78514624 -0.57915664 -0.35961452  0.2855636 ]
Cc1ccc(NC(=O)c2ccc(Cl)c(C(F)(F)F)c2)cc1C(=O)Nc1cccnc1,[-0.12515815  0.76777524 -0.74195117 -0.6127413   0.62181365]
CC(=O)O[C@H]1C[C@@H]2CC[C@@H]3[C@H](CC[C@@]4(C)[C@H]3C[C@H]([N+]3(C)CCCCC3)[C@@H]4OC(C)=O)[C@@]2(C)C[C@@H]1N1CCCCC1.[Br-],[-0.46310386  1.         -0.9569226  -0.5502273  -0.07909255]
O=P(OCCCl)(OCCCl)OC1CC(C(Br)CBr)CCC1Cl,[ 0.16962999  0.8209818  -0.73095375 -0.87278944 -0.02854883]
COc1cc2nc(N3CCN(C(=O)c4ccco4)CC3)nc(N)c2cc1OC,[ 0.37427986  1.         -0.84299296 -0.63685113 -0.19689007]
Cc1nc(N)nc(N)c1-c1ccc(Br)cc1,[ 0.22993757  0.9008506  -0.8429921  -0.65275097 -0.22543935]
CCCCCCCCCCCCCCCCCC(=O)Cl,[ 0.45200613  0.8780831  -0.8489403  -0.73717904 -0.27940267]
O=C(OCC1CO1)c1ccccc1C(=O)OCC1CO1,[ 0.59300476 -0.12773886 -0.47101194 -0.45418122 -0.16317745]
C=CC(=O)OCCOCC,[ 0.2811428   0.6559602  -0.74931425 -0.4626433  -0.01491884]
CCC(=O)N(c1ccccc1)C1CC[NH+](CCc2ccccc2)CC1,[ 0.1204763  -0.5813224  -0.899339   -0.4638117  -0.24599026]
O=CNC(N1CCN(C(NC=O)C(Cl)(Cl)Cl)CC1)C(Cl)(Cl)Cl,[ 0.24627835  0.9094091  -0.98445755 -0.78719574  0.59413606]
C=CCn1c(N)cc(=O)n(CC)c1=O,[-0.02087168 -0.22128777 -0.7714633  -0.8599517  -0.2845922 ]
OCc1cc(C(O)C[NH2+]CCCCCCOCCOCc2c(Cl)cccc2Cl)ccc1O,[ 0.25994524 -0.46274984 -0.8278936  -0.60664755 -0.41394594]
CC[C@H](C)[C@H](NC(=O)[C@H](CCC(=O)[O-])NC(=O)[C@H](CCC(=O)[O-])NC(=O)[C@H](Cc1ccccc1)NC(=O)[C@H](CC(=O)[O-])NC(=O)CNC(=O)[C@H](CC(N)=O)NC(=O)CNC(=O)CNC(=O)CNC(=O)CNC(=O)[C@@H]1CCCN1C(=O)[C@H](CCCNC(N)=[NH2+])NC(=O)[C@@H]1CCCN1C(=O)[C@H]([NH3+])Cc1ccccc1)C(=O)N1CCC[C@H]1C(=O)N[C@@H](CCC(=O)[O-])C(=O)N[C@@H](CCC(=O)[O-])C(=O)N[C@@H](Cc1ccc(O)cc1)C(=O)N[C@@H](CC(C)C)C(=O)[O-],[ 0.08004108  0.34329045 -0.5437398  -0.7392821  -0.13482228]
CCP(=O)(OC)SC,[-0.2321274   1.         -0.81901205 -1.          0.6973835 ]
O=[N+]([O-])c1ccc(Cl)c([N+](=O)[O-])c1,[ 0.10619949  1.          0.52675325 -0.36584288 -1.        ]
CCSP(SCC)SCC,[ 0.1921906  0.9309541 -0.7618309 -0.9378661 -0.4795375]
O=C(O)c1ccccc1C(=O)Nc1cccc2ccccc12,[-0.2915101   0.76114017 -0.7330031  -0.9688219  -0.1000709 ]
C=CC(=O)OCCc1ccc(CC)cn1,[-0.13410567  0.73936576 -1.         -0.8064911   0.01904639]
CN1C(=O)CC(N2CCN(CCCN3c4ccccc4COc4ccc(CC(=O)O)cc43)CC2)N(C)C1=O,[ 0.32669353  1.         -1.          0.68861175 -0.8034187 ]
CCCCc1nc(Cl)c(CO)n1Cc1ccc(-c2ccccc2-c2nnn[nH]2)cc1,[ 0.18142089  0.82745177 -0.7483447  -0.2137951  -0.06950144]
CC(O)C1C(=O)N2C(C(=O)[O-])=C(SC3CCS(=O)C3)SC12,[ 0.00109649  0.5436285  -0.74044687 -0.7974664   0.04735685]
CC(C)(C)NCCC(O)c1cc(C(F)(F)F)nc2c(C(F)(F)F)cccc12,[ 0.36094922  0.7333482  -0.90192187 -1.          0.5546718 ]
CNC(=O)ON=C1CCCC1(C)C#N,[ 0.01577406  0.576218   -1.         -0.64735395 -0.28839153]
CCOC(=O)CCN(Cc1ccccc1)SN(C)C(=O)ON=C(C)SC,[-0.4379139  0.8391947 -0.5188225 -0.6126227 -0.1618888]
C=COC(=O)CCCCC(=O)OC,[ 0.1324841  -0.12064085 -0.74409884 -0.00864742  0.71073055]
NNC(=O)c1ccncc1,[-1.          0.7249964  -0.6173786  -0.8154866  -0.08258484]
C[C@@H]1NC(=O)[C@H](C)N(C)C(=O)[C@@H](C)N(C)C(=O)[C@H](C)NC(=O)[C@@H](C)NC(=O)[C@@H](C)N(C)C1=O,[-0.05507561  0.86238694 -0.6806664  -0.6534099  -0.0779345 ]
CC1CCC(C(C)C)C(O)C1,[ 0.19065797  0.828118   -0.89148706 -0.754927    0.19550195]
CN(C)S(=O)(=O)CCCCCNC(=O)N(CCCl)N=O,[-0.15706694 -0.0385945  -0.8694382  -0.7473995  -0.17426413]
CC(CO[N+](=O)[O-])(CO[N+](=O)[O-])CO[N+](=O)[O-],[ 0.20297985  0.8389558  -0.75656587 -0.72263366 -0.26811555]
C#CCN(C)c1ccccc1OC(=O)NC,[ 0.32544613 -0.74196905 -0.72514904 -0.5341856   0.11075014]
CCCCCCCc1ccccc1O,[ 0.65283555  0.41137502 -0.8832548  -1.         -0.34247074]
O=CCCCC=O,[ 0.4164688   0.7388868  -0.18477955 -0.83616674 -0.62374574]
CP(=S)(Oc1ccccc1)Oc1ccc(C#N)cc1,[ 0.27223122  0.66821885 -0.42513528  0.38392213  0.32424295]
COP(=O)(OC)SC(CC(=O)OC(C)C)C(=O)OC(C)C,[ 0.13119517  0.9052519  -0.37483215 -0.5589836  -0.03998836]
CC(=O)SCC(=O)Nc1nc2ccccc2s1,[ 0.11297015  0.94521224 -0.50895846 -0.79595107 -0.13573377]
O=C(CN1CCOCC1)NN=Cc1ccc([N+](=O)[O-])o1,[ 0.07836189  0.7677639  -0.64445204 -1.          0.13768724]
CN[C@@H](C)[C@@H](O)c1ccccc1,[ 0.00526415 -0.57102495 -0.6699502  -0.6949679   0.6339058 ]
CCC(C(=O)O)C1(O)CCCCC1,[-0.18187462 -0.09783868 -0.55221516 -0.7179084  -0.2701501 ]
Cc1cc(C(=O)c2ccccc2)ccc1N,[-0.709663    0.742384   -0.34227064 -0.63456297 -0.12631382]
Cc1cn([C@H]2CCCN(S(=O)(=O)c3ccc(C#N)c(Oc4cccc(Cl)c4)c3)C2)c(=O)[nH]c1=O,[ 0.36908302  0.39617988  0.33526298 -0.35984004 -0.32303074]
CN(C1CCCCC1)C1CCCCC1,[ 0.3014201   0.70371556 -0.8513474  -0.9045114  -0.03181065]
CC(C)[C@H](C(=O)Nc1nccs1)c1ccc(Cl)cc1,[ 0.45606714  0.708165   -0.81401163 -0.803576    0.3284899 ]
CCCCCCCCC1OC1CCCCCCCC(=O)OCC1(CC)OC1CCC,[ 0.34468806 -0.4550214  -0.6041655  -0.5017825  -0.2336466 ]
CC(O)C(Cl)(Cl)Cl,[-0.06503971  0.96476346 -1.         -0.34236592  0.5877733 ]
CC(=O)OC(C(Cl)(Cl)Cl)P(=O)(Oc1ccccc1)Oc1ccccc1,[-0.26996577 -0.13212585 -0.18726833 -0.740414   -0.09780685]
COc1cc(C2c3cc4c(cc3C(OC3OC5COC(C)OC5C(O)C3O)C3COC(=O)C23)OCO4)cc(OC)c1O,[-0.40012035  0.30224338 -0.25036377 -0.18660851  0.03311669]
CN(C)CCOCCOCCN(C)C,[-0.07815599 -0.8079015  -0.91530037 -0.663459   -0.16192514]
CC(C)CCI,[ 0.48301303  0.84500873 -0.57212377 -0.42781788 -0.00243493]
C=COC(=O)C=CC,[-0.06762672  0.8541077   0.4245942  -0.52168477 -0.00236703]
CC(C)(C)NC[C@H](O)COc1nsnc1N1CCOCC1,[-0.02038001  1.         -1.         -0.3170717  -0.16060533]
CC(=O)Nc1ccc(CNc2[nH]nc3ccnc(Oc4ccccc4)c23)cc1,[ 0.28779396  0.76373696 -0.8903093  -0.7037689  -0.2673451 ]
CCOc1ccc([C@@H](C)Nc2nc(N3CCN(C(C)=O)CC3)nc3c2CN(C(C)C)C3=O)cc1,[ 0.4955322   0.99495524 -0.8197353  -0.11846703 -0.06028111]
Cc1c(Sc2ccc(Cl)cc2)c2c(-c3ccccc3)cccc2n1CC(=O)O,[ 0.21450806  0.9019332  -0.4343026  -0.60444576  0.4533737 ]
Nc1ncc2cc(-c3c(Br)cccc3Br)c(N)nc2n1,[-0.27102882  0.93535084 -0.60497355 -0.48594463 -0.30013457]
CCCCCCOC(=O)C(O)c1ccccc1,[ 0.42040598  0.7644513  -0.62114924 -0.6262742  -0.36020613]
CCCCSCCCC,[ 0.0949775   0.7102913  -0.8454752  -0.72458607 -0.46053657]
OCC(O)C(O)C(O)CO,[ 0.590464    0.73679173 -0.34620747 -0.6155651  -0.52685213]
COc1ccc2ccc(=O)n(CCN3CCC(NCc4cc5c(cn4)OCCO5)CC3)c2n1,[ 0.13400379  0.13520794 -0.7989629  -0.643558    0.08584247]
CC(=O)Oc1cc(C(F)(F)F)ccc1C(=O)O,[-0.2691907   0.7418182  -0.7846893  -0.49416342  0.1320179 ]
N=C(NN=Cc1ccc(Cl)cc1)NN=Cc1ccc(Cl)cc1,[ 0.43975365  0.639869   -0.65352076 -0.19798136 -0.13217083]
C[C@@](N)(Cc1ccc(O)c(O)c1)C(=O)O,[ 0.10832736  0.9523531  -0.37382016 -1.         -0.1591512 ]
O=CCc1ccccc1,[-0.151098   -0.14345737 -0.8307196   0.15636468 -0.08385005]
C=CCN1CCC23CCCCC2C1Cc1ccc(O)cc13,[ 0.38736278  0.80175495 -0.13899018 -0.6223027  -0.06065357]
CCOC(=O)C(CCc1ccccc1)NC1CCc2ccccc2N(CC(=O)O)C1=O,[ 0.13063626  0.5611004  -1.         -0.64775664 -0.37297744]
COP(=S)(OC)SC(CBr)N1C(=O)c2ccccc2C1=O,[ 0.2658847   0.8291536  -0.28865236 -0.7757736   0.28639752]
CCC1(CC)Oc2cccc(OC(=O)N(C)C(C)=O)c2O1,[ 0.57352483  0.9690342  -0.7428109  -0.81381613  0.30048934]
CCC1(CC)C(=O)NCC(C)C1=O,[ 0.36646634 -0.888913   -0.45408115 -0.5514174  -0.23629618]
CC(=O)Nc1ccc(C)c(NS(=O)(=O)C(F)(F)F)c1,[-0.15841596  0.09101095 -0.34909508 -0.65819675 -0.21588251]
NCCNCc1ccccc1O,[-0.3209466   0.9032209  -0.8522527  -0.05185377 -0.0833855 ]
C=CC(=O)OCCOC(=O)c1ccc(C(=O)O)cc1C(=O)O,[-0.30306515 -0.08867499  0.4798284  -0.48197955 -0.34288612]
CN1[C@@H]2CC[C@@H]1CC(OC(=O)C(CO)c1ccccc1)C2,[ 0.00518862  0.8431991  -0.83512866 -0.37875184 -0.38485864]
Nc1ccc(O)c([N+](=O)[O-])c1,[ 0.09455661 -0.59229213 -0.9467927  -1.         -0.25552154]
CCCCCCC(N)C(=O)N[C@@H](Cc1c(C)cc(O)cc1C)C(=O)N1CCC[C@@H]1C(=O)N[C@@H](Cc1c[nH]c2ccccc12)C(=O)N[C@@H](Cc1ccccc1)C(N)=O,[-0.15019946  0.5723939  -0.4269041  -1.         -0.3775304 ]
CC(=O)C1OC1(C)C,[ 0.39679384  0.83031774 -0.7227314  -0.5354901  -0.08135615]
CC1OC(n2ccc(NC(=O)c3ccc(NC(=O)C(C)(N)CO)cc3)nc2=O)CCC1OC1OC(C)C(N(C)C)C(O)C1O,[ 0.4882235   0.9471431  -0.6507919  -0.79644    -0.34933695]
C[C@@H]1NC(=O)[C@@H](C)N(C)C(=O)[C@@H](C)N(C)C(=O)[C@H](C)NC(=O)[C@H](C)N(C)C(=O)[C@@H](C)N(C)C1=O,[ 0.0429653   0.23239265 -0.8908309   0.20228475  0.16732867]
Cc1onc2c(=O)n(C)nc(-c3ccccc3)c12,[ 0.11777696  0.9489451  -0.98118865 -0.5920192  -0.2173665 ]
COc1ccccc1Oc1c([N-]S(=O)(=O)c2ccc(C)cn2)nc(-c2ccncc2)nc1OC,[ 0.60393536  0.8009348  -0.63773817 -0.9192239  -0.13889489]
S=c1[nH]cnc2nc[nH]c12,[-0.35001647  0.46622536 -0.89758235 -1.         -0.24535047]
C#CC(C)(O)C(O)c1ccccc1,[ 0.23481074  0.7706281  -0.94993913 -0.89278173  0.16958928]
C=C1CC1CC(N)C(=O)O,[ 0.23501487  0.75758964 -0.8927265  -0.8186826   0.54422414]
OC1(c2ccc(Cl)c(C(F)(F)F)c2)CCN(CCCC(c2ccc(F)cc2)c2ccc(F)cc2)CC1,[ 0.16900042  0.588439   -0.9727836  -0.8474346   0.256564  ]
CC1(C)CC(NC2CC(C)(C)NC(C)(C)C2)CC(C)(C)N1,[ 0.4603537   1.         -0.19626455 -0.6582814  -0.27709177]
CCCCCCCCCCCCCCCN,[-0.01826227  0.80364245 -0.61731267  0.48449567  0.4557178 ]
C#CC(C)(C)O,[ 0.47409567  0.6256962  -0.85287154  0.08805697 -0.22173756]
CCCCC(CC)OCCOCCO,[ 0.22758038  0.82800794 -0.79991347 -0.59172595 -0.10022792]
CCCCCCCCc1ccccc1O,[ 0.304903    0.7554034  -0.94874114 -0.47807574 -0.05376852]
CCOC(=O)c1noc(C)c1C(C)=O,[ 0.4403875  -0.23252775 -0.9881701  -0.968723    0.07586485]
COCCOP(=O)(OCCOC)OCCOC,[-0.31648156  0.89521134 -0.7593271  -0.8010621   0.47339755]
COc1c(OCc2ccc(-c3ccccc3-c3nnn[nH]3)cc2)cc(C)nc1C,[ 0.22291291  0.93585366 -0.8505156  -0.589241    0.45109135]
O=S(=O)(O)c1ccc2cc(Nc3cccc4c(O)c(S(=O)(=O)O)ccc34)ccc2c1O,[-0.14618836 -0.9868611  -0.5846788  -0.32079622  0.30867296]
Cc1ccc(Nc2ccc(Nc3ccc(C)cc3)c3c2C(=O)c2ccccc2C3=O)cc1,[ 0.09470863 -0.12544863 -1.         -0.76003295 -0.33558303]
CN(C)CCOc1cc(NS(=O)(=O)c2c(Cl)cc(C(F)(F)F)cc2Cl)ccc1Cl,[ 0.09944219  0.74176395 -0.5295198  -0.4641407  -0.30149674]
C=C(Cl)C(Cl)CCl,[ 0.05528096  0.6138369  -0.07249419  0.3837917   0.08557642]
CCc1nc(N)nc(N)c1-c1ccccc1,[ 0.42698345  0.6098298  -0.84665614 -0.8652296  -0.3937706 ]
COP(=S)(OC)SCC(=O)N1CCOCC1,[ 0.39259443  0.47336483 -0.6610647  -0.15431929  0.17740022]
CC(C)OC(=O)C(C(=O)OC(C)C)=C1SCCS1,[ 0.03290594  0.71102005 -0.9573681   0.35778913 -0.18283549]
CN1C[C@@H]2c3ccccc3Oc3ccc(Cl)cc3[C@H]2C1,[-0.08679307  0.80945444 -0.6047745  -0.5678747  -0.5657094 ]
COc1cnc(-c2ccccc2C(F)(F)CNC(=O)c2ccc(COCC(F)(F)F)nc2)cn1,[-0.18450345  0.03131314 -0.28476587 -0.89219844 -0.32801864]
CC(C)=CCN1CCC2(C)c3cc(O)ccc3CC1C2C,[ 0.31937256  0.95758617 -0.94379586 -0.6375686   0.07325522]
C=CC(=O)OC1CC2CCC1C2,[ 0.16172087  0.54535735 -0.6875666  -0.54557705  0.06679139]
CCCC(=O)c1ccc(N)cc1,[ 0.5255454   1.         -0.8776089  -0.94374603 -0.09578998]
CCCN(N=O)C(N)=O,[-0.1281287   0.9636049  -0.9815274  -0.5912277   0.03635157]
S=c1[nH]c2cc(Cl)ccc2o1,[ 0.03304027  0.97227585 -0.39426872 -0.58085746 -0.35879332]
CCCCCCCCCCCCCCCCCCOP(=O)([O-])OCC[N+]1(C)CCCCC1,[ 0.17409562  0.7325597  -0.20683032 -0.6621492  -0.46753708]
C1=CC2C3C=CC(C3)C2C1,[ 0.18452737  0.64369446 -0.37488303 -0.72600615 -0.3145398 ]
c1ccc(COCc2ccccc2)cc1,[-0.22801232  0.78154504 -0.9179856  -0.33917537 -0.14007202]
N#Cc1ccc(F)c(-c2cc(C(F)(F)F)ccc2OCC(=O)O)c1,[ 0.6028649   0.57612324 -0.896701   -0.14387514  0.14710607]
CC(COc1ccc(Cl)cc1Cl)C(=O)O,[-0.28123984  0.75406593 -0.9895701  -0.7362606   0.52112037]
Nc1c(Cl)c(Cl)c2[nH]c(C(F)(F)F)nc2c1Cl,[ 0.36048767  0.46188626 -0.58740485 -0.55981237  0.68486744]
COc1nc(C)nc(Cl)c1NC1=NCCN1,[ 0.08970188  0.70797575 -0.67597204 -1.         -0.19279906]
CC=CC=CC=O,[ 0.39275733  0.41218093  0.16411267 -0.16771127 -0.29279113]
CC(C)Nc1nc(Cl)nc(NC(C)C)n1,[ 0.56602514  0.5879042  -0.4956139  -1.          0.21634491]
O=C(O)c1ccccc1-c1c2ccc(=O)cc-2oc2cc(O)ccc12,[-0.13448635  0.85735875 -0.7094842  -0.33157352 -0.59633166]
C[N+](C)(C)[NH2+]CCC(=O)[O-],[ 0.31992647  0.5909119  -1.         -0.7238975  -0.42752272]
CCNC(=O)CSP(=S)(OC)OC,[ 0.53723156  0.8260981  -0.6177521  -0.7157212  -0.07930886]
FC(F)(F)c1nc2c(Cl)c(Cl)cc(Cl)c2[nH]1,[ 0.32890233  0.4829122  -0.74157155 -0.6989467  -0.35727108]
O=C1C(Cl)C(CCl)CN1c1cccc(C(F)(F)F)c1,[ 0.18752919  1.         -0.81277514 -0.5004904   0.8260183 ]
CCC(c1ccccc1)c1c(O)c2ccccc2oc1=O,[ 0.12504154  1.         -0.9295756  -1.         -0.3276654 ]
CCOP(=S)(NC(C)C)Oc1ccccc1C(=O)OC(C)C,[-0.54330605  0.8516967  -0.74650973 -0.76388085  0.3501417 ]
Cc1ncsc1C,[ 0.01916587  0.46245375 -1.         -0.99896693  0.0845994 ]
O=C(Cl)C=CC(=O)Cl,[ 0.4627382   0.6360987  -0.8764836   0.04808865 -0.00320782]
Cc1cc([N-]S(=O)(=O)c2ccc(N)cc2)no1,[ 0.13386127  0.96965605 -1.         -1.          0.52781194]
CC[C@H]1OC(=O)[C@H](C)[C@@H](O[C@H]2C[C@@](C)(OC)[C@@H](O)[C@H](C)O2)[C@H](C)[C@@H](O[C@@H]2O[C@H](C)C[C@H](N(C)C)[C@H]2O)[C@](C)(O)C[C@@H](C)C(=O)[C@H](C)[C@@H](O)[C@]1(C)O,[-0.253668    0.8489181  -0.899585   -1.         -0.14509265]
COC(=O)c1cc(Oc2ccc(Cl)cc2Cl)ccc1[N+](=O)[O-],[-0.21285392 -0.2519942  -0.20989227 -1.         -0.09993736]
Cc1cc(Cl)ccc1OCCCC(=O)O,[ 0.364079   0.8305722 -0.9815035 -0.8344937 -0.1246438]
O=c1[nH]c2ccccc2n1CCCN1CCN(C(c2ccccc2)c2ccccc2)CC1,[ 0.3231041   0.74386406  0.3633513  -0.55142796  0.2322838 ]
O=NN(c1ccccc1)c1ccccc1,[ 0.36066943  0.7554013  -0.6877109  -0.7036764   0.140053  ]
COP(=S)(OC)Oc1nc(Cl)c(Cl)cc1Cl,[ 0.44263706 -0.2598204  -0.8613033  -0.8020554   0.07428385]
CC[C@H](C)C(=O)O[C@H]1C[C@H](O)C=C2C=C[C@H](C)[C@H](CC[C@@H](O)C[C@@H](O)CC(=O)O)[C@H]21,[ 0.01513367  0.7513327  -0.61948466 -0.7214925   0.7065815 ]
O=C(COc1ccc(Cc2ccc(Cl)cc2)cc1)OCc1cccnc1,[-0.35978085  0.8348909  -0.9003635  -0.77677834 -0.14718258]
COc1cc(C=CC(N)=O)ccc1O,[ 0.3881145  0.6524936 -1.        -0.6000968 -0.0075092]
CC(C)=CCCC(C)=CCCC(=CCCC(C)=CCO)CO,[ 0.5175678   0.63917977 -0.5472905  -0.70049506 -0.5242794 ]
CBr,[-0.42069563  0.8032636  -0.66259056 -0.7583186  -0.06967265]
Oc1c(Cl)c(Cl)cc2[nH]c(C(F)(F)F)nc12,[ 0.39933684  1.         -0.79620224 -0.6897057   0.19246003]
COc1cc2ncnc(Nc3ccc(F)c(Cl)c3)c2cc1NC(=O)/C=C/CN1CCCCC1,[ 0.33394688  0.8347352  -0.7893493  -0.64844316 -0.49185157]
CN1CN(CCO)CSC1=S,[ 0.09503587  0.76350784 -0.7739782  -0.68409526 -0.091621  ]
CCCc1nn(C)c2c(=O)[nH]c(-c3cc(S(=O)(=O)N4CCN(C)CC4)ccc3OCC)nc12,[-0.19087964  0.996061   -0.66232127  0.13515505 -0.24079467]
CSCCC([NH3+])C(=O)NC1(C(=O)[O-])CS(=O)(=O)C2C(C(=O)[O-])C21,[ 0.2698558   0.561851   -0.35876447 -0.8039543  -0.33320504]
CCOP(=S)(Oc1cccc2cccnc12)c1ccccc1,[ 0.11570947  1.         -0.4658869  -0.42678234  0.12636419]
C=CS(C)(=O)=O,[-0.22496618  0.92306894 -0.86367965 -0.76325595 -0.2823878 ]
OCCN(CCO)CCO,[-0.43910518  0.63655734 -0.62567836 -0.8115998  -0.2682816 ]
Nc1ccc([N+](=O)[O-])cc1N,[ 0.4600126   0.614256   -0.27952683 -0.44281116 -0.07422893]
CCCCN(CCCC)CCCC,[-0.06463612  0.81387347 -0.56468034 -0.7448779  -0.5165612 ]
CNC(=O)ON=C(C)SCC(N)=O,[ 0.04425292  0.18284619  0.36815014 -0.68672085 -0.55524105]
COC(=O)c1ccccc1N=NN(C)C,[-0.08496951  0.90122753 -1.         -0.6730988  -0.30832535]
CNC(=O)[C@@H]1Cc2cn(cn2)CC(=O)N2CCC[C@H]2C(=O)N[C@@H](C)C(=O)N1C,[-0.05974676  0.82627916 -0.91563207 -0.9544859  -0.35009423]
CC(=O)OC(C(=O)NC(N)=O)c1ccccc1,[ 0.5207763   0.34543723 -0.6426493   0.7390243   0.60718745]
CN(C)N=Nc1nc[nH]c1C(N)=O,[ 0.18623151 -0.07817416 -0.6491756  -0.5796949   0.09786981]
CCC(C)(CC)c1cc(N)on1,[-0.03527705  0.3535548  -0.20411994 -1.          0.23585002]
CCCNC(=O)[N-]S(=O)(=O)c1ccc(Cl)cc1,[-0.13371961  1.         -0.92004174 -0.5452927  -0.27530742]
O=C(CSc1nc2c(c(=O)n1-c1ccccc1)SCC2)Nc1ncc(-c2ccccc2)s1,[ 0.12926543  0.8623281  -0.8339487  -0.5535299  -0.27099946]
CC(O)C#N,[-0.5005253  -0.2817598  -0.43265826 -1.          0.16335946]
CCCP(=O)(CCC)CCC,[-0.15604015  0.904343   -0.42112723 -0.7025562  -0.03175231]
CC(=CC(=O)O)C(=O)O,[ 0.23308642  0.54124683 -0.8551742  -0.78352326 -0.14000367]
ClCc1cccc2ccccc12,[ 0.25941354  0.83352846 -0.8284202  -0.5639069   0.3035192 ]
CC[C@H]1NC(=O)[C@@H](NC(=O)c2ncccc2O)[C@@H](C)OC(=O)[C@H](c2ccccc2)NC(=O)[C@@H]2CC(=O)[C@H](CS[C@@H]3CN4CCC3CC4)CN2C(=O)[C@H](Cc2ccc(N(C)C)cc2)N(C)C(=O)[C@@H]2CCCN2C1=O,[ 0.23128437 -1.         -0.72040457 -0.37510607  0.04338689]
O=C([O-])c1cc(N=Nc2ccc(S(=O)(=O)Nc3ccccn3)cc2)ccc1O,[ 0.17799413  0.8333251  -0.28995872 -0.75287545 -0.24074371]
O=NN1CCCCC1,[-0.30954915  1.         -1.         -0.90109277  0.37217203]
Cc1c(CN2CCOC(c3ccccc3)C2C)c(=O)n(-c2ccccc2)n1C,[ 0.01845895  0.7118407  -0.9040176  -0.92548573 -0.39910144]
O=C(OCC(COC(=O)c1ccccc1)(COC(=O)c1ccccc1)COC(=O)c1ccccc1)c1ccccc1,[-0.50200605  0.4661784  -0.8048223  -0.63360083 -0.10377728]
CC(C)Oc1ccc2c(=O)c(-c3ccccc3)coc2c1,[-0.4080584   0.8643677  -1.         -0.7451216  -0.34760925]
C=C[Si](OC)(OC)OC,[ 0.16352916  0.7478477  -0.61444885 -0.7561422   0.16131711]
CC(C)(C(=O)O)S(C)(=O)=O,[ 0.38092062  0.8569075  -0.68777484  0.09091067 -0.5790451 ]
O=C(O)COc1ccc(C(=O)CN2CCN(C3CCNCC3)CC2=O)cc1,[ 0.46768132  0.8356356  -0.87841004 -0.1905116  -0.09754135]
Nc1ccc(N)cc1,[ 0.2839332   0.743636   -0.17468521 -0.89613134  0.00500724]
CC(CC(=O)OC(C)(C)C)NC(=O)C1=NOC(C(O)(C(F)(F)F)C(F)(F)F)C1,[ 0.42006725  0.5119464  -0.8112841  -0.3232252  -0.5504614 ]
O=[N+]([O-])c1cccc(O)c1,[-0.3028792   0.71915656 -0.72525316 -0.809057   -0.17821424]
CC(=O)C1(O)Cc2c(O)c3c(c(O)c2C(OC2CC(N4CC4)C(OS(C)(=O)=O)C(C)O2)C1)C(=O)c1ccccc1C3=O,[-0.04665146  0.95053685 -0.70398366 -0.48211327 -0.40900287]
CCC(C)(C)OC(=O)Nc1ccco1,[ 0.6780171   0.53234315 -0.82781106 -0.22338271  0.05944799]
CN1CCCCC1CCN1c2ccccc2Sc2ccc(S(C)=O)cc21,[ 0.21697822  0.76462346 -0.91578877 -0.9088069  -0.22054513]
CC(C=O)=Cc1ccco1,[ 0.12126397  0.8088307  -0.81454027 -0.7962585  -0.31071788]
CCCCOCCOCCCC,[ 0.4543203   0.3017488  -0.7984018  -0.70557964  0.4561393 ]
CCOc1nc(C(Cl)(Cl)Cl)ns1,[ 0.49723446  0.7378753  -0.730156   -0.21996148  0.04080078]
CSC(C)=NOC(=O)N(C)SN(C)C(=O)Oc1ccc(OC(=O)N(C)SN(C)C(=O)ON=C(C)SC)cc1,[ 0.19291312  1.         -0.87338346 -0.7813585  -0.32920817]
C#CC1(O)C=CC2C3CCC4=CC(=O)CCC4C3CCC21CC,[-0.0564131   0.5225672  -0.7877534   0.19173026 -0.06148366]
C[C@@H](NC1=CC(=O)CNC1)c1ccc(Nc2ncc3cc(-c4ccncc4)ccc3n2)cc1,[ 0.10552516  0.9520584  -0.9249716  -0.7327706   0.4198884 ]
COc1ccc(NC(=O)CF)cc1,[ 0.87775844  0.7293758  -0.8470302  -0.2541163  -0.09258837]
CC(C)(C)NC(=O)NCCN1CCCC(NC(=O)c2cc(Cl)cc(Cl)c2)C1,[ 0.56452847  0.72690266 -0.5899564  -0.12211294 -0.25924003]
NCC(O)CO,[ 0.24388024  0.83370185  0.34452355 -0.32441896 -0.3821551 ]
Cn1c(=O)sc2cccc(Cl)c21,[-0.14483516  0.8794302  -0.32774678 -0.8773093  -0.36960816]
CN1CCC(=C2c3ccccc3Sc3ccccc32)CC1,[ 0.20072697  0.99468005 -0.8588033  -0.71229696 -0.23496087]
COc1c(Cl)ccc(Cl)c1C(=O)OCCN(CCOC(=O)c1c(Cl)ccc(Cl)c1OC)c1ccccc1,[ 0.24637417  0.7310633  -0.48844013 -0.9256044  -0.16215387]
N#CCc1ccccc1,[ 0.772719  1.       -0.443658 -1.        1.      ]
CCCCOC(=O)C1CC1OCCCC,[ 0.02908824  0.5850135  -0.9720857  -0.6114724  -0.01438035]
COP(=O)(OC)ON1C(=O)c2cccc3cccc(c23)C1=O,[ 0.12814604  0.5868624  -0.7688868   0.01394866  0.2929737 ]
Cc1cc(Nc2cncc(N[C@@H](C)c3ccc(F)cn3)n2)n[nH]1,[ 0.28211883 -0.73818034 -0.43611336 -0.12008912 -0.07177978]
CC(C)OP(=S)(OC(C)C)SCn1nc(Cl)ccc1=O,[-0.45460907  0.8848013  -0.243038    0.3977543  -0.20842908]
CC(C)(C)c1nnc(NS(=O)(=O)c2ccccc2)s1,[ 0.27587777  0.982813   -0.60538226 -0.43063265  0.12207047]
CC[C@H](CO)NC(=O)[C@H]1C=C2c3cccc4[nH]cc(c34)C[C@@H]2N(C)C1,[ 0.30634436  0.01984626 -0.6106546  -0.7711309  -0.18507594]
CC(C)N(C(=O)SCC(Cl)=C(Cl)Cl)C(C)C,[ 0.04446912  0.8112979   0.8464552  -0.08271894 -0.3066473 ]
C[C@@H]1O[C@@H](O[C@H]2[C@H](Oc3cc(O)c4c(c3)O[C@H](c3ccc(O)cc3)CC4=O)O[C@H](CO)[C@@H](O)[C@@H]2O)[C@H](O)[C@H](O)[C@H]1O,[ 0.420814    0.9486248  -0.757704    0.588185   -0.07928776]
CCOC(=O)COC(=O)c1cc(Oc2ccc(C(F)(F)F)cc2Cl)ccc1[N+](=O)[O-],[-0.01958791 -0.24043427 -0.46710718 -0.49390402 -0.45536587]
CCN1CN(CO)C(=O)N(CO)C1,[ 0.5144688   0.525929   -1.         -0.93166494  0.95760643]
CC(O)CO,[ 0.35720205  0.9327094  -0.94697976 -1.          0.9409899 ]
C/C=C/CC(C)C(O)C1C(=O)NC(CC)C(=O)N(C)CC(=O)N(C)C(CC(C)C)C(=O)NC(C(C)C)C(=O)N(C)C(CC(C)C)C(=O)NC(C)C(=O)NC(C)C(=O)N(C)C(CC(C)C)C(=O)N(C)C(CC(C)C)C(=O)N(C)C(C(C)C)C(=O)N1C,[ 0.15193109  0.85658467 -0.9293143  -0.98663205 -0.0498896 ]
OCCNCCc1ccccc1,[ 0.12982461  0.6796014  -0.47864547 -0.72300917  0.7444707 ]
Cc1c(-c2c(C)c(N)c3c(C(C)C)c(O)c(O)c(C=O)c3c2O)c(O)c2c(C=O)c(O)c(O)c(C(C)C)c2c1N,[ 0.03647342 -0.88280284 -0.2974356  -0.36301184 -0.00378229]
CC(C)(c1ccc(Oc2ccc(N)cc2)cc1)c1ccc(Oc2ccc(N)cc2)cc1,[-0.11945269 -0.03665751  0.36408308 -0.5718028   0.20427978]
COP(=S)(OC)Oc1cc(Cl)c(Cl)cc1Cl,[ 0.19639264  0.8099105  -0.7525044  -0.7240591  -0.24302754]
CCCCC(CC)CNCC(C)(N)CN(C)CC(CC)CCCC,[ 0.16148123  0.11791121 -0.38806084  0.5157655   0.45254567]
COc1cc2ncc(C(N)=O)c(Nc3ccc(C)cc3F)c2cc1OC,[-0.20158076  0.7219146  -1.         -0.7704327  -0.38164437]
CN(C)CCC(c1ccc(Cl)cc1)c1ccccn1,[ 0.38960347  0.665903   -0.5803735  -0.34766826  0.3687545 ]
O=c1[nH]cnc2c1ncn2[C@H]1CC[C@@H](CO)O1,[-0.45237213  0.91815513 -0.765287   -0.9343852  -0.20563638]
CCCSP(=S)(OC)SCCC,[ 0.35146254  0.89632535 -0.546262   -0.44048223 -0.37094623]
NCCCNCCSP(=O)(O)O,[ 0.60616046 -0.33091307 -1.         -0.642141   -0.02131825]
C=C(CC(=O)c1ccc(-c2ccccc2Cl)cc1)C(=O)O,[ 0.2094517   0.69977397 -0.8111426  -0.38954896 -0.24561709]
CSCCC(OC(C)=O)C(=O)O,[-0.02083799  0.9557499  -0.7435692  -0.6637205   0.53815985]
Cc1ccc([N+](=O)[O-])cc1,[ 0.30454665  0.6544431  -0.7652133  -0.571881   -0.01785861]
c1cc(-c2ccc3nc(Nc4ccc(OCCN5CCCC5)cc4)ncc3c2)ccn1,[ 0.41670626  0.86243945  0.29017162 -0.71475756 -0.40505153]
CCC(CC)(C(=O)O)c1cccc2ccccc12,[-0.34895882  0.71811205 -0.7518293  -0.9246554   0.03607277]
O=C(NCCNCC(O)COc1ccc(O)cc1)N1CCOCC1,[ 0.04868193  0.23605296 -1.         -0.866218   -0.26052955]
Nc1ccc(F)c(F)c1F,[ 0.1021876   0.7717481  -0.35049662 -0.9705584   0.7741532 ]
CCCCOP(=O)(O)OCCCC,[ 0.29651362 -0.6899046  -0.5351909  -0.8404535  -0.41153356]
Cc1ccccc1COC1CC2(C(C)C)CCC1(C)O2,[-0.259548    0.20029148 -0.69243234 -0.5967945  -0.00253538]
CCN(CC)c1ccc(-c2nc(=O)n(C)nc2-c2ccc(N(CC)CC)cc2)cc1,[-0.10605935 -0.26779115 -1.         -0.8280149   0.41284493]
CC[C@@]1(O)C(=O)OCc2c1cc1n(c2=O)Cc2cc3c(CN(C)C)c(O)ccc3nc2-1,[ 0.01131522  0.5313662  -0.82453203 -0.58040226 -0.07067829]
CCC(=O)O,[-0.2752023  -0.29928967  0.54366827 -0.48237625  0.32786447]
O=C(O)c1cccc(Cl)n1,[-0.06787182  0.88679534 -0.5139701  -0.5928888  -0.3985371 ]
CC(=O)N[C@H](Cc1ccc2ccccc2c1)C(=O)N[C@H](Cc1ccc(Cl)cc1)C(=O)N[C@H](Cc1cccnc1)C(=O)N[C@@H](CO)C(=O)N[C@@H](Cc1ccc(O)cc1)C(=O)N[C@H](CCCNC(N)=O)C(=O)N[C@@H](CC(C)C)C(=O)N[C@@H](CCCNC(=N)N)C(=O)N1CCC[C@H]1C(=O)N[C@H](C)C(N)=O,[-0.06778514  0.4595895  -0.7757883  -0.7525909   0.6943626 ]
COc1cc2c(c3oc(=O)c4c(c13)CCC4=O)C1C=COC1O2,[-0.03289052  0.8945219  -0.89084715 -0.81382626 -0.24433045]
CC(NNC(=O)c1ccccc1)c1ccccc1,[ 0.18264323  0.7060333  -0.8262596  -0.6862361   0.12956958]
Nc1ccc(Cl)cc1Cl,[ 0.18382822  0.47680324 -0.8389172  -0.5116627   0.0654759 ]
O=[N+]([O-])c1nccs1,[-0.00152547  0.74973106 -1.         -0.9013744  -0.19639829]
CN(CC=CC#CC(C)(C)C)Cc1cccc2ccccc12,[-0.29237825  1.         -0.7766253  -1.         -0.15176122]
COc1cccc(OC)c1O,[-0.2687358  -0.0954833  -0.8884848  -0.69977134  0.13594125]
FC(F)(F)c1nc2c(Br)c(Cl)c(Br)cc2[nH]1,[-0.15312804  0.6965699  -0.629808   -0.6806537   0.07971062]
COP(=S)(OC)SCc1nnc(C(C)C)o1,[ 0.373708    0.6025662  -0.81141347 -0.6694253   0.5113953 ]
COc1cc(-c2cc(=O)c3c(O)cc(O)cc3o2)cc(O)c1OC,[ 0.23640312 -0.33415818 -0.75602067 -0.7105701  -0.40752414]
CCNc1nc(NCC)nc(OC)n1,[ 0.19090559  0.73346984 -0.68791765 -0.8791309   0.08514801]
Cn1cncc1CN(CCN(Cc1ccccc1)S(=O)(=O)c1ccccn1)c1ccc(C#N)cc1,[ 0.03057342  0.5868206  -1.         -0.8111388  -0.53145194]
CCOP(=S)(OCC)Oc1cccc(F)n1,[ 0.19080825  1.         -0.9218906  -0.59866345  0.65357023]
CC(C)(O)c1ccccc1,[ 0.33644935  0.81015396 -0.79566413  0.14553013 -0.2830818 ]
CNC(=O)c1[nH]cnc1C(=O)Nc1ccc(Cl)cc1,[ 0.06952222  0.8083676  -0.7431701  -0.62970155 -0.29026255]
COc1ccc2ncc(=O)n(CCN3CC[C@@H](NCc4cc5c(cn4)OCCO5)[C@H](O)C3)c2c1,[ 0.33545777  0.41993263 -0.92656636 -0.96791035  0.1185118 ]
O=C([O-])CCCc1ccc(N(CCCl)CCCl)cc1,[ 0.16975078  0.8853679  -0.5121138  -0.76291114 -0.38597363]
CCS(=O)(=O)c1ccc(-c2cc(Cl)ccc2OCC(=O)O)cc1,[-0.5862624   0.6621976  -0.16488053 -0.900793   -0.11456145]
Cc1c(OCC(F)(F)F)ccnc1C[S+]([O-])c1nc2ccccc2[nH]1,[ 0.3894675   0.7739955  -0.52256787 -0.7203155   0.1866877 ]
Cc1cnc(C(=O)c2ncnc3[nH]ccc23)c(NS(=O)(=O)c2ccc(Cl)c(C(F)(F)F)c2)c1,[-0.52914006  0.85231173 -0.80235285 -0.6965739   0.01889448]
O=[N+]([O-])c1ccc(O)c(CNCCO)c1,[ 0.3734747   0.6935137  -0.89408207 -0.46978572  0.50758076]
O=C(O)c1nn(Cc2ccc(Cl)cc2Cl)c2ccccc12,[ 0.3761286   0.74744505 -0.70198464 -0.22005974 -0.5249472 ]
CCNC(=O)c1cc2c(-n3ccc(C(F)(F)F)n3)c(-c3cncc(-c4n[nH]c(=O)o4)c3)cnc2[nH]1,[ 0.24349155  0.9005223  -0.9407602  -0.52382755 -0.00349912]
CN1CCN(c2ccc3ncc(C(N)=O)c(Nc4ccc(Cl)c(Cl)c4)c3c2)CC1,[-0.28597108  0.7385405  -0.34696355 -0.47358826  0.19818766]
CCCCN(CCCC)SN(C)C(=O)ON=CC(C)(C)SC,[ 0.06155621  0.58190495  0.20511726 -0.5686178  -0.27221808]
C=CCc1cc(OC)c2c(c1)OCO2,[ 0.19413877  0.80950534 -0.59593236 -0.85212857 -0.11723011]
CCN1CCCC1CNC(=O)c1cc(S(N)(=O)=O)ccc1OC,[ 0.08701389  0.81383383 -0.8183354  -0.6072079  -0.26167235]
C[C@@H](NC(=O)C1CCCCN1C)c1ccc(Nc2ncc3cc(-c4ccncc4)ccc3n2)cc1,[-0.1047778   0.81581956 -0.98999333 -0.6603164  -0.0612548 ]
CCCCOP(=O)(OCCCC)Oc1ccccc1,[ 0.08507316  0.8716805  -0.7421789  -0.8959288  -0.56837577]
CCCCCCCCCCOC(=O)Cc1ccc(N(CCCl)CCCl)cc1,[ 0.36250836 -0.5373273  -0.85822123 -0.0372209   0.25414917]
Cc1cn([C@H]2CCCN(S(=O)(=O)c3ccc(C(N)=O)c(Oc4cccc(Cl)c4)c3)C2)c(=O)[nH]c1=O,[-0.0116106   0.7976404  -1.         -0.71768415 -0.30345052]
C1COCCOCCNCCOCCOCCN1,[ 0.6302206   1.         -0.32415837 -0.6184352   0.24163537]
CCOC(=O)Cl,[ 0.42831737  0.14061117 -0.4771096  -0.8821361  -0.01528286]
Clc1ccc(Cl)c(Cl)c1,[-0.27928343  0.45377576 -0.76958    -0.65873504  0.07523906]
CCOP(=O)(OCC)N(C)c1ccccc1,[-0.5578564   0.6613504  -1.          0.6610356  -0.78873944]
CCCN(CCC)CCCCCCCCNC(=O)Oc1ccc2c(c1)C1(C)CCN(C)C1N2C,[-0.67823726  0.71321625  0.15775433  0.06697222 -0.34613213]
CCc1cccc(CC)c1N,[ 0.19424777  0.6739967  -0.6598335  -0.803075   -0.19111475]
CCOC(=O)NCCOc1ccc(Oc2ccccc2)cc1,[-0.28008035  0.7983389  -0.7596994  -0.54666895  0.36909345]
CCOC(=O)COc1ccc(C(=O)CN2CCN(C3CCN(C(=O)OCOC(=O)C(C)(C)C)CC3)CC2=O)cc1,[ 0.1388212   0.7298206  -0.99888235  0.5781083   0.5312693 ]
CC(=O)OCCOCCOCCOC(C)=O,[ 0.59981143  0.908201   -0.13634792 -0.47654644 -0.13371474]
O=C(O)Cc1ccccc1N1CCC(CN2CCC(Oc3ccc(Cl)c(Cl)c3)CC2)CC1,[ 0.15669452  0.9077951  -0.8655761  -0.961584   -0.3883453 ]
Cc1ccc(C(=O)c2ccc(CC(=O)NCC(=O)Nc3cccc(C)c3C)n2C)cc1,[ 0.3092337   0.7923304  -0.39816302 -0.04500684 -0.02646802]
CC(=O)OC(C)(C)C1CC=C(C)CC1,[ 0.3648909   0.74762666 -0.51930994 -0.30295274 -0.01762352]
Nc1c(CC(=O)[O-])cccc1C(=O)c1ccc(Br)cc1,[ 0.15046874  0.69791603 -0.675849   -0.4128215  -0.06846634]
Cc1cc(Nc2nc(N[C@@H](C)c3ncc(F)cn3)nc(N3CCOCC3)c2F)n[nH]1,[ 0.01059523  0.69297385 -0.67272043 -0.5808786  -0.19358669]
COCc1c(C(C)C)nc(C(C)C)c(/C=C/[C@@H](O)C[C@@H](O)CC(=O)O)c1-c1ccc(F)cc1,[ 0.46719053  0.6671442  -0.85346043 -0.7060334  -0.4504447 ]
CCOC(=O)CCC1(CCC(=O)OCC)c2ccccc2-c2ccccc21,[-0.44886133 -0.4430151  -0.75058115 -0.53833395  0.14555532]
Cc1c(OC2CCN(CC3CCN([C@@](C)(Cc4ccc(F)cc4)C(=O)O)CC3)CC2)ccc(Cl)c1Cl,[ 0.45901826  0.8558477  -0.8076995   0.18089405  0.03325316]
C[NH2+]C(C)C1CCC(N)C(OC2C(N)CC(N)C(OC3OCC(C)(O)C([NH2+]C)C3O)C2O)O1,[ 0.29722634  0.80500257 -0.6461663  -0.45116365  0.08043228]
CCCCCCCCCCOc1c(OC)cc(C(N)=O)cc1OC,[-0.11237162  0.41739154 -0.8221046  -0.2604668  -0.0659219 ]
CCC(C)c1ccc(Oc2ccc(C)cc2CC(=O)O)c(Cl)c1,[ 0.6135553  0.9260611 -0.727078  -0.4658772 -0.2990254]
CCOC(C)=Cc1oc2ccccc2[n+]1CCCS(=O)(=O)[O-],[ 0.22957636  0.944336   -0.9014875  -0.71222615  0.31630757]
CC1(C)CC2(NC(=O)N(CCCN3CCC(O)CC3)C2=O)c2cc(F)ccc2O1,[-0.8540759  0.7287693 -1.        -0.7303515  0.7426588]
CS(=O)(=O)c1ccc(C(O)C(COC(=O)C[NH3+])NC(=O)C(Cl)Cl)cc1,[ 0.27306405  0.9476352  -1.         -0.7244958   0.15980436]
CCc1nn(C2CCCC2)c2c1CCn1c(-c3cccs3)nnc1-2,[ 0.23192397  0.9075682  -0.80506015 -0.6273263   0.1237394 ]
CCCCCCCCCCCC(=O)OCC(O)C1OCC(O)C1O,[ 0.24707092  0.4964078  -0.80493844 -0.15809724 -0.02598384]
CC(C)c1cccc(OC(=O)N(C)C)c1,[ 0.00966408  0.25257134 -0.60580873 -0.77989995 -0.08221338]
CC1=C(CC(=O)O)c2cc(F)ccc2C1=Cc1ccc(S(C)=O)cc1,[ 0.46926218  0.8961007  -0.98034924 -0.41047546 -0.51787686]
COc1ccc(-c2nc3ccc(C4=NNC(=O)CC4C)cc3[nH]2)cc1,[ 0.68815845  0.69528514 -0.46890417 -0.633732   -0.24480869]
C1=CCCC=CCCC=CCC1,[ 0.28920063  0.5911485  -0.794641   -0.85219055 -0.27286786]
Cc1cnc(C)c(C)n1,[ 0.04884108  0.6528938  -1.         -0.42979828 -0.62645423]
CS(=O)(=O)c1nc(-c2ccc(F)cc2)n(-c2ccc(Cl)cc2)n1,[-0.24729651  0.8656573  -0.6125805  -0.57282645 -0.03853729]
COc1ccc(N)c([N+](=O)[O-])c1,[ 0.0124116   0.8845554  -0.76826495 -0.9628716  -0.07458826]
CCC(C)c1ccccc1,[ 0.11792353  0.8872849  -0.9533812  -0.13823695 -0.30881846]
CNC(=O)Oc1cccc2c1OC(C)(C)O2,[ 0.44637     0.58857304 -0.8668392  -0.84243375 -0.1130521 ]
Cc1cccc2sc3nncn3c12,[ 0.29896596  0.8156237  -0.39433464  0.469218    0.19737653]
CC(C)(C)c1ccc(C(=O)O)cc1,[ 0.44544345  0.6795687  -0.69660157  0.4418352  -0.10038879]
FC(F)(F)c1nc2c(I)cc(I)cc2[nH]1,[ 0.25995317  1.         -0.3879411  -0.9026566   0.48244834]
Nc1cc[n+]([O-])cc1,[-0.0584201   0.95310575 -0.65247947 -0.8395768   0.6599363 ]
COc1nccnc1NS(=O)(=O)c1ccc(N)cc1,[ 0.5336194   0.8865427  -0.77263623 -1.          0.06295439]
Cc1ccc(NC(=O)c2ccc(C#N)cc2)cc1-n1cnc2ccc(N3CCN(C)CC3)cc2c1=O,[-0.35513458  0.9146179  -0.96736157 -0.8709785  -0.00146847]
C=C(C)C(=O)OCCOC(=O)C(=C)C,[ 0.07042468  0.23149127 -0.24402444 -0.29532093  0.6083333 ]
CN(C)NC(=O)CCC(=O)O,[ 0.2983875   0.3129074  -1.         -0.8381641  -0.19312333]
Clc1ccc(N2N=NC3C4CC(C5N=NC45)C32)cc1,[ 0.4499708   0.7695359  -0.8072318  -0.70278484  0.67026275]
O=[N+]([O-])c1ccc(Nc2ccccc2)c(S(=O)(=O)O)c1,[ 0.15871352  0.14825708 -0.4500332  -0.7749978   0.28347647]
CNC(=N)c1cccc(CC(CC(=O)N2CCC(C)CC2)NS(=O)(=O)c2ccc3ccccc3c2)c1,[-0.7884825  -0.21398242 -0.89554554 -0.23775141  0.2651605 ]
O=c1[nH]c2c(O)ccc([C@@H](O)CNCCSCCCNCCc3cccc(Cl)c3Cl)c2s1,[-0.1293764   0.50649464 -0.88459814  0.51999956 -0.08903317]
O=[N+]([O-])c1cc(C2CCCCC2)c(O)c([N+](=O)[O-])c1,[ 0.29066578  0.7216154  -0.2519826  -0.5215379   0.10354231]
CCOc1ccccc1OC(c1ccccc1)C1C[NH2+]CCO1,[-0.20200542  0.9743789  -0.5915736  -0.9658752   0.1579634 ]
CC(=O)N1CCN(c2ccc(OC[C@H]3CO[C@](Cn4ccnc4)(c4ccc(Cl)cc4Cl)O3)cc2)CC1,[ 0.3429504   0.87976646 -0.6267012  -0.4524993  -0.00222079]
Cc1cc(=O)nc(SCc2ccccc2N(C)C)[nH]1,[-0.1090565   0.7157     -0.80281746 -0.9312477  -0.21231909]
CSCCNc1nc(SCCC(F)(F)F)nc2c1ncn2C1OC(COP(=O)([O-])OP(=O)([O-])C(Cl)(Cl)P(=O)([O-])[O-])C(O)C1O,[-0.7372367   1.         -0.4928714  -0.32695213 -0.05883408]
CCOP(=O)(OCC)Oc1ccc(S(C)(=O)=O)c(C)c1,[-0.4399119   0.7739114  -0.9552211  -0.68767273 -0.16093932]
C[C@H](CO)Nc1nc(SCc2cccc(F)c2F)nc2nc(N)cnc12,[-0.10373215  0.36946183 -0.6913434  -1.         -0.31752074]
CNC(=N)c1cccc(CC(CC(=O)N2CCC(C(=O)O)CC2)NS(=O)(=O)c2ccc3ccccc3c2)c1,[-0.22238398  0.2768365  -0.4813908  -0.17281511 -0.2969711 ]
C=CC(=O)OCCOC(=O)CC(C)=O,[ 0.10728077  0.75462437 -0.7282686  -0.70114815  0.32303596]
Cc1ccc(S(=O)(=O)N(C)C(=O)N2CCC(N3CCC(Oc4ccc(Cl)c(Cl)c4)CC3)CC2)cc1,[-0.47538     0.27189142 -0.79987395 -0.8922883   0.05240507]
O=C(/C=C/c1ccc(O)c2c1C(C(=O)O)C(c1ccc(O)c(O)c1)O2)OC(Cc1ccc(O)c(O)c1)C(=O)O,[ 0.27409762  0.82218397 -0.36123222 -0.04935802 -0.3720039 ]
ClCc1ccccc1,[ 0.27832663  0.9421809  -0.35138035 -0.7897949   0.19173533]
Clc1cc(Cl)cc(Cl)c1,[ 0.71710485  0.45642784 -0.94152343 -0.8305561  -0.4546808 ]
CC(C)C(CCC(C)C1CCC2C3C(O)CC4CC(NCCC[NH2+]CCCC[NH3+])CCC4(C)C3CCC12C)OS(=O)(=O)[O-],[ 0.02381506  0.9700732  -0.7648955  -0.95675224 -0.11265615]
C/C=C/c1cc(OC)c2c(c1)C(C)C(c1cc(OC)c(O)c(OC)c1)O2,[ 0.6213609   0.2114803  -0.49287924 -1.          0.6062101 ]
C=C(OP(=O)(OC)OC)c1ccc(Cl)cc1Cl,[ 0.2046329  0.9814466 -1.        -0.9481999  0.858636 ]
CNC(=O)/C=C(/c1ccc2nc(N)n(S(=O)(=O)C(C)C)c2c1)c1ccccc1-c1cccc2ccccc12,[-0.18883222  0.7132506  -0.7767565  -1.          0.5995881 ]
CC1CS(=O)(=O)CCN1N=Cc1ccc([N+](=O)[O-])o1,[ 0.4005634   0.7462743  -0.31269112 -0.85886097 -0.11142222]
C=CC[N+]1([C@H]2C[C@H]3[C@@H]4CC[C@H]5C[C@H](O)[C@@H](N6CCOCC6)C[C@]5(C)[C@H]4CC[C@]3(C)[C@H]2OC(C)=O)CCCC1,[-0.08667382  0.86979663 -0.9228387  -0.9323746   0.6512734 ]
CC(C)(C)c1cc(O)ccc1O,[ 0.38800675  0.8832069  -0.28815016  0.3391424  -0.21774463]
C[N+](C)(C)CC(O)CC(=O)[O-],[ 0.11376896  0.92118263 -0.96055216 -0.84269845  0.5124986 ]
Clc1nc(Cl)nc(Cl)n1,[ 0.05132348 -0.0106916  -0.8032399  -0.7867839  -0.08528848]
NCCCCN,[ 0.6585735   0.65303373 -0.44060084 -0.38098133 -0.33287096]
CCCCC(C)(C)CO,[ 0.27559718  0.7144241  -0.7812249  -0.49792734  0.22646448]
CC1=NN(c2ccccc2)C(=O)C1,[-0.7016327  1.        -0.8302104 -0.7620124 -0.30009  ]
[NH3+]C(C(=O)NC1C(=O)N2C(C(=O)[O-])=C(CSc3c[n-]nn3)CSC12)c1ccc(O)cc1,[ 0.13655996  1.         -0.04704014  0.14409187  0.07845021]
COc1ccc([N+](=O)[O-])cc1N,[-0.06410704  0.8429181  -0.42730322 -0.37823278 -0.20843151]
O=c1cc(-c2ccc(O)cc2)oc2cc(O)cc(O)c12,[-0.03327015  0.7764136  -0.78555924 -0.90249324  0.69022214]
CC(C)NCC(O)COc1cccc2ccccc12,[ 0.3580258   0.67961925 -0.80575484 -0.9474531  -0.03670851]
C=C(OP(=O)(OC)OC)P(=O)(OC)OC,[-0.02217618  0.86449856 -0.46867955  0.7761056   0.06219257]
Cc1ccc2nc(C[N+]34CCC(CC3)[C@@H](OC(=O)[C@](C)(c3ccccc3)N3CCCCC3)C4)oc2c1,[ 0.5420173   0.7952984  -1.         -0.32705373 -0.5230354 ]
COP(=S)(OC)SCSCC=C(Cl)Cl,[ 0.21139272  0.7576156  -0.5878084  -0.6923912   0.09891268]
N=C(N)Nc1nc(CSCCC(=N)NS(N)(=O)=O)cs1,[ 0.15519622  0.37248147 -0.7434835  -0.5566674  -0.33256003]
CN1CCN(CCC=C2c3ccccc3Sc3ccc(S(=O)(=O)N(C)C)cc32)CC1,[-0.35858393  0.94363564 -0.6591241  -0.6261661   0.02612581]
ClCC(Cl)Cl,[-0.02446371  0.5356742  -0.7822509  -0.7327754   0.6177706 ]
O=C(Nc1ccc(Br)cc1)c1cc(Br)cc(Br)c1O,[ 0.6519327  -0.5685261  -0.79770905 -0.5168251  -0.53639615]
CC1CC(=O)NN=C1c1ccc([N-]N=C(C#N)C#N)cc1,[ 0.2087576   0.664403   -0.8292441  -0.79455197  0.21918996]
CN(C)C1C(O)=C(C(N)=O)C(=O)C2(O)C(O)=C3C(=O)c4c(O)cccc4C(C)(O)C3C(O)C12,[ 0.17150597  0.6740473  -0.21309033 -0.6360917   0.522859  ]
CC(C(N)=O)(c1ccccc1)c1ccc(N)cc1,[ 0.30948135  0.64828473 -0.7029273  -0.78254104 -0.32224086]
O=C(CN1CCNCC1)NN=Cc1ccc([N+](=O)[O-])o1,[ 0.09670307  0.72744167 -0.8490982  -0.83991414  0.19121231]
CC(C)CCCCCN(CCCCCC(C)C)CCCCCC(C)C,[ 0.38347808  0.84664524  0.21188079 -0.3512348   0.05129177]
CC(C)(C)c1ccc2c(c1)C(C)(C)CC2,[-0.00341886  0.50884515 -0.69489557  0.5663338   0.2729107 ]
c1c[nH]cn1,[ 0.53711563  0.8706289  -0.5492424  -0.24826859 -0.5421453 ]
C#CC1(O)CCC2C3CCC4=CC(=O)CCC4C3C(=C)CC21CC,[-0.2032136   0.9184899  -0.73739016 -0.616246   -0.18888657]
COc1cc2nc(N3CCN(C(=O)C(C)OC)CC3)nc(N)c2cc1OC,[ 0.21217647  0.8975343  -0.5834481  -0.7008558   0.45363063]
Cc1cc(Nc2nc(N[C@@H](C)c3ccc(F)cn3)c(C#N)cc2Cl)n[nH]1,[ 0.42313167  0.64605707 -0.7265914  -0.02371173 -0.4098563 ]
Cc1ncc(CS)c(CO)c1O,[-0.06968388  0.648547   -0.8454041  -1.         -0.03726006]
Cc1ncccc1Oc1ncnc(OC2CCN(C(=O)OC(C)C)CC2)c1C,[-0.10846882  0.49595815 -0.6571601  -0.28564325 -0.11099948]
CCOP(=S)(OCC)Oc1ccc([N+](=O)[O-])c(C)c1,[-0.04756763  0.9210874  -0.8635184  -0.43139145  0.16018914]
COCCNC(=O)c1ccc(Nc2ncc3cc(-c4ccncc4)ccc3n2)cc1C,[ 0.19463612 -0.34811202 -1.         -0.8093502   0.539369  ]
CC(=O)CCCCCCCC(=O)O,[ 0.30872384  0.79779035 -0.8852997  -0.48258528 -0.28151858]
Cn1c(C(=O)NC2(C(=O)N[C@H](Cc3ccccc3)C(=O)NCCCN3CCOCC3)CCCC2)cc2ccccc21,[-1.          0.8265677  -0.93883777 -0.47952664 -0.33769512]
Cc1ccccc1S(=O)(=O)NC(=O)N1CCC(N2CCC(Oc3ccc(Cl)c(Cl)c3)CC2)CC1,[ 0.3561996   0.75586885 -0.8514216  -0.6094135   0.2420318 ]
C=CCSP(=O)(NC(=O)CC)OC,[-0.4504356   0.61755335 -0.39817947 -1.         -0.15333761]
COc1cc2c3c(c1O)C1(C=CC(=O)C=C1)CC3N(C)CC2,[ 0.20283751 -0.43449092 -0.79599184 -0.22637346  0.06119036]
O=[N+]([O-])c1cc(Cl)c2nc(C(F)(F)F)[nH]c2c1,[ 0.29396513  0.72980475 -0.739465   -1.          0.06039508]
CCc1nc2cc(O)ccc2c(Oc2ccc(/C=C/C(=O)O)cc2)c1-c1ccccc1,[-0.17357832  0.8748409  -0.8259677  -0.60464275  0.42579663]
O=C(CCCN1CCC(O)(c2cccc(C(F)(F)F)c2)CC1)c1ccc(F)cc1,[ 0.34951156  0.95894426 -0.8221134  -0.548709   -0.09099425]
c1ccc([C@H]([C@@H](c2ccccc2)N2CCCCC2)N2CCCCC2)cc1,[-0.9870774   0.7475107  -0.690107   -0.59142935  0.3903718 ]
O=Cc1ccc(O)cc1,[ 0.5096881   0.33977458 -0.7005906  -0.5369711  -0.4557822 ]
O=C(c1ccc(Cl)cc1)c1ccccc1-c1ncc[nH]1,[-0.21994978  0.8970667  -0.61664635 -0.9686809   0.22321537]
CCOP(=S)(OCC)Oc1cc(C)n(CC)c(=O)c1,[ 0.01092112  0.97658587 -0.7297759  -0.7426388  -0.3630466 ]
O=C(CCCCCCC(=O)Nc1ccccc1)NO,[-0.09451967  1.         -1.         -0.9720094   0.08655946]
ClC1=C(Cl)C(Cl)(C2(Cl)C(Cl)=C(Cl)C(Cl)=C2Cl)C(Cl)=C1Cl,[-0.09108441  0.72551847 -0.79493946 -0.5271799   0.29701507]
O=C(O)COc1ccccc1,[ 0.02386677 -0.46600783 -0.18072699 -0.72295433 -0.1329596 ]
CO[C@@H]1C=CO[C@@]2(C)Oc3c(C)c(O)c4c(c3C2=O)C(=O)/C(=C\NN2CCN(C)CC2)C(=C4O)NC(=O)C(C)=CC=C[C@@H](C)[C@H](O)[C@H](C)[C@H](O)[C@@H](C)[C@@H](OC(C)=O)[C@@H]1C,[ 0.41382802  0.8357569  -1.         -1.          0.8091027 ]
C=CC(=O)NCNC(=O)C=C,[ 0.6435047   0.7435959  -0.54276806 -0.65831715 -0.18867387]
C/C([O-])=C(\C#N)C(=O)Nc1ccc(C(F)(F)F)cc1,[ 0.62719184  0.67695284 -0.73008436 -0.8592856  -0.1909635 ]
COc1ccccc1Oc1c([N-]S(=O)(=O)c2ccc(C(C)C)cn2)nc(-c2ccnc(-c3nnn[n-]3)c2)nc1OCCO,[ 0.44566715  1.         -0.52398556 -0.7034134  -0.42308715]
COP(=O)(SC(C)C)SC(C)C,[-0.6102694   0.7457959  -0.41705212  0.25073305 -0.40105066]
C=C(C)C1CC=C(C)C(O)C1,[ 0.01820813  0.7732255  -0.27136648 -0.2645536   0.08734764]
CC(=O)CCC(C)=O,[-0.10063303  0.75768024 -0.8459928  -1.         -0.5042689 ]
CCOC(=O)c1c(C)cc2c(CO)n[nH]c(=O)c2c1C,[ 0.14242403  0.5800941   0.0298567  -0.24887851 -0.16032602]
Cc1nc(C(F)(F)F)ccc1C(=O)Nc1ccc(Cl)c(-c2ccccn2)c1,[ 0.23716874 -0.62860763 -0.83605224 -0.9726001  -0.59968644]
C=CS(=O)(=O)CCCCCC,[ 0.3966476   0.93802667  0.30897367 -0.75727814  0.24515267]
CC1(C)SCN(C(=O)C2(Oc3ccc(Cl)cc3)CCCCC2)C1C(=O)O,[ 0.02808812  0.72362894 -1.         -0.95150054 -0.50758827]
CC(=O)OCc1ccc(C(C)C)cc1,[-0.07539207  1.         -0.7494364  -0.86370385 -0.43053332]
CC(=Cc1ccccc1)CC(=O)N1CCOCC1,[-0.26061818  0.82812977 -0.98340654 -0.49139985 -0.30439943]
COc1ccc(C(Oc2ccccc2)C2=NCCCN2)cc1,[ 0.3459265   0.88060933 -0.15191387 -0.5691028  -0.27024177]
Cc1ccc2c(c1)c(S(=O)(=O)c1ccc(Cl)cc1)c(C)n2CC(=O)O,[ 0.38748202 -0.04147192 -0.7357574  -0.26474524  0.00614287]
Nc1cccc(N)c1,[ 0.07941937  0.89901185  0.25370216 -0.598375   -0.1822055 ]
C[C@H](Cc1cccc(CC(=O)NC23CC4CC(CC(C4)C2)C3)c1)NC[C@H](O)c1ccc(O)c(CO)c1,[-0.22276609  0.68668395 -0.79234356  0.14126188 -0.37173986]
CN(c1ccc(F)cc1F)c1c([N+](=O)[O-])cc([N+](=O)[O-])cc1C(F)(F)F,[ 0.18625635  0.31852666 -0.53590393 -0.63180417  0.8239574 ]
CC1(C)C(=O)N(CO)C(=O)N1CO,[ 0.38184273  0.894197    0.342388   -0.3466789  -0.2733438 ]
N#CSCCSC#N,[-0.08405432  0.9642225  -1.         -0.8933828  -0.4159187 ]
N#Cc1cccc(Cc2ncccn2)c1,[ 0.16923568  0.78072494 -0.5436862  -0.8090728  -0.4278014 ]
C=CC(=O)OCC(=O)OCC,[-1.          0.8343125  -0.36484274 -0.5855669   0.15012632]
CC(C)Cn1c(=O)n(C)c(=O)c2c(C(=O)N3CC[C@@H](O)C3)c(Cc3c[nH]c4ccccc34)sc21,[ 0.43892992  0.7637438  -0.7282504  -0.48376167 -0.12137232]
CCNc1nc(NC(C)C(C)C)nc(SC)n1,[ 0.591601    0.9127204  -0.74584293 -0.5683241  -0.15048823]
CC(=O)O[C@H]1C[C@]2(O)[C@H]3CC[C@H]4C[C@H](O[C@H]5C[C@@H](O)[C@@H](O[C@H]6C[C@@H](O)[C@@H](O[C@H]7C[C@@H](O)[C@@H](O)[C@H](C)O7)[C@H](C)O6)[C@H](C)O5)CC[C@@]4(C)[C@H]3CC[C@]2(C)[C@H]1C1=CC(=O)OC1,[ 0.15805845  0.6440287  -0.28158107 -0.83529025 -0.43878478]
FCOC(C(F)(F)F)C(F)(F)F,[ 0.02052806  0.6812918  -0.9818826  -0.85416776  0.6428242 ]
CNC(=O)ON=C(C)SCC(=O)N(C)C,[ 0.45370102  0.1805676  -0.6839357   0.8407886   0.00465866]
C=CC(C)CCCC(C)(C)O,[-0.06737176  0.1004988  -0.931398   -0.79471445  0.06682659]
CCN1C(=O)NC(c2ccccc2)C1=O,[ 0.2189388   0.45986393 -0.17258403 -0.65741676 -0.02696699]
CCCC(=O)OC1(C(=O)COC(=O)CC)CCC2C3CCC4=CC(=O)CCC4(C)C3C(O)CC21C,[-0.33526668  0.51237065 -0.7083041  -0.77475685  0.43513182]
Cc1ccsc1C(=CCC[NH+]1CCCC(C(=O)[O-])C1)c1sccc1C,[ 0.38490924  0.74278045 -0.6180818  -0.7854635   0.04814903]
C=CCI,[ 0.45220196  1.         -0.71470976  0.04149516  0.15745322]
Cc1cnc(NCCCN(C)C)c2c1[nH]c1ccc3cc(O)ccc3c12,[ 0.27016324  0.9019877   0.40255535 -0.40910244  0.13409428]
CN1C(=O)CN=C(c2ccccc2F)c2cc(Cl)ccc21,[-0.23687273  0.7872104  -1.         -0.3782819  -0.53532594]
CC=Cc1ccc(OCc2ccccc2)c(OC)c1,[ 0.4495938   0.6822109  -0.8498648  -0.8258739  -0.36849576]
CC(=O)c1c(C)c2cnc(Nc3ccc(N4CCNCC4)cn3)nc2n(C2CCCC2)c1=O,[-0.39274058  0.81619745 -0.82292056 -0.70516384  0.42218482]
c1ccc2[nH]c(-c3cscn3)nc2c1,[ 0.5389433   0.6480182  -0.7767427  -0.53206754  0.13755724]
O=C(NC1CC1)c1cc(-c2cccs2)on1,[ 0.10585707  0.84370416 -0.89823353 -0.5808145   0.07377346]
FC1(F)CC(C2CC3(Cl)C(Cl)=C(Cl)C2(Cl)C3(Cl)Cl)C1(F)F,[ 0.5686127   0.8208971  -0.8105519  -0.5958487   0.19914396]
O=[N+]([O-])c1cc2[nH]c(C(F)(F)F)nc2cc1Cl,[ 0.3124134   0.6743922  -0.7846815  -0.48068202  0.72345275]
CCC(=O)OCc1ccc(OC)cc1,[ 0.2861167   0.42993268 -0.6468379  -1.          0.20186257]
COc1ccc(C[C@@H]2c3cc(OC)c(OC)cc3CC[N@+]2(C)CCC(=O)OCCCCCOC(=O)CC[N@@+]2(C)CCc3cc(OC)c(OC)cc3[C@H]2Cc2ccc(OC)c(OC)c2)cc1OC,[ 0.06661413  0.96846986 -0.1500015  -0.33117893  0.28953844]
COc1ccccc1NC(=O)CC(C)=O,[-0.67431575  0.93284935 -1.         -0.72855973 -0.21735904]
CCOC(=O)C(CCc1ccccc1)NC(C)C(=O)N1C(C(=O)[O-])CC2CCCCC21,[ 0.6271738   0.86045927  0.30298406 -0.60925895 -0.0556529 ]
CON(C)C(=O)Nc1ccc(Cl)cc1,[-0.21213326  0.7827885  -0.392351   -0.8999037  -0.28485256]
Nc1nc(-c2ccccn2)nc(N)c1Cc1ccc(Cl)cc1Cl,[ 0.20339678  1.         -0.8365521  -0.40050542 -0.3486137 ]
COP(=S)(OC)SCc1nnc(SC)s1,[ 0.30284473  0.5182893  -0.603605   -0.6537492   0.36558372]
C=C(Cl)C#N,[-0.4203113   0.8082401   0.07269718 -0.09918264 -0.45911714]
CCC(C)OP(=S)(OC)OC,[ 0.30765513  0.6512535  -0.8292149  -0.68605286 -0.29421425]
CNc1c(C(N)=O)cnc2[nH]c(-c3ccc(OCCN4CCOCC4)cc3)nc12,[ 0.03254669  0.81149554 -1.         -0.85352147  0.10640174]
C=CCN1CCCC1CNC(=O)c1cc2nn[nH]c2cc1OC,[ 0.23595963 -0.28513056 -0.6599603  -0.38511485  0.6288291 ]
COP(=S)(OC)Oc1ccc(C#N)cc1C,[ 0.58740234  0.71744406 -0.957317    0.08360232 -0.03628134]
COc1ccc2c(O[C@@H]3C[C@H]4C(=O)N[C@]5(C(=O)NS(=O)(=O)C6CC6)C[C@H]5/C=C\CCCCN(C)C(=O)[C@@H]4C3)nc(-c3ccc(F)cc3)nc2c1C,[ 0.31710628  0.45442373 -0.56211126 -0.7511842   0.08309969]
CNC(=O)c1cccc2c(Nc3ccc(NS(C)(=O)=O)cc3OC)c3cccc(C)c3nc12,[-0.12099619  0.9388736  -0.9871884  -0.5755512  -0.2692313 ]
N#CC(c1ccccc1)c1ccccc1,[ 0.64821815  0.6697084  -0.8100984  -0.67918724 -0.0065308 ]
COc1cc(OC)c(S(=O)(=O)NCc2ccccc2N2CCCCC2)cc1NC(=O)CCC(=O)O,[ 0.7234134   0.6511585  -0.34155992 -0.4823154  -0.01621561]
OC[C@@H]1CC[C@H](n2cnc3c(O)ncnc32)O1,[ 0.5312455   0.85469943 -1.         -0.0494124  -0.3057712 ]
CCN(Cc1cc(C(F)(F)F)ccc1-c1cc(CC(=O)O)ccc1OC)C(=O)NCc1ccccc1,[-0.5817367   1.         -0.820243   -0.94460475 -1.        ]
CC1(C)SC2C(NC(=O)C(C(=O)[O-])c3ccsc3)C(=O)N2C1C(=O)[O-],[ 0.02737938  0.7793435  -0.8910066  -0.39655083 -0.29114282]
CCN(CC)c1ccc2c(C)cc(=O)oc2c1,[ 0.30703068  0.7606393  -0.8807556   0.00814553  0.35572565]
Cc1ncsc1C(=O)N(Cc1cc(=O)[nH]c2c(F)cccc12)c1cccc(Cl)c1,[ 0.4220142   0.88733864 -1.         -0.63717645 -0.05324673]
COc1cc2c3cc1Oc1cc(ccc1O)CC1c4c(cc(OC)c(O)c4Oc4ccc(cc4)CC3[NH+](C)CC2)CC[N+]1(C)C,[ 0.09606855  0.86262697 -0.9586053  -0.6758337  -0.06978589]
Cc1ccc(S(=O)(=O)Nc2c(C(=O)N[C@@H](C)C(C)(C)C)c(C)nn2C(C)C)cc1,[-0.2450201   0.95619345 -0.8297157  -0.74435776 -0.5016619 ]
Cc1cnc(NC(=O)C2=C(O)c3ccccc3S(=O)(=O)N2C)s1,[ 0.25055096 -0.3857393  -1.         -1.         -0.06392141]
O=P([O-])([O-])C(O)(Cn1ccnc1)P(=O)([O-])O,[-0.86622405  0.69211614 -0.58564055 -0.29247698  0.22384568]
CC(=Cc1ccccc1)C=C1SC(=S)N(CC(=O)O)C1=O,[ 0.38201317  0.9073691  -0.466397   -0.64535296  0.2749259 ]
C[NH2+]C(C)Cc1ccccc1,[-0.16512963  0.9918958  -1.         -1.          0.14319858]
O=C(Cc1cccs1)N[C@@H]1C(=O)N2C(C(=O)[O-])=C(C[n+]3ccccc3)CS[C@H]12,[ 0.4620629   0.74737173 -0.81355834 -0.9643871  -0.08476492]
CCOC(C)COC(C)CO,[-0.26292083  0.81181365 -0.78528976 -0.42054415 -0.2834481 ]
Cc1ccc(N=C=O)cc1N=C=O,[-0.10693827  0.7026564  -0.753045   -0.77949077 -0.1926911 ]
c1ccc(OP(Oc2ccccc2)Oc2ccccc2)cc1,[ 0.5362956   0.89719564 -0.79788667 -0.5033377  -0.32431233]
CC(C)CCC(C)Nc1ccc(Nc2ccccc2)cc1,[-0.21853209  0.69591707 -0.55322313 -1.         -0.1526926 ]
CN(CC#N)N=O,[-0.1908161   0.79233277 -0.82620925 -0.74810845 -0.0466163 ]
ClC(Cl)(Cl)c1cccc(C(Cl)(Cl)Cl)c1,[ 0.14309768  0.8812113  -0.96267134 -0.9332103   0.18982074]
CSCC(=O)N(C)C(=O)Oc1ccccc1OC(C)C,[ 0.07973861  0.614625   -0.8485296  -0.8116     -0.3486229 ]
Oc1nc(-c2ccccc2)nc2ccccc12,[ 0.29114866 -0.01389779 -0.57991326 -0.5883242   0.19053636]
CN(C)c1ccc(C(O)(c2ccc(N(C)C)cc2)c2ccc(N(C)C)cc2)cc1,[ 0.00563168 -0.4675577  -0.63031965 -0.36875495 -0.05147906]
CN(C)C(=O)Oc1cccc2sccc12,[-0.04608902  0.3934794  -0.5056365  -0.61443883  0.03975084]
O=C1CC(N2C(=O)c3ccccc3C2=O)C(=O)N1,[ 0.17187603  0.41488358 -0.7083026  -0.30948907  0.09492615]
O=C(Cl)c1cccc(C(=O)Cl)c1,[ 0.24240275  0.30001673 -0.66110116 -0.49933162 -0.13322917]
O=S1(=O)CCN(c2ccccc2)CC1,[ 0.3536898   0.8297301  -0.72479147 -0.9076003  -0.5890722 ]
CC(=O)c1ccc2c(c1)N1C(=O)OCC1CC2,[ 0.37161246  0.6724922  -0.94812083 -0.79629385 -0.21221583]
CC(c1ccccn1)c1c(CC[NH+](C)[14CH3])sc2ccccc12,[-0.01113493  0.75613475  0.18497148 -0.3146459   0.27532047]
CC(C)c1cc(Oc2ccccc2)cc(C(C)C)c1NC(=S)NC(C)(C)C,[-0.461918    0.8314482  -0.07680461 -0.9676885  -0.34020585]
Cc1ccc(N2CC(COc3ccc(-c4noc(C)n4)cc3)C2)nn1,[-0.22159913  0.6137851  -0.5752961  -0.7692157  -0.03203772]
CCCSP(C)(=S)Oc1ccc(Cl)cc1Cl,[ 0.6549346   1.         -0.3908001  -0.51354927 -0.34037176]
ClC(=NNc1c(Cl)cc(Cl)cc1Cl)c1ccccc1,[ 0.3577487  0.9485386 -0.7780614 -0.6853485  0.2775289]
NS(=O)(=O)c1cc2c(cc1Cl)NC(C(Cl)Cl)NS2(=O)=O,[ 0.44692802  0.5184767  -0.8472112  -0.56537294 -0.08913507]
CCC(=O)OC1CCC2C3CCC4=CC(=O)CCC4(C)C3CCC12C,[ 0.5426087  -0.8325018  -0.749871   -1.         -0.09208154]
CC(=O)Oc1ccc2c3c1OC1C(OC(C)=O)C=CC4C(C2)[NH+](C)CCC341,[ 0.32902598  0.85099936 -0.4040279  -0.52480584  0.22098984]
C#CC1(O)C(CO)OC(n2ccc(N)nc2=O)C1O,[-0.18949458  0.63867235 -1.         -0.67912    -0.34389657]
CCc1cc2c(s1)-n1c(C)nnc1CN=C2c1ccccc1Cl,[ 0.23105748  0.98548645 -0.7030513  -0.7622854  -0.28055957]
O=[N+]([O-])N1CN([N+](=O)[O-])CN([N+](=O)[O-])C1,[ 0.47468126 -0.03649127 -0.560205   -0.4871984  -0.34274444]
ClCC1C(CCl)C2(Cl)C(Cl)=C(Cl)C1(Cl)C2(Cl)Cl,[ 0.5898878   0.6833775  -0.8128432  -0.58384603  0.03529171]
NC(=S)NNCNNC(N)=S,[ 0.22696869 -0.66544205 -0.9494125  -0.5617478  -0.6269132 ]
CN(C)CCCNCCCN(C)C,[ 0.28991118  0.25864828 -1.          0.55715036  0.68171805]
Cc1cn([C@H]2CCCN([C@H](CC(C)C)c3ccc(C(=O)O)c(Oc4cccc(Cl)c4)c3)C2)c(=O)[nH]c1=O,[ 0.43610257  0.95926327 -1.         -0.9065769  -0.17127049]
CC[C@H]1CN(Cc2cc(Cl)ccc2OCC(=O)O)CCN1S(=O)(=O)c1ccccc1,[ 0.5694572   0.366264   -0.7996588  -0.48255774  0.00386991]
COc1ccc2ncc(F)c(CCN3CCC(NCc4cc5c(cn4)OCCO5)CC3)c2n1,[-0.18131809  0.8579741  -0.6896982  -1.          0.82649285]
O=c1cc(Cn2c(C3CCC3)nc3nccnc32)c2ccc(F)c(F)c2[nH]1,[-0.09032668  0.84900343 -0.23338576 -0.45088103 -0.38618833]
O=[N+]([O-])OC1COC2C(O)COC12,[-0.00207737  0.8129903  -0.8080508  -1.         -0.41223082]
C1CSCCO1,[ 0.3088226  -0.4591053  -0.87104607 -0.20066647  0.01182569]
CNC(=O)ON=C(C)SC,[-0.36581966  0.8235585  -0.55783165 -0.03782498 -0.10185165]
CC1CCC(N)CC1N,[ 0.38966572  0.87809294 -0.6615131  -0.4700195  -0.02564312]
CNNC,[ 0.4727887   0.81216043 -0.7271002  -0.5411137  -0.07997435]
CCN[C@@H]1C[C@H](N)[C@@H](O[C@H]2OC(CN)=CC[C@H]2N)[C@H](O)[C@H]1O[C@H]1OC[C@](C)(O)[C@H](NC)[C@H]1O,[ 0.08143649  0.88379973 -0.68776166 -1.          0.5056502 ]
C=CCC1/C=C(\C)CC(C)CC(OC)C2OC(O)(C(=O)C(=O)N3CCCCC3C(=O)OC(/C(C)=C/C3CCC(O)C(OC)C3)C(C)C(O)CC1=O)C(C)CC2OC,[ 0.5099033   0.5669714  -0.5832046  -0.90195376 -0.575126  ]
C[Si](C)(Cl)Cl,[ 0.6342551   0.9847979  -0.80094856 -0.95052224 -0.5222274 ]
CCOc1ccccc1-c1ccc(-c2nc3ccncc3c(O)c2C#N)cc1,[ 0.3785305   0.6181967  -0.8215025  -0.8377975   0.04094831]
C[C@@H]1NC(=O)[C@@H](C)NC(=O)[C@H](C)N(C)C(=O)[C@@H](C)N(C)C(=O)[C@@H](C)NC(=O)[C@H](C)N(C)C1=O,[-0.21380174  0.46848512 -0.70214915 -0.932378    0.7528311 ]
Nc1nc(O)c(Cl)c(-c2ccccc2)n1,[-0.01485756  0.44751355 -0.94385684 -1.         -0.10099672]
CCOP(=S)(OCC)OC(C)CC,[-0.27767825  0.2541383   0.51428545 -0.8172457   0.02508036]
CCCCn1c(=O)n(CCC)c(=O)c2[nH]c(C)nc21,[ 0.20321669 -0.06746915 -0.85260713 -0.36920094 -0.03194315]
COc1cc(OC)c(S(=O)(=O)N2c3ccccc3CCC2C)cc1NC(=O)COCC(=O)O,[ 0.30836853  0.8304257  -0.9123881  -0.39374793 -0.06475551]
O=[N+]([O-])C(CO)(CO)CO,[ 0.26360837 -0.28715715 -0.8331934  -0.8218526  -0.09659112]
Nn1cnc2cc3ccccc3cc2c1=O,[-0.14333454  0.8713174  -0.27971336 -0.5032331  -0.22456473]
Nc1ccc(S(=O)(=O)O)c2cccc(O)c12,[-0.16932218  0.98604596 -0.690192   -0.8122954   0.59906906]
CC(C)(C)CC(=O)Nc1c(F)cc(C(=O)Nc2nccs2)cc1F,[ 0.3955574   0.72627485  0.55504966 -0.14068754 -0.45994708]
CN(CCO)Cc1cc(C(=O)c2cccs2)cc(C(C)(C)C)c1O,[-0.77343893  0.9644451  -1.         -0.8367181   0.32706892]
O=C(CCCCC(=O)OCC1CC=CCC1)OCC1CC=CCC1,[-0.51384395 -0.76020473 -0.93282807 -0.857627   -0.32050768]
CN(C)C(Cc1ccccc1)c1ccccc1,[ 0.11963464  1.         -0.9146602  -0.7972016  -0.12001025]
CCOP(=O)(Cl)Cl,[ 0.34241524  0.90259945 -0.71394795 -0.44383016 -0.2099271 ]
C[N+](C)(Cc1ccc(NC(=O)c2ccc(Cl)c(Cl)c2)cc1)C1CCOCC1,[-0.8183821   0.8637359  -0.18643267 -0.4396742  -0.43484   ]
Cc1cc(Cl)ccc1OCC(=O)O,[ 0.2611      0.85519654 -0.9344688  -0.7515992   0.19982195]
Cc1ncc(C[n+]2csc(CCO)c2C)c(N)n1,[ 0.04258701 -0.50040364 -1.         -0.24194972  0.61738974]
CCNC(=S)NCC,[ 0.26588374  0.49234468 -0.7683873   0.04328924  0.7766627 ]
Cc1ccc(C(=O)N(CCCN)[C@@H](c2nc3cc(Cl)ccc3c(=O)n2Cc2ccccc2)C(C)C)cc1,[ 0.14321019  0.72072804  0.5280802  -0.59258014 -0.182927  ]
COC(=O)c1c(Cl)cccc1-c1cnc([C@@H](C)NC(=O)C2(NC(=O)C(F)(F)F)CC2)c(F)c1,[ 0.09873582  0.22898181 -0.8407123  -0.9642858  -0.30062237]
Nc1nc2c(Cc3cccnc3)c[nH]c2c(=O)[nH]1,[ 0.20115063  0.88065505 -0.5814908  -0.8894085  -0.6634387 ]
CCc1c2c(nc3ccc(O)cc13)-c1cc3c(c(=O)n1C2)COC(=O)[C@]3(O)CC,[-0.09996345  0.80617684 -0.7461533  -0.6848162  -0.13342014]
COC(=O)C(C)NP(=O)(OC[C@@H]1C=C[C@H](n2cc(C)c(=O)[nH]c2=O)O1)Oc1ccc(I)cc1,[ 0.32500228  0.30211312 -1.         -0.99870384  0.17798583]
COc1cc2c(cc1OC)C1CC(=O)C(CCC#N)CN1CC2,[-0.06095612  0.9495088  -0.93238485 -0.5485459   0.36343524]
O=C(NCc1ccc(OC(F)(F)F)cc1)C1c2ccccc2C(=O)N1CCc1ncc(F)cn1,[ 0.35329002  0.95648354 -1.         -0.59061396  0.15556018]
O=C(/C=C/c1ccccc1)NCCO,[-0.476276    0.6936741  -0.7846414  -0.089484    0.19259986]
CC(=O)N[C@H](C)C(=O)NCCc1ccccc1,[ 0.22773398  0.22240287 -0.5436476  -0.587889   -0.13594073]
CC(=S)NC[C@H]1CN(c2ccc(-c3nnc(CNS(C)(=O)=O)s3)c(F)c2)C(=O)O1,[ 0.6916324   0.7782614  -0.9603196  -0.22119507 -0.56366533]
CCC[C@H](NC(=O)[C@@H]1[C@H]2CCC[C@H]2CN1C(=O)[C@@H](NC(=O)[C@@H](NC(=O)c1cnccn1)C1CCCCC1)C(C)(C)C)C(=O)C(=O)NC1CC1,[ 0.3689741   0.2188504  -0.8263635  -0.7734208   0.07099202]
N#CC1CC2CC2N1C(=O)C(N)C12CC3CC(CC(O)(C3)C1)C2,[ 0.07332143  0.8927522  -0.09764731 -0.39527634 -0.23079497]
CCCCC(CC)CNC1CCCCC1,[-0.22265355 -0.5375943  -0.72670245 -0.28771666 -0.61308694]
CC(C)OCCCO,[ 0.3922283   0.80262035 -0.94491214 -0.65161973  0.3368114 ]
CNC(=O)c1cccc2c(Nc3ccc(NS(C)(=O)=O)cc3OC)c3cccc(C)c3[nH+]c12,[ 0.40609682  0.7984139  -0.6118348  -0.30695632 -0.1185547 ]
CNC(=O)OCc1cccc(COC(=O)NC)n1,[ 0.21553074  1.         -0.46709487 -0.2104763   0.14518842]
CC(=O)NCCCS(=O)(=O)[O-],[ 0.3958494   0.20820789 -0.4743892  -0.5328776  -0.15881261]
ClCC(Cl)=C(Cl)Cl,[ 0.4342473   0.7164349  -0.5441306  -0.81053674 -0.29294488]
C[C@@H](N/C(=N\c1ccncc1)NC#N)C(C)(C)C,[-0.16567716  0.7707813  -0.8028601  -0.8801751  -0.38114834]
c1ccc(C2CO2)cc1,[ 0.63551587  0.7641201  -0.8683784   0.600478   -0.34299105]
CCC(CC)C(=O)OCCOCCOCCOC(=O)C(CC)CC,[ 0.3080908   0.42020783 -0.61024255  0.29465201 -0.4835734 ]
CCN(N=O)C(C)OC,[-0.03872136  0.82518023 -0.7520229  -1.         -0.29150322]
N=C(Nc1c([N+](=O)[O-])cnc2ccccc12)N1CCOCC1,[-0.2869551   0.7740487  -0.96544087 -0.61047935  0.21739177]
CO[Si](CCCOCC1CO1)(OC)OC,[-0.12787762  0.74459857  0.4184632  -0.28805682 -0.22922632]
Nc1ccn([C@@H]2O[C@H](CO)[C@@H](O)C2(F)F)c(=O)n1,[ 0.26221204  0.27797338 -0.68897897 -0.5977663  -0.4161069 ]
CCC(C)N(C)C(=O)c1cc2ccccc2c(-c2ccccc2Cl)n1,[ 0.55249006  0.9524772  -0.7410441  -0.9644899  -0.31581342]
COc1cc(OC)c(S(=O)(=O)NCc2ccccc2N2CCC(COC(=O)CCC(=O)O)CC2)cc1NC(=O)CCC(=O)O,[-0.10827874  0.78614306 -0.7846476  -1.         -0.42743263]
O=C1CCc2cc(C=CCN3CCN(c4ccc(Cl)cc4)CC3)ccc2N1,[ 0.02961144 -0.6803081  -0.75619483 -0.91701823 -0.07547084]
O=C1c2ccccc2N(C(=O)CN2CCOCC2)CN1c1ccccc1,[ 0.3350601   0.918722   -1.         -0.46914127 -0.5273668 ]
NS(=O)(=O)c1cc2c(cc1Cl)NCNS2(=O)=O,[ 0.12142191  0.2665843  -0.01764548 -0.6688895   0.59822327]
O=C(NC[C@@H](O)CN1CCC(Oc2ccc(Cl)c(Cl)c2)CC1)c1c[nH]c(=O)c2cc(F)ccc12,[-0.28913164 -0.18838787 -0.45794132 -1.          0.34441432]
CNCC(O)c1cccc(O)c1,[-0.16050722  0.8986169  -0.38409662 -0.809603   -0.4577232 ]
Nc1cc2c(S(=O)(=O)O)cc(S(=O)(=O)O)cc2cc1S(=O)(=O)O,[ 0.4783513   0.7224889  -0.8050113  -0.53538877 -0.05379218]
[O-][n+]1onc2c1c1no[n+]([O-])c1c1no[n+]([O-])c21,[ 0.29490495  0.65432703 -0.9784977  -0.9517538  -0.12689468]
CC#CCC(C)C(O)C=CC1C(O)CC2Oc3c(CCCC(=O)O)cccc3C21,[ 0.50672734  0.8963077  -0.7605278  -0.48630568 -0.14836124]
Cc1ccc(N=C=O)cc1,[ 0.5096803   0.85286605 -0.65450495 -0.01795887  0.41234297]
CCC(=O)CC,[-0.27734032  0.7446142  -0.83824015 -0.7141567  -0.10774155]
C=C1CC23CC1(O)CCC2C12C=CC(O)C(C)(C(=O)O1)C2C3C(=O)O,[ 0.41924563 -0.05300651 -0.6866541  -0.7213761  -0.10264197]
C[C@@H]1O[C@@H](O[C@H]2[C@@H](O)C[C@H](O[C@H]3C[C@](O)(C(=O)CO)Cc4c(O)c5c(c(O)c43)C(=O)c3ccccc3C5=O)O[C@H]2C)C[C@H](N)[C@@H]1O,[ 0.15022302  0.6517667   0.32165048 -0.48309484 -0.36708054]
O=C(Nc1ccc(Cl)c(C(=O)Nc2cccnc2)c1)c1cccc(C(F)(F)F)c1,[ 0.42126554  0.8496916  -0.6871992  -0.28494474 -0.08977038]
CCC(=O)OC1C(C)OC(OC2C(C)OC(OC3C(CC=O)CC(C)C(O)C=CC=CCC(C)OC(=O)CC(OC(C)=O)C3OC)C(O)C2N(C)C)CC1(C)O,[-0.2413066   1.         -0.78632087 -0.88435423 -0.42272332]
O=C(CCl)OC1=C(OC(=O)CCl)C(=O)OC1=O,[ 0.13569327  0.9859905  -0.39803475 -1.          0.0225385 ]
CC=CC(C)=O,[ 0.6523748  -0.8207411   0.21754226 -0.48862222  0.41246074]
CCNC(=O)ON=C1SCOC1C,[ 0.11412865  0.7000876  -0.3111276  -0.72791636 -0.47252217]
O=C(Nc1ccccc1-c1ccccc1)OC1CCN(CCCCCCCCCNC[C@H](O)c2ccc(O)c3[nH]c(=O)ccc23)CC1,[-0.30142617  0.8763586  -0.8226847  -0.71887976 -0.28940737]
CO[Si](CCCn1c(=O)n(CCC[Si](OC)(OC)OC)c(=O)n(CCC[Si](OC)(OC)OC)c1=O)(OC)OC,[ 0.40959445  0.7984551  -1.         -0.09954013 -0.02698633]
CN(C)CC/C=C1/c2ccccc2COc2ccc(CC(=O)O)cc21,[ 0.03967461  0.46004575  0.32885325 -0.30521023 -0.49963316]
CCN(CC)c1ccc2cc(C(=O)NC3(C(=O)N[C@H](Cc4ccccc4)C(=O)NCC4CCN(CC5CCOCC5)CC4)CCCC3)sc2c1,[-0.18834464  0.33761272  0.01609569  0.68950504 -0.28651214]
COc1cc(OC)c(C(=O)CCCN2CCCC2)c(OC)c1,[ 0.28337064  0.74726456 -0.6986532  -0.801962   -0.23197505]
Nc1cc2c(cc1C1CCCCC1)CCC2C(=O)O,[ 0.34601158  0.19022612 -0.9619601  -0.27842438 -0.40515634]
CCN(CCO)c1cccc(C)c1,[ 0.09235565  0.7961129  -1.         -0.709936    0.05816091]
CCC[C@@H](c1ccc(C(=O)O)c(Oc2cccc(Cl)c2)c1)N1CCC[C@H](n2cc(C)c(=O)[nH]c2=O)C1,[-0.09339229  0.84185165 -0.7519254  -0.568658   -0.02244078]
Cc1cc(Cl)ccc1OCC(=O)Nc1ccccc1,[-0.12147098  0.9030463  -0.66402507 -0.62885153 -0.37621632]
NCCCC[C@H](N[C@@H](CCc1ccccc1)C(=O)O)C(=O)N1CCC[C@@H]1C(=O)O,[-0.29133826 -0.16215841 -0.7213621  -1.         -0.3433793 ]
COc1ccc(CC(C)=O)cc1,[ 0.15766418  0.77986866 -0.71876305 -0.87340856  0.3217086 ]
CN1CCN(C2=c3ccccc3=Nc3ccc(Cl)cc3N2)CC1,[-0.5053086   0.6594753  -0.63915664 -0.16557617 -0.29648334]
OCCOCCN1CCN(C(c2ccccc2)c2ccccc2)CC1,[-0.21232027  0.13751751 -0.59720886 -1.         -0.09072544]
CCC(=O)NC[C@H]1CN(c2ccc(-c3nncs3)c(F)c2)C(=O)O1,[-0.01589983  0.8464848  -0.7951546  -0.89078987  0.1352771 ]
C[C@]12C[C@H](O)[C@H]3[C@@H](CCC4=CC(=O)CC[C@@]43C)[C@@H]1CC[C@]2(O)C(=O)CO,[-0.20315011  0.71668077 -0.10394667 -0.2867038  -0.6444029 ]
Cc1cc(C)c(N)c(C)c1,[ 0.39095366 -0.14581315 -1.         -0.99386245  0.5116069 ]
CC1OC(OC2C(O)CC(OC3C(O)CC(OC4CCC5(C)C(CCC6C5CC(O)C5(C)C(C7=CC(=O)OC7)CCC65O)C4)OC3C)OC2C)CC(O)C1O,[-0.20984487  0.2378946  -0.60306954 -0.6993214   0.10674174]
C=CCc1ccc(OC(C)=O)c(OC)c1,[ 0.15596247  0.92061687 -0.8700882  -0.59242606 -0.6204592 ]
CCCCOC(C)OCCCC,[-0.09079042  0.75581664 -0.84502375 -0.60233295 -0.19452661]
CN(C)C(=O)C(CCN1CCC(O)(c2ccc(Cl)cc2)CC1)(c1ccccc1)c1ccccc1,[ 0.3084267   0.15657441 -0.51540184  0.3610133   0.04257211]
C=CC(=O)Nc1ccc(O)cc1,[-0.18795992  0.5662931  -0.9651755  -0.9840027  -0.1851989 ]
CCC1=C(C)CN(C(=O)NCCc2ccc(S(=O)(=O)[N-]C(=O)NC3CCC(C)CC3)cc2)C1=O,[-0.20249306  0.6265165  -0.908042   -0.822376   -0.11486326]
CCOc1cc2ncc(C(N)=O)c(Nc3ccc(F)cc3F)c2cc1N1CCN(C2CC2)CC1,[-0.24743688  0.18303606 -0.10401205  0.4432106   0.09702408]
O=[N+]([O-])c1cc(Cl)ccc1Cl,[ 0.11394307  0.84859544  0.19361207 -0.2472398  -0.09998339]
C#CCN1C(=O)CN=C(c2ccccc2)c2cc([N+](=O)[O-])ccc21,[ 0.216983    0.914586   -0.90884876 -0.46474877 -0.29077628]
CNC(=O)Oc1ccccc1C1OCCO1,[-0.05715966  0.27776808 -0.33309188 -0.5214215  -0.2588155 ]
C(Oc1nc(OCC2CO2)nc(OCC2CO2)n1)C1CO1,[-0.06655948  0.76208764 -0.4245169  -0.7525077  -0.00419589]
CCC(O)CO,[ 0.19809888  0.16984867 -0.85527784 -0.9572629   0.03120055]
CCCCCCOCCOCCO,[ 0.15907627 -0.20336758 -0.78706014 -0.9333329   0.1306248 ]
C=CCOC(=O)CCCCC,[0.2594876  0.6931617  0.24886595 0.3749918  0.43255556]
NC(=S)Cc1cccc2ccccc12,[ 0.1737502   0.7938162  -0.5600971  -0.89387923 -0.13789359]
ClCC1CO1,[ 0.44345212  0.53485006 -0.638673   -0.80016196 -0.1598621 ]
CN(CCCOCCOCCc1ccccc1)CCc1ccc(O)c2nc(O)sc12,[-0.5389949  -0.13682014 -0.10517444 -0.6531735   0.07436208]
CNC(=O)c1[nH]cnc1C(=O)Nc1ccc(OC)cc1,[-0.3609377   0.8568839  -0.35144594 -1.          0.44778642]
Cc1cccc([N+](=O)[O-])c1[N+](=O)[O-],[-0.4229142   0.892413   -0.47978202 -0.6865601   0.1828888 ]
O=c1c(Cl)c(Cl)cnn1-c1ccccc1,[ 0.3790811   1.         -0.8461581  -0.5353645  -0.26142356]
NC(=O)c1cnc(N[C@@H]2CCCC[C@@H]2N)nc1Nc1cccc(-n2nccn2)c1,[-0.18209916  0.70076853 -0.6527841  -1.          0.34499747]
CNC(=O)CSP(C)(=S)OC,[ 0.18651502  0.05753012 -0.19206475 -0.25692138  0.04663667]
COC(C)CC(=O)O,[ 0.09219234  0.7733411  -0.8153386  -0.7180761  -0.5697928 ]
COc1cc2c(cc1OC)C(Cc1cc(OC)c(OC)c(OC)c1)[N+](C)(CCCOC(=O)CC/C=C\CCC(=O)OCCC[N+]1(C)CCc3cc(OC)c(OC)cc3C1Cc1cc(OC)c(OC)c(OC)c1)CC2,[ 0.2515545  0.8777294 -0.7842262 -0.7931944 -0.3167021]
COP(=O)(OC)OC(=CCl)c1cc(Cl)ccc1Cl,[ 0.46594387  0.86045134 -0.7885295  -0.55685467 -0.01695438]
OCC(O)CO,[ 0.4903538   0.5061892  -0.65266645  0.18038654  0.3240362 ]
C[C@@H]1NC(=O)[C@H](C)N(C)C(=O)[C@@H](C)NC(=O)[C@H](C)N(C)C(=O)[C@@H](C)N(C)C(=O)[C@@H](C)NC1=O,[ 0.44398972  0.8222304  -0.72525877 -0.7297427  -0.3907699 ]
COc1ccc(-c2nc3c(NCCCNC(C)=O)c(Br)cnc3[nH]2)cc1,[-0.00461725  0.89933705 -0.77826416 -0.77239317 -0.22596888]
CCOC(=O)CCN(SN(C)C(=O)Oc1cccc2c1OC(C)(C)C2)C(C)C,[-0.21537443  0.908198   -0.62489665 -0.74697137 -0.06168254]
CC(C(O)c1ccc(O)cc1)[NH+]1CCC(O)(c2ccccc2)CC1,[-0.07136349 -0.5206134  -0.6302721  -0.769676   -0.18949342]
O=C(O)C1N=C(c2ccccc2)c2cc(Cl)ccc2NC1=O,[ 0.0486934   0.5169585  -0.9989349  -0.668722    0.37313628]
COCCNCc1ccc(Nc2ncc3cc(-c4ccncc4)ccc3n2)cc1,[ 0.33389854  0.9247943  -0.5493519  -0.57138604 -0.46463293]
Cc1c(Sc2ccc(Cl)cc2)c2c(-c3cnccn3)cccc2n1CC(=O)O,[-0.18572931  0.38664052 -0.25189412 -0.6935689  -0.10380023]
CCN(CC)CCNC(=O)c1cc(Br)c(N)cc1OC,[ 0.08514367  0.8458531  -0.5534152  -0.67546254  0.05905146]
CC(C)C(O)(c1ccc(OC(F)(F)F)cc1)c1cncnc1,[-0.08933911  0.38182274 -0.9002637  -1.          0.07480239]
CC(C)[N+](=O)[O-],[ 0.35579208  1.         -0.8511253  -0.57824135 -0.16069742]
CCC(CCCCOC(=O)c1ccccc1)COC(=O)c1ccccc1,[ 0.5183747   0.81586874 -0.76958466 -0.55419433  0.04122865]
CN(C)c1ccc(O)c2c1CC1CC3C([NH+](C)C)C([O-])=C(C(N)=O)C(=O)C3(O)C(O)=C1C2=O,[ 0.36197183  0.8752067  -0.862274   -0.6108803   0.60953015]
N#Cc1c(-c2ccc(-c3ccncc3Cl)cc2)nc2ccncc2c1O,[ 0.25631374  1.          0.11894201 -0.8163443   0.12108488]
C[C@@H]1NC(=O)[C@@H](C)N(C)C(=O)[C@H](C)N(C)C(=O)[C@@H](C)N(C)C(=O)[C@@H](C)N(C)C(=O)[C@H](C)NC1=O,[ 0.26396966  0.5115057  -1.         -0.48980984  0.02186305]
N#Cc1ccc2[nH]c(C(F)(F)F)nc2c1,[ 0.3294733   0.88174987 -0.62715006 -0.64993554 -0.16710661]
CC(C)Oc1cc(-n2cnc3ccc(N[C@@H](CO)c4ccc(F)cn4)nc32)n[nH]1,[-0.45523885  0.9901063  -0.5106387  -0.88770515 -0.24265033]
CN,[ 0.7000171   1.         -0.99214566 -0.04939624 -0.58608025]
CNC(=O)c1c(I)c(NC(C)=O)c(I)c(C(=O)[O-])c1I,[ 0.4951712   0.8916008  -0.80536497 -0.9585021  -0.42123497]
COP(N)(=O)SC,[-0.43273553  0.66950727 -0.91308784 -0.7512223   0.3350863 ]
CCC(C)OC(CBr)c1ccc(Cl)cc1,[-0.6189191   0.7119782  -0.60368484 -0.6342624   0.07483074]
[NH3+]CC1CCC(C(=O)[O-])CC1,[ 0.15674122  0.78666884 -0.57302743  0.24074547 -0.20331666]
Cc1ccc2c(c1)c(-c1ccnc3cc(Cl)ccc13)c(C)n2CC(=O)O,[-0.18535937  0.31083792  0.22567436 -0.70598054  0.06081211]
CC(C(=O)O)c1ccc(CC2CCCC2=O)cc1,[ 0.47056165  0.8033837  -0.5158977  -0.76406616  0.19832788]
CC(CO)Oc1ccccc1,[ 0.14249621  0.90315753 -0.4823001  -0.572015   -0.45085484]
CCCCCCCCCCCCNC(N)=S,[-0.37535238  0.8393054  -0.840813   -0.09411228  0.01783322]
C=CC(=O)OCCCCCCOC(=O)C=C,[ 0.1456753   0.5024524  -0.49599317 -0.79582375 -0.26238215]
CCCCCC(=O)O,[ 0.1418694   0.771733   -0.8037495  -0.78558695  0.06213792]
BrC(Br)Br,[ 0.22560269  0.19862941 -0.4529584   0.7053416   0.6876014 ]
CCCCOC(=O)CC(SC(CC(=O)OCCCC)C(=O)OCCCC)C(=O)OCCCC,[ 0.15321212  0.48480517 -0.54050744 -0.40086544  0.3192061 ]
O=C1CC2(CCCC2)CC(=O)N1CCCCN1CCN(c2ncccn2)CC1,[-0.18431728  0.596296   -1.         -0.8508159   0.4236777 ]
CCOc1cc(OCC)c(C(=O)CCC(=O)O)cc1OCC,[ 0.04686456  0.9675314  -1.         -0.79597765 -0.01361256]
CC1CN(C2CCCCCCCCCCC2)CC(C)O1,[ 0.43795872  0.77848727 -0.7374992  -0.8010148  -0.04668993]
C[NH+]1CCc2cccc3c2C1Cc1ccc(O)c(O)c1-3,[ 0.2614243   0.58707255 -0.2808344  -0.6753872   0.08946978]
C[NH+](C)CCC(c1ccc(Cl)cc1)c1ccccn1,[ 0.42515427  0.924312   -0.6957336  -0.951415   -0.5061087 ]
CC1CCC2(O)C3(C)CC4(O)OC2(C1O)C1(O)C3(O)C(OC(=O)c2ccc[nH]2)C(O)(C(C)C)C41C,[ 0.12384896  0.87757576 -0.9967733  -0.70638907  0.20204133]
O=C(Oc1ccccc1)n1c(C(F)(F)F)nc2cc(Cl)c(Cl)cc21,[ 0.48567548  0.69398576 -0.45465282 -0.5229135  -0.19857378]
CCOC(=O)C(C)Oc1ccc(Oc2nc3ccc(Cl)cc3s2)cc1,[-0.0557947  -0.00558744 -0.2474162  -0.8718375  -0.00278601]
COc1cc([C@@H]2c3cc4c(cc3[C@@H](O[C@@H]3O[C@@H]5CO[C@@H](C)O[C@H]5[C@H](O)[C@H]3O)[C@H]3COC(=O)[C@H]23)OCO4)cc(OC)c1O,[ 0.15904912  0.81764525 -0.70588624 -0.73635685  0.6179805 ]
COP(=S)(OC)Oc1ccc(S(N)(=O)=O)cc1,[ 0.18285903  0.20034385 -0.8525125  -0.73783237  0.22824794]
CCOP(=S)(OCC)OC(=CCl)c1ccc(Cl)cc1Cl,[-0.16287336 -0.28028536 -0.71787     0.00393437  0.85051405]
COc1cccc2c1cc([N+](=O)[O-])c1c(C(=O)O)cc3c(c12)OCO3,[ 0.150437    0.4615066  -1.         -0.67320144 -0.47851196]
COCC(=O)O[C@]1(CCN(C)CCCc2nc3ccccc3[nH]2)CCc2cc(F)ccc2[C@@H]1C(C)C,[-0.07903387  0.99221355 -0.5165383  -0.89603364 -0.17051531]
CCON=C(CC)C1=C(O)CC(c2c(C)cc(C)cc2C)CC1=O,[ 0.8842783   0.10273301 -0.6066843  -0.56295604 -0.14101845]
CCCCOC(=O)c1ccc(-n2nc(OCCN3CCCCC3)c3ccccc32)cc1,[ 0.20106411  0.86453927 -0.48097083 -0.7857087  -0.27824792]
CC(C)(C)CNC(=S)Nc1cccnc1,[-0.06642596  0.9380376  -0.71437055 -0.7949838   0.10854815]
COc1ccc(CC2c3cc(OC)c(OC)cc3CCN2C)cc1OC,[ 0.03021035  1.         -0.9332637  -1.          0.7370797 ]
COC1CCC=CO1,[-0.29468924  0.89449304  0.06197112 -0.36174497  0.02693134]
N#Cc1cccc(C#N)c1,[-0.05022088  0.90878934 -0.5425626  -0.76619226  0.11030038]
NC(=O)Nc1cccc2c3c([nH]c12)CCCC3,[ 0.35200095  0.47465172 -0.9982127  -0.62065583  0.06560022]
CCCCC(CC)COCCO,[ 0.07127985  0.71391314 -0.83222973 -0.5247711   0.15134653]
CNC(=O)Oc1cc(C)c(N(C)C)cc1C(C)C,[ 0.39173228  1.         -0.82164025 -0.43587464 -0.54750425]
CCN(CC)c1c([N+](=O)[O-])cc(C(F)(F)F)c(N)c1[N+](=O)[O-],[ 0.27798277  0.84729016 -0.7510636  -0.7144891  -0.11106064]
CCCCCCCCOC(C)=O,[-0.14484216  0.5507375  -0.8489953  -0.8707488  -0.41949958]
C#CCc1ccc(COC(=O)C2C(C=C(C)C)C2(C)C)o1,[ 0.364919    0.23429628 -0.4927215  -0.7664874  -0.01507887]
O=C1COc2ccc(CNC3CCN(CCN4C(=O)COc5ccc(Cl)cc54)CC3)nc2N1,[ 0.13793686  0.58420765 -0.7855597  -0.61068016  0.04975781]
COP(=S)(OC)SCc1nc(N)nc(N)n1,[ 0.54451597  0.8938942  -1.         -0.5217791  -0.38377506]
OCCOCCCl,[ 0.01709685  0.69076693 -0.88905126 -1.         -0.28704065]
Cc1cc(OC(=O)N(C)C)n(-c2ccccc2)n1,[-0.35681266  0.692035   -0.618926   -0.5617928  -0.24885201]
BrC12CC3CC(CC(C3)C1)C2,[-0.2850285   0.56208074 -1.         -1.         -0.07853989]
CCC(=O)N(c1ccccc1)C1CCN(CCc2ccccc2)CC1,[-0.34821314 -0.00303553 -0.6245958  -0.26842123 -0.16837822]
SCCc1cnccn1,[-0.44620487  0.7861121  -0.8159579  -0.84995204  0.58309937]
COCCOCCOC(C)=O,[ 0.2808933   0.8502153  -0.27234775 -0.5286838   0.2215591 ]
NCCNCCNCc1ccccc1O,[ 0.0701938   0.82598436 -0.28627905 -0.77800006  0.3886447 ]
O=C1C(Cc2ccccc2)C(=O)N(c2ccccc2)N1c1ccccc1,[ 0.41314936  0.9122185  -0.7536084  -0.84468955  0.5445449 ]
CC1CCCCN1N=O,[ 0.1772724   0.8431657  -0.71604264 -0.9537912   0.15250643]
FC(F)(F)c1nc2c(Br)c(Br)cc(Br)c2[nH]1,[ 0.15020578  0.34238636 -0.6982451  -0.8955035  -0.01097806]
CCCCCC(O)C=CC1C(O)CC(O)C1CC=CCCCC(=O)O,[ 0.1738692   0.23298405 -0.8867888   0.24664155 -0.22950846]
O=Cc1cccc2ccccc12,[ 0.11043677 -0.44751638 -0.49126497 -0.4602709   0.02116466]
Cc1cc(-c2ccc(Cl)c(C(=O)NCC3(O)CCCCCC3)c2)nn1C[C@H](O)CN,[ 0.46243104  0.34897563 -0.9606059  -0.9679808  -0.06042834]
CCOC(=O)c1ccc(C#Cc2ccc3c(c2)C(C)(C)CCS3)nc1,[-0.08538308 -0.37631312 -1.          0.10881504 -0.18981437]
C=C(C)CN(CC)c1c([N+](=O)[O-])cc(C(F)(F)F)cc1[N+](=O)[O-],[ 0.7427961   0.4333426  -1.         -0.38837868 -0.28190693]
CC(C(=O)O)c1ccc(C(=O)c2cccs2)cc1,[-0.71219945 -0.6548539  -0.68462795 -0.06786157  0.00132756]
CCC1OC(C)SC1=NOC(=O)NC,[-0.09156731  0.8563889  -0.6657708   0.20029661  0.23555365]
CC(C)c1cccc(C(C)C)c1O,[ 0.40710747 -0.50683343 -0.63645995 -0.7112718  -0.40235284]
CC(=O)NC(CS)C(=O)[O-],[-0.08571351  0.5177388  -0.8127228  -0.88373375 -0.28485063]
C1=CCC(C2OCC3(CC=CCC3)CO2)CC1,[ 0.09369437  0.7549922  -1.         -0.43618596 -0.5732825 ]
O=C1CCc2ccccc2O1,[ 0.41046828 -0.01916417 -0.6330538  -0.42898813  0.5472296 ]
CC(O)C(=O)Nc1c(I)c(C(=O)NC(CO)CO)c(I)c(C(=O)NC(CO)CO)c1I,[ 0.12599115  0.674961    0.63589954 -0.49671948 -0.33620453]
COCCN(c1cccnc1)P(=O)(c1ccccc1)c1ccccc1,[ 0.7531191   0.6845249  -0.7605195  -0.79188555  0.32806072]
CC(C)CCCC1CCC(C)(C(=O)NCC(=O)O)CC1,[ 0.5521901  -0.42257008 -0.56060934 -0.98697853 -0.05944935]
Cc1onc2c(=O)[nH]nc(-c3ccccc3)c12,[ 0.32302007  0.9633092  -1.         -0.7073077   1.        ]
CC1CCN(C(=O)CC(Cc2cccc(C(=N)N)c2)NS(=O)(=O)c2ccc3ccccc3c2)CC1,[ 0.2942327   0.85397035 -0.77232057 -0.52542865 -0.02708653]
Oc1c(O)c(-c2c(Cl)c(Cl)c(Cl)c(Cl)c2Cl)c(Cl)c(Cl)c1Cl,[ 0.65578973  0.7603829   0.67070985 -0.25683317 -0.27544746]
C[NH+]1CCOC(c2ccccc2)c2ccccc2C1,[ 0.42701447  0.3254699  -0.7289477   0.38437802  0.07345851]
CC(C)(C)NC(=O)C1CC2CCCCC2CN1CC(O)C(Cc1ccccc1)NC(=O)C(CC(N)=O)NC(=O)c1ccc2ccccc2n1,[ 0.27735493  0.8788212  -0.8101055  -0.25983408  0.01406989]
O=C(CCc1ccccc1)OC1=C(OC(=O)CCc2ccccc2)C(=O)OC1=O,[-0.11027303  0.8146653  -0.74954975 -0.6068367   0.32871056]
O=C(Cc1ccc(OCc2ccccc2)cc1)NO,[ 0.18882547  0.73846066 -0.97405785 -0.5029001   0.0110294 ]
COC(=O)C1=C(C)NC(C)=C(C(=O)OCCN(C)Cc2ccccc2)C1c1cccc(N(O)O)c1,[-0.01271711  0.7567088   0.44640595 -0.5701794  -0.12947035]
CCOP(=S)(OCC)Oc1cc(-c2ccccc2)on1,[ 0.2805288   0.86083496 -0.91943425 -0.23951021  0.2153984 ]
NC(=O)CF,[ 0.22083794  0.40018302 -0.85458064 -0.59623134  0.67739046]
Oc1ccc2c(c1)CCC2,[ 0.44912422  0.7720552  -1.         -0.74467605 -0.04839123]
CC(=O)N(C)C,[ 0.25655043  0.63670015 -1.         -0.75251675  0.5988059 ]
C=CCc1cc(OC)c(OC(C)Cc2cc(OC)c(OC)c(OC)c2)c(OC)c1,[ 0.08704602  0.57014805 -1.          0.24390711 -0.3015531 ]
CN(C)CCCC1c2ccccc2Nc2ccc(Cl)cc21,[ 0.23063321 -0.70759255 -0.7916043  -0.37632447 -0.12257525]
CCCCOc1ccccc1NC(C)=O,[-0.22959718 -0.3771362  -1.         -0.61174744  0.16497041]
Clc1cccc([Si]23OCCN(CCO2)CCO3)c1,[ 0.24200541  1.         -0.96093196 -0.72898656 -0.14840879]
Cn1c(COP(=O)(NCCBr)NCCBr)cnc1[N+](=O)[O-],[ 0.09055419  0.8506142  -0.9021492  -0.02541192 -0.07091948]
C=CC(=O)N(C)C,[ 0.5107899   0.5581047   0.05747952 -0.66090566 -0.25173855]
CCOP(=O)(OCC)Oc1nc(Cl)c(Cl)cc1Cl,[ 0.14367755  0.09831606 -0.60087556 -0.43485653 -0.20571496]
CCCOCCN(C(=O)CCl)c1c(CC)cccc1CC,[ 0.23287454  0.82213813  0.24548134 -0.31630746 -0.32126507]
COC(=O)C(C)N(C(=O)Cc1ccccc1)c1c(C)cccc1C,[-0.11512295  0.06135602 -0.79107666 -0.50155926  0.6317221 ]
CN(CCCl)CCCl,[ 0.35419452  0.68968064 -0.7359602  -0.8038136   0.15479565]
CCN(CC)N=Nc1ccccc1,[ 0.29903635  0.24498275 -0.8320617  -0.552506    0.8243488 ]
CC(C)(O)c1ccc(Nc2nc3ccc(C#N)cc3[nH]2)cc1,[ 0.03620903 -0.4498878  -0.85997903 -0.06927405  0.14630893]
COC(C)COC(C)COC(C)CO,[ 0.5924068   0.36272115 -0.6514374  -0.10542752  0.34279573]
CC(=O)[C@H]1CC[C@H]2[C@@H]3CC[C@@H]4C[C@H](O)CC[C@]4(C)[C@H]3CC[C@]12C,[-0.2640778   0.928446   -0.85274714 -0.9125157  -0.31490812]
Cc1c(C(=O)NCCO)[n+]([O-])c2ccccc2[n+]1[O-],[ 0.5142684   0.76710594  0.38800672 -0.08112562 -0.39528397]
COc1ccc(Oc2ccc(NC(=O)N(C)C)cc2)cc1,[ 0.25872785  0.76270974 -0.21007456 -0.5042498  -0.38891566]
CCOC(=O)CCC[Si](C)(OCC)OCC,[ 0.49447256  0.9171436  -0.7958978  -0.71988994 -0.09334082]
Clc1ccc(C(OCCN2CCCCC2)c2ccccc2)cc1,[-0.49036738  0.9771683  -0.7399941  -0.73892784 -0.08017091]
CCn1cc(C(=O)O)c(=O)c2cc(F)c(N3CCN(C)CC3)cc21,[ 0.10594184  0.79521185 -0.696777   -0.21276824  0.17107168]
CCS(=O)CCSP(=O)(OC)OC,[ 0.03717325  0.8223807   0.6892707  -0.29135907  0.2120639 ]
CN=C=S,[ 0.431369    0.52887094 -0.7154067  -0.02617623  0.13578719]
c1ccc2sc(SNC3CCCCC3)nc2c1,[ 0.20810845  0.9053091  -0.72793365 -0.80008847 -0.34302995]
CC(C)=CCl,[ 0.20856765  0.8751434  -0.87146586 -0.36604133  0.7375151 ]
S=C=NCCN=C=S,[ 0.03494815  1.         -0.55772126 -0.7008788  -0.33723179]
Nc1nc(Nc2ccc(S(N)(=O)=O)cc2)nn1C(=O)c1c(F)cccc1F,[ 0.02807982  0.8353641  -0.95572793 -0.6623418  -0.4337933 ]
COC(=O)C1=C(C)NC(C)=C(C(=O)OCCN(C)Cc2ccccc2)C1c1cccc([N+](=O)[O-])c1,[ 0.320608    0.859083   -1.         -0.8537006   0.30724582]
O=C(CF)Nc1ccccc1,[-0.4587189   0.9438774  -0.5848793  -0.7474989  -0.30511877]
Fc1cc2nc(C(F)(F)F)[nH]c2cc1Cl,[-0.15401796  0.9170615  -0.78607535 -0.9187694   0.0261085 ]
C[C@@H]1CN(Cc2ccc(F)cc2)CCN1C(=O)COc1ccc(Cl)cc1NC(N)=O,[-0.2533909   0.58456355  0.25868797 -0.976189    0.6198569 ]
Fc1ccc(Br)cc1,[-0.32145098  0.7960928  -0.76180804 -0.54165024  0.0078429 ]
CCCCCCCC(=O)N[C@@H](CCN)C(=O)N[C@H](C(=O)N[C@@H](CCN)C(=O)N[C@H]1CCNC(=O)[C@H]([C@@H](C)O)NC(=O)[C@H](C)NC(=O)[C@H](CCN)NC(=O)[C@H](CC(C)C)NC(=O)[C@@H](Cc2ccccc2)NC(=O)[C@H](CCN)NC1=O)[C@@H](C)O,[ 0.352338    0.46090212 -1.         -0.31324777 -0.42809138]
CC(C)NC(=O)c1cnc(N2CCC(N3C(=O)OCc4ccccc43)CC2)c(Cl)c1,[-0.06418258  0.9321152  -0.8876134  -0.5274951   0.09144625]
C[C@@H]1CC[C@H]2[C@@H](C)[C@@H](OC(=O)CCC(=O)O)O[C@@H]3OC4(C)CC[C@@H]1[C@@]23OO4,[-0.19051476  0.90889055 -0.9086655  -0.701726   -0.10789799]
CC1CCCCOC1=O,[ 0.41039765  0.7773404  -0.94299996 -0.46924612 -0.2427322 ]
OCCNCCOc1ccc(C(=C(c2ccccc2)C(F)(F)F)c2ccccc2)cc1,[-0.18857697  0.87692463 -0.8740521  -0.4381324   0.4521539 ]
Cc1cccc(C)c1CCNC(N)=O,[ 0.32462782  0.8356873  -0.6974816  -0.72291994  0.38419655]
CC(C)(C#N)C(C)(C)C#N,[ 0.15022518  0.9029646  -1.         -0.76159644 -0.18090928]
COP(=S)(OC)SC1CSC=CO1,[-0.43490502  1.         -0.7994335  -0.77331674 -0.16735001]
C=CN(CC)C(C)=O,[-0.09852989  0.861589   -0.7509718  -0.7456008  -0.46084073]
CC#CN(CC)CC,[-0.02565118  0.47564778 -0.7948599  -0.7100764  -0.38756752]
C=CCN(C(=O)Cn1nc(C)ccc1=O)C(C)Cc1ccccc1,[ 0.24428636  0.84354293 -0.7960726  -0.8371797  -0.16572534]
COc1ccc(NC(=O)c2ccnc(N)n2)cc1,[-0.23683743  0.6384483  -0.73932743 -0.29167482  0.02563375]
COCCOCc1ccccc1,[ 0.50215596  0.82252663 -0.86327964 -0.5783616   0.11997999]
O=C(O)[C@@H](c1ccccc1)N1CCC(CN2CCC(Oc3ccc(Cl)c(Cl)c3)CC2)CC1,[ 0.7319065   0.8070079  -0.8011833  -0.07959955 -0.4537798 ]
CN(SSC(C)(C)C)C(=O)ON=C1SCCS1,[ 0.51736     0.8237269  -0.64880484  0.10256799  0.39155185]
Nc1ccc(F)c([N+](=O)[O-])c1,[ 0.47878504  0.8077953  -0.6785174  -0.54017645 -0.304344  ]
O=C(Oc1ccccc1)c1ccccc1C(=O)Oc1ccccc1,[ 0.26543722  0.11446273 -0.83553886 -0.86415493 -0.05729285]
CO/N=C(\C(=O)N[C@@H]1C(=O)N2C(C(=O)O)=C(COC(C)=O)CS[C@H]12)c1csc(N)n1,[ 0.47289398  0.83346826 -0.27412283 -0.34303087  0.17489651]
O=C1NC(=O)C(c2ccccc2)(c2ccccc2)C(=O)N1,[ 0.56887144  0.5372524  -0.9117991  -0.7713816   0.5906809 ]
CCCN(CCC)c1c([N+](=O)[O-])cc(S(N)(=O)=O)cc1[N+](=O)[O-],[ 0.4528239  -0.18262188 -0.68053764 -0.89876795  0.10573418]
COc1cc2ncc(C(N)=O)c(Nc3ccc(F)cc3F)c2cc1NCCN1CCCCC1,[ 0.6904384  0.6002445 -0.8184452 -0.7752168 -0.326517 ]
Cc1ccc(N=CN(C)SN(C)C=Nc2ccc(C)cc2C)c(C)c1,[-0.03508756  0.73798114 -0.6541256  -0.7919218  -0.14807902]
Cc1c(F)cc(C(=O)NC2CC2)cc1-c1ccc(C(=O)NCC(C)(C)C)cn1,[ 0.4417213   0.75052124 -1.         -1.          0.7375567 ]
C=COC(=O)CCCCCCC,[-0.5411813   0.6152352  -0.78820854 -0.54928243 -0.0260753 ]
CC1(C)C2CC=C(CCO)C1C2,[ 0.38166285  0.5548392  -0.72947776 -0.5993264   0.2045665 ]
CCCCCCCC[Si](OCC)(OCC)OCC,[-0.00303934  0.00555231 -0.562838   -0.29126054  0.49523333]
C=CCNC(=S)Nc1ccccc1,[ 0.10668349 -1.         -0.67470396 -0.2819291   0.0119596 ]
CN(C)c1ccc(N=Nc2ccccc2)cc1,[-0.17559457  0.75276554 -0.45071974 -0.70957583  0.49121413]
CCCCC(=O)N(Cc1ccc(-c2ccccc2-c2nnn[n-]2)cc1)C(C(=O)[O-])C(C)C,[ 0.3544358   0.63998115 -0.8487364  -0.7049097  -0.19399339]
CN(C)S(=O)(=O)N(SC(F)(Cl)Cl)c1ccccc1,[ 0.33166638 -0.9725046  -0.68974346 -0.20763849  0.17334123]
Cc1c(OCC(F)(F)F)ccnc1CS(=O)c1nc2ccccc2[nH]1,[-0.11669077 -1.         -0.5789741  -1.         -1.        ]
CC(C)(C)[NH2+]CC(O)c1cc(O)cc(O)c1,[-0.01162913 -0.0464926  -0.98006374 -1.         -0.17565909]
CCCCC(CC)(C(=O)OCC)C(=O)OCCN(CC)CC,[ 0.24306747  0.8847249  -1.         -0.78760284  0.05179359]
CNc1c(Br)cnc2[nH]c(-c3ccc(S(C)(=O)=O)cc3)nc12,[ 0.13880208  0.6947499  -0.5903508   0.3789394  -0.12006579]
COP(=S)(OC)Oc1cnc2ccccc2n1,[ 0.15325437  0.1039644  -0.7710259  -0.68601084  0.22379796]
COc1cc(N)c2c(c1N)C(=O)c1ccccc1C2=O,[ 0.47424993  0.61541575 -0.6563627  -0.7238267   0.0172447 ]
CCOP(=S)(OCC)SCC(=O)N(CCC#N)c1ccccc1,[ 0.28522673  0.913476   -0.77688915 -0.7164507   0.39491054]
Cc1ccc2c(c1)c(-c1ccnc3c(C)cccc13)c(C)n2CC(=O)O,[-0.12367     0.7980573  -0.50809824 -0.7304521  -0.36208397]
CCCCc1c(OC(=O)c2cc(OC)c(OC)c(OC)c2)n(-c2ccccc2)n(-c2ccccc2)c1=O,[-0.18639746  0.7780498  -0.5729152  -0.85110134 -0.3498778 ]
Cc1cc(=O)cc(-c2ccccc2)o1,[ 0.25777274  0.6609191  -0.6287068  -0.69145983 -0.26276502]
O=C(NCC12CC3CC(CC(C3)C1)C2)c1cc(-n2ncc(=O)[nH]c2=O)ccc1Cl,[ 0.37582493  0.15511112 -0.5975003  -0.5525359  -0.23192558]
CCCCOCCOC(C)=O,[ 0.05688271  0.8772513  -1.         -0.5784569  -0.44481018]
CN(C)C1CC(c2ccccc2)c2ccccc21,[ 0.42055812  0.7990027  -1.         -0.7116889  -0.5001748 ]
O=C(CCl)CCl,[-0.01723733  0.83475435 -0.68423045 -0.28384414 -0.3134113 ]
CC1[NH2+]Cc2cc(-c3ccc4c(=O)c(C(=O)[O-])cn(C5CC5)c4c3OC(F)F)ccc21,[-0.08944372  0.8153886  -0.76601213 -0.8171157  -0.23358576]
CC([NH3+])Cc1ccccc1,[ 0.06927286  0.6642182  -0.9651962  -1.         -0.07644324]
CNC(=O)Oc1ccc(Cl)c2c1OC(C)(C)C2,[-0.4677693  -0.27500236  0.17390402 -0.859212   -0.5224119 ]
CCCNC(=N)C(OCC)c1ccccc1,[ 0.46555838  0.8949391  -0.9562196  -0.4499895  -0.21241848]
O=C(O)CC(CC1CCN(C(=O)CCc2ccc3c(n2)NCCC3)CC1)C1CNc2ccccc2C1,[ 0.18481886  0.6573269   0.5265929  -0.30994764  0.28992236]
Brc1ccc2[nH]cc(CC3CCNCC3)c2c1,[-0.05952119  0.89377415 -0.7353227  -0.8280045  -0.19207542]
CCCc1nnc(CSP(=S)(OCC)OCC)o1,[ 0.7984701   0.8426161  -0.33588615 -0.46307337 -0.08505728]
CCC(=O)NCCC1CCc2ccc3c(c21)CCO3,[ 0.01632141 -0.0683807  -1.         -0.45649612  0.16651185]
CC=C(C(=O)NC(N)=O)C(C)C,[ 0.39448842 -0.18658584 -0.5058255   0.42429262 -0.14731163]
CN(C)C(=O)Cl,[ 0.46333262  0.922287   -0.6721536  -0.34656087 -0.04052098]
CCCCN(N=O)C(N)=O,[ 0.14043944  0.698177   -0.6893745  -0.80895764 -0.17409442]
COc1cc(OC)c(S(=O)(=O)N(c2ccccc2)C(C)C)cc1NC(C)=O,[ 0.09890796  0.7107678  -0.5783662  -0.5636563  -0.26721856]
SCc1ccccc1,[ 0.599384    0.39192238 -0.75165576 -0.7749817   0.44038412]
CN1CCN2c3ncccc3Cc3ccccc3C2C1,[ 0.46965915  0.9039547  -0.9874082  -0.51235205 -0.50213546]
COC(=O)c1ccccc1,[ 0.47914076  0.8412191  -0.63670355 -1.         -0.44579673]
O=[N+]([O-])c1cc(Cl)c(N=Nc2ccc(N3CCS(=O)(=O)CC3)cc2)c(Cl)c1,[-0.39200184 -0.32382226 -1.         -0.37976512 -0.18679826]
CCC1OC(=O)C(C)C(=O)C(C)C(OC2OC(C)CC([NH+](C)C)C2O)C(C)(OC)CC(C)C(=O)C(C)C2N(CCCCn3cnc(-c4cccnc4)c3)C(=O)OC12C,[-0.9085954   0.8851089  -0.60441685 -0.7298943  -0.00933094]
C=CC[NH+]1CCCC1CNC(=O)c1cc2n[nH]nc2cc1OC,[ 0.26279852  0.5587887  -0.1524327  -0.2865121   0.7792398 ]
Cc1cn([C@H]2CCCN(S(=O)(=O)c3ccc(CO)c(Oc4cccc(Cl)c4)c3)C2)c(=O)[nH]c1=O,[ 0.13841744 -0.23832595 -0.89420676 -0.42189655  0.26823875]
C1C[SiH2]C1,[ 0.26814476  0.49524012 -0.5688046  -1.          0.01648834]
Oc1cc(Cl)c(Cl)c(Cl)c1Cl,[-0.25019923  0.59428746 -0.8677508  -0.892205   -0.39905834]
O=CC1=CCCCC1,[ 0.393287    0.9009768  -1.          0.41526222 -0.11526696]
CCCOP(=O)(SCCC)SCCC,[-0.41414016  0.30289748  0.00958357 -1.         -0.18920323]
CCC(C)(C)C1CCC(=O)CC1,[ 0.4610371   0.61992687 -0.44226065 -0.55905735 -0.10242097]
Cn1cnc(S(=O)(=O)N(CCN(Cc2cncn2C)c2ccc(C#N)cc2)Cc2ccccc2)c1,[-0.36882716  0.8110657  -0.77286977 -0.9031399   0.04123027]
Clc1ccc(OCOc2ccc(Cl)cc2)cc1,[ 0.60115737  0.62710714 -0.42243204 -0.45946655  0.47013515]
O=[N+]([O-])OCC(O)CO,[ 0.19502944  0.89333767 -0.5157743  -0.9188032   0.00093795]
O=c1n(CC2CO2)c(=O)n(CC2CO2)n1CC1CO1,[ 0.10558648  0.17390725 -0.9705211  -0.90586495 -0.31911775]
CN(C)N(C)N=O,[ 0.06390869  0.8257415  -0.9414047  -0.9473394   0.53650963]
C[C@H](CO)Nc1nc(SCc2ccccc2F)nc2[nH]c(=O)sc12,[ 0.14310347  0.7026631  -0.26827747 -0.48027956  0.11678182]
CCCN(CCC)c1c([N+](=O)[O-])cc(C(C)C)cc1[N+](=O)[O-],[-0.12853184  0.88542545 -0.7922614  -0.77807486 -0.3372394 ]
CCCc1c(OCc2cccn3c(=O)c(CCC(=O)O)cnc23)ccc(C(C)=O)c1O,[ 0.08100356  0.12196038 -0.53744596 -0.87427896 -0.10654034]
CCOc1ccccc1C(N)=O,[ 0.65928704  0.56338084 -0.22323152 -0.49218708 -0.63307923]
Nc1nc(O)c2ncn(COCCO)c2n1,[ 0.36325836  0.86177486  0.39757875 -0.5916207  -0.41293782]
CCC(C(=O)N1CCCCC1C(=O)OC(CCc1ccc(OC)c(OC)c1)c1cccc(OCC(=O)NCCNC(=O)COc2cccc(C(CCc3ccc(OC)c(OC)c3)OC(=O)C3CCCCN3C(=O)C(CC)c3cc(OC)c(OC)c(OC)c3)c2)c1)c1cc(OC)c(OC)c(OC)c1,[ 0.04110233 -0.75081664 -0.6442273  -0.5026666  -0.36530918]
CC1CS1,[ 0.3850922   1.         -0.81120867 -0.84849983  0.01586231]
C1CN1P1(N2CC2)=NP(N2CC2)(N2CC2)=NP(N2CC2)(N2CC2)=N1,[-0.18291038 -0.83817416 -0.6150367  -0.27728343  0.49895176]
CC1(C)C2CCC1(C)C(O)C2,[-0.27027518 -0.94550085 -0.857301   -0.4732035  -0.0614229 ]
CO/N=C(\C(=O)N[C@@H]1C(=O)N2C(C(=O)O)=CCS[C@H]12)c1csc(N)n1,[ 0.5006924   0.50613046 -0.7884635   0.43452835  0.01350002]
CC1NC(=S)NC1=O,[ 0.05071074  1.         -0.6607186  -0.6658657   0.6945963 ]
CCOP(=O)(NC(C)C)SCC(=O)NCOC,[ 0.15512852  0.74345934  0.1752314  -0.30799416 -0.19106854]
C=CC[NH+]1CCCC1CNC(=O)c1cc(S(=O)(=O)NC)c(N)cc1OC,[ 0.04267648  0.7638691  -0.18760073 -0.6593146  -0.20671894]
CCN(CC)CCCCCCCCCCNC(=O)Oc1ccc2c(c1)C1(C)CCN(C)C1N2C,[ 0.68252     0.9230323  -0.8291656  -0.61287385 -0.09235218]
C=C(C)C(=O)OC=C(C)C,[ 0.25023034 -1.         -0.99422866 -0.38321343 -0.1442432 ]
CCOC(C1=NCCCN1)c1c(Cl)cccc1Cl,[ 0.40824783  0.63026685 -0.22120342 -0.40936705 -0.33356893]
CC(NC(C)c1ccccc1)c1ccccc1,[ 0.34905508  0.7389092  -0.60953337 -0.82769865  0.23891374]
CN1CCN(CCCN2c3ccccc3Sc3ccc(Cl)cc32)CC1,[-0.13426912  0.4559236  -0.7467862   0.08712273 -0.51646376]
Clc1ccc(C2(Cn3cncn3)OCCO2)c(Cl)c1,[-0.23696722  1.         -0.49411547 -0.4347484   0.20691307]
CC(C)=CCOC(=O)c1ccccc1,[ 0.2153958   1.         -0.7465561  -0.64159095 -0.1466487 ]
COc1ccc(CC2NCC(O)C2OC(C)=O)cc1,[-0.23988993  0.14939833 -0.689775   -0.54559577  0.09462319]
O=C(O)CCC(=O)O,[ 0.32569316  0.6598765  -0.7311805  -0.10822466 -0.4573714 ]
C=CCNC(=O)C(=O)C(CCC)NC(=O)C1CC2CN1C(=O)C(C1CCCCC1)NC(=O)Cc1cccc(c1)OCCC(C)(C)O2,[ 0.3427551   0.53155965 -0.7051195  -0.5901123   0.01266294]
CC(C)=C1CCC(C)CC1=O,[-0.44124997 -0.18580548 -0.7173023  -0.85698956  0.26142445]
O=c1oc(-c2ccccc2)nc2ccccc12,[ 0.01677101  0.9832773  -0.07338958 -0.7830223   0.32340512]
CC(N)C(O)c1cccc(O)c1,[ 0.06638393  0.8710944  -0.8427808  -0.89978206  0.5669671 ]
O=C(CO)N1CCC(c2[nH]nc(-c3ccc(Cl)cc3F)c2-c2ccncn2)CC1,[0.2629997  0.661195   0.49107766 0.02783694 0.6748503 ]
C=CC(=O)OCCOCCC#N,[-0.01899768  0.87680185 -0.9311107  -0.8625818  -0.04363466]
ClC(Cl)(Cl)c1ccc(C(Cl)(Cl)Cl)cc1,[ 0.20051287  0.6107907  -0.84080726 -0.78416073  0.5115093 ]
COc1cc2nc(N3CCN(C(=O)C4COc5ccccc5O4)CC3)nc(N)c2cc1OC,[ 0.26570216  0.6439675  -0.39532217 -0.5440992  -0.4126543 ]
NCC1CCC=CO1,[-0.2702711   0.09329487 -0.6168106  -0.9544396   0.04090088]
Cc1c(OC2CCN(CC3CCN([C@@H](Cc4ccc(F)cc4)C(=O)O)CC3)CC2)ccc(C#N)c1Cl,[-0.30761802  1.          0.04682881 -0.45049164  0.4853185 ]
O=C(C(F)(F)Cl)C(F)(F)Cl,[-0.02834931  0.81684935 -1.         -0.9013787   0.46758053]
COc1ccc(C(=O)Nc2ccccc2CCC2CCCCN2C)cc1,[ 0.62665796  0.55112207 -0.09990004 -0.87748355 -0.45873222]
NC(=O)[C@H](Cc1ccccc1)NC(=O)OCc1ccccc1,[ 0.27890322  0.88138586 -0.97655916 -1.          0.33144537]
O=C(NC(CCc1ccc2c(c1)OCO2)CCc1ccc2c(c1)OCO2)c1ccc(Cl)cc1,[ 0.5516763   0.68054163 -0.90587425 -0.19144458  0.05992198]
CC(C)(C)c1cc([N+](=O)[O-])cc([N+](=O)[O-])c1O,[ 0.3538737   0.42640215 -0.70766544 -0.6475292  -0.6262416 ]
COc1ccc2ncc(=O)n(CCN3CC[C@@H](NCc4ccc5c(n4)NC(=O)CO5)[C@@H](F)C3)c2c1,[ 0.28834045  0.87454003 -0.41929042 -0.72859013 -0.40041956]
O=C(O)CCC(=O)OC1CCCCC1,[ 0.3979796   0.74153966 -0.6003379  -0.5865812  -0.36490262]
COC(=O)Cc1ccccc1,[-0.2229666   0.9479421  -1.         -0.70164096 -0.4236166 ]
CCCCC(CC)C(=O)OC1=C(c2c(C)cc(C)cc2C)C(=O)c2ccccc21,[ 0.21201885  0.9222761  -0.7772158  -1.         -0.2575687 ]
Cc1cccc(C)c1NC(=O)C1CCCC[NH+]1C,[ 0.3896414  1.        -0.8046242 -0.656351   0.5488489]
CCCOCCOC(=O)C1=C(C)NC(C)=C(C(=O)OCCOCCC)C1c1cccc([N+](=O)[O-])c1,[ 0.6030088   0.86826205 -0.8488309  -0.60959953 -0.38396963]
O=[N+]([O-])c1ccccc1Cl,[ 0.03872683  0.7436117  -0.8690943  -0.4942009  -0.0757639 ]
C[C@@H]1O[C@@H](O[C@@H]2[C@@H](O)[C@H](OCCc3ccc(O)c(O)c3)O[C@H](CO[C@@H]3O[C@H](CO)[C@@H](O)[C@H](O)[C@H]3O)[C@H]2OC(=O)/C=C/c2ccc(O)c(O)c2)[C@H](O)[C@H](O)[C@H]1O,[-0.23500302  0.8977444  -0.90467024 -0.5291774  -0.14895679]
C=CCc1ccccc1OCC(O)C[NH2+]C(C)C,[ 0.3301728   0.82644135 -0.7915765  -0.94224626 -0.20257159]
Cc1cc(OC(=O)N(C)C)n(C(C)C)n1,[-0.29866108  0.8365749  -0.39757818 -0.15156816  0.43242458]
O=C1C2CC3C1C1(Cl)C(Cl)C4(Cl)C2C3C1(Cl)C4(Cl)Cl,[ 0.5973153   0.71174437 -0.571944   -0.59482795 -0.27722645]
O=CC=CC1CO1,[ 0.39551392  0.7928522  -0.6600339  -0.80434674 -0.13242246]
CC(=O)N(C)c1ccc(Nc2ncc3cc(-c4ccncc4)ccc3n2)cc1,[ 0.08929586  0.6574399  -1.          0.82726127 -0.28203696]
C[C@@H](NC1=CC(=O)CC1)c1ccc(Nc2ncc3cc(-c4ccncc4)ccc3n2)cc1,[-0.06711072  0.83602685 -0.7412116  -0.46053243  0.29771546]
O=P(O)(O)C(O)(Cn1ccnc1)P(=O)(O)O,[-0.49099508  0.7370997  -0.96525776 -0.7527942  -0.04351743]
CCOc1ccccc1C(=O)NN=C(C)C(=O)O,[-0.40083173  0.83452535 -0.89475006 -0.71611017  0.03909203]
C1=CC2C=CC1C2,[ 0.06797475  1.         -0.8711995  -0.38426432  0.27677315]
C=CC(=O)OCCOCCOC(=O)C=C,[-0.21512842  0.9135685  -0.76463    -0.73995274  0.05820257]
CN(C)Cc1cc(CN(C)C)c(O)c(CN(C)C)c1,[ 0.40865692  0.549968   -0.58509934  0.02294526  0.29349738]
OCCOc1cc(Cl)c(Cl)cc1Cl,[-0.14441228  1.         -0.73131627 -0.47665724  0.11982155]
Clc1cc(Cl)c2nsnc2c1Cl,[-0.15134893  0.9776711  -1.         -0.996253   -0.35094425]
Nc1nc2[nH]cnc2c(=S)[nH]1,[-0.10444147  0.60995907 -1.         -0.47730672  0.14077695]
CCCCCCCC=CC=O,[ 0.26341656  0.8597056  -0.8345105  -0.8685847   0.0529981 ]
CN(C)CC=C(c1ccc(Br)cc1)c1cccnc1,[ 0.20978163  0.2993404  -0.73710555 -0.62599856 -0.32347876]
COc1ccc2c3c1OC1C(O)C=CC4C(C2)[N+](C)([O-])CCC341,[ 0.01357969  0.9699477  -0.8964127  -0.86896515 -0.17039745]
COP(=S)(Cl)OC,[ 0.40250298  0.79490167 -0.87441957 -0.47496465 -0.24517918]
C[Si](C)(C)CCCC(=O)O,[-0.28107867  1.         -0.7210249  -0.52308697  0.15125659]
CCOC(=O)Nc1ccc(NCc2ccc(F)cc2)cc1N,[-0.07421581  0.7053259  -1.         -0.80114454  0.1194419 ]
C[C@H](CO)Nc1nc(SCc2cccc(F)c2F)nc2[nH]c(=O)cnc12,[ 0.19147952  0.74161685 -0.53685486 -0.6715139  -0.22322707]
COC(CN1CCN(CCC(O)c2ccccc2)CC1)c1ccccc1,[-0.14718525  0.40135872 -1.         -0.88312435 -0.08762225]
Nc1cc(Cl)ccc1O,[ 0.491737    0.7753712   0.35837314 -0.42536908 -0.2223792 ]
O=C(Cl)CCl,[ 0.41315818  0.6767382  -0.15511514 -0.6362657  -0.13772833]
CC1CCCCC1NC(=O)Nc1ccccc1,[ 0.39143264  0.77707547 -0.7262056  -0.62123686 -0.415738  ]
CCC(C)C(CC)C(N)=O,[ 0.02334207  0.93570286  0.93652004 -0.59543186  0.2858464 ]
CC(C)(C)c1ccc(OP2OCC3(CO2)COP(Oc2ccc(C(C)(C)C)cc2C(C)(C)C)OC3)c(C(C)(C)C)c1,[-0.11591261  0.2840915  -0.19672017 -0.24937963  0.24733327]
CCCOC(=O)c1ccc(C(=O)OCCC)nc1,[ 0.04540645 -0.18998113 -0.08820347 -1.         -0.02021982]
CC(O)COC(C)CP(CC(C)OCC(C)O)CC(C)OCC(C)O,[-0.25186864  0.8042867  -0.77144545 -0.8010049  -0.13893321]
Cc1cccc(N)c1C,[-0.17126536  0.8248435  -0.63847655 -0.39821514 -0.11004108]
O=CNc1cc([C@@H](O)CNCCc2ccc(NC[C@H](O)c3ccccc3)cc2)ccc1O,[ 0.34485695  0.02502088 -0.62220925  0.23348503  0.9961107 ]
CC(C)CON=O,[ 0.46835157  0.80962044  0.23967336 -0.61804646 -0.15537132]
C=CC1=C(C)/C(=C\c2[nH]c(Cc3[nH]c(/C=C4/NC(=O)C(C)=C4C=C)c(C)c3CCC(=O)O)c(CCC(=O)O)c2C)NC1=O,[-0.5308384   0.7975008  -0.40661693 -0.78532785 -0.41626582]
CCOC(=O)C1OC1c1ccccc1,[ 0.37384784  0.87835854 -0.9127555  -0.57139736 -0.30304232]
CC(Cl)(Cl)[N+](=O)[O-],[-0.41115645  0.90104073 -0.8048317  -0.8519229  -0.39243624]
Cc1cnc(-c2cc(NC(=O)c3ccc(C(F)(F)F)nc3C)ccc2Cl)[nH]1,[ 0.21434383  0.44533047 -0.68473125 -0.69346136 -0.01127719]
CC(C)NCC(O)COc1ccc(COCCOC(C)C)cc1,[-0.66265166  0.83699876 -0.68670267 -0.5376789   0.12781845]
CCC(C)(C)c1ccc(Cl)c(OC(=O)NC)c1,[ 0.27012658  0.6411405  -0.6310089   0.02397728  0.39593524]
CC1(C)C(C=C(Cl)Cl)C1C(=O)OCc1c(F)c(F)c(F)c(F)c1F,[ 0.19347687  0.7874377  -0.8887154  -0.9095217  -0.14188336]
FC(F)=C(F)CCSc1ncccn1,[-0.00619627  0.69187635 -0.8516422  -1.         -0.32574973]
CCNC(=O)C=Cc1cccc(Br)c1,[ 0.2043468   0.34975642 -0.22581269  0.381146    0.32584196]
COc1ccc(-c2cc(=O)c3ccc(OC)cc3o2)cc1,[ 0.36715734  0.76273245 -1.         -0.21006009  0.29186237]
COc1cc(C=CC(=S)N2CCOCC2)cc(OC)c1OC,[ 0.14315076 -0.6411575  -0.39668906 -0.44433844 -0.36407277]
CC(=O)N(C)c1ccc2ccn(-c3cc(NC4CC4)n4ncc(C#N)c4n3)c2c1,[ 0.2061385   0.8671791  -0.63970053 -0.5710145  -0.34025016]
CCCCN1C(=O)c2cccc([N+](=O)[O-])c2C1=O,[ 0.4545921   0.19522534 -0.6914278  -0.49702397  0.4077543 ]
NC(=O)CCCCC1CCSS1,[ 0.14322452  0.74461085 -0.41754344 -0.24936496 -0.10558895]
S=C1NCCC(COc2ccccc2)O1,[-0.05140551  0.7605292  -1.         -0.99150294  0.6158274 ]
O=C(CCl)OCCOCCO,[-0.36907896  0.5390809  -0.925778   -0.9349753  -0.15991293]
O=c1cc(-c2ccc(O)cc2)oc2cc([O-])c(C3OC(CO)C(O)C(O)C3O)c(O)c12,[ 0.21361248  0.76756936 -0.55296767 -0.05902173 -0.23808625]
C[C@H](CSN=O)C(=O)N1CCC[C@@H]1C(=O)O,[ 0.07862429  0.8355479  -0.92832834 -0.657204   -0.06013653]
CCCOC(=O)Cc1ccc(OCC(=O)N(CC)CC)c(OC)c1,[-0.8367014  -0.26550326 -0.39792588  0.47446552  0.3973625 ]
C=C(C)c1cccc(C(C)(C)N=C=O)c1,[ 0.01550327  0.9170835  -0.80677754 -0.8280913  -0.04308185]
C=CC(=O)N1CN(C(=O)C=C)CN(C(=O)C=C)C1,[ 0.5645756   0.6012629  -0.8323993  -0.76796526 -0.5268669 ]
CSCC(NC(=O)COc1cccc2cnccc12)C(=O)NC(Cc1ccccc1)C(O)C(=O)N1CSCC1C(=O)NC(C)(C)C,[ 0.3377022   0.26493415  0.22669336 -0.5669778   0.44242576]
CN1c2ccccc2C(NCCCCCCC(=O)[O-])c2ccc(Cl)cc2S1(=O)=O,[-0.25159135  0.7644938  -0.20471567 -0.6828794  -0.26604438]
O=C(Nc1cccc(Cl)c1)Nc1nnc(-c2ccncc2)s1,[ 0.04533556  0.738955   -0.68096787 -1.          0.348417  ]
CCOCCCO,[ 0.12210266  0.495654   -0.48540375 -0.8738575  -0.10397803]
Cc1cc(Sc2cc(C)c(O)c(C(C)(C)C)c2)cc(C(C)(C)C)c1O,[ 0.21570867  0.9358517   0.28094098 -1.         -0.24356641]
Cc1ccc(OP(=O)(Oc2ccccc2)Oc2ccccc2)cc1,[ 0.28518087  0.6880719  -1.         -0.25029087  0.01942223]
COC(=O)c1cc([N+](=O)[O-])ccc1Cl,[ 0.5894571   0.82721746 -0.65878356 -0.8225687  -0.12905064]
CCC(CC)n1nc(C)c(C(=O)N[C@@H](C)C(C)(C)C)c1NS(=O)(=O)c1ccc(C)cc1,[ 0.04942739  0.623108    0.46528006 -0.7771197  -0.4059663 ]
CCC(C)OC=O,[ 0.6093093  -0.33279726 -0.7048925  -0.53568673 -0.585774  ]
Cc1ccn(C(=O)NCCCCCCCl)n1,[ 1.         -0.15747708 -0.4680058  -0.04477488  0.61094266]
OC(CCN1CCCC1)(c1ccccc1)C1CCCCC1,[-0.03460399  0.77983445 -0.5382059  -0.5657224  -0.03849671]
CCC(C)CCCCC(=O)NC(CCN)C(=O)NC(C(=O)NC(CCN)C(=O)NC1CCNC(=O)C(C(C)O)NC(=O)C(CCN)NC(=O)C(CCN)NC(=O)C(C(C)O)NC(=O)C(CC(C)C)NC(=O)C(CCN)NC1=O)C(C)O,[-0.1483126  -0.09239687 -0.7923688  -0.7002325   0.10848557]
N#CCCOCCC#N,[-0.28153303  0.93103015 -0.8865032  -0.91107917 -0.26496825]
CC(C)OCCO,[-0.37008032  0.5464561  -0.54874724 -0.70808005 -0.00587963]
C/C=C(/C)C(=O)O[C@H](c1cc2ccc(=O)oc2cc1OC)[C@H](O)C(C)(C)O,[ 0.35663444  0.9183086  -0.8696575  -0.58129376  0.5656378 ]
CCCN(CCC)c1c([N+](=O)[O-])cc(C)cc1[N+](=O)[O-],[ 0.32646754  0.7609152  -0.34550583 -0.44147375 -0.16214883]
OCCOCCN1CCN(C(c2ccccc2)c2ccc(Cl)cc2)CC1,[ 0.48884496 -0.99616426 -0.72604007 -0.4631041  -0.20804693]
CCOc1cc2nnc(C(N)=O)c(Nc3ccc(F)cc3F)c2cc1N1CCN(C)CC1,[ 0.40689418  0.36038426 -0.8415347  -0.6095827   0.14638355]
COc1cc2ncc(C(N)=O)c(Nc3cccc(Cl)c3Cl)c2cc1N1CCN(C)CC1,[ 0.2382879   0.5574627  -0.79729    -1.         -0.41010705]
c1cc2c(c(N3CC[NH2+]CC3)c1)OCCO2,[ 0.3855723   0.67975456  0.6343092  -0.22046652 -0.2567109 ]
COc1c2ccoc2c(OCC2OC2(C)C)c2oc(=O)ccc12,[ 0.43721828  0.67465615  0.02776933 -0.8561733   0.7000936 ]
O=C(O)CCCCCC(=O)O,[ 0.87889427  0.78868717 -0.40722376 -0.08592399  0.33020034]
CC(C)NCC(O)c1ccc(O)c(O)c1,[-0.29321644  0.90934694 -0.16221245 -0.4160666   0.18189688]
O=c1c2nocc2c(-c2ccccc2)nn1-c1ccccc1,[-0.39476904  0.67591804 -0.572176   -0.8472692   0.24967162]
CC(C)C1NC(=O)c2ccccc2O1,[ 0.2622893   0.888058   -0.8061688  -0.7549059  -0.40803382]
O=C(c1ccccc1)c1cccc2c1CCC2C(=O)O,[-0.05177041  0.8749236  -0.83149123 -0.6808915   0.05120859]
CCCCCc1ccccc1O,[ 0.4605903   0.8423898  -0.6524803  -0.69947374 -0.3929951 ]
Nc1nc2c(ncn2COCCO)c(=O)[nH]1,[ 0.6571807   0.83258015 -0.8071875   0.03851788 -0.02888533]
N[C@H]1CCN(c2c(Cl)cccc2/C=C2\SC(=O)NC2=O)C1,[ 0.026115    0.69347423 -0.8899419  -0.91116554 -0.20443389]
O=P([O-])([O-])C(Cl)(Cl)P(=O)([O-])O,[ 0.449285    0.84586656 -0.7520691  -0.6042675  -0.3802952 ]
CON=C(C(=O)NC1C(=O)N2C(C(=O)O)=C(COC(N)=O)CSC12)c1ccco1,[-0.22140926 -0.49912837 -0.7174366  -0.8144086  -0.09705602]
CC(C)CCOC(CO)CC(C)C,[-0.00768591  0.2638221  -1.         -0.7896843  -0.5997417 ]
O=C(OCCc1ccccc1)c1ccccc1,[ 0.47291347  0.70271623 -0.8322144   0.13608226  0.02749443]
FC(F)(F)c1nc2c(Br)cc(Br)cc2[nH]1,[ 0.1820829   0.86074847 -0.71686965 -0.69106907 -0.36394662]
C=C(C)c1ccc(C(C)(C)N=C=O)cc1,[ 0.28580505  0.7569064  -0.611062   -0.95380795  0.76591957]
Cc1nn(C2CCCCC2)c(N)c1-c1ccccc1,[ 0.31633335  0.8776049  -0.99983495 -0.8261058  -0.44038767]
NC(=[NH2+])NCCCCC1NC(=O)CCSSCC(C(N)=O)NC(=O)C2CCCN2C(=O)C(Cc2c[nH]c3ccccc23)NC(=O)C(CC(=O)[O-])NC(=O)CNC1=O,[ 0.1851569   0.8370987   0.07282794 -0.46739334  0.02135013]
CCC(C(=O)O)c1ccc(CC(C)C)cc1,[ 0.11944133  0.7244257  -0.6275135  -0.7335895   0.0186605 ]
CC(=O)OO,[-0.04434017  0.8125681  -0.41457358 -0.7609202   0.04852105]
CC(=O)OC12COC1CC(O)C1(C)C(=O)C(O)C3=C(C)C(OC(=O)C(O)C(NC(=O)OC(C)(C)C)c4ccccc4)CC(O)(C(OC(=O)c4ccccc4)C21)C3(C)C,[-0.12900172  0.33683553 -0.8313898  -0.7734428  -0.30216637]
CCCCCNCCCCC,[ 0.1677353  -0.46374047 -0.00617329 -0.28541827 -0.07735123]
CCOC(=O)C=Cc1ccc2c(c1)OCO2,[ 0.14244805  0.8117201  -1.         -0.8659005  -0.25534207]
CC(=O)Oc1cccc(Oc2ccc(C(F)(F)F)cc2Cl)c1,[ 0.54834807  0.7634693  -0.66455054 -0.664988   -0.11379808]
CC(CN1CCOCC1)C(C(=O)N1CCCC1)(c1ccccc1)c1ccccc1,[ 0.14532147  0.55850685 -0.8984336  -0.63263476  0.17893136]
CC(C)CN,[-0.726807    0.92821676 -0.8021208  -0.71806824  0.05690049]
N#Cc1cc(Br)c(O)c(Br)c1,[ 0.16556065  0.839558   -0.7172552  -0.6617193   0.75575346]
