CCCN(CCC)c1c([N+](=O)[O-])cc(C(C)C)cc1[N+](=O)[O-],[-0.1951373   0.91612566 -0.6593678  -0.8515039   0.47365847]
Cc1ncccc1Oc1ncnc(OC2CCN(C(=O)OC(C)C)CC2)c1C,[-0.00878834  0.5374655  -0.7095962   0.2991354  -0.40596336]
Cc1c(CN2CCOC(c3ccccc3)C2C)c(=O)n(-c2ccccc2)n1C,[ 0.447442    0.7062963  -1.         -0.76612145 -0.2689286 ]
ClC1=C(Cl)C(Cl)(C2(Cl)C(Cl)=C(Cl)C(Cl)=C2Cl)C(Cl)=C1Cl,[ 0.05108963  0.7007195  -0.5887472  -0.04350613  0.22827321]
CS(=O)(=O)c1nc(-c2ccc(F)cc2)n(-c2ccc(Cl)cc2)n1,[-0.11971251  0.8155031  -0.61518157 -0.8867385  -0.27218357]
CCC[C@@H](c1ccc(C(=O)O)c(Oc2cccc(Cl)c2)c1)N1CCC[C@H](n2cc(C)c(=O)[nH]c2=O)C1,[ 0.3142541   0.7648234  -0.7676018  -0.5423598  -0.09707742]
O=C(CCl)OC1=C(OC(=O)CCl)C(=O)OC1=O,[ 0.06416074  0.9816927  -0.56458133 -0.908794    0.01577608]
CC(C)[N+](=O)[O-],[ 0.14032765  0.9429498  -0.8934719  -0.5613697  -0.27855656]
CCOC(=O)c1ccc(C#Cc2ccc3c(c2)C(C)(C)CCS3)nc1,[-0.09928382  0.2550377  -0.34659448 -0.38537055 -0.3916946 ]
O=C1CCc2cc(C=CCN3CCN(c4ccc(Cl)cc4)CC3)ccc2N1,[ 0.34886393  0.8096804  -0.9223424  -0.28978643 -0.4580288 ]
S=c1[nH]cnc2nc[nH]c12,[-0.097821    0.2815849  -1.         -1.         -0.23982798]
CCSP(SCC)SCC,[ 0.557381    0.8346195  -1.         -0.59706044 -0.44794008]
ClC(Cl)(Cl)c1cccc(C(Cl)(Cl)Cl)c1,[ 0.5144492  0.8386578 -0.7291587 -1.         0.5652065]
CNC(=O)CSP(C)(=S)OC,[ 0.3053239  -0.21332003 -0.27539665 -0.15856877  0.01570321]
CN(C)C(=O)Oc1cccc2sccc12,[ 0.3171288   0.10864618 -0.45982414 -1.          0.15164046]
N#CSCCSC#N,[-0.00584128  0.7253339  -0.8500839  -0.7883804  -0.57362616]
C=C(C)C(=O)OCCC[Si](OC)(OC)OC,[-0.03873956  0.86937827 -0.8041303  -0.88699234 -0.478305  ]
CC[C@H]1CN(Cc2cc(Cl)ccc2OCC(=O)O)CCN1S(=O)(=O)c1ccccc1,[ 0.29817557  0.88539225 -0.6968258  -0.6307105   0.13711746]
CN(C)NC(=O)CCC(=O)O,[ 0.22796717  0.27812356 -0.826879   -0.41864046 -0.21112569]
CSCC(NC(=O)COc1cccc2cnccc12)C(=O)NC(Cc1ccccc1)C(O)C(=O)N1CSCC1C(=O)NC(C)(C)C,[ 0.87267476  0.33456948 -0.7590747  -0.5850028   0.11031023]
COc1ccc2ncc(=O)n(CCN3CC[C@@H](NCc4cc5c(cn4)OCCO5)[C@H](O)C3)c2c1,[ 0.17009819  0.4281481  -0.7547021  -0.84968454  0.07826929]
Fc1ccc(Br)cc1,[-0.63080984  0.77042305 -0.9188455  -0.02196262  0.04475367]
C1CN1P1(N2CC2)=NP(N2CC2)(N2CC2)=NP(N2CC2)(N2CC2)=N1,[ 0.07856695 -0.87709355 -0.47189394 -0.20944041  0.5143874 ]
C1=CCC(C2OCC3(CC=CCC3)CO2)CC1,[-0.43567294  0.58361655 -0.74465674 -0.408933   -0.39665967]
CC1OC(n2ccc(NC(=O)c3ccc(NC(=O)C(C)(N)CO)cc3)nc2=O)CCC1OC1OC(C)C(N(C)C)C(O)C1O,[ 0.18342268  1.         -0.7480684  -0.82953984  0.44244266]
CC(=O)CCC(C)=O,[-0.03732247  0.78073263 -0.7000412  -0.78799176 -0.63797367]
CCCc1c(OCc2cccn3c(=O)c(CCC(=O)O)cnc23)ccc(C(C)=O)c1O,[ 0.1425327  -0.71071607 -0.31251642 -0.3223464   0.24962291]
CCC(=O)CC,[ 0.28711057  0.69270784 -1.         -0.70950806 -0.37074417]
Cc1ccc(N=C=O)cc1,[ 0.25628215  0.42980808 -0.5756123  -0.76289964  0.39158857]
Cc1nccc(-c2ccc(-c3nc4ccncc4c(O)c3C#N)cc2)c1Cl,[ 0.6098353   0.7923556   0.13697185 -0.63956255 -0.449388  ]
CCC1(CC)C(=O)NCC(C)C1=O,[ 0.2032942   0.8696184  -0.52407575 -0.72482884  0.6006497 ]
CC(C)(C)NC(=O)C1CC2CCCCC2CN1CC(O)C(Cc1ccccc1)NC(=O)C(CC(N)=O)NC(=O)c1ccc2ccccc2n1,[ 0.3681708   0.8108253  -0.71891797 -0.11406574  0.27688077]
O=[N+]([O-])c1ccc(O)c(CNCCO)c1,[ 0.48886204  0.7609939  -0.9323177  -0.53888464  0.16929612]
COCCNC(=O)c1ccc(Nc2ncc3cc(-c4ccncc4)ccc3n2)cc1C,[ 0.14351717 -0.01664574 -0.9232435  -0.02707532  0.5788038 ]
Cc1ccc(-c2ccccc2)cc1,[-0.11114927  0.6954614  -0.98217785 -0.9173708  -0.08736585]
C=C(C)CN(CC)c1c([N+](=O)[O-])cc(C(F)(F)F)cc1[N+](=O)[O-],[ 0.43939626  0.50920516 -0.07227346  0.13558511  0.8586695 ]
CCCCOP(=O)(O)OCCCC,[ 0.37611467 -0.6111869  -0.95169073 -0.77341986 -0.51700807]
COP(=S)(OC)SCc1nc(N)nc(N)n1,[ 0.08904561  0.6965365  -0.8655743  -0.38759372  0.84689546]
ClCC1C(CCl)C2(Cl)C(Cl)=C(Cl)C1(Cl)C2(Cl)Cl,[ 0.55166703  0.670264   -0.8026057  -0.6640816   0.08718345]
CC(=O)Nc1ccc(C)c(NS(=O)(=O)C(F)(F)F)c1,[ 0.14953163  0.17372724 -0.63963896 -0.7133401  -0.3809932 ]
CCN(CC)c1c([N+](=O)[O-])cc(C(F)(F)F)c(N)c1[N+](=O)[O-],[ 0.29138318  0.7782026  -1.         -0.6295738  -0.22026931]
CNC(=O)ON=C(C)SC,[-0.27808627  0.89435047 -0.6805262  -0.26762813 -0.1131589 ]
CC(=O)OC(C(=O)NC(N)=O)c1ccccc1,[ 0.50628084  0.01232099 -0.92609036  0.3188722   0.5928226 ]
CCCNC(=O)[N-]S(=O)(=O)c1ccc(Cl)cc1,[ 0.37628955  0.91747147 -0.84402084 -0.55466837  0.25947508]
O=C1OCC2C1C1(Cl)C(Cl)=C(Cl)C2(Cl)C1(Cl)Cl,[ 0.52130884  0.34003657 -0.9253316  -0.7549705  -0.48710337]
O=NN(c1ccccc1)c1ccccc1,[ 0.53438234  0.776423   -0.69075865 -0.84974205  0.7415604 ]
CCCCCCCCCCCC(=O)OCC(O)C1OCC(O)C1O,[-0.15930505  0.4874375  -0.78846574 -0.33188367 -0.2611908 ]
C=CCN1CCC23CCCCC2C1Cc1ccc(O)cc13,[ 0.42318535  0.5004316  -0.2798924  -0.558499   -0.10305522]
O=C(CN1CCNCC1)NN=Cc1ccc([N+](=O)[O-])o1,[ 0.23586842 -0.77614635 -1.         -1.         -0.33802754]
COc1cc(-c2cc(=O)c3c(O)cc(O)cc3o2)cc(O)c1OC,[ 0.20317394  0.12222712 -0.8504207  -1.         -0.15173689]
CC1CCCCC1NC(=O)Nc1ccccc1,[-0.09197811  0.6471834  -0.6647035  -0.9269381  -0.29234752]
CCC(=O)Nc1ccc2[nH]c(C(F)(F)F)nc2c1,[ 0.41025463  0.79330343 -1.         -0.6794091  -0.5657564 ]
CC(C)(c1ccc(Oc2ccc(N)cc2)cc1)c1ccc(Oc2ccc(N)cc2)cc1,[ 0.70808774  0.67791986 -0.30080765 -0.6945423   0.15951377]
CCOc1ccccc1OC(c1ccccc1)C1C[NH2+]CCO1,[ 0.15015846  0.90844387 -0.38239366 -0.84959894 -0.18446754]
COC(=O)Cc1ccccc1,[-0.18453217  0.9767481  -0.9996568  -0.70970184 -0.34854344]
O=C(CF)Nc1ccccc1,[-0.17789356  1.         -1.         -0.9367401   0.7727335 ]
CNC(=O)OCc1cccc(COC(=O)NC)n1,[ 0.21211061  0.7542893  -0.9254643  -0.01565044 -0.22434974]
COP(=S)(OC)SCSCC=C(Cl)Cl,[ 0.07718782  0.08999287 -0.7295866  -0.8994665  -0.0536073 ]
CCCN(CCC)CCCCCCCCNC(=O)Oc1ccc2c(c1)C1(C)CCN(C)C1N2C,[-0.49541527  0.74291706 -0.15986007 -0.09301842 -0.4891172 ]
O=C(NCC12CC3CC(CC(C3)C1)C2)c1cc(-n2ncc(=O)[nH]c2=O)ccc1Cl,[ 0.25080594  0.6363865  -0.88808465 -0.50590926 -0.4607636 ]
CC1CN(C2CCCCCCCCCCC2)CC(C)O1,[ 0.44507992  0.89773506 -0.7938561  -0.2478518   0.00484985]
CC(C)OP(=S)(OC(C)C)SCn1nc(Cl)ccc1=O,[-0.89299935  0.8417555  -0.32328504  0.14493704 -0.08213522]
Cc1ccc(S(=O)(=O)Nc2c(C(=O)N[C@@H](C)C(C)(C)C)c(C)nn2C(C)C)cc1,[-0.29240373  0.8478564  -0.85889703 -0.73293346 -0.41424263]
C=CS(C)(=O)=O,[-0.14689328  0.42309836 -0.9786636  -0.7656531  -0.1657883 ]
CNCC(O)c1cccc(O)c1,[-0.01321616  0.7665954  -0.802698   -0.7666444  -0.18842016]
CC(CC(=O)OC(C)(C)C)NC(=O)C1=NOC(C(O)(C(F)(F)F)C(F)(F)F)C1,[ 0.17127956  0.6803916  -0.6838877  -0.8257191   0.20748343]
CC(C)(C)c1cc([N+](=O)[O-])cc([N+](=O)[O-])c1O,[ 0.40503514  0.5172954  -0.8971304  -0.9041827  -0.2120646 ]
CC(N)C(O)c1cccc(O)c1,[ 0.15622886  0.7192246  -0.6836363  -0.78528464 -0.5958691 ]
CCOCCCO,[ 0.18337965  0.14775538 -0.7065337  -0.2262938   0.19697778]
ClCc1ccccc1,[ 0.20752785  1.         -0.4041628  -0.68991697  0.34147558]
CC1(C)SCN(C(=O)C2(Oc3ccc(Cl)cc3)CCCCC2)C1C(=O)O,[-0.06810166  0.62592536 -0.75926906 -1.         -0.41605905]
S=C1NCCC(COc2ccccc2)O1,[-0.0992709   1.         -0.7836499  -0.83212674  0.6023411 ]
CC(C)(C)c1ccc(OP2OCC3(CO2)COP(Oc2ccc(C(C)(C)C)cc2C(C)(C)C)OC3)c(C(C)(C)C)c1,[-0.11623868  0.34663558 -0.49696875 -0.15097097 -0.08553696]
CCOP(=S)(OCC)Oc1cccc(F)n1,[ 0.22309509  0.8865812  -0.90757453 -0.74579155  0.60850513]
CNC(=O)c1[nH]cnc1C(=O)Nc1ccc(Cl)cc1,[-0.11983511  0.81527    -0.8099675  -0.61794645  0.24834162]
CCCCC(CC)CNCC(C)(N)CN(C)CC(CC)CCCC,[ 0.2253831   0.08795485 -0.7528534   0.5738397   0.12057962]
COC(=O)c1cc(Oc2ccc(Cl)cc2Cl)ccc1[N+](=O)[O-],[-0.15186946 -0.4533618  -0.4486417  -0.94065917 -0.266686  ]
C[S+]([O-])Cc1ccc(C(=O)Nc2ccc(OCCOCCO)nc2C(=O)NCC2CCC2)c2ccccc12,[ 0.09274554  0.80912024 -0.8041058  -0.39339402 -0.45481566]
CCCOP(=O)(OC=C(Cl)Cl)OCCCl,[ 0.3618036   0.78875005 -0.57134587 -0.7449391  -0.33901444]
CC(CN1CC(=O)NC(=O)C1)N1CC(=O)NC(=O)C1,[-0.17819118  0.6952995  -0.94607145 -1.         -0.3779994 ]
O=CNc1cc([C@@H](O)CNCCc2ccc(NC[C@H](O)c3ccccc3)cc2)ccc1O,[-0.57654285  0.36275285 -0.7745163  -0.63604444 -0.23108877]
COP(=S)(OC)SC(CBr)N1C(=O)c2ccccc2C1=O,[ 0.25729024  0.87787735 -0.23687622 -0.5733192   0.12567836]
C=C1CC23CC1(O)CCC2C12C=CC(O)C(C)(C(=O)O1)C2C3C(=O)O,[ 0.02749502 -0.01419944 -0.7986326  -0.9953929  -0.11167265]
O=c1cc(-c2ccc(O)cc2)oc2cc(O)cc(O)c12,[ 0.1316359   0.904512   -0.9852672  -0.7725509  -0.27737114]
CN(C)S(=O)(=O)CCCCCNC(=O)N(CCCl)N=O,[ 0.15553115  0.6185441  -0.43964127 -0.71394867 -0.17214672]
O=C(OCC=Cc1ccccc1)c1ccccc1,[-0.03823882  0.7741487  -0.86066467 -0.9770288  -0.3725345 ]
CCNC(=O)ON=C1SCOC1C,[-0.10206993  0.70469624 -0.17648496 -0.7666571  -0.42293712]
CSCCNc1nc(SCCC(F)(F)F)nc2c1ncn2C1OC(COP(=O)([O-])OP(=O)([O-])C(Cl)(Cl)P(=O)([O-])[O-])C(O)C1O,[ 0.0426937   0.92664677 -0.89134496 -0.25440815  0.14778627]
CC(NNC(=O)c1ccccc1)c1ccccc1,[ 0.21009114  0.7728896  -0.84222305 -0.7990673   0.28096864]
CC[C@H]1OC(=O)[C@H](C)[C@@H](O[C@H]2C[C@@](C)(OC)[C@@H](O)[C@H](C)O2)[C@H](C)[C@@H](O[C@@H]2O[C@H](C)C[C@H](N(C)C)[C@H]2O)[C@](C)(O)C[C@@H](C)C(=O)[C@H](C)[C@@H](O)[C@]1(C)O,[-0.264104    1.         -0.92370903 -0.8068846   0.14471243]
COCCN(C(=O)CCl)c1c(C)cccc1C,[-0.24776164  0.54774386 -1.         -0.71000165  0.89025086]
Clc1cc(Cl)c2nsnc2c1Cl,[-0.6908027   0.8907172  -0.86565197 -0.85929644 -0.30197293]
O=C(Oc1ccccc1)n1c(C(F)(F)F)nc2cc(Cl)c(Cl)cc21,[ 0.30371997  0.38424712 -0.63206667  0.31791103 -0.16010822]
COC(=O)c1c(Cl)cccc1-c1cnc([C@@H](C)NC(=O)C2(NC(=O)C(F)(F)F)CC2)c(F)c1,[ 0.21933252  0.73881143 -0.8592963  -0.7622361  -0.46259552]
CNc1c(C(N)=O)cnc2[nH]c(-c3ccc(OCCN4CCOCC4)cc3)nc12,[ 0.13478959  0.7027941  -0.73701847 -0.87376595  0.36104664]
CCCCC(CC)COCCO,[-0.11686251  0.8198937  -0.8243869  -0.89950943  0.14411734]
O=c1cc(Cn2c(C3CCC3)nc3nccnc32)c2ccc(F)c(F)c2[nH]1,[-0.3103932   0.8960878  -0.84681475 -0.7445633  -0.226539  ]
COc1cc2c(c3oc(=O)c4c(c13)CCC4=O)C1C=COC1O2,[-0.12937827  0.8416175  -0.64147913 -0.7390898  -0.43434876]
COc1cc2c3c(c1O)C1(C=CC(=O)C=C1)CC3N(C)CC2,[ 0.23906524 -0.3339137  -0.85138476 -0.35291445  0.13786541]
CCC(C)N(C)C(=O)c1cc2ccccc2c(-c2ccccc2Cl)n1,[ 0.28491932  0.21472292 -1.         -0.7825382   0.86971   ]
CC(C)Oc1cc(-n2cnc3ccc(N[C@@H](CO)c4ccc(F)cn4)nc32)n[nH]1,[-0.6169649   0.7456978  -0.4350637  -0.6750852  -0.05366944]
N#CCc1ccccc1,[ 0.2871882  -0.02099983 -0.775393   -0.79816145 -0.44577464]
CC(C)(C#N)C(C)(C)C#N,[ 0.31970012  0.40378368 -0.93464017 -1.         -0.44327086]
CC1=NN(c2ccccc2)C(=O)C1,[-0.3520057   0.9128653  -0.7996369  -0.77565074 -0.41247374]
C[C@H](CSN=O)C(=O)N1CCC[C@@H]1C(=O)O,[-0.04543138  0.82624114 -0.8795466  -0.70970386  0.15352789]
CC(C)CCCCCN(CCCCCC(C)C)CCCCCC(C)C,[ 0.37250924  0.8111239   0.62798387 -0.59191847 -0.47071192]
CNC(=O)Oc1ccc(Cl)c2c1OC(C)(C)C2,[-0.1252045   0.15663677  0.33410358 -0.70036244 -0.35158882]
FC(F)(F)c1nc2c(Br)c(Cl)c(Br)cc2[nH]1,[-0.17510435  0.9609379  -0.5344441  -0.4709791  -0.00303984]
CCOP(=S)(OCC)Oc1cc(C)n(CC)c(=O)c1,[ 0.25408956  0.8918319  -0.71581656 -0.6523905  -0.35566685]
CCC(C(=O)O)c1ccc(CC(C)C)cc1,[ 0.2982503   0.75886774 -0.5924128  -0.7795492  -0.08851383]
CCCCOCC1CO1,[-0.24813206  0.5860246  -0.9206621  -0.8704655  -0.018426  ]
COc1ccc(C(=O)Nc2ccccc2CCC2CCCCN2C)cc1,[ 0.6138929   0.740592   -0.73457956 -0.82451904  0.65945625]
CN(C)c1ccc(O)c2c1CC1CC3C([NH+](C)C)C([O-])=C(C(N)=O)C(=O)C3(O)C(O)=C1C2=O,[ 0.32330072  0.54804367 -0.82505643 -0.4322439   0.63617253]
CCCCCCC(N)C(=O)N[C@@H](Cc1c(C)cc(O)cc1C)C(=O)N1CCC[C@@H]1C(=O)N[C@@H](Cc1c[nH]c2ccccc12)C(=O)N[C@@H](Cc1ccccc1)C(N)=O,[ 0.02316413 -0.3617914  -1.         -0.5599881  -0.37190485]
COc1cc(OC)c(S(=O)(=O)N(c2ccccc2)C(C)C)cc1NC(C)=O,[ 0.1373331  1.        -0.5489696 -1.         0.6545453]
CCCOC(=O)c1ccc(C(=O)OCCC)nc1,[ 0.03227453 -0.30030876 -0.75937945 -0.84935844 -0.14953867]
CC=C(C(=O)NC(N)=O)C(C)C,[ 0.43878108  0.54422164 -0.61476266  0.74983495 -0.15346074]
CC(C(=O)O[C@@H]1CC[N+](C)(C)C1)(c1ccccc1)C1CCCC1,[-0.12962747  0.67967397 -0.6498224  -0.8480419  -0.1715034 ]
BrC12CC3CC(CC(C3)C1)C2,[-0.2958332   0.60221606 -1.         -0.81393147  0.00645529]
COCCOP(=O)(OCCOC)OCCOC,[-0.15269709  0.8870675  -0.8245643  -0.86219954  0.4893558 ]
CCN(CCO)c1cccc(C)c1,[ 0.40144944  1.         -0.82895786 -0.5600747  -0.12852228]
CSCCC([NH3+])C(=O)NC1(C(=O)[O-])CS(=O)(=O)C2C(C(=O)[O-])C21,[-0.3013812   0.51262224 -0.25881758 -0.9067291  -0.32576624]
C=CCN1CCCC1CNC(=O)c1cc2nn[nH]c2cc1OC,[ 0.44606674 -0.19531941 -0.69982177 -0.05613416  0.2742417 ]
CC(=S)NC[C@H]1CN(c2ccc(-c3nnc(CNS(C)(=O)=O)s3)c(F)c2)C(=O)O1,[ 0.80267483  0.7560385  -0.735392   -0.18023661 -0.5038114 ]
C#CC(C)(O)C(O)c1ccccc1,[-0.0169563   0.8032744  -0.74878097 -0.2671601   0.11199991]
CCCCCCCCCCCCNC(N)=S,[ 0.17939489  0.9156693  -0.7984771   0.06127779 -0.37971506]
CCCCCCCCOC(C)=O,[-0.1045626   0.58896554 -0.94949913 -0.9927536  -0.43112195]
CCC(=O)OC1CCC2C3CCC4=CC(=O)CCC4(C)C3CCC12C,[ 0.1674139   0.03623573 -0.61432385 -0.7110259  -0.13162746]
SCc1ccccc1,[ 0.36879843  1.         -0.9898603  -0.977712    0.5938775 ]
CO[Si](CCCn1c(=O)n(CCC[Si](OC)(OC)OC)c(=O)n(CCC[Si](OC)(OC)OC)c1=O)(OC)OC,[ 0.02364855  0.83910674 -0.7648388   0.04078777  0.02641745]
COc1ccc(N)c([N+](=O)[O-])c1,[ 0.01473591  0.9608082  -1.         -1.         -0.0697837 ]
NC(=O)[C@H](Cc1ccccc1)NC(=O)OCc1ccccc1,[ 0.38189694  1.         -0.6923556  -0.7767779   0.26646018]
OCCOCCN1CCN(C(c2ccccc2)c2ccccc2)CC1,[-0.2375153   0.7274973  -0.50024307 -0.8382648   0.07878494]
S=C=NCCN=C=S,[-0.5068433   0.29964024 -1.         -0.7302104  -0.18741414]
CC[C@H](CO)NC(=O)[C@H]1C=C2c3cccc4[nH]cc(c34)C[C@@H]2N(C)C1,[ 0.1973712   0.2739869  -0.62375003 -0.77545404 -0.1964867 ]
CCCSP(C)(=S)Oc1ccc(Cl)cc1Cl,[ 0.78650117  0.4989857  -0.14491859 -0.35059652 -0.5346451 ]
C/C=C/CC(C)C(O)C1C(=O)NC(CC)C(=O)N(C)CC(=O)N(C)C(CC(C)C)C(=O)NC(C(C)C)C(=O)N(C)C(CC(C)C)C(=O)NC(C)C(=O)NC(C)C(=O)N(C)C(CC(C)C)C(=O)N(C)C(CC(C)C)C(=O)N(C)C(C(C)C)C(=O)N1C,[ 0.2355273   0.8300602  -0.74559236 -0.882544   -0.06837767]
Cn1c(C2=CCN(CCCN3c4ccccc4Sc4ccc(CC(=O)O)cc43)CC2)cc(=O)n(C)c1=O,[ 0.1334734  0.8959806 -0.6726098 -0.56725   -0.2339312]
NCCCCN,[ 0.15448816  0.849125   -0.6660495  -0.7579541   0.40872258]
CON=C(Cc1cccnc1)c1ccc(Cl)cc1Cl,[ 0.20491584  0.49474007 -1.         -1.          0.13706103]
C=CCOC(=O)CCCCC,[ 0.18125685  0.65838116  0.26437828 -0.24894963  0.17904022]
N=C(N)N[N+](=O)[O-],[-0.11003312  0.8330069  -0.7030517  -0.48415244 -0.52282476]
O=CCCCC=O,[ 0.46444196  0.83836764 -0.24839756 -0.9327006  -0.4314119 ]
Cc1ccc(CO)cc1N(C)c1ccnc(Nc2cc(N3CCCOCC3)cc(N3CCOCC3)c2)n1,[ 0.7623377   0.7595883  -0.78489274 -0.6913651  -0.01979904]
O=[N+]([O-])OCC(O)CO,[ 0.19725902  0.882113   -0.05855999 -0.8957499   0.38836914]
CCC(CCCCOC(=O)c1ccccc1)COC(=O)c1ccccc1,[ 0.337952    0.7517371  -0.82276225 -0.6797822   0.02980598]
CC(=O)OC(C)OC(=O)C(C)c1ccc(-c2ccccc2)c(F)c1,[ 0.37459353  0.8612928  -0.5617122  -0.7635034  -0.39886358]
CCc1nn(C2CCCC2)c2c1CCn1c(-c3cccs3)nnc1-2,[ 0.09422634  0.9655863  -1.         -0.9949284   0.9860675 ]
Cc1cncc(C)n1,[ 0.3079409   0.7758554  -0.6043202  -1.         -0.44386327]
CC(=O)N[C@H](C)C(=O)NCCc1ccccc1,[ 0.07988788  0.26521155 -0.5855308  -0.62249327 -0.09900005]
OCCNCCc1ccccc1,[-0.15812673  0.48648337 -0.66044605 -0.9270069   0.32933035]
O=C(O)CCC(=O)c1ccc(-c2ccccc2)cc1,[ 0.20053086  0.5549263  -0.44833985  0.41214794 -0.3847446 ]
C1CSCCO1,[ 0.5973279   0.26031747 -0.582656   -0.45607504  0.02491858]
COC(=O)C1=C(C)NC(C)=C(C(=O)OCCN(C)Cc2ccccc2)C1c1cccc([N+](=O)[O-])c1,[ 0.18805338  0.80432117 -0.70935404 -0.7717747   0.24948531]
CC(c1ccccn1)c1c(CC[NH+](C)[14CH3])sc2ccccc12,[ 0.10976212  0.7883881   0.8893375  -0.15181224 -0.17763549]
C=COC(=O)CCCCC(=O)OC,[ 0.26035148 -0.26935416 -0.81106174 -0.4480071   0.9377096 ]
COc1ccc(C(Oc2ccccc2)C2=NCCCN2)cc1,[ 0.51497674  0.8747693  -0.6196184  -0.5765148  -0.28268465]
C=C(C)C(=O)OCCCC,[ 0.02052613  0.918362   -1.         -0.64509475  0.6536711 ]
FC(F)(F)c1nc2cc(Br)c(Cl)cc2[nH]1,[ 0.3141709   0.8992516  -0.75720036 -0.27305067  0.03716464]
C=CC1=C(C)/C(=C\c2[nH]c(Cc3[nH]c(/C=C4/NC(=O)C(C)=C4C=C)c(C)c3CCC(=O)O)c(CCC(=O)O)c2C)NC1=O,[-0.11285794  1.         -0.7992056  -0.87961453  0.73086184]
O=C1C(Cl)C(CCl)CN1c1cccc(C(F)(F)F)c1,[ 0.1501843   0.8655391  -0.87113696 -0.41908264  0.64662033]
CC[C@@]1(O)C(=O)OCc2c1cc1n(c2=O)Cc2cc3c(CN(C)C)c(O)ccc3nc2-1,[-0.45961902  0.63018703 -0.87132126 -0.88069135 -0.10627428]
CCOC(C1=NCCCN1)c1c(Cl)cccc1Cl,[ 0.30350712  0.58606887 -0.48558694 -0.5093605  -0.31221193]
CCN1C(=O)NC(c2ccccc2)C1=O,[ 0.36011922  0.39997754 -0.24985845 -0.37581146 -0.04647223]
N#CC1CC2CC2N1C(=O)C(N)C12CC3CC(CC(O)(C3)C1)C2,[ 0.6896786   0.93025506 -1.         -0.56507945  0.09643476]
CCCC1CC(C(=O)NC(C(C)Cl)C2OC(SC)C(O)C(O)C2O)[NH+](C)C1,[ 0.1411199   0.7632785  -0.13645    -0.17845502  0.506345  ]
CCC1OC(C)SC1=NOC(=O)NC,[-0.26912174  0.7626413  -0.4173956   0.5079542   0.3819825 ]
COC(C)CC(=O)O,[ 0.10899322  0.7361986  -0.7721511  -0.730555   -0.6836643 ]
CC(C(N)=O)(c1ccccc1)c1ccc(N)cc1,[ 0.18543778  0.2638594  -0.79875094 -0.47733855 -1.        ]
COCCOC(=O)CC#N,[-0.24430847  0.8486999  -0.8952368  -0.9353592  -0.05908149]
FC(F)(F)c1nc2c(Br)cc(Br)cc2[nH]1,[ 0.17186448  0.7666905  -0.98217356 -0.75434756 -0.23872031]
COc1c2ccoc2c(OCC2OC2(C)C)c2oc(=O)ccc12,[ 0.45741534  0.50080514  0.12265763 -0.35322806 -0.02614548]
O=[N+]([O-])c1ccc(Cl)c([N+](=O)[O-])c1,[ 0.43121073  1.         -0.83163905  0.48877746 -0.17402053]
O=[N+]([O-])c1cc(Cl)c(N=Nc2ccc(N3CCS(=O)(=O)CC3)cc2)c(Cl)c1,[-0.11468975  0.4976473   0.14898211 -0.44020385 -0.29097027]
CCOP(=O)(OCC)Oc1ccc(S(C)(=O)=O)c(C)c1,[-0.29732743  0.82235026 -1.         -0.62830603 -0.02297565]
CC(C)Nc1nc(Cl)nc(NC(C)C)n1,[ 0.2824054   0.92658854 -1.         -0.6192339  -0.31734943]
O=C1NC(c2ccc(Br)cc2)Nc2ccccc21,[ 0.32776517  0.9102646  -0.71612495 -0.4971171  -0.32247242]
O=C(CN1CCOCC1)NN=Cc1ccc([N+](=O)[O-])o1,[ 0.3888357   0.70624405 -1.         -0.5827087   0.15822856]
CCOc1cc(OCC)c(C(=O)CCC(=O)O)cc1OCC,[ 0.04951435  0.8712089  -0.6706583  -0.72575617 -0.5284367 ]
CCCSP(C)(=S)OP(C)(=S)SCCC,[-0.16454549  0.8977672  -0.8728418  -0.97782844  0.01168411]
C1=CC2C=CC1C2,[ 0.03271306  0.93806505 -0.8863819  -0.53068316  0.3084053 ]
CC1(C)CC2(NC(=O)N(CCCN3CCC(O)CC3)C2=O)c2cc(F)ccc2O1,[-0.8579087   0.5223114  -1.         -1.          0.65969783]
COc1cc(C2c3cc4c(cc3C(OC3OC5COC(C)OC5C(O)C3O)C3COC(=O)C23)OCO4)cc(OC)c1O,[-0.04877364  0.04122537 -0.57082665 -0.02178918 -0.19822791]
CN1c2ccccc2C(NCCCCCCC(=O)[O-])c2ccc(Cl)cc2S1(=O)=O,[ 0.27379537  1.         -0.6335204  -0.77877     0.12449543]
CCC(=O)O,[-0.30891055  0.7934914  -0.7123044  -0.7037669  -0.37419647]
CN(CCCl)CCCl,[ 0.42573676  0.8168396  -1.         -0.9960556   0.16905007]
CCCCN(N=O)C(N)=O,[ 0.197543    0.4786943  -0.7280327  -0.75013816  0.53015345]
CCCCCCCC[Si](OCC)(OCC)OCC,[ 0.35508937 -0.1614906  -0.500691   -0.34414977  0.28794214]
CC(=O)N[C@H](Cc1ccc2ccccc2c1)C(=O)N[C@H](Cc1ccc(Cl)cc1)C(=O)N[C@H](Cc1cccnc1)C(=O)N[C@@H](CO)C(=O)N[C@@H](Cc1ccc(O)cc1)C(=O)N[C@H](CCCNC(N)=O)C(=O)N[C@@H](CC(C)C)C(=O)N[C@@H](CCCNC(=N)N)C(=O)N1CCC[C@H]1C(=O)N[C@H](C)C(N)=O,[-0.03258748  0.80646294 -0.5242218  -0.7933247   0.80567455]
Cc1ccc(NC(=O)c2ccc(C#N)cc2)cc1-n1cnc2ccc(N3CCN(C)CC3)cc2c1=O,[-0.4772618   0.9111217  -0.68267566 -0.81183016  0.01185975]
CON(C)C(=O)Nc1ccc(Cl)cc1,[-0.4548487   0.76256496 -0.17930022 -0.8463997  -0.2601172 ]
CC1OC(OC2C(O)CC(OC3C(O)CC(OC4CCC5(C)C(CCC6C5CC(O)C5(C)C(C7=CC(=O)OC7)CCC65O)C4)OC3C)OC2C)CC(O)C1O,[-0.14953108  0.40175352 -0.6874242  -0.41181183 -0.05635078]
O=[N+]([O-])OC1COC2C(O)COC12,[-0.1019818   0.7835567  -0.8893834  -1.         -0.43331793]
NC(=O)CF,[-0.4574371   0.8079953  -0.75285786 -0.47614723 -0.11895028]
CCOC(C)COC(C)CO,[ 0.07700878  0.6780803  -0.7075594  -0.24930008 -0.0617388 ]
O=P([O-])([O-])C(O)(Cn1ccnc1)P(=O)([O-])O,[-0.7502856   0.4420439  -0.6746722  -0.01830801  0.08358757]
CNC(=O)c1[nH]cnc1C(=O)Nc1ccc(OC)cc1,[ 0.40303865  0.8854784  -0.52421606 -0.56149846 -0.18813226]
C=CCNC(=S)Nc1ccccc1,[-0.385      -0.99060625 -0.72493464 -0.32517335  0.06467532]
CCOc1ccccc1-c1ccc(-c2nc3ccncc3c(O)c2C#N)cc1,[ 0.46764407  0.73681664 -0.9947397  -0.47651643  0.19226977]
CC(C)(C(=O)O)S(C)(=O)=O,[ 0.3686639   0.58052737 -0.30013463  0.1814117   0.3894515 ]
Cc1ccc2c(c1)c(-c1ccnc3cc(Cl)ccc13)c(C)n2CC(=O)O,"[ 5.5833178e-04  4.5405787e-01  1.4485051e-01 -7.0744085e-01
  3.6146238e-01]"
O=C(NC[C@@H](O)CN1CCC(Oc2ccc(Cl)c(Cl)c2)CC1)c1c[nH]c(=O)c2cc(F)ccc12,[-0.5884348   0.7349052  -0.49601427 -1.          0.43446854]
Cc1c(OC2CCN(CC3CCN([C@@H](Cc4ccc(F)cc4)C(=O)O)CC3)CC2)ccc(C#N)c1Cl,[ 0.24775727  0.84068024 -0.3985739  -0.26007074  0.48754528]
CCS(=O)CCSP(=O)(OC)OC,[ 0.16917904  0.7527167   0.5923858  -0.6436452  -0.130609  ]
CCNC(=O)C=Cc1cccc(Br)c1,[ 0.29109436  0.18022412 -0.94560856 -0.2538201   0.25831935]
OCC(O)C(O)C(O)CO,[ 0.4738162   0.97319156 -0.634523   -0.2925837   0.02740112]
CCOC(=O)CCC1(CCC(=O)OCC)c2ccccc2-c2ccccc21,[-0.09283395  0.08448008 -0.87572557 -0.69470185 -0.31409913]
Oc1c(O)c(-c2c(Cl)c(Cl)c(Cl)c(Cl)c2Cl)c(Cl)c(Cl)c1Cl,[ 0.37334174  0.8007545   0.97287565 -0.15588325 -0.29688707]
CC1(C)SC2C(NC(=O)C(C(=O)[O-])c3ccsc3)C(=O)N2C1C(=O)[O-],[-0.09605248  0.5945814  -0.82538515 -0.5716039   0.1489873 ]
SCCc1cnccn1,[-0.21654342  0.7974519  -0.7639689  -0.70614403  0.5969326 ]
CCC(CC)n1nc(C)c(C(=O)N[C@@H](C)C(C)(C)C)c1NS(=O)(=O)c1ccc(C)cc1,[-0.0754842   0.49480736  0.18109286 -0.58524436 -0.4639995 ]
CCOC(=O)COC(=O)c1cc(Oc2ccc(C(F)(F)F)cc2Cl)ccc1[N+](=O)[O-],[ 0.16311857 -0.31095552 -0.8874401  -0.12863573  0.22084442]
COc1cc(OC)c(S(=O)(=O)N2c3ccccc3CCC2C)cc1NC(=O)CSCC(=O)O,[ 0.07686074  0.982411   -0.806245   -1.         -0.11973243]
CN1CCN(CCCN2c3ccccc3Sc3ccc(Cl)cc32)CC1,[-0.09542739  0.3666979  -0.55456984 -0.5234202  -0.550962  ]
C[C@@](N)(Cc1ccc(O)c(O)c1)C(=O)O,[ 0.04753197  0.7878166  -0.4622051  -0.8405415  -0.22781679]
O=c1c(Cl)c(Cl)cnn1-c1ccccc1,[ 0.37036264  0.90612805 -0.88794625 -0.25161862 -0.17314819]
C=C[Si](OC)(OC)OC,[ 0.11329296  0.7984969  -0.52097124 -0.8177456   0.02353698]
Cc1c(-c2c(C)c(N)c3c(C(C)C)c(O)c(O)c(C=O)c3c2O)c(O)c2c(C=O)c(O)c(O)c(C(C)C)c2c1N,[-0.12578288  0.88035756  0.10140983 -0.61525583 -0.10202323]
CC#CCC(C)C(O)C=CC1C(O)CC2Oc3c(CCCC(=O)O)cccc3C21,[ 0.17349531 -0.25626954 -0.5019529  -0.35255775  0.07401194]
CCCCc1c(OC(=O)c2cc(OC)c(OC)c(OC)c2)n(-c2ccccc2)n(-c2ccccc2)c1=O,[ 0.00129639  0.8677779  -0.6837063  -0.92297584 -0.07731032]
CN(C)CCC=C1c2ccccc2CCc2ccccc21,[-0.10057802  0.6830992  -0.4006683  -0.5214487   0.57830197]
CC(C)(C)OC(=O)N1CCN(c2ncc(OCc3ccncc3)cn2)CC1,[ 0.11332619  0.8861169  -0.41638052 -0.38974464 -0.24054362]
C=CCOc1ccccc1C(N)=O,[ 0.25954875  0.91586995 -0.6517362  -0.87920356 -0.2932966 ]
NS(=O)(=O)c1cc2c(cc1Cl)NCNS2(=O)=O,[ 0.18571547  0.23470308 -0.70643604 -0.85682774  0.4611683 ]
CC(C)=CC1C(C(=O)OC(C#N)c2cccc(Oc3ccccc3)c2)C1(C)C,[-0.08242959  0.57252514 -0.87024146 -0.48624134  0.37412718]
Cc1cnc(C(=O)c2ncnc3[nH]ccc23)c(NS(=O)(=O)c2ccc(Cl)c(C(F)(F)F)c2)c1,[-0.59576476  0.7644726  -1.         -0.63550216  0.18716057]
COc1ccc(CC2c3cc(OC)c(OC)cc3CCN2C)cc1OC,[ 0.23855135  1.         -0.9922001  -0.8041203   0.5692084 ]
COc1cc(C=CC(=S)N2CCOCC2)cc(OC)c1OC,[ 0.63868666 -0.17492524 -0.3619971  -0.48384017 -0.19273521]
CC(C(=O)O)c1ccc(CC2CCCC2=O)cc1,[ 0.39336693  0.80952233 -0.5570855  -0.5948395   0.05479734]
CCCCC(C)(C)CO,[ 0.25138232  0.6802671  -0.7732299  -0.77894634  0.38423586]
COc1cc2nc(N3CCN(C(=O)c4ccco4)CC3)nc(N)c2cc1OC,[ 0.512228    0.8095829  -0.81502414 -0.7211636  -0.06788377]
CC(=O)OC(C)(C)C1CC=C(C)CC1,[ 0.31832168  1.         -0.55841935 -0.74144346 -0.14430898]
CC(C)c1cccc(OC(=O)N(C)C)c1,[-0.17449479  0.3673136  -0.34798124  0.15265213 -0.03260414]
FC(F)=C(F)CCSc1ncccn1,[ 0.4652761   0.59052557 -1.         -0.42304364  0.90954953]
CCN(CC)c1ccc2cc(C(=O)NC3(C(=O)N[C@H](Cc4ccccc4)C(=O)NCC4CCN(CC5CCOCC5)CC4)CCCC3)sc2c1,[-0.15497655  0.6466766  -0.7506784   0.86174226 -0.32272896]
CCN(CCO)C(=O)c1oc2cccnc2c1-c1cccc(C(F)(F)F)c1,[ 0.26173997  0.6265809   0.07365724 -0.31628117 -0.02685813]
COCCOCCOC(C)=O,[ 0.5996944   0.79278296 -0.47265667 -0.36123666 -0.16216913]
OCC(O)CO,[ 0.3235969   0.84326065 -1.          0.24363372 -0.02294179]
CC1NC(=S)NC1=O,[ 0.2645355  0.910575  -0.736707  -0.8767666  0.5586477]
COP(=S)(OC)Oc1ccc(C#N)cc1,[ 0.4632134   0.05087311 -0.9780345  -0.75550544  0.30472285]
CCCCCCCc1ccccc1O,[ 0.47989678  0.55603343 -0.68278635 -0.7350351  -0.6004544 ]
Oc1ccc2[nH]c(C(F)(F)F)nc2c1,[-0.01697416  0.75945365 -0.61739373 -0.6601862  -0.24103129]
COC(CN1CCN(CCC(O)c2ccccc2)CC1)c1ccccc1,[-0.0565333   0.5368212  -0.98306024 -0.85429996 -0.24735248]
CC=Cc1ccc(OCc2ccccc2)c(OC)c1,[ 0.48956898  0.6334941  -0.7919479  -0.44683272 -0.4359405 ]
O=C(Cl)CCl,[ 0.5325424   0.60565215 -0.82048106 -0.65415335 -0.4587354 ]
CCOC(=O)c1c(C)cc2c(CO)n[nH]c(=O)c2c1C,[ 0.24356541  0.3583372  -0.31802636 -0.8271119   0.04867268]
CCCCCc1ccccc1O,[ 0.5341388   0.9776718  -0.82969856 -0.8325577  -0.21697646]
CN(C)CC=C(c1ccc(Br)cc1)c1cccnc1,[ 0.01222956  0.72809196 -0.5858838  -0.9016051  -0.2719425 ]
Clc1ccc(C(OCCN2CCCCC2)c2ccccc2)cc1,[ 0.45090038  0.7865162  -0.818689   -0.7716385  -0.22397049]
FC(F)(F)c1nc2c(Cl)c(Cl)cc(Cl)c2[nH]1,[ 0.17707708  0.39966324 -0.6283396  -0.7012775  -0.49516007]
NCCCNCCSP(=O)(O)O,[ 0.49300885  0.4463627  -1.         -0.6477117  -0.49569032]
c1ccc2sc(SNC3CCCCC3)nc2c1,[ 0.4622566   0.71742904 -1.         -0.35178724 -0.16822533]
O=P(O)(O)C(O)(Cn1ccnc1)P(=O)(O)O,[-0.34779668  0.74633145 -1.         -0.80158997  0.03615101]
Cc1cc(-n2cccc2)c(S(C)(=O)=O)cc1C(=O)NC(=N)N,[ 0.4142286   0.9715444  -0.9765632  -0.38659582 -0.4779194 ]
CCC1OC(=O)C(C)C(=O)C(C)C(OC2OC(C)CC([NH+](C)C)C2O)C(C)(OC)CC(C)C(=O)C(C)C2N(CCCCn3cnc(-c4cccnc4)c3)C(=O)OC12C,[-0.3805366   0.88648874 -0.94059896 -0.9132739  -0.27517965]
C[Si](C)(Cl)Cl,[ 0.4300054   0.90187824 -0.72957075 -1.         -0.31172526]
CC(C)CCI,[ 0.4230229   0.7746545  -0.4726504  -0.47599015 -0.04815804]
C=CC(=O)OCC(CC)CCCC,[-0.00583278  0.56865036 -0.6294514  -1.         -0.20399448]
CCCCCC(O)C=CC1C(O)CC(O)C1CC=CCCCC(=O)O,[ 0.11261207 -0.46268004 -0.9744941  -0.5057749   0.90967554]
C[C@@H](NC1=CC(=O)CNC1)c1ccc(Nc2ncc3cc(-c4ccncc4)ccc3n2)cc1,[ 0.3236599   0.76336753 -0.7225659  -0.6256663   0.40666744]
CC(C)=CCOC(=O)c1ccccc1,[ 0.19511786  0.9002333  -0.6470451  -0.7322554  -0.1936716 ]
Cc1cc(Cl)ccc1OCCCC(=O)O,[ 0.23416752  0.8223542  -0.8427221  -0.8481211  -0.23298445]
O=C(CCl)OCCOCCO,[-0.29827425  0.40267682 -0.97467786 -0.7569916   0.00977674]
COc1cc(OC)c(S(=O)(=O)NCc2ccccc2N2CCCCC2)cc1NC(=O)CCC(=O)O,[ 0.47953433  0.5798128  -0.6894867  -0.40747768 -0.14441688]
CCCCCCCC(=O)N[C@@H](CCN)C(=O)N[C@H](C(=O)N[C@@H](CCN)C(=O)N[C@H]1CCNC(=O)[C@H]([C@@H](C)O)NC(=O)[C@H](C)NC(=O)[C@H](CCN)NC(=O)[C@H](CC(C)C)NC(=O)[C@@H](Cc2ccccc2)NC(=O)[C@H](CCN)NC1=O)[C@@H](C)O,[ 0.4022511  -0.7015393  -0.9030522  -0.9904356  -0.19761303]
Cc1cccc(N)c1C,[ 0.3570101   0.8574951  -0.7464353  -0.2669523  -0.02617265]
CC(=O)OCc1ccc(C(C)C)cc1,[-0.3716883   0.92270666 -0.82146156 -0.78762907 -0.00783164]
COc1cc2ncnc(Nc3ccc(F)c(Cl)c3)c2cc1NC(=O)/C=C/CN1CCCCC1,[ 0.25080043  0.79451054 -0.6367707  -0.5744988  -0.35184446]
CN(SSC(C)(C)C)C(=O)ON=C1SCCS1,[ 0.43997747  0.69943744 -0.6096639   0.4616379   0.21140628]
CCOc1ccccc1C(=O)NN=C(C)C(=O)O,[-0.18293767  0.7949276  -0.911873   -0.67592233 -0.08624393]
CC(O)c1cccc(N)c1,[ 0.58386576  0.8898931  -0.98795366 -0.10485858 -0.3368462 ]
CCOC(=O)Cl,[ 0.2773931  -0.28943536 -0.4034599  -0.70207214 -0.06512014]
FC1(F)CC(C2CC3(Cl)C(Cl)=C(Cl)C2(Cl)C3(Cl)Cl)C1(F)F,[ 0.29038328  0.6678028  -1.         -0.5399858  -0.5242764 ]
CC(C)(O)c1ccc(Nc2nc3ccc(C#N)cc3[nH]2)cc1,[ 0.2945697  -0.5365525  -0.8276739  -0.2727262   0.21145637]
Nc1c(CC(=O)[O-])cccc1C(=O)c1ccc(Br)cc1,[ 0.33158636 -0.74106944 -0.82293946 -0.96569145 -0.00125391]
CCCCCC(=O)O,[ 0.4123359   0.75228333 -0.9508036  -0.7574994  -0.0730945 ]
CCCC(=O)OC1(C(=O)COC(=O)CC)CCC2C3CCC4=CC(=O)CCC4(C)C3C(O)CC21C,[-0.17668085  0.8560384  -0.67068386 -0.47581047  0.58695203]
OCCCCC(O)CO,[ 0.23139925  0.7516732  -0.816344   -0.7224412   0.37509772]
CCNc1nc(NCC)nc(OC)n1,[ 0.07349612  0.68367076 -1.         -0.88061625  0.02440882]
CN(C)S(=O)(=O)N(SC(F)(Cl)Cl)c1ccccc1,[ 0.46208578 -0.71248853 -0.7378424  -0.30828124  0.24785222]
CCCCOC(=O)CC(SC(CC(=O)OCCCC)C(=O)OCCCC)C(=O)OCCCC,[-0.02362264  0.5954685  -0.42128417 -0.41534513  0.21946765]
CCCOP(=O)(SCCC)SCCC,[ 0.039888    0.7088522  -0.16777161 -0.7489963  -0.1012166 ]
O=C(c1ccccc1)c1cccc2c1CCC2C(=O)O,[ 0.1871023   0.8659359  -0.96891385 -0.6107818  -0.06540902]
CCCc1nnc(CSP(=S)(OCC)OCC)o1,[ 0.3743453   1.         -0.9590606  -0.4432333  -0.06167154]
Cn1c(C(=O)NC2(C(=O)N[C@H](Cc3ccccc3)C(=O)NCCCN3CCOCC3)CCCC2)cc2ccccc21,[ 0.46521586  0.9133379  -0.60366255 -0.30690232 -0.20194627]
CCC(C)C(CC)C(N)=O,[ 0.22292396  1.          0.8455595  -0.6068451  -0.22828399]
O=C1c2cccc(S(=O)(=O)O)c2C(=O)c2c1cccc2S(=O)(=O)O,[ 0.10315126  0.6091361  -0.6315372  -0.78326875 -0.342853  ]
CC#CCC(C)C(O)/C=C/C1C(O)CC2C/C(=C/CCCC(=O)[O-])CC21,[-0.19215006  0.75093627 -0.7113479  -0.5523789   0.2656519 ]
Cc1cn([C@H]2CCCN(S(=O)(=O)c3ccc(C(N)=O)c(Oc4cccc(Cl)c4)c3)C2)c(=O)[nH]c1=O,[-0.14272247  0.88173974 -1.         -0.85897875 -0.21557105]
CCC(CC)(C(=O)O)c1cccc2ccccc12,[-0.09825812  0.8628748  -0.9066897  -0.79879034  0.08551864]
CN(C)c1ccc(C(O)(c2ccc(N(C)C)cc2)c2ccc(N(C)C)cc2)cc1,[ 0.45098874 -0.19628574 -0.9859964  -0.70130676  0.06648269]
O=[N+]([O-])c1ccccc1Cl,[ 0.25433525  0.8278709  -0.7718174  -0.7220066  -0.2766141 ]
Cc1ncsc1C(=O)N(Cc1cc(=O)[nH]c2c(F)cccc12)c1cccc(Cl)c1,[ 0.3767411   0.9122827  -1.         -0.67018515  0.18881255]
CC(C)Oc1ccc2c(=O)c(-c3ccccc3)coc2c1,[ 0.53730345  0.7961388  -0.9803374  -0.62481743 -0.14039382]
CCOC(=O)C=Cc1ccc2c(c1)OCO2,[ 0.13794102  0.79930747 -0.86193454 -0.8513467  -0.272366  ]
NNC(=O)c1ccncc1,[-0.7792552   0.69978756 -0.02452732 -0.9124     -0.33298317]
C=C(C)c1cccc(C(C)(C)N=C=O)c1,[ 0.14752579  0.8251897  -0.61434793 -0.7686246   0.04073549]
Nc1ccc(N)cc1,[ 0.19843787  0.6327105  -0.5147221  -0.6763979  -0.11177072]
OCCNCCOc1ccc(C(=C(c2ccccc2)C(F)(F)F)c2ccccc2)cc1,[ 0.09383117  0.83852684 -0.8134727  -0.31762987  0.21135256]
C[C@@H](N/C(=N\c1ccncc1)NC#N)C(C)(C)C,[-0.25356367  0.6926333  -0.78343433 -0.7897112  -0.5104661 ]
Cc1ccn(C(=O)NCCCCCCCl)n1,[ 0.40278316  0.06115213 -1.         -0.50477785  0.8151411 ]
CCOP(=O)(Cl)Cl,[ 0.34570518  0.88977194 -0.76426834 -0.41904104 -0.11687517]
O=C(OCC(COC(=O)c1ccccc1)(COC(=O)c1ccccc1)COC(=O)c1ccccc1)c1ccccc1,[ 0.53685    -0.3357775  -0.89750326 -0.83475125  0.01221093]
CC(CO[N+](=O)[O-])(CO[N+](=O)[O-])CO[N+](=O)[O-],[ 0.15728608  0.60071725 -0.75094086 -0.85141885 -0.20574085]
Cc1c(C(C)C)c(=O)n(-c2ccccc2)n1C,[ 0.18844624  0.586573   -0.7155908  -0.98753923  0.8775955 ]
CC(=O)NC(CS)C(=O)[O-],[-0.02744032  0.46465927 -0.77701986 -0.9233894  -0.19241348]
COc1nccnc1NS(=O)(=O)c1ccc(N)cc1,[ 0.73025966  0.85639995 -0.89767945 -0.76979226 -0.14099099]
C=CC(=O)OCCOC(=O)CC(C)=O,[ 0.16536142  0.81607455 -0.76217705 -0.2673963   0.43818444]
Nc1nc(O)c(Cl)c(-c2ccccc2)n1,[-0.43048397  0.68194187 -0.9513207  -0.8058871  -0.21275407]
C[NH+]1CCc2cccc3c2C1Cc1ccc(O)c(O)c1-3,"[ 1.5723269e-01  7.3839986e-01 -1.0000000e+00 -8.9770716e-01
  1.0085509e-04]"
O=C(O)C1N=C(c2ccccc2)c2cc(Cl)ccc2NC1=O,[-0.4385044   0.6319838  -0.62322515 -0.89054793  0.11623038]
CN(C)N=Nc1ccc(I)cc1,[-0.2924476  -0.43719113 -0.6727516  -0.73197746 -0.01408611]
Cc1ccc(N=CN(C)SN(C)C=Nc2ccc(C)cc2C)c(C)c1,[ 0.47714683  0.9226482  -0.89896256 -0.24778609  0.09347077]
CN1CCCCC1CCN1c2ccccc2Sc2ccc(S(C)=O)cc21,[ 0.2133858  -0.59999    -0.6603344  -1.          0.32528028]
CC(C)c1cc(Oc2ccccc2)cc(C(C)C)c1NC(=S)NC(C)(C)C,[ 0.23379067  0.78915894 -0.8360827  -0.4497371  -0.40599245]
O=NN1CCCCC1,[-0.24703984  1.         -0.80091774 -1.          0.5487445 ]
Cc1cccc(C)c1NC(=O)C1CCCC[NH+]1C,[ 0.36940512  0.8848276  -0.9190749  -0.64249486  0.49351206]
CCOC(=O)C(C)Oc1ccc(Oc2nc3ccc(Cl)cc3s2)cc1,[ 0.3229321  -0.45902783 -0.580613   -0.9654046   0.20679072]
Cc1ccc([N+](=O)[O-])cc1,[ 0.42479974  0.67531836 -0.9862694  -0.9144289  -0.01538674]
C(Oc1nc(OCC2CO2)nc(OCC2CO2)n1)C1CO1,[ 0.1503589   0.8134754  -0.276219   -0.8483245  -0.16517273]
CCOP(=S)(OCC)OC(=CCl)c1ccc(Cl)cc1Cl,[ 0.71254796  0.16970885 -0.94581676  0.86650056  0.23871197]
CC(=O)NCCCS(=O)(=O)[O-],[ 0.39411467  0.44123304 -0.46837997 -0.5752327  -0.20421664]
CC1CCCCN1N=O,[ 0.1547492   0.7834079  -0.9662411  -0.73112184 -0.08794891]
COc1ccc(Oc2ccc(NC(=O)N(C)C)cc2)cc1,[ 0.27899307  0.75730795  0.12507367 -0.57935035 -0.30119553]
O=C(O)COc1ccc(Cl)cc1CN1CCN(S(=O)(=O)Cc2ccccc2)CC1,[ 0.3955713   0.6227099  -0.53549546 -0.15569332 -0.67509294]
Cc1cccc(C)c1O,[ 0.42493615  0.7366001  -0.70898485 -0.104461   -0.33033505]
COP(=S)(OC)SCC(=O)N1CCOCC1,[ 0.45793623  0.5729975  -0.5770754  -0.6787849   0.08835052]
Cc1cccc([N+](=O)[O-])c1[N+](=O)[O-],[ 0.6272521   0.6677163  -0.7895322  -0.6349159   0.00677521]
CC1=C2C[C@H]3[C@@H](CC=C4C[C@@H](O)CC[C@@]43C)[C@@H]2CC[C@]12O[C@@H]1C[C@H](C)CN[C@H]1[C@H]2C,[-0.49190527  0.8769945  -0.6755476  -0.67068845 -0.24966773]
C=CC[NH+]1CCCC1CNC(=O)c1cc2n[nH]nc2cc1OC,[0.06371941 0.43699548 0.35276273 0.39835796 0.4800629 ]
Clc1ccc(Cl)c(Cl)c1,[-0.36838743  0.8663708  -0.82932353 -0.7806752   0.5356433 ]
CCc1nc2cc(O)ccc2c(Oc2ccc(/C=C/C(=O)O)cc2)c1-c1ccccc1,[-0.02467797  0.78258693 -1.         -0.61428624  0.42326948]
CCC(C)OC(CBr)c1ccc(Cl)cc1,[ 0.3396303   0.60166824 -0.85263836 -0.70854765  0.5379983 ]
CC(=O)OC12COC1CC(O)C1(C)C(=O)C(O)C3=C(C)C(OC(=O)C(O)C(NC(=O)OC(C)(C)C)c4ccccc4)CC(O)(C(OC(=O)c4ccccc4)C21)C3(C)C,[ 0.16113403  0.5730761  -0.6721583  -0.96962535 -0.32483476]
CCC(=O)OC1C(C)OC(OC2C(C)OC(OC3C(CC=O)CC(C)C(O)C=CC=CCC(C)OC(=O)CC(OC(C)=O)C3OC)C(O)C2N(C)C)CC1(C)O,[-0.26301354  0.8455294  -0.8410616  -0.81585175 -0.1811293 ]
O=C(CCCN1CCC(O)(c2cccc(C(F)(F)F)c2)CC1)c1ccc(F)cc1,[ 0.11400217  0.76946026 -1.         -0.8049984  -0.0776048 ]
CN1CCC(=C2c3ccccc3Sc3ccccc32)CC1,[ 0.18519464  0.8470409  -0.83701277 -0.6704092  -0.08753272]
Cc1cc(Nc2cncc(N[C@@H](C)c3ccc(F)cn3)n2)n[nH]1,[ 0.3134352  -0.79873735 -0.31035087 -0.23850961 -0.13298714]
CCOP(=O)(O)O,[-0.39384797 -0.3462704  -0.8605361  -0.5241497  -0.41216558]
C=CCn1c(N)cc(=O)n(CC)c1=O,[ 0.07308264  0.8868518  -0.7352267  -0.87359977  0.2676591 ]
O=S1(=O)CCN(c2ccccc2)CC1,[-0.08533335  0.7097187  -0.7061648  -0.6454173   0.36760032]
CCOC(=O)c1noc(C)c1C(C)=O,[ 0.5656625  -0.33495077 -1.         -1.          0.02157709]
C=CC(=O)OCCOCCC#N,[ 0.0987839   1.         -1.         -0.8334581  -0.35002178]
COc1cnc(-c2ccccc2C(F)(F)CNC(=O)c2ccc(COCC(F)(F)F)nc2)cn1,[-0.1299383   0.11496724 -0.35733137 -1.          0.07227321]
CCOc1ccc([C@@H](C)Nc2nc(N3CCN(C(C)=O)CC3)nc3c2CN(C(C)C)C3=O)cc1,[-0.6896584   0.14438021 -0.445395   -0.6082786  -0.22703539]
C=C(OP(=O)(OC)OC)P(=O)(OC)OC,[ 0.19189754  0.91409326 -0.5838789   0.13795014  0.31547093]
O=CC=CC1CO1,[ 0.06635755  0.81990516 -0.6824178  -0.8113011  -0.17896818]
CN(C)CCCNCCCN(C)C,[-0.09434641 -0.67040783 -0.7071208   0.27489558  0.7995461 ]
O=C(Nc1ccc(Cl)c(C(=O)Nc2cccnc2)c1)c1cccc(C(F)(F)F)c1,[ 0.49678078  0.89164066 -1.         -0.3718127  -0.4177816 ]
CCCSP(C)(=S)SC(CC(=O)OCC)C(=O)OCC,[-0.23009719  0.80666316 -0.7447588  -0.6765781   0.04715538]
O=Cc1cccc2ccccc12,[-0.23964572 -0.29454523 -0.9013033  -0.9807719   0.13408713]
NCCNCc1ccccc1O,[-0.42534652  0.940988   -0.8146717  -0.22331361 -0.13625409]
CN(CC=CC#CC(C)(C)C)Cc1cccc2ccccc12,[ 0.09214059  0.95829785 -0.84505945 -0.8103244  -0.08200826]
CCN(CC)CCCCCCCCCCNC(=O)Oc1ccc2c(c1)C1(C)CCN(C)C1N2C,[ 0.28748307  1.         -0.23248339 -0.43741217  0.26524264]
COCC(=O)O[C@]1(CCN(C)CCCc2nc3ccccc3[nH]2)CCc2cc(F)ccc2[C@@H]1C(C)C,[-0.07844286  0.7606147  -0.3262423   0.7096035  -0.5014207 ]
CN(C)CCOCCOCCN(C)C,[-0.12287574  0.78972924 -0.9752176  -0.9978693  -0.14028606]
O=[N+]([O-])c1nccs1,[ 0.09947419  0.8934352  -0.9523591  -0.93258274 -0.38161224]
CC=CC=CC=O,[ 0.33621332  0.48467937 -0.38922492 -0.22971772 -0.45786446]
COc1cc(Nc2nc(N[C@@H](C)c3ncc(F)cn3)ncc2Br)n[nH]1,[ 0.39190313  0.9176375  -0.22250937 -0.7242225  -0.43915978]
c1ccc(OP(Oc2ccccc2)Oc2ccccc2)cc1,[ 0.5702063   0.8091541  -0.828485   -0.32769045 -0.25180972]
C[C@H](CO)Nc1nc(SCc2cccc(F)c2F)nc2[nH]c(=O)cnc12,[ 0.31434608  0.8485056  -0.64311194 -0.6743317  -0.03092205]
CC(O)C(=O)Nc1c(I)c(C(=O)NC(CO)CO)c(I)c(C(=O)NC(CO)CO)c1I,[ 0.350918    0.53083265  0.13765013 -0.5543802  -0.2836577 ]
O=c1c2nocc2c(-c2ccccc2)nn1-c1ccccc1,[-0.6927702  0.8967027 -0.7612743 -0.8704471  0.2953656]
CCCCSN(C)C(=O)Oc1cccc2c1OC(C)(C)C2,[ 0.36238495  0.7620398  -0.39334202 -0.7900569   0.07104821]
CCCCCCCCCCCCCCCCCCOP(=O)([O-])OCC[N+]1(C)CCCCC1,[ 0.13121675 -0.8944994  -0.5025265  -0.33137754 -0.2592587 ]
CC1=C(CC(=O)O)c2cc(F)ccc2C1=Cc1ccc(S(C)=O)cc1,[ 0.4016644   0.81108797 -0.7517022  -0.34137315 -0.35125637]
O=c1[nH]c2ccccc2n1CCC[NH+]1CCC(n2c(=O)[nH]c3cc(Cl)ccc32)CC1,[ 0.01788406 -0.1459661   0.8978633  -0.41838756 -0.42320296]
COc1cc2ncc(C(N)=O)c(Nc3cccc(Cl)c3Cl)c2cc1N1CCN(C)CC1,[-0.2853862   0.7359754  -0.78503966 -0.8612243  -0.29624507]
CC(=O)Oc1cc(C(F)(F)F)ccc1C(=O)O,[-0.12721187  0.7439153  -0.80518174 -0.45835352 -0.18453445]
Cc1cc(Cl)ccc1OCC(=O)O,[ 0.12618092  0.78913474 -0.9452454  -0.9192277  -0.41302505]
CCCCC(CC)OCCOCCO,[ 0.34061664  0.73402023 -0.7647347  -0.594945    0.10918543]
CC[C@H]1NC(=O)[C@@H](NC(=O)c2ncccc2O)[C@@H](C)OC(=O)[C@H](c2ccccc2)NC(=O)[C@@H]2CC(=O)[C@H](CS[C@@H]3CN4CCC3CC4)CN2C(=O)[C@H](Cc2ccc(N(C)C)cc2)N(C)C(=O)[C@@H]2CCCN2C1=O,[-0.09324053 -0.86784786 -0.73132294 -0.7700914   0.04307871]
O=C(O)CCC(=O)OC1CCCCC1,[ 0.27273232  0.95254534 -0.49518254 -0.63822603 -0.5072562 ]
[NH3+]CC1CCC(C(=O)[O-])CC1,[ 0.1493331   0.9051855  -0.4249576  -0.3621945  -0.20820531]
C[NH2+]C(C)Cc1ccccc1,[-0.19628733 -0.01653156 -1.         -0.66851556  0.37741557]
C=C(C)C(=O)OC=C(C)C,[ 0.26571897 -0.8671718  -0.768663   -1.         -0.34452417]
CN(C)N=Nc1nc[nH]c1C(N)=O,[ 0.07290434 -0.3158702  -0.9787746  -0.95542514 -0.02200472]
COCCOCc1ccccc1,[-0.09739478  0.93985534 -0.8462768  -0.69433236  0.04387953]
C=CS(=O)(=O)CCCCCC,[ 0.18770583  0.9474167   0.64823157 -0.7966539   0.34260207]
Cc1cc(C(=O)c2ccccc2)ccc1N,[-0.9494472   0.589576   -0.4516565  -0.7726455   0.53127986]
Cc1cc(OC(=O)N(C)C)n(-c2ccccc2)n1,[-0.21064961  0.8996853  -0.92242473 -0.68298674 -0.2047262 ]
CCCN(N=O)C(N)=O,[ 0.01259305  0.73100954 -0.6691069  -1.         -0.27709922]
CN1C[C@@H]2c3ccccc3Oc3ccc(Cl)cc3[C@H]2C1,[ 0.21539398 -0.14708947 -0.8952352  -0.49631575 -0.2798616 ]
CCC(c1ccccc1)c1c(O)c2ccccc2oc1=O,[ 0.17043641  0.90084034 -0.8967419  -0.998849   -0.16092254]
CCN(CC)c1ccc2c(C)cc(=O)oc2c1,[ 0.503804    0.31141108 -0.6349166  -0.685718    0.4957674 ]
CCCSP(=S)(OC)SCCC,[ 0.3062453   0.80426526 -0.83463174 -0.4505432   0.05249984]
c1cc2c(c(N3CC[NH2+]CC3)c1)OCCO2,[ 0.49422482  0.52334416 -0.24583033 -0.35188493 -0.03579963]
COc1cc(OC)c(C(=O)CCCN2CCCC2)c(OC)c1,[ 0.3503926   0.7333095  -0.5817522  -0.5793685  -0.37885293]
C=CC(=O)OCCc1ccc(CC)cn1,[-0.03791026  0.9103678  -0.59996    -0.295038    0.21934605]
CC(NC(C)c1ccccc1)c1ccccc1,[ 0.07587724  0.6706329  -0.18995629 -0.8116733  -0.03308253]
CNC(=O)Oc1cc(C)c(N(C)C)cc1C(C)C,[ 0.6169754   0.82489675 -0.7996046  -0.2733071  -0.43022937]
CC#CN(CC)CC,[ 0.3202312   0.73036027 -0.8563718  -0.64912444 -0.22324553]
COc1cc2c3cc1Oc1cc(ccc1O)CC1c4c(cc(OC)c(O)c4Oc4ccc(cc4)CC3[NH+](C)CC2)CC[N+]1(C)C,[ 0.24670126  0.85427326 -0.5665385  -0.7208604  -0.22834826]
O=C(Nc1ccccc1-c1ccccc1)OC1CCN(CCCCCCCCCNC[C@H](O)c2ccc(O)c3[nH]c(=O)ccc23)CC1,[-0.32951608  0.8602824  -0.833956   -0.7110718  -0.28740665]
O=C(O)c1cccc(Cl)n1,[ 0.071114   -0.75925744 -0.72026163 -0.8827745   0.20340018]
COc1cc(OC)c(S(=O)(=O)NCc2ccccc2N2CCC(COC(=O)CCC(=O)O)CC2)cc1NC(=O)CCC(=O)O,[-0.12083273  0.86897385 -0.9144616  -0.9441751  -0.44727585]
Cc1ncc(CS)c(CO)c1O,[-0.11618658  0.6316431  -0.8741192  -0.848201   -0.14752571]
C[C@@H]1NC(=O)[C@@H](C)NC(=O)[C@H](C)N(C)C(=O)[C@@H](C)N(C)C(=O)[C@@H](C)NC(=O)[C@H](C)N(C)C1=O,[-0.1827574   0.8510097  -0.5988945  -0.8200296   0.06123249]
CC=CC(C)=O,[ 0.32964724  0.8660136  -1.         -0.7363589  -0.5260183 ]
O=c1cc(N2CCOCC2)nc2n(Cc3cccc(Cl)c3Cl)ccn12,[ 0.29313433  0.42434484 -0.02640172 -0.14450982 -0.22314848]
O=[N+]([O-])c1ccc(Nc2ccccc2)c(S(=O)(=O)O)c1,[ 0.09050973  0.11632294 -0.38311017 -0.9559633   0.24284525]
N#Cc1ccc(F)c(-c2cc(C(F)(F)F)ccc2OCC(=O)O)c1,[ 0.14994022  0.89194167 -0.9136002  -0.67811316  0.04215429]
O=C(O)CCC(=O)O,[ 0.02431458  0.67634827 -0.844234   -0.41788062  0.69835657]
O=[N+]([O-])c1cc(Cl)ccc1Cl,[ 0.2074003   0.7724146   0.28626877 -0.29174954  0.2801469 ]
CCOP(=S)(OCC)Oc1cc(-c2ccccc2)on1,[ 0.3239476   0.74775344 -0.7009329  -0.09532591  0.2949133 ]
Cc1cc(=O)cc(-c2ccccc2)o1,[ 0.49594802  0.67366374 -0.7506379  -0.4570251  -0.01907657]
O=C(Cc1ccc(Cl)c(C(F)(F)F)c1)Nc1cccc2c(=O)n(CCO)ccc12,[ 0.5594366   0.47362772 -0.6141324  -0.7728062  -0.57800734]
CC1(C)C(C=C(Cl)Cl)C1C(=O)OCc1c(F)c(F)c(F)c(F)c1F,[ 0.37596476  0.8970585  -1.         -0.92755604 -0.06010903]
CCN(CC)CCNC(=O)c1cc(Br)c(N)cc1OC,[ 0.09934688  0.8146481  -1.         -0.71371853 -0.27465767]
CCN[C@@H]1C[C@H](N)[C@@H](O[C@H]2OC(CN)=CC[C@H]2N)[C@H](O)[C@H]1O[C@H]1OC[C@](C)(O)[C@H](NC)[C@H]1O,[ 0.34439206  0.75248486 -0.66932917 -1.         -0.06263168]
COCc1ccc2c(C(C(=O)NS(=O)(=O)c3ccc(C)cc3OC)c3ccc4c(c3)OCO4)cn(C)c2c1,[ 0.2066927  -0.51949334 -0.6795149  -0.8103282  -0.7748015 ]
CCCCOC(=O)c1ccc(-n2nc(OCCN3CCCCC3)c3ccccc32)cc1,[-0.45900688  0.9290828  -0.22037967 -1.          0.16565876]
CN(C)CCC(c1ccc(Cl)cc1)c1ccccn1,[ 0.38430747  1.         -0.6846488   0.16571109 -0.48747683]
CC(=O)CCCCCCCC(=O)O,[ 0.20374085  0.815189   -0.78024864 -0.01539288 -0.15365978]
CCCP(=O)(CCC)CCC,[-0.10216574  1.         -0.7822092  -1.         -0.16025147]
C#CC(C)(C)O,[ 0.48979792  0.53161144 -0.8307532   0.09173991 -0.07836965]
COP(=S)(OC)Oc1cc(Cl)c(Cl)cc1Cl,[ 0.01797104  0.91008025 -0.6743112  -0.63209057 -0.35129398]
CC(C)c1cccc(C(C)C)c1O,[ 0.33168924  0.6766856  -0.70745784 -0.7374933  -0.4786255 ]
C=CCN(C(=O)Cn1nc(C)ccc1=O)C(C)Cc1ccccc1,[ 0.5195561   0.5806991  -0.9333506  -0.74124414 -0.4274969 ]
COP(=S)(OC)Oc1nc(Cl)c(Cl)cc1Cl,[ 0.05410979  0.66473764 -0.8205085  -0.7299563  -0.21839152]
Cc1cc(=O)nc(SCc2ccccc2N(C)C)[nH]1,[-0.24673407  0.78782475 -0.8421641  -1.         -0.20125735]
O=[N+]([O-])C(CO)(CO)CO,[ 0.48726118  0.0769133  -1.         -0.7071813   0.10589767]
Nc1cc(Cl)ccc1O,[ 0.73820955  0.93735045  0.58323437 -0.42104563 -0.2462924 ]
C=CC(=O)OC1CC2CCC1C2,[ 0.15584815 -0.484945   -0.6545301  -0.5487811  -0.03535242]
CCOC(=O)CCN(Cc1ccccc1)SN(C)C(=O)ON=C(C)SC,[-0.2251603   0.95608366 -0.88864833 -0.8496229   0.00639932]
CN1CN(CCO)CSC1=S,[ 0.2757776   0.6697311  -0.9514076  -0.7252986   0.16804145]
CCCCCCCCC1OC1CCCCCCCC(=O)OCC1(CC)OC1CCC,[ 0.04710943 -0.26769802 -0.7154583  -0.57164115 -0.31125692]
Cc1cnc(NCCCN(C)C)c2c1[nH]c1ccc3cc(O)ccc3c12,[ 0.29121286  0.8624607   0.38180366 -0.4728826   0.14164181]
CN[C@H](CC(C)C)C(=O)N[C@H]1C(=O)N[C@@H](CC(N)=O)C(=O)N[C@H]2C(=O)N[C@H]3C(=O)N[C@H](C(=O)N[C@H](C(=O)O)c4cc(O)cc(O)c4-c4cc3ccc4O)[C@H](O)c3ccc(c(Cl)c3)Oc3cc2cc(c3O[C@@H]2O[C@H](CO)[C@@H](O)[C@H](O)[C@H]2O[C@H]2C[C@](C)(N)[C@H](O)[C@H](C)O2)Oc2ccc(cc2Cl)[C@H]1O,[ 0.25193292  0.8137948  -0.6799986  -0.4984122   0.33487156]
Clc1ccc(OCOc2ccc(Cl)cc2)cc1,[ 0.6492586   0.5153512  -0.6102413  -0.24243131  0.15535739]
CN(c1ccc(F)cc1F)c1c([N+](=O)[O-])cc([N+](=O)[O-])cc1C(F)(F)F,[ 0.31096512  0.8331829  -0.53585607 -0.65004206  0.86046726]
CC1CC(=O)NN=C1c1ccc([N-]N=C(C#N)C#N)cc1,[ 0.27800754  0.43616015 -0.63680375 -0.864009    0.03922663]
CNC(=N)c1cccc(CC(CC(=O)N2CCC(C(=O)O)CC2)NS(=O)(=O)c2ccc3ccccc3c2)c1,[ 0.09362731 -0.3562974  -0.52154106  0.6491572   0.13185161]
CN(CCOc1ccc(CC2SC(=O)NC2=O)cc1)c1ccccn1,[-0.9394733   0.749892   -0.38805348 -0.89871824  0.09672242]
CN(CCCOCCOCCc1ccccc1)CCc1ccc(O)c2nc(O)sc12,[-0.74279886  0.6983103  -0.16986643 -0.7370863  -0.20115948]
Oc1c(Cl)c(Cl)cc2[nH]c(C(F)(F)F)nc12,[ 0.31139457  0.8803049  -0.8257547  -0.62347376  0.04945948]
CCC(C)(C)OC(=O)Nc1ccco1,[ 0.2080186   0.6879976  -0.75959915 -0.17841715 -0.11494998]
Cc1ccc(C(=O)c2ccc(CC(=O)NCC(=O)Nc3cccc(C)c3C)n2C)cc1,[ 0.29531157  0.8406828  -0.5396122  -0.1534862   0.03683496]
CO/N=C(/C(=O)NC1C(=O)N2C(C(=O)[O-])=C(C[N+]34CCC(C(N)=O)(CC3)CC4)CSC12)c1nsc(N)n1,[ 0.00804162  0.81881124 -0.91066825 -0.7662054   0.16152705]
ClCC(Cl)Cl,[ 0.03734147  0.9617878  -0.72690845 -0.7686408   0.6531863 ]
COc1ccc2c3c1OC1CC(O)C=CC31CC[NH+](C)C2,[-0.27217618  0.954027   -0.71170056 -0.96262693  0.4101409 ]
C=CCI,[ 0.27561983  0.19501667 -0.628204    0.32198304  0.2820312 ]
C#CCN1C(=O)CN=C(c2ccccc2)c2cc([N+](=O)[O-])ccc21,[ 0.29649463  0.89484894 -0.7530349  -0.6378309  -0.48792607]
COCc1c(C(C)C)nc(C(C)C)c(/C=C/[C@@H](O)C[C@@H](O)CC(=O)O)c1-c1ccc(F)cc1,[ 0.5255935   0.4479637  -0.85345405 -0.723781   -0.18878907]
CCCc1nn(C)c2c(=O)[nH]c(-c3cc(S(=O)(=O)N4CCN(C)CC4)ccc3OCC)nc12,[ 0.12104378  0.7944211  -0.9264885  -0.8516857  -0.06136011]
CN(C)C(Cc1ccccc1)c1ccccc1,[ 0.39018923  1.         -0.91492903 -1.         -0.46412578]
CN(C)c1ccc(N=Nc2ccccc2)cc1,[-0.09603996  0.8023324  -0.5887688  -0.723615    0.00183315]
C=CCSP(=O)(NC(=O)CC)OC,[-0.4535802   0.562156   -0.48058322 -0.63595057 -0.2566309 ]
C[C@H](Cn1cnc2c(N)ncnc21)OCP(=O)(O)O,[ 0.349873   -0.20535982 -0.33433717 -0.6022839  -0.19927493]
CC(C(=O)O)c1ccc(C(=O)c2cccs2)cc1,[-0.22696444 -0.86154056 -0.58135885  0.26652393 -0.23665369]
Cc1cccc(C)c1CCNC(N)=O,[-0.09602696  0.7182979  -0.6907265  -0.892846    0.5353116 ]
Cc1cn([C@H]2CCCN(S(=O)(=O)c3ccc(C#N)c(Oc4cccc(Cl)c4)c3)C2)c(=O)[nH]c1=O,[ 0.37565222  0.61052346  0.48418626 -0.40489665 -0.40197   ]
COc1ccc2ncc(=O)n(CCN3CC[C@@H](NCc4ccc5c(n4)NC(=O)CO5)[C@@H](F)C3)c2c1,[ 0.28126314  0.9015821  -0.5458972  -0.6510603  -0.10264151]
CN1CCN(C2=c3ccccc3=Nc3ccc(Cl)cc3N2)CC1,[-0.24763945  0.7445629  -0.47651565 -0.59520686 -0.3173624 ]
Cc1cc(Nc2nc(N[C@@H](C)c3ncc(F)cn3)nc(N3CCOCC3)c2F)n[nH]1,[-0.11256205  0.7175363  -0.5232444  -0.83447945 -0.09180916]
CCCCOP(=O)(OCCCC)Oc1ccccc1,[ 0.15736417  0.9026987  -0.85410774 -0.9497715  -0.5575525 ]
O=[N+]([O-])c1cc2[nH]c(C(F)(F)F)nc2cc1Cl,[ 0.19103079  0.7757827  -0.86280936 -0.69976723 -0.44489175]
CC[C@@H]1OC(=O)[C@@H](C)[C@H](O[C@@H]2C[C@](C)(OC)[C@H](O)[C@@H](C)O2)[C@H](C)[C@H](O[C@@H]2O[C@H](C)C[C@H](N(C)C)[C@H]2O)[C@@](C)(O)C[C@@H](C)/C(=N\OCOCCOC)[C@H](C)[C@@H](O)[C@@]1(C)O,[ 0.41504288  0.85037357 -0.50978625 -0.42168504 -0.17189895]
C=CCc1cc(OC)c(OC(C)Cc2cc(OC)c(OC)c(OC)c2)c(OC)c1,[-0.10700471  0.6943721  -0.7473113  -0.2744943  -0.17398934]
CCC(C)OP(=S)(OC)OC,[ 0.13512787  1.         -0.67405    -1.          0.16398944]
OCCN(CCO)CCO,[-0.45969504  0.6047848  -0.69914573 -0.7097185  -0.2544186 ]
O=C(C(F)(F)Cl)C(F)(F)Cl,[-0.1266284   0.81749403 -1.         -0.619284    0.7612397 ]
CC(C)NCC(O)c1ccc(O)c(O)c1,[-0.03334891  1.         -0.65750736 -0.47251526 -0.38592887]
Cn1cncc1CN(CCN(Cc1ccccc1)S(=O)(=O)c1ccccn1)c1ccc(C#N)cc1,[ 0.29195747  0.27156773 -0.8138828  -0.75291485  0.06036157]
CCN(CC)CCO,[ 0.3820428   0.94023466 -0.81643873 -0.8418099  -0.3818918 ]
O=C(O)c1ccccc1-c1c2ccc(=O)cc-2oc2cc(O)ccc12,[-0.37952676  1.         -0.78225553 -0.49816158 -0.04994659]
CCCCN(CCCC)SN(C)C(=O)ON=CC(C)(C)SC,[ 0.22872095  0.6860357  -0.80457217 -0.7801735  -0.4170777 ]
C1COCCOCCNCCOCCOCCN1,[-0.26758236  1.         -0.29474637 -0.6794434  -0.23771058]
COP(=O)(OC)OC(=CCl)c1cc(Cl)ccc1Cl,[-0.25760794  0.57710916  0.28494686 -0.51825285 -0.3980574 ]
CN(CCO)Cc1cc(C(=O)c2cccs2)cc(C(C)(C)C)c1O,[-1.          1.         -0.85411257 -0.6678561  -0.18051612]
C=CCOc1ccccc1OCC(CNC(C)C)OC(=O)C1CC1,[-0.06082688  0.48005918 -0.9625848  -0.8531537   0.01726305]
CCC(C)c1ccccc1,[ 0.13398343  0.65881044 -0.8420817  -0.1418413  -0.4048837 ]
CCn1cc(C(=O)O)c(=O)c2cc(F)c(N3CCN(C)CC3)cc21,[ 0.1256138   0.89662254 -0.99386764 -0.724821    0.40897846]
Cc1c(Sc2ccc(Cl)cc2)c2c(-c3ccccc3)cccc2n1CC(=O)O,[ 0.25752378  0.950327   -0.81214    -0.64804375  0.5024179 ]
C[C@@H]1NC(=O)[C@@H](C)N(C)C(=O)[C@@H](C)N(C)C(=O)[C@H](C)NC(=O)[C@H](C)N(C)C(=O)[C@@H](C)N(C)C1=O,[ 0.1919919   0.41286892 -0.6466457  -0.1610704   0.09637971]
CC(C)(C)CC(=O)Nc1c(F)cc(C(=O)Nc2nccs2)cc1F,[ 0.31454414  0.659508    0.39379478 -0.08777089 -0.35166174]
O=c1oc(-c2ccccc2)nc2ccccc12,[-0.02773084  0.91055244 -0.33239758 -0.88428897  0.35145265]
CCOP(=S)(OCC)Oc1ccc([N+](=O)[O-])c(C)c1,[-0.1417465   1.         -0.80985147 -0.09017358  0.21470143]
CN(C)C1CC(c2ccccc2)c2ccccc21,[ 0.5182731   0.64101225 -0.96322405 -0.70318365 -0.21546504]
CN(C)CCOc1cc(NS(=O)(=O)c2c(Cl)cc(C(F)(F)F)cc2Cl)ccc1Cl,[ 0.09703395  0.55350053 -1.         -0.4431908  -0.26019207]
CCOc1nc(C(Cl)(Cl)Cl)ns1,[ 0.09944404  0.995045   -0.4982265  -0.26732263  0.09875245]
CCNC(=O)CSP(=S)(OC)OC,[ 0.425466    0.5078924  -0.67211574 -0.90051264 -0.3057413 ]
N[C@H]1CCN(c2c(Cl)cccc2/C=C2\SC(=O)NC2=O)C1,[ 0.07130305  0.7096289  -0.8211715  -0.9036034  -0.29262102]
COc1ccc(-c2nc3ccc(C4=NNC(=O)CC4C)cc3[nH]2)cc1,[ 0.36267096  0.87116975 -0.21133484 -0.8842592  -0.42977223]
C[C@@H](O)[C@H]1C(=O)N2C(C(=O)O)=C(SCCNC=N)C[C@H]12,[ 0.44623566  0.34130338 -0.779973   -0.5209482  -0.17475364]
O=C(CCCCCCC(=O)Nc1ccccc1)NO,[-0.36261383  0.54137456 -1.         -0.8854755  -0.15688944]
CC(=O)c1c(C)c2cnc(Nc3ccc(N4CCNCC4)cn3)nc2n(C2CCCC2)c1=O,[-0.2161304   0.9097207  -0.82461256 -0.30522767  0.03135905]
CC(Cl)(Cl)[N+](=O)[O-],[ 0.13479272  0.8411644  -0.6967298  -0.6654112  -0.18940818]
C[C@@H](NC1=CC(=O)CC1)c1ccc(Nc2ncc3cc(-c4ccncc4)ccc3n2)cc1,[-0.03129959  0.7322818  -0.49457887 -0.51676    -0.25663427]
CCNC(=S)NCC,[ 0.3809596   0.4511157  -0.7684956   0.57100284  0.07117495]
Cc1cc(Cl)ccc1OCC(=O)Nc1ccccc1,[-0.36156997  0.94499433 -0.737536   -0.5801405  -0.12231994]
CCCCOC(=O)C1CC1OCCCC,[ 0.03535876  0.6148592  -0.6452028  -0.34731293  0.17155513]
CCC(C)(CC)c1cc(N)on1,[ 0.4204663   0.51996565 -0.664295   -0.6621297   0.05147062]
Cn1cnc(S(=O)(=O)N(CCN(Cc2cncn2C)c2ccc(C#N)cc2)Cc2ccccc2)c1,[-0.36848333  0.73807883 -0.834817   -0.73827666  0.02027947]
CC(=Cc1ccccc1)C=C1SC(=S)N(CC(=O)O)C1=O,[ 0.51265204  0.8732872  -0.51809716 -0.7503612   0.3025949 ]
C[N+](C)(Cc1ccc(NC(=O)c2ccc(Cl)c(Cl)c2)cc1)C1CCOCC1,[-1.          0.7669296  -0.4189212  -0.39313748 -0.4115028 ]
N#CC(c1ccccc1)c1ccccc1,[ 0.5528707   0.74054396 -0.92685765 -0.86053324 -0.0642185 ]
COC(C)COC(C)COC(C)CO,[ 0.6495778   0.64105797 -0.66224915 -0.3459228   0.2973622 ]
CBr,[-0.49323925  0.72503465 -0.62702197 -0.69126177  0.06981889]
CCOC(=O)CCC[Si](C)(OCC)OCC,[ 0.50058705  0.9744369  -0.7213632  -0.7141803  -0.13726518]
C[C@@H]1CN(Cc2ccc(F)cc2)CCN1C(=O)COc1ccc(Cl)cc1NC(N)=O,[ 0.15429074  0.8322761  -0.6849124  -0.21255137  0.08177406]
COC(=O)C(C)N(C(=O)Cc1ccccc1)c1c(C)cccc1C,[ 0.07511295  0.67051667 -0.8074495  -0.7148549   0.100263  ]
CC(CN1CCOCC1)C(C(=O)N1CCCC1)(c1ccccc1)c1ccccc1,[ 0.31994343  0.6129064  -0.9794772  -0.6166091   0.22353034]
CC(C)C(CCC(C)C1CCC2C3C(O)CC4CC(NCCC[NH2+]CCCC[NH3+])CCC4(C)C3CCC12C)OS(=O)(=O)[O-],[-0.00135698  1.         -0.90885484 -0.9590361  -0.18263008]
CN(C)C(=O)Nc1ccc(Cl)cc1,[ 0.29801777  0.6651818  -0.8171273  -0.65855736  0.39533514]
CCC(=O)OCc1ccc(OC)cc1,[ 0.3527      0.29838657 -0.5097441  -0.84972477  0.20222892]
NC(=O)CCCCC1CCSS1,[ 0.2684302   0.73395556 -0.49498188 -0.10194835 -0.10256444]
O=C(CO)N1CCC(c2[nH]nc(-c3ccc(Cl)cc3F)c2-c2ccncn2)CC1,[ 0.24773985  0.8961144  -1.         -0.18759936  0.8277465 ]
CC[C@H](C)[C@H](NC(=O)[C@H](CCC(=O)[O-])NC(=O)[C@H](CCC(=O)[O-])NC(=O)[C@H](Cc1ccccc1)NC(=O)[C@H](CC(=O)[O-])NC(=O)CNC(=O)[C@H](CC(N)=O)NC(=O)CNC(=O)CNC(=O)CNC(=O)CNC(=O)[C@@H]1CCCN1C(=O)[C@H](CCCNC(N)=[NH2+])NC(=O)[C@@H]1CCCN1C(=O)[C@H]([NH3+])Cc1ccccc1)C(=O)N1CCC[C@H]1C(=O)N[C@@H](CCC(=O)[O-])C(=O)N[C@@H](CCC(=O)[O-])C(=O)N[C@@H](Cc1ccc(O)cc1)C(=O)N[C@@H](CC(C)C)C(=O)[O-],[ 0.15993091  0.344501   -0.5592164  -0.7338504  -0.07556593]
COc1ccc(NC(=O)c2ccnc(N)n2)cc1,[-0.20239119  0.78286135 -0.78148884 -0.4862239   0.11752803]
C=CC(C)CCCC(C)(C)O,[ 0.27599257  0.55944437 -0.41048706 -0.4854367  -0.35079873]
C=C(OP(=O)(OC)OC)c1ccc(Cl)cc1Cl,[ 0.12541649  0.8594264  -0.7869014  -0.64218396  0.47991967]
CCC(C)C(=O)OC1CCC2(C)C3CC(O)C4C5(O)C(CC42OC13O)C1CN2CC(C)CCC2C(C)(O)C1C(O)C5OC(=O)C(C)(O)CC,[-0.47564703  1.         -0.41788504 -0.72095865 -0.38915327]
COc1ccc(C[C@@H]2c3cc(OC)c(OC)cc3CC[N@+]2(C)CCC(=O)OCCCCCOC(=O)CC[N@@+]2(C)CCc3cc(OC)c(OC)cc3[C@H]2Cc2ccc(OC)c(OC)c2)cc1OC,[-0.22532673  0.01133515 -0.28534117 -0.30075482 -0.7134687 ]
OC1(c2ccc(Cl)c(C(F)(F)F)c2)CCN(CCCC(c2ccc(F)cc2)c2ccc(F)cc2)CC1,[ 0.42832214  0.65466344 -0.8726919  -0.6867704   0.13960487]
CC(O)COC(C)CP(CC(C)OCC(C)O)CC(C)OCC(C)O,[-0.14822792  0.72801214 -0.7248906  -0.7995657   0.03414211]
CCNC(=O)c1cc2c(-n3ccc(C(F)(F)F)n3)c(-c3cncc(-c4n[nH]c(=O)o4)c3)cnc2[nH]1,[ 0.44100913  1.         -1.         -0.8196742  -0.38958183]
COP(N)(=O)SC,[-1.         -0.3844272  -1.         -0.2794597  -0.61597294]
C[C@H](CO)Nc1nc(SCc2cccc(F)c2F)nc2nc(N)cnc12,[ 0.20259352  0.47137687 -0.46424174 -0.9474167  -0.1214182 ]
CC[C@H](C)C(=O)O[C@H]1C[C@H](O)C=C2C=C[C@H](C)[C@H](CC[C@@H](O)C[C@@H](O)CC(=O)O)[C@H]21,[-0.05430193  0.6684169  -0.8010777  -0.8013987   0.6318275 ]
Oc1nc(-c2ccccc2)nc2ccccc12,[ 0.5053356   0.5391853  -1.         -0.6757249   0.03743117]
CC(O)C1C(=O)N2C(C(=O)[O-])=C(SC3CCS(=O)C3)SC12,[ 0.08588466  0.51191205 -0.79179347 -0.8169017   0.04348092]
CC(C(O)c1ccc(O)cc1)[NH+]1CCC(O)(c2ccccc2)CC1,[ 0.00924222  0.69738096 -0.6794638  -0.7717358   0.1229317 ]
CCC(=O)N(c1ccccc1)C1CC[NH+](CCc2ccccc2)CC1,[-0.01012937 -0.6524501  -0.70901793 -0.33913803 -0.1883049 ]
CCN(CC)CCOCCO,[ 0.25298306 -0.60221124 -0.7671125  -0.51582634 -0.39418015]
C[C@@H]1NC(=O)[C@H](C)N(C)C(=O)[C@@H](C)N(C)C(=O)[C@H](C)NC(=O)[C@@H](C)NC(=O)[C@@H](C)N(C)C1=O,[ 0.16020241  0.9094629   0.02290832 -0.61821467 -0.4820878 ]
COc1cc2c(cc1OC)C1CC(=O)C(CCC#N)CN1CC2,[-0.04579376  0.93992496 -0.689457   -0.86224264  0.40564254]
CN(C)C1C(O)=C(C(N)=O)C(=O)C2(O)C(O)=C3C(=O)c4c(O)cccc4C(C)(O)C3C(O)C12,[ 0.29615816  0.98987824 -0.7258693  -0.9432508   0.54934937]
S=c1[nH]c2cc(Cl)ccc2o1,[ 0.2457638   0.8859077  -0.29463795 -0.6204377  -0.33966827]
Cc1ccc(Nc2ccc(Nc3ccc(C)cc3)c3c2C(=O)c2ccccc2C3=O)cc1,[ 0.46953678 -0.27515364 -0.877943   -0.41667736  0.52920246]
C[Si](C)(C)CCCC(=O)O,[-0.09264234  1.         -1.         -0.9097585  -0.09236448]
CCC(=O)NC[C@H]1CN(c2ccc(-c3nncs3)c(F)c2)C(=O)O1,[-0.36992392  0.924288   -0.8189314  -0.7323069   0.14488423]
C[NH+]1CCOC(c2ccccc2)c2ccccc2C1,[ 0.41705835  0.27020288 -0.88551605  0.08530875  0.23840359]
O=C1c2ccccc2N(C(=O)CN2CCOCC2)CN1c1ccccc1,[ 0.2538159   0.6134736  -0.8351804   0.16049328 -0.18267539]
Nc1ccn([C@@H]2O[C@H](CO)[C@@H](O)C2(F)F)c(=O)n1,[-0.15572914  0.7737365  -0.7192741  -0.687755   -0.09381827]
O=C(NCc1ccc(OC(F)(F)F)cc1)C1c2ccccc2C(=O)N1CCc1ncc(F)cn1,[ 0.30685937  0.7141259  -1.         -0.32897586 -0.4144155 ]
O=C(COc1ccc(Cc2ccc(Cl)cc2)cc1)OCc1cccnc1,[-0.18524268  0.93783146 -0.80179197 -0.8663184  -0.11937309]
CCCOCCN(C(=O)CCl)c1c(CC)cccc1CC,[ 0.5071558   0.63226575 -0.5667538  -0.29224482  0.39284226]
CC(C)C(O)(c1ccc(OC(F)(F)F)cc1)c1cncnc1,[-0.2831416   0.64053416 -0.9185527  -0.23866463  0.06849488]
CCCCCCN,[-0.47091895  0.9018202  -0.50930303 -0.7026175  -0.25776824]
Nc1ccc(F)c([N+](=O)[O-])c1,[ 0.33492413  0.79545116 -0.49460477 -1.          0.01864992]
COP1(=S)OCc2ccccc2O1,[ 0.46529618 -0.59836435 -0.39428607 -0.58505267 -0.34080422]
Nc1cccc(N)c1,[ 0.06242505  1.         -0.02609367 -0.63687074 -0.34678286]
CCCCN(CCCC)CCCC,[ 0.351978    0.8392122  -0.61044574 -0.71018124 -0.43147552]
Cc1ccc2c(c1)c(S(=O)(=O)c1ccc(Cl)cc1)c(C)n2CC(=O)O,[ 0.28458413  0.04961142 -0.49771833 -0.12302943 -0.3202742 ]
Nc1nc2[nH]cnc2c(=S)[nH]1,[-0.08979168  0.92793816 -1.         -0.42016575 -0.0157568 ]
C=CCC1/C=C(\C)CC(C)CC(OC)C2OC(O)(C(=O)C(=O)N3CCCCC3C(=O)OC(/C(C)=C/C3CCC(O)C(OC)C3)C(C)C(O)CC1=O)C(C)CC2OC,[ 0.46834084  0.50965375 -0.5716649  -1.         -0.6179888 ]
CSCCC(OC(C)=O)C(=O)O,[ 0.254057    0.80820197 -0.8179365  -0.7339069   0.4888804 ]
Cc1cc(OC(=O)N(C)C)n(C(C)C)n1,[0.23921019 0.7949204  0.03534532 0.35182834 0.22134307]
OCc1cc(C(O)C[NH2+]CCCCCCOCCOCc2c(Cl)cccc2Cl)ccc1O,[ 0.54898745  0.7856254  -1.         -0.68325466 -0.55130816]
C#CCN(C)c1ccccc1OC(=O)NC,[ 0.07109991 -0.6443497  -0.75767076 -0.6301158   0.03898863]
Nc1ncc2cc(-c3c(Br)cccc3Br)c(N)nc2n1,[ 0.4455501   0.9913961  -0.70360446 -0.13666631 -0.16903955]
c1ccc2c(c1)CC(N1CCN(c3cccc4c3OCCO4)CC1)C2,[ 0.18499914  0.81334066 -1.         -0.7300578  -0.07499886]
Cn1c(COP(=O)(NCCBr)NCCBr)cnc1[N+](=O)[O-],[ 0.0842506   0.78783727 -1.         -0.47141656 -0.11760505]
CCCCCCCCCCCCCCCCCC(=O)Cl,[ 0.4672562   0.7425     -0.76659065 -0.77131516 -0.4522202 ]
O=C(O)[C@@H](c1ccccc1)N1CCC(CN2CCC(Oc3ccc(Cl)c(Cl)c3)CC2)CC1,[ 0.5160205   0.9507771  -0.7824468   0.16474928  0.3451548 ]
O=C(Nc1ccc(Br)cc1)c1cc(Br)cc(Br)c1O,[ 0.6041276  -0.5024275  -0.8413664  -0.5519027  -0.66405815]
CC1CCC2(O)C3(C)CC4(O)OC2(C1O)C1(O)C3(O)C(OC(=O)c2ccc[nH]2)C(O)(C(C)C)C41C,[-0.54717714  0.9470992  -0.7734474  -0.81088006  0.14098562]
CCCCOCCOC(C)=O,[ 0.12694854  1.         -0.9455072  -0.5336795  -0.43286976]
CCC(=O)NCCC1CCc2ccc3c(c21)CCO3,[ 0.12789655  0.40636894 -0.80183154 -0.5657995   0.36995628]
c1ccc(COCc2ccccc2)cc1,[ 0.47148508  0.8106966  -0.8493032  -0.22368453 -0.12219639]
Cc1cc(C)c(N)c(C)c1,[ 0.24299233 -0.08298304 -0.7213623  -1.          0.53623456]
CCC(C)c1ccc(Oc2ccc(C)cc2CC(=O)O)c(Cl)c1,[ 0.61018556  1.         -0.6929478  -1.         -0.2736531 ]
c1ccc([C@H]([C@@H](c2ccccc2)N2CCCCC2)N2CCCCC2)cc1,[-0.5858123   0.7904382   0.23403296 -0.54265    -0.27464756]
CC([NH3+])Cc1ccccc1,[-0.0733072   0.44486406 -0.9235066  -0.78791755 -0.13234223]
CC(=O)Oc1cccc(Oc2ccc(C(F)(F)F)cc2Cl)c1,[ 0.5008367   0.7902736  -0.79870033 -0.6407303  -0.3800253 ]
CCC(CC)C(=O)OCCOCCOCCOC(=O)C(CC)CC,[ 0.11609874  0.22517508 -0.43821326  0.16482934  0.3588425 ]
CCC(C(=O)O)C1(O)CCCCC1,[-0.37784806  0.10630127 -0.627224   -0.4485941  -0.12575583]
CC(COc1ccc(Cl)cc1Cl)C(=O)O,[-0.53595823  0.4044694  -0.8835147  -1.         -0.14250441]
CCCCC(CC)CNC1CCCCC1,[ 0.02486126 -0.22747295 -0.898032   -0.56022674 -0.31479937]
CC(C)(C)NCCO,[ 0.08221916  1.         -0.72812843 -0.80961365  0.5024452 ]
Clc1cc(Cl)cc(Cl)c1,[ 0.5936243  -0.6687342  -0.89941007 -0.68347305  0.45156276]
[NH3+]C(C(=O)NC1C(=O)N2C(C(=O)[O-])=C(CSc3c[n-]nn3)CSC12)c1ccc(O)cc1,[ 0.23135558  1.         -0.54330635  0.19573922  0.12692298]
C=COC(=O)C=CC,[-0.10745573  0.98127776  0.12374585 -0.6239702  -0.03132758]
CCN1C(=O)C=CC1=O,[ 0.00870799  0.66275287 -0.677268   -0.6044593  -0.10529047]
CC(=Cc1ccccc1)CC(=O)N1CCOCC1,[-0.42960343  1.         -1.         -0.61944336  0.25074473]
N#Cc1cc(Br)c(O)c(Br)c1,[ 0.06067945  0.8113256  -0.6737123  -0.72365904  0.70164347]
NC(=O)N1C(=O)C(C(=O)c2cccs2)c2cc(Cl)ccc21,[-0.49433675  0.11906807 -0.9892358  -0.8671428  -0.17761321]
CCCOC(=O)Cc1ccc(OCC(=O)N(CC)CC)c(OC)c1,[-0.53667367 -0.13954356 -0.7599534   0.09055544  0.45972043]
Nc1cc2c(cc1C1CCCCC1)CCC2C(=O)O,[ 0.28553742  0.8702328  -0.95595324 -0.7874237   0.07836925]
CC(C)OC(=O)C(C(=O)OC(C)C)=C1SCCS1,[-0.16309611  0.3075737  -0.837783    0.17055722 -0.46100333]
CC(C)(C)NC(=O)NCCN1CCCC(NC(=O)c2cc(Cl)cc(Cl)c2)C1,[ 0.31217632  0.56172055  0.2344728  -0.6543688   0.04494888]
O=CNC(N1CCN(C(NC=O)C(Cl)(Cl)Cl)CC1)C(Cl)(Cl)Cl,[ 0.45563197  0.8894218  -0.74053335 -0.7488898  -0.1184617 ]
CO/N=C(\C(=O)N[C@@H]1C(=O)N2C(C(=O)O)=CCS[C@H]12)c1csc(N)n1,[ 0.11278972 -0.3640854  -0.5696698  -0.9958237  -0.22937651]
CCC(C)OC=O,[ 0.63596493  0.05708199 -0.9228398  -0.6531923  -0.7215656 ]
ClCc1cccc2ccccc12,[ 0.19441208  0.9014998  -0.83598113 -0.6368848  -0.07511131]
C1=CCCC=CCCC=CCC1,[ 0.05931301  0.7687282  -0.7791552  -0.87017465 -0.06485268]
OCCOCCCl,[ 0.03966837  0.8591824  -0.92307943 -0.9954533  -0.22671297]
Cn1c(=O)sc2cccc(Cl)c21,[ 0.4713332   0.8864885  -0.62157476 -0.86752325 -0.05858268]
CSC(C)=NOC(=O)N(C)SN(C)C(=O)Oc1ccc(OC(=O)N(C)SN(C)C(=O)ON=C(C)SC)cc1,[ 0.23897944  0.90995777 -0.6368603  -0.69680095 -0.2841635 ]
C=C(C)c1ccc(C(C)(C)N=C=O)cc1,[ 0.34858376  0.8395397  -0.65079796 -0.8401014  -0.4435652 ]
CC(=O)Oc1ccc2c3c1OC1C(OC(C)=O)C=CC4C(C2)[NH+](C)CCC341,[ 0.2919508   0.30616903 -0.27856633 -0.2725804   0.21830371]
O=C(O)CCCOc1ccc(Cl)cc1Cl,[ 0.10670439 -0.06366026 -0.5865642  -0.6176235  -0.02067817]
COc1c(OP(=S)(OCC(C)C)OCC(C)C)cnn(C)c1=O,[ 0.36759028  0.2036352  -1.         -0.56531525  0.19065301]
C=CCc1ccccc1OCC(O)C[NH2+]C(C)C,[ 0.01753508  0.5947602  -0.8771034  -0.47149223 -0.36718562]
O=C(/C=C/c1ccccc1)NCCO,[-0.25165462  0.72854704 -0.5479017   0.1928993   0.32778642]
FC(F)(F)c1nc2c(I)cc(I)cc2[nH]1,[ 0.11783046  0.93840986 -0.6725795  -0.63398236  0.26700845]
CC(O)C#N,[-0.27027053 -0.53230476 -0.24732973 -0.9075027  -0.18894705]
CCC(=O)N(c1ccccc1)C1CCN(CCc2ccccc2)CC1,[-0.17014094  0.21475188 -0.6749476  -0.52042645 -0.11180503]
C[C@H](CO)Nc1nc(SCc2ccccc2F)nc2[nH]c(=O)sc12,[-0.09868684  1.         -0.6454894   0.31539533 -0.03416362]
CCOC(=O)C(CCc1ccccc1)NC1CCc2ccccc2N(CC(=O)O)C1=O,[ 0.122904    0.73282206 -0.6198108  -0.86819303 -0.2658129 ]
Cc1ccc2nc(C[N+]34CCC(CC3)[C@@H](OC(=O)[C@](C)(c3ccccc3)N3CCCCC3)C4)oc2c1,[ 0.5809712   0.82187223 -0.6914507  -0.31250566 -0.7823648 ]
C[C@@H]1O[C@@H](O[C@H]2[C@@H](O)C[C@H](O[C@H]3C[C@](O)(C(=O)CO)Cc4c(O)c5c(c(O)c43)C(=O)c3ccccc3C5=O)O[C@H]2C)C[C@H](N)[C@@H]1O,[-0.23140949  0.8666551   0.4701132  -0.5218152  -0.42454877]
CN[C@@H](C)[C@@H](O)c1ccccc1,[-0.2194389  -0.1688575  -0.852225   -0.89696103  0.6932546 ]
COP(=O)(OC)SC(CC(=O)OC(C)C)C(=O)OC(C)C,[ 0.0662631   0.89511836 -0.4558894  -0.55429393  0.14156109]
Cc1cnc(Nc2cc(N3CCOCC3)nc(N[C@@H](C)c3ncc(F)cn3)n2)s1,[ 0.38781032  0.77266276 -0.82878727 -0.23163496 -0.13741608]
CCNc1nc(NC(C)C(C)C)nc(SC)n1,[ 0.55769545 -0.05516213 -0.84909636 -0.63689226 -0.121904  ]
OCCOCCOCCOCCO,[ 0.25436735  0.83554703 -0.665801   -0.79044133 -0.23231326]
O=C(O)c1nn(Cc2ccc(Cl)cc2Cl)c2ccccc12,[ 0.79484695  0.71524155 -1.         -0.42500532  0.06114369]
CCS(=O)(=O)c1ccc(-c2cc(Cl)ccc2OCC(=O)O)cc1,[-0.68778473  0.8773324  -0.43154287 -0.2191483   0.30260915]
O=C([O-])c1cc(N=Nc2ccc(S(=O)(=O)Nc3ccccn3)cc2)ccc1O,[-0.08090892  0.8141746  -0.25693423 -0.7473833  -0.23714387]
C[NH+](C)CCC(c1ccc(Cl)cc1)c1ccccn1,[ 0.2912603   0.4679148  -0.6024068  -0.83823043 -0.04127256]
CCCCC(CC)C(=O)OC1=C(c2c(C)cc(C)cc2C)C(=O)c2ccccc21,[ 0.39984328  0.9013603  -0.79442495 -0.64243114 -0.43948314]
C/C=C(/C)C(=O)O[C@H](c1cc2ccc(=O)oc2cc1OC)[C@H](O)C(C)(C)O,[ 0.6699578  0.9011173 -0.8875674 -0.4882346  0.5950083]
COC1CCC=CO1,[ 0.2279589   0.99548113 -0.8258899  -0.42526543  0.18939017]
CC(C)=CCl,[ 0.37659356  0.90016276 -0.8394284  -0.27246705  0.6996893 ]
C#CC1(O)CCC2C3CCC4=CC(=O)CCC4C3C(=C)CC21CC,[-0.2671431   0.9209082  -0.64831096 -0.72635067 -0.14277588]
C[C@@H]1NC(=O)[C@@H](C)N(C)C(=O)[C@H](C)N(C)C(=O)[C@@H](C)N(C)C(=O)[C@@H](C)N(C)C(=O)[C@H](C)NC1=O,[-0.19320756  0.95716864 -0.553861   -0.70869875  0.04972858]
CNNC,[ 0.43643814 -0.40160537 -0.7342561  -0.98661166 -0.00996634]
Nc1nc2c(Cc3cccnc3)c[nH]c2c(=O)[nH]1,[ 0.00208663  0.7603603  -0.3003522  -0.9687125   0.06777266]
COP(=O)(OC)Oc1ccc([N+](=O)[O-])c(Cl)c1,[ 0.24527536  0.8294198  -0.65128636 -0.90394145 -0.08371955]
CO[Si](CCCOCC1CO1)(OC)OC,[-0.19113007  0.7486568  -0.38491035 -0.6549571   0.04208924]
N#Cc1cccc(Cc2ncccn2)c1,[ 0.051931    0.7483572  -0.49900794 -1.          0.08404087]
FCOC(C(F)(F)F)C(F)(F)F,[ 0.09039839  0.58909714 -0.84014285  0.06576736  0.19147065]
C#CCc1ccc(COC(=O)C2C(C=C(C)C)C2(C)C)o1,[ 0.28912866 -0.01692103 -0.5899708  -0.706659    0.19463232]
COc1cccc2c1cc([N+](=O)[O-])c1c(C(=O)O)cc3c(c12)OCO3,[ 0.11921687  0.46896365 -0.78315175 -0.49481437 -0.5941131 ]
CC(C)NCC(O)COc1ccc(COCCOC(C)C)cc1,[-0.2758606   0.8165366  -0.43437064 -0.8386356  -0.34080476]
COc1cc2nc(N3CCN(C(=O)C(C)OC)CC3)nc(N)c2cc1OC,[ 0.2567707   0.81783026 -0.50450253 -0.72865653 -0.01977131]
COc1c(OCc2ccc(-c3ccccc3-c3nnn[nH]3)cc2)cc(C)nc1C,[ 0.27565476  0.8045731  -0.8195691  -0.51070863 -0.3547174 ]
O=C([O-])CCCc1ccc(N(CCCl)CCCl)cc1,[ 0.12312022  0.7964072  -0.5257409  -0.6832933  -0.22558329]
CNc1c(Br)cnc2[nH]c(-c3ccc(S(C)(=O)=O)cc3)nc12,[ 0.04520789  0.76348466 -0.46412542  0.26798663 -0.3158371 ]
CC(C)OCCCO,[ 0.44285324  0.8701331  -0.8280201  -0.3906536   0.13490345]
CC=C(CC)C(=O)NC(N)=O,[ 0.25172803  0.6033934  -0.74279463 -0.6414458  -0.2367077 ]
Cc1cc(-n2c(C)nc3ccccc3c2=O)n(-c2ccccc2)n1,[ 0.45659828  0.808329   -0.18480264 -0.60115707 -0.27088913]
O=[N+]([O-])c1cccc(O)c1,[ 0.02863071  0.9562516  -0.6827592  -0.76395965  0.07799377]
O=[N+]([O-])c1c(Cl)c(Cl)c(Cl)c2nc(C(F)(F)F)[nH]c12,[-0.03614229  0.67669266 -0.81140107 -0.7962453   0.48418814]
COCCN(c1cccnc1)P(=O)(c1ccccc1)c1ccccc1,[ 0.6295443   0.647046   -0.7323809  -0.09875239 -0.36575675]
Oc1ccc(O)cc1,[ 0.3661564   0.8033674  -0.80219597  0.05140236 -0.2645587 ]
CC1(C)CC(NC2CC(C)(C)NC(C)(C)C2)CC(C)(C)N1,[ 0.4217475   0.92445815 -0.18923257 -0.60400957 -0.06888925]
CC(C)(O)c1ccccc1,[ 0.27692235  0.8194458  -0.7352055  -0.29218572  0.14637886]
CCc1cccc(CC)c1N,[ 0.03857934  0.8504766  -0.6749659  -0.82355297 -0.22187777]
Cc1ncc(C[n+]2csc(CCO)c2C)c(N)n1,[ 0.06189432  0.9558392  -1.         -0.3236703   0.57189846]
CC(C)(C)NC[C@H](O)COc1nsnc1N1CCOCC1,[-0.10880311  0.8452048  -0.94484776 -0.6175443  -0.31546527]
COc1cc([C@@H]2c3cc4c(cc3[C@@H](O[C@@H]3O[C@@H]5CO[C@@H](C)O[C@H]5[C@H](O)[C@H]3O)[C@H]3COC(=O)[C@H]23)OCO4)cc(OC)c1O,[ 0.13604932  0.5047477  -1.         -0.7966137   0.13054177]
Cc1c(OCC(F)(F)F)ccnc1CS(=O)c1nc2ccccc2[nH]1,[-0.02285053  0.87949276 -0.7524918  -0.7957808  -0.4143629 ]
CC(C)N(C(=O)SCC(Cl)=C(Cl)Cl)C(C)C,[ 0.55294704  0.8360933   0.08672395 -0.0081641  -0.47843888]
O=C(c1ccc(Cl)cc1)c1ccccc1-c1ncc[nH]1,[ 0.11121879  0.81420696 -0.58030045 -0.67881846  0.08711021]
O=[N+]([O-])c1ccc(C=NNC(=S)N2CCCC2)o1,[ 0.02980511  0.873626   -0.4013883  -0.7983609   0.19850042]
COP(=O)(SC(C)C)SC(C)C,[-0.41198155  0.74901545 -0.0340529  -0.19503228 -0.23476791]
COP(=S)(OC)SCc1nnc(C(C)C)o1,[ 0.07892595  1.         -0.8022169  -0.7986554   0.12742431]
N#CCCCCC#N,[-0.04235711  0.79356414 -0.7759816  -0.57751626 -0.41126645]
O=c1n(CC2CO2)c(=O)n(CC2CO2)n1CC1CO1,[ 0.12836696 -0.04508972 -0.7679128  -0.97518075 -0.5860574 ]
CCCCCCCCCCCCCCCN,[-0.27178824  0.86463875 -0.42242056 -0.4756809   0.45394793]
CCCCCCCCc1ccccc1O,[ 0.18878786  0.26850855 -0.7600146  -0.4932337  -0.06252921]
CC(=O)c1ccc2c(c1)N1C(=O)OCC1CC2,[-0.11296234  0.7050998  -0.8069134  -0.8167721   0.04779804]
Nc1ccc(Cl)cc1Cl,[-0.01686903  0.90425944 -0.8815614  -0.8334469  -0.3626385 ]
Nc1ccc(S(=O)(=O)O)c2cccc(O)c12,[-0.28990564  0.8030331  -0.42427903 -1.          0.6145117 ]
N#CCCOCCC#N,[-0.17844012  1.         -0.9745873  -0.9734668  -0.19917272]
CCc1cc2c(s1)-n1c(C)nnc1CN=C2c1ccccc1Cl,[-0.1497039   0.96109635 -0.7993266  -0.7394284  -0.2602604 ]
O=c1cc(-c2ccc(O)cc2)oc2cc([O-])c(C3OC(CO)C(O)C(O)C3O)c(O)c12,[-0.19860615  0.6582647  -0.5951244  -0.30935055  0.69716656]
C=CC(=O)OCCCCCCOC(=O)C=C,[ 0.14103314  0.26659867 -0.5027889  -0.6813514  -0.32052577]
Fc1cc2nc(C(F)(F)F)[nH]c2cc1Cl,[ 0.53211075  0.82193744 -0.7368331  -0.6246751  -0.23145646]
Cc1cccc(Nc2ccncc2S(=O)(=O)[N-]C(=O)NC(C)C)c1,[-0.6840536   0.12802976 -0.8317981  -0.90416914  0.45819917]
CC(O)C(Cl)(Cl)Cl,[-0.18471691  0.84519374 -0.865301    0.2717764   0.4225686 ]
CN(C)N(C)N=O,[-0.3148072   0.7204747  -0.89186937 -0.6210789  -0.2970736 ]
Nc1cc2c(S(=O)(=O)O)cc(S(=O)(=O)O)cc2cc1S(=O)(=O)O,[ 0.77737814  0.9707743  -1.         -0.8142847  -0.10505331]
CCc1nc(N)nc(N)c1-c1ccccc1,[ 0.18586268  0.35707158 -0.9650547  -1.         -0.20609218]
C[N+](C)(C)CC(O)CC(=O)[O-],[-0.1932498   0.7828185  -0.96341    -0.8231344  -0.29282865]
Cc1onc2c(=O)[nH]nc(-c3ccccc3)c12,[ 0.30630502  0.18575524 -0.7702319  -1.          0.4685999 ]
O=C(O)COc1ccc(C(=O)CN2CCN(C3CCNCC3)CC2=O)cc1,[ 0.85182345  0.7103563  -0.86862564 -0.6091767  -0.20901364]
C[C@]12C[C@H](O)[C@H]3[C@@H](CCC4=CC(=O)CC[C@@]43C)[C@@H]1CC[C@]2(O)C(=O)CO,[ 0.05463988  0.91749686 -0.6248073  -0.74526745  0.09202005]
ClC(Cl)(Cl)c1ccc(C(Cl)(Cl)Cl)cc1,[ 0.08975552  0.75286216 -0.76358914 -0.9949067   0.6248724 ]
C[NH+](CCOc1ccc(NS(C)(=O)=O)cc1)CCc1ccc(NS(C)(=O)=O)cc1,[ 0.06922901  0.8787191  -0.88346004 -0.76543516 -0.42109767]
O=C(Cc1cccs1)N[C@@H]1C(=O)N2C(C(=O)[O-])=C(C[n+]3ccccc3)CS[C@H]12,[ 0.6905648   0.69022036 -0.8590427  -0.3207611   0.14245193]
CN,[ 0.5551933   0.7067309  -0.633309   -0.48027062 -0.08373977]
CC1CCC(C(C)C)C(O)C1,[ 0.11651044 -0.48076653 -0.5757258  -0.51771945 -0.17461662]
CC(=CC(=O)O)C(=O)O,[ 0.13072918  0.70484275 -0.8621944  -0.8445385  -0.21635841]
CC(C)(C)c1ccc2c(c1)C(C)(C)CC2,[-0.31749046  0.74239624 -0.97180986 -0.22620632  0.11619974]
O=C(CCC(=O)OC1CCCCC1)OC1CCCCC1,[-0.00333605  0.43765295 -0.8586677  -0.2754697   0.16465825]
CCOC(C)=Cc1oc2ccccc2[n+]1CCCS(=O)(=O)[O-],[ 0.14601596  0.9744866  -0.8113756  -0.6015679   0.9453294 ]
ClC(=NNc1c(Cl)cc(Cl)cc1Cl)c1ccccc1,[ 0.4258896   1.         -0.7517096  -0.7315215   0.37517333]
CC(=O)Nc1ccc(CNc2[nH]nc3ccnc(Oc4ccccc4)c23)cc1,[ 0.14711641  0.64198816 -0.7530512  -1.         -0.3029936 ]
COc1ccccc1Oc1c([N-]S(=O)(=O)c2ccc(C(C)C)cn2)nc(-c2ccnc(-c3nnn[n-]3)c2)nc1OCCO,[ 0.5423647   0.95214045  0.10186034 -0.9976312  -0.49568915]
BrC(Br)Br,[-0.00910364 -0.36881697 -0.4712312  -0.80564415  0.46870148]
COc1cc(N)c2c(c1N)C(=O)c1ccccc1C2=O,[ 0.29879224  0.6240673  -0.69762415 -0.7095585  -0.01306916]
O=C(c1csc2c1CCCC2)N1CCCCC1,[-0.00854823  0.95477515 -0.81900185 -0.9904185  -0.00165986]
Oc1cc(Cl)c(Cl)c(Cl)c1Cl,[ 0.07174629  0.34950662 -0.9040276  -0.95711756 -0.28909454]
Cc1c(OCC(F)(F)F)ccnc1C[S+]([O-])c1nc2ccccc2[nH]1,[ 0.02086775  0.68114823 -0.4741301  -0.5853993   0.01071442]
ClCCCBr,[ 0.23889133  0.2409963   0.03691099 -0.21454053 -0.06738799]
COc1cc2nc(N3CCN(C(=O)C4COc5ccccc5O4)CC3)nc(N)c2cc1OC,[-0.2069733   1.         -0.6022963  -0.44226572 -0.50289613]
COc1cccc(OC)c1O,[-0.6333351   0.5851039  -0.76216775 -0.5824505  -0.29221192]
CN=C=S,[ 0.45366904  0.65973866 -0.77193934  0.25295    -0.40365335]
COP(=O)(OC)ON1C(=O)c2cccc3cccc(c23)C1=O,[-0.14693776  0.66437393 -0.77526057 -0.15938555 -0.22928688]
CCCCOCCOCCCC,[ 0.4759439   0.9572619  -0.85555315 -0.5683777  -0.13214214]
CCOP(=O)(OCC)Oc1nc(Cl)c(Cl)cc1Cl,[ 0.1534249   0.16127835 -0.6982166  -0.04115868 -0.11974087]
Cc1cc(=O)n(CSP(=S)(OC(C)C)OC(C)C)nc1Cl,[-0.01350198  0.63031036 -0.81730473 -0.7510457  -0.00183757]
CC(C)OCCO,[-0.08499979  0.7234381  -0.5828064  -0.5371155  -0.3293277 ]
CNC(=O)c1cccc2c(Nc3ccc(NS(C)(=O)=O)cc3OC)c3cccc(C)c3nc12,[ 0.13996117  0.91643095 -0.85230786 -0.98277205  0.7873201 ]
CC(=O)CCc1ccc(O)cc1,[ 0.35532054  0.77050966 -0.809797   -0.92321634  0.2975325 ]
COP(=S)(OC)Oc1ccc(S(N)(=O)=O)cc1,[ 0.14512897  0.51951367 -0.7177989  -1.          0.44141388]
COc1ccc(-c2nc3c(NCCCNC(C)=O)c(Br)cnc3[nH]2)cc1,[ 0.02259997  0.75576526 -0.7701664  -0.3503238  -0.31981754]
CN1CCN(c2ccc3ncc(C(N)=O)c(Nc4ccc(Cl)c(Cl)c4)c3c2)CC1,[-0.3662555   0.3002382  -0.40729156 -0.33323345 -0.11042154]
CN1C(=O)CN=C(c2ccccc2F)c2cc(Cl)ccc21,[ 0.576083    0.7124601  -0.88067687 -0.510809    0.13817883]
Nc1nc(O)c2ncn(COCCO)c2n1,[ 0.38835242  0.82201946 -0.43355244 -0.85061455 -0.23924989]
CN(C)CCCC1c2ccccc2Nc2ccc(Cl)cc21,[-0.08827248  0.8044079  -0.7900019  -0.8059202  -0.09936611]
CCC(C)CCCCC(=O)NC(CCN)C(=O)NC(C(=O)NC(CCN)C(=O)NC1CCNC(=O)C(C(C)O)NC(=O)C(CCN)NC(=O)C(CCN)NC(=O)C(C(C)O)NC(=O)C(CC(C)C)NC(=O)C(CCN)NC1=O)C(C)O,[ 0.08263193 -0.05079516 -0.9029864  -0.73019457 -0.18188903]
O=CC1=CCCCC1,[ 0.21233022  0.73006713  0.29945645 -0.418434   -0.11864463]
O=C(O)CC(CC1CCN(C(=O)CCc2ccc3c(n2)NCCC3)CC1)C1CNc2ccccc2C1,[ 0.6229452   0.5110625   0.05346093 -0.7831158   0.01886766]
C=CC[N+]1([C@H]2C[C@H]3[C@@H]4CC[C@H]5C[C@H](O)[C@@H](N6CCOCC6)C[C@]5(C)[C@H]4CC[C@]3(C)[C@H]2OC(C)=O)CCCC1,[ 0.19258933  0.53213567 -0.7773138  -0.68473995 -0.4717057 ]
Cc1c(Sc2ccc(Cl)cc2)c2c(S(C)(=O)=O)cccc2n1CC(=O)O,[-0.36559483  0.80032927 -0.88251925 -0.6963619  -0.33444598]
NCCCC[C@H](N[C@@H](CCc1ccccc1)C(=O)O)C(=O)N1CCC[C@@H]1C(=O)O,[-0.27688068 -0.13413794 -0.63109887 -0.69855964 -0.14962642]
Cc1cc([N-]S(=O)(=O)c2ccc(N)cc2)no1,[-0.67425543 -0.93718845 -0.86562437 -0.5638878  -0.05799498]
CC1CCC(N)CC1N,[ 0.14814411  0.7546505  -0.60173     0.5801022  -0.05155548]
CC1(C)C(=O)N(CO)C(=O)N1CO,[ 0.17034644  0.652797   -0.43624672 -0.5059879  -0.60642785]
C[C@@H]1NC(=O)[C@H](C)N(C)C(=O)[C@@H](C)NC(=O)[C@H](C)N(C)C(=O)[C@@H](C)N(C)C(=O)[C@@H](C)NC1=O,[ 0.2926654   0.4175008  -0.79101056 -0.7471938  -0.32479578]
O=c1[nH]c2c(O)ccc([C@@H](O)CNCCSCCCNCCc3cccc(Cl)c3Cl)c2s1,[ 0.32341594  0.52105576 -0.55916405  0.49550283 -0.11624638]
CCc1c2c(nc3ccc(O)cc13)-c1cc3c(c(=O)n1C2)COC(=O)[C@]3(O)CC,[-0.11482365  0.8842842  -0.9514876  -0.72108775 -0.23312895]
COC(C)C=O,[ 0.23819639  0.3938785  -0.8052053  -0.44191816  0.2134878 ]
CC1CCCCOC1=O,[ 0.64786273 -0.9968276  -0.756231   -0.60246605 -0.01870633]
N#Cc1cccc(C#N)c1,[ 0.13782461  1.         -0.9952338  -1.          0.5437987 ]
COc1c(Cl)ccc(Cl)c1C(=O)OCCN(CCOC(=O)c1c(Cl)ccc(Cl)c1OC)c1ccccc1,[ 0.23848665  0.8165554  -0.38056338 -0.9878286   0.03934418]
CCCCOC(C)OCCCC,[-0.24536031  0.7832941  -0.04998896 -0.92138684 -0.11119083]
Clc1ccc(N2N=NC3C4CC(C5N=NC45)C32)cc1,[ 0.25413775  0.47821936 -0.7306322  -0.62341386 -0.33324137]
CNC(=O)ON=C(C)SCC(=O)N(C)C,[ 0.8985599   0.14448217 -0.99663097  0.27622184  0.3059401 ]
CN1C(=O)CC(N2CCN(CCCN3c4ccccc4COc4ccc(CC(=O)O)cc43)CC2)N(C)C1=O,[ 0.25347728  0.91353226 -0.5151186   0.19090135 -0.2722416 ]
CCOP(=O)(CC)SC,[ 0.28579217  0.89280176 -0.7744399  -0.78788877 -0.1921151 ]
NC(=S)Cc1cccc2ccccc12,[ 0.10680995  0.84323    -0.6577277  -0.77734     0.01895891]
COCCNCc1ccc(Nc2ncc3cc(-c4ccncc4)ccc3n2)cc1,[ 0.02643144  0.7974746  -0.5667299  -0.61821896 -0.38644546]
Cc1cc(Nc2nc(N[C@@H](C)c3ccc(F)cn3)c(C#N)cc2Cl)n[nH]1,[-0.11857656  0.44792414  0.04351887 -0.24722144 -0.41772386]
COc1ccc(-c2cc(=O)c3ccc(OC)cc3o2)cc1,[ 0.12465394  1.         -0.9218777  -0.27967373  0.22494899]
C#CC1(O)C(CO)OC(n2ccc(N)nc2=O)C1O,[-0.12113468  0.98647994 -0.6830876  -0.85961586 -0.3157017 ]
Nc1ccc(O)c([N+](=O)[O-])c1,[-0.49817726  0.8297067  -1.         -0.88604856  0.0384181 ]
O=P([O-])([O-])C(Cl)(Cl)P(=O)([O-])O,[ 0.38647538  0.8511257  -0.7433112  -0.64011407 -0.30387422]
C=CC(=O)NCNC(=O)C=C,[ 0.5794019   1.         -0.4693632  -1.         -0.09745874]
Cc1cc(Nc2nc(N[C@@H](C)c3ccc(F)cc3)ncc2Cl)n[nH]1,[ 0.22394183  0.75395197 -0.6000661  -1.         -0.57016206]
COc1ccc(CC(C)=O)cc1,[ 0.12768525  0.03796921 -0.21674393 -0.8054157  -0.10871278]
Cc1cc(Nc2nc(N[C@@H](C)c3ccc(F)cn3)c(C#N)nc2C)n[nH]1,[-0.03567676  0.37242737 -0.73042667 -0.50870556  0.04095486]
C=C(CC(=O)c1ccc(-c2ccccc2Cl)cc1)C(=O)O,[ 0.21896997  0.7146013  -0.87101483 -0.61281276  0.44826388]
O=C(Nc1cccc(Cl)c1)Nc1nnc(-c2ccncc2)s1,[ 0.30653876  0.85864127 -0.78153425 -0.95123285  0.42203704]
Cc1ccc(N=C=O)cc1N=C=O,[ 0.11473064  0.6429753  -0.6622244  -0.7005546  -0.2038327 ]
CC(C)=CCN1CCC2(C)c3cc(O)ccc3CC1C2C,[ 0.26499978  0.9469853  -0.85501873 -0.7337331  -0.12467151]
C/C([O-])=C(\C#N)C(=O)Nc1ccc(C(F)(F)F)cc1,[ 0.09326994  0.42617774 -0.653664   -0.6382794  -0.26687744]
CCCC(=O)c1ccc(N)cc1,[ 0.3281424   0.7460465  -0.8821959  -0.7426401  -0.24052818]
CN(CC#N)N=O,[ 0.10147826  0.7242001  -0.8129237  -0.68625146  0.42872915]
C=CC(=O)N(C)C,[ 0.3802383   0.30839765  0.10278826 -0.6781963  -0.20979765]
Cc1c(F)cc(C(=O)NC2CC2)cc1-c1ccc(C(=O)NCC(C)(C)C)cn1,[ 0.3124755   0.76845145 -0.6094701  -0.3993493  -0.34245652]
O=C(CSc1nc2c(c(=O)n1-c1ccccc1)SCC2)Nc1ncc(-c2ccccc2)s1,[ 0.4802954   0.81802696 -0.84738904 -0.5664972   0.46678174]
O=C(Cc1ccc(OCc2ccccc2)cc1)NO,[ 0.5510835   0.71712005 -0.9655206  -0.47947142 -0.03800695]
O=[N+]([O-])N1CN([N+](=O)[O-])CN([N+](=O)[O-])C1,[ 0.06037269  0.98967624 -0.45653746 -0.6494617  -0.4848903 ]
CC(CO)Oc1ccccc1,[-0.4160462   0.6955058  -0.6535762  -1.         -0.40861487]
C=CC(=O)Nc1ccc(O)cc1,[-0.30095908  0.8334529  -0.90162694 -0.9896052  -0.08752531]
CNC(=N)c1cccc(CC(CC(=O)N2CCC(C)CC2)NS(=O)(=O)c2ccc3ccccc3c2)c1,[-0.40487713 -0.03342501 -0.65921897  0.22581579  0.4109161 ]
COc1cc2c(cc1OC)C(CCc1ccc(Cl)cc1)N(C)CC2,[ 0.40836105  0.684053    0.517719   -0.1844059  -0.46465698]
CNC(=O)Oc1cccc2c1OC(C)(C)O2,[ 0.13762885  0.7578315  -0.8577144  -0.91739875  0.19175039]
CCCOCCOC(=O)C1=C(C)NC(C)=C(C(=O)OCCOCCC)C1c1cccc([N+](=O)[O-])c1,[ 0.51113135  0.8585349  -0.65357345 -0.88590044 -0.10185492]
CCOC(=O)C1OC1c1ccccc1,[ 0.19960105  0.86476874 -0.82412034 -0.706584   -0.40705517]
COc1ccc2ccc(=O)n(CCN3CCC(NCc4cc5c(cn4)OCCO5)CC3)c2n1,[ 0.15750332  0.28170896 -0.7293994  -0.6865376  -0.02210663]
C=CC(=O)OCCOCCOC(=O)C=C,[ 0.00607856  0.8856493  -0.7724903  -1.          0.3505526 ]
CCOC(=O)NCCOc1ccc(Oc2ccccc2)cc1,[-0.22566658  1.         -0.8283402  -0.7190932   0.39388165]
COc1ccc(CC2NCC(O)C2OC(C)=O)cc1,[ 0.14011523  0.66173506 -0.7925895  -0.71205944  0.20729905]
COP(=S)(Cl)OC,[ 0.4548433   0.7647122  -1.         -0.52674043 -0.2547976 ]
O=C(Cl)C=CC(=O)Cl,[ 0.5825054   0.7232499  -0.8315525  -0.02930895  0.04023629]
c1ccc(C2CO2)cc1,[-0.17469539  0.8548106   0.07388303 -0.64343464 -0.07685058]
COc1ccc2ncc(F)c(CCN3CCC(NCc4cc5c(cn4)OCCO5)CC3)c2n1,[-0.08330193  0.8435856   0.6719966  -0.6282386   0.5924758 ]
CC(C)CN,[-0.48777103  0.8947242  -0.73194605 -0.7551918   0.01559595]
O=C1CC2(CCCC2)CC(=O)N1CCCCN1CCN(c2ncccn2)CC1,[-0.3818711   0.8014382  -0.58421767 -0.7593331   0.15841408]
CC1CS(=O)(=O)CCN1N=Cc1ccc([N+](=O)[O-])o1,[ 0.44817927  0.7026623  -0.22974138 -0.44339228 -0.07730607]
Cc1c(Sc2ccc(Cl)cc2)c2c(-c3cnccn3)cccc2n1CC(=O)O,[-0.42908207  0.46401888 -0.7933231  -0.70251703 -0.18447712]
CCCCCCOC(=O)C(O)c1ccccc1,[ 0.319768    0.5076409  -1.         -0.6541229  -0.18557683]
FC(F)(F)c1nc2c(Br)c(Br)cc(Br)c2[nH]1,[ 0.12257648  0.48905805 -0.8410403  -0.83218277 -0.05056128]
C=CC(=O)OCC(=O)OCC,[-0.3265591   0.5891731  -0.6847686  -0.45417583 -0.02459703]
CCCS,[ 0.23082209  0.94762397 -1.         -0.73104095  0.08560961]
Cc1ccc2c(c1)c(Sc1cccc(Cl)c1)c(C)n2CC(=O)O,"[-1.8917397e-01  7.6513636e-01 -8.1442720e-01 -8.4706306e-01
 -7.8552280e-04]"
CC(C)CNC(=O)NS(=O)(=O)c1ccc(Cl)cc1,[-0.32061344  0.7349027  -0.8119347  -0.47490188  0.37114516]
NC(=O)Nc1cccc2c3c([nH]c12)CCCC3,[ 0.4815441   0.49588975 -0.7517065  -0.3288497   0.0951146 ]
CC(C)CCC(C)Nc1ccc(Nc2ccccc2)cc1,[-0.199014    0.6275444  -0.6026139  -0.8817233  -0.20079981]
CCOC(=O)Nc1ccc(NCc2ccc(F)cc2)cc1N,[-0.15185101 -0.76032734 -0.8310784  -0.601985   -0.17237478]
CCOC(=O)COc1ccc(C(=O)CN2CCN(C3CCN(C(=O)OCOC(=O)C(C)(C)C)CC3)CC2=O)cc1,[-0.11954078  0.87892324 -0.9958577   0.12483609  0.6396923 ]
CN(C1CCCCC1)C1CCCCC1,[ 0.09257616  0.61234087 -0.8827623  -0.93807924 -0.20764405]
CCN(CC)N=Nc1ccccc1,[ 0.5784272   0.3070349  -0.79295224 -0.32764274 -0.43457496]
Nc1nc2ccc(OC(F)(F)F)cc2s1,[-0.57267123  0.95919913 -0.63484085 -0.2158066  -0.07951111]
O=C(Cl)c1cccc(C(=O)Cl)c1,[ 0.00621612  0.2964086  -0.7825836  -0.9126649  -0.10177941]
CCC[C@H](NC(=O)[C@@H]1[C@H]2CCC[C@H]2CN1C(=O)[C@@H](NC(=O)[C@@H](NC(=O)c1cnccn1)C1CCCCC1)C(C)(C)C)C(=O)C(=O)NC1CC1,[ 0.37002304  0.30464056 -0.9906463  -0.8410604  -0.14236929]
C=CN(C)N=O,[ 0.29378513  0.22078252 -0.5382562  -0.282042   -0.27988726]
C1C[SiH2]C1,[ 0.40626952  0.43248442 -0.56141824 -0.8102793   0.07538702]
C=CC(=O)OCCOC(=O)c1ccc(C(=O)O)cc1C(=O)O,[ 0.5687271  -0.13313496 -0.22216249  0.13357432 -0.28745654]
Cc1ccc2c(c1)c(-c1ccnc3c(C)cccc13)c(C)n2CC(=O)O,[-0.33519575  0.2885579  -0.40525874 -0.60959446 -0.40581048]
CCOc1cc2ncc(C(N)=O)c(Nc3ccc(F)cc3F)c2cc1N1CCN(C2CC2)CC1,[ 0.36485597  0.56949735 -0.30725688  0.00482657  0.2727204 ]
CCC1(CC)Oc2cccc(OC(=O)N(C)C(C)=O)c2O1,[ 0.26538187  0.8433581  -0.7364556  -0.76108766  0.6498726 ]
CCCCC(CC)(C(=O)OCC)C(=O)OCCN(CC)CC,[ 0.29739925  0.85059077 -1.         -0.8331798   0.13292982]
c1c[nH]cn1,[ 0.6673597   0.8949067  -0.6949141  -0.29139706  0.28608087]
O=c1[nH]cnc2c1ncn2[C@H]1CC[C@@H](CO)O1,[-0.5018394   0.7921718  -0.74065596 -0.8471757  -0.12007582]
O=CCc1ccccc1,[ 0.13797362 -0.5066702  -0.83755285  0.24768727 -0.13158388]
Nc1nc(-c2ccccn2)nc(N)c1Cc1ccc(Cl)cc1Cl,[ 0.27017537  1.         -0.8303903  -0.3758086  -0.15240163]
CC(=O)O[C@H]1C[C@]2(O)[C@H]3CC[C@H]4C[C@H](O[C@H]5C[C@@H](O)[C@@H](O[C@H]6C[C@@H](O)[C@@H](O[C@H]7C[C@@H](O)[C@@H](O)[C@H](C)O7)[C@H](C)O6)[C@H](C)O5)CC[C@@]4(C)[C@H]3CC[C@]2(C)[C@H]1C1=CC(=O)OC1,[ 0.12669681  1.         -0.42692018 -0.9951762  -0.28688794]
O=C(OCCc1ccccc1)c1ccccc1,[ 0.41680488  0.43645355 -0.78284484  0.20612046  0.00837425]
CC(C)CCOC(CO)CC(C)C,[ 0.08461533  0.4668119  -0.6350228  -0.77968353 -0.28801447]
O=c1[nH]c(=O)c2ccccc2o1,[-0.6028287   0.9343803  -0.6413688  -0.7035396   0.19559462]
Cc1nn(C)c(Oc2ccccc2)c1C=NOCc1ccc(C(=O)OC(C)(C)C)cc1,[ 0.03625513 -0.6637484  -0.45250776 -0.5971115   0.40905663]
O=C(Oc1ccccc1)c1ccccc1C(=O)Oc1ccccc1,[ 0.42468885  0.21599242 -0.97945046 -0.55086994 -0.13695325]
CCOC(=O)C(CCc1ccccc1)NC(C)C(=O)N1C(C(=O)[O-])CC2CCCCC21,[ 0.64095217  0.79476404  0.7685899  -0.40398517 -0.39903557]
Cc1ccsc1C(=CCC[NH+]1CCCC(C(=O)[O-])C1)c1sccc1C,[-0.21848844  0.7632222  -0.5561869  -0.7631358  -0.24638814]
C[C@H](Cc1cccc(CC(=O)NC23CC4CC(CC(C4)C2)C3)c1)NC[C@H](O)c1ccc(O)c(CO)c1,[ 0.08511133  0.8336036  -1.         -0.79350936 -0.01089629]
CN(C)CC/C=C1/c2ccccc2COc2ccc(CC(=O)O)cc21,[ 0.22692303  0.63091296  0.17547792 -0.04927641 -0.11676989]
CC12CCC3c4ccc(O)cc4CC(CCCCCCCCCS(=O)CCCC(F)(F)C(F)(F)F)C3C1CCC2O,[ 0.3501073   0.19580266 -0.65718174  0.5966142   0.07816415]
Nc1cc[n+]([O-])cc1,[ 0.16897033  0.8603906  -0.3535859  -1.         -0.03238068]
CNC(=O)Nc1nnc(C(C)(C)C)s1,[ 0.1279095   0.9265936  -0.8040719  -0.6482883  -0.03984701]
CN(C)C(=O)Nc1cc(C(C)(C)C)on1,[-0.482751    0.9393928  -0.6825377  -0.6910097  -0.22123118]
NCC1CCC=CO1,[-0.2298138   0.20577261 -0.8258527  -0.8609499   0.2132257 ]
CN1CCN(CCC=C2c3ccccc3Sc3ccc(S(=O)(=O)N(C)C)cc32)CC1,[ 0.65005285  0.72569346 -0.45626864 -0.59825236 -0.09580211]
OCCOCCN1CCN(C(c2ccccc2)c2ccc(Cl)cc2)CC1,[ 0.45634013  0.6639254  -0.31911072 -0.8075353  -0.13213612]
CC(C)[C@H](C(=O)Nc1nccs1)c1ccc(Cl)cc1,[ 0.3724493   0.57185066 -0.7667944  -0.2751979   0.3418372 ]
CCCCc1nc(Cl)c(CO)n1Cc1ccc(-c2ccccc2-c2nnn[nH]2)cc1,[ 0.01861742  0.84212637 -0.69731873 -0.23641947  0.00719832]
Cc1cccc2sc3nncn3c12,[-0.03748628  0.77769053 -0.99463344  0.31947348 -0.30792788]
Nc1nc2c(ncn2COCCO)c(=O)[nH]1,[ 0.25419292  0.3649863  -0.733243   -0.08131868  0.4454726 ]
Nc1ccc(Cl)cc1,[ 0.5233036   0.59202164 -0.42268682 -0.78627336 -0.16555415]
CS(=O)(=O)c1ccc(C(O)C(COC(=O)C[NH3+])NC(=O)C(Cl)Cl)cc1,[ 0.09060732  0.8307126  -0.5652228  -0.21327403  0.02838947]
CSc1ccc(C(=O)c2[nH]c(=O)[nH]c2C)cc1,[ 0.37749085 -0.1195839  -1.         -1.         -0.04712335]
Cc1ccc(S(=O)(=O)Nc2c(C(=O)NC3CCCCC3)c(C)nn2-c2ccccc2)cc1,[-0.09065341  0.72699565 -0.9376183  -0.7372194  -0.03994009]
C=C(Cl)C#N,[ 0.18831983  0.9084949  -0.7909157  -0.67579526 -0.27517885]
Cc1cnc(NC(=O)C2=C(O)c3ccccc3S(=O)(=O)N2C)s1,[ 0.2561841  -0.1717168  -0.82979804 -0.827134   -0.26389775]
CC(=O)O[C@H]1C[C@@H]2CC[C@@H]3[C@H](CC[C@@]4(C)[C@H]3C[C@H]([N+]3(C)CCCCC3)[C@@H]4OC(C)=O)[C@@]2(C)C[C@@H]1N1CCCCC1.[Br-],[ 0.0145965   0.81619877 -0.88341486 -0.6925064  -0.4754549 ]
CP(=S)(Oc1ccccc1)Oc1ccc(C#N)cc1,[ 0.42952573  0.7321014  -0.49221244  0.37662274  0.21056262]
C=CCc1ccc(OC(C)=O)c(OC)c1,[ 0.20073497  0.94354707 -1.         -0.47948253  0.22311816]
NS(=O)(=O)c1cc2c(cc1Cl)NC(C(Cl)Cl)NS2(=O)=O,[ 0.12066312  0.62157154 -0.57280207 -0.5354028  -0.03310834]
O=C(NCCNCC(O)COc1ccc(O)cc1)N1CCOCC1,[ 0.06655415  0.3394578  -0.91927415 -0.82816523 -0.3426952 ]
CCOP(=O)(OCC)N(C)c1ccccc1,[ 0.38468027  0.79447335 -0.77331275  0.00380067  0.3784407 ]
O=C(O)COc1ccccc1,[ 0.26547188 -0.49871123 -0.7347303  -0.95638496 -0.24243814]
OC[C@@H]1CC[C@H](n2cnc3c(O)ncnc32)O1,[ 0.2527933   0.9263458  -0.4415889  -0.7493994  -0.09224727]
CC(=O)OCCOCCOCCOC(C)=O,[ 0.53854793  0.77904934  0.29006356 -0.48161057  0.07583299]
Clc1ccc(C2(Cn3cncn3)OCCO2)c(Cl)c1,[ 0.3015976  -0.10072193 -0.79137355 -0.22945161  0.04812759]
CC(C)=C1CCC(C)CC1=O,[ 0.573953    1.         -0.9003819  -0.39738294 -0.24537387]
COC(=O)c1ccccc1,[ 0.46407256  0.8285864  -0.6226422  -0.77338207  0.02100178]
CCC1=C(C)CN(C(=O)NCCc2ccc(S(=O)(=O)[N-]C(=O)NC3CCC(C)CC3)cc2)C1=O,[-0.16164453  0.7404375  -0.44153085 -0.8032905  -0.21477184]
CCCCn1c(=O)n(CCC)c(=O)c2[nH]c(C)nc21,[ 0.29775357 -0.32882524 -0.69498867 -0.25075158  0.08771956]
O=Cc1ccc(O)cc1,[ 0.3476706   0.4574083  -0.53972214 -0.6742713  -0.21813047]
O=C1NC(=O)C(c2ccccc2)(c2ccccc2)C(=O)N1,"[ 5.3659678e-01  7.4633634e-01 -1.0000000e+00 -7.8312147e-01
  5.0268159e-04]"
Nn1cnc2cc3ccccc3cc2c1=O,[-0.194572    1.         -0.6991971  -0.522145   -0.22442675]
Fc1cc(-c2cccc3ncc(-c4cnn(C5CCNCC5)c4)nc23)cc(F)c1CN1CCOCC1,[ 0.04456611  0.6993057   0.5739772  -0.4407696  -0.35900444]
CCC(O)CO,[-0.014484    0.65517265 -0.9001558  -0.6634942  -0.12196182]
Cc1cn([C@H]2CCCN([C@H](CC(C)C)c3ccc(C(=O)O)c(Oc4cccc(Cl)c4)c3)C2)c(=O)[nH]c1=O,[-0.1808662   0.8807798  -1.         -0.7232719  -0.23513827]
CN(C)C(=O)N(C)N=O,[ 0.7219481   0.6675809  -0.72667325 -0.7554637  -0.08433103]
C#CC(C)(C)NC(=O)c1cc(Cl)cc(Cl)c1,[ 0.01576036  0.7394769  -0.9809882  -0.91698074 -0.0863438 ]
O=[N+]([O-])c1cc(Cl)c2nc(C(F)(F)F)[nH]c2c1,[ 0.0076147   0.64483136 -0.78990126 -1.          0.04635289]
CC(=O)C1OC1(C)C,[ 0.39856756  0.75392425 -0.751796   -0.58699536 -0.46407413]
CCCCCNCCCCC,[-0.0351188  -0.00403073 -0.49410048 -0.33493495 -0.03258406]
CNC(=O)/C=C(/c1ccc2nc(N)n(S(=O)(=O)C(C)C)c2c1)c1ccccc1-c1cccc2ccccc12,[ 0.4175186   0.56902945 -1.         -0.9182049   0.5223365 ]
CN(C)C(=O)C(CCN1CCC(O)(c2ccc(Cl)cc2)CC1)(c1ccccc1)c1ccccc1,[ 0.30294025  0.9252382  -0.21671015  0.12926628 -0.21368617]
COc1ccccc1Oc1c([N-]S(=O)(=O)c2ccc(C)cn2)nc(-c2ccncc2)nc1OC,[ 0.2611381   0.76148325 -0.6224992  -1.         -0.08476815]
CN1[C@@H]2CC[C@@H]1CC(OC(=O)C(CO)c1ccccc1)C2,[-0.30357543  0.8713738  -0.35078818 -0.12586735 -0.24823694]
OCc1ccccc1,[ 0.47620806  0.88769734 -0.78853023 -0.42820942  0.20303075]
CCCCC(CC)COCCC#N,[ 0.23136723  0.7208991  -0.05231456 -1.         -0.16457903]
COc1ccc([N+](=O)[O-])cc1N,[ 0.13172008  0.83571297 -0.3786305  -0.1624545   0.36973584]
CCCN(CCC)c1c([N+](=O)[O-])cc(S(N)(=O)=O)cc1[N+](=O)[O-],[ 0.39776206 -0.52620244 -0.61819327 -0.54653084 -0.27025157]
O=C1C(Cc2ccccc2)C(=O)N(c2ccccc2)N1c1ccccc1,[ 0.5087401   0.8846161  -0.9389165  -0.88842726  0.5433949 ]
COP(=S)(OC)Oc1cnc2ccccc2n1,[ 0.15908842 -0.38719168 -0.8352532  -0.9246588   0.05490911]
O=C(CCCCC(=O)OCC1CC=CCC1)OCC1CC=CCC1,[-0.41362274 -0.76497436 -1.         -1.         -0.35387313]
CCC(C)(C)C1CCC(=O)CC1,[ 0.51438135  0.59651023 -0.5947317  -0.57686234 -0.03537412]
Clc1cccc([Si]23OCCN(CCO2)CCO3)c1,[ 0.33521214  0.90977865 -0.05257412 -0.940807   -0.65852815]
CN(C)Cc1cc(CN(C)C)c(O)c(CN(C)C)c1,[ 0.3804315   0.798317   -0.46647304 -0.22685204  0.01422388]
O=C(CCl)CCl,[ 0.21303733  0.7957367  -0.6409151  -0.52653694 -0.3284107 ]
CCCCCCOCCOCCO,[-0.28846684 -0.32823205 -0.70242053 -0.67770135  0.33714023]
CCCCCCCC=CC=O,[ 0.26507992  0.78701663 -0.73526245 -0.85718995  0.5881722 ]
NC(=S)NNCNNC(N)=S,[-0.04027275 -0.27864587 -0.93481123 -0.64670163 -0.38747364]
COc1ccccc1NC(=O)CC(C)=O,[-0.45692304  0.47217885 -0.8383283  -0.61774784  0.30178413]
CCOP(=S)(Oc1cccc2cccnc12)c1ccccc1,[ 0.15373364  0.4836426  -1.         -0.37521374 -0.06293442]
CNC(=O)Oc1ccc(CCC#N)cc1,[ 0.35721862  0.7299623  -0.4717544  -0.7333977   0.22572765]
CC(=O)N(C)c1ccc(Nc2ncc3cc(-c4ccncc4)ccc3n2)cc1,[-0.06682067  0.6504207  -0.6715899   0.83802056 -0.17646301]
CCOc1ccccc1C(N)=O,[ 0.6501333   0.60332245 -0.34811142 -0.66721016 -0.75434357]
CNC(=O)ON=C(C)SCC(N)=O,[ 0.06949801 -0.07723324  0.36855572 -1.         -0.26798418]
CC(=O)OO,[-0.12912278  0.61105144 -0.48885503 -0.6466361  -0.22616014]
Cc1cc(-c2ccc(Cl)c(C(=O)NCC3(O)CCCCCC3)c2)nn1C[C@H](O)CN,[ 0.34758323  0.58229727 -0.9053762  -0.94166106 -0.33862093]
c1ccc2[nH]c(-c3cscn3)nc2c1,[ 0.15867533  0.73738813 -0.793936   -0.60845697 -0.05747482]
CCN(CC)c1ccc(-c2nc(=O)n(C)nc2-c2ccc(N(CC)CC)cc2)cc1,[-0.01360162 -0.24846026 -1.         -0.99816996  0.31311813]
O=[N+]([O-])c1cc(C2CCCCC2)c(O)c([N+](=O)[O-])c1,[ 0.18974507  0.6575373  -0.04097624 -0.40559575 -0.43206996]
COP(=S)(OC)Oc1ccc(C#N)cc1C,[-0.441142    0.8979268  -0.52094114 -0.6127456  -0.39053926]
Nc1nc(Nc2ccc(S(N)(=O)=O)cc2)nn1C(=O)c1c(F)cccc1F,[ 0.3205816   0.7426787  -1.         -0.40085497 -0.00249148]
Cc1ccc(C(=O)N(CCCN)[C@@H](c2nc3cc(Cl)ccc3c(=O)n2Cc2ccccc2)C(C)C)cc1,[ 0.2793013   0.6289046   0.37633455 -0.41997063 -0.17301238]
Cc1onc2c(=O)n(C)nc(-c3ccccc3)c12,[ 0.26612756  0.834301   -0.77240247 -0.46976638 -0.08898018]
CNC(=O)Oc1ccccc1C1OCCO1,[ 0.0563368   0.1991044  -0.689544   -0.5414411  -0.36720008]
CSCC(=O)N(C)C(=O)Oc1ccccc1OC(C)C,[ 0.1570584   0.6041405  -0.79582554 -0.7969418  -0.34363666]
CNC(=O)[C@@H]1Cc2cn(cn2)CC(=O)N2CCC[C@H]2C(=O)N[C@@H](C)C(=O)N1C,[ 0.16481777  0.7044612  -0.693035   -0.68406916 -0.02001655]
NCC(O)CO,[ 0.49339724  0.87766093 -0.8652537  -0.5115553   0.49101883]
CC(C)=CCCC(C)=CCCC(=CCCC(C)=CCO)CO,[ 0.14120881  0.55000895 -0.5525293  -0.5595951   0.36704177]
CCCCCCCCCCOc1c(OC)cc(C(N)=O)cc1OC,[ 0.28438208  0.37621215 -1.         -0.471182    0.172722  ]
CNC(=O)c1cccc2c(Nc3ccc(NS(C)(=O)=O)cc3OC)c3cccc(C)c3[nH+]c12,[ 0.3493133   0.66740555 -0.89153886 -0.8270302  -0.54095066]
Cc1ccccc1COC1CC2(C(C)C)CCC1(C)O2,[-0.216128    0.03259828 -1.         -0.5849919   0.17326799]
COc1cc2ncc(C(N)=O)c(Nc3ccc(F)cc3F)c2cc1NCCN1CCCCC1,[ 0.20691007  0.88671917 -1.         -0.90362763  0.80763   ]
CCP(=O)(OC)SC,[-0.17137541  0.90715533 -0.7703076  -0.8847503  -0.25704074]
C1CCC2CCCCC2C1,[ 0.17674075  0.7442701  -0.7099491  -0.8147774   0.43587795]
O=C(O)CCCCCC(=O)O,[ 0.29980725  0.8410236  -0.5332856  -0.4273002   0.22413185]
OC(CCN1CCCC1)(c1ccccc1)C1CCCCC1,[-0.18077523  0.89857066 -0.74600923 -0.6171669  -0.04825766]
COC(=O)c1cc([N+](=O)[O-])ccc1Cl,[ 0.29114133  0.838305   -0.70913327 -0.7809199   0.06913852]
NCCNCCNCc1ccccc1O,[ 0.49885562  1.         -1.         -1.          0.23706284]
CCOP(=S)(NC(C)C)Oc1ccccc1C(=O)OC(C)C,[-0.46436253  0.81781787 -0.77964294 -0.59353983  0.321183  ]
NC(=[NH2+])NCCCCC1NC(=O)CCSSCC(C(N)=O)NC(=O)C2CCCN2C(=O)C(Cc2c[nH]c3ccccc23)NC(=O)C(CC(=O)[O-])NC(=O)CNC1=O,[ 0.16436155  0.831387    0.883768   -0.23000024 -0.1048633 ]
C=C(C)C(=O)OCCOC(=O)C(=C)C,[ 0.01449106 -0.07695504 -0.26566157 -0.9997838   0.26715696]
C=C1CC1CC(N)C(=O)O,[-0.00251112  0.9719857  -0.5229258  -0.5808721  -0.47359365]
COC(=O)C1=C(C)NC(C)=C(C(=O)OCCN(C)Cc2ccccc2)C1c1cccc(N(O)O)c1,[-0.20879337  0.8849001  -0.47775048 -0.7305505  -0.42682007]
CCN1CN(CO)C(=O)N(CO)C1,[ 0.60232514  0.2844666  -0.69418967 -1.         -0.33388075]
Brc1ccc2[nH]cc(CC3CCNCC3)c2c1,[ 0.00439935  0.8740384  -0.67128265 -0.69459534 -0.49493003]
Cc1nn(C2CCCCC2)c(N)c1-c1ccccc1,[ 0.06031415  0.96534723 -0.9097754  -0.85834754 -0.45979464]
Cc1cn([C@H]2CCCN(S(=O)(=O)c3ccc(CO)c(Oc4cccc(Cl)c4)c3)C2)c(=O)[nH]c1=O,[-0.05926016 -0.63577944 -0.5468457  -0.37798098 -0.01288531]
S=C1NCCNC(=S)S1,[ 0.17976332  0.39073402 -0.71729773 -0.76508826 -0.47531885]
CC(C)C1NC(=O)c2ccccc2O1,[-0.05725899  0.81399804 -0.6427482  -0.729492   -0.31782958]
COc1ccc2c3c1OC1C(O)C=CC4C(C2)[N+](C)([O-])CCC341,[-0.13428168  0.9003741  -0.7205751  -0.7795829  -0.2773684 ]
C=CCc1cc(OC)c2c(c1)OCO2,[ 0.13309595  0.67539454 -0.31395113 -0.86901265 -0.50440854]
Cc1ccc(NC(=O)c2ccc(Cl)c(C(F)(F)F)c2)cc1C(=O)Nc1cccnc1,[ 0.05207094  0.7951206  -0.45900103 -0.44786948  0.718116  ]
CNC(=O)c1c(I)c(NC(C)=O)c(I)c(C(=O)[O-])c1I,[ 0.42467642  0.8287536  -0.4556031  -0.69407487 -0.2304446 ]
CCOc1cc2nnc(C(N)=O)c(Nc3ccc(F)cc3F)c2cc1N1CCN(C)CC1,[ 0.0531063   0.36212158 -0.9506046  -0.5550043   0.8438386 ]
CCON=C(CC)C1=C(O)CC(c2c(C)cc(C)cc2C)CC1=O,[-0.274355    0.37237036 -0.6220219  -0.69633204 -0.29185957]
CC(C)(C)NCCC(O)c1cc(C(F)(F)F)nc2c(C(F)(F)F)cccc12,[ 0.325934    0.5335575  -0.6021184  -0.49602622  0.74249405]
C[NH2+]C(C)C1CCC(N)C(OC2C(N)CC(N)C(OC3OCC(C)(O)C([NH2+]C)C3O)C2O)O1,[ 0.04353057  0.8524638  -0.5881274  -0.64517677 -0.05123975]
CCCCCCCCCCOC(=O)Cc1ccc(N(CCCl)CCCl)cc1,[ 0.5830712  -0.09223799 -1.          0.7459732  -0.40153092]
Cc1cnc(-c2cc(NC(=O)c3ccc(C(F)(F)F)nc3C)ccc2Cl)[nH]1,[ 0.35411364  0.6838372  -0.715298   -0.77386034  0.05954361]
CCOP(=S)(OCC)SCSCc1ccccc1,[-0.0974813   0.8290854  -0.59151095 -0.9641097   0.11406486]
CC(C)CCCC1CCC(C)(C(=O)NCC(=O)O)CC1,[ 0.4253525   0.08330375 -0.3777051  -0.76531786 -0.00153259]
CCCCN1C(=O)c2cccc([N+](=O)[O-])c2C1=O,[ 0.30102086  0.4577188  -0.23710059 -0.41098619  0.5762876 ]
C[C@@H]1O[C@@H](O[C@H]2[C@H](Oc3cc(O)c4c(c3)O[C@H](c3ccc(O)cc3)CC4=O)O[C@H](CO)[C@@H](O)[C@@H]2O)[C@H](O)[C@H](O)[C@H]1O,[ 0.50849116  0.8227315  -0.67078155  0.75793326  0.13048306]
COc1ccc(NC(=O)CF)cc1,[ 0.48701078  0.76128817 -0.7738558  -0.24019149 -0.12058301]
C=COCCOC,[ 0.2735655  0.8671754 -0.8537682 -1.         0.7968718]
Cc1ccc(S(=O)(=O)N(C)C(=O)N2CCC(N3CCC(Oc4ccc(Cl)c(Cl)c4)CC3)CC2)cc1,[-0.09901755 -0.39603576 -0.7138087  -1.         -0.06948382]
CCNC(=O)C(C)OC(=O)Nc1ccccc1,[ 0.4167853   0.7515659  -0.8259979  -0.78923374  0.1114905 ]
CO[C@@H]1C=CO[C@@]2(C)Oc3c(C)c(O)c4c(c3C2=O)C(=O)/C(=C\NN2CCN(C)CC2)C(=C4O)NC(=O)C(C)=CC=C[C@@H](C)[C@H](O)[C@H](C)[C@H](O)[C@@H](C)[C@@H](OC(C)=O)[C@@H]1C,[ 0.5382306  -0.634122    0.40726027 -0.43385988  0.57116634]
Nc1c(Cl)c(Cl)c2[nH]c(C(F)(F)F)nc2c1Cl,[ 0.3129194   0.44798034 -0.5956528  -0.77782893  0.49709222]
ClCC(Cl)=C(Cl)Cl,[ 0.47346124  0.59824556 -0.7394491  -0.671366   -0.13228504]
CCCNC(=N)C(OCC)c1ccccc1,[ 0.4307717   0.98436314 -0.9298875  -0.7730951  -0.07789591]
CC(C)(C)c1ccc(C(=O)O)cc1,[ 0.35197583  0.44696528 -0.6317271   0.6083851   0.16839701]
CCC[NH+]1CCCCC1C(=O)Nc1c(C)cccc1C,[ 0.23925875  0.52907586 -0.71797603 -0.838306   -0.12011681]
O=C(O)c1ccccc1C(=O)Nc1cccc2ccccc12,[-0.19752467  0.78446794 -0.65601796 -0.9759859  -0.29412046]
O=C(NC1CC1)c1cc(-c2cccs2)on1,[-0.5304624   0.92752236 -0.75259453 -0.5729914  -0.14759262]
C[C@@H]1O[C@@H](O[C@@H]2[C@@H](O)[C@H](OCCc3ccc(O)c(O)c3)O[C@H](CO[C@@H]3O[C@H](CO)[C@@H](O)[C@H](O)[C@H]3O)[C@H]2OC(=O)/C=C/c2ccc(O)c(O)c2)[C@H](O)[C@H](O)[C@H]1O,[ 0.21580759  0.97942215 -0.8688503  -0.401039   -0.618422  ]
CC(C)CON=O,[ 0.57788414  0.6194595  -0.06815328 -0.5967692  -0.35332516]
CN1CCN2c3ncccc3Cc3ccccc3C2C1,[ 0.18439284  0.8624017  -0.59474844 -0.72610426 -0.81409043]
CC(C)(C)CNC(=S)Nc1cccnc1,[ 0.21910466  0.95278966 -0.7635683  -0.9161586  -0.14861898]
CC1(C)C2CCC1(C)C(O)C2,[-0.19154927 -0.9211122  -0.7678299  -0.84152657 -0.02575129]
COCOCCO,[ 0.18560207  0.52434504 -0.84674406 -0.06251584 -0.07115398]
O=C(CCc1ccccc1)OC1=C(OC(=O)CCc2ccccc2)C(=O)OC1=O,[-0.26457217  1.         -1.         -0.66853917  0.39736056]
CC(=O)N(C)C,[ 0.27940837  0.65710616 -1.         -0.8089642  -0.3204414 ]
Cc1c(OC2CCN(CC3CCN([C@@](C)(Cc4ccc(F)cc4)C(=O)O)CC3)CC2)ccc(Cl)c1Cl,[ 0.16242605  0.92759645 -0.96057755 -0.00413917 -0.2753797 ]
CC(C)(C)c1cc(O)ccc1O,[ 0.51948756  0.86403435 -0.29643506  0.5531733   0.06606282]
COc1cc(OC)c(S(=O)(=O)N2c3ccccc3CCC2C)cc1NC(=O)COCC(=O)O,[ 0.4549156   0.8218659  -0.17785579 -0.713278   -0.17234159]
OCCOc1cc(Cl)c(Cl)cc1Cl,[-0.53848803  0.9361495  -0.7242303  -0.37215742 -0.22635408]
Cc1nc(N)nc(N)c1-c1ccc(Br)cc1,[ 0.37450704  0.7785529  -0.69110125 -0.72240025 -0.05161352]
CC(C)NC(=O)c1cnc(N2CCC(N3C(=O)OCc4ccccc43)CC2)c(Cl)c1,[ 0.02946964  0.9894711  -0.8272611  -0.6608927  -0.23483142]
C=C(Cl)C(Cl)CCl,"[-1.2846217e-01  5.3525273e-05 -5.4484272e-01 -9.2690980e-01
 -1.5395975e-01]"
CCCCC(=O)N(Cc1ccc(-c2ccccc2-c2nnn[n-]2)cc1)C(C(=O)[O-])C(C)C,[ 0.09888866 -0.19017714 -0.80134666 -0.84964263  0.09345732]
N=C(N)Nc1nc(CSCCC(=N)NS(N)(=O)=O)cs1,[ 0.5161733   0.5882659  -0.7809722  -0.6117045  -0.14485323]
CC(=O)N(C)c1ccc2ccn(-c3cc(NC4CC4)n4ncc(C#N)c4n3)c2c1,[ 0.3612234   0.82070625 -0.53465796 -0.7275412  -0.18983045]
COc1cc2c(cc1OC)C(Cc1cc(OC)c(OC)c(OC)c1)[N+](C)(CCCOC(=O)CC/C=C\CCC(=O)OCCC[N+]1(C)CCc3cc(OC)c(OC)cc3C1Cc1cc(OC)c(OC)c(OC)c1)CC2,[ 0.45348457  0.8650559  -0.827113   -0.64756536 -0.21059123]
O=C(NC(CCc1ccc2c(c1)OCO2)CCc1ccc2c(c1)OCO2)c1ccc(Cl)cc1,[ 0.3882634   0.56712663 -1.         -0.9493779  -0.0170014 ]
COC(=O)c1ccccc1N=NN(C)C,[ 0.05415263  0.8755086  -0.9056948  -0.5559837  -0.360772  ]
N=C(Nc1c([N+](=O)[O-])cnc2ccccc12)N1CCOCC1,[-0.24388805  0.82482535 -1.         -0.6030279   0.23079853]
CCOP(=O)(OCC)OC(=C(Cl)Br)c1ccc(Cl)cc1Cl,[-0.24288663  0.04829189 -0.78866833 -0.6112962  -0.431747  ]
Nc1ccc(F)c(F)c1F,[-0.39349055  0.6897667  -0.37588012 -0.96147025  0.740172  ]
CC1CC(=O)CC(C)O1,"[ 2.7517334e-01 -7.7822261e-02 -9.7995716e-01 -9.5558184e-01
 -3.9856680e-04]"
CON=C(C(=O)NC1C(=O)N2C(C(=O)O)=C(COC(N)=O)CSC12)c1ccco1,[-0.02668949 -0.7179033  -0.961475   -1.         -0.10616507]
C[C@@H](NC(=O)C1CCCCN1C)c1ccc(Nc2ncc3cc(-c4ccncc4)ccc3n2)cc1,[ 0.01270835  0.9774285  -0.7936787  -0.6525336  -0.18085365]
COC(=O)C(C(C)=O)C(C)=O,[ 0.13657108  1.         -0.9466147  -0.87886137 -0.1314782 ]
C[C@@H]1CC[C@H]2[C@@H](C)[C@@H](OC(=O)CCC(=O)O)O[C@@H]3OC4(C)CC[C@@H]1[C@@]23OO4,[ 0.36222515  0.84330267 -0.56217885 -0.84087926  0.07814062]
Cc1cnc(C)cn1,[ 0.42996985  0.45802897 -0.857172   -0.587641    0.10940389]
Cc1c(Cl)c([N+](=O)[O-])c2[nH]c(C(F)(F)F)nc2c1[N+](=O)[O-],[ 0.03876259  0.61656106 -0.5610066  -0.74750364 -0.01785735]
CCN(Cc1cc(C(F)(F)F)ccc1-c1cc(CC(=O)O)ccc1OC)C(=O)NCc1ccccc1,[ 0.13643098  0.83173615 -0.9668241  -0.6246735   0.2636853 ]
ClCC1CO1,[ 0.4830456   0.56039757 -0.7074602  -0.85809124 -0.22178517]
CC(=O)[C@H]1CC[C@H]2[C@@H]3CC[C@@H]4C[C@H](O)CC[C@]4(C)[C@H]3CC[C@]12C,[-0.04999269  0.90849954 -0.89280915 -0.85636425 -0.5510467 ]
O=c1[nH]c2ccccc2n1CCCN1CCN(C(c2ccccc2)c2ccccc2)CC1,[ 0.3900139   0.6166808   0.40273622 -0.52837276  0.12603931]
CCOC(=O)C=Cc1ccc(Cl)cc1,[ 0.21112974  0.99300325 -0.78993726 -0.35249677 -0.3066667 ]
Cc1cc(Nc2nc(N[C@@H](C)c3ccc(F)cn3)c(C#N)cc2F)n[nH]1,[ 0.5441497   0.5911328  -0.6477288  -0.67241585  0.6108904 ]
C=C(C)C1CC=C(C)C(O)C1,[ 0.15801817  0.53029597 -0.18722294 -0.8065202   0.38909864]
CCCCSCCCC,[ 0.5647771   0.7105548  -0.7452376  -0.7141256   0.07864943]
COc1ccc2c(O[C@@H]3C[C@H]4C(=O)N[C@]5(C(=O)NS(=O)(=O)C6CC6)C[C@H]5/C=C\CCCCN(C)C(=O)[C@@H]4C3)nc(-c3ccc(F)cc3)nc2c1C,[ 0.24398668  0.58759046 -0.6480172  -0.8173517  -0.24179666]
O=P(OCCCl)(OCCCl)OC1CC(C(Br)CBr)CCC1Cl,[-0.3289577   0.86686605 -0.79297745 -0.632298   -0.12208943]
C=CC(=O)OCCOCC,[ 0.5438456   0.703825   -1.         -1.         -0.12528351]
CCOP(=O)(NC(C)C)SCC(=O)NCOC,[ 0.48576295  0.6733825  -0.92864394 -0.7878742   0.02155375]
CCC(C)(C)c1ccc(Cl)c(OC(=O)NC)c1,[ 0.45739985  0.39512956 -0.7615391  -0.8280516   0.10643883]
Cc1cc(Sc2cc(C)c(O)c(C(C)(C)C)c2)cc(C(C)(C)C)c1O,[ 0.4474029   0.8293304  -0.4249933  -0.74903345 -0.05207735]
CC(=O)N1CCN(c2ccc(OC[C@H]3CO[C@](Cn4ccnc4)(c4ccc(Cl)cc4Cl)O3)cc2)CC1,[ 0.48657197  0.65411943 -0.7602163  -0.41868976 -0.09111124]
CCN(N=O)C(C)OC,[-0.1234986   0.8297899  -0.7177261  -1.         -0.28683352]
COC(=O)/C=C/CNC(=O)CN1C(=O)[C@@H](COC(=O)Nc2ccc(Cl)cc2C(F)(F)F)N=C(c2ccccc2)c2ccccc21,[-0.00286071  0.6745492  -1.         -0.97459036  0.74393773]
CC(C)NCC(O)COc1cccc2ccccc12,[ 0.2608987   0.70467716 -0.74965084 -0.8145433  -0.62717146]
Cc1nc(C(F)(F)F)ccc1C(=O)Nc1ccc(Cl)c(-c2ccccn2)c1,[-0.12288582 -0.47742268 -0.26408052 -0.62740874 -0.07390851]
O=C1C2CC3C1C1(Cl)C(Cl)C4(Cl)C2C3C1(Cl)C4(Cl)Cl,[ 0.6415336   0.7524412  -0.6412375  -0.87081945 -0.37457725]
C=CC(=O)N1CN(C(=O)C=C)CN(C(=O)C=C)C1,[ 0.5984536   0.800772   -0.82475144 -0.70090646 -0.67256093]
NC(=O)c1cnc(N[C@@H]2CCCC[C@@H]2N)nc1Nc1cccc(-n2nccn2)c1,[-0.24823895  1.         -0.8938349  -0.9237064   0.23168053]
O=C1CCc2ccccc2O1,[ 0.33173925  0.73766875 -0.8387638  -0.7731632   0.50227237]
CC1CS1,[ 0.17775571  1.         -0.75716907 -0.984579    0.08005244]
CC(=O)OC(C(Cl)(Cl)Cl)P(=O)(Oc1ccccc1)Oc1ccccc1,[ 0.17728473 -0.14825054 -0.44623244 -0.814346   -0.11083168]
C=CN(CC)C(C)=O,[-0.23028658  0.88149613 -0.78304493 -0.77605593 -0.3429622 ]
CCCSP(C)(=S)Oc1ccccc1,[ 0.46962863  0.6670334  -0.8508298  -0.5777061  -0.3588275 ]
Cc1ccc(OP(=O)(Oc2ccccc2)Oc2ccccc2)cc1,[-0.10067397  0.78038985 -0.79353124 -0.0968062  -0.01169515]
Cc1ncsc1C,[-0.04474368  0.70484394 -1.         -0.99935     0.21154124]
COP(=S)(OC)SC1CSC=CO1,[-0.47760093  0.83430123 -0.79377705 -0.76826614 -0.19133146]
CCCCOc1ccccc1NC(C)=O,[-0.1225641  -0.55015004 -0.66455126 -0.8439213   0.5237391 ]
COP(=S)(OC)SCc1nnc(SC)s1,[ 0.20847502  0.39688367 -0.390447   -0.6890482   0.21360114]
C=CC[NH+]1CCCC1CNC(=O)c1cc(S(=O)(=O)NC)c(N)cc1OC,[ 0.07060309  0.62895066  0.08837952 -0.46436065 -0.06646256]
CCOC(=O)CCN(SN(C)C(=O)Oc1cccc2c1OC(C)(C)C2)C(C)C,[-0.60034627  0.8473507  -0.8617175  -0.76214147 -0.0846589 ]
CC(O)CO,[ 0.5080017   0.5834816  -0.18903834 -0.6635622  -0.31131634]
C[N+](C)(C)[NH2+]CCC(=O)[O-],[ 0.21409154  0.93828213 -0.85248953 -0.74861544  0.5388785 ]
Cc1ccccc1S(=O)(=O)NC(=O)N1CCC(N2CCC(Oc3ccc(Cl)c(Cl)c3)CC2)CC1,[ 0.12714237  0.8918714  -1.         -0.7342319  -0.24924758]
CCN1CCCC1CNC(=O)c1cc(S(N)(=O)=O)ccc1OC,[-0.24107516 -0.19928585 -0.23296414 -0.36485383 -0.3822803 ]
C/C=C/c1cc(OC)c2c(c1)C(C)C(c1cc(OC)c(O)c(OC)c1)O2,[ 0.59120333 -0.17506762 -0.11388151 -0.9029418   0.15120414]
CCCN(CCC)c1c([N+](=O)[O-])cc(C)cc1[N+](=O)[O-],[ 0.25216842  0.7344549  -0.25052345 -0.5476131  -0.12912963]
C1=CC2C3C=CC(C3)C2C1,[ 0.18575585  0.70332646 -0.4919724  -0.9075106  -0.5034082 ]
CC(=O)C1(O)Cc2c(O)c3c(c(O)c2C(OC2CC(N4CC4)C(OS(C)(=O)=O)C(C)O2)C1)C(=O)c1ccccc1C3=O,[ 0.04689603  1.         -0.9840984  -0.1952953  -0.22746317]
CCOP(=S)(OCC)OC(C)CC,[-0.05595097 -0.03150117  0.56536543 -0.58322984 -0.55046797]
Oc1ccc2c(c1)CCC2,[ 0.15830083  0.8168955  -0.6673416  -1.          0.03094285]
Cc1cc(C)c(C)cc1C,[ 0.5539796   1.         -0.14880195 -0.7716494  -0.20571767]
O=C1CC(N2C(=O)c3ccccc3C2=O)C(=O)N1,[ 0.02672703  0.52974415 -0.64140326 -0.7108571  -0.07702687]
N#Cc1ccc2[nH]c(C(F)(F)F)nc2c1,[ 0.34121102  0.9009222  -0.79400206 -0.64171064 -0.25759166]
CCC(C(=O)N1CCCCC1C(=O)OC(CCc1ccc(OC)c(OC)c1)c1cccc(OCC(=O)NCCNC(=O)COc2cccc(C(CCc3ccc(OC)c(OC)c3)OC(=O)C3CCCCN3C(=O)C(CC)c3cc(OC)c(OC)c(OC)c3)c2)c1)c1cc(OC)c(OC)c(OC)c1,[ 0.21299839 -0.75945514 -0.61431545 -0.77174914 -0.1781581 ]
CC(C)(C)[NH2+]CC(O)c1cc(O)cc(O)c1,[ 0.27780208  0.00354457 -0.9216839  -0.8959816  -0.2994099 ]
CCOP(=S)(OCC)SCC(=O)N(CCC#N)c1ccccc1,[ 0.26265684  1.         -0.99827003 -0.9499096   0.19551127]
CC1CCN(C(=O)CC(Cc2cccc(C(=N)N)c2)NS(=O)(=O)c2ccc3ccccc3c2)CC1,[ 0.38513976  0.8051181  -0.7724684  -0.43096006 -0.07026996]
C(=NC1CCCCC1)=NC1CCCCC1,[-0.19041325  0.9285652  -0.6210046  -0.95054716 -0.237669  ]
C#CC1(O)C=CC2C3CCC4=CC(=O)CCC4C3CCC21CC,[-0.21823007  0.69268024 -0.79785204 -0.34945238 -0.29744944]
Clc1nc(Cl)nc(Cl)n1,[ 0.1163073  -0.27385646 -1.         -0.61668396  0.59039575]
Cc1c(C(=O)NCCO)[n+]([O-])c2ccccc2[n+]1[O-],[ 0.1508945   0.73229104  0.8711247  -0.06917498 -0.12702814]
Nc1ccc([N+](=O)[O-])cc1N,[ 0.4942206   0.5345261  -0.7462784  -0.4218765  -0.16256066]
C=CCNC(=O)C(=O)C(CCC)NC(=O)C1CC2CN1C(=O)C(C1CCCCC1)NC(=O)Cc1cccc(c1)OCCC(C)(C)O2,[ 0.42795518  0.24730322 -0.28315333 -0.37518415  0.00506142]
O=S(=O)(O)c1ccc2cc(Nc3cccc4c(O)c(S(=O)(=O)O)ccc34)ccc2c1O,[ 0.04619757 -0.99842036 -0.58181095 -0.31263041  0.25862813]
CO/N=C(\C(=O)N[C@@H]1C(=O)N2C(C(=O)O)=C(COC(C)=O)CS[C@H]12)c1csc(N)n1,[ 0.49234265  0.86249363 -0.3077143  -0.60739094  0.23937145]
Cc1cnc(C)c(C)n1,[ 0.08943262  1.         -0.7358322  -0.5527676  -0.1305236 ]
CC1[NH2+]Cc2cc(-c3ccc4c(=O)c(C(=O)[O-])cn(C5CC5)c4c3OC(F)F)ccc21,[-0.19532542  0.8726417  -0.6806144  -0.760678   -0.09480031]
CC(C)(C)c1cc(CCC(=O)OCCSCCOC(=O)CCc2cc(C(C)(C)C)c(O)c(C(C)(C)C)c2)cc(C(C)(C)C)c1O,[ 0.56591797  0.83908767 -0.9514977  -0.9174347   0.35702488]
c1cc(-c2ccc3nc(Nc4ccc(OCCN5CCCC5)cc4)ncc3c2)ccn1,[-0.21349755  0.8767359  -0.16661969 -0.58306915  0.45236373]
CC(=O)SCC(=O)Nc1nc2ccccc2s1,[ 0.08877555  0.85743946 -0.4606629  -0.8103934  -0.35064375]
CN(C)C(=O)Cl,[ 0.45412728  0.7043721  -0.6610587  -0.5476242   0.2298342 ]
[O-][n+]1onc2c1c1no[n+]([O-])c1c1no[n+]([O-])c21,[ 0.39776403  0.6030583  -1.         -0.7697349  -0.15647998]
Cc1ccc(N2CC(COc3ccc(-c4noc(C)n4)cc3)C2)nn1,[-0.18703891  0.51031065 -0.5697727  -0.7647488  -0.0065956 ]
O=C(OCC1CO1)c1ccccc1C(=O)OCC1CO1,[ 0.41466838  0.04850851 -0.95575255 -0.9200397   0.15632978]
CNC(=O)ON=C1CCCC1(C)C#N,[-0.21079059  0.7808326  -0.8369079  -0.61892587 -0.25543898]
CCc1ccc2[nH]c(C(F)(F)F)nc2c1,[ 0.1468128  -0.19503294 -0.76257956 -0.5520839   0.1627984 ]
COc1nc(C)nc(Cl)c1NC1=NCCN1,[ 0.13163348  0.7609319  -0.76700467 -0.5691784  -0.05823698]
O=C1COc2ccc(CNC3CCN(CCN4C(=O)COc5ccc(Cl)cc54)CC3)nc2N1,[-0.021444    0.8476669  -0.81689936 -0.63782185  0.08948428]
N#Cc1c(-c2ccc(-c3ccncc3Cl)cc2)nc2ccncc2c1O,[ 0.55207264  0.8160366   0.08347803 -0.54677933  0.0090261 ]
CC(C)(C)c1nnc(NS(=O)(=O)c2ccccc2)s1,[ 0.32824865  0.7929959  -0.6461983  -0.90940773  0.3474308 ]
CC(C)Cn1c(=O)n(C)c(=O)c2c(C(=O)N3CC[C@@H](O)C3)c(Cc3c[nH]c4ccccc34)sc21,[ 0.42720965  0.7627601  -0.72388095 -0.61747265  0.21909526]
COc1cc2ncc(C(N)=O)c(Nc3ccc(C)cc3F)c2cc1OC,[ 0.07704874  0.7681817  -0.782359   -0.19686706 -0.27378052]
C=COC(=O)CCCCCCC,[-0.2192838   0.926835   -0.8427855  -0.8741037  -0.06980672]
CC1(C)C2CC=C(CCO)C1C2,[ 0.13894275  0.63675904 -0.856281   -0.58847517  0.23975515]
COc1cc(C=CC(N)=O)ccc1O,[ 0.32475522  0.7214258  -0.9969101  -0.5201117   0.12557095]
CC(C=O)=Cc1ccco1,[ 0.08024976  0.95483935 -0.94567883 -0.9935643   0.64778847]
O=C(/C=C/c1ccc(O)c2c1C(C(=O)O)C(c1ccc(O)c(O)c1)O2)OC(Cc1ccc(O)c(O)c1)C(=O)O,[ 0.3682752   0.8019798  -0.77936274  0.6311159  -0.12082052]
COc1cc(C(=O)NC2CCCNC2)cc(OC)c1OC,[ 0.2799029   0.8817261  -0.34786057 -0.59703666  0.15300772]
N=C(NN=Cc1ccc(Cl)cc1)NN=Cc1ccc(Cl)cc1,[ 0.48222062  0.7772349  -0.95062846 -0.5898712  -0.00311512]
O=C(Nc1cccc(Cl)c1)OCC#CCCl,[ 0.00867582  0.8110903  -0.8257212  -0.8891541  -0.2916438 ]
O=C(O)Cc1ccccc1N1CCC(CN2CCC(Oc3ccc(Cl)c(Cl)c3)CC2)CC1,[-0.41768113  0.9008347  -0.8450015  -0.82367635 -0.45689398]
COC(=O)C(C)NP(=O)(OC[C@@H]1C=C[C@H](n2cc(C)c(=O)[nH]c2=O)O1)Oc1ccc(I)cc1,[ 0.3489183  -0.06823792 -1.         -0.8754408  -0.22747982]
