Brc1ccc2[nH]cc(CC3CCNCC3)c2c1,[ 0.15942757  0.7845803  -0.80161333 -0.74979347  0.11756976]
CN1C(=O)CN=C(c2ccccc2F)c2cc(Cl)ccc21,[-0.29322332  0.8048056  -1.         -0.4653647  -0.53384155]
C=CCC1/C=C(\C)CC(C)CC(OC)C2OC(O)(C(=O)C(=O)N3CCCCC3C(=O)OC(/C(C)=C/C3CCC(O)C(OC)C3)C(C)C(O)CC1=O)C(C)CC2OC,[ 0.5352136   0.45137453 -0.58948404 -0.85421216 -0.53608614]
CON=C(Cc1cccnc1)c1ccc(Cl)cc1Cl,[ 0.5079557   0.45773405 -0.6578021  -0.22799419 -0.26296496]
CCCNC(=N)C(OCC)c1ccccc1,[ 0.22060083  0.9730273  -0.39128202 -0.09772876 -0.12522839]
Cc1cc(C)c(C)cc1C,[ 0.22674565  0.86339706 -0.34146363 -0.7020892  -0.26606178]
Cc1ccc(N=CN(C)SN(C)C=Nc2ccc(C)cc2C)c(C)c1,[-0.06648552  0.6340215  -0.23124373 -0.63753814  0.25000408]
O=c1cc(Cn2c(C3CCC3)nc3nccnc32)c2ccc(F)c(F)c2[nH]1,[-0.00265868  0.4857007  -0.9018602  -0.5571632   0.68864155]
O=C(Cc1cccs1)N[C@@H]1C(=O)N2C(C(=O)[O-])=C(C[n+]3ccccc3)CS[C@H]12,[ 0.47804663  0.67203814 -0.8470437  -0.8517009   0.03721789]
C=CCc1cc(OC)c2c(c1)OCO2,[ 0.23821823  0.7380121  -0.9961815  -0.6173466  -0.17089224]
CCCCC(CC)OCCOCCO,[ 0.15009229  0.0585546  -0.54082096 -0.3582923   0.12206829]
CCC(C(=O)N1CCCCC1C(=O)OC(CCc1ccc(OC)c(OC)c1)c1cccc(OCC(=O)NCCNC(=O)COc2cccc(C(CCc3ccc(OC)c(OC)c3)OC(=O)C3CCCCN3C(=O)C(CC)c3cc(OC)c(OC)c(OC)c3)c2)c1)c1cc(OC)c(OC)c(OC)c1,[ 0.14871243 -0.59238684 -0.5303298   0.44107562 -0.03466953]
CCC(=O)Nc1ccc2[nH]c(C(F)(F)F)nc2c1,[-0.27520275  0.8545318  -0.55570495 -0.81985927  0.7743017 ]
CC(=O)N[C@H](Cc1ccc2ccccc2c1)C(=O)N[C@H](Cc1ccc(Cl)cc1)C(=O)N[C@H](Cc1cccnc1)C(=O)N[C@@H](CO)C(=O)N[C@@H](Cc1ccc(O)cc1)C(=O)N[C@H](CCCNC(N)=O)C(=O)N[C@@H](CC(C)C)C(=O)N[C@@H](CCCNC(=N)N)C(=O)N1CCC[C@H]1C(=O)N[C@H](C)C(N)=O,[ 0.05848726  0.79899204 -0.6934828  -0.851377   -0.31768328]
C=CC(=O)OCCOCCC#N,[ 0.3249749   0.9452041  -0.81432855 -0.9096755  -0.05176749]
CC(=O)C1(O)Cc2c(O)c3c(c(O)c2C(OC2CC(N4CC4)C(OS(C)(=O)=O)C(C)O2)C1)C(=O)c1ccccc1C3=O,[ 0.17299312  0.9619191  -0.6077536  -0.46505445 -0.34585112]
OCCOCCOCCOCCO,[-0.04989355  0.8806153  -0.42934516 -1.         -0.15086497]
CCc1cc2c(s1)-n1c(C)nnc1CN=C2c1ccccc1Cl,[-0.19424652  0.9299869  -0.6665481  -0.7488024  -0.4418743 ]
OC1(c2ccc(Cl)c(C(F)(F)F)c2)CCN(CCCC(c2ccc(F)cc2)c2ccc(F)cc2)CC1,[-0.10679091  0.542541   -1.         -0.8907112   0.32642883]
COc1cnc(-c2ccccc2C(F)(F)CNC(=O)c2ccc(COCC(F)(F)F)nc2)cn1,[-0.22500852 -0.27845377 -0.70411146 -0.78005123  0.01577744]
CCCNC(=O)[N-]S(=O)(=O)c1ccc(Cl)cc1,[-0.12041019  0.9451773  -0.5965085  -0.32702374  0.41487962]
Cc1cnc(C)cn1,[ 0.3153749  -0.48120052 -0.8533077  -0.29203802  0.24113117]
Cc1ccc(S(=O)(=O)N(C)C(=O)N2CCC(N3CCC(Oc4ccc(Cl)c(Cl)c4)CC3)CC2)cc1,[-0.08405057 -0.66910434 -0.60428053 -1.          0.03139526]
CNC(=N)c1cccc(CC(CC(=O)N2CCC(C)CC2)NS(=O)(=O)c2ccc3ccccc3c2)c1,[-0.19018845  0.06256902 -0.73679125  0.10285143 -0.7107172 ]
Nc1nc(Nc2ccc(S(N)(=O)=O)cc2)nn1C(=O)c1c(F)cccc1F,[ 0.35907343  0.8147316  -0.719526   -0.43727756 -0.03307327]
CC(=Cc1ccccc1)C=C1SC(=S)N(CC(=O)O)C1=O,[ 0.43664268  0.87358624 -0.51507485 -0.63365126  0.34043372]
CN(C)NC(=O)CCC(=O)O,[-0.03245639  0.3338872  -0.7708495  -0.4006784  -0.18059652]
BrC12CC3CC(CC(C3)C1)C2,[-0.16963878  0.5800073  -0.8164019  -0.98307484 -0.13112356]
Cc1nc(N)nc(N)c1-c1ccc(Br)cc1,[ 0.20683467  0.9134559  -0.96470237 -0.85000247 -0.37887892]
COc1ccc(-c2cc(=O)c3ccc(OC)cc3o2)cc1,[ 0.10989552  0.79442674 -0.88695896  0.05096534  0.08173115]
Cc1c(-c2c(C)c(N)c3c(C(C)C)c(O)c(O)c(C=O)c3c2O)c(O)c2c(C=O)c(O)c(O)c(C(C)C)c2c1N,[-0.3293174   0.1407065  -0.25459743 -0.79668266 -0.11578338]
C=COCCOC,[ 0.38976872  0.9307223  -0.88541645 -0.787282    0.7803672 ]
O=C(Oc1ccccc1)c1ccccc1C(=O)Oc1ccccc1,[ 0.43585324  0.7046087  -0.83704823 -0.4616474   0.04387825]
C(=NC1CCCCC1)=NC1CCCCC1,[ 0.44362327  0.9056744  -0.65778136 -0.69371915 -0.15125525]
O=c1cc(-c2ccc(O)cc2)oc2cc(O)cc(O)c12,[-0.0306075   0.7792284  -0.82551545 -1.          0.7551171 ]
O=C(OCC=Cc1ccccc1)c1ccccc1,[-0.18990828  0.8106994  -0.8975004  -0.84429944 -0.3245309 ]
CC(C)CN,[-0.4217029   0.8229967  -0.9170811  -0.87435716 -0.02537495]
COP(=S)(OC)SCc1nc(N)nc(N)n1,[ 0.50721145  0.88301504 -0.8695     -0.4018421  -0.43841052]
C=CC(C)CCCC(C)(C)O,[ 0.34763566  0.59430987 -0.5847915  -0.9573668   0.02521607]
O=C(CCCCC(=O)OCC1CC=CCC1)OCC1CC=CCC1,[-0.44060418 -0.6707826  -0.7237122  -0.7927471  -0.5791954 ]
Nc1nc(O)c(Cl)c(-c2ccccc2)n1,[-0.551314    1.         -0.89494485 -0.66329986 -0.43389896]
CC(O)C1C(=O)N2C(C(=O)[O-])=C(SC3CCS(=O)C3)SC12,[-0.06129837  0.567737   -0.71609116 -0.76999533 -0.17352709]
CC(N)C(O)c1cccc(O)c1,[ 0.19747011 -0.00149006 -0.68478304  0.24279542  0.5134259 ]
C[C@@H](NC(=O)C1CCCCN1C)c1ccc(Nc2ncc3cc(-c4ccncc4)ccc3n2)cc1,[ 0.06418364  0.86875755 -0.83259916 -0.62481093 -0.08052935]
CCCN(CCC)c1c([N+](=O)[O-])cc(S(N)(=O)=O)cc1[N+](=O)[O-],[ 0.5261386  -0.00119023 -0.55351627 -0.7438441   0.08104201]
COP(=S)(OC)SC1CSC=CO1,[-0.45401424  0.75043344 -0.8362756  -1.         -0.16255331]
CC(C(O)c1ccc(O)cc1)[NH+]1CCC(O)(c2ccccc2)CC1,[-0.12870418  0.67078596 -0.55945355 -0.7267904  -0.0110681 ]
CC(=O)NC(CS)C(=O)[O-],[-0.07336531  0.5742125  -0.6588886  -0.89996916 -0.3732258 ]
NCCNCCNCc1ccccc1O,[ 0.14036432  0.88891613 -0.58736235 -0.813779    0.34073624]
COc1ccc2c3c1OC1C(O)C=CC4C(C2)[N+](C)([O-])CCC341,"[ 7.9571754e-02  8.4492075e-01 -9.5486128e-01 -8.0214864e-01
  6.1352528e-04]"
N#CCc1ccccc1,[ 0.07681038  0.7702943  -0.84256244 -0.74581176 -0.12053137]
C#CCN(C)c1ccccc1OC(=O)NC,[-0.0563877  -0.53564477  0.08827291 -0.3874021  -0.37801906]
CSCC(=O)N(C)C(=O)Oc1ccccc1OC(C)C,[ 0.12923846  0.56881505 -0.86316293 -0.78663206 -0.2830973 ]
CC(=O)Oc1cc(C(F)(F)F)ccc1C(=O)O,[-0.40009606  0.7834458  -0.80262184 -0.6962225   0.08372715]
C=CCN(C(=O)Cn1nc(C)ccc1=O)C(C)Cc1ccccc1,[ 0.291994    0.7037558  -0.7645915  -0.66078806  0.50511104]
CC(O)C(=O)Nc1c(I)c(C(=O)NC(CO)CO)c(I)c(C(=O)NC(CO)CO)c1I,[ 0.23338903  0.6248794  -0.44206274 -0.51650304  0.22900178]
NC(=O)c1cnc(N[C@@H]2CCCC[C@@H]2N)nc1Nc1cccc(-n2nccn2)c1,[-0.30929542  0.90816325 -0.816541   -1.          0.3448239 ]
CC1CCC(N)CC1N,[-0.02324416  0.80196625 -0.6054847   0.48047772 -0.13708188]
CC(C)NC(=O)c1cnc(N2CCC(N3C(=O)OCc4ccccc43)CC2)c(Cl)c1,[-0.11868173  0.948183   -0.79224336 -0.5310494  -0.00608864]
Cc1cc(Nc2nc(N[C@@H](C)c3ncc(F)cn3)nc(N3CCOCC3)c2F)n[nH]1,[-0.23733267  0.7253228  -0.5892264  -0.9292161  -0.18995982]
Cc1c(OC2CCN(CC3CCN([C@@](C)(Cc4ccc(F)cc4)C(=O)O)CC3)CC2)ccc(Cl)c1Cl,[ 0.3629057  -0.346978   -0.8685572  -0.5350632  -0.12397715]
CCNC(=O)C(C)OC(=O)Nc1ccccc1,[ 0.3411628   0.8064971  -0.9433164  -0.88286656  0.608141  ]
Cc1ccc(N=C=O)cc1N=C=O,[-0.04146941  0.1089507  -0.599413   -0.9685413  -0.1555472 ]
COP(=S)(OC)SCC(=O)N1CCOCC1,[ 0.4034409   0.5665344  -0.65233755 -0.4221701   0.06863065]
CCN(CCO)c1cccc(C)c1,[ 0.37814483  0.845034   -1.         -0.7238883  -0.01274213]
CCCCOC(=O)c1ccc(-n2nc(OCCN3CCCCC3)c3ccccc32)cc1,[-0.511198    0.9463832  -0.54638785 -0.8029943   0.5874573 ]
CC1NC(=S)NC1=O,[-0.14187296  0.96164244 -0.84177125 -0.73145723 -0.15306567]
CC(C)CCCC1CCC(C)(C(=O)NCC(=O)O)CC1,[ 0.58858675  0.72240657 -0.60241383 -0.7904216  -0.25720704]
CCCCCCOC(=O)C(O)c1ccccc1,[ 0.3828     0.5992253 -0.6842012 -0.5529154 -0.4064819]
CCC(C)c1ccc(Oc2ccc(C)cc2CC(=O)O)c(Cl)c1,[ 0.32172966  0.9333028  -0.83556503 -0.5523164  -0.09418455]
Cc1c(OCC(F)(F)F)ccnc1CS(=O)c1nc2ccccc2[nH]1,[ 0.35472172  1.         -0.81057006 -1.         -0.14112222]
CP(=S)(Oc1ccccc1)Oc1ccc(C#N)cc1,[ 0.3197976   1.         -1.          0.08286238  0.25435725]
COC(=O)c1ccccc1N=NN(C)C,[ 0.26799867  0.9595781  -0.66445076 -0.6226897  -0.39547542]
O=C(O)[C@@H](c1ccccc1)N1CCC(CN2CCC(Oc3ccc(Cl)c(Cl)c3)CC2)CC1,[ 0.73930734  0.80699974 -0.7935044  -0.05288798 -0.426524  ]
COCOCCO,[ 0.10907193  0.99914896 -0.69276655 -0.35015553 -0.22891586]
FC(F)(F)c1nc2c(Br)c(Cl)c(Br)cc2[nH]1,[-0.19435601  0.6579329  -0.70589596 -0.61103433 -0.01259171]
NS(=O)(=O)c1cc2c(cc1Cl)NC(C(Cl)Cl)NS2(=O)=O,[ 0.28437972  0.8282407  -0.54322135 -0.60152435 -0.16923845]
O=C([O-])CCCc1ccc(N(CCCl)CCCl)cc1,[ 0.22860104  0.85809505 -0.5689944  -0.7400369  -0.3282792 ]
BrC(Br)Br,[ 0.15248616 -0.2957708  -0.769248   -0.21972701  0.92297316]
Oc1ccc2[nH]c(C(F)(F)F)nc2c1,[ 0.02904941  0.78086686 -0.08821866 -0.56096905 -0.29591912]
O=[N+]([O-])c1c(Cl)c(Cl)c(Cl)c2nc(C(F)(F)F)[nH]c12,[ 0.28202876  0.5170393  -0.7458171  -0.8174051   0.15573639]
O=c1[nH]c2ccccc2n1CCC[NH+]1CCC(n2c(=O)[nH]c3cc(Cl)ccc32)CC1,[ 0.11338336 -0.01456835 -0.2152184  -0.74087423 -0.65375674]
c1c[nH]cn1,[ 0.5290827   0.8882449  -0.40069523 -0.8334725  -0.07107811]
COC1CCC=CO1,[-0.38666686  0.8772149   0.7838034  -0.2850239  -0.14041542]
COc1cc2c(c3oc(=O)c4c(c13)CCC4=O)C1C=COC1O2,[-0.16751255  0.76594216 -0.68360335 -0.8072487  -0.67957973]
Cc1c(F)cc(C(=O)NC2CC2)cc1-c1ccc(C(=O)NCC(C)(C)C)cn1,[ 0.27369028  1.         -0.50569797 -0.864403    0.2711373 ]
N#CC1CC2CC2N1C(=O)C(N)C12CC3CC(CC(O)(C3)C1)C2,[ 0.37085345  1.         -0.8442319  -0.7239249   0.27089137]
COC(=O)c1c(Cl)cccc1-c1cnc([C@@H](C)NC(=O)C2(NC(=O)C(F)(F)F)CC2)c(F)c1,[ 0.02971602  0.80640715 -0.8389403  -0.83791965  0.41754606]
CCOc1ccccc1-c1ccc(-c2nc3ccncc3c(O)c2C#N)cc1,[ 0.6303688   0.6427092  -0.86385745 -0.3271779   0.36643237]
O=C(OCCc1ccccc1)c1ccccc1,[ 0.4757817   0.23130332 -0.8103116  -0.44558787 -0.19584595]
CN(C)C(=O)Nc1ccc(Cl)cc1,[ 0.5602038   0.7602452  -0.6229863  -0.6771333  -0.24218278]
Nc1ccc(F)c([N+](=O)[O-])c1,[ 0.43102995  0.838984   -0.47251293 -0.6039738  -0.26598564]
CCOP(=O)(OCC)Oc1nc(Cl)c(Cl)cc1Cl,[ 0.3625465   1.         -0.7552469  -0.78054386 -0.50486594]
O=C(O)CCCCCC(=O)O,[ 0.28815928  0.8771044  -0.51833934 -0.3518255   0.14911051]
FC(F)(F)c1nc2c(Br)cc(Br)cc2[nH]1,[ 0.24734348  0.9075787  -0.98561954 -0.64449203 -0.24634019]
c1ccc2sc(SNC3CCCCC3)nc2c1,[ 0.2042207   0.7634211  -0.99640983 -0.34365702 -0.22561038]
CC(C)Cn1c(=O)n(C)c(=O)c2c(C(=O)N3CC[C@@H](O)C3)c(Cc3c[nH]c4ccccc34)sc21,[ 0.42199817  0.78368366 -0.8524023  -0.49518     0.21846384]
CC[C@H](C)[C@H](NC(=O)[C@H](CCC(=O)[O-])NC(=O)[C@H](CCC(=O)[O-])NC(=O)[C@H](Cc1ccccc1)NC(=O)[C@H](CC(=O)[O-])NC(=O)CNC(=O)[C@H](CC(N)=O)NC(=O)CNC(=O)CNC(=O)CNC(=O)CNC(=O)[C@@H]1CCCN1C(=O)[C@H](CCCNC(N)=[NH2+])NC(=O)[C@@H]1CCCN1C(=O)[C@H]([NH3+])Cc1ccccc1)C(=O)N1CCC[C@H]1C(=O)N[C@@H](CCC(=O)[O-])C(=O)N[C@@H](CCC(=O)[O-])C(=O)N[C@@H](Cc1ccc(O)cc1)C(=O)N[C@@H](CC(C)C)C(=O)[O-],[-0.14901298  0.39118105 -0.36732948 -0.92647475 -0.12028995]
S=C1NCCC(COc2ccccc2)O1,[-0.108159    0.6887629  -0.91928136 -0.8120866   0.6165384 ]
CNc1c(C(N)=O)cnc2[nH]c(-c3ccc(OCCN4CCOCC4)cc3)nc12,[ 0.01917268  0.7334306  -0.6513438  -0.65045804  0.6939341 ]
CC1(C)SC2C(NC(=O)C(C(=O)[O-])c3ccsc3)C(=O)N2C1C(=O)[O-],[ 0.23443748  0.75620604 -0.90785176 -0.3671824   0.28204623]
OC(CCN1CCCC1)(c1ccccc1)C1CCCCC1,[ 0.3284935   0.8661598  -0.5728129  -0.5511415  -0.13506018]
COc1cc(C(=O)NC2CCCNC2)cc(OC)c1OC,[ 0.50217456  0.7414645   0.06440229 -0.56275284 -0.24639682]
N#Cc1cccc(Cc2ncccn2)c1,[ 0.22540481  0.78571355 -0.50805587 -0.8231428  -0.5369605 ]
COc1ccccc1Oc1c([N-]S(=O)(=O)c2ccc(C)cn2)nc(-c2ccncc2)nc1OC,[ 0.21787046  0.70311886 -0.6220645  -0.73043454 -0.013267  ]
CCCCC(CC)CNCC(C)(N)CN(C)CC(CC)CCCC,[ 0.170569    0.02815025 -0.8170948   0.40845528  0.07665863]
Cc1cc(=O)n(CSP(=S)(OC(C)C)OC(C)C)nc1Cl,[ 0.03342859  0.70824414 -0.7961494  -0.7076032  -0.04894084]
CCOC(=O)C(CCc1ccccc1)NC1CCc2ccccc2N(CC(=O)O)C1=O,[ 0.20617564  0.7796973  -0.6163493  -0.9806943  -0.37132245]
CC(C)C(CCC(C)C1CCC2C3C(O)CC4CC(NCCC[NH2+]CCCC[NH3+])CCC4(C)C3CCC12C)OS(=O)(=O)[O-],[ 0.27418065  0.97310936 -0.837742   -0.79186493  0.7280603 ]
CCCCC(CC)COCCC#N,[ 0.0827002   0.668843    0.16677341 -0.83545893 -0.26687008]
CC=C(CC)C(=O)NC(N)=O,[ 0.08749711  0.8246854  -0.9517595  -0.6692145  -0.05025479]
O=C(CO)N1CCC(c2[nH]nc(-c3ccc(Cl)cc3F)c2-c2ccncn2)CC1,[ 0.5195039   0.7428187  -0.21074489  0.18893513  0.41918993]
CCOP(=S)(OCC)Oc1cc(C)n(CC)c(=O)c1,[ 0.04190647  0.85848194 -0.78228796 -0.90292805 -0.31613448]
CC(CC(=O)OC(C)(C)C)NC(=O)C1=NOC(C(O)(C(F)(F)F)C(F)(F)F)C1,[ 0.5483343   0.5487576  -0.8010328  -0.47255456 -0.5966674 ]
CC1CC(=O)CC(C)O1,[ 0.31491807 -0.06211443 -0.84627146 -0.90853316 -0.24207684]
CN1C[C@@H]2c3ccccc3Oc3ccc(Cl)cc3[C@H]2C1,[ 0.12654564 -0.1845975  -0.7489676  -0.5472267  -0.35220408]
C=C[Si](OC)(OC)OC,[ 0.25392175  0.7749347  -0.59026766 -0.78326625  0.09784773]
OCCNCCOc1ccc(C(=C(c2ccccc2)C(F)(F)F)c2ccccc2)cc1,[-0.47632074  0.7827945  -0.6709172  -0.3703408  -0.10008784]
CNC(=O)c1cccc2c(Nc3ccc(NS(C)(=O)=O)cc3OC)c3cccc(C)c3nc12,[ 0.19659235  0.76096493 -0.8785612  -0.46849364  0.40342596]
CC(C)OCCO,[-0.2983796   0.816613   -0.8100168  -0.995473    0.05208099]
COc1cc2nc(N3CCN(C(=O)C4COc5ccccc5O4)CC3)nc(N)c2cc1OC,[ 0.03123156  0.9939694  -0.5881167  -0.332789   -0.39907643]
C[C@@H](NC1=CC(=O)CNC1)c1ccc(Nc2ncc3cc(-c4ccncc4)ccc3n2)cc1,[ 0.17401354  0.8380913  -0.68962497 -0.75476986  0.45015404]
CN(CCO)Cc1cc(C(=O)c2cccs2)cc(C(C)(C)C)c1O,[-1.          1.         -0.8760058  -0.8407813   0.33041364]
O=C(Nc1ccccc1-c1ccccc1)OC1CCN(CCCCCCCCCNC[C@H](O)c2ccc(O)c3[nH]c(=O)ccc23)CC1,[-0.30587816  1.         -0.8044912  -0.5858066  -0.02798799]
CCOc1cc(OCC)c(C(=O)CCC(=O)O)cc1OCC,[ 0.7177732   0.9387843  -0.9202587  -0.8588666  -0.42809898]
C[C@H](CO)Nc1nc(SCc2cccc(F)c2F)nc2[nH]c(=O)cnc12,[ 0.25854507  0.9232587  -0.6891341  -0.58947885  0.14586711]
Cc1ncccc1Oc1ncnc(OC2CCN(C(=O)OC(C)C)CC2)c1C,[-0.03428501  0.84050596 -0.92093813 -0.44944894 -0.1300614 ]
CC(=O)c1ccc2c(c1)N1C(=O)OCC1CC2,[ 0.21003588  0.8967646  -1.         -0.67226404 -0.15671214]
COCCOCCOC(C)=O,[ 0.37586245  0.26747605 -0.84564245 -0.45636436 -0.38058716]
O=CC=CC1CO1,[ 0.3793523   0.7671471  -0.6063328  -0.8873194  -0.49317107]
O=P([O-])([O-])C(O)(Cn1ccnc1)P(=O)([O-])O,[-0.64718646  0.92075187 -0.83117265 -0.08817682  0.15439542]
COC(=O)C(C)NP(=O)(OC[C@@H]1C=C[C@H](n2cc(C)c(=O)[nH]c2=O)O1)Oc1ccc(I)cc1,[ 0.45553467  0.7655961  -0.8014999  -0.8007199  -0.41365886]
CCOP(=S)(OCC)SCSCc1ccccc1,[-0.10313942  0.84421563 -0.642257   -0.97924894  0.07005335]
CCN(CC)c1c([N+](=O)[O-])cc(C(F)(F)F)c(N)c1[N+](=O)[O-],[ 0.39435345  0.97137594 -0.69227064 -0.5761903  -0.15506008]
O=c1cc(-c2ccc(O)cc2)oc2cc([O-])c(C3OC(CO)C(O)C(O)C3O)c(O)c12,[ 0.23998547  0.734871   -0.4317152  -0.02745798  0.0759022 ]
CN[C@@H](C)[C@@H](O)c1ccccc1,[-0.13821279 -0.14978375 -0.8181988  -1.          0.7756429 ]
CNCC(O)c1cccc(O)c1,[ 0.1371342   0.332652   -0.8661883  -0.74375623 -0.1459485 ]
Cc1cn([C@H]2CCCN([C@H](CC(C)C)c3ccc(C(=O)O)c(Oc4cccc(Cl)c4)c3)C2)c(=O)[nH]c1=O,[ 0.40952292  0.8458233  -0.8713941  -0.78177655 -0.51790226]
Nc1c(Cl)c(Cl)c2[nH]c(C(F)(F)F)nc2c1Cl,[ 0.12004307  0.94784296 -0.45876274 -1.         -0.4682757 ]
COP(=O)(OC)ON1C(=O)c2cccc3cccc(c23)C1=O,[-0.02261242  0.38037372 -0.6810357  -0.10745072  0.35960844]
COCCN(C(=O)CCl)c1c(C)cccc1C,[-0.2856468   0.4125805  -0.77185273 -0.99132246  0.09111021]
CN1CCN(CCC=C2c3ccccc3Sc3ccc(S(=O)(=O)N(C)C)cc32)CC1,[ 0.00986699 -0.03122527 -0.5406439  -0.61682165  0.6385292 ]
CCOC(=O)C=Cc1ccc2c(c1)OCO2,[ 0.2744304   0.737277   -0.9520496  -0.81170756 -0.18388587]
Cc1c(Cl)c([N+](=O)[O-])c2[nH]c(C(F)(F)F)nc2c1[N+](=O)[O-],[ 0.3527059   0.8006431  -0.4256128  -0.6233176  -0.01525075]
NC(=O)[C@H](Cc1ccccc1)NC(=O)OCc1ccccc1,[ 0.3895417   0.85399103 -0.8152332  -0.9462175   0.2500264 ]
Nn1cnc2cc3ccccc3cc2c1=O,[ 0.20272629  0.9672428  -0.6822299  -0.5576558  -0.25062796]
CCC(C)(C)C1CCC(=O)CC1,[ 0.45839792  0.56267834 -0.46707526 -0.5764569  -0.08734839]
C1C[SiH2]C1,[ 0.19838957  0.86151946 -0.8843013  -1.         -0.03285604]
C=C(Cl)C#N,[ 0.13158533  0.93501157 -0.86859286 -0.356088   -0.47719604]
COc1cc2c3cc1Oc1cc(ccc1O)CC1c4c(cc(OC)c(O)c4Oc4ccc(cc4)CC3[NH+](C)CC2)CC[N+]1(C)C,[-0.03250758  0.8561057  -0.82209873 -0.8891412  -0.339783  ]
CN(C)C(Cc1ccccc1)c1ccccc1,[ 0.45913136  0.7899651  -1.         -1.         -0.2442503 ]
CCN(N=O)C(C)OC,[ 0.3585844   0.8066356  -0.7629939  -0.6598308   0.03737689]
COC(=O)Cc1ccccc1,[-0.29366642  0.84518635 -0.8944527  -0.65504307 -0.30783716]
C[C@@H]1O[C@@H](O[C@H]2[C@@H](O)C[C@H](O[C@H]3C[C@](O)(C(=O)CO)Cc4c(O)c5c(c(O)c43)C(=O)c3ccccc3C5=O)O[C@H]2C)C[C@H](N)[C@@H]1O,[-0.01182434  0.5883717   0.46270898 -0.47176656 -0.46187925]
CN(C)CCC(c1ccc(Cl)cc1)c1ccccn1,[ 0.45903602  0.9106922  -0.98779166  0.24414366 -0.50715196]
CC=CC=CC=O,[ 0.30092895  0.6052045  -0.2862252  -0.31325036 -0.4050082 ]
CN[C@H](CC(C)C)C(=O)N[C@H]1C(=O)N[C@@H](CC(N)=O)C(=O)N[C@H]2C(=O)N[C@H]3C(=O)N[C@H](C(=O)N[C@H](C(=O)O)c4cc(O)cc(O)c4-c4cc3ccc4O)[C@H](O)c3ccc(c(Cl)c3)Oc3cc2cc(c3O[C@@H]2O[C@H](CO)[C@@H](O)[C@H](O)[C@H]2O[C@H]2C[C@](C)(N)[C@H](O)[C@H](C)O2)Oc2ccc(cc2Cl)[C@H]1O,[ 0.25004837  0.8560542  -0.65262854 -0.5745838  -0.26389793]
CN(c1ccc(F)cc1F)c1c([N+](=O)[O-])cc([N+](=O)[O-])cc1C(F)(F)F,[ 0.1350945   0.28128713 -0.45507962 -0.7323651   0.70469666]
Nc1ccc(Cl)cc1Cl,[ 0.24736236  0.4286235  -0.7782949  -0.52512103  0.05185701]
C=CCNC(=O)C(=O)C(CCC)NC(=O)C1CC2CN1C(=O)C(C1CCCCC1)NC(=O)Cc1cccc(c1)OCCC(C)(C)O2,[ 0.16814882  0.4864844  -0.8113187  -0.5070009   0.17695926]
CCOC(=O)NCCOc1ccc(Oc2ccccc2)cc1,[-0.16207553  0.8252727  -0.7389948  -1.          0.22861774]
Cc1cc(-n2cccc2)c(S(C)(=O)=O)cc1C(=O)NC(=N)N,[ 0.45246693  0.84688413 -0.7639807  -0.14541082 -0.21611263]
CCCCC(=O)N(Cc1ccc(-c2ccccc2-c2nnn[n-]2)cc1)C(C(=O)[O-])C(C)C,[ 0.14144234 -0.4318326  -0.8198744  -0.9441008   0.06403127]
CC(C)(C)c1nnc(NS(=O)(=O)c2ccccc2)s1,[ 0.08030938 -0.02006481 -0.6244489  -0.59842324 -0.34713793]
CCOC(=O)Nc1ccc(NCc2ccc(F)cc2)cc1N,[-0.18349092  0.8082045  -1.         -0.55581045 -0.31186077]
CC(C)CCCCCN(CCCCCC(C)C)CCCCCC(C)C,[ 0.45472685  0.78305125  0.79916155 -0.23691955 -0.3577387 ]
CN(C)S(=O)(=O)N(SC(F)(Cl)Cl)c1ccccc1,[ 0.39136443 -0.87788236 -0.84514993 -0.25708687  0.10851029]
N#CCCCCC#N,[ 0.02285267  0.8253025  -0.93215096 -0.68721575 -0.40613934]
COC(CN1CCN(CCC(O)c2ccccc2)CC1)c1ccccc1,[-0.1856515   0.40898967 -1.         -0.7863566  -0.19782193]
CN(C)CCCNCCCN(C)C,[ 0.5587625   0.19459002 -1.          0.34016946  0.7639602 ]
O=[N+]([O-])c1cc2[nH]c(C(F)(F)F)nc2cc1Cl,[ 0.31452277  0.6883575  -0.82678705 -0.44577762  0.84616184]
C=CC(=O)OCCOC(=O)c1ccc(C(=O)O)cc1C(=O)O,[ 0.32290155 -0.08037796  0.5848207  -1.         -0.11508359]
CC(C)(O)c1ccccc1,[ 0.23472776  0.7782277  -0.746133    0.23550381 -0.13517736]
Cc1ccc2c(c1)c(Sc1cccc(Cl)c1)c(C)n2CC(=O)O,[-0.06715368  0.79516155 -0.7075358  -0.8075068  -0.4073039 ]
COC(=O)C(C(C)=O)C(C)=O,[ 0.15981583  0.94193196 -0.91384673 -1.         -0.11505348]
CCCc1nn(C)c2c(=O)[nH]c(-c3cc(S(=O)(=O)N4CCN(C)CC4)ccc3OCC)nc12,[-0.08614806  0.663244   -0.6501048   0.33449346 -0.17342553]
C[C@H](CO)Nc1nc(SCc2cccc(F)c2F)nc2nc(N)cnc12,[ 0.32717556  0.18925251 -0.5749351  -0.8381837  -0.2930175 ]
CCNc1nc(NCC)nc(OC)n1,[-0.01575337  0.5302803  -0.8090365  -0.9164717   0.07521038]
CCCCCCCC[Si](OCC)(OCC)OCC,[ 0.17764597 -0.02436749 -0.5743092  -0.35252056  0.42330566]
CC(=O)c1c(C)c2cnc(Nc3ccc(N4CCNCC4)cn3)nc2n(C2CCCC2)c1=O,[-0.34154406  0.7455282  -1.         -0.455349   -0.07238881]
CCOC(=O)CCC1(CCC(=O)OCC)c2ccccc2-c2ccccc21,[-0.09581723 -0.52170867 -0.79731745 -0.68073666 -0.08122623]
O=C(c1ccccc1)c1cccc2c1CCC2C(=O)O,[ 0.15935192  0.786121   -0.4761285  -0.47704938  0.0515936 ]
CCC[C@H](NC(=O)[C@@H]1[C@H]2CCC[C@H]2CN1C(=O)[C@@H](NC(=O)[C@@H](NC(=O)c1cnccn1)C1CCCCC1)C(C)(C)C)C(=O)C(=O)NC1CC1,[ 0.45959792  0.88808835 -0.79747987 -0.9940901  -0.17447591]
O=C(CCl)CCl,[-0.03054095  0.85263604 -0.7026674  -0.23019215 -0.3037236 ]
Cc1cnc(Nc2cc(N3CCOCC3)nc(N[C@@H](C)c3ncc(F)cn3)n2)s1,[ 0.5871176   0.6567582  -0.8119804  -0.4490928  -0.05387508]
CCCSP(C)(=S)SC(CC(=O)OCC)C(=O)OCC,[-0.18937513  1.         -0.6291497  -0.6772209   0.22727148]
CCCCC(CC)C(=O)OC1=C(c2c(C)cc(C)cc2C)C(=O)c2ccccc21,[ 0.28379875  1.         -0.84639025 -0.69517076 -0.36197886]
CC[C@H]1CN(Cc2cc(Cl)ccc2OCC(=O)O)CCN1S(=O)(=O)c1ccccc1,[ 0.08675092  0.7128999  -0.86603963 -0.59128034 -0.28860065]
COc1cc2c(cc1OC)C(CCc1ccc(Cl)cc1)N(C)CC2,[ 0.14809142  0.46899807  0.26144016 -0.01950282 -0.37218624]
O=C(O)c1ccccc1C(=O)Nc1cccc2ccccc12,[ 0.29273564  0.7324942  -0.6952176  -1.         -0.11106076]
C=CC1=C(C)/C(=C\c2[nH]c(Cc3[nH]c(/C=C4/NC(=O)C(C)=C4C=C)c(C)c3CCC(=O)O)c(CCC(=O)O)c2C)NC1=O,[-0.4306917   0.86463904 -0.09571581 -0.6622748  -0.24516186]
CC(C)NCC(O)c1ccc(O)c(O)c1,[-0.09625824  0.9285757  -0.39108843 -0.2749814  -0.03835958]
C[C@@H](NC1=CC(=O)CC1)c1ccc(Nc2ncc3cc(-c4ccncc4)ccc3n2)cc1,[ 0.34507018  0.7908525  -1.         -0.28221118 -0.02464678]
CC(C)=C1CCC(C)CC1=O,[-0.09319814 -0.33625755 -0.95026463 -0.6219036   0.09884048]
C[C@@](N)(Cc1ccc(O)c(O)c1)C(=O)O,[ 0.34982365  0.52507246 -0.52231383 -0.7274028  -0.17676723]
S=C1NCCNC(=S)S1,[ 0.27973542  0.32037142 -0.50771546 -0.700942   -0.28251046]
Cn1cncc1CN(CCN(Cc1ccccc1)S(=O)(=O)c1ccccn1)c1ccc(C#N)cc1,[ 0.38225365  0.19692889 -0.70424956 -0.49400753  0.06582992]
Cc1ccc(S(=O)(=O)Nc2c(C(=O)NC3CCCCC3)c(C)nn2-c2ccccc2)cc1,[ 0.2311289   0.6665688  -0.74322134 -0.65215755 -0.11551412]
Cc1cc(Nc2cncc(N[C@@H](C)c3ccc(F)cn3)n2)n[nH]1,[ 0.0794045  -0.49001867 -0.9605847  -0.52330846  0.11717942]
CC(O)C#N,[-0.26275206  0.8809425  -0.87618035 -0.9157812  -0.15359105]
Cc1cc(Cl)ccc1OCC(=O)O,[ 0.07859044  0.7524955  -0.9126048  -0.83957624 -0.14929631]
CN(C)N=Nc1ccc(I)cc1,[-0.4650889   0.24526441 -0.81185865 -0.75169206  0.60179114]
CC=C(C(=O)NC(N)=O)C(C)C,[ 0.4250812  -0.08504696 -0.58701473  0.8457629  -0.04842129]
CC(C)[C@H](C(=O)Nc1nccs1)c1ccc(Cl)cc1,[ 0.17503719  0.74339956 -0.81365323 -0.16387516 -0.5522572 ]
CC(C)(C)NC(=O)NCCN1CCCC(NC(=O)c2cc(Cl)cc(Cl)c2)C1,[ 0.3003133   0.89657706 -0.5478187  -0.8694603  -0.5142761 ]
Nc1nc2c(Cc3cccnc3)c[nH]c2c(=O)[nH]1,[ 0.22565043  0.81167704 -0.46987098 -0.57671523  0.10603709]
C=C(C)CN(CC)c1c([N+](=O)[O-])cc(C(F)(F)F)cc1[N+](=O)[O-],[ 0.49966994  0.10728186 -0.86396635  0.06305774 -0.25247377]
CN(CC#N)N=O,[ 0.0588112   0.90213764 -0.82393545 -0.91046906  0.4072973 ]
CCSP(SCC)SCC,[ 0.14376773  0.90768147  0.1122115  -0.54707646 -0.1824787 ]
O=C(COc1ccc(Cc2ccc(Cl)cc2)cc1)OCc1cccnc1,[-0.14023808  0.81696475 -0.8277846  -0.8312193  -0.10412105]
CCOC(=O)COc1ccc(C(=O)CN2CCN(C3CCN(C(=O)OCOC(=O)C(C)(C)C)CC3)CC2=O)cc1,[ 0.14895718  0.8154682  -0.57295215  0.65811485  0.07848369]
CCOC(=O)Cl,[ 0.2517676  -0.23959753 -0.68784547 -0.8960201   0.03096687]
CC(C)NCC(O)COc1ccc(COCCOC(C)C)cc1,[-0.09934296  0.87536895 -0.6376481  -0.8183732  -0.16917697]
Cc1c(CN2CCOC(c3ccccc3)C2C)c(=O)n(-c2ccccc2)n1C,[ 0.26273045  0.6849995  -0.9389661  -0.7473619  -0.25281417]
Oc1ccc(O)cc1,[ 0.12881006  0.6909106  -0.5395959  -0.82576877 -0.04135769]
CC(C)(C)c1ccc2c(c1)C(C)(C)CC2,[ 0.02487762  0.48950472 -0.49403477  0.42594993  0.04054832]
COc1ccc(C(=O)Nc2ccccc2CCC2CCCCN2C)cc1,[ 0.58979654  0.87183434 -0.79351825 -1.         -0.03703457]
C[C@]12C[C@H](O)[C@H]3[C@@H](CCC4=CC(=O)CC[C@@]43C)[C@@H]1CC[C@]2(O)C(=O)CO,[-0.00548083  0.94509673 -0.49475056 -0.7410489   0.52393156]
O=[N+]([O-])C(CO)(CO)CO,[ 0.25399965 -0.2519987  -1.         -0.8110925  -0.03095344]
CCN1CCCC1CNC(=O)c1cc(S(N)(=O)=O)ccc1OC,[-0.08620675 -0.16079587 -0.37901455 -0.5459916  -0.46533147]
COP(=S)(Cl)OC,[ 0.3556979   0.8448149  -0.8582256  -0.5872846  -0.34716406]
C1CCC2CCCCC2C1,[ 0.58051294  0.66985786 -0.6683039  -0.74749684 -0.0025359 ]
O=[N+]([O-])c1ccc(C=NNC(=S)N2CCCC2)o1,[ 0.18782261  0.77669597 -0.31520408 -0.77022535  0.27646166]
CC(=O)OC(C)OC(=O)C(C)c1ccc(-c2ccccc2)c(F)c1,[-0.0730437  -0.52674186 -0.58695155 -0.5540473   0.2789973 ]
CCCCCCCc1ccccc1O,[ 0.03727616  0.71197575 -0.6855939  -0.9107164  -0.346993  ]
CCN1C(=O)C=CC1=O,[ 0.02196596  0.81278306 -0.5154014  -0.7213929  -0.13757387]
Nc1ccc(N)cc1,[ 0.46836472  0.52800655 -0.76351446 -0.7734445  -0.13518499]
COCCOC(=O)CC#N,[-0.10005028  0.85457706 -0.51444453 -0.91768193 -0.16192617]
COP(=S)(OC)SCc1nnc(SC)s1,[ 0.09399378  0.8351427  -0.42711744 -0.63765275 -0.1205696 ]
CCS(=O)CCSP(=O)(OC)OC,[ 0.28492826  0.7888397   0.61437654 -0.83439714  0.34517804]
COc1ccccc1Oc1c([N-]S(=O)(=O)c2ccc(C(C)C)cn2)nc(-c2ccnc(-c3nnn[n-]3)c2)nc1OCCO,[ 0.6658442   1.         -0.05750639 -0.6756652  -0.2758032 ]
COP(=S)(OC)Oc1cc(Cl)c(Cl)cc1Cl,[ 0.43798494  0.5483891  -0.7922606  -0.7429283  -0.33282068]
CCOc1nc(C(Cl)(Cl)Cl)ns1,[-0.44481507  0.94938797 -0.89737105 -0.5206197  -0.09837288]
CC(C(=O)O)c1ccc(CC2CCCC2=O)cc1,[ 0.40876174  0.8950189  -0.5632826  -0.9040095   0.33372107]
C=CC(=O)OC1CC2CCC1C2,[ 0.4468424   0.77300006 -0.74237216 -0.6736874   0.02947573]
CCCCOCCOCCCC,[ 0.44241259  0.84756434 -0.91022897 -0.66503376 -0.0171325 ]
CCC(C)(C)c1ccc(Cl)c(OC(=O)NC)c1,[ 0.8393963   0.78076243 -0.78357923  0.48178357  0.28568667]
CC1CS(=O)(=O)CCN1N=Cc1ccc([N+](=O)[O-])o1,[ 0.5002473   1.         -0.44292548 -0.4860131  -0.0883942 ]
COc1cc(OC)c(S(=O)(=O)N(c2ccccc2)C(C)C)cc1NC(C)=O,[-0.30494872  0.07272858 -0.84328777 -0.84807396 -0.15968473]
CC(C)(c1ccc(Oc2ccc(N)cc2)cc1)c1ccc(Oc2ccc(N)cc2)cc1,[-0.48212102 -0.17830026 -0.227052   -0.7006311   0.42698953]
CN(C)CCC=C1c2ccccc2CCc2ccccc21,[ 0.45940498  0.67527956 -0.13214928 -0.27346367  0.34267712]
CC(CO[N+](=O)[O-])(CO[N+](=O)[O-])CO[N+](=O)[O-],[ 0.05761868  0.5902052  -0.8498441   0.20695414 -0.09794884]
CC(Cl)(Cl)[N+](=O)[O-],[ 0.01268835 -0.4481444  -1.         -0.6418461  -0.2874255 ]
O=[N+]([O-])c1ccc(Cl)c([N+](=O)[O-])c1,[ 0.4876205   0.5968555  -0.67694545  0.6330559   0.0875439 ]
Cc1cccc(Nc2ccncc2S(=O)(=O)[N-]C(=O)NC(C)C)c1,[-0.8429807   0.02398607 -0.9572898  -0.8616457   0.6869141 ]
CC(=O)OC(C(Cl)(Cl)Cl)P(=O)(Oc1ccccc1)Oc1ccccc1,[ 0.33939755 -0.30189705 -0.45708415 -0.76960325 -0.12809229]
CCCCN1C(=O)c2cccc([N+](=O)[O-])c2C1=O,[ 0.37807342  0.31297666 -0.5024587  -0.5366247   0.19588938]
FC1(F)CC(C2CC3(Cl)C(Cl)=C(Cl)C2(Cl)C3(Cl)Cl)C1(F)F,[ 0.50366914  0.58614033 -1.         -0.7487189   0.2502416 ]
CCCCCC(=O)O,[ 0.08265609  0.8833897  -0.9521583  -1.          0.04870812]
CCC(C)OP(=S)(OC)OC,[ 0.09527072  0.25808194 -0.7192005  -0.5926834   0.1073719 ]
C[C@@H]1NC(=O)[C@@H](C)N(C)C(=O)[C@@H](C)N(C)C(=O)[C@H](C)NC(=O)[C@H](C)N(C)C(=O)[C@@H](C)N(C)C1=O,[ 0.31767276  0.2758897  -0.9811138  -0.6316877   0.04652389]
COc1ccc(C[C@@H]2c3cc(OC)c(OC)cc3CC[N@+]2(C)CCC(=O)OCCCCCOC(=O)CC[N@@+]2(C)CCc3cc(OC)c(OC)cc3[C@H]2Cc2ccc(OC)c(OC)c2)cc1OC,[-0.25112212  0.5165008  -0.1576235  -0.4668498   0.08831701]
CN(C1CCCCC1)C1CCCCC1,[ 0.46198496  0.68439513 -0.8877263  -0.8933734  -0.12857263]
CC#CCC(C)C(O)/C=C/C1C(O)CC2C/C(=C/CCCC(=O)[O-])CC21,[-0.4592827   0.7597276  -0.12501572 -0.27602467 -0.17226298]
CC(C)CON=O,[ 0.49923536  0.6613921  -0.14354452 -0.45842308 -0.25243312]
COc1cc2nc(N3CCN(C(=O)C(C)OC)CC3)nc(N)c2cc1OC,[ 0.20658986  0.7815794  -0.5243534  -0.7651435  -0.49524763]
CCCN(CCC)CCCCCCCCNC(=O)Oc1ccc2c(c1)C1(C)CCN(C)C1N2C,[-0.6970011   0.78149295 -0.12317651 -0.40636212 -0.3913614 ]
CSCCC(OC(C)=O)C(=O)O,[-0.14017783  0.9464134  -0.6760081  -0.76104367  0.529452  ]
C=COC(=O)CCCCC(=O)OC,[ 0.00305686 -0.5821879  -0.9752704  -0.47770676  0.92362225]
CN(CCCOCCOCCc1ccccc1)CCc1ccc(O)c2nc(O)sc12,[-0.30465496  0.4132639   0.16027637 -0.53974056 -0.77755356]
CCCC(=O)c1ccc(N)cc1,[ 0.6556565   0.62234956 -0.93875045 -0.80332166 -0.5230311 ]
CCNC(=O)C=Cc1cccc(Br)c1,[ 0.12849887  0.4398756  -0.36245137  0.38146228  0.23578246]
O=C(O)CCC(=O)OC1CCCCC1,[-0.12509991  0.7820485  -0.59350604 -0.61999327 -0.517451  ]
O=c1oc(-c2ccccc2)nc2ccccc12,[-0.00939075  1.         -0.66147566 -1.          0.32863984]
C[NH+]1CCc2cccc3c2C1Cc1ccc(O)c(O)c1-3,[ 0.23623402  0.5208241  -0.9147904  -0.80509233  0.07333951]
COc1ccc(Oc2ccc(NC(=O)N(C)C)cc2)cc1,[ 0.30574545  0.69001746 -0.20089516 -0.5065147  -0.41467306]
CC(O)c1cccc(N)c1,[ 0.8236041   0.70257205 -0.6046918  -0.02878365 -0.7518008 ]
CCOc1cc2nnc(C(N)=O)c(Nc3ccc(F)cc3F)c2cc1N1CCN(C)CC1,[ 0.15345363  0.4295518  -0.9905138  -0.6042716   0.15868695]
Nc1nc2ccc(OC(F)(F)F)cc2s1,[-0.74586874  0.33047733 -0.93490803  0.02870205 -0.16224211]
CN(C)C1CC(c2ccccc2)c2ccccc21,[ 0.22293402  0.9182476  -0.8997502  -0.7996902  -0.09229484]
CCCCOC(C)OCCCC,[-0.24916345  0.74206114  0.1328595  -0.32850817 -0.12880081]
O=C(CSc1nc2c(c(=O)n1-c1ccccc1)SCC2)Nc1ncc(-c2ccccc2)s1,[ 0.4167057   1.         -0.8209267  -0.5146792  -0.58382154]
COc1cc2ncc(C(N)=O)c(Nc3ccc(C)cc3F)c2cc1OC,[-0.09448093  0.6943409  -0.9648593  -0.7962679  -0.01457227]
CO/N=C(\C(=O)N[C@@H]1C(=O)N2C(C(=O)O)=CCS[C@H]12)c1csc(N)n1,"[-6.3513964e-04 -1.1465310e-01 -1.0000000e+00 -8.0565506e-01
 -2.0721400e-01]"
COc1c(Cl)ccc(Cl)c1C(=O)OCCN(CCOC(=O)c1c(Cl)ccc(Cl)c1OC)c1ccccc1,[ 0.01452589  0.8542961  -0.8323646  -0.9722807   0.31606248]
COc1cc2ncc(C(N)=O)c(Nc3cccc(Cl)c3Cl)c2cc1N1CCN(C)CC1,[ 0.2339156   0.6295906  -0.74744296 -0.93268543 -0.5111435 ]
O=[N+]([O-])c1cc(Cl)ccc1Cl,[ 0.27429056  0.83458817  0.31722444 -0.23754081 -0.17280218]
CCC1(CC)C(=O)NCC(C)C1=O,[ 0.1169004  -0.6915055  -0.33949372 -0.5135888   0.35768408]
Cc1cc(Nc2nc(N[C@@H](C)c3ccc(F)cn3)c(C#N)cc2Cl)n[nH]1,[ 0.2332694   0.7014551   0.18108246 -0.5414444  -0.47664258]
CCN(CC)CCO,[ 0.34440187  0.9381051  -1.         -0.89457345 -0.41432253]
CC(C)=CCCC(C)=CCCC(=CCCC(C)=CCO)CO,[ 0.19382155  0.3968747  -0.8816103  -0.5915487  -0.385444  ]
CN(C)C(=O)Oc1cccc2sccc12,[ 0.3784886  -0.00887911 -0.41049328 -0.8809857   0.2616354 ]
Cc1ccc(NC(=O)c2ccc(Cl)c(C(F)(F)F)c2)cc1C(=O)Nc1cccnc1,[ 0.31050894  0.42977244 -0.8422818  -0.72982347  0.73695016]
CNC(=O)Nc1nnc(C(C)(C)C)s1,[ 0.5564877   0.87745    -0.3833134  -0.3655728  -0.04332335]
Cc1cc([N-]S(=O)(=O)c2ccc(N)cc2)no1,[-0.8441853  -0.9581844  -0.6438376  -0.17133407 -0.07867488]
O=c1cc(N2CCOCC2)nc2n(Cc3cccc(Cl)c3Cl)ccn12,[ 0.3558464   0.48089594 -0.67495793 -0.47305605  0.04976165]
CCNC(=O)ON=C1SCOC1C,[-0.2113629   0.7004729  -0.56971407 -0.81814104 -0.44387713]
OCCN(CCO)CCO,[-0.42876816  0.69191647 -0.5344013  -0.66124827 -0.24157348]
C[N+](C)(Cc1ccc(NC(=O)c2ccc(Cl)c(Cl)c2)cc1)C1CCOCC1,[-0.7864072   0.8376872  -0.54835105 -0.51423734 -0.49659884]
CC(C)=CCl,[-0.35068226  0.76213795 -1.         -0.6751204  -0.02624805]
NCCCCN,[ 0.36339098  0.8165137  -0.58466095 -0.6792507   0.34999394]
CON(C)C(=O)Nc1ccc(Cl)cc1,[-0.30222273  0.795438   -0.3669709  -0.8667849  -0.26382956]
CC(=O)O[C@H]1C[C@]2(O)[C@H]3CC[C@H]4C[C@H](O[C@H]5C[C@@H](O)[C@@H](O[C@H]6C[C@@H](O)[C@@H](O[C@H]7C[C@@H](O)[C@@H](O)[C@H](C)O7)[C@H](C)O6)[C@H](C)O5)CC[C@@]4(C)[C@H]3CC[C@]2(C)[C@H]1C1=CC(=O)OC1,[ 0.4581336   0.5510944  -0.41034842 -0.6476619  -0.20931365]
CC(C)Oc1ccc2c(=O)c(-c3ccccc3)coc2c1,[-0.39309514  0.9214623  -0.9054061  -0.71656656 -0.41138032]
CC(C)(C)c1cc(CCC(=O)OCCSCCOC(=O)CCc2cc(C(C)(C)C)c(O)c(C(C)(C)C)c2)cc(C(C)(C)C)c1O,[ 0.38027555  0.8323936  -1.         -0.80448186  0.06314199]
CCOP(=O)(OCC)OC(=C(Cl)Br)c1ccc(Cl)cc1Cl,[-0.13024792  0.45302823 -0.86298066 -0.86979204 -0.45262232]
CC1(C)C(C=C(Cl)Cl)C1C(=O)OCc1c(F)c(F)c(F)c(F)c1F,[ 0.35348484  0.7449867  -0.8803722  -0.8704546   0.08725975]
CC(NC(C)c1ccccc1)c1ccccc1,[ 0.32559687  0.41100988 -0.61463976  0.32098207  0.3239784 ]
CC(C)[N+](=O)[O-],[ 0.51604605  0.94957197 -0.891665   -0.88123065 -0.5949817 ]
O=C(O)CC(CC1CCN(C(=O)CCc2ccc3c(n2)NCCC3)CC1)C1CNc2ccccc2C1,[ 0.65161544  0.7060812   0.5721196  -0.37169296  0.18853535]
CCOP(=O)(NC(C)C)SCC(=O)NCOC,[-0.05494221  0.11910708 -0.63736194 -0.8583176  -0.2843597 ]
CSCCNc1nc(SCCC(F)(F)F)nc2c1ncn2C1OC(COP(=O)([O-])OP(=O)([O-])C(Cl)(Cl)P(=O)([O-])[O-])C(O)C1O,[-0.7888684   0.5473731  -0.6498782  -0.6919781  -0.13499041]
CCN1C(=O)NC(c2ccccc2)C1=O,[-0.13951442  0.40621954  0.14222015 -0.59842736  0.7109379 ]
COC(=O)c1ccccc1,[ 0.50722253  0.6143254  -0.5851453  -0.5818542  -0.05771217]
CCCOC(=O)c1ccc(C(=O)OCCC)nc1,[ 0.23029761 -0.5330064  -0.86679906 -0.49003628  0.25435033]
[NH3+]C(C(=O)NC1C(=O)N2C(C(=O)[O-])=C(CSc3c[n-]nn3)CSC12)c1ccc(O)cc1,[ 0.3008443   0.86008865  0.4256378  -0.12096404 -0.11251939]
Nc1ccc(S(=O)(=O)O)c2cccc(O)c12,[ 0.325048    0.8134026  -0.7296941  -0.75358015  0.17700389]
NC(=[NH2+])NCCCCC1NC(=O)CCSSCC(C(N)=O)NC(=O)C2CCCN2C(=O)C(Cc2c[nH]c3ccccc23)NC(=O)C(CC(=O)[O-])NC(=O)CNC1=O,[ 0.47673586 -0.6383073  -0.2869935  -0.85807925 -0.00589886]
NNC(=O)c1ccncc1,[-1.          0.82416093 -0.32302418 -0.9887629  -0.10626844]
ClCC1C(CCl)C2(Cl)C(Cl)=C(Cl)C1(Cl)C2(Cl)Cl,[ 0.53078663  0.71650445 -0.82528263 -0.85375017  0.06219318]
COc1c(OCc2ccc(-c3ccccc3-c3nnn[nH]3)cc2)cc(C)nc1C,[ 0.4985015   0.7047719  -0.6772876  -0.41502488 -0.4478006 ]
COP(=S)(OC)SCc1nnc(C(C)C)o1,[-0.00513857  0.99398476 -0.7668796  -0.69232017  0.27189016]
CC(C)=CCOC(=O)c1ccccc1,[ 0.1425774   0.91674125 -0.689407   -0.56973046 -0.21448565]
CCc1nc2cc(O)ccc2c(Oc2ccc(/C=C/C(=O)O)cc2)c1-c1ccccc1,[-0.08992843  0.8935752  -0.68605536 -0.64411986  0.21875684]
O=C(O)CCC(=O)c1ccc(-c2ccccc2)cc1,[ 0.09811944  0.7809319  -0.37886494  0.3640749  -0.2844739 ]
CCOP(=S)(OCC)Oc1cc(-c2ccccc2)on1,[ 0.48983082  1.         -0.85419726 -0.9354549   0.22680672]
C[NH2+]C(C)Cc1ccccc1,[-0.0937575   0.5408189  -1.         -0.71834457  0.70126724]
CCCOP(=O)(OC=C(Cl)Cl)OCCCl,[ 0.09564801  0.7339352  -0.6126115  -0.77025056 -0.32031444]
ClCC1CO1,[ 0.4146407   0.62884164 -0.7180213  -0.9624277  -0.2563851 ]
CC1=C2C[C@H]3[C@@H](CC=C4C[C@@H](O)CC[C@@]43C)[C@@H]2CC[C@]12O[C@@H]1C[C@H](C)CN[C@H]1[C@H]2C,[-0.39800093  0.88290024 -0.8691303  -0.7386155  -0.08217604]
COc1ccc2ncc(=O)n(CCN3CC[C@@H](NCc4ccc5c(n4)NC(=O)CO5)[C@@H](F)C3)c2c1,[ 0.40242538  0.88315916 -0.5465993  -0.62904036 -0.34508905]
CC(C)(O)c1ccc(Nc2nc3ccc(C#N)cc3[nH]2)cc1,[ 0.22363421 -0.4534377  -0.97540087 -0.8746629   0.24950948]
COc1cc2c(cc1OC)C(Cc1cc(OC)c(OC)c(OC)c1)[N+](C)(CCCOC(=O)CC/C=C\CCC(=O)OCCC[N+]1(C)CCc3cc(OC)c(OC)cc3C1Cc1cc(OC)c(OC)c(OC)c1)CC2,[ 0.22537129  1.         -1.         -0.7313871   0.2808427 ]
O=C(Cl)C=CC(=O)Cl,[ 0.51388216  0.91464764 -0.872119   -0.5441915  -0.06668702]
C=C(OP(=O)(OC)OC)P(=O)(OC)OC,[ 0.15737668  0.8909068  -0.56830883  0.7823697   0.23021127]
COP(=O)(OC)OC(=CCl)c1cc(Cl)ccc1Cl,[ 0.49423715  0.9844729  -0.7792859  -0.7051738  -0.32378617]
CCNC(=S)NCC,[ 0.46949863  1.         -0.7781229  -0.02321541  0.85494477]
CC1(C)C(=O)N(CO)C(=O)N1CO,[ 0.32707226  0.560822   -0.7757933  -0.16610403 -0.35098678]
O=C1c2ccccc2N(C(=O)CN2CCOCC2)CN1c1ccccc1,[ 0.18395536  0.61292034 -0.7070097   0.0262697   0.04917895]
COc1cc(OC)c(C(=O)CCCN2CCCC2)c(OC)c1,[ 0.28640753  0.79905695 -0.74586093 -0.82383937 -0.42843333]
Cc1cc(Sc2cc(C)c(O)c(C(C)(C)C)c2)cc(C(C)(C)C)c1O,[ 0.00485724  0.7743192  -0.12184703 -0.6519043  -0.14803278]
CCC(=O)CC,[-0.17219777  0.75393254 -0.84630996 -0.72304136 -0.28148225]
O=C(/C=C/c1ccccc1)NCCO,[-0.5933198   0.76255447 -0.8312709  -0.80398643 -0.14568217]
O=c1[nH]cnc2c1ncn2[C@H]1CC[C@@H](CO)O1,[-0.49168476  0.81978506 -0.8009353  -0.79312795 -0.15126209]
C=CC(=O)Nc1ccc(O)cc1,[-0.13500047  0.96953297 -0.8819874  -0.8619699   0.02433106]
C=CS(=O)(=O)CCCCCC,[ 0.0892356   0.7499632   0.7268271  -0.5141984  -0.00107689]
CCN(CC)c1ccc2c(C)cc(=O)oc2c1,[ 0.59020084  0.47218364 -0.6348154  -0.4635537   0.2107007 ]
C=CCc1ccccc1OCC(O)C[NH2+]C(C)C,[ 0.39011967  0.67809886 -0.29882374 -0.686922   -0.47565636]
CCOP(=S)(OCC)SCC(=O)N(CCC#N)c1ccccc1,[ 0.35738942  0.96727777 -0.82480395 -0.7401644   0.38767684]
CC(C)(C)[NH2+]CC(O)c1cc(O)cc(O)c1,[ 0.17870192 -0.17706074 -0.95173573 -0.85939425 -0.5829247 ]
CN(C)c1ccc(O)c2c1CC1CC3C([NH+](C)C)C([O-])=C(C(N)=O)C(=O)C3(O)C(O)=C1C2=O,[ 0.46361607  0.5278279  -0.9491222  -0.6198758   0.71986693]
NCC1CCC=CO1,[-0.21485303 -0.22520004 -1.         -1.          0.03912556]
COP(=S)(OC)SC(CBr)N1C(=O)c2ccccc2C1=O,[ 0.43540755  0.8984414  -0.17485881 -0.84668356  0.18458858]
CC(O)COC(C)CP(CC(C)OCC(C)O)CC(C)OCC(C)O,[-0.15806082  0.95807344 -0.9270155  -0.7408486   0.11170892]
CC(=O)N[C@H](C)C(=O)NCCc1ccccc1,[ 0.5439438   0.5412423  -0.73203164 -0.6436746  -0.26166204]
COc1c(OP(=S)(OCC(C)C)OCC(C)C)cnn(C)c1=O,[ 0.23308975  0.17666177 -0.8226345  -0.5659791   0.29564556]
C=CC(=O)OCCOCCOC(=O)C=C,[ 0.37452704  0.99496263 -0.975133   -1.         -0.08504757]
N#CCCOCCC#N,[-0.31726888  0.93117493 -0.86167485 -0.9621472  -0.13344029]
CCOC(=O)C=Cc1ccc(Cl)cc1,[ 0.26582265  0.7062389  -0.76742    -0.5997138  -0.4747971 ]
CN,[ 0.45765594  0.3675851  -0.8432678   0.381156   -0.13883375]
CCOP(=S)(NC(C)C)Oc1ccccc1C(=O)OC(C)C,[-0.54264385  0.84866494 -0.74584734 -0.70044285  0.38268104]
Cn1c(COP(=O)(NCCBr)NCCBr)cnc1[N+](=O)[O-],[ 0.1802315   0.89890915 -1.         -0.8152947   0.26662737]
O=c1n(CC2CO2)c(=O)n(CC2CO2)n1CC1CO1,[ 0.2705236  0.9352787 -0.9250054 -0.899551   0.7529967]
O=S1(=O)CCN(c2ccccc2)CC1,[ 0.2625678   0.7888877  -0.98027635 -0.6410156   0.66456985]
CC1CN(C2CCCCCCCCCCC2)CC(C)O1,[ 0.6161593   0.87492055 -0.87411463 -0.631411    0.17241831]
CCOC(=O)c1c(C)cc2c(CO)n[nH]c(=O)c2c1C,[-0.10089085  0.1431192   0.5998698  -0.7255446  -0.4487111 ]
CC(C)(C)NC[C@H](O)COc1nsnc1N1CCOCC1,[ 0.21466468  0.83933085 -0.5023418   0.11318071 -0.01482476]
CCOC(=O)C1OC1c1ccccc1,[ 0.1937222   0.8097843  -0.70543635 -0.6451818   0.11321263]
CC(COc1ccc(Cl)cc1Cl)C(=O)O,[ 0.08198965  0.7934238  -0.78395677 -1.          0.68766516]
OCCOCCN1CCN(C(c2ccccc2)c2ccccc2)CC1,[-0.0616915  -0.22291717 -0.28349197 -0.21905859  0.2231672 ]
C=CCOC(=O)CCCCC,[ 0.47130188  0.67073506  0.15864076 -0.4820939   0.2679074 ]
CO[C@@H]1C=CO[C@@]2(C)Oc3c(C)c(O)c4c(c3C2=O)C(=O)/C(=C\NN2CCN(C)CC2)C(=C4O)NC(=O)C(C)=CC=C[C@@H](C)[C@H](O)[C@H](C)[C@H](O)[C@@H](C)[C@@H](OC(C)=O)[C@@H]1C,[ 0.68204194  0.22216028  0.59383035 -1.          0.26799023]
O=C(NCc1ccc(OC(F)(F)F)cc1)C1c2ccccc2C(=O)N1CCc1ncc(F)cn1,[ 0.4538849   0.7104186  -0.8407208  -0.5075507   0.00445323]
C=CC(=O)N(C)C,[ 0.39915022  0.61001205 -0.12581491 -0.6072885  -0.1943716 ]
CCCSP(C)(=S)OP(C)(=S)SCCC,[-0.14223552  0.8122561  -0.9727948  -0.71063465 -0.6632577 ]
Cc1cnc(-c2cc(NC(=O)c3ccc(C(F)(F)F)nc3C)ccc2Cl)[nH]1,[ 0.22900118  0.07803258 -0.6639075  -0.5365404   0.4655154 ]
CN(C)C(=O)C(CCN1CCC(O)(c2ccc(Cl)cc2)CC1)(c1ccccc1)c1ccccc1,"[ 1.9540252e-01  4.1029957e-01 -4.3613330e-01 -1.4643052e-04
 -1.9017980e-03]"
Nc1ccc([N+](=O)[O-])cc1N,[ 0.09476195  0.69307935 -0.8805206  -0.27158064 -0.46152312]
CNC(=O)c1c(I)c(NC(C)=O)c(I)c(C(=O)[O-])c1I,[ 0.1606905   1.         -0.4931404  -0.71233547 -0.47244945]
O=CCc1ccccc1,[ 0.14586198  0.576579   -0.9215118  -0.37044534 -0.12255128]
CCCCC(CC)CNC1CCCCC1,[-0.21404499 -0.6403461  -0.8777912  -0.251233   -0.25873598]
CC[C@@H]1OC(=O)[C@@H](C)[C@H](O[C@@H]2C[C@](C)(OC)[C@H](O)[C@@H](C)O2)[C@H](C)[C@H](O[C@@H]2O[C@H](C)C[C@H](N(C)C)[C@H]2O)[C@@](C)(O)C[C@@H](C)/C(=N\OCOCCOC)[C@H](C)[C@@H](O)[C@@]1(C)O,[ 0.4663476   0.77855355 -0.669483    0.7554466  -0.00489429]
COc1ccc2ccc(=O)n(CCN3CCC(NCc4cc5c(cn4)OCCO5)CC3)c2n1,[ 0.22596332  0.20837824 -0.7627504  -0.63422805 -0.00395592]
N=C(N)Nc1nc(CSCCC(=N)NS(N)(=O)=O)cs1,[ 0.03484764  0.46011358 -0.73092186 -0.42236954 -0.18436113]
CCCCCC(O)C=CC1C(O)CC(O)C1CC=CCCCC(=O)O,[ 0.11396613 -0.0898151  -1.          0.50992733  0.39720666]
CCCCOC(=O)C1CC1OCCCC,[ 0.11293916  0.84530795 -0.54540086 -0.48919547  0.09924254]
COc1cc2c(cc1OC)C1CC(=O)C(CCC#N)CN1CC2,[-0.09817176  0.87369585 -0.38015622 -0.68513227 -0.17393939]
COc1ccc(C(Oc2ccccc2)C2=NCCCN2)cc1,[-0.10772973 -0.7541752  -0.35932806 -0.62451315  0.08581208]
C1=CC2C3C=CC(C3)C2C1,[ 0.43045515  0.76718223 -0.6499852  -0.86108017 -0.08185451]
CN1CCCCC1CCN1c2ccccc2Sc2ccc(S(C)=O)cc21,[ 0.2997416   0.78622437 -0.90350723 -0.880627   -0.29951736]
O=C(/C=C/c1ccc(O)c2c1C(C(=O)O)C(c1ccc(O)c(O)c1)O2)OC(Cc1ccc(O)c(O)c1)C(=O)O,[ 0.1671712   0.86849046 -0.31946993 -0.5560916  -0.20975791]
CCOP(=O)(OCC)Oc1ccc(S(C)(=O)=O)c(C)c1,[ 0.2218669  0.9302242 -0.9189903 -0.9098801  0.1775711]
Clc1ccc(OCOc2ccc(Cl)cc2)cc1,[ 0.6187432   0.6528378  -0.43429688 -0.12510675  0.09830287]
Cc1cn([C@H]2CCCN(S(=O)(=O)c3ccc(C(N)=O)c(Oc4cccc(Cl)c4)c3)C2)c(=O)[nH]c1=O,[-0.1275656   0.60510755 -0.70831364 -0.7590946  -0.12432426]
O=C(Nc1ccc(Br)cc1)c1cc(Br)cc(Br)c1O,[ 0.4138062  -0.02218512 -0.7343478  -0.67646295 -0.7320862 ]
Oc1c(Cl)c(Cl)cc2[nH]c(C(F)(F)F)nc12,[ 0.28489625  0.81754977 -1.         -0.5395781  -0.34100398]
ClCC(Cl)=C(Cl)Cl,[ 0.3200209   0.71910524 -0.7741792  -0.80904347 -0.12201674]
CCCCOc1ccccc1NC(C)=O,[-0.19736564 -0.41997805 -0.41866237 -0.9475148   0.46453068]
O=C(O)COc1ccccc1,[ 0.2692446   0.771314   -1.         -0.44482523  0.5012861 ]
COc1ccc(CC2c3cc(OC)c(OC)cc3CCN2C)cc1OC,[ 0.2969462   0.9080854  -0.5993421  -0.79210615  0.14095557]
Nc1nc2c(ncn2COCCO)c(=O)[nH]1,[ 0.5419076   0.25288948 -0.9302317  -0.14314818  0.5528884 ]
Cc1cc(C)c(N)c(C)c1,"[ 3.9489225e-01 -1.7858833e-01 -5.7071143e-01 -2.2052689e-01
  3.3639491e-04]"
O=C(CCc1ccccc1)OC1=C(OC(=O)CCc2ccccc2)C(=O)OC1=O,[-0.17249292  1.         -1.         -0.714461    0.43958995]
CCN(CCO)C(=O)c1oc2cccnc2c1-c1cccc(C(F)(F)F)c1,[ 0.33210906  0.7505942   0.25094795 -0.24389608 -0.1439901 ]
CN(CC=CC#CC(C)(C)C)Cc1cccc2ccccc12,[-0.47908533  1.         -0.7535075  -0.92801034 -0.0715857 ]
Cc1ncc(C[n+]2csc(CCO)c2C)c(N)n1,[ 0.45448965  0.9421893  -0.90595174 -0.5387076   0.22418547]
COC(C)C=O,[-0.02302071  0.56027466 -1.         -0.7546566   0.20255803]
O=C(Nc1cccc(Cl)c1)OCC#CCCl,[-0.19591549  0.9118368  -1.         -0.9966844  -0.502349  ]
CCOC(=O)C(CCc1ccccc1)NC(C)C(=O)N1C(C(=O)[O-])CC2CCCCC21,[ 0.39241037  0.74923337  0.84598875 -0.26854852 -0.49508983]
ClCc1cccc2ccccc12,[ 0.14710128  0.8935233  -0.8570684  -0.6913498  -0.23650472]
CN(C)N=Nc1nc[nH]c1C(N)=O,[ 0.05022444 -0.43780217 -0.26480597 -0.26425892  0.5621578 ]
COP(=S)(OC)SCSCC=C(Cl)Cl,[-0.14959599 -0.03108363 -0.9726592  -0.7680735  -0.03702533]
CC(=O)Oc1ccc2c3c1OC1C(OC(C)=O)C=CC4C(C2)[NH+](C)CCC341,[ 0.31722873  0.31612837 -0.35545576 -0.31701806  0.24195309]
C=CN(C)N=O,[ 0.3098721   0.10061559 -0.37356207 -0.29739746  0.06853801]
CCOC(C)COC(C)CO,[-0.21551612  0.78202397 -0.66682696 -0.3771898  -0.1490133 ]
N#CSCCSC#N,[ 0.01147546  0.9561959  -0.8925168  -0.7692017  -0.20262752]
CC(=S)NC[C@H]1CN(c2ccc(-c3nnc(CNS(C)(=O)=O)s3)c(F)c2)C(=O)O1,[ 0.02878218 -0.31057414 -0.7356203  -0.04653388 -0.06849407]
Cn1c(C(=O)NC2(C(=O)N[C@H](Cc3ccccc3)C(=O)NCCCN3CCOCC3)CCCC2)cc2ccccc21,[-0.87595224  0.85744804 -0.9540156  -0.5055838  -0.3484974 ]
CSC(C)=NOC(=O)N(C)SN(C)C(=O)Oc1ccc(OC(=O)N(C)SN(C)C(=O)ON=C(C)SC)cc1,[ 0.40780678  0.9544578  -0.83116466 -0.9169219  -0.40175933]
C/C=C/c1cc(OC)c2c(c1)C(C)C(c1cc(OC)c(O)c(OC)c1)O2,[ 0.676339    0.5621698  -0.38278905 -1.         -0.20084864]
CCCCCCOCCOCCO,[-0.19749823 -0.3278046  -0.71448743 -0.53336024  0.47411662]
CCC(=O)NCCC1CCc2ccc3c(c21)CCO3,[ 0.04068349  0.7049729  -0.99026823 -0.64791167  0.31640142]
COCCOCc1ccccc1,[ 0.63604975  0.7990792  -0.8327141  -0.66483766  0.21344903]
COc1cc(N)c2c(c1N)C(=O)c1ccccc1C2=O,[ 0.03098923  0.8298569  -0.8222659  -0.66841054 -0.01756312]
c1ccc(C2CO2)cc1,[ 0.10591286  0.78527963 -0.9243582   0.75003743 -0.16057536]
COc1ccc(NC(=O)c2ccnc(N)n2)cc1,[-0.18959774  0.86796844 -0.68385834 -0.44364768 -0.05222893]
CCC(C)CCCCC(=O)NC(CCN)C(=O)NC(C(=O)NC(CCN)C(=O)NC1CCNC(=O)C(C(C)O)NC(=O)C(CCN)NC(=O)C(CCN)NC(=O)C(C(C)O)NC(=O)C(CC(C)C)NC(=O)C(CCN)NC1=O)C(C)O,[ 0.06431042  0.5897995  -0.97699416 -0.7875866  -0.1380943 ]
O=c1[nH]c2ccccc2n1CCCN1CCN(C(c2ccccc2)c2ccccc2)CC1,[ 0.33733785  0.7198623   0.28193945 -0.6892507   0.23202062]
CNC(=O)c1cccc2c(Nc3ccc(NS(C)(=O)=O)cc3OC)c3cccc(C)c3[nH+]c12,[ 0.42565     0.6757464  -0.66022354  0.22623697 -0.44604975]
CN(C)S(=O)(=O)CCCCCNC(=O)N(CCCl)N=O,[-0.10781544  0.789816   -0.42743716 -0.6925534  -0.19461359]
ClCCCBr,[ 0.19590466  0.84505856  0.25494573 -0.4275733  -0.29871404]
CCCSP(C)(=S)Oc1ccccc1,[ 0.44576412  0.6440973  -0.8811468  -0.5590683   0.62200475]
C=C(C)C(=O)OCCOC(=O)C(=C)C,[-0.05008458  0.44524372 -0.48381978 -1.          0.711576  ]
CC(C)(C)c1cc(O)ccc1O,[-0.13485476  0.1342907  -0.4055072   0.35027826  0.33181396]
FC(F)(F)c1nc2c(I)cc(I)cc2[nH]1,[ 0.70048666  0.6782435  -0.83303165 -0.6321828   0.32203   ]
COc1ccc2ncc(F)c(CCN3CCC(NCc4cc5c(cn4)OCCO5)CC3)c2n1,[ 0.19070855  0.6931202   0.70361936 -0.580836   -0.44431314]
CCNC(=O)CSP(=S)(OC)OC,[ 0.3733276   0.7712319  -0.6390227  -0.67193276  0.07900567]
O=c1[nH]c2c(O)ccc([C@@H](O)CNCCSCCCNCCc3cccc(Cl)c3Cl)c2s1,[ 0.45524183  0.45512736 -0.6640189   0.4246108  -0.19853547]
NCCCNCCSP(=O)(O)O,[ 0.54943055 -0.00918195 -0.9941112  -0.7333647  -0.16286087]
C=COC(=O)CCCCCCC,[-0.5081269   0.6147488  -1.         -0.49195305 -0.27682772]
C=C(C)C(=O)OC=C(C)C,[ 0.02957906  0.64225155 -0.54104763 -0.7266868  -0.3748297 ]
CCC(C(=O)O)c1ccc(CC(C)C)cc1,[ 0.16335441  0.7654055  -0.47445512 -0.91307837 -0.24565153]
CNc1c(Br)cnc2[nH]c(-c3ccc(S(C)(=O)=O)cc3)nc12,[ 0.01916824  0.6597552  -0.6519453   0.44783187 -0.2025944 ]
S=C=NCCN=C=S,[-0.2433384   0.99280304 -0.47619292 -0.8579142  -0.3811182 ]
CN1CCN(C2=c3ccccc3=Nc3ccc(Cl)cc3N2)CC1,[ 0.50443363  0.70473725 -0.5635303  -0.0233303  -0.1797893 ]
C#CCc1ccc(COC(=O)C2C(C=C(C)C)C2(C)C)o1,[ 0.30212736 -0.16020212 -0.38401303 -0.6710462   0.11785009]
NC(=S)Cc1cccc2ccccc12,[ 0.00571531  0.7494649  -0.575626   -0.82203317  0.15823972]
O=C1C2CC3C1C1(Cl)C(Cl)C4(Cl)C2C3C1(Cl)C4(Cl)Cl,[ 0.6133021   0.8151974  -0.7459123  -0.53335303 -0.05458394]
CCC(C)N(C)C(=O)c1cc2ccccc2c(-c2ccccc2Cl)n1,[ 0.47581887  0.90316916 -0.83742607 -0.7885492  -0.41447848]
CCCc1nnc(CSP(=S)(OCC)OCC)o1,[ 0.31154305  0.9131968  -0.7631407  -0.38685167 -0.31770447]
COCCNCc1ccc(Nc2ncc3cc(-c4ccncc4)ccc3n2)cc1,[ 0.16651922  0.770136   -0.56245315 -0.6099505  -0.28888574]
c1ccc(COCc2ccccc2)cc1,[ 0.22727476  0.7501222  -0.85560143 -0.2997581  -0.14268695]
CC(CN1CCOCC1)C(C(=O)N1CCCC1)(c1ccccc1)c1ccccc1,[ 0.24508269  0.6006671  -0.8604549  -0.5809016   0.12101943]
C[NH+](C)CCC(c1ccc(Cl)cc1)c1ccccn1,[ 0.45747748  0.9000936  -0.83435977 -0.81433314 -0.17830236]
CO/N=C(\C(=O)N[C@@H]1C(=O)N2C(C(=O)O)=C(COC(C)=O)CS[C@H]12)c1csc(N)n1,[ 0.36741287  0.86154026  0.09109999 -0.55059063 -0.00665007]
Cc1ccc(Nc2ccc(Nc3ccc(C)cc3)c3c2C(=O)c2ccccc2C3=O)cc1,[ 0.3013553   0.7512126  -0.98031676 -1.          0.67853206]
CO/N=C(/C(=O)NC1C(=O)N2C(C(=O)[O-])=C(C[N+]34CCC(C(N)=O)(CC3)CC4)CSC12)c1nsc(N)n1,[ 0.05052968  0.789866   -0.74062693 -0.8333126   0.23833895]
O=C(Cl)c1cccc(C(=O)Cl)c1,[ 0.4067625   0.2240444  -0.802042   -0.27449828 -0.22229765]
CCOP(=S)(OCC)OC(=CCl)c1ccc(Cl)cc1Cl,[-0.28927672 -0.536022   -0.90844977 -0.07982433  0.34164158]
COc1cc(OC)c(S(=O)(=O)N2c3ccccc3CCC2C)cc1NC(=O)CSCC(=O)O,[-0.15626238  0.8293103  -0.3759759  -0.650715    0.65301985]
COc1ccccc1NC(=O)CC(C)=O,[-0.10652664  0.40066892 -0.91290915 -0.84497464 -0.11418375]
Cc1nccc(-c2ccc(-c3nc4ccncc4c(O)c3C#N)cc2)c1Cl,[ 0.21629801  0.9506257  -1.         -1.          0.17205799]
COc1ccc(NC(=O)CF)cc1,[ 0.54210865  0.73519087 -0.69537663 -0.63204926 -0.12373711]
C=CCSP(=O)(NC(=O)CC)OC,[ 0.5091959   0.5754154  -1.         -0.25299653 -0.34192538]
CC#CCC(C)C(O)C=CC1C(O)CC2Oc3c(CCCC(=O)O)cccc3C21,[ 0.5166533   0.84071124 -0.7238307  -0.3816493  -0.1285228 ]
C=CCc1ccc(OC(C)=O)c(OC)c1,[ 0.23625413  1.         -0.97065187 -0.8809805  -0.5950729 ]
CC1(C)SCN(C(=O)C2(Oc3ccc(Cl)cc3)CCCCC2)C1C(=O)O,[-0.07667167  0.5845686  -0.7712565  -0.85795504 -0.4576601 ]
CCCCC(CC)COCCO,[-0.18212405  0.59663105 -0.96636665 -0.24035507  0.19685027]
OC[C@@H]1CC[C@H](n2cnc3c(O)ncnc32)O1,[ 0.30269498  0.5439743  -0.00383634 -0.81134963 -0.639122  ]
Nc1cc2c(cc1C1CCCCC1)CCC2C(=O)O,[-0.0095457   0.9544905  -1.         -0.38866684 -0.18555458]
OCCOCCN1CCN(C(c2ccccc2)c2ccc(Cl)cc2)CC1,[ 0.4003388  -0.95498747 -0.67047    -0.5786597  -0.20969768]
CCCCC(C)(C)CO,[ 0.35658187  0.71083236 -0.82369345 -0.44110382  0.29529604]
Cc1cccc(C)c1CCNC(N)=O,[-0.08440417  0.853876   -0.8039216  -0.8365098   0.42608315]
C=CCI,[ 0.5058722   0.536304   -0.62564397  0.24452925  0.18817893]
Cc1ccc(S(=O)(=O)Nc2c(C(=O)N[C@@H](C)C(C)(C)C)c(C)nn2C(C)C)cc1,[-0.36838835  0.83815724 -0.852082   -0.74247634 -0.38835835]
C/C([O-])=C(\C#N)C(=O)Nc1ccc(C(F)(F)F)cc1,[ 0.5749367   0.46975496 -0.545544   -1.          0.00504255]
CCOc1ccccc1C(=O)NN=C(C)C(=O)O,[ 0.35013762  0.7997829  -0.9943284  -0.6465447  -0.05680334]
Cc1cccc(N)c1C,[ 0.45038632  0.8886014  -0.5410159  -0.2210362  -0.11453501]
O=C1CCc2cc(C=CCN3CCN(c4ccc(Cl)cc4)CC3)ccc2N1,[ 0.2025869  -0.68087465 -0.871271   -0.7685499  -0.3456679 ]
CC(C)Oc1cc(-n2cnc3ccc(N[C@@H](CO)c4ccc(F)cn4)nc32)n[nH]1,[-0.50092953  0.73253495 -0.6839595  -0.9071326  -0.17360279]
C[NH2+]C(C)C1CCC(N)C(OC2C(N)CC(N)C(OC3OCC(C)(O)C([NH2+]C)C3O)C2O)O1,[ 0.02078718  0.98619926 -0.20553866 -0.41079268 -0.16724521]
CCN1CN(CO)C(=O)N(CO)C1,[ 0.40351078  0.3834968  -0.7960539  -0.7020056  -0.5918517 ]
CNC(=O)Oc1cc(C)c(N(C)C)cc1C(C)C,[ 0.55689275  0.8120619  -0.7980009  -0.27039254 -0.37162918]
COc1ccc(N)c([N+](=O)[O-])c1,[-0.03600553  0.95713    -0.68571126 -0.9052168  -0.25274992]
Cc1ccc2c(c1)c(-c1ccnc3cc(Cl)ccc13)c(C)n2CC(=O)O,[-0.2785131   0.34501708  0.24866    -0.85710114  0.19900508]
CN1CN(CCO)CSC1=S,[ 0.31066597  0.6594668  -1.         -0.60197437  0.00862856]
C#CC(C)(C)NC(=O)c1cc(Cl)cc(Cl)c1,[-0.15476026  0.92371935 -0.6611915  -0.8298883  -0.16545704]
Cc1cc(=O)cc(-c2ccccc2)o1,[ 0.42440623  0.6845262  -0.7592367  -0.37488666 -0.0287175 ]
CCC(=O)NC[C@H]1CN(c2ccc(-c3nncs3)c(F)c2)C(=O)O1,[-0.4263602   0.8071723  -0.84165365 -0.49595934  0.22262791]
CCC(=O)OCc1ccc(OC)cc1,[ 0.52301806  0.3345356  -0.52934355 -0.78817207  0.07464648]
COC(=O)c1cc(Oc2ccc(Cl)cc2Cl)ccc1[N+](=O)[O-],[-0.22268967  0.76320946 -1.         -0.79008967 -0.184699  ]
O=C(Nc1ccc(Cl)c(C(=O)Nc2cccnc2)c1)c1cccc(C(F)(F)F)c1,[ 0.37729013  0.8833449  -0.7918345  -0.52881134 -0.2666452 ]
CNC(=O)CSP(C)(=S)OC,[ 0.4138813   0.02288813 -0.40871933 -0.19328174 -0.37236813]
CC(O)C(Cl)(Cl)Cl,[ 0.03926386  0.96088856 -0.57940847  0.07860183  0.37670064]
Cc1cc(Cl)ccc1OCC(=O)Nc1ccccc1,[-0.07980007  0.9041269  -0.49517453 -0.6843709  -0.30648798]
CN(C)C1C(O)=C(C(N)=O)C(=O)C2(O)C(O)=C3C(=O)c4c(O)cccc4C(C)(O)C3C(O)C12,[ 0.39231795  0.8014163  -0.7149128  -0.6463279   0.49795955]
CN(C)N(C)N=O,[-0.28452906  0.75549424 -0.799796   -0.849245    0.38230425]
O=C1CC2(CCCC2)CC(=O)N1CCCCN1CCN(c2ncccn2)CC1,[-0.35140973  0.70849025 -0.6703531  -0.78180027  0.33777952]
CN(C)Cc1cc(CN(C)C)c(O)c(CN(C)C)c1,[ 0.31359023  0.90902513 -0.58412033 -0.4022036  -0.04084517]
COC(=O)c1cc([N+](=O)[O-])ccc1Cl,[-0.00726061  0.85121894 -0.7300043  -0.9086166  -0.23035114]
CCCCOCC1CO1,[-0.44259232  0.59543014 -0.904878   -1.         -0.21804559]
O=C(O)c1ccccc1-c1c2ccc(=O)cc-2oc2cc(O)ccc12,[-0.2268395   0.9755566  -0.5474101  -0.44510964 -0.51455456]
CCOC(=O)COC(=O)c1cc(Oc2ccc(C(F)(F)F)cc2Cl)ccc1[N+](=O)[O-],[ 0.1950754  -0.7557151  -0.90122586 -0.21492541 -0.46235424]
C=C(C)C(=O)OCCC[Si](OC)(OC)OC,[-0.2210531   0.960033   -0.875704   -0.8336141  -0.20463441]
CNC(=O)ON=C(C)SCC(N)=O,[ 0.04245266 -0.2236109   0.23860182 -0.7162119  -0.4018364 ]
CCCCCCCCCCCCCCCCCC(=O)Cl,[ 0.3826453   0.8156455  -0.6936228  -0.77686816 -0.3001608 ]
O=C([O-])c1cc(N=Nc2ccc(S(=O)(=O)Nc3ccccn3)cc2)ccc1O,[-0.3320769   0.7690248   0.03379903 -0.7285235  -0.35444355]
CCCCCCCCCCCCCCCCCCOP(=O)([O-])OCC[N+]1(C)CCCCC1,[ 0.16238059 -0.6951661  -0.5524707  -0.3836035  -0.26017803]
CSCC(NC(=O)COc1cccc2cnccc12)C(=O)NC(Cc1ccccc1)C(O)C(=O)N1CSCC1C(=O)NC(C)(C)C,[ 0.22167264  0.5254059  -0.78640497 -1.          0.52242154]
N=C(NN=Cc1ccc(Cl)cc1)NN=Cc1ccc(Cl)cc1,[ 0.3568862   0.72381276 -0.35607535 -1.         -0.29999322]
COC(=O)C1=C(C)NC(C)=C(C(=O)OCCN(C)Cc2ccccc2)C1c1cccc([N+](=O)[O-])c1,[ 0.18659852  0.7798817  -0.67070085 -0.8017278  -0.18928005]
FC(F)(F)c1nc2cc(Br)c(Cl)cc2[nH]1,[ 0.2940566   0.86655617 -0.7464257  -0.57357603  0.12883325]
C=CCc1cc(OC)c(OC(C)Cc2cc(OC)c(OC)c(OC)c2)c(OC)c1,[ 0.687014    0.31709957 -0.8068898  -0.10279144 -0.2456597 ]
CO[Si](CCCn1c(=O)n(CCC[Si](OC)(OC)OC)c(=O)n(CCC[Si](OC)(OC)OC)c1=O)(OC)OC,[-0.06526886  0.8439987  -0.7099337  -0.61817795 -0.0139309 ]
COCCN(c1cccnc1)P(=O)(c1ccccc1)c1ccccc1,[ 0.07970627  0.40946534 -0.9134227   0.62433064 -0.17331544]
CC1OC(OC2C(O)CC(OC3C(O)CC(OC4CCC5(C)C(CCC6C5CC(O)C5(C)C(C7=CC(=O)OC7)CCC65O)C4)OC3C)OC2C)CC(O)C1O,[-0.41952485  0.35502476 -0.6610081  -0.6509422  -0.08910421]
COCC(=O)O[C@]1(CCN(C)CCCc2nc3ccccc3[nH]2)CCc2cc(F)ccc2[C@@H]1C(C)C,[-0.09000114  0.7731507  -0.6331282  -0.6616385   0.1887811 ]
CSc1ccc(C(=O)c2[nH]c(=O)[nH]c2C)cc1,[ 0.10134961 -0.37712646 -0.7987285  -0.26802114  0.03658838]
CC(=O)SCC(=O)Nc1nc2ccccc2s1,[ 0.5480178   0.6723925  -0.48300198 -0.931185   -0.20458764]
CNC(=O)c1[nH]cnc1C(=O)Nc1ccc(Cl)cc1,[ 0.39151898  0.7615148  -0.75480634 -0.6294705   0.18167108]
ClC(Cl)(Cl)c1cccc(C(Cl)(Cl)Cl)c1,[ 0.3716027   0.8880286  -0.73401445 -1.          0.5134684 ]
O=C(OCC1CO1)c1ccccc1C(=O)OCC1CO1,[ 0.7300244   0.10772762 -0.88628024  0.24981835 -0.13462007]
CCCSP(=S)(OC)SCCC,[ 0.31407306  0.95443696 -0.8236823  -0.61429024 -0.25349352]
Cc1onc2c(=O)n(C)nc(-c3ccccc3)c12,[ 0.48886484  0.9309985  -1.         -0.61438763 -0.21225575]
O=C(O)c1cccc(Cl)n1,[-0.01167374  0.8638426  -0.46565586 -0.51340276 -0.34657863]
Cc1ccc(N2CC(COc3ccc(-c4noc(C)n4)cc3)C2)nn1,[-0.01206778  0.67655003 -0.9874762  -0.6661919   0.07051798]
CC(=O)Nc1ccc(CNc2[nH]nc3ccnc(Oc4ccccc4)c23)cc1,[ 0.2904696   0.7212905  -0.6145859  -0.69053596 -0.45930627]
C[C@@H]1NC(=O)[C@@H](C)N(C)C(=O)[C@H](C)N(C)C(=O)[C@@H](C)N(C)C(=O)[C@@H](C)N(C)C(=O)[C@H](C)NC1=O,[-0.03417679  0.9116913  -0.8840343  -0.84001344  0.15451282]
CC=CC(C)=O,[ 0.2808632   0.85758954 -0.87416893 -0.7128952  -0.6149343 ]
Clc1cc(Cl)cc(Cl)c1,[ 0.62627727 -0.5862934  -0.6285607  -0.509494    0.58832276]
CC(=O)CCc1ccc(O)cc1,[ 0.08791202  0.7730851  -0.7864008  -0.73810536 -0.65970165]
C[C@H](CSN=O)C(=O)N1CCC[C@@H]1C(=O)O,[ 0.00833814  0.78082633 -0.8713072  -0.44603622  0.03862974]
Cc1c(OC2CCN(CC3CCN([C@@H](Cc4ccc(F)cc4)C(=O)O)CC3)CC2)ccc(C#N)c1Cl,[ 0.03563837  0.78073776 -0.14493826 -0.36690205  0.6794361 ]
Cc1ccc(NC(=O)c2ccc(C#N)cc2)cc1-n1cnc2ccc(N3CCN(C)CC3)cc2c1=O,[-0.30025324  0.8881674  -0.5096507  -0.8477416  -0.5228083 ]
CCCCCCCCCCCCCCCN,[-0.08133215  1.         -0.750399   -1.          0.34957045]
N[C@H]1CCN(c2c(Cl)cccc2/C=C2\SC(=O)NC2=O)C1,[-0.00880498  0.829388   -0.801119   -0.91013116 -0.2209631 ]
CCCc1c(OCc2cccn3c(=O)c(CCC(=O)O)cnc23)ccc(C(C)=O)c1O,[ 0.6145085   0.30472526 -1.         -0.7877112   0.05878999]
NC(=S)NNCNNC(N)=S,[-0.00601283 -0.8724692  -0.90143937 -0.7255779  -0.28188276]
C1=CCCC=CCCC=CCC1,[-0.04572345  0.91945714 -1.         -1.         -0.38679206]
O=C(c1ccc(Cl)cc1)c1ccccc1-c1ncc[nH]1,[-0.2267731  0.8366059 -0.5383001 -0.9274434  0.2375338]
COc1c2ccoc2c(OCC2OC2(C)C)c2oc(=O)ccc12,[ 0.2189466   0.7993789  -0.08297143 -0.9221067   0.6924977 ]
C=C1CC1CC(N)C(=O)O,[ 0.01373001  0.8547084  -0.82629836 -0.94435215  0.5871673 ]
CN(C)c1ccc(N=Nc2ccccc2)cc1,[-0.3245956   0.6779377  -0.1875063  -1.         -0.34825993]
O=C1C(Cl)C(CCl)CN1c1cccc(C(F)(F)F)c1,[ 0.1703373   0.82127035 -0.9516791  -0.41011375  0.8322571 ]
Cc1ccc(C(=O)N(CCCN)[C@@H](c2nc3cc(Cl)ccc3c(=O)n2Cc2ccccc2)C(C)C)cc1,[ 0.3128817   0.8422575   0.42574087 -0.4597232  -0.17988294]
Cc1ccn(C(=O)NCCCCCCCl)n1,[ 0.61059165 -0.06593276 -0.7345506   0.15830114 -0.5817328 ]
C#CC(C)(O)C(O)c1ccccc1,[ 0.36168674  0.9059319  -1.         -0.2978969   0.13456605]
Clc1ccc(N2N=NC3C4CC(C5N=NC45)C32)cc1,[ 0.293837    0.76114976 -1.         -0.71936834 -0.33493868]
CN=C=S,[ 0.46039727  0.70553976 -0.86350274 -0.20074593  0.38966817]
COC(=O)C(C)N(C(=O)Cc1ccccc1)c1c(C)cccc1C,[-0.06076442  0.13442121 -0.82086897 -1.         -0.04544054]
CN(C)CCOc1cc(NS(=O)(=O)c2c(Cl)cc(C(F)(F)F)cc2Cl)ccc1Cl,[ 0.24228035  0.6906684  -0.5781997  -0.41174173 -0.01435399]
COP1(=S)OCc2ccccc2O1,[-0.03573413  0.9452095  -0.3366669  -0.72733253 -0.22640598]
SCc1ccccc1,[ 0.17365947  0.56749004 -0.81189555 -1.          0.5132591 ]
O=[N+]([O-])OC1COC2C(O)COC12,[ 0.06867428  0.7881576  -0.86446095 -0.92952853 -0.3790447 ]
Nc1ncc2cc(-c3c(Br)cccc3Br)c(N)nc2n1,[ 0.39444652  0.7632231  -0.63760275 -0.27134356 -0.11793444]
COP(=S)(OC)Oc1nc(Cl)c(Cl)cc1Cl,[ 0.16423777  0.67359734 -0.74473506 -0.6178569  -0.39459488]
CC(C)C1NC(=O)c2ccccc2O1,[-0.03482611  0.7919813  -1.         -0.8327597  -0.01233991]
CCN(CC)c1ccc2cc(C(=O)NC3(C(=O)N[C@H](Cc4ccccc4)C(=O)NCC4CCN(CC5CCOCC5)CC4)CCCC3)sc2c1,[-0.47260192  0.55815303  0.5718105   0.44810635  0.606719  ]
CC(=O)N(C)c1ccc(Nc2ncc3cc(-c4ccncc4)ccc3n2)cc1,[-0.10502474  0.8366227  -0.8831447  -0.90059304 -0.2586574 ]
CNC(=O)[C@@H]1Cc2cn(cn2)CC(=O)N2CCC[C@H]2C(=O)N[C@@H](C)C(=O)N1C,[-0.1824334   0.91093796 -0.8130204  -0.9092937   0.1016146 ]
O=C(O)c1nn(Cc2ccc(Cl)cc2Cl)c2ccccc12,[ 0.46303156  0.71699095 -0.77834314 -0.65777874  0.36401907]
CC(=O)CCCCCCCC(=O)O,[ 0.04066332  0.82576776 -0.93977946 -0.6602483  -0.278854  ]
Clc1nc(Cl)nc(Cl)n1,[-0.13857678 -0.05587918 -0.8989705  -0.45677337  0.4297644 ]
O=C(O)COc1ccc(C(=O)CN2CCN(C3CCNCC3)CC2=O)cc1,[ 0.58485824  0.64045924 -0.8713113  -0.2648717  -0.31434074]
Clc1cccc([Si]23OCCN(CCO2)CCO3)c1,[ 0.34415102  0.7244734   0.12598138 -0.8529991  -0.59804404]
CCC(C)C(CC)C(N)=O,[-0.21326192  0.74143153  0.22494102 -0.5629078   0.06955358]
CN(SSC(C)(C)C)C(=O)ON=C1SCCS1,[ 0.5701973   0.52762467 -0.6071377  -0.22044128  0.47974274]
ClC(Cl)(Cl)c1ccc(C(Cl)(Cl)Cl)cc1,[ 0.29898232  0.40817836 -0.87593573 -0.17831685  0.5119806 ]
CCCCc1c(OC(=O)c2cc(OC)c(OC)c(OC)c2)n(-c2ccccc2)n(-c2ccccc2)c1=O,[ 0.16967775  0.8481153  -0.7046879  -0.7363652  -0.13256271]
C=CC(=O)N1CN(C(=O)C=C)CN(C(=O)C=C)C1,[ 0.34742877  0.6975552  -0.8394586  -0.6802369  -0.51225686]
CC(=O)OO,[-0.21711408  0.7252196  -0.4615661  -0.68609107 -0.01803828]
CCN[C@@H]1C[C@H](N)[C@@H](O[C@H]2OC(CN)=CC[C@H]2N)[C@H](O)[C@H]1O[C@H]1OC[C@](C)(O)[C@H](NC)[C@H]1O,[ 0.33081296  0.9337727  -0.9023442  -0.9975659   0.10880566]
O=C(CCl)OC1=C(OC(=O)CCl)C(=O)OC1=O,[-0.09068032  0.754968   -0.5088716  -1.         -0.15698895]
S=c1[nH]cnc2nc[nH]c12,[ 0.05510104  1.         -0.9690177  -0.8632027  -0.05828196]
CCC(C)OC=O,[ 0.662561    0.02799042 -0.9574093  -0.65204215 -0.7919611 ]
CC(CN1CC(=O)NC(=O)C1)N1CC(=O)NC(=O)C1,[-0.13621242  0.64266694 -0.87599915 -0.85042006 -0.25092533]
C=CC(=O)OCCCCCCOC(=O)C=C,[ 0.06891157 -0.20164128 -0.2847652  -0.8275005  -0.32547474]
Nc1cc2c(S(=O)(=O)O)cc(S(=O)(=O)O)cc2cc1S(=O)(=O)O,[ 0.4624312   0.91576105 -1.         -0.82395256 -0.21095134]
Nc1cc[n+]([O-])cc1,[ 0.2528823  0.8747981 -0.7724855 -1.         0.5864475]
OCc1cc(C(O)C[NH2+]CCCCCCOCCOCc2c(Cl)cccc2Cl)ccc1O,[ 0.54166883  0.84785503 -0.6134249  -0.7246325  -0.74869275]
COCCNC(=O)c1ccc(Nc2ncc3cc(-c4ccncc4)ccc3n2)cc1C,[-0.03068452 -0.43069333 -0.97194153 -0.31795913  0.57182497]
C[C@@H]1O[C@@H](O[C@@H]2[C@@H](O)[C@H](OCCc3ccc(O)c(O)c3)O[C@H](CO[C@@H]3O[C@H](CO)[C@@H](O)[C@H](O)[C@H]3O)[C@H]2OC(=O)/C=C/c2ccc(O)c(O)c2)[C@H](O)[C@H](O)[C@H]1O,[-0.39689943  0.9716863  -0.8422669  -0.5474411  -0.35926485]
CN1CCN2c3ncccc3Cc3ccccc3C2C1,[ 0.5839906   0.9434807  -0.79813486 -0.573367   -0.64736867]
CCC1OC(C)SC1=NOC(=O)NC,[-0.3061157   0.78491116 -0.92614144  0.31595612  0.4215765 ]
CCOC(C1=NCCCN1)c1c(Cl)cccc1Cl,[ 0.20543854  0.572051   -0.35193455 -0.5429735  -0.17394449]
CCC(=O)OC1C(C)OC(OC2C(C)OC(OC3C(CC=O)CC(C)C(O)C=CC=CCC(C)OC(=O)CC(OC(C)=O)C3OC)C(O)C2N(C)C)CC1(C)O,[-0.1194962   0.95103014 -0.65338326 -0.8605254  -0.29667878]
FCOC(C(F)(F)F)C(F)(F)F,[-0.01929971  0.748081   -1.         -0.00908753  0.5487626 ]
CN1CCC(=C2c3ccccc3Sc3ccccc32)CC1,[ 0.42419493  0.88573337 -0.90815127 -0.59360194 -0.2241796 ]
N#Cc1cccc(C#N)c1,[ 0.20173691  0.96432847 -0.6941144  -0.8831235   0.14709978]
Cc1cccc([N+](=O)[O-])c1[N+](=O)[O-],[ 0.06765026  1.         -0.7739066  -0.6869435   0.2013192 ]
C=CC(=O)OCCc1ccc(CC)cn1,[ 0.11185431  1.         -0.7026939  -0.30415154  0.02118146]
C#CC1(O)C=CC2C3CCC4=CC(=O)CCC4C3CCC21CC,[-0.45780706  0.6931426  -0.75114685 -0.45887473 -0.0307413 ]
COc1ccc(-c2nc3ccc(C4=NNC(=O)CC4C)cc3[nH]2)cc1,[ 0.4806247   0.59765214 -0.34434214 -0.860244   -0.35433125]
COCc1ccc2c(C(C(=O)NS(=O)(=O)c3ccc(C)cc3OC)c3ccc4c(c3)OCO4)cn(C)c2c1,[ 0.07934716  0.81568575  0.683322   -0.62622607 -0.46282306]
CNC(=O)ON=C1CCCC1(C)C#N,[ 0.15780954  0.8191145  -0.9426065  -0.9660149   0.33925402]
N=C(N)N[N+](=O)[O-],[ 0.15778159  0.88126755 -0.841297   -0.965337    0.47820154]
CC(C)c1cccc(OC(=O)N(C)C)c1,[-0.19449912  0.33442393 -0.6279022  -0.8676107   0.00251742]
CNC(=O)ON=C(C)SC,[-0.37653008  0.86695904 -0.80886763 -0.5922716   0.02525423]
O=CNc1cc([C@@H](O)CNCCc2ccc(NC[C@H](O)c3ccccc3)cc2)ccc1O,[-0.28487694  0.09829757 -1.         -0.55006695  0.49901712]
CC(C)(C)c1ccc(OP2OCC3(CO2)COP(Oc2ccc(C(C)(C)C)cc2C(C)(C)C)OC3)c(C(C)(C)C)c1,[ 0.18948185  0.26361352 -0.07487644 -0.3387443   0.3119161 ]
COCc1c(C(C)C)nc(C(C)C)c(/C=C/[C@@H](O)C[C@@H](O)CC(=O)O)c1-c1ccc(F)cc1,[ 0.09756923  0.8402147  -0.81396073 -0.5662499  -0.03676712]
CC[C@H](CO)NC(=O)[C@H]1C=C2c3cccc4[nH]cc(c34)C[C@@H]2N(C)C1,[ 0.39945525  0.7131122  -1.         -1.         -0.21179904]
O=c1c(Cl)c(Cl)cnn1-c1ccccc1,[ 0.22174408  0.9304119  -0.7433448  -0.4153338  -0.15651399]
CCCOP(=O)(SCCC)SCCC,[-0.40340352  0.67261225  0.00145345 -1.         -0.20485975]
Cc1cc(OC(=O)N(C)C)n(C(C)C)n1,[-0.27171943  0.8245295  -0.45659727  0.32894212  0.17565434]
CCOc1ccccc1C(N)=O,[ 0.54272527  0.2874514  -0.71313643 -0.74989235  0.5951324 ]
CC(=O)[C@H]1CC[C@H]2[C@@H]3CC[C@@H]4C[C@H](O)CC[C@]4(C)[C@H]3CC[C@]12C,[-0.22122271  0.9091818  -0.96653074 -0.9184003  -0.48403272]
CC(C)CCI,[ 0.5201383   0.7916261  -0.61434454 -0.5451096  -0.01291567]
O=C(CN1CCNCC1)NN=Cc1ccc([N+](=O)[O-])o1,[-0.2721462   0.3146557  -0.9323015  -0.84260434  0.14335296]
CCON=C(CC)C1=C(O)CC(c2c(C)cc(C)cc2C)CC1=O,[-0.01925357  0.580532   -0.4577665  -1.         -0.32506078]
C=C1CC23CC1(O)CCC2C12C=CC(O)C(C)(C(=O)O1)C2C3C(=O)O,[ 0.4525115   0.7714215  -0.7125841  -0.737229   -0.09109741]
CNNC,[ 0.4886557   0.9568527  -0.8995426  -0.5481872  -0.17562985]
CCOP(=S)(OCC)Oc1ccc([N+](=O)[O-])c(C)c1,[ 0.26756844  0.855839   -0.86765105 -0.73104054  0.11848353]
CC1CCC(C(C)C)C(O)C1,[ 0.5658968   0.85925126 -0.8078333  -0.55536705 -0.37657696]
NCCCC[C@H](N[C@@H](CCc1ccccc1)C(=O)O)C(=O)N1CCC[C@@H]1C(=O)O,[-0.26867077 -0.33495823 -0.66164464 -0.8140775  -0.37324977]
COP(=S)(OC)Oc1ccc(S(N)(=O)=O)cc1,[ 0.23798221  0.13152497 -0.7062681  -0.45681915  0.30316126]
O=C(Cc1ccc(OCc2ccccc2)cc1)NO,[-0.13471842  0.80191827 -0.9201774  -0.62339467  0.20471178]
COP(=O)(OC)SC(CC(=O)OC(C)C)C(=O)OC(C)C,[-0.00843075  0.8997323  -0.31099445 -0.5190276   0.10382485]
CC(C)c1cccc(C(C)C)c1O,[ 0.21105461 -0.38067934 -0.08292    -0.6123215   0.03491843]
C[C@@H](O)[C@H]1C(=O)N2C(C(=O)O)=C(SCCNC=N)C[C@H]12,[ 0.1829228  -0.21811032 -0.22834654 -0.9812543  -0.36462003]
CCC(=O)N(c1ccccc1)C1CCN(CCc2ccccc2)CC1,[-0.25684893  0.29828826 -0.6872539  -0.59611934 -0.1536404 ]
C1COCCOCCNCCOCCOCCN1,[-0.09983217  0.79111916 -0.49756944 -0.6106045   0.01018803]
COc1nccnc1NS(=O)(=O)c1ccc(N)cc1,[ 0.24405257  0.89595574 -0.7162511  -0.7674101   0.02268868]
CN(C)c1ccc(C(O)(c2ccc(N(C)C)cc2)c2ccc(N(C)C)cc2)cc1,[ 0.11018236 -0.38124642 -0.667818   -0.33650222 -0.41858175]
Cc1onc2c(=O)[nH]nc(-c3ccccc3)c12,[ 0.3549031   0.6340193  -0.9540997  -0.98406166  0.9799453 ]
C[Si](C)(Cl)Cl,[ 0.31348583  0.85861295 -0.71028006 -0.93940824 -0.62836576]
C=CC(=O)OCCOCC,[ 0.4944002   0.8304733  -0.93758327 -0.9252139  -0.01447112]
CCP(=O)(OC)SC,[-0.31176955  0.82068074 -0.861936   -1.          0.68081045]
C1CN1P1(N2CC2)=NP(N2CC2)(N2CC2)=NP(N2CC2)(N2CC2)=N1,[ 0.23824112 -1.         -0.6029035  -0.1178386   0.26502472]
O=C(O)CCCOc1ccc(Cl)cc1Cl,[-0.32426614  0.01385039 -0.7390947  -0.6696897   0.07860232]
O=C1COc2ccc(CNC3CCN(CCN4C(=O)COc5ccc(Cl)cc54)CC3)nc2N1,[ 0.3887752   0.9335194  -0.9539792  -0.7258625   0.14247312]
Cc1ccc(OP(=O)(Oc2ccccc2)Oc2ccccc2)cc1,[ 0.26459792  0.73072636 -0.85181725 -0.5031185   0.03039573]
C[Si](C)(C)CCCC(=O)O,[ 0.02665966  0.79547185  0.22363722 -0.13961008 -0.21553023]
NCC(O)CO,[ 0.1253882   0.8902143  -0.52516174 -0.38570893 -0.46959254]
CC=Cc1ccc(OCc2ccccc2)c(OC)c1,[ 0.31231776  0.6884066  -0.7988075  -0.53369594 -0.47393262]
Nc1ccc(O)c([N+](=O)[O-])c1,[-0.41601086 -0.61246496 -0.87847483 -0.6404608  -0.00711351]
CC(C)(C#N)C(C)(C)C#N,[-0.0607614   0.9807234  -1.         -0.98708403 -0.774772  ]
CCC[NH+]1CCCCC1C(=O)Nc1c(C)cccc1C,[ 0.17031431  0.80379736 -0.93099165 -0.8703278   0.29748383]
CCCCCCCCCCCC(=O)OCC(O)C1OCC(O)C1O,[ 0.09755956  0.7005479  -0.77056926 -0.21808784 -0.06339601]
c1cc2c(c(N3CC[NH2+]CC3)c1)OCCO2,[ 0.6211395   0.49047416  0.04692391 -0.02181562 -0.52208513]
Cc1ccc(-c2ccccc2)cc1,[ 0.01941439  0.6402361  -0.9261454  -0.90039545 -0.02660188]
CC(C(N)=O)(c1ccccc1)c1ccc(N)cc1,[ 0.02228442  0.57831675 -0.9474001  -1.         -0.60255593]
CC1(C)CC(NC2CC(C)(C)NC(C)(C)C2)CC(C)(C)N1,[ 0.49891913  0.97975445 -0.9753899  -0.78910017 -0.18268976]
O=C(CF)Nc1ccccc1,[-0.0310496   0.8803683  -0.8559355  -0.82376665 -0.4291924 ]
O=C1NC(=O)C(c2ccccc2)(c2ccccc2)C(=O)N1,[ 0.4770956   0.05322552 -0.7554839  -0.8612226  -0.04880804]
CC(=O)OC(C(=O)NC(N)=O)c1ccccc1,[-0.02951444  0.15274236  0.02379278  0.4342669   0.5432652 ]
C[C@@H](N/C(=N\c1ccncc1)NC#N)C(C)(C)C,[-0.18532573  0.9378855  -0.8151924  -0.8980308  -0.28893054]
O=P(OCCCl)(OCCCl)OC1CC(C(Br)CBr)CCC1Cl,[ 0.06017954  0.79853666 -0.8102763  -0.6804038  -0.15542965]
CC(=O)C1OC1(C)C,[ 0.05032402  0.8088177  -0.83266616 -0.5721383  -0.28846684]
COP(=S)(OC)Oc1cnc2ccccc2n1,[ 0.71986663  0.88424146 -1.         -0.46808228 -0.00126087]
CCOc1ccccc1OC(c1ccccc1)C1C[NH2+]CCO1,[-0.01887915  0.86848015 -0.5098491  -0.9405283  -0.40991902]
CC(=O)N(C)C,[ 0.26079997  0.70733297 -0.73660403 -0.5655615   0.66747093]
Cc1c(Sc2ccc(Cl)cc2)c2c(S(C)(=O)=O)cccc2n1CC(=O)O,[-0.3168085   0.77439106 -0.74460137 -0.7125647  -0.42776653]
CCOP(=S)(OCC)OC(C)CC,[-0.38988227 -0.29900834  0.39121056 -0.8146569  -0.2627834 ]
CC1[NH2+]Cc2cc(-c3ccc4c(=O)c(C(=O)[O-])cn(C5CC5)c4c3OC(F)F)ccc21,[-0.08517067  1.         -0.6637032  -0.92745143 -0.22780506]
CC(=O)OCCOCCOCCOC(C)=O,[ 0.5038657   0.96589184 -0.894147   -0.55897653  0.12883784]
CC(=O)Nc1ccc(C)c(NS(=O)(=O)C(F)(F)F)c1,[ 0.40385783  0.36485553 -0.7224289  -0.7448128  -0.34333906]
CCCN(CCC)c1c([N+](=O)[O-])cc(C(C)C)cc1[N+](=O)[O-],[ 0.19365571  0.92323565 -0.81934154 -0.65019554  0.41319647]
OCC(O)CO,[ 0.3671068   0.38954574 -0.7999487  -0.77373403 -0.3857323 ]
CCC(C)(C)OC(=O)Nc1ccco1,[ 0.62176085  0.57232744 -0.8806418   0.07387195 -0.01552831]
COc1ccc2c(O[C@@H]3C[C@H]4C(=O)N[C@]5(C(=O)NS(=O)(=O)C6CC6)C[C@H]5/C=C\CCCCN(C)C(=O)[C@@H]4C3)nc(-c3ccc(F)cc3)nc2c1C,[ 0.48336664  0.49244148 -0.9010319  -0.5635007   0.13589863]
OCCOCCCl,[-0.00475658  0.84450567 -0.90792143 -1.         -0.33065534]
O=C(NC[C@@H](O)CN1CCC(Oc2ccc(Cl)c(Cl)c2)CC1)c1c[nH]c(=O)c2cc(F)ccc12,[-0.59187907  0.5204664  -0.4029359  -1.          0.25287852]
CCCCCc1ccccc1O,[ 0.35138005 -0.1914118  -0.7888534  -0.6864725  -0.55117166]
COc1ccc2ncc(=O)n(CCN3CC[C@@H](NCc4cc5c(cn4)OCCO5)[C@H](O)C3)c2c1,[ 0.08554945  0.3175498  -0.92493236 -0.8854157   0.06661715]
CCC(CC)n1nc(C)c(C(=O)N[C@@H](C)C(C)(C)C)c1NS(=O)(=O)c1ccc(C)cc1,[ 0.16404007  0.54065406  0.40852445 -0.87232    -0.43319914]
CCc1cccc(CC)c1N,[ 0.38244283  0.5918063  -0.6992159  -0.81784785 -0.0700983 ]
Cc1ccc(N=C=O)cc1,[ 0.5640925   0.46569183 -0.80280715 -0.21036987  0.69488025]
O=NN1CCCCC1,[-0.21014363  0.8494903  -0.85770166 -0.5605079  -0.01261953]
CCCCN(N=O)C(N)=O,[ 0.18926945  0.61364067 -0.67765784 -0.79004693 -0.24122933]
CCOC(=O)CCC[Si](C)(OCC)OCC,[ 0.52981824  0.9156596  -0.5566193  -0.0704203  -0.09556352]
S=c1[nH]c2cc(Cl)ccc2o1,[ 0.05668414  1.          0.4927791  -0.5014493  -0.2514587 ]
CCOP(=O)(O)O,[-0.44632795  0.7087551  -0.66431755 -0.47195566  0.1991496 ]
Cc1c(OCC(F)(F)F)ccnc1C[S+]([O-])c1nc2ccccc2[nH]1,[ 0.596801    0.78393424 -0.6146843  -0.65586895  0.20014386]
Clc1ccc(C(OCCN2CCCCC2)c2ccccc2)cc1,[-0.33222282  1.         -0.9017782  -1.          0.057388  ]
C=C(Cl)C(Cl)CCl,"[-2.9277349e-05  7.1024632e-01 -4.5836917e-01 -4.2540756e-01
 -5.6050934e-02]"
Nc1cc(Cl)ccc1O,[ 0.17917177  0.44181064  0.5296535  -0.25637797 -0.39977226]
CN(C)CCOCCOCCN(C)C,[-0.06232463 -0.9005025  -0.7992241  -0.85769403 -0.1566065 ]
CC(C)(C)NCCC(O)c1cc(C(F)(F)F)nc2c(C(F)(F)F)cccc12,[ 0.35358524  0.7335389  -0.7984939  -0.76883763 -0.40218568]
CNC(=O)Oc1ccccc1C1OCCO1,[-0.27312264  0.37570396 -0.50935954 -0.43872204 -0.3433466 ]
C1=CCC(C2OCC3(CC=CCC3)CO2)CC1,[-0.6705156   0.38303107 -0.9703648   0.0271455  -0.10857204]
[NH3+]CC1CCC(C(=O)[O-])CC1,[ 0.27791196  0.7940203  -0.40896568  0.12170377 -0.23300761]
COc1cc(C=CC(N)=O)ccc1O,[ 0.2928703   0.7528112  -0.92251474 -0.54240805  0.06430162]
CCCCCCCCC1OC1CCCCCCCC(=O)OCC1(CC)OC1CCC,[ 0.16812444 -0.5753385  -1.         -0.3675175  -0.2775707 ]
Fc1cc(-c2cccc3ncc(-c4cnn(C5CCNCC5)c4)nc23)cc(F)c1CN1CCOCC1,[ 0.3244842   0.47098267 -0.72463894 -0.30932128  0.114867  ]
CCOC(=O)c1noc(C)c1C(C)=O,[ 0.5444655  -0.37813914 -0.8093292  -1.          0.0973873 ]
COP(N)(=O)SC,[-0.6796052   0.7295549  -0.8104597  -0.8750363   0.45742297]
C[C@@H]1O[C@@H](O[C@H]2[C@H](Oc3cc(O)c4c(c3)O[C@H](c3ccc(O)cc3)CC4=O)O[C@H](CO)[C@@H](O)[C@@H]2O)[C@H](O)[C@H](O)[C@H]1O,[ 0.8554687   0.9026162  -0.8018619   0.46611553  0.10614831]
OCCCCC(O)CO,[ 0.05496538  0.8951622  -0.7632832  -0.72242486  0.66275847]
COc1ccc([N+](=O)[O-])cc1N,[ 0.0281002   0.8653362  -0.55715644 -0.35350713  0.35731104]
CN(C)CC/C=C1/c2ccccc2COc2ccc(CC(=O)O)cc21,[-0.02049891  0.63260025 -0.32934964  0.38236272  0.02857562]
C=CC(=O)OCC(=O)OCC,[ 0.18434161  0.5764324  -0.76766294 -0.681799   -0.00165606]
CC(C)NCC(O)COc1cccc2ccccc12,[ 0.07501657  1.         -0.7972928  -0.77378666 -0.4976212 ]
CC1CCCCN1N=O,[ 0.27809486  0.9321173  -0.6687554  -0.8534633  -0.43618742]
CO[Si](CCCOCC1CO1)(OC)OC,[-0.21247482  0.8238773  -0.83702    -0.64812285 -0.48998344]
C=CCOc1ccccc1C(N)=O,[-0.04063757  0.6956761  -0.8464119  -0.83140254 -0.19101518]
Cc1cnc(C)c(C)n1,[ 0.48154116  0.17571115 -0.8613566  -0.8885643   0.32518652]
C=CCOc1ccccc1OCC(CNC(C)C)OC(=O)C1CC1,[-0.16036044  0.8117966  -0.912978   -0.8857761  -0.05063305]
CC(C)(C)CC(=O)Nc1c(F)cc(C(=O)Nc2nccs2)cc1F,[ 0.37533012  0.85550827  0.5336644  -0.27432448  0.05803433]
C[NH+]1CCOC(c2ccccc2)c2ccccc2C1,[ 0.470838    0.9392162  -0.85370576 -0.32430443  0.2347869 ]
C[NH+](CCOc1ccc(NS(C)(=O)=O)cc1)CCc1ccc(NS(C)(=O)=O)cc1,[ 0.50031376  0.84060466 -0.74916303 -0.6964276  -0.35409713]
Cc1cccc2sc3nncn3c12,[ 0.4461351   0.7501818  -0.48040542 -0.0464117  -0.3986666 ]
CC1=NN(c2ccccc2)C(=O)C1,[-0.7507647   1.         -0.82579195 -0.81565595 -0.28852317]
COP(=S)(OC)Oc1ccc(C#N)cc1,[ 0.549964    0.41411036 -1.         -0.5957937   0.43482423]
CCCN(N=O)C(N)=O,[ 0.37612262  0.6558737  -0.59011614 -0.8880554   0.00109008]
NC(=O)N1C(=O)C(C(=O)c2cccs2)c2cc(Cl)ccc21,[-0.07703649  0.9204871  -0.8479641  -0.64287436 -0.36749464]
CCCCn1c(=O)n(CCC)c(=O)c2[nH]c(C)nc21,[ 0.137586   -0.44949597 -0.8970685  -0.38496488  0.05883129]
CC(C)CNC(=O)NS(=O)(=O)c1ccc(Cl)cc1,[-0.3497346   0.87028843 -0.7900734  -0.34436134 -0.10087492]
CCN(CC)CCCCCCCCCCNC(=O)Oc1ccc2c(c1)C1(C)CCN(C)C1N2C,"[ 5.5496210e-01  5.1575875e-01  2.1653190e-01 -4.5190912e-01
 -1.7656271e-04]"
CCCS,[ 0.24916697  0.94785    -0.8709368  -0.95072806 -0.4549107 ]
CN(C)CCCC1c2ccccc2Nc2ccc(Cl)cc21,[ 0.07571713  0.8366425  -0.77544016 -1.         -0.14737728]
CCC(O)CO,[ 0.09900805  0.71028334 -0.8433143  -0.5360266  -0.11374082]
N#Cc1c(-c2ccc(-c3ccncc3Cl)cc2)nc2ccncc2c1O,[ 0.13965303  0.6441457   0.21178204 -0.68079793  0.15275452]
O=C1c2cccc(S(=O)(=O)O)c2C(=O)c2c1cccc2S(=O)(=O)O,[ 0.0142243   0.54123265 -0.84712595 -0.82213575 -0.21566103]
O=C1NC(c2ccc(Br)cc2)Nc2ccccc21,[ 0.27589312  0.89034206 -0.7179364  -0.7451662  -0.27619794]
CCC1OC(=O)C(C)C(=O)C(C)C(OC2OC(C)CC([NH+](C)C)C2O)C(C)(OC)CC(C)C(=O)C(C)C2N(CCCCn3cnc(-c4cccnc4)c3)C(=O)OC12C,[-0.46720603  0.919183   -0.33493304 -0.9000628  -0.10844997]
O=C(Cc1ccc(Cl)c(C(F)(F)F)c1)Nc1cccc2c(=O)n(CCO)ccc12,[ 0.4706827   0.3967619  -0.64368033 -0.77758193 -0.41715997]
Oc1nc(-c2ccccc2)nc2ccccc12,[ 0.56727576  0.47088903 -1.         -0.644666    0.28864905]
Cc1ncsc1C,[ 0.00119486  0.6823131  -0.68018395 -0.7507104   0.12585577]
CN1CCN(CCCN2c3ccccc3Sc3ccc(Cl)cc32)CC1,[-0.17337982  0.46403092 -0.6704617  -0.1936696  -0.5129292 ]
CNC(=O)Oc1ccc(CCC#N)cc1,[ 0.2583985   0.7280604  -0.50075644 -0.6222168   0.3173746 ]
COc1cc(OC)c(S(=O)(=O)NCc2ccccc2N2CCC(COC(=O)CCC(=O)O)CC2)cc1NC(=O)CCC(=O)O,[ 0.40590912  0.60505044 -0.81394523 -0.8790624  -0.573566  ]
CCN(CC)c1ccc(-c2nc(=O)n(C)nc2-c2ccc(N(CC)CC)cc2)cc1,[-0.06176347 -0.13315152 -0.4624251  -0.65544945  0.30333638]
CCOC(C)=Cc1oc2ccccc2[n+]1CCCS(=O)(=O)[O-],[-0.20125124  0.8825844  -0.79499865 -0.4475342  -0.33249164]
COc1ccc(-c2nc3c(NCCCNC(C)=O)c(Br)cnc3[nH]2)cc1,[ 0.11906201  0.82880527 -0.9006085  -0.49700317 -0.39770365]
C=C(C)c1ccc(C(C)(C)N=C=O)cc1,[-0.05701109  0.23325527 -0.82469803 -0.4171465   0.93441963]
O=C(O)COc1ccc(Cl)cc1CN1CCN(S(=O)(=O)Cc2ccccc2)CC1,[ 0.36745083  0.6847885  -0.67705786 -0.47681725 -0.24720393]
O=S(=O)(O)c1ccc2cc(Nc3cccc4c(O)c(S(=O)(=O)O)ccc34)ccc2c1O,[ 0.17435636 -0.67339385 -0.5340231  -0.5958184   0.20629536]
O=C(C(F)(F)Cl)C(F)(F)Cl,[-0.22886203  0.94402343 -0.90900344 -0.44782114  0.01270297]
C#CCN1C(=O)CN=C(c2ccccc2)c2cc([N+](=O)[O-])ccc21,[ 0.31352034  0.9019505  -0.748638   -0.38828313 -0.28470483]
CCc1nn(C2CCCC2)c2c1CCn1c(-c3cccs3)nnc1-2,[-0.00792814  1.         -0.9135373  -0.801067    0.9095441 ]
O=C(CCCCCCC(=O)Nc1ccccc1)NO,[ 0.5594689  0.7989228 -1.        -1.        -0.3718857]
CCCCCCCCc1ccccc1O,[ 0.19284531  0.8206682  -0.8603421  -0.6018091   0.01725586]
O=CNC(N1CCN(C(NC=O)C(Cl)(Cl)Cl)CC1)C(Cl)(Cl)Cl,[ 0.5525013   0.89733225 -0.74329513 -0.5626505  -0.21448778]
CN1C(=O)CC(N2CCN(CCCN3c4ccccc4COc4ccc(CC(=O)O)cc43)CC2)N(C)C1=O,[ 0.23469262  0.78899056 -0.58167285  0.0872006  -0.33664355]
C=CCN1CCC23CCCCC2C1Cc1ccc(O)cc13,"[ 2.5207139e-05  6.8291080e-01 -3.5842001e-01 -6.0842681e-01
  3.8592342e-02]"
C[C@@H]1NC(=O)[C@H](C)N(C)C(=O)[C@@H](C)NC(=O)[C@H](C)N(C)C(=O)[C@@H](C)N(C)C(=O)[C@@H](C)NC1=O,[ 0.18726516  0.94210106 -0.9438975  -0.66050464  0.91254246]
CCOP(=O)(CC)SC,[ 0.1621517   0.8761154  -0.7901761  -1.          0.17234747]
Cc1cccc(C)c1O,[ 0.21776949  0.05922063 -0.6108021  -0.41671288 -0.23127967]
O=C(CCCN1CCC(O)(c2cccc(C(F)(F)F)c2)CC1)c1ccc(F)cc1,[ 0.3066183   0.84021103 -0.8765967  -0.5094144  -0.06358932]
CC(=O)NCCCS(=O)(=O)[O-],[ 0.33580437  0.28899482 -0.5463953  -0.4856493  -0.29153386]
COC(=O)C1=C(C)NC(C)=C(C(=O)OCCN(C)Cc2ccccc2)C1c1cccc(N(O)O)c1,[ 0.23418972  0.892165   -0.4093983  -1.         -0.13260318]
C1CSCCO1,[ 0.42140102  0.5385149  -0.5743682  -0.20239276  0.21753389]
Cc1ccccc1S(=O)(=O)NC(=O)N1CCC(N2CCC(Oc3ccc(Cl)c(Cl)c3)CC2)CC1,[ 0.35091528  0.9660941  -0.92666614 -0.74445856 -0.0756734 ]
CC(C)(C)c1cc([N+](=O)[O-])cc([N+](=O)[O-])c1O,[ 0.33849728  0.4874928  -0.8069561  -0.73727584 -0.48720363]
Cc1cncc(C)n1,[ 0.2679174   0.71886015 -0.58593947 -1.         -0.50797886]
CNC(=O)/C=C(/c1ccc2nc(N)n(S(=O)(=O)C(C)C)c2c1)c1ccccc1-c1cccc2ccccc12,[ 0.10013967  0.7401565  -0.9879802  -1.          0.7220822 ]
COc1cc(-c2cc(=O)c3c(O)cc(O)cc3o2)cc(O)c1OC,[ 0.25709686 -0.21743488 -0.8085697  -0.758842   -0.23280312]
c1ccc2c(c1)CC(N1CCN(c3cccc4c3OCCO4)CC1)C2,[-0.07219119  0.8725549  -0.8334641  -0.76211494 -0.17830247]
CCCCCCCCCCOC(=O)Cc1ccc(N(CCCl)CCCl)cc1,[ 0.3180653  -0.58357865 -0.9356682  -0.05437084  0.2638427 ]
Cc1cc(=O)nc(SCc2ccccc2N(C)C)[nH]1,[ 0.01974152  0.841869   -0.8217613  -0.8328455  -0.23271655]
CC(=O)O[C@H]1C[C@@H]2CC[C@@H]3[C@H](CC[C@@]4(C)[C@H]3C[C@H]([N+]3(C)CCCCC3)[C@@H]4OC(C)=O)[C@@]2(C)C[C@@H]1N1CCCCC1.[Br-],[-0.4837617   0.86413854 -0.9100583  -0.8226566   0.26898664]
C[N+](C)(C)CC(O)CC(=O)[O-],[ 0.02624432  0.5723434  -0.87095976 -0.6065389  -0.13372345]
CC(C(=O)O[C@@H]1CC[N+](C)(C)C1)(c1ccccc1)C1CCCC1,[ 0.11590189  0.8924454  -0.5706172  -0.77207047 -0.20486812]
CCc1nc(N)nc(N)c1-c1ccccc1,[ 0.4055783   0.35607627 -0.91530395 -0.90654725 -0.37463593]
COc1cc(OC)c(S(=O)(=O)NCc2ccccc2N2CCCCC2)cc1NC(=O)CCC(=O)O,[ 0.6423652   0.63951594 -0.9097664  -0.42962936 -0.04761364]
CCCC(=O)OC1(C(=O)COC(=O)CC)CCC2C3CCC4=CC(=O)CCC4(C)C3C(O)CC21C,[ 0.33099967  0.7256536  -0.8631258  -0.13397673  0.00410825]
O=c1c2nocc2c(-c2ccccc2)nn1-c1ccccc1,[-0.59814614  0.7006016  -0.52730405 -1.          0.2056081 ]
COCCOP(=O)(OCCOC)OCCOC,[-0.09357759  0.89379627 -0.47480845 -0.71235687 -0.43074688]
CCOCCCO,[ 0.34525374  0.15359527 -1.         -0.37152216 -0.07840035]
CN1[C@@H]2CC[C@@H]1CC(OC(=O)C(CO)c1ccccc1)C2,[-0.24106574 -1.         -1.         -0.36419615 -0.07166636]
Cc1cc(OC(=O)N(C)C)n(-c2ccccc2)n1,[-0.3163329   0.7923387  -0.64814377 -0.6127246  -0.13143982]
N#Cc1cc(Br)c(O)c(Br)c1,[ 0.6864956   0.75179553 -0.64288884 -0.49107364 -0.3377702 ]
CC(CO)Oc1ccccc1,[-0.27756518  0.8605384  -0.85996443 -1.         -0.4402747 ]
Nc1nc(O)c2ncn(COCCO)c2n1,[ 0.75649536  0.7917696  -0.4820962  -0.7687496  -0.39422214]
FC(F)=C(F)CCSc1ncccn1,[ 0.2872851   0.60328054 -0.9171033  -0.7364125   0.4312275 ]
CNC(=O)c1[nH]cnc1C(=O)Nc1ccc(OC)cc1,[-0.42674595  0.8292318  -0.573089   -0.7923416   0.47304508]
O=P(O)(O)C(O)(Cn1ccnc1)P(=O)(O)O,[-0.49750993  0.7645097  -0.8579463  -0.7351081  -0.0789593 ]
O=[N+]([O-])c1cccc(O)c1,[-0.11892209  0.5120003  -0.7394886  -0.821179    0.36199766]
CCOC(=O)CCN(Cc1ccccc1)SN(C)C(=O)ON=C(C)SC,[-0.28132978  0.84354997 -0.65604794  0.3256829  -0.07421471]
Cc1cc(Cl)ccc1OCCCC(=O)O,[ 0.38436168  0.88815403 -0.8543208  -0.78511727 -0.15688963]
C=C(OP(=O)(OC)OC)c1ccc(Cl)cc1Cl,[ 0.08599582  1.         -0.9807298  -0.7362518   0.54611987]
COc1ccc(CC(C)=O)cc1,[ 0.3886468   0.31899974 -0.41505817 -0.7954485   0.07925358]
Cc1nn(C2CCCCC2)c(N)c1-c1ccccc1,[ 0.13792308  0.8716893  -0.95570046 -0.8039664  -0.51673824]
CCC1(CC)Oc2cccc(OC(=O)N(C)C(C)=O)c2O1,[ 0.3859546   0.90920705 -0.7946946  -0.91431427  0.6103738 ]
O=C(O)Cc1ccccc1N1CCC(CN2CCC(Oc3ccc(Cl)c(Cl)c3)CC2)CC1,[-0.21954344  0.9436517  -0.8520407  -0.8125305  -0.32029852]
CN1c2ccccc2C(NCCCCCCC(=O)[O-])c2ccc(Cl)cc2S1(=O)=O,[-0.78133243  0.8645863  -0.23648109 -0.7060971  -0.34770647]
CCCCc1nc(Cl)c(CO)n1Cc1ccc(-c2ccccc2-c2nnn[nH]2)cc1,[ 0.33658117  0.5132539  -0.99766207 -0.36283684 -0.4719865 ]
CC(C)N(C(=O)SCC(Cl)=C(Cl)Cl)C(C)C,[ 0.75874114  0.5972913  -0.84457135 -0.19557956  0.51749027]
COC(C)CC(=O)O,[ 0.29264554  0.70009184 -0.8031255  -0.74685085 -0.60543257]
CN(C)C(=O)N(C)N=O,[ 0.41135472  0.9926708  -0.9975142  -1.         -0.4749627 ]
C/C=C(/C)C(=O)O[C@H](c1cc2ccc(=O)oc2cc1OC)[C@H](O)C(C)(C)O,[ 0.24222663  0.88100547 -0.7397643  -0.5248356   0.7600965 ]
CS(=O)(=O)c1nc(-c2ccc(F)cc2)n(-c2ccc(Cl)cc2)n1,[ 0.0497069   0.80143666 -0.8849793  -0.7300274  -0.3514511 ]
CCC(C)C(=O)OC1CCC2(C)C3CC(O)C4C5(O)C(CC42OC13O)C1CN2CC(C)CCC2C(C)(O)C1C(O)C5OC(=O)C(C)(O)CC,[-0.7494964   1.         -0.31233832 -0.803666   -0.26223063]
Cc1cn([C@H]2CCCN(S(=O)(=O)c3ccc(C#N)c(Oc4cccc(Cl)c4)c3)C2)c(=O)[nH]c1=O,[ 0.29828498  0.3920795   0.19140579 -0.46013567 -0.31040385]
Oc1ccc2c(c1)CCC2,[ 0.4263958   0.81519145 -0.6838143  -0.7604816  -0.2209378 ]
C(Oc1nc(OCC2CO2)nc(OCC2CO2)n1)C1CO1,[-0.15307844  0.7446434  -0.38642722 -0.71913487 -0.21201922]
CC1OC(n2ccc(NC(=O)c3ccc(NC(=O)C(C)(N)CO)cc3)nc2=O)CCC1OC1OC(C)C(N(C)C)C(O)C1O,[ 0.4251261   0.880144   -0.58176434 -0.76803297 -0.4227946 ]
CC(=O)N(C)c1ccc2ccn(-c3cc(NC4CC4)n4ncc(C#N)c4n3)c2c1,[ 0.366878   -0.35476604 -0.62192196 -0.48993385  0.07902689]
CC(C)=CCN1CCC2(C)c3cc(O)ccc3CC1C2C,[ 0.26738292  0.96575993 -0.8550153  -0.5119136   0.32393798]
C=C(C)c1cccc(C(C)(C)N=C=O)c1,[ 0.04727853  0.88979506 -0.58655035 -0.66898185  0.00097213]
CCOP(=S)(Oc1cccc2cccnc12)c1ccccc1,[ 0.17590974  0.8189615  -0.9627701  -0.50583553  0.3430231 ]
C#CC1(O)C(CO)OC(n2ccc(N)nc2=O)C1O,[-0.5451964   0.7268208  -0.81314415 -0.6452699  -0.37057954]
C[C@H](Cn1cnc2c(N)ncnc21)OCP(=O)(O)O,[ 0.36768407 -0.21021116 -0.52657723 -0.8000523   0.01452885]
CC(C)(C)c1ccc(C(=O)O)cc1,[ 0.4053582   0.41520283 -0.5848984   0.01499272  0.1781063 ]
CC(=Cc1ccccc1)CC(=O)N1CCOCC1,[-0.00810599  0.92806333 -1.         -0.43683952  0.21833889]
CC(C)=CC1C(C(=O)OC(C#N)c2cccc(Oc3ccccc3)c2)C1(C)C,[ 0.10689577  0.65004104 -0.8992423  -0.39138287  0.5934555 ]
Nc1cccc(N)c1,[ 0.13396905  0.8255246  -0.47269195 -0.5998329  -0.57443845]
C=CC[NH+]1CCCC1CNC(=O)c1cc2n[nH]nc2cc1OC,[ 0.16723649  0.6202345   0.20785414 -0.28820404  0.52188414]
CC(C)CCC(C)Nc1ccc(Nc2ccccc2)cc1,[-0.21556208  0.3687327  -0.7289316  -0.8877255  -0.02797397]
CC1=C(CC(=O)O)c2cc(F)ccc2C1=Cc1ccc(S(C)=O)cc1,[ 0.28370258  0.8791206  -0.8805605  -0.12554969 -0.39373708]
C=CN(CC)C(C)=O,[-0.04283021  0.887936   -0.8045012  -0.8366835  -0.4454765 ]
O=NN(c1ccccc1)c1ccccc1,[ 0.50128376  0.8061788  -0.80481946 -0.42155465  0.28492254]
CBr,[-0.38932317  0.77372867 -0.7812458  -1.         -0.05917603]
CC(=O)CCC(C)=O,[ 0.02871867  0.8015331  -0.4739163  -0.87432325 -0.5199505 ]
O=C(CN1CCOCC1)NN=Cc1ccc([N+](=O)[O-])o1,[ 0.3171515   0.6311712  -1.         -0.44725084 -0.04562791]
N=C(Nc1c([N+](=O)[O-])cnc2ccccc12)N1CCOCC1,[-0.1850446   0.8003611  -0.8075676  -0.3810138  -0.19675654]
NC(=O)Nc1cccc2c3c([nH]c12)CCCC3,[ 0.49450532  0.42809293 -0.9889711  -0.40069813  0.03087836]
Cc1cnc(NC(=O)C2=C(O)c3ccccc3S(=O)(=O)N2C)s1,[ 0.16792235 -0.45127758 -0.8636313  -0.8049462   0.01691435]
Cc1ccc(CO)cc1N(C)c1ccnc(Nc2cc(N3CCCOCC3)cc(N3CCOCC3)c2)n1,[ 0.686336    0.8738952  -0.9192818  -0.743779   -0.08096675]
CCCOCCOC(=O)C1=C(C)NC(C)=C(C(=O)OCCOCCC)C1c1cccc([N+](=O)[O-])c1,[ 0.5103989   0.92709357 -0.53592306 -0.99445754  0.24179044]
SCCc1cnccn1,[-0.00171595  0.7581098  -0.81324494 -0.60825527  0.45822167]
Cc1ccccc1COC1CC2(C(C)C)CCC1(C)O2,[-0.04937316  0.19263491 -0.65795076  0.46313873 -0.24270184]
CCC[C@@H](c1ccc(C(=O)O)c(Oc2cccc(Cl)c2)c1)N1CCC[C@H](n2cc(C)c(=O)[nH]c2=O)C1,[ 0.07140905  0.6496518  -0.6258484  -0.07621023 -0.20673385]
CN(CCCl)CCCl,[ 0.26550484  0.82056546 -0.76325566 -0.8690638   0.15363231]
CCCP(=O)(CCC)CCC,[ 0.13357934  1.         -0.9317887  -0.8456715  -0.09512375]
OCC(O)C(O)C(O)CO,[ 0.4674633   0.8723894  -0.9965083   0.02313007 -0.55353355]
COP(=O)(SC(C)C)SC(C)C,[-0.42544198  0.7393993  -0.02512303 -0.12228772 -0.42152405]
Nc1nc2[nH]cnc2c(=S)[nH]1,[-0.04040306  0.9593036  -0.9339084  -0.54775506 -0.0969176 ]
O=[N+]([O-])c1ccc(O)c(CNCCO)c1,[ 0.59488124  0.67163265 -0.88697344 -0.46033135  0.06456352]
O=[N+]([O-])c1ccccc1Cl,[ 0.43629268  0.8270977  -0.95617115 -0.64876527  0.1895821 ]
CNC(=O)Oc1cccc2c1OC(C)(C)O2,[ 0.22830032  1.         -0.88792557 -1.         -0.00520794]
C[C@@H]1NC(=O)[C@H](C)N(C)C(=O)[C@@H](C)N(C)C(=O)[C@H](C)NC(=O)[C@@H](C)NC(=O)[C@@H](C)N(C)C1=O,[-0.00167639  0.89746433 -0.5093687  -0.57070583 -0.24417797]
O=Cc1ccc(O)cc1,[ 0.3000174   0.47507745 -0.7643141  -0.6117614  -0.23373728]
O=C1C(Cc2ccccc2)C(=O)N(c2ccccc2)N1c1ccccc1,[ 0.13487902  0.3579689  -0.75579596 -1.         -0.22413582]
CC(C)OP(=S)(OC(C)C)SCn1nc(Cl)ccc1=O,[-0.0145819   0.9255806  -0.34928545  0.17324308 -0.38979837]
CCC1=C(C)CN(C(=O)NCCc2ccc(S(=O)(=O)[N-]C(=O)NC3CCC(C)CC3)cc2)C1=O,[-0.35055542  0.6667949  -0.578977   -0.8094917  -0.1824764 ]
C=CC[NH+]1CCCC1CNC(=O)c1cc(S(=O)(=O)NC)c(N)cc1OC,[ 0.2426787   0.8368591   0.10492565 -0.28675985 -0.31426656]
C=C(C)C(=O)OCCCC,[ 0.02553835  0.7165668  -0.9627987  -1.          0.68520004]
CSCCC([NH3+])C(=O)NC1(C(=O)[O-])CS(=O)(=O)C2C(C(=O)[O-])C21,[ 0.25658038  0.5152902  -0.36197367 -0.76894414 -0.18095554]
Cc1ccc([N+](=O)[O-])cc1,[ 0.22352917  0.45731682 -0.81925625 -0.7059348   0.05684268]
CCn1cc(C(=O)O)c(=O)c2cc(F)c(N3CCN(C)CC3)cc21,[ 0.10323105  0.5707865  -0.99680084 -0.5222087   0.3636954 ]
CON=C(C(=O)NC1C(=O)N2C(C(=O)O)=C(COC(N)=O)CSC12)c1ccco1,[-0.20558988 -0.5431721  -0.9546525  -1.         -0.11428126]
C[S+]([O-])Cc1ccc(C(=O)Nc2ccc(OCCOCCO)nc2C(=O)NCC2CCC2)c2ccccc12,[-0.42617285  0.7800142  -0.6604145  -0.9034969  -0.11733825]
O=C(Cl)CCl,[ 0.43194303  0.7248526  -0.7073922  -0.66116416 -0.2089551 ]
CCOC(=O)CCN(SN(C)C(=O)Oc1cccc2c1OC(C)(C)C2)C(C)C,[-0.50852185  0.86916876 -0.998168   -0.7300676   0.00141056]
c1ccc(OP(Oc2ccccc2)Oc2ccccc2)cc1,[ 0.2374516   0.8718281  -0.6763065   0.38883212  0.3545153 ]
COc1ccc2c3c1OC1CC(O)C=CC31CC[NH+](C)C2,[-0.60461587  0.8793678  -0.73098856 -0.77226365  0.30797037]
CC[C@H]1OC(=O)[C@H](C)[C@@H](O[C@H]2C[C@@](C)(OC)[C@@H](O)[C@H](C)O2)[C@H](C)[C@@H](O[C@@H]2O[C@H](C)C[C@H](N(C)C)[C@H]2O)[C@](C)(O)C[C@@H](C)C(=O)[C@H](C)[C@@H](O)[C@]1(C)O,[-0.5361606  -0.33515278 -0.97929335 -0.89433706 -0.09962326]
O=c1[nH]c(=O)c2ccccc2o1,[ 0.119233    0.9115025  -0.9226526  -0.6499574  -0.18787721]
C=CS(C)(=O)=O,[ 0.06384917  0.92776376 -0.8939172  -0.82361335  0.6496085 ]
CCCCOP(=O)(OCCCC)Oc1ccccc1,[ 0.00961699  0.75529796 -1.         -0.89623594 -0.32194677]
CCC(CC)(C(=O)O)c1cccc2ccccc12,[ 0.02561888  1.         -1.         -0.96356934  0.14844844]
O=C(O)C1N=C(c2ccccc2)c2cc(Cl)ccc2NC1=O,[ 0.04335815  0.5265326  -0.98760265 -0.9817428   0.02087707]
CCNc1nc(NC(C)C(C)C)nc(SC)n1,[ 0.50594765  0.66287744 -0.8225432  -0.62004846  0.31827164]
CC#CN(CC)CC,[ 0.3671062   0.6485643  -0.84043413 -0.62433296 -0.33740383]
COc1cc(OC)c(S(=O)(=O)N2c3ccccc3CCC2C)cc1NC(=O)COCC(=O)O,[ 0.36256796  0.8579815  -0.34077477 -0.5672441  -0.18411943]
Cc1ccsc1C(=CCC[NH+]1CCCC(C(=O)[O-])C1)c1sccc1C,[-0.3221254   0.7618489  -0.59900165 -0.86539054  0.3473566 ]
c1ccc([C@H]([C@@H](c2ccccc2)N2CCCCC2)N2CCCCC2)cc1,[-1.          0.8282155  -0.31828982 -1.          0.33354512]
Oc1c(O)c(-c2c(Cl)c(Cl)c(Cl)c(Cl)c2Cl)c(Cl)c(Cl)c1Cl,[ 0.44789016  0.7359426  -0.43753618  0.10688205  0.02313189]
Cn1c(C2=CCN(CCCN3c4ccccc4Sc4ccc(CC(=O)O)cc43)CC2)cc(=O)n(C)c1=O,[ 0.25218493  0.3986118  -0.4344515  -0.8094649  -0.359408  ]
COc1cc([C@@H]2c3cc4c(cc3[C@@H](O[C@@H]3O[C@@H]5CO[C@@H](C)O[C@H]5[C@H](O)[C@H]3O)[C@H]3COC(=O)[C@H]23)OCO4)cc(OC)c1O,[ 0.10323814  0.8838959  -0.99792266 -0.56340307  0.55384725]
COc1cccc2c1cc([N+](=O)[O-])c1c(C(=O)O)cc3c(c12)OCO3,[-0.15342282  0.57811064 -0.89855677 -0.66709363 -0.46454674]
O=C1CCc2ccccc2O1,[ 0.3091957   0.645324   -0.61874455 -0.51398945  0.6077391 ]
CN1CCN(c2ccc3ncc(C(N)=O)c(Nc4ccc(Cl)c(Cl)c4)c3c2)CC1,[-0.02045136  1.         -0.8024813  -0.09654751  0.08202882]
CCOC(=O)c1ccc(C#Cc2ccc3c(c2)C(C)(C)CCS3)nc1,[-0.20013301 -0.48072425 -0.6077672   0.26039347 -0.3605961 ]
CCCCOP(=O)(O)OCCCC,[ 0.57066405 -0.6433655  -0.64305854 -0.69022655 -0.04530877]
CCOP(=S)(OCC)Oc1cccc(F)n1,[ 0.22004244  0.89961624 -0.73631287 -0.6501175   0.5918378 ]
CCc1ccc2[nH]c(C(F)(F)F)nc2c1,[ 0.07513479 -0.2039357  -0.9394153  -0.6033307   0.418566  ]
COc1cc(C2c3cc4c(cc3C(OC3OC5COC(C)OC5C(O)C3O)C3COC(=O)C23)OCO4)cc(OC)c1O,[-0.17127731 -0.2380872  -0.65249825  0.02259307 -0.28932738]
CC(=O)OC12COC1CC(O)C1(C)C(=O)C(O)C3=C(C)C(OC(=O)C(O)C(NC(=O)OC(C)(C)C)c4ccccc4)CC(O)(C(OC(=O)c4ccccc4)C21)C3(C)C,[-0.14608027  0.40451667 -1.         -0.9032776  -0.37109575]
CCN(Cc1cc(C(F)(F)F)ccc1-c1cc(CC(=O)O)ccc1OC)C(=O)NCc1ccccc1,[-0.0289332   0.5709579  -0.81914467 -0.1520473   0.13825217]
FC(F)(F)c1nc2c(Cl)c(Cl)cc(Cl)c2[nH]1,[ 0.3224912   0.49960724 -0.9122814  -0.63154554 -0.5371685 ]
CC[C@H]1NC(=O)[C@@H](NC(=O)c2ncccc2O)[C@@H](C)OC(=O)[C@H](c2ccccc2)NC(=O)[C@@H]2CC(=O)[C@H](CS[C@@H]3CN4CCC3CC4)CN2C(=O)[C@H](Cc2ccc(N(C)C)cc2)N(C)C(=O)[C@@H]2CCCN2C1=O,[-0.06818908 -0.9039682  -0.739791   -0.4305719   0.07087056]
CCCCCCCCOC(C)=O,[ 0.01024483  0.5165277  -0.82714576 -0.96073323 -0.41784254]
CCNC(=O)c1cc2c(-n3ccc(C(F)(F)F)n3)c(-c3cncc(-c4n[nH]c(=O)o4)c3)cnc2[nH]1,[ 0.4576468   1.         -0.62303776 -0.68245065 -0.36178732]
CCC(=O)O,[-0.1326324   0.83307225  0.81920594 -0.17629403 -0.25726885]
COc1cc2c3c(c1O)C1(C=CC(=O)C=C1)CC3N(C)CC2,[ 0.28375605 -0.13898554 -1.          0.05883528  0.01159531]
Nc1ccn([C@@H]2O[C@H](CO)[C@@H](O)C2(F)F)c(=O)n1,[-0.13686001  0.86261857 -0.44487688 -0.67880434 -0.32448214]
CCCOC(=O)Cc1ccc(OCC(=O)N(CC)CC)c(OC)c1,[-0.89302987  0.73526406 -0.49409357  0.33597434  0.29759905]
C#CC1(O)CCC2C3CCC4=CC(=O)CCC4C3C(=C)CC21CC,[-0.03691252  0.8826245  -0.88075167 -0.54176944 -0.09193626]
O=C(Nc1cccc(Cl)c1)Nc1nnc(-c2ccncc2)s1,[ 0.43551862  1.         -0.9027928  -0.745052    0.01697871]
Fc1cc2nc(C(F)(F)F)[nH]c2cc1Cl,[ 0.3373376   0.7573131  -0.75013256 -0.766922   -0.4641692 ]
O=C(CCl)OCCOCCO,[-0.31961963  0.42034024 -1.         -1.          0.12415865]
CCC(C)OC(CBr)c1ccc(Cl)cc1,[-0.7088796   0.71842265 -0.8250034  -0.6359922  -0.29539195]
O=[N+]([O-])c1cc(Cl)c(N=Nc2ccc(N3CCS(=O)(=O)CC3)cc2)c(Cl)c1,[-0.276198    0.3351372  -0.11315812 -0.479637   -0.32736346]
CCN(CC)N=Nc1ccccc1,[ 0.38594052 -0.02062438 -0.7883804  -0.41319615  0.7183283 ]
CCC(=O)N(c1ccccc1)C1CC[NH+](CCc2ccccc2)CC1,[-0.30549672 -0.6471429  -0.976847   -0.21139422 -0.1303643 ]
N#Cc1ccc(F)c(-c2cc(C(F)(F)F)ccc2OCC(=O)O)c1,[ 0.4543423   0.8790337  -0.8677836  -0.06006812  0.16653946]
C=CCn1c(N)cc(=O)n(CC)c1=O,[ 0.08541425  0.66184855 -0.5211389  -0.53912634  0.04304111]
O=[N+]([O-])c1ccc(Nc2ccccc2)c(S(=O)(=O)O)c1,[ 0.31505424 -0.01094849 -0.5368281  -0.7429922   0.12248005]
C=CC(=O)OCCOC(=O)CC(C)=O,[ 0.25305784  0.7872423  -0.8137946  -0.683134    0.26731843]
c1ccc2[nH]c(-c3cscn3)nc2c1,[ 0.04549003  0.90682524 -0.87163305 -0.35227582  0.40835088]
OCc1ccccc1,[ 0.3516475   0.67162055 -0.72621423 -0.21065271 -0.00295413]
Cc1cc(Nc2nc(N[C@@H](C)c3ccc(F)cn3)c(C#N)cc2F)n[nH]1,[ 0.08180746  0.43058547 -0.7714743  -0.6187152  -0.34967193]
O=[N+]([O-])N1CN([N+](=O)[O-])CN([N+](=O)[O-])C1,[ 0.19015484  1.         -0.78477615 -0.41016898 -0.4607917 ]
COP(=S)(OC)Oc1ccc(C#N)cc1C,[-0.2595882   0.7556837  -0.7167187  -0.6816565   0.05428385]
CC1CCCCOC1=O,[ 0.55743796 -1.         -0.72691804 -0.5386936  -0.16559379]
COc1ccc(CC2NCC(O)C2OC(C)=O)cc1,[ 0.06879938  0.29135966 -0.7295117  -0.5118402   0.04803253]
CC(=O)OCc1ccc(C(C)C)cc1,[ 0.408389    0.87763333 -0.804574   -0.7735996  -0.1741408 ]
Cc1cc(-c2ccc(Cl)c(C(=O)NCC3(O)CCCCCC3)c2)nn1C[C@H](O)CN,[ 0.16044086  0.41976893 -0.67092043 -1.         -0.63683605]
COc1cc(C=CC(=S)N2CCOCC2)cc(OC)c1OC,[ 0.5599783  -0.38832188 -0.34715047 -0.65233606 -0.18887098]
CN(C)C(=O)Cl,[ 0.2565485   0.77353674 -0.61726063 -0.68845195  0.34894806]
N#CC(c1ccccc1)c1ccccc1,[ 0.56130624  0.59799135 -0.7798861  -1.         -0.0156764 ]
Cc1ccc2c(c1)c(-c1ccnc3c(C)cccc13)c(C)n2CC(=O)O,[-0.28912407  0.4863851  -0.36395705 -0.775238   -0.33006462]
Cn1cnc(S(=O)(=O)N(CCN(Cc2cncn2C)c2ccc(C#N)cc2)Cc2ccccc2)c1,[-0.34908855  0.99449784 -0.87075245 -0.6223209  -0.08823416]
CN(C)C(=O)Nc1cc(C(C)(C)C)on1,[-0.26898417  0.8334174  -0.8557552  -0.76024604  0.06325013]
CCOc1cc2ncc(C(N)=O)c(Nc3ccc(F)cc3F)c2cc1N1CCN(C2CC2)CC1,[-0.2655061   0.51965415 -0.81350094  0.5140062  -0.22204506]
COC(=O)/C=C/CNC(=O)CN1C(=O)[C@@H](COC(=O)Nc2ccc(Cl)cc2C(F)(F)F)N=C(c2ccccc2)c2ccccc21,[-0.1804814   0.9378348  -0.87180585 -0.8467812   0.5478594 ]
Cc1cc(Nc2nc(N[C@@H](C)c3ccc(F)cc3)ncc2Cl)n[nH]1,[ 0.30899176  0.63284457 -0.62664586 -0.80935466 -0.4648797 ]
CC(C)(C)NCCO,[ 0.10661656  0.9089746  -0.7982375  -0.64935076  0.05022451]
Clc1ccc(Cl)c(Cl)c1,[-0.2399902   0.8638755  -0.85286576 -1.          0.865057  ]
CN(C)CC=C(c1ccc(Br)cc1)c1cccnc1,[-0.16654706  0.71397036 -0.48803425 -0.8253713  -0.37886804]
C1=CC2C=CC1C2,[ 0.31215847  0.89391994 -0.88586134 -0.66529226  0.08892934]
C=COC(=O)C=CC,[-0.15487361  1.         -0.4435396  -0.6877201   0.15038724]
CC1CCN(C(=O)CC(Cc2cccc(C(=N)N)c2)NS(=O)(=O)c2ccc3ccccc3c2)CC1,[ 0.4666971   0.12879677 -0.96742994 -0.5145032   0.06952519]
CC1(C)C2CC=C(CCO)C1C2,[ 0.2946324   0.71428555 -0.51227784 -0.4035421   0.227451  ]
O=CCCCC=O,[ 0.23143172  0.6291204  -0.16379787 -0.8356858  -0.5614461 ]
COc1cc2ncnc(Nc3ccc(F)c(Cl)c3)c2cc1NC(=O)/C=C/CN1CCCCC1,[ 0.66679454  0.796501   -0.7737116  -0.4827473  -0.30853713]
CC(C)(C)OC(=O)N1CCN(c2ncc(OCc3ccncc3)cn2)CC1,[-0.36663133  1.         -0.6951227  -0.65784764 -0.26881173]
CC(O)CO,[ 0.5540123   0.6291439  -0.09642641 -0.6614586  -0.34691662]
CC(C=O)=Cc1ccco1,[-0.17777535  0.9422432  -0.7955336  -0.7745473   0.56169397]
Cc1c(C(=O)NCCO)[n+]([O-])c2ccccc2[n+]1[O-],[ 0.683767    0.6942123  -0.79413253 -0.09271126 -0.01783413]
ClCC(Cl)Cl,[-0.13684271  0.67045635 -0.7568891  -0.7484975   0.6238306 ]
CCCCCCCC=CC=O,[ 0.34607264  0.8626094  -0.84496087 -0.87932694  0.03121453]
CCOC(=O)C(C)Oc1ccc(Oc2nc3ccc(Cl)cc3s2)cc1,[-0.2735894   0.58218956 -0.6237648  -0.8882433  -0.36786783]
C=CCN1CCCC1CNC(=O)c1cc2nn[nH]c2cc1OC,[ 0.44342914 -0.07776301 -0.9339371  -0.72544163  0.4249276 ]
Cc1cn([C@H]2CCCN(S(=O)(=O)c3ccc(CO)c(Oc4cccc(Cl)c4)c3)C2)c(=O)[nH]c1=O,[ 0.1244614  -0.49512213 -0.22566088 -0.477753   -0.22341761]
CC(NNC(=O)c1ccccc1)c1ccccc1,[ 0.4153335   0.9213091  -0.9887814  -1.          0.06585177]
O=C(O)CCC(=O)O,[ 0.05562182  0.5773939  -0.9889145  -0.64081305  0.6690417 ]
CCOP(=O)(OCC)N(C)c1ccccc1,[ 0.3611549   0.8768865  -0.79573286  0.49335003  0.1563684 ]
O=[N+]([O-])c1cc(Cl)c2nc(C(F)(F)F)[nH]c2c1,[ 0.0542534   0.65152895 -0.9762312  -0.94726807  0.08183416]
CC(C)(C)CNC(=S)Nc1cccnc1,[-0.12090638  0.85385096 -0.7173745  -1.         -0.09236225]
OCCNCCc1ccccc1,[-0.18798295  0.80960363 -0.5128513  -1.          0.72477514]
CNC(=N)c1cccc(CC(CC(=O)N2CCC(C(=O)O)CC2)NS(=O)(=O)c2ccc3ccccc3c2)c1,[ 0.35372084  0.00999914 -0.8331289   0.04695805 -0.28081644]
COc1cc(Nc2nc(N[C@@H](C)c3ncc(F)cn3)ncc2Br)n[nH]1,[ 0.4825775   1.         -0.0381591  -0.35333613 -0.23946308]
CCC(C)(CC)c1cc(N)on1,[-0.28335446  0.5098448  -0.43316385 -0.8406801   0.28212   ]
O=C1CC(N2C(=O)c3ccccc3C2=O)C(=O)N1,[ 0.09763733  0.66553587 -0.6772917  -0.7330017   0.00908907]
CCCN(CCC)c1c([N+](=O)[O-])cc(C)cc1[N+](=O)[O-],[ 0.4418665   0.8384439  -0.457546   -0.20871551 -0.2864821 ]
CNC(=O)ON=C(C)SCC(=O)N(C)C,[ 0.6931321   0.5108897  -0.5442746   1.          0.36102286]
CC(=CC(=O)O)C(=O)O,[ 0.13127452  0.77499354 -0.8454342  -0.83146566 -0.26903325]
Cn1c(=O)sc2cccc(Cl)c21,[ 0.2886837   0.85251725 -0.28199944 -0.87229866 -0.2072918 ]
CCCSP(C)(=S)Oc1ccc(Cl)cc1Cl,[ 0.6780836   0.9445129  -0.3295098  -0.59291404 -0.39176905]
CC12CCC3c4ccc(O)cc4CC(CCCCCCCCCS(=O)CCCC(F)(F)C(F)(F)F)C3C1CCC2O,[-0.06098085  0.34356466 -0.65691394  0.77932256  0.13244073]
Nc1ccc(F)c(F)c1F,[ 0.01748221  0.7557538  -0.5837907  -1.          0.80531603]
ClC1=C(Cl)C(Cl)(C2(Cl)C(Cl)=C(Cl)C(Cl)=C2Cl)C(Cl)=C1Cl,[ 0.13971889  0.63563657 -0.89196616 -0.58769244  0.73494315]
CCC(CCCCOC(=O)c1ccccc1)COC(=O)c1ccccc1,[ 0.49829862  0.7907812  -0.65153295 -0.6344018  -0.35704103]
CC1(C)CC2(NC(=O)N(CCCN3CCC(O)CC3)C2=O)c2cc(F)ccc2O1,[ 0.2556648   0.71223384 -0.9432275  -0.58287793 -0.24186718]
CCN(CC)CCNC(=O)c1cc(Br)c(N)cc1OC,[ 0.24917825  0.8068915  -0.89686334 -0.9872088   0.20976843]
CCC(CC)C(=O)OCCOCCOCCOC(=O)C(CC)CC,[ 0.27096602  0.9835362  -0.45268613 -0.1407362   0.12212305]
c1cc(-c2ccc3nc(Nc4ccc(OCCN5CCCC5)cc4)ncc3c2)ccn1,[-0.04810049 -0.5065973  -0.49604985 -0.39885622  0.12922241]
C[C@@H]1CN(Cc2ccc(F)cc2)CCN1C(=O)COc1ccc(Cl)cc1NC(N)=O,[ 0.66532767 -0.308989   -0.52018684 -0.551511   -0.5325158 ]
COC(C)COC(C)COC(C)CO,[ 0.5002046   0.4007072  -0.63410383 -0.07838789  0.2526985 ]
NS(=O)(=O)c1cc2c(cc1Cl)NCNS2(=O)=O,[ 0.17780471  0.8859549  -0.37653947 -1.          0.7341236 ]
CC(C)C(O)(c1ccc(OC(F)(F)F)cc1)c1cncnc1,[-0.10288856  0.93124056 -0.79142296 -0.12680653  0.14063695]
CC1(C)C2CCC1(C)C(O)C2,[-0.14726187  0.82756937 -1.         -0.75376    -0.3956888 ]
C[C@@H]1CC[C@H]2[C@@H](C)[C@@H](OC(=O)CCC(=O)O)O[C@@H]3OC4(C)CC[C@@H]1[C@@]23OO4,[ 0.40704238  0.9685665  -0.86516756 -0.9761353   0.7519464 ]
Cc1cnc(C(=O)c2ncnc3[nH]ccc23)c(NS(=O)(=O)c2ccc(Cl)c(C(F)(F)F)c2)c1,[-0.21689716  0.87505    -0.64011014 -0.27939415  0.00517622]
[O-][n+]1onc2c1c1no[n+]([O-])c1c1no[n+]([O-])c21,[ 0.37815872  0.6648232  -0.7098729  -0.7983918  -0.02597753]
CCCC1CC(C(=O)NC(C(C)Cl)C2OC(SC)C(O)C(O)C2O)[NH+](C)C1,[ 0.55661404  0.56679815 -0.9466075  -0.4979154  -0.3767556 ]
Cc1nn(C)c(Oc2ccccc2)c1C=NOCc1ccc(C(=O)OC(C)(C)C)cc1,[-0.03424717 -0.19966789 -0.5954416  -0.59564865  0.79835844]
CCCCCCCCCCOc1c(OC)cc(C(N)=O)cc1OC,[ 0.0028333   0.4245741  -0.32121292 -0.17953381 -0.12544355]
CCN(CC)CCOCCO,[-0.12377562  0.82226855 -0.8409665  -0.64088     0.19006498]
CC[C@@]1(O)C(=O)OCc2c1cc1n(c2=O)Cc2cc3c(CN(C)C)c(O)ccc3nc2-1,[-0.40429592  0.75665253 -0.94906586 -0.6685025  -0.17986952]
O=P([O-])([O-])C(Cl)(Cl)P(=O)([O-])O,[ 0.337295    0.8772151  -0.9011068  -0.7223283  -0.10993158]
Nc1ccc(Cl)cc1,[ 0.48887584  0.8193632  -0.0938538  -0.7968072  -0.13384853]
Cc1c(C(C)C)c(=O)n(-c2ccccc2)n1C,[ 0.2454589   0.8970495   0.9386406  -0.37346968 -0.39874133]
O=C1OCC2C1C1(Cl)C(Cl)=C(Cl)C2(Cl)C1(Cl)Cl,[ 0.2715923   0.779108   -1.         -0.7380494  -0.37472823]
Cc1cccc(C)c1NC(=O)C1CCCC[NH+]1C,[-0.03574774  0.8864857  -0.476203   -0.6486232  -0.47557515]
NC(=O)CCCCC1CCSS1,[ 0.26701796  0.8694901  -0.97876924 -0.90982836  0.01679449]
CC(C(=O)O)c1ccc(C(=O)c2cccs2)cc1,[-0.43519458 -0.9613374  -0.6684129  -0.11963607  0.0901838 ]
CC(C)CCOC(CO)CC(C)C,[ 0.25101006  0.47118098 -0.6351376  -0.8041973  -0.37605736]
O=[N+]([O-])OCC(O)CO,[ 0.20018893  0.9163811  -0.5355134  -0.83980155  0.14936112]
CC1CCCCC1NC(=O)Nc1ccccc1,[ 0.21504039  0.7344523  -0.7209477  -0.6294831  -0.38166076]
CCC(c1ccccc1)c1c(O)c2ccccc2oc1=O,[ 0.09694779  0.88243407 -0.8727333  -0.9248883  -0.38551033]
CC(C)OCCCO,[ 0.6405827   0.8291038   0.05800333 -0.4348973  -0.53785604]
O=C(Oc1ccccc1)n1c(C(F)(F)F)nc2cc(Cl)c(Cl)cc21,[ 0.30060402  0.40575016 -0.46291584 -0.7129675  -0.15284033]
CC1CCC2(O)C3(C)CC4(O)OC2(C1O)C1(O)C3(O)C(OC(=O)c2ccc[nH]2)C(O)(C(C)C)C41C,[ 0.1265362   0.8396418  -0.8552538  -0.6808358   0.13619137]
Cc1ccc(C(=O)c2ccc(CC(=O)NCC(=O)Nc3cccc(C)c3C)n2C)cc1,[ 0.17980689  0.7759416  -0.9743062   0.01044642 -0.1016876 ]
CCCCCCN,[-0.08902945  1.         -0.23061295 -0.7159491   0.05454   ]
CCCOCCN(C(=O)CCl)c1c(CC)cccc1CC,[ 0.26678133  0.80891    -0.18758231 -0.0505623   0.27147278]
CC1CC(=O)NN=C1c1ccc([N-]N=C(C#N)C#N)cc1,[ 0.31617984  0.16625522 -1.         -1.          0.4146312 ]
CCS(=O)(=O)c1ccc(-c2cc(Cl)ccc2OCC(=O)O)cc1,[-0.36366597  0.9253414  -0.1628925  -0.8381645   0.08464891]
Cc1ncsc1C(=O)N(Cc1cc(=O)[nH]c2c(F)cccc12)c1cccc(Cl)c1,[ 0.11059705  0.9177356  -0.8347502  -0.7003411  -0.14135677]
CS(=O)(=O)c1ccc(C(O)C(COC(=O)C[NH3+])NC(=O)C(Cl)Cl)cc1,[ 0.17668632  0.6721884  -0.47747356 -0.7825078   0.14095712]
CCCCCNCCCCC,[ 0.35242468 -0.17044924 -0.23343116 -0.25331515  0.08702857]
CN(CCOc1ccc(CC2SC(=O)NC2=O)cc1)c1ccccn1,[-0.31429502  0.8525407   0.4989741  -0.78363407 -0.00954744]
C[C@H](Cc1cccc(CC(=O)NC23CC4CC(CC(C4)C2)C3)c1)NC[C@H](O)c1ccc(O)c(CO)c1,[ 0.23482126  0.6394309  -0.91689473  0.27890325 -0.46354645]
CNC(=O)OCc1cccc(COC(=O)NC)n1,[ 0.20784067  0.69330704 -0.56981647  0.09832641 -0.00582796]
CCCCCCCCCCCCNC(N)=S,[-0.08246671  0.8164846  -0.74293303  0.0902705   0.823062  ]
CCCCCCCC(=O)N[C@@H](CCN)C(=O)N[C@H](C(=O)N[C@@H](CCN)C(=O)N[C@H]1CCNC(=O)[C@H]([C@@H](C)O)NC(=O)[C@H](C)NC(=O)[C@H](CCN)NC(=O)[C@H](CC(C)C)NC(=O)[C@@H](Cc2ccccc2)NC(=O)[C@H](CCN)NC1=O)[C@@H](C)O,[-0.04250896  0.9071328  -0.92256725 -0.44718266 -0.26596487]
Nc1c(CC(=O)[O-])cccc1C(=O)c1ccc(Br)cc1,[ 0.1194314   0.7766952  -1.         -0.38702357 -0.00962728]
NCCNCc1ccccc1O,[-0.44071782  0.79208505 -0.9782578  -0.35816196 -0.03756354]
Cc1ncc(CS)c(CO)c1O,[-0.08088573 -0.23305249 -0.77597624 -0.7741541  -0.14223553]
C=CC(=O)NCNC(=O)C=C,[ 0.58663875  0.9770072  -1.         -0.39381355 -0.11260191]
Cc1ccc2nc(C[N+]34CCC(CC3)[C@@H](OC(=O)[C@](C)(c3ccccc3)N3CCCCC3)C4)oc2c1,[ 0.4346674   0.8066825  -0.521663   -0.44748944 -0.4598412 ]
Cc1nc(C(F)(F)F)ccc1C(=O)Nc1ccc(Cl)c(-c2ccccn2)c1,[-0.1055031 -0.5870583 -0.9886989 -1.        -0.042131 ]
ClC(=NNc1c(Cl)cc(Cl)cc1Cl)c1ccccc1,[ 0.24480687  0.96841943 -0.78914946 -0.72126716  0.48704085]
Clc1ccc(C2(Cn3cncn3)OCCO2)c(Cl)c1,[ 0.19369829  0.76343673 -0.9136855  -0.44538346  0.07429408]
O=C(NC1CC1)c1cc(-c2cccs2)on1,[-0.5195064   0.8719743  -0.83182776 -0.6437889  -0.05779872]
COP(=O)(OC)Oc1ccc([N+](=O)[O-])c(Cl)c1,[ 0.36660668  0.72790843 -0.87467855 -0.7279163   0.12903431]
CCCCSN(C)C(=O)Oc1cccc2c1OC(C)(C)C2,[ 0.16247845  0.67715746 -0.703103   -1.         -0.17988832]
CCC(C(=O)O)C1(O)CCCCC1,[-0.21825679  0.07650881 -0.5937931  -0.77719635 -0.0879725 ]
Cc1c(Sc2ccc(Cl)cc2)c2c(-c3ccccc3)cccc2n1CC(=O)O,[ 0.35374808  0.894774   -0.03001977 -0.5484132   0.55425304]
C#CC(C)(C)O,[ 0.56947374  0.635839   -0.8637174  -0.08189052 -0.15497234]
C=C(C)C1CC=C(C)C(O)C1,[ 0.16953114  0.72317445 -0.45996743 -0.93010503  0.27940065]
CC([NH3+])Cc1ccccc1,[ 0.05328491  0.63264793 -0.9030466  -0.8330721  -0.11779662]
O=[N+]([O-])c1cc(C2CCCCC2)c(O)c([N+](=O)[O-])c1,[ 0.31205449  0.57259744 -0.47503957 -0.46802568 -0.45585275]
CC(=O)OC(C)(C)C1CC=C(C)CC1,[ 0.4379088   0.7654719  -0.3157818  -0.6658387  -0.08552124]
C=CC[N+]1([C@H]2C[C@H]3[C@@H]4CC[C@H]5C[C@H](O)[C@@H](N6CCOCC6)C[C@]5(C)[C@H]4CC[C@]3(C)[C@H]2OC(C)=O)CCCC1,[-0.2094594   0.7107616  -0.9993183  -0.9174235   0.00391407]
Cc1c(Sc2ccc(Cl)cc2)c2c(-c3cnccn3)cccc2n1CC(=O)O,[-0.36295706 -0.26104295 -0.7934157  -1.         -0.1018237 ]
C[C@H](CO)Nc1nc(SCc2ccccc2F)nc2[nH]c(=O)sc12,[ 0.12381522  0.5927103  -0.25169194  0.2085708   0.02674023]
O=C(NCC12CC3CC(CC(C3)C1)C2)c1cc(-n2ncc(=O)[nH]c2=O)ccc1Cl,[ 0.26814285  0.20267357 -0.6635479  -0.98812026 -0.06901056]
C=CC(=O)OCC(CC)CCCC,[ 0.02514746  0.66150904 -0.7300914  -0.6774151   0.5451068 ]
CC(=O)Oc1cccc(Oc2ccc(C(F)(F)F)cc2Cl)c1,[ 0.52089787  1.         -0.7354136  -0.6240364  -0.1003874 ]
O=Cc1cccc2ccccc12,[ 0.01435651 -0.04446965 -1.         -0.8051713   0.23087879]
COc1nc(C)nc(Cl)c1NC1=NCCN1,[ 0.04090601  0.7522501  -0.75715756 -0.70466447 -0.4635941 ]
N#Cc1ccc2[nH]c(C(F)(F)F)nc2c1,[ 0.07200737  0.8428169  -0.86198777 -0.74982995 -0.335906  ]
FC(F)(F)c1nc2c(Br)c(Br)cc(Br)c2[nH]1,[ 0.28087407  0.30924416 -1.         -0.9232792   0.01873518]
Cc1cc(-n2c(C)nc3ccccc3c2=O)n(-c2ccccc2)n1,[ 0.57914925  0.92280525 -0.9847411  -0.7537284  -0.12797515]
O=C(CCC(=O)OC1CCCCC1)OC1CCCCC1,[ 0.40852222  0.5637659  -0.71782726  0.5126407   0.19143446]
CCCCOC(=O)CC(SC(CC(=O)OCCCC)C(=O)OCCCC)C(=O)OCCCC,[ 0.01541582  0.95470893 -0.14569972 -0.51332414  0.27349716]
ClCc1ccccc1,[ 0.14048308  0.832725   -0.6440762  -0.8435084  -0.34884018]
O=[N+]([O-])c1nccs1,[ 0.11432745  0.76198834 -0.9467922  -0.92150396 -0.39110285]
CCC(=O)OC1CCC2C3CCC4=CC(=O)CCC4(C)C3CCC12C,[ 0.11171015  0.8805781  -0.8095369  -0.8182629   0.18438187]
CC(C)(C(=O)O)S(C)(=O)=O,[ 0.2621641   0.5676405  -0.46407947  0.47081658  0.23208529]
Fc1ccc(Br)cc1,[-0.40784195  0.77685684 -0.7877336   0.419499   -0.03242848]
O=C(NC(CCc1ccc2c(c1)OCO2)CCc1ccc2c(c1)OCO2)c1ccc(Cl)cc1,[ 0.4212619   0.747581   -0.7096732  -0.80812484 -0.05503341]
CC(C)Nc1nc(Cl)nc(NC(C)C)n1,[ 0.5539171   0.83036065 -1.         -0.6664331   0.17894903]
O=CC1=CCCCC1,[ 0.21084495  0.84384775  0.47066432 -0.3353116  -0.10905974]
O=C(NCCNCC(O)COc1ccc(O)cc1)N1CCOCC1,[ 0.24753542  0.27852458 -0.9258684  -0.9420709  -0.23857032]
C=C(CC(=O)c1ccc(-c2ccccc2Cl)cc1)C(=O)O,[ 0.43554482  0.70093673 -0.7851372  -0.38802636 -0.16101174]
CCCCC(CC)(C(=O)OCC)C(=O)OCCN(CC)CC,[ 0.4093802   0.9111608  -0.87695485 -0.53464377 -0.45945853]
CNC(=O)Oc1ccc(Cl)c2c1OC(C)(C)C2,[ 0.3226945   0.03979058  0.33712438 -0.6364422  -0.12465024]
Nc1nc(-c2ccccn2)nc(N)c1Cc1ccc(Cl)cc1Cl,[ 0.20002641  0.93256366 -0.7987138  -0.79169524 -0.22683813]
CCCCN(CCCC)CCCC,[ 0.07658947  0.7884345  -0.5482694  -0.72669303 -0.45445597]
Cc1ccc2c(c1)c(S(=O)(=O)c1ccc(Cl)cc1)c(C)n2CC(=O)O,[ 0.20697686  0.76936316 -0.8462544  -0.70925575 -0.11772606]
NC(=O)CF,[-0.51751435  0.7472087  -0.4966205  -0.49192518 -0.28676125]
CC(=O)N1CCN(c2ccc(OC[C@H]3CO[C@](Cn4ccnc4)(c4ccc(Cl)cc4Cl)O3)cc2)CC1,[ 0.42927033  0.7945344  -0.48568034 -0.53500116 -0.18816696]
C[N+](C)(C)[NH2+]CCC(=O)[O-],[ 0.1791052   0.7804481  -0.76252705 -0.66610533  0.0238048 ]
C/C=C/CC(C)C(O)C1C(=O)NC(CC)C(=O)N(C)CC(=O)N(C)C(CC(C)C)C(=O)NC(C(C)C)C(=O)N(C)C(CC(C)C)C(=O)NC(C)C(=O)NC(C)C(=O)N(C)C(CC(C)C)C(=O)N(C)C(CC(C)C)C(=O)N(C)C(C(C)C)C(=O)N1C,[ 0.0267106   0.8778119  -1.         -0.94531816 -0.04978812]
CCCCN(CCCC)SN(C)C(=O)ON=CC(C)(C)SC,[ 0.26920366  0.8495651  -0.6737114  -0.7347979  -0.3827021 ]
C[C@@H]1NC(=O)[C@@H](C)NC(=O)[C@H](C)N(C)C(=O)[C@@H](C)N(C)C(=O)[C@@H](C)NC(=O)[C@H](C)N(C)C1=O,[-0.23764715  0.5034623  -0.7819732  -1.          0.35802305]
Clc1cc(Cl)c2nsnc2c1Cl,[-0.46493757  1.         -0.8638236  -0.91541404 -0.18212478]
O=C(c1csc2c1CCCC2)N1CCCCC1,[ 0.13929366  0.80237687 -0.7645075  -0.74295205 -0.07868529]
CCC(C)c1ccccc1,[ 0.31749052  0.91351944 -1.          0.00296382 -0.4073362 ]
CC(c1ccccn1)c1c(CC[NH+](C)[14CH3])sc2ccccc12,[-0.36821073  0.76173496  0.76060635 -0.25503054  0.24360153]
CCOc1ccc([C@@H](C)Nc2nc(N3CCN(C(C)=O)CC3)nc3c2CN(C(C)C)C3=O)cc1,[-1.          0.08209375 -0.47319925 -0.4067136  -0.35299152]
CC(C)OC(=O)C(C(=O)OC(C)C)=C1SCCS1,[ 0.11199404 -0.75703907 -0.95976174 -0.23272257 -0.452867  ]
CC(C)c1cc(Oc2ccccc2)cc(C(C)C)c1NC(=S)NC(C)(C)C,[ 0.11838506  0.81616724 -0.9108338  -0.4470479  -0.165513  ]
COc1cc2nc(N3CCN(C(=O)c4ccco4)CC3)nc(N)c2cc1OC,[ 0.35999873  0.06502343 -0.8122579  -0.5561258   0.20082264]
O=C(OCC(COC(=O)c1ccccc1)(COC(=O)c1ccccc1)COC(=O)c1ccccc1)c1ccccc1,[ 0.18360817  0.5600609  -0.81603277 -0.5679059  -0.28993484]
OCCOc1cc(Cl)c(Cl)cc1Cl,[-0.21407798  0.91038513 -0.82313895 -0.46418354 -0.26942593]
CCc1c2c(nc3ccc(O)cc13)-c1cc3c(c(=O)n1C2)COC(=O)[C@]3(O)CC,[ 0.07594615  0.87568045 -0.9106636  -0.7333345  -0.11656473]
COc1cc2ncc(C(N)=O)c(Nc3ccc(F)cc3F)c2cc1NCCN1CCCCC1,[ 0.2766304   1.         -1.         -0.92968065  0.5294741 ]
CC1CS1,[ 0.24753843  1.         -1.         -0.8824806  -0.02234919]
COc1cccc(OC)c1O,[-0.24687523  0.574072   -0.80595636 -0.67511535  0.06583428]
CC(C)(C)NC(=O)C1CC2CCCCC2CN1CC(O)C(Cc1ccccc1)NC(=O)C(CC(N)=O)NC(=O)c1ccc2ccccc2n1,[-0.06483878  0.58797044 -0.6328602  -0.24115993 -0.43427646]
C=CCNC(=S)Nc1ccccc1,[-0.03184452 -0.98267466 -0.97561026 -0.967284    0.14090946]
CCCCCCC(N)C(=O)N[C@@H](Cc1c(C)cc(O)cc1C)C(=O)N1CCC[C@@H]1C(=O)N[C@@H](Cc1c[nH]c2ccccc12)C(=O)N[C@@H](Cc1ccccc1)C(N)=O,[ 0.08042338  0.95548     0.24896179 -0.5839233  -0.44602007]
CCCCSCCCC,[ 0.37722728  0.83500904 -0.93096125 -0.7289665   0.11786004]
CC[C@H](C)C(=O)O[C@H]1C[C@H](O)C=C2C=C[C@H](C)[C@H](CC[C@@H](O)C[C@@H](O)CC(=O)O)[C@H]21,[ 0.39471272  0.8554522  -0.70333797 -0.8449442  -0.24238531]
Cc1cc(C(=O)c2ccccc2)ccc1N,[ 0.16858535  1.         -0.27135321 -0.9018761   0.02427431]
Oc1cc(Cl)c(Cl)c(Cl)c1Cl,[-0.07948533  0.2967163  -0.9156165  -0.5508042  -0.35078588]
CCCCOCCOC(C)=O,[ 0.18943502  0.96484333 -0.79655546 -0.7640628  -0.32539856]
Cc1cc(Nc2nc(N[C@@H](C)c3ccc(F)cn3)c(C#N)nc2C)n[nH]1,[ 0.03895618 -0.31069213 -0.7358475  -0.0670112  -0.03942974]
CCOP(=O)(Cl)Cl,[ 0.23127303  0.9154253  -0.6503267  -0.77673924 -0.20965135]
Cc1cnc(NCCCN(C)C)c2c1[nH]c1ccc3cc(O)ccc3c12,[ 0.06055417  0.9713698  -0.0908315  -1.          0.14314494]
