Drug,Caco2_Wang,PPBR_AZ,VDss_Lombardo,Half_Life_Obach,LD50_Zhu
N#Cc1cccc(-c2cc(C(F)(F)F)ccc2OCC(=O)O)c1,,98.61,,,
OC1CC2CC1C1CC=CC21,,,,,1.672
COc1cc2c(OC3OCC(OC)C(OC)C3O)c3c(c(-c4ccc5c(c4)OCO5)c2cc1OC)COC3=O,,,,,4.636
c1ccc2c(c1)CCC[C@H]2Nc1nc2ccccc2[nH]1,,99.3,,,
Cc1ccc2[nH]nnc2c1,,,,,1.92
O=C1CN=C(c2ccccc2Cl)c2cc(Cl)ccc2N1,,,2.2,200.0,2.1830000000000003
O=C(NCc1cccnc1)Nc1ccc([N+](=O)[O-])cc1,,,,,4.643
C[C@@]1(C(=O)Nc2ccc(F)nc2)CCCN1c1nc(Nc2cc(C3CC3)n[nH]2)c2cccn2n1,,97.91,,,
Cc1cccc(-c2nc3cc(Cl)ccc3[nH]2)n1,,98.89,,,
Nc1nc2cc(Cl)c(O)cc2o1,,,,,2.237
COc1cccc2c1C(=O)c1c(O)c3c(c(O)c1C2=O)C[C@@](O)(C(C)=O)C[C@@H]3O[C@H]1C[C@H](N)[C@H](O)[C@H](C)O1,-6.0999999,,,,
COc1cc([C@@H]2c3cc4c(cc3[C@@H](OC3OC5COC(c6cccs6)OC5C(O)C3O)[C@H]3COC(=O)[C@H]23)OCO4)cc(OC)c1O,-6.0500002,,,,
C=CC(C)CCCC(C)(C)O,,,,,1.638
COCCc1ccc(OCC(O)CNC(C)C)cc1,-4.3493013,,,3.6,1.887
O=c1[nH]c(=O)c2ccccc2o1,,,,,2.3369999999999997
COC(=O)C1=C(C)NC(C)=C(C(=O)OCC=Cc2ccccc2)C1c1cccc([N+](=O)[O-])c1,,,,,2.1790000000000003
CS(=O)(=O)c1ccc(N)c(Cl)c1,,,,,1.335
O=c1[nH]c2ccccc2n1CCC[NH+]1CCC(n2c(=O)[nH]c3cc(Cl)ccc32)CC1,,,3.4,,
CCOC(=O)CC(SP(=S)(OC)OC)C(=O)OCC,,,,,3.057
O=c1c2ccccc2nc2n1CCc1c-2[nH]c2ccccc12,-5.0582528,,,,
FC(F)(F)c1nc2cc(Cl)ccc2[nH]1,,,,,4.51
CCCCCN(CCCCC)N=O,,,,,2.0269999999999997
CC(C)CC(C)(C)CO,,,,,1.835
C[Si]1(C)O[Si](C)(C)O[Si](C)(C)O[Si](C)(C)O1,,,,,2.285
O=[N+]([O-])c1c(Cl)c(Cl)cc2[nH]c(C(F)(F)F)nc12,,,,,3.518
CC(C)(C)C(=O)C(Oc1ccc(Cl)cc1)n1cncn1,,,,,2.459
COc1ccccc1S(=O)(=O)NC(=O)N1CCC(N2CCC(Oc3ccc(Cl)c(Cl)c3)CC2)CC1,,95.91,,,
COc1cc(F)ccc1Cn1ccc2c3c(ncc21)C(=O)N([O-])CC3,,,5.7,,
C=C(C)C(=O)OCCN(C)C,,,,,1.953
COc1cccc2c1C(CO)N1C(C#N)C3CC(C(=O)[O-])C(C1C2)N3C,,,0.23,,
CCc1nc2c(N)nc3ccccc3c2n1CCCCNS(C)(=O)=O,,66.61,,,
CCOP(=S)(OCC)SCn1nnc2ccccc2c1=O,,,,,4.6930000000000005
CN(C)CCC#N,,,,,1.577
CO[C@@]1(NC(=O)C2SC(=C(C(N)=O)C(=O)O)S2)C(=O)N2C(C(=O)O)=C(CSc3nnnn3C)CS[C@@H]21,,,,4.5,
O=Cc1ccccc1C(=O)O,,,,,1.301
CC(=O)Nc1ccc2ccn(-c3cc(NCCN4CCCC4)n4ncc(C#N)c4n3)c2c1,,94.44,,,
CC(=O)c1ccc(N2CC(CN)OC2=O)cc1,-4.8499999,,,,
O=C(O)c1ccc(Cl)c([N+](=O)[O-])c1,,,,,1.806
CC(CCl)[N+](=O)[O-],,,,,2.7969999999999997
Fc1ccc(-c2c3cccc(C(F)(F)F)c3nn2Cc2ccc(F)cc2Cl)cc1,,99.94,,,
CCCCOCCOCCCO,,,,,1.533
Cc1cc(Nc2nc(N[C@@H](C)c3ncc(F)cn3)ncc2Br)n[nH]1,,91.46,,,
COc1cc2c(cc1OC)[C@@H](Cc1cc(OC)c(OC)c(OC)c1)[N+](C)(CCCOC(=O)CC/C=C/CCC(=O)OCCC[N+]1(C)CCc3cc(OC)c(OC)cc3[C@H]1Cc1cc(OC)c(OC)c(OC)c1)CC2,,,,0.83,
COP(=O)(OC)OC(=C(Cl)Br)c1ccc(Cl)cc1Cl,,,,,3.5839999999999996
CC(C)(C)C(O)C(Cc1ccc(Cl)cc1)n1cncn1,,,,,2.354
OCc1c(F)c(F)c(F)c(F)c1F,,,,,2.343
CC1CN1P(=O)(N1CC1C)N1CC1C,,,,,3.199
CC1CNc2c(cccc2S(=O)(=O)N[C@@H](CCCNC(=N)N)C(=O)N2CC[C@@H](C)C[C@@H]2C(=O)O)C1,,,,0.4,
CCN(CC)c1ccc2cc(C(C)=O)c(=O)oc2c1,,92.8,,,
CC(=O)OCC(COC(C)=O)OC(C)=O,,,,,1.862
COC(=O)c1ccccc1N,,,,,1.716
C=CC[NH+]1CCCC1CNC(=O)c1cc(S(=O)(=O)NC)c(N)cc1OC,,,2.3,,
CNC(=O)OC(C)(C)C1CC=C(C)CC1,,,,,2.6260000000000003
CC(=O)CCC(=O)O,,,,,1.798
O=C(O)CCC1(Cc2ccccc2)CCCCC1=O,,,,,2.114
C1CO1,,,,,2.787
C=COCCOCCOCC,,,,,1.152
CCC(=O)OCc1ccc(OC)cc1,,,,,1.766
O=c1[c-](CC[S@](=O)c2ccccc2)c(=O)n(-c2ccccc2)n1-c1ccccc1,,,0.12,,
O=CNc1ccc(Br)cc1,,,,,2.252
O=C1C[C@@H](c2ccc(C[C@H](NS(=O)(=O)c3ccccc3)c3nc4ccccc4[nH]3)cc2F)S(=O)([O-])=N1,-6.5214390999999985,,,,
Cc1ccccc1CNC1=NCCS1,,,,,3.1
Cc1cccc(C(N)=O)c1NC(=O)c1ccccc1,,55.16,,,
[NH3+]CC1OB(O)c2c(OCCCO)cccc21,,,2.37,,
CC1CCN(C(=O)CC(Cc2cccc(N)c2)NS(=O)(=O)c2ccc3ccccc3c2)CC1,-4.997839,,,,
CP(=S)(Oc1ccccc1)Oc1ccc(C#N)cc1,,,,,3.5639999999999996
C=C1C(=CC=C2CCCC3(C)C2CCC3C(C)CCCC(C)(C)O)CC(O)CC1O,,,,,5.827000000000001
NNC(=O)c1ccncc1,,,0.82,1.0,2.04
CCOP(=S)(OCC)SCc1nnc(C(C)C)o1,,,,,3.667
COc1ccc2c(c1)c(CC(=O)Oc1ccccc1Cl)c(C)n2C(=O)c1ccc(Cl)cc1,,,,,3.489
COCc1c(C(C)C)nc(C(C)C)c(/C=C/C(O)CC(O)CC(=O)[O-])c1-c1ccc(F)cc1,,,0.33,,
CC(C)c1ccc(CC=O)cc1,,,,,1.597
CC[NH+](CC)CCNC(=O)c1cc(Cl)c(N)cc1OC,,,3.2,,
CC(=O)c1cccc(N)c1,,,,,1.859
CCOP(=S)(OCC)OC(=CCl)c1ccc(Cl)cc1Cl,,,,,4.575
C=CN1CC1,,,,,2.895
CCOP(=O)(O)CCCl,,,,,2.14
[NH3+]C(CCC(=O)NC(Cc1ccc(O)c(O)c1)C(=O)[O-])C(=O)[O-],,,0.21,,
C[C@@H]1NC(=O)[C@@H](C)NC(=O)[C@@H](C)NC(=O)[C@H](C)N(C)C(=O)[C@H](C)NC(=O)[C@@H](C)NC1=O,-5.8200002,,,,
NS(=O)(=O)c1ccc(NC(=O)c2cc(=O)c3ccccc3o2)cc1,,,,,1.838
CCOP(=O)(OCC)Oc1ccc(SC)c(C)c1,,,,,4.5089999999999995
CCCN(CCC)C(=O)C(CCC(=O)OCCCOC(=O)Cc1c(C)n(C(=O)c2ccc(Cl)cc2)c2ccc(OC)cc12)NC(=O)c1ccccc1,,,,,3.083
COP(=O)(OC)Oc1ccc(S(C)(=O)=O)c(C)c1,,,,,3.992
CCC(O)(C(=O)[O-])c1cc2n(c(=O)c1CO)Cc1c-2nc2cc(F)c(C)c3c2c1C([NH3+])CC3,,,0.44,,
CCCCCCCCCCCC(=O)OCC(O)CO,,,,,0.7859999999999999
CN(C)CCCCCCN(C)C,,,,,2.857
COc1ccc([N+](=O)[O-])cc1N,,,,,1.874
CCC=CCC=CCC=CCC=CCC=CCC=CCCC(=O)O,,,,,1.517
C=CCc1ccc(OC)c(OC)c1,,,,,2.1790000000000003
COc1cc(OC)c(S(=O)(=O)N2c3ccccc3CCC2C)cc1NC(=O)CCc1nn[nH]n1,,93.53,,,
CCc1cccc2cc(C(O)C[NH2+]C(C)(C)C)oc12,,,1.7,,
COc1ccc(C(Oc2ccccc2)C2=NCCCN2)cc1F,,,,,2.497
CC1=CCC2CC1C2(C)C,,,,,1.5659999999999998
O=C(C(F)(F)Cl)C(F)(Cl)Cl,,,,,2.891
CC(=O)C=Cc1ccc2c(c1)OCO2,,,,,1.6769999999999998
Nc1ccc(F)c(F)c1,,,,,2.5789999999999997
CCCCCCCCCCCCCCCCSCC(COC)COP(=O)([O-])OCC[N+](C)(C)C,,,,,3.318
C[C@@H]1NC(=O)[C@@H](C)N(C)C(=O)[C@H](C)N(C)C(=O)[C@@H](C)NC(=O)[C@@H](C)N(C)C(=O)[C@H](C)N(C)C1=O,-5.0,,,,
CCCOCN(C(=O)CCl)c1c(C)cccc1OCC,,,,,2.155
NS(=O)(=O)c1cc2c(cc1Cl)NCNS2(=O)=O,,71.99,,,2.035
Oc1c(Cl)c(Cl)cc2[nH]c(C(F)(F)F)nc12,,,,,3.717
CC(C)CCCCCCCOP(Oc1ccccc1)Oc1ccccc1,,,,,2.199
O=P(O)(O)Oc1ccccc1,,,,,1.881
CCOC(=O)Cc1n[nH]c2ccc(Cl)cc12,,,,,1.6969999999999998
Cc1cccc2sc3nncn3c12,,,,,2.8789999999999996
COC(=O)O[C@@]12CO[C@@H]1C[C@H](O)[C@@]1(C)C(=O)[C@H](OC(C)=O)C3=C(C)[C@@H](OC(=O)[C@H](O)[C@@H](NC(=O)c4ccccc4)c4ccccc4)C[C@@](O)([C@@H](OC(=O)c4ccccc4)[C@@H]12)C3(C)C,,,,31.0,
CN(C)c1ccc(N=Nc2cccc(Br)c2)cc1,,,,,1.369
O=S(=O)(O)NC1CCCCC1,,,,,1.1740000000000002
CS(=O)(=O)c1ccc(C(=O)Nc2ccc(Cl)c(-c3ccccn3)c2)c(Cl)c1,,,0.23,,
OC(COc1ccccc1)COc1ccccc1,,,,,2.227
CCC1OC(C)SC1=NOC(=O)NC,,,,,4.163
CC(C)CCO,,,,,1.831
COc1cc2c(c(OC)c1OC)-c1c(cc3c(c1OC)OCO3)C[C@H](C)[C@@](C)(O)C2,-4.5693183,,,,
CC[C@@H]1OC(=O)[C@@H](C)[C@H](O[C@H]2C[C@](C)(OC)[C@@H](O)[C@H](C)O2)[C@@H](C)[C@@H](O[C@H]2O[C@H](C)C[C@@H](N(C)C)[C@H]2O)[C@@](C)(O)C[C@@H](C)C(=O)[C@H](C)[C@@H](O)[C@@]1(C)O,-5.7800002,,,,
CCCCC(CC)COC(=O)Cl,,,,,1.551
COc1cnc(-c2ccccn2)nc1N1CCCCC1,,95.12,,,
O=NN(CCCl)C(=O)NCCCl,,,1.2,0.37,4.029
OCCOCCN1CCN(C(c2ccccc2)c2ccc(Cl)cc2)CC1,,91.82,,,
O=S1(=O)CC(Cl)(Cl)C(Cl)(Cl)C1,,,,,3.472
Cc1ccc(-c2ncc(C)n2C)cc1NC(=O)c1ccc(OCc2ccccn2)cc1,,97.81,,,
CC(=O)OCCC1CCCCC1,,,,,1.726
C=CC1(C)CCC(C(C)(C)O)O1,,,,,2.17
O=[N+]([O-])c1c(Cl)c(Cl)c(Cl)c2nc(C(F)(F)F)[nH]c12,,,,,4.238
COc1cc(OC2CCN(C)CC2)c2c(Nc3cccc4c3OCO4)ncnc2c1,,97.91,,,
CC(C(=O)O)c1ccc(Oc2nccs2)cc1,,,,,3.266
CC(=O)C(NC(=O)CN)c1ccc(O)cc1,-5.2800002,,,,
C[C@@](C(=O)O[C@H]1C[N+]2(CCCc3cncnc3)CCC1CC2)(c1ccccc1)N1CCCCC1,,22.38,,,
C#CC1(O)CCC2C3CCc4cc(O)ccc4C3CCC21C,,,4.3,,2.49
COc1nc(N)nc2c1ncn2C1OC(CO)C(O)C1O,,,4.9,,
CN1CC[C@]23c4c5ccc(O)c4O[C@H]2[C@@H](O[C@@H]2O[C@H](C(=O)O)[C@@H](O)[C@H](O)[C@H]2O)C=C[C@H]3[C@H]1C5,,,,1.4,
CCOC(C1=NCCCCN1)c1ccc(Cl)cc1,,,,,2.858
CCCP(=O)(O)OCC,,,,,1.82
CC(C)(C)c1ccc(O)c(O)c1,,,,,1.77
CCOC(=O)C1(c2ccccc2)CCC=CC1N(C)C,,,,5.0,
CCCCCCC1C(=O)OC(C)C(NC(=O)c2cccc(NC=O)c2O)C(=O)OC(C)C1OC(=O)CC(C)C,,,,,2.572
CNC(=O)ON=C(C)SCC(=O)N(C)C,,,,,4.377
CBr,,,,,2.647
NCCNCCNCc1ccccc1O,,,,,1.959
CCCCOCCOCCOCOCCOCCOCCCC,,,,,2.285
CC(=O)CNC(C)(C)Cc1ccccc1,,,,,2.96
CCc1cnn2c(NCc3ccc[n+]([O-])c3)cc(N3CCCCC3CCO)nc12,,,0.32,,
CCOP(=O)(OCC)SCn1nc(C)oc1=O,,,,,5.4510000000000005
CC(C)C(Br)C(=O)O,,,,,2.372
CCOC(=O)CN(C)N=O,,,,,1.5630000000000002
COCCC#N,,,,,1.287
CCC(C)Nc1ccc(NC(C)CC)cc1,,,,,3.173
O=C(O)Cc1cc(I)c(Oc2cc(I)c(O)c(I)c2)c(I)c1,,,,,5.957000000000001
ClCCCCCCCCC(Cl)(Cl)Cl,,,,,2.857
NCCOC(=O)c1ccccc1,,,,,1.251
CCOC(=O)CCN1CC(=O)N(C)c2ccc(OCc3ccc(C(=N)N)cc3)cc2C1=O,-6.3682656,,,,
O=NN1CCOC1,,,,,1.833
Cc1cc(O)cc(C)c1C[C@H](N)C(=O)N1CCC[C@@H]1C(=O)N[C@@H](Cc1c[nH]c2ccccc12)C(=O)N[C@@H](Cc1ccccc1)C(N)=O,-6.2987847000000015,,,,
C[C@]12C[C@H](O)[C@H]3[C@@H](CCC4=CC(=O)CC[C@@]43C)[C@@H]1CC[C@@H]2C(=O)CO,-4.3887606,,,,
Cn1c(C#N)ccc1-c1ccc2c(c1)C(C)(C)OC(=S)N2,,98.21,,,
O=C(O)C(Cl)(Cl)CCl,,,,,1.858
CC(N)CC(C)(C)N,,,,,2.431
CC[C@H](C)C(=O)O[C@H]1C[C@@H](C)C=C2C=C[C@H](C)[C@H](CC[C@@H]3C[C@@H](O)CC(=O)O3)[C@H]21,,,,1.4,
CC(NNC(=O)c1ccccc1)c1ccccc1,,,,,2.551
NNC(=O)CSc1cc(Oc2ccccc2)ncn1,,,,,3.099
O=S(=O)(Nc1ccc2sc(CO)nc2c1)c1ccc(Br)cc1,,99.31,,,
C[NH+]1C2CCC1CC(OC(=O)c1c[nH]c3ccccc13)C2,,,9.7,,
CC1CC(OC(=O)C(O)c2ccccc2)CC(C)(C)C1,,,,,1.743
CC1OC(=O)C(C(C)C)NC(=O)C(C(C)C)OC(=O)C(C(C)C)NC(=O)C(C)OC(=O)C(C(C)C)NC(=O)C(C(C)C)OC(=O)C(C(C)C)NC(=O)C(C)OC(=O)C(C(C)C)NC(=O)C(C(C)C)OC(=O)C(C(C)C)NC1=O,,,,,5.444
CC(=O)Nc1ccc(-c2ccnc(Nc3ccc(N4CCOCC4)cc3)n2)cc1,,93.24,,,
CCOP(=O)(Sc1ccccc1)Sc1ccccc1,,,,,3.492
CC(C)(C)OC(=O)NC[C@H]1CC[C@H](CNC(=O)c2cc(N3CCC(CCO)CC3)nc3ccccc23)CC1,,99.3,,,
ClC(Cl)Br,,,,,2.252
O=C(NC(O)C(Cl)(Cl)Cl)NC(O)C(Cl)(Cl)Cl,,,,,1.725
CC(C)Cc1ccc(C(C)C(=O)OCc2ccccn2)cc1,,,,,2.315
Cc1ccccc1-n1c(C)nc2ccc(N)cc2c1=O,,,,,3.646
C=C(C)C1Cc2c(ccc3c2OC2COc4cc(OC)c(OC)cc4C2C3=O)O1,,,,,3.818
C[C@H](Cc1cccc(CC(=O)NC23CC4CC(CC(C4)C2)C3)c1)NC[C@H](O)c1ccc(O)c(CO)c1,,89.91,,,
CCCCSSC(Cl)C(Cl)Cl,,,,,2.705
Nc1nc2nc(-c3cccs3)cc(C(F)(F)F)n2n1,,79.92,,,
FC(F)(F)c1nc2c(Cl)ccc(Cl)c2[nH]1,,,,,4.99
C=CCNCC=C,,,,,2.226
COCCOc1nnc(CSP(=S)(OC)OC)s1,,,,,2.968
CCC1(O)CC2CN(CCc3c([nH]c4ccccc34)C(C(=O)OC)(c3cc4c(cc3OC)N(C)C3C(O)(C(=O)OC)C(OC(C)=O)C5(CC)C=CCN6CCC43C65)C2)C1,,,28.0,,
CC(=O)OC1=C(c2c(C)cc(C)cc2C)C(=O)c2ccccc21,,,,,1.5830000000000002
O=C(O)c1ccccc1C(=O)Nc1cccc2ccccc12,,,,,1.551
C[C@@H]1O[C@@H](O[C@@H]2C(=O)c3c(O)cc(O)cc3O[C@H]2c2ccc(O)c(O)c2)[C@H](O)[C@H](O)[C@H]1O,-6.820000200000001,,,,
C1CNCCN1,,,,,1.656
CC(=O)Nc1ccc(O)cc1,-4.4400001,26.64,1.0,2.5,1.7990000000000002
CCOP(=S)(OCC)SC(C#N)c1ccccc1,,,,,3.4789999999999996
CCOP(=S)(OCC)SCc1nnc(C)o1,,,,,4.703
NC(=O)CF,,,,,4.127
COc1ccc2c(c1)C13CCCCC1C(C2)N(C)CC3,-4.7399998,,,,3.369
COC1CC2CCC(C)C(O)(O2)C(=O)C(=O)N2CCCCC2C(=O)OC(C(C)CC2CCC(n3cnnn3)C(OC)C2)CC(=O)C(C)/C=C(\C)C(O)C(OC)C(=O)C(C)CC(C)/C=C/C=C/C=C/1C,,,1.3,,
O=c1ncnc2[nH][nH]cc1-2,,,,0.8,
O=[N+]([O-])c1cc[n+]([O-])cc1,,,,,3.117
COc1ccc(S(=O)(=O)N2CCC[C@H](n3cc(C)c(=O)[nH]c3=O)C2)cc1Oc1cccc(Cl)c1,,97.49,,,
CCCCCN(N=O)C(N)=O,,,,,2.454
CCCCCC(=O)c1ccc(N)cc1,,,,,2.947
Oc1nc(-c2ccc(C(F)(F)F)cc2)nc2c1CSCC2,,97.6,,,
Cc1onc2c(=O)n(C)nc(-c3ccccc3)c12,,,,,2.3819999999999997
CCOC(=O)C1CCCN1N=O,,,,,1.537
CCCCCCCCOC(=O)c1cc(O)c(O)c(O)c1,,,,,2.1590000000000003
C/C([O-])=C(\C#N)C(=O)Nc1ccc(C(F)(F)F)cc1,,,0.16,,
CCCCSP(=O)(SCCCC)SCCCC,,,,,3.322
Cc1ccc(S(=O)(=O)Nc2c(C(=O)N[C@@H](C)C(C)(C)C)c(C)nn2C2CCOC2)cc1,,92.64,,,
COc1ccc(CN(CCN(C)C)c2ccccn2)cc1,-4.6599998,,,,
O=c1[nH]c2c(O)ccc([C@@H](O)CN[C@H]3CCC[C@@H]3OCc3ccccc3)c2s1,,93.1,,,
N/N=c1/cc2c(n[nH]1)CCN(C(=O)c1ccccc1)C2,,,,5.6,
CCOc1cc(CN2CCC(Nc3nc4cc(S(N)(=O)=O)ccc4o3)CC2)cc(OCC)c1N,,70.1,,,
Nc1ccc(OC(F)(F)C(F)F)c(N)c1,,,,,2.3209999999999997
O=C(CCl)OCC1CC2C=CC1C2,,,,,3.08
Cc1cccc(C)c1NC1=NCCCS1,,,,,3.2289999999999996
c1ccc2nc(COc3ccc(-c4n[nH]cc4-c4ccncc4)cc3)ccc2c1,,99.8,,,
CCOc1ccc([C@@H](C)Nc2nc(N3CCN(C(C)=O)CC3)nc3c2CN(C(C)C)C3=O)cc1F,,66.61,,,
CC1CC[NH+](CCCC(=O)c2ccc(F)cc2)CC1,,,14.0,,
CCCCc1cc[nH]n1,,,,,2.387
CCNc1cccc(C)c1,,,,,2.3680000000000003
CC1(C)C(=O)N(Br)C(=O)N1Cl,,,,,2.605
Cn1c(N2CCCN(CCCN3c4ccccc4Sc4ccc(CCC(=O)O)cc43)CC2)cc(=O)n(C)c1=O,-5.1100001,,,,
Clc1ccccc1C(c1ccccc1)(c1ccccc1)n1ccnc1,,,,,2.688
C=C1CCC(O)CC1=CC=C1CCCC2(C)C1CCC2C(C)CCCC(C)C,,,,,3.962
CCCCOC(=O)CC(SC(CC(=O)OCCCC)C(=O)OCCCC)C(=O)OCCCC,,,,,0.691
O=C(CC1CCN(Cc2ccn(-c3ccc(C(F)(F)F)cc3)c2)CC1)NC(c1ccncc1)c1ccc(Cl)cc1,,98.7,,,
Cc1cc(Nc2nc(N[C@@H](C)c3ccc(F)cn3)c(C#N)cc2Cl)n[nH]1,,96.42,,,
CCCSP(C)(=S)Oc1ccc(Cl)cc1Cl,,,,,3.248
CCC1(O)CC(=O)OCc2c1cc1n(c2=O)Cc2cc3cc(F)c(F)cc3nc2-1,,,1.42,,
CCCCc1c(OC(=O)C23CC4CC(CC(C4)C2)C3)n(-c2ccccc2)n(-c2ccccc2)c1=O,,,,,2.443
CCCC(=O)C(C)C,,,,,1.456
ClC1=C(Cl)C2(Cl)C3C4OC(C5OC54)C3C1(Cl)C2(Cl)Cl,,,,,3.431
CCOP(=S)(OCC)SCSc1cc(Cl)ccc1Cl,,,,,3.933
CC(=O)c1ccc(C)cc1,,,,,1.982
CC1(O)CC(C)(O)OO1,,,,,1.67
Cn1cncc1CN(CCN(Cc1ccccc1)S(=O)(=O)c1ccccn1)c1ccc(C#N)cc1,-5.5514212,,,,
CCCSP(C)SCCC,,,,,4.9430000000000005
CC(C)NC[C@@H](O)COc1cccc2ccccc12,,82.39,,,
CN(C)CCC[N+]1([O-])c2ccccc2CCc2ccccc21,,,,,3.463
Cc1nc(C)c(C)nc1C,,,,,1.853
NCC(=O)CCC(=O)O,-5.3400002,,,,
S=c1[nH]nc(NCNc2n[nH]c(=S)s2)s1,,,,,1.778
COc1cccc2c1C(=O)c1c(O)c3c(c(O)c1C2=O)C[C@](O)(C(=O)CO)C[C@H]3O[C@@H]1C[C@@H](N)[C@@H](O)[C@@H](C)O1,-6.5900002,,,,
CC(=O)N1CCN(CC(=O)NN=Cc2ccc([N+](=O)[O-])o2)CC1,,,,,2.966
CNC(=O)C[C@@H](N)C(=O)N[C@@H](C(=O)N[C@H]1C(=O)N2[C@@H](C(=O)O)C(C)(C)S[C@H]12)c1ccc(O)cc1,,,0.27,,
CN1C(=O)CC(N2CCCN(CC/C=C3/c4ccccc4COc4ccc(C(=O)O)cc43)CC2)N(C)C1=O,-5.420000099999998,,,,
CCCCOC(=O)CC(C)=O,,,,,1.148
Nc1[nH]c(=O)ncc1F,,,0.68,4.2,
COC(C)(C)CC[C@@H](O)[C@](C)(O)[C@H]1CC[C@@]2(O)C3=CC(=O)[C@@H]4C[C@@H](O)[C@@H](O)C[C@@]4(C)C3CC[C@]12C,-4.7600002,,,,
C#CC[C@@H](C(=O)N[C@H](/C=C/C(=O)OCC)C[C@@H]1CCNC1=O)n1cccc(NC(=O)c2cc(C)on2)c1=O,,55.73,,,
O=C(NC1CCCCC1)NS(=O)(=O)c1ccc(Cl)cc1,,,,,2.318
O=c1oc2ccccc2c(O)c1C1CC(c2ccc(-c3ccccc3)cc2)Cc2ccccc21,,,,,5.815
CC(C)(O)CC[C@@H](O)[C@](C)(O)[C@H]1CC[C@@]2(O)C3=CC(=O)[C@@H]4C[C@@H](O)[C@@H](O)C[C@@]4(C)C3CC[C@]12C,-4.79,,,,
CCCCNc1cc(C(=O)O)cc(S(N)(=O)=O)c1Oc1ccccc1,,98.44,,1.2,
CC(C)NCC(O)COc1cccc2cc(C(C)O)oc12,,,,,2.139
CC(Cl)(Cl)C(=O)OCCOc1cc(Cl)c(Cl)cc1Cl,,,,,2.5639999999999996
CCOc1cc2ncc(C(N)=O)c(Nc3ccc(Cl)c(Cl)c3)c2cc1N1CCN(C)CC1,,99.19,,,
Cc1ncc(NC(=O)c2cc(NC(=O)c3cccc(C(F)(F)F)c3)ccc2C)s1,,98.81,,,
C=CCOc1ccccc1OCC(CNC(C)C)OC(=O)C1CC1,-4.1920457,,,,
CCOP(=S)(OCC)OP(=S)(OCC)OCC,,,,,4.809
C=CCCCOC(=O)C(CC)N(Cc1ccco1)C(=O)n1ccnc1,,,,,2.5469999999999997
CC(N)=O,,,,,0.926
OC[C@H](Nc1ncc(Cl)c(Nc2cc(C3CC3)[nH]n2)n1)c1ccc(F)cc1,,95.63,,,
OC(Cn1cncn1)(Cn1cncn1)c1ccc(F)cc1F,,14.23,0.75,30.0,2.3819999999999997
CN(N=O)C(N)=O,,,,,2.972
O=P(O)(O)CCCl,,,,,1.628
CC(=O)OCC(C)c1ccccc1,,,,,1.618
CCOC(C1=NCC(O)CN1)c1ccccc1,,,,,2.127
CN(Cc1cnc2nc(N)nc(N)c2n1)c1ccc(C(=O)NC(CCC(=O)[O-])C(=O)[O-])cc1,,,0.43,,
Clc1ccccc1Cl,,,,,2.468
Cn1c(N2CCCN(CCCN3c4ccccc4Sc4c(C(=O)O)cccc43)CC2)cc(=O)n(C)c1=O,-5.8005152,,,,
CN(C)CCc1c[nH]c2ccc(C[C@H]3COC(=O)N3)cc12,,,,3.6,
OCC(F)(F)C(F)(F)C(F)(F)CO,,,,,2.076
CP(=O)(Oc1ccccc1)Oc1ccccc1,,,,,3.0269999999999997
CCCN(CCO)CCO,,,,,1.689
CC(C)CON=CC1C(C(=O)OCc2cccc(Oc3ccccc3)c2)C1(C)C,,,,,3.954
CCOP(=O)(OC=CCl)N(CC)CC,,,,,3.502
Cc1ccc(CO)cc1,,,,,1.496
Cc1sc2c(c1C)c(=O)n(-c1ccc(F)cc1)c(=O)n2CC(=O)NCc1ccco1,,97.32,,,
COP(=S)(NC(=S)N(C)CCO)OC,,,,,4.333
Cc1cc(S)c(N)nn1,,,,,1.854
CC(C)n1c(/C=C/C(O)CC(O)CC(=O)O)c(-c2ccc(F)cc2)c2ccccc21,,99.52,,0.7,
CCC(c1ccccc1)c1c([O-])c2ccccc2oc1=O,,,0.2,,
Cc1ccc(O)c([N+](=O)[O-])c1,,,,,1.659
CN(C)CCNCc1ccc(Nc2ncc3cc(-c4ccncc4)ccc3n2)cc1,,95.01,,,
COc1c(C)ccc(C)c1N(COC(C)C)C(=O)CCl,,,,,2.239
CCOP(=S)(OCC)Oc1cc(C)nc(N(C)C)n1,,,,,3.388
C1=CC2C=CC1C2,,,,,2.015
Cn1c(=O)c2c(ncn2CC2OCCO2)n(C)c1=O,,,1.03,,2.441
CO/N=C(/C(=O)N[C@@H]1C(=O)N2C(C(=O)[O-])=C(C[n+]3ccc(-c4cnco4)cc3)CS[C@H]12)c1csc(N)n1,,,0.22,,
CC[NH+]1CCCC1CNC(=O)c1cc(S(N)(=O)=O)ccc1OC,,,0.94,,
CCON(CC)N=O,,,,,2.072
CC=CC=CC(=O)O,,,,,1.183
CC(=NOC(=O)N(C)SSN(C)C(=O)ON=C(C)SCCC#N)SCCC#N,,,,,3.764
COP(=S)(OC)Oc1ccc(C#N)cc1C,,,,,2.7110000000000003
CC(C)[NH+]1CCC(N(C(=O)Cc2ccccc2)c2ccc(Cl)cc2)CC1,,,6.6,,
CC1=NC(c2ccc(F)cc2)(c2cccc(-c3cccnc3)c2)N=C1N,,95.12,,,
CC(C)CCCC(C)(C)O,,,,,1.327
CC(O)COS(C)(=O)=S,,,,,2.331
COc1cc(OC)c(S(=O)(=O)NCc2ccccc2N2CCC(COC(=O)CCC(=O)O)CC2)cc1NC(=O)CCC(=O)O,,84.9,,,
Cc1ccc(N)cc1C,,,,,2.174
C[C@@H]1NC(=O)[C@H](C)N(C)C(=O)[C@@H](C)NC(=O)[C@H](C)NC(=O)[C@@H](C)N(C)C(=O)[C@@H](C)NC1=O,-5.3000002,,,,
COc1cccc2c1C(=O)c1c(O)c3c(c(O)c1C2=O)CC(O)(C(=O)CO)CC3OC1CC([NH3+])C(OCc2ccccc2)C(C)O1,,,48.0,,
C[C@@H](NC1=CC(=O)CC1)c1ccc(Nc2ncc3cc(-c4ccncc4)ccc3n2)cc1,,98.0,,,
Cc1nnc(-c2ccc(N3CCC(Oc4cc(F)ccc4Cl)CC3)nn2)o1,,98.21,,,
Cc1ccc(O)cc1C,,,,,2.225
CCC#CC[C@H](C)[C@H](O)C#C[C@@H]1[C@H]2C/C(=C/COCC(=O)O)C[C@H]2C[C@H]1O,,,,1.1,
CCCOC(=O)CCC(=O)OCCC,,,,,1.494
O=C(OCC(Br)(Br)Br)c1ccco1,,,,,2.4
C1CN(SSSSN2CCOCC2)CCO1,,,,,1.797
N#CCCSCCC#N,,,,,1.5219999999999998
COP(=S)(OC)Oc1ccc(S(C)=O)c(C)c1,,,,,3.372
CCCCCCCc1ccc(C)cc1O,,,,,1.793
CC(=O)OC1CC2CCC3C(CCC4(C)C3CC([N+]3(C)CCCCC3)C4OC(C)=O)C2(C)CC1[NH+]1CCCCC1,,,0.3,,
N#CC1CCC2OC2C1,,,,,2.001
Cc1ccc(C)c(O)c1,,,,,2.44
Nc1nc(/C(=N\O)C(=O)NC2C(=O)N3C(C(=O)[O-])=C(/C=C4\CCN(C5CC[NH2+]C5)C4=O)CSC23)ns1,,,0.27,,
Nc1ccc(Br)cc1,,,,,2.577
CCOc1ccccc1OCC1CNCCO1,-4.3899999,,,4.1,2.074
CC1(C)COC(c2ccccc2O)=N1,,,,,1.713
CC(=O)CC(=O)Nc1ccccc1,,,,,1.581
COc1ccccc1Oc1c([N-]S(=O)(=O)c2ccc(C(C)(C)C)cc2)nc(-c2ncccn2)nc1OCCO,,,0.29,,
CN(C)C(=[NH2+])NC(=N)N,,,0.64,,
CC(C)(C)C1CCC(=O)CC1,,,,,1.489
Cc1c(Cl)cccc1Nc1ncccc1C(=O)O,,,,,2.8939999999999997
CC(=O)NC[C@H]1CN(c2ccc(-c3nnc(CC/C(C)=N\O)s3)c(F)c2)C(=O)O1,-5.250906,,,,
CCCCCCCCCCCOC(=O)Cc1ccc(N(CCCl)CCCl)cc1,,,,,3.935
OC1CCc2ccccc21,,,,,2.335
CCOP(=S)(OCC)OC(C)=CC(=O)OC,,,,,6.282
CC(C)NCC(O)COc1cccc2ccccc12,,,,3.4,2.594
CC(=O)O[C@H]1C[C@]2(O)[C@H]3CC[C@H]4C[C@H](O[C@H]5C[C@@H](O)[C@@H](O[C@H]6C[C@@H](O)[C@@H](O[C@H]7C[C@@H](O)[C@@H](O)[C@H](C)O7)[C@H](C)O6)[C@H](C)O5)CC[C@@]4(C)[C@H]3CC[C@]2(C)[C@H]1C1=CC(=O)OC1,,,0.78,,
Nc1ccn(C2COC(CO)S2)c(=O)n1,,,0.84,,
O=C(O)CCC(=O)c1ccc(-c2ccccc2)cc1,,,,,3.1039999999999996
Cc1sc2ncnc(SCC(=O)N3CCN(C(=O)c4ccco4)CC3)c2c1C,,97.66,,,
CCCCC(=O)N(Cc1ccc(-c2ccccc2-c2nnn[n-]2)cc1)C(C(=O)[O-])C(C)C,,,0.22,,
O=NN(c1cccc(C(F)(F)F)c1)c1ccccc1C(=O)O,,,,,2.537
COC(=O)C1C2CC3c4[nH]c5cc(OC)ccc5c4CCN3CC2CC(OC2CCCCO2)C1OC,,,,,3.46
CCN(CC)C(=O)c1ccc(O)c(OC)c1,,,,,3.161
NCCNc1ccc(N)cc1,,,,,2.901
COC(=O)C1=C(C)NC(C)=C(C(=O)OCC(C)C)C1c1ccccc1[N+](=O)[O-],,,5.5,11.0,2.49
CC(C)NCC(O)COc1cccc2c1OCC(O[N+](=O)[O-])C2,,,,,2.497
CCOC(=O)CC(=O)NP(=O)(OC)SC,,,,,3.31
CCCCNc1cc(C(=O)[O-])cc(S(N)(=O)=O)c1Oc1ccccc1,,,0.16,,
CCn1cc(C(=O)[O-])c(=O)c2cc(F)c(N3CC[NH2+]CC3)nc21,,,2.0,,
CC(=O)OCCN(CCC#N)c1ccccc1,,,,,2.05
CC(C)CCCCCOC(=O)CCCOc1ccc(Cl)cc1Cl,,,,,2.859
Cc1nn(-c2ccc(F)cc2)c(NS(=O)(=O)c2ccc(C(F)(F)F)cc2)c1C(=O)N[C@@H](C)C(C)(C)C,,98.64,,,
CCCCCCCCCc1cc(C)cc(Cc2cc(C)cc(CCCCCCCCC)c2O)c1O,,,,,1.163
O=C(Cc1ccccc1)OCCc1ccccc1,,,,,1.205
N#Cc1ccc(NCC(F)(F)c2ccccc2)c(F)c1CC(=O)NCCONC(=N)N,-5.647924400000001,,,,
c1ccc2[nH]c(CCCc3nc4ccccc4[nH]3)nc2c1,,99.69,,,
N=C(N)NC(=O)Cc1c(Cl)cccc1Cl,,,,15.0,
COc1coc(CSP(=O)(OC)OC)cc1=O,,,,,4.086
COc1cc(OC)c(S(=O)(=O)N2c3ccccc3CCC2C)cc1NC(=O)CSc1ccncc1,,97.07,,,
COc1ccc2c(c1)c(CC(=O)OCC(C(=O)O)c1ccccc1)c(C)n2C(=O)c1ccc(Cl)cc1,,,,,3.5580000000000003
CC(C)=CCCC(C)=CC(=O)O,,,,,1.658
CC(=O)N(C)[C@@H](Cc1ccccc1)C(=O)N(C)[C@H](Cc1ccccc1)C(=O)N(C)[C@@H](Cc1ccccc1)C(N)=O,-4.6937804000000005,,,,
CC(C)(C)NC(=O)NCCN1CCCC(NC(=O)c2cc(Cl)cc(Cl)c2)C1,,97.2,,,
CNC(=O)c1cnn(-c2nc(N)c3ncn(C4OC(CO)C(O)C4O)c3n2)c1,,,0.94,,
COc1cc(OC)c(S(=O)(=O)NCc2ccccc2N2CCCCC2)cc1NC(=O)CCC(=O)O,,69.61,,,
CCSc1nc(NC(C)C)nc(NC(C)C)n1,,,,,1.816
O=C(Nc1nc2ccccc2n1CCCO)c1cccc([N+](=O)[O-])c1,,91.99,,,
CCOc1cc2nnc(C(N)=O)c(Nc3ccc(C)cc3F)c2cc1N1CCN(C)CC1,,98.4,,,
CCCOP(=O)(OC=C(Cl)Cl)OCCCl,,,,,4.0760000000000005
ClCCl,,,,,1.725
COc1ccnc(CCc2nc3c(C)ccnc3[nH]2)c1,,80.29,,,
CCC(CC)COCCC#N,,,,,1.8
C1CSCCO1,,,,,1.5659999999999998
CC(C)CC(N)C(=O)NCC(=O)OC[C@@H]1O[C@H](n2cc(F)c(=O)[nH]c2=O)C[C@H]1O,-5.4206805000000005,,,,
ClCCOCCOCCOCCCl,,,,,3.109
C[C@@H]1C[C@H]2[C@@H]3CCC4=CC(=O)C=C[C@]4(C)[C@@]3(Cl)[C@@H](O)C[C@]2(C)[C@@]1(OC(=O)c1ccco1)C(=O)CCl,,99.77,,,
C[S+]([O-])Cc1ccc(C(=O)Nc2cccnc2C(=O)NCC2CCC2)c2ccccc12,,98.7,,,
CNC(=O)Oc1ccccc1,,,,,2.447
Cc1nc(C)c(-c2ccc([C@H]3CC[C@H](CC(N)=O)CC3)cc2)nc1C(N)=O,,87.11,,,
NS(=O)(=O)c1cc(C2(O)NC(=O)c3ccccc32)ccc1Cl,,,3.9,36.0,
O=CCCCC(O)C=O,,,,,0.884
CCCCCCCCC=CCCCCCCCC(=O)OCC1CO1,,,,,1.983
CCCSP(=O)(OCC)Oc1ccc(Br)cc1Cl,,,,,3.0189999999999997
C=C1CC[C@@]2(O)[C@H]3Cc4ccc(O)c5c4[C@@]2(CCN3CC2CC2)[C@H]1O5,,,,8.8,
CCO[Si](C)(CCl)OCC,,,,,2.148
CC(C)CC(=O)OC1CCC(N2CCCCC2)CC1,,,,,2.245
COC(=O)C(C)NP(=O)(OC[C@@H]1C=C[C@H](n2cc(C)c(=O)[nH]c2=O)O1)Oc1ccc(OC)cc1,-5.9819288,,,,
CCC(C)(C)C(=O)O[C@@H]1C[C@H](C)C=C2C=C[C@@H](C)[C@@H](CC[C@@H]3C[C@H](O)CC(=O)O3)[C@@H]21,-5.170000099999998,,,,
C=CCNC(=O)OCC(O)C1COc2ccccc2O1,,,,,2.27
CSc1nc(N=[N+]=[N-])nc(NC(C)C)n1,,,,,1.796
CCCCc1c(C)[nH]c(NCC)nc1=O,,,,,1.719
CC(C)C(Nc1ccc(C(F)(F)F)cc1Cl)C(=O)OC(C#N)c1cccc(Oc2ccccc2)c1,,,,,3.285
O=C(O)c1ccccc1,-4.0050001,,,,1.856
OCC(O)CN1CCN(c2ccccc2)CC1,,,,,2.59
O=C(O)CCCCC1CCSS1,,,,,2.261
CN(c1ccccc1)S(=O)(=O)c1ccc(NC(=O)C(C)(O)C(F)(F)F)cc1,,97.71,,,
O=CNC(Nc1ccc(Cl)c(Cl)c1)C(Cl)(Cl)Cl,,,,,2.129
O=C(Cc1ccc(-c2ccccc2)cc1)Nc1ccccn1,,,,,2.191
O=C1COc2ccc(CNC3CCN(CCN4C(=O)COc5ccc(-c6ccco6)cc54)CC3)nc2N1,,99.4,,,
COc1cc(OC)c(C(=O)CCC[NH+]2CCCC2)c(OC)c1,,,1.3,,
COP(=S)(OC)Oc1cc(C)n(C)c(=O)c1,,,,,5.511
CNCC1CCCCC1,,,,,1.955
Oc1cc(O)cc(Sc2cc(O)cc(O)c2)c1,,,,,1.766
CCCCCCCC(=O)OCC,,,,,0.8220000000000001
Cc1cccc(N(C)C(=S)Oc2ccc3c(c2)C2CCC3C2)c1,,,,,1.732
CN1CCC23c4c5ccc(O)c4OC2C(O)C=CC3C1C5,,,,,2.93
O=C(O)Cc1ccc(N2CCC(CN3CCC(Oc4ccc(Cl)c(Cl)c4)CC3)CC2)cc1,,98.0,,,
C#CC1(O)C(CO)OC(n2ccc(N)nc2=O)C1O,,,1.1,,
Nc1cc(N2CCCCC2)nc(N)[n+]1[O-],,,0.9,,2.2
CCCCN(N=O)C(=O)OCC,,,,,2.287
O=C(Cc1cccs1)NC1C(=O)N2C(C(=O)[O-])=C(C[n+]3ccccc3)CSC12,,,0.46,,2.221
Cc1ccc(O)c(C(CC[NH+](C(C)C)C(C)C)c2ccccc2)c1,,,1.5,,
CC(C)OC(Cl)=C(Cl)C(Cl)=C(Cl)Cl,,,,,2.371
O=C(O)Cc1cc(O)ccc1Nc1c(Cl)cc(O)cc1Cl,,,,,2.516
CN1CC(=O)NC1=N,-5.935409099999998,,,,
CC(C(=O)O)c1ccc(C(=O)c2ccccc2)s1,,,,,3.158
ClCC1CO1,,,,,3.012
CCN(CC)CCOCCOC(=O)C1(c2ccccc2)CCCC1,,,,,3.347
O=C(OCC(O)CO)c1ccccc1Nc1ccnc2c(C(F)(F)F)cccc12,,,,,2.881
CCc1c(C(=O)C(N)=O)c2c(OCC(=O)O)cccc2n1Cc1ccccc1,,87.62,,,
COP(=O)(OC)Oc1ccc([N+](=O)[O-])c(C)c1,,,,,4.037
N#CCC[Si](Cl)(Cl)Cl,,,,,1.974
O=C(CF)Nc1ccc(Br)cc1,,,,,3.903
CC(N)CCN,,,,,1.815
CN[C@@H](C)C(=O)N[C@H](C(=O)N(C)[C@H]1CCCN(CCc2ccccc2)C1)C1CCCCC1,,73.36,,,
CC1(C)S[C@@H]2[C@H](NC(=O)C(C(=O)O)c3ccccc3)C(=O)N2[C@H]1C(=O)O,,45.41,,1.1,
Cc1cc(O)c2c(=O)c3c(O)cc(O)c4c5c(O)cc(O)c6c(=O)c7c(O)cc(CO)c8c1c2c(c34)c(c65)c78,,,,20.0,
COc1nc(C)nc(Cl)c1NC1=NCCN1,,,,2.2,
FC(F)(F)c1nc2c(Cl)cccc2[nH]1,,,,,4.06
CN(C(=O)NC(C)(C)c1ccccc1)c1ccccc1,,,,,1.641
COc1cc2c(cc1OC)CC(=O)N(CCC[NH+](C)CC1Cc3cc(OC)c(OC)cc31)CC2,,,1.66,,
Cc1cc(C)c(/C=C2\C(=O)Nc3ccccc32)[nH]1,,,0.98,,
O=C(c1ccccc1)c1ccc(O)cc1,,,,,1.215
CSC(C)=NOC(=O)N(C)SN(C)C(=O)ON=C(C)SC,,,,,3.345
COc1ccccc1N1CCN(CCCc2ccc3c(c2)CCC(=O)N3)CC1,,,,,2.88
COc1ccc2c(c1)N(CCN1CCC(NCc3cc4c(cn3)OCCO4)CC1)C(=O)CO2,,82.39,,,
CCN(CC)C(=S)NN=Cc1ccc([N+](=O)[O-])o1,,,,,2.557
CC1(C)C(C=C(Br)Br)C1C(=O)OC(C#N)c1cccc(Oc2ccccc2)c1,,,,,4.226
C[C@@H](O)[C@H]1C(=O)N2C(C(=O)O)=C(SCCNC=N)C[C@H]12,,,,0.95,
OC1COC2C(O)COC12,,,,,0.782
CCCSP(C)(=O)SCCC,,,,,5.077
CCC(=O)NCCC1CCc2ccc3c(c21)CCO3,,,1.05,,
Cc1ccc(C)nc1,,,,,2.127
N[C@H]1[C@H](O)[C@@H](CO)O[C@H](O[C@@H]2[C@@H](O)[C@H](O[C@H]3O[C@H](C[NH3+])CC[C@H]3[NH3+])[C@@H](N)C[C@H]2NC(=O)[C@@H](O)CC[NH3+])[C@@H]1O,,,0.21,,
NC(=O)c1cc([N+](=O)[O-])cc([N+](=O)[O-])c1,,,,,2.228
Cc1c(N)cccc1Cl,,,,,2.392
CCC(CC)COC(C(=O)OCC[NH+](C)C)(c1ccccc1)c1ccccc1,,,7.1,,
Cc1cn([C@H]2CCCN(Cc3ccc(C(=O)O)c(Oc4cccc(Cl)c4)c3)C2)c(=O)[nH]c1=O,,97.32,,,
CCCCCCC=NO,,,,,2.092
CC(C)C=O,,,,,1.876
CN(C)C(=S)SCN1CCOCC1,,,,,2.167
O=C(/C=C/c1ccc(C[NH+](CCO)CCc2c[nH]c3ccccc23)cc1)NO,,,2.17,,
O=[N+]([O-])c1cc([N+](=O)[O-])c(O)c([N+](=O)[O-])c1,,,,,3.0589999999999997
CC1(C)S[C@@H]2[C@H](NC(=O)COc3ccccc3)C(=O)N2[C@H]1C(=O)O,,,,0.84,
CC(=O)C1CCC2C3CCC4CC(O)CCC4(C)C3C(=O)CC12C,,,,,3.049
Cc1ccoc1C,,,,,2.506
C1=CCCCC1,,,,,1.625
Cc1onc(-c2ccccc2Cl)c1C(=O)N[C@@H]1C(=O)N2[C@@H](C(=O)O)C(C)(C)S[C@H]12,-5.579999900000002,,,,
C=C(C)C(=O)OCCN(CC)CC,,,,,1.596
CCCCc1c(OC(=O)c2cc(OC)c(OC)c(OC)c2)n(-c2ccccc2)n(-c2ccccc2)c1=O,,,,,2.224
O=C1C(CCSc2ccccc2)C(=O)N(c2ccccc2)N1c1ccccc1,,,,,2.9360000000000004
CCCOP(C)(=O)SCCC,,,,,5.2139999999999995
CCOP(=S)(OCC)Oc1cc(C)nc2ccccc12,,,,,3.794
CC1(C)S[C@@H]2[C@H](NC(=O)C(c3ccccc3)S(=O)(=O)O)C(=O)N2[C@H]1C(=O)O,,,,1.2,
CCc1cccc2cc(C(O)CNC(C)(C)C)oc12,,91.99,,2.3,2.542
CCCC(CCC)C(C)NC(=O)CC,,,,,2.454
CCCCCCCC(=O)N[C@@H](C)C(=O)N[C@H](C(=O)N[C@@H](CCN)C(=O)N[C@H]1CCNC(=O)[C@H]([C@@H](C)O)NC(=O)[C@H](CCN)NC(=O)[C@H](CCN)NC(=O)[C@H](CC(C)C)NC(=O)[C@@H](Cc2ccccc2)NC(=O)[C@H](CCN)NC1=O)[C@@H](C)O,,89.27,,,
O=C(O)CSc1nc(-c2ccccc2)ns1,,,,,2.7030000000000003
CCCCCCCCNC(C)C(O)c1ccc(SC(C)C)cc1,,,,,2.2880000000000003
NC1=NCC(CN2CCN(c3ccccc3)CC2)O1,,,,,2.656
CCCCc1nc(Cl)c(CO)n1Cc1ccc(-c2ccccc2-c2nnn[nH]2)cc1,-6.0727587,,,1.8,
CN(C)C(=O)Oc1cccc([N+](C)(C)C)c1,,,0.74,,
CC(=O)Nc1ccc2ccn(-c3cc(NC4COC4)n4ncc(C#N)c4n3)c2c1,,87.62,,,
COc1cc2c(cc1OC)[C@H]1C[C@H](O)[C@@H](CC(C)C)CN1CC2,-4.6799998,,,,
O=C1CC2OCC=C3CN4CCC56c7ccccc7N1C5C2C3CC46,,,,,5.153
CCS(=O)CCOP(=S)(OC)OC,,,,,2.613
C=CCN(CC=C)C(=O)C(Cl)Cl,,,,,2.017
COc1ccc2c(O[C@@H]3C[C@H]4C(=O)N[C@]5(C(=O)NS(=O)(=O)C6CC6)C[C@H]5/C=C\CCCCCN(C)C(=O)[C@@H]4C3)nc(-c3ccccc3)nc2c1C,-4.5900002,,,,
CC(=O)OC1C(=O)C2(C)C(O)CC3OCC3(OC(C)=O)C2C(OC(=O)c2ccccc2)C23OC(=O)OC2C(OC(=O)C(O)C(CC(C)C)NC(=O)OC(C)(C)C)C(C)=C1C3(C)C,,,13.83,,
COc1cccc(-c2cc3c(N[C@H]4CCCNC4)ncc(C(N)=O)c3s2)c1,,95.63,,,
COc1cc2ncn(-c3cc(OCc4ccccc4S(C)(=O)=O)c(C#N)s3)c2cc1OC,,98.89,,,
COc1ccc(C(=O)CCC(=O)O)c2ccccc12,,,,,2.157
COP(=O)(OC)Oc1ccc([N+](=O)[O-])cc1,,,,,4.878
CCN(CC)c1ccc(C=O)cc1,,,,,1.442
CC(C)(C)/[N+]([O-])=C/c1ccc(S(=O)(=O)[O-])cc1S(=O)(=O)[O-],,,0.18,,
CCc1cccc(C)c1N(C(=O)CCl)C(C)COC,,,,,2.049
Cc1nc2sccn2c1C=NNC(=O)CN(C)C,,,,,2.248
COc1ccc2c(c1)N(CC(C)C[NH+](C)C)c1ccccc1S2,,,12.0,,
Nc1ccccc1C(=O)OCC=Cc1ccccc1,,,,,1.705
CC#CC1(O)CCC2C3CCC4=CC(=O)CCC4=C3C(c3ccc(N(C)C)cc3)CC21C,,,0.01,,
CCCCC(C)(C)C(O)/C=C/C1C(O)CC(Cl)C1C/C=C/CCCC(=O)[O-],,,0.16,,
CCOC(=O)C(c1c(O)c2ccccc2oc1=O)c1coc2ccccc2c1=O,,,,,3.293
Cn1c(-c2ccccc2)cc(-c2ccccc2)[n+]1C,,,,,2.725
C=CC(C)(O)CCCCC,,,,,1.898
C[C@@H]1NC(=O)[C@H](C)N(C)C(=O)[C@@H](C)N(C)C(=O)[C@H](C)NC(=O)[C@@H](C)NC(=O)[C@@H](C)N(C)C1=O,-5.8200002,,,,
NC1=NC(c2ccc(F)cc2)Cc2ccc(F)cc21,,67.12,,,
CC(=O)CCc1ccc(OC(C)=O)cc1,,,,,1.832
CC(=O)C=C(C)C,,,,,1.943
CCSC(=O)N(CC(C)C)CC(C)C,,,,,1.735
CCN(CC)C(=O)c1ccc(OC)cc1O,,,,,2.05
CCCCOC(=O)c1ccccc1C(=O)OCc1ccccc1,,,,,2.127
CCN(Cc1ccncc1)N=O,,,,,3.616
O=C1CC(c2ccc(O)c(O)c2)Oc2cc(O)cc(O)c21,-5.2800002,,,,
CN1C(=O)C2C=CC1c1ccccc12,,,,,2.361
[NH3+]CCCCC(NC(CCc1ccccc1)C(=O)[O-])C(=O)N1CCCC1C(=O)[O-],,,0.89,,
CC1=CCC(C(C)C)=CC1,,,,,1.5719999999999998
CC1(C)SC2C(NC(=O)C([NH3+])c3ccccc3)C(=O)N2C1C(=O)[O-],,,0.22,,
COc1ccc(NC(=O)N(C)C)cc1Cl,,,,,2.155
COP(=O)(OC)OC(c1ccc(Cl)cc1)P(=O)(OC)OC,,,,,2.05
CC(C)OC(=O)C(C(=O)OC(C)C)=C1SCCS1,,,,,2.387
O=C(CCBr)N1CCN(C(=O)CCBr)CC1,,,,,3.2089999999999996
O=c1[nH]c2cc(Cl)ccc2o1,-4.190000100000002,,,,2.347
CC(C)(O/N=C(/C(=O)NC1C(=O)N2C(C(=O)[O-])=C(C[n+]3ccccc3)CSC12)c1csc(N)n1)C(=O)[O-],,,0.31,,
CC(O)c1ccc2c(c1)N(CCN1CCC(NCc3ccc4c(n3)NC(=O)CO4)CC1)C(=O)CO2,,88.82,,,
CC(C)(C)c1ccc(C(=O)O)cc1,,,,,2.406
CC[Si](Cl)(Cl)Cl,,,,,2.09
CCCCCCCCP(=O)(CCCCCCCC)CCC(C)C,,,,,1.615
O=C(CF)NC(=O)Nc1ccccc1,,,,,3.895
CCCCCCOC(COCC(OCC)OCCCCCC)OCC,,,,,1.988
CN1C(=O)CN=C(c2ccccc2)c2cc(Cl)ccc21,,98.61,1.0,42.0,2.908
CCOC(=O)C1=C(C)NC(C)=C(C(=O)OCC)C1c1ccccc1C(F)(F)F,,,,,2.511
CCc1nn(C)c(C(=O)NCc2ccc(C(C)(C)C)cc2)c1Cl,,,,,2.7489999999999997
CC=CC(C)C1(CC)C(=O)NC(=O)NC1=O,,,,,4.05
CCOc1cc2c(c(F)c1OCC)C(=N)N(CC(=O)c1cc(N3CCOCC3)c(OC)c(C(C)(C)C)c1)C2,,99.79,,,
C=CCOC(=O)C=CC(=O)OCC=C,,,,,2.8160000000000003
OCCN1CCOCC1,,,,,1.039
C=C(C#N)C(=O)OC,,,,,1.842
CCS(=O)(=O)Cc1ccccc1OC(=O)NC,,,,,2.7060000000000004
O=C(NS(=O)(=O)c1ccc(Cl)cc1)N1CCC(N2CCC(Oc3ccc(Cl)c(Cl)c3)CC2)CC1,,67.12,,,
CCN(CC)S(=O)(=O)c1ccc(OP(=S)(OC)OC)cc1Cl,,,,,3.89
O=C(O)c1cc(I)cc(I)c1I,,,,,2.7889999999999997
O=C(O)Cc1ccc(C2CCCCC2)c(Cl)c1,,,,,3.484
CCc1ccc(OCC(=O)O)c(-c2ccc(S(C)(=O)=O)cc2)c1,,94.32,,,
CO[Si](CCCS)(OC)OC,,,,,1.825
O=CC(Br)(Br)Br,,,,,3.448
C=CCO,,,,,2.958
Cc1ccccc1C(=O)N=C1NCCS1,,,,,2.383
CCCN(CC)S(=O)(=O)CCNC(=O)N(CCCl)N=O,,,,,3.119
CCCCn1c(=O)n(CCC)c(=O)c2c(NC)n(C(=O)OC)nc21,,,,,2.1519999999999997
CC(C(=O)[O-])c1cccc(Oc2ccccc2)c1,,,0.1,,
CCC(C)c1cc([N+](=O)[O-])cc([N+](=O)[O-])c1O,,,,,3.983
CCOP(=O)(OCC)OP(=O)(OCC)OP(=O)(OCC)OP(=O)(OCC)OCC,,,,,4.859
CCOP(=S)(OCC)Oc1ccc([N+](=O)[O-])c(Cl)c1,,,,,3.814
C=COCCSC,,,,,1.561
C=C(C)C(=O)OCCSCCCC,,,,,1.582
CC(C)=CCC[C@](C)(O[C@@H]1O[C@@H](CO)[C@@H](O)[C@H](O)[C@H]1O)[C@H]1CC[C@]2(C)[C@@H]1[C@H](O)C[C@@H]1[C@@]3(C)CC[C@H](O)C(C)(C)[C@@H]3C(O[C@@H]3O[C@H](CO)[C@@H](O)[C@H](O)[C@H]3O)C[C@]12C,-6.5883503,,,,
Cc1cc(C(=O)c2ccccc2)ccc1N=Cc1ccc(OCCC(C)C)cc1,,,,,2.41
CC[C@]1(O)C[C@@H]2CN(CCc3c([nH]c4ccccc34)[C@@](C(=O)OC)(c3cc4c(cc3OC)N(C)[C@H]3[C@@](O)(C(=O)OC)[C@H](OC(C)=O)[C@]5(CC)C=CCN6CC[C@]43[C@@H]65)C2)C1,-5.48,,,67.0,
S=C=NCCN=C=S,,,,,3.11
CC(=O)Nc1cccc(N=Nc2ccc(N(C)C)cc2)c1,,,,,1.679
COc1c(OP(=S)(OC)OC)cnn(C)c1=O,,,,,5.05
CN(C)CCc1c[nH]c2ccc(CS(=O)(=O)N3CCCC3)cc12,,,,3.4,
O=C(O)Cc1c(Cl)ccc(Cl)c1Cl,,,,,2.129
CCCCSN(C)C(=O)Oc1cccc2c1OC(C)(C)C2,,,,,3.712
CC(C=O)=Cc1ccccc1,,,,,1.853
ClCCBr,,,,,3.35
Cc1nc(-c2c(Cl)cc(Cl)cc2-c2ccc([C@@H](C)NC(=O)C3(NC(=O)C(F)(F)F)CC3)c(F)c2)no1,-4.6382723,,,,
CC(C)[NH2+]CC(O)COc1ccc(CC(N)=O)cc1,,,0.95,,
CC(=O)CCc1c(OC(=O)c2ccccc2)n(-c2ccccc2)n(-c2ccccc2)c1=O,,,,,2.265
CCCCON=O,,,,,3.094
C[C@@H](O)[C@@H]1NC(=O)[C@H](CCCCN)N(C)C(=O)[C@@H](Cc2c[nH]c3ccccc23)N(C)C(=O)[C@H](Cc2ccccc2)NC(=O)[C@@H]2CCCN2C(=O)[C@H](Cc2ccccc2)NC1=O,-6.742363900000001,,,,
c1coc(-c2nc3ccccc3[nH]2)c1,,,,,2.5660000000000003
CN1CCN(C(=O)Cn2c(=O)sc3ccc(Cl)cc32)CC1,,,,,2.707
CCOc1ccc(C(=O)NCc2ccc(OCCNC)cc2)cc1OCC,,,,,2.094
CCO[C@H](CCC(C)(C)O)[C@](C)(O)[C@H]1CC[C@@]2(O)C3=CC(=O)[C@@H]4C[C@@H](O)[C@@H](O)C[C@@]4(C)C3CC[C@]12C,-4.8600001,,,,
Nc1nc(=O)c2ncn(COCCO)c2[nH]1,-5.9899998,,,,
C=CC1=C(C)/C(=C\c2[nH]c(Cc3[nH]c(/C=C4/NC(=O)C(C)=C4C=C)c(C)c3CCC(=O)O)c(CCC(=O)O)c2C)NC1=O,-6.1314831,,,,
O=C(c1ccccc1)c1cccc2c1CCC2C(=O)O,,,,,3.812
CC(C)OC(=O)C(O)(c1ccc(Br)cc1)c1ccc(Br)cc1,,,,,1.933
C[C@H](Nc1nc(Nc2ncc(C#N)s2)cc(N2CCOCC2)n1)c1ncc(F)cn1,,88.35,,,
CC(C)Cn1c(=O)n(C)c(=O)c2c(C(=O)N3CC(C)(O)C3)c(Cc3ccccc3C(F)(F)F)sc21,,93.1,,,
Cn1c(C(=O)NC2(C(=O)N[C@H](Cc3ccccc3)C(=O)NCCCN3CCOCC3)CCCC2)cc2ccccc21,-4.9723473,,,,
C#CC1(OC(C)=O)CCCCC1C(C)CC,,,,,2.514
CCOC(=O)CSP(=S)(OCC)OCC,,,,,2.394
CCCCCCCCC1OC1CCCCCCCC(=O)OCC1(CC)OC1CCC,,,,,0.975
CC(=O)Nc1ccc(OC(=O)c2ccccc2OC(C)=O)cc1,,,,,1.952
C[NH+](C)CCC=C1c2ccccc2CCc2ccccc21,,,8.7,,
COc1ccc(N)c(OC)c1,,,,,2.519
CCCCCCCCC=CCCCCCCCC(=O)O,,,,,0.5820000000000001
N#Cc1cc(S(=O)(=O)Nc2ncc(Cl)s2)ccc1Oc1ccc(Cl)cc1-c1ccnn1C1CNC1,,99.19,,,
COC(=O)Nc1nc2ccc(C(=O)c3ccccc3)cc2[nH]1,-4.5100002,,,1.1,
CCNC(=S)NCC,,,,,2.622
Cc1ncc(CO)c(C(=O)O)c1O,,,,,1.388
CCC(COc1ccc(C(C)(C)C)cc1)OS(=O)Oc1ccccc1C,,,,,1.372
OCCNCCOc1ccc(C(=C(c2ccccc2)C(F)(F)F)c2ccccc2)cc1,,,,,2.485
O=C(NC1CC1)OCC(O)C1COc2ccccc2O1,,,,,2.27
O=C(c1csc2c1CCCC2)N1CCCCC1,,90.72,,,
CNc1nc(C)c(-c2nc(Nc3cccc(N4CCCCC4)c3)ncc2C#N)s1,,99.81,,,
COc1cc(C(=O)Oc2c(CCC(C)=O)c(=O)n(-c3ccccc3)n2-c2ccccc2)cc(OC)c1OC,,,,,2.236
C=C(C)C1CC=C(C)C(O)C1,,,,,1.705
COCCC#Cc1cccc(C2(c3ccc(OC(F)F)cc3)N=C(N)N3CC(F)(F)CN=C32)c1,,97.71,,,
COC(=O)C1C2CC3c4[nH]c5cc(OC)ccc5c4CCN3CC2CC(OC(=O)c2cc(OC)c(OC)c(OC)c2)C1OC,,,,,3.161
CCCCOCCOCCOCCO,,,,,1.486
CC(=N)N1CC[C@H](SC2=C(C(=O)O)N3C(=O)[C@H]([C@@H](C)O)[C@H]3C2)C1,,,,0.96,
CC(C)C(=O)OCC(C)(C)C(O)C(C)C,,,,,1.83
Cc1ccnc(C)c1,,,,,2.7289999999999996
Cc1c(Cl)c(Br)c(Br)c2[nH]c(C(F)(F)F)nc12,,,,,4.232
Cc1cc(C(C)(C)C)c(O)c(C(C)(C)C)c1,,,,,2.394
CC(=O)N[C@@H](Cc1ccccc1)C(=O)N[C@H](Cc1ccccc1)C(N)=O,-5.6994848,,,,
CCO[Si](CS)(OCC)OCC,,,,,1.916
CC1C(=NOC(=O)N(C)SC(Cl)(Cl)Cl)SCC(=O)N1C,,,,,5.032
CS(=O)(=O)N(SC(Cl)(Cl)C(F)(Cl)Cl)c1ccc(Cl)cc1,,,,,2.458
Cc1ccccc1C(C)c1ccccc1,,,,,2.05
COc1cc2nnc(C(N)=O)c(Nc3cccc(Cl)c3F)c2cc1N1CCN(C)CC1,,92.16,,,
CCCOC(=O)Nc1ccco1,,,,,2.024
[NH3+]C(C(=O)NC1C(=O)N2C(C(=O)[O-])=C(CSc3c[n-]nn3)CSC12)c1ccc(O)cc1,,,0.22,,
NCCCNc1ccc2c(CNCCO)nn3c4c(O)ccc(O)c4c(=O)c1c23,,,,32.0,
CCOC(=O)c1cncn1[C@H](C)c1ccccc1,,,,3.5,
C1CCSC1,,,,,1.702
Cc1ccc(S(=O)(=O)OCCCl)cc1,,,,,2.673
NC(=O)CCl,,,,,2.8310000000000004
CO[C@@]1(NC(=O)CSC(F)F)C(=O)N2C(C(=O)[O-])=C(CSc3nnnn3CCO)CO[C@@H]21,,,0.19,,
CC[C@]1(O)C(=O)OCc2c1cc1n(c2=O)-c2cc3ccccc3nc2C1,-4.3318486,,,,
CCOP(=O)(OC=CCSCC)OCC,,,,,5.229
CCOC(=O)Cc1ccc(-c2ccccc2)cc1,,,,,2.795
C[NH2+]CCCN1c2ccccc2CCc2ccccc21,,,15.0,,
CCCCNCC(O)COc1ccc(-c2c(-c3ccccc3)c(=O)oc3cc(OC)ccc23)cc1,,,,,2.9760000000000004
CCCSP(C)(=S)Oc1ccccc1,,,,,3.073
CN(C)S(=O)(=O)c1c(Cl)c(Cl)c(Cl)c2[nH]c(C(F)(F)F)nc12,,,,,4.92
Cn1cncc1CN1CC(N(CCn2cccc2)S(=O)(=O)c2ccccn2)Cc2cc(C#N)ccc21,-4.9099998,,,,
Cc1cc(-c2ccc(-c3nc4ccncc4c(O)c3C#N)cc2)ccn1,,99.59,,,
O=C(O)c1cc(O)c(O)c(OC(=O)c2cc(O)c(O)c(O)c2)c1,,,,,2.154
CN1CCC(=C2c3ccccc3CCc3sccc32)CC1,,,,,2.858
O=CN1CCCCC1,,,,,2.106
CC(=O)Nc1ccc2ccn(-c3cc(NC4CC4)n4ncc(C#N)c4n3)c2c1,,98.61,,,
COP(N)(=S)Oc1ccc(C(C)(C)C)cc1Cl,,,,,2.5540000000000003
CCCOP(=S)(OCCC)OP(=S)(OCCC)OCCC,,,,,2.925
COc1ccc2c3c1OC1C(=O)CCC4(O)C(C2)[NH+](C)CCC314,,,2.5,,
CCc1nnc(CSP(=S)(OC)OC)o1,,,,,3.2289999999999996
CC(=O)Nc1nc2c(Oc3cc(-c4ccc(C(F)(F)F)cc4)ncn3)cccc2s1,,99.9,,,
Clc1ccc(Cc2ccc(Cl)cc2)cc1,,,,,2.375
CNC(=S)NCCSCc1nc[nH]c1C,,,,,2.214
CC(=O)N[C@H](CC(C)C)C(=O)NCCc1ccccc1,-4.513246499999998,,,,
CC(C)CC(NC(=O)CN)C(=O)OC[C@@H]1O[C@H](n2cc(F)c(=O)[nH]c2=O)C[C@H]1O,-5.2006745,,,,
COC(=O)CCC(Br)C(C)=O,,,,,2.57
COP(=O)(OC)SC(CC(=O)OC(C)C)C(=O)OC(C)C,,,,,3.455
CC(Cl)CCC(C)Cl,,,,,1.588
COc1cc(C(=O)NC[C@@H](O)CN2CCC(Oc3ccc(Cl)c(Cl)c3)CC2)ccc1N,,99.68,,,
COc1ccc2nc(S(=O)Cc3ncc(C)c(OC)c3C)[nH]c2c1,,,0.2,,
CC(C)NC(=N)NC(C)C,,,,,1.6969999999999998
O=C1CC(c2ccccc2)Oc2cc(O)cc(O)c21,,,0.8,,
CC(O)(C(=O)Nc1ccc(S(=O)(=O)N2CCCC2)cc1)C(F)(F)F,,78.01,,,
O=C1CCc2cc(C=CCN3CCN(c4cccc(Cl)c4)CC3)ccc2N1,,,,,2.883
O=C1CCc2cc(C(=O)CCCN3CC=C(c4ccccc4)CC3)ccc2N1,,,,,2.8739999999999997
CCOP(=S)(OCC)Oc1ccc(N)cc1,,,,,2.764
CON(C(=O)CSP(=S)(OC)OC)C(C)C,,,,,3.043
O=C(O)COC(=O)Cc1ccccc1Nc1c(Cl)cccc1Cl,-4.4099998,,,,3.435
CC(C)CCOC=O,,,,,1.072
O=c1[nH]c([C@@H]2CCCN2)nc2c1oc1ccc(Br)cc12,,94.9,,,
CN(C(=O)CO)c1c(I)c(C(=O)NCC(O)CO)c(I)c(C(=O)NCC(O)CO)c1I,,,0.23,,
O=C(O)CCc1nc2ccccc2[nH]1,,,,,2.049
COc1c(OP(=S)(Oc2cnn(C)c(=O)c2OC)OC(C)C)cnn(C)c1=O,,,,,3.636
CC(C)COCC(C)O,,,,,1.489
CCC(C)C(C)(COC(N)=O)COC(N)=O,,,,,2.302
COc1cccc2c1C(=O)c1c(O)c3c(c(O)c1C2=O)C[C@@](O)(C(=O)CO)C[C@@H]3O[C@H]1C[C@H](N)[C@H](O)[C@H](C)O1,,,,32.0,
CCc1ccc(C)cc1O,,,,,2.41
CC(=O)C1CCC2C3CCC4CC(O)CCC4(C)C3CCC12C,,,2.0,,
CCOc1cc(CC(=O)NC(CC(C)C)c2ccccc2N2CCCCC2)ccc1C(=O)[O-],,,0.35,,
CCNC(=O)OCCSCSP(=S)(OC)OC(C)C,,,,,4.611000000000001
N=C(N)N1CCC[C@@H](CNC(=O)C[C@H](NS(=O)(=O)c2ccc3ccccc3c2)C(=O)N(CC(=O)O)C2CC2)C1,,,,1.9,
CC(C)NCC(O)c1ccc(O)c(O)c1,,,,0.41,2.775
O=C(CI)NC(=O)CI,,,,,2.735
C#CCN,,,,,1.849
ClCC1OC1CCl,,,,,2.298
C=C(F)CO,,,,,2.767
CC[C@H](C)[C@H](N)C(=O)O[C@@H]1C[C@@H](n2cc(F)c(=O)[nH]c2=O)O[C@H]1CO,-5.5599999,,,,
CCOC(=O)CCC(=O)CC1(O)C2(Cl)C3(Cl)C4(Cl)C(Cl)(Cl)C5(Cl)C3(Cl)C1(Cl)C5(Cl)C42Cl,,,,,3.4219999999999997
C[NH+]1C2CCC1CC(=C1c3ccccc3CSc3ccccc31)C2,,,11.85,,
FC(F)(F)N=C1SC(=Nc2ccccc2)N(c2ccccc2)C1=NC(F)(F)F,,,,,2.287
COP(N)(=S)OC,,,,,2.537
COc1ccc(-c2nc(-c3ccccn3)no2)cc1,,97.6,,,
CCCC(=O)OCc1ccccc1,,,,,1.884
CCCCCCCCCCOc1c(OC)cc(C(N)=O)cc1OC,,,,,2.311
O=C(O)c1nc(Cl)ccc1Cl,,,,,1.65
Cc1cc(C)n(CCO)c(=O)n1,,,,,1.646
O=C(NO)C1(CS(=O)(=O)c2ccc(Oc3ccc(Cl)cc3)cc2)CCOCC1,,98.0,,,
CN1C(=O)NC(=O)C(C)(C2=CCCCC2)C1=O,,,1.1,4.9,
O=C(O)CCC1(CCC(=O)O)c2ccccc2-c2ccccc21,,,,,2.161
CCN(C(=O)c1ccc(-c2ccc(Cl)cc2)o1)c1ccc(N2CCNCC2)cc1,,95.82,,,
CCCCOC(=O)c1ccccc1Nc1cccc(C(F)(F)F)c1,,,,,2.82
NCCCNCCCNCCCNCCCN,,,,,2.394
C=CC(=O)OCCOCCOCCOCCOC(=O)C=C,,,,,2.57
CC(C(=O)OC1CC[N+](C)(C)CC1)(c1ccccc1)N1CCCCC1,,21.99,,,
CCOC(=O)C1CC2C=CC1C2,,,,,1.588
CC(=O)SCCCCCCSC(C)=O,,,,,2.667
COc1ccc2ncc(=O)n(CCN3CC[C@H](NCc4ccc5c(n4)NC(=O)CO5)[C@H](O)C3)c2c1,,86.32,,,
COc1ccc2cc(C(C)C(=O)O)ccc2c1,,99.7,,,2.8080000000000003
Cc1[nH]nc(Cl)c1[N+](=O)[O-],,,,,2.6639999999999997
CCCNC(=O)C(C)Nc1ccc(OCC)cc1,,,,,1.921
O=C1c2ccccc2C(=O)C1c1ccccc1,,,,,3.135
COP(=O)(OC)OC(=C(Cl)Cl)c1ccc(Cl)cc1Cl,,,,,3.526
CC1(C)SCN(C(=O)C2(Oc3ccc(Cl)cc3)CCCCC2)C1C(=O)O,,,,,1.961
CCC=CCC=O,,,,,1.7990000000000002
CN(C)C(=O)n1c(Br)nc(Br)c1Br,,,,,3.876
O=C(NC1(C(=O)N[C@H](Cc2ccccc2)C(=O)NCCC(=O)N2CCN(CC3CCOCC3)CC2)CCCC1)c1cc2ccccc2s1,-5.5693183,,,,
CNC(=O)ON=C1COCS1,,,,,3.556
CCOC(=O)Cc1cccc2ccccc12,,,,,1.777
FC(F)(F)c1nc2c(Cl)c(Cl)c(Cl)cc2[nH]1,,,,,5.28
CC(=O)OC1(C)CC(C)C(=O)C(C(O)CC2CC(=O)NC(=O)C2)C1,,,,,6.332000000000001
COc1ccc(-c2nc3c4ccccc4ccc3n2C(C)C)cc1,,,,,1.324
Cc1cc(Cl)ccc1OCCCC(=O)O,,,,,2.5269999999999997
CCc1ccc(C)nc1,,,,,2.518
CC(=O)Nc1ccccc1,,,,,2.228
O=S(=O)(Nc1ncns1)c1cc(F)c(Oc2ccc(Cl)cc2-c2ccnn2C2CNC2)cc1F,,98.0,,,
CCNc1nc(Cl)nc(NC(C)(C)C)n1,,,,,2.095
CNCCCC1c2ccccc2C=Cc2ccccc21,,,,,3.04
CN(Sc1ccccc1)C(=O)Oc1cccc2c1OC(C)(C)C2,,,,,4.12
O=c1oc(-c2ccccc2)nc2ccccc12,,,,,2.145
COc1ccc2ncc(F)c(CCN3CCC(NCc4cc5c(cn4)OCCO5)CC3)c2n1,,82.72,,,
CSC(C)(C)C=NOC(=O)N(C)SN1CCOCC1,,,,,5.409
CN(C(=O)c1c([O-])c2ccccc2n(C)c1=O)c1ccccc1,,,0.21,,
O=C(O)C(c1ccccc1)N1CCO[C@H](CN2CCC(Oc3ccc(Cl)c(Cl)c3)CC2)C1,,99.36,,,
O=C(NC1(C(=O)N[C@H](Cc2ccccc2)C(=O)NCCCN2CCOCC2)CCCC1)c1cc2ccccc2o1,-5.2209244,,,,
O=C(CN1CCN(CCc2ccccc2)CC1)NN=Cc1ccc([N+](=O)[O-])o1,,,,,3.3310000000000004
C[NH+](CCC(=O)/C=C/c1ccc(O)cc1)CCc1ccc2c(c1)OCO2,,,2.13,,
Fc1cc(F)c2[nH]c(C(F)(F)F)nc2c1F,,,,,5.02
COc1ccnc(C[S+]([O-])c2nc3cc(OC(F)F)ccc3[nH]2)c1OC,,,,1.9,
CC[C@H](CO)Nc1nc(SCc2ccccc2)nc2[nH]c(=O)sc12,,99.84,,,
O=C(NC[C@@H](O)CN1CCC(Oc2ccc(Cl)c(Cl)c2)CC1)c1c[nH]c(=O)c2cc(F)ccc12,,98.92,,,
CCOC(=O)c1ccc([N+]([O-])=Cc2ccc(N(CC)CC)cc2)cc1,,,,,2.833
O=C(CS)OCCOC(=O)CS,,,,,2.804
COc1cc(Nc2nc(N[C@@H](C)c3ncc(F)cn3)nc(N3CCOCC3)c2Cl)n[nH]1,,92.16,,,
CCC(C)CCCCCl,,,,,1.307
Cc1ccc2c(=O)c3cccc(CC(=O)OC4OC(C(=O)O)[C@@H](O)[C@@H](O)[C@@H]4O)c3oc2c1C,-6.52,,,,
Clc1cn[nH]c1,,,,,2.289
CC(=O)Oc1ccc(Br)cc1C(=O)O,,,,,2.36
N#CCCN1C(=O)C(O)N=C(c2ccccc2F)c2cc(Cl)ccc21,,,,,2.01
CCC#N,,,,,3.15
COP(=O)(OC)SCN1C(=O)c2ccccc2C1=O,,,,,3.78
NC(=O)c1csc([C@@H]2O[C@H](CO)[C@@H](O)[C@H]2O)n1,,,,5.9,
Cc1cc(Nc2nc(N[C@@H](C)c3ccc(F)cn3)c(C#N)nc2C)n[nH]1,,82.72,,,
CC(=O)NCc1cccc(C(=O)O)c1,,83.04,,,
CC(C)(C)OC(=O)N1CCC(OCc2nc(-c3ccncc3)no2)CC1,,99.16,,,
CCOP(=O)(OC=C(Cl)Cl)OCC(Cl)CCl,,,,,3.702
CCCCCc1cc(O)c2c(c1)OC(C)(C)C1CC=C(C)CC21,,,,,2.563
Fc1cc(Br)c2nc(C(F)(F)F)[nH]c2c1,,,,,4.7
CCCC(C)(C)O,,,,,2.31
CNC(=O)Oc1ccccc1C1CCCC1,,,,,3.069
N=C(N)NCCC[C@H](NC(=O)[C@@H]1CCCN1C(=O)[C@@H]1CSSCCC(=O)N[C@@H](Cc2ccc(O)cc2)C(=O)N[C@@H](Cc2ccccc2)C(=O)N[C@@H](CCC(N)=O)C(=O)N[C@@H](CC(N)=O)C(=O)N1)C(=O)NCC(N)=O,,,,3.0,
O=C1CCc2cc(-c3cncc4ccccc34)ccc2N1,,96.42,,,
CC[NH+](CC)CCNC(=O)c1ccc(N)cc1,,,2.2,,
CCC(C)CC(C)C=C(C)C1OC(c2c(O)c(C3C(O)C(O)C(O)C3O)cn(C)c2=O)CC=C1C,,,,,4.993
C[C@@H]1[C@H]2C3=CC[C@@H]4[C@@]5(C)CC[C@H](O)C(C)(C)[C@@H]5CC[C@@]4(C)[C@]3(C)CC[C@@]2(C(=O)O)CC[C@H]1C,-5.5500002,,,,
COCCn1cc(C(C(=O)NS(=O)(=O)c2ccc(C)cc2OC)c2ccc3c(c2)OCO3)c2ccc(COC)cc21,-5.7979398,,,,
O=c1[nH]c2nc[nH]c(=O)c2[nH]1,,,,,1.937
Cc1ccccc1O,,,,,2.951
CCCCC(O)(Cn1cncn1)c1ccc(Cl)cc1Cl,,,,,2.157
C=C(C)CC#N,,,,,2.177
CCC(=O)OC1CCC2C3CCC4=CC(=O)CCC4(C)C3CCC12C,,,,,2.537
C=C(Cl)C(Cl)CCl,,,,,2.67
O=C1Cc2cc(CCN3CCN(c4nsc5ccccc45)CC3)c(Cl)cc2N1,,99.9,1.0,3.1,
CC1=NC(c2cccc(-c3cncc(Cl)c3)c2)(C2CC2)N=C1N,,93.53,,,
CC1(C)C2CCC1(C)C(O)C2,,,,,1.425
O=C(O)[C@@H](Cc1ccccc1)N1CCC(CN2CCC(Oc3ccc(Cl)c(Cl)c3)CC2)CC1,,68.63,,,
CNC(=O)Oc1ccc(C)c2c1OC(C)(C)C2,,,,,4.292
CCC(CC)NC(=O)c1cn(-c2ccccc2)nc1NS(=O)(=O)c1ccc(C)cc1,,99.87,,,
CC(O)COC(=O)C=CC(=O)O,,,,,1.669
Cc1[nH]c(=O)[nH]c(=O)c1CO,,,,,1.495
CCOc1cc(Oc2ccc(C(F)(F)F)cc2Cl)ccc1[N+](=O)[O-],,,,,1.859
CC(CN(C)C)CN1c2ccccc2Sc2ccccc21,,,,,3.153
O=C1C(CC[S+]([O-])c2ccccc2)C(=O)N(c2ccccc2)N1c1ccccc1,,99.31,,6.2,
O=C1NC(=O)C(=O)C(=O)N1,,,,,1.436
CC1(C)CCCO1,,,,,1.399
Nc1ccc(N=Nc2ccc(S(=O)(=O)O)cc2)cc1S(=O)(=O)O,,,,,1.383
CC([NH3+])(Cc1ccc(O)c(O)c1)C(=O)[O-],,,0.69,,
CC(C)CCOC(CO)CC(C)C,,,,,1.5419999999999998
CO[C@H]1C[C@@H]2CC[C@@H](C)[C@@](O)(O2)C(=O)C(=O)N2CCCC[C@H]2C(=O)O[C@H]([C@H](C)C[C@@H]2CC[C@@H](O)[C@H](OC)C2)CC(=O)[C@H](C)/C=C(\C)[C@@H](O)[C@@H](OC)C(=O)[C@H](C)C[C@H](C)/C=C/C=C/C=C/1C,-4.96,,,,
CC1=COC(C)(C=O)CC1,,,,,1.756
CNC(=O)Oc1cc(C)c(C)c(C)c1,,,,,3.036
CCCCC(CC)C(=O)OC1=C(c2c(C)cc(C)cc2C)C(=O)c2ccccc21,,,,,4.388
CC(C)(C)c1cc(C(C)(C)C)c(O)c(C(C)(C)C)c1,,,,,2.1959999999999997
CCOP(=S)(OCC)OC(C)CC,,,,,3.669
N=C(NO)c1cccc(CC(CC(=O)N2CCC(C(=O)O)CC2)NS(=O)(=O)c2ccc3ccccc3c2)c1,-7.3677616,,,,
CC(O)COC(C)COC(C)CO,,,,,1.807
N#Cc1ccc(C(F)(F)F)nc1O[C@H](CCN)c1ccno1,,44.27,,,
FC(F)(F)c1nc2ccccc2[nH]1,,,,,3.823
COP(=S)(OC)SC(CCl)N1C(=O)c2ccccc2C1=O,,,,,3.66
Cc1cc(=O)n(CSP(=S)(OC(C)C)OC(C)C)nc1Cl,,,,,3.528
CN[C@@H](C)C(=O)N[C@H](C(=O)N[C@H]1CCCN(CCc2ccccc2OC)C1)C(C)(C)C,,74.25,,,
COC(C)C=O,,,,,1.972
COS(=O)(=O)c1ccccc1,,,,,2.367
CCCCCCCc1ccc(O)cc1O,,,,,2.205
Cc1ccccc1OCC(O)CN(N=CNC(=O)c1ccccc1)C(C)C,,,,,2.1
C=CC(=O)OCCOCCOCCOC(=O)C=C,,,,,2.713
CN1C(=O)CC(N2CCCN(CCCN3c4ccccc4COc4ccc(C(=O)O)cc43)CC2)N(C)C1=O,-5.5,,,,
COC1=C2CC(C)CC(OC)C(O)C(C)C=C(C)C(OC(N)=O)C(OC)C=CC=C(C)C(=O)NC(=CC1=O)C2=O,,,,,2.351
O=S(=O)(SC(Cl)(Cl)Cl)C(Cl)Cl,,,,,1.916
CCNC(=O)Nc1ncc([N+](=O)[O-])s1,,,,,2.002
FC(F)(F)c1nc2c(Br)c(Cl)c(Br)c(Cl)c2[nH]1,,,,,5.08
COc1ccc(SC#N)c([N+](=O)[O-])c1,,,,,1.774
CCCC(C)(C)C[C@H](c1ccc(C(=O)O)c(Oc2cccc(Cl)c2)c1)N1CCC[C@H](n2cc(C)c(=O)[nH]c2=O)C1,,99.01,,,
C[NH+](C)CCNC(=O)c1cccc2cc3ccccc3nc12,,,3.41,,
O=C(OCC1CCC2OC2C1)C1CCC2OC2C1,,,,,1.75
COc1cccc2c1cc([N+](=O)[O-])c1c(C(=O)O)cc3c(c12)OCO3,,,,,3.268
C=CCOC(=O)C(=C)C,,,,,2.467
CCOP(=S)(Cl)OCC,,,,,2.148
O=C(O)CC(O)c1ccc(-c2ccc(Cl)cc2)o1,,,,,2.035
CC1(C)Cc2cccc(OC(=O)NCSc3ccc(C(C)(C)C)cc3)c2O1,,,,,3.489
CC(=O)c1ccc(N2CC(CO)OC2=O)cc1,-4.1799998,,,,
C1C2CC3OC3C2CC2OC12,,,,,1.852
C[C@@H]1O[C@@H](Oc2c(-c3ccc(O)c(O)c3)oc3cc(O)cc(O)c3c2=O)[C@H](O)[C@H](O)[C@H]1O,-6.0999999,,,,
O=C(C=Cc1ccccc1)NO,,,,,1.882
CN1CCC23NC(=O)CC(c4cc(Cl)ccc4O2)C3C1,,,,,2.325
CC(=O)Oc1cc(C(F)(F)F)ccc1C(=O)O,,,,,2.79
Cc1ncc([N+](=O)[O-])n1CC(O)CCl,,,1.16,,2.0909999999999997
CNCCC(=O)N[C@H](c1cc(C)ccc1N1CCN(C(=O)[C@H](C)Cc2ccc(Cl)cc2)CC1)C(C)C,-4.9204097,,,,
CCOP(=O)(OCC)C(O)(C(F)F)C(F)F,,,,,4.897
CNC(=O)ON=CC1(C)SC(C)C(C)S1,,,,,4.997
ClCc1ccccc1,,,,,2.012
COP(=O)(NC(C)=O)SC,,,,,2.418
Cc1ccccc1N1C(=O)c2cc(S(N)(=O)=O)c(Cl)cc2N[C@H]1C,-5.3049202000000015,,,,
O=C(NCc1cccc(F)c1)NC1CCN(Cc2ccn(-c3ccc(C(F)(F)F)cc3)c2)CC1,,97.32,,,
CN(C)CCCN1c2ccccc2Sc2ccc(C(F)(F)F)cc21,,,,,3.28
CCCCc1c(OC(=O)c2cccs2)n(-c2ccccc2)n(-c2ccccc2)c1=O,,,,,2.552
CSC(C)=NOC(=O)N(C)SN(C(C)C)P1(=S)OCCCO1,,,,,2.81
Cc1nc(N(C)C)nc(OC(=O)N(C)C)c1C,,,,,3.377
FC(F)(F)c1ccccc1Br,,,,,1.918
O=c1cc(-c2ccccc2)ccn1-c1ccc2c(cnn2CCN2CCCC2)c1,,83.04,,,
Cc1ccc(C(=O)c2ccc(CC(=O)O)n2C)cc1,,99.72,,,2.944
NC(=O)C(=Cc1ccc([N+](=O)[O-])o1)c1ccco1,,,,,2.2030000000000003
CNCC(O)c1cccc(O)c1,,,,,2.679
ClC=CCl,,,,,2.1
OCC(CO)NC1CC(O)(CO)C(O)C(O)C1O,,,,,1.126
O=C1C[C@H]2OCC=C3CN4C[C@H](O)C56c7ccccc7N1[C@@H]5[C@H]2[C@H]3CC46,-4.6001629999999984,,,,
CCNc1nc(NC(C)(C)C)nc(SC)n1,,,,,2.072
CC#Cc1cncc(-c2csc([C@]3(C)CC(=O)N(C)C(=N)N3)c2)c1,,88.11,,,
CC(C)=CC1CC(C)CCO1,,,,,1.555
CC(OC1OCCN(Cc2n[nH]c(=O)[nH]2)C1c1ccc(F)cc1)c1cc(C(F)(F)F)cc(C(F)(F)F)c1,,,0.94,,
CC1(NC(N)=O)CCCC1,,,,,2.074
Cc1cc(-n2cccc2)c(S(C)(=O)=O)cc1C(=O)NC(=N)N,,,1.1,,
O=C([O-])c1cc(-c2ccc(F)cc2F)ccc1O,,,0.1,,
NC1CCC2C3CCC(C3N)C12,,,,,2.191
CC(C)C(O)C(C)(C)CO,,,,,1.864
O=C(CCCCC(=O)OCC1CCC2OC2C1)OCC1CCC2OC2C1,,,,,1.922
CCCCNC(N)=O,,,,,1.966
CC(=Cc1ccccc1)CC(=O)N(CCO)CCO,,,,,2.244
O=c1[nH]c2ccccc2o1,,,,,2.286
O=C(O)COc1ccc([N+](=O)[O-])cc1-c1ccccc1,,99.59,,,
CCCCCCCCCC(=O)N[C@@H](Cc1c[nH]c2ccccc12)C(=O)N[C@H](CC(N)=O)C(=O)N[C@@H](CC(=O)[O-])C(=O)N[C@@H]1C(=O)NCC(=O)N[C@@H](CCC[NH3+])C(=O)N[C@@H](CC(=O)[O-])C(=O)N[C@H](C)C(=O)N[C@@H](CC(=O)[O-])C(=O)NCC(=O)N[C@H](CO)C(=O)N[C@@H]([C@H](C)CC(=O)[O-])C(=O)N[C@@H](CC(=O)c2ccccc2N)C(=O)O[C@@H]1C,,,0.09,,
O=c1cc(-c2ccc(O)cc2)oc2cc(O[C@@H]3O[C@H](CO)[C@@H](O)[C@H](O)[C@H]3O[C@@H]3OC[C@](O)(CO)[C@H]3O)cc(O)c12,-7.119999900000002,,,,
Nc1nc(NC2CC2)c2ncn([C@H]3C=C[C@@H](CO)C3)c2n1,,,,1.0,
c1ccc(C2=NCOCS2)cc1,,,,,2.441
O=C1C[C@@H](c2ccc(O)c(O)c2)Oc2cc(O)cc(O)c21,-5.2800002,,,,
O=S(=O)(c1ccccc1)N(CC(F)(F)F)c1ccc(C(O)(C(F)(F)F)C(F)(F)F)cc1,,99.56,,,
CNC(=O)Oc1ccc(Cl)c2c1OC(C)(C)C2,,,,,3.013
Cc1nn(C)c(=O)c2noc(C)c12,,,,,2.253
CC(C)(C)CC(C)(C)c1ccc(O)cc1,,,,,1.652
CN1CCN(CC(=O)N2c3ccccc3C(=O)Nc3cccnc32)CC1,,24.03,,,
O=C1c2cccc(Br)c2C(=O)C1c1ccccc1,,,,,2.607
CCc1oc(O)c(Cc2c(O)c(CC=C(C)C)c(O)c(C(C)=O)c2O)c(=O)c1C,-4.71,,,,
CC(C)=CCN1Cc2cc(Cl)cc3[nH]c(=S)n(c23)C[C@@H]1C,,,21.98,,
CCCCCCCOCCOCCO,,,,,1.842
CSc1nnc(C2(C)CC2(Cl)Cl)c(=O)n1N,,,,,2.365
CCCCCCCCCCCCNCC(C)N,,,,,2.937
O=C(NCc1ccc(F)c(OC(F)(F)F)c1)C1c2ccccc2C(=O)N1CCc1ncc(F)cn1,,96.79,,,
NC(=O)c1ncn(C2OC(CO)C(O)C2O)n1,,,14.0,,1.956
CCCCCCCCOC(=O)Oc1ccc([N+](=O)[O-])cc1[N+](=O)[O-],,,,,3.24
O=C1c2ccccc2C(=O)c2c1ccc(C(=O)O)c2[N+](=O)[O-],,,,,2.1719999999999997
O=C(OC1C[NH+]2CCC1CC2)N1CCc2ccccc2C1c1ccccc1,,,8.2,,
C#CCN(C)C1CCc2ccccc21,,,,,2.87
O=C([O-])Cc1ccccc1Nc1c(Cl)cccc1Cl,,,0.22,,
CC(=O)CCC1C(=O)N(c2ccccc2)N(c2ccccc2)C1=O,,,,,2.651
CNC(=O)[C@@H](NC(=O)[C@H](OCc1ccccc1)[C@H](O)[C@@H](O)[C@@H](OCc1ccccc1)C(=O)N[C@H]1c2ccccc2C[C@H]1O)C(C)C,-5.8499999,,,,
Nc1c(Cl)cc(C(=O)NC2CC2)cc1Cl,,,,,3.159
C[NH2+]CCC=C1c2ccccc2CCc2ccccc21,,,22.0,,
CC(=O)C=CC(C)C,,,,,1.895
O=C(O)CNCP(=O)(O)O,,,,,1.54
CCOCCOC(C)=O,,,,,1.659
COc1ccc2cc1Oc1ccc(cc1)CC1c3c(cc4c(c3Oc3cc5c(cc3OC)CCN(C)C5C2)OCO4)CCN1C,-4.1877432,,,,2.482
CC(=O)Oc1ccccc1,,,,,1.922
C#CC(=O)C=CC,,,,,3.122
CN(C)C(=O)Oc1ccc(C[C@H](NC(=O)[C@H]2N(S(=O)(=O)c3cnn(C)c3)CSC2(C)C)C(=O)OCC(C)(C)C)cc1,-5.3400002,,,,
CC(O)C1C(=O)N2C(C(=O)[O-])=C(SC3Cn4cnc[n+]4C3)C(C)C12,,,0.2,,
CCc1cnn2c(NCc3ccc[n+]([O-])c3)cc(N3CCCC[C@H]3CCO)nc12,,90.12,,,
SCc1ccccc1,,,,,2.401
O=C(O[C@@H]1C[C@@H]2C[C@H]3C[C@H](C1)N2CC3=O)c1c[nH]c2ccccc12,,,,0.13,
CCS(=O)CC(C)SP(=O)(OC)OC,,,,,3.403
N=C(NCCCCCCNC(=N)NC(=N)Nc1ccc(Cl)cc1)NC(=N)Nc1ccc(Cl)cc1,,,,,1.74
CCCCN(N=O)C(N)=O,,,,,2.56
COc1ccccc1OCC(O)CO,,,,,2.1180000000000003
C#CC(C)(O)C(O)c1ccccc1,,,,,2.383
CCCOP(=O)(OCCC)Oc1cnn(C)c(=O)c1OC,,,,,4.329
COc1cc(Nc2nc(N[C@@H](C)c3ncc(F)cn3)ncc2Cl)n[nH]1,,87.87,,,
CCCCCCCC(C)=O,,,,,1.648
CCOP(=S)(OCC)SCC(=O)OC,,,,,2.412
O=C(O)COc1cc(Cl)c(Cl)cc1Cl,,,,,2.93
Cc1ccccc1S(N)(=O)=O,,,,,1.546
CCN(CC)CCNC(=O)COc1ccc(Cl)cc1,,,,,2.437
CCCN(N=O)C(N)=O,,,,,2.436
CCC(C)C1NC(=O)C(NC(=O)C(CC(C)C)N(C)C(=O)C2CCCN2C(=O)C(C)=O)C(C)OC(=O)C(Cc2ccc(OC)cc2)N(C)C(=O)C2CCCN2C(=O)C(CC(C)C)NC(=O)C(C)C(=O)C(C(C)C)OC(=O)CC1O,,,13.3,,
CCOP(=S)(CC)Sc1ccccc1C,,,,,3.782
CN(C)N=Nc1ccc(F)cc1,,,,,2.71
Cc1ccc(N=NN(C)C)cc1,,,,,2.616
CC(=O)OCc1ccc(C)cc1,,,,,1.516
ClC(Cl)=C(c1ccc(Cl)cc1)c1ccccc1Cl,,,,,2.5580000000000003
C=CCn1c(N)cc(=O)n(CC)c1=O,,,,,1.929
CCCCC(=O)c1ccc(N)cc1,,,,,3.324
CC1CC2CN(C)CC(C2O)C1N1CCCC1,,,,,2.678
C#CC(C)OC(=O)Nc1cccc(Cl)c1,,,,,1.952
O=C(O)Cc1ccccc1Oc1c(Cl)c(Cl)cc(Cl)c1Cl,,,,,3.082
CC1(C)NC(=O)NC1=O,,,,,1.216
C(=Nc1ccccc1)Nc1ccccc1,,,,,2.013
COc1ccc2c(c1)OC(C)(C)C(c1ccccc1)C2c1ccc(OCCCCl)cc1,,,,,2.9410000000000003
CCCCC(CC)CNCC(CC)CCCC,,,,,2.168
O=C1OC(=O)c2ccc3c4c(ccc1c24)C(=O)OC3=O,,,,,1.5590000000000002
C[C@H]1C(=O)N[C@H](C)C(=O)N[C@H](C)C(=O)N(C)[C@@H](C)C(=O)N[C@H](C)C(=O)N(C)[C@@H](C)C(=O)N1C,-5.8200002,,,,
ClCCOCCOCCCl,,,,,2.8739999999999997
O=[N+]([O-])N=C1NCCN1Cc1ccc(Cl)nc1,,,,,2.795
C[C@H]1C(=O)N(C)[C@H](C)C(=O)N[C@H](C)C(=O)N(C)[C@@H](C)C(=O)N(C)[C@H](C)C(=O)N(C)[C@@H](C)C(=O)N1C,-5.0999999,,,,
COc1ccc(-c2nc3ccc(C4=NNC(=O)CC4C)cc3[nH]2)cc1,,,2.0,,
C#CC1(O)C=CC2C3CCC4=CC(=O)CCC4C3CCC21CC,,,0.46,,
Cc1cc(C(=O)Cn2cc(C(F)(F)F)ccc2=O)c(C)n1Cc1ccccc1,,98.4,,,
N=c1c(S(=O)(=O)c2ccc(Cl)cc2)cc2c(=O)n3ccccc3nc2n1C1CCCC1,,50.0,,,
NC(=O)Cc1cccc2ccccc12,,,,,1.462
C[C@H]1O[C@@H](n2cnc3c(N)nc(OCC4CC45CC5)nc32)[C@H](O)[C@H]1Cl,,95.53,,,
COc1ccc(C=O)cc1OC,,,,,1.92
CCC(O)(c1ccccc1)c1cccc(C(F)(F)F)c1,,,,,2.0980000000000003
Cc1ccc(C(C)C)cc2c(C)ccc1-2,,,,,2.107
CC1=CC(=O)C(C(C)C)CC1,,,,,1.793
O=C(CCCl)OC1=C(OC(=O)CCCl)C(=O)OC1=O,,,,,1.648
CC(C)N=C1SC(=NOC(=O)N(C)SN(C)C(=O)ON=C2SC(=NC(C)C)SC2(C)C)C(C)(C)S1,,,,,3.711
CCCCN1CCCCC1C(=O)Nc1c(C)cccc1C,,,,3.1,
O=C(C(Cl)Cl)C(Cl)(Cl)Cl,,,,,3.0610000000000004
CCOP(=O)(OCC)OC(C)=CSC,,,,,5.205
CC1=C(C(=O)[O-])N2C(=O)C(NC(=O)C([NH3+])c3ccc(O)cc3)C2SC1,,,0.23,,
CC(O)C(C)(C)CO,,,,,1.037
CC(C)NS(=O)(=O)n1c(N)nc2ccc(C(C(N)=O)c3cc(F)ccc3F)cc21,-4.5388007,,,,
CC12CCCCCC(Cc3ccc(O)cc31)C2[NH3+],,,5.6,,
CN1CCNCC1,,,,,1.5490000000000002
CCNP(=S)(OC)Oc1cc(Cl)c(Cl)cc1Cl,,,,,2.8710000000000004
CC1OC(OC2C(O)CC(OC3C(O)CC(OC4CCC5(C)C(CCC6C5CCC5(C)C(C7=CC(=O)OC7)C(OC=O)CC65O)C4)OC3C)OC2C)CC(O)C1O,,,,,4.431
CC(C)N(C(=O)Cn1nc(-c2ccccc2)ccc1=O)C(C)Cc1ccccc1,,,,,2.33
CNN=Nc1ccc(Br)cc1,,,,,2.662
CC(C)(C)S(=O)(=O)N[C@H]1CC[C@H](C(=O)Nc2ccc(C(F)(F)F)cn2)CC1,,95.91,,,
COc1nccnc1NS(=O)(=O)c1ccc(N)cc1,,76.81,,,2.01
CC(=O)Nc1cccc(NC(C)=O)c1,,,,,1.254
CC=Cc1ccc(OC)cc1,,,,,1.851
NC(=O)c1c(F)ccc(OCc2nc3cc(Cl)cnc3s2)c1F,-4.3099999,,,,
C/C=C1/NC(=O)[C@H](Cc2ccccc2)NC(=O)[C@@H](C(C)C)NC(=O)[C@@H]([C@@H](C)CC)NC(=O)[C@H](NC(=O)[C@H](NC(=O)[C@H](CCC[NH3+])NC(=O)[C@H]2CCCN2C(=O)[C@H](NC(=O)[C@@H](NC(=O)[C@@H](NC(=O)[C@H](NC(=O)CCCC(C)C)C(C)C)[C@@H](C)O)C(C)C)C(C)C)[C@@H](C)CC)[C@@H](C)OC(=O)[C@H](C(C)C)NC1=O,,,0.11,,
CCC(C)c1ccccc1OC(N)=O,,,,,2.673
O=C(Nc1nc(-c2ccccc2)cs1)OCC(Cl)(Cl)Cl,,,,,2.806
O=C(Cl)c1ccc(Oc2ccc(C(=O)Cl)cc2)cc1,,,,,1.53
N#CN=C1SCCN1Cc1ccc(Cl)nc1,,,,,2.755
NCCCN,,,,,2.326
CC(CC(C)(C)O)OCCC#N,,,,,1.7280000000000002
Cc1ncc(NC(=O)c2cc(NC(=O)c3cc(F)cc(C(F)(F)F)c3)ccc2Cl)s1,,99.65,,,
COc1cccc(OC)c1C(=O)NC1C(=O)N2C1SC(C)(C)C2C(=O)[O-],,,0.32,,
CC(=O)OCC1CC2OC2CC1C,,,,,1.281
COc1cccc(CNc2nc(NC(C)C)nc3ccsc23)c1OC,,99.73,,,
CCOC(=O)N(C)C(=O)CSP(=S)(OCC)OCC,,,,,4.026
O=S(=O)(c1ccc(O)cc1)c1ccc(O)cc1,,,,,1.74
CS(=O)(=O)NC(=O)c1cc(Oc2ccc(C(F)(F)F)cc2Cl)ccc1[N+](=O)[O-],,,,,2.545
Cc1cc(SCc2ccc[n+]([O-])c2)nc(N)n1,,,,,1.948
CSCC[C@H](N)C(=O)N[C@@H](CCC(=O)O)C(=O)N[C@@H](Cc1cnc[nH]1)C(=O)N[C@@H](Cc1ccccc1)C(=O)N[C@@H](CCCN=C(N)N)C(=O)N[C@@H](Cc1c[nH]c2ccccc12)C(=O)NCC(=O)O,,,0.73,,
C=CCONC(CCC)=C1C(=O)CC(C)(C)C(C(=O)OC)C1=O,,,,,2.156
Cc1cc(O)c2c(=O)c3c(O)cc([O-])c4c5c([O-])cc(O)c6c(=O)c7c(O)cc(CO)c8c1c2c(c34)c(c65)c78,,,0.56,,
NC(=O)c1cnc(N[C@H]2CCCNC2)c2cc(-c3ccc(F)cc3F)sc12,,95.33,,,
CC(C)OCCO,,,,,1.265
CC(=O)C1=C(O)C2C3c4c[nH]c5cccc(c45)CC3C(C)(C)N2C1=O,,,,,3.971
c1ccccc1,,,,,1.3730000000000002
O=C1C(C2OC(CO)C(O)C(O)C2O)=C([O-])/C(=C([O-])/C=C/c2ccc(O)cc2)C(=O)C1(O)C1OC(CO)C(O)C(O)C1O,,,0.2,,
CS(=O)(=O)C(Cl)=CCl,,,,,3.458
CC(C)NCC(O)c1cc(O)cc(O)c1,,,6.03,,1.797
CCOP(=O)(OCC)C(SCC)(Sc1ccccc1)P(=O)(OCC)OCC,,,,,4.279
C[C@@H](CC(=O)OC(C)(C)C)NC(=O)C1=NO[C@@H](C(O)(C(F)(F)F)C(F)(F)F)C1,,82.05,,,
C#CC1(OS(=O)(=O)[O-])CCC2C3CCc4cc(O)ccc4C3CCC21C,,,0.61,,
CC1CC2C3CCC4=CC(=O)C=CC4(C)C3(Cl)C(O)CC2(C)C1(OC(=O)c1ccco1)C(=O)CCl,,,2.2,,
CC(C)(Cc1cccc(CC(=O)NCc2cccc(-c3ccc(O)cc3)c2)c1)NC[C@H](O)c1ccc(O)c(NS(C)(=O)=O)c1,,99.47,,,
CNC(=O)N1C(=O)CN=C(c2ccccc2)c2cc([N+](=O)[O-])ccc21,,,,,2.171
COc1ccccc1C=O,,,,,1.736
O=C(NCCNCC(O)COc1ccc(O)cc1)N1CCOCC1,,,,7.7,
CCOC(C1=NCC(C)(C)CN1)c1ccccc1,,,,,2.45
C[C@H](CO)Nc1nc(SCc2ccco2)nc2[nH]c(=O)sc12,,98.4,,,
Cc1cc(OC2CCN(CC3CCN([C@@](C)(Cc4ccc(F)cc4)C(=O)O)CC3)CC2)ccc1Cl,,78.79,,,
CC(C)(C(=O)O)S(C)(=O)=O,,,,,1.465
CNC(=O)[C@@H](Cc1ccccc1)NC(=O)[C@@H](CC(C)C)NC(C)=O,-5.2142239,,,,
CCC(=O)C1(c2cccc(O)c2)CCN(C)CC1,,,,2.3,
c1nc(NC2CC2)c2ncn(CC3CC3)c2n1,,,,,3.156
CC1CN(CCCCCCCCNC(=O)Oc2ccc3c(c2)C2(C)CCN(C)C2N3C)CC(C)O1,,,,,3.939
Cc1ccc(-c2ncc(C(F)(F)F)[nH]2)cc1NC(=O)c1ccc(OCc2ccccn2)cc1,,98.81,,,
C1CC2OC2C1OC1CCC2OC12,,,,,1.93
C[C@@H]1NC(=O)[C@@H](C)NC(=O)[C@H](C)N(C)C(=O)[C@@H](C)N(C)C(=O)[C@@H](C)N(C)C(=O)[C@H](C)NC1=O,-5.8200002,,,,
O=C1OC(C(O)CO)C([O-])=C1O,,,0.35,,
CCCC(O)CO,,,,,0.914
Brc1nc(Br)c(Br)[nH]1,,,,,3.952
CCC(C)C(=O)OC1CCC2(C)C3CC(O)C4C5(O)C(CC42OC13O)C1CN2CC(C)CCC2C(C)(O)C1C(O)C5OC(=O)C(C)(O)CC,,,,,4.364
CC1(C)[C@@H]2CC[C@@]1(CS(=O)(=O)N1CCN(c3ccc(C(F)(F)F)cn3)CC1)C(=O)C2,,99.08,,,
CC(=O)CCC(C)C,,,,,1.5519999999999998
Cc1nc(NCc2ccccc2)c2cc[nH]c2n1,,,,,3.474
COc1ccc2c(c1)Sc1ccc(C(C)C(=O)O)cc1N2C,,,,,2.631
CNC(=O)Oc1ccc2c(c1)C1(C)CCN(C)C1N2C,,,,,4.787
FC(F)(F)c1nc2c(Cl)cc(Br)cc2[nH]1,,,,,4.67
O=C(O)C(Cl)CCl,,,,,2.532
C=CCNC(=O)ON=C1SCOC1C,,,,,2.679
O=C(O)CNCCNc1ccc(Cl)c(C(=O)NCC23CC4CC(CC(C4)C2)C3)c1,,92.8,,,
CN(C)C=CC#N,,,,,2.0069999999999997
CN1C(=O)CC(=O)N(c2ccccc2)c2cc(Cl)ccc21,,,,,1.7
C=CC(=O)OCCC(C)OC(=O)C=C,,,,,1.7480000000000002
c1ccc2c(NCCCCCCCNc3c4c(nc5ccccc35)CCCC4)c3c(nc2c1)CCCC3,-5.441246499999999,,,,
O=C(CCN1CC1)OCC(CO)(COC(=O)CCN1CC1)COC(=O)CCN1CC1,,,,,1.875
CCC(SC(C)=NOC(=O)NC)C(N)=O,,,,,4.218999999999999
CNC(=O)ON=C(SCC(N)=O)C(C)(C)C,,,,,4.544
O=c1ccc2ccc(O)cc2o1,-4.5710139000000005,,,,
NC1=Nc2ccccc2Sc2cccc(F)c21,,94.32,,,
CCCCC(CC)C(=O)O[Si](C)(OC(=O)C(CC)CCCC)OC(=O)C(CC)CCCC,,,,,2.3169999999999997
C[C@@H]1NC(=O)[C@@H](C)NC(=O)[C@@H](C)NC(=O)[C@H](C)N(C)C(=O)[C@H](C)N(C)C(=O)[C@@H](C)N(C)C1=O,-5.8200002,,,,
CC1OC(O[C@@H]2C=C3CC[C@@H]4[C@H](CC[C@]5(C)[C@@H](c6ccc(=O)oc6)CC[C@]45O)[C@@]3(C)CC2)C(O)C(O)C1O,-6.2299852,,,,
COC(=O)[C@@H]1C2CCC(C[C@@H]1c1ccc(I)cc1)N2CCCF,,79.92,,,
CCP(=O)(OC)Oc1ccc(Cl)cc1,,,,,3.3789999999999996
CCOC(=O)CC,,,,,1.068
CC1CN(C(=O)Cn2c(=O)sc3ccccc32)CC(C)O1,,,,,2.282
CC(C)(C)NCCC(O)c1cc(C(F)(F)F)nc2c(C(F)(F)F)cccc12,,,,,2.276
COc1ccc2c(c1)N(CCN1CCC(NCc3cc4c(cn3)OCCO4)CC1)C(=O)CS2,,90.52,,,
CC12CCC(CC1)C(C)(C)O2,,,,,1.794
Nc1ccc(-c2nc3cc(N)ccc3[nH]2)cc1,,,,,1.652
COc1ncc(-c2cccc3c2C[C@H](NC(=O)c2ccc(OCCC(F)(F)F)nc2)CO3)cn1,,98.67,,,
CNC(=S)NNc1cc(C(F)(F)F)cc(C(F)(F)F)c1,,,,,2.884
CSC(C)=NOC(=O)N(C)SN1CCOCC1,,,,,3.425
CN1C(=O)CC(N2CCN(CC/C=C3/c4ccccc4COc4ccc(C(=O)O)cc43)CC2)N(C)C1=O,-5.0700002,,,,
CN(C)C(=O)CCS[C@H](SCCC(=O)O)c1cccc(/C=C/c2ccc3ccc(Cl)cc3n2)c1,,,,2.3,
CC(C)CC(NC(=O)CNC(=O)c1cc(Cl)ccc1Cl)B(O)O,,,3.61,,
CCCOCC(C)O,,,,,1.6740000000000002
CCOP(=S)(OCC)SCCS(=O)CC,,,,,4.919
CC(=O)NC[C@H]1CN(c2ccc(N3CCOCC3)c(F)c2)C(=O)O1,-4.6788902000000006,22.79,,4.5,
CCN1CCN(c2cc3c(cc2F)c(=O)c(C(=O)O)cn3C2CC2)CC1,,,,,1.857
Cc1nccn1Cc1ccccc1,,,,,2.236
ClCC(Cl)=C(Cl)C(Cl)Cl,,,,,2.685
O=C(Nc1cccc(Br)c1)c1nscc1NCc1ccncc1,-5.2606096,,,,
CC(=O)OCCN(CCOC(C)=O)N=O,,,,,1.64
COC(=O)C(C)NP(=O)(OC[C@@H]1C=C[C@H](n2cc(C)c(=O)[nH]c2=O)O1)Oc1ccc(I)cc1,-5.130000099999998,,,,
CC(C)CCOC(=O)c1ccccc1,,,,,1.482
CC(OC(C)c1ccccc1)c1ccccc1,,,,,1.3630000000000002
Cc1cccc(CN(C)N=O)c1,,,,,2.437
CCCCSC(=O)Oc1c(C(C)CC)cc([N+](=O)[O-])cc1[N+](=O)[O-],,,,,3.385
Cc1ccc(CCC[N+]23CCC(CC2)[C@@H](OC(=O)[C@](C)(c2ccccc2)N2CCCCC2)C3)cn1,,86.05,,,
CCCC(=NOCC)C1=C(O)CC(C2CCCSC2)CC1=O,,,,,1.917
O=C(O)CCC(=O)OCCCCCc1ccc(Cl)cc1,,,,,2.4219999999999997
CCCCOCCOCCCC,,,,,1.729
CC=NN(C)C=O,,,,,2.495
CN(C)CCCN1c2ccccc2Sc2ccccc21,-4.380000099999998,89.91,,7.9,
Cc1c(N)nc([C@H](CC(N)=O)NC[C@H]([NH3+])C(N)=O)nc1C(=O)N[C@H](C(=O)N[C@H](C)[C@@H](O)[C@H](C)C(=O)N[C@H](C(=O)NCCc1nc(-c2nc(C(=O)NCCC[S+](C)C)cs2)cs1)[C@@H](C)O)[C@@H](O[C@@H]1O[C@@H](CO)[C@@H](O)[C@H](O)[C@@H]1O[C@H]1O[C@H](CO)[C@@H](O)[C@H](OC(N)=O)[C@@H]1O)c1cnc[nH]1,,,9.43,,
Cc1ccc(Nc2ccc(Nc3ccc(C)cc3)c3c2C(=O)c2ccccc2C3=O)cc1,,,,,2.0580000000000003
C[C@H]1CN(Cc2nnc(-c3cc(-c4cccc5[nH]ccc45)cc4[nH]ncc34)o2)C[C@@H](C)O1,,98.09,,,
O=Cc1ccc2c(c1)OCO2,,,,,1.745
O=C1CCCCC1C1CCCCC1,,,,,1.557
Cn1c([N+](=O)[O-])cnc1COC(N)=O,,,,,1.77
Cc1cc(-n2cnc3ccc(N[C@@H](C)c4ncc(F)cn4)nc32)n[nH]1,,61.31,,,
O=[N+]([O-])c1cc(Cl)c2nc(C(F)(F)F)[nH]c2c1,,,,,4.43
CNC1C(O)C([NH2+]C)C2OC3(O)C(=O)CC(C)OC3OC2C1O,,,0.13,,
COc1ccc2c(c1OC)C(=O)OC2C1c2c(cc3c(c2OC)OCO3)CCN1C,,,,,2.435
CCO[Si](CNCCCCCCN)(OCC)OCC,,,,,2.767
CNCC[C@@H](Oc1ccccc1C)c1ccccc1,,,,5.2,
C=CC(=O)OCCOCCC#N,,,,,2.1790000000000003
FC(F)(F)c1nc2cc(-c3ccccc3)ccc2[nH]1,,,,,3.58
CNC(=O)ON=C(C)SC,,,,,3.98
C[C@H]1O[C@@H](n2cnc3c(N)nc(OC(C4CC4)C(F)(F)F)nc32)[C@H](O)[C@@H]1O,,65.06,,,
CC(C)N(CCCNC(=O)OCc1ccccc1)C[C@H]1O[C@@H](n2cnc3c(N)ncnc32)[C@H](O)[C@@H]1O,,66.1,,,
O=C(CN1CCOCC1)NN=Cc1ccc([N+](=O)[O-])o1,,,,,2.827
O=c1[nH]c(=O)n(C2CC(O)C(CO)O2)cc1Br,,,,,1.5630000000000002
O=C(CCCCCCC(=O)Nc1ccccc1)NO,-5.629466099999999,,0.5,0.76,
CN(c1cccc(CO)c1)c1ccnc(Nc2cc(N3CCOCC3)cc(N3CCOCC3)c2)n1,,90.32,,,
F[Si](F)(F)c1ccccc1,,,,,2.719
O=C1OC2CCCC1O2,,,,,1.355
CC(C)(OOC(C)(C)c1ccccc1)c1ccccc1,,,,,1.819
c1ccc(N(c2ccccc2)c2ccccc2)cc1,,,,,1.885
CCCSc1nc(N)c2ncn([C@@H]3O[C@H](CO)[C@@H](O)[C@H]3O)c2n1,,51.73,,,
N#CCCNc1ccccc1,,,,,1.493
CN1CC(CC(C#N)C(N)=O)CC2c3cccc4[nH]cc(c34)CC21,,,,,2.508
CC(C)(C)CC(=O)Nc1c(F)cc(C(=O)Nc2nccs2)cc1F,-4.059999899999998,,,,
CCCN,,,,,2.2030000000000003
CC(C)Cc1c(C(=O)C(N)=O)c2c(OCC(=O)O)cccc2n1Cc1ccccc1,,96.87,,,
CC(NCCNC(C)c1ccccc1)c1ccccc1,,,,,2.318
O=C(NCC12CC3CC(CC(C3)C1)C2)c1cc(CN2C[C@@H]3C[C@H]2CN3)ccc1Cl,,90.32,,,
CC(C(N)=O)(c1ccccc1)c1ccc(N)cc1,,,,,2.177
O=c1[nH]c2ccccc2n1CCCN1CCC(n2c(=O)[nH]c3cc(Cl)ccc32)CC1,,96.65,,7.5,1.91
NC1=C(Cl)C(=O)c2ccccc2C1=O,,,,,2.184
CC(C)c1ccc2c(c1)CCC1C(C)(C(=O)O)CCCC21C,,,,,2.245
CCC(=O)NC[C@H]1CN(c2ccc(-n3cc(C#N)cn3)c(F)c2)C(=O)O1,-4.3099999,,,,
O=C(Nc1cc(Cl)cc(Cl)c1O)c1c(O)c(Cl)cc(Cl)c1Cl,,,,,2.6039999999999996
NC(=O)Nc1ccccc1,,,,,1.833
N#CC(Cl)Cl,,,,,2.523
FC(F)(F)c1nc2c(Cl)c(Cl)c(Br)cc2[nH]1,,,,,5.08
Cc1cnc(N/C(O)=C2/C(=O)c3ccccc3S(=O)(=O)N2C)s1,-4.7058601,,,,
CC1(C)C[C@@H]1C(=O)N/C(=C\CCCCSC[C@H](N)C(=O)O)C(=O)O,,,,0.86,
CC(C)c1noc(C2CCN(c3ncnc(Nc4ccc(S(C)(=O)=O)cc4F)c3[N+](=O)[O-])CC2)n1,,99.01,,,
CC(=O)OC=CCOC(C)=O,,,,,3.023
C=CCOCC1CO1,,,,,1.853
O=C([O-])CCCc1ccc(N(CCCl)CCCl)cc1,,,0.26,,
Nc1cc2c(cc1C1CCCCC1)CCC2C(=O)O,,,,,3.681
CCOC(C1=NCCCN1)c1cccc(Cl)c1,,,,,2.5610000000000004
N#Cc1c(Cl)cccc1Cl,,,,,1.803
CCCCOC(=O)COC(=O)c1ccccc1C(=O)OCCCC,,,,,1.682
CC(C)Oc1cc(Nc2nc(N[C@@H](C)c3ccc(F)cc3)nc(NC(CO)CO)c2Cl)n[nH]1,,96.42,,,
C1COCCN1,,,,,1.919
C=C(OP(=O)(OCC)OCC)c1ccc(Cl)cc1Cl,,,,,2.327
O=C([O-])Cn1c(=O)c(=O)[nH]c2cc([N+](=O)[O-])c(-n3ccnc3)cc21,,,0.19,,
O=C(Oc1cc(C(=O)Oc2cc(C(=O)OC3C(OC(=O)c4cc(O)c(O)c(O)c4)CC(O)(C(=O)O)CC3OC(=O)c3cc(O)c(O)c(O)c3)cc(O)c2O)cc(O)c1O)c1cc(O)c(O)c(O)c1,,,,,2.411
CCCC1OCC(CC)([N+](=O)[O-])CO1,,,,,2.0069999999999997
O=C1C[C@@H]2OCC=C3CN4CC[C@]56c7ccccc7N1[C@H]5[C@H]2[C@H]3C[C@H]46,-4.5086198,,,,
CC(=O)N[C@H](Cc1ccccc1)C(=O)NCCc1ccccc1,-4.4210458,,,,
CC(=O)OCCc1ccccc1,,,,,1.651
COS(=O)(=O)OC,,,,,2.7889999999999997
COc1ccc([N+](=O)[O-])cc1CNCCCl,,,,,3.941
CNC(=O)Oc1ccccc1CCCSC,,,,,3.037
CN(C)C(=O)Oc1c(Cl)c(Cl)cc2[nH]c(C(F)(F)F)nc12,,,,,3.921
FC(F)(F)C(=NOCC1OCCO1)c1ccc(Cl)cc1,,,,,2.665
CO/N=C(\C(=O)NC1C(=O)N2C(C(=O)[O-])=C(CSc3nc(C)c(CC(=O)[O-])s3)CSC12)c1csc(N)n1,,,0.05,,
CS(=O)(=O)N[C@H](Cc1ccccc1)C(=O)N1CCC[C@H]1C(=O)NCC1CCN(C(=N)N)CC1,-6.561124799999999,,,,
CCCCCCOC(=O)CC#N,,,,,1.42
CCCCC(C)=O,,,,,1.587
O=C([O-])C(Cl)Cl,,,0.19,,
CCS(=O)(=O)c1ccc(-c2cc(Cl)ccc2OCC(=O)O)c(C(F)(F)F)c1,,98.47,,,
Cc1c(CC(=O)O)c2cc(F)ccc2n1S(=O)(=O)c1ccc(S(C)(=O)=O)cc1,,92.32,,,
CC(Oc1ccccc1)C(=O)NC1C(=O)N2C1SC(C)(C)C2C(=O)[O-],,,0.3,,
Cc1cc(F)ccc1Oc1cccc2c(=O)cc(N3CCOCC3)[nH]c12,,98.81,,,
CN1CCN(CCCN2c3ccccc3Sc3ccc(C(F)(F)F)cc32)CC1,,99.19,,,
Nc1nc2c(Cc3cccnc3)c[nH]c2c(=O)[nH]1,,,1.2,,
CCCCCN(CCCOC)C(=O)C(CCC(=O)O)NC(=O)c1ccc(Cl)c(Cl)c1,,,,5.2,
CSCO[C@H]1C[C@H]2OC[C@@]2(OC(C)=O)C2[C@H](OCc3ccccc3)[C@]3(O)CC(OC(=O)[C@H](O)[C@@H](NC(=O)c4ccccc4)c4ccccc4)C(C)=C([C@@H](OC(C)=O)C(=O)[C@@]21C)C3(C)C,,,,32.0,
NS(=O)(=O)c1cc2c(cc1Cl)NC(C(Cl)Cl)NS2(=O)=O,,,,,1.832
CC(C#N)N1CCOCC1,,,,,3.207
CC1=C(CO)C2=C(C)C3(CC3)C(C)(O)C(=O)C2=C1,,,3.1,,
FC(F)(F)c1cccc(N=Cc2cccnc2)c1,,,,,2.495
S=c1[nH]cnc2[nH]cnc12,,,1.0,,
CCN(CC)P(=O)(c1ccccc1)n1ccnc1,,,,,2.545
O=C(NCc1ccc(OC(F)(F)F)cc1)C1c2cccc(O)c2C(=O)N1CCc1ncc(F)cn1,,98.21,,,
N#CCCCCC#N,,,,,2.844
CC1=NN(c2ccc(C)cc2)C(=O)C1,,,,,1.403
CN1CC[C@H](c2c(O)cc(O)c3c(=O)cc(-c4ccccc4Cl)oc23)[C@H](O)C1,,,,5.2,
Nc1nc2c(ncn2COC(CO)CO)c(=O)[nH]1,-6.1012278,,1.0,,
COc1cc(C=CC(=S)N2CCOCC2)cc(OC)c1OC,,,,,2.379
COP(=S)(Cl)OC,,,,,2.4730000000000003
CC(CN1CC(=O)NC(=O)C1)N1CC(=O)NC(=O)C1,,,0.55,,
C=CN(C)C(C)=O,,,,,1.544
O=[N+]([O-])c1ccc(O)c([N+](=O)[O-])c1,,,,,3.788
Clc1cccc(Cl)c1NC1=[NH+]CCN1,,,3.3,,
CCCCCCCCCCCCOC(=O)c1cc(O)c(O)c(O)c1,,,,,1.831
CC(C)C(Br)C(=O)OCC(Cl)(Cl)Cl,,,,,2.319
CC(C)C(O)(c1ccc(OC(F)(F)F)cc1)c1cncnc1,,,,,2.6439999999999997
C#CCN1CCC2=C(C1)c1c(O)cc(C(C)C(C)CCCCC)cc1OC2(C)C,,,,,2.643
[O-][N+]1=C(c2ccccc2)c2cc(Cl)ccc2N=C(NCC2CC2)C1,,,,,1.888
CCOc1ccc(N)cc1,,,,,2.374
O=C(CO)c1coc(=O)c2c(O)cccc12,,,,,2.945
Cc1ncc(CO)c(CO)c1O,,,0.66,,1.626
CC(=O)NCC1CN(c2ccc(C(C)=O)cc2)S(=O)N1C,-5.119999900000002,,,,
CCCCCCCC(=O)NO,,,,,1.173
O=C1C2C3C=C(C(O)(c4ccccc4)c4ccccn4)C(C3=C(c3ccccc3)c3ccccn3)C2C(=O)N1Cc1ccccn1,,,,,5.064
Cc1ccc(-n2nc(C(C)(C)C)cc2NC(=O)Nc2ccc(OCCN3CCOCC3)c3ccccc23)cc1,,99.66,,,
CC1(C)CC(=O)C(N)C(C)(C)N1,,,,,2.267
COP(=S)(OC)OC1CCCCC1,,,,,1.888
Cc1ccc(N(CC2=NCCN2)c2cccc(O)c2)cc1,,,,,2.352
NCCCOCCCCOCCCN,,,,,1.7719999999999998
CCOC(C1=NCCCN1)c1ccccc1,,,,,2.1519999999999997
O=S1(=O)CCCCO1,,,,,2.435
CC1(C)C(C(=O)OC(C#N)c2cccc(Oc3ccccc3)c2)C1(C)C,,,,,4.288
Nc1nccs1,,,,,2.319
CCOCN(C(=O)CO)c1c(C)cccc1CC,,,,,2.02
CC(C)(C)OCC1CO1,,,,,1.814
C=CCOC=O,,,,,2.842
Cc1nc2c([nH]1)-c1ccccc1N(C(=O)c1ccc(NC(=O)c3ccccc3-c3ccccc3)cc1)CC2,,,0.76,,
C=C(C)C1CC=C(C)CC1,,,,,1.491
O=C(O)CCNC(=O)c1ccccc1,,,,0.59,
CCOc1ccc([N+](=O)[O-])cc1CNCCCl,,,,,4.015
CCC(=O)CC,,,,,1.605
CN[C@@H]1[C@H](O[C@H]2[C@H](O[C@@H]3[C@@H](N=C(N)N)[C@H](O)[C@@H](N=C(N)N)[C@H](O)[C@H]3O)O[C@@H](C)[C@]2(O)C=O)O[C@@H](CO)[C@H](O)[C@H]1O,,,,4.3,
Cc1cc(C(=O)Nc2ccccc2)c(C)o1,,,,,3.5269999999999997
CCOP(=S)(CC)SCN1C(=O)c2ccccc2C1=O,,,,,4.372
O=C(NCc1ccccn1)c1cc(-c2ccccc2)nc2ccccc12,,98.7,,,
CCN(CC)CCS(=O)(=O)C1CCN2C(=O)c3coc(n3)CC(=O)CC(O)/C=C(C)/C=C/CNC(=O)/C=C/C(C)C(C(C)C)OC(=O)C12,,,0.39,,
O=[N+]([O-])c1ccc(F)cc1F,,,,,2.901
CCOP(=O)(CC)OCC,,,,,1.853
CN1CCN=C(c2ccccc2)c2cc(Cl)ccc21,,,,,2.478
CC(C)NC[C@H](COc1ccc(CCOCC2CC2)cc1)OC(=O)C1CC1,-4.52,,,,
COc1ccccc1CN(C(C)=O)c1cnccc1Oc1ccccc1,,93.1,,,
C[C@H]1CN(Cc2cc(Cl)ccc2OCC(=O)O)CCN1C(=O)Cc1ccc(Cl)cc1,,98.13,,,
Cc1cc(NC(=O)C2=C(O)c3ccccc3S(=O)(=O)N2C)no1,,,,33.0,
CCC1NC(=O)C2C(Cl)C(Cl)CN2C(=O)C(CO)NC(=O)CC(c2ccccc2)NC(=O)C(CO)NC1=O,,,,,5.059
COc1ccc(-c2nc3c(NCCCNC(=O)c4cccnc4)c(Br)cnc3[nH]2)cc1,,98.7,,,
ClC1=C(Cl)C2(Cl)C3C(Cl)CCC3C1(Cl)C2(Cl)Cl,,,,,2.273
Clc1cccc(SCc2nnn[nH]2)c1,,,,,2.013
CN(C)c1nc(NC[C@H]2CC[C@H](CNS(=O)(=O)c3ccc(Br)cc3OC(F)(F)F)CC2)nc2ccccc12,,99.95,,,
Nc1ccc(Cl)cc1,,,,,2.614
CNC(=O)Oc1cc(C)ccc1C(C)C,,,,,2.6180000000000003
CC(C)(C)c1ccc2[nH]c(C(F)(F)F)nc2c1,,,,,3.84
O=C(CN1CCN(c2ccccc2)CC1)NN=Cc1ccc([N+](=O)[O-])o1,,,,,2.8539999999999996
CN1C(=O)[C@H](O)C[C@H]1c1cccnc1,,,,5.9,
C[C@@H]1NC(=O)[C@@H](C)N(C)C(=O)[C@H](C)N(C)C(=O)[C@@H](C)NC(=O)[C@@H](C)N(C)C(=O)[C@H](C)NC1=O,-5.8200002,,,,
CCCCCCCCCCCCNC(N)=S,,,,,2.388
CC(C)c1cccc(C(C)C)c1,,,,,1.341
CCOP(=S)(SC(C)CC)N(C=O)CC,,,,,3.449
CCCCC=CC=CC=CCCCCCCCC(=O)OC,,,,,1.767
COC1C=COC2(C)Oc3c(C)c(O)c4c(O)c(c(C=NN5CCN(C)CC5)c(O)c4c3C2=O)NC(=O)C(C)=CC=CC(C)C(O)C(C)C(O)C(C)C(OC(C)=O)C1C,,,,,2.719
COCCOP(=O)(OCCOC)OCCOC,,,,,1.207
CO/N=C(/C(=O)NC1C(=O)N2C(C(=O)[O-])=C(C)CSC12)c1csc(N)n1,,,0.28,,
CCCO,,,,,1.507
Cc1ccccc1C(=O)Nc1ccc(C(=O)N2CCCC(O)c3cc(Cl)ccc32)c(C)c1,,,0.5,,
O=c1cc(-c2ccccc2)oc2cc(O)cc(O)c12,-5.0105972,,,,
CC(C=O)Cc1ccc(C(C)C)cc1,,,,,1.6980000000000002
CCOCCOCCOCC,,,,,1.514
CCOCC(=O)Nc1ccc(C(=O)c2ccccc2)cc1C,,,,,2.115
CC(=O)Nc1cccc2c3c([nH]c12)CCCC3,,,,,1.771
CC(C)N1CCN(Cc2cnc(-c3cc(-c4cccc5[nH]ccc45)cc4[nH]ncc34)o2)CC1,,97.0,,,
CCCCc1oc2ccc([N-]S(C)(=O)=O)cc2c1C(=O)c1ccc(OCCC[NH+](CCCC)CCCC)cc1,,,20.0,,
CCOP(=O)(NC(C)C)Oc1ccc(SC)c(C)c1,,,,,4.579
c1ccc(-c2nnn[nH]2)cc1,,,,,1.886
CCCSc1ccc2nc(NC(=O)OC)[nH]c2c1,,95.43,,,
CC(C)OC(=O)CCCCCCN,,,,,1.67
O=C(CF)NNc1ccccc1,,,,,4.2669999999999995
CC1(c2ccccc2)OC(C(=O)O)=CC1=O,,,,,1.862
CC(=O)c1ccc2c(c1)N1C(=O)OCC1CC2,-4.0100002,,,,
CCc1cc2c(s1)N(C)C(=O)CN=C2c1ccccc1Cl,,,,,2.339
CCOC(=O)CCC(=O)OCC,,,,,1.31
O=[N+]([O-])c1cncn1CCN1CCOCC1,,,,,2.167
C1=Cc2ccccc2CC1,,,,,1.664
C=CC(=O)OCCCCCCOC(=O)C=C,,,,,1.656
CCC[NH+](CCC)CCc1cccc2c1CC(=O)N2,,,7.7,,
O=C1c2ccc3c4c(ccc(c24)C(=O)C1(Cl)Cl)CC3,,,,,1.4380000000000002
CCCCOC(NC(=O)c1ccccc1O)C(Cl)(Cl)Cl,,,,,1.652
CC(Oc1ccc(Oc2ncc(Cl)cc2Cl)cc1)C(=O)N1CCCO1,,,,,2.884
Nc1cc(Cl)ccc1Cl,,,,,1.747
Cc1nc(C(=O)[C@H](C)Oc2ccc(SCCCCCc3ccccc3)cc2)sc1CCCC(=O)O,,99.3,,,
CCCCOC(=O)c1ccccc1O,,,,,2.0580000000000003
Clc1nc(Cl)c(Cl)[nH]1,,,,,4.1930000000000005
C[NH+]1CCN2c3ccccc3Cc3ccccc3C2C1,,,13.75,,
Cc1cn([C@H]2C=C[C@@H](CO)O2)c(=O)[nH]c1=O,-5.3483939000000005,,,1.4,
CCOP(=S)(OCC)ON1C(=O)c2cccc3cccc(c23)C1=O,,,,,2.864
CCOC=CC(OCC)OCC,,,,,1.85
O=C1CC2(CCCC2)CC(=O)N1CCCCN1CCN(c2ncccn2)CC1,,77.62,,,
Cc1ccc(C)c([N+](=O)[O-])c1,,,,,1.7919999999999998
CC(=O)c1ccc2c(c1)N(CCCN1CCN(C)CC1)c1ccccc1S2,,,,,2.7689999999999997
OC(CNc1ccccn1)c1ccccc1,,,,,2.452
CNC(=O)ON=C1SCOC1C,,,,,4.2
FC(F)OC(Cl)C(F)(F)F,,,,,1.587
CC(Cc1ccccc1)OC(N)=O,,,,,2.2119999999999997
CCOc1nnc(CSP(=S)(OC)OC)s1,,,,,2.594
COc1ccc(N)cc1OC,,,,,2.352
Cc1ccc(NCCCc2ccccc2)cc1,,,,,2.149
[O-][n+]1c2c([n+]([O-])c3ccccc31)CCCC2,,,,,2.2030000000000003
CCOP(=S)(OCC)SCc1nnc(OCCOC)s1,,,,,3.988
COc1c(F)c(F)c2[nH]c(C(F)(F)F)nc2c1F,,,,,4.97
CCCCCC(=O)NO,,,,,1.6130000000000002
COc1ccc2c(=O)c(C)c(C)oc2c1CN1CCOCC1,,,,,3.838
CC1=NC(=O)C(CC[NH+](C(C)C)C(C)C)(c2ccccc2)C2CCCCN12,,,0.58,,
CCC[C@@H]1C[C@@H](C(=O)N[C@H]([C@@H](C)O)[C@H]2O[C@H](SC)[C@H](O)[C@@H](O)[C@H]2O)N(C)C1,,,,5.6,
C=CCOCC(CC)(CO)CO,,,,,1.548
CCCCCOc1ccc(-c2cc(-c3ccc(C(=O)NC4CC(O)C(O)NC(=O)C5C(O)C(C)CN5C(=O)C(C(O)CC(N)=O)NC(=O)C(C(O)C(O)c5ccc(O)c(OS(=O)(=O)[O-])c5)NC(=O)C5CC(O)CN5C(=O)C(C(C)O)NC4=O)cc3)no2)cc1,,,0.21,,
O=C(CCl)c1ccc(O)cc1,,,,,2.87
CCOP(=O)(OCC)SCc1nnc(OC)s1,,,,,4.1160000000000005
NC(=O)CCCCC1CCSS1,,,,,2.016
CCNc1nc(=O)nc(NC(C)(C)C(=O)O)[nH]1,,,,,2.485
O=P(N1CC1)(N1CC1)N1CC1,,,,,3.67
CC(Cl)Cl,,,,,2.135
CC=Cc1ccc(OCc2ccccc2)c(OC)c1,,,,,1.715
C[C@@H](c1ncncc1F)[C@](O)(Cn1cncn1)c1ccc(F)cc1F,,46.55,,5.6,
NC1=NC(=O)C(c2ccccc2)O1,,,,,2.6060000000000003
O=C(OCCc1ccccc1)c1ccccc1,,,,,1.656
CCN(CC)CCSC(=O)N(c1ccccc1)c1ccccc1,,,,,2.948
CCOC(=O)[C@H](CCc1ccccc1)N[C@@H](C)C(=O)N1CCC[C@H]1C(=O)O,-5.6719999,,,,
CO[Si](CCCCl)(OC)OC,,,,,1.471
CC(CC(c1ccccc1)c1ccccc1)NC(C)(C)C,,,,56.0,
c1cc(OCC2CO2)cc(OCC2CO2)c1,,,,,1.937
CCOc1cc2nnc(C(N)=O)c(Nc3cccc(Cl)c3F)c2cc1N1CCN(C)CC1,,98.09,,,
CCCCCCC(=O)NO,,,,,1.6569999999999998
CCC(C)(C)c1ccc(O)c(C(C)(C)CC)c1,,,,,2.8510000000000004
CC(C(=O)O)c1ccc2c(c1)C(=O)c1ccccc1CO2,,,,,3.3369999999999997
OCCOc1ccc(Cl)cc1Cl,,,,,2.167
CCOC(=O)CC(=O)OC(Br)C(Cl)(Cl)Cl,,,,,2.12
CCN(CC)CCNC(=O)c1ccc(NC(C)=O)cc1,,,,6.4,
Cc1ccc2c(-c3cccc(O)c3)nc(=O)n(C(C)C)c2c1,,,,,2.266
CC1(Cn2ccnn2)C(C(=O)[O-])N2C(=O)CC2S1(=O)=O,,,0.26,,
COP(=O)(SC)c1ccccc1,,,,,3.563
O=C(NS(=O)(=O)c1ccc(F)cc1)N1CCC(N2CCC(Oc3ccc(Cl)c(Cl)c3)CC2)CC1,,80.65,,,
NS(=O)(=O)c1cc(C(=O)O)cc(N2CCCC2)c1Oc1ccccc1,,,,1.3,1.811
O=C1c2ccccc2C(=O)C1C(=O)C(c1ccccc1)c1ccc(Cl)cc1,,,,,5.252000000000001
COc1ccc2c3c1O[C@H]1C[C@@H](O)C=C[C@@]31CCN(C)C2,,,,5.3,
C=CCOc1ccccc1C(=O)N(C)C,,,,,2.443
N=C(N)Nc1nc(CSCCC(=N)NS(N)(=O)=O)cs1,,,1.2,,
Nc1[nH]ncc1-c1cc(Cl)ccc1Oc1cc(F)c(S(=O)(=O)Nc2cscn2)cc1Cl,,99.76,,,
NC1CC(NC(=O)C(O)CC[NH3+])C(OC2OC(CO)C(O)C([NH3+])C2O)C(O)C1OC1OC(C[NH3+])C(O)C(O)C1O,,,0.16,,
CCC=C(C)CO,,,,,1.3090000000000002
CCCOP(=S)(OC)SCN1C(=O)c2ccccc2C1=O,,,,,3.5839999999999996
CC(C)CNC(=S)NCC(C)C,,,,,2.372
NC1CCCC(N)C1,,,,,2.467
C1CN1,,,,,3.458
CCOC(=O)C1(c2ccccc2)CCC=CC1[NH2+]C,,,2.5,,
O=C1Nc2ccccc2B(O)N1c1ccccc1,,82.05,,,
CC(=O)Nc1ccc2c(c1)N(c1cc(NC3CC3)n3ncc(C#N)c3n1)CCC2,,97.38,,,
CCC(=O)OC(Cc1ccccc1)(c1ccccc1)C(C)C[NH+](C)C,,,12.0,,
CN(C)CCNC(=O)c1ccc(Nc2ncc3cc(-c4ccncc4)ccc3n2)cc1,,98.89,,,
CNCCC#N,,,,,1.571
CCC(C)CC(C)CCCCCCCCC(=O)NC1CC(O)C(NCC[NH3+])NC(=O)C2C(O)CCN2C(=O)C(C(O)CC[NH3+])NC(=O)C(C(O)C(O)c2ccc(O)cc2)NC(=O)C2CC(O)CN2C(=O)C(C(C)O)NC1=O,,,0.13,,
CC(=O)N[C@@H](Cc1ccccc1)C(=O)N(C)[C@H](Cc1ccccc1)C(=O)N(C)[C@@H](Cc1ccccc1)C(N)=O,-4.922927400000002,,,,
CCCCC(=O)N(Cc1ccc(-c2ccccc2-c2nnn[nH]2)cc1)[C@H](C(=O)O)C(C)C,-6.2600002,99.78,,9.5,
CN1CC[C@]23C(=O)C[C@@H]4C(=CCO[C@H]5CC(=O)N(c6ccccc62)[C@@H]3[C@@H]54)C1,-4.5816798,,,,
O=[N+]([O-])C1(Br)COCOC1,,,,,2.668
COc1cc(S(C)=O)ccc1-c1nc2ccncc2[nH]1,,,1.67,,
CC(C)(c1ccc(Oc2ccc(N)cc2)cc1)c1ccc(Oc2ccc(N)cc2)cc1,,,,,3.125
Oc1ccccc1S,,,,,2.8510000000000004
CCOP(=S)(OCC)Oc1cnn(C)c(=O)c1OC,,,,,5.091
CNc1c(Br)cnc2[nH]c(-c3cccc(N)c3)nc12,,90.12,,,
CC(=O)c1ccccc1Cl,,,,,1.929
COC(=O)C1CCN(C(=O)CC(Cc2cccc(C(=N)N)c2)NS(=O)(=O)c2ccc3ccccc3c2)CC1,-7.0912943,,,,
Cc1ccc(-c2ccc(N)nn2)cc1NC(=O)c1ccc(OCc2ccccn2)cc1,,94.79,,,
CNC(=O)Oc1ccccc1C1OCCCO1,,,,,3.2230000000000003
CC[C@@H]1OC(=O)[C@@H](C)[C@H](O[C@@H]2C[C@](C)(OC)[C@H](O)[C@@H](C)O2)[C@H](C)[C@H](O[C@@H]2O[C@H](C)C[C@H](N(C)C)[C@H]2O)[C@@](C)(O)C[C@@H](C)/C(=N\OCOCCOC)[C@H](C)[C@@H](O)[C@@]1(C)O,-5.7397189000000015,,,,
O=c1cc(N2CCOCC2)nc2n(Cc3cccc(Cl)c3)ccn12,,89.91,,,
NS(=O)(=O)c1ccc(CCNc2ccc3nnc(-c4ccccc4)n3n2)cc1,,96.79,,,
CCN1CCN(C(=O)N[C@@H](C(=O)N[C@@H]2C(=O)N3C(C(=O)O)=C(CSc4nnnn4C)CS[C@H]23)c2ccc(O)cc2)C(=O)C1=O,,90.12,,1.8,
CCOP(=S)(OCC)OCCS(=O)CC,,,,,3.438
CC(=CC(O)(C(F)(F)F)C(F)(F)F)CC(O)(C(F)(F)F)C(F)(F)F,,,,,4.334
CCOC(=S)c1ccc2c(c1)OCO2,,,,,2.258
CN(N=O)c1ccccc1,,,,,2.782
CNC(=O)c1c(I)c(C(=O)NCC(=O)Nc2c(I)c(C(=O)O)c(I)c(C(=O)NCCO)c2I)c(I)c(N(C)C(C)=O)c1I,,,,,1.98
C[Si](Cl)(Cl)CCCC#N,,,,,1.809
CC(C)Oc1cc2ncc(C(N)=O)c(Nc3cccc(Cl)c3Cl)c2cc1N1CCN(C)CC1,,98.61,,,
CCOc1ccc(-n2c([C@@H](C)N(Cc3cccnc3)C(=O)Cc3ccc(OC(F)(F)F)cc3)nc3ncccc3c2=O)cc1,,95.23,,,
O=C1c2ccccc2C(=O)N1CC1CO1,,,,,1.636
CCC=CCC1=C(C)CCC1=O,,,,,1.517
OCC1OC(n2cnc3c2NC=NCC3O)CC1O,,,0.59,,
CCCOP(=S)(OCC)Oc1cnn(C)c(=O)c1OC,,,,,4.605
O=C(COc1ccc(Cl)cc1Cl)OCC=CCCl,,,,,2.753
CCCCC(=O)NS(=O)(=O)c1ccccc1-c1ccc(Cn2c(CCC)nc(CC)c2C(=O)O)c(F)c1,-5.1999998,,,,
C[C@@](C(=O)O[C@H]1C[N+]2(Cc3cc(-c4ccccc4)on3)CCC1CC2)(c1ccccc1)N1CCCCC1,,98.0,,,
O=C(CSc1nc2c(c(=O)n1-c1ccccc1)SCC2)Nc1ccc(-c2ccccc2)cn1,,99.83,,,
COP(=S)(OC)SCSc1cccc(Cl)c1,,,,,3.623
CCCCOC(=S)SC(=S)OCCCC,,,,,2.279
Cc1cccc(Nc2cc(Cl)nc(SCC(=O)O)n2)c1C,,,,,1.892
CC1CCC2(O)C3(C)CC4(O)OC2(C1O)C1(O)C3(O)C(OC(=O)c2ccc[nH]2)C(O)(C(C)C)C41C,,,,,2.818
CCCCc1nc2c(N)nc3ccccc3c2n1CC(C)C,,93.8,,,
O=C(NC[C@@H](O)CN1CCC(Oc2ccc(Cl)c(Cl)c2)CC1)c1c[nH]nc1C(F)(F)F,,97.86,,,
CCc1c(C)[nH]c2c1C(=O)C(CN1CCC3(CC1)OCCO3)CC2,,,,,3.141
C1OC1C1CO1,,,,,3.043
COc1cc(C2(c3cccc(-c4cncnc4)c3)N=C(N)c3c(F)cccc32)ccn1,,95.33,,,
COC(=O)C=Cc1ccccc1,,,,,1.793
CCCCCC(O)C=CC1C(O)CC(O)C1CC=CCCCC(=O)O,,,,,2.481
CCOC(=O)C1=CN(C(=O)OCC)C2CCCC(C)N2C1=O,,,,,2.31
CC[NH+](CC)CC#CCOC(=O)C(O)(c1ccccc1)C1CCCCC1,,,0.85,,
CC[NH+]1CCCC1CNC(=O)c1c(OC)ccc(Br)c1OC,,,0.65,,
Cc1cc(Cl)ccc1OCC(=O)Nc1ccccc1,,,,,1.787
COc1ccc(NC(=O)CCc2c(C)nc3nc(C)nn3c2C)cc1,,82.39,,,
NCC1OC(OC2C(N)CC(N)C(OC3OC(CO)C(O)C([NH3+])C3O)C2O)C([NH3+])CC1O,,,0.23,,
Cc1ccc(Sc2ccccc2CN(C)C)c(N)c1,,89.05,,,
N=C(N)c1cccc(CC(CC(=O)N2CCCCC2C(=O)O)NS(=O)(=O)c2ccc3ccccc3c2)c1,-7.3814997999999985,,,,
Nc1c(Cl)c(Cl)nc(C(=O)O)c1Cl,,,,,1.921
CCCCCCCC(=O)N[C@@H](CCN)C(=O)N[C@H](C(=O)N[C@@H](CCN)C(=O)N[C@H]1CCNC(=O)[C@H](C)NC(=O)[C@H](CCN)NC(=O)[C@H](CCN)NC(=O)[C@H](CC(C)C)NC(=O)[C@@H](Cc2ccccc2)NC(=O)[C@H](CCN)NC1=O)[C@@H](C)O,,94.19,,,
CCOC(=O)CC(=O)OCC,,,,,1.028
C1CC2OC2CC1C1CO1,,,,,1.818
CN(C)N,,,,,2.693
C[C@@H](NC(=O)Cc1ccc(C2CC2)cc1)c1ccc(OCC(F)(F)F)cn1,,99.59,,,
O=C(CCS(=O)(=O)c1ccc(Br)cc1)Nc1ccc2c(c1)OCO2,,98.81,,,
CC(=O)O[C@H]1C[C@@H]2CC[C@@H]3[C@H](CC[C@@]4(C)[C@H]3C[C@H]([N+]3(C)CCCCC3)[C@@H]4OC(C)=O)[C@@]2(C)C[C@@H]1N1CCCCC1.[Br-],,,,1.4,
OC(CCl)CNCCNCC(O)CCl,,,,,2.389
CCP(=O)(OC)SC,,,,,4.269
CCOc1cc2ncc(C(N)=O)c(Nc3cc(C)ccc3F)c2cc1N1CCN(C)CC1,,93.94,,,
CC(C)Oc1ccccc1N1CCN(Cc2cccc(C(=O)N3CCCCC3)c2)CC1,,,1.54,,
CCC=C(C)C=O,,,,,1.359
O=[N+]([O-])c1cc(Cl)cc2[nH]c(C(F)(F)F)nc12,,,,,4.98
O=C(CCS(=O)(=O)c1ccc(Br)cc1)NCc1cccs1,,91.46,,,
O=C1CC(=O)N(c2ccccc2)N1c1ccccc1,,,,,2.4019999999999997
Cc1cc(F)ccc1-n1nc(C(F)(F)F)cc1-c1ccc2c(c1)NC(=O)CO2,,73.81,,,
CN(C)C(=O)NS(=O)(=O)n1c(N)nc2ccc(C(C(N)=O)c3cccc(F)c3)cc21,-4.1700001,,,,
CCOC(C1=NCCCN1)c1c(Cl)cccc1Cl,,,,,2.662
CC(C)=CCC(CCN1CCCCC1)(C(N)=O)c1cccc2ccccc12,,,,,3.806
CC(C)(C)OOC(=O)C(C)(C)C,,,,,1.608
Cc1ccc(-c2cn(C)cn2)cc1NC(=O)c1ccc(OCc2ccccn2)cc1,,90.52,,,
COc1cc2nc(N(C)CCCNC(=O)C3CCCO3)nc(N)c2cc1OC,-5.6399999,,,4.8,
COP(=S)(OC)Sc1ccc(Cl)cc1,,,,,2.73
COC1CC(OC2C(C)C(=O)OC(C)C(C)C(O)C(C)C(=O)C3(CO3)CC(C)C(OC3OC(C)CC([NH+](C)C)C3O)C2C)OC(C)C1O,,,0.77,,
CS(=O)(=O)c1nc(-c2ccc(F)cc2)n(-c2ccc(Cl)cc2)n1,,,,,3.1660000000000004
Nc1ccc(I)cc1,,,,,2.622
CCc1[nH]c(=O)[nH]c1C(=O)c1ccncc1,,,0.65,,
NC1(C(=O)O)CCCC1,,,,,2.6489999999999996
O=C1CC(c2cccc(Br)c2)C(=O)N1,,,,,2.162
CC=Cc1ccccc1,,,,,1.516
CC(C)OC(=O)OOC(=O)OC(C)C,,,,,1.984
Clc1nc(C(Cl)(Cl)Cl)c(Cl)c(Cl)c1Cl,,,,,2.259
CN(C)C(=O)Oc1ccccc1C1SCCS1,,,,,4.226
CCCCC(CC)COC(=O)c1cccc(C(=O)OCC(CC)CCCC)c1,,,,,1.354
OCCN1CCN(CCCN2c3ccccc3Sc3ccc(Cl)cc32)CC1,,98.51,,9.4,3.1039999999999996
Nc1ccc(S(=O)(=O)c2ccc(N)cc2)cc1,,,0.83,22.0,2.395
COC=O,,,,,2.102
COCC(=O)N(c1c(C)cccc1C)N1CCOC1=O,,,,,2.175
CCOc1ccccc1OCC[NH2+]C(C)Cc1ccc(OC)c(S(N)(=O)=O)c1,,,0.21,,
CCOC(C1=NCC(C)(C)CN1)c1ccc(C(C)C)cc1,,,,,3.1180000000000003
COC(=NC#N)OC,,,,,1.881
C=CCOC(Cn1ccnc1)c1ccc(Cl)cc1Cl,,,,,3.117
CCN1CN1CC,,,,,1.399
O=C(Cl)CCCC(=O)Cl,,,,,2.827
N#CC(=Cc1ccc(Cl)cc1Cl)C(=O)O,,,,,3.685
CCOP(=S)(CC)Oc1cc(Cl)ccc1Cl,,,,,4.197
Fc1cc(F)c(F)c(F)c1F,,,,,1.924
CO/N=C(\C(=O)N[C@@H]1C(=O)N2C(C(=O)[O-])=C(C[n+]3cccc4c3CCC4)CS[C@H]12)c1csc(N)n1,,,,1.7,
C1CCCC1,,,,,0.789
CCCCCCCCCCCCc1ccc(S(=O)(=O)Nc2nncs2)cc1,-5.3200002,,,,
C[C@@](C(=O)OC1CC[N+](C)(C)CC1)(c1ccccc1)C1CCCC1,,57.99,,,
CCCCCCCCOC(CBr)c1ccc(C2CCCC2)cc1,,,,,3.1830000000000003
CC(=O)Oc1ccccc1C(N)=O,,,,,1.998
OCC(O)C1CC=CCC1,,,,,2.124
CCCCn1cnnc1,,,,,3.3989999999999996
CCNc1nc(NC(C)C)nc(SC)n1,,,,,2.651
O=C1C(Cc2ccccc2)C(=O)N(c2ccccc2)N1c1ccccc1,,,,,3.062
C=CN(C)N=O,,,,,3.555
CS(=O)(=O)OCCN(CCOS(C)(=O)=O)S(C)(=O)=O,,,,,3.054
CCCN(CCC)CCCCCCCCNC(=O)Oc1ccc2c(c1)C1(C)CCN(C)C1N2C,,,,,4.413
COc1cccc(O)c1,,,,,2.318
C[N+]1(C)[C@H]2C[C@H](OC(=O)C(O)(c3cccs3)c3cccs3)C[C@@H]1[C@H]1O[C@@H]21,,47.7,,,
O=C(O)C(c1ccc(Cl)cc1)c1ccc(Cl)cc1,,,,,2.58
CCN1CCCC1CNC(=O)c1cc(Cl)cc(Cl)c1OCc1ccccc1,,,,,2.85
CCCCN1CC(C)CN=C1C(OCC)c1ccccc1,,,,,2.518
C[Si](Cl)(Cl)Cl,,,,,1.86
CC(COc1ccc(C(C)(C)C)cc1)OS(=O)OCCCl,,,,,1.934
Fc1c(Cl)c(F)c2nc(C(F)(F)F)[nH]c2c1Cl,,,,,5.24
CN(C)C(=S)SSC(=S)NCCNC(=S)SSC(=S)N(C)C,,,,,2.177
Nc1ccc(S(=O)(=O)Nc2ccccn2)cc1,,,,,1.198
NS(=O)(=O)c1ccc(N2N=C(c3ccc(Br)cc3)CC2c2ccc(F)cc2)cc1,,89.49,,,
O=C(Cc1ccccc1)NNCc1ccccc1,,,,,1.983
COc1ccc(C)cc1,,,,,1.804
N#Cc1ccc(Cl)cc1S[C@H](CCN)c1ccccc1,,41.45,,,
COP(=S)(OC)Oc1c(Cl)cc(C)cc1Cl,,,,,1.78
NC1CCCCC1,,,,,2.803
CCOc1ccccc1-c1ccc(-c2nc3ccncc3c(O)c2C#N)cc1,,99.93,,,
CC1(C)C(/C=C/C=C/C=C/C=C2\N(CCCCS(=O)(=O)[O-])c3ccc4ccccc4c3C2(C)C)=[N+](CCCCS(=O)(=O)[O-])c2ccc3ccccc3c21.[Na+],,,,0.065,
CCCC=O,,,,,1.462
O=P(O)(O)C(O)(Cn1ccnc1)P(=O)(O)O,,,,11.0,
CCCCC(C)(C)C(O)C=CC1C(C)CC(=O)C1CC=CCCCC(=O)O,,,,,4.236000000000001
CCC(C)c1cnc2nc(N)nc(N)c2c1C,,,,,3.364
O=[N+]([O-])c1ccc(Cl)c2nc(C(F)(F)F)[nH]c12,,,,,4.38
CCCCCCOCCOC(=O)CCCCC(=O)OCCOCCCCCC,,,,,1.972
COC(=O)CCn1cc(-c2cc(NC3CC3)n3ncc(C#N)c3n2)c2cc(NC(C)=O)ccc21,,98.4,,,
NC(=[NH2+])N1CCCC(CNC(=O)CC(NS(=O)(=O)c2ccc3ccccc3c2)C(=O)N(CC(=O)[O-])C2CC2)C1,,,0.36,,
CC(C(=O)O)c1ccc2c(c1)OCc1ccccc1C2=O,,,,,3.919
CC(C)OP(=S)(OC(C)C)SCn1ncccc1=O,,,,,3.809
O=C(Oc1ccc(Cl)cc1Cl)N1CCCC1,,,,,2.073
CCC1CCC2CN(N=Cc3c4c(O)c5c(O)c(C)c6c(c5c3O)C(=O)C(C)(OC=CC(OC)C(C)C(OC(C)=O)C(C)C(O)C(C)C(O)C(C)C=CC=C(C)C(=O)N4)O6)CCN2C1,,,,,2.394
CC1(C)[C@@H](O[C@@H]2O[C@@H](C(=O)[O-])[C@H](O)[C@@H](O)[C@@H]2O[C@H]2O[C@@H](C(=O)[O-])[C@H](O)[C@@H](O)[C@@H]2O)CC[C@@]2(C)[C@H]1CC[C@]1(C)[C@@H]2C(=O)C=C2[C@@H]3C[C@@](C)(C(=O)[O-])CC[C@]3(C)CC[C@]21C,,,0.05,,
CC1(C)CC2(NC(=O)N(CCCN3CCC(O)CC3)C2=O)c2cc(Cl)ccc2O1,,,,,2.6919999999999997
CCC(C)=NCCCCCCN=C(C)CC,,,,,2.4019999999999997
O=C(CCO)OCCc1ccccc1,,,,,1.396
C=C1C(=CC=C2CCCC3(C)C2CCC3C(C)C=CC(C)C(C)C)CC(O)CC1O,,,,,5.072
Cc1cccc(N=NN(C)C)c1,,,,,2.736
CN(C)CCOC1=Cc2ccccc2Sc2ccc(Cl)cc21,,,,,3.035
CC(C)=NNC(=O)CSc1cc(Oc2ccc(F)cc2)ncn1,,,,,2.944
O=[N+]([O-])c1ccc(-c2ccccc2)cc1,,,,,1.951
CCSC(C)CC=O,,,,,1.645
C[NH2+]CCCC12CCC(c3ccccc31)c1ccccc12,,,45.0,,
CC(C)OC(=O)COc1ccc(Cl)cc1Cl,,,,,2.846
CCC(C)OP(=S)(OC)OC,,,,,3.872
O=C(Cc1ccc(O)c(O)c1)c1ccc(O)c(O)c1O,,,,,2.14
CCN(CC)CCN1C(=O)CN=C(c2ccccc2F)c2cc(Cl)ccc21,,,,,2.688
Cc1ccc(N2CCN(C(=O)[C@H](C)Cc3ccc(Cl)cc3C)CC2)c([C@@H](NC(=O)CCN(C)C)C(C)C)c1,-4.7979398,,,,
CCOP(=O)(OCC)SCS(=O)CC,,,,,5.415
C1=C2CCCNC2C2CC1C1CCCCN1C2,,,,,2.685
COc1ccc(-c2nc(N3CCOCC3)nc(O)c2C#N)cc1,,93.53,,,
CCCC=C(CC)C(=O)O,,,,,1.4
O=C(O)CCC(=O)Nc1ccc(NS(=O)(=O)c2ccc([N+](=O)[O-])cc2)cc1,,,,,2.419
CCC(=O)n1c(=O)n(C2CCN(CCC(C#N)(c3ccccc3)c3ccccc3)CC2)c2ccccc21,,,,,3.543
COc1cc2c(c(OC)c1OC)-c1ccc(OC)c(=O)cc1[C@@H](NC(C)=O)CC2,,,,58.0,
Cc1cc(O)ccc1S(C)(=O)=O,,,,,1.425
CC(=O)OCCOC(C)=O,,,,,1.329
CN(C)S(=O)(=O)CCNC(=O)N(CCCl)N=O,,,,,3.866
O=c1ccc2cc3ccoc3c(O)c2o1,,,,,2.6239999999999997
O=c1cc(-c2cccnc2)[nH]c2cc(C(O)c3ccccc3)ccc12,,97.32,,,
Cc1cccc(OC(C)C)c1N(C)C(=O)CCl,,,,,2.43
CCOC(=O)c1c[n+](CC)c2n(c1=O)C(C)CCC2,,,,,2.292
CC(=O)c1cccc(Oc2ccccc2)c1,,,,,1.7080000000000002
CCCCCCCCCCCCc1ccc(S(=O)(=O)O)cc1,,,,,2.701
CCO[Si](C)(CCP(=O)(OCC)OCC)OCC,,,,,2.481
CCCC(C)=O,,,,,1.731
COC1CC2CCC(C)C(O)(O2)C(=O)C(=O)N2CCCCC2C(=O)OC(C(C)CC2CCC(OC(=O)C(C)(CO)CO)C(OC)C2)CC(=O)C(C)/C=C(\C)C(O)C(OC)C(=O)C(C)CC(C)/C=C/C=C/C=C/1C,,,3.0,,
C=C(C)c1ccc(C(C)(C)N=C=O)cc1,,,,,1.66
CC(CN(C)C)CN1c2ccccc2CCc2ccccc21,,93.1,,23.0,
OC1(c2ccc(Cl)c(Cl)c2)c2ccccc2C2=NCCCCN21,,,,,3.056
CCCCC(C)(O)CC=CC1C(O)CC(=O)C1CCCCCCC(=O)OC,,,,,3.674
CCCN(COC(C)=O)N=O,,,,,2.205
OCCS,,,,,2.505
COc1ccc(CCN2CCC(Nc3nc4ccccc4n3Cc3ccc(F)cc3)CC2)cc1,-5.1500001,97.38,,,
CNC(=O)ON=CC(C)(C)OC,,,,,4.065
CCN(CC)C(=O)C(Cl)=C(C)OP(=O)(OC)OC,,,,,4.574
CCCc1nn(C)c2c(=O)[nH]c(-c3cc(S(=O)(=O)N4CCN(C)CC4)ccc3OCC)nc12,,95.53,,3.9,
N=C(N)NCCCC[C@@H]1NC(=O)CCSSC[C@@H](C(N)=O)NC(=O)[C@@H]2CCCN2C(=O)[C@H](Cc2c[nH]c3ccccc23)NC(=O)[C@H](CC(=O)O)NC(=O)CNC1=O,,,,4.2,
CCCCO,,,,,1.972
Cc1cc(C(=O)NNCc2ccccc2)no1,,,,,2.917
CC1=CCC2CC(CC3(CCC(C)C(C(C)C)O3)O2)OC(=O)C2C=C(C)C(O)C3OCC(=CC=CC(C)C1)C23O,,,,,2.353
COc1ccc2cc(S(=O)(=O)N[C@H](CC(=O)N[C@H](Cc3ccc(CN4[C@@H](C)CCC[C@H]4C)cc3)C(=O)N(C)C(C)C)c3ccc4c(c3)OCO4)ccc2c1,,96.0,,,
Nc1ncnc2[nH]ncc12,,,,,2.982
CCC1C(=O)N(C)c2cnc(Nc3ccc(C(=O)NC4CCC([NH+]5CCN(CC6CC6)CC5)CC4)cc3OC)nc2N1C(C)C,,,80.5,,
Nc1ccc(Cl)cc1[N+](=O)[O-],,,,,2.635
c1ccc(-c2[nH]nc3ccccc23)cc1,,96.93,,,
CC(=O)N[C@H]1[C@H](O[C@@H]2c3ccc(c(Cl)c3)Oc3cc4cc(c3O[C@@H]3O[C@H](CO)[C@@H](O)[C@H](O)[C@H]3NC(=O)CCCCCCCC(C)C)Oc3ccc(cc3Cl)C[C@H]3NC(=O)[C@H](N)c5ccc(O)c(c5)Oc5cc(O)cc(c5)[C@H](NC3=O)C(=O)N[C@H]4C(=O)N[C@H]3C(=O)N[C@@H]2C(=O)N[C@H](C(=O)[O-])c2cc(O)cc(O[C@H]4O[C@H](CO)[C@@H](O)[C@H](O)[C@@H]4O)c2-c2cc3ccc2O)O[C@H](CO)[C@@H](O)[C@@H]1O,,,0.42,,
NS(=O)(=O)c1ccc2[nH]c(C(F)(F)F)nc2c1,,,,,4.101
CC#Cc1cn([C@@H]2O[C@H](CO)[C@@H](O)[C@@H]2O)c(=O)[nH]c1=O,-5.1687455,,,,
CCCc1nc(C)c2c(=O)nc(-c3cc(S(=O)(=O)N4CCN(CC)CC4)ccc3OCC)[nH]n12,,,,4.5,
CC1CCCCOC1=O,,,,,1.133
O=C(Nc1ccccc1F)NC1N=C(c2ccccc2)c2ccccc2NC1=O,,97.38,,,
COc1ccc(CC2c3cc(OC)c(OC)cc3CCN2C)cc1OC,-4.5497985,,,,
C[C@]12CC[C@H]3[C@@H](CCC4=CC(=O)CC[C@@]43C)[C@@H]1CC[C@@H]2C(=O)CO,-4.670000099999998,,,,
CN(C)C(=O)N(C)N=O,,,,,2.738
CCOP(=S)(Oc1ccc([N+](=O)[O-])cc1)c1ccccc1,,,,,4.665
CC(C)(C)C(O)C(Oc1ccc(Cl)cc1)n1cncn1,,,,,2.633
COc1ccc(Oc2cccc(CN3CCCC(n4cc(C)c(=O)[nH]c4=O)C3)c2)cc1,,98.21,,,
Nc1ccc(-c2ccc(N)cc2)cc1,,,,,2.775
CC(C)(C)S(=O)(=O)CC(Cc1ccccc1)C(=O)NC(Cc1c[nH]cn1)C(=O)NC(CC1CCCCC1)C(O)C(O)C1CC1,,,0.77,,
c1ccc(OP(Oc2ccccc2)Oc2ccccc2)cc1,,,,,2.2880000000000003
CC(C)OP(=S)(CCl)Sc1ccc(F)cc1,,,,,3.884
O=C(O)Cc1ccccc1Nc1c(Cl)cc(O)cc1Cl,,,,,3.216
COc1cc2c(cc1OC)-c1c(OC)c(OC)cc3c1C(C2)N(C)CC3,,,,,2.8139999999999996
O=P1(N(CCCl)CCCl)OCCCN1CCCl,,,,,3.205
C[C@H](N[C@@H](CCc1ccccc1)C(=O)O)C(=O)N1CCC[C@H]1C(=O)O,,,,39.0,
N[C@@H](CC(=O)N1CCn2c(nnc2C(F)(F)F)C1)Cc1cc(F)c(F)cc1F,,23.19,,12.0,
COCCOc1ccc(N2CCN(CCn3ncc4c3nc(N)n3nc(-c5ccco5)nc43)CC2)cc1,-5.3499999,,,,
CNC(=O)Oc1c(C(C)C)ccc(C)c1Cl,,,,,2.985
CC(C)OP(=S)(OC(C)C)SCCNS(=O)(=O)c1ccccc1,,,,,3.1660000000000004
Cc1c(COC(=O)C2C(C=C(Cl)C(F)(F)F)C2(C)C)cccc1-c1ccccc1,,,,,3.89
C[C@H](Nc1ncc(Cl)c(Nc2cc(C3CC3)[nH]n2)n1)c1ccc(F)cn1,,96.42,,,
CC(C)c1cccc(C(C)C)c1N,,,,,1.743
CCOP(=S)(OCC)Oc1ccccc1[N+](=O)[O-],,,,,4.066
CS(=O)(=O)N1CCC(NC(=O)NC23CC4CC(CC(C4)C2)C3)CC1,,71.05,,,
Cc1cccc(Nc2ccncc2S(=O)(=O)[N-]C(=O)NC(C)C)c1,,,0.21,,
CC(=O)N1CCN(c2ccc(OC[C@@H]3CO[C@@](Cn4ccnc4)(c4ccc(Cl)cc4Cl)O3)cc2)CC1,-4.7538648,,,,
CCCCC(CC)COC(=O)COc1ccc(Cl)cc1Cl,,,,,3.0460000000000003
C1CCNCC1,,,,,2.3280000000000003
C[Si](C)(C)Cl,,,,,1.351
CN(C)C(=N)Nc1cccc(Cl)c1,,,,,2.597
CN(C)c1ccccc1,,,,,1.934
CC1CS1,,,,,2.465
COP(=S)(OC)OC(C)(C)C1CC=C(C)CC1,,,,,3.0469999999999997
C[C@@H]([C@@H](O)c1ccc(O)cc1)N1CCC(O)(c2ccccc2)CC1,,,,3.7,
CCCC([NH2+]C(C)C(=O)N1C(C(=O)[O-])CC2CCCCC21)C(=O)[O-],,,0.76,,
CN(C)CCCNCCCN(C)C,,,,,2.063
CN(N=O)C(=O)NC(N)=O,,,,,2.511
CCCCCCCCS(=O)CCCCl,,,,,1.625
COC(=S)SSC(=S)OC,,,,,2.951
CCOCCC#N,,,,,1.491
S=C=S,,,,,1.378
OCC1OC(O)C(O)C(O)C1O,,,,,0.8440000000000001
Cc1nc(-c2ccc(Cl)cc2-c2ccc([C@@H](C)NC(=O)C3(NC(=O)C(F)(F)F)CC3)c(F)c2)no1,-4.5086384000000015,,,,
CN1C[C@@H]2c3ccccc3Oc3ccc(Cl)cc3[C@H]2C1,-4.73,,,,
CCN[C@@H]1C[C@H](N)[C@@H](O[C@H]2OC(CN)=CC[C@H]2N)[C@H](O)[C@H]1O[C@H]1OC[C@](C)(O)[C@H](NC)[C@H]1O,,,,3.2,
CCC(=O)O,,,,,1.455
CN(c1nc2ccccc2s1)C1CCN(CCCCOc2ccc(F)cc2)CC1,,,,,3.429
COc1ccc2ncc(=O)n(CCN3CC[C@@H](NCc4cc5c(cn4)OCCO5)[C@H](O)C3)c2c1,,82.05,,,
N#CCC(=O)c1ccc(N)cc1,,,,,1.85
CCCCOC(=O)C(C)Oc1ccc(Oc2ccc(C(F)(F)F)cn2)cc1,,,,,2.15
CCCC(=O)N1CCCN(c2nc(N)c3cc(OC)c(OC)cc3n2)CC1,,,0.72,2.0,
COc1ccc(COc2nc(Br)cnc2NS(=O)(=O)c2ccc(C)cc2)cc1OCCN(C)C,,99.67,,,
CC(C)OP(=O)(OC(C)C)SCc1ccccc1,,,,,2.77
CCOc1ccc(C(=O)COC(=O)CCC(=O)O)c2ccccc12,,,,,1.975
CN[C@@H]1CCc2[nH]c3ccc(C(N)=O)cc3c2C1,,,,24.0,
CN(C)P(=S)(c1ccccc1)n1ccnc1,,,,,2.224
C(=NC1CCCCC1)c1ccccc1,,,,,1.784
C=CN(CC)N=O,,,,,3.056
CCOP(=S)(OC(C)C)SCN1C(=O)c2ccccc2C1=O,,,,,3.857
CC(C)(N=C=O)c1cccc(C(C)(C)N=C=O)c1,,,,,1.725
C/C=C(/C)C(=O)OC1C(OC(C)=O)C2(CO)C(O)CC3(C)C(=CCC4C5(C)CCC(OC6OC(C(=O)[O-])C(OC7OC(CO)C(O)C(O)C7O)C(O)C6OC6OC(CO)C(O)C(O)C6O)C(C)(CO)C5CCC43C)C2CC1(C)C,,,0.23,,
NCc1ccccc1CC(=O)N[C@@H]1C(=O)N2C(C(=O)O)=C(CSc3nnnn3CC(=O)O)CS[C@H]12,,,,3.0,
Cc1ccc(C(=O)c2ccc(CC(=O)N3CCN(C)CC3)n2C)cc1,,,,,2.531
CC(CCl)OC(C)CCl,,,,,2.853
CCCn1c(C)cc(OP(=S)(OCC)OCC)cc1=O,,,,,4.515
COc1cc([N+](=O)[O-])ccc1N,,,,,2.227
Cc1cn([C@H]2CCCN([C@H](CC(C)C)c3ccc(C(=O)O)c(Oc4cccc(Cl)c4)c3)C2)c(=O)[nH]c1=O,,97.26,,,
CCC[C@H](CO)Nc1nc(S[C@@H](C)c2cccc(C#N)c2)nc2[nH]c(=O)sc12,,99.93,,,
CC(=O)OC1CC2(O)C(CCC3(C)C(c4ccc(=O)oc4)CCC32O)C2(C)CCC(OC3OC(CO)C(O)C(O)C3O)C=C12,,,,,6.159
CCCCCCCCCCCCCC(=O)NP(=O)(OC)SC,,,,,3.5460000000000003
COc1c(OP(=S)(NC(C)C)OC)cnn(C)c1=O,,,,,4.789
CC(C)CCCCCCO,,,,,1.685
CCc1cnc(C(=O)O)c(C(=O)O)c1,,,,,1.765
CN(N=O)c1ccc(N=O)cc1,,,,,2.081
CN(N=Nc1ccccc1)N=Nc1ccccc1,,,,,3.053
CCC1C(=O)N(C)c2cnc(Nc3ccc(C(=O)NC4CC[NH+](C)CC4)cc3OC)nc2N1C1CCCC1,,,31.2,,
OC(CCl)COCCCCCOCC(O)CCl,,,,,2.109
CCOC(=S)C=Cc1ccc([N+](=O)[O-])cc1,,,,,2.388
c1cn[nH]c1,,,,,1.829
CCOC(=O)C1(c2ccccc2)CCCN(C)CC1,,,,,2.867
Cc1cn([C@H]2CCCN(S(=O)(=O)c3cccc(Oc4ccccc4)c3)C2)c(=O)[nH]c1=O,,97.38,,,
CC1CCCC2N(C)C=C(C(N)=O)C(=O)N12,,,,,2.781
CCCCO[Si](OCCCC)(OCCCC)N(C)C1CCCCC1,,,,,2.006
O=C1CN(C(=O)c2ccccc2)C(c2ccccc2)c2cc(Cl)ccc2N1,,93.94,,,
Cc1cc(=O)oc2cc(O)ccc12,,,,,1.66
COc1ccc(C=CC(=O)O)cc1O,,,,,1.391
CC(C)(O)C(C)(O)c1ccc(Cl)cc1,,,,,2.412
CC(C)(OO)c1cccc(C(C)(C)OO)c1,,,,,2.1790000000000003
COc1cccc2c1C(=O)c1c(O)c3c(c(O)c1C2=O)C[C@@](O)(C(=O)CO)C[C@@H]3O[C@H]1C[C@H](N)[C@@H](O)[C@H](C)O1,,,,36.0,
CCSP(SCC)SCC,,,,,2.781
N#CC(C#N)=Cc1ccccc1Cl,,,,,3.025
CC(C)=CCN1CCC2(C)c3cc(O)ccc3CC1C2C,,,,,2.41
Nc1c(Cl)c(Cl)c2[nH]c(C(F)(F)F)nc2c1Cl,,,,,4.122
CC(C(=O)O)c1ccc(C2CCCCC2)cc1,,,,,2.9160000000000004
CCC(C)N(C(=O)SCc1ccccc1)C(C)CC,,,,,1.446
CCCCCCCCCCCCCCCCOC(=O)C1CC1,,,,,1.406
c1ccc([C@@H]([C@H](c2ccccc2)N2CCCCC2)N2CCCCC2)cc1,,90.12,,,
CNC(=O)ON=C(C)SCC(=O)N1CCCC1,,,,,4.023
COc1ccc([N+](=O)[O-])cc1,,,,,1.77
O=c1[nH]c(=O)n([C@@H]2O[C@H](CO)[C@@H](O)[C@@H]2O)cc1/C=C/Br,-5.3899999,,,,
CCCCCCCC(=O)N[C@@H](CCN)C(=O)N[C@H](C(=O)N[C@@H](C)C(=O)N[C@H]1CCNC(=O)[C@H]([C@@H](C)O)NC(=O)[C@H](CCN)NC(=O)[C@H](CCN)NC(=O)[C@H](CC(C)C)NC(=O)[C@@H](Cc2ccccc2)NC(=O)[C@H](CCN)NC1=O)[C@@H](C)O,,88.82,,,
CN(C)CCCN1c2ccccc2CCc2cc(O)ccc21,,,,10.0,1.998
Cc1cccc2c1C(=O)C(c1c(Cl)cccc1Cl)C2=O,,,,,2.8160000000000003
NC[C@H]1CC[C@H](C(=O)O)CC1,,,,2.3,
O=C1c2ccccc2S(=O)(=O)N1CCCCNC[C@H]1CCc2ccccc2O1,,,,1.2,
COc1cc2c(cc1-c1c(C)noc1C)ncc1[nH]c(=O)n([C@H](C)c3ccccn3)c12,,97.66,,,
CN(C)CCC1CCN(c2cc(C(=O)NC[C@H]3CC[C@H](CNC(=O)OC(C)(C)C)CC3)c3ccccc3n2)CC1,,96.65,,,
O=C1NCC2(CCN(CCc3ccccc3)CC2)O1,,,,14.0,2.424
CC(=S)NC[C@H]1CN(c2ccc(N3CCCS(=O)(=O)CC3)c(F)c2)C(=O)O1,-4.6391363,,,,
OCCN1CCCCC1,,,,,1.936
CCC(C)C=O,,,,,1.129
Nc1c(CC(=O)[O-])cccc1C(=O)c1ccccc1.O.[Na+],-4.52,,,,
NC(=O)c1ccc([N+](=O)[O-])cc1,,,,,2.543
[NH3+]CCCCC(NC1CCc2ccccc2N(CC(=O)[O-])C1=O)C(=O)[O-],,,1.98,,
CC(C)(N)Cc1ccc(Cl)cc1,,,,,2.866
Nc1ncnc2c1ncn2CCOCP(=O)(O)O,,,,1.6,
CCCCCCOC(C)=O,,,,,0.536
C=Cc1ccc(C)cc1,,,,,1.719
O=C1CC(N2C(=O)c3ccccc3C2=O)C(=O)N1,,,,,1.689
Cc1ccc(/C(=C\CN2CCCC2)c2ccccn2)cc1,,35.46,,,
O=[N+]([O-])c1ccc(C=Cc2ccc([N+](=O)[O-])cc2S(=O)(=O)O)c(S(=O)(=O)O)c1,,,,,1.533
CC=C1CC(C)C(O)(CO)C(=O)OCC2=CC[N+]3([O-])CCC(OC1=O)C23,,,,,3.884
c1cncc(Nc2ncc(-c3ccncn3)c(-c3ccco3)n2)c1,,86.05,,,
Cc1cccc(C)c1NC(=O)C1(N(C)C)CCN(C2CCCCC2O)CC1,,,,,4.888
CC(=O)OCCC(C)CC(C)(C)C,,,,,1.642
CC(O)CF,,,,,1.379
Cc1c(-c2c(C)c(N)c3c(C(C)C)c(O)c(O)c(C=O)c3c2O)c(O)c2c(C=O)c(O)c(O)c(C(C)C)c2c1N,,,,,2.225
CCCCC(CC)COCCC(=O)O,,,,,1.734
CC1=CCC(=O)O1,,,,,1.401
c1ccc(-c2ccc(CCOc3ncnc4ccccc34)cc2)cc1,,,,,2.4530000000000003
Cc1cccnc1N,,,,,3.034
CCOc1cc2ncc(C(N)=O)c(Nc3cccc(Cl)c3Cl)c2cc1N1CCN(C(C)C)CC1,,98.54,,,
CCC(C)C(=O)OC1C(OC(C)=O)c2c(ccc3ccc(=O)oc23)OC1(C)C,,,,,2.505
CN(C)[C@@H]1C(O)=C(C(N)=O)C(=O)[C@@]2(O)C(O)=C3C(=O)c4c(O)cccc4[C@@](C)(O)[C@H]3C[C@@H]12,,,,9.4,
CCOC(=S)C=Cc1cc(OC)c(OC)c(OC)c1,,,,,2.449
COc1ccc2cc(C(=O)NC3(C(=O)N[C@H](Cc4ccccc4)C(=O)NCC4CCN(CC5CCOCC5)CC4)CCCC3)sc2c1,-5.9593034000000005,,,,
CC(C)Cn1c(=O)n(C)c(=O)c2c(C(=O)N3CC[C@@H](O)C3)c(Oc3cccc4ccccc34)sc21,,99.28,,,
S=c1[nH]cnc2nc[nH]c12,,,,,2.74
CCC1OC(=O)C(C)C(OC2CC(C)(OC)C(O)C(C)O2)C(C)C(OC2OC(C)CC(N(C)C)C2O)C(C)(O)CC(C)C(=O)C(C)C(O)C1(C)O,,,,,2.2030000000000003
CCC(C)C(=O)OC1CC(C)C=C2C=CC(C)C(CCC(O)CC(O)CC(=O)[O-])C21,,,0.87,,
CCCOC(=O)c1ccc(C(=O)OCCC)nc1,,,,,1.682
Cc1ccc(Oc2cc(SCC(=O)NN)ncn2)cc1,,,,,2.8
CCOC(=O)NCCSP(=S)(OC)OC,,,,,3.403
Cc1c([N+](=O)[O-])cccc1[N+](=O)[O-],,,,,3.012
O=C(CCCCC(=O)OC1CCCCC1)OC1CCCCC1,,,,,1.288
CC(C)COc1cccc(/C=C2\SC(=O)NC2=O)c1N1CCC[C@@H](N)C1,,98.81,,,
COC(=O)C(C)N(C(=O)Cc1ccccc1)c1c(C)cccc1C,,,,,1.889
C=C(Cl)C(=O)OC,,,,,3.2489999999999997
CNC(=O)Oc1ccccc1C(OC)OC,,,,,3.1489999999999996
CCOP(=S)(OCC)Sc1ccc(C)cc1,,,,,2.9419999999999997
SCc1cnccn1,,,,,1.871
O=C(O)CCc1nc(-c2ccccc2)c(-c2ccccc2)o1,-4.48,99.95,,,1.817
CC(=O)Nc1ccc2[nH]c(C(F)(F)F)nc2c1,,,,,4.01
CC(C)c1ccccc1,,,,,1.934
CC1CC2C3CC(F)C4=CC(=O)C=CC4(C)C3(F)C(O)CC2(C)C1(OC(=O)c1ccco1)C(=O)SCF,,,4.95,,
Brc1ccccc1,,,,,1.765
CCOC(=O)C(C)N(C(=O)c1ccccc1)c1ccc(Cl)c(Cl)c1,,,,,2.373
COP(=S)(OC)Oc1ccc(S(N)(=O)=O)cc1,,,,,3.2689999999999997
CCN(CCOC(C)=O)C(C)=O,,,,,0.916
O=NN1CCCCO1,,,,,2.146
CC1(C)CNC(=O)c2sc(N3CCOCC3)nc2C1,,29.9,,,
CCCCN(CCC#N)CCCC,,,,,1.749
CCCCCn1ncc(OP(=S)(OCC)OC(C)C)c(OC)c1=O,,,,,4.624
C=CC(=O)OCC(C)C,,,,,1.258
CNC(=O)Nc1nc2ccc(-c3cncc(S(=O)(=O)NC(C)(C)C)c3)cn2n1,,64.54,,,
CCCCCCCCCCCCCCCCOP(=O)([O-])OCC[N+](C)(C)C,,,,,3.219
Cc1ccc(Cl)cc1,,,,,1.78
Cc1ccc(S(=O)(=O)Nc2ccc3nc(C)sc3c2)cc1,,99.79,,,
COc1cnc(-c2ccccn2)nc1N(C)C,,83.68,,,
COP(=S)(OC)SCSCC=C(Cl)Cl,,,,,3.5660000000000003
ClC(Cl)(Cl)Sn1cccn1,,,,,2.793
Cc1ccc(C(=O)N(CCC[NH3+])C(c2nc3snc(C)c3c(=O)n2Cc2ccccc2)C(C)C)cc1,,,6.74,,
CC(=O)OCC1=C(C(=O)[O-])N2C(=O)C(NC(=O)CSc3ccncc3)C2SC1,,,0.13,,
CCN(CC)c1nc(Cl)nc(N(CC)CC)n1,,,,,2.482
NCCNCCNCCNCCNCCN,,,,,2.162
O=C(O)c1nn(Cc2ccc(Cl)cc2Cl)c2ccccc12,,,,,2.276
CCCCC/C=C\CCC(=O)N[C@H]1[C@H](Oc2c3cc4cc2Oc2ccc(cc2Cl)[C@@H](O[C@@H]2O[C@H](CO)[C@@H](O)[C@H](O)[C@H]2NC(C)=O)[C@@H]2NC(=O)[C@H](NC(=O)[C@@H]4NC(=O)[C@H]4NC(=O)[C@@H](Cc5ccc(c(Cl)c5)O3)NC(=O)[C@@H](N)c3ccc(O)c(c3)Oc3cc(O)cc4c3)c3ccc(O)c(c3)-c3c(O[C@H]4O[C@H](CO)[C@@H](O)[C@H](O)[C@@H]4O)cc(O)cc3[C@H](C(=O)O)NC2=O)O[C@H](CO)[C@@H](O)[C@@H]1O,,,,150.0,
FC(F)(F)COC1CCC(Cn2cncn2)(c2ccc(Cl)cc2Cl)O1,,,,,2.945
COc1cc(OC)c(S(=O)(=O)NCc2ccccc2N2CCC(C(=O)O)CC2)cc1NC(=O)CCC(=O)O,,80.65,,,
Oc1ccc(Sc2ccc(O)cc2)cc1,,,,,1.812
S=c1scc(-c2ccccc2)n1N=Cc1ccccc1,,,,,1.472
CNC(=O)Oc1cccc2ccc(C)nc12,,,,,3.256
C=CN(C(C)=O)c1ccccc1,,,,,1.816
Cc1cc(NC(=O)C2=C([O-])c3ccccc3S(=O)(=O)N2C)no1,,,0.19,,
CN1CCC(c2c[nH]c3ccc(NC(=O)c4ccc(F)cc4)cc23)CC1,-5.3211966,,,,
O=C1CC2CC(O1)C1CCCC21,,,,,2.296
C=Cc1ccncc1,,,,,3.022
CCOP(=S)(CC)SCOc1ccc(Cl)cc1Cl,,,,,3.489
CC(CN1CCOCC1)C(C(=O)N1CCCC1)(c1ccccc1)c1ccccc1,,,,,3.738
COc1cnc(-c2cccc(F)c2C(F)(F)CNC(=O)c2ccc(COCC(F)(F)F)nc2)cn1,,96.72,,,
NC1CC(N)C(OC2OC(CO)C(O)C(N)C2O)C(O)C1OC1OC(C[NH3+])CCC1[NH3+],,,0.13,,
C[N+](C)(C)CCOP(=O)([O-])OP(=O)(O)OCC1OC(n2ccc(N)nc2=O)C(O)C1O,,,,,1.422
CCOC(=O)C(NCCNC(C(=O)OCC)c1ccccc1O)c1ccccc1O,,,,,2.716
OCCOCc1ccccc1,,,,,2.107
C=C(CC(=O)c1ccc(-c2ccccc2Cl)cc1)C(=O)O,,,,,2.0980000000000003
Cc1c(Oc2ccc(Cl)cc2)c2c(NS(C)(=O)=O)cccc2n1CC(=O)O,,96.26,,,
CCOC(Cc1ccc(OCCc2ccc(OS(C)(=O)=O)cc2)cc1)C(=O)[O-],,,0.13,,
CNC(=O)ON=C(C)C(C)S(C)(=O)=O,,,,,2.6860000000000004
COc1ccc2c(O[C@@H]3C[C@H]4C(=O)N[C@]5(C(=O)NS(=O)(=O)C6CC6)C[C@H]5/C=C\CCCCN(C)C(=O)[C@@H]4C3)cc(-c3nc(C(C)C)cs3)nc2c1Cl,-5.238286,,,,
O=C(OCc1ccccc1)c1sc(Cl)nc1C(F)(F)F,,,,,1.808
ClC1=C(Cl)C2(Cl)C3C4OC4C(Cl)C3C1(Cl)C2(Cl)Cl,,,,,4.414
CN(C)CCOCCN(C)C,,,,,2.175
Cc1cc(Cl)ccc1OC(C)C(=O)O,,,,,2.519
CC(=O)NC(=O)C(Cl)(Cl)Cl,,,,,1.819
CCOP(=S)(OCC)SC(CCl)N1C(=O)c2ccccc2C1=O,,,,,4.896
C=C(O)CC(c1ccccc1)c1c(O)c2ccccc2oc1=O,,,,,4.4719999999999995
CSc1nc2cc(C(=O)N3CCC(C)CC3)ccc2[nH]1,-4.5418172,,,,
COc1ccc(CC2NCC(O)C2OC(C)=O)cc1,,,,,3.5660000000000003
N[C@@H]1CN(c2c(F)cc3c(=O)c(C(=O)O)cn([C@@H]4C[C@@H]4F)c3c2Cl)CC12CC2,,,,6.6,
CC(=O)OC(C)CC(C)(C)OC(C)=O,,,,,1.78
CCC1NC(=O)c2cc(N)ccc2O1,,,,,2.0069999999999997
C[NH+](C)CCC(c1ccc(Cl)cc1)c1ccccn1,,,3.3,,
COc1ccc(CC(C)(C)NC[C@H](O)c2cc(O)cc3c2OCC(=O)N3)cc1,,59.11,,,
COc1ccc(NC(=O)c2ccc(C[S+](C)[O-])c3ccccc23)c(C(=O)NCC2CCOCC2)n1,,94.56,,,
CCCn1c(C)cc(=NC(=O)c2ccccc2O)n1-c1ccccc1,,,,,2.508
CCCCCCCC1CCC(=O)O1,,,,,0.998
CSc1ccc2c(c1)N(CCC1CCCCN1C)c1ccccc1S2,,99.63,,,2.571
CCCCCC#CC(=O)OC,,,,,2.003
Cc1ccc(-c2ccc3c(ccc4sc5c(c43)NC[C@@H](C)NC5=O)n2)cn1,,84.9,,,
O=C(Cl)CCl,,,,,2.735
CCOC(OCC)C(=O)c1ccccc1,,,,,1.551
Cc1cc(C)nc(SCC(N)=O)n1,,21.21,,,
NNC(=O)CSc1cc(Oc2ccc(Cl)cc2)ncn1,,,,,2.589
CC1CN1,,,,,3.478
CCN(CC)C(=O)CCC(C)=O,,,,,1.556
CCN(CC)CCOCCO,,,,,1.821
O=C1CCc2ccc(OCCCCN3CCN(c4cccc(Cl)c4Cl)CC3)cc2N1,,,,75.0,
C[C@]12CC[C@H]3[C@@H](C=CC4=CC(=O)CC[C@@]43C)[C@@H]1CC[C@@]21CCC(=O)O1,,94.06,,,
CCCCCOc1cccc(NC(=O)OCCN2CCCC2)c1,-4.77,,,,
C[C@@H]1NC(=O)[C@@H](C)N(C)C(=O)[C@H](C)N(C)C(=O)[C@@H](C)N(C)C(=O)[C@@H](C)NC(=O)[C@H](C)N(C)C1=O,-5.8200002,,,,
O=C(NC1(C(=O)N[C@H](Cc2ccccc2)C(=O)NC2CCN(CC3CCOCC3)CC2)CCCC1)c1cc2ccccc2s1,-5.0700002,,,,
CCCCCCC(C)(C)S,,,,,1.461
O=C1C(=O)c2ncccc2-c2cccnc21,,,,,4.624
ClCC(Cl)=C(Cl)Cl,,,,,2.7110000000000003
CN[C@@H](CCSC)C(=O)NC(=O)[C@H](Cc1ccccc1)NC(=O)CNC(=O)[C@@H](C)NC(=O)[C@@H](N)Cc1ccc(O)cc1,-7.309999900000001,,,,
CC(C)(C(=O)O)c1ccc(C(O)CCCN2CCC(C(O)(c3ccccc3)c3ccccc3)CC2)cc1.Cl,-5.6999998,,,,
CCOc1cc2ncc(C(N)=O)c(Nc3cccc(Cl)c3Cl)c2cc1N1CCN(CCO)CC1,,95.23,,,
CN(CCCCCCN(C)C(=O)Oc1ccc[n+](C)c1)C(=O)Oc1ccc[n+](C)c1,,,1.0,,
C=CC(Cl)=C(Cl)Cl,,,,,2.365
CN[C@@H](C)C(=O)N[C@H](C(=O)N1CCC[C@H]1C(=O)N[C@@H]1CCCc2ccccc21)C(C)(C)C,,91.99,,,
CC(=O)N(C)C(=O)Oc1cc(C)c(C)cc1Cl,,,,,1.806
O=c1[nH]nc(-c2ccccc2)c2conc12,,,,,2.329
C=CC=CCC1=C(C)C(OC(=O)C2C(C=C(C)C(=O)OC)C2(C)C)CC1=O,,,,,3.27
CC/C(=C(/c1ccccc1)c1ccc(OCCN(C)C)cc1)c1ccccc1,-4.3221111,,,,
CCC(C)OC(C)=O,,,,,1.56
CC(C)(C)c1cc(CCC(=O)NCCN)cc(C(C)(C)C)c1O,,,,,2.313
CCN(CC)CCOCc1cc(Br)cc(Br)c1OC,,,,,2.898
CC1(C)S[C@@H]2[C@H](NC(=O)[C@H](NC(=O)N3CCN(S(C)(=O)=O)C3=O)c3ccccc3)C(=O)N2[C@H]1C(=O)O,,,,1.2,
CCC1OP(=S)(Cl)OC2CCCCC12,,,,,3.26
NC(=O)c1cccc(Cc2ncccn2)c1,-4.4609237,,,,
CC(=O)OCCOCCOCCOC(C)=O,,,,,1.016
Nc1c(Br)cc(Br)cc1CNC1CCC(O)CC1,,,,,1.4509999999999998
O=c1c(OC2C(O)OC(CO)C(O)C2O)c(-c2ccc(O)c(O)c2)oc2cc(O)cc(O)c12,-6.170000099999998,,,,
C=CC(=O)OCC(CC)CC,,,,,1.381
CCS(=O)(=O)c1nnc(N(C)C(=O)NC)s1,,,,,1.723
C[C@@](C(=O)O[C@H]1C[N+]2(CCCc3ccncc3)CCC1CC2)(c1ccccc1)N1CCCCC1,,51.73,,,
CN(CC#N)N=O,,,,,3.343
C=CCOC(=O)CC(C)CC(C)(C)C,,,,,2.151
COc1cccc2c1c(NS(=O)(=O)c1ccc(Cl)s1)nn2Cc1cccc(CNC(=O)[C@H]2COCCN2)c1,,98.44,,,
Cn1c(=O)sc2cccc(Cl)c21,,,,,2.012
CC(C)(C)C1(O)CC2OC(=O)CC23C(=O)OC2OC(=O)C(O)C231,,,2.5,,
O=Cc1ccccc1-c1ccccc1C=O,,,,,1.871
CCOP(=S)(NC(C)C)Oc1ccccc1C(=O)OC(C)C,,,,,4.091
CNc1c(Br)cnc2[nH]c(-c3ccc(OCCN4CCCCC4)cc3)nc12,,88.82,,,
NC(Cc1ccc(N(CCCl)CCCl)cc1)C(=O)O,,,,,3.463
CCCCCCCCCCCCCCCCCCO,,,,,1.131
CC(Oc1ccc2ccccc2c1)C(=O)Nc1ccccc1,,,,,1.288
CCCCCCCCCC(=O)NP(=O)(OC)SC,,,,,3.373
Cc1nn(-c2ccccc2)nc1C(=O)N[C@@H]1COc2cccc(N3CCN(C)CC3)c2C1,,95.82,,,
CCNC(=O)[C@H]1O[C@@H](n2cnc3c(N)nc(NCCc4ccc(CCC(=O)O)cc4)nc32)[C@H](O)[C@@H]1O,,57.99,,,
O=C1C=CCCC1,,,,,2.64
O=P(O)(O)C(O)(Cc1cccnc1)P(=O)(O)O,,,,200.0,
CCOc1cc2ncc(C(N)=O)c(Nc3cccc(Cl)c3Cl)c2cc1N1CCN(C(=O)CO)CC1,,83.68,,,
O=c1[nH]c2cc(Cl)c(Cl)cc2o1,,,,,2.465
CCOP(=S)(OCC)SCn1nc(C)ccc1=O,,,,,3.836
C=CCc1ccc2c(c1)OCO2,,,,,1.92
CCS(=O)CCSP(=S)(OC)OC,,,,,3.4189999999999996
CC(C)NC(=O)N1CC(=O)N(c2cc(Cl)cc(Cl)c2)C1=O,,,,,1.975
C[C@@](O)(/C=C/[C@@H]1CC=CC(=O)O1)[C@@H](C[C@@H](O)/C=C\C=C/C=C/CO)OP(=O)(O)O,,,,1.5,
Cc1ccc(N(SC(F)(Cl)Cl)S(=O)(=O)N(C)C)cc1,,,,,2.541
COC(=O)c1c(Cl)cccc1-c1cnc([C@@H](C)NC(=O)C2(NC(=O)C(F)(F)F)CC2)c(F)c1,-4.6020598,,,,
O=C(O)c1cc(S(=O)(=O)O)ccc1O,,,,,1.95
C#CCOC(C)=O,,,,,2.594
CCCCCC(O)C=CC1C(O)CC(=O)C1CC=CCCCC(=O)O,,,,,2.8480000000000003
CN(C)C(=O)Oc1cc(OC(=O)N(C)C)cc(C(O)CNC(C)(C)C)c1,,,,2.6,
CC1CCCOC1=O,,,,,0.944
CN=NNc1ccc([N+](=O)[O-])cc1,,,,,2.5860000000000003
CCCOC(C1=NCCCN1)c1ccccc1,,,,,2.57
C=CCOC(C)=O,,,,,2.887
Clc1ccc(N=Nc2ccc(NCCCN3CCCCC3)c3c2CCCC3)cc1,,,,,2.5639999999999996
CS(=O)(=O)OCC(O)C(O)COS(C)(=O)=O,,,0.59,,
CC(C)Oc1cc(-n2cnc3ccc(N[C@@H](CO)c4ccc(F)cn4)nc32)n[nH]1,,91.82,,,
CN(C)N=Nc1ccc(Cl)cc1,,,,,2.705
CCCS(=O)(=O)c1c(Cl)cnc(Cl)c1Cl,,,,,2.419
COCC#Cc1cccc(C2(c3ccc(OC(F)F)cc3)N=C(N)N3CC(F)(F)CN=C32)c1,,98.89,,,
NC(=S)Nc1cccc(Cl)c1,,,,,3.873
CCC(C)C(C)CO,,,,,1.689
CCC(C(=O)O)C1(O)CCCCC1,,,,,1.587
COP(=O)(Oc1ccc([N+](=O)[O-])c(Cl)c1)SC,,,,,3.474
CCN(CC)CCNC(=O)c1ccc(NS(C)(=O)=O)cc1,,15.1,,3.8,
O=[N+]([O-])c1cc2nc(C(F)(F)F)[nH]c2cc1[N+](=O)[O-],,,,,4.26
O=C(NCCO)OCCO,,,,,1.467
CC(=O)N(C)C,,,,,1.247
Nc1ccccc1O,,,,,1.924
CN(C)C(=N)NC#N,,,,,1.465
NC1CC([NH3+])C(OC2OC(C[NH3+])C(O)C(O)C2N)C(OC2OC(CO)C(O)C2O)C1O,,,0.25,,
CN[C@@H](C)C(=O)N[C@H](C(=O)N[C@H]1CCN(C(=O)c2ccccc2)C1)C1CCCCC1,,33.9,,,
C=CC#N,,,,,2.833
COc1cc(C(=O)N(C)C)nn1-c1cccc(Cl)c1,,,,,2.549
ClCC1CS1,,,,,3.4339999999999997
OCC(F)(F)C(F)(F)C(F)(F)F,,,,,1.741
CC(=O)N[C@@H](Cc1c[nH]c2ccccc12)C(=O)N[C@@H](C)C(=O)NCC(=O)NCC(=O)N[C@@H](CCCCN)C(=O)N[C@@H](C)C(N)=O,-7.309999900000001,,,,
O=C(O)[C@H](Cc1ccccc1F)N1CCC(CN2CCC(Oc3ccc(Cl)c(Cl)c3)CC2)CC1,,88.59,,,
Cc1ccc(C#N)cc1,,,,,1.489
C=CC(=O)OCCCCOC(=O)C=C,,,,,2.529
N#Cc1cccc(Cc2ncccn2)c1,-4.1758742,,,,
CCOC(=O)C1(c2ccccc2)CCC=CC1[NH+](C)C,,,4.0,,
CCOP(=O)(SCC)SCC,,,,,3.185
CN(C)c1ccc(C=Cc2ccccc2)cc1,,,,,3.65
CC(=O)N1CCN(c2nc(NC(C)(C)Cc3ccc(Cl)cc3)c3c(n2)C(=O)N(C(C)C)C3)CC1,,96.79,,,
NC(=[NH2+])NCCCC(NC(=O)C1CCCN1C(=O)C1CSSCCC(=O)NC(Cc2ccc(O)cc2)C(=O)NC(Cc2ccccc2)C(=O)NC(CCC(N)=O)C(=O)NC(CC(N)=O)C(=O)N1)C(=O)NCC(N)=O,,,0.3,,
CCc1ncc(C)nc1C,,,,,2.475
COC(=O)C(C)Oc1ccc(Oc2ncc(C(F)(F)F)cc2Cl)cc1,,,,,2.98
S=C(C=Cc1c[nH]cn1)N1CCOCC1,,,,,2.299
CCOC(=O)C=C(C)C,,,,,1.043
[NH3+]CC(CC(=O)[O-])c1ccc(Cl)cc1,,,0.65,,
COC(=O)C=C(Cl)C(=O)OC,,,,,0.693
Cc1cc(Nc2nc(N[C@@H](C)c3ccc(F)cc3)ncc2Cl)n[nH]1,,99.1,,,
[NH3+]C1(C(=O)[O-])CS(=O)(=O)C2C(C(=O)[O-])C21,,,0.21,,
CN(C)C(=O)c1cccc(-c2ccccc2)c1O,,,,,2.104
CCN(CC)C(=O)c1cc(=O)c2ccccc2o1,,,,,1.788
Cc1ccc(N2CCN(C(=O)[C@H](C)Cc3ccc(Cl)cc3F)CC2)c([C@@H](NC(=O)CCN(C)C)C(C)C)c1,-4.4308991,,,,
COc1ncc(-c2c(C)ccc(F)c2CCNC(=O)c2ccc(OCC(F)(F)F)nc2)cn1,,99.8,,,
CCOP(O)(=S)CC,,,,,2.41
O=C(CCS(=O)(=O)c1ccc(Br)cc1)NCc1ccc(F)cc1,,95.72,,,
COC(=O)CS,,,,,3.102
CN(C)C(=O)C(c1ccccc1)c1ccccc1,,,,,2.543
c1ccc(N=Nc2ccccc2)cc1,,,,,2.261
CC(C)SSC(Cl)C(Cl)Cl,,,,,3.0780000000000003
O=C(O)c1c(Cl)ccc2cc(Cl)cnc12,,,,,2.043
CC(C)c1c(C(=O)Nc2ccccc2)c(-c2ccccc2)c(-c2ccc(F)cc2)n1CC[C@H](O)C[C@H](O)CC(=O)O,-5.309804,,,,
CN(C)c1ccc(N=Nc2ccccc2)cc1,,,,,3.052
O=C(O)CN(CCCN(CC(=O)O)CC(=O)O)CC(=O)O,,,,,2.282
O=C(CCC(=O)OC1CCCCC1)OC1CCCCC1,,,,,1.372
O=c1[nH]c(=O)n(CC2CC2)c2nc[nH]c12,,,,,2.846
C[C@H](CO)Nc1nc(SCc2cccc(F)c2F)nc2nc(N)sc12,,98.04,,,
COc1ccc2c(c1)c(CC(=O)Oc1cccc(Cl)c1)c(C)n2C(=O)c1ccc(Cl)cc1,,,,,3.139
CNC(=O)Oc1cccc(C(C)C)c1,,,,,4.082
CN(CC(=O)O)NC(=O)C[C@H](N)C[C@@H](O)CN,,12.63,,,
Cc1cc(Nc2nc(N[C@@H](C)c3ncc(F)cn3)ncc2C)n[nH]1,,71.99,,,
C=C(C)C(=O)OCC,,,,,0.887
COCCOCC(CC1(C(=O)NC2CCC(C(=O)[O-])CC2)CCCC1)C(=O)[O-],,,0.25,,
COc1cc2ncc(C(N)=O)c(Nc3ccccc3C)c2cc1OC,,99.19,,,
c1ccc(P(C2CCCCC2)C2CCCCC2)cc1,,,,,2.525
C=Cc1ccc(CC)cn1,,,,,2.035
C/C=C/CC(C)C(O)C1C(=O)NC(CC)C(=O)N(C)CC(=O)N(C)C(CC(C)C)C(=O)NC(C(C)C)C(=O)N(C)C(CC(C)C)C(=O)NC(C)C(=O)NC(C)C(=O)N(C)C(CC(C)C)C(=O)N(C)C(CC(C)C)C(=O)N(C)C(C(C)C)C(=O)N1C,,,3.3,,
CCNC(N)=S,,,,,3.018
CC(=O)OC(C)(C)CCc1ccccc1,,,,,1.629
CCCOC(=O)CC(SP(=S)(OC)OC)C(=O)OCCC,,,,,1.776
OC[C@H]1O[C@@](CO)(OC2O[C@H](COC3O[C@H](CO)[C@H](O)[C@H](O)[C@H]3O)[C@@H](O)[C@H](O)[C@H]2O)[C@@H](O)[C@@H]1O,-7.309804,,,,
CCOC(=O)C1(c2ccccc2)CC[NH+](C)CC1,,,2.3,,
CCCOC(=O)COc1cccc(C(C)(C)C)c1,,,,,2.143
CCOP(=S)(CCl)Sc1ccc(C)cc1,,,,,2.9219999999999997
CCCCCCCCCC(=O)Nc1ccc(S(=O)(=O)Nc2nncs2)cc1,-5.46,,,,
CCN1CC(C)OC1=NP(=O)(OC)SC,,,,,6.402
CCSN(C)C(=O)Oc1cccc2c1OC(C)(C)C2,,,,,4.051
COc1ccc(C[C@@H](C)NC[C@H](O)c2ccc(O)c(NC=O)c2)cc1,,31.87,,,
CCOP(=S)(OCC)SCSC(=S)N(C)C,,,,,3.3280000000000003
CO[C@H](CCC(C)(C)O)[C@](C)(O)[C@H]1CC[C@@]2(O)C3=CC(=O)[C@@H]4C[C@@H](O)[C@@H](O)C[C@@]4(C)C3CC[C@]12C,-4.79,,,,
O=S1(=O)CCN(c2ccccc2)CC1,,,,,2.4219999999999997
CC1=NN(c2ccccc2)C(=O)C1,,,0.23,,1.6969999999999998
CC(=O)NC(=O)N(C)N=O,,,,,2.861
CCC1OC(=O)C(C)C(OC2CC(C)(OC)C(O)C(C)O2)C(C)C(OC2OC(C)CC(N(C)C)C2O)C(C)(O)CC(C)C(=NOCOCCOC)C(C)C(O)C1(C)O,,,,,3.0039999999999996
O=C(O)c1cccc(C(=O)O)c1,,,,,1.203
CCOc1cc2ncc(C(N)=O)c(Nc3cc(F)ccc3F)c2cc1N1CCN(C)CC1,,92.64,,,
Nc1cc([N+](=O)[O-])ccc1Cl,,,,,1.933
CCCOc1ccc(C=CC(=O)OCC)cc1OC,,,,,2.432
N#CN=C(N)c1sc(Nc2ccccc2)nc1N,,89.7,,,
NC(=O)c1cccc(N)c1,,,1.9,,
OC(c1ccccc1)(c1cncnc1)c1ccc(Cl)cc1Cl,,,,,2.742
O=C(OCC1CO1)c1ccccc1,,,,,2.102
C[NH+]1C[C@H](C(=O)N[C@]2(C)O[C@@]3(O)[C@@H]4CCCN4C(=O)[C@H](Cc4ccccc4)N3C2=O)C[C@@H]2c3cccc4[nH]cc(c34)C[C@H]21,,,0.33,,
CC(C)CC=O,,,,,1.187
Cc1c2ccccc2c(C)c2c1ccc1ccccc12,,,,,2.8939999999999997
CCCC1OP(=O)(Cl)OCC1CC,,,,,3.957
Cc1cc([N+](=O)[O-])ccc1S(=O)(=O)NCCO,,,,,1.765
CCCCCCCCOC(C)=O,,,,,1.759
O=C(NCC1CN(c2ccc(N3CCOCC3=O)cc2)C(=O)O1)c1ccc(Cl)s1,,,0.7,,
COc1c(C)c2c(c(O)c1C/C=C(\C)CCC(=O)[O-])C(=O)OC2,,,0.77,,
CCN(CC)CC1CO1,,,,,2.488
CC(=O)OCC1=C(C(=O)[O-])N2C(=O)C(NC(=O)Cc3cccs3)C2SC1,,,0.07,,
COc1ccc(C(=O)N2CCCC2=O)cc1,,,,,1.6880000000000002
COP(=S)(OC)SCN1C(=O)c2ccccc2C1=O,,,,,3.535
Cc1nccc(-c2ccc(-c3nc4ccncc4c(O)c3C#N)cc2)c1Cl,,99.86,,,
Cc1cc(C)c(S(=O)(=O)NCc2ccncc2)c(C)c1,,86.05,,,
CC(O)CC=O,,,,,1.607
O=C1C(Cl)C2(Cl)C3C(Cl)OC(Cl)C3C1(Cl)C2(Cl)Cl,,,,,4.75
CCC(Br)(CC)C(=O)NC(N)=O,,,,,2.875
COP(=S)(OC)Oc1ccc(Sc2ccc(OP(=S)(OC)OC)c(C)c2)cc1C,,,,,3.2960000000000003
CCCCCCCOCCO,,,,,1.847
O=C(O)C(F)(F)C(F)(F)C(F)(F)C(F)(F)C(F)(F)C(F)(F)C(F)(F)C(F)(F)C(F)(F)C(F)F,,,,,3.023
CCNc1nc(Cl)nc(N(CC)CC)n1,,,,,2.5869999999999997
CC(C)(Oc1ccc(C2CCCc3ccccc32)cc1)C(=O)O,,,,,2.5380000000000003
c1ccc(CNc2ncnc3c2NCN3)cc1,,,,,2.0340000000000003
BrCCc1ccccc1,,,,,2.358
CCCCC1CCC(=O)O1,,,,,1.509
Oc1c(I)cc(I)cc1I,,,,,2.373
Cc1ncc(C[n+]2csc(CCO)c2C)c(N)n1,-5.2685814,,,,
CCN(CCCl)c1ccccc1,,,,,2.474
CCCC(CC(OCC)OCC)OCC,,,,,1.109
C/C=C(/C)C(=O)O[C@@H]([C@@H](O)c1cc2ccc(=O)oc2cc1OC)C(C)(C)O,-4.8499289,,,,
CN1CCCCCC1=O,,,,,1.895
CCOP(=S)(OCC)SCSCc1ccccc1,,,,,4.73
CS(=O)CC(=O)c1ccccn1,,,,,1.4469999999999998
CCc1c(C(=O)C(N)=O)c2c(OCC(N)=O)cccc2n1Cc1ccccc1,,84.9,,,
CCCCN=C(NCCCC)C(OCC)c1ccc(Cl)cc1,,,,,3.1689999999999996
O=COCC=Cc1ccccc1,,,,,1.7480000000000002
CCCCC(CC)COC(=O)CCCCCCCCC(=O)OCC(CC)CCCC,,,,,1.523
O=C(Nc1ccc(Br)cc1)c1cc(Br)cc(Br)c1O,,,,,3.04
CCCCCCCCCCCCCCCCOC(=O)Cc1ccc(N(CCCl)CCCl)cc1,,,,,3.699
Clc1ccc(C(c2ccc(Cl)cc2)C(Cl)Cl)cc1,,,,,3.452
CC(C)C12CCC(C)(CC1)O2,,,,,1.6969999999999998
COc1cc(Cl)c(OC)cc1Cl,,,,,1.275
N#Cc1cnn2c(NC3CC3)cc(-c3cccs3)nc12,,98.4,,,
COP(=S)(OC)C(C(=O)O)c1ccccc1,,,,,1.7619999999999998
Cc1ccc(S(=O)(=O)NC(=O)C(c2ccc3c(c2)OCO3)c2cn(C)c3cc(CO)ccc23)cc1,-5.769775900000001,,,,
CCC(C)OC(CBr)c1ccccc1,,,,,3.012
CC(C)(C)c1cc(C=C(C#N)C#N)cc(C(C)(C)C)c1O,,,,,3.511
C=CCOC(=O)C1CC2OC2CC1C,,,,,2.594
CO[C@H]1/C=C/O[C@@]2(C)Oc3c(C)c(O)c4c(c3C2=O)C2=NC3(CCN(CC(C)C)CC3)NC2=C(NC(=O)/C(C)=C\C=C\[C@H](C)[C@H](O)[C@@H](C)[C@@H](O)[C@@H](C)[C@H](OC(C)=O)[C@@H]1C)C4=O,,,,37.0,
S=P(OCCCl)(OCCCl)OCCCl,,,,,2.5660000000000003
CC[C@H](CO)NC(=O)[C@H]1C=C2c3cccc4[nH]cc(c34)C[C@@H]2N(C)C1,,,0.96,,
CN(C)[C@@H]1C(=O)C(C(N)=O)=C(O)[C@@]2(O)C(=O)C3=C(O)c4c(O)ccc(Cl)c4[C@@](C)(O)[C@H]3C[C@@H]12,-6.3200002,,,,
OCC[NH+]1CCN(CCCN2c3ccccc3Sc3ccc(Cl)cc32)CC1,,,18.0,,
ClSC(Cl)(Cl)Cl,,,,,3.352
Nc1n[n+]([O-])c2ccccc2[n+]1[O-],,,0.56,0.78,
CCn1cc(C(=O)O)c(=O)c2cc(F)c(N3CCN(C)CC3)cc21,,,,11.0,
CNCCC(Oc1ccccc1OC)c1ccccc1,,51.73,,,
COc1cc2c(N)nc(N3CCN(C(=O)OCC(C)(C)O)CC3)nc2c(OC)c1OC,,,0.18,3.1,
N#Cc1ccc(C(=O)N2CCC3(CC2)N=C(N)c2c(F)ccc(F)c2N3)cn1,,86.59,,,
CCOP(=O)(N=C1SCS1)OCC,,,,,4.71
NCCCOCCOCCO,,,,,1.4
CC(=O)Nc1ccc(Nc2ncc3cc(-c4ccncc4)ccc3n2)cc1,,99.4,,,
Oc1c(I)cc(I)c(O)c1I,,,,,1.774
COc1nn(CSP(=S)(OC)OC)c(=O)s1,,,,,4.178999999999999
O=C1C2CC3C1C1(Cl)C(Cl)C4(Cl)C2C3C1(Cl)C4(Cl)Cl,,,,,4.581
C/C(=C\C(C(C)C)N(C)C(=O)C(NC(=O)C1CCCCN1C(C)C)C(C)(C)C)C(=O)[O-],,,1.26,,
Cc1ccccc1NC(=S)NN,,,,,2.957
CCCC(N)(CCC)CCC,,,,,3.0660000000000003
O=C(O)CO,,,,,1.591
O=C1Nc2ccc(Cl)cc2C(c2ccccc2Cl)=NC1O,,92.8,1.3,17.0,1.854
CO[C@H]1/C=C/O[C@@]2(C)Oc3c(C)c(O)c4c(O)c(c(/C=N/N5CCN(C)CC5)c(O)c4c3C2=O)NC(=O)/C(C)=C\C=C\[C@H](C)[C@H](O)[C@@H](C)[C@@H](O)[C@@H](C)[C@H](OC(C)=O)[C@@H]1C,,,,3.8,
CCCN1CCCC1=Nc1ccc(Cl)c(Cl)c1,,,,,2.107
CCOC(=O)[C@H](CCc1ccccc1)N[C@@H](C)C(=O)N1Cc2ccccc2C[C@H]1C(=O)O,,95.82,,,
CCCCC(CC)COP(=O)(O)O,,,,,1.785
CN(C)P(=O)(OC=C(Cl)Cl)c1ccc(Cl)cc1,,,,,2.799
CCOP(=O)(OCC)OC(=CCl)c1cc(Cl)ccc1Cl,,,,,4.012
CC#CCC(C)[C@H](O)/C=C/[C@@H]1[C@H]2C/C(=C/CCCC(=O)O)C[C@H]2C[C@H]1O,,,,0.57,
COCCn1c2c([n+](Cc3cnccn3)c1C)C(=O)c1ccccc1C2=O,,,23.7,,
CC(CCN(C)C)N(C)C,,,,,2.2840000000000003
C#C[C@]1(O)C=C[C@H]2[C@@H]3CCC4=CC(=O)CC[C@@H]4[C@H]3CC[C@@]21CC,,,,10.0,
CCOC(=O)C(C)(CC)Oc1ccc(Cc2ccc(Cl)cc2)cc1,,,,,1.586
CNC(=O)ON=C1COCCS1,,,,,3.711
CCCCOCCOCC(C)O,,,,,1.644
CC(CC=O)CC=O,,,,,2.165
CCOC(=O)CCCCCC#N,,,,,1.179
Cc1nc2c([nH]1)CCN(C(=O)c1ccc(NC(=O)c3ccccc3-c3ccccc3)cc1)c1ccccc1-2,,,,6.7,
O=C(OCC(COC(=O)c1ccccc1)(COC(=O)c1ccccc1)COC(=O)c1ccccc1)c1ccccc1,,,,,2.679
CN(Cc1cnc2nc(N)nc(N)c2n1)c1ccc(C(=O)NC(CCC(=O)O)C(=O)O)cc1,,,,,3.5269999999999997
CCCC(=O)OC1CCC(N2CCCCC2)CC1,,,,,2.123
CCCn1c(=O)[nH]c(=O)c2[nH]cnc21,,67.12,,1.8,2.6060000000000003
C=COC(=O)CCCCCCC,,,,,1.358
COC(=O)CNCP(=O)(O)Oc1ccccc1,,,,,1.801
Cc1cc(CCCOc2c(Cl)cc(C3=NCCO3)cc2Cl)on1,,99.66,,,
CCCCOC(=O)CC(SP(=O)(OC)OC)C(=O)OCCCC,,,,,2.857
O=C(CCl)OC1=C(OC(=O)CCl)C(=O)OC1=O,,,,,1.85
CN=CNc1ccc(Cl)cc1C,,,,,2.84
CCC(=C(c1ccc(OCCN(C)C)cc1)c1ccc(OP(=O)(O)O)cc1)c1ccc(C(C)C)cc1,,,,,2.812
N#CCNC(=O)c1ccc(-c2ccnc(Nc3ccc(N4CCOCC4)cc3)n2)cc1,,89.7,,,
[NH3+]CCC(O)(P(=O)([O-])[O-])P(=O)([O-])O,,,1.8,,
CCP(=O)(OC)Oc1ccc(C#N)cc1,,,,,5.46
COc1cnc(-c2ccccn2)nc1N(C)c1ccccc1,,96.0,,,
CCCCCCCCCCCCCCCCCCOP(=O)([O-])OCC[N+]1(C)CCCCC1,,,,,2.877
O=C(NCC12CC3CC(CC(C3)C1)C2)c1cc(CN2CC3CNCC(C2)O3)ccc1Cl,,95.33,,,
CC(=O)C1CCCC1=O,,,,,2.158
O=C1c2ccccc2C(=O)N1SC1CCCCC1,,,,,2.002
CCOP(=O)(O)Sc1ccc(C)cc1,,,,,3.667
Cc1ccc(Cl)cc1NC(=O)CCS(=O)(=O)c1ccc(Br)s1,,98.89,,,
O=[N+]([O-])OCC(CO[N+](=O)[O-])O[N+](=O)[O-],,,,,3.335
COc1ccc2c(O[C@@H]3C[C@H]4C(=O)N[C@]5(C(=O)NS(=O)(=O)C6CC6)C[C@H]5/C=C\CCCCN(C)C(=O)[C@@H]4C3)cc(-n3ccc(C(C)C)n3)nc2c1C,-4.8219547,,,,
CNC(=O)/C=C(/c1ccc2nc(N)n(S(=O)(=O)C(C)C)c2c1)c1ccccc1-c1cccc2ccccc12,-4.0300002,,,,
CCC(=O)OC1(c2ccccc2)CCN(C)C1C,,,,,2.99
CCCCCOC(=O)CCC,,,,,1.113
C[NH2+]C(C)C1CCC(N)C(OC2C(N)CC(N)C(OC3OCC(C)(O)C([NH2+]C)C3O)C2O)O1,,,0.33,,
COc1ccc2c(c1)N(C[C@H](C)CN(C)C)c1ccccc1S2,,,,30.0,
CC(=O)[C@H]1CC[C@H]2[C@@H]3CC[C@@H]4C[C@H](O)CC[C@]4(C)[C@H]3CC[C@]12C,,,,4.7,
CCN,,,,,2.052
CNC(=O)Oc1cc(C(C)C)ccc1Cl,,,,,4.035
CCOP(=O)(OCC)Sc1c(Cl)c(Cl)c(Cl)c(Cl)c1Cl,,,,,2.656
CC(C(=O)O[C@@H]1CC[N+](C)(C)C1)(c1ccccc1)C1CCCC1,,77.21,,,
O=C(CSc1nccn(-c2ccc(F)c(F)c2)c1=O)NC1CCCC1,,71.99,,,
COc1ccc(CCN(C)CCCC(C#N)(c2ccc(OC)c(OC)c2)C(C)C)cc1OC,-4.579999900000002,89.27,,2.8,3.445
Nc1nc2c(ncn2COCCO)c(=O)[nH]1,,,0.71,,
O=C(COc1ccc(Cc2ccc(Cl)cc2)cc1)OCc1cccnc1,,,,,2.134
CC(=O)NNc1ccc(N)cc1,,,,,4.218
Clc1cccc2ccccc12,,,,,2.024
C=CCCCCC=C,,,,,0.875
CC1COC(c2ccccc2)O1,,,,,1.7380000000000002
COc1ccc(-c2nc3c(NCCCNC(C)=O)c(Br)cnc3[nH]2)cc1,,97.38,,,
CC(C)=CC(=O)O[C@@H]1Cc2cc3ccc(=O)oc3cc2OC1(C)C,-4.9204097,,,,
Cc1ccc(S(=O)(=O)Nc2c(C(=O)N[C@@H](C)C(C)(C)C)c(C)nn2C2CCN(CC(F)(F)F)CC2)cc1,,88.35,,,
CC(C)CCCO,,,,,1.196
CCN(CC)N=Nc1ccccc1,,,,,2.533
CCCSc1cc(Oc2ccc([N+](=O)[O-])cc2)ccc1Cl,,,,,2.457
CCOC(=O)C(C)Oc1ccc(Oc2cnc3cc(Cl)ccc3n2)cc1,,,,,2.499
Cc1cc(C)c2[nH]c(=O)sc2c1,,,,,1.788
CC(=O)OC(C)C(Cl)(Cl)Cl,,,,,2.358
COc1ccccc1C(C#N)NC(=O)[C@@H]1CCCC[C@H]1C(=O)N1CCN(Cc2ccc(F)cc2)CC1,,94.9,,,
CC[Si]1(CC)N[Si](CC)(CC)N[Si](CC)(CC)N1,,,,,2.199
COP(=O)(OC)OC(=CBr)c1ccc(Cl)cc1Cl,,,,,3.2230000000000003
C=C(C)C(=O)OC[Si]12OCCN(CCO1)CCO2,,,,,1.536
Cc1ccc(C(=O)c2ccc(CC(=O)NNCC(=O)N3CCN(C)CC3)n2C)cc1,,,,,2.6239999999999997
Nc1cc(C(=O)Nc2cccc(-c3nnn[nH]3)c2)cc(C(F)(F)F)c1,,97.81,,,
O=C(Cn1ccnc1)c1ccc2c(c1)Cc1ccccc1-2,,,,,1.78
N#Cc1ccc2ccc(=O)n(CCN3CC[C@@H](NCc4ccc5c(n4)NC(=O)CO5)[C@@H](F)C3)c2c1,,79.55,,,
COc1ccccc1N1CCN(CCCNc2cc(=O)n(C)c(=O)n2C)CC1,,,0.75,3.5,2.872
O=C1CCC(=O)N1c1cc(Cl)cc(Cl)c1,,,,,2.438
O=C1NC(=O)C(c2ccccc2)(c2ccccc2)N1,,,,,2.188
Cc1cccc(N)c1C,,,,,2.114
FC(F)(Cl)C(Cl)Cl,,,,,1.712
FC(F)(F)C(F)(F)OC(F)(F)C(F)(F)F,,,,,1.104
CCO[Si](OCC)(OCC)OCC,,,,,1.521
CCC(C)(O)CC,,,,,2.158
CON(C)C(=O)Nc1ccc(Cl)c(Cl)c1,,,,,2.3369999999999997
C[C@@H]1C[C@H]2[C@@H]3CCC4=CC(=O)C=C[C@]4(C)[C@@]3(F)[C@@H](O)C[C@]2(C)[C@@]1(O)C(=O)CO[C@H]1O[C@@H](CO)[C@H](O)[C@@H](O)[C@@H]1O,-6.54,,,,
CCC(C)C(CN(C)C)c1ccc(Cl)cc1Cl,,,,,2.685
O=C(NC(CO)C(O)c1ccc([N+](=O)[O-])cc1)C(Cl)Cl,,,0.94,,2.111
CCCCc1ncc(/C=C(/Cc2cccs2)C(=O)[O-])n1Cc1ccc(C(=O)[O-])cc1,,,0.17,,
CCC#CCC(C)C(O)C#CC1C(O)CC2C/C(=C\COCCCC(=O)[O-])CC21,,,2.4,,
CN(C)CCN1C(=O)c2ccccc2N(C)c2ccccc21,,,,,3.128
O=[N+]([O-])c1c[nH]cn1,,,,,2.275
C=CCC(CC=C)C(=O)O,,,,,2.391
CN(CCO)Cc1cc(C(=O)c2cccs2)cc(C(C)(C)C)c1O,,,,,2.541
CCOP(=O)(CCCl)OCC,,,,,2.302
N#CC[C@H](C1CCCC1)n1cc(-c2ncnc3[nH]ccc23)cn1,,94.68,,,
Cc1cn([C@H]2CCCN(S(=O)(=O)c3ccc(CO)c(Oc4cccc(Cl)c4)c3)C2)c(=O)[nH]c1=O,,92.64,,,
CCOC(=O)C(CC(C)C)NC(=O)C(Cc1ccc(N(CCCl)CCCl)cc1)NC(C)=O,,,,,3.856
OCCN1CC1,,,,,3.071
CCOP(N)(=O)SC,,,,,4.492
CS(=O)C(C)(C)CO,,,,,1.081
O=C1C2(Cl)C3(Cl)C4(Cl)C(Cl)(Cl)C5(Cl)C3(Cl)C1(Cl)C5(Cl)C24Cl,,,,,3.73
CCN(CC)c1nc(NC(C)C)nc(OC)n1,,,,,2.432
CC(N)(Cc1ccc(O)c(O)c1)C(=O)O,,,,,1.626
COP(=O)(OC)SCCSC,,,,,4.034
C=CCc1cc(OC)c(OC(C)C(O)c2cc(O)cc(OC)c2)c(OC)c1,-4.6500001,,,,
CC(OC1OCCN(Cc2nn(P(=O)([O-])[O-])c(=O)[nH]2)C1c1ccc(F)cc1)c1cc(C(F)(F)F)cc(C(F)(F)F)c1,,,0.07,,
CCOC(=O)Nc1ccco1,,,,,1.893
CC1=NS(=O)(=O)c2cc(Cl)ccc2N1,,,0.21,48.0,
CC(=O)Nc1nc(CCc2ccc(NC(=N)N)cc2)cs1,,53.45,,,
O=c1[nH]cc2ncnc-2[nH]1,,,,,2.119
O=C(Nc1nc2ccc([N+](=O)[O-])cc2s1)c1ccc([N+](=O)[O-])cc1,,,,,2.361
CC(C)(C)C(=O)O,,,,,2.055
CCOC(C1=NCC(C)CN1)c1ccc(Cl)cc1,,,,,2.551
Nc1c(Cl)cc(Cl)cc1Cl,,,,,1.7080000000000002
CCOP(=S)(OCC)SCCC(F)=C(F)F,,,,,2.636
C=CC1=C(C)/C(=C\c2[nH]c(Cc3[nH]c(/C=C4/NC(=O)C(C)=C4C=C)c(C)c3CCC(=O)NCCS(=O)(=O)O)c(CCC(=O)NCCS(=O)(=O)O)c2C)NC1=O,-6.0594678,,,,
N#CC(c1ccccc1)c1ccccc1,,,,,1.742
CCSC(=O)N(CC)C1CCCCC1,,,,,2.108
Cc1ccc(-c2cc(C(F)(F)F)nn2-c2ccc(S(N)(=O)=O)cc2)cc1,-4.8050604,98.94,,,
CN1CCN(C(=O)c2cc(Cc3n[nH]c(=O)c4ccccc34)ccc2F)CC1,,71.05,,,
COc1ccccc1C(=O)/C=C/c1ccccc1C(F)(F)F,,99.91,,,
C=C1C(=O)OC2CC(C)C3C=CC(=O)C3(C)C(O)C12,,,,,3.322
CC(C)=C1C(=O)N(c2ccccc2)N(c2ccccc2)C1=O,,,,,2.357
CC(=O)OC1c2cccc(O)c2C(=O)c2c(O)cccc21,,,,,2.9130000000000003
O=C1OCc2c(Cl)c(Cl)c(Cl)c(Cl)c21,,,,,1.133
NC(=O)N1c2ccccc2CC(O)c2ccccc21,,,0.72,,
CN1CCC(CN2c3ccccc3Sc3ccccc32)C1,,,,,3.262
N#CCC(=O)O,,,,,1.754
C=C(C)C1CCC(C)CC1O,,,,,2.2159999999999997
CCOP(=S)(OC)Oc1cnn(C)c(=O)c1OC,,,,,4.806
CCC(O)CC,,,,,1.673
COCCOCCOCCO,,,,,1.162
Nc1nc(Cl)nc2c1ncn2C1CC(O)C(CO)O1,,,7.7,,
CN1C(=O)CC(N2CCCN(CCCN3c4ccccc4CCc4ccc(C(=O)O)cc43)CC2)N(C)C1=O,-5.3600001,,,,
CCS(=O)(=O)c1ccc(-c2cc(Cl)ccc2OCC(=O)O)c(C)c1,,99.71,,,
O=C1NCc2ccccc2O1,,,,,2.1519999999999997
O=[N+]([O-])CCCO,,,,,3.135
Cc1ccc(C(=O)c2ccc(CC(=O)NCCn3cnc4c3c(=O)n(C)c(=O)n4C)n2C)cc1,,,,,2.5860000000000003
Cc1c[nH]c(-c2cnc(NCCNc3ccc(C#N)cn3)nc2-c2ccc(Cl)cc2Cl)n1,,98.13,,,
C=CCOc1ccccc1C(=O)NCCO,,,,,2.2840000000000003
Cc1ncc(NC(=O)c2cc(NC(=O)c3cccc(Cl)c3)ccc2Cl)s1,,99.8,,,
CCC(=O)N(c1ccccc1)C1CCN(CCCC(=O)c2ccc(F)cc2)C2CCCCC21,,,,,3.11
Nc1nc[nH]n1,,,,,1.883
CCOP(=O)(Oc1cnn(C)c(=O)c1OC)N(C)C,,,,,4.765
Cc1c(F)cc(C(=O)NC2CC2)cc1-c1ccc(C(=O)NCC(C)(C)C)cn1,,88.11,1.67,,
CN(C)N=Nc1ccccc1,,,,,2.682
CC12CCC3c4ccc(O)cc4CCC3C1CCC2OC(=O)COC(=O)CCCc1ccc(N(CCCl)CCCl)cc1,,,,,2.9560000000000004
CC(C)=CC1C(C(=O)OCc2coc(Cc3ccccc3)c2)C1(C)C,,,,,3.73
O=C(NCc1ccc(F)c(C(F)(F)F)c1)C1c2ccccc2C(=O)N1CCc1ncc(F)cn1,,95.23,,,
CC(=NO)C(=O)c1ccccc1,,,,,1.585
CC1(C)CC(N)CC(C)(C)N1,,,,,2.237
CCCCN(CCCC)C(=O)N(CCCC)CCCC,,,,,1.224
CC1Cc2cc3c(cc2C(c2ccc(N)cc2)=NN1)OCO3,,,,,2.926
CCC1(O)CC2CN(CCc3c([nH]c4ccccc34)C(C(=O)OC)(c3cc4c(cc3OC)N(C)C3C(O)(C(N)=O)C(O)C5(CC)C=CC[NH+]6CCC43C65)C2)C1,,,5.0,,
CSCOC1CC2OCC2(OC(C)=O)C2C(OC(=O)c3ccccc3)C3(O)CC(OC(=O)C(O)C(NC(=O)c4ccccc4)c4ccccc4)C(C)=C(C(OC(C)=O)C(=O)C12C)C3(C)C,,,11.0,,
CCCOCCO,,,,,1.528
COc1cc(C(=O)NC2CCCNC2)cc(OC)c1OC,,,,,2.147
O=C(Nc1ccc(Cl)c(C(=O)Nc2cccnc2)c1)c1cccc(Cl)c1,,98.29,,,
Cc1cc2[nH]c(C(F)(F)F)nc2c([N+](=O)[O-])c1C,,,,,3.588
O=C(CN1CC1)NCCCCCCCCNC(=O)CN1CC1,,,,,3.14
C[C@@H](NC(=O)C1(NC(=O)C(F)(F)F)CC1)c1ccc(-c2cc(Cl)ccc2-c2nnn(C)n2)cc1F,-4.5528421,,,,
Cc1nccn1-c1ccc(Sc2cccc(C3(C(N)=O)CCOCC3)c2)cc1,,93.1,,,
OC(c1ccccc1)c1ccccc1,,,,,1.5659999999999998
CCCN(CCC)C(=O)CCC(=O)OCC,,,,,1.652
Cc1cccc(Cn2ccn3c(=O)cc(N4CCOCC4)nc23)c1,,88.11,,,
FC(F)(F)c1nc2c(Br)c(Br)cc(Br)c2[nH]1,,,,,4.52
CC1OC1(C)C,,,,,1.514
CS(=O)(=O)OC(CCN1CCCCC1)(c1ccccc1)c1ccccc1,,,,,2.479
CC(C)NS(=O)(=O)n1c(N)nc2ccc(C(C(N)=O)c3cccc(F)c3)cc21,-4.3312735999999985,,,,
C[C@@H](NC(=O)[C@H]1CCCNC1)c1ccc(Nc2ncc3cc(-c4ccncc4)ccc3n2)cc1,,94.56,,,
COc1ccc2cc1Oc1cc3c(cc1OC)CC[N+](C)(C)C3Cc1ccc(cc1)Oc1c(OC)c(OC)cc3c1C(C2)[N+](C)(C)CC3,,,0.4,,
O=c1n(CCCN2CCN(c3cccc(Cl)c3)CC2)nc2ccccn12,-4.619999900000002,97.0,0.52,7.3,2.732
CCOc1cc(Nc2nc3c(cc2F)ncn3[C@@H](CO)c2ccc(F)cn2)n[nH]1,,86.85,,,
CN1CCC(Oc2ccc(N)cc2)(c2ccccc2)CC1,,,,,2.838
CC(=O)c1cccc([N+](=O)[O-])c1,,,,,1.706
COc1c(N2CC[NH2+]C(C)C2)c(F)cc2c(=O)c(C(=O)[O-])cn(C3CC3)c12,,,1.7,,
O=C1C=CC(=O)N1C(=O)NCNC(=O)N1C(=O)C=CC1=O,,,,,2.313
CC(C)OP(=O)(F)OC(C)C,,,,,4.566
C/C=C1\NC(=O)C2CSSCC/C=C\C(CC(=O)NC(C(C)C)C(=O)N2)OC(=O)C(C(C)C)NC1=O,,,1.2,,
CCN(N=O)C(C)(C)C,,,,,1.91
NCCCC[C@H](NC(=O)[C@@H](Cc1cc(Br)c(O)c(Br)c1)NC(=O)N1CCC(N2Cc3ccccc3NC2=O)CC1)C(=O)N1CCN(c2ccncc2)CC1,,,,2.5,
CC(C)(C)NCCO,,,,,1.859
C=CP(=O)(OCCCl)OCCCl,,,,,2.372
Cc1ccc(C(C)(C)C)cc1,,,,,1.916
O=C1C=CC(=O)N1c1ccccc1Cl,,,,,2.6010000000000004
CCOCCOC(=O)C(C)Oc1ccc(Oc2ncc(C(F)(F)F)cc2Cl)cc1,,,,,2.923
CCN(CC)CCNC(=O)c1cc(Br)c(N)cc1OC,,,,2.9,2.8
COc1c(N2CC(C)CC([NH3+])C2)ccc2c(=O)c(C(=O)[O-])cn(C3CC3)c12,,,1.9,,
CC(C)(C)C(O)C(Cc1ccc(Cl)cc1Cl)n1cncn1,,,,,1.914
CC(C)(C)COc1ccc(-n2cc(C(=O)O)cn2)cc1C#N,,97.76,,,
CC(C)OP(OC(C)C)OC(C)C,,,,,3.096
CN(CCC(N)CC(=O)NC1C=CC(n2ccc(N)nc2=O)OC1C(=O)O)C(=N)N,,,,,4.422
COc1ccc2cc(CCC(C)=O)ccc2c1,,,,,1.77
COCCOC(=O)C(=Cc1cccc([N+](=O)[O-])c1)C(C)=O,,,,,1.768
CCC(=O)OCC=Cc1ccccc1,,,,,1.7480000000000002
CC(S)C(=O)NCC(=O)[O-],,,1.39,,
C[Si](C)(C)CC(=O)O,,,,,1.644
Oc1ccc2ccccc2c1Cl,,,,,1.888
C=CC(=O)NC(C)C,,,,,2.48
CC1CN(c2cc(=O)[nH]c(NCc3cccc4ccccc34)n2)CCO1,,98.7,,,
COc1c(OP(=O)(OCC(C)C)OCC(C)C)cnn(C)c1=O,,,,,3.986
C[C@H]1CN(Cc2cc(Cl)ccc2OCC(=O)O)CCN1C(=O)Cc1ccc(F)cc1,,97.13,,,
CN1C(=O)CC(N2CCCN(CC/C=C3/c4ccccc4COc4ccc(CC(=O)O)cc43)CC2)N(C)C1=O,-5.4000001,,,,
CNC(=O)Oc1ccc(N(C)C)c(C)c1,,,,,3.841
CCOc1ccc(N(N=O)C(C)=O)cc1,,,,,3.996
NC(=O)Cc1nc2cc(Cl)ccc2o1,,,,,2.448
CC(Cc1ccccc1)C(=O)C(C)Cc1ccccc1,,,,,2.001
CCOC(=O)CI,,,,,3.631
CCOC(=O)COc1ccc(C(=O)CN2CCN(C3CCN(C(=O)OCOC(=O)C(C)(C)C)CC3)CC2=O)cc1,-4.2600002,,,,
CCOC(=O)c1cnc2n(c1=O)C(C)CCC2,,,,,2.032
O=C1OC(=O)c2ccc(Cl)c3cccc1c23,,,,,1.828
COc1cc(N2CCC(N3CCN(C)CC3)CC2)ccc1Nc1ncc(Cl)c(Nc2ccccc2S(=O)(=O)C(C)C)n1,,96.72,,,
CCCCOC(=O)CC(C(=O)OCCCC)P(=O)(OCCCC)OCCCC,,,,,1.228
CCOP(=S)(CCl)Oc1ccc(C#N)cc1OC,,,,,3.634
c1ccc(Nc2cccc3ccccc23)cc1,,,,,2.13
CS(=O)(=O)c1ccccc1-c1ccc(NC(=O)c2cc(C(F)(F)F)nn2-c2cccc(CN)c2)cc1,-5.5,,,,
CCOP(=O)(OCC)N(SN(C)C(=O)ON=C(C)SC)C(C)C,,,,,3.588
CSc1nc(C(C)(C)C)nn1C(=O)N(C)C,,,,,4.208
[NH3+]C(C(=O)[O-])C1CC(Cl)=NO1,,,0.5,,
CC(=O)Nc1ccc(-c2ccc(N)cc2)cc1,,,,,2.142
CN(C)C=Nc1c(I)cc(I)c(CCC(=O)O)c1I,,,,,2.764
CC(C)Cc1c(C(=O)C(N)=O)c2c(OCC(=O)NS(C)(=O)=O)cccc2n1Cc1ccccc1,,97.49,,,
COc1ccc2c(=O)c3ccccc3oc2c1CN1CCCCC1,,,,,3.247
FC(F)(F)c1nc2c(Cl)cc(Cl)cc2[nH]1,,,,,4.89
COC1(C)CC(c2ccccc2)c2c(c3ccccc3oc2=O)O1,,,,,1.906
COP(C)(=S)SCn1c(=O)oc2cccnc21,,,,,2.22
Nc1ncc(C=Cc2ccc([N+](=O)[O-])o2)nn1,,,,,2.97
CC[C@H](C)C(=O)O[C@H]1C[C@H](O)C=C2C=C[C@H](C)[C@H](CC[C@@H](O)C[C@@H](O)CC(=O)O)[C@H]21,-5.8400002,,,0.78,
C[C@@H](C(=O)NCCN1CCCC1)c1ccc(OS(=O)(=O)C(F)(F)F)cc1,,67.63,,,
CCOC(=O)c1cnc2cc(OCC3CC3)c(OCC3CC3)cc2c1O,,,,,2.076
CCN(CC)C(=O)Cc1ccccc1,,,,,2.365
c1ccc2c(c1)Sc1ccccc1N2CCCN1CCOCC1,,,,,2.514
CCCC1C2C=CC(C2)C1C=O,,,,,1.5530000000000002
C#CCBr,,,,,3.3510000000000004
COc1ccc2c(c1)N(CCN1CCC(NCc3ccc4c(n3)NC(=O)CO4)CC1)C(=O)CO2,,88.82,,,
COC(=O)C1=C(C(=O)OC)CCCC1,,,,,2.452
Nc1nc(-c2ccc(Cl)c(Cl)c2)c(-c2ccncc2)s1,,99.26,,,
CCOc1ccc2c(c1)C(C)=CC(C)(C)N2,,,,,2.434
C=CCOC(=O)c1ccc(C(=O)OCC=C)c(C(=O)OCC=C)c1,,,,,2.139
Nc1nc(N[NH+]=CC2CCCCC2)nc2c1ncn2C1OC(CO)C(O)C1O,,,0.4,,
O=C1C=CC(=O)c2c(O)cccc21,,,,,3.1919999999999997
CC12CCCC(C)(OC1)O2,,,,,1.935
FC(F)(F)c1cc(Cl)ccc1Cl,,,,,1.662
OCC[NH+]1CCN(CCCN2c3ccccc3Sc3ccc(C(F)(F)F)cc32)CC1,,,2.9,,
CCOC(=O)c1cncn1C(C)c1ccccc1,,,2.7,,
c1ccc(C2([NH+]3CCCCC3)CCCCC2)cc1,,,6.9,,
CCN(Cc1c(F)cccc1Cl)c1c([N+](=O)[O-])cc(C(F)(F)F)cc1[N+](=O)[O-],,,,,2.134
CCNC(C)c1ccccc1,,,,,2.6180000000000003
Cc1occc(=O)c1O,,,,,1.952
O=C1OC(=O)C2C1C1(Cl)C(Cl)=C(Cl)C2(Cl)C1(Cl)Cl,,,,,2.207
c1ccc2sc(SN3CCOCC3)nc2c1,,,,,2.105
CCCOC(C(=O)OC1CC[NH+](C)CC1)(c1ccccc1)c1ccccc1,,,2.73,,
CNC(=O)Oc1cccc2c1OC(C)(C)C2O,,,,,4.12
CC(=O)OCOC(=O)C1=C(COC(N)=O)SC2C(C(C)O)C(=O)N12,,,,,1.6980000000000002
CCCCCCCCCCCCC(Br)C(=O)O,,,,,2.5839999999999996
CCCCn1ncc(OP(=S)(OCC)OC(C)C)c(OC)c1=O,,,,,4.218999999999999
CCC(=O)OC1(c2ccccc2)CCN(C)CC1C,,,,,3.463
CCCC1C(=O)N(c2ccccc2)N(c2ccccc2)C1=O,,,,,2.745
CC1=C(C(=O)[O-])N2C(=O)C(NC(=O)C([NH3+])c3ccccc3)C2SC1,,,0.21,,
COc1nc(C(Cl)(Cl)Cl)c(Cl)c(OC)c1Cl,,,9.1,,
O=C(NCCO)c1ccccc1O,,,,,1.625
O=c1c(O[C@@H]2O[C@H](CO)[C@@H](O)[C@H](O)[C@H]2O)c(-c2ccc(O)c(O)c2)oc2cc(O)cc(O)c12,-6.27,,,,
C=C(C)C(=O)OC=C(C)C,,,,,1.446
CC(C)NC[C@H](COc1cccc2ccccc12)OC(=O)C1CC1,-4.5100002,,,,
CCOC(=O)CCC[Si](C)(OCC)OCC,,,,,1.045
CCOC(OCC)OCC,,,,,1.3219999999999998
CC1(C)C(=O)N(Cl)C(=O)N1Cl,,,,,2.5610000000000004
CN(Cc1ccccc1)N=O,,,,,3.921
CC(Cc1ccccc1)NCCn1cnc2c1c(=O)n(C)c(=O)n2C,,,,,3.533
Clc1cc2c(cc1Cl)Oc1c(Cl)c(Cl)c(Cl)c(Cl)c1O2,,,,,5.644
COc1ccc2c(O[C@@H]3C[C@H]4C(=O)N[C@]5(C(=O)NS(=O)(=O)C6CC6)C[C@H]5/C=C\CCCCN(C)C(=O)[C@@H]4C3)cc(-c3cccc(C(C)C)n3)nc2c1C,-4.9204097,,,,
CN(C)C(=O)CCSC(SCCC(=O)[O-])c1cccc(/C=C/c2ccc3ccc(Cl)cc3n2)c1,,,0.11,,
C#CCCC#CC#CCCCCO,,,,,2.843
N#CSc1cccc(C(=O)O)c1,,,,,3.39
Cc1cc(O)c2c(=O)c3c(O)cc(O)c4c5c(O)cc(O)c6c(=O)c7c(O)cc(C)c8c1c2c(c34)c(c78)c65,,,,42.0,
COc1cc2c3cc1Oc1cc(ccc1O)CC1c4c(cc(OC)c(O)c4Oc4ccc(cc4)CC3[NH+](C)CC2)CC[N+]1(C)C,,,0.45,,
CC(C(=O)O)c1ccc2c(c1)CC(=O)c1ccccc1S2,,,,,2.846
CC1=CC(=O)N2CC(=O)N(C)c3ccc(Cl)cc3C2(c2ccccc2)O1,,,,,1.868
CCCCOC(=O)CC#N,,,,,1.529
OCCNCCO,,,,,2.17
COC(=O)C1=C(C)NC(C)=C(C(=O)OC(C)C)C1c1cccc2nonc12,,,1.5,3.3,
CC1(C)CCC2(C(=O)[O-])CCC3(COC(=O)/C=C/c4cc(O)ccc4NC(=O)/C=C/C(=O)[O-])C(=CCC4C5(C)CCC(=O)C(C)(C)C5CCC43C)C2C1,,,1.45,,
Cc1nc(N)nc(N)c1-c1ccc(Br)cc1,,,,,3.048
CN1CCC(=C2c3ccccc3Sc3ccccc32)CC1,,,,,2.727
CCCCCCCCCCCCOS(=O)(=O)O,,,,,2.312
Nc1nc(F)nc2c1ncn2[C@@H]1O[C@H](CO)[C@@H](O)[C@@H]1O,,,,11.0,
C=COC(C)=O,,,,,1.47
COc1cc(C=CC(N)=O)ccc1O,,,,,1.587
CC(C)(C)c1ccc(O)cc1,,,,,1.707
CN(C)C(=O)Nc1ccc(Cl)c(Cl)c1,,,,,2.36
COC(=O)[C@H]1[C@H]2C[C@@H]3c4[nH]c5cc(OC)ccc5c4CCN3C[C@H]2C[C@@H](OC(=O)c2cc(OC)c(OC)c(OC)c2)[C@@H]1OC,-5.369999900000002,,,,
CN(CC=CC#CC(C)(C)C)Cc1cccc2ccccc12,,,,,1.862
ClC1(Cl)C2(Cl)C3C4(Cl)C1(Cl)C1(Cl)C4(Cl)C(Cl)(Cl)C3(Cl)C21Cl,,,,,3.407
O=C(Nc1ccc(Cl)cc1)c1cc(Cl)cc(-c2ccc(Cl)cc2)c1O,,,,,2.145
CCCn1c(=O)[n-]c(=O)c2nc[nH]c21,,,0.63,,
C[C@@H]1NC(=O)[C@H](C)N(C)C(=O)[C@@H](C)N(C)C(=O)[C@H](C)N(C)C(=O)[C@@H](C)NC(=O)[C@@H](C)N(C)C1=O,-5.3000002,,,,
CC(Cc1ccccc1)N(C)C(=O)Cn1nc(-c2ccccc2)ccc1=O,,,,,2.7510000000000003
CCOc1ccc(/C=C2\NCCc3cc(OCC)c(OCC)cc32)cc1OCC,,,1.9,9.3,
CCCOC(=O)c1cc(O)c(O)c(O)c1,,,,,2.005
CCCN(CCC)c1c([N+](=O)[O-])cc(C(F)(F)F)c(N)c1[N+](=O)[O-],,,,,1.357
CC(=O)Nc1cnc2ccn(-c3cc(NC4CC4)n4ncc(C#N)c4n3)c2c1,,97.49,,,
CN1C[C@H](C(=O)N[C@]2(C)O[C@@]3(O)[C@@H]4CCCN4C(=O)[C@H](Cc4ccccc4)N3C2=O)C=C2c3cccc4[nH]cc(c34)C[C@H]21,,,,2.1,
N#Cc1cc2[nH]c(C(F)(F)F)nc2c(Cl)c1Cl,,,,,1.85
NC(=O)c1ncn(C2OC(CO)C(O)C2O)c1O,,,,,1.922
CN(C)CCCOc1nn(Cc2ccccc2)c2ccccc12,,,,,2.513
Nc1ccccc1[N+](=O)[O-],,,,,1.936
O=c1[nH]c2c(Cl)c(Cl)cc(Cl)c2o1,,,,,2.678
Cc1ccc(N=c2sccn2C)c(C)c1,,,,,2.479
CC(=S)Nc1ccccc1,,,,,1.759
COc1ccccc1C=Nc1ccccc1C(=O)O,,,,,2.231
CCCCCOc1ccc(C2SC(=O)NC2=O)cc1OCC,,,,,1.873
COC(=O)C(C)N(OC)c1c(C)cccc1C,,,,,2.622
CCOC(=O)[C@H](Cc1ccc(OC(=O)N(C)C)cc1)NC(=O)[C@H]1N(S(=O)(=O)c2cnn(C)c2)CSC1(C)C,-5.369999900000002,,,,
COCCNC(=O)c1ccc(Nc2ncc3cc(-c4cnccc4C)ccc3n2)cc1,,97.38,,,
CCCC(C)C1(CC)C(=O)NC(=S)NC1=O,,,,2.0,
O=c1cc(N2CCOCC2)nc(NCc2c(Cl)cccc2Cl)[nH]1,,96.0,,,
CC(=O)NC(=O)[C@@H](N)Cc1c[nH]c2ccccc12,-5.619999900000002,,,,
C[C@@](C(=O)O[C@H]1C[N+]2(CCCc3ccc4ncsc4c3)CCC1CC2)(c1ccccc1)N1CCCCC1,,95.72,,,
Cc1cc(C(=O)Nc2ccc(-c3ccccc3S(C)(=O)=O)cc2F)n(-c2cccc(CN)c2)n1,-5.5,,,,
COc1cccc2c1c(NS(=O)(=O)c1ccc(Cl)s1)nn2Cc1cccc(CNC(=O)C(C)(C)O)c1,,98.67,,,
CCN=C1SC(=NOC(=O)NC)C(C)(C)S1,,,,,4.618
CCOC(=O)N(C)N=O,,,,,2.866
ClC1=C(Cl)C2(Cl)C(C(Cl)Cl)CC1(Cl)C2(Cl)Cl,,,,,2.38
CNCCCN1c2ccccc2CCc2ccccc21,,85.19,,22.0,2.8510000000000004
COc1ccc2c(c1)c(CC(=O)OCC(=O)O)c(C)n2C(=O)c1ccc(Cl)cc1,,,,,4.235
CC(=O)C1OC1(C)C,,,,,1.851
CC(C)(C)c1nnc(NS(=O)(=O)c2ccccc2)s1,,,,,2.7739999999999996
COCCOc1cc2ncc(C(N)=O)c(Nc3cc(C)ccc3F)c2cc1N1CCN(C)CC1,,83.68,,,
COc1cc2c3cc1Oc1cc(ccc1O)C[C@@H]1c4c(cc(OC)c(O)c4Oc4ccc(cc4)C[C@@H]3N(C)CC2)CC[N+]1(C)C.[Cl-],,,,2.0,
CCSC(=O)NC1CCCCC1,,,,,1.825
CC(C)C(NC(=O)[C@@H]1CCCN1C(=O)[C@@H](NC(=O)c1ccc(C(=O)N2CCOCC2)cc1)C(C)C)C(=O)C(F)(F)C(F)(F)F,-5.098455,,,,
COC(=O)C1(O)c2ccccc2-c2ccc(Cl)cc21,,,,,1.947
CC(C)c1ccccc1C(C)C,,,,,1.464
CCC(O)C(C)C1OC1CC(C)(O)/C=C\C=C(/C)C1OC(=O)CC(O)CCC(C)(O)C(OC(=O)N2CC[NH+](C3CCCCCC3)CC2)/C=C/C1C,,,10.1,,
C=CS(C)(=O)=O,,,,,2.27
Cc1cc2c(C(C)C)c(O)c(O)c(C=O)c2c(O)c1-c1c(C)cc2c(C(C)C)c(O)c(O)c(C=O)c2c1O,,,,,2.35
ClC(Cl)C(Cl)(Cl)Cl,,,,,2.342
COc1ccc(Cc2c(N)n[nH]c2N)cc1,,80.65,,,
CC(=O)OCC1OC(n2ncc(=O)[nH]c2=O)C(OC(C)=O)C1OC(C)=O,,,,,1.491
CC(=O)OC(C(=O)NC(N)=O)c1ccccc1,,,,,2.051
CCOC(=O)C(F)(F)C(F)(F)C(F)(F)C(=O)OCC,,,,,1.773
CCOC(=O)C1CCCCC1C(=O)OCC,,,,,1.767
O=c1[nH]cnc2c1ncn2[C@H]1CC[C@@H](CO)O1,,,,1.4,
O=C1OC(c2cc(I)c(O)c(I)c2)(c2cc(I)c(O)c(I)c2)c2ccccc21,,,,,2.468
COc1cc2ncc(C(N)=O)c(Nc3cccc(Cl)c3Cl)c2cc1NCCN(C)C,,89.7,,,
C[C@@]1(c2cc(-c3cncnc3)c(F)cc2F)CCSC(N)=N1,,54.02,,,
CC(C)(C)c1ccc(C(=O)OCC(Cl)(Cl)Cl)o1,,,,,1.874
CC1CC(C)(C)CC(OOC(C)(C)C)(OOC(C)(C)C)C1,,,,,1.369
COC(=O)N(C)c1c(N)nc(-c2nn(Cc3ccccc3F)c3ncccc23)nc1N,,91.46,,,
O=C1CCCN1c1cccc2cccnc12,,,,,2.109
CCN(CC)c1nc(C)cc(OP(=S)(OC)OC)n1,,,,,2.388
CCC(=O)c1ccc(OCC(O)CO)c(OC)c1,,,,,2.191
CCCCCCCCCCCCCNCCCCCCCCCCCCC,,,,,1.588
CC(C(=O)O)c1ccc(-n2cc3ccccc3n2)cc1,,,,,2.235
Cc1nc(=O)c2cc(CN(C)c3ccc(C(=O)NC(CCC(=O)[O-])C(=O)[O-])s3)ccc2[nH]1,,,6.57,,
CC(NC(=O)C(N)CC(N)=O)C(N)=O,-6.5885487000000005,,,,
O=C1CCCN1C1CCCCC1,,,,,2.655
CCOP(=O)(NC(C)C)SCC(=O)NCOC,,,,,3.4539999999999997
O=C(Nc1ccc(Cl)c(S(=O)(=O)N2CCNCC2)c1O)Nc1cccc(F)c1Cl,,99.71,,,
CCC1=C(C)CN(C(=O)NCCc2ccc(S(=O)(=O)[N-]C(=O)NC3CCC(C)CC3)cc2)C1=O,,,0.19,,
CC(C)(C)OO,,,,,2.387
C=CCn1c(=O)c2[nH]c(C)nc2n(CCCC)c1=O,,,,,4.039
COCC(C)n1nc(C)c(C(=O)N[C@@H](C)C(C)(C)C)c1NS(=O)(=O)c1ccc(C)cc1,,91.64,,,
c1ccc2c(c1)CCN(c1ccncc1)C2,,56.86,,,
N#CCCC#N,,,,,2.25
CCOP(=O)(CC)Oc1cc(C)nc(SCC)n1,,,,,3.764
Cc1cccc(Nc2ccccc2C(=O)O)c1C,,,,,2.513
CSc1ccc(OP(C)(C)=S)cc1C,,,,,3.148
CCCc1ccccc1,,,,,1.2990000000000002
Cc1cc(Nc2cc(N3CC[NH+](C)CC3)nc(Sc3ccc(NC(=O)C4CC4)cc3)n2)n[nH]1,,,5.1,,
CCOCCCCO,,,,,1.47
O=C(O)CCCOc1ccc(Cl)cc1Cl,,,,,2.551
CNCC(=O)N[C@H](c1cccc(F)c1N1CCN(C(=O)[C@H](C)Cc2ccc(Cl)cc2Cl)CC1)C(C)C,-5.6999998,,,,
C#CCOC(=O)CCCCC(=O)OCC#C,,,,,3.0460000000000003
O=C(Nc1cccc(C(F)(F)F)c1)c1nscc1NCc1ccncc1,-5.158072,,,,
Cn1nnnc1SCC1=C(C(=O)[O-])N2C(=O)C(NC(=O)C(O)c3ccccc3)C2SC1,,,0.16,,
COc1cc(-n2cnc3cc(-c4ccc(Cl)cc4)sc3c2=O)ccc1OCCN1CCCC1,,98.61,,,
NC(=O)n1c(O)c(C(=O)c2cccs2)c2cc(Cl)ccc21,-4.3103647,,,,
COc1ccc(NC(=O)c2ccnc(N)n2)cc1,,71.05,,,
Cc1ccc(-n2c(C)cc(/C=C3\SC(=O)NC3=O)c2C)cc1,,99.84,,,
O=CNC(N1CCN(C(NC=O)C(Cl)(Cl)Cl)CC1)C(Cl)(Cl)Cl,,,,,1.86
COP(=S)(OC)SCC(=O)N(c1ccc(Cl)cc1)C(C)C,,,,,2.892
Cn1cc(NC(=O)Nc2cc(C(=O)Nc3cc(C(=O)Nc4ccc5cc(S(=O)(=O)O)cc(S(=O)(=O)O)c5c4)n(C)c3)n(C)c2)cc1C(=O)Nc1cc(C(=O)Nc2ccc3cc(S(=O)(=O)O)cc(S(=O)(=O)O)c3c2)n(C)c1,,,,730.0,
CCc1nc2c(N)nc3ccccc3c2n1CC(C)C,,88.35,,,
COC(=O)NS(=O)(=O)c1ccc(N)cc1,,,,,2.061
NC(=O)c1cnc2[nH]c(-c3ccc(OCCN4CCCCC4)cc3)nc2c1NCCCNC(=O)C1CCC1,,78.41,,,
CC(=O)CC(C)(C)O,,,,,1.463
CC(=O)c1sc(NC(=O)N[C@@H]2CCCC[C@H]2CN2CCC[C@@H](Cc3ccc(F)cc3)C2)nc1C,-5.221849,,,,
CC(C)CC(=O)CC(C)C,,,,,1.393
C#CCN(C)Cc1ccccc1,,,,,2.725
Cc1cn([C@H]2CCCN([C@H](CC(C)(C)C)c3ccc(C(=O)O)c(Oc4cccc(Br)c4)c3)C2)c(=O)[nH]c1=O,,97.13,,,
CC(C)OP(=S)(CCl)Sc1ccc(Cl)cc1,,,,,4.084
C=C[Si](OC(C)(C)C)(OC(C)(C)C)OC(C)(C)C,,,,,2.048
COc1cc2ncc(C(N)=O)c(Nc3ccc(Cl)cc3Cl)c2cc1N1CCN(C)CC1,,96.79,,,
CP(C)(=O)CN1C(=O)CN=C(c2ccccc2)c2cc(Cl)ccc21,,,,,2.064
COc1ccccc1Oc1c(NS(=O)(=O)c2ccc(C(C)(C)C)cc2)nc(-c2ncccn2)nc1OCCO,,98.7,,4.1,
COc1ccc2c(c1)c(CC(=O)Oc1ccccc1C(=O)O)c(C)n2C(=O)c1ccc(Cl)cc1,,,,,3.905
[O-][n+]1cccc(CSc2ccncn2)c1,,,,,1.979
C[C@@H]1NC(=O)[C@@H](C)NC(=O)[C@H](C)N(C)C(=O)[C@@H](C)NC(=O)[C@@H](C)NC(=O)[C@H](C)N(C)C1=O,-5.8200002,,,,
CN1c2c(oc(=O)n(-c3ccccn3)c2=O)-c2ccccc2S1(=O)=O,,,,,2.397
COc1cc(OC)c(S(=O)(=O)NCc2ccccc2N2CCC(CO)CC2)cc1NC(C)=O,,87.37,,,
CC(=O)c1cccnc1,,,,,3.378
CN(c1c(Br)cc(Br)cc1Br)c1c([N+](=O)[O-])cc([N+](=O)[O-])cc1C(F)(F)F,,,,,5.461
CO[C@@H]1C[C@H]2C(=O)C=C3C(CC[C@]4(C)[C@@H]([C@@](C)(O)[C@@H](CCC(C)C)OC)CC[C@@]34O)[C@]2(C)C[C@@H]1O,-4.5380535,,,,
CCCCCCCCCc1ccc(O)cc1,,,,,2.134
CN(C)C(=O)NC1CCCCCCC1,,,,,2.121
CCCCCOc1ccc(Br)cc1COCCN1CCOCC1,,,,,2.508
[NH3+]C(CC(=O)N1CCn2c(nnc2C(F)(F)F)C1)Cc1cc(F)c(F)cc1F,,,2.8,,
C=C(C)C=O,,,,,2.7
NC(Cc1c[nH]c2ccc(O)cc12)C(=O)O,,,,,2.957
O=C(N[C@@H]1COc2cccc(-c3ccc(CO)nc3)c2C1)c1ccc(OCC(F)(F)F)nc1,,96.26,,,
CCCCC(CC)CO[Si](OCC(CC)CC)(OCC(CC)CC)OCC(CC)CCCC,,,,,0.941
CCCCCCCCCC(=O)NN,-4.1199999,,,,
O=[N+]([O-])c1cccc(O)c1,,,,,2.627
Oc1cccc2ccccc12,-4.4899998,,,,1.779
C=C1CCC2CC1C2(C)C,,,,,1.462
CN(c1ccc(Cl)cc1)S(=O)(=O)c1ccc(Cl)cc1,,,,,2.102
CNC(=O)Oc1ccccc1C1OC(C)C(C)O1,,,,,3.359
NCC[C@H](O)C(=O)N[C@@H]1C[C@H](N)[C@@H](O[C@H]2O[C@H](CN)[C@@H](O)[C@H](O)[C@H]2O)[C@H](O)[C@H]1O[C@H]1O[C@H](CO)[C@@H](O)[C@H](N)[C@H]1O,,,,2.4,
CCCCN1C(=O)C2CC=CCC2C1=O,,,,,1.934
CCOc1nc2ccc(OCCC3CCN(c4ccc(C)nn4)CC3)cc2o1,,99.72,,,
COc1ccc(C2Sc3ccccc3N(CC[NH+](C)C)C(=O)C2OC(C)=O)cc1,,,4.1,,
OC1C=CC2C1C1(Cl)C(Cl)=C(Cl)C2(Cl)C1(Cl)Cl,,,,,2.17
Nc1cnn(-c2ccccc2)c(=O)c1Br,,,,,1.496
NC(=O)CCC(N)C(=O)O,,,,,1.29
O=[N+]([O-])c1cc2[nH]c(C(F)(F)F)nc2c(Cl)c1Cl,,,,,3.737
CC(C)(C)NCC(O)COc1ccc(NC(=O)NC2CCCCC2)cc1,-4.9684534000000005,,,11.0,
Cn1c2c(c(=O)n1-c1ccccc1)CCCC2,,,,,2.182
COc1cnc(-c2c(C)ccc(F)c2CCNC(=O)c2ccc(COCC(F)(F)F)nc2)cn1,,97.6,,,
CCSP(=O)(OC)SCC,,,,,3.103
C#CCc1ccc(COC(=O)C2C(C=C(C)C)C2(C)C)o1,,,,,1.457
Cc1cc(=O)cc(-c2ccccc2)o1,,,,,2.474
CCCOP(=S)(CC)SCOc1ccc(Cl)cc1Cl,,,,,3.658
C[C@H](Nc1ncc(Cl)c(Nc2cc(C3CC3)[nH]n2)n1)c1ncc(F)cn1,,94.32,,,
N#Cc1ccc(C(=O)Nc2ccc(-n3ccnc3)nc2)cc1,,71.05,,,
CCCCNC(=O)NS(=O)(=O)c1ccc(C)cc1,,98.09,,7.0,2.036
N#CC1CCCN1C(=O)C[NH2+]C12CC3CC(CC(O)(C3)C1)C2,,,1.03,,
O=S(=O)(O)c1cc(O)ccc1O,,,0.12,,
CC(C)(C)C(=O)C#N,,,,,3.451
CC(C)c1ccc(NC(=O)NCCCSC[C@H]2O[C@@H](n3cnc4c(N)ncnc43)[C@H](O)[C@@H]2O)cc1,,92.16,,,
COc1ccc2c(C)cc(N[C@H]3CC[C@H](NCc4cn(C)c5cccnc45)C3)nc2c1,,97.38,,,
CC(C)=CCN(CC=C(C)C)CCC(C(N)=O)c1cccc2ccccc12,,,,,3.014
CCCCCCCCCCCCN1CCN(CC(=O)NN=Cc2ccc([N+](=O)[O-])o2)CC1,,,,,2.539
FC(Cl)C(F)(Cl)Cl,,,,,1.337
Cc1c(N)cc([N+](=O)[O-])cc1[N+](=O)[O-],,,,,2.151
C[NH+](C)C/C=C(/c1ccc(Br)cc1)c1cccnc1,,,6.8,,
CC1(COCC2(C)CO2)CO1,,,,,1.974
OCCOc1ccccc1,,,,,2.04
CNC(=O)Oc1cccc2c(O)cccc12,,,,,2.864
CCC[NH+](CCc1cccs1)C1CCc2c(O)cccc2C1,,,5.7,,
C[C@H](CO)Nc1nc(SCc2ccccc2)nc2nc(N)sc12,,95.43,,,
CN(CC(=O)O)N=O,,,,,1.3730000000000002
NC(N)=Nc1nc(CSCC/C(N)=N/S(N)(=O)=O)cs1,,,,2.8,
CCOP(=O)(OCC)SCN1C(=O)c2ccccc2C1=O,,,,,4.476
CCOP(=O)(Cl)OCC,,,,,4.196000000000001
CCOP(=S)(CC)Oc1ccc([N+](=O)[O-])cc1Cl,,,,,4.129
C[C@H](NC(=O)c1cccc2c1N(Cc1ccc(Cl)cc1)CC2)c1ccc(C(=O)O)cc1,,98.67,,,
O=C1OC(=O)C2CC(Cl)=CCC12,,,,,1.741
Cn1c(=O)on(-c2ccc(Cl)c(Cl)c2)c1=O,,,,,2.526
CCCCCCCCCCCC(=O)OCCSC#N,,,,,2.7569999999999997
Nc1cc(Cl)cc(C(=O)O)c1Cl,,,,,1.77
O=C1C([O-])=C(C2CCC(c3ccc(Cl)cc3)CC2)C(=O)c2ccccc21,,,0.6,,
Cc1c(C(=O)N(C)C)nnn1-c1ccccc1,,,,,2.6630000000000003
N#CC(Cl)(Cl)Cl,,,,,2.762
O=CN(c1ncnc2c1ncn2CC1CC1)C1CC1,,,,,2.7110000000000003
CN(CCOc1ccc(CC2SC(=O)NC2=O)cc1)c1ccccn1,,99.74,,3.9,
N/C(=N\C(=O)c1nc(Cl)c(N)nc1N)NCCCCc1ccc(OCC(O)CO)cc1,,75.12,,,
O=C1C(CCC2CC2)C(=O)N(c2ccccc2)N1c1ccccc1,,,,,2.904
CC1COc2c(N3CC[NH+](C)CC3)c(F)cc3c(=O)c(C(=O)[O-])cn1c23,,,1.6,,
COP(=S)(Oc1ccc([N+](=O)[O-])c(C)c1)OC(C)C,,,,,4.087
C1CCCNCC1,,,,,2.384
C[C@H]1C(=O)N(C)[C@H](C)C(=O)N[C@H](C)C(=O)N(C)[C@@H](C)C(=O)N[C@H](C)C(=O)N(C)[C@@H](C)C(=O)N1C,-4.6999998,,,,
CC(=O)OO,,,,,1.694
O=[N+]([O-])OCCO[N+](=O)[O-],,,,,2.519
O=C=NCCOC(=O)C1CC=CCC1C(=O)OCCN=C=O,,,,,1.472
CN1CCN(C(=O)NN=Cc2ccc([N+](=O)[O-])o2)CC1,,,,,2.574
CCCCOCCCO,,,,,1.347
FC(F)(F)c1nc2cc(I)ccc2[nH]1,,,,,3.512
CCCCN(CCCC)CC(C)O,,,,,1.974
CCOC(=O)C1(c2ccccc2)CCN(C)CC1,,,,7.9,3.1839999999999997
Cc1cccc(C)c1N(Cn1cccn1)C(=O)CCl,,,,,2.444
CC(C)=CCCC(C)CC=O,,,,,1.804
CC1OC(OC2C(CO)OC(OC3C(CO)OC(O)C(O)C3O)C(O)C2O)C(O)C(O)C1NC1C=C(CO)C(O)C(O)C1O,,,,,1.43
CCC(=O)Nc1cccc(OC(=O)NC)c1,,,,,2.347
O=[N+]([O-])c1ccccc1-c1ccccc1,,,,,2.209
CN1CCC(N(Cc2cccs2)c2ccccc2)CC1,,,,,2.432
N#Cc1cc(Cl)c2nc(C(F)(F)F)[nH]c2c1,,,,,5.01
CC(=O)OCCCC(=O)CBr,,,,,2.57
CC=CC=CCOC(=O)C(C)C,,,,,1.527
O=C(O)c1ccc2cc(O)ccc2c1,,,,,1.786
NCCCNCCNCCCN,,,,,2.162
Clc1cc(Cl)c2nsnc2c1Cl,,,,,2.17
COCCNC(=O)CSP(=S)(OC)OC,,,,,2.813
Cc1cc(=O)nc(C(C)C)[nH]1,,,,,1.751
COC(=O)C(Cc1cccc(C(N)=[NH2+])c1)C(C)NC(=O)c1ccc(-c2cc[n+]([O-])cc2)cc1,,,0.89,,
NC1CCN(c2c(F)cc3c(=O)c(C(=O)O)cn(C4CC4)c3c2Cl)C1,,,,5.4,
COCCOC(C)OCCOC,,,,,1.7380000000000002
Nc1ccccc1C(=O)O,,,,,1.404
CC(=O)N(C)c1ccc(Nc2ncc3cc(-c4ccncc4)ccc3n2)cc1,,98.09,,,
Nc1nc2ccc(OC(F)(F)F)cc2s1,,97.13,3.5,,3.716
CCCOP(=S)(CC)SCN1C(=O)c2ccccc2C1=O,,,,,4.235
CN(C)C(=S)c1ccc2c(c1)OCO2,,,,,3.423
OCCNC1CCCCC1,,,,,0.573
C#CCO,,,,,3.448
CN1C2CCC1CC(OC(=O)C(CO)c1ccccc1)C2,,,,,2.762
CCOP(=O)(OCC)OC(=CC(=O)OC)CC(=O)OC,,,,,5.191
Cc1cc(C)cc(N)c1,,,,,2.234
Nc1ccc2cc(S(=O)(=O)O)ccc2c1CS(=O)(=O)O,,,,,1.538
CC(C)OC(=O)c1cncc(C(=O)OC(C)C)c1,,,,,1.682
CC(C)(C)[NH2+]CC(O)c1cc(O)cc(O)c1,,,1.5,,
O=[N+]([O-])c1cccc(Cl)c1,,,,,2.574
CC(=O)OC1C(O)C2OC3C=C(C)C(=O)C(O)C3(CO)C1(C)C21CO1,,,,,4.947
COP(=O)(OC)OC(C)=CC(=O)OCc1ccc(Cl)cc1,,,,,3.3819999999999997
O=C(Cc1ccc(Cl)c(C(F)(F)F)c1)Nc1cccc2c(=O)n(CCO)ccc12,,99.03,,,
CN(C)N=O,,,,,3.1060000000000003
COP(=O)(Oc1ccc([N+](=O)[O-])c(C)c1)SC,,,,,2.945
COc1ccc(CCC[N+](C)(CCCc2ccc(OC)cc2)CCNC(=O)c2nc(Cl)c(N)nc2N)cc1,,83.68,,,
CC(C)OC(=O)Nc1ccccc1,,,,,2.253
CCNC(=O)ON=C1SCOC1C,,,,,3.863
CCC(C)c1cccc(OC(=O)NC)c1,,,,,4.317
CC(C)(C)NC(=O)[C@@H]1CN(Cc2cccnc2)CCN1C[C@@H](O)C[C@@H](Cc1ccccc1)C(=O)N[C@H]1c2ccccc2C[C@H]1O,-5.6900001,62.94,,1.0,
CC(Cl)COP(=O)(OCC(C)Cl)Oc1ccc([N+](=O)[O-])cc1,,,,,3.333
CCCCCCCCCCCCCO,,,,,1.0659999999999998
O=c1[nH]cc(N(CCCl)CCCl)c(=O)[nH]1,,,,,4.851
O=COCCc1ccccc1,,,,,1.669
Cc1ccc(=O)n(-c2ccccc2)c1,,,,,2.155
C#CC1(O)CCC2C3CCc4cc(OS(=O)(=O)[O-])ccc4C3CCC21C,,,2.3,,
C=CCOC(=O)CCCCCCCC1OC1CCCCCCCC,,,,,2.451
CN(C)C(=O)Oc1ccc(C[C@H](NC(=O)[C@H]2N(S(=O)(=O)c3cnn(C)c3)CSC2(C)C)C(=O)OCOC(=O)C(C)(C)C)cc1,-5.5999999,,,,
COC(=O)c1ccc(C)cc1,,,,,1.658
CNc1c(Br)cnc2[nH]c(-c3ccnc(N)c3)nc12,,97.32,,,
O=C(NCc1ccc(OC(F)(F)F)cc1)C1c2ccccc2C(=O)N1CCc1ncccn1,,91.82,,,
O=C(O)c1cccc(Oc2ccc(C(F)(F)F)cc2Cl)c1,,,,,2.432
NC(=O)N1c2ccccc2C=Cc2ccccc21,,70.58,,,2.082
CCS(=O)CCSP(=O)(OC)OC,,,,,3.914
CCCc1nc(C)c2c(=O)[nH]c(-c3cc(S(=O)(=O)N4CC[NH+](CC)CC4)ccc3OCC)nn12,,,3.0,,
O=C(O)CCC(=O)OCC(NC(=O)C(Cl)Cl)C(O)c1ccc([N+](=O)[O-])cc1,,,,,1.707
CCCCOCCOP(=O)(OCCOCCCC)OCCOCCCC,,,,,2.123
CC(=O)OC1=C(OC(C)=O)C(=O)OC1=O,,,,,1.5530000000000002
O=C(O)C1C(=CCO)OC2CC(=O)N21,,,,,1.4
CC(C)COC(=O)COc1ccc(Cl)cc1Cl,,,,,2.966
CC(=CC(=O)O)C(=O)O,,,,,1.994
c1ccc(P(c2ccccc2)c2ccccc2)cc1,,,,,2.574
N#Cc1ccc([N+](=O)[O-])cc1C#N,,,,,2.309
CN(C)P(=O)(N(C)C)N(C)C,,,,,1.851
COc1ccc(-c2nc3c(NCCCNC(=O)C4(CN)CC4)c(Br)cnc3[nH]2)cc1,,97.07,,,
CC(=O)Oc1ccc(C(c2ccc(OC(C)=O)cc2)c2ccccn2)cc1,,,,,1.922
CNC1C(OC2C(OC3C(O)C(O)C(NC(N)=[NH2+])C(O)C3NC(N)=[NH2+])OC(C)C2(O)C=O)OC(CO)C(O)C1O,,,0.34,,
CCSc1nnc(C(C)(C)C)c(=O)n1N,,,,,2.5810000000000004
C[C@@H]1C[C@H]2[C@@H]3CCC4=CC(=O)C=C[C@]4(C)[C@@]3(F)[C@@H](O)C[C@]2(C)[C@@]1(O)C(=O)CO,,71.53,,3.7,
CNCCO,,,,,1.506
CNP(=O)(NC)Oc1ccccc1,,,,,3.155
CCCOc1cccc(NC(=O)OCCN2CCCC2)c1,-4.5700002,,,,
COC(=O)NC(=S)Nc1ccccc1NC(=S)NC(=O)OC,,,,,1.712
NC(=S)NNCNNC(N)=S,,,,,4.486000000000001
CCCCC(CC)C(=O)OCCOCCOCCOC(=O)C(CC)CCCC,,,,,1.113
CCCCOCC,,,,,1.7380000000000002
CCCC1=NN(c2ccccc2)C(=O)C1C=O,,,,,2.479
Cc1onc(-c2ccccc2)c1C(=O)N(C)c1ccc(Cl)cc1,,95.82,,,
O=C(Nc1cc(-c2ccncc2)c[nH]c1=O)[C@H](Cc1ccccc1)NC1(c2ccccn2)CC1,,97.13,,,
OC(Nc1nccs1)C(Cl)(Cl)Cl,,,,,1.996
CCOP(=O)(Oc1ccc(Cl)cc1Cl)Oc1ccc(Cl)cc1Cl,,,,,1.827
CN1CCC2=C(C1)c1ccccc1Cc1ccccc12,,,,,2.674
C=C(c1ccccc1)C1OCC(NC(=O)Cc2ccccc2)CO1,-5.0498786,,,,
C=CCNC(=O)C(=O)C(CCC)NC(=O)C1CC2CN1C(=O)C(C1CCCCC1)NC(=O)Cc1cccc(c1)OCCC(C)(C)O2,-5.0300002,,,,
N#Cc1c(-c2ccc(-c3ccccc3Cl)cc2)nc2ccncc2c1O,,99.92,,,
C[NH2+]C1(c2ccccc2Cl)CCCCC1=O,,,2.9,,
CCCCC(CC)OCCO,,,,,1.847
C[C@@H]1NC(=O)[C@@H](C)N(C)C(=O)[C@H](C)NC(=O)[C@@H](C)N(C)C(=O)[C@@H](C)N(C)C(=O)[C@H](C)N(C)C1=O,-5.3000002,,,,
CCCCC=CCCCCCCOC(C)=O,,,,,1.227
CCOP(=O)(OCC)SCC,,,,,3.866
CCCCC(CC)COCC1CO1,,,,,1.378
O=C(O)CCCN1C(=O)c2cccc3cccc(c23)C1=O,,,,,1.85
CC(C)OC(=O)[C@H](Cc1ccc(OC(=O)N(C)C)cc1)NC(=O)[C@H]1N(S(=O)(=O)c2cnn(C)c2)CSC1(C)C,-5.170000099999998,,,,
CC/C(=C(\c1ccccc1)c1ccc(/C=C/C(=O)O)cc1)c1ccccc1,,99.67,,,
CC(C)CCCCCOC(=O)CS,,,,,2.7689999999999997
c1ccc(-n2cnnc2)cc1,,,,,3.035
CC(=O)Nc1cccc2c1c(Oc1ccc(Cl)cc1)c(C)n2CC(=O)O,,87.62,,,
Fc1c(Cl)c(Br)c2nc(C(F)(F)F)[nH]c2c1Cl,,,,,4.75
CNC(=N)c1cccc(CC(CC(=O)N2CCC(C(=O)O)CC2)NS(=O)(=O)c2ccc3ccccc3c2)c1,-7.1487603,,,,
CC(=O)Nc1ccc(CNc2[nH]nc3ccnc(Oc4ccccc4)c23)cc1,,89.91,,,
CCCn1c(=O)c2c(ncn2CCCCC(C)O)n(C)c1=O,,,,,2.385
CCCCC(CC)COP(=O)(Cl)OCC(CC)CCCC,,,,,2.055
CCCN(CCC)c1c([N+](=O)[O-])cc(S(=O)(=O)N=S(C)C)cc1[N+](=O)[O-],,,,,2.3080000000000003
CC(O)COCC(C)O,,,,,0.956
C[C@@H]1NC(=O)[C@@H](C)NC(=O)[C@@H](C)NC(=O)[C@H](C)N(C)C(=O)[C@H](C)N(C)C(=O)[C@@H](C)NC1=O,-5.8200002,,,,
COC1C(O)CC(OC2C(O)CC(OC3C(O)CC(OC4CCC5(C)C(CCC6C5CC(O)C5(C)C(C7=CC(=O)OC7)CCC65O)C4)OC3C)OC2C)OC1C,,,,,4.981
COc1ncc(-c2cccc(C)c2CCNC(=O)c2ccc(OCCC(F)(F)F)nc2)cn1,,99.5,,,
O=C(O)c1cc(Oc2ccc(C(F)(F)F)cc2Cl)ccc1[N+](=O)[O-],,,,,2.4219999999999997
CCCc1nnc(CSP(=S)(OC)OC)o1,,,,,2.971
CN[C@@H](C)C(=O)N[C@H](C(=O)N[C@H]1CCCN(CCc2ccc([N+](=O)[O-])cc2)C1)C(C)(C)C,,73.81,,,
Fc1cccc2c1O[C@H]1CNC[C@H]1O2,-3.729485,,,,
CCc1cccc(CC)c1N(CNC(C)=O)C(=O)CCl,,,,,1.981
COc1cc2c3c(c1OC)-c1ccccc1CC3N(C)CC2,,,,,3.023
COc1cc(CC(=O)NCC(=O)N(CCC(=O)[O-])Cc2ccc(OC)c(OC)c2)ccc1NC(=O)Nc1ccccc1C,,,0.25,,
CC(=O)C=CC1C(C)=CCCC1(C)C,,,,,1.622
O=C(O)c1ccc([N+](=O)[O-])cc1,,,,,1.931
O=c1[nH]c2c(O)ccc([C@@H](O)CNCCCSCCOCCc3cccc4ccccc34)c2s1,,99.33,,,
CCC(C)n1ncn(-c2ccc(N3CCN(c4ccc(OCC5COC(Cn6cncn6)(c6ccc(Cl)cc6Cl)O5)cc4)CC3)cc2)c1=O,,,7.4,25.0,
OCC(CO)Nc1nc(SCc2cccc(F)c2F)nc2nc(NC3CC3)sc12,,94.9,,,
O=c1c(-c2ccc(O)cc2)coc2cc(OC3OC(CO)C(O)C(O)C3O)ccc12,-6.3600001,,,,
OCCF,,,,,4.1080000000000005
Clc1ccc(Cl)cc1,,,,,2.468
C[C@@H]1O[C@@H](O[C@H]2C[C@@H](O)[C@]3(CO)[C@H]4[C@H](O)C[C@]5(C)[C@@H](C6=CC(=O)OC6)CC[C@]5(O)[C@@H]4CC[C@]3(O)C2)[C@H](O)[C@H](O)[C@H]1O,-7.23,,,,
O=C(O)Cc1cccc(N2CCC(CN3CCC(Oc4ccc(Cl)c(Cl)c4)CC3)CC2)c1,,96.72,,,
Nc1nc(=O)c2c([nH]1)NCC(CNc1ccc(C(=O)N[C@@H](CCC(=O)O)C(=O)O)cc1)N2C=O,,,,1.3,
Nc1c(I)cc(I)c(C(=O)N(CCC(=O)O)c2ccccc2)c1I,,,,,2.374
CC(=S)NC[C@H]1CN(c2ccc(-c3nnc(CNS(C)(=O)=O)s3)c(F)c2)C(=O)O1,-5.619894,,,,
CCOc1ccc(-n2c([C@@H](C)N(Cc3cccnc3)C(=O)Cc3ccc(C(F)(F)F)cc3)nc3ccccc3c2=O)cc1,,99.53,,,
Cc1cc(C(=O)NNC(C)Cc2ccccc2)no1,,,,,3.464
Nc1cc(OCC2CC2)c(C(=O)NC2C[NH+]3CCC2CC3)cc1Cl,,,3.9,,
CCCCCCOC(=O)CCCCCCCC(=O)OCCCCCC,,,,,1.348
O=C1NN=C(c2ccccc2)CO1,,,,,2.6010000000000004
CC1(C)Oc2ccc(S(=O)(=O)c3ccccc3)cc2C(N2CCCC2=O)C1O,,,,,2.303
O=C([O-])c1ccc(-n2nc(-c3ccccc3O)nc2-c2ccccc2O)cc1,,,0.2,,
C=CC(O)CC#N,,,,,2.6860000000000004
CC1CN(c2c(F)cc3c(=O)c(C(=O)[O-])cn(C4CC4)c3c2OC(F)F)CC[NH2+]1,,,1.1,,
c1ccc2c(c1)OCO2,,,,,2.323
CC(C)(C)C(=O)COc1ccc(Cl)cc1,,,,,1.6880000000000002
CCCCCCCCCCCCN,,,,,2.259
Cc1ccc(NC(=O)c2cccc(C(C)(C)C#N)c2)cc1C(=O)Nc1cnc(N)c(Cl)c1,,96.09,,,
CCOC1c2ccccc2C(=O)N(C)c2ccccc21,,,,,1.825
O=C(O)C(S)C(S)C(=O)O,,,,,1.659
CC(=O)OC1CC2(C)C(CC(O)C3C4(C)CCC(O)C(C)C4CCC32C)/C1=C(\CCC=C(C)C)C(=O)[O-],,,0.23,,
CCOP(C)(=O)SCC,,,,,4.448
N[C@@H](Cc1ccc(O)c(O)c1)C(=O)O,,,,1.3,
Cc1cnc(Nc2cncc(N[C@@H](C)c3ncc(F)cn3)n2)s1,,82.72,,,
C=CC(=O)OCC,,,,,2.097
CCCCCCCCCCCCCCCC(=O)OCC(COP(=O)([O-])OCCNC(=O)C(C)NC(=O)CCC(NC(=O)C(C)NC(=O)C(C)OC(C(C=O)NC(C)=O)C(O)C(O)CO)C(N)=O)OC(=O)CCCCCCCCCCCCCCC,,,5.8,,
Nc1ccc([N+](=O)[O-])c(N)c1,,,,,1.5319999999999998
CC(=CCCC1(C)C2CC3C(C2)C31C)CO,,,,,1.763
O=[N+]([O-])c1ccccc1Cl,,,,,2.7689999999999997
CCCCCCCCOCCOC(=O)CN(CC(=O)[O-])c1ccccc1OCCOc1ccccc1[NH+](CC(=O)[O-])CC(=O)OCCOCCCCCCCC,,,1.1,,
COC1(NC(=O)C2SC(=C(C(N)=O)C(=O)[O-])S2)C(=O)N2C(C(=O)[O-])=C(CSc3nnnn3C)CSC21,,,0.13,,
CCC(C)=NO,,,,,1.972
CCOC(=O)c1noc(C)c1C(C)=O,,,,,2.295
O=C1c2ccc(Br)cc2C(=O)C1c1ccccc1,,,,,3.303
Cc1ccc(NC(=O)Nc2nnc(-c3ccncc3)s2)cc1,,99.39,,,
Cc1cc(OCCCS(C)(=O)=O)cc(C)c1-c1cccc(COc2ccc3c(c2)OC[C@H]3CC(=O)O)c1,,99.64,,,
C=CC(=O)OCC1CC2C=CC1C2,,,,,2.122
CCCCCCC#COC(=O)OCC,,,,,1.842
O=C(O)CCCNS(=O)(=O)c1cccc(C(F)(F)F)c1,,,,,1.379
CC(C)C(CCC(C)C1CCC2C3C(O)CC4CC(NCCC[NH2+]CCCC[NH3+])CCC4(C)C3CCC12C)OS(=O)(=O)[O-],,,0.23,,
C=CCNc1nc(NCC=C)nc(N2CCN(C(c3ccc(F)cc3)c3ccc(F)cc3)CC2)n1,,,35.37,,
CCCNCC(O)COc1ccccc1C(=O)CCc1ccccc1,,92.95,,2.1,
NC(=[NH2+])NCCCCC1NC(=O)CCSSCC(C(N)=O)NC(=O)C2CCCN2C(=O)C(Cc2c[nH]c3ccccc23)NC(=O)C(CC(=O)[O-])NC(=O)CNC1=O,,,0.17,,
CN(C)c1nc(Cc2ccc(NC(=O)c3ccc(C(F)(F)F)cc3)cc2)nc(N(C)C)c1CC(=O)O,,99.61,,,
CCc1cc2c(s1)-n1c(C)nnc1CN=C2c1ccccc1Cl,,,,,1.99
CCCCOCCC#N,,,,,1.232
CO[N+](=O)[O-],,,,,2.35
O=C(N[C@H](CO)[C@H](O)c1ccc([N+](=O)[O-])cc1)C(Cl)Cl,,56.3,,4.6,
N#CCC#N,,,,,3.674
Cc1cc2c(s1)Nc1ccccc1N=C2N1CCN(C)CC1,,89.27,,,
COC1C(C)OC(OC2C=C3CCC4C(CCC5(C)C(c6ccc(=O)oc6)CCC45O)C3(C)CC2)C(O)C1O,,,,,3.839
CCOP(=S)(Oc1cccc2cccnc12)c1ccccc1,,,,,3.342
O=[N+]([O-])c1ccc(Oc2ccc(C(F)(F)F)cc2[N+](=O)[O-])cc1,,,,,1.5619999999999998
C1CC(C2CO2)OCC1C1CO1,,,,,2.009
C=COCCSCC,,,,,1.429
CCC(C)OCCO,,,,,2.175
c1ccc2c(c1)Cc1ccccc1N2,,,,,1.928
N#CCN(CC#N)N=O,,,,,2.8819999999999997
OCc1ccccc1,,,,,1.944
CC(CN1C(=O)N(CC2CO2)C(C)(C)C1=O)OCC1CO1,,,,,2.219
Nc1ccc2c(S(=O)(=O)O)cc(S(=O)(=O)O)cc2c1,,,,,2.181
ClC1=C(Cl)C2(Cl)C3C(Cl)C=CC3C1(Cl)C2(Cl)Cl,,,,,3.97
Cc1[nH]c(C(=O)NC2CCN(c3ncc(C(=O)O)s3)CC2)c(Cl)c1Cl,,97.07,,,
Nc1c2c(nc3ccccc13)CCCC2,,53.45,,3.3,3.452
CC1CN(CCO)CC1C,,,,,2.066
COP(C)(=O)OC,,,,,1.179
CCCCOC(C)OCCCC,,,,,1.297
CC(C)(O)c1ccccc1CCC(SCC1(CC(=O)[O-])CC1)c1cccc(/C=C/c2ccc3ccc(Cl)cc3n2)c1,,,0.15,,
Cc1nnc(C(C)C)n1C1CC2CCC(C1)[NH+]2CCC(NC(=O)C1CCC(F)(F)CC1)c1ccccc1,,,2.3,,
CCC=CCC=CCC=CCC=CCC=CCCCC(=O)O,,,,,1.481
CCN(C(=O)c1cnn(-c2ccccc2)c1NS(=O)(=O)c1ccc(-c2cnco2)cc1)C1CCCCC1,,98.7,,,
Cc1ccc2ncccc2c1,,,,,2.056
S=c1[nH]c2cc(Cl)ccc2o1,,,,,2.269
CCOC(C1=NCC(C)(C)N1)c1ccccc1,,,,,2.659
O=C(NC1CCN(CCc2c[nH]c3ccccc23)CC1)c1ccccc1,,,,4.3,2.286
O=CNc1cc([C@@H](O)CNCCc2ccc(NC[C@H](O)c3ccccc3)cc2)ccc1O,,71.53,,,
Cc1nc(C(F)F)c(C(N)=O)nc1-c1ccc([C@H]2CC[C@H](CC(=O)O)CC2)cc1,,94.56,,,
C=CCOc1ccc(C2c3ccc(OC)cc3OC(C)(C)C2c2ccccc2)cc1,,,,,2.904
CC(C)=CCCC(C)=CC=O,,,,,1.487
CC(=O)Nc1c(I)c(NC(C)=O)c(I)c(C(=O)O)c1I,,,,1.8,
N#Cc1cccc(C#N)c1,,,,,2.173
Cc1[nH]c(=O)n(C(C)C)c(=O)c1Br,,,,,1.861
CC(C(=O)O)c1ccc(-c2ccccc2)c(F)c1,,,,,3.443
O=C1C2CC=CCC2C(=O)N1SC(Cl)(Cl)Cl,,,,,1.524
COC(=O)c1ccco1,,,,,2.6239999999999997
CC[C@@]1(O)C(=O)OCc2c1cc1n(c2=O)Cc2cc3ccccc3nc2-1,-4.1100001000000015,,,,
CCOP(=S)(CC)Oc1cnn(C)c(=O)c1OC,,,,,5.086
Cn1c(NCCCN2CCC(CN3c4ccccc4Sc4ccc(C(=O)O)cc43)CC2)cc(=O)n(C)c1=O,-5.8989701,,,,
CN1C(=O)CC(N2CCN(CC/C=C3/c4ccccc4COc4ccc(CC(=O)O)cc43)CC2)N(C)C1=O,-5.1399999,,,,
COc1ccc2c(c1)[C@@]13CCCC[C@@H]1[C@@H](C2)N(C)CC3,-4.628932,,,,
CCOC(=O)C(C)Oc1ccc(Oc2nc3ccc(Cl)cc3s2)cc1,,,,,2.62
Ic1nc(I)c(I)[nH]1,,,,,3.205
Cc1c(Cc2cc(C(C)(C)C)c(O)c(C(C)(C)C)c2)c(C)c(Cc2cc(C(C)(C)C)c(O)c(C(C)(C)C)c2)c(C)c1Cc1cc(C(C)(C)C)c(O)c(C(C)(C)C)c1,,,,,2.713
Cc1ccc2[nH]c(C(F)(F)F)nc2c1,,,,,3.502
Cc1ccccc1S(=O)(=O)NC(=O)N1CCC(N2CCC(Oc3ccc(Cl)c(Cl)c3)CC2)CC1,,89.49,,,
CCC(C)(C)OO,,,,,2.081
CNC(=O)ON=CC(C)(C)SC,,,,,5.466
COCCC(=O)NC(C)c1ccc(Nc2ncc3cc(-c4ccncc4)ccc3n2)cc1,,98.61,,,
COc1ccc(N)cc1,,,,,1.944
Cc1ccc(-n2ccnc2)cc1C(O)c1c(C)cc(C(=O)[O-])cc1C,,,0.37,,
COc1cc(Cc2cnc(N)nc2N)cc(OC)c1Br,,,,,2.13
CCOc1cc2ncc(C(N)=O)c(Nc3cccc(Cl)c3Cl)c2cc1N1CCN(CCOC)CC1,,98.29,,,
CNC(=O)N(C)c1nnc(C(F)(F)F)s1,,,,,2.937
CCCCNC1(P(=O)(OCCCC)OCCCC)CCCCC1,,,,,2.064
C[NH+]1CCN(CC(=O)N2c3ccccc3C(=O)Nc3cccnc32)CC1,,,1.71,,
COc1ccc(-c2cc(=O)c3c(O)cc(O[C@@H]4O[C@H](CO)[C@@H](O)[C@H](O)[C@H]4O)cc3o2)cc1O,-6.9204097,,,,
c1cc(CC2CO2)cc(CC2CO2)c1,,,,,1.6569999999999998
Fc1cccc2c1O[C@H]1CNC[C@@H]1O2,-4.0999998999999985,,,,
C[C@@H]1NC(=O)[C@H](C)N(C)C(=O)[C@@H](C)N(C)C(=O)[C@H](C)NC(=O)[C@@H](C)N(C)C(=O)[C@@H](C)NC1=O,-5.3000002,,,,
C=CC(=C)Cl,,,,,2.294
[O-][n+]1onc2c1c1no[n+]([O-])c1c1no[n+]([O-])c21,,,,,1.942
CCCCCCCCCCc1ccccc1S(=O)(=O)O,,,,,2.109
COc1cccc(OC)c1OCCNCC1COc2ccccc2O1,,97.6,,,
C=C1CCC2(O)C3Cc4ccc(O)c5c4C2(CC[NH+]3CC2CC2)C1O5,,,8.2,,
CN(C)CCN1CCN(c2cc(C(=O)NC[C@H]3CC[C@H](CNC(=O)OC(C)(C)C)CC3)c3ccccc3n2)CC1,,93.94,,,
CCCCCCCCCC(=O)O,-4.6799998,,,,
O=C1NC(CCCl)Oc2ccccc21,,,,,1.3259999999999998
CCOc1ccc(N2C(=O)C=CC2=O)cc1,,,,,2.5380000000000003
CNC(=O)c1cc(Oc2ccc3c(c2)nc(Nc2ccc(C(F)(F)F)cc2)n3C)ccn1,,99.5,,,
CCCCCCC(C)N,,,,,3.0069999999999997
O=C1CNC(=S)N1,,,,,2.4419999999999997
Cc1c[nH+]c(NCCC[NH+](C)C)c2c1[nH]c1ccc3cc(O)ccc3c12,,,11.0,,
CCCOc1ccc(C=CC(=S)OCC)cc1OC,,,,,2.443
CC[NH+](CC)CCN1C(=O)c2c(c3c4cccc(Cl)c4n(C4OC(CO)C(OC)C(O)C4O)c3c3[nH]c4c(Cl)cccc4c23)C1=O,,,8.9,,
O=C(O)CS(=O)(=O)O,,,,,1.6469999999999998
CC(=O)CC1OCC(CCl)O1,,,,,3.173
CCCSP(=O)(OCC)Oc1ccc(Sc2ccc(Cl)cc2)cc1,,,,,2.766
O=C=Nc1ccc(Cc2ccc(N=C=O)cc2)cc1,,,,,1.435
C=COCC(CC)CCCC,,,,,2.064
CCCNC(=O)OCC(O)C1COc2ccccc2O1,,,,,2.273
CCCCCCCCCCCCSC#N,,,,,2.26
COc1cc2c(ccc(=O)n2CCN2CCC(NCc3cc4c(cn3)OCCO4)CC2)cn1,,83.37,,,
COc1cc(N)c(Cl)cc1C(=O)NC1CCNCC1,,,,,2.046
Cc1ccc2oc(=O)ccc2c1,,,,,1.979
CC1NCCOC1c1ccccc1,,,,,2.68
CN1C(=O)CN2CCc3ccccc3C2c2cc(Cl)ccc21,,,,,2.2569999999999997
CNC(=O)C(c1ccccc1)N1CCc2cc(OC)c(OC)cc2C1CCc1ccc(C(F)(F)F)cc1,,,9.75,,
Nc1nc2ccc(-c3ccncc3)cc2s1,,88.11,,,
CN(C)CCN1C(=O)c2cccc3cc(N)cc(c23)C1=O,,,7.33,,
CCOC(=O)C=CC(=O)OCC,,,,,1.986
Clc1cc2c(cc1Cl)Oc1c(cc(Cl)c(Cl)c1Cl)O2,,,,,6.2379999999999995
CN1[C@H]2CC[C@@H]1C[C@H](OC(=O)c1c[nH]c3ccccc13)C2,,,,5.6,
CCCCCCCC(=O)N[C@@H](CCN)C(=O)N[C@@H](C)C(=O)N[C@@H](CCN)C(=O)N[C@H]1CCNC(=O)[C@H]([C@@H](C)O)NC(=O)[C@H](CCN)NC(=O)[C@H](CCN)NC(=O)[C@H](CC(C)C)NC(=O)[C@@H](Cc2ccccc2)NC(=O)[C@H](CCN)NC1=O,,92.32,,,
Cn1cc(-c2ccncc2)c(-c2ccc(OCc3ccc4ccccc4n3)cc2)n1,,99.88,,,
COP(=O)(OC)OC(Br)C(Cl)(Cl)Br,,,,,3.1830000000000003
COc1ccc(OC)c(CNC(=O)c2cccnc2Oc2ccccc2)c1,,99.8,,,
Cc1cc(O)cc(O)c1,,,,,2.168
Nc1nc(Cl)nc2c1ncn2C1OC(CO)C(O)C1F,,,1.75,,
N[C@H]1[C@@H]2CN(c3nc4c(cc3F)c(=O)c(C(=O)O)cn4-c3ccc(F)cc3F)C[C@H]12,,,,11.0,
COc1ccc(N)c(S(=O)(=O)O)c1,,,,,1.308
COc1c(Cl)ccc(Cl)c1C(=O)O,,,,,2.3280000000000003
CC(Cl)CCl,,,,,1.764
CC(C)(C)c1cnc(CSc2cnc(NC(=O)C3CC[NH2+]CC3)s2)o1,,,5.14,,
OCC1COC(c2ccccc2)O1,,,,,1.757
NCCNCCNCCO,,,,,1.5019999999999998
CN1C(=O)C(O)N=C(c2ccccc2Cl)c2cc(Cl)ccc21,,,1.6,4.9,
C=CCn1c(=O)c2[nH]c(C)nc2n(CC(C)C)c1=O,,,,,4.188
CO[Si](CCCOCC1CO1)(OC)OC,,,,,1.012
CCC(C)Cl,,,,,0.7240000000000001
C=CC[C@@H]1/C=C(\C)C[C@H](C)C[C@H](OC)[C@H]2O[C@@](O)(C(=O)C(=O)N3CCCC[C@H]3C(=O)O[C@H](/C(C)=C/[C@@H]3CC[C@@H](O)[C@H](OC)C3)[C@H](C)[C@@H](O)CC1=O)[C@H](C)C[C@@H]2OC,-5.1500001,,,26.0,
CC1CCC(C(C)C)C(O)C1,,,,,1.6909999999999998
COc1cc(Nc2nc(N[C@@H](C)c3ncc(F)cn3)nc(N3CCOCC3)c2F)n[nH]1,,74.69,,,
C=CCOC1=NS(=O)(=O)c2ccccc21,,,,,2.041
CCO[Si](CCS)(OCC)OCC,,,,,1.836
CCOC(=O)CC(=O)CCl,,,,,2.915
O=C(Nc1ccc(OC(F)(F)F)cc1)c1ccnn1CCc1ccncc1,-5.1515226,,,,
C=CCOP(OCC=C)OCC=C,,,,,3.055
OCCI,,,,,3.536
CC1(C)C(C(=O)[O-])N2C(=O)CC2S1(=O)=O,,,0.32,,
CC(SCC(=O)O)c1ccc2c(c1)Cc1ccccc1-2,,,,,2.174
CC(C)CCCCCCCOC(=O)CCCCC(=O)OCCCCCCCC(C)C,,,,,1.318
CCC1(O)CC2CN(CCc3c([nH]c4ccccc34)C(C(=O)OC)(c3cc4c(cc3OC)N(C=O)C3C(O)(C(=O)OC)C(OC(C)=O)C5(CC)C=CCN6CCC43C65)C2)C1,,,2.4,,
C=CCN(C(=O)Cn1nc(C)ccc1=O)C(C)Cc1ccccc1,,,,,2.279
c1ccc(C2(c3ccccc3)CC2C2=NCCN2)cc1,,,,7.3,
CCCCCC=CCC=CCCCCCCCC(=O)N(CCO)CCO,,,,,1.5319999999999998
CC(C)(CO)S(C)(=O)=O,,,,,1.129
CCCCCc1ccc(C)cc1O,,,,,2.075
CN/C(=C\[N+](=O)[O-])NCCSCc1csc(CN(C)C)n1,,,1.0,,
O=C1c2ccccc2S(=O)(=O)N1CCCC[NH2+]CC1CCc2ccccc2O1,,,0.21,,
O=C(Cc1ccc(OCc2ccccc2)cc1)NO,,93.67,,,
CC(C)(C)NC(=O)C1CC2CCCCC2CN1CC(O)C(Cc1ccccc1)NC(=O)C(CC(N)=O)NC(=O)c1ccc2ccccc2n1,-6.2800002,,3.6,,
O=CNC(Cc1ccc(N(CCCl)CCCl)cc1)C(=O)O,,,,,2.678
O=C(O)c1cn(C2CC2)c2cc(Cl)c(F)cc2c1=O,,,,,2.6839999999999997
CCOc1cc2nnc(C(N)=O)c(Nc3ccc(F)cc3F)c2cc1N1CCN(C)CC1,,96.17,,,
Oc1ncnc2scc(-c3ccccc3)c12,,86.32,,,
NC1=NC(c2ccc(F)cc2)Cc2ccccc21,,64.01,,,
CC(O)c1cccc(N)c1,,,,,1.646
CCCCC(C=CC(C)=O)CC,,,,,1.3159999999999998
CCOC(=O)Nc1ccc(NCc2ccc(F)cc2)nc1N,,84.0,,8.5,
NS(=O)(=O)c1ccc(Cl)cc1,-4.2620125,,,,
O=C(c1ccc2ccccc2n1)N1CCN=C1Nc1c(Cl)cccc1Cl,,,,,3.942
CC(C)=CCCC(C)=CCO,,,,,1.535
CN(CCO)CCO,,,,,1.3969999999999998
COc1c(Cl)c(Cl)c([N+](=O)[O-])c(Cl)c1Cl,,,,,3.049
CC(=O)OCC#N,,,,,3.491
O=C(CCCN1CCC(=C(c2ccc(F)cc2)c2ccc(F)cc2)CC1)N1CCCC1,-5.0599999,,,,
C=CC(=O)OCCN(CC)CC,,,,,2.347
C(CCC1CO1)CC1CO1,,,,,2.124
O=C1COc2ccc(CNC3CCN(CCN4C(=O)COc5ccc(Br)cc54)CC3)nc2N1,,97.38,,,
CCC1=CSC(S)N1,,,,,3.624
C=CCc1ccccc1OCC(CNC(C)C)OC(=O)C1CC1,-4.1507826,,,,
O=S1OCC2C(CO1)C1(Cl)C(Cl)=C(Cl)C2(Cl)C1(Cl)Cl,,,,,4.354
N#Cc1ccc2ccc(=O)n(CCN3CC[C@@H](NCc4cc5c(cn4)OCCO5)[C@@H](O)C3)c2c1,,79.17,,,
CCOP(=O)(OCC)SCCN(CC)CC,,,,,4.912
CCP(=S)(OC)Sc1ccc(C(C)(C)C)cc1,,,,,3.205
COc1cc(C=CC(=S)N(C)C)cc(OC)c1OC,,,,,3.701
Cc1c(Sc2ccc(Cl)cc2)c2c(NS(C)(=O)=O)cccc2n1CC(=O)O,,98.96,,,
C=CC(C)(CCC=C(C)C)OC(=O)c1ccccc1N,,,,,1.808
COC(C)CC=O,,,,,2.2769999999999997
COC(=O)C1=C(C)NC(C)=C(C(=O)OC)C1C1=COCCO1,,,,,2.189
CCN(CC)C(=O)N[C@H]1C=C2c3cccc4[nH]cc(c34)C[C@H]2N(C)C1,,,1.73,,
CCOc1ccc(C2(c3ccc(OCC)cc3)CC2(Cl)Cl)cc1,,,,,2.668
COc1ccc(-c2nc3c(OCC4CCNCC4)c(Br)cnc3[nH]2)cc1,,86.59,,,
CCCCC(CC)COC(=O)c1ccccc1C(=O)OCC(CC)CCCC,,,,,1.106
OC1OCC2C1C1(Cl)C(Cl)=C(Cl)C2(Cl)C1(Cl)Cl,,,,,2.312
CC(C)n1nc(-c2cccc(Cl)c2Cl)c(=N)nc1N,,,,,3.115
CCN(CC)C(=O)c1ccccc1C,,,,,2.199
OCCN1CN(CCO)CN(CCO)C1,,,,,2.458
OC(CC[NH+]1CCCCC1)(c1ccccc1)C1CC2C=CC1C2,,,12.0,,
O=C(Nc1ccccc1)c1ccccc1I,,,,,1.703
O=CC=O,,,,,1.722
O=C([O-])C(O)C(O)C(=O)[O-],,,,,1.494
C=CC(C)(O)CC,,,,,2.156
C=CC(=O)OOCCOC,,,,,2.242
CC1(C)CC(NCCCCCCNC2CC(C)(C)NC(C)(C)C2)CC(C)(C)N1,,,,,2.6519999999999997
COP(=S)(OC)Oc1ccc([N+](=O)[O-])cc1,,,,,4.641
Clc1nc(Cl)c(Cl)c(Cl)c1Cl,,,,,2.762
Cc1ccccc1N(CCO)CCO,,,,,1.948
COCCOCCOCCOCCOC,,,,,1.636
COc1cc(C)c(S(=O)(=O)N(C)CCOCC(=O)N2CCC(C3CCN(C)CC3)CC2)c(C)c1,,51.73,,,
CCCCC(CC)COP(OCC(CC)CCCC)OCC(CC)CCCC,,,,,1.592
Cc1ccccc1CN(C)N=O,,,,,3.261
CC1(C)SC2C(NC(=O)C(C(=O)[O-])c3ccccc3)C(=O)N2C1C(=O)[O-],,,0.17,,
CN(C)[C@@H]1C(O)=C(C(N)=O)C(=O)[C@@]2(O)C(O)=C3C(=O)c4c(O)cccc4[C@@](C)(O)[C@H]3[C@H](O)[C@@H]12,,,,10.0,
CNC(=O)Oc1ccccc1OC(C)C,,,,,3.4760000000000004
CCCCBr,,,,,1.696
COc1ccc2c(O[C@@H]3C[C@H]4C(=O)N[C@]5(C(=O)NS(=O)(=O)C6CC6)C[C@H]5/C=C\CCCCN(C)C(=O)[C@@H]4C3)cc(-c3nc(C(C)C)cs3)nc2c1C,-5.0778604000000005,,,,
Nc1ccc(Cl)c([N+](=O)[O-])c1,,,,,2.635
COc1ccc(Nc2ccc(OC)cc2)cc1,,,,,1.968
CCOC(=O)C(C)C[Si](C)(OCC)OCC,,,,,1.004
CC1(C)SC2C(NC(=O)C(N)c3ccccc3)C(=O)N2C1C(=O)O,-6.0700002,,,,
CCC1OC(=O)C(C)C(OC2CC(C)(OC)C(O)C(C)O2)C(C)C(OC2OC(C)CC([NH+](C)C)C2O)C(C)(O)CC(C)C(=O)C(C)C(O)C1(C)O,,,0.95,,
NC(Cc1ccc(O)c(C(=O)O)c1)C(=O)O,,,,,1.654
O=C(CC12CC3CC(CC(C3)C1)C2)Nc1cccc2nc(NCCNCCO)ccc12,,95.43,,,
C[C@H](Nc1ncc(F)c(Nc2cc(N(C)C)[nH]n2)n1)c1ncc(F)cn1,,78.01,,,
Cc1cccnc1-n1c(C)nc2ccccc2c1=O,,,,,2.804
C=C(F)CCl,,,,,2.528
CCC1NC(=O)C(NC(=O)c2ncccc2[O-])C(C)OC(=O)C(c2ccccc2)NC(=O)C2CC(=O)C(CSC3C[NH+]4CCC3CC4)CN2C(=O)C(Cc2ccc(N(C)C)cc2)N(C)C(=O)C2CCCN2C1=O,,,0.67,,
c1ccc2c(NCCCN3CCOCC3)n[nH]c2c1,,,,,2.456
CCOCCC(OCC)OCC,,,,,2.042
CN1CCN(Cc2ccc(C(c3nnnn3Cc3ccccc3)N3CCCN(C4CCC4)CC3)cc2)CC1,-6.0999999,,,,
C=CSC=C,,,,,2.705
CCCCS(=O)(=O)NC1CCCCC1,,,,,1.891
CCSC(=O)N1CCCCCC1,,,,,2.7060000000000004
CCN(CC)Cc1cc(-c2ccccc2)ccc1O,,,,,3.96
COc1cc2nnc(C(N)=O)c(Nc3ccc(F)cc3F)c2cc1OC,,95.53,,,
CN(c1nccc(=O)[nH]1)C1CCN(c2nc3ccccc3n2Cc2ccc(F)cc2)CC1,,,0.38,,
Nc1nc(O)c(Cl)c(-c2ccccc2)n1,,95.23,,,
Cc1ccc2nc3c4cccc5cccc(c(=O)n3c2c1)c54,,,,,1.477
O=S1(=O)CCC(Br)C1,,,,,2.967
Clc1nc2ccccc2nc1Cl,,,,,3.009
NC(=S)Nc1cc(Cl)ccc1Cl,,,,,2.867
CCCCOP(=O)(SCC)SCc1ccccc1,,,,,2.544
C/C(=C\c1csc(C)n1)[C@@H]1C[C@@H]2O[C@]2(C)CCC[C@H](C)[C@H](O)[C@@H](C)C(=O)C(C)(C)[C@@H](O)CC(=O)N1,,,,17.0,
CCN(CC)c1cc(C)nc2ncnn12,,,,,2.9410000000000003
CCOCC(Cl)C(OCC)OCC,,,,,2.2030000000000003
CCCCC(CC)C(O)C(=O)O,,,,,1.71
O=S1(=O)CC(O)C(N2CCC(c3ccccc3)CC2)C1,,43.14,,,
CN(Sc1ccc(F)cc1)C(=O)Oc1cccc2c1OC(C)(C)C2,,,,,4.143
CC1(C)S[C@@H]2[C@H](NC(=O)[C@H](N)c3ccccc3)C(=O)N2[C@H]1C(=O)O,-5.6999998,,,1.4,
COC(=S)SSC(Cl)(Cl)Cl,,,,,2.2230000000000003
CC(=O)Nc1cccc(Nc2nc(NC3CC3)n3ncc(C#N)c3n2)c1,,89.27,,,
CN(C)CC/C=C1/c2ccccc2Sc2ccc(Cl)cc21,-4.7399998,,,,
CN[C@@H](C)C(=O)N[C@H](C(=O)N[C@H]1CCCN(CC(c2ccccc2)c2ccccc2)C1)C1CCCCC1,,97.38,,,
CC=C1CC(C)C(C)(O)C(=O)OCC2CCN3CCC(OC1=O)C23,,,,,2.037
O=C(Cc1c[nH]c2ccccc12)NN1C(=O)CSC1=S,,,,,2.849
ClC(Cl)(Cl)c1cccc(C(Cl)(Cl)Cl)c1,,,,,2.029
Cc1ccc(S(=O)(=O)Nc2c(C(=O)N[C@@H](C)C(C)(C)C)c(C)nn2-c2ccccc2)cc1,,98.89,,,
CCN1CCN(C(=O)N[C@@H](C(=O)N[C@@H]2C(=O)N3[C@@H](C(=O)O)C(C)(C)S[C@H]23)c2ccccc2)C(=O)C1=O,,,,0.96,
NC(=O)ON=C1CSCCS1,,,,,3.568
CC(O)C1CC=CCC1,,,,,1.952
CCCC(c1ccc(CCCl)cc1)c1c(O)c2ccccc2oc1=O,,,,,4.297
FCCBr,,,,,4.405
C[C@@H]1NC(=O)[C@@H](C)N(C)C(=O)[C@@H](C)N(C)C(=O)[C@H](C)N(C)C(=O)[C@H](C)N(C)C(=O)[C@@H](C)N(C)C1=O,-5.1500001,,,,
CC(=O)O,,,,,1.259
CN(C)C(=S)N(C)C,,,,,2.158
CCCCC(C)CC(O)C=CC1C(O)CC(=O)C1CC(=O)CCCCC(=O)OC,,,,,3.97
CCOC(=O)C1(c2ccccc2)CCN(CCC(C#N)(c2ccccc2)c2ccccc2)CC1,,,,,3.3110000000000004
CCCOC(N)=O,,,,,1.74
CN1CCN(c2ccc3ncc(C(N)=O)c(Nc4ccc(F)cc4F)c3c2)CC1,,74.25,,,
CCc1ccc(C(c2ccc(CC)cc2)C(Cl)Cl)cc1,,,,,1.668
Clc1ccc2ncc(-c3cccc(NC4CNC4)n3)n2c1,,83.68,,,
CCOP(=S)(Oc1c(OC)cnn(C)c1=O)OC(C)C,,,,,4.11
CCCCCNC(=O)c1coc(C2C3CCC(O3)C2Cc2ccccc2CCC(=O)[O-])n1,,,4.4,,
CC(C)CO,,,,,1.479
CC1(C)C(C=C(Cl)Cl)C1C(=O)OC(C#N)c1cccc(Oc2ccccc2)n1,,,,,2.958
COC(=O)/C=C/C(=O)O,,86.05,,,
C[SiH](Cl)Cl,,,,,1.5659999999999998
CC(Oc1ccc(Oc2cnc3ccc(Cl)cc3n2)cc1)C(=O)[O-],,,0.19,,
c1coc(COCc2ccco2)c1,,,,,2.929
CC(C)C(NC(=O)c1ccccc1)C(=O)c1ccc([N+](=O)[O-])cc1,,95.82,,,
O=S(=O)(Oc1ccc(Cl)cc1)c1ccccc1,,,,,2.299
C=COCCCl,,,,,2.63
CCCC(C)CO,,,,,1.86
COc1cc2c(cc1OC)[C@]13CC[N+]4([O-])CC5=CCO[C@@H]6CC(=O)N2[C@@H]1[C@@H]6[C@@H]5C[C@H]34,-5.46,,,,
NC(=O)c1csc(C2OC(CO)C(O)C2O)n1,,,1.1,,
N#CC1OC1C#N,,,,,2.576
CC(=O)Oc1ccccc1C(=O)O,,,,0.26,2.955
Cc1nnc(SCC2=C(C(=O)[O-])N3C(=O)C(NC(=O)Cn4cnnn4)C3SC2)s1,,,0.12,,
C[NH+]1CCC23CCCCC2C1Cc1ccc(O)cc13,,,11.5,,
CC(C)=CC(NC(=O)C1=C([O-])c2sc(Cl)cc2S(=O)(=O)N1C)[n+]1ccccc1,,,,,4.643
CNC(=O)ON=C1SCOC1(C)C,,,,,5.0089999999999995
Cc1cn(C2CCCN(Cc3cccc(Oc4ccccc4)c3)C2)c(=O)[nH]c1=O,,98.89,,,
CCCCOC(=O)C(Cl)(Cl)Oc1ccccc1,,,,,2.267
CCCCCCc1ccc(C)cc1O,,,,,1.922
O=C(Cl)c1cc(Cl)cc(Cl)c1,,,,,2.421
ON1C=CC=C(c2cc3nccc(-c4ccc(OC(F)F)c(OCC5CC5)c4)n3n2)C1,-4.71,,,,
CCCCC(CC)CNCC(C)(N)CNCC(CC)CCCC,,,,,2.612
CCCCCOC(CBr)c1ccc(C2CCCCC2)cc1,,,,,3.15
CCOP(=S)(OCC)SCn1nc(Br)ccc1=O,,,,,4.095
NCCCCCCNCCCCCCN,,,,,2.68
CC1(C)SC2C(NC(=O)C(C(=O)Oc3ccc4c(c3)CCC4)c3ccccc3)C(=O)N2C1C(=O)O,,,,,2.393
COC(COC(N)=O)C1=C(N2CC2)C(=O)C(C)=C(N2CC2)C1=O,,,,,4.071000000000001
OCCN1CCNCC1,,,,,1.423
O=C(C=CC(=O)OCCCl)OCCCl,,,,,3.531
CCCCN1C(=O)C2C3C=C(C(O)(c4ccccc4)c4ccccn4)C(C3=C(c3ccccc3)c3ccccn3)C2C1=O,,,,,4.8
O=C(OC1CCCCC1)c1ccccc1C(=O)OC1CCCCC1,,,,,1.042
CC(C)COC(=O)C(C)Oc1ccc(Oc2ccc(Cl)cc2)cc1,,,,,2.6830000000000003
O=C=NCCCCCCN=C=O,,,,,2.358
CN(C)C(=O)Nc1ccc(Cl)cc1,,,,,2.276
CC(CCC(=O)O)C1CCC2C3CCC4CC(O)CCC4(C)C3CC(O)C12C,,,,,2.594
CC(O)(C(=O)Nc1cccc(S(=O)(=O)c2ccccc2)c1)C(F)(F)F,,90.91,,,
CON=C(C)C(=NOC(=O)N(C)Sc1ccc(C(C)(C)C)cc1)C(=O)N(C)C,,,,,4.1339999999999995
CC(C)Cn1c(=O)n(C)c(=O)c2c(C(=O)N3CC[C@@H](O)C3)c(Cc3ccnc4ccccc34)sc21,,64.54,,,
CCOC(=O)N1CC=Cc2ccccc21,,,,,3.018
CCN1CCN(C(=O)NC(C(=O)NC2C(=O)N3C(C(=O)[O-])=C(CSc4nnnn4C)CSC23)c2ccc(O)cc2)C(=O)C1=O,,,0.17,,
CC(=O)O[C@H]1C(=O)[C@]2(C)[C@@H](O)C[C@H]3OC[C@@]3(OC(C)=O)[C@H]2[C@H](OC(=O)c2ccccc2)[C@]2(O)C[C@H](OC(=O)[C@H](O)[C@@H](NC(=O)c3ccccc3)c3ccccc3)C(C)=C1C2(C)C,,,,11.0,
COc1cc2nnc(C(N)=O)c(Nc3ccc(C)cc3F)c2cc1OC,,96.72,,,
CCCCOCCOC(=O)COc1ccc(Cl)cc1Cl,,,,,2.5869999999999997
C=CCn1c(=O)n(CC=C)c(=O)n(CC=C)c1=O,,,,,2.397
COc1ccc(C)cc1N,,,,,1.976
c1csc([C@]23CNC[C@H]2C3)c1,-4.7544875,,,,
COP(C)(=S)Sc1ccccc1,,,,,3.1630000000000003
O=C(O)P(=O)(O)O,,,,4.7,
Cc1cc2nc(C(F)(F)F)[nH]c2cc1C,,,,,3.467
CCOC(=O)CCN1CC(=O)N(C)c2ccc(NCc3ccc(C(=N)N)cc3)cc2C1=O,-6.8519359,,,,
CC(C)NCC(O)COc1cccc2[nH]ccc12,,,,2.2,2.975
C=C(C)C=NOC(=O)NC,,,,,3.255
Cc1ccc(N2CCN(C(=O)[C@H](C)Cc3ccc(Cl)cc3)CC2)c([C@@H](N)C(C)C)c1,-5.3000002,,,,
C[C@]12C[C@H](O)[C@H]3[C@@H](CCC4=CC(=O)CC[C@@]43C)[C@@H]1CC[C@]2(O)C(=O)CO,,,,1.6,
OCCCCO,,,,,1.7719999999999998
Nc1c(CC(=O)O)cccc1C(=O)c1ccccc1,-4.52,,,,
N=C(N)c1cccc(-n2nc(C(F)(F)F)cc2C(=O)Nc2ncc(-c3ccccc3S(N)(=O)=O)cn2)c1,-7.0,,,,
CCCCN(CCCC)N=O,,,,,2.12
CCCCn1c(C)cc(=NC(=O)c2ccccc2O)n1-c1ccccc1,,,,,2.589
CO/N=C1/CN(c2nc3c(cc2F)c(=O)c(C(=O)[O-])cn3C2CC2)CC1C[NH3+],,,3.52,,
C=Cc1ccccn1,,,,,3.022
O=c1c(F)cn(C2CCCO2)c(=O)n1C1CCCO1,,,,,2.194
C[C@@H]1CN(Cc2ccc(F)cc2)CCN1C(=O)COc1ccc(Cl)cc1NC(N)=O,,97.95,,,
CCOCC(O)COC(C)C,,,,,1.511
CCCC[C@@H]1CC(=O)[C@]2(O)O[C@@H]3[C@@H](NC)[C@@H](O)[C@@H](NC)[C@H](O)[C@H]3O[C@@H]2O1,,,,11.0,
O=c1[nH]c2ccccc2n1CCCN1CCN(C(c2ccccc2)c2ccccc2)CC1,,,,,2.481
CC(=O)c1ccc2oc3ncccc3c(=O)c2c1,,,,,2.154
C.CC(C)n1c(N)nc2ccc(/C(=C/C(N)=O)c3cccc(F)c3F)cc21,-5.3000002,,,,
CON=C(C)C(=NOC(=O)N(C)SSC(C)(C)C)C(=O)N(C)C,,,,,4.261
ClCC(Br)CBr,,,,,3.143
Fc1c(Cl)c(Cl)c2nc(C(F)(F)F)[nH]c2c1Cl,,,,,5.11
COc1cc(C(=O)N2CC[C@](CCN3CCC(C(N)=O)(c4ccccc4)CC3)(c3ccc(Cl)c(Cl)c3)C2)cc(OC)c1OC,-5.4105153,,,,
C=CCN1CC[C@]23c4c5ccc(O)c4O[C@H]2C(=O)CC[C@@]3(O)[C@H]1C5,,,,1.1,
COc1ccc(N)cc1Cl,,,,,2.457
O=c1oc2ccccc2c2ncccc12,,,,,1.994
O=C(NC1(C(=O)N[C@@H](Cc2ccccc2)C(=O)NCCCN2CCOCC2)CCCC1)c1cc2ccccc2s1,-5.0478787,,,,
CCOP(=S)(OCC)SCSC(C)(C)C,,,,,5.256
CSCCC(O)C(=O)O,,,,,1.635
FC(F)(F)c1nc2c(Br)c(Br)c(Br)c(Br)c2[nH]1,,,,,5.0
C=C1NC(N)=Nc2c1ncn2COCCOC(=O)[C@H](N)CO,-5.329999900000002,,,,
CCOC(=O)c1ccc(O)cc1,-4.8102908,,,,
CC(O)CC(C)O,,,,,1.181
O=c1n(Cl)c(=O)n(Cl)c(=O)n1Cl,,,,,2.758
CC1(C)SC2C(NC(=O)C(NC(=O)N3CCN(S(C)(=O)=O)C3=O)c3ccccc3)C(=O)N2C1C(=O)[O-],,,0.09,,
O=C([O-])CCNC(=O)c1ccccc1,,,0.28,,
Nc1nc2ccc(Cl)cc2o1,,,,,2.873
Cc1ccc([N+](=O)[O-])cc1,,,,,1.845
CCOc1cc2ncc(C(N)=O)c(Nc3ccc(F)cc3F)c2cc1N1CCCN(C)CC1,,69.61,,,
Nc1cccc2c(Cl)ccc(Cl)c12,,,,,1.784
CCN(CC)S(=O)(=O)c1c(Cl)c(Cl)c(Cl)c2[nH]c(C(F)(F)F)nc12,,,,,4.58
CC(C)=NN=C(C)C,,,,,2.424
CCOC(=O)C(CC)(CC(=O)OCCN(CC)CC)c1ccccc1,,,,,3.339
CN[C@H]1CC[C@@H](c2ccc(Cl)c(Cl)c2)c2ccccc21,,98.54,,,
C=CCN(CC=C)CC=C,,,,,2.125
COc1ccc2oc(N)nc2c1,,,,,2.215
CC1CC2C3CCC4=CC(=O)C=CC4(C)C3(F)C(O)CC2(C)C1(O)C(=O)CO,,,0.94,,
Cc1cc(S(=O)(=O)O)cc(C)c1O,,,,,1.883
COc1ccc(CCNCC(O)COc2cccc(C)c2)cc1OC,,,,1.9,
CCCCOC(=O)n1c(Br)nc(Br)c1Br,,,,,3.964
CCOc1cc2c(cc1OCC)C1CC(=O)C(CCC#N)CN1CC2,,,,,2.642
CC(C)=CC1C(=O)OC(=O)C1(C=C(C)C)C=C(C)C,,,,,2.4459999999999997
COc1c(OP(=O)(OC(C)C)OC(C)C)cnn(C)c1=O,,,,,5.227
C1NNCN2CNNCN12,,,,,2.56
CC12CC1(C)C(=O)N(c1cc(Cl)cc(Cl)c1)C2=O,,,,,1.608
Oc1ccc(O)c2[nH]c(C(F)(F)F)nc12,,,,,3.876
CC(=O)c1ccccc1,,,,,2.169
CC1NC(=O)c2ccccc2O1,,,,,2.202
CCC(=O)OCCOc1ccccc1,,,,,1.645
FC(F)(F)c1ccc(Cl)cc1,,,,,1.143
CC1(C)CNC(=NN=C(C=Cc2ccc(C(F)(F)F)cc2)C=Cc2ccc(C(F)(F)F)cc2)NC1,,,,,2.641
CCNC(=O)Nc1nc2cc(-c3cccnc3)ccc2[nH]1,,98.21,,,
O=CC(O)C(O)C(O)CO,,,0.23,,
O=CC=Cc1ccccc1,,,,,1.775
Cc1noc(NS(=O)(=O)c2ccc(N)cc2)c1C,,91.28,,7.4,1.4269999999999998
CN=c1oc2ccccc2n1C,,,,,2.21
C/C(=C\c1csc(C)n1)C1CC2OC2(C)CCCC(C)C(O)C(C)C(=O)C(C)(C)C(O)CC(=O)O1,,,14.4,,
c1ccc(-c2cccc(-c3ccccc3)c2)cc1,,,,,1.982
ON=C1C=CC(=NO)C=C1,,,,,2.474
O=c1cc(N2CCOCC2)nc(NCc2cccc(Cl)c2)[nH]1,,92.95,,,
C[NH+]1CCC23c4c5ccc(O)c4OC2C(OC2OC(C(=O)[O-])C(O)C(O)C2O)C=CC3C1C5,,,0.12,,
CCOCn1cc(F)c(=O)n(C(=O)c2cccc(C(=O)Oc3nc(OC(=O)c4ccccc4)ccc3C#N)c2)c1=O,,,,,2.48
C=COCCCC,,,,,1.001
Fc1c(Br)c(Cl)c2nc(C(F)(F)F)[nH]c2c1Br,,,,,4.8
c1ccc(Oc2nncc3ccccc23)cc1,,,,,2.347
CCCCCCCCCC[NH2+]CCN[C@@]1(C)C[C@H](O[C@H]2[C@H](Oc3c4cc5cc3Oc3ccc(cc3Cl)[C@@H](O)[C@@H](NC(=O)[C@@H](CC(C)C)[NH2+]C)C(=O)N[C@@H](CC(N)=O)C(=O)N[C@H]5C(=O)N[C@H]3C(=O)N[C@H](C(=O)N[C@H](C(=O)[O-])c5cc(O)c(C[NH2+]CP(=O)([O-])[O-])c(O)c5-c5cc3ccc5O)[C@H](O)c3ccc(c(Cl)c3)O4)O[C@H](CO)[C@@H](O)[C@@H]2O)O[C@@H](C)[C@H]1O,,,0.11,,
CCOP(=O)(Cc1ccc(-c2nc3ccccc3s2)cc1)OCC,,,,,2.366
O=C(O)COCC(=O)O,,,,,2.428
CCOc1ccc(NC(=O)CC(C)=O)cc1,,,,,3.099
CC(=O)OC(C)=O,,,,,1.759
Oc1ccccc1,,,,,2.4730000000000003
C=CC(=O)OCCN(C)C,,,,,2.498
COc1cc2c(cc1OC)C1CC(=O)C(CCC#N)CN1CC2,,,,,2.705
CC(C)=CCCC(C)CCOC=O,,,,,1.341
CCC1(CC)C(=O)C=CN(CN2CCOCC2)C1=O,,,,,2.135
CC(C)(C)NCC(O)c1cc(O)cc(O)c1,,,,15.0,
O=C(O)Cc1ccc2c(c1)C(=O)c1ccccc1CO2,,,,,3.273
CC(=O)O[C@H]1C[C@]2(C)CC[C@H]3[C@@H]4C[C@H](N5CC[N+](C)(C)CC5)[C@H](OC(C)=O)[C@@]4(C)CC[C@@H]3[C@@]2(C)C[C@@H]1N1CC[N+](C)(C)CC1.[Br-].[Br-],,,,1.9,
CCOC(=O)C(CCc1ccccc1)NC(C)C(=O)N1CC2(CC1C(=O)[O-])SCCS2,,,0.43,,
CC(C)CCOc1ccc(N)cc1,,93.24,,,
O=c1cc(N2CCOCC2)nc2n(Cc3cccc4ccccc34)ccn12,,96.93,,,
CCc1ccccc1C=CC(O)=S,,,,,2.33
CCCCN(CCNCCc1ccc(O)c2[nH]c(=O)sc12)C(=O)CCOCCc1ccccc1,,94.68,,,
CC(C)Oc1cc(-n2nc(C(C)(C)C)oc2=O)c(Cl)cc1Cl,,,,,1.994
CCCCN1CCCC1=Nc1ccc(Cl)c(Cl)c1,,,,,1.971
CCCSC(=O)Oc1c(C(C)CC)cc([N+](=O)[O-])cc1[N+](=O)[O-],,,,,2.768
C=C(OP(=O)(OCC)OCC)P(=O)(OC)OC,,,,,3.222
CC1C(=O)OC2CCN3CC=C(COC(=O)C(C)(O)C1(C)O)C23,,,,,3.693
C[C@H]([C@H](O)c1ccc(O)cc1)N1CCC(O)(c2ccccc2)CC1,,31.87,,,
Cc1nc(C(C)C)c(-c2ccc([C@H]3CC[C@H](CC(=O)O)CC3)cc2)nc1C(N)=O,,97.81,,,
O=C(O)c1cn(Cc2ccccc2)c2cc(N3CCNCC3)c(F)cc2c1=O,,70.1,,,
CCCCCCCC=O,,,,,1.357
CN1C(=O)CN=C(c2ccccc2F)c2cc([N+](=O)[O-])ccc21,,,1.9,25.0,2.878
CCNc1nc(Cl)nc(NCC)n1,,,,,2.3169999999999997
CC(Cc1ccccc1)NC(=O)C([NH3+])CCCC[NH3+],,,0.6,,
Cn1c(=O)c2c(ncn2CC(=O)O)n(C)c1=O,,,,,2.423
COC(C1=NCCCN1)c1ccc2ccccc2c1,,,,,2.767
CC12C=CC(=O)C=C1CCC1C2C(O)CC2(C)C1CCC2(O)C(=O)COC(=O)CCCc1ccc(N(CCCl)CCCl)cc1,,,,,3.0860000000000003
CC(C)NC(=O)c1nn(-c2ccc(Cl)cc2)c(=O)c2c(N)scc12,,99.01,,,
NC12CC3CC(CC(C3)C1)C2,,,,16.0,2.225
CN(C)CCC=C1c2ccccc2Sc2ccc(Cl)cc21,,,,,3.198
CCCCC(CC)COC(N)=O,,,,,1.74
CN1CCOC1,,,,,2.324
Oc1ccc(C2=CCCCC2)cc1,,,,,1.789
CC(CO)c1ccccc1,,,,,1.7719999999999998
CCNC(=O)CSP(=S)(OC)OC,,,,,3.2889999999999997
CCOP(=S)(OCC)SCc1nnc(CC)o1,,,,,4.442
CC=CC(=O)OC(=O)C=CC,,,,,1.736
COP(=O)(OC)SC(C)(C)C,,,,,3.495
CC(C)CNCC(=O)NN=Cc1ccc([N+](=O)[O-])o1,,,,,2.93
CCCc1cc(=O)[nH]c(=S)[nH]1,,40.89,0.34,1.3,1.934
CN(C)Cc1nnc2n1-c1ccc(Cl)cc1C(c1ccccc1)=NC2,,,0.98,2.1,
Cc1cc(CN2Cc3ccccc3C2C(=O)Nc2ccc(Cl)cc2Cl)ccc1OCC(=O)O,,99.87,,,
CCOC(=O)C(CCc1ccccc1)NC(C)C(=O)N1C(C(=O)[O-])CC2CCCCC21,,,0.25,,
BrC=Cc1ccccc1,,,,,2.166
Cc1ccc(NC(=O)c2ccnc(N3CCOCC3)c2)cc1NC(=O)c1ccc(OCc2ccccn2)cc1,,98.51,,,
Cc1nc(-c2c(F)cc(Cl)cc2-c2cnc([C@@H](C)NC(=O)[C@@](C)(O)C(F)(F)F)c(F)c2)no1,,98.0,,,
N=C(N)c1ccc(CNC(=O)[C@@H]2CCN2C(=O)[C@H](NCC(=O)O)C2CCCCC2)cc1,,,,1.6,
COc1ccc(C=Nc2c(C)n(C)n(-c3ccccc3)c2=O)cc1,,,,,1.507
COP(=S)(OC)Oc1ccc2c(C)cc(=O)oc2c1,,,,,4.284
CCCCCCO,,,,,2.1519999999999997
CC(C)c1nc(N(C)S(C)(=O)=O)nc(-c2ccc(F)cc2)c1/C=C/C(O)CC(O)CC(=O)[O-],,,1.7,,
CC(=O)Nc1ccc2c(c1)N(c1cc(NC3CC3)n3ncc(C#N)c3n1)CCO2,,92.48,,,
CC(C)CCCCCOP(OCCCCCC(C)C)OCCCCCC(C)C,,,,,1.658
CC=O,,,,,1.824
CCCCCCCCCOC(=O)C1=CNC=C(C(=O)NC2CCCC2)C1c1ccccc1[N+](=O)[O-],,,,,4.684
COc1ccc(O)c(C(C)(C)C)c1C(O)c1ncc([N+](=O)[O-])n1C,,,,,1.693
NC(=O)c1cc(C(=O)CBr)ccc1O,,,,,2.509
CCOC(=O)C(C(C)=O)C(=O)Cc1c(C)n(C(=O)c2ccc(Cl)cc2)c2ccc(OC)cc12,,,,,3.429
Cc1nccn1CCC(C(N)=O)(c1ccccc1)c1ccccc1,,,1.51,,
Cc1ccc(/C(=C/CN2CCCC2)c2cccc(/C=C/C(=O)O)n2)cc1,-5.720623000000002,,,,
CCCc1nc(C)cc(OP(=S)(OCC)OCC)n1,,,,,3.0669999999999997
Nc1cc(Cl)c(N)cc1Cl,,,,,2.005
CN(Sc1c(Cl)c(Cl)c(Cl)c(Cl)c1Cl)C(=O)Oc1cccc2c1OC(C)(C)C2,,,,,4.302
CCN(CC)c1ccc(C=O)c(O)c1,,,,,1.932
COP(=O)(CSSCP(=O)(OC)OC)OC,,,,,3.6
CC1=Nc2ccc(Cl)cc2S(=O)(=O)N1,,,,,2.372
C/C=C(\C)C(=O)O[C@H]1[C@@H](OC(C)=O)c2c(ccc3ccc(=O)oc23)OC1(C)C,-4.579999900000002,,,,
CN1CCN(CCC=C2c3ccccc3Sc3ccc(S(=O)(=O)N(C)C)cc32)CC1,,,,,2.79
CNC(=O)/C=C(/c1ccc2nc(N)n(C3CCCC3)c2c1)c1ccccc1F,-5.1500001,,,,
CCCCCCOc1ccc(NNC=O)cc1,,,,,2.518
CSC(C)(C)C=NO,,,,,2.254
O=c1[nH]cnc2[nH]ncc12,,,0.58,,
CCOP(=S)(CC)Oc1cc(Cl)c(Cl)cc1Cl,,,,,4.3469999999999995
C=C(C)C(=O)OCCCC,,,,,0.799
CCC(C)N(C(=O)c1ccc(Cl)c(Cl)c1)C(C)CC,,,,,2.319
CCCCSP(SCCCC)SCCCC,,,,,2.516
CCCCC1C(=O)N(c2ccccc2)N(c2ccccc2)C1=O,,,,,3.1
CCSCCSP(=S)(OC)OC,,,,,3.789
Cn1nnnc1SCC1=C(C(=O)O)N2C(=O)[C@@H](NC(=O)[C@H](O)c3ccccc3)[C@H]2SC1,,,,0.75,
CCOP(=S)(OCC)SCS(=O)(=O)CC,,,,,5.235
CCOC(=S)C=Cc1ccc(Cl)cc1,,,,,2.378
CCCc1ccc(O)cc1,,,,,2.435
CC(=O)N[C@H](Cc1ccc2ccccc2c1)C(=O)N[C@H](Cc1ccc(Cl)cc1)C(=O)N[C@H](Cc1cccnc1)C(=O)N[C@@H](CO)C(=O)N[C@@H](Cc1ccc(O)cc1)C(=O)N[C@H](CCCNC(N)=O)C(=O)N[C@@H](CC(C)C)C(=O)N[C@@H](CCCNC(=N)N)C(=O)N1CCC[C@H]1C(=O)N[C@H](C)C(N)=O,,,,12.0,
CCN(N=O)C(C)C,,,,,2.024
CCN(CC(=O)OCC(F)(F)F)c1cccc(C)c1,,,,,2.161
CCOP(=O)(OCC)SCc1nnc(SC)s1,,,,,3.0610000000000004
CCCCOC(=O)Oc1ccc([N+](=O)[O-])cc1[N+](=O)[O-],,,,,3.0210000000000004
COC(=O)Nc1nc2ccc(C(=O)c3ccc(F)cc3)cc2[nH]1,,,,,2.088
O=C(OCCOC(=O)C(Cl)(Cl)Cl)C(Cl)(Cl)Cl,,,,,1.702
Cc1ccc2c(c1)c(-c1cc(C)nc3ccccc13)c(C)n2CC(=O)O,,99.6,,,
O=C1OC(OC(=O)c2cccnc2Nc2cccc(C(F)(F)F)c2)c2ccccc21,,,,,1.538
C[C@]12CC[C@@H]3c4ccc(OC(=O)N(CCCl)CCCl)cc4CC[C@H]3[C@@H]1CC[C@@H]2OP(=O)(O)O,,,,2.4,
CCOC(=O)C1CC2CCC1C2,,,,,1.379
C1C[SiH2]C1,,,,,1.671
c1ccc(C(c2ccccc2)(c2ccccc2)N2CCOCC2)cc1,,,,,3.599
CCN(CC)N=Nc1cccnc1,,,,,2.929
ClCCN(CCCl)CCCl,,,,,4.612
CCN1CCNCC1,,,,,1.724
C=CCn1c(C)c(N(C)C)c(=O)n(-c2ccccc2)c1=O,,,,,2.075
COC(=O)OC(=O)OC,,,,,2.7119999999999997
CCOCOC(=O)c1ccccc1Nc1c(Cl)ccc(C)c1Cl,,,,,3.062
CN1C(=N)N[C@](C)(c2cc(-c3cccc(C#N)c3)cs2)CC1=O,,91.64,,,
NC(=O)C(c1ccccc1)c1ccccc1,,,,,2.5469999999999997
O=c1c2ccccc2n(-c2cccc(C(F)(F)F)c2)c(=O)n1CCO,,,,,2.636
CCCCCCCCCCN(CCCCCCCCCC)CCCCCCCCCC,,,,,2.167
CCOc1ccc(-n2c([C@@H](C)N(CC3CCN(C)CC3)C(=O)Cc3ccc(F)c(C(F)(F)F)c3)nc3ncccc3c2=O)cc1,,87.11,,,
O=C(Oc1ccccc1)c1ccccc1O,,,,,1.854
CCOP(=S)(OC(C)C)Sc1nc(C)cc(C)n1,,,,,3.654
Cc1nnc(-c2ccccc2)c(=O)n1N,,,,,2.145
CSCCC(O)C#N,,,,,3.437
CC1CNCC(C)O1,,,,,1.61
NC(=O)OC[C@@H]1[C@H](NC(=O)/C(=N\OCC(=O)O)c2csc(N)n2)C(=O)N1S(=O)(=O)O,,,,1.6,
CCOC(=O)C(=O)OCC,,,,,2.563
Cc1ccc(C)[nH]1,,,,,3.208
CCCCC(C#N)(Cn1ccnc1)c1ccccc1,,,,,2.202
COCc1ccc2c(C(C(=O)NS(=O)(=O)c3ccc(C)cc3OC)c3ccc4c(c3)OCO4)cn(C)c2c1,-5.3005152,,,,
C=CC(=O)OCCCl,,,,,2.8739999999999997
COc1ccc2c(c1)c(CC(=O)OCC=C(C)CCC=C(C)CCC=C(C)C)c(C)n2C(=O)c1ccc(Cl)cc1,,,,,2.525
O=[N+]([O-])c1ccc(O)c(CNCCCl)c1,,,,,3.965
O=c1oc2cc(Cl)ccc2n1CO,,,,,1.853
CCC1(c2cccc(O)c2)CCCCN(C)C1,,,,1.7,
O=C(Oc1cccc(O)c1)c1ccccc1,,,,,2.127
CS(=O)(=O)c1ccc(CN(CCO)C(=O)C(Cl)Cl)cc1,,,,,1.435
Clc1cccc(C(Cl)(Cl)Cl)n1,,,,,2.39
COCC(C)OC(C)=O,,,,,1.19
O=NN(C1CCCCC1)C1CCCCC1,,,,,1.624
CC(C)OP(=S)(OC(C)C)SCn1nc(Cl)ccc1=O,,,,,3.2739999999999996
COc1cc2c(cc1OC)C1C(=O)c3ccc4c(c3OC1CO2)CC(C(C)C)O4,,,,,2.2
COc1cc(O)c(C(=O)c2ccccc2)cc1S(=O)(=O)O,,,,,1.941
CCCCCCCCC(CC=CCl)CCCN,,,,,2.294
COc1ccc(CC(=O)NCc2ccccc2-c2ccccc2C(=O)NCCc2cccnc2)cc1,,99.34,,,
CCCCc1oc2ccccc2c1C(=O)c1cc(I)c(OCCN(CC)CC)c(I)c1,,,,820.0,
CCOC(=O)C1=CC2(CC)CCCN3CCc4c(n1c1ccccc41)C32,,,2.08,,2.843
FC(F)(F)c1ccc(Cl)cc1Cl,,,,,2.0
Cc1c(F)c(F)c2[nH]c(C(F)(F)F)nc2c1F,,,,,4.81
O=C(CN1C2=NCCN2c2ccccc21)c1ccc(Cl)cc1,,66.1,,,
CNC(=O)[C@@H](Cc1ccccc1)NC(=O)[C@@H](Cc1ccccc1)NC(=O)[C@@H](Cc1ccccc1)NC(C)=O,-5.380000099999998,,,,
CCN(CC)CC#N,,,,,2.846
CC(C(=O)Nc1cc(-c2ccccc2)nn1-c1ccccc1)N(C)C,,,,,2.431
O=C1OCCC1N(C(=O)C1CC1)c1cccc(Cl)c1,,,,,3.2060000000000004
CCOP(=O)(OCC)SC(C)C,,,,,3.074
Nc1ccc(C(=O)c2ccccc2)c(C(=O)O)c1,,,,,1.65
CCN(CC)C(=O)c1ccc(C)cc1,,,,,1.92
O=C(NC1CC1)c1cn(-c2cccc(C#Cc3cccnc3)c2)c2ncccc2c1=O,,98.33,,,
C[C@@H]1O[C@@H](c2ccc(N(O)O)cc2)OC[C@H]1N,-4.8885694000000015,,,,
C#CCOc1ccc(N)cc1C(=O)NCCCC,,,,,2.455
Cc1cccc(C)c1O,,,,,2.616
CN1C2CC[C@@H]1CC(OC(c1ccccc1)c1cccc(Cl)c1)C2,-4.662271,,,,
O=C1c2ccc(O)c(O)c2C(=O)c2c(Nc3ccc(O)cc3)ccc(Nc3ccc(O)cc3)c21,,,,,1.958
CNC(=O)Oc1ccc(O)c2ccccc12,,,,,2.261
COC(=O)C1CCc2cc(C3CCCCC3)ccc21,,,,,3.0069999999999997
CC(=O)CC(C)=O,,,,,3.26
CC(C)(C)c1nn2ccccc2c1Cc1ccc(C(=O)N[C@@H]2CCOC[C@@H]2C(=O)NO)cc1,-5.3665314,,,,
NCCCC1(CCCN)c2ccccc2-c2ccccc21,,,,,2.655
CCCCOC(=O)c1ccc([N+]([O-])=Cc2ccc(N(CC)CC)cc2)cc1,,,,,2.186
COc1cc(OC)c(S(=O)(=O)N(C)c2ccccc2)cc1NC(C)=O,,82.05,,,
C(Oc1nc(OCC2CO2)nc(OCC2CO2)n1)C1CO1,,,,,2.248
CC(C)Oc1cc2ncc(C(N)=O)c(Nc3cccc(Cl)c3F)c2cc1N1CCN(C)CC1,,95.12,,,
CC(C)Oc1cc(Nc2nc(N[C@@H](C)c3ccc(F)cn3)nc(OC(CO)CO)c2Cl)n[nH]1,,82.39,,,
CCN1CN(CO)C(=O)N(CO)C1,,,,,1.362
CCC(CC)COCCOC(=O)CCC(=O)OCCOCC(CC)CC,,,,,2.055
CCC(C)(C)c1ccc(Cl)c(OC(=O)NC)c1,,,,,3.533
CC(C)Cc1cccc2c(CC(=O)O)cccc12,,,,,2.6060000000000003
Nc1nncs1,,,,,2.602
CCCCSCCCC,,,,,1.819
O=C(Nc1ccccc1Cl)c1cc[nH]n1,,93.39,,,
O=C1c2cccc3c2C(CCC3)CN1C1C[NH+]2CCC1CC2,,,6.3,,
O=C1NC(=O)C(c2ccccc2)(c2ccccc2)N1S(=O)(=O)c1ccccc1,,,,,2.363
CCCCC(CC)CO,,,,,1.803
CC(=O)NCC1CN(c2cc(F)c(-c3ccncc3)c(F)c2)C(=O)O1,-4.29,,,,
CCCOC(=O)Cc1ccc(OCC(=O)N(CC)CC)c(OC)c1,,,,,2.6830000000000003
Cc1cnccc1N,,,,,2.385
CCOC(=O)CC(C)=O,,,,,1.515
CC(C)(C)c1ccc(CCOc2ncnc3ccccc23)cc1,,,,,3.353
C=CCOC(=O)Cc1ccccc1,,,,,2.4330000000000003
CCC(C)(C)NC(N)=NC#N,,,,,2.7110000000000003
OC(c1ccc(Cl)cc1)(c1cncnc1)c1ccccc1Cl,,,,,2.122
O=C1CN=C(c2ccccc2)c2c(sc3c2CCCC3)N1,,,,,2.171
CCCCCCCCCCCCc1ccccc1O,,,,,2.097
CCCCC(CC)(CO)CO,,,,,1.5019999999999998
N#Cc1ccc2[nH]c(-c3ccc(F)cc3)c(CCCC(=O)NS(N)(=O)=O)c2c1,,98.54,,,
Oc1ccc(Cl)cc1Cc1cc(Cl)ccc1O,,,,,2.252
CCN(C)C(=O)Oc1cccc(C(C)[NH+](C)C)c1,,,1.3,,
CN(C)Cc1cc(CN(C)C)c(O)c(CN(C)C)c1,,,,,2.345
c1cc2c(cc1C1CO1)O2,,,,,1.676
CCNc1nc(NC(C)C)nc(OC)n1,,,,,2.1590000000000003
O=C(O)/C=C/c1cccc(-c2cnc3[nH]ccc3c2)c1,,97.81,,,
Nc1nc(O)c2ncn(COC(CO)CO)c2n1,,,,3.7,
CC1CNc2c(cccc2S(=O)(=O)NC(CCCN=C(N)N)C(=O)N2CCC(C)CC2C(=O)[O-])C1,,,0.17,,
CC(=O)OC1c2c(ccc3ccc(=O)oc23)OC(C)(C)C1OC(=O)C=C(C)C,,,,,2.667
COP(=O)(OC)Oc1ccc(Cl)cc1Cl,,,,,2.734
CC(=O)N(CCC(CC[NH+]1CCCCC1)(C(N)=O)c1ccccc1Cl)C(C)C,,,2.6,,
CC(=O)Nc1cccc(OCc2cnc(Cl)s2)c1,,86.85,,,
C[C@H]1O[C@@H](n2cc(F)c(=O)[nH]c2=O)[C@H](O)[C@@H]1O,,,,0.35,
CSc1nnc(C(C)(C)C)c(=O)n1N,,,,,2.29
Cc1oncc1C(=O)N1CCCCC1,,,,,2.195
O=C(O)C1CCCCC1(O)c1ccccc1,,,,,2.147
CCOCCCO,,,,,1.173
CCOC(=O)Nc1cc2c(c(N)n1)N=C(c1ccccc1)CCN2,,94.56,,,
COc1ccc(-c2c(C(=O)N3CCC[C@H]3CO)cc3cccnn23)cc1,,89.05,,,
CCOC(=O)CCC#N,,,,,1.091
C#CC(C)N(C(=O)CCl)c1ccccc1,,,,,2.278
CN1CCN(N=O)CC1,,,,,3.111
O=C(NC1(C(=O)N[C@H](Cc2ccccc2)C(=O)NCC2CCN(C3CCOCC3)CC2)CCCC1)c1cc2ccccc2s1,-5.7979398,,,,
Nc1ccc2ccccc2c1S(=O)(=O)O,,,,,1.061
N#Cc1c(-c2ccc(-c3ccncc3Cl)cc2)nc2ccncc2c1O,,99.45,,,
CC1(N)CCC(C(C)(C)N)CC1,,,,,2.384
O=C(NCC1(O)CCCCCC1)c1cc(-c2ccccc2C(=O)O)ccc1Cl,,91.1,,,
CCN(N=O)C(=O)NC(C)=O,,,,,2.461
CC(C)(C)CCN1CC[C@H](CNC(=O)c2cc(Cl)cc(Cl)c2)[C@H](F)C1,,95.53,,,
COC1CC2CCC(C)C(O)(O2)C(=O)C(=O)N2CCCCC2C(=O)OC(C(C)CC2CCC(OP(C)(C)=O)C(OC)C2)CC(=O)C(C)/C=C(\C)C(O)C(OC)C(=O)C(C)CC(C)/C=C/C=C/C=C/1C,,,3.2,,
COc1cc2nnc(C(N)=O)c(Nc3cccc(Cl)c3F)c2cc1OC,,97.81,,,
Cc1cn([C@H]2CCCN(S(=O)(=O)c3ccc(C(N)=O)c(Oc4cccc(Cl)c4)c3)C2)c(=O)[nH]c1=O,,96.42,,,
CC(C)(C#N)C(C)(C)C#N,,,,,3.5439999999999996
Clc1ccncc1,-4.220202,,,,
CC(C)(c1cc(Cl)c(O)c(Cl)c1)c1cc(Cl)c(O)c(Cl)c1,,,,,1.692
COc1ccc(-c2ccc(=O)n(CC(=O)N(C)C(C)Cc3ccccc3)n2)cc1,,,,,2.525
C=CC=COC,,,,,1.594
CCN(N=O)C(=O)NC(N)=O,,,,,2.1830000000000003
CN(C)N=Nc1ccc(-c2ccccc2)cc1,,,,,2.812
CCCCCCCCCCCCCCOC(=O)Cc1ccc(N(CCCl)CCCl)cc1,,,,,4.012
CC1CC(C)(O)CC(C(O)CC2CC(=O)NC(=O)C2)C1=O,,,,,4.996
CCn1cc(C(=O)[O-])c(=O)c2cc(F)c(N3CC[NH2+]C(C)C3)c(F)c21,,,2.04,,
CC(Oc1ccc(Oc2ccc(Cl)cc2)cc1)C(=O)O,,,,,2.387
CNC(=O)c1cc(C(=O)c2ccc(Cl)cc2)c(Br)[nH]1,,98.61,,,
Nc1ccc([N+](=O)[O-])cc1Cl,,,,,1.429
CCC1C(=O)N(c2ccccc2)N(c2ccccc2)C1=O,,,,,2.573
CC(C)(C)NC(=O)[C@H]1C[C@H]2CCCC[C@H]2CN1C[C@@H](O)[C@H](Cc1ccccc1)NC(=O)[C@@H](CC(N)=O)NC(=O)c1ccc2ccccc2n1,-5.8616972,,,,
CN(C)CCOCCO,,,,,1.754
COCCOC(C)=O,,,,,1.5419999999999998
Cc1nc(=O)c(C#N)c(NCc2cccnc2)[nH]1,,,0.39,,
CCOC(=O)C(OP(OCC)OCC)C(C)=O,,,,,3.18
O=C(CC(c1ccccc1)c1ccccc1)N1CCN(C(c2ccccc2)c2ccccc2)CC1,,99.9,,,
O=C(NCc1ccccc1Cl)c1cccnc1Oc1ccccc1,,86.59,,,
CCC1C[NH+]2CCC1CC2C(O)c1ccnc2ccc(OC)cc12,,,2.8,,
CCOc1ccc2cc(S(=O)(=O)O)ccc2c1N,,,,,1.348
Cc1c(CN(C)C(=O)/C=C/C2=CNC3=[NH+]C(=O)CCC3=C2)oc2ccccc12,,,0.43,,
CO/N=C(\C(=O)N[C@H]1C(=O)N2C(C(=O)O)=C(CSc3cnns3)CS[C@H]12)c1csc(N)n1,,,0.2,,
CN/C(=N/CCSCc1nc[nH]c1C)NC#N,,,,2.2,
Cc1ccccc1N=C=O,,,,,1.92
C=CCCl,,,,,2.039
C[NH+](C)C1CCN(C(=O)c2ccc(NC(=O)Nc3ccc(-c4nc(N5CCOCC5)nc(N5CCOCC5)n4)cc3)cc2)CC1,,,2.39,,
CCCCC(CC)COP(Oc1ccccc1)Oc1ccccc1,,,,,2.265
Cn1c(N2CCCN(CCCN3c4ccccc4Sc4ccc(CC(=O)O)cc43)CC2)cc(=O)n(C)c1=O,-5.2600002,,,,
O=C(SC(=O)c1ccccc1)c1ccccc1,,,,,1.685
Cn1c(=O)c2[nH]cnc2n(C)c1=O,-4.3499999,,,,2.8680000000000003
CC(C)CNC(=O)NS(=O)(=O)c1ccc(Cl)cc1,,,,,2.4219999999999997
Cc1c(Cl)c([N+](=O)[O-])c2[nH]c(C(F)(F)F)nc2c1[N+](=O)[O-],,,,,3.49
COC(=O)c1c(F)cc(Cl)cc1-c1ccc([C@@H](C)NC(=O)C2(NC(=O)C(F)(F)F)CC2)c(F)c1,-4.5686364,,,,
COc1cc2c(cc1OC)[C@]13CCN4CC5=CCO[C@@H]6CC(=O)N2[C@@H]1[C@@H]6[C@@H]5C[C@@H]43,-4.7786422,,,,
O=C(O)C(c1ccccc1)N1CCC(CN2CCC(Oc3ccc(Cl)c(Cl)c3)CC2)CC1,,91.46,,,
CN1C(=O)CCS(=O)(=O)C1c1ccc(Cl)cc1,,,,,2.656
OCC1CCC(CO)CC1,,,,,1.654
CCC(Cc1c(I)cc(I)c(O)c1I)C(=O)O,,,,,2.456
CCCc1c(OCc2cccn3c(=O)c(CCC(=O)O)cnc23)ccc(C(C)=O)c1O,,,,,2.026
O=C1c2ccccc2C(=O)C1c1ccc(Cl)cc1,,,,,2.947
CC1=C(CO)C2=C(C)C3(CC3)[C@@](C)(O)C(=O)C2=C1,,,,0.3,
CCCCCCCCCCCCCCCCCC1=NC(C)(C)CC(C)N1,,,,,2.869
c1ccc2ncccc2c1,,,,,2.591
NC(=O)c1c(OC2CCN(C[C@H](O)CNC(=O)c3c[nH]c(=O)c4ccccc34)CC2)ccc(Cl)c1Cl,,78.79,,,
Nc1ccn([C@@H]2CS[C@H](CO)O2)c(=O)n1,-5.420000099999998,,,9.1,
Nc1cccc2cc(S(=O)(=O)O)ccc12,,,,,1.196
O=C(NNCc1ccccc1)c1ccccn1,,,,,2.9760000000000004
Clc1cccc(Cl)c1N=C1NCCN1,,,,7.6,3.1660000000000004
CCOP(=S)(OCC)Oc1ccc(C#N)cc1,,,,,4.433
C=C(F)C(=O)OCC(F)(F)C(F)F,,,,,3.532
C=C(C)C(=O)OCCO,,,,,1.411
C/C=C1\NC(=O)[C@H]2CSSCC/C=C/[C@H](CC(=O)N[C@H](C(C)C)C(=O)N2)OC(=O)[C@H](C(C)C)NC1=O,,,,11.0,
Cc1ccc(C(=O)O)cc1,,,,,2.532
CSC#N,,,,,3.0860000000000003
CC1(C)[C@H](C(=O)O)N2C(=O)C[C@H]2S1(=O)=O,,,,1.1,
C=CCN=C=O,,,,,2.696
O=C(N[C@@H]1COc2cccc(-c3ccc(CO)nc3)c2C1)c1ccc(OCCOCC(F)(F)F)nc1,,95.91,,,
CCOC(=O)C1=C(COCCN)NC(C)=C(C(=O)OC)C1c1ccccc1Cl,-4.670000099999998,98.09,,34.0,
CC1(C)SC2C(NC(=O)C(C(=O)[O-])c3ccsc3)C(=O)N2C1C(=O)[O-],,,0.16,,
C[NH+]1CCN(CCCN2c3ccccc3Sc3ccc(Cl)cc32)CC1,,,22.0,,
CC(C)(C)NC(=O)c1ccc(Oc2cc(F)c(CC(=O)O)cc2Cl)c(NS(=O)(=O)c2ccc(C3CC3)cc2Cl)c1,,99.85,,,
CCN(CC)CCCN,,,,,1.965
Cc1ccc(NC(=O)[C@H]2CCCN2S(=O)(=O)c2cccc3cccnc23)c(C)c1,,97.86,,,
CC(C)c1ccccc1OP(=O)(Oc1ccccc1)Oc1ccccc1,,,,,1.5659999999999998
CC[C@@H](CO)NCCN[C@@H](CC)CO,,,,3.1,
Cc1ccc(C(=O)Nc2ccc(S(=O)(=O)[O-])c3cc(S(=O)(=O)[O-])cc(S(=O)(=O)[O-])c23)cc1NC(=O)c1cccc(NC(=O)Nc2cccc(C(=O)Nc3cc(C(=O)Nc4ccc(S(=O)(=O)[O-])c5cc(S(=O)(=O)[O-])cc(S(=O)(=O)[O-])c45)ccc3C)c2)c1,,,0.54,,
Nc1nc(=O)c2c([nH]1)NCC(CNc1ccc(C(=O)NC(CCC(=O)[O-])C(=O)[O-])cc1)N2C=O,,,0.25,,
CCCCCOC(CBr)c1ccc(C(C)C)cc1,,,,,3.0980000000000003
O=CO,,,,,1.622
CCCCCCCCOC(CBr)c1ccc(C2CCCCC2)cc1,,,,,3.199
CCOC(=O)CC(O)(CC(=O)OCC)C(=O)OCC,,,,,1.671
CC(=O)CO,,,,,1.527
CCSCCOc1ccc([N+](=O)[O-])cc1,,,,,2.44
CCOP(=S)(OCC)SCSP(=S)(OCC)OCC,,,,,4.471
CCN(CCO)c1cccc(C)c1,,,,,2.117
COC(=O)C1=C(C#N)NC(C)=C(C(=O)OC(C)C)C1c1cccc([N+](=O)[O-])c1,,,,,2.393
ClC(Cl)c1cccc(Oc2ccccc2)c1,,,,,1.625
CC[C@H](N)C(=O)N[C@H](C#N)Cc1ccc(-c2ccccc2)cc1,,91.99,,,
CC(C)(Oc1ccc(Cl)cc1)C(=O)O,,,,,2.379
c1ccc(Oc2ccccc2)cc1,,,,,1.703
COCCn1cc(C(C(=O)NS(=O)(=O)c2ccc(C)cc2OC)c2ccc3c(c2)OCO3)c2ccc(F)cc21,-5.720623000000002,,,,
CC(C)c1cc(Oc2c(I)cc(CC(=O)O)cc2I)ccc1O,,,,,4.998
CNC(=O)[C@@H](Cc1ccccc1)NC(=O)[C@@H](CC1CCCCC1)NC(C)=O,-5.1413335999999985,,,,
Nc1ncnc2c1ncn2[C@@H]1O[C@H](CSCCCNC(=O)Nc2ccccc2)[C@@H](O)[C@H]1O,,81.36,,,
CCOC(C1=NCCCN1)c1ccc(Cl)cc1,,,,,2.461
Cc1cc([N+](=O)[O-])cc([N+](=O)[O-])c1O,,,,,4.297
CCCCc1ccc(O)cc1O,,,,,2.522
CS(=O)C(C)(C)C(N)=O,,,,,0.97
Cc1cc(Nc2nc(N[C@@H](C)c3ncc(F)cn3)c(C#N)nc2C)n[nH]1,,69.61,,,
CCCS(=O)(=O)C=CS(=O)(=O)CCC,,,,,3.08
O=C(O)C[C@@H](c1cnc2ccccc2c1)N1CC[C@@H](CCCc2ccc3c(n2)NCCC3)C1=O,-5.6900001,,,,
Nc1ccc(Oc2ccc(C(c3ccc(Oc4ccc(N)cc4)cc3)(C(F)(F)F)C(F)(F)F)cc2)cc1,,,,,2.588
CC1=CC(C)(C)Nc2ccc(Cc3ccc4c(c3)C(C)=CC(C)(C)N4)cc21,,,,,1.856
Nc1c(Cl)cc(C(=O)O)cc1Cl,,,,,1.649
COc1ccc2c(c1)c(CC(=O)OC(C)c1ccccc1)c(C)n2C(=O)c1ccc(Cl)cc1,,,,,3.036
COCCOCCOCC(=O)Nc1ccc(S(=O)(=O)Nc2nncs2)cc1,-6.2399998,,,,
C=COC(=O)CCC,,,,,1.126
c1ccc2cnccc2c1,,,,,2.555
CC(C)(C)N(Cl)Cl,,,,,2.26
CCOP(=S)(OCC)SCCSCC(=O)NC,,,,,4.246
CCOP(=O)(OCC)Oc1ccc2c(C)cc(=O)oc2c1,,,,,4.032
CC(=O)Oc1ccc(-c2ccc(F)cc2)cc1C(=O)O,,,,,3.1710000000000003
CC(C)COP(C)(=O)SCCN(C)C,,,,,5.404
Cc1cc(N2CCC[C@@H]2C(=O)NCCc2ccc3c(c2)OCO3)nc(-n2ccnc2)n1,,81.01,,,
OCC(CO)(CO)CO,,,,,0.8440000000000001
c1ccc(Sc2ccccc2)cc1,,,,,2.58
CC(C)(C)NC(=O)C1CN(Cc2cccnc2)CCN1CC(O)CC(Cc1ccccc1)C(=O)NC1c2ccccc2CC1O,,,0.82,,
COc1ccc(-c2nc(C)c(C(N)=O)s2)cc1OC,,,,,1.652
C=C(C)C(COc1c2occc2cc2ccc(=O)oc12)OC(C)(C)C(O)COc1c2occc2cc2ccc(=O)oc12,-4.48,,,,
CCn1cc(C(=O)[O-])c(=O)c2cc(F)c(N3CC[NH2+]CC3)cc21,,,1.88,,
COC1/C=C/OC2(C)Oc3c(C)c([O-])c4c(O)c(c(/C=N/N5CCN(C)CC5)c(O)c4c3C2=O)NC(=O)/C(C)=C\C=C\C(C)C(O)C(C)C(O)C(C)C(OC(C)=O)C1C,,,0.97,,
CCOP(=O)(OCC)SC(Cl)C(Cl)Cl,,,,,5.081
CCCOc1ccc(Cl)cc1C(CN(C)C)C(C)CC,,,,,2.725
O=C(OCc1ccccc1)c1ccccc1,,,,,2.096
O=C(Nc1ccc(Nc2ccc(NC(=O)c3ccccc3)c3c2C(=O)c2ccccc2C3=O)c2c1C(=O)c1ccccc1C2=O)c1ccccc1,,,,,1.539
O=C(O)c1cc(N=Nc2ccc(S(=O)(=O)Nc3ccccn3)cc2)ccc1O,,,,,1.4069999999999998
CC(C=O)CCC(C)(O)C=O,,,,,1.429
CCN(COC)N=O,,,,,2.34
CN1CC[C@]23c4c5ccc(O)c4O[C@H]2C(=O)CC[C@H]3[C@H]1C5,,,,2.3,
CC#Cc1cncc(-c2ccc3c(c2)C2(N=C(C)C(N)=N2)[C@]2(CC[C@H](OC)CC2)C3)c1,,91.99,,,
CC(C)(S)C(=O)NC(CS)C(=O)O,,,,,1.758
NC(=O)NCc1ccccc1,,,,,1.745
Cc1ccc(S(=O)(=O)NC(=O)NN2CC3CCCC3C2)cc1,,,,,1.811
O=c1ccc2ccc3occc3c2o1,,,,,2.762
CNC(=O)Oc1cc(C)c(N(C)C)cc1C(C)C,,,,,3.572
CC1(C)CC(=O)N(CCCCN2CCN(c3ncccn3)CC2)C(=O)C1O,-4.8899999,,,,
COP(=O)(OC)OC(C)=CC(=O)Oc1ccc(C)cc1,,,,,3.232
CCOC(N)=O,,,,,1.692
CCCCCC,,,,,0.477
O=[N+]([O-])c1ccccc1O,,,,,2.62
CCCC(=O)OC(C(Cl)(Cl)Cl)P(=O)(OC)OC,,,,,2.474
CC(=O)C=Cc1ccccc1,,,,,1.857
CCOC(=O)c1cc2c(ccc3ccccc32)oc1=O,,,,,2.23
CCCC1(c2cccc(O)c2)CCN(C)CC1C,,,,,2.445
Cc1cccc(C#N)c1C,,,,,1.641
Cc1cccc(Nc2ccncc2S(=O)(=O)NC(=O)NC(C)C)c1,,,,5.1,
O=C([O-])P(=O)([O-])[O-],,,0.5,,
Cc1c(Cl)cc2[nH]c(C(F)(F)F)nc2c1[N+](=O)[O-],,,,,3.95
CCC(C(O)c1ccc2[nH]c(=O)ccc2c1)N1CCN(c2cccc(Cl)c2)CC1,,,,,2.9160000000000004
COP(=S)(OC)OC1C2(C)CCC(C2)C1(C)C,,,,,3.0469999999999997
CCCCC/C=C\C/C=C\CCCCCCCC(=O)OCC/C=C/c1ccc(OC)c(OC)c1,-4.8498521,,,,
COc1ccc2ncc(=O)n(CCN3CC[C@H](NCc4cc5c(cn4)OCCO5)[C@@H](OC)C3)c2c1,,83.37,,,
CN[C@@H](C)C(=O)N[C@H](C(=O)N[C@H]1CCCCN(CCc2ccccc2)C1)C1CCCCC1,,73.81,,,
CC(C)c1cccc(OC(=O)N(C)C)c1,,,,,3.112
O=C1c2ccccc2-c2ccc3c4c(O)c(O)c5c6c(ccc(c7ccc1c2c73)c64)C(=O)c1ccccc1-5,,,,,2.367
COc1cc(OC)cc(OCC(O)CO)c1,,,,,2.036
CCOP(=S)(Oc1cnn(C)c(=O)c1SCC)OC(C)C,,,,,3.613
CC(C)N(C(=O)CCl)c1ccccc1,,,,,2.474
CN1CCN(C(=O)OC2c3nccnc3C(=O)N2c2ccc(Cl)cn2)CC1,,,,5.2,2.6719999999999997
CC(C)N1C(=O)c2ccccc2NS1(=O)=O,,,,,2.339
CCS(=O)(=O)CCn1c([N+](=O)[O-])cnc1C,,,0.59,13.0,1.96
C1=CCC2CC=CC2C1,,,,,1.508
CCOC(=O)c1ccc(NC(=O)Cc2ccc(C(=O)c3ccc(C)cc3)n2C)cc1,,,,,2.352
NC(=[NH2+])c1ccc(OCCCCCOc2ccc(C(N)=[NH2+])cc2)cc1,,,53.0,,
CCCSC(=O)N(CCC)CCC,,,,,2.229
O=C(CF)Nc1ccc(F)cc1,,,,,4.9319999999999995
N#CC(=C1SCC(c2ccccc2Cl)S1)n1ccnc1,,,,,2.6910000000000003
CCCCCCCC(=O)Oc1c(I)cc(C#N)cc1I,,,,,3.418
NNC(=O)CCCCCCCCC(=O)NN,,,,,1.964
C[Si](C)(C)OP(=O)(O[Si](C)(C)C)O[Si](C)(C)C,,,,,1.961
COP(=S)(Oc1ccc([N+](=O)[O-])cc1)Oc1ccc([N+](=O)[O-])cc1,,,,,3.074
C=C(c1ccccc1)C1OCC(N)CO1,-4.9913998,,,,
CCCSP(=O)(OCC)Oc1ccc(Cl)cc1Cl,,,,,3.012
Nc1ccc(S(=O)(=O)O)cc1,-5.4299998,,,,1.149
O=[N+]([O-])c1ccc2[nH]c(C(F)(F)F)nc2c1,,,,,4.8
CCOc1cc(CC(=O)N[C@@H](CC(C)C)c2ccccc2N2CCCCC2)ccc1C(=O)O,,99.1,,0.87,
C=CN,,,,,1.367
c1ccc(-c2ccc(C(c3ccccc3)n3ccnc3)cc2)cc1,,,,,2.327
COC(=O)C(C)NP(=O)(OC[C@@H]1C=C[C@H](n2cc(C)c(=O)[nH]c2=O)O1)Oc1ccc(Cl)cc1,-5.7328787000000005,,,,
CC1=CCC(=C(C)C)CC1,,,,,1.492
CC1(C)S[C@@H]2[C@H](NC(=O)[C@H](NC(=O)N3CCNC3=O)c3ccccc3)C(=O)N2[C@H]1C(=O)O,,,,1.2,
N#Cc1ccc2c(c1)NC(=O)C2c1ncnc2cc(OCCCN3CCOCC3)ccc12,,98.7,,,
COC(=O)CCC(=O)OC1=C(C(=O)Nc2ccccn2)N(C)S(=O)(=O)c2cc(Cl)sc21,,,,,4.811
CCOC(C1=NCCCN1)c1cccc(F)c1,,,,,2.373
O=C(OCCOc1ccc(Cl)cc1Cl)c1ccccc1,,,,,2.263
O=c1nc(-c2ccccc2)c2cc(Cl)ccc2n1CC1CC1,,,,,2.191
CC(C)(C=O)CO,,,,,1.504
CC(C)S(=O)(=O)n1c(N)nc2ccc(/C(=C/C(N)=O)c3c(F)c(F)cc(F)c3F)cc21,-4.1999998,,,,
C=CCC1=C(C)C(OC(=O)C2C(C=C(C)C)C2(C)C)CC1=O,,,,,2.546
CC(C)Oc1cc2ncc(C(N)=O)c(Nc3ccc(F)cc3F)c2cc1N1CCN(C)CC1,,98.29,,,
CCOC(=O)OC(=O)OCC,,,,,2.28
CC(C)CCCCCOC(=O)C(C)Oc1cc(Cl)c(Cl)cc1Cl,,,,,2.98
FC1(F)C(Cl)=C(Cl)C(F)(F)C1(F)F,,,,,2.9419999999999997
ClCc1cccc(Oc2ccccc2)c1,,,,,2.252
C[C@@H]1O[C@@H](c2ccc(Cl)cc2)OC[C@H]1N,-4.9279342,,,,
CC1(C)CC(NCCC(=O)NC2CC(C)(C)NC(C)(C)C2)CC(C)(C)N1,,,,,1.943
CCCCNCCCCCCN,,,,,2.5069999999999997
CO/N=C(\C(=O)N[C@@H]1C(=O)N2C(C(=O)O)=C(CSc3nc(C)c(CC(=O)O)s3)CS[C@H]12)c1csc(N)n1,,,,4.2,
CCC(C)c1ccccc1OC(=O)NC,,,,,2.772
C=CCOC(=O)c1ccccc1C(=O)OCC=C,,,,,2.505
CNc1c2c(nn1C)CCCC2,,,,,1.951
CCC1(CCC(C)C)C(=O)N=C(O)NC1=O,,60.77,,,
C1=CC2C3C=CC(C3)C2C1,,,,,2.573
O=C(O)c1ccc(-c2ccc(Cl)c(C(=O)NCC34CC5CC(CC(C5)C3)C4)c2)cc1,,99.23,,,
CN(CCO)c1ccccc1,,,,,1.7280000000000002
COP(=S)(OC)SCc1noc(=O)[nH]1,,,,,4.409
O=C1CN(N=Cc2ccc([N+](=O)[O-])o2)C(=O)N1,,,,,2.596
COc1ccc(C2(C#N)CCC(C(=O)[O-])CC2)cc1OC1CCCC1,,,0.23,,
CC(C)Cn1c(=O)n(C)c(=O)c2c(C(=O)N3CC[C@@H](O)C3)c(Cc3c[nH]c4ncccc34)sc21,,68.63,,,
O=C1CN(C(=O)c2ccco2)C(c2ccccc2)c2cc(Cl)ccc2N1,,89.91,,,
CCCC(C)(C)C(=O)Nc1ccc(Cl)cc1,,,,,1.965
OC(CCl)CNc1ccccc1NCC(O)CCl,,,,,2.513
COc1ccc(/C=C/c2cc(OC)c(OC)c(OC)c2)cc1NC(=O)C(N)CO,,,0.44,,
CCCCP(=O)(OC)SC,,,,,3.545
CC[C@H]1OC(=O)[C@H](C)C(=O)[C@H](C)[C@@H](O[C@@H]2O[C@H](C)C[C@H](N(C)C)[C@H]2O)[C@](C)(OC)C[C@@H](C)C(=O)[C@H](C)[C@H]2N(CCCCn3cnc(-c4cccnc4)c3)C(=O)O[C@]12C,,,,12.0,
CC(O)C1C(=O)N2C(C(=O)[O-])=C(COC(N)=O)SC12,,,0.24,,
CNC(=O)CSP(=O)(OC)SC,,,,,3.36
CS(C)=O,,,,,0.731
CCCCNC(=S)Nc1ccccc1,,,,,3.143
COCC(=O)N(c1c(C)cccc1C)C(C)C(=O)OC,,,,,2.6210000000000004
C=CC(=O)OCCOCCCC,,,,,1.423
CC=CC=CC#N,,,,,2.117
CSCCC(N)C(=O)O,,,,,0.617
C[C@H](c1nc2ncccc2c(=O)n1-c1ccc(Cl)cc1)N(CC1CCS(=O)(=O)CC1)C(=O)Cc1ccc(C(F)(F)F)c(F)c1,,89.05,,,
CCC1CCC(C)NC1,,,,,2.372
CCOC(=O)COP(=S)(OCC)OCC,,,,,2.4090000000000003
C=CCn1c(C)cc(OP(=O)(OC)OC)cc1=O,,,,,5.046
CNC(=O)ON=C1CSC(C)(C)S1,,,,,5.042
CO[Si](CCCCCCCCCC[Si](OC)(OC)OC)(OC)OC,,,,,2.24
NC(=S)Nc1ccc(Cl)cc1,,,,,4.095
CC(C)(C)OC(=O)NC[C@H]1CC[C@H](CNC(=O)c2cc(-c3ccccc3)nc3ccccc23)CC1,,99.92,,,
COc1cc(OC)c(C(=O)CCCN2CCCC2)c(OC)c1,,,,3.3,
Cc1cc(C)n(SC(Cl)(Cl)Cl)n1,,,,,2.634
O=C(O)C1C2CCC(O2)C1C(=O)O,,,,,3.69
CCc1cc(CC)cc(OC(=O)NC)c1,,,,,2.112
CO[C@H]1CC[C@]2(CC1)Cc1ccc(-c3cncc(Br)c3)cc1C21N=C(C)C(N)=N1,,86.05,,,
CC(C)(C)[C@H](NC(=O)[C@H](CC1CCCC1)CN(O)C=O)C(=O)N1CCN(Cc2ccc3c(c2)OCO3)CC1,,,,9.4,
CCOP(=O)(OCC)C(NC(=O)C1(O)C(O)C2(CC)C=CC[NH+]3CCC4(c5cc(C6(C(=O)OC)CC7CN(CCc8c6[nH]c6ccccc86)CC(O)(CC)C7)c(OC)cc5N(C)C14)C32)C(C)C,,,4.67,,
Nc1cccc([N+](=O)[O-])c1,,,,,2.412
Cc1ccc(C)c(CCNC(N)=O)c1,,,,,1.922
Cc1ccc([N+](=O)[O-])cc1[N+](=O)[O-],,,,,2.832
O=NN1CCCCCCC1,,,,,2.701
CC(=O)C1C(=O)C=C(C)OC1=O,,,,,2.5269999999999997
NC(=O)c1c(F)cccc1F,,,,,1.6780000000000002
N=C(NN=Cc1ccc(Cl)cc1)NN=Cc1ccc(Cl)cc1,,,,,2.394
CCC(=O)OCC(COC(=O)CC)OC(=O)CC,,,,,1.609
Cn1c(=O)c2nc[nH]c2n(C)c1=O,,43.7,0.51,7.2,
COc1ccc(CC(N)C(=O)O)cc1C(=O)O,,,,,1.68
C=CCSSCC=C,,,,,2.75
N#CC(OC1OC(CO)C(O)C(O)C1O)c1ccccc1,,,,,2.722
Cc1cc(C[C@H](NS(=O)(=O)c2ccccc2)c2nc3ccccc3[nH]2)ccc1[C@@H]1CC(=O)N=S1(=O)[O-],-6.3989701,,,,
CC(C)(O)CC(C)(O)c1ccc(Cl)cc1,,,,,2.302
CC[NH+](CC)CC(=O)Nc1c(C)cccc1C,,,1.8,,
COc1nc(C)nc(NC(=O)NS(=O)(=O)c2ccccc2Cl)n1,,,,,1.582
ClCc1cccc2ccccc12,,,,,2.298
Cc1c(C(N)=O)cc([N+](=O)[O-])cc1[N+](=O)[O-],,,,,2.574
O=NN1CCSC1,,,,,1.7819999999999998
CS(=O)(=O)O,,,,,2.682
N#CCCC(Br)(C#N)CBr,,,,,2.713
COP(=S)(OC)SCC(=O)O,,,,,1.937
O=C1CCCC2C3CCC[N+]4([O-])CCCC(CN12)C34,,,0.61,,
CCC(=C(CC)c1ccc(OP(=O)(O)O)cc1)c1ccc(OP(=O)(O)O)cc1,,,,,2.155
Cc1cn(C2CC(N=[N+]=N)C(CO)O2)c(=O)[nH]c1=O,,,1.8,,
CC(C)c1ccc(CO)cc1,,,,,2.168
Nc1ccc(S(=O)(=O)[N-]c2ncccn2)cc1,,,0.29,,
OCCSSCCO,,,,,2.95
CN(CO)C(=O)Oc1cccc2ccccc12,,,,,1.635
N=C(N)c1ccc(CNC(=O)C2(NC(=O)[C@H](NCC(=O)O)C3CCCCC3)Cc3ccccc3C2)cc1,,45.98,,,
C=C(C)OC,,,,,1.586
CC(N)CCCC(C)(C)O,,,2.14,,
CC(C)C[C@H](CO)Nc1nc(SCc2cccc(C#N)c2)nc2nc(N)sc12,,99.14,,,
CCC1(CCl)COC1,,,,,2.373
CCN1CCOCC1,,,,,1.811
O=C(NC[C@@H](O)CN1CCC(Oc2ccc(Cl)c(Cl)c2)CC1)c1c[nH]c2ccccc12,,98.09,,,
CC(C)CC(NC(=O)C(Cc1ccccc1)NC(=O)c1cnccn1)B(O)O,,,10.0,,
COC12C(COC(N)=O)C3=C(C(=O)C(C)=C(N)C3=O)N1CC1NC12,,,,,4.047
NCC1CCC(C(=O)O)CC1,,,,,1.719
CNC(=O)c1cccc2c(Nc3ccc(NS(C)(=O)=O)cc3OC)c3cccc(C)c3[nH+]c12,,,0.3,,
CN1C(=O)CC(N2CCN(CCCN3c4ccccc4COc4ccc(C(=O)O)cc43)CC2)N(C)C1=O,-5.119999900000002,,,,
COc1cc2nc(N3CCN(C(=O)C(C)OC)CC3)nc(N)c2cc1OC,,,0.44,,
CCCOc1c(Cl)c(Cl)c(Cl)c(Cl)c1Cl,,,,,2.8560000000000003
O=C(OCC1C=CCCC1)C1CC=CCC1,,,,,1.918
CCOP(=S)(OCC)SC1CCC2C=CCC1S2,,,,,3.365
CCC(CC)C(=O)OCC(Cl)(Cl)Cl,,,,,2.439
CCC[NH2+]C(C)C(=O)Nc1c(C)csc1C(=O)OC,,,7.7,,
Clc1cc2c(c(Cl)c1Cl)Oc1c(Cl)c(Cl)c(Cl)c(Cl)c1O2,,,,,4.828
O=C1NC(=O)C2(c3ccc(Cl)cc3)CC12,,,,,2.155
CN1CCN(CCCCN2C(=O)CN(/N=C/c3ccc(-c4ccc(Cl)cc4)o3)C2=O)CC1,,,,79.0,
O=C(Cc1cccs1)Nc1ccon1,,43.7,,,
CN1CCCC(n2nc(Cc3ccc(Cl)cc3)c3ccccc3c2=O)CC1,,,,22.0,3.091
CN(C)c1ccncc1,,,,,2.6889999999999996
Clc1ccc(C2CN3CCN=C3c3ccccc32)cc1,-4.7199998,,,,
Cc1ccc(NC(=O)c2ccc(C#N)cc2)cc1-n1cnc2ccc(N3CCN(C)CC3)cc2c1=O,,68.13,,,
CC(=O)OC1CC2CCC3C(CCC4(C)C3CC(N3CC[N+](C)(C)CC3)C4OC(C)=O)C2(C)CC1N1CC[N+](C)(C)CC1,,,0.35,,
C[NH+]1CC2c3ccccc3Oc3ccc(Cl)cc3C2C1,,,23.0,,
COC(C)CCOC(C)=O,,,,,1.541
CC(C)[N+](=O)[O-],,,,,2.093
CN[C@@H](C)C(=O)N[C@H]1CN(C(=O)CC(C)C)CC[C@H]2CC[C@@H](C(=O)NC(c3ccccc3)c3ccccc3)N2C1=O,,74.69,,,
O=C(OCC1CO1)c1cccc(C(=O)OCC2CO2)c1,,,,,2.444
COC(=O)N(C)C(=O)CSP(C)(=S)OC,,,,,3.678
O=C(O)CCC(=O)O,,,,,1.7180000000000002
CCCCOCCOCCOC(C)=O,,,,,1.497
Nc1c2c([nH+]c3ccccc13)CCCC2,,,11.0,,
O=C1C(N(CO)C(=O)NCO)N(CO)C(=O)N1CO,,,,,2.029
CN(C)c1ccc(C(O)(c2ccc(N(C)C)cc2)c2ccc(N(C)C)cc2)cc1,,,,,2.7039999999999997
OCCOCCOCCOCCO,,,,,0.826
CCCc1cc(C2=N[C@@H](C(=O)NO)CO2)cc(OC)c1OC,,94.32,,,
Cc1nccc2c1[nH]c1ccccc12,-5.223299,,,,
NC(=O)[C@H](Cc1ccccc1)NC(=O)OCc1ccccc1,,81.01,,,
Nc1nc(-c2nn(Cc3ccccc3F)c3ncccc23)nc(N)c1N1CCOCC1,,92.32,,,
CO/N=C(\C(=O)NC1C(=O)N2C(C(=O)[O-])=C(C[N+]3(C)CCCC3)CSC12)c1csc(N)n1,,,0.28,,
CC(C)c1nc2ccccc2n1-c1nc(N2CCOCC2)c2nc(OC3CN(C4CCS(=O)(=O)CC4)C3)n(C)c2n1,,78.01,,,
CC(C)(C)c1ccc(CCC=O)cc1,,,,,1.848
CCCCC(CC)COCC(CC)CCCC,,,,,0.853
O=C(C=Cc1ccccc1O)OC(=O)C=Cc1ccccc1O,,,,,2.313
CN1CCC2(C)c3cc(OC(=O)NCCCCCCCCN4CCSCC4)ccc3N(C)C12,,,,,4.3
CCN(CC)CCNC(=O)C(C)(C)Oc1ccc(Cl)cc1,,,,,3.018
O=C(O)Cc1c(/C=C/C(=O)OC(Cc2ccc(O)c(O)c2)C(=O)O)ccc(O)c1O,-7.179570699999998,,,,
O=[N+]([O-])c1ccccc1C1OCC(CCl)O1,,,,,3.574
CCC(=O)OC1CC(=O)OC(C)CC=CC=CC(O)C(C)CC(CC=O)C(OC2OC(C)C(OC3CC(C)(O)C(OC(=O)CC)C(C)O3)C(N(C)C)C2O)C1OC,,,,,1.928
CN1CCN(CCCN2c3ccccc3Sc3ccc(Cl)cc32)CC1,,,,9.0,2.318
CC1CCCC(C)N1CCCC(O)(c1ccccc1)c1ccccn1,,,,8.4,
O=C(O)c1c(Cl)c(Cl)c(Cl)c(Cl)c1C(=O)Nc1cccc(Cl)c1Cl,,,,,2.282
C=CCC1=C(C)C(OC(=O)C2C(C)(C)C2(C)C)CC1=O,,,,,3.201
C#CCN(Cc1cc2c(=O)nc(C)[nH]c2cc1C)c1ccc(C(=O)NC(CCc2nnn[n-]2)C(=O)[O-])c(F)c1,,,0.53,,
Cc1cccc(Nc2nc(NCc3ccco3)c3ccccc3n2)c1,,99.93,,,
[O-][n+]1c2ccccc2[n+]([O-])c2c3ccccc3ccc21,,,,,1.754
CC(C)CCCCCCCO,,,,,1.482
COC(=O)Cl,,,,,3.197
COc1cc([C@@H]2c3cc4c(cc3C(O[C@@H]3O[C@@H]5CO[C@@H](C)O[C@H]5[C@H](O)[C@H]3O)C3COC(=O)[C@@H]32)OCO4)cc(OC)c1O,,98.17,,,
Cc1cccc(OCCC(C)C)c1N(C)C(=O)CCl,,,,,1.934
CCO[Si](C)(C)CCl,,,,,1.993
NC[C@@H]1CC[C@@H](N)[C@@H](O[C@@H]2[C@@H](N)C[C@@H](N)[C@H](O[C@H]3O[C@H](CO)[C@@H](O)[C@H](N)[C@H]3O)[C@H]2O)O1,,,,2.4,
COCCNC(=O)c1ccc(Nc2ncc3cc(-c4ccncc4)ccc3n2)cc1C,,99.6,,,
C=CC(OC(C)=O)OC(C)=O,,,,,3.655
CC(C)C(C(=O)OC(C#N)c1cccc(Oc2ccccc2)c1)c1ccc(Cl)cc1,,,,,3.777
N#Cc1cnn2c(NC3CC3)cc(-n3ccc4ccc(CO)cc43)nc12,,98.09,,,
CC(=O)Nc1cc2c(ccn2-c2cc(NC3CC3)n3ncc(C#N)c3n2)cc1C,,97.91,,,
N/C(=N/O)c1ccc2[nH]c(-c3ccccn3)nc2c1,-4.6500001,,,,
O=C(Cc1ccc(-c2ccccc2)cc1)OCCF,,,,,4.6339999999999995
CC(C)COCCOCCO,,,,,1.536
CCNC(=O)Oc1c(Cl)c(Cl)cc2nc(C(F)(F)F)[nH]c12,,,,,3.5210000000000004
CS(=O)(=O)OCCCCOS(C)(=O)=O,,,0.55,3.4,
FC(F)(F)c1cccc(C2CNCCO2)c1,,,,,2.931
CCCCCCCCc1ccc(-c2ccccc2)cc1,,,,,2.045
CC(C)([NH3+])CC(=O)NC1CCc2ccccc2N(Cc2ccc(-c3ccccc3-c3nnn[n-]3)cc2)C1=O,,,0.2,,
CCCCOCCOCCOCc1cc2c(cc1CCC)OCO2,,,,,1.741
O=C(O)CC(CC1CCN(C(=O)CCc2ccc3c(n2)NCCC3)CC1)c1cnc2ccccc2c1,-5.8899999,,,,
CC[C@H]1C2C[C@H]3[C@@H]4N(C)c5ccccc5[C@]45C[C@@H](C2[C@H]5O)[NH+]3[C@@H]1O,,,4.0,,
CN=C=S,,,,,2.877
COC(=O)c1cc(OC)c2c(c1-c1c(C(=O)OC)cc(OC)c3c1OCO3)OCO2,-4.1687455,,,,
Nc1ccc(OP(=O)(Oc2ccc(N)cc2)Oc2ccc(N)cc2)cc1,,,,,3.43
C[n+]1ccccc1/C=N/O,,,0.8,,
CCOP(=S)(N=C1SCCS1)OCC,,,,,4.287
O=S(=O)(O)c1ccc2ccccc2c1,,,,,2.716
COCCNC(=O)c1ccc(Nc2ncc3cc(-c4ccncc4)ccc3n2)cc1,,98.29,,,
CC1(C)SC2C(NC(=O)C(NC(=O)N3CCNC3=O)c3ccccc3)C(=O)N2C1C(=O)[O-],,,0.26,,
CC(C)C(N)C(=O)NC(Cc1ccccc1)C(=O)OC[C@@H]1O[C@H](n2cc(F)c(=O)[nH]c2=O)C[C@H]1O,-6.080461,,,,
O=C(Nc1ccc(O)cc1)c1ccccc1O,,,,,1.534
ClCC1C(CCl)C2(Cl)C(Cl)=C(Cl)C1(Cl)C2(Cl)Cl,,,,,3.299
C=C(C)C(OC(C)=O)OC(C)=O,,,,,2.593
CSC(C)=NOC(=O)N(C)SN(C1CCCCC1)P1(=S)OCC(C)(C)CO1,,,,,1.755
CC[N+](C)(C)c1cccc(O)c1,,,1.1,,
C[C@@H]1O[C@@H](Oc2c(-c3ccc(O)c(O)c3)oc3cc(O)cc(O)c3c2=O)[C@@H](O)[C@H](O)[C@@H]1O,-6.0999999,,,,
NC(=[NH2+])NCCCNC(=O)C1CCCCN1C(=O)C(CC1CCCCC1)[NH2+]CC(=O)[O-],,,0.26,,
CC(O)COC(C)CP(CC(C)OCC(C)O)CC(C)OCC(C)O,,,,,1.4269999999999998
CCOC(C(=N)N1CCCC1)c1ccccc1,,,,,2.667
O=C1CCCN1,,,,,2.414
CC1CCC2C(C)C3C(CC4C5CC=C6CC(OC7OC(CO)C(O)C(OC8OC(CO)C(O)C(O)C8O)C7OC7OC(C)C(O)C(O)C7O)CCC6(C)C5CCC43C)N2C1,,,,,3.168
CC(=O)Nc1ccc2ccn(-c3cc(NCCCN4CCCC4)n4ncc(C#N)c4n3)c2c1,,93.24,,,
CC(C)C[C@H](CO)Nc1nc(S[C@@H](C)c2ccccc2F)nc2nc(N)sc12,,99.89,,,
O=c1cc(-c2ccc(O)cc2)oc2cc(O)ccc12,-5.2123351,,,,
O=C1CCC(=O)O1,,,,,1.821
CCC(CC)CO[Si](OCC(CC)CC)(OCC(CC)CC)OCC(CC)CC,,,,,1.335
Cc1ccc(N=C=O)cc1,,,,,1.92
CCCCCCCN(CC)CCCC(O)c1ccc(NS(C)(=O)=O)cc1,,,,7.0,
CC(C)n1c(N)nc2ccc(C(C(N)=O)c3cccc(F)c3F)cc21,-5.187450900000001,,,,
Cc1ccc(S(=O)(=O)[N-]C(=O)NN2CC3CCCC3C2)cc1,,,0.43,,
CCOc1ccccc1C(N)=O,,,,,1.798
CNc1ccc(-c2nc3ccc(O)cc3s2)cc1,,98.89,,,
CCCC(C)c1cccc(OC(=O)NC)c1,,,,,3.646
Cc1ccc(C(=O)Nc2ccc(S(=O)(=O)O)c3cc(S(=O)(=O)O)cc(S(=O)(=O)O)c23)cc1NC(=O)c1cccc(NC(=O)Nc2cccc(C(=O)Nc3cc(C(=O)Nc4ccc(S(=O)(=O)O)c5cc(S(=O)(=O)O)cc(S(=O)(=O)O)c45)ccc3C)c2)c1,,,,1200.0,
COP(=S)(OC)Oc1ccc(S(=O)(=O)c2ccc(OP(=S)(OC)OC)cc2)cc1,,,,,2.397
CCOP(=S)(OC)Oc1ccc([N+](=O)[O-])cc1,,,,,4.988
CNC(=O)Oc1ccc(C)c(C)c1,,,,,2.7910000000000004
C=C1CC1CC(N)C(=O)O,,,,,3.159
CCNP(=S)(OC)OC(C)=CC(=O)OC(C)C,,,,,3.574
C=C1C(=CC=C2CCCC3(C)C2CCC3C(C)CCCC(O)(C(F)(F)F)C(F)(F)F)CC(O)CC1O,,,,,7.1
CC(N)=S,,,,,2.397
NS(=O)(=O)C1CCCCC1,,,,,3.31
CN(C)C(=O)Oc1cccc2sccc12,,,,,3.813
CCCCn1c(=O)n(CCC)c(=O)c2[nH]c(C)nc21,,,,,4.246
COP(=O)(OC)Oc1nc(Cl)c(Cl)cc1Cl,,,,,2.5469999999999997
Cc1cc(S(=O)(=O)c2ccccc2)ccc1NS(=O)(=O)C(F)(F)F,,,,,2.778
CCNC(=O)C1CCCN1C(=O)C(CCCNC(N)=[NH2+])NC(=O)C(CC(C)C)NC(=O)C(CC(C)C)NC(=O)C(Cc1ccc(O)cc1)NC(=O)C(CO)NC(=O)C(Cc1c[nH]c2ccccc12)NC(=O)C(Cc1c[nH]cn1)NC(=O)C1CCC(=O)N1,,,0.38,,
COC(=O)CC(SP(=S)(OC)OC)C(=O)OC,,,,,2.472
O=[N+]([O-])OCCOCCO[N+](=O)[O-],,,,,2.416
CCC1(O)CC(OC2CC(N3CCOCC3)C(O)C(C)O2)c2c(O)c3c(c(O)c2C1O)C(=O)c1cccc(O)c1C3=O,,,20.9,,
CCNC(=O)CCC/C=C/CC1C(O)CC(O)C1/C=C/C(O)CCc1ccccc1,,,0.67,,
CCOC(=O)C1=C(C)NC(C)=C(C(=O)OC)C1c1cccc(Cl)c1Cl,,,4.4,10.0,2.563
CCC(C)(O)c1ccccc1,,,,,2.031
CC(CN1c2ccccc2Sc2ccccc21)[NH+](C)C,,,14.0,,
CNC(=O)ON=C1SCCOC1C,,,,,4.532
CCCCSP(=O)(N(C)C)N(C)C,,,,,3.033
COC1(NC(=O)CSCC#N)C(=O)N2C(C(=O)[O-])=C(CSc3nnnn3C)CSC21,,,0.13,,
COc1c(C)cc(C2(c3cccc(-c4cncnc4)c3)N=C(C)C(N)=N2)cc1C,,95.63,,,
C=CC(=C)CCCC(C)(C)OC(C)=O,,,,,1.494
CC(C)(Oc1ccccc1)C(=O)OCCN1CCOCC1,,,,,1.569
Cn1nnnc1-c1cccc(NC(=O)N[C@@H]2CCCC[C@H]2CN2CCC[C@@H](Cc3ccc(F)cc3)C2)c1,-5.6989698,,,,
COc1ccc(-c2oc3c(CC=C(C)C)c(O)cc(O)c3c(=O)c2O[C@H]2O[C@H](C)[C@@H](O)[C@H](O)[C@@H]2O)cc1,-5.8378239,,,,
Nc1ccn([C@H]2CC[C@@H](CO)O2)c(=O)n1,,,,1.2,
O=C1CCc2cc(CCCCN3CCN(c4ccccc4Cl)CC3)ccc2N1,,,,,2.901
CON=C(C)C(=NOC(=O)N(C)SN(C)C(=O)ON=C(C(=O)N(C)C)C(C)=NOC)C(=O)N(C)C,,,,,4.313
CC(=O)OCC(COc1ccccc1)OC(C)=O,,,,,1.682
CN(C)N=Nc1ccc(C(N)=O)cc1,,,,,3.551
C1COCCO1,,,,,1.3219999999999998
CCS(=O)(=O)CCO,,,,,0.885
Cc1cc(=O)c2c(C)ccc(C)c2o1,,,,,1.803
COc1ccc2c(Oc3ccc(CC(=O)Nc4cn(C)nc4C)c(OC)c3)ccnc2c1,,98.89,,,
CCN(C)N=O,,,,,2.991
CC(C(=O)[O-])c1ccc(C(=O)c2ccccc2)s1,,,0.08,,
CCCCCCCCCCCCCCOCCOCCOCCOCCOCCOCCOCCO,,,,,2.303
CCCC(C)C1(CC)C(=O)[N-]C(=S)NC1=O,,,1.2,,
CCCC#N,,,,,3.141
CCCCCO,,,,,1.6030000000000002
CN(C)C(=O)Nc1ccccc1,,,,,1.409
O=c1[nH]c(=O)n([C@H]2O[C@@H](CO)[C@H](O)[C@H]2O)cc1/C=C/Br,-5.3989701,,,,
CC(C)(C)OOC(=O)c1ccccc1,,,,,2.283
C[NH+]1CCC23c4c5ccc(O)c4OC2C(O)C=CC3C1C5,,,2.3,,
CC(C)(CCl)c1cc(Cl)nnc1Cl,,,,,2.379
COCC1OC(=O)c2coc3c2C1(C)C1=C(C3=O)C2CCC(=O)C2(C)CC1,,,,,4.122
Cc1cccc([N+](=O)[O-])c1,,,,,2.107
CC(C)NCC(COc1cccc2ccccc12)OC(=O)C1CC1,-4.1608586,,,,
Oc1ccc(-c2ccccc2)cc1CN1CCCCC1,,,,,3.95
CCC1C(C)=NN=C(c2ccc(OC)c(OC)c2)c2cc(OC)c(OC)cc21,,,,,2.6660000000000004
C1COCO1,,,,,1.393
COc1ccccc1S,,,,,1.906
C[C@H](Nc1nc(Nc2cc(C3CC3)[nH]n2)cnc1C#N)c1ccc(F)cn1,,95.12,,,
C[C@@H]1NC(=O)[C@H](C)NC(=O)[C@@H](C)NC(=O)[C@H](C)N(C)C(=O)[C@@H](C)N(C)C(=O)[C@@H](C)NC1=O,-5.8200002,,,,
C[C@H]1COc2c(N3CCN(C)CC3)c(F)cc3c(=O)c(C(=O)O)cn1c23,-4.5500002,,,8.8,
CCc1c(Cl)ccc(O)c1Cl,,,,,1.926
CCCSP(=O)(OCC)Oc1cnn(-c2ccc(Cl)cc2)c1,,,,,3.1830000000000003
CCN(CC)C(=O)C1CN2CCc3cc(OC)c(OC)cc3C2CC1OC(C)=O,,,,,2.5860000000000003
CC(=O)c1ccccc1[N+](=O)[O-],,,,,2.014
NCC(O)c1ccc(O)cc1,,,,,2.092
COCNC(=O)CSP(=S)(OC)OC,,,,,2.636
O=NN(CCCl)C(=O)NC1CC2CCC1C2,,,,,3.471
CCN(CC)C(=O)/C(C#N)=C/c1cc(O)c(O)c([N+](=O)[O-])c1,,,,2.4,
CN(SC(Cl)(Cl)Cl)C(=O)ON=C1SC(=C(C#N)C#N)SC1(C)C,,,,,2.904
CO,-4.4899998,,,,0.755
CN(C)CCC=C1c2ccccc2C=Cc2ccccc21,,92.16,,,
O=[N+]([O-])c1cc([N+](=O)[O-])c2nc(C(F)(F)F)[nH]c2c1,,,,,4.38
O=CC(Cl)(Cl)CCl,,,,,2.8280000000000003
COC1=C(OC)C(=O)C(CCCCCCCCCCO)=C(C)C1=O,,,,,1.529
O=C(CF)OCCOC(=O)CF,,,,,4.918
COc1cc(O)c(C(CC(=O)N2CC(C)CC(C)C2)c2ccc3c(c2)OCO3)c(OC)c1,,99.76,,,
CC(=O)NC1C(NC(N)=[NH2+])C=C(C(=O)[O-])OC1C(O)C(O)CO,,,0.23,,
NC(N)=Nc1nc(CSCC/C(N)=N\S(N)(=O)=O)cs1,-5.9488473,,,,
c1ccc(Cn2cncn2)cc1,,,,,2.345
COC1/C=C\OC2(C)Oc3c(C)c([O-])c4c(c3C2=O)C2=NC3(CC[NH+](CC(C)C)CC3)NC2=C(NC(=O)/C(C)=C\C=C/C(C)C(O)C(C)C(O)C(C)C(OC(C)=O)C1C)C4=O,,,9.3,,
CCCCC1CC(=O)C2(O)OC3C([NH2+]C)C(O)C(NC)C(O)C3OC2O1,,,0.7,,
O=C(O[C@H]1CN2CCC1CC2)N1CCc2ccccc2[C@@H]1c1ccccc1,,,,52.0,
O=C1COc2ccc(CNC3CCN(CCN4C(=O)COc5ccc(O)cc54)CC3)nc2N1,,86.59,,,
N#CCOc1ccccc1-c1ccc(-c2nc3ccncc3c(O)c2C#N)cc1,,99.89,,,
NCCCOCCOCCOCCCN,,,,,1.711
O=C(/C=C/c1ccc2c(c1)nc(CCc1ccccc1)n2CCN1CCCC1)NO,-5.5207167,,,,
NCCCO,,,,,1.4240000000000002
C/C=C/C1=C(C(=O)[O-])N2C(=O)C(NC(=O)C([NH3+])c3ccc(O)cc3)C2SC1,,,0.21,,
CC(C(=O)O)c1ccc2c(c1)CC(C(C)C)C2,,,,,2.19
CCC1COC(Cn2cncn2)(c2ccc(Cl)cc2Cl)O1,,,,,2.388
CO/N=C(\C(=O)N[C@@H]1C(=O)N2C(C(=O)O)=C(CSc3nc(=O)c(O)nn3C)CS[C@H]12)c1csc(N)n1,,,,8.6,
COC(OC)c1ccccc1,,,,,2.096
COc1cc(N)c2c(c1N)C(=O)c1ccccc1C2=O,,,,,2.479
CCOC(=O)C(C(=O)Cc1c(C)n(C(=O)c2ccc(Cl)cc2)c2ccc(OC)cc12)C(=O)OCC,,,,,2.983
CCOC(=O)C1C(C=C(C)C)C1(C)C,,,,,1.878
CON(C)C(=O)Nc1ccc(Cl)cc1,,,,,2.076
C=CCC(CCN(CC)CC)(C(=O)OCC)c1ccccc1,,,,,3.181
CC(C)(O)C(=O)c1ccc(OCCO)cc1,,,,,1.74
c1ccc2[nH]nnc2c1,,,,,2.3280000000000003
FC(F)OC(F)(F)C(F)Cl,,,,,1.53
CCN(CC)CCSSCCN(CC)CC,,,,,2.891
O=S(=O)(CCCl)COCS(=O)(=O)CCCl,,,,,3.2510000000000003
c1ccc2c(c1)Sc1ccccc1N2CC1CN2CCC1CC2,,,,,3.119
CCOC(=O)COc1ccc2c(C)c(CCN(CC)CC)c(=O)oc2c1Cl,,,,,2.501
CCCC=CC(OC)OC,,,,,1.929
CC(C)(C)NC(=O)[C@@H]1C[C@@H]2CCCC[C@@H]2CN1C[C@@H](O)[C@H](Cc1ccccc1)NC(=O)[C@H](CC(N)=O)NC(=O)c1ccc2ccccc2n1,-6.2600002,98.86,,13.0,
O=c1[nH]c2c(O)ccc([C@@H](O)CNCCSCCCNCCc3ccccc3)c2s1,,52.88,,,
CCOc1cc2ncc(C(N)=O)c(Nc3cccc(Cl)c3Cl)c2cc1N1CCN(C(C)=O)CC1,,90.32,,,
N=C(N)NN=C1C=CC(=NNC(N)=S)C=C1,,,,,2.5
NS(=O)(=O)c1cc(-c2nnn[nH]2)c(NCc2cccs2)cc1Cl,,,,,2.1630000000000003
CC(C(=O)O)c1cccc2c(-c3ccccc3)coc12,,,,,2.448
CCC(C)c1ccc(Cl)c(OC(=O)NC)c1,,,,,3.684
C[NH2+]CC(O)CC12CCC(c3ccccc31)c1ccccc12,,,18.8,,
CC(=O)NC[C@H]1CN(c2ccc(-c3ccc(C#N)nc3)c(F)c2)C(=O)O1,-4.3783755,,,,
CCOP(=S)(OCC)SCc1cccc([N+](=O)[O-])c1,,,,,3.109
FC(F)(F)c1cccc(OCC2CNC(=S)O2)c1,,,,,2.724
CC(C)(C)NC(=O)NCCN1CCN(CC(=O)NC23CC4CC(CC(C4)C2)C3)CC1,,69.12,,,
Clc1nc(Cl)nc(Cl)n1,,,,,2.58
NCC1CCC(CN)CC1,,,,,2.4290000000000003
COCCOCCO,,,,,1.339
CCCC(N(C)C)N(C)C,,,,,2.293
CCN(CCO)c1ccccc1,,,,,2.003
Cc1onc(-c2c(F)cccc2Cl)c1C(=O)N[C@@H]1C(=O)N2[C@@H](C(=O)O)C(C)(C)S[C@H]12,,,,1.4,
CCCOC(=O)CC,,,,,1.051
CCOC(=O)OC(C)OC1=C(C(=O)Nc2ccccn2)N(C)S(=O)(=O)c2ccccc21,,,,,2.7769999999999997
CC(C)CCCCCOC(=O)c1ccccc1C(=O)OCCCCCC(C)C,,,,,1.249
CN(SSN(C)C(=O)ON=C1CSCCS1)C(=O)ON=C1CSCCS1,,,,,3.472
Nc1nc(=O)c2c([nH]1)NCC(CNc1ccc(C(=O)NC(CCC(=O)O)C(=O)O)cc1)N2C=O,-7.5214391,,,,
S=C1NCNCN1,,,,,4.406000000000001
FC(F)(F)c1cccc(Nc2ccccc2-c2nnn[nH]2)c1,,,,,2.827
CCN(CC)C(C)CN1c2ccccc2Sc2ccccc21,,,,,2.264
CN(c1nc2ccccc2s1)C1CC[NH+](CC(O)COc2ccc(F)cc2)CC1,,,5.5,,
O=C(O)CN(CCOCCOCCN(CC(=O)O)CC(=O)O)CC(=O)O,,,,,2.025
N#Cc1cc(Cl)cc2[nH]c(C(F)(F)F)nc12,,,,,4.71
CCC(C)NC(=O)c1c(C)nn(-c2ccccc2)c1NS(=O)(=O)c1ccc(C)cc1,,99.41,,,
CO[C@H]1C[C@@H]2CC[C@@H](C)[C@@](O)(O2)C(=O)C(=O)N2CCCC[C@H]2C(=O)O[C@H]([C@H](C)C[C@@H]2CC[C@H](n3cnnn3)[C@H](OC)C2)CC(=O)[C@H](C)/C=C(\C)[C@@H](O)[C@@H](OC)C(=O)[C@H](C)C[C@H](C)/C=C/C=C/C=C/1C,,,,35.0,
C=C(C)C(=O)Nc1ccc(O)cc1,,,,,2.2030000000000003
O=C1c2cccc(S(=O)(=O)O)c2C(=O)c2cccc(S(=O)(=O)O)c21,,,,,2.194
C[C@]12C[C@H](O)[C@H]3[C@@H](CCC4=CC(=O)C=C[C@@]43C)[C@@H]1CC[C@]2(O)C(=O)CO,-4.7199998,,,3.4,
O=C1CCc2cc(C(=O)CCN3CCN(c4ccccc4)CC3)ccc2N1,,,,,2.861
CC(C)(C)c1cc([N+](=O)[O-])cc(C(C)(C)C)c1O,,,,,3.002
N#CC=CC#N,,,,,3.29
CC[C@H](OC(C)=O)C(C[C@H](C)N(C)C)(c1ccccc1)c1ccccc1,,,,18.0,
COc1cc2nc(C(F)(F)F)[nH]c2cc1OC,,,,,3.768
COc1c2ccoc2c(OCC2OC2(C)C)c2oc(=O)ccc12,-4.3000002,,,,
CC(C)OP(C)(=O)OC(C)C,,,,,2.339
COc1cc2nnc(C(N)=O)c(Nc3cccc(Cl)c3Cl)c2cc1OC,,98.81,,,
CN(C)CCCN(C)C,,,,,2.502
CCC1(C)OCCO1,,,,,1.6130000000000002
CSC,,,,,1.275
CC(C)C(Br)C(=O)OC(C)C(Cl)(Cl)Cl,,,,,2.435
N#CC(Cl)(Cl)C#N,,,,,3.016
C=CC(=O)OCCCCCCCCCC,,,,,1.517
CCCCN(C)CCCC,,,,,2.424
CC1COC(Cn2cncn2)(c2ccc(Oc3ccc(Cl)cc3)cc2Cl)O1,,,,,2.447
COc1ccc2c3c1OC1C(N=[N+]=[N-])CCC4C(C2)N(C)CCC341,,,,,3.435
Cc1cn([C@H]2CCCN([C@@H](CC(C)C)c3ccc(C(=O)O)c(Oc4cccc(Cl)c4)c3)C2)c(=O)[nH]c1=O,,98.89,,,
Cc1ccc(N)c(C)c1,,,,,2.414
CCCOc1ccc(C(O)=S)c(CC)c1OC,,,,,2.42
CN(C)N=Nc1ccc(I)cc1,,,,,2.681
CCCCOCCOCCSC#N,,,,,3.3539999999999996
C=CC(O)C(O)C=C,,,,,1.848
C=C(C)O[C@@]12CO[C@@H]1C[C@@H]1C[C@@]13C(=O)[C@H](OC(C)=O)C1=C(C)[C@@H](OC(=O)[C@H](O)[C@@H](NC(=O)OC(C)(C)C)c4ccccc4)C[C@@](O)([C@H](OC(=O)c4ccccc4)[C@H]23)C1(C)C,,,,20.0,
Nc1ccc2nc(SCC(=O)NC3CCN(Cc4ccc(Cl)c(Cl)c4)CC3)sc2c1,,73.81,,,
Cc1cc(Cl)ccc1OC1CCN(C[C@H](O)CNC(=O)c2c[nH]c(=O)cc2C(F)(F)F)CC1,,86.59,,,
CC12CCC(=O)C=C1CCC1C2C(O)CC2(C)C1CCC2(O)C(=O)CO,,,0.38,,
CC(O)c1ccccc1,,,,,2.485
NC(=O)C1CCN(CCCN2c3ccccc3Sc3ccc(Cl)cc32)CC1,,,,,2.812
CNC(=O)ON=C1CCCCC1(C)[N+](=O)[O-],,,,,3.688
CCC(C)N,,,,,2.2840000000000003
C[C@@H]1NC(=O)[C@@H](C)N(C)C(=O)[C@@H](C)N(C)C(=O)[C@H](C)NC(=O)[C@H](C)N(C)C(=O)[C@@H](C)NC1=O,-5.8200002,,,,
COc1cc2c(c3oc(=O)c4c(c13)CCC4=O)C1C=COC1O2,,,,,4.796
Cc1ccccc1Cl,,,,,1.511
CCCCSc1nc2ccccc2s1,,,,,2.245
CCCCOC(=O)CCCCCCCCC(=O)OCCCC,,,,,1.293
CC(C)=O,,,,,1.001
O=C(Cc1ccccc1)OC1=C(OC(=O)Cc2ccccc2)C(=O)OC1=O,,,,,1.661
CCCCC(CC)CN(CCO)CC(CC)CCCC,,,,,1.764
CCC#CCC(C)C(O)C#CC1C(O)CC2C/C(=C\COCC(=O)[O-])CC21,,,0.08,,
CC(C)(O)c1ccccc1,,,,,2.02
CCC1CC2CC3c4[nH]c5ccc(OC)cc5c4CCN(C2)C13,,,,,2.977
O=C(CCCN1CCC(O)(c2cccc(C(F)(F)F)c2)CC1)c1ccc(F)cc1,,92.32,,,3.466
COC(=O)c1c(Cl)c(Cl)c(C(=O)N(C)OC)c(Cl)c1Cl,,,,,2.489
CCCC(C)COCCO,,,,,1.5930000000000002
C[C@H](CS)C(=O)N1CCC[C@@H]1C(=O)O,-4.8153086,,,,
CCP(=O)(OC)Oc1ccc([N+](=O)[O-])cc1,,,,,5.212999999999999
O=C1Nc2ccc(Cl)cc2[C@@](C#CC2CC2)(C(F)(F)F)O1,-4.0500002,,,,
COC(=O)c1cc(C(=O)OC)cc([N+](=O)[O-])c1,,,,,1.379
CC1[NH2+]Cc2cc(-c3ccc4c(=O)c(C(=O)[O-])cn(C5CC5)c4c3OC(F)F)ccc21,,,1.0,,
CNC(=O)ON=C(C)SCC(N)=O,,,,,3.5589999999999997
COP(C)(=S)SCSc1ccc(Cl)cc1,,,,,3.984
CCSCc1ccccc1OC(=O)NC,,,,,3.052
CNC(N)=S,,,,,3.256
CN(C(=O)[C@H](Cc1ccc(CN)cc1)NS(=O)(=O)c1ccc2ccccc2c1)C1CCCC1,-4.9586072,,,,
CN[C@@H](C)C(=O)N[C@H](C(=O)N[C@H]1CCN(CCCc2ccccc2)C1)C1CCCCC1,,64.01,,,
Oc1ccc(C(c2ccc(O)cc2)c2ccccn2)cc1,,,,,1.511
Nc1cc[n+]([O-])cc1,,,,,3.167
Nc1cc(OCc2ccccc2)c(C(=O)NCCN2CCOCC2)cc1Cl,,,,,5.415
OC(CBr)C(O)C(O)C(O)CBr,,,,,2.312
CCOC(=O)C1CCc2cc(C3CCCCC3)ccc21,,,,,2.866
CC=CC(=O)N(CC)c1ccccc1C,,,,,2.1319999999999997
CCOC(=O)c1ccc2[nH]c(C(F)(F)F)nc2c1,,,,,3.81
Cc1cc(NS(=O)(=O)c2ccc(N)cc2)no1,-4.880000099999998,,,9.8,1.611
COCCOC(=O)CC#N,,,,,1.5219999999999998
CC(CN(C)C)C(C)(O)Cc1ccc(Cl)cc1,,,,,2.504
O=Cc1ccc([N+](=O)[O-])cc1,,,,,1.507
CC(=O)NC(CS)C(=O)O,,,,,1.509
CN(C)C(=S)SC(=S)N(C)C,,,,,2.6660000000000004
CCCOP(=O)(OCCC)Oc1ccc2c(C)c(Cl)c(=O)oc2c1,,,,,3.671
Cc1c(O)c2c(c(C)c1CCO)C(=O)C(C)(C)C2,-4.7597256,,,,
C/C=C/C/C=C/CCC(=O)[C@@H]1O[C@@H]1C(N)=O,-5.4224062,,,,
N#CCCl,,,,,2.536
C#CCN1C(=O)CN=C(c2ccccc2)c2cc([N+](=O)[O-])ccc21,,,,,2.562
CC(=O)Nc1cc(Cl)ccc1Cl,,,,,1.6969999999999998
CC(Cc1ccccc1)NN,,,,,3.645
O=S(=O)(NC1CCNCC1)c1cc(S(=O)(=O)c2ccccc2)ccc1C(F)(F)F,,92.48,,,
CCCCN(CC)c1c([N+](=O)[O-])cc(C(F)(F)F)cc1[N+](=O)[O-],,,,,1.525
C[C@@H](NC1=CC(=O)NCC1)c1ccc(Nc2ncc3cc(-c4ccncc4)ccc3n2)cc1,,97.13,,,
CCSP(=O)(CC)OC,,,,,4.23
CC(C)(C)NC(=O)NCCN1CCN(CC(=O)Nc2cc(Cl)cc(Cl)c2)CC1,,94.79,,,
CC1CCC2(C(=O)[O-])CCC3(C)C(=CCC4C5(C)CCC(O)C(C)(C)C5CCC43C)C2C1C,,,0.54,,
C[NH2+]CCC(Oc1ccccc1C)c1ccccc1,,,0.85,,
OC1CCCCC1,,,,,1.6869999999999998
CCOc1ccc([N+](=O)[O-])cc1CNCCO,,,,,3.983
O=C1c2ccccc2C(=O)N1SC(Cl)(Cl)Cl,,,,,1.595
C=CC1CC2C=CC1C2,,,,,1.44
CC(=NNc1nc(C)cc(C)n1)c1ccccc1C,,,,,2.685
Cn1c(=O)c2c(nc(Cc3ccc(N)cc3)n2C)n(C)c1=O,,,,,2.893
CNC(=O)ON=C1CSCCS1,,,,,4.138
CCC(CC)COCCOC(=O)CCCCC(=O)OCCOCC(CC)CC,,,,,2.093
O=C(CS)OCCCCOC(=O)CS,,,,,2.77
CCOc1ccccc1OC(c1ccccc1)C1CNCCO1,,,,10.0,
CC(N)CN,,,,,1.5219999999999998
CC(=O)N[C@@H](Cc1c[nH]c2ccccc12)C(=O)N[C@@H](C)C(=O)NCC(=O)NCC(=O)N[C@@H](CC(N)=O)C(=O)N[C@@H](C)C(N)=O,-7.29,,,,
CNC(=O)C(c1ccc2nc(N)n(C(C)C)c2c1)c1cccc(F)c1F,-5.0,,,,
COc1ccc(C(=C(C#N)CCC(=O)O)c2ccc(OC)cc2)cc1,,,,,3.0
C(COCC1CO1)OCC1CO1,,,,,1.795
CCOP(=O)(OCC)SCc1nnc(OCCOC)s1,,,,,4.2139999999999995
N#CC(CCN1CCC(C(=O)O)(c2ccccc2)CC1)(c1ccccc1)c1ccccc1,,,,,3.455
COP(=S)(OC)SCc1nc(N)nc(N)n1,,,,,2.5
CCOP(=S)(OCC)SCn1c(=S)oc2cccnc21,,,,,3.1639999999999997
C=CCOC(=O)CC1CCCCC1,,,,,2.306
CCCCC[Si](OC)(OC)OC,,,,,1.592
CCOC(=O)CSP(=O)(OCC)OCC,,,,,3.755
O=C(NCC12CC3CC(CC(C3)C1)C2)c1cc(-n2ncc(=O)[nH]c2=O)ccc1Cl,,98.13,,,
Oc1nc(-c2ccccc2)nc2ccccc12,,98.81,,,
CN(C)c1cc(NC(=O)CNC(C)(C)C)c(O)c2c1C[C@H]1C[C@H]3[C@H](N(C)C)C(O)=C(C(N)=O)C(=O)[C@@]3(O)C(O)=C1C2=O,,,,48.0,
Cc1nc(C)c(Cl)c(O)c1Cl,,,,,1.028
C1CN2CCN1CC2,,,,,1.819
Cc1ncc([N+](=O)[O-])n1CCO,,,0.4,7.1,1.756
C=CC=NNc1ccccc1,,,,,2.32
O=C(OCC1CO1)c1ccccc1C(=O)OCC1CO1,,,,,2.349
CCN(CCO)C(=O)c1oc2cccnc2c1-c1cccc(C(F)(F)F)c1,,91.28,,,
CCc1ccc(C)[n+]([O-])c1,,,,,1.836
O=C(Nc1nc(C(F)(F)F)c(Cl)s1)c1cc(C(F)(F)F)cc(C(F)(F)F)c1,,,,,3.807
C[C@]12Cc3cnn(-c4ccc(F)cc4)c3C=C1CC[C@@]2(O)CCc1ccc(F)cc1C(N)=O,,96.79,,,
C=CC(=O)OCCCCCCCCCCCCC,,,,,0.755
O=[N+]([O-])c1c(Cl)cc2[nH]c(C(F)(F)F)nc2c1Cl,,,,,3.921
Oc1ccc(Cc2ccc(O)cc2)cc1,,,,,1.607
O=C(O)CCSCCC(=O)O,,,,,1.774
CN(C)C,,,,,2.073
CC(=O)N(CC(O)CO)c1c(I)c(C(=O)NCC(O)CO)c(I)c(C(=O)NCC(O)CO)c1I,,,0.16,1.5,
c1ccc2sc(SNC3CCCCC3)nc2c1,,,,,1.6980000000000002
CN(C)CC(=O)NN=Cc1c(Cl)nc2sccn12,,,,,2.28
Cc1cc(=O)[nH]c(=S)[nH]1,,,,,1.707
Cc1nn(C)c(C)c1-c1ccc(-c2nc3ccncc3c(O)c2C#N)cc1,,99.64,,,
COc1cc([C@@H]2c3cc4c(cc3C(OC3OC5COC(C)OC5C(O)C3N)C3COC(=O)[C@@H]32)OCO4)cc(OC)c1O,,,,14.0,
COP(=S)(OC)SCCSC,,,,,3.491
c1ccc(-c2cccnc2)cc1,-3.8880284,,,,
CN[C@H]1[C@@H](O)[C@@H](NC)[C@H](O)[C@H]2O[C@@H]3O[C@H](C)CC(=O)[C@]3(O)O[C@H]12,,,,1.8,
O=C(Nc1ccc(F)cc1F)c1cccnc1Oc1cccc(C(F)(F)F)c1,,,,,2.295
CCC1(C(C)CC(C)C)C(=O)NC(=O)NC1=O,,,,,3.506
Nc1ccc2[nH]c(C(F)(F)F)nc2c1,,,,,3.477
CCC(=CC(=NO)C(N)=O)C(C)[N+](=O)[O-],,,,,2.519
O=P1(NCCCl)OCCCN1CCCl,,,0.62,6.6,3.261
CC(Cc1ccccn1)N1C(=O)c2ccccc2C1C(=O)NCc1ccc(OC(F)(F)F)cc1,,98.89,,,
C[C@]12C[C@@H](O)[C@@H]3[C@@H](CCC4=CC(=O)CC[C@@]43C)[C@H]1CC[C@H]2C(=O)CO,-4.4850001,,,,
CCCC(C)(Oc1ccc(Cc2ccc(Cl)cc2)cc1)C(=O)OCc1cccnc1,,,,,1.6269999999999998
COP(=S)(OC)SCSc1cccc(Cl)c1Cl,,,,,3.668
c1ccc(CC2OCCO2)cc1,,,,,1.873
Cc1cnc(-c2c(F)ccc(F)c2CCNC(=O)c2ccc(COCC(F)(F)F)nc2)cn1,,91.99,,,
O=C(c1cccnc1)N1CCN=C1Nc1c(Cl)cccc1Cl,,,,,3.622
CCOP(=S)(OCC)Oc1cccc(F)n1,,,,,4.343999999999999
NCC1CC2CCC1C2,,,,,1.948
CNC(=O)Oc1cc(C(C)(C)C)cc(C(C)(C)C)c1,,,,,2.165
O=C(CCl)CCl,,,,,3.803
CCS(=O)CSP(=S)(OC(C)C)OC(C)C,,,,,4.086
CCC(=O)OCCCCCOC(=O)CC,,,,,1.435
CCC1(O)CC(OC2CC(N(C)C)C(OC3CC(O)C(OC4CCC(=O)C(C)O4)C(C)O3)C(C)O2)c2c(cc3c(c2O)C(=O)c2c(O)cccc2C3=O)C1C(=O)OC,,,,,4.1419999999999995
CCC(CC)C(=O)OCC(Br)(Br)Br,,,,,1.979
N#CCCC1(CCC#N)c2ccccc2-c2ccccc21,,,,,2.097
ClC1=C(Cl)C2(Cl)C3C4C=CC(C4)C3C1(Cl)C2(Cl)Cl,,,,,3.971
CC(=O)OC1CC2(O)C(CCC3(C)C(c4ccc(=O)oc4)CCC32O)C2(C)CCC(O)C=C12,,,,,5.038
C=C(C)CCl,,,,,2.028
CC(C)NP(O)(=S)Oc1cc(Cl)c(Cl)cc1Cl,,,,,4.033
COc1ccc(Cl)cc1C(=O)NCCc1ccc(S(=O)(=O)NC(=O)NC2CCCCC2)cc1,,99.88,,2.2,
CCCCOCCO,,,,,2.4
C=C(C)c1ccccc1,,,,,1.382
O=C(c1ccccc1)C(O)c1ccccc1,,,,,1.327
CCC(CC)(CO)CO,,,,,2.1919999999999997
CN(C)c1ccccc1S(=O)(=O)NC(=O)N1CCC(N2CCC(Oc3ccc(Cl)c(Cl)c3)CC2)CC1,,98.25,,,
O=C1c2ccccc2C(=O)C1c1c(Cl)cccc1Cl,,,,,2.792
C=CC(=O)OCCCCCCCC(C)C,,,,,1.295
C=C(Cl)C#N,,,,,3.5439999999999996
COc1ccc(CCOC2CCCCC2[NH+]2CCC(O)C2)cc1OC,,,1.8,,
C[Si](C)(C)CCC(=O)O,,,,,1.6880000000000002
Nc1nc(=O)c2ncn(CCC(CO)CO)c2[nH]1,,,1.1,,
CCOC(=O)C1OC1(C)c1ccccc1,,,,,1.5759999999999998
O=C1COc2ccc(CNC3CCN(CCN4C(=O)COc5ccc(Cl)cc54)CC3)nc2N1,,92.8,,,
CNS(=O)(=O)Cc1ccc2[nH]cc(CCN(C)C)c2c1,-5.6828976,,,1.7,
CCNC(=O)C(Cl)=C(C)OP(=O)(OC)OC,,,,,3.866
CC(C(=O)O)c1ccc(C(=O)c2cccs2)cc1,,,,2.1,3.5669999999999997
CCOP(=O)(OCC)SCCS(=O)CC,,,,,5.1370000000000005
N#Cc1ccc(F)c(-c2cc(C(F)(F)F)ccc2OCC(=O)O)c1,,97.07,,,
O=c1cc(O)oc2c1c(=O)n(-c1ccccc1)c1ccccc21,,98.17,,,
CC(Cl)(C=O)CCl,,,,,1.94
C=C1NC(N)=Nc2c1ncn2COCCOC(=O)[C@@H](C)N,-5.6900001,,,,
CCCCCCCCC/C=C/C=C/C(=O)NCC(=O)NC1C(O)C(O)C(Nc2[nH]cnc3ncnc2-3)OC1C(O)CO,,,0.17,,
CN1[C@H]2CC[C@@H]1CC(OC(=O)C(CO)c1ccccc1)C2,-4.6999998,,,,
O=[N+]([O-])c1cc(C(F)(F)F)ccc1Cl,,,,,2.322
CC(C)(O)c1ccc(Nc2nc3ccc(C#N)cc3[nH]2)cc1,,92.8,,,
C[C@@H](O)[C@H]1C(=O)N2C(C(=O)[O-])=C(SC3Cn4cnc[n+]4C3)[C@H](C)[C@H]12,,,,1.1,
O=S(=O)(O)c1ccccc1,,,,,2.25
Cc1cc(C)c(CNC(=O)c2cc(C3CC3)nc3c2cnn3C(C)C)c(O)n1,,96.5,,,
CC(C)(C)c1nc[nH]c1/C=c1\[nH]c(=O)/c(=C/c2ccccc2)[n-]c1=O,,,3.0,,
COC(CN1CCN(CCC(O)c2ccccc2)CC1)c1ccccc1,,,,,2.7430000000000003
CNN=Nc1ccccc1,,,,,2.508
COc1ccc(CC(=O)Nc2nc3ccccc3[nH]2)cc1,,96.26,,,
Cc1ccncc1,-3.9612868,,,,1.858
CC(C)c1cccc(OC(=O)N(C)N=O)c1,,,,,2.745
CC(C)(C)NC[C@H](O)COc1nsnc1N1CCOCC1,,,,2.2,
CCC(=O)N(c1ccccc1)C1(COC)CCN(CCc2cccs2)CC1,,,,14.0,
C=CCOC(=O)CC(SP(=S)(OC)OC)C(=O)OCC(C)SP(=S)(OC)OC,,,,,2.8280000000000003
COCCC(C)n1nc(C)c(C(=O)N[C@@H](C)C(C)(C)C)c1NS(=O)(=O)c1ccc(C)cc1,,89.91,,,
CCOP(=S)(OCC)Oc1cc(-c2ccccc2)on1,,,,,3.447
O=C(O)c1ccccc1CN1CCC(CN2CCC(Oc3ccc(Cl)c(Cl)c3)CC2)CC1,,70.1,,,
COP(=O)(SC)N(C)C(C)=O,,,,,1.994
Nc1ccc(F)cc1,,,,,2.426
CCC(C)C1CCCCC1=O,,,,,1.808
CCOP(=O)(OCC)OP(=O)(N(C)C)N(C)C,,,,,4.88
CC(C(=O)O)c1ccc2oc(-c3ccc(Cl)cc3)nc2c1,,99.76,,,3.408
CNC(=O)ON=C1SCC(=O)NC1C,,,,,4.584
O=[N+]([O-])c1ccc(C=NNC(=S)N2CCCC2)o1,,,,,2.5540000000000003
NC(=O)C(N)Cc1c[nH]c2ccccc12,-4.920000099999998,,,,
COc1ccc(-c2ccccc2)cc1CN1CCCC1,,,,,3.98
CCOC(OCC)[SiH2]CNCCCCCCN,,,,,2.641
O=C(NCC12CC3CC(CC(C3)C1)C2)c1cc(C(=O)N2CC3CNCC(C2)O3)ccc1Cl,,69.12,,,
CCO[Si](CCP(=O)(OCC)OCC)(OCC)OCC,,,,,1.281
CCOP(=S)(CC)Oc1ccc([N+](=O)[O-])c(C)c1,,,,,4.461
O=NN1CCCCCCCC1,,,,,2.441
CN[C@@H](C)C(=O)N[C@H](C(=O)N[C@H]1CCCN([C@@H]2CCCc3ccccc32)C1)C1CCCCC1,,93.24,,,
CCOC(=O)c1ccc(OC)cc1,,,,,1.946
CC(C)(C)c1cc(CN2CCN(Cc3cc(C(C)(C)C)c(O)c(C(C)(C)C)c3)CC2)cc(C(C)(C)C)c1O,,,,,1.7180000000000002
CCN(CC)C(=S)Sc1nc2ccccc2s1,,,,,1.673
CCC(C)CO,,,,,1.945
CCC1CC2C3CCC4=CC(=O)CCC4C3CCC2(C)C1O,,,,,1.398
COC(=O)c1ccccc1OC,,,,,1.641
CCN1CCCC1CNS(=O)(=O)c1cc(Cl)c(N)cc1OC,,,,,2.365
CN1CCCCC1CCN1c2ccccc2Sc2ccc([S+](C)[O-])cc21,,92.32,,,
CCCC(=O)N(CSP(=S)(OC)OC)c1ccccc1Cl,,,,,3.975
C=COCCOCC1CO1,,,,,1.771
CN1CCN(C2=c3ccccc3=Nc3ccc(Cl)cc3N2)CC1,-4.5100002,,,,
CC(C)(C)[NH2+]CC(O)COc1cccc2c1CC(O)C(O)C2,,,1.9,,
CCCCCCOC(=O)C(O)c1ccccc1,,,,,1.143
Brc1c[nH]cn1,,,,,2.7689999999999997
CCCCCCCCCC1(C)OCC(COC(N)=O)O1,,,,,1.981
O=c1c(-c2ccc(O)cc2)coc2c([C@@H]3O[C@H](CO)[C@@H](O)[C@H](O)[C@H]3O)c(O)ccc12,-6.4000001,,,,
NC(=O)[C@H](Cc1ccccc1)NC(=O)[C@H](Cc1ccccc1)NC(=O)[C@H](CCCN=C(N)N)NC(=O)[C@@H](N)Cc1ccc(O)cc1,-7.4317985,,,,
Cc1c(N(C)C)c(=O)n(-c2ccccc2)n1C,-4.389419599999999,,,,2.5860000000000003
Cc1cccc(C)c1N,,,,,2.1590000000000003
O=C(/C=C/c1cccc(S(=O)(=O)Nc2ccccc2)c1)NO,,,0.8,,
CN(C)CCCN,,,,,1.7380000000000002
N#CC=CCCC#N,,,,,2.4459999999999997
O=C(O)C1=C/C(=N\Nc2ccc(S(=O)(=O)Nc3ccccn3)cc2)C=CC1=O,-6.5171175,,,,
COc1cc(C2NC(=O)CCS2)cc(OC)c1OC,,,,,1.72
CCCCOc1c(Cl)c(Cl)c(Cl)c(Cl)c1Cl,,,,,2.73
CCC(C(=O)O)c1ccc(N2Cc3ccccc3C2=O)cc1,-4.3899999,,,,2.8989999999999996
CC(=O)N(CC(O)CN(C(C)=O)c1c(I)c(C(=O)NCC(O)CO)c(I)c(C(=O)NCC(O)CO)c1I)c1c(I)c(C(=O)NCC(O)CO)c(I)c(C(=O)NCC(O)CO)c1I,,,0.2,,
COC(=O)c1c(Cl)c(Cl)c(C(=O)OC)c(Cl)c1Cl,,,,,2.044
C[C@@H]1NC(=O)[C@H](C)N(C)C(=O)[C@@H](C)NC(=O)[C@H](C)N(C)C(=O)[C@@H](C)NC(=O)[C@@H](C)NC1=O,-5.8200002,,,,
CCO/N=C/c1ccc(OCCC2CCN(c3ccc(C)nn3)CC2)cc1,,99.72,,,
CCOP(=O)(OCC)SCn1ncccc1=O,,,,,5.143
CCC(C)C(=O)OC1CC(O)C=C2C=CC(C)C(CCC(O)CC(O)CC(=O)[O-])C21,,,0.46,,
Cc1ccc(=O)n(CC(=O)NC(C)Cc2ccccc2)n1,,,,,2.335
CCSC(SCC)c1ccccc1OC(=O)NC,,,,,2.7569999999999997
CCCCN(CCO)CCO,,,,,1.579
CN1C(=O)CC(N2CCCN(CC/C=C3/c4ccccc4CCc4ccc(C(=O)O)cc43)CC2)N(C)C1=O,-5.1599998,,,,
C=CC(CCCCC)OC(C)=O,,,,,2.302
NCCCNCCSP(=O)(O)O,,,,,2.414
Nc1ccc2ccc3cccc4ccc1c2c34,,,,,2.3080000000000003
Cc1c(I)c(=O)n(-c2ccccc2)n1C,,,,,2.1830000000000003
CCC(C)OC(CBr)c1ccc(Cl)cc1,,,,,3.0669999999999997
Cc1cccc(C)c1NC(=O)c1cc(S(N)(=O)=O)c(Cl)cc1O,,,,,2.335
Cc1cnc(NC(=O)C2=C(O)c3ccccc3S(=O)(=O)N2C)s1,-4.71,,,18.0,
Cc1ccc(C(=O)c2ccccc2)c(C(=O)O)c1,,,,,1.632
COP(=O)(OC)OC,,,,,2.222
COc1ccc2c(c1)N(CC(C)CN(C)C)c1ccccc1S2,,,,,2.475
Cc1ccc(-c2c[nH]cn2)cc1NC(=O)c1ccc(OCc2ccccn2)cc1,,94.9,,,
CC(O)C1C(=O)N2C(C(=O)[O-])=C(C3CCCO3)SC12,,,0.18,,
CC(O)CN(C)C,,,,,1.737
CN(C)N=NN(C)C,,,,,1.815
COc1cc(C)ccc1S(=O)(=O)NC(=O)C(c1ccc2c(c1)OCO2)c1cn(C)c2cc(C(C)=O)ccc12,-5.8519359,,,,
CCP(=O)(OC)Oc1ccc(C)cc1,,,,,2.654
CCOP(=S)(OCC)Oc1ccc(Cl)c([N+](=O)[O-])c1,,,,,3.513
C#CCOc1ccccc1OC(=O)NC,,,,,3.409
CCC(=O)OCCc1ccccc1,,,,,1.649
O=C(O)c1c(O)c(O)cc2ccccc12,,,,,0.921
O=P1(N(CCCl)CCCl)NCCCO1,,20.08,,8.0,
CC(=O)OCCC(C)CCC=C(C)C,,,,,1.465
O=NN1CN(N=O)CN(N=O)C1,,,,,3.037
CC1(C)OC2COC3(COS(N)(=O)=O)OC(C)(C)OC3C2O1,,,0.8,,
CC(N)(CO)CO,,,,,0.7909999999999999
ClC1=C(Cl)C2(Cl)C3CCC4C(CCC3C1(Cl)C2(Cl)Cl)C1(Cl)C(Cl)=C(Cl)C4(Cl)C1(Cl)Cl,,,,,1.4169999999999998
CC(=O)OC1CCC(C(C)(C)C)CC1,,,,,1.598
CCn1c(=O)c2ccccc2n(-c2cccc(C(F)(F)F)c2)c1=O,,,,,2.3480000000000003
BrC=CBr,,,,,3.477
COP(=S)(OC)SC(C)N1CC(=O)C(=O)C1,,,,,4.704
CCN(CC)S(=O)(=O)c1ccccc1,,,,,2.38
O=C=NCCOC(=O)OCCN=C=O,,,,,2.018
Nc1ccc(S(=O)(=O)Nc2ccnn2-c2ccccc2)cc1,,99.41,,,
COc1c(N2CCNC(C)C2)c(F)cc2c(=O)c(C(=O)O)cn(C3CC3)c12,,,,10.0,
CC(C)(C)N,,,,,2.972
CS(=O)(=O)c1ccc(C2=C(c3ccccc3)C(=O)OC2)cc1,,93.1,1.3,,
O=C=Nc1ccc(Cl)c(Cl)c1,,,,,3.315
NC(=[NH2+])NCCCC(N)C(=O)[O-],,,,,1.5
CC1OC1P(=O)([O-])[O-],,,0.32,,
O=C1C=CC(=O)C=C1,,,,,2.92
CC12CCC3c4ccc(O)cc4CC(CCCCCCCCCS(=O)CCCC(F)(F)C(F)(F)F)C3C1CCC2O,,,4.15,,
CCOC(=O)C(C)(C)N=NC(C)(C)C(=O)OCC,,,,,2.676
C[C@@H]1NC(=O)[C@@H](C)N(C)C(=O)[C@H](C)NC(=O)[C@@H](C)NC(=O)[C@@H](C)N(C)C(=O)[C@H](C)NC1=O,-5.3000002,,,,
CC(C)CCCCCc1ccc(O)cc1,,,,,1.982
Cc1ccc(NC(=O)[C@@H]2CCCN2S(=O)(=O)c2cccc3cccnc23)c(C)c1,,97.76,,,
COc1ccccc1CCNCc1ccc(CCNC[C@H](O)c2ccc(O)c3[nH]c(=O)sc23)cc1,,95.53,,,
CN(N=O)c1ccncc1,,,,,2.8360000000000003
C=CC(C)NC(=S)NNC(=S)NC,,,,,2.339
CC(C)N,,,,,1.858
CN/C(=N\CCSCc1nc[nH]c1C)NC#N,-6.0420098,,1.2,,
CCCCCOc1ccc(-c2ccc(-c3ccc(C(=O)NC4CC(O)C(O)NC(=O)C5C(O)C(C)CN5C(=O)C(C(C)O)NC(=O)C(C(O)C(O)c5ccc(O)cc5)NC(=O)C5CC(O)CN5C(=O)C(C(C)O)NC4=O)cc3)cc2)cc1,,,0.57,,
CC(=O)OC(C)C,,,,,1.5319999999999998
Nc1ccc2c(O)cc(S(=O)(=O)O)cc2c1,,,,,1.318
O=C(O)c1ccccc1C(=O)Nc1ccccc1,,,,,1.436
N#CSCC(Cl)SC#N,,,,,3.261
CC(CCc1ccc2c(c1)OCO2)NCC(O)c1ccc(O)c(C(N)=O)c1,,,,11.0,
COC(=O)C(C)c1ccc(-c2ccsc2)cc1,,,,,2.024
ClC1=C(Cl)C2(Cl)C3C4OC4(Cl)C(Cl)C3C1(Cl)C2(Cl)Cl,,,,,2.967
Nc1ncc2nc[nH]c2n1,,,,,2.272
Cc1cc(Sc2cc(C)c(O)c(C(C)(C)C)c2)cc(C(C)(C)C)c1O,,,,,1.7519999999999998
C/C([O-])=C(/C#N)C(=O)Nc1ccc(C(F)(F)F)cc1,,,0.13,,
N#CC#CC#N,,,,,2.237
O=C(OCCOCCOC(=O)c1ccccc1)c1ccccc1,,,,,2.046
COc1c(Cl)cc2[nH]c(C(F)(F)F)nc2c1Cl,,,,,4.55
Cc1ccc(S(=O)(=O)Nc2c(C(=O)NC3CCOCC3)c(C)nn2-c2ccccc2)cc1,,97.38,,,
NS(=O)(=O)c1cc2c(cc1C(F)(F)F)NCNS2(=O)=O,,,2.2,5.2,
ClC(Cl)(Br)CBr,,,,,3.0980000000000003
ClC(Cl)=C(c1ccc(Cl)cc1)c1ccc(Cl)cc1,,,,,2.5580000000000003
N=C(N)c1ccc(OCCCCCOc2ccc(C(=N)N)cc2)cc1,,,,25.0,
NS(=O)(=O)c1cc(C(=O)[O-])cc(N2CCCC2)c1Oc1ccccc1,,,0.17,,
CCCOP(=O)(OCCC)Oc1ccc(SC)cc1,,,,,3.698
COCCOc1c(OC)cc(Cc2cnc(N)nc2N)cc1OC,,,,,2.455
CCOC(=O)C1=C(C)NC2=C(C(=O)CC(C)(C)C2)C1c1ccc(-c2ccccc2)cc1,,99.83,,,
O=C=Nc1cccc(C(F)(F)F)c1,,,,,2.283
CC1=C(C(=O)O)N2C(=O)[C@@H](NC(=O)[C@H](N)c3ccc(O)cc3)[C@H]2SC1,,,,1.1,
CC(C)(C)S,,,,,1.28
Cc1ccc(-c2nccn2C)cc1NC(=O)c1ccc(OCc2ccccn2)cc1,,94.9,,,
CCOC(=O)CC[Si](OCC)(OCC)OCC,,,,,1.072
CCCCOC(=O)C1=CC(=O)CC(C)(C)O1,,,,,1.46
CCC1OC1(C)C,,,,,1.457
CCCCCCCCC/C=C/C=C/C(=O)CCC(=O)NC1[C@H](C(O)CO)O[C@H](Nc2ncnc3nc[nH]c23)[C@H](O)[C@@H]1O,,,,1.3,
NC(=O)/C=C(\c1cccc(F)c1)c1ccc2nc(N)n(S(=O)(=O)NC(=O)N3CCOCC3)c2c1,-4.7399998,,,,
CCNC1=Nc2ccc(Cl)cc2C(C)(c2ccccc2)O1,,,,,2.302
c1ccc(Cc2ccccc2)cc1,,,,,1.874
C=CC(=O)N1CCCC(n2nc(-c3ccc(Oc4ccccc4)cc3)c3c(N)ncnc32)C1,,,9.75,,
C=CCc1cccc(CC=C)c1OCC1CO1,,,,,1.71
CCCCc1c(OC(=O)c2ccccc2)n(-c2ccccc2)n(-c2ccccc2)c1=O,,,,,2.273
Cc1ccccc1N=Nc1c(N)ccc2ccccc12,,,,,3.338
Cn1c(NCCCN2CCC(Oc3ccc(Cl)c(Cl)c3)CC2)cc(=O)n(C)c1=O,-4.8783755,,,,
Oc1ncc(NCc2ccccc2)c(O)n1,,36.53,,,
ClCc1ccc(CCl)cc1,,,,,1.993
CCCCCC(=O)O,,,,,1.588
Clc1cccc([Si]23OCCN(CCO2)CCO3)c1,,,,,4.255
COc1ccc([C@]2(C#N)CC[C@@H](C(=O)O)CC2)cc1OC1CCCC1,,98.84,,7.9,
C1CN2CCC1CC2,,,,,3.136
COc1ccc(Cc2cnc(N)nc2N)cc1OC,,,,,1.85
CCOc1nnc(CSP(=S)(OCC)OCC)s1,,,,,4.18
Oc1cc(Cl)c(Cl)c(Cl)c1Cl,,,,,3.219
Cc1nc(C)c(-c2ccc([C@H]3CC[C@H](CCO)CC3)cc2)nc1C(N)=O,,97.0,,,
CCCCCCOC(=O)Oc1ccccc1C(=O)O,,,,,1.888
C=CCc1cc(OC)c(OC(C)Cc2cc(OC)c(OC)c(OC)c2)c(OC)c1,-4.73,,,,
CCCC(CCC)C(=O)O,-4.3200002,,,12.0,2.333
Cc1nnc(NS(=O)(=O)c2ccc(N)cc2)s1,-5.8393164,93.53,,,1.6869999999999998
CCOP(=S)(OCC)SCc1ccc([N+](=O)[O-])cc1,,,,,3.5069999999999997
O=C(O)CCSC[C@H]1O[C@@H]2O[C@@H]3[C@@H](CSCCC(=O)O)O[C@H](O[C@@H]4[C@@H](CSCCC(=O)O)O[C@H](O[C@@H]5[C@@H](CSCCC(=O)O)O[C@H](O[C@@H]6[C@@H](CSCCC(=O)O)O[C@H](O[C@@H]7[C@@H](CSCCC(=O)O)O[C@H](O[C@@H]8[C@@H](CSCCC(=O)O)O[C@H](O[C@@H]9[C@@H](CSCCC(=O)O)O[C@H](O[C@H]1[C@H](O)[C@H]2O)[C@H](O)[C@H]9O)[C@H](O)[C@H]8O)[C@H](O)[C@H]7O)[C@H](O)[C@H]6O)[C@H](O)[C@H]5O)[C@H](O)[C@H]4O)[C@H](O)[C@H]3O,,,0.18,,
CCCC(=O)OCC(COC(=O)CCC)OC(=O)CCC,,,,,1.975
CC=CCC(C)C(O)C1C(=O)NC(CC)C(=O)N(C)CC(=O)N(C)C(CC(C)C)C(=O)NC(C(C)C)C(=O)N(C)C(CC(C)C)C(=O)NC(C)C(=O)NC(C)C(=O)N(C)C(CC(C)C)C(=O)N(C)C(CC(C)C)C(=O)N(C)C(C(C)C)C(=O)N1C,,,,,2.91
O=C(Nc1cccc(C(F)(F)F)c1)c1ccccc1NCc1ccncc1,-5.158072,,,,
CN(C)c1ccccc1CS(=O)c1nc2ccccc2[nH]1,,,,,2.362
OCC(CO)(CBr)CBr,,,,,1.879
CC(=O)[C@@]1(O)CC[C@H]2[C@@H]3CCC4=CC(=O)CCC4=C3[C@@H](c3ccc(N(C)C)cc3)C[C@@]21C,,99.51,,,
CC(=O)c1cc2ccc(O)cc2oc1=O,,98.51,,,
C=CC(=O)OCCSCC,,,,,1.807
CCOP(=O)(OCC)SCSc1cc(Cl)ccc1Cl,,,,,3.978
CN(C)C(=O)CCCOC(=O)C(C)(C)Oc1ccc(Cl)cc1,,,,,2.12
CC(=O)Oc1c(C(C)(C)C)cc([N+](=O)[O-])c(C)c1[N+](=O)[O-],,,,,3.848
COC(=O)C1=C(C)NC(C)=C(C(=O)OCC(C)=O)C1c1ccccc1[N+](=O)[O-],,,,,2.425
CN(C)CCC=C1c2ccccc2CCc2ccccc21,-4.2600002,,,17.0,2.938
CCN(CC)CCCCCCCCCCNC(=O)Oc1ccc2c(c1)C1(C)CCN(C)C1N2C,,,,,4.525
CNCCC(Oc1ccc(C)cc1)c1ccccc1,-4.5500002,,,,
CNC(=O)NNc1cc(C(F)(F)F)cc(C(F)(F)F)c1,,,,,2.147
CC(C)c1c(C(=O)c2cccnc2)c2ccccc2n1C,,,,,2.064
CCCC1COC(Cn2cncn2)(c2ccc(Cl)cc2Cl)O1,,,,,2.353
CCN(CC)CCOC(=O)C(Cc1cccc2ccccc12)CC1CCCO1,,,,,2.307
ClCC(Cl)(Cl)CCl,,,,,1.46
CCCC1OC1(CC)C(N)=O,,,,,2.1
O=c1oc(=O)c2cc3c(=O)oc(=O)c3cc12,,,,,1.987
CCOP(=S)(Oc1cnn(-c2ccccc2)c(=O)c1OC)OC(C)C,,,,,4.439
CC(C)[NH2+]CC(O)COc1cccc2ccccc12,,,3.1,,
CO[Si](CCS)(OC)OC,,,,,1.87
O=P(CCn1c(Cc2ccccc2)nc2ccccc21)(OCCCl)OCCCl,,,,,1.852
C=C1C[C@@H]2[C@H](CC[C@]3(C)C(=O)CC[C@@H]23)[C@@]2(C)C=CC(=O)C=C12,-4.329999900000002,,,,
Oc1cc(Cl)c(Cl)cc1Cl,,,,,2.3819999999999997
O=C(O)C1CCc2cc(C3CCCCC3)ccc21,,,,,3.026
OC1CC2CC1C1CC3OC3C21,,,,,1.725
CCCC1OCSC1=NOC(=O)NC,,,,,3.42
CCOP(=S)(OCC)SCn1nc(Cl)c(C)cc1=O,,,,,3.5810000000000004
O=C(O)C(O)=C(O)C(=O)O,,,,,1.392
C[NH2+]C1CCc2[nH]c3ccc(C(N)=O)cc3c2C1,,,3.6,,
CC(=O)OCC1=C(C(=O)O)N2C(=O)[C@@H](NC(=O)Cc3cccs3)[C@H]2SC1,,,,0.95,
C[NH2+]C1C(O)C(OC2C(N)CC([NH3+])C(OC3OC(C[NH3+])=CCC3[NH3+])C2O)OCC1(C)O,,,0.19,,
Cc1ccccc1OCC(O)CNCCOc1ccc(C(N)=O)cc1,,,,2.5,
CCCCOC(=O)C1OC1C,,,,,2.5
N=C(N)c1cccc(CC(CC(=O)N2CCC(C(=O)O)CC2)NS(=O)(=O)c2ccc3ccccc3c2)c1,-7.3390937,,,,
COCCCNc1nc(NCCCOC)nc(SC)n1,,,,,2.333
O=C=Nc1ccc(Cc2ccc(N=C=O)cc2N=C=O)cc1,,,,,1.163
CCCNC(C)C(=O)Nc1ccccc1C,,,,1.8,
COC(=O)C(OC(C)=O)=C(OC(C)=O)C(=O)OC,,,,,1.4380000000000002
CC(C)(COC(N)=O)COC(N)=O,,,,,1.88
CCCOC(=O)C1COc2ccccc2O1,,,,,1.475
CCC(=O)C(CC(C)[NH+](C)C)(c1ccccc1)c1ccccc1,,,4.4,,
Cc1ccn(C(=O)NCCCCCCCl)n1,,,,,1.6669999999999998
c1ccc(C2=C(c3ccccc3)SCCO2)cc1,,,,,1.928
CCOC(C)CO,,,,,1.327
CC(=O)NCC(=O)N[C@@H](CC(N)=O)C(=O)N[C@@H](C)C(N)=O,-6.5900002,,,,
Cc1cc(COc2ccc(C(=O)N[C@@H]3C[C@@]4(CCCO4)C[C@@H]3C(=O)NO)cc2)c2ccccc2n1,-5.6319547,,,,
N#Cc1cc(I)c(O)c(I)c1,,,,,3.528
CCC(C)(O)Cc1ccccc1,,,,,1.6130000000000002
CC(C)(C)CNC(=S)Nc1cccnc1,,,,,2.6860000000000004
CC(C)C(=O)OCCc1ccccc1,,,,,1.568
C[C@@H](O)[C@@H]1NC(=O)[C@H](CCCCN)NC(=O)[C@@H](Cc2c[nH]c3ccccc23)N(C)C(=O)[C@H](Cc2ccccc2)NC(=O)[C@@H]2CCCN2C(=O)[C@H](Cc2ccccc2)NC1=O,-6.3989701,,,,
Cn1c(N2CCN(CCCN3c4ccccc4Sc4ccc(C(=O)O)cc43)CC2)cc(=O)n(C)c1=O,-5.0,,,,
O=[N+]([O-])c1ccc(ON=Cc2cc(Br)c(O)c(Br)c2)c([N+](=O)[O-])c1,,,,,2.622
CCC(CO)NC(=O)C1C=C2c3cccc4[nH]cc(c34)CC2N(C)C1,,,,,3.562
CC(=O)CC(c1ccc([N+](=O)[O-])cc1)c1c([O-])c2ccccc2oc1=O,,,0.24,,
CC1(C)C(C=C2CCSC2=O)C1C(=O)OCc1coc(Cc2ccccc2)c1,,,,,2.785
C=CCCCCCCCCC(=O)OCCCC,,,,,1.682
O=C1C(O)=C([C@H]2CC[C@H](c3ccc(Cl)cc3)CC2)C(=O)c2ccccc21,,,,63.0,
COc1ccc(CCNCC(O)c2ccc(O)cc2)cc1OC,,,,,1.53
O=C(O)CF,,,,,4.2219999999999995
CCCCNCCO,,,,,2.008
Nc1ccc(S(=O)(=O)Nc2cnc3ccccc3n2)cc1,,,,,2.3409999999999997
CCOP(=O)(OCC)SC=C(Cl)Cl,,,,,5.18
CCOP(=O)(CC)SCSCSP(=O)(CC)OCC,,,,,5.334
c1cc2c(c(N3CC[NH2+]CC3)c1)OCCO2,,,3.6,,
CC=C(C)C(=O)OC1C(OC(C)=O)C2(CO)C(O)CC3(C)C(=CCC4C5(C)CCC(OC6OC(C(=O)O)C(OC7OC(CO)C(O)C(O)C7O)C(O)C6OC6OC(CO)C(O)C(O)C6O)C(C)(CO)C5CCC43C)C2CC1(C)C,,,,,3.133
C[C@H](C1=C(CC[NH+](C)C)Cc2ccccc21)c1ccccn1,,,2.16,,
CCNC(=O)C=Cc1cccc(Br)c1,,,,,1.758
O=C1CN(/N=C/c2ccc([N+](=O)[O-])o2)C(=O)N1,,,,0.97,
COc1ccc(N(C(=O)Oc2c(C)cccc2C)c2ccnc(Nc3ccc(N4CCN(C)CC4)cc3)n2)c(OC)c1,,99.83,,,
[O-][n+]1cc[n+]([O-])c2ccccc21,,,,,2.511
CCOP(=S)(Oc1cnn(Cc2ccccc2)c(=O)c1OC)OC(C)C,,,,,4.41
CC(Cl)C(=O)O,,,,,2.3369999999999997
COc1cc2c(cc1O)CCNC21CSC2c3c(OC(C)=O)c(C)c4c(c3C(COC1=O)N1C(O)C3Cc5cc(C)c(OC)c(O)c5C(C21)[NH+]3C)OCO4,,,25.0,,
CCOC(=O)C1=C(C)NC(C)=C(C(C)=O)[C@H]1c1cccc2c(=O)cc(C)oc12,,85.19,,,
Cc1nc2n(c(=O)c1CC[NH+]1CCC(c3noc4cc(F)ccc34)CC1)CCCC2,,,1.1,,
COC(=O)C1=C(C)NC(C)=C(C(=O)OC)C1c1ccccc1N(O)O,-4.3319983,,,,
CCC(=O)C1(N2CCCCC2)CCN(CCCC(=O)c2ccc(F)cc2)CC1,,,,,2.697
Nc1nc(CC(=O)Nc2ccc(CC[NH2+]CC(O)c3ccccc3)cc2)cs1,,,23.8,,
CN(C)P(=O)(F)N(C)C,,,,,5.188
O=C(O)Cc1ccccc1Oc1ccc(Cl)cc1Cl,,,,,2.115
CC(O)CCC(C)O,,,,,1.771
O=C1C=Cc2cc(Br)ccc2C1=O,,,,,1.784
O=[N+]([O-])C(CO)(CO)CO,,,,,1.901
COc1cc2c(cc1OC)C(Cc1cc(OC)c(OC)c(OC)c1)[N+](C)(CCCOC(=O)CC/C=C\CCC(=O)OCCC[N+]1(C)CCc3cc(OC)c(OC)cc3C1Cc1cc(OC)c(OC)c(OC)c1)CC2,,,0.27,,
Nc1ccc2c(c1)C(=O)NC(CCCl)O2,,,,,2.064
COc1cc2ncc(C(N)=O)c(Nc3cc(F)ccc3F)c2cc1OC,,94.56,,,
O=C1C=C2C(=CCOC2O)O1,,,,,3.744
COP(=O)(OC)OC(Br)C(Br)(Br)Br,,,,,3.407
O=C(O)C(O)(c1ccccc1)C1CCCCC1,,,,,1.944
CC(N)Cc1c[nH]c2ccccc12,,,,,3.899
CC1COc2c(N3CCN(C)CC3)c(F)cc3c(=O)c(C(=O)O)cn1c23,,,,8.9,2.003
CSC(C)(C)C=NOC(=O)N(C)SN(C)Cc1ccccc1,,,,,4.56
CC(=O)OCCO,,,,,1.101
CCOP(=S)(CC)Sc1ccc(Cl)cc1,,,,,4.939
Cc1ccccc1NC(=N)Nc1ccccc1C,,,,,2.68
O=C(O)c1ccncc1,-5.1900001,,,,1.391
CCOP(=S)(OCC)SCCSCC,,,,,5.1370000000000005
C=C1c2c(Cl)ccc(O)c2C(=O)C2=C(O)C3(O)C(=O)C(C(N)=O)=C(O)C(N(C)C)C3C(O)C12,,,,,2.377
CNC(=O)CSP(=O)(OC)OC,,,,,3.852
COP(=S)(OC)Oc1cc(C)c(Cl)cc1C(C)C,,,,,2.7910000000000004
N#CCCNCCC#N,,,,,1.659
CCSc1nc(=O)n(CC(C)(C)C)c(=O)n1N,,,,,1.868
CCOP(=O)(OCC)SCSP(=S)(OCC)OCC,,,,,4.021
COc1ccc(C[C@@H]2c3cc(OC)c(OC)cc3CC[N@+]2(C)CCC(=O)OCCCCCOC(=O)CC[N@@+]2(C)CCc3cc(OC)c(OC)cc3[C@H]2Cc2ccc(OC)c(OC)c2)cc1OC,,,,0.42,
CC(C)CC(CCN(C(C)C)C(C)C)(C(N)=O)c1ccccn1,,,,,2.463
CC(C)(C#N)Nc1nc(Cl)nc(NC2CC2)n1,,,,,2.94
Cc1cccc(C)c1NC(=O)NCCCNC(C)C,,,,5.0,
CCOC(C)OCC,,,,,1.41
CC1=CC(=O)c2c(O)cccc2C1=O,,,,,3.4619999999999997
O=C(O)c1ccccc1O,,,,,2.19
CCCC(=O)O,,,,,1.644
N#Cc1ccc([N+](=O)[O-])cc1,,,,,3.693
C=COC,,,,,1.074
CN/C(=C\[N+](=O)[O-])NCCSCc1ccc(C[NH+](C)C)o1,,,1.2,,
O=C1NCCCN1Cc1ccc(Cl)c(Cl)c1,,,,,2.502
CC1CN1C(=O)c1cccc(C(=O)N2CC2C)c1,,,,,2.298
COc1c2occc2cc2ccc(=O)oc12,,92.32,,,2.437
O=C(CCCN1CCC(n2c(O)nc3ccccc32)CC1)c1ccc(F)cc1,,,,5.8,
CC(C)CN,,,,,2.506
Nc1c(Cl)cc([N+](=O)[O-])cc1Cl,,,,,1.936
CCCCC(CC)C(=O)O,,,,,1.682
C#CCOS(=O)OC(CC)COc1ccc(C(C)(C)CC)cc1,,,,,2.228
COP(=S)(OC)Oc1ccc(C#N)cc1Cl,,,,,3.444
COCCOC(=O)CCCCCCCCC(=O)OCCOC,,,,,1.807
CCCCCCCCCCNCCCCCCCC,,,,,2.051
CN(C)CCCN1c2ccccc2C(C)(C)c2ccccc21,,,,,2.202
NCCNCCN,,,,,1.98
CN(C)CCC(=O)N(C)C,,,,,1.722
Cc1ncc(C(N)=O)nc1-c1ccc([C@H]2CC[C@H](CC(=O)O)CC2)cc1,,94.32,,,
Fc1ccc(-c2cnc(C3CCN(Cc4ccn(-c5ccc(C(F)(F)F)cc5)c4)CC3)[nH]2)cc1,,99.91,,,
CC(C)(C)C(CS(C)(=O)=O)=NO,,,,,2.42
Cc1cc([N+](=O)[O-])cc([N+](=O)[O-])c1,,,,,2.926
COCc1c(C(C)C)nc(C(C)C)c(/C=C/[C@@H](O)C[C@@H](O)CC(=O)O)c1-c1ccc(F)cc1,-5.27,99.01,,1.8,
COc1ccc(OC)c(C(O)C(C)NC(C)C)c1,,,,,2.103
Nc1ccc(S(=O)(=O)Nc2ncccn2)cc1,-4.75,,,7.0,
CCNc1nc(NCC)nc(SC)n1,,,,,2.454
Nc1ccc(C=Cc2ccc([N+](=O)[O-])cc2S(=O)(=O)O)c(S(=O)(=O)O)c1,,,,,1.45
CCO[Si](C)(OCC)OCC,,,,,1.055
Cc1onc(-c2ccccc2)c1C(=O)N[C@@H]1C(=O)N2[C@@H](C(=O)O)C(C)(C)S[C@H]12,-4.8797115999999985,,,0.7,
Cc1cn([C@H]2CCCN(Cc3ccc(C(=O)O)c(Oc4cccc(C(F)(F)F)c4)c3)C2)c(=O)[nH]c1=O,,97.07,,,
CC1=C(C(=O)[O-])N2C(=O)C(NC(=O)C([NH3+])C3=CCC=CC3)C2SC1,,,0.21,,
NC(C(=O)O)c1cc(=O)[nH]o1,,,,,3.088
O=C(O)Cc1ccc(-c2ccccc2)cc1,,,,,2.714
CCOP(=S)(Oc1cnn(CC)c(=O)c1OC)OC(C)C,,,,,4.97
CC(O)CCO,,,,,0.685
COC(=O)N[C@@H](C)C#Cc1cnc(Oc2ccc(OC(C)C)cc2)s1,,99.66,,,
C[C@@H](O)[C@@H]1NC(=O)[C@H](CCCCN)NC(=O)[C@@H](Cc2c[nH]c3ccccc23)NC(=O)[C@H](Cc2ccccc2)NC(=O)[C@@H]2CCCN2C(=O)[C@H](Cc2ccccc2)N(C)C1=O,-6.3005152,,,,
COC(=O)C1C(OC(=O)c2ccccc2)CC2CCC1[NH+]2C,,,2.0,,
NC(=O)C1(N2CCCCC2)CCN(CCCC(=O)c2ccc(F)cc2)CC1,,,,,3.37
Cc1ccc(-c2csc3ncnc(O)c23)cc1,,96.09,,,
O=CN1CCOCC1,,,,,1.248
COc1c2ccoc2cc2oc(C)cc(=O)c12,,,,,2.4419999999999997
CNC(=O)Oc1ccccc1C(C)C,,,,,3.036
CC(O)COc1ccccc1,,,,,1.731
C/C=C\C#CCC/C=C\C=C\C(=O)NCC(C)C,-3.8599999,,,,
COC(=O)CF,,,,,4.42
COc1cc(S(C)=O)ccc1-c1nc2ncccc2[nH]1,,,0.62,,2.96
O=C(Cl)C(Cl)Cl,,,,,1.778
CC1CCC=C2N(C)C=C(C(N)=O)C(=O)N21,,,,,2.47
COc1ccc2ncc(=O)n(CCN3CCC(NCc4cc5c(cn4)OCCO5)CC3)c2n1,,53.45,,,
O=c1[nH]c2c(c(=O)n1C1CCCCC1)CCC2,,,,,1.328
C[C@H]1O[C@@H](O[C@H]2[C@@H](O)C[C@H](O[C@H]3[C@@H](O)C[C@H](O[C@H]4CC[C@@]5(C)[C@H]6C[C@@H](O)[C@]7(C)C(C8=CC(=O)OC8)CC[C@]7(O)[C@@H]6CC[C@@H]5C4)O[C@@H]3C)O[C@@H]2C)C[C@H](O)[C@@H]1O,-5.6316042,,,,
O=C(O)COc1ccccc1,,,,,1.614
CN,,,,,2.492
COC1CCC(OC2(C)C(CC3CC(OC)C(C)C4(O3)OC(C)(C3CCC(C5CCC(C6OC(C)(O)C(C)CC6C)O5)O3)C(OC)C4C)OC(O)(C(C)C(=O)O)C(C)C2OC)OC1C,,,,,4.961
Cc1cccc(C)c1NC(=O)NCCC[NH2+]C(C)C,,,1.4,,
O=C(OCC(O)CO)c1ccccc1Nc1ccnc2cc(Cl)ccc12,,,,,2.21
CC1=C(C(=O)Nc2ccccc2)CCCO1,,,,,1.161
CC(C)Nc1ccc(Nc2ccccc2)cc1,,,,,2.497
CN1CCC(=C2c3ccccc3C=Cc3ccccc32)CC1,,,,,2.989
O=NN(CCCl)C(=O)NCCS(=O)(=O)N1CCCCC1,,,,,3.417
CCCSP(=O)(OCC)Oc1ccccc1,,,,,2.946
CC(C)N(CCO)C(C)C,,,,,2.133
O=c1[nH]c([C@@H]2CCCN2)nc2c1oc1ccc(Cl)cc12,,92.8,,,
CCC1(CC)Oc2cccc(OC(=O)N(C)C(C)=O)c2O1,,,,,2.893
O=C1COc2ccc(CNC3CCN(CCN4C(=O)COc5ccc(OC(F)(F)F)cc54)CC3)nc2N1,,97.91,,,
CNC(=O)N(C)N=O,,,,,2.6210000000000004
Cc1ccc2c(c1)C(N1CCN(C)CC1)=Nc1ccccc1S2,,,,,2.539
CC(C)N(CCNCCc1ccc(O)c2[nH]c(=O)sc12)C(=O)CCOCCc1ccccc1,,97.2,,,
CC(=O)Nc1c(I)c(C(=O)O)c(I)c(N(C)C(C)=O)c1I,,,,1.3,1.217
CC[C@H](CO)Nc1nc(SCc2cccc(F)c2F)nc2nc(N)sc12,,98.51,,,
COC(F)(F)C(F)Cl,,,,,1.462
CCOP(=S)(OCC)Oc1ccc(=O)n(-c2ccccc2)n1,,,,,2.6460000000000004
Cc1ccccc1CN1CCC(N2CCC(n3c(=O)[nH]c4ccccc43)CC2)CC1,,64.54,,,
CCN(CC)CCNc1ncnc2c1sc1nc(N3CCOCC3)c3c(c12)CCCC3,,92.16,,,
NC(=O)OC(CCl)Cc1ccccc1,,,,,2.64
Cc1cc(Nc2cncc(N[C@@H](C)c3ncc(F)cn3)n2)n[nH]1,,91.46,,,
COC(=O)C1CCCCC1,,,,,1.564
CNC(=O)Oc1ccccc1C1OCCS1,,,,,3.631
Cc1c(Cl)ccc(OC2CCN(C3CCN(C(=O)NS(=O)(=O)c4ccc(N(C)C)cc4)CC3)CC2)c1Cl,,97.76,,,
N#CC(OC1OC(COC2OC(CO)C(O)C(O)C2O)C(O)C(O)C1O)c1ccccc1,,,0.21,,2.943
CC(=O)CCc1ccccc1,,,,,1.666
CN1C(=O)CN=C(c2ccccc2)c2cc([N+](=O)[O-])ccc21,,,,,2.483
COc1ccc([C@@H]2Sc3ccccc3N(CCN(C)C)C(=O)[C@@H]2OC(C)=O)cc1,-4.4043612,75.97,,5.6,
C#CCOP(=O)(OCCC)c1ccccc1,,,,,2.818
COP(=O)(OC)N1CCOCC1,,,,,1.519
Cc1ccccc1-c1nc2c(N)nc(N)nc2nc1N,,,,,2.1719999999999997
C[C@@H]1CC[C@H]2[C@@H](C)[C@@H](OC(=O)CCC(=O)O)O[C@@H]3OC4(C)CC[C@@H]1[C@@]23OO4,-5.4001169,,,,
CNC(=O)[C@@H](Cc1ccccc1)NC(=O)[C@H](NC(C)=O)C(C)C,-5.3900242,,,,
C[NH2+]C(C)Cc1ccccc1,,,4.3,,
CCCCCC(=Cc1ccccc1)CO,,,,,1.7080000000000002
CC(C=O)CC(C)(C=O)CO,,,,,1.89
CCOP(=S)(CC)Oc1ccc(S(C)=O)cc1,,,,,5.0680000000000005
Nc1ccc(O)c(C(=O)O)c1,,,,0.61,1.7380000000000002
CCCCCCCCCC(C)=O,,,,,1.5319999999999998
C=CC(=O)N(CC)CC,,,,,1.954
O=C(CN1CCNCC1)NN=Cc1ccc([N+](=O)[O-])o1,,,,,2.972
Cc1onc(-c2ccccc2)c1-c1ccc(S(N)(=O)=O)cc1,,97.55,0.75,,
CCNCC(O)c1cccc(O)c1,,,,2.2,3.201
Cc1c[nH]c2ccccc12,,,,,1.58
Cc1cc(C)c(C2C(=O)c3ccccc3C2=O)c(C)c1,,,,,2.4219999999999997
COP(=S)(OC)SCC(=O)N(C)C(=O)Oc1cccc(C(C)C)c1,,,,,2.957
CC(C)=CC1C(C(=O)O)C1(C)C,,,,,1.828
COc1nnc(CSP(=S)(OC)OC)s1,,,,,2.93
Cc1ccc(S(=O)(=O)NC(=O)NC2C3CCC(C)(C2O)C3(C)C)cc1,,,,,1.3090000000000002
CNC(=O)Oc1cccc2sccc12,,,,,3.471
OC1CCc2ccccc2C1,,,,,2.171
Cc1ccc(C=O)o1,,,,,1.699
CC1CC2OC2CC1COC(=O)CCCCC(=O)OCC1CC2OC2CC1C,,,,,1.964
CC(=O)c1ccc2c(c1)N(CCN1CCC(NCc3ccc4c(n3)NC(=O)CO4)CC1)C(=O)CO2,,88.11,,,
CC(C)(C)N(CCO)CCO,,,,,1.773
FC(F)(F)c1nc2c(Br)cc(Br)cc2[nH]1,,,,,4.76
O=C([O-])C(CCc1ccccc1)[NH2+]C1CCCN2CCCC(C(=O)[O-])N2C1=O,,,3.7,,
Cc1ccccc1N,,,,,2.204
CC#Cc1cncc(-c2cccc(C3(c4cc(C)c(OC)c(C)c4)N=C(C)C(N)=N3)c2)c1,,99.8,,,
COP(=O)(NC=O)SC,,,,,2.949
CCCOCCOC(=O)C1=C(C)NC(C)=C(C(=O)OCCOCCC)C1c1cccc([N+](=O)[O-])c1,,,,,2.524
CC(CS)C(=O)N1CCCC1C(=O)O,,,,,1.709
CC(=O)C1(O)Cc2c(O)c3c(c(O)c2C(OC2CC(N4CC4)C(OS(C)(=O)=O)C(C)O2)C1)C(=O)c1ccccc1C3=O,,,2.95,,
CC1COC(C(Cl)CCl)O1,,,,,2.475
CC1(C)C(=O)N(Br)C(=O)N1Br,,,,,3.0580000000000003
CC(C)OC(=O)COc1cc(Cl)c(Cl)cc1Cl,,,,,2.779
COC(=O)c1cccc(C)c1O,,,,,1.636
COc1cccc(C(=O)N2C(C(=O)O)CSC2c2ccccc2Cl)c1,,98.61,,,
O=[N+]([O-])OCC(O)CO,,,,,2.607
O=C(O)CC(NC(=O)COc1ccc(Cl)cc1Cl)C(=O)O,,,,,2.5269999999999997
CSC(C)=NOC(=O)N(C)SN(C(C)C)P1(=S)OCC(C)(C)CO1,,,,,2.716
CCc1cc2c(cc1C(C)=O)C(C)(C)CCC2(C)C,,,,,2.997
CCc1ccc2[nH]c(C(F)(F)F)nc2c1,,,,,3.884
O=C(NN=CC(O)C1OC(=O)C(O)C1O)c1ccncc1,,,,,1.662
C[C@@H]1O[C@@H]1P(=O)(O)O,,,,1.9,
C1CCC2CCCCC2C1,,,,,1.521
Cc1ccc(-c2ccccc2)cc1,,,,,1.816
COP(=S)(OC)SC1CSC=CO1,,,,,3.412
COc1cc2ncc(C(N)=O)c(Nc3ccc(C)cc3F)c2cc1OC,,98.81,,,
C[C@@H]1O[C@@H](O[C@H]2[C@H](Oc3cc(O)c4c(c3)O[C@H](c3ccc(O)cc3)CC4=O)O[C@H](CO)[C@@H](O)[C@@H]2O)[C@H](O)[C@H](O)[C@H]1O,-6.820000200000001,,,,
C[C@@H](NC(=O)C1(NC(=O)C(F)(F)F)CC1)c1ccc(-c2cc(Cl)cc(Cl)c2-c2nnn(C)n2)cc1F,-4.5528421,,,,
CCOCCOCCOc1ccccc1,,,,,1.992
CCCN(CCCl)c1c([N+](=O)[O-])cc(C(F)(F)F)cc1[N+](=O)[O-],,,,,2.361
CCOC(=O)[C@@H]1C2CCC(C[C@@H]1OC(=O)c1ccccc1)N2C,,,,1.5,
COc1ccc(-c2ccc3nc(N)sc3c2)cn1,,96.17,,,
CC(C)CC(=O)OCCc1ccccc1,,,,,1.521
OCC(O)C(O)C(O)C(O)CO,,,0.24,,1.13
CCOc1ccccc1C(=O)NN=C(C)C(=O)O,,,,,2.693
O=S(=O)(F)CCCl,,,,,3.467
Nc1ccc(Cl)c(Cl)c1,,,,,2.4730000000000003
NC(=O)c1ncn([C@@H]2O[C@H](CO)[C@@H](O)[C@H]2O)n1,,,,45.0,
Cc1cccc(I)c1,,,,,1.978
CCCCCCOC(CBr)c1ccc(C2CCCCC2)cc1,,,,,3.167
CC(=Cc1ccccc1)CC(=O)NCCO,,,,,2.2030000000000003
COP(=O)(N=C1SCCN1C)SC,,,,,5.212999999999999
CCC1(O)C(=O)OCc2c1cc1n(c2=O)Cc2c-1nc1ccc(O)cc1c2[Si](C)(C)C(C)(C)C,,,0.47,,
CCCSP(C)(=S)SC(CC(=O)OCC)C(=O)OCC,,,,,2.714
COP(=S)(OC)OC,,,,,2.444
C[NH+]1CCCC(n2nc(Cc3ccc(Cl)cc3)c3ccccc3c2=O)CC1,,,15.0,,
O=C1c2ccccc2C(=O)C1c1ccc(C(F)(F)F)cc1,,,,,3.1660000000000004
CCCCCCCCCCOC(=O)c1ccccc1C(=O)OCCCCCC,,,,,0.901
CC(=O)C(Cl)C(=O)OC(C)c1ccccc1,,,,,2.437
CCN(COC(C)=O)N=O,,,,,2.256
COC1CC(C)(O)Cc2cc3c(c(O)c21)C(=O)c1c(O)cc2c(c1C3=O)OC1OC2(C)C(O)C(N(C)C)C1O,,,,,2.481
CN(C)CC(=O)NN=Cc1c(-c2ccc(Cl)cc2)nc2n1CCS2,,,,,2.658
CC1=CC(=C2C(=O)c3ccccc3C2=O)C=CN1CCN1CCCCC1,,,,,2.951
O=C(NC(Cc1c[nH]c2ccccc12)C(=O)O)OCc1ccccc1,-5.8000002,,,,
CCOCCc1ccc(OCCNc2ncnc(CC)c2Cl)c(C)c1C,,,,,3.517
Cc1c(-c2ccccc2)[nH]c(N)nc1=O,,,,,2.449
CON(C)C(=O)C=C(C)OP(=O)(OC)OC,,,,,5.102
CC(=O)S[C@@H]1CC2=CC(=O)CC[C@]2(C)C2CC[C@@]3(C)C(CC[C@@]34CCC(=O)O4)C21,,75.97,,,
CCOc1noc2cc(OCCC3CCN(c4ccc(C)nn4)CC3)ccc12,,99.86,,,
COc1cc2c(cc1OC)C[NH+](CCc1ccc(NC(=O)c3cc(OC)c(OC)cc3NC(=O)c3cnc4ccccc4c3)cc1)CC2,,,6.4,,
CCC1OC(=O)C(C)C(=O)C(C)C(OC2OC(C)CC([NH+](C)C)C2O)C(C)(OC)CC(C)C(=O)C(C)C2N(CCCCn3cnc(-c4cccnc4)c3)C(=O)OC12C,,,3.0,,
COc1ccc2c(c1)N(CCN1CCC(NCc3ccc4c(n3)NC(=O)CO4)CC1)C(=O)OC2,,74.25,,,
O=NN(CCF)C(=O)NC1CCCCC1,,,,,4.07
CCOc1cc2ncc(C(N)=O)c(Nc3cccc(Cl)c3Cl)c2cc1N1CCN(CC)CC1,,98.17,,,
OCC1CCCO1,,,,,1.805
O=C(O)CCl,,,,,2.2119999999999997
OCCOCCOCCO,,,,,0.946
Cc1ccc(C(C)C)cc1,,,,,1.4509999999999998
OC(c1ccc(F)cc1)(c1cncnc1)c1ccccc1Cl,,,,,2.401
Clc1c(Cl)c(Cl)c2c(c1Cl)Oc1ccccc1O2,,,,,8.605
CC(C)Oc1ccccc1N,,,,,2.255
CC(C)(C)NC(=O)[C@H]1CC[C@H]2[C@@H]3CC=C4C=C(C(=O)O)CC[C@]4(C)[C@H]3CC[C@]12C,,,,27.0,
CC(C)CCC(=O)O,,,,,1.753
CN(C)C(=O)[C@H](O)[C@H](Cc1ccccc1)NC(=O)c1cc2cc(Cl)ccc2[nH]1,,97.81,,,
N[C@@H](Cc1ccc(N(CCCl)CCCl)cc1)C(=O)O,,,,1.0,
C[C@H]1CN(c2c(F)c(N)c3c(=O)c(C(=O)O)cn(C4CC4)c3c2F)C[C@@H](C)N1,-4.7784066,,,20.0,
NC(=O)OCC(O)COc1ccc(Cl)cc1,,,,,2.59
C=CCNC(=S)Nc1ccccc1,,,,,2.4090000000000003
CCOC(=O)C(SP(=S)(OC)OC)c1ccccc1,,,,,3.4410000000000003
O=[N+]([O-])c1ccc(Oc2c(F)cc(Cl)cc2Cl)cc1,,,,,2.019
CCN(CC)CCCl,,,,,3.902
CN[C@@H]1[C@@H](O)[C@@H](O[C@@H]2[C@@H](O)[C@H](O[C@H]3OC(CN)=CC[C@H]3N)[C@@H](N)C[C@H]2N)OC[C@]1(C)O,,,,2.4,
CCCC1CC(C(=O)NC(C(C)Cl)C2OC(SC)C(OP(=O)(O)O)C(O)C2O)N(C)C1,,,,,2.417
N#CCCOCCC#N,,,,,1.642
CCOP(=S)(Oc1cnn(C)c(=O)c1)OC(C)C,,,,,4.466
CC(CN1c2ccccc2Sc2ccccc21)N(C)C,-3.7777722,,,14.0,
COP(=S)(OC)OC(=CCl)c1ccc(Cl)cc1Cl,,,,,3.4960000000000004
COP(=S)(OC)SC1CCSc2ccccc21,,,,,4.787
COP(=S)(NC(C)C)Oc1ccc(C)cc1[N+](=O)[O-],,,,,2.9930000000000003
CN1CCN(CCC(=O)NN=Cc2ccc([N+](=O)[O-])o2)CC1,,,,,3.013
C=CCc1cc(OC)c(OC(C)C(O)c2cc(OC)c(OC)c(OC)c2)c(OC)c1,-4.5500002,,,,
CCC(=O)OC(=O)CC,,,,,1.742
ClC1(Cl)C2(Cl)C3(Cl)C4(Cl)C(Cl)(Cl)C5(Cl)C3(Cl)C1(Cl)C5(Cl)C24Cl,,,,,3.366
CCOP(=S)(OCC)Oc1cc(Cl)c(SC)cc1Cl,,,,,4.444
Nc1ccc([N+](=O)[O-])cc1[N+](=O)[O-],,,,,2.8080000000000003
COc1ccc2c(c1)c(CC(=O)O)c(C)n2C(=O)C=Cc1ccccc1,,,,,2.589
c1ccc(Cc2ccncc2)cc1,-3.9978395,,,,2.455
CCCc1c(OCc2cccn3c(=O)c(CC(=O)O)cnc23)ccc(C(C)=O)c1O,,,,,2.011
CCCCCCCCCCCC(=O)O,,,,,1.223
Cc1cc(Nc2nc(N[C@@H](C)c3ccc(F)cn3)cnc2C)n[nH]1,,84.0,,,
CC[NH+]1CC2C[NH+](C)CC(C1)C2OC(=O)c1ccc(Cl)cc1,,,9.0,,
Cc1ncc2n1-c1ccc(Cl)cc1C(c1ccccc1F)=NC2,,98.25,1.1,3.1,2.309
CC[C@H]1CN(Cc2cc(Cl)ccc2OCC(=O)O)CCN1S(=O)(=O)c1ccccc1,,99.31,,,
Cc1c(OC2CCN(CC3CCN([C@@](C)(Cc4ccc(F)cc4)C(=O)O)CC3)CC2)ccc(Cl)c1Cl,,96.79,,,
CCOP(=S)(OCC)SCSc1ccc(Cl)cc1,,,,,4.703
Cc1ccsc1C(=CCCN1CCC[C@@H](C(=O)O)C1)c1sccc1C,,94.9,,10.0,
Cn1c(=N)oc2ccc(Cl)cc21,,,,,2.262
CC(C)[C@H](NC(=O)CCN(C)C)c1cccc(F)c1N1CCN(C(=O)[C@H](C)Cc2ccc(Cl)cc2)CC1,-5.0,,,,
CN(CCOc1ccc(CC2SC(=O)[N-]C2=O)cc1)c1ccccn1,,,0.2,,
CCOC=O,,,,,1.6030000000000002
CCCCCCCCCCCl,,,,,-0.3429999999999999
O=C(Nc1cc(F)ccc1F)NC1CC1,,,,,3.145
O=[N+]([O-])c1c(Cl)c(Cl)cc(Cl)c1Cl,,,,,1.541
CC(C)(C)c1cc(C(=O)c2cccs2)cc(C(C)(C)C)c1O,,,,,2.291
C=CN1CCCC1=O,,,,,1.879
Cc1cc(C)c(C)c(Cn2ccc3c(/C=N/NC(=O)c4ccc(O)c(C#N)c4)cccc32)c1C,,96.0,,,
O=NN(CCCC(F)(F)F)CCCC(F)(F)F,,,,,2.55
Cc1ccc(S(=O)(=O)Nc2c(C(=O)N[C@@H](C)C(C)(C)C)c(C)nn2C2CCCC2)cc1,,97.86,,,
CNC(=O)c1cc(OC)n(-c2cccc(Cl)c2)n1,,,,,2.237
CCCCCN(C)N=O,,,,,3.035
O=C1C2CC=CCC2C(=O)N1SC(Cl)(Cl)C(Cl)Cl,,,,,2.145
C=CC[N+]1([C@H]2C[C@H]3[C@@H]4CC[C@H]5C[C@H](O)[C@@H](N6CCOCC6)C[C@]5(C)[C@H]4CC[C@]3(C)[C@H]2OC(C)=O)CCCC1,,,,1.6,
O=c1cc(-c2cccnc2)[nH]c2cc(Cc3ccccc3)ccc12,,99.49,,,
Cc1ccc(CO)cc1N(c1ccnc(Nc2cc(N3CCOCC3)cc(S(C)(=O)=O)c2)n1)C(C)C,,95.91,,,
NC(=O)C1c2ccccc2CCc2ccccc21,,,,,1.995
OCNC(=S)c1c(Cl)cccc1Cl,,,,,2.072
NC(=O)CCCN=C(c1ccc(Cl)cc1)c1cc(F)ccc1O,,,,,2.394
COc1ccccc1Oc1c(NS(=O)(=O)c2ccc(C(C)C)cn2)nc(-c2ccnc(-c3nn[nH]n3)c2)nc1OCCO,,,,3.8,
CCCOC(=O)CC(SP(=O)(OC)OC)C(=O)OCCC,,,,,2.978
CNCCC(Oc1ccc(C(F)(F)F)cc1)c1ccccc1,-4.9299622,95.72,,,2.574
CCCCCCC(C)(C)c1cc(O)c2c(c1)OC(C)(C)C1CC=C(CO)CC21,,,5.06,,
c1coc(OCC2CO2)c1,,,,,2.105
CCC(C)(O)C#CC(C)(O)CC,,,,,2.085
COP(=S)(OC)SCn1nc(Br)ccc1=O,,,,,4.9639999999999995
O=C(NC1(C(=O)N[C@H](Cc2ccccc2)C(=O)NCCCN2CCOCC2)CCCC1)c1ccc(-c2ccccc2)cc1,-4.7399998,,,,
CCC(C)(C)C1(C(C)(C)CC)CO1,,,,,1.44
CCCCCCN,,,,,2.1790000000000003
CC(C)(N1CC1C#N)N1CC1C(N)=O,,,,,1.797
CCCC(C)COC(C)=O,,,,,1.29
CCCCC1(COC(=O)CCC(=O)O)C(=O)N(c2ccccc2)N(c2ccccc2)C1=O,,,,,2.411
CC1CC2C(C(O)CC3(C)C2CCC3(O)C(=O)CO)C2(C)C=CC(=O)C=C12,,,1.2,,
O=C1CCc2cc(C(=O)CCCN3CC=C(c4ccc(Cl)cc4)CC3)ccc2N1,,,,,2.9130000000000003
O=C(Cl)c1cccc(S(=O)(=O)Cl)c1,,,,,2.128
C[C@@H](NC1=CC(=O)CCC1)c1ccc(Nc2ncc3cc(-c4ccncc4)ccc3n2)cc1,,98.64,,,
CO/N=C(/C(=O)N[C@@H]1C(=O)N2C(C(=O)O)=C(CSc3nc(=O)c(=O)[nH]n3C)CS[C@H]12)c1csc(N)n1,-6.604713,,,,
C=CCSc1nnc(CSP(=S)(OC)OC)s1,,,,,2.33
CO[C@H]1CC[C@]2(CC1)Cc1ccc(-c3cc(Cl)cc(C#N)c3)cc1C21N=C(C)C(N)=N1,,97.91,,,
CC1CC(=O)CC(C)O1,,,,,1.5759999999999998
CNC(=O)Oc1cccc2c1OCCO2,,,,,3.22
N#CCCCCC(=O)O,,,,,2.104
Cn1c(N2CCN(CCCN3c4ccccc4Sc4ccc(CCC(=O)O)cc43)CC2)cc(=O)n(C)c1=O,-5.29,,,,
CC(=O)CC(c1ccccc1)c1c([O-])c2ccccc2oc1=O,,,0.13,,
O=[N+]([O-])c1ccc(Cl)cc1,,,,,2.574
CC(=O)CC(=O)Nc1ccc(Cl)cc1C,,,,,1.809
COCCN(c1cccnc1)P(=O)(c1ccccc1)c1ccccc1,,91.28,,,
CCOP(=S)(OCC)SCc1nnc(SC)s1,,,,,3.115
Cc1c(Cl)c(Br)c(Cl)c2[nH]c(C(F)(F)F)nc12,,,,,4.28
C=CC1CCC(C=C)OC1,,,,,1.75
O=c1[nH]c2c(O)ccc([C@@H](O)CNCCSCCCNCCc3cccc(Cl)c3)c2s1,,84.3,,,
CCCCC(C)(C)CO,,,,,1.7719999999999998
C#CC1(OC(N)=O)CCCCC1,,,,,2.7030000000000003
CCOP(=S)(Cl)OC,,,,,2.397
Cc1ncc(NC(=O)c2cc(NC(=O)c3cc(F)cc(Cl)c3)ccc2Cl)s1,,99.6,,,
C[C@](N)(Cc1ccccc1)c1ccccc1,,82.05,,,
Nc1cc(-c2ccncc2)c[nH]c1=O,-4.7544875,,1.3,2.0,3.264
CC(CO)NC(=O)C1C=C2c3cccc4[nH]cc(c34)CC2N(C)C1,-5.1684265,,,,
Cc1c(Sc2ccc(Cl)cc2)c2cc(S(C)(=O)=O)ccc2n1CC(=O)O,,98.73,,,
CC1(C)CC1C(=O)N/C(=C\CCCCSCC([NH3+])C(=O)[O-])C(=O)[O-],,,0.15,,
O=C1C=CC(=O)N1c1cccc(N2C(=O)C=CC2=O)c1,,,,,2.292
C1CN(SSN2CCOCC2)CCO1,,,,,1.74
ClC(Cl)(Cl)c1ccccc1,,,,,1.513
COc1cc(NC(C)CCC[NH3+])c2ncccc2c1,,,4.0,,
Cc1ccc(C(=O)N2CC3CNCC(C2)O3)cc1NC(=O)CC12CC3CC(CC(C3)C1)C2,,71.99,,,
CC(C)C1NC(=O)c2ccccc2O1,,,,,2.014
COCN1C(=O)N(COC)C(=O)C(c2ccccc2)(c2ccccc2)C1=O,-4.4499998,,,,
CC(CC(=O)OC(C)(C)C)NC(=O)C1=NOC(C(O)(C(F)(F)F)C(F)(F)F)C1,,80.65,,,
OCC(Cl)CCl,,,,,3.156
Nc1nc2cc(I)ccc2o1,,,,,2.415
CN[C@@H](C)C(=O)N[C@H](C(=O)N[C@H]1CCCN(CCCc2ccccc2)C1)C1CCCCC1,,66.61,,,
CNC(=O)Oc1cccc2c1OCCC2,,,,,4.015
O=c1[nH]c(=O)n(Cl)c(=O)n1Cl,,,,,2.227
CCS(=O)(=O)CCOP(=S)(OC)OC,,,,,2.72
O=[N+]([O-])c1cc(C2CCCCC2)c(O)c([N+](=O)[O-])c1,,,,,3.612
CCC(C(=O)O)c1ccc(CC(C)C)cc1,,,,,2.139
CN(C)C(=S)SSC(=S)N(C)C,,,,,2.633
CCOP(=O)(OCC)N(C)c1ccccc1,,,,,3.773
CCSc1nnc(CSP(=O)(OC)OC)s1,,,,,2.592
COP1(=S)OCc2ccccc2O1,,,,,3.326
CC1=C(C(=O)OCc2ccccc2)C(c2cccs2)NC(=O)N1,,97.32,,,
CC(C)[NH+](CCC(C(N)=O)(c1ccccc1)c1ccccn1)C(C)C,,,0.52,,
CCCc1c(OCCCCc2nnn[nH]2)ccc(C(C)=O)c1O,,,,,2.69
CC(C)C(Br)C(=O)OCC(Br)(Br)Br,,,,,1.95
O=C1CN2CCOC2(c2ccccc2Cl)c2cc(Cl)ccc2N1,,,,,2.293
O=C(NCC12CC3CC(CC(C3)C1)C2)c1cc(O[C@@H]2CCCNC2)ccc1Cl,,94.56,,,
NCCNCCNCCNCCN,,,,,1.676
COc1c(OCc2ccc(-c3ccccc3-c3nnn[nH]3)cc2)cc(C)nc1C,,,,,2.287
c1ccc([Si]23OCCN(CCO2)CCO3)cc1,,,,,5.23
Cc1cccc(C)c1NC(=O)CN1CCCC1=O,,,,,2.319
CCCCN=C=O,,,,,2.218
CN(C)c1cc(NC(=O)Nc2cccc(Cl)c2)c2ccccc2n1,,99.86,,,
CC1=CC(C)(C)Nc2ccccc21,,,,,1.938
CC(C(=O)O)c1ccc2c(c1)N(CCCN1CCCN(C3CC(=O)N(C)C(=O)N3C)CC1)c1ccccc1CO2,-5.7199998,,,,
CC(=CC(=O)OCCCCCCCCC(=O)O)CC1OCC(CC2OC2C(C)C(C)O)C(O)C1O,,,,,2.001
CCOC(=O)NC(=N)c1ccc2nc(Cc3nc4ccccc4[nH]3)[nH]c2c1,-6.152451,,,,
CCCCCCCCCC(=O)OCCOCCOCCOC(=O)CCCCCCCCC,,,,,1.789
COCCC(=O)N[C@H](C)c1ccc(Nc2ncc3cc(-c4ccncc4)ccc3n2)cc1,,98.17,,,
c1cc(CC2CO2)c(OCC2CO2)c(CC2CO2)c1,,,,,2.209
O=Cc1ccc(O)cc1,,,,,1.735
CN1C(C(=O)Nc2ccccn2)=C(O)c2sc(Cl)cc2S1(=O)=O,,,,,4.812
CS(=O)(=O)F,,,,,4.691
CC(COc1ccccc1)N(CCCl)Cc1ccccc1,,,,,2.085
CC(=O)NC(C(=O)NC1C(=O)N2C(C(=O)O)=C(C)CSC12)c1ccccc1,-6.630000099999998,,,,
Fc1cc(F)c2nc(C(F)(F)F)[nH]c2c1,,,,,4.95
Cc1cc(Nc2cnc(C#N)c(N[C@@H](C)c3ncc(F)cn3)n2)n[nH]1,,81.36,,,
COC(=O)C(C)C,,,,,0.805
COc1ccc2cc(C(C)C(=O)OCC(O)CO)ccc2c1,,,,,2.271
CNC(=O)OC1CC(C)CCC1C(C)C,,,,,2.931
CN1C(C(=O)Nc2ccccn2)=C(O)c2ccccc2S1(=O)=O,-4.4490995,,,,3.1860000000000004
Cc1cn([C@H]2CCCN(S(=O)(=O)c3ccc(O)c(Oc4cccc(Br)c4)c3)C2)c(=O)[nH]c1=O,,98.61,,,
CCN(C(=O)NCc1ccc(S(C)(=O)=O)cc1)C1CCN(CCC(c2ccccc2)c2ccccc2)CC1,,67.12,,,
CN(C)N(C)N=O,,,,,3.036
Cc1cc(C(=O)Nc2ccc(-c3ccccc3S(C)(=O)=O)cc2)n(-c2cccc(CN)c2)n1,-5.9000001,,,,
COC(=O)c1ccc(O)cc1,-4.46,,,,
Nc1ccc(F)c([N+](=O)[O-])c1,,,,,2.1519999999999997
O=Cc1ccco1,,,,,3.17
ClC1=C(Cl)C2(Cl)C3C(Br)C=CC3C1(Cl)C2(Cl)Cl,,,,,2.6039999999999996
COc1ccc(OC)c2[nH]c(C(F)(F)F)nc12,,,,,3.613
Nc1cc2c(S(=O)(=O)O)cc(S(=O)(=O)O)cc2cc1S(=O)(=O)O,,,,,1.47
C=CCC1CC(=O)OC1=O,,,,,2.117
O=P(c1ccccc1)(c1ccccc1)N(Cc1ccccn1)c1cccnc1,,97.66,,,
CCC(C)CC(C)CCCCCCCCC(=O)N[C@H]1C[C@@H](O)[C@@H](NCCN)NC(=O)[C@@H]2[C@@H](O)CCN2C(=O)[C@H]([C@H](O)CCN)NC(=O)[C@H]([C@H](O)[C@@H](O)c2ccc(O)cc2)NC(=O)[C@@H]2C[C@@H](O)CN2C(=O)[C@H]([C@@H](C)O)NC1=O,,,,27.0,
CCC(C)O,,,,,1.058
CCS(=O)(=O)CCSP(=O)(OC)OC,,,,,3.908
O=[N+]([O-])c1ccc(OP(=O)(OCCCl)OCCCl)cc1,,,,,3.968
Cc1ccc(S(=O)(=O)Nc2c(C(=O)N[C@@H](C)C(C)(C)C)c(C)nn2C2CCSCC2)cc1,,94.68,,,
FC(F)(F)c1nc2cc(Cl)c(Cl)cc2[nH]1,,,,,4.51
COc1cc2nc(N3CCN(C(=O)c4occc4Cl)CC3)nc(N)c2cc1OC,-4.8899999,,,,
CCCCc1nc(Cl)c(CO)n1Cc1ccc(-c2ccccc2-c2nnn[n-]2)cc1,,,0.37,,
CC1(C)Cc2cccc(OC(=O)NCSc3ccc(Br)cc3)c2O1,,,,,4.213
CC1(C2CCC3(C)OC3C2)CO1,,,,,1.475
COCC1CO1,,,,,2.2840000000000003
COc1c(Cl)c(Cl)c(OC)c2[nH]c(C(F)(F)F)nc12,,,,,3.498
O=C(O)Cc1cc(O)ccc1Nc1c(Cl)cccc1Cl,,,,,2.339
O=C(NCc1ccc(OC(F)(F)F)cc1)C1c2ccccc2C(=O)N1C1CCOCC1,,90.52,,,
C1CN1P1(N2CC2)=NP(N2CC2)(N2CC2)=NP(N2CC2)(N2CC2)=N1,,,,,3.597
O=C(Nc1cccc(C(F)(F)F)c1)c1nscc1NCc1ccnc2ccccc12,-5.5700002,,,,
CN(C)CCOCCOCCN(C)C,,,,,1.859
O=C(O)C(c1ccccc1)c1ccccc1,,,,,1.5830000000000002
OCCN(CCO)c1nc(N2CCCCC2)c2nc(N(CCO)CCO)ncc2n1,,,,,2.148
CC1(C)SC2C(NC(=O)C(NC(=O)NC(N)=[NH2+])c3ccccc3)C(=O)N2C1C(=O)[O-],,,0.24,,
Cc1ncc(CO)c(C=NNC(=O)c2ccncc2)c1O,,,,,1.758
COc1ccccc1OC(=O)C(C)c1ccc(CC(C)C)cc1,,,,,2.18
OCCOCCOCCOCCOc1ccccc1,,,,,2.332
O=C1CCCCCS1,,,,,2.336
CCN1CCCc2ccccc21,,,,,1.958
O=C1NC(c2ccccc2)(c2ccccc2)C(=O)N1COP(=O)([O-])[O-],,,0.06,,
Cc1ccc(S(=O)(=O)Nc2c(C(=O)N[C@@H](C)C(C)(C)C)c(C)nn2C2CCOCC2)cc1,,79.17,,,
O=C1CN=C(c2ccccc2)c2cc([N+](=O)[O-])ccc2N1,,,1.7,26.0,2.533
CS(=O)(=O)Nc1ccc2[nH]c(Cc3ccc(Oc4ccccc4)cc3)nc2c1,,99.45,,,
CC/C=C(\C(=O)N[C@@H]1C(=O)N2C(C(=O)OCOC(=O)C(C)(C)C)=C(COC(N)=O)CS[C@H]12)c1csc(N)n1.Cl.O,-5.1100001,,,,
COC(=O)[C@H](c1ccccc1Cl)N1CCc2sccc2C1,,98.64,,,
CC1CNCCN1,,,,,1.693
CN[C@@H](C)Cc1ccccc1,,,,12.0,
NCc1cccc(Cc2ncccn2)c1,-4.5968795,,,,
CN(C)c1ncnc2c1ncn2CC1CC1,,,,,2.5810000000000004
CC(C)Nc1ccccc1,,,,,2.383
CCOCc1cnc(C)nc1N,,,,,2.062
ClC1C(Cl)C(Cl)C(Cl)C(Cl)C1Cl,,,,,3.583
CS(=O)(=O)Oc1ccc(Cl)cc1Cl,,,,,1.936
CCCN(CCC)C(=O)C(CCC(=O)O)NC(=O)c1ccccc1,,,,,1.223
CCOP(=O)(NC(=S)Nc1ccccc1NC(=O)NS(=O)(=O)c1ccc(C)cc1)OCC,,,,,3.596
CC1=C(C(=O)Nc2ccccc2)S(=O)(=O)CCO1,,,,,2.126
CCCCOP(=O)(CC)SCCCC,,,,,4.592
CCCCCCc1nc2c(N)nc3ccccc3c2n1Cc1ccccc1,,99.64,,,
CCCCC(CC)COC(C)=O,,,,,1.759
CCOC(=O)C1=C(C)NC(C)=C(C(=O)OC)C1c1cccc2c1OCO2,,,,,2.514
CC(=O)NC1CC2CCCC(C1)N2C(=O)Nc1ccc(Cl)c(C(F)(F)F)c1,,97.91,,,
Nc1cnn(-c2ccccc2)c(=O)c1Cl,,,,,2.535
CC1=C2C(=O)OC(c3ccoc3)C2(C)CCC1,,,,,2.928
O=C1c2ccccc2N(C(=O)CN2CCOCC2)CN1c1ccccc1,,,,,2.199
O=C(Nc1c(Cl)cncc1Cl)c1ccc(OC(F)F)c(OCC2CC2)c1,,99.5,1.92,,
O=C([O-])C1/C(=C/CO)OC2CC(=O)N21,,,0.22,,
CP(=S)(OCCCCCl)Oc1ccc([N+](=O)[O-])c(C(F)(F)F)c1,,,,,3.695
FC(F)(F)c1nc2c(Br)c(Br)c(Cl)c(Br)c2[nH]1,,,,,4.74
OC(c1ccc(Cl)cc1)(c1ccc(Cl)cc1)c1cccnc1,,,,,1.82
CC(=O)C=Cc1ccc(-c2ccccc2)cc1,,,,,1.999
CC(=O)OOC(C)(C)C,,,,,2.292
Nc1ccc(-c2ccccc2N)cc1,,,,,2.773
O=C(Nc1ccc(C(F)(F)F)c(Cl)c1)c1ccnn1CCc1ccncc1,-5.3400002,,,,
CCCCOCCOCCOCCOCCOCCCC,,,,,1.673
O=C(Nc1cccc(CCO)c1)c1cc2cc(Cl)ccc2[nH]1,,99.26,,,
Cc1cccc(C(C)C)c1,,,,,1.655
CCCCNc1ccccc1,,,,,1.964
CC(=O)OCCOc1ccccc1,,,,,1.52
O=C(Nc1ccccn1)NC1CCCCC1,,,,,2.04
CC(C)=CCOC(=O)c1ccccc1,,,,,1.607
C=CCc1ccccc1,,,,,1.329
Cc1cc(Cl)ccc1N,,,,,2.127
O=C1C(Cl)=C(Cl)C(=O)C(Cl)=C1Cl,,,,,1.789
COc1cccc2c1C(=N)c1c(O)c3c(c(O)c1C2=O)C[C@@](O)(C(=O)CO)C[C@@H]3O[C@H]1C[C@H](N)[C@H](O)[C@H](C)O1,,,15.45,,
CN(C)CC#N,,,,,3.2260000000000004
CC(C=CC=C(C)C(=O)OC1OC(COC2OC(CO)C(O)C(O)C2O)C(O)C(O)C1O)=CC=CC=C(C)C=CC=C(C)C(=O)OC1OC(COC2OC(CO)C(O)C(O)C2O)C(O)C(O)C1O,,,,,2.49
c1ccc(C(N2CCOCC2)N2CCOCC2)cc1,,,,,1.715
CCCCCCCCCCCO,,,,,1.759
O=C1CCc2cc(C=CCCN3CCN(c4ccccc4)CC3)ccc2N1,,,,,2.859
O=C(NCCN1CCOCC1)c1ccc(Cl)cc1,,,1.1,1.5,2.58
CN1CCCCC1CCN1c2ccccc2Sc2ccc(S(C)=O)cc21,,,,,2.778
O=C(O)CCCCCCI,,,,,2.0580000000000003
CC1=C(CC(=O)O)c2cc(F)ccc2C1=Cc1ccc(S(C)=O)cc1,,,,,3.13
O=C([O-])CC(NC(=O)CP(=O)([O-])O)C(=O)[O-],,,0.33,,
O=C(O)C[C@H](NC(=O)[C@@H]1CCCN(C(=O)CCC2CCNCC2)C1)c1cccnc1,-6.21,,,,
COC(=O)Nc1nc2ccccc2n1C(=O)NCCCCCC#N,,,,,2.12
CN1CN(CCO)CSC1=S,,,,,2.2840000000000003
CN(C)CCN,,,,,1.89
Nc1nc(N)nc(N)n1,,,,,1.601
COP(=S)(OC)SCSc1ccccc1,,,,,4.244
CC1(C)CNc2cc(NC(=O)c3cccnc3NCc3ccncc3)ccc21,-5.489058,,,,
N#CC1=C2C(=NC1=O)c1cccc3c(N4CCSCC4)ccc2c13,,98.61,,,
CNC(=O)ON=C(CS(C)(=O)=O)C(C)(C)C,,,,,5.12
O=C1COc2ccc(CNC3CCN(CCN4C(=O)COc5ccc(F)cc54)CC3)nc2N1,,83.04,,,
CCc1c2c(nc3ccc(OC(=O)N4CCC([NH+]5CCCCC5)CC4)cc13)-c1cc3c(c(=O)n1C2)COC(=O)C3(O)CC,,,3.5,,
CC(C)(C)O,,,,,1.3259999999999998
COCCCNc1nc(NC(C)C)nc(SC)n1,,,,,1.735
O=C(C=Cc1ccccc1)OCc1ccccc1,,,,,1.634
[NH3+]CCNc1ccc(NCC[NH3+])c2c1C(=O)c1ccncc1C2=O,,,10.1,,
CCC(=O)Nc1ccc(Cl)c(Cl)c1,,,,,2.7739999999999996
O=C(O)[C@@H](c1ccccc1)N1CCC(CN2CCC(Oc3ccc(Cl)c(Cl)c3)CC2)CC1,,83.37,,,
CC(C)(C)[NH2+]CC(O)c1ccc(O)c(CO)c1,,,1.9,,
CCC1CN2CCC1CC2[C@@H](O)c1ccnc2ccc(OC)cc12,,,,5.7,
CCCCOC(=O)c1ccc(O)cc1,-4.4899998,,,,
Cc1nccc2c1[nH]c1cc(O)ccc12,-5.3022589999999985,,,,
ClC=C(Cl)CCl,,,,,2.373
C=CCN(CC=C)N=O,,,,,2.198
COc1ccc2c(O[C@@H]3C[C@H]4C(=O)N[C@]5(C(=O)NS(=O)(=O)C6CC6)C[C@H]5/C=C\CCCCN(C)C(=O)[C@@H]4C3)nc(-c3ccccc3)nc2c1C,-4.8899999,,,,
CC1(C)S[C@H]2[C@@H](NC(=O)Cc3ccccc3)C(=O)N2[C@@H]1C(=O)O,-5.8697934,,,,
CN(N=O)C1CCS(=O)(=O)C1,,,,,2.376
CCCCOC(=O)C(Cl)(Cl)C(Cl)=C(Cl)Cl,,,,,2.177
Clc1ccc(SN=Nc2cc(Cl)c(Cl)cc2Cl)cc1,,,,,1.945
O=S(=O)(O)c1ccc2cc(Nc3cccc4c(O)c(S(=O)(=O)O)ccc34)ccc2c1O,,,,,1.6230000000000002
Cc1cc(=O)n(-c2ccccc2)n1C,,19.35,0.77,12.0,2.043
CC(=O)Nc1cccc(-n2c(=O)n(C3CC3)c(=O)c3c(Nc4ccc(I)cc4F)n(C)c(=O)c(C)c32)c1,,99.05,13.94,,
CN(C)CCCO,,,,,1.685
Clc1ccc2c(c1)N=C(N1CCNCC1)c1ccccc1N2,-4.6799998,,,,
CCCCCCCCN1CCCC1=O,,,,,1.983
O=C(CO)Nc1ccccc1,,,,,1.949
CCCN(CCC)c1c([N+](=O)[O-])cc(S(N)(=O)=O)cc1[N+](=O)[O-],,,,,1.54
CC1=CC(=O)OC1=O,,,,,1.635
CNC(C)CC1CCCCC1,,,,,3.272
CC(c1ccc(Cl)c(Cl)c1)N1N=C(N)CC1=O,,,,,2.242
CCCCCOC(CBr)c1ccc(C2CCCC2)cc1,,,,,3.133
O=C1C=CC(=O)N1c1c(F)c(F)c(F)c(N2C(=O)C=CC2=O)c1F,,,,,2.209
CC1(CCCc2cc(=O)oc3[nH]c(=O)[nH]c(=O)c23)CC1,,98.51,,,
Fc1cc(Cl)c2nc(C(F)(F)F)[nH]c2c1,,,,,5.08
CNC(=O)ON=C1C2CCC(C2)C1(C)[N+](=O)[O-],,,,,4.002
CC(C)(C)c1cc(O)ccc1O,,,,,2.376
CNC(=O)[C@@H](Cc1ccccc1)NC(=O)[C@@H](Cc1ccccc1)NC(C)=O,-5.0499268,,,,
CNC(=O)ON=CC(C)(C)S(C)=O,,,,,4.992
CC(=O)C1(C)C(C)(C)c2ccc(C)cc2C1(C)C,,,,,2.158
Cc1cc(O)c(C(C)(C)C)cc1C,,,,,2.238
CC(NC(=Nc1ccncc1)NC#N)C(C)(C)C,,,,,3.068
CCOP(=O)(OCC)SCc1nnc(CC)o1,,,,,4.415
COP(=S)(OC)SCn1nnc2ccccc2c1=O,,,,,4.656000000000001
Cc1cc(NC(=O)c2ccccc2O)n(-c2ccccc2)n1,,,,,2.346
C[Si](Cn1cncn1)(c1ccc(F)cc1)c1ccc(F)cc1,,,,,2.67
Nc1nc2c(ncn2C2[C@@H](CO)C[C@@H]2CO)c(=O)[nH]1,-6.0599999,,,,
O=c1[nH]c(=O)n(C2CCCO2)cc1F,,,,,2.333
CCOP(=O)(OCC)SCC(=O)NC(C)(C)C#N,,,,,4.925
Nc1ccc(OCCc2ccccc2)cc1,,96.57,,,
Cc1nc(N)cc(SCc2ccc[n+]([O-])c2)n1,,,,,2.053
CNC(=O)Oc1cccc2c1OC(C)C2,,,,,3.683
NCCN1CCNCC1,,,,,1.781
C[C@@H](N/C(=N\c1ccncc1)NC#N)C(C)(C)C,,,1.1,,
CCC(C)Cn1c(=O)n(C)c(=O)c2[nH]c(C)nc21,,,,,3.451
CC(C)=CC[NH+]1CCC2(C)c3cc(O)ccc3CC1C2C,,,3.4,,
CC(=O)OC(C)OC(=O)N1CCC(N2CCN(CC(=O)c3ccc(OCC(=O)OC4CCOCC4)cc3)C(=O)C2)CC1,-4.5100002,,,,
CCCC[NH+]1CCCCC1C(=O)Nc1c(C)cccc1C,,,0.49,,
CCN1CCN(C(=O)NC(C(=O)NC2C(=O)N3C2SC(C)(C)C3C(=O)[O-])c2ccccc2)C(=O)C1=O,,,0.27,,
Nc1ccn(C[C@@H](CO)OCP(=O)(O)O)c(=O)n1,,,,2.6,
CCCCCC/C=C\CCCCCCCCCC(=O)N[C@H]1[C@H](OC[C@H]2O[C@H](OP(=O)(O)O)[C@H](NC(=O)CC(=O)CCCCCCCCCCC)[C@@H](OCCCCCCCCCC)[C@@H]2O)O[C@H](COC)[C@@H](OP(=O)(O)O)[C@@H]1OCC[C@@H](CCCCCCC)OC,,,,51.0,
C[C@H]1CN(Cc2cc(Cl)ccc2OCC(=O)O)CCN1C(=O)Cc1ccccc1,,97.38,,,
COP(=O)(Oc1ccccc1)OC(Br)C(Cl)(Cl)Br,,,,,2.947
NC1CC1,,,,,2.108
CCCC(=O)c1ccc(N)cc1,,,,,3.2880000000000003
Cc1cc(C(=O)Nc2ccc(-c3ccccc3S(N)(=O)=O)cc2F)n(-c2cccc(CN)c2)n1,-6.0,,,,
Cc1c(N)nc(C)c2c1[nH]c1ccccc12,,,,,3.325
CCOP(=S)(Oc1ccc([N+](=O)[O-])cc1)Oc1ccc([N+](=O)[O-])cc1,,,,,3.759
COc1ccc2c(c1)c(CC(=O)Oc1ccccc1C(=O)Oc1ccccc1C(=O)O)c(C)n2C(=O)c1ccc(Cl)cc1,,,,,3.977
CC(C)(C)C(=O)CC#N,,,,,2.6460000000000004
CCN(CC)C(=O)CC(C)=Cc1ccccc1,,,,,2.003
CC1CC=C(C(C)C)CC1,,,,,0.818
CC(C)[C@H](NC(=O)C[C@H](NC(=O)/C=C/c1ccccc1)c1ccccc1)C(=O)[C@@H]1C(=O)NC(=O)[C@H]1C,,98.4,,,
CC(C)(O)C#N,,,,,3.659
O=c1oc2ccccc2c(O)c1C1CCCc2ccccc21,,,,,4.0680000000000005
CC(C)CCP(CCC(C)C)CCC(C)C,,,,,2.039
CC(c1ccccc1)N(C)N=O,,,,,2.437
COc1c(Cl)cc(Cl)c(Cl)c1C(=O)O,,,,,2.93
Cc1ccc(N)nc1,,,,,2.733
CC(C)NC(=O)OCC(O)C1COc2ccccc2O1,,,,,2.273
CCOC(=O)C1CC(=O)C(=C(O)C2CC2)C(=O)C1,,,,,1.753
CC1=NOC(=O)C1=NNc1ccccc1Cl,,,,,3.276
COC(=O)C=C(CC(=O)OC)OP(=O)(OC)OC,,,,,3.959
CCCCC(O)CCOC(C)=O,,,,,1.319
CCC(OC(C)=O)C(CC(C)[NH+](C)C)(c1ccccc1)c1ccccc1,,,8.3,,
CCCC(=O)OCN(C)N=O,,,,,2.301
CNC(=O)[C@H](Cc1ccccc1)N(C)C(=O)[C@@H](Cc1ccccc1)N(C)C(=O)[C@H](Cc1ccccc1)N(C)C(C)=O,-4.494889700000001,,,,
CC1C2Cc3ccc(O)cc3C1(C)CCN2CCc1ccccc1,,,,,3.553
CCOC(=O)N1CCC(CN(C2Cc3cc(C#N)ccc3N(Cc3cncn3C)C2)S(=O)(=O)c2ccccn2)CC1,-5.5875134000000015,,,,
Cc1ccccc1N=NN(C)C,,,,,2.6689999999999996
O=C(O)CCC(NC(=O)COc1ccc(Cl)cc1Cl)C(=O)O,,,,,2.59
N=C(N)NC(=O)c1nc(Cl)c(N)nc1N,-6.251812,27.09,,,
O=C(O)CC(C1CCN(C(=O)CCCc2ccc3c(n2)NCCC3)CC1)C1CNc2ccccc2C1,-5.2199998,,,,
C=COC(=O)C=CC,,,,,1.237
Cc1oc(-c2ccccc2)cc1C(=O)Nc1cccc(C(=O)O)c1,,99.8,,,
ClCCCBr,,,,,2.229
CCCCCCC(C=O)=Cc1ccccc1,,,,,1.844
CCC[C@@H](CNC(=O)c1nc(Cl)c(N)nc1N)[N+](C)(C)CCCc1ccc(OC)cc1,,48.85,,,
CC1OC(n2cc(F)c(=O)[nH]c2=O)C(O)C1O,,,0.28,,1.861
CC(=O)ON(C(=O)OC(C)C)c1ccccc1,,,,,1.844
CCOP(=O)(OCC)SC1CS(=O)CC1Cl,,,,,4.144
CO[C@H](CCC(C)C)[C@](C)(O)[C@H]1CC[C@@]2(O)C3=CC(=O)[C@@H]4C[C@@H](O)[C@@H](O)C[C@@]4(C)C3CC[C@]12C,-4.579999900000002,,,,
CCCCC(CC)COC(=O)CS,,,,,2.8289999999999997
CCOC(=S)SCC#N,,,,,2.885
CC=CC=CC=O,,,,,2.506
Nc1ccn(C2OC(CO)C(O)C2(F)F)c(=O)n1,,,1.5,,
CCOc1ccccc1N1CCN(CCC=Cc2ccc3c(c2)CCC(=O)N3)CC1,,,,,2.909
O=S(=O)(c1ccc(Cl)cc1)c1cc(Cl)c(Cl)cc1Cl,,,,,2.799
Nc1cc(N)cc(C(F)(F)F)c1,,,,,2.6660000000000004
CC[NH2+]CC(O)c1cccc(O)c1,,,2.1,,
C[C@@H]1NC(=O)[C@@H](C)NC(=O)[C@H](C)NC(=O)[C@@H](C)NC(=O)[C@@H](C)N(C)C(=O)[C@H](C)NC1=O,-5.8200002,,,,
CC(=O)c1cccc2ccccc12,,,,,2.0380000000000003
COc1cc(Nc2cc(N3CCOCC3)nc(N[C@@H](C)c3ncc(F)cn3)n2)n[nH]1,,72.45,,,
[NH3+]C1C2CN(c3nc4c(cc3F)c(=O)c(C(=O)[O-])cn4-c3ccc(F)cc3F)CC12,,,1.3,,
COCN(C)N=O,,,,,2.1719999999999997
NS(=O)(=O)c1ccccc1,,,,,2.2
O=C1C(Cl)=C(NC(=O)C(Cl)Cl)C(=O)c2ccccc21,,,,,1.435
CCNC(=O)C[C@@H]1N=C(c2ccc(Cl)cc2)c2cc(OC)ccc2-n2c(C)nnc21,,75.97,,,
CCOP(=S)(OCC)OC(C)C,,,,,2.327
OCCCS,,,,,2.9
CC1(C)CCOCO1,,,,,1.493
Cc1ccc(C)c(OCCCC(C)(C)C(=O)O)c1,,99.77,,,1.719
CCOP(=S)(OCC)SCS(=O)CC,,,,,5.14
CC(C)[NH2+]CC(O)c1ccc(O)c(O)c1,,,1.5,,
O=NN(CCCl)C(=O)NCCS(=O)(=O)NCc1ccccc1,,,,,3.145
C[NH+](C)CCOC1(c2ccccc2)CC2CCC1(C)C2(C)C,,,7.7,,
O=c1c2cc(-c3ccc(Cl)cc3)oc2ccn1-c1ccc2c(cnn2CCN2CCCC2)c1,,99.34,,,
NC(=O)C1CCC2CN1C(=O)N2OS(=O)(=O)[O-],,,0.24,,
CCC[C@H](c1ccc(C(=O)O)c(Oc2cccc(Cl)c2)c1)N1CCC[C@H](n2cc(C)c(=O)[nH]c2=O)C1,,98.81,,,
N#CCc1ccc(Cl)cc1,,,,,3.482
CC(=O)NCC1CN(c2ccc(C(C)=O)cc2)C(=O)O1,-4.5900002,,,,
Sc1ncnc2nc[nH]c12,,,,1.0,
CCNC1CC(N)C(OC2OC(C[NH3+])=CCC2[NH3+])C(O)C1OC1OCC(C)(O)C([NH2+]C)C1O,,,0.07,,
CNC(=O)Oc1cc(C)c(C)cc1Cl,,,,,3.853
CCC1(CC)C(=O)C=CN(CN2CCNCC2)C1=O,,,,,2.2969999999999997
CNC(=O)[C@H](NC(=O)[C@](O)(Cc1ccccc1)CN(Cc1ccc(Br)cc1)NC(=O)[C@H](CC(=O)OC)C(C)(C)C)C(C)(C)C,-5.5999999,,,,
COc1cc(C)ccc1S(=O)(=O)NC(=O)C(c1ccc2c(c1)OCO2)c1cn(C)c2cc(F)ccc12,-4.6994848,,,,
O=C(Cl)c1ccccc1,,,,,1.869
C=CCc1ccc(O)c(OC)c1,,,,,1.93
O=c1nc[nH]c2c1ccn2C1OC(CO)C(O)C1O,,,,,4.012
CC(c1ccccc1)c1ccccc1CCl,,,,,1.6909999999999998
CN(C)C(=O)Nc1ccc(SC(F)(F)Cl)c(Cl)c1,,,,,2.972
Nc1cccc(-n2ccccc2=O)c1,,,,,1.908
CC1=CCC(C(C)C)C=C1,,,,,1.378
CC(C)=CC(C)(C)COC(=O)C(C)C,,,,,1.578
CCCN(CCC)C(=O)SCc1ccccc1,,,,,2.14
CCCCC(CC)CCC(C)N,,,,,2.37
COc1cccc2c1C(=O)c1c(O)c3c(c(O)c1C2=O)CC(O)(C(=O)CO)CC3OC1CC([NH3+])C(O)C(C)O1,,,45.0,,
CCCCC(CC)COP(=O)(O)OCC(CC)CCCC,,,,,1.815
O=C(NN=C1SCCS1)c1ccccc1,,,,,3.515
CCC(C)C(=O)O,,,,,1.766
CC[C@H](CO)Nc1nc(SCc2cccc(F)c2F)nc2nc(NC(C)C)sc12,,99.6,,,
CC(C)[NH+](CCC(c1ccccc1)c1cc(CO)ccc1O)C(C)C,,,2.41,,
CC(Cn1cnc2c(N)ncnc21)OCP(=O)([O-])[O-],,,0.83,,
OCCCCCCO,,,,,1.501
CCOP(=O)(OCC)SCn1nc(Cl)ccc1=O,,,,,4.796
CC(C)(C)c1ccc(OCC(O)COc2ccc(C(=O)O)cc2)cc1,,,,,2.157
C[C@H]1CN(C(=O)N[C@H](Cc2ccc(F)cc2)C(=O)N2CCC(C(=O)NC(C)(C)C)(C3CCCCC3)CC2)C[C@@H](C)N1,,92.32,,,
CC(CCc1ccccc1)[NH2+]CC(O)c1ccc(O)c(C(N)=O)c1,,,4.8,,
CCCc1ccc(C)cc1O,,,,,2.313
COc1ccc(C(O)(c2cncnc2)C2CC2)cc1,,,,,1.756
NCCOCNc1ccccc1,,,,,5.425
CC(=O)Nc1ccc2c(c1)sc1ccccc12,,,,,2.305
CC(C)Oc1cccc(NC(=O)c2ccccc2C(F)(F)F)c1,,,,,1.51
CC(C)COC(=O)c1ccccc1O,,,,,2.095
CCOC(=O)c1ccc(C#Cc2ccc3c(c2)C(C)(C)CCS3)nc1,,,3.55,,
O=c1c2ccccc2c2ccc3c4c(ccc1c24)c1ccc2c(=O)c4ccccc4c4nn3c1c24,,,,,1.507
CO[Si](C)(OC)c1ccccc1,,,,,2.31
CCC(Cl)(CC)C(=O)OCC(Cl)(Cl)Cl,,,,,2.149
CCCCCC=O,,,,,1.311
CN(C)CCCNc1c2ccccc2nc2cccc([N+](=O)[O-])c12,,,,,4.101
CCOC(=S)C=Cc1ccc(OC)c(OC)c1,,,,,2.411
CC(C)COC(=O)CC#N,,,,,1.495
Cc1cn([C@H]2CCCN(S(=O)(=O)c3ccc(O)c(Oc4ccccc4)c3)C2)c(=O)[nH]c1=O,,93.8,,,
FC(F)=C(F)c1ccccc1,,,,,1.801
CC(C)=CCN(CC=C(C)C)CCC(CC=C(C)C)(C(N)=O)c1cccc2ccccc12,,,,,3.1839999999999997
C[C@@H]1C[C@H]2[C@@H]3CCC4=CC(=O)C=C[C@]4(C)[C@@]3(F)[C@@H](O)C[C@]2(C)[C@@]1(O)C(=O)CO[C@H]1O[C@@H](C(=O)O)[C@H](O)[C@@H](O)[C@@H]1O,-6.119999900000002,,,,
CC(=O)NC(Cc1c[nH]c2ccccc12)C(=O)O,,,,,1.215
CC=CC=CCO,,,,,1.722
O=C=NCCOC(=O)C1C2C=CC(C2)C1C(=O)OCCN=C=O,,,,,1.151
O=C=NCC1CCC(CN=C=O)CC1,,,,,2.084
CCC(=O)CC(C)CC,,,,,1.564
O=C(Nc1ccc(Cl)c(Cl)c1)c1cc(Cl)cc(Cl)c1O,,,,,3.16
CNC(=O)Oc1cc(C(C)C)c(OC(=O)NC)cc1C,,,,,3.67
N#CCCC[Si](Cl)(Cl)Cl,,,,,1.855
Cc1ccc(N=CN(C)C=Nc2ccc(C)cc2C)c(C)c1,,,,,2.865
CCOP(=S)(OCC)SCn1ncccc1=O,,,,,5.071000000000001
Cc1c(C(C)C)c(=O)n(-c2ccccc2)n1C,,,,,2.428
NS(=O)(=O)c1cc(Cl)c(Cl)c(S(N)(=O)=O)c1,,,,,2.07
CCOP(=S)(OCC)SCn1nc(-c2ccccc2)ccc1=O,,,,,2.824
COc1ccc([C@]2(O)CC[C@H](N3CC[C@@H](NC(=O)CNC(=O)c4cccc(C(F)(F)F)c4)C3)CC2)cn1,,78.79,,,
COP(=S)(Oc1ccc([N+](=O)[O-])cc1)OC(C)C,,,,,4.765
CO[Si](CCl)(OC)OC,,,,,2.533
COc1cc(OC)c(S(=O)(=O)N(c2ccccc2)C(C)C)cc1NC(C)=O,,99.5,,,
Cc1nccn1CC1CCc2c(c3ccccc3n2C)C1=O,,,,3.4,
CCOc1ccc(F)cc1C(CN(C)C)C(C)CC,,,,,2.917
COc1cc2c3c(c1O)C1(C=CC(=O)C=C1)CC3N(C)CC2,,,,,2.733
CCCC(=O)OC(Cl)C(Cl)(Cl)Cl,,,,,2.234
CC1CC=CC=CC=CC=CC(OC2OC(C)C(O)C(N)C2O)CC2OC(O)(CC(O)CC3OC3C=CC(=O)O1)CC(O)C2C(=O)O,,,,,2.387
CCOP(=O)(Oc1cnn(C)c(=O)c1OC)SC(C)C,,,,,3.809
CN1CN(CC(=O)O)CSC1=S,,,,,2.314
COc1ccnc(CCc2nc3cc(Br)cnc3[nH]2)c1,,95.91,,,
CC(C)(C)c1ccc(C(O)CCCN2CCC(C(O)(c3ccccc3)c3ccccc3)CC2)cc1,-5.2600002,99.16,,,1.975
ClCCOCOCCCl,,,,,3.425
COc1ccc2c(C)nc(NC(=N)N)nc2c1,,78.79,,,
CCc1ccccc1N,,,,,1.983
CN(C)c1ccc(C=C2C(=O)N=C3c4ccccc4N=CN23)cc1,,,,,2.95
COC(OC)c1ccccc1[N+](=O)[O-],,,,,1.761
NC(N)=N/N=C/c1c(Cl)cccc1Cl,-4.363411900000001,,,,
CN(C(=O)Cc1ccc(-n2cnnn2)cc1)C1CCN(Cc2ccc(C(F)(F)F)cc2)CC1,,91.28,,,
C=CC1(C)OC(=O)N(c2cc(Cl)cc(Cl)c2)C1=O,,,,,1.457
CC=CC(=O)O,,,,,1.935
C=CCc1cc(OC)c(OC(C)C(OC(C)=O)c2ccc(OC)c(OC)c2)c(OC)c1,-4.5900002,,,,
Cc1nc2ccc(NS(=O)(=O)c3ccc(C)c(C)c3)cc2s1,,99.9,,,
C/C=C(/C)C(=O)O[C@H](c1cc2ccc(=O)oc2cc1OC)[C@H](O)C(C)(C)O,-4.8123703,,,,
CCOP(=O)(OCC)OC(=CBr)c1ccc(Cl)cc1Cl,,,,,4.276
CCN(CC)CC#CCOC(=O)C(O)(c1ccccc1)C1CCCCC1,,97.07,,7.2,
COc1nc(NC(C)C)nc(NC(C)C)n1,,,,,2.651
CCOP(=O)(OCC)SCc1nnc(C)o1,,,,,4.897
O=Cc1cccs1,,,,,2.088
CCOP(=S)(OCC)Oc1ccc([N+](=O)[O-])cc1,,,,,5.162999999999999
Clc1cccc(Sc2ccccc2)c1,,,,,2.222
COC(=O)C(C)NP(=O)(OC[C@@H]1C=C[C@H](n2cc(C)c(=O)[nH]c2=O)O1)Oc1ccc(Br)cc1,-5.6954093,,,,
CN1CCCCC1CCN1c2ccccc2Sc2ccc(Cl)cc21,,,,,2.476
COc1cc(OC)c(S(=O)(=O)NCc2ccccc2N2CCC(CO)CC2)cc1NC(=O)CCC(=O)O,,59.66,,,
[O-][N+]1=NC2CC1C1C2C2(Cl)C(Cl)=C(Cl)C1(Cl)C2(Cl)Cl,,,,,5.136
C#Cc1cccc(Nc2ncnc3cc(OCCOC)c(OCCOC)cc23)c1,-4.4699998,95.82,0.77,,
C[C@H](CO)Nc1nc(SCc2ccccc2)nc2[nH]c(=O)sc12,,99.71,,,
CCN(CC)C(=O)Cl,,,,,1.7009999999999998
COC(=O)CC(=O)OC,,,,,1.394
COc1ccc(C(C)=O)cc1C,,,,,2.039
COCN1C(=O)NC(=O)C(c2ccccc2)(c2ccccc2)C1=O,-4.5,,,,
O=c1cc(N2CCOCC2)nc(NCc2ccccc2)[nH]1,,73.36,,,
CN(C(=O)Cc1ccc(S(C)(=O)=O)cc1)C1CCN(Cc2ccc(C(F)(F)F)cc2)CC1,,81.01,,,
OC1(c2ccc(C(F)(F)F)cc2)c2ccccc2C2=NCCN21,,,,,2.955
COCCSCCO,,,,,1.02
Cc1nc(C(=O)N2CCOC3(CCN(Cc4ccc(Cl)cc4)CC3)C2)cs1,,56.86,,,
Nc1ccc(N=Nc2ccc(O)cc2)cc1,,,,,2.039
CC(=O)OCC1=C(C(=O)O)N2C(=O)C(NC(=O)CSc3ccncc3)C2SC1,,,,,1.413
CC(=O)OCC(C(OC(C)=O)c1ccccc1)[N+](=O)[O-],,,,,1.939
Cc1ccc([N+](=O)[O-])cc1S(=O)(=O)Cl,,,,,1.499
CCCCCCC(C)OC(=O)COc1ccc(C(=O)CN2CCN(C3CCNCC3)CC2=O)cc1,-4.7399998,,,,
CC(c1ccccc1)N(C)C,,,,,2.551
CC(C)OP(=O)(OC(C)C)OP(=S)(CCl)OC(C)C,,,,,4.292
Cc1nc([N+](=O)[O-])cn1-c1ccc([N+](=O)[O-])cc1,,,,,1.712
CC(O)COC(=O)CBr,,,,,2.472
CC1Cc2ccccc2N1NC(=O)c1ccc(Cl)c(S(N)(=O)=O)c1,,79.55,,,
C[C@@H](O[C@H]1OCCN(Cc2n[nH]c(=O)[nH]2)[C@H]1c1ccc(F)cc1)c1cc(C(F)(F)F)cc(C(F)(F)F)c1,,,,13.0,
FC(F)=C(F)CCSc1ncccn1,,,,,2.459
Cc1ccc(S(=O)(=O)N=C=O)cc1,,,,,1.946
COc1ccc2ncc(=O)n(CCN3CC[C@H](NCc4cc5c(cn4)OCCO5)[C@H](O)C3)c2c1,,80.65,,,
CCCN(c1cccc(S(C)(=O)=O)c1)P(=O)(c1ccccc1)c1ccccc1,,96.79,,,
COCc1ccc(COC(=O)C2C(C=C(C)C)C2(C)C)cc1,,,,,1.874
C=CC(=O)OC1CC2CCC1(C)C2(C)C,,,,,1.629
COCC(=O)Nc1cc(Sc2ccccc2)ccc1N=C(NC(=O)OC)NC(=O)OC,,,,,1.624
N=C(N)c1cccc(CC(CC(=O)N2CCNCC2)NS(=O)(=O)c2ccc3ccccc3c2)c1,-7.0312262,,,,
Nc1c(S(=O)(=O)O)cc(Nc2ccc(S(=O)(=O)O)c(Nc3nc(Cl)nc(Cl)n3)c2)c2c1C(=O)c1ccccc1C2=O,,,,,1.851
C[NH+](C)CCOC(c1ccccc1)c1ccccc1,,,6.5,,
CCCCCCOCCOCCO,,,,,1.587
CC(=O)Nc1ccc2c(c1)OCO2,,,,,2.253
C[C@@](C(=O)O[C@H]1C[N+]2(CCc3ccccc3F)CCC1CC2)(c1ccccc1)N1CCCCC1,,99.19,,,
COP(=O)(OC1CCCCC1)SC,,,,,2.971
O=C1CCC2CCCCC2O1,,,,,1.597
ClC1=C(Cl)C2(Cl)C(Cl)=C(Cl)C3C(Cl)C1CC32,,,,,1.867
CC(C)CCCCC(=O)O,,,,,2.205
CCn1cc(C(=O)O)c(=O)c2ccc(C)nc21,,,,,2.301
Cc1cnc(Nc2ccc(N3CCN(C)CC3)cc2)nc1Nc1cccc(S(=O)(=O)NC(C)(C)C)c1,,92.48,,,
Cc1c(CC(=O)O)c2ccccc2n1C(=O)c1ccccc1,,,,,2.909
CCOC(=O)C1=C(COCC[NH3+])NC(C)=C(C(=O)OC)C1c1ccccc1Cl,,,17.0,,
CC(C)c1nnc2ccc(-c3ocnc3-c3cc(F)ccc3F)cn12,,81.36,,,
Cc1ccncc1C,,,,,2.199
O=C(Oc1ccccc1)Oc1ccccc1,,,,,2.155
N#CCNCC#N,,,,,2.127
C[C@H]1C[C@H](C)C(=O)[C@H]([C@H](O)CC2CC(=O)NC(=O)C2)C1,-4.8400002,,,,
CCN(CC)P1(=S)OCc2cc([N+](=O)[O-])ccc2O1,,,,,3.304
CC(C)(C#N)N=NC(C)(C)C#N,,,,,3.215
Cc1ccc(C(NC(=O)c2ccccc2O)C(=O)Nc2c(C)cccc2C)s1,,99.57,,,
Cn1nnnc1SCC1=C(C(=O)O)N2C(=O)[C@@H](NC(=O)/C(=N/OCC(=O)O)c3cc[nH]n3)[C@H]2SC1,,,0.22,,
CCOCN(C(=O)CCl)c1c(C)cccc1OC(C)C,,,,,2.045
CCCCC[Si](Cl)(Cl)Cl,,,,,1.944
CN1CCC2(C)c3cc(OC(=O)NCCCCCCCCN4CCOCC4)ccc3N(C)C12,,,,,4.3
CNC(=O)c1cc(-c2ccccc2)ccc1OCCO,,,,,2.002
CCCC(=O)CCC,,,,,1.486
COc1ccc2c(c1O)-c1cccc3c1[C@@H](C2)N(C)CC3,,93.8,,,
Clc1ccc(Cl)c(Cl)c1Cl,,,,,2.267
Oc1ccncc1,-4.1089525,,,,
CC(=O)N[C@H](Cc1ccc2ccccc2c1)C(=O)N[C@H](Cc1ccc(Cl)cc1)C(=O)N[C@H](Cc1cccnc1)C(=O)N[C@@H](CO)C(=O)N[C@@H](Cc1ccc(NC(=O)[C@@H]2CC(=O)NC(=O)N2)cc1)C(=O)N[C@H](Cc1ccc(NC(N)=O)cc1)C(=O)N[C@@H](CC(C)C)C(=O)N[C@@H](CCCC[NH2+]C(C)C)C(=O)N1CCC[C@H]1C(=O)N[C@H](C)C(N)=O,,,0.74,,
COP(N)(=S)Oc1ccccc1C(=O)OC(C)C,,,,,3.762
CCOP(=S)(OCC)SCC(N)=O,,,,,4.386
O=C(CN1CCN(CCC2CCOCC2)CC1)NC12CC3CC(CC(C3)C1)C2,,47.12,,,
O=C(NC12CC3CC(CC(C3)C1)C2)OCCNC1CCCCC1,,89.05,,,
CCOC(=O)CCCCCCCCC(C)c1ccc(I)cc1,,,,,2.2969999999999997
CN(N=O)c1ccc(N=Nc2ccccc2)cc1,,,,,2.302
COC(=O)C=C(C)OP(=O)(OC)OC,,,,,4.873
N#CCO,,,,,3.552
CCCOP(C)(=S)Oc1ccc([N+](=O)[O-])cc1,,,,,4.963
CC(C(=O)O)c1ccc2c(c1)C(=O)Cc1ccccc1O2,,,,,3.425
CC1Cc2cc(C(=O)CCc3ccccc3)ccc2O1,,,,,2.093
CCCCCOc1c(Br)cc(Br)cc1COCCN(CC)CC,,,,,3.11
CCCC(C)C(=O)O,,,,,1.755
C1CCc2nnnn2CC1,,,,,2.994
O=c1[nH]c2ccccc2n1C1CCN(CCCC(c2ccc(F)cc2)c2ccc(F)cc2)CC1,,,,,2.623
CCCN(CCNCCc1ccc(O)c2[nH]c(=O)sc12)C(=O)CCOCCc1ccccc1,,93.94,,,
CCCCCCCCCCOC(=O)Cc1ccc(N(CCCl)CCCl)cc1,,,,,3.443
CC(C)C1(C)N=C(c2nc3ccccc3cc2C(=O)O)NC1=O,,,,,1.794
OCCc1ccncc1,,,,,1.546
Cc1cn([C@H]2C[C@H](N=[N+]=[N-])[C@@H](CO)O2)c(=O)[nH]c1=O,-5.0599999,,,1.3,
Cc1ccn(CO)n1,,,,,1.832
CC(C)[C@H](O)C(=O)N[C@@H](C)C(=O)N[C@@H]1C(=O)N(C)CCc2ccccc21,,19.71,,,
COC(=O)c1c(Cl)cc(Cl)cc1-c1ccc([C@@H](C)NC(=O)C2(NC(=O)C(F)(F)F)CC2)c(F)c1,-4.7447276,,,,
CCOC(C1=NCC(CC)(CC)CN1)c1ccccc1,,,,,3.04
CCC(C)(CC)c1cc(N)on1,,,,,3.068
NCCOS(N)(=O)=O,,,,,1.274
CNCCC=C1c2ccccc2CCc2sccc21,,,,,2.7310000000000003
Oc1cc(O)c2c(c1)OC(c1ccc(O)c(O)c1)C(O)C2,-6.2199998,,,,
CCCCOC(=O)CC,,,,,1.416
Cc1cccc(C)c1OCC(C)[NH3+],,,5.9,,
CCOP(=S)(Oc1cnn(C)c(=O)c1SC)OC(C)C,,,,,3.927
Cc1nccn1-c1ccc(COc2cc(F)cc(C3(C(N)=O)CCOCC3)c2)cc1,,89.91,,,
Cc1ncc(C(N)=S)nc1-c1ccc([C@H]2CC[C@H](CC(=O)O)CC2)cc1,,97.2,,,
CC(C1=C(CC[NH+](C)[14CH3])Cc2ccccc21)c1cnccn1,,,1.86,,
CC(CO)(CO)Nc1nc(SCc2cccc(F)c2F)nc2nc(N)sc12,,87.11,,,
C=CC1(C)CC(OC(=O)CSCCN(CC)CC)C2(C)C(C)CCC3(CCC(=O)C32)C(C)C1O,,,,,2.345
CCCC(=O)OC1(C(=O)COC(=O)CC)CCC2C3CCC4=CC(=O)CCC4(C)C3C(O)CC21C,,,,,1.98
CS(=O)(=O)c1ccc([C@@H](O)[C@@H](CF)NC(=O)C(Cl)Cl)cc1,,32.37,,,
OCCOCCO,,,,,0.927
C[C@H](NC(=O)[C@H](N)Cc1ccccc1)C(=O)N[C@H](CO)C(=O)O,-6.2819986,,,,
O=C(O)c1ccc(Cl)cc1,,,,,2.127
CN(C)CCN(Cc1ccc(Cl)cc1)c1ccccn1,,,,,2.498
N#Cc1cccc([N+](=O)[O-])c1C#N,,,,,2.088
O=S(=O)(N[C@H](CO)C(C(F)(F)F)C(F)(F)F)c1ccc(Cl)s1,,90.91,,,
C#CC#CC/C=C\CCCCC/C=C/C(=O)NCC(C)CC,-4.4299998,,,,
O=[N+]([O-])c1ccc(C=Cc2cccc(CO)n2)o1,,,,,1.784
O=C(NO)C1COC(c2ccc(F)c(C(F)(F)F)c2)=N1,,91.64,,,
CCC1OC(=O)C(C)C(OC2CC(C)(OC)C(O)C(C)O2)C(C)C(OC2OC(C)CC(N(C)C)C2O)C(C)(OC)CC(C)C(=O)C(C)C(O)C1(C)O,,,,,2.77
CCC(C)C(=O)OC1CC(C)C=C2C=CC(C)C(CCC3CC(O)CC(=O)O3)C21,-4.8400002,,,,
O=C(O)c1ccc2[nH]c(C(F)(F)F)nc2c1,,89.91,,,
CCNC1CCCCC1,,,,,2.334
OC(Cn1cncn1)(c1ccc(F)cc1)c1ccccc1F,,,,,2.4219999999999997
CN(C)CCN(Cc1cccc2ccccc12)c1cc(N2CCOCC2)nc(=O)[nH]1,,66.1,,,
CC(C)(C)OC(=O)CCl,,,,,2.5980000000000003
CC(C)C(NC(=O)[C@@H]1CCCN1C(=O)[C@@H](NC(=O)N1CCOCC1)C(C)C)C(=O)C(F)(F)C(F)(F)F,-4.517849900000001,,,,
CN(C)[N+](=O)[O-],,,,,1.915
CO/N=C(/C(=O)NC1C(=O)N2C(C(=O)[O-])=C(CSc3nc(=O)c(=O)[n-]n3C)CSC12)c1csc(N)n1,,,0.12,,
Cc1cnc(NCCCN(C)C)c2c1[nH]c1ccc3cc(O)ccc3c12,,,,19.0,
CN1C(C(=O)Nc2nccs2)=C(O)c2ccccc2S1(=O)=O,,,,,3.395
CC=CCOCN(C(=O)CCl)c1c(CC)cccc1CC,,,,,2.279
CC1(C)C(=O)N(CO)C(=O)N1CO,,,,,1.974
COc1ccc(-c2cc(N)c3c(c2O)C(=O)c2c(N)ccc(O)c2C3=O)cc1,,,,,1.771
CC(CC=O)CC(C)(C)C,,,,,1.642
OCCCc1ccccc1,,,,,1.7719999999999998
CCNc1nc(NC(C)(C)C)nc(OC)n1,,,,,2.67
CCCCCCCCCCNCCN[C@@]1(C)C[C@H](O[C@H]2[C@H](Oc3c4cc5cc3Oc3ccc(cc3Cl)[C@@H](O)[C@@H](NC(=O)[C@@H](CC(C)C)NC)C(=O)N[C@@H](CC(N)=O)C(=O)N[C@H]5C(=O)N[C@H]3C(=O)N[C@H](C(=O)N[C@H](C(=O)O)c5cc(O)c(CNCP(=O)(O)O)c(O)c5-c5cc3ccc5O)[C@H](O)c3ccc(c(Cl)c3)O4)O[C@H](CO)[C@@H](O)[C@@H]2O)O[C@@H](C)[C@H]1O,,,,6.7,
O=C(c1ccccc1)N1CCC(c2nc3ccccc3o2)CC1,,95.43,,,
NC(=O)C1(N2CCCCC2)CCN(CCCN2c3ccccc3CCc3ccccc32)CC1,,,,,2.639
CCOc1cc2ncc(C(N)=O)c(Nc3ccc(F)cc3F)c2cc1N1CCN(C(C)C)CC1,,85.77,,,
COc1ccc(Cl)cc1[C@]1(F)C(=O)Nc2cc(C(F)(F)F)ccc21,,,,37.0,
CC(C)CCCCCN(CCCCCC(C)C)CCCCCC(C)C,,,,,2.339
CCOc1ccc(C(CN(C)C)C(C)CC)cc1Cl,,,,,2.799
CCCCCCCCCCCC(=O)N(CCO)CCO,,,,,2.0269999999999997
Cc1cc(Cl)cc(O)c1O,,,,,2.05
N#CC(C#N)=C(C#N)C#N,,,,,4.409
COP(=S)(OC)Oc1ccc([N+](=O)[O-])cc1Cl,,,,,3.02
CN(C)C(CSS(=O)(=O)c1ccccc1)CSS(=O)(=O)c1ccccc1,,,,,2.592
COc1ccc(OC)c(NC(=O)CNC(=O)Cc2ccc(C(=O)c3ccc(C)cc3)n2C)c1,,,,,2.485
CNC(=O)Oc1cc(C)cc(C)c1,,,,,2.519
COP(=S)(OC)SCN1C(=O)CCC1=O,,,,,4.585
COc1cc(NC(=O)Nc2cccc(CNC(=O)O[C@H]3CCOC3)c2)ccc1-c1cnco1,,98.7,,,
CC1=C2C[C@H]3[C@@H](CC=C4C[C@@H](O)CC[C@@]43C)[C@@H]2CC[C@]12O[C@@H]1C[C@H](C)CN[C@H]1[C@H]2C,,93.24,,,
CC(CO[N+](=O)[O-])(CO[N+](=O)[O-])CO[N+](=O)[O-],,,,,2.395
NCCN(CCN)CCN,,,,,2.7739999999999996
O=C(C(Cl)(Cl)Cl)C(Cl)(Cl)Cl,,,,,3.043
C=CCBr,,,,,3.0039999999999996
C/C=C\C=C/CC/C=C/C=C/C(=O)NCC(C)C,-4.2441254,,,,
Cc1ccc(N)cc1Br,,,,,3.014
C=CC(=O)OCCOc1ccccc1,,,,,1.569
CC1OC(C)OC(C)O1,,,,,1.936
O=C(OC1CC2CC3CC(C1)[NH+]2CC3=O)c1c[nH]c2ccccc12,,,2.0,,
O=C(O)C1CCCCC1,,,,,1.594
C[NH+](C)CC/C=C1\c2ccccc2COc2ccccc21,,,12.0,,
O=C(OC1(O)CCCC1)C1CCCCC1,,,,,1.912
CCCCC(O)c1ccccc1,,,,,1.481
N[C@@H](C(=O)N[C@@H]1C(=O)N2C(C(=O)O)=C(CSc3c[nH]nn3)CS[C@H]12)c1ccc(O)cc1,,,,1.2,
CCC(C)(C)CO,,,,,1.642
CC(=O)Nc1ccc2cnn(-c3cc(NC4CC4)n4ncc(C#N)c4n3)c2c1,,98.09,,,
COc1ccc(SP(=S)(CCl)OC(C)C)cc1,,,,,3.4589999999999996
OCCN1CCN(CCO)CC1,,,,,1.669
COc1cnc(-c2ccccn2)nc1NC(C)C,,77.62,,,
CC1OP(=S)(Cl)OC2CCCCC12,,,,,3.302
CN(C)CC1CCCCC1,,,,,2.06
COc1ccc2c(C)cc(N[C@H]3CC[C@H](NCc4cn(C)c5ccc(C#N)cc45)C3)nc2c1,,98.61,,,
CC(C)(C)c1ccc(NC(=O)c2ccnn2CCc2ccncc2)cc1,-5.1295056,,,,
CC1/C=C\C=C/C=C\C=C/C=C\C=C/C=C\C(OC2OC(C)C(O)C([NH3+])C2O)CC2OC(O)(CC(O)CC(O)C(O)CCC(O)CC(O)CC(=O)OC(C)C(C)C1O)CC(O)C2C(=O)[O-],,,0.62,,
CCC(=O)C(CC(C)N(C)C)(c1ccccc1)c1ccccc1,-4.6599998,,,31.0,3.556
CNC(C)Cc1ccc(Cl)cc1,,,,,3.2230000000000003
CNC(C)C1CCC(N)C(OC2C(N)CC(N)C(OC3OCC(C)(O)C(NC)C3O)C2O)O1,,,,,1.86
CCSc1nnc(CSP(=S)(OC)OC)s1,,,,,2.073
c1ccc2c(c1)OCCOCCOc1ccccc1OCCOCCO2,,,,,2.142
CCCCOCCOC(C)=O,,,,,1.824
CCC(=O)OC(C)c1ccccc1,,,,,1.535
CC1=CC2OC3C(O)C(O)C(C)(C34CO4)C2(CO)C(O)C1=O,,,,,4.205
O=C(O)CCCCCCl,,,,,1.689
Cc1ccc(CN(C)N=O)cc1,,,,,2.613
C=C(C)C(N)=O,,,,,2.268
CCSC(=O)Oc1c(C(C)CC)cc([N+](=O)[O-])cc1[N+](=O)[O-],,,,,3.349
CN[C@@H](C)C(=O)N[C@H](C(=O)N[C@H]1CCCN(C(=O)Cc2ccccc2)C1)C1CCCCC1,,62.4,,,
COc1ccc(C[C@H](N)C(=O)N[C@@H](Cc2ccccc2C)C(N)=O)cc1,,64.01,,,
CC(C)CC(C)Nc1ccc(Nc2ccccc2)cc1,,,,,1.875
ClCC=C(Cl)C(Cl)Cl,,,,,2.662
C=CCc1ccc(OC)cc1,,,,,2.081
O=C(c1ccccc1)c1cccc(NS(=O)(=O)C(F)F)c1,,,,,2.6180000000000003
CC(C)C1CCC(C(=O)NC(Cc2ccccc2)C(=O)[O-])CC1,,,0.15,,
O=C(Nc1ccccc1-c1ccccc1)OC1CCN(CCCCCCCCCNC[C@H](O)c2ccc(O)c3[nH]c(=O)ccc23)CC1,,88.11,,,
N#Cc1cc(Br)c(O)c(Br)c1,,,,,3.1639999999999997
CCN(CC)CCNc1c(Cl)cc(C)c2ncccc12,,,,,2.511
COc1cc(NC(C)CCCN)c2ncccc2c1,,59.66,,7.1,
COc1ccc2nc3c(c(N)c2c1)CCCC3,,,,,2.482
CC(C)[C@H]1C(=O)N[C@H](CO)Cc2ccccc2N1C,,62.94,,,
CCCN(c1cccnc1)P(=O)(c1ccccc1)c1ccccc1,,97.95,,,
O=C(CCC[NH+]1CC=C(n2c(=O)[nH]c3ccccc32)CC1)c1ccc(F)cc1,,,1.41,,
c1ccc2c(c1)-c1cccc3cccc-2c13,,,,,2.005
CC(C)(C)NC(=NC#N)Nc1cccnc1,,,,,2.893
NNC(=O)CSc1cc(Oc2ccc(F)cc2)ncn1,,,,,2.867
N#Cc1ccc(N)cc1,,,,,2.6210000000000004
Cc1ccc2c(c1)CC(=O)c1cc(CC(=O)O)ccc1O2,,,,,2.937
CCC(=O)Nc1ccc2[nH]c(C(F)(F)F)nc2c1,,,,,4.46
C[N+]([O-])=NCOC1OC(CO)C(O)C(O)C1O,,,,,2.97
COc1c(C)c2c(c(O)c1CC=C(C)CCC(=O)O)C(=O)OC2,,,,,2.9589999999999996
CC[NH+](CCO)CCCC(C)Nc1cc[nH+]c2cc(Cl)ccc12,,,700.0,,
C[C@H](Cn1cnc2c(N)ncnc21)OCP(=O)(O)O,,,,5.8,
CCCCCNC(=O)c1coc([C@@H]2[C@H]3CC[C@H](O3)[C@@H]2Cc2ccccc2CCC(=O)O)n1,,,,22.0,
Nc1ccc(O)c(C(=O)[O-])c1,,,0.33,,
CCOC(C1=NCC(C)(C)CN1)c1ccc(Cl)cc1,,,,,3.17
COC(=O)Nc1nc2ccccc2[nH]1,-4.1011863,,,,1.475
CC(C)CC(CC(C)C)OCCOCCO,,,,,1.4280000000000002
CCOCCOCCOC,,,,,1.358
CCOC(=O)c1ncn2c1CN(C)C(=O)c1cc(F)ccc1-2,,55.73,0.8,0.78,1.859
C=C1CC2CCC34CC5OC6C(OC7CCC(CC(=O)CC8C(CC9OC(CCC1O2)CC(C)C9=C)OC(CC(O)C[NH3+])C8OC)OC7C6O3)C5O4,,,1.46,,
CCP(=S)(OC(C)C)SCN1C(=O)c2ccccc2C1=O,,,,,4.5360000000000005
Clc1ccc(C(Cn2ccnc2)OCc2ccsc2Cl)c(Cl)c1,,,,,2.702
Cc1ccccc1OCC(O)CO,,,,,2.465
O=C(CCC[NH+]1CCC(O)(c2ccc(Cl)cc2)CC1)c1ccc(F)cc1,,,17.0,,
CCC(=O)OC(Cc1ccccc1)(c1ccccc1)C(C)CN(C)C,,,,,3.4
COc1ccc(CC[NH+](C)CCCN2Cc3cc(OC)c(OC)cc3C2=O)cc1OC,,,2.4,,
COc1c(OP(=S)(OC(C)C)OC(C)C)cnn(C)c1=O,,,,,4.506
CCCC1O[C@@H]2C[C@H]3[C@@H]4CCC5=CC(=O)C=C[C@]5(C)[C@H]4[C@@H](O)C[C@]3(C)[C@]2(C(=O)CO)O1,,,,2.8,
CCCCC(CC)COP(=O)(OCC(CC)CCCC)OCC(CC)CCCC,,,,,1.07
COCCOc1cc2ncc(C(N)=O)c(Nc3cccc(Cl)c3Cl)c2cc1N1CCN(C)CC1,,89.7,,,
OCC1OC(n2cnc3c(NCC(c4ccccc4)c4ccccc4)ncnc32)C(O)C1O,,,,,3.431
O=NN(CCO)CCO,,,,,1.252
O=C(Nc1ccccc1-c1cn2c(CN3CCNCC3)csc2n1)c1cnc2ccccc2n1,,99.01,,,
O=C(O)Cc1ccc2c(c1)C(=O)c1ccccc1CN2,,,,,2.518
CN(C)S(=O)(=O)CCCCNC(=O)N(CCCl)N=O,,,,,3.1
CCCCC(CC)COC(CBr)c1ccc(C2CCCC2)cc1,,,,,3.1830000000000003
Cc1cc(O)cc(C)c1Cl,,,,,1.612
CCCC1OP(=S)(Cl)OCC1CC,,,,,2.908
C=CCOc1ccccc1OC(=O)NC,,,,,3.015
FC(F)(F)c1nc2c(I)cc(Cl)cc2[nH]1,,,,,4.159
CC(=O)OCCSCCOC(C)=O,,,,,1.401
O=C(NC[C@@H](O)CN1CCC(Oc2ccc(Cl)c(Cl)c2)CC1)c1c[nH]c(=O)cc1C(F)(F)F,,88.82,,,
CCC[C@H](NC(=O)[C@@H]1[C@H]2CCC[C@H]2CN1C(=O)[C@@H](NC(=O)[C@@H](NC(=O)c1cnccn1)C1CCCCC1)C(C)(C)C)C(=O)C(=O)NC1CC1,-5.3899999,,,,
C=C(C)C(=O)OCC1CO1,,,,,2.377
C=CC[N+]12CC[C@@]34c5ccccc5N5/C=C6/[C@H]7C[C@H]8[C@@]9(CC[N@@+]8(CC=C)C/C7=C/CO)c7ccccc7N(/C=C(/[C@@H](C[C@@H]31)/C(=C\CO)C2)[C@H]54)[C@@H]69,,,,3.6,
COCCCO,,,,,1.198
CCC(=O)OCC(=O)C1(OC(=O)CC)C(C)CC2C3CCC4=CC(=O)C=CC4(C)C3(Cl)C(O)CC21C,,,0.29,,2.143
C=C(C)CNCC,,,,,3.2969999999999997
O=NN(c1ccccc1)c1ccccc1,,,,,1.899
CCOP(=O)(OCC)SCC(C)(SCC)SCC,,,,,4.346
COc1ccc(OC)c(CNc2n[nH]c3ccnc(Oc4ccccc4)c23)c1,,98.58,,,
CP(=S)(Oc1ccccc1)Oc1ccc([N+](=O)[O-])cc1,,,,,4.587
COC(C)(C)C,,,,,1.3430000000000002
CS(=O)C(C)(C)C(=O)O,,,,,1.3019999999999998
CCCCC1C(=O)N(c2ccccc2)N(c2ccc(O)cc2)C1=O,,,,,2.994
Clc1ccc(Cl)c(Cl)c1,,,,,2.38
BrC(Br)(Br)c1ccc2ccccc2n1,,,,,1.749
O=C(c1ccc(-c2ccc(Cl)cc2)o1)N(Cc1ccccn1)c1ccc(N2CCNCC2)cc1,,97.32,,,
CCCSP(=O)(CC)OC,,,,,4.863
Nc1ccc(S(=O)(=O)O)c(N)c1,,,,,1.733
Nc1nc2cc(F)ccc2o1,,,,,2.182
Cn1nc(-c2ccccc2)c2conc2c1=O,,,,,2.356
CCC1(c2ccccc2)C(=O)NC(=O)NC1=O,-4.630000099999998,,0.54,99.0,3.156
COc1ccc2ncc(=O)n(CCN3CC[C@@H](NCc4cc5c(cn4)OCCO5)[C@@H](O)C3)c2c1,,85.77,,,
Cc1cc2cccnc2n(-c2ccccc2)c1=O,,,,,2.965
C[C@@H]1NC(=O)[C@@H](C)NC(=O)[C@@H](C)N(C)C(=O)[C@H](C)NC(=O)[C@H](C)N(C)C(=O)[C@@H](C)NC1=O,-5.8200002,,,,
Cc1cccc(N2CC(CO)OC2=O)c1,,,1.5,1.6,2.228
O=C(C1CCCCC1)N1CC(=O)N2CCc3ccccc3C2C1,,,,,2.041
CCCCCCc1ccc(O)cc1O,,,,,2.548
COc1cccc2c1c(NS(=O)(=O)c1ccc(Cl)s1)nn2Cc1cccc(CNC(C)=O)c1,,99.34,,,
O=C(OCCOCCO)c1ccccc1Nc1cccc(C(F)(F)F)c1,,,,,3.102
COCCNCc1ccc(Nc2ncc3cc(-c4ccncc4)ccc3n2)cc1,,89.7,,,
COC(=O)C1=CO[C@@H](C)[C@H]2CN3CCc4c([nH]c5ccccc45)[C@@H]3C[C@@H]12,-4.8187928,,,,
O=C1CCCCCN1,,,,,1.971
NN1C(=O)CSC1=S,,,,,4.8260000000000005
O=C(O)CNC(=O)c1ccc(Cl)cc1,,,,,1.981
Cc1cnc(C(=O)NCCc2ccc(S(=O)(=O)[N-]C(=O)NC3CCCCC3)cc2)cn1,,,0.16,,
O=C1CCCCCO1,,,,,1.425
CSCCC(OC(C)=O)C(=O)O,,,,,1.915
CNC(C)C#N,,,,,3.244
CCC1CO1,,,,,2.1590000000000003
CC(C)NC(=O)c1cc2c(-n3ccc(C(F)(F)F)n3)c(-c3cncc(C(=O)O)c3)cnc2[nH]1,,77.21,,,
N#CSc1ccc(N)cc1,,,,,2.7960000000000003
CNc1nc(C)c(-c2nc(Nc3cccc(N4CCNCC4)c3)ncc2C#N)s1,,86.05,,,
CCCCOC(=O)CCCCC(=O)OCCCC,,,,,1.3019999999999998
NC[C@H]1O[C@H](O[C@@H]2[C@@H](N)C[C@@H](N)[C@H](O[C@H]3O[C@H](CO)[C@@H](O)[C@H](N)[C@H]3O)[C@H]2O)[C@H](N)C[C@@H]1O,,,,2.0,
CCOP(=O)(OCC)OP(=S)(CCl)OCC(C)C,,,,,3.789
c1ccncc1,-3.9703081,,,,1.948
CC(C)N1C=CC(=C2C(=O)c3ccccc3C2=O)C=C1,,,,,2.262
CCCCOC(C)=O,,,,,0.948
O=P([O-])([O-])OC(Cn1cncn1)(Cn1cncn1)c1ccc(F)cc1F,,,0.15,,
Cc1ccc(-c2ccccn2)cc1NC(=O)c1ccc(OCc2ccccn2)cc1,,98.89,,,
CCCc1cc(C(N)=S)ccn1,,,,,1.97
CNC1CCCCC1,,,,,2.452
Cc1cn([C@H]2CCCN(S(=O)(=O)c3ccc(O)c(Oc4cccc(F)c4)c3)C2)c(=O)[nH]c1=O,,95.43,,,
COc1ccccc1Oc1c([N-]S(=O)(=O)c2ccc(C)cn2)nc(-c2ccnc(-c3nnn[n-]3)c2)nc1OCCO,,,0.23,,
CC12CCC(CC1=O)C2(C)C=O,,,,,1.729
Cc1c(C(=O)NCCO)[n+]([O-])c2ccccc2[n+]1[O-],,,,,2.186
O=[N+]([O-])c1cnc(Cl)c([N+](=O)[O-])c1,,,,,3.61
CN(C)CCN(C)C,,,,,1.867
O=C(c1ccc(F)cc1)C1CCN(CCn2c(=O)[nH]c3ccccc3c2=O)CC1,-4.4400001,90.32,,12.0,
COC(=O)c1cnc2n1CCc1ccccc1C2=C1CC[NH+](CCc2ccc(OCc3ccc4ccccc4n3)cc2)CC1,,,6.03,,
Cc1ccc(S(=O)(=O)NN)cc1,,,,,2.818
CC(C)CNC(=O)CF,,,,,3.5010000000000003
Cc1cccc(C(C)c2ccccc2)c1C,,,,,2.011
CC(=O)OC12CCC(C)=CCC13CCC2C(C)(C=CC=C(C)C(=O)O)OC3=O,,,,,3.2489999999999997
CCCCOCCOC(=O)COc1cc(Cl)c(Cl)cc1Cl,,,,,2.852
COC1=CC=C2C3Cc4ccc(OC)c5c4C2(CCN3C)C1O5,,,,,3.4360000000000004
CC1=CCC(C(C)(C)O)CC1,,,,,1.475
CCCCC(CC)COC(=O)c1ccccc1C(=O)OCc1ccccc1,,,,,0.7879999999999999
CC(CN1CCN(CCOCCO)CC1)CN1c2ccccc2Sc2ccc(Cl)cc21,,,,,3.063
Nc1cc(S(=O)(=O)O)c2cccc(S(=O)(=O)O)c2c1,,,,,1.425
O=C1CCN(c2ccccc2)N1,,,,,2.909
CCN(C(=O)c1cc(Cl)nc(Cl)c1)C1CC1,,,,,3.5210000000000004
C/C=C(\C)C(=O)OC1C(OC(C)=O)C2(CO)C(O)CC3(C)C(=CCC4C5(C)CCC(OC6OC(C(=O)[O-])C(OC7OC(CO)C(O)C(O)C7O)C(O)C6OC6OC(CO)C(O)C(O)C6O)C(C)(CO)C5CCC43C)C2CC1(C)C,,,0.28,,
CC(C)NCC(O)COc1ccc(CCOCC2CC2)cc1,-4.3156309,27.55,,17.0,
CC(=S)NC[C@H]1CN(c2ccc(-c3nnc(CN)s3)c(F)c2)C(=O)O1,-4.8219547,,,,
Cc1ccc(NC(=O)c2ccc(CN3CCN(C)CC3)cc2)cc1Nc1nccc(-c2cccnc2)n1,-5.3899999,93.67,,22.0,
Cc1ccc(C2=CCN(CC=Cc3ccc4c(c3)CCC(=O)N4)CC2)cc1,,,,,2.855
COc1ccccc1-c1ccccc1,,,,,1.709
CCCc1nc2c(C)cc(-c3nc4ccccc4n3C)cc2n1Cc1ccc(-c2ccccc2C(=O)[O-])cc1,,,5.3,,
N#CC(=NOCC1OCCO1)c1ccccc1,,,,,1.6669999999999998
CCCC(Nc1nc(-c2ccc(NC(=O)NCC)c(OC)c2)ncc1C)c1cccnc1,,,3.41,,
C(=NC(N=Cc1ccco1)c1ccco1)c1ccco1,,,,,2.827
CCOP(=S)(OC)Oc1cc(Cl)c(Cl)cc1Cl,,,,,3.029
CC1(C)COS(=O)(=O)OC1,,,,,4.221
CCC1OCSC1=NOC(=O)NC,,,,,3.93
O=C(Nc1ccc(Cl)c(C(=O)Nc2cncs2)c1)c1cccc(C(F)(F)F)c1,,99.6,,,
ClC=C(Cl)Cl,,,,,1.4269999999999998
CCC(C(=O)C(C)C(O)C(C)CCc1ccc(C)c(O)c1C(=O)O)C1OC(CC)(C2CCC(O)(CC)C(C)O2)CC1C,,,,,3.685
C[C@H](CO)Nc1nc(SCc2cccc(F)c2F)nc2[nH]ncc12,,96.5,,,
CC(C)C(=O)O,,,,,2.498
O=Cc1ccccc1Cl,,,,,1.813
C=CC1CCC2OC2C1,,,,,1.793
CC(C(=O)[O-])c1cccc(C(=O)c2ccccc2)c1,,,0.13,,
CCNC(=O)c1cc2c(-n3ccc(C(F)(F)F)n3)c(-c3cncc(-c4n[nH]c(=O)o4)c3)cnc2[nH]1,,95.63,,,
CCOC(C1=NCCCCN1)c1ccccc1,,,,,2.792
CCC1(CC)C(=O)NCC(C)C1=O,,,,,2.329
CCCCCCc1ccc(C(CBr)OCC(CC)CCCC)cc1,,,,,3.201
CO[C@H]1CN(CCn2c(=O)ccc3ccc(C#N)cc32)CC[C@H]1NCc1ccc2c(n1)NC(=O)CO2,,46.55,,,
Cc1ncc(CS)c(CO)c1O,,,,,2.154
O=C1C=CC(=O)c2ccccc21,,,,,2.92
CC1(C)CCC(NC(=O)C(N)CCC(=O)O)CC1,,,,,2.253
O=C1COc2ccccc2N1CCN1CCC(NCc2cc3c(cn2)OCCO3)CC1,,74.69,,,
Clc1ccc([Si]23OCCN(CCO2)CCO3)cc1,,,,,2.74
O=C(O)C=CC(=O)OCCOCCO,,,,,1.858
COc1cccc(-n2c(=O)n(Cc3c(F)cccc3Br)c(=O)n(C[C@H](N)c3ccccc3)c2=O)c1F,-4.856985099999998,,,,
CCNCC,,,,,2.1319999999999997
Cc1cc(N)ccc1S(=O)(=O)NCCO,,,,,1.413
CC(NC(=O)[C@@H](N)CCC(=O)OCc1ccccc1)C(=O)O,-5.6912522,,,,
FC(F)(F)c1cccc(CNC2=NCCS2)c1,,,,,3.716
Cc1cccc(C(=O)O)c1O,,,,,2.5340000000000003
COc1cc2ncc(C(N)=O)c(Nc3ccc(F)cc3F)c2cc1N1CCN(C)CC1,,74.69,,,
CN1c2ccccc2C(NCCCCCCC(=O)[O-])c2ccc(Cl)cc2S1(=O)=O,,,0.3,,
CCCCN(CCCC)SN(C)C(=O)Oc1cccc2c1OC(C)(C)C2,,,,,3.873
CCOP(=O)(SC(C)CC)SC(C)CC,,,,,3.863
CCCC(Cc1ccccc1)N1CCCC1,,,,,3.141
CC(C)c1ccc(NC(=O)N(C)C)cc1,,,,,2.053
CC1=C(C(=O)O)N2C(=O)[C@@H](NC(=O)[C@@H](N)C3=CCC=CC3)[C@H]2SC1,-5.6925039,,,,
O=C(O)c1c(Cl)ccc(Cl)c1O,,,,,2.123
Nc1cccc(C(F)(F)F)c1,,,,,2.526
Cc1ccc(C(=O)c2cc(O)c([O-])c([N+](=O)[O-])c2)cc1,,,0.12,,
CC[NH+](CC)CCCC(C)Nc1cc[nH+]c2cc(Cl)ccc12,,,140.0,,
CCC(C)C(=O)OC1C(O)C2C(CN3CC(C)CCC3C2(C)O)C2CC34OC5(O)C(OC(=O)C(C)(O)CC)CCC3(C)C5C(OC(C)=O)C(OC(C)=O)C4C21O,,,,,5.2010000000000005
CC(C)C[C@H](O)[C@H](O)[C@H](CC1CCCCC1)NC(=O)CCCCCc1ccccc1,-5.1500001,,,,
COc1ccc(OC)c(C(O)CNC(=O)C[NH3+])c1,,,0.67,,
CSc1nc(NC(C)C)nc(NC(C)C)n1,,,,,2.127
C=CCc1ccc(OC(C)=O)c(OC)c1,,,,,2.092
COP(=O)(OC)OC1=C(Cl)C2C=CCC12,,,,,3.417
Cc1ccc(O)c(C)c1,,,,,1.582
CCOC(=O)c1nocc1C(=O)c1ccccc1,,,,,2.39
Oc1c(Cl)cc(Cl)c(Cl)c1Cl,,,,,3.219
O=C(OC1CCC(N2CCCCC2)CC1)c1ccccc1,,,,,2.5660000000000003
O=C1NCC2(CCCNC2)c2[nH]c(-c3ccnc(-c4cc5ccccc5o4)n3)cc21,-5.8200002,,,,
CN1[C@H]2CC(OC(=O)[C@H](CO)c3ccccc3)C[C@@H]1[C@H]1O[C@@H]21,-4.928,,,,
CCO[Si](CCCC#N)(OCC)OCC,,,,,1.672
CN(CCCl)CCCl,,,,,4.1930000000000005
CC(C)(O)Cc1ccccc1,,,,,2.07
Cc1cc(-n2c(C)nc3ccccc3c2=O)cc(C)c1O,,,,,3.0860000000000003
COc1ccc2cc(C(C)C(=O)[O-])ccc2c1.[Na+],-4.329999900000002,,,,
CC(C)Oc1cc(-n2cnc3cnc(N[C@@H](C)c4ncc(F)cn4)nc32)n[nH]1,,69.12,,,
Nc1c(Cl)c(F)nc(OCC(=O)O)c1Cl,,,,,2.025
CCC(C)=CCCC(C)=CC#N,,,,,1.798
CN(C(=O)[C@H](Cc1ccc(C(=N)N)cc1)NS(=O)(=O)c1ccc2ccccc2c1)C1CCCC1,-6.6989698,,,,
COP(=O)(OC)C(OC(=O)CCl)C(Cl)(Cl)Cl,,,,,2.987
N#CC(Br)Br,,,,,2.909
Cn1c(=O)c2c(ncn2C)n(C)c1=O,-4.3400002,24.45,0.63,4.9,3.005
COP(=S)(OC)Oc1cnc2ccccc2n1,,,,,2.478
COC(=O)C(C)=COP(=S)(OC)OC,,,,,2.549
COc1ccc(C(Oc2ccccc2)C2=NCCCN2)cc1,,,,,2.472
c1nc(NC2CC2)c2ncn(C3CC3)c2n1,,,,,3.219
CC(=C(CCO)SSCC1CCCO1)N(C=O)Cc1cnc(C)nc1N,,,,,2.258
C1COC(OCC2CO2)C(OCC2CO2)O1,,,,,2.3369999999999997
COc1cnc(-c2ccccn2)nc1N1CCCC1,,93.39,,,
Cc1cccc2[nH]nnc12,,,,,2.295
C=C(C)C#N,,,,,2.747
O=C(NCC12CC3CC(CC(C3)C1)C2)c1cc(O[C@H]2CCCNC2)ccc1Cl,,94.56,,,
CCC(CCCCOC(=O)c1ccccc1)COC(=O)c1ccccc1,,,,,1.087
Nc1ccc(-c2ccccc2)cc1,,,,,2.529
COC(=O)C1=C(C)NC(C)=C(C(=O)OCCN(C)Cc2ccccc2)C1c1cccc([N+](=O)[O-])c1,,,1.0,4.1,3.176
FC(F)(F)c1nc2c(Cl)c(Br)c(Br)c(Br)c2[nH]1,,,,,4.94
CCN(CC)c1cccc(OC(=O)NC)c1,,,,,3.388
CCCC(=O)Nc1ccc(OCC(O)CNC(C)C)c(C(C)=O)c1,,,,3.5,
CCOP(=S)(NC(C)C)Oc1ccc(C)cc1[N+](=O)[O-],,,,,2.6460000000000004
CCOC(CC)(C1=NCCCN1)c1ccccc1,,,,,2.516
CC(C(=O)O)c1ccc(-c2cn3ccccc3n2)cc1,,,,,2.96
C=CBr,,,,,2.33
CCO[Si](CCl)(OCC)OCC,,,,,1.948
COP(N)(=S)Oc1cc(Cl)c(Cl)cc1Cl,,,,,2.641
CCO[Si](C)(C)OCC,,,,,1.204
O=C(O)c1cc(O)ccc1O,,,,,2.285
Cc1ncc(NC(=O)c2cc(NC(=O)c3cccc(C(F)(F)F)c3)ccc2Cl)s1,,99.6,,,
CCNC(C)CN1CCc2c(c(=O)oc3ccccc23)C1,,,,,2.98
COc1ccc2c(c1)[C@]13CCN4CC5=CCO[C@@H]6CC(=O)N2[C@@H]1[C@@H]6[C@@H]5C[C@@H]43,-4.5717444,,,,
CCP(=S)(OC)SCN1C(=O)c2ccccc2C1=O,,,,,4.648
c1ccc2c(c1)ncn2P(n1cnc2ccccc21)n1cnc2ccccc21,,,,,2.12
CCCCC/C=C/CCC(=O)NC1C(Oc2c3cc4cc2Oc2ccc(cc2Cl)C(OC2OC(CO)C(O)C(O)C2NC(C)=O)C2NC(=O)C(NC(=O)C4NC(=O)C4NC(=O)C(Cc5ccc(c(Cl)c5)O3)NC(=O)C(N)c3ccc(O)c(c3)Oc3cc(O)cc4c3)c3ccc(O)c(c3)-c3c(OC4OC(CO)C(O)C(O)C4O)cc(O)cc3C(C(=O)[O-])NC2=O)OC(CO)C(O)C1O,,,0.92,,
COc1ccc(-c2oc3cc(O)cc(O)c3c(=O)c2O)cc1O,-5.0013065,,,,
CC(C)(C)C(=O)OCOC(=O)N1CCC(N2CCN(CC(=O)c3ccc(OCC(=O)OC4CCCCC4)cc3)C(=O)C2)CC1,-4.4400001,,,,
O=C(O)c1cncc(-c2ccc(Cl)c(C(=O)NCC34CC5CC(CC(C5)C3)C4)c2)c1,,99.01,,,
COc1cc(OC)cc(OCCO)c1,,,,,1.69
O=C(NC[C@@H](O)CN1CCC(Oc2ccc(Cl)c(Cl)c2)CC1)c1n[nH]c(=O)c2ccccc12,,96.5,,,
COP(=O)(OC)SC(C)C,,,,,3.232
CCCN(CCC)S(=O)(=O)CCNC(=O)N(CCCl)N=O,,,,,3.137
COc1cc(NS(C)(=O)=O)ccc1Nc1c2ccccc2nc2ccccc12,,,,4.7,
CCOP(=O)(SC(C)CC)N1CCSC1=O,,,,,3.696
OC(CNCC(O)C1CCc2cc(F)ccc2O1)C1CCc2cc(F)ccc2O1,,,,10.0,
CC1(C)S[C@@H]2[C@H](NC(=O)[C@H](N)c3ccc(O)cc3)C(=O)N2[C@H]1C(=O)O,-6.1524997,,,1.1,
CCCCOCCCOC(=O)CCOc1cc(Cl)c(Cl)cc1Cl,,,,,2.885
CCCCCCCCOC(=O)CC(C(=O)OCCCCCCCC)S(=O)(=O)O,,,,,2.347
C[NH+]1CCCC1c1cccnc1,,,2.6,,
Clc1ccc2c(c1)C(N1CCNCC1)=Nc1ccccc1O2,,89.05,,,3.0010000000000003
CCN(Cc1cc(C(F)(F)F)ccc1-c1cc(CC(=O)O)ccc1OC)C(=O)NCc1ccccc1,,98.29,,,
Cc1cccc(C)c1N(COC(C)C)C(=O)CCl,,,,,2.4419999999999997
N#CCc1ccccc1,,,,,2.637
CCS(=O)(=O)c1ccc(-c2cc(Cl)ccc2OCC(=O)O)c(Cl)c1,,97.32,,,
CC(O)(/C=C/C1CC=CC(=O)O1)C(CC(O)/C=C/C=C/C=C/CO)OP(=O)([O-])O,,,0.09,,
ClC(Br)Br,,,,,2.39
CN[C@@H](C)C(=O)N[C@H](C(=O)N[C@H]1CCCN(CCc2ccc(Cl)cc2)C1)C(C)(C)C,,97.07,,,
O=C=NC1CCC2C3CCC(C3N=C=O)C12,,,,,2.302
Cc1ccc(C(=O)c2cccc3c2CCC3C(=O)O)cc1,,,,,3.06
COC(=O)c1ccc(N=NN(C)C)cc1,,,,,3.6
Cc1c(Cl)cccc1Nc1ccccc1C(=O)O,,,,,3.0660000000000003
CNC(C)C(O)c1ccccc1,,,,,2.399
CCOP(=O)(OCC)Oc1ccc([N+](=O)[O-])cc1,,,,,5.184
CCCOCC(=Nc1ccc(Cl)cc1C(F)(F)F)n1ccnc1,,,,,2.6839999999999997
FC(F)(C(Cl)(Cl)Cl)C(Cl)(Cl)Cl,,,,,2.725
O=C(Cl)c1cccc(Cl)c1Cl,,,,,1.953
Nc1nc2cc(Cl)ccc2o1,,,,,2.334
CN1[C@H]2C[C@H](OC(=O)[C@H](CO)c3ccccc3)C[C@@H]1[C@@H]1O[C@H]12,,,,4.5,
Cc1ccc2c(c1)CC(=O)c1cc(C(C)C(=O)O)ccc1S2,,,,,3.495
O=C(O)CCC(=O)OC1CCCCC1,,,,,1.489
C=CC(=O)OCCOC,,,,,2.5069999999999997
CNC(=O)ON=CC1(C)SCC(C)S1,,,,,5.37
Oc1cc2nc(C(F)(F)F)[nH]c2cc1Cl,,,,,3.63
C=C[C@@H]1CNCC[C@@H]1CCCc1ccnc2ccc(OC)cc12,,,24.4,,
NC(=S)SSC(N)=S,,,,,1.976
Cc1ccc(CNC(=O)CCS(=O)(=O)c2ccc(Br)cc2)cc1,,98.7,,,
CC(=O)NCCCS(=O)(=O)[O-],,,0.3,,
COc1ccc2c(c1OC)C13CCN(C)C(C2)C1(O)CCC(O)C3,,,,,2.9930000000000003
CC(C(=O)O)c1ccc(N2CC=CC2)c(Cl)c1,,,,,2.8560000000000003
O=C1C(CCS(=O)c2ccccc2)C(=O)N(c2ccccc2)N1c1ccccc1,,,,,3.053
COc1ccccc1OCC(O)COC(N)=O,,,,,2.262
ClC1=C(Cl)C2(Cl)C3C4C=CC(O4)C3C1(Cl)C2(Cl)Cl,,,,,3.732
COP(=S)(OC)SCc1nnc(SC(C)C)s1,,,,,2.195
CC(C)=Cc1ccc(C(C)C(=O)O)cc1,,,,,2.198
CC1(C)OC(=O)N(c2cc(Cl)cc(Cl)c2)C1=O,,,,,1.961
NS(=O)(=O)c1cc(C(=O)[O-])c(NCc2ccco2)cc1Cl,,,0.12,,
CCCCNC(=O)n1c(NC(=O)OC)nc2ccccc21,,,,,1.463
C=CCNc1nc(NCC=C)nc(N(CCCCCCN(c2nc(NCC=C)nc(NCC=C)n2)C2CC(C)(C)NC(C)(C)C2)C2CC(C)(C)NC(C)(C)C2)n1,,,,,2.285
CCCCCCCCCCCCCCCCCCN,,,,,2.051
CCOC(=O)CSP(=O)(OC)OC,,,,,2.773
O=C(O)c1cccc(Cl)n1,,,,,1.859
COc1ccc2c(O[C@@H]3C[C@H]4C(=O)N[C@]5(C(=O)NS(=O)(=O)C6CC6)C[C@H]5/C=C\CCCCN(C)C(=O)[C@@H]4C3)nc(-c3ccccc3)nc2c1,-4.8899999,,,,
COc1ccc2c(c1)c(CC(=O)O)c(C)n2-c1ccnc2cc(Cl)ccc12,,99.01,,,
Cc1ccc(S(=O)(=O)O)cc1,,,,,1.842
NC(CCC(=O)O)C(=O)O,-6.0700002,,,,
CC(=O)N[C@@H](C(=O)NCCc1ccccc1)C(C)C,-4.4610906,,,,
C[NH+](C)C1C([O-])=C(C(N)=O)C(=O)C2(O)C(O)=C3C(=O)c4c(O)cccc4C(C)(O)C3CC12,,,1.2,,
Cc1ccc(NC(=O)CF)cc1,,,,,4.378
CN(C)C(=S)NN=Cc1ccc([N+](=O)[O-])o1,,,,,2.509
CC#CN(CC)CC,,,,,2.122
CC(C)N(C(=O)SCC(Cl)=CCl)C(C)C,,,,,2.835
C=C[C@@]1(O)C[N+]2(C)CC[C@H]1C[C@@H]2[C@@H](O)c1ccnc2ccc(OC)cc12,,,,6.7,
CCCCN1CCCN=C1C(OCC)c1ccccc1,,,,,3.096
CC(CO)Oc1ccccc1,,,,,1.731
N#Cc1cnn2c(N)cc(-c3ccccc3)nc12,,95.01,,,
CCCCOC(=O)COc1ccc(Cl)cc1Cl,,,,,2.665
CC([NH3+])Cc1ccccc1,,,6.1,,
COc1ccc([N+](=O)[O-])cc1CNCCO,,,,,3.877
CC(Cl)(Cl)Cl,,,,,1.112
COP(=O)(OC)OC(Cl)C(Cl)(Cl)Cl,,,,,4.319
CCCCCCCCCCCCCCCCCC1=NCCN1CCO,,,,,1.967
C[C@@](C(=O)O[C@H]1C[N+]2(CC(=O)Nc3cccc(F)c3)CCC1CC2)(c1ccccc1)N1CCCCC1,,99.6,,,
CCc1ccc(Oc2ccc(C)cc2CC(=O)O)c(Cl)c1,,,,,2.029
CCCN(c1cncnc1)P(=O)(c1ccccc1)c1ccccc1,,88.11,,,
CC(=O)O[C@H]1C(=O)[C@]23C[C@H]2C[C@H]2OC[C@@]2(OC(C)=O)[C@H]3[C@H](OC(=O)c2ccccc2)[C@]2(O)C[C@H](OC(=O)[C@H](O)[C@@H](NC(=O)OC(C)(C)C)c3ccccc3)C(C)=C1C2(C)C,,,12.0,,
CCOc1cc(Cc2cnc(N)nc2N)cc(OCC)c1-n1cccc1,,,2.5,,2.396
Cc1cnn(SC(Cl)(Cl)Cl)c1,,,,,2.3480000000000003
COC(=O)Cc1ccccc1,,,,,1.77
O=C(O)Cn1c(=O)n(Cc2ccc(Br)cc2F)c(=O)c2ccc(Cl)cc21,,,,,2.017
CCOC(=O)c1cn2nc(OP(=S)(OCC)OCC)cc2nc1C,,,,,3.234
C[C@@H](O)[C@H]1C(=O)N2C(C(=O)O)=C(S[C@@H]3CN[C@H](C(=O)Nc4cccc(C(=O)O)c4)C3)[C@H](C)[C@H]12,,,,3.8,
CCOP(=S)(OCC)Oc1cc(Cl)c(Br)cc1Cl,,,,,3.88
CN(c1ccc(Cl)cc1Cl)c1c([N+](=O)[O-])cc([N+](=O)[O-])cc1C(F)(F)F,,,,,4.96
Cc1cn([C@H]2CCCN(Cc3ccc(C(=O)O)c(Oc4cccc(Br)c4)c3)C2)c(=O)[nH]c1=O,,98.09,,,
O=C(/C=C/c1ccc(O)cc1)c1ccc(O)cc1O,-4.8378239,,,,
Cc1ccc(C(=O)N(CCCN)[C@@H](c2nc3cc(Cl)ccc3c(=O)n2Cc2ccccc2)C(C)C)cc1,,99.4,,,
COCCNc1nc(N)c2nc(O)n(Cc3ccccc3)c2n1,,79.17,,,
CCOC(=S)SCSSCP(=O)(OCC)OCC,,,,,4.399
N#CSCSc1nc2ccccc2s1,,,,,2.545
CNC(=O)[C@H](NC(=O)[C@](O)(Cc1ccccc1)CN(Cc1ccc(-c2ccccn2)cc1)NC(=O)[C@H](CC(=O)OC)C(C)(C)C)C(C)(C)C,-5.4699998,,,,
COc1ccc(O)c(C(C)(C)C)c1,,,,,1.955
CCCC=CC=O,,,,,2.1
CC(=O)CC(=O)OC(C)c1ccccc1,,,,,1.578
CN(CCO)c1ccc(N=Nc2c(Cl)cc([N+](=O)[O-])cc2Cl)cc1,,,,,2.117
COP(=S)(OC)SCSc1ccc(Cl)cc1,,,,,3.817
O=C(CC1CCN(Cc2ccn(-c3ccc(C(F)(F)F)cn3)c2)CC1)NC(c1ccc(F)cc1)c1ccc(F)cc1,,99.47,,,
CNc1c(Br)cnc2[nH]c(-c3ccc(OCCN4CCN(C)CC4)cc3)nc12,,96.17,,,
Cn1nnc(-c2ccc(-c3ccc(N4C[C@H](CO)OC4=O)cc3F)cn2)n1,,,0.91,,
CC(C)(C)NCC(O)COc1cccc2c1C[C@H](O)[C@H](O)C2,,,,9.2,
CCCCCCC#CC(=O)OC,,,,,1.88
CC[C@H]1OC(=O)[C@H](C)[C@@H](O[C@H]2C[C@@](C)(OC)[C@@H](O)[C@H](C)O2)[C@H](C)[C@@H](O[C@@H]2O[C@H](C)C[C@H](N(C)C)[C@H]2O)[C@](C)(O)C[C@@H](C)CN(C)[C@H](C)[C@@H](O)[C@]1(C)O,,,,69.0,
CCCCS(=N)(=O)CCC([NH3+])C(=O)[O-],,,0.26,,
OC(O)C(Cl)(Cl)Cl,,,,,2.5380000000000003
O=C1OCC(CCl)O1,,,,,3.232
c1ccsc1,,,,,1.779
COc1cnc(-c2ccccn2)nc1NC1CCCC1,,93.94,,,
CS(=O)(=O)c1ccc(-c2cn3ccccc3n2)cc1,,,,,1.866
O=[N+]([O-])c1cc([N+](=O)[O-])c(Nc2c(Br)cc(Br)cc2Br)c(C(F)(F)F)c1,,,,,5.105
CCCCCCCCCC(=O)N[C@H]1[C@H](Oc2c3cc4cc2Oc2ccc(cc2Cl)[C@@H](O[C@@H]2O[C@H](CO)[C@@H](O)[C@H](O)[C@H]2NC(C)=O)[C@@H]2NC(=O)[C@H](NC(=O)[C@@H]4NC(=O)[C@H]4NC(=O)[C@@H](Cc5ccc(c(Cl)c5)O3)NC(=O)[C@H](N)c3ccc(O)c(c3)Oc3cc(O)cc4c3)c3ccc(O)c(c3)-c3c(O[C@H]4O[C@H](CO)[C@@H](O)[C@H](O)[C@@H]4O)cc(O)cc3[C@@H](C(=O)[O-])NC2=O)O[C@H](CO)[C@@H](O)[C@@H]1O,,,0.57,,
O=P(OCCCl)(OCCCl)OCCCl,,,,,2.366
Nc1cc([N+](=O)[O-])ccc1O,,,,,1.808
CN(C(=O)c1cc(C(F)(F)F)cc(C(F)(F)F)c1)c1nc(C(F)(F)F)c(Cl)s1,,,,,2.96
CNC(=O)Oc1ccccc1C1OCCO1,,,,,3.951
CNC(=S)NN,,,,,3.876
CCC(=O)C1c2cccc(O)c2C(=O)c2c(O)cccc21,,,,,3.3110000000000004
COP(=O)(OC)OC(=C(Br)Br)c1ccc(Cl)cc1Cl,,,,,3.403
CCCOP(=S)(OCC)Sc1nc(C)cc(C)n1,,,,,3.589
CCN(CC)C(=O)c1cccc(C)c1,,,,,1.992
CN1C(=O)CC(N2CCCN(CC/C=C3/c4ccccc4CCc4ccc(CC(=O)O)cc43)CC2)N(C)C1=O,-5.3200002,,,,
CC(C1CC1)C(O)(Cn1cncn1)c1ccc(Cl)cc1,,,,,2.456
CCOP(=S)(OCC)Oc1cc(C)n(C)c(=O)c1,,,,,4.688
CN(C(=O)Cc1cccc2sccc12)C1CCCCC1[NH+]1CCCC1,,,1.1,,
CC(O)C#N,,,,,2.912
CO[C@H]1C[C@@H]2CC[C@@H](C)[C@@](O)(O2)C(=O)C(=O)N2CCCC3[C@H](C[C@@H]4CC[C@@H](OCCO)[C@H](OC)C4)[C@H](CC(=O)[C@H](C)/C=C(\C)[C@@H](O)[C@@H](OC)C(=O)[C@H](C)CC[C@H](C)/C=C/C=C/C=C/1C)OC(=O)[C@H]32,-4.630000099999998,,,,
CCC(=O)N(c1ccccc1)C1CC[NH+](CCc2ccccc2)CC1,,,0.89,,
CCC1(C)Oc2cccc(OC(=O)NC)c2O1,,,,,3.977
COc1cc(Cl)ccc1C[C@@H](C)C(=O)N1CCN(c2ccc(Cl)cc2[C@@H](NC(=O)C(C)N)C(C)C)CC1,-5.5214390999999985,,,,
O=C(O)COc1ccc(Cl)cc1,,,,,2.3409999999999997
Nc1ccn(C2COC(CO)O2)c(=O)n1,,,1.0,,
O=C1C2C3OC3C1C1C2C2(Cl)C(Cl)=C(Cl)C1(Cl)C2(Cl)Cl,,,,,5.693
CCCC(CCC)C(N)=O,,,,,2.207
CC1(C)CO1,,,,,1.268
CCCC(=O)OCC,,,,,0.951
CNC(C)=O,,,,,1.165
ClC1OCCOC1Cl,,,,,2.0469999999999997
CC(=O)NC(CC(C)C)C(=O)NC(CC(C)C)C(=O)NC(C=O)CCCNC(=N)N,,,,,2.773
COc1ccc([N+](=O)[O-])cc1Cl,,,,,2.201
COC(=O)CCBr,,,,,2.019
CCC1(c2cccc(O)c2)CCCC[NH+](C)C1,,,3.3,,
COc1c(OC)c(Cl)c2[nH]c(C(F)(F)F)nc2c1Cl,,,,,3.498
C[NH+]1C2CC(OC(=O)C(CO)c3ccccc3)CC1C1OC12,,,3.1,,
CCOP(=O)(OCC)OC(C)=CC(=O)OC(C)c1ccccc1,,,,,3.722
CCCN(CCC)C(=O)C(CCC(=O)NCCCOC(=O)Cc1c(C)n(C(=O)c2ccc(Cl)cc2)c2ccc(OC)cc12)NC(=O)c1ccccc1,,,,,3.2960000000000003
Cc1cccc(C)c1NC(=O)C(C)N,,,,12.0,
Cc1c(C)c2c(c(C)c1OC(=O)C(C)(C)Oc1ccc(Cl)cc1)CCC(C)(CCCC(C)CCCC(C)CCCC(C)C)O2,,,,,1.621
CCC(CO)CC(C)C,,,,,1.482
ClC(Cl)(Cl)C(Cl)(Cl)Cl,,,,,1.725
COc1ccc2c(O)cc(=O)n(Cc3ccc(-c4ccccc4-c4nn[nH]n4)cc3)c2c1,,99.89,,,
CCCCOCCOCC,,,,,1.713
CNS(=O)(=O)CCc1ccc2[nH]cc(C3CC[NH+](C)CC3)c2c1,,,2.4,,
CC(=[NH2+])N1CCC(Oc2ccc(C(Cc3ccc4ccc(C(N)=[NH2+])cc4c3)C(=O)[O-])cc2)C1,,,1.55,,
CCOP(=S)(OCC)N(SN(C)C(=O)ON=C(C)SC)C(C)C,,,,,3.094
O=[N+]([O-])c1c(Cl)c(Cl)c2nc(C(F)(F)F)[nH]c2c1Cl,,,,,4.3580000000000005
C[NH+]1CCOC(c2ccccc2)c2ccccc2C1,,,5.6,,
O=C(Cl)c1cccc([N+](=O)[O-])c1,,,,,1.878
Cc1ccc2nc(C[N+]34CCC(CC3)[C@@H](OC(=O)[C@](C)(c3ccccc3)N3CCCCC3)C4)oc2c1,,92.95,,,
N#CC(N=Nc1ccc(C(F)(F)F)cc1)=NNc1ccc(C(F)(F)F)cc1,,,,,2.798
CCOC(=N)c1sc2ccccc2c1O,,,,,1.743
CCC(C)c1cc([N+](=O)[O-])cc([N+](=O)[O-])c1OC(=O)Oc1ccc([N+](=O)[O-])cc1[N+](=O)[O-],,,,,3.62
CCOc1cc2ncc(C(N)=O)c(Nc3ccc(F)cc3F)c2cc1N1CCOCC1,,91.64,,,
CCOC(C1=NCC(C)(C)CN1)c1ccc(OC)cc1,,,,,2.6460000000000004
CC(=O)OCCCCCCOC(C)=O,,,,,1.829
Cc1ccc(S(=O)(=O)NCCSc2nnnn2-c2ccc(C(N)=O)cc2)cc1,,89.91,,,
CCCCOCCOCCOC(OCCOCCOCCCC)c1ccc2c(c1)OCO2,,,,,2.191
Cc1c(Cl)c(=O)oc2cc(OP(=O)(OCC(C)Cl)OCC(C)Cl)ccc12,,,,,2.8110000000000004
N=C(N)c1ccc(-c2ccc(-c3ccc(C(=N)N)cc3)o2)cc1,-6.4201083,,,,
CCc1ccc(NC(=O)c2ccnn2CCc2ccncc2)cc1,-5.0116143,,,,
COc1ccc2nc(C)cc(N3CC(CNC(=O)C4CC4)OC3=O)c2c1,,67.63,,,
CN1CCN(CCCN2c3ccccc3Sc3ccccc32)CC1,,,,,2.832
CO/N=C(/C(=O)NC1C(=O)N2C(C(=O)[O-])=C(Cn3ccc(=[NH2+])n3CCO)CSC12)c1csc(N)n1,,,0.3,,
C[N+](C)(C)CC(O)CC(=O)[O-],,,0.4,,
CNC(=O)ON=C1C(Cl)C2CC(C#N)C1C2,,,,,3.985
CC(C)OC(=O)c1ccccc1,,,,,1.644
CN[C@@H](C)C(=O)N[C@H](C(=O)N[C@H]1CCCCN(Cc2ccccc2)C1)C1CCCCC1,,80.29,,,
CCc1nc2c(N)[nH+]c3ccccc3c2n1CCCCNS(C)(=O)=O,,,3.1,,
COc1ncc(-c2ccccc2C(F)(F)CNC(=O)c2ccc(COCC(F)(F)F)nc2)cn1,,99.01,,,
CN1CCC[C@H]1c1cccnc1,,,,2.0,
C=CCOC=CCOC(C)=O,,,,,1.622
CNC(=C[N+](=O)[O-])NCCSCc1ccc(CN(C)C)o1,,,,2.1,1.875
O=P([O-])([O-])C(Sc1ccc(Cl)cc1)P(=O)([O-])O,,,0.23,,
C[n+]1cc2c3c(ccc2c2ccc4cc5c(cc4c21)OCO5)OCO3,,,,,2.301
NCC(O)CO,,,,,1.085
CCOP(=S)(OCC)SC1CCSc2ccc(Cl)cc21,,,,,3.768
COC(=O)C1C2CC3c4[nH]c5cc(OC)ccc5c4CCN3CC2CC(O)C1OC,,,,,2.937
CCCN(CCC)c1c([N+](=O)[O-])cc(C(F)(F)F)cc1[N+](=O)[O-],,,,,2.24
CCCCCC(CC)c1cc([N+](=O)[O-])c(OC(=O)OC)c([N+](=O)[O-])c1,,,,,2.887
FC(F)(F)C(Cl)(Cl)C(Cl)(Cl)C(F)(F)F,,,,,2.58
Cc1ccc2c(c1)c(-c1ccnc3c(F)cccc13)c(C)n2CC(=O)O,,99.1,,,
C=CCC1(C(C)CC)C(=O)NC(=O)NC1=O,,,,,3.591
CC(C)NC(=O)OC1CCN(CCCC(=O)c2ccc(F)cc2)CC1,,,,,3.053
Oc1ccc(Nc2ccc3ccccc3c2)cc1,,,,,1.656
CC(C)(C)NC(=O)NCCN1CCC(CNC(=O)c2cc(Cl)cc(Cl)c2)CC1,,89.05,,,
CCN(CC)C(=O)c1ccccc1O,,,,,2.523
[NH3+]C1CN(c2c(F)cc3c(=O)c(C(=O)[O-])cn(C4CC4F)c3c2Cl)CC12CC2,,,1.5,,
CCCN=C(NCCC)C(OCC)c1ccccc1,,,,,3.4410000000000003
COC(CC(C)=O)OC,,,,,1.329
CCCc1ccc2c(c1)OCO2,,,,,1.861
CN1CCN(C2=Nc3ccccc3Nc3ccc(OS(=O)(=O)C(F)(F)F)cc32)CC1,,96.42,,,
O=C(/C=C/c1ccc(O)c(O)c1/C=C/c1ccc(O)c(O)c1)OC(Cc1ccc(O)c(O)c1)C(=O)O,-7.2277412,,,,
CCS(=O)(=O)c1ccc(-c2cc(C(F)(F)F)ccc2OCC(=O)O)c(C)c1,,95.72,,,
CC(=O)OC1C(=O)C2(C)C(O)CC3OCC3(OC(C)=O)C2C(OC(=O)c2ccccc2)C2(O)CC(OC(=O)C(O)C(NC(=O)c3ccccc3)c3ccccc3)C(C)=C1C2(C)C,,,3.0,,
CCOc1nnc(CSP(=O)(OCC)OCC)s1,,,,,4.058
O=C(O)c1cccc2c(Cl)ccc(C(=O)O)c12,,,,,1.855
COc1ccccc1OCC(O)COC(=O)c1cccnc1,,,,,1.595
CN(C)c1nc2cc(Cl)ccc2o1,,,,,2.391
CN(C)N=Nc1ccc(C(=O)O)cc1,,,,,2.781
CC(C)COCCO,,,,,2.47
COc1ccc(C=O)cc1,,,,,1.955
O=C(c1cccc(N2Cc3cccc(Cl)c3C2=O)c1)N1CCC2(CC1)CCN(c1ccncc1)CC2,,99.05,,,
C/C=C/c1ccc(Oc2nnnn2-c2ccc(C(N)=O)cc2)c(OC)c1,,97.32,,,
COC(=O)OC12COC1CC(O)C1(C)C(=O)C(OC(C)=O)C3=C(C)C(OC(=O)C(O)C(NC(=O)c4ccccc4)c4ccccc4)CC(O)(C(OC(=O)c4ccccc4)C21)C3(C)C,,,6.9,,
O=C(O)COc1ccc(Cl)cc1CN1CCN(S(=O)(=O)c2ccc(F)cc2)CC1,,98.99,,,
FC(F)(F)c1nc2c(Br)cc(Cl)cc2[nH]1,,,,,4.62
CCCOP(=S)(OCC(C)C)Oc1cnn(C)c(=O)c1OC,,,,,3.553
CC(C)=CCC(CCN(C)C)(C(N)=O)c1cccc2ccccc12,,,,,3.3560000000000003
CCCCCCCC[Si](OCC)(OCC)OCC,,,,,1.495
CCOC(=O)CCN(SN(C)C(=O)Oc1cccc2c1OC(C)(C)C2)C(C)C,,,,,3.592
c1ccc2c(c1)CCCC2,,,,,1.665
COCCN1CC[NH+](Cc2ccc(-c3n[nH]c4c3C(=O)c3c(NC(=O)NN5CCOCC5)cccc3-4)cc2)CC1,,,5.9,,
CN1C(=O)C([O-])CC1c1cccnc1,,,0.85,,
CCC(C)Nc1c([N+](=O)[O-])cc(C(C)(C)C)cc1[N+](=O)[O-],,,,,2.072
CCOc1ccc(Cl)cc1C(CN(C)C)C(C)CC,,,,,2.6519999999999997
N#CC1CCCCC1,,,,,3.135
Cc1cccc(C)n1,,,,,2.428
C=C(C)C(=O)OCCC#N,,,,,1.278
C#CCOc1cccc(OC(=O)NC)c1,,,,,3.136
CC(=O)NC(CSSCC([NH3+])C(=O)[O-])C(=O)NC(C)C(=O)NC(CCCNC(N)=[NH2+])C(=O)NC(CCCNC(N)=[NH2+])C(=O)NC(CCCNC(N)=[NH2+])C(=O)NC(C)C(=O)NC(CCCNC(N)=[NH2+])C(N)=O,,,0.5,,
CC[NH+](CC)CCOC(=O)C(Cc1cccc2ccccc12)CC1CCCO1,,,0.98,,
C=C1C(=CC=C2CCCC3(C)C2CCC3C(C)CCCC(C)C)CC(O)CC1O,,,,,6.071000000000001
CC(=O)c1ccc(N)cc1,,,,,2.55
CC(C(=O)O)c1ccc(-c2ccccc2F)cc1,,,,,2.86
C=COC(=O)CCCCC(=O)OC,,,,,1.4780000000000002
Cc1nc(C(C)C)c(C(N)=O)nc1-c1ccc([C@H]2CC[C@H](CC(=O)O)CC2)cc1,,97.38,,,
O=C(CCc1ccccc1)OC1=C(OC(=O)CCc2ccccc2)C(=O)OC1=O,,,,,1.596
NC(=O)c1cnc(N[C@@H]2CCCC[C@@H]2N)nc1Nc1cccc(-n2nccn2)c1,,91.82,,,
CCOc1ccc([N+](=O)[O-])cc1,,,,,1.705
CCOP(=O)(CC)Sc1ccc(Cl)cc1,,,,,4.659
COc1cc(Cc2cnc(N)nc2N)cc(OC)c1OC,,66.1,1.5,9.6,3.162
CCOC(C)=Cc1oc2ccccc2[n+]1CCCS(=O)(=O)[O-],,,,,1.471
COc1cc([C@@H]2c3cc4c(cc3[C@@H](O[C@@H]3O[C@@H]5CO[C@@H](C)O[C@H]5[C@H](O)[C@H]3O)[C@H]3COC(=O)[C@H]23)OCO4)cc(OC)c1O,,,,5.7,
C#CC(C)(C)O,,,,,1.635
O=C1CSc2ncccc2N1,,,,,2.199
CCC(O)(CC)c1n[nH]cc1Cl,,,,,2.903
CC(=Cc1ccccc1)CC(=O)N1CCOCC1,,,,,2.39
CCC1OC(=O)CC(O)C(C)C(OC2OC(C)CC([NH+](C)C)C2O)C(CC=O)CC(C)C(=O)/C=C\C2(C)OC2C1C,,,2.83,,
NC(Cc1ccc(O)c(O)c1)C(=O)O,,,,,2.044
Nc1cc(-c2ccccc2)ccc1O,,,,,1.913
N#CCCO,,,,,1.347
C=CCCCC=CCO,,,,,0.985
C=C1CC23CC1(O)CCC2C12C=CC(O)C(C)(C(=O)O1)C2C3C(=O)O,,,,,1.74
CCC(C(=O)N1CCCCC1C(=O)OC(CCc1ccc(OC)c(OC)c1)c1cccc(OCC(=O)NCCNC(=O)COc2cccc(C(CCc3ccc(OC)c(OC)c3)OC(=O)C3CCCCN3C(=O)C(CC)c3cc(OC)c(OC)c(OC)c3)c2)c1)c1cc(OC)c(OC)c(OC)c1,,,0.62,,
O=C(OCC(O)C1COc2ccccc2O1)N1CCOCC1,,,,,2.314
CCOC(=S)SSC(=S)OCC,,,,,2.7030000000000003
N#Cc1ccc2c(c1)CN(S(=O)(=O)c1cccs1)C(Cc1ccccc1)CN2Cc1cnc[nH]1,,,0.84,,
CSCCC(NC(=O)c1cnccn1)c1nc2ccccc2[nH]1,,60.22,,,
O=C1NC(=O)C(c2ccccc2)(c2ccccc2)C(=O)N1,-4.46,,,,
O=C(Cl)Oc1cccc2ccccc12,,,,,1.909
C=C(C)C(=O)OCCN(CCOC(=O)C(=C)C)CCOC(=O)C(=C)C,,,,,1.5
COP(C)(=S)Oc1ccc(S(C)=O)c(C)c1,,,,,4.967
C=CC(=O)OC,,,,,2.492
CCN(CC)CC,,,,,2.342
O=C([C@H]1CCCCN1)N1CCN(c2nc(NCc3ccc(Cl)cc3Cl)c3cccnc3n2)CC1,,88.11,,,
CCS(=O)CCOP(=O)(OC)OC=C(Cl)Cl,,,,,3.452
COCCOC(N)=O,,,,,1.035
CCOc1ccccc1OCC1C[NH2+]CCO1,,,0.73,,
O[C@H](c1cc(C(F)(F)F)nc2c(C(F)(F)F)cccc12)[C@@H]1CCCCN1,,97.86,,,
COc1ccc2c(c1)N(CCCN(C)C)c1ccccc1S2,,,,,2.634
CC(C)(C)C(=O)CCC1C(=O)N(c2ccccc2)N(c2ccccc2)C1=O,,,,,2.904
Cc1cc(=NC(=O)c2ccccc2O)n(C)n1C,,,,,2.226
CCO[C@@H](Cc1ccc(OCCc2ccc(OS(C)(=O)=O)cc2)cc1)C(=O)O,,,,45.0,
CCCCCCC(CC=CCCCCCCCC(=O)OCCOC)OC(C)=O,,,,,1.422
O=C1CCC2(O)C3Cc4ccc(O)c5c4C2(CCN3CC2CC2)C1O5,,,7.6,,
CNC(=O)ON=CC1(C)SCCS1,,,,,4.572
Cc1csc(NC(=O)C(C(=O)OC(C)C)=C2SCS2)n1,-4.5100002,,,,
CC(C)c1noc2nc(C(C)(C)C)ncc12,,,,,1.153
COc1cc(O)c2c(O)c3c(c4c2c1C1(C4)C(C)=CCCC1(C)C)C(O)C1(O)CC(O)=C(C(N)=O)C(=O)C1(O)C3=O,,,,,3.666
CCC1(O)C(=O)OCc2c1cc1n(c2=O)Cc2cc3c(N)cccc3nc2-1,,,2.2,,
COCCCOc1ccnc(CS(=O)c2nc3ccccc3[nH]2)c1C,,,0.22,,
S=P(N1CC1)(N1CC1)N1CC1,,,1.6,2.7,3.915
CCCCCNC(=[NH2+])N/N=C/c1c[nH]c2ccc(OC)cc12,,,5.3,,
C=COC(=O)C=C,,,,,3.063
O=[N+]([O-])c1ccc(O)c(Cl)c1,,,,,2.285
CNC(=O)Oc1cc(C)c(S(C)=O)c(C)c1,,,,,3.759
CC(=O)Oc1c([N+](=O)[O-])cc([N+](=O)[O-])cc1C(C)(C)C,,,,,3.658
O=C(NN1CCCC1)NS(=O)(=O)c1ccc(Cl)cc1,,,,,1.87
CCN1CCCC1=O,,,,,1.923
CCCCc1ccc(C(=O)c2ccccc2F)cc1,,,,,2.506
CCCN(CCC)C(=O)C(Cc1ccc(OCCN(CC)CC)cc1)NC(=O)c1ccccc1,,,,,2.767
Cc1nnc(SCC2=C(C(=O)O)N3C(=O)[C@@H](NC(=O)[C@H](O)c4ccccc4)[C@H]3SC2)s1,,,,1.0,
COc1ccc2cc([C@H](C)C(=O)O)ccc2c1,-4.6599998,,,,
CC(Cl)CO,,,,,2.637
Cn1c(CNc2ccc(C(N)=[NH2+])cc2)nc2cc(C(=O)N(CCC(=O)[O-])c3ccccn3)ccc21,,,0.85,,
CC(C)Cc1ccc(C(C)C(=O)[O-])cc1,,,0.15,,
C=CC(C)(CCC=C(C)C)OC(=O)C=Cc1ccccc1,,,,,1.456
CN(c1ccc(F)cc1F)c1c([N+](=O)[O-])cc([N+](=O)[O-])cc1C(F)(F)F,,,,,3.179
CCC(Cl)Cl,,,,,1.24
C=C(C)C(=O)NCO,,,,,2.611
Oc1ccc2c(c1)CCC2,,,,,1.616
CN(C)c1ccc(N=Nc2cccc(C(=O)O)c2)cc1,,,,,1.855
COCC(O)Cn1ccnc1[N+](=O)[O-],,,,,1.975
Cc1cc2cc(C)c3nnc(SCC(=O)N4CCN(C(=O)c5ccco5)CC4)n3c2cc1C,,97.91,,,
COC1CC2CC1C1CC(C=O)CC21,,,,,1.841
COP(=S)(OC)SC(C)CSCC(C)SP(=S)(OC)OC,,,,,3.06
CC(C)CC(NC(=O)C(CCc1ccccc1)NC(=O)CN1CCOCC1)C(=O)NC(Cc1ccccc1)C(=O)NC(CC(C)C)C(=O)C1(C)CO1,,,0.13,,
CN(C)c1ccc(-c2nc(=O)n(C)nc2-c2ccc(N(C)C)cc2)cc1,,,,,2.066
NC(=O)[C@H]1CCCN1C(=O)[C@@H](Cc1c[nH]cn1)NC(=O)[C@H]1CCC(=O)N1,-6.8313413,,,,
Cc1cc2[nH]c(C(F)(F)F)nc2cc1Cl,,,,,3.63
CC(C)Oc1cc2ncc(C(N)=O)c(Nc3ccc(Cl)c(Cl)c3)c2cc1N1CCN(C)CC1,,99.01,,,
ClCC1COC(C(Cl)(Cl)Cl)O1,,,,,2.38
COc1cc2nnc(C(N)=O)c(Nc3ccc(F)cc3F)c2cc1N1CCN(C)CC1,,90.52,,,
CCCCN(N=O)c1ccc(N(CCCC)N=O)cc1,,,,,2.03
FC(F)(F)c1nc2c(Cl)c(Cl)cc(Cl)c2[nH]1,,,,,4.66
CCC=CC1C(C(=O)OCc2coc(Cc3ccccc3)c2)C1(C)C,,,,,2.6260000000000003
CCCSP(=S)(OCC)Oc1ccc(SC)cc1,,,,,3.696
N#Cc1ccc(C[C@@H](C(=O)O)N2CCC(CN3CCC(Oc4ccc(Cl)c(Cl)c4)CC3)CC2)cc1,,94.79,,,
Cc1ccc(S(=O)(=O)Nc2c(C(=O)NC3CCCCC3C)c(C)nn2-c2ccccc2)cc1,,99.34,,,
Cc1onc(-c2c(F)cccc2Cl)c1C(=O)NC1C(=O)N2C1SC(C)(C)C2C(=O)[O-],,,0.19,,
COCCNCC(=O)NC12CC3CC(CC(C3)C1)C2,,50.0,,,
NC(=S)NC(N)=S,,,,,4.4319999999999995
O=C(NO)c1ccccc1O,,,,,1.486
C#CCOP(=O)(OCC(C)C)c1ccccc1,,,,,2.6239999999999997
CCCCC(CC)OCCOCCO,,,,,1.842
CNC[C@H](O)c1ccc(O)c(O)c1,-6.125,,,,
CO[C@H]1CN(CCn2c(=O)ccc3ccc(C#N)cc32)CC[C@@H]1NCc1cc2c(cn1)OCCO2,,84.0,,,
CCOC(C1=NCC(C)(C)CN1)c1cccc(F)c1,,,,,2.5469999999999997
CCOC(=O)C1=CN(C(C)=O)C2CCCC(C)N2C1=O,,,,,2.051
CC1=NN(c2ccccc2)C(=O)C1C=O,,,,,2.451
CC(=O)OCCC(Cl)C(C)=O,,,,,1.94
Cc1cc(Nc2nc(N[C@@H](C)c3ncc(F)cn3)ncc2F)n[nH]1,,52.88,,,
O=C1CN2CCOC2(c2ccccc2F)c2cc(Br)ccc2N1,,,,,2.121
Clc1ccc(C(OCCN2CCCCC2)c2ccccc2)cc1,,,,,2.1519999999999997
C[N+]1(C)CCC(OC(=O)C(O)(c2ccccc2)C2CCCC2)C1,,28.95,0.37,,
OCCC1CCN(CCC=C2c3ccc(F)cc3Sc3ccc(C(F)(F)F)cc32)CC1,,,,,5.479
O=C(NCCc1ccc(O)cc1)c1cccnc1,,,,,1.455
CCOC(=O)c1c(C)cc2nc(COC(=O)NC)n(-c3ccccc3Cl)c(=O)c2c1C,,,,,2.249
CCCCCCC(O)C1C2=C(CC(C(O)C3CC=CC(=O)O3)CC3=C(C(=O)OC3=O)C1O)C(=O)OC2=O,,,,,3.113
CCOC(=O)Oc1ccc(CCNC(=O)C(CCSC)NC(C)=O)cc1OC(=O)OCC,,,,,2.372
CCN(CC)CCO,,,,,1.955
C[C@H](CN(C(=O)c1ccc(C#N)cc1)c1ccccn1)N1CCN(c2cccc3c2OCCO3)CC1,,99.1,,,
CCOCCOCC,,,,,1.43
CCN[C@@H](C)Cc1cccc(C(F)(F)F)c1,,,,14.0,
CC(C)(C)c1cc([N+](=O)[O-])cc([N+](=O)[O-])c1Nc1ccc([N+](=O)[O-])cc1[N+](=O)[O-],,,,,5.307
CCOP(=S)(Oc1cnn(C)c(=O)c1OC)OC(C)C,,,,,5.003
COCC(=O)Nc1c(I)c(C(=O)NCC(O)CO)c(I)c(C(=O)N(C)CC(O)CO)c1I,,,0.22,2.6,
O=C(/C=C/c1ccc(O)c2c1C(C(=O)O)C(c1ccc(O)c(O)c1)O2)OC(Cc1ccc(O)c(O)c1)C(=O)O,-7.0891552,,,,
COc1cccc2c1c([N-]S(=O)(=O)c1ccc(Cl)s1)nn2Cc1cccc(CNC(=O)C(C)(C)O)c1,,,1.65,,
C[C@@H]1NC(=O)[C@@H](C)N(C)C(=O)[C@H](C)N(C)C(=O)[C@@H](C)N(C)C(=O)[C@@H](C)N(C)C(=O)[C@H](C)NC1=O,-5.8200002,,,,
C1C2OC2C2C1C1CC2C2OC12,,,,,2.893
S=c1sc2nc3ccccc3nc2s1,,,,,2.1180000000000003
CO[C@@]1(NC(=O)[C@H](C(=O)O)c2ccsc2)C(=O)N2[C@@H](C(=O)O)C(C)(C)S[C@@H]21,,,0.11,,
CCP(=O)(OC)Oc1ccc(S(C)(=O)=O)cc1,,,,,5.541
CCS(=O)(=O)c1ccc(-c2cc(Cl)ccc2OCC(=O)O)cc1,,97.26,,,
CNC(=O)CSP(C)(=S)OC,,,,,4.329
O=C1c2ccccc2-c2c([N+](=O)[O-])cc3c4cc([N+](=O)[O-])c5c6c(ccc(c7ccc1c2c73)c64)C(=O)c1ccccc1-5,,,,,1.7380000000000002
CCC(C)NC(=S)C(=S)NC(C)CC,,,,,4.588
O=P(O)(O)OC(=CCl)c1ccc(Cl)cc1Cl,,,,,4.368
COc1ccc(CNCC(O)COc2ccc3[nH]c(=O)ccc3c2)cc1OC,,,,,2.4090000000000003
Cc1ccc(SP(=S)(CCl)OC(C)C)cc1,,,,,3.16
Cc1ccccc1OCC(O)C[NH2+]CCOc1ccc(C(N)=O)cc1,,,4.0,,
COC12C(COC(N)=O)C3=C(C(=O)C(C)=C(N)C3=O)N1CC1C2N1C,,,,,3.71
O=C(CCC[NH+]1CCC(n2c(=O)[nH]c3ccccc32)CC1)c1ccc(F)cc1,,,3.8,,
O=C1COc2ccc(CNC3CCN(CCN4C(=O)COc5ccc([N+](=O)[O-])cc54)CC3)nc2N1,,75.12,,,
CC(C)=CCCC1=CCC(C=O)CC1,,,,,1.44
C=Cc1ccccc1Cl,,,,,1.527
CC(=O)O[C@@]12CO[C@@H]1C[C@H](O)[C@@]1(C)C(=O)[C@H](O)C3=C(C)[C@@H](OC(=O)[C@H](O)[C@@H](NC(=O)OC(C)(C)C)c4ccccc4)C[C@@](O)([C@@H](OC(=O)c4ccccc4)[C@@H]12)C3(C)C.O.O.O,,,,11.0,
CCOP(=S)(OCC)SCCl,,,,,4.525
c1ccc2c3c([nH]c2c1)CCCC3,,,,,1.81
CN(C)C(=O)NC1CC2CC1C1CCCC21,,,,,2.046
O=C(O)c1ccccc1N1CCC(CN2CCC(Oc3ccc(Cl)c(Cl)c3)CC2)CC1,,82.05,,,
COc1ncc2ccc(=O)n(CCN3CCC(NCc4cc5c(cn4)OCCO5)CC3)c2n1,,72.45,,,
Cc1ccc2[nH]c(C(F)(F)F)nc2c1[N+](=O)[O-],,,,,4.5
CC(C)=CCCC(C)CC#N,,,,,1.455
CN(C)C(CSC#N)CSC#N,,,,,3.39
CC(=O)c1ccc2c(c1)N(CCCN1CCOCC1)c1ccccc1S2,,,,,2.168
CCOP(=S)(Oc1ccc(C#N)cc1)c1ccccc1,,,,,4.027
CC(N)Cc1ccccc1,,,,7.3,3.654
CCC(C)(C)c1ccc(OCCCCN)c(C(C)(C)CC)c1,,,,,2.582
O=C1CCCO1,,,,,1.747
C=C(C)C1CCC(C)(OP(=S)(OC)OC)CC1,,,,,2.7460000000000004
COc1ccc(CCO[C@@H]2CCCC[C@H]2N2CC[C@@H](O)C2)cc1OC,,37.06,,,
CCOP(=O)(OC=C(SCC)SCC)OCC,,,,,4.302
C[C@@](C(=O)O[C@H]1C[N+]2(CCc3ccccc3)CCC1CC2)(c1ccccc1)N1CCCCC1,,97.6,,,
CCCc1nn(C)c2c(=O)[nH]c(-c3cc(S(=O)(=O)N4CC[NH+](C)CC4)ccc3OCC)nc12,,,1.36,,
[NH3+][NH+]=c1cc2c(n[nH]1)CCN(C(=O)c1ccccc1)C2,,,2.2,,
C[NH+](C)CCCC1(c2ccc(F)cc2)OCc2cc(C#N)ccc21,,,12.0,,
CC1(C)C2CCC1(C)C(Oc1ccc(N)cc1)C2,,,,,2.57
CC(C)OC(C)C,,,,,1.081
CCOc1cccc(/C=C2\SC(=O)NC2=O)c1N1CCC[C@@H](N)C1,,94.79,,,
CCC(C)CCCCC(=O)NC(CCN)C(=O)NC(C(=O)NC(CCN)C(=O)NC1CCNC(=O)C(C(C)O)NC(=O)C(CCN)NC(=O)C(CCN)NC(=O)C(C(C)O)NC(=O)C(CC(C)C)NC(=O)C(CCN)NC1=O)C(C)O,,,,,3.1039999999999996
N=C(N)c1ccc2nc(-c3ccccn3)[nH]c2c1,-6.4579659000000005,,,,
CCN1CCC[C@H]1CNC(=O)c1c(O)c(Cl)cc(Cl)c1OC,,89.05,,,
ClC1C=CCC1,,,,,2.506
Nc1ccn(CC(CO)OCP(=O)([O-])[O-])c(=O)n1,,,0.49,,
Nc1ccc2ccccc2c1,,,,,2.294
CC=C(C)C(=O)N1CCCc2cc(C)ccc21,,,,,2.018
NC(=O)CC[C@H](N)C(=O)O,-6.0702906,,,,
CCC(C)CCCCCCC(=O)NC1C(Oc2c3cc4cc2Oc2ccc(cc2Cl)C(OC2OC(CO)C(O)C(O)C2NC(C)=O)C2NC(=O)C(NC(=O)C4NC(=O)C4NC(=O)C(Cc5ccc(c(Cl)c5)O3)NC(=O)C(N)c3ccc(O)c(c3)Oc3cc(O)cc4c3)c3ccc(O)c(c3)-c3c(OC4OC(CO)C(O)C(O)C4O)cc(O)cc3C(C(=O)[O-])NC2=O)OC(CO)C(O)C1O,,,0.57,,
CCCCCCCCCCCCCCCCCC(=O)OCCCC,,,,,1.027
COP(=S)(NC(C)C)Oc1ccc(Cl)cc1Cl,,,,,3.0660000000000003
CCCSP(=S)(OCC)Oc1ccc(Cl)cc1Cl,,,,,2.596
FC(F)(F)c1nc2c(C(F)(F)F)cc(Cl)cc2[nH]1,,,,,5.24
NP(=S)(N1CC1)N1CC1,,,,,3.393
CC1CCCC2C(C)OP(=S)(Cl)OC12,,,,,3.365
CCC(CC)CO,,,,,1.742
CN1CC[C@]23c4c5ccc(O)c4O[C@H]2[C@@H](O)C=C[C@H]3[C@H]1C5,,20.83,,2.0,
C[C@@H](O)[C@H]1C(=O)N2C(C(=O)O)=C(CN)S[C@H]12,,,0.23,,
CNC(=O)N(N(CCCl)S(C)(=O)=O)S(C)(=O)=O,,,0.88,,
CC(C)CC(=O)OCC=Cc1ccccc1,,,,,1.64
CC1CS(=O)(=O)CCN1N=Cc1ccc([N+](=O)[O-])o1,,,,,1.851
CNC(=O)ON=C(CS(C)=O)C(C)(C)C,,,,,4.79
CCCCN(CCCC)CCOc1ccnc(N)n1,,,,,2.426
CCP(=S)(OC)SCn1c(=O)oc2cccnc21,,,,,2.8110000000000004
Cc1ccc(-c2c(C)nn(C)c2C)cc1NC(=O)c1ccc(OCc2ccccn2)cc1,,98.21,,,
CCCCCC(O)C=CC1C(O)CC(=O)C1CCCCCCC(=O)O,,,,,3.1919999999999997
N#Cc1ccc2[nH]c(C(F)(F)F)nc2c1,,,,,4.68
C(=Nc1ccc(N=Cc2ccco2)cc1)c1ccco1,,,,,2.336
CC12CCC3C4CCC(=O)C=C4CCC3C1CCC2OC(=O)N(CCCl)N=O,,,,,2.271
FC(F)(F)c1nc2c(Br)c(Br)c(Br)cc2[nH]1,,,,,4.77
O=C(O)C(F)(F)C(F)(F)C(F)(F)C(F)(F)C(F)(F)C(F)F,,,,,2.381
CCCCNS(=O)(=O)c1ccccc1,,,,,2.017
COCC(=O)O[C@]1(CCN(C)CCCc2nc3ccccc3[nH]2)CCc2cc(F)ccc2[C@@H]1C(C)C,,,,13.0,
CC(=O)OCC=C(C)C,,,,,1.631
CCCC(c1cc(C)cc(C)c1O)c1cc(C)cc(C)c1O,,,,,1.734
CN1Cc2ccccc2C2CCc3ccccc3C21,,,,,2.395
C[C@H](CS)C(=O)N1CCC[C@H]1C(=O)O,-4.8200002,90.12,,2.0,
CCNC(C)C(C)C,,,,,2.42
COc1ccc(-c2cc(C)[nH]c2-c2ccc(OC)cc2)cc1,,,,,2.2119999999999997
C[C@@H](NC(=O)C1CCNCC1)c1ccc(Nc2ncc3cc(-c4ccncc4)ccc3n2)cc1,,95.23,,,
CCOP(=S)(OCC)SCn1nc(CC)ccc1=O,,,,,4.235
O=[N+]([O-])c1ccc(Oc2ccc(Cl)cc2Cl)cc1,,,,,2.5839999999999996
CCOC(=O)C1OC1C,,,,,2.415
CI,,,,,3.2710000000000004
Nc1scc2c(C(=O)NC3CC3)nn(-c3ccc(Cl)cc3)c(=O)c12,,98.21,,,
CCOP(=O)(Cl)Cl,,,,,2.87
C[C@H](CO)Nc1nc(SCc2cccc(F)c2F)nc2[nH]c(=O)cnc12,,98.86,,,
CC1(C)COCN1,,,,,2.0269999999999997
CC(N)c1ccccc1,,,,,2.11
COP(=O)(SC(C)C)SC(C)C,,,,,3.283
CC/C=C\C/C=C\C/C=C\C/C=C\C/C=C\C/C=C\CCC(=O)OC(C(=O)OC1CC2(O)C(OC(=O)c3ccccc3)C3C4(OC(C)=O)COC4CC(O)C3(C)C(=O)C(OC(C)=O)C(=C1C)C2(C)C)C(NC(=O)c1ccccc1)c1ccccc1,,,0.07,,
O=C=Nc1cccc(Cl)c1,,,,,1.5630000000000002
CC(C)(C)N=NC(C)(C)O,,,,,2.642
CCC[NH2+]C(C)C(=O)Nc1ccccc1C,,,3.7,,
O=[N+]([O-])c1cc([N+](=O)[O-])c(Nc2cc(C(F)(F)F)ccc2Cl)c(C(F)(F)F)c1,,,,,3.66
CC1(C(=O)O)CCC2(C)CCC3(C)C(=CC(=O)C4C5(C)CCC(OC(=O)CCC(=O)O)C(C)(C)C5CCC43C)C2C1,,,,,2.367
C=C(OP(=O)(OC)OC)P(=O)(OCC)OCC,,,,,3.284
CN(C)CCNc1ccc2c3c(nn2CCNCCO)-c2cnccc2C(=O)c13,,,,45.0,
O=C(NC1(C(=O)N[C@H](Cc2ccccc2)C(=O)NCCC(=O)N2CCN(C3CCOCC3)CC2)CCCC1)c1cc2ccccc2s1,-5.8880281,,,,
Nc1c(Cl)cc(Cl)cc1C(=O)O,,,,,1.699
CCC1Cc2cc(CC(=O)O)ccc2O1,,,,,2.202
Cn1c(-c2cccc(F)c2)nc2c(N)nc(C#CC3(O)CCCC3)nc21,,88.11,,,
CC(C)Oc1ccccc1[N+](=O)[O-],,,,,1.86
CCc1cccc(CC)c1N,,,,,1.919
O=C1CN(/N=C/c2ccc([N+](=O)[O-])o2)C(=O)[N-]1,,,0.57,,
CC(C)=CC1C(C(=O)OCN2C(=O)C3=C(CCCC3)C2=O)C1(C)C,,,,,1.854
C=CCOc1ccccc1OCC(O)C[NH2+]C(C)C,,,0.72,,
O=[N+]([O-])c1ccc2ccccc2c1,,,,,1.595
CCCCOc1ccc(C(CN(C)C)C(C)CC)cc1Cl,,,,,2.4730000000000003
O=C1C(O)=C(CC=C(Cl)Cl)C(=O)c2ccccc21,,,,,3.003
CN(C)CCOC(c1ccccc1)c1ccccc1,-4.27,,,9.3,
CC1=C(C(=O)OC(C)C)C(c2cccc([N+](=O)[O-])c2)C(C(=O)OC2CN(C(c3ccccc3)c3ccccc3)C2)=C(N)N1,,,,,2.6630000000000003
O=P(O)(O)CN(CP(=O)(O)O)CP(=O)(O)O,,,,,2.154
CC1CCC2C(C)C(OC(=O)CCC(=O)O)OC3OC4(C)CCC1C32OO4,-5.4000001,,15.0,,
CCOC(=O)C=C1SC(N2CCCCC2)C(=O)N1C,,,,,1.443
Cc1c(Cl)ccc2[nH]c(C(F)(F)F)nc12,,,,,4.0280000000000005
CCOC(=O)C1=CN(CC)C2CCCC(C)N2C1=O,,,,,2.553
C#CCN(CC)CC,,,,,1.859
CC(C)(C)NC(=O)C1CCC2C3CCC4NC(=O)C=CC4(C)C3CCC12C,,,1.1,,2.95
C=C1C(=CC=C2CCCC3(C)C2CCC3C(C)CCC(O)C(C)C)CC(O)CC1O,,,,,5.104
CC1CCCC(C)[NH+]1CCCC(O)(c1ccccc1)c1ccccn1,,,1.4,,
CCOC(=O)C1=C(O)c2ccccc2S(=O)(=O)N1C,,,,,1.771
CC(O)C1C(=O)N2C(C(=O)[O-])=C(SC3CC(C(=O)N4CCC(NC(=O)CNC(N)=[NH2+])C4)N(C)C3)C(C)C12,,,0.23,,
C[C@H]1CN(C(=O)[C@@H]2CN(C(C)(C)C)C[C@H]2c2ccc(F)cc2F)C[C@@H](C)[C@]1(O)c1ccccc1,,76.81,,,
Cc1ccc(NC(=O)c2ccc(CN3CC[NH+](C)CC3)cc2)cc1Nc1nccc(-c2cccnc2)n1,,,3.9,,
CCN(CC)CCCNC(=O)C(C)(C)Oc1ccc(Cl)cc1,,,,,3.338
C[NH+](C)CCCN1c2ccccc2Sc2ccc(Cl)cc21,,,10.0,,
FC(F)(F)Oc1ccc(-c2nnc(CCCCc3ccc4cccnc4n3)o2)cc1Cl,,99.92,,,
C=CC(=O)NCNC(=O)C=C,,,,,2.597
CC(C)(O)C(=O)OCCc1ccccc1,,,,,1.76
CC(=O)OCC(C)OC(C)=O,,,,,1.073
CNS(=O)(=O)CCNC(=O)N(CCCl)N=O,,,,,3.834
CCCCCN(C)CCC(O)(P(=O)(O)O)P(=O)(O)O,,,,14.0,
O=C(NC1CCSC1=O)c1cccnc1,,,,,1.694
C[C@@]12C=CC(=O)C=C1CC[C@@H]1[C@@H]2[C@@H](O)C[C@@]2(C)[C@H]1CC[C@]2(O)C(=O)CO,-5.4436975,,,,
C[C@@H]1CC(=O)NN=C1c1ccc(NN=C(C#N)C#N)cc1,,,,1.1,
Cc1cccc(C(=O)Cl)c1,,,,,1.653
CC(N)CNCCCO,,,,,1.368
CC12NC(=[NH2+])NC13N(CCC3(O)O)C(=[NH2+])NC2COC(N)=O,,,,,6.21
CNC(=O)c1[nH]cnc1C(=O)Nc1ccc(Cl)cc1,,97.32,,,
CC1COC(=O)O1,,,,,0.547
Cc1c(Cl)c(Cl)c(Cl)c2[nH]c(C(F)(F)F)nc12,,,,,4.67
c1ccc(-c2ccccn2)nc1,,,,,3.194
Cc1cc(F)ccc1NC(=O)c1cc(Cl)cc(-c2ccc(Cl)cc2)c1O,,,,,2.1919999999999997
CCOC(=O)CN(C(=O)CCl)c1c(CC)cccc1CC,,,,,2.1319999999999997
C=C(CO)C(=O)OCC,,,,,2.322
Cc1cn(-c2c(Cl)cccc2Cl)c(N)n1,,,,,2.986
CN(CCc1ccccc1)N=O,,,,,3.534
O=[N+]([O-])c1cc([N+](=O)[O-])c(F)cc1F,,,,,3.611
O=C(O)CCn1c2c(c3ccccc31)C[C@H](NS(=O)(=O)c1ccc(F)cc1)CC2,,97.26,,,
Clc1ccc(C(Cl)(Cl)Cl)c(Cl)c1,,,,,1.923
OCC1OC2OC3C(CO)OC(OC4C(CO)OC(OC5C(CO)OC(OC6C(CO)OC(OC7C(CO)OC(OC8C(CO)OC(OC1C(O)C2O)C(O)C8O)C(O)C7O)C(O)C6O)C(O)C5O)C(O)C4O)C(O)C3O,,,,,1.781
CC(=O)CC(=O)N(C)C,,,,,0.757
O=c1c(-c2ccc(O)cc2)coc2c(C3O[C@H](CO)[C@@H](O)[C@H](O)[C@H]3O)c(O)ccc12,-6.3989701,,,,
CCCCC(C#N)(Cn1cncn1)c1ccc(Cl)cc1,,,,,2.256
CN(C)[C@@H]1C(O)=C(C(=O)NCN2CCCC2)C(=O)[C@@]2(O)C(O)=C3C(=O)c4c(O)cccc4[C@@](C)(O)[C@H]3C[C@@H]12,,,,8.8,
COc1ccccc1Oc1c([N-]S(=O)(=O)c2ccc(C(C)C)cn2)nc(-c2ccnc(-c3nnn[n-]3)c2)nc1OCCO,,,0.28,,
C=CC(C)=O,,,,,3.369
CCOC(=O)c1ccc([N+](=O)[O-])cc1,,,,,1.866
O=C(NCc1ccccc1)c1ccc2cccnc2c1O,,96.93,,,
COP(=S)(OC)SCn1ncccc1=O,,,,,4.881
COP(=S)(OC)SC(C)CSCC1CC2(Cl)C(Cl)=C(Cl)C1(Cl)C2(Cl)Cl,,,,,2.763
Oc1ccc(-c2ccc(O)cc2)cc1,,,,,1.277
Cc1ccc(S(=O)(=O)O)c(N)c1,,,,,1.344
CS(=O)(=O)c1ccc(-c2cc(C(F)(F)F)ccc2OCC(=O)O)c(Cl)c1,,95.82,,,
CC(=O)OC(C)CC(C)C,,,,,1.369
Cc1c(F)c(N2CCNC(C)C2)cc2c1c(=O)c(C(=O)O)cn2C1CC1,-4.8899999,,,,
CCCCC[NH+](C)CCC(O)(P(=O)([O-])[O-])P(=O)([O-])O,,,0.55,,
CN[C@H]1C(=O)N[C@@H]2Cc3ccc(cc3)Oc3cc4cc(c3O[C@@H]3O[C@H](C(=O)O)[C@@H](O)[C@H](O)[C@H]3NC(=O)CCCCCCCCC(C)C)Oc3ccc(cc3Cl)[C@@H](O)[C@@H]3NC(=O)[C@H](NC(=O)[C@@H]4NC(=O)[C@@H](NC2=O)c2cc(cc(O)c2Cl)Oc2cc1ccc2O)c1ccc(O)c(c1)-c1c(O[C@H]2O[C@H](CO)[C@@H](O)[C@H](O)[C@@H]2O)cc(O)cc1[C@@H](C(=O)NCCCN(C)C)NC3=O,,,,170.0,
C[C@H]1CN(c2cc(N(CCO)Cc3cccc4ccccc34)[nH]c(=O)n2)CCO1,,84.0,,,
O=c1n(CC2CO2)c(=O)n(CC2CO2)c(=O)n1CC1CO1,,,,,3.199
Cc1ccc(-c2cn(C)c(C)n2)cc1NC(=O)c1ccc(OCc2ccccn2)cc1,,94.44,,,
CCCN(CC1CC1)c1c([N+](=O)[O-])cc(C(F)(F)F)cc1[N+](=O)[O-],,,,,2.283
Cn1cc(C(=O)NC[C@@H](O)CN2CCC(Oc3ccc(Cl)c(Cl)c3)CC2)c(C(F)(F)F)cc1=O,,93.53,,,
CCCCCOc1ccc(-c2ccc(-c3ccc(C(=O)N[C@H]4C[C@@H](O)[C@@H](O)NC(=O)[C@@H]5[C@@H](O)[C@@H](C)CN5C(=O)[C@H]([C@@H](C)O)NC(=O)[C@H]([C@H](O)[C@@H](O)c5ccc(O)cc5)NC(=O)[C@@H]5C[C@@H](O)CN5C(=O)[C@H]([C@@H](C)O)NC4=O)cc3)cc2)cc1,,,,40.0,
Cc1ncsc1C,,,,,2.072
CN1CCN(C2=Nc3ccccc3Cc3ccccc32)CC1,,,,,2.645
CN[C@@H](C)C(=O)N[C@H](C(=O)N[C@H]1CCCN(CCc2ccccc2F)C1)C1CCCCC1,,73.81,,,
Cc1cn([C@H]2CCCN(S(=O)(=O)c3ccc(C(=O)O)c(Oc4cccc(Cl)c4)c3)C2)c(=O)[nH]c1=O,,96.0,,,
CCCCOC(=O)CCC(=O)OCCCC,,,,,1.459
CC1COC2(c3ccccc3Cl)c3cc(Cl)ccc3NC(=O)CN12,,,,,1.907
CC(=O)OC(C)(C)C,,,,,1.452
COc1ccc(CCN2C(=O)N(NS(C)(=O)=O)C[C@H]2c2ccc(OC)cc2)cc1,,93.67,,,
CCCCCCCCc1ccc(C)cc1O,,,,,1.741
C#CCCCC#C,,,,,1.6030000000000002
CCN(CC)c1ccc2cc(C(=O)Nc3ccc4[nH]c(C(=O)N5CC(CCl)c6c5cc(OC(=O)Nc5ccccc5)c5[nH]cc(C)c65)cc4c3)oc2c1,,,0.09,,
COCOCCO,,,,,1.213
C=CCOC=C,,,,,2.185
CC1=CCC2CC1(S)C2(C)C,,,,,1.749
C[C@@H](O)[C@H]1C(=O)N2C(C(=O)O)=C(SCCOC(N)=O)S[C@H]12,,,,0.8,
Clc1ccc(OCOc2ccc(Cl)cc2)cc1,,,,,1.6669999999999998
CCO[Si](CCCN)(OCC)OCC,,,,,2.095
CC(C)Oc1cc(Nc2nc3c(cc2F)ncn3[C@@H](CO)c2ccc(F)cn2)n[nH]1,,94.9,,,
CCC(=O)O[C@]1(C(=O)SCF)[C@H](C)C[C@H]2[C@@H]3C[C@H](F)C4=CC(=O)C=C[C@]4(C)[C@@]3(F)[C@@H](O)C[C@@]21C,,98.09,,6.0,
CCC1(CC)Oc2cccc(OC(=O)NC)c2O1,,,,,3.737
CCCSP(C)(=S)SCCC,,,,,4.103
ClC(Cl)=C(Cl)C(Cl)=C(Cl)Cl,,,,,3.4619999999999997
Cc1nc2ccc(NS(=O)(=O)c3ccc4c(c3)OCCO4)cc2s1,,99.67,,,
O=C=Nc1ccc(Cl)cc1,,,,,3.0460000000000003
CCCc1ccc(O)c(OC)c1,,,,,1.806
CC(C)OC(=O)Cl,,,,,2.059
CCC1(O)CN2CCC1CC2C(O)c1ccnc2ccc(OC)cc12,,,,,2.756
CCOC(=O)COc1ccc(C(=O)CN2CCN(C3CCN(C(=O)OC(OC(=O)C(C)(C)C)C(C)(C)C)CC3)CC2=O)cc1,-4.0,,,,
O=[N+]([O-])c1c(Cl)ccc2[nH]c(C(F)(F)F)nc12,,,,,4.43
O=C(CC1CCN(Cc2ccn(-c3ccc(C(F)(F)F)cc3)c2)CC1)NC(c1ccc(F)cc1)c1cccnc1,,96.87,,,
Cc1nc2n(c(=O)c1CCN1CCC(c3noc4cc(F)ccc34)CC1)CCCC2O,,,,,3.817
OCc1ccco1,,,,,2.744
O=C1CCc2ccc(OCCCC[NH+]3CCN(c4cccc(Cl)c4Cl)CC3)cc2N1,,,4.9,,
Fc1cc(Cl)cc2[nH]c(C(F)(F)F)nc12,,,,,4.51
Cc1ccc(-c2nc3ccc(C)cn3c2CC(=O)N(C)C)cc1,-4.5,,0.54,1.7,
O=C1C(Cl)=C(Cl)C(=O)C1(Cl)Cl,,,,,2.369
C[C@@](N)(Cc1ccc(O)c(O)c1)C(=O)O,-6.619894,,,,
NC(=O)c1cncc(-c2ccc([C@H]3CC[C@H](CC(=O)O)CC3)cc2)c1,,97.32,,,
CCCSP(C)(=S)Oc1cccc2sccc12,,,,,3.782
CO/N=C(\C(=O)NC1C(=O)N2C(C(=O)[O-])=C(COC(N)=O)CSC12)c1ccco1,,,0.15,,
CCN(CC)CCNC(=O)c1c(C)[nH]c(/C=C2\C(=O)Nc3ccc(Cl)cc32)c1C,,89.49,,,
CCCCP(CCCC)CCCC,,,,,2.431
C=CC(=C)CCCC(C)(C)O,,,,,1.464
COc1cc(C(=O)OC2CCC(N3CCCCC3)CC2)cc(OC)c1OC,,,,,2.764
CC(=O)N[C@H](CC1CCCCC1)C(=O)NCCc1ccccc1,-4.3517655999999985,,,,
COc1ccc2c(c1)Sc1ccccc1N2C1CCCN(C)C1,,,,,2.639
COc1cccc(C(=O)NCCN2CCC(Oc3ccc(Cl)c(Cl)c3)CC2)c1,,99.92,,,
O=C(/C=C/c1c(C(=O)[O-])[nH]c2cc(Cl)cc(Cl)c12)Nc1ccccc1,,,0.12,,
CC(C)=CCC1C(=O)N(c2ccccc2)N(c2ccccc2)C1=O,,,,,2.378
C[C@@]12CCC(=O)C=C1CC[C@H]1[C@@H]3CC[C@](O)(C(=O)CO)[C@@]3(C)CC(=O)[C@H]12,-4.5086384000000015,,,,
C[Si](C)(Cl)Cl,,,,,1.329
C=CC(=O)OCCCCCC,,,,,0.779
OC(CN1CCCCC1)c1cc(-c2ccccc2)on1,,,,,2.139
CCOC(C)COC(C)CO,,,,,1.641
O=C1N=C2c3ccccc3N=CN2C1=Cc1ccc([N+](=O)[O-])cc1,,,,,2.392
Cc1cc(C)cc(OCC2CNC(=O)O2)c1,,,,,2.456
O=C1CCC(=O)N1,,,,,0.85
NCC1CCC=CO1,,,,,2.0540000000000003
OCCOCCCl,,,,,1.296
CCCCCCCCCC(=O)OC,-3.51,,,,
CSCc1cnccn1,,,,,1.814
CC(C)(C)NC(=O)NCCN1CC(NC(=O)c2cc(Cl)cc(Cl)c2)C1,,90.72,,,
COC(=O)C(C(C)=O)C(C)=O,,,,,1.969
O=C1NCCN1c1ncc([N+](=O)[O-])s1,,,,,2.377
CN=C=O,,,,,3.0439999999999996
O=C(O)COc1nc(Cl)c(Cl)cc1Cl,,,,,2.61
COP(=S)(OC)SCSc1cc(Cl)ccc1Cl,,,,,3.201
Fc1ccccc1,,,,,1.339
CCc1[nH]c2nc(Sc3cnc4ccc[n+]([O-])c4c3)nc(N3C[C@H]4[C@H](N)[C@H]4C3)c2c1Cl,,93.39,,,
CC=CC(=O)OC(C=CC)OC(=O)C=CC,,,,,1.937
CC(C)(F)C[C@H](N[C@@H](c1ccc(-c2ccc(S(C)(=O)=O)cc2)cc1)C(F)(F)F)C(=O)NC1(C#N)CC1,,93.94,,,
Nc1ncnc2c1ncn2C1OC2=CC(C(=O)O)(C(O)C(=O)O)OC2C1O,,,,,3.5789999999999997
CCOC(=O)C=Cc1ccccc1,,,,,1.644
CCc1cc2c(cc1C=O)C(C)(C)CCC2(C)C,,,,,1.883
CNC(=O)N(C)c1nnc(C(C)(C)C)s1,,,,,2.55
NC(=O)OC1CCCCC1,,,,,1.813
CCOP(=S)(OCC)SCn1c(=O)oc2cc(Cl)ccc21,,,,,3.636
NCCC[Si]12OCCN(CCO1)CCO2,,,,,1.6030000000000002
CCCOc1cccc(C)c1N(COCC)C(=O)CCl,,,,,2.062
CC1OC(C)OC(C)OC(C)O1,,,,,2.89
OC(CCl)CN1CCCN(CC(O)CCl)c2ccccc21,,,,,2.648
COc1ccc(CC(C)N(C)C(=O)Cn2nc(-c3ccccc3)ccc2=O)cc1OC,,,,,2.542
CN1CC(CCN2CC=C(c3ccccc3)CC2)OC1=O,,,,,2.925
C=CCSC(=S)SC(Cl)(Cl)Cl,,,,,2.089
C[C@@](C(=O)O[C@H]1C[N+]2(Cc3nc(-c4ccccc4)no3)CCC1CC2)(c1ccccc1)N1CCCCC1,,97.66,,,
O=C1C(Cl)=C(Cl)C(=O)C1=C(Cl)Cl,,,,,2.029
C/C=C/C[C@@H](C)C(=O)[C@H]1C(=O)N[C@@H](C(C)C)C(=O)N(C)CC(=O)N(C)[C@@H](CC(C)C)C(=O)N[C@@H](C(C)C)C(=O)N(C)[C@@H](CC(C)C)C(=O)N[C@@H](C)C(=O)N[C@H](C)C(=O)N(C)[C@@H](CC(C)C)C(=O)N(C)[C@@H](CC(C)C)C(=O)N(C)[C@@H](C(C)C)C(=O)N1C,,,,10.0,
OCCC1CCCCC1,,,,,2.135
C[C@H](NC(=O)Cc1cc(F)cc(F)c1)C(=O)NC1C(=O)N(C)c2ccccc2-c2ccccc21,,99.01,,,
COP(=S)(OC)SCn1nc(Cl)ccc1=O,,,,,4.779
CC1C(NC(=O)/C(=N\OC(C)(C)C(=O)[O-])c2csc(N)n2)C(=O)N1S(=O)(=O)[O-],,,0.18,,
COc1cc(O)c(S(=O)(=O)N2c3ccccc3CCC2C)cc1NC(=O)CCC(=O)O,,95.63,,,
CN(C)CCCC1c2ccccc2Nc2ccc(Cl)cc21,,,,,2.9
CC1(C)OCC(COC(=O)Cc2ccc3c(c2)OCc2ccccc2C3=O)O1,,,,,3.619
Cc1nc2sccn2c(=O)c1CC[NH+]1CCC(=C(c2ccc(F)cc2)c2ccc(F)cc2)CC1,,,1.41,,
CCCCCCC(C)P(=O)(C(C)CCCCCC)C(C)CCCCCC,,,,,1.726
O=c1oc2ccccc2c(O)c1C1CC(c2ccc(OCc3ccc(C(F)(F)F)cc3)cc2)Cc2ccccc21,,,,,6.336
CCCP(c1ccccc1)c1ccccc1,,,,,2.265
CCCCCCCCCCCCCCCC(=O)NC(CCC(=O)O)C(=O)O,,,,,2.285
O=C(COc1ccccc1Cl)c1ccc[nH]1,,93.24,,,
CCOP(=S)(OCC)Oc1ccc(S(C)=O)cc1,,,,,5.188
COC(=O)C1=C(C)NC(C)=C(C(=O)OC)C1c1ccccc1[N+](=O)[O-],,96.17,0.79,1.9,2.53
COc1ccccc1Oc1c([N-]S(=O)(=O)c2ccc(C)cn2)nc(-c2ccncc2)nc1OC,,,0.27,,
CN(C)S(=O)(=O)NC(=O)CCCc1c(-c2ccc(F)cc2)[nH]c2ccc(C#N)cc12,,99.59,,,
CC(=O)OCc1ccccc1,,,,,1.78
COc1cc(C2c3cc4c(cc3C(OC3OC5COC(c6ccccc6)OC5C(O)C3O)C3COC(=O)C23)OCO4)cc(OC)c1OC,,,,,2.907
CN1CCC(CNc2ccc3ncc(-c4cccc(OC(F)(F)F)c4)n3n2)CC1,,96.09,,,
C=CCOC(OCC=C)C(OCC=C)OCC=C,,,,,2.256
Cc1cc2c(cc1C)C(=O)c1[nH]nnc1C2=O,,,,,2.365
C=COCCOCCO,,,,,1.4280000000000002
Cc1cc(Cl)ccc1OCC(=O)O,,,,,2.457
CC1CCC(=O)O1,,,,,1.056
C[NH+]1CCN(c2ncc(-c3cc(Cl)cc(Cl)c3Cl)c(N)n2)CC1,,,24.0,,
C[NH+]1CCN(C2=Nc3cc(Cl)ccc3Nc3ccccc32)CC1,,,1.6,,
COc1cc2c(Nc3ccc(F)cc3F)c(C(N)=O)cnc2cc1NCCN(C)C,,55.73,,,
CC(=O)N[C@@H]1[C@@H](NC(=N)N)C=C(C(=O)O)O[C@H]1[C@H](O)[C@H](O)CO,,,,1.7,
CCN(CC)C(=O)CSc1ccc(Cl)nn1,,,,,2.224
CCOP(=O)(OCC)SCC1(C)SCCS1,,,,,4.033
O=C(c1ccc(OCC[NH+]2CCCCC2)cc1)c1c(-c2ccc(O)cc2)sc2cc(O)ccc12,,,7.5,,
CC(C)([N+](=O)[O-])C(C)(C)[N+](=O)[O-],,,,,3.5469999999999997
Cc1ncc(COP(=O)(O)O)c(C=O)c1O,,,,,1.622
CCOCCOCCOCCOCCOCC,,,,,1.766
O=[N+]([O-])c1cc(C(F)(F)F)cc([N+](=O)[O-])c1Cl,,,,,2.464
Clc1ccc(C2(Cn3cncn3)CC(Br)CO2)c(Cl)c1,,,,,3.014
CCOC(C1=NCC(C)N1)c1ccccc1,,,,,2.339
CCN(CC)CCOCCOC(=O)C(CC)(CC)c1ccccc1,,,,,3.263
CCOP(=S)(S)OCC,,,,,1.616
[NH3+]CCCCCC(=O)[O-],,,0.39,,
Cc1ccn(C(N)=O)n1,,,,,2.056
NC(=O)CN1CC(O)CC1=O,,,0.55,7.5,
C#CCN(C)c1ccccc1OC(=O)NC,,,,,3.5610000000000004
O=P(OCC(Br)CBr)(OCC(Br)CBr)OCC(Br)CBr,,,,,2.839
Cc1ccc2nc3sc(=O)sc3nc2c1,,,,,2.3280000000000003
CC(C)N1CCNCC1,,,,,1.656
Cc1cc(CC(=O)O)n(C)c1C(=O)c1ccc(Cl)cc1,-4.6100001,,,,
C=CCNC(=O)C(=O)C(CCC)NC(=O)C1C2C(CN1C(=O)C(NC(=O)NC(C(=O)C(C)C)C(C)C)C(C)(C)C)C2(C)C,-5.29,,,,
Nc1ccc(S(=O)(=O)Nc2ccc(NC(=O)CCC(=O)O)cc2)cc1,,,,,2.384
CC(=O)Oc1ccc(C2(c3ccc(OC(C)=O)cc3)C(=O)Nc3ccccc32)cc1,,,,,2.325
CCOP(=O)(OCC)[C@H](C)NC(=O)N(CCCl)N=O,,,0.62,,
C[C@H]1C[C@@]2(C)C(=CC(=O)[C@@H]3[C@]4(C)CC[C@@H](O)[C@@](C)(C(=O)O)[C@H]4CC[C@]32C)[C@@H]2[C@@H](C)[C@H](C)CC[C@H]12,-5.8000002,,,,
COc1cc(CC2c3c(cc(OC)c(OC)c3OC)CC[N+]2(C)CCCOC(=O)CCC(=O)OCCC[N+]2(C)CCc3cc(OC)c(OC)c(OC)c3C2Cc2cc(OC)c(OC)c(OC)c2)cc(OC)c1OC,,,0.22,1.7,
O=C1N=C(O)NC1(c1ccccc1)c1ccccc1,,87.11,,,
CS(=O)(=O)c1ccc2[nH]c(C(F)(F)F)nc2c1,,,,,3.583
CCOP(=S)(OCC)Oc1cc([N+](=O)[O-])c(Cl)cc1Cl,,,,,3.556
CCCCC[Si](OCC)(OCC)OCC,,,,,1.069
CC[C@]1(O)C[C@H]2CN(CCc3c([nH]c4ccccc34)[C@@](C(=O)OC)(c3cc4c(cc3OC)N(C=O)[C@H]3[C@@](O)(C(=O)OC)[C@H](OC(C)=O)[C@]5(CC)C=CCN6CC[C@]43[C@@H]65)C2)C1,,,,23.0,
CCOC(C1=NCC(C)(CC)CN1)c1cccc(Cl)c1,,,,,3.525
COC(=O)C(C)NP(=O)(OC[C@@H]1C=C[C@H](n2cc(C)c(=O)[nH]c2=O)O1)Oc1ccc(C)cc1,-5.8474512,,,,
CN(N=O)c1cccnc1,,,,,4.137
O=C(Nc1ccc(F)cc1)c1ccc(Cl)[n+]([O-])c1,,53.45,,,
CC(=O)NCC1CN(S(=O)(=O)c2ccc(C)cc2)C(=O)O1,-4.7199998,,,,
O=C1COC2(CCN(S(=O)(=O)c3ccc(-c4ccc5cnccc5c4)cc3)CC2)CN1C1CC1,,99.82,,,
c1ccc2sc(SN(C3CCCCC3)C3CCCCC3)nc2c1,,,,,1.732
COC1C=COC2(C)Oc3c(C)c(O)c4c(O)c(c5nc6ccccc6nc5c4c3C2=O)NC(=O)C(C)=CC=CC(C)C(O)C(C)C(O)C(C)C(OC(C)=O)C1C,,,,,2.593
CC1OCN=C(c2ccccc2)S1,,,,,2.47
O=C(O)Cn1c(=O)n(Cc2ccc(Br)cc2F)c(=O)c2ccc(F)cc21,,,,,2.2969999999999997
CCOC(=O)C1C(OC(=O)c2ccccc2)CC2CCC1[NH+]2C,,,1.6,,
COc1cc2nnc(C(N)=O)c(Nc3ccc(C)cc3F)c2cc1N1CCN(C)CC1,,93.67,,,
OC(CC[NH+]1CCCC1)(c1ccccc1)C1CCCCC1,,,0.74,,
COc1ccc(-c2cc(Nc3ccn(C)n3)n3ncc(C#N)c3n2)cc1,,98.21,,,
CC1CCN(C(=O)CC#N)CC1N(C)c1ncnc2[nH]ccc12,,,1.24,,
Cc1cc(OC(=O)N(C)C)n(C(C)C)n1,,,,,4.291
CCCCCCCCn1sccc1=O,,,,,2.589
COc1cccc(C2(O)CCCCC2C[NH+](C)C)c1,,,2.8,,
CNC(=O)ON=C1CCCC1(C)[N+](=O)[O-],,,,,4.731
COc1cccc(C2(O)CCCCC2CN(C)C)c1,,,,5.8,3.063
O=C([O-])C1N=C(c2ccccc2)c2cc(Cl)ccc2NC1=O,,,0.2,,
CCC(CC)C(=O)NC(=Cc1ccc(OC)cc1)C(=O)O,,,,,1.862
CCCN(CCC)S(=O)(=O)c1ccc(C(=O)O)cc1,,,,5.9,2.251
Cc1nc(C)c(C(=O)Nc2ccccc2)s1,,,,,1.7719999999999998
O=C(O)[C@@H](c1ccc(OCc2ccc3ccccc3n2)cc1)C1CCCC1,,99.85,,,
COP(=O)(SC)SC,,,,,3.821
CC=C1CC2C=CC1C2,,,,,1.6769999999999998
C=CCN=C=S,,,,,2.947
OCC1OC(OC2(CO)OC(CO)C(O)C2O)C(O)C(O)C1O,,,,,1.062
ClCc1ccccc1CCl,,,,,1.888
C=CCOC(OCC=C)C1OC(OCC=C)C(OCC=C)O1,,,,,2.275
CCCCC(CC)CNc1ccccc1,,,,,1.93
COP(C)(=S)Oc1ccc(Cl)cc1Cl,,,,,3.232
FC1(F)CC(C2CC3(Cl)C(Cl)=C(Cl)C2(Cl)C3(Cl)Cl)C1(F)F,,,,,2.89
CN(C)N=Nc1ccc([N+](=O)[O-])cc1,,,,,2.0669999999999997
CCCCCC1=C(C)CCC1=O,,,,,1.823
Cc1ccc(N2C(=O)C=CC2=O)cc1N1C(=O)C=CC1=O,,,,,2.07
O=c1[nH]c2cc(Br)ccc2o1,,,,,2.309
Cn1ncc2c(=O)[nH]c(-c3ccccc3)nc21,,93.24,,,
CC1=CC(=O)C(C)=C(C)C1=O,,,,,2.8760000000000003
CC(C)c1cccc(C(C)(C)O)c1,,,,,1.473
COP(=S)(N=C1SCCS1)OC,,,,,4.386
CCOC(=O)c1ccccc1C(=O)OCC,,,,,1.412
COC(C)N(C)N=O,,,,,2.6919999999999997
Fc1c(Br)c(Br)c2nc(C(F)(F)F)[nH]c2c1Br,,,,,4.66
Cc1nnc(C(C)C)n1C1CC2CCC(C1)N2CC[C@H](NC(=O)C1CCC(F)(F)CC1)c1ccccc1,-6.0,,,,
CNCCCC12CCC(c3ccccc31)c1ccccc12,,87.37,,51.0,2.562
O=C1c2cccc3cccc(c23)C(=O)N1CCNCCCNCCN1C(=O)c2cccc3cccc(c23)C1=O,,,12.0,,
CN(C)/N=N/c1ccc(C(=O)O)cc1,,,,2.5,
CCOC(=O)Nc1ccc(NCc2ccc(F)cc2)[nH+]c1N,,,1.1,,
CCCCCCOC(=O)c1ccccc1,,,,,1.225
Fc1cc(-c2cccc3ncc(-c4cnn(C5CCNCC5)c4)nc23)cc(F)c1CN1CCOCC1,,91.46,,,
O=CC12CC=CCC1C1CC=CCC1O2,,,,,1.912
CCOc1ccc(NC(N)=O)cc1,,,,,1.751
N#Cc1cccc(C(=O)NC[C@@H](O)CN2CCC(Oc3ccc(Cl)c(Cl)c3)CC2)c1,,93.53,,,
CO[C@H]1CC[C@]2(CC1)Cc1ccc(OCC(C)C)cc1C21N=C(C)C(N)=N1,,79.92,,,
CN(c1ccc2c(O)c(N=Nc3ccc4c(S(=O)(=O)O)cccc4c3S(=O)(=O)O)c(S(=O)(=O)O)cc2c1)c1nc(Cl)nc(Cl)n1,,,,,1.925
COc1c(Cl)ccc2[nH]c(C(F)(F)F)nc12,,,,,4.9
CC(=O)Oc1cc(C(C)C)c(OCCN(C)C)cc1C,,,,,2.522
O=c1[nH]c2c(Cl)c(Cl)c(Cl)cc2o1,,,,,2.377
O=C1NC(=O)C(c2cnc3ccccn23)=C1c1cn2c3c(cccc13)CN(C(=O)N1CCOCC1)CC2,,85.77,,,
CCOP(=O)(OCC)Oc1ccc(N(O)O)cc1,-4.6900001,,,,
COc1c(C(C)(C)C)cc([N+](=O)[O-])c(C)c1[N+](=O)[O-],,,,,2.898
O=C(O)[C@H]1/C(=C/CO)O[C@@H]2CC(=O)N21,,,,0.9,
CCOC(=O)C1CCCCC1,,,,,1.596
O=[N+]([O-])c1ccc(C(O)C2COC(C(Cl)Cl)=N2)cc1,,,,,1.706
CNCc1cnc(C)cc1Oc1ccccc1Oc1ccccc1,-4.8399267,,,,
COc1ccc(S(=O)(=O)N2CC(C)N(S(=O)(=O)c3ccc(OC)cc3)CC2C)cc1,,99.65,,,
O=C(c1ccc(F)c(F)c1Nc1ccc(I)cc1F)N1CC(O)(C2CCCC[NH2+]2)C1,,,15.4,,
COc1c(OP(=S)(OCC(C)C)OCC(C)C)cnn(C)c1=O,,,,,3.431
CCc1ccc(Cc2ccc3c(c2)C2(OC3)OC(CO)C(O)C(O)C2O)cc1,,,0.63,,
CS(=O)(=O)c1ccc(C(O)C(CO)NC(=O)C(Cl)Cl)cc1,,,,,1.707
CC(C(c1ccc(Cl)cc1)c1ccc(Cl)cc1)[N+](=O)[O-],,,,,2.617
C=CC(C)(O)CCC=C(C)C,,,,,1.743
CCCCCCC(=O)OCCN1CCN(CCCN2c3ccccc3Sc3ccc(C(F)(F)F)cc32)CC1,,,,,3.378
C[S+]([O-])Cc1ccc(C(=O)Nc2ccc(OCCOCCO)nc2C(=O)NCC2CCC2)c2ccccc12,,95.01,,,
c1ccc(Nc2ccc(Nc3ccccc3)cc2)cc1,,,,,2.041
N=C(N)c1ccc(C(=O)N[C@@H](Cc2ccc(O)cc2)C(=O)N2CCC(OCC(=O)O)CC2)cc1,,,,2.1,
CC(C)(C)OC(=O)NC[C@H]1CC[C@H](CNC(=O)c2cc(-c3cccc(CN)c3)nc3ccccc23)CC1,,98.61,,,
CN(C)/N=N/c1[nH]cnc1C(N)=O,,,,6.2,
CN(C)[SiH](N(C)C)N(C)C,,,,,2.434
CN(SSC(C)(C)C)C(=O)ON=C1SC(C)(C)C(=O)N1C,,,,,3.07
C/C(=C\c1csc(C)n1)[C@@H]1C[C@H]2[C@@H](CCC[C@H](C)[C@H](O)[C@@H](C)C(=O)C(C)(C)[C@@H](O)CC(=O)O1)N2CCOC(=O)OCCSSC[C@H](NC(=O)[C@H](CC(=O)O)NC(=O)[C@H](CCCNC(=N)N)NC(=O)[C@H](CC(=O)O)NC(=O)CC[C@H](NC(=O)c1ccc(NCc2c[nH]c3nc(N)nc(=O)c-3n2)cc1)C(=O)O)C(=O)O,,,0.09,,
O=C(Nc1ccccc1)Nc1cnns1,,,,,1.615
CON(C(=O)c1cc(C)oc1C)C1CCCCC1,,,,,1.823
CCO[Si](CCCCN)(OCC)OCC,,,,,2.162
Cc1cccc(C)c1NC(=O)C1CCCCN1C,,,,2.0,
O=[N+]([O-])OCCOCCOCCO[N+](=O)[O-],,,,,2.381
CC(=O)Nc1ccc2ccn(-c3cc(NCCCN(C)C)n4ncc(C#N)c4n3)c2c1,,89.91,,,
CCCCC(CC)CNCC(C)(N)CN(C)CC(CC)CCCC,,,,,2.5340000000000003
CNS(=O)(=O)OCC(=O)N1CCCCCC1,,,,,2.089
CCN1CCCC(Nc2cc(C)nc(NC(=N)Nc3ccc(Cl)c(Cl)c3)n2)C1,,,,,2.608
CC(=O)c1cn(Cc2ccccc2)c(=O)n(Cc2ccc(F)cc2)c1=O,,97.55,,,
CCOC(=O)CCC1(CCC(=O)OCC)c2ccccc2-c2ccccc21,,,,,1.774
Cc1c[nH]cn1,,,,,2.039
C=CCOC(=O)CC(C)C,,,,,2.7910000000000004
CCNc1nc(NC(C)CC)nc(OC)n1,,,,,2.353
CCOCCOCC(C)O,,,,,1.2009999999999998
CCC(=O)c1ccc2c(c1)N(CCCN(C)C)c1ccccc1S2,,,,,2.833
CN1CCC[C@@H]1Cc1c[nH]c2ccc(Nc3ncccc3[N+](=O)[O-])cc12,,86.32,,,
O=C(O)CCCCCC(=O)O,,,,,1.359
CC(COc1ccc(Cl)cc1Cl)C(=O)O,,,,,2.4930000000000003
C=C(C)C(=O)OCC(CC)(COC(=O)C(=C)C)COC(=O)C(=C)C,,,,,1.751
CC[C@H](c1ccc(C(=O)O)c(Oc2cccc(Cl)c2)c1)N1CCC[C@H](n2cc(C)c(=O)[nH]c2=O)C1,,98.21,,,
O=C(Nc1ccc(Cl)cc1)c1ccnn1CCc1ccncc1,-5.1590075,,,,
CC(C)[NH2+]CC(O)COc1ccc(COCCOC(C)C)cc1,,,2.4,,
CCC1CCC(CC)O1,,,,,1.5759999999999998
CCCCCCCC(=O)Oc1c(Br)cc(C#N)cc1Br,,,,,3.207
C=CCOC(=O)C=Cc1ccccc1,,,,,2.093
CN(Cc1cccc2ccccc12)c1cc(N2CCOCC2)nc(=O)[nH]1,,94.32,,,
CCC12CCC3c4ccc(O)cc4CCC3C1CC(O)C2O,,,,,1.781
O=C(O)c1cc(/N=N/c2ccc(S(=O)(=O)Nc3ccccn3)cc2)ccc1O,-5.378171,,,,
Cn1cnc(S(=O)(=O)N(CCN(Cc2cncn2C)c2ccc(C#N)cc2)CC2CCCCC2)c1,-5.8219547,,,,
Cc1cccc(C)c1OCC(C)N,,36.53,,9.9,
[NH3+]C(Cc1ccc(N(CCCl)CCCl)cc1)C(=O)[O-],,,0.48,,
CN(C)c1cc(NC(=O)C[NH2+]C(C)(C)C)c(O)c2c1CC1CC3C([NH+](C)C)C([O-])=C(C(N)=O)C(=O)C3(O)C(O)=C1C2=O,,,12.0,,
CC12CCC(=O)C=C1CCC1C2CCC2(C)C1CCC2(C)O,,,,,2.083
Cc1ccc(S(=O)(=O)Nc2ccc3nc(C)oc3c2)cc1,,97.91,,,
COCCOCCOC(=O)[C@H](Cc1ccc(OC(=O)N(C)C)cc1)NC(=O)[C@H]1N(S(=O)(=O)c2cnn(C)c2)CSC1(C)C,-5.6900001,,,,
OC1CCCCC1c1ccccc1,,,,,1.669
S=C1NCCS1,,,,,2.599
OCCNc1ccccc1,,,,,1.789
CN(C)N=Nc1cccnc1,,,,,2.972
C[C@@H]1NC(=O)[C@@H](C)N(C)C(=O)[C@@H](C)NC(=O)[C@H](C)N(C)C(=O)[C@H](C)N(C)C(=O)[C@@H](C)NC1=O,-5.0,,,,
N#Cc1ccc(NC(=O)Nc2ccccc2Br)c2nn[nH]c12,,99.58,,,
CCN(CC)C(=O)NC1CC2c3cccc4[nH]cc(c34)CC2N(C)C1,,,,,3.532
CCOC1Oc2ccc(OS(C)(=O)=O)cc2C1(C)C,,,,,2.404
COc1cc2ncnc(Nc3ccc(F)c(Cl)c3)c2cc1OCCCN1CCOCC1,-4.48,,,34.0,
ClP(Cl)Oc1ccccc1,,,,,2.457
CCn1nc(C(=O)O)c(=O)c2cc3c(cc21)OCO3,,,,,1.8
CCOP(=S)(OCC)SCc1nnc(SC(C)C)s1,,,,,3.108
Cc1ccc(NC(=O)c2cccc(C(F)(F)F)c2)cc1C(=O)Nc1cnc(N)c(Cl)c1,,98.4,,,
CC(OC(=O)NCC1(CC(=O)O)CCCCC1)OC(=O)C(C)C,-4.5093193,,,,
c1ccc(CNc2[nH]cnc3ncnc2-3)cc1,,,,,2.025
C=CCOC(=O)CCC1CCCCC1,,,,,2.526
CC1(C)CC(=O)N(CCCCN2CCN(c3ncccn3)CC2)C(=O)C1,-4.6999998,,,,
CCN(Cc1ccc(Cl)nc1)C(=C[N+](=O)[O-])NC,,,,,2.235
CCN(CC)c1c([N+](=O)[O-])cc(C(F)(F)F)c(N)c1[N+](=O)[O-],,,,,2.031
CCOC(=O)CN=C=O,,,,,2.0580000000000003
NCc1cccc(CN)c1,,,,,2.166
CCCCCCCCCCCCO,,,,,1.163
Cc1nc(N)nc(N2N=CCC2C)n1,,,,,1.779
CN(CCCN1CCC(CN2c3ccccc3Sc3ccc(C(=O)O)cc32)CC1)c1cc(=O)n(C)c(=O)n1C,-5.7209244,,,,
CC#N,,,,,1.177
CCO/N=C(\N)c1ccc(-c2ccc(-c3ccc(/C(N)=N/OCC)cc3)o2)cc1,-5.2295737,,,,
O=[N+]([O-])c1c(Cl)c([N+](=O)[O-])c2[nH]c(C(F)(F)F)nc2c1Cl,,,,,3.47
COc1c2ccoc2cc2oc(COC3OC(CO)C(O)C(O)C3O)cc(=O)c12,,,,,2.444
COc1ccc(Cl)cc1C(=O)NCCc1ccc(S(=O)(=O)[N-]C(=O)NC2CCCCC2)cc1,,,0.08,,
COP(=S)(OC)Oc1ccc(C#N)cc1,,,,,3.054
CCCCc1c(OC(=O)c2ccc3c(c2)OCO3)n(-c2ccccc2)n(-c2ccccc2)c1=O,,,,,2.522
CC(=O)CCc1ccc(-c2ccccc2)cc1,,,,,2.338
CC(=O)Nc1ccc2c(c1)c(-c1cc(NC3CC3)n3ncc(C#N)c3n1)cn2C,,98.64,,,
C1=CCC=C1,,,,,2.767
CS(=O)(=O)Cc1ccc2ccn(-c3cc(NC4CC4)n4ncc(C#N)c4n3)c2c1,,98.21,,,
CC1C(=O)OC2CC34C5CC(C(C)(C)C)C36C(OC(=O)C6O)OC4(C(=O)O5)C21O,,,0.62,,
CC(C)COP(C)(=S)SCN1C(=O)c2ccccc2C1=O,,,,,3.968
CN1C(=O)CN(CCC(=O)O)C(=O)c2cc(NCc3ccc(C(=N)N)cc3)ccc21,-6.4579659000000005,,,,
CCOC(=O)C1=C(C)NC(C)=C(C(=O)OC)C1c1cccc(N(O)O)c1,-4.6200309,,,,
Cc1ccccc1OCC(COC(O)C(Cl)(Cl)Cl)OC(O)C(Cl)(Cl)Cl,,,,,2.734
CS(=O)(=O)Cl,,,,,3.36
CNS(=O)(=O)c1cc(Cl)c(Cl)cc1Cl,,,,,1.731
Cc1cc(C(=O)c2ccccc2)ccc1N,,,,,2.48
C=C(C)C(=O)OCC(=O)OC(C)C,,,,,1.3159999999999998
CC(C)COCC(CN(Cc1ccccc1)c1ccccc1)[NH+]1CCCC1,,,10.1,,
Nc1nc(=S)ss1,,,,,1.693
O=NN(Cc1ccccc1)Cc1ccccc1,,,,,2.4
O=C(O)C(Cl)Cl,,,,0.65,1.66
O=C1Nc2cc(C(F)(F)F)ccc2C1(O)c1cc(Cl)ccc1O,,98.51,,,
C=CC(=O)NC(C)(C)CC(C)=O,,,,,1.927
O=C(O)[C@@H]1C[C@@H](C2CCCCC2)CN1C(=O)CP(=O)(O)CCCCc1ccccc1,,,,9.4,
CC1COC(C(Cl)(Cl)Cl)O1,,,,,2.733
O=NN1CCN(N=O)CC1,,,,,2.955
CC(=O)N[C@@H](C)c1ccc(Nc2ncc3cc(-c4ccncc4)ccc3n2)cc1,,98.51,,,
CN1CCN(c2cc3c(Nc4cccc(Cl)c4Cl)c(C(N)=O)cnc3cc2F)CC1,,95.63,,,
O=C(Nc1c(Cl)c(Cl)c(Cl)c2[nH]c(C(F)(F)F)nc12)c1ccccc1,,,,,3.611
CCC12COP(OC1)OC2,,,,,4.2860000000000005
NC(=O)C1c2ccccc2C=Cc2ccccc21,,,,,2.116
CNC(=O)C(Cl)=C(C)OP(=O)(OC)OC,,,,,3.892
C=C(Cl)Cl,,,,,2.685
CCCCCCCCCCN,,,,,2.75
CC(Cl)C(Cl)Cl,,,,,2.079
CN1c2ccccc2Sc2ccc(CC(=O)O)cc21,,,,,2.739
C#CCON=C1CC2CCC1(C)C2(C)C,,,,,2.166
CCOC(=O)C1=C(C)NC(C)=C(C(=O)OCC)C1c1ccccc1C=CC(=O)OC(C)(C)C,,,,,2.714
CN(C)Cc1cc(-c2ccccc2)ccc1O,,,,,3.959
Clc1ccc(N2CCN(CC=Cc3ccccc3)CC2)nn1,,,,,2.8139999999999996
CC1(C)CC(N)(O)CC(C)(CN)C1,,,,,2.156
C[C@@H](O)[C@H]1C(=O)N2C(C(=O)O)=C(S[C@@H]3CN[C@H](C(=O)N(C)C)C3)[C@H](C)[C@H]12,,,,1.0,
Cc1cc([N+](=O)[O-])ccc1[N+](=O)[O-],,,,,2.5469999999999997
CC1CN(C2CCCCCCCCCCC2)CC(C)O1,,,,,2.0269999999999997
CCN(CCC#N)c1ccc(N=Nc2nc3ccc(S(C)(=O)=O)cc3s2)c(C)c1,,,,,3.029
Cc1onc2c(=O)[nH]nc(-c3ccccc3)c12,,,,,2.356
CC(C)(C(=O)O)c1ccc(C(O)CCCN2CCC(C(O)(c3ccccc3)c3ccccc3)CC2)cc1,-6.5100002,62.94,,,
OCC#CCO,,,,,2.9139999999999997
NS(=O)(=O)c1cc2c(cc1Cl)CN(C1CCCCC1)C2=O,,,,,1.739
COc1ccc2c3c1OC1C(OC(=O)c4cccnc4)C=CC4C(C2)N(C)CCC341,,,,,2.6830000000000003
Cc1oc(CN2CCNCC2)cc1C(=O)NCC12CC3CC(CC(C3)C1)C2,,85.19,,,
COc1cc(C)c(S(=O)(=O)N(C)CCOCC(=O)N2CCN(C3CCN(C)CC3)CC2)c(C)c1,,42.01,,,
CCOP(=S)(OCC(C)C)Oc1cnn(C)c(=O)c1OC,,,,,3.925
Cc1ccc(-c2ncc(Cl)cc2-c2ccc(S(C)(=O)=O)cc2)cn1,,,1.5,26.0,
CCOP(=S)(OCC)SCc1nnc(OC)s1,,,,,3.966
CC(C)N=c1cc2n(-c3ccc(Cl)cc3)c3ccccc3nc-2cc1Nc1ccc(Cl)cc1,,,,,1.751
CCN(CC)CCCC(C)Nc1c2ccc(Cl)cc2nc2ccc(OC)cc12,,88.59,,120.0,
O=C(CF)Nc1ccccc1,,,,,4.185
CCCCC(CC)COC(=O)CCCCCCCC(=O)OCC(CC)CCCC,,,,,1.675
CC=CC(=O)C1=C(C)CCCC1(C)C,,,,,1.819
C=CCNP(=O)(OC=C(Cl)Cl)OCCCl,,,,,4.071000000000001
C=CC(=O)OCCC[Si](OC)(OC)OC,,,,,2.347
OC1(c2cccc(Cl)c2)c2ccccc2C2=NCCN21,,,,,3.153
CCCCOC(=O)COc1ccc(C(=O)CN2CCN(C3CCNCC3)CC2=O)cc1,-5.79,,,,
N#CC(F)(F)C(F)(F)C(F)(F)C#N,,,,,1.891
CSCCC([NH3+])C(=O)NC1(C(=O)[O-])CS(=O)(=O)C2C(C(=O)[O-])C21,,,0.44,,
OCC(CO)(CCl)CCl,,,,,2.129
Oc1ccc(Cl)cc1,,,,,2.283
[NH3+]Cc1ccccc1CC(=O)NC1C(=O)N2C(C(=O)[O-])=C(CSc3nnnn3CC(=O)[O-])CSC12,,,0.17,,
FC(F)(F)c1nc2c(Br)c(Cl)c(Br)cc2[nH]1,,,,,4.65
CC(C)CN(CC(=O)NN=Cc1ccc([N+](=O)[O-])o1)CC(C)C,,,,,2.557
Cc1c(O)c2c(c(C)c1CCO[C@@H]1O[C@H](CO)[C@@H](O)[C@H](O)[C@H]1O)C(=O)C(C)(C)C2,-6.0107207,,,,
COCCOCCOCCOC(C)=O,,,,,1.273
CC1(C)CN(c2ccccc2)NC1=O,,,,,3.802
Cc1ccc(NC(=O)c2nscc2NCc2ccncc2)cc1C(F)(F)F,-5.2295737,,,,
CC1(C)OC2CC3C4CC(F)C5=CC(=O)C=CC5(C)C4C(O)CC3(C)C2(C(=O)CO)O1,,,1.08,,
CC(=O)Oc1ccccc1C=CC(=O)O,,,,,1.816
CNc1nc(NC(C)C)nc(SC)n1,,,,,2.186
CCC1=CC2CN(C1)Cc1c([nH]c3ccccc13)C(C(=O)OC)(c1cc3c(cc1OC)N(C)C1C(O)(C(=O)OC)C(OC(C)=O)C4(CC)C=CCN5CCC31C54)C2,,,23.0,,
CCCCCCCCCCF,,,,,4.506
O=C1CN=C(c2ccccn2)c2cc(Br)ccc2N1,-4.4000001,,0.85,21.0,2.21
CCO[SiH](Cl)OCC,,,,,1.39
C[NH+](C)C1C([O-])=C(C(N)=O)C(=O)C2(O)C(O)=C3C(=O)c4c(O)c(NC(=O)C[NH+]5CCCC5)cc(F)c4CC3CC12,,,2.3,,
CCOC(=O)Nc1ccc(NCc2ccc(F)cc2)cc1N,,86.05,2.5,,
CCOC(=O)COC(=O)c1cc(Oc2ccc(C(F)(F)F)cc2Cl)ccc1[N+](=O)[O-],,,,,2.481
Nc1ccccc1N,,,,,2.005
O=C(Cn1c(=O)sc2ccc(Cl)cc21)N1CCNCC1,,,,,2.628
NCCCN1CCOCC1,,,,,1.608
CCCCC1=NC2(CCCC2)C(=O)N1Cc1ccc(-c2ccccc2-c2nn[nH]n2)cc1,,,,14.0,
Cn1cnc2c1c(=O)[nH]c(=O)n2C,,,,,2.154
CCCCC(C)(C)C(O)C=CC1C(O)CC(=O)C1CCCCC=CC(=O)OC,,,,,3.844
CCCCNC(=O)[N-]S(=O)(=O)c1ccc(C)cc1,,,0.12,,
COc1ccccc1O[C@@H](c1ccccc1)[C@@H]1CNCCO1,,69.12,,,
CC(CN1c2ccccc2CCc2ccccc21)C[NH+](C)C,,,16.0,,
CN(C)CCN(Cc1cccs1)c1ccccn1,,,,1.6,
CO[Si](CCCNCCN)(OC)OC,,,,,1.462
CNC(=O)c1sc(-c2cc(OC)c(OC)c(OC)c2)nc1C,,,,,1.7919999999999998
CC(=O)OC1CCC(N2CCCCC2)CC1,,,,,2.063
CCCCOP(=O)(OCCCC)OCCCC,,,,,1.948
O=C(NCC[NH2+]CC(O)COc1ccc(O)cc1)N1CCOCC1,,,0.64,,
O=C1C=CC(=O)N1c1ccc(Cl)cc1,,,,,2.674
C=COCCOCCOCC(=O)OC,,,,,1.257
NC(=O)[C@@H](CCC(F)(F)F)N(Cc1ccc(-c2ncon2)cc1F)S(=O)(=O)c1ccc(Cl)cc1,,98.33,,,
CS(=O)(=O)N(SC(Cl)(Cl)C(F)(Cl)Cl)c1ccccc1,,,,,1.889
CNC(=O)Oc1cccc2ccccc12,,,,,2.9419999999999997
CC(=O)OCC12CC(O)C(C)=CC1OC1C(O)C(O)C2(C)C12CO2,,,,,3.973
CC(C)CCCC(C)NN,,,,,3.1260000000000003
CN(C)C(=O)Oc1ccc[n+](C)c1,,,1.1,1.5,
CC(O)c1cc(N)cc(C(F)(F)F)c1,,,,,2.3680000000000003
O=C1C=CC(=NCl)C=C1,,,,,3.151
C=CC(=O)OCCOC(=O)CC(C)=O,,,,,2.138
C=COCCOCCOC=C,,,,,1.6269999999999998
c1ccc(Nc2ccc3ccccc3c2)cc1,,,,,1.4
CCSC(=S)N(C)C,,,,,2.434
CC(C)=CC1C(C(=O)OCc2cc3c(cc2Cl)OCO3)C1(C)C,,,,,1.351
COCCCOc1ccnc(C[S+]([O-])c2nc3ccccc3[nH]2)c1C,,,,1.0,
C=O,,,,,1.574
O=C(O)COc1nn(Cc2ccccc2)c2ccccc12,,,,,2.372
C1CCCCC1,,,,,0.821
Cc1ccc(N=CN(C)Sc2ccc(Cl)cc2)c(C)c1,,,,,2.9789999999999996
Cc1[nH+]ccn1CC1CCc2c(c3ccccc3n2C)C1=O,,,1.8,,
COc1ccc(C2(c3cccc(-c4cncnc4)c3)N=C(N)c3c(F)cccc32)cc1,,97.32,,,
Nc1ccc(N)cc1,,,,,3.131
CC(C)(C)NC(=O)NCCN1CCC(CNC(=O)c2cc(Cl)cc(Cl)c2)C1,,90.32,,,
Cc1nc(CSc2nc(N[C@H](C)CO)c3sc(=O)[nH]c3n2)cs1,,99.14,,,
CC(C)COc1ccc(-c2cc(O)nc(N)n2)cc1C#N,,95.91,,,
Cc1c(Sc2ccc(Cl)cc2)c2c(-c3cnccn3)cccc2n1CC(=O)O,,98.76,,,
Cc1cn([C@H]2CCCN(S(=O)(=O)c3ccc(O)c(Oc4cc(F)cc(Cl)c4)c3)C2)c(=O)[nH]c1=O,,98.81,,,
Nc1ccc(N)c([N+](=O)[O-])c1,,,,,1.6969999999999998
CC(=N)NP(=S)(Oc1ccc(Cl)cc1)Oc1ccc(Cl)cc1,,,,,5.006
Oc1ccc(Cl)c(O)c1,,,,,2.593
N#CN=c1ccccn1Cc1ccccc1Cl,,,,,2.688
COc1ccccc1OCC[NH2+]CC(O)COc1cccc2[nH]c3ccccc3c12,,,1.3,,
CC(C)C(=O)c1c(C(C)C)nn2ccccc12,,,,,2.235
CC(O)CNC(C)(C)Cc1ccccc1,,,,,2.773
C=CCOCCC#N,,,,,1.932
NS(=O)(=O)c1ccc(C2=C(c3ccccc3)C(=O)OC2)cc1,-4.619999900000002,,,,
COc1ccc(C(=O)c2ccccc2)c(O)c1,,,,,1.489
COc1cc2nnc(C(N)=O)c(Nc3cc(C)ccc3F)c2cc1OC,,96.87,,,
C#C[C@]1(O)CC[C@H]2[C@@H]3CCC4=Cc5oncc5C[C@]4(C)[C@H]3CC[C@@]21C,-4.8400002,,,,
C1Cc2[nH]nc(-c3nn[nH]n3)c2C1,,89.91,,,
NCCO,,,,,1.474
CCOP(=S)(OCC)SC(CBr)N1C(=O)c2ccccc2C1=O,,,,,4.386
CCCCCCCCCCCCCCCCCC1=NCCN1,,,,,1.988
CCC(CC)NC(=O)c1cnn(-c2ccccc2)c1NS(=O)(=O)c1ccc(C)cc1,,98.61,,,
Cc1nn(C2CCCCC2)c(N)c1-c1ccccc1,,95.53,,,
CCCCCCCc1ccccc1O,,,,,1.845
CCCSP(=O)(OCC)Oc1c(Cl)cc(Cl)cc1Cl,,,,,3.26
O=P(OC=C(Cl)Cl)(OCCCl)OCCCl,,,,,4.104
Nc1ccc(N(c2ccccc2)c2ccc(N)cc2)cc1,,,,,2.9210000000000003
COc1ccccc1N1CCN(CC=Cc2ccc3c(c2)CCC(=O)N3)CC1,,,,,2.878
NC(=O)c1cnc(N[C@H]2CCCNC2)c2cc(-c3ccc(Cl)c(F)c3)sc12,,98.94,,,
CCS(=O)(=O)Oc1ccc2c(c1)C(C)(C)CO2,,,,,2.073
CC(=O)Oc1c(Br)cc(Cl)cc1C(=S)Nc1ccc(Br)cc1,,,,,2.189
CC(Cc1ccc(O)c(O)c1)C(C)Cc1ccc(O)c(O)c1,,,,,2.18
Cc1ccc(S(=O)(=O)NC(=O)N2CCC(N3CCC(Oc4ccc(Cl)c(C)c4Cl)CC3)CC2)cc1,,82.05,,,
O=C(O)c1ccc(C(=O)O)c2c(C(=O)O)ccc(C(=O)O)c12,,,,,1.608
Cc1ccsc1C(=CCC[NH+]1CCCC(C(=O)[O-])C1)c1sccc1C,,,1.1,,
CC(C)C(=O)C(C)C,,,,,1.509
Cc1cccc(NC(=O)c2ccccc2C(=O)O)c1,,,,,1.6880000000000002
NC(=S)Nc1ccccc1Cl,,,,,4.6080000000000005
COC1C(=O)C2(C)C(OC)CC3OCC3(OC(C)=O)C2C(OC(=O)c2ccccc2)C2(O)CC(OC(=O)C(O)C(NC(=O)OC(C)(C)C)c3ccccc3)C(C)=C1C2(C)C,,,48.0,,
CCCCCCCCCCOC(=O)c1ccccc1C(=O)OCCCC,,,,,1.237
CCCCCCC1=CC(=O)CC(c2ccc3c(c2)OCO3)C1,,,,,1.7619999999999998
CC(C)C(N)C(=O)OCCOCn1cnc2c(=O)[nH]c(N)nc21,-5.6697760000000015,,,,
CCOP(=S)(OCC)SCN1C(=O)CSC1=O,,,,,4.137
Cc1oc(=O)oc1COC(=O)N1CCC(N2CCN(CC(=O)c3ccc(OCC(=O)OC4CCCCC4)cc3)C(=O)C2)CC1,-4.3099999,,,,
O=C(O)c1ccccc1-c1c2ccc(=O)cc-2oc2cc(O)ccc12,-4.77,81.01,,1.6,
Clc1ccc(C2(Cn3cncn3)OCCO2)c(Cl)c1,,,,,2.989
CN(CCN(C)N=O)N=O,,,,,2.989
O=C(O)C(O)Cc1ccc(O)c(O)c1,-5.9118199,,,,
CCCCCOC(C)=O,,,,,1.3019999999999998
CC(O[N+](=O)[O-])c1ccc([N+](=O)[O-])cc1,,,,,1.996
O=C(OCC=Cc1ccccc1)c1ccccc1,,,,,1.775
NC(=S)NC(=S)Nc1ccccc1,,,,,2.927
ClCCN(CCCl)c1ccccc1,,,,,2.96
CC(C)COc1ccc(-c2cc(O)nc(N)n2)cc1,,96.26,,,
CN1CCN(C(=O)CCNC(=O)[C@@H](Cc2ccccc2)NC(=O)C2(NC(=O)c3cc4ccccc4s3)CCCC2)CC1,-5.6994848,,,,
CCCCCC(C=Cn1ccnc1)OCc1ccccc1,,,,,2.0469999999999997
CC(C)CCP(=O)(CCC(C)C)CCC(C)C,,,,,2.066
CC(C)(C)NC(=O)CN1CCN(CC(=O)NC23CC4CC(CC(C4)C2)C3)CC1,,70.1,,,
O=C(Cl)C1C2C=CC(C2)C1C(=O)Cl,,,,,1.948
COc1cncc(-c2nccc(-c3cc4c([nH]3)C3(CCCNC3)CNC4=O)n2)c1,-5.6999998,,,,
Cc1c(OC2CCN(CC3CCN([C@@H](Cc4ccc(F)cc4)C(=O)O)CC3)CC2)ccc(C#N)c1Cl,,94.06,,,
CSc1ccccc1,,,,,2.144
CC(C)=CC1C(C(=O)OC(C#N)c2cccc(Oc3ccccc3)c2)C1(C)C,,,,,3.072
O=CCCl,,,,,3.02
CON(C)C(=O)c1c(Cn2c(C)nc(Cl)c2Cl)sc2c1c(=O)n(C)c(=O)n2CC(C)C,,64.01,,,
COC=CC=C(C#N)C#N,,,,,2.827
CCSP(=O)(CC)SCC,,,,,3.82
CCCOP(=O)(CC)SC,,,,,4.67
OCC1CCc2cc(C3CCCCC3)ccc21,,,,,2.885
CN(CCOc1ccc(NS(C)(=O)=O)cc1)CCc1ccc(NS(C)(=O)=O)cc1,,66.1,,8.1,
CCCCOCC(O)COc1ccccc1,,,,,1.976
C[C@@H]1O[C@@H](O[C@@H]2[C@@H](O)[C@H](OCCc3ccc(O)c(O)c3)O[C@H](CO[C@@H]3O[C@H](CO)[C@@H](O)[C@H](O)[C@H]3O)[C@H]2OC(=O)/C=C/c2ccc(O)c(O)c2)[C@H](O)[C@H](O)[C@H]1O,-6.650000099999999,,,,
CCCCN(CCCC)SN(C)C(=O)ON=CC(C)(C)SC,,,,,4.447
CCCCN(CCCC)C(=O)CF,,,,,3.709
CO/N=C(\C(=O)N[C@@H]1C(=O)N2C(C(=O)[O-])=C(C[N+]3(C)CCCC3)CS[C@H]12)c1csc(N)n1,,,,1.9,
O=C(O)CCc1ccc(OCc2cc(Cl)ccc2-c2ccccc2)cc1,,99.8,,,
O=S1(=O)CC=CC1,,,,,1.621
CCC=CC=CC=O,,,,,1.981
Cc1ccc(NC(=O)c2ccc(Cl)c(C(F)(F)F)c2)cc1C(=O)Nc1cccnc1,,98.81,,,
Cc1ccc(S(=O)(=O)Nc2c(C(=O)N[C@@H](C)C(C)(C)C)c(C(F)(F)F)nn2-c2ccccc2)cc1,,99.57,,,
S=C=Nc1ccc(Br)cc1,,,,,2.7289999999999996
CCCCCCCCCCCCCCCCCCNC(C)C,,,,,2.39
C=CC(=O)N1CN(C(=O)C=C)CN(C(=O)C=C)C1,,,,,2.853
O=C1COc2nccc(-c3ccccc3F)c2CN1Cc1cc(C(F)(F)F)cc(C(F)(F)F)c1,,99.37,,,
NC(N)=NN=Cc1c(Cl)cccc1Cl,-4.329999900000002,,,,
O=C(NC1(C(=O)N[C@H](Cc2ccccc2)C(=O)NCCCC(=O)N2CCC(N3CCOCC3)CC2)CCCC1)c1cc2ccccc2s1,-5.769775900000001,,,,
CCCCCC(C)O,,,,,1.654
CCOC(=O)C=CN(C)C,,,,,1.503
Cc1cccc(C)c1NC(=O)C1CCCC[NH+]1C,,,0.95,,
COc1cc(C(=O)N2CCN(C(=O)c3cc(OC)c(OC)c(OC)c3)CC2)cc(OC)c1OC,,,,,2.676
CC(=O)OCC(C)C,,,,,0.938
CCOC(=O)C1CC2CC1C1OC21,,,,,1.5830000000000002
COC(=O)c1ccc(NC(C)=O)o1,,,,,2.184
CC[C@@H](CO)Nc1nc(SCc2ccccc2)nc2nc(N)sc12,,96.65,,,
Nc1ccc([N+](=O)[O-])cc1,,,,,2.265
COc1ccc2c(c1)c(CC(=O)OCOC(=O)c1ccccc1)c(C)n2C(=O)c1ccc(Cl)cc1,,,,,3.829
CNC(=O)Oc1cccc2c1OC(C)(C)CC2,,,,,4.894
COc1cccc(CNCc2cccc(CCNC[C@H](O)c3ccc(O)c4[nH]c(=O)sc34)c2)c1,,86.32,,,
COC[C@@H](O)CN(C(C)=O)c1c(I)c(C(=O)NC[C@H](O)CO)c(I)c(C(=O)NC[C@H](O)CO)c1I,,,0.2,,
C=CCC(C(=O)NC(N)=O)C(C)C,,,,,2.244
CCOP(=S)(OCC)N1C(=O)c2ccccc2C1=O,,,,,1.783
CC(C)c1s[nH]c2nc(C(C)(C)C)nc(=O)c1-2,,,,,1.392
CCC(=O)Nc1ncc(Cl)s1,,,,,2.781
COP(=O)(Oc1cc(Cl)c(Br)cc1Cl)c1ccccc1,,,,,3.526
C(OCC1CO1)C1CO1,,,,,2.461
CC(C)NC(=O)c1ccc2c(Nc3ccc(Cl)cc3)nc(N3CCOCC3)nc2c1,,99.49,,,
C1CC2CC1C1SSSC21,,,,,2.802
N#CSc1ccc(C(=O)O)cc1,,,,,3.3339999999999996
O=c1c2nocc2c(-c2ccccc2)nn1-c1ccccc1,,,,,2.461
C[NH+]1Cc2c(N)cccc2C(c2ccccc2)C1,,,6.0,,
CS(=O)(=O)c1ccc2c(C(=O)NC[C@@H](O)CN3CCC(Oc4ccc(Cl)c(Cl)c4)CC3)c[nH]c(=O)c2c1,,90.32,,,
NC(=S)N/N=C/c1ncccc1N,,,0.41,,
CC(=O)N[C@@H](Cc1ccccc1)C(N)=O,-5.10009,,,,
CCC1NC(=O)c2ccccc2O1,,,,,2.131
COC(=O)C(C(=O)Cc1c(C)n(C(=O)c2ccc(Cl)cc2)c2ccc(OC)cc12)C(=O)OC,,,,,3.3560000000000003
O=C1CSC(=S)N1,,,,,2.619
Cc1cc(C)cc(O)c1,,,,,2.303
CN1C(C(=O)Nc2ccccn2)=C(OC(=O)C23CC4CC(CC(C4)C2)C3)c2sc(Cl)cc2S1(=O)=O,,,,,3.728
ClP(Cl)c1ccccc1,,,,,2.952
CC(Oc1ccc(Oc2ccc(Cl)cc2Cl)cc1)C(=O)O,,,,,2.764
CC(=O)Nc1c(I)c(C(=O)[O-])c(I)c(N(C)C(C)=O)c1I,,,0.17,,
COc1ccc2c(O[C@@H]3C[C@H]4C(=O)N[C@]5(C(=O)NS(=O)(=O)C6CC6)C[C@H]5/C=C\CCCCN(C)C(=O)[C@@H]4C3)nc(-c3ccc(F)cc3)nc2c1C,-4.4899998,,,,
C=CCOC(=O)CCCCCCC,,,,,2.51
COc1ccc2c3c1OC1C(O)C=CC4C(C2)[NH+](C)CCC341,,,3.5,,
CCOP(=S)(Cl)Cl,,,,,2.299
CCOP(=S)(OCC)SCn1c(=O)sc2ccccc21,,,,,3.543
CC(=O)Nc1ccc2ccn(-c3cc(NCCCCO)n4ncc(C#N)c4n3)c2c1,,95.91,,,
CC=C(C=O)CC,,,,,1.577
CCC1OC(C)C(=NOC(=O)NC)S1,,,,,4.436
Cn1cnc(S(=O)(=O)N(CCN(Cc2cncn2C)c2ccc(C#N)cc2)Cc2ccccc2)c1,-5.9593034000000005,,,,
CC(C)(C)c1cc([N+](=O)[O-])cc([N+](=O)[O-])c1O,,,,,3.588
COc1cc(Oc2ccc(Cl)cc2Cl)ccc1[N+](=O)[O-],,,,,1.242
Cn1c(=O)c2c(ncn2CC2SCCS2)n(C)c1=O,,,,,2.211
O=c1cc(OCc2ccccc2)ccn1-c1ccc2c(cnn2CCN2CCCC2)c1,,83.04,,,
Cc1cn([C@H]2CCCN([C@@H](CC(C)(C)C)c3ccc(C(=O)O)c(Oc4cccc(Br)c4)c3)C2)c(=O)[nH]c1=O,,99.01,,,
CC1CCN(CCCC(=O)c2ccc(F)cc2)CC1,,,,3.9,
CCCCC(CC)COC(=O)C=CC(=O)OCC(CC)CCCC,,,,,1.067
Nc1nc(/C(=C\CC(=O)O)C(=O)NC2C(=O)N3C(C(=O)O)=CCSC23)cs1,-6.0604806,,,,
OCC1OC(OC2C(CO)OC(O)C(O)C2O)C(O)C(O)C1O,,,,,0.993
Clc1cccc(Cl)c1Nc1ncccn1,,,,,1.706
CCCC(C)C1(CC)C(=O)NC(=O)NC1=O,,,0.91,22.0,3.258
CCCCC(CC)CN1C(=O)C2C3C=CC(C3)C2C1=O,,,,,1.993
O=[N+]([O-])c1ccc(Cl)c(Cl)c1,,,,,2.3040000000000003
COc1ccc(C(CN(C)C)C2(O)CCCCC2)cc1,,18.64,,5.0,
COc1ccc(OC)cc1,,,,,1.584
CC(Cl)(Cl)[N+](=O)[O-],,,,,2.545
CCOP(=O)(OCC)SCc1nnc(SCC)s1,,,,,3.201
O=c1c(O)c(-c2ccc(O)c(O)c2)oc2cc(O)cc(O)c12,,,,0.6,3.2739999999999996
COP(=S)(OC)Oc1cc(Cl)c(I)cc1Cl,,,,,2.249
O=[N+]([O-])N1CN([N+](=O)[O-])CN([N+](=O)[O-])C1,,,,,3.347
CNC(=O)ON=C(SC)c1ccc(Cl)cc1,,,,,2.5869999999999997
CCOC(=O)C(C)Nc1ccc(Cl)c(Cl)c1,,,,,2.117
CC(C)=NOCCOC(=O)C(C)Oc1ccc(Oc2cnc3cc(Cl)ccc3n2)cc1,,,,,1.948
N#Cc1cnn2c(N)cc(-c3ccc(F)cc3)nc12,,94.56,,,
CCCOC=O,,,,,1.345
Cc1oc(C)c(C(=O)Nc2ccccc2)c1C,,,,,2.193
C=C(C)C(=O)OCC(=O)OCC,,,,,1.339
CC=CC=CC=CC(C)=O,,,,,1.501
CC(C(=O)O)c1ccc(N2CC3=C(CC=CC3)C2=O)cc1,,,,,2.9360000000000004
COP(=O)(OC)Oc1cc(C)n(C)c(=O)c1,,,,,4.928999999999999
CCOc1ccc(-n2c(C)nc3ccccc3c2=O)cc1,,,,,1.766
[NH3+]C(Cc1ccc(O)c(O)c1)C(=O)[O-],,,1.7,,
O=C1CN(/N=C/c2ccc(-c3ccc([N+](=O)[O-])cc3)o2)C(=O)N1,,,,10.0,
CCOc1ccccc1N1CCN(CCCc2ccc3c(c2)CCC(=O)N3)CC1,,,,,2.8960000000000004
BrCC(Br)C1CCC(Br)C(Br)C1,,,,,2.123
COc1cc(OC)c(/C=C/S(=O)(=O)Cc2ccc(OC)c(NCC(=O)[O-])c2)c(OC)c1,,,0.11,,
CC(C(=O)O)c1ccc2oc3ccccc3c(=O)c2c1,,,,,2.571
CCON=C(CC)C1=C(O)CC(c2c(C)cc(C)cc2C)CC1=O,,,,,2.5469999999999997
CCCC(CCC)C(=O)[O-],,,0.14,,
C=CCOCC(CC)(CO)COCC=C,,,,,1.518
CCCC=CC(OCC)OCC,,,,,2.302
C#C[C@]1(O)CC[C@H]2[C@@H]3CCc4cc(O)ccc4[C@H]3CC[C@@]21C,,,,9.7,
CCNC(=O)C[C@H]1N=C(c2ccc(Cl)cc2)c2cc(OC)ccc2-n2c(C)nnc21,,93.1,,,
CCCCCN(CCCCC)CC(=O)NN=Cc1ccc([N+](=O)[O-])o1,,,,,2.6439999999999997
O=c1[nH]cnc2scc(-c3cccs3)c12,,98.89,,,
CS(=O)(=O)c1ccc(-c2cc(Cl)ccc2OCC(=O)O)c(Cl)c1,,97.49,,,
C=CC=C,,,,,0.994
CCCOP(=S)(CCl)Sc1ccc(Cl)cc1,,,,,3.596
NCCN1CCOCC1,,,,,1.6369999999999998
CC1OC(OC2C(O)CC(OC3C(O)CC(OC4CCC5(C)C(CCC6C5CCC5(C)C(C7=CC(=O)OC7)CCC65O)C4)OC3C)OC2C)CC(O)C1O,,,0.44,,4.508
CCOP(=S)(OCC)Oc1nc(Cl)c(Cl)cc1Cl,,,,,3.631
C=CCOC1CC2CC1CC2OCC=C,,,,,1.747
C=CCSc1nnc(CSP(=S)(OCC)OCC)s1,,,,,3.188
O=[N+]([O-])c1ccccc1,,,,,2.5469999999999997
CN=NNc1ccc(C)cc1,,,,,2.593
NS(=O)(=O)CCl,,,,,1.331
C=C(Cl)C(OC(C)=O)OC(C)=O,,,,,2.779
CN[C@@H](C)C(=O)N[C@H](C(=O)N[C@H]1CCCN(CCc2ccc(F)cc2)C1)C1CCCCC1,,73.36,,,
CC(C)=CCN1CC[C@]2(C)c3cc(O)ccc3C[C@H]1[C@H]2C,,,,2.5,
CCOCCOCCOC(C)=O,,,,,1.205
CNC(=O)[C@@H]1Cc2cn(cn2)CC(=O)N2CCC[C@H]2C(=O)N[C@@H](C)C(=O)N1C,-5.8998151,,,,
C=CC(COC)c1ccccc1OC(=O)NC,,,,,3.372
OC(C1CO1)C(O)C1CO1,,,,,4.019
CCOC(=O)c1cnn(C)c1-n1cnc2ccccc2c1=O,,,,,2.229
Oc1ccc2c(c1)[C@@]13CCCC[C@@]1(O)[C@@H](C2)N(CC1CCC1)CC3,,,,4.8,
CC1(C)CC(=O)CC(C)(C)N1,,,,,2.004
CC[NH+](CC)CCCC(C)Nc1c2ccc(Cl)cc2[nH+]c2ccc(OC)cc12,,,45.0,,
CC(CN=Cc1ccccc1O)N=Cc1ccccc1O,,,,,1.7919999999999998
CC[N+](C)(C)CCC(C(N)=O)(c1ccccc1)c1ccccc1,,,,,2.363
CCCCOC(CBr)c1ccc(C2CCCC2)cc1,,,,,3.114
CC(=O)Nc1c(I)c(NC(C)=O)c(I)c(C(=O)[O-])c1I,,,0.26,,
OCCOCCN1CCN(C(c2ccccc2)c2ccccc2)CC1,,,,,2.608
O=S(=O)(c1ccccc1)c1ccc(Cl)cc1,,,,,2.2569999999999997
N#Cc1cc([N+](=O)[O-])ccc1N,,,,,1.6230000000000002
CC1COc2c(N3CC[NH+](C)CC3)c(F)c(N)c3c(=O)c(C(=O)[O-])cn1c23,,,2.42,,
COP(=S)(OC)SCSCCOC(N)=O,,,,,3.821
NC(=O)c1ccc(N(C(N)=O)c2c(F)cccc2F)nc1-c1ccc(F)cc1F,,60.77,,,
CC(C)NC[C@H](O)COc1cccc2ccccc12,,86.05,,,
CCCCN(COC(C)=O)N=O,,,,,2.065
C=CC(=O)OCC(C)O,,,,,2.716
C1CCC(N2CCOCC2)CC1,,,,,2.978
CC(C)(C)C1CCC(O)CC1,,,,,1.571
CC1CCCCN1CCCOC(=O)c1ccc(Cl)c(Cl)c1,,,,,2.121
CC(C)S(=O)(=O)n1c(N)nc2ccc(/C(=C/C(N)=O)c3ccccc3F)cc21,-4.54,,,,
COP(=S)(OC)SCSc1ccccc1Cl,,,,,4.3839999999999995
OCCc1ccccn1,,,,,1.113
CCOC(=O)CCCCCCl,,,,,1.56
Cc1ccc2sc(C)nc2c1,,,,,2.232
C[n+]1ccc(-c2cc[n+](C)cc2)cc1,,,,,3.27
O=C([O-])C1=C(C[n+]2ccc(CCS(=O)(=O)[O-])cc2)CSC2C(NC(=O)C(NC(=O)c3nc[nH]c3C(=O)[O-])c3ccccc3)C(=O)N12,,,0.21,,
Cc1cc(-c2cc(=O)[nH]c(NCc3cccc4ccccc34)n2)ccn1,,99.75,,,
CNC(=O)C(SP(=S)(OC)OC)C(=O)NC,,,,,3.0589999999999997
CCCC(C)OC(N)=O,,,,,2.494
CCCCCC(C)(O)CC,,,,,1.628
CC(C)C1CCC(O)CC1,,,,,1.714
COC(=O)C(c1ccccc1)C1CCCC[NH2+]1,,,2.65,,
CCCCC(=O)OCC(=O)C1(O)C(C)CC2C3CCC4=CC(=O)C=CC4(C)C3(F)C(O)CC21C,,,,,3.18
O=C1c2cc([N+](=O)[O-])ccc2-c2c1cc([N+](=O)[O-])cc2[N+](=O)[O-],,,,,1.503
COc1cc2c(Nc3cccc(Cl)c3Cl)c(C(N)=O)cnc2cc1NCCN(C)C,,94.56,,,
CCP(=S)(OCCCl)Oc1ccc(C#N)cc1,,,,,5.1610000000000005
c1cncc(C2=NCCC2)c1,,,,,1.892
O=[N+]([O-])c1c(Cl)c(Cl)c(Cl)c(Cl)c1Cl,,,,,2.4290000000000003
CNS(=O)(=O)c1ccc2c(C(=O)NC[C@@H](O)CN3CCC(Oc4ccc(Cl)c(Cl)c4)CC3)c[nH]c(=O)c2c1,,91.46,,,
COc1cc2c(cc1OC)C(c1ccc(N)cc1)=NN=C(C)C2,,,,,3.383
COCCC(C)OC,,,,,1.501
Oc1c(Cl)cnc(Cl)c1Cl,,,,,3.395
COc1cc2c(cc1OC)C(CCc1ccc(Cl)cc1)N(C)CC2,,,,,2.937
NCC1CCCC(CN)C1,,,,,2.209
C[N+]1(C)C2CC(OC(=O)C(O)(c3cccs3)c3cccs3)CC1C1OC12,,,32.0,,
CCOC(=O)CS,,,,,2.8289999999999997
CC#CCn1c(N2CCCC([NH3+])C2)nc2c1c(=O)n(Cc1nc(C)c3ccccc3n1)c(=O)n2C,,,16.0,,
COc1ccc(Oc2ccc(NC(=O)N(C)C)cc2)cc1,,,,,2.457
CCOC(=O)C(CC)(C(=O)NCCN(CC)CC)c1ccccc1,,,,,2.739
CC(=Cc1ccccc1)CC(=O)NC1CCCCC1,,,,,1.933
Nc1ccn(C2OC(CO)C(O)C2O)c(=O)n1,,,0.67,,
C=Cc1ccccc1,,,,,1.319
CCCC(=O)OCC=C(C)CCC=C(C)C,,,,,1.3230000000000002
C=CCOC(=O)OC(=C)C(=O)OCC=C,,,,,2.736
O=C(OC1CCCCC1)C(Oc1ccc(Cl)cc1)Oc1ccc(Cl)cc1,,,,,2.643
CNC(=O)ON=C1CCCC1(C)C#N,,,,,4.035
OCCN(CCO)CCO,,,,,1.271
COc1cc(C2c3cc4c(cc3C(OC3OC5COC(c6cccs6)OC5C(O)C3O)C3COC(=O)C23)OCO4)cc(OC)c1O,,,0.41,,
O=C(CS)NCCCCCC(=O)Nc1cccc2cccnc12,-4.8496218,,,,
CCOc1ccc(NCCC#N)cc1,,,,,1.617
COc1cc2nc(Nc3ccc([C@@H](C)NC(C)=O)cc3)ncc2cc1-c1ccncc1,,97.38,,,
CC(=O)C(Cl)C(=O)N(C)C,,,,,2.515
CC1(C)SC2C(NC(=O)C(NC(=O)c3cnc4cccnc4c3[O-])c3ccccc3)C(=O)N2C1C(=O)[O-],,,0.16,,
CCOP(=O)(OCC)SC(Cl)=CCl,,,,,3.247
CCCCC1=NC2(CCCC2)C(=O)N1Cc1ccc(-c2ccccc2-c2nnn[n-]2)cc1,,,0.94,,
CC(NC(=O)COc1ccc(Cl)cc1Cl)C(=O)O,,,,,2.562
CC(C)(N)C(=O)N[C@H](COCc1ccc(F)cc1F)C(=O)N1CCC2=NN(CC(F)(F)F)C(=O)[C@]2(Cc2ccccn2)C1,,74.69,,,
C#CCc1cc(COC(=O)C2C(C=C(C)C)C2(C)C)c(C)o1,,,,,1.332
O=S(=O)(Oc1ccc(Cl)cc1Cl)c1ccccc1,,,,,2.482
C=CC#CC(C)(C)O,,,,,2.264
CCCCCCCCCCCCCCCCCC(=O)Cl,,,,,1.606
NC(Cc1c[nH]c2ccccc12)C(=O)O,-5.3899999,,,,
O=C(Cc1cccs1)N[C@@H]1C(=O)N2C(C(=O)[O-])=C(C[n+]3ccccc3)CS[C@H]12,,,,1.5,
COC(F)=C(C(F)(F)F)C(F)(F)F,,,,,2.2969999999999997
ClC(Cl)(Cl)CC1CO1,,,,,2.068
FC(F)(F)c1ccc2[nH]c(C(F)(F)F)nc2c1,,,,,4.45
CCOP(=S)(OCC)Oc1cc(C)c(SC)c(C)c1,,,,,2.932
CCl,,,,,1.4480000000000002
CCCC1CC(C(=O)NC(C(C)O)C2OC(SC)C(O)C(O)C2O)[NH+](C)C1,,,1.0,,
N#Cc1ccc(OC2CCN(C[C@H](O)CNC(=O)c3c[nH]c(=O)c4ccccc34)CC2)cc1Cl,,80.29,,,
C=CC(=O)NCOCC(C)C,,,,,2.201
N#Cc1cc(F)c(Cl)cc1O[C@H](CCN)c1ccccc1,,71.05,,,
C=CC1(C)CC(=O)C2(O)C(C)(O1)C(OC(C)=O)C(O)C1C(C)(C)CCC(O)C12C,,84.0,,,2.207
CC=CC(N)=O,,,,,1.4780000000000002
C=C(C)CN(CC)c1c([N+](=O)[O-])cc(C(F)(F)F)cc1[N+](=O)[O-],,,,,1.523
COCCc1ccc(OCC(O)C[NH2+]C(C)C)cc1,,,3.1,,
CNC(=O)Oc1cccc2ccoc12,,,,,4.281000000000001
CCC(Cl)(Cl)Cl,,,,,1.296
CCCOC(=O)c1ccc(O)cc1,-4.3899999,,,,
O=C(NP(=O)(N1CC1)N1CC1)c1ccccc1,,,,,3.701
CC1OC(OC2C(O)CC(OC3C(O)CC(OC4CCC5(C)C(CCC6C5CC(O)C5(C)C(C7=CC(=O)OC7)CCC65O)C4)OC3C)OC2C)CC(O)C1O,,,4.1,,4.441
CSc1ccc(N2C(N)=NC(N)=NC2(C)C)cc1,,33.39,,,
CNC(=O)Oc1cccc(C)c1,,,,,2.79
CC([NH2+]C(CCc1ccccc1)C(=O)[O-])C(=O)N1CCCC1C(=O)[O-],,,0.38,,
COc1ccc2c(c1)OC(C)(C)C(c1ccccc1)C2c1ccc(OCC2CO2)cc1,,,,,2.717
CC(=Cc1ccccc1)CNN=C(C)C(=O)O,,,,,2.533
CCCCOC(=O)C1CC1OCCCC,,,,,3.951
Nc1cccc(Cl)c1,,,,,2.698
NC(=O)CBr,,,,,3.14
CCCCCC(O)CCC1C(O)CC2Cc3c(cccc3OCC(=O)[O-])CC21,,,0.23,,
CCCSP(=S)(OC)SCCC,,,,,4.184
CCOC(=O)N(Cc1ccccc1)C1CC1,,,,,2.201
C#CC1(O)CCCCC1,,,,,2.316
CC(=O)C=O,,,,,1.791
O=C1NCCc2[nH]c(-c3ccncc3)cc21,,41.45,,,
CC(C)(C)OC(=O)N[C@H](Cc1ccccc1C(F)(F)F)C(=O)NCc1nc2cccnc2n1Cc1ccccc1,,98.89,,,
CCC1C(=O)OCC1Cc1cncn1C,,,,,2.714
O=Nc1ccc(N=O)cc1,,,,,2.125
Cc1ccc(S(=O)(=O)Nc2c(C(=O)NCC(C)(C)C)c(C)nn2-c2ccccc2)cc1,,99.18,,,
CN(C)CCNc1ncnc2ccccc12,,,,,2.509
CS(=O)(=O)Nc1ccc2c(c1)S(=O)(=O)N/C(=C1\C(=O)[C@@H]3[C@H]4CC[C@H](C4)[C@@H]3N(Cc3ccc(F)cc3)C1=O)N2,-5.8899999,,,,
COc1cc2c3c(c4ccc(OC)c(OC)c4c2cc1OC)CN1CCCC1C3,,,,,3.782
CCOC(=S)SSSSC(=S)OCC,,,,,3.0469999999999997
C=CC1OCC(C)O1,,,,,2.108
CC(=O)c1ccccn1,,,,,1.725
N#CC1CC2CC2N1C(=O)C(N)C12CC3CC(CC(O)(C3)C1)C2,,,1.8,,
C=C[Si](OOC(C)(C)C)(OOC(C)(C)C)OOC(C)(C)C,,,,,2.289
C=C(C)C(=O)OCCC[Si](OC)(OC)OC,,,,,1.022
C1OC1CSCC1CO1,,,,,3.66
CC1CO1,,,,,2.184
Cc1cc(COc2ccc(C(=O)N[C@@H]3CC4(C[C@@H]3C(=O)NO)OCCO4)cc2)c2ccccc2n1,-5.7423639,,,,
O=C(CCl)OCCOCCO,,,,,2.375
COc1cc(-c2oc3cc(O)cc(O)c3c(=O)c2OC2O[C@H](CO[C@H]3O[C@H](C)[C@@H](O)[C@H](O)[C@@H]3O)[C@@H](O)[C@H](O)[C@H]2O)ccc1O,-6.5388007,,,,
N#CCCN(CCO)c1ccccc1,,,,,1.773
C=C(c1ccccc1)[C@H]1OC[C@@H](NC(=O)Cc2ccccc2)[C@H](C)O1,-5.050365900000001,,,,
N#Cc1c(-c2ccc(-c3cccnc3)cc2)nc2ccncc2c1O,,99.3,,,
CCOP(=O)(OCC)SCn1nc(C)ccc1=O,,,,,4.6530000000000005
COc1ccc(C=C2C(=O)N=C3c4ccccc4N=CN23)cc1,,,,,3.07
CCC(C)(C)c1ccc2c(c1)C(=O)c1ccccc1C2=O,,,,,2.24
CC(O)Cn1cnc2c1c(=O)n(C)c(=O)n2C,,,,,2.714
CC(=O)Cl,,,,,1.936
CSC(C)=NOC(=O)N(C)SN(C)C(=O)Oc1ccc(OC(=O)N(C)SN(C)C(=O)ON=C(C)SC)cc1,,,,,3.128
Cc1ccc2c(-c3ccccc3)nc(=O)n(C(C)C)c2c1,,,0.52,,2.5639999999999996
CCC1(c2cnc[nH]2)Cc2ccccc2C1,,,2.7,,
CCCCOCC(C)O,,,,,1.779
Cc1nocc1C(=O)Nc1ccc(-c2ccccc2OC(F)(F)F)c(N)n1,,98.4,,,
S=c1[nH]c2ccc(Cl)cc2[nH]1,,,,,3.09
CCOP(=O)(OCC)SC,,,,,3.592
O=[N+]([O-])c1cccc2[nH]c(C(F)(F)F)nc12,,,,,4.34
CS(=O)(=O)c1ccc2c(C(=O)NC[C@@H](O)CN3CCC(Oc4ccc(C#N)c(Cl)c4)CC3)c[nH]c(=O)c2c1,,68.13,,,
COc1ccc2c3c1O[C@H]1C(=O)CC[C@@]4(O)[C@@H](C2)N(C)CC[C@]314,,,,5.5,
Fc1c(Br)c(F)c2nc(C(F)(F)F)[nH]c2c1Br,,,,,4.72
FC(F)(F)c1nc2c(Br)cccc2[nH]1,,,,,3.976
C=CCOc1ccccc1OC[C@@H](CNC(C)C)OC(=O)C1CC1,-4.545000099999998,,,,
CS(=O)(=O)CCNCc1ccc(-c2ccc3ncnc(Nc4ccc(OCc5cccc(F)c5)c(Cl)c4)c3c2)o1,,99.74,,,
O=NN1CN2CN(C1)CN(N=O)C2,,,,,2.2969999999999997
N=C(N)NC(=O)c1cnn(-c2cccc3ncccc23)c1C1CC1,,,1.7,,
CCC1OC(=O)C(C)C(OC2CC(C)(OC)C(O)C(C)O2)C(C)C(OC2OC(C)CC(N(C)C)C2O)C(C)(O)CC(C)C(=O)C(C)C2OC(=O)OC12C,,,,,2.117
CC(C)CNC(=O)[C@H](C)NC[C@H](Cc1ccccc1)NC(=O)c1cc(C(=O)N[C@H](C)c2ccc(F)cc2)cc(N(C)S(C)(=O)=O)c1,-5.0,,,,
Clc1ccc(C(c2ccccc2)N2CCNCC2)cc1,,94.19,,,
COc1ccc(-c2oc3c(CC=C(C)C)c(O[C@@H]4O[C@H](CO)[C@@H](O)[C@H](O)[C@H]4O)cc(O)c3c(=O)c2O[C@H]2O[C@H](C)[C@@H](O)[C@H](O)[C@@H]2O[C@H]2OC[C@H](O)[C@@H](O)[C@@H]2O)cc1,-6.5595455000000005,,,,
O=C(Nc1ccc([N+](=O)[O-])cc1O)Nc1ccccc1Br,,99.73,,,
Cc1cc(Cl)ccc1OC1CCN(C[C@H](O)CNC(=O)c2c[nH]nc2C(F)(F)F)CC1,,96.42,,,
CCCCSc1ccc(C(SCCN(C)C)c2ccccc2)cc1,,,,,1.976
CCc1cnc(C)cn1,,,,,2.133
NC(=O)Nc1sc(-c2ccc(CN3CCCCC3)cc2)cc1C(N)=O,,66.61,,,
O=C(c1cccc(Cc2n[nH]c(=O)c3ccccc23)c1)N1CCN(c2ncccn2)CC1,,94.56,,,
CC(C)(O)C(=O)c1ccccc1,,,,,1.986
O=C(OCC(Cl)(Cl)Cl)c1ccco1,,,,,2.608
Cc1c(Cl)ccc(C(C)c2ccccc2)c1C,,,,,2.061
O=S(=O)(Nc1ccc(C(F)(F)F)cc1)c1ccc2sc(CO)nc2c1,,99.73,,,
O=C(NCC12CC3CC(CC(C3)C1)C2)c1cc(CN2CCNCC2)ccc1Cl,,91.28,,,
CCOP(=O)(OCC)SCS(=O)(=O)CC,,,,,5.742000000000001
CN1C(=O)CC(N2CCN(CCCN3c4ccccc4COc4ccc(CC(=O)O)cc43)CC2)N(C)C1=O,-5.52,,,,
CCP(=S)(Oc1ccc([N+](=O)[O-])cc1Cl)OC(C)C,,,,,4.005
OCC1(CO)CC=CCC1,,,,,1.91
CC(C)(C)c1ccc2c(c1)CC[C@H]2NC(=O)Nc1cccc2[nH]ncc12,,99.78,,,
CC(C)c1ccc(C=O)cc1,,,,,2.028
CC(C)C1C=C2CCC3C(C)(CO)CCCC3(C)C2CC1,,,,,0.618
c1ccc(-c2nnc3ccc(NC4CC4)nn23)cc1,,95.43,,,
OC1(c2ccc(F)cc2)c2ccccc2C2=NCCN21,,,,,3.128
CCOP(=S)(OCC)SCSCC,,,,,5.416
CC(C)(CO)C(O)C#N,,,,,2.62
Cc1cn([C@H]2CCCN(S(=O)(=O)c3ccc(O)c(Oc4cccc(C(F)(F)F)c4)c3)C2)c(=O)[nH]c1=O,,98.61,,,
COCC(C)=O,,,,,1.011
C=CCSCC=C,,,,,1.5830000000000002
O=c1cc(N2CCOCC2)nc(NCc2cccc3ccccc23)[nH]1,,96.79,,,
CCc1cc(C(N)=S)ccn1,-4.4000001,,,,2.1
Cc1[nH]c(=O)[nH]c(=O)c1N(CCCl)CCCl,,,,,5.045
CCN(CC)C(=O)c1ccccc1OCCO,,,,,2.5
C=C1CC(=O)O1,,,,,2.176
COc1ccc(CC[NH+](C)CCCC(C#N)(c2ccc(OC)c(OC)c2)C(C)C)cc1OC,,,3.7,,
O=C(O)CNC(=O)c1ncccc1O,,76.81,,,
CC1CC(C)C(=O)C(C(O)CC2CC(=O)NC(=O)C2)C1,,,,,5.148
CCCCCCCCc1ccc(-c2ccc(C#N)cc2)cc1,,,,,2.122
C=CCn1c(=O)[nH]c(=O)n(CC=C)c1=O,,,,,2.352
CC1C2CCC(C2)C1CN(CCO)C(=O)c1ccc(Cl)cc1,,,,,1.854
CCC(C)C(CC)C(N)=O,,,,,2.275
CC1COc2c(C3([NH3+])CC3)c(F)cc3c(=O)c(C(=O)[O-])cn1c23,,,0.68,,
COC(C)CC(CC(OC)OC)OC,,,,,1.703
CC(C)=CCCC(C)=CCCC(=CCCC(C)=CCO)CO,,,,,1.449
COP(=O)(OC)OC(C)=CC(=O)N(C)C,,,,,4.261
O=Cc1cccc2ccccc12,,,,,2.37
CCCCCCCCCCCCCCCCCCOC(=O)Cc1ccc(N(CCCl)CCCl)cc1,,,,,3.4219999999999997
O=C(NN=C1C=CC(=NO)C=C1)c1ccccc1,,,,,3.3819999999999997
NCCCCCc1c[nH]c2ccc(F)cc12,,64.01,,,
C=CC[NH+]1CCCC1CNC(=O)c1cc2n[nH]nc2cc1OC,,,1.6,,
BrCCBr,,,,,3.24
CNN=Nc1ccc(I)cc1,,,,,2.719
CCCCCCC(N)C(=O)N[C@@H](Cc1ccc(O)cc1)C(=O)N1CCC[C@@H]1C(=O)N[C@@H](Cc1c[nH]c2ccccc12)C(=O)N[C@@H](Cc1ccccc1)C(N)=O,-5.4504986,,,,
COc1cc(-n2cnc3cc(-c4ccc(Cl)cc4)sc3c2=O)ccc1OC[C@H](O)C1CC1,,99.79,,,
CCCCC1C(=O)NN(c2ccccc2)C1=O,,,,,2.123
Nc1nc(F)nc2c1ncn2C1OC(CO)C(O)C1O,,,2.2,,
C1COCCOCCNCCOCCOCCN1,,,,,1.887
COC1CC(OC2C(C)C(=O)OC(C)C(C)C(O)C(C)C(=O)C3(CO3)CC(C)C(OC3OC(C)CC(N(C)C)C3O)C2C)OC(C)C1O,,,,,2.011
CCOP(=O)(N=c1scc(CO)s1)OCC,,,,,3.2430000000000003
CC1(C)OCC(CO)O1,,,,,1.276
CS(=O)(=O)c1ccc(-c2ccc3c(Nc4ccc(F)cc4)c(C(N)=O)cnc3c2)cc1,,98.7,,,
CCOP(=O)(OCC)SCc1ccccc1,,,,,2.596
CNc1nc2ccccc2n1Cc1sc2c(c1C(=O)N1C[C@H](O)CO1)c(=O)n(C)c(=O)n2CC(C)C,,47.7,,,
C=CC(=O)OCCOC(=O)C=C,,,,,2.7539999999999996
CNC(=O)C=C(C)OP(=O)(OC)OC,,,,,4.446000000000001
NC(=S)Cc1cccc2ccccc12,,,,,3.526
CCN1C(=O)c2ccccc2C1Nc1ccc(OCCN2CCCCC2)cc1,,,,,2.737
CCC=CCCO,,,,,1.329
CC(C)C12C=CC(C)(CC1)OO2,,,,,2.925
CN[C@@H]1C[C@H]2O[C@@](C)([C@@H]1OC)n1c3ccccc3c3c4c(c5c6ccccc6n2c5c31)C(=O)N[C@@H]4O,,,,790.0,
CCC(=O)c1ccc2c(c1)N(CCCN1CCN(C)CC1)c1ccccc1S2,,,,,2.819
COc1ccc(OC(=O)C=C(C)OP(=O)(OC)OC)cc1,,,,,3.4960000000000004
CCOC(=O)C(O)(c1ccc(Cl)cc1)c1ccc(Cl)cc1,,,,,2.667
CCC(C)(O)C(=O)OC1C(=O)OC2CC3C(C)=CC(O)C(O)C3(C)C3C4(O)OCC23C1C(C)C4O,,,,,2.793
COCCOc1cc2ncc(C(N)=O)c(Nc3ccc(F)cc3F)c2cc1N1CCN(C)CC1,,54.59,,,
CCOC(=O)C(C#N)C(=O)Cc1c(C)n(C(=O)c2ccc(Cl)cc2)c2ccc(OC)cc12,,,,,3.742
CC(C)(C)C(NC(=O)c1ccccc1)C(=O)c1ccc(Cl)cc1,,99.4,,,
CCCCOC(=O)Cc1ccc(N(CCCl)CCCl)cc1,,,,,4.22
C=COCCOCCCC,,,,,1.668
O=C(Nc1cc(Cl)ccc1Cl)c1cc(Cl)cc(-c2ccccc2)c1O,,,,,1.794
C[C@@H]1NC(=O)[C@H](C)NC(=O)[C@@H](C)N(C)C(=O)[C@H](C)NC(=O)[C@@H](C)N(C)C(=O)[C@@H](C)NC1=O,-5.8200002,,,,
CCOC1CCC=CO1,,,,,1.318
Cn1cnc([N+](=O)[O-])c1Sc1[nH]cnc2ncnc1-2,,,,,2.715
CCOP(=S)(OC(C)C)ON1C(=O)c2ccccc2C1=O,,,,,3.12
O=C(O)C1CCc2cc(C3CCCCC3)c(O)cc21,,,,,2.762
CCOP(=S)(NC)Oc1ccc(SC)c(C)c1,,,,,4.765
CC(=O)Oc1ccc(C2(c3ccc(OC(C)=O)cc3)C(=O)N(C(C)=O)c3ccccc32)cc1,,,,,2.948
CCCCC(CC)COC(=O)CCCCC(=O)OCC(CC)CCCC,,,,,1.609
CC(=O)CC(=O)OCCOC(C)=O,,,,,1.197
CNC(=O)/C=C(\c1cccc(F)c1)c1ccc2nc(N)n(S(=O)(=O)NC(=O)N3CCCC3)c2c1,-4.0999998999999985,,,,
CCOP(=S)(CC)SCSCSP(=S)(CC)OCC,,,,,5.239
CCC(C)(C)OC,,,,,1.805
CCOP(=S)(OCC)Oc1cc(C)n(CC)c(=O)c1,,,,,1.635
CC(=O)Nc1ccc(N)cc1,,,,,1.779
CCOC(C1=NCCCN1)c1ccc(Cl)c(Cl)c1,,,,,2.89
COCC(C)O,,,,,1.202
Cc1ccc(-c2nnc(SCC(=O)N3CCN(c4ccccc4)CC3)o2)cc1,,99.82,,,
COc1ccc(OC)c(Cc2cnc3nc(N)nc(N)c3c2C)c1,,,,,2.445
CC(=O)c1c(Cl)c(Cl)c(Cl)c(Cl)c1Cl,,,,,2.369
CC1CC=CC2C3OC3(C)C(C)C3C(Cc4ccccc4)NC(=O)C23OC(=O)OC=CC(C)(O)C1=O,,,,,4.736000000000001
CCC1OC(=O)C(C)C(OC2CC(C)(OC)C(O)C(C)O2)C(C)C(OC2OC(C)CC([NH+](C)C)C2O)C(C)(OC)CC(C)C(=O)C(C)C(O)C1(C)O,,,1.5,,
CCOC(=O)C=C(C)OP(=O)(OCC)OCC,,,,,4.083
CCCCCCCCCC(=O)OC1(c2ccc(Cl)cc2)CCN(CCCC(=O)c2ccc(F)cc2)CC1,,,,,2.49
CC(NC(C)c1ccccc1)c1ccccc1,,,,,1.886
CCCC(=O)C1c2cccc(O)c2C(=O)c2c(O)cccc21,,,,,2.273
C[C@@H]1NC(=O)[C@H](C)N(C)C(=O)[C@@H](C)NC(=O)[C@H](C)NC(=O)[C@@H](C)NC(=O)[C@@H](C)NC1=O,-5.8200002,,,,
CCCCc1c(C)[nH]c(N(C)C)nc1=O,,,,,1.95
CC(C)(C)NC(=O)C1CCC2C3CC=C4C=C(C(=O)[O-])CCC4(C)C3CCC12C,,,0.54,,
COc1nc(Cl)c(Cl)nc1NS(=O)(=O)c1ccc(Cl)s1,,99.92,,,
CCOC(=O)Cc1ccccc1,,,,,1.6969999999999998
CN(C(=O)CF)c1cccc2ccccc12,,,,,3.511
CCC1(C)CC(=O)NC1=O,,,,,1.89
O=C(O)c1cc(/N=N/c2ccc(O)c(C(=O)O)c2)ccc1O,,,,0.9,
CC(C)(C)C(O)C(=Cc1ccc(Cl)cc1Cl)n1cncn1,,,,,2.838
CC=CC=O,,,,,2.532
OC1(c2ccccc2)c2ccccc2C2=NCCN21,,,,,2.9210000000000003
O=C(Nc1ccc(Cl)cc1)Nc1nnc(-c2ccncc2)s1,,99.83,,,
CC(C=CC1=C(C)CCCC1(C)C)=CC=CC(C)=CCO,,,,,2.156
O=c1[nH]c2c(O)ccc([C@@H](O)CNCCSCCCNCCc3cccc(Cl)c3Cl)c2s1,,94.06,,,
CCCC(=O)OC(=C(Cl)Cl)P(=O)(OC)OC,,,,,2.425
CSCC(=NO)C(C)(C)C,,,,,2.2969999999999997
CC(C)Cn1c(=O)n(C)c(=O)c2c(C(=O)N3CC[C@@H](O)C3)c(Cc3ccnc4ccc(F)cc34)sc21,,54.02,,,
C[C@@H]1NC(=O)[C@H](C)NC(=O)[C@@H](C)N(C)C(=O)[C@H](C)NC(=O)[C@@H](C)NC(=O)[C@@H](C)NC1=O,-5.8200002,,,,
CCC(=O)OCC(=O)[C@@]1(OC(=O)CC)[C@@H](C)C[C@H]2[C@@H]3CCC4=CC(=O)C=C[C@]4(C)[C@@]3(Cl)[C@@H](O)C[C@@]21C,,,,0.5,
CCO[Si](C)(C)c1ccccc1,,,,,1.865
CC(C(=O)OCCCCO[N+](=O)[O-])c1ccc(-c2ccccc2)c(F)c1,,,,,3.025
C[C@@](C(=O)O[C@H]1C[N+]2(CCCOc3ccc(F)cc3)CCC1CC2)(c1ccccc1)N1CCCCC1,,96.87,,,
O=C(CN1CCNCC1)NC1CCCCC1,,,,,1.7619999999999998
CCC(=O)OCc1ccccc1,,,,,1.6969999999999998
CNc1c(C(N)=O)cnc2[nH]c(-c3ccc(OCCN4CCOCC4)cc3)nc12,,78.79,,,
OCCNCC(O)CNCCO,,,,,1.394
N#CC1CC=CCC1,,,,,2.367
CCCCOC(=O)N(C)SN(C)C(=O)Oc1cccc2c1OC(C)(C)C2,,,,,3.858
Cc1ccc(N)cc1,,,,,2.213
CCOP(=O)(OCC)OC(=C(Cl)Br)c1ccc(Cl)cc1Cl,,,,,4.356
CCCCN,,,,,2.301
O=C(O)CCCc1ccc(N(CCCl)CCCl)cc1,,,,1.1,3.602
CN1C(=O)CC(N2CCCN(CCCN3c4ccccc4CCc4ccc(CC(=O)O)cc43)CC2)N(C)C1=O,-5.5900002,,,,
CCn1cc(CNC(=O)c2cc(-c3ccc(C)cc3)nc3ccc(Br)cc23)c(C)n1,,99.89,,,
O=C(NC[C@@H](O)CN1CCC(Oc2ccc(Cl)c(Cl)c2)CC1)c1cc(=O)[nH]c2ccccc12,,98.17,,,
Cc1ccc(S(=O)(=O)N2N=Cc3ccccc3B2O)cc1,,91.64,,,
COc1ccc2c(O[C@@H]3C[C@H]4C(=O)N[C@]5(C(=O)NS(=O)(=O)C6CC6)C[C@H]5/C=C\CCCCN(C)C(=O)[C@@H]4C3)nc(-c3cccc(F)c3)nc2c1C,-5.3000002,,,,
Cn1c(=O)c2c(ncn2CCO)n(C)c1=O,,,,,2.499
CC(C)CNC(=O)N1CCNC1=O,,,,,1.724
COC(Cc1ccccc1)OC,,,,,1.6769999999999998
CCCc1nc2c(C)cc(-c3nc4ccccc4n3C)cc2n1Cc1ccc(-c2ccccc2C(=O)O)cc1,,99.23,,20.0,
CC[NH2+]C(C)Cc1cccc(C(F)(F)F)c1,,,11.0,,
CCCN(CCC)c1c([N+](=O)[O-])cc(C(C)=O)cc1[N+](=O)[O-],,,,,2.615
Cn1c(=O)n(-c2ccccc2)c2nc(Cl)ccc21,,,,,2.171
O=Cc1ccccc1,,,,,1.912
CCOc1ccc2ccccc2c1,,,,,1.743
CCCCN1C(=O)c2cccc([N+](=O)[O-])c2C1=O,,,,,2.0869999999999997
Cc1cccc(C)c1NC(=O)CC12CCCN1CCC2,,,,,3.029
CN1CCN(c2ccc3ncc(C(N)=O)c(Nc4ccc(Cl)cc4Cl)c3c2)CC1,,98.21,,,
COP(=S)(OC)SCN1C(=O)CSC1=O,,,,,3.626
C(=NC1CCCCC1)=NC1CCCCC1,,,,,2.7119999999999997
COCCOc1cc2ncc(C(N)=O)c(Nc3ccc(C)cc3F)c2cc1N1CCN(C)CC1,,84.9,,,
CCC12COP(=O)(OC1)OC2,,,,,4.762
O=c1ccc2cc(CCCCN3CCN(c4ccccc4)CC3)ccc2[nH]1,,,,,2.859
c1ccc2nc3ccccc3cc2c1,,,,,1.952
Fc1ccc2[nH]c(C(F)(F)F)nc2c1,,,,,4.09
COc1cc(C)c2[nH]c(=O)sc2c1,,,,,1.411
CCCn1c(=O)c2[nH]c(C)nc2n(CC(C)C)c1=O,,,,,4.143
CCCCCCCCCCOC(=O)c1ccccc1C(=O)OCCCCCCCC,,,,,0.969
Cc1ccccc1COC1CC2(C(C)C)CCC1(C)O2,,,,,1.78
COc1cc2c(Nc3cccc(Cl)c3Cl)c(C(N)=O)cnc2cc1NCCN1CCCCC1,,99.4,,,
C#C[C@@]1(O)CC[C@@H]2[C@H]3CCC4=Cc5oncc5C[C@@]4(C)[C@@H]3CC[C@]21C,-4.561461,,,,
O=C(O)CCC(=O)OCC1COC(C(Cl)(Cl)Cl)O1,,,,,1.976
OCC1CCCCO1,,,,,1.493
CO/N=C(\C(=O)N[C@@H]1C(=O)N2C(C(=O)O)=CCS[C@H]12)c1csc(N)n1,,,,1.5,
CC(C)(C)OC(=O)NC[C@H]1CC[C@H](CNC(=O)c2cc(N3CCC(CCN4CC(O)C4)CC3)nc3ccccc23)CC1,,97.0,,,
CCC(C)n1c(=O)[nH]c(C)c(Br)c1=O,,,,,2.61
O=S(=O)(C(Cl)(Cl)Cl)C(Cl)(Cl)Cl,,,,,2.639
O=P(O)(O)c1ccccc1,,,,,1.898
c1ccc(OCC2CO2)cc1,,,,,1.591
Cc1cccs1,,,,,1.487
CC(=O)CCCCn1c(=O)c2c(ncn2C)n(C)c1=O,-4.1799998,,1.8,1.2,2.376
COc1ccc2c(C)nc(=O)n(CCN3CCC(NCc4cc5c(cn4)OCCO5)CC3)c2c1,,59.66,,,
CN(CC(=O)O)C(=O)CN,-4.9000001,,,,
CC(C)Cn1c(=O)n(C)c(=O)c2c(SCCCO)c(Cc3cccc4ccccc34)sc21,,99.9,,,
CC1(C)COC(c2ccccc2)CN1,,,,,2.6
CCCCC=CC=O,,,,,1.936
CCCCc1ccccc1O,,,,,2.375
O=C(CN1CCCCCC1)N1c2ccccc2Sc2ccccc21,,97.07,,,
CCC(C(c1ccc(Cl)cc1)c1ccc(Cl)cc1)[N+](=O)[O-],,,,,3.034
CCNC(=O)Nc1nc2cc(-c3cccnc3)cc(-c3ncccc3F)c2[nH]1,,98.64,,,
CNC(=O)ON=C1SCCOC1(C)C,,,,,5.561
O=CN(c1ncnc2c1ncn2C1CC1)C1CC1,,,,,3.143
CC=C(C)C(=O)OC1CCN2CC=C(COC(=O)C(O)(C(C)OC)C(C)(C)O)C12,,,,,3.573
CC(C)COC(=O)c1ccccc1,,,,,1.503
CN(C)C1CCCCC1,,,,,2.563
ClC1=C(Cl)C2C(C1)C1(Cl)C(Cl)=C(Cl)C2(Cl)C1(Cl)Cl,,,,,3.159
c1ccc(C2(c3ccccc3)COC(c3ccccc3)(C3CCCCN3)OC2)cc1,,,,,3.1239999999999997
CCCCCCCCCCCCCCO,,,,,0.904
O=C(OCc1ccccc1)c1ccccc1O,,,,,2.011
CNC(=O)[C@@H](Cc1ccccc1)NC(=O)[C@@H](C)NC(C)=O,-5.7484403,,,,
CCCCCCC[NH+](CC)CCCC(O)c1ccc(NS(C)(=O)=O)cc1,,,12.0,,
O=S(=O)(O)c1c(O)ccc2ccccc12,,,,,1.85
CN1CCOC1=O,,,,,1.083
CC1CCCCC1=O,,,,,1.719
ClCC1(CCl)COC1,,,,,2.412
CC([NH2+]CCc1ccc(O)cc1)C(O)c1ccc(O)cc1,,,4.4,,
CC(=O)OC(C)(C)C1CC=C(C)CC1,,,,,1.587
Clc1cccc(C2CCCCC2)c1Cl,,,,,1.683
O=c1nc(N2CCOCC2)cc(N(CCO)Cc2cccc3ccccc23)[nH]1,,86.05,,,
CNC(=O)Sc1ccc(OS(C)(=O)=O)cc1,,,,,3.3680000000000003
CCc1nc(N)nc(N)c1-c1ccc(Cl)cc1,-4.23,92.64,0.43,140.0,2.752
Cc1cn([C@H]2CCCN([C@H](C)c3ccc(C(=O)O)c(Oc4cccc(Cl)c4)c3)C2)c(=O)[nH]c1=O,,98.44,,,
CN[C@@H](C)C(=O)N[C@H](C(=O)N[C@H]1CCCN(CCc2cccc(F)c2)C1)C1CCCCC1,,71.99,,,
CCOP(=S)(OCC)SCn1nc(Cl)ccc1=O,,,,,3.973
CC12CCC3c4ccc(OC(=O)N(CCCl)CCCl)cc4CCC3C1CCC2OP(=O)([O-])[O-],,,0.12,,
C1CSCCS1,,,,,1.638
COc1ccc2cc(C(C)C(=O)OCCO)ccc2c1,,,,,2.2030000000000003
CN(C)c1nc(=O)n(C2CCCCC2)c(=O)n1C,,,,,2.174
COP(=O)(OC)Sc1ccc(Cl)cc1,,,,,3.403
COCCN1C=CC(=C2C(=O)c3ccccc3C2=O)C=C1,,,,,2.905
CN(C)CCCC1(c2ccc(F)cc2)OCc2cc(C#N)ccc21,,59.66,,33.0,
CCOP(=O)(OCC)Oc1nc(Cl)c(Cl)cc1Cl,,,,,3.3939999999999997
CCOC(C1=NCCCN1)c1cccc2ccccc12,,,,,2.855
S=C(Cc1ccccc1)N1CCOCC1,,,,,3.646
COc1ccc(NC(=O)CC(C)=O)cc1,,,,,2.086
NCCCC[C@H](N[C@@H](CCc1ccccc1)C(=O)O)C(=O)N1CCC[C@H]1C(=O)O,-7.389999900000001,,,42.0,
CC(C)C(C(=O)OC(C#N)c1ccc(Oc2ccccc2)cc1)c1ccc(Cl)cc1,,,,,2.969
CN(C)c1ccc(SC#N)cc1,,,,,2.552
CO[C@H]1C[C@H](O[C@H]2CC[C@]3(C=O)[C@H]4CC[C@]5(C)[C@@H](C6=CC(=O)OC6)CC[C@]5(O)[C@@H]4CC[C@]3(O)C2)O[C@H](C)[C@H]1O,-5.6999998,,,,
O=C(CN1CCCC1)N1c2ccccc2Sc2ccc(C(F)(F)F)cc21,,97.71,,,
O=C(O)c1ccccc1C(=O)c1ccccc1,,,,,1.692
Cn1c(C2=CCN(CCCN3c4ccccc4Sc4ccc(CC(=O)O)cc43)CC2)cc(=O)n(C)c1=O,-4.8289509000000015,,,,
Cc1cnc(C(=O)c2ncnc3[nH]ccc23)c(NS(=O)(=O)c2ccc(Cl)c(C(F)(F)F)c2)c1,,99.91,,,
Nc1ccn([C@@H]2O[C@H](CO)[C@@H](O)C2(F)F)c(=O)n1,,,,1.0,
CCOc1c(OP(=S)(OCC)OC(C)C)cnn(C)c1=O,,,,,4.573
CCCC=C(C=O)CC,,,,,1.7990000000000002
COC(=O)C1C(O)CCC2CN3CCc4c([nH]c5ccccc45)C3CC21,-4.8099999,,0.48,,
CCNC(=O)C(C)OC(=O)Nc1ccccc1,,,,,1.332
Nc1ccc(-c2ccc(N)cc2[N+](=O)[O-])cc1,,,,,2.059
N=C(N)c1cc2c(-c3ccccc3)cccc2s1,,89.91,,,
C=COCCN(C)C,,,,,2.806
CCOP(=O)(OCC)SC1CCOC1=O,,,,,3.0069999999999997
CC(C)(C)NS(=O)(=O)c1cncc(-c2ccc3nc(NC(=O)NCC(=O)N4CCOCC4)nn3c2)c1,,54.02,,,
CCc1oc2ccccc2c1C(=O)c1cc(Br)c(O)c(Br)c1,,,,,3.233
O=CC1CCC=CO1,,,,,1.358
C=CCOc1ccccc1C(=O)N(CC)CC,,,,,2.8560000000000003
CN(C)C(=O)Nc1ccc(-n2nc(C(C)(C)C)oc2=O)c(Cl)c1,,,,,2.53
CC1CC(C=O)CC(C)(C)C1,,,,,1.571
Cc1cc(N)ccc1N,,,,,3.0780000000000003
CCN(CC)CCOc1ccccc1-n1c(C)ccc1-c1ccccc1,,,,,2.697
COC(=O)[C@H]1[C@H](O)CC[C@@H]2CN3CCc4c([nH]c5ccccc45)[C@H]3C[C@H]21,-4.729893700000001,,,,
Cc1ccc(C(C)C)cc1O,,,,,2.268
CNC(=O)Oc1ccc(N=CN(C)C)c(C)c1,,,,,4.513999999999999
N#Cc1nn(-c2c(Cl)cc(C(F)(F)F)cc2Cl)c(N)c1S(=O)(=O)C(F)(F)F,,,,,3.391
CS(=O)(=O)c1ccccc1C(=O)NC[C@@H](O)CN1CCC(Oc2ccc(Cl)c(Cl)c2)CC1,,91.28,,,
Cc1ccc2c(c1)c(-c1ccnc3c(C)cccc13)c(C)n2CC(=O)O,,99.51,,,
C#CC(=O)O,,,,,2.845
CC1OC(OC2C=C3CCC4C(CCC5(C)C(c6ccc(=O)oc6)CCC45O)C3(C)CC2)C2OC(C)(C)OC2C1O,,,,,5.332000000000001
NCC1(CC(=O)O)CCCCC1,,,,5.3,
CCCCC(CC)C(=O)OCCOCCOCCOCCOC(=O)C(CC)CCCC,,,,,1.395
CC(C)Oc1cc(-n2cnc3ccc(N[C@@H](C)c4ccc(F)cn4)nc32)n[nH]1,,94.19,,,
C=CC(=O)OCCC#N,,,,,2.842
CCCn1c(=O)c2nc(C34CC5CC(CC3C5)C4)[nH]c2n(CCC)c1=O,,,4.3,,
COP(=O)(OC1CCCCC1)Sc1ccc(Cl)cc1,,,,,3.302
O=NN1CCOCC1,,,,,2.615
C=C(Cl)COP(C)(=S)Oc1ccc([N+](=O)[O-])cc1,,,,,3.983
CC=C1CC(C)C(C)(O)C(=O)OCC2=CCN3CCC(OC1=O)C23,,,,,3.596
O=C1CN=C(c2ccccc2Cl)c2cc(Br)ccc2N1,,,6.23,,
O=C(Nc1ccc(Br)cc1)c1cc(Br)ccc1O,,,,,2.957
C[C@H](Nc1nc(Nc2ncc(C#N)s2)cc(N2CCOCC2)n1)c1ccc(F)cn1,,94.06,,,
Cc1ccc2c(OCCN3CCC(Cc4cccc(NS(C)(=O)=O)c4)CC3)cccc2n1,,97.0,,,
CCCS(=O)CCC[NH+](CC)CC(O)COc1ccc(C#N)cc1,,,1.8,,
CCc1nn(CCCN2CCN(c3cccc(Cl)c3)CC2)c(=O)n1CCOc1ccccc1,,,0.51,1.2,
N#Cc1cc(-c2ccccc2)nnc1NCCN1CCOCC1,,,,,2.49
Clc1nc(Cl)nc(Nc2ccccc2Cl)n1,,,,,2.009
COCC1=C(C(=O)O)N2C(=O)[C@@H](NC(=O)/C(=N\OC)c3csc(N)n3)[C@H]2SC1,,53.45,,,
Cc1cc(C)cc(-c2nnc(SCC(=O)N3CCN(C(=O)c4ccco4)CC3)o2)c1,,96.79,,,
Cc1cccc(Cl)c1C(=O)NC(Cc1ccc(NC(=O)c2c(Cl)cncc2Cl)cc1)C(=O)[O-],,,0.3,,
O=[N+]([O-])C(Br)(Br)CO,,,,,3.932
CC(=O)N[C@H](C)c1ccc(Nc2ncc3cc(-c4ccncc4)c(C)cc3n2)cc1,,98.09,,,
N=C(Nc1ccccc1)Nc1ccccc1,,,,,2.62
CO[C@@]1(NC(=O)C(C(=O)O)c2ccc(O)cc2)C(=O)N2C(C(=O)O)=C(CSc3nnnn3C)CO[C@@H]21,,,,2.9,
N#Cc1cc(-c2n[nH]c(-c3ccncc3)n2)ccn1,,84.9,,,
O=C(Cl)CCCCCCCCC(=O)Cl,,,,,2.7769999999999997
OC1CCCc2ccccc21,,,,,1.961
O=C1CCCN1CCO,,,,,0.952
Fc1c(Cl)ccc2[nH]c(C(F)(F)F)nc12,,,,,4.62
CSc1ccc2c(c1)N(CCCN(C)C)c1ccccc1S2,,,,,2.358
O=C(O)C1CCc2cc(C3CCCCC3)c(Cl)cc21,,,,,3.832
COc1ccc2c(O[C@@H]3CC4C(=O)N[C@]5(C(=O)O)C[C@@H]5/C=C\CCCCC[C@H](NC(=O)OC5CCCC5)C(=O)N4C3)cc(-c3csc(NC(C)C)n3)nc2c1,-5.6599998,,,,
C[Si](C)(C)CCCC(=O)O,,,,,1.7280000000000002
Cc1ccc(C)c(C)c1C,,,,,1.321
Cc1cc(Oc2ncc(C(F)(F)F)cc2Cl)ccc1CC1SC(=O)NC1=O,,99.94,,,
C=CC(=O)OCCCOCC,,,,,2.285
CCCCOC(=O)c1ccccc1C(=O)OCCOCCOC(=O)c1ccccc1C(=O)OCCCC,,,,,1.67
CCOC(=O)C1(c2ccccc2)CCN(CCOCc2ccccc2)CC1,,,,,3.112
Cc1occc1C(=O)Nc1ccccc1,,,,,1.193
CNC(=O)Oc1ccccc1Cl,,,,,2.457
CCOC=C(C(=O)OCC)C(=O)OCC,,,,,2.369
C=C[C@@H]1CN2CC[C@@H]1C[C@H]2[C@H](O)c1ccnc2ccc(OC)cc12,-4.5008955,,,,
COc1ccccc1OCCNCC(O)COc1cccc2[nH]c3ccccc3c12,,,,2.4,
CCC(O)CCO,,,,,0.7170000000000001
NCC(CC(=O)O)c1ccc(Cl)cc1,,,,,3.168
O=c1c2ccccc2c(=O)c2c1ccc1[nH]c3c(ccc4c(=O)c5ccccc5c(=O)c43)[nH]c12,,,,,2.345
CC(C)=CCC1=C(O)C(C(=O)CC(C)C)=C(O)C(CC=C(C)C)(CC=C(C)C)C1=O,,,,,3.618
CC(C)CCC(C)Nc1ccc(NC(C)CCC(C)C)cc1,,,,,2.609
COC(C(=O)N1Cc2[nH]nc(NC(=O)c3ccc(N4CC[NH+](C)CC4)cc3)c2C1)c1ccccc1,,,2.5,,
Cc1ccc2c(c1)c(-c1ccnc3c(C#N)cccc13)c(C)n2CC(=O)O,,98.29,,,
O=C(CCCN1CC[Si](O)(c2cccc(C(F)(F)F)c2)CC1)c1ccc(F)cc1,,95.91,,,
COP(=S)(OC)SCc1nnc(C(C)C)o1,,,,,2.925
C[NH+](C)C1C([O-])=C(C(N)=O)C(=O)C2(O)C([O-])=C3C(=O)c4c(O)ccc(Cl)c4C(C)(O)C3CC12,,,0.9,,
O=C(NCC1(O)CCCCCC1)c1cc(-n2ncc(=O)[nH]c2=O)ccc1Cl,,75.97,,,
Cc1ccc(-c2ccncc2)cc1NC(=O)c1ccc(OCc2ccccn2)cc1,,98.21,,,
C=CCOC(=O)CCCCCC,,,,,2.532
CNC(=O)Oc1cc(C)c(SC)c(C)c1,,,,,4.353
CN(N=O)C(C)(C)c1ccccc1,,,,,1.929
NNC(=O)OC1CC2CCC(C1)N2C(=O)Oc1ccccc1,,,,,1.786
O=C(NC(CCc1ccc2c(c1)OCO2)CCc1ccc2c(c1)OCO2)c1ccc(Cl)cc1,,,,,2.4130000000000003
CC1CCC(O)CCCCCc2cc(O)cc(O)c2C(=O)OC1,-4.8200002,,,,
NC(=O)NC(=O)C(Nc1ccc2c(c1)CCC2)c1ccccc1,,97.0,,,
OCP(CO)CO,,,,,2.843
COc1ccc(N)c([N+](=O)[O-])c1,,,,,1.0759999999999998
CC(C)COC(=O)C(C)C,,,,,1.052
CCc1ccc(C)cc1,,,,,1.394
CC(N)C(O)c1ccccc1,,,,,1.993
CCN(CCNCCc1ccc(O)c2[nH]c(=O)sc12)C(=O)CCOCCc1ccccc1,,94.56,,,
CCN(C)C(=O)Oc1cccc([C@H](C)N(C)C)c1,,,,1.4,
CCC(C)C(CN(C)C)c1cc(F)ccc1OC,,,,,2.927
CCCCCCC(=O)OCCOCCOCCOCCOC(=O)CCCCCC,,,,,1.224
CCP(=S)(OCC(C)C)SCN1C(=O)c2ccccc2C1=O,,,,,3.678
CCCCCCCCS(=O)C(C)Cc1ccc2c(c1)OCO2,,,,,2.21
CCOP(=O)(OCC)SCCSCC,,,,,5.236000000000001
COc1ccc(C(N)=O)cc1C(=O)NCc1cccnc1,,,,,2.219
COc1ccc(C=CC(=O)OCCC(C)C)cc1,,,,,1.413
Cc1ccc(S(=O)(=O)Nc2c(C(=O)N[C@H](C)C(C)(C)C)c(C)nn2-c2ccccc2)cc1,,99.19,,,
CCO,,,,,0.815
O=C(O)COCCN1CCN(C(c2ccccc2)c2ccc(Cl)cc2)CC1,-5.5,81.01,,,
CC(=O)N[C@@H](CS)C(=O)O,,,,5.5,
Nc1ccc(S(=O)(=O)O)c2cccc(S(=O)(=O)O)c12,,,,,0.7340000000000001
C=CCOCCO,,,,,1.525
CC(NCCC(c1ccccc1)c1ccccc1)c1ccccc1,,98.84,,,
NC(N)=Nc1nc(CSCCC(N)=NS(N)(=O)=O)cs1,-6.0700002,,,,1.837
O=c1oc2ccccc2c(O)c1Cc1c(O)c2ccccc2oc1=O,,,,,3.1289999999999996
CC(=O)Nc1ccc(CC(=O)O)cc1,,,,,1.116
CCOC(=O)C(c1c(O)c2ccccc2oc1=O)c1c(O)c2ccccc2oc1=O,,,,,2.687
COc1ccc2c(c1)c(-c1ccnc3cc(Cl)ccc13)c(C)n2CC(=O)O,,99.69,,,
C=CCO[C@H](CCC(C)(C)O)[C@](C)(O)[C@H]1CC[C@@]2(O)C3=CC(=O)[C@@H]4C[C@@H](O)[C@@H](O)C[C@@]4(C)C3CC[C@]12C,-4.6900001,,,,
CCCNCCC,,,,,2.342
Fc1ccc(C(c2ccccc2)(c2ccccc2F)n2ccnc2)cc1,,,,,2.6319999999999997
CCN(CC)CCOc1ccc(C(O)(Cc2ccc(Cl)cc2)c2ccc(C)cc2)cc1,,,,,2.34
COc1c2occc2c(OC)c2c(=O)cc(C)oc12,,,,,3.5780000000000003
Cc1cccc(C#N)c1,,,,,1.592
CC(C)C1NC(=O)C(CCCC[NH3+])NC(=O)C(Cc2c[nH]c3ccccc23)NC(=O)C(Cc2ccc(O)cc2)NC(=O)C(NC(=O)C(N)Cc2ccc3ccccc3c2)CSSCC(C(=O)NC(C(N)=O)C(C)O)NC1=O,,,0.2,,
OCCOCCOCCN1CCN(C(c2ccccc2)c2ccc(Cl)cc2)CC1,,,,,2.658
CNCCN[C@H](c1cc(C)ccc1N1CCN(C(=O)[C@H](C)Cc2ccc(Cl)cc2F)CC1)C(C)C,-5.52,,,,
CCC(CC)C(=O)OCCOCCOCCOC(=O)C(CC)CC,,,,,1.7619999999999998
CO/N=C(\C(=O)N[C@@H]1C(=O)N2C(C(=O)O)=C(C)CS[C@H]12)c1csc(N)n1,,,,2.1,
CC(=O)c1ccc(S(=O)(=O)NC(=O)NC2CCCCC2)cc1,,,,,1.812
CCC(C)(C)c1ccc(O)cc1,,,,,1.953
CC(C=O)c1ccccc1,,,,,1.681
CC12CCC3(CCCC(C)(C)C3C1)OC2=O,,,,,2.143
CCCCC(Cc1cc(C(C)(C)C)c(O)c(C(C)(C)C)c1)(C(=O)OC1CC(C)(C)N(C)C(C)(C)C1)C(=O)OC1CC(C)(C)N(C)C(C)(C)C1,,,,,2.66
Cc1cc(Nc2nc(O[C@H](C)c3ccc(F)cn3)c(C#N)nc2C)n[nH]1,,97.81,,,
O=C([O-])c1cc(N=Nc2ccc(O)c(C(=O)[O-])c2)ccc1O,,,0.07,,
CCCCCCCCCCCCCCCCCC(=O)OCC(O)C1OCC(O)C1O,,,,,1.143
C1COCCOCCOCCOCCOCCO1,,,,,2.279
C=COP(=O)(OCC)OC(CCl)c1cc(Cl)c(Cl)cc1Cl,,,,,2.5540000000000003
COCC=O,,,,,1.5019999999999998
c1ccc2[nH]c(CCc3nc4ccccc4[nH]3)nc2c1,,84.0,,,
c1cc2ccc3cccc4ccc(c1)c2c34,,,,,1.875
COC1CCC(OC2CC3(CC(O)C(C)C(C(C)C=C(C)C(=O)C(C)CC(C)C(=O)O)O3)OC2(C)C2CCC(C)C3(OC(C4OC(O)(CO)C(C)CC4C)CC3C)O2)OC1C,,,,,5.063
CC=CCO,,,,,1.889
CNc1c(Br)cnc2[nH]c(-c3ccc(S(C)(=O)=O)cc3)nc12,,95.23,,,
O=NN1CC=CCO1,,,,,2.103
CCCN=C(C(OC)c1ccccc1)N1CCCCCC1,,,,,3.72
Nc1nc(O)c2ncn(COCCO)c2n1,,,,2.5,
C=CO,,,,,2.838
NC1=NC(c2ccnc(C(F)(F)F)c2)(c2ccc(F)c(-c3cncnc3)c2)c2cccc(F)c21,,97.07,,,
CC(C)[C@@H](C(=O)N[C@H](C)Cc1ccc(O)c(C(C)(C)C)c1)N(C)C(=O)[C@@H](N)Cc1ccccc1,-4.9186072,,,,
O=C1CN(/N=C\c2ccc(-c3ccc([N+](=O)[O-])cc3)o2)C(=O)[N-]1,,,0.37,,
Cc1c(Nc2ccccc2C(=O)O)ccc(O)c1Cl,,,,,2.177
CCCS(=O)(=O)N1N=Cc2cc(Cl)ccc2B1O,,83.04,,,
C#CCSP(=O)(OCC)OCC,,,,,4.063
C=COCCO,,,,,1.3530000000000002
COC(=O)C[C@@H](C(=O)NN(Cc1ccc(/C=C\c2ccccc2)cc1)C[C@@](O)(Cc1ccccc1)C(=O)NC1c2ccccc2C[C@H]1O)C(C)(C)C,-5.079999900000002,,,,
CNC(=O)CSP(=S)(OC)OC,,,,,3.582
Cc1ccc(CNC2=NCCS2)cc1,,,,,3.013
O=C(OC1C[N+]2(CCCOc3ccccc3)CCC1CC2)C(O)(c1cccs1)c1cccs1,,,4.3,,
CCOP(=S)(NC(C)C)Oc1cnn(C)c(=O)c1OC,,,,,4.744
NCC1CCCCO1,,,,,2.21
CC(C)NCC(O)c1ccc2ccccc2c1,,,,,2.406
OCCO[C@H]1C[C@@H](n2nnc3c(N[C@@H]4C[C@H]4c4ccc(F)c(F)c4)nc(SCCC(F)(F)F)nc32)[C@H](O)[C@@H]1O,,99.85,,,
C=C[Si](OCCOC)(OCCOC)OCCOC,,,,,1.976
CCN(CC)C(=O)C1(c2ccccc2)CC1C[NH3+],,,4.51,,
COc1ncc(-c2cccc(F)c2CCNC(=O)c2ccc(OCCC(F)(F)F)nc2)cn1,,99.5,,,
CCC(CO)NCC[NH2+]C(CC)CO,,,1.7,,
COc1nc(N)nc2c1ncn2[C@@H]1O[C@H](CO)[C@@H](O)[C@@H]1O,,,,0.5,
CC(C)NC1Cc2ccccc2Cc2ccccc21,,,,,2.701
Clc1ccc(N=Nc2ccc(Cl)c(Cl)c2)cc1Cl,,,,,1.806
COc1cc(C(=O)N2CC[C@](CCN3CCC(C(=O)N4CCOCC4)(c4ccccc4)CC3)(c3ccc(Cl)c(Cl)c3)C2)cc(OC)c1OC,-5.0814137000000015,,,,
C[C@H](N)C(=O)O,-5.4201083,,,,
O=C(NC[C@@H](O)CN1CCC(Oc2ccc(Cl)c(Cl)c2)CC1)c1c[nH]c(=O)c2cc(S(=O)(=O)NCCO)ccc12,,87.62,,,
Nc1nc2cccc(Cl)c2o1,,,,,2.614
O=Cc1ccc(O)cc1O,,,,,2.5380000000000003
CC(C)(C)NC(=O)NCCN1CCOC(CNC(=O)c2cc(Cl)cc(Cl)c2)C1,,93.94,,,
COc1cccc2c1c(NS(=O)(=O)c1ccc(Cl)s1)nn2Cc1cccc(CNC(=O)[C@@H]2COCCN2)c1,,98.4,,,
NNC(=O)C(N)CS,,,,,2.11
CC1OCCO1,,,,,1.4680000000000002
COP(C)(=S)SCN1C(=O)c2ccccc2C1=O,,,,,4.7010000000000005
OCCN1CC(O)C(O)C(O)C1CO,,,0.28,,
O=[N+]([O-])c1ccc(Oc2c(Cl)cc(Cl)cc2Cl)cc1,,,,,1.47
CCC(=O)Nc1ccc(OCC(O)CNC(C)C)cc1,-5.2198415,,,,
CC(=O)N1CCOCC1,,,,,1.324
CC(=O)c1cc2c(cc1C)C(C)(C)C(C)C2C(C)C,,,,,2.066
CCCCOCCOCCO,,,,,1.457
O=C(O)c1cc([N+](=O)[O-])cc([N+](=O)[O-])c1O,,,,,2.424
C[C@@H]1CC2=CC(=O)CC[C@]2(C)[C@H]2CC[C@]3(C)[C@@H](O)CC[C@H]3[C@@]21C,,,,0.65,
CCP(=S)(CC)Oc1cc(Cl)c(Cl)cc1Cl,,,,,3.502
CCOc1ccccc1OCCN[C@H](C)Cc1ccc(OC)c(S(N)(=O)=O)c1,,,,6.8,
O=C1CCCCC(=O)N1,,,,,0.75
CCCCCCOCCO,,,,,1.995
CC(C)=NNC(=O)CSc1cc(Oc2ccc(C)cc2)ncn1,,,,,2.565
C[C@@H]1O[C@@H](c2ccc(N(O)O)cc2)OC[C@H]1NC(=O)Cc1ccccc1,-4.9846401,,,,
CC(CCc1ccc2c(c1)OCO2)[NH2+]CC(O)c1ccc(O)c(C(N)=O)c1,,,7.9,,
CC(C)OC(=O)C(C(=O)OC(C)C)=C1SC=CS1,,,,,2.145
CCOc1ccc(NC(=O)CC(C)O)cc1,,,,,1.504
c1nnc(NCNc2nncs2)s1,,,,,2.9160000000000004
CC(Cc1ccc(O)cc1)[NH2+]CC(O)c1cc(O)cc(O)c1,,,1.2,,
C=C[Si](Cl)(Cl)Cl,,,,,2.101
N#Cc1ccc(Cn2cncc2CN2CCN(c3cccc(Cl)c3)C(=O)C2)cc1,,,0.8,,
CCCCCCCCOC(=O)c1ccc(O)cc1,-4.880000099999998,,,,
CN(C)C(=O)ON=C(C#N)c1ccccc1,,,,,3.848
c1c[nH]cn1,,,,,2.491
N#CC(F)(F)C(F)(F)C(F)(F)C(F)(F)C#N,,,,,1.937
CN(C)c1ccc(N)cc1,,,,,3.435
Cc1c(O)c(=O)ccn1C,-4.8885303,,,,1.842
CC(C)C[C@H]1NC(=O)[C@@H](CC2CCCCC2)NC(=O)CNC(=O)[C@@H](C)NC(=O)[C@H](Cc2ccc(O)cc2)NC(=O)/C=C\c2ccccc2OC1=O,-6.4699998,,,,
CC(C)(C(=O)[O-])c1ccc(C(=O)CCC[NH+]2CCC(OC(c3ccccc3)c3ccccc3)CC2)cc1,,,0.41,,
CCOc1ccc(Cc2cc(C3OC(CO)C(O)C(O)C3O)ccc2Cl)cc1,,,1.7,,
C=C(CC)C(=O)c1ccc(OCC(=O)[O-])c(Cl)c1Cl,,,0.26,,
OCCOCCOCCOCCOCCOCCOCCOCCOCCO,,,,,1.0490000000000002
CCC1(c2ccccc2)CCNC1=O,,,,,2.281
CC(C)(C)CS(=O)(=O)NCCN1CCN(CC(=O)NC23CC4CC(CC(C4)C2)C3)CC1,,86.05,,,
CCCc1ccc(C=O)cc1,,,,,1.967
CCCCCCC(C)=O,,,,,1.618
CCCCC(C)OC(=O)COc1ccc(C(=O)CN2CCN(C3CCNCC3)CC2=O)cc1,-5.29,,,,
O=P(O)(O)Oc1c(Br)cc(Br)cc1-c1cc(Br)cc(Br)c1O,,,,,3.612
CCCCc1nc2c(N)nc3ccccc3c2n1Cc1ccccc1,,98.29,,,
CCCCCC[C@H](NC(C)=O)C(=O)N[C@@H](Cc1ccc(O)cc1)C(=O)NCC(=O)NCC(=O)N[C@@H](Cc1ccccc1)C(=O)N[C@@H](CC(C)C)C(N)=O,-5.9699998,,,,
Nc1nc2cc(Cl)c(Br)cc2o1,,,,,3.247
COc1ccc(S(=O)(=O)Nc2nnc(C(C)(C)C)s2)cc1,,,,,2.454
CS(=O)(=O)OCC1OC1C1OC1COS(C)(=O)=O,,,,,3.128
Cc1cc(C)c(C2=C(OC(=O)OC(C)C)c3ccccc3C2=O)c(C)c1,,,,,2.695
CNC(=O)ON=C1COC(C)S1,,,,,3.589
Cc1cc(OCCO)cc(C)c1Cl,,,,,1.723
CC1=C(C(C)C)CCCC1,,,,,1.283
CCOP(=S)(OCC)SCC(=O)NC(C)C,,,,,4.552
CS(=O)(=O)c1ccc2c(c1)N(CCN1CCC(NCc3ccc4c(n3)NC(=O)CO4)CC1)C(=O)CO2,,85.48,,,
CCCNC(=O)c1cc2c(-n3ccc(C(F)(F)F)n3)c(-c3cncc(C(=O)O)c3)cnc2[nH]1,,92.32,,,
COc1ccc2c(c1)OC(C)(C)C(c1ccccc1)C2c1ccc(OCCN2CCCC2)cc1,,,,,2.359
NCCCC[C@H](N[C@@H](CCc1ccccc1)C(=O)O)C(=O)N1CCC[C@@H]1C(=O)O,-6.6599998,,,,
COc1cc(C)c2[nH]c(C)c(CCN3CC4CCC(CC4)C3)c2c1,,,,,2.6180000000000003
CCCCCC(C)=O,,,,,1.835
CCOP(=O)(Oc1ccc([N+](=O)[O-])cc1)SCC,,,,,4.211
COc1nn(-c2ccccc2OC)c(=O)o1,,,,,3.1039999999999996
CN(C)CCNc1cc(-c2ccncc2)nc2ccccc12,,85.77,,,
CC(=O)Nc1ccc(Nc2cc(C)nc3c(-c4ccccc4)cnn23)cc1,,99.58,,,
COc1ccc2ccc(=O)oc2c1,,,,,1.612
CCCOc1ccc2c(c1)[C@@H](c1ccc(OC)cc1OCC(=O)O)[C@H](C(=O)O)C2,-5.23,,,,
O=C(O)C(Cc1cc(I)c(O)c(I)c1)c1ccccc1,,,,,2.6519999999999997
CC(C)C(NC(=O)c1ccccc1)C(=O)c1ccc(C#N)cc1,,90.72,,,
CCCCCc1cc(O)c2c(c1)OC(C)(C)c1ccc(C)cc1-2,,,16.98,,
CC(C)COC(=O)N1CCC(CN(C2Cc3cc(C#N)ccc3N(Cc3cncn3C)C2)S(=O)(=O)c2ccccn2)CC1,-5.1224694,,,,
Cn1c(=O)c2c(ncn2CCOC(=O)C(C)(C)Oc2ccc(Cl)cc2)n(C)c1=O,,,,,1.394
C=CC(=O)NCO,,,,,2.329
Nc1cc[nH+]cc1,,,2.6,,
COP(=S)(OC)SC1OCCOC1SP(=S)(OC)OC,,,,,3.0580000000000003
COc1cc(-c2ccncc2)cc2cnc(Nc3ccc([C@@H](C)NC(C)=O)cc3)nc12,,96.57,,,
O=C(Nc1cccc(Cl)c1)OCC#CCOC(=O)Nc1cccc(Cl)c1,,,,,2.286
CCN(CC)CCC(CC=C(C)C)(C(N)=O)c1cccc2ccccc12,,,,,3.696
CN(C)CCCn1c(=O)n(-c2ccccc2)c2cc(Cl)ccc21,,,,,2.217
O=S(=O)(Cl)c1ccc(Cl)cc1,,,,,1.696
CN1CCN(S(=O)(=O)c2ccc(-c3cnc(N)c(C(=O)Nc4cnccc4CN4CCCC4)n3)cc2)CC1,,92.16,,,
C=CCSP(=O)(NC(=O)CC)OC,,,,,3.252
CC1(C)O[C@@H]2C[C@H]3[C@@H]4CCC5=CC(=O)C=C[C@]5(C)[C@@]4(F)[C@@H](O)C[C@]3(C)[C@]2(C(=O)CO)O1,,,,2.4,
CC=CCC(C(=O)O)c1ccc(-c2ccccc2)cc1,,,,,2.425
CCC(CC)NC(=O)c1c(C)nn(C(C)C)c1NS(=O)(=O)c1ccc(C)cc1,,96.5,,,
O=C(c1ccc(OCCN2CCCCC2)cc1)c1c(-c2ccc(O)cc2)sc2cc(O)ccc12,-5.7227535000000005,99.5,,,
CC12CCC3c4ccc(O)cc4CCC3C1CCC2O,,,1.2,,
CC(C)COC(=O)CCc1ccco1,,,,,2.003
CN[C@@H]1[C@@H](O)[C@@H](O[C@@H]2[C@@H](O)[C@H](O[C@H]3O[C@H](CN)[C@@H](O)[C@H](O)[C@H]3O)[C@@H](N)C[C@H]2NC(=O)[C@@H](O)CN)OC[C@]1(C)O,,,,24.0,
CC1OC(OC2C(O)C(O)C(O)C(O)C2O)C(N)CC1NC(=N)C(=O)O,,,,,1.5219999999999998
O=c1cc(-c2ccc(O)cc2)oc2cc(O)c([C@@H]3O[C@H](CO)[C@@H](O)[C@H](O)[C@H]3O)c(O)c12,-6.2003298,,,,
CN1CCc2nc(C(=O)N[C@@H]3C[C@@H](C(=O)N(C)C)CC[C@@H]3NC(=O)C(=O)Nc3ccc(Cl)cn3)sc2C1,,,1.53,,
CC(=O)OCCN(CCOC(C)=O)c1ccccc1,,,,,2.0909999999999997
CCCCCc1cc(O)c2c(c1)OC(C)(C)C1CCC(C(=O)[O-])=CC21,,,1.28,,
CC=CC=CCOCCC#N,,,,,1.621
CCCOC(=O)CCC,,,,,0.938
O=C(Nc1ccc(Cl)c(Cl)c1)Nc1ccccc1C(=O)O,,47.7,,,
CC(=O)NCC1CN(c2ccc(C(C)O)cc2)C(=O)N1,-5.6999998,,,,
CNc1cnn(-c2cccc(C(F)(F)F)c2)c(=O)c1Cl,,,,,1.579
O=[N+]([O-])OCC(CO[N+](=O)[O-])(CO[N+](=O)[O-])CO[N+](=O)[O-],,,,,2.28
OCCN(CCO)c1cccc(Cl)c1,,,,,1.622
COC1CC(OC2CCC3(C=O)C4CCC5(C)C(C6=CC(=O)OC6)CCC5(O)C4CCC3(O)C2)OC(C)C1O,-5.579999900000002,,,,
CCCCCCCCCCCCCCCC(=O)OCC(O)C1OC(=O)C(O)=C1O,,,,,1.839
CCOP(=S)(OCC)SC(=CC(=O)OC)C(=O)OC,,,,,3.613
COP(=O)(OC)OC=C(Cl)Cl,,,,,3.946
CNC(=O)ON=C1SCCSC1(C)C,,,,,5.938
C[N+](=O)[O-],,,,,1.812
COP(=S)(OC)Oc1ccc([N+](=O)[O-])c(C(F)(F)F)c1,,,,,3.122
CO[C@@]1(NC(=O)Cc2cccs2)C(=O)N2C(C(=O)O)=C(COC(N)=O)CS[C@@H]21,,,,0.81,
CCC(CC)C(=O)O,,,,,1.723
COCC1CS1,,,,,1.6869999999999998
C=CC(=O)OCC(=O)OCC,,,,,2.867
CC(C)N(N=O)C(C)C,,,,,2.185
Cc1ccc(C(=O)c2cc(O)c(O)c([N+](=O)[O-])c2)cc1,,,,1.1,
NNC(N)=S,,,,,3.998
c1ccc(C2(c3ccccc3)CC2C2=[NH+]CCN2)cc1,,,4.1,,
CC(C)=CC1C(C(=O)OCc2ccc(C)cc2C)C1(C)C,,,,,0.855
Cc1ccc(CO)cc1N(C)c1ccnc(Nc2cc(N3CCCOCC3)cc(N3CCOCC3)c2)n1,,94.44,,,
C=CC=CCC1=C(C)C(OC(=O)C2C(C=C(C)C)C2(C)C)CC1=O,,,,,3.1010000000000004
CC(C)(CNc1ccc(N=O)cc1)[N+](=O)[O-],,,,,1.913
C1=CC=CCC=C1,,,,,3.2089999999999996
CC(C)=CCOC(=O)c1ccccc1O,,,,,1.809
COP(=S)(Cl)Cl,,,,,2.885
CC(O)C(=O)O,,,,,1.383
Cc1cn([C@H]2CCCN([C@H](CC3CCOCC3)c3ccc(C(=O)O)c(Oc4cccc(Cl)c4)c3)C2)c(=O)[nH]c1=O,,89.27,,,
COc1ccc(-c2noc(CC(=O)O)c2-c2ccc(OC)cc2)cc1,,,,,2.583
CNNC,,,,,2.779
COc1ccc(CC(NC(=O)CC(C)(C)[NH3+])C(=O)NC(Cc2c[nH+]c[nH]2)C(=O)NC(CC2CCCCC2)C(O)C(O)CC(C)C)cc1,,,7.5,,
O=C=Nc1ccc([N+](=O)[O-])cc1,,,,,2.011
COc1ccc2nc(NC(=O)CCc3ccc(OC)c(OC)c3)sc2c1,,99.94,,,
N#CC(CCN1CCC(C(N)=O)([NH+]2CCCCC2)CC1)(c1ccccc1)c1ccccc1,,,4.7,,
CC(C)CC(NC(=O)C(Cc1ccc2ccccc2c1)NC(=O)C(Cc1ccc(O)cc1)NC(=O)C(CO)NC(=O)C(Cc1c[nH]c2ccccc12)NC(=O)C(Cc1c[nH]cn1)NC(=O)C1CCC(=O)N1)C(=O)NC(CCCNC(N)=[NH2+])C(=O)N1CCCC1C(=O)NCC(N)=O,,,0.14,,
COc1cc(OC)c2c(=O)cc(-c3ccccc3)oc2c1,-4.6313224,,,,
CNC(C)[C@@H]1CC[C@@H](N)[C@@H](O[C@@H]2[C@@H](N)C[C@@H](N)[C@H](O[C@H]3OC[C@](C)(O)[C@H](NC)[C@H]3O)[C@H]2O)O1.CN[C@@H]1[C@@H](O)[C@@H](O[C@@H]2[C@@H](O)[C@H](O[C@H]3O[C@H](C(C)N)CC[C@H]3N)[C@@H](N)C[C@H]2N)OC[C@]1(C)O.CN[C@@H]1[C@@H](O)[C@@H](O[C@@H]2[C@@H](O)[C@H](O[C@H]3O[C@H](CN)CC[C@H]3N)[C@@H](N)C[C@H]2N)OC[C@]1(C)O,,,,4.7,
Cn1c([N+](=O)[O-])cnc1C=Cc1ccnc(N)n1,,,,,1.511
COc1cc(C(=O)N2CCCCCCC2)cc(OC)c1OC,,,,,3.3739999999999997
CC1(C)C(C=C(Cl)Cl)C1C(=O)OCc1c(F)c(F)c(F)c(F)c1F,,,,,3.661
CC1(C)C(C(=O)OCc2coc(Cc3ccccc3)c2)C1(C)C,,,,,3.345
C=COCCOC(=O)C(=C)C,,,,,1.42
CCOCCOC1CCC(CC(C)C2CC(=O)C(C)/C=C(\C)C(O)C(OC)C(=O)C(C)CC(C)/C=C/C=C/C=C(\C)C(OC)CC3CCC(C)C(O)(O3)C(=O)C(=O)N3CCCCC3C(=O)O2)CC1OC,,,44.5,,
Cc1nc(N)sc1C(=O)Nc1ccccc1,,,,,2.219
CC(C)NCC(O)COc1ccc(CC(N)=O)cc1,,,,6.1,1.948
CCP(=S)(OCC(C)C)Sc1ccc(Cl)cc1,,,,,3.726
Cc1nc(C)c(-c2ccc([C@H]3CC[C@H](CC(=O)NC(C)(C)C(=O)O)CC3)cc2)nc1C(N)=O,,92.16,,,
CCCNC(=O)CSc1ccc(S(=O)(=O)N2CCCC2)cn1,,65.06,,,
CC(CCl)OP(=O)(OC(C)CCl)OC(C)CCl,,,,,2.339
CCCCC(CC)COC(CBr)c1ccc(C2CCCCC2)cc1,,,,,3.199
O=C([O-])c1cc(N=Nc2ccc(S(=O)(=O)Nc3ccccn3)cc2)ccc1O,,,0.11,,
CCC(CC)COC(C(=O)OCCN(C)C)(c1ccccc1)c1ccccc1,,,,34.0,
Oc1cccc(Oc2ccccc2)c1,,,,,2.187
COCCCC/C(=N\OCCN)c1ccc(C(F)(F)F)cc1,,75.55,,,
FC(F)(F)c1nc2c(Br)ccc(Br)c2[nH]1,,,,,4.28
O=[N+]([O-])c1c(Br)ccc2[nH]c(C(F)(F)F)nc12,,,,,4.36
CC(C)=CCCC1(C)C=Cc2c(O)c3c(c(CC=C(C)C)c2O1)OC12C(=CC4CC1C(C)(C)OC2(C/C=C(/C)C(=O)[O-])C4=O)C3=O,,,0.99,,
C[C@](N)(Cc1ccc(O)c(O)c1)C(=O)O,,,,5.9,
CCCN(c1cccc(C#N)c1)P(=O)(c1ccccc1)c1ccccc1,,99.44,,,
C=C(C)OC(C)=O,,,,,1.523
CCC(C)=O,,,,,1.421
CC(=O)OCc1ccc2c(c1)OCO2,,,,,1.966
Cc1ccc(Cc2ccc(C)cc2)cc1,,,,,2.062
OCC1CC2CCC1C2,,,,,1.897
CC(O)CNCC(C)O,,,,,1.297
Cc1ccccc1N1C(=O)c2cc(S(N)(=O)=O)c(Cl)cc2NC1C,-5.21,,1.6,20.0,
Oc1ccc(N=Cc2ccccc2)cc1,,,,,1.751
CC(=O)Oc1cccc(Oc2ccc(C(F)(F)F)cc2Cl)c1,,,,,2.121
COc1nc(Br)cnc1NS(=O)(=O)c1ccc(Cl)s1,,99.87,,,
COP(=O)(OC)OC(=CCl)c1cc(Cl)ccc1Cl,,,,,1.942
O=C(c1ccc(O)c(O)c1)c1cccc(O)c1O,,,,,2.09
C#CC(O)CCC,,,,,2.891
COc1cccc(Nc2nc(NCC3CCCO3)c3ccccc3n2)c1,,98.81,,,
CCCCCCCc1cc(C)c(O)c(C)c1,,,,,2.139
CCS(=O)(=O)c1ccc2[nH]c(-c3cccc(-c4ccccc4)c3)nc2c1,,99.89,,,
Nn1cnc2cc3ccccc3cc2c1=O,,,,,2.592
CC(C)C(CCN(C)C)(C(N)=O)c1cccc2ccccc12,,,,,2.4619999999999997
CNC(=O)ON=C(C)C(C)(C)[N+](=O)[O-],,,,,4.194
CCCCC=CCCCCCCO,,,,,1.196
CC1(C)CON(Cc2ccccc2Cl)C1=O,,,,,2.2430000000000003
CCCC(C)(COC(N)=O)COC(=O)NC(C)C,,,,,2.295
O=C(O)c1cn(C2CC2)c2cc(N3CCNCC3)c(F)cc2c1=O,,34.42,,3.8,
CNC(=O)Oc1ccc(SC)c(C)c1,,,,,3.626
CCCC[C@H](NC[C@@H]1Cc2cccc(c2)CCCCc2cc(cc(N(CCC)S(C)(=O)=O)c2)C(=O)N1)C(=O)NCC(C)C,,99.6,,,
CCC=O,,,,,1.615
CCOP(=O)(OC=C(Cl)Cl)OCC,,,,,4.998
C=C1CC(=CC)C(=O)OC2CCN3CC=C(COC(=O)C1(C)O)C23,,,,,3.636
O=C(NCCc1ccccc1Cl)c1cc(-n2ncc(=O)[nH]c2=O)ccc1Cl,,97.2,,,
O=NN1CCc2ccccc21,,,,,2.6660000000000004
COc1ccc2c3c1OC1CC(O)C=CC31CC[NH+](C)C2,,,2.3,,
CCCSc1ccc2[nH]c(NC(=O)OC)nc2c1,,,,,2.044
Nc1cccc(N)c1N,,,5.1,,
CC(C)N1C(=O)N(c2ccccc2)CSC1=NC(C)(C)C,,,,,2.143
Cc1cccc(Oc2cc(CN3CCC[C@H](n4cc(C)c(=O)[nH]c4=O)C3)ccc2C(=O)O)c1,,96.17,,,
CCOP(=O)(OCC)SCSP(=O)(OCC)OCC,,,,,4.441
CCCCCCC=O,,,,,0.911
Cc1cnc(NC(=O)C2C(=O)c3ccccc3S(=O)(=O)N2C)s1,,99.57,,,
C=C[C@H]1CN2CC[C@H]1C[C@H]2[C@H](O)c1ccnc2ccc(OC)cc12,,,,11.0,
CCOC(C1=NCC(C)(C)CN1)c1ccccc1Cl,,,,,2.957
CC(=O)Nc1nnc(S(N)(=O)=O)s1,,,0.37,13.0,
NS(=O)(=O)c1ccc(S(=O)(=O)Nc2cccc3c(Cl)c[nH]c23)cc1,,,0.68,,
CC1(C)C(=O)N(Cl)C(=O)N1Br,,,,,2.24
COc1cc(-n2ccnc2)ncn1,,,,,2.6439999999999997
C=C(C#N)CCO,,,,,2.399
OCc1ccc(OCCn2ccnc2)cc1,,,,,1.652
NCCCCCC(=O)O,,,,4.9,
NC(=O)OCC1C(NC(=O)/C(=N/OCC(=O)[O-])c2csc(N)n2)C(=O)N1S(=O)(=O)[O-],,,0.18,,
CO[C@H]1CN(CCn2c(=O)ccc3ccc(C#N)cc32)CC[C@H]1NCc1cc2c(cn1)OCCO2,,51.73,,,
O=c1c(O)c(-c2ccc(O)cc2)oc2cc(O)cc(O)c12,-4.9899998,,,,
CC=CC1=C(C(=O)O)N2C(=O)[C@@H](NC(=O)[C@H](N)c3ccc(O)cc3)[C@H]2SC1,,,,1.2,
CC1(CCl)COC1,,,,,2.032
CC1(C)SC2C(NC(=O)COc3ccccc3)C(=O)N2C1C(=O)[O-],,,0.41,,
N=C(N)c1cccc(CC(CC(=O)N2CCCC(C(=O)O)C2)NS(=O)(=O)c2ccc3ccccc3c2)c1,-7.382024799999999,,,,
ClCCOCCC(OCCCl)OCCCl,,,,,2.595
COc1cc2nnc(C(N)=O)c(Nc3cc(C)ccc3F)c2cc1N1CCN(C)CC1,,92.95,,,
Cc1nc2n(c(=O)c1CCN1CCC(c3noc4cc(F)ccc34)CC1)CCCC2,,84.6,,3.2,3.86
CC(C(=O)O)c1ccc(CC2CCCC2=O)cc1,-4.3499999,,,,
CS(=O)(=O)c1ccc(-c2cnc(N)c(-c3ccc(C(F)(F)F)nc3)c2)cc1,,80.65,,,
CNC(=O)CCCN(C)C(=O)c1ccc2c(c1)c1c(n2C)CC[C@@H](C2CCOCC2)C1,,96.34,,,
COc1cc(-c2oc3cc(O)cc(O)c3c(=O)c2O[C@@H]2O[C@H](CO[C@@H]3O[C@@H](C)[C@H](O)[C@@H](O)[C@H]3O)[C@@H](O)[C@H](O)[C@H]2O)ccc1O,-6.54,,,,
CC(C)c1ccc(NC(=O)Cn2cnc3c2c(=O)n(C)c(=O)n3C)cc1,,87.37,,,
[NH3+]C1(C(=O)[O-])CC1,,,0.73,,
Oc1cc2c3c(c1)c1cc4c(cc1c[n+]3CC2)OCO4,,,,,3.471
CC(C)NC(C)C,,,,,2.119
N[C@H](C(=O)O)[C@@H]1CC(Cl)=NO1,,,,9.9,
CCc1ccc(=O)n(CSP(=S)(OC)OC)n1,,,,,3.992
Clc1c(Cl)c(Cl)c2nccnc2c1Cl,,,,,1.622
Cc1nnc(SCC2=C(C(=O)[O-])N3C(=O)C(NC(=O)Cn4cc(Cl)c(=O)c(Cl)c4)C3SC2)s1,,,0.13,,
CC(=O)C(C)C,,,,,2.765
N#CCN1CCOCC1,,,,,2.011
CC(C)(SC(=O)N1CCCCC1)c1ccccc1,,,,,2.445
Cc1cc([C@H](O)[C@](C)(OCc2ccc(-c3ccccc3)cc2)C(=O)NO)no1,,96.72,,,
CC(C)C(C)N,,,,,2.354
Nc1ncnc2nc(-c3ccc(N4CCOCC4)nc3)cc(-c3cccc(Br)c3)c12,,96.57,,,
C/C=C/c1cc(OC)c(OC)cc1OC,,,1.0,,
CC(C)C(NC(=O)c1ccccc1)C(=O)c1ccc(F)cc1,,95.01,,,
CC(O)C(CO)NC(=O)C1CSSCC(NC(=O)C(N)Cc2ccccc2)C(=O)NC(Cc2ccccc2)C(=O)NC(Cc2c[nH]c3ccccc23)C(=O)NC(CCCC[NH3+])C(=O)NC(C(C)O)C(=O)N1,,,0.19,,
Cc1cc(C(C)Nc2ccccc2)c2nc(N3CCOCC3)cc(=O)n2c1,,94.68,,,
CC(=O)N(C)C(=O)Oc1cccc(C(C)(C)C)c1,,,,,2.397
CC(C)CCn1c(=O)c(C2=NS(=O)(=O)c3ccccc3N2)c(O)c2cccn21,-4.9593034000000005,,,,
Nc1nc(=O)c2ncn(COC(CO)CO)c2[nH]1,-6.369999900000002,,,,
O=c1cc(N2CCOCC2)nc(NCc2cccc(Cl)c2Cl)[nH]1,,97.91,,,
CCCOP(=S)(Oc1cnn(C)c(=O)c1OC)OC(C)C,,,,,4.215
CC(C(=O)O)c1cccc(C(=O)c2ccccc2)c1,,98.73,,2.1,3.61
COc1ccc(/C=C/CCO)cc1OC,-4.8428431,,,,
CCCCCCCCCCCC(=O)NP(=O)(OC)SC,,,,,3.51
CC(C)(S)C(N)C(=O)O,,,,,1.384
COC(C)COC(C)COC(C)CO,,,,,1.796
CNC(=O)Oc1cccc2c1OC(C)(C)C2,,,,,4.646
CC[C@H]1CN2CCc3cc(OC)c(OC)cc3[C@@H]2C[C@@H]1C[C@H]1NCCc2cc(OC)c(OC)cc21,-5.6900001,,,,
COP(=S)(OC)SCn1nc(C)ccc1=O,,,,,4.506
CCC(=O)c1ccccc1,,,,,1.475
O=[N+]([O-])O[C@H]1CO[C@H]2[C@@H]1OC[C@H]2O[N+](=O)[O-],,,,1.69,
CCCSP(=S)(OCC)Oc1cnn(C)c(=O)c1OC,,,,,4.353
OCCOc1cc(Cl)c(Cl)cc1Cl,,,,,2.207
CC[C@@H]1C2CCCCN3CCC(C23)[C@@H]2[C@H](C)C(=O)O[C@H]12,-4.9198675000000005,,,,
CCCN(CCC)C(=O)CN(CC)P(=S)(OCC)OCC,,,,,2.211
CC(=O)NNC(=O)c1ccccn1,,,,,2.425
C=C(CC(NC(=O)c1ccc(CCc2cnc3nc(N)nc(N)c3n2)cc1)C(=O)[O-])C(=O)[O-],,,0.7,,
OCc1cc(C(O)C[NH2+]CCCCCCOCCOCc2c(Cl)cccc2Cl)ccc1O,,,2.38,,
CCC(=O)c1ccc(N)cc1,,,,,2.926
CCOCCO,,,,,1.6269999999999998
C=CC(O)C#N,,,,,3.107
CC1(C)CC2(NC(=O)N(CCCN3CCC(O)CC3)C2=O)c2cc(F)ccc2O1,,,,,2.716
CC(C)C1CCC(C)C2OC12,,,,,1.348
Clc1cc(Cl)c(Cl)cc1Cl,,,,,2.158
COP(=S)(OC)Oc1ccc(Sc2ccc(OP(=S)(OC)OC)cc2)cc1,,,,,2.6689999999999996
CNCc1ccc(-c2[nH]c3cc(F)cc4c3c2CCNC4=O)cc1,,76.81,,,
O=C(Nc1ccccc1F)N[C@H]1N=C(c2ccccc2)c2ccccc2NC1=O,,96.34,,,
OCCN1CCN(CC/C=C2/c3ccccc3Sc3ccc(C(F)(F)F)cc32)CC1,-4.8899999,,,,
CCSP(=O)(OC)OC,,,,,4.091
CCCCOC(=O)COc1ccc(C(=O)CN2CCN(C3CCN(C(=O)OCc4oc(=O)oc4C)CC3)CC2=O)cc1,-4.3499999,,,,
Cc1ccccc1OP(=O)(Oc1ccccc1C)Oc1ccccc1C,,,,,2.502
CCC(C)(C)C1CCC(C2=C(O)C(=O)c3ccccc3C2=O)CC1,,,,,2.213
ClC(Cl)Cl,,,,,2.119
CC(C)[N+]1(C)C2CCC1CC(OC(=O)C(CO)c1ccccc1)C2,,,5.1,,
OCCSSc1c(Cl)c(Cl)c(Cl)c(Cl)c1Cl,,,,,2.0980000000000003
NC(=S)Nc1cccc2ccccc12,,,,,4.5280000000000005
CCCCCCOCCCCCC,,,,,0.78
CC(=O)c1cccc(NC(=O)N[C@@H]2CCCC[C@H]2CN2CCC[C@@H](Cc3ccc(F)cc3)C2)c1,-4.9586072,,,,
O=C(OCC1(COC(=O)c2cccnc2)CCCC(COC(=O)c2cccnc2)(COC(=O)c2cccnc2)C1O)c1cccnc1,,,,,1.807
Cc1nn(C)c(OCC(=O)c2ccccc2)c1C(=O)c1ccc(Cl)cc1Cl,,,,,2.39
O=C(O)Cc1ccccc1N1CCC(CN2CCC(Oc3ccc(Cl)c(Cl)c3)CC2)CC1,,99.4,,,
CC(C)=NNC(=O)CSc1cc(Oc2ccc(Cl)cc2)ncn1,,,,,2.892
CCCCOC(=O)C=CC(=O)OCC1CO1,,,,,2.5069999999999997
CC(C)c1ccc(NC(=O)c2ccnn2CCc2ccncc2)cc1,-5.0886235,,,,
CNCc1nnc(-c2ccc(N3C[C@H](CNC(C)=S)OC3=O)cc2F)s1,-4.769775900000001,,,,
CC(C)(C)CC1(C)CO1,,,,,1.416
NC(=O)c1ccc(-c2cc3c(N[C@H]4CCCNC4)ncc(C(N)=O)c3s2)cc1,,73.81,,,
O=C(O)c1cc(Cl)cc([N+](=O)[O-])c1Cl,,,,,1.829
CC(=O)c1ccc2c(c1)C(=O)C1(CC1)O2,,,,,1.57
CC(=O)O[Si](C)(OC(C)=O)OC(C)=O,,,,,2.029
O=C(Nc1cccc(Cl)c1)Nc1nnc(-c2ccncc2)s1,,99.8,,,
Nc1ncn([C@@H]2O[C@H](CO)[C@@H](O)[C@H]2O)c(=O)n1,,,,0.36,
O=S1(=O)OCC2C(CO1)C1(Cl)C(Cl)=C(Cl)C2(Cl)C1(Cl)Cl,,,,,4.371
FC(F)(F)c1nc2c(Cl)c(Br)c(Br)c(Cl)c2[nH]1,,,,,5.08
Clc1cc(Cl)cc(C2(CC(Cl)(Cl)Cl)CO2)c1,,,,,2.33
Cc1cc2nc(C(F)(F)F)[nH]c2cc1Br,,,,,3.5589999999999997
CNc1cccc2ccccc12,,,,,2.0469999999999997
Cc1nnc(C(CCN2CC3CCC2CC3)(c2ccccc2)c2ccccc2)o1,,,,,3.5669999999999997
CCCOP(=S)(OC)Oc1cnn(C)c(=O)c1OC,,,,,4.757
CCCCOC(CBr)c1ccccc1,,,,,3.012
CC(C)c1ccc2oc3nc(N)c(C(=O)O)cc3c(=O)c2c1,,,,,1.475
O=C(Nc1ccc(Cl)c(Cl)c1)C1CC1,,,,,3.029
O=C1C=CC(=O)O1,,,,,2.389
O=C([O-])CC(O)CC(O)/C=C/c1c(C2CC2)nc2ccccc2c1-c1ccc(F)cc1,,,0.9,,
CCOP(=S)(OCC)Oc1ccc(Cl)cc1Cl,,,,,3.263
CC1=CCC2C(C1)C2(C)C,,,,,1.453
Cn1c(=O)c2c(ncn2CC(O)CO)n(C)c1=O,,,0.42,1.7,
CC1CC2C3CCC4=CC(=O)C=CC4(C)C3=CCC2(C)C1C(=O)C[NH+]1CCN(c2cc(N3CCCC3)[nH+]c(N3CCCC3)n2)CC1,,,9.8,,
CCOC(CC)(C1=NCC(C)(C)CN1)c1ccc(Cl)cc1,,,,,3.726
CCCCCCCCCCCCCCCCCC(=O)NC(CCC(=O)O)C(=O)O,,,,,2.139
CCC(=O)N(c1ccccc1)C1(C(=O)OC)CCN(CCC(=O)OC)CC1,,,0.4,0.8,
CCC(C)c1cc([N+](=O)[O-])cc([N+](=O)[O-])c1OC(=O)C=C(C)C,,,,,3.745
Cc1cccc(C)c1NC(=O)N=C1CCCN1C,,,,,2.471
O=S1c2ccccc2N(CCCN2CCN(CCO)CC2)c2cc(Cl)ccc21,,,,,2.623
CC(C)(C)C(=O)CCl,,,,,2.389
COc1cc2ccc(=O)oc2cc1OC,,,,,2.849
CC1NC(=O)C(CC(=O)O)NC(=O)CNC(=O)CNC(=O)C(C)NC(=O)C(Cc2c[nH]c3ccccc23)NC1=O,-7.0307584,,,,
C[C@@H](C(N)=O)c1ccc(OS(=O)(=O)C(F)(F)F)cc1,,86.59,,,
CC(=O)NC(O)CNc1ccc(C(C)=O)cc1,-5.2199998,,,,
Clc1c(Cl)c(Cl)c(Cl)c(Cl)c1Cl,,,,,1.455
Nc1c([N+](=O)[O-])cc(Cl)cc1[N+](=O)[O-],,,,,2.736
C=CC(=O)OCCCCCCC,,,,,1.578
CC(C)OC(=O)C(Cl)(Cl)Cl,,,,,1.67
O=C(NO)Nc1ccc(Cl)c(Cl)c1,,,,,2.077
CCC1OC(=O)C(C)C(OC2CC(C)(OC)C(O)C(C)O2)C(C)C(OC2OC(C)CC([NH+](C)C)C2O)C(C)(O)CC(C)C[NH+](C)C(C)C(O)C1(C)O,,,33.0,,
C[C@]12C[C@@H](O)[C@@H]3[C@@H](CCC4=CC(=O)CC[C@@]43C)[C@H]1CC[C@@]2(O)C(=O)CO,-4.6599998,,,,
CCCc1nnc(CSP(=O)(OCC)OCC)o1,,,,,4.0569999999999995
CN1C(=O)CN=C(c2ccccc2F)c2c1ccc(NC(=O)N1CCOCC1)c2Cl,,,,,2.537
FC(F)(F)c1ccc(N2CCNCC2)nc1Cl,-4.5999999,,,,
Clc1ccc(OCc2cn3ccccc3n2)c2ncccc12,,99.4,,,
CN(CCCN)CCCN,,,,,1.975
c1ccc(CNc2ncnc3c2ncn3C2CCCCO2)cc1,,,,,2.276
O=C(Nc1ccc(CCO)cc1)c1cc2cc(Cl)ccc2[nH]1,,98.61,,,
CNc1nc(C)nc(OC)n1,,,,,2.593
O=C1N(c2ccccc2)c2ccccc2C1(Cc1ccncc1)Cc1ccncc1,,99.6,,,
CN[C@@H](C)[C@@H](O)c1ccccc1,-4.9913998,,,,
C1CCC(CNC2=NCCS2)CC1,,,,,3.5980000000000003
C[N+](C)(C)CCO,-4.9521427000000005,,,,
NS(=O)(=O)c1cc2c(cc1Cl)NC(CC1CCCC1)NS2(=O)=O,,,,,2.58
CC(C)N(CCCNC(=O)Nc1ccc(C(C)(C)C)cc1)C[C@H]1O[C@@H](n2cnc3c(N)ncnc32)[C@H](O)[C@@H]1O,,71.53,,,
C1OCC(COCC2COCO2)O1,,,,,1.568
CCC1(CCC(C)C)C(=O)NC(=O)NC1=O,,,,,2.957
CCCCOP(=O)(OCCCC)Oc1ccc2c(C)c(Cl)c(=O)oc2c1,,,,,3.806
CC(C)(C)Oc1ccc(C(=O)Nc2ccc3sc(CO)nc3c2)cc1,,94.9,,,
CCC1(NC(N)=O)CCCC1,,,,,2.2159999999999997
O=P(Oc1ccccc1)(Oc1ccccc1)OC1CCCCC1,,,,,2.131
CNN,,,,,3.158
ClCC(Cl)Cl,,,,,2.2030000000000003
N#Cc1cc(S(=O)(=O)Nc2ncns2)ccc1Oc1ccc(C(F)(F)F)cc1-c1ccnnc1,,99.41,,,
CN(C)S(=O)(=O)N(SC(F)(Cl)Cl)c1ccccc1,,,,,2.824
Cc1ccc(N=CNSN(Cc2ccccc2)Cc2ccccc2)c(C)c1,,,,,2.5540000000000003
CC1CC2Oc3ccc(Cl)cc3C(=O)N2O1,,,,,2.315
CC(CC(=O)OC(C)(C)C)=NNc1ccc(N2CCOCC2)nn1,,,,,2.539
Cc1cccc(C)c1N(CC1OCCO1)C(=O)CCl,,,,,1.977
CN(C)CCC1CCN(c2cc(C(=O)NC[C@H]3CC[C@H](CNC(=O)OC4CCOCC4)CC3)c3ccccc3n2)CC1,,82.05,,,
CCS(=O)(=O)c1ccc(-c2cc(C(F)(F)F)ccc2CCC(=O)O)c(C)c1,,97.44,,,
CCCCCN(CCCOC)C(=O)C(CCC(=O)[O-])NC(=O)c1ccc(Cl)c(Cl)c1,,,0.24,,
COc1ccc(Cc2nccc3cc(OC)c(OC)cc23)cc1OC,,,1.0,1.8,3.0189999999999997
COP(=S)(OC)SC1CCC2C=CCC1S2,,,,,2.472
C=C1CCC2C(C)(COC(=O)CCC(=O)[O-])C(OC(=O)CCC(=O)[O-])CCC2(C)C1/C=C/C1=CCOC1=O,,,0.13,,
O=C(O)Cc1csc(-c2ccc(Cl)cc2)n1,,,,,2.475
CCOc1cc2ncc(C(N)=O)c(Nc3ccc(F)cc3F)c2cc1N1CCC(O)CC1,,91.1,,,
C#CCC1=C(C)C(OC(=O)C2C(C=C(C)C)C2(C)C)CC1=O,,,,,2.815
CCCC(=O)c1ccc2c(c1)N(CCCN1CCN(C)CC1)c1ccccc1S2,,,,,2.8339999999999996
O=C1COc2c(CCNCCN(C(=O)CCNCCc3ccc(Cl)c(Cl)c3)C3CCCCC3)ccc(O)c2N1,,96.87,,,
Cc1ccc(S(=O)(=O)N2N=Cc3oc(C)cc3B2O)cc1,,94.9,,,
NC(=O)N1CCC(c2ccccc2)CC1,,,,,2.4130000000000003
Cc1ccccc1,,,,,1.265
CCNC(=O)C1CC(n2ccc3c(NC(CC)Cc4sccc4Cl)ncnc32)C(O)C1O,,,0.84,,
O=c1nc2[nH]c(=O)[nH]cc-2[nH]1,,,,,1.922
CNC(=O)C(Cl)C(C)=O,,,,,2.33
CN1C(=O)C2(Cc3cn(C45CC67SSC(CO)(C(=O)N6C4Nc4ccccc45)N(C)C7=O)c4ccccc34)SSC1(CO)C(=O)N2C,,,,,3.977
CC(C)(C)[NH2+]CC(O)COc1nsnc1N1CCOCC1,,,1.5,,
CN[C@H](CC(C)C)C(=O)N[C@H]1C(=O)N[C@@H](CC(N)=O)C(=O)N[C@H]2C(=O)N[C@H]3C(=O)N[C@H](C(=O)N[C@H](C(=O)O)c4cc(O)cc(O)c4-c4cc3ccc4O)[C@H](O)c3ccc(c(Cl)c3)Oc3cc2cc(c3O[C@@H]2O[C@H](CO)[C@@H](O)[C@H](O)[C@H]2O[C@H]2C[C@](C)(N)[C@H](O)[C@H](C)O2)Oc2ccc(cc2Cl)[C@H]1O,,,,6.5,
O=C(CCCCC(=O)OCC1CC=CCC1)OCC1CC=CCC1,,,,,1.953
C=CCOC(=O)OCCOCCOC(=O)OCC=C,,,,,2.8089999999999997
CC(=O)O[C@H]1C[C@@H]2CC[C@@H]3[C@H](CC[C@@]4(C)[C@H]3C[C@H]([N+]3(C)CCCCC3)[C@@H]4OC(C)=O)[C@@]2(C)C[C@@H]1[N+]1(C)CCCCC1,,,,1.9,
Cc1ccc(SN(C)C(=O)Oc2cccc3c2OC(C)(C)C3)cc1,,,,,4.138
CCOP(=O)(CC)Sc1ccccc1,,,,,4.923
COC(=O)c1cccc(N=NN(C)C)c1,,,,,3.5380000000000003
CCCn1c(=O)c2[nH]c(C34CCC(CCC(=O)[O-])(CC3)CC4)nc2n(CCC)c1=O,,,0.76,,
CN(C)[Si](N(C)C)(N(C)C)N(C)C,,,,,2.141
CC[NH+]1CCCC1CNC(=O)c1c([O-])c(Cl)cc(Cl)c1OC,,,1.1,,
CC=CC=CC(C)=O,,,,,1.959
Cc1cc(S(=O)(=O)O)c(N)cc1Cl,,,,,1.256
CC(=O)Nc1ccc(C)c(NS(=O)(=O)C(F)(F)F)c1,,,,,2.06
CCC(=O)N(c1ccccc1)C1(COC)CC[NH+](CCc2cccs2)CC1,,,9.4,,
Nc1ccn([C@@H]2CO[C@H](CO)O2)c(=O)n1,,,,82.0,
CCC(C(C)O)n1ncn(-c2ccc(N3CCN(c4ccc(OCC5COC(Cn6cncn6)(c6ccc(F)cc6F)C5)cc4)CC3)cc2)c1=O,,,3.8,,
CNC(=O)Oc1cccc2c1OC(C)(C)C2=O,,,,,2.9019999999999997
C=CC(=O)OCCOCCOC(=O)C=C,,,,,2.7289999999999996
COc1ccc(-n2nc(C(N)=O)c3c2C(=O)N(c2ccc(N4CCCCC4=O)cc2)CC3)cc1,,,0.3,,
COc1ccc2ncc(=O)n(CCN3CC[C@@H](NCc4ccc5c(n4)NC(=O)CO5)[C@@H](F)C3)c2c1,,75.55,,,
Cc1c(F)c(F)c(COC(=O)C2C(C=C(Cl)C(F)(F)F)C2(C)C)c(F)c1F,,,,,4.28
C=C(OP(=O)(OC)OC)P(=O)(OC)OC,,,,,2.957
C[C@H](c1ccc(F)cc1CCCC(=O)O)N(c1cc(F)ccc1F)S(=O)(=O)c1ccc(Cl)cc1,,99.9,,,
CC(C)Nc1nc(NCc2ccccc2)c2sccc2n1,,99.71,,,
O=[N+]([O-])OC1COC2C(O)COC12,,,0.7,,1.978
CCNCCO,,,,,1.95
O=C([O-])CCCC[NH+](CCc1ccccc1OCc1ccc(CCc2ccccc2)cc1)Cc1ccc(C(=O)[O-])cc1,,,0.24,,
N=C(N)NCC1CCC(C(=O)Oc2ccccc2C(=O)OCc2ccccc2)CC1,,,,,1.709
c1cc[n+]2c(c1)-c1cccc[n+]1CC2,,,,,2.9019999999999997
CC1(C)C2[C@@H](O)C[C@@H]3C4(CC[C@]5(C)[C@@H]([C@]6(C)CC[C@H](C(C)(C)O)O6)[C@@H](O)C[C@@]35C)CC24CC[C@@H]1O,-4.5,,,,
CC(C)(NC(=O)c1cc2ccccc2s1)C(=O)N[C@H](Cc1ccccc1)C(=O)NCCCN1CCOCC1,-5.3289509000000015,,,,
CCCNC(=O)[N-]S(=O)(=O)c1ccc(Cl)cc1,,,0.19,,
C=C(Cl)c1ccc([N+](=O)[O-])cc1,,,,,2.4130000000000003
CCN(CC)c1ccc(-c2nc(=O)n(C)nc2-c2ccc(N(CC)CC)cc2)cc1,,,,,2.795
CCCOc1ccc(C(CN(C)C)C(C)CC)cc1Cl,,,,,2.6039999999999996
Nc1scc2c(C(=O)NC3CC3)nn(-c3ccc(F)cc3)c(=O)c12,,93.1,,,
O=c1cc(N2CCOCC2)nc2n(Cc3cccc(Cl)c3Cl)ccn12,,96.34,,,
O=C(O)Cc1cccc2ccccc12,,,,,2.27
C[C@@H](O)[C@@H]1NC(=O)[C@H](CCCCN)N(C)C(=O)[C@@H](Cc2c[nH]c3ccccc23)NC(=O)[C@H](Cc2ccccc2)NC(=O)[C@@H]2CCCN2C(=O)[C@H](Cc2ccccc2)N(C)C1=O,-6.570000200000001,,,,
CC=CCOC=CC,,,,,1.147
N#Cc1cccnc1,,,,,1.944
COc1ccc(N=NN(C)C)cc1,,,,,2.713
C[C@@H]1CN(Cc2cc(Cl)ccc2OCC(=O)O)CCN1S(=O)(=O)c1ccccc1,,99.49,,,
CC1(CO)CN(c2ccccc2)NC1=O,,,,,2.562
N#Cc1ccc(NCC(F)(F)c2cccc(F)c2)c(F)c1CC(=O)NCCONC(=N)N,-5.741402099999998,,,,
CCN(Cc1ccccc1)N=O,,,,,2.8169999999999997
COc1ccccc1NC(=O)CC(=O)c1ccccc1,,,,,2.226
COCCOC(=O)C1=C(C)NC(C)=C(C(=O)OC(C)C)C1c1cccc([N+](=O)[O-])c1,,98.17,1.1,1.3,2.184
COP(=O)(NC(=O)CCCCl)SC,,,,,4.913
CCCCCCCCCCCCCN1CC(C)OC(C)C1,,,,,2.661
Cc1ccccc1-n1c(Cn2nc(-c3ccc(O)c(F)c3)c3c(N)ncnc32)nc2cccc(C)c2c1=O,,98.0,,,
O=C(Nc1nnc(CCN2c3ccccc3Sc3ccccc32)s1)c1ccccc1,,,,,2.125
COc1ccc([C@@H]2CC(=O)c3c(O)cc(O)cc3O2)cc1O,-4.7399998,,,,
CC(C)OC(=O)Nc1cccc(Cl)c1,,,,,2.251
COP(=O)(OC)C(O)(C(F)F)C(F)F,,,,,4.426
COc1cncc(NC(=O)c2cc(NC(=O)c3cccc(C(C)(C)C#N)c3)ccc2C)c1,,97.49,,,
C=COC(=O)CCCCC(=O)OC=C,,,,,1.491
O=C(CCCl)NCc1ccccc1,,,,,1.791
C[C@H]1CN(Cc2cc(Cl)ccc2OCC(=O)O)CCN1S(=O)(=O)c1ccccc1,,97.26,,,
O=C(O)c1ccccc1Nc1cccc(C(F)(F)F)c1,,,,,3.053
[NH3+]CCCNc1ccc2c(C[NH2+]CCO)nn3c4c(O)ccc(O)c4c(=O)c1c23,,,12.0,,
CCN(N=O)C(C)OC,,,,,2.121
CCCCCCCCCCCCOC(CBr)c1ccc(C(C)C)cc1,,,,,3.216
CNC(=O)Oc1ccccc1OC(CCl)OC,,,,,3.865
O=[N+]([O-])c1ccc(O)c2ncccc12,,,,,2.572
CN(c1ccc(Cl)cc1Br)c1c([N+](=O)[O-])cc([N+](=O)[O-])cc1C(F)(F)F,,,,,5.004
CCCCOC(=O)CCCOc1ccc(Cl)cc1Cl,,,,,3.0069999999999997
CC(=O)NC(CS)C(=O)[O-],,,0.55,,
N#CC=Cc1ccccc1,,,,,1.493
COP(=O)(OC)OC(Cl)C(Cl)(Br)Br,,,,,3.89
CCOC(C)C#N,,,,,1.54
O=C(O)CCC(=O)c1ccc(C2CCCCC2)c(Cl)c1,,,,,3.39
O=P(NCCCl)(NCCCl)OC1OC(CO)C(O)C(O)C1O,,,0.24,,
CCCCC(CC)COC(=O)C1=C(C(=O)OCC(CC)CCCC)CCCC1,,,,,0.539
c1ccc2c(c1)OCC(C1=NCCN1)O2,,,,4.2,
NCc1cccc(-n2nc(C(F)(F)F)cc2C(=O)Nc2ccc(-c3ccccc3S(N)(=O)=O)cc2F)c1,-6.0,,,,
CN(C)CCCN1c2ccccc2Sc2ccc(Cl)cc21,,98.64,,11.0,3.3510000000000004
CCCCOP(=O)(O)OCCCC,,,,,1.817
O=c1cc[nH]c(=O)o1,,,,,2.124
CC(C)OP(=S)(CCl)Sc1ccc(Br)cc1,,,,,4.194
O=C1NCC2(CCCNC2)c2[nH]c(-c3ccnc(-c4ccc5c(c4)OCO5)n3)cc21,-5.4699998,,,,
CCCCCCNC(=O)n1cc(F)c(=O)[nH]c1=O,,,,,2.982
CCBr,,,,,1.907
COc1cc(/C=C2\SC(=O)NC2=O)ccc1Oc1ccc(C#N)cc1C(F)(F)F,,99.95,,,
CCCCCOc1ccc(C(=O)NC(C(=O)O)C(C)C)cc1,,98.29,,,
CC[C@H](CO)Nc1nc(SCc2ccccc2)nc2nc(N)sc12,,98.7,,,
Cc1nn(C)c(Oc2ccccc2)c1C=NOCc1ccc(C(=O)OC(C)(C)C)cc1,,,,,3.236
O=S(=O)(Oc1ccc(Cl)cc1)c1ccc(Cl)cc1,,,,,2.181
OCC(Cl)C(Cl)CO,,,,,1.75
C[C@@](C(=O)O[C@H]1C[N+]2(CC(=O)Nc3ccncn3)CCC1CC2)(c1ccccc1)N1CCCCC1,,87.11,,,
CCOC(=O)[C@]1(c2ccccc2)CCC=C[C@H]1NC,,,,4.4,
CCOCCOCCOC(C)Oc1ccc2c(c1)OCO2,,,,,2.174
C=CC(=O)OCC(C)(C)COC(=O)C=C,,,,,1.499
CC=Cc1ccc(OC)c(OC)c1,,,,,1.853
CCCCN1C(=O)c2ccc([N+](=O)[O-])cc2C1=O,,,,,2.268
CC(C)c1cccc(C(C)C)c1N=C=Nc1c(C(C)C)cccc1C(C)C,,,,,3.258
C=CC(=O)OCCO,,,,,2.252
CC(C)S(=O)(=O)n1c(N)nc2ccc(/C(=C/C(N)=O)c3c(F)c(F)c(F)c(F)c3F)cc21,-4.1999998,,,,
CC(C)(C)c1ccc2c(c1)C(C)(C)CC2,,,,,1.116
CCOP(=S)(OCC)Oc1nc(Cl)n(C(C)C)n1,,,,,3.895
C=CCN1CCCC1CNC(=O)c1cc2nn[nH]c2cc1OC,,,,2.8,
Cc1ccc(S(=O)(=O)Nc2c(C(=O)NC(C)C(C)(C)C)c(C)nn2-c2ccccc2)cc1,,98.73,,,
CN1C(=O)C2C3C=C(C(O)(c4ccccc4)c4ccccn4)C(C3=C(c3ccccc3)c3ccccn3)C2C1=O,,,,,4.641
O=P([O-])(O)C(O)(Cc1cccnc1)P(=O)([O-])O,,,6.3,,
BrCBr,,,,,3.207
CC1CC2C3CCC4=CC(=O)C=CC4(C)C3(F)C(O)CC2(C)C1(O)C(=O)COC(=O)c1ccncc1,,,,,2.145
N#Cc1cc(S(=O)(=O)Nc2ncns2)ccc1Oc1cc(Cl)c(F)cc1-c1ccnnc1,,99.59,,,
CC1CCC2(NC1)OC1CC3C4CC=C5CC(O)CCC5(C)C4CCC3(C)C1C2C,,,,,1.92
N=C(N)N[N+](=O)[O-],,,,,1.009
Cc1ccc(O)cc1,,,,,2.718
CCOc1cc2ncc(C(N)=O)c(Nc3ccc(F)cc3F)c2cc1N1CCN(CC)CC1,,95.43,,,
COc1cccc2c1C(=O)c1c(O)c3c(c(O)c1C2=O)CC(O)(C(=O)CO)CC3OC1CC(N2CCOC(OC)C2)C(O)C(C)O1,,,49.0,,
Cc1c(C)c(C)c2[nH]c(C(F)(F)F)nc2c1C,,,,,3.621
Nc1ccc(Oc2ccc(N)cc2)cc1,,,,,2.441
Cc1c(Cl)c(Cl)c2nc(C(F)(F)F)[nH]c2c1Cl,,,,,4.22
Cc1ccnc2c1NC(=O)c1cccnc1N2C1CC1,,44.27,1.3,53.0,
CC(C)=CC(N)=O,,,,,1.445
BrCc1cccc(Oc2ccccc2)c1,,,,,2.0540000000000003
Cc1c(Cl)ccc(OC2CCN(C[C@H](O)CNC(=O)c3c[nH]c(=O)c4ccc(S(C)(=O)=O)cc34)CC2)c1Cl,,92.32,,,
C[C@]12N[C@H](Cc3ccccc31)c1ccccc12,,47.12,,,
CC(C)(C)c1cc(CCC(=O)OCCSCCOC(=O)CCc2cc(C(C)(C)C)c(O)c(C(C)(C)C)c2)cc(C(C)(C)C)c1O,,,,,2.009
CCC1(O)C(=O)OCc2c1cc1n(c2=O)Cc2cc3ccccc3nc2-1,,,,,3.357
C=CC[N+]12CCC34c5ccccc5N5/C=C6/C7CC8C9(CC[N+]8(CC=C)C/C7=C/CO)c7ccccc7N(/C=C(/C(CC31)/C(=C/CO)C2)C54)C69,,,0.32,,
COc1cc2ncc(C(N)=O)c(Nc3ccc(Cl)c(Cl)c3)c2cc1N1CCN(C)CC1,,96.42,,,
C=CCl,,,,,2.097
COC(=O)Nc1cccc(OC(=O)Nc2cccc(C)c2)c1,,,,,1.876
CCC[C@@H](c1ccc(C(=O)O)c(Oc2cccc(Cl)c2)c1)N1CCC[C@H](n2cc(C)c(=O)[nH]c2=O)C1,,99.3,,,
CC(Br)CBr,,,,,2.276
CCCCC(C=O)CC,,,,,1.536
Cc1ccc(NC(=O)c2cccc(C(C)(C)C#N)c2)cc1Nc1ccc2ncn(C)c(=O)c2c1,,99.61,,,
O=CNc1ccc(Cl)cc1,,,,,2.3169999999999997
CC(C)=CCCC(C)(OC1OC(CO)C(O)C(O)C1O)C1CCC2(C)C1C(O)CC1C3(C)CCC(OC4OC(CO)C(O)C(O)C4OC4OC(CO)C(O)C(O)C4O)C(C)(C)C3CCC12C,,,0.11,,
CC(C)(O)c1ccccc1CC[C@@H](SCC1(CC(=O)O)CC1)c1cccc(/C=C/c2ccc3ccc(Cl)cc3n2)c1,,99.95,,5.0,
COCC(NC(C)=O)C(=O)NCc1ccccc1,,,0.58,,
CCC(C)N1C(=O)c2ccccc2C1=O,,,,,2.238
CCCOP(=S)(OCC)SCN1C(=O)c2ccccc2C1=O,,,,,3.857
CC1(C)NC(=O)N(c2ccc([N+](=O)[O-])c(C(F)(F)F)c2)C1=O,,,,,3.2110000000000003
COCCNC(=O)[C@H](NC(=O)[C@](O)(Cc1ccccc1)CN(Cc1ccc(Br)cc1)NC(=O)[C@H](CC(=O)OC)C(C)(C)C)C(C)C,-5.3200002,,,,
O=C(CCS(=O)(=O)c1ccc(Br)cc1)NCCc1ccccc1,,96.0,,,
CC(C(=O)O)c1ccc2oc(-c3ccc(F)cc3)nc2c1,,,,,2.738
CC(NCCc1ccc(O)cc1)C(O)c1ccc(O)cc1,,,,2.6,
C#CCOS(=O)OC1CCCCC1Oc1ccc(C(C)(C)C)cc1,,,,,2.374
ClC(COCC(Cl)C(Cl)(Cl)Cl)C(Cl)(Cl)Cl,,,,,2.017
CCC1C2CC3C4N(C)c5ccccc5C45CC(C2C5O)N3C1O,,,,,2.957
CC(C)OP(C)(=S)Oc1cc(Cl)c(Br)cc1Cl,,,,,3.714
NC(=O)Cc1c([O-])on[n+]1Cc1ccccc1,,,,,1.719
O=C(O)COc1ccc2ccccc2c1,,,,,2.528
COC(=O)CCC(Cl)C(C)=O,,,,,1.94
Cc1ccc(Sc2ccccc2N2CC[NH2+]CC2)c(C)c1,,,35.3,,
O=C(Cc1ccc2c(c1)OCc1ccccc1C2=O)OCC(O)CO,,,,,3.557
O=C(NC1CCC(c2cccc(F)c2F)CN(CC(F)(F)F)C1=O)N1CCC(n2c(=O)[nH]c3ncccc32)CC1,,,0.86,,
O=C(c1ccc(Cl)cc1)c1ccccc1-c1ncc[nH]1,,,,,2.673
COc1cc(CCC(C)=O)ccc1O,,,,,1.877
Cc1c(N)cccc1Cn1ccc(OCCc2cccs2)cc1=O,,95.01,,,
CNc1c(Br)cnc2[nH]c(-c3ccc(OCCN4CCOCC4)cc3)nc12,,98.51,,,
CCCCc1c(C)nc(NCC)nc1OS(=O)(=O)N(C)C,,,,,1.898
CC(C)C[C@H](CO)Nc1nc(SCc2ccccc2)nc2nc(N)sc12,,99.56,,,
CCC(=O)OC,,,,,1.246
CN[C@@H](C)C(=O)N[C@H](C(=O)N[C@H]1CCCN(CCc2ccc(Br)cc2)C1)C(C)(C)C,,97.71,,,
O=C(OCCCl)c1ccccc1C(=O)OCCCl,,,,,2.6010000000000004
CCOP(=O)(N=C1SCCS1)OCC,,,,,4.458
CN(CCCOCCOCCc1ccccc1)CCc1ccc(O)c2nc(O)sc12,,90.12,,,
CCC(CC)[C@@H](CO)NS(=O)(=O)c1ccc(Cl)s1,,92.16,,,
C#CC(C)(O)CC,,,,,2.515
CNC(=O)ON=C(C)SC(C)C(N)=O,,,,,3.964
CCCCC1(CCc2ccccn2)C(=O)N(c2ccccc2)N(c2ccccc2)C1=O,,,,,1.963
CN[C@@H](C)C(=O)N[C@H](C(=O)N[C@H]1CCCN(C(=O)c2ccccc2)C1)C1CCCCC1,,44.84,,,
CC(N)C(O)c1cccc(O)c1,,,,,2.843
Nc1ccc(O)c([N+](=O)[O-])c1,,,,,2.021
ClCOCCl,,,,,2.738
C[C@@H]1NC(=O)[C@H](C)NC(=O)[C@@H](C)N(C)C(=O)[C@H](C)N(C)C(=O)[C@@H](C)N(C)C(=O)[C@@H](C)NC1=O,-5.8200002,,,,
O=[N+]([O-])c1cc(Br)cc2[nH]c(C(F)(F)F)nc12,,,,,5.4
CCCCCCCCOP(=O)(O)OCCC(Cl)Cl,,,,,1.494
CC(C=O)Cc1ccc(C(C)(C)C)cc1,,,,,1.742
COc1cnc(C)s1,,,,,2.014
COc1cc(N)c(Cl)cc1C(=O)NC1CC[NH+](CCCOc2ccc(F)cc2)CC1OC,,,1.2,,
O=C(CCl)c1ccccc1,,,,,3.49
O=c1[nH]c2cc(C(F)(F)F)ccc2n1-c1cc(C(F)(F)F)ccc1O,,99.87,,,
COc1ccc2cc1Oc1ccc(cc1)CC1(C)c3cc(c(OC)cc3CC[NH+]1C)Oc1c(OC)c(OC)c(Br)c3c1C(C)(C2)N(C)CC3,,,51.0,,
CCCC(=O)N(C)C(=O)ON=C1CSCCS1,,,,,2.14
CCN1CCC[C@H]1CNC(=O)c1c(OC)ccc(Br)c1OC,,,,5.5,
CNC(=O)ON=C1CSCCSC1,,,,,2.741
CC(=O)OCCCc1ccccc1,,,,,1.579
C=C(C#N)OC(C)=O,,,,,3.0460000000000003
CC1(C)C(C=C2CCCC2)C1C(=O)OCc1coc(Cc2ccccc2)c1,,,,,3.762
CCOc1cc(C=O)ccc1O,,,,,2.019
S=c1[nH]c2ccccc2[nH]1,,,,,2.7
C=CCc1ccccc1OCC(O)C[NH2+]C(C)C,,,3.2,,
O=C1CCCC(=O)O1,,,,,1.408
C=CC(=O)OCCC(=O)NC,,,,,2.302
O=C1NC(=O)/C(=C/c2cccc(Cl)c2N2CCNCC2)S1,,92.16,,,
O=C(NC1(C(=O)N[C@H](Cc2ccccc2)C(=O)NCCCN2CCC(O)CC2)CCCC1)c1cc2ccccc2s1,-5.8519359,,,,
Oc1c(Cl)cc(Cl)cc1Cl,,,,,2.3819999999999997
CCSSCC,,,,,1.78
Cn1c(N)nc2ncc(-c3ccccc3)cc21,-4.8205117999999985,,,,
NS(=O)(=O)OCC(Cl)(Cl)Cl,,,,,1.66
CCSC(SCC)=C(C#N)C#N,,,,,2.405
CC(O)C1CCCCC1,,,,,1.786
O=C1CCCCCCCC(=O)OCCO1,,,,,1.367
CCN(CC)S(=O)(=O)CCNC(=O)N(CCCl)N=O,,,,,3.72
C[C@]12CC(=O)[C@H]3[C@@H](CCC4=CC(=O)C=C[C@@]43C)[C@@H]1CC[C@]2(O)C(=O)CO,,,,2.9,
O=C(NCc1ccc(OC(F)(F)F)cc1)C1c2ccccc2C(=O)N1CCc1ncc(F)cn1,,95.23,,,
CNC(=O)ON=C1SC(C)(C)SC1C,,,,,5.361000000000001
Cc1nc(N2CCN3CCOCC3C2)c(F)c(NNC(=O)C(CC2CCCC2)CN(O)C=O)[nH+]1,,,0.75,,
COc1ncc(-c2cccc(C#N)c2CCNC(=O)c2ccc(OCCC(F)(F)F)nc2)cn1,,88.11,,,
C/C(=C\c1csc(C)n1)C1CC2OC2(C)CCCC(C)C(O)C(C)C(=O)C(C)(C)C(O)CC(=O)N1,,,11.0,,
C[N+]1(CC2CC2)CC[C@]23c4c5ccc(O)c4O[C@H]2C(=O)CC[C@@]3(O)[C@H]1C5,,,,2.5,
Cc1ccc2cc(C)c3nnc(SCC(=O)N4CCN(C(=O)c5ccco5)CC4)n3c2c1,,99.05,,,
COC(=O)C=CC(=O)OC,,,,,2.01
Fc1c(Cl)c(Cl)c(Cl)c2[nH]c(C(F)(F)F)nc12,,,,,5.56
COc1cc2ncnc(Nc3ccc(F)c(Cl)c3)c2cc1NC(=O)/C=C/CN1CCCCC1,,98.21,,,
O=C(O)c1cccc(C(=O)N2CCC(N3CCC(Oc4ccc(Cl)c(Cl)c4)CC3)CC2)c1,,95.01,,,
CCOC(=O)C1=CN(C)C2CCCC(C)N2C1=O,,,,,2.824
COP(=S)(Oc1cc(Cl)c(Br)cc1Cl)c1ccccc1,,,,,4.336
C[NH+]1CCC(c2c([O-])cc(O)c3c(=O)cc(-c4ccccc4Cl)oc23)C(O)C1,,,1.5,,
O=C(O)C(F)(F)C(F)(F)C(F)(F)C(F)F,,,,,2.146
CCCCCCC(N)C(=O)N[C@@H](Cc1ccc(O)cc1)C(=O)N1CCC[C@@H]1C(=O)N[C@@H](Cc1c[nH]c2ccccc12)C(=O)N[C@@H](Cc1ccccc1)C(=O)N[C@@H]1O[C@H](C(N)=O)[C@@H](O)C(O)C1O,-5.79,,,,
C=Cc1ccc(C)nc1,,,,,2.009
O=C(O)CSCC(=O)Nc1nc(-c2ccccc2)cs1,,99.03,,,
CCOP(=S)(OCC)Oc1ccc([N+](=O)[O-])cc1Cl,,,,,4.513
Cc1cc(Nc2cc(N3CCOCC3)nc(N[C@@H](C)c3ncc(F)cn3)n2)n[nH]1,,45.98,,,
CCSC(C)CC1CC(=O)C(C(=O)CC)C(=O)C1,,,,,3.202
O=C1CCc2cccc3c2N1CC3,,,,,2.732
CCC(C)(CC)C(=O)OCC(C)C,,,,,2.662
COc1ccc(C2Sc3ccccc3N(CCN(C)C)C(=O)C2OC(C)=O)cc1,,35.46,,,
CC1(C)Cc2cccc(OC(=O)NCSc3ccc(Cl)cc3)c2O1,,,,,4.163
C=C[C@H]1CN2CC[C@H]1C[C@@H]2[C@@H](O)c1ccnc2ccc(OC)cc12,-4.6900001,85.48,,6.6,
O=S(=O)(O)C(F)(F)C(F)(F)C(F)(F)C(F)(F)F,,,,,2.844
CC1CCC(N)CC1N,,,,,1.959
Oc1cccc(Cl)c1,,,,,2.353
CCC(C)OP(=S)(CC)OC,,,,,4.448
CN(CCO)S(=O)(=O)CCNC(=O)N(CCCl)N=O,,,,,3.5460000000000003
CC(C)Cc1ccc(CC(=O)O)cc1,,,,,1.922
CCN(CC)CCNC(=O)c1cc(Cl)c(N)cc1OCc1ccccc1,,,,,3.233
C1CC2CC1CC2CNCC1CC2CCC1C2,,,,,2.219
CCC1C(c2ccccc2)=CCC(C(=O)O)C1C,,,,,2.017
CC(C)CC[C@@H](O)[C@](C)(O)[C@H]1CC[C@@]2(O)C3=CC(=O)[C@]4(O)C[C@@H](O)[C@@H](O)C[C@@]4(C)C3[C@@H](O)C[C@]12C,-4.9000001,,,,
O=[N+]([O-])c1ccc(Nc2ccc(O)cc2)c([N+](=O)[O-])c1,,,,,1.246
CN(N=O)C(=O)C(=O)N(C)N=O,,,,,3.259
CC(=O)CC(c1ccco1)c1c(O)c2ccccc2oc1=O,,,,,4.077
Cc1ccccc1NCCO,,,,,1.837
FC(F)(F)c1nc2cc(Br)ccc2[nH]1,,,,,3.733
CC(=O)c1c2c(c(C)[nH]c1=O)CC(c1ccncc1)CC2,,,,,3.283
NC(=O)c1ccc2[nH]c(C(F)(F)F)nc2c1,,,,,3.86
c1ccc([C@H]([C@@H](c2ccccc2)N2CCCCC2)N2CCCCC2)cc1,,93.94,,,
CCOP(=O)(OCC)OC(=CCl)c1ccc(Cl)cc1Cl,,,,,4.556
O=C(OCCCOCCCOC(=O)c1ccccc1)c1ccccc1,,,,,1.543
COc1ccc(-c2oc3c(CC=C(C)C)c(O[C@@H]4O[C@H](CO)[C@@H](O)[C@H](O)[C@H]4O)cc(O)c3c(=O)c2O[C@H]2O[C@H](C)[C@@H](O)[C@H](O)[C@@H]2O)cc1,-6.2292061,,,,
Nc1nc(/C(=N\O)C(=O)NC2C(=O)N3C(C(=O)[O-])=C(/C=C4\CCN(CC(F)(F)F)C4=O)CSC23)cs1,,,0.11,,
COCCOC(=O)N(CO)CO,,,,,1.212
CC(CCC(=O)O)C1CCC2C3C(=O)CC4CC(=O)CCC4(C)C3CC(=O)C12C,,,,,2.003
O=C(NS(=O)(=O)c1ccccc1Cl)N1CCC(N2CCC(Oc3ccc(Cl)c(Cl)c3)CC2)CC1,,96.93,,,
CNC(=O)ON=C1SC(C)OC1C,,,,,4.657
NC(=O)c1ccccc1Cl,,,,,2.095
CON(C)C(=O)CC(SP(=S)(OC)OC)C(=O)N(C)OC,,,,,4.4110000000000005
CC(C)[C@H](N)C(=O)OC[C@@H]1O[C@H](n2cc(F)c(=O)[nH]c2=O)C[C@H]1O,-6.0100002,,,,
Cc1cc(O)c(C(C)(C)C)cc1Sc1cc(C(C)(C)C)c(O)cc1C,,,,,2.184
CN(C)CCOc1ccc(C(=C(CCCl)c2ccccc2)c2ccccc2)cc1,,,,,2.378
CCC(=O)OC1CCC(N2CCCCC2)CC1,,,,,2.082
CCCC(C)COCCOCCO,,,,,1.527
CCOC(=O)C(C)O,,,,,1.159
CCCC=C(C=NCCCCCCCCCCCCCCCCCCCCC)CC,,,,,1.897
COC(=O)c1cc([N+](=O)[O-])ccc1Cl,,,,,1.604
CNC(=S)N(C)C,,,,,2.573
COc1cccc(C=Nc2c(C)n(C)n(-c3ccccc3)c2=O)c1,,,,,1.759
CC(=O)C(C)=Cc1ccccc1,,,,,1.592
NC(=O)c1ccncc1,-4.2782722,,,,
CS(=O)c1ccc(Cl)cc1,,,,,2.577
NC(=O)Nc1cccc2c3c([nH]c12)CCCC3,,,,,1.918
C=CC1CC=CCC1,,,,,1.625
CCC(CC(C)CC)=NO,,,,,1.5759999999999998
OC1(c2ccc(Cl)c(Cl)c2)c2ccccc2C2=NCCN21,,,,,2.9560000000000004
C=C(C)Cn1c(N)cc(=O)n(C)c1=O,,,,,2.097
Cc1ccc(C2=CCN(CCC(=O)c3ccc4c(c3)CCC(=O)N4)CC2)cc1,,,,,2.8739999999999997
Cc1[n-]c(=O)c(C#N)cc1-c1ccncc1,,,0.25,,
Cc1ccc2ccccc2n1,,,,,2.066
CC1CN2c3ccc([N+](=O)[O-])cc3CC3(C(=O)N(C)C(=O)N(C)C3=O)C2C(C)O1,,81.36,,,
COc1cc2[nH+]c(N(C)CCCNC(=O)C3CCCO3)nc(N)c2cc1OC,,,1.5,,
COC(=O)C(C)Oc1ccc(Oc2ccc(Cl)cc2Cl)cc1,,,,,2.782
O=C(/C=C/c1ccccc1)NCCO,,,0.11,,
CCOP(=S)(CC)Oc1ccc(Cl)cc1,,,,,3.445
Oc1c(Cl)cc2[nH]c(C(F)(F)F)nc2c1Cl,,,,,3.67
CC1=C(C(=O)O)N2C(=O)[C@@H](NC(=O)[C@H](N)C3=CCC=CC3)[C@H]2SC1,,,,0.85,
COP(=O)(N=C1SCC(C)S1)OC,,,,,3.838
COc1ccc(OC)c(C(O)CN)c1,,21.99,,,
CC(=O)Nc1cccc2c1c(S(=O)(=O)c1ccc(Cl)cc1)c(C)n2CC(=O)O,,95.72,,,
Cn1cncc1CN1CC(N(Cc2cccc(-n3cccc3)c2)S(=O)(=O)c2ccccn2)Cc2cc(C#N)ccc21,-5.6391363,,,,
CC(C)[C@H](NC(=O)[C@H](OCc1ccccc1)[C@H](O)[C@@H](O)[C@@H](OCc1ccccc1)C(=O)N[C@H]1c2ccccc2C[C@H]1O)C(=O)NCC(F)(F)F,-5.54,,,,
COP(OC)OC,,,,,1.89
Oc1c(Cl)c(Cl)c(Cl)c(Cl)c1Cl,,,,,3.994
CCOC(=O)NNc1ccc(N(CC)CC(C)O)nn1,,,,,2.138
CC(C)N(Sc1nc2ccccc2s1)C(C)C,,,,,1.71
Cc1[nH]c(=O)n(C(C)(C)C)c(=O)c1Cl,,,,,1.461
CCCCc1ncc(/C=C(\Cc2cccs2)C(=O)O)n1Cc1ccc(C(=O)O)cc1,,,,2.1,
CCCCCC/C=C\CCCCCCCCCC(=O)N[C@H]1[C@H](OC[C@H]2O[C@H](OP(=O)([O-])[O-])[C@H](NC(=O)CC(=O)CCCCCCCCCCC)[C@@H](OCCCCCCCCCC)[C@@H]2O)O[C@H](COC)[C@@H](OP(=O)([O-])[O-])[C@@H]1OCC[C@@H](CCCCCCC)OC,,,0.05,,
O=C(c1ccccc1)c1ccc(O)cc1O,,,,,1.396
CC(=O)Nc1ccc2ccn(-c3cc(NCCN4CCOCC4)n4ncc(C#N)c4n3)c2c1,,88.82,,,
C[C@@H]1NC(=O)[C@@H](C)N(C)C(=O)[C@H](C)N(C)C(=O)[C@@H](C)N(C)C(=O)[C@@H](C)N(C)C(=O)[C@H](C)N(C)C1=O,-5.3000002,,,,
CC1CC2OC2CC1COC(=O)C1CC2OC2CC1C,,,,,1.7719999999999998
CN(CCn1cnc2c1c(=O)n(C)c(=O)n2C)c1ccccc1,,,,,2.037
CCOc1ccccc1C(=O)NCc1ccco1,,95.82,,,
CSN(C)C(=O)Oc1cccc2c1OC(C)(C)C2,,,,,4.728
CN(C)C(=O)C(CC[N+]1([O-])CCC(O)(c2ccc(Cl)cc2)CC1)(c1ccccc1)c1ccccc1,,,,,3.457
C=CC=CC=C,,,,,2.582
CCOP(=S)(OCC)Oc1ccc([N+](=O)[O-])c(C)c1,,,,,4.485
O=C(C=Cc1ccccn1)OCCN1CCN(c2ccc(Cl)cc2)CC1,,,,,2.891
N=C(N)c1ccc2[nH]c(Cc3nc4ccccc4[nH]3)nc2c1,-6.6999998,,,,
C[C@@H](O)[C@H](NC(=O)c1ccc(C#Cc2ccc(CN3CCOCC3)cc2)cc1)C(=O)NO,,96.42,,,
CCCNC(=O)NS(=O)(=O)c1ccc(Cl)cc1,,96.0,,46.0,2.11
Clc1cccc(N2CC[NH2+]CC2)c1,,,2.5,,
OCC[Si](CCO)(CCO)CCO,,,,,1.477
NC(=O)c1ccc(Cl)c([N+](=O)[O-])c1,,,,,1.892
O=C(O)C=Cc1ccccc1,,,,,1.773
CCOc1cc(OP(=S)(OC)OC)nc(CC)n1,,,,,2.211
CN1CCN(C(=O)c2cccc(Cc3n[nH]c(=O)c4ccccc34)c2)CC1,,65.06,,,
COc1ccc2ncc(C#N)c(CCN3CCC(NCc4cc5c(cn4)OCS5)CC3)c2c1,,91.1,,,
Cc1[nH]c(/C=C2\C(=O)Nc3ccc(F)cc32)c(C)c1C(=O)NCCN(C)C,,82.72,,,
Cc1c(Cc2ccc3ccccc3n2)c2cc(F)ccc2n1CC(=O)O,,99.36,,,
Cc1cc(I)cc2c1NC(C(=O)O)C1CC=CC21,,99.8,,,
CS(=O)(=O)c1ccc(-c2cc(C(F)(F)F)ccc2OCC(=O)O)cc1,,93.24,,,
COc1ccc(C(C)=O)cc1,,,,,1.941
CC(C)(C)C(O)C(=Cc1ccc(Cl)cc1)n1cncn1,,,,,2.2119999999999997
CS(=O)(=O)Nc1ccc([N+](=O)[O-])cc1Oc1ccccc1,,,,,3.188
NS(=O)(=O)c1ccc(Cl)c(S(N)(=O)=O)c1,,,,,2.901
COc1ccc2c(c1)c(CC(=O)NO)c(C)n2C(=O)c1ccc(Cl)cc1,,,,,3.679
CC(C)(C)NCC(O)COc1nsnc1N1CCOCC1,,40.34,,,
Brc1ccc(-c2ccc(Br)c(Br)c2Br)c(Br)c1Br,,,,,1.465
CCOc1ccc([N+](=O)[O-])cc1CNCCBr,,,,,4.084
CCOP(=O)(OCC)SCc1nnc(CC(C)C)o1,,,,,4.015
COC(=O)c1cc(OC)c2c(c1-c1c(CO)cc(OC)c3c1OCO3)OCO2,-4.7979398,,,,
C=C1C[C@]23CC[C@H]4[C@@](C)(CCC[C@@]4(C)C(=O)OC4O[C@@H](CO)[C@H](O)[C@@H](O)[C@@H]4O)C2CC(O[C@H]2O[C@@H](CO)[C@H](O)C(O[C@H]4O[C@@H](CO)[C@H](O)[C@@H](O)[C@@H]4O)[C@@H]2O[C@H]2O[C@@H](CO)[C@H](O)[C@@H](O)[C@@H]2O)[C@H]1C3,-6.9593034,,,,
CNc1ccc(N)c2c1C(=O)c1ccccc1C2=O,,,,,1.703
Cc1nnc(SCC2=C(C(=O)O)N3C(=O)[C@@H](NC(=O)Cn4cnnn4)[C@H]3SC2)s1,-6.23,90.32,,1.7,
CO/N=C(/C(=O)NC1C(=O)N2C(C(=O)[O-])=C(C[N+]34CCC(C(N)=O)(CC3)CC4)CSC12)c1nsc(N)n1,,,0.27,,
CC(=O)Nc1ccc(C2=NNC(=O)CC2C)cc1,,,2.38,,
CCOP(=S)(OCC)SCCS(=O)(=O)CC,,,,,4.611000000000001
N=C1C=C(Br)C(=O)c2c(N)cc(Br)c(O)c21,,,,,2.1590000000000003
CCOP(=S)(CC)Sc1ccc(C)cc1,,,,,3.753
CO[Si](CCCNCCC[Si](OC)(OC)OC)(OC)OC,,,,,1.96
BrC12CC3CC(CC(C3)C1)C2,,,,,1.405
Oc1ccc(-c2ccccc2)cc1CN1CCOCC1,,,,,4.032
CC(C)CC[C@@H](O)[C@](C)(O)[C@H]1CC[C@@]2(O)C3=CC(=O)[C@@H]4C[C@@H](O)[C@@H](O)C[C@@]4(C)C3CC[C@]12C,-4.7199998,,,,
COc1ccc(-c2nc(O[C@@H]3C[C@H]4C(=O)N[C@]5(C(=O)NS(=O)(=O)C6CC6)C[C@H]5/C=C\CCCCN(C)C(=O)[C@@H]4C3)c3ccc(OC)c(C)c3n2)cc1,-5.0500002,,,,
ClC(Cl)(Cl)Cl,,,,,1.816
CC(=O)OCC=Cc1ccccc1,,,,,1.7280000000000002
CCOC(=S)SSSC(=S)OCC,,,,,3.0669999999999997
CC(=O)N(CC(C)C(=O)O)c1c(I)cc(I)c(N)c1I,,,,,1.937
OCc1ncc2n1-c1ccc(Cl)cc1C(c1ccccc1F)=NC2,,,0.77,,
CCOC(=O)NCCOc1ccc(Oc2ccccc2)cc1,,,,,1.254
Nc1ccc(Nc2ccccc2)cc1,,,,,2.599
CC(=O)OC(OC(C)=O)C(Cl)CCl,,,,,2.855
CC(C)(C)c1cc(Cl)cc(Sc2cc(Cl)cc(C(C)(C)C)c2O)c1O,,,,,1.816
CCOC(=O)C1=CNC2CCCC(C)N2C1=O,,,,,1.979
CCCCOCCCOC(=O)COc1ccc(Cl)cc1Cl,,,,,2.826
COc1ccccc1OCC(O)CN1CCN(CC(=O)Nc2c(C)cccc2C)CC1,,,1.2,,
CSc1c(C)cc(OC(=O)N(C)C(C)=O)cc1C,,,,,2.7489999999999997
CCCCCCCO,,,,,2.366
CN(C)CCc1c[nH]c2ccc(Cn3cncn3)cc12,,,,2.2,
COP(=O)(OC)OC(=CCl)c1cc(Cl)c(Cl)cc1Cl,,,,,2.8819999999999997
CNC[C@@H]1CC[C@@H](N)[C@@H](O[C@H]2[C@@H](N)C[C@@H](N)[C@H](O[C@H]3OC[C@](C)(O)[C@H](NC)[C@H]3O)[C@H]2O)O1,,,0.15,,
CCCOc1cc(C=CC(=S)OCC)ccc1OC,,,,,2.461
CC(C(O)c1ccccc1)N(C)CCC#N,,,,,2.366
O=C(O)c1cc2ccccc2c(Cc2c(O)c(C(=O)OCCOCCN3CCN(C(c4ccccc4)c4ccc(Cl)cc4)CC3)cc3ccccc23)c1O,,,,,2.6319999999999997
O=C(NCNC(=O)NC1C(=O)NC(=O)N1CO)NC1C(=O)NC(=O)N1CO,,,,,1.536
ClC1=C(Cl)C(Cl)(C2(Cl)C(Cl)=C(Cl)C(Cl)=C2Cl)C(Cl)=C1Cl,,,,,2.597
Nc1nc2ccc(F)cc2s1,,84.0,,,
CC[C@H]1NC(=O)[C@@H](NC(=O)c2ncccc2O)[C@@H](C)OC(=O)[C@H](c2ccccc2)NC(=O)[C@@H]2CC(=O)[C@H](CS[C@@H]3CN4CCC3CC4)CN2C(=O)[C@H](Cc2ccc(N(C)C)cc2)N(C)C(=O)[C@@H]2CCCN2C1=O,,,,0.87,
COc1ccc2ccc(=O)n(CCN3CCC(NCc4cc5c(cn4)OCCO5)CC3)c2n1,,68.63,,,
CC1(C)SC2C(NC(=O)C([NH3+])c3ccc(O)cc3)C(=O)N2C1C(=O)[O-],,,0.25,,
CN(C)P1(=S)OCc2cc([N+](=O)[O-])ccc2O1,,,,,3.341
O=P(OCCCl)(OCCCl)OC1CC(C(Br)CBr)CCC1Cl,,,,,2.232
CC(C)(C)OC(=O)NCCCSC[C@H]1O[C@@H](n2cnc3c(N)ncnc32)[C@H](O)[C@@H]1O,,76.39,,,
Cc1c(CN2CCOC(c3ccccc3)C2C)c(=O)n(-c2ccccc2)n1C,,,,,3.179
CCOC(=O)N(C)SN(C)C(=O)ON=C(C)SC,,,,,3.116
CCOP(=O)(OCC)Oc1cc(C)oc(=O)c1,,,,,4.895
CO[C@@]12CC[C@@]3(C[C@@H]1[C@](C)(O)C(C)(C)C)[C@H]1Cc4ccc(O)c5c4[C@@]3(CCN1CC1CC1)[C@H]2O5,,,,3.2,
CCOP(=S)(OCC)OCCSCC,,,,,4.537
O=C([O-])[O-].[Li+].[Li+],,,,7.8,
Cc1nc(Cl)c(Cl)n1Cc1sc2c(c1C(=O)N1CC[C@@H](O)C1)c(=O)n(C)c(=O)n2CC(C)C,,91.1,,,
C1CCNC1,,,,,2.375
Cc1cccc(C)c1N(C(=O)CCl)C1CCOC1=O,,,,,2.035
CCCCOP(=O)(OCCCC)Oc1ccccc1,,,,,2.126
C[N+](C)([O-])CCCN1c2ccccc2CCc2ccccc21,,,1.9,1.8,
CCCC(C)OP(=S)(OC)OC,,,,,2.8339999999999996
CCN(CC)CCS(=O)(=O)[C@@H]1CCN2C(=O)c3coc(n3)CC(=O)C[C@H](O)/C=C(C)/C=C/CNC(=O)/C=C/[C@@H](C)[C@@H](C(C)C)OC(=O)[C@@H]12,,,,0.74,
C=COCC(C)C,,,,,0.77
CCCCCCC(C)OC(=O)COc1nc(F)c(Cl)c(N)c1Cl,,,,,1.866
CCOc1ccc(NC(C)=O)cc1,,34.94,1.4,0.92,1.6969999999999998
N[C@H]1CCN(c2c(Cl)cccc2/C=C2\SC(=O)NC2=O)C1,,97.66,,,
CCCCCCCCCCO,,,,,1.525
Nc1nc(N)c2cc(N(Cc3ccc(Cl)c(Cl)c3)N=O)ccc2n1,,,,,3.0589999999999997
CCOP(=O)(OCC)OC(=C(Br)Br)c1ccc(Cl)cc1Cl,,,,,3.791
COP(=S)(OC)Oc1ccc(SC)cc1,,,,,4.422
Cc1ccc2ccc(=O)oc2c1,,,,,1.625
CN(CCC#N)CCC#N,,,,,2.188
COc1cc2c(cc1OC)CN(c1cc(N)c3cc(OC)c(OC)cc3[nH+]1)CC2,,,6.3,,
CCc1cccc(CC)c1N(CC(=O)O)C(=O)CCl,,,,,2.0909999999999997
COc1cccc([C@H](O)C2CCN(CCc3ccc(F)cc3)CC2)c1OC,,34.94,,,
CC(=O)OCCC1=CCC2CC1C2(C)C,,,,,1.842
ClC1=C(Cl)C(Cl)(Cl)C(Cl)=C1Cl,,,,,2.322
CCSP(=O)(CCl)SCC,,,,,3.796
Cn1cnc2c1c(=O)n(CCCN1CCN(c3ccc(Cl)c(Cl)c3)CC1)c(=O)n2C,,,,,2.353
N#CCCCCCCC#N,,,,,2.958
CC(Oc1cc(-n2cnc3ccc(CN4CC[NH+](C)CC4)cc32)sc1C(N)=O)c1ccccc1C(F)(F)F,,,12.0,,
CON=C(C)C(=NOC(=O)N(C)SN(C)C(=O)ON=C(C)SC)C(=O)N(C)C,,,,,4.263
C=C(C)C(=O)OCCSCC,,,,,1.372
Cc1cccc(C)c1NC(=O)C(C)[NH3+],,,1.8,,
Cc1cc(O)ccc1Cl,,,,,1.892
CCCCNC(=S)NCCCC,,,,,2.7310000000000003
CCOC(=O)c1ccc2c(C(C(=O)NS(=O)(=O)c3ccc(C)cc3OC)c3ccc4c(c3)OCO4)cn(C)c2c1,-4.6994848,,,,
Cc1ccc2c(Cl)cc(Cl)c(O)c2n1,,,,,2.539
COC(=O)c1ccccc1,,,,,2.063
COC(=O)c1ccccc1N=CC(C)Cc1ccc(C(C)(C)C)cc1,,,,,2.051
Cc1cc(-c2ccccc2)[nH]n1,,,,,1.944
C=CCOc1ccc(C2=C(c3ccccc3)C(C)(C)Oc3cc(OC)ccc32)cc1,,,,,2.901
O=C(NC(=O)c1c(F)cccc1F)Nc1cc(Cl)c(Oc2ncc(C(F)(F)F)cc2Cl)c(Cl)c1,,,,,3.085
O=C1C=CC(=O)N1CCCCCCN1C(=O)C=CC1=O,,,,,2.701
C[NH+]1C2CCC1CC(OC(=O)C(CO)c1ccccc1)C2,,,3.3,,
O=c1[nH]cnc2c1ncn2C1OC(COP(=O)(O)O)C(O)C1O,,,,,1.338
C[C@H]1O[C@H](O[C@@H]2[C@@H](CO)O[C@H](O[C@@H]3[C@@H](CO)O[C@@H](O)[C@H](O)[C@H]3O)[C@H](O)[C@H]2O)[C@H](O)[C@@H](O)[C@@H]1N[C@H]1C=C(CO)[C@@H](O)[C@H](O)[C@H]1O,,,,2.7,
CC(C)(C)c1cc(C(=O)O)cc(C(C)(C)C)c1O,,,,,2.248
CC(Oc1cc(Cl)c(Cl)cc1Cl)C(=O)O,,,,,2.6180000000000003
C1CCOC1,,,,,1.408
CN(C)C(=O)Nc1ccc(Oc2ccc(Cl)cc2)cc1,,,,,1.895
NC(=O)Cc1cc(/N=N/c2ccc(S(=O)(=O)Nc3ccccn3)cc2)ccc1O,-5.7088718,,,,
O=C1c2c(O)ccc(O)c2C(=O)c2c(NCCNCCO)ccc(NCCNCCO)c21,,,,53.0,
CN(C)C1c2ccccc2NC(=O)c2ccccc21,,,,,2.101
CCSC(=S)N(CC)CC,,,,,2.396
CCP(=S)(OC)Oc1cc(Cl)c(Br)cc1Cl,,,,,3.658
CC#CCC(C)C(O)C=CC1C(O)CC2Oc3c(CCCC(=O)O)cccc3C21,,,,,4.521
CC(C(=O)O)c1ccc2c(c1)[nH]c1ccc(Cl)cc12,,,,,3.568
CN(C)c1ccc(O)c2c1CC1CC3C([NH+](C)C)C([O-])=C(C(N)=O)C(=O)C3(O)C(O)=C1C2=O,,,1.6,,
C[C@@H]1NC(=O)[C@@H](C)N(C)C(=O)[C@@H](C)NC(=O)[C@H](C)N(C)C(=O)[C@H](C)N(C)C(=O)[C@@H](C)N(C)C1=O,-5.3000002,,,,
Cc1ccccc1-n1c(C)nc2ccccc2c1=O,,,,,3.037
CC=CCCCCCCCC(=O)OC,,,,,1.82
Cc1cccc(C)c1CCNC(N)=O,,,,,2.108
CC(C)N(CCC(C(N)=O)(c1ccccc1)c1ccccn1)C(C)C,,33.39,,7.0,3.008
Cn1c(N)c(NC(=O)NCC[NH3+])c[n+]1CC1=C(C(=O)[O-])N2C(=O)C(NC(=O)/C(=N/OC(C)(C)C(=O)[O-])c3nsc(N)n3)C2SC1,,,0.17,,
CCCC(=O)OC1=C(OC(=O)CCC)C(=O)OC1=O,,,,,1.256
CN1C(=O)CN=C(c2ccccc2F)c2cc(Cl)ccc21,,,,,2.241
Cc1cccc(N(CCO)CCO)c1,,,,,1.7990000000000002
NC(=[NH2+])N/N=C1\CCc2c(C(N)=[NH2+])cccc21,,,20.0,,
C[NH+](C)CCCOc1nn(Cc2ccccc2)c2ccccc12,,,1.53,,
O=C(O)c1cc2ccccc2cc1O,,,,,2.354
COc1ccc2c3c1OC1C(O)CCC4C(C2)N(C)CCC341,,,,,3.099
Cc1cc(=NC(=O)c2ccccc2O)n(-c2ccccc2)n1C,,,,,2.385
CC1(C)CC(NCC(=O)NC2CC(C)(C)NC(C)(C)C2)CC(C)(C)N1,,,,,1.841
COc1ccc(O)cc1,,,,,1.89
CCOC(=O)NC(=N)c1ccc2[nH]c(Cc3nc4ccccc4[nH]3)nc2c1,-6.1500001,,,,
C[C@H](Nc1ncc(F)c(Nc2cc(C3CC3)[nH]n2)n1)c1ccc(F)cn1,,91.99,,,
CCCCCCCCCCCCOC(=O)Cc1ccc(N(CCCl)CCCl)cc1,,,,,3.791
N=C(N)NCCC[C@@H](NC(=O)[C@@H](N)Cc1ccc(O)cc1)C(=O)N[C@@H](Cc1ccccc1)C(=O)N[C@@H](Cc1ccccc1)C(N)=O,-7.7600002,,,,
O=C(NC1CC[NH+](CCc2c[nH]c3ccccc23)CC1)c1ccccc1,,,4.9,,
Cc1cc(=O)oc2cc(OP(=O)(OCCCl)OCCCl)ccc12,,,,,3.432
Cc1ccc(S(=O)(=O)Oc2c(C(=O)c3ccc(Cl)cc3Cl)c(C)nn2C)cc1,,,,,1.663
CC=Cc1ccc(OC(C)=O)c(OC)c1,,,,,1.777
O=C1N=C2c3ccccc3N=CN2C1=Cc1ccccc1,,,,,2.925
CC(=O)N[C@@H](Cc1ccccc1)C(=O)N[C@H](Cc1ccccc1)C(=O)N[C@@H](Cc1ccccc1)C(N)=O,-5.764868700000001,,,,
CCP(=S)(OC)Sc1ccc(C)cc1,,,,,3.423
CCOC(=O)c1ccccc1,,,,,1.854
FC(Cl)(Cl)c1ccccc1,,,,,2.6
COP(=S)(OC)SCn1nc(-c2ccccc2)ccc1=O,,,,,1.261
ClN(Cl)c1nc(N(Cl)Cl)nc(N(Cl)Cl)n1,,,,,1.823
CC(C)[NH2+]CC(O)COc1cccc2[nH]ccc12,,,1.2,,
CCC(C)c1cc([N+](=O)[O-])cc([N+](=O)[O-])c1OC(C)=O,,,,,3.672
CC(O)(CS(=O)(=O)c1ccc(F)cc1)C(=O)Nc1ccc(C#N)c(C(F)(F)F)c1,-4.6599998,,,,
O=C(NCc1ccc(OCC(F)(F)F)nc1)C1c2ccccc2C(=O)N1CCc1ccccn1,,90.72,,,
CC1CSC(c2ccccc2OC(=O)N(C)C)S1,,,,,3.306
Nc1nnc(C=Cc2ccc([N+](=O)[O-])o2)s1,,,,,2.104
CCCCCCCCC1OC1CCCCCCCC(=O)OCC(CC)CCCC,,,,,1.125
CN1C(C(=O)Nc2ccccn2)=C(OC(=O)C(C)(C)C)c2sc(Cl)cc2S1(=O)=O,,,,,4.268
CCOP(=O)(OP(=O)(OCC)N(C)C)N(C)C,,,,,4.3660000000000005
C[C@H](Nc1ncc(Cl)c(Nc2cc(N(C)C)[nH]n2)n1)c1ncc(F)cn1,,89.49,,,
Clc1cc2oc3c(Cl)c(Cl)c(Cl)cc3c2cc1Cl,,,,,5.57
O=C(NCc1ccc(OC(F)(F)F)cc1)C1c2ccccc2C(=O)N1C1CCC(F)(F)CC1,,98.0,,,
CCCOCCOC(C)=O,,,,,1.189
Cc1cccc(C)c1N(COCC(C)C)C(=O)CCl,,,,,2.204
ON(O)NC1=NCCN1Cc1ccc(Cl)nc1,-4.6677732,,,,
CN(C)C(=O)Nc1cccc(C(F)(F)F)c1,,,,,2.185
CCN(CC)CCNc1ccc(CO)c2sc3ccccc3c(=O)c12,,,,,2.5610000000000004
CC(C)(C)C(=O)CCc1ccc(Cl)cc1,,,,,1.854
COc1ccc2cc3[n+](cc2c1O)CCc1cc2c(cc1-3)OCO2,-4.8815303,,,,
CC1(C)OC2CC3C4CCC5=CC(=O)C=CC5(C)C4(F)C(O)CC3(C)C2(C(=O)CO)O1,,,1.4,,
COc1ccc(-c2oc3cc(O)cc(O)c3c(=O)c2O)cc1,-5.1900001,,,,
OC1(c2ccc(Cl)cc2)c2ccccc2C2=NCCN21,,,,,3.895
O=C1C=CC(=O)N1c1ccccc1,,,,,2.964
CCC(C)(C)c1ccc(OP(=O)(NC)OC)c(Cl)c1,,,,,2.786
CC(C)CCC=O,,,,,1.248
CN(N=O)C1CCCCC1,,,,,3.676
CC(C(=O)O)c1ccc2c(c1)N(CCCN1CCCN(c3cc(=O)n(C)c(=O)n3C)CC1)c1ccccc1S2,-5.1599998,,,,
O=C(O)c1cc2ccccc2oc1=O,,,,,2.978
CCOP(=O)(OCC)OC(=C(Cl)Cl)c1cc(Cl)cc(Cl)c1,,,,,4.294
CN(C)Cc1ccccc1,,,,,2.708
Cc1ccc(N=C=O)cc1N=C=O,,,,,1.4780000000000002
C[C@@H]1NC(=O)[C@@H](C)NC(=O)[C@H](C)N(C)C(=O)[C@@H](C)NC(=O)[C@@H](C)N(C)C(=O)[C@H](C)NC1=O,-5.8200002,,,,
O=c1[nH]c(=O)[nH]c(=O)[nH]1,,,,,1.224
CO[C@H]1C[C@@H]2CC[C@@H](C)[C@@](O)(O2)C(=O)C(=O)N2CCCC[C@H]2C(=O)O[C@H]([C@H](C)C[C@@H]2CC[C@@H](OC(=O)C(C)(CO)CO)[C@H](OC)C2)CC(=O)[C@H](C)/C=C(\C)[C@@H](O)[C@@H](OC)C(=O)[C@H](C)C[C@H](C)/C=C/C=C/C=C/1C,,,,18.0,
CCCCC(CC)COC(CBr)c1ccccc1,,,,,3.0980000000000003
CC=CC=CCOC(C)=O,,,,,1.507
O=C1OCCO1,,,,,0.945
COC(=O)N(CCCl)N=O,,,,,3.921
CC(=O)OCN(C)N=O,,,,,3.0069999999999997
CC(C)n1c(/C=C/C(O)CC(O)CC(=O)[O-])c(-c2ccc(F)cc2)c2ccccc21,,,0.42,,
ClCCCl,,,,,2.169
N#CC1(O)CCCCC1,,,,,4.0969999999999995
CS(=O)(=O)c1ccccc1,,,,,2.026
COC(F)(F)C(Cl)Cl,,,,,1.661
CCn1cc(C(O)CN(C)C)c2ccccc21,,,,,3.463
C[C@@H]1CC[C@H]2[C@@H](C)[C@H](OC(=O)CCC(=O)O)O[C@@H]3O[C@@]4(C)CC[C@@H]1[C@@]23OO4,-5.4000001,,,0.22,
CN(C)N=Nc1nc[nH]c1C(N)=O,,,1.2,,
C=CCCC=O,,,,,2.1319999999999997
CCCCC(C)(C)O[Si](OC(C)(C)CCCC)(OC(C)(C)CCCC)OC(C)(C)CCCC,,,,,0.909
COC(=O)C(C)N(C(=O)c1ccccc1)c1ccc(F)c(Cl)c1,,,,,2.447
C=C[Si](OCC)(OCC)OCC,,,,,0.918
N#CSCCSC#N,,,,,3.46
CC(C)Cn1c(=O)n(C)c(=O)c2c(C(=O)N3CC[C@@H](O)C3)c(Cc3c[nH]c4ccccc34)sc21,,91.46,,,
CN(C)CCOc1ccccc1Cc1ccccc1,,,,,2.483
CCCCC(CC)CN,,,,,2.458
O=P(Oc1ccccc1)(Oc1ccccc1)Oc1ccccc1,,,,,1.97
Nc1cccnc1,-4.5380535,,,,
CCCCCCCC=CC=O,,,,,1.489
O=S1(=O)CC(Cl)C(Cl)C1,,,,,2.594
C1CCC2OC2C1,,,,,1.954
CCOP(=O)(OCC)Oc1cc(C)n(CC)c(=O)c1,,,,,5.252000000000001
Brc1ccc2[nH]cc(CC3CCNCC3)c2c1,,,,,4.069
O=C(CCl)CC(=O)Nc1ccccc1,,,,,2.064
CNC(=O)ON=CC(C)(C)S(C)(=O)=O,,,,,3.949
CC(C)(C)S(=O)(=O)C[C@H](Cc1ccccc1)C(=O)N[C@@H](Cc1cnc[nH]1)C(=O)N[C@H](CC1CCCCC1)[C@@H](O)[C@H](O)C1CC1,-6.1300907,,,,
Oc1c(Cl)cc(Cl)c(Cl)c1Cc1c(O)c(Cl)cc(Cl)c1Cl,,,,,3.861
CC(Cl)COP(=O)(OCC(C)Cl)OCC(C)Cl,,,,,2.508
N#Cc1ccc(Cl)c([N+](=O)[O-])c1,,,,,1.95
CC(C)NNC(=O)COc1ccc(Cl)cc1,,,,,2.645
Nc1nc(N)c2nc(-c3ccccc3)c(N)nc2n1,,,13.0,4.3,2.802
O=Cc1cccc(Oc2ccccc2)c1,,,,,2.21
CC(C)(O/N=C(\C(=O)N[C@@H]1C(=O)N2C(C(=O)[O-])=C(C[n+]3ccccc3)CS[C@H]12)c1csc(N)n1)C(=O)O,,,,1.8,
Cc1cc(C(=O)c2ccccc2)ccc1N=Cc1cccc(OCCC(C)C)c1,,,,,2.264
COc1cccc2c1C(=O)c1c(O)c3c(c(O)c1C2=O)CC(O)(C(C)=O)CC3OC1CC(N)C(O)C(C)O1,,,,,3.196
CCc1cccc(CC)c1N(COC)C(=O)CCl,,,,,2.463
O=C(O)CCCCCCCCC(=O)O,,,,,1.774
CC(Oc1ccccc1)C(=O)N[C@@H]1C(=O)N2[C@@H](C(=O)O)C(C)(C)S[C@H]12,,,,0.91,
COc1ccc(NS(=O)(=O)c2ccc(N)cc2)nn1,,,,,2.01
CC1(CCO)CCOCO1,,,,,1.22
CCCCCCCCCC=CCC1CC(=O)OC1=O,,,,,2.019
O=C(Nc1ccc(OC(F)(F)Cl)cc1)c1ccnn1CCc1ccncc1,-5.3275695,,,,
N#CCN(CC#N)CC#N,,,,,3.429
CCOP(OCC)OCC,,,,,1.715
OCC1OC(n2cnc3c(=S)[nH]cnc32)C(O)C1O,,,,,2.5
Nc1ccccc1SCc1ncon1,,,,,3.417
CC(C)(COCC1CO1)COCC1CO1,,,,,1.682
NC(=[NH2+])NC(=O)Cc1c(Cl)cccc1Cl,,,5.6,,
COc1ccc2c(O[C@@H]3C[C@H]4C(=O)N[C@]5(C(=O)NS(=O)(=O)C6CC6)C[C@H]5/C=C\CCCCN(C)C(=O)[C@@H]4C3)nc(-c3ccc(F)cc3)nc2c1,-4.6999998,,,,
Cc1c2oc3c(C)ccc(C(=O)NC4C(=O)NC(C(C)C)C(=O)N5CCCC5C(=O)N(C)CC(=O)N(C)C(C(C)C)C(=O)OC4C)c3nc-2c(C(=O)NC2C(=O)NC(C(C)C)C(=O)N3CCCC3C(=O)N(C)CC(=O)N(C)C(C(C)C)C(=O)OC2C)c(N)c1=O,,,,,5.2410000000000005
CCC(C)c1ccccc1,,,,,1.778
O=S(=O)(O)c1cccc2c(S(=O)(=O)O)cccc12,,,,,0.983
N=C(N)NCCCCCCCCNCCCCCCCCNC(=N)N,,,,,3.074
CC1CCCCN1N=O,,,,,2.33
C[C@@H]1C[C@H]2[C@@H]3CCC4=CC(=O)C=C[C@]4(C)[C@@]3(F)[C@@H](O)C[C@]2(C)[C@@]1(O)C(=O)COC1O[C@@H](CO)[C@H](O)[C@@H](O)[C@@H]1O,-6.3982739,,,,
COP(=S)(OC)Oc1ccc(SSc2ccc(OP(=S)(OC)OC)cc2)cc1,,,,,4.619
COc1cc2ncc(C(N)=O)c(Nc3cccc(Cl)c3Cl)c2cc1NCCN1CCCCC1,,97.91,,,
CCOP(=S)(OCC)SC(C(=O)OCCF)c1ccccc1,,,,,4.865
CCc1ccncc1,-3.9723473,,,,
CN1CCN(C)C1=O,,,,,1.958
CNC(=O)Oc1ccccc1C1OCC(C)O1,,,,,3.3339999999999996
O=[N+]([O-])C(F)(COCC(COCC(F)([N+](=O)[O-])[N+](=O)[O-])(N(F)F)N(F)F)[N+](=O)[O-],,,,,2.744
c1ccc(Nc2ccccc2)cc1,,,,,2.1790000000000003
CC(C(=O)OCCOCCO)c1ccc2c(c1)C(=O)Cc1ccccc1O2,,,,,3.154
C[NH+](C)CCCN1c2ccccc2CCc2cc(O)ccc21,,,6.6,,
CCCC=C1OC(=O)c2ccccc21,,,,,2.0069999999999997
CCCCOC(=O)C1CCC(C(=O)OCCCC)C1,,,,,1.619
CN[C@@H](C)C(=O)N[C@H](C(=O)N[C@H]1CCCN(CCc2ccccc2)C1)C(C)(C)C,,49.42,,,
CCC1(O)C[NH+]2CCC1CC2C(O)c1ccnc2ccc(OC)cc12,,,6.8,,
O=Cc1cccc(Br)c1,,,,,2.2159999999999997
CC(O)C1C(=O)N2C(C(=O)[O-])=C(SC3C[NH2+]C(C(=O)N(C)C)C3)C(C)C12,,,0.3,,
CC=CC(=O)OCC,,,,,1.58
CCCCCCCCc1ccc(C(CBr)OCCCC)cc1,,,,,3.17
Nc1nc2[nH]cnc2c(=S)[nH]1,,,2.89,,
Cc1cn[nH]c1,,,,,2.101
Nc1nc(OCC2CCC2)nc2c1ncn2[C@@H]1O[C@H](CF)[C@@H](O)[C@H]1O,,77.21,,,
C=C(C)C(=O)OCCN1CCCCC1,,,,,1.747
CC(C)[C@H](N)C(=O)OC[C@H]1O[C@@H](n2ccc(O)nc2=O)[C@@H](O)[C@@H]1O,-5.23,,,,
CCCCC(CC)COCCC#N,,,,,1.571
CC(C)NCC(O)COc1cccc2c1OCC(O)C2,,,,,2.184
O=C(O)Cc1ccc(-c2ccccc2F)cc1,,,,,2.557
CC[N+](=O)[O-],,,,,1.834
O=CC(Cl)=C(Cl)C(=O)O,,,,,3.228
CCC(C)=C1C(=O)N(c2ccccc2)N(c2ccccc2)C1=O,,,,,2.181
CCOC(=O)N1C(=O)NC(c2ccccc2)(c2ccccc2)C1=O,,,,,1.967
Cn1cc(NC(=O)Nc2cc(C(=O)Nc3cc(C(=O)Nc4ccc5cc(S(=O)(=O)[O-])cc(S(=O)(=O)[O-])c5c4)n(C)c3)n(C)c2)cc1C(=O)Nc1cc(C(=O)Nc2ccc3cc(S(=O)(=O)[O-])cc(S(=O)(=O)[O-])c3c2)n(C)c1,,,0.27,,
ClCCSCCCl,,,,,3.971
COCC(C)OCC(C)OCC(C)O,,,,,1.809
Cc1cccc(C(C)c2cnc[nH]2)c1C,,,1.6,,
CCCCOCN(C(=O)CCl)c1c(CC)cccc1CC,,,,,2.253
C=CC1CN2CCC1CC2C(O)c1ccnc2ccc(OC)cc12,,,,,3.091
CCOC(=O)C(=O)NP(=O)(OC)SC,,,,,2.6830000000000003
C/C=C/CC(C)C(=O)C1C(=O)NC(C(C)C)C(=O)N(C)CC(=O)N(C)C(CC(C)C)C(=O)NC(C(C)C)C(=O)N(C)C(CC(C)C)C(=O)NC(C)C(=O)NC(C)C(=O)N(C)C(CC(C)C)C(=O)N(C)C(CC(C)C)C(=O)N(C)C(C(C)C)C(=O)N1C,,,1.8,,
CN1CCC[C@@H]1Cc1c[nH]c2ccc(CCS(=O)(=O)c3ccccc3)cc12,,,,4.2,
ClCCO[SiH](OCCCl)OCCCl,,,,,3.1489999999999996
CCCC1CC(C(=O)NC(C(C)O)C2OC(SC)C(O)C(O)C2O)N(C)C1,,,,,2.609
CCOP(=O)(OCC)Oc1ccc(S(C)(=O)=O)cc1,,,,,4.789
O=[N+]([O-])c1ccc(Oc2ccc(C(F)(F)F)cc2Cl)cc1,,,,,2.502
CC#Cc1cncc(-c2cccc(C3(C4CC4)N=C(C)C(N)=N3)c2)c1,,95.01,,,
CCCCCCCCCCCCCCCC(=O)OCC=C(C)C=CC=C(C)C=CC1=C(C)CCCC1(C)C,,,,,1.822
O=C(c1ccccc1)c1ccc2n1CCC2C(=O)O,,,,5.1,
COC(C)OC,,,,,1.142
COc1cc2c(c3oc4cccc(O)c4c(=O)c13)C1C=COC1O2,,,,,3.432
CCn1cc([C@]2(c3cccc(NC(=O)c4ccc(Cl)cn4)c3)N=C(N)c3c(F)cccc32)cc(C)c1=O,,98.29,,,
O=C(c1c2ccccc2cc2ccccc12)N1CCC(N2CCC[C@@H](C(=O)N3CCOCC3)C2)CC1,,93.39,,,
O=C(Oc1ccccc1)c1ccccc1C(=O)Oc1ccccc1,,,,,1.6
CC(C)[NH2+]CC(O)COc1ccc(CCOCC2CC2)cc1,,,4.8,,
CCN(CC)c1ccc2cc(C(=O)NC3(C(=O)N[C@H](Cc4ccccc4)C(=O)NCC4CCN(CC5CCOCC5)CC4)CCCC3)sc2c1,-4.997839,,,,
Fc1c(F)c(F)c2[nH]c(C(F)(F)F)nc2c1F,,,,,4.888999999999999
CCOP(=S)(OCC)SC1CCSC1,,,,,4.1339999999999995
ClC1=C(Cl)C2(Cl)C(Cl)=C(Cl)C3C1C(Cl)CC32,,,,,1.521
O=C1OC2(c3ccc(O)cc3Oc3cc(O)ccc32)c2ccccc21,,,0.14,,
COP(=S)(OC)SCC(N)=O,,,,,2.367
Cc1cnc(Nc2cc(N3CCOCC3)nc(N[C@@H](C)c3ccc(F)cn3)n2)s1,,97.38,,,
FC(F)(F)c1nc2c(I)cc(I)cc2[nH]1,,,,,4.164
COP(=S)(OC)Oc1cc(Cl)c([N+](=O)[O-])c(Cl)c1,,,,,2.6460000000000004
Cc1c([N+](=O)[O-])cc(N)cc1[N+](=O)[O-],,,,,2.313
O=C1CCc2cc(CCCN3CCN(c4ccccc4)CC3)ccc2N1,,,,,2.844
O=C(NC[C@@H](O)CN1CCC(Oc2ccc(Cl)c(Cl)c2)CC1)c1c[nH]c(=O)c2ccc(F)cc12,,95.01,,,
CC(=NNC(=O)c1ccncc1)c1ccco1,,,,,3.319
COC(=O)C[N+](=O)[O-],,,,,1.499
ClCBr,,,,,1.413
CCCSP(C)(=S)SCC(=O)OCC,,,,,3.103
C=C1NC(N)=Nc2c1ncn2COCCOC(=O)[C@H](N)[C@H](C)CC,-5.6799998,,,,
CC(=NNCCC1CCCCC1)C(=O)O,,,,,2.611
Cc1nc(Cn2cnc3c2c(=O)n(C)c(=O)n3C)no1,,,,,2.251
Oc1ccccc1O,,,,,2.627
CC(O)CN,,,,,1.554
Cc1ccc(Cl)cc1Cl,,,,,1.544
CC(C)c1[nH]c2ccccc2c1C(=N)c1cccnc1,,,,,2.8760000000000003
CC[C@H](C)[C@H](NC(=O)[C@H](CCC(=O)[O-])NC(=O)[C@H](CCC(=O)[O-])NC(=O)[C@H](Cc1ccccc1)NC(=O)[C@H](CC(=O)[O-])NC(=O)CNC(=O)[C@H](CC(N)=O)NC(=O)CNC(=O)CNC(=O)CNC(=O)CNC(=O)[C@@H]1CCCN1C(=O)[C@H](CCCNC(N)=[NH2+])NC(=O)[C@@H]1CCCN1C(=O)[C@H]([NH3+])Cc1ccccc1)C(=O)N1CCC[C@H]1C(=O)N[C@@H](CCC(=O)[O-])C(=O)N[C@@H](CCC(=O)[O-])C(=O)N[C@@H](Cc1ccc(O)cc1)C(=O)N[C@@H](CC(C)C)C(=O)[O-],,,0.27,,
CCC(C)(C)[NH2+]CC(O)COc1ccccc1C(=O)CCc1ccccc1,,,1.2,,
CN(Sc1ccc(Cl)c(Cl)c1)C(=O)Oc1cccc2c1OC(C)(C)C2,,,,,4.202
c1ccc(-c2ccccc2)cc1,,,,,1.808
Cc1ccccc1C(=O)Nc1ccccc1,,,,,1.547
CC1OC(n2ccc(NC(=O)c3ccc(NC(=O)C(C)(N)CO)cc3)nc2=O)CCC1OC1OC(C)C(N(C)C)C(O)C1O,,,,,2.235
CNN=Nc1ccc(Cl)cc1,,,,,2.713
CCCCCCCCc1ccc(CCC([NH3+])(CO)CO)cc1,,,17.3,,
CCC(CC)NC(=O)c1nnn(-c2ccccc2)c1NS(=O)(=O)c1ccc(C)cc1,,99.28,,,
CC(C)OS(=O)(=O)OC(C)C,,,,,2.2230000000000003
Cc1cccc(CN2CCN(C(c3ccccc3)c3ccc(Cl)cc3)CC2)c1,,,,,2.349
C[NH2+]C(CC(C)C)C(=O)NC1C(=O)NC(CC(N)=O)C(=O)NC2C(=O)NC3C(=O)NC(C(=O)NC(C(=O)[O-])c4cc(O)cc(O)c4-c4cc3ccc4O)C(O)c3ccc(c(Cl)c3)Oc3cc2cc(c3OC2OC(CO)C(O)C(O)C2OC2CC(C)([NH3+])C(O)C(C)O2)Oc2ccc(cc2Cl)C1O,,,0.54,,
CCP(=S)(OC)SCSCSP(=S)(CC)OC,,,,,4.978
O=C(O)c1cc(-n2c(-c3ccccc3)cc3c2CCc2ccccc2-3)ccc1O,,,,,2.928
Cc1ccc(C(=O)C(C)CN2CCCCC2)cc1,,,,,2.228
C=CC(=O)NC(OC)C(=O)OC,,,,,1.918
Cc1cc(C)c(C2=C(OC(=O)C(C)(C)C)c3ccccc3C2=O)c(C)c1,,,,,1.639
O=C(CSc1ccccc1)N1CCN(C(=O)c2ccco2)CC1,,73.36,,,
CC(=O)NC(Cc1ccc2ccccc2c1)C(=O)NC(Cc1ccc(Cl)cc1)C(=O)NC(Cc1cccnc1)C(=O)NC(CO)C(=O)NC(Cc1ccc(O)cc1)C(=O)NC(CCCNC(N)=O)C(=O)NC(CC(C)C)C(=O)NC(CCCNC(N)=[NH2+])C(=O)N1CCCC1C(=O)NC(C)C(N)=O,,,0.39,,
CC(C)N=C1SC(=NOC(=O)N(C)SC(Cl)(Cl)Cl)C(C)(C)S1,,,,,3.2739999999999996
NC1CCCCC1N,,,,,1.399
CCN(C(C)=O)c1cccc(-c2ccnc3c(C#N)cnn23)c1,,,1.3,1.1,
C[C@H](O)C(=O)Nc1c(I)c(C(=O)NC(CO)CO)c(I)c(C(=O)NC(CO)CO)c1I,,,,2.1,
C#CCSP(=O)(NC(=O)CC)OC,,,,,2.6460000000000004
CCOP(=S)(OCC)SCSc1ccc(Cl)c(Cl)c1,,,,,3.627
CCCCC,,,,,2.256
CCOP(=O)(OCC)OC(C)=CC(=O)N(C)C,,,,,4.468999999999999
CO[Si](C)(OC)OC,,,,,1.037
Cc1ncc([N+](=O)[O-])n1CC(O)CN1CCOCC1,,,0.75,,
C=C(C)C(=O)OCCOC(=O)C(=C)C,,,,,1.779
CC(=O)OC1CC(C)CCC1C(C)C,,,,,1.415
O=C(O)Cc1ccccc1,,,,,1.7819999999999998
CCCN(CCC)CC(=O)NN=Cc1ccc([N+](=O)[O-])o1,,,,,3.2960000000000003
OC1(c2ccc(Cl)c(C(F)(F)F)c2)CCN(CCCC(c2ccc(F)cc2)c2ccc(F)cc2)CC1,,,,,3.515
CN(Sc1cc(Cl)ccc1Cl)C(=O)Oc1cccc2c1OC(C)(C)C2,,,,,4.202
N#CC(C#N)=C1SCS1,,,,,3.313
O=[N+]([O-])OCC(CO)O[N+](=O)[O-],,,,,2.107
CC=CC=CCOCCO,,,,,1.6269999999999998
NCCc1c[nH]c2ccc(O)cc12,-4.8600001,,,,
CN(C)N=Nc1ccc(C(=O)[O-])cc1,,,0.25,,
CC(Cc1ccc(C(C)(C)C)cc1)CN1CCCCC1,,,,,2.276
O=C(O)COc1ccc(Cl)cc1CN1CCN(S(=O)(=O)c2ccccc2)CC1,,96.17,,,
CC(C)N1C(=O)[C@H](NC(=O)[C@@H](Cc2ccccc2OC(F)(F)F)NC(=O)OC(C)(C)C)CCc2ccccc21,,99.7,,,
O=S(=O)(F)C1CCC(S(=O)(=O)F)C1,,,,,4.4719999999999995
CCOCN(C(=O)CCl)c1c(C)cccc1CC,,,,,2.548
CCCCCCC(N)C(=O)N[C@@H](Cc1c(C)cc(O)cc1C)C(=O)N1CCC[C@@H]1C(=O)N[C@@H](Cc1c[nH]c2ccccc12)C(=O)N[C@@H](Cc1ccccc1)C(N)=O,-6.222376799999998,,,,
COc1ccc2c(c1)N(CCN1CCC(NCc3ccc4c(n3)NC(=O)CO4)CC1)C(=O)CC2,,95.82,,,
O=S1(=O)CCCO1,,,,,3.0869999999999997
CCCCC(CC)COC(CBr)c1cccc(Cl)c1,,,,,3.143
CCNc1nc(NC(C)C(C)C)nc(SC)n1,,,,,1.93
C=CC(=O)OCCc1ccc(CC)cn1,,,,,1.62
CC(=O)OC12COC1CC(O)C1(C)C(=O)C(O)C3=C(C)C(OC(=O)C(O)C(NC(=O)OC(C)(C)C)c4ccccc4)CC(O)(C(OC(=O)c4ccccc4)C21)C3(C)C,,,2.1,,
CC=C(C(=O)NC(N)=O)C(C)C,,,,,1.277
N#CC(O)c1cccc(Oc2ccccc2)c1,,,,,2.45
OCCN(CCO)c1ccccc1,,,,,2.267
O=C(O)COc1cccc(C(=O)N2CCC(N3CCC(Oc4ccc(Cl)c(Cl)c4)CC3)CC2)c1,,98.7,,,
O=C1CCc2cc(C=CCN3CCN(c4ccc(Cl)cc4)CC3)ccc2N1,,,,,2.883
CC(C)C[C@H]1NC(=O)[C@@H](Cc2ccccc2)NC(=O)CNC(=O)[C@@H](C)NC(=O)[C@H](Cc2ccc(O)cc2)NC(=O)/C=C\c2ccccc2OC1=O,-5.880000099999998,,,,
Nc1ccc(N)c2c1C(=O)c1ccccc1C2=O,,,,,1.614
CSC(C)=NOC(=O)N(C)SN(C)C(=O)Oc1ccc(C(C)(C)c2ccc(OC(=O)N(C)SN(C)C(=O)ON=C(C)SC)cc2)cc1,,,,,3.156
Cc1ccc(S(=O)(=O)C=CC#N)cc1,,,,,2.158
C#CC(C)(CCC=C(C)C)OC(C)=O,,,,,1.305
O=[N+]([O-])OCC1CO1,,,,,2.4130000000000003
COc1cc(OC)c(S(=O)(=O)N2c3ccccc3CCC2C)cc1NC(C)=O,,97.2,,,
COc1cc(O)c2c(c1)/C=C/C[C@H](O)[C@H](O)C(=O)/C=C\C[C@H](C)OC2=O,,98.61,,,
CCOC(=O)C=Cc1ccc(Cl)cc1,,,,,2.343
CN(C)CC(Oc1ccccc1)Oc1ccccc1,,,2.8,,
COC(=O)CC(O)(CCCC(C)(C)O)C(=O)OC1C(OC)=CC23CCC[NH+]2CCc2cc4c(cc2C13)OCO4,,,1.8,,
CN(C)S(=O)(=O)c1ccc2c(c1)N(CCN1CCC(NCc3ccc4c(n3)NC(=O)CO4)CC1)C(=O)CO2,,90.72,,,
COCC[C@H](Oc1ncnc2c1cnn2-c1ccccc1Cl)C(=O)Nc1ccc(C)cn1,,95.43,,,
OCC(O)CCl,,,,,3.629
CC(C)=CCCC(C)CC(=O)O,,,,,1.814
CC1CCCC(C)N1CCCNc1n[nH]c2ccccc12,,,,,2.612
FC(Cl)(C(Cl)(Cl)Cl)C(Cl)(Cl)Cl,,,,,2.783
CCOc1cc2ncc(C(N)=O)c(Nc3ccc(C)cc3F)c2cc1N1CCN(C)CC1,,94.32,,,
CCNCc1cc([N+](=O)[O-])ccc1O,,,,,2.287
CCC(Cc1c(I)cc(I)c(N)c1I)C(=O)O,,,,,2.569
CCOC(=O)Nc1c[n+](N2CCOCC2)no1,,,1.4,,
C=COCCOC,,,,,1.418
CCN(CCNS(C)(=O)=O)c1ccc(N)c(C)c1,,,,,2.832
CCN(Cc1ccncc1)C(=O)C(CO)c1ccccc1,,,,,2.517
COP(=O)(OC)OP(=O)(OC)OC,,,,,5.138999999999999
NS(=O)(=O)Cc1noc2ccccc12,,,,,2.028
CC1OCC2C(CO1)C1(Cl)C(Cl)=C(Cl)C2(Cl)C1(Cl)Cl,,,,,3.508
CN(C)CCCN1c2ccccc2CCc2ccc(Cl)cc21,,96.26,,26.0,2.7110000000000003
COc1ccc2[nH]c([S+]([O-])Cc3ncc(C)c(OC)c3C)nc2c1,,,,0.58,
CCCC(=O)NP(=O)(OC)SC,,,,,3.228
CC(C)CC(O)CC(CC(C)C)CC(C)C,,,,,1.155
O=C(Nc1cccc(OC(F)(F)F)c1)c1nscc1NCc1ccncc1,-5.1003633000000015,,,,
CCC1(O)C(=O)OCc2c1cc1n(c2=O)Cc2c-1nc1cc3c(cc1c2CN1CC[NH+](C)CC1)OCCO3,,,4.77,,
CC(C)CC(NC(=O)C(NC(=O)c1cccc(-c2ccccc2)n1)C(C)O)B(O)O,,,0.87,,
c1ccc(N2CCNCC2)cc1,,,,,2.888
COc1ccc([N+](=O)[O-])cc1CNCCBr,,,,,4.16
NNc1ccccc1,,,,,2.76
NC(=O)C(c1ccccc1)(c1ccccc1)C1CC[NH+](CCc2ccc3c(c2)CCO3)C1,,,2.6,,
CCOP(=O)(N=C1SCC(C)S1)OCC,,,,,4.476
Cc1ccc(-c2ncc[nH]2)cc1NC(=O)c1ccc(OCc2ccccn2)cc1,,94.06,,,
CCOc1ccc2c(c1)C1(CCC(OCCN3CCOCC3)CC1)C(=O)N2S(=O)(=O)c1ccc(C(=O)NC(C)(C)C)cc1OC,,,7.0,,
CCCCCCOCCOC(=O)CCC(=O)OCCOCCCCCC,,,,,1.942
CN1Cc2ccccc2C(=O)c2cc(CC(=O)O)ccc21,,,,,2.525
Cc1cccc(NC(=S)N(C)C)c1,,,,,1.946
COc1ccccc1NC(=O)CNC(=O)Cc1ccc(C(=O)c2ccc(C)cc2)n1C,,,,,2.432
NC(=S)NC[C@H]1CN(c2ccc(C3CCS(=O)(=O)CC3)c(F)c2)C(=O)O1,-5.8880281,,,,
CCC#Cc1cncc(-c2ccc3c(c2)C2(N=C(C)C(N)=N2)[C@]2(CC[C@H](OC)CC2)C3)c1,,96.17,,,
C[C@@H]1NC(=O)[C@@H](C)N(C)C(=O)[C@H](C)N(C)C(=O)[C@@H](C)NC(=O)[C@@H](C)NC(=O)[C@H](C)N(C)C1=O,-5.8200002,,,,
CC1=C(/C=C/C(C)=C/C=C/C(C)=C/C(=O)Nc2ccc(O)cc2)C(C)(C)CCC1,,99.81,,,
O=S(=O)(Cl)CCl,,,,,2.603
O=C(CS(=O)Cc1ccco1)NCC=CCOc1cc(CN2CCCCC2)ccn1,,,,,2.539
CCOP(=O)(OCC)SCSCC,,,,,5.99
CC(O)C(=O)Nc1c(I)c(C(=O)NC(CO)CO)c(I)c(C(=O)NC(CO)CO)c1I,,,0.28,,
C=CCN(CC=C)C(=O)CSP(=S)(OCC)OCC,,,,,3.829
Cc1ccc2c(c1)c(-c1ccnc3cc(C(F)(F)F)ccc13)c(C)n2CC(=O)O,,99.64,,,
C[NH+](CCOc1ccc(NS(C)(=O)=O)cc1)CCc1ccc(NS(C)(=O)=O)cc1,,,3.3,,
COc1cc2ncc(C(N)=O)c(Nc3cccc(Cl)c3Cl)c2cc1N1CCN(C)CC1,,95.53,,,
C#CC(C)(C)N,,,,,1.7519999999999998
O=C(NC1(C(=O)N[C@H](Cc2ccccc2)C(=O)NCCCN2CCOCC2)CCCC1)c1ccc(-c2ccccc2)s1,-4.9309068,,,,
COC(=O)C1=CCC23CCC(C(C)(C=CC=C(C)C(=O)O)OC2=O)C3(OC(C)=O)CC1,,,,,3.522
CC[C@@]1(O)C(=O)OCc2c1cc1n(c2=O)Cc2cc3c(N(O)O)cccc3nc2-1,-5.198543099999998,,,,
c1ccc(C2(N3CCCCC3)CCCCC2)cc1,-4.48,,,16.0,
CN(CC(=O)NC1CC1)C(=O)c1ccc2c(c1)c1c(n2C)CCC(C2CCOCC2)C1,,96.72,,,
COc1nc(C)nc(Cl)c1NC1=[NH+]CCN1,,,1.8,,
CC1C[NH+](C2CCC(C#N)(c3ccc(F)cc3)CC2)CCC1(C(=O)[O-])c1ccccc1,,,1.17,,
CC1CCCCC1NC(=O)Nc1ccccc1,,,,,1.6669999999999998
CCOC(C1=NCC(OC)CN1)c1ccccc1,,,,,2.4530000000000003
CCCCCNCCCCC,,,,,2.765
ClCC(Cl)(Cl)C(Cl)Cl,,,,,2.4219999999999997
COc1cc(OC)c(S(=O)(=O)N2c3ccccc3CC2C)cc1NC(C)=O,,95.63,,,
CN1CCc2cc(Cl)c(O)cc2[C@@H](c2ccccc2)C1,,91.99,,,
C[C@H](CO)Nc1nc(SCc2cccc(F)c2F)nc2nc(NS(C)(=O)=O)sc12,,98.86,,,
CC(=O)[C@]1(O)Cc2c(O)c3c(c(O)c2[C@@H](O[C@H]2C[C@H](N)[C@H](O)[C@H](C)O2)C1)C(=O)c1ccccc1C3=O,,,,16.0,
C1CCN2CC3CC(CN4CCCCC34)C2C1,,,,,2.388
CN1CCN(C2=Nc3ccccc3Oc3ccc(Cl)cc32)CC1,,,,,3.3369999999999997
CC(C)C(NC(=O)c1cc(Cl)ccc1C(F)(F)F)C(=O)c1ccc([N+](=O)[O-])cc1,,98.81,,,
C=C(Cl)C(Cl)=C(Cl)Cl,,,,,2.659
C1=CCC(C2OCC3(CC=CCC3)CO2)CC1,,,,,1.655
COP(=S)(OC)SC1CCSc2ccc(Cl)cc21,,,,,3.232
Clc1ccc2nsnc2c1NC1=NCCN1,,,,2.4,2.6260000000000003
c1ccc(COCc2ccccc2)cc1,,,,,1.899
CCCSCSP(=S)(OCC)OCC,,,,,4.9910000000000005
O=C(Nc1c[nH]nc1-c1nc2ccc(CN3CCOCC3)cc2[nH]1)NC1CC1,,66.61,,,
C1COCCOCCOCCOCCO1,,,,,2.194
CNP1(=S)OCc2cc([N+](=O)[O-])ccc2O1,,,,,3.318
CC(C(O)c1ccc(O)cc1)[NH+]1CCC(O)(c2ccccc2)CC1,,,4.4,,
CC(=O)OC(c1ccccc1)C(Cl)(Cl)Cl,,,,,1.595
CCOC(=O)CC(SP(=O)(OC)OC)C(=O)OCC,,,,,3.299
ClC1=C(Cl)C2(Cl)C3CC(Cl)(Cl)CC3C1(Cl)C2(Cl)Cl,,,,,2.9139999999999997
CCOP(=S)(OCC)Oc1cc(C)[nH]n1,,,,,4.319
Nc1nc(/C(=N/O)C(=O)N[C@@H]2C(=O)N3C(C(=O)O)=C(/C=C4\CCN([C@@H]5CCNC5)C4=O)CS[C@H]23)ns1,,,,3.3,
CCOC(=O)COc1ccc(C(=O)CN2CCN(C3CCN(C(=O)OC(C)OC(C)=O)CC3)CC2=O)cc1,-4.2800002,,,,
O=C(Nc1ccc(Cl)c(C(=O)Nc2cncs2)c1)c1cccc(Cl)c1,,99.8,,,
C[C@@](C(=O)O[C@H]1C[N+]2(CC(=O)Nc3ccccn3)CCC1CC2)(c1ccccc1)N1CCCCC1,,88.35,,,
O=CCC=O,,,,,2.057
Cc1c(S(=O)(=O)c2ccc(Cl)cc2)c2cc(F)ccc2n1CC(=O)O,,99.57,,,
O=C(Nc1ccc([N+](=O)[O-])cc1)OCc1cccnc1,,,,,4.29
CCCCCCCCSC(=O)Oc1cc(Cl)nnc1-c1ccccc1,,,,,2.2840000000000003
CC(C)CCN(C)C,,,,,2.7089999999999996
CNc1nc(Cl)c(SC)c(N2CCN(C)CC2)n1,,,,,2.556
NC(=O)NC(=O)Cc1ccccc1,,,,,2.0469999999999997
CC(C)C1CCC2CC(O)CCC2C1,,,,,1.67
COCC(=O)OC1(CC[NH+](C)CCCc2nc3ccccc3[nH]2)CCc2cc(F)ccc2C1C(C)C,,,3.1,,
OCC1OC(N2CCN(C3OC(CO)C(O)C(O)C3O)CC2)C(O)C(O)C1O,,,,,1.136
CN1Cc2c(N)cccc2C(c2ccccc2)C1,,,,6.5,
CCCCc1ccc(O)c(C(=O)Nc2cccc(C(F)(F)F)c2)c1,,,,,2.13
CCCc1nn(C)c2c(=O)nc(-c3cc(S(=O)(=O)N4CCN(C)CC4)ccc3OCC)[nH]c12,-4.5100002,,,,
CCCCCc1ccccc1O,,,,,2.37
CC(=O)OCC(=O)C12OC(C)(C)OC1CC1C3CC(F)C4=CC(=O)C=CC4(C)C3(F)C(O)CC12C,,,,,4.548
C1=Nc2ccccc2Oc2ccccc21,,,,,2.54
COc1ccc(CC[NH2+]CC(O)COc2cccc(C)c2)cc1OC,,,0.67,,
OCCN(CCO)c1nc(N2CCCCC2)c2[nH+]c(N(CCO)CCO)nc(N3CCCCC3)c2n1,,,0.82,,
CN1C2CC(OC(=O)C(CO)c3ccccc3)CC1C1OC12,-4.724059099999999,,,,2.059
Nc1cc(Cl)ccc1O,,,,,2.318
CC(C)=CCO,,,,,2.0269999999999997
CCCSP(C)(=S)OP(C)(=S)SCCC,,,,,3.696
Cc1nc(-c2ccc(C)c(NC(=O)c3ccc(OCc4ccccn4)cc3)c2)c[nH]1,,96.79,,,
C[C@@H]1NC(=O)[C@H](C)N(C)C(=O)[C@@H](C)N(C)C(=O)[C@H](C)N(C)C(=O)[C@@H](C)N(C)C(=O)[C@@H](C)NC1=O,-5.2600002,,,,
O=S1(=O)CCC(NNc2ccccc2)C1,,,,,1.979
Cc1cc([N-]S(=O)(=O)c2ccc(N)cc2)no1,,,0.3,,
Nc1ccc2c(S(=O)(=O)O)cccc2c1S(=O)(=O)O,,,,,1.747
COC(=O)COc1ccc2ccccc2c1,,,,,1.888
O=c1oc2cc(O)ccc2s1,,,,,2.424
CCCCNCC,,,,,2.514
Nc1ccc(F)c(F)c1F,,,,,2.323
C=CCOC(=O)CC#N,,,,,2.893
CC1(NC(N)=O)CCCCC1,,,,,2.177
CC1(C)C(C=NOCc2ccco2)C1C(=O)OC(C#N)c1cccc(Oc2ccccc2)c1,,,,,3.689
CC(=CC(=O)O)C1CCCCC1,,,,,1.764
CS(=O)(=O)N(CCI)CCI,,,,,2.174
Clc1ccc(C(c2ccc(Cl)cc2)C(Cl)(Cl)Cl)cc1,,,,,3.61
CC1(C)S[C@@H]2[C@H](/N=C/N3CCCCCC3)C(=O)N2[C@H]1C(=O)O,,,,1.1,
CON(C)C(=O)Nc1ccc(Br)cc1,,,,,2.112
Cc1c(O)cc([N+](=O)[O-])cc1[N+](=O)[O-],,,,,3.899
O=C1OC(=O)C(OC(=O)c2ccccc2)=C1OC(=O)c1ccccc1,,,,,1.529
CC#C[C@]1(O)CC[C@H]2[C@@H]3CCC4=CC(=O)CCC4=C3[C@@H](c3ccc(N(C)C)cc3)C[C@@]21C,,99.85,,,
O=P(c1ccccc1)(c1ccccc1)N(Cc1ccccn1)Cc1ccccn1,,99.51,,,
O=C1C(Cl)=C(Cl)C(=O)c2ccccc21,,,,,3.1519999999999997
CC1(C)C2CCC1(C)C(OC(=O)CSC#N)C2,,,,,2.199
C[N+](C)([O-])c1ccc(N=Nc2ccccc2)cc1,,,,,2.04
CCOC(C1=NCC(CC)(CC)CN1)c1ccc(Cl)cc1,,,,,2.9160000000000004
CCCOC(=O)C1=C(C)NC(C)=C(C(=O)OCCC)C1C1=COCCO1,,,,,2.262
ClC(Cl)(Cl)c1ccc(C(Cl)(Cl)Cl)cc1,,,,,1.99
O=C(NCc1ccc(OC(F)(F)F)cc1)C1c2ccccc2C(=O)N1CCc1ccccn1,,96.42,,,
COCc1ccccc1,,,,,1.096
ClC(Cl)=C1C(Cl)(Cl)C(Cl)=C(Cl)C1(Cl)Cl,,,,,1.983
N#CC=CS(=O)(=O)c1ccc(Cl)cc1,,,,,2.174
CCCCCCS,,,,,1.974
CC(C)(C)C(O)(CCc1ccc(Cl)cc1)Cn1cncn1,,,,,1.963
Cc1c(O)cccc1C(=O)N[C@@H](CSc1ccccc1)[C@H](O)CN1C[C@H]2CCCC[C@H]2C[C@H]1C(=O)NC(C)(C)C,-6.1500001,,,,
CCC1(O)C(=O)OCc2c1cc1n(c2=O)Cc2cc3c(C[NH+](C)C)c(O)ccc3nc2-1,,,1.8,,
C=C(C)C(=O)Nc1ccc(Cl)c(Cl)c1,,,,,2.107
Ic1ccccc1,,,,,2.055
CCC1(C)C(=O)N(CC2CO2)C(=O)N1CC1CO1,,,,,3.0069999999999997
ClC=C(Cl)c1ccccc1,,,,,1.636
O=C(Nc1ccc(Cl)c(C(=O)Nc2cccnc2)c1)c1cccc(C(F)(F)F)c1,,99.7,,,
Clc1cc(Cl)cc(Cl)c1,,,,,2.356
CCCCC(C=O)=Cc1ccccc1,,,,,1.631
C=CCOC(=O)CCCCC,,,,,2.855
CC(C)=NOC(=O)Nc1ccccc1,,,,,2.096
CC(C)Cn1cnc2c(N)nc3ccccc3c21,,85.19,,,
O=c1c2cccnc2oc2c(Cl)cc(-c3nnn[nH]3)cc12,,,,,1.273
Cc1c(Cl)cccc1CC(Cl)C#N,,,,,2.331
c1ccc([C@H]([C@@H](c2ccccc2)N2CCCC2)N2CCCC2)cc1,,83.04,,,
COc1ccc2ncc(=O)n(CCN3CC[C@@H](NCc4ccc5c(n4)NC(=O)CO5)[C@@H](O)C3)c2c1,,94.68,,,
Cc1nnc2n1-c1ccc(Cl)cc1C(c1ccccc1)=NC2,,71.05,0.8,12.0,2.403
CC1CC(C)OP(=O)(Cl)O1,,,,,2.6860000000000004
CCN(CC)c1ccc2c(C)cc(=O)oc2c1,,,,,1.665
O=C(Cl)OCc1ccccc1,,,,,1.755
CC1C(=O)OC2C(O)C34C5CC(C(C)(C)C)C36C(OC(=O)C6O)OC4(C(=O)O5)C12O,,,0.91,,
C[C@@](C(=O)O[C@H]1C[N+]2(CCc3c[nH]c4ccccc34)CCC1CC2)(c1ccccc1)N1CCCCC1,,99.81,,,
CCSC(=O)N(CC)CC,,,,,2.605
CC=CC=CC(=O)OCC1CO1,,,,,1.466
COC(=O)Nc1ccc(S(=O)(=O)NN)cc1,,,,,2.846
CC1=CC2OC3C(O)C(O)C(C)(C2(CO)CC1O)C31CO1,,,,,3.908
CCCCC(CC)CCl,,,,,1.307
CCC(C)(O)CCc1ccccc1,,,,,1.781
Cc1cccnc1,,,,,2.367
CCCCc1nc(Cl)c(C(=O)O)n1Cc1ccc(-c2ccccc2-c2nn[nH]n2)cc1,,99.51,,,
CCCCC(CC)COCCCN,,,,,2.767
CCC(c1ccccc1)c1c(O)c2ccccc2oc1=O,,,,,3.147
Nc1ccc(Sc2ccc(N)cc2)cc1,,,,,2.381
C=CC(=O)NC(C)(C)CS(=O)(=O)O,,,,,1.584
Nc1ncn(C2OC(CO)C(O)C2O)c(=O)n1,,,0.47,,
COP(=S)(OC)Oc1ccc(Cl)c([N+](=O)[O-])c1,,,,,2.775
COC(=O)C=C(C)N,,,,,1.816
CCCCc1ccc(C(=O)O)nc1,,,,,2.572
ON=CC(O)(C#Cc1ccccc1)c1ccccc1,,,,,1.4580000000000002
CC#Cc1ccnc(-c2cc(C3(C4CC4)N=C(C)C(N)=N3)ccc2O)c1,,99.4,,,
NC(N)=O,,,,,0.851
Oc1ccc(O)cc1,,,,,2.537
O=C1OC(=O)c2cccc3cccc1c23,,,,,1.206
CCOCCOCCCO,,,,,1.3219999999999998
CN[C@@H](C)C(=O)N[C@H](C(=O)N1CC[C@H]2CC[C@H](NC(=O)c3cccc4ccccc34)[C@H]21)C(C)(C)C,,98.4,,,
CC1CCC(O)CCC/C=C/c2cc(O)cc(O)c2C(=O)OC1,-5.27,,,,
CCCOCOCC1CN(c2ccc(C(C)=O)cc2)C(=O)O1,-3.95,,,,
COC(=O)C(c1ccccc1)C1CCCCN1,,,,4.8,2.803
C[C@@H]1NC(=O)[C@H](C)N(C)C(=O)[C@@H](C)NC(=O)[C@H](C)N(C)C(=O)[C@@H](C)N(C)C(=O)[C@@H](C)NC1=O,-5.8200002,,,,
OCC(Br)C(Br)CO,,,,,2.003
CC1(C)C2CC=C(CCO)C1C2,,,,,2.271
BrCC=CCBr,,,,,3.455
O=C(CCNNC(=O)c1ccncc1)NCc1ccccc1,,,,,2.244
COc1cc2c(c(OC)c1OC)-c1ccc(OC)c(=O)cc1C(NC(C)=O)CC2,,32.88,6.1,,
C=CC(=O)OCC1CO1,,,,,2.785
COc1cccc2c(-c3c(C)n(CC(=O)O)c4ccc(C)cc34)ccnc12,,98.21,,,
CCOP(=S)(OCC)Oc1cnc2ccccc2n1,,,,,4.06
O=C(c1cc(O)c(O)c(O)c1)c1ccc(O)c(O)c1O,,,,,2.291
CC(Cc1ccccc1)N(C)Cc1ccccc1,,,,,3.175
CN1C(=O)CCS(=O)(=O)C1c1ccc(Cl)c(Cl)c1,,,,,2.468
C[C@H]1O[C@@H](n2cnc3c(N)nc(OCC4CC45CC5)nc32)[C@H](O)[C@@H]1O,,75.12,,,
CCN(CC)C(=O)c1cccc(OC)c1O,,,,,2.031
Cc1ccc(Cl)c(Nc2ccccc2C(=O)O)c1Cl,,,,,3.472
C=C(CC)C(=O)c1ccc(OCC(=O)O)c(Cl)c1Cl,,,,0.5,2.482
CC(=O)OC(c1ccc(Cl)c(Cl)c1)C(Cl)(Cl)Cl,,,,,1.527
O=[N+]([O-])c1ccc(C=NNC(=S)N2CCCCC2)o1,,,,,2.576
C[Si]1(C)OCCN(CCO)CCO1,,,,,1.781
CN(C)S(=O)(=O)CCCCCNC(=O)N(CCCl)N=O,,,,,3.119
CC(C)(C)NC(=O)NCCN1CCC(CO)(CNC(=O)c2cc(Cl)cc(Cl)c2)CC1,,82.05,,,
CCCOC(C1=NCCN1)c1ccccc1,,,,,2.795
O=C(O)c1ccccc1OP(=O)(O)O,,,,,2.296
CC(C)=CCl,,,,,1.307
Nc1c(CC(=O)[O-])cccc1C(=O)c1ccc(Br)cc1,,,0.11,,
CNC(=O)ON=C1SCOC1C(C)C,,,,,4.135
O=C(O)C1=Cc2sc(Cn3ccnc3)cc2CC1,,,,,2.141
CC(C)C(=O)OCC(=O)C12OC(C3CCCCC3)OC1CC1C3CCC4=CC(=O)C=CC4(C)C3C(O)CC12C,,,2.9,,
CCc1ccc2c(c1)C(=O)c1ccccc1C2=O,,,,,1.927
C=CCC#N,,,,,2.766
CC12CCC(C(Br)C1=O)C2(C)C,,,,,1.715
COc1ccc(N(C(=O)c2ccccc2)C(C(=O)NC2CCCC2)c2ccccc2F)c(OC)c1,,99.67,,,
CCCN1CCCC[C@H]1C(=O)Nc1c(C)cccc1C,,,,2.2,
CCC(C)c1cc([N+](=O)[O-])cc([N+](=O)[O-])c1OC(=O)OC(C)C,,,,,3.743
CCC1(CC)C(=O)C=CNC1=O,,,,,2.331
Ic1ccc(Nc2nnc(CCN3c4ccccc4Sc4ccccc43)s2)cc1,,,,,2.232
O=[N+]([O-])C(Br)(CO)CO,,,,,3.0460000000000003
CCC(O)OCCCOC,,,,,1.46
CCC(=O)NC[C@H]1CN(c2ccc(-c3nncs3)c(F)c2)C(=O)O1,-4.4308991,,,,
O=c1[nH]c2cc(Cl)c(Br)cc2o1,,,,,2.696
CC[NH+](CC)CCNc1ccc(CNC=O)c2sc3ccc(OC)cc3c(=O)c12,,,1.01,,
C=CC(=O)OC1C=CC2C3C=CC(C3)C12,,,,,1.265
Oc1c(Br)cc(Cl)cc1Cc1cc(Cl)cc(Br)c1O,,,,,2.062
CCO[Si](CCCN=C=O)(OCC)OCC,,,,,2.544
CCC(C)(C)OC(=O)Nc1ccco1,,,,,3.016
Cc1ccc(CO)cc1N(C)c1ccnc(Nc2cc(N3CCOCC3)cc(N3CCOCC3)c2)n1,,91.82,,,
CC(C)COC(=O)C=CC(=O)OCC(C)C,,,,,1.449
CCOC(C1=NCC(C)(C)CN1)c1ccc(OC)c(F)c1,,,,,2.964
CC(C)(C(N)=O)c1ccccc1,,,,,1.995
COP(=S)(OC)SC(CC(=O)OC(C)C)C(=O)OC(C)C,,,,,1.952
CO[Si](CCCn1c(=O)n(CCC[Si](OC)(OC)OC)c(=O)n(CCC[Si](OC)(OC)OC)c1=O)(OC)OC,,,,,2.557
CNC(=O)Nc1nc2ccccc2s1,,,,,2.209
O=C(C=Cc1ccccc1)OCCc1ccccc1,,,,,1.703
O=C(CF)NCc1ccc(Br)cc1,,,,,2.778
CCC(CC)CN,,,,,2.414
NCCCOCCOCCCN,,,,,1.794
CC(C)NCCCN(C)C,,,,,2.045
CN1c2ccccc2C(=O)N2CCc3c([nH]c4ccccc34)C21,-4.632256,,,,
Cc1cc(=O)[nH]o1,,,,,1.503
CCN1C(=O)NC(c2ccccc2)C1=O,,,,,2.134
[NH3+]CC1CCC(C(=O)[O-])CC1,,,0.38,,
CC[NH+](CC)CCNC(=O)c1cc(Br)c(N)cc1OC,,,3.1,,
CCC12CCCN3CCc4c(n(c5ccccc45)C(O)(C(=O)OC)C1)C32,,,,,2.47
CC(C)C(=O)OC1CCC(N2CCCCC2)CC1,,,,,1.905
Cc1cc(Nc2cnc(C#N)c(N[C@@H](C)c3ccc(F)cn3)n2)n[nH]1,,85.48,,,
CN1CCC23c4c5ccc(O)c4OC2C(N=[N+]=[N-])CCC3C1C5,,,,,3.702
Cc1ccc(S(=O)(=O)Nc2c(C(=O)N[C@@H](C)C(C)(C)C)c(C)nn2C2CCCCC2)cc1,,97.76,,,
CCOP(=S)(OCC)Oc1ccc(SC)c(C)c1,,,,,4.34
COP(=S)(OC)SCOC(C)=O,,,,,3.3939999999999997
CC1(C)C(C=C(Cl)Cl)C1C(=O)OC(C#N)c1cccc(Oc2ccccc2)c1,,,,,3.774
CNC(=O)CCS,,,,,2.213
CC(C)c1ccc(C#N)cc1,,,,,1.571
Nc1ccc(S(=O)(=O)O)c2cccc(O)c12,,,,,1.586
O=[N+]([O-])c1ccc(O)c(N=Nc2c(S(=O)(=O)O)cc3cc(S(=O)(=O)O)cc(Nc4nc(Cl)nc(Cl)n4)c3c2O)c1,,,,,1.841
NC(=O)C(O)(c1ccccc1)c1ccccc1,,,,,2.166
Oc1cc(Cl)c(Br)cc1Cl,,,,,2.253
NC(=O)c1cnc(N[C@H]2CCCNC2)c2cc(Br)sc12,,82.05,,,
CCCCOC(=O)COc1ccc(Cl)cc1C,,,,,2.449
Cc1nnc(SCC2=C(C(=O)[O-])N3C(=O)C(NC(=O)C(O)c4ccccc4)C3SC2)s1,,,0.13,,
Fc1ccc([C@@H]2CCNC[C@H]2COc2ccc3c(c2)OCO3)cc1,,89.91,,13.0,
COC1(NC(=O)C(C(=O)O)c2ccc(O)cc2)C(=O)N2C(C(=O)[O-])=C(CSc3nnnn3C)COC21,,,0.17,,
CCOC1CC(C)C=CO1,,,,,1.621
S=C(Cl)Cl,,,,,2.093
COc1ccc(Cl)cc1C1(F)C(=O)[N-]c2cc(C(F)(F)F)ccc21,,,10.0,,
C[C@H](CSN=O)C(=O)N1CCC[C@@H]1C(=O)O,-4.5,,,,
N=C(N)NCCN1CCCCCCC1,,,,,2.276
C#CC#CC/C=C\CCCCCC(C)=O,-4.492425,,,,
CC1(C)S[C@]2(C)[C@H](NC(=O)[C@H](N)c3ccccc3)C(=O)N2[C@H]1C(=O)O,-6.1023731,,,,
O=C(CCCN1CCC(O)(c2ccc(Cl)cc2)CC1)c1ccc(F)cc1,-4.71,85.48,,35.0,3.468
CCOP(=S)(OCC)ON=C(C#N)c1ccccc1,,,,,2.998
C=COC(=O)c1ccccc1,,,,,1.659
COc1cc(CC(=O)NCC(=O)N(CCC(=O)O)Cc2ccc(CO)c(CO)c2)ccc1NC(=O)Nc1ccccc1C,,,,1.6,
Oc1ccc(-c2ccccc2)cc1CN1CCCC1,,,,,3.927
CC(=C1CCOC(=O)S1)N(C=O)Cc1cnc(C)nc1N,,,,,1.608
COc1cc(C(=O)OCCCCNC(=N)N)cc(OC)c1O,,38.14,,,
CN(C)CCOCCOC(=O)C1(c2ccccc2)CCCC1,,,,,2.381
CC(=O)OC1CC(C)OC(C)O1,,,,,1.955
CCc1ccc(C(=O)c2ccccc2)c(C(=O)O)c1,,,,,1.757
CNC(=O)Oc1cccc2c1OC(C)(C)O2,,,,,3.747
CCOP(=O)(OCC)SCn1nc(Cl)c(C)cc1=O,,,,,4.083
CC(CO[N+](=O)[O-])O[N+](=O)[O-],,,,,2.822
CC(C)c1cccc(OC(=O)N(C)C(=O)CCl)c1,,,,,2.984
ClCCOP(OCCCl)OCCCl,,,,,3.431
COc1cc(-c2cc(=O)c3c(O)cc(O)cc3o2)cc(O)c1OC,-4.9499998,,,,
C[C@H](CO)Nc1nc(SCc2cccc(F)c2F)nc2nc(N)cnc12,,95.53,,,
C=CCNP(=O)(OC=C(Cl)Cl)OC1CCCCC1,,,,,3.497
CC(C)c1cccc(C(C)C)c1N=C=O,,,,,2.158
CCOC(=O)C1=CN(C(=O)CC)C2CCCC(C)N2C1=O,,,,,1.996
Nc1ccc(S(N)(=O)=O)cc1,,,,,1.645
COP(=S)(OC)Oc1nc(Cl)c(Cl)cc1Cl,,,,,2.247
NNC(=S)NN,,,,,3.691
CSCC(=O)N(C)C(=O)Oc1ccccc1OC(C)C,,,,,2.66
O=c1[nH]sc2ccccc12,,,,,2.171
CC(Oc1ccc(Cl)cc1Cl)C(=O)O,,,,,2.468
CNc1c(Br)cnc2[nH]c(-c3cnn(C4CCN(C)CC4)c3)nc12,,77.21,,,
O=C(O)c1cc(-c2ccc(F)cc2F)ccc1O,,99.79,,10.0,2.805
C[C@H]1[C@H](NC(=O)/C(=N\OC(C)(C)C(=O)O)c2csc(N)n2)C(=O)N1S(=O)(=O)O,,,,1.5,
CC(C)(Oc1ccc(CCNC(=O)c2ccc(Cl)cc2)cc1)C(=O)O,,,,,1.946
CNc1nc(NC(C)C)nc(OC)n1,,,,,1.915
CC(C)(C)C(=O)C(Cl)Cl,,,,,2.114
CCN(CC)CCN1C(=O)NC(c2ccccc2)(c2ccccc2)C1=O,,,,,2.432
CC(=O)OCC1=CCC2CC1C2(C)C,,,,,1.873
O=CCCCC=O,,,,,2.873
O=P(O)(O)CN(CC(O)CN(CP(=O)(O)O)CP(=O)(O)O)CP(=O)(O)O,,,,,2.035
COc1ccc2c(c1)C(=O)C(=O)N2CC1COc2ccccc2O1,,99.34,,,
CCC(CC)Nc1c([N+](=O)[O-])cc(C)c(C)c1[N+](=O)[O-],,,,,2.352
CNC(=O)ON=C1CSCS1,,,,,4.17
COc1ccc(C2CNC(=O)C2)cc1OC1CCCC1,,82.72,0.67,,
N#Cc1ccc(C(c2ccc(C#N)cc2)n2cncn2)cc1,,51.73,1.9,45.0,
Cc1nn(-c2ccccc2)c(NS(=O)(=O)C2CCCCC2)c1C(=O)N[C@@H](C)C(C)(C)C,,98.51,,,
FC(F)(F)C(Cl)(Cl)C(F)(F)Cl,,,,,1.199
CC1COn2c1nc1ccccc1c2=O,,,,,2.4219999999999997
CCOc1ccccc1OC(c1ccccc1)C1C[NH2+]CCO1,,,0.65,,
CC(=O)SCC(=O)Nc1nc2ccccc2s1,,,,,2.823
CNC(=O)c1cnn(C(C)(C)C)c1C#N,,,,,2.721
CCN(CCNC(=O)SCC(C)C)C(=O)SCC(C)C,,,,,2.073
CN1CSC(=S)N(C)C1,,,,,2.705
CC(C)CC(=O)O,,,,,1.7080000000000002
FCCOC(Cl)C(Cl)(Cl)Cl,,,,,4.106
COc1ccc2c(c1)c(CC(=O)Oc1cccc(C)c1)c(C)n2C(=O)c1ccc(Cl)cc1,,,,,3.66
Cc1ccc(CCOC(=O)c2cccnc2)cc1,,,,,1.838
OCC(O)CO,-4.829999900000002,,,,0.8640000000000001
COC(=O)c1cc(Oc2ccc(Cl)cc2Cl)ccc1[N+](=O)[O-],,,,,1.7280000000000002
CCC/C=C\CC/C=C/C=C/C(=O)NCC(C)C,-4.6989698,,,,
COCCCOc1ccc(-c2nccc(-c3cc4c([nH]3)C3(CCCNC3)CNC4=O)n2)cn1,-5.380000099999998,,,,
CNC(=O)Oc1ccccc1C1OCC(C)(C)O1,,,,,3.359
N=C(N)NC(=N)NCCc1ccccc1,,,,,2.499
NCCNCc1ccccc1O,,,,,1.652
O=C(CCCc1ccc2cccnc2n1)NCc1cc(-c2ccc(F)c(C(F)(F)F)c2)no1,,99.91,,,
COc1ccc(CC[NH+](C)CCCC(C#N)(c2cc(OC)c(OC)c(OC)c2)C(C)C)cc1OC,,,1.75,,
CNC(=O)ON=C1SCCSC1C,,,,,5.001
CCCCc1oc2ccc(NS(C)(=O)=O)cc2c1C(=O)c1ccc(OCCCN(CCCC)CCCC)cc1,-4.52,99.91,,,
NCC(O)c1cccc(O)c1,,,,,2.594
CC1CC(O)CC(C)(C)C1,,,,,1.641
CC(C)NCC(O)COc1ccc(NC=O)cc1,-5.4279842,,,,
Cc1cc(C)c(C)c(C)c1,,,,,1.415
CC(CC(=O)c1ccc(-c2ccc(F)cc2F)cc1)C(=O)O,,,,,3.3560000000000003
O=C(O)c1c(O)cccc1C=NOCc1ccc(Cl)cc1,,,,,2.475
c1ccc2c(c1)CC(N1CCN(c3cccc4c3OCCO4)CC1)C2,,97.38,,,
COC(=O)C1C2CC3c4[nH]c5cc(OC)ccc5c4CCN3CC2CC(OC(=O)C=Cc2cc(OC)c(OC)c(OC)c2)C1OC,,,,,2.803
CCN1C(=NP(=O)(OC)SC)OCC1C,,,,,2.504
CCOc1ccc2ccccc2c1C(=O)NC1C(=O)N2C1SC(C)(C)C2C(=O)[O-],,,0.22,,
CN(C)C#N,,,,,2.681
C#CCOC(=O)C=C(C)C=CCC(C)CCCC(C)C,,,,,1.751
O=C1CCCCC1,,,,,1.806
CC1CC(=O)NN=C1c1ccc([N-]N=C(C#N)C#N)cc1,,,0.24,,
C#CCCCC(=O)c1cc(C(C)(C)C)c(O)c(C(C)(C)C)c1,,,12.0,,
CN1CCOC(c2ccccc2)c2ccccc2C1,,,,5.0,
Fc1cc2nc(C(F)(F)F)[nH]c2cc1Cl,,,,,4.44
O=C(O)COC(C(=O)O)C(=O)O,,,,,1.694
CCCCC=C1CCCCC1=O,,,,,1.5219999999999998
COCCOc1cc2ncc(C(N)=O)c(Nc3cccc(Cl)c3F)c2cc1N1CCN(C)CC1,,60.77,,,
CCCN(CCC)c1c([N+](=O)[O-])cc(C)cc1[N+](=O)[O-],,,,,1.893
N=C(N)c1ccc2[nH]c(-c3ccccn3)nc2c1,-6.4699998,,,,
COC(C=Cc1ccccc1)OC,,,,,1.683
Cc1cccc(C)c1Nc1ncccc1C(=O)O,,,,,5.023
O=C(O)CS,,,,,2.907
CN(C(=O)c1c(O)c2ccccc2n(C)c1=O)c1ccccc1,,,,31.0,
CC(C)N(Cc1ccccc1)C(=O)C(C)(C)C,,,,,1.59
CCOC(C1=NCC(CC)(CC)CN1)c1cccc(Cl)c1,,,,,3.448
CCOC(=O)C(SP(=O)(OC)OC)c1ccccc1,,,,,3.684
Cc1ccc2c(c1)c(Sc1cccc(Cl)c1)c(C)n2CC(=O)O,,99.64,,,
CC(C)Cc1ccc(C(C)C(=O)O)cc1,,,,1.6,2.511
CN(C)N=Nc1ccc(Br)cc1,,,,,2.732
CCCCS(=O)(=O)N[C@@H](Cc1ccc(OCCCCC2CCNCC2)cc1)C(=O)O,,,,1.6,
CCNc1nc(Cl)nc(NC(C)(C)C#N)n1,,,,,3.208
CCCN(CCC)S(=O)(=O)c1ccc(C(=O)[O-])cc1,,,0.13,,
Cn1c(COP(=O)(NCCBr)NCCBr)cnc1[N+](=O)[O-],,,0.64,,
COc1cc2ncc(C(N)=O)c(Nc3ccc(F)cc3F)c2cc1NCCN1CCOCC1,,92.16,,,
O=C1C(Cl)=C(Cl)C(Cl)(Cl)C1(Cl)Cl,,,,,3.21
CC(C)Oc1cc(Nc2nc(N[C@@H](C)c3ncc(F)cn3)ncc2Cl)n[nH]1,,88.82,,,
CC(C)CCCC(C)N,,,,,2.381
COc1ccc(S(=O)(=O)Nc2nnc(CC(C)C)s2)cc1,,,,,2.7880000000000003
CC(C)CC(=O)CC1(C)CCC(c2ccoc2)O1,,,,,2.8539999999999996
C1CCC(C(CC2CCCCN2)C2CCCCC2)CC1,,98.44,,,
CN1CCN(CCOc2n[nH]c3ncnc(Nc4ccc(OCc5ccccn5)c(Cl)c4)c23)CC1,,88.35,,,
COP(=S)(OC)Oc1ccc(S(C)(=O)=O)c(C)c1,,,,,3.395
O=Cc1ccncc1,-4.1805572999999985,,,,
CC(=O)NCCO,,,,,0.583
CC(C)(C)NC(=O)[C@H]1CC[C@H]2[C@@H]3CC[C@H]4NC(=O)C=C[C@]4(C)[C@H]3CC[C@]12C,,,,6.0,
Cc1ccc(C=O)cc1,,,,,1.876
CN(C)CCCn1c2c(c3ccccc31)CCCCCC2,,,,,2.565
Cc1c(Cl)ccc(OC2CCN(C[C@H](O)CNC(=O)c3c[nH]c(=O)cc3C(F)(F)F)CC2)c1Cl,,96.65,,,
OC[C@@H]1O[C@@](O)(CO)[C@H](O)[C@H]1O[C@@H]1O[C@H](CO)[C@H](O)[C@H](O)[C@H]1O,-6.5364394,,,,
CC(=O)N[C@H](C)C(=O)NCCc1ccccc1,-4.6095328,,,,
Cc1nccn1-c1sc(Nc2cnccn2)nc1-c1cccc(C#N)c1,,95.63,,,
Nc1c(CC(=O)O)cccc1C(=O)c1ccc(Br)cc1,,,,2.6,
Cc1ccc(S(=O)(=O)Nc2c(C(=O)NC3CCCCC3)c(C)nn2-c2ccccc2)cc1,,99.86,,,
CCC1(c2ccccc2)NC(=O)N(C)C1=O,,,,,2.41
CC(c1cccnc1F)c1c(CC[NH+](C)[14CH3])sc2ccccc12,,,5.73,,
Cc1noc(C)c1-c1ccc(CNS(=O)(=O)c2c(C)noc2C)cc1,,92.48,,,
NCCCCCCN,,,,,2.19
CCOC(=O)c1ccc(N)cc1,,,,,1.735
CC(C)[C@H](NC(=O)[C@H](OCc1ccccc1)[C@H](O)[C@@H](O)[C@@H](OCc1ccccc1)C(=O)N[C@H]1c2ccccc2C[C@H]1O)C(=O)NCCF,-5.8000002,,,,
CCOP(=S)(CC)Sc1ccc(C(C)(C)C)cc1,,,,,3.3310000000000004
COC(=O)Nc1nc2cc(Oc3ccc4[nH]c(NC(=O)OC)nc4c3)ccc2[nH]1,,,,,3.2969999999999997
COc1c(C)c2c(c(O)c1C/C=C(\C)CCC(=O)O)C(=O)OC2,,98.4,,,
Oc1c(Cl)c(Cl)cc(Cl)c1Cc1c(Cl)cc(Cl)c(Cl)c1O,,,,,3.609
COCCO[Si](CCCl)(OCCOC)OCCOC,,,,,2.557
CCn1cc(C(=O)O)c(=O)c2cc(F)c(N3CCNCC3)nc21,,34.42,,5.1,
CCCC(=O)N(C)C(=O)Oc1cc(C)cc(C(C)C)c1,,,,,2.357
O=C(O)Cn1c(=O)c(=O)[nH]c2cc([N+](=O)[O-])c(-n3ccnc3)cc21,,,,0.78,
CCc1cc2c(cc1CC)CC([NH2+]CC(O)c1ccc(O)c3[nH]c(=O)ccc13)C2,,,19.4,,
C=C[Si](OC)(OC)OC,,,,,1.118
COc1cc(C(C)C)c(Oc2cnc(N)nc2N)cc1I,,95.33,,,
O=C1c2ccccc2C(=O)c2c(Nc3ccc(Oc4ccc(S(=O)(=O)O)cc4)cc3)ccc(Nc3ccc(Oc4ccc(S(=O)(=O)O)cc4)cc3)c21,,,,,1.934
CCC1(OC(C)=O)CN2CCC1CC2C(O)c1ccnc2ccc(OC)cc12,,,,,2.807
Cc1ccccc1-n1c(CF)nc2ccc(N)cc2c1=O,,,,,3.056
NC(CO)(CO)CO,,,,,1.3119999999999998
O=C(Nc1ccc(CN2CCNCC2)cc1-c1nc2ccccc2[nH]1)c1cnc2ccccc2n1,,99.91,,,
CC(C)OP(=S)(OC(C)C)SCn1nc(-c2ccccc2)ccc1=O,,,,,1.202
CCCCCCCC(=O)OCC(COC(=O)CCCCCCC)OC(=O)CCCCCCC,,,,,1.15
CC(=O)CC(c1ccccc1)c1c(O)c2ccccc2oc1=O,,99.31,,29.0,
O=NN(CCCl)C(=O)NC1CCCCC1,,,,,3.5239999999999996
O=C(CCCN1CCN2Cc3[nH]c4ccccc4c3CC2C1)c1ccc(F)cc1,,,,,2.748
CC1Oc2ccccc2CC1N(C)C,,,,,2.372
O=C=NCCCCCCNC(=O)N(CCCCCCN=C=O)C(=O)NCCCCCCN=C=O,,,,,1.383
Cc1ccc(S(=O)(=O)Nc2c(C(=O)N[C@@H](C)C(C)(C)C)c(C)nn2C(C)C)cc1,,95.43,,,
COP(=S)(OC)Oc1cc(Cl)c(Br)cc1Cl,,,,,2.359
CN(C)CCOC(=O)COc1ccc(Cl)cc1,,,,,1.996
CN1CCN(c2c(F)cc3c(=O)c(C(=O)O)cn(CCF)c3c2F)CC1,-4.8099742,,,8.6,
CCCCCC(=O)NP(=O)(OC)SC,,,,,3.981
O=C(Cn1c(Cl)cnc(NCC(F)(F)c2ccccn2)c1=O)NCc1ncccc1F,,71.99,,,
COc1cc([C@@H]2c3cc4c(cc3[C@@H](O[C@@H]3O[C@@H]5CO[C@@H](c6cccs6)O[C@H]5[C@H](O)[C@H]3O)[C@H]3COC(=O)[C@H]23)OCO4)cc(OC)c1O,,,,16.0,
CCSC(=O)COc1ccc(Cl)cc1C,,,,,2.491
Cc1c(C)c2c(c(C)c1O)CCC(C)(COc1ccc(CC3SC(=O)NC3=O)cc1)O2,,99.91,,,
COC(=O)CCc1ccc(OCC(O)C[NH2+]C(C)C)cc1,,,1.2,,
CCN(CCO)CCO,,,,,1.465
COCCC(=O)N(C)c1ccc(Nc2ncc3cc(-c4ccncc4)ccc3n2)cc1,,97.38,,,
CNC(=S)C=Cc1ccc2c(c1)OCO2,,,,,2.983
C[Si]1(C)N[Si](C)(C)N[Si](C)(C)N1,,,,,2.642
COc1cc(Nc2ncc(C)s2)nc(N[C@@H](C)c2ncc(F)cn2)n1,,89.7,,,
O=C(NCC12CC3CC(CC(C3)C1)C2)c1cc(CC2CCNCC2)ccc1Cl,,91.28,,,
CC(C)[C@@H](CC[C@@H](C)[C@H]1CC[C@H]2[C@H]3[C@H](CC[C@@]21C)[C@@]1(C)CC[C@H](NCCCNCCCCN)C[C@@H]1C[C@H]3O)OS(=O)(=O)O,,,,9.5,
Clc1cc(Cl)c(Cl)c(Cl)c1,,,,,2.097
COc1c(Cl)c(Cl)c2[nH]c(C(F)(F)F)nc2c1Cl,,,,,3.986
CC[C@H]1[C@@H]2C[C@@H]3[C@@H]4N(C)c5ccccc5[C@]45C[C@@H](C2[C@@H]5O)N3[C@@H]1O,-4.9387093,,,,
O=C(OOC(=O)c1ccccc1)c1ccccc1,,,,,1.497
N#Cc1cc([N+](=O)[O-])ccc1Cl,,,,,1.756
CC(C)NNC(=O)c1ccncc1,,,,,2.6910000000000003
C[C@@H](O)[C@H]1C(=O)N2C(C(=O)O)=C(S[C@H]3C[C@@H](C(=O)N4CC[C@H](NC(=O)CNC(=N)N)C4)N(C)C3)[C@H](C)[C@H]12,,,,1.7,
Cc1cccc(N2CCN(CCC(O)c3ccc4c(c3)CCC(=O)N4)CC2)c1C,,,,,2.8960000000000004
CCCCOCCOCCOC(=O)c1ccccc1C(=O)OCCOCCOCCCC,,,,,1.671
O=[N+]([O-])C([N+](=O)[O-])([N+](=O)[O-])[N+](=O)[O-],,,,,3.178
CCCCCCCCCCCC=O,,,,,0.904
O=[N+]([O-])c1cc(I)c(O)c(I)c1,,,,,3.362
CNC(=O)OCc1ccc(Cl)c(Cl)c1,,,,,2.0980000000000003
Cc1cc(Cl)ccc1N=CN(C)C,,,,,3.09
CN(C)C(=O)Nc1cccc(OC(F)(F)C(F)F)c1,,,,,2.345
CN(C)N=C1SC(=NOC(=O)N(C)SC(Cl)(Cl)Cl)C(C)(C)S1,,,,,5.085
O=c1[nH]c2ccc(Br)cc2o1,,,,,2.33
Cc1ccc(CC(C)N)cc1,,,,,2.998
Nc1ccccn1,,,,,2.673
CC[NH+](CC)CCNC(=O)c1ccc(NC(C)=O)cc1,,,1.9,,
CC1c2cccc(O)c2C(=O)C2=C(O)C3(O)C(=O)C(C(N)=O)=C([O-])C([NH+](C)C)C3C(O)C21,,,0.69,,
CC1=C(C(=O)O)N2C(=O)C(NC(=O)C(N)c3ccccc3)C2SC1,-6.3600001,,,,
COC(=O)c1ccccc1O,,,,,2.234
COc1ccc(CCl)cc1OC,,,,,1.599
C[C@H]([C@](O)(Cn1cncn1)c1ccc(F)cc1F)S(C)(=O)=O,,,,49.0,
CC(C)(C)NCC(O)COc1cccc2c1CC(O)C(O)C2,-5.4109998,,,,1.766
Cc1cc(CCC[N+]23CCC(CC2)[C@@H](OC(=O)[C@](C)(c2ccccc2)N2CCCCC2)C3)ccn1,,23.19,,,
CCOP(=S)(CC)Sc1ccc(Cl)c(C)c1,,,,,3.67
COC(=O)/C=C/CNC(=O)CN1C(=O)[C@@H](COC(=O)Nc2ccc(Cl)cc2C(F)(F)F)N=C(c2ccccc2)c2ccccc21,-5.420000099999998,,,,
CCN(CC)CCOc1ccc2c(c1)C(=O)c1cc(OCCN(CC)CC)ccc1-2,,48.27,,,
CNc1cc2[nH]c(=O)n(-c3ccc(NC(=O)NS(=O)(=O)c4ccc(Cl)s4)cc3)c(=O)c2cc1F,,99.58,,,
S=C=Nc1cccc2ccccc12,,,,,2.967
CC(C)C(=O)OCc1ccccc1,,,,,1.796
CNC(=O)C(C)SCCSP(=O)(OC)OC,,,,,3.652
C=CC(=O)OCCCC,,,,,2.154
COP(=O)(OC)Oc1ccc(SC)cc1,,,,,4.55
CC(=Nc1c(I)cc(I)c(C(=O)NCC(C)C(=O)O)c1I)N1CCOCC1,,,,,1.676
C[C@@H]1NC(=O)[C@@H](C)NC(=O)[C@@H](C)N(C)C(=O)[C@H](C)N(C)C(=O)[C@H](C)N(C)C(=O)[C@@H](C)N(C)C1=O,-5.3000002,,,,
Cc1ccc([N+](=O)[O-])c([N+](=O)[O-])c1,,,,,2.354
CCCCCl,,,,,1.54
CC(C)(C)N1CCC(c2ccccc2)(c2ccccc2)CC1,,,,,3.25
CNC(=O)ON=C1SCSC1C,,,,,5.37
O=CC1=CCCCC1,,,,,2.021
CCCOC(=O)OOC(=O)OCCC,,,,,1.783
CCOP(=S)(OCC)OCCS(=O)(=O)CC,,,,,3.509
Cc1cc(=O)[nH]c(=O)[nH]1,,,,,0.291
CCCCNC(=S)N(CCCC)CCCC,,,,,1.911
CC(=O)Nc1ccc2c(c1)c(-c1cc(NC3CC3)n3ncc(C#N)c3n1)cn2CCO,,98.21,,,
CNc1snc2ccccc12,,,,,2.613
CCOP(=S)(NC(C)CC)Oc1cc(C)ccc1[N+](=O)[O-],,,,,2.92
CC(O)CC(C)(C)O,,,,,1.504
COCCc1ccccc1,,,,,1.521
Nc1ncnc(Nc2cccc(Cl)c2)n1,,,,,2.744
CCCNC(=N)C(OCC)c1ccccc1,,,,,2.619
CC1(C)C(/C=C/C=C/C=C/C=C2\N(CCCCS(=O)(=O)[O-])c3ccc4ccccc4c3C2(C)C)=[N+](CCCCS(=O)(=O)[O-])c2ccc3ccccc3c21,,,0.04,,
c1cc(-c2ccc3nc(Nc4ccc(OCCN5CCCC5)cc4)ncc3c2)ccn1,,97.2,,,
CCCCCCCCOP(OCC(CC)CCCC)Oc1ccccc1,,,,,1.7380000000000002
c1nc[nH]n1,,,,,1.596
CC[N+](C)(C)c1cccc(O)c1.[Br-],,,,1.8,
CN(N=O)C(=N)N[N+](=O)[O-],,,,,3.213
CC(=O)CC(c1ccc(Cl)cc1)c1c(O)c2ccccc2oc1=O,,,,,3.263
Cc1ccc(C(F)(F)CNc2ccc(C#N)c(CC(=O)NCCONC(=N)N)c2F)nc1,-6.188375,,,,
Cc1cc(Nc2nc(O[C@@H](C)c3ccc(F)cn3)c(C#N)nc2C)n[nH]1,,94.06,,,
Cc1nn(-c2ccc(F)cc2)c(NS(=O)(=O)c2ccc(C#N)cc2)c1C(=O)N[C@@H](C)C(C)(C)C,,95.63,,,
CCCCCCCC(=O)N[C@@H](CCN)C(=O)N[C@H](C(=O)N[C@@H](CCN)C(=O)N[C@H]1CCNC(=O)[C@H]([C@@H](C)O)NC(=O)[C@H](C)NC(=O)[C@H](CCN)NC(=O)[C@H](CC(C)C)NC(=O)[C@@H](Cc2ccccc2)NC(=O)[C@H](CCN)NC1=O)[C@@H](C)O,,86.85,,,
COc1cc2ncnc(Nc3ccc(F)c(Cl)c3)c2cc1OCCC[NH+]1CCOCC1,,,23.0,,
CCC(C)CC(CC)Nc1ccc(NC(CC)CC(C)CC)cc1,,,,,2.142
CCOP(=S)(OCC)Oc1cc(Cl)c(I)cc1Cl,,,,,3.498
N#CCCOCCCCOCCC#N,,,,,1.6909999999999998
O=C(O)c1ccccc1Nc1cccc(Cl)c1CO,,,,,2.063
CN1CCc2cccc3c2[C@H]1Cc1ccc(O)c(O)c1-3,,,,0.68,
COCCNc1nc(NCc2ccccc2F)c2sccc2n1,,97.2,,,
CCOCCOCCO,,,,,1.3869999999999998
CCC[C@H](NC(=O)C1[C@H]2CCC[C@H]2CN1C(=O)[C@@H](NC(=O)[C@@H](NC(=O)c1cnccn1)C1CCCCC1)C(C)(C)C)C(=O)C(=O)NC1CC1,-5.3200002,,,,
O=[N+]([O-])N1CN([N+](=O)[O-])CN([N+](=O)[O-])CN([N+](=O)[O-])C1,,,,,1.659
CC(=O)CC(=O)Nc1ccc(C)cc1C,,,,,1.835
CCN(CC)C(O)c1c(C)[nH]n(-c2ccccc2)c1=O,,,,,2.571
C[C@@H](NC1=CC(=O)CNC1)c1ccc(Nc2ncc3cc(-c4ccncc4)ccc3n2)cc1,,96.42,,,
CCCCSC(=Nc1cccnc1)SCc1ccc(C(C)(C)C)cc1,,,,,2.14
SCCc1cnccn1,,,,,2.948
Cc1ccc(Nc2nccc(N(C)c3ccc4c(C)n(C)nc4c3)n2)cc1S(N)(=O)=O,,,0.16,,
CCOP(=S)(OCC)Oc1cc(C)nc(C(C)C)n1,,,,,3.664
Nc1cc(Cl)c(N)c(Cl)c1,,,,,2.403
CCC1CCCC(CC)C1N,,,,,2.995
O=[N+]([O-])c1ccc(C=NO)cc1,,,,,2.965
CCOc1ccccc1N1CCN(CCCCc2ccc3c(c2)CCC(=O)N3)CC1,,,,,2.911
CCSCCCl,,,,,2.694
Cc1cn(C2C=CC(CO)O2)c(=O)[nH]c1=O,,,0.67,,1.749
CCCSC(=O)Cl,,,,,2.089
CCN1CCC[C@H]1CNC(=O)c1cc(Br)cc(OC)c1OC,,45.98,,,
CCCCCCCC(=O)Oc1ccc(C)cc1,,,,,2.166
Cc1nc(C)c(-c2ccc([C@H]3CC[C@H](CC(=O)NS(C)(=O)=O)CC3)cc2)nc1C(N)=O,,89.05,,,
C=C(C)C(=O)OCC(C)O,,,,,1.11
CCNC(C)Cc1cccc(C(F)(F)F)c1,,,,,3.25
CNC(=O)Oc1ccc(C)c(C)c1C,,,,,2.784
COc1ccc(-c2cc(O)nc(N)n2)cc1C#N,,87.37,,,
O=C1CCC(C(=O)NC2CC2c2ccccc2)N1,,,,,3.406
CNCCC=C1c2ccccc2CCc2ccccc21,,86.85,,30.0,2.72
O=CNC(N1CCOCC1)C(Cl)(Cl)Cl,,,,,2.4219999999999997
CCOC(=O)C(Br)CBr,,,,,3.035
N#Cc1ccc2c(c1)N(CCCN1CCC(O)CC1)c1ccccc1S2,,,,,2.966
CO/N=C(\C(=O)NC1C(=O)N2C(C(=O)[O-])=CCSC12)c1csc(N)n1,,,0.2,,
Clc1ccc2c(c1)NC(N1CCNCC1)=c1ccccc1=N2,-4.6799998,,,,
C[NH+](C)C1C([O-])=C(C(N)=O)C(=O)C2(O)C([O-])=C3C(=O)c4c(O)ccc(Cl)c4C(O)C3CC12,,,1.3,,
CC1C(=O)CC2(C(C)C)CC12,,,,,2.484
CCCCC(CC)COC(=O)COc1cc(Cl)c(Cl)cc1Cl,,,,,2.867
C=CC=CC=CCCCCC,,,,,1.298
Cn1c(N2CCCN(CCCN3c4ccccc4Sc4ccc(/C=C/C(=O)O)cc43)CC2)cc(=O)n(C)c1=O,-4.6493707,,,,
CC(C)C[C@H](CO)Nc1nc(SCc2ccccc2)nc2[nH]c(=O)sc12,,99.8,,,
FC(F)(F)c1ccccc1,,,,,0.989
CC(C)N1CCC(N(C(=O)Cc2ccccc2)c2ccc(Cl)cc2)CC1,,71.05,,6.5,2.9730000000000003
CC1OC(OC2C(CO)OC(OC(C(O)CO)C(O)C(O)C=O)C(O)C2O)C(O)C(O)C1NC1C=C(CO)C(O)C(O)C1O,,,0.32,,
CCN(C)CCC(CC=C(C)C)(C(N)=O)c1cccc2ccccc12,,,,,3.678
CCOC(=O)C(CCc1ccccc1)NC1CCc2ccccc2N(CC(=O)O)C1=O,,95.91,,,
CCCSP(=O)(OC)SCCC,,,,,4.526
S=C1SSC2=NCCN12,,,,,2.6660000000000004
CCOCC(C)O,,,,,1.374
C=C1CCC(O)CC1=CC=C1CCCC2(C)C1CCC2C(C)C=CC(C)C(C)C,,,,,3.85
CC(C)(C)NCC(O)c1ccc(O)c(CO)c1,,22.79,,2.4,2.559
CC(C)S(=O)(=O)n1c(N)nc2ccc(/C(=C/C(N)=O)c3cc(F)c(F)c(F)c3)cc21,-4.329999900000002,,,,
O=C1CCCN1CCCCN1CCN(c2cc(C(F)(F)F)ccn2)CC1,-4.7399998,,,,
CN[C@@H](C)C(=O)N[C@H](C(=O)N[C@H]1CCCN(CCc2ccc(F)cc2)C1)C(C)(C)C,,92.16,,,
C#CCN1C(=O)CN=C(c2ccccc2)c2cc(Cl)ccc21,,,,,1.725
c1ccc(N(CC2CO2)CC2CO2)cc1,,,,,2.103
CC1=C[C@@H]2O[C@@H]3[C@@H](O)C[C@](C)([C@]34CO4)[C@]2(CO)[C@@H](O)C1=O,-5.3005152,,,,
Cn1c(CNc2ccc(C(=N)N)cc2)nc2cc(C(=O)N(CCC(=O)O)c3ccccn3)ccc21,,47.12,,,
CN(C)CCOc1cc(NS(=O)(=O)c2c(Cl)cc(C(F)(F)F)cc2Cl)ccc1Cl,,99.71,,,
Cc1cc(C(C)(C)C)c(O)c(C)c1CC1=NCCN1,,,,,5.513
CCCCOc1cccc(NC(=O)OCCN2CCCC2)c1,-4.5900002,,,,
COc1cc(Nc2nc3c(c(COC4CCCC4)n2)COCC3)ccc1-n1cnc(C)c1,,99.01,,,
COCC(=O)NP(=O)(OC)SC,,,,,3.028
COc1cc(C(=O)N2CCOCC2)cc(OC)c1OC,,,,,2.194
Clc1cccc(N2CCNCC2)c1,,,,4.7,
COc1cc(C(=O)NCc2ccc(OCCN(C)C)cc2)cc(OC)c1OC,-4.96,,,,
CNC(=O)c1snnc1-c1ccccc1,,43.7,,,
CC(C)N(C(=O)SCC(Cl)=C(Cl)Cl)C(C)C,,,,,2.5810000000000004
CC(=O)Oc1ccccc1C(=O)OC(=O)c1ccccc1OC(C)=O,,,,,2.1919999999999997
ClCNc1cc(Cl)ccc1Oc1ccc(Cl)cc1,,,,,2.62
CC=CCOC(CC)OCC=CC,,,,,1.935
CCOP(=S)(OCC)Sc1nc(C)cc(C)n1,,,,,3.695
CCc1cccc(C)c1N,,,,,2.184
CCC(CC)NC(=O)c1c(C)nn(-c2ccccc2)c1NS(=O)(=O)c1ccc(C)cc1,,99.51,,,
CCOc1ccc(-c2ccccc2)cc1CN1CCCC1,,,,,3.972
Nc1ccc(N=Nc2ccccc2)c(N)c1,,,,,2.109
C[NH+](C)CC(c1ccc(O)cc1)C1(O)CCCCC1,,,3.5,,
CN(C)C(=O)C=Cc1ccc2c(c1)OCO2,,,,,3.472
Cn1c(N2CCN(CCCN3c4ccccc4Sc4ccc(CC(=O)O)cc43)CC2)cc(=O)n(C)c1=O,-4.9099998,,,,
CCOP(=S)(OCC)Oc1ccc(N=C=S)cc1,,,,,3.082
COC(=O)Cc1cccc2ccccc12,,,,,2.023
O=P([O-])([O-])C(O)(Cn1ccnc1)P(=O)([O-])O,,,0.6,,
O=CC1CC=CCC1,,,,,1.651
C[C@H]1C(=O)N[C@H](C)C(=O)N(C)[C@H](C)C(=O)N(C)[C@@H](C)C(=O)N(C)[C@H](C)C(=O)N(C)[C@@H](C)C(=O)N1C,-5.3000002,,,,
O=C(c1ccccc1)c1ccc2n1CCC2C(=O)[O-],,,0.11,,
CN1CCN(CCCCCCCCNC(=O)Oc2ccc3c(c2)C2(C)CCN(C)C2N3C)CC1,,,,,4.231
CC=CCl,,,,,1.594
CN(C)C(=O)c1ccccc1O,,,,,1.856
CCOP(=S)(Oc1cnn(C)c(=O)c1Cl)OC(C)C,,,,,3.4610000000000003
CO[C@@H]1CN(CCn2c(=O)ccc3ccc(C#N)cc32)CC[C@H]1NCc1ccc2c(n1)NC(=O)CO2,,72.45,,,
NCCOCCO,,,,,1.269
Cc1cccc([C@H](C)c2c[nH]c(=S)[nH]2)c1C,,83.04,,,
C=C[Si](Cl)(Cl)CC,,,,,1.739
CCOc1ccccc1N1CCN(CC=Cc2ccc3c(c2)CCC(=O)N3)CC1,,,,,2.8939999999999997
O=c1nc(O)ccn1[C@@H]1O[C@H](CO)[C@@H](O)[C@@H]1O,-6.0999999,,,,
O=C(O)Cc1ccccc1Nc1c(Cl)cccc1Cl,-4.460681,99.68,,1.4,3.676
CCCCCOP(=O)(OCCCCC)OCCCCC,,,,,1.12
CCOC(=O)C=Cc1ccc2c(c1)OCO2,,,,,2.366
CC(=Cc1ccccc1)C=C1SC(=S)N(CC(=O)O)C1=O,,,,,4.78
CC(Br)(CCl)CBr,,,,,2.506
CCCCCCCCC=CCCCCCCCC(=O)N(CCO)CCO,,,,,1.474
CCCCC(=O)CC,,,,,1.617
CCCCOC(=O)C=CC(=O)OCCCC,,,,,1.787
CO[C@H]1C[C@]2(C)C3CC[C@]4(C)[C@@H]([C@@](C)(O)[C@H](O)CCC(C)C)CC[C@@]4(O)C3=CC(=O)[C@@H]2C[C@H]1O,-4.6999998,,,,
CCCP(=O)(OC)SC,,,,,3.828
CC(=O)Nc1ccncc1,,,,,2.485
CCOC(=O)/C=C/[C@H](C[C@@H]1CCNC1=O)NC(=O)[C@@H](CC(=O)[C@@H](NC(=O)c1cc(C)on1)C(C)C)Cc1ccc(F)cc1,,83.04,,,
CCCn1cnc2c1c(=O)n(CCCCC(C)=O)c(=O)n2C,,,,,2.513
CNP(=O)(OC)Oc1ccc(C(C)(C)C)cc1Cl,,,,,2.802
COC(N)=O,,,,,1.4780000000000002
C[C@@H](NC(=O)C1CCCCN1C)c1ccc(Nc2ncc3cc(-c4ccncc4)ccc3n2)cc1,,96.17,,,
CC[C@@]1(O)C(=O)OCc2c1cc1n(c2=O)Cc2cc3c(N)cccc3nc2-1,,,,7.0,
C/C=C/C[C@@H](C)[C@@H](O)[C@H]1C(=O)N[C@@H](CC)C(=O)N(C)CC(=O)N(C)[C@@H](CC(C)C)C(=O)N[C@@H](C(C)C)C(=O)N(C)[C@@H](CC(C)C)C(=O)N[C@@H](C)C(=O)N[C@H](C)C(=O)N(C)[C@@H](CC(C)C)C(=O)N(C)[C@@H](CC(C)C)C(=O)N(C)[C@@H](C(C)C)C(=O)N1C,,,,7.3,
CCCCOCCOCCOCCCC,,,,,1.7480000000000002
CCC(C)c1ccc(O)cc1,,,,,1.788
c1ccc([C@@H]([C@H](c2ccccc2)N2CCCC2)N2CCCC2)cc1,,83.04,,,
CNc1c(Cl)cnc2[nH]c(-c3ccc(OCCN4CCOCC4)cc3)nc12,,98.09,,,
NC(=O)OCCCc1ccccc1,,,,,2.208
C=CC(=O)OCCSC,,,,,2.0580000000000003
O=[N+]([O-])c1ccc(CCl)cc1,,,,,1.977
N#CC(Cl)CS(=O)(=O)c1ccccc1,,,,,2.6289999999999996
CC(C)c1cc([N+](=O)[O-])cc([N+](=O)[O-])c1O,,,,,3.555
CS(=O)(=O)c1ccc2c(c1)N(CCCN1CCC(C(N)=O)CC1)c1ccccc1S2,,,,,2.659
BrC(Br)Br,,,,,2.343
CC(=O)C1(O)CCC(c2ccccc2)CC1,,,,,1.436
O=C1CN=C(c2ccccc2F)c2cc(Cl)ccc2N1CC1CC1,,,,,1.5319999999999998
C=CCOCC=C,,,,,2.487
CN(C)C(=O)NC1CC2CCC1(Cl)C2,,,,,2.219
C=CC(=O)Nc1cccc(CN2C(=O)N(c3c(Cl)c(OC)cc(OC)c3Cl)Cc3cnc(NCCCCN(CC)CC)nc32)c1,,98.0,,,
COc1cnc(NS(=O)(=O)c2ccc(N)cc2)nc1,,,,,1.669
O=C(C1CCN(c2nnc(-n3cccc3)s2)CC1)N1CCN(Cc2ccc3c(c2)OCO3)CC1,,95.53,,,
CNC(=O)ON=C1SC(C)C(=O)NC1(C)C,,,,,5.443
C[N+](C)(Cc1ccc(NC(=O)c2ccc(Cl)c(Cl)c2)cc1)C1CCOCC1,,82.05,,,
Nc1ccc(Oc2ccc(S(=O)(=O)c3ccc(Oc4ccc(N)cc4)cc3)cc2)cc1,,,,,3.2939999999999996
CCCSc1nc(N[C@@H]2C[C@H]2c2ccccc2)c2nnn([C@@H]3C[C@H](CO)[C@@H](O)[C@H]3O)c2n1,,99.23,,,
N#CSC=CSC#N,,,,,3.266
CCCCCCC(=O)O,,,,,1.269
Cc1onc(-c2c(Cl)cccc2Cl)c1C(=O)NC1C(=O)N2C1SC(C)(C)C2C(=O)[O-],,,0.11,,
CC12C=CC(=O)C=C1CCC1C2C(O)CC2(C)C1CCC2(O)C(=O)CO,,,0.86,,
CCCc1c(O)cccc1O,,,,,2.529
CC(C)(O)CCc1ccccc1,,,,,1.873
CN(C)C(=O)N(C)C,,,,,2.165
CCN(CC)CCN,,,,,1.6130000000000002
O=C(Cc1ccc(Oc2ccccc2)cc1)NO,,98.0,,,
Nc1ncnc2c1ncn2[C@@H]1O[C@H](CSCCCNC(=O)Nc2ccc(Cl)cc2)[C@@H](O)[C@H]1O,,91.64,,,
CCCCC(=O)OCC(=O)C1C(C)CC2C3CC(F)C4=CC(=O)C=CC4(C)C3(F)C(O)CC21C,,,,,2.189
c1ccc(-n2cncn2)cc1,,,,,2.333
Cc1ccc(C(=O)N(CCCN)[C@H](c2nc3cc(Cl)ccc3c(=O)n2Cc2ccccc2)C(C)C)cc1,,99.19,,,
CCCCNCC1COc2cccc(OCC)c2O1,,,,,2.8819999999999997
COP(=S)(OC)SCn1nc(Cl)c(C)cc1=O,,,,,3.685
CC(CN1CCN(CCOCCO)CC1)CN1c2ccccc2Sc2ccccc21,,,4.06,,3.029
Cc1ccc(S(=O)(=O)NC(=O)N[C@H]2[C@H]3CC[C@@](C)([C@H]2O)C3(C)C)cc1,,,0.27,,
CC(C)CCC(C)Nc1ccc(Nc2ccccc2)cc1,,,,,2.129
Cc1cn([C@H]2CCCN(Cc3ccc(C(=O)O)c(Oc4cccc(F)c4)c3)C2)c(=O)[nH]c1=O,,91.82,,,
CCCc1nnc(CSP(=S)(OCC)OCC)o1,,,,,3.827
CC(=O)OC1CCCCC1,,,,,1.325
CCn1cc(C(=O)[O-])c(=O)c2cc(F)c(N3CC[NH+](C)CC3)cc21,,,1.5,,
O=C(O)c1c(O)c(Cc2ccc(Cl)cc2)nc2c3c(ccc12)CCCC3,,99.93,,,
CNC(=C[N+](=O)[O-])NCCSCc1csc(CN(C)C)n1,,,,1.5,2.302
CCC(C)C(N)C(=O)OC[C@@H]1O[C@H](n2cc(F)c(=O)[nH]c2=O)C[C@H]1O,-5.5908804000000005,,,,
c1ccc2[nH]c(SN3CCCCC3)nc2c1,,,,,2.437
O=C=NCc1ccc(CN=C=O)cc1,,,,,1.621
Nc1nc2cc(Br)ccc2o1,,,,,2.3280000000000003
CC(C)CCN1C(=O)c2ccccc2C1=O,,,,,1.793
CCCCCCCCCc1ccc(C)cc1O,,,,,1.768
CCC(=O)N(c1ccccc1)C1CCN(CCc2ccccc2)CC1,,,,3.0,4.272
CCC(C)(C)C1CCC(=O)CC1,,,,,1.554
CC(C)OC(=O)C=CC(=O)OC(C)C,,,,,1.79
CC(NC(C)(C)C)C(=O)c1cccc(Cl)c1,-3.9519544,45.98,,,
CCC[C@@H]1C[C@@H](C(=O)N[C@H]([C@H](C)Cl)[C@H]2O[C@H](SC)[C@H](O)[C@@H](O)[C@H]2O)N(C)C1,,,,2.1,
Cc1ccc(S(=O)(=O)Nc2c(C(=O)N[C@@H](C)C(C)(C)C)c(C)nn2C2CCC2)cc1,,98.17,,,
OCCNCCc1ccccc1,,,,,1.946
CNC(=O)ON=C(SC)C(=O)N(C)C,,,,,4.9430000000000005
O=NN(CC(F)(F)F)CC(F)(F)F,,,,,2.845
FC(F)(F)c1nc2c(Br)c(Cl)c(Cl)cc2[nH]1,,,,,5.18
COP(=S)(OC)SC(CBr)N1C(=O)c2ccccc2C1=O,,,,,3.339
Cc1ccc(N2C(=O)C=CC2=O)cc1,,,,,2.421
CCCCCCCCCCCCCCCCCC(O)c1ccc(C(=O)O)c(Cl)c1,,,,,1.929
CC(C)=CCC(CCN1CCOCC1)(C(N)=O)c1cccc2ccccc12,,,,,3.3160000000000003
CCCCCCCCCCCCCOCCOCCOCCOCCOCCOCCO,,,,,2.521
COc1ccc2c(c1)c(CC(=O)O)c(C)n2C(=O)c1ccc(Cl)cc1,-4.6900001,,,1.4,5.17
Cc1cc(Nc2nc(N[C@@H](C)c3ccc(F)cn3)c(C#N)cc2F)n[nH]1,,94.68,,,
COc1ccc(CC2c3cc(OC)c(OC)cc3CC[N+]2(C)CCC(=O)OCCCCCOC(=O)CC[N+]2(C)CCc3cc(OC)c(OC)cc3C2Cc2ccc(OC)c(OC)c2)cc1OC,,,0.14,0.31,
Cc1sc2c(c1C)C(c1ccc(Cl)cc1)=N[C@@H](CC(=O)OC(C)(C)C)c1nnc(C)n1-2,,99.14,,,
CN(N=O)c1ccccn1,,,,,3.359
CN(C)P(=S)(Cl)n1ccnc1,,,,,5.446000000000001
OC(CCN1CCCCC1)(c1ccccc1)C1CC2C=CC1C2,,,,24.0,2.6180000000000003
CN(C)C=C1C(=O)N(c2ccccc2)N=C1c1ccccc1,,,,,2.515
CCN(Cc1cccc2ccccc12)c1cc(N2CCOCC2)nc(=O)[nH]1,,96.42,,,
COc1ccc(C(=CC(=O)N2CCOCC2)c2ccc(Cl)cc2)cc1OC,,,,,1.998
Cc1ccc2c(c1)c(-c1ccnc3c(Cl)cccc13)c(C)n2CC(=O)O,,99.44,,,
CN[C@@H](C)C(=O)N[C@H](C(=O)N[C@H]1CCCN(CCc2ccccc2)C1)C1CCCCC1,,67.12,,,
COP(=S)(OC)SC(C(=O)OC(C)C)c1ccccc1,,,,,3.213
COC12CC(COC(=O)c3cncc(Br)c3)CN(C)C1Cc1cn(C)c3cccc2c13,,,,,2.609
CC(C)c1ccc(/C=N/NC(=O)c2ccc(O)cc2)cc1,,94.32,,,
CN1C(=O)C(O)N=C(c2ccccc2)c2cc(Cl)ccc21,,,,,2.177
OC(CCN1CCCC1)(c1ccccc1)C1CCCCC1,,,,12.0,
CCOC(=S)C=Cc1ccc(OC)cc1,,,,,2.378
COCCC(=O)Nc1ccc(Nc2ncc3cc(-c4ccncc4)ccc3n2)cc1,,98.21,,,
Cc1ccc(OP(=O)(Oc2ccccc2)Oc2ccccc2)cc1,,,,,2.38
Cc1cccc(C(=O)Nc2nnn[nH]2)n1,,,,,2.31
C=C(C)CNc1ccc(C(C)C(=O)O)cc1,-4.3400002,,,,2.6010000000000004
CN(Cc1cnc2nc(N)nc(N)c2n1)c1ccc(C(=O)N[C@@H](CCC(=O)O)C(=O)O)cc1,,46.55,,3.9,
CSCCC=O,,,,,1.374
CCCOCCN(C(=O)CCl)c1c(CC)cccc1CC,,,,,2.1519999999999997
Cc1ccc(-c2cc(C(=O)NCc3cn(C)nc3C)c3cc(Br)ccc3n2)cc1,,99.37,,,
COC(=O)C1=C(C)NC(C)=C(C(=O)OCC(C)C)C1c1ccccc1N(O)O,-4.6999998,,,,
COc1ccc2nc(C)cc(OCC(=O)NCc3ccccc3)c2c1,,99.01,,,
C=CC(=O)OC1CCCCC1,,,,,1.246
CCC1=CC2CN(CCc3c([nH]c4ccccc34)C(C(=O)OC)(c3cc4c(cc3OC)N(C)C3C(O)(C(=O)OC)C(OC(C)=O)C5(CC)C=CCN6CCC43C65)C2)C1,,,12.0,,
CNC(=O)OCc1cccc(COC(=O)NC)n1,,,,,2.314
O=C(O)C=CC(=O)OCCO,,,,,1.814
CCOS(=O)(=O)OCC,,,,,2.244
CCCC(=O)C(CC)Cc1ccccc1,,,,,1.6669999999999998
CCCCN(CCCC)C(=O)SCc1ccccc1,,,,,1.6980000000000002
CC(=O)OCCCl,,,,,4.088
COc1ccc2c(=O)cc(-c3ccccc3)oc2c1,-4.6479459,,,,
O=C(O)C1CC=CCC1,,,,,1.471
NC(CS)C(=O)O,,,,,1.807
CCC1=C(C)CN(C(=O)NCCc2ccc(S(=O)(=O)NC(=O)N[C@H]3CC[C@H](C)CC3)cc2)C1=O,,,,9.95,
CC(C)COc1ccc2ccccc2c1,,,,,1.529
CP(=O)(Oc1ccc([N+](=O)[O-])cc1)c1ccccc1,,,,,4.346
CC(Cl)=CC(=O)Nc1ccc(O)cc1,,,,,2.127
C[C@H](CO)Nc1nc(SCc2cccc(F)c2F)nc2[nH]c(N)nc12,,97.71,,,
C#CC1(O)CCC2C3CCC4=CC(=O)CCC4C3C(=C)CC21CC,,,2.87,,
C=CCN(CC=C)c1ccc(OC(=O)NC)cc1,,,,,3.4530000000000003
CCOP(=O)(OCC)OC(=C(Cl)Cl)c1ccc(Cl)cc1Cl,,,,,4.1160000000000005
COc1cc(Cc2cnc(N)nc2N)cc(OC)c1N(C)C,,,,,2.335
O=P(O)(O)OCC(Cl)(Cl)Cl,,,,,2.2119999999999997
CC(C)Cn1c(=O)n(C)c(=O)c2c(C(=O)N3C[C@H](O)CO3)c(Cc3ccccc3C(F)(F)F)sc21,,94.79,,,
CNC(=O)Nc1ccccc1,,,,,1.64
C[NH+](C)C1C([O-])=C(C(N)=O)C(=O)C2(O)C(O)=C3C(=O)c4c(O)cccc4C(C)(O)C3C(O)C12,,,1.7,,
CC(CN)NCCO,,,,,1.381
CC[C@H]1OC(=O)[C@H](C)[C@@H](O[C@H]2C[C@@](C)(OC)[C@@H](O)[C@H](C)O2)[C@H](C)[C@@H](O[C@@H]2O[C@H](C)C[C@H](N(C)C)[C@H]2O)[C@](C)(OC)C[C@@H](C)C(=O)[C@H](C)[C@@H](O)[C@]1(C)O,-5.4699998,,,2.8,
O=[N+]([O-])OC[C@H](O)CO,,,0.76,,
CCOP(=S)(CC)Sc1ccccc1,,,,,4.914
S=c1[nH]c(=S)[nH]c(=S)[nH]1,,,,,1.271
O=C(O)C=CC(=O)O,,,,,1.096
CC(=NO)C(C)(O)C#Cc1ccccc1,,,,,1.813
CCOC(=O)C=C1SC(N2CCCCC2)C(=O)N1CC,,,,,1.962
CCc1cccc2c3c([nH]c12)C(CC)(CC(=O)O)OCC3,,,,,3.485
ClC1=C(Cl)C2(Cl)C3CC(Cl)CC3C1(Cl)C2(Cl)Cl,,,,,1.875
CN(C)S(=O)(=O)CCNC(=O)NCCCl,,,,,3.712
O=C(NC[C@@H](O)CN1CCC(Oc2ccc(Cl)c(Cl)c2)CC1)c1c[nH]c(=O)c2cc(S(=O)(=O)N3CCC3)ccc12,,95.01,,,
CCCCOCC1CO1,,,,,1.803
CCCc1ccccc1O,,,,,2.435
N#Cc1ccc(F)cc1C#N,,,,,4.019
CCC(C)c1ccc(Oc2ccc(C)cc2CC(=O)O)c(Cl)c1,,,,,2.477
Cc1ccccc1OCC1CO1,,,,,1.6130000000000002
CO/N=C(\C(=O)N[C@@H]1C(=O)N2C(C(=O)O)=C(COC(C)=O)CS[C@H]12)c1csc(N)n1,,,,1.2,
O=C1CCc2ccccc2O1,,,,,2.006
COC(=O)C1=C(C)NC(C)=C(C(=O)OC)C1c1ccccc1OC(F)F,,,,,1.764
Fc1ccc(Br)cc1,,,,,1.812
O=C(OC1CCC(N2CCCCC2)CC1)c1ccc([N+](=O)[O-])cc1,,,,,2.01
CC(=O)CCC=C(C)C,,,,,1.557
O=C(O)CN(CC(=O)O)CC(=O)O,,,,,2.24
OCC=Cc1ccccc1,,,,,1.827
O=C(O)CCCCCCCCCl,,,,,1.808
CCOP(=O)(OCC)Oc1ccc2c(C)c(Cl)c(=O)oc2c1,,,,,4.54
COc1cc2ncc(C(N)=O)c(Nc3cc(C)ccc3F)c2cc1OC,,96.42,,,
CCCCOc1ccccc1NC(C)=O,,,,,1.854
CC(O)C1C(=O)N2C(C(=O)[O-])=C(SCCNC=[NH2+])CC12,,,0.24,,
COP(=S)(OC)SCC(=O)N(C)C=O,,,,,3.012
CCC(C)OC=O,,,,,1.005
Cc1cnc(C(=O)NCCc2ccc(S(=O)(=O)NC(=O)NC3CCCCC3)cc2)cn1,-4.7199998,99.12,,3.3,
CCCC1(CC(=O)O)OCCc2c1[nH]c1ccccc21,,,,,2.2840000000000003
C=CC1C[NH+]2CCC1CC2C(O)c1ccnc2ccc(OC)cc12,,,1.8,,
Cc1ccc(OC(=O)c2ccccc2)cc1,,,,,1.905
CCCCNc1nc(SCCC)nc2c1nnn2[C@@H]1C[C@H](CO)[C@@H](O)[C@H]1O,,97.6,,,
COP(=S)(OC)Oc1ccc(C#N)c(C)c1,,,,,2.41
O=C([O-])C1CC(C2CCCCC2)CN1C(=O)CP(=O)([O-])CCCCc1ccccc1,,,0.13,,
O=P1(N(CCCl)CCCl)[NH2+]CCCO1,,,0.73,,
O=c1sc2ccccc2c(O)c1C1CC(c2ccc(-c3ccc(Br)cc3)cc2)Cc2ccccc21,,,,,5.992000000000001
CO[SiH](OC)OC,,,,,1.117
CC1(C)S[C@@H]2[C@H](NC(=O)[C@H](C(=O)O)c3ccsc3)C(=O)N2[C@H]1C(=O)O,,,,1.0,
Cc1ccccc1C#N,,,,,1.564
CCCC1CC(C(=O)NC(C(C)Cl)C2OC(SC)C(O)C(O)C2O)[NH+](C)C1,,,0.79,,
Cc1ccc2c(c1)c(Sc1ccc(S(C)(=O)=O)cc1)c(C)n2CC(=O)O,,99.19,,,
COc1ccc(C[NH2+]CC(O)COc2ccc3[nH]c(=O)ccc3c2)cc1OC,,,1.6,,
CCCN(Cc1ccoc1)C(=O)c1cc(C)cc(OCC2(CON=C(N)N)CC2)c1,-5.387216099999999,,,,
CCOC(=O)COc1ccc(C(=O)CN2CCN(C3CCN(C(=O)OC(OC(C)=O)C(C)(C)C)CC3)CC2=O)cc1,-4.02,,,,
CC(C)CCOC(=O)c1ccccc1O,,,,,1.8
O=[N+]([O-])c1nccn1CC(O)CO,,,,,1.567
Nc1ccc([N+](=O)[O-])c(Cl)n1,,,,,1.988
CCC[NH2+]CC(O)COc1ccccc1C(=O)CCc1ccccc1,,,2.2,,
CC=COCC,,,,,1.267
CCCCC(CC)(COC(N)=O)COC(N)=O,,,,,2.571
COc1ccc2c(O[C@H]3C[C@H]4C(=O)NCCCCC/C=C\[C@@H]5C[C@@]5(C(=O)NS(=O)(=O)C5CC5)NC(=O)[C@@H]4C3)nc(-c3ccc(F)cc3)nc2c1C,-4.4899998,,,,
CCN(CC)CCNC(=O)c1cc(Cl)c(N)cc1OC,,29.9,,7.2,2.602
C[C@H](CO)Nc1nc(SCc2cccc(F)c2F)nc2[nH]c(=O)c(C#N)cc12,,98.29,,,
CCOP(=O)(OCC)SC(P(=O)(OCC)OCC)(P(=O)(OCC)OCC)P(=O)(OCC)OCC,,,,,4.325
CCOc1cc2ncc(C(N)=O)c(Nc3ccc(F)cc3F)c2cc1N1CCN(C2CC2)CC1,,98.61,,,
CCOP(=O)(CC)SCC,,,,,4.374
O=NN1CCNCC1,,,,,1.707
CCNC(=O)CC(C)=O,,,,,0.959
OC(C[NH2+]CC(O)C1CCc2cc(F)ccc2O1)C1CCc2cc(F)ccc2O1,,,11.0,,
O=c1cc(-c2ccc(O)cc2)oc2cc(O)cc(O)c12,-4.9821801,,,,
N[C@@H](Cc1ccccc1)C(=O)OC[C@H]1O[C@@H](n2ccc(O)nc2=O)[C@@H](O)[C@@H]1O,-5.6999998,,,,
OC[C@H]1O[C@H](O[C@]2(CO)O[C@H](CO)[C@@H](O)[C@@H]2O)[C@H](O)[C@@H](O)[C@@H]1O,-5.9186072,,,,
N#Cc1c(Cl)c(Cl)c(Cl)c(C#N)c1Cl,,,,,1.425
CN(C)CCOc1ccnc(N)n1,,,,,2.085
C=COCCSCCCC,,,,,1.753
NC(=O)c1cccc2c3c([nH]c12)CCCC3,,71.99,,,
CCOC(O)C(Cl)(Cl)Cl,,,,,2.342
COc1cc2c(cc1O)CCN[C@]21CS[C@@H]2c3c(OC(C)=O)c(C)c4c(c3[C@H](COC1=O)N1[C@@H](O)[C@@H]3Cc5cc(C)c(OC)c(O)c5[C@H]([C@H]21)N3C)OCO4,,,,44.0,
N#CCCCl,,,,,2.952
CCCCNCCCC,,,,,2.835
Cc1ccc(C(C)C=O)cc1,,,,,1.6269999999999998
CCN(CC)CCn1c2ccccc2c2cnc(N)c(C#N)c21,,89.91,,,
CC(C)OCCOCCO,,,,,1.121
C=CCOC(=O)Cl,,,,,2.694
NC(=O)c1nc[nH]c1N=NN(CCCl)CCCl,,,,,3.0189999999999997
C=CCOc1ccc(CC(=O)O)cc1Cl,,,,,2.334
O=C(COc1ccc(C(=O)CN2CCN(C3CCN(C(=O)OC/C=C4/OC(=O)c5ccccc54)CC3)CC2=O)cc1)OC1CCCCC1,-4.4000001,,,,
COc1cc2nc(N)sc2cc1OC,,,,,2.256
CC=CC(C)OC,,,,,1.918
O=C(NC[C@@H](O)CN1CCC(Oc2ccc(Cl)c(Cl)c2)CC1)c1c[nH]c(=O)c2ccccc12,,98.17,,,
COP(=S)(OC)SSP(=S)(OC)OC,,,,,1.497
COc1ccc(C(=O)Nc2ccccc2CCC2CCCCN2C)cc1,,,,2.6,
CCCCC(CC)COC(=O)C(CC)CCCC,,,,,0.978
CC(=O)Nc1cc(NS(=O)(=O)C(F)(F)F)c(C)cc1C,,,,,1.89
CC(C)[C@H](NC(=O)CCN(C)C)c1cc(Cl)ccc1N1CCN(C(=O)[C@H](C)Cc2ccc(Cl)cc2)CC1,-5.0478787,,,,
NC(=O)c1cc2cc(CN3CCCCC3)ccc2o1,,,,,3.014
COc1ccc(C(C[NH+](C)C)C2(O)CCCCC2)cc1,,,4.4,,
Cc1c(Cl)cc(-c2ccc(=O)[nH]n2)cc1Cl,,,,,1.328
CC=CC#N,,,,,2.127
CCOP(=O)(OCC)Oc1ccc(N)cc1,,,,,2.39
Cc1cc(Nc2nc(N[C@@H](C)c3ncc(F)cn3)nc(N3CCOCC3)c2Cl)n[nH]1,,77.21,,,
CCOC(=O)C(Br)C#N,,,,,2.66
CNC(=O)ON=C1SCC(=O)NC1(C)C,,,,,5.319
C=CC(=O)N(C)C,,,,,2.497
CC12C=CC(=O)C=C1CCC1C2C(=O)CC2(C)C1CCC2(O)C(=O)CO,,,0.57,,
CC1NC(=O)c2cc(N)ccc2O1,,,,,2.1
CNC(=O)ON=C1SC(=NN(C)C)SC1(C)C,,,,,5.186
CCOP(=S)(OCC)Oc1ncn(-c2ccccc2)n1,,,,,3.69
Cc1[nH]c(=O)c(C#N)cc1-c1ccncc1,,,,0.8,3.366
Cc1ccc(S(=O)(=O)N(C)N=O)cc1,,,,,1.9
Clc1ccc(Sc2cc(Cl)c(Cl)cc2Cl)cc1,,,,,1.913
CN(C(=O)CN(CCO)CC(=O)N(C)C(C)(C)Cc1ccccc1)C(C)(C)Cc1ccccc1,,,,,2.873
COc1ccc(CC(C)=O)cc1,,,,,1.693
O=C(CO)N1CCN(c2ccc(N3C[C@H](CNC(=S)C4CC4)OC3=O)cc2F)CC1,-4.4308991,,,,
OC(CCCN1CCCCC1)(c1ccccc1)c1ccccc1,,,,,2.5789999999999997
CC(=O)c1c(C)c2cnc(Nc3ccc(N4CCNCC4)cn3)nc2n(C2CCCC2)c1=O,,77.21,,,
CC1CN(CCCNC(=O)[C@@H](Cc2ccccc2)NC(=O)C2(NC(=O)c3cc4ccccc4s3)CCCC2)CC(C)N1,-5.9593034000000005,,,,
NC[C@H]1O[C@H](O[C@@H]2[C@@H](N)C[C@@H](N)[C@H](O)[C@H]2O[C@@H]2O[C@H](CO)[C@@H](O)[C@H]2O)[C@H](N)[C@@H](O)[C@@H]1O,,,,2.5,
O=C1NC(c2ccc(Br)cc2)Nc2ccccc21,,94.9,,,
O=C1CCC(N2C(=O)c3ccccc3C2=O)C(=O)N1,-4.6999998,,0.95,4.7,3.359
ClCCOCCCl,,,,,3.28
CCCCN(CCCCO)N=O,,,,,1.986
O=C(O)c1cc(Cl)ccc1O,-4.98,,,,2.839
CN(C)CCCNC(=O)/C(=C/CCCCC(=O)NO)COc1cccc2ccccc12,,,0.45,,
CN1CCN2c3ccccc3Cc3ccccc3C2C1,,,,,2.456
CNC(=O)Oc1ccc(C)c2c1OC(C)(C)O2,,,,,4.421
CC(C)(Oc1ccc(Cl)cc1)C(=O)OCCCOC(=O)C(C)(C)Oc1ccc(Cl)cc1,,,,,1.808
COP(=O)(OC)Sc1ccc([N+](=O)[O-])cc1,,,,,3.788
CN(C)C(=O)CCNc1ccc(Br)cc1,,,,,2.176
c1ccc(N2CCOCC2)cc1,,,,,2.244
CC(C)(OO)c1ccccc1,,,,,2.6
COCCNC(=O)c1ccc(Nc2ncc3cc(-c4ccncc4OC)ccc3n2)cc1,,99.8,,,
CCCCC(CC)COC(CBr)c1ccc(Cl)c(Cl)c1,,,,,3.1839999999999997
CCCCCCc1ccccc1O,,,,,2.137
COC(=O)Nc1ccc(Cl)c(Cl)c1,,,,,2.625
O=C1c2ccccc2OCN1CCO[N+](=O)[O-],,,0.68,,
C[NH+](C)CCCN1c2ccccc2CCc2ccc(Cl)cc21,,,13.0,,
O=C1CCc2cc(C(=O)CCN3CCC(Cc4ccccc4)CC3)ccc2N1,,,,,2.877
CCN1CN(CC)CN(CC)C1,,,,,2.734
C[C@@H]1CN(c2ccc3c(n2)NC(=O)CO3)[C@H](c2ccccc2)CO1,,93.67,,,
Cc1ccc2cc(C(=O)NC3(C(=O)N[C@H](Cc4ccccc4)C(=O)NCC4CCN(CC5CCOCC5)CC4)CCCC3)sc2c1,-5.291214900000001,,,,
COP(=S)(OC)SCCSC(C)C,,,,,3.24
N#CC(CCN1CCC(C(N)=O)(N2CCCCC2)CC1)(c1ccccc1)c1ccccc1,,,,8.0,3.1289999999999996
C=CC(=O)NCOCCCC,,,,,2.184
CCCCNP(=S)(OCC)Sc1ccccc1,,,,,2.984
C[NH2+]C1CC2OC(C)(C1OC)n1c3ccccc3c3c4c(c5c6ccccc6n2c5c31)C(=O)NC4O,,,0.15,,
CC1=C(C/C=C(\C)CCCC(C)CCCC(C)CCCC(C)C)C(=O)c2ccccc2C1=O,,,0.32,,
O=C(O)COc1ccc(Cl)cc1CN1CCCN(S(=O)(=O)Cc2ccccc2)CC1,,84.3,,,
CC(C)CCI,,,,,2.143
COc1ccccc1OC,,,,,2.191
CCOP(=O)(NC(C)=O)SC,,,,,2.596
O=c1[nH]ncc2ccccc12,,,,,2.597
C=CC(=O)Nc1ccc(O)cc1,,,,,2.244
CCCC=CCO,,,,,1.457
C[N+](C)(C)[NH2+]CCC(=O)[O-],,,0.7,,
O=c1nc(NCc2ccccc2)sn1Cc1ccccc1,,99.88,,,
O=C1CN=C(c2ccccc2Cl)c2cc([N+](=O)[O-])ccc2N1,,,2.9,38.0,
COP(N)(=O)SC,,,,,4.275
CN1CCN(C2=Nc3cc(Cl)ccc3Nc3ccccc32)CC1,-4.5100002,94.79,,10.0,3.115
NC1=NC(c2cccc(-c3cncnc3)c2)(c2ccnc(C(F)(F)F)c2)c2cccc(F)c21,,95.43,,,
CNC(=O)c1[nH]cnc1C(=O)Nc1ccc(OC)cc1,,86.59,,,
C/N=C(\NC#N)NCCSCc1csc(N=C(N)N)n1,-5.880000099999998,,,,
O=C(N[C@H](Cc1ccc(Cl)cc1)C(=O)N1CCC(Cn2cncn2)(C2CCCCC2)CC1)[C@H]1Cc2ccccc2CN1,,99.3,,,
COc1cc2nc(-c3ccc(N4CCN(C)CC4)cc3)nc(NCCN3CCOCC3)c2cc1OC,,55.16,,,
NS(=O)(=O)c1cc2c(cc1Cl)N=CNS2(=O)=O,,,,,1.471
Oc1ccc(-c2cnc(-c3cccc(O)c3)o2)cc1,-5.1011863,,,,
Cc1n[nH]cc1Cl,,,,,2.492
Cc1nc(N2CCOCC2)c2cc(-c3ccccc3)sc2n1,,99.58,,,
COc1ccc2ncc(=O)n(CCN3CC[C@@H](NCc4ccc5c(n4)NC(=O)CO5)[C@@H](OC)C3)c2c1,,71.99,,,
CC1=C(C(=O)Nc2ccccc2)SCCO1,,,,,2.738
CCN(CC)c1nc(N(C=NC2CC(C)(C)NC(C)(C)C2)C2CC(C)(C)NC(C)(C)C2)nc(N(C=NC2CC(C)(C)NC(C)(C)C2)C2CC(C)(C)NC(C)(C)C2)n1,,,,,2.982
NC(=O)COc1ccc(Cl)cc1Cl,,,,,2.263
COP(=O)(OC)OC=C(Br)Br,,,,,3.088
C1CCC2OCCOCCOC3CCCCC3OCCOCCOC2C1,,,,,3.326
CCCSP(=O)(OC)OC,,,,,4.292
CCN(CCO)C(=O)c1cc2cccnc2n1-c1cccc(C(F)(F)F)c1,,90.72,,,
COc1cc(C#N)ccc1OP(=S)(OC)OC,,,,,2.004
CCOP(=O)(OCC)Oc1cnn(C)c(=O)c1OC,,,,,5.466
CN(C)CCNC(=O)C(C)(C)Oc1ccc(Cl)cc1,,,,,3.341
CC(C)c1cccc(C(C)C)c1O,,,4.7,3.2,2.552
CC(C)=CCCC(C)CCO,,,,,1.656
C=CC1=C(C)/C(=C\C2=N/C(=C\c3[nH]c(/C=C4/NC(=O)C(C)=C4C=C)c(C)c3CCC(=O)O)C(CCC(=O)O)=C2C)NC1=O,-5.6290045,,,,
CN(C)C=O,,,,,1.4169999999999998
CCOP(=S)(Oc1cnn(C)c(=O)c1OC)c1ccccc1,,,,,4.824
COc1cc(OC)c(S(=O)(=O)N2c3ccccc3CCC2C)cc1NC(=O)Cc1ccnc(F)c1,,94.56,,,
CCCSP(=O)(OCC)SCCC,,,,,3.853
O=C(Cl)C(Br)CBr,,,,,2.319
O=Cc1ccccc1O,,,,,2.371
COCCN(C(=O)CCl)c1c(C)cccc1C,,,,,2.204
CSCC[C@H](NC(=O)[C@H](Cc1ccccc1)NC(=O)CNC(=O)[C@@H](C)NC(=O)[C@@H](N)Cc1ccc(O)cc1)C(=O)O,-7.02,,,,
CC(C)(C)C(=O)C1C(=O)c2ccccc2C1=O,,,,,2.915
CC(C)c1nc(N(C)S(C)(=O)=O)nc(-c2ccc(F)cc2)c1/C=C/[C@@H](O)C[C@@H](O)CC(=O)O,,,,2.0,
CC(C)CNCC(C)C,,,,,2.7
O=C(O)Cc1ccc2c(c1)OCc1ccccc1C2=O,,,,,3.387
CNCC12CCC(c3ccccc31)c1ccccc12,,,,,2.619
Oc1ccc2c3c1OC1C(O)CCC4(O)C(C2)[NH+](CC2CCC2)CCC314,,,4.6,,
C=C(C)C1CC=C(C)C(=O)C1,,,,,4.607
C[C@@H]1O[C@@H](O[C@H]2C[C@@H](O)[C@@]3(CO)[C@H]4[C@H](O)C[C@]5(C)[C@@H](C6=CC(=O)OC6)CC[C@]5(O)[C@@H]4CC[C@]3(O)C2)[C@H](O)[C@H](O)[C@H]1O,-6.9593034,,,,
C[C@H]1O[C@@H](O[C@H]2[C@@H](O)C[C@H](O[C@H]3[C@@H](O)C[C@H](O[C@H]4CC[C@]5(C)[C@H]6C[C@@H](O)[C@]7(C)[C@@H](C8=CC(=O)OC8)CC[C@]7(O)[C@@H]6CC[C@@H]5C4)O[C@@H]3C)O[C@@H]2C)C[C@H](O)[C@@H]1O,,,,38.0,
C[C@@H](CN1CC(=O)NC(=O)C1)N1CC(=O)NC(=O)C1,,,,2.5,
COP(=S)(OC)Oc1cc(C)c(SC)c(C)c1,,,,,2.4659999999999997
NCC1OC(OC2C(CO)OC(OC3C(O)C(N)CC(N)C3OC3OC(CO)C(O)C(O)C3N)C2O)C(N)C(O)C1O,,,,,1.454
NCCNCCNCCN,,,,,1.767
NC(=S)Nc1ccc(-c2ccc(NC(N)=S)cc2)cc1,,,,,3.18
CCNC(=O)[C@@H]1CCCN1C(=O)[C@H](CCCNC(=N)N)NC(=O)[C@H](CC(C)C)NC(=O)[C@@H](CC(C)C)NC(=O)[C@H](Cc1ccc(O)cc1)NC(=O)[C@H](CO)NC(=O)[C@H](Cc1c[nH]c2ccccc12)NC(=O)[C@H](Cc1c[nH]cn1)NC(=O)[C@@H]1CCC(=O)N1,,,,2.9,
COS(=O)(=O)c1ccc(C)cc1,,,,,2.737
CCOC1CCCCC1O,,,,,2.254
CCOC(=O)CC(C)(C)C(Cl)C=C(Cl)Cl,,,,,1.937
CC(C)Nc1nc(NC(C)C)nc(N(C)C#N)n1,,,,,2.166
CCOP(=S)(OCC)SC(c1ccccc1)c1ccc(Cl)cc1,,,,,1.588
O=C1CC2CC1C1CCCC21,,,,,2.345
O=C(CSc1nc2c(c(=O)n1-c1ccccc1)SCC2)Nc1ncc(-c2ccccc2)s1,,99.77,,,
CC12CC=CCC1C(=O)OC2=O,,,,,1.843
COC(=O)Nc1nc2cc(C(=O)c3ccccc3)ccc2[nH]1,,,1.2,,2.617
C=C(Cl)COP(C)(=S)Oc1ccc([N+](=O)[O-])c(C(F)(F)F)c1,,,,,3.2739999999999996
CCCCCOc1cccc(NC(=O)OC2CCCCC2N2CCCC2)c1,,,,,2.5610000000000004
CC(CCc1ccccc1)NCC(O)c1ccc(O)c(C(N)=O)c1,-4.895062,62.4,,4.4,
CN(C)CCN(C)n1cc(-c2ccccc2)c2ccccc21,,,,,2.364
CC(=O)c1ccc(O)cc1O,,,,,1.73
CCOC(=O)C=CC(=O)OCC1CO1,,,,,2.092
Cc1n[nH]c(C)c1Cc1sc2c(c1C(=O)N1C[C@H](O)CO1)c(=O)n(C)c(=O)n2CC(C)C,,51.15,,,
NC[C@H]1O[C@H](O[C@@H]2[C@@H](N)C[C@@H](N)[C@H](O[C@H]3O[C@H](CO)[C@@H](O)[C@H](N)[C@H]3O)[C@H]2O)[C@H](O)[C@@H](O)[C@@H]1O,,,,2.1,
O=C(OC(=O)C(Cl)Cl)C(Cl)Cl,,,,,1.93
CC1(C)SC2C(NC(=O)C(c3ccccc3)S(=O)(=O)[O-])C(=O)N2C1C(=O)[O-],,,0.15,,
Cc1onc(-c2ccccc2)c1C(=O)NC1C(=O)N2C1SC(C)(C)C2C(=O)[O-],,,0.19,,
ClC1=C(Cl)C2(Cl)C3C(Cl)C(Cl)C(Cl)C3C1(Cl)C2(Cl)Cl,,,,,2.949
COCc1cc(C(C)(C)C)c(O)c(C(C)(C)C)c1,,,,,1.371
OCC(O)Oc1ccc(Cl)cc1Cl,,,,,2.319
Cc1c(CC(=O)O)c2cc(F)ccc2n1Cc1nc2ccccc2s1,,98.33,,,
CC(C)Cn1c(=O)n(C)c(=O)c2c(-c3ccncc3)n(Cc3cccc4ccccc34)nc21,,98.76,,,
CC(=O)c1ncccc1NC(=O)[C@H]1CC[C@H](N2C(=O)[C@H]3[C@H]4CC[C@H](C4)[C@H]3C2=O)CC1,,98.7,,,
C[NH+]1CCN(CCCCN2C(=O)CN(/N=C/c3ccc(-c4ccc(Cl)cc4)o3)C2=O)CC1,,,13.0,,
CCN1CC2CN(C)CC(C1)C2OC(=O)c1ccc(Cl)cc1,,,,,2.926
[Cl-].c1c2c(cc3c1OCO3)-c1cc3ccc4c(c3c[n+]1CC2)OCO4,-4.9574246,,,,
CSCC(NC(=O)COc1cccc2cnccc12)C(=O)NC(Cc1ccccc1)C(O)C(=O)N1CSCC1C(=O)NC(C)(C)C,,,0.11,,
CCCCOC(=O)c1ccccc1,,,,,1.54
FC(F)(F)c1nc2c(Cl)c(Br)c(Cl)cc2[nH]1,,,,,4.58
NC(=O)c1ccccc1O,,,,,2.146
CC(O)C(Cl)(Cl)Cl,,,,,2.213
C[NH+]([14CH3])CCC1=C(Cc2cccnn2)c2ccc(F)cc2C1,,,1.11,,
CCOC1CC(C)CCO1,,,,,1.446
Cc1ccc(O)c(C2CCCCC2)c1,,,,,2.0069999999999997
O=[N+]([O-])c1cc(Br)c2nc(C(F)(F)F)[nH]c2c1,,,,,4.33
S=C(Nc1ccccc1)Nc1ccccc1,,,,,3.66
COc1cccc(-n2c(=O)n(Cc3ccccc3C#N)c(=O)n(C[C@H](N)c3ccccc3)c2=O)c1F,-4.5917602,,,,
Nc1ncnc2c1ncn2CCOCP(=O)([O-])[O-],,,0.42,,
Oc1cccc2cc3cccc(O)c3c(O)c12,,,,,1.847
COC(=O)c1c(Cl)cc(Cl)cc1-c1cnc([C@@H](C)NC(=O)C2(NC(=O)C(F)(F)F)CC2)c(F)c1,-4.5376019,,,,
COP(=S)(OC)SCSc1cc(Cl)cc(Cl)c1,,,,,2.897
CC(=O)Nc1ccc2c(c1)N(c1cc(NC3CC3)n3ncc(C#N)c3n1)CC2,,97.49,,,
COC1CCC=CO1,,,,,1.908
COc1c(C)cc2c(c1O)C1C3Cc4c(OC(C)=O)c(C)c5c(c4C(CNC(=O)/C=C/c4cccc(C(F)(F)F)c4)N3C(O)C(C2)[NH+]1C)OCO5,,,12.6,,
Cn1nnc2c(C(N)=O)ncn2c1=O,,,0.5,1.5,
CCOP(=S)(Cl)OC(C)C,,,,,2.678
CCOP(=S)(OCC)SC1OCCOC1SP(=S)(OCC)OCC,,,,,4.3580000000000005
CN(OCCNC(=O)Cc1c(C#N)ccc(NCC(F)(F)c2ccccn2)c1F)C(=N)N,-6.3723636,,,,
C[C@@](C(=O)O[C@H]1C[N+]2(CCCc3cc4ccccc4s3)CCC1CC2)(c1ccccc1)N1CCCCC1,,99.68,,,
Cc1ccc(C)c(N)c1,,,,,1.97
Cc1cn([C@H]2C[C@H]([N-][NH+]=N)[C@@H](CO)O2)c(=O)[nH]c1=O,-5.1850867,,,,
Nc1n[nH]c2ccc(C(F)(F)F)cc12,,,,,3.349
c1ccc(C(c2ccccc2)N2CCNCC2)cc1,,,,,2.7030000000000003
CCCC(=O)CC,,,,,1.474
CC(=O)N[C@H](Cc1ccccc1)C(=O)N(C)[C@H](Cc1ccccc1)C(=O)N[C@H](Cc1ccccc1)C(N)=O,-5.0900002,,,,
CCO[Si](C)(CCCN)OCC,,,,,1.604
CN(C)CCO,,,,,1.649
O=C([O-])CCCCO/N=C(\c1cccnc1)c1cccc(C(F)(F)F)c1,,,0.43,,
CCCCCCCCCCCCCCCC(O)C(C)[NH3+],,,30.7,,
C=CCC(CC)(CC)C(N)=O,,,,,2.589
FC(F)(F)c1nc2c(Cl)c(Cl)ccc2[nH]1,,,,,4.29
COc1cc(C=O)ccc1O,,,,,1.984
CCCOP(=S)(OCCC)Oc1cnn(C)c(=O)c1OC,,,,,4.112
[NH3+]CCC[NH2+]CCSP(=O)([O-])[O-],,,0.09,,
C=CC(=O)OCC(CC)CCCC,,,,,1.513
O=COCc1ccccc1,,,,,1.988
CCCCCCOC(=O)c1ccccc1C(=O)OCCCCCC,,,,,1.053
CC(C)CCCC1CCC(C)(C(=O)NCC(=O)O)CC1,,,,,1.44
COc1cc(OC)c(S(=O)(=O)N2c3ccccc3CCC2C)cc1NC(=O)COCC(=O)O,,73.36,,,
CC(C)C[C@H](NC(=O)[C@H](Cc1ccccc1)NC(=O)c1cnccn1)B(O)O,,86.85,,18.0,
O=[N+]([O-])C(F)(COCOCC(F)([N+](=O)[O-])[N+](=O)[O-])[N+](=O)[O-],,,,,2.125
CN(Sc1ccc([N+](=O)[O-])cc1)C(=O)Oc1cccc2c1OC(C)(C)C2,,,,,4.175
O=C(O)COc1ccc(C(=O)CN2CCN(C3CCNCC3)CC2=O)cc1,-6.119999900000002,,,,
Cc1ccc([N+](=O)[O-])cc1S(=O)(=O)O,,,,,1.767
CCCC(C)C(=O)Nc1ccc(C)c(Cl)c1,,,,,1.672
O=C(O)c1cc(C(=O)O)cc(S(=O)(=O)O)c1,,,,,1.976
C=C1NC(N)=Nc2c1ncn2COCCOC(=O)[C@H](N)C(C)C,-5.3499999,,,,
CCOc1cc2ncc(C(N)=O)c(Nc3ccc(F)c(Cl)c3)c2cc1N1CCN(C)CC1,,96.57,,,
O=C(c1ccc(F)cc1)C1CC[NH+](CCn2c(=O)[nH]c3ccccc3c2=O)CC1,,,3.9,,
CC(=O)Nc1cccc(Nc2ncnc(N3CCC(OCc4ccc(OC(F)(F)F)cc4)CC3)n2)c1C,,98.81,,,
CCCN(c1ccon1)P(=O)(c1ccccc1)c1ccccc1,,96.26,,,
COc1ccc(CC(=O)O)cc1,,,,,2.03
CCN(CC)C(=O)c1ccccc1,,,,,1.948
CCOC(=O)c1ccccc1O,,,,,2.1
COc1ccc(CCN2C(=O)N(NS(C)(=O)=O)C[C@@H]2c2ccc(OC)cc2)cc1,,95.23,,,
C[C@@H](N)[C@H]1CC[C@@H](N)[C@@H](O[C@@H]2[C@@H](N)[C@@H](O)[C@@H](O)[C@@H](N(C)C(=O)CN)[C@H]2O)O1,,,0.27,,
CN1CCC23CCCCC2C1Cc1ccc(O)cc13,,,,,3.234
COc1ccc(OC)c(CC(C)N)c1,,,,,3.0580000000000003
CC(=O)C1(O)Cc2c(O)c3c(c(O)c2C(OC2CC(N)C(O)C(C)O2)C1)C(=O)c1c(O)cccc1C3=O,,,,,4.349
CCCCCCCC/C=C\CCCCCCCC(=O)OCC/C=C/c1ccc(OC)c(OC)c1,-5.0101638,,,,
OC1CCN(c2ccc(-c3ccc(Cl)cc3Cl)nn2)CC1,,,,,3.034
CC(=O)Nc1ccc(OCC(O)CNC(C)C)cc1,,,,,1.887
COc1ccc(C2OCOCC2C)cc1,,,,,1.6769999999999998
CC(=O)N[C@H](C)c1ccc(Nc2ncc3cc(-c4ccncc4)ccc3n2)cc1,,97.55,,,
COP(=O)(OC)C(O)C(Cl)(Cl)Cl,,,,,3.013
CCOC(=O)c1noc(C)c1C(=O)c1ccccc1,,,,,2.414
CCCCOP(=O)(OCCO)OCCCC,,,,,2.444
CN1CCCN=C1C=Cc1cccs1,,,,,3.0839999999999996
Cc1ccc2c(c1)c(-c1ccnc3c(S(C)(=O)=O)cccc13)c(C)n2CC(=O)O,,93.94,,,
Nc1nc2ccc(Br)cc2o1,,,,,2.6289999999999996
O=C(NCc1ccc(OC(F)(F)F)cc1)C1c2ccccc2C(=O)N1C[C@@H]1CCCO1,,96.42,,,
C=C(Cl)C(=O)Nc1ccc(OC)cc1,,,,,3.412
CCOP(=O)(OC=CCl)OCC,,,,,4.486000000000001
C[Si](C)(C)N[Si](C)(C)C,,,,,2.278
Cc1ccc2[nH]c(C(F)(F)F)nc2c1Br,,,,,3.64
Cc1ccc(Cl)cc1N,,,,,2.485
CCCCCCCCOC(=O)C=CC(=O)OCCCCCCCC,,,,,1.38
CN(C)c1ccc(Cn2cnc3c2c(=O)n(C)c(=O)n3C)cc1,,,,,2.455
CCCN=C(NCCC)C(OCC)c1ccc(Cl)cc1,,,,,3.8
Nc1nc(N)nc(NC2CC2)n1,,,,,1.6909999999999998
COc1ccc(C2=NCOCS2)cc1,,,,,2.366
C=CCN1CCC23c4c5ccc(O)c4OC2C(=O)CCC3(O)C1C5,,,1.7,,
Cc1cnc(Nc2cc(N3CCOCC3)nc(N[C@@H](C)c3ncc(F)cn3)n2)s1,,92.64,,,
N#CN=c1ccccn1Cc1c(Cl)cccc1Cl,,,,,2.745
O=c1[nH]nc2n1-c1cc([N+](=O)[O-])cc([N+](=O)[O-])c1OC2,,,,,1.879
C#C[C@]1(OS(=O)(=O)O)CC[C@H]2[C@@H]3CCc4cc(O)ccc4[C@H]3CC[C@@]21C,,,,9.3,
CCOCC,,,,,1.785
Cc1ccnc2[nH]c(Cc3nc4ccc(/C(N)=N\O)cc4[nH]3)nc12,-6.6994848,,,,
FC(F)(Cl)C(F)(Cl)Cl,,,,,0.639
C[N+](C)([O-])CCC=C1c2ccccc2CCc2ccccc21,,,,,2.2119999999999997
CNC(=O)Oc1ccc(NC(C)=O)cc1,,,,,2.419
N#Cc1cnn2c(N)cc(-c3cccs3)nc12,,95.12,,,
O=C1CCc2cc(C(O)CCCN3CCN(c4cccc(Cl)c4)CC3)ccc2N1,,,,,2.918
C[C@@H]1NC(=O)[C@@H](C)N(C)C(=O)[C@H](C)NC(=O)[C@@H](C)N(C)C(=O)[C@@H](C)N(C)C(=O)[C@H](C)NC1=O,-5.3000002,,,,
COP(=S)(OC)SC(SP(=S)(OC)OC)c1ccccc1,,,,,3.16
c1ccc(C2CO2)cc1,,,,,1.779
COc1ccc2c(c1)OC(C)(C)C(c1ccccc1)=C2c1ccc(OCCO)cc1,,,,,2.906
CN[C@@H](C)C(=O)N[C@H](C(=O)N[C@H]1CCN(Cc2ccccc2)C1)C1CCCCC1,,48.85,,,
O=C(NCC12CC3CC(CC(C3)C1)C2)c1cc(N2CCNCC2)ccc1Cl,,97.32,,,
CCN(CC)S(=O)(=O)c1ccc(-c2cc(C(F)(F)F)ccc2OCC(=O)O)cc1,,98.78,,,
C[C@H]1C[C@H]2[C@@H]3CCC4=CC(=O)C=C[C@]4(C)[C@@]3(F)[C@@H](O)C[C@]2(C)[C@@]1(O)C(=O)CO,,,,5.6,
CCOCC(COCC)OC(=O)COc1ccc(C(=O)CN2CCN(C3CCN(C(=O)OC(C)OC(C)=O)CC3)CC2=O)cc1,-4.1500001000000015,,,,
CN(C)CC=C(c1ccc(Br)cc1)c1cccnc1,,,,,2.5469999999999997
OCCN(CCO)c1nc(N2CCCCC2)c2nc(N(CCO)CCO)nc(N3CCCCC3)c2n1,,,,,1.779
CCCCN(CCCC)CCCC,,,,,2.536
COc1ccc2c(c1)c(CC(=O)OCOC(=O)c1cccc(C)c1)c(C)n2C(=O)c1ccc(Cl)cc1,,,,,3.679
COc1ccc2c3c1OC1C(O)C=CC4C(C2)N(C)CCC341,-4.2800002,,,,2.846
C[N+]1(C)[C@H]2CC(OC(=O)[C@H](CO)c3ccccc3)C[C@H]1C1OC12.[Br-],-6.1599998,,,,
CNC(=O)Oc1ccc(CC#N)cc1,,,,,2.571
COc1ccc(-c2nc3c(NCCCN(C)C(=O)C4CCC4)c(Br)cnc3[nH]2)cc1,,99.78,,,
CC(C)Cn1nc(-c2ccccc2)c(-c2ccccc2)c1CC(=O)O,,,,,3.862
C/C=C/c1cc(OC)c2c(c1)C(C)C(c1cc(OC)c(O)c(OC)c1)O2,-5.3400002,,,,
C=COCC,,,,,1.069
[NH3+]CC(=O)CCC(=O)[O-],,,0.12,,
Clc1sc(Cl)c(Cl)c1Cl,,,,,3.5010000000000003
CCC(C)(C)C[C@H](c1ccc(C(=O)O)c(Oc2cccc(Cl)c2)c1)N1CCC[C@H](n2cc(C)c(=O)[nH]c2=O)C1,,98.37,,,
O=C(NC[C@@H](O)CN1CCC(Oc2ccc(Cl)c(Cl)c2)CC1)c1c[nH]nc1C1CC1,,96.87,,,
COc1cnn(C)c(=O)c1-c1ccc(C[C@@H](CO)NC(=O)c2c(Cl)cccc2Cl)cc1,-5.6010299,,,,
c1ccc(Cn2nnnc2C(c2ccc(Cn3cncn3)cc2)N2CCCN(C3CCC3)CC2)cc1,-6.3000002,,,,
CCOC(=S)c1ccc(Cl)cc1,,,,,2.305
CS(=O)(=O)c1ccc(C(O)C(COC(=O)C[NH3+])NC(=O)C(Cl)Cl)cc1,,,0.13,,
CC1NC(=S)NC1=O,,,,,2.093
CCOC(=O)C1=C(C)NC(C)=C(C(=O)OCC)C1C1=COCCO1,,,,,2.227
CC(=O)CC(=O)Nc1ccccc1Cl,,,,,1.261
Cc1ccc2c(c1)c(-c1ccnc3c(C(F)(F)F)cccc13)c(C)n2CC(=O)O,,99.62,,,
C=C(c1ccccc1)[C@H]1OC[C@@H](N)[C@H](C)O1,-4.9880071,,,,
OCCc1ccccc1,,,,,1.834
Oc1c(Cl)cc(Cl)cc1Sc1cc(Cl)cc(Cl)c1O,,,,,4.706
COc1cc(OC)c(S(=O)(=O)N2c3ccccc3CCC2C)cc1NC(=O)NCC(=O)O,,71.99,,,
C[NH+]1CCN(c2c(F)cc3c(=O)c(C(=O)[O-])cn(CCF)c3c2F)CC1,,,1.6,,
C[NH+](C)C1C([O-])=C(C(=O)NC[NH+]2CCCC2)C(=O)C2(O)C(O)=C3C(=O)c4c(O)cccc4C(C)(O)C3CC12,,,0.54,,
CN1CC(C(=O)NC2(C)OC3(O)C4CCCN4C(=O)C(Cc4ccccc4)N3C2=O)C=C2c3cccc4[nH]cc(c34)CC21,,,3.6,,
COP(=S)(OC)Oc1cc(C)ccc1C(C)C,,,,,2.563
C1=CCCC=CCCC=CCC1,,,,,1.96
COC12CCC3(CC1C(C)(O)C(C)(C)C)C1Cc4ccc(O)c5c4C3(CC[NH+]1CC1CC1)C2O5,,,4.9,,
CN(C)CCC=C1c2ccccc2COc2ccccc21,,76.39,,15.0,
O=[N+]([O-])c1cc2[nH]c(C(F)(F)F)nc2cc1Cl,,,,,4.68
CCN(CC)C(=O)SCc1ccc(Cl)cc1,,,,,2.2969999999999997
COC(=O)C(Cl)Cc1ccc(Cl)cc1,,,,,2.3369999999999997
Nc1nc2ccccc2o1,,,,,2.349
Cc1ncsc1C(=O)N(Cc1cc(=O)[nH]c2c(F)cccc12)c1cccc(Cl)c1,,97.91,,,
O=C(NS(=O)(=O)c1ccccc1)N1CCC(N2CCC(Oc3ccc(Cl)c(Cl)c3)CC2)CC1,,81.36,,,
N#CC(Cl)CCl,,,,,3.751
COC(=O)C(O)=C(O)C(=O)OC,,,,,1.3430000000000002
COP(=S)(OC)SC,,,,,4.06
C[n+]1cccc(C(=O)[O-])c1,,,,,1.4380000000000002
COc1ccc(C(=O)NCc2cccnc2)cc1C(=O)NCc1cccnc1,,,,,2.099
CCO[Si](CCC#N)(OCC)OCC,,,,,1.587
CCCC=C(CC)[N+](=O)[O-],,,,,2.364
CC(Br)C=CCl,,,,,3.36
CC(C)c1cc(Oc2ccccc2)cc(C(C)C)c1NC(=S)NC(C)(C)C,,,,,2.269
NC(=O)c1cnc(N[C@H]2CCCNC2)c2cc(-c3ccc(F)c(Cl)c3)sc12,,99.61,,,
CC(C)C(=O)Nc1nc(-c2ccccn2)cc2ccccc12,,97.55,,,
CCN(CCC(=O)OC)c1ccccc1,,,,,1.927
ClCC=CCCl,,,,,3.148
CNc1nc2cc(Cl)ccc2o1,,,,,2.262
CN[C@@H](C)C(=O)N[C@H](C(=O)N[C@H]1CCN(C(=O)Cc2ccccc2)C1)C1CCCCC1,,32.88,,,
Cc1cccc(N2CCN(CCCCN3C(=O)CNC3=O)CC2)c1,,,,,2.9360000000000004
Nc1cccc(N)c1,,,,,2.5869999999999997
CN[C@@H](C)C(=O)N[C@H](C(=O)N[C@H]1CCCN(Cc2ccccc2)C1)C1CCCCC1,,63.47,,,
Clc1ccc(N2N=NC3C4CC(C5N=NC45)C32)cc1,,,,,3.0210000000000004
CCCC1OC2CC3C4CCC5=CC(=O)C=CC5(C)C4C(O)CC3(C)C2(C(=O)CO)O1,,,3.9,,
CCN(CC)CC(=O)Nc1c(C)cccc1C,,,,1.6,2.869
COc1cc(N)c(Cl)cc1C(=O)NC1CCN(CCCOc2ccc(F)cc2)CC1OC,-4.52,,,,2.049
CNC(=O)Oc1ccc(C)c(N(C)C)c1,,,,,3.656
CC1(C)CCC2(C(=O)O)CCC3(C)C(=CCC4C5(C)CCC(OC6OC(CO)C(O)C(O)C6O)C(C)(C)C5CCC43C)C2C1,,,,,2.615
Oc1ccc2c3c1O[C@H]1[C@@H](O)CC[C@@]4(O)[C@@H](C2)N(CC2CCC2)CC[C@]314,,,,3.7,
O=[N+]([O-])c1ccc(Sc2ccc([N+](=O)[O-])cc2)cc1,,,,,2.268
Cc1ccccc1-n1c(Cn2cnc3c(N)ncnc32)nc2cccc(C)c2c1=O,,98.64,,,
Oc1c(Br)cc(Br)cc1Br,,,,,2.219
CCC(CC)C[C@H](c1ccc(C(=O)O)c(Oc2cccc(Cl)c2)c1)N1CCC[C@H](n2cc(C)c(=O)[nH]c2=O)C1,,98.81,,,
CCOC(=O)C(C)(C)Oc1ccc(Cl)cc1,,,,,2.412
Nc1ccc(O)cc1,,,,,2.464
COP(=O)(OC)Oc1ccc([N+](=O)[O-])c(Cl)c1,,,,,4.45
CCc1nc2ccc(C(=O)NCc3ccc4c(c3)OCO4)cn2c1N(C)Cc1cccs1,,99.65,,,
C[NH+]1CCN(C(c2ccccc2)c2ccccc2)CC1,,,16.5,,
C#CCOCC#C,,,,,2.242
CCOc1nc2cccc(C(=O)[O-])c2n1Cc1ccc(-c2ccccc2-c2nnn[n-]2)cc1,,,0.13,,
CN(C)CCN1CCN(C)CC1,,,,,2.081
CCOP(=S)(OCC)SCSC(C)C,,,,,5.397
Cc1cn([C@H]2CCCN(S(=O)(=O)c3ccc(C#N)c(Oc4cccc(Cl)c4)c3)C2)c(=O)[nH]c1=O,,97.71,,,
c1ccc(Nc2ccc(NC3CCCCC3)cc2)cc1,,,,,2.124
CCCc1nc(C)cc(OC(=O)N(C)C)n1,,,,,3.048
COc1cc(C2c3cc4c(cc3C(OC3OC5COC(C)OC5C(O)C3O)C3COC(=O)C23)OCO4)cc(OC)c1O,,,0.18,,2.518
COCCOCc1ccccc1,,,,,1.861
Nc1nc(Nc2ccc(S(N)(=O)=O)cc2)nn1C(=O)c1c(F)cccc1F,,81.01,,,
FC(F)(F)C(Cl)Br,,,,,1.541
CNP(O)(=S)OC(C)C,,,,,2.325
CC(C)C1C(=O)NC(CCCNC(N)=[NH2+])C(=O)NCC(=O)NC(CC(=O)[O-])C(=O)NC(Cc2ccccc2)C(=O)N1C,,,0.26,,
CCOP(=O)(CC)SC,,,,,4.563
CN1CCC(c2c[nH]c3ccccc23)C1,,,,,2.6860000000000004
O=NN1CCCOC1,,,,,2.287
CC(=O)N1CCN(c2ccc(OCC3COC(Cn4ccnc4)(c4ccc(Cl)cc4Cl)O3)cc2)CC1,,97.2,,,3.505
O=C(O)C1N=C(c2ccccc2)c2cc(Cl)ccc2NC1=O,,,,2.4,
CCC(C)(C)O,,,,,1.945
CN1CCCC1=O,,,,,1.404
CCCCCCCCOC(=O)C1=C(C)NC(C)=C(C(=O)NC2CC2)C1c1ccccc1[N+](=O)[O-],,,,,3.973
O=C1OCC2C1C1(Cl)C(Cl)=C(Cl)C2(Cl)C1(Cl)Cl,,,,,3.531
CC12CC3(O)OC(O1)C1(COC(=O)c4ccccc4)C3CC21OC1OC(CO)C(O)C(O)C1O,,,0.22,,
CCC(C)C(C(CC(=O)N1CCCC1C(OC)C(C)C(=O)NCCc1ccccc1)OC)N(C)C(=O)C(NC(=O)C(C(C)C)N(C)C)C(C)C,,,0.42,,
O=CC(Br)=Cc1ccccc1,,,,,2.1630000000000003
CN(C)N=Nc1[nH]cnc1C(N)=O,,,,,1.929
CN1[C@@H]2CC[C@@H]1CC(OC(=O)C(CO)c1ccccc1)C2,-4.7016673,,,,
CCC1(c2ccccc2)CCC(=O)NC1=O,,,,,2.559
COc1ccc(CO)cc1,,,,,2.061
CO/N=C(/C(=O)NC1C(=O)N2C(C(=O)[O-])=C(C[n+]3ccn4ncccc43)CSC12)c1nsc(N)n1,,,0.24,,
O=C(O)C(F)(F)C(F)(F)C(F)(F)C(F)(F)C(F)(F)C(F)(F)C(F)(F)C(F)F,,,,,2.735
ClCC(Cl)CCl,,,,,2.6630000000000003
COCCOc1cnc(NS(=O)(=O)c2ccccc2)nc1,,,,,1.999
NC(Cc1ccccc1)C(=O)OC[C@@H]1O[C@H](n2cc(F)c(=O)[nH]c2=O)C[C@H]1O,-5.3891382000000005,,,,
C=C(Cl)CCl,,,,,2.54
COc1ccc2c(O[C@@H]3C[C@H]4C(=O)N[C@]5(C(=O)NS(=O)(=O)C6CC6)C[C@H]5/C=C\CCCCN(C)C(=O)[C@@H]4C3)nc(-c3nc(C(C)C)cs3)nc2c1,-5.2199998,,,,
CSP(SC)SC,,,,,3.215
Cc1ccccc1C(C)C,,,,,1.7990000000000002
CCOP(=O)(OCC)Oc1ccc(Cl)cc1Cl,,,,,3.4760000000000004
CS(=O)(=O)NC(=O)CCCc1c(-c2ccc(F)cc2)[nH]c2ccc(C#N)cc12,,98.7,,,
CCC(=O)OC1C(C)OC(OC2C(C)OC(OC3C(CC=O)CC(C)C(O)C=CC=CCC(C)OC(=O)CC(OC(C)=O)C3OC)C(O)C2N(C)C)CC1(C)O,,,,,1.921
COc1cc(OC)c(S(=O)(=O)N2c3ccccc3Oc3ccccc32)cc1NC(=O)Cc1ccnc(F)c1,,99.01,,,
CNC(=O)c1ccc(C)c(-n2c(C)cc(OCc3ccc(F)cc3F)c(Br)c2=O)c1,,93.53,,,
CCCNC(=O)c1sc(-c2cc(OC)c(OC)c(OC)c2)nc1C,,,,,1.796
CC(C)CC(C)(C)COC(=O)C(C)C,,,,,1.521
Cn1ccc(=NC(=O)c2ccccc2O)n1-c1ccccc1,,,,,2.415
CN(C)[Si](CC[Si](N(C)C)(N(C)C)N(C)C)(N(C)C)N(C)C,,,,,2.4530000000000003
S=C1NCCN1,,,,,1.746
CCOC(C1=NCC(C)(C)N1)c1ccc(Cl)c(Cl)c1,,,,,3.437
Nc1ncc2cc(-c3c(Br)cccc3Br)c(N)nc2n1,,88.59,,,
CC(C)CC(C)O,,,,,1.596
O=C1CCC(C(=O)N2CSCC2C(=O)[O-])N1,,,0.31,,
CCN(CC)C(=S)SSC(=S)N(CC)CC,,,,,2.773
CC(=O)c1ccc(C(O)C(CO)NC(=O)C(Cl)Cl)cc1,,,,,2.465
O=c1cc(Cn2c(C3CCC3)nc3nccnc32)c2ccc(F)c(F)c2[nH]1,,79.92,,,
Cc1ccc(S(=O)(=O)Oc2cc(S(=O)(=O)O)cc3cc(S(=O)(=O)O)cc(N)c23)cc1,,,,,1.615
CCCCS,,,,,1.779
CCCCCCCCOC(CBr)c1ccc(C(C)(C)C)cc1,,,,,3.17
Cc1ccnc2nc(Cc3nc4ccc(C(=N)N)cc4[nH]3)[nH]c12,-7.0478787,,,,
CC1OC(OC2C(C)OC(OC3C(C)OC(OC4CCC5(C)C(CCC6C5CCC5(C)C(C7=CC(=O)OC7)C(OC=O)CC65O)C4)CC3OC=O)CC2OC=O)CC(OC=O)C1OC=O,,,,,4.373
CCCCOCC(C)OCC(C)O,,,,,2.109
Clc1ccc(CSc2ccc(Cl)cc2)cc1,,,,,2.129
CC#Cc1cncc(-c2cccc([C@@]3(c4cc(C)c(=O)n(CC)c4)N=C(N)c4c(F)cccc43)c2)c1,,98.92,,,
C=C(C)C(=O)OCC(CCCC)CCCCCC,,,,,0.991
CC1Cc2c(Cl)cc(C(=O)NC(Cc3ccccc3)C(=O)O)c(O)c2C(=O)O1,,,,,4.305
Nc1ccncc1,-4.0202255,,,,3.651
C[C@H](N)Cc1ccccc1,-4.3899999,,,,
c1ccc2ccccc2c1,,,,,2.418
C1=CC2CCC1C2,,,,,0.921
CCOC(=O)c1c(Cl)cc(Cl)cc1-c1ccc([C@@H](C)NC(=O)C2(NC(=O)C(F)(F)F)CC2)c(F)c1,-4.6020598,,,,
O=C(O)CBr,,,,,3.444
Cc1ccccc1C(=O)O,,,,,2.532
O=[N+]([O-])c1cc([N+](=O)[O-])cc([N+](=O)[O-])c1,,,,,2.881
CCC1OCC(=NOC(=O)NC)S1,,,,,3.532
CCc1nn(C2CCCC2)c2c1CCn1c(-c3cccs3)nnc1-2,,96.26,,,
COc1ccccc1CCNCc1cccc(CCNC[C@H](O)c2ccc(O)c3[nH]c(=O)sc23)c1,,94.06,,,
CCOP(=S)(OCC)Oc1cc(C)nc(N(CC)CC)n1,,,,,3.377
CCSCCSP(=O)(OC)OC,,,,,3.76
CC1=CC(=O)CC(C)(C)C1,,,,,1.869
Cc1cncc(C)n1,,,,,2.09
CO[C@@H]1C=CO[C@@]2(C)Oc3c(C)c(O)c4c(c3C2=O)C(=O)/C(=C\NN2CCN(C)CC2)C(=C4O)NC(=O)C(C)=CC=C[C@@H](C)[C@H](O)[C@H](C)[C@H](O)[C@@H](C)[C@@H](OC(C)=O)[C@@H]1C,-5.399786,,,,
CC(C)Cn1c(=O)n(C)c(=O)c2c(C(=O)N3C[C@H](O)CO3)c(Cc3c[nH]c4ncccc34)sc21,,75.55,,,
CN(C)c1ccc(O)c2c1C[C@H]1C[C@H]3[C@H](N(C)C)C(O)=C(C(N)=O)C(=O)[C@@]3(O)C(O)=C1C2=O,,,,17.0,
Cc1[nH]c2ccc(-c3nnc(SCC(=O)N4CCCc5ccccc54)o3)cc2c1C,,99.48,,,
CCN1C=CC(=C2C(=O)c3ccccc3C2=O)C=C1,,,,,2.8819999999999997
CCc1c2c(nc3ccc(OC(=O)N4CCC(N5CCCCC5)CC4)cc13)-c1cc3c(c(=O)n1C2)COC(=O)[C@]3(O)CC,,57.99,,9.0,
CC(C(=O)COC(=O)c1ccncc1)c1ccc(-c2ccccc2F)cc1,,,,,2.492
N#Cc1ccccc1C#N,,,,,3.631
CCOC(=O)CCCOc1ccc(Cl)cc1C,,,,,2.2569999999999997
CCN(CCO)C(=S)NP(=S)(OC)OC,,,,,4.205
CC(=O)Oc1ccc(C2(c3ccc(OC(C)=O)cc3)Oc3ccccc3NC2=O)cc1,,,,,1.717
CN(SC(Cl)(Cl)Cl)C(=O)Oc1cccc2c1OC(C)(C)C2,,,,,3.472
CCOC(C1=NCC(C)(C)CN1)c1cccc(Cl)c1,,,,,3.471
CCCC1C(=O)N2C(N(C)C)=Nc3ccc(C)cc3N2C1=O,,,,17.0,2.222
CC(C)C(NC(=O)C(C(C)C)N(C)C)C(=O)N(C)C(C(=O)N1CCCC1C(=O)N1CCCC1C(=O)NC(C)(C)C)C(C)C,,,0.33,,
COc1ccc(NC(=O)CF)cc1,,,,,4.263
Cc1cccc(N)c1,,,,,2.377
Cn1cnc([N+](=O)[O-])c1Sc1ncnc2nc[nH]c12,,67.63,,,
Cc1c(OCC(F)(F)F)ccnc1C[S+]([O-])c1nc2ccccc2[nH]1,,98.4,,1.0,
CC1C[NH2+]C(C2CC2)C(=O)N(C)C(C)C(=O)NC(Cc2ccc(F)cc2)C(=O)NCCCc2ccccc2O1,,,0.1,,
O=S1(=O)CCCC1,,,,,1.7919999999999998
CNC(=O)ON=C1SCCS1,,,,,4.8069999999999995
COc1cccc2c1CCC21NCc2ccccc21,,79.17,,,
CN(C)c1nc(N(C)C)nc(N(C)C)n1,,,,,2.779
CC(C)OCC1CO1,,,,,1.442
C[C@@](C(=O)O[C@H]1C[N+]2(CCOc3ccc(Cl)cc3)CCC1CC2)(c1ccccc1)N1CCCCC1,,99.25,,,
COP(=O)(OC)SCn1c(=O)oc2cc(Cl)cnc21,,,,,2.44
CCC(CC)O[C@@H]1C=C(C(=O)O)C[C@H](N)[C@H]1NC(C)=O,,,,1.8,
CC(C)=CC1C(C(=O)OC2CC(=O)C(C3C=CCC3)=C2C)C1(C)C,,,,,2.367
CC1(C)COC1=O,,,,,1.833
COc1cc2ncc(C(N)=O)c(Nc3ccc(F)cc3F)c2cc1NCCN(C)C,,55.73,,,
CC(=O)OCc1ccc(C(C)C)cc1,,,,,2.123
CCC(=O)N(c1ccccc1)C1(COC)CCN(CCn2nnn(CC)c2=O)CC1,,,0.45,1.6,
O=S(C(Cl)=CCl)C(Cl)=CCl,,,,,3.505
Cc1cc(Cl)cc(Sc2cc(Cl)cc(C)c2O)c1O,,,,,5.385
CCCOP(=S)(OCCC)Oc1ccc(S(C)=O)cc1,,,,,3.828
[NH3+]CCc1ccc(O)c(O)c1,,,0.74,,
COc1c(Cl)ccc(Cl)c1C(=O)OCCN(CCOC(=O)c1c(Cl)ccc(Cl)c1OC)c1ccccc1,,,,,1.672
Cc1c(Cl)ccc(OC2CCN(C3CCN(C(=O)c4cccc(S(C)(=O)=O)c4)CC3)CC2)c1Cl,,96.5,,,
CCOc1cc2ncc(C(N)=O)c(Nc3cccc(Cl)c3Cl)c2cc1N1CCCN(C)CC1,,98.37,,,
COCCOC(=O)C=CC(=O)OCCOC,,,,,1.842
COc1ccc(N)cc1N,,,,,2.478
O=C(O)CCC([N+](=O)[O-])([N+](=O)[O-])[N+](=O)[O-],,,,,2.498
Cc1nccnc1SCc1ccco1,,,,,2.314
CCO[Si](C)(CCCC#N)OCC,,,,,1.732
CC(F)(F)C(F)(F)C(F)(F)C(O)(F)F,,,,,2.32
CN(C)CCCN1CN(CCCN(C)C)CN(CCCN(C)C)C1,,,,,2.023
Cc1cccc(N=Nc2ccc(N(C)C)cc2)c1,,,,,2.2030000000000003
COc1ccc(C(=O)c2ccccc2)cc1,,,,,1.628
CCCC(O)C(CC)CO,,,,,2.019
CON1CCC(=Cc2cc(C(C)(C)C)c(O)c(C(C)(C)C)c2)C1=O,,,,,3.3139999999999996
CON=Cc1ccc(OCC(O)(Cn2cncn2)C(C)(C)C)cc1,,,,,2.557
Clc1ccc(C(Cl)(Cl)c2ccc(Cl)cc2)cc1,,,,,3.26
COC(=O)C1=C(C)NC(C)=C(C(=O)OCCC[NH+]2CCC(c3ccccc3)(c3ccccc3)CC2)C1c1cccc([N+](=O)[O-])c1,,,8.4,,
COCCNC(=O)c1ccc(Nc2ncc3cc(-c4ccncc4C)ccc3n2)cc1,,98.61,,,
C=CCOc1nc(OCC=C)nc(OCC=C)n1,,,,,2.6260000000000003
N#CC=C(Cl)C#N,,,,,1.215
FC(F)(F)c1nc2cc(Br)c(Cl)cc2[nH]1,,,,,4.52
CC(C)(c1ccc(O)cc1)c1ccc(O)cc1,,,,,1.847
CCC(CC)COC(=O)CCCCC(=O)OCC(CC)CC,,,,,1.7480000000000002
ClC1=C(Cl)C2(Cl)C3C(Cl)OC(Cl)C3C1(Cl)C2(Cl)Cl,,,,,4.933
CCCOP(=O)(SCCC)SCCC,,,,,3.298
C=C[C@H]1CN2CC[C@H]1C[C@@H]2C(O)c1ccnc2ccc(OC)cc12,-4.6799998,,,,
CCP(=S)(OC)Sc1ccc(Cl)c(C)c1,,,,,3.4989999999999997
FC(F)(F)c1nc2c(Cl)c(Cl)c(Br)c(Br)c2[nH]1,,,,,5.08
CCC(C)C(CN(C)C)c1ccc(OC)c(Cl)c1,,,,,2.7739999999999996
NS(=O)(=O)CCNC(=O)N(CCCl)N=O,,,,,3.811
O=C([O-])c1cccc(Cc2cc(Cl)ccc2OCc2ccc(Cl)cc2F)n1,,,0.77,,
CC=C(C)C=CC=C(C)C,,,,,1.856
ClC(Cl)=C(Cl)Cl,,,,,1.8
C=C(C)C(=O)OCCN=C=O,,,,,2.365
CCC(CO)NCCNC(CC)CO,,,,,2.311
CN[C@@H](C)C(=O)N[C@H](C(=O)N[C@H]1CCCN(S(=O)(=O)c2ccccc2)C1)C(C)(C)C,,59.11,,,
CCOc1cc2ncc(C(N)=O)c(Nc3ccc(F)cc3F)c2cc1N1CCCN(C2CC2)CC1,,97.81,,,
CCCCN(CCO)CCCC,,,,,2.209
COc1ccc2ccc(=O)oc2c1CC=C(C)C,,,,,1.925
CCc1ccc(C(=O)C(C)CN2CCCCC2)cc1,,,,,2.3
CCC(=C(c1ccccc1)c1ccc(OCCN(C)C)cc1)c1ccccc1,,,,,1.957
COC(=O)C1=CCCN(C)C1,,,,,1.793
CC(C)Nc1nc(Cl)nc(NC2CC2)n1,,,,,2.278
CCN(CC(F)(F)F)N=O,,,,,2.211
CC1(C)SC2C(NC(=O)C3(N)CCCCC3)C(=O)N2C1C(=O)O,,,,,1.833
CC(=O)N1CCN(c2ccc(OC[C@H]3CO[C@](Cn4ccnc4)(c4ccc(Cl)cc4Cl)O3)cc2)CC1,-4.9299998,,,,
COP(=O)(OC)SCC(Cl)(Cl)Cl,,,,,3.261
O=COCCOC=O,,,,,1.893
CCOc1ccc([C@@H](C)Nc2nc(N3CCN(C(C)=O)CC3)nc3c2CN(C(C)C)C3=O)cc1,,70.1,,,
Cc1cccc(C)c1N(CCCC(=O)O)C(=O)c1ccc(Cl)cc1,,,,,2.26
CC(C)=CC(=O)O,,,,,1.449
CS(=O)(=O)c1ccc(-c2nnc(/C=C/c3nnc(-c4ccc(C#N)cc4)o3)n2-c2ccccc2Cl)nc1,,93.67,,,
CC(C)N1CCCC1=O,,,,,1.642
NCCCCN,-4.5179658,,,,2.28
CC(C)CC(C)CC(CC(C)C)OCCO,,,,,1.633
CCOC(=O)CCC=O,,,,,1.12
COCC(=O)N(C)C(=O)Oc1ccccc1OC(C)C,,,,,3.604
O=c1cc(-c2ccccc2)oc2ccccc12,-3.9201083,,,,
S=c1[nH]c2ccccc2s1,,,,,3.2230000000000003
COc1ccc2ccc(=O)n(CCN3CCC(NCc4cc5c(cn4)OCCO5)CC3)c2c1,,69.12,,,
CCO/N=C(/C(=O)NC1C(=O)N2C(C(=O)[O-])=C(Sc3nc(-c4cc[n+](C)cc4)cs3)CSC12)c1nsc(NP(=O)([O-])O)n1,,,0.53,,
Cc1c[nH]c2c(O)cc3c(c12)C(CCl)CN3C(=O)c1cc2cc(NC(=O)Nc3ccc4[nH]c(C(=O)N5CC(CCl)c6c5cc(O)c5[nH]cc(C)c65)cc4c3)ccc2[nH]1,,,0.05,,
CCCN(CCC)C(=O)SCC,,,,,2.315
CCOC(=O)C1(c2ccccc2)CCN(CCOCC2CCCO2)CC1,,,,,3.428
COc1ccccc1,,,,,1.466
CCOC(=O)C1=C(C)NC(C)=C(C(=O)OC)C1c1cccc([N+](=O)[O-])c1,-4.8499999,99.1,6.1,8.2,1.37
CN(C)C1C(O)=C(C(N)=O)C(=O)C2(O)C(O)=C3C(=O)c4c(O)cccc4C(C)(O)C3C(O)C12,,,,,1.982
Nc1ccn(C2CSC(CO)O2)c(=O)n1,,,1.3,,
CCOC(CC(OCC)OCC)OCC,,,,,2.136
CNC(=O)Oc1cccc2c1OCC2,,,,,3.809
CCn1cc(C(=O)O)c(=O)c2cnc(N3CCNCC3)nc21,,,0.88,,1.278
CC(C)NCC(O)COc1ccc(COCCOC(C)C)cc1,-4.7600002,,,10.0,
CC1CCC(C(C)C)C(=O)C1,,,,,2.489
C[C@@H]1NC(=O)[C@@H](C)NC(=O)[C@H](C)N(C)C(=O)[C@@H](C)N(C)C(=O)[C@@H](C)NC(=O)[C@H](C)N(C)C1=O,-5.8200002,,,,
COCCN1C(=O)C2C3C=C(C(O)(c4ccccc4)c4ccccn4)C(C3=C(c3ccccc3)c3ccccn3)C2C1=O,,,,,4.801
CCCCCCCCc1ccccc1O,,,,,1.867
Cc1csc(NC(=O)COc2ncnc3c2cnn3-c2ccccc2Cl)n1,,99.18,,,
COc1cc2ncc(C(N)=O)c(Nc3ccc(F)cc3F)c2cc1NCCN1CCCCC1,,79.92,,,
COc1ccc2c(c1)c(CC(=O)[O-])c(C)n2C(=O)c1ccc(Cl)cc1,,,0.1,,
NCCCCC(CN)CCCN,,,,,2.358
Oc1ccc(C(c2ccc(O)cc2)(C(F)(F)F)C(F)(F)F)cc1,,,,,1.995
Cc1cc(O)c(C)c(C)c1O,,,,,1.6769999999999998
Cc1cccnc1NS(=O)(=O)c1ccc(C#Cc2ccc(O)c(C(=O)[O-])c2)cc1,,,0.1,,
CN(C)C(=N)NC(=N)N,,,,1.7,
CC(C)(N)CO,,,,,1.4880000000000002
Cc1cn([C@H]2CCCN([C@@H](C)c3ccc(C(=O)O)c(Oc4cccc(Cl)c4)c3)C2)c(=O)[nH]c1=O,,97.71,,,
CCCC(=O)OCOC(=O)C1=C(C)NC(C)=C(C(=O)OC)C1c1cccc(Cl)c1Cl,,,0.58,0.3,
O=C(CO)N1CCC(c2[nH]nc(-c3ccc(Cl)cc3F)c2-c2ccncn2)CC1,,74.69,,,
CCC[C@H](N[C@@H](C)C(=O)N1[C@H](C(=O)O)C[C@@H]2CCCC[C@@H]21)C(=O)O,,,,29.0,
Cc1c(Cl)c(=O)oc2cc(OP(=O)(OCCCl)OCCCl)ccc12,,,,,2.6639999999999997
CC(C)(C)c1ccccc1,,,,,1.644
CCOP(=S)(OCC)SCC,,,,,3.428
C=CC1OCC2(CO1)COC(C=C)OC2,,,,,1.7180000000000002
C[Si](C)(C)N=C=N[Si](C)(C)C,,,,,2.033
Cc1ccc2ccccc2c1N,,,,,2.404
OC(c1ccccc1)(c1ccccc1)C1CCCCN1,,,,,3.1719999999999997
CCCCCCCCCC(=O)N1CCNCC1,-3.8199999,,,,
COC(=O)NN=Cc1c[n+]([O-])c2ccccc2[n+]1[O-],,,,,2.489
CC1(C(=O)O)CC=CCC1,,,,,1.816
CCC(C)c1cc(OC(=O)NC)ccc1C,,,,,3.801
C=C(C)C1CC=C(C=NO)CC1,,,,,1.82
C=CC(C)C(C)C=O,,,,,1.297
Cc1nnc2n1-c1ccc(Cl)cc1C(c1ccccc1Cl)=NC2,-4.5500002,85.48,0.58,2.7,
CC(c1ccc(Cl)cc1)c1ccc(Cl)cc1,,,,,2.4
Cc1ccnc(SCCC(F)=C(F)F)n1,,,,,2.443
NC(=S)N=NNc1ccc(Cl)c(Cl)c1,,,,,5.396
O=P(OCC(Cl)CCl)(OCC(Cl)CCl)OCC(Cl)CCl,,,,,2.1830000000000003
O=S1(=O)CCC(NC(=S)S)C1,,,,,2.095
CNC(=O)Oc1ccc(NC(=O)C(F)(F)Cl)c(C)c1,,,,,3.781
Nc1nc2c(Cl)cccc2o1,,,,,2.528
CCOP(=O)(OCC)SCCC(F)=C(F)F,,,,,3.612
CCCCCC(CO)CCC,,,,,1.371
O=C(CCCN1CCN(c2ccccc2)CC1)c1ccc(F)cc1,,,,,2.773
CC/C=C\C/C=C\C/C=C\C/C=C\C/C=C\C/C=C/CCC(=O)O[C@@H](C(=O)O[C@H]1C[C@@]2(O)[C@@H](OC(=O)c3ccccc3)C3[C@](C)(C(=O)[C@H](OC(C)=O)C(=C1C)C2(C)C)[C@@H](O)C[C@H]1OC[C@@]31OC(C)=O)[C@@H](NC(=O)c1ccccc1)c1ccccc1,,,,60.0,
C=CC(N)CCC(=O)O,,,,,1.634
CC(C)(C)[C@]1(O)CC2OC(=O)CC23C(=O)OC2OC(=O)[C@H](O)C231,,,,3.2,
C=CCC(N)c1ccccc1-c1noc2ccccc12,-4.869999900000002,,,,
O=C(NCC1CCCC[NH2+]1)c1cc(OCC(F)(F)F)ccc1OCC(F)(F)F,,,6.1,,
CCCCOC(C)COC(=O)COc1cc(Cl)c(Cl)cc1Cl,,,,,2.869
ClC1=C(Cl)C2(Cl)C3C(Cl)C(Cl)CC3C1(Cl)C2(Cl)Cl,,,,,3.312
Cc1c(Cl)c(=O)oc2cc(OP(=O)(OCCCCl)OCCCCl)ccc12,,,,,3.323
CC(=O)N[C@H]1[C@H](O[C@@H]2c3ccc(c(Cl)c3)Oc3cc4cc(c3O[C@@H]3O[C@H](CO)[C@@H](O)[C@H](O)[C@H]3NC(=O)CCCCCCC(C)C)Oc3ccc(cc3Cl)C[C@H]3NC(=O)[C@H](N)c5ccc(O)c(c5)Oc5cc(O)cc(c5)[C@H](NC3=O)C(=O)N[C@H]4C(=O)N[C@H]3C(=O)N[C@@H]2C(=O)N[C@H](C(=O)[O-])c2cc(O)cc(O[C@H]4O[C@H](CO)[C@@H](O)[C@H](O)[C@@H]4O)c2-c2cc3ccc2O)O[C@H](CO)[C@@H](O)[C@@H]1O,,,0.83,,
CC(C)[NH2+]CC(O)c1ccc(NS(C)(=O)=O)cc1,,,1.3,,
FC(F)(F)c1nnc2c3ccccc3ccn12,,,,,2.556
Cc1cc(C)cc(C(=O)Nc2ccc(Cl)c(C(=O)Nc3cncs3)c2)c1,,99.6,,,
OCC(F)(F)F,,,,,2.62
CC(=O)Nc1ccc2c(c1)c(-c1cc(NC3CC3)n3ncc(C#N)c3n1)cn2CCCO,,98.81,,,
CN(C)C(Cc1ccccc1)c1ccccc1,,,,,3.037
Oc1ccc2c(c1)C13CCCCC1(O)C(C2)[NH+](CC1CCC1)CC3,,,12.0,,
CC(=O)OC1CC2CCC3C(CCC4(C)C3CC([N+]3(C)CCCCC3)C4OC(C)=O)C2(C)CC1[N+]1(C)CCCCC1,,,0.2,,
Nc1nc(O)c2ncn(CCC(CO)CO)c2n1,,,,2.1,
O=C(Nc1cccc(Cl)c1)OCC#CCCl,,,,,2.69
C=CCNC(N)=S,,,,,2.764
C=CC1=C(C(=O)[O-])N2C(=O)C(NC(=O)/C(=N/OCC(=O)[O-])c3csc(N)n3)C2SC1,,,0.24,,
COP(=S)(OC)Oc1ccc(S(=O)(=O)N(C)C)cc1,,,,,4.065
CN(C)CC/C=C1/c2ccccc2COc2ccc(CC(=O)O)cc21,-5.0100002,,,,
OC(CCl)CCl,,,,,3.069
C=CCC1/C=C(\C)CC(C)CC(OC)C2OC(O)(C(=O)C(=O)N3CCCCC3C(=O)OC(/C(C)=C/C3CCC(O)C(OC)C3)C(C)C(O)CC1=O)C(C)CC2OC,,,1.2,,
C1COCCOCCOCCO1,,,,,1.794
CC1CC=CCC1C=O,,,,,1.341
Cc1ccc(SN2C(=O)c3ccccc3C2=O)cc1,,,,,1.726
C=CC(=O)OCC(CO)(COC(=O)C=C)COC(=O)C=C,,,,,2.084
CC=C1CC(C)C(O)(CO)C(=O)OCC2=CCN3CCC(OC1=O)C23,,,,,4.013999999999999
COc1cc(Nc2nc3c(c(Cc4ccccc4)n2)CN(CCO)CC3)ccc1-n1cnc(C)c1,,98.09,,,
CCOCCOCCOCCO,,,,,1.225
CC(C)NC(=S)NC(C)C,,,,,2.552
Cc1cc(Nc2cncc(N[C@@H](C)c3ccc(F)cn3)n2)n[nH]1,,78.01,,,
CCC(C)(C)c1cc(O)c(C(C)(C)CC)cc1O,,,,,2.0980000000000003
O=C(Nc1cccc2cccnc12)c1ccc(N2C(=O)[C@H]3[C@H]4C=C[C@H](C4)[C@H]3C2=O)cc1,,98.89,,,
CCCCCCCCCCCCCCCCO,,,,,1.686
C=CC(=O)OCCOCC,,,,,2.129
O=c1[nH]c(Cl)c(Cl)cc1Cl,,,,,2.395
O=C(c1ccc(O)cc1O)c1ccc(O)cc1O,,,,,2.305
C=Cc1ccc(OCC2CO2)cc1,,,,,2.246
CC(=S)NC[C@H]1CN(c2ccc(N3CCCS(=O)CC3)c(F)c2)C(=O)O1,-5.338621099999999,,,,
CCC(C)OC(CBr)c1cccc(Cl)c1,,,,,3.0669999999999997
CN(C)C(=O)Nc1cc(C(C)(C)C)on1,,,,,2.525
CNC(=O)Oc1cc(C)c(N(C)C)c(C)c1,,,,,4.2010000000000005
CCC(CC)COCCOCCCN1C(=O)C2C3C=CC(C3)C2C1=O,,,,,1.5659999999999998
O=C(CCCN1CCN(c2ccccn2)CC1)c1ccc(F)cc1,,,,,3.1260000000000003
CCOP(=S)(OCC)SC1CCOC1=O,,,,,2.432
CN1C2CC[C@@H]1CC(OC(c1ccccc1)c1ccc(Cl)cc1)C2,-4.9114642,,,,
CNc1c(Cl)cc(C(=O)NC2CC2)cc1Cl,,,,,2.995
CO/N=C(/C(=O)NC1C(=O)N2C(C(=O)[O-])=C(C[n+]3cccc4c3CCC4)CSC12)c1csc(N)n1,,,0.24,,
O=P(OCCCl)(OCCCl)OC1CCC(C(Br)CBr)CC1Cl,,,,,2.232
Cc1ccc(-c2ncc(CN3CCOCC3)s2)cc1NC(=O)c1ccc(OCc2ccccn2)cc1,,96.72,,,
CCc1nn(-c2ccc(F)cc2)c2c(=O)[nH]ccc12,,,,,2.8360000000000003
CC(=O)Nc1ccc(S(=O)(=O)Nc2cc(C)on2)cc1,,,,,1.546
C[NH+]1CCN2c3ncccc3Cc3ccccc3C2C1,,,4.2,,
O=C(Nc1ccc(Cl)nc1)c1ccc(F)c(F)c1,,90.72,,,
Cc1cn([C@H]2CCCN(S(=O)(=O)c3ccc(O)c(Oc4ccc(Cl)cc4)c3)C2)c(=O)[nH]c1=O,,98.61,,,
COc1c(N2CC3CCC[NH2+]C3C2)c(F)cc2c(=O)c(C(=O)[O-])cn(C3CC3)c12,,,1.4,,
CC=Cc1ccc(OCC)c(O)c1,,,,,1.871
COc1cc(C)nc(-n2nc(C)cc2OC)n1,,,,,2.721
CC(C)C(N)C(=O)OC[C@@H]1O[C@H](n2cc(F)c(=O)[nH]c2=O)C[C@H]1O,-5.29,,,,
COc1ccc(-c2cc(=O)c3ccc(OC)cc3o2)cc1,-4.6010299,,,,
O=C(CO)NC1CCN(Cc2ccc(Oc3nc4ccccc4s3)cc2)CC1,,96.17,,,
N#Cc1ccc(NCC(F)(F)c2ccc(F)c(F)c2)c(F)c1CC(=O)NCCONC(=N)N,-5.9430285000000005,,,,
CN(C(=O)CC(=O)N(C)c1c(I)c(C(=O)N[C@H](CO)[C@H](O)CO)c(I)c(C(=O)N[C@H](CO)[C@H](O)CO)c1I)c1c(I)c(C(=O)N[C@H](CO)[C@H](O)CO)c(I)c(C(=O)N[C@H](CO)[C@H](O)CO)c1I,,,0.23,,
CC(C)(C(=O)c1cccnc1)c1cccnc1,,11.18,,,2.638
COC(=O)C1C2C=CC(C2)C1C(=O)OC,,,,,2.323
Cc1ccc(C)c(C)c1,,,,,1.381
CCC(CC)OC1C=C(C(=O)[O-])CC([NH3+])C1NC(C)=O,,,0.37,,
CC(C)Oc1cccc(C2CC(=O)NC2=O)c1,,,,,1.988
O=C(Cl)c1ccc(C(=O)Cl)cc1,,,,,1.91
CCN(CCC#N)c1ccccc1,,,,,1.556
Nc1cc(Cl)c([N+](=O)[O-])cc1Cl,,,,,1.866
CCN1CCC(=C(c2ccccc2)c2ccccc2)C1,,,,,2.767
Cn1c(N2CCCN(CCCN3c4ccccc4Sc4ccc(OCC(=O)O)cc43)CC2)cc(=O)n(C)c1=O,-5.8005152,,,,
O=C(O)COc1ccc(Cl)cc1CN1CCN(S(=O)(=O)Cc2ccccc2)CC1,,99.33,,,
COCCO,,,,,1.49
CCOP(=S)(OCC)SC1COCCS1,,,,,4.9830000000000005
CCCCNC(=O)c1ccccc1,,,,,1.538
Fc1cc2[nH]c(C(F)(F)F)nc2c(Br)c1Cl,,,,,4.6
CCC(C)(C)NCC(O)COc1ccccc1C(=O)CCc1ccccc1,,,,1.5,
CCOP(=S)(CC)Oc1ccc(Cl)cc1Cl,,,,,4.078
CCc1c2c(nc3ccc(O)cc13)-c1cc3c(c(=O)n1C2)COC(=O)[C@]3(O)CC,,92.32,,,
C[NH+](C)CCc1c[nH]c2ccc(Cn3cncn3)cc12,,,1.9,,
COC(C)CC(OC)OC,,,,,2.001
O=C1[C@H]2[C@H]3CC[C@H](C3)[C@H]2C(=O)N1[C@H]1CC[C@H](C(=O)Nc2cccc3cccnc23)CC1,,98.4,,,
CC(=O)CCCCCCCC(=O)O,,,,,1.779
CCC(C)C(=O)O[C@@H]1C[C@@H](O)C=C2C=C[C@@H](C)[C@@H](CC[C@@H](O)C[C@@H](O)CC(=O)O)[C@@H]21,-5.869999900000002,,,,
COc1cccc(Nc2c(C(N)=O)cnc3c(C)cc(S(=O)(=O)c4cccc(C(=O)N(C)C)c4)cc23)c1,,98.51,,,
NC(=O)c1cccnc1,,,,,1.543
CCc1ccc(OCC=C(C)CCC=C(C)C)cn1,,,,,2.511
OCCCCCO,,,,,1.717
CN(C)C(=O)N(C(=O)c1ccccc1)c1ccc(Cl)c(Cl)c1,,,,,1.829
S=C1NCCC(COc2ccccc2)O1,,,,,2.006
CCN(CC)C(=O)C(C)Oc1cccc2ccccc12,,,,,1.735
CN(C)NC(=O)CCC(=O)O,,,,,1.28
COCCCCC(=NOCCN)c1ccc(C(F)(F)F)cc1,,73.36,,,
CN(C)Cc1ccc(CSCCNC(=C[N+](=O)[O-])N2CCN(C)CC2)o1,,,,,1.843
O=c1[nH]c2ccc(Cl)cc2o1,,,,,2.15
CCN(CC)CCNC(=O)c1ccc(N)cc1,,,,3.1,2.082
O=C1CCCCCC=CCCCCCCCCO1,,,,,2.872
Cc1cc(OC(=O)N(C)C)nn1C(=O)N(C)C,,,,,3.983
CCOP(=S)(OCC)Oc1ccc2c3c(c(=O)oc2c1)CCCC3,,,,,3.74
COS(C)(=O)=O,,,,,2.69
CCCCC(CC)COP(=O)(OCCCO)OCC(CC)CCCC,,,,,1.527
CC=Cc1ccc(OC(=O)NC)c(OC)c1,,,,,2.6460000000000004
CCCCCCCCSCCO,,,,,1.349
Sc1ccccc1,,,,,3.377
CC(=O)c1ccc(OCC(=O)NN)cc1,,,,,2.0580000000000003
C=CC(=O)OCC(CC)(COC(=O)C=C)COC(=O)C=C,,,,,1.715
CCOP(=S)(OCC)SCc1nnc(CC(C)C)o1,,,,,3.776
Clc1ccc2c(c1)C(c1ccccc1)=NCc1nncn1-2,,,,,2.0709999999999997
CNC(=O)Oc1cc(C(C)C)cc(C(C)C)c1,,,,,3.071
CC(=O)Nc1c(I)cc(I)c(OCCOC(C)C(=O)O)c1I,,,,,1.816
O=C(O)[C@H](Cc1ccc(F)cc1)N1CCC(CN2CCC(Oc3ccc(Cl)c(Cl)c3)CC2)CC1,,88.59,,,
COc1ccc2c(O[C@@H]3C[C@H]4C(=O)N[C@]5(C(=O)NS(=O)(=O)C6CC6)C[C@H]5/C=C\CCCCN(C)C(=O)[C@@H]4C3)cc(-c3nc(C(C)C)cs3)nc2c1,-4.8880281,,,,
CC(C)Cc1nn(C)c(=O)c2c(SCCCO)n(Cc3cccc4ccccc34)cc12,,99.73,,,
Cc1ccc(OC(=O)c2ccccc2O)cc1,,,,,2.244
CC(=O)CC(=O)Nc1ccccc1C,,,,,2.077
Cc1cc(C)nc(C)c1,,,,,2.481
CC[NH+](CC)CCNC(=O)c1cc(S(C)(=O)=O)ccc1OC,,,1.1,,
CC1OC(OC2C=C3CCC4C(CCC5(C)C(c6ccc(=O)oc6)CCC45O)C3(C)CC2)C(O)C(O)C1O,,,,,3.977
Cc1cnc(C)cn1,,,,,2.025
COC1C(O)CC(=O)OC(C)C/C=C\C=C/C(OC2CCC(N(C)C)C(C)O2)C(C)CC(CC=O)C1OC1OC(C)C(OC2CC(C)(O)C(O)C(C)O2)C([NH+](C)C)C1O,,,5.4,,
O=P(O)(O)OC(Cn1cncn1)(Cn1cncn1)c1ccc(F)cc1F,,,,2.1,
CC(=O)OC(C)(C)Cc1ccccc1,,,,,1.765
Cc1cc(-n2cccc2)c(S(C)(=O)=O)cc1C(=O)N=C(N)N,,,,2.2,
Oc1c(O)c(-c2c(Cl)c(Cl)c(Cl)c(Cl)c2Cl)c(Cl)c(Cl)c1Cl,,,,,3.108
CSC(C)=NOC(=O)N(C)SSN(C)C(=O)ON=C(C)SC,,,,,3.3080000000000003
COP(=O)(CCC(=O)NCO)OC,,,,,1.211
Cc1ccc(-c2nc3n(c2C=NNC(=O)CN(C)C)CCS3)cc1,,,,,2.633
O=C=Nc1ccccc1C(F)(F)F,,,,,1.4269999999999998
CC[C@H]1OC(=O)[C@H](C)[C@@H](O[C@H]2C[C@@](C)(OC)[C@@H](O)[C@H](C)O2)[C@H](C)[C@@H](O[C@@H]2O[C@H](C)C[C@H](N(C)C)[C@H]2O)[C@](C)(O)C[C@@H](C)C(=O)[C@H](C)[C@@H](O)[C@]1(C)O,,,,2.0,
CC(C)(c1ccc(OCC2CO2)cc1)c1ccc(OCC2CO2)cc1,,,,,1.491
CCCN(CCC)N=O,,,,,2.4330000000000003
NC=O,,,,,0.908
CN1C(=O)CC(N2CCCN(CCCN3c4ccccc4CCc4ccc(C(C)(C)C(=O)O)cc43)CC2)N(C)C1=O,-5.2450004,,,,
[NH3+]C12CC3CC(CC(C3)C1)C2,,,6.6,,
CN[C@@H](C)C(=O)N[C@H](C(=O)N[C@H]1CCCN(S(=O)(=O)Cc2ccccc2)C1)C(C)(C)C,,48.85,,,
CCCCNCCC[Si](OC)(OC)OC,,,,,1.265
O=C1CCCc2ccccc21,,,,,2.256
CCOC(=O)C(C)Oc1ccc(Oc2nc3ccc(Cl)cc3o2)cc1,,,,,2.186
CCCNc1nnc(-c2ccccc2)c2ccccc12,,,,,2.7030000000000003
CC(C)(O)C=CC(=O)C(C)(O)C1C(O)CC2(C)C3CC=C4C(CC(O)C(=O)C4(C)C)C3(C)C(=O)CC12C,,,,,4.7989999999999995
O=S(=O)(Cl)c1ccccc1Cl,,,,,1.449
CC(C)C(NC(=O)COc1ccc(Cl)cc1Cl)C(=O)O,,,,,2.63
COP(C)(=S)SCn1c(=O)oc2cc(Cl)cnc21,,,,,2.023
C=C(C)C(=O)OCCCl,,,,,2.8710000000000004
COc1ccc2c(=O)c(C)c(-c3ccccc3)oc2c1CN(C)C,,,,,3.908
CC[C@@H](Nc1c(Nc2cccc(C(=O)N(C)C)c2O)c(=O)c1=O)c1ccc(C)o1,,98.21,,,
Nn1cnnc1,,,,,0.7909999999999999
CC(=O)OCCC(C)C,,,,,0.894
O=C(O)CC(C(=O)O)C(CC(=O)O)C(=O)O,,,,,2.134
Cc1cc(Cl)ccc1OCC(=O)OCCCCCC(C)C,,,,,2.65
OCCN1C[C@H](O)[C@@H](O)[C@H](O)[C@H]1CO,,,,2.3,
O=C(COc1cccc(Cl)c1)NC1CCN(Cc2ccn(-c3ccc(C(F)(F)F)cc3)c2)CC1,,99.28,,,
O=CCc1ccccc1,,,,,1.889
CC(C)c1ccc(CCO)cc1,,,,,1.96
COc1cc(Nc2nc3c(cc2F)ncn3[C@@H](CO)c2ccc(F)cn2)n[nH]1,,78.41,,,
O=c1nn[nH]c2ccccc12,,,,,2.393
CCOC(C1=NCC(C)(CC)CN1)c1ccccc1,,,,,3.073
COC(=O)C1CCCCN1C(=O)CC(Cc1cccc(C(=N)N)c1)NS(=O)(=O)c1ccc2ccccc2c1,-7.1178856,,,,
NC(CC(=O)O)C(=O)OC[C@@H]1O[C@H](n2cc(F)c(=O)[nH]c2=O)C[C@H]1O,-6.4899998,,,,
FC(F)C(F)(F)Oc1ccccc1,,,,,1.589
CCOc1cc2nnc(C(N)=O)c(Nc3cc(C)ccc3F)c2cc1N1CCN(C)CC1,,89.27,,,
O=c1[nH]c(=O)n(C2CC(O)C(CO)O2)cc1F,,,,,3.0589999999999997
Oc1cc(O)c2c(c1)O[C@H](c1cc(O)c(O)c(O)c1)[C@H](O)C2,-6.8284068,,,,
CC1CC2=CC(=O)CCC2C2CCC3(C)C(O)CCC3C12,,,0.8,,
CCOP(=O)(OCC)Sc1ccc([N+](=O)[O-])cc1,,,,,4.82
CS(=O)(=O)N(Cc1cccnc1)c1ccc(F)cc1F,,,,,2.448
CNC(=O)c1c(I)c(NC(C)=O)c(I)c(C(=O)[O-])c1I,,,0.17,,
O=C1c2c(O)cc(O)cc2OC(c2ccc(O)c(O)c2)C1O,-6.5093193,,,,
CCC(C)c1ccccc1O,,,,,2.6719999999999997
Cc1ccc(CCNC(=O)c2ccc3sc(CO)nc3c2)cc1,,97.07,,,
CC(C)c1nnc(NS(=O)(=O)c2ccc(N)cc2)s1,,,,,1.879
O=[N+]([O-])O[C@@H]1CO[C@@H]2[C@@H](O)CO[C@H]12,,,,1.9,
O=Cc1cc([N+](=O)[O-])ccc1O,,,,,2.32
CCN(CC)C(=O)CC(C)=O,,,,,1.521
CCP(=S)(OC)Sc1ccccc1,,,,,3.412
CCCCOc1ccc(CC(=O)NO)cc1,,,,,1.821
CN1CCN(CC(=O)NN=Cc2ccc([N+](=O)[O-])o2)CC1,,,,,2.475
COc1ccc(C(=O)Nc2ccccc2CCC2CCCC[NH+]2C)cc1,,,2.2,,
Cc1cnc(Nc2cc(N3CCN(C)CC3)nc(N[C@@H](C)c3ccc(F)cn3)n2)s1,,95.33,,,
COc1ccc2c(c1)c(CC(=O)Oc1cccc(C(F)(F)F)c1)c(C)n2C(=O)c1ccc(Cl)cc1,,,,,3.213
CN(C)CC/C=C1\c2ccccc2COc2ccccc21,,78.79,,,
CCCCC(CC)COCCO,,,,,1.753
Clc1ccc(CSC(Cn2cncn2)=Nc2ccc(Cl)cc2Cl)cc1,,,,,2.167
O=C(c1ccc(Cl)cc1)n1cc(Cc2nnn[nH]2)c2ccccc21,,,,,2.449
Cc1cc(Cl)ccc1OC(C)C(=O)N(C)C,,,,,2.48
ON=CC=NO,,,,,2.869
COP(=O)(c1cc(C)cc(/C=C\C#N)c1)c1c(C(N)=O)[nH]c2ccc(Cl)c(F)c12,,,0.97,,
CCOP(=O)(OCC)ON1C(=O)c2cccc3cccc(c23)C1=O,,,,,3.698
c1ccc2[nH]ccc2c1,,,,,2.069
CC(=O)Nc1ccc([N+](=O)[O-])c(Cl)n1,,,,,2.046
CCCCP(=S)(CCCC)CCCC,,,,,2.521
C=CCI,,,,,4.225
CC1N=C(N)N=C(N)N1c1ccc(Cl)cc1,,25.31,,,
N#Cc1ccc(C(=O)N2CCC3(CC2)N=C(N)c2c(F)ccc(F)c2N3)cc1,,71.53,,,
OCCCCC(O)CO,,,,,0.937
CCNC(=O)c1cc2c(-n3ccc(C(F)(F)F)n3)c(-c3cncc(C(N)=O)c3)cnc2[nH]1,,64.01,,,
Oc1c(Br)c(Br)c(Br)c(Br)c1Br,,,,,3.388
CO[SiH](C)OC,,,,,1.3430000000000002
C=CS(=O)(=O)C=C,,,,,3.5669999999999997
C[C@@H]1NC(=O)[C@H](C)NC(=O)[C@@H](C)N(C)C(=O)[C@H](C)N(C)C(=O)[C@@H](C)NC(=O)[C@@H](C)NC1=O,-5.8200002,,,,
C=CC1=C(C(=O)O)N2C(=O)[C@@H](NC(=O)/C(=N\OCC(=O)O)c3csc(N)n3)[C@H]2SC1,,,,3.2,
CCCCNC(=O)c1ccc(Oc2ccc(CC(=O)O)cc2OC)c(NS(=O)(=O)c2ccc(Cl)cc2Cl)c1,,99.8,,,
CCOC(=O)NS(=O)(=O)c1ccc(Cl)cc1,,,,,2.841
CCN(CCO)CCCC(C)Nc1ccnc2cc(Cl)ccc12,,,,850.0,
O=NN1CCCCC1,,,,,2.756
CC(C)OC(=O)C(O)(c1ccc(Cl)cc1)c1ccc(Cl)cc1,,,,,1.832
COc1cc(CC2c3cc(OC)c(OC)cc3CCN2C)c(Oc2cc3c(cc2OC)-c2c(OC)c(OC)cc4c2C(C3)N(C)CC4)cc1OC,,,,,2.667
CN(C)c1ccc(C(=O)NCCCCCNC(=O)CS)cc1,-5.1324477,,,,
O=COCCCc1ccccc1,,,,,1.604
Cn1c(N2CCCN(CCCN3c4ccccc4Sc4cccc(C(=O)O)c43)CC2)cc(=O)n(C)c1=O,-5.8005152,,,,
COc1cc(OC)c(S(=O)(=O)N(c2ccccc2)c2ccccc2)cc1NC(=O)CCC(=O)O,,90.72,,,
O=[N+]([O-])c1cccc(C(F)(F)F)c1,,,,,2.496
CC#CCC(C)C(O)/C=C/C1C(O)CC2C/C(=C/CCCC(=O)[O-])CC21,,,0.37,,
ClC(=NNc1c(Cl)cc(Cl)cc1Cl)c1ccccc1,,,,,2.668
C=C(Cl)CSC(=S)N(CC)CC,,,,,2.42
CN[C@H]1C(=O)N[C@@H]2Cc3ccc(cc3)Oc3cc4cc(c3O[C@@H]3O[C@H](C(=O)[O-])[C@@H](O)[C@H](O)[C@H]3NC(=O)CCCCCCCCC(C)C)Oc3ccc(cc3Cl)[C@@H](O)[C@@H]3NC(=O)[C@H](NC(=O)[C@@H]4NC(=O)[C@@H](NC2=O)c2cc(cc(O)c2Cl)Oc2cc1ccc2O)c1ccc(O)c(c1)-c1c(O[C@H]2O[C@H](CO)[C@@H](O)[C@H](O)[C@@H]2O)cc(O)cc1[C@@H](C(=O)NCCC[NH+](C)C)NC3=O,,,0.14,,
CC(=O)OCC=C(C)CCC=C(C)C,,,,,1.491
CCOC(=O)Cl,,,,,2.6039999999999996
CCCN(CCC)CCC,,,,,3.299
CCOP(=O)(O)CC,,,,,1.816
CCCCN(CCCC)CCCN,,,,,2.356
CC(C(=O)O)c1ccc2c(c1)Cc1cccnc1O2,-4.3899999,,,,3.632
COc1cc(OC)c(S(=O)(=O)NCc2ccccc2N2CCC(CC(=O)O)CC2)cc1NC(=O)CCC(=O)O,,91.28,,,
CN(C)CCN1C(=O)c2cccc3cc([N+](=O)[O-])cc(c23)C1=O,,,11.3,,
CCCCCCCCCCCCCCSC#N,,,,,1.231
Cc1cc(OCC(O)C[NH2+]C(C)C)c(C)c(C)c1O,,,3.6,,
CCC(C(=O)N1CCCC1C)(c1ccccc1)c1ccccc1,,,,,2.975
N#Cc1ccccc1C[C@@H](C(=O)O)N1CCC(CN2CCC(Oc3ccc(Cl)c(Cl)c3)CC2)CC1,,90.91,,,
Cc1cc(C)c(Cc2cc(C)c(C)cc2C)cc1C,,,,,1.749
N#Cc1ccc2c(c1)N(CCN1CCC(NCc3ccc4c(n3)NC(=O)CO4)CC1)C(=O)CO2,,77.21,,,
Cc1ccc(N)cc1O,,,,,1.534
COc1ccc2[nH]c(S(=O)Cc3ncc(C)c(OC)c3C)nc2c1,-4.1700001,,,,2.194
CCCC1OC1(CC)CO,,,,,1.456
COc1cc(OC)c(S(=O)(=O)N2c3ccccc3CCC2C)cc1NC(=S)NCC(=O)O,,69.12,,,
CC1OC(OC2C(O)CC(OC3CC(O)(C(=O)CO)Cc4c(O)c5c(c(O)c43)C(=O)c3ccccc3C5=O)OC2C)CC([NH3+])C1O,,,2.4,,
OC[C@H]1O[C@@](CO)(O[C@H]2O[C@H](CO[C@H]3O[C@H](CO)[C@H](O)[C@H](O)[C@H]3O)[C@@H](O)[C@H](O)[C@H]2O)[C@@H](O)[C@@H]1O,-7.619999900000002,,,,
C[C@H](Oc1ccc(Cl)cc1CN1CCN(C(=O)Cc2ccc(Cl)cc2)[C@@H](C)C1)C(=O)O,,97.44,,,
O=C(C=CC=Cc1ccc2c(c1)OCO2)N1CCCCC1,,,,,2.744
Cc1ccc(O)c(C(C)(C)C)c1,,,,,1.818
Cn1c(=O)c(-c2c(Cl)cccc2Cl)cc2cnc(Nc3ccc(F)cc3)nc21,,99.6,,,
C=C1NC(N)=Nc2c1ncn2COCCOC(=O)CC[C@@H](N)C(=O)O,-5.8099999,,,,
OC[C@H]1C[C@@H](n2nnc3c(N[C@@H]4C[C@H]4c4ccc(F)c(F)c4)nc(SCCC(F)(F)F)nc32)[C@H](O)[C@@H]1O,,99.85,,,
COC(=O)c1ccccc1N=NN(C)C,,,,,4.203
COc1ccc2c(-c3ccc(OCC(O)CNC(C)C)cc3)c(-c3ccccc3)c(=O)oc2c1,,,,,2.662
COC(=O)C12Oc3ccc(-c4ccc5c(c4O)C(=O)C4=C(O)CC(C)C(O)C4(C(=O)OC)O5)c(O)c3C(=O)C1=C(O)CC(C)C2O,,,,,4.463
Nc1cccc(O)c1,,,,,2.072
C[C@H]1C(=O)N(C)[C@H](C)C(=O)N(C)[C@H](C)C(=O)N(C)[C@@H](C)C(=O)N[C@H](C)C(=O)N(C)[C@@H](C)C(=O)N1C,-5.3000002,,,,
CC(=O)N[C@@H](Cc1ccccc1)C(=O)N[C@H](Cc1ccccc1)C(=O)N(C)[C@@H](Cc1ccccc1)C(N)=O,-5.3484769,,,,
CCOCCC(=O)OCC,,,,,1.466
COP(=O)(OC)OC(=CCl)c1ccc(Cl)cc1Cl,,,,,3.532
CCN(CC)CCCC(C)Nc1ccnc2cc(Cl)ccc12,-4.5500002,,,570.0,2.986
CC(C)OC(=O)C(O)C(O)C(=O)OC(C)C,,,,,1.545
CN1C(=O)CC(N2CCN(CCCN3c4ccccc4Sc4ccc(CC(=O)O)cc43)CC2)N(C)C1=O,-4.9099998,,,,
COC(=O)C1=C(C)NC(C)=C(C(=O)OCCCN2CCC(c3ccccc3)(c3ccccc3)CC2)[C@@H]1c1cccc([N+](=O)[O-])c1,,,,22.0,
CCc1nc2cc(O)ccc2c(Oc2ccc(/C=C/C(=O)O)cc2)c1-c1ccccc1,,99.44,,,
CC(C)Cn1c(=O)n(C)c(=O)c2c(C(=O)N3C[C@H](O)CO3)c(Cc3ccnc4ccccc34)sc21,,75.12,,,
Cc1cc(C(C#N)c2ccc(Cl)cc2)c(Cl)cc1NC(=O)c1cc(I)cc(I)c1O,,,,,3.403
COc1cc2ccc(=O)oc2cc1O,,,,,1.704
COc1ccc2c(c1)c(CC(=O)Oc1ccc(NC(C)=O)cc1)c(C)n2C(=O)c1ccc(Cl)cc1,,,,,2.7430000000000003
CCCCOCCC(=O)O,,,,,1.45
Cc1nn(C2CCOCC2)c(NS(=O)(=O)c2ccc(C3CC3)cc2)c1C(=O)N[C@@H](C)C(C)(C)C,,92.64,,,
Cc1c(Cl)ccc(OC2CCN(CC3CCN([C@@H](Cc4ccc(F)cc4)C(=O)O)CC3)CC2)c1Cl,,96.26,,,
COc1c(O)cc(Cl)c(Cl)c1Cl,,,,,1.883
c1ccc(NC[Si]23OCCN(CCO2)CCO3)cc1,,,,,5.932
COCCNC(=O)c1nc2c(N)nc(-c3ccccc3)nc2nc1NCCOC,,,,,1.899
CCOC(C)CC(OCC)OCC,,,,,1.587
C#CC(C)(C)NC(=O)c1cc(Cl)cc(Cl)c1,,,,,1.659
CC(/C=C/C(C)C(C)(C)O)C1CCC2/C(=C/C=C3CC(O)CC(O)C3)CCCC21C,,,0.41,,
CC(C)NCC(O)c1ccc(NS(C)(=O)=O)cc1,,,,6.3,
O=C(O)CSc1cccc2cccc(CCl)c12,,,,,2.028
C[NH+](C)CCN(Cc1cccs1)c1ccccn1,,,3.3,,
Nc1nc(=O)c2ncn([C@@H]3C[C@H](CO)[C@H]3CO)c2[nH]1,-6.0555172,,,,
COc1cc(OC)c(S(=O)(=O)N(c2ccc(C)cc2)c2ccc(C)cc2)cc1NC(=O)CCC(=O)O,,95.12,,,
CC(Cl)(Cl)CCl,,,,,2.079
CNC(=O)Oc1cc(C)cc(C(C)C)c1,,,,,3.772
CC(Cc1ccccc1)(NC(=O)CN)c1ccccc1,,,,,2.436
CCCCCNC(=N)N/N=C/c1c[nH]c2ccc(OC)cc12,,,,11.0,
O=CC1C(=O)N(c2ccccc2)N=C1c1ccccc1,,,,,2.525
N#Cc1sc2c(=O)c3ccccc3c(=O)c=2sc1C#N,,,,,2.667
O=C1CC[C@@]2(O)[C@H]3Cc4ccc(O)c5c4[C@@]2(CCN3CC2CC2)[C@H]1O5,,,,1.9,
CCCCCC1=CCCC1=O,,,,,1.84
CC(NC(=O)[C@@H](N)COCc1ccccc1)C(=O)O,-5.9906998,,,,
CC(O)C1C(=O)N2C(C(=O)[O-])=C(SC3CCS(=O)C3)SC12,,,0.21,,
CCCCCCCCC=CCCCCCCCC(=O)OCCOC,,,,,1.483
CCC[N+](=O)[O-],,,,,2.292
O=P(OCCCCl)(OCCCCl)OCCCCl,,,,,2.339
O=[N+]([O-])c1cc2c(ccc3ccccc32)o1,,,,,2.6860000000000004
Cl[Si](Cl)(Cl)c1ccccc1,,,,,1.947
CCOP(=S)(OCC)SCC(=O)N(CCC#N)c1ccccc1,,,,,4.395
OCC=CCO,,,,,1.848
CC(=O)Oc1ccc2c3c1OC1C(OC(C)=O)C=CC4C(C2)[NH+](C)CCC341,,,1.31,,
O=[N+]([O-])c1c(Nc2ccc(-n3cncn3)cc2)ncnc1N1CCC(Sc2ccccn2)CC1,,99.83,,,
CCOC(=O)C(SP(=O)(OC)SC)c1ccccc1,,,,,3.108
NCc1cc(=O)[nH]o1,,,,,3.404
CN(C)C(CSC(N)=O)CSC(N)=O,,,,,2.7960000000000003
CCN(C(C)=O)c1c(I)cc(I)c(OCCOC(C)C(=O)O)c1I,,,,,2.6239999999999997
CC(=O)Nc1ccc2ccn(-c3cc(Nc4ccn(C)n4)n4ncc(C#N)c4n3)c2c1,,98.37,,,
O=c1oc2ccccc2c(O)c1C(CC(O)c1ccc(-c2ccc(Br)cc2)cc1)c1ccccc1,,,,,6.032
C[C@H](CCC(=O)NCC(=O)[O-])[C@H]1CC[C@H]2[C@H]3[C@H](C[C@H](O)[C@@]21C)[C@@]1(C)CC[C@@H](O)C[C@H]1C[C@H]3O,-5.7141905,,,,
Cc1cccc(Cl)c1NC(=O)C=C1SCC(=O)N1C,,,,,2.342
C=CCSC1=NCCS1,,,,,3.161
CCC[NH+]1CCCCC1C(=O)Nc1c(C)cccc1C,,,0.75,,
COc1cccc(OC)c1O,,,,,2.448
CC(=O)c1ccc(Oc2c(I)cc(C(=O)O)cc2I)cc1I,,,,,2.139
COc1cc(OC)c(S(=O)(=O)N2c3ccccc3Oc3ccccc32)cc1NC(=O)/C=C/C(=O)O,,97.6,,,
O=C(O)CC(CC1CCN(C(=O)CCc2ccc3c(n2)NCCC3)CC1)C1CNc2ccccc2C1,-5.5999999,,,,
CCOc1cccc(NC(=O)OCCN2CCCC2)c1,-4.5500002,,,,
CC(Cc1ccc(O)cc1)NCC(O)c1cc(O)cc(O)c1,,,,0.87,
N#CC(Cl)(Cl)CCl,,,,,2.802
O=C1CN=C(c2ccccc2)c2cc(Cl)ccc2N1,,,0.45,46.0,
OC1C=CCC1,,,,,2.253
CC(C)CCON=O,,,,,2.365
CCOP(=S)(OCC)Oc1cnccn1,,,,,4.851
CC(C=O)=Cc1ccco1,,,,,1.988
CCCC[C@H](NC(C)=O)C(=O)N[C@H]1CC(=O)NCCCC[C@@H](C(=O)O)NC(=O)[C@H](Cc2c[nH]c3ccccc23)NC(=O)[C@H](CCCNC(=N)N)NC(=O)[C@@H](Cc2ccccc2)NC(=O)[C@H](Cc2cnc[nH]2)NC1=O,,27.09,,,
c1ccc2[nH]c(-c3cscn3)nc2c1,,,,,1.812
O=S(=O)(CCCOCCc1ccccc1)CCNCCc1ccc(O)c2nc(O)sc12,,94.44,,,
CCCCN(CC)N=O,,,,,2.535
CN1CCOCC1,,,,,1.713
COC(=O)CC(SP(=O)(OC)OC)C(=O)OC,,,,,3.444
CC(C)(C)CC(C)(C)N,,,,,2.773
COc1cc2[nH]c(C)c(CCN3CCN(c4ccccc4)CC3)c2cc1OC,,,,,2.5789999999999997
CC1CN(c2c(F)c(N)c3c(=O)c(C(=O)[O-])cn(C4CC4)c3c2F)CC(C)[NH2+]1,,,3.9,,
O=C(N[C@@H]1CCOC[C@@H]1C(=O)NO)c1ccc(Cc2c(C(F)(F)F)nn3ccccc23)cc1,-5.7447276,,,,
C#CC(C)(C)NC(=O)C=Cc1cc(OC)c(OC)c(OC)c1,,,,,2.7260000000000004
CCOP(=S)(OCC)SCn1c(=O)oc2ccccc21,,,,,3.614
CN(C)C(=O)OC1N=C(c2ccccc2)c2cc(Cl)ccc2N(C)C1=O,-4.46,,,,
C[C@H]1c2cccc(O)c2C(=O)C2=C(O)[C@]3(O)C(=O)C(C(N)=O)=C(O)[C@@H](N(C)C)[C@@H]3[C@@H](O)[C@@H]21,,,,14.0,
O=C1C(Cl)C(CCl)CN1c1cccc(C(F)(F)F)c1,,,,,1.932
CC(=O)CCCO,,,,,1.203
COP(=S)(OC)SCCNC(C)=O,,,,,3.0439999999999996
CSc1ccc(O)cc1C,,,,,1.6569999999999998
OCC(O)C1OC2OC(C(Cl)(Cl)Cl)OC2C1O,,,,,2.889
C=C(C)C(=O)CC,,,,,2.37
C=CC(=O)NCOC,,,,,2.842
Nc1ncnc2c1ccn2C1OC(CO)C(O)C1O,,,,,4.221
c1ccc(P(N=P(c2ccccc2)(c2ccccc2)c2ccccc2)c2ccccc2)cc1,,,,,1.853
O=C(Cl)c1ccc([N+](=O)[O-])cc1,,,,,1.52
CCCC(=O)Oc1ccc(OC)cc1,,,,,1.757
COP(=O)(OC)OC(C)=CC(=O)OC(C)c1ccccc1,,,,,3.913
C[NH2+]CC[C@@H](O)[C@@H]1C[C@H](SC2=C(C(=O)[O-])N3C(=O)[C@H]([C@@H](C)O)[C@H]3[C@H]2C)CN1,,,0.22,,
NCCCCO,,,,,1.889
CCC(=S)NC[C@H]1CN(c2ccc(N3CCN(C=O)CC3)c(F)c2)C(=O)O1,-4.4579659000000005,,,,
CC(=O)NC(C)c1ccc(Nc2ncc3cc(-c4ccncc4)ccc3n2)cc1,,98.7,,,
O=C(CCCN1CCC(O)(c2ccc(Br)cc2)CC1)c1ccc(F)cc1,,,,,3.068
Cc1cccc(Oc2cc(S(=O)(=O)N3CCC[C@H](n4cc(C)c(=O)[nH]c4=O)C3)ccc2C(=O)O)c1,,94.32,,,
S=c1[nH]n(-c2ccccc2)c(=S)s1,,,,,2.472
COC(=O)OC,,,,,0.841
COP(=O)(OC)SC,,,,,4.0169999999999995
CNC(=O)ON=C1SCSC1(C)C,,,,,5.517
ClC(Cl)c1ccccc1,,,,,1.695
c1ccc(-c2ccncc2)cc1,-4.0680037,,,,
CCOP(=S)(OCC)SCSCSP(=S)(OCC)OCC,,,,,4.705
O=[N+]([O-])c1ccc(OP(=O)(OCCCCl)OCCCCl)cc1,,,,,4.052
C[C@@H](NC(=O)C1(NC(=O)C(F)(F)F)CC1)c1ccc(-c2cc(Cl)cc(F)c2-c2nnn(C)n2)cc1F,-4.6382723,,,,
CC1(C)SC2C([NH+]=CN3CCCCCC3)C(=O)N2C1C(=O)[O-],,,0.37,,
Cc1ccnc(N)c1,,,,,2.733
CCOc1ccc2ccccc2c1C(=O)N[C@@H]1C(=O)N2[C@@H](C(=O)O)C(C)(C)S[C@H]12,,,,0.7,
COc1ccc2c3c1O[C@H]1[C@@H](O)C=C[C@H]4[C@@H](C2)N(C)CC[C@]314,-4.0900002,,,4.0,
Cc1cnc(Nc2nc(N[C@@H](C)c3ncc(F)cn3)nc(N3CCOCC3)c2F)s1,,93.1,,,
CCC(=O)OCC(=O)C1(OC(=O)CC)C(C)CC2C3C(Cl)CC4=CC(=O)C=CC4(C)C3C(O)CC21C,,,,,2.161
CC(C)C[C@H](O)[C@H](O)[C@H](CC1CCCCC1)NC(=O)OC(C)(C)C,-4.1799998,,,,
CC(=O)OC(C)OC(=O)C(C)c1ccc(-c2ccccc2)c(F)c1,,,,,3.699
O=C(OCCCOC(=O)c1ccccc1)c1ccccc1,,,,,1.074
CCC=CCCOC(=O)c1ccccc1O,,,,,1.644
C=CCOc1ccccc1C(=O)NC1CCCCC1,,,,,2.335
Cc1nc(N)ccc1CNC(=O)Cc1c(C#N)ccc(NCC(F)(F)c2ccccn2)c1F,-5.1474957,,,,
COc1ccc(-c2cc3c(N[C@H]4CCCNC4)ncc(C(N)=O)c3s2)cc1,,93.39,,,
O=C1OC(c2ccc(O)cc2)(c2ccc(O)cc2)c2c(I)c(I)c(I)c(I)c21,,,,,2.468
ClC1=C(Cl)C2(Cl)C3C4CC(C5OC45)C3C1(Cl)C2(Cl)Cl,,,,,5.104
O=C(Cl)c1ccc(Cl)cc1Cl,,,,,1.655
C[C@@H](CC(=O)OC(C)(C)C)NC(=O)C1=NOC(C(O)(C(F)(F)F)C(F)(F)F)C1,,84.0,,,
CON=C(C)C(=NOC(=O)N(C)SN(C)C(=O)Oc1cccc2c1OC(C)(C)C2)C(=O)N(C)C,,,,,4.695
CN(CCCn1cnc2c1c(=O)n(C)c(=O)n2C)c1ccccc1,,,,,2.3
Cc1c(O)cccc1O,,,,,2.793
CP(=O)(O)F,,,,,2.514
COC(C)CC(=O)O,,,,,1.591
CCN(CC)C(=O)/C(C#N)=C/c1cc(O)c([O-])c([N+](=O)[O-])c1,,,0.27,,
CCC(=O)OC(CC(=O)[O-])C[N+](C)(C)C,,,0.3,,
O=C(O)COc1cccc(N2CCC(CN3CCC(Oc4ccc(Cl)c(Cl)c4)CC3)CC2)c1,,97.32,,,
CO[Si](CCCNCCCN)(OC)OC,,,,,1.797
C[C@@H]1C(=O)O[C@H]2C[C@@]34[C@H]5C[C@@H](C(C)(C)C)[C@]36[C@@H](OC(=O)[C@@H]6O)O[C@@]4(C(=O)O5)[C@]21O,,,,3.8,
CCCCC(CC)COP(=S)(S)OCC(CC)CCCC,,,,,2.219
CCN(CC)CC1CCCCN1CC(=O)N1c2ccccc2C(=O)Nc2cccnc21,,,,,2.439
Oc1cccc(O)c1,,,,,2.563
CC(=O)c1cc2c(cc1C)C(C)(C)C(C)CC2(C)C,,,,,2.656
COc1ccccc1-c1csc(-n2ncc(C#N)c2N)n1,,40.89,,,
CCS(=O)(=O)c1ccc2c(c1)N(CCN1CCC(NCc3ccc4c(n3)NC(=O)CO4)CC1)C(=O)CO2,,69.61,,,
C[C@@H](/C=C/[C@@H](C)[C@H]1CC[C@H]2/C(=C/C=C3C[C@@H](O)C[C@H](O)C3)CCC[C@@]21C)C(C)(C)O,,,,5.3,
CCNc1nc(Cl)nc(NC(C)CC)n1,,,,,1.884
O=C1C=CCC2C3CCCN4CCCC(CN12)C34,,,,,3.099
COc1ccc(S(=O)(=O)NC(=O)NC2CCCCC2)cc1OC,,,,,2.234
CCn1cc(C(=O)O)c(=O)c2cc3c(cc21)OCO3,,,,,2.697
CC[C@@]1(O)C(=O)OCc2c1cc1n(c2=O)Cc2cc3c(CN(C)C)c(O)ccc3nc2-1,,,,2.3,
C=CCN(C1=NCCN1)c1c(Cl)cccc1Cl,,,,,2.733
O=C=Nc1ccccc1,,,,,2.103
CC(=O)CC(C)(C)N(C)N=O,,,,,1.877
COc1ccc(-c2cc(N)n3ncc(C#N)c3n2)cc1,,93.24,,,
O=C1c2cccc3c2[C@H](CCC3)CN1[C@@H]1CN2CCC1CC2,,,,39.0,
CNc1nc2ccccc2n1Cc1sc2c(c1C(=O)N1CC[C@@H](O)C1)c(=O)n(C)c(=O)n2CC(C)C,,68.13,,,
CCOP(=O)(OCC)OCn1c(=O)oc2cc(Cl)ccc21,,,,,3.982
O=C(O)CCCCCCCCCCl,,,,,1.616
Cc1c(CN(C)C(=O)/C=C/c2cnc3c(c2)CCC(=O)N3)oc2ccccc12,,94.56,,,
C#CC(O)C=CC,,,,,3.451
COc1cc(C(Cl)(Cl)Cl)cc(Cl)n1,,,,,2.24
CC(=Cc1ccccc1)CO,,,,,1.791
Cc1n[nH]c(=O)c2noc(C)c12,,,,,2.218
O=C(NCCc1ccccc1)c1cc(-n2ncc(=O)[nH]c2=O)ccc1Cl,,97.49,,,
COc1ccccc1C(=O)Nc1ccc(Cc2ccncc2)cc1,,99.76,,,
COc1ccc2c(c1)N(CCC1CCCCN1C)c1ccccc1S2,,,,,2.497
O=C1c2cccc(S(=O)(=O)O)c2C(=O)c2c1cccc2S(=O)(=O)O,,,,,2.294
CCN(CC)C(=O)c1nnn(-c2ccccc2)c1C,,,,,2.713
CN(C)P(=O)(N(C)C)n1nc(-c2ccccc2)nc1N,,,,,4.168
N[C@@H]1CCCN(c2c(Cl)cccc2/C=C2\SC(=O)NC2=O)C1,,97.76,,,
CC(Oc1ccc(Oc2nc3ccc(Cl)cc3o2)cc1)C(=O)O,,,,,2.2030000000000003
COc1ccnc(CS(=O)c2nc3ccc(OC(F)F)cc3[nH]2)c1OC,,,0.17,,
CN1CCCCC1CCN1c2ccccc2Sc2ccc(Br)cc21,,,,,2.651
CCOP(=S)(OCC)SC(CC(=O)OCSC)C(=O)OCSC,,,,,5.058
COc1ccc2c3c1OC1C(O)C=CC4C(C2)[N+](C)([O-])CCC341,,,,,2.295
C/C=C\C#CC/C=C\CCCCCC(C)=O,-5.0,,,,
CNC(=O)Oc1cc(C)c(NC(=O)O)c(C)c1,,,,,3.526
OCCCl,,,,,3.055
COP(=S)(OC)SCc1nnc(CC(C)C)o1,,,,,2.397
CCC(=O)N1CCN(C(=O)c2cc(Cc3n[nH]c(=O)c4ccccc34)ccc2F)CC1,,62.94,,,
CCP(=S)(OC)Oc1ccc([N+](=O)[O-])cc1Cl,,,,,4.109
O/N=C/c1cc[n+](COC[n+]2ccc(/C=N/O)cc2)cc1,,,0.17,,
CC(C)[NH2+]CC(O)COc1cccc2c1N(C(=O)c1cccnc1)CCC2,,,0.67,,
Cc1cc(O)ccc1[N+](=O)[O-],,,,,1.541
CC(=O)CCC(C)=O,,,,,1.74
N#Cc1ccc2ccc(=O)n(CCN3CC[C@H](NCc4ccc5c(n4)NC(=O)CO5)[C@H](O)C3)c2c1,,79.17,,,
CC1=C(C(=O)O)N2C(=O)[C@@H](NC(=O)[C@H](N)c3ccccc3)[C@H]2SC1,,,,0.57,
CC([NH2+]CCCc1cccc(C(F)(F)F)c1)c1cccc2ccccc12,,,17.6,,
c1ccc2c(NC3=NCCS3)cccc2c1,,,,,3.66
CCCCC(C)C(O)C#CC1CCC(=O)C1CC=CCCCC(=O)OC,,,,,3.03
COc1ccc2nnc(=O)n(CCN3CCC(NCc4ccc5c(n4)NC(=O)CO5)CC3)c2c1,,55.73,,,
CC(O)(c1ccc(Cl)cc1)c1ccc(Cl)cc1,,,,,2.728
O=c1c(OC2O[C@H](CO)[C@@H](O)[C@H](O)[C@H]2O)c(-c2ccc(OC3O[C@H](CO)[C@@H](O)[C@H](O)[C@H]3O)c(O)c2)oc2cc(O)cc(O)c12,-7.0478787,,,,
O=C(CN1CCN(Cc2ccn(-c3ccc(C(F)(F)F)cn3)c2)CC1)NC(c1ccc(F)cc1)c1ccc(F)cc1,,99.86,,,
CC(C)(C)OC(=O)N1CCN(c2ncc(OCc3ccncc3)cn2)CC1,,99.03,,,
C=CC(=O)OCCOC(=O)c1ccc(C(=O)O)cc1C(=O)O,,,,,1.985
NC(N)=S,,,,,2.785
C[NH2+]C1C(O)C(OC2C(NC(=O)C(O)C[NH3+])CC(N)C(OC3OC(C[NH3+])C(O)C(O)C3O)C2O)OCC1(C)O,,,0.32,,
CC(=O)OC1CCCCC1C(C)(C)C,,,,,1.635
CCc1oc2ccccc2c1CC(=NCCN1CCOCC1)NO,,,,,2.242
CCN(CC)CCOc1ccnc(N)n1,,,,,2.022
CC(c1ccccn1)c1c(CC[NH+](C)[14CH3])sc2ccccc12,,,1.83,,
NC(=O)N1C(=O)C(C(=O)c2cccs2)c2cc(Cl)ccc21,-4.5700002,,,,
Cc1ccc(C)cc1,,,,,1.327
CC(NCCCCc1ccccc1)C(O)c1ccc2c(c1)CCS2,,,,,2.778
CC=CC=CC(=O)NO,,,,,1.713
C1=CCC(C2CC3C=CC2C3)CC1,,,,,1.609
OC(c1ccc(Cl)cc1)(c1ccc(Cl)cc1)C(Cl)(Cl)Cl,,,,,2.8089999999999997
O=C(/C=C/c1ccccc1Cl)Nc1ccc2c(c1)C(=O)NC2=O,,90.52,,,
CCCCNC(=O)NS(=O)(=O)c1ccc(N)cc1,,,,,1.541
CC[NH+](CC)CCN(Cc1ccc(-c2ccc(C(F)(F)F)cc2)cc1)C(=O)Cn1c(SCc2ccc(F)cc2)nc(=O)c2c1CCC2,,,11.9,,
O=NN1CCCCCC1,,,,,2.5810000000000004
CS(=O)(=O)c1ccc(Cl)cc1,,,,,2.678
CCOC(=O)CCN(Cc1ccccc1)SN(C)C(=O)ON=C(C)SC,,,,,3.083
Cc1cccc(C)c1,,,,,1.327
CCOC(=O)C1=CN(C(=O)c2ccccc2)C2CCCC(C)N2C1=O,,,,,2.319
COc1cccc(OC)c1C(=O)N[C@@H]1C(=O)N2[C@@H](C(=O)O)C(C)(C)S[C@H]12,,,,0.64,
C=C(Br)C(=O)Nc1cc(C(=O)Nc2cc(C(=O)Nc3cc(C(=O)Nc4cc(C(=O)NCCNC(N)=[NH2+])n(C)c4)n(C)c3)n(C)c2)n(C)c1,,,0.36,,
CN(C)P(=O)(OP(=O)(N(C)C)N(C)C)N(C)C,,,,,4.758
C=CCOC(=O)COc1ccccc1,,,,,2.565
Cc1cc(OC(=O)N(C)C)n(-c2ccccc2)n1,,,,,3.597
CCc1nccnc1C,,,,,2.309
C=CS(=O)(=O)COCS(=O)(=O)C=C,,,,,3.656
CN(C)C(=O)SCCCCOc1ccccc1,,,,,2.343
Nc1ncnc2c1ncn2C1(CO)OC(CO)C(O)C1O,,,,,1.473
Fc1ccncc1,-3.8897052,,,,
CCSCCOP(=S)(OC)OC,,,,,3.487
O=C1C(=C(Cl)Cl)C(=O)C2(Cl)C3C=CC(C3)C12Cl,,,,,2.053
CCN(CC)S(=O)(=O)c1ccc(-c2nnc(SCC(=O)N3CCc4ccccc43)o2)cc1,,99.65,,,
CCC(C)(C#N)N=NC(C)(C#N)CC,,,,,2.292
Cc1ccc2c(c1)CC(=O)c1cc(C(C)C(=O)O)ccc1O2,,,,,3.304
CCCCC(CC)(C(=O)OCC)C(=O)OCCN(CC)CC,,,,,2.694
N#Cc1c(N)nc2c(c1N)CC(COc1ccccc1)O2,,89.05,,,
Cc1ccc(S(=O)(=O)Nc2c(C(=O)N[C@@H](C)C(C)(C)C)c(C)nn2CC(F)(F)F)cc1,,98.58,,,
Cc1ncc(-c2nc(Nc3ccc(C(=O)N4CC[C@H](N(C)C)C4)cc3)ncc2F)n1C(C)C,,74.25,,,
COP(=S)(OC)SCc1nnc(SC)s1,,,,,2.445
CC(C)CS,,,,,1.1
c1ccc(-c2nnco2)cc1,,,,,2.521
CC1=NN(c2ccccc2)C(=O)C1=CN1CCOCC1,,,,,2.2769999999999997
NS(=O)(=O)c1cc2c(cc1C(F)(F)F)NC(Cc1ccccc1)NS2(=O)=O,-5.8899999,,,,
CN1CC(n2nccc2-c2cc(Cl)ccc2Oc2cc(F)c(S(=O)(=O)Nc3ncns3)cc2F)C1,,98.4,,,
S=C(C=Cc1ccc2c(c1)OCO2)N1CCOCC1,,,,,2.988
CC[C@H](CO)Nc1nc(NCc2ccccc2)c2ncn(C(C)C)c2n1,,92.8,,,
CC(C)CCCCCCCCCCO,,,,,1.071
C(=NCCCCCCN=Cc1ccco1)c1ccco1,,,,,2.745
CCOC(=O)CCCCCCCCC(=O)OCC,,,,,1.252
CCOP(=O)(OCC)Oc1ccc([N+](=O)[O-])c(Cl)c1,,,,,4.792
CCOP(=O)(OCC)SCCS(=O)(=O)CC,,,,,5.184
CCOc1ncc(C)c2c1[C@H](c1ccc(C#N)cc1OC)C(C(N)=O)=C(C)N2,,92.48,,,
O=c1cc(N2CCOCC2)nc2n(Cc3cccc(F)c3)ccn12,,78.01,,,
CC(C)COC(=O)c1ccccc1C(=O)OCC(C)C,,,,,1.268
O=Cc1ccc(Cl)cc1,,,,,1.951
CCCCOC(=O)COC(=O)COc1ccc(Cl)cc1Cl,,,,,2.7769999999999997
O=C(Nc1ccc(N2CCNCC2)cc1)c1ccc(-c2ccc(Cl)cc2)o1,,97.32,,,
CN(C)CCN(C)CCN(C)C,,,,,2.0269999999999997
CC(C)CON=O,,,,,2.401
CC(C)=CC1C(C(=O)Cl)C1(C)C,,,,,2.6689999999999996
CSc1ccc(C(=O)c2[nH]c(=O)[nH]c2C)cc1,,,1.39,1.0,
C[NH+](C)CCc1c[nH]c2ccc(CS(=O)(=O)N3CCCC3)cc12,,,2.2,,
C=CCCCC=CCOC(C)=O,,,,,0.7290000000000001
[NH3+]CCCCC(NC(=O)C(Cc1cc(Br)c([O-])c(Br)c1)NC(=O)N1CCC(N2Cc3ccccc3NC2=O)CC1)C(=O)N1CCN(c2cc[nH+]cc2)CC1,,,0.31,,
OCC1COC(Cc2ccccc2)O1,,,,,2.053
ClCC=C(Cl)CCl,,,,,2.852
ClC(Cl)C(Cl)Cl,,,,,2.322
CCCCC=O,,,,,1.274
NCCCNCCCN,,,,,2.25
CC(=O)C(C)=O,,,,,1.736
Cc1ccc2ccccc2c1,,,,,1.941
N#Cc1c(-c2ccc(-c3ccccc3O)cc2)nc2ccncc2c1O,,99.74,,,
COc1ccc2c(c1)OC(C)(C)C(c1ccccc1)C2c1ccc(OCCBr)cc1,,,,,2.971
O=C(O)CC(O)(CC(=O)O)C(=O)O,,,,,1.806
O=C(c1cccc(Cc2nnc(O)c3ccccc23)c1)N1CCOCC1,,58.55,,,
O=C=NC1CCC(CC2CCC(N=C=O)CC2)CC1,,,,,1.423
CCCCC(CC)COC(=O)c1ccccc1C(=O)O,,,,,2.3169999999999997
CCOP(=O)(OCC)C(SCC)(P(=O)(OCC)OCC)P(=O)(OCC)OCC,,,,,4.825
O=C(CO)C(O)C(OC1OC(CO)C(O)C(O)C1O)C(O)CO,,,,,1.136
ClC1CCC2SC1CCC2Cl,,,,,2.175
CCCC(=O)OCCc1ccccc1,,,,,1.621
C1CCC2OCCOCCOCCOC3CCCCC3OCCOCCOCCOC2C1,,,,,3.788
O=C(NCCO[N+](=O)[O-])c1cccnc1,,,1.4,,2.238
Cc1c(Cl)c(Br)cc2[nH]c(C(F)(F)F)nc12,,,,,4.019
CCOC(=S)C=Cc1ccc2c(c1)OCO2,,,,,2.4
CCNC(=O)[C@H]1O[C@@H](n2cnc3c(NCC(c4ccccc4)c4ccccc4)nc(C(=O)NCCNC(=O)NC4CCN(c5ccccn5)CC4)nc32)[C@H](O)[C@@H]1O,,99.1,,,
COc1ccccc1OCC1CNC(=O)O1,,,,,1.767
O=CC(O)C1OC(=O)C(O)C1O,,,,,1.216
CC[C@@H](c1ccc(C(=O)O)c(Oc2cccc(Cl)c2)c1)N1CCC[C@H](n2cc(C)c(=O)[nH]c2=O)C1,,96.17,,,
COC(=O)c1ccc2[nH]c(C(F)(F)F)nc2c1,,,,,4.039
O=NN1CCCC1,,,,,2.046
O=S(=O)(Cl)CCCl,,,,,2.832
O=C1c2cc(Cl)ccc2OC2CCON12,,,,,2.1630000000000003
C[NH+](C)CCCN1c2ccccc2CCc2ccccc21,,,12.0,,
CCOc1ccc(Cl)cc1C(CN1CCCCC1)C(C)CC,,,,,2.862
CCCS,,,,,1.629
Cc1c(F)c(N2CCNC(C)C2)cc2c1C(=O)C(C(=O)O)CN2C1CC1,-4.9825492,,,,
CC(C)(C)[C@@H](O)C(=O)N1CCC[C@H]1C(=O)NCc1cc(Cl)ccc1CN,,42.01,,,
c1ccc(-c2ccccc2-c2ccccc2)cc1,,,,,2.084
CNC1C(OC2C(OC3C(O)C(O)C(NC(=N)N)C(O)C3NC(=N)N)OC(C)C2(O)C=O)OC(CO)C(O)C1O,,,,,1.81
CCOP(C)(=S)NOc1cccc2ccccc12,,,,,3.051
CCC(=O)OC1(C(=O)SCF)C(C)CC2C3CC(F)C4=CC(=O)C=CC4(C)C3(F)C(O)CC21C,,,3.6,,
N#CCCC1CN2CCc3cc4c(cc3C2CC1=O)OCO4,,,,,2.326
C[N+]1(CC2CC2)[C@H]2C[C@H](OC(=O)[C@H](CO)c3ccccc3)C[C@@H]1[C@H]1O[C@@H]21,,,1.12,,
COc1ccc(-c2cc(=O)c3c(O)cc(OC4O[C@H](CO[C@@H]5OC[C@@H](O)[C@H](O)[C@H]5O)[C@@H](O)[C@H](O)[C@H]4O)cc3o2)cc1O,-6.1599998,,,,
COc1cc(C)ccc1S(=O)(=O)NC(=O)C(c1ccc2c(c1)OCO2)c1cn(C)c2cc(C#N)ccc12,-5.1011863,,,,
CON=C(Cc1cccnc1)c1ccc(Cl)cc1Cl,,,,,2.238
ClC1=C(Cl)C2(Cl)C(CBr)CC1(Cl)C2(Cl)Cl,,,,,1.4980000000000002
CC[NH+](CC)CCNC(=O)c1ccc(NS(C)(=O)=O)cc1,,,0.82,,
CCOP(=S)(OCC)SCN1C(=O)c2ccccc2C1=O,,,,,3.905
CCOP(=O)(O)O,,,,,1.896
CCN(CC)C(=O)N1CCN(CC(=O)NN=Cc2ccc([N+](=O)[O-])o2)CC1,,,,,3.677
CCN1C(=O)C=CC1=O,,,,,3.699
Cc1c(C)c2ccc(OCCC[NH+]3CCN(Cc4ccc(Cl)cc4)CC3)cc2oc1=O,,,1.3,,
C[NH+]1CCC23c4c5ccc(O)c4OC2C(=O)CCC3C1C5,,,4.3,,
Oc1ccc(C2C[NH2+]CCc3c2cc(O)c(O)c3Cl)cc1,,,0.5,,
COP(=S)(OC)Oc1ccc(SC)c(C)c1,,,,,3.1889999999999996
NC(=O)C(N)=O,,,,,2.294
Cc1ccnc2nc(Cc3nc4cc(C(=N)N)ccc4[nH]3)[nH]c12,-7.0500002,,,,
Nc1ncnc2c1c(COc1cccc(Cl)c1)nn2C1CCOCC1,,95.23,,,
Cc1cc(NC(O)=C2C(=O)c3ccccc3S(=O)(=O)N2C)no1,-4.6100001,,,,
CCNc1nc(NCC)nc(OC)n1,,,,,2.5669999999999997
CCC(=O)C(C)=O,,,,,1.523
CCS(=O)(=O)CCn1c(N(O)O)cnc1C,-4.52,,,,
O=C(CF)Nc1ccccn1,,,,,4.285
CCOC(C1=NCCCN1)c1ccc2c(c1)CCC2,,,,,2.537
C[C@@H]1NC(=O)[C@H](C)N(C)C(=O)[C@@H](C)N(C)C(=O)[C@H](C)NC(=O)[C@@H](C)NC(=O)[C@@H](C)NC1=O,-5.3000002,,,,
CC1(C)CC(N=C=O)CC(C)(CN=C=O)C1,,,,,1.663
Cc1ccc2c(c1)c(-c1ccnc3cc(Cl)ccc13)c(C)n2CC(=O)O,,99.82,,,
Cc1ccccc1N1C(=O)C=CC1=O,,,,,2.8739999999999997
Clc1ccc2nsnc2c1NC1=[NH+]CCN1,,,2.4,,
COP(=O)(OC)ON1C(=O)c2cccc3cccc(c23)C1=O,,,,,3.662
Cc1c(N)c(=O)n(-c2ccccc2)n1C,,,,,2.0780000000000003
COC(C)=NC#N,,,,,2.356
COP(=S)(OC)OC1CC(C)CCC1C(C)C,,,,,2.573
CCCN1C(=O)C2C3C=C(C(O)(c4ccccc4)c4ccccn4)C(C3=C(c3ccccc3)c3ccccn3)C2C1=O,,,,,4.205
C=CC1=C(C)c2cc3[nH]c(cc4[nH+]c(cc5[nH]c(cc1[nH+]2)c(C)c5CCC(=O)OC)C(CCC(=O)[O-])=C4C)C1(C)C3=CC=C(C(=O)OC)C1C(=O)OC,,,0.51,,
C1=CC(OC2C=CCC2)CC1,,,,,2.282
CCCCN(C)N=O,,,,,2.951
CCCC(Cn1cncn1)c1ccc(Cl)cc1Cl,,,,,2.126
CN(C)C1CC(c2ccccc2)c2ccccc21,,,,,3.13
Clc1c(Cl)c(Cl)c2c(c1Cl)Oc1c(Cl)c(Cl)c(Cl)c(Cl)c1O2,,,,,5.662999999999999
CCCCCCCCCCCC(=O)OC1=C(c2c(C)cc(C)cc2C)C(=O)c2ccccc21,,,,,1.672
CN(c1nc2ccccc2s1)C1CC[NH+](CC(O)COc2ccc(F)c(F)c2)CC1,,,2.6,,
CCN(CCCl)CCCl,,,,,4.833
Cc1nc(-c2cccc(C(F)(F)F)c2)sc1C(=O)O,,99.7,,,
CC(=O)CC(c1ccc([N+](=O)[O-])cc1)c1c(O)c2ccccc2oc1=O,,,,,2.838
O=[N+]([O-])c1ccc(O)cc1,,,,,2.745
CCS(=O)(=O)Nc1c(C)cc(OC(=O)NC)cc1C,,,,,2.565
O=C(CF)Nc1ccc(-c2ccccc2)cc1,,,,,4.36
CC(NC(=O)c1cc(O)nc2ccccc12)c1ccccc1,,64.01,,,
CC(C)CNC(=O)[C@H](C)NC[C@H](Cc1ccccc1)NC(=O)c1cc(CCC2C[C@@H]2C)cc(N(C)S(C)(=O)=O)c1,-4.6197886,,,,
O=c1[nH]cc(F)c(=O)[nH]1,,,0.23,0.12,2.752
CCCCOP(OCCCC)OCCCC,,,,,1.921
O=C(C(F)(F)Cl)C(F)(F)Cl,,,,,3.513
CCCOC(=O)CCC(=O)N(CC)CC,,,,,1.219
CC(C)[C@H](C(=O)Nc1nccs1)c1ccc(Cl)cc1,,99.26,,,
COC(C)(C)CCCC(C)CC=CC(C)=CC(=O)OC(C)C,,,,,1.094
CNc1nc(C)c(-c2nc(Nc3cccc(N4CCCNCC4)c3)ncc2C#N)s1,,88.59,,,
CCCCOCCCC,,,,,1.245
C[C@H](CO)Nc1nc(SCc2cccc(F)c2F)nc2nc(NC3CC3)sc12,,98.78,,,
Cn1cc(C2=C(c3cn(C4CCN(Cc5ccccn5)CC4)c4ccccc34)C(=O)NC2=O)c2ccccc21,,99.83,,,
CCCP(=O)(CCC)CCC,,,,,2.097
O=C1C(O)N=C(c2ccccc2F)c2cc(Cl)ccc2N1CCO,,,,,2.136
CN1CCCC1c1cccnc1,,,,,3.511
CCCCN1C(=O)N(Cc2ccc3[nH]nc(N)c3c2)[C@H](Cc2ccccc2)[C@H](O)[C@@H](O)[C@H]1Cc1ccccc1,-5.6788902000000006,,,,
CCN(CC)N=O,,,,,2.562
COP(=S)(S)OC,,,,,2.199
CN1CCC2(C)c3cc(OC(=O)NCCCCCCCCCCN4CCOCC4)ccc3N(C)C12,,,,,4.085
CC(C)(C)c1cc(Br)c2nc(C(F)(F)F)[nH]c2c1,,,,,3.3
O=c1c([O-])c(-c2ccc(O)c(O)c2)oc2cc([O-])cc(O)c12,,,0.12,,
CN1C(C(=O)Nc2ccccn2)=C([O-])c2sccc2S1(=O)=O,,,0.19,,
O=S(=O)(C(Cl)CCl)C(Cl)CCl,,,,,3.017
NCC(=O)O,,,,,0.976
CC1=C(C(C)C)CC=CC1,,,,,1.504
CC(C)=CCC(CCN1CCCC1)(C(N)=O)c1cccc2ccccc12,,,,,3.693
C=CC1OCCO1,,,,,3.073
C#C[C@]1(O)CC[C@H]2[C@@H]3CCc4cc(OS(=O)(=O)O)ccc4[C@H]3CC[C@@]21C,,,,8.4,
CC(C)=C1CCC(C)CC1=O,,,,,2.51
CCn1cc(C(=O)O)c(=O)c2cc(F)c(N3CCNC(C)C3)c(F)c21,-4.8000002,,,,1.966
Cc1onc2c(=O)n(-c3ccccc3)nc(-c3ccccc3)c12,,,,,2.482
CCC1(c2ccccc2)C(=O)NCNC1=O,,,,,2.1630000000000003
CCOCC(O)(c1ccc(Cl)cc1)c1ccc(Cl)cc1,,,,,1.794
CNC(=O)C(c1ccc2nc(N)n(C3CCCC3)c2c1)c1ccccc1F,-4.907450700000001,,,,
CC(C)N(CCCNC(=O)Nc1ccc(C(C)(C)C)cc1)C[C@H]1O[C@@H](n2ccc3c(N)ncnc32)[C@H](O)[C@@H]1O,,79.92,,,
COc1cccc2c(O)nc(-c3ccc(C(F)(F)F)cc3)nc12,,94.56,,,
CCOc1c(N2CCOCC2)cnn(C)c1=O,,,,,2.1
CC[N+]1(C)CCCC(OC(=O)C([O-])(c2ccccc2)c2ccccc2)C1,,,,,2.619
CN1CCN(c2ccc3ncc(C(N)=O)c(Nc4ccc(Cl)c(Cl)c4)c3c2)CC1,,94.19,,,
Cc1cc(C)c(C)cc1C,,,,,1.283
Cc1c(Br)cc2[nH]c(C(F)(F)F)nc2c1[N+](=O)[O-],,,,,3.592
CNC(=O)ON=C1SC(=NC(C)C)SC1(C)C,,,,,4.4910000000000005
COc1ccccc1C1C(Cl)C(=O)N1c1ccccc1C(=O)O,,,,,2.141
COCCOc1nc(N)c2[nH]c(=O)n(Cc3ccccc3)c2n1,,89.49,,,
O=S(=O)(O)c1ccccc1O,,,,,1.962
CC1(C)C2CC=C(C=O)C1C2,,,,,1.815
CCCCN1CCOCC1,,,,,2.627
Cc1cccc(O)c1,,,,,2.65
CCN(CC)CCN1C(=O)[C@@](O)(c2ccccc2Cl)c2c1cc(C(N)=O)cc2C(F)(F)F,,71.05,,,
CCOC(=O)c1ccccc1S(=O)(=O)NC(=O)Nc1nc(Cl)cc(OC)n1,,,,,2.005
CCOCCC=O,,,,,2.055
CC1=C(C)S(=O)(=O)CCS1(=O)=O,,,,,2.262
O=c1oc2cc(Cl)ccc2n1CCl,,,,,1.967
CN1CCCC/C=C\[C@@H]2C[C@@]2(C(=O)NS(=O)(=O)C2CC2)NC(=O)[C@@H]2C[C@@H](Oc3nc(-c4ccccc4)nc4ccccc34)C[C@H]2C1=O,-4.6799998,,,,
COc1c(OP(=S)(OCC(C)C)OC(C)C)cnn(C)c1=O,,,,,3.829
COc1c(C)cc(C2(c3cccc(-c4cncnc4)c3)N=C(N)c3c(F)cccc32)nc1C,,96.57,,,
CCCOP(=O)(CC)SCCC,,,,,5.0680000000000005
CN[C@@H](C)C(=O)N[C@H](C(=O)N[C@H]1CCN(CCc2ccccc2)C1)C1CCCCC1,,55.73,,,
CCCCCCCCCCCCN(C)C,,,,,2.46
CC=C1C2C=C(C)CC1(N)c1ccc(=O)[nH]c1C2,,,,,4.208
CCC[NH2+]C1CCc2nc(N)sc2C1,,,7.0,,
CCC(CC)COCCO,,,,,1.884
Cc1ccccn1,,,,,2.0709999999999997
CC(CC(c1ccccc1)c1ccccc1)[NH2+]C(C)(C)C,,,5.1,,
CCCOc1ccc(C=O)cc1,,,,,1.995
OCC(O)C(O)C(O)CO,,,,,0.965
CC1(C)CC(NC2CC(C)(C)NC(C)(C)C2)CC(C)(C)N1,,,,,2.135
C#CCN(C)[C@H](C)Cc1ccccc1,,72.91,,1.3,
Cc1ccccc1[N+](=O)[O-],,,,,2.187
CCC(O)OC(O)CC,,,,,0.956
CC(S)C(=O)NCC(=O)O,,,,,2.099
CCN(CC)c1nc(Cl)nc(NC(C)C)n1,,,,,2.156
CC(C)(C)c1cc(C2C(=O)c3ccccc3C2=O)cc(C(C)(C)C)c1,,,,,3.237
O=C(NCC12CC3CC(CC(C3)C1)C2)c1cc(OCCNCCCO)ncc1Cl,,89.05,,,
CCCCCc1cc(O)c2c(c1)OC(C)(C)C1CCC(C)=CC21,,,8.9,,2.674
c1ccc2c(c1)Oc1ccccc1O2,,,,,2.1790000000000003
COc1ccc2cc(C(C)C(=O)OCCOCCO)ccc2c1,,,,,2.698
CCC(=O)OC1=C(OC(=O)CC)C(=O)OC1=O,,,,,1.685
C=COCCCCCCCCCC,,,,,1.67
C=C(C)C(C)=O,,,,,2.67
Nc1nc(-c2ccccn2)nc(N)c1Cc1ccc(Cl)cc1Cl,,98.61,,,
COC(=O)CCc1ccc(OCC(O)CNC(C)C)cc1,,,,0.15,
CNC=O,,,,,1.169
Cn1cc[nH]c1=S,,18.99,0.86,2.4,1.705
Cc1cccc(N2CCN(CC=Cc3ccc4c(c3)CCC(=O)N4)CC2)c1,,,,,2.859
CCCCC(CC)COC(=O)CCCCCCCCCCC(=O)OCC(CC)CCCC,,,,,1.325
C=CC(N)=O,-4.5693183,,,,2.758
Cc1cccc([N+](=O)[O-])c1[N+](=O)[O-],,,,,2.301
CN1C(=O)CC[C@H]1c1cccnc1,,,,17.0,
C1CNCCNC1,,,,,1.5490000000000002
Cc1cnc([N-]C(=O)C2=C([O-])c3ccccc3S(=O)(=O)N2C)s1,,,0.15,,
NC(N)=NC(=O)c1nc(Cl)c(N)nc1N,-5.5642352,,,,
O=C(CCCN1CC[Si](O)(c2ccc(Cl)cc2)CC1)c1ccc(F)cc1,,94.56,,,
FCOC(C(F)(F)F)C(F)(F)F,,,,,1.268
COc1cc(OC)c(S(=O)(=O)N2c3ccccc3Oc3ccccc32)cc1NC(=O)CCC(=O)O,,97.6,,,
COc1cc2nc(N3CCN(C(=O)c4ccco4)CC3)nc(N)c2cc1OC,-4.987,96.0,0.73,2.0,
OCCN1CCN(CCCN2c3ccccc3Sc3cc(Cl)cnc32)CC1,,,,,2.79
CSc1ccc(Cl)cc1,,,,,2.5980000000000003
COc1cc(NCc2ccc3nc(N)nc(N)c3c2C)cc(OC)c1OC,,,0.77,17.0,
CC(C)S(=O)(=O)N(C)c1cc(C(=O)N[C@@H](Cc2ccccc2)[C@@H](N)CF)cc(NC[C@H]2C[C@@H]2C)n1,,95.53,,,
CC(=O)NC(=O)c1ccccc1O,,,,,1.952
Cc1cc(Nc2nc(N[C@@H](C)c3ncc(F)cn3)nc(N3CCOCC3)c2F)n[nH]1,,91.64,,,
CCC(CO)(CO)CO,,,,,0.978
CCCCC(O)CC,,,,,1.793
O=C(CCCN1CC=C(n2c(=O)[nH]c3ccccc32)CC1)c1ccc(F)cc1,,,,,2.7039999999999997
C[C@@H](NC(=O)[C@H]1CCCCN1)c1ccc(Nc2ncc3cc(-c4ccncc4)ccc3n2)cc1,,95.12,,,
C=CC1=C(C)c2cc3[nH]c(cc4[nH+]c(cc5[nH]c(cc1[nH+]2)c(C)c5CCC(=O)[O-])C(CCC(=O)OC)=C4C)C1(C)C3=CC=C(C(=O)OC)C1C(=O)OC,,,0.63,,
CC(C)(C)CCCCCCOC(=O)c1ccccc1C(=O)OCCCCCCC(C)(C)C,,,,,0.8440000000000001
CC(Cl)=CCl,,,,,1.744
CC(=O)Nc1ccc(C(=O)CCl)cc1,,,,,1.993
FC(F)(F)c1nc2c(Br)c(Cl)c(Cl)c(Br)c2[nH]1,,,,,5.08
CC(=[NH2+])N1CCC(SC2=C(C(=O)[O-])N3C(=O)C(C(C)O)C3C2)C1,,,0.19,,
COP(C)(=O)SC,,,,,4.628
COC(=O)c1cc(O)c(O)c(O)c1,-5.3899999,,,,
FC(F)(F)c1nc2c(Br)c(Cl)c(Cl)c(Cl)c2[nH]1,,,,,4.9510000000000005
CCOP(C)(=O)SCCN(C)C,,,,,6.2379999999999995
C1CCC(NC2CCCCC2)CC1,,,,,2.687
COc1cnc(-c2ccccc2C(F)(F)CNC(=O)c2ccc(COCC(F)(F)F)nc2)cn1,,99.31,,,
CC(Cc1ccccc1)NC(C#N)c1ccccc1,,,,,3.823
CCO[Si](CC)(OCC)OCC,,,,,1.138
CNS(=O)(=O)Cc1ccc2[nH]cc(CC[NH+](C)C)c2c1,,,1.7,,
C=CC[N+]1(C2CC3C4CCC5CC(O)C([NH+]6CCOCC6)CC5(C)C4CCC3(C)C2OC(C)=O)CCCC1,,,0.21,,
COC[C@H]1O[C@@H](O[C@@H]2OC[C@@H]3O[C@@]4(OC[C@@H](OC(=O)c5c(C)cc(O)cc5O)[C@@H]5OCO[C@H]54)O[C@H]3[C@H]2O)[C@@H](OC)[C@@H](O)[C@@H]1O[C@@H]1O[C@H](C)[C@H](OC)[C@H](O[C@@H]2O[C@H](C)[C@H]3O[C@]4(C[C@@H](O)[C@H](O[C@H]5C[C@@H](O[C@H]6C[C@](C)([N+](=O)[O-])[C@@H](OC)[C@H](C)O6)[C@H](OC(=O)c6c(C)c(Cl)c([O-])c(Cl)c6OC)[C@@H](C)O5)[C@@H](C)O4)O[C@]3(C)[C@@H]2O)[C@H]1O,,,0.39,,
CCCSP(=O)(OCC)SCn1c(=O)oc2cc(Cl)cnc21,,,,,2.583
N#CCCNC(=O)CCl,,,,,2.553
CCS,,,,,1.96
CCNC(=O)c1cc2c(-n3ccc(C(F)(F)F)n3)c(-c3cncc(C(=O)O)c3)cnc2[nH]1,,88.35,,,
Cc1ccc(N)c(S(=O)(=O)O)c1,,,,,1.204
O=C(O)c1cc(Cl)ccc1C(=O)c1ccccc1,,,,,1.848
O=C(O)C(=O)O,,,,,2.38
c1ccc2c(C(CCN3CCOCC3)CCN3CCOCC3)cccc2c1,,,,,2.716
CCOC(=O)COc1ccc(C(=O)CN2CCN(C3CCN(C(=O)OC(C)OC(=O)C(C)(C)C)CC3)CC2=O)cc1,-4.1399998999999985,,,,
CN(C)Cc1cc(C(C)(C)C)c(O)c(C(C)(C)C)c1,,,,,2.408
COc1ncc(-c2cccc3c2C[C@H](NC(=O)c2ccc(COCC(F)(F)F)nc2)CO3)cn1,,96.34,,,
N#Cc1ccc2c(c1)CN(S(=O)(=O)c1cccs1)[C@H](Cc1ccccc1)CN2Cc1c[nH]cn1,,,,1.6,
CC(OCCCl)OCCCl,,,,,2.781
CC(C)(C)C(=O)C(Oc1ccc(Cl)cc1)n1ccnc1,,,,,2.864
Nc1ccc(Cl)cc1Cl,,,,,2.005
Nc1nc(O)c2ncn([C@@H]3C[C@H](CO)[C@H]3CO)c2n1,-6.0555172,,,,
CCCCN(CCN(CCCC)C(=O)N1CCOCC1)C(=O)N1CCOCC1,,,,,3.1689999999999996
C1CCc2c(OCCN3CCOCC3)n[nH]c2C1,,,,,2.1959999999999997
NCCNCCO,,,,,1.541
CN(C1CCCCC1)C1CCCCC1,,,,,2.641
N#Cc1cccc(-c2cc(Cl)ccc2OCC(=O)O)c1,,99.25,,,
CC[C@@]1(O)C(=O)OCc2c1cc1n(c2=O)Cc2c-1nc1cc(F)c(C)c3c1c2[C@@H](N)CC3,,,,6.7,
CCC(C)C(C)C=O,,,,,1.509
CCn1c(=O)oc2ccc(Cl)cc21,,,,,2.165
CCNC(=O)NC(=O)C(C#N)=NOC,,,,,2.256
Oc1ccc2ccccc2c1,,,,,1.867
O=CC(Cl)CCl,,,,,2.9
Nc1nc(Nc2cccc(Br)c2)c2nc[nH]c2n1,,64.54,,,
O=C=NCc1cccc(CN=C=O)c1,,,,,1.546
O=P(CC(Br)CCl)(OC(CCl)CBr)OC(CCl)CBr,,,,,2.7060000000000004
CCOP(=O)(OCC)Oc1ccc(S(C)(=O)=O)c(C)c1,,,,,4.598
CCCC(=O)OC(=O)CCC,,,,,1.255
CCCCC(CC)COC(=O)OOC(=O)OCC(CC)CCCC,,,,,2.531
CC(=O)NC(N)=S,,,,,3.373
C=CCc1cc(OC)c(OC(C)C(O)c2ccc(OC)c(OC)c2)c(OC)c1,-4.619999900000002,,,,
CC(=O)C1(O)Cc2c(O)c3c(c(O)c2C(OC2CC([NH3+])C(O)C(C)O2)C1)C(=O)c1ccccc1C3=O,,,38.0,,
Cc1ccc2c(c1)CC(=O)c1cc(C(C)C(=O)OCCOCCO)ccc1O2,,,,,3.244
Cc1ccccc1OCC(O)COC(N)=O,,,,,2.331
CCCCNC,,,,,2.3169999999999997
C1CS1,,,,,2.529
COC(=O)c1ccccc1C(=O)OC,,,,,1.456
CSC(=S)N(C)C,,,,,3.339
CCc1cc(=O)c2ccccc2o1,,,,,2.095
C=C1CC(=O)N(c2cccc([N+](=O)[O-])c2)C1=O,,,,,1.968
OCCOCCOc1ccccc1,,,,,1.93
COCCOCCOC(C)=O,,,,,1.132
CNC(=O)ON=C(CSC)C(C)(C)C,,,,,4.41
CC(=O)Nc1cc(Cl)c([N+](=O)[O-])cc1Cl,,,,,1.945
CN(C)C(=S)C=Cc1ccc2c(c1)OCO2,,,,,2.4219999999999997
Oc1cc(Cl)ccc1Oc1ccc(Cl)cc1Cl,,,,,1.894
CCOC(C1=NCC(C)(CC)CN1)c1ccc(Cl)cc1,,,,,3.428
CC(C)Nc1nc(Cl)nc(NC(C)C)n1,,,,,1.777
CNc1nc(Cl)nc(NC(C)C)n1,,,,,2.43
COc1cc2c(cc1OC)C1CC(O)C(CC(C)C)CN1CC2,-4.598685700000001,,,,
COP(=S)(OC)Oc1ccc([N+](=O)[O-])c(C)c1,,,,,3.045
CC(=O)N[C@@H](CCN)C(=O)N[C@H](C(=O)N[C@@H](CCN)C(=O)N[C@H]1CCNC(=O)[C@H]([C@@H](C)O)NC(=O)[C@H](CCN)NC(=O)[C@H](CCN)NC(=O)[C@H](CC(C)C)NC(=O)[C@@H](Cc2ccccc2)NC(=O)[C@H](CCN)NC1=O)[C@@H](C)O,,64.54,,,
Cc1ccccc1Oc1cccnn1,,,,,1.78
C[C@@H]1O[C@@H](c2ccc(Cl)cc2)OC[C@H]1NC(=O)Cc1ccccc1,-4.9920392,,,,
CC(C=CC1=C(C)CCCC1(C)C)=CC=CC(C)=CC(=O)O,,,,,2.185
CN(C)CCNN,,,,,1.689
C=CCn1ccc(=O)c(O)c1C,,,,,2.315
C[C@@H]1O[C@@H](O[C@H]2[C@@H](O)C[C@H](O[C@H]3C[C@](O)(C(=O)CO)Cc4c(O)c5c(c(O)c43)C(=O)c3ccccc3C5=O)O[C@H]2C)C[C@H](N)[C@@H]1O,,,,21.0,
CC(=O)CC(C)C,,,,,1.683
COC1OC(CNC(=O)N(CCCl)N=O)C(O)C(O)C1O,,,,,3.849
O=C1CCOc2ccccc21,,,,,1.7480000000000002
O=C(c1ccccc1)N1CCN=C1Nc1c(Cl)cccc1Cl,,,,,3.691
Cc1ccc(N2CCN(C(=O)[C@H](C)Cc3ccc(Cl)cc3)CC2)c([C@@H](NC(=O)CCN(C)C)C(C)C)c1,-4.3886080000000005,,,,
COP(=O)(OC)C(OC(C)=O)=C(Cl)Cl,,,,,2.943
CCC(CC)NC(=O)c1cnn(-c2ccccc2)c1NS(=O)(=O)C1CCCC1,,99.78,,,
CC(C(=O)O)c1ccc2c(c1)OCc1cc(Cl)ccc1C2=O,,,,,4.422
CC1(COCCOCC2(C)CO2)CO1,,,,,1.433
Cc1cc(F)ccc1OC1CCN(CC2CCN([C@@](C)(Cc3ccc(F)cc3)C(=O)O)CC2)CC1,,53.45,,,
CC(O)C[NH+]1CCN(CCOC(c2ccccc2)c2ccc(Cl)cc2)CC1,,,1.9,,
Nc1ccccc1-c1ccccc1,,,,,1.859
CC(=O)Oc1ccc(C)cc1,,,,,1.898
CN(C)CCCN1c2ccccc2CCc2ccccc21,-4.8509998,87.87,,16.0,3.05
CC(C)C[C@H](CO)Nc1nc(S[C@@H](C)c2ccccc2)nc2[nH]c(=O)sc12,,99.9,,,
OCc1ccncc1,-4.0902224,,,,
C=CCc1ccc(OC=O)c(OC)c1,,,,,1.7519999999999998
CN(C)C(=O)Nc1cccc(OC(=O)NC(C)(C)C)c1,,,,,1.969
CCO[Si](C)(CCCCN)OCC,,,,,1.5
O=CC=CC1CO1,,,,,3.199
Cc1onc(-c2c(Cl)cccc2Cl)c1NC(=O)OCc1c(F)cccc1Cl,,99.8,,,
CCOc1cc(OCC)c(C(=O)CCC(=O)O)cc1OCC,,,,,2.103
c1ccc2c(c1)OCC(C1=[NH+]CCN1)O2,,,3.3,,
CCOc1ccccc1OCC(O)CNCCNCC(O)COc1ccccc1OCC,,,,,2.904
CCOC(=O)CCl,,,,,2.833
CCOC(=O)C1(CCCCCCOc2ccc(Cl)cc2)CO1,,,,,3.116
C=CN(CC)C(C)=O,,,,,1.663
Cc1cnc(C)c(C)n1,,,,,2.181
CCOP(=S)(OCC)Oc1ccc2c(C)c(Cl)c(=O)oc2c1,,,,,4.446000000000001
C[NH+](C)CCCN1c2ccccc2Sc2ccccc21,,,8.1,,
CC(OP(=O)(OCCCl)C(C)OP(=O)(CCCl)OCCCl)P(=O)(OCCCl)OCCCl,,,,,2.3480000000000003
C[NH+]1CCN(C(=O)OC2c3nccnc3C(=O)N2c2ccc(Cl)cn2)CC1,,,1.3,,
CCOC(C)=O,,,,,1.195
C[NH+](C)CCNc1ccc2c3c(nn2CC[NH2+]CCO)-c2cnccc2C(=O)c13,,,57.0,,
CSP(=O)(SC)SC,,,,,3.798
C=CCc1ccc(OC(=O)NC)c(OC)c1,,,,,2.947
COc1ccc2[nH]cc(CCNC(C)=O)c2c1,,,1.1,,
N=C(N)N[C@@H](CS)C(=O)O,,,0.25,,
COP(=S)(OC)Oc1ccc([N+](=O)[O-])c(Cl)c1,,,,,2.678
Cn1nc(C(=O)NC2CC3CCCC(C2)[NH+]3C)c2ccccc21,,,3.7,,
O=C1c2ccccc2-n2c1nc1ccccc1c2=O,-4.1999998,,,,
O=C(O)C(F)(F)C(F)(F)C(F)(F)C(F)(F)C(F)(F)C(F)(F)C(F)(F)C(F)(F)C(F)(F)F,,,,,3.955
COc1cc(Nc2nc(N[C@@H](C)c3ncc(F)cn3)ncc2Br)n[nH]1,,87.62,,,
N[NH+]=c1[nH]ncc2ccccc12,,,1.5,,
N[C@@H](C(=O)N[C@@H]1C(=O)N2C(C(=O)O)=C(Cl)CC[C@H]12)c1ccccc1.O,-7.3400002,,,,
NC1CONC1=O,-5.4400001,,,,
CCC(C)NP1(=S)OCc2cc([N+](=O)[O-])ccc2O1,,,,,3.384
CN[C@@H](C)C(=O)N[C@H](C(=O)N1CCC[C@H]1C(=O)N[C@H](C(=O)OC)C(c1ccccc1)c1ccccc1)C1CCCCC1,,82.39,,,
CC(C)=CCC[N+]12CCC(CC1)[C@@H](OC(=O)[C@](C)(c1ccccc1)N1CCCCC1)C2,,91.46,,,
CCON=C(OC(=O)c1ccccc1)c1c(OC)ccc(Cl)c1OC,,,,,1.385
C[C@H](CO)Nc1nc(SCc2ccco2)nc2nc(N)sc12,,88.35,,,
CC(=O)C=CC1C(C)C=C(C)CC1C,,,,,1.568
NC1=NC(C(F)(F)F)(C(F)(F)F)NC1(C(F)(F)F)C(F)(F)F,,,,,4.274
CS(=O)(=O)N(CCO)c1c(Cl)c(Cl)cc2[nH]c(=O)c(=O)[nH]c12,,,0.8,1.4,
C=C(CCl)CCl,,,,,2.9210000000000003
CC(Cc1ccc(C(C)(C)C)cc1)CN1CC(C)OC(C)C1,,,,,1.933
COc1c(N2C[C@@H]3CCCN[C@@H]3C2)c(F)cc2c(=O)c(C(=O)O)cn(C3CC3)c12,,30.88,,8.2,
CCN(CCO)c1ccc(N=O)c(C)c1,,,,,2.792
COc1cc2c(Nc3ccc(F)c(Cl)c3)c(C(N)=O)cnc2cc1OCCN(C)CCO,,67.12,,,
C=CCc1cc(OC)c2c(c1)OCO2,,,,,1.654
C=C(C)c1cccc(C(C)(C)N=C=O)c1,,,,,1.812
Cc1cc(-n2c(C)nc3ccccc3c2=O)n(-c2ccccc2)n1,,,,,2.245
CCCOP(=S)(OCCC)SCC(=O)N1CCCCC1C,,,,,3.0380000000000003
O=C1C[C@@H](c2ccc(O)cc2)Oc2cc(O)cc(O)c21,-4.6550002,,,,
CSCC[C@H](NC(=O)[C@H](Cc1ccccc1)NC(=O)CNC(=O)CNC(=O)[C@@H](N)Cc1ccc(O)cc1)C(=O)O,-7.380000099999998,,,,
CNC(=O)Oc1cc(C(C)C)ccc1C,,,,,2.9189999999999996
CC(NC(=O)C(Cc1c[nH]c2ccccc12)NC(=O)C(N)Cc1c[nH]cn1)C(=O)NC(Cc1c[nH]c2ccccc12)C(=O)NC(Cc1ccccc1)C(=O)NC(CCCC[NH3+])C(N)=O,,,0.42,,
CCOC(=O)C(CCc1ccccc1)NC(C)C(=O)N1C(C(=O)O)CC2CCCCC21,,,,,2.236
NS(=O)(=O)N1CCN(C2CN(CC[C@]3(c4ccc(Cl)c(Cl)c4)CCC(=O)N(CC4CC4)C3)C2)CC1,-5.8969545,,,,
Cc1ccc(S(=O)(=O)Nc2c(C(=O)N[C@@H](C)C(C)(C)C)c(C)nn2C2CCN(C)CC2)cc1,,54.59,,,
CN1CCC(=C2c3ccccc3CC(=O)c3sccc32)CC1,-4.9499998,,,,
CNC(=O)Oc1ccccc1C1OCC=CCO1,,,,,3.853
O=C1CCCCC1Cc1ccc2c(c1)OCO2,,,,,1.471
CCN(N=O)C(N)=O,,,,,2.591
CCOP(=S)(CCl)Oc1ccc([N+](=O)[O-])cc1,,,,,3.367
OC1(c2ccccc2)c2cc(F)ccc2C2=NCCN21,,,,,3.827
COc1ccccc1OCCOC(=O)c1ccccc1OC(C)=O,,,,,2.051
CCCC(=O)Nc1ccc(OCC(O)C[NH2+]C(C)C)c(C(C)=O)c1,,,1.7,,
CCOC(C1=NCC(C)(CC)CN1)c1cccc(F)c1,,,,,3.227
CCOP(=O)(OCC)OP(=O)(OCC)OCC,,,,,5.763999999999999
Cc1c(C)c2c(c(C)c1O)CCC(C)(C(=O)O)O2,,,,,1.765
CC(C)c1ccccc1N,,,,,2.059
C[NH2+]C1C(O)C(OC2C(NC(=O)C(O)CC[NH3+])CC([NH3+])C(OC3OC(CNCCO)=CCC3[NH3+])C2O)OCC1(C)O,,,0.22,,
NC(=O)C(c1ccccc1)(c1ccccc1)[C@@H]1CCN(CCc2ccc3c(c2)CCO3)C1,,95.12,,3.6,
O=C1C2=C(CCCC2)C(=O)N1c1ccc(Cl)cc1,,,,,1.038
CCCCCCCCOC(=O)c1ccccc1C(=O)OCCCCCCCC,,,,,0.92
CCS(=O)CC,,,,,1.274
CC(C)(Oc1ccc(Cl)cc1)C(=O)N1CCN(c2ccccn2)CC1,,99.23,,,
S=C1N=CC=NC(=S)SSSS1,,,,,1.501
C[C@H](CO)Nc1nc(SCc2ccccc2F)nc2[nH]c(=O)sc12,,99.86,,,
COc1cc(OC)c2nc(C)c3c(c2c1)N(c1ccc(O)cc1)CC3,,88.82,,,
CCOP(=S)(OC)SCN1C(=O)c2ccccc2C1=O,,,,,3.821
O=C(CCCN1CCC(n2c(=S)[nH]c3ccccc32)CC1)c1ccc(F)cc1,,,,,3.234
CO[C@@]1(NC(=O)CSCC#N)C(=O)N2C(C(=O)O)=C(CSc3nnnn3C)CS[C@@H]21,,80.65,,1.5,
CCCCCCNCCCCCC,,,,,2.688
CCNC(=O)c1cc2c(-n3ccc(C(F)(F)F)n3)c(-c3cncc(C(=O)NC)c3)cnc2[nH]1,,85.19,,,
Cc1ccc(-c2[nH]cnc2C)cc1NC(=O)c1ccc(OCc2ccccn2)cc1,,93.67,,,
Clc1ccc2ocnc2c1,,,,,2.373
Nc1ncn([C@H]2C[C@H](O)[C@@H](CO)O2)c(=O)n1,,,,0.58,
Oc1ccccc1Cl,,,,,3.5069999999999997
O=C(Cn1ccnc1[N+](=O)[O-])NCC(O)C(F)(F)F,,,0.69,,
O=C1OC(=O)c2ccccc21,,,,,1.5659999999999998
CN[C@@H](C)C(=O)N[C@H](C(=O)N1CC[C@H]2CCN(CCc3ccccc3)C[C@H]21)C1CCCCC1,,94.32,,,
Cc1nnc2n1-c1sc(Br)cc1C(c1ccccc1Cl)=NC2,,,0.75,4.8,
[O-][N+](=Nc1ccccc1)c1ccccc1,,,,,2.505
CC[C@]1(O)C[C@@H]2CN(CCc3c([nH]c4ccccc34)[C@@](C(=O)OC)(c3cc4c(cc3OC)N(C)[C@H]3[C@@](O)(C(N)=O)[C@H](O)[C@]5(CC)C=CCN6CC[C@]43[C@@H]65)C2)C1,,,,35.0,
S=C1NCCNC(=S)S1,,,,,2.8710000000000004
CCOc1nn(CSP(=S)(OC)OC)c(=O)s1,,,,,3.072
CCC(C(=O)O)C1OC(C(C)C(O)C(C)C(=O)C(CC)C2OC3(C=CC(O)C4(CCC(C)(C5CCC(O)(CC)C(C)O5)O4)O3)C(C)CC2C)C(C)CC1C,,,,,4.617
O=P(CCCl)(OCCCl)OCCCl,,,,,2.486
CN1CCCN(C(c2ccccc2)c2ccc(Cl)cc2)CC1,,93.94,,,2.8080000000000003
COc1cc(OC)c(S(=O)(=O)N2c3ccccc3CCC2C)cc1NC(=O)CSCC(=O)O,,87.37,,,
CN1C2CCCC1CC(NC(=O)c1nn(C)c3ccccc13)C2,,,,5.2,
Nc1ncnc2c1ncn2[C@@H]1O[C@H](CSCCCNC(=O)NCc2ccccc2)[C@@H](O)[C@H]1O,,84.6,,,
CCN1CC(CCN2CCOCC2)C(c2ccccc2)(c2ccccc2)C1=O,,,1.2,4.1,
Fc1ccc(C2CC[NH2+]CC2COc2ccc3c(c2)OCO3)cc1,,,18.0,,
CCOC(=S)C=Cc1ccc(N(C)C)cc1,,,,,3.293
CCS(=O)(=O)c1ccc(-c2cc(C(F)(F)F)ccc2O[C@@H](C)C(=O)O)c(C)c1,,95.82,,,
COP(=S)(OC)SCc1nnc(C)o1,,,,,3.5010000000000003
O=[N+]([O-])c1cc(Cl)c(N=Nc2ccc(N3CCS(=O)(=O)CC3)cc2)c(Cl)c1,,,,,2.128
C/C=C/C#CCC/C=C\C=C\C(=O)NCC(C)C,-4.0,,,,
CC(C#N)CCC#N,,,,,2.432
CCN(CCO)C(=O)c1cc2cccnn2c1-c1cccc(C(F)(F)F)c1,,95.72,,,
CC(CS)C(=O)N1CCCC1C(=O)[O-],,,0.75,,
O=C(NC1CC1)c1cc(-c2cccs2)on1,,92.32,,,
O=C(O)c1cccnc1Nc1cccc(C(F)(F)F)c1,,,,,3.053
CCc1[nH]c2nc(Sc3cnc4ccc[n+]([O-])c4c3)nc(N3CC[C@@H](N)C3)c2c1Cl,,79.55,,,
O=[N+]([O-])c1ccc(O)c(CNCCO)c1,,,,,3.965
O=C(O)Cn1c(=O)sc2cccc(Cl)c21,,,,,1.91
CC(C)[NH2+]CC(O)COc1ccc(O)cc1,,,4.28,,
COc1cc(C2c3cc4c(cc3C(OC3OC5COC(c6ccccc6)OC5C(O)C3O)C3COC(=O)C23)OCO4)cc(OC)c1O,,,,,2.898
NS(=O)(=O)c1cc(C(=O)O)c(NCc2ccco2)cc1Cl,,98.37,,2.5,2.105
Cn1c(N2CCN(CCN3c4ccccc4Sc4ccc(C(=O)O)cc43)CC2)cc(=O)n(C)c1=O,-5.3099999,,,,
C[C@H](CCc1ccccc1)NC[C@H](O)c1ccc(O)c(C(N)=O)c1,,,,3.3,
O=c1c(Cl)c(Cl)cnn1-c1ccccc1,,,,,1.981
OC1C2C3OC3C1C1C2C2(Cl)C(Cl)=C(Cl)C1(Cl)C2(Cl)Cl,,,,,5.218
CNC(=O)ON=C1CS(=O)CCS1,,,,,4.257
Cn1cncc1CN1CC(N(Cc2ccccn2)S(=O)(=O)c2ccccn2)Cc2cc(C#N)ccc21,-5.7979398,,,,
CC(=O)OCC1=C(C(=O)O)N2C(=O)[C@@H](NC(=O)CSc3ccncc3)[C@H]2SC1,,,,1.2,
Nc1ccc(F)cc1F,,,,,2.197
CCCCOP(=O)(CC)SC,,,,,4.761
CC(C)C#N,,,,,3.141
Cc1ccc(C(C)C)c(O)c1,,,,,2.185
CCc1ccccc1,,,,,1.482
COc1ccccc1N,,,,,1.789
CCP(c1ccccc1)c1ccccc1,,,,,2.6319999999999997
CN(C)CCC(c1ccc(Cl)cc1)c1ccccn1,-4.2800002,,,22.0,3.367
CCOc1ncc(S(=O)(=O)N2CC[NH+](CC)CC2)cc1-c1nc(=O)c2nn(CCOC)c(CC)c2[n-]1,,,2.4,,
CS(=O)CC(=NO)C(C)(C)C,,,,,1.948
CCC(CC)COCCC(=O)O,,,,,1.669
Cc1ccc2c(c1)c(S(=O)(=O)c1ccc(Cl)cc1)c(C)n2CC(=O)O,,99.48,,,
O=C(O)CCC(=O)c1ccc2oc3ccccc3c2c1,,,,,2.32
COc1ccc(Cl)cc1NC(=O)CCS(=O)(=O)c1ccc(C)cc1,,97.81,,,
C#CC(C)N(C)C(=O)Nc1ccc(Cl)cc1,,,,,2.121
CN(C)CCC=C1c2ccccc2CCc2sccc21,,,,,2.607
CCOC(=O)c1ccccc1N,,,,,1.644
CCN(CCC#N)c1cccc(C)c1,,,,,1.705
O=S(C(Cl)C(Cl)Cl)C(Cl)C(Cl)Cl,,,,,3.62
CCCc1ccc(OC)cc1,,,,,1.533
CC(=O)C=CC1=C(C)CCCC1(C)C,,,,,1.622
O=C(Cl)C=CC(=O)Cl,,,,,2.276
Cc1cccc2ccccc12,,,,,1.888
COc1cccc(S(=O)(=O)c2c(C)n(CC(=O)O)c3ccc(C)cc23)c1,,99.37,,,
C[C@H]1O[C@@H](O[C@H]2[C@@H](O)C[C@H](O[C@H]3[C@@H](O)C[C@H](O[C@H]4CC[C@]5(C)[C@H]6CC[C@]7(C)[C@@H](C8=CC(=O)OC8)CC[C@]7(O)[C@@H]6CC[C@@H]5C4)O[C@@H]3C)O[C@@H]2C)C[C@H](O)[C@@H]1O,,,,180.0,
CC1CNC(C)CN1,,,,,1.558
Oc1ccc(Nc2ccccc2)cc1,,,,,1.749
CC(C(=O)O)c1ccc(N2Cc3ccccc3C2=O)cc1,,,,,3.525
COc1ccc(O)c(C(N)=O)c1,,,,,1.944
Cc1ncsc1CCCl,,,6.6,4.5,
CN1C(=O)CC(N2CCCN(CCCN3c4ccccc4COc4ccc(CC(=O)O)cc43)CC2)N(C)C1=O,-5.8000002,,,,
CCC(=O)O[C@](Cc1ccccc1)(c1ccccc1)[C@H](C)CN(C)C,,,,18.0,
Cc1cc(C2(c3cccc(-c4cncnc4)c3)N=C(N)c3c(F)cccc32)cn(C)c1=O,,81.01,,,
Cc1oncc1C(=O)Nc1ccc(C(F)(F)F)cc1,,,,,3.0610000000000004
S=C(NNc1ccccc1)NNc1ccccc1,,,,,2.236
COc1c(O)c(Cl)c(Cl)c(Cl)c1Cl,,,,,2.19
Cc1c(Sc2ccc(Cl)cc2)c2c(-c3ccccc3)cccc2n1CC(=O)O,,99.68,,,
C=C(C)C1CC=C(CO)CC1,,,,,1.86
O=C1OC(OC2OC(=O)C(Cl)=C2Cl)C(Cl)=C1Cl,,,,,2.204
COc1cc(C2c3cc4c(cc3C(OC3OC5COC(C)OC5C(O)C3N(C)C)C3COC(=O)C23)OCO4)cc(OC)c1O,,,0.3,,
COc1cccc(/C=C2\SC(=O)NC2=O)c1N1CCC[C@@H](N)C1,,91.64,,,
O=P(O)(O)OP(=O)(O)OCC1OC(n2cnc3c(O)ncnc32)C(O)C1O,,,,,2.053
CCC(Br)(CC)C(=O)OCC(Br)(Br)Br,,,,,2.265
O=C(NC1CC[NH+](CCCCC2(C(=O)NCC(F)(F)F)c3ccccc3-c3ccccc32)CC1)c1ccccc1-c1ccc(C(F)(F)F)cc1,,,16.3,,
Cc1cc(O)c2c(=O)c3c(O)cc([O-])c4c5c([O-])cc(O)c6c(=O)c7c(O)cc(C)c8c1c2c(c34)c(c78)c65,,,0.25,,
COc1cc(N)cn[n+]1-c1ccccc1,,,4.0,,
ClCc1c(Cl)cc(Cl)cc1Cl,,,,,1.874
CC(C)OCCCO,,,,,1.47
Cc1ccccc1C(=O)Nc1cccc(OC(C)C)c1,,,,,1.43
NC(=O)c1ccc(Oc2cccc3cccnc23)c([N+](=O)[O-])c1,,96.17,,,
Nc1ccc(O)c2c1C(=O)c1c(N)c(Br)cc(O)c1C2=O,,,,,1.446
O=[N+]([O-])c1ccc(OP(=O)(CCl)c2ccccc2)cc1,,,,,3.1860000000000004
CCCCCC(O)/C=C/C1C(O)CC(=O)C1CCCCCCC(=O)[O-],,,2.4,,
CC(C)=CC(=O)OC1CCC2(C=O)C3CCC4(C)C(c5ccc(=O)oc5)CCC4(O)C3CCC2(O)C1,,,,,5.457000000000001
C=CC=COC(C)=O,,,,,2.198
CC[Si](N(C)C)(N(C)C)N(C)C,,,,,2.245
COCCOC(=O)C1=C(C)NC(C)=C(C(=O)OCC=Cc2ccccc2)C1c1cccc([N+](=O)[O-])c1,,,,,2.048
COc1ccc(C2=Cc3ccccc3OC2c2ccc(OCCN3CCCCC3)cc2)cc1,,,,,1.946
C=CC(O)CCCCC,,,,,2.576
Clc1ccc(C(Cl)(Cl)Cl)cc1,,,,,2.448
C[NH+]1CCCC1Cc1c[nH]c2ccc(CCS(=O)(=O)c3ccccc3)cc12,,,1.6,,
CCOC(=O)NNc1nncc2ccccc12,,,,,2.864
CC1CC=CCC1COC(=O)CCCCC(=O)OCC1CC=CCC1C,,,,,1.759
O=C(NC1(C(=O)N[C@H](Cc2ccccc2)C(=O)NCC2CCN(CC3CCOCC3)CC2)CCCC1)c1cc2ccc(C(F)(F)F)cc2s1,-5.1919103,,,,
CC12CCC(C1)C(C)(C)C2=O,,,,,1.539
FC(F)(F)c1cccc(C2=CCN(CCc3ccc4ccccc4c3)CC2)c1,-4.73,,,,
CCOP(=S)(OCC)Oc1ccc2c(C)cc(=O)oc2c1,,,,,4.349
COc1ccc(CC2CNC(=O)N2)cc1OC1CCCC1,,,,,2.685
O=[N+]([O-])c1nccs1,,,,,2.978
Clc1ccc2ccccc2c1,,,,,1.894
CN(C)C(=O)Cl,,,,,2.032
CCC(=O)c1c(O)cc(O)cc1O,,,,,1.884
CCOC(=O)Nc1cccc(OC(=O)Nc2ccccc2)c1,,,,,1.495
Cc1cc(N(C)C)nc(Cl)n1,,,,,5.138
CC(CCC(=O)O)C1CCC2C3C(O)CC4CC(O)CCC4(C)C3CCC12C,,,,,1.992
ClC1=CC(Cl)C(Cl)C(Cl)C1Cl,,,,,1.939
CCCCOCCOC(=O)c1ccccc1C(=O)OCCOCCCC,,,,,1.641
[NH3+]CC1(CC(=O)[O-])CCCCC1,,,0.71,,
CC1(C)C(C=C(Cl)C(F)(F)F)C1C(=O)OC(C#N)c1cccc(Oc2ccccc2)c1,,,,,3.495
CCC(=O)C1(c2cccc(O)c2)CC[NH+](C)CC1,,,0.48,,
Cc1noc([N-]S(=O)(=O)c2ccc(N)cc2)c1C,,,0.17,,
N#CN,,,0.78,,2.5269999999999997
O=[N+]([O-])OC1COC2C(O[N+](=O)[O-])COC12,,,1.9,,2.5
C[C@@H]1NC(=O)[C@H](C)NC(=O)[C@@H](C)NC(=O)[C@H](C)NC(=O)[C@@H](C)N(C)C(=O)[C@@H](C)NC1=O,-5.8200002,,,,
CCCCCN(CCCOC)C(=O)[C@@H](CCC(=O)O)NC(=O)c1ccc(Cl)c(Cl)c1,-5.1401309999999985,,,1.2,
c1cc(-c2ccncc2)ccn1,,,,,2.958
CN=C(NC#N)NCCSCc1nc[nH]c1C,,,,,1.703
CON=C(C)C(=NOC(=O)N(C)SN(C)C(=O)Oc1cccc2ccccc12)C(=O)N(C)C,,,,,3.4730000000000003
CC(=O)Nc1ccc(N=NN(C)C)cc1,,,,,2.607
CCOC(=O)c1c(C)cc2c(CO)n[nH]c(=O)c2c1C,,,,,2.198
OCCOCCOCCOCCOCCOCCO,,,,,0.946
c1ccc(CCc2ccccc2)cc1,,,,,1.606
Cc1c([N+](=O)[O-])cc([N+](=O)[O-])cc1[N+](=O)[O-],,,,,2.456
CCCCOC(=O)c1ccc(-n2nc(OCCN3CCCCC3)c3ccccc32)cc1,,,,,2.324
CC(O)CNC(C)(C)Cc1ccc(Cl)cc1,,,,,3.207
CC(OP(C)(=O)F)C(C)(C)C,,,,,5.6579999999999995
Cn1c(-c2cc(=O)c(O)c[nH]2)nn(S(=O)(=O)NC(=O)N2C[C@H](NC(=O)/C(=N\OC(C)(C)C(=O)O)c3csc(N)n3)C2=O)c1=O,,95.53,,,
O=[N+]([O-])c1cccc([N+](=O)[O-])c1,,,,,3.307
CC(=O)NCC(=O)N[C@@H](CCCCN)C(=O)N[C@@H](C)C(N)=O,-7.0100002,,,,
O=[N+]([O-])c1ccc(NS(=O)(=O)c2ccc(Cl)c(C(F)(F)F)c2)c(Cl)c1,,,,,3.498
OCCCC(O)CO,,,,,1.188
Clc1ccc2c(c1)CCc1cccnc1C2=C1CCNCC1,-4.059999899999998,,,,
C=CCNC(=O)NS(=O)(=O)c1ccc(Cl)cc1,,,,,2.138
COc1ccc(CC(=S)N(C)C)cc1,,,,,3.978
O=c1[nH]cnc2c1ncn2C1CCC(CO)O1,,,0.77,,
FC(F)(F)c1nc2c(Cl)cc(I)cc2[nH]1,,,,,5.38
CC(C)Cc1ccc2ccccc2n1,,,,,2.259
CCOc1cc2ncc(C(N)=O)c(Nc3cccc(Cl)c3Cl)c2cc1NCCN(C)C,,95.82,,,
COc1ccc(C2Sc3cc(Cl)ccc3N(CC[NH+](C)C)C(=O)C2OC(C)=O)cc1,,,9.7,,
CCCCCCCCCC(=O)N[C@@H](Cc1c[nH]c2ccccc12)C(=O)N[C@@H](CC(N)=O)C(=O)N[C@@H](CC(=O)O)C(=O)N[C@@H]1C(=O)NCC(=O)N[C@@H](CCCN)C(=O)N[C@@H](CC(=O)O)C(=O)N[C@H](C)C(=O)N[C@@H](CC(=O)O)C(=O)NCC(=O)N[C@H](CO)C(=O)N[C@@H]([C@H](C)CC(=O)O)C(=O)N[C@@H](CC(=O)c2ccccc2N)C(=O)O[C@@H]1C,,,,8.1,
CCc1ccc([N+]([O-])=Cc2ccccc2)cc1,,,,,2.224
COc1ccc(C(c2ccc(OC)cc2)C(Cl)(Cl)Cl)cc1,,,,,1.84
C=CC=O,,,,,3.0860000000000003
C/N=C(\NC#N)NCCSCc1[nH]cnc1C,-5.9000001,,,,
C[NH+](C)CCc1c[nH]c2ccc(CC3COC(=O)N3)cc12,,,1.8,,
C[C@@H]1C(=O)O[C@H]2[C@H](O)[C@@]34[C@H]5C[C@@H](C(C)(C)C)[C@]36[C@@H](OC(=O)[C@@H]6O)O[C@@]4(C(=O)O5)[C@@]12O,,,,5.2,
C=CCc1cc(OC)c(OC(C)C(O)c2ccc(O)c(OC)c2)c(OC)c1,-4.5100002,,,,
Cc1ccc(S(=O)(=O)Nc2c(C(=O)N[C@@H](C)C(C)(C)C)c(C)nn2C2CCS(=O)(=O)CC2)cc1,,79.17,,,
CC(C)NCC1CCc2cc(CO)c([N+](=O)[O-])cc2N1,,,,,3.969
NC(=O)NN=Cc1ccc([N+](=O)[O-])o1,,,,,2.526
CC(=O)OCC12CCC(C)=CC1OC1C(O)C(OC(C)=O)C2(C)C12CO2,,,,,4.718999999999999
CN1CCN(C2=Nc3ccccc3Sc3ccc(Cl)cc32)CC1,,,,,3.089
CSc1nc(-c2ccc(Cl)cc2)n(-c2ccc(Cl)cc2)n1,,,,,2.64
CCC=CCCOCC=O,,,,,1.54
C=CCOC(=O)CCC,,,,,2.71
Cn1c(N2CCCN(CCCN3c4ccccc4Sc4ccc(C(=O)O)cc43)CC2)cc(=O)n(C)c1=O,-4.8289509000000015,,,,
CC=Cc1ccc(O)c(OC)c1,,,,,2.022
CCOC(C1=NCC(C)(C)CN1)c1cccc2ccccc12,,,,,3.732
Cc1nccnc1C,,,,,2.247
CC(C)(C)c1cccc(NC(=O)c2nscc2NCc2ccncc2)c1,-5.2516832,,,,
CCCCCCC(C)I,,,,,1.467
O=C1CCCC2C3CC(CN12)C1CCCCN1C3,,,,,2.237
Clc1cccc(-c2cnc3ccc(NC4CCOCC4)nn23)c1,,99.1,,,
CCOC(=O)CC(CC(=O)OCC)(OC(C)=O)C(=O)OCC,,,,,1.658
CCCCC(CC)CNC(=O)CC(C)OC(=O)CCC(=O)O,,,,,1.416
CC(C)(C)NCC(O)COc1ccccc1C1CCCC1,,,,,2.362
Cc1ccc(NC(=O)N(C)C)cc1Cl,,,,,1.564
CC(C)NC(=O)c1cnc(N2CCC(N3C(=O)OCc4ccccc43)CC2)c(Cl)c1,,99.44,,,
COc1ccccc1NC(=O)CC(C)=O,,,,,2.112
CC(=O)CCc1ccc(O)cc1,,,,,2.095
CCOP(=O)(C#N)N(C)C,,,,,4.6419999999999995
CC(O)C1C(=O)N2C(C(=O)[O-])=C(SCCOC(N)=O)SC12,,,0.3,,
N#CCON=C(C#N)c1ccccc1,,,,,1.91
CN1C(=O)c2ccc([N+](=O)[O-])cc2C1=O,,,,,1.867
CC(C)=CC(=O)Nc1ccc(O)cc1,,,,,1.992
CCNC(=O)c1cc2c(-n3ccc(C(F)(F)F)n3)c(-c3cncc(C#N)c3)cnc2[nH]1,,91.1,,,
COc1ccc2c(c1OC)C[N+]1(Cc3ccc(Cl)cc3)CCc3cc4c(cc3C1C2)OCO4.[Cl-],-6.2314224000000005,,,,
CCOC(=O)CC(SP(=O)(OC)SC)C(=O)OCC,,,,,3.466
C=CCN(C)N=O,,,,,2.469
O=C(O)C1CCC(C(=O)O)C1,,,,,1.6869999999999998
NC1=NC(c2cccc(-c3cncnc3)c2)(c2ccnc(C3CC3)c2)c2cccc(F)c21,,98.51,,,
Nc1ncn(C2CC(O)C(CO)O2)c(=O)n1,,,4.6,,
CNC,,,,,1.81
CC(C)S(=O)(=O)n1c(N)nc2ccc(/C(=C/C(N)=O)c3ccc(F)c(F)c3F)cc21,-4.329999900000002,,,,
O=C(O)C(Cl)(Cl)Cl,,,,,2.611
COc1ccc(C2(c3cccc(-c4cncnc4)c3)N=C(C)C(N)=N2)cc1C,,93.8,,,
CN(Cc1ccc(Cl)cc1Cl)S(N)(=O)=O,,,,,2.059
Fc1ccc(SCc2ccc(Cl)cc2)cc1,,,,,1.926
C(CCOCC1CO1)COCC1CO1,,,,,2.251
NC(=O)c1cncc(-c2ccc([C@H]3CC[C@H](CC(=O)O)CC3)cc2)n1,,96.5,,,
CC1(C)OCC(CCl)O1,,,,,3.117
O=C(Cl)Oc1ccccc1,,,,,1.949
CC[C@]1(O)C[C@H]2CN(CCc3c([nH]c4ccccc34)[C@@](C(=O)OC)(c3cc4c(cc3OC)N(C)[C@H]3[C@@]5(C[C@]6(CC)C=CCN7CC[C@]43[C@@H]76)OC(=O)N(CCCl)C5=O)C2)C1,-4.8616409,,,,
C=COC(=O)C(CC)CCCC,,,,,1.599
O=C(O)c1ccccc1Nc1c(Cl)cc(Cl)c2ccccc12,,,,,1.592
CC(C)(C)NC(=O)[C@@H]1CC2CCCCC2CN1CC(OC(=O)CCCCC1SCC2NC(=O)NC21)[C@H](Cc1ccccc1)NC(=O)[C@H](CC(N)=O)NC(=O)c1ccc2ccccc2n1,-6.4094677,,,,
Cc1ccc(S(=O)(=O)Nc2c(C(=O)N(C)C3CCCCC3)cnn2-c2ccccc2)cc1,,98.29,,,
C=C(C)C(=O)OCCOCCOCCOC(=O)C(=C)C,,,,,1.422
OCCSCCO,,,,,1.267
CN(C)C(=O)Oc1cccc([N+](C)(C)C)c1.[Br-],,,,1.3,
CCC(C)NCC(O)c1ccc(N)cc1,,,,,2.506
CCOP(=O)(OCC)ON=C(C1CC1)C1CC1,,,,,4.522
C(CC1CO1)OCCC1CO1,,,,,2.17
O=C(c1c[nH]c(=O)c2ccccc12)N1CCC(N2CCC(Oc3ccc(Cl)c(Cl)c3)CC2)CC1,,91.1,,,
CCCCCCCCCCCCCCCN,,,,,2.537
CCOC(=O)N1CCC=C(C=NOC)C1,,,,,3.026
O=C(Cl)C(Cl)(Cl)Cl,,,,,2.482
CCN(CC)CCOc1ccc(C(=C(Cl)c2ccccc2)c2ccccc2)cc1,,,,,1.849
O=C(O)c1cccnc1,,44.84,,,1.245
CO[C@H]1[C@@H](O)[C@H](N)[C@@H](O[C@H]2O[C@H]([C@H](C)N)CC[C@H]2N)[C@H](O)[C@H]1N(C)C(=O)CN,,,0.23,,
C=CCN,,,,,2.748
Nc1ccccc1,,,,,2.571
C[C@@](O)(C(=O)Nc1ccc(S(C)(=O)=O)cc1Cl)C(F)(F)F,,60.77,,,
CNC(=O)/C=C(\c1cccc(F)c1)c1ccc2nc(N)n(S(=O)(=O)NC(=O)N3CCOCC3)c2c1,-4.3899999,,,,
CCC(C)c1cc([N+](=O)[O-])cc([N+](=O)[O-])c1OC(=O)SC,,,,,3.196
COc1cc(OC)c(S(=O)(=O)N2c3ccccc3CCC2C)cc1NC(=O)CCC(=O)O,,81.36,,,
COC(=O)[C@@H]1[C@H](O)CC[C@@H]2CN3CCc4c([nH]c5ccccc45)[C@H]3C[C@H]21,-4.8124795,,,,
COc1ccc(Cl)cc1C1(F)C(=O)Nc2cc(C(F)(F)F)ccc21,,99.83,,,
CC(=O)C=C1CCC2C13CCC(C)C(C3)C2(C)C,,,,,1.676
Cc1cc(-c2ccc(Cl)c(C(=O)NCC3(O)CCCCCC3)c2)nn1C[C@H](O)CN,,69.61,,,
Cc1cc(Cl)ccc1Cn1nc(C(=O)O)c2ccccc21,,,,,1.876
C[C@]12CC[C@@H]3c4ccc(O)cc4CC[C@H]3[C@@H]1CC[C@@H]2O,,,,1.7,
CC1=C(C)C(=O)C(C(CCCCCC(=O)O)c2ccccc2)=C(C)C1=O,,,,,1.976
CC(C)=CC(C)=NNc1nncc2ccccc12,,,,,2.588
Clc1ccccc1,,,,,1.692
O=C(O)c1cn(Cc2ccccc2)c2ccccc12,,98.09,,,
c1ccc2c(OCCN3CCCC3)ccnc2c1,,,,,2.937
CCC(C)c1ccc2ncccc2c1,,,,,2.259
CCCCCCCCCC(=O)OCCN1CCN(CCCN2c3ccccc3Sc3ccc(C(F)(F)F)cc32)CC1,,,,,4.493
C1CCC(OC2CCCC2)C1,,,,,2.516
Cc1ccc(S(=O)(=O)N(C)C(=O)N2CCC(N3CCC(Oc4ccc(Cl)c(Cl)c4)CC3)CC2)cc1,,98.29,,,
CCN1CCCC1CNC(=O)c1cc(S(N)(=O)=O)ccc1OC,,,,,1.5419999999999998
O=c1ccc2ccccc2o1,,,1.1,,2.698
C=CCN1CCCC1=Nc1ccc(Cl)c(Cl)c1,,,,,2.1630000000000003
CCCCCCCCCO,,,,,1.608
CON=C(C(=O)NC1C(=O)N2C(C(=O)O)=C(COC(N)=O)CSC12)c1ccco1,-6.29,,,,1.628
CCCCC(CC)CNC1CCCCC1,,,,,2.474
Cc1c(-c2ccc(O)cc2)n(Cc2ccc(OCC[NH+]3CCCCCC3)cc2)c2ccc(O)cc12,,,15.4,,
CC1CCC(=O)CCC/C=C/c2cc(O)cc(O)c2C(=O)OC1,-4.98,,,,
CCCCNC1CCCCC1,,,,,2.673
CO/N=C(\C(=O)NC1C(=O)N2C(C(=O)[O-])=C(CSc3nnnn3C)CSC12)c1csc(N)n1,,,0.2,,
CC(C)(C)S(=O)(=O)CCCN1CCN(CC(=O)NC23CC4CC(CC(C4)C2)C3)CC1,,65.06,,,
O=S(=O)([O-])CCS,,,0.65,,
CCNc1nc(Cl)nc(NC(C)C)n1,,,,,2.506
O=C(O)COn1c(-c2ccccc2)nc2ccc([N+](=O)[O-])cc21,,98.61,,,
CCCCCCC(C)=CC#N,,,,,1.944
Cc1nn(-c2ccccc2)c(=O)c2noc(C)c12,,,,,2.3819999999999997
COP(=S)(OC)SCSc1ccc(Cl)c(Cl)c1,,,,,3.201
O=C(O)Cc1ccccc1Nc1c(Cl)ccc(O)c1Cl,,,,,2.6060000000000003
CCCCS(=O)(=O)NC(Cc1ccc(OCCCCC2CC[NH2+]CC2)cc1)C(=O)[O-],,,0.99,,
CC(C)CC(C)OC(=O)C=CC(=O)OC(C)CC(C)C,,,,,1.588
CCCCCCCCCC=O,,,,,1.622
CCCCNC(C)c1ccccc1,,,,,2.6919999999999997
CCOC(=O)c1cnc2c(N)cccc2c1O,,79.92,,,
C=CCCCCCCCCC(=O)O,,,,,1.868
N=C(Nc1c([N+](=O)[O-])cnc2ccccc12)N1CCOCC1,,,,,1.877
Cc1ccc(C)c(C#N)c1,,,,,1.641
O=[N+]([O-])C(Cl)(Cl)Cl,,,,,2.818
OCc1cccc(Oc2ccccc2)c1,,,,,2.127
O=P([O-])([O-])C(Cl)(Cl)P(=O)([O-])O,,,0.88,,
CN(CCCl)N=O,,,,,3.746
CC(=O)OCCS(=O)(=O)CCOC(C)=O,,,,,1.231
Cc1cc(F)ccc1[C@H]1CNCCN1C(=O)N(C)[C@H](C)c1cc(C(F)(F)F)cc(C(F)(F)F)c1,,,3.8,,
CCCCCCCC(=O)O,,,,,1.156
COP(=O)(OC)OCc1ccccc1,,,,,5.084
CN1CCCC1CCNC(=O)c1ccc(Nc2ncc3cc(-c4ccncc4)ccc3n2)cc1,,99.19,,,
CC([NH2+]C(CCc1ccccc1)C(=O)[O-])C(=O)N1Cc2ccccc2CC1C(=O)[O-],,,0.13,,
CC(C)(Oc1ccc(C(=O)c2ccc(Cl)cc2)cc1)C(=O)O,,98.81,,,2.4090000000000003
CCOP(=S)(CC)Oc1cc(Cl)c(Br)cc1Cl,,,,,4.033
CC(C)n1c(/C=C/[C@H](O)C[C@H](O)CC(=O)O)c(-c2ccc(F)cc2)c2ccccc21,-5.6999998,,,,
NC(=O)c1cnc(N[C@H]2CCCNC2)c2cc(-c3ccc(F)cc3)sc12,,97.38,,,
CCCC(=O)c1ccc2c(c1)N(CCCN(C)C)c1ccccc1S2,,,,,3.073
CCNC(=O)Cc1ccccc1,,,,,2.334
CCCCCC1CCC(=O)O1,,,,,1.374
FC(F)(F)c1nc2c(Cl)c(Cl)c(Cl)c(Cl)c2[nH]1,,,,,6.121
CCCCN(C)C(=O)Nc1ccc(Cl)c(Cl)c1,,,,,2.398
COc1ccc(S(=O)(=O)NC(=O)N2CCC(N3CCC(Oc4ccc(Cl)c(Cl)c4)CC3)CC2)cc1,,98.73,,,
O=C(NCc1cccc(OC(F)(F)F)c1)C1c2ccccc2C(=O)N1CCc1ncc(F)cn1,,95.53,,,
C=CC(=O)N1CCC[C@@H](n2nc(-c3ccc(Oc4ccccc4)cc3)c3c(N)ncnc32)C1,,96.57,,,
CCC(CC)(C(=O)O)c1cccc2ccccc12,,,,,2.351
O=S(=O)(Cl)c1ccccc1,,,,,1.955
CCCCCCC=CC=O,,,,,1.4480000000000002
CCC1OCCSC1=NOC(=O)NC,,,,,4.06
O=C([O-])c1cn(C2CC2)c2cc(N3CC[NH2+]CC3)c(F)cc2c1=O,,,2.1,,
CNS(=O)(=O)CCc1ccc2[nH]cc(C3CCN(C)CC3)c2c1,,,,6.6,
Oc1cc(O)c2c(c1)O[C@H](c1ccc(O)c(O)c1)[C@H](O)C2,-6.4311924000000005,,,,
O=C(O)C(F)(F)F,,,,,2.756
CC(=O)CCl,,,,,2.966
CCCCOC(=O)c1ccccc1C(=O)OCCCC,,,,,1.541
CCCCCCCCCCCC(=O)OCC(O)C1OCC(O)C1O,,,,,1.013
C=CCCC(=O)O,,,,,2.3280000000000003
CC(=O)NC1(O)C2(Cl)C3(Cl)C4(Cl)C(Cl)(Cl)C5(Cl)C3(Cl)C1(Cl)C5(Cl)C42Cl,,,,,3.594
CC(C)C(=O)Nc1ccc([N+](=O)[O-])c(C(F)(F)F)c1,,,,,2.545
C[C@@](C(=O)O[C@H]1C[N+]2(CC(=O)Nc3ccccc3)CCC1CC2)(c1ccccc1)N1CCCCC1,,98.58,,,
CCCSP(=S)(OCC)Oc1cnn(-c2ccccc2)c(=O)c1OC,,,,,3.125
CC(N)C1CCC(c2ccccc2)CC1,,,,,2.469
CC(O)(C(=O)Nc1ccc(S(=O)(=O)N2CCOCC2)cc1)C(F)(F)F,,62.94,,,
C[C@H](Nc1ccc2ncn(-c3cc(C4CC4)[nH]n3)c2n1)c1ncc(F)cn1,,78.79,,,
CC(C)C(Br)C(=O)NC(N)=O,,,,,2.3480000000000003
CCCCC1C(=O)NC(=O)N(C2CCCCC2)C1=O,,,,,2.378
COC(=O)C(C)N(C(=O)c1ccco1)c1c(C)cccc1C,,,,,2.506
C[N+]1(CC2CC2)CCC23c4c5ccc(O)c4OC2C(=O)CCC3(O)C1C5,,,2.6,,
CNCCc1ccccn1,,,,,1.348
COc1cc(C(=S)N2CCOCC2)cc(OC)c1OC,,,,,2.647
CC1(C)[C@H](NC(=O)/C(=N\OCc2cc(=O)c(O)cn2O)c2csc(N)n2)C(=O)N1OS(=O)(=O)O,,69.12,,,
COP(=S)(OC)Oc1cc(Cl)c(Cl)cc1Cl,,,,,2.7110000000000003
COP(=O)(c1cc(C)cc(/C=C/C#N)c1)c1c(C(N)=O)[nH]c2ccc(Cl)cc12,,,0.56,,
CC(Cc1ccccc1)NC(=O)Cn1nc(-c2ccccc2)ccc1=O,,,,,2.42
COc1ccc(-c2oc3c(CC=C(C)C)c(O[C@@H]4O[C@H](CO)[C@@H](O)[C@H](O)[C@H]4O)ccc3c(=O)c2O[C@@H]2O[C@H](CO)[C@@H](O)[C@H](O)[C@H]2O[C@@H]2O[C@@H](C)[C@H](O)[C@@H](O)[C@H]2O)cc1,-6.4910722000000005,,,,
O=C1OCCN1N=Cc1ccc([N+](=O)[O-])o1,,,,,1.984
O=[N+]([O-])OCC(O)CO[N+](=O)[O-],,,,,2.233
Nc1ccc(Cc2ccc(N)cc2)cc1,,,,,2.5839999999999996
CC(C)OP(=S)(OC(C)C)SCSC(C)C,,,,,4.782
Nc1ncnc2[nH]cnc12,,,,,2.259
O=C1CC(c2ccc(O)cc2)Oc2cc(O)ccc21,-4.8000002,,,,
CC=Cc1ccc2c(c1)OCO2,,,,,2.083
Cc1ccc(N2CC(COc3ccc(-c4noc(C)n4)cc3)C2)nn1,,93.8,,,
Nc1c(Br)cc([N+](=O)[O-])cc1[N+](=O)[O-],,,,,1.766
Cc1csc(N)c1C(N)=O,,67.63,,,
CCC(O)CO,,,,,0.7509999999999999
Nc1nnc(-c2cccc(Cl)c2Cl)c(N)n1,-4.3899999,55.73,,,3.097
Cc1cc(C)c(N)c(C)c1,,,,,2.26
O=C(Cn1c(=O)sc2ccc(Cl)cc21)N1CCN(CCO)CC1,,,,,1.995
CCCCOC(=O)COc1ccc(C(=O)CNC(=O)c2cc3c(s2)CCNC3)cc1OCC(=O)OCCCC,-5.1011863,,,,
CCOc1ccc(NC(=O)CCc2c(C)nc3nc(C)nn3c2C)cc1,,82.05,,,
NC(=O)c1cncc(-c2ccc([C@H]3CC[C@H](CCO)CC3)cc2)n1,,97.2,,,
CC[C@H](C)[C@H](NC(=O)[C@H](CCCNC(N)=[NH2+])NC(=O)[C@H](CCCNC(N)=[NH2+])NC(=O)[C@H](CC(C)C)NC(=O)[C@H](Cc1ccccc1)NC(=O)CNC(=O)CNC(=O)[C@@H]([NH3+])Cc1ccc(O)cc1)C(=O)N[C@@H](CCCNC(N)=[NH2+])C(=O)N1CCC[C@H]1C(=O)N[C@@H](CCCC[NH3+])C(=O)N[C@@H](CC(C)C)C(=O)N[C@@H](CCCC[NH3+])C(=O)[O-],,,0.12,,
COC1(NC(=O)Cc2cccs2)C(=O)N2C(C(=O)[O-])=C(COC(N)=O)CSC21,,,0.17,,
CCCCC(=O)OC1CCC(N2CCCCC2)CC1,,,,,2.248
NC1CC([NH3+])C(OC2OC(C[NH3+])C(O)C(O)C2O)C(O)C1OC1OC(CO)C(O)C(N)C1O,,,0.26,,
CCCC(C)(COC(N)=O)COC(N)=O,,,0.7,14.0,2.339
CNC(=O)OC1C2(C)CCC(C2)C1(C)C,,,,,2.6260000000000003
CNC(=N)c1cccc(CC(CC(=O)N2CCC(C)CC2)NS(=O)(=O)c2ccc3ccccc3c2)c1,-6.850390400000001,,,,
C=CCC1(C(C)C#CCC)C(=O)NC(=O)N(C)C1=O,,,1.1,1.6,
O=[N+]([O-])c1ccc(Nc2ccccc2)c(S(=O)(=O)O)c1,,,,,2.126
CNCCCN,,,,,1.967
COC(C)(C)CCCC(C)C(C)O,,,,,1.6230000000000002
C[C@@H]1C[C@H]2[C@@H]3CCC4=CC(=O)C=C[C@]4(C)[C@@]3(F)[C@@H](O)C[C@]2(C)[C@@]1(O)C(=O)COC1O[C@@H](CC(=O)O)[C@H](O)[C@@H](O)[C@@H]1O,-5.9796510000000005,,,,
Cl[Si](Cl)(Cl)CCc1ccccc1,,,,,1.928
O=P(OCCCl)(OCCCl)OCC(CO)(CO)COP(=O)(OCCCl)OCCCl,,,,,2.046
CC(C)(C)[NH2+]CC(O)COc1ccc(NC(=O)NC2CCCCC2)cc1,,,3.3,,
Oc1ccc(Cl)cc1Cl,,,,,2.449
COC(=O)C[C@@H](C(=O)NN(Cc1ccc(Br)cc1)C[C@@](O)(Cc1ccccc1)C(=O)NC1CCOC1)C(C)(C)C,-4.9699998,,,,
CCOP(=S)(OCC)Oc1cc2ccccc2oc1=O,,,,,4.383
CN(C)[C@@H]1C(O)=C(C(N)=O)C(=O)[C@@]2(O)C(O)=C3C(=O)c4c(O)ccc(Cl)c4[C@@](C)(O)[C@H]3C[C@@H]12,,,,7.0,
O=[N+]([O-])c1cc(Cl)cc(-c2cc(Cl)cc([N+](=O)[O-])c2O)c1O,,,,,4.538
C[Si]1(CCC(F)(F)F)O[Si](C)(CCC(F)(F)F)O[Si](C)(CCC(F)(F)F)O1,,,,,3.415
CCSP(=O)(Oc1cnn(C)c(=O)c1OC)OC(C)C,,,,,3.964
NC(Cc1ccc(Oc2ccc(N(CCCl)CCCl)cc2)cc1)C(=O)O,,,,,2.807
CC1N=C(N)CC1c1ccccc1,,,,,2.6180000000000003
NNc1nncc2ccccc12,-5.170000099999998,,,0.96,3.25
CCC(C)(C)NC(=NC#N)Nc1cccnc1,,,,,4.218
CC(C)(N)C(=O)N[C@H](COCc1ccccc1)C(=O)N1CCC2(CC1)CN(S(C)(=O)=O)c1ccccc12,,76.81,,,
OC[C@@H]1CC[C@H](n2cnc3c(O)ncnc32)O1,-5.6708102,,,,
CC(C)C(=O)N(C)C(=O)Oc1cccc(C(C)C)c1,,,,,2.62
Nc1nc(=O)c2c(CCc3ccc(C(=O)NC(CCC(=O)[O-])C(=O)[O-])cc3)c[nH]c2[nH]1,,,0.15,,
CC(C)Cl,,,,,1.196
CC(O)CN(CC(C)O)CC(C)O,,,,,1.504
COc1ccccc1[N+](=O)[O-],,,,,2.316
CCCC(=O)c1ccc2c(c1)N(CCCN1CCOCC1)c1ccccc1S2,,,,,2.0540000000000003
CCC[c-]1c(=O)n2c(N(C)C)nc3ccc(C)cc3n2c1=O,,,0.12,,
CC(C)(C)NC(=O)NCCN1CCC(O)(CNC(=O)c2cc(Cl)cc(Cl)c2)CC1,,76.81,,,
Cc1ccc(S(=O)(=O)Nc2nnc(CC(C)C)s2)cc1,,,,,2.113
CC(c1nc(-c2ccc(C#N)cc2)cs1)C(O)(Cn1cncn1)c1cc(F)ccc1F,,,5.37,,
CCOc1ccc2c3c1OC1C(O)C=CC4C(C2)N(C)CCC341,,,,,2.588
O=C(OC1CCC(N2CCCCC2)CC1)C1CCCCC1,,,,,2.07
O=C(O)C1CSCN1,,,,,2.182
NC(=O)NO,,,0.52,3.4,1.121
Nc1ccc2sc(-c3ccccc3)nc2c1,,,,,1.886
CCn1cnc(C(=O)NC)c1C(=O)NC,,,0.73,,
CC(C)=CCCC(C)=CCCC(C)=CCO,,,,,1.569
CCC(C=O)CC,,,,,1.401
CN(C)CCC1CCN(c2cc(C(=O)NC[C@H]3CC[C@H](CNC(=O)OCC(C)(C)C)CC3)c3ccccc3n2)CC1,,98.61,,,
CC(C)=CC1CC(C)=CCO1,,,,,1.484
C=CCN(CC=C)c1c(C)cc(OC(=O)NC)cc1C,,,,,3.489
CCOP(=O)(OCC)SCc1nnc(SC(C)C)s1,,,,,3.562
CN(C)[C@@H]1C(O)=C(C(N)=O)C(=O)[C@@]2(O)C(O)=C3C(=O)c4c(O)ccc(Cl)c4[C@@H](O)[C@H]3C[C@@H]12,,,,12.0,
CC(C)C(NC(=O)c1cc(Cl)ccc1C(F)(F)F)C(=O)c1ccc(C#N)cc1,,97.38,,,
CN(CC(N)=O)C(=O)N(CCCl)N=O,,,0.76,1.0,
COc1cccc2c1C(=O)c1c(O)c3c(c(O)c1C2=O)CC(O)(C(=O)CO)CC3OC1CC([NH3+])C(I)C(C)O1,,,53.6,,
COC(=O)c1c(Cl)cccc1-c1ccc([C@@H](C)NC(=O)C2(NC(=O)C(F)(F)F)CC2)c(F)c1,-4.4685210999999985,,,,
COC(=O)c1c(Cl)c(Cl)c(C(=O)SC)c(Cl)c1Cl,,,,,2.023
CNC(=O)Nc1c(OCCN2CCCC2)c(OC)c2occc2c1OC,,,0.8,,
O=C(O)CCS,,,,,3.0439999999999996
NC(=[NH2+])c1ccc(C(=O)NC(Cc2ccc(O)cc2)C(=O)N2CCC(OCC(=O)[O-])CC2)cc1,,,0.29,,
Nc1ccc([N+](=O)[O-])cc1N,,,,,2.352
CC1CCC(=O)CC1,,,,,2.147
CC1(O)CCC2CC1C2(C)C,,,,,1.876
CCCCCOc1ccc(-c2cc(-c3ccc(C(=O)N[C@H]4C[C@@H](O)[C@@H](O)NC(=O)[C@@H]5[C@@H](O)[C@@H](C)CN5C(=O)[C@H]([C@H](O)CC(N)=O)NC(=O)[C@H]([C@H](O)[C@@H](O)c5ccc(O)c(OS(=O)(=O)O)c5)NC(=O)[C@@H]5C[C@@H](O)CN5C(=O)[C@H]([C@@H](C)O)NC4=O)cc3)no2)cc1,,,,16.0,
COc1ccccc1O,,,,,2.234
COP(=S)(OC)SCC(=O)N1CCOCC1,,,,,3.177
C1CN1c1nc(N2CC2)nc(N2CC2)n1,,,,,5.31
CC(C)(C)NS(=O)(=O)c1cncc(-c2ccc3nc(N)nn3c2)c1,,62.94,,,
[O-][n+]1c2ccccc2nc2ccccc21,,,,,1.473
CON=CC1=CCCN(OC(=O)Nc2ccc(Cl)cc2)C1,,,,,2.792
CCNS(=O)(=O)C(F)(F)C(F)(F)C(F)(F)C(F)(F)C(F)(F)C(F)(F)C(F)(F)C(F)(F)F,,,,,2.987
NCCC(O)(P(=O)(O)O)P(=O)(O)O,,,,32.0,
CCNC(=O)C(SP(=S)(OC)OC)C(=O)NCC,,,,,2.497
COc1cc2c(cc1OC)C(=O)C(CC1CCN(Cc3ccccc3)CC1)C2,,89.49,,,
CCCN(CCOc1c(Cl)cc(Cl)cc1Cl)C(=O)n1ccnc1,,,,,2.372
CC1=CCC(O)(C(C)C)CC1,,,,,2.074
C=COC(=O)CC,,,,,1.3230000000000002
N#CCCOCCOCCO,,,,,1.075
COc1cc2nc(N3CCN(C(=O)C4CCCO4)CC3)nc(N)c2cc1OC,-4.6100001,79.55,0.98,9.0,
[NH3+]CCCC(O)(P(=O)([O-])[O-])P(=O)([O-])O,,,0.33,,
Oc1ccc2cc(CNCCc3ccc(Br)cc3)c(-c3ccsc3)nc2c1,,99.85,,,
CCN1C[C@H]2CN(C)C[C@H](C1)C2OC(=O)c1ccc(Cl)cc1,,,,8.6,
CN1CCC2(C)c3cc(OC(=O)NCCCCCCCCCCN4CCCCC4)ccc3N(C)C12,,,,,4.501
CCC(C(=O)c1ccc2[nH]c(=O)ccc2c1)N1CCN(c2cccc(Cl)c2)CC1,,,,,2.9139999999999997
CCC(COC(=O)CC(C)=O)(COC(=O)CC(C)=O)COC(=O)CC(C)=O,,,,,1.107
NC(=S)c1c(Cl)cccc1Cl,,,,,2.435
CO/N=C(\C(=O)N[C@@H]1C(=O)N2C(C(=O)O)=C(COC(N)=O)CS[C@H]12)c1ccco1,,,,1.1,
CC(=O)c1ccc(O)c(C(N)=O)c1,,,,,2.023
CC(C)(C)c1ccccc1O,,,,,2.533
CNC1(c2ccccc2Cl)CCCCC1=O,-4.2600002,42.01,,2.8,
C[C@H]1CN=C(N)c2sccc2O1,,51.15,,,
CS(=O)(=O)c1ccccc1-c1ccc(NC(=O)c2cc(C(F)(F)F)nn2-c2cccc(CN)c2)c(F)c1,-5.3000002,,,,
CC(=O)OC(C(Cl)(Cl)Cl)P(=O)(Oc1ccccc1)Oc1ccccc1,,,,,2.111
O=C(O)Cc1sc(-c2ccccc2)nc1-c1ccc(Cl)cc1,,,,,2.907
C=CCc1ccc(OP(=S)(OC)OC)c(OC)c1,,,,,3.062
Cc1cc([O-])c(C(=O)NC(C(=O)NC2C(=O)N3C(C(=O)[O-])=C(CSc4nnnn4C)CSC23)c2ccc(O)cc2)cn1,,,0.15,,
Cc1ccc(=O)n(CSP(=S)(OC(C)C)OC(C)C)n1,,,,,3.3369999999999997
Cc1cccc([C@H](C)c2c[nH]cn2)c1C,,,,2.2,
COc1ccc(CCN(C)CCC[C@](C#N)(c2ccc(OC)c(OC)c2)C(C)C)cc1OC,-4.961279900000001,,,,
CCC1(CO)CCCN2CCc3c([nH]c4ccccc34)C21,,,,,2.375
CC(=O)c1ccc2c(c1)N(CCCN1CCC(CCO)CC1)c1ccccc1S2,,,,,3.022
COc1cc(C)ccc1O,,,,,2.271
C#CC(OC(=O)C1C(C=C(C)C)C1(C)C)C(C)=CCC,,,,,2.213
Cc1cnc(-c2cc(NC(=O)c3ccc(C(F)(F)F)nc3C)ccc2Cl)[nH]1,,96.09,,,
ClCc1ccc(CCl)c2ccccc12,,,,,2.051
COC(OC)C(C)c1ccccc1,,,,,1.989
CC(C)=CCCC(C)=CC#N,,,,,1.683
CCCC(=NOCC)C1=C(O)CC(CC(C)SCC)CC1=O,,,,,2.01
O=C(O)CSc1cc(Cl)ccc1Cl,,,,,2.096
C[C@H](N[C@@H](CCc1ccccc1)C(=O)O)C(=O)N1Cc2ccccc2C[C@H]1C(=O)O,,,,2.3,
C=CCN(CC=C)C(=O)CCl,,,,,2.395
CCOP(=S)(OCC)SCc1nnc(SCC)s1,,,,,3.1239999999999997
COP(=S)(OC(C)C)SCN1C(=O)c2ccccc2C1=O,,,,,3.839
O=S(=O)(O)c1c(Cl)c(Cl)c(Cl)c2[nH]c(C(F)(F)F)nc12,,,,,3.2289999999999996
CC(C)(C)c1ccc(OP2OCC3(CO2)COP(Oc2ccc(C(C)(C)C)cc2C(C)(C)C)OC3)c(C(C)(C)C)c1,,,,,2.035
CC(Cc1ccccc1)NCCC(c1ccccc1)c1ccccc1,,,,,3.12
COc1cnc(-c2ccccn2)nc1N1CCOCC1,,66.1,,,
COc1c(OP(=S)(OC)OCC(C)C)cnn(C)c1=O,,,,,4.4110000000000005
COP(=S)(OC)Oc1cc(C(C)C)ccc1C,,,,,2.563
CCCCOCC(C)OCC(C)OCC(C)O,,,,,2.13
CC1CCN(C(=O)CC(Cc2cccc(C(=N)N)c2)NS(=O)(=O)c2ccc3ccccc3c2)CC1,-6.8762317,,,,
c1ccc(N(CCN2CCCCC2)Cc2ccccn2)cc1,,,,,2.5639999999999996
CC(C)(O)CCCC1=CCC(C=O)CC1,,,,,1.813
Cc1cc(C2(c3ccc(O)c(C)c3)C(=O)Nc3ccccc32)ccc1O,,,,,2.822
CC(NC(=O)c1cc2ccccc2[nH]1)c1ccccc1,,97.81,,,
Cc1ncccc1Oc1ncnc(OC2CCN(C(=O)OC(C)C)CC2)c1C,,99.21,,,
O=C(Cl)c1cccc(C(=O)Cl)c1,,,,,1.965
CCCCN(CC)C(=O)SCCC,,,,,2.344
CON(C)C(=O)Nc1ccc(Br)c(Cl)c1,,,,,2.135
COC[C@@H](O)Cn1c(=O)cnn(-c2ccc(Cl)c(C(=O)NCC3(O)CCCCCC3)c2)c1=O,,41.45,,,
CC(O)CO,,,,,0.58
C[C@@H](O)[C@@H]1NC(=O)[C@H](CCCCN)NC(=O)[C@@H](Cc2c[nH]c3ccccc23)NC(=O)[C@H](Cc2ccccc2)NC(=O)[C@@H]2CCCN2C(=O)[C@H](Cc2ccccc2)NC1=O,-6.2209244,,,,
Oc1ccc2[nH]c(C(F)(F)F)nc2c1,,,,,3.693
O=C1c2c(O)ccc(O)c2C(=O)c2c(NCC[NH2+]CCO)ccc(NCC[NH2+]CCO)c21,,,12.0,,
IC(I)I,,,,,3.045
Cc1cc(O)ccc1S(C)=O,,,,,1.6869999999999998
COc1cccc2c(C(=O)N3CC[NH+](C)C(C)C3)cn(CC3CCCCC3)c12,,,1.0,,
CCOP(=O)(OCC)SC(C)(C)C,,,,,3.2510000000000003
CC(CO)CCO,,,,,1.28
CN1[C@H]2CC[C@@H]1C[C@H](OC(=O)C(CO)c1ccccc1)C2,,,,4.1,
CNC(=O)Nc1nnc(C(C)(C)C)s1,,,,,2.03
CNCC(O)c1ccc(O)c(O)c1,-6.0188646,,,,
COC(=O)c1c(C(F)F)nc(C(F)(F)F)c(C(=O)OC)c1CC(C)C,,,,,2.415
FC(F)(F)c1ccc(Cl)c(Cl)c1,,,,,1.871
CC(C)(C)c1ccc(CSc2cnn(C(C)(C)C)c(=O)c2Cl)cc1,,,,,2.806
ClC1CC(Cl)C(Cl)C1Cl,,,,,2.353
Cl[Si](Cl)(Cl)C1CC=CCC1,,,,,1.882
CNC(=O)ON=C1SC(=NC(C)(C)C)SC1(C)C,,,,,3.963
CN1C(C(=O)Nc2ccccn2)=C(O)c2sccc2S1(=O)=O,,,,67.0,3.63
O=C(O)c1ccccc1-c1ccccc1CO,,,,,1.545
CCCC[C@H](NC(C)=O)C(=O)N[C@H]1CC(=O)NCCCC[C@@H](C(N)=O)NC(=O)[C@H](Cc2c[nH]c3ccccc23)NC(=O)[C@H](CCCNC(=N)N)NC(=O)[C@@H](Cc2ccccc2)NC(=O)[C@H](Cc2cnc[nH]2)NC1=O,,55.73,,,
COc1cccc2c1C(=O)c1c(O)c3c(c(O)c1C2=O)CC(O)(C(=O)CO)CC3OC1CC([NH3+])C(OC2CCCCO2)C(C)O1,,,43.2,,
CC(=O)NC(Cc1c[nH]c2ccccc12)C(=O)NC(C)C(=O)NCC(=O)NCC(=O)NC(CC(=O)O)C(=O)NC(C)C(N)=O,-7.4981046,,,,
CN(C)c1ccc(C(=N)c2ccc(N(C)C)cc2)cc1,,,,,1.95
CC=CC(C)=O,,,,,1.42
[NH3+]C1CCN(c2c(F)cc3c(=O)c(C(=O)[O-])cn(C4CC4)c3c2Cl)C1,,,1.9,,
CCOC(=O)C1OC1c1ccccc1,,,,,1.922
CN1CCN2c3ccccc3CC3(C(=O)N(C)C(=O)N(C)C3=O)C2C1,,96.5,,,
C#C[C@]1(O)CC[C@H]2[C@@H]3CCC4=CC(=O)CC[C@@H]4[C@H]3CC[C@@]21CC,,,,9.4,
CC1=CC=C(C(C)C)CC1,,,,,1.909
COc1cc(C(=O)N2CC[C@](CCN3CCC(C(=O)N4CCN(C)CC4)(c4cccnc4)CC3)(c3ccc(Cl)c(Cl)c3)C2)cc(OC)c1OC,-5.1382737,,,,
Cc1cc(N)n(-c2ccccc2)n1,,,,,1.841
CN(C)N=Nc1cccc(C(N)=O)c1,,,,,3.551
NS(=O)(=O)c1c(Cl)c(Cl)c(Cl)c2[nH]c(C(F)(F)F)nc12,,,,,3.647
CCO[Si](OCC)(OCC)c1ccccc1,,,,,1.931
O=c1cc(-c2ccc(O)cc2)oc2cc([O-])c(C3OC(CO)C(O)C(O)C3O)c(O)c12,-6.1999998,,,,
O=C([O-])C1=C(CSc2nnnn2CS(=O)(=O)[O-])CSC2C(NC(=O)C(O)c3ccccc3)C(=O)N12,,,0.14,,
C1=CCCC1,,,,,1.614
CCOc1ccc(C=O)cc1,,,,,1.854
CNC(=O)c1c(I)c(NC(C)=O)c(I)c(C(=O)O)c1I,,,,1.3,
CC(CC(=O)O)c1ccc(-c2ccccc2F)cc1,,,,,2.68
CC(C)CCCCCCCCCCOC(=O)c1ccccc1C(=O)OCCCCCCCCCCC(C)C,,,,,1.229
CN(C)CC(=O)NN=Cc1c(-c2ccccc2)nc2sccn12,,,,,2.737
CC1CC(=O)O1,,,,,0.7040000000000001
CC(=O)N(C)N=O,,,,,3.708
CN(C)C(=O)Oc1cc(OC(=O)N(C)C)cc(C(O)C[NH2+]C(C)(C)C)c1,,,1.6,,
CC(C)OP(C)(=O)F,,,,,5.406000000000001
CO/N=C(/C(=O)NC1C(=O)N2C(C(=O)[O-])=C(COC(C)=O)CSC12)c1csc(N)n1,,,0.19,,
CCN(C(=O)N(CC)c1ccccc1)c1ccccc1,,,,,1.989
O=C1NCC2(CC[NH+](CCc3ccccc3)CC2)O1,,,3.0,,
CN(N=O)c1ccc(C=O)cc1,,,,,1.914
Cn1c(N2CCN(CCCCN3c4ccccc4Sc4ccc(C(=O)O)cc43)CC2)cc(=O)n(C)c1=O,-4.6900001,,,,
C[C@@H](Oc1cc(-c2cnn(C3CCNCC3)c2)cnc1N)c1c(Cl)ccc(F)c1Cl,,92.16,,,
O=C(O)CC(=O)O,,,,,1.9
CC(O)C1C(=O)N2C(C(=O)[O-])=C(SC3CNC(C(=O)Nc4cccc(C(=O)[O-])c4)C3)C(C)C12,,,0.12,,
CSCCNc1nc(SCCC(F)(F)F)nc2c1ncn2C1OC(COP(=O)([O-])OP(=O)([O-])C(Cl)(Cl)P(=O)([O-])[O-])C(O)C1O,,,0.04,,
CC(=O)NCC1CN(c2ccc(N3CCOCC3)c(F)c2)C(=O)O1,,,0.58,,
CCC(=S)NC[C@H]1CN(c2ccc(N3CCN(C(=O)CO)CC3)c(F)c2)C(=O)O1,-4.7423639,,,,
CCOP(=S)(OCC)OC(=CCl)c1cc(Cl)ccc1Cl,,,,,3.952
Cc1cc(Nc2nc(O[C@@H](C)c3ncc(F)cn3)ncc2Cl)n[nH]1,,75.12,,,
CO/N=C(\C(=O)N[C@@H]1C(=O)N2C(C(=O)O)=C(CSc3nc(=O)c(=O)[nH]n3C)CS[C@H]12)c1csc(N)n1,-6.764999900000001,,,,
NC(=O)c1cnc(N[C@H]2CCCNC2)c2cc(-c3ccc(F)c(F)c3)sc12,,98.09,,,
CN(C)C(=O)OC1=CC(=O)CC(C)(C)C1,,,,,3.2460000000000004
CCc1nc(N)nc(N)c1-c1ccccc1,,,,,3.2310000000000003
O=C(O)COc1ccccc1N1CCC(CN2CCC(Oc3ccc(Cl)c(Cl)c3)CC2)CC1,,98.86,,,
CCCCc1ccc(C)cc1O,,,,,2.174
CC(C)=NNC(N)=S,,,,,3.432
CCNC1C2CCC(C2)C1c1ccccc1,,,,,3.4139999999999997
O=[N+]([O-])C(Br)Br,,,,,3.406
CC(C)(C)NS(=O)(=O)c1cncc(-c2ccc3nc(NC(=O)NCC(=O)N4CCCC4)nn3c2)c1,,67.12,,,
NC1CCS(=O)(=O)C1,,,,,0.878
CN[C@@H](C)C(=O)N[C@H](C(=O)N[C@H]1CCCN(CCc2ccc(C(F)(F)F)cc2)C1)C(C)(C)C,,90.72,,,
Oc1ccc(Cl)cc1Cc1ccccc1,,,,,2.109
C=CC(C)=CCCC(C)(C)O,,,,,1.958
CCc1ccc(CCO)nc1,,,,,1.547
COc1ccccc1OC(=O)CNC(=O)Cc1ccc(C(=O)c2ccc(C)cc2)n1C,,,,,2.4619999999999997
CC(O)C1C(=O)N2C(C(=O)[O-])=C(SC3C[NH2+]C(CNS(N)(=O)=O)C3)C(C)C12,,,0.23,,
COP(=O)(OC)SC(P(=O)(OC)OC)=P(OC)(OC)OC,,,,,4.007
CC(C(=O)[O-])c1ccc(C(=O)c2cccs2)cc1,,,0.04,,
CS(=O)(=O)c1ccc(O)cc1,,,,,1.736
C=C(C)C(=O)O,,,,,1.91
O=C(NP(=O)(N1CC1)N1CC1)c1cc(I)ccc1I,,,,,3.003
C=C(OP(=O)(OC)OC)c1ccc(Cl)cc1Cl,,,,,2.102
CCN(CC)CCSC(=S)N1c2ccccc2Sc2ccccc21,,,,,2.273
Nc1ccn(C2CCC(CO)O2)c(=O)n1,,,0.54,,
O=C(Oc1ccccc1)n1c(C(F)(F)F)nc2cc(Cl)c(Cl)cc21,,,,,3.194
Cn1c(N2CCCN(CCCN3c4ccccc4Sc4ccc(C(C)(C)C(=O)O)cc43)CC2)cc(=O)n(C)c1=O,-5.0,,,,
O=C1OC(C(O)CO)C(O)=C1O,,,,,1.17
CN1C(=O)CCC1c1cccnc1,,,1.1,,
CCC1(C2OC(C3OC(O)(CO)C(C)CC3C)CC2C)CCC(C2(C)CCC3(CC(O)C(C)C(C(C)C(OC)C(C)C(=O)O)O3)O2)O1,,,,,3.827
C=COCC(C)CCCC(C)CC(C)C,,,,,2.241
OCc1cc(C(O)CNCCCCCCOCCCCc2ccccc2)ccc1O,,93.39,,,
O=C(O)CCCCCCCl,,,,,1.961
ClCCN(Cc1ccccc1)Cc1ccccc1,,,,,2.0340000000000003
O=C(NCC1CCCCN1)c1cc(OCC(F)(F)F)ccc1OCC(F)(F)F,,38.14,,12.0,
CCCCCC(C=O)=Cc1ccccc1,,,,,1.734
Cc1c(OCC(F)(F)F)ccnc1CS(=O)c1nc2ccccc2[nH]1,-4.1100001000000015,,0.28,,
O=C1NCCN1N=Cc1ccc([N+](=O)[O-])o1,,,,,2.125
CCCCOC(OCCCC)C(OCCCC)OCCCC,,,,,1.554
O=C(O)Cc1ccc(OCc2ccccc2)c(Cl)c1,,,,,1.992
NC(=[NH2+])c1ccc(CNC(=O)C2CCN2C(=O)C([NH2+]CC(=O)[O-])C2CCCCC2)cc1,,,0.23,,
Cc1[nH]cnc1CN1CCc2c(c3ccccc3n2C)C1=O,,,1.1,1.6,
Brc1cc2c(cc1Br)Oc1cc(Br)c(Br)cc1O2,,,,,6.699
C[NH+]1CCc2cccc3c2C1Cc1ccc(O)c(O)c1-3,,,1.6,,
CCCOC(=O)C1c2cc3c(cc2CC(C)C1C(=O)OCCC)OCO3,,,,,2.383
N#CSCSC#N,,,,,3.3739999999999997
CC(=O)c1cccc(N=Nc2ccc(N(C)C)cc2)c1,,,,,1.744
O=c1[nH]c2c(O)ccc([C@@H](O)CNCCc3cccc(CNCCc4ccccn4)c3)c2s1,,82.39,,,
Clc1cccc(Cl)c1Cl,,,,,1.996
c1ccc2scnc2c1,,,,,2.463
CCOC(=O)C(CC)(C(=O)OCCN(CC)CC)c1ccccc1,,,,,1.957
CCC1=C[C@@H]2CN(C1)Cc1c([nH]c3ccccc13)[C@@](C(=O)OC)(c1cc3c(cc1OC)N(C)[C@H]1[C@@](O)(C(=O)OC)[C@H](OC(C)=O)[C@]4(CC)C=CCN5CC[C@]31[C@@H]54)C2,,,,18.0,
C=COC=O,,,,,1.4069999999999998
CC(=O)Oc1ccc(Oc2c(I)cc(C(=O)O)cc2I)cc1I,,,,,2.15
CCOP(C)(=S)Oc1ccc2ncccc2c1,,,,,4.728
Cc1ccc(N)cc1[N+](=O)[O-],,,,,1.346
CCCCNC(=O)OCC(C)(CCC)COC(N)=O,,,,,2.421
CC(C(O)(Cn1cncn1)c1ccc(F)cc1F)S(C)(=O)=O,,,0.62,,
C=Cc1ccc(OC(C)=O)cc1,,,,,2.033
N#CN=c1ccccn1Cc1ccc(Cl)cc1,,,,,2.688
O=C1NC(=O)C2C3C(C(O)(c4ccccc4)c4ccccn4)=CC(C3=C(c3ccccc3)c3ccccn3)C12,,,,,5.129
NC(=O)CC[C@@H]1NC(=O)[C@H](Cc2ccccc2)NC(=O)[C@H](Cc2ccc(O)cc2)NC(=O)[C@@H](NC(=O)CNC(=O)CNC(=O)C[NH3+])CSSC[C@@H](C(=O)N2CCC[C@H]2C(=O)N[C@@H](CCCC[NH3+])C(=O)NCC(N)=O)NC(=O)[C@H](CC(N)=O)NC1=O,,,0.24,,
CN1CCC(n2[nH]c(-c3ccccc3)c(Cc3ccccc3)c2=O)CC1,,,,,2.11
CN(C)C(=O)C(CCN1CCC(O)(c2ccc(Cl)cc2)CC1)(c1ccccc1)c1ccccc1,-4.9699998,92.64,,,3.687
CN1C2CC[C@@H]1CC(OC(c1ccc(Cl)cc1)c1cccc(Cl)c1)C2,-5.5975828000000005,,,,
COCCC(Oc1ncnc2c1cnn2-c1ccccc1OC)C(=O)Nc1ccc(C)cn1,,86.05,,,
COc1cc2c(cc1OC)CN(c1cc(N)c3cc(OC)c(OC)cc3n1)CC2,,,,5.9,
C=CC(=O)OC1CC2CCC1C2,,,,,1.4680000000000002
CCC(CC)n1nc(C)c(C(=O)N[C@@H](C)C(C)(C)C)c1NS(=O)(=O)c1ccc(C)cc1,,98.0,,,
CCCN=C(C(OCC)c1ccccc1)N1CCCCCC1,,,,,3.138
CC(O)C(c1ccc2c(c1)OCO2)N1CCOCC1,,,,,2.031
Cc1ccc(C(=O)c2ccc(CC(=O)NCC(=O)Nc3cccc(C)c3C)n2C)cc1,,,,,2.5069999999999997
O=[N+]([O-])c1cc(Cl)ccc1Cl,,,,,2.283
O=C(NC(=O)c1c(F)cccc1F)Nc1ccc(Cl)cc1,,,,,1.826
COc1ccc2cc1Oc1cc3c(cc1OC)CC[N+](C)(C)[C@H]3Cc1ccc(cc1)Oc1c(OC)c(OC)cc3c1[C@@H](C2)[N+](C)(C)CC3.[I-].[I-],,,,5.1,
CCCCCCCCN(C)C,,,,,2.987
O=C1Nc2ccccc2C1(c1ccc(O)cc1)c1ccc(O)cc1,,,,,3.5469999999999997
COC(=O)c1ccccc1-c1c2ccc(=N)cc-2oc2cc(N)ccc12,-5.9411516,,,,
CCCCc1oc2ccccc2c1C(=O)c1cc(I)c(OCC[NH+](CC)CC)c(I)c1,,,60.0,,
O=[N+]([O-])c1ccc(Cl)c([N+](=O)[O-])c1,,,,,2.2769999999999997
CN1C(=O)CC(N2CCN(CC/C=C3/c4ccccc4CCc4ccc(CC(=O)O)cc43)CC2)N(C)C1=O,-4.829999900000002,,,,
CNC(=O)c1cccc2c(Nc3ccc(NS(C)(=O)=O)cc3OC)c3cccc(C)c3nc12,,,,2.4,
CCN(CC)CCNC(=O)c1cc(Cl)cc(Cl)c1OCc1ccccc1,,,,,2.7910000000000004
CC(C)=NNC(=O)CSc1cc(Oc2ccccc2)ncn1,,,,,2.469
COc1cc(-c2ccc(N)c(OC)c2)ccc1N,,,,,2.105
OCCN1CCN(CCCN2c3ccccc3Sc3ccc(C(F)(F)F)cc32)CC1,,98.81,,,
C=CC(C)(CCC=C(C)C)OC(C)=O,,,,,1.149
CC(C)NCC(COc1ccc(CCOCC2CC2)cc1)OC(=O)C1CC1,-4.1300812,,,,
OCCO,,,,,1.121
OCC=CCl,,,,,2.958
CN(C)c1ccc(S(=O)(=O)NC(=O)N2CCC(N3CCC(Oc4ccc(Cl)c(Cl)c4)CC3)CC2)cc1,,99.83,,,
Cc1ccc(S(=O)(=O)N(C)c2ccc3sc(C)nc3c2)cc1,,99.26,,,
COc1ccc(CNC(=O)Nc2ncc([N+](=O)[O-])s2)cc1,,99.68,,,
Oc1ccc(Br)cc1Br,,,,,3.702
Nc1nc(NC2CC2)c2ncn(C3C=CC(CO)C3)c2n1,,,0.84,,
CCC1(C)NC(=O)C(Cc2cccs2)NC(=O)C(Cc2ccccc2)NC(=O)CCCSCC(C(=O)N2CC(O)CC2C(=O)NC(CCCNC(N)=[NH2+])C(=O)NCC(N)=O)NC(=O)C(CC(N)=O)NC1=O,,,0.31,,
CN1CCN2c3ncccc3Cc3ccccc3C2C1,,,,15.0,
O=C(O)CN(CP(=O)(O)O)CP(=O)(O)O,,,,,1.826
NC(=O)OCC(O)C(O)C(N)C(=O)NC(C(=O)O)C1OC(n2cc(CO)c(=O)[nH]c2=O)C(O)C1O,,,,,1.539
CCOc1cc2ncc(C(N)=O)c(Nc3cccc(Cl)c3F)c2cc1N1CCN(C)CC1,,92.95,,,
CC(=O)NCC(=O)NCCc1ccccc1,-4.6597776,,,,
O=C1Nc2ccc(Cl)cc2C(c2ccccc2)=NC1O,,96.17,0.59,6.7,
CN(C)c1c(Cl)c(Cl)c(Cl)c2[nH]c(C(F)(F)F)nc12,,,,,4.178999999999999
O=Cc1ccc(CO)o1,,,,,1.703
O=C(C=Cc1ccccc1)OCC=Cc1ccccc1,,,,,1.723
CC(=O)CCCOC(C)=O,,,,,1.375
CCCCNC(=O)OCC(O)C1COc2ccccc2O1,,,,,2.294
Cc1c(Nc2ncnc3ccccc23)c(=O)n(-c2ccccc2)n1C,,,,,2.9530000000000003
O=P(OC(CCl)CCl)(OC(CCl)CCl)OC(CCl)CCl,,,,,2.367
Cc1ccc(N2CCN(C(=O)[C@H](C)Cc3ccc(Cl)cc3)CC2)c([C@@H](NC(=O)CCN)C(C)C)c1,-5.5214390999999985,,,,
O=C(O)C[C@H](O)C[C@H](O)/C=C/c1c(C2CC2)nc2ccccc2c1-c1ccc(F)cc1,,98.0,,,
COc1cc(C(=O)C(=O)N2CCCCC2C(=O)OC(CCCc2cccnc2)CCCc2cccnc2)cc(OC)c1OC,,,1.34,,
O=C(Cl)C(c1ccccc1)c1ccccc1,,,,,1.5619999999999998
CC(c1ncncc1F)C(O)(Cn1cncn1)c1ccc(F)cc1F,,,2.2,,
CCCCCOC(=O)C=CC(=O)OCCCCC,,,,,1.717
CC(C)C(C(=O)OC(C#N)c1cccc(Oc2ccccc2)c1)c1ccc(OC(F)F)cc1,,,,,3.829
CCOC(=O)N(c1cccc(C(=O)c2ccccc2)c1)S(=O)(=O)C(F)(F)F,,,,,1.931
COc1ccc(-c2nc3cc(C4=NNC(=O)CC4C)ccc3[nH]2)cc1,,89.05,,1.8,2.5469999999999997
N#CCCCCCN,,,,,2.136
Cc1onc(-c2c(Cl)cccc2Cl)c1CC(=O)NCc1ccc(OCC(F)(F)F)nc1,,99.1,,,
Cc1cc(=O)nc(SCc2ccccc2N(C)C)[nH]1,,,,,2.06
Nc1ncnc2nccnc12,,,,,2.296
Cc1nc(C(F)(F)F)ccc1C(=O)Nc1ccc(Cl)c(-c2ccccn2)c1,,99.01,,,
CCCCC1OC(=O)c2ccccc21,,,,,1.89
Cc1nn(-c2ccccc2)c(N)c1-c1ccccc1,,98.7,,,
CN1CCN(c2cc3c(Nc4ccc(F)cc4F)c(C(N)=O)cnc3cc2F)CC1,,75.55,,,
CCOC(=O)c1c(Cl)cccc1-c1cnc([C@@H](C)NC(=O)C2(NC(=O)C(F)(F)F)CC2)c(F)c1,-4.5528421,,,,
CC(C)(C)C(NC(=O)C(CC1CCCC1)CN(O)C=O)C(=O)N1CCN(Cc2ccc3c(c2)OCO3)CC1,,,1.1,,
Cc1cc(Cl)ccc1NC(=S)N(C)C,,,,,1.961
CN1CC(O)N(c2nnc(C(C)(C)C)s2)C1=O,,,,,2.221
CCCCC(CC)COC(CBr)c1cccc(C2CCCCC2)c1,,,,,3.199
CCP(=S)(OC)SCn1c(=O)oc2cc(Cl)cnc21,,,,,2.287
COP(=S)(OC)Oc1ccc([N+](=O)[O-])c(SC(C)C)c1,,,,,2.471
CCOC(=O)c1c(Cl)cc(Cl)cc1-c1cnc([C@@H](C)NC(=O)C2(NC(=O)C(F)(F)F)CC2)c(F)c1,-4.6020598,,,,
CNC(=O)N(O)c1ccccc1,,,,,1.689
CC(C)CNC(=O)OCC(O)C1COc2ccccc2O1,,,,,2.294
ClCC(Cl)C(Cl)CCl,,,,,2.94
COC(=O)CC(C)=O,,,,,1.556
CNc1nc(C)c(-c2nc(Nc3cccc(N4CCCN(C(C)=O)CC4)c3)ncc2C#N)s1,,98.21,,,
CCOc1cc(CN2CCC(NC(=O)c3cncc(C)c3)CC2)cc(OCC)c1-c1ccc(F)cc1,,98.51,,,
CN1C(=O)OC(C)(C)C1=O,,,,,1.825
OCCN1CCN(CCCN2c3ccccc3C=Cc3ccccc32)CC1,,,,,2.515
Oc1cc(O)cc(O)c1,,,,,1.385
C[Si]1(C)N[Si](C)(C)N[Si](C)(C)N[Si](C)(C)N1,,,,,3.466
C=CC(=O)NC,,,,,2.252
COc1ccc(-c2cc(=O)c3c(OC)cc(OC)cc3o2)cc1,-4.5595455000000005,,,,
C=C[Si](C)(C)N[Si](C)(C)C=C,,,,,2.599
c1ccc2cc(Nc3ccc(Nc4ccc5ccccc5c4)cc3)ccc2c1,,,,,1.904
O=C(O)c1nn(Cc2ccc(Cl)cc2)c2ccccc12,,,,,2.401
CNC(=O)ON=C(C)C(C)SC,,,,,3.095
COc1ccc2c(C)cc(=O)n(CCN3CCC(NCc4cc5c(cn4)OCCO5)CC3)c2c1,,88.59,,,
CCOP(=S)(SCC)SCC,,,,,1.818
N#CC(Cl)=C(Cl)Cl,,,,,3.398
Clc1cc2c(cc1Cl)Oc1cc(Cl)c(Cl)cc1O2,,,,,10.207
CC(C)c1c(C(=O)Nc2ccccc2)c(-c2ccccc2)c(-c2ccc(F)cc2)n1CC[C@@H](O)C[C@@H](O)CC(=O)O,-5.3099999,,,,
CC1(C)C(C=C(Cl)Cl)C1C(=O)OCc1cccc(Oc2ccccc2)c1,,,,,2.98
CCCCOC(=O)c1ccc(-n2nc(OCc3ccccc3)c3ccccc32)cc1,,,,,2.302
CCNC(=O)c1cc2c(-n3nc(C(F)(F)F)cc3C)c(-c3cncc(C(=O)O)c3)cnc2[nH]1,,54.59,,,
CCCCOC(C1=NCCCN1)c1ccccc1,,,,,2.9
CCCCN(CCCC)S(=O)(=O)c1ccc(Cl)cc1,,,,,2.784
CC1CCC2C(C)C(=O)OC3OC4(C)CCC1C32OO4,,,,,1.704
ClC(Cl)C(Cl)C(Cl)C(Cl)Cl,,,,,2.821
CC(C)CC(C)CC(O)CC(C)C,,,,,1.04
CCC1(CC)COC(=O)NC1=O,,,,,3.3819999999999997
O=C(O)COc1ccc(Cl)cc1Cl,,,,,2.77
CNC(=O)c1ccc(Cl)c(S(=O)(=O)NC)c1,,,,,2.273
C[C@H](N[C@H](CCc1ccccc1)C(=O)O)C(=O)N1CCC[C@@H]1C(=O)O,-5.880000099999998,,,,
CC(=O)OCC12CC(OC(=O)CC(C)C)C(C)=CC1OC1C(O)C(OC(C)=O)C2(C)C12CO2,,,,,5.2379999999999995
COc1ccc(C=CC(=O)Nc2ccccc2C(=O)O)cc1OC,,,,,2.474
CCOC(=O)c1cnn(C)c1-n1c(CC)nc2ccccc2c1=O,,,,,2.252
NC(=S)Nc1ccccc1,,,,,4.705
Cc1ccccc1NC(=N)NC(=N)N,,,,,2.378
CC=C(CC)C(=O)NC(N)=O,,,,,1.796
N#C[C@@]1(NC(=O)[C@@H](N)Cc2cccs2)C[C@@H]1c1ccccc1,,54.02,,,
COc1cc(NS(C)(=O)=O)ccc1Nc1c2ccccc2[nH+]c2ccccc12,,,1.6,,
CC1NC(C)N(CCN2C(=S)SC(C)NC2C)C(=S)S1,,,,,1.846
Cc1ccccc1C[C@@H](C(=O)O)N1CCC(CN2CCC(Oc3ccc(Cl)c(Cl)c3)CC2)CC1,,91.64,,,
C[C@@H]1NC(=O)[C@@H](C)N(C)C(=O)[C@@H](C)N(C)C(=O)[C@H](C)NC(=O)[C@H](C)N(C)C(=O)[C@@H](C)N(C)C1=O,-5.3000002,,,,
COCCOCCOC,,,,,1.395
O=c1c2ccccc2nc2n1OCC2,,,,,2.678
CNC(=O)Oc1cccc(C(C)C)c1Cl,,,,,3.813
C[C@]12CC(O)[C@H]3[C@@H](CCC4=CC(=O)C=C[C@@]43C)[C@@H]1CC[C@]2(O)C(=O)CO,-5.369999900000002,,,,
CC(C)CC(O)CC(C)C,,,,,1.659
CC1(C)CC(=O)CC(C)(C#N)C1,,,,,3.429
CCC(C)(N)C#N,,,,,3.123
CC(C)Oc1ccc2c(=O)c(-c3ccccc3)coc2c1,,99.47,,,
CCOc1ccccc1N1CCN(CCC=Cc2ccc3[nH]c(=O)ccc3c2)CC1,,,,,2.907
CCCCCc1cc(O)c2c(c1)OC(C)(C)[C@@H]1CCC(C)=C[C@@H]21,,,,33.0,
O=c1ccc(=O)[nH][nH]1,,,,,1.47
CCOP(=S)(OCC)OC(Cl)C(Cl)(Cl)Cl,,,,,5.225
CC(C)NC[C@@H](O)COc1ccc(CCOCC2CC2)cc1,-4.8099999,,,,
CCCCCCOCCOCCOCC,,,,,1.6469999999999998
CN(CCNCCc1ccc(O)c2nc(O)sc12)C(=O)CCOCCc1ccccc1,,89.27,,,
C=CS(=O)(=O)CCCCCC,,,,,2.49
CC=Cc1ccc(OP(=S)(OC)OC)c(OC)c1,,,,,3.062
COC(=O)[C@H](N)CCCCNC(=S)Nc1ccc2c(c1)C(=O)OC21c2ccc(O)cc2Oc2cc(O)ccc21,-5.8313413,,,,
CNC1=Nc2ccc(Cl)cc2C(c2ccccc2)=[N+]([O-])C1,,97.71,0.25,8.3,2.756
CCCN(CCC)c1c([N+](=O)[O-])cc(C(C)C)cc1[N+](=O)[O-],,,,,1.791
CC(C)c1ccc(-c2ccccc2)cc1,,,,,1.633
C[C@H]1C[C@H]2[C@@H]3CC[C@](O)(C(=O)CO)[C@@]3(C)C[C@H](O)[C@@H]2[C@@]2(C)C=CC(=O)C=C12,-5.1161518,79.92,,2.3,
CC(=O)Oc1ccccc1C(=O)[O-],,,0.22,,
COc1ccc2ncc(=O)n(CCN3CC[C@@H](NCc4ccc5c(n4)NC(=O)CO5)[C@H](OC)C3)c2c1,,82.05,,,
O=c1oc2ccccc2c(O)c1C1CC(c2ccc(-c3ccc(Br)cc3)cc2)Cc2ccccc21,,,,,6.515
O=c1[nH]oc2ccccc12,,,,,1.707
CCOP(=O)(OC=C(Cl)Cl)OCCCl,,,,,4.754
COc1cc2nc(N3CCN(C(=O)C4COc5ccccc5O4)CC3)nc(N)c2cc1OC,,,1.3,10.0,
CS(=O)(=O)OCCN(CCBr)c1c(C(=O)NCCOP(=O)([O-])[O-])cc([N+](=O)[O-])cc1[N+](=O)[O-],,,0.86,,
O=C1c2ccccc2C(=O)C1C(=O)C(c1ccccc1)c1ccccc1,,,,,5.356
C=CCOc1ccccc1C(N)=O,,,,,2.356
Nc1ccc(C(=O)Nc2ccccc2N)cc1,,,,,3.3789999999999996
CNC(=N)NC(=O)Nc1c(C)cccc1C,,,,,3.0780000000000003
CCC=C1OC(=O)c2ccccc21,,,,,2.024
CCC(O)(COC(N)=O)c1ccccc1,,,,,2.537
CC1(C)C(C=C(Cl)Cl)C1C(=O)OC(C#N)c1ccc(F)c(Oc2ccccc2)c1,,,,,2.86
Cc1cc(Cl)ccc1NC=O,,,,,2.478
CCC(C)(C)C(=O)OC1CC(C)C=C2C=CC(C)C(CCC3CC(O)CC(=O)O3)C21,,,,,1.975
OCC(F)(F)C(F)(F)C(F)(F)C(F)(F)C(F)(F)C(F)(F)C(F)(F)C(F)F,,,,,1.992
Cc1cccc(NC(N)=O)c1,,,,,2.053
CC(C)c1ccc(C(C)(C)O)cc1,,,,,1.198
CC(C)[C@H]1CC[C@H](C(=O)N[C@H](Cc2ccccc2)C(=O)O)CC1,,,,1.5,
CC(C)(C)CON=CC1C(C(=O)OC(C#N)c2cccc(Oc3ccccc3)c2)C1(C)C,,,,,3.483
COP(=O)(OC)OC(C)=CC(=O)OCc1ccccc1,,,,,3.729
CN1CCN(c2ccc3ncc(C(N)=O)c(Nc4cccc(Cl)c4Cl)c3c2)CC1,,95.43,,,
ONc1ccccc1,,,,,3.0380000000000003
CNC(=O)Oc1ccc(NC(=O)OC)c(C(C)C)c1,,,,,3.994
COC(=O)CCC1[NH+]=C(c2ccccn2)c2cc(Br)ccc2-n2c(C)cnc21,,,0.44,,
CCn1nc(C)c(C(=O)N[C@@H](C)C(C)(C)C)c1NS(=O)(=O)c1ccc(C)cc1,,98.37,,,
O=C(NC1(C(=O)N[C@H](Cc2ccccc2)C(=O)NCCC2CCN(CC3CCOCC3)CC2)CCCC1)c1cc2ccccc2s1,-5.4094677,,,,
O=C1OCCN1/N=C/c1ccc(N(O)O)o1,-4.9899998,,,,
C[C@@](C(=O)O[C@H]1C[N+]2(CCOCCc3ccccc3)CCC1CC2)(c1ccccc1)N1CCCCC1,,97.49,,,
CCC1(c2ccccc2)CCC(=O)N1,,,,,2.499
CCOC(=O)CC[Si](C)(OCC)OCC,,,,,1.052
CC(=O)CNC(C)(C)Cc1ccc(Cl)cc1,,,,,2.982
CC1=CC(C)(C)CC(=O)C1,,,,,1.671
C=Cc1cccc(C)c1,,,,,1.719
Cn1c(CCCC(=O)[O-])[nH+]c2cc(N(CCCl)CCCl)ccc21,,,0.22,,
NC(=O)c1cc(C(N)=O)n(-c2cccc(-c3cc(C(F)(F)F)ccc3C(F)(F)F)c2)n1,,96.72,,,
O=C(NCCN1CCN=C1c1ccncc1)Nc1ccc(C(=O)O)cc1,,,0.35,,
COc1c(OP(=S)(OC)OC(C)C)cnn(C)c1=O,,,,,4.921
COC(=O)c1ccc2c(c1)NC(=O)/C2=C(\Nc1ccc(N(C)C(=O)CN2CC[NH+](C)CC2)cc1)c1ccccc1,,,15.0,,
COc1cc(-n2cnc3cc(-c4ccc(Cl)cc4)sc3c2=O)ccc1OC[C@H](OP(=O)(O)O)C1CC1,,99.39,,,
Cc1onc(-c2c(Cl)cccc2Cl)c1C(=O)N[C@@H]1C(=O)N2[C@@H](C(=O)O)C(C)(C)S[C@H]12,,,,0.88,
COP(=S)(OC)SCCSc1ccc(Cl)cc1,,,,,3.517
OCC(Br)CBr,,,,,2.505
Cc1ccc(N=CN(C)SN(C)C=Nc2ccc(C)cc2C)c(C)c1,,,,,3.073
C=CCc1ccccc1OCC(O)CNC(C)C,,,,2.5,
COC[C@H](O)Cn1c(=O)cnn(-c2ccc(Cl)c(C(=O)NCC3(O)CCCCCC3)c2)c1=O,,58.55,,,
Cc1cc[nH]n1,,,,,1.914
CN(C)CCC=C1c2ccccc2C(C)(C)c2ccccc21,,,,,3.234
CCCCCCC(CO)CCCC,,,,,1.156
CC(Cl)(Cl)C(=O)O,,,,,2.168
CCOP(=S)(OCC)SCC(=O)N(C)C(N)=O,,,,,4.273
CO[Si](CCC1CCC2OC2C1)(OC)OC,,,,,1.3019999999999998
CC(=O)OC1(C)CCC23CC1C(C)(C)C2CCC3C,,,,,0.7709999999999999
C[C@H](Nc1ncc(F)c(Nc2cc(C3CC3)[nH]n2)n1)c1ncc(F)cn1,,77.62,,,
CCCCOCCOCCOC(=O)CCCCC(=O)OCCOCCOCCCC,,,,,1.86
CC1(C)SC2C(NC(=O)Cc3ccccc3)C(=O)N2C1C(=O)[O-],,,0.24,,
C#CCC(Cc1cnc2nc(N)nc(N)c2n1)c1ccc(C(=O)NC(CCC(=O)[O-])C(=O)[O-])cc1,,,1.5,,
NCCN,,,,,2.08
CCCc1cc[nH]n1,,,,,2.252
COC(=O)[C@H]1[C@@H](OC(=O)c2ccccc2)C[C@@H]2CC[C@H]1N2C,,,,0.76,
Oc1cc(Cl)ccc1Cl,,,,,2.449
CC1(C)CC1CC1C(=O)N(c2ccccc2)N(c2ccccc2)C1=O,,,,,2.6210000000000004
CCS(=O)(=O)c1ccc(-c2cc(Cl)ccc2OCC(=O)O)c(F)c1,,95.12,,,
CCCOC(C)=O,,,,,1.037
BrC(Br)C(Br)Br,,,,,2.459
O=C1NC(=O)C(c2cnc3ccccn23)=C1c1cn2c3c(cc(F)cc13)CN(C(=O)N1CCCCC1)CC2,,,1.2,,
CCOP(=S)(OCC)SC=C(C)SC,,,,,5.037
CCC(OC(N)=O)c1ccccc1Cl,,,,,2.478
CNC(=O)Oc1ccccc1C1SCCS1,,,,,3.4530000000000003
OCCN(CCO)C1CCCCC1,,,,,1.858
NN1C(=O)CC(c2cccc(Br)c2)C1=O,,,,,2.226
CCCCCCCCBr,,,,,1.585
Nc1nc(Cl)nc2c1ncn2[C@H]1C[C@H](O)[C@@H](CO)O1,,,,16.0,
CN(SSC(C)(C)C)C(=O)ON=C1SCCS1,,,,,4.747
CCOP(=O)(OCC)OCC,,,,,2.056
CC(C)COC(=O)CCCOc1ccc(Cl)cc1Cl,,,,,3.0069999999999997
O=C(O)c1c(Cl)ccc(Cl)c1Cl,,,,,2.54
COP(N)(=S)SC,,,,,2.798
NC(=O)c1cnc(N[C@H]2CCCNC2)c2cc(-c3ccc(Cl)cc3)sc12,,99.19,,,
CCS(=O)(=O)c1ccc(-c2cc(C(F)(F)F)ccc2OCC(=O)O)c(Cl)c1,,97.66,,,
ClC=CCCl,,,,,2.373
C=CCN1CCC23CCCCC2C1Cc1ccc(O)cc13,,,,,2.475
CN(C)CC1CCCCC1(O)c1cccc(O)c1,-4.7799463,,,,
C#CC1(O)CCC2C3CCC4=CC(=O)CCC4C3CCC21CC,,,1.5,,1.795
O=C(Nc1ccncc1)c1cccc2ccccc12,,93.1,,,
CCCCCOc1ccc(Br)cc1COCCN(CC)CC,,,,,3.0660000000000003
CC1(C)C(C(=O)OC(C#N)c2cccc(Oc3ccccc3)c2)C1C(Br)C(Br)(Br)Br,,,,,3.827
COC(=O)C1=C(C)NC(C)=C(C(=O)OCCN(C)Cc2ccccc2)C1c1cccc(N(O)O)c1,-4.9305754,,,,
CC(C)C[C@H]1C(=O)N2CCC[C@H]2[C@]2(O)O[C@@](C)(NC(=O)[C@@H]3C[C@@H]4c5cccc6[nH]cc(c56)C[C@H]4N(C)C3)C(=O)N12,,,4.02,,
N#Cc1c(O)nc(N)nc1-c1ccccc1,,96.34,,,
CCn1c(C)cc(=NC(=O)c2ccccc2O)n1-c1ccccc1,,,,,2.415
CC(Oc1ccccc1C1CCCCC1)C(=N)NO,,,,,3.703
C/C=C\C#C/C=C/C(O)CCCCCC(C)=O,-4.3099017,,,,
Nc1n[nH]cc1-c1cc(C(F)(F)F)ccc1Oc1cc(F)c(S(=O)(=O)Nc2cscn2)cc1Cl,,99.66,,,
OCC1CO1,,,,,2.246
O=[N+]([O-])C=C1SCCN1Cc1ccccc1,,,,,2.373
CCOc1nc(C(Cl)(Cl)Cl)ns1,,,,,2.361
CN(C)N=Nc1ccccc1C(N)=O,,,,,3.536
CC(=O)N(C)c1ccc2ccn(-c3cc(NC4CC4)n4ncc(C#N)c4n3)c2c1,,97.49,,,
CCc1occc(=O)c1O,,,,,2.086
CNS(=O)(=O)c1ccc(Cl)cc1,-4.186419,,,,
Cc1ccc(OC(=O)C(C)C)cc1,,,,,1.649
CCOP(=S)(CC)SCSc1ccc(Cl)cc1,,,,,4.284
CCSC(C)CC1CC(=O)C(C(CC)=NOCC=CCl)=C(O)C1,,,,,2.423
CCCCC(C)(C)O,,,,,2.151
CCC(C)N(C)C(=O)c1cc2ccccc2c(-c2ccccc2Cl)n1,,,1.7,,
O=C(O)C1CSC(c2ccccc2O)N1C(=O)CCS,,,,,1.578
NC(=S)C1CC=CCC1,,,,,3.451
CC(=O)C(C)(C)C,,,,,2.215
ClCCC(Cl)(Cl)Cl,,,,,2.57
CCNc1cc(C(=O)N[C@@H](Cc2ccccc2)[C@H](O)CNCc2cccc(C(F)(F)F)c2)c(F)c(N2CCCCS2(=O)=O)c1,,98.81,,,
CCS(=O)Cc1ccccc1OC(=O)NC,,,,,3.2060000000000004
CCOC(C(=O)O)(c1ccccc1)c1ccccc1,,,,,2.4090000000000003
Clc1cc(Cl)c(Cl)c(Cl)c1Cl,,,,,2.365
C=CC(=O)O,,,,,3.333
Nc1ccc(Cc2ccc(N)c(Cl)c2)cc1Cl,,,,,2.105
CCN(CC)C(=O)CCl,,,,,2.476
NCC(=O)N1CCC[C@H]1C(=O)O,-5.2123351,,,,
C=C(C)C(=O)OC,,,,,1.104
CCCC(C)CCOC(=O)c1ccccc1C(=O)OCCC(C)CCC,,,,,1.009
CCCOCC(C)OCC(C)O,,,,,2.073
CC(C)O,,,,,1.0759999999999998
O=C(O)c1ccc2ccccc2c1,,,,,1.5830000000000002
Cc1c(Sc2ccc(Cl)cc2)c2c(S(C)(=O)=O)cccc2n1CC(=O)O,,96.5,,,
CN1CCC23c4c5ccc(O)c4OC2C(N=[N+]=[N-])CCC3(O)C1C5,,,,,3.238
CC1(C)S[C@@H]2[C@H](NC(=O)Cc3ccccc3)C(=O)N2[C@H]1C(=O)O,-6.0250001,,,0.7,
O=S(=O)(O)c1cc(Nc2nc(Cl)nc(Cl)n2)c2c(O)c(N=Nc3ccccc3)c(S(=O)(=O)O)cc2c1,,,,,1.884
CC1(C)COCCO1,,,,,1.588
CC(=O)OC1CC2CCC1(C)C2(C)C,,,,,1.336
CCN(CC)CCOCc1cc(Br)ccc1OC,,,,,3.158
Cc1cnccn1,,,,,1.7180000000000002
CCOCCOc1ccc(Cl)cc1Cl,,,,,2.222
Cc1ccc(O)c([C@H](CCN(C(C)C)C(C)C)c2ccccc2)c1,,,,2.4,
CNC(=O)Oc1ccc(CCC#N)cc1,,,,,2.518
O=c1n(CC2CO2)c(=O)n(CC2CO2)n1CC1CO1,,,,,3.032
NCCCCCCC(=O)O,,,,,1.208
